time,phase,actor,x,y,z,speed,onOffMeshLink,clip,leftFootY,rightFootY,upAngle
19.106,corridor,Deniz,0.0000,4.0200,-8.5500,0.0000,0,ChildNeutralIdle,4.2809,4.3038,0.000
19.106,corridor,Can,-0.7000,4.0200,-9.0500,0.0000,0,ChildNeutralIdle,4.1633,4.1510,0.000
19.127,corridor,Deniz,0.0000,3.9726,-8.5500,0.0000,0,ChildNeutralIdle,4.2334,4.2564,0.000
19.127,corridor,Can,-0.7000,4.0079,-9.0500,0.0000,0,ChildNeutralIdle,4.1512,4.1389,0.000
19.134,corridor,Deniz,0.0000,3.9726,-8.5500,0.0000,0,ChildNeutralIdle,4.2335,4.2565,0.000
19.134,corridor,Can,-0.7000,4.0079,-9.0500,0.0000,0,ChildNeutralIdle,4.1511,4.1390,0.000
19.149,corridor,Deniz,0.0000,3.9726,-8.5500,0.0000,0,ChildNeutralIdle,4.2335,4.2567,0.000
19.149,corridor,Can,-0.7000,4.0079,-9.0500,0.0000,0,ChildNeutralIdle,4.1509,4.1391,0.000
19.158,corridor,Deniz,0.0000,3.9726,-8.5500,0.0000,0,ChildNeutralIdle,4.2335,4.2569,0.000
19.158,corridor,Can,-0.7000,4.0079,-9.0500,0.0000,0,ChildNeutralIdle,4.1508,4.1392,0.000
19.164,corridor,Deniz,0.0000,3.9726,-8.5500,0.0000,0,ChildNeutralIdle,4.2336,4.2570,0.000
19.164,corridor,Can,-0.7000,4.0079,-9.0500,0.0000,0,ChildNeutralIdle,4.1507,4.1394,0.000
19.171,corridor,Deniz,0.0000,3.9726,-8.5500,0.0000,0,ChildNeutralIdle,4.2337,4.2572,0.000
19.171,corridor,Can,-0.7000,4.0079,-9.0500,0.0000,0,ChildNeutralIdle,4.1507,4.1395,0.000
19.201,corridor,Deniz,0.0000,3.9726,-8.5500,0.0000,0,ChildNeutralIdle,4.2337,4.2573,0.000
19.201,corridor,Can,-0.7000,4.0079,-9.0500,0.0000,0,ChildNeutralIdle,4.1506,4.1396,0.000
19.235,corridor,Deniz,0.0000,3.9726,-8.5500,0.0000,0,ChildNeutralIdle,4.2338,4.2575,0.000
19.235,corridor,Can,-0.7000,4.0079,-9.0500,0.0000,0,ChildNeutralIdle,4.1506,4.1398,0.000
19.269,corridor,Deniz,0.0000,3.9726,-8.5500,0.0000,0,ChildNeutralIdle,4.2339,4.2576,0.000
19.269,corridor,Can,-0.7000,4.0079,-9.0500,0.0000,0,ChildNeutralIdle,4.1506,4.1399,0.000
19.303,corridor,Deniz,0.0000,3.9726,-8.5500,0.0000,0,ChildNeutralIdle,4.2340,4.2577,0.000
19.303,corridor,Can,-0.7000,4.0079,-9.0500,0.0000,0,ChildNeutralIdle,4.1506,4.1401,0.000
19.336,corridor,Deniz,0.0000,3.9726,-8.5500,0.0000,0,ChildNeutralIdle,4.2341,4.2579,0.000
19.336,corridor,Can,-0.7000,4.0079,-9.0500,0.0000,0,ChildNeutralIdle,4.1506,4.1402,0.000
19.367,corridor,Deniz,0.0000,3.9726,-8.5500,0.0000,0,ChildNeutralIdle,4.2342,4.2580,0.000
19.367,corridor,Can,-0.7000,4.0079,-9.0500,0.0000,0,ChildNeutralIdle,4.1506,4.1404,0.000
19.402,corridor,Deniz,0.0000,3.9726,-8.5500,0.0000,0,ChildNeutralIdle,4.2343,4.2581,0.000
19.402,corridor,Can,-0.7000,4.0079,-9.0500,0.0000,0,ChildNeutralIdle,4.1507,4.1405,0.000
19.435,corridor,Deniz,0.0000,3.9726,-8.5500,0.0000,0,ChildNeutralIdle,4.2345,4.2583,0.000
19.435,corridor,Can,-0.7000,4.0079,-9.0500,0.0000,0,ChildNeutralIdle,4.1508,4.1407,0.000
19.470,corridor,Deniz,0.0000,3.9726,-8.5500,0.0000,0,ChildNeutralIdle,4.2346,4.2584,0.000
19.470,corridor,Can,-0.7000,4.0079,-9.0500,0.0000,0,ChildNeutralIdle,4.1509,4.1409,0.000
19.502,corridor,Deniz,0.0000,3.9726,-8.5500,0.0000,0,ChildNeutralIdle,4.2347,4.2585,0.000
19.502,corridor,Can,-0.7000,4.0079,-9.0500,0.0000,0,ChildNeutralIdle,4.1510,4.1410,0.000
19.536,corridor,Deniz,0.0000,3.9726,-8.5500,0.0000,0,ChildNeutralIdle,4.2349,4.2586,0.000
19.536,corridor,Can,-0.7000,4.0079,-9.0500,0.0000,0,ChildNeutralIdle,4.1511,4.1412,0.000
19.570,corridor,Deniz,0.0000,3.9726,-8.5500,0.0000,0,ChildNeutralIdle,4.2350,4.2587,0.000
19.570,corridor,Can,-0.7000,4.0079,-9.0500,0.0000,0,ChildNeutralIdle,4.1513,4.1414,0.000
19.606,corridor,Deniz,0.0000,3.9726,-8.5500,0.0000,0,ChildNeutralIdle,4.2352,4.2588,0.000
19.606,corridor,Can,-0.7000,4.0079,-9.0500,0.0000,0,ChildNeutralIdle,4.1515,4.1415,0.000
19.636,corridor,Deniz,0.0000,3.9726,-8.5500,0.0000,0,ChildNeutralIdle,4.2354,4.2589,0.000
19.636,corridor,Can,-0.7000,4.0079,-9.0500,0.0000,0,ChildNeutralIdle,4.1517,4.1417,0.000
19.670,corridor,Deniz,0.0000,3.9726,-8.5500,0.0000,0,ChildNeutralIdle,4.2355,4.2590,0.000
19.670,corridor,Can,-0.7000,4.0079,-9.0500,0.0000,0,ChildNeutralIdle,4.1519,4.1419,0.000
19.702,corridor,Deniz,0.0000,3.9726,-8.5500,0.0000,0,ChildNeutralIdle,4.2357,4.2591,0.000
19.702,corridor,Can,-0.7000,4.0079,-9.0500,0.0000,0,ChildNeutralIdle,4.1521,4.1420,0.000
19.736,corridor,Deniz,0.0000,3.9726,-8.5500,0.0000,0,ChildNeutralIdle,4.2358,4.2592,0.000
19.736,corridor,Can,-0.7000,4.0079,-9.0500,0.0000,0,ChildNeutralIdle,4.1524,4.1422,0.000
19.768,corridor,Deniz,0.0000,3.9726,-8.5500,0.0000,0,ChildNeutralIdle,4.2360,4.2592,0.000
19.768,corridor,Can,-0.7000,4.0079,-9.0500,0.0000,0,ChildNeutralIdle,4.1527,4.1423,0.000
19.802,corridor,Deniz,0.0000,3.9726,-8.5500,0.0000,0,ChildNeutralIdle,4.2362,4.2593,0.000
19.802,corridor,Can,-0.7000,4.0079,-9.0500,0.0000,0,ChildNeutralIdle,4.1529,4.1425,0.000
19.836,corridor,Deniz,0.0000,3.9726,-8.5500,0.0000,0,ChildNeutralIdle,4.2363,4.2593,0.000
19.836,corridor,Can,-0.7000,4.0079,-9.0500,0.0000,0,ChildNeutralIdle,4.1532,4.1426,0.000
19.869,corridor,Deniz,0.0000,3.9726,-8.5500,0.0000,0,ChildNeutralIdle,4.2365,4.2594,0.000
19.869,corridor,Can,-0.7000,4.0079,-9.0500,0.0000,0,ChildNeutralIdle,4.1535,4.1428,0.000
19.902,corridor,Deniz,0.0000,3.9726,-8.5500,0.0000,0,ChildNeutralIdle,4.2367,4.2594,0.000
19.902,corridor,Can,-0.7000,4.0079,-9.0500,0.0000,0,ChildNeutralIdle,4.1538,4.1429,0.000
19.937,corridor,Deniz,0.0000,3.9726,-8.5500,0.0000,0,ChildNeutralIdle,4.2368,4.2594,0.000
19.937,corridor,Can,-0.7000,4.0079,-9.0500,0.0000,0,ChildNeutralIdle,4.1541,4.1430,0.000
19.971,corridor,Deniz,0.0000,3.9726,-8.5500,0.0000,0,ChildNeutralIdle,4.2370,4.2594,0.000
19.971,corridor,Can,-0.7000,4.0079,-9.0500,0.0000,0,ChildNeutralIdle,4.1545,4.1431,0.000
20.004,corridor,Deniz,0.0000,3.9726,-8.5500,0.0000,0,ChildNeutralIdle,4.2372,4.2594,0.000
20.004,corridor,Can,-0.7000,4.0079,-9.0500,0.0000,0,ChildNeutralIdle,4.1548,4.1432,0.000
20.035,corridor,Deniz,0.0000,3.9726,-8.5500,0.0000,0,ChildNeutralIdle,4.2373,4.2594,0.000
20.035,corridor,Can,-0.7000,4.0079,-9.0500,0.0000,0,ChildNeutralIdle,4.1551,4.1433,0.000
20.072,corridor,Deniz,0.0000,3.9726,-8.5500,0.0000,0,ChildNeutralIdle,4.2375,4.2594,0.000
20.072,corridor,Can,-0.7000,4.0079,-9.0500,0.0000,0,ChildNeutralIdle,4.1554,4.1434,0.000
20.105,corridor,Deniz,0.0000,3.9726,-8.5500,0.0000,0,ChildNeutralIdle,4.2376,4.2594,0.000
20.105,corridor,Can,-0.7000,4.0079,-9.0500,0.0000,0,ChildNeutralIdle,4.1557,4.1435,0.000
20.138,corridor,Deniz,0.0000,3.9726,-8.5500,0.0000,0,ChildNeutralIdle,4.2378,4.2593,0.000
20.138,corridor,Can,-0.7000,4.0079,-9.0500,0.0000,0,ChildNeutralIdle,4.1561,4.1435,0.000
20.171,corridor,Deniz,0.0000,3.9726,-8.5500,0.0000,0,ChildNeutralIdle,4.2379,4.2593,0.000
20.171,corridor,Can,-0.7000,4.0079,-9.0500,0.0000,0,ChildNeutralIdle,4.1564,4.1436,0.000
20.203,corridor,Deniz,0.0000,3.9726,-8.5500,0.0000,0,ChildNeutralIdle,4.2380,4.2592,0.000
20.203,corridor,Can,-0.7000,4.0079,-9.0500,0.0000,0,ChildNeutralIdle,4.1567,4.1436,0.000
20.237,corridor,Deniz,0.0000,3.9726,-8.5500,0.0000,0,ChildNeutralIdle,4.2381,4.2591,0.000
20.237,corridor,Can,-0.7000,4.0079,-9.0500,0.0000,0,ChildNeutralIdle,4.1570,4.1437,0.000
20.271,corridor,Deniz,0.0000,3.9726,-8.5500,0.0000,0,ChildNeutralIdle,4.2383,4.2591,0.000
20.271,corridor,Can,-0.7000,4.0079,-9.0500,0.0000,0,ChildNeutralIdle,4.1573,4.1437,0.000
20.306,corridor,Deniz,0.0000,3.9726,-8.5500,0.0000,0,ChildNeutralIdle,4.2384,4.2590,0.000
20.306,corridor,Can,-0.7000,4.0079,-9.0500,0.0000,0,ChildNeutralIdle,4.1576,4.1437,0.000
20.338,corridor,Deniz,0.0000,3.9726,-8.5400,0.3000,0,ChildNeutralIdle,4.2385,4.2590,0.000
20.338,corridor,Can,-0.7000,4.0079,-9.0500,0.0000,0,ChildNeutralIdle,4.1578,4.1437,0.000
20.371,corridor,Deniz,0.0000,3.9727,-8.5200,0.6000,0,ChildNeutralIdle+ChildNaturalWalk,4.2370,4.2612,0.000
20.371,corridor,Can,-0.7000,4.0079,-9.0500,0.0000,0,ChildNeutralIdle,4.1581,4.1437,0.000
20.403,corridor,Deniz,0.0000,3.9729,-8.4900,0.9000,0,ChildNeutralIdle+ChildNaturalWalk,4.2341,4.2653,0.000
20.403,corridor,Can,-0.7000,4.0079,-9.0500,0.0000,0,ChildNeutralIdle,4.1583,4.1437,0.000
20.438,corridor,Deniz,0.0000,3.9730,-8.4500,1.2000,0,ChildNeutralIdle+ChildNaturalWalk,4.2304,4.2706,0.000
20.438,corridor,Can,-0.7000,4.0079,-9.0500,0.0000,0,ChildNeutralIdle,4.1585,4.1436,0.000
20.469,corridor,Deniz,0.0000,3.9733,-8.4000,1.5000,0,ChildNeutralIdle+ChildNaturalWalk,4.2268,4.2752,0.000
20.469,corridor,Can,-0.7000,4.0079,-9.0500,0.0000,0,ChildNeutralIdle,4.1587,4.1436,0.000
20.501,corridor,Deniz,0.0000,3.9735,-8.3417,1.7500,0,ChildNeutralIdle+ChildNaturalWalk,4.2244,4.2796,0.000
20.501,corridor,Can,-0.7000,4.0079,-9.0500,0.0000,0,ChildNeutralIdle,4.1589,4.1435,0.000
20.537,corridor,Deniz,0.0000,3.9738,-8.2833,1.7500,0,ChildNeutralIdle+ChildNaturalWalk,4.2285,4.2909,0.000
20.537,corridor,Can,-0.7000,4.0079,-9.0500,0.0000,0,ChildNeutralIdle,4.1590,4.1435,0.000
20.570,corridor,Deniz,0.0000,3.9740,-8.2250,1.7500,0,ChildNaturalWalk,4.2328,4.3107,0.000
20.570,corridor,Can,-0.7000,4.0079,-9.0500,0.0000,0,ChildNeutralIdle,4.1592,4.1434,0.000
20.603,corridor,Deniz,0.0000,3.9743,-8.1667,1.7500,0,ChildNaturalWalk,4.2358,4.3196,0.000
20.603,corridor,Can,-0.7000,4.0079,-9.0500,0.0000,0,ChildNeutralIdle,4.1593,4.1433,0.000
20.637,corridor,Deniz,0.0000,3.9745,-8.1083,1.7500,0,ChildNaturalWalk,4.2400,4.3132,0.000
20.637,corridor,Can,-0.7000,4.0079,-9.0500,0.0000,0,ChildNeutralIdle,4.1594,4.1432,0.000
20.670,corridor,Deniz,0.0000,3.9748,-8.0500,1.7500,0,ChildNaturalWalk,4.2452,4.3013,0.000
20.670,corridor,Can,-0.7000,4.0079,-9.0500,0.0000,0,ChildNeutralIdle,4.1594,4.1431,0.000
20.703,corridor,Deniz,0.0000,3.9751,-7.9917,1.7500,0,ChildNaturalWalk,4.2506,4.2869,0.000
20.703,corridor,Can,-0.7000,4.0079,-9.0500,0.0000,0,ChildNeutralIdle,4.1595,4.1429,0.000
20.736,corridor,Deniz,0.0000,3.9753,-7.9333,1.7500,0,ChildNaturalWalk,4.2564,4.2709,0.000
20.736,corridor,Can,-0.7000,4.0079,-9.0500,0.0000,0,ChildNeutralIdle,4.1595,4.1428,0.000
20.771,corridor,Deniz,0.0000,3.9756,-7.8750,1.7500,0,ChildNaturalWalk,4.2636,4.2590,0.000
20.771,corridor,Can,-0.7000,4.0079,-9.0500,0.0000,0,ChildNeutralIdle,4.1595,4.1427,0.000
20.803,corridor,Deniz,0.0000,3.9758,-7.8167,1.7500,0,ChildNaturalWalk,4.2705,4.2494,0.000
20.803,corridor,Can,-0.6953,4.0079,-9.0425,0.2667,0,ChildNeutralIdle,4.1595,4.1425,0.000
20.837,corridor,Deniz,0.0000,3.9761,-7.7583,1.7500,0,ChildNaturalWalk,4.2809,4.2398,0.000
20.837,corridor,Can,-0.6858,4.0080,-9.0274,0.5333,0,ChildNeutralIdle+ChildNaturalWalk,4.1585,4.1429,0.000
20.870,corridor,Deniz,0.0000,3.9763,-7.7000,1.7500,0,ChildNaturalWalk,4.2884,4.2358,0.000
20.870,corridor,Can,-0.6717,4.0080,-9.0048,0.8000,0,ChildNeutralIdle+ChildNaturalWalk,4.1568,4.1446,0.000
20.902,corridor,Deniz,0.0000,3.9766,-7.6417,1.7500,0,ChildNaturalWalk,4.3051,4.2352,0.000
20.902,corridor,Can,-0.6622,4.0081,-8.9897,0.5333,0,ChildNeutralIdle+ChildNaturalWalk,4.1549,4.1488,0.000
20.938,corridor,Deniz,0.0000,3.9769,-7.5833,1.7500,0,ChildNaturalWalk,4.3208,4.2368,0.000
20.938,corridor,Can,-0.6575,4.0081,-8.9822,0.2667,0,ChildNeutralIdle+ChildNaturalWalk,4.1542,4.1512,0.000
20.969,corridor,Deniz,0.0000,3.9771,-7.5250,1.7500,0,ChildNaturalWalk,4.3203,4.2408,0.000
20.969,corridor,Can,-0.6490,4.0082,-8.9666,0.5323,0,ChildNeutralIdle+ChildNaturalWalk,4.1544,4.1507,0.000
21.004,corridor,Deniz,0.0000,3.9774,-7.4667,1.7500,0,ChildNaturalWalk,4.3032,4.2458,0.000
21.004,corridor,Can,-0.6368,4.0082,-8.9430,0.7986,0,ChildNeutralIdle+ChildNaturalWalk,4.1539,4.1533,0.000
21.037,corridor,Deniz,0.0000,3.9776,-7.4083,1.7500,0,ChildNaturalWalk,4.2757,4.2507,0.000
21.037,corridor,Can,-0.6208,4.0083,-8.9113,1.0651,0,ChildNeutralIdle+ChildNaturalWalk,4.1534,4.1594,0.000
21.070,corridor,Deniz,0.0000,3.9779,-7.3500,1.7500,0,ChildNaturalWalk,4.2543,4.2550,0.000
21.070,corridor,Can,-0.6011,4.0085,-8.8715,1.3316,0,ChildNeutralIdle+ChildNaturalWalk,4.1532,4.1707,0.000
21.104,corridor,Deniz,0.0000,3.9782,-7.2917,1.7500,0,ChildNaturalWalk,4.2560,4.2585,0.000
21.104,corridor,Can,-0.5777,4.0086,-8.8237,1.5982,0,ChildNeutralIdle+ChildNaturalWalk,4.1539,4.1879,0.000
21.138,corridor,Deniz,0.0000,3.9784,-7.2333,1.7500,0,ChildNaturalWalk,4.2628,4.2618,0.000
21.138,corridor,Can,-0.5575,4.0088,-8.7725,1.6500,0,ChildNeutralIdle+ChildNaturalWalk,4.1562,4.2079,0.000
21.171,corridor,Deniz,0.0000,3.9787,-7.1750,1.7500,0,ChildNaturalWalk,4.2545,4.2683,0.000
21.171,corridor,Can,-0.5374,4.0089,-8.7213,1.6500,0,ChildNaturalWalk,4.1587,4.2075,0.000
21.204,corridor,Deniz,0.0000,3.9789,-7.1167,1.7500,0,ChildNaturalWalk,4.2416,4.2784,0.000
21.204,corridor,Can,-0.5173,4.0091,-8.6701,1.6500,0,ChildNaturalWalk,4.1606,4.1983,0.000
21.238,corridor,Deniz,0.0000,3.9792,-7.0583,1.7500,0,ChildNaturalWalk,4.2350,4.2909,0.000
21.238,corridor,Can,-0.4972,4.0092,-8.6189,1.6500,0,ChildNaturalWalk,4.1622,4.1896,0.000
21.272,corridor,Deniz,0.0000,3.9794,-7.0000,1.7500,0,ChildNaturalWalk,4.2370,4.3090,0.000
21.272,corridor,Can,-0.4772,4.0094,-8.5677,1.6500,0,ChildNaturalWalk,4.1640,4.1866,0.000
21.303,corridor,Deniz,0.0000,3.9797,-6.9417,1.7500,0,ChildNaturalWalk,4.2401,4.3251,0.000
21.303,corridor,Can,-0.4605,4.0096,-8.5153,1.6500,0,ChildNaturalWalk,4.1676,4.1817,0.000
21.338,corridor,Deniz,0.0000,3.9800,-6.8833,1.7500,0,ChildNaturalWalk,4.2438,4.3219,0.000
21.338,corridor,Can,-0.4439,4.0097,-8.4628,1.6500,0,ChildNaturalWalk,4.1754,4.1719,0.000
21.372,corridor,Deniz,0.0000,3.9802,-6.8250,1.7500,0,ChildNaturalWalk,4.2489,4.3122,0.000
21.372,corridor,Can,-0.4273,4.0099,-8.4104,1.6500,0,ChildNaturalWalk,4.1830,4.1670,0.000
21.404,corridor,Deniz,0.0000,3.9805,-6.7667,1.7500,0,ChildNaturalWalk,4.2539,4.2973,0.000
21.404,corridor,Can,-0.4108,4.0100,-8.3580,1.6500,0,ChildNaturalWalk,4.1865,4.1623,0.000
21.439,corridor,Deniz,0.0000,3.9807,-6.7084,1.7500,0,ChildNaturalWalk,4.2597,4.2831,0.000
21.439,corridor,Can,-0.3942,4.0102,-8.3055,1.6500,0,ChildNaturalWalk,4.2020,4.1588,0.000
21.471,corridor,Deniz,0.0000,3.9810,-6.6500,1.7500,0,ChildNaturalWalk,4.2662,4.2687,0.000
21.471,corridor,Can,-0.3804,4.0104,-8.2523,1.6500,0,ChildNaturalWalk,4.2151,4.1586,0.000
21.503,corridor,Deniz,0.0000,3.9812,-6.5917,1.7500,0,ChildNaturalWalk,4.2727,4.2596,0.000
21.503,corridor,Can,-0.3668,4.0105,-8.1990,1.6500,0,ChildNaturalWalk,4.2106,4.1607,0.000
21.538,corridor,Deniz,0.0000,3.9815,-6.5334,1.7500,0,ChildNaturalWalk,4.2821,4.2489,0.000
21.538,corridor,Can,-0.3531,4.0107,-8.1457,1.6500,0,ChildNaturalWalk,4.1948,4.1626,0.000
21.570,corridor,Deniz,0.0000,3.9818,-6.4750,1.7500,0,ChildNaturalWalk,4.2909,4.2422,0.000
21.570,corridor,Can,-0.3395,4.0108,-8.0924,1.6500,0,ChildNaturalWalk,4.1793,4.1636,0.000
21.604,corridor,Deniz,0.0000,3.9820,-6.4167,1.7500,0,ChildNaturalWalk,4.3033,4.2409,0.000
21.604,corridor,Can,-0.3259,4.0110,-8.0391,1.6500,0,ChildNaturalWalk,4.1764,4.1629,0.000
21.639,corridor,Deniz,0.0000,3.9823,-6.3584,1.7500,0,ChildNaturalWalk,4.3210,4.2415,0.000
21.639,corridor,Can,-0.3146,4.0112,-7.9853,1.6500,0,ChildNaturalWalk,4.1827,4.1616,0.000
21.670,corridor,Deniz,0.0000,3.9825,-6.3000,1.7500,0,ChildNaturalWalk,4.3295,4.2446,0.000
21.670,corridor,Can,-0.3033,4.0113,-7.9315,1.6500,0,ChildNaturalWalk,4.1835,4.1625,0.000
21.702,corridor,Deniz,0.0000,3.9828,-6.2417,1.7500,0,ChildNaturalWalk,4.3162,4.2492,0.000
21.702,corridor,Can,-0.2921,4.0115,-7.8776,1.6500,0,ChildNaturalWalk,4.1758,4.1668,0.000
21.736,corridor,Deniz,0.0000,3.9830,-6.1834,1.7500,0,ChildNaturalWalk,4.2929,4.2546,0.000
21.736,corridor,Can,-0.2809,4.0117,-7.8238,1.6500,0,ChildNaturalWalk,4.1654,4.1776,0.000
21.771,corridor,Deniz,0.0000,3.9833,-6.1250,1.7500,0,ChildNaturalWalk,4.2656,4.2590,0.000
21.771,corridor,Can,-0.2697,4.0118,-7.7700,1.6500,0,ChildNaturalWalk,4.1594,4.1896,0.000
21.802,corridor,Deniz,0.0000,3.9836,-6.0667,1.7500,0,ChildNaturalWalk,4.2592,4.2628,0.000
21.802,corridor,Can,-0.2604,4.0120,-7.7157,1.6500,0,ChildNaturalWalk,4.1588,4.2088,0.000
21.834,corridor,Deniz,0.0000,3.9838,-6.0084,1.7500,0,ChildNaturalWalk,4.2661,4.2661,0.000
21.834,corridor,Can,-0.2512,4.0122,-7.6615,1.6500,0,ChildNaturalWalk,4.1594,4.2188,0.000
21.870,corridor,Deniz,0.0000,3.9841,-5.9500,1.7500,0,ChildNaturalWalk,4.2643,4.2709,0.000
21.870,corridor,Can,-0.2420,4.0123,-7.6073,1.6500,0,ChildNaturalWalk,4.1614,4.2142,0.000
21.901,corridor,Deniz,0.0000,3.9843,-5.8917,1.7500,0,ChildNaturalWalk,4.2519,4.2795,0.000
21.901,corridor,Can,-0.2328,4.0125,-7.5531,1.6500,0,ChildNaturalWalk,4.1633,4.2054,0.000
21.936,corridor,Deniz,0.0000,3.9846,-5.8334,1.7500,0,ChildNaturalWalk,4.2425,4.2912,0.000
21.936,corridor,Can,-0.2236,4.0128,-7.4989,1.6500,0,ChildNaturalWalk,4.1653,4.1966,0.000
21.968,corridor,Deniz,0.0000,3.9849,-5.7750,1.7500,0,ChildNaturalWalk,4.2416,4.3068,0.000
21.968,corridor,Can,-0.2159,4.0133,-7.4444,1.6500,0,ChildNaturalWalk,4.1672,4.1904,0.000
22.003,corridor,Deniz,0.0000,3.9851,-5.7167,1.7500,0,ChildNaturalWalk,4.2445,4.3256,0.000
22.003,corridor,Can,-0.2083,4.0137,-7.3899,1.6500,0,ChildNaturalWalk,4.1699,4.1884,0.000
22.036,corridor,Deniz,0.0000,3.9854,-5.6584,1.7500,0,ChildNaturalWalk,4.2478,4.3309,0.000
22.036,corridor,Can,-0.2008,4.0141,-7.3354,1.6500,0,ChildNaturalWalk,4.1768,4.1791,0.000
22.070,corridor,Deniz,0.0000,3.9856,-5.6000,1.7500,0,ChildNaturalWalk,4.2523,4.3214,0.000
22.070,corridor,Can,-0.1932,4.0146,-7.2810,1.6500,0,ChildNaturalWalk,4.1857,4.1736,0.000
22.102,corridor,Deniz,0.0000,3.9859,-5.5417,1.7500,0,ChildNaturalWalk,4.2576,4.3092,0.000
22.102,corridor,Can,-0.1856,4.0150,-7.2265,1.6500,0,ChildNaturalWalk,4.1900,4.1687,0.000
22.142,corridor,Deniz,0.0000,3.9861,-5.4834,1.7500,0,ChildNaturalWalk,4.2628,4.2934,0.000
22.142,corridor,Can,-0.1793,4.0154,-7.1719,1.6500,0,ChildNaturalWalk,4.2005,4.1651,0.000
22.176,corridor,Deniz,0.0000,3.9864,-5.4250,1.7500,0,ChildNaturalWalk,4.2690,4.2791,0.000
22.176,corridor,Can,-0.1731,4.0158,-7.1172,1.6500,0,ChildNaturalWalk,4.2177,4.1638,0.000
22.210,corridor,Deniz,0.0000,3.9867,-5.3667,1.7500,0,ChildNaturalWalk,4.2760,4.2686,0.000
22.210,corridor,Can,-0.1669,4.0162,-7.0626,1.6500,0,ChildNaturalWalk,4.2196,4.1658,0.000
22.243,corridor,Deniz,0.0000,3.9869,-5.3084,1.7500,0,ChildNaturalWalk,4.2837,4.2580,0.000
22.243,corridor,Can,-0.1606,4.0166,-7.0079,1.6500,0,ChildNaturalWalk,4.2078,4.1679,0.000
22.277,corridor,Deniz,0.0000,3.9872,-5.2500,1.7500,0,ChildNaturalWalk,4.2939,4.2493,0.000
22.277,corridor,Can,-0.1544,4.0170,-6.9533,1.6500,0,ChildNaturalWalk,4.1904,4.1695,0.000
22.310,corridor,Deniz,0.0000,3.9874,-5.1917,1.7500,0,ChildNaturalWalk,4.3034,4.2465,0.000
22.310,corridor,Can,-0.1492,4.0174,-6.8985,1.6500,0,ChildNaturalWalk,4.1815,4.1700,0.000
22.344,corridor,Deniz,0.0000,3.9877,-5.1334,1.7500,0,ChildNaturalWalk,4.3208,4.2464,0.000
22.344,corridor,Can,-0.1441,4.0178,-6.8438,1.6500,0,ChildNaturalWalk,4.1872,4.1687,0.000
22.379,corridor,Deniz,0.0000,3.9879,-5.0750,1.7500,0,ChildNaturalWalk,4.3332,4.2485,0.000
22.379,corridor,Can,-0.1389,4.0181,-6.7890,1.6500,0,ChildNaturalWalk,4.1919,4.1684,0.000
22.410,corridor,Deniz,0.0000,3.9882,-5.0167,1.7500,0,ChildNaturalWalk,4.3295,4.2531,0.000
22.410,corridor,Can,-0.1338,4.0184,-6.7342,1.6500,0,ChildNaturalWalk,4.1862,4.1718,0.000
22.445,corridor,Deniz,0.0000,3.9885,-4.9584,1.7500,0,ChildNaturalWalk,4.3074,4.2579,0.000
22.445,corridor,Can,-0.1287,4.0187,-6.6795,1.6500,0,ChildNaturalWalk,4.1756,4.1808,0.000
22.477,corridor,Deniz,0.0000,3.9887,-4.9000,1.7500,0,ChildNaturalWalk,4.2809,4.2630,0.000
22.477,corridor,Can,-0.1244,4.0190,-6.6247,1.6500,0,ChildNaturalWalk,4.1681,4.1917,0.000
22.510,corridor,Deniz,0.0000,3.9890,-4.8417,1.7500,0,ChildNaturalWalk,4.2642,4.2669,0.000
22.510,corridor,Can,-0.1202,4.0193,-6.5698,1.6500,0,ChildNaturalWalk,4.1660,4.2087,0.000
22.544,corridor,Deniz,0.0000,3.9892,-4.7834,1.7500,0,ChildNaturalWalk,4.2691,4.2704,0.000
22.544,corridor,Can,-0.1159,4.0196,-6.5150,1.6500,0,ChildNaturalWalk,4.1665,4.2257,0.000
22.578,corridor,Deniz,0.0000,3.9895,-4.7250,1.7500,0,ChildNaturalWalk,4.2729,4.2741,0.000
22.578,corridor,Can,-0.1117,4.0199,-6.4601,1.6500,0,ChildNaturalWalk,4.1683,4.2242,0.000
22.610,corridor,Deniz,0.0000,3.9898,-4.6667,1.7500,0,ChildNaturalWalk,4.2622,4.2814,0.000
22.610,corridor,Can,-0.1074,4.0202,-6.4053,1.6500,0,ChildNaturalWalk,4.1706,4.2171,0.000
22.642,corridor,Deniz,0.0000,3.9900,-4.6084,1.7500,0,ChildNaturalWalk,4.2504,4.2922,0.000
22.642,corridor,Can,-0.1039,4.0205,-6.3504,1.6500,0,ChildNaturalWalk,4.1723,4.2070,0.000
22.675,corridor,Deniz,0.0000,3.9903,-4.5500,1.7500,0,ChildNaturalWalk,4.2461,4.3057,0.000
22.675,corridor,Can,-0.1004,4.0208,-6.2955,1.6500,0,ChildNaturalWalk,4.1742,4.2004,0.000
22.709,corridor,Deniz,0.0000,3.9905,-4.4917,1.7500,0,ChildNaturalWalk,4.2490,4.3253,0.000
22.709,corridor,Can,-0.0969,4.0211,-6.2407,1.6500,0,ChildNaturalWalk,4.1762,4.1969,0.000
22.743,corridor,Deniz,0.0000,3.9908,-4.4334,1.7500,0,ChildNaturalWalk,4.2517,4.3360,0.000
22.743,corridor,Can,-0.0934,4.0213,-6.1858,1.6500,0,ChildNaturalWalk,4.1809,4.1907,0.000
22.775,corridor,Deniz,0.0000,3.9910,-4.3750,1.7500,0,ChildNaturalWalk,4.2559,4.3312,0.000
22.775,corridor,Can,-0.0899,4.0216,-6.1309,1.6500,0,ChildNaturalWalk,4.1896,4.1825,0.000
22.809,corridor,Deniz,0.0000,3.9913,-4.3167,1.7500,0,ChildNaturalWalk,4.2610,4.3196,0.000
22.809,corridor,Can,-0.0869,4.0219,-6.0760,1.6500,0,ChildNaturalWalk,4.1959,4.1776,0.000
22.843,corridor,Deniz,0.0000,3.9916,-4.2584,1.7500,0,ChildNaturalWalk,4.2663,4.3052,0.000
22.843,corridor,Can,-0.0840,4.0222,-6.0210,1.6500,0,ChildNaturalWalk,4.2005,4.1735,0.000
22.875,corridor,Deniz,0.0000,3.9918,-4.2000,1.7500,0,ChildNaturalWalk,4.2721,4.2897,0.000
22.875,corridor,Can,-0.0811,4.0225,-5.9661,1.6500,0,ChildNaturalWalk,4.2186,4.1708,0.000
22.909,corridor,Deniz,0.0000,3.9921,-4.1417,1.7500,0,ChildNaturalWalk,4.2790,4.2769,0.000
22.909,corridor,Can,-0.0782,4.0227,-5.9112,1.6500,0,ChildNaturalWalk,4.2288,4.1716,0.000
22.943,corridor,Deniz,0.0000,3.9923,-4.0834,1.7500,0,ChildNaturalWalk,4.2858,4.2674,0.000
22.943,corridor,Can,-0.0753,4.0230,-5.8563,1.6500,0,ChildNaturalWalk,4.2194,4.1736,0.000
22.977,corridor,Deniz,0.0000,3.9926,-4.0250,1.7500,0,ChildNaturalWalk,4.2959,4.2576,0.000
22.977,corridor,Can,-0.0729,4.0233,-5.8013,1.6500,0,ChildNaturalWalk,4.2040,4.1758,0.000
23.010,corridor,Deniz,0.0000,3.9928,-3.9667,1.7500,0,ChildNaturalWalk,4.3034,4.2525,0.000
23.010,corridor,Can,-0.0705,4.0236,-5.7464,1.6500,0,ChildNaturalWalk,4.1888,4.1762,0.000
23.042,corridor,Deniz,0.0000,3.9931,-3.9084,1.7500,0,ChildNaturalWalk,4.3188,4.2518,0.000
23.042,corridor,Can,-0.0681,4.0238,-5.6914,1.6500,0,ChildNaturalWalk,4.1913,4.1753,0.000
23.076,corridor,Deniz,0.0000,3.9934,-3.8500,1.7500,0,ChildNaturalWalk,4.3366,4.2530,0.000
23.076,corridor,Can,-0.0656,4.0241,-5.6365,1.6500,0,ChildNaturalWalk,4.1964,4.1744,0.000
23.110,corridor,Deniz,0.0000,3.9936,-3.7917,1.7500,0,ChildNaturalWalk,4.3381,4.2566,0.000
23.110,corridor,Can,-0.0632,4.0244,-5.5815,1.6500,0,ChildNaturalWalk,4.1952,4.1762,0.000
23.144,corridor,Deniz,0.0000,3.9939,-3.7334,1.7500,0,ChildNaturalWalk,4.3228,4.2616,0.000
23.144,corridor,Can,-0.0612,4.0247,-5.5266,1.6500,0,ChildNaturalWalk,4.1862,4.1822,0.000
23.177,corridor,Deniz,0.0000,3.9941,-3.6750,1.7500,0,ChildNaturalWalk,4.2962,4.2666,0.000
23.177,corridor,Can,-0.0592,4.0249,-5.4716,1.6500,0,ChildNaturalWalk,4.1768,4.1933,0.000
23.210,corridor,Deniz,0.0000,3.9944,-3.6167,1.7500,0,ChildNaturalWalk,4.2724,4.2710,0.000
23.210,corridor,Can,-0.0572,4.0252,-5.4166,1.6500,0,ChildNaturalWalk,4.1724,4.2067,0.000
23.243,corridor,Deniz,0.0000,3.9947,-3.5584,1.7500,0,ChildNaturalWalk,4.2716,4.2746,0.000
23.243,corridor,Can,-0.0552,4.0255,-5.3617,1.6500,0,ChildNaturalWalk,4.1723,4.2262,0.000
23.278,corridor,Deniz,0.0000,3.9949,-3.5000,1.7500,0,ChildNaturalWalk,4.2784,4.2779,0.000
23.278,corridor,Can,-0.0532,4.0257,-5.3067,1.6500,0,ChildNaturalWalk,4.1735,4.2329,0.000
23.309,corridor,Deniz,0.0000,3.9952,-3.4417,1.7500,0,ChildNaturalWalk,4.2730,4.2836,0.000
23.309,corridor,Can,-0.0515,4.0260,-5.2517,1.6500,0,ChildNaturalWalk,4.1755,4.2256,0.000
23.344,corridor,Deniz,0.0000,3.9954,-3.3834,1.7500,0,ChildNaturalWalk,4.2598,4.2933,0.000
23.344,corridor,Can,-0.0498,4.0263,-5.1968,1.6500,0,ChildNaturalWalk,4.1776,4.2171,0.000
23.378,corridor,Deniz,0.0000,3.9957,-3.3250,1.7500,0,ChildNaturalWalk,4.2518,4.3058,0.000
23.378,corridor,Can,-0.0482,4.0265,-5.1418,1.6500,0,ChildNaturalWalk,4.1793,4.2078,0.000
23.409,corridor,Deniz,0.0000,3.9959,-3.2667,1.7500,0,ChildNaturalWalk,4.2531,4.3226,0.000
23.409,corridor,Can,-0.0465,4.0268,-5.0868,1.6500,0,ChildNaturalWalk,4.1811,4.2037,0.000
23.444,corridor,Deniz,0.0000,3.9962,-3.2084,1.7500,0,ChildNaturalWalk,4.2564,4.3409,0.000
23.444,corridor,Can,-0.0448,4.0270,-5.0318,1.6500,0,ChildNaturalWalk,4.1844,4.2003,0.000
23.478,corridor,Deniz,0.0000,3.9965,-3.1500,1.7500,0,ChildNaturalWalk,4.2597,4.3395,0.000
23.478,corridor,Can,-0.0434,4.0273,-4.9769,1.6500,0,ChildNaturalWalk,4.1920,4.1904,0.000
23.509,corridor,Deniz,0.0000,3.9967,-3.0917,1.7500,0,ChildNaturalWalk,4.2647,4.3301,0.000
23.509,corridor,Can,-0.0420,4.0276,-4.9219,1.6500,0,ChildNaturalWalk,4.2001,4.1855,0.000
23.543,corridor,Deniz,0.0000,3.9970,-3.0334,1.7500,0,ChildNaturalWalk,4.2698,4.3161,0.000
23.543,corridor,Can,-0.0406,4.0278,-4.8669,1.6500,0,ChildNaturalWalk,4.2039,4.1806,0.000
23.578,corridor,Deniz,0.0000,3.9972,-2.9750,1.7500,0,ChildNaturalWalk,4.2753,4.3011,0.000
23.578,corridor,Can,-0.0392,4.0281,-4.8119,1.6500,0,ChildNaturalWalk,4.2178,4.1769,0.000
23.610,corridor,Deniz,0.0000,3.9975,-2.9167,1.7500,0,ChildNaturalWalk,4.2817,4.2871,0.000
23.610,corridor,Can,-0.0378,4.0283,-4.7569,1.6500,0,ChildNaturalWalk,4.2320,4.1764,0.000
23.643,corridor,Deniz,0.0000,3.9977,-2.8584,1.7500,0,ChildNaturalWalk,4.2884,4.2778,0.000
23.643,corridor,Can,-0.0367,4.0286,-4.7020,1.6500,0,ChildNaturalWalk,4.2308,4.1786,0.000
23.678,corridor,Deniz,0.0000,3.9980,-2.8001,1.7500,0,ChildNaturalWalk,4.2969,4.2668,0.000
23.678,corridor,Can,-0.0355,4.0289,-4.6470,1.6500,0,ChildNaturalWalk,4.2153,4.1805,0.000
23.709,corridor,Deniz,0.0000,3.9983,-2.7417,1.7500,0,ChildNaturalWalk,4.3065,4.2593,0.000
23.709,corridor,Can,-0.0343,4.0291,-4.5920,1.6500,0,ChildNaturalWalk,4.1993,4.1818,0.000
23.744,corridor,Deniz,0.0000,3.9985,-2.6834,1.7500,0,ChildNaturalWalk,4.3177,4.2576,0.000
23.744,corridor,Can,-0.0331,4.0294,-4.5370,1.6500,0,ChildNaturalWalk,4.1941,4.1815,0.000
23.777,corridor,Deniz,0.0000,3.9988,-2.6251,1.7500,0,ChildNaturalWalk,4.3353,4.2578,0.000
23.777,corridor,Can,-0.0320,4.0296,-4.4820,1.6500,0,ChildNaturalWalk,4.2002,4.1802,0.000
23.810,corridor,Deniz,0.0000,3.9990,-2.5667,1.7500,0,ChildNaturalWalk,4.3460,4.2605,0.000
23.810,corridor,Can,-0.0310,4.0299,-4.4270,1.6500,0,ChildNaturalWalk,4.2030,4.1807,0.000
23.843,corridor,Deniz,0.0000,3.9993,-2.5084,1.7500,0,ChildNaturalWalk,4.3355,4.2651,0.000
23.843,corridor,Can,-0.0300,4.0301,-4.3720,1.6500,0,ChildNaturalWalk,4.1956,4.1847,0.000
23.877,corridor,Deniz,0.0000,3.9995,-2.4501,1.7500,0,ChildNaturalWalk,4.3125,4.2702,0.000
23.877,corridor,Can,-0.0290,4.0304,-4.3170,1.6500,0,ChildNaturalWalk,4.1849,4.1952,0.000
23.910,corridor,Deniz,0.0000,3.9998,-2.3917,1.7500,0,ChildNaturalWalk,4.2855,4.2750,0.000
23.910,corridor,Can,-0.0281,4.0307,-4.2620,1.6500,0,ChildNaturalWalk,4.1786,4.2065,0.000
23.944,corridor,Deniz,0.0000,4.0001,-2.3334,1.7500,0,ChildNaturalWalk,4.2751,4.2788,0.000
23.944,corridor,Can,-0.0271,4.0309,-4.2071,1.6500,0,ChildNaturalWalk,4.1777,4.2256,0.000
23.976,corridor,Deniz,0.0000,4.0003,-2.2751,1.7500,0,ChildNaturalWalk,4.2821,4.2823,0.000
23.976,corridor,Can,-0.0263,4.0312,-4.1521,1.6500,0,ChildNaturalWalk,4.1780,4.2375,0.000
24.010,corridor,Deniz,0.0000,4.0006,-2.2167,1.7500,0,ChildNaturalWalk,4.2819,4.2867,0.000
24.010,corridor,Can,-0.0254,4.0314,-4.0971,1.6500,0,ChildNaturalWalk,4.1803,4.2344,0.000
24.043,corridor,Deniz,0.0000,4.0008,-2.1584,1.7500,0,ChildNaturalWalk,4.2702,4.2945,0.000
24.043,corridor,Can,-0.0246,4.0317,-4.0421,1.6500,0,ChildNaturalWalk,4.1823,4.2259,0.000
24.076,corridor,Deniz,0.0000,4.0011,-2.1001,1.7500,0,ChildNaturalWalk,4.2600,4.3059,0.000
24.076,corridor,Can,-0.0238,4.0319,-3.9871,1.6500,0,ChildNaturalWalk,4.1841,4.2166,0.000
24.110,corridor,Deniz,0.0000,4.0014,-2.0417,1.7500,0,ChildNaturalWalk,4.2578,4.3209,0.000
24.110,corridor,Can,-0.0230,4.0322,-3.9321,1.6500,0,ChildNaturalWalk,4.1859,4.2100,0.000
24.144,corridor,Deniz,0.0000,4.0016,-1.9834,1.7500,0,ChildNaturalWalk,4.2606,4.3398,0.000
24.144,corridor,Can,-0.0223,4.0324,-3.8771,1.6500,0,ChildNaturalWalk,4.1882,4.2074,0.000
24.176,corridor,Deniz,0.0000,4.0019,-1.9251,1.7500,0,ChildNaturalWalk,4.2638,4.3473,0.000
24.176,corridor,Can,-0.0216,4.0327,-3.8221,1.6500,0,ChildNaturalWalk,4.1941,4.1989,0.000
24.210,corridor,Deniz,0.0000,4.0021,-1.8667,1.7500,0,ChildNaturalWalk,4.2681,4.3395,0.000
24.210,corridor,Can,-0.0209,4.0329,-3.7671,1.6500,0,ChildNaturalWalk,4.2030,4.1926,0.000
24.244,corridor,Deniz,0.0000,4.0024,-1.8084,1.7500,0,ChildNaturalWalk,4.2734,4.3276,0.000
24.244,corridor,Can,-0.0202,4.0332,-3.7121,1.6500,0,ChildNaturalWalk,4.2078,4.1875,0.000
24.276,corridor,Deniz,0.0000,4.0026,-1.7501,1.7500,0,ChildNaturalWalk,4.2787,4.3124,0.000
24.276,corridor,Can,-0.0195,4.0334,-3.6571,1.6500,0,ChildNaturalWalk,4.2159,4.1836,0.000
24.309,corridor,Deniz,0.0000,4.0029,-1.6917,1.7500,0,ChildNaturalWalk,4.2846,4.2971,0.000
24.309,corridor,Can,-0.0189,4.0337,-3.6021,1.6500,0,ChildNaturalWalk,4.2345,4.1817,0.000
24.343,corridor,Deniz,0.0000,4.0031,-1.6391,1.5799,0,ChildNaturalWalk,4.2918,4.2858,0.000
24.343,corridor,Can,-0.0184,4.0339,-3.5471,1.6500,0,ChildNaturalWalk,4.2382,4.1832,0.000
24.377,corridor,Deniz,0.0000,4.0033,-1.5921,1.4078,0,ChildNaturalWalk,4.2990,4.2758,0.000
24.377,corridor,Can,-0.0178,4.0342,-3.4921,1.6500,0,ChildNaturalWalk,4.2275,4.1852,0.000
24.410,corridor,Deniz,0.0000,4.0035,-1.5552,1.1078,0,ChildNaturalWalk,4.3094,4.2662,0.000
24.410,corridor,Can,-0.0172,4.0344,-3.4371,1.6500,0,ChildNaturalWalk,4.2102,4.1868,0.000
24.443,corridor,Deniz,0.0000,4.0036,-1.5283,0.8078,0,ChildNaturalWalk,4.3172,4.2629,0.000
24.443,corridor,Can,-0.0166,4.0347,-3.3821,1.6500,0,ChildNaturalWalk,4.1986,4.1872,0.000
24.477,corridor,Deniz,0.0000,4.0037,-1.5114,0.5078,0,ChildNaturalWalk,4.3344,4.2623,0.000
24.477,corridor,Can,-0.0160,4.0349,-3.3271,1.6500,0,ChildNaturalWalk,4.2039,4.1860,0.000
24.510,corridor,Deniz,0.0000,4.0037,-1.5044,0.2078,0,ChildNaturalWalk,4.3481,4.2639,0.000
24.510,corridor,Can,-0.0155,4.0352,-3.2721,1.6500,0,ChildNaturalWalk,4.2083,4.1855,0.000
24.544,corridor,Deniz,0.0000,4.0037,-1.5044,0.0000,0,ChildNeutralIdle+ChildNaturalWalk,4.3442,4.2667,0.000
24.544,corridor,Can,-0.0151,4.0354,-3.2171,1.6500,0,ChildNaturalWalk,4.2046,4.1880,0.000
24.577,corridor,Deniz,0.0000,4.0037,-1.5044,0.0000,0,ChildNeutralIdle+ChildNaturalWalk,4.3178,4.2685,0.000
24.577,corridor,Can,-0.0146,4.0357,-3.1621,1.6500,0,ChildNaturalWalk,4.1942,4.1960,0.000
24.612,corridor,Deniz,0.0000,4.0037,-1.5044,0.0000,0,ChildNeutralIdle+ChildNaturalWalk,4.2993,4.2720,0.000
24.612,corridor,Can,-0.0142,4.0359,-3.1095,1.5791,0,ChildNaturalWalk,4.1859,4.2071,0.000
24.645,corridor,Deniz,0.0000,4.0037,-1.5044,0.0000,0,ChildNeutralIdle+ChildNaturalWalk,4.2879,4.2756,0.000
24.645,corridor,Can,-0.0150,4.0361,-3.0586,1.5261,0,ChildNaturalWalk,4.1829,4.2225,0.000
24.677,corridor,Deniz,0.0000,4.0037,-1.5044,0.0000,0,ChildNeutralIdle+ChildNaturalWalk,4.2806,4.2786,0.000
24.677,corridor,Can,-0.0120,4.0364,-3.0054,1.5993,0,ChildNaturalWalk,4.1834,4.2415,0.000
24.709,corridor,Deniz,0.0000,4.0037,-1.5044,0.0000,0,ChildNeutralIdle+ChildNaturalWalk,4.2755,4.2810,0.000
24.709,corridor,Can,-0.0130,4.0366,-2.9544,1.5301,0,ChildNaturalWalk,4.1847,4.2419,0.000
24.743,corridor,Deniz,0.0000,4.0037,-1.5044,0.0000,0,ChildNeutralIdle+ChildNaturalWalk,4.2722,4.2828,0.000
24.743,corridor,Can,-0.0098,4.0369,-2.9000,1.6345,0,ChildNaturalWalk,4.1870,4.2348,0.000
24.777,corridor,Deniz,0.0000,4.0037,-1.5044,0.0000,0,ChildNeutralIdle+ChildNaturalWalk,4.2699,4.2843,0.000
24.777,corridor,Can,-0.0119,4.0371,-2.8475,1.5780,0,ChildNaturalWalk,4.1887,4.2251,0.000
24.812,corridor,Deniz,0.0000,4.0037,-1.5044,0.0000,0,ChildNeutralIdle+ChildNaturalWalk,4.2684,4.2853,0.000
24.812,corridor,Can,-0.0091,4.0374,-2.7959,1.5513,0,ChildNaturalWalk,4.1905,4.2173,0.000
24.845,corridor,Deniz,0.0000,4.0037,-1.5044,0.0000,0,ChildNeutralIdle+ChildNaturalWalk,4.2673,4.2861,0.000
24.845,corridor,Can,-0.0112,4.0376,-2.7433,1.5780,0,ChildNaturalWalk,4.1924,4.2141,0.000
24.878,corridor,Deniz,0.0000,4.0037,-1.5044,0.0000,0,ChildNeutralIdle+ChildNaturalWalk,4.2665,4.2867,0.000
24.878,corridor,Can,-0.0129,4.0377,-2.6996,1.3113,0,ChildNaturalWalk,4.1964,4.2088,0.000
24.910,corridor,Deniz,0.0000,4.0037,-1.5044,0.0000,0,ChildNeutralIdle+ChildNaturalWalk,4.2660,4.2872,0.000
24.910,corridor,Can,-0.0143,4.0379,-2.6648,1.0446,0,ChildNaturalWalk,4.2045,4.1995,0.000
24.945,corridor,Deniz,0.0000,4.0037,-1.5044,0.0000,0,ChildNeutralIdle+ChildNaturalWalk,4.2656,4.2876,0.000
24.945,corridor,Can,-0.0154,4.0380,-2.6389,0.7779,0,ChildNaturalWalk,4.2115,4.1945,0.000
24.976,corridor,Deniz,0.0000,4.0037,-1.5044,0.0000,0,ChildNeutralIdle+ChildNaturalWalk,4.2654,4.2879,0.000
24.976,corridor,Can,-0.0160,4.0380,-2.6219,0.5113,0,ChildNaturalWalk,4.2144,4.1900,0.000
25.009,corridor,Deniz,0.0000,4.0037,-1.5044,0.0000,0,ChildNeutralIdle+ChildNaturalWalk,4.2652,4.2881,0.000
25.009,corridor,Can,-0.0164,4.0381,-2.6137,0.2446,0,ChildNaturalWalk,4.2317,4.1866,0.000
25.044,corridor,Deniz,0.0000,4.0037,-1.5044,0.0000,0,ChildNeutralIdle+ChildNaturalWalk,4.2651,4.2883,0.000
25.044,corridor,Can,-0.0164,4.0381,-2.6137,0.0000,0,ChildNeutralIdle+ChildNaturalWalk,4.2306,4.1837,0.000
25.077,corridor,Deniz,0.0000,4.0037,-1.5044,0.0000,0,ChildNeutralIdle+ChildNaturalWalk,4.2651,4.2885,0.000
25.077,corridor,Can,-0.0164,4.0381,-2.6137,0.0000,0,ChildNeutralIdle+ChildNaturalWalk,4.2093,4.1802,0.000
25.110,corridor,Deniz,0.0000,4.0037,-1.5044,0.0000,0,ChildNeutralIdle+ChildNaturalWalk,4.2651,4.2886,0.000
25.110,corridor,Can,-0.0164,4.0381,-2.6137,0.0000,0,ChildNeutralIdle+ChildNaturalWalk,4.1959,4.1776,0.000
25.141,corridor,Deniz,0.0000,4.0037,-1.5044,0.0000,0,ChildNeutralIdle+ChildNaturalWalk,4.2651,4.2888,0.000
25.141,corridor,Can,-0.0164,4.0381,-2.6137,0.0000,0,ChildNeutralIdle+ChildNaturalWalk,4.1885,4.1757,0.000
25.176,corridor,Deniz,0.0000,4.0037,-1.5044,0.0000,0,ChildNeutralIdle+ChildNaturalWalk,4.2652,4.2889,0.000
25.176,corridor,Can,-0.0164,4.0381,-2.6137,0.0000,0,ChildNeutralIdle+ChildNaturalWalk,4.1848,4.1744,0.000
25.210,corridor,Deniz,0.0000,4.0037,-1.5044,0.0000,0,ChildNeutralIdle+ChildNaturalWalk,4.2652,4.2891,0.000
25.210,corridor,Can,-0.0164,4.0381,-2.6137,0.0000,0,ChildNeutralIdle+ChildNaturalWalk,4.1832,4.1733,0.000
25.243,corridor,Deniz,0.0000,4.0037,-1.5044,0.0000,0,ChildNeutralIdle+ChildNaturalWalk,4.2653,4.2892,0.000
25.243,corridor,Can,-0.0164,4.0381,-2.6137,0.0000,0,ChildNeutralIdle+ChildNaturalWalk,4.1825,4.1725,0.000
25.276,corridor,Deniz,0.0000,4.0037,-1.5044,0.0000,0,ChildNeutralIdle+ChildNaturalWalk,4.2655,4.2893,0.000
25.276,corridor,Can,-0.0164,4.0381,-2.6137,0.0000,0,ChildNeutralIdle+ChildNaturalWalk,4.1823,4.1718,0.000
25.310,corridor,Deniz,0.0000,4.0037,-1.5044,0.0000,0,ChildNeutralIdle+ChildNaturalWalk,4.2656,4.2894,0.000
25.310,corridor,Can,-0.0164,4.0381,-2.6137,0.0000,0,ChildNeutralIdle+ChildNaturalWalk,4.1824,4.1712,0.000
25.342,corridor,Deniz,0.0000,4.0037,-1.5044,0.0000,0,ChildNeutralIdle+ChildNaturalWalk,4.2657,4.2895,0.000
25.342,corridor,Can,-0.0164,4.0381,-2.6137,0.0000,0,ChildNeutralIdle+ChildNaturalWalk,4.1824,4.1708,0.000
25.376,corridor,Deniz,0.0000,4.0037,-1.5044,0.0000,0,ChildNeutralIdle+ChildNaturalWalk,4.2659,4.2897,0.000
25.376,corridor,Can,-0.0164,4.0381,-2.6137,0.0000,0,ChildNeutralIdle+ChildNaturalWalk,4.1825,4.1704,0.000
25.409,corridor,Deniz,0.0000,4.0037,-1.5044,0.0000,0,ChildNeutralIdle+ChildNaturalWalk,4.2660,4.2898,0.000
25.409,corridor,Can,-0.0164,4.0381,-2.6137,0.0000,0,ChildNeutralIdle+ChildNaturalWalk,4.1824,4.1701,0.000
25.450,corridor,Deniz,0.0000,4.0037,-1.5044,0.0000,0,ChildNeutralIdle+ChildNaturalWalk,4.2661,4.2899,0.000
25.450,corridor,Can,-0.0164,4.0381,-2.6137,0.0000,0,ChildNeutralIdle+ChildNaturalWalk,4.1823,4.1699,0.000
25.483,corridor,Deniz,0.0000,4.0037,-1.5044,0.0000,0,ChildNeutralIdle+ChildNaturalWalk,4.2663,4.2900,0.000
25.483,corridor,Can,-0.0164,4.0381,-2.6137,0.0000,0,ChildNeutralIdle+ChildNaturalWalk,4.1822,4.1697,0.000
25.516,corridor,Deniz,0.0000,4.0037,-1.5044,0.0000,0,ChildNeutralIdle+ChildNaturalWalk,4.2665,4.2901,0.000
25.516,corridor,Can,-0.0164,4.0381,-2.6137,0.0000,0,ChildNeutralIdle+ChildNaturalWalk,4.1820,4.1696,0.000
25.549,corridor,Deniz,0.0000,4.0037,-1.5044,0.0000,0,ChildNeutralIdle+ChildNaturalWalk,4.2666,4.2901,0.000
25.549,corridor,Can,-0.0164,4.0381,-2.6137,0.0000,0,ChildNeutralIdle+ChildNaturalWalk,4.1818,4.1694,0.000
25.582,corridor,Deniz,0.0000,4.0037,-1.5044,0.0000,0,ChildNeutralIdle+ChildNaturalWalk,4.2668,4.2902,0.000
25.582,corridor,Can,-0.0164,4.0381,-2.6137,0.0000,0,ChildNeutralIdle+ChildNaturalWalk,4.1816,4.1694,0.000
25.616,corridor,Deniz,0.0000,4.0037,-1.5044,0.0000,0,ChildNeutralIdle+ChildNaturalWalk,4.2670,4.2903,0.000
25.616,corridor,Can,-0.0164,4.0381,-2.6137,0.0000,0,ChildNeutralIdle+ChildNaturalWalk,4.1815,4.1694,0.000
25.649,corridor,Deniz,0.0000,4.0037,-1.5044,0.0000,0,ChildNeutralIdle+ChildNaturalWalk,4.2671,4.2904,0.000
25.649,corridor,Can,-0.0164,4.0381,-2.6137,0.0000,0,ChildNeutralIdle+ChildNaturalWalk,4.1813,4.1694,0.000
25.684,corridor,Deniz,0.0000,4.0037,-1.5044,0.0000,0,ChildNeutralIdle+ChildNaturalWalk,4.2673,4.2904,0.000
25.684,corridor,Can,-0.0164,4.0381,-2.6137,0.0000,0,ChildNeutralIdle+ChildNaturalWalk,4.1812,4.1694,0.000
25.717,corridor,Deniz,0.0000,4.0037,-1.5044,0.0000,0,ChildNeutralIdle+ChildNaturalWalk,4.2675,4.2905,0.000
25.717,corridor,Can,-0.0164,4.0381,-2.6137,0.0000,0,ChildNeutralIdle+ChildNaturalWalk,4.1811,4.1695,0.000
25.750,corridor,Deniz,0.0000,4.0037,-1.5044,0.0000,0,ChildNeutralIdle+ChildNaturalWalk,4.2676,4.2905,0.000
25.750,corridor,Can,-0.0164,4.0381,-2.6137,0.0000,0,ChildNeutralIdle+ChildNaturalWalk,4.1810,4.1696,0.000
25.783,corridor,Deniz,0.0000,4.0037,-1.5044,0.0000,0,ChildNeutralIdle+ChildNaturalWalk,4.2678,4.2905,0.000
25.783,corridor,Can,-0.0164,4.0381,-2.6137,0.0000,0,ChildNeutralIdle+ChildNaturalWalk,4.1809,4.1697,0.000
25.816,corridor,Deniz,0.0000,4.0037,-1.5044,0.0000,0,ChildNeutralIdle+ChildNaturalWalk,4.2679,4.2906,0.000
25.816,corridor,Can,-0.0164,4.0381,-2.6137,0.0000,0,ChildNeutralIdle+ChildNaturalWalk,4.1808,4.1698,0.000
25.850,corridor,Deniz,0.0000,4.0037,-1.5044,0.0000,0,ChildNeutralIdle+ChildNaturalWalk,4.2681,4.2906,0.000
25.850,corridor,Can,-0.0164,4.0381,-2.6137,0.0000,0,ChildNeutralIdle+ChildNaturalWalk,4.1808,4.1699,0.000
25.883,corridor,Deniz,0.0000,4.0037,-1.5044,0.0000,0,ChildNeutralIdle+ChildNaturalWalk,4.2683,4.2906,0.000
25.883,corridor,Can,-0.0164,4.0381,-2.6137,0.0000,0,ChildNeutralIdle+ChildNaturalWalk,4.1807,4.1700,0.000
25.916,corridor,Deniz,0.0000,4.0037,-1.5044,0.0000,0,ChildNeutralIdle+ChildNaturalWalk,4.2684,4.2906,0.000
25.916,corridor,Can,-0.0164,4.0381,-2.6137,0.0000,0,ChildNeutralIdle+ChildNaturalWalk,4.1807,4.1702,0.000
25.950,corridor,Deniz,0.0000,4.0037,-1.5044,0.0000,0,ChildNeutralIdle+ChildNaturalWalk,4.2686,4.2905,0.000
25.950,corridor,Can,-0.0164,4.0381,-2.6137,0.0000,0,ChildNeutralIdle+ChildNaturalWalk,4.1807,4.1703,0.000
25.983,corridor,Deniz,0.0000,4.0037,-1.5044,0.0000,0,ChildNeutralIdle+ChildNaturalWalk,4.2687,4.2905,0.000
25.983,corridor,Can,-0.0164,4.0381,-2.6137,0.0000,0,ChildNeutralIdle+ChildNaturalWalk,4.1808,4.1705,0.000
26.015,corridor,Deniz,0.0000,4.0037,-1.5044,0.0000,0,ChildNeutralIdle+ChildNaturalWalk,4.2689,4.2905,0.000
26.015,corridor,Can,-0.0164,4.0381,-2.6137,0.0000,0,ChildNeutralIdle+ChildNaturalWalk,4.1808,4.1706,0.000
26.049,corridor,Deniz,0.0000,4.0037,-1.5044,0.0000,0,ChildNeutralIdle+ChildNaturalWalk,4.2690,4.2904,0.000
26.049,corridor,Can,-0.0164,4.0381,-2.6137,0.0000,0,ChildNeutralIdle+ChildNaturalWalk,4.1809,4.1708,0.000
26.083,corridor,Deniz,0.0000,4.0037,-1.5044,0.0000,0,ChildNeutralIdle+ChildNaturalWalk,4.2691,4.2903,0.000
26.083,corridor,Can,-0.0164,4.0381,-2.6137,0.0000,0,ChildNeutralIdle+ChildNaturalWalk,4.1810,4.1710,0.000
26.118,corridor,Deniz,0.0000,4.0037,-1.5044,0.0000,0,ChildNeutralIdle+ChildNaturalWalk,4.2693,4.2903,0.000
26.118,corridor,Can,-0.0164,4.0381,-2.6137,0.0000,0,ChildNeutralIdle+ChildNaturalWalk,4.1811,4.1711,0.000
26.150,corridor,Deniz,0.0000,4.0037,-1.5044,0.0000,0,ChildNeutralIdle+ChildNaturalWalk,4.2694,4.2902,0.000
26.150,corridor,Can,-0.0164,4.0381,-2.6137,0.0000,0,ChildNeutralIdle+ChildNaturalWalk,4.1812,4.1713,0.000
26.183,corridor,Deniz,0.0000,4.0037,-1.5044,0.0000,0,ChildNeutralIdle+ChildNaturalWalk,4.2695,4.2902,0.000
26.183,corridor,Can,-0.0164,4.0381,-2.6137,0.0000,0,ChildNeutralIdle+ChildNaturalWalk,4.1814,4.1715,0.000
26.220,corridor,Deniz,0.0000,4.0037,-1.5044,0.0000,0,ChildNeutralIdle+ChildNaturalWalk,4.2696,4.2901,0.000
26.220,corridor,Can,-0.0164,4.0381,-2.6137,0.0000,0,ChildNeutralIdle+ChildNaturalWalk,4.1816,4.1716,0.000
26.250,corridor,Deniz,0.0000,4.0037,-1.5044,0.0000,0,ChildNeutralIdle+ChildNaturalWalk,4.2697,4.2900,0.000
26.250,corridor,Can,-0.0164,4.0381,-2.6137,0.0000,0,ChildNeutralIdle+ChildNaturalWalk,4.1817,4.1718,0.000
26.284,corridor,Deniz,0.0000,4.0037,-1.5044,0.0000,0,ChildNeutralIdle+ChildNaturalWalk,4.2697,4.2900,0.000
26.284,corridor,Can,-0.0164,4.0381,-2.6137,0.0000,0,ChildNeutralIdle+ChildNaturalWalk,4.1820,4.1720,0.000
26.316,corridor,Deniz,0.0000,4.0037,-1.5044,0.0000,0,ChildNeutralIdle+ChildNaturalWalk,4.2698,4.2899,0.000
26.316,corridor,Can,-0.0164,4.0381,-2.6137,0.0000,0,ChildNeutralIdle+ChildNaturalWalk,4.1822,4.1721,0.000
26.350,corridor,Deniz,0.0000,4.0037,-1.5044,0.0000,0,ChildNeutralIdle+ChildNaturalWalk,4.2698,4.2898,0.000
26.350,corridor,Can,-0.0164,4.0381,-2.6137,0.0000,0,ChildNeutralIdle+ChildNaturalWalk,4.1824,4.1723,0.000
26.383,corridor,Deniz,0.0000,4.0037,-1.5044,0.0000,0,ChildNeutralIdle+ChildNaturalWalk,4.2699,4.2897,0.000
26.383,corridor,Can,-0.0164,4.0381,-2.6137,0.0000,0,ChildNeutralIdle+ChildNaturalWalk,4.1827,4.1724,0.000
26.417,corridor,Deniz,0.0000,4.0037,-1.5044,0.0000,0,ChildNeutralIdle+ChildNaturalWalk,4.2699,4.2896,0.000
26.417,corridor,Can,-0.0164,4.0381,-2.6137,0.0000,0,ChildNeutralIdle+ChildNaturalWalk,4.1830,4.1726,0.000
26.450,corridor,Deniz,0.0000,4.0037,-1.5044,0.0000,0,ChildNeutralIdle+ChildNaturalWalk,4.2699,4.2894,0.000
26.450,corridor,Can,-0.0164,4.0381,-2.6137,0.0000,0,ChildNeutralIdle+ChildNaturalWalk,4.1832,4.1727,0.000
26.483,corridor,Deniz,0.0000,4.0037,-1.5044,0.0000,0,ChildNeutralIdle+ChildNaturalWalk,4.2698,4.2893,0.000
26.483,corridor,Can,-0.0164,4.0381,-2.6137,0.0000,0,ChildNeutralIdle+ChildNaturalWalk,4.1835,4.1729,0.000
26.515,corridor,Deniz,0.0000,4.0037,-1.5044,0.0000,0,ChildNeutralIdle+ChildNaturalWalk,4.2698,4.2892,0.000
26.515,corridor,Can,-0.0164,4.0381,-2.6137,0.0000,0,ChildNeutralIdle+ChildNaturalWalk,4.1838,4.1730,0.000
26.548,corridor,Deniz,0.0000,4.0037,-1.5044,0.0000,0,ChildNeutralIdle+ChildNaturalWalk,4.2698,4.2890,0.000
26.548,corridor,Can,-0.0164,4.0381,-2.6137,0.0000,0,ChildNeutralIdle+ChildNaturalWalk,4.1841,4.1731,0.000
26.582,corridor,Deniz,0.0000,4.0037,-1.5044,0.0000,0,ChildNeutralIdle+ChildNaturalWalk,4.2697,4.2889,0.000
26.582,corridor,Can,-0.0164,4.0381,-2.6137,0.0000,0,ChildNeutralIdle+ChildNaturalWalk,4.1845,4.1732,0.000
26.615,corridor,Deniz,0.0000,4.0037,-1.5044,0.0000,0,ChildNeutralIdle+ChildNaturalWalk,4.2696,4.2887,0.000
26.615,corridor,Can,-0.0164,4.0381,-2.6137,0.0000,0,ChildNeutralIdle+ChildNaturalWalk,4.1848,4.1733,0.000
26.649,corridor,Deniz,0.0000,4.0037,-1.5044,0.0000,0,ChildNeutralIdle+ChildNaturalWalk,4.2695,4.2885,0.000
26.649,corridor,Can,-0.0164,4.0381,-2.6137,0.0000,0,ChildNeutralIdle+ChildNaturalWalk,4.1851,4.1734,0.000
26.682,corridor,Deniz,0.0000,4.0037,-1.5044,0.0000,0,ChildNeutralIdle+ChildNaturalWalk,4.2694,4.2884,0.000
26.682,corridor,Can,-0.0164,4.0381,-2.6137,0.0000,0,ChildNeutralIdle+ChildNaturalWalk,4.1854,4.1735,0.000
26.714,corridor,Deniz,0.0000,4.0037,-1.5044,0.0000,0,ChildNeutralIdle+ChildNaturalWalk,4.2693,4.2882,0.000
26.714,corridor,Can,-0.0164,4.0381,-2.6137,0.0000,0,ChildNeutralIdle+ChildNaturalWalk,4.1858,4.1736,0.000
26.750,corridor,Deniz,0.0000,4.0037,-1.5044,0.0000,0,ChildNeutralIdle+ChildNaturalWalk,4.2692,4.2880,0.000
26.750,corridor,Can,-0.0164,4.0381,-2.6137,0.0000,0,ChildNeutralIdle+ChildNaturalWalk,4.1861,4.1737,0.000
26.782,corridor,Deniz,0.0000,4.0037,-1.5044,0.0000,0,ChildNeutralIdle+ChildNaturalWalk,4.2691,4.2879,0.000
26.782,corridor,Can,-0.0164,4.0381,-2.6137,0.0000,0,ChildNeutralIdle+ChildNaturalWalk,4.1864,4.1737,0.000
26.816,corridor,Deniz,0.0000,4.0037,-1.5044,0.0000,0,ChildNeutralIdle+ChildNaturalWalk,4.2690,4.2877,0.000
26.816,corridor,Can,-0.0164,4.0381,-2.6137,0.0000,0,ChildNeutralIdle+ChildNaturalWalk,4.1867,4.1738,0.000
26.849,corridor,Deniz,0.0000,4.0037,-1.5044,0.0000,0,ChildNeutralIdle+ChildNaturalWalk,4.2688,4.2875,0.000
26.849,corridor,Can,-0.0164,4.0381,-2.6137,0.0000,0,ChildNeutralIdle+ChildNaturalWalk,4.1870,4.1738,0.000
26.882,corridor,Deniz,0.0000,4.0037,-1.5044,0.0000,0,ChildNeutralIdle+ChildNaturalWalk,4.2687,4.2874,0.000
26.882,corridor,Can,-0.0164,4.0381,-2.6137,0.0000,0,ChildNeutralIdle+ChildNaturalWalk,4.1873,4.1738,0.000
26.918,corridor,Deniz,0.0000,4.0037,-1.5044,0.0000,0,ChildNeutralIdle+ChildNaturalWalk,4.2685,4.2872,0.000
26.918,corridor,Can,-0.0164,4.0381,-2.6137,0.0000,0,ChildNeutralIdle+ChildNaturalWalk,4.1876,4.1739,0.000
26.949,corridor,Deniz,0.0000,4.0037,-1.5044,0.0000,0,ChildNeutralIdle+ChildNaturalWalk,4.2684,4.2871,0.000
26.949,corridor,Can,-0.0164,4.0381,-2.6137,0.0000,0,ChildNeutralIdle+ChildNaturalWalk,4.1879,4.1739,0.000
26.982,corridor,Deniz,0.0000,4.0037,-1.5044,0.0000,0,ChildNeutralIdle+ChildNaturalWalk,4.2682,4.2869,0.000
26.982,corridor,Can,-0.0164,4.0381,-2.6137,0.0000,0,ChildNeutralIdle+ChildNaturalWalk,4.1881,4.1739,0.000
27.015,corridor,Deniz,0.0000,4.0037,-1.5044,0.0000,0,ChildNeutralIdle+ChildNaturalWalk,4.2681,4.2868,0.000
27.015,corridor,Can,-0.0164,4.0381,-2.6137,0.0000,0,ChildNeutralIdle+ChildNaturalWalk,4.1884,4.1738,0.000
27.047,corridor,Deniz,0.0000,4.0037,-1.5044,0.0000,0,ChildNeutralIdle+ChildNaturalWalk,4.2679,4.2867,0.000
27.047,corridor,Can,-0.0164,4.0381,-2.6137,0.0000,0,ChildNeutralIdle+ChildNaturalWalk,4.1886,4.1738,0.000
27.083,corridor,Deniz,0.0000,4.0037,-1.5044,0.0000,0,ChildNeutralIdle+ChildNaturalWalk,4.2678,4.2866,0.000
27.083,corridor,Can,-0.0164,4.0381,-2.6137,0.0000,0,ChildNeutralIdle+ChildNaturalWalk,4.1888,4.1738,0.000
27.118,corridor,Deniz,0.0000,4.0037,-1.5044,0.0000,0,ChildNeutralIdle+ChildNaturalWalk,4.2676,4.2865,0.000
27.118,corridor,Can,-0.0164,4.0381,-2.6137,0.0000,0,ChildNeutralIdle+ChildNaturalWalk,4.1890,4.1737,0.000
27.149,corridor,Deniz,0.0000,4.0037,-1.5044,0.0000,0,ChildNeutralIdle+ChildNaturalWalk,4.2674,4.2864,0.000
27.149,corridor,Can,-0.0164,4.0381,-2.6137,0.0000,0,ChildNeutralIdle+ChildNaturalWalk,4.1891,4.1737,0.000
27.182,corridor,Deniz,0.0000,4.0037,-1.5044,0.0000,0,ChildNeutralIdle+ChildNaturalWalk,4.2673,4.2863,0.000
27.182,corridor,Can,-0.0164,4.0381,-2.6137,0.0000,0,ChildNeutralIdle+ChildNaturalWalk,4.1893,4.1736,0.000
27.215,corridor,Deniz,0.0000,4.0037,-1.5044,0.0000,0,ChildNeutralIdle+ChildNaturalWalk,4.2671,4.2863,0.000
27.215,corridor,Can,-0.0164,4.0381,-2.6137,0.0000,0,ChildNeutralIdle+ChildNaturalWalk,4.1894,4.1735,0.000
27.249,corridor,Deniz,0.0000,4.0037,-1.5044,0.0000,0,ChildNeutralIdle+ChildNaturalWalk,4.2670,4.2862,0.000
27.249,corridor,Can,-0.0164,4.0381,-2.6137,0.0000,0,ChildNeutralIdle+ChildNaturalWalk,4.1895,4.1734,0.000
27.282,corridor,Deniz,0.0000,4.0037,-1.5044,0.0000,0,ChildNeutralIdle+ChildNaturalWalk,4.2668,4.2862,0.000
27.282,corridor,Can,-0.0164,4.0381,-2.6137,0.0000,0,ChildNeutralIdle+ChildNaturalWalk,4.1896,4.1733,0.000
27.316,corridor,Deniz,0.0000,4.0037,-1.5044,0.0000,0,ChildNeutralIdle+ChildNaturalWalk,4.2666,4.2861,0.000
27.316,corridor,Can,-0.0164,4.0381,-2.6137,0.0000,0,ChildNeutralIdle+ChildNaturalWalk,4.1896,4.1732,0.000
27.349,corridor,Deniz,0.0000,4.0037,-1.5044,0.0000,0,ChildNeutralIdle+ChildNaturalWalk,4.2665,4.2861,0.000
27.349,corridor,Can,-0.0164,4.0381,-2.6137,0.0000,0,ChildNeutralIdle+ChildNaturalWalk,4.1896,4.1730,0.000
27.383,corridor,Deniz,0.0000,4.0037,-1.5044,0.0000,0,ChildNeutralIdle+ChildNaturalWalk,4.2663,4.2861,0.000
27.383,corridor,Can,-0.0164,4.0381,-2.6137,0.0000,0,ChildNeutralIdle+ChildNaturalWalk,4.1896,4.1729,0.000
27.414,corridor,Deniz,0.0000,4.0037,-1.5044,0.0000,0,ChildNeutralIdle+ChildNaturalWalk,4.2662,4.2861,0.000
27.414,corridor,Can,-0.0164,4.0381,-2.6137,0.0000,0,ChildNeutralIdle+ChildNaturalWalk,4.1896,4.1728,0.000
27.448,corridor,Deniz,0.0000,4.0037,-1.5044,0.0000,0,ChildNeutralIdle+ChildNaturalWalk,4.2661,4.2861,0.000
27.448,corridor,Can,-0.0164,4.0381,-2.6137,0.0000,0,ChildNeutralIdle+ChildNaturalWalk,4.1896,4.1726,0.000
27.481,corridor,Deniz,0.0000,4.0037,-1.5044,0.0000,0,ChildNeutralIdle+ChildNaturalWalk,4.2659,4.2861,0.000
27.481,corridor,Can,-0.0164,4.0381,-2.6137,0.0000,0,ChildNeutralIdle+ChildNaturalWalk,4.1896,4.1725,0.000
27.514,corridor,Deniz,0.0000,4.0037,-1.5044,0.0000,0,ChildNeutralIdle+ChildNaturalWalk,4.2658,4.2861,0.000
27.514,corridor,Can,-0.0164,4.0381,-2.6137,0.0000,0,ChildNeutralIdle+ChildNaturalWalk,4.1895,4.1723,0.000
27.548,corridor,Deniz,0.0000,4.0037,-1.5044,0.0000,0,ChildNeutralIdle+ChildNaturalWalk,4.2657,4.2861,0.000
27.548,corridor,Can,-0.0164,4.0381,-2.6137,0.0000,0,ChildNeutralIdle+ChildNaturalWalk,4.1894,4.1722,0.000
27.581,corridor,Deniz,0.0000,4.0037,-1.5044,0.0000,0,ChildNeutralIdle+ChildNaturalWalk,4.2656,4.2861,0.000
27.581,corridor,Can,-0.0164,4.0381,-2.6137,0.0000,0,ChildNeutralIdle+ChildNaturalWalk,4.1893,4.1720,0.000
27.615,corridor,Deniz,0.0000,4.0037,-1.5044,0.0000,0,ChildNeutralIdle+ChildNaturalWalk,4.2655,4.2862,0.000
27.615,corridor,Can,-0.0164,4.0381,-2.6137,0.0000,0,ChildNeutralIdle+ChildNaturalWalk,4.1892,4.1718,0.000
27.648,corridor,Deniz,0.0000,4.0037,-1.5044,0.0000,0,ChildNeutralIdle+ChildNaturalWalk,4.2654,4.2862,0.000
27.648,corridor,Can,-0.0164,4.0381,-2.6137,0.0000,0,ChildNeutralIdle+ChildNaturalWalk,4.1891,4.1717,0.000
27.682,corridor,Deniz,0.0000,4.0037,-1.5044,0.0000,0,ChildNeutralIdle+ChildNaturalWalk,4.2653,4.2863,0.000
27.682,corridor,Can,-0.0164,4.0381,-2.6137,0.0000,0,ChildNeutralIdle+ChildNaturalWalk,4.1889,4.1715,0.000
27.716,corridor,Deniz,0.0000,4.0037,-1.5044,0.0000,0,ChildNeutralIdle+ChildNaturalWalk,4.2653,4.2864,0.000
27.716,corridor,Can,-0.0164,4.0381,-2.6137,0.0000,0,ChildNeutralIdle+ChildNaturalWalk,4.1888,4.1713,0.000
27.750,corridor,Deniz,0.0000,4.0037,-1.5044,0.0000,0,ChildNeutralIdle+ChildNaturalWalk,4.2652,4.2865,0.000
27.750,corridor,Can,-0.0164,4.0381,-2.6137,0.0000,0,ChildNeutralIdle+ChildNaturalWalk,4.1886,4.1711,0.000
27.782,corridor,Deniz,0.0000,4.0037,-1.5044,0.0000,0,ChildNeutralIdle+ChildNaturalWalk,4.2651,4.2866,0.000
27.782,corridor,Can,-0.0164,4.0381,-2.6137,0.0000,0,ChildNeutralIdle+ChildNaturalWalk,4.1884,4.1710,0.000
27.814,corridor,Deniz,0.0000,4.0037,-1.5044,0.0000,0,ChildNeutralIdle+ChildNaturalWalk,4.2651,4.2867,0.000
27.814,corridor,Can,-0.0164,4.0381,-2.6137,0.0000,0,ChildNeutralIdle+ChildNaturalWalk,4.1882,4.1708,0.000
27.848,corridor,Deniz,0.0000,4.0037,-1.5044,0.0000,0,ChildNeutralIdle+ChildNaturalWalk,4.2651,4.2868,0.000
27.848,corridor,Can,-0.0164,4.0381,-2.6137,0.0000,0,ChildNeutralIdle+ChildNaturalWalk,4.1880,4.1706,0.000
27.882,corridor,Deniz,0.0000,4.0037,-1.5044,0.0000,0,ChildNeutralIdle+ChildNaturalWalk,4.2650,4.2870,0.000
27.882,corridor,Can,-0.0164,4.0381,-2.6137,0.0000,0,ChildNeutralIdle+ChildNaturalWalk,4.1877,4.1705,0.000
27.915,corridor,Deniz,0.0000,4.0037,-1.5044,0.0000,0,ChildNeutralIdle+ChildNaturalWalk,4.2650,4.2872,0.000
27.915,corridor,Can,-0.0164,4.0381,-2.6137,0.0000,0,ChildNeutralIdle+ChildNaturalWalk,4.1875,4.1703,0.000
27.948,corridor,Deniz,0.0000,4.0037,-1.5044,0.0000,0,ChildNeutralIdle+ChildNaturalWalk,4.2650,4.2873,0.000
27.948,corridor,Can,-0.0164,4.0381,-2.6137,0.0000,0,ChildNeutralIdle+ChildNaturalWalk,4.1872,4.1701,0.000
27.981,corridor,Deniz,0.0000,4.0037,-1.5044,0.0000,0,ChildNeutralIdle+ChildNaturalWalk,4.2650,4.2875,0.000
27.981,corridor,Can,-0.0164,4.0381,-2.6137,0.0000,0,ChildNeutralIdle+ChildNaturalWalk,4.1869,4.1700,0.000
28.016,corridor,Deniz,0.0000,4.0037,-1.5044,0.0000,0,ChildNeutralIdle+ChildNaturalWalk,4.2650,4.2877,0.000
28.016,corridor,Can,-0.0164,4.0381,-2.6137,0.0000,0,ChildNeutralIdle+ChildNaturalWalk,4.1866,4.1698,0.000
28.048,corridor,Deniz,0.0000,4.0037,-1.5044,0.0000,0,ChildNeutralIdle+ChildNaturalWalk,4.2651,4.2879,0.000
28.048,corridor,Can,-0.0164,4.0381,-2.6137,0.0000,0,ChildNeutralIdle+ChildNaturalWalk,4.1863,4.1697,0.000
28.083,corridor,Deniz,0.0000,4.0037,-1.5044,0.0000,0,ChildNeutralIdle+ChildNaturalWalk,4.2651,4.2882,0.000
28.083,corridor,Can,-0.0164,4.0381,-2.6137,0.0000,0,ChildNeutralIdle+ChildNaturalWalk,4.1860,4.1695,0.000
28.117,corridor,Deniz,0.0000,4.0037,-1.5044,0.0000,0,ChildNeutralIdle+ChildNaturalWalk,4.2652,4.2884,0.000
28.117,corridor,Can,-0.0164,4.0381,-2.6137,0.0000,0,ChildNeutralIdle+ChildNaturalWalk,4.1857,4.1694,0.000
28.150,corridor,Deniz,0.0000,4.0037,-1.5044,0.0000,0,ChildNeutralIdle+ChildNaturalWalk,4.2652,4.2886,0.000
28.150,corridor,Can,-0.0164,4.0381,-2.6137,0.0000,0,ChildNeutralIdle+ChildNaturalWalk,4.1854,4.1693,0.000
28.185,corridor,Deniz,0.0000,4.0037,-1.5044,0.0000,0,ChildNeutralIdle+ChildNaturalWalk,4.2653,4.2888,0.000
28.185,corridor,Can,-0.0164,4.0381,-2.6137,0.0000,0,ChildNeutralIdle+ChildNaturalWalk,4.1851,4.1692,0.000
28.217,corridor,Deniz,0.0000,4.0037,-1.5044,0.0000,0,ChildNeutralIdle+ChildNaturalWalk,4.2654,4.2890,0.000
28.217,corridor,Can,-0.0164,4.0381,-2.6137,0.0000,0,ChildNeutralIdle+ChildNaturalWalk,4.1847,4.1690,0.000
28.252,corridor,Deniz,0.0000,4.0037,-1.5044,0.0000,0,ChildNeutralIdle+ChildNaturalWalk,4.2655,4.2891,0.000
28.252,corridor,Can,-0.0164,4.0381,-2.6137,0.0000,0,ChildNeutralIdle+ChildNaturalWalk,4.1844,4.1689,0.000
28.283,corridor,Deniz,0.0000,4.0037,-1.5044,0.0000,0,ChildNeutralIdle+ChildNaturalWalk,4.2656,4.2893,0.000
28.283,corridor,Can,-0.0164,4.0381,-2.6137,0.0000,0,ChildNeutralIdle+ChildNaturalWalk,4.1841,4.1688,0.000
28.314,corridor,Deniz,0.0000,4.0037,-1.5044,0.0000,0,ChildNeutralIdle+ChildNaturalWalk,4.2658,4.2895,0.000
28.314,corridor,Can,-0.0164,4.0381,-2.6137,0.0000,0,ChildNeutralIdle+ChildNaturalWalk,4.1838,4.1688,0.000
28.348,corridor,Deniz,0.0000,4.0037,-1.5044,0.0000,0,ChildNeutralIdle+ChildNaturalWalk,4.2659,4.2896,0.000
28.348,corridor,Can,-0.0164,4.0381,-2.6137,0.0000,0,ChildNeutralIdle+ChildNaturalWalk,4.1835,4.1687,0.000
28.383,corridor,Deniz,0.0000,4.0037,-1.5044,0.0000,0,ChildNeutralIdle+ChildNaturalWalk,4.2660,4.2897,0.000
28.383,corridor,Can,-0.0164,4.0381,-2.6137,0.0000,0,ChildNeutralIdle+ChildNaturalWalk,4.1832,4.1686,0.000
28.416,corridor,Deniz,0.0000,4.0037,-1.5044,0.0000,0,ChildNeutralIdle+ChildNaturalWalk,4.2662,4.2898,0.000
28.416,corridor,Can,-0.0164,4.0381,-2.6137,0.0000,0,ChildNeutralIdle+ChildNaturalWalk,4.1829,4.1686,0.000
28.449,corridor,Deniz,0.0000,4.0037,-1.5044,0.0000,0,ChildNeutralIdle+ChildNaturalWalk,4.2663,4.2899,0.000
28.449,corridor,Can,-0.0164,4.0381,-2.6137,0.0000,0,ChildNeutralIdle+ChildNaturalWalk,4.1827,4.1686,0.000
28.483,corridor,Deniz,0.0000,4.0037,-1.5044,0.0000,0,ChildNeutralIdle+ChildNaturalWalk,4.2664,4.2901,0.000
28.483,corridor,Can,-0.0164,4.0381,-2.6137,0.0000,0,ChildNeutralIdle+ChildNaturalWalk,4.1824,4.1686,0.000
28.516,corridor,Deniz,0.0000,4.0037,-1.5044,0.0000,0,ChildNeutralIdle+ChildNaturalWalk,4.2666,4.2901,0.000
28.516,corridor,Can,-0.0164,4.0381,-2.6137,0.0000,0,ChildNeutralIdle+ChildNaturalWalk,4.1822,4.1686,0.000
28.548,corridor,Deniz,0.0000,4.0037,-1.5044,0.0000,0,ChildNeutralIdle+ChildNaturalWalk,4.2667,4.2902,0.000
28.548,corridor,Can,-0.0164,4.0381,-2.6137,0.0000,0,ChildNeutralIdle+ChildNaturalWalk,4.1820,4.1686,0.000
28.584,corridor,Deniz,0.0000,4.0037,-1.5044,0.0000,0,ChildNeutralIdle+ChildNaturalWalk,4.2669,4.2903,0.000
28.584,corridor,Can,-0.0164,4.0381,-2.6137,0.0000,0,ChildNeutralIdle+ChildNaturalWalk,4.1817,4.1686,0.000
28.617,corridor,Deniz,0.0000,4.0037,-1.5044,0.0000,0,ChildNeutralIdle+ChildNaturalWalk,4.2670,4.2904,0.000
28.617,corridor,Can,-0.0164,4.0381,-2.6137,0.0000,0,ChildNeutralIdle+ChildNaturalWalk,4.1816,4.1686,0.000
28.649,corridor,Deniz,0.0000,4.0037,-1.5044,0.0000,0,ChildNeutralIdle+ChildNaturalWalk,4.2672,4.2904,0.000
28.649,corridor,Can,-0.0164,4.0381,-2.6137,0.0000,0,ChildNeutralIdle+ChildNaturalWalk,4.1814,4.1687,0.000
28.683,corridor,Deniz,0.0000,4.0037,-1.5044,0.0000,0,ChildNeutralIdle+ChildNaturalWalk,4.2674,4.2905,0.000
28.683,corridor,Can,-0.0164,4.0381,-2.6137,0.0000,0,ChildNeutralIdle+ChildNaturalWalk,4.1812,4.1688,0.000
28.716,corridor,Deniz,0.0000,4.0037,-1.5044,0.0000,0,ChildNeutralIdle+ChildNaturalWalk,4.2675,4.2905,0.000
28.716,corridor,Can,-0.0164,4.0381,-2.6137,0.0000,0,ChildNeutralIdle+ChildNaturalWalk,4.1811,4.1689,0.000
28.756,corridor,Deniz,0.0000,4.0037,-1.5044,0.0000,0,ChildNeutralIdle+ChildNaturalWalk,4.2677,4.2905,0.000
28.756,corridor,Can,-0.0164,4.0381,-2.6137,0.0000,0,ChildNeutralIdle+ChildNaturalWalk,4.1810,4.1690,0.000
28.789,corridor,Deniz,0.0000,4.0037,-1.5044,0.0000,0,ChildNeutralIdle+ChildNaturalWalk,4.2678,4.2906,0.000
28.789,corridor,Can,-0.0164,4.0381,-2.6137,0.0000,0,ChildNeutralIdle+ChildNaturalWalk,4.1809,4.1691,0.000
28.824,corridor,Deniz,0.0000,4.0037,-1.5044,0.0000,0,ChildNeutralIdle+ChildNaturalWalk,4.2680,4.2906,0.000
28.824,corridor,Can,-0.0164,4.0381,-2.6137,0.0000,0,ChildNeutralIdle+ChildNaturalWalk,4.1808,4.1692,0.000
28.855,corridor,Deniz,0.0000,4.0037,-1.5044,0.0000,0,ChildNeutralIdle+ChildNaturalWalk,4.2681,4.2906,0.000
28.855,corridor,Can,-0.0164,4.0381,-2.6137,0.0000,0,ChildNeutralIdle+ChildNaturalWalk,4.1808,4.1694,0.000
28.888,corridor,Deniz,0.0000,4.0037,-1.5044,0.0000,0,ChildNeutralIdle+ChildNaturalWalk,4.2683,4.2906,0.000
28.888,corridor,Can,-0.0164,4.0381,-2.6137,0.0000,0,ChildNeutralIdle+ChildNaturalWalk,4.1807,4.1695,0.000
28.922,corridor,Deniz,0.0000,4.0037,-1.5044,0.0000,0,ChildNeutralIdle+ChildNaturalWalk,4.2684,4.2906,0.000
28.922,corridor,Can,-0.0164,4.0381,-2.6137,0.0000,0,ChildNeutralIdle+ChildNaturalWalk,4.1807,4.1697,0.000
28.956,corridor,Deniz,0.0000,4.0037,-1.5044,0.0000,0,ChildNeutralIdle+ChildNaturalWalk,4.2685,4.2906,0.000
28.956,corridor,Can,-0.0164,4.0381,-2.6137,0.0000,0,ChildNeutralIdle+ChildNaturalWalk,4.1808,4.1699,0.000
28.989,corridor,Deniz,0.0000,4.0037,-1.5044,0.0000,0,ChildNeutralIdle+ChildNaturalWalk,4.2687,4.2905,0.000
28.989,corridor,Can,-0.0164,4.0381,-2.6137,0.0000,0,ChildNeutralIdle+ChildNaturalWalk,4.1808,4.1700,0.000
29.022,corridor,Deniz,0.0000,4.0037,-1.5044,0.0000,0,ChildNeutralIdle+ChildNaturalWalk,4.2688,4.2905,0.000
29.022,corridor,Can,-0.0164,4.0381,-2.6137,0.0000,0,ChildNeutralIdle+ChildNaturalWalk,4.1809,4.1702,0.000
29.055,corridor,Deniz,0.0000,4.0037,-1.5044,0.0000,0,ChildNeutralIdle+ChildNaturalWalk,4.2689,4.2905,0.000
29.055,corridor,Can,-0.0164,4.0381,-2.6137,0.0000,0,ChildNeutralIdle+ChildNaturalWalk,4.1809,4.1704,0.000
29.089,corridor,Deniz,0.0000,4.0037,-1.5044,0.0000,0,ChildNeutralIdle+ChildNaturalWalk,4.2691,4.2904,0.000
29.089,corridor,Can,-0.0164,4.0381,-2.6137,0.0000,0,ChildNeutralIdle+ChildNaturalWalk,4.1810,4.1705,0.000
29.122,corridor,Deniz,0.0000,4.0037,-1.5044,0.0000,0,ChildNeutralIdle+ChildNaturalWalk,4.2692,4.2903,0.000
29.122,corridor,Can,-0.0164,4.0381,-2.6137,0.0000,0,ChildNeutralIdle+ChildNaturalWalk,4.1812,4.1707,0.000
29.156,corridor,Deniz,0.0000,4.0037,-1.5044,0.0000,0,ChildNeutralIdle+ChildNaturalWalk,4.2693,4.2903,0.000
29.156,corridor,Can,-0.0164,4.0381,-2.6137,0.0000,0,ChildNeutralIdle+ChildNaturalWalk,4.1813,4.1709,0.000
29.189,corridor,Deniz,0.0000,4.0037,-1.5044,0.0000,0,ChildNeutralIdle+ChildNaturalWalk,4.2694,4.2902,0.000
29.189,corridor,Can,-0.0164,4.0381,-2.6137,0.0000,0,ChildNeutralIdle+ChildNaturalWalk,4.1815,4.1711,0.000
29.223,corridor,Deniz,0.0000,4.0037,-1.5044,0.0000,0,ChildNeutralIdle+ChildNaturalWalk,4.2695,4.2901,0.000
29.223,corridor,Can,-0.0164,4.0381,-2.6137,0.0000,0,ChildNeutralIdle+ChildNaturalWalk,4.1817,4.1712,0.000
29.258,corridor,Deniz,0.0000,4.0037,-1.5044,0.0000,0,ChildNeutralIdle+ChildNaturalWalk,4.2695,4.2900,0.000
29.258,corridor,Can,-0.0164,4.0381,-2.6137,0.0000,0,ChildNeutralIdle+ChildNaturalWalk,4.1819,4.1714,0.000
29.290,corridor,Deniz,0.0000,4.0037,-1.5044,0.0000,0,ChildNeutralIdle+ChildNaturalWalk,4.2696,4.2899,0.000
29.290,corridor,Can,-0.0164,4.0381,-2.6137,0.0000,0,ChildNeutralIdle+ChildNaturalWalk,4.1821,4.1716,0.000
29.327,corridor,Deniz,0.0000,4.0037,-1.5044,0.0000,0,ChildNeutralIdle+ChildNaturalWalk,4.2697,4.2898,0.000
29.327,corridor,Can,-0.0164,4.0381,-2.6137,0.0000,0,ChildNeutralIdle+ChildNaturalWalk,4.1823,4.1717,0.000
29.355,corridor,Deniz,0.0000,4.0037,-1.5044,0.0000,0,ChildNeutralIdle+ChildNaturalWalk,4.2697,4.2896,0.000
29.355,corridor,Can,-0.0164,4.0381,-2.6137,0.0000,0,ChildNeutralIdle+ChildNaturalWalk,4.1826,4.1719,0.000
29.391,corridor,Deniz,0.0000,4.0037,-1.5044,0.0000,0,ChildNeutralIdle+ChildNaturalWalk,4.2697,4.2895,0.000
29.391,corridor,Can,-0.0164,4.0381,-2.6137,0.0000,0,ChildNeutralIdle+ChildNaturalWalk,4.1829,4.1720,0.000
29.421,corridor,Deniz,0.0000,4.0037,-1.5044,0.0000,0,ChildNeutralIdle+ChildNaturalWalk,4.2697,4.2893,0.000
29.421,corridor,Can,-0.0164,4.0381,-2.6137,0.0000,0,ChildNeutralIdle+ChildNaturalWalk,4.1832,4.1722,0.000
29.457,corridor,Deniz,0.0000,4.0037,-1.5044,0.0000,0,ChildNeutralIdle+ChildNaturalWalk,4.2697,4.2892,0.000
29.457,corridor,Can,-0.0164,4.0381,-2.6137,0.0000,0,ChildNeutralIdle+ChildNaturalWalk,4.1835,4.1723,0.000
29.489,corridor,Deniz,0.0000,4.0037,-1.5044,0.0000,0,ChildNeutralIdle+ChildNaturalWalk,4.2697,4.2890,0.000
29.489,corridor,Can,-0.0164,4.0381,-2.6137,0.0000,0,ChildNeutralIdle+ChildNaturalWalk,4.1838,4.1725,0.000
29.525,corridor,Deniz,0.0000,4.0037,-1.5044,0.0000,0,ChildNeutralIdle+ChildNaturalWalk,4.2697,4.2889,0.000
29.525,corridor,Can,-0.0164,4.0381,-2.6137,0.0000,0,ChildNeutralIdle+ChildNaturalWalk,4.1841,4.1726,0.000
29.556,corridor,Deniz,0.0000,4.0037,-1.5044,0.0000,0,ChildNeutralIdle+ChildNaturalWalk,4.2696,4.2887,0.000
29.556,corridor,Can,-0.0164,4.0381,-2.6137,0.0000,0,ChildNeutralIdle+ChildNaturalWalk,4.1844,4.1727,0.000
29.589,corridor,Deniz,0.0000,4.0037,-1.5044,0.0000,0,ChildNeutralIdle+ChildNaturalWalk,4.2696,4.2886,0.000
29.589,corridor,Can,-0.0164,4.0381,-2.6137,0.0000,0,ChildNeutralIdle+ChildNaturalWalk,4.1847,4.1728,0.000
29.621,corridor,Deniz,0.0000,4.0037,-1.5044,0.0000,0,ChildNeutralIdle+ChildNaturalWalk,4.2695,4.2885,0.000
29.621,corridor,Can,-0.0164,4.0381,-2.6137,0.0000,0,ChildNeutralIdle+ChildNaturalWalk,4.1850,4.1730,0.000
29.655,corridor,Deniz,0.0000,4.0037,-1.5044,0.0000,0,ChildNeutralIdle+ChildNaturalWalk,4.2694,4.2883,0.000
29.655,corridor,Can,-0.0164,4.0381,-2.6137,0.0000,0,ChildNeutralIdle+ChildNaturalWalk,4.1854,4.1731,0.000
29.688,corridor,Deniz,0.0000,4.0037,-1.5044,0.0000,0,ChildNeutralIdle+ChildNaturalWalk,4.2693,4.2882,0.000
29.688,corridor,Can,-0.0164,4.0381,-2.6137,0.0000,0,ChildNeutralIdle+ChildNaturalWalk,4.1857,4.1732,0.000
29.721,corridor,Deniz,0.0000,4.0037,-1.5044,0.0000,0,ChildNeutralIdle+ChildNaturalWalk,4.2692,4.2881,0.000
29.721,corridor,Can,-0.0164,4.0381,-2.6137,0.0000,0,ChildNeutralIdle+ChildNaturalWalk,4.1860,4.1733,0.000
29.755,corridor,Deniz,0.0000,4.0037,-1.5044,0.0000,0,ChildNeutralIdle+ChildNaturalWalk,4.2691,4.2879,0.000
29.755,corridor,Can,-0.0164,4.0381,-2.6137,0.0000,0,ChildNeutralIdle+ChildNaturalWalk,4.1863,4.1734,0.000
29.789,corridor,Deniz,0.0000,4.0037,-1.5044,0.0000,0,ChildNeutralIdle+ChildNaturalWalk,4.2690,4.2878,0.000
29.789,corridor,Can,-0.0164,4.0381,-2.6137,0.0000,0,ChildNeutralIdle+ChildNaturalWalk,4.1867,4.1734,0.000
29.822,corridor,Deniz,0.0000,4.0037,-1.5044,0.0000,0,ChildNeutralIdle+ChildNaturalWalk,4.2688,4.2877,0.000
29.822,corridor,Can,-0.0164,4.0381,-2.6137,0.0000,0,ChildNeutralIdle+ChildNaturalWalk,4.1870,4.1735,0.000
29.855,corridor,Deniz,0.0000,4.0037,-1.5044,0.0000,0,ChildNeutralIdle+ChildNaturalWalk,4.2687,4.2876,0.000
29.855,corridor,Can,-0.0164,4.0381,-2.6137,0.0000,0,ChildNeutralIdle+ChildNaturalWalk,4.1873,4.1736,0.000
29.888,corridor,Deniz,0.0000,4.0037,-1.5044,0.0000,0,ChildNeutralIdle+ChildNaturalWalk,4.2685,4.2874,0.000
29.888,corridor,Can,-0.0164,4.0381,-2.6137,0.0000,0,ChildNeutralIdle+ChildNaturalWalk,4.1876,4.1736,0.000
29.922,corridor,Deniz,0.0000,4.0037,-1.5044,0.0000,0,ChildNeutralIdle+ChildNaturalWalk,4.2684,4.2873,0.000
29.922,corridor,Can,-0.0164,4.0381,-2.6137,0.0000,0,ChildNeutralIdle+ChildNaturalWalk,4.1879,4.1737,0.000
29.955,corridor,Deniz,0.0000,4.0037,-1.5044,0.0000,0,ChildNeutralIdle+ChildNaturalWalk,4.2682,4.2872,0.000
29.955,corridor,Can,-0.0164,4.0381,-2.6137,0.0000,0,ChildNeutralIdle+ChildNaturalWalk,4.1882,4.1737,0.000
29.989,corridor,Deniz,0.0000,4.0037,-1.5044,0.0000,0,ChildNeutralIdle+ChildNaturalWalk,4.2680,4.2871,0.000
29.989,corridor,Can,-0.0164,4.0381,-2.6137,0.0000,0,ChildNeutralIdle+ChildNaturalWalk,4.1884,4.1737,0.000
30.023,corridor,Deniz,0.0000,4.0037,-1.5044,0.0000,0,ChildNeutralIdle+ChildNaturalWalk,4.2679,4.2870,0.000
30.023,corridor,Can,-0.0164,4.0381,-2.6137,0.0000,0,ChildNeutralIdle+ChildNaturalWalk,4.1887,4.1737,0.000
30.058,corridor,Deniz,0.0000,4.0037,-1.5044,0.0000,0,ChildNeutralIdle+ChildNaturalWalk,4.2677,4.2869,0.000
30.058,corridor,Can,-0.0164,4.0381,-2.6137,0.0000,0,ChildNeutralIdle+ChildNaturalWalk,4.1889,4.1737,0.000
30.089,corridor,Deniz,0.0000,4.0037,-1.5044,0.0000,0,ChildNeutralIdle+ChildNaturalWalk,4.2675,4.2869,0.000
30.089,corridor,Can,-0.0164,4.0381,-2.6137,0.0000,0,ChildNeutralIdle+ChildNaturalWalk,4.1891,4.1737,0.000
30.122,corridor,Deniz,0.0000,4.0037,-1.5044,0.0000,0,ChildNeutralIdle+ChildNaturalWalk,4.2673,4.2868,0.000
30.122,corridor,Can,-0.0164,4.0381,-2.6137,0.0000,0,ChildNeutralIdle+ChildNaturalWalk,4.1893,4.1737,0.000
30.156,corridor,Deniz,0.0000,4.0037,-1.5044,0.0000,0,ChildNeutralIdle+ChildNaturalWalk,4.2672,4.2867,0.000
30.156,corridor,Can,-0.0164,4.0381,-2.6137,0.0000,0,ChildNeutralIdle+ChildNaturalWalk,4.1895,4.1736,0.000
30.188,corridor,Deniz,0.0000,4.0037,-1.5044,0.0000,0,ChildNeutralIdle+ChildNaturalWalk,4.2670,4.2867,0.000
30.188,corridor,Can,-0.0164,4.0381,-2.6137,0.0000,0,ChildNeutralIdle+ChildNaturalWalk,4.1896,4.1736,0.000
30.221,corridor,Deniz,0.0000,4.0037,-1.5044,0.0000,0,ChildNeutralIdle+ChildNaturalWalk,4.2668,4.2867,0.000
30.221,corridor,Can,-0.0164,4.0381,-2.6137,0.0000,0,ChildNeutralIdle+ChildNaturalWalk,4.1898,4.1735,0.000
30.256,corridor,Deniz,0.0000,4.0037,-1.5044,0.0000,0,ChildNeutralIdle+ChildNaturalWalk,4.2666,4.2866,0.000
30.256,corridor,Can,-0.0164,4.0381,-2.6137,0.0000,0,ChildNeutralIdle+ChildNaturalWalk,4.1898,4.1734,0.000
30.290,corridor,Deniz,0.0000,4.0037,-1.5044,0.0000,0,ChildNeutralIdle+ChildNaturalWalk,4.2665,4.2866,0.000
30.290,corridor,Can,-0.0164,4.0381,-2.6137,0.0000,0,ChildNeutralIdle+ChildNaturalWalk,4.1899,4.1733,0.000
30.323,corridor,Deniz,0.0000,4.0037,-1.5044,0.0000,0,ChildNeutralIdle+ChildNaturalWalk,4.2663,4.2866,0.000
30.323,corridor,Can,-0.0164,4.0381,-2.6137,0.0000,0,ChildNeutralIdle+ChildNaturalWalk,4.1900,4.1732,0.000
30.355,corridor,Deniz,0.0000,4.0037,-1.5044,0.0000,0,ChildNeutralIdle+ChildNaturalWalk,4.2661,4.2866,0.000
30.355,corridor,Can,-0.0164,4.0381,-2.6137,0.0000,0,ChildNeutralIdle+ChildNaturalWalk,4.1900,4.1731,0.000
30.391,corridor,Deniz,0.0000,4.0037,-1.5044,0.0000,0,ChildNeutralIdle+ChildNaturalWalk,4.2660,4.2866,0.000
30.391,corridor,Can,-0.0164,4.0381,-2.6137,0.0000,0,ChildNeutralIdle+ChildNaturalWalk,4.1900,4.1730,0.000
30.422,corridor,Deniz,0.0000,4.0037,-1.5044,0.0000,0,ChildNeutralIdle+ChildNaturalWalk,4.2658,4.2866,0.000
30.422,corridor,Can,-0.0164,4.0381,-2.6137,0.0000,0,ChildNeutralIdle+ChildNaturalWalk,4.1900,4.1729,0.000
30.456,corridor,Deniz,0.0000,4.0037,-1.5044,0.0000,0,ChildNeutralIdle+ChildNaturalWalk,4.2657,4.2866,0.000
30.456,corridor,Can,-0.0164,4.0381,-2.6137,0.0000,0,ChildNeutralIdle+ChildNaturalWalk,4.1900,4.1728,0.000
30.488,corridor,Deniz,0.0000,4.0037,-1.5044,0.0000,0,ChildNeutralIdle+ChildNaturalWalk,4.2655,4.2866,0.000
30.488,corridor,Can,-0.0164,4.0381,-2.6137,0.0000,0,ChildNeutralIdle+ChildNaturalWalk,4.1899,4.1726,0.000
30.522,corridor,Deniz,0.0000,4.0037,-1.5044,0.0000,0,ChildNeutralIdle+ChildNaturalWalk,4.2654,4.2867,0.000
30.522,corridor,Can,-0.0164,4.0381,-2.6137,0.0000,0,ChildNeutralIdle+ChildNaturalWalk,4.1899,4.1725,0.000
30.556,corridor,Deniz,0.0000,4.0037,-1.5044,0.0000,0,ChildNeutralIdle+ChildNaturalWalk,4.2652,4.2867,0.000
30.556,corridor,Can,-0.0164,4.0381,-2.6137,0.0000,0,ChildNeutralIdle+ChildNaturalWalk,4.1898,4.1724,0.000
30.589,corridor,Deniz,0.0000,4.0037,-1.5044,0.0000,0,ChildNeutralIdle+ChildNaturalWalk,4.2651,4.2868,0.000
30.589,corridor,Can,-0.0164,4.0381,-2.6137,0.0000,0,ChildNeutralIdle+ChildNaturalWalk,4.1897,4.1722,0.000
30.622,corridor,Deniz,0.0000,4.0037,-1.5044,0.0000,0,ChildNeutralIdle+ChildNaturalWalk,4.2650,4.2868,0.000
30.622,corridor,Can,-0.0164,4.0381,-2.6137,0.0000,0,ChildNeutralIdle+ChildNaturalWalk,4.1895,4.1721,0.000
30.656,corridor,Deniz,0.0000,4.0037,-1.5044,0.0000,0,ChildNeutralIdle+ChildNaturalWalk,4.2649,4.2869,0.000
30.656,corridor,Can,-0.0164,4.0381,-2.6137,0.0000,0,ChildNeutralIdle+ChildNaturalWalk,4.1894,4.1719,0.000
30.691,corridor,Deniz,0.0000,4.0037,-1.5044,0.0000,0,ChildNeutralIdle+ChildNaturalWalk,4.2648,4.2870,0.000
30.691,corridor,Can,-0.0164,4.0381,-2.6137,0.0000,0,ChildNeutralIdle+ChildNaturalWalk,4.1892,4.1717,0.000
30.722,corridor,Deniz,0.0000,4.0037,-1.5044,0.0000,0,ChildNeutralIdle+ChildNaturalWalk,4.2647,4.2871,0.000
30.722,corridor,Can,-0.0164,4.0381,-2.6137,0.0000,0,ChildNeutralIdle+ChildNaturalWalk,4.1890,4.1716,0.000
30.757,corridor,Deniz,0.0000,4.0037,-1.5044,0.0000,0,ChildNeutralIdle+ChildNaturalWalk,4.2646,4.2872,0.000
30.757,corridor,Can,-0.0164,4.0381,-2.6137,0.0000,0,ChildNeutralIdle+ChildNaturalWalk,4.1888,4.1714,0.000
30.789,corridor,Deniz,0.0000,4.0037,-1.5044,0.0000,0,ChildNeutralIdle+ChildNaturalWalk,4.2646,4.2873,0.000
30.789,corridor,Can,-0.0164,4.0381,-2.6137,0.0000,0,ChildNeutralIdle+ChildNaturalWalk,4.1886,4.1713,0.000
30.825,corridor,Deniz,0.0000,4.0037,-1.5044,0.0000,0,ChildNeutralIdle+ChildNaturalWalk,4.2646,4.2874,0.000
30.825,corridor,Can,-0.0164,4.0381,-2.6137,0.0000,0,ChildNeutralIdle+ChildNaturalWalk,4.1883,4.1711,0.000
30.856,corridor,Deniz,0.0000,4.0037,-1.5044,0.0000,0,ChildNeutralIdle+ChildNaturalWalk,4.2646,4.2876,0.000
30.856,corridor,Can,-0.0164,4.0381,-2.6137,0.0000,0,ChildNeutralIdle+ChildNaturalWalk,4.1881,4.1709,0.000
30.889,corridor,Deniz,0.0000,4.0037,-1.5044,0.0000,0,ChildNeutralIdle+ChildNaturalWalk,4.2646,4.2877,0.000
30.889,corridor,Can,-0.0164,4.0381,-2.6137,0.0000,0,ChildNeutralIdle+ChildNaturalWalk,4.1878,4.1708,0.000
30.922,corridor,Deniz,0.0000,4.0037,-1.5044,0.0000,0,ChildNeutralIdle+ChildNaturalWalk,4.2646,4.2879,0.000
30.922,corridor,Can,-0.0164,4.0381,-2.6137,0.0000,0,ChildNeutralIdle+ChildNaturalWalk,4.1875,4.1706,0.000
30.955,corridor,Deniz,0.0000,4.0037,-1.5044,0.0000,0,ChildNeutralIdle+ChildNaturalWalk,4.2647,4.2880,0.000
30.955,corridor,Can,-0.0164,4.0381,-2.6137,0.0000,0,ChildNeutralIdle+ChildNaturalWalk,4.1872,4.1705,0.000
30.988,corridor,Deniz,0.0000,4.0037,-1.5044,0.0000,0,ChildNeutralIdle+ChildNaturalWalk,4.2647,4.2882,0.000
30.988,corridor,Can,-0.0164,4.0381,-2.6137,0.0000,0,ChildNeutralIdle+ChildNaturalWalk,4.1869,4.1703,0.000
31.022,corridor,Deniz,0.0000,4.0037,-1.5044,0.0000,0,ChildNeutralIdle+ChildNaturalWalk,4.2648,4.2883,0.000
31.022,corridor,Can,-0.0164,4.0381,-2.6137,0.0000,0,ChildNeutralIdle+ChildNaturalWalk,4.1866,4.1702,0.000
31.056,corridor,Deniz,0.0000,4.0037,-1.5044,0.0000,0,ChildNeutralIdle+ChildNaturalWalk,4.2649,4.2885,0.000
31.056,corridor,Can,-0.0164,4.0381,-2.6137,0.0000,0,ChildNeutralIdle+ChildNaturalWalk,4.1862,4.1701,0.000
31.088,corridor,Deniz,0.0000,4.0037,-1.5044,0.0000,0,ChildNeutralIdle+ChildNaturalWalk,4.2650,4.2886,0.000
31.088,corridor,Can,-0.0164,4.0381,-2.6137,0.0000,0,ChildNeutralIdle+ChildNaturalWalk,4.1859,4.1699,0.000
31.122,corridor,Deniz,0.0000,4.0037,-1.5044,0.0000,0,ChildNeutralIdle+ChildNaturalWalk,4.2651,4.2888,0.000
31.122,corridor,Can,-0.0164,4.0381,-2.6137,0.0000,0,ChildNeutralIdle+ChildNaturalWalk,4.1855,4.1698,0.000
31.155,corridor,Deniz,0.0000,4.0037,-1.5044,0.0000,0,ChildNeutralIdle+ChildNaturalWalk,4.2652,4.2889,0.000
31.155,corridor,Can,-0.0164,4.0381,-2.6137,0.0000,0,ChildNeutralIdle+ChildNaturalWalk,4.1852,4.1697,0.000
31.189,corridor,Deniz,0.0000,4.0037,-1.5044,0.0000,0,ChildNeutralIdle+ChildNaturalWalk,4.2653,4.2891,0.000
31.189,corridor,Can,-0.0164,4.0381,-2.6137,0.0000,0,ChildNeutralIdle+ChildNaturalWalk,4.1849,4.1696,0.000
31.221,corridor,Deniz,0.0000,4.0037,-1.5044,0.0000,0,ChildNeutralIdle+ChildNaturalWalk,4.2654,4.2892,0.000
31.221,corridor,Can,-0.0164,4.0381,-2.6137,0.0000,0,ChildNeutralIdle+ChildNaturalWalk,4.1845,4.1695,0.000
31.256,corridor,Deniz,0.0000,4.0037,-1.5044,0.0000,0,ChildNeutralIdle+ChildNaturalWalk,4.2655,4.2893,0.000
31.256,corridor,Can,-0.0164,4.0381,-2.6137,0.0000,0,ChildNeutralIdle+ChildNaturalWalk,4.1842,4.1694,0.000
31.288,corridor,Deniz,0.0000,4.0037,-1.5044,0.0000,0,ChildNeutralIdle+ChildNaturalWalk,4.2656,4.2894,0.000
31.288,corridor,Can,-0.0164,4.0381,-2.6137,0.0000,0,ChildNeutralIdle+ChildNaturalWalk,4.1839,4.1693,0.000
31.323,corridor,Deniz,0.0000,4.0037,-1.5044,0.0000,0,ChildNeutralIdle+ChildNaturalWalk,4.2658,4.2896,0.000
31.323,corridor,Can,-0.0164,4.0381,-2.6137,0.0000,0,ChildNeutralIdle+ChildNaturalWalk,4.1835,4.1692,0.000
31.355,corridor,Deniz,0.0000,4.0037,-1.5044,0.0000,0,ChildNeutralIdle+ChildNaturalWalk,4.2659,4.2897,0.000
31.355,corridor,Can,-0.0164,4.0381,-2.6137,0.0000,0,ChildNeutralIdle+ChildNaturalWalk,4.1832,4.1691,0.000
31.389,corridor,Deniz,0.0000,4.0037,-1.5044,0.0000,0,ChildNeutralIdle+ChildNaturalWalk,4.2661,4.2898,0.000
31.389,corridor,Can,-0.0164,4.0381,-2.6137,0.0000,0,ChildNeutralIdle+ChildNaturalWalk,4.1829,4.1691,0.000
31.422,corridor,Deniz,0.0000,4.0037,-1.5044,0.0000,0,ChildNeutralIdle+ChildNaturalWalk,4.2662,4.2899,0.000
31.422,corridor,Can,-0.0164,4.0381,-2.6137,0.0000,0,ChildNeutralIdle+ChildNaturalWalk,4.1826,4.1690,0.000
31.455,corridor,Deniz,0.0000,4.0037,-1.5044,0.0000,0,ChildNeutralIdle+ChildNaturalWalk,4.2664,4.2900,0.000
31.455,corridor,Can,-0.0164,4.0381,-2.6137,0.0000,0,ChildNeutralIdle+ChildNaturalWalk,4.1823,4.1690,0.000
31.490,corridor,Deniz,0.0000,4.0037,-1.5044,0.0000,0,ChildNeutralIdle+ChildNaturalWalk,4.2665,4.2901,0.000
31.490,corridor,Can,-0.0164,4.0381,-2.6137,0.0000,0,ChildNeutralIdle+ChildNaturalWalk,4.1820,4.1690,0.000
31.522,corridor,Deniz,0.0000,4.0037,-1.5044,0.0000,0,ChildNeutralIdle+ChildNaturalWalk,4.2667,4.2902,0.000
31.522,corridor,Can,-0.0164,4.0381,-2.6137,0.0000,0,ChildNeutralIdle+ChildNaturalWalk,4.1818,4.1690,0.000
31.557,corridor,Deniz,0.0000,4.0037,-1.5044,0.0000,0,ChildNeutralIdle+ChildNaturalWalk,4.2669,4.2902,0.000
31.557,corridor,Can,-0.0164,4.0381,-2.6137,0.0000,0,ChildNeutralIdle+ChildNaturalWalk,4.1815,4.1690,0.000
31.589,corridor,Deniz,0.0000,4.0037,-1.5044,0.0000,0,ChildNeutralIdle+ChildNaturalWalk,4.2670,4.2903,0.000
31.589,corridor,Can,-0.0164,4.0381,-2.6137,0.0000,0,ChildNeutralIdle+ChildNaturalWalk,4.1814,4.1691,0.000
31.623,corridor,Deniz,0.0000,4.0037,-1.5044,0.0000,0,ChildNeutralIdle+ChildNaturalWalk,4.2672,4.2904,0.000
31.623,corridor,Can,-0.0164,4.0381,-2.6137,0.0000,0,ChildNeutralIdle+ChildNaturalWalk,4.1812,4.1692,0.000
31.656,corridor,Deniz,0.0000,4.0037,-1.5044,0.0000,0,ChildNeutralIdle+ChildNaturalWalk,4.2674,4.2904,0.000
31.656,corridor,Can,-0.0164,4.0381,-2.6137,0.0000,0,ChildNeutralIdle+ChildNaturalWalk,4.1811,4.1693,0.000
31.690,corridor,Deniz,0.0000,4.0037,-1.5044,0.0000,0,ChildNeutralIdle+ChildNaturalWalk,4.2675,4.2905,0.000
31.690,corridor,Can,-0.0164,4.0381,-2.6137,0.0000,0,ChildNeutralIdle+ChildNaturalWalk,4.1810,4.1694,0.000
31.722,corridor,Deniz,0.0000,4.0037,-1.5044,0.0000,0,ChildNeutralIdle+ChildNaturalWalk,4.2677,4.2905,0.000
31.722,corridor,Can,-0.0164,4.0381,-2.6137,0.0000,0,ChildNeutralIdle+ChildNaturalWalk,4.1809,4.1695,0.000
31.756,corridor,Deniz,0.0000,4.0037,-1.5044,0.0000,0,ChildNeutralIdle+ChildNaturalWalk,4.2679,4.2905,0.000
31.756,corridor,Can,-0.0164,4.0381,-2.6137,0.0000,0,ChildNeutralIdle+ChildNaturalWalk,4.1808,4.1696,0.000
31.789,corridor,Deniz,0.0000,4.0037,-1.5044,0.0000,0,ChildNeutralIdle+ChildNaturalWalk,4.2680,4.2906,0.000
31.789,corridor,Can,-0.0164,4.0381,-2.6137,0.0000,0,ChildNeutralIdle+ChildNaturalWalk,4.1808,4.1698,0.000
31.822,corridor,Deniz,0.0000,4.0037,-1.5044,0.0000,0,ChildNeutralIdle+ChildNaturalWalk,4.2682,4.2906,0.000
31.822,corridor,Can,-0.0164,4.0381,-2.6137,0.0000,0,ChildNeutralIdle+ChildNaturalWalk,4.1807,4.1699,0.000
31.855,corridor,Deniz,0.0000,4.0037,-1.5044,0.0000,0,ChildNeutralIdle+ChildNaturalWalk,4.2683,4.2906,0.000
31.855,corridor,Can,-0.0164,4.0381,-2.6137,0.0000,0,ChildNeutralIdle+ChildNaturalWalk,4.1807,4.1701,0.000
31.889,corridor,Deniz,0.0000,4.0037,-1.5044,0.0000,0,ChildNeutralIdle+ChildNaturalWalk,4.2685,4.2905,0.000
31.889,corridor,Can,-0.0164,4.0381,-2.6137,0.0000,0,ChildNeutralIdle+ChildNaturalWalk,4.1807,4.1702,0.000
31.923,corridor,Deniz,0.0000,4.0037,-1.5044,0.0000,0,ChildNeutralIdle+ChildNaturalWalk,4.2686,4.2905,0.000
31.923,corridor,Can,-0.0164,4.0381,-2.6137,0.0000,0,ChildNeutralIdle+ChildNaturalWalk,4.1807,4.1704,0.000
31.954,corridor,Deniz,0.0000,4.0037,-1.5044,0.0000,0,ChildNeutralIdle+ChildNaturalWalk,4.2688,4.2905,0.000
31.954,corridor,Can,-0.0164,4.0381,-2.6137,0.0000,0,ChildNeutralIdle+ChildNaturalWalk,4.1808,4.1705,0.000
31.990,corridor,Deniz,0.0000,4.0037,-1.5044,0.0000,0,ChildNeutralIdle+ChildNaturalWalk,4.2689,4.2904,0.000
31.990,corridor,Can,-0.0164,4.0381,-2.6137,0.0000,0,ChildNeutralIdle+ChildNaturalWalk,4.1808,4.1707,0.000
32.022,corridor,Deniz,0.0000,4.0037,-1.5044,0.0000,0,ChildNeutralIdle+ChildNaturalWalk,4.2691,4.2904,0.000
32.022,corridor,Can,-0.0164,4.0381,-2.6137,0.0000,0,ChildNeutralIdle+ChildNaturalWalk,4.1809,4.1709,0.000
32.062,corridor,Deniz,0.0000,4.0037,-1.5044,0.0000,0,ChildNeutralIdle+ChildNaturalWalk,4.2692,4.2903,0.000
32.062,corridor,Can,-0.0164,4.0381,-2.6137,0.0000,0,ChildNeutralIdle+ChildNaturalWalk,4.1810,4.1710,0.000
32.097,corridor,Deniz,0.0000,4.0037,-1.5044,0.0000,0,ChildNeutralIdle+ChildNaturalWalk,4.2693,4.2903,0.000
32.097,corridor,Can,-0.0164,4.0381,-2.6137,0.0000,0,ChildNeutralIdle+ChildNaturalWalk,4.1811,4.1712,0.000
32.130,corridor,Deniz,0.0000,4.0037,-1.5044,0.0000,0,ChildNeutralIdle+ChildNaturalWalk,4.2694,4.2902,0.000
32.130,corridor,Can,-0.0164,4.0381,-2.6137,0.0000,0,ChildNeutralIdle+ChildNaturalWalk,4.1813,4.1714,0.000
32.163,corridor,Deniz,0.0000,4.0037,-1.5044,0.0000,0,ChildNeutralIdle+ChildNaturalWalk,4.2695,4.2901,0.000
32.163,corridor,Can,-0.0164,4.0381,-2.6137,0.0000,0,ChildNeutralIdle+ChildNaturalWalk,4.1814,4.1715,0.000
32.196,corridor,Deniz,0.0000,4.0037,-1.5044,0.0000,0,ChildNeutralIdle+ChildNaturalWalk,4.2696,4.2901,0.000
32.196,corridor,Can,-0.0164,4.0381,-2.6137,0.0000,0,ChildNeutralIdle+ChildNaturalWalk,4.1816,4.1717,0.000
32.229,corridor,Deniz,0.0000,4.0037,-1.5044,0.0000,0,ChildNeutralIdle+ChildNaturalWalk,4.2697,4.2900,0.000
32.229,corridor,Can,-0.0164,4.0381,-2.6137,0.0000,0,ChildNeutralIdle+ChildNaturalWalk,4.1818,4.1719,0.000
32.262,corridor,Deniz,0.0000,4.0037,-1.5044,0.0000,0,ChildNeutralIdle+ChildNaturalWalk,4.2698,4.2899,0.000
32.262,corridor,Can,-0.0164,4.0381,-2.6137,0.0000,0,ChildNeutralIdle+ChildNaturalWalk,4.1820,4.1720,0.000
32.297,corridor,Deniz,0.0000,4.0037,-1.5044,0.0000,0,ChildNeutralIdle+ChildNaturalWalk,4.2698,4.2898,0.000
32.297,corridor,Can,-0.0164,4.0381,-2.6137,0.0000,0,ChildNeutralIdle+ChildNaturalWalk,4.1823,4.1722,0.000
32.329,corridor,Deniz,0.0000,4.0037,-1.5044,0.0000,0,ChildNeutralIdle+ChildNaturalWalk,4.2698,4.2897,0.000
32.329,corridor,Can,-0.0164,4.0381,-2.6137,0.0000,0,ChildNeutralIdle+ChildNaturalWalk,4.1825,4.1723,0.000
32.363,corridor,Deniz,0.0000,4.0037,-1.5044,0.0000,0,ChildNeutralIdle+ChildNaturalWalk,4.2699,4.2896,0.000
32.363,corridor,Can,-0.0164,4.0381,-2.6137,0.0000,0,ChildNeutralIdle+ChildNaturalWalk,4.1828,4.1725,0.000
32.395,corridor,Deniz,0.0000,4.0037,-1.5044,0.0000,0,ChildNeutralIdle+ChildNaturalWalk,4.2699,4.2895,0.000
32.395,corridor,Can,-0.0164,4.0381,-2.6137,0.0000,0,ChildNeutralIdle+ChildNaturalWalk,4.1831,4.1726,0.000
32.431,corridor,Deniz,0.0000,4.0037,-1.5044,0.0000,0,ChildNeutralIdle+ChildNaturalWalk,4.2699,4.2894,0.000
32.431,corridor,Can,-0.0164,4.0381,-2.6137,0.0000,0,ChildNeutralIdle+ChildNaturalWalk,4.1834,4.1728,0.000
32.463,corridor,Deniz,0.0000,4.0037,-1.5044,0.0000,0,ChildNeutralIdle+ChildNaturalWalk,4.2698,4.2892,0.000
32.463,corridor,Can,-0.0164,4.0381,-2.6137,0.0000,0,ChildNeutralIdle+ChildNaturalWalk,4.1837,4.1729,0.000
32.499,corridor,Deniz,0.0000,4.0037,-1.5044,0.0000,0,ChildNeutralIdle,4.2698,4.2891,0.000
32.499,corridor,Can,-0.0164,4.0381,-2.6137,0.0000,0,ChildNeutralIdle+ChildNaturalWalk,4.1840,4.1730,0.000
32.531,corridor,Deniz,0.0000,4.0037,-1.5044,0.0000,0,ChildNeutralIdle,4.2697,4.2889,0.000
32.531,corridor,Can,-0.0164,4.0381,-2.6137,0.0000,0,ChildNeutralIdle,4.1843,4.1731,0.000
32.562,corridor,Deniz,0.0000,4.0037,-1.5044,0.0000,0,ChildNeutralIdle,4.2697,4.2888,0.000
32.562,corridor,Can,-0.0164,4.0381,-2.6137,0.0000,0,ChildNeutralIdle,4.1846,4.1733,0.000
32.598,corridor,Deniz,0.0000,4.0037,-1.5044,0.0000,0,ChildNeutralIdle,4.2696,4.2886,0.000
32.598,corridor,Can,-0.0164,4.0381,-2.6137,0.0000,0,ChildNeutralIdle,4.1849,4.1734,0.000
32.631,corridor,Deniz,0.0000,4.0037,-1.5044,0.0000,0,ChildNeutralIdle,4.2695,4.2885,0.000
32.631,corridor,Can,-0.0164,4.0381,-2.6137,0.0000,0,ChildNeutralIdle,4.1852,4.1735,0.000
32.665,corridor,Deniz,0.0000,4.0037,-1.5044,0.0000,0,ChildNeutralIdle,4.2694,4.2883,0.000
32.665,corridor,Can,-0.0164,4.0381,-2.6137,0.0000,0,ChildNeutralIdle,4.1856,4.1735,0.000
32.698,corridor,Deniz,0.0000,4.0037,-1.5044,0.0000,0,ChildNeutralIdle,4.2693,4.2881,0.000
32.698,corridor,Can,-0.0164,4.0381,-2.6137,0.0000,0,ChildNeutralIdle,4.1859,4.1736,0.000
32.729,corridor,Deniz,0.0000,4.0037,-1.5044,0.0000,0,ChildNeutralIdle,4.2692,4.2880,0.000
32.729,corridor,Can,-0.0164,4.0381,-2.6137,0.0000,0,ChildNeutralIdle,4.1862,4.1737,0.000
32.763,corridor,Deniz,0.0000,4.0037,-1.5044,0.0000,0,ChildNeutralIdle,4.2690,4.2878,0.000
32.763,corridor,Can,-0.0164,4.0381,-2.6137,0.0000,0,ChildNeutralIdle,4.1865,4.1737,0.000
32.799,corridor,Deniz,0.0000,4.0037,-1.5044,0.0000,0,ChildNeutralIdle,4.2689,4.2876,0.000
32.799,corridor,Can,-0.0164,4.0381,-2.6137,0.0000,0,ChildNeutralIdle,4.1868,4.1738,0.000
32.830,corridor,Deniz,0.0000,4.0037,-1.5044,0.0000,0,ChildNeutralIdle,4.2688,4.2875,0.000
32.830,corridor,Can,-0.0164,4.0381,-2.6137,0.0000,0,ChildNeutralIdle,4.1871,4.1738,0.000
32.863,corridor,Deniz,0.0000,4.0037,-1.5044,0.0000,0,ChildNeutralIdle,4.2686,4.2873,0.000
32.863,corridor,Can,-0.0164,4.0381,-2.6137,0.0000,0,ChildNeutralIdle,4.1874,4.1738,0.000
32.896,corridor,Deniz,0.0000,4.0037,-1.5044,0.0000,0,ChildNeutralIdle,4.2685,4.2872,0.000
32.896,corridor,Can,-0.0164,4.0381,-2.6137,0.0000,0,ChildNeutralIdle,4.1877,4.1739,0.000
32.931,corridor,Deniz,0.0000,4.0037,-1.5044,0.0000,0,ChildNeutralIdle,4.2683,4.2870,0.000
32.931,corridor,Can,-0.0164,4.0381,-2.6137,0.0000,0,ChildNeutralIdle,4.1880,4.1739,0.000
32.963,corridor,Deniz,0.0000,4.0037,-1.5044,0.0000,0,ChildNeutralIdle,4.2682,4.2869,0.000
32.963,corridor,Can,-0.0164,4.0381,-2.6137,0.0000,0,ChildNeutralIdle,4.1882,4.1739,0.000
32.996,corridor,Deniz,0.0000,4.0037,-1.5044,0.0000,0,ChildNeutralIdle,4.2680,4.2868,0.000
32.996,corridor,Can,-0.0164,4.0381,-2.6137,0.0000,0,ChildNeutralIdle,4.1885,4.1738,0.000
33.030,corridor,Deniz,0.0000,4.0037,-1.5044,0.0000,0,ChildNeutralIdle,4.2678,4.2866,0.000
33.030,corridor,Can,-0.0164,4.0381,-2.6137,0.0000,0,ChildNeutralIdle,4.1887,4.1738,0.000
33.063,corridor,Deniz,0.0000,4.0037,-1.5044,0.0000,0,ChildNeutralIdle,4.2677,4.2865,0.000
33.063,corridor,Can,-0.0164,4.0381,-2.6137,0.0000,0,ChildNeutralIdle,4.1889,4.1738,0.000
33.096,corridor,Deniz,0.0000,4.0037,-1.5044,0.0000,0,ChildNeutralIdle,4.2675,4.2864,0.000
33.096,corridor,Can,-0.0164,4.0381,-2.6137,0.0000,0,ChildNeutralIdle,4.1891,4.1737,0.000
33.129,corridor,Deniz,0.0000,4.0037,-1.5044,0.0000,0,ChildNeutralIdle,4.2674,4.2864,0.000
33.129,corridor,Can,-0.0164,4.0381,-2.6137,0.0000,0,ChildNeutralIdle,4.1892,4.1736,0.000
33.162,corridor,Deniz,0.0000,4.0037,-1.5044,0.0000,0,ChildNeutralIdle,4.2672,4.2863,0.000
33.162,corridor,Can,-0.0164,4.0381,-2.6137,0.0000,0,ChildNeutralIdle,4.1893,4.1735,0.000
33.196,corridor,Deniz,0.0000,4.0037,-1.5044,0.0000,0,ChildNeutralIdle,4.2670,4.2862,0.000
33.196,corridor,Can,-0.0164,4.0381,-2.6137,0.0000,0,ChildNeutralIdle,4.1894,4.1735,0.000
33.229,corridor,Deniz,0.0000,4.0037,-1.5044,0.0000,0,ChildNeutralIdle,4.2669,4.2862,0.000
33.229,corridor,Can,-0.0164,4.0381,-2.6137,0.0000,0,ChildNeutralIdle,4.1895,4.1733,0.000
33.262,corridor,Deniz,0.0000,4.0037,-1.5044,0.0000,0,ChildNeutralIdle,4.2667,4.2861,0.000
33.262,corridor,Can,-0.0164,4.0381,-2.6137,0.0000,0,ChildNeutralIdle,4.1896,4.1732,0.000
33.296,corridor,Deniz,0.0000,4.0037,-1.5044,0.0000,0,ChildNeutralIdle,4.2666,4.2861,0.000
33.296,corridor,Can,-0.0164,4.0381,-2.6137,0.0000,0,ChildNeutralIdle,4.1896,4.1731,0.000
33.329,corridor,Deniz,0.0000,4.0037,-1.5044,0.0000,0,ChildNeutralIdle,4.2664,4.2861,0.000
33.329,corridor,Can,-0.0164,4.0381,-2.6137,0.0000,0,ChildNeutralIdle,4.1896,4.1730,0.000
33.362,corridor,Deniz,0.0000,4.0037,-1.5044,0.0000,0,ChildNeutralIdle,4.2663,4.2861,0.000
33.362,corridor,Can,-0.0164,4.0381,-2.6137,0.0000,0,ChildNeutralIdle,4.1896,4.1728,0.000
33.397,corridor,Deniz,0.0000,4.0037,-1.5044,0.0000,0,ChildNeutralIdle,4.2662,4.2861,0.000
33.397,corridor,Can,-0.0164,4.0381,-2.6137,0.0000,0,ChildNeutralIdle,4.1896,4.1727,0.000
33.429,corridor,Deniz,0.0000,4.0037,-1.5044,0.0000,0,ChildNeutralIdle,4.2660,4.2861,0.000
33.429,corridor,Can,-0.0164,4.0381,-2.6137,0.0000,0,ChildNeutralIdle,4.1896,4.1726,0.000
33.463,corridor,Deniz,0.0000,4.0037,-1.5044,0.0000,0,ChildNeutralIdle,4.2659,4.2861,0.000
33.463,corridor,Can,-0.0164,4.0381,-2.6137,0.0000,0,ChildNeutralIdle,4.1895,4.1724,0.000
33.496,corridor,Deniz,0.0000,4.0037,-1.5044,0.0000,0,ChildNeutralIdle,4.2658,4.2861,0.000
33.496,corridor,Can,-0.0164,4.0381,-2.6137,0.0000,0,ChildNeutralIdle,4.1895,4.1722,0.000
33.529,corridor,Deniz,0.0000,4.0037,-1.5044,0.0000,0,ChildNeutralIdle,4.2657,4.2861,0.000
33.529,corridor,Can,-0.0164,4.0381,-2.6137,0.0000,0,ChildNeutralIdle,4.1894,4.1721,0.000
33.565,corridor,Deniz,0.0000,4.0037,-1.5044,0.0000,0,ChildNeutralIdle,4.2656,4.2861,0.000
33.565,corridor,Can,-0.0164,4.0381,-2.6137,0.0000,0,ChildNeutralIdle,4.1893,4.1719,0.000
33.597,corridor,Deniz,0.0000,4.0037,-1.5044,0.0000,0,ChildNeutralIdle,4.2655,4.2862,0.000
33.597,corridor,Can,-0.0164,4.0381,-2.6137,0.0000,0,ChildNeutralIdle,4.1892,4.1718,0.000
33.632,corridor,Deniz,0.0000,4.0037,-1.5044,0.0000,0,ChildNeutralIdle,4.2654,4.2863,0.000
33.632,corridor,Can,-0.0164,4.0381,-2.6137,0.0000,0,ChildNeutralIdle,4.1890,4.1716,0.000
33.664,corridor,Deniz,0.0000,4.0037,-1.5044,0.0000,0,ChildNeutralIdle,4.2653,4.2863,0.000
33.664,corridor,Can,-0.0164,4.0381,-2.6137,0.0000,0,ChildNeutralIdle,4.1889,4.1714,0.000
33.697,corridor,Deniz,0.0000,4.0037,-1.5044,0.0000,0,ChildNeutralIdle,4.2652,4.2864,0.000
33.697,corridor,Can,-0.0164,4.0381,-2.6137,0.0000,0,ChildNeutralIdle,4.1887,4.1712,0.000
33.730,corridor,Deniz,0.0000,4.0037,-1.5044,0.0000,0,ChildNeutralIdle,4.2652,4.2865,0.000
33.730,corridor,Can,-0.0164,4.0381,-2.6137,0.0000,0,ChildNeutralIdle,4.1885,4.1711,0.000
33.763,corridor,Deniz,0.0000,4.0037,-1.5044,0.0000,0,ChildNeutralIdle,4.2651,4.2866,0.000
33.763,corridor,Can,-0.0164,4.0381,-2.6137,0.0000,0,ChildNeutralIdle,4.1883,4.1709,0.000
33.798,corridor,Deniz,0.0000,4.0037,-1.5044,0.0000,0,ChildNeutralIdle,4.2651,4.2868,0.000
33.798,corridor,Can,-0.0164,4.0381,-2.6137,0.0000,0,ChildNeutralIdle,4.1881,4.1707,0.000
33.830,corridor,Deniz,0.0000,4.0037,-1.5044,0.0000,0,ChildNeutralIdle,4.2650,4.2869,0.000
33.830,corridor,Can,-0.0164,4.0381,-2.6137,0.0000,0,ChildNeutralIdle,4.1879,4.1706,0.000
33.864,corridor,Deniz,0.0000,4.0037,-1.5044,0.0000,0,ChildNeutralIdle,4.2650,4.2871,0.000
33.864,corridor,Can,-0.0164,4.0381,-2.6137,0.0000,0,ChildNeutralIdle,4.1876,4.1704,0.000
33.896,corridor,Deniz,0.0000,4.0037,-1.5044,0.0000,0,ChildNeutralIdle,4.2650,4.2872,0.000
33.896,corridor,Can,-0.0164,4.0381,-2.6137,0.0000,0,ChildNeutralIdle,4.1874,4.1702,0.000
33.929,corridor,Deniz,0.0000,4.0037,-1.5044,0.0000,0,ChildNeutralIdle,4.2650,4.2874,0.000
33.929,corridor,Can,-0.0164,4.0381,-2.6137,0.0000,0,ChildNeutralIdle,4.1871,4.1701,0.000
33.962,corridor,Deniz,0.0000,4.0037,-1.5044,0.0000,0,ChildNeutralIdle,4.2650,4.2876,0.000
33.962,corridor,Can,-0.0164,4.0381,-2.6137,0.0000,0,ChildNeutralIdle,4.1868,4.1699,0.000
33.997,corridor,Deniz,0.0000,4.0037,-1.5044,0.0000,0,ChildNeutralIdle,4.2650,4.2878,0.000
33.997,corridor,Can,-0.0164,4.0381,-2.6137,0.0000,0,ChildNeutralIdle,4.1865,4.1698,0.000
34.029,corridor,Deniz,0.0000,4.0037,-1.5044,0.0000,0,ChildNeutralIdle,4.2651,4.2880,0.000
34.029,corridor,Can,-0.0164,4.0381,-2.6137,0.0000,0,ChildNeutralIdle,4.1862,4.1696,0.000
34.063,corridor,Deniz,0.0000,4.0037,-1.5044,0.0000,0,ChildNeutralIdle,4.2651,4.2882,0.000
34.063,corridor,Can,-0.0164,4.0381,-2.6137,0.0000,0,ChildNeutralIdle,4.1859,4.1695,0.000
34.096,corridor,Deniz,0.0000,4.0037,-1.5044,0.0000,0,ChildNeutralIdle,4.2652,4.2885,0.000
34.096,corridor,Can,-0.0164,4.0381,-2.6137,0.0000,0,ChildNeutralIdle,4.1856,4.1694,0.000
34.129,corridor,Deniz,0.0000,4.0037,-1.5044,0.0000,0,ChildNeutralIdle,4.2653,4.2887,0.000
34.129,corridor,Can,-0.0164,4.0381,-2.6137,0.0000,0,ChildNeutralIdle,4.1852,4.1692,0.000
34.163,corridor,Deniz,0.0000,4.0037,-1.5044,0.0000,0,ChildNeutralIdle,4.2654,4.2889,0.000
34.163,corridor,Can,-0.0164,4.0381,-2.6137,0.0000,0,ChildNeutralIdle,4.1849,4.1691,0.000
34.196,corridor,Deniz,0.0000,4.0037,-1.5044,0.0000,0,ChildNeutralIdle,4.2655,4.2890,0.000
34.196,corridor,Can,-0.0164,4.0381,-2.6137,0.0000,0,ChildNeutralIdle,4.1846,4.1690,0.000
34.229,corridor,Deniz,0.0000,4.0037,-1.5044,0.0000,0,ChildNeutralIdle,4.2656,4.2892,0.000
34.229,corridor,Can,-0.0164,4.0381,-2.6137,0.0000,0,ChildNeutralIdle,4.1843,4.1689,0.000
34.262,corridor,Deniz,0.0000,4.0037,-1.5044,0.0000,0,ChildNeutralIdle,4.2657,4.2894,0.000
34.262,corridor,Can,-0.0164,4.0381,-2.6137,0.0000,0,ChildNeutralIdle,4.1840,4.1688,0.000
34.296,corridor,Deniz,0.0000,4.0037,-1.5044,0.0000,0,ChildNeutralIdle,4.2658,4.2895,0.000
34.296,corridor,Can,-0.0164,4.0381,-2.6137,0.0000,0,ChildNeutralIdle,4.1837,4.1687,0.000
34.330,corridor,Deniz,0.0000,4.0037,-1.5044,0.0000,0,ChildNeutralIdle,4.2659,4.2896,0.000
34.330,corridor,Can,-0.0164,4.0381,-2.6137,0.0000,0,ChildNeutralIdle,4.1834,4.1687,0.000
34.363,corridor,Deniz,0.0000,4.0037,-1.5044,0.0000,0,ChildNeutralIdle,4.2661,4.2898,0.000
34.363,corridor,Can,-0.0164,4.0381,-2.6137,0.0000,0,ChildNeutralIdle,4.1831,4.1686,0.000
34.397,corridor,Deniz,0.0000,4.0037,-1.5044,0.0000,0,ChildNeutralIdle,4.2662,4.2899,0.000
34.397,corridor,Can,-0.0164,4.0381,-2.6137,0.0000,0,ChildNeutralIdle,4.1828,4.1686,0.000
34.429,corridor,Deniz,0.0000,4.0037,-1.5044,0.0000,0,ChildNeutralIdle,4.2664,4.2900,0.000
34.429,corridor,Can,-0.0164,4.0381,-2.6137,0.0000,0,ChildNeutralIdle,4.1826,4.1686,0.000
34.462,corridor,Deniz,0.0000,4.0037,-1.5044,0.0000,0,ChildNeutralIdle,4.2665,4.2901,0.000
34.462,corridor,Can,-0.0164,4.0381,-2.6137,0.0000,0,ChildNeutralIdle,4.1823,4.1686,0.000
34.496,corridor,Deniz,0.0000,4.0037,-1.5044,0.0000,0,ChildNeutralIdle,4.2667,4.2902,0.000
34.496,corridor,Can,-0.0164,4.0381,-2.6137,0.0000,0,ChildNeutralIdle,4.1821,4.1686,0.000
34.531,corridor,Deniz,0.0000,4.0037,-1.5044,0.0000,0,ChildNeutralIdle,4.2668,4.2903,0.000
34.531,corridor,Can,-0.0164,4.0381,-2.6137,0.0000,0,ChildNeutralIdle,4.1819,4.1686,0.000
34.562,corridor,Deniz,0.0000,4.0037,-1.5044,0.0000,0,ChildNeutralIdle,4.2670,4.2903,0.000
34.562,corridor,Can,-0.0164,4.0381,-2.6137,0.0000,0,ChildNeutralIdle,4.1817,4.1686,0.000
34.597,corridor,Deniz,0.0000,4.0037,-1.5044,0.0000,0,ChildNeutralIdle,4.2671,4.2904,0.000
34.597,corridor,Can,-0.0164,4.0381,-2.6137,0.0000,0,ChildNeutralIdle,4.1815,4.1687,0.000
34.629,corridor,Deniz,0.0000,4.0037,-1.5044,0.0000,0,ChildNeutralIdle,4.2673,4.2905,0.000
34.629,corridor,Can,-0.0164,4.0381,-2.6137,0.0000,0,ChildNeutralIdle,4.1813,4.1687,0.000
34.665,corridor,Deniz,0.0000,4.0037,-1.5044,0.0000,0,ChildNeutralIdle,4.2674,4.2905,0.000
34.665,corridor,Can,-0.0164,4.0381,-2.6137,0.0000,0,ChildNeutralIdle,4.1812,4.1688,0.000
34.697,corridor,Deniz,0.0000,4.0037,-1.5044,0.0000,0,ChildNeutralIdle,4.2676,4.2905,0.000
34.697,corridor,Can,-0.0164,4.0381,-2.6137,0.0000,0,ChildNeutralIdle,4.1810,4.1689,0.000
34.730,corridor,Deniz,0.0000,4.0037,-1.5044,0.0000,0,ChildNeutralIdle,4.2677,4.2906,0.000
34.730,corridor,Can,-0.0164,4.0381,-2.6137,0.0000,0,ChildNeutralIdle,4.1809,4.1690,0.000
34.763,corridor,Deniz,0.0000,4.0037,-1.5044,0.0000,0,ChildNeutralIdle,4.2679,4.2906,0.000
34.763,corridor,Can,-0.0164,4.0381,-2.6137,0.0000,0,ChildNeutralIdle,4.1809,4.1692,0.000
34.796,corridor,Deniz,0.0000,4.0037,-1.5044,0.0000,0,ChildNeutralIdle,4.2680,4.2906,0.000
34.796,corridor,Can,-0.0164,4.0381,-2.6137,0.0000,0,ChildNeutralIdle,4.1808,4.1693,0.000
34.831,corridor,Deniz,0.0000,4.0037,-1.5044,0.0000,0,ChildNeutralIdle,4.2682,4.2906,0.000
34.831,corridor,Can,-0.0164,4.0381,-2.6137,0.0000,0,ChildNeutralIdle,4.1808,4.1695,0.000
34.863,corridor,Deniz,0.0000,4.0037,-1.5044,0.0000,0,ChildNeutralIdle,4.2683,4.2906,0.000
34.863,corridor,Can,-0.0164,4.0381,-2.6137,0.0000,0,ChildNeutralIdle,4.1807,4.1696,0.000
34.897,corridor,Deniz,0.0000,4.0037,-1.5044,0.0000,0,ChildNeutralIdle,4.2685,4.2906,0.000
34.897,corridor,Can,-0.0164,4.0381,-2.6137,0.0000,0,ChildNeutralIdle,4.1807,4.1698,0.000
34.929,corridor,Deniz,0.0000,4.0037,-1.5044,0.0000,0,ChildNeutralIdle,4.2686,4.2906,0.000
34.929,corridor,Can,-0.0164,4.0381,-2.6137,0.0000,0,ChildNeutralIdle,4.1808,4.1699,0.000
34.962,corridor,Deniz,0.0000,4.0037,-1.5044,0.0000,0,ChildNeutralIdle,4.2687,4.2905,0.000
34.962,corridor,Can,-0.0164,4.0381,-2.6137,0.0000,0,ChildNeutralIdle,4.1808,4.1701,0.000
34.997,corridor,Deniz,0.0000,4.0037,-1.5044,0.0000,0,ChildNeutralIdle,4.2689,4.2905,0.000
34.997,corridor,Can,-0.0164,4.0381,-2.6137,0.0000,0,ChildNeutralIdle,4.1809,4.1703,0.000
35.029,corridor,Deniz,0.0000,4.0037,-1.5044,0.0000,0,ChildNeutralIdle,4.2690,4.2904,0.000
35.029,corridor,Can,-0.0164,4.0381,-2.6137,0.0000,0,ChildNeutralIdle,4.1810,4.1704,0.000
35.062,corridor,Deniz,0.0000,4.0037,-1.5044,0.0000,0,ChildNeutralIdle,4.2691,4.2904,0.000
35.062,corridor,Can,-0.0164,4.0381,-2.6137,0.0000,0,ChildNeutralIdle,4.1811,4.1706,0.000
35.097,corridor,Deniz,0.0000,4.0037,-1.5044,0.0000,0,ChildNeutralIdle,4.2692,4.2903,0.000
35.097,corridor,Can,-0.0164,4.0381,-2.6137,0.0000,0,ChildNeutralIdle,4.1812,4.1708,0.000
35.131,corridor,Deniz,0.0000,4.0037,-1.5044,0.0000,0,ChildNeutralIdle,4.2693,4.2902,0.000
35.131,corridor,Can,-0.0164,4.0381,-2.6137,0.0000,0,ChildNeutralIdle,4.1814,4.1710,0.000
35.162,corridor,Deniz,0.0000,4.0037,-1.5044,0.0000,0,ChildNeutralIdle,4.2694,4.2902,0.000
35.162,corridor,Can,-0.0164,4.0381,-2.6137,0.0000,0,ChildNeutralIdle,4.1816,4.1711,0.000
35.196,corridor,Deniz,0.0000,4.0037,-1.5044,0.0000,0,ChildNeutralIdle,4.2695,4.2901,0.000
35.196,corridor,Can,-0.0164,4.0381,-2.6137,0.0000,0,ChildNeutralIdle,4.1818,4.1713,0.000
35.229,corridor,Deniz,0.0000,4.0037,-1.5044,0.0000,0,ChildNeutralIdle,4.2696,4.2899,0.000
35.229,corridor,Can,-0.0164,4.0381,-2.6137,0.0000,0,ChildNeutralIdle,4.1820,4.1715,0.000
35.262,corridor,Deniz,0.0000,4.0037,-1.5044,0.0000,0,ChildNeutralIdle,4.2696,4.2898,0.000
35.262,corridor,Can,-0.0164,4.0381,-2.6137,0.0000,0,ChildNeutralIdle,4.1822,4.1716,0.000
35.296,corridor,Deniz,0.0000,4.0037,-1.5044,0.0000,0,ChildNeutralIdle,4.2697,4.2897,0.000
35.296,corridor,Can,-0.0164,4.0381,-2.6137,0.0000,0,ChildNeutralIdle,4.1824,4.1718,0.000
35.329,corridor,Deniz,0.0000,4.0037,-1.5044,0.0000,0,ChildNeutralIdle,4.2697,4.2896,0.000
35.329,corridor,Can,-0.0164,4.0381,-2.6137,0.0000,0,ChildNeutralIdle,4.1827,4.1719,0.000
35.369,corridor,Deniz,0.0000,4.0037,-1.5044,0.0000,0,ChildNeutralIdle,4.2697,4.2894,0.000
35.369,corridor,Can,-0.0164,4.0381,-2.6137,0.0000,0,ChildNeutralIdle,4.1830,4.1721,0.000
35.402,corridor,Deniz,0.0000,4.0037,-1.5044,0.0000,0,ChildNeutralIdle,4.2697,4.2893,0.000
35.402,corridor,Can,-0.0164,4.0381,-2.6137,0.0000,0,ChildNeutralIdle,4.1833,4.1722,0.000
35.435,corridor,Deniz,0.0000,4.0037,-1.5044,0.0000,0,ChildNeutralIdle,4.2697,4.2891,0.000
35.435,corridor,Can,-0.0164,4.0381,-2.6137,0.0000,0,ChildNeutralIdle,4.1836,4.1724,0.000
35.469,corridor,Deniz,0.0000,4.0037,-1.5044,0.0000,0,ChildNeutralIdle,4.2697,4.2890,0.000
35.469,corridor,Can,-0.0164,4.0381,-2.6137,0.0000,0,ChildNeutralIdle,4.1839,4.1725,0.000
35.502,corridor,Deniz,0.0000,4.0037,-1.5044,0.0000,0,ChildNeutralIdle,4.2697,4.2888,0.000
35.502,corridor,Can,-0.0164,4.0381,-2.6137,0.0000,0,ChildNeutralIdle,4.1842,4.1726,0.000
35.535,corridor,Deniz,0.0000,4.0037,-1.5044,0.0000,0,ChildNeutralIdle,4.2696,4.2887,0.000
35.535,corridor,Can,-0.0164,4.0381,-2.6137,0.0000,0,ChildNeutralIdle,4.1845,4.1728,0.000
35.569,corridor,Deniz,0.0000,4.0037,-1.5044,0.0000,0,ChildNeutralIdle,4.2696,4.2885,0.000
35.569,corridor,Can,-0.0164,4.0381,-2.6137,0.0000,0,ChildNeutralIdle,4.1849,4.1729,0.000
35.602,corridor,Deniz,0.0000,4.0037,-1.5044,0.0000,0,ChildNeutralIdle,4.2695,4.2884,0.000
35.602,corridor,Can,-0.0164,4.0381,-2.6137,0.0000,0,ChildNeutralIdle,4.1852,4.1730,0.000
35.636,corridor,Deniz,0.0000,4.0037,-1.5044,0.0000,0,ChildNeutralIdle,4.2694,4.2883,0.000
35.636,corridor,Can,-0.0164,4.0381,-2.6137,0.0000,0,ChildNeutralIdle,4.1855,4.1731,0.000
35.669,corridor,Deniz,0.0000,4.0037,-1.5044,0.0000,0,ChildNeutralIdle,4.2693,4.2881,0.000
35.669,corridor,Can,-0.0164,4.0381,-2.6137,0.0000,0,ChildNeutralIdle,4.1858,4.1732,0.000
35.703,corridor,Deniz,0.0000,4.0037,-1.5044,0.0000,0,ChildNeutralIdle,4.2692,4.2880,0.000
35.703,corridor,Can,-0.0164,4.0381,-2.6137,0.0000,0,ChildNeutralIdle,4.1862,4.1733,0.000
35.736,corridor,Deniz,0.0000,4.0037,-1.5044,0.0000,0,ChildNeutralIdle,4.2690,4.2879,0.000
35.736,corridor,Can,-0.0164,4.0381,-2.6137,0.0000,0,ChildNeutralIdle,4.1865,4.1734,0.000
35.771,corridor,Deniz,0.0000,4.0037,-1.5044,0.0000,0,ChildNeutralIdle,4.2689,4.2878,0.000
35.771,corridor,Can,-0.0164,4.0381,-2.6137,0.0000,0,ChildNeutralIdle,4.1868,4.1735,0.000
35.803,corridor,Deniz,0.0000,4.0037,-1.5044,0.0000,0,ChildNeutralIdle,4.2688,4.2876,0.000
35.803,corridor,Can,-0.0164,4.0381,-2.6137,0.0000,0,ChildNeutralIdle,4.1871,4.1735,0.000
35.835,corridor,Deniz,0.0000,4.0037,-1.5044,0.0000,0,ChildNeutralIdle,4.2686,4.2875,0.000
35.835,corridor,Can,-0.0164,4.0381,-2.6137,0.0000,0,ChildNeutralIdle,4.1874,4.1736,0.000
35.868,corridor,Deniz,0.0000,4.0037,-1.5044,0.0000,0,ChildNeutralIdle,4.2685,4.2874,0.000
35.868,corridor,Can,-0.0164,4.0381,-2.6137,0.0000,0,ChildNeutralIdle,4.1877,4.1736,0.000
35.903,corridor,Deniz,0.0000,4.0037,-1.5044,0.0000,0,ChildNeutralIdle,4.2683,4.2873,0.000
35.903,corridor,Can,-0.0164,4.0381,-2.6137,0.0000,0,ChildNeutralIdle,4.1880,4.1737,0.000
35.936,corridor,Deniz,0.0000,4.0037,-1.5044,0.0000,0,ChildNeutralIdle,4.2681,4.2872,0.000
35.936,corridor,Can,-0.0164,4.0381,-2.6137,0.0000,0,ChildNeutralIdle,4.1883,4.1737,0.000
35.970,corridor,Deniz,0.0000,4.0037,-1.5044,0.0000,0,ChildNeutralIdle,4.2680,4.2871,0.000
35.970,corridor,Can,-0.0164,4.0381,-2.6137,0.0000,0,ChildNeutralIdle,4.1885,4.1737,0.000
36.002,corridor,Deniz,0.0000,4.0037,-1.5044,0.0000,0,ChildNeutralIdle,4.2678,4.2870,0.000
36.002,corridor,Can,-0.0164,4.0381,-2.6137,0.0000,0,ChildNeutralIdle,4.1888,4.1737,0.000
36.035,corridor,Deniz,0.0000,4.0037,-1.5044,0.0000,0,ChildNeutralIdle,4.2676,4.2869,0.000
36.035,corridor,Can,-0.0164,4.0381,-2.6137,0.0000,0,ChildNeutralIdle,4.1890,4.1737,0.000
36.068,corridor,Deniz,0.0000,4.0037,-1.5044,0.0000,0,ChildNeutralIdle,4.2674,4.2868,0.000
36.068,corridor,Can,-0.0164,4.0381,-2.6137,0.0000,0,ChildNeutralIdle,4.1892,4.1737,0.000
36.102,corridor,Deniz,0.0000,4.0037,-1.5044,0.0000,0,ChildNeutralIdle,4.2673,4.2868,0.000
36.102,corridor,Can,-0.0164,4.0381,-2.6137,0.0000,0,ChildNeutralIdle,4.1894,4.1736,0.000
36.134,corridor,Deniz,0.0000,4.0037,-1.5044,0.0000,0,ChildNeutralIdle,4.2671,4.2867,0.000
36.134,corridor,Can,-0.0164,4.0381,-2.6137,0.0000,0,ChildNeutralIdle,4.1896,4.1736,0.000
36.170,corridor,Deniz,0.0000,4.0037,-1.5044,0.0000,0,ChildNeutralIdle,4.2669,4.2867,0.000
36.170,corridor,Can,-0.0164,4.0381,-2.6137,0.0000,0,ChildNeutralIdle,4.1897,4.1735,0.000
36.202,corridor,Deniz,0.0000,4.0037,-1.5044,0.0000,0,ChildNeutralIdle,4.2667,4.2866,0.000
36.202,corridor,Can,-0.0164,4.0381,-2.6137,0.0000,0,ChildNeutralIdle,4.1898,4.1735,0.000
36.235,corridor,Deniz,0.0000,4.0037,-1.5044,0.0000,0,ChildNeutralIdle,4.2666,4.2866,0.000
36.235,corridor,Can,-0.0164,4.0381,-2.6137,0.0000,0,ChildNeutralIdle,4.1899,4.1734,0.000
36.269,corridor,Deniz,0.0000,4.0037,-1.5044,0.0000,0,ChildNeutralIdle,4.2664,4.2866,0.000
36.269,corridor,Can,-0.0164,4.0381,-2.6137,0.0000,0,ChildNeutralIdle,4.1899,4.1733,0.000
36.302,corridor,Deniz,0.0000,4.0037,-1.5044,0.0000,0,ChildNeutralIdle,4.2662,4.2866,0.000
36.302,corridor,Can,-0.0164,4.0381,-2.6137,0.0000,0,ChildNeutralIdle,4.1900,4.1732,0.000
36.335,corridor,Deniz,0.0000,4.0037,-1.5044,0.0000,0,ChildNeutralIdle,4.2661,4.2866,0.000
36.335,corridor,Can,-0.0164,4.0381,-2.6137,0.0000,0,ChildNeutralIdle,4.1900,4.1731,0.000
36.368,corridor,Deniz,0.0000,4.0037,-1.5044,0.0000,0,ChildNeutralIdle,4.2659,4.2866,0.000
36.368,corridor,Can,-0.0164,4.0381,-2.6137,0.0000,0,ChildNeutralIdle,4.1900,4.1730,0.000
36.403,corridor,Deniz,0.0000,4.0037,-1.5044,0.0000,0,ChildNeutralIdle,4.2657,4.2866,0.000
36.403,corridor,Can,-0.0164,4.0381,-2.6137,0.0000,0,ChildNeutralIdle,4.1900,4.1728,0.000
36.434,corridor,Deniz,0.0000,4.0037,-1.5044,0.0000,0,ChildNeutralIdle,4.2656,4.2866,0.000
36.434,corridor,Can,-0.0164,4.0381,-2.6137,0.0000,0,ChildNeutralIdle,4.1900,4.1727,0.000
36.469,corridor,Deniz,0.0000,4.0037,-1.5044,0.0000,0,ChildNeutralIdle,4.2655,4.2866,0.000
36.469,corridor,Can,-0.0164,4.0381,-2.6137,0.0000,0,ChildNeutralIdle,4.1899,4.1726,0.000
36.502,corridor,Deniz,0.0000,4.0037,-1.5044,0.0000,0,ChildNeutralIdle,4.2653,4.2867,0.000
36.502,corridor,Can,-0.0164,4.0381,-2.6137,0.0000,0,ChildNeutralIdle,4.1898,4.1724,0.000
36.535,corridor,Deniz,0.0000,4.0037,-1.5044,0.0000,0,ChildNeutralIdle,4.2652,4.2867,0.000
36.535,corridor,Can,-0.0164,4.0381,-2.6137,0.0000,0,ChildNeutralIdle,4.1897,4.1723,0.000
36.569,corridor,Deniz,0.0000,4.0037,-1.5044,0.0000,0,ChildNeutralIdle,4.2651,4.2868,0.000
36.569,corridor,Can,-0.0164,4.0381,-2.6137,0.0000,0,ChildNeutralIdle,4.1896,4.1721,0.000
36.603,corridor,Deniz,0.0000,4.0037,-1.5044,0.0000,0,ChildNeutralIdle,4.2650,4.2869,0.000
36.603,corridor,Can,-0.0164,4.0381,-2.6137,0.0000,0,ChildNeutralIdle,4.1895,4.1720,0.000
36.635,corridor,Deniz,0.0000,4.0037,-1.5044,0.0000,0,ChildNeutralIdle,4.2649,4.2869,0.000
36.635,corridor,Can,-0.0164,4.0381,-2.6137,0.0000,0,ChildNeutralIdle,4.1893,4.1718,0.000
36.669,corridor,Deniz,0.0000,4.0037,-1.5044,0.0000,0,ChildNeutralIdle,4.2648,4.2870,0.000
36.669,corridor,Can,-0.0164,4.0381,-2.6137,0.0000,0,ChildNeutralIdle,4.1891,4.1717,0.000
36.720,corridor,Deniz,0.0000,4.0037,-1.5044,0.0000,0,ChildNeutralIdle,4.2647,4.2871,0.000
36.720,corridor,Can,-0.0164,4.0381,-2.6137,0.0000,0,ChildNeutralIdle,4.1889,4.1715,0.000
36.737,corridor,Deniz,0.0000,4.0037,-1.5044,0.0000,0,ChildNeutralIdle,4.2646,4.2872,0.000
36.737,corridor,Can,-0.0164,4.0381,-2.6137,0.0000,0,ChildNeutralIdle,4.1887,4.1714,0.000
36.770,corridor,Deniz,0.0000,4.0037,-1.5044,0.0000,0,ChildNeutralIdle,4.2646,4.2873,0.000
36.770,corridor,Can,-0.0164,4.0381,-2.6137,0.0000,0,ChildNeutralIdle,4.1885,4.1712,0.000
36.802,corridor,Deniz,0.0000,4.0037,-1.5044,0.0000,0,ChildNeutralIdle,4.2646,4.2875,0.000
36.802,corridor,Can,-0.0164,4.0381,-2.6137,0.0000,0,ChildNeutralIdle,4.1882,4.1710,0.000
36.836,corridor,Deniz,0.0000,4.0037,-1.5044,0.0000,0,ChildNeutralIdle,4.2646,4.2876,0.000
36.836,corridor,Can,-0.0164,4.0381,-2.6137,0.0000,0,ChildNeutralIdle,4.1880,4.1709,0.000
36.869,corridor,Deniz,0.0000,4.0037,-1.5044,0.0000,0,ChildNeutralIdle,4.2646,4.2878,0.000
36.869,corridor,Can,-0.0164,4.0381,-2.6137,0.0000,0,ChildNeutralIdle,4.1877,4.1707,0.000
36.903,corridor,Deniz,0.0000,4.0037,-1.5044,0.0000,0,ChildNeutralIdle,4.2647,4.2879,0.000
36.903,corridor,Can,-0.0164,4.0381,-2.6137,0.0000,0,ChildNeutralIdle,4.1874,4.1706,0.000
36.936,corridor,Deniz,0.0000,4.0037,-1.5044,0.0000,0,ChildNeutralIdle,4.2647,4.2881,0.000
36.936,corridor,Can,-0.0164,4.0381,-2.6137,0.0000,0,ChildNeutralIdle,4.1871,4.1704,0.000
36.969,corridor,Deniz,0.0000,4.0037,-1.5044,0.0000,0,ChildNeutralIdle,4.2648,4.2882,0.000
36.969,corridor,Can,-0.0164,4.0381,-2.6137,0.0000,0,ChildNeutralIdle,4.1867,4.1703,0.000
37.004,corridor,Deniz,0.0000,4.0037,-1.5044,0.0000,0,ChildNeutralIdle,4.2648,4.2884,0.000
37.004,corridor,Can,-0.0164,4.0381,-2.6137,0.0000,0,ChildNeutralIdle,4.1864,4.1701,0.000
37.035,corridor,Deniz,0.0000,4.0037,-1.5044,0.0000,0,ChildNeutralIdle,4.2649,4.2885,0.000
37.035,corridor,Can,-0.0164,4.0381,-2.6137,0.0000,0,ChildNeutralIdle,4.1861,4.1700,0.000
37.070,corridor,Deniz,0.0000,4.0037,-1.5044,0.0000,0,ChildNeutralIdle,4.2650,4.2887,0.000
37.070,corridor,Can,-0.0164,4.0381,-2.6137,0.0000,0,ChildNeutralIdle,4.1857,4.1699,0.000
37.102,corridor,Deniz,0.0000,4.0037,-1.5044,0.0000,0,ChildNeutralIdle,4.2651,4.2888,0.000
37.102,corridor,Can,-0.0164,4.0381,-2.6137,0.0000,0,ChildNeutralIdle,4.1854,4.1697,0.000
37.136,corridor,Deniz,0.0000,4.0037,-1.5044,0.0000,0,ChildNeutralIdle,4.2652,4.2890,0.000
37.136,corridor,Can,-0.0164,4.0381,-2.6137,0.0000,0,ChildNeutralIdle,4.1851,4.1696,0.000
37.169,corridor,Deniz,0.0000,4.0037,-1.5044,0.0000,0,ChildNeutralIdle,4.2653,4.2891,0.000
37.169,corridor,Can,-0.0164,4.0381,-2.6137,0.0000,0,ChildNeutralIdle,4.1847,4.1695,0.000
37.202,corridor,Deniz,0.0000,4.0037,-1.5044,0.0000,0,ChildNeutralIdle,4.2654,4.2892,0.000
37.202,corridor,Can,-0.0164,4.0381,-2.6137,0.0000,0,ChildNeutralIdle,4.1844,4.1694,0.000
37.236,corridor,Deniz,0.0000,4.0037,-1.5044,0.0000,0,ChildNeutralIdle,4.2656,4.2894,0.000
37.236,corridor,Can,-0.0164,4.0381,-2.6137,0.0000,0,ChildNeutralIdle,4.1840,4.1693,0.000
37.268,corridor,Deniz,0.0000,4.0037,-1.5044,0.0000,0,ChildNeutralIdle,4.2657,4.2895,0.000
37.268,corridor,Can,-0.0164,4.0381,-2.6137,0.0000,0,ChildNeutralIdle,4.1837,4.1692,0.000
37.303,corridor,Deniz,0.0000,4.0037,-1.5044,0.0000,0,ChildNeutralIdle,4.2658,4.2896,0.000
37.303,corridor,Can,-0.0164,4.0381,-2.6137,0.0000,0,ChildNeutralIdle,4.1834,4.1692,0.000
37.335,corridor,Deniz,0.0000,4.0037,-1.5044,0.0000,0,ChildNeutralIdle,4.2660,4.2897,0.000
37.335,corridor,Can,-0.0164,4.0381,-2.6137,0.0000,0,ChildNeutralIdle,4.1831,4.1691,0.000
37.369,corridor,Deniz,0.0000,4.0037,-1.5044,0.0000,0,ChildNeutralIdle,4.2661,4.2898,0.000
37.369,corridor,Can,-0.0164,4.0381,-2.6137,0.0000,0,ChildNeutralIdle,4.1828,4.1691,0.000
37.402,corridor,Deniz,0.0000,4.0037,-1.5044,0.0000,0,ChildNeutralIdle,4.2663,4.2899,0.000
37.402,corridor,Can,-0.0164,4.0381,-2.6137,0.0000,0,ChildNeutralIdle,4.1825,4.1690,0.000
37.435,corridor,Deniz,0.0000,4.0037,-1.5044,0.0000,0,ChildNeutralIdle,4.2664,4.2900,0.000
37.435,corridor,Can,-0.0164,4.0381,-2.6137,0.0000,0,ChildNeutralIdle,4.1822,4.1690,0.000
37.469,corridor,Deniz,0.0000,4.0037,-1.5044,0.0000,0,ChildNeutralIdle,4.2666,4.2901,0.000
37.469,corridor,Can,-0.0164,4.0381,-2.6137,0.0000,0,ChildNeutralIdle,4.1819,4.1690,0.000
37.502,corridor,Deniz,0.0000,4.0037,-1.5044,0.0000,0,ChildNeutralIdle,4.2668,4.2902,0.000
37.502,corridor,Can,-0.0164,4.0381,-2.6137,0.0000,0,ChildNeutralIdle,4.1817,4.1690,0.000
37.536,corridor,Deniz,0.0000,4.0037,-1.5044,0.0000,0,ChildNeutralIdle,4.2669,4.2903,0.000
37.536,corridor,Can,-0.0164,4.0381,-2.6137,0.0000,0,ChildNeutralIdle,4.1815,4.1691,0.000
37.568,corridor,Deniz,0.0000,4.0037,-1.5044,0.0000,0,ChildNeutralIdle,4.2671,4.2903,0.000
37.568,corridor,Can,-0.0164,4.0381,-2.6137,0.0000,0,ChildNeutralIdle,4.1813,4.1691,0.000
37.602,corridor,Deniz,0.0000,4.0037,-1.5044,0.0000,0,ChildNeutralIdle,4.2673,4.2904,0.000
37.602,corridor,Can,-0.0164,4.0381,-2.6137,0.0000,0,ChildNeutralIdle,4.1812,4.1692,0.000
37.635,corridor,Deniz,0.0000,4.0037,-1.5044,0.0000,0,ChildNeutralIdle,4.2674,4.2905,0.000
37.635,corridor,Can,-0.0164,4.0381,-2.6137,0.0000,0,ChildNeutralIdle,4.1811,4.1693,0.000
37.668,corridor,Deniz,0.0000,4.0037,-1.5044,0.0000,0,ChildNeutralIdle,4.2676,4.2905,0.000
37.668,corridor,Can,-0.0164,4.0381,-2.6137,0.0000,0,ChildNeutralIdle,4.1810,4.1694,0.000
37.703,corridor,Deniz,0.0000,4.0037,-1.5044,0.0000,0,ChildNeutralIdle,4.2678,4.2905,0.000
37.703,corridor,Can,-0.0164,4.0381,-2.6137,0.0000,0,ChildNeutralIdle,4.1809,4.1696,0.000
37.735,corridor,Deniz,0.0000,4.0037,-1.5044,0.0000,0,ChildNeutralIdle,4.2679,4.2905,0.000
37.735,corridor,Can,-0.0164,4.0381,-2.6137,0.0000,0,ChildNeutralIdle,4.1808,4.1697,0.000
37.769,corridor,Deniz,0.0000,4.0037,-1.5044,0.0000,0,ChildNeutralIdle,4.2681,4.2906,0.000
37.769,corridor,Can,-0.0164,4.0381,-2.6137,0.0000,0,ChildNeutralIdle,4.1808,4.1698,0.000
37.802,corridor,Deniz,0.0000,4.0037,-1.5044,0.0000,0,ChildNeutralIdle,4.2682,4.2906,0.000
37.802,corridor,Can,-0.0164,4.0381,-2.6137,0.0000,0,ChildNeutralIdle,4.1807,4.1700,0.000
37.836,corridor,Deniz,0.0000,4.0037,-1.5044,0.0000,0,ChildNeutralIdle,4.2684,4.2906,0.000
37.836,corridor,Can,-0.0164,4.0381,-2.6137,0.0000,0,ChildNeutralIdle,4.1807,4.1701,0.000
37.869,corridor,Deniz,0.0000,4.0037,-1.5044,0.0000,0,ChildNeutralIdle,4.2686,4.2905,0.000
37.869,corridor,Can,-0.0164,4.0381,-2.6137,0.0000,0,ChildNeutralIdle,4.1807,4.1703,0.000
37.903,corridor,Deniz,0.0000,4.0037,-1.5044,0.0000,0,ChildNeutralIdle,4.2687,4.2905,0.000
37.903,corridor,Can,-0.0164,4.0381,-2.6137,0.0000,0,ChildNeutralIdle,4.1808,4.1704,0.000
37.937,corridor,Deniz,0.0000,4.0037,-1.5044,0.0000,0,ChildNeutralIdle,4.2689,4.2905,0.000
37.937,corridor,Can,-0.0164,4.0381,-2.6137,0.0000,0,ChildNeutralIdle,4.1808,4.1706,0.000
37.971,neighbor_layout,Deniz,0.0000,0.0041,19.5500,0.0000,0,ChildNeutralIdle,0.2693,0.2907,0.000
37.971,neighbor_layout,Can,-0.5500,0.0185,19.1000,0.0000,0,ChildNeutralIdle,0.1613,0.1512,0.000
38.003,neighbor_layout,Deniz,0.0000,0.0041,19.5500,0.0000,0,ChildNeutralIdle,0.2695,0.2907,0.000
38.003,neighbor_layout,Can,-0.5500,0.0185,19.1000,0.0000,0,ChildNeutralIdle,0.1614,0.1514,0.000
38.038,neighbor_layout,Deniz,0.0000,0.0041,19.5500,0.0000,0,ChildNeutralIdle,0.2696,0.2906,0.000
38.038,neighbor_layout,Can,-0.5500,0.0185,19.1000,0.0000,0,ChildNeutralIdle,0.1615,0.1515,0.000
38.069,neighbor_layout,Deniz,0.0000,0.0041,19.5500,0.0000,0,ChildNeutralIdle,0.2697,0.2906,0.000
38.069,neighbor_layout,Can,-0.5500,0.0185,19.1000,0.0000,0,ChildNeutralIdle,0.1616,0.1517,0.000
38.102,neighbor_layout,Deniz,0.0000,0.0041,19.5500,0.0000,0,ChildNeutralIdle,0.2698,0.2905,0.000
38.102,neighbor_layout,Can,-0.5500,0.0185,19.1000,0.0000,0,ChildNeutralIdle,0.1618,0.1519,0.000
38.136,neighbor_layout,Deniz,0.0000,0.0041,19.5500,0.0000,0,ChildNeutralIdle,0.2699,0.2905,0.000
38.136,neighbor_layout,Can,-0.5500,0.0185,19.1000,0.0000,0,ChildNeutralIdle,0.1620,0.1520,0.000
38.169,neighbor_layout,Deniz,0.0000,0.0041,19.5500,0.0000,0,ChildNeutralIdle,0.2700,0.2904,0.000
38.169,neighbor_layout,Can,-0.5500,0.0185,19.1000,0.0000,0,ChildNeutralIdle,0.1622,0.1522,0.000
38.202,neighbor_layout,Deniz,0.0000,0.0041,19.5500,0.0000,0,ChildNeutralIdle,0.2701,0.2903,0.000
38.202,neighbor_layout,Can,-0.5500,0.0185,19.1000,0.0000,0,ChildNeutralIdle,0.1624,0.1524,0.000
38.235,neighbor_layout,Deniz,0.0000,0.0041,19.5500,0.0000,0,ChildNeutralIdle,0.2701,0.2902,0.000
38.235,neighbor_layout,Can,-0.5500,0.0185,19.1000,0.0000,0,ChildNeutralIdle,0.1626,0.1525,0.000
38.269,neighbor_layout,Deniz,0.0000,0.0041,19.5500,0.0000,0,ChildNeutralIdle,0.2702,0.2901,0.000
38.269,neighbor_layout,Can,-0.5500,0.0185,19.1000,0.0000,0,ChildNeutralIdle,0.1628,0.1527,0.000
38.301,neighbor_layout,Deniz,0.0000,0.0041,19.5500,0.0000,0,ChildNeutralIdle,0.2702,0.2900,0.000
38.301,neighbor_layout,Can,-0.5500,0.0185,19.1000,0.0000,0,ChildNeutralIdle,0.1631,0.1528,0.000
38.336,neighbor_layout,Deniz,0.0000,0.0041,19.5500,0.0000,0,ChildNeutralIdle,0.2702,0.2899,0.000
38.336,neighbor_layout,Can,-0.5500,0.0185,19.1000,0.0000,0,ChildNeutralIdle,0.1634,0.1530,0.000
38.368,neighbor_layout,Deniz,0.0000,0.0041,19.5500,0.0000,0,ChildNeutralIdle,0.2702,0.2898,0.000
38.368,neighbor_layout,Can,-0.5500,0.0185,19.1000,0.0000,0,ChildNeutralIdle,0.1636,0.1531,0.000
38.401,neighbor_layout,Deniz,0.0000,0.0041,19.5500,0.0000,0,ChildNeutralIdle,0.2702,0.2897,0.000
38.401,neighbor_layout,Can,-0.5500,0.0185,19.1000,0.0000,0,ChildNeutralIdle,0.1639,0.1533,0.000
38.435,neighbor_layout,Deniz,0.0000,0.0041,19.5500,0.0000,0,ChildNeutralIdle,0.2702,0.2895,0.000
38.435,neighbor_layout,Can,-0.5500,0.0185,19.1000,0.0000,0,ChildNeutralIdle,0.1642,0.1534,0.000
38.469,neighbor_layout,Deniz,0.0000,0.0041,19.5500,0.0000,0,ChildNeutralIdle,0.2701,0.2894,0.000
38.469,neighbor_layout,Can,-0.5500,0.0185,19.1000,0.0000,0,ChildNeutralIdle,0.1645,0.1535,0.000
38.502,neighbor_layout,Deniz,0.0000,0.0041,19.5500,0.0000,0,ChildNeutralIdle,0.2700,0.2892,0.000
38.502,neighbor_layout,Can,-0.5500,0.0185,19.1000,0.0000,0,ChildNeutralIdle,0.1649,0.1536,0.000
38.535,neighbor_layout,Deniz,0.0000,0.0041,19.5500,0.0000,0,ChildNeutralIdle,0.2700,0.2891,0.000
38.535,neighbor_layout,Can,-0.5500,0.0185,19.1000,0.0000,0,ChildNeutralIdle,0.1652,0.1537,0.000
38.569,neighbor_layout,Deniz,0.0000,0.0041,19.5500,0.0000,0,ChildNeutralIdle,0.2699,0.2889,0.000
38.569,neighbor_layout,Can,-0.5500,0.0185,19.1000,0.0000,0,ChildNeutralIdle,0.1655,0.1538,0.000
38.602,neighbor_layout,Deniz,0.0000,0.0041,19.5500,0.0000,0,ChildNeutralIdle,0.2698,0.2887,0.000
38.602,neighbor_layout,Can,-0.5500,0.0185,19.1000,0.0000,0,ChildNeutralIdle,0.1658,0.1539,0.000
38.635,neighbor_layout,Deniz,0.0000,0.0041,19.5500,0.0000,0,ChildNeutralIdle,0.2697,0.2886,0.000
38.635,neighbor_layout,Can,-0.5500,0.0185,19.1000,0.0000,0,ChildNeutralIdle,0.1661,0.1540,0.000
38.676,neighbor_layout,Deniz,0.0000,0.0041,19.5500,0.0000,0,ChildNeutralIdle,0.2696,0.2884,0.000
38.676,neighbor_layout,Can,-0.5500,0.0185,19.1000,0.0000,0,ChildNeutralIdle,0.1665,0.1541,0.000
38.707,neighbor_layout,Deniz,0.0000,0.0041,19.5500,0.0000,0,ChildNeutralIdle,0.2694,0.2882,0.000
38.707,neighbor_layout,Can,-0.5500,0.0185,19.1000,0.0000,0,ChildNeutralIdle,0.1668,0.1541,0.000
38.741,neighbor_layout,Deniz,0.0000,0.0041,19.5500,0.0000,0,ChildNeutralIdle,0.2693,0.2881,0.000
38.741,neighbor_layout,Can,-0.5500,0.0185,19.1000,0.0000,0,ChildNeutralIdle,0.1671,0.1542,0.000
38.775,neighbor_layout,Deniz,0.0000,0.0041,19.5500,0.0000,0,ChildNeutralIdle,0.2692,0.2879,0.000
38.775,neighbor_layout,Can,-0.5500,0.0185,19.1000,0.0000,0,ChildNeutralIdle,0.1674,0.1542,0.000
38.809,neighbor_layout,Deniz,0.0000,0.0041,19.5500,0.0000,0,ChildNeutralIdle,0.2690,0.2877,0.000
38.809,neighbor_layout,Can,-0.5500,0.0185,19.1000,0.0000,0,ChildNeutralIdle,0.1677,0.1543,0.000
38.842,neighbor_layout,Deniz,0.0000,0.0041,19.5500,0.0000,0,ChildNeutralIdle,0.2689,0.2876,0.000
38.842,neighbor_layout,Can,-0.5500,0.0185,19.1000,0.0000,0,ChildNeutralIdle,0.1680,0.1543,0.000
38.876,neighbor_layout,Deniz,0.0000,0.0041,19.5500,0.0000,0,ChildNeutralIdle,0.2687,0.2874,0.000
38.876,neighbor_layout,Can,-0.5500,0.0185,19.1000,0.0000,0,ChildNeutralIdle,0.1683,0.1543,0.000
38.909,neighbor_layout,Deniz,0.0000,0.0041,19.5500,0.0000,0,ChildNeutralIdle,0.2686,0.2873,0.000
38.909,neighbor_layout,Can,-0.5500,0.0185,19.1000,0.0000,0,ChildNeutralIdle,0.1685,0.1543,0.000
38.941,neighbor_layout,Deniz,0.0000,0.0041,19.5500,0.0000,0,ChildNeutralIdle,0.2684,0.2872,0.000
38.941,neighbor_layout,Can,-0.5500,0.0185,19.1000,0.0000,0,ChildNeutralIdle,0.1688,0.1543,0.000
38.975,neighbor_layout,Deniz,0.0000,0.0041,19.5500,0.0000,0,ChildNeutralIdle,0.2683,0.2870,0.000
38.975,neighbor_layout,Can,-0.5500,0.0185,19.1000,0.0000,0,ChildNeutralIdle,0.1690,0.1543,0.000
39.008,neighbor_layout,Deniz,0.0000,0.0041,19.5500,0.0000,0,ChildNeutralIdle,0.2681,0.2869,0.000
39.008,neighbor_layout,Can,-0.5500,0.0185,19.1000,0.0000,0,ChildNeutralIdle,0.1692,0.1542,0.000
39.042,neighbor_layout,Deniz,0.0000,0.0041,19.5500,0.0000,0,ChildNeutralIdle,0.2680,0.2868,0.000
39.042,neighbor_layout,Can,-0.5500,0.0185,19.1000,0.0000,0,ChildNeutralIdle,0.1694,0.1542,0.000
39.075,neighbor_layout,Deniz,0.0000,0.0041,19.5500,0.0000,0,ChildNeutralIdle,0.2678,0.2867,0.000
39.075,neighbor_layout,Can,-0.5500,0.0185,19.1000,0.0000,0,ChildNeutralIdle,0.1696,0.1541,0.000
39.108,neighbor_layout,Deniz,0.0000,0.0041,19.5500,0.0000,0,ChildNeutralIdle,0.2676,0.2867,0.000
39.108,neighbor_layout,Can,-0.5500,0.0185,19.1000,0.0000,0,ChildNeutralIdle,0.1697,0.1540,0.000
39.142,neighbor_layout,Deniz,0.0000,0.0041,19.5500,0.0000,0,ChildNeutralIdle,0.2675,0.2866,0.000
39.142,neighbor_layout,Can,-0.5500,0.0185,19.1000,0.0000,0,ChildNeutralIdle,0.1698,0.1539,0.000
39.176,neighbor_layout,Deniz,0.0000,0.0041,19.5500,0.0000,0,ChildNeutralIdle,0.2673,0.2865,0.000
39.176,neighbor_layout,Can,-0.5500,0.0185,19.1000,0.0000,0,ChildNeutralIdle,0.1699,0.1538,0.000
39.209,neighbor_layout,Deniz,0.0000,0.0041,19.5500,0.0000,0,ChildNeutralIdle,0.2672,0.2865,0.000
39.209,neighbor_layout,Can,-0.5500,0.0185,19.1000,0.0000,0,ChildNeutralIdle,0.1700,0.1537,0.000
39.241,neighbor_layout,Deniz,0.0000,0.0041,19.5500,0.0000,0,ChildNeutralIdle,0.2670,0.2865,0.000
39.241,neighbor_layout,Can,-0.5500,0.0185,19.1000,0.0000,0,ChildNeutralIdle,0.1700,0.1536,0.000
39.275,neighbor_layout,Deniz,0.0000,0.0041,19.5500,0.0000,0,ChildNeutralIdle,0.2668,0.2864,0.000
39.275,neighbor_layout,Can,-0.5500,0.0185,19.1000,0.0000,0,ChildNeutralIdle,0.1701,0.1535,0.000
39.309,neighbor_layout,Deniz,0.0000,0.0041,19.5500,0.0000,0,ChildNeutralIdle,0.2667,0.2864,0.000
39.309,neighbor_layout,Can,-0.5500,0.0185,19.1000,0.0000,0,ChildNeutralIdle,0.1701,0.1534,0.000
39.342,neighbor_layout,Deniz,0.0000,0.0041,19.5500,0.0000,0,ChildNeutralIdle,0.2666,0.2864,0.000
39.342,neighbor_layout,Can,-0.5500,0.0185,19.1000,0.0000,0,ChildNeutralIdle,0.1701,0.1532,0.000
39.375,neighbor_layout,Deniz,0.0000,0.0041,19.5500,0.0000,0,ChildNeutralIdle,0.2664,0.2864,0.000
39.375,neighbor_layout,Can,-0.5500,0.0185,19.1000,0.0000,0,ChildNeutralIdle,0.1701,0.1531,0.000
39.408,neighbor_layout,Deniz,0.0000,0.0041,19.5500,0.0000,0,ChildNeutralIdle,0.2663,0.2864,0.000
39.408,neighbor_layout,Can,-0.5500,0.0185,19.1000,0.0000,0,ChildNeutralIdle,0.1700,0.1529,0.000
39.442,neighbor_layout,Deniz,0.0000,0.0041,19.5500,0.0000,0,ChildNeutralIdle,0.2662,0.2864,0.000
39.442,neighbor_layout,Can,-0.5500,0.0185,19.1000,0.0000,0,ChildNeutralIdle,0.1700,0.1528,0.000
39.475,neighbor_layout,Deniz,0.0000,0.0041,19.5500,0.0000,0,ChildNeutralIdle,0.2661,0.2864,0.000
39.475,neighbor_layout,Can,-0.5500,0.0185,19.1000,0.0000,0,ChildNeutralIdle,0.1699,0.1526,0.000
39.508,neighbor_layout,Deniz,0.0000,0.0041,19.5500,0.0000,0,ChildNeutralIdle,0.2660,0.2865,0.000
39.508,neighbor_layout,Can,-0.5500,0.0185,19.1000,0.0000,0,ChildNeutralIdle,0.1698,0.1525,0.000
39.541,neighbor_layout,Deniz,0.0000,0.0041,19.5500,0.0000,0,ChildNeutralIdle,0.2659,0.2865,0.000
39.541,neighbor_layout,Can,-0.5500,0.0185,19.1000,0.0000,0,ChildNeutralIdle,0.1697,0.1523,0.000
39.574,neighbor_layout,Deniz,0.0000,0.0041,19.5500,0.0000,0,ChildNeutralIdle,0.2658,0.2866,0.000
39.574,neighbor_layout,Can,-0.5500,0.0185,19.1000,0.0000,0,ChildNeutralIdle,0.1695,0.1521,0.000
39.608,neighbor_layout,Deniz,0.0000,0.0041,19.5500,0.0000,0,ChildNeutralIdle,0.2657,0.2866,0.000
39.608,neighbor_layout,Can,-0.5500,0.0185,19.1000,0.0000,0,ChildNeutralIdle,0.1694,0.1519,0.000
39.641,neighbor_layout,Deniz,0.0000,0.0041,19.5500,0.0000,0,ChildNeutralIdle,0.2656,0.2867,0.000
39.641,neighbor_layout,Can,-0.5500,0.0185,19.1000,0.0000,0,ChildNeutralIdle,0.1692,0.1518,0.000
39.674,neighbor_layout,Deniz,0.0000,0.0041,19.5500,0.0000,0,ChildNeutralIdle,0.2655,0.2868,0.000
39.674,neighbor_layout,Can,-0.5500,0.0185,19.1000,0.0000,0,ChildNeutralIdle,0.1691,0.1516,0.000
39.708,neighbor_layout,Deniz,0.0000,0.0041,19.5500,0.0000,0,ChildNeutralIdle,0.2655,0.2869,0.000
39.708,neighbor_layout,Can,-0.5500,0.0185,19.1000,0.0000,0,ChildNeutralIdle,0.1689,0.1514,0.000
39.741,neighbor_layout,Deniz,0.0000,0.0041,19.5500,0.0000,0,ChildNeutralIdle,0.2654,0.2870,0.000
39.741,neighbor_layout,Can,-0.5500,0.0185,19.1000,0.0000,0,ChildNeutralIdle,0.1687,0.1513,0.000
39.775,neighbor_layout,Deniz,0.0000,0.0041,19.5500,0.0000,0,ChildNeutralIdle,0.2654,0.2871,0.000
39.775,neighbor_layout,Can,-0.5500,0.0185,19.1000,0.0000,0,ChildNeutralIdle,0.1684,0.1511,0.000
39.808,neighbor_layout,Deniz,0.0000,0.0041,19.5500,0.0000,0,ChildNeutralIdle,0.2654,0.2873,0.000
39.808,neighbor_layout,Can,-0.5500,0.0185,19.1000,0.0000,0,ChildNeutralIdle,0.1682,0.1509,0.000
39.842,neighbor_layout,Deniz,0.0000,0.0041,19.5500,0.0000,0,ChildNeutralIdle,0.2653,0.2875,0.000
39.842,neighbor_layout,Can,-0.5500,0.0185,19.1000,0.0000,0,ChildNeutralIdle,0.1679,0.1508,0.000
39.875,neighbor_layout,Deniz,0.0000,0.0041,19.5500,0.0000,0,ChildNeutralIdle,0.2653,0.2876,0.000
39.875,neighbor_layout,Can,-0.5500,0.0185,19.1000,0.0000,0,ChildNeutralIdle,0.1677,0.1506,0.000
39.908,neighbor_layout,Deniz,0.0000,0.0041,19.5500,0.0000,0,ChildNeutralIdle,0.2653,0.2878,0.000
39.908,neighbor_layout,Can,-0.5500,0.0185,19.1000,0.0000,0,ChildNeutralIdle,0.1674,0.1504,0.000
39.941,neighbor_layout,Deniz,0.0000,0.0041,19.5500,0.0000,0,ChildNeutralIdle,0.2654,0.2880,0.000
39.941,neighbor_layout,Can,-0.5500,0.0185,19.1000,0.0000,0,ChildNeutralIdle,0.1671,0.1503,0.000
39.976,neighbor_layout,Deniz,0.0000,0.0041,19.5500,0.0000,0,ChildNeutralIdle,0.2654,0.2882,0.000
39.976,neighbor_layout,Can,-0.5500,0.0185,19.1000,0.0000,0,ChildNeutralIdle,0.1668,0.1501,0.000
40.010,neighbor_layout,Deniz,0.0000,0.0041,19.5500,0.0000,0,ChildNeutralIdle,0.2654,0.2885,0.000
40.010,neighbor_layout,Can,-0.5500,0.0185,19.1000,0.0000,0,ChildNeutralIdle,0.1665,0.1500,0.000
40.044,neighbor_layout,Deniz,0.0000,0.0041,19.5500,0.0000,0,ChildNeutralIdle,0.2655,0.2887,0.000
40.044,neighbor_layout,Can,-0.5500,0.0185,19.1000,0.0000,0,ChildNeutralIdle,0.1662,0.1499,0.000
40.076,neighbor_layout,Deniz,0.0000,0.0041,19.5500,0.0000,0,ChildNeutralIdle,0.2656,0.2889,0.000
40.076,neighbor_layout,Can,-0.5500,0.0185,19.1000,0.0000,0,ChildNeutralIdle,0.1659,0.1497,0.000
40.107,neighbor_layout,Deniz,0.0000,0.0041,19.5500,0.0000,0,ChildNeutralIdle,0.2656,0.2891,0.000
40.107,neighbor_layout,Can,-0.5500,0.0185,19.1000,0.0000,0,ChildNeutralIdle,0.1655,0.1496,0.000
40.141,neighbor_layout,Deniz,0.0000,0.0041,19.5500,0.0000,0,ChildNeutralIdle,0.2657,0.2893,0.000
40.141,neighbor_layout,Can,-0.5500,0.0185,19.1000,0.0000,0,ChildNeutralIdle,0.1652,0.1495,0.000
40.175,neighbor_layout,Deniz,0.0000,0.0041,19.5500,0.0000,0,ChildNeutralIdle,0.2658,0.2895,0.000
40.175,neighbor_layout,Can,-0.5500,0.0185,19.1000,0.0000,0,ChildNeutralIdle,0.1649,0.1494,0.000
40.209,neighbor_layout,Deniz,0.0000,0.0041,19.5500,0.0000,0,ChildNeutralIdle,0.2660,0.2896,0.000
40.209,neighbor_layout,Can,-0.5500,0.0185,19.1000,0.0000,0,ChildNeutralIdle,0.1646,0.1493,0.000
40.242,neighbor_layout,Deniz,0.0000,0.0041,19.5500,0.0000,0,ChildNeutralIdle,0.2661,0.2898,0.000
40.242,neighbor_layout,Can,-0.5500,0.0185,19.1000,0.0000,0,ChildNeutralIdle,0.1643,0.1492,0.000
40.275,neighbor_layout,Deniz,0.0000,0.0041,19.5500,0.0000,0,ChildNeutralIdle,0.2662,0.2899,0.000
40.275,neighbor_layout,Can,-0.5500,0.0185,19.1000,0.0000,0,ChildNeutralIdle,0.1640,0.1491,0.000
40.308,neighbor_layout,Deniz,0.0000,0.0041,19.5500,0.0000,0,ChildNeutralIdle,0.2663,0.2900,0.000
40.308,neighbor_layout,Can,-0.5500,0.0185,19.1000,0.0000,0,ChildNeutralIdle,0.1637,0.1491,0.000
40.341,neighbor_layout,Deniz,0.0000,0.0041,19.5500,0.0000,0,ChildNeutralIdle,0.2665,0.2902,0.000
40.341,neighbor_layout,Can,-0.5500,0.0185,19.1000,0.0000,0,ChildNeutralIdle,0.1634,0.1490,0.000
40.375,neighbor_layout,Deniz,0.0000,0.0041,19.5500,0.0000,0,ChildNeutralIdle,0.2666,0.2903,0.000
40.375,neighbor_layout,Can,-0.5500,0.0185,19.1000,0.0000,0,ChildNeutralIdle,0.1632,0.1490,0.000
40.408,neighbor_layout,Deniz,0.0000,0.0041,19.5500,0.0000,0,ChildNeutralIdle,0.2668,0.2904,0.000
40.408,neighbor_layout,Can,-0.5500,0.0185,19.1000,0.0000,0,ChildNeutralIdle,0.1629,0.1490,0.000
40.441,neighbor_layout,Deniz,0.0000,0.0041,19.5500,0.0000,0,ChildNeutralIdle,0.2669,0.2905,0.000
40.441,neighbor_layout,Can,-0.5500,0.0185,19.1000,0.0000,0,ChildNeutralIdle,0.1627,0.1490,0.000
40.475,neighbor_layout,Deniz,0.0000,0.0041,19.5500,0.0000,0,ChildNeutralIdle,0.2671,0.2906,0.000
40.475,neighbor_layout,Can,-0.5500,0.0185,19.1000,0.0000,0,ChildNeutralIdle,0.1624,0.1490,0.000
40.507,neighbor_layout,Deniz,0.0000,0.0041,19.5500,0.0000,0,ChildNeutralIdle,0.2672,0.2906,0.000
40.507,neighbor_layout,Can,-0.5500,0.0185,19.1000,0.0000,0,ChildNeutralIdle,0.1622,0.1490,0.000
40.541,neighbor_layout,Deniz,0.0000,0.0041,19.5500,0.0000,0,ChildNeutralIdle,0.2674,0.2907,0.000
40.541,neighbor_layout,Can,-0.5500,0.0185,19.1000,0.0000,0,ChildNeutralIdle,0.1620,0.1491,0.000
40.574,neighbor_layout,Deniz,0.0000,0.0041,19.5500,0.0000,0,ChildNeutralIdle,0.2675,0.2908,0.000
40.574,neighbor_layout,Can,-0.5500,0.0185,19.1000,0.0000,0,ChildNeutralIdle,0.1618,0.1491,0.000
40.608,neighbor_layout,Deniz,0.0000,0.0041,19.5500,0.0000,0,ChildNeutralIdle,0.2677,0.2908,0.000
40.608,neighbor_layout,Can,-0.5500,0.0185,19.1000,0.0000,0,ChildNeutralIdle,0.1617,0.1492,0.000
40.642,neighbor_layout,Deniz,0.0000,0.0041,19.5500,0.0000,0,ChildNeutralIdle,0.2678,0.2908,0.000
40.642,neighbor_layout,Can,-0.5500,0.0185,19.1000,0.0000,0,ChildNeutralIdle,0.1615,0.1493,0.000
40.675,neighbor_layout,Deniz,0.0000,0.0041,19.5500,0.0000,0,ChildNeutralIdle,0.2680,0.2909,0.000
40.675,neighbor_layout,Can,-0.5500,0.0185,19.1000,0.0000,0,ChildNeutralIdle,0.1614,0.1494,0.000
40.709,neighbor_layout,Deniz,0.0000,0.0041,19.5500,0.0000,0,ChildNeutralIdle,0.2681,0.2909,0.000
40.709,neighbor_layout,Can,-0.5500,0.0185,19.1000,0.0000,0,ChildNeutralIdle,0.1613,0.1495,0.000
40.741,neighbor_layout,Deniz,0.0000,0.0041,19.5500,0.0000,0,ChildNeutralIdle,0.2683,0.2909,0.000
40.741,neighbor_layout,Can,-0.5500,0.0185,19.1000,0.0000,0,ChildNeutralIdle,0.1613,0.1497,0.000
40.774,neighbor_layout,Deniz,0.0000,0.0041,19.5500,0.0000,0,ChildNeutralIdle,0.2684,0.2909,0.000
40.774,neighbor_layout,Can,-0.5500,0.0185,19.1000,0.0000,0,ChildNeutralIdle,0.1612,0.1498,0.000
40.808,neighbor_layout,Deniz,0.0000,0.0041,19.5500,0.0000,0,ChildNeutralIdle,0.2686,0.2909,0.000
40.808,neighbor_layout,Can,-0.5500,0.0185,19.1000,0.0000,0,ChildNeutralIdle,0.1612,0.1500,0.000
40.841,neighbor_layout,Deniz,0.0000,0.0041,19.5500,0.0000,0,ChildNeutralIdle,0.2687,0.2909,0.000
40.841,neighbor_layout,Can,-0.5500,0.0185,19.1000,0.0000,0,ChildNeutralIdle,0.1612,0.1501,0.000
40.875,neighbor_layout,Deniz,0.0000,0.0041,19.5500,0.0000,0,ChildNeutralIdle,0.2689,0.2909,0.000
40.875,neighbor_layout,Can,-0.5500,0.0185,19.1000,0.0000,0,ChildNeutralIdle,0.1612,0.1503,0.000
40.908,neighbor_layout,Deniz,0.0000,0.0041,19.5500,0.0000,0,ChildNeutralIdle,0.2690,0.2909,0.000
40.908,neighbor_layout,Can,-0.5500,0.0185,19.1000,0.0000,0,ChildNeutralIdle,0.1612,0.1504,0.000
40.942,neighbor_layout,Deniz,0.0000,0.0041,19.5500,0.0000,0,ChildNeutralIdle,0.2691,0.2908,0.000
40.942,neighbor_layout,Can,-0.5500,0.0185,19.1000,0.0000,0,ChildNeutralIdle,0.1613,0.1506,0.000
40.975,neighbor_layout,Deniz,0.0000,0.0041,19.5500,0.0000,0,ChildNeutralIdle,0.2693,0.2908,0.000
40.975,neighbor_layout,Can,-0.5500,0.0185,19.1000,0.0000,0,ChildNeutralIdle,0.1614,0.1508,0.000
41.009,neighbor_layout,Deniz,0.0000,0.0041,19.5500,0.0000,0,ChildNeutralIdle,0.2694,0.2908,0.000
41.009,neighbor_layout,Can,-0.5500,0.0185,19.1000,0.0000,0,ChildNeutralIdle,0.1615,0.1510,0.000
41.041,neighbor_layout,Deniz,0.0000,0.0041,19.5500,0.0000,0,ChildNeutralIdle,0.2695,0.2907,0.000
41.041,neighbor_layout,Can,-0.5500,0.0185,19.1000,0.0000,0,ChildNeutralIdle,0.1616,0.1511,0.000
41.075,neighbor_layout,Deniz,0.0000,0.0041,19.5500,0.0000,0,ChildNeutralIdle,0.2696,0.2906,0.000
41.075,neighbor_layout,Can,-0.5500,0.0185,19.1000,0.0000,0,ChildNeutralIdle,0.1617,0.1513,0.000
41.109,neighbor_layout,Deniz,0.0000,0.0041,19.5500,0.0000,0,ChildNeutralIdle,0.2697,0.2905,0.000
41.109,neighbor_layout,Can,-0.5500,0.0185,19.1000,0.0000,0,ChildNeutralIdle,0.1619,0.1515,0.000
41.141,neighbor_layout,Deniz,0.0000,0.0041,19.5500,0.0000,0,ChildNeutralIdle,0.2698,0.2904,0.000
41.141,neighbor_layout,Can,-0.5500,0.0185,19.1000,0.0000,0,ChildNeutralIdle,0.1621,0.1516,0.000
41.174,neighbor_layout,Deniz,0.0000,0.0041,19.5500,0.0000,0,ChildNeutralIdle,0.2699,0.2903,0.000
41.174,neighbor_layout,Can,-0.5500,0.0185,19.1000,0.0000,0,ChildNeutralIdle,0.1623,0.1518,0.000
41.208,neighbor_layout,Deniz,0.0000,0.0041,19.5500,0.0000,0,ChildNeutralIdle,0.2699,0.2902,0.000
41.208,neighbor_layout,Can,-0.5500,0.0185,19.1000,0.0000,0,ChildNeutralIdle,0.1625,0.1520,0.000
41.241,neighbor_layout,Deniz,0.0000,0.0041,19.5500,0.0000,0,ChildNeutralIdle,0.2700,0.2901,0.000
41.241,neighbor_layout,Can,-0.5500,0.0185,19.1000,0.0000,0,ChildNeutralIdle,0.1627,0.1521,0.000
41.275,neighbor_layout,Deniz,0.0000,0.0041,19.5500,0.0000,0,ChildNeutralIdle,0.2700,0.2900,0.000
41.275,neighbor_layout,Can,-0.5500,0.0185,19.1000,0.0000,0,ChildNeutralIdle,0.1630,0.1523,0.000
41.308,neighbor_layout,Deniz,0.0000,0.0041,19.5500,0.0000,0,ChildNeutralIdle,0.2701,0.2898,0.000
41.308,neighbor_layout,Can,-0.5500,0.0185,19.1000,0.0000,0,ChildNeutralIdle,0.1633,0.1525,0.000
41.341,neighbor_layout,Deniz,0.0000,0.0041,19.5500,0.0000,0,ChildNeutralIdle,0.2701,0.2897,0.000
41.341,neighbor_layout,Can,-0.5500,0.0185,19.1000,0.0000,0,ChildNeutralIdle,0.1636,0.1526,0.000
41.375,neighbor_layout,Deniz,0.0000,0.0041,19.5500,0.0000,0,ChildNeutralIdle,0.2701,0.2895,0.000
41.375,neighbor_layout,Can,-0.5500,0.0185,19.1000,0.0000,0,ChildNeutralIdle,0.1638,0.1527,0.000
41.409,neighbor_layout,Deniz,0.0000,0.0041,19.5500,0.0000,0,ChildNeutralIdle,0.2701,0.2894,0.000
41.409,neighbor_layout,Can,-0.5500,0.0185,19.1000,0.0000,0,ChildNeutralIdle,0.1641,0.1529,0.000
41.443,building_threshold,Deniz,0.0000,0.0041,19.5500,0.0000,0,ChildNeutralIdle,0.2700,0.2892,0.000
41.443,building_threshold,Can,-0.5500,0.0185,19.1000,0.0000,0,ChildNeutralIdle,0.1645,0.1530,0.000
41.475,building_threshold,Deniz,0.0000,0.0041,19.5500,0.0000,0,ChildNeutralIdle,0.2700,0.2891,0.000
41.475,building_threshold,Can,-0.5500,0.0185,19.1000,0.0000,0,ChildNeutralIdle,0.1648,0.1531,0.000
41.509,building_threshold,Deniz,0.0000,0.0041,19.5500,0.0000,0,ChildNeutralIdle,0.2699,0.2889,0.000
41.509,building_threshold,Can,-0.5500,0.0185,19.1000,0.0000,0,ChildNeutralIdle,0.1651,0.1533,0.000
41.543,building_threshold,Deniz,0.0000,0.0041,19.5500,0.0000,0,ChildNeutralIdle,0.2699,0.2888,0.000
41.543,building_threshold,Can,-0.5500,0.0185,19.1000,0.0000,0,ChildNeutralIdle,0.1654,0.1534,0.000
41.575,building_threshold,Deniz,0.0000,0.0041,19.5500,0.0000,0,ChildNeutralIdle,0.2698,0.2887,0.000
41.575,building_threshold,Can,-0.5500,0.0185,19.1000,0.0000,0,ChildNeutralIdle,0.1658,0.1535,0.000
41.608,building_threshold,Deniz,0.0000,0.0041,19.5500,0.0000,0,ChildNeutralIdle,0.2697,0.2886,0.000
41.608,building_threshold,Can,-0.5500,0.0185,19.1000,0.0000,0,ChildNeutralIdle,0.1661,0.1536,0.000
41.641,building_threshold,Deniz,0.0000,0.0041,19.5500,0.0000,0,ChildNeutralIdle,0.2696,0.2884,0.000
41.641,building_threshold,Can,-0.5500,0.0185,19.1000,0.0000,0,ChildNeutralIdle,0.1664,0.1537,0.000
41.674,building_threshold,Deniz,0.0000,0.0041,19.5500,0.0000,0,ChildNeutralIdle,0.2694,0.2883,0.000
41.674,building_threshold,Can,-0.5500,0.0185,19.1000,0.0000,0,ChildNeutralIdle,0.1667,0.1538,0.000
41.707,building_threshold,Deniz,0.0000,0.0041,19.5500,0.0000,0,ChildNeutralIdle,0.2693,0.2882,0.000
41.707,building_threshold,Can,-0.5500,0.0185,19.1000,0.0000,0,ChildNeutralIdle,0.1671,0.1539,0.000
41.741,building_threshold,Deniz,0.0000,0.0041,19.5500,0.0000,0,ChildNeutralIdle,0.2692,0.2880,0.000
41.741,building_threshold,Can,-0.5500,0.0185,19.1000,0.0000,0,ChildNeutralIdle,0.1674,0.1539,0.000
41.774,building_threshold,Deniz,0.0000,0.0041,19.5500,0.0000,0,ChildNeutralIdle,0.2690,0.2879,0.000
41.774,building_threshold,Can,-0.5500,0.0185,19.1000,0.0000,0,ChildNeutralIdle,0.1677,0.1540,0.000
41.807,building_threshold,Deniz,0.0000,0.0041,19.5500,0.0000,0,ChildNeutralIdle,0.2689,0.2878,0.000
41.807,building_threshold,Can,-0.5500,0.0185,19.1000,0.0000,0,ChildNeutralIdle,0.1680,0.1541,0.000
41.842,building_threshold,Deniz,0.0000,0.0041,19.5500,0.0000,0,ChildNeutralIdle,0.2687,0.2877,0.000
41.842,building_threshold,Can,-0.5500,0.0185,19.1000,0.0000,0,ChildNeutralIdle,0.1683,0.1541,0.000
41.875,building_threshold,Deniz,0.0000,0.0041,19.5500,0.0000,0,ChildNeutralIdle,0.2686,0.2876,0.000
41.875,building_threshold,Can,-0.5500,0.0185,19.1000,0.0000,0,ChildNeutralIdle,0.1686,0.1541,0.000
41.908,building_threshold,Deniz,0.0000,0.0041,19.5500,0.0000,0,ChildNeutralIdle,0.2684,0.2875,0.000
41.908,building_threshold,Can,-0.5500,0.0185,19.1000,0.0000,0,ChildNeutralIdle,0.1688,0.1541,0.000
41.941,building_threshold,Deniz,0.0000,0.0041,19.5500,0.0000,0,ChildNeutralIdle,0.2682,0.2874,0.000
41.941,building_threshold,Can,-0.5500,0.0185,19.1000,0.0000,0,ChildNeutralIdle,0.1691,0.1542,0.000
41.981,building_threshold,Deniz,0.0000,0.0041,19.5500,0.0000,0,ChildNeutralIdle,0.2681,0.2873,0.000
41.981,building_threshold,Can,-0.5500,0.0185,19.1000,0.0000,0,ChildNeutralIdle,0.1693,0.1541,0.000
42.014,building_threshold,Deniz,0.0000,0.0041,19.5500,0.0000,0,ChildNeutralIdle,0.2679,0.2872,0.000
42.014,building_threshold,Can,-0.5500,0.0185,19.1000,0.0000,0,ChildNeutralIdle,0.1695,0.1541,0.000
42.048,building_threshold,Deniz,0.0000,0.0041,19.5500,0.0000,0,ChildNeutralIdle,0.2677,0.2871,0.000
42.048,building_threshold,Can,-0.5500,0.0185,19.1000,0.0000,0,ChildNeutralIdle,0.1697,0.1541,0.000
42.080,building_threshold,Deniz,0.0000,0.0041,19.5500,0.0000,0,ChildNeutralIdle,0.2675,0.2871,0.000
42.080,building_threshold,Can,-0.5500,0.0185,19.1000,0.0000,0,ChildNeutralIdle,0.1699,0.1541,0.000
42.114,building_threshold,Deniz,0.0000,0.0041,19.5500,0.0000,0,ChildNeutralIdle,0.2673,0.2870,0.000
42.114,building_threshold,Can,-0.5500,0.0185,19.1000,0.0000,0,ChildNeutralIdle,0.1701,0.1540,0.000
42.147,building_threshold,Deniz,0.0000,0.0041,19.5500,0.0000,0,ChildNeutralIdle,0.2672,0.2870,0.000
42.147,building_threshold,Can,-0.5500,0.0185,19.1000,0.0000,0,ChildNeutralIdle,0.1702,0.1539,0.000
42.182,building_threshold,Deniz,0.0000,0.0041,19.5500,0.0000,0,ChildNeutralIdle,0.2670,0.2870,0.000
42.182,building_threshold,Can,-0.5500,0.0185,19.1000,0.0000,0,ChildNeutralIdle,0.1703,0.1539,0.000
42.216,building_threshold,Deniz,0.0000,0.0041,19.5500,0.0000,0,ChildNeutralIdle,0.2668,0.2869,0.000
42.216,building_threshold,Can,-0.5500,0.0185,19.1000,0.0000,0,ChildNeutralIdle,0.1703,0.1538,0.000
42.247,building_threshold,Deniz,0.0000,0.0041,19.5500,0.0000,0,ChildNeutralIdle,0.2666,0.2869,0.000
42.247,building_threshold,Can,-0.5500,0.0185,19.1000,0.0000,0,ChildNeutralIdle,0.1704,0.1537,0.000
42.281,building_threshold,Deniz,0.0000,0.0041,19.5500,0.0000,0,ChildNeutralIdle,0.2665,0.2869,0.000
42.281,building_threshold,Can,-0.5500,0.0185,19.1000,0.0000,0,ChildNeutralIdle,0.1704,0.1536,0.000
42.314,building_threshold,Deniz,0.0000,0.0041,19.5500,0.0000,0,ChildNeutralIdle,0.2663,0.2869,0.000
42.314,building_threshold,Can,-0.5500,0.0185,19.1000,0.0000,0,ChildNeutralIdle,0.1704,0.1535,0.000
42.347,building_threshold,Deniz,0.0000,0.0041,19.5500,0.0000,0,ChildNeutralIdle,0.2662,0.2869,0.000
42.347,building_threshold,Can,-0.5500,0.0185,19.1000,0.0000,0,ChildNeutralIdle,0.1704,0.1534,0.000
42.382,building_threshold,Deniz,0.0000,0.0041,19.5500,0.0000,0,ChildNeutralIdle,0.2660,0.2869,0.000
42.382,building_threshold,Can,-0.5500,0.0185,19.1000,0.0000,0,ChildNeutralIdle,0.1704,0.1532,0.000
42.415,building_threshold,Deniz,0.0000,0.0041,19.5500,0.0000,0,ChildNeutralIdle,0.2659,0.2870,0.000
42.415,building_threshold,Can,-0.5500,0.0185,19.1000,0.0000,0,ChildNeutralIdle,0.1704,0.1531,0.000
42.448,building_threshold,Deniz,0.0000,0.0041,19.5500,0.0000,0,ChildNeutralIdle,0.2657,0.2870,0.000
42.448,building_threshold,Can,-0.5500,0.0185,19.1000,0.0000,0,ChildNeutralIdle,0.1703,0.1530,0.000
42.481,building_threshold,Deniz,0.0000,0.0041,19.5500,0.0000,0,ChildNeutralIdle,0.2656,0.2870,0.000
42.481,building_threshold,Can,-0.5500,0.0185,19.1000,0.0000,0,ChildNeutralIdle,0.1702,0.1528,0.000
42.515,building_threshold,Deniz,0.0000,0.0041,19.5600,0.3000,0,ChildNeutralIdle,0.2655,0.2871,0.000
42.515,building_threshold,Can,-0.5500,0.0185,19.1000,0.0000,0,ChildNeutralIdle,0.1701,0.1527,0.000
42.548,building_threshold,Deniz,0.0000,0.0041,19.5800,0.6000,0,ChildNeutralIdle+ChildNaturalWalk,0.2671,0.2857,0.000
42.548,building_threshold,Can,-0.5500,0.0185,19.1000,0.0000,0,ChildNeutralIdle,0.1700,0.1525,0.000
42.581,building_threshold,Deniz,0.0000,0.0041,19.6100,0.9000,0,ChildNeutralIdle+ChildNaturalWalk,0.2710,0.2837,0.000
42.581,building_threshold,Can,-0.5500,0.0185,19.1000,0.0000,0,ChildNeutralIdle,0.1698,0.1524,0.000
42.614,building_threshold,Deniz,0.0000,0.0041,19.6500,1.2000,0,ChildNeutralIdle+ChildNaturalWalk,0.2775,0.2816,0.000
42.614,building_threshold,Can,-0.5500,0.0185,19.1000,0.0000,0,ChildNeutralIdle,0.1697,0.1522,0.000
42.647,building_threshold,Deniz,0.0000,0.0041,19.7000,1.5000,0,ChildNeutralIdle+ChildNaturalWalk,0.2859,0.2799,0.000
42.647,building_threshold,Can,-0.5500,0.0185,19.1000,0.0000,0,ChildNeutralIdle,0.1695,0.1520,0.000
42.681,building_threshold,Deniz,0.0000,0.0041,19.7583,1.7500,0,ChildNeutralIdle+ChildNaturalWalk,0.2918,0.2791,0.000
42.681,building_threshold,Can,-0.5500,0.0185,19.1000,0.0000,0,ChildNeutralIdle,0.1693,0.1519,0.000
42.714,building_threshold,Deniz,0.0000,0.0041,19.8167,1.7500,0,ChildNeutralIdle+ChildNaturalWalk,0.2845,0.2803,0.000
42.714,building_threshold,Can,-0.5500,0.0185,19.1000,0.0000,0,ChildNeutralIdle,0.1691,0.1517,0.000
42.747,building_threshold,Deniz,0.0000,0.0041,19.8750,1.7500,0,ChildNaturalWalk,0.2799,0.2834,0.000
42.747,building_threshold,Can,-0.5500,0.0185,19.1000,0.0000,0,ChildNeutralIdle,0.1688,0.1516,0.000
42.781,building_threshold,Deniz,0.0000,0.0041,19.9333,1.7500,0,ChildNaturalWalk,0.2865,0.2864,0.000
42.781,building_threshold,Can,-0.5500,0.0185,19.1000,0.0000,0,ChildNeutralIdle,0.1686,0.1514,0.000
42.815,building_threshold,Deniz,0.0000,0.0041,19.9917,1.7500,0,ChildNaturalWalk,0.2841,0.2911,0.000
42.815,building_threshold,Can,-0.5500,0.0185,19.1000,0.0000,0,ChildNeutralIdle,0.1683,0.1513,0.000
42.848,building_threshold,Deniz,0.0000,0.0041,20.0500,1.7500,0,ChildNaturalWalk,0.2712,0.2996,0.000
42.848,building_threshold,Can,-0.5500,0.0185,19.1000,0.0000,0,ChildNeutralIdle,0.1680,0.1511,0.000
42.881,building_threshold,Deniz,0.0000,0.0041,20.1083,1.7500,0,ChildNaturalWalk,0.2617,0.3111,0.000
42.881,building_threshold,Can,-0.5500,0.0185,19.1000,0.0000,0,ChildNeutralIdle,0.1677,0.1509,0.000
42.914,building_threshold,Deniz,0.0000,0.0041,20.1667,1.7500,0,ChildNaturalWalk,0.2608,0.3265,0.000
42.914,building_threshold,Can,-0.5500,0.0185,19.1000,0.0000,0,ChildNeutralIdle,0.1674,0.1508,0.000
42.948,building_threshold,Deniz,0.0000,0.0041,20.2250,1.7500,0,ChildNaturalWalk,0.2636,0.3450,0.000
42.948,building_threshold,Can,-0.5500,0.0185,19.1000,0.0000,0,ChildNeutralIdle,0.1670,0.1507,0.000
42.980,building_threshold,Deniz,0.0000,0.0041,20.2833,1.7500,0,ChildNaturalWalk,0.2666,0.3492,0.000
42.980,building_threshold,Can,-0.5500,0.0185,19.1000,0.0000,0,ChildNeutralIdle,0.1667,0.1505,0.000
43.015,building_threshold,Deniz,0.0000,0.0041,20.3417,1.7500,0,ChildNaturalWalk,0.2708,0.3395,0.000
43.015,building_threshold,Can,-0.5500,0.0185,19.1000,0.0000,0,ChildNeutralIdle,0.1664,0.1504,0.000
43.047,building_threshold,Deniz,0.0000,0.0041,20.4000,1.7500,0,ChildNaturalWalk,0.2760,0.3270,0.000
43.047,building_threshold,Can,-0.5463,0.0190,19.1081,0.2669,0,ChildNeutralIdle,0.1665,0.1507,0.000
43.081,building_threshold,Deniz,0.0000,0.0041,20.4583,1.7500,0,ChildNaturalWalk,0.2809,0.3109,0.000
43.081,building_threshold,Can,-0.5388,0.0196,19.1242,0.5336,0,ChildNeutralIdle+ChildNaturalWalk,0.1651,0.1519,0.000
43.114,building_threshold,Deniz,0.0000,0.0041,20.5167,1.7500,0,ChildNaturalWalk,0.2869,0.2965,0.000
43.114,building_threshold,Can,-0.5350,0.0200,19.1322,0.2668,0,ChildNeutralIdle+ChildNaturalWalk,0.1642,0.1536,0.000
43.147,building_threshold,Deniz,0.0000,0.0041,20.5750,1.7500,0,ChildNaturalWalk,0.2936,0.2858,0.000
43.147,building_threshold,Can,-0.5350,0.0200,19.1322,0.0000,0,ChildNeutralIdle+ChildNaturalWalk,0.1643,0.1540,0.000
43.182,building_threshold,Deniz,0.0000,0.0041,20.6333,1.7500,0,ChildNaturalWalk,0.3010,0.2749,0.000
43.182,building_threshold,Can,-0.5350,0.0200,19.1322,0.0000,0,ChildNeutralIdle+ChildNaturalWalk,0.1643,0.1534,0.000
43.214,building_threshold,Deniz,0.0000,0.0041,20.6917,1.7500,0,ChildNaturalWalk,0.3110,0.2661,0.000
43.214,building_threshold,Can,-0.5319,0.0203,19.1406,0.2668,0,ChildNeutralIdle+ChildNaturalWalk,0.1646,0.1532,0.000
43.248,building_threshold,Deniz,0.0000,0.0041,20.7500,1.7500,0,ChildNaturalWalk,0.3205,0.2631,0.000
43.248,building_threshold,Can,-0.5257,0.0209,19.1572,0.5336,0,ChildNeutralIdle+ChildNaturalWalk,0.1652,0.1544,0.000
43.281,building_threshold,Deniz,0.0000,0.0041,20.8083,1.7500,0,ChildNaturalWalk,0.3375,0.2628,0.000
43.281,building_threshold,Can,-0.5165,0.0218,19.1822,0.8003,0,ChildNeutralIdle+ChildNaturalWalk,0.1671,0.1569,0.000
43.317,building_threshold,Deniz,0.0000,0.0041,20.8667,1.7500,0,ChildNaturalWalk,0.3495,0.2647,0.000
43.317,building_threshold,Can,-0.5041,0.0230,19.2156,1.0671,0,ChildNeutralIdle+ChildNaturalWalk,0.1714,0.1607,0.000
43.349,building_threshold,Deniz,0.0000,0.0041,20.9250,1.7500,0,ChildNaturalWalk,0.3449,0.2690,0.000
43.349,building_threshold,Can,-0.4887,0.0245,19.2572,1.3339,0,ChildNeutralIdle+ChildNaturalWalk,0.1786,0.1659,0.000
43.383,building_threshold,Deniz,0.0000,0.0041,20.9833,1.7500,0,ChildNaturalWalk,0.3222,0.2736,0.000
43.383,building_threshold,Can,-0.4727,0.0258,19.3078,1.5904,0,ChildNeutralIdle+ChildNaturalWalk,0.1867,0.1716,0.000
43.415,building_threshold,Deniz,0.0000,0.0041,21.0417,1.7500,0,ChildNaturalWalk,0.2956,0.2785,0.000
43.415,building_threshold,Can,-0.4567,0.0265,19.3604,1.6500,0,ChildNeutralIdle+ChildNaturalWalk,0.1914,0.1770,0.000
43.448,building_threshold,Deniz,0.0000,0.0041,21.1000,1.7500,0,ChildNaturalWalk,0.2792,0.2821,0.000
43.448,building_threshold,Can,-0.4408,0.0272,19.4130,1.6500,0,ChildNaturalWalk,0.1923,0.1791,0.000
43.481,building_threshold,Deniz,0.0000,0.0041,21.1583,1.7500,0,ChildNaturalWalk,0.2842,0.2854,0.000
43.481,building_threshold,Can,-0.4248,0.0279,19.4657,1.6500,0,ChildNaturalWalk,0.1991,0.1784,0.000
43.515,building_threshold,Deniz,0.0000,0.0041,21.2166,1.7500,0,ChildNaturalWalk,0.2872,0.2889,0.000
43.515,building_threshold,Can,-0.4089,0.0286,19.5183,1.6500,0,ChildNaturalWalk,0.2010,0.1796,0.000
43.548,building_threshold,Deniz,0.0000,0.0041,21.2750,1.7500,0,ChildNaturalWalk,0.2761,0.2959,0.000
43.548,building_threshold,Can,-0.3955,0.0293,19.5716,1.6501,0,ChildNaturalWalk,0.1940,0.1844,0.000
43.581,building_threshold,Deniz,0.0000,0.0041,21.3333,1.7500,0,ChildNaturalWalk,0.2643,0.3065,0.000
43.581,building_threshold,Can,-0.3822,0.0301,19.6250,1.6501,0,ChildNaturalWalk,0.1840,0.1956,0.000
43.614,building_threshold,Deniz,0.0000,0.0041,21.3916,1.7500,0,ChildNaturalWalk,0.2599,0.3200,0.000
43.614,building_threshold,Can,-0.3689,0.0308,19.6784,1.6501,0,ChildNaturalWalk,0.1785,0.2079,0.000
43.647,building_threshold,Deniz,0.0000,0.0041,21.4500,1.7500,0,ChildNaturalWalk,0.2625,0.3392,0.000
43.647,building_threshold,Can,-0.3556,0.0316,19.7317,1.6501,0,ChildNaturalWalk,0.1783,0.2276,0.000
43.681,building_threshold,Deniz,0.0000,0.0041,21.5083,1.7500,0,ChildNaturalWalk,0.2651,0.3493,0.000
43.681,building_threshold,Can,-0.3423,0.0323,19.7851,1.6501,0,ChildNaturalWalk,0.1794,0.2388,0.000
43.714,building_threshold,Deniz,0.0000,0.0041,21.5666,1.7500,0,ChildNaturalWalk,0.2691,0.3441,0.000
43.714,building_threshold,Can,-0.3311,0.0332,19.8390,1.6502,0,ChildNaturalWalk,0.1822,0.2355,0.000
43.747,building_threshold,Deniz,0.0000,0.0041,21.6250,1.7500,0,ChildNaturalWalk,0.2739,0.3320,0.000
43.747,building_threshold,Can,-0.3200,0.0340,19.8928,1.6502,0,ChildNaturalWalk,0.1848,0.2274,0.000
43.780,building_threshold,Deniz,0.0000,0.0041,21.6833,1.7500,0,ChildNaturalWalk,0.2790,0.3173,0.000
43.780,building_threshold,Can,-0.3090,0.0349,19.9467,1.6502,0,ChildNaturalWalk,0.1873,0.2191,0.000
43.814,building_threshold,Deniz,0.0000,0.0041,21.7416,1.7500,0,ChildNaturalWalk,0.2845,0.3015,0.000
43.814,building_threshold,Can,-0.2979,0.0358,20.0006,1.6502,0,ChildNaturalWalk,0.1897,0.2131,0.000
43.847,building_threshold,Deniz,0.0000,0.0041,21.8000,1.7500,0,ChildNaturalWalk,0.2912,0.2886,0.000
43.847,building_threshold,Can,-0.2868,0.0366,20.0544,1.6502,0,ChildNaturalWalk,0.1927,0.2115,0.000
43.881,building_threshold,Deniz,0.0000,0.0041,21.8583,1.7500,0,ChildNaturalWalk,0.2978,0.2788,0.000
43.881,building_threshold,Can,-0.2776,0.0375,20.1087,1.6502,0,ChildNaturalWalk,0.1997,0.2029,0.000
43.914,building_threshold,Deniz,0.0000,0.0041,21.9166,1.7500,0,ChildNaturalWalk,0.3077,0.2688,0.000
43.914,building_threshold,Can,-0.2683,0.0384,20.1629,1.6502,0,ChildNaturalWalk,0.2092,0.1976,0.000
43.947,building_threshold,Deniz,0.0000,0.0041,21.9750,1.7500,0,ChildNaturalWalk,0.3149,0.2637,0.000
43.947,building_threshold,Can,-0.2591,0.0393,20.2171,1.6502,0,ChildNaturalWalk,0.2141,0.1932,0.000
43.980,building_threshold,Deniz,0.0000,0.0041,22.0333,1.7500,0,ChildNaturalWalk,0.3303,0.2627,0.000
43.980,building_threshold,Can,-0.2499,0.0401,20.2713,1.6502,0,ChildNaturalWalk,0.2244,0.1900,0.000
44.014,building_threshold,Deniz,0.0000,0.0041,22.0916,1.7500,0,ChildNaturalWalk,0.3475,0.2637,0.000
44.014,building_threshold,Can,-0.2407,0.0410,20.3255,1.6502,0,ChildNaturalWalk,0.2426,0.1890,0.000
44.047,building_threshold,Deniz,0.0000,0.0041,22.1500,1.7500,0,ChildNaturalWalk,0.3483,0.2672,0.000
44.047,building_threshold,Can,-0.2330,0.0419,20.3800,1.6502,0,ChildNaturalWalk,0.2456,0.1913,0.000
44.081,building_threshold,Deniz,0.0000,0.0041,22.2083,1.7500,0,ChildNaturalWalk,0.3325,0.2720,0.000
44.081,building_threshold,Can,-0.2253,0.0428,20.4345,1.6502,0,ChildNaturalWalk,0.2350,0.1940,0.000
44.114,building_threshold,Deniz,0.0000,0.0041,22.2666,1.7500,0,ChildNaturalWalk,0.3052,0.2766,0.000
44.114,building_threshold,Can,-0.2176,0.0435,20.4889,1.6502,0,ChildNaturalWalk,0.2176,0.1959,0.000
44.147,building_threshold,Deniz,0.0000,0.0041,22.3250,1.7500,0,ChildNaturalWalk,0.2817,0.2808,0.000
44.147,building_threshold,Can,-0.2099,0.0435,20.5434,1.6500,0,ChildNaturalWalk,0.2075,0.1961,0.000
44.180,building_threshold,Deniz,0.0000,0.0041,22.3833,1.7500,0,ChildNaturalWalk,0.2812,0.2841,0.000
44.180,building_threshold,Can,-0.2023,0.0435,20.5979,1.6500,0,ChildNaturalWalk,0.2127,0.1945,0.000
44.215,building_threshold,Deniz,0.0000,0.0041,22.4416,1.7500,0,ChildNaturalWalk,0.2878,0.2871,0.000
44.215,building_threshold,Can,-0.1958,0.0435,20.6525,1.6500,0,ChildNaturalWalk,0.2171,0.1938,0.000
44.247,building_threshold,Deniz,0.0000,0.0041,22.5000,1.7500,0,ChildNaturalWalk,0.2815,0.2927,0.000
44.247,building_threshold,Can,-0.1894,0.0435,20.7071,1.6500,0,ChildNaturalWalk,0.2117,0.1966,0.000
44.280,building_threshold,Deniz,0.0000,0.0041,22.5583,1.7500,0,ChildNaturalWalk,0.2681,0.3023,0.000
44.280,building_threshold,Can,-0.1830,0.0435,20.7617,1.6500,0,ChildNaturalWalk,0.2010,0.2050,0.000
44.314,building_threshold,Deniz,0.0000,0.0041,22.6166,1.7500,0,ChildNaturalWalk,0.2601,0.3144,0.000
44.314,building_threshold,Can,-0.1766,0.0435,20.8164,1.6500,0,ChildNaturalWalk,0.1929,0.2156,0.000
44.349,building_threshold,Deniz,0.0000,0.0041,22.6750,1.7500,0,ChildNaturalWalk,0.2613,0.3313,0.000
44.349,building_threshold,Can,-0.1702,0.0435,20.8710,1.6500,0,ChildNaturalWalk,0.1903,0.2318,0.000
44.383,building_threshold,Deniz,0.0000,0.0041,22.7333,1.7500,0,ChildNaturalWalk,0.2644,0.3493,0.000
44.383,building_threshold,Can,-0.1649,0.0435,20.9257,1.6500,0,ChildNaturalWalk,0.1905,0.2496,0.000
44.416,building_threshold,Deniz,0.0000,0.0041,22.7916,1.7500,0,ChildNaturalWalk,0.2674,0.3469,0.000
44.416,building_threshold,Can,-0.1595,0.0435,20.9805,1.6500,0,ChildNaturalWalk,0.1918,0.2481,0.000
44.448,building_threshold,Deniz,0.0000,0.0041,22.8500,1.7500,0,ChildNaturalWalk,0.2722,0.3372,0.000
44.448,building_threshold,Can,-0.1542,0.0435,21.0352,1.6500,0,ChildNaturalWalk,0.1938,0.2408,0.000
44.481,building_threshold,Deniz,0.0000,0.0041,22.9083,1.7500,0,ChildNaturalWalk,0.2770,0.3227,0.000
44.481,building_threshold,Can,-0.1489,0.0435,21.0899,1.6500,0,ChildNaturalWalk,0.1952,0.2305,0.000
44.515,building_threshold,Deniz,0.0000,0.0041,22.9666,1.7500,0,ChildNaturalWalk,0.2823,0.3076,0.000
44.515,building_threshold,Can,-0.1435,0.0435,21.1447,1.6500,0,ChildNaturalWalk,0.1968,0.2232,0.000
44.548,building_threshold,Deniz,0.0000,0.0041,23.0250,1.7500,0,ChildNaturalWalk,0.2885,0.2933,0.000
44.548,building_threshold,Can,-0.1390,0.0435,21.1995,1.6500,0,ChildNaturalWalk,0.1986,0.2195,0.000
44.581,building_threshold,Deniz,0.0000,0.0041,23.0833,1.7500,0,ChildNaturalWalk,0.2949,0.2838,0.000
44.581,building_threshold,Can,-0.1346,0.0435,21.2543,1.6500,0,ChildNaturalWalk,0.2028,0.2135,0.000
44.614,building_threshold,Deniz,0.0000,0.0041,23.1416,1.7500,0,ChildNaturalWalk,0.3033,0.2726,0.000
44.614,building_threshold,Can,-0.1301,0.0435,21.3091,1.6500,0,ChildNaturalWalk,0.2110,0.2046,0.000
44.648,building_threshold,Deniz,0.0000,0.0041,23.2000,1.7500,0,ChildNaturalWalk,0.3125,0.2649,0.000
44.648,building_threshold,Can,-0.1257,0.0435,21.3640,1.6500,0,ChildNaturalWalk,0.2174,0.1994,0.000
44.680,building_threshold,Deniz,0.0000,0.0041,23.2583,1.7500,0,ChildNaturalWalk,0.3236,0.2631,0.000
44.680,building_threshold,Can,-0.1212,0.0435,21.4188,1.6500,0,ChildNaturalWalk,0.2210,0.1951,0.000
44.714,building_threshold,Deniz,0.0000,0.0041,23.3166,1.7500,0,ChildNaturalWalk,0.3410,0.2631,0.000
44.714,building_threshold,Can,-0.1174,0.0435,21.4736,1.6500,0,ChildNaturalWalk,0.2387,0.1919,0.000
44.748,building_threshold,Deniz,0.0000,0.0041,23.3749,1.7500,0,ChildNaturalWalk,0.3513,0.2657,0.000
44.748,building_threshold,Can,-0.1137,0.0435,21.5285,1.6500,0,ChildNaturalWalk,0.2499,0.1924,0.000
44.781,building_threshold,Deniz,0.0000,0.0041,23.4333,1.7500,0,ChildNaturalWalk,0.3397,0.2700,0.000
44.781,building_threshold,Can,-0.1100,0.0435,21.5834,1.6500,0,ChildNaturalWalk,0.2406,0.1940,0.000
44.813,building_threshold,Deniz,0.0000,0.0041,23.4916,1.7500,0,ChildNaturalWalk,0.3163,0.2749,0.000
44.813,building_threshold,Can,-0.1062,0.0435,21.6383,1.6500,0,ChildNaturalWalk,0.2248,0.1959,0.000
44.847,building_threshold,Deniz,0.0000,0.0041,23.5499,1.7500,0,ChildNaturalWalk,0.2890,0.2794,0.000
44.847,building_threshold,Can,-0.1025,0.0435,21.6931,1.6500,0,ChildNaturalWalk,0.2092,0.1961,0.000
44.880,building_threshold,Deniz,0.0000,0.0041,23.6083,1.7500,0,ChildNaturalWalk,0.2792,0.2829,0.000
44.880,building_threshold,Can,-0.0994,0.0435,21.7480,1.6500,0,ChildNaturalWalk,0.2104,0.1951,0.000
44.914,building_threshold,Deniz,0.0000,0.0041,23.6666,1.7500,0,ChildNaturalWalk,0.2859,0.2861,0.000
44.914,building_threshold,Can,-0.0962,0.0435,21.8030,1.6500,0,ChildNaturalWalk,0.2156,0.1939,0.000
44.948,building_threshold,Deniz,0.0000,0.0041,23.7249,1.7500,0,ChildNaturalWalk,0.2851,0.2903,0.000
44.948,building_threshold,Can,-0.0931,0.0435,21.8579,1.6500,0,ChildNaturalWalk,0.2145,0.1952,0.000
44.981,building_threshold,Deniz,0.0000,0.0041,23.7782,1.5969,0,ChildNaturalWalk,0.2730,0.2980,0.000
44.981,building_threshold,Can,-0.0900,0.0435,21.9128,1.6500,0,ChildNaturalWalk,0.2057,0.2005,0.000
45.014,building_threshold,Deniz,0.0000,0.0041,23.8263,1.4424,0,ChildNaturalWalk,0.2628,0.3092,0.000
45.014,building_threshold,Can,-0.0868,0.0435,21.9677,1.6500,0,ChildNaturalWalk,0.1958,0.2113,0.000
45.048,building_threshold,Deniz,0.0000,0.0041,23.8691,1.2861,0,ChildNaturalWalk,0.2606,0.3240,0.000
45.048,building_threshold,Can,-0.0842,0.0435,22.0226,1.6500,0,ChildNaturalWalk,0.1908,0.2241,0.000
45.081,building_threshold,Deniz,0.0000,0.0041,23.9020,0.9861,0,ChildNaturalWalk,0.2632,0.3427,0.000
45.081,building_threshold,Can,-0.0816,0.0435,22.0776,1.6500,0,ChildNaturalWalk,0.1903,0.2434,0.000
45.114,building_threshold,Deniz,0.0000,0.0041,23.9249,0.6861,0,ChildNaturalWalk,0.2661,0.3496,0.000
45.114,building_threshold,Can,-0.0789,0.0435,22.1325,1.6500,0,ChildNaturalWalk,0.1912,0.2508,0.000
45.147,building_threshold,Deniz,0.0000,0.0041,23.9377,0.3861,0,ChildNaturalWalk,0.2701,0.3411,0.000
45.147,building_threshold,Can,-0.0763,0.0435,22.1874,1.6500,0,ChildNaturalWalk,0.1929,0.2435,0.000
45.180,building_threshold,Deniz,0.0000,0.0041,23.9406,0.0861,0,ChildNaturalWalk,0.2752,0.3289,0.000
45.180,building_threshold,Can,-0.0737,0.0435,22.2424,1.6500,0,ChildNaturalWalk,0.1947,0.2348,0.000
45.214,building_threshold,Deniz,0.0000,0.0041,23.9406,0.0000,0,ChildNeutralIdle+ChildNaturalWalk,0.2763,0.3114,0.000
45.214,building_threshold,Can,-0.0710,0.0435,22.2973,1.6500,0,ChildNaturalWalk,0.1962,0.2252,0.000
45.247,building_threshold,Deniz,0.0000,0.0041,23.9406,0.0000,0,ChildNeutralIdle+ChildNaturalWalk,0.2750,0.2970,0.000
45.247,building_threshold,Can,-0.0686,0.0435,22.3499,1.5791,0,ChildNaturalWalk,0.1978,0.2204,0.000
45.287,building_threshold,Deniz,0.0000,0.0041,23.9406,0.0000,0,ChildNeutralIdle+ChildNaturalWalk,0.2732,0.2886,0.000
45.287,building_threshold,Can,-0.0631,0.0435,22.4020,1.5726,0,ChildNaturalWalk,0.2006,0.2171,0.000
45.319,building_threshold,Deniz,0.0000,0.0041,23.9406,0.0000,0,ChildNeutralIdle+ChildNaturalWalk,0.2717,0.2847,0.000
45.319,building_threshold,Can,-0.0625,0.0435,22.4546,1.5788,0,ChildNaturalWalk,0.2078,0.2070,0.000
45.353,building_threshold,Deniz,0.0000,0.0041,23.9406,0.0000,0,ChildNeutralIdle+ChildNaturalWalk,0.2704,0.2832,0.000
45.353,building_threshold,Can,-0.0577,0.0435,22.5077,1.5993,0,ChildNaturalWalk,0.2159,0.2017,0.000
45.389,building_threshold,Deniz,0.0000,0.0041,23.9406,0.0000,0,ChildNeutralIdle+ChildNaturalWalk,0.2695,0.2830,0.000
45.389,building_threshold,Can,-0.0581,0.0435,22.5603,1.5779,0,ChildNaturalWalk,0.2194,0.1964,0.000
45.422,building_threshold,Deniz,0.0000,0.0041,23.9406,0.0000,0,ChildNeutralIdle+ChildNaturalWalk,0.2688,0.2834,0.000
45.422,building_threshold,Can,-0.0536,0.0435,22.6119,1.5513,0,ChildNaturalWalk,0.2325,0.1924,0.000
45.455,building_threshold,Deniz,0.0000,0.0041,23.9406,0.0000,0,ChildNeutralIdle+ChildNaturalWalk,0.2682,0.2842,0.000
45.455,building_threshold,Can,-0.0539,0.0435,22.6645,1.5779,0,ChildNaturalWalk,0.2468,0.1916,0.000
45.488,building_threshold,Deniz,0.0000,0.0041,23.9406,0.0000,0,ChildNeutralIdle+ChildNaturalWalk,0.2679,0.2850,0.000
45.488,building_threshold,Can,-0.0494,0.0435,22.7160,1.5513,0,ChildNaturalWalk,0.2459,0.1934,0.000
45.522,building_threshold,Deniz,0.0000,0.0041,23.9406,0.0000,0,ChildNeutralIdle,0.2666,0.2903,0.000
45.522,building_threshold,Can,-0.0494,0.0435,22.7160,0.0000,0,ChildNeutralIdle,0.1905,0.1751,0.000
45.555,building_threshold,Deniz,0.0000,0.0041,23.9406,0.0000,0,ChildNeutralIdle,0.2668,0.2904,0.000
45.555,building_threshold,Can,-0.0494,0.0435,22.7160,0.0000,0,ChildNeutralIdle,0.1902,0.1750,0.000
45.586,building_threshold,Deniz,0.0000,0.0041,23.9406,0.0000,0,ChildNeutralIdle,0.2669,0.2905,0.000
45.586,building_threshold,Can,-0.0494,0.0435,22.7160,0.0000,0,ChildNeutralIdle,0.1898,0.1749,0.000
45.620,building_threshold,Deniz,0.0000,0.0041,23.9406,0.0000,0,ChildNeutralIdle,0.2670,0.2905,0.000
45.620,building_threshold,Can,-0.0494,0.0435,22.7160,0.0000,0,ChildNeutralIdle,0.1895,0.1748,0.000
45.653,building_threshold,Deniz,0.0000,0.0041,23.9406,0.0000,0,ChildNeutralIdle,0.2672,0.2906,0.000
45.653,building_threshold,Can,-0.0494,0.0435,22.7160,0.0000,0,ChildNeutralIdle,0.1892,0.1747,0.000
45.687,building_threshold,Deniz,0.0000,0.0041,23.9406,0.0000,0,ChildNeutralIdle,0.2673,0.2907,0.000
45.687,building_threshold,Can,-0.0494,0.0435,22.7160,0.0000,0,ChildNeutralIdle,0.1888,0.1746,0.000
45.720,building_threshold,Deniz,0.0000,0.0041,23.9406,0.0000,0,ChildNeutralIdle,0.2675,0.2908,0.000
45.720,building_threshold,Can,-0.0494,0.0435,22.7160,0.0000,0,ChildNeutralIdle,0.1885,0.1745,0.000
45.753,building_threshold,Deniz,0.0000,0.0041,23.9406,0.0000,0,ChildNeutralIdle,0.2677,0.2908,0.000
45.753,building_threshold,Can,-0.0494,0.0435,22.7160,0.0000,0,ChildNeutralIdle,0.1882,0.1745,0.000
45.786,building_threshold,Deniz,0.0000,0.0041,23.9406,0.0000,0,ChildNeutralIdle,0.2678,0.2908,0.000
45.786,building_threshold,Can,-0.0494,0.0435,22.7160,0.0000,0,ChildNeutralIdle,0.1879,0.1745,0.000
45.819,building_threshold,Deniz,0.0000,0.0041,23.9406,0.0000,0,ChildNeutralIdle,0.2680,0.2909,0.000
45.819,building_threshold,Can,-0.0494,0.0435,22.7160,0.0000,0,ChildNeutralIdle,0.1876,0.1744,0.000
45.852,building_threshold,Deniz,0.0000,0.0041,23.9406,0.0000,0,ChildNeutralIdle,0.2681,0.2909,0.000
45.852,building_threshold,Can,-0.0494,0.0435,22.7160,0.0000,0,ChildNeutralIdle,0.1874,0.1744,0.000
45.886,building_threshold,Deniz,0.0000,0.0041,23.9406,0.0000,0,ChildNeutralIdle,0.2683,0.2909,0.000
45.886,building_threshold,Can,-0.0494,0.0435,22.7160,0.0000,0,ChildNeutralIdle,0.1871,0.1744,0.000
45.920,building_threshold,Deniz,0.0000,0.0041,23.9406,0.0000,0,ChildNeutralIdle,0.2684,0.2909,0.000
45.920,building_threshold,Can,-0.0494,0.0435,22.7160,0.0000,0,ChildNeutralIdle,0.1869,0.1745,0.000
45.952,building_threshold,Deniz,0.0000,0.0041,23.9406,0.0000,0,ChildNeutralIdle,0.2686,0.2909,0.000
45.952,building_threshold,Can,-0.0494,0.0435,22.7160,0.0000,0,ChildNeutralIdle,0.1868,0.1746,0.000
45.986,building_threshold,Deniz,0.0000,0.0041,23.9406,0.0000,0,ChildNeutralIdle,0.2687,0.2909,0.000
45.986,building_threshold,Can,-0.0494,0.0435,22.7160,0.0000,0,ChildNeutralIdle,0.1866,0.1747,0.000
46.020,building_threshold,Deniz,0.0000,0.0041,23.9406,0.0000,0,ChildNeutralIdle,0.2688,0.2909,0.000
46.020,building_threshold,Can,-0.0494,0.0435,22.7160,0.0000,0,ChildNeutralIdle,0.1865,0.1748,0.000
46.052,building_threshold,Deniz,0.0000,0.0041,23.9406,0.0000,0,ChildNeutralIdle,0.2690,0.2909,0.000
46.052,building_threshold,Can,-0.0494,0.0435,22.7160,0.0000,0,ChildNeutralIdle,0.1864,0.1749,0.000
46.086,building_threshold,Deniz,0.0000,0.0041,23.9406,0.0000,0,ChildNeutralIdle,0.2691,0.2909,0.000
46.086,building_threshold,Can,-0.0494,0.0435,22.7160,0.0000,0,ChildNeutralIdle,0.1863,0.1750,0.000
46.119,building_threshold,Deniz,0.0000,0.0041,23.9406,0.0000,0,ChildNeutralIdle,0.2692,0.2908,0.000
46.119,building_threshold,Can,-0.0494,0.0435,22.7160,0.0000,0,ChildNeutralIdle,0.1862,0.1751,0.000
46.152,building_threshold,Deniz,0.0000,0.0041,23.9406,0.0000,0,ChildNeutralIdle,0.2694,0.2908,0.000
46.152,building_threshold,Can,-0.0494,0.0435,22.7160,0.0000,0,ChildNeutralIdle,0.1862,0.1753,0.000
46.186,building_threshold,Deniz,0.0000,0.0041,23.9406,0.0000,0,ChildNeutralIdle,0.2695,0.2907,0.000
46.186,building_threshold,Can,-0.0494,0.0435,22.7160,0.0000,0,ChildNeutralIdle,0.1862,0.1754,0.000
46.219,building_threshold,Deniz,0.0000,0.0041,23.9406,0.0000,0,ChildNeutralIdle,0.2696,0.2906,0.000
46.219,building_threshold,Can,-0.0494,0.0435,22.7160,0.0000,0,ChildNeutralIdle,0.1862,0.1756,0.000
46.252,building_threshold,Deniz,0.0000,0.0041,23.9406,0.0000,0,ChildNeutralIdle,0.2697,0.2905,0.000
46.252,building_threshold,Can,-0.0494,0.0435,22.7160,0.0000,0,ChildNeutralIdle,0.1862,0.1757,0.000
46.286,building_threshold,Deniz,0.0000,0.0041,23.9406,0.0000,0,ChildNeutralIdle,0.2698,0.2905,0.000
46.286,building_threshold,Can,-0.0494,0.0435,22.7160,0.0000,0,ChildNeutralIdle,0.1862,0.1759,0.000
46.319,building_threshold,Deniz,0.0000,0.0041,23.9406,0.0000,0,ChildNeutralIdle,0.2699,0.2903,0.000
46.319,building_threshold,Can,-0.0494,0.0435,22.7160,0.0000,0,ChildNeutralIdle,0.1862,0.1760,0.000
46.353,building_threshold,Deniz,0.0000,0.0041,23.9406,0.0000,0,ChildNeutralIdle,0.2699,0.2902,0.000
46.353,building_threshold,Can,-0.0494,0.0435,22.7160,0.0000,0,ChildNeutralIdle,0.1863,0.1762,0.000
46.386,building_threshold,Deniz,0.0000,0.0041,23.9406,0.0000,0,ChildNeutralIdle,0.2700,0.2901,0.000
46.386,building_threshold,Can,-0.0494,0.0435,22.7160,0.0000,0,ChildNeutralIdle,0.1864,0.1764,0.000
46.420,building_threshold,Deniz,0.0000,0.0041,23.9406,0.0000,0,ChildNeutralIdle,0.2700,0.2900,0.000
46.420,building_threshold,Can,-0.0494,0.0435,22.7160,0.0000,0,ChildNeutralIdle,0.1865,0.1765,0.000
46.452,building_threshold,Deniz,0.0000,0.0041,23.9406,0.0000,0,ChildNeutralIdle,0.2701,0.2898,0.000
46.452,building_threshold,Can,-0.0494,0.0435,22.7160,0.0000,0,ChildNeutralIdle,0.1866,0.1767,0.000
46.486,building_threshold,Deniz,0.0000,0.0041,23.9406,0.0000,0,ChildNeutralIdle,0.2701,0.2897,0.000
46.486,building_threshold,Can,-0.0494,0.0435,22.7160,0.0000,0,ChildNeutralIdle,0.1868,0.1769,0.000
46.521,building_threshold,Deniz,0.0000,0.0041,23.9406,0.0000,0,ChildNeutralIdle,0.2701,0.2895,0.000
46.521,building_threshold,Can,-0.0494,0.0435,22.7160,0.0000,0,ChildNeutralIdle,0.1870,0.1770,0.000
46.555,building_threshold,Deniz,0.0000,0.0041,23.9406,0.0000,0,ChildNeutralIdle,0.2701,0.2894,0.000
46.555,building_threshold,Can,-0.0494,0.0435,22.7160,0.0000,0,ChildNeutralIdle,0.1871,0.1772,0.000
46.587,building_threshold,Deniz,0.0000,0.0041,23.9406,0.0000,0,ChildNeutralIdle,0.2700,0.2892,0.000
46.587,building_threshold,Can,-0.0494,0.0435,22.7160,0.0000,0,ChildNeutralIdle,0.1873,0.1774,0.000
46.619,building_threshold,Deniz,0.0000,0.0041,23.9406,0.0000,0,ChildNeutralIdle,0.2700,0.2891,0.000
46.619,building_threshold,Can,-0.0494,0.0435,22.7160,0.0000,0,ChildNeutralIdle,0.1876,0.1775,0.000
46.653,building_threshold,Deniz,0.0000,0.0041,23.9406,0.0000,0,ChildNeutralIdle,0.2699,0.2889,0.000
46.653,building_threshold,Can,-0.0494,0.0435,22.7160,0.0000,0,ChildNeutralIdle,0.1878,0.1777,0.000
46.686,building_threshold,Deniz,0.0000,0.0041,23.9406,0.0000,0,ChildNeutralIdle,0.2699,0.2888,0.000
46.686,building_threshold,Can,-0.0494,0.0435,22.7160,0.0000,0,ChildNeutralIdle,0.1881,0.1778,0.000
46.720,building_threshold,Deniz,0.0000,0.0041,23.9406,0.0000,0,ChildNeutralIdle,0.2698,0.2887,0.000
46.720,building_threshold,Can,-0.0494,0.0435,22.7160,0.0000,0,ChildNeutralIdle,0.1883,0.1780,0.000
46.753,building_threshold,Deniz,0.0000,0.0041,23.9406,0.0000,0,ChildNeutralIdle,0.2697,0.2886,0.000
46.753,building_threshold,Can,-0.0494,0.0435,22.7160,0.0000,0,ChildNeutralIdle,0.1886,0.1781,0.000
46.786,building_threshold,Deniz,0.0000,0.0041,23.9406,0.0000,0,ChildNeutralIdle,0.2696,0.2884,0.000
46.786,building_threshold,Can,-0.0494,0.0435,22.7160,0.0000,0,ChildNeutralIdle,0.1889,0.1783,0.000
46.819,building_threshold,Deniz,0.0000,0.0041,23.9406,0.0000,0,ChildNeutralIdle,0.2694,0.2883,0.000
46.819,building_threshold,Can,-0.0494,0.0435,22.7160,0.0000,0,ChildNeutralIdle,0.1892,0.1784,0.000
46.852,building_threshold,Deniz,0.0000,0.0041,23.9406,0.0000,0,ChildNeutralIdle,0.2693,0.2882,0.000
46.852,building_threshold,Can,-0.0494,0.0435,22.7160,0.0000,0,ChildNeutralIdle,0.1895,0.1785,0.000
46.886,building_threshold,Deniz,0.0000,0.0041,23.9406,0.0000,0,ChildNeutralIdle,0.2692,0.2880,0.000
46.886,building_threshold,Can,-0.0494,0.0435,22.7160,0.0000,0,ChildNeutralIdle,0.1898,0.1786,0.000
46.919,building_threshold,Deniz,0.0000,0.0041,23.9406,0.0000,0,ChildNeutralIdle,0.2690,0.2879,0.000
46.919,building_threshold,Can,-0.0494,0.0435,22.7160,0.0000,0,ChildNeutralIdle,0.1902,0.1787,0.000
46.952,building_threshold,Deniz,0.0000,0.0041,23.9406,0.0000,0,ChildNeutralIdle,0.2689,0.2878,0.000
46.952,building_threshold,Can,-0.0494,0.0435,22.7160,0.0000,0,ChildNeutralIdle,0.1905,0.1788,0.000
46.986,building_threshold,Deniz,0.0000,0.0041,23.9406,0.0000,0,ChildNeutralIdle,0.2687,0.2877,0.000
46.986,building_threshold,Can,-0.0494,0.0435,22.7160,0.0000,0,ChildNeutralIdle,0.1908,0.1789,0.000
47.019,building_threshold,Deniz,0.0000,0.0041,23.9406,0.0000,0,ChildNeutralIdle,0.2686,0.2876,0.000
47.019,building_threshold,Can,-0.0494,0.0435,22.7160,0.0000,0,ChildNeutralIdle,0.1911,0.1790,0.000
47.052,building_threshold,Deniz,0.0000,0.0041,23.9406,0.0000,0,ChildNeutralIdle,0.2684,0.2875,0.000
47.052,building_threshold,Can,-0.0494,0.0435,22.7160,0.0000,0,ChildNeutralIdle,0.1914,0.1791,0.000
47.086,building_threshold,Deniz,0.0000,0.0041,23.9406,0.0000,0,ChildNeutralIdle,0.2682,0.2874,0.000
47.086,building_threshold,Can,-0.0494,0.0435,22.7160,0.0000,0,ChildNeutralIdle,0.1918,0.1791,0.000
47.119,building_threshold,Deniz,0.0000,0.0041,23.9406,0.0000,0,ChildNeutralIdle,0.2681,0.2873,0.000
47.119,building_threshold,Can,-0.0494,0.0435,22.7160,0.0000,0,ChildNeutralIdle,0.1921,0.1792,0.000
47.152,building_threshold,Deniz,0.0000,0.0041,23.9406,0.0000,0,ChildNeutralIdle,0.2679,0.2872,0.000
47.152,building_threshold,Can,-0.0494,0.0435,22.7160,0.0000,0,ChildNeutralIdle,0.1924,0.1792,0.000
47.186,building_threshold,Deniz,0.0000,0.0041,23.9406,0.0000,0,ChildNeutralIdle,0.2677,0.2871,0.000
47.186,building_threshold,Can,-0.0494,0.0435,22.7160,0.0000,0,ChildNeutralIdle,0.1927,0.1793,0.000
47.219,building_threshold,Deniz,0.0000,0.0041,23.9406,0.0000,0,ChildNeutralIdle,0.2675,0.2871,0.000
47.219,building_threshold,Can,-0.0494,0.0435,22.7160,0.0000,0,ChildNeutralIdle,0.1930,0.1793,0.000
47.252,building_threshold,Deniz,0.0000,0.0041,23.9406,0.0000,0,ChildNeutralIdle,0.2674,0.2870,0.000
47.252,building_threshold,Can,-0.0494,0.0435,22.7160,0.0000,0,ChildNeutralIdle,0.1932,0.1793,0.000
47.286,building_threshold,Deniz,0.0000,0.0041,23.9406,0.0000,0,ChildNeutralIdle,0.2672,0.2870,0.000
47.286,building_threshold,Can,-0.0494,0.0435,22.7160,0.0000,0,ChildNeutralIdle,0.1935,0.1793,0.000
47.319,building_threshold,Deniz,0.0000,0.0041,23.9406,0.0000,0,ChildNeutralIdle,0.2670,0.2870,0.000
47.319,building_threshold,Can,-0.0494,0.0435,22.7160,0.0000,0,ChildNeutralIdle,0.1937,0.1793,0.000
47.353,building_threshold,Deniz,0.0000,0.0041,23.9406,0.0000,0,ChildNeutralIdle,0.2668,0.2869,0.000
47.353,building_threshold,Can,-0.0494,0.0435,22.7160,0.0000,0,ChildNeutralIdle,0.1940,0.1793,0.000
47.386,building_threshold,Deniz,0.0000,0.0041,23.9406,0.0000,0,ChildNeutralIdle,0.2667,0.2869,0.000
47.386,building_threshold,Can,-0.0494,0.0435,22.7160,0.0000,0,ChildNeutralIdle,0.1942,0.1792,0.000
47.419,building_threshold,Deniz,0.0000,0.0041,23.9406,0.0000,0,ChildNeutralIdle,0.2665,0.2869,0.000
47.419,building_threshold,Can,-0.0494,0.0435,22.7160,0.0000,0,ChildNeutralIdle,0.1944,0.1792,0.000
47.453,building_threshold,Deniz,0.0000,0.0041,23.9406,0.0000,0,ChildNeutralIdle,0.2663,0.2869,0.000
47.453,building_threshold,Can,-0.0494,0.0435,22.7160,0.0000,0,ChildNeutralIdle,0.1945,0.1791,0.000
47.486,building_threshold,Deniz,0.0000,0.0041,23.9406,0.0000,0,ChildNeutralIdle,0.2662,0.2869,0.000
47.486,building_threshold,Can,-0.0494,0.0435,22.7160,0.0000,0,ChildNeutralIdle,0.1947,0.1790,0.000
47.520,building_threshold,Deniz,0.0000,0.0041,23.9406,0.0000,0,ChildNeutralIdle,0.2660,0.2869,0.000
47.520,building_threshold,Can,-0.0494,0.0435,22.7160,0.0000,0,ChildNeutralIdle,0.1948,0.1789,0.000
47.554,building_threshold,Deniz,0.0000,0.0041,23.9406,0.0000,0,ChildNeutralIdle,0.2659,0.2870,0.000
47.554,building_threshold,Can,-0.0494,0.0435,22.7160,0.0000,0,ChildNeutralIdle,0.1949,0.1789,0.000
47.586,building_threshold,Deniz,0.0000,0.0041,23.9406,0.0000,0,ChildNeutralIdle,0.2657,0.2870,0.000
47.586,building_threshold,Can,-0.0494,0.0435,22.7160,0.0000,0,ChildNeutralIdle,0.1950,0.1787,0.000
47.620,building_threshold,Deniz,0.0000,0.0041,23.9406,0.0000,0,ChildNeutralIdle,0.2656,0.2870,0.000
47.620,building_threshold,Can,-0.0494,0.0435,22.7160,0.0000,0,ChildNeutralIdle,0.1950,0.1786,0.000
47.653,building_threshold,Deniz,0.0000,0.0041,23.9406,0.0000,0,ChildNeutralIdle,0.2655,0.2871,0.000
47.653,building_threshold,Can,-0.0494,0.0435,22.7160,0.0000,0,ChildNeutralIdle,0.1951,0.1785,0.000
47.686,building_threshold,Deniz,0.0000,0.0041,23.9406,0.0000,0,ChildNeutralIdle,0.2654,0.2871,0.000
47.686,building_threshold,Can,-0.0494,0.0435,22.7160,0.0000,0,ChildNeutralIdle,0.1951,0.1784,0.000
47.719,building_threshold,Deniz,0.0000,0.0041,23.9406,0.0000,0,ChildNeutralIdle,0.2653,0.2872,0.000
47.719,building_threshold,Can,-0.0494,0.0435,22.7160,0.0000,0,ChildNeutralIdle,0.1951,0.1782,0.000
47.753,building_threshold,Deniz,0.0000,0.0041,23.9406,0.0000,0,ChildNeutralIdle,0.2652,0.2873,0.000
47.753,building_threshold,Can,-0.0494,0.0435,22.7160,0.0000,0,ChildNeutralIdle,0.1951,0.1781,0.000
47.786,building_threshold,Deniz,0.0000,0.0041,23.9406,0.0000,0,ChildNeutralIdle,0.2651,0.2874,0.000
47.786,building_threshold,Can,-0.0494,0.0435,22.7160,0.0000,0,ChildNeutralIdle,0.1950,0.1779,0.000
47.820,building_threshold,Deniz,0.0000,0.0041,23.9406,0.0000,0,ChildNeutralIdle,0.2650,0.2875,0.000
47.820,building_threshold,Can,-0.0494,0.0435,22.7160,0.0000,0,ChildNeutralIdle,0.1950,0.1778,0.000
47.853,building_threshold,Deniz,0.0000,0.0041,23.9406,0.0000,0,ChildNeutralIdle,0.2649,0.2876,0.000
47.853,building_threshold,Can,-0.0494,0.0435,22.7160,0.0000,0,ChildNeutralIdle,0.1949,0.1776,0.000
47.886,building_threshold,Deniz,0.0000,0.0041,23.9406,0.0000,0,ChildNeutralIdle,0.2649,0.2877,0.000
47.886,building_threshold,Can,-0.0494,0.0435,22.7160,0.0000,0,ChildNeutralIdle,0.1948,0.1775,0.000
47.919,building_threshold,Deniz,0.0000,0.0041,23.9406,0.0000,0,ChildNeutralIdle,0.2649,0.2879,0.000
47.919,building_threshold,Can,-0.0494,0.0435,22.7160,0.0000,0,ChildNeutralIdle,0.1947,0.1773,0.000
47.953,building_threshold,Deniz,0.0000,0.0041,23.9406,0.0000,0,ChildNeutralIdle,0.2649,0.2880,0.000
47.953,building_threshold,Can,-0.0494,0.0435,22.7160,0.0000,0,ChildNeutralIdle,0.1946,0.1771,0.000
47.986,building_threshold,Deniz,0.0000,0.0041,23.9406,0.0000,0,ChildNeutralIdle,0.2650,0.2882,0.000
47.986,building_threshold,Can,-0.0494,0.0435,22.7160,0.0000,0,ChildNeutralIdle,0.1944,0.1770,0.000
48.019,building_threshold,Deniz,0.0000,0.0041,23.9406,0.0000,0,ChildNeutralIdle,0.2650,0.2883,0.000
48.019,building_threshold,Can,-0.0494,0.0435,22.7160,0.0000,0,ChildNeutralIdle,0.1942,0.1768,0.000
48.052,building_threshold,Deniz,0.0000,0.0041,23.9406,0.0000,0,ChildNeutralIdle,0.2651,0.2885,0.000
48.052,building_threshold,Can,-0.0494,0.0435,22.7160,0.0000,0,ChildNeutralIdle,0.1941,0.1766,0.000
48.086,building_threshold,Deniz,0.0000,0.0041,23.9406,0.0000,0,ChildNeutralIdle,0.2651,0.2886,0.000
48.086,building_threshold,Can,-0.0494,0.0435,22.7160,0.0000,0,ChildNeutralIdle,0.1939,0.1764,0.000
48.119,building_threshold,Deniz,0.0000,0.0041,23.9406,0.0000,0,ChildNeutralIdle,0.2652,0.2888,0.000
48.119,building_threshold,Can,-0.0494,0.0435,22.7160,0.0000,0,ChildNeutralIdle,0.1937,0.1763,0.000
48.152,building_threshold,Deniz,0.0000,0.0041,23.9406,0.0000,0,ChildNeutralIdle,0.2653,0.2889,0.000
48.152,building_threshold,Can,-0.0494,0.0435,22.7160,0.0000,0,ChildNeutralIdle,0.1934,0.1761,0.000
48.186,building_threshold,Deniz,0.0000,0.0041,23.9406,0.0000,0,ChildNeutralIdle,0.2654,0.2891,0.000
48.186,building_threshold,Can,-0.0494,0.0435,22.7160,0.0000,0,ChildNeutralIdle,0.1932,0.1759,0.000
48.219,building_threshold,Deniz,0.0000,0.0041,23.9406,0.0000,0,ChildNeutralIdle,0.2655,0.2892,0.000
48.219,building_threshold,Can,-0.0494,0.0435,22.7160,0.0000,0,ChildNeutralIdle,0.1930,0.1758,0.000
48.252,building_threshold,Deniz,0.0000,0.0041,23.9406,0.0000,0,ChildNeutralIdle,0.2656,0.2894,0.000
48.252,building_threshold,Can,-0.0494,0.0435,22.7160,0.0000,0,ChildNeutralIdle,0.1927,0.1756,0.000
48.286,building_threshold,Deniz,0.0000,0.0041,23.9406,0.0000,0,ChildNeutralIdle,0.2657,0.2895,0.000
48.286,building_threshold,Can,-0.0494,0.0435,22.7160,0.0000,0,ChildNeutralIdle,0.1924,0.1755,0.000
48.320,building_threshold,Deniz,0.0000,0.0041,23.9406,0.0000,0,ChildNeutralIdle,0.2658,0.2896,0.000
48.320,building_threshold,Can,-0.0494,0.0435,22.7160,0.0000,0,ChildNeutralIdle,0.1921,0.1753,0.000
48.352,building_threshold,Deniz,0.0000,0.0041,23.9406,0.0000,0,ChildNeutralIdle,0.2660,0.2898,0.000
48.352,building_threshold,Can,-0.0494,0.0435,22.7160,0.0000,0,ChildNeutralIdle,0.1918,0.1752,0.000
48.386,building_threshold,Deniz,0.0000,0.0041,23.9406,0.0000,0,ChildNeutralIdle,0.2661,0.2899,0.000
48.386,building_threshold,Can,-0.0494,0.0435,22.7160,0.0000,0,ChildNeutralIdle,0.1915,0.1750,0.000
48.419,building_threshold,Deniz,0.0000,0.0041,23.9406,0.0000,0,ChildNeutralIdle,0.2662,0.2900,0.000
48.419,building_threshold,Can,-0.0494,0.0435,22.7160,0.0000,0,ChildNeutralIdle,0.1912,0.1749,0.000
48.452,building_threshold,Deniz,0.0000,0.0041,23.9406,0.0000,0,ChildNeutralIdle,0.2664,0.2901,0.000
48.452,building_threshold,Can,-0.0494,0.0435,22.7160,0.0000,0,ChildNeutralIdle,0.1909,0.1747,0.000
48.486,building_threshold,Deniz,0.0000,0.0041,23.9406,0.0000,0,ChildNeutralIdle,0.2665,0.2902,0.000
48.486,building_threshold,Can,-0.0494,0.0435,22.7160,0.0000,0,ChildNeutralIdle,0.1906,0.1746,0.000
48.519,building_threshold,Deniz,0.0000,0.0041,23.9406,0.0000,0,ChildNeutralIdle,0.2667,0.2903,0.000
48.519,building_threshold,Can,-0.0494,0.0435,22.7160,0.0000,0,ChildNeutralIdle,0.1902,0.1745,0.000
48.553,building_threshold,Deniz,0.0000,0.0041,23.9406,0.0000,0,ChildNeutralIdle,0.2668,0.2904,0.000
48.553,building_threshold,Can,-0.0494,0.0435,22.7160,0.0000,0,ChildNeutralIdle,0.1899,0.1744,0.000
48.592,building_threshold,Deniz,0.0000,0.0041,23.9406,0.0000,0,ChildNeutralIdle,0.2670,0.2905,0.000
48.592,building_threshold,Can,-0.0494,0.0435,22.7160,0.0000,0,ChildNeutralIdle,0.1896,0.1743,0.000
48.626,building_threshold,Deniz,0.0000,0.0041,23.9406,0.0000,0,ChildNeutralIdle,0.2672,0.2906,0.000
48.626,building_threshold,Can,-0.0494,0.0435,22.7160,0.0000,0,ChildNeutralIdle,0.1893,0.1742,0.000
48.658,building_threshold,Deniz,0.0000,0.0041,23.9406,0.0000,0,ChildNeutralIdle,0.2673,0.2906,0.000
48.658,building_threshold,Can,-0.0494,0.0435,22.7160,0.0000,0,ChildNeutralIdle,0.1890,0.1741,0.000
48.693,building_threshold,Deniz,0.0000,0.0041,23.9406,0.0000,0,ChildNeutralIdle,0.2675,0.2907,0.000
48.693,building_threshold,Can,-0.0494,0.0435,22.7160,0.0000,0,ChildNeutralIdle,0.1887,0.1741,0.000
48.725,building_threshold,Deniz,0.0000,0.0041,23.9406,0.0000,0,ChildNeutralIdle,0.2677,0.2908,0.000
48.725,building_threshold,Can,-0.0494,0.0435,22.7160,0.0000,0,ChildNeutralIdle,0.1884,0.1740,0.000
48.759,building_threshold,Deniz,0.0000,0.0041,23.9406,0.0000,0,ChildNeutralIdle,0.2678,0.2908,0.000
48.759,building_threshold,Can,-0.0494,0.0435,22.7160,0.0000,0,ChildNeutralIdle,0.1882,0.1740,0.000
48.791,building_threshold,Deniz,0.0000,0.0041,23.9406,0.0000,0,ChildNeutralIdle,0.2680,0.2908,0.000
48.791,building_threshold,Can,-0.0494,0.0435,22.7160,0.0000,0,ChildNeutralIdle,0.1879,0.1740,0.000
48.825,building_threshold,Deniz,0.0000,0.0041,23.9406,0.0000,0,ChildNeutralIdle,0.2682,0.2909,0.000
48.825,building_threshold,Can,-0.0494,0.0435,22.7160,0.0000,0,ChildNeutralIdle,0.1877,0.1740,0.000
48.858,building_threshold,Deniz,0.0000,0.0041,23.9406,0.0000,0,ChildNeutralIdle,0.2683,0.2909,0.000
48.858,building_threshold,Can,-0.0494,0.0435,22.7160,0.0000,0,ChildNeutralIdle,0.1874,0.1740,0.000
48.892,building_threshold,Deniz,0.0000,0.0041,23.9406,0.0000,0,ChildNeutralIdle,0.2685,0.2909,0.000
48.892,building_threshold,Can,-0.0494,0.0435,22.7160,0.0000,0,ChildNeutralIdle,0.1872,0.1740,0.000
48.925,building_threshold,Deniz,0.0000,0.0041,23.9406,0.0000,0,ChildNeutralIdle,0.2686,0.2909,0.000
48.925,building_threshold,Can,-0.0494,0.0435,22.7160,0.0000,0,ChildNeutralIdle,0.1870,0.1741,0.000
48.958,building_threshold,Deniz,0.0000,0.0041,23.9406,0.0000,0,ChildNeutralIdle,0.2688,0.2909,0.000
48.958,building_threshold,Can,-0.0494,0.0435,22.7160,0.0000,0,ChildNeutralIdle,0.1868,0.1741,0.000
48.991,building_threshold,Deniz,0.0000,0.0041,23.9406,0.0000,0,ChildNeutralIdle,0.2689,0.2909,0.000
48.991,building_threshold,Can,-0.0494,0.0435,22.7160,0.0000,0,ChildNeutralIdle,0.1867,0.1742,0.000
49.024,building_threshold,Deniz,0.0000,0.0041,23.9406,0.0000,0,ChildNeutralIdle,0.2691,0.2908,0.000
49.024,building_threshold,Can,-0.0494,0.0435,22.7160,0.0000,0,ChildNeutralIdle,0.1866,0.1743,0.000
49.058,building_threshold,Deniz,0.0000,0.0041,23.9406,0.0000,0,ChildNeutralIdle,0.2692,0.2908,0.000
49.058,building_threshold,Can,-0.0494,0.0435,22.7160,0.0000,0,ChildNeutralIdle,0.1864,0.1744,0.000
49.091,building_threshold,Deniz,0.0000,0.0041,23.9406,0.0000,0,ChildNeutralIdle,0.2694,0.2907,0.000
49.091,building_threshold,Can,-0.0494,0.0435,22.7160,0.0000,0,ChildNeutralIdle,0.1863,0.1745,0.000
49.125,building_threshold,Deniz,0.0000,0.0041,23.9406,0.0000,0,ChildNeutralIdle,0.2695,0.2907,0.000
49.125,building_threshold,Can,-0.0494,0.0435,22.7160,0.0000,0,ChildNeutralIdle,0.1863,0.1747,0.000
49.158,building_threshold,Deniz,0.0000,0.0041,23.9406,0.0000,0,ChildNeutralIdle,0.2696,0.2906,0.000
49.158,building_threshold,Can,-0.0494,0.0435,22.7160,0.0000,0,ChildNeutralIdle,0.1862,0.1748,0.000
49.192,building_threshold,Deniz,0.0000,0.0041,23.9406,0.0000,0,ChildNeutralIdle,0.2697,0.2906,0.000
49.192,building_threshold,Can,-0.0494,0.0435,22.7160,0.0000,0,ChildNeutralIdle,0.1862,0.1749,0.000
49.225,building_threshold,Deniz,0.0000,0.0041,23.9406,0.0000,0,ChildNeutralIdle,0.2698,0.2905,0.000
49.225,building_threshold,Can,-0.0494,0.0435,22.7160,0.0000,0,ChildNeutralIdle,0.1862,0.1751,0.000
49.259,building_threshold,Deniz,0.0000,0.0041,23.9406,0.0000,0,ChildNeutralIdle,0.2699,0.2904,0.000
49.259,building_threshold,Can,-0.0494,0.0435,22.7160,0.0000,0,ChildNeutralIdle,0.1862,0.1753,0.000
49.292,building_threshold,Deniz,0.0000,0.0041,23.9406,0.0000,0,ChildNeutralIdle,0.2700,0.2904,0.000
49.292,building_threshold,Can,-0.0494,0.0435,22.7160,0.0000,0,ChildNeutralIdle,0.1862,0.1754,0.000
49.325,building_threshold,Deniz,0.0000,0.0041,23.9406,0.0000,0,ChildNeutralIdle,0.2701,0.2903,0.000
49.325,building_threshold,Can,-0.0494,0.0435,22.7160,0.0000,0,ChildNeutralIdle,0.1863,0.1756,0.000
49.358,building_threshold,Deniz,0.0000,0.0041,23.9406,0.0000,0,ChildNeutralIdle,0.2701,0.2902,0.000
49.358,building_threshold,Can,-0.0494,0.0435,22.7160,0.0000,0,ChildNeutralIdle,0.1864,0.1758,0.000
49.391,building_threshold,Deniz,0.0000,0.0041,23.9406,0.0000,0,ChildNeutralIdle,0.2702,0.2901,0.000
49.391,building_threshold,Can,-0.0494,0.0435,22.7160,0.0000,0,ChildNeutralIdle,0.1865,0.1760,0.000
49.425,building_threshold,Deniz,0.0000,0.0041,23.9406,0.0000,0,ChildNeutralIdle,0.2702,0.2900,0.000
49.425,building_threshold,Can,-0.0494,0.0435,22.7160,0.0000,0,ChildNeutralIdle,0.1866,0.1761,0.000
49.459,building_threshold,Deniz,0.0000,0.0041,23.9406,0.0000,0,ChildNeutralIdle,0.2702,0.2899,0.000
49.459,building_threshold,Can,-0.0494,0.0435,22.7160,0.0000,0,ChildNeutralIdle,0.1867,0.1763,0.000
49.491,building_threshold,Deniz,0.0000,0.0041,23.9406,0.0000,0,ChildNeutralIdle,0.2702,0.2897,0.000
49.491,building_threshold,Can,-0.0494,0.0435,22.7160,0.0000,0,ChildNeutralIdle,0.1869,0.1765,0.000
49.524,building_threshold,Deniz,0.0000,0.0041,23.9406,0.0000,0,ChildNeutralIdle,0.2702,0.2896,0.000
49.524,building_threshold,Can,-0.0494,0.0435,22.7160,0.0000,0,ChildNeutralIdle,0.1871,0.1766,0.000
49.559,building_threshold,Deniz,0.0000,0.0041,23.9406,0.0000,0,ChildNeutralIdle,0.2701,0.2895,0.000
49.559,building_threshold,Can,-0.0494,0.0435,22.7160,0.0000,0,ChildNeutralIdle,0.1873,0.1768,0.000
49.592,building_threshold,Deniz,0.0000,0.0041,23.9406,0.0000,0,ChildNeutralIdle,0.2701,0.2893,0.000
49.592,building_threshold,Can,-0.0494,0.0435,22.7160,0.0000,0,ChildNeutralIdle,0.1875,0.1770,0.000
49.626,building_threshold,Deniz,0.0000,0.0041,23.9406,0.0000,0,ChildNeutralIdle,0.2700,0.2892,0.000
49.626,building_threshold,Can,-0.0494,0.0435,22.7160,0.0000,0,ChildNeutralIdle,0.1877,0.1771,0.000
49.659,building_threshold,Deniz,0.0000,0.0041,23.9406,0.0000,0,ChildNeutralIdle,0.2699,0.2890,0.000
49.659,building_threshold,Can,-0.0494,0.0435,22.7160,0.0000,0,ChildNeutralIdle,0.1880,0.1773,0.000
49.692,building_threshold,Deniz,0.0000,0.0041,23.9406,0.0000,0,ChildNeutralIdle,0.2698,0.2888,0.000
49.692,building_threshold,Can,-0.0494,0.0435,22.7160,0.0000,0,ChildNeutralIdle,0.1883,0.1774,0.000
49.727,building_threshold,Deniz,0.0000,0.0041,23.9406,0.0000,0,ChildNeutralIdle,0.2697,0.2887,0.000
49.727,building_threshold,Can,-0.0494,0.0435,22.7160,0.0000,0,ChildNeutralIdle,0.1885,0.1776,0.000
49.759,facade_clear,Deniz,0.0000,0.0041,23.9406,0.0000,0,ChildNeutralIdle,0.2696,0.2885,0.000
49.759,facade_clear,Can,-0.0494,0.0435,22.7160,0.0000,0,ChildNeutralIdle,0.1888,0.1777,0.000
49.793,facade_clear,Deniz,0.0000,0.0041,23.9506,0.3000,0,ChildNeutralIdle,0.2695,0.2883,0.000
49.793,facade_clear,Can,-0.0494,0.0435,22.7160,0.0000,0,ChildNeutralIdle,0.1891,0.1779,0.000
49.826,facade_clear,Deniz,0.0000,0.0041,23.9706,0.6000,0,ChildNeutralIdle+ChildNaturalWalk,0.2675,0.2903,0.000
49.826,facade_clear,Can,-0.0494,0.0435,22.7160,0.0000,0,ChildNeutralIdle,0.1894,0.1780,0.000
49.861,facade_clear,Deniz,0.0000,0.0041,24.0006,0.9000,0,ChildNeutralIdle+ChildNaturalWalk,0.2645,0.2946,0.000
49.861,facade_clear,Can,-0.0494,0.0435,22.7160,0.0000,0,ChildNeutralIdle,0.1898,0.1781,0.000
49.894,facade_clear,Deniz,0.0000,0.0041,24.0406,1.2000,0,ChildNeutralIdle+ChildNaturalWalk,0.2616,0.3016,0.000
49.894,facade_clear,Can,-0.0494,0.0435,22.7160,0.0000,0,ChildNeutralIdle,0.1901,0.1783,0.000
49.926,facade_clear,Deniz,0.0000,0.0041,24.0906,1.5000,0,ChildNeutralIdle+ChildNaturalWalk,0.2599,0.3122,0.000
49.926,facade_clear,Can,-0.0494,0.0435,22.7160,0.0000,0,ChildNeutralIdle,0.1904,0.1784,0.000
49.958,facade_clear,Deniz,0.0000,0.0041,24.1489,1.7500,0,ChildNeutralIdle+ChildNaturalWalk,0.2603,0.3268,0.000
49.958,facade_clear,Can,-0.0491,0.0435,22.7248,0.2667,0,ChildNeutralIdle,0.1907,0.1785,0.000
49.992,facade_clear,Deniz,0.0000,0.0041,24.2073,1.7500,0,ChildNeutralIdle+ChildNaturalWalk,0.2648,0.3459,0.000
49.992,facade_clear,Can,-0.0484,0.0435,22.7426,0.5333,0,ChildNeutralIdle+ChildNaturalWalk,0.1886,0.1791,0.000
50.025,facade_clear,Deniz,0.0000,0.0041,24.2656,1.7500,0,ChildNaturalWalk,0.2692,0.3437,0.000
50.025,facade_clear,Can,-0.0474,0.0435,22.7693,0.8000,0,ChildNeutralIdle+ChildNaturalWalk,0.1858,0.1801,0.000
50.058,facade_clear,Deniz,0.0000,0.0041,24.3239,1.7500,0,ChildNaturalWalk,0.2741,0.3315,0.000
50.058,facade_clear,Can,-0.0468,0.0435,22.7870,0.5333,0,ChildNeutralIdle+ChildNaturalWalk,0.1845,0.1811,0.000
50.091,facade_clear,Deniz,0.0000,0.0041,24.3823,1.7500,0,ChildNaturalWalk,0.2792,0.3170,0.000
50.091,facade_clear,Can,-0.0464,0.0435,22.7959,0.2667,0,ChildNeutralIdle+ChildNaturalWalk,0.1846,0.1814,0.000
50.125,facade_clear,Deniz,0.0000,0.0041,24.4406,1.7500,0,ChildNaturalWalk,0.2847,0.3009,0.000
50.125,facade_clear,Can,-0.0459,0.0435,22.8137,0.5333,0,ChildNeutralIdle+ChildNaturalWalk,0.1845,0.1810,0.000
50.158,facade_clear,Deniz,0.0000,0.0041,24.4989,1.7500,0,ChildNaturalWalk,0.2915,0.2882,0.000
50.158,facade_clear,Can,-0.0450,0.0435,22.8403,0.8000,0,ChildNeutralIdle+ChildNaturalWalk,0.1847,0.1811,0.000
50.192,facade_clear,Deniz,0.0000,0.0041,24.5573,1.7500,0,ChildNaturalWalk,0.2981,0.2784,0.000
50.192,facade_clear,Can,-0.0439,0.0435,22.8759,1.0666,0,ChildNeutralIdle+ChildNaturalWalk,0.1863,0.1817,0.000
50.225,facade_clear,Deniz,0.0000,0.0041,24.6156,1.7500,0,ChildNaturalWalk,0.3081,0.2685,0.000
50.225,facade_clear,Can,-0.0425,0.0435,22.9203,1.3333,0,ChildNeutralIdle+ChildNaturalWalk,0.1902,0.1831,0.000
50.258,facade_clear,Deniz,0.0000,0.0041,24.6739,1.7500,0,ChildNaturalWalk,0.3152,0.2636,0.000
50.258,facade_clear,Can,-0.0409,0.0435,22.9736,1.6000,0,ChildNeutralIdle+ChildNaturalWalk,0.1981,0.1853,0.000
50.292,facade_clear,Deniz,0.0000,0.0041,24.7323,1.7500,0,ChildNaturalWalk,0.3310,0.2627,0.000
50.292,facade_clear,Can,-0.0395,0.0435,23.0286,1.6500,0,ChildNeutralIdle+ChildNaturalWalk,0.2141,0.1907,0.000
50.324,facade_clear,Deniz,0.0000,0.0041,24.7854,1.5935,0,ChildNaturalWalk,0.3477,0.2638,0.000
50.324,facade_clear,Can,-0.0382,0.0435,23.0836,1.6500,0,ChildNaturalWalk,0.2344,0.1922,0.000
50.357,facade_clear,Deniz,0.0000,0.0041,24.8332,1.4354,0,ChildNaturalWalk,0.3479,0.2674,0.000
50.357,facade_clear,Can,-0.0368,0.0435,23.1385,1.6500,0,ChildNaturalWalk,0.2478,0.1916,0.000
50.393,facade_clear,Deniz,0.0000,0.0041,24.8332,0.0000,0,ChildNeutralIdle,0.2665,0.2869,0.000
50.393,facade_clear,Can,-0.0354,0.0435,23.1935,1.6500,0,ChildNaturalWalk,0.2445,0.1936,0.000
50.426,facade_clear,Deniz,0.0000,0.0041,24.8332,0.0000,0,ChildNeutralIdle,0.2663,0.2869,0.000
50.426,facade_clear,Can,-0.0354,0.0435,23.1935,0.0000,0,ChildNeutralIdle,0.1901,0.1750,0.000
50.458,facade_clear,Deniz,0.0000,0.0041,24.8332,0.0000,0,ChildNeutralIdle,0.2662,0.2869,0.000
50.458,facade_clear,Can,-0.0354,0.0435,23.1935,0.0000,0,ChildNeutralIdle,0.1898,0.1748,0.000
50.492,facade_clear,Deniz,0.0000,0.0041,24.8332,0.0000,0,ChildNeutralIdle,0.2660,0.2869,0.000
50.492,facade_clear,Can,-0.0354,0.0435,23.1935,0.0000,0,ChildNeutralIdle,0.1895,0.1748,0.000
50.526,facade_clear,Deniz,0.0000,0.0041,24.8332,0.0000,0,ChildNeutralIdle,0.2659,0.2870,0.000
50.526,facade_clear,Can,-0.0354,0.0435,23.1935,0.0000,0,ChildNeutralIdle,0.1891,0.1747,0.000
50.559,facade_clear,Deniz,0.0000,0.0041,24.8332,0.0000,0,ChildNeutralIdle,0.2657,0.2870,0.000
50.559,facade_clear,Can,-0.0354,0.0435,23.1935,0.0000,0,ChildNeutralIdle,0.1888,0.1746,0.000
50.591,facade_clear,Deniz,0.0000,0.0041,24.8332,0.0000,0,ChildNeutralIdle,0.2656,0.2870,0.000
50.591,facade_clear,Can,-0.0354,0.0435,23.1935,0.0000,0,ChildNeutralIdle,0.1885,0.1745,0.000
50.625,facade_clear,Deniz,0.0000,0.0041,24.8332,0.0000,0,ChildNeutralIdle,0.2655,0.2871,0.000
50.625,facade_clear,Can,-0.0354,0.0435,23.1935,0.0000,0,ChildNeutralIdle,0.1882,0.1745,0.000
50.658,facade_clear,Deniz,0.0000,0.0041,24.8332,0.0000,0,ChildNeutralIdle,0.2654,0.2872,0.000
50.658,facade_clear,Can,-0.0354,0.0435,23.1935,0.0000,0,ChildNeutralIdle,0.1879,0.1745,0.000
50.692,facade_clear,Deniz,0.0000,0.0041,24.8332,0.0000,0,ChildNeutralIdle,0.2653,0.2872,0.000
50.692,facade_clear,Can,-0.0354,0.0435,23.1935,0.0000,0,ChildNeutralIdle,0.1876,0.1744,0.000
50.726,facade_clear,Deniz,0.0000,0.0041,24.8332,0.0000,0,ChildNeutralIdle,0.2652,0.2873,0.000
50.726,facade_clear,Can,-0.0354,0.0435,23.1935,0.0000,0,ChildNeutralIdle,0.1873,0.1744,0.000
50.759,facade_clear,Deniz,0.0000,0.0041,24.8332,0.0000,0,ChildNeutralIdle,0.2651,0.2874,0.000
50.759,facade_clear,Can,-0.0354,0.0435,23.1935,0.0000,0,ChildNeutralIdle,0.1871,0.1744,0.000
50.793,facade_clear,Deniz,0.0000,0.0041,24.8332,0.0000,0,ChildNeutralIdle,0.2650,0.2875,0.000
50.793,facade_clear,Can,-0.0354,0.0435,23.1935,0.0000,0,ChildNeutralIdle,0.1869,0.1745,0.000
50.826,facade_clear,Deniz,0.0000,0.0041,24.8332,0.0000,0,ChildNeutralIdle,0.2649,0.2876,0.000
50.826,facade_clear,Can,-0.0354,0.0435,23.1935,0.0000,0,ChildNeutralIdle,0.1868,0.1746,0.000
50.860,facade_clear,Deniz,0.0000,0.0041,24.8332,0.0000,0,ChildNeutralIdle,0.2649,0.2877,0.000
50.860,facade_clear,Can,-0.0354,0.0435,23.1935,0.0000,0,ChildNeutralIdle,0.1866,0.1747,0.000
50.892,facade_clear,Deniz,0.0000,0.0041,24.8332,0.0000,0,ChildNeutralIdle,0.2649,0.2879,0.000
50.892,facade_clear,Can,-0.0354,0.0435,23.1935,0.0000,0,ChildNeutralIdle,0.1865,0.1748,0.000
50.925,facade_clear,Deniz,0.0000,0.0041,24.8332,0.0000,0,ChildNeutralIdle,0.2649,0.2880,0.000
50.925,facade_clear,Can,-0.0354,0.0435,23.1935,0.0000,0,ChildNeutralIdle,0.1864,0.1749,0.000
50.959,facade_clear,Deniz,0.0000,0.0041,24.8332,0.0000,0,ChildNeutralIdle,0.2650,0.2882,0.000
50.959,facade_clear,Can,-0.0354,0.0435,23.1935,0.0000,0,ChildNeutralIdle,0.1863,0.1750,0.000
50.992,facade_clear,Deniz,0.0000,0.0041,24.8332,0.0000,0,ChildNeutralIdle,0.2650,0.2883,0.000
50.992,facade_clear,Can,-0.0354,0.0435,23.1935,0.0000,0,ChildNeutralIdle,0.1862,0.1751,0.000
51.026,facade_clear,Deniz,0.0000,0.0041,24.8332,0.0000,0,ChildNeutralIdle,0.2651,0.2885,0.000
51.026,facade_clear,Can,-0.0354,0.0435,23.1935,0.0000,0,ChildNeutralIdle,0.1862,0.1753,0.000
51.059,facade_clear,Deniz,0.0000,0.0041,24.8332,0.0000,0,ChildNeutralIdle,0.2651,0.2886,0.000
51.059,facade_clear,Can,-0.0354,0.0435,23.1935,0.0000,0,ChildNeutralIdle,0.1862,0.1754,0.000
51.092,facade_clear,Deniz,0.0000,0.0041,24.8332,0.0000,0,ChildNeutralIdle,0.2652,0.2888,0.000
51.092,facade_clear,Can,-0.0354,0.0435,23.1935,0.0000,0,ChildNeutralIdle,0.1862,0.1756,0.000
51.125,facade_clear,Deniz,0.0000,0.0041,24.8332,0.0000,0,ChildNeutralIdle,0.2653,0.2889,0.000
51.125,facade_clear,Can,-0.0354,0.0435,23.1935,0.0000,0,ChildNeutralIdle,0.1862,0.1757,0.000
51.158,facade_clear,Deniz,0.0000,0.0041,24.8332,0.0000,0,ChildNeutralIdle,0.2654,0.2891,0.000
51.158,facade_clear,Can,-0.0354,0.0435,23.1935,0.0000,0,ChildNeutralIdle,0.1862,0.1759,0.000
51.191,facade_clear,Deniz,0.0000,0.0041,24.8332,0.0000,0,ChildNeutralIdle,0.2655,0.2892,0.000
51.191,facade_clear,Can,-0.0354,0.0435,23.1935,0.0000,0,ChildNeutralIdle,0.1862,0.1760,0.000
51.225,facade_clear,Deniz,0.0000,0.0041,24.8332,0.0000,0,ChildNeutralIdle,0.2656,0.2894,0.000
51.225,facade_clear,Can,-0.0354,0.0435,23.1935,0.0000,0,ChildNeutralIdle,0.1863,0.1762,0.000
51.258,facade_clear,Deniz,0.0000,0.0041,24.8332,0.0000,0,ChildNeutralIdle,0.2657,0.2895,0.000
51.258,facade_clear,Can,-0.0354,0.0435,23.1935,0.0000,0,ChildNeutralIdle,0.1864,0.1764,0.000
51.292,facade_clear,Deniz,0.0000,0.0041,24.8332,0.0000,0,ChildNeutralIdle,0.2658,0.2896,0.000
51.292,facade_clear,Can,-0.0354,0.0435,23.1935,0.0000,0,ChildNeutralIdle,0.1865,0.1765,0.000
51.326,facade_clear,Deniz,0.0000,0.0041,24.8332,0.0000,0,ChildNeutralIdle,0.2660,0.2898,0.000
51.326,facade_clear,Can,-0.0354,0.0435,23.1935,0.0000,0,ChildNeutralIdle,0.1866,0.1767,0.000
51.359,facade_clear,Deniz,0.0000,0.0041,24.8332,0.0000,0,ChildNeutralIdle,0.2661,0.2899,0.000
51.359,facade_clear,Can,-0.0354,0.0435,23.1935,0.0000,0,ChildNeutralIdle,0.1868,0.1769,0.000
51.391,facade_clear,Deniz,0.0000,0.0041,24.8332,0.0000,0,ChildNeutralIdle,0.2662,0.2900,0.000
51.391,facade_clear,Can,-0.0354,0.0435,23.1935,0.0000,0,ChildNeutralIdle,0.1870,0.1770,0.000
51.425,facade_clear,Deniz,0.0000,0.0041,24.8332,0.0000,0,ChildNeutralIdle,0.2664,0.2901,0.000
51.425,facade_clear,Can,-0.0354,0.0435,23.1935,0.0000,0,ChildNeutralIdle,0.1872,0.1772,0.000
51.458,facade_clear,Deniz,0.0000,0.0041,24.8332,0.0000,0,ChildNeutralIdle,0.2665,0.2902,0.000
51.458,facade_clear,Can,-0.0354,0.0435,23.1935,0.0000,0,ChildNeutralIdle,0.1874,0.1774,0.000
51.492,facade_clear,Deniz,0.0000,0.0041,24.8332,0.0000,0,ChildNeutralIdle,0.2667,0.2903,0.000
51.492,facade_clear,Can,-0.0354,0.0435,23.1935,0.0000,0,ChildNeutralIdle,0.1876,0.1775,0.000
51.525,facade_clear,Deniz,0.0000,0.0041,24.8332,0.0000,0,ChildNeutralIdle,0.2668,0.2904,0.000
51.525,facade_clear,Can,-0.0354,0.0435,23.1935,0.0000,0,ChildNeutralIdle,0.1878,0.1777,0.000
51.558,facade_clear,Deniz,0.0000,0.0041,24.8332,0.0000,0,ChildNeutralIdle,0.2670,0.2905,0.000
51.558,facade_clear,Can,-0.0354,0.0435,23.1935,0.0000,0,ChildNeutralIdle,0.1881,0.1779,0.000
51.591,facade_clear,Deniz,0.0000,0.0041,24.8332,0.0000,0,ChildNeutralIdle,0.2672,0.2906,0.000
51.591,facade_clear,Can,-0.0354,0.0435,23.1935,0.0000,0,ChildNeutralIdle,0.1884,0.1780,0.000
51.625,facade_clear,Deniz,0.0000,0.0041,24.8332,0.0000,0,ChildNeutralIdle,0.2673,0.2906,0.000
51.625,facade_clear,Can,-0.0354,0.0435,23.1935,0.0000,0,ChildNeutralIdle,0.1886,0.1781,0.000
51.658,facade_clear,Deniz,0.0000,0.0041,24.8332,0.0000,0,ChildNeutralIdle,0.2675,0.2907,0.000
51.658,facade_clear,Can,-0.0354,0.0435,23.1935,0.0000,0,ChildNeutralIdle,0.1889,0.1783,0.000
51.692,facade_clear,Deniz,0.0000,0.0041,24.8332,0.0000,0,ChildNeutralIdle,0.2677,0.2908,0.000
51.692,facade_clear,Can,-0.0354,0.0435,23.1935,0.0000,0,ChildNeutralIdle,0.1892,0.1784,0.000
51.725,facade_clear,Deniz,0.0000,0.0041,24.8332,0.0000,0,ChildNeutralIdle,0.2678,0.2908,0.000
51.725,facade_clear,Can,-0.0354,0.0435,23.1935,0.0000,0,ChildNeutralIdle,0.1895,0.1785,0.000
51.758,facade_clear,Deniz,0.0000,0.0041,24.8332,0.0000,0,ChildNeutralIdle,0.2680,0.2908,0.000
51.758,facade_clear,Can,-0.0354,0.0435,23.1935,0.0000,0,ChildNeutralIdle,0.1899,0.1786,0.000
51.792,facade_clear,Deniz,0.0000,0.0041,24.8332,0.0000,0,ChildNeutralIdle,0.2682,0.2909,0.000
51.792,facade_clear,Can,-0.0354,0.0435,23.1935,0.0000,0,ChildNeutralIdle,0.1902,0.1787,0.000
51.825,facade_clear,Deniz,0.0000,0.0041,24.8332,0.0000,0,ChildNeutralIdle,0.2683,0.2909,0.000
51.825,facade_clear,Can,-0.0354,0.0435,23.1935,0.0000,0,ChildNeutralIdle,0.1905,0.1788,0.000
51.858,facade_clear,Deniz,0.0000,0.0041,24.8332,0.0000,0,ChildNeutralIdle,0.2685,0.2909,0.000
51.858,facade_clear,Can,-0.0354,0.0435,23.1935,0.0000,0,ChildNeutralIdle,0.1908,0.1789,0.000
51.897,facade_clear,Deniz,0.0000,0.0041,24.8332,0.0000,0,ChildNeutralIdle,0.2686,0.2909,0.000
51.897,facade_clear,Can,-0.0354,0.0435,23.1935,0.0000,0,ChildNeutralIdle,0.1912,0.1790,0.000
51.931,facade_clear,Deniz,0.0000,0.0041,24.8332,0.0000,0,ChildNeutralIdle,0.2688,0.2909,0.000
51.931,facade_clear,Can,-0.0354,0.0435,23.1935,0.0000,0,ChildNeutralIdle,0.1915,0.1791,0.000
51.964,facade_clear,Deniz,0.0000,0.0041,24.8332,0.0000,0,ChildNeutralIdle,0.2690,0.2909,0.000
51.964,facade_clear,Can,-0.0354,0.0435,23.1935,0.0000,0,ChildNeutralIdle,0.1918,0.1791,0.000
51.997,facade_clear,Deniz,0.0000,0.0041,24.8332,0.0000,0,ChildNeutralIdle,0.2691,0.2908,0.000
51.997,facade_clear,Can,-0.0354,0.0435,23.1935,0.0000,0,ChildNeutralIdle,0.1921,0.1792,0.000
52.031,facade_clear,Deniz,0.0000,0.0041,24.8332,0.0000,0,ChildNeutralIdle,0.2692,0.2908,0.000
52.031,facade_clear,Can,-0.0354,0.0435,23.1935,0.0000,0,ChildNeutralIdle,0.1924,0.1792,0.000
52.064,facade_clear,Deniz,0.0000,0.0041,24.8332,0.0000,0,ChildNeutralIdle,0.2694,0.2907,0.000
52.064,facade_clear,Can,-0.0354,0.0435,23.1935,0.0000,0,ChildNeutralIdle,0.1927,0.1793,0.000
52.098,facade_clear,Deniz,0.0000,0.0041,24.8332,0.0000,0,ChildNeutralIdle,0.2695,0.2907,0.000
52.098,facade_clear,Can,-0.0354,0.0435,23.1935,0.0000,0,ChildNeutralIdle,0.1930,0.1793,0.000
52.131,facade_clear,Deniz,0.0000,0.0041,24.8332,0.0000,0,ChildNeutralIdle,0.2696,0.2906,0.000
52.131,facade_clear,Can,-0.0354,0.0435,23.1935,0.0000,0,ChildNeutralIdle,0.1933,0.1793,0.000
52.164,facade_clear,Deniz,0.0000,0.0041,24.8332,0.0000,0,ChildNeutralIdle,0.2697,0.2906,0.000
52.164,facade_clear,Can,-0.0354,0.0435,23.1935,0.0000,0,ChildNeutralIdle,0.1935,0.1793,0.000
52.197,facade_clear,Deniz,0.0000,0.0041,24.8332,0.0000,0,ChildNeutralIdle,0.2698,0.2905,0.000
52.197,facade_clear,Can,-0.0354,0.0435,23.1935,0.0000,0,ChildNeutralIdle,0.1938,0.1793,0.000
52.231,facade_clear,Deniz,0.0000,0.0041,24.8332,0.0000,0,ChildNeutralIdle,0.2699,0.2904,0.000
52.231,facade_clear,Can,-0.0354,0.0435,23.1935,0.0000,0,ChildNeutralIdle,0.1940,0.1793,0.000
52.264,facade_clear,Deniz,0.0000,0.0041,24.8332,0.0000,0,ChildNeutralIdle,0.2700,0.2904,0.000
52.264,facade_clear,Can,-0.0354,0.0435,23.1935,0.0000,0,ChildNeutralIdle,0.1942,0.1792,0.000
52.297,facade_clear,Deniz,0.0000,0.0041,24.8332,0.0000,0,ChildNeutralIdle,0.2701,0.2903,0.000
52.297,facade_clear,Can,-0.0354,0.0435,23.1935,0.0000,0,ChildNeutralIdle,0.1944,0.1792,0.000
52.331,facade_clear,Deniz,0.0000,0.0041,24.8332,0.0000,0,ChildNeutralIdle,0.2701,0.2902,0.000
52.331,facade_clear,Can,-0.0354,0.0435,23.1935,0.0000,0,ChildNeutralIdle,0.1946,0.1791,0.000
52.363,facade_clear,Deniz,0.0000,0.0041,24.8332,0.0000,0,ChildNeutralIdle,0.2702,0.2901,0.000
52.363,facade_clear,Can,-0.0354,0.0435,23.1935,0.0000,0,ChildNeutralIdle,0.1947,0.1790,0.000
52.397,facade_clear,Deniz,0.0000,0.0041,24.8332,0.0000,0,ChildNeutralIdle,0.2702,0.2900,0.000
52.397,facade_clear,Can,-0.0354,0.0435,23.1935,0.0000,0,ChildNeutralIdle,0.1948,0.1789,0.000
52.430,facade_clear,Deniz,0.0000,0.0041,24.8332,0.0000,0,ChildNeutralIdle,0.2702,0.2899,0.000
52.430,facade_clear,Can,-0.0354,0.0435,23.1935,0.0000,0,ChildNeutralIdle,0.1949,0.1788,0.000
52.464,facade_clear,Deniz,0.0000,0.0041,24.8332,0.0000,0,ChildNeutralIdle,0.2702,0.2897,0.000
52.464,facade_clear,Can,-0.0354,0.0435,23.1935,0.0000,0,ChildNeutralIdle,0.1950,0.1787,0.000
52.497,facade_clear,Deniz,0.0000,0.0041,24.8332,0.0000,0,ChildNeutralIdle,0.2702,0.2896,0.000
52.497,facade_clear,Can,-0.0354,0.0435,23.1935,0.0000,0,ChildNeutralIdle,0.1950,0.1786,0.000
52.531,facade_clear,Deniz,0.0000,0.0041,24.8332,0.0000,0,ChildNeutralIdle,0.2701,0.2895,0.000
52.531,facade_clear,Can,-0.0354,0.0435,23.1935,0.0000,0,ChildNeutralIdle,0.1951,0.1785,0.000
52.564,facade_clear,Deniz,0.0000,0.0041,24.8332,0.0000,0,ChildNeutralIdle,0.2701,0.2893,0.000
52.564,facade_clear,Can,-0.0354,0.0435,23.1935,0.0000,0,ChildNeutralIdle,0.1951,0.1784,0.000
52.597,facade_clear,Deniz,0.0000,0.0041,24.8332,0.0000,0,ChildNeutralIdle,0.2700,0.2891,0.000
52.597,facade_clear,Can,-0.0354,0.0435,23.1935,0.0000,0,ChildNeutralIdle,0.1951,0.1782,0.000
52.631,facade_clear,Deniz,0.0000,0.0041,24.8332,0.0000,0,ChildNeutralIdle,0.2699,0.2890,0.000
52.631,facade_clear,Can,-0.0354,0.0435,23.1935,0.0000,0,ChildNeutralIdle,0.1951,0.1781,0.000
52.663,facade_clear,Deniz,0.0000,0.0041,24.8332,0.0000,0,ChildNeutralIdle,0.2698,0.2888,0.000
52.663,facade_clear,Can,-0.0354,0.0435,23.1935,0.0000,0,ChildNeutralIdle,0.1950,0.1779,0.000
52.697,facade_clear,Deniz,0.0000,0.0041,24.8332,0.0000,0,ChildNeutralIdle,0.2697,0.2887,0.000
52.697,facade_clear,Can,-0.0354,0.0435,23.1935,0.0000,0,ChildNeutralIdle,0.1950,0.1778,0.000
52.731,facade_clear,Deniz,0.0000,0.0041,24.8332,0.0000,0,ChildNeutralIdle,0.2696,0.2885,0.000
52.731,facade_clear,Can,-0.0354,0.0435,23.1935,0.0000,0,ChildNeutralIdle,0.1949,0.1776,0.000
52.764,facade_clear,Deniz,0.0000,0.0041,24.8332,0.0000,0,ChildNeutralIdle,0.2695,0.2883,0.000
52.764,facade_clear,Can,-0.0354,0.0435,23.1935,0.0000,0,ChildNeutralIdle,0.1948,0.1774,0.000
52.797,facade_clear,Deniz,0.0000,0.0041,24.8332,0.0000,0,ChildNeutralIdle,0.2694,0.2882,0.000
52.797,facade_clear,Can,-0.0354,0.0435,23.1935,0.0000,0,ChildNeutralIdle,0.1947,0.1773,0.000
52.830,facade_clear,Deniz,0.0000,0.0041,24.8332,0.0000,0,ChildNeutralIdle,0.2693,0.2880,0.000
52.830,facade_clear,Can,-0.0354,0.0435,23.1935,0.0000,0,ChildNeutralIdle,0.1945,0.1771,0.000
52.863,facade_clear,Deniz,0.0000,0.0041,24.8332,0.0000,0,ChildNeutralIdle,0.2691,0.2878,0.000
52.863,facade_clear,Can,-0.0354,0.0435,23.1935,0.0000,0,ChildNeutralIdle,0.1944,0.1769,0.000
52.898,facade_clear,Deniz,0.0000,0.0041,24.8332,0.0000,0,ChildNeutralIdle,0.2690,0.2877,0.000
52.898,facade_clear,Can,-0.0354,0.0435,23.1935,0.0000,0,ChildNeutralIdle,0.1942,0.1768,0.000
52.932,facade_clear,Deniz,0.0000,0.0041,24.8332,0.0000,0,ChildNeutralIdle,0.2688,0.2875,0.000
52.932,facade_clear,Can,-0.0354,0.0435,23.1935,0.0000,0,ChildNeutralIdle,0.1941,0.1766,0.000
52.965,facade_clear,Deniz,0.0000,0.0041,24.8332,0.0000,0,ChildNeutralIdle,0.2687,0.2874,0.000
52.965,facade_clear,Can,-0.0354,0.0435,23.1935,0.0000,0,ChildNeutralIdle,0.1939,0.1764,0.000
52.998,facade_clear,Deniz,0.0000,0.0041,24.8332,0.0000,0,ChildNeutralIdle,0.2685,0.2872,0.000
52.998,facade_clear,Can,-0.0354,0.0435,23.1935,0.0000,0,ChildNeutralIdle,0.1937,0.1763,0.000
53.030,facade_clear,Deniz,0.0000,0.0041,24.8332,0.0000,0,ChildNeutralIdle,0.2684,0.2871,0.000
53.030,facade_clear,Can,-0.0354,0.0435,23.1935,0.0000,0,ChildNeutralIdle,0.1934,0.1761,0.000
53.063,facade_clear,Deniz,0.0000,0.0041,24.8332,0.0000,0,ChildNeutralIdle,0.2682,0.2870,0.000
53.063,facade_clear,Can,-0.0354,0.0435,23.1935,0.0000,0,ChildNeutralIdle,0.1932,0.1759,0.000
53.097,facade_clear,Deniz,0.0000,0.0041,24.8332,0.0000,0,ChildNeutralIdle,0.2680,0.2869,0.000
53.097,facade_clear,Can,-0.0354,0.0435,23.1935,0.0000,0,ChildNeutralIdle,0.1929,0.1758,0.000
53.131,facade_clear,Deniz,0.0000,0.0041,24.8332,0.0000,0,ChildNeutralIdle,0.2679,0.2868,0.000
53.131,facade_clear,Can,-0.0354,0.0435,23.1935,0.0000,0,ChildNeutralIdle,0.1927,0.1756,0.000
53.164,facade_clear,Deniz,0.0000,0.0041,24.8332,0.0000,0,ChildNeutralIdle,0.2677,0.2867,0.000
53.164,facade_clear,Can,-0.0354,0.0435,23.1935,0.0000,0,ChildNeutralIdle,0.1924,0.1754,0.000
53.197,facade_clear,Deniz,0.0000,0.0041,24.8332,0.0000,0,ChildNeutralIdle,0.2676,0.2866,0.000
53.197,facade_clear,Can,-0.0354,0.0435,23.1935,0.0000,0,ChildNeutralIdle,0.1921,0.1753,0.000
53.230,facade_clear,Deniz,0.0000,0.0041,24.8332,0.0000,0,ChildNeutralIdle,0.2674,0.2866,0.000
53.230,facade_clear,Can,-0.0354,0.0435,23.1935,0.0000,0,ChildNeutralIdle,0.1918,0.1751,0.000
53.263,facade_clear,Deniz,0.0000,0.0041,24.8332,0.0000,0,ChildNeutralIdle,0.2672,0.2865,0.000
53.263,facade_clear,Can,-0.0354,0.0435,23.1935,0.0000,0,ChildNeutralIdle,0.1915,0.1750,0.000
53.296,facade_clear,Deniz,0.0000,0.0041,24.8332,0.0000,0,ChildNeutralIdle,0.2671,0.2865,0.000
53.296,facade_clear,Can,-0.0354,0.0435,23.1935,0.0000,0,ChildNeutralIdle,0.1912,0.1749,0.000
53.331,facade_clear,Deniz,0.0000,0.0041,24.8332,0.0000,0,ChildNeutralIdle,0.2669,0.2865,0.000
53.331,facade_clear,Can,-0.0354,0.0435,23.1935,0.0000,0,ChildNeutralIdle,0.1909,0.1747,0.000
53.364,facade_clear,Deniz,0.0000,0.0041,24.8332,0.0000,0,ChildNeutralIdle,0.2668,0.2864,0.000
53.364,facade_clear,Can,-0.0354,0.0435,23.1935,0.0000,0,ChildNeutralIdle,0.1905,0.1746,0.000
53.397,facade_clear,Deniz,0.0000,0.0041,24.8332,0.0000,0,ChildNeutralIdle,0.2666,0.2864,0.000
53.397,facade_clear,Can,-0.0354,0.0435,23.1935,0.0000,0,ChildNeutralIdle,0.1902,0.1745,0.000
53.430,facade_clear,Deniz,0.0000,0.0041,24.8332,0.0000,0,ChildNeutralIdle,0.2665,0.2864,0.000
53.430,facade_clear,Can,-0.0354,0.0435,23.1935,0.0000,0,ChildNeutralIdle,0.1899,0.1744,0.000
53.464,facade_clear,Deniz,0.0000,0.0041,24.8332,0.0000,0,ChildNeutralIdle,0.2664,0.2864,0.000
53.464,facade_clear,Can,-0.0354,0.0435,23.1935,0.0000,0,ChildNeutralIdle,0.1896,0.1743,0.000
53.496,facade_clear,Deniz,0.0000,0.0041,24.8332,0.0000,0,ChildNeutralIdle,0.2662,0.2864,0.000
53.496,facade_clear,Can,-0.0354,0.0435,23.1935,0.0000,0,ChildNeutralIdle,0.1893,0.1742,0.000
53.530,facade_clear,Deniz,0.0000,0.0041,24.8332,0.0000,0,ChildNeutralIdle,0.2661,0.2864,0.000
53.530,facade_clear,Can,-0.0354,0.0435,23.1935,0.0000,0,ChildNeutralIdle,0.1890,0.1741,0.000
53.563,facade_clear,Deniz,0.0000,0.0041,24.8332,0.0000,0,ChildNeutralIdle,0.2660,0.2864,0.000
53.563,facade_clear,Can,-0.0354,0.0435,23.1935,0.0000,0,ChildNeutralIdle,0.1887,0.1741,0.000
53.597,facade_clear,Deniz,0.0000,0.0041,24.8332,0.0000,0,ChildNeutralIdle,0.2659,0.2865,0.000
53.597,facade_clear,Can,-0.0354,0.0435,23.1935,0.0000,0,ChildNeutralIdle,0.1884,0.1740,0.000
53.630,facade_clear,Deniz,0.0000,0.0041,24.8332,0.0000,0,ChildNeutralIdle,0.2658,0.2865,0.000
53.630,facade_clear,Can,-0.0354,0.0435,23.1935,0.0000,0,ChildNeutralIdle,0.1881,0.1740,0.000
53.663,facade_clear,Deniz,0.0000,0.0041,24.8332,0.0000,0,ChildNeutralIdle,0.2657,0.2866,0.000
53.663,facade_clear,Can,-0.0354,0.0435,23.1935,0.0000,0,ChildNeutralIdle,0.1879,0.1740,0.000
53.697,facade_clear,Deniz,0.0000,0.0041,24.8332,0.0000,0,ChildNeutralIdle,0.2656,0.2866,0.000
53.697,facade_clear,Can,-0.0354,0.0435,23.1935,0.0000,0,ChildNeutralIdle,0.1876,0.1740,0.000
53.730,facade_clear,Deniz,0.0000,0.0041,24.8332,0.0000,0,ChildNeutralIdle,0.2656,0.2867,0.000
53.730,facade_clear,Can,-0.0354,0.0435,23.1935,0.0000,0,ChildNeutralIdle,0.1874,0.1740,0.000
53.763,facade_clear,Deniz,0.0000,0.0041,24.8332,0.0000,0,ChildNeutralIdle,0.2655,0.2868,0.000
53.763,facade_clear,Can,-0.0354,0.0435,23.1935,0.0000,0,ChildNeutralIdle,0.1872,0.1740,0.000
53.797,facade_clear,Deniz,0.0000,0.0041,24.8332,0.0000,0,ChildNeutralIdle,0.2655,0.2869,0.000
53.797,facade_clear,Can,-0.0354,0.0435,23.1935,0.0000,0,ChildNeutralIdle,0.1870,0.1741,0.000
53.831,facade_clear,Deniz,0.0000,0.0041,24.8332,0.0000,0,ChildNeutralIdle,0.2654,0.2871,0.000
53.831,facade_clear,Can,-0.0354,0.0435,23.1935,0.0000,0,ChildNeutralIdle,0.1868,0.1741,0.000
53.864,facade_clear,Deniz,0.0000,0.0041,24.8332,0.0000,0,ChildNeutralIdle,0.2654,0.2872,0.000
53.864,facade_clear,Can,-0.0354,0.0435,23.1935,0.0000,0,ChildNeutralIdle,0.1867,0.1742,0.000
53.897,facade_clear,Deniz,0.0000,0.0041,24.8332,0.0000,0,ChildNeutralIdle,0.2654,0.2874,0.000
53.897,facade_clear,Can,-0.0354,0.0435,23.1935,0.0000,0,ChildNeutralIdle,0.1865,0.1743,0.000
53.931,facade_clear,Deniz,0.0000,0.0041,24.8332,0.0000,0,ChildNeutralIdle,0.2653,0.2875,0.000
53.931,facade_clear,Can,-0.0354,0.0435,23.1935,0.0000,0,ChildNeutralIdle,0.1864,0.1744,0.000
53.964,facade_clear,Deniz,0.0000,0.0041,24.8332,0.0000,0,ChildNeutralIdle,0.2653,0.2877,0.000
53.964,facade_clear,Can,-0.0354,0.0435,23.1935,0.0000,0,ChildNeutralIdle,0.1863,0.1745,0.000
53.997,facade_clear,Deniz,0.0000,0.0041,24.8332,0.0000,0,ChildNeutralIdle,0.2654,0.2879,0.000
53.997,facade_clear,Can,-0.0354,0.0435,23.1935,0.0000,0,ChildNeutralIdle,0.1863,0.1747,0.000
54.030,facade_clear,Deniz,0.0000,0.0041,24.8332,0.0000,0,ChildNeutralIdle,0.2654,0.2881,0.000
54.030,facade_clear,Can,-0.0354,0.0435,23.1935,0.0000,0,ChildNeutralIdle,0.1862,0.1748,0.000
54.063,facade_clear,Deniz,0.0000,0.0041,24.8332,0.0000,0,ChildNeutralIdle,0.2654,0.2883,0.000
54.063,facade_clear,Can,-0.0354,0.0435,23.1935,0.0000,0,ChildNeutralIdle,0.1862,0.1750,0.000
54.098,facade_clear,Deniz,0.0000,0.0041,24.8332,0.0000,0,ChildNeutralIdle,0.2655,0.2886,0.000
54.098,facade_clear,Can,-0.0354,0.0435,23.1935,0.0000,0,ChildNeutralIdle,0.1862,0.1751,0.000
54.131,facade_clear,Deniz,0.0000,0.0041,24.8332,0.0000,0,ChildNeutralIdle,0.2655,0.2888,0.000
54.131,facade_clear,Can,-0.0354,0.0435,23.1935,0.0000,0,ChildNeutralIdle,0.1862,0.1753,0.000
54.164,facade_clear,Deniz,0.0000,0.0041,24.8332,0.0000,0,ChildNeutralIdle,0.2656,0.2890,0.000
54.164,facade_clear,Can,-0.0354,0.0435,23.1935,0.0000,0,ChildNeutralIdle,0.1862,0.1755,0.000
54.197,facade_clear,Deniz,0.0000,0.0041,24.8332,0.0000,0,ChildNeutralIdle,0.2657,0.2892,0.000
54.197,facade_clear,Can,-0.0354,0.0435,23.1935,0.0000,0,ChildNeutralIdle,0.1863,0.1756,0.000
54.231,facade_clear,Deniz,0.0000,0.0041,24.8332,0.0000,0,ChildNeutralIdle,0.2658,0.2893,0.000
54.231,facade_clear,Can,-0.0354,0.0435,23.1935,0.0000,0,ChildNeutralIdle,0.1864,0.1758,0.000
54.264,facade_clear,Deniz,0.0000,0.0041,24.8332,0.0000,0,ChildNeutralIdle,0.2659,0.2895,0.000
54.264,facade_clear,Can,-0.0354,0.0435,23.1935,0.0000,0,ChildNeutralIdle,0.1865,0.1760,0.000
54.297,facade_clear,Deniz,0.0000,0.0041,24.8332,0.0000,0,ChildNeutralIdle,0.2660,0.2897,0.000
54.297,facade_clear,Can,-0.0354,0.0435,23.1935,0.0000,0,ChildNeutralIdle,0.1866,0.1761,0.000
54.330,facade_clear,Deniz,0.0000,0.0041,24.8332,0.0000,0,ChildNeutralIdle,0.2661,0.2898,0.000
54.330,facade_clear,Can,-0.0354,0.0435,23.1935,0.0000,0,ChildNeutralIdle,0.1867,0.1763,0.000
54.364,facade_clear,Deniz,0.0000,0.0041,24.8332,0.0000,0,ChildNeutralIdle,0.2663,0.2900,0.000
54.364,facade_clear,Can,-0.0354,0.0435,23.1935,0.0000,0,ChildNeutralIdle,0.1869,0.1765,0.000
54.397,facade_clear,Deniz,0.0000,0.0041,24.8332,0.0000,0,ChildNeutralIdle,0.2664,0.2901,0.000
54.397,facade_clear,Can,-0.0354,0.0435,23.1935,0.0000,0,ChildNeutralIdle,0.1871,0.1767,0.000
54.431,facade_clear,Deniz,0.0000,0.0041,24.8332,0.0000,0,ChildNeutralIdle,0.2665,0.2902,0.000
54.431,facade_clear,Can,-0.0354,0.0435,23.1935,0.0000,0,ChildNeutralIdle,0.1873,0.1768,0.000
54.463,facade_clear,Deniz,0.0000,0.0041,24.8332,0.0000,0,ChildNeutralIdle,0.2667,0.2903,0.000
54.463,facade_clear,Can,-0.0354,0.0435,23.1935,0.0000,0,ChildNeutralIdle,0.1875,0.1770,0.000
54.497,facade_clear,Deniz,0.0000,0.0041,24.8332,0.0000,0,ChildNeutralIdle,0.2668,0.2904,0.000
54.497,facade_clear,Can,-0.0354,0.0435,23.1935,0.0000,0,ChildNeutralIdle,0.1877,0.1771,0.000
54.530,facade_clear,Deniz,0.0000,0.0041,24.8332,0.0000,0,ChildNeutralIdle,0.2670,0.2905,0.000
54.530,facade_clear,Can,-0.0354,0.0435,23.1935,0.0000,0,ChildNeutralIdle,0.1880,0.1773,0.000
54.564,facade_clear,Deniz,0.0000,0.0041,24.8332,0.0000,0,ChildNeutralIdle,0.2671,0.2906,0.000
54.564,facade_clear,Can,-0.0354,0.0435,23.1935,0.0000,0,ChildNeutralIdle,0.1883,0.1775,0.000
54.597,facade_clear,Deniz,0.0000,0.0041,24.8332,0.0000,0,ChildNeutralIdle,0.2673,0.2907,0.000
54.597,facade_clear,Can,-0.0354,0.0435,23.1935,0.0000,0,ChildNeutralIdle,0.1886,0.1776,0.000
54.630,facade_clear,Deniz,0.0000,0.0041,24.8332,0.0000,0,ChildNeutralIdle,0.2674,0.2907,0.000
54.630,facade_clear,Can,-0.0354,0.0435,23.1935,0.0000,0,ChildNeutralIdle,0.1889,0.1777,0.000
54.663,facade_clear,Deniz,0.0000,0.0041,24.8332,0.0000,0,ChildNeutralIdle,0.2676,0.2908,0.000
54.663,facade_clear,Can,-0.0354,0.0435,23.1935,0.0000,0,ChildNeutralIdle,0.1892,0.1779,0.000
54.696,facade_clear,Deniz,0.0000,0.0041,24.8332,0.0000,0,ChildNeutralIdle,0.2677,0.2908,0.000
54.696,facade_clear,Can,-0.0354,0.0435,23.1935,0.0000,0,ChildNeutralIdle,0.1895,0.1780,0.000
54.730,facade_clear,Deniz,0.0000,0.0041,24.8332,0.0000,0,ChildNeutralIdle,0.2679,0.2909,0.000
54.730,facade_clear,Can,-0.0354,0.0435,23.1935,0.0000,0,ChildNeutralIdle,0.1898,0.1781,0.000
54.764,facade_clear,Deniz,0.0000,0.0041,24.8332,0.0000,0,ChildNeutralIdle,0.2680,0.2909,0.000
54.764,facade_clear,Can,-0.0354,0.0435,23.1935,0.0000,0,ChildNeutralIdle,0.1901,0.1783,0.000
54.797,facade_clear,Deniz,0.0000,0.0041,24.8332,0.0000,0,ChildNeutralIdle,0.2682,0.2909,0.000
54.797,facade_clear,Can,-0.0354,0.0435,23.1935,0.0000,0,ChildNeutralIdle,0.1904,0.1784,0.000
54.830,facade_clear,Deniz,0.0000,0.0041,24.8332,0.0000,0,ChildNeutralIdle,0.2683,0.2909,0.000
54.830,facade_clear,Can,-0.0354,0.0435,23.1935,0.0000,0,ChildNeutralIdle,0.1908,0.1785,0.000
54.864,facade_clear,Deniz,0.0000,0.0041,24.8332,0.0000,0,ChildNeutralIdle,0.2685,0.2909,0.000
54.864,facade_clear,Can,-0.0354,0.0435,23.1935,0.0000,0,ChildNeutralIdle,0.1911,0.1786,0.000
54.897,facade_clear,Deniz,0.0000,0.0041,24.8332,0.0000,0,ChildNeutralIdle,0.2686,0.2909,0.000
54.897,facade_clear,Can,-0.0354,0.0435,23.1935,0.0000,0,ChildNeutralIdle,0.1914,0.1787,0.000
54.930,facade_clear,Deniz,0.0000,0.0041,24.8332,0.0000,0,ChildNeutralIdle,0.2688,0.2909,0.000
54.930,facade_clear,Can,-0.0354,0.0435,23.1935,0.0000,0,ChildNeutralIdle,0.1917,0.1788,0.000
54.963,facade_clear,Deniz,0.0000,0.0041,24.8332,0.0000,0,ChildNeutralIdle,0.2689,0.2909,0.000
54.963,facade_clear,Can,-0.0354,0.0435,23.1935,0.0000,0,ChildNeutralIdle,0.1921,0.1789,0.000
54.997,facade_clear,Deniz,0.0000,0.0041,24.8332,0.0000,0,ChildNeutralIdle,0.2690,0.2909,0.000
54.997,facade_clear,Can,-0.0354,0.0435,23.1935,0.0000,0,ChildNeutralIdle,0.1924,0.1789,0.000
55.031,facade_clear,Deniz,0.0000,0.0041,24.8332,0.0000,0,ChildNeutralIdle,0.2692,0.2908,0.000
55.031,facade_clear,Can,-0.0354,0.0435,23.1935,0.0000,0,ChildNeutralIdle,0.1927,0.1790,0.000
55.064,facade_clear,Deniz,0.0000,0.0041,24.8332,0.0000,0,ChildNeutralIdle,0.2693,0.2908,0.000
55.064,facade_clear,Can,-0.0354,0.0435,23.1935,0.0000,0,ChildNeutralIdle,0.1930,0.1791,0.000
55.098,facade_clear,Deniz,0.0000,0.0041,24.8332,0.0000,0,ChildNeutralIdle,0.2694,0.2907,0.000
55.098,facade_clear,Can,-0.0354,0.0435,23.1935,0.0000,0,ChildNeutralIdle,0.1933,0.1791,0.000
55.131,facade_clear,Deniz,0.0000,0.0041,24.8332,0.0000,0,ChildNeutralIdle,0.2695,0.2907,0.000
55.131,facade_clear,Can,-0.0354,0.0435,23.1935,0.0000,0,ChildNeutralIdle,0.1936,0.1791,0.000
55.163,facade_clear,Deniz,0.0000,0.0041,24.8332,0.0000,0,ChildNeutralIdle,0.2696,0.2906,0.000
55.163,facade_clear,Can,-0.0354,0.0435,23.1935,0.0000,0,ChildNeutralIdle,0.1938,0.1791,0.000
55.203,facade_clear,Deniz,0.0000,0.0041,24.8332,0.0000,0,ChildNeutralIdle,0.2697,0.2905,0.000
55.203,facade_clear,Can,-0.0354,0.0435,23.1935,0.0000,0,ChildNeutralIdle,0.1941,0.1792,0.000
55.237,facade_clear,Deniz,0.0000,0.0041,24.8332,0.0000,0,ChildNeutralIdle,0.2698,0.2904,0.000
55.237,facade_clear,Can,-0.0354,0.0435,23.1935,0.0000,0,ChildNeutralIdle,0.1943,0.1791,0.000
55.270,facade_clear,Deniz,0.0000,0.0041,24.8332,0.0000,0,ChildNeutralIdle,0.2699,0.2903,0.000
55.270,facade_clear,Can,-0.0354,0.0435,23.1935,0.0000,0,ChildNeutralIdle,0.1945,0.1791,0.000
55.303,facade_clear,Deniz,0.0000,0.0041,24.8332,0.0000,0,ChildNeutralIdle,0.2699,0.2902,0.000
55.303,facade_clear,Can,-0.0354,0.0435,23.1935,0.0000,0,ChildNeutralIdle,0.1947,0.1791,0.000
55.336,facade_clear,Deniz,0.0000,0.0041,24.8332,0.0000,0,ChildNeutralIdle,0.2700,0.2900,0.000
55.336,facade_clear,Can,-0.0354,0.0435,23.1935,0.0000,0,ChildNeutralIdle,0.1949,0.1791,0.000
55.369,facade_clear,Deniz,0.0000,0.0041,24.8332,0.0000,0,ChildNeutralIdle,0.2700,0.2899,0.000
55.369,facade_clear,Can,-0.0354,0.0435,23.1935,0.0000,0,ChildNeutralIdle,0.1951,0.1790,0.000
55.402,facade_clear,Deniz,0.0000,0.0041,24.8332,0.0000,0,ChildNeutralIdle,0.2701,0.2898,0.000
55.402,facade_clear,Can,-0.0354,0.0435,23.1935,0.0000,0,ChildNeutralIdle,0.1952,0.1789,0.000
55.436,facade_clear,Deniz,0.0000,0.0041,24.8332,0.0000,0,ChildNeutralIdle,0.2701,0.2896,0.000
55.436,facade_clear,Can,-0.0354,0.0435,23.1935,0.0000,0,ChildNeutralIdle,0.1953,0.1789,0.000
55.469,facade_clear,Deniz,0.0000,0.0041,24.8332,0.0000,0,ChildNeutralIdle,0.2701,0.2895,0.000
55.469,facade_clear,Can,-0.0354,0.0435,23.1935,0.0000,0,ChildNeutralIdle,0.1953,0.1788,0.000
55.502,facade_clear,Deniz,0.0000,0.0041,24.8332,0.0000,0,ChildNeutralIdle,0.2701,0.2893,0.000
55.502,facade_clear,Can,-0.0354,0.0435,23.1935,0.0000,0,ChildNeutralIdle,0.1954,0.1787,0.000
55.536,facade_clear,Deniz,0.0000,0.0041,24.8332,0.0000,0,ChildNeutralIdle,0.2700,0.2892,0.000
55.536,facade_clear,Can,-0.0354,0.0435,23.1935,0.0000,0,ChildNeutralIdle,0.1954,0.1786,0.000
55.569,facade_clear,Deniz,0.0000,0.0041,24.8332,0.0000,0,ChildNeutralIdle,0.2700,0.2890,0.000
55.569,facade_clear,Can,-0.0354,0.0435,23.1935,0.0000,0,ChildNeutralIdle,0.1954,0.1785,0.000
55.602,facade_clear,Deniz,0.0000,0.0041,24.8332,0.0000,0,ChildNeutralIdle,0.2699,0.2889,0.000
55.602,facade_clear,Can,-0.0354,0.0435,23.1935,0.0000,0,ChildNeutralIdle,0.1954,0.1784,0.000
55.636,facade_clear,Deniz,0.0000,0.0041,24.8332,0.0000,0,ChildNeutralIdle,0.2698,0.2888,0.000
55.636,facade_clear,Can,-0.0354,0.0435,23.1935,0.0000,0,ChildNeutralIdle,0.1954,0.1782,0.000
55.669,facade_clear,Deniz,0.0000,0.0041,24.8332,0.0000,0,ChildNeutralIdle,0.2697,0.2886,0.000
55.669,facade_clear,Can,-0.0354,0.0435,23.1935,0.0000,0,ChildNeutralIdle,0.1954,0.1781,0.000
55.703,facade_clear,Deniz,0.0000,0.0041,24.8332,0.0000,0,ChildNeutralIdle,0.2696,0.2885,0.000
55.703,facade_clear,Can,-0.0354,0.0435,23.1935,0.0000,0,ChildNeutralIdle,0.1953,0.1780,0.000
55.736,facade_clear,Deniz,0.0000,0.0041,24.8332,0.0000,0,ChildNeutralIdle,0.2695,0.2884,0.000
55.736,facade_clear,Can,-0.0354,0.0435,23.1935,0.0000,0,ChildNeutralIdle,0.1952,0.1778,0.000
55.769,facade_clear,Deniz,0.0000,0.0041,24.8332,0.0000,0,ChildNeutralIdle,0.2694,0.2882,0.000
55.769,facade_clear,Can,-0.0354,0.0435,23.1935,0.0000,0,ChildNeutralIdle,0.1951,0.1777,0.000
55.803,facade_clear,Deniz,0.0000,0.0041,24.8332,0.0000,0,ChildNeutralIdle,0.2693,0.2881,0.000
55.803,facade_clear,Can,-0.0354,0.0435,23.1935,0.0000,0,ChildNeutralIdle,0.1950,0.1775,0.000
55.836,facade_clear,Deniz,0.0000,0.0041,24.8332,0.0000,0,ChildNeutralIdle,0.2691,0.2880,0.000
55.836,facade_clear,Can,-0.0354,0.0435,23.1935,0.0000,0,ChildNeutralIdle,0.1948,0.1774,0.000
55.869,facade_clear,Deniz,0.0000,0.0041,24.8332,0.0000,0,ChildNeutralIdle,0.2690,0.2879,0.000
55.869,facade_clear,Can,-0.0354,0.0435,23.1935,0.0000,0,ChildNeutralIdle,0.1947,0.1772,0.000
55.903,facade_clear,Deniz,0.0000,0.0041,24.8332,0.0000,0,ChildNeutralIdle,0.2688,0.2878,0.000
55.903,facade_clear,Can,-0.0354,0.0435,23.1935,0.0000,0,ChildNeutralIdle,0.1945,0.1770,0.000
55.937,facade_clear,Deniz,0.0000,0.0041,24.8332,0.0000,0,ChildNeutralIdle,0.2687,0.2876,0.000
55.937,facade_clear,Can,-0.0354,0.0435,23.1935,0.0000,0,ChildNeutralIdle,0.1943,0.1769,0.000
55.975,street,Deniz,0.0000,0.0041,24.8332,0.0000,0,ChildNeutralIdle,0.2685,0.2875,0.000
55.975,street,Can,-0.0343,0.0435,23.2023,0.2667,0,ChildNeutralIdle,0.1941,0.1767,0.000
56.005,street,Deniz,0.0000,0.0041,24.8332,0.0000,0,ChildNeutralIdle,0.2683,0.2874,0.000
56.005,street,Can,-0.0343,0.0435,23.2023,0.0000,0,ChildNeutralIdle,0.1938,0.1766,0.000
56.039,street,Deniz,0.0000,0.0041,24.8332,0.0000,0,ChildNeutralIdle,0.2682,0.2873,0.000
56.039,street,Can,-0.0343,0.0435,23.2023,0.0000,0,ChildNeutralIdle,0.1936,0.1764,0.000
56.073,street,Deniz,0.0000,0.0041,24.8332,0.0000,0,ChildNeutralIdle,0.2680,0.2873,0.000
56.073,street,Can,-0.0343,0.0435,23.2023,0.0000,0,ChildNeutralIdle,0.1933,0.1762,0.000
56.105,street,Deniz,0.0000,0.0041,24.8332,0.0000,0,ChildNeutralIdle,0.2678,0.2872,0.000
56.105,street,Can,-0.0343,0.0435,23.2023,0.0000,0,ChildNeutralIdle,0.1930,0.1761,0.000
56.138,street,Deniz,0.0000,0.0041,24.8332,0.0000,0,ChildNeutralIdle,0.2676,0.2871,0.000
56.138,street,Can,-0.0343,0.0435,23.2023,0.0000,0,ChildNeutralIdle,0.1927,0.1759,0.000
56.171,street,Deniz,0.0000,0.0041,24.8332,0.0000,0,ChildNeutralIdle,0.2674,0.2871,0.000
56.171,street,Can,-0.0343,0.0435,23.2023,0.0000,0,ChildNeutralIdle,0.1924,0.1758,0.000
56.206,street,Deniz,0.0000,0.0041,24.8332,0.0000,0,ChildNeutralIdle,0.2673,0.2870,0.000
56.206,street,Can,-0.0343,0.0435,23.2023,0.0000,0,ChildNeutralIdle,0.1920,0.1757,0.000
56.239,street,Deniz,0.0000,0.0041,24.8332,0.0000,0,ChildNeutralIdle,0.2671,0.2870,0.000
56.239,street,Can,-0.0343,0.0435,23.2023,0.0000,0,ChildNeutralIdle,0.1917,0.1755,0.000
56.272,street,Deniz,0.0000,0.0041,24.8332,0.0000,0,ChildNeutralIdle,0.2669,0.2870,0.000
56.272,street,Can,-0.0343,0.0435,23.2023,0.0000,0,ChildNeutralIdle,0.1914,0.1754,0.000
56.305,street,Deniz,0.0000,0.0041,24.8332,0.0000,0,ChildNeutralIdle,0.2667,0.2869,0.000
56.305,street,Can,-0.0343,0.0435,23.2023,0.0000,0,ChildNeutralIdle,0.1910,0.1753,0.000
56.338,street,Deniz,0.0000,0.0041,24.8332,0.0000,0,ChildNeutralIdle,0.2666,0.2869,0.000
56.338,street,Can,-0.0343,0.0435,23.2023,0.0000,0,ChildNeutralIdle,0.1907,0.1751,0.000
56.371,street,Deniz,0.0000,0.0041,24.8332,0.0000,0,ChildNeutralIdle,0.2664,0.2869,0.000
56.371,street,Can,-0.0343,0.0435,23.2023,0.0000,0,ChildNeutralIdle,0.1903,0.1750,0.000
56.405,street,Deniz,0.0000,0.0041,24.8332,0.0000,0,ChildNeutralIdle,0.2662,0.2869,0.000
56.405,street,Can,-0.0343,0.0435,23.2023,0.0000,0,ChildNeutralIdle,0.1900,0.1749,0.000
56.439,street,Deniz,0.0000,0.0041,24.8332,0.0000,0,ChildNeutralIdle,0.2661,0.2869,0.000
56.439,street,Can,-0.0343,0.0435,23.2023,0.0000,0,ChildNeutralIdle,0.1897,0.1748,0.000
56.473,street,Deniz,0.0000,0.0041,24.8332,0.0000,0,ChildNeutralIdle,0.2659,0.2870,0.000
56.473,street,Can,-0.0343,0.0435,23.2023,0.0000,0,ChildNeutralIdle,0.1893,0.1747,0.000
56.505,street,Deniz,0.0000,0.0041,24.8332,0.0000,0,ChildNeutralIdle,0.2658,0.2870,0.000
56.505,street,Can,-0.0343,0.0435,23.2023,0.0000,0,ChildNeutralIdle,0.1890,0.1746,0.000
56.538,street,Deniz,0.0000,0.0041,24.8332,0.0000,0,ChildNeutralIdle,0.2657,0.2870,0.000
56.538,street,Can,-0.0343,0.0435,23.2023,0.0000,0,ChildNeutralIdle,0.1887,0.1746,0.000
56.572,street,Deniz,0.0000,0.0041,24.8332,0.0000,0,ChildNeutralIdle,0.2655,0.2871,0.000
56.572,street,Can,-0.0343,0.0435,23.2023,0.0000,0,ChildNeutralIdle,0.1884,0.1745,0.000
56.604,street,Deniz,0.0000,0.0041,24.8332,0.0000,0,ChildNeutralIdle,0.2654,0.2871,0.000
56.604,street,Can,-0.0343,0.0435,23.2023,0.0000,0,ChildNeutralIdle,0.1881,0.1745,0.000
56.638,street,Deniz,0.0000,0.0041,24.8332,0.0000,0,ChildNeutralIdle,0.2653,0.2872,0.000
56.638,street,Can,-0.0343,0.0435,23.2023,0.0000,0,ChildNeutralIdle,0.1878,0.1744,0.000
56.671,street,Deniz,0.0000,0.0041,24.8332,0.0000,0,ChildNeutralIdle,0.2652,0.2873,0.000
56.671,street,Can,-0.0343,0.0435,23.2023,0.0000,0,ChildNeutralIdle,0.1875,0.1744,0.000
56.705,street,Deniz,0.0000,0.0041,24.8332,0.0000,0,ChildNeutralIdle,0.2651,0.2873,0.000
56.705,street,Can,-0.0343,0.0435,23.2023,0.0000,0,ChildNeutralIdle,0.1872,0.1744,0.000
56.738,street,Deniz,0.0000,0.0041,24.8332,0.0000,0,ChildNeutralIdle,0.2650,0.2874,0.000
56.738,street,Can,-0.0343,0.0435,23.2023,0.0000,0,ChildNeutralIdle,0.1870,0.1745,0.000
56.771,street,Deniz,0.0000,0.0041,24.8332,0.0000,0,ChildNeutralIdle,0.2650,0.2875,0.000
56.771,street,Can,-0.0343,0.0435,23.2023,0.0000,0,ChildNeutralIdle,0.1868,0.1745,0.000
56.804,street,Deniz,0.0000,0.0041,24.8332,0.0000,0,ChildNeutralIdle,0.2649,0.2876,0.000
56.804,street,Can,-0.0343,0.0435,23.2023,0.0000,0,ChildNeutralIdle,0.1867,0.1746,0.000
56.838,street,Deniz,0.0000,0.0041,24.8332,0.0000,0,ChildNeutralIdle,0.2649,0.2878,0.000
56.838,street,Can,-0.0343,0.0435,23.2023,0.0000,0,ChildNeutralIdle,0.1866,0.1747,0.000
56.871,street,Deniz,0.0000,0.0041,24.8332,0.0000,0,ChildNeutralIdle,0.2649,0.2879,0.000
56.871,street,Can,-0.0343,0.0435,23.2023,0.0000,0,ChildNeutralIdle,0.1864,0.1748,0.000
56.905,street,Deniz,0.0000,0.0041,24.8332,0.0000,0,ChildNeutralIdle,0.2650,0.2881,0.000
56.905,street,Can,-0.0343,0.0435,23.2023,0.0000,0,ChildNeutralIdle,0.1864,0.1749,0.000
56.938,street,Deniz,0.0000,0.0041,24.8332,0.0000,0,ChildNeutralIdle,0.2650,0.2883,0.000
56.938,street,Can,-0.0343,0.0435,23.2023,0.0000,0,ChildNeutralIdle,0.1863,0.1751,0.000
56.971,street,Deniz,0.0000,0.0041,24.8332,0.0000,0,ChildNeutralIdle,0.2650,0.2884,0.000
56.971,street,Can,-0.0343,0.0435,23.2023,0.0000,0,ChildNeutralIdle,0.1862,0.1752,0.000
57.005,street,Deniz,0.0000,0.0041,24.8332,0.0000,0,ChildNeutralIdle,0.2651,0.2886,0.000
57.005,street,Can,-0.0343,0.0435,23.2023,0.0000,0,ChildNeutralIdle,0.1862,0.1753,0.000
57.038,street,Deniz,0.0000,0.0041,24.8332,0.0000,0,ChildNeutralIdle,0.2652,0.2887,0.000
57.038,street,Can,-0.0343,0.0435,23.2023,0.0000,0,ChildNeutralIdle,0.1862,0.1755,0.000
57.071,street,Deniz,0.0000,0.0041,24.8332,0.0000,0,ChildNeutralIdle,0.2652,0.2889,0.000
57.071,street,Can,-0.0343,0.0435,23.2023,0.0000,0,ChildNeutralIdle,0.1862,0.1756,0.000
57.106,street,Deniz,0.0000,0.0041,24.8332,0.0000,0,ChildNeutralIdle,0.2653,0.2890,0.000
57.106,street,Can,-0.0343,0.0435,23.2023,0.0000,0,ChildNeutralIdle,0.1862,0.1758,0.000
57.139,street,Deniz,0.0000,0.0041,24.8332,0.0000,0,ChildNeutralIdle,0.2654,0.2891,0.000
57.139,street,Can,-0.0343,0.0435,23.2023,0.0000,0,ChildNeutralIdle,0.1862,0.1759,0.000
57.173,street,Deniz,0.0000,0.0041,24.8332,0.0000,0,ChildNeutralIdle,0.2655,0.2893,0.000
57.173,street,Can,-0.0343,0.0435,23.2023,0.0000,0,ChildNeutralIdle,0.1863,0.1761,0.000
57.206,street,Deniz,0.0000,0.0041,24.8332,0.0000,0,ChildNeutralIdle,0.2656,0.2894,0.000
57.206,street,Can,-0.0343,0.0435,23.2023,0.0000,0,ChildNeutralIdle,0.1864,0.1763,0.000
57.239,street,Deniz,0.0000,0.0041,24.8332,0.0000,0,ChildNeutralIdle,0.2658,0.2896,0.000
57.239,street,Can,-0.0343,0.0435,23.2023,0.0000,0,ChildNeutralIdle,0.1865,0.1764,0.000
57.272,street,Deniz,0.0000,0.0041,24.8332,0.0000,0,ChildNeutralIdle,0.2659,0.2897,0.000
57.272,street,Can,-0.0343,0.0435,23.2023,0.0000,0,ChildNeutralIdle,0.1866,0.1766,0.000
57.306,street,Deniz,0.0000,0.0041,24.8332,0.0000,0,ChildNeutralIdle,0.2660,0.2898,0.000
57.306,street,Can,-0.0343,0.0435,23.2023,0.0000,0,ChildNeutralIdle,0.1867,0.1768,0.000
57.341,street,Deniz,0.0000,0.0041,24.8332,0.0000,0,ChildNeutralIdle,0.2662,0.2899,0.000
57.341,street,Can,-0.0343,0.0435,23.2023,0.0000,0,ChildNeutralIdle,0.1869,0.1770,0.000
57.374,street,Deniz,0.0000,0.0041,24.8332,0.0000,0,ChildNeutralIdle,0.2663,0.2900,0.000
57.374,street,Can,-0.0343,0.0435,23.2023,0.0000,0,ChildNeutralIdle,0.1870,0.1771,0.000
57.406,street,Deniz,0.0000,0.0041,24.8332,0.0000,0,ChildNeutralIdle,0.2664,0.2902,0.000
57.406,street,Can,-0.0343,0.0435,23.2023,0.0000,0,ChildNeutralIdle,0.1872,0.1773,0.000
57.438,street,Deniz,0.0000,0.0041,24.8332,0.0000,0,ChildNeutralIdle,0.2666,0.2903,0.000
57.438,street,Can,-0.0343,0.0435,23.2023,0.0000,0,ChildNeutralIdle,0.1875,0.1775,0.000
57.472,street,Deniz,0.0000,0.0041,24.8332,0.0000,0,ChildNeutralIdle,0.2668,0.2904,0.000
57.472,street,Can,-0.0343,0.0435,23.2023,0.0000,0,ChildNeutralIdle,0.1877,0.1776,0.000
57.505,street,Deniz,0.0000,0.0041,24.8332,0.0000,0,ChildNeutralIdle,0.2669,0.2904,0.000
57.505,street,Can,-0.0343,0.0435,23.2023,0.0000,0,ChildNeutralIdle,0.1879,0.1778,0.000
57.540,street,Deniz,0.0000,0.0041,24.8332,0.0000,0,ChildNeutralIdle,0.2671,0.2905,0.000
57.540,street,Can,-0.0343,0.0435,23.2023,0.0000,0,ChildNeutralIdle,0.1882,0.1779,0.000
57.572,street,Deniz,0.0000,0.0041,24.8332,0.0000,0,ChildNeutralIdle,0.2672,0.2906,0.000
57.572,street,Can,-0.0343,0.0435,23.2023,0.0000,0,ChildNeutralIdle,0.1885,0.1781,0.000
57.607,street,Deniz,0.0000,0.0041,24.8332,0.0000,0,ChildNeutralIdle,0.2674,0.2907,0.000
57.607,street,Can,-0.0343,0.0435,23.2023,0.0000,0,ChildNeutralIdle,0.1888,0.1782,0.000
57.641,street,Deniz,0.0000,0.0041,24.8332,0.0000,0,ChildNeutralIdle,0.2676,0.2907,0.000
57.641,street,Can,-0.0343,0.0435,23.2023,0.0000,0,ChildNeutralIdle,0.1891,0.1783,0.000
57.673,street,Deniz,0.0000,0.0041,24.8332,0.0000,0,ChildNeutralIdle,0.2677,0.2908,0.000
57.673,street,Can,-0.0343,0.0435,23.2023,0.0000,0,ChildNeutralIdle,0.1894,0.1785,0.000
57.705,street,Deniz,0.0000,0.0041,24.8332,0.0000,0,ChildNeutralIdle,0.2679,0.2908,0.000
57.705,street,Can,-0.0343,0.0435,23.2023,0.0000,0,ChildNeutralIdle,0.1897,0.1786,0.000
57.739,street,Deniz,0.0000,0.0041,24.8332,0.0000,0,ChildNeutralIdle,0.2681,0.2909,0.000
57.739,street,Can,-0.0343,0.0435,23.2023,0.0000,0,ChildNeutralIdle,0.1900,0.1787,0.000
57.772,street,Deniz,0.0000,0.0041,24.8332,0.0000,0,ChildNeutralIdle,0.2682,0.2909,0.000
57.772,street,Can,-0.0343,0.0435,23.2023,0.0000,0,ChildNeutralIdle,0.1903,0.1788,0.000
57.804,street,Deniz,0.0000,0.0041,24.8332,0.0000,0,ChildNeutralIdle,0.2684,0.2909,0.000
57.804,street,Can,-0.0343,0.0435,23.2023,0.0000,0,ChildNeutralIdle,0.1906,0.1789,0.000
57.838,street,Deniz,0.0000,0.0041,24.8332,0.0000,0,ChildNeutralIdle,0.2686,0.2909,0.000
57.838,street,Can,-0.0343,0.0435,23.2023,0.0000,0,ChildNeutralIdle,0.1910,0.1790,0.000
57.872,street,Deniz,0.0000,0.0041,24.8332,0.0000,0,ChildNeutralIdle,0.2687,0.2909,0.000
57.872,street,Can,-0.0343,0.0435,23.2023,0.0000,0,ChildNeutralIdle,0.1913,0.1790,0.000
57.905,street,Deniz,0.0000,0.0041,24.8332,0.0000,0,ChildNeutralIdle,0.2689,0.2909,0.000
57.905,street,Can,-0.0343,0.0435,23.2023,0.0000,0,ChildNeutralIdle,0.1916,0.1791,0.000
57.938,street,Deniz,0.0000,0.0041,24.8332,0.0000,0,ChildNeutralIdle,0.2690,0.2908,0.000
57.938,street,Can,-0.0343,0.0435,23.2023,0.0000,0,ChildNeutralIdle,0.1919,0.1792,0.000
57.972,street,Deniz,0.0000,0.0041,24.8332,0.0000,0,ChildNeutralIdle,0.2692,0.2908,0.000
57.972,street,Can,-0.0343,0.0435,23.2023,0.0000,0,ChildNeutralIdle,0.1922,0.1792,0.000
58.005,street,Deniz,0.0000,0.0041,24.8332,0.0000,0,ChildNeutralIdle,0.2693,0.2907,0.000
58.005,street,Can,-0.0343,0.0435,23.2023,0.0000,0,ChildNeutralIdle,0.1925,0.1793,0.000
58.038,street,Deniz,0.0000,0.0041,24.8332,0.0000,0,ChildNeutralIdle,0.2694,0.2907,0.000
58.038,street,Can,-0.0343,0.0435,23.2023,0.0000,0,ChildNeutralIdle,0.1928,0.1793,0.000
58.071,street,Deniz,0.0000,0.0041,24.8332,0.0000,0,ChildNeutralIdle,0.2696,0.2906,0.000
58.071,street,Can,-0.0343,0.0435,23.2023,0.0000,0,ChildNeutralIdle,0.1931,0.1793,0.000
58.105,street,Deniz,0.0000,0.0041,24.8332,0.0000,0,ChildNeutralIdle,0.2697,0.2906,0.000
58.105,street,Can,-0.0343,0.0435,23.2023,0.0000,0,ChildNeutralIdle,0.1934,0.1793,0.000
58.139,street,Deniz,0.0000,0.0041,24.8332,0.0000,0,ChildNeutralIdle,0.2698,0.2905,0.000
58.139,street,Can,-0.0343,0.0435,23.2023,0.0000,0,ChildNeutralIdle,0.1936,0.1793,0.000
58.172,street,Deniz,0.0000,0.0041,24.8332,0.0000,0,ChildNeutralIdle,0.2699,0.2905,0.000
58.172,street,Can,-0.0343,0.0435,23.2023,0.0000,0,ChildNeutralIdle,0.1939,0.1793,0.000
58.205,street,Deniz,0.0000,0.0041,24.8332,0.0000,0,ChildNeutralIdle,0.2700,0.2904,0.000
58.205,street,Can,-0.0343,0.0435,23.2023,0.0000,0,ChildNeutralIdle,0.1941,0.1792,0.000
58.238,street,Deniz,0.0000,0.0041,24.8332,0.0000,0,ChildNeutralIdle,0.2700,0.2903,0.000
58.238,street,Can,-0.0343,0.0435,23.2023,0.0000,0,ChildNeutralIdle,0.1943,0.1792,0.000
58.273,street,Deniz,0.0000,0.0041,24.8332,0.0000,0,ChildNeutralIdle,0.2701,0.2902,0.000
58.273,street,Can,-0.0343,0.0435,23.2023,0.0000,0,ChildNeutralIdle,0.1945,0.1791,0.000
58.306,street,Deniz,0.0000,0.0041,24.8332,0.0000,0,ChildNeutralIdle,0.2701,0.2902,0.000
58.306,street,Can,-0.0343,0.0435,23.2023,0.0000,0,ChildNeutralIdle,0.1946,0.1791,0.000
58.339,street,Deniz,0.0000,0.0041,24.8332,0.0000,0,ChildNeutralIdle,0.2702,0.2900,0.000
58.339,street,Can,-0.0343,0.0435,23.2023,0.0000,0,ChildNeutralIdle,0.1948,0.1790,0.000
58.372,street,Deniz,0.0000,0.0041,24.8332,0.0000,0,ChildNeutralIdle,0.2702,0.2899,0.000
58.372,street,Can,-0.0343,0.0435,23.2023,0.0000,0,ChildNeutralIdle,0.1949,0.1789,0.000
58.406,street,Deniz,0.0000,0.0041,24.8332,0.0000,0,ChildNeutralIdle,0.2702,0.2898,0.000
58.406,street,Can,-0.0343,0.0435,23.2023,0.0000,0,ChildNeutralIdle,0.1949,0.1788,0.000
58.439,street,Deniz,0.0000,0.0041,24.8332,0.0000,0,ChildNeutralIdle,0.2702,0.2897,0.000
58.439,street,Can,-0.0343,0.0435,23.2023,0.0000,0,ChildNeutralIdle,0.1950,0.1787,0.000
58.472,street,Deniz,0.0000,0.0041,24.8332,0.0000,0,ChildNeutralIdle,0.2702,0.2895,0.000
58.472,street,Can,-0.0343,0.0435,23.2023,0.0000,0,ChildNeutralIdle,0.1951,0.1786,0.000
58.514,street,Deniz,0.0000,0.0041,24.8332,0.0000,0,ChildNeutralIdle,0.2701,0.2894,0.000
58.514,street,Can,-0.0343,0.0435,23.2023,0.0000,0,ChildNeutralIdle,0.1951,0.1784,0.000
58.547,street,Deniz,0.0000,0.0041,24.8332,0.0000,0,ChildNeutralIdle,0.2701,0.2892,0.000
58.547,street,Can,-0.0343,0.0435,23.2023,0.0000,0,ChildNeutralIdle,0.1951,0.1783,0.000
58.580,street,Deniz,0.0000,0.0041,24.8332,0.0000,0,ChildNeutralIdle,0.2700,0.2891,0.000
58.580,street,Can,-0.0343,0.0435,23.2023,0.0000,0,ChildNeutralIdle,0.1951,0.1782,0.000
58.614,street,Deniz,0.0000,0.0041,24.8332,0.0000,0,ChildNeutralIdle,0.2699,0.2889,0.000
58.614,street,Can,-0.0343,0.0435,23.2023,0.0000,0,ChildNeutralIdle,0.1950,0.1780,0.000
58.647,street,Deniz,0.0000,0.0041,24.8332,0.0000,0,ChildNeutralIdle,0.2698,0.2888,0.000
58.647,street,Can,-0.0343,0.0435,23.2023,0.0000,0,ChildNeutralIdle,0.1950,0.1779,0.000
58.680,street,Deniz,0.0000,0.0041,24.8332,0.0000,0,ChildNeutralIdle,0.2697,0.2886,0.000
58.680,street,Can,-0.0343,0.0435,23.2023,0.0000,0,ChildNeutralIdle,0.1949,0.1777,0.000
58.714,street,Deniz,0.0000,0.0041,24.8332,0.0000,0,ChildNeutralIdle,0.2696,0.2884,0.000
58.714,street,Can,-0.0343,0.0435,23.2023,0.0000,0,ChildNeutralIdle,0.1948,0.1775,0.000
58.746,street,Deniz,0.0000,0.0041,24.8332,0.0000,0,ChildNeutralIdle,0.2695,0.2883,0.000
58.746,street,Can,-0.0343,0.0435,23.2023,0.0000,0,ChildNeutralIdle,0.1947,0.1774,0.000
58.779,street,Deniz,0.0000,0.0041,24.8332,0.0000,0,ChildNeutralIdle,0.2693,0.2881,0.000
58.779,street,Can,-0.0343,0.0435,23.2023,0.0000,0,ChildNeutralIdle,0.1946,0.1772,0.000
58.813,street,Deniz,0.0000,0.0041,24.8332,0.0000,0,ChildNeutralIdle,0.2692,0.2879,0.000
58.813,street,Can,-0.0343,0.0435,23.2023,0.0000,0,ChildNeutralIdle,0.1945,0.1770,0.000
58.848,street,Deniz,0.0000,0.0041,24.8332,0.0000,0,ChildNeutralIdle,0.2691,0.2878,0.000
58.848,street,Can,-0.0343,0.0435,23.2023,0.0000,0,ChildNeutralIdle,0.1943,0.1769,0.000
58.880,street,Deniz,0.0000,0.0041,24.8332,0.0000,0,ChildNeutralIdle,0.2689,0.2876,0.000
58.880,street,Can,-0.0343,0.0435,23.2023,0.0000,0,ChildNeutralIdle,0.1942,0.1767,0.000
58.913,street,Deniz,0.0000,0.0041,24.8332,0.0000,0,ChildNeutralIdle,0.2688,0.2875,0.000
58.913,street,Can,-0.0343,0.0435,23.2023,0.0000,0,ChildNeutralIdle,0.1940,0.1765,0.000
58.946,street,Deniz,0.0000,0.0041,24.8332,0.0000,0,ChildNeutralIdle,0.2686,0.2873,0.000
58.946,street,Can,-0.0343,0.0435,23.2023,0.0000,0,ChildNeutralIdle,0.1938,0.1764,0.000
58.979,street,Deniz,0.0000,0.0041,24.8332,0.0000,0,ChildNeutralIdle,0.2685,0.2872,0.000
58.979,street,Can,-0.0343,0.0435,23.2023,0.0000,0,ChildNeutralIdle,0.1936,0.1762,0.000
59.013,street,Deniz,0.0000,0.0041,24.8332,0.0000,0,ChildNeutralIdle,0.2683,0.2871,0.000
59.013,street,Can,-0.0343,0.0435,23.2023,0.0000,0,ChildNeutralIdle,0.1933,0.1760,0.000
59.046,street,Deniz,0.0000,0.0041,24.8332,0.0000,0,ChildNeutralIdle,0.2681,0.2869,0.000
59.046,street,Can,-0.0343,0.0435,23.2023,0.0000,0,ChildNeutralIdle,0.1931,0.1759,0.000
59.080,street,Deniz,0.0000,0.0041,24.8332,0.0000,0,ChildNeutralIdle,0.2680,0.2868,0.000
59.080,street,Can,-0.0343,0.0435,23.2023,0.0000,0,ChildNeutralIdle,0.1928,0.1757,0.000
59.114,street,Deniz,0.0000,0.0041,24.8332,0.0000,0,ChildNeutralIdle,0.2678,0.2868,0.000
59.114,street,Can,-0.0343,0.0435,23.2023,0.0000,0,ChildNeutralIdle,0.1926,0.1755,0.000
59.147,street,Deniz,0.0000,0.0041,24.8332,0.0000,0,ChildNeutralIdle,0.2677,0.2867,0.000
59.147,street,Can,-0.0343,0.0435,23.2023,0.0000,0,ChildNeutralIdle,0.1923,0.1754,0.000
59.179,street,Deniz,0.0000,0.0041,24.8332,0.0000,0,ChildNeutralIdle,0.2675,0.2866,0.000
59.179,street,Can,-0.0343,0.0435,23.2023,0.0000,0,ChildNeutralIdle,0.1920,0.1752,0.000
59.214,street,Deniz,0.0000,0.0041,24.8332,0.0000,0,ChildNeutralIdle,0.2673,0.2866,0.000
59.214,street,Can,-0.0343,0.0435,23.2023,0.0000,0,ChildNeutralIdle,0.1917,0.1751,0.000
59.247,street,Deniz,0.0000,0.0041,24.8332,0.0000,0,ChildNeutralIdle,0.2672,0.2865,0.000
59.247,street,Can,-0.0343,0.0435,23.2023,0.0000,0,ChildNeutralIdle,0.1913,0.1749,0.000
59.281,street,Deniz,0.0000,0.0041,24.8332,0.0000,0,ChildNeutralIdle,0.2670,0.2865,0.000
59.281,street,Can,-0.0343,0.0435,23.2023,0.0000,0,ChildNeutralIdle,0.1910,0.1748,0.000
59.315,street,Deniz,0.0000,0.0041,24.8332,0.0000,0,ChildNeutralIdle,0.2669,0.2864,0.000
59.315,street,Can,-0.0343,0.0435,23.2023,0.0000,0,ChildNeutralIdle,0.1907,0.1747,0.000
59.349,street,Deniz,0.0000,0.0041,24.8332,0.0000,0,ChildNeutralIdle,0.2667,0.2864,0.000
59.349,street,Can,-0.0343,0.0435,23.2023,0.0000,0,ChildNeutralIdle,0.1904,0.1746,0.000
59.383,street,Deniz,0.0000,0.0041,24.8332,0.0000,0,ChildNeutralIdle,0.2666,0.2864,0.000
59.383,street,Can,-0.0343,0.0435,23.2023,0.0000,0,ChildNeutralIdle,0.1901,0.1744,0.000
59.417,street,Deniz,0.0000,0.0041,24.8332,0.0000,0,ChildNeutralIdle,0.2664,0.2864,0.000
59.417,street,Can,-0.0343,0.0435,23.2023,0.0000,0,ChildNeutralIdle,0.1898,0.1743,0.000
59.447,street,Deniz,0.0000,0.0041,24.8332,0.0000,0,ChildNeutralIdle,0.2663,0.2864,0.000
59.447,street,Can,-0.0343,0.0435,23.2023,0.0000,0,ChildNeutralIdle,0.1895,0.1743,0.000
59.480,street,Deniz,0.0000,0.0041,24.8332,0.0000,0,ChildNeutralIdle,0.2662,0.2864,0.000
59.480,street,Can,-0.0343,0.0435,23.2023,0.0000,0,ChildNeutralIdle,0.1892,0.1742,0.000
59.514,street,Deniz,0.0000,0.0041,24.8332,0.0000,0,ChildNeutralIdle,0.2661,0.2864,0.000
59.514,street,Can,-0.0343,0.0435,23.2023,0.0000,0,ChildNeutralIdle,0.1889,0.1741,0.000
59.548,street,Deniz,0.0000,0.0041,24.8332,0.0000,0,ChildNeutralIdle,0.2660,0.2864,0.000
59.548,street,Can,-0.0343,0.0435,23.2023,0.0000,0,ChildNeutralIdle,0.1886,0.1741,0.000
59.580,street,Deniz,0.0000,0.0041,24.8332,0.0000,0,ChildNeutralIdle,0.2659,0.2865,0.000
59.580,street,Can,-0.0343,0.0435,23.2023,0.0000,0,ChildNeutralIdle,0.1883,0.1740,0.000
59.613,street,Deniz,0.0000,0.0041,24.8332,0.0000,0,ChildNeutralIdle,0.2658,0.2865,0.000
59.613,street,Can,-0.0343,0.0435,23.2023,0.0000,0,ChildNeutralIdle,0.1880,0.1740,0.000
59.644,street,Deniz,0.0000,0.0041,24.8332,0.0000,0,ChildNeutralIdle,0.2657,0.2866,0.000
59.644,street,Can,-0.0343,0.0435,23.2023,0.0000,0,ChildNeutralIdle,0.1878,0.1740,0.000
59.678,street,Deniz,0.0000,0.0041,24.8332,0.0000,0,ChildNeutralIdle,0.2656,0.2867,0.000
59.678,street,Can,-0.0343,0.0435,23.2023,0.0000,0,ChildNeutralIdle,0.1875,0.1740,0.000
59.711,street,Deniz,0.0000,0.0041,24.8332,0.0000,0,ChildNeutralIdle,0.2655,0.2868,0.000
59.711,street,Can,-0.0343,0.0435,23.2023,0.0000,0,ChildNeutralIdle,0.1873,0.1740,0.000
59.744,street,Deniz,0.0000,0.0041,24.8332,0.0000,0,ChildNeutralIdle,0.2655,0.2869,0.000
59.744,street,Can,-0.0343,0.0435,23.2023,0.0000,0,ChildNeutralIdle,0.1871,0.1740,0.000
59.777,street,Deniz,0.0000,0.0041,24.8332,0.0000,0,ChildNeutralIdle,0.2654,0.2870,0.000
59.777,street,Can,-0.0343,0.0435,23.2023,0.0000,0,ChildNeutralIdle,0.1869,0.1741,0.000
59.810,street,Deniz,0.0000,0.0041,24.8332,0.0000,0,ChildNeutralIdle,0.2654,0.2871,0.000
59.810,street,Can,-0.0343,0.0435,23.2023,0.0000,0,ChildNeutralIdle,0.1868,0.1742,0.000
59.844,street,Deniz,0.0000,0.0041,24.8332,0.0000,0,ChildNeutralIdle,0.2654,0.2873,0.000
59.844,street,Can,-0.0343,0.0435,23.2023,0.0000,0,ChildNeutralIdle,0.1866,0.1742,0.000
59.877,street,Deniz,0.0000,0.0041,24.8332,0.0000,0,ChildNeutralIdle,0.2653,0.2874,0.000
59.877,street,Can,-0.0343,0.0435,23.2023,0.0000,0,ChildNeutralIdle,0.1865,0.1743,0.000
59.911,street,Deniz,0.0000,0.0041,24.8332,0.0000,0,ChildNeutralIdle,0.2653,0.2876,0.000
59.911,street,Can,-0.0343,0.0435,23.2023,0.0000,0,ChildNeutralIdle,0.1864,0.1745,0.000
59.944,street,Deniz,0.0000,0.0041,24.8332,0.0000,0,ChildNeutralIdle,0.2653,0.2878,0.000
59.944,street,Can,-0.0343,0.0435,23.2023,0.0000,0,ChildNeutralIdle,0.1863,0.1746,0.000
59.978,street,Deniz,0.0000,0.0041,24.8332,0.0000,0,ChildNeutralIdle,0.2654,0.2880,0.000
59.978,street,Can,-0.0343,0.0435,23.2023,0.0000,0,ChildNeutralIdle,0.1862,0.1747,0.000
60.011,street,Deniz,0.0000,0.0041,24.8332,0.0000,0,ChildNeutralIdle,0.2654,0.2882,0.000
60.011,street,Can,-0.0343,0.0435,23.2023,0.0000,0,ChildNeutralIdle,0.1862,0.1749,0.000
60.044,street,Deniz,0.0000,0.0041,24.8332,0.0000,0,ChildNeutralIdle,0.2654,0.2884,0.000
60.044,street,Can,-0.0343,0.0435,23.2023,0.0000,0,ChildNeutralIdle,0.1862,0.1750,0.000
60.078,street,Deniz,0.0000,0.0041,24.8332,0.0000,0,ChildNeutralIdle,0.2655,0.2886,0.000
60.078,street,Can,-0.0343,0.0435,23.2023,0.0000,0,ChildNeutralIdle,0.1862,0.1752,0.000
60.111,street,Deniz,0.0000,0.0041,24.8332,0.0000,0,ChildNeutralIdle,0.2656,0.2889,0.000
60.111,street,Can,-0.0343,0.0435,23.2023,0.0000,0,ChildNeutralIdle,0.1862,0.1754,0.000
60.144,street,Deniz,0.0000,0.0041,24.8332,0.0000,0,ChildNeutralIdle,0.2656,0.2891,0.000
60.144,street,Can,-0.0343,0.0435,23.2023,0.0000,0,ChildNeutralIdle,0.1862,0.1755,0.000
60.177,street,Deniz,0.0000,0.0041,24.8332,0.0000,0,ChildNeutralIdle,0.2657,0.2892,0.000
60.177,street,Can,-0.0343,0.0435,23.2023,0.0000,0,ChildNeutralIdle,0.1863,0.1757,0.000
60.210,street,Deniz,0.0000,0.0041,24.8332,0.0000,0,ChildNeutralIdle,0.2658,0.2894,0.000
60.210,street,Can,-0.0343,0.0435,23.2023,0.0000,0,ChildNeutralIdle,0.1864,0.1759,0.000
60.244,street,Deniz,0.0000,0.0041,24.8332,0.0000,0,ChildNeutralIdle,0.2659,0.2896,0.000
60.244,street,Can,-0.0343,0.0435,23.2023,0.0000,0,ChildNeutralIdle,0.1865,0.1760,0.000
60.277,street,Deniz,0.0000,0.0041,24.8332,0.0000,0,ChildNeutralIdle,0.2661,0.2897,0.000
60.277,street,Can,-0.0343,0.0435,23.2023,0.0000,0,ChildNeutralIdle,0.1867,0.1762,0.000
60.311,street,Deniz,0.0000,0.0041,24.8332,0.0000,0,ChildNeutralIdle,0.2662,0.2899,0.000
60.311,street,Can,-0.0343,0.0435,23.2023,0.0000,0,ChildNeutralIdle,0.1868,0.1764,0.000
60.345,street,Deniz,0.0000,0.0041,24.8332,0.0000,0,ChildNeutralIdle,0.2663,0.2900,0.000
60.345,street,Can,-0.0343,0.0435,23.2023,0.0000,0,ChildNeutralIdle,0.1870,0.1766,0.000
60.377,street,Deniz,0.0000,0.0041,24.8332,0.0000,0,ChildNeutralIdle,0.2665,0.2901,0.000
60.377,street,Can,-0.0343,0.0435,23.2023,0.0000,0,ChildNeutralIdle,0.1872,0.1767,0.000
60.411,street,Deniz,0.0000,0.0041,24.8332,0.0000,0,ChildNeutralIdle,0.2666,0.2903,0.000
60.411,street,Can,-0.0343,0.0435,23.2023,0.0000,0,ChildNeutralIdle,0.1874,0.1769,0.000
60.444,street,Deniz,0.0000,0.0041,24.8332,0.0000,0,ChildNeutralIdle,0.2667,0.2904,0.000
60.444,street,Can,-0.0343,0.0435,23.2023,0.0000,0,ChildNeutralIdle,0.1876,0.1771,0.000
60.477,street,Deniz,0.0000,0.0041,24.8332,0.0000,0,ChildNeutralIdle,0.2669,0.2905,0.000
60.477,street,Can,-0.0343,0.0435,23.2023,0.0000,0,ChildNeutralIdle,0.1879,0.1772,0.000
60.511,street,Deniz,0.0000,0.0041,24.8332,0.0000,0,ChildNeutralIdle,0.2670,0.2905,0.000
60.511,street,Can,-0.0343,0.0435,23.2023,0.0000,0,ChildNeutralIdle,0.1881,0.1774,0.000
60.544,street,Deniz,0.0000,0.0041,24.8332,0.0000,0,ChildNeutralIdle,0.2672,0.2906,0.000
60.544,street,Can,-0.0343,0.0435,23.2023,0.0000,0,ChildNeutralIdle,0.1884,0.1775,0.000
60.577,street,Deniz,0.0000,0.0041,24.8332,0.0000,0,ChildNeutralIdle,0.2673,0.2907,0.000
60.577,street,Can,-0.0343,0.0435,23.2023,0.0000,0,ChildNeutralIdle,0.1887,0.1777,0.000
60.611,street,Deniz,0.0000,0.0041,24.8332,0.0000,0,ChildNeutralIdle,0.2675,0.2907,0.000
60.611,street,Can,-0.0343,0.0435,23.2023,0.0000,0,ChildNeutralIdle,0.1890,0.1778,0.000
60.644,street,Deniz,0.0000,0.0041,24.8332,0.0000,0,ChildNeutralIdle,0.2676,0.2908,0.000
60.644,street,Can,-0.0343,0.0435,23.2023,0.0000,0,ChildNeutralIdle,0.1893,0.1779,0.000
60.678,street,Deniz,0.0000,0.0041,24.8332,0.0000,0,ChildNeutralIdle,0.2678,0.2908,0.000
60.678,street,Can,-0.0343,0.0435,23.2023,0.0000,0,ChildNeutralIdle,0.1896,0.1781,0.000
60.711,street,Deniz,0.0000,0.0041,24.8332,0.0000,0,ChildNeutralIdle,0.2680,0.2909,0.000
60.711,street,Can,-0.0343,0.0435,23.2023,0.0000,0,ChildNeutralIdle,0.1899,0.1782,0.000
60.744,street,Deniz,0.0000,0.0041,24.8332,0.0000,0,ChildNeutralIdle,0.2681,0.2909,0.000
60.744,street,Can,-0.0343,0.0435,23.2023,0.0000,0,ChildNeutralIdle,0.1902,0.1783,0.000
60.777,street,Deniz,0.0000,0.0041,24.8332,0.0000,0,ChildNeutralIdle,0.2683,0.2909,0.000
60.777,street,Can,-0.0343,0.0435,23.2023,0.0000,0,ChildNeutralIdle,0.1906,0.1784,0.000
60.811,street,Deniz,0.0000,0.0041,24.8332,0.0000,0,ChildNeutralIdle,0.2684,0.2909,0.000
60.811,street,Can,-0.0343,0.0435,23.2023,0.0000,0,ChildNeutralIdle,0.1909,0.1785,0.000
60.844,street,Deniz,0.0000,0.0041,24.8332,0.0000,0,ChildNeutralIdle,0.2686,0.2909,0.000
60.844,street,Can,-0.0343,0.0435,23.2023,0.0000,0,ChildNeutralIdle,0.1912,0.1786,0.000
60.877,street,Deniz,0.0000,0.0041,24.8332,0.0000,0,ChildNeutralIdle,0.2687,0.2909,0.000
60.877,street,Can,-0.0343,0.0435,23.2023,0.0000,0,ChildNeutralIdle,0.1916,0.1787,0.000
60.911,street,Deniz,0.0000,0.0041,24.8332,0.0000,0,ChildNeutralIdle,0.2688,0.2909,0.000
60.911,street,Can,-0.0343,0.0435,23.2023,0.0000,0,ChildNeutralIdle,0.1919,0.1788,0.000
60.944,street,Deniz,0.0000,0.0041,24.8332,0.0000,0,ChildNeutralIdle,0.2690,0.2909,0.000
60.944,street,Can,-0.0343,0.0435,23.2023,0.0000,0,ChildNeutralIdle,0.1922,0.1789,0.000
60.977,street,Deniz,0.0000,0.0041,24.8332,0.0000,0,ChildNeutralIdle,0.2691,0.2909,0.000
60.977,street,Can,-0.0343,0.0435,23.2023,0.0000,0,ChildNeutralIdle,0.1925,0.1790,0.000
61.011,street,Deniz,0.0000,0.0041,24.8332,0.0000,0,ChildNeutralIdle,0.2692,0.2908,0.000
61.011,street,Can,-0.0343,0.0435,23.2023,0.0000,0,ChildNeutralIdle,0.1928,0.1790,0.000
61.044,street,Deniz,0.0000,0.0041,24.8332,0.0000,0,ChildNeutralIdle,0.2694,0.2908,0.000
61.044,street,Can,-0.0343,0.0435,23.2023,0.0000,0,ChildNeutralIdle,0.1931,0.1791,0.000
61.078,street,Deniz,0.0000,0.0041,24.8332,0.0000,0,ChildNeutralIdle,0.2695,0.2907,0.000
61.078,street,Can,-0.0343,0.0435,23.2023,0.0000,0,ChildNeutralIdle,0.1934,0.1791,0.000
61.110,street,Deniz,0.0000,0.0041,24.8332,0.0000,0,ChildNeutralIdle,0.2696,0.2906,0.000
61.110,street,Can,-0.0343,0.0435,23.2023,0.0000,0,ChildNeutralIdle,0.1937,0.1791,0.000
61.144,street,Deniz,0.0000,0.0041,24.8332,0.0000,0,ChildNeutralIdle,0.2697,0.2906,0.000
61.144,street,Can,-0.0343,0.0435,23.2023,0.0000,0,ChildNeutralIdle,0.1939,0.1791,0.000
61.177,street,Deniz,0.0000,0.0041,24.8332,0.0000,0,ChildNeutralIdle,0.2698,0.2905,0.000
61.177,street,Can,-0.0343,0.0435,23.2023,0.0000,0,ChildNeutralIdle,0.1942,0.1792,0.000
61.211,street,Deniz,0.0000,0.0041,24.8332,0.0000,0,ChildNeutralIdle,0.2698,0.2904,0.000
61.211,street,Can,-0.0343,0.0435,23.2023,0.0000,0,ChildNeutralIdle,0.1944,0.1791,0.000
61.244,street,Deniz,0.0000,0.0041,24.8332,0.0000,0,ChildNeutralIdle,0.2699,0.2902,0.000
61.244,street,Can,-0.0343,0.0435,23.2023,0.0000,0,ChildNeutralIdle,0.1946,0.1791,0.000
61.277,street,Deniz,0.0000,0.0041,24.8332,0.0000,0,ChildNeutralIdle,0.2700,0.2901,0.000
61.277,street,Can,-0.0343,0.0435,23.2023,0.0000,0,ChildNeutralIdle,0.1948,0.1791,0.000
61.311,street,Deniz,0.0000,0.0041,24.8332,0.0000,0,ChildNeutralIdle,0.2700,0.2900,0.000
61.311,street,Can,-0.0343,0.0435,23.2023,0.0000,0,ChildNeutralIdle,0.1950,0.1790,0.000
61.344,street,Deniz,0.0000,0.0041,24.8332,0.0000,0,ChildNeutralIdle,0.2701,0.2899,0.000
61.344,street,Can,-0.0343,0.0435,23.2023,0.0000,0,ChildNeutralIdle,0.1951,0.1790,0.000
61.377,street,Deniz,0.0000,0.0041,24.8332,0.0000,0,ChildNeutralIdle,0.2701,0.2897,0.000
61.377,street,Can,-0.0343,0.0435,23.2023,0.0000,0,ChildNeutralIdle,0.1952,0.1789,0.000
61.411,street,Deniz,0.0000,0.0041,24.8332,0.0000,0,ChildNeutralIdle,0.2701,0.2896,0.000
61.411,street,Can,-0.0343,0.0435,23.2023,0.0000,0,ChildNeutralIdle,0.1953,0.1788,0.000
61.444,street,Deniz,0.0000,0.0041,24.8332,0.0000,0,ChildNeutralIdle,0.2701,0.2894,0.000
61.444,street,Can,-0.0343,0.0435,23.2023,0.0000,0,ChildNeutralIdle,0.1954,0.1787,0.000
61.478,street,Deniz,0.0000,0.0041,24.8332,0.0000,0,ChildNeutralIdle,0.2700,0.2892,0.000
61.478,street,Can,-0.0343,0.0435,23.2023,0.0000,0,ChildNeutralIdle,0.1954,0.1786,0.000
61.512,street,Deniz,0.0000,0.0041,24.8332,0.0000,0,ChildNeutralIdle,0.2700,0.2891,0.000
61.512,street,Can,-0.0343,0.0435,23.2023,0.0000,0,ChildNeutralIdle,0.1954,0.1785,0.000
61.545,street,Deniz,0.0000,0.0041,24.8332,0.0000,0,ChildNeutralIdle,0.2699,0.2890,0.000
61.545,street,Can,-0.0343,0.0435,23.2023,0.0000,0,ChildNeutralIdle,0.1954,0.1784,0.000
61.578,street,Deniz,0.0000,0.0041,24.8332,0.0000,0,ChildNeutralIdle,0.2699,0.2888,0.000
61.578,street,Can,-0.0343,0.0435,23.2023,0.0000,0,ChildNeutralIdle,0.1954,0.1783,0.000
61.611,street,Deniz,0.0000,0.0041,24.8332,0.0000,0,ChildNeutralIdle,0.2698,0.2887,0.000
61.611,street,Can,-0.0343,0.0435,23.2023,0.0000,0,ChildNeutralIdle,0.1954,0.1782,0.000
61.645,street,Deniz,0.0000,0.0041,24.8332,0.0000,0,ChildNeutralIdle,0.2697,0.2886,0.000
61.645,street,Can,-0.0343,0.0435,23.2023,0.0000,0,ChildNeutralIdle,0.1953,0.1780,0.000
61.678,street,Deniz,0.0000,0.0041,24.8332,0.0000,0,ChildNeutralIdle,0.2696,0.2884,0.000
61.678,street,Can,-0.0343,0.0435,23.2023,0.0000,0,ChildNeutralIdle,0.1953,0.1779,0.000
61.711,street,Deniz,0.0000,0.0041,24.8332,0.0000,0,ChildNeutralIdle,0.2695,0.2883,0.000
61.711,street,Can,-0.0343,0.0435,23.2023,0.0000,0,ChildNeutralIdle,0.1952,0.1777,0.000
61.745,street,Deniz,0.0000,0.0041,24.8332,0.0000,0,ChildNeutralIdle,0.2693,0.2882,0.000
61.745,street,Can,-0.0343,0.0435,23.2023,0.0000,0,ChildNeutralIdle,0.1951,0.1776,0.000
61.778,street,Deniz,0.0000,0.0041,24.8332,0.0000,0,ChildNeutralIdle,0.2692,0.2881,0.000
61.778,street,Can,-0.0343,0.0435,23.2023,0.0000,0,ChildNeutralIdle,0.1949,0.1774,0.000
61.817,street,Deniz,0.0000,0.0041,24.8332,0.0000,0,ChildNeutralIdle,0.2691,0.2879,0.000
61.817,street,Can,-0.0343,0.0435,23.2023,0.0000,0,ChildNeutralIdle,0.1948,0.1773,0.000
61.850,street,Deniz,0.0000,0.0041,24.8332,0.0000,0,ChildNeutralIdle,0.2689,0.2878,0.000
61.850,street,Can,-0.0343,0.0435,23.2023,0.0000,0,ChildNeutralIdle,0.1946,0.1771,0.000
61.883,street,Deniz,0.0000,0.0041,24.8332,0.0000,0,ChildNeutralIdle,0.2687,0.2877,0.000
61.883,street,Can,-0.0343,0.0435,23.2023,0.0000,0,ChildNeutralIdle,0.1944,0.1770,0.000
61.916,street,Deniz,0.0000,0.0041,24.8332,0.0000,0,ChildNeutralIdle,0.2686,0.2876,0.000
61.916,street,Can,-0.0343,0.0435,23.2023,0.0000,0,ChildNeutralIdle,0.1942,0.1768,0.000
61.949,street,Deniz,0.0000,0.0041,24.8332,0.0000,0,ChildNeutralIdle,0.2684,0.2875,0.000
61.949,street,Can,-0.0343,0.0435,23.2023,0.0000,0,ChildNeutralIdle,0.1940,0.1767,0.000
61.983,street,Deniz,0.0000,0.0041,24.8332,0.0000,0,ChildNeutralIdle,0.2683,0.2874,0.000
61.983,street,Can,-0.0343,0.0435,23.2023,0.0000,0,ChildNeutralIdle,0.1937,0.1765,0.000
62.016,street,Deniz,0.0000,0.0041,24.8332,0.0000,0,ChildNeutralIdle,0.2681,0.2873,0.000
62.016,street,Can,-0.0343,0.0435,23.2023,0.0000,0,ChildNeutralIdle,0.1934,0.1763,0.000
62.050,street,Deniz,0.0000,0.0041,24.8332,0.0000,0,ChildNeutralIdle,0.2679,0.2872,0.000
62.050,street,Can,-0.0343,0.0435,23.2023,0.0000,0,ChildNeutralIdle,0.1932,0.1762,0.000
62.083,street,Deniz,0.0000,0.0041,24.8332,0.0000,0,ChildNeutralIdle,0.2677,0.2872,0.000
62.083,street,Can,-0.0343,0.0435,23.2023,0.0000,0,ChildNeutralIdle,0.1929,0.1760,0.000
62.116,street,Deniz,0.0000,0.0041,24.8332,0.0000,0,ChildNeutralIdle,0.2676,0.2871,0.000
62.116,street,Can,-0.0343,0.0435,23.2023,0.0000,0,ChildNeutralIdle,0.1925,0.1759,0.000
62.150,street,Deniz,0.0000,0.0041,24.8332,0.0000,0,ChildNeutralIdle,0.2674,0.2870,0.000
62.150,street,Can,-0.0343,0.0435,23.2023,0.0000,0,ChildNeutralIdle,0.1922,0.1757,0.000
62.183,street,Deniz,0.0000,0.0041,24.8332,0.0000,0,ChildNeutralIdle,0.2672,0.2870,0.000
62.183,street,Can,-0.0343,0.0435,23.2023,0.0000,0,ChildNeutralIdle,0.1919,0.1756,0.000
62.218,street,Deniz,0.0000,0.0041,24.8332,0.0000,0,ChildNeutralIdle,0.2670,0.2870,0.000
62.218,street,Can,-0.0343,0.0435,23.2023,0.0000,0,ChildNeutralIdle,0.1916,0.1755,0.000
62.251,street,Deniz,0.0000,0.0041,24.8332,0.0000,0,ChildNeutralIdle,0.2668,0.2869,0.000
62.251,street,Can,-0.0331,0.0435,23.2112,0.2667,0,ChildNeutralIdle,0.1912,0.1753,0.000
62.283,street,Deniz,-0.0015,0.0041,24.8431,0.3000,0,ChildNeutralIdle,0.2667,0.2869,0.000
62.283,street,Can,-0.0308,0.0435,23.2288,0.5333,0,ChildNeutralIdle+ChildNaturalWalk,0.1891,0.1758,0.000
62.316,street,Deniz,-0.0045,0.0041,24.8629,0.6000,0,ChildNeutralIdle+ChildNaturalWalk,0.2679,0.2843,0.000
62.316,street,Can,-0.0279,0.0435,23.2553,0.7996,0,ChildNeutralIdle+ChildNaturalWalk,0.1877,0.1771,0.000
62.350,street,Deniz,-0.0089,0.0041,24.8926,0.9000,0,ChildNeutralIdle+ChildNaturalWalk,0.2722,0.2804,0.000
62.350,street,Can,-0.0253,0.0435,23.2907,1.0644,0,ChildNeutralIdle+ChildNaturalWalk,0.1896,0.1794,0.000
62.384,street,Deniz,-0.0149,0.0041,24.9321,1.2000,0,ChildNeutralIdle+ChildNaturalWalk,0.2809,0.2765,0.000
62.384,street,Can,-0.0234,0.0435,23.3349,1.3284,0,ChildNeutralIdle+ChildNaturalWalk,0.1961,0.1826,0.000
62.417,street,Deniz,-0.0223,0.0041,24.9816,1.5000,0,ChildNeutralIdle+ChildNaturalWalk,0.2937,0.2736,0.000
62.417,street,Can,-0.0223,0.0435,23.3880,1.5931,0,ChildNeutralIdle+ChildNaturalWalk,0.2069,0.1870,0.000
62.451,street,Deniz,-0.0309,0.0041,25.0392,1.7500,0,ChildNeutralIdle+ChildNaturalWalk,0.3084,0.2730,0.000
62.451,street,Can,-0.0215,0.0435,23.4430,1.6500,0,ChildNeutralIdle+ChildNaturalWalk,0.2165,0.1924,0.000
62.483,street,Deniz,-0.0396,0.0041,25.0969,1.7500,0,ChildNeutralIdle+ChildNaturalWalk,0.3095,0.2759,0.000
62.483,street,Can,-0.0206,0.0435,23.4980,1.6500,0,ChildNaturalWalk,0.2106,0.1962,0.000
62.517,street,Deniz,-0.0483,0.0041,25.1546,1.7500,0,ChildNaturalWalk,0.2853,0.2799,0.000
62.517,street,Can,-0.0209,0.0435,23.5530,1.6500,0,ChildNaturalWalk,0.2096,0.1953,0.000
62.550,street,Deniz,-0.0569,0.0041,25.2123,1.7500,0,ChildNaturalWalk,0.2801,0.2835,0.000
62.550,street,Can,-0.0213,0.0435,23.6080,1.6500,0,ChildNaturalWalk,0.2154,0.1939,0.000
62.584,street,Deniz,-0.0656,0.0041,25.2700,1.7500,0,ChildNaturalWalk,0.2866,0.2865,0.000
62.584,street,Can,-0.0217,0.0435,23.6630,1.6500,0,ChildNaturalWalk,0.2151,0.1950,0.000
62.617,street,Deniz,-0.0742,0.0041,25.3277,1.7500,0,ChildNaturalWalk,0.2840,0.2912,0.000
62.617,street,Can,-0.0220,0.0435,23.7180,1.6500,0,ChildNaturalWalk,0.2071,0.1993,0.000
62.650,street,Deniz,-0.0829,0.0041,25.3854,1.7500,0,ChildNaturalWalk,0.2709,0.2998,0.000
62.650,street,Can,-0.0224,0.0435,23.7730,1.6500,0,ChildNaturalWalk,0.1966,0.2103,0.000
62.683,street,Deniz,-0.0916,0.0041,25.4430,1.7500,0,ChildNaturalWalk,0.2615,0.3114,0.000
62.683,street,Can,-0.0242,0.0435,23.8279,1.6500,0,ChildNaturalWalk,0.1909,0.2225,0.000
62.717,street,Deniz,-0.1002,0.0041,25.5007,1.7500,0,ChildNaturalWalk,0.2608,0.3269,0.000
62.717,street,Can,-0.0260,0.0435,23.8829,1.6500,0,ChildNaturalWalk,0.1903,0.2417,0.000
62.750,street,Deniz,-0.1089,0.0041,25.5584,1.7500,0,ChildNaturalWalk,0.2636,0.3454,0.000
62.750,street,Can,-0.0279,0.0435,23.9379,1.6500,0,ChildNaturalWalk,0.1909,0.2504,0.000
62.783,street,Deniz,-0.1176,0.0041,25.6161,1.7500,0,ChildNaturalWalk,0.2667,0.3490,0.000
62.783,street,Can,-0.0297,0.0435,23.9928,1.6500,0,ChildNaturalWalk,0.1928,0.2445,0.000
62.817,street,Deniz,-0.1262,0.0041,25.6738,1.7500,0,ChildNaturalWalk,0.2710,0.3392,0.000
62.817,street,Can,-0.0315,0.0435,24.0478,1.6500,0,ChildNaturalWalk,0.1945,0.2356,0.000
62.851,street,Deniz,-0.1349,0.0041,25.7315,1.7500,0,ChildNaturalWalk,0.2761,0.3266,0.000
62.851,street,Can,-0.0345,0.0435,24.1027,1.6500,0,ChildNaturalWalk,0.1961,0.2263,0.000
62.883,street,Deniz,-0.1435,0.0041,25.7892,1.7500,0,ChildNaturalWalk,0.2810,0.3105,0.000
62.883,street,Can,-0.0375,0.0435,24.1577,1.6500,0,ChildNaturalWalk,0.1976,0.2204,0.000
62.917,street,Deniz,-0.1522,0.0041,25.8468,1.7500,0,ChildNaturalWalk,0.2870,0.2963,0.000
62.917,street,Can,-0.0405,0.0435,24.2126,1.6500,0,ChildNaturalWalk,0.2001,0.2179,0.000
62.951,street,Deniz,-0.1609,0.0041,25.9045,1.7500,0,ChildNaturalWalk,0.2937,0.2857,0.000
62.951,street,Can,-0.0435,0.0435,24.2675,1.6500,0,ChildNaturalWalk,0.2069,0.2078,0.000
62.983,street,Deniz,-0.1695,0.0041,25.9622,1.7500,0,ChildNaturalWalk,0.3012,0.2747,0.000
62.983,street,Can,-0.0466,0.0435,24.3224,1.6500,0,ChildNaturalWalk,0.2154,0.2021,0.000
63.017,street,Deniz,-0.1782,0.0041,26.0199,1.7500,0,ChildNaturalWalk,0.3111,0.2660,0.000
63.017,street,Can,-0.0505,0.0435,24.3773,1.6500,0,ChildNaturalWalk,0.2189,0.1969,0.000
63.050,street,Deniz,-0.1869,0.0112,26.0776,1.7631,0,ChildNaturalWalk,0.3280,0.2703,0.000
63.050,street,Can,-0.0545,0.0435,24.4321,1.6500,0,ChildNaturalWalk,0.2304,0.1928,0.000
63.084,street,Deniz,-0.1955,0.0194,26.1353,1.7671,0,ChildNaturalWalk,0.3531,0.2781,0.000
63.084,street,Can,-0.0584,0.0435,24.4870,1.6500,0,ChildNaturalWalk,0.2460,0.1915,0.000
63.117,street,Deniz,-0.2042,0.0276,26.1930,1.7671,0,ChildNaturalWalk,0.3732,0.2883,0.000
63.117,street,Can,-0.0624,0.0435,24.5418,1.6500,0,ChildNaturalWalk,0.2464,0.1932,0.000
63.150,street,Deniz,-0.2128,0.0358,26.2506,1.7671,0,ChildNaturalWalk,0.3760,0.3008,0.000
63.150,street,Can,-0.0663,0.0435,24.5967,1.6500,0,ChildNaturalWalk,0.2329,0.1949,0.000
63.183,street,Deniz,-0.2215,0.0439,26.3083,1.7671,0,ChildNaturalWalk,0.3615,0.3136,0.000
63.183,street,Can,-0.0711,0.0435,24.6515,1.6498,0,ChildNaturalWalk,0.2156,0.1960,0.000
63.218,street,Deniz,-0.2302,0.0521,26.3660,1.7671,0,ChildNaturalWalk,0.3432,0.3266,0.000
63.218,street,Can,-0.0758,0.0435,24.7063,1.6498,0,ChildNaturalWalk,0.2077,0.1959,0.000
63.251,street,Deniz,-0.2388,0.0603,26.4237,1.7671,0,ChildNaturalWalk,0.3354,0.3384,0.000
63.251,street,Can,-0.0805,0.0435,24.7611,1.6498,0,ChildNaturalWalk,0.2133,0.1943,0.000
63.282,street,Deniz,-0.2475,0.0685,26.4814,1.7671,0,ChildNaturalWalk,0.3489,0.3499,0.000
63.282,street,Can,-0.0852,0.0435,24.8159,1.6498,0,ChildNaturalWalk,0.2177,0.1939,0.000
63.317,street,Deniz,-0.2562,0.0767,26.5391,1.7672,0,ChildNaturalWalk,0.3596,0.3616,0.000
63.317,street,Can,-0.0900,0.0435,24.8706,1.6498,0,ChildNaturalWalk,0.2104,0.1973,0.000
63.350,street,Deniz,-0.2648,0.0925,26.5968,1.8131,0,ChildNaturalWalk,0.3642,0.3846,0.000
63.350,street,Can,-0.0953,0.0435,24.9253,1.6488,0,ChildNaturalWalk,0.1993,0.2068,0.000
63.383,street,Deniz,-0.2735,0.1083,26.6545,1.8131,0,ChildNaturalWalk,0.3684,0.4110,0.000
63.383,street,Can,-0.1007,0.0435,24.9800,1.6487,0,ChildNaturalWalk,0.1922,0.2173,0.000
63.417,street,Deniz,-0.2821,0.1241,26.7121,1.8131,0,ChildNaturalWalk,0.3800,0.4404,0.000
63.417,street,Can,-0.1060,0.0435,25.0347,1.6486,0,ChildNaturalWalk,0.1902,0.2348,0.000
63.450,street,Deniz,-0.2908,0.1399,26.7698,1.8131,0,ChildNaturalWalk,0.3984,0.4754,0.000
63.450,street,Can,-0.1114,0.0435,25.0894,1.6485,0,ChildNaturalWalk,0.1903,0.2497,0.000
63.483,street,Deniz,-0.2995,0.1428,26.8275,1.7521,0,ChildNaturalWalk,0.4040,0.4881,0.000
63.483,street,Can,-0.1167,0.0435,25.1441,1.6484,0,ChildNaturalWalk,0.1920,0.2473,0.000
63.517,street,Deniz,-0.3081,0.1434,26.8852,1.7500,0,ChildNaturalWalk,0.4085,0.4832,0.000
63.517,street,Can,-0.1225,0.0435,25.1986,1.6447,0,ChildNaturalWalk,0.1940,0.2394,0.000
63.550,street,Deniz,-0.3168,0.1439,26.9429,1.7500,0,ChildNaturalWalk,0.4138,0.4715,0.000
63.550,street,Can,-0.1284,0.0435,25.2531,1.6443,0,ChildNaturalWalk,0.1954,0.2293,0.000
63.584,street,Deniz,-0.3255,0.1444,27.0006,1.7500,0,ChildNaturalWalk,0.4194,0.4574,0.000
63.584,street,Can,-0.1342,0.0435,25.3076,1.6439,0,ChildNaturalWalk,0.1971,0.2227,0.000
63.618,street,Deniz,-0.3341,0.1449,27.0582,1.7500,0,ChildNaturalWalk,0.4255,0.4419,0.000
63.618,street,Can,-0.1400,0.0435,25.3621,1.6435,0,ChildNaturalWalk,0.1989,0.2190,0.000
63.652,street,Deniz,-0.3428,0.1454,27.1159,1.7500,0,ChildNaturalWalk,0.4328,0.4297,0.000
63.652,street,Can,-0.1459,0.0435,25.4165,1.6430,0,ChildNaturalWalk,0.2036,0.2114,0.000
63.685,street,Deniz,-0.3514,0.1459,27.1736,1.7500,0,ChildNaturalWalk,0.4399,0.4204,0.000
63.685,street,Can,-0.1521,0.0435,25.4710,1.6444,0,ChildNaturalWalk,0.2122,0.2039,0.000
63.717,street,Deniz,-0.3601,0.1464,27.2313,1.7500,0,ChildNaturalWalk,0.4503,0.4110,0.000
63.717,street,Can,-0.1583,0.0435,25.5254,1.6441,0,ChildNaturalWalk,0.2178,0.1987,0.000
63.750,street,Deniz,-0.3688,0.1470,27.2890,1.7500,0,ChildNaturalWalk,0.4580,0.4065,0.000
63.750,street,Can,-0.1646,0.0435,25.5799,1.6436,0,ChildNaturalWalk,0.2233,0.1944,0.000
63.783,street,Deniz,-0.3774,0.1475,27.3467,1.7500,0,ChildNaturalWalk,0.4742,0.4061,0.000
63.783,street,Can,-0.1708,0.0435,25.6343,1.6431,0,ChildNaturalWalk,0.2413,0.1917,0.000
63.818,street,Deniz,-0.3861,0.1480,27.4043,1.7500,0,ChildNaturalWalk,0.4915,0.4077,0.000
63.818,street,Can,-0.1771,0.0435,25.6887,1.6427,0,ChildNaturalWalk,0.2489,0.1925,0.000
63.852,street,Deniz,-0.3947,0.1485,27.4620,1.7500,0,ChildNaturalWalk,0.4925,0.4118,0.000
63.852,street,Can,-0.1836,0.0435,25.7431,1.6443,0,ChildNaturalWalk,0.2387,0.1942,0.000
63.884,street,Deniz,-0.4034,0.1490,27.5197,1.7499,0,ChildNaturalWalk,0.4771,0.4171,0.000
63.884,street,Can,-0.1902,0.0435,25.7975,1.6440,0,ChildNaturalWalk,0.2224,0.1960,0.000
63.917,street,Deniz,-0.4121,0.1496,27.5774,1.7499,0,ChildNaturalWalk,0.4501,0.4222,0.000
63.917,street,Can,-0.1968,0.0435,25.8519,1.6435,0,ChildNaturalWalk,0.2081,0.1961,0.000
63.950,street,Deniz,-0.4207,0.1501,27.6351,1.7499,0,ChildNaturalWalk,0.4274,0.4269,0.000
63.950,street,Can,-0.2033,0.0435,25.9063,1.6431,0,ChildNaturalWalk,0.2122,0.1948,0.000
63.984,street,Deniz,-0.4294,0.1507,27.6928,1.7499,0,ChildNaturalWalk,0.4280,0.4308,0.000
63.984,street,Can,-0.2099,0.0435,25.9606,1.6426,0,ChildNaturalWalk,0.2160,0.1938,0.000
64.017,street,Deniz,-0.4381,0.1512,27.7504,1.7499,0,ChildNaturalWalk,0.4351,0.4344,0.000
64.017,street,Can,-0.2168,0.0435,26.0150,1.6443,0,ChildNaturalWalk,0.2139,0.1955,0.000
64.050,street,Deniz,-0.4467,0.1518,27.8081,1.7499,0,ChildNaturalWalk,0.4288,0.4406,0.000
64.050,street,Can,-0.2236,0.0435,26.0694,1.6438,0,ChildNaturalWalk,0.2040,0.2020,0.000
64.083,street,Deniz,-0.4554,0.1523,27.8658,1.7499,0,ChildNaturalWalk,0.4161,0.4508,0.000
64.083,street,Can,-0.2304,0.0475,26.1237,1.6477,0,ChildNaturalWalk,0.1987,0.2168,0.000
64.117,street,Deniz,-0.4640,0.1529,27.9235,1.7499,0,ChildNaturalWalk,0.4089,0.4635,0.000
64.117,street,Can,-0.2373,0.0555,26.1781,1.6606,0,ChildNaturalWalk,0.2026,0.2388,0.000
64.150,street,Deniz,-0.4727,0.1534,27.9812,1.7499,0,ChildNaturalWalk,0.4107,0.4811,0.000
64.150,street,Can,-0.2441,0.0636,26.2324,1.6605,0,ChildNaturalWalk,0.2105,0.2659,0.000
64.183,street,Deniz,-0.4814,0.1540,28.0389,1.7499,0,ChildNaturalWalk,0.4144,0.4995,0.000
64.183,street,Can,-0.2512,0.0716,26.2868,1.6625,0,ChildNaturalWalk,0.2195,0.2780,0.000
64.217,street,Deniz,-0.4900,0.1545,28.0965,1.7499,0,ChildNaturalWalk,0.4180,0.4972,0.000
64.217,street,Can,-0.2583,0.0796,26.3412,1.6627,0,ChildNaturalWalk,0.2293,0.2785,0.000
64.250,street,Deniz,-0.4987,0.1551,28.1542,1.7499,0,ChildNaturalWalk,0.4233,0.4880,0.000
64.250,street,Can,-0.2653,0.0876,26.3956,1.6630,0,ChildNaturalWalk,0.2390,0.2775,0.000
64.283,street,Deniz,-0.5074,0.1556,28.2119,1.7499,0,ChildNaturalWalk,0.4287,0.4738,0.000
64.283,street,Can,-0.2724,0.0956,26.4500,1.6633,0,ChildNaturalWalk,0.2485,0.2763,0.000
64.317,street,Deniz,-0.5160,0.1562,28.2696,1.7499,0,ChildNaturalWalk,0.4346,0.4594,0.000
64.317,street,Can,-0.2795,0.1036,26.5044,1.6636,0,ChildNaturalWalk,0.2582,0.2808,0.000
64.350,street,Deniz,-0.5247,0.1567,28.3273,1.7499,0,ChildNaturalWalk,0.4413,0.4456,0.000
64.350,street,Can,-0.2867,0.1125,26.5588,1.6687,0,ChildNaturalWalk,0.2703,0.2851,0.000
64.384,street,Deniz,-0.5333,0.1573,28.3849,1.7499,0,ChildNaturalWalk,0.4483,0.4368,0.000
64.384,street,Can,-0.2940,0.1277,26.6132,1.7097,0,ChildNaturalWalk,0.2930,0.2902,0.000
64.417,street,Deniz,-0.5420,0.1578,28.4426,1.7499,0,ChildNaturalWalk,0.4574,0.4261,0.000
64.417,street,Can,-0.3013,0.1429,26.6677,1.7100,0,ChildNaturalWalk,0.3158,0.3003,0.000
64.450,street,Deniz,-0.5507,0.1584,28.5003,1.7499,0,ChildNaturalWalk,0.4670,0.4192,0.000
64.450,street,Can,-0.3085,0.1581,26.7222,1.7107,0,ChildNaturalWalk,0.3345,0.3106,0.000
64.484,street,Deniz,-0.5593,0.1589,28.5580,1.7499,0,ChildNaturalWalk,0.4789,0.4179,0.000
64.484,street,Can,-0.3158,0.1734,26.7766,1.7112,0,ChildNaturalWalk,0.3644,0.3221,0.000
64.517,street,Deniz,-0.5680,0.1595,28.6157,1.7499,0,ChildNaturalWalk,0.4968,0.4186,0.000
64.517,street,Can,-0.3232,0.1838,26.8311,1.6791,0,ChildNaturalWalk,0.3882,0.3319,0.000
64.550,street,Deniz,-0.5766,0.1600,28.6734,1.7499,0,ChildNaturalWalk,0.5075,0.4218,0.000
64.550,street,Can,-0.3307,0.1842,26.8856,1.6499,0,ChildNaturalWalk,0.3852,0.3344,0.000
64.583,street,Deniz,-0.5853,0.1606,28.7310,1.7499,0,ChildNaturalWalk,0.4957,0.4266,0.000
64.583,street,Can,-0.3381,0.1847,26.9401,1.6500,0,ChildNaturalWalk,0.3696,0.3365,0.000
64.617,street,Deniz,-0.5940,0.1611,28.7887,1.7499,0,ChildNaturalWalk,0.4729,0.4321,0.000
64.617,street,Can,-0.3455,0.1851,26.9946,1.6500,0,ChildNaturalWalk,0.3545,0.3379,0.000
64.650,street,Deniz,-0.6026,0.1617,28.8464,1.7499,0,ChildNaturalWalk,0.4460,0.4371,0.000
64.650,street,Can,-0.3529,0.1856,27.0491,1.6500,0,ChildNaturalWalk,0.3507,0.3375,0.000
64.684,street,Deniz,-0.6113,0.1622,28.9041,1.7499,0,ChildNaturalWalk,0.4374,0.4412,0.000
64.684,street,Can,-0.3605,0.1860,27.1036,1.6500,0,ChildNaturalWalk,0.3572,0.3365,0.000
64.716,street,Deniz,-0.6200,0.1628,28.9618,1.7499,0,ChildNaturalWalk,0.4447,0.4449,0.000
64.716,street,Can,-0.3680,0.1864,27.1581,1.6500,0,ChildNaturalWalk,0.3589,0.3375,0.000
64.750,street,Deniz,-0.6286,0.1633,29.0194,1.7499,0,ChildNaturalWalk,0.4442,0.4497,0.000
64.750,street,Can,-0.3756,0.1869,27.2125,1.6500,0,ChildNaturalWalk,0.3516,0.3419,0.000
64.784,street,Deniz,-0.6373,0.1639,29.0771,1.7499,0,ChildNaturalWalk,0.4326,0.4581,0.000
64.784,street,Can,-0.3831,0.1873,27.2670,1.6500,0,ChildNaturalWalk,0.3413,0.3529,0.000
64.817,street,Deniz,-0.6459,0.1599,29.1348,1.7538,0,ChildNaturalWalk,0.4185,0.4654,0.000
64.817,street,Can,-0.3907,0.1878,27.3215,1.6500,0,ChildNaturalWalk,0.3355,0.3648,0.000
64.850,street,Deniz,-0.6546,0.1495,29.1925,1.7774,0,ChildNaturalWalk,0.4062,0.4699,0.000
64.850,street,Can,-0.3983,0.1882,27.3760,1.6500,0,ChildNaturalWalk,0.3350,0.3842,0.000
64.884,street,Deniz,-0.6633,0.1392,29.2502,1.7774,0,ChildNaturalWalk,0.3983,0.4782,0.000
64.884,street,Can,-0.4060,0.1887,27.4304,1.6500,0,ChildNaturalWalk,0.3358,0.3952,0.000
64.917,street,Deniz,-0.6719,0.1288,29.3078,1.7774,0,ChildNaturalWalk,0.3909,0.4744,0.000
64.917,street,Can,-0.4136,0.1891,27.4849,1.6500,0,ChildNaturalWalk,0.3382,0.3915,0.000
64.951,street,Deniz,-0.6806,0.1184,29.3655,1.7774,0,ChildNaturalWalk,0.3846,0.4551,0.000
64.951,street,Can,-0.4213,0.1896,27.5393,1.6500,0,ChildNaturalWalk,0.3403,0.3829,0.000
64.983,street,Deniz,-0.6892,0.1080,29.4232,1.7774,0,ChildNaturalWalk,0.3792,0.4326,0.000
64.983,street,Can,-0.4289,0.1901,27.5938,1.6500,0,ChildNaturalWalk,0.3425,0.3742,0.000
65.017,street,Deniz,-0.6979,0.0976,29.4809,1.7775,0,ChildNaturalWalk,0.3738,0.4064,0.000
65.017,street,Can,-0.4367,0.1906,27.6483,1.6498,0,ChildNaturalWalk,0.3444,0.3679,0.000
65.051,street,Deniz,-0.7066,0.0872,29.5386,1.7775,0,ChildNaturalWalk,0.3692,0.3807,0.000
65.051,street,Can,-0.4444,0.1910,27.7027,1.6498,0,ChildNaturalWalk,0.3471,0.3659,0.000
65.083,street,Deniz,-0.7152,0.0805,29.5963,1.7612,0,ChildNaturalWalk,0.3695,0.3629,0.000
65.083,street,Can,-0.4521,0.1915,27.7571,1.6498,0,ChildNaturalWalk,0.3537,0.3570,0.000
65.124,street,Deniz,-0.7239,0.0794,29.6539,1.7503,0,ChildNaturalWalk,0.3755,0.3514,0.000
65.124,street,Can,-0.4599,0.1920,27.8116,1.6498,0,ChildNaturalWalk,0.3628,0.3513,0.000
65.156,street,Deniz,-0.7326,0.0783,29.7116,1.7503,0,ChildNaturalWalk,0.3845,0.3407,0.000
65.156,street,Can,-0.4676,0.1925,27.8660,1.6497,0,ChildNaturalWalk,0.3673,0.3465,0.000
65.191,street,Deniz,-0.7412,0.0771,29.7693,1.7503,0,ChildNaturalWalk,0.3916,0.3363,0.000
65.191,street,Can,-0.4754,0.1930,27.9204,1.6488,0,ChildNaturalWalk,0.3772,0.3429,0.000
65.222,street,Deniz,-0.7499,0.0760,29.8270,1.7503,0,ChildNaturalWalk,0.4077,0.3346,0.000
65.222,street,Can,-0.4832,0.1935,27.9748,1.6487,0,ChildNaturalWalk,0.3951,0.3415,0.000
65.256,street,Deniz,-0.7585,0.0748,29.8847,1.7503,0,ChildNaturalWalk,0.4195,0.3351,0.000
65.256,street,Can,-0.4910,0.1940,28.0292,1.6486,0,ChildNaturalWalk,0.3977,0.3434,0.000
65.289,street,Deniz,-0.7672,0.0737,29.9424,1.7503,0,ChildNaturalWalk,0.4157,0.3381,0.000
65.289,street,Can,-0.4988,0.1945,28.0836,1.6484,0,ChildNaturalWalk,0.3868,0.3458,0.000
65.323,street,Deniz,-0.7759,0.0726,30.0001,1.7503,0,ChildNaturalWalk,0.3939,0.3416,0.000
65.323,street,Can,-0.5066,0.1950,28.1380,1.6483,0,ChildNaturalWalk,0.3692,0.3474,0.000
65.356,street,Deniz,-0.7845,0.0714,30.0577,1.7503,0,ChildNaturalWalk,0.3655,0.3452,0.000
65.356,street,Can,-0.5144,0.1955,28.1924,1.6485,0,ChildNaturalWalk,0.3594,0.3481,0.000
65.390,street,Deniz,-0.7932,0.0703,30.1154,1.7503,0,ChildNaturalWalk,0.3458,0.3479,0.000
65.390,street,Can,-0.5223,0.1960,28.2468,1.6484,0,ChildNaturalWalk,0.3652,0.3470,0.000
65.423,street,Deniz,-0.8019,0.0691,30.1731,1.7503,0,ChildNaturalWalk,0.3482,0.3500,0.000
65.423,street,Can,-0.5301,0.1965,28.3011,1.6483,0,ChildNaturalWalk,0.3700,0.3468,0.000
65.456,street,Deniz,-0.8105,0.0680,30.2308,1.7503,0,ChildNaturalWalk,0.3522,0.3521,0.000
65.456,street,Can,-0.5380,0.1970,28.3555,1.6481,0,ChildNaturalWalk,0.3652,0.3501,0.000
65.489,street,Deniz,-0.8192,0.0669,30.2885,1.7503,0,ChildNaturalWalk,0.3405,0.3578,0.000
65.489,street,Can,-0.5458,0.1975,28.4099,1.6480,0,ChildNaturalWalk,0.3550,0.3590,0.000
65.523,street,Deniz,-0.8278,0.0657,30.3462,1.7503,0,ChildNaturalWalk,0.3265,0.3671,0.000
65.523,street,Can,-0.5537,0.1980,28.4642,1.6482,0,ChildNaturalWalk,0.3474,0.3701,0.000
65.556,street,Deniz,-0.8365,0.0646,30.4039,1.7503,0,ChildNaturalWalk,0.3203,0.3786,0.000
65.556,street,Can,-0.5616,0.1985,28.5186,1.6481,0,ChildNaturalWalk,0.3453,0.3868,0.000
65.590,street,Deniz,-0.8452,0.0634,30.4615,1.7503,0,ChildNaturalWalk,0.3216,0.3965,0.000
65.590,street,Can,-0.5695,0.1990,28.5730,1.6479,0,ChildNaturalWalk,0.3460,0.4051,0.000
65.623,street,Deniz,-0.8538,0.0623,30.5192,1.7503,0,ChildNaturalWalk,0.3229,0.4075,0.000
65.623,street,Can,-0.5774,0.1995,28.6273,1.6478,0,ChildNaturalWalk,0.3478,0.4042,0.000
65.657,street,Deniz,-0.8625,0.0612,30.5769,1.7503,0,ChildNaturalWalk,0.3256,0.4019,0.000
65.657,street,Can,-0.5853,0.2000,28.6817,1.6476,0,ChildNaturalWalk,0.3503,0.3974,0.000
65.689,street,Deniz,-0.8711,0.0600,30.6346,1.7503,0,ChildNaturalWalk,0.3294,0.3896,0.000
65.689,street,Can,-0.5933,0.2005,28.7360,1.6479,0,ChildNaturalWalk,0.3522,0.3875,0.000
65.723,street,Deniz,-0.8798,0.0589,30.6923,1.7503,0,ChildNaturalWalk,0.3331,0.3736,0.000
65.723,street,Can,-0.6012,0.2010,28.7904,1.6478,0,ChildNaturalWalk,0.3543,0.3807,0.000
65.756,street,Deniz,-0.8885,0.0577,30.7500,1.7503,0,ChildNaturalWalk,0.3375,0.3573,0.000
65.756,street,Can,-0.6092,0.2015,28.8447,1.6476,0,ChildNaturalWalk,0.3566,0.3775,0.000
65.791,street,Deniz,-0.8971,0.0566,30.8077,1.7503,0,ChildNaturalWalk,0.3429,0.3424,0.000
65.791,street,Can,-0.6171,0.2020,28.8990,1.6474,0,ChildNaturalWalk,0.3613,0.3721,0.000
65.826,street,Deniz,-0.9058,0.0555,30.8653,1.7503,0,ChildNaturalWalk,0.3481,0.3315,0.000
65.826,street,Can,-0.6250,0.2025,28.9534,1.6472,0,ChildNaturalWalk,0.3700,0.3637,0.000
65.859,street,Deniz,-0.9145,0.0543,30.9230,1.7503,0,ChildNaturalWalk,0.3567,0.3202,0.000
65.859,street,Can,-0.6330,0.2030,29.0077,1.6476,0,ChildNaturalWalk,0.3769,0.3590,0.000
65.891,street,Deniz,-0.9231,0.0532,30.9807,1.7503,0,ChildNaturalWalk,0.3633,0.3130,0.000
65.891,street,Can,-0.6410,0.2035,29.0620,1.6474,0,ChildNaturalWalk,0.3809,0.3551,0.000
65.922,street,Deniz,-0.9318,0.0520,31.0384,1.7503,0,ChildNaturalWalk,0.3761,0.3108,0.000
65.922,street,Can,-0.6490,0.2021,29.1163,1.6477,0,ChildNaturalWalk,0.3973,0.3505,0.000
65.957,street,Deniz,-0.9404,0.0509,31.0961,1.7503,0,ChildNaturalWalk,0.3925,0.3104,0.000
65.957,street,Can,-0.6569,0.1923,29.1707,1.6728,0,ChildNaturalWalk,0.3988,0.3412,0.000
65.989,street,Deniz,-0.9491,0.0498,31.1538,1.7503,0,ChildNaturalWalk,0.3951,0.3124,0.000
65.989,street,Can,-0.6649,0.1826,29.2250,1.6727,0,ChildNaturalWalk,0.3797,0.3330,0.000
66.024,street,Deniz,-0.9578,0.0486,31.2115,1.7503,0,ChildNaturalWalk,0.3791,0.3159,0.000
66.024,street,Can,-0.6729,0.1728,29.2793,1.6736,0,ChildNaturalWalk,0.3541,0.3251,0.000
66.057,street,Deniz,-0.9664,0.0475,31.2691,1.7503,0,ChildNaturalWalk,0.3522,0.3196,0.000
66.057,street,Can,-0.6809,0.1630,29.3337,1.6739,0,ChildNaturalWalk,0.3288,0.3156,0.000
66.090,street,Deniz,-0.9751,0.0463,31.3268,1.7503,0,ChildNaturalWalk,0.3256,0.3226,0.000
66.090,street,Can,-0.6889,0.1532,29.3880,1.6742,0,ChildNaturalWalk,0.3201,0.3048,0.000
66.124,street,Deniz,-0.9838,0.0452,31.3845,1.7503,0,ChildNaturalWalk,0.3218,0.3249,0.000
66.124,street,Can,-0.6969,0.1435,29.4424,1.6745,0,ChildNaturalWalk,0.3156,0.2938,0.000
66.156,street,Deniz,-0.9924,0.0441,31.4422,1.7503,0,ChildNaturalWalk,0.3271,0.3268,0.000
66.156,street,Can,-0.7049,0.1337,29.4968,1.6748,0,ChildNaturalWalk,0.3047,0.2854,0.000
66.190,street,Deniz,-1.0011,0.0429,31.4999,1.7503,0,ChildNaturalWalk,0.3221,0.3305,0.000
66.190,street,Can,-0.7130,0.1239,29.5512,1.6752,0,ChildNaturalWalk,0.2861,0.2808,0.000
66.224,street,Deniz,-1.0097,0.0418,31.5576,1.7503,0,ChildNaturalWalk,0.3073,0.3387,0.000
66.224,street,Can,-0.7210,0.1196,29.6055,1.6545,0,ChildNaturalWalk,0.2719,0.2874,0.000
66.256,street,Deniz,-1.0184,0.0406,31.6153,1.7503,0,ChildNaturalWalk,0.2973,0.3495,0.000
66.256,street,Can,-0.7290,0.1185,29.6599,1.6499,0,ChildNaturalWalk,0.2658,0.2991,0.000
66.289,street,Deniz,-1.0271,0.0395,31.6730,1.7503,0,ChildNaturalWalk,0.2965,0.3644,0.000
66.289,street,Can,-0.7371,0.1175,29.7143,1.6500,0,ChildNaturalWalk,0.2643,0.3173,0.000
66.323,street,Deniz,-1.0357,0.0384,31.7306,1.7503,0,ChildNaturalWalk,0.2983,0.3815,0.000
66.323,street,Can,-0.7451,0.1164,29.7687,1.6500,0,ChildNaturalWalk,0.2641,0.3236,0.000
66.356,street,Deniz,-1.0444,0.0372,31.7883,1.7503,0,ChildNaturalWalk,0.3002,0.3811,0.000
66.356,street,Can,-0.7531,0.1153,29.8231,1.6500,0,ChildNaturalWalk,0.2647,0.3154,0.000
66.390,street,Deniz,-1.0531,0.0361,31.8460,1.7503,0,ChildNaturalWalk,0.3036,0.3702,0.000
66.390,street,Can,-0.7612,0.1142,29.8775,1.6500,0,ChildNaturalWalk,0.2655,0.3055,0.000
66.423,street,Deniz,-1.0617,0.0349,31.9037,1.7503,0,ChildNaturalWalk,0.3074,0.3556,0.000
66.423,street,Can,-0.7693,0.1132,29.9319,1.6500,0,ChildNaturalWalk,0.2659,0.2949,0.000
66.457,street,Deniz,-1.0704,0.0338,31.9614,1.7503,0,ChildNaturalWalk,0.3114,0.3388,0.000
66.457,street,Can,-0.7773,0.1121,29.9863,1.6500,0,ChildNaturalWalk,0.2664,0.2890,0.000
66.490,street,Deniz,-1.0790,0.0327,32.0191,1.7504,0,ChildNaturalWalk,0.3163,0.3237,0.000
66.490,street,Can,-0.7854,0.1110,30.0407,1.6500,0,ChildNaturalWalk,0.2681,0.2847,0.000
66.523,street,Deniz,-1.0877,0.0315,32.0768,1.7503,0,ChildNaturalWalk,0.3217,0.3124,0.000
66.523,street,Can,-0.7934,0.1100,30.0951,1.6500,0,ChildNaturalWalk,0.2742,0.2735,0.000
66.557,street,Deniz,-1.0964,0.0304,32.1344,1.7503,0,ChildNaturalWalk,0.3283,0.3001,0.000
66.557,street,Can,-0.8015,0.1089,30.1495,1.6500,0,ChildNaturalWalk,0.2813,0.2671,0.000
66.590,street,Deniz,-1.1050,0.0292,32.1921,1.7503,0,ChildNaturalWalk,0.3370,0.2907,0.000
66.590,street,Can,-0.8096,0.1078,30.2039,1.6500,0,ChildNaturalWalk,0.2837,0.2608,0.000
66.623,street,Deniz,-1.1137,0.0281,32.2498,1.7503,0,ChildNaturalWalk,0.3464,0.2871,0.000
66.623,street,Can,-0.8177,0.1068,30.2583,1.6500,0,ChildNaturalWalk,0.2957,0.2557,0.000
66.656,street,Deniz,-1.1224,0.0270,32.3075,1.7503,0,ChildNaturalWalk,0.3621,0.2858,0.000
66.656,street,Can,-0.8257,0.1057,30.3127,1.6500,0,ChildNaturalWalk,0.3089,0.2537,0.000
66.690,street,Deniz,-1.1310,0.0279,32.3652,1.7502,0,ChildNaturalWalk,0.3743,0.2890,0.000
66.690,street,Can,-0.8338,0.1046,30.3671,1.6500,0,ChildNaturalWalk,0.3070,0.2545,0.000
66.723,street,Deniz,-1.1397,0.0295,32.4229,1.7506,0,ChildNaturalWalk,0.3675,0.2950,0.000
66.723,street,Can,-0.8419,0.1035,30.4215,1.6500,0,ChildNaturalWalk,0.2909,0.2551,0.000
66.758,street,Deniz,-1.1483,0.0311,32.4806,1.7506,0,ChildNaturalWalk,0.3461,0.3013,0.000
66.758,street,Can,-0.8500,0.1025,30.4759,1.6500,0,ChildNaturalWalk,0.2732,0.2551,0.000
66.790,street,Deniz,-1.1570,0.0327,32.5382,1.7506,0,ChildNaturalWalk,0.3208,0.3076,0.000
66.790,street,Can,-0.8581,0.1014,30.5303,1.6500,0,ChildNaturalWalk,0.2659,0.2536,0.000
66.823,street,Deniz,-1.1657,0.0343,32.5959,1.7506,0,ChildNaturalWalk,0.3093,0.3127,0.000
66.823,street,Can,-0.8662,0.1003,30.5846,1.6500,0,ChildNaturalWalk,0.2706,0.2510,0.000
66.859,street,Deniz,-1.1743,0.0359,32.6536,1.7506,0,ChildNaturalWalk,0.3173,0.3176,0.000
66.859,street,Can,-0.8743,0.0993,30.6390,1.6502,0,ChildNaturalWalk,0.2727,0.2499,0.000
66.890,street,Deniz,-1.1830,0.0374,32.7113,1.7506,0,ChildNaturalWalk,0.3194,0.3231,0.000
66.890,street,Can,-0.8823,0.0982,30.6934,1.6502,0,ChildNaturalWalk,0.2641,0.2525,0.000
66.923,street,Deniz,-1.1917,0.0390,32.7690,1.7506,0,ChildNaturalWalk,0.3095,0.3319,0.000
66.923,street,Can,-0.8904,0.0971,30.7478,1.6502,0,ChildNaturalWalk,0.2519,0.2615,0.000
66.957,street,Deniz,-1.2003,0.0406,32.8267,1.7506,0,ChildNaturalWalk,0.3001,0.3444,0.000
66.957,street,Can,-0.8985,0.0960,30.8022,1.6502,0,ChildNaturalWalk,0.2442,0.2712,0.000
66.990,street,Deniz,-1.2090,0.0422,32.8844,1.7506,0,ChildNaturalWalk,0.2983,0.3603,0.000
66.990,street,Can,-0.9066,0.0950,30.8566,1.6502,0,ChildNaturalWalk,0.2417,0.2887,0.000
67.025,street,Deniz,-1.2176,0.0438,32.9420,1.7506,0,ChildNaturalWalk,0.3026,0.3807,0.000
67.025,street,Can,-0.9148,0.0939,30.9110,1.6503,0,ChildNaturalWalk,0.2407,0.3002,0.000
67.057,street,Deniz,-1.2263,0.0454,32.9997,1.7506,0,ChildNaturalWalk,0.3069,0.3907,0.000
67.057,street,Can,-0.9229,0.0928,30.9654,1.6503,0,ChildNaturalWalk,0.2416,0.2961,0.000
67.091,street,Deniz,-1.2350,0.0470,33.0574,1.7506,0,ChildNaturalWalk,0.3125,0.3854,0.000
67.091,street,Can,-0.9310,0.0918,31.0198,1.6503,0,ChildNaturalWalk,0.2423,0.2865,0.000
67.123,street,Deniz,-1.2436,0.0485,33.1151,1.7506,0,ChildNaturalWalk,0.3190,0.3748,0.000
67.123,street,Can,-0.9391,0.0907,31.0742,1.6503,0,ChildNaturalWalk,0.2428,0.2757,0.000
67.157,street,Deniz,-1.2523,0.0501,33.1728,1.7506,0,ChildNaturalWalk,0.3257,0.3616,0.000
67.157,street,Can,-0.9472,0.0896,31.1286,1.6503,0,ChildNaturalWalk,0.2433,0.2678,0.000
67.190,street,Deniz,-1.2609,0.0517,33.2305,1.7506,0,ChildNaturalWalk,0.3329,0.3471,0.000
67.190,street,Can,-0.9553,0.0885,31.1830,1.6503,0,ChildNaturalWalk,0.2442,0.2637,0.000
67.223,street,Deniz,-1.2696,0.0533,33.2882,1.7506,0,ChildNaturalWalk,0.3415,0.3365,0.000
67.223,street,Can,-0.9634,0.0875,31.2374,1.6503,0,ChildNaturalWalk,0.2485,0.2541,0.000
67.257,street,Deniz,-1.2783,0.0549,33.3458,1.7506,0,ChildNaturalWalk,0.3497,0.3283,0.000
67.257,street,Can,-0.9715,0.0864,31.2918,1.6503,0,ChildNaturalWalk,0.2560,0.2463,0.000
67.289,street,Deniz,-1.2869,0.0565,33.4035,1.7506,0,ChildNaturalWalk,0.3614,0.3200,0.000
67.289,street,Can,-0.9797,0.0853,31.3462,1.6503,0,ChildNaturalWalk,0.2600,0.2399,0.000
67.323,street,Deniz,-1.2956,0.0580,33.4612,1.7506,0,ChildNaturalWalk,0.3703,0.3174,0.000
67.323,street,Can,-0.9878,0.0843,31.4006,1.6503,0,ChildNaturalWalk,0.2658,0.2347,0.000
67.356,street,Deniz,-1.3043,0.0596,33.5189,1.7506,0,ChildNaturalWalk,0.3885,0.3182,0.000
67.356,street,Can,-0.9959,0.0832,31.4550,1.6503,0,ChildNaturalWalk,0.2830,0.2312,0.000
67.390,street,Deniz,-1.3129,0.0606,33.5766,1.7502,0,ChildNaturalWalk,0.4046,0.3206,0.000
67.390,street,Can,-1.0040,0.0821,31.5094,1.6503,0,ChildNaturalWalk,0.2867,0.2313,0.000
67.424,street,Deniz,-1.3216,0.0458,33.6343,1.8056,0,ChildNaturalWalk,0.3888,0.3095,0.000
67.424,street,Can,-1.0122,0.0810,31.5638,1.6503,0,ChildNaturalWalk,0.2749,0.2320,0.000
67.455,street,Deniz,-1.3302,0.0309,33.6920,1.8056,0,ChildNaturalWalk,0.3562,0.2994,0.000
67.455,street,Can,-1.0203,0.0800,31.6182,1.6503,0,ChildNaturalWalk,0.2567,0.2324,0.000
67.489,street,Deniz,-1.3389,0.0161,33.7496,1.8056,0,ChildNaturalWalk,0.3137,0.2892,0.000
67.489,street,Can,-1.0284,0.0789,31.6726,1.6503,0,ChildNaturalWalk,0.2430,0.2314,0.000
67.523,street,Deniz,-1.3476,0.0041,33.8073,1.7870,0,ChildNaturalWalk,0.2804,0.2813,0.000
67.523,street,Can,-1.0365,0.0778,31.7270,1.6503,0,ChildNaturalWalk,0.2467,0.2290,0.000
67.557,street,Deniz,-1.3562,0.0041,33.8650,1.7500,0,ChildNaturalWalk,0.2820,0.2845,0.000
67.557,street,Can,-1.0447,0.0767,31.7814,1.6503,0,ChildNaturalWalk,0.2497,0.2270,0.000
67.590,street,Deniz,-1.3649,0.0041,33.9227,1.7500,0,ChildNaturalWalk,0.2886,0.2875,0.000
67.590,street,Can,-1.0528,0.0757,31.8358,1.6503,0,ChildNaturalWalk,0.2454,0.2280,0.000
67.623,street,Deniz,-1.3736,0.0041,33.9804,1.7500,0,ChildNaturalWalk,0.2796,0.2938,0.000
67.623,street,Can,-1.0609,0.0746,31.8902,1.6503,0,ChildNaturalWalk,0.2338,0.2344,0.000
67.656,street,Deniz,-1.3822,0.0041,34.0381,1.7500,0,ChildNaturalWalk,0.2665,0.3038,0.000
67.656,street,Can,-1.0691,0.0735,31.9446,1.6503,0,ChildNaturalWalk,0.2239,0.2441,0.000
67.690,street,Deniz,-1.3909,0.0041,34.0958,1.7500,0,ChildNaturalWalk,0.2599,0.3160,0.000
67.690,street,Can,-1.0772,0.0725,31.9990,1.6502,0,ChildNaturalWalk,0.2193,0.2578,0.000
67.723,street,Deniz,-1.3995,0.0041,34.1534,1.7500,0,ChildNaturalWalk,0.2617,0.3340,0.000
67.723,street,Can,-1.0853,0.0714,32.0533,1.6501,0,ChildNaturalWalk,0.2184,0.2756,0.000
67.757,street,Deniz,-1.4082,0.0041,34.2111,1.7500,0,ChildNaturalWalk,0.2645,0.3494,0.000
67.757,street,Can,-1.0935,0.0703,32.1077,1.6502,0,ChildNaturalWalk,0.2183,0.2759,0.000
67.789,street,Deniz,-1.4169,0.0041,34.2688,1.7500,0,ChildNaturalWalk,0.2680,0.3458,0.000
67.789,street,Can,-1.1016,0.0692,32.1621,1.6502,0,ChildNaturalWalk,0.2192,0.2674,0.000
67.823,street,Deniz,-1.4255,0.0041,34.3265,1.7500,0,ChildNaturalWalk,0.2728,0.3358,0.000
67.823,street,Can,-1.1097,0.0682,32.2165,1.6502,0,ChildNaturalWalk,0.2197,0.2567,0.000
67.857,street,Deniz,-1.4342,0.0041,34.3842,1.7500,0,ChildNaturalWalk,0.2776,0.3207,0.000
67.857,street,Can,-1.1179,0.0671,32.2709,1.6502,0,ChildNaturalWalk,0.2201,0.2472,0.000
67.890,street,Deniz,-1.4429,0.0041,34.4419,1.7500,0,ChildNaturalWalk,0.2831,0.3063,0.000
67.890,street,Can,-1.1260,0.0664,32.3253,1.6500,0,ChildNaturalWalk,0.2212,0.2432,0.000
67.924,street,Deniz,-1.4515,0.0041,34.4996,1.7500,0,ChildNaturalWalk,0.2894,0.2915,0.000
67.924,street,Can,-1.1341,0.0679,32.3797,1.6505,0,ChildNaturalWalk,0.2263,0.2396,0.000
67.957,street,Deniz,-1.4602,0.0041,34.5572,1.7500,0,ChildNaturalWalk,0.2957,0.2822,0.000
67.957,street,Can,-1.1423,0.0694,32.4341,1.6505,0,ChildNaturalWalk,0.2355,0.2313,0.000
67.992,street,Deniz,-1.4688,0.0041,34.6149,1.7500,0,ChildNaturalWalk,0.3049,0.2713,0.000
67.992,street,Can,-1.1504,0.0709,32.4885,1.6505,0,ChildNaturalWalk,0.2442,0.2277,0.000
68.025,street,Deniz,-1.4775,0.0041,34.6726,1.7500,0,ChildNaturalWalk,0.3133,0.2644,0.000
68.025,street,Can,-1.1586,0.0724,32.5428,1.6505,0,ChildNaturalWalk,0.2489,0.2245,0.000
68.057,street,Deniz,-1.4862,0.0041,34.7303,1.7500,0,ChildNaturalWalk,0.3257,0.2629,0.000
68.057,street,Can,-1.1667,0.0739,32.5972,1.6505,0,ChildNaturalWalk,0.2666,0.2224,0.000
68.090,street,Deniz,-1.4948,0.0041,34.7880,1.7500,0,ChildNaturalWalk,0.3431,0.2633,0.000
68.090,street,Can,-1.1749,0.0754,32.6516,1.6505,0,ChildNaturalWalk,0.2806,0.2238,0.000
68.124,street,Deniz,-1.5035,0.0041,34.8457,1.7500,0,ChildNaturalWalk,0.3508,0.2662,0.000
68.124,street,Can,-1.1830,0.0768,32.7060,1.6504,0,ChildNaturalWalk,0.2761,0.2271,0.000
68.156,street,Deniz,-1.5122,0.0041,34.9034,1.7500,0,ChildNaturalWalk,0.3371,0.2706,0.000
68.156,street,Can,-1.1911,0.0783,32.7604,1.6504,0,ChildNaturalWalk,0.2616,0.2303,0.000
68.190,street,Deniz,-1.5208,0.0041,34.9610,1.7500,0,ChildNaturalWalk,0.3134,0.2756,0.000
68.190,street,Can,-1.1993,0.0798,32.8148,1.6504,0,ChildNaturalWalk,0.2474,0.2325,0.000
68.223,street,Deniz,-1.5295,0.0041,35.0187,1.7500,0,ChildNaturalWalk,0.2860,0.2798,0.000
68.223,street,Can,-1.2074,0.0813,32.8692,1.6504,0,ChildNaturalWalk,0.2471,0.2331,0.000
68.256,street,Deniz,-1.5381,0.0041,35.0764,1.7500,0,ChildNaturalWalk,0.2798,0.2834,0.000
68.256,street,Can,-1.2156,0.0828,32.9236,1.6504,0,ChildNaturalWalk,0.2546,0.2332,0.000
68.291,street,Deniz,-1.5468,0.0041,35.1341,1.7500,0,ChildNaturalWalk,0.2864,0.2864,0.000
68.291,street,Can,-1.2237,0.0843,32.9779,1.6503,0,ChildNaturalWalk,0.2561,0.2356,0.000
68.324,street,Deniz,-1.5555,0.0041,35.1918,1.7500,0,ChildNaturalWalk,0.2842,0.2910,0.000
68.324,street,Can,-1.2319,0.0858,33.0323,1.6503,0,ChildNaturalWalk,0.2497,0.2413,0.000
68.357,street,Deniz,-1.5641,0.0041,35.2495,1.7500,0,ChildNaturalWalk,0.2714,0.2995,0.000
68.357,street,Can,-1.2400,0.0873,33.0867,1.6503,0,ChildNaturalWalk,0.2406,0.2537,0.000
68.390,street,Deniz,-1.5728,0.0041,35.3072,1.7500,0,ChildNaturalWalk,0.2618,0.3109,0.000
68.390,street,Can,-1.2482,0.0888,33.1411,1.6503,0,ChildNaturalWalk,0.2362,0.2673,0.000
68.429,street,Deniz,-1.5815,0.0041,35.3648,1.7500,0,ChildNaturalWalk,0.2608,0.3263,0.000
68.429,street,Can,-1.2563,0.0903,33.1955,1.6503,0,ChildNaturalWalk,0.2370,0.2879,0.000
68.463,street,Deniz,-1.5901,0.0041,35.4225,1.7500,0,ChildNaturalWalk,0.2635,0.3448,0.000
68.463,street,Can,-1.2645,0.0918,33.2498,1.6502,0,ChildNaturalWalk,0.2391,0.2985,0.000
68.496,street,Deniz,-1.5988,0.0041,35.4802,1.7500,0,ChildNaturalWalk,0.2665,0.3494,0.000
68.496,street,Can,-1.2726,0.0933,33.3042,1.6502,0,ChildNaturalWalk,0.2424,0.2946,0.000
68.529,street,Deniz,-1.6074,0.0041,35.5379,1.7500,0,ChildNaturalWalk,0.2708,0.3396,0.000
68.529,street,Can,-1.2808,0.0948,33.3586,1.6502,0,ChildNaturalWalk,0.2457,0.2872,0.000
68.563,street,Deniz,-1.6161,0.0041,35.5956,1.7500,0,ChildNaturalWalk,0.2759,0.3272,0.000
68.563,street,Can,-1.2889,0.0962,33.4130,1.6502,0,ChildNaturalWalk,0.2488,0.2794,0.000
68.596,street,Deniz,-1.6248,0.0041,35.6533,1.7500,0,ChildNaturalWalk,0.2809,0.3111,0.000
68.596,street,Can,-1.2971,0.0977,33.4674,1.6501,0,ChildNaturalWalk,0.2518,0.2747,0.000
68.629,street,Deniz,-1.6334,0.0041,35.7110,1.7500,0,ChildNaturalWalk,0.2868,0.2966,0.000
68.629,street,Can,-1.3052,0.0992,33.5217,1.6501,0,ChildNaturalWalk,0.2556,0.2739,0.000
68.662,street,Deniz,-1.6421,0.0041,35.7686,1.7500,0,ChildNaturalWalk,0.2935,0.2859,0.000
68.662,street,Can,-1.3134,0.0999,33.5761,1.6495,0,ChildNaturalWalk,0.2630,0.2645,0.000
68.696,street,Deniz,-1.6508,0.0041,35.8263,1.7500,0,ChildNaturalWalk,0.3009,0.2750,0.000
68.696,street,Can,-1.3215,0.0859,33.6305,1.7019,0,ChildNaturalWalk,0.2575,0.2447,0.000
68.729,street,Deniz,-1.6594,0.0041,35.8840,1.7500,0,ChildNaturalWalk,0.3109,0.2661,0.000
68.729,street,Can,-1.3297,0.0719,33.6849,1.7018,0,ChildNaturalWalk,0.2471,0.2254,0.000
68.763,street,Deniz,-1.6681,0.0041,35.9417,1.7500,0,ChildNaturalWalk,0.3203,0.2631,0.000
68.763,street,Can,-1.3378,0.0580,33.7392,1.7021,0,ChildNaturalWalk,0.2441,0.2074,0.000
68.796,street,Deniz,-1.6767,0.0041,35.9994,1.7500,0,ChildNaturalWalk,0.3373,0.2628,0.000
68.796,street,Can,-1.3460,0.0440,33.7936,1.7022,0,ChildNaturalWalk,0.2463,0.1920,0.000
68.829,street,Deniz,-1.6854,0.0041,36.0571,1.7500,0,ChildNaturalWalk,0.3494,0.2646,0.000
68.829,street,Can,-1.3541,0.0435,33.8480,1.6500,0,ChildNaturalWalk,0.2466,0.1931,0.000
68.863,street,Deniz,-1.6941,0.0041,36.1148,1.7500,0,ChildNaturalWalk,0.3451,0.2690,0.000
68.863,street,Can,-1.3623,0.0435,33.9024,1.6501,0,ChildNaturalWalk,0.2336,0.1949,0.000
68.897,street,Deniz,-1.7027,0.0041,36.1724,1.7500,0,ChildNaturalWalk,0.3226,0.2735,0.000
68.897,street,Can,-1.3704,0.0435,33.9568,1.6501,0,ChildNaturalWalk,0.2161,0.1960,0.000
68.931,street,Deniz,-1.7114,0.0041,36.2301,1.7500,0,ChildNaturalWalk,0.2959,0.2784,0.000
68.931,street,Can,-1.3786,0.0435,34.0112,1.6501,0,ChildNaturalWalk,0.2076,0.1960,0.000
68.965,street,Deniz,-1.7201,0.0041,36.2878,1.7500,0,ChildNaturalWalk,0.2792,0.2820,0.000
68.965,street,Can,-1.3868,0.0435,34.0656,1.6501,0,ChildNaturalWalk,0.2131,0.1943,0.000
68.998,street,Deniz,-1.7287,0.0041,36.3455,1.7500,0,ChildNaturalWalk,0.2841,0.2853,0.000
68.998,street,Can,-1.3949,0.0435,34.1200,1.6501,0,ChildNaturalWalk,0.2176,0.1938,0.000
69.032,street,Deniz,-1.7374,0.0049,36.4032,1.7501,0,ChildNaturalWalk,0.2881,0.2896,0.000
69.032,street,Can,-1.4031,0.0435,34.1744,1.6500,0,ChildNaturalWalk,0.2107,0.1971,0.000
69.063,street,Deniz,-1.7460,0.0058,36.4609,1.7502,0,ChildNaturalWalk,0.2781,0.2976,0.000
69.063,street,Can,-1.4112,0.0435,34.2288,1.6500,0,ChildNaturalWalk,0.1997,0.2063,0.000
69.095,street,Deniz,-1.7547,0.0068,36.5186,1.7502,0,ChildNaturalWalk,0.2670,0.3091,0.000
69.095,street,Can,-1.4194,0.0435,34.2832,1.6500,0,ChildNaturalWalk,0.1923,0.2168,0.000
69.131,street,Deniz,-1.7634,0.0077,36.5762,1.7502,0,ChildNaturalWalk,0.2635,0.3235,0.000
69.131,street,Can,-1.4275,0.0435,34.3375,1.6500,0,ChildNaturalWalk,0.1902,0.2340,0.000
69.164,street,Deniz,-1.7720,0.0087,36.6339,1.7502,0,ChildNaturalWalk,0.2671,0.3437,0.000
69.164,street,Can,-1.4357,0.0435,34.3919,1.6500,0,ChildNaturalWalk,0.1903,0.2497,0.000
69.196,street,Deniz,-1.7807,0.0096,36.6916,1.7502,0,ChildNaturalWalk,0.2706,0.3548,0.000
69.196,street,Can,-1.4439,0.0435,34.4463,1.6500,0,ChildNaturalWalk,0.1920,0.2475,0.000
69.230,street,Deniz,-1.7893,0.0106,36.7493,1.7502,0,ChildNaturalWalk,0.2755,0.3507,0.000
69.230,street,Can,-1.4520,0.0435,34.5007,1.6500,0,ChildNaturalWalk,0.1939,0.2398,0.000
69.263,street,Deniz,-1.7980,0.0115,36.8070,1.7502,0,ChildNaturalWalk,0.2813,0.3396,0.000
69.263,street,Can,-1.4602,0.0435,34.5551,1.6500,0,ChildNaturalWalk,0.1954,0.2296,0.000
69.297,street,Deniz,-1.8067,0.0125,36.8647,1.7502,0,ChildNaturalWalk,0.2873,0.3259,0.000
69.297,street,Can,-1.4683,0.0435,34.6095,1.6500,0,ChildNaturalWalk,0.1971,0.2230,0.000
69.330,street,Deniz,-1.8153,0.0134,36.9224,1.7502,0,ChildNaturalWalk,0.2938,0.3110,0.000
69.330,street,Can,-1.4765,0.0435,34.6639,1.6500,0,ChildNaturalWalk,0.1988,0.2191,0.000
69.363,street,Deniz,-1.8240,0.0144,36.9801,1.7502,0,ChildNaturalWalk,0.3015,0.2990,0.000
69.363,street,Can,-1.4847,0.0435,34.7183,1.6500,0,ChildNaturalWalk,0.2034,0.2120,0.000
69.396,street,Deniz,-1.8327,0.0153,37.0377,1.7502,0,ChildNaturalWalk,0.3089,0.2902,0.000
69.396,street,Can,-1.4928,0.0435,34.7727,1.6500,0,ChildNaturalWalk,0.2119,0.2041,0.000
69.431,street,Deniz,-1.8413,0.0163,37.0954,1.7502,0,ChildNaturalWalk,0.3198,0.2812,0.000
69.431,street,Can,-1.5010,0.0435,34.8271,1.6500,0,ChildNaturalWalk,0.2177,0.1989,0.000
69.464,street,Deniz,-1.8500,0.0172,37.1531,1.7502,0,ChildNaturalWalk,0.3279,0.2769,0.000
69.464,street,Can,-1.5091,0.0435,34.8814,1.6500,0,ChildNaturalWalk,0.2227,0.1946,0.000
69.497,street,Deniz,-1.8586,0.0182,37.2108,1.7502,0,ChildNaturalWalk,0.3442,0.2768,0.000
69.497,street,Can,-1.5173,0.0435,34.9358,1.6500,0,ChildNaturalWalk,0.2406,0.1917,0.000
69.529,street,Deniz,-1.8673,0.0191,37.2685,1.7502,0,ChildNaturalWalk,0.3625,0.2788,0.000
69.529,street,Can,-1.5255,0.0435,34.9902,1.6500,0,ChildNaturalWalk,0.2491,0.1925,0.000
69.563,street,Deniz,-1.8760,0.0201,37.3262,1.7502,0,ChildNaturalWalk,0.3644,0.2832,0.000
69.563,street,Can,-1.5336,0.0435,35.0446,1.6500,0,ChildNaturalWalk,0.2392,0.1941,0.000
69.596,street,Deniz,-1.8846,0.0210,37.3839,1.7502,0,ChildNaturalWalk,0.3497,0.2888,0.000
69.596,street,Can,-1.5418,0.0435,35.0990,1.6500,0,ChildNaturalWalk,0.2231,0.1960,0.000
69.630,street,Deniz,-1.8933,0.0220,37.4415,1.7502,0,ChildNaturalWalk,0.3235,0.2945,0.000
69.630,street,Can,-1.5499,0.0435,35.1534,1.6500,0,ChildNaturalWalk,0.2083,0.1961,0.000
69.662,street,Deniz,-1.9020,0.0229,37.4992,1.7502,0,ChildNaturalWalk,0.3007,0.2996,0.000
69.662,street,Can,-1.5581,0.0435,35.2078,1.6500,0,ChildNaturalWalk,0.2117,0.1949,0.000
69.696,street,Deniz,-1.9106,0.0239,37.5569,1.7502,0,ChildNaturalWalk,0.3010,0.3039,0.000
69.696,street,Can,-1.5663,0.0435,35.2622,1.6500,0,ChildNaturalWalk,0.2159,0.1938,0.000
69.730,street,Deniz,-1.9193,0.0248,37.6146,1.7502,0,ChildNaturalWalk,0.3085,0.3079,0.000
69.730,street,Can,-1.5744,0.0435,35.3166,1.6500,0,ChildNaturalWalk,0.2141,0.1955,0.000
69.763,street,Deniz,-1.9279,0.0258,37.6723,1.7502,0,ChildNaturalWalk,0.3034,0.3143,0.000
69.763,street,Can,-1.5826,0.0435,35.3709,1.6500,0,ChildNaturalWalk,0.2044,0.2016,0.000
69.796,street,Deniz,-1.9366,0.0267,37.7300,1.7502,0,ChildNaturalWalk,0.2909,0.3248,0.000
69.796,street,Can,-1.5907,0.0435,35.4253,1.6500,0,ChildNaturalWalk,0.1950,0.2124,0.000
69.829,street,Deniz,-1.9453,0.0277,37.7877,1.7502,0,ChildNaturalWalk,0.2838,0.3379,0.000
69.829,street,Can,-1.5989,0.0435,35.4797,1.6500,0,ChildNaturalWalk,0.1906,0.2261,0.000
69.862,street,Deniz,-1.9539,0.0286,37.8453,1.7502,0,ChildNaturalWalk,0.2858,0.3556,0.000
69.862,street,Can,-1.6071,0.0435,35.5341,1.6500,0,ChildNaturalWalk,0.1904,0.2452,0.000
69.896,street,Deniz,-1.9626,0.0296,37.9030,1.7501,0,ChildNaturalWalk,0.2899,0.3746,0.000
69.896,street,Can,-1.6152,0.0435,35.5885,1.6500,0,ChildNaturalWalk,0.1914,0.2502,0.000
69.930,street,Deniz,-1.9713,0.0305,37.9607,1.7501,0,ChildNaturalWalk,0.2939,0.3735,0.000
69.930,street,Can,-1.6234,0.0435,35.6429,1.6500,0,ChildNaturalWalk,0.1932,0.2427,0.000
69.963,street,Deniz,-1.9799,0.0315,38.0184,1.7501,0,ChildNaturalWalk,0.2995,0.3647,0.000
69.963,street,Can,-1.6316,0.0435,35.6973,1.6499,0,ChildNaturalWalk,0.1949,0.2339,0.000
69.996,street,Deniz,-1.9886,0.0324,38.0761,1.7501,0,ChildNaturalWalk,0.3053,0.3512,0.000
69.996,street,Can,-1.6397,0.0435,35.7517,1.6499,0,ChildNaturalWalk,0.1963,0.2244,0.000
70.029,street,Deniz,-1.9972,0.0334,38.1337,1.7501,0,ChildNaturalWalk,0.3115,0.3370,0.000
70.029,street,Can,-1.6479,0.0435,35.8061,1.6499,0,ChildNaturalWalk,0.1980,0.2206,0.000
70.063,street,Deniz,-2.0059,0.0343,38.1914,1.7501,0,ChildNaturalWalk,0.3187,0.3237,0.000
70.063,street,Can,-1.6560,0.0435,35.8604,1.6499,0,ChildNaturalWalk,0.2011,0.2164,0.000
70.096,street,Deniz,-2.0146,0.0352,38.2491,1.7500,0,ChildNaturalWalk,0.3259,0.3151,0.000
70.096,street,Can,-1.6642,0.0435,35.9148,1.6499,0,ChildNaturalWalk,0.2086,0.2063,0.000
70.130,street,Deniz,-2.0232,0.0331,38.3068,1.7508,0,ChildNaturalWalk,0.3322,0.3018,0.000
70.130,street,Can,-1.6724,0.0435,35.9692,1.6499,0,ChildNaturalWalk,0.2163,0.2011,0.000
70.163,street,Deniz,-2.0319,0.0311,38.3645,1.7508,0,ChildNaturalWalk,0.3395,0.2921,0.000
70.163,street,Can,-1.6805,0.0435,36.0236,1.6499,0,ChildNaturalWalk,0.2198,0.1961,0.000
70.197,street,Deniz,-2.0405,0.0291,38.4221,1.7508,0,ChildNaturalWalk,0.3485,0.2882,0.000
70.197,street,Can,-1.6887,0.0435,36.0780,1.6499,0,ChildNaturalWalk,0.2340,0.1923,0.000
70.230,street,Deniz,-2.0492,0.0271,38.4798,1.7508,0,ChildNaturalWalk,0.3639,0.2862,0.000
70.230,street,Can,-1.6969,0.0435,36.1324,1.6499,0,ChildNaturalWalk,0.2476,0.1916,0.000
70.263,street,Deniz,-2.0579,0.0251,38.5375,1.7509,0,ChildNaturalWalk,0.3723,0.2867,0.000
70.263,street,Can,-1.7050,0.0435,36.1868,1.6499,0,ChildNaturalWalk,0.2450,0.1936,0.000
70.296,street,Deniz,-2.0665,0.0231,38.5952,1.7509,0,ChildNaturalWalk,0.3590,0.2890,0.000
70.296,street,Can,-1.7132,0.0435,36.2411,1.6499,0,ChildNaturalWalk,0.2290,0.1952,0.000
70.330,street,Deniz,-2.0752,0.0211,38.6529,1.7509,0,ChildNaturalWalk,0.3336,0.2919,0.000
70.330,street,Can,-1.7213,0.0435,36.2955,1.6499,0,ChildNaturalWalk,0.2132,0.1963,0.000
70.364,street,Deniz,-2.0839,0.0191,38.7106,1.7509,0,ChildNaturalWalk,0.3043,0.2943,0.000
70.364,street,Can,-1.7295,0.0435,36.3499,1.6500,0,ChildNaturalWalk,0.2084,0.1956,0.000
70.397,street,Deniz,-2.0925,0.0171,38.7682,1.7509,0,ChildNaturalWalk,0.2922,0.2959,0.000
70.397,street,Can,-1.7377,0.0443,36.4043,1.6502,0,ChildNaturalWalk,0.2153,0.1949,0.000
70.429,street,Deniz,-2.1012,0.0151,38.8259,1.7509,0,ChildNaturalWalk,0.2969,0.2971,0.000
70.429,street,Can,-1.7458,0.0452,36.4587,1.6502,0,ChildNaturalWalk,0.2180,0.1962,0.000
70.463,street,Deniz,-2.1098,0.0131,38.8836,1.7510,0,ChildNaturalWalk,0.2942,0.2993,0.000
70.463,street,Can,-1.7540,0.0461,36.5131,1.6502,0,ChildNaturalWalk,0.2111,0.2010,0.000
70.496,street,Deniz,-2.1185,0.0110,38.9413,1.7510,0,ChildNaturalWalk,0.2802,0.3049,0.000
70.496,street,Can,-1.7622,0.0470,36.5675,1.6502,0,ChildNaturalWalk,0.2012,0.2122,0.000
70.530,street,Deniz,-2.1272,0.0090,38.9990,1.7510,0,ChildNaturalWalk,0.2678,0.3141,0.000
70.530,street,Can,-1.7703,0.0479,36.6219,1.6502,0,ChildNaturalWalk,0.1957,0.2245,0.000
70.563,street,Deniz,-2.1358,0.0070,39.0567,1.7510,0,ChildNaturalWalk,0.2635,0.3268,0.000
70.563,street,Can,-1.7785,0.0488,36.6763,1.6502,0,ChildNaturalWalk,0.1956,0.2443,0.000
70.596,street,Deniz,-2.1445,0.0050,39.1143,1.7510,0,ChildNaturalWalk,0.2641,0.3435,0.000
70.596,street,Can,-1.7867,0.0497,36.7307,1.6502,0,ChildNaturalWalk,0.1967,0.2562,0.000
70.629,street,Deniz,-2.1531,0.0041,39.1720,1.7502,0,ChildNaturalWalk,0.2660,0.3496,0.000
70.629,street,Can,-1.7948,0.0506,36.7850,1.6502,0,ChildNaturalWalk,0.1996,0.2534,0.000
70.663,street,Deniz,-2.1618,0.0041,39.2297,1.7500,0,ChildNaturalWalk,0.2701,0.3412,0.000
70.663,street,Can,-1.8030,0.0515,36.8394,1.6502,0,ChildNaturalWalk,0.2022,0.2452,0.000
70.696,street,Deniz,-2.1705,0.0041,39.2874,1.7500,0,ChildNaturalWalk,0.2751,0.3291,0.000
70.696,street,Can,-1.8112,0.0524,36.8938,1.6502,0,ChildNaturalWalk,0.2047,0.2368,0.000
70.730,street,Deniz,-2.1791,0.0041,39.3451,1.7500,0,ChildNaturalWalk,0.2801,0.3135,0.000
70.730,street,Can,-1.8193,0.0533,36.9482,1.6502,0,ChildNaturalWalk,0.2071,0.2308,0.000
70.763,street,Deniz,-2.1878,0.0041,39.4028,1.7500,0,ChildNaturalWalk,0.2859,0.2980,0.000
70.763,street,Can,-1.8275,0.0542,37.0026,1.6502,0,ChildNaturalWalk,0.2102,0.2291,0.000
70.796,street,Deniz,-2.1965,0.0041,39.4605,1.7500,0,ChildNaturalWalk,0.2928,0.2866,0.000
70.796,street,Can,-1.8356,0.0551,37.0570,1.6502,0,ChildNaturalWalk,0.2170,0.2208,0.000
70.829,street,Deniz,-2.2051,0.0041,39.5181,1.7500,0,ChildNaturalWalk,0.2998,0.2764,0.000
70.829,street,Can,-1.8438,0.0560,37.1114,1.6502,0,ChildNaturalWalk,0.2264,0.2154,0.000
70.863,street,Deniz,-2.2138,0.0041,39.5758,1.7500,0,ChildNaturalWalk,0.3101,0.2667,0.000
70.863,street,Can,-1.8520,0.0569,37.1658,1.6502,0,ChildNaturalWalk,0.2316,0.2110,0.000
70.897,street,Deniz,-2.2224,0.0041,39.6335,1.7500,0,ChildNaturalWalk,0.3179,0.2633,0.000
70.897,street,Can,-1.8601,0.0578,37.2202,1.6502,0,ChildNaturalWalk,0.2413,0.2078,0.000
70.930,street,Deniz,-2.2311,0.0041,39.6912,1.7500,0,ChildNaturalWalk,0.3351,0.2626,0.000
70.930,street,Can,-1.8683,0.0587,37.2746,1.6502,0,ChildNaturalWalk,0.2601,0.2067,0.000
70.963,street,Deniz,-2.2398,0.0041,39.7489,1.7500,0,ChildNaturalWalk,0.3486,0.2643,0.000
70.963,street,Can,-1.8765,0.0596,37.3289,1.6502,0,ChildNaturalWalk,0.2635,0.2089,0.000
70.997,street,Deniz,-2.2484,0.0041,39.8066,1.7500,0,ChildNaturalWalk,0.3463,0.2683,0.000
70.997,street,Can,-1.8846,0.0605,37.3833,1.6502,0,ChildNaturalWalk,0.2532,0.2116,0.000
71.030,street,Deniz,-2.2571,0.0041,39.8643,1.7500,0,ChildNaturalWalk,0.3264,0.2729,0.000
71.030,street,Can,-1.8928,0.0614,37.4377,1.6502,0,ChildNaturalWalk,0.2361,0.2138,0.000
71.063,street,Deniz,-2.2658,0.0041,39.9219,1.7500,0,ChildNaturalWalk,0.2990,0.2777,0.000
71.063,street,Can,-1.9010,0.0623,37.4921,1.6502,0,ChildNaturalWalk,0.2262,0.2148,0.000
71.097,street,Deniz,-2.2735,0.0041,39.9738,1.5734,0,ChildNaturalWalk,0.2797,0.2816,0.000
71.097,street,Can,-1.9091,0.0632,37.5465,1.6502,0,ChildNaturalWalk,0.2323,0.2142,0.000
71.130,street,Deniz,-2.2804,0.0041,40.0198,1.3945,0,ChildNaturalWalk,0.2828,0.2848,0.000
71.130,street,Can,-1.9173,0.0641,37.6009,1.6502,0,ChildNaturalWalk,0.2374,0.2143,0.000
71.164,street,Deniz,-2.2859,0.0041,40.0559,1.0944,0,ChildNaturalWalk,0.2886,0.2880,0.000
71.164,street,Can,-1.9255,0.0650,37.6553,1.6502,0,ChildNaturalWalk,0.2336,0.2178,0.000
71.197,street,Deniz,-2.2898,0.0041,40.0820,0.7944,0,ChildNaturalWalk,0.2782,0.2947,0.000
71.197,street,Can,-1.9336,0.0658,37.7097,1.6502,0,ChildNaturalWalk,0.2238,0.2269,0.000
71.230,street,Deniz,-2.2922,0.0041,40.0983,0.4945,0,ChildNaturalWalk,0.2652,0.3050,0.000
71.230,street,Can,-1.9418,0.0667,37.7641,1.6502,0,ChildNaturalWalk,0.2164,0.2384,0.000
71.263,street,Deniz,-2.2932,0.0041,40.1048,0.1944,0,ChildNaturalWalk,0.2598,0.3176,0.000
71.263,street,Can,-1.9500,0.0676,37.8184,1.6501,0,ChildNaturalWalk,0.2144,0.2551,0.000
71.297,street,Deniz,-2.2932,0.0041,40.1048,0.0000,0,ChildNeutralIdle+ChildNaturalWalk,0.2604,0.3303,0.000
71.297,street,Can,-1.9581,0.0685,37.8728,1.6501,0,ChildNaturalWalk,0.2156,0.2747,0.000
71.331,street,Deniz,-2.2932,0.0041,40.1048,0.0000,0,ChildNeutralIdle+ChildNaturalWalk,0.2591,0.3258,0.000
71.331,street,Can,-1.9663,0.0694,37.9272,1.6501,0,ChildNaturalWalk,0.2176,0.2743,0.000
71.365,street,Deniz,-2.2932,0.0041,40.1048,0.0000,0,ChildNeutralIdle,0.2685,0.2873,0.000
71.365,street,Can,-1.9663,0.0694,37.9272,0.0000,0,ChildNeutralIdle,0.2163,0.2005,0.000
71.399,street,Deniz,-2.2932,0.0041,40.1048,0.0000,0,ChildNeutralIdle,0.2684,0.2871,0.000
71.399,street,Can,-1.9663,0.0694,37.9272,0.0000,0,ChildNeutralIdle,0.2160,0.2004,0.000
71.431,street,Deniz,-2.2932,0.0041,40.1048,0.0000,0,ChildNeutralIdle,0.2682,0.2870,0.000
71.431,street,Can,-1.9663,0.0694,37.9272,0.0000,0,ChildNeutralIdle,0.2157,0.2003,0.000
71.464,street,Deniz,-2.2932,0.0041,40.1048,0.0000,0,ChildNeutralIdle,0.2681,0.2869,0.000
71.464,street,Can,-1.9663,0.0694,37.9272,0.0000,0,ChildNeutralIdle,0.2154,0.2002,0.000
71.497,street,Deniz,-2.2932,0.0041,40.1048,0.0000,0,ChildNeutralIdle,0.2679,0.2868,0.000
71.497,street,Can,-1.9663,0.0694,37.9272,0.0000,0,ChildNeutralIdle,0.2151,0.2001,0.000
71.530,street,Deniz,-2.2932,0.0041,40.1048,0.0000,0,ChildNeutralIdle,0.2677,0.2867,0.000
71.530,street,Can,-1.9663,0.0694,37.9272,0.0000,0,ChildNeutralIdle,0.2148,0.2000,0.000
71.563,street,Deniz,-2.2932,0.0041,40.1048,0.0000,0,ChildNeutralIdle,0.2676,0.2866,0.000
71.563,street,Can,-1.9663,0.0694,37.9272,0.0000,0,ChildNeutralIdle,0.2145,0.2000,0.000
71.596,street,Deniz,-2.2932,0.0041,40.1048,0.0000,0,ChildNeutralIdle,0.2674,0.2866,0.000
71.596,street,Can,-1.9663,0.0694,37.9272,0.0000,0,ChildNeutralIdle,0.2142,0.1999,0.000
71.629,street,Deniz,-2.2932,0.0041,40.1048,0.0000,0,ChildNeutralIdle,0.2672,0.2865,0.000
71.629,street,Can,-1.9663,0.0694,37.9272,0.0000,0,ChildNeutralIdle,0.2139,0.1999,0.000
71.663,street,Deniz,-2.2932,0.0041,40.1048,0.0000,0,ChildNeutralIdle,0.2671,0.2865,0.000
71.663,street,Can,-1.9663,0.0694,37.9272,0.0000,0,ChildNeutralIdle,0.2137,0.1999,0.000
71.696,street,Deniz,-2.2932,0.0041,40.1048,0.0000,0,ChildNeutralIdle,0.2669,0.2865,0.000
71.696,street,Can,-1.9663,0.0694,37.9272,0.0000,0,ChildNeutralIdle,0.2135,0.1999,0.000
71.735,street,Deniz,-2.2932,0.0041,40.1048,0.0000,0,ChildNeutralIdle,0.2668,0.2864,0.000
71.735,street,Can,-1.9663,0.0694,37.9272,0.0000,0,ChildNeutralIdle,0.2132,0.1999,0.000
71.768,street,Deniz,-2.2932,0.0041,40.1048,0.0000,0,ChildNeutralIdle,0.2667,0.2864,0.000
71.768,street,Can,-1.9663,0.0694,37.9272,0.0000,0,ChildNeutralIdle,0.2130,0.2000,0.000
71.801,street,Deniz,-2.2932,0.0041,40.1048,0.0000,0,ChildNeutralIdle,0.2665,0.2864,0.000
71.801,street,Can,-1.9663,0.0694,37.9272,0.0000,0,ChildNeutralIdle,0.2128,0.2000,0.000
71.835,street,Deniz,-2.2932,0.0041,40.1048,0.0000,0,ChildNeutralIdle,0.2664,0.2864,0.000
71.835,street,Can,-1.9663,0.0694,37.9272,0.0000,0,ChildNeutralIdle,0.2127,0.2001,0.000
71.869,street,Deniz,-2.2932,0.0041,40.1048,0.0000,0,ChildNeutralIdle,0.2663,0.2864,0.000
71.869,street,Can,-1.9663,0.0694,37.9272,0.0000,0,ChildNeutralIdle,0.2125,0.2002,0.000
71.902,street,Deniz,-2.2932,0.0041,40.1048,0.0000,0,ChildNeutralIdle,0.2661,0.2864,0.000
71.902,street,Can,-1.9663,0.0694,37.9272,0.0000,0,ChildNeutralIdle,0.2124,0.2003,0.000
71.935,street,Deniz,-2.2932,0.0041,40.1048,0.0000,0,ChildNeutralIdle,0.2660,0.2864,0.000
71.935,street,Can,-1.9663,0.0694,37.9272,0.0000,0,ChildNeutralIdle,0.2123,0.2004,0.000
71.969,street,Deniz,-2.2932,0.0041,40.1048,0.0000,0,ChildNeutralIdle,0.2659,0.2865,0.000
71.969,street,Can,-1.9663,0.0694,37.9272,0.0000,0,ChildNeutralIdle,0.2122,0.2005,0.000
72.002,street,Deniz,-2.2932,0.0041,40.1048,0.0000,0,ChildNeutralIdle,0.2658,0.2865,0.000
72.002,street,Can,-1.9663,0.0694,37.9272,0.0000,0,ChildNeutralIdle,0.2122,0.2006,0.000
72.035,street,Deniz,-2.2932,0.0041,40.1048,0.0000,0,ChildNeutralIdle,0.2657,0.2866,0.000
72.035,street,Can,-1.9663,0.0694,37.9272,0.0000,0,ChildNeutralIdle,0.2121,0.2008,0.000
72.068,street,Deniz,-2.2932,0.0041,40.1048,0.0000,0,ChildNeutralIdle,0.2656,0.2866,0.000
72.068,street,Can,-1.9663,0.0694,37.9272,0.0000,0,ChildNeutralIdle,0.2121,0.2010,0.000
72.101,street,Deniz,-2.2932,0.0041,40.1048,0.0000,0,ChildNeutralIdle,0.2656,0.2867,0.000
72.101,street,Can,-1.9663,0.0694,37.9272,0.0000,0,ChildNeutralIdle,0.2121,0.2011,0.000
72.136,street,Deniz,-2.2932,0.0041,40.1048,0.0000,0,ChildNeutralIdle,0.2655,0.2868,0.000
72.136,street,Can,-1.9663,0.0694,37.9272,0.0000,0,ChildNeutralIdle,0.2121,0.2013,0.000
72.169,street,Deniz,-2.2932,0.0041,40.1048,0.0000,0,ChildNeutralIdle,0.2655,0.2869,0.000
72.169,street,Can,-1.9663,0.0694,37.9272,0.0000,0,ChildNeutralIdle,0.2122,0.2015,0.000
72.203,street,Deniz,-2.2932,0.0041,40.1048,0.0000,0,ChildNeutralIdle,0.2654,0.2871,0.000
72.203,street,Can,-1.9663,0.0694,37.9272,0.0000,0,ChildNeutralIdle,0.2122,0.2016,0.000
72.236,street,Deniz,-2.2932,0.0041,40.1048,0.0000,0,ChildNeutralIdle,0.2654,0.2872,0.000
72.236,street,Can,-1.9663,0.0694,37.9272,0.0000,0,ChildNeutralIdle,0.2123,0.2018,0.000
72.269,street,Deniz,-2.2932,0.0041,40.1048,0.0000,0,ChildNeutralIdle,0.2654,0.2874,0.000
72.269,street,Can,-1.9663,0.0694,37.9272,0.0000,0,ChildNeutralIdle,0.2124,0.2020,0.000
72.304,street,Deniz,-2.2932,0.0041,40.1048,0.0000,0,ChildNeutralIdle,0.2653,0.2875,0.000
72.304,street,Can,-1.9663,0.0694,37.9272,0.0000,0,ChildNeutralIdle,0.2126,0.2021,0.000
72.338,street,Deniz,-2.2932,0.0041,40.1048,0.0000,0,ChildNeutralIdle,0.2653,0.2877,0.000
72.338,street,Can,-1.9663,0.0694,37.9272,0.0000,0,ChildNeutralIdle,0.2127,0.2023,0.000
72.370,street,Deniz,-2.2932,0.0041,40.1048,0.0000,0,ChildNeutralIdle,0.2654,0.2879,0.000
72.370,street,Can,-1.9663,0.0694,37.9272,0.0000,0,ChildNeutralIdle,0.2129,0.2025,0.000
72.404,street,Deniz,-2.2932,0.0041,40.1048,0.0000,0,ChildNeutralIdle,0.2654,0.2881,0.000
72.404,street,Can,-1.9663,0.0694,37.9272,0.0000,0,ChildNeutralIdle,0.2131,0.2026,0.000
72.434,street,Deniz,-2.2932,0.0041,40.1048,0.0000,0,ChildNeutralIdle,0.2654,0.2883,0.000
72.434,street,Can,-1.9663,0.0694,37.9272,0.0000,0,ChildNeutralIdle,0.2133,0.2028,0.000
72.469,street,Deniz,-2.2932,0.0041,40.1048,0.0000,0,ChildNeutralIdle,0.2655,0.2885,0.000
72.469,street,Can,-1.9663,0.0694,37.9272,0.0000,0,ChildNeutralIdle,0.2135,0.2030,0.000
72.502,street,Deniz,-2.2932,0.0041,40.1048,0.0000,0,ChildNeutralIdle,0.2655,0.2888,0.000
72.502,street,Can,-1.9663,0.0694,37.9272,0.0000,0,ChildNeutralIdle,0.2138,0.2031,0.000
72.536,street,Deniz,-2.2932,0.0041,40.1048,0.0000,0,ChildNeutralIdle,0.2656,0.2890,0.000
72.536,street,Can,-1.9663,0.0694,37.9272,0.0000,0,ChildNeutralIdle,0.2140,0.2033,0.000
72.568,street,Deniz,-2.2932,0.0041,40.1048,0.0000,0,ChildNeutralIdle,0.2657,0.2892,0.000
72.568,street,Can,-1.9663,0.0694,37.9272,0.0000,0,ChildNeutralIdle,0.2143,0.2034,0.000
72.601,street,Deniz,-2.2932,0.0041,40.1048,0.0000,0,ChildNeutralIdle,0.2658,0.2893,0.000
72.601,street,Can,-1.9663,0.0694,37.9272,0.0000,0,ChildNeutralIdle,0.2146,0.2036,0.000
72.635,street,Deniz,-2.2932,0.0041,40.1048,0.0000,0,ChildNeutralIdle,0.2659,0.2895,0.000
72.635,street,Can,-1.9663,0.0694,37.9272,0.0000,0,ChildNeutralIdle,0.2149,0.2037,0.000
72.668,street,Deniz,-2.2932,0.0041,40.1048,0.0000,0,ChildNeutralIdle,0.2660,0.2897,0.000
72.668,street,Can,-1.9663,0.0694,37.9272,0.0000,0,ChildNeutralIdle,0.2152,0.2039,0.000
72.702,street,Deniz,-2.2932,0.0041,40.1048,0.0000,0,ChildNeutralIdle,0.2661,0.2898,0.000
72.702,street,Can,-1.9663,0.0694,37.9272,0.0000,0,ChildNeutralIdle,0.2155,0.2040,0.000
72.735,street,Deniz,-2.2932,0.0041,40.1048,0.0000,0,ChildNeutralIdle,0.2663,0.2900,0.000
72.735,street,Can,-1.9663,0.0694,37.9272,0.0000,0,ChildNeutralIdle,0.2159,0.2041,0.000
72.769,street,Deniz,-2.2932,0.0041,40.1048,0.0000,0,ChildNeutralIdle,0.2664,0.2901,0.000
72.769,street,Can,-1.9663,0.0694,37.9272,0.0000,0,ChildNeutralIdle,0.2162,0.2042,0.000
72.801,street,Deniz,-2.2932,0.0041,40.1048,0.0000,0,ChildNeutralIdle,0.2665,0.2902,0.000
72.801,street,Can,-1.9663,0.0694,37.9272,0.0000,0,ChildNeutralIdle,0.2165,0.2044,0.000
72.836,street,Deniz,-2.2932,0.0041,40.1048,0.0000,0,ChildNeutralIdle,0.2667,0.2903,0.000
72.836,street,Can,-1.9663,0.0694,37.9272,0.0000,0,ChildNeutralIdle,0.2168,0.2045,0.000
72.868,street,Deniz,-2.2932,0.0041,40.1048,0.0000,0,ChildNeutralIdle,0.2668,0.2904,0.000
72.868,street,Can,-1.9663,0.0694,37.9272,0.0000,0,ChildNeutralIdle,0.2172,0.2046,0.000
72.902,street,Deniz,-2.2932,0.0041,40.1048,0.0000,0,ChildNeutralIdle,0.2670,0.2905,0.000
72.902,street,Can,-1.9663,0.0694,37.9272,0.0000,0,ChildNeutralIdle,0.2175,0.2047,0.000
72.935,street,Deniz,-2.2932,0.0041,40.1048,0.0000,0,ChildNeutralIdle,0.2671,0.2906,0.000
72.935,street,Can,-1.9663,0.0694,37.9272,0.0000,0,ChildNeutralIdle,0.2178,0.2047,0.000
72.968,street,Deniz,-2.2932,0.0041,40.1048,0.0000,0,ChildNeutralIdle,0.2673,0.2907,0.000
72.968,street,Can,-1.9663,0.0694,37.9272,0.0000,0,ChildNeutralIdle,0.2181,0.2048,0.000
73.002,street,Deniz,-2.2932,0.0041,40.1048,0.0000,0,ChildNeutralIdle,0.2674,0.2907,0.000
73.002,street,Can,-1.9663,0.0694,37.9272,0.0000,0,ChildNeutralIdle,0.2185,0.2049,0.000
73.035,street,Deniz,-2.2932,0.0041,40.1048,0.0000,0,ChildNeutralIdle,0.2676,0.2908,0.000
73.035,street,Can,-1.9663,0.0694,37.9272,0.0000,0,ChildNeutralIdle,0.2188,0.2049,0.000
73.069,street,Deniz,-2.2932,0.0041,40.1048,0.0000,0,ChildNeutralIdle,0.2677,0.2908,0.000
73.069,street,Can,-1.9663,0.0694,37.9272,0.0000,0,ChildNeutralIdle,0.2191,0.2050,0.000
73.103,street,Deniz,-2.2932,0.0041,40.1048,0.0000,0,ChildNeutralIdle,0.2679,0.2909,0.000
73.103,street,Can,-1.9663,0.0694,37.9272,0.0000,0,ChildNeutralIdle,0.2193,0.2050,0.000
73.135,street,Deniz,-2.2932,0.0041,40.1048,0.0000,0,ChildNeutralIdle,0.2680,0.2909,0.000
73.135,street,Can,-1.9663,0.0694,37.9272,0.0000,0,ChildNeutralIdle,0.2196,0.2051,0.000
73.168,street,Deniz,-2.2932,0.0041,40.1048,0.0000,0,ChildNeutralIdle,0.2682,0.2909,0.000
73.168,street,Can,-1.9663,0.0694,37.9272,0.0000,0,ChildNeutralIdle,0.2199,0.2051,0.000
73.202,street,Deniz,-2.2932,0.0041,40.1048,0.0000,0,ChildNeutralIdle,0.2683,0.2909,0.000
73.202,street,Can,-1.9663,0.0694,37.9272,0.0000,0,ChildNeutralIdle,0.2201,0.2051,0.000
73.236,street,Deniz,-2.2932,0.0041,40.1048,0.0000,0,ChildNeutralIdle,0.2685,0.2909,0.000
73.236,street,Can,-1.9663,0.0694,37.9272,0.0000,0,ChildNeutralIdle,0.2203,0.2051,0.000
73.269,street,Deniz,-2.2932,0.0041,40.1048,0.0000,0,ChildNeutralIdle,0.2686,0.2909,0.000
73.269,street,Can,-1.9663,0.0694,37.9272,0.0000,0,ChildNeutralIdle,0.2206,0.2050,0.000
73.303,street,Deniz,-2.2932,0.0041,40.1048,0.0000,0,ChildNeutralIdle,0.2688,0.2909,0.000
73.303,street,Can,-1.9663,0.0694,37.9272,0.0000,0,ChildNeutralIdle,0.2207,0.2050,0.000
73.336,street,Deniz,-2.2932,0.0041,40.1048,0.0000,0,ChildNeutralIdle,0.2689,0.2909,0.000
73.336,street,Can,-1.9663,0.0694,37.9272,0.0000,0,ChildNeutralIdle,0.2209,0.2050,0.000
73.368,street,Deniz,-2.2932,0.0041,40.1048,0.0000,0,ChildNeutralIdle,0.2690,0.2909,0.000
73.368,street,Can,-1.9663,0.0694,37.9272,0.0000,0,ChildNeutralIdle,0.2210,0.2049,0.000
73.402,street,Deniz,-2.2932,0.0041,40.1048,0.0000,0,ChildNeutralIdle,0.2692,0.2908,0.000
73.402,street,Can,-1.9663,0.0694,37.9272,0.0000,0,ChildNeutralIdle,0.2211,0.2048,0.000
73.436,street,Deniz,-2.2932,0.0041,40.1048,0.0000,0,ChildNeutralIdle,0.2693,0.2908,0.000
73.436,street,Can,-1.9663,0.0694,37.9272,0.0000,0,ChildNeutralIdle,0.2212,0.2047,0.000
73.469,street,Deniz,-2.2932,0.0041,40.1048,0.0000,0,ChildNeutralIdle,0.2694,0.2907,0.000
73.469,street,Can,-1.9663,0.0694,37.9272,0.0000,0,ChildNeutralIdle,0.2213,0.2047,0.000
73.503,street,Deniz,-2.2932,0.0041,40.1048,0.0000,0,ChildNeutralIdle,0.2695,0.2907,0.000
73.503,street,Can,-1.9663,0.0694,37.9272,0.0000,0,ChildNeutralIdle,0.2213,0.2046,0.000
73.536,street,Deniz,-2.2932,0.0041,40.1048,0.0000,0,ChildNeutralIdle,0.2696,0.2906,0.000
73.536,street,Can,-1.9663,0.0694,37.9272,0.0000,0,ChildNeutralIdle,0.2214,0.2044,0.000
73.570,street,Deniz,-2.2932,0.0041,40.1048,0.0000,0,ChildNeutralIdle,0.2697,0.2905,0.000
73.570,street,Can,-1.9663,0.0694,37.9272,0.0000,0,ChildNeutralIdle,0.2214,0.2043,0.000
73.602,street,Deniz,-2.2932,0.0041,40.1048,0.0000,0,ChildNeutralIdle,0.2698,0.2904,0.000
73.602,street,Can,-1.9663,0.0694,37.9272,0.0000,0,ChildNeutralIdle,0.2213,0.2042,0.000
73.636,street,Deniz,-2.2932,0.0041,40.1048,0.0000,0,ChildNeutralIdle,0.2699,0.2903,0.000
73.636,street,Can,-1.9663,0.0694,37.9272,0.0000,0,ChildNeutralIdle,0.2213,0.2041,0.000
73.669,street,Deniz,-2.2932,0.0041,40.1048,0.0000,0,ChildNeutralIdle,0.2699,0.2902,0.000
73.669,street,Can,-1.9663,0.0694,37.9272,0.0000,0,ChildNeutralIdle,0.2213,0.2039,0.000
73.702,street,Deniz,-2.2932,0.0041,40.1048,0.0000,0,ChildNeutralIdle,0.2700,0.2901,0.000
73.702,street,Can,-1.9663,0.0694,37.9272,0.0000,0,ChildNeutralIdle,0.2212,0.2038,0.000
73.736,street,Deniz,-2.2932,0.0041,40.1048,0.0000,0,ChildNeutralIdle,0.2700,0.2899,0.000
73.736,street,Can,-1.9663,0.0694,37.9272,0.0000,0,ChildNeutralIdle,0.2211,0.2037,0.000
73.769,street,Deniz,-2.2932,0.0041,40.1048,0.0000,0,ChildNeutralIdle,0.2701,0.2898,0.000
73.769,street,Can,-1.9663,0.0694,37.9272,0.0000,0,ChildNeutralIdle,0.2210,0.2035,0.000
73.803,street,Deniz,-2.2932,0.0041,40.1048,0.0000,0,ChildNeutralIdle,0.2701,0.2896,0.000
73.803,street,Can,-1.9663,0.0694,37.9272,0.0000,0,ChildNeutralIdle,0.2208,0.2034,0.000
73.835,street,Deniz,-2.2932,0.0041,40.1048,0.0000,0,ChildNeutralIdle,0.2701,0.2895,0.000
73.835,street,Can,-1.9663,0.0694,37.9272,0.0000,0,ChildNeutralIdle,0.2207,0.2032,0.000
73.868,street,Deniz,-2.2932,0.0041,40.1048,0.0000,0,ChildNeutralIdle,0.2701,0.2893,0.000
73.868,street,Can,-1.9663,0.0694,37.9272,0.0000,0,ChildNeutralIdle,0.2205,0.2030,0.000
73.902,street,Deniz,-2.2932,0.0041,40.1048,0.0000,0,ChildNeutralIdle,0.2700,0.2892,0.000
73.902,street,Can,-1.9663,0.0694,37.9272,0.0000,0,ChildNeutralIdle,0.2203,0.2029,0.000
73.935,street,Deniz,-2.2932,0.0041,40.1048,0.0000,0,ChildNeutralIdle,0.2700,0.2890,0.000
73.935,street,Can,-1.9663,0.0694,37.9272,0.0000,0,ChildNeutralIdle,0.2201,0.2027,0.000
73.968,street,Deniz,-2.2932,0.0041,40.1048,0.0000,0,ChildNeutralIdle,0.2699,0.2889,0.000
73.968,street,Can,-1.9663,0.0694,37.9272,0.0000,0,ChildNeutralIdle,0.2199,0.2026,0.000
74.001,street,Deniz,-2.2932,0.0041,40.1048,0.0000,0,ChildNeutralIdle,0.2698,0.2888,0.000
74.001,street,Can,-1.9663,0.0694,37.9272,0.0000,0,ChildNeutralIdle,0.2196,0.2024,0.000
74.036,street,Deniz,-2.2932,0.0041,40.1048,0.0000,0,ChildNeutralIdle,0.2697,0.2886,0.000
74.036,street,Can,-1.9663,0.0694,37.9272,0.0000,0,ChildNeutralIdle,0.2193,0.2022,0.000
74.069,street,Deniz,-2.2932,0.0041,40.1048,0.0000,0,ChildNeutralIdle,0.2696,0.2885,0.000
74.069,street,Can,-1.9663,0.0694,37.9272,0.0000,0,ChildNeutralIdle,0.2191,0.2021,0.000
74.101,street,Deniz,-2.2932,0.0041,40.1048,0.0000,0,ChildNeutralIdle,0.2695,0.2884,0.000
74.101,street,Can,-1.9663,0.0694,37.9272,0.0000,0,ChildNeutralIdle,0.2188,0.2019,0.000
74.135,street,Deniz,-2.2932,0.0041,40.1048,0.0000,0,ChildNeutralIdle,0.2694,0.2882,0.000
74.135,street,Can,-1.9663,0.0694,37.9272,0.0000,0,ChildNeutralIdle,0.2184,0.2018,0.000
74.168,street,Deniz,-2.2932,0.0041,40.1048,0.0000,0,ChildNeutralIdle,0.2693,0.2881,0.000
74.168,street,Can,-1.9663,0.0694,37.9272,0.0000,0,ChildNeutralIdle,0.2181,0.2016,0.000
74.201,street,Deniz,-2.2932,0.0041,40.1048,0.0000,0,ChildNeutralIdle,0.2691,0.2880,0.000
74.201,street,Can,-1.9663,0.0694,37.9272,0.0000,0,ChildNeutralIdle,0.2178,0.2015,0.000
74.235,street,Deniz,-2.2932,0.0041,40.1048,0.0000,0,ChildNeutralIdle,0.2690,0.2879,0.000
74.235,street,Can,-1.9663,0.0694,37.9272,0.0000,0,ChildNeutralIdle,0.2175,0.2014,0.000
74.268,street,Deniz,-2.2932,0.0041,40.1048,0.0000,0,ChildNeutralIdle,0.2688,0.2878,0.000
74.268,street,Can,-1.9663,0.0694,37.9272,0.0000,0,ChildNeutralIdle,0.2171,0.2012,0.000
74.301,street,Deniz,-2.2932,0.0041,40.1048,0.0000,0,ChildNeutralIdle,0.2687,0.2876,0.000
74.301,street,Can,-1.9663,0.0694,37.9272,0.0000,0,ChildNeutralIdle,0.2168,0.2011,0.000
74.335,street,Deniz,-2.2932,0.0041,40.1048,0.0000,0,ChildNeutralIdle,0.2685,0.2875,0.000
74.335,street,Can,-1.9663,0.0694,37.9272,0.0000,0,ChildNeutralIdle,0.2164,0.2010,0.000
74.369,street,Deniz,-2.2932,0.0041,40.1048,0.0000,0,ChildNeutralIdle,0.2683,0.2874,0.000
74.369,street,Can,-1.9663,0.0694,37.9272,0.0000,0,ChildNeutralIdle,0.2161,0.2009,0.000
74.401,street,Deniz,-2.2932,0.0041,40.1048,0.0000,0,ChildNeutralIdle,0.2682,0.2873,0.000
74.401,street,Can,-1.9663,0.0694,37.9272,0.0000,0,ChildNeutralIdle,0.2158,0.2008,0.000
74.435,street,Deniz,-2.2932,0.0041,40.1048,0.0000,0,ChildNeutralIdle,0.2680,0.2873,0.000
74.435,street,Can,-1.9663,0.0694,37.9272,0.0000,0,ChildNeutralIdle,0.2154,0.2007,0.000
74.468,street,Deniz,-2.2932,0.0041,40.1048,0.0000,0,ChildNeutralIdle,0.2678,0.2872,0.000
74.468,street,Can,-1.9663,0.0694,37.9272,0.0000,0,ChildNeutralIdle,0.2151,0.2006,0.000
74.501,street,Deniz,-2.2932,0.0041,40.1048,0.0000,0,ChildNeutralIdle,0.2676,0.2871,0.000
74.501,street,Can,-1.9663,0.0694,37.9272,0.0000,0,ChildNeutralIdle,0.2148,0.2005,0.000
74.535,street,Deniz,-2.2932,0.0041,40.1048,0.0000,0,ChildNeutralIdle,0.2675,0.2871,0.000
74.535,street,Can,-1.9663,0.0694,37.9272,0.0000,0,ChildNeutralIdle,0.2144,0.2005,0.000
74.568,street,Deniz,-2.2932,0.0041,40.1048,0.0000,0,ChildNeutralIdle,0.2673,0.2870,0.000
74.568,street,Can,-1.9663,0.0694,37.9272,0.0000,0,ChildNeutralIdle,0.2141,0.2004,0.000
74.602,street,Deniz,-2.2932,0.0041,40.1048,0.0000,0,ChildNeutralIdle,0.2671,0.2870,0.000
74.602,street,Can,-1.9663,0.0694,37.9272,0.0000,0,ChildNeutralIdle,0.2138,0.2004,0.000
74.635,street,Deniz,-2.2932,0.0041,40.1048,0.0000,0,ChildNeutralIdle,0.2669,0.2870,0.000
74.635,street,Can,-1.9663,0.0694,37.9272,0.0000,0,ChildNeutralIdle,0.2136,0.2004,0.000
