time,phase,actor,x,y,z,speed,onOffMeshLink,clip,leftFootY,rightFootY,upAngle
10.122,corridor,Deniz,0.0000,4.0200,-8.5500,0.0000,0,ChildNeutralIdle,4.2809,4.3038,0.000
10.122,corridor,Can,-0.7000,4.0200,-9.0500,0.0000,0,ChildNeutralIdle,4.1633,4.1511,0.000
10.137,corridor,Deniz,0.0000,3.9884,-8.5500,0.0000,0,ChildNeutralIdle,4.2493,4.2723,0.000
10.137,corridor,Can,-0.7000,4.0238,-9.0500,0.0000,0,ChildNeutralIdle,4.1670,4.1548,0.000
10.142,corridor,Deniz,0.0000,3.9884,-8.5500,0.0000,0,ChildNeutralIdle,4.2493,4.2725,0.000
10.142,corridor,Can,-0.7000,4.0238,-9.0500,0.0000,0,ChildNeutralIdle,4.1669,4.1549,0.000
10.148,corridor,Deniz,0.0000,3.9884,-8.5500,0.0000,0,ChildNeutralIdle,4.2494,4.2727,0.000
10.148,corridor,Can,-0.7000,4.0238,-9.0500,0.0000,0,ChildNeutralIdle,4.1667,4.1551,0.000
10.153,corridor,Deniz,0.0000,3.9884,-8.5500,0.0000,0,ChildNeutralIdle,4.2495,4.2729,0.000
10.153,corridor,Can,-0.7000,4.0238,-9.0500,0.0000,0,ChildNeutralIdle,4.1666,4.1552,0.000
10.157,corridor,Deniz,0.0000,3.9884,-8.5500,0.0000,0,ChildNeutralIdle,4.2495,4.2730,0.000
10.157,corridor,Can,-0.7000,4.0238,-9.0500,0.0000,0,ChildNeutralIdle,4.1665,4.1554,0.000
10.162,corridor,Deniz,0.0000,3.9884,-8.5500,0.0000,0,ChildNeutralIdle,4.2496,4.2732,0.000
10.162,corridor,Can,-0.7000,4.0238,-9.0500,0.0000,0,ChildNeutralIdle,4.1664,4.1555,0.000
10.167,corridor,Deniz,0.0000,3.9884,-8.5500,0.0000,0,ChildNeutralIdle,4.2497,4.2734,0.000
10.167,corridor,Can,-0.7000,4.0238,-9.0500,0.0000,0,ChildNeutralIdle,4.1664,4.1557,0.000
10.200,corridor,Deniz,0.0000,3.9884,-8.5500,0.0000,0,ChildNeutralIdle,4.2499,4.2736,0.000
10.200,corridor,Can,-0.7000,4.0238,-9.0500,0.0000,0,ChildNeutralIdle,4.1664,4.1559,0.000
10.234,corridor,Deniz,0.0000,3.9884,-8.5500,0.0000,0,ChildNeutralIdle,4.2500,4.2738,0.000
10.234,corridor,Can,-0.7000,4.0238,-9.0500,0.0000,0,ChildNeutralIdle,4.1664,4.1561,0.000
10.267,corridor,Deniz,0.0000,3.9884,-8.5500,0.0000,0,ChildNeutralIdle,4.2501,4.2739,0.000
10.267,corridor,Can,-0.7000,4.0238,-9.0500,0.0000,0,ChildNeutralIdle,4.1665,4.1563,0.000
10.301,corridor,Deniz,0.0000,3.9884,-8.5500,0.0000,0,ChildNeutralIdle,4.2503,4.2741,0.000
10.301,corridor,Can,-0.7000,4.0238,-9.0500,0.0000,0,ChildNeutralIdle,4.1666,4.1565,0.000
10.341,corridor,Deniz,0.0000,3.9884,-8.5500,0.0000,0,ChildNeutralIdle,4.2504,4.2742,0.000
10.341,corridor,Can,-0.7000,4.0238,-9.0500,0.0000,0,ChildNeutralIdle,4.1667,4.1567,0.000
10.367,corridor,Deniz,0.0000,3.9884,-8.5500,0.0000,0,ChildNeutralIdle,4.2506,4.2744,0.000
10.367,corridor,Can,-0.7000,4.0238,-9.0500,0.0000,0,ChildNeutralIdle,4.1669,4.1569,0.000
10.401,corridor,Deniz,0.0000,3.9884,-8.5500,0.0000,0,ChildNeutralIdle,4.2508,4.2745,0.000
10.401,corridor,Can,-0.7000,4.0238,-9.0500,0.0000,0,ChildNeutralIdle,4.1670,4.1571,0.000
10.435,corridor,Deniz,0.0000,3.9884,-8.5500,0.0000,0,ChildNeutralIdle,4.2510,4.2746,0.000
10.435,corridor,Can,-0.7000,4.0238,-9.0500,0.0000,0,ChildNeutralIdle,4.1673,4.1573,0.000
10.468,corridor,Deniz,0.0000,3.9884,-8.5500,0.0000,0,ChildNeutralIdle,4.2512,4.2748,0.000
10.468,corridor,Can,-0.7000,4.0238,-9.0500,0.0000,0,ChildNeutralIdle,4.1675,4.1575,0.000
10.502,corridor,Deniz,0.0000,3.9884,-8.5500,0.0000,0,ChildNeutralIdle,4.2514,4.2749,0.000
10.502,corridor,Can,-0.7000,4.0238,-9.0500,0.0000,0,ChildNeutralIdle,4.1678,4.1577,0.000
10.534,corridor,Deniz,0.0000,3.9884,-8.5500,0.0000,0,ChildNeutralIdle,4.2516,4.2750,0.000
10.534,corridor,Can,-0.7000,4.0238,-9.0500,0.0000,0,ChildNeutralIdle,4.1681,4.1579,0.000
10.567,corridor,Deniz,0.0000,3.9884,-8.5500,0.0000,0,ChildNeutralIdle,4.2518,4.2751,0.000
10.567,corridor,Can,-0.7000,4.0238,-9.0500,0.0000,0,ChildNeutralIdle,4.1684,4.1581,0.000
10.601,corridor,Deniz,0.0000,3.9884,-8.5500,0.0000,0,ChildNeutralIdle,4.2520,4.2751,0.000
10.601,corridor,Can,-0.7000,4.0238,-9.0500,0.0000,0,ChildNeutralIdle,4.1687,4.1583,0.000
10.634,corridor,Deniz,0.0000,3.9884,-8.5500,0.0000,0,ChildNeutralIdle,4.2522,4.2752,0.000
10.634,corridor,Can,-0.7000,4.0238,-9.0500,0.0000,0,ChildNeutralIdle,4.1691,4.1585,0.000
10.667,corridor,Deniz,0.0000,3.9884,-8.5500,0.0000,0,ChildNeutralIdle,4.2524,4.2752,0.000
10.667,corridor,Can,-0.7000,4.0238,-9.0500,0.0000,0,ChildNeutralIdle,4.1694,4.1586,0.000
10.701,corridor,Deniz,0.0000,3.9884,-8.5500,0.0000,0,ChildNeutralIdle,4.2526,4.2753,0.000
10.701,corridor,Can,-0.7000,4.0238,-9.0500,0.0000,0,ChildNeutralIdle,4.1698,4.1588,0.000
10.734,corridor,Deniz,0.0000,3.9884,-8.5500,0.0000,0,ChildNeutralIdle,4.2528,4.2753,0.000
10.734,corridor,Can,-0.7000,4.0238,-9.0500,0.0000,0,ChildNeutralIdle,4.1702,4.1589,0.000
10.768,corridor,Deniz,0.0000,3.9884,-8.5500,0.0000,0,ChildNeutralIdle,4.2530,4.2753,0.000
10.768,corridor,Can,-0.7000,4.0238,-9.0500,0.0000,0,ChildNeutralIdle,4.1706,4.1591,0.000
10.801,corridor,Deniz,0.0000,3.9884,-8.5500,0.0000,0,ChildNeutralIdle,4.2532,4.2753,0.000
10.801,corridor,Can,-0.7000,4.0238,-9.0500,0.0000,0,ChildNeutralIdle,4.1710,4.1592,0.000
10.834,corridor,Deniz,0.0000,3.9884,-8.5500,0.0000,0,ChildNeutralIdle,4.2534,4.2752,0.000
10.834,corridor,Can,-0.7000,4.0238,-9.0500,0.0000,0,ChildNeutralIdle,4.1714,4.1593,0.000
10.867,corridor,Deniz,0.0000,3.9884,-8.5500,0.0000,0,ChildNeutralIdle,4.2536,4.2752,0.000
10.867,corridor,Can,-0.7000,4.0238,-9.0500,0.0000,0,ChildNeutralIdle,4.1718,4.1594,0.000
10.901,corridor,Deniz,0.0000,3.9884,-8.5500,0.0000,0,ChildNeutralIdle,4.2537,4.2751,0.000
10.901,corridor,Can,-0.7000,4.0238,-9.0500,0.0000,0,ChildNeutralIdle,4.1722,4.1594,0.000
10.934,corridor,Deniz,0.0000,3.9884,-8.5500,0.0000,0,ChildNeutralIdle,4.2539,4.2751,0.000
10.934,corridor,Can,-0.7000,4.0238,-9.0500,0.0000,0,ChildNeutralIdle,4.1726,4.1595,0.000
10.968,corridor,Deniz,0.0000,3.9884,-8.5500,0.0000,0,ChildNeutralIdle,4.2540,4.2750,0.000
10.968,corridor,Can,-0.7000,4.0238,-9.0500,0.0000,0,ChildNeutralIdle,4.1730,4.1595,0.000
11.000,corridor,Deniz,0.0000,3.9884,-8.5500,0.0000,0,ChildNeutralIdle,4.2542,4.2749,0.000
11.000,corridor,Can,-0.7000,4.0238,-9.0500,0.0000,0,ChildNeutralIdle,4.1733,4.1595,0.000
11.034,corridor,Deniz,0.0000,3.9884,-8.5500,0.0000,0,ChildNeutralIdle,4.2543,4.2748,0.000
11.034,corridor,Can,-0.7000,4.0238,-9.0500,0.0000,0,ChildNeutralIdle,4.1736,4.1596,0.000
11.067,corridor,Deniz,0.0000,3.9884,-8.5500,0.0000,0,ChildNeutralIdle,4.2544,4.2747,0.000
11.067,corridor,Can,-0.7000,4.0238,-9.0500,0.0000,0,ChildNeutralIdle,4.1739,4.1595,0.000
11.101,corridor,Deniz,0.0000,3.9884,-8.5500,0.0000,0,ChildNeutralIdle,4.2545,4.2746,0.000
11.101,corridor,Can,-0.7000,4.0238,-9.0500,0.0000,0,ChildNeutralIdle,4.1742,4.1595,0.000
11.134,corridor,Deniz,0.0000,3.9884,-8.5500,0.0000,0,ChildNeutralIdle,4.2545,4.2745,0.000
11.134,corridor,Can,-0.7000,4.0238,-9.0500,0.0000,0,ChildNeutralIdle,4.1745,4.1595,0.000
11.167,corridor,Deniz,0.0000,3.9884,-8.5500,0.0000,0,ChildNeutralIdle,4.2546,4.2744,0.000
11.167,corridor,Can,-0.7000,4.0238,-9.0500,0.0000,0,ChildNeutralIdle,4.1747,4.1594,0.000
11.201,corridor,Deniz,0.0000,3.9884,-8.5500,0.0000,0,ChildNeutralIdle,4.2546,4.2743,0.000
11.201,corridor,Can,-0.7000,4.0238,-9.0500,0.0000,0,ChildNeutralIdle,4.1749,4.1593,0.000
11.234,corridor,Deniz,0.0000,3.9884,-8.5500,0.0000,0,ChildNeutralIdle,4.2546,4.2741,0.000
11.234,corridor,Can,-0.7000,4.0238,-9.0500,0.0000,0,ChildNeutralIdle,4.1751,4.1592,0.000
11.267,corridor,Deniz,0.0000,3.9884,-8.5500,0.0000,0,ChildNeutralIdle,4.2546,4.2739,0.000
11.267,corridor,Can,-0.7000,4.0238,-9.0500,0.0000,0,ChildNeutralIdle,4.1752,4.1591,0.000
11.300,corridor,Deniz,0.0000,3.9884,-8.5500,0.0000,0,ChildNeutralIdle,4.2545,4.2737,0.000
11.300,corridor,Can,-0.7000,4.0238,-9.0500,0.0000,0,ChildNeutralIdle,4.1753,4.1589,0.000
11.336,corridor,Deniz,0.0000,3.9884,-8.5500,0.0000,0,ChildNeutralIdle,4.2544,4.2736,0.000
11.336,corridor,Can,-0.7000,4.0238,-9.0500,0.0000,0,ChildNeutralIdle,4.1753,4.1588,0.000
11.370,corridor,Deniz,0.0000,3.9885,-8.5400,0.3000,0,ChildNeutralIdle,4.2544,4.2734,0.000
11.370,corridor,Can,-0.7000,4.0238,-9.0500,0.0000,0,ChildNeutralIdle,4.1753,4.1586,0.000
11.401,corridor,Deniz,0.0000,3.9886,-8.5200,0.6000,0,ChildNeutralIdle+ChildNaturalWalk,4.2523,4.2756,0.000
11.401,corridor,Can,-0.7000,4.0238,-9.0500,0.0000,0,ChildNeutralIdle,4.1753,4.1585,0.000
11.433,corridor,Deniz,0.0000,3.9887,-8.4900,0.9000,0,ChildNeutralIdle+ChildNaturalWalk,4.2491,4.2798,0.000
11.433,corridor,Can,-0.7000,4.0238,-9.0500,0.0000,0,ChildNeutralIdle,4.1753,4.1583,0.000
11.468,corridor,Deniz,0.0000,3.9889,-8.4500,1.2000,0,ChildNeutralIdle+ChildNaturalWalk,4.2459,4.2861,0.000
11.468,corridor,Can,-0.7000,4.0238,-9.0500,0.0000,0,ChildNeutralIdle,4.1752,4.1581,0.000
11.500,corridor,Deniz,0.0000,3.9891,-8.4000,1.5000,0,ChildNeutralIdle+ChildNaturalWalk,4.2439,4.2957,0.000
11.500,corridor,Can,-0.7000,4.0238,-9.0500,0.0000,0,ChildNeutralIdle,4.1751,4.1579,0.000
11.534,corridor,Deniz,0.0000,3.9894,-8.3417,1.7500,0,ChildNeutralIdle+ChildNaturalWalk,4.2445,4.3104,0.000
11.534,corridor,Can,-0.7000,4.0238,-9.0500,0.0000,0,ChildNeutralIdle,4.1750,4.1577,0.000
11.567,corridor,Deniz,0.0000,3.9896,-8.2833,1.7500,0,ChildNeutralIdle+ChildNaturalWalk,4.2495,4.3317,0.000
11.567,corridor,Can,-0.7000,4.0238,-9.0500,0.0000,0,ChildNeutralIdle,4.1749,4.1575,0.000
11.600,corridor,Deniz,0.0000,3.9899,-8.2250,1.7500,0,ChildNaturalWalk,4.2541,4.3311,0.000
11.600,corridor,Can,-0.7000,4.0238,-9.0500,0.0000,0,ChildNeutralIdle,4.1747,4.1573,0.000
11.634,corridor,Deniz,0.0000,3.9901,-8.1667,1.7500,0,ChildNaturalWalk,4.2592,4.3207,0.000
11.634,corridor,Can,-0.7000,4.0238,-9.0500,0.0000,0,ChildNeutralIdle,4.1745,4.1571,0.000
11.667,corridor,Deniz,0.0000,3.9904,-8.1083,1.7500,0,ChildNaturalWalk,4.2643,4.3060,0.000
11.667,corridor,Can,-0.7000,4.0238,-9.0500,0.0000,0,ChildNeutralIdle,4.1743,4.1569,0.000
11.701,corridor,Deniz,0.0000,3.9907,-8.0500,1.7500,0,ChildNaturalWalk,4.2701,4.2916,0.000
11.701,corridor,Can,-0.7000,4.0238,-9.0500,0.0000,0,ChildNeutralIdle,4.1741,4.1566,0.000
11.735,corridor,Deniz,0.0000,3.9909,-7.9917,1.7500,0,ChildNaturalWalk,4.2767,4.2775,0.000
11.735,corridor,Can,-0.7000,4.0238,-9.0500,0.0000,0,ChildNeutralIdle,4.1738,4.1564,0.000
11.767,corridor,Deniz,0.0000,3.9912,-7.9333,1.7500,0,ChildNaturalWalk,4.2832,4.2681,0.000
11.767,corridor,Can,-0.7000,4.0238,-9.0500,0.0000,0,ChildNeutralIdle,4.1735,4.1562,0.000
11.801,corridor,Deniz,0.0000,3.9914,-7.8750,1.7500,0,ChildNaturalWalk,4.2931,4.2580,0.000
11.801,corridor,Can,-0.7000,4.0238,-9.0500,0.0000,0,ChildNeutralIdle,4.1732,4.1560,0.000
11.834,corridor,Deniz,0.0000,3.9917,-7.8167,1.7500,0,ChildNaturalWalk,4.3014,4.2517,0.000
11.834,corridor,Can,-0.6953,4.0238,-9.0425,0.2667,0,ChildNeutralIdle,4.1729,4.1558,0.000
11.868,corridor,Deniz,0.0000,3.9919,-7.7583,1.7500,0,ChildNaturalWalk,4.3148,4.2507,0.000
11.868,corridor,Can,-0.6858,4.0238,-9.0274,0.5333,0,ChildNeutralIdle+ChildNaturalWalk,4.1717,4.1565,0.000
11.900,corridor,Deniz,0.0000,3.9922,-7.7000,1.7500,0,ChildNaturalWalk,4.3325,4.2516,0.000
11.900,corridor,Can,-0.6717,4.0239,-9.0048,0.8000,0,ChildNeutralIdle+ChildNaturalWalk,4.1702,4.1592,0.000
11.934,corridor,Deniz,0.0000,3.9925,-7.6417,1.7500,0,ChildNaturalWalk,4.3384,4.2549,0.000
11.934,corridor,Can,-0.6622,4.0240,-8.9897,0.5333,0,ChildNeutralIdle+ChildNaturalWalk,4.1690,4.1655,0.000
11.967,corridor,Deniz,0.0000,3.9927,-7.5833,1.7500,0,ChildNaturalWalk,4.3244,4.2596,0.000
11.967,corridor,Can,-0.6575,4.0240,-8.9822,0.2667,0,ChildNeutralIdle+ChildNaturalWalk,4.1686,4.1684,0.000
12.000,corridor,Deniz,0.0000,3.9930,-7.5250,1.7500,0,ChildNaturalWalk,4.2998,4.2648,0.000
12.000,corridor,Can,-0.6490,4.0240,-8.9666,0.5323,0,ChildNeutralIdle+ChildNaturalWalk,4.1684,4.1672,0.000
12.034,corridor,Deniz,0.0000,3.9932,-7.4667,1.7500,0,ChildNaturalWalk,4.2737,4.2692,0.000
12.034,corridor,Can,-0.6368,4.0241,-8.9430,0.7986,0,ChildNeutralIdle+ChildNaturalWalk,4.1682,4.1699,0.000
12.067,corridor,Deniz,0.0000,3.9935,-7.4083,1.7500,0,ChildNaturalWalk,4.2698,4.2730,0.000
12.067,corridor,Can,-0.6208,4.0242,-8.9113,1.0651,0,ChildNeutralIdle+ChildNaturalWalk,4.1684,4.1759,0.000
12.101,corridor,Deniz,0.0000,3.9938,-7.3500,1.7500,0,ChildNaturalWalk,4.2765,4.2763,0.000
12.101,corridor,Can,-0.6011,4.0243,-8.8715,1.3316,0,ChildNeutralIdle+ChildNaturalWalk,4.1694,4.1853,0.000
12.134,corridor,Deniz,0.0000,3.9940,-7.2917,1.7500,0,ChildNaturalWalk,4.2737,4.2813,0.000
12.134,corridor,Can,-0.5777,4.0245,-8.8237,1.5982,0,ChildNeutralIdle+ChildNaturalWalk,4.1714,4.1966,0.000
12.167,corridor,Deniz,0.0000,3.9943,-7.2333,1.7500,0,ChildNaturalWalk,4.2606,4.2905,0.000
12.167,corridor,Can,-0.5575,4.0246,-8.7725,1.6500,0,ChildNeutralIdle+ChildNaturalWalk,4.1754,4.2061,0.000
12.200,corridor,Deniz,0.0000,3.9945,-7.1750,1.7500,0,ChildNaturalWalk,4.2517,4.3024,0.000
12.200,corridor,Can,-0.5374,4.0248,-8.7213,1.6500,0,ChildNaturalWalk,4.1783,4.2043,0.000
12.235,corridor,Deniz,0.0000,3.9948,-7.1167,1.7500,0,ChildNaturalWalk,4.2516,4.3184,0.000
12.235,corridor,Can,-0.5173,4.0249,-8.6701,1.6500,0,ChildNaturalWalk,4.1802,4.2006,0.000
12.268,corridor,Deniz,0.0000,3.9950,-7.0583,1.7500,0,ChildNaturalWalk,4.2547,4.3370,0.000
12.268,corridor,Can,-0.4972,4.0251,-8.6189,1.6500,0,ChildNaturalWalk,4.1849,4.1938,0.000
12.301,corridor,Deniz,0.0000,3.9953,-7.0000,1.7500,0,ChildNaturalWalk,4.2580,4.3398,0.000
12.301,corridor,Can,-0.4772,4.0252,-8.5677,1.6500,0,ChildNaturalWalk,4.1935,4.1859,0.000
12.335,corridor,Deniz,0.0000,3.9956,-6.9417,1.7500,0,ChildNaturalWalk,4.2627,4.3303,0.000
12.335,corridor,Can,-0.4605,4.0254,-8.5153,1.6500,0,ChildNaturalWalk,4.1996,4.1808,0.000
12.367,corridor,Deniz,0.0000,3.9958,-6.8833,1.7500,0,ChildNaturalWalk,4.2680,4.3177,0.000
12.367,corridor,Can,-0.4439,4.0256,-8.4628,1.6500,0,ChildNaturalWalk,4.2044,4.1767,0.000
12.400,corridor,Deniz,0.0000,3.9961,-6.8250,1.7500,0,ChildNaturalWalk,4.2733,4.3020,0.000
12.400,corridor,Can,-0.4273,4.0257,-8.4104,1.6500,0,ChildNaturalWalk,4.2225,4.1740,0.000
12.434,corridor,Deniz,0.0000,3.9963,-6.7667,1.7500,0,ChildNaturalWalk,4.2795,4.2882,0.000
12.434,corridor,Can,-0.4108,4.0259,-8.3580,1.6500,0,ChildNaturalWalk,4.2316,4.1748,0.000
12.467,corridor,Deniz,0.0000,3.9966,-6.7084,1.7500,0,ChildNaturalWalk,4.2864,4.2780,0.000
12.467,corridor,Can,-0.3942,4.0261,-8.3055,1.6500,0,ChildNaturalWalk,4.2220,4.1766,0.000
12.500,corridor,Deniz,0.0000,3.9968,-6.6500,1.7500,0,ChildNaturalWalk,4.2943,4.2671,0.000
12.500,corridor,Can,-0.3804,4.0262,-8.2523,1.6500,0,ChildNaturalWalk,4.2062,4.1787,0.000
12.534,corridor,Deniz,0.0000,3.9971,-6.5917,1.7500,0,ChildNaturalWalk,4.3044,4.2588,0.000
12.534,corridor,Can,-0.3668,4.0264,-8.1990,1.6500,0,ChildNaturalWalk,4.1913,4.1790,0.000
12.567,corridor,Deniz,0.0000,3.9974,-6.5334,1.7500,0,ChildNaturalWalk,4.3147,4.2564,0.000
12.567,corridor,Can,-0.3531,4.0265,-8.1457,1.6500,0,ChildNaturalWalk,4.1946,4.1780,0.000
12.600,corridor,Deniz,0.0000,3.9976,-6.4750,1.7500,0,ChildNaturalWalk,4.3319,4.2564,0.000
12.600,corridor,Can,-0.3395,4.0267,-8.0924,1.6500,0,ChildNaturalWalk,4.1991,4.1770,0.000
12.634,corridor,Deniz,0.0000,3.9979,-6.4167,1.7500,0,ChildNaturalWalk,4.3438,4.2587,0.000
12.634,corridor,Can,-0.3259,4.0269,-8.0391,1.6500,0,ChildNaturalWalk,4.1975,4.1788,0.000
12.668,corridor,Deniz,0.0000,3.9981,-6.3584,1.7500,0,ChildNaturalWalk,4.3376,4.2633,0.000
12.668,corridor,Can,-0.3146,4.0270,-7.9853,1.6500,0,ChildNaturalWalk,4.1882,4.1850,0.000
12.701,corridor,Deniz,0.0000,3.9984,-6.3000,1.7500,0,ChildNaturalWalk,4.3150,4.2682,0.000
12.701,corridor,Can,-0.3033,4.0272,-7.9315,1.6500,0,ChildNaturalWalk,4.1788,4.1959,0.000
12.734,corridor,Deniz,0.0000,3.9986,-6.2417,1.7500,0,ChildNaturalWalk,4.2888,4.2734,0.000
12.734,corridor,Can,-0.2921,4.0274,-7.8776,1.6500,0,ChildNaturalWalk,4.1745,4.2096,0.000
12.767,corridor,Deniz,0.0000,3.9989,-6.1834,1.7500,0,ChildNaturalWalk,4.2739,4.2771,0.000
12.767,corridor,Can,-0.2809,4.0275,-7.8238,1.6500,0,ChildNaturalWalk,4.1744,4.2289,0.000
12.801,corridor,Deniz,0.0000,3.9992,-6.1250,1.7500,0,ChildNaturalWalk,4.2800,4.2807,0.000
12.801,corridor,Can,-0.2697,4.0277,-7.7700,1.6500,0,ChildNaturalWalk,4.1755,4.2346,0.000
12.834,corridor,Deniz,0.0000,3.9994,-6.0667,1.7500,0,ChildNaturalWalk,4.2820,4.2846,0.000
12.834,corridor,Can,-0.2604,4.0279,-7.7157,1.6500,0,ChildNaturalWalk,4.1775,4.2272,0.000
12.867,corridor,Deniz,0.0000,3.9997,-6.0084,1.7500,0,ChildNaturalWalk,4.2710,4.2921,0.000
12.867,corridor,Can,-0.2512,4.0280,-7.6615,1.6500,0,ChildNaturalWalk,4.1794,4.2185,0.000
12.901,corridor,Deniz,0.0000,3.9999,-5.9500,1.7500,0,ChildNaturalWalk,4.2598,4.3030,0.000
12.901,corridor,Can,-0.2420,4.0282,-7.6073,1.6500,0,ChildNaturalWalk,4.1810,4.2092,0.000
12.934,corridor,Deniz,0.0000,4.0002,-5.8917,1.7500,0,ChildNaturalWalk,4.2561,4.3172,0.000
12.934,corridor,Can,-0.2328,4.0284,-7.5531,1.6500,0,ChildNaturalWalk,4.1828,4.2054,0.000
12.967,corridor,Deniz,0.0000,4.0005,-5.8334,1.7500,0,ChildNaturalWalk,4.2591,4.3365,0.000
12.967,corridor,Can,-0.2236,4.0287,-7.4989,1.6500,0,ChildNaturalWalk,4.1862,4.2017,0.000
13.000,corridor,Deniz,0.0000,4.0007,-5.7750,1.7500,0,ChildNaturalWalk,4.2620,4.3460,0.000
13.000,corridor,Can,-0.2159,4.0291,-7.4444,1.6500,0,ChildNaturalWalk,4.1941,4.1920,0.000
13.039,corridor,Deniz,0.0000,4.0010,-5.7167,1.7500,0,ChildNaturalWalk,4.2662,4.3403,0.000
13.039,corridor,Can,-0.2083,4.0296,-7.3899,1.6500,0,ChildNaturalWalk,4.2023,4.1873,0.000
13.072,corridor,Deniz,0.0000,4.0012,-5.6584,1.7500,0,ChildNaturalWalk,4.2714,4.3283,0.000
13.072,corridor,Can,-0.2008,4.0300,-7.3354,1.6500,0,ChildNaturalWalk,4.2062,4.1826,0.000
13.106,corridor,Deniz,0.0000,4.0015,-5.6000,1.7500,0,ChildNaturalWalk,4.2768,4.3141,0.000
13.106,corridor,Can,-0.1932,4.0304,-7.2810,1.6500,0,ChildNaturalWalk,4.2207,4.1792,0.000
13.140,corridor,Deniz,0.0000,4.0017,-5.5417,1.7500,0,ChildNaturalWalk,4.2825,4.2981,0.000
13.140,corridor,Can,-0.1856,4.0309,-7.2265,1.6500,0,ChildNaturalWalk,4.2348,4.1790,0.000
13.172,corridor,Deniz,0.0000,4.0020,-5.4834,1.7500,0,ChildNaturalWalk,4.2897,4.2859,0.000
13.172,corridor,Can,-0.1793,4.0313,-7.1719,1.6500,0,ChildNaturalWalk,4.2331,4.1814,0.000
13.205,corridor,Deniz,0.0000,4.0023,-5.4250,1.7500,0,ChildNaturalWalk,4.2965,4.2763,0.000
13.205,corridor,Can,-0.1731,4.0317,-7.1172,1.6500,0,ChildNaturalWalk,4.2175,4.1834,0.000
13.239,corridor,Deniz,0.0000,4.0025,-5.3667,1.7500,0,ChildNaturalWalk,4.3068,4.2667,0.000
13.239,corridor,Can,-0.1669,4.0321,-7.0626,1.6500,0,ChildNaturalWalk,4.2019,4.1848,0.000
13.274,corridor,Deniz,0.0000,4.0028,-5.3084,1.7500,0,ChildNaturalWalk,4.3142,4.2623,0.000
13.274,corridor,Can,-0.1606,4.0325,-7.0079,1.6500,0,ChildNaturalWalk,4.1974,4.1846,0.000
13.305,corridor,Deniz,0.0000,4.0030,-5.2500,1.7500,0,ChildNaturalWalk,4.3305,4.2616,0.000
13.305,corridor,Can,-0.1544,4.0329,-6.9533,1.6500,0,ChildNaturalWalk,4.2037,4.1835,0.000
13.339,corridor,Deniz,0.0000,4.0033,-5.1917,1.7500,0,ChildNaturalWalk,4.3470,4.2631,0.000
13.339,corridor,Can,-0.1492,4.0333,-6.8985,1.6500,0,ChildNaturalWalk,4.2061,4.1842,0.000
13.372,corridor,Deniz,0.0000,4.0035,-5.1334,1.7500,0,ChildNaturalWalk,4.3472,4.2670,0.000
13.372,corridor,Can,-0.1441,4.0337,-6.8438,1.6500,0,ChildNaturalWalk,4.1988,4.1885,0.000
13.406,corridor,Deniz,0.0000,4.0038,-5.0750,1.7500,0,ChildNaturalWalk,4.3310,4.2720,0.000
13.406,corridor,Can,-0.1389,4.0340,-6.7890,1.6500,0,ChildNaturalWalk,4.1883,4.1991,0.000
13.439,corridor,Deniz,0.0000,4.0041,-5.0167,1.7500,0,ChildNaturalWalk,4.3035,4.2769,0.000
13.439,corridor,Can,-0.1338,4.0343,-6.7342,1.6500,0,ChildNaturalWalk,4.1821,4.2106,0.000
13.472,corridor,Deniz,0.0000,4.0043,-4.9584,1.7500,0,ChildNaturalWalk,4.2812,4.2813,0.000
13.472,corridor,Can,-0.1287,4.0346,-6.6795,1.6500,0,ChildNaturalWalk,4.1813,4.2298,0.000
13.507,corridor,Deniz,0.0000,4.0046,-4.9000,1.7500,0,ChildNaturalWalk,4.2821,4.2848,0.000
13.507,corridor,Can,-0.1244,4.0349,-6.6247,1.6500,0,ChildNaturalWalk,4.1818,4.2413,0.000
13.539,corridor,Deniz,0.0000,4.0048,-4.8417,1.7500,0,ChildNaturalWalk,4.2889,4.2881,0.000
13.539,corridor,Can,-0.1202,4.0352,-6.5698,1.6500,0,ChildNaturalWalk,4.1841,4.2380,0.000
13.573,corridor,Deniz,0.0000,4.0051,-4.7834,1.7500,0,ChildNaturalWalk,4.2816,4.2943,0.000
13.573,corridor,Can,-0.1159,4.0355,-6.5150,1.6500,0,ChildNaturalWalk,4.1862,4.2293,0.000
13.605,corridor,Deniz,0.0000,4.0054,-4.7250,1.7500,0,ChildNaturalWalk,4.2686,4.3043,0.000
13.605,corridor,Can,-0.1117,4.0358,-6.4601,1.6500,0,ChildNaturalWalk,4.1881,4.2202,0.000
13.638,corridor,Deniz,0.0000,4.0056,-4.6667,1.7500,0,ChildNaturalWalk,4.2615,4.3167,0.000
13.638,corridor,Can,-0.1074,4.0361,-6.4053,1.6500,0,ChildNaturalWalk,4.1899,4.2137,0.000
13.673,corridor,Deniz,0.0000,4.0059,-4.6084,1.7500,0,ChildNaturalWalk,4.2633,4.3344,0.000
13.673,corridor,Can,-0.1039,4.0363,-6.3504,1.6500,0,ChildNaturalWalk,4.1923,4.2113,0.000
13.706,corridor,Deniz,0.0000,4.0061,-4.5500,1.7500,0,ChildNaturalWalk,4.2665,4.3516,0.000
13.706,corridor,Can,-0.1004,4.0366,-6.2955,1.6500,0,ChildNaturalWalk,4.1984,4.2025,0.000
13.740,corridor,Deniz,0.0000,4.0064,-4.4917,1.7500,0,ChildNaturalWalk,4.2700,4.3487,0.000
13.740,corridor,Can,-0.0969,4.0369,-6.2407,1.6500,0,ChildNaturalWalk,4.2072,4.1964,0.000
13.772,corridor,Deniz,0.0000,4.0066,-4.4334,1.7500,0,ChildNaturalWalk,4.2751,4.3392,0.000
13.772,corridor,Can,-0.0934,4.0372,-6.1858,1.6500,0,ChildNaturalWalk,4.2119,4.1914,0.000
13.806,corridor,Deniz,0.0000,4.0069,-4.3750,1.7500,0,ChildNaturalWalk,4.2801,4.3245,0.000
13.806,corridor,Can,-0.0899,4.0375,-6.1309,1.6500,0,ChildNaturalWalk,4.2207,4.1876,0.000
13.839,corridor,Deniz,0.0000,4.0072,-4.3167,1.7500,0,ChildNaturalWalk,4.2858,4.3100,0.000
13.839,corridor,Can,-0.0869,4.0378,-6.0760,1.6500,0,ChildNaturalWalk,4.2391,4.1858,0.000
13.872,corridor,Deniz,0.0000,4.0074,-4.2584,1.7500,0,ChildNaturalWalk,4.2923,4.2958,0.000
13.872,corridor,Can,-0.0840,4.0380,-6.0210,1.6500,0,ChildNaturalWalk,4.2421,4.1874,0.000
13.905,corridor,Deniz,0.0000,4.0077,-4.2000,1.7500,0,ChildNaturalWalk,4.2989,4.2867,0.000
13.905,corridor,Can,-0.0811,4.0383,-5.9661,1.6500,0,ChildNaturalWalk,4.2312,4.1894,0.000
13.939,corridor,Deniz,0.0000,4.0079,-4.1417,1.7500,0,ChildNaturalWalk,4.3079,4.2759,0.000
13.939,corridor,Can,-0.0782,4.0386,-5.9112,1.6500,0,ChildNaturalWalk,4.2137,4.1910,0.000
13.972,corridor,Deniz,0.0000,4.0082,-4.0834,1.7500,0,ChildNaturalWalk,4.3170,4.2688,0.000
13.972,corridor,Can,-0.0753,4.0389,-5.8563,1.6500,0,ChildNaturalWalk,4.2028,4.1914,0.000
14.006,corridor,Deniz,0.0000,4.0084,-4.0250,1.7500,0,ChildNaturalWalk,4.3290,4.2674,0.000
14.006,corridor,Can,-0.0729,4.0392,-5.8013,1.6500,0,ChildNaturalWalk,4.2082,4.1902,0.000
14.039,corridor,Deniz,0.0000,4.0087,-3.9667,1.7500,0,ChildNaturalWalk,4.3466,4.2678,0.000
14.039,corridor,Can,-0.0705,4.0394,-5.7464,1.6500,0,ChildNaturalWalk,4.2127,4.1897,0.000
14.073,corridor,Deniz,0.0000,4.0090,-3.9084,1.7500,0,ChildNaturalWalk,4.3565,4.2708,0.000
14.073,corridor,Can,-0.0681,4.0397,-5.6914,1.6500,0,ChildNaturalWalk,4.2085,4.1925,0.000
14.105,corridor,Deniz,0.0000,4.0092,-3.8500,1.7500,0,ChildNaturalWalk,4.3436,4.2754,0.000
14.105,corridor,Can,-0.0656,4.0400,-5.6365,1.6500,0,ChildNaturalWalk,4.1981,4.2008,0.000
14.139,corridor,Deniz,0.0000,4.0095,-3.7917,1.7500,0,ChildNaturalWalk,4.3204,4.2807,0.000
14.139,corridor,Can,-0.0632,4.0402,-5.5815,1.6500,0,ChildNaturalWalk,4.1900,4.2118,0.000
14.172,corridor,Deniz,0.0000,4.0097,-3.7334,1.7500,0,ChildNaturalWalk,4.2931,4.2852,0.000
14.172,corridor,Can,-0.0612,4.0405,-5.5266,1.6500,0,ChildNaturalWalk,4.1873,4.2277,0.000
14.205,corridor,Deniz,0.0000,4.0100,-3.6750,1.7500,0,ChildNaturalWalk,4.2852,4.2891,0.000
14.205,corridor,Can,-0.0592,4.0408,-5.4716,1.6500,0,ChildNaturalWalk,4.1878,4.2466,0.000
14.240,corridor,Deniz,0.0000,4.0103,-3.6167,1.7500,0,ChildNaturalWalk,4.2924,4.2924,0.000
14.240,corridor,Can,-0.0572,4.0410,-5.4166,1.6500,0,ChildNaturalWalk,4.1892,4.2460,0.000
14.272,corridor,Deniz,0.0000,4.0105,-3.5584,1.7500,0,ChildNaturalWalk,4.2911,4.2971,0.000
14.272,corridor,Can,-0.0552,4.0413,-5.3617,1.6500,0,ChildNaturalWalk,4.1915,4.2390,0.000
14.305,corridor,Deniz,0.0000,4.0108,-3.5000,1.7500,0,ChildNaturalWalk,4.2789,4.3054,0.000
14.305,corridor,Can,-0.0532,4.0416,-5.3067,1.6500,0,ChildNaturalWalk,4.1932,4.2291,0.000
14.339,corridor,Deniz,0.0000,4.0110,-3.4417,1.7500,0,ChildNaturalWalk,4.2693,4.3170,0.000
14.339,corridor,Can,-0.0515,4.0418,-5.2517,1.6500,0,ChildNaturalWalk,4.1951,4.2216,0.000
14.372,corridor,Deniz,0.0000,4.0113,-3.3834,1.7500,0,ChildNaturalWalk,4.2679,4.3323,0.000
14.372,corridor,Can,-0.0498,4.0421,-5.1968,1.6500,0,ChildNaturalWalk,4.1971,4.2184,0.000
14.406,corridor,Deniz,0.0000,4.0115,-3.3250,1.7500,0,ChildNaturalWalk,4.2708,4.3512,0.000
14.406,corridor,Can,-0.0482,4.0424,-5.1418,1.6500,0,ChildNaturalWalk,4.2013,4.2131,0.000
14.442,corridor,Deniz,0.0000,4.0118,-3.2667,1.7500,0,ChildNaturalWalk,4.2741,4.3575,0.000
14.442,corridor,Can,-0.0465,4.0426,-5.0868,1.6500,0,ChildNaturalWalk,4.2096,4.2041,0.000
14.472,corridor,Deniz,0.0000,4.0121,-3.2084,1.7500,0,ChildNaturalWalk,4.2784,4.3483,0.000
14.472,corridor,Can,-0.0448,4.0429,-5.0318,1.6500,0,ChildNaturalWalk,4.2165,4.1992,0.000
14.505,corridor,Deniz,0.0000,4.0123,-3.1500,1.7500,0,ChildNaturalWalk,4.2838,4.3364,0.000
14.505,corridor,Can,-0.0434,4.0432,-4.9769,1.6500,0,ChildNaturalWalk,4.2198,4.1950,0.000
14.539,corridor,Deniz,0.0000,4.0126,-3.0917,1.7500,0,ChildNaturalWalk,4.2890,4.3207,0.000
14.539,corridor,Can,-0.0420,4.0434,-4.9219,1.6500,0,ChildNaturalWalk,4.2377,4.1919,0.000
14.573,corridor,Deniz,0.0000,4.0128,-3.0334,1.7500,0,ChildNaturalWalk,4.2951,4.3060,0.000
14.573,corridor,Can,-0.0406,4.0437,-4.8669,1.6500,0,ChildNaturalWalk,4.2497,4.1924,0.000
14.605,corridor,Deniz,0.0000,4.0131,-2.9750,1.7500,0,ChildNaturalWalk,4.3022,4.2953,0.000
14.605,corridor,Can,-0.0392,4.0439,-4.8119,1.6500,0,ChildNaturalWalk,4.2418,4.1943,0.000
14.639,corridor,Deniz,0.0000,4.0133,-2.9167,1.7500,0,ChildNaturalWalk,4.3097,4.2849,0.000
14.639,corridor,Can,-0.0378,4.0442,-4.7569,1.6500,0,ChildNaturalWalk,4.2262,4.1964,0.000
14.672,corridor,Deniz,0.0000,4.0136,-2.8584,1.7500,0,ChildNaturalWalk,4.3200,4.2759,0.000
14.672,corridor,Can,-0.0367,4.0445,-4.7020,1.6500,0,ChildNaturalWalk,4.2108,4.1971,0.000
14.705,corridor,Deniz,0.0000,4.0139,-2.8001,1.7500,0,ChildNaturalWalk,4.3290,4.2730,0.000
14.705,corridor,Can,-0.0355,4.0447,-4.6470,1.6500,0,ChildNaturalWalk,4.2112,4.1964,0.000
14.739,corridor,Deniz,0.0000,4.0141,-2.7417,1.7500,0,ChildNaturalWalk,4.3466,4.2727,0.000
14.739,corridor,Can,-0.0343,4.0450,-4.5920,1.6500,0,ChildNaturalWalk,4.2169,4.1953,0.000
14.773,corridor,Deniz,0.0000,4.0144,-2.6834,1.7500,0,ChildNaturalWalk,4.3593,4.2748,0.000
14.773,corridor,Can,-0.0331,4.0452,-4.5370,1.6500,0,ChildNaturalWalk,4.2165,4.1968,0.000
14.806,corridor,Deniz,0.0000,4.0146,-2.6251,1.7500,0,ChildNaturalWalk,4.3563,4.2792,0.000
14.806,corridor,Can,-0.0320,4.0455,-4.4820,1.6500,0,ChildNaturalWalk,4.2084,4.2018,0.000
14.839,corridor,Deniz,0.0000,4.0149,-2.5667,1.7500,0,ChildNaturalWalk,4.3351,4.2841,0.000
14.839,corridor,Can,-0.0310,4.0457,-4.4270,1.6500,0,ChildNaturalWalk,4.1984,4.2130,0.000
14.872,corridor,Deniz,0.0000,4.0151,-2.5084,1.7500,0,ChildNaturalWalk,4.3084,4.2891,0.000
14.872,corridor,Can,-0.0300,4.0460,-4.3720,1.6500,0,ChildNaturalWalk,4.1934,4.2257,0.000
14.905,corridor,Deniz,0.0000,4.0154,-2.4501,1.7500,0,ChildNaturalWalk,4.2908,4.2931,0.000
14.905,corridor,Can,-0.0290,4.0463,-4.3170,1.6500,0,ChildNaturalWalk,4.1930,4.2453,0.000
14.939,corridor,Deniz,0.0000,4.0157,-2.3917,1.7500,0,ChildNaturalWalk,4.2951,4.2967,0.000
14.939,corridor,Can,-0.0281,4.0465,-4.2620,1.6500,0,ChildNaturalWalk,4.1941,4.2536,0.000
14.972,corridor,Deniz,0.0000,4.0159,-2.3334,1.7500,0,ChildNaturalWalk,4.2998,4.3003,0.000
14.972,corridor,Can,-0.0271,4.0468,-4.2071,1.6500,0,ChildNaturalWalk,4.1961,4.2473,0.000
15.005,corridor,Deniz,0.0000,4.0162,-2.2751,1.7500,0,ChildNaturalWalk,4.2893,4.3074,0.000
15.005,corridor,Can,-0.0263,4.0470,-4.1521,1.6500,0,ChildNaturalWalk,4.1981,4.2387,0.000
15.040,corridor,Deniz,0.0000,4.0164,-2.2167,1.7500,0,ChildNaturalWalk,4.2770,4.3182,0.000
15.040,corridor,Can,-0.0254,4.0473,-4.0971,1.6500,0,ChildNaturalWalk,4.1999,4.2295,0.000
15.073,corridor,Deniz,0.0000,4.0167,-2.1584,1.7500,0,ChildNaturalWalk,4.2724,4.3314,0.000
15.073,corridor,Can,-0.0246,4.0475,-4.0421,1.6500,0,ChildNaturalWalk,4.2017,4.2244,0.000
15.105,corridor,Deniz,0.0000,4.0170,-2.1001,1.7500,0,ChildNaturalWalk,4.2752,4.3509,0.000
15.105,corridor,Can,-0.0238,4.0478,-3.9871,1.6500,0,ChildNaturalWalk,4.2046,4.2218,0.000
15.139,corridor,Deniz,0.0000,4.0172,-2.0417,1.7500,0,ChildNaturalWalk,4.2780,4.3624,0.000
15.139,corridor,Can,-0.0230,4.0480,-3.9321,1.6500,0,ChildNaturalWalk,4.2118,4.2119,0.000
15.173,corridor,Deniz,0.0000,4.0175,-1.9834,1.7500,0,ChildNaturalWalk,4.2821,4.3580,0.000
15.173,corridor,Can,-0.0223,4.0483,-3.8771,1.6500,0,ChildNaturalWalk,4.2205,4.2067,0.000
15.205,corridor,Deniz,0.0000,4.0177,-1.9251,1.7500,0,ChildNaturalWalk,4.2872,4.3467,0.000
15.205,corridor,Can,-0.0216,4.0485,-3.8221,1.6500,0,ChildNaturalWalk,4.2242,4.2017,0.000
15.239,corridor,Deniz,0.0000,4.0180,-1.8667,1.7500,0,ChildNaturalWalk,4.2925,4.3322,0.000
15.239,corridor,Can,-0.0209,4.0488,-3.7671,1.6500,0,ChildNaturalWalk,4.2367,4.1979,0.000
15.272,corridor,Deniz,0.0000,4.0182,-1.8084,1.7500,0,ChildNaturalWalk,4.2983,4.3171,0.000
15.272,corridor,Can,-0.0202,4.0490,-3.7121,1.6500,0,ChildNaturalWalk,4.2519,4.1971,0.000
15.307,corridor,Deniz,0.0000,4.0185,-1.7501,1.7500,0,ChildNaturalWalk,4.3051,4.3038,0.000
15.307,corridor,Can,-0.0195,4.0493,-3.6571,1.6500,0,ChildNaturalWalk,4.2520,4.1991,0.000
15.339,corridor,Deniz,0.0000,4.0188,-1.6917,1.7500,0,ChildNaturalWalk,4.3117,4.2944,0.000
15.339,corridor,Can,-0.0189,4.0495,-3.6021,1.6500,0,ChildNaturalWalk,4.2379,4.2010,0.000
15.372,corridor,Deniz,0.0000,4.0190,-1.6391,1.5799,0,ChildNaturalWalk,4.3218,4.2845,0.000
15.372,corridor,Can,-0.0184,4.0498,-3.5471,1.6500,0,ChildNaturalWalk,4.2212,4.2023,0.000
15.407,corridor,Deniz,0.0000,4.0192,-1.5921,1.4078,0,ChildNaturalWalk,4.3295,4.2790,0.000
15.407,corridor,Can,-0.0178,4.0500,-3.4921,1.6500,0,ChildNaturalWalk,4.2143,4.2024,0.000
15.439,corridor,Deniz,0.0000,4.0194,-1.5552,1.1078,0,ChildNaturalWalk,4.3442,4.2781,0.000
15.439,corridor,Can,-0.0172,4.0503,-3.4371,1.6500,0,ChildNaturalWalk,4.2203,4.2010,0.000
15.472,corridor,Deniz,0.0000,4.0195,-1.5283,0.8078,0,ChildNaturalWalk,4.3618,4.2790,0.000
15.472,corridor,Can,-0.0166,4.0505,-3.3821,1.6500,0,ChildNaturalWalk,4.2244,4.2010,0.000
15.506,corridor,Deniz,0.0000,4.0196,-1.5114,0.5078,0,ChildNaturalWalk,4.3645,4.2824,0.000
15.506,corridor,Can,-0.0160,4.0508,-3.3271,1.6500,0,ChildNaturalWalk,4.2172,4.2049,0.000
15.539,corridor,Deniz,0.0000,4.0196,-1.5044,0.2078,0,ChildNaturalWalk,4.3494,4.2870,0.000
15.539,corridor,Can,-0.0155,4.0510,-3.2721,1.6500,0,ChildNaturalWalk,4.2062,4.2150,0.000
15.572,corridor,Deniz,0.0000,4.0196,-1.5044,0.0000,0,ChildNeutralIdle+ChildNaturalWalk,4.3258,4.2914,0.000
15.572,corridor,Can,-0.0151,4.0513,-3.2171,1.6500,0,ChildNaturalWalk,4.1997,4.2257,0.000
15.606,corridor,Deniz,0.0000,4.0196,-1.5044,0.0000,0,ChildNeutralIdle+ChildNaturalWalk,4.3046,4.2956,0.000
15.606,corridor,Can,-0.0146,4.0515,-3.1621,1.6500,0,ChildNaturalWalk,4.1983,4.2440,0.000
15.639,corridor,Deniz,0.0000,4.0196,-1.5044,0.0000,0,ChildNeutralIdle+ChildNaturalWalk,4.2942,4.2998,0.000
15.639,corridor,Can,-0.0142,4.0518,-3.1095,1.5791,0,ChildNaturalWalk,4.1985,4.2580,0.000
15.673,corridor,Deniz,0.0000,4.0196,-1.5044,0.0000,0,ChildNeutralIdle+ChildNaturalWalk,4.2879,4.3026,0.000
15.673,corridor,Can,-0.0150,4.0520,-3.0586,1.5261,0,ChildNaturalWalk,4.2006,4.2555,0.000
15.706,corridor,Deniz,0.0000,4.0196,-1.5044,0.0000,0,ChildNeutralIdle+ChildNaturalWalk,4.2845,4.3046,0.000
15.706,corridor,Can,-0.0120,4.0523,-3.0054,1.5993,0,ChildNaturalWalk,4.2028,4.2475,0.000
15.739,corridor,Deniz,0.0000,4.0196,-1.5044,0.0000,0,ChildNeutralIdle+ChildNaturalWalk,4.2826,4.3058,0.000
15.739,corridor,Can,-0.0130,4.0525,-2.9544,1.5301,0,ChildNaturalWalk,4.2045,4.2378,0.000
15.772,corridor,Deniz,0.0000,4.0196,-1.5044,0.0000,0,ChildNeutralIdle+ChildNaturalWalk,4.2818,4.3063,0.000
15.772,corridor,Can,-0.0098,4.0528,-2.9000,1.6345,0,ChildNaturalWalk,4.2064,4.2314,0.000
15.806,corridor,Deniz,0.0000,4.0196,-1.5044,0.0000,0,ChildNeutralIdle+ChildNaturalWalk,4.2814,4.3066,0.000
15.806,corridor,Can,-0.0119,4.0530,-2.8475,1.5780,0,ChildNaturalWalk,4.2085,4.2282,0.000
15.839,corridor,Deniz,0.0000,4.0196,-1.5044,0.0000,0,ChildNeutralIdle+ChildNaturalWalk,4.2813,4.3067,0.000
15.839,corridor,Can,-0.0091,4.0532,-2.7959,1.5513,0,ChildNaturalWalk,4.2137,4.2204,0.000
15.872,corridor,Deniz,0.0000,4.0196,-1.5044,0.0000,0,ChildNeutralIdle+ChildNaturalWalk,4.2814,4.3067,0.000
15.872,corridor,Can,-0.0112,4.0534,-2.7433,1.5780,0,ChildNaturalWalk,4.2226,4.2136,0.000
15.906,corridor,Deniz,0.0000,4.0196,-1.5044,0.0000,0,ChildNeutralIdle+ChildNaturalWalk,4.2817,4.3067,0.000
15.906,corridor,Can,-0.0129,4.0536,-2.6996,1.3113,0,ChildNaturalWalk,4.2281,4.2085,0.000
15.939,corridor,Deniz,0.0000,4.0196,-1.5044,0.0000,0,ChildNeutralIdle+ChildNaturalWalk,4.2820,4.3067,0.000
15.939,corridor,Can,-0.0143,4.0537,-2.6648,1.0446,0,ChildNaturalWalk,4.2344,4.2044,0.000
15.972,corridor,Deniz,0.0000,4.0196,-1.5044,0.0000,0,ChildNeutralIdle+ChildNaturalWalk,4.2823,4.3066,0.000
15.972,corridor,Can,-0.0154,4.0538,-2.6389,0.7779,0,ChildNaturalWalk,4.2526,4.2020,0.000
16.006,corridor,Deniz,0.0000,4.0196,-1.5044,0.0000,0,ChildNeutralIdle+ChildNaturalWalk,4.2826,4.3066,0.000
16.006,corridor,Can,-0.0160,4.0539,-2.6219,0.5113,0,ChildNaturalWalk,4.2589,4.2030,0.000
16.039,corridor,Deniz,0.0000,4.0196,-1.5044,0.0000,0,ChildNeutralIdle+ChildNaturalWalk,4.2828,4.3066,0.000
16.039,corridor,Can,-0.0164,4.0539,-2.6137,0.2446,0,ChildNaturalWalk,4.2485,4.2047,0.000
16.073,corridor,Deniz,0.0000,4.0196,-1.5044,0.0000,0,ChildNeutralIdle+ChildNaturalWalk,4.2830,4.3066,0.000
16.073,corridor,Can,-0.0164,4.0539,-2.6137,0.0000,0,ChildNeutralIdle+ChildNaturalWalk,4.2315,4.2043,0.000
16.108,corridor,Deniz,0.0000,4.0196,-1.5044,0.0000,0,ChildNeutralIdle+ChildNaturalWalk,4.2832,4.3066,0.000
16.108,corridor,Can,-0.0164,4.0539,-2.6137,0.0000,0,ChildNeutralIdle+ChildNaturalWalk,4.2160,4.2006,0.000
16.140,corridor,Deniz,0.0000,4.0196,-1.5044,0.0000,0,ChildNeutralIdle+ChildNaturalWalk,4.2834,4.3066,0.000
16.140,corridor,Can,-0.0164,4.0539,-2.6137,0.0000,0,ChildNeutralIdle+ChildNaturalWalk,4.2086,4.1977,0.000
16.173,corridor,Deniz,0.0000,4.0196,-1.5044,0.0000,0,ChildNeutralIdle+ChildNaturalWalk,4.2836,4.3066,0.000
16.173,corridor,Can,-0.0164,4.0539,-2.6137,0.0000,0,ChildNeutralIdle+ChildNaturalWalk,4.2047,4.1955,0.000
16.205,corridor,Deniz,0.0000,4.0196,-1.5044,0.0000,0,ChildNeutralIdle+ChildNaturalWalk,4.2839,4.3066,0.000
16.205,corridor,Can,-0.0164,4.0539,-2.6137,0.0000,0,ChildNeutralIdle+ChildNaturalWalk,4.2022,4.1936,0.000
16.244,corridor,Deniz,0.0000,4.0196,-1.5044,0.0000,0,ChildNeutralIdle+ChildNaturalWalk,4.2841,4.3066,0.000
16.244,corridor,Can,-0.0164,4.0539,-2.6137,0.0000,0,ChildNeutralIdle+ChildNaturalWalk,4.2007,4.1921,0.000
16.273,corridor,Deniz,0.0000,4.0196,-1.5044,0.0000,0,ChildNeutralIdle+ChildNaturalWalk,4.2843,4.3065,0.000
16.273,corridor,Can,-0.0164,4.0539,-2.6137,0.0000,0,ChildNeutralIdle+ChildNaturalWalk,4.1998,4.1910,0.000
16.305,corridor,Deniz,0.0000,4.0196,-1.5044,0.0000,0,ChildNeutralIdle+ChildNaturalWalk,4.2845,4.3065,0.000
16.305,corridor,Can,-0.0164,4.0539,-2.6137,0.0000,0,ChildNeutralIdle+ChildNaturalWalk,4.1991,4.1902,0.000
16.345,corridor,Deniz,0.0000,4.0196,-1.5044,0.0000,0,ChildNeutralIdle+ChildNaturalWalk,4.2847,4.3064,0.000
16.345,corridor,Can,-0.0164,4.0539,-2.6137,0.0000,0,ChildNeutralIdle+ChildNaturalWalk,4.1987,4.1895,0.000
16.379,corridor,Deniz,0.0000,4.0196,-1.5044,0.0000,0,ChildNeutralIdle+ChildNaturalWalk,4.2848,4.3063,0.000
16.379,corridor,Can,-0.0164,4.0539,-2.6137,0.0000,0,ChildNeutralIdle+ChildNaturalWalk,4.1984,4.1890,0.000
16.412,corridor,Deniz,0.0000,4.0196,-1.5044,0.0000,0,ChildNeutralIdle+ChildNaturalWalk,4.2850,4.3062,0.000
16.412,corridor,Can,-0.0164,4.0539,-2.6137,0.0000,0,ChildNeutralIdle+ChildNaturalWalk,4.1983,4.1887,0.000
16.445,corridor,Deniz,0.0000,4.0196,-1.5044,0.0000,0,ChildNeutralIdle+ChildNaturalWalk,4.2852,4.3062,0.000
16.445,corridor,Can,-0.0164,4.0539,-2.6137,0.0000,0,ChildNeutralIdle+ChildNaturalWalk,4.1982,4.1885,0.000
16.479,corridor,Deniz,0.0000,4.0196,-1.5044,0.0000,0,ChildNeutralIdle+ChildNaturalWalk,4.2853,4.3061,0.000
16.479,corridor,Can,-0.0164,4.0539,-2.6137,0.0000,0,ChildNeutralIdle+ChildNaturalWalk,4.1981,4.1885,0.000
16.511,corridor,Deniz,0.0000,4.0196,-1.5044,0.0000,0,ChildNeutralIdle+ChildNaturalWalk,4.2854,4.3060,0.000
16.511,corridor,Can,-0.0164,4.0539,-2.6137,0.0000,0,ChildNeutralIdle+ChildNaturalWalk,4.1982,4.1884,0.000
16.545,corridor,Deniz,0.0000,4.0196,-1.5044,0.0000,0,ChildNeutralIdle+ChildNaturalWalk,4.2855,4.3059,0.000
16.545,corridor,Can,-0.0164,4.0539,-2.6137,0.0000,0,ChildNeutralIdle+ChildNaturalWalk,4.1984,4.1885,0.000
16.578,corridor,Deniz,0.0000,4.0196,-1.5044,0.0000,0,ChildNeutralIdle+ChildNaturalWalk,4.2856,4.3058,0.000
16.578,corridor,Can,-0.0164,4.0539,-2.6137,0.0000,0,ChildNeutralIdle+ChildNaturalWalk,4.1986,4.1885,0.000
16.612,corridor,Deniz,0.0000,4.0196,-1.5044,0.0000,0,ChildNeutralIdle+ChildNaturalWalk,4.2857,4.3057,0.000
16.612,corridor,Can,-0.0164,4.0539,-2.6137,0.0000,0,ChildNeutralIdle+ChildNaturalWalk,4.1988,4.1886,0.000
16.645,corridor,Deniz,0.0000,4.0196,-1.5044,0.0000,0,ChildNeutralIdle+ChildNaturalWalk,4.2857,4.3055,0.000
16.645,corridor,Can,-0.0164,4.0539,-2.6137,0.0000,0,ChildNeutralIdle+ChildNaturalWalk,4.1991,4.1887,0.000
16.678,corridor,Deniz,0.0000,4.0196,-1.5044,0.0000,0,ChildNeutralIdle+ChildNaturalWalk,4.2857,4.3054,0.000
16.678,corridor,Can,-0.0164,4.0539,-2.6137,0.0000,0,ChildNeutralIdle+ChildNaturalWalk,4.1994,4.1888,0.000
16.711,corridor,Deniz,0.0000,4.0196,-1.5044,0.0000,0,ChildNeutralIdle+ChildNaturalWalk,4.2857,4.3052,0.000
16.711,corridor,Can,-0.0164,4.0539,-2.6137,0.0000,0,ChildNeutralIdle+ChildNaturalWalk,4.1997,4.1890,0.000
16.745,corridor,Deniz,0.0000,4.0196,-1.5044,0.0000,0,ChildNeutralIdle+ChildNaturalWalk,4.2857,4.3051,0.000
16.745,corridor,Can,-0.0164,4.0539,-2.6137,0.0000,0,ChildNeutralIdle+ChildNaturalWalk,4.2001,4.1891,0.000
16.779,corridor,Deniz,0.0000,4.0196,-1.5044,0.0000,0,ChildNeutralIdle+ChildNaturalWalk,4.2856,4.3049,0.000
16.779,corridor,Can,-0.0164,4.0539,-2.6137,0.0000,0,ChildNeutralIdle+ChildNaturalWalk,4.2004,4.1892,0.000
16.811,corridor,Deniz,0.0000,4.0196,-1.5044,0.0000,0,ChildNeutralIdle+ChildNaturalWalk,4.2855,4.3047,0.000
16.811,corridor,Can,-0.0164,4.0539,-2.6137,0.0000,0,ChildNeutralIdle+ChildNaturalWalk,4.2008,4.1893,0.000
16.845,corridor,Deniz,0.0000,4.0196,-1.5044,0.0000,0,ChildNeutralIdle+ChildNaturalWalk,4.2854,4.3045,0.000
16.845,corridor,Can,-0.0164,4.0539,-2.6137,0.0000,0,ChildNeutralIdle+ChildNaturalWalk,4.2012,4.1894,0.000
16.879,corridor,Deniz,0.0000,4.0196,-1.5044,0.0000,0,ChildNeutralIdle+ChildNaturalWalk,4.2853,4.3043,0.000
16.879,corridor,Can,-0.0164,4.0539,-2.6137,0.0000,0,ChildNeutralIdle+ChildNaturalWalk,4.2016,4.1895,0.000
16.912,corridor,Deniz,0.0000,4.0196,-1.5044,0.0000,0,ChildNeutralIdle+ChildNaturalWalk,4.2852,4.3041,0.000
16.912,corridor,Can,-0.0164,4.0539,-2.6137,0.0000,0,ChildNeutralIdle+ChildNaturalWalk,4.2020,4.1896,0.000
16.945,corridor,Deniz,0.0000,4.0196,-1.5044,0.0000,0,ChildNeutralIdle+ChildNaturalWalk,4.2850,4.3039,0.000
16.945,corridor,Can,-0.0164,4.0539,-2.6137,0.0000,0,ChildNeutralIdle+ChildNaturalWalk,4.2024,4.1896,0.000
16.978,corridor,Deniz,0.0000,4.0196,-1.5044,0.0000,0,ChildNeutralIdle+ChildNaturalWalk,4.2849,4.3037,0.000
16.978,corridor,Can,-0.0164,4.0539,-2.6137,0.0000,0,ChildNeutralIdle+ChildNaturalWalk,4.2028,4.1897,0.000
17.011,corridor,Deniz,0.0000,4.0196,-1.5044,0.0000,0,ChildNeutralIdle+ChildNaturalWalk,4.2847,4.3035,0.000
17.011,corridor,Can,-0.0164,4.0539,-2.6137,0.0000,0,ChildNeutralIdle+ChildNaturalWalk,4.2031,4.1897,0.000
17.044,corridor,Deniz,0.0000,4.0196,-1.5044,0.0000,0,ChildNeutralIdle+ChildNaturalWalk,4.2846,4.3033,0.000
17.044,corridor,Can,-0.0164,4.0539,-2.6137,0.0000,0,ChildNeutralIdle+ChildNaturalWalk,4.2035,4.1897,0.000
17.078,corridor,Deniz,0.0000,4.0196,-1.5044,0.0000,0,ChildNeutralIdle+ChildNaturalWalk,4.2844,4.3031,0.000
17.078,corridor,Can,-0.0164,4.0539,-2.6137,0.0000,0,ChildNeutralIdle+ChildNaturalWalk,4.2038,4.1897,0.000
17.114,corridor,Deniz,0.0000,4.0196,-1.5044,0.0000,0,ChildNeutralIdle+ChildNaturalWalk,4.2842,4.3029,0.000
17.114,corridor,Can,-0.0164,4.0539,-2.6137,0.0000,0,ChildNeutralIdle+ChildNaturalWalk,4.2041,4.1897,0.000
17.145,corridor,Deniz,0.0000,4.0196,-1.5044,0.0000,0,ChildNeutralIdle+ChildNaturalWalk,4.2840,4.3027,0.000
17.145,corridor,Can,-0.0164,4.0539,-2.6137,0.0000,0,ChildNeutralIdle+ChildNaturalWalk,4.2044,4.1897,0.000
17.178,corridor,Deniz,0.0000,4.0196,-1.5044,0.0000,0,ChildNeutralIdle+ChildNaturalWalk,4.2838,4.3026,0.000
17.178,corridor,Can,-0.0164,4.0539,-2.6137,0.0000,0,ChildNeutralIdle+ChildNaturalWalk,4.2047,4.1896,0.000
17.211,corridor,Deniz,0.0000,4.0196,-1.5044,0.0000,0,ChildNeutralIdle+ChildNaturalWalk,4.2836,4.3024,0.000
17.211,corridor,Can,-0.0164,4.0539,-2.6137,0.0000,0,ChildNeutralIdle+ChildNaturalWalk,4.2049,4.1896,0.000
17.245,corridor,Deniz,0.0000,4.0196,-1.5044,0.0000,0,ChildNeutralIdle+ChildNaturalWalk,4.2834,4.3023,0.000
17.245,corridor,Can,-0.0164,4.0539,-2.6137,0.0000,0,ChildNeutralIdle+ChildNaturalWalk,4.2051,4.1895,0.000
17.278,corridor,Deniz,0.0000,4.0196,-1.5044,0.0000,0,ChildNeutralIdle+ChildNaturalWalk,4.2832,4.3022,0.000
17.278,corridor,Can,-0.0164,4.0539,-2.6137,0.0000,0,ChildNeutralIdle+ChildNaturalWalk,4.2052,4.1894,0.000
17.312,corridor,Deniz,0.0000,4.0196,-1.5044,0.0000,0,ChildNeutralIdle+ChildNaturalWalk,4.2830,4.3021,0.000
17.312,corridor,Can,-0.0164,4.0539,-2.6137,0.0000,0,ChildNeutralIdle+ChildNaturalWalk,4.2054,4.1892,0.000
17.345,corridor,Deniz,0.0000,4.0196,-1.5044,0.0000,0,ChildNeutralIdle+ChildNaturalWalk,4.2828,4.3021,0.000
17.345,corridor,Can,-0.0164,4.0539,-2.6137,0.0000,0,ChildNeutralIdle+ChildNaturalWalk,4.2054,4.1891,0.000
17.378,corridor,Deniz,0.0000,4.0196,-1.5044,0.0000,0,ChildNeutralIdle+ChildNaturalWalk,4.2826,4.3020,0.000
17.378,corridor,Can,-0.0164,4.0539,-2.6137,0.0000,0,ChildNeutralIdle+ChildNaturalWalk,4.2055,4.1890,0.000
17.412,corridor,Deniz,0.0000,4.0196,-1.5044,0.0000,0,ChildNeutralIdle+ChildNaturalWalk,4.2824,4.3020,0.000
17.412,corridor,Can,-0.0164,4.0539,-2.6137,0.0000,0,ChildNeutralIdle+ChildNaturalWalk,4.2055,4.1888,0.000
17.445,corridor,Deniz,0.0000,4.0196,-1.5044,0.0000,0,ChildNeutralIdle+ChildNaturalWalk,4.2822,4.3019,0.000
17.445,corridor,Can,-0.0164,4.0539,-2.6137,0.0000,0,ChildNeutralIdle+ChildNaturalWalk,4.2055,4.1886,0.000
17.478,corridor,Deniz,0.0000,4.0196,-1.5044,0.0000,0,ChildNeutralIdle+ChildNaturalWalk,4.2821,4.3019,0.000
17.478,corridor,Can,-0.0164,4.0539,-2.6137,0.0000,0,ChildNeutralIdle+ChildNaturalWalk,4.2055,4.1884,0.000
17.512,corridor,Deniz,0.0000,4.0196,-1.5044,0.0000,0,ChildNeutralIdle+ChildNaturalWalk,4.2819,4.3019,0.000
17.512,corridor,Can,-0.0164,4.0539,-2.6137,0.0000,0,ChildNeutralIdle+ChildNaturalWalk,4.2054,4.1882,0.000
17.547,corridor,Deniz,0.0000,4.0196,-1.5044,0.0000,0,ChildNeutralIdle+ChildNaturalWalk,4.2817,4.3019,0.000
17.547,corridor,Can,-0.0164,4.0539,-2.6137,0.0000,0,ChildNeutralIdle+ChildNaturalWalk,4.2053,4.1880,0.000
17.578,corridor,Deniz,0.0000,4.0196,-1.5044,0.0000,0,ChildNeutralIdle+ChildNaturalWalk,4.2816,4.3019,0.000
17.578,corridor,Can,-0.0164,4.0539,-2.6137,0.0000,0,ChildNeutralIdle+ChildNaturalWalk,4.2052,4.1878,0.000
17.612,corridor,Deniz,0.0000,4.0196,-1.5044,0.0000,0,ChildNeutralIdle+ChildNaturalWalk,4.2815,4.3020,0.000
17.612,corridor,Can,-0.0164,4.0539,-2.6137,0.0000,0,ChildNeutralIdle+ChildNaturalWalk,4.2050,4.1876,0.000
17.645,corridor,Deniz,0.0000,4.0196,-1.5044,0.0000,0,ChildNeutralIdle+ChildNaturalWalk,4.2813,4.3020,0.000
17.645,corridor,Can,-0.0164,4.0539,-2.6137,0.0000,0,ChildNeutralIdle+ChildNaturalWalk,4.2049,4.1874,0.000
17.679,corridor,Deniz,0.0000,4.0196,-1.5044,0.0000,0,ChildNeutralIdle+ChildNaturalWalk,4.2812,4.3021,0.000
17.679,corridor,Can,-0.0164,4.0539,-2.6137,0.0000,0,ChildNeutralIdle+ChildNaturalWalk,4.2047,4.1872,0.000
17.712,corridor,Deniz,0.0000,4.0196,-1.5044,0.0000,0,ChildNeutralIdle+ChildNaturalWalk,4.2811,4.3022,0.000
17.712,corridor,Can,-0.0164,4.0539,-2.6137,0.0000,0,ChildNeutralIdle+ChildNaturalWalk,4.2045,4.1870,0.000
17.745,corridor,Deniz,0.0000,4.0196,-1.5044,0.0000,0,ChildNeutralIdle+ChildNaturalWalk,4.2811,4.3023,0.000
17.745,corridor,Can,-0.0164,4.0539,-2.6137,0.0000,0,ChildNeutralIdle+ChildNaturalWalk,4.2042,4.1868,0.000
17.779,corridor,Deniz,0.0000,4.0196,-1.5044,0.0000,0,ChildNeutralIdle+ChildNaturalWalk,4.2810,4.3024,0.000
17.779,corridor,Can,-0.0164,4.0539,-2.6137,0.0000,0,ChildNeutralIdle+ChildNaturalWalk,4.2039,4.1866,0.000
17.812,corridor,Deniz,0.0000,4.0196,-1.5044,0.0000,0,ChildNeutralIdle+ChildNaturalWalk,4.2809,4.3026,0.000
17.812,corridor,Can,-0.0164,4.0539,-2.6137,0.0000,0,ChildNeutralIdle+ChildNaturalWalk,4.2037,4.1864,0.000
17.845,corridor,Deniz,0.0000,4.0196,-1.5044,0.0000,0,ChildNeutralIdle+ChildNaturalWalk,4.2809,4.3028,0.000
17.845,corridor,Can,-0.0164,4.0539,-2.6137,0.0000,0,ChildNeutralIdle+ChildNaturalWalk,4.2033,4.1862,0.000
17.878,corridor,Deniz,0.0000,4.0196,-1.5044,0.0000,0,ChildNeutralIdle+ChildNaturalWalk,4.2809,4.3030,0.000
17.878,corridor,Can,-0.0164,4.0539,-2.6137,0.0000,0,ChildNeutralIdle+ChildNaturalWalk,4.2030,4.1860,0.000
17.912,corridor,Deniz,0.0000,4.0196,-1.5044,0.0000,0,ChildNeutralIdle+ChildNaturalWalk,4.2809,4.3032,0.000
17.912,corridor,Can,-0.0164,4.0539,-2.6137,0.0000,0,ChildNeutralIdle+ChildNaturalWalk,4.2027,4.1858,0.000
17.951,corridor,Deniz,0.0000,4.0196,-1.5044,0.0000,0,ChildNeutralIdle+ChildNaturalWalk,4.2809,4.3035,0.000
17.951,corridor,Can,-0.0164,4.0539,-2.6137,0.0000,0,ChildNeutralIdle+ChildNaturalWalk,4.2023,4.1856,0.000
17.978,corridor,Deniz,0.0000,4.0196,-1.5044,0.0000,0,ChildNeutralIdle+ChildNaturalWalk,4.2809,4.3037,0.000
17.978,corridor,Can,-0.0164,4.0539,-2.6137,0.0000,0,ChildNeutralIdle+ChildNaturalWalk,4.2019,4.1854,0.000
18.011,corridor,Deniz,0.0000,4.0196,-1.5044,0.0000,0,ChildNeutralIdle+ChildNaturalWalk,4.2810,4.3040,0.000
18.011,corridor,Can,-0.0164,4.0539,-2.6137,0.0000,0,ChildNeutralIdle+ChildNaturalWalk,4.2015,4.1853,0.000
18.045,corridor,Deniz,0.0000,4.0196,-1.5044,0.0000,0,ChildNeutralIdle+ChildNaturalWalk,4.2810,4.3042,0.000
18.045,corridor,Can,-0.0164,4.0539,-2.6137,0.0000,0,ChildNeutralIdle+ChildNaturalWalk,4.2011,4.1851,0.000
18.078,corridor,Deniz,0.0000,4.0196,-1.5044,0.0000,0,ChildNeutralIdle+ChildNaturalWalk,4.2811,4.3045,0.000
18.078,corridor,Can,-0.0164,4.0539,-2.6137,0.0000,0,ChildNeutralIdle+ChildNaturalWalk,4.2007,4.1849,0.000
18.112,corridor,Deniz,0.0000,4.0196,-1.5044,0.0000,0,ChildNeutralIdle+ChildNaturalWalk,4.2812,4.3047,0.000
18.112,corridor,Can,-0.0164,4.0539,-2.6137,0.0000,0,ChildNeutralIdle+ChildNaturalWalk,4.2003,4.1848,0.000
18.145,corridor,Deniz,0.0000,4.0196,-1.5044,0.0000,0,ChildNeutralIdle+ChildNaturalWalk,4.2814,4.3050,0.000
18.145,corridor,Can,-0.0164,4.0539,-2.6137,0.0000,0,ChildNeutralIdle+ChildNaturalWalk,4.2000,4.1847,0.000
18.178,corridor,Deniz,0.0000,4.0196,-1.5044,0.0000,0,ChildNeutralIdle+ChildNaturalWalk,4.2815,4.3052,0.000
18.178,corridor,Can,-0.0164,4.0539,-2.6137,0.0000,0,ChildNeutralIdle+ChildNaturalWalk,4.1996,4.1846,0.000
18.211,corridor,Deniz,0.0000,4.0196,-1.5044,0.0000,0,ChildNeutralIdle+ChildNaturalWalk,4.2817,4.3053,0.000
18.211,corridor,Can,-0.0164,4.0539,-2.6137,0.0000,0,ChildNeutralIdle+ChildNaturalWalk,4.1992,4.1845,0.000
18.245,corridor,Deniz,0.0000,4.0196,-1.5044,0.0000,0,ChildNeutralIdle+ChildNaturalWalk,4.2818,4.3055,0.000
18.245,corridor,Can,-0.0164,4.0539,-2.6137,0.0000,0,ChildNeutralIdle+ChildNaturalWalk,4.1989,4.1845,0.000
18.278,corridor,Deniz,0.0000,4.0196,-1.5044,0.0000,0,ChildNeutralIdle+ChildNaturalWalk,4.2820,4.3057,0.000
18.278,corridor,Can,-0.0164,4.0539,-2.6137,0.0000,0,ChildNeutralIdle+ChildNaturalWalk,4.1985,4.1844,0.000
18.312,corridor,Deniz,0.0000,4.0196,-1.5044,0.0000,0,ChildNeutralIdle+ChildNaturalWalk,4.2822,4.3058,0.000
18.312,corridor,Can,-0.0164,4.0539,-2.6137,0.0000,0,ChildNeutralIdle+ChildNaturalWalk,4.1982,4.1844,0.000
18.345,corridor,Deniz,0.0000,4.0196,-1.5044,0.0000,0,ChildNeutralIdle+ChildNaturalWalk,4.2823,4.3059,0.000
18.345,corridor,Can,-0.0164,4.0539,-2.6137,0.0000,0,ChildNeutralIdle+ChildNaturalWalk,4.1979,4.1844,0.000
18.378,corridor,Deniz,0.0000,4.0196,-1.5044,0.0000,0,ChildNeutralIdle+ChildNaturalWalk,4.2825,4.3060,0.000
18.378,corridor,Can,-0.0164,4.0539,-2.6137,0.0000,0,ChildNeutralIdle+ChildNaturalWalk,4.1977,4.1844,0.000
18.411,corridor,Deniz,0.0000,4.0196,-1.5044,0.0000,0,ChildNeutralIdle+ChildNaturalWalk,4.2827,4.3061,0.000
18.411,corridor,Can,-0.0164,4.0539,-2.6137,0.0000,0,ChildNeutralIdle+ChildNaturalWalk,4.1974,4.1845,0.000
18.444,corridor,Deniz,0.0000,4.0196,-1.5044,0.0000,0,ChildNeutralIdle+ChildNaturalWalk,4.2829,4.3062,0.000
18.444,corridor,Can,-0.0164,4.0539,-2.6137,0.0000,0,ChildNeutralIdle+ChildNaturalWalk,4.1972,4.1846,0.000
18.478,corridor,Deniz,0.0000,4.0196,-1.5044,0.0000,0,ChildNeutralIdle+ChildNaturalWalk,4.2831,4.3063,0.000
18.478,corridor,Can,-0.0164,4.0539,-2.6137,0.0000,0,ChildNeutralIdle+ChildNaturalWalk,4.1970,4.1847,0.000
18.511,corridor,Deniz,0.0000,4.0196,-1.5044,0.0000,0,ChildNeutralIdle+ChildNaturalWalk,4.2833,4.3064,0.000
18.511,corridor,Can,-0.0164,4.0539,-2.6137,0.0000,0,ChildNeutralIdle+ChildNaturalWalk,4.1969,4.1848,0.000
18.544,corridor,Deniz,0.0000,4.0196,-1.5044,0.0000,0,ChildNeutralIdle+ChildNaturalWalk,4.2835,4.3064,0.000
18.544,corridor,Can,-0.0164,4.0539,-2.6137,0.0000,0,ChildNeutralIdle+ChildNaturalWalk,4.1968,4.1850,0.000
18.577,corridor,Deniz,0.0000,4.0196,-1.5044,0.0000,0,ChildNeutralIdle+ChildNaturalWalk,4.2837,4.3064,0.000
18.577,corridor,Can,-0.0164,4.0539,-2.6137,0.0000,0,ChildNeutralIdle+ChildNaturalWalk,4.1967,4.1851,0.000
18.611,corridor,Deniz,0.0000,4.0196,-1.5044,0.0000,0,ChildNeutralIdle+ChildNaturalWalk,4.2838,4.3064,0.000
18.611,corridor,Can,-0.0164,4.0539,-2.6137,0.0000,0,ChildNeutralIdle+ChildNaturalWalk,4.1966,4.1853,0.000
18.645,corridor,Deniz,0.0000,4.0196,-1.5044,0.0000,0,ChildNeutralIdle+ChildNaturalWalk,4.2840,4.3065,0.000
18.645,corridor,Can,-0.0164,4.0539,-2.6137,0.0000,0,ChildNeutralIdle+ChildNaturalWalk,4.1966,4.1855,0.000
18.678,corridor,Deniz,0.0000,4.0196,-1.5044,0.0000,0,ChildNeutralIdle+ChildNaturalWalk,4.2842,4.3064,0.000
18.678,corridor,Can,-0.0164,4.0539,-2.6137,0.0000,0,ChildNeutralIdle+ChildNaturalWalk,4.1966,4.1857,0.000
18.711,corridor,Deniz,0.0000,4.0196,-1.5044,0.0000,0,ChildNeutralIdle+ChildNaturalWalk,4.2844,4.3064,0.000
18.711,corridor,Can,-0.0164,4.0539,-2.6137,0.0000,0,ChildNeutralIdle+ChildNaturalWalk,4.1967,4.1859,0.000
18.744,corridor,Deniz,0.0000,4.0196,-1.5044,0.0000,0,ChildNeutralIdle+ChildNaturalWalk,4.2845,4.3064,0.000
18.744,corridor,Can,-0.0164,4.0539,-2.6137,0.0000,0,ChildNeutralIdle+ChildNaturalWalk,4.1967,4.1861,0.000
18.778,corridor,Deniz,0.0000,4.0196,-1.5044,0.0000,0,ChildNeutralIdle+ChildNaturalWalk,4.2847,4.3064,0.000
18.778,corridor,Can,-0.0164,4.0539,-2.6137,0.0000,0,ChildNeutralIdle+ChildNaturalWalk,4.1969,4.1863,0.000
18.811,corridor,Deniz,0.0000,4.0196,-1.5044,0.0000,0,ChildNeutralIdle+ChildNaturalWalk,4.2849,4.3063,0.000
18.811,corridor,Can,-0.0164,4.0539,-2.6137,0.0000,0,ChildNeutralIdle+ChildNaturalWalk,4.1970,4.1865,0.000
18.845,corridor,Deniz,0.0000,4.0196,-1.5044,0.0000,0,ChildNeutralIdle+ChildNaturalWalk,4.2850,4.3062,0.000
18.845,corridor,Can,-0.0164,4.0539,-2.6137,0.0000,0,ChildNeutralIdle+ChildNaturalWalk,4.1972,4.1868,0.000
18.881,corridor,Deniz,0.0000,4.0196,-1.5044,0.0000,0,ChildNeutralIdle+ChildNaturalWalk,4.2851,4.3061,0.000
18.881,corridor,Can,-0.0164,4.0539,-2.6137,0.0000,0,ChildNeutralIdle+ChildNaturalWalk,4.1974,4.1870,0.000
18.911,corridor,Deniz,0.0000,4.0196,-1.5044,0.0000,0,ChildNeutralIdle+ChildNaturalWalk,4.2853,4.3060,0.000
18.911,corridor,Can,-0.0164,4.0539,-2.6137,0.0000,0,ChildNeutralIdle+ChildNaturalWalk,4.1976,4.1872,0.000
18.944,corridor,Deniz,0.0000,4.0196,-1.5044,0.0000,0,ChildNeutralIdle+ChildNaturalWalk,4.2854,4.3059,0.000
18.944,corridor,Can,-0.0164,4.0539,-2.6137,0.0000,0,ChildNeutralIdle+ChildNaturalWalk,4.1979,4.1874,0.000
18.977,corridor,Deniz,0.0000,4.0196,-1.5044,0.0000,0,ChildNeutralIdle+ChildNaturalWalk,4.2854,4.3058,0.000
18.977,corridor,Can,-0.0164,4.0539,-2.6137,0.0000,0,ChildNeutralIdle+ChildNaturalWalk,4.1982,4.1876,0.000
19.013,corridor,Deniz,0.0000,4.0196,-1.5044,0.0000,0,ChildNeutralIdle+ChildNaturalWalk,4.2855,4.3056,0.000
19.013,corridor,Can,-0.0164,4.0539,-2.6137,0.0000,0,ChildNeutralIdle+ChildNaturalWalk,4.1985,4.1878,0.000
19.044,corridor,Deniz,0.0000,4.0196,-1.5044,0.0000,0,ChildNeutralIdle+ChildNaturalWalk,4.2856,4.3054,0.000
19.044,corridor,Can,-0.0164,4.0539,-2.6137,0.0000,0,ChildNeutralIdle+ChildNaturalWalk,4.1989,4.1880,0.000
19.077,corridor,Deniz,0.0000,4.0196,-1.5044,0.0000,0,ChildNeutralIdle+ChildNaturalWalk,4.2856,4.3053,0.000
19.077,corridor,Can,-0.0164,4.0539,-2.6137,0.0000,0,ChildNeutralIdle+ChildNaturalWalk,4.1992,4.1881,0.000
19.111,corridor,Deniz,0.0000,4.0196,-1.5044,0.0000,0,ChildNeutralIdle+ChildNaturalWalk,4.2856,4.3051,0.000
19.111,corridor,Can,-0.0164,4.0539,-2.6137,0.0000,0,ChildNeutralIdle+ChildNaturalWalk,4.1996,4.1883,0.000
19.146,corridor,Deniz,0.0000,4.0196,-1.5044,0.0000,0,ChildNeutralIdle+ChildNaturalWalk,4.2856,4.3049,0.000
19.146,corridor,Can,-0.0164,4.0539,-2.6137,0.0000,0,ChildNeutralIdle+ChildNaturalWalk,4.2000,4.1885,0.000
19.177,corridor,Deniz,0.0000,4.0196,-1.5044,0.0000,0,ChildNeutralIdle+ChildNaturalWalk,4.2855,4.3047,0.000
19.177,corridor,Can,-0.0164,4.0539,-2.6137,0.0000,0,ChildNeutralIdle+ChildNaturalWalk,4.2004,4.1886,0.000
19.211,corridor,Deniz,0.0000,4.0196,-1.5044,0.0000,0,ChildNeutralIdle+ChildNaturalWalk,4.2855,4.3045,0.000
19.211,corridor,Can,-0.0164,4.0539,-2.6137,0.0000,0,ChildNeutralIdle+ChildNaturalWalk,4.2008,4.1888,0.000
19.244,corridor,Deniz,0.0000,4.0196,-1.5044,0.0000,0,ChildNeutralIdle+ChildNaturalWalk,4.2854,4.3044,0.000
19.244,corridor,Can,-0.0164,4.0539,-2.6137,0.0000,0,ChildNeutralIdle+ChildNaturalWalk,4.2012,4.1889,0.000
19.278,corridor,Deniz,0.0000,4.0196,-1.5044,0.0000,0,ChildNeutralIdle+ChildNaturalWalk,4.2853,4.3042,0.000
19.278,corridor,Can,-0.0164,4.0539,-2.6137,0.0000,0,ChildNeutralIdle+ChildNaturalWalk,4.2016,4.1890,0.000
19.315,corridor,Deniz,0.0000,4.0196,-1.5044,0.0000,0,ChildNeutralIdle+ChildNaturalWalk,4.2852,4.3040,0.000
19.315,corridor,Can,-0.0164,4.0539,-2.6137,0.0000,0,ChildNeutralIdle+ChildNaturalWalk,4.2020,4.1892,0.000
19.344,corridor,Deniz,0.0000,4.0196,-1.5044,0.0000,0,ChildNeutralIdle+ChildNaturalWalk,4.2850,4.3039,0.000
19.344,corridor,Can,-0.0164,4.0539,-2.6137,0.0000,0,ChildNeutralIdle+ChildNaturalWalk,4.2024,4.1893,0.000
19.377,corridor,Deniz,0.0000,4.0196,-1.5044,0.0000,0,ChildNeutralIdle+ChildNaturalWalk,4.2849,4.3037,0.000
19.377,corridor,Can,-0.0164,4.0539,-2.6137,0.0000,0,ChildNeutralIdle+ChildNaturalWalk,4.2028,4.1894,0.000
19.412,corridor,Deniz,0.0000,4.0196,-1.5044,0.0000,0,ChildNeutralIdle+ChildNaturalWalk,4.2847,4.3036,0.000
19.412,corridor,Can,-0.0164,4.0539,-2.6137,0.0000,0,ChildNeutralIdle+ChildNaturalWalk,4.2032,4.1894,0.000
19.444,corridor,Deniz,0.0000,4.0196,-1.5044,0.0000,0,ChildNeutralIdle+ChildNaturalWalk,4.2845,4.3034,0.000
19.444,corridor,Can,-0.0164,4.0539,-2.6137,0.0000,0,ChildNeutralIdle+ChildNaturalWalk,4.2036,4.1895,0.000
19.478,corridor,Deniz,0.0000,4.0196,-1.5044,0.0000,0,ChildNeutralIdle+ChildNaturalWalk,4.2843,4.3033,0.000
19.478,corridor,Can,-0.0164,4.0539,-2.6137,0.0000,0,ChildNeutralIdle+ChildNaturalWalk,4.2039,4.1895,0.000
19.511,corridor,Deniz,0.0000,4.0196,-1.5044,0.0000,0,ChildNeutralIdle+ChildNaturalWalk,4.2841,4.3031,0.000
19.511,corridor,Can,-0.0164,4.0539,-2.6137,0.0000,0,ChildNeutralIdle+ChildNaturalWalk,4.2042,4.1896,0.000
19.544,corridor,Deniz,0.0000,4.0196,-1.5044,0.0000,0,ChildNeutralIdle+ChildNaturalWalk,4.2839,4.3030,0.000
19.544,corridor,Can,-0.0164,4.0539,-2.6137,0.0000,0,ChildNeutralIdle+ChildNaturalWalk,4.2046,4.1896,0.000
19.578,corridor,Deniz,0.0000,4.0196,-1.5044,0.0000,0,ChildNeutralIdle+ChildNaturalWalk,4.2837,4.3029,0.000
19.578,corridor,Can,-0.0164,4.0539,-2.6137,0.0000,0,ChildNeutralIdle+ChildNaturalWalk,4.2048,4.1896,0.000
19.612,corridor,Deniz,0.0000,4.0196,-1.5044,0.0000,0,ChildNeutralIdle+ChildNaturalWalk,4.2835,4.3028,0.000
19.612,corridor,Can,-0.0164,4.0539,-2.6137,0.0000,0,ChildNeutralIdle+ChildNaturalWalk,4.2051,4.1895,0.000
19.649,corridor,Deniz,0.0000,4.0196,-1.5044,0.0000,0,ChildNeutralIdle+ChildNaturalWalk,4.2833,4.3027,0.000
19.649,corridor,Can,-0.0164,4.0539,-2.6137,0.0000,0,ChildNeutralIdle+ChildNaturalWalk,4.2053,4.1895,0.000
19.682,corridor,Deniz,0.0000,4.0196,-1.5044,0.0000,0,ChildNeutralIdle+ChildNaturalWalk,4.2831,4.3026,0.000
19.682,corridor,Can,-0.0164,4.0539,-2.6137,0.0000,0,ChildNeutralIdle+ChildNaturalWalk,4.2055,4.1894,0.000
19.716,corridor,Deniz,0.0000,4.0196,-1.5044,0.0000,0,ChildNeutralIdle+ChildNaturalWalk,4.2829,4.3026,0.000
19.716,corridor,Can,-0.0164,4.0539,-2.6137,0.0000,0,ChildNeutralIdle+ChildNaturalWalk,4.2056,4.1893,0.000
19.752,corridor,Deniz,0.0000,4.0196,-1.5044,0.0000,0,ChildNeutralIdle+ChildNaturalWalk,4.2826,4.3025,0.000
19.752,corridor,Can,-0.0164,4.0539,-2.6137,0.0000,0,ChildNeutralIdle+ChildNaturalWalk,4.2057,4.1892,0.000
19.783,corridor,Deniz,0.0000,4.0196,-1.5044,0.0000,0,ChildNeutralIdle+ChildNaturalWalk,4.2824,4.3025,0.000
19.783,corridor,Can,-0.0164,4.0539,-2.6137,0.0000,0,ChildNeutralIdle+ChildNaturalWalk,4.2058,4.1891,0.000
19.816,corridor,Deniz,0.0000,4.0196,-1.5044,0.0000,0,ChildNeutralIdle+ChildNaturalWalk,4.2822,4.3025,0.000
19.816,corridor,Can,-0.0164,4.0539,-2.6137,0.0000,0,ChildNeutralIdle+ChildNaturalWalk,4.2059,4.1890,0.000
19.849,corridor,Deniz,0.0000,4.0196,-1.5044,0.0000,0,ChildNeutralIdle+ChildNaturalWalk,4.2820,4.3024,0.000
19.849,corridor,Can,-0.0164,4.0539,-2.6137,0.0000,0,ChildNeutralIdle+ChildNaturalWalk,4.2059,4.1889,0.000
19.882,corridor,Deniz,0.0000,4.0196,-1.5044,0.0000,0,ChildNeutralIdle+ChildNaturalWalk,4.2818,4.3024,0.000
19.882,corridor,Can,-0.0164,4.0539,-2.6137,0.0000,0,ChildNeutralIdle+ChildNaturalWalk,4.2058,4.1887,0.000
19.916,corridor,Deniz,0.0000,4.0196,-1.5044,0.0000,0,ChildNeutralIdle+ChildNaturalWalk,4.2816,4.3025,0.000
19.916,corridor,Can,-0.0164,4.0539,-2.6137,0.0000,0,ChildNeutralIdle+ChildNaturalWalk,4.2058,4.1885,0.000
19.949,corridor,Deniz,0.0000,4.0196,-1.5044,0.0000,0,ChildNeutralIdle+ChildNaturalWalk,4.2814,4.3025,0.000
19.949,corridor,Can,-0.0164,4.0539,-2.6137,0.0000,0,ChildNeutralIdle+ChildNaturalWalk,4.2057,4.1884,0.000
19.982,corridor,Deniz,0.0000,4.0196,-1.5044,0.0000,0,ChildNeutralIdle+ChildNaturalWalk,4.2812,4.3025,0.000
19.982,corridor,Can,-0.0164,4.0539,-2.6137,0.0000,0,ChildNeutralIdle+ChildNaturalWalk,4.2056,4.1882,0.000
20.016,corridor,Deniz,0.0000,4.0196,-1.5044,0.0000,0,ChildNeutralIdle+ChildNaturalWalk,4.2811,4.3026,0.000
20.016,corridor,Can,-0.0164,4.0539,-2.6137,0.0000,0,ChildNeutralIdle+ChildNaturalWalk,4.2055,4.1880,0.000
20.049,corridor,Deniz,0.0000,4.0196,-1.5044,0.0000,0,ChildNeutralIdle+ChildNaturalWalk,4.2809,4.3026,0.000
20.049,corridor,Can,-0.0164,4.0539,-2.6137,0.0000,0,ChildNeutralIdle+ChildNaturalWalk,4.2053,4.1878,0.000
20.082,corridor,Deniz,0.0000,4.0196,-1.5044,0.0000,0,ChildNeutralIdle+ChildNaturalWalk,4.2808,4.3027,0.000
20.082,corridor,Can,-0.0164,4.0539,-2.6137,0.0000,0,ChildNeutralIdle+ChildNaturalWalk,4.2051,4.1876,0.000
20.115,corridor,Deniz,0.0000,4.0196,-1.5044,0.0000,0,ChildNeutralIdle+ChildNaturalWalk,4.2807,4.3028,0.000
20.115,corridor,Can,-0.0164,4.0539,-2.6137,0.0000,0,ChildNeutralIdle+ChildNaturalWalk,4.2049,4.1874,0.000
20.149,corridor,Deniz,0.0000,4.0196,-1.5044,0.0000,0,ChildNeutralIdle+ChildNaturalWalk,4.2806,4.3029,0.000
20.149,corridor,Can,-0.0164,4.0539,-2.6137,0.0000,0,ChildNeutralIdle+ChildNaturalWalk,4.2046,4.1872,0.000
20.183,corridor,Deniz,0.0000,4.0196,-1.5044,0.0000,0,ChildNeutralIdle+ChildNaturalWalk,4.2805,4.3031,0.000
20.183,corridor,Can,-0.0164,4.0539,-2.6137,0.0000,0,ChildNeutralIdle+ChildNaturalWalk,4.2043,4.1870,0.000
20.216,corridor,Deniz,0.0000,4.0196,-1.5044,0.0000,0,ChildNeutralIdle+ChildNaturalWalk,4.2804,4.3032,0.000
20.216,corridor,Can,-0.0164,4.0539,-2.6137,0.0000,0,ChildNeutralIdle+ChildNaturalWalk,4.2040,4.1868,0.000
20.249,corridor,Deniz,0.0000,4.0196,-1.5044,0.0000,0,ChildNeutralIdle+ChildNaturalWalk,4.2804,4.3034,0.000
20.249,corridor,Can,-0.0164,4.0539,-2.6137,0.0000,0,ChildNeutralIdle+ChildNaturalWalk,4.2036,4.1866,0.000
20.283,corridor,Deniz,0.0000,4.0196,-1.5044,0.0000,0,ChildNeutralIdle+ChildNaturalWalk,4.2805,4.3036,0.000
20.283,corridor,Can,-0.0164,4.0539,-2.6137,0.0000,0,ChildNeutralIdle+ChildNaturalWalk,4.2033,4.1865,0.000
20.316,corridor,Deniz,0.0000,4.0196,-1.5044,0.0000,0,ChildNeutralIdle+ChildNaturalWalk,4.2805,4.3038,0.000
20.316,corridor,Can,-0.0164,4.0539,-2.6137,0.0000,0,ChildNeutralIdle+ChildNaturalWalk,4.2029,4.1863,0.000
20.349,corridor,Deniz,0.0000,4.0196,-1.5044,0.0000,0,ChildNeutralIdle+ChildNaturalWalk,4.2806,4.3040,0.000
20.349,corridor,Can,-0.0164,4.0539,-2.6137,0.0000,0,ChildNeutralIdle+ChildNaturalWalk,4.2025,4.1861,0.000
20.383,corridor,Deniz,0.0000,4.0196,-1.5044,0.0000,0,ChildNeutralIdle+ChildNaturalWalk,4.2807,4.3042,0.000
20.383,corridor,Can,-0.0164,4.0539,-2.6137,0.0000,0,ChildNeutralIdle+ChildNaturalWalk,4.2021,4.1859,0.000
20.416,corridor,Deniz,0.0000,4.0196,-1.5044,0.0000,0,ChildNeutralIdle+ChildNaturalWalk,4.2807,4.3043,0.000
20.416,corridor,Can,-0.0164,4.0539,-2.6137,0.0000,0,ChildNeutralIdle+ChildNaturalWalk,4.2017,4.1858,0.000
20.450,corridor,Deniz,0.0000,4.0196,-1.5044,0.0000,0,ChildNeutralIdle+ChildNaturalWalk,4.2809,4.3045,0.000
20.450,corridor,Can,-0.0164,4.0539,-2.6137,0.0000,0,ChildNeutralIdle+ChildNaturalWalk,4.2012,4.1856,0.000
20.482,corridor,Deniz,0.0000,4.0196,-1.5044,0.0000,0,ChildNeutralIdle+ChildNaturalWalk,4.2810,4.3047,0.000
20.482,corridor,Can,-0.0164,4.0539,-2.6137,0.0000,0,ChildNeutralIdle+ChildNaturalWalk,4.2008,4.1855,0.000
20.515,corridor,Deniz,0.0000,4.0196,-1.5044,0.0000,0,ChildNeutralIdle+ChildNaturalWalk,4.2811,4.3049,0.000
20.515,corridor,Can,-0.0164,4.0539,-2.6137,0.0000,0,ChildNeutralIdle+ChildNaturalWalk,4.2004,4.1853,0.000
20.549,corridor,Deniz,0.0000,4.0196,-1.5044,0.0000,0,ChildNeutralIdle+ChildNaturalWalk,4.2812,4.3050,0.000
20.549,corridor,Can,-0.0164,4.0539,-2.6137,0.0000,0,ChildNeutralIdle+ChildNaturalWalk,4.2000,4.1852,0.000
20.582,corridor,Deniz,0.0000,4.0196,-1.5044,0.0000,0,ChildNeutralIdle+ChildNaturalWalk,4.2814,4.3052,0.000
20.582,corridor,Can,-0.0164,4.0539,-2.6137,0.0000,0,ChildNeutralIdle+ChildNaturalWalk,4.1996,4.1851,0.000
20.616,corridor,Deniz,0.0000,4.0196,-1.5044,0.0000,0,ChildNeutralIdle+ChildNaturalWalk,4.2816,4.3053,0.000
20.616,corridor,Can,-0.0164,4.0539,-2.6137,0.0000,0,ChildNeutralIdle+ChildNaturalWalk,4.1992,4.1850,0.000
20.651,corridor,Deniz,0.0000,4.0196,-1.5044,0.0000,0,ChildNeutralIdle+ChildNaturalWalk,4.2817,4.3055,0.000
20.651,corridor,Can,-0.0164,4.0539,-2.6137,0.0000,0,ChildNeutralIdle+ChildNaturalWalk,4.1988,4.1849,0.000
20.682,corridor,Deniz,0.0000,4.0196,-1.5044,0.0000,0,ChildNeutralIdle+ChildNaturalWalk,4.2819,4.3056,0.000
20.682,corridor,Can,-0.0164,4.0539,-2.6137,0.0000,0,ChildNeutralIdle+ChildNaturalWalk,4.1984,4.1849,0.000
20.716,corridor,Deniz,0.0000,4.0196,-1.5044,0.0000,0,ChildNeutralIdle+ChildNaturalWalk,4.2821,4.3058,0.000
20.716,corridor,Can,-0.0164,4.0539,-2.6137,0.0000,0,ChildNeutralIdle+ChildNaturalWalk,4.1980,4.1849,0.000
20.749,corridor,Deniz,0.0000,4.0196,-1.5044,0.0000,0,ChildNeutralIdle+ChildNaturalWalk,4.2823,4.3059,0.000
20.749,corridor,Can,-0.0164,4.0539,-2.6137,0.0000,0,ChildNeutralIdle+ChildNaturalWalk,4.1977,4.1848,0.000
20.783,corridor,Deniz,0.0000,4.0196,-1.5044,0.0000,0,ChildNeutralIdle+ChildNaturalWalk,4.2825,4.3060,0.000
20.783,corridor,Can,-0.0164,4.0539,-2.6137,0.0000,0,ChildNeutralIdle+ChildNaturalWalk,4.1974,4.1849,0.000
20.816,corridor,Deniz,0.0000,4.0196,-1.5044,0.0000,0,ChildNeutralIdle+ChildNaturalWalk,4.2827,4.3061,0.000
20.816,corridor,Can,-0.0164,4.0539,-2.6137,0.0000,0,ChildNeutralIdle+ChildNaturalWalk,4.1972,4.1850,0.000
20.849,corridor,Deniz,0.0000,4.0196,-1.5044,0.0000,0,ChildNeutralIdle+ChildNaturalWalk,4.2829,4.3062,0.000
20.849,corridor,Can,-0.0164,4.0539,-2.6137,0.0000,0,ChildNeutralIdle+ChildNaturalWalk,4.1970,4.1851,0.000
20.883,corridor,Deniz,0.0000,4.0196,-1.5044,0.0000,0,ChildNeutralIdle+ChildNaturalWalk,4.2831,4.3063,0.000
20.883,corridor,Can,-0.0164,4.0539,-2.6137,0.0000,0,ChildNeutralIdle+ChildNaturalWalk,4.1969,4.1852,0.000
20.916,corridor,Deniz,0.0000,4.0196,-1.5044,0.0000,0,ChildNeutralIdle+ChildNaturalWalk,4.2833,4.3063,0.000
20.916,corridor,Can,-0.0164,4.0539,-2.6137,0.0000,0,ChildNeutralIdle+ChildNaturalWalk,4.1968,4.1854,0.000
20.950,corridor,Deniz,0.0000,4.0196,-1.5044,0.0000,0,ChildNeutralIdle+ChildNaturalWalk,4.2835,4.3064,0.000
20.950,corridor,Can,-0.0164,4.0539,-2.6137,0.0000,0,ChildNeutralIdle+ChildNaturalWalk,4.1967,4.1855,0.000
20.983,corridor,Deniz,0.0000,4.0196,-1.5044,0.0000,0,ChildNeutralIdle+ChildNaturalWalk,4.2837,4.3064,0.000
20.983,corridor,Can,-0.0164,4.0539,-2.6137,0.0000,0,ChildNeutralIdle+ChildNaturalWalk,4.1966,4.1857,0.000
21.016,corridor,Deniz,0.0000,4.0196,-1.5044,0.0000,0,ChildNeutralIdle+ChildNaturalWalk,4.2839,4.3064,0.000
21.016,corridor,Can,-0.0164,4.0539,-2.6137,0.0000,0,ChildNeutralIdle+ChildNaturalWalk,4.1966,4.1859,0.000
21.050,corridor,Deniz,0.0000,4.0196,-1.5044,0.0000,0,ChildNeutralIdle+ChildNaturalWalk,4.2841,4.3064,0.000
21.050,corridor,Can,-0.0164,4.0539,-2.6137,0.0000,0,ChildNeutralIdle+ChildNaturalWalk,4.1966,4.1860,0.000
21.083,corridor,Deniz,0.0000,4.0196,-1.5044,0.0000,0,ChildNeutralIdle+ChildNaturalWalk,4.2843,4.3064,0.000
21.083,corridor,Can,-0.0164,4.0539,-2.6137,0.0000,0,ChildNeutralIdle+ChildNaturalWalk,4.1966,4.1862,0.000
21.116,corridor,Deniz,0.0000,4.0196,-1.5044,0.0000,0,ChildNeutralIdle+ChildNaturalWalk,4.2845,4.3064,0.000
21.116,corridor,Can,-0.0164,4.0539,-2.6137,0.0000,0,ChildNeutralIdle+ChildNaturalWalk,4.1967,4.1864,0.000
21.150,corridor,Deniz,0.0000,4.0196,-1.5044,0.0000,0,ChildNeutralIdle+ChildNaturalWalk,4.2847,4.3063,0.000
21.150,corridor,Can,-0.0164,4.0539,-2.6137,0.0000,0,ChildNeutralIdle+ChildNaturalWalk,4.1967,4.1866,0.000
21.183,corridor,Deniz,0.0000,4.0196,-1.5044,0.0000,0,ChildNeutralIdle+ChildNaturalWalk,4.2849,4.3063,0.000
21.183,corridor,Can,-0.0164,4.0539,-2.6137,0.0000,0,ChildNeutralIdle+ChildNaturalWalk,4.1969,4.1868,0.000
21.217,corridor,Deniz,0.0000,4.0196,-1.5044,0.0000,0,ChildNeutralIdle+ChildNaturalWalk,4.2850,4.3062,0.000
21.217,corridor,Can,-0.0164,4.0539,-2.6137,0.0000,0,ChildNeutralIdle+ChildNaturalWalk,4.1970,4.1870,0.000
21.250,corridor,Deniz,0.0000,4.0196,-1.5044,0.0000,0,ChildNeutralIdle+ChildNaturalWalk,4.2852,4.3061,0.000
21.250,corridor,Can,-0.0164,4.0539,-2.6137,0.0000,0,ChildNeutralIdle+ChildNaturalWalk,4.1972,4.1873,0.000
21.283,corridor,Deniz,0.0000,4.0196,-1.5044,0.0000,0,ChildNeutralIdle+ChildNaturalWalk,4.2853,4.3061,0.000
21.283,corridor,Can,-0.0164,4.0539,-2.6137,0.0000,0,ChildNeutralIdle+ChildNaturalWalk,4.1974,4.1875,0.000
21.316,corridor,Deniz,0.0000,4.0196,-1.5044,0.0000,0,ChildNeutralIdle+ChildNaturalWalk,4.2854,4.3060,0.000
21.316,corridor,Can,-0.0164,4.0539,-2.6137,0.0000,0,ChildNeutralIdle+ChildNaturalWalk,4.1976,4.1877,0.000
21.349,corridor,Deniz,0.0000,4.0196,-1.5044,0.0000,0,ChildNeutralIdle+ChildNaturalWalk,4.2855,4.3059,0.000
21.349,corridor,Can,-0.0164,4.0539,-2.6137,0.0000,0,ChildNeutralIdle+ChildNaturalWalk,4.1979,4.1879,0.000
21.383,corridor,Deniz,0.0000,4.0196,-1.5044,0.0000,0,ChildNeutralIdle+ChildNaturalWalk,4.2856,4.3058,0.000
21.383,corridor,Can,-0.0164,4.0539,-2.6137,0.0000,0,ChildNeutralIdle+ChildNaturalWalk,4.1982,4.1881,0.000
21.416,corridor,Deniz,0.0000,4.0196,-1.5044,0.0000,0,ChildNeutralIdle+ChildNaturalWalk,4.2857,4.3057,0.000
21.416,corridor,Can,-0.0164,4.0539,-2.6137,0.0000,0,ChildNeutralIdle+ChildNaturalWalk,4.1985,4.1883,0.000
21.450,corridor,Deniz,0.0000,4.0196,-1.5044,0.0000,0,ChildNeutralIdle+ChildNaturalWalk,4.2857,4.3056,0.000
21.450,corridor,Can,-0.0164,4.0539,-2.6137,0.0000,0,ChildNeutralIdle+ChildNaturalWalk,4.1988,4.1884,0.000
21.483,corridor,Deniz,0.0000,4.0196,-1.5044,0.0000,0,ChildNeutralIdle+ChildNaturalWalk,4.2857,4.3054,0.000
21.483,corridor,Can,-0.0164,4.0539,-2.6137,0.0000,0,ChildNeutralIdle+ChildNaturalWalk,4.1992,4.1886,0.000
21.516,corridor,Deniz,0.0000,4.0196,-1.5044,0.0000,0,ChildNeutralIdle+ChildNaturalWalk,4.2857,4.3053,0.000
21.516,corridor,Can,-0.0164,4.0539,-2.6137,0.0000,0,ChildNeutralIdle+ChildNaturalWalk,4.1996,4.1888,0.000
21.549,corridor,Deniz,0.0000,4.0196,-1.5044,0.0000,0,ChildNeutralIdle+ChildNaturalWalk,4.2857,4.3051,0.000
21.549,corridor,Can,-0.0164,4.0539,-2.6137,0.0000,0,ChildNeutralIdle+ChildNaturalWalk,4.1999,4.1889,0.000
21.583,corridor,Deniz,0.0000,4.0196,-1.5044,0.0000,0,ChildNeutralIdle+ChildNaturalWalk,4.2856,4.3049,0.000
21.583,corridor,Can,-0.0164,4.0539,-2.6137,0.0000,0,ChildNeutralIdle+ChildNaturalWalk,4.2003,4.1891,0.000
21.619,corridor,Deniz,0.0000,4.0196,-1.5044,0.0000,0,ChildNeutralIdle+ChildNaturalWalk,4.2856,4.3047,0.000
21.619,corridor,Can,-0.0164,4.0539,-2.6137,0.0000,0,ChildNeutralIdle+ChildNaturalWalk,4.2007,4.1892,0.000
21.649,corridor,Deniz,0.0000,4.0196,-1.5044,0.0000,0,ChildNeutralIdle+ChildNaturalWalk,4.2855,4.3045,0.000
21.649,corridor,Can,-0.0164,4.0539,-2.6137,0.0000,0,ChildNeutralIdle+ChildNaturalWalk,4.2011,4.1893,0.000
21.683,corridor,Deniz,0.0000,4.0196,-1.5044,0.0000,0,ChildNeutralIdle+ChildNaturalWalk,4.2854,4.3043,0.000
21.683,corridor,Can,-0.0164,4.0539,-2.6137,0.0000,0,ChildNeutralIdle+ChildNaturalWalk,4.2015,4.1894,0.000
21.717,corridor,Deniz,0.0000,4.0196,-1.5044,0.0000,0,ChildNeutralIdle+ChildNaturalWalk,4.2852,4.3041,0.000
21.717,corridor,Can,-0.0164,4.0539,-2.6137,0.0000,0,ChildNeutralIdle+ChildNaturalWalk,4.2019,4.1895,0.000
21.750,corridor,Deniz,0.0000,4.0196,-1.5044,0.0000,0,ChildNeutralIdle+ChildNaturalWalk,4.2851,4.3039,0.000
21.750,corridor,Can,-0.0164,4.0539,-2.6137,0.0000,0,ChildNeutralIdle+ChildNaturalWalk,4.2023,4.1896,0.000
21.784,corridor,Deniz,0.0000,4.0196,-1.5044,0.0000,0,ChildNeutralIdle+ChildNaturalWalk,4.2849,4.3037,0.000
21.784,corridor,Can,-0.0164,4.0539,-2.6137,0.0000,0,ChildNeutralIdle+ChildNaturalWalk,4.2027,4.1896,0.000
21.816,corridor,Deniz,0.0000,4.0196,-1.5044,0.0000,0,ChildNeutralIdle+ChildNaturalWalk,4.2848,4.3035,0.000
21.816,corridor,Can,-0.0164,4.0539,-2.6137,0.0000,0,ChildNeutralIdle+ChildNaturalWalk,4.2031,4.1897,0.000
21.849,corridor,Deniz,0.0000,4.0196,-1.5044,0.0000,0,ChildNeutralIdle+ChildNaturalWalk,4.2846,4.3033,0.000
21.849,corridor,Can,-0.0164,4.0539,-2.6137,0.0000,0,ChildNeutralIdle+ChildNaturalWalk,4.2034,4.1897,0.000
21.883,corridor,Deniz,0.0000,4.0196,-1.5044,0.0000,0,ChildNeutralIdle+ChildNaturalWalk,4.2844,4.3031,0.000
21.883,corridor,Can,-0.0164,4.0539,-2.6137,0.0000,0,ChildNeutralIdle+ChildNaturalWalk,4.2038,4.1897,0.000
21.916,corridor,Deniz,0.0000,4.0196,-1.5044,0.0000,0,ChildNeutralIdle+ChildNaturalWalk,4.2842,4.3029,0.000
21.916,corridor,Can,-0.0164,4.0539,-2.6137,0.0000,0,ChildNeutralIdle+ChildNaturalWalk,4.2041,4.1897,0.000
21.950,corridor,Deniz,0.0000,4.0196,-1.5044,0.0000,0,ChildNeutralIdle+ChildNaturalWalk,4.2840,4.3028,0.000
21.950,corridor,Can,-0.0164,4.0539,-2.6137,0.0000,0,ChildNeutralIdle+ChildNaturalWalk,4.2044,4.1897,0.000
21.985,corridor,Deniz,0.0000,4.0196,-1.5044,0.0000,0,ChildNeutralIdle+ChildNaturalWalk,4.2838,4.3026,0.000
21.985,corridor,Can,-0.0164,4.0539,-2.6137,0.0000,0,ChildNeutralIdle+ChildNaturalWalk,4.2046,4.1896,0.000
22.017,corridor,Deniz,0.0000,4.0196,-1.5044,0.0000,0,ChildNeutralIdle+ChildNaturalWalk,4.2836,4.3025,0.000
22.017,corridor,Can,-0.0164,4.0539,-2.6137,0.0000,0,ChildNeutralIdle+ChildNaturalWalk,4.2049,4.1896,0.000
22.049,corridor,Deniz,0.0000,4.0196,-1.5044,0.0000,0,ChildNeutralIdle+ChildNaturalWalk,4.2834,4.3023,0.000
22.049,corridor,Can,-0.0164,4.0539,-2.6137,0.0000,0,ChildNeutralIdle+ChildNaturalWalk,4.2051,4.1895,0.000
22.083,corridor,Deniz,0.0000,4.0196,-1.5044,0.0000,0,ChildNeutralIdle+ChildNaturalWalk,4.2832,4.3022,0.000
22.083,corridor,Can,-0.0164,4.0539,-2.6137,0.0000,0,ChildNeutralIdle+ChildNaturalWalk,4.2052,4.1894,0.000
22.116,corridor,Deniz,0.0000,4.0196,-1.5044,0.0000,0,ChildNeutralIdle+ChildNaturalWalk,4.2830,4.3021,0.000
22.116,corridor,Can,-0.0164,4.0539,-2.6137,0.0000,0,ChildNeutralIdle+ChildNaturalWalk,4.2053,4.1893,0.000
22.149,corridor,Deniz,0.0000,4.0196,-1.5044,0.0000,0,ChildNeutralIdle+ChildNaturalWalk,4.2828,4.3021,0.000
22.149,corridor,Can,-0.0164,4.0539,-2.6137,0.0000,0,ChildNeutralIdle+ChildNaturalWalk,4.2054,4.1891,0.000
22.184,corridor,Deniz,0.0000,4.0196,-1.5044,0.0000,0,ChildNeutralIdle+ChildNaturalWalk,4.2827,4.3020,0.000
22.184,corridor,Can,-0.0164,4.0539,-2.6137,0.0000,0,ChildNeutralIdle+ChildNaturalWalk,4.2055,4.1890,0.000
22.215,corridor,Deniz,0.0000,4.0196,-1.5044,0.0000,0,ChildNeutralIdle+ChildNaturalWalk,4.2825,4.3020,0.000
22.215,corridor,Can,-0.0164,4.0539,-2.6137,0.0000,0,ChildNeutralIdle+ChildNaturalWalk,4.2055,4.1888,0.000
22.250,corridor,Deniz,0.0000,4.0196,-1.5044,0.0000,0,ChildNeutralIdle+ChildNaturalWalk,4.2823,4.3020,0.000
22.250,corridor,Can,-0.0164,4.0539,-2.6137,0.0000,0,ChildNeutralIdle+ChildNaturalWalk,4.2055,4.1887,0.000
22.283,corridor,Deniz,0.0000,4.0196,-1.5044,0.0000,0,ChildNeutralIdle+ChildNaturalWalk,4.2821,4.3019,0.000
22.283,corridor,Can,-0.0164,4.0539,-2.6137,0.0000,0,ChildNeutralIdle+ChildNaturalWalk,4.2055,4.1885,0.000
22.316,corridor,Deniz,0.0000,4.0196,-1.5044,0.0000,0,ChildNeutralIdle+ChildNaturalWalk,4.2819,4.3019,0.000
22.316,corridor,Can,-0.0164,4.0539,-2.6137,0.0000,0,ChildNeutralIdle+ChildNaturalWalk,4.2054,4.1883,0.000
22.349,corridor,Deniz,0.0000,4.0196,-1.5044,0.0000,0,ChildNeutralIdle+ChildNaturalWalk,4.2818,4.3019,0.000
22.349,corridor,Can,-0.0164,4.0539,-2.6137,0.0000,0,ChildNeutralIdle+ChildNaturalWalk,4.2053,4.1881,0.000
22.383,corridor,Deniz,0.0000,4.0196,-1.5044,0.0000,0,ChildNeutralIdle+ChildNaturalWalk,4.2816,4.3019,0.000
22.383,corridor,Can,-0.0164,4.0539,-2.6137,0.0000,0,ChildNeutralIdle+ChildNaturalWalk,4.2052,4.1879,0.000
22.416,corridor,Deniz,0.0000,4.0196,-1.5044,0.0000,0,ChildNeutralIdle+ChildNaturalWalk,4.2815,4.3020,0.000
22.416,corridor,Can,-0.0164,4.0539,-2.6137,0.0000,0,ChildNeutralIdle+ChildNaturalWalk,4.2051,4.1877,0.000
22.450,corridor,Deniz,0.0000,4.0196,-1.5044,0.0000,0,ChildNeutralIdle+ChildNaturalWalk,4.2814,4.3020,0.000
22.450,corridor,Can,-0.0164,4.0539,-2.6137,0.0000,0,ChildNeutralIdle+ChildNaturalWalk,4.2049,4.1875,0.000
22.483,corridor,Deniz,0.0000,4.0196,-1.5044,0.0000,0,ChildNeutralIdle+ChildNaturalWalk,4.2813,4.3021,0.000
22.483,corridor,Can,-0.0164,4.0539,-2.6137,0.0000,0,ChildNeutralIdle+ChildNaturalWalk,4.2047,4.1873,0.000
22.516,corridor,Deniz,0.0000,4.0196,-1.5044,0.0000,0,ChildNeutralIdle+ChildNaturalWalk,4.2812,4.3022,0.000
22.516,corridor,Can,-0.0164,4.0539,-2.6137,0.0000,0,ChildNeutralIdle+ChildNaturalWalk,4.2045,4.1871,0.000
22.550,corridor,Deniz,0.0000,4.0196,-1.5044,0.0000,0,ChildNeutralIdle+ChildNaturalWalk,4.2811,4.3023,0.000
22.550,corridor,Can,-0.0164,4.0539,-2.6137,0.0000,0,ChildNeutralIdle+ChildNaturalWalk,4.2043,4.1868,0.000
22.585,corridor,Deniz,0.0000,4.0196,-1.5044,0.0000,0,ChildNeutralIdle+ChildNaturalWalk,4.2810,4.3024,0.000
22.585,corridor,Can,-0.0164,4.0539,-2.6137,0.0000,0,ChildNeutralIdle+ChildNaturalWalk,4.2040,4.1866,0.000
22.616,corridor,Deniz,0.0000,4.0196,-1.5044,0.0000,0,ChildNeutralIdle+ChildNaturalWalk,4.2809,4.3026,0.000
22.616,corridor,Can,-0.0164,4.0539,-2.6137,0.0000,0,ChildNeutralIdle+ChildNaturalWalk,4.2037,4.1864,0.000
22.649,corridor,Deniz,0.0000,4.0196,-1.5044,0.0000,0,ChildNeutralIdle+ChildNaturalWalk,4.2809,4.3027,0.000
22.649,corridor,Can,-0.0164,4.0539,-2.6137,0.0000,0,ChildNeutralIdle+ChildNaturalWalk,4.2034,4.1862,0.000
22.683,corridor,Deniz,0.0000,4.0196,-1.5044,0.0000,0,ChildNeutralIdle+ChildNaturalWalk,4.2809,4.3029,0.000
22.683,corridor,Can,-0.0164,4.0539,-2.6137,0.0000,0,ChildNeutralIdle+ChildNaturalWalk,4.2031,4.1860,0.000
22.717,corridor,Deniz,0.0000,4.0196,-1.5044,0.0000,0,ChildNeutralIdle+ChildNaturalWalk,4.2809,4.3032,0.000
22.717,corridor,Can,-0.0164,4.0539,-2.6137,0.0000,0,ChildNeutralIdle+ChildNaturalWalk,4.2027,4.1858,0.000
22.751,corridor,Deniz,0.0000,4.0196,-1.5044,0.0000,0,ChildNeutralIdle+ChildNaturalWalk,4.2809,4.3034,0.000
22.751,corridor,Can,-0.0164,4.0539,-2.6137,0.0000,0,ChildNeutralIdle+ChildNaturalWalk,4.2024,4.1856,0.000
22.783,corridor,Deniz,0.0000,4.0196,-1.5044,0.0000,0,ChildNeutralIdle+ChildNaturalWalk,4.2809,4.3037,0.000
22.783,corridor,Can,-0.0164,4.0539,-2.6137,0.0000,0,ChildNeutralIdle+ChildNaturalWalk,4.2020,4.1855,0.000
22.816,corridor,Deniz,0.0000,4.0196,-1.5044,0.0000,0,ChildNeutralIdle+ChildNaturalWalk,4.2809,4.3039,0.000
22.816,corridor,Can,-0.0164,4.0539,-2.6137,0.0000,0,ChildNeutralIdle+ChildNaturalWalk,4.2016,4.1853,0.000
22.849,corridor,Deniz,0.0000,4.0196,-1.5044,0.0000,0,ChildNeutralIdle+ChildNaturalWalk,4.2810,4.3042,0.000
22.849,corridor,Can,-0.0164,4.0539,-2.6137,0.0000,0,ChildNeutralIdle+ChildNaturalWalk,4.2012,4.1851,0.000
22.883,corridor,Deniz,0.0000,4.0196,-1.5044,0.0000,0,ChildNeutralIdle+ChildNaturalWalk,4.2811,4.3044,0.000
22.883,corridor,Can,-0.0164,4.0539,-2.6137,0.0000,0,ChildNeutralIdle+ChildNaturalWalk,4.2008,4.1850,0.000
22.916,corridor,Deniz,0.0000,4.0196,-1.5044,0.0000,0,ChildNeutralIdle+ChildNaturalWalk,4.2812,4.3047,0.000
22.916,corridor,Can,-0.0164,4.0539,-2.6137,0.0000,0,ChildNeutralIdle+ChildNaturalWalk,4.2004,4.1848,0.000
22.955,corridor,Deniz,0.0000,4.0196,-1.5044,0.0000,0,ChildNeutralIdle+ChildNaturalWalk,4.2813,4.3049,0.000
22.955,corridor,Can,-0.0164,4.0539,-2.6137,0.0000,0,ChildNeutralIdle+ChildNaturalWalk,4.2000,4.1847,0.000
22.989,corridor,Deniz,0.0000,4.0196,-1.5044,0.0000,0,ChildNeutralIdle+ChildNaturalWalk,4.2815,4.3051,0.000
22.989,corridor,Can,-0.0164,4.0539,-2.6137,0.0000,0,ChildNeutralIdle+ChildNaturalWalk,4.1997,4.1846,0.000
23.023,corridor,Deniz,0.0000,4.0196,-1.5044,0.0000,0,ChildNeutralIdle+ChildNaturalWalk,4.2816,4.3053,0.000
23.023,corridor,Can,-0.0164,4.0539,-2.6137,0.0000,0,ChildNeutralIdle+ChildNaturalWalk,4.1993,4.1845,0.000
23.055,corridor,Deniz,0.0000,4.0196,-1.5044,0.0000,0,ChildNeutralIdle+ChildNaturalWalk,4.2818,4.3055,0.000
23.055,corridor,Can,-0.0164,4.0539,-2.6137,0.0000,0,ChildNeutralIdle+ChildNaturalWalk,4.1989,4.1845,0.000
23.089,corridor,Deniz,0.0000,4.0196,-1.5044,0.0000,0,ChildNeutralIdle+ChildNaturalWalk,4.2819,4.3056,0.000
23.089,corridor,Can,-0.0164,4.0539,-2.6137,0.0000,0,ChildNeutralIdle+ChildNaturalWalk,4.1986,4.1844,0.000
23.122,corridor,Deniz,0.0000,4.0196,-1.5044,0.0000,0,ChildNeutralIdle+ChildNaturalWalk,4.2821,4.3058,0.000
23.122,corridor,Can,-0.0164,4.0539,-2.6137,0.0000,0,ChildNeutralIdle+ChildNaturalWalk,4.1983,4.1844,0.000
23.155,corridor,Deniz,0.0000,4.0196,-1.5044,0.0000,0,ChildNeutralIdle+ChildNaturalWalk,4.2823,4.3059,0.000
23.155,corridor,Can,-0.0164,4.0539,-2.6137,0.0000,0,ChildNeutralIdle+ChildNaturalWalk,4.1980,4.1844,0.000
23.189,corridor,Deniz,0.0000,4.0196,-1.5044,0.0000,0,ChildNeutralIdle+ChildNaturalWalk,4.2825,4.3060,0.000
23.189,corridor,Can,-0.0164,4.0539,-2.6137,0.0000,0,ChildNeutralIdle+ChildNaturalWalk,4.1977,4.1844,0.000
23.221,corridor,Deniz,0.0000,4.0196,-1.5044,0.0000,0,ChildNeutralIdle+ChildNaturalWalk,4.2827,4.3061,0.000
23.221,corridor,Can,-0.0164,4.0539,-2.6137,0.0000,0,ChildNeutralIdle+ChildNaturalWalk,4.1975,4.1845,0.000
23.255,corridor,Deniz,0.0000,4.0196,-1.5044,0.0000,0,ChildNeutralIdle+ChildNaturalWalk,4.2828,4.3062,0.000
23.255,corridor,Can,-0.0164,4.0539,-2.6137,0.0000,0,ChildNeutralIdle+ChildNaturalWalk,4.1972,4.1846,0.000
23.288,corridor,Deniz,0.0000,4.0196,-1.5044,0.0000,0,ChildNeutralIdle+ChildNaturalWalk,4.2830,4.3063,0.000
23.288,corridor,Can,-0.0164,4.0539,-2.6137,0.0000,0,ChildNeutralIdle+ChildNaturalWalk,4.1971,4.1847,0.000
23.322,corridor,Deniz,0.0000,4.0196,-1.5044,0.0000,0,ChildNeutralIdle+ChildNaturalWalk,4.2832,4.3063,0.000
23.322,corridor,Can,-0.0164,4.0539,-2.6137,0.0000,0,ChildNeutralIdle+ChildNaturalWalk,4.1969,4.1848,0.000
23.355,corridor,Deniz,0.0000,4.0196,-1.5044,0.0000,0,ChildNeutralIdle+ChildNaturalWalk,4.2834,4.3064,0.000
23.355,corridor,Can,-0.0164,4.0539,-2.6137,0.0000,0,ChildNeutralIdle+ChildNaturalWalk,4.1968,4.1849,0.000
23.388,corridor,Deniz,0.0000,4.0196,-1.5044,0.0000,0,ChildNeutralIdle+ChildNaturalWalk,4.2836,4.3064,0.000
23.388,corridor,Can,-0.0164,4.0539,-2.6137,0.0000,0,ChildNeutralIdle+ChildNaturalWalk,4.1967,4.1851,0.000
23.422,corridor,Deniz,0.0000,4.0196,-1.5044,0.0000,0,ChildNeutralIdle+ChildNaturalWalk,4.2838,4.3064,0.000
23.422,corridor,Can,-0.0164,4.0539,-2.6137,0.0000,0,ChildNeutralIdle+ChildNaturalWalk,4.1966,4.1853,0.000
23.455,corridor,Deniz,0.0000,4.0196,-1.5044,0.0000,0,ChildNeutralIdle+ChildNaturalWalk,4.2840,4.3065,0.000
23.455,corridor,Can,-0.0164,4.0539,-2.6137,0.0000,0,ChildNeutralIdle+ChildNaturalWalk,4.1966,4.1855,0.000
23.488,corridor,Deniz,0.0000,4.0196,-1.5044,0.0000,0,ChildNeutralIdle+ChildNaturalWalk,4.2842,4.3065,0.000
23.488,corridor,Can,-0.0164,4.0539,-2.6137,0.0000,0,ChildNeutralIdle+ChildNaturalWalk,4.1966,4.1857,0.000
23.523,corridor,Deniz,0.0000,4.0196,-1.5044,0.0000,0,ChildNeutralIdle,4.2843,4.3064,0.000
23.523,corridor,Can,-0.0164,4.0539,-2.6137,0.0000,0,ChildNeutralIdle+ChildNaturalWalk,4.1966,4.1859,0.000
23.557,corridor,Deniz,0.0000,4.0196,-1.5044,0.0000,0,ChildNeutralIdle,4.2845,4.3064,0.000
23.557,corridor,Can,-0.0164,4.0539,-2.6137,0.0000,0,ChildNeutralIdle,4.1967,4.1861,0.000
23.589,corridor,Deniz,0.0000,4.0196,-1.5044,0.0000,0,ChildNeutralIdle,4.2847,4.3064,0.000
23.589,corridor,Can,-0.0164,4.0539,-2.6137,0.0000,0,ChildNeutralIdle,4.1968,4.1863,0.000
23.621,corridor,Deniz,0.0000,4.0196,-1.5044,0.0000,0,ChildNeutralIdle,4.2848,4.3063,0.000
23.621,corridor,Can,-0.0164,4.0539,-2.6137,0.0000,0,ChildNeutralIdle,4.1970,4.1865,0.000
23.656,corridor,Deniz,0.0000,4.0196,-1.5044,0.0000,0,ChildNeutralIdle,4.2850,4.3062,0.000
23.656,corridor,Can,-0.0164,4.0539,-2.6137,0.0000,0,ChildNeutralIdle,4.1971,4.1867,0.000
23.690,corridor,Deniz,0.0000,4.0196,-1.5044,0.0000,0,ChildNeutralIdle,4.2851,4.3062,0.000
23.690,corridor,Can,-0.0164,4.0539,-2.6137,0.0000,0,ChildNeutralIdle,4.1974,4.1869,0.000
23.722,corridor,Deniz,0.0000,4.0196,-1.5044,0.0000,0,ChildNeutralIdle,4.2852,4.3061,0.000
23.722,corridor,Can,-0.0164,4.0539,-2.6137,0.0000,0,ChildNeutralIdle,4.1976,4.1871,0.000
23.756,corridor,Deniz,0.0000,4.0196,-1.5044,0.0000,0,ChildNeutralIdle,4.2853,4.3059,0.000
23.756,corridor,Can,-0.0164,4.0539,-2.6137,0.0000,0,ChildNeutralIdle,4.1978,4.1873,0.000
23.789,corridor,Deniz,0.0000,4.0196,-1.5044,0.0000,0,ChildNeutralIdle,4.2854,4.3058,0.000
23.789,corridor,Can,-0.0164,4.0539,-2.6137,0.0000,0,ChildNeutralIdle,4.1981,4.1875,0.000
23.822,corridor,Deniz,0.0000,4.0196,-1.5044,0.0000,0,ChildNeutralIdle,4.2855,4.3057,0.000
23.822,corridor,Can,-0.0164,4.0539,-2.6137,0.0000,0,ChildNeutralIdle,4.1984,4.1877,0.000
23.856,corridor,Deniz,0.0000,4.0196,-1.5044,0.0000,0,ChildNeutralIdle,4.2856,4.3055,0.000
23.856,corridor,Can,-0.0164,4.0539,-2.6137,0.0000,0,ChildNeutralIdle,4.1988,4.1879,0.000
23.889,corridor,Deniz,0.0000,4.0196,-1.5044,0.0000,0,ChildNeutralIdle,4.2856,4.3053,0.000
23.889,corridor,Can,-0.0164,4.0539,-2.6137,0.0000,0,ChildNeutralIdle,4.1991,4.1881,0.000
23.922,corridor,Deniz,0.0000,4.0196,-1.5044,0.0000,0,ChildNeutralIdle,4.2856,4.3051,0.000
23.922,corridor,Can,-0.0164,4.0539,-2.6137,0.0000,0,ChildNeutralIdle,4.1995,4.1883,0.000
23.955,corridor,Deniz,0.0000,4.0196,-1.5044,0.0000,0,ChildNeutralIdle,4.2856,4.3049,0.000
23.955,corridor,Can,-0.0164,4.0539,-2.6137,0.0000,0,ChildNeutralIdle,4.1999,4.1884,0.000
23.989,corridor,Deniz,0.0000,4.0196,-1.5044,0.0000,0,ChildNeutralIdle,4.2856,4.3047,0.000
23.989,corridor,Can,-0.0164,4.0539,-2.6137,0.0000,0,ChildNeutralIdle,4.2003,4.1886,0.000
24.022,corridor,Deniz,0.0000,4.0196,-1.5044,0.0000,0,ChildNeutralIdle,4.2855,4.3046,0.000
24.022,corridor,Can,-0.0164,4.0539,-2.6137,0.0000,0,ChildNeutralIdle,4.2007,4.1887,0.000
24.056,corridor,Deniz,0.0000,4.0196,-1.5044,0.0000,0,ChildNeutralIdle,4.2854,4.3044,0.000
24.056,corridor,Can,-0.0164,4.0539,-2.6137,0.0000,0,ChildNeutralIdle,4.2011,4.1889,0.000
24.088,corridor,Deniz,0.0000,4.0196,-1.5044,0.0000,0,ChildNeutralIdle,4.2853,4.3042,0.000
24.088,corridor,Can,-0.0164,4.0539,-2.6137,0.0000,0,ChildNeutralIdle,4.2015,4.1890,0.000
24.122,corridor,Deniz,0.0000,4.0196,-1.5044,0.0000,0,ChildNeutralIdle,4.2852,4.3041,0.000
24.122,corridor,Can,-0.0164,4.0539,-2.6137,0.0000,0,ChildNeutralIdle,4.2019,4.1891,0.000
24.155,corridor,Deniz,0.0000,4.0196,-1.5044,0.0000,0,ChildNeutralIdle,4.2851,4.3039,0.000
24.155,corridor,Can,-0.0164,4.0539,-2.6137,0.0000,0,ChildNeutralIdle,4.2023,4.1892,0.000
24.189,corridor,Deniz,0.0000,4.0196,-1.5044,0.0000,0,ChildNeutralIdle,4.2849,4.3038,0.000
24.189,corridor,Can,-0.0164,4.0539,-2.6137,0.0000,0,ChildNeutralIdle,4.2027,4.1893,0.000
24.222,corridor,Deniz,0.0000,4.0196,-1.5044,0.0000,0,ChildNeutralIdle,4.2847,4.3036,0.000
24.222,corridor,Can,-0.0164,4.0539,-2.6137,0.0000,0,ChildNeutralIdle,4.2031,4.1894,0.000
24.254,corridor,Deniz,0.0000,4.0196,-1.5044,0.0000,0,ChildNeutralIdle,4.2846,4.3035,0.000
24.254,corridor,Can,-0.0164,4.0539,-2.6137,0.0000,0,ChildNeutralIdle,4.2035,4.1895,0.000
24.289,corridor,Deniz,0.0000,4.0196,-1.5044,0.0000,0,ChildNeutralIdle,4.2844,4.3033,0.000
24.289,corridor,Can,-0.0164,4.0539,-2.6137,0.0000,0,ChildNeutralIdle,4.2038,4.1895,0.000
24.322,corridor,Deniz,0.0000,4.0196,-1.5044,0.0000,0,ChildNeutralIdle,4.2842,4.3032,0.000
24.322,corridor,Can,-0.0164,4.0539,-2.6137,0.0000,0,ChildNeutralIdle,4.2042,4.1896,0.000
24.355,corridor,Deniz,0.0000,4.0196,-1.5044,0.0000,0,ChildNeutralIdle,4.2840,4.3030,0.000
24.355,corridor,Can,-0.0164,4.0539,-2.6137,0.0000,0,ChildNeutralIdle,4.2045,4.1896,0.000
24.389,corridor,Deniz,0.0000,4.0196,-1.5044,0.0000,0,ChildNeutralIdle,4.2838,4.3029,0.000
24.389,corridor,Can,-0.0164,4.0539,-2.6137,0.0000,0,ChildNeutralIdle,4.2048,4.1896,0.000
24.422,corridor,Deniz,0.0000,4.0196,-1.5044,0.0000,0,ChildNeutralIdle,4.2836,4.3028,0.000
24.422,corridor,Can,-0.0164,4.0539,-2.6137,0.0000,0,ChildNeutralIdle,4.2050,4.1895,0.000
24.456,corridor,Deniz,0.0000,4.0196,-1.5044,0.0000,0,ChildNeutralIdle,4.2833,4.3027,0.000
24.456,corridor,Can,-0.0164,4.0539,-2.6137,0.0000,0,ChildNeutralIdle,4.2053,4.1895,0.000
24.493,corridor,Deniz,0.0000,4.0196,-1.5044,0.0000,0,ChildNeutralIdle,4.2831,4.3026,0.000
24.493,corridor,Can,-0.0164,4.0539,-2.6137,0.0000,0,ChildNeutralIdle,4.2055,4.1894,0.000
24.522,corridor,Deniz,0.0000,4.0196,-1.5044,0.0000,0,ChildNeutralIdle,4.2829,4.3026,0.000
24.522,corridor,Can,-0.0164,4.0539,-2.6137,0.0000,0,ChildNeutralIdle,4.2056,4.1894,0.000
24.555,corridor,Deniz,0.0000,4.0196,-1.5044,0.0000,0,ChildNeutralIdle,4.2827,4.3025,0.000
24.555,corridor,Can,-0.0164,4.0539,-2.6137,0.0000,0,ChildNeutralIdle,4.2057,4.1893,0.000
24.589,corridor,Deniz,0.0000,4.0196,-1.5044,0.0000,0,ChildNeutralIdle,4.2825,4.3025,0.000
24.589,corridor,Can,-0.0164,4.0539,-2.6137,0.0000,0,ChildNeutralIdle,4.2058,4.1891,0.000
24.622,corridor,Deniz,0.0000,4.0196,-1.5044,0.0000,0,ChildNeutralIdle,4.2822,4.3025,0.000
24.622,corridor,Can,-0.0164,4.0539,-2.6137,0.0000,0,ChildNeutralIdle,4.2058,4.1890,0.000
24.656,corridor,Deniz,0.0000,4.0196,-1.5044,0.0000,0,ChildNeutralIdle,4.2820,4.3024,0.000
24.656,corridor,Can,-0.0164,4.0539,-2.6137,0.0000,0,ChildNeutralIdle,4.2059,4.1889,0.000
24.689,corridor,Deniz,0.0000,4.0196,-1.5044,0.0000,0,ChildNeutralIdle,4.2818,4.3024,0.000
24.689,corridor,Can,-0.0164,4.0539,-2.6137,0.0000,0,ChildNeutralIdle,4.2059,4.1887,0.000
24.722,corridor,Deniz,0.0000,4.0196,-1.5044,0.0000,0,ChildNeutralIdle,4.2816,4.3025,0.000
24.722,corridor,Can,-0.0164,4.0539,-2.6137,0.0000,0,ChildNeutralIdle,4.2058,4.1886,0.000
24.755,corridor,Deniz,0.0000,4.0196,-1.5044,0.0000,0,ChildNeutralIdle,4.2815,4.3025,0.000
24.755,corridor,Can,-0.0164,4.0539,-2.6137,0.0000,0,ChildNeutralIdle,4.2057,4.1884,0.000
24.789,corridor,Deniz,0.0000,4.0196,-1.5044,0.0000,0,ChildNeutralIdle,4.2813,4.3025,0.000
24.789,corridor,Can,-0.0164,4.0539,-2.6137,0.0000,0,ChildNeutralIdle,4.2056,4.1882,0.000
24.822,corridor,Deniz,0.0000,4.0196,-1.5044,0.0000,0,ChildNeutralIdle,4.2811,4.3026,0.000
24.822,corridor,Can,-0.0164,4.0539,-2.6137,0.0000,0,ChildNeutralIdle,4.2055,4.1880,0.000
24.856,corridor,Deniz,0.0000,4.0196,-1.5044,0.0000,0,ChildNeutralIdle,4.2810,4.3026,0.000
24.856,corridor,Can,-0.0164,4.0539,-2.6137,0.0000,0,ChildNeutralIdle,4.2053,4.1879,0.000
24.889,corridor,Deniz,0.0000,4.0196,-1.5044,0.0000,0,ChildNeutralIdle,4.2808,4.3027,0.000
24.889,corridor,Can,-0.0164,4.0539,-2.6137,0.0000,0,ChildNeutralIdle,4.2051,4.1877,0.000
24.922,corridor,Deniz,0.0000,4.0196,-1.5044,0.0000,0,ChildNeutralIdle,4.2807,4.3028,0.000
24.922,corridor,Can,-0.0164,4.0539,-2.6137,0.0000,0,ChildNeutralIdle,4.2049,4.1875,0.000
24.957,corridor,Deniz,0.0000,4.0196,-1.5044,0.0000,0,ChildNeutralIdle,4.2806,4.3029,0.000
24.957,corridor,Can,-0.0164,4.0539,-2.6137,0.0000,0,ChildNeutralIdle,4.2047,4.1873,0.000
24.989,corridor,Deniz,0.0000,4.0196,-1.5044,0.0000,0,ChildNeutralIdle,4.2805,4.3030,0.000
24.989,corridor,Can,-0.0164,4.0539,-2.6137,0.0000,0,ChildNeutralIdle,4.2044,4.1871,0.000
25.022,corridor,Deniz,0.0000,4.0196,-1.5044,0.0000,0,ChildNeutralIdle,4.2804,4.3032,0.000
25.022,corridor,Can,-0.0164,4.0539,-2.6137,0.0000,0,ChildNeutralIdle,4.2041,4.1869,0.000
25.056,corridor,Deniz,0.0000,4.0196,-1.5044,0.0000,0,ChildNeutralIdle,4.2804,4.3034,0.000
25.056,corridor,Can,-0.0164,4.0539,-2.6137,0.0000,0,ChildNeutralIdle,4.2037,4.1867,0.000
25.089,corridor,Deniz,0.0000,4.0196,-1.5044,0.0000,0,ChildNeutralIdle,4.2805,4.3035,0.000
25.089,corridor,Can,-0.0164,4.0539,-2.6137,0.0000,0,ChildNeutralIdle,4.2034,4.1865,0.000
25.123,corridor,Deniz,0.0000,4.0196,-1.5044,0.0000,0,ChildNeutralIdle,4.2805,4.3037,0.000
25.123,corridor,Can,-0.0164,4.0539,-2.6137,0.0000,0,ChildNeutralIdle,4.2030,4.1863,0.000
25.155,corridor,Deniz,0.0000,4.0196,-1.5044,0.0000,0,ChildNeutralIdle,4.2806,4.3039,0.000
25.155,corridor,Can,-0.0164,4.0539,-2.6137,0.0000,0,ChildNeutralIdle,4.2026,4.1861,0.000
25.189,corridor,Deniz,0.0000,4.0196,-1.5044,0.0000,0,ChildNeutralIdle,4.2806,4.3041,0.000
25.189,corridor,Can,-0.0164,4.0539,-2.6137,0.0000,0,ChildNeutralIdle,4.2022,4.1860,0.000
25.222,corridor,Deniz,0.0000,4.0196,-1.5044,0.0000,0,ChildNeutralIdle,4.2807,4.3043,0.000
25.222,corridor,Can,-0.0164,4.0539,-2.6137,0.0000,0,ChildNeutralIdle,4.2018,4.1858,0.000
25.255,corridor,Deniz,0.0000,4.0196,-1.5044,0.0000,0,ChildNeutralIdle,4.2808,4.3045,0.000
25.255,corridor,Can,-0.0164,4.0539,-2.6137,0.0000,0,ChildNeutralIdle,4.2013,4.1856,0.000
25.289,corridor,Deniz,0.0000,4.0196,-1.5044,0.0000,0,ChildNeutralIdle,4.2809,4.3047,0.000
25.289,corridor,Can,-0.0164,4.0539,-2.6137,0.0000,0,ChildNeutralIdle,4.2009,4.1855,0.000
25.322,corridor,Deniz,0.0000,4.0196,-1.5044,0.0000,0,ChildNeutralIdle,4.2811,4.3048,0.000
25.322,corridor,Can,-0.0164,4.0539,-2.6137,0.0000,0,ChildNeutralIdle,4.2005,4.1853,0.000
25.356,corridor,Deniz,0.0000,4.0196,-1.5044,0.0000,0,ChildNeutralIdle,4.2812,4.3050,0.000
25.356,corridor,Can,-0.0164,4.0539,-2.6137,0.0000,0,ChildNeutralIdle,4.2001,4.1852,0.000
25.389,corridor,Deniz,0.0000,4.0196,-1.5044,0.0000,0,ChildNeutralIdle,4.2814,4.3052,0.000
25.389,corridor,Can,-0.0164,4.0539,-2.6137,0.0000,0,ChildNeutralIdle,4.1997,4.1851,0.000
25.422,corridor,Deniz,0.0000,4.0196,-1.5044,0.0000,0,ChildNeutralIdle,4.2815,4.3053,0.000
25.422,corridor,Can,-0.0164,4.0539,-2.6137,0.0000,0,ChildNeutralIdle,4.1993,4.1850,0.000
25.455,corridor,Deniz,0.0000,4.0196,-1.5044,0.0000,0,ChildNeutralIdle,4.2817,4.3055,0.000
25.455,corridor,Can,-0.0164,4.0539,-2.6137,0.0000,0,ChildNeutralIdle,4.1989,4.1849,0.000
25.489,corridor,Deniz,0.0000,4.0196,-1.5044,0.0000,0,ChildNeutralIdle,4.2819,4.3056,0.000
25.489,corridor,Can,-0.0164,4.0539,-2.6137,0.0000,0,ChildNeutralIdle,4.1985,4.1849,0.000
25.522,corridor,Deniz,0.0000,4.0196,-1.5044,0.0000,0,ChildNeutralIdle,4.2821,4.3057,0.000
25.522,corridor,Can,-0.0164,4.0539,-2.6137,0.0000,0,ChildNeutralIdle,4.1981,4.1849,0.000
25.556,corridor,Deniz,0.0000,4.0196,-1.5044,0.0000,0,ChildNeutralIdle,4.2822,4.3059,0.000
25.556,corridor,Can,-0.0164,4.0539,-2.6137,0.0000,0,ChildNeutralIdle,4.1978,4.1848,0.000
25.590,corridor,Deniz,0.0000,4.0196,-1.5044,0.0000,0,ChildNeutralIdle,4.2824,4.3060,0.000
25.590,corridor,Can,-0.0164,4.0539,-2.6137,0.0000,0,ChildNeutralIdle,4.1975,4.1849,0.000
25.622,corridor,Deniz,0.0000,4.0196,-1.5044,0.0000,0,ChildNeutralIdle,4.2826,4.3061,0.000
25.622,corridor,Can,-0.0164,4.0539,-2.6137,0.0000,0,ChildNeutralIdle,4.1973,4.1849,0.000
25.656,corridor,Deniz,0.0000,4.0196,-1.5044,0.0000,0,ChildNeutralIdle,4.2828,4.3062,0.000
25.656,corridor,Can,-0.0164,4.0539,-2.6137,0.0000,0,ChildNeutralIdle,4.1971,4.1851,0.000
25.690,corridor,Deniz,0.0000,4.0196,-1.5044,0.0000,0,ChildNeutralIdle,4.2831,4.3062,0.000
25.690,corridor,Can,-0.0164,4.0539,-2.6137,0.0000,0,ChildNeutralIdle,4.1969,4.1852,0.000
25.722,corridor,Deniz,0.0000,4.0196,-1.5044,0.0000,0,ChildNeutralIdle,4.2833,4.3063,0.000
25.722,corridor,Can,-0.0164,4.0539,-2.6137,0.0000,0,ChildNeutralIdle,4.1968,4.1853,0.000
25.755,corridor,Deniz,0.0000,4.0196,-1.5044,0.0000,0,ChildNeutralIdle,4.2835,4.3064,0.000
25.755,corridor,Can,-0.0164,4.0539,-2.6137,0.0000,0,ChildNeutralIdle,4.1967,4.1855,0.000
25.791,corridor,Deniz,0.0000,4.0196,-1.5044,0.0000,0,ChildNeutralIdle,4.2837,4.3064,0.000
25.791,corridor,Can,-0.0164,4.0539,-2.6137,0.0000,0,ChildNeutralIdle,4.1966,4.1856,0.000
25.822,corridor,Deniz,0.0000,4.0196,-1.5044,0.0000,0,ChildNeutralIdle,4.2839,4.3064,0.000
25.822,corridor,Can,-0.0164,4.0539,-2.6137,0.0000,0,ChildNeutralIdle,4.1966,4.1858,0.000
25.855,corridor,Deniz,0.0000,4.0196,-1.5044,0.0000,0,ChildNeutralIdle,4.2841,4.3064,0.000
25.855,corridor,Can,-0.0164,4.0539,-2.6137,0.0000,0,ChildNeutralIdle,4.1966,4.1860,0.000
25.889,corridor,Deniz,0.0000,4.0196,-1.5044,0.0000,0,ChildNeutralIdle,4.2843,4.3064,0.000
25.889,corridor,Can,-0.0164,4.0539,-2.6137,0.0000,0,ChildNeutralIdle,4.1966,4.1862,0.000
25.922,corridor,Deniz,0.0000,4.0196,-1.5044,0.0000,0,ChildNeutralIdle,4.2844,4.3064,0.000
25.922,corridor,Can,-0.0164,4.0539,-2.6137,0.0000,0,ChildNeutralIdle,4.1966,4.1864,0.000
25.955,corridor,Deniz,0.0000,4.0196,-1.5044,0.0000,0,ChildNeutralIdle,4.2846,4.3063,0.000
25.955,corridor,Can,-0.0164,4.0539,-2.6137,0.0000,0,ChildNeutralIdle,4.1967,4.1866,0.000
25.989,corridor,Deniz,0.0000,4.0196,-1.5044,0.0000,0,ChildNeutralIdle,4.2848,4.3063,0.000
25.989,corridor,Can,-0.0164,4.0539,-2.6137,0.0000,0,ChildNeutralIdle,4.1968,4.1868,0.000
26.023,corridor,Deniz,0.0000,4.0196,-1.5044,0.0000,0,ChildNeutralIdle,4.2850,4.3062,0.000
26.023,corridor,Can,-0.0164,4.0539,-2.6137,0.0000,0,ChildNeutralIdle,4.1970,4.1870,0.000
26.055,corridor,Deniz,0.0000,4.0196,-1.5044,0.0000,0,ChildNeutralIdle,4.2851,4.3061,0.000
26.055,corridor,Can,-0.0164,4.0539,-2.6137,0.0000,0,ChildNeutralIdle,4.1971,4.1872,0.000
26.087,corridor,Deniz,0.0000,4.0196,-1.5044,0.0000,0,ChildNeutralIdle,4.2853,4.3061,0.000
26.087,corridor,Can,-0.0164,4.0539,-2.6137,0.0000,0,ChildNeutralIdle,4.1973,4.1874,0.000
26.122,corridor,Deniz,0.0000,4.0196,-1.5044,0.0000,0,ChildNeutralIdle,4.2854,4.3060,0.000
26.122,corridor,Can,-0.0164,4.0539,-2.6137,0.0000,0,ChildNeutralIdle,4.1976,4.1876,0.000
26.155,corridor,Deniz,0.0000,4.0196,-1.5044,0.0000,0,ChildNeutralIdle,4.2855,4.3059,0.000
26.155,corridor,Can,-0.0164,4.0539,-2.6137,0.0000,0,ChildNeutralIdle,4.1978,4.1878,0.000
26.188,corridor,Deniz,0.0000,4.0196,-1.5044,0.0000,0,ChildNeutralIdle,4.2856,4.3058,0.000
26.188,corridor,Can,-0.0164,4.0539,-2.6137,0.0000,0,ChildNeutralIdle,4.1981,4.1880,0.000
26.222,corridor,Deniz,0.0000,4.0196,-1.5044,0.0000,0,ChildNeutralIdle,4.2857,4.3057,0.000
26.222,corridor,Can,-0.0164,4.0539,-2.6137,0.0000,0,ChildNeutralIdle,4.1984,4.1882,0.000
26.260,corridor,Deniz,0.0000,4.0196,-1.5044,0.0000,0,ChildNeutralIdle,4.2857,4.3056,0.000
26.260,corridor,Can,-0.0164,4.0539,-2.6137,0.0000,0,ChildNeutralIdle,4.1988,4.1884,0.000
26.293,corridor,Deniz,0.0000,4.0196,-1.5044,0.0000,0,ChildNeutralIdle,4.2857,4.3055,0.000
26.293,corridor,Can,-0.0164,4.0539,-2.6137,0.0000,0,ChildNeutralIdle,4.1991,4.1886,0.000
26.327,corridor,Deniz,0.0000,4.0196,-1.5044,0.0000,0,ChildNeutralIdle,4.2857,4.3053,0.000
26.327,corridor,Can,-0.0164,4.0539,-2.6137,0.0000,0,ChildNeutralIdle,4.1995,4.1887,0.000
26.360,corridor,Deniz,0.0000,4.0196,-1.5044,0.0000,0,ChildNeutralIdle,4.2857,4.3051,0.000
26.360,corridor,Can,-0.0164,4.0539,-2.6137,0.0000,0,ChildNeutralIdle,4.1998,4.1889,0.000
26.393,corridor,Deniz,0.0000,4.0196,-1.5044,0.0000,0,ChildNeutralIdle,4.2857,4.3050,0.000
26.393,corridor,Can,-0.0164,4.0539,-2.6137,0.0000,0,ChildNeutralIdle,4.2002,4.1890,0.000
26.427,corridor,Deniz,0.0000,4.0196,-1.5044,0.0000,0,ChildNeutralIdle,4.2856,4.3048,0.000
26.427,corridor,Can,-0.0164,4.0539,-2.6137,0.0000,0,ChildNeutralIdle,4.2006,4.1892,0.000
26.461,corridor,Deniz,0.0000,4.0196,-1.5044,0.0000,0,ChildNeutralIdle,4.2855,4.3046,0.000
26.461,corridor,Can,-0.0164,4.0539,-2.6137,0.0000,0,ChildNeutralIdle,4.2010,4.1893,0.000
26.494,corridor,Deniz,0.0000,4.0196,-1.5044,0.0000,0,ChildNeutralIdle,4.2854,4.3044,0.000
26.494,corridor,Can,-0.0164,4.0539,-2.6137,0.0000,0,ChildNeutralIdle,4.2014,4.1894,0.000
26.527,corridor,Deniz,0.0000,4.0196,-1.5044,0.0000,0,ChildNeutralIdle,4.2853,4.3042,0.000
26.527,corridor,Can,-0.0164,4.0539,-2.6137,0.0000,0,ChildNeutralIdle,4.2018,4.1895,0.000
26.562,corridor,Deniz,0.0000,4.0196,-1.5044,0.0000,0,ChildNeutralIdle,4.2851,4.3040,0.000
26.562,corridor,Can,-0.0164,4.0539,-2.6137,0.0000,0,ChildNeutralIdle,4.2022,4.1896,0.000
26.593,corridor,Deniz,0.0000,4.0196,-1.5044,0.0000,0,ChildNeutralIdle,4.2850,4.3038,0.000
26.593,corridor,Can,-0.0164,4.0539,-2.6137,0.0000,0,ChildNeutralIdle,4.2026,4.1896,0.000
26.627,corridor,Deniz,0.0000,4.0196,-1.5044,0.0000,0,ChildNeutralIdle,4.2848,4.3035,0.000
26.627,corridor,Can,-0.0164,4.0539,-2.6137,0.0000,0,ChildNeutralIdle,4.2030,4.1897,0.000
26.660,corridor,Deniz,0.0000,4.0196,-1.5044,0.0000,0,ChildNeutralIdle,4.2846,4.3033,0.000
26.660,corridor,Can,-0.0164,4.0539,-2.6137,0.0000,0,ChildNeutralIdle,4.2033,4.1897,0.000
26.694,corridor,Deniz,0.0000,4.0196,-1.5044,0.0000,0,ChildNeutralIdle,4.2845,4.3032,0.000
26.694,corridor,Can,-0.0164,4.0539,-2.6137,0.0000,0,ChildNeutralIdle,4.2037,4.1897,0.000
26.727,corridor,Deniz,0.0000,4.0196,-1.5044,0.0000,0,ChildNeutralIdle,4.2843,4.3030,0.000
26.727,corridor,Can,-0.0164,4.0539,-2.6137,0.0000,0,ChildNeutralIdle,4.2040,4.1897,0.000
26.760,corridor,Deniz,0.0000,4.0196,-1.5044,0.0000,0,ChildNeutralIdle,4.2841,4.3028,0.000
26.760,corridor,Can,-0.0164,4.0539,-2.6137,0.0000,0,ChildNeutralIdle,4.2043,4.1897,0.000
26.794,corridor,Deniz,0.0000,4.0196,-1.5044,0.0000,0,ChildNeutralIdle,4.2839,4.3026,0.000
26.794,corridor,Can,-0.0164,4.0539,-2.6137,0.0000,0,ChildNeutralIdle,4.2046,4.1897,0.000
26.827,corridor,Deniz,0.0000,4.0196,-1.5044,0.0000,0,ChildNeutralIdle,4.2837,4.3025,0.000
26.827,corridor,Can,-0.0164,4.0539,-2.6137,0.0000,0,ChildNeutralIdle,4.2048,4.1896,0.000
26.860,corridor,Deniz,0.0000,4.0196,-1.5044,0.0000,0,ChildNeutralIdle,4.2835,4.3024,0.000
26.860,corridor,Can,-0.0164,4.0539,-2.6137,0.0000,0,ChildNeutralIdle,4.2050,4.1895,0.000
26.896,corridor,Deniz,0.0000,4.0196,-1.5044,0.0000,0,ChildNeutralIdle,4.2833,4.3023,0.000
26.896,corridor,Can,-0.0164,4.0539,-2.6137,0.0000,0,ChildNeutralIdle,4.2052,4.1894,0.000
26.928,corridor,Deniz,0.0000,4.0196,-1.5044,0.0000,0,ChildNeutralIdle,4.2831,4.3022,0.000
26.928,corridor,Can,-0.0164,4.0539,-2.6137,0.0000,0,ChildNeutralIdle,4.2053,4.1893,0.000
26.960,corridor,Deniz,0.0000,4.0196,-1.5044,0.0000,0,ChildNeutralIdle,4.2829,4.3021,0.000
26.960,corridor,Can,-0.0164,4.0539,-2.6137,0.0000,0,ChildNeutralIdle,4.2054,4.1892,0.000
26.993,corridor,Deniz,0.0000,4.0196,-1.5044,0.0000,0,ChildNeutralIdle,4.2827,4.3020,0.000
26.993,corridor,Can,-0.0164,4.0539,-2.6137,0.0000,0,ChildNeutralIdle,4.2055,4.1890,0.000
27.027,corridor,Deniz,0.0000,4.0196,-1.5044,0.0000,0,ChildNeutralIdle,4.2825,4.3020,0.000
27.027,corridor,Can,-0.0164,4.0539,-2.6137,0.0000,0,ChildNeutralIdle,4.2055,4.1889,0.000
27.060,corridor,Deniz,0.0000,4.0196,-1.5044,0.0000,0,ChildNeutralIdle,4.2823,4.3020,0.000
27.060,corridor,Can,-0.0164,4.0539,-2.6137,0.0000,0,ChildNeutralIdle,4.2055,4.1887,0.000
27.094,corridor,Deniz,0.0000,4.0196,-1.5044,0.0000,0,ChildNeutralIdle,4.2821,4.3019,0.000
27.094,corridor,Can,-0.0164,4.0539,-2.6137,0.0000,0,ChildNeutralIdle,4.2055,4.1885,0.000
27.127,corridor,Deniz,0.0000,4.0196,-1.5044,0.0000,0,ChildNeutralIdle,4.2820,4.3019,0.000
27.127,corridor,Can,-0.0164,4.0539,-2.6137,0.0000,0,ChildNeutralIdle,4.2054,4.1883,0.000
27.160,corridor,Deniz,0.0000,4.0196,-1.5044,0.0000,0,ChildNeutralIdle,4.2818,4.3019,0.000
27.160,corridor,Can,-0.0164,4.0539,-2.6137,0.0000,0,ChildNeutralIdle,4.2054,4.1881,0.000
27.193,corridor,Deniz,0.0000,4.0196,-1.5044,0.0000,0,ChildNeutralIdle,4.2817,4.3019,0.000
27.193,corridor,Can,-0.0164,4.0539,-2.6137,0.0000,0,ChildNeutralIdle,4.2052,4.1879,0.000
27.227,corridor,Deniz,0.0000,4.0196,-1.5044,0.0000,0,ChildNeutralIdle,4.2815,4.3020,0.000
27.227,corridor,Can,-0.0164,4.0539,-2.6137,0.0000,0,ChildNeutralIdle,4.2051,4.1877,0.000
27.261,corridor,Deniz,0.0000,4.0196,-1.5044,0.0000,0,ChildNeutralIdle,4.2814,4.3020,0.000
27.261,corridor,Can,-0.0164,4.0539,-2.6137,0.0000,0,ChildNeutralIdle,4.2050,4.1875,0.000
27.293,corridor,Deniz,0.0000,4.0196,-1.5044,0.0000,0,ChildNeutralIdle,4.2813,4.3021,0.000
27.293,corridor,Can,-0.0164,4.0539,-2.6137,0.0000,0,ChildNeutralIdle,4.2048,4.1873,0.000
27.327,corridor,Deniz,0.0000,4.0196,-1.5044,0.0000,0,ChildNeutralIdle,4.2812,4.3022,0.000
27.327,corridor,Can,-0.0164,4.0539,-2.6137,0.0000,0,ChildNeutralIdle,4.2046,4.1871,0.000
27.360,corridor,Deniz,0.0000,4.0196,-1.5044,0.0000,0,ChildNeutralIdle,4.2811,4.3023,0.000
27.360,corridor,Can,-0.0164,4.0539,-2.6137,0.0000,0,ChildNeutralIdle,4.2043,4.1869,0.000
27.394,corridor,Deniz,0.0000,4.0196,-1.5044,0.0000,0,ChildNeutralIdle,4.2810,4.3024,0.000
27.394,corridor,Can,-0.0164,4.0539,-2.6137,0.0000,0,ChildNeutralIdle,4.2041,4.1867,0.000
27.427,corridor,Deniz,0.0000,4.0196,-1.5044,0.0000,0,ChildNeutralIdle,4.2810,4.3025,0.000
27.427,corridor,Can,-0.0164,4.0539,-2.6137,0.0000,0,ChildNeutralIdle,4.2038,4.1865,0.000
27.460,corridor,Deniz,0.0000,4.0196,-1.5044,0.0000,0,ChildNeutralIdle,4.2809,4.3027,0.000
27.460,corridor,Can,-0.0164,4.0539,-2.6137,0.0000,0,ChildNeutralIdle,4.2035,4.1863,0.000
27.494,corridor,Deniz,0.0000,4.0196,-1.5044,0.0000,0,ChildNeutralIdle,4.2809,4.3029,0.000
27.494,corridor,Can,-0.0164,4.0539,-2.6137,0.0000,0,ChildNeutralIdle,4.2032,4.1861,0.000
27.526,corridor,Deniz,0.0000,4.0196,-1.5044,0.0000,0,ChildNeutralIdle,4.2809,4.3031,0.000
27.526,corridor,Can,-0.0164,4.0539,-2.6137,0.0000,0,ChildNeutralIdle,4.2028,4.1859,0.000
27.560,corridor,Deniz,0.0000,4.0196,-1.5044,0.0000,0,ChildNeutralIdle,4.2809,4.3033,0.000
27.560,corridor,Can,-0.0164,4.0539,-2.6137,0.0000,0,ChildNeutralIdle,4.2025,4.1857,0.000
27.593,corridor,Deniz,0.0000,4.0196,-1.5044,0.0000,0,ChildNeutralIdle,4.2809,4.3036,0.000
27.593,corridor,Can,-0.0164,4.0539,-2.6137,0.0000,0,ChildNeutralIdle,4.2021,4.1855,0.000
27.627,corridor,Deniz,0.0000,4.0196,-1.5044,0.0000,0,ChildNeutralIdle,4.2809,4.3039,0.000
27.627,corridor,Can,-0.0164,4.0539,-2.6137,0.0000,0,ChildNeutralIdle,4.2017,4.1853,0.000
27.660,corridor,Deniz,0.0000,4.0196,-1.5044,0.0000,0,ChildNeutralIdle,4.2810,4.3041,0.000
27.660,corridor,Can,-0.0164,4.0539,-2.6137,0.0000,0,ChildNeutralIdle,4.2013,4.1852,0.000
27.693,corridor,Deniz,0.0000,4.0196,-1.5044,0.0000,0,ChildNeutralIdle,4.2811,4.3044,0.000
27.693,corridor,Can,-0.0164,4.0539,-2.6137,0.0000,0,ChildNeutralIdle,4.2009,4.1850,0.000
27.726,corridor,Deniz,0.0000,4.0196,-1.5044,0.0000,0,ChildNeutralIdle,4.2812,4.3046,0.000
27.726,corridor,Can,-0.0164,4.0539,-2.6137,0.0000,0,ChildNeutralIdle,4.2005,4.1849,0.000
27.761,corridor,Deniz,0.0000,4.0196,-1.5044,0.0000,0,ChildNeutralIdle,4.2813,4.3049,0.000
27.761,corridor,Can,-0.0164,4.0539,-2.6137,0.0000,0,ChildNeutralIdle,4.2001,4.1847,0.000
27.794,corridor,Deniz,0.0000,4.0196,-1.5044,0.0000,0,ChildNeutralIdle,4.2814,4.3051,0.000
27.794,corridor,Can,-0.0164,4.0539,-2.6137,0.0000,0,ChildNeutralIdle,4.1998,4.1846,0.000
27.827,corridor,Deniz,0.0000,4.0196,-1.5044,0.0000,0,ChildNeutralIdle,4.2816,4.3053,0.000
27.827,corridor,Can,-0.0164,4.0539,-2.6137,0.0000,0,ChildNeutralIdle,4.1994,4.1846,0.000
27.860,corridor,Deniz,0.0000,4.0196,-1.5044,0.0000,0,ChildNeutralIdle,4.2817,4.3054,0.000
27.860,corridor,Can,-0.0164,4.0539,-2.6137,0.0000,0,ChildNeutralIdle,4.1990,4.1845,0.000
27.893,corridor,Deniz,0.0000,4.0196,-1.5044,0.0000,0,ChildNeutralIdle,4.2819,4.3056,0.000
27.893,corridor,Can,-0.0164,4.0539,-2.6137,0.0000,0,ChildNeutralIdle,4.1987,4.1844,0.000
27.927,corridor,Deniz,0.0000,4.0196,-1.5044,0.0000,0,ChildNeutralIdle,4.2821,4.3057,0.000
27.927,corridor,Can,-0.0164,4.0539,-2.6137,0.0000,0,ChildNeutralIdle,4.1984,4.1844,0.000
27.960,corridor,Deniz,0.0000,4.0196,-1.5044,0.0000,0,ChildNeutralIdle,4.2822,4.3059,0.000
27.960,corridor,Can,-0.0164,4.0539,-2.6137,0.0000,0,ChildNeutralIdle,4.1981,4.1844,0.000
27.994,corridor,Deniz,0.0000,4.0196,-1.5044,0.0000,0,ChildNeutralIdle,4.2824,4.3060,0.000
27.994,corridor,Can,-0.0164,4.0539,-2.6137,0.0000,0,ChildNeutralIdle,4.1978,4.1844,0.000
28.026,corridor,Deniz,0.0000,4.0196,-1.5044,0.0000,0,ChildNeutralIdle,4.2826,4.3061,0.000
28.026,corridor,Can,-0.0164,4.0539,-2.6137,0.0000,0,ChildNeutralIdle,4.1975,4.1845,0.000
28.060,corridor,Deniz,0.0000,4.0196,-1.5044,0.0000,0,ChildNeutralIdle,4.2828,4.3062,0.000
28.060,corridor,Can,-0.0164,4.0539,-2.6137,0.0000,0,ChildNeutralIdle,4.1973,4.1845,0.000
28.093,corridor,Deniz,0.0000,4.0196,-1.5044,0.0000,0,ChildNeutralIdle,4.2830,4.3063,0.000
28.093,corridor,Can,-0.0164,4.0539,-2.6137,0.0000,0,ChildNeutralIdle,4.1971,4.1846,0.000
28.127,corridor,Deniz,0.0000,4.0196,-1.5044,0.0000,0,ChildNeutralIdle,4.2832,4.3063,0.000
28.127,corridor,Can,-0.0164,4.0539,-2.6137,0.0000,0,ChildNeutralIdle,4.1969,4.1847,0.000
28.160,corridor,Deniz,0.0000,4.0196,-1.5044,0.0000,0,ChildNeutralIdle,4.2834,4.3064,0.000
28.160,corridor,Can,-0.0164,4.0539,-2.6137,0.0000,0,ChildNeutralIdle,4.1968,4.1849,0.000
28.194,corridor,Deniz,0.0000,4.0196,-1.5044,0.0000,0,ChildNeutralIdle,4.2836,4.3064,0.000
28.194,corridor,Can,-0.0164,4.0539,-2.6137,0.0000,0,ChildNeutralIdle,4.1967,4.1850,0.000
28.227,corridor,Deniz,0.0000,4.0196,-1.5044,0.0000,0,ChildNeutralIdle,4.2838,4.3064,0.000
28.227,corridor,Can,-0.0164,4.0539,-2.6137,0.0000,0,ChildNeutralIdle,4.1966,4.1852,0.000
28.260,corridor,Deniz,0.0000,4.0196,-1.5044,0.0000,0,ChildNeutralIdle,4.2839,4.3065,0.000
28.260,corridor,Can,-0.0164,4.0539,-2.6137,0.0000,0,ChildNeutralIdle,4.1966,4.1854,0.000
28.293,corridor,Deniz,0.0000,4.0196,-1.5044,0.0000,0,ChildNeutralIdle,4.2841,4.3065,0.000
28.293,corridor,Can,-0.0164,4.0539,-2.6137,0.0000,0,ChildNeutralIdle,4.1966,4.1856,0.000
28.328,corridor,Deniz,0.0000,4.0196,-1.5044,0.0000,0,ChildNeutralIdle,4.2843,4.3064,0.000
28.328,corridor,Can,-0.0164,4.0539,-2.6137,0.0000,0,ChildNeutralIdle,4.1966,4.1858,0.000
28.360,corridor,Deniz,0.0000,4.0196,-1.5044,0.0000,0,ChildNeutralIdle,4.2845,4.3064,0.000
28.360,corridor,Can,-0.0164,4.0539,-2.6137,0.0000,0,ChildNeutralIdle,4.1967,4.1860,0.000
28.394,corridor,Deniz,0.0000,4.0196,-1.5044,0.0000,0,ChildNeutralIdle,4.2846,4.3064,0.000
28.394,corridor,Can,-0.0164,4.0539,-2.6137,0.0000,0,ChildNeutralIdle,4.1968,4.1862,0.000
28.426,corridor,Deniz,0.0000,4.0196,-1.5044,0.0000,0,ChildNeutralIdle,4.2848,4.3063,0.000
28.426,corridor,Can,-0.0164,4.0539,-2.6137,0.0000,0,ChildNeutralIdle,4.1969,4.1865,0.000
28.460,corridor,Deniz,0.0000,4.0196,-1.5044,0.0000,0,ChildNeutralIdle,4.2849,4.3063,0.000
28.460,corridor,Can,-0.0164,4.0539,-2.6137,0.0000,0,ChildNeutralIdle,4.1971,4.1867,0.000
28.494,corridor,Deniz,0.0000,4.0196,-1.5044,0.0000,0,ChildNeutralIdle,4.2851,4.3062,0.000
28.494,corridor,Can,-0.0164,4.0539,-2.6137,0.0000,0,ChildNeutralIdle,4.1973,4.1869,0.000
28.527,corridor,Deniz,0.0000,4.0196,-1.5044,0.0000,0,ChildNeutralIdle,4.2852,4.3061,0.000
28.527,corridor,Can,-0.0164,4.0539,-2.6137,0.0000,0,ChildNeutralIdle,4.1975,4.1871,0.000
28.560,corridor,Deniz,0.0000,4.0196,-1.5044,0.0000,0,ChildNeutralIdle,4.2853,4.3060,0.000
28.560,corridor,Can,-0.0164,4.0539,-2.6137,0.0000,0,ChildNeutralIdle,4.1978,4.1873,0.000
28.593,corridor,Deniz,0.0000,4.0196,-1.5044,0.0000,0,ChildNeutralIdle,4.2854,4.3058,0.000
28.593,corridor,Can,-0.0164,4.0539,-2.6137,0.0000,0,ChildNeutralIdle,4.1981,4.1875,0.000
28.627,corridor,Deniz,0.0000,4.0196,-1.5044,0.0000,0,ChildNeutralIdle,4.2855,4.3057,0.000
28.627,corridor,Can,-0.0164,4.0539,-2.6137,0.0000,0,ChildNeutralIdle,4.1984,4.1877,0.000
28.660,corridor,Deniz,0.0000,4.0196,-1.5044,0.0000,0,ChildNeutralIdle,4.2855,4.3055,0.000
28.660,corridor,Can,-0.0164,4.0539,-2.6137,0.0000,0,ChildNeutralIdle,4.1987,4.1879,0.000
28.694,corridor,Deniz,0.0000,4.0196,-1.5044,0.0000,0,ChildNeutralIdle,4.2856,4.3054,0.000
28.694,corridor,Can,-0.0164,4.0539,-2.6137,0.0000,0,ChildNeutralIdle,4.1991,4.1881,0.000
28.728,corridor,Deniz,0.0000,4.0196,-1.5044,0.0000,0,ChildNeutralIdle,4.2856,4.3052,0.000
28.728,corridor,Can,-0.0164,4.0539,-2.6137,0.0000,0,ChildNeutralIdle,4.1994,4.1882,0.000
28.759,corridor,Deniz,0.0000,4.0196,-1.5044,0.0000,0,ChildNeutralIdle,4.2856,4.3050,0.000
28.759,corridor,Can,-0.0164,4.0539,-2.6137,0.0000,0,ChildNeutralIdle,4.1998,4.1884,0.000
28.794,corridor,Deniz,0.0000,4.0196,-1.5044,0.0000,0,ChildNeutralIdle,4.2856,4.3048,0.000
28.794,corridor,Can,-0.0164,4.0539,-2.6137,0.0000,0,ChildNeutralIdle,4.2002,4.1886,0.000
28.827,corridor,Deniz,0.0000,4.0196,-1.5044,0.0000,0,ChildNeutralIdle,4.2855,4.3046,0.000
28.827,corridor,Can,-0.0164,4.0539,-2.6137,0.0000,0,ChildNeutralIdle,4.2006,4.1887,0.000
28.860,corridor,Deniz,0.0000,4.0196,-1.5044,0.0000,0,ChildNeutralIdle,4.2854,4.3044,0.000
28.860,corridor,Can,-0.0164,4.0539,-2.6137,0.0000,0,ChildNeutralIdle,4.2010,4.1889,0.000
28.894,corridor,Deniz,0.0000,4.0196,-1.5044,0.0000,0,ChildNeutralIdle,4.2853,4.3043,0.000
28.894,corridor,Can,-0.0164,4.0539,-2.6137,0.0000,0,ChildNeutralIdle,4.2014,4.1890,0.000
28.927,corridor,Deniz,0.0000,4.0196,-1.5044,0.0000,0,ChildNeutralIdle,4.2852,4.3041,0.000
28.927,corridor,Can,-0.0164,4.0539,-2.6137,0.0000,0,ChildNeutralIdle,4.2018,4.1891,0.000
28.960,corridor,Deniz,0.0000,4.0196,-1.5044,0.0000,0,ChildNeutralIdle,4.2851,4.3040,0.000
28.960,corridor,Can,-0.0164,4.0539,-2.6137,0.0000,0,ChildNeutralIdle,4.2022,4.1892,0.000
28.997,neighbor_layout,Deniz,0.0000,-0.0088,19.5500,0.0000,0,ChildNeutralIdle,0.2565,0.2754,0.000
28.997,neighbor_layout,Can,-0.5500,0.0194,19.1000,0.0000,0,ChildNeutralIdle,0.1681,0.1548,0.000
29.028,neighbor_layout,Deniz,0.0000,-0.0088,19.5500,0.0000,0,ChildNeutralIdle,0.2564,0.2752,0.000
29.028,neighbor_layout,Can,-0.5500,0.0194,19.1000,0.0000,0,ChildNeutralIdle,0.1685,0.1548,0.000
29.061,neighbor_layout,Deniz,0.0000,-0.0088,19.5500,0.0000,0,ChildNeutralIdle,0.2562,0.2751,0.000
29.061,neighbor_layout,Can,-0.5500,0.0194,19.1000,0.0000,0,ChildNeutralIdle,0.1688,0.1549,0.000
29.094,neighbor_layout,Deniz,0.0000,-0.0088,19.5500,0.0000,0,ChildNeutralIdle,0.2560,0.2749,0.000
29.094,neighbor_layout,Can,-0.5500,0.0194,19.1000,0.0000,0,ChildNeutralIdle,0.1692,0.1550,0.000
29.127,neighbor_layout,Deniz,0.0000,-0.0088,19.5500,0.0000,0,ChildNeutralIdle,0.2558,0.2748,0.000
29.127,neighbor_layout,Can,-0.5500,0.0194,19.1000,0.0000,0,ChildNeutralIdle,0.1695,0.1550,0.000
29.160,neighbor_layout,Deniz,0.0000,-0.0088,19.5500,0.0000,0,ChildNeutralIdle,0.2556,0.2747,0.000
29.160,neighbor_layout,Can,-0.5500,0.0194,19.1000,0.0000,0,ChildNeutralIdle,0.1699,0.1550,0.000
29.194,neighbor_layout,Deniz,0.0000,-0.0088,19.5500,0.0000,0,ChildNeutralIdle,0.2554,0.2745,0.000
29.194,neighbor_layout,Can,-0.5500,0.0194,19.1000,0.0000,0,ChildNeutralIdle,0.1701,0.1550,0.000
29.227,neighbor_layout,Deniz,0.0000,-0.0088,19.5500,0.0000,0,ChildNeutralIdle,0.2552,0.2744,0.000
29.227,neighbor_layout,Can,-0.5500,0.0194,19.1000,0.0000,0,ChildNeutralIdle,0.1704,0.1550,0.000
29.260,neighbor_layout,Deniz,0.0000,-0.0088,19.5500,0.0000,0,ChildNeutralIdle,0.2550,0.2743,0.000
29.260,neighbor_layout,Can,-0.5500,0.0194,19.1000,0.0000,0,ChildNeutralIdle,0.1707,0.1549,0.000
29.293,neighbor_layout,Deniz,0.0000,-0.0088,19.5500,0.0000,0,ChildNeutralIdle,0.2548,0.2742,0.000
29.293,neighbor_layout,Can,-0.5500,0.0194,19.1000,0.0000,0,ChildNeutralIdle,0.1709,0.1549,0.000
29.327,neighbor_layout,Deniz,0.0000,-0.0088,19.5500,0.0000,0,ChildNeutralIdle,0.2546,0.2742,0.000
29.327,neighbor_layout,Can,-0.5500,0.0194,19.1000,0.0000,0,ChildNeutralIdle,0.1710,0.1548,0.000
29.360,neighbor_layout,Deniz,0.0000,-0.0088,19.5500,0.0000,0,ChildNeutralIdle,0.2543,0.2741,0.000
29.360,neighbor_layout,Can,-0.5500,0.0194,19.1000,0.0000,0,ChildNeutralIdle,0.1711,0.1547,0.000
29.393,neighbor_layout,Deniz,0.0000,-0.0088,19.5500,0.0000,0,ChildNeutralIdle,0.2541,0.2741,0.000
29.393,neighbor_layout,Can,-0.5500,0.0194,19.1000,0.0000,0,ChildNeutralIdle,0.1712,0.1546,0.000
29.427,neighbor_layout,Deniz,0.0000,-0.0088,19.5500,0.0000,0,ChildNeutralIdle,0.2539,0.2741,0.000
29.427,neighbor_layout,Can,-0.5500,0.0194,19.1000,0.0000,0,ChildNeutralIdle,0.1713,0.1545,0.000
29.460,neighbor_layout,Deniz,0.0000,-0.0088,19.5500,0.0000,0,ChildNeutralIdle,0.2537,0.2740,0.000
29.460,neighbor_layout,Can,-0.5500,0.0194,19.1000,0.0000,0,ChildNeutralIdle,0.1713,0.1544,0.000
29.493,neighbor_layout,Deniz,0.0000,-0.0088,19.5500,0.0000,0,ChildNeutralIdle,0.2535,0.2740,0.000
29.493,neighbor_layout,Can,-0.5500,0.0194,19.1000,0.0000,0,ChildNeutralIdle,0.1713,0.1542,0.000
29.527,neighbor_layout,Deniz,0.0000,-0.0088,19.5500,0.0000,0,ChildNeutralIdle,0.2533,0.2740,0.000
29.527,neighbor_layout,Can,-0.5500,0.0194,19.1000,0.0000,0,ChildNeutralIdle,0.1713,0.1541,0.000
29.565,neighbor_layout,Deniz,0.0000,-0.0088,19.5500,0.0000,0,ChildNeutralIdle,0.2531,0.2741,0.000
29.565,neighbor_layout,Can,-0.5500,0.0194,19.1000,0.0000,0,ChildNeutralIdle,0.1712,0.1539,0.000
29.598,neighbor_layout,Deniz,0.0000,-0.0088,19.5500,0.0000,0,ChildNeutralIdle,0.2529,0.2741,0.000
29.598,neighbor_layout,Can,-0.5500,0.0194,19.1000,0.0000,0,ChildNeutralIdle,0.1711,0.1537,0.000
29.631,neighbor_layout,Deniz,0.0000,-0.0088,19.5500,0.0000,0,ChildNeutralIdle,0.2528,0.2741,0.000
29.631,neighbor_layout,Can,-0.5500,0.0194,19.1000,0.0000,0,ChildNeutralIdle,0.1710,0.1535,0.000
29.665,neighbor_layout,Deniz,0.0000,-0.0088,19.5500,0.0000,0,ChildNeutralIdle,0.2526,0.2742,0.000
29.665,neighbor_layout,Can,-0.5500,0.0194,19.1000,0.0000,0,ChildNeutralIdle,0.1708,0.1533,0.000
29.698,neighbor_layout,Deniz,0.0000,-0.0088,19.5500,0.0000,0,ChildNeutralIdle,0.2525,0.2743,0.000
29.698,neighbor_layout,Can,-0.5500,0.0194,19.1000,0.0000,0,ChildNeutralIdle,0.1706,0.1531,0.000
29.731,neighbor_layout,Deniz,0.0000,-0.0088,19.5500,0.0000,0,ChildNeutralIdle,0.2523,0.2744,0.000
29.731,neighbor_layout,Can,-0.5500,0.0194,19.1000,0.0000,0,ChildNeutralIdle,0.1704,0.1530,0.000
29.765,neighbor_layout,Deniz,0.0000,-0.0088,19.5500,0.0000,0,ChildNeutralIdle,0.2522,0.2745,0.000
29.765,neighbor_layout,Can,-0.5500,0.0194,19.1000,0.0000,0,ChildNeutralIdle,0.1702,0.1528,0.000
29.798,neighbor_layout,Deniz,0.0000,-0.0088,19.5500,0.0000,0,ChildNeutralIdle,0.2521,0.2746,0.000
29.798,neighbor_layout,Can,-0.5500,0.0194,19.1000,0.0000,0,ChildNeutralIdle,0.1699,0.1526,0.000
29.831,neighbor_layout,Deniz,0.0000,-0.0088,19.5500,0.0000,0,ChildNeutralIdle,0.2520,0.2747,0.000
29.831,neighbor_layout,Can,-0.5500,0.0194,19.1000,0.0000,0,ChildNeutralIdle,0.1696,0.1524,0.000
29.864,neighbor_layout,Deniz,0.0000,-0.0088,19.5500,0.0000,0,ChildNeutralIdle,0.2520,0.2749,0.000
29.864,neighbor_layout,Can,-0.5500,0.0194,19.1000,0.0000,0,ChildNeutralIdle,0.1692,0.1522,0.000
29.898,neighbor_layout,Deniz,0.0000,-0.0088,19.5500,0.0000,0,ChildNeutralIdle,0.2520,0.2751,0.000
29.898,neighbor_layout,Can,-0.5500,0.0194,19.1000,0.0000,0,ChildNeutralIdle,0.1689,0.1520,0.000
29.931,neighbor_layout,Deniz,0.0000,-0.0088,19.5500,0.0000,0,ChildNeutralIdle,0.2521,0.2753,0.000
29.931,neighbor_layout,Can,-0.5500,0.0194,19.1000,0.0000,0,ChildNeutralIdle,0.1685,0.1518,0.000
29.964,neighbor_layout,Deniz,0.0000,-0.0088,19.5500,0.0000,0,ChildNeutralIdle,0.2521,0.2755,0.000
29.964,neighbor_layout,Can,-0.5500,0.0194,19.1000,0.0000,0,ChildNeutralIdle,0.1681,0.1516,0.000
29.998,neighbor_layout,Deniz,0.0000,-0.0088,19.5500,0.0000,0,ChildNeutralIdle,0.2522,0.2757,0.000
29.998,neighbor_layout,Can,-0.5500,0.0194,19.1000,0.0000,0,ChildNeutralIdle,0.1677,0.1514,0.000
30.033,neighbor_layout,Deniz,0.0000,-0.0088,19.5500,0.0000,0,ChildNeutralIdle,0.2523,0.2758,0.000
30.033,neighbor_layout,Can,-0.5500,0.0194,19.1000,0.0000,0,ChildNeutralIdle,0.1673,0.1513,0.000
30.064,neighbor_layout,Deniz,0.0000,-0.0088,19.5500,0.0000,0,ChildNeutralIdle,0.2524,0.2760,0.000
30.064,neighbor_layout,Can,-0.5500,0.0194,19.1000,0.0000,0,ChildNeutralIdle,0.1669,0.1511,0.000
30.098,neighbor_layout,Deniz,0.0000,-0.0088,19.5500,0.0000,0,ChildNeutralIdle,0.2525,0.2762,0.000
30.098,neighbor_layout,Can,-0.5500,0.0194,19.1000,0.0000,0,ChildNeutralIdle,0.1664,0.1510,0.000
30.131,neighbor_layout,Deniz,0.0000,-0.0088,19.5500,0.0000,0,ChildNeutralIdle,0.2526,0.2764,0.000
30.131,neighbor_layout,Can,-0.5500,0.0194,19.1000,0.0000,0,ChildNeutralIdle,0.1660,0.1508,0.000
30.165,neighbor_layout,Deniz,0.0000,-0.0088,19.5500,0.0000,0,ChildNeutralIdle,0.2528,0.2766,0.000
30.165,neighbor_layout,Can,-0.5500,0.0194,19.1000,0.0000,0,ChildNeutralIdle,0.1656,0.1507,0.000
30.197,neighbor_layout,Deniz,0.0000,-0.0088,19.5500,0.0000,0,ChildNeutralIdle,0.2529,0.2767,0.000
30.197,neighbor_layout,Can,-0.5500,0.0194,19.1000,0.0000,0,ChildNeutralIdle,0.1652,0.1506,0.000
30.231,neighbor_layout,Deniz,0.0000,-0.0088,19.5500,0.0000,0,ChildNeutralIdle,0.2531,0.2769,0.000
30.231,neighbor_layout,Can,-0.5500,0.0194,19.1000,0.0000,0,ChildNeutralIdle,0.1648,0.1505,0.000
30.267,neighbor_layout,Deniz,0.0000,-0.0088,19.5500,0.0000,0,ChildNeutralIdle,0.2532,0.2770,0.000
30.267,neighbor_layout,Can,-0.5500,0.0194,19.1000,0.0000,0,ChildNeutralIdle,0.1644,0.1504,0.000
30.298,neighbor_layout,Deniz,0.0000,-0.0088,19.5500,0.0000,0,ChildNeutralIdle,0.2534,0.2772,0.000
30.298,neighbor_layout,Can,-0.5500,0.0194,19.1000,0.0000,0,ChildNeutralIdle,0.1640,0.1503,0.000
30.331,neighbor_layout,Deniz,0.0000,-0.0088,19.5500,0.0000,0,ChildNeutralIdle,0.2536,0.2773,0.000
30.331,neighbor_layout,Can,-0.5500,0.0194,19.1000,0.0000,0,ChildNeutralIdle,0.1636,0.1503,0.000
30.364,neighbor_layout,Deniz,0.0000,-0.0088,19.5500,0.0000,0,ChildNeutralIdle,0.2538,0.2774,0.000
30.364,neighbor_layout,Can,-0.5500,0.0194,19.1000,0.0000,0,ChildNeutralIdle,0.1633,0.1503,0.000
30.398,neighbor_layout,Deniz,0.0000,-0.0088,19.5500,0.0000,0,ChildNeutralIdle,0.2540,0.2775,0.000
30.398,neighbor_layout,Can,-0.5500,0.0194,19.1000,0.0000,0,ChildNeutralIdle,0.1630,0.1503,0.000
30.431,neighbor_layout,Deniz,0.0000,-0.0088,19.5500,0.0000,0,ChildNeutralIdle,0.2542,0.2776,0.000
30.431,neighbor_layout,Can,-0.5500,0.0194,19.1000,0.0000,0,ChildNeutralIdle,0.1628,0.1504,0.000
30.465,neighbor_layout,Deniz,0.0000,-0.0088,19.5500,0.0000,0,ChildNeutralIdle,0.2544,0.2777,0.000
30.465,neighbor_layout,Can,-0.5500,0.0194,19.1000,0.0000,0,ChildNeutralIdle,0.1626,0.1505,0.000
30.498,neighbor_layout,Deniz,0.0000,-0.0088,19.5500,0.0000,0,ChildNeutralIdle,0.2546,0.2778,0.000
30.498,neighbor_layout,Can,-0.5500,0.0194,19.1000,0.0000,0,ChildNeutralIdle,0.1624,0.1506,0.000
30.532,neighbor_layout,Deniz,0.0000,-0.0088,19.5500,0.0000,0,ChildNeutralIdle,0.2548,0.2779,0.000
30.532,neighbor_layout,Can,-0.5500,0.0194,19.1000,0.0000,0,ChildNeutralIdle,0.1623,0.1507,0.000
30.566,neighbor_layout,Deniz,0.0000,-0.0088,19.5500,0.0000,0,ChildNeutralIdle,0.2550,0.2779,0.000
30.566,neighbor_layout,Can,-0.5500,0.0194,19.1000,0.0000,0,ChildNeutralIdle,0.1622,0.1509,0.000
30.598,neighbor_layout,Deniz,0.0000,-0.0088,19.5500,0.0000,0,ChildNeutralIdle,0.2552,0.2780,0.000
30.598,neighbor_layout,Can,-0.5500,0.0194,19.1000,0.0000,0,ChildNeutralIdle,0.1621,0.1510,0.000
30.631,neighbor_layout,Deniz,0.0000,-0.0088,19.5500,0.0000,0,ChildNeutralIdle,0.2554,0.2780,0.000
30.631,neighbor_layout,Can,-0.5500,0.0194,19.1000,0.0000,0,ChildNeutralIdle,0.1620,0.1512,0.000
30.667,neighbor_layout,Deniz,0.0000,-0.0088,19.5500,0.0000,0,ChildNeutralIdle,0.2556,0.2780,0.000
30.667,neighbor_layout,Can,-0.5500,0.0194,19.1000,0.0000,0,ChildNeutralIdle,0.1620,0.1514,0.000
30.698,neighbor_layout,Deniz,0.0000,-0.0088,19.5500,0.0000,0,ChildNeutralIdle,0.2558,0.2780,0.000
30.698,neighbor_layout,Can,-0.5500,0.0194,19.1000,0.0000,0,ChildNeutralIdle,0.1620,0.1516,0.000
30.731,neighbor_layout,Deniz,0.0000,-0.0088,19.5500,0.0000,0,ChildNeutralIdle,0.2560,0.2780,0.000
30.731,neighbor_layout,Can,-0.5500,0.0194,19.1000,0.0000,0,ChildNeutralIdle,0.1621,0.1518,0.000
30.765,neighbor_layout,Deniz,0.0000,-0.0088,19.5500,0.0000,0,ChildNeutralIdle,0.2562,0.2779,0.000
30.765,neighbor_layout,Can,-0.5500,0.0194,19.1000,0.0000,0,ChildNeutralIdle,0.1621,0.1520,0.000
30.798,neighbor_layout,Deniz,0.0000,-0.0088,19.5500,0.0000,0,ChildNeutralIdle,0.2564,0.2779,0.000
30.798,neighbor_layout,Can,-0.5500,0.0194,19.1000,0.0000,0,ChildNeutralIdle,0.1622,0.1522,0.000
30.831,neighbor_layout,Deniz,0.0000,-0.0088,19.5500,0.0000,0,ChildNeutralIdle,0.2565,0.2778,0.000
30.831,neighbor_layout,Can,-0.5500,0.0194,19.1000,0.0000,0,ChildNeutralIdle,0.1624,0.1524,0.000
30.864,neighbor_layout,Deniz,0.0000,-0.0088,19.5500,0.0000,0,ChildNeutralIdle,0.2567,0.2778,0.000
30.864,neighbor_layout,Can,-0.5500,0.0194,19.1000,0.0000,0,ChildNeutralIdle,0.1625,0.1526,0.000
30.898,neighbor_layout,Deniz,0.0000,-0.0088,19.5500,0.0000,0,ChildNeutralIdle,0.2568,0.2777,0.000
30.898,neighbor_layout,Can,-0.5500,0.0194,19.1000,0.0000,0,ChildNeutralIdle,0.1627,0.1528,0.000
30.932,neighbor_layout,Deniz,0.0000,-0.0088,19.5500,0.0000,0,ChildNeutralIdle,0.2570,0.2776,0.000
30.932,neighbor_layout,Can,-0.5500,0.0194,19.1000,0.0000,0,ChildNeutralIdle,0.1629,0.1530,0.000
30.965,neighbor_layout,Deniz,0.0000,-0.0088,19.5500,0.0000,0,ChildNeutralIdle,0.2571,0.2775,0.000
30.965,neighbor_layout,Can,-0.5500,0.0194,19.1000,0.0000,0,ChildNeutralIdle,0.1632,0.1532,0.000
30.998,neighbor_layout,Deniz,0.0000,-0.0088,19.5500,0.0000,0,ChildNeutralIdle,0.2572,0.2774,0.000
30.998,neighbor_layout,Can,-0.5500,0.0194,19.1000,0.0000,0,ChildNeutralIdle,0.1635,0.1534,0.000
31.031,neighbor_layout,Deniz,0.0000,-0.0088,19.5500,0.0000,0,ChildNeutralIdle,0.2572,0.2773,0.000
31.031,neighbor_layout,Can,-0.5500,0.0194,19.1000,0.0000,0,ChildNeutralIdle,0.1638,0.1536,0.000
31.065,neighbor_layout,Deniz,0.0000,-0.0088,19.5500,0.0000,0,ChildNeutralIdle,0.2573,0.2772,0.000
31.065,neighbor_layout,Can,-0.5500,0.0194,19.1000,0.0000,0,ChildNeutralIdle,0.1641,0.1538,0.000
31.098,neighbor_layout,Deniz,0.0000,-0.0088,19.5500,0.0000,0,ChildNeutralIdle,0.2573,0.2771,0.000
31.098,neighbor_layout,Can,-0.5500,0.0194,19.1000,0.0000,0,ChildNeutralIdle,0.1645,0.1540,0.000
31.131,neighbor_layout,Deniz,0.0000,-0.0088,19.5500,0.0000,0,ChildNeutralIdle,0.2573,0.2769,0.000
31.131,neighbor_layout,Can,-0.5500,0.0194,19.1000,0.0000,0,ChildNeutralIdle,0.1648,0.1541,0.000
31.165,neighbor_layout,Deniz,0.0000,-0.0088,19.5500,0.0000,0,ChildNeutralIdle,0.2573,0.2768,0.000
31.165,neighbor_layout,Can,-0.5500,0.0194,19.1000,0.0000,0,ChildNeutralIdle,0.1652,0.1543,0.000
31.198,neighbor_layout,Deniz,0.0000,-0.0088,19.5500,0.0000,0,ChildNeutralIdle,0.2573,0.2766,0.000
31.198,neighbor_layout,Can,-0.5500,0.0194,19.1000,0.0000,0,ChildNeutralIdle,0.1656,0.1544,0.000
31.232,neighbor_layout,Deniz,0.0000,-0.0088,19.5500,0.0000,0,ChildNeutralIdle,0.2572,0.2764,0.000
31.232,neighbor_layout,Can,-0.5500,0.0194,19.1000,0.0000,0,ChildNeutralIdle,0.1660,0.1546,0.000
31.265,neighbor_layout,Deniz,0.0000,-0.0088,19.5500,0.0000,0,ChildNeutralIdle,0.2571,0.2762,0.000
31.265,neighbor_layout,Can,-0.5500,0.0194,19.1000,0.0000,0,ChildNeutralIdle,0.1664,0.1547,0.000
31.298,neighbor_layout,Deniz,0.0000,-0.0088,19.5500,0.0000,0,ChildNeutralIdle,0.2570,0.2760,0.000
31.298,neighbor_layout,Can,-0.5500,0.0194,19.1000,0.0000,0,ChildNeutralIdle,0.1668,0.1548,0.000
31.332,neighbor_layout,Deniz,0.0000,-0.0088,19.5500,0.0000,0,ChildNeutralIdle,0.2569,0.2758,0.000
31.332,neighbor_layout,Can,-0.5500,0.0194,19.1000,0.0000,0,ChildNeutralIdle,0.1672,0.1549,0.000
31.365,neighbor_layout,Deniz,0.0000,-0.0088,19.5500,0.0000,0,ChildNeutralIdle,0.2567,0.2756,0.000
31.365,neighbor_layout,Can,-0.5500,0.0194,19.1000,0.0000,0,ChildNeutralIdle,0.1676,0.1550,0.000
31.399,neighbor_layout,Deniz,0.0000,-0.0088,19.5500,0.0000,0,ChildNeutralIdle,0.2566,0.2754,0.000
31.399,neighbor_layout,Can,-0.5500,0.0194,19.1000,0.0000,0,ChildNeutralIdle,0.1680,0.1551,0.000
31.432,neighbor_layout,Deniz,0.0000,-0.0088,19.5500,0.0000,0,ChildNeutralIdle,0.2564,0.2752,0.000
31.432,neighbor_layout,Can,-0.5500,0.0194,19.1000,0.0000,0,ChildNeutralIdle,0.1683,0.1551,0.000
31.465,neighbor_layout,Deniz,0.0000,-0.0088,19.5500,0.0000,0,ChildNeutralIdle,0.2563,0.2750,0.000
31.465,neighbor_layout,Can,-0.5500,0.0194,19.1000,0.0000,0,ChildNeutralIdle,0.1687,0.1551,0.000
31.498,neighbor_layout,Deniz,0.0000,-0.0088,19.5500,0.0000,0,ChildNeutralIdle,0.2561,0.2748,0.000
31.498,neighbor_layout,Can,-0.5500,0.0194,19.1000,0.0000,0,ChildNeutralIdle,0.1690,0.1552,0.000
31.531,neighbor_layout,Deniz,0.0000,-0.0088,19.5500,0.0000,0,ChildNeutralIdle,0.2559,0.2746,0.000
31.531,neighbor_layout,Can,-0.5500,0.0194,19.1000,0.0000,0,ChildNeutralIdle,0.1694,0.1552,0.000
31.564,neighbor_layout,Deniz,0.0000,-0.0088,19.5500,0.0000,0,ChildNeutralIdle,0.2557,0.2744,0.000
31.564,neighbor_layout,Can,-0.5500,0.0194,19.1000,0.0000,0,ChildNeutralIdle,0.1697,0.1551,0.000
31.598,neighbor_layout,Deniz,0.0000,-0.0088,19.5500,0.0000,0,ChildNeutralIdle,0.2555,0.2743,0.000
31.598,neighbor_layout,Can,-0.5500,0.0194,19.1000,0.0000,0,ChildNeutralIdle,0.1699,0.1551,0.000
31.631,neighbor_layout,Deniz,0.0000,-0.0088,19.5500,0.0000,0,ChildNeutralIdle,0.2553,0.2741,0.000
31.631,neighbor_layout,Can,-0.5500,0.0194,19.1000,0.0000,0,ChildNeutralIdle,0.1702,0.1550,0.000
31.665,neighbor_layout,Deniz,0.0000,-0.0088,19.5500,0.0000,0,ChildNeutralIdle,0.2551,0.2740,0.000
31.665,neighbor_layout,Can,-0.5500,0.0194,19.1000,0.0000,0,ChildNeutralIdle,0.1704,0.1550,0.000
31.698,neighbor_layout,Deniz,0.0000,-0.0088,19.5500,0.0000,0,ChildNeutralIdle,0.2549,0.2739,0.000
31.698,neighbor_layout,Can,-0.5500,0.0194,19.1000,0.0000,0,ChildNeutralIdle,0.1706,0.1549,0.000
31.731,neighbor_layout,Deniz,0.0000,-0.0088,19.5500,0.0000,0,ChildNeutralIdle,0.2547,0.2738,0.000
31.731,neighbor_layout,Can,-0.5500,0.0194,19.1000,0.0000,0,ChildNeutralIdle,0.1707,0.1548,0.000
31.764,neighbor_layout,Deniz,0.0000,-0.0088,19.5500,0.0000,0,ChildNeutralIdle,0.2545,0.2737,0.000
31.764,neighbor_layout,Can,-0.5500,0.0194,19.1000,0.0000,0,ChildNeutralIdle,0.1708,0.1546,0.000
31.798,neighbor_layout,Deniz,0.0000,-0.0088,19.5500,0.0000,0,ChildNeutralIdle,0.2543,0.2736,0.000
31.798,neighbor_layout,Can,-0.5500,0.0194,19.1000,0.0000,0,ChildNeutralIdle,0.1709,0.1545,0.000
31.831,neighbor_layout,Deniz,0.0000,-0.0088,19.5500,0.0000,0,ChildNeutralIdle,0.2541,0.2736,0.000
31.831,neighbor_layout,Can,-0.5500,0.0194,19.1000,0.0000,0,ChildNeutralIdle,0.1709,0.1543,0.000
31.865,neighbor_layout,Deniz,0.0000,-0.0088,19.5500,0.0000,0,ChildNeutralIdle,0.2540,0.2736,0.000
31.865,neighbor_layout,Can,-0.5500,0.0194,19.1000,0.0000,0,ChildNeutralIdle,0.1709,0.1542,0.000
31.898,neighbor_layout,Deniz,0.0000,-0.0088,19.5500,0.0000,0,ChildNeutralIdle,0.2538,0.2735,0.000
31.898,neighbor_layout,Can,-0.5500,0.0194,19.1000,0.0000,0,ChildNeutralIdle,0.1709,0.1540,0.000
31.931,neighbor_layout,Deniz,0.0000,-0.0088,19.5500,0.0000,0,ChildNeutralIdle,0.2536,0.2735,0.000
31.931,neighbor_layout,Can,-0.5500,0.0194,19.1000,0.0000,0,ChildNeutralIdle,0.1709,0.1538,0.000
31.964,neighbor_layout,Deniz,0.0000,-0.0088,19.5500,0.0000,0,ChildNeutralIdle,0.2535,0.2735,0.000
31.964,neighbor_layout,Can,-0.5500,0.0194,19.1000,0.0000,0,ChildNeutralIdle,0.1708,0.1536,0.000
31.998,neighbor_layout,Deniz,0.0000,-0.0088,19.5500,0.0000,0,ChildNeutralIdle,0.2533,0.2735,0.000
31.998,neighbor_layout,Can,-0.5500,0.0194,19.1000,0.0000,0,ChildNeutralIdle,0.1707,0.1534,0.000
32.032,neighbor_layout,Deniz,0.0000,-0.0088,19.5500,0.0000,0,ChildNeutralIdle,0.2532,0.2735,0.000
32.032,neighbor_layout,Can,-0.5500,0.0194,19.1000,0.0000,0,ChildNeutralIdle,0.1706,0.1532,0.000
32.067,neighbor_layout,Deniz,0.0000,-0.0088,19.5500,0.0000,0,ChildNeutralIdle,0.2530,0.2736,0.000
32.067,neighbor_layout,Can,-0.5500,0.0194,19.1000,0.0000,0,ChildNeutralIdle,0.1704,0.1530,0.000
32.099,neighbor_layout,Deniz,0.0000,-0.0088,19.5500,0.0000,0,ChildNeutralIdle,0.2529,0.2737,0.000
32.099,neighbor_layout,Can,-0.5500,0.0194,19.1000,0.0000,0,ChildNeutralIdle,0.1703,0.1528,0.000
32.130,neighbor_layout,Deniz,0.0000,-0.0088,19.5500,0.0000,0,ChildNeutralIdle,0.2528,0.2737,0.000
32.130,neighbor_layout,Can,-0.5500,0.0194,19.1000,0.0000,0,ChildNeutralIdle,0.1701,0.1526,0.000
32.164,neighbor_layout,Deniz,0.0000,-0.0088,19.5500,0.0000,0,ChildNeutralIdle,0.2527,0.2738,0.000
32.164,neighbor_layout,Can,-0.5500,0.0194,19.1000,0.0000,0,ChildNeutralIdle,0.1698,0.1524,0.000
32.198,neighbor_layout,Deniz,0.0000,-0.0088,19.5500,0.0000,0,ChildNeutralIdle,0.2526,0.2740,0.000
32.198,neighbor_layout,Can,-0.5500,0.0194,19.1000,0.0000,0,ChildNeutralIdle,0.1696,0.1522,0.000
32.231,neighbor_layout,Deniz,0.0000,-0.0088,19.5500,0.0000,0,ChildNeutralIdle,0.2526,0.2741,0.000
32.231,neighbor_layout,Can,-0.5500,0.0194,19.1000,0.0000,0,ChildNeutralIdle,0.1693,0.1520,0.000
32.265,neighbor_layout,Deniz,0.0000,-0.0088,19.5500,0.0000,0,ChildNeutralIdle,0.2525,0.2743,0.000
32.265,neighbor_layout,Can,-0.5500,0.0194,19.1000,0.0000,0,ChildNeutralIdle,0.1690,0.1518,0.000
32.298,neighbor_layout,Deniz,0.0000,-0.0088,19.5500,0.0000,0,ChildNeutralIdle,0.2525,0.2744,0.000
32.298,neighbor_layout,Can,-0.5500,0.0194,19.1000,0.0000,0,ChildNeutralIdle,0.1687,0.1515,0.000
32.331,neighbor_layout,Deniz,0.0000,-0.0088,19.5500,0.0000,0,ChildNeutralIdle,0.2525,0.2747,0.000
32.331,neighbor_layout,Can,-0.5500,0.0194,19.1000,0.0000,0,ChildNeutralIdle,0.1683,0.1514,0.000
32.365,neighbor_layout,Deniz,0.0000,-0.0088,19.5500,0.0000,0,ChildNeutralIdle,0.2525,0.2749,0.000
32.365,neighbor_layout,Can,-0.5500,0.0194,19.1000,0.0000,0,ChildNeutralIdle,0.1680,0.1512,0.000
32.398,neighbor_layout,Deniz,0.0000,-0.0088,19.5500,0.0000,0,ChildNeutralIdle,0.2525,0.2751,0.000
32.398,neighbor_layout,Can,-0.5500,0.0194,19.1000,0.0000,0,ChildNeutralIdle,0.1676,0.1510,0.000
32.431,neighbor_layout,Deniz,0.0000,-0.0088,19.5500,0.0000,0,ChildNeutralIdle,0.2525,0.2754,0.000
32.431,neighbor_layout,Can,-0.5500,0.0194,19.1000,0.0000,0,ChildNeutralIdle,0.1672,0.1508,0.000
32.466,building_threshold,Deniz,0.0000,-0.0088,19.5500,0.0000,0,ChildNeutralIdle,0.2526,0.2757,0.000
32.466,building_threshold,Can,-0.5500,0.0194,19.1000,0.0000,0,ChildNeutralIdle,0.1668,0.1506,0.000
32.498,building_threshold,Deniz,0.0000,-0.0088,19.5500,0.0000,0,ChildNeutralIdle,0.2527,0.2759,0.000
32.498,building_threshold,Can,-0.5500,0.0194,19.1000,0.0000,0,ChildNeutralIdle,0.1664,0.1505,0.000
32.533,building_threshold,Deniz,0.0000,-0.0088,19.5500,0.0000,0,ChildNeutralIdle,0.2527,0.2762,0.000
32.533,building_threshold,Can,-0.5500,0.0194,19.1000,0.0000,0,ChildNeutralIdle,0.1660,0.1503,0.000
32.566,building_threshold,Deniz,0.0000,-0.0088,19.5500,0.0000,0,ChildNeutralIdle,0.2529,0.2764,0.000
32.566,building_threshold,Can,-0.5500,0.0194,19.1000,0.0000,0,ChildNeutralIdle,0.1657,0.1502,0.000
32.598,building_threshold,Deniz,0.0000,-0.0088,19.5500,0.0000,0,ChildNeutralIdle,0.2530,0.2766,0.000
32.598,building_threshold,Can,-0.5500,0.0194,19.1000,0.0000,0,ChildNeutralIdle,0.1653,0.1501,0.000
32.631,building_threshold,Deniz,0.0000,-0.0088,19.5500,0.0000,0,ChildNeutralIdle,0.2531,0.2768,0.000
32.631,building_threshold,Can,-0.5500,0.0194,19.1000,0.0000,0,ChildNeutralIdle,0.1649,0.1500,0.000
32.664,building_threshold,Deniz,0.0000,-0.0088,19.5500,0.0000,0,ChildNeutralIdle,0.2533,0.2770,0.000
32.664,building_threshold,Can,-0.5500,0.0194,19.1000,0.0000,0,ChildNeutralIdle,0.1645,0.1499,0.000
32.698,building_threshold,Deniz,0.0000,-0.0088,19.5500,0.0000,0,ChildNeutralIdle,0.2535,0.2772,0.000
32.698,building_threshold,Can,-0.5500,0.0194,19.1000,0.0000,0,ChildNeutralIdle,0.1642,0.1499,0.000
32.731,building_threshold,Deniz,0.0000,-0.0088,19.5500,0.0000,0,ChildNeutralIdle,0.2536,0.2773,0.000
32.731,building_threshold,Can,-0.5500,0.0194,19.1000,0.0000,0,ChildNeutralIdle,0.1639,0.1499,0.000
32.766,building_threshold,Deniz,0.0000,-0.0088,19.5500,0.0000,0,ChildNeutralIdle,0.2538,0.2774,0.000
32.766,building_threshold,Can,-0.5500,0.0194,19.1000,0.0000,0,ChildNeutralIdle,0.1636,0.1498,0.000
32.799,building_threshold,Deniz,0.0000,-0.0088,19.5500,0.0000,0,ChildNeutralIdle,0.2540,0.2776,0.000
32.799,building_threshold,Can,-0.5500,0.0194,19.1000,0.0000,0,ChildNeutralIdle,0.1633,0.1499,0.000
32.831,building_threshold,Deniz,0.0000,-0.0088,19.5500,0.0000,0,ChildNeutralIdle,0.2542,0.2777,0.000
32.831,building_threshold,Can,-0.5500,0.0194,19.1000,0.0000,0,ChildNeutralIdle,0.1630,0.1499,0.000
32.871,building_threshold,Deniz,0.0000,-0.0088,19.5500,0.0000,0,ChildNeutralIdle,0.2544,0.2778,0.000
32.871,building_threshold,Can,-0.5500,0.0194,19.1000,0.0000,0,ChildNeutralIdle,0.1628,0.1500,0.000
32.905,building_threshold,Deniz,0.0000,-0.0088,19.5500,0.0000,0,ChildNeutralIdle,0.2545,0.2778,0.000
32.905,building_threshold,Can,-0.5500,0.0194,19.1000,0.0000,0,ChildNeutralIdle,0.1626,0.1500,0.000
32.939,building_threshold,Deniz,0.0000,-0.0088,19.5500,0.0000,0,ChildNeutralIdle,0.2547,0.2779,0.000
32.939,building_threshold,Can,-0.5500,0.0194,19.1000,0.0000,0,ChildNeutralIdle,0.1624,0.1502,0.000
32.971,building_threshold,Deniz,0.0000,-0.0088,19.5500,0.0000,0,ChildNeutralIdle,0.2549,0.2780,0.000
32.971,building_threshold,Can,-0.5500,0.0194,19.1000,0.0000,0,ChildNeutralIdle,0.1623,0.1503,0.000
33.004,building_threshold,Deniz,0.0000,-0.0088,19.5500,0.0000,0,ChildNeutralIdle,0.2551,0.2780,0.000
33.004,building_threshold,Can,-0.5500,0.0194,19.1000,0.0000,0,ChildNeutralIdle,0.1622,0.1504,0.000
33.037,building_threshold,Deniz,0.0000,-0.0088,19.5500,0.0000,0,ChildNeutralIdle,0.2553,0.2780,0.000
33.037,building_threshold,Can,-0.5500,0.0194,19.1000,0.0000,0,ChildNeutralIdle,0.1621,0.1506,0.000
33.071,building_threshold,Deniz,0.0000,-0.0088,19.5500,0.0000,0,ChildNeutralIdle,0.2555,0.2780,0.000
33.071,building_threshold,Can,-0.5500,0.0194,19.1000,0.0000,0,ChildNeutralIdle,0.1620,0.1508,0.000
33.104,building_threshold,Deniz,0.0000,-0.0088,19.5500,0.0000,0,ChildNeutralIdle,0.2557,0.2781,0.000
33.104,building_threshold,Can,-0.5500,0.0194,19.1000,0.0000,0,ChildNeutralIdle,0.1620,0.1510,0.000
33.137,building_threshold,Deniz,0.0000,-0.0088,19.5500,0.0000,0,ChildNeutralIdle,0.2559,0.2780,0.000
33.137,building_threshold,Can,-0.5500,0.0194,19.1000,0.0000,0,ChildNeutralIdle,0.1621,0.1512,0.000
33.171,building_threshold,Deniz,0.0000,-0.0088,19.5500,0.0000,0,ChildNeutralIdle,0.2560,0.2780,0.000
33.171,building_threshold,Can,-0.5500,0.0194,19.1000,0.0000,0,ChildNeutralIdle,0.1621,0.1514,0.000
33.205,building_threshold,Deniz,0.0000,-0.0088,19.5500,0.0000,0,ChildNeutralIdle,0.2562,0.2780,0.000
33.205,building_threshold,Can,-0.5500,0.0194,19.1000,0.0000,0,ChildNeutralIdle,0.1622,0.1516,0.000
33.239,building_threshold,Deniz,0.0000,-0.0088,19.5500,0.0000,0,ChildNeutralIdle,0.2563,0.2779,0.000
33.239,building_threshold,Can,-0.5500,0.0194,19.1000,0.0000,0,ChildNeutralIdle,0.1623,0.1518,0.000
33.271,building_threshold,Deniz,0.0000,-0.0088,19.5500,0.0000,0,ChildNeutralIdle,0.2565,0.2779,0.000
33.271,building_threshold,Can,-0.5500,0.0194,19.1000,0.0000,0,ChildNeutralIdle,0.1625,0.1521,0.000
33.304,building_threshold,Deniz,0.0000,-0.0088,19.5500,0.0000,0,ChildNeutralIdle,0.2566,0.2778,0.000
33.304,building_threshold,Can,-0.5500,0.0194,19.1000,0.0000,0,ChildNeutralIdle,0.1627,0.1523,0.000
33.337,building_threshold,Deniz,0.0000,-0.0088,19.5500,0.0000,0,ChildNeutralIdle,0.2568,0.2777,0.000
33.337,building_threshold,Can,-0.5500,0.0194,19.1000,0.0000,0,ChildNeutralIdle,0.1629,0.1525,0.000
33.371,building_threshold,Deniz,0.0000,-0.0088,19.5500,0.0000,0,ChildNeutralIdle,0.2569,0.2776,0.000
33.371,building_threshold,Can,-0.5500,0.0194,19.1000,0.0000,0,ChildNeutralIdle,0.1632,0.1527,0.000
33.404,building_threshold,Deniz,0.0000,-0.0088,19.5500,0.0000,0,ChildNeutralIdle,0.2570,0.2775,0.000
33.404,building_threshold,Can,-0.5500,0.0194,19.1000,0.0000,0,ChildNeutralIdle,0.1634,0.1529,0.000
33.438,building_threshold,Deniz,0.0000,-0.0088,19.5500,0.0000,0,ChildNeutralIdle,0.2571,0.2773,0.000
33.438,building_threshold,Can,-0.5500,0.0194,19.1000,0.0000,0,ChildNeutralIdle,0.1637,0.1531,0.000
33.471,building_threshold,Deniz,0.0000,-0.0088,19.5500,0.0000,0,ChildNeutralIdle,0.2571,0.2772,0.000
33.471,building_threshold,Can,-0.5500,0.0194,19.1000,0.0000,0,ChildNeutralIdle,0.1641,0.1533,0.000
33.504,building_threshold,Deniz,0.0000,-0.0088,19.5500,0.0000,0,ChildNeutralIdle,0.2572,0.2770,0.000
33.504,building_threshold,Can,-0.5500,0.0194,19.1000,0.0000,0,ChildNeutralIdle,0.1644,0.1535,0.000
33.538,building_threshold,Deniz,-0.0001,-0.0089,19.5599,0.2968,0,ChildNeutralIdle,0.2571,0.2767,0.000
33.538,building_threshold,Can,-0.5500,0.0194,19.1000,0.0000,0,ChildNeutralIdle,0.1648,0.1536,0.000
33.571,building_threshold,Deniz,-0.0009,0.0128,19.7168,4.7534,1,ChildNeutralIdle+ChildNaturalWalk,0.2782,0.2940,0.000
33.571,building_threshold,Can,-0.5500,0.0194,19.1000,0.0000,0,ChildNeutralIdle,0.1652,0.1538,0.000
33.605,building_threshold,Deniz,-0.0017,0.0348,19.8540,4.1674,1,ChildNaturalWalk,0.3603,0.2935,0.000
33.605,building_threshold,Can,-0.5500,0.0194,19.1000,0.0000,0,ChildNeutralIdle,0.1656,0.1540,0.000
33.639,building_threshold,Deniz,-0.0022,0.0503,19.9912,4.1415,1,ChildNaturalWalk,0.3932,0.3098,0.000
33.639,building_threshold,Can,-0.5500,0.0194,19.1000,0.0000,0,ChildNeutralIdle,0.1659,0.1541,0.000
33.671,building_threshold,Deniz,-0.0021,0.0503,20.1284,4.1177,1,ChildNaturalWalk,0.3949,0.3132,0.000
33.671,building_threshold,Can,-0.5500,0.0194,19.1000,0.0000,0,ChildNeutralIdle,0.1664,0.1543,0.000
33.704,building_threshold,Deniz,-0.0019,0.0503,20.2657,4.1176,1,ChildNaturalWalk,0.3795,0.3179,0.000
33.704,building_threshold,Can,-0.5500,0.0194,19.1000,0.0000,0,ChildNeutralIdle,0.1668,0.1544,0.000
33.737,building_threshold,Deniz,-0.0018,0.0503,20.4029,4.1177,1,ChildNaturalWalk,0.3528,0.3226,0.000
33.737,building_threshold,Can,-0.5500,0.0194,19.1000,0.0000,0,ChildNeutralIdle,0.1672,0.1545,0.000
33.770,building_threshold,Deniz,-0.0017,0.0503,20.5402,4.1176,1,ChildNaturalWalk,0.3285,0.3268,0.000
33.770,building_threshold,Can,-0.5500,0.0194,19.1000,0.0000,0,ChildNeutralIdle,0.1676,0.1546,0.000
33.804,building_threshold,Deniz,-0.0015,0.0503,20.6775,4.1177,1,ChildNaturalWalk,0.3272,0.3302,0.000
33.804,building_threshold,Can,-0.5466,0.0194,19.1082,0.2667,0,ChildNeutralIdle,0.1680,0.1547,0.000
33.837,building_threshold,Deniz,-0.0014,0.0503,20.8147,4.1176,1,ChildNaturalWalk,0.3337,0.3332,0.000
33.837,building_threshold,Can,-0.5397,0.0194,19.1246,0.5333,0,ChildNeutralIdle+ChildNaturalWalk,0.1653,0.1552,0.000
33.871,building_threshold,Deniz,-0.0013,0.0503,20.9520,4.1176,1,ChildNaturalWalk,0.3284,0.3385,0.000
33.871,building_threshold,Can,-0.5293,0.0194,19.1492,0.8000,0,ChildNeutralIdle+ChildNaturalWalk,0.1617,0.1557,0.000
33.904,building_threshold,Deniz,-0.0011,0.0503,21.0892,4.1176,1,ChildNaturalWalk,0.3149,0.3480,0.000
33.904,building_threshold,Can,-0.5202,0.0194,19.1824,1.0348,0,ChildNeutralIdle+ChildNaturalWalk,0.1600,0.1563,0.000
33.937,building_threshold,Deniz,-0.0010,0.0503,21.2265,4.1176,1,ChildNaturalWalk,0.3064,0.3602,0.000
33.937,building_threshold,Can,-0.5126,0.0194,19.2244,1.2785,0,ChildNeutralIdle+ChildNaturalWalk,0.1619,0.1572,0.000
33.970,building_threshold,Deniz,-0.0009,0.0503,21.3637,4.1176,1,ChildNaturalWalk,0.3074,0.3766,0.000
33.970,building_threshold,Can,-0.5067,0.0194,19.2749,1.5257,0,ChildNeutralIdle+ChildNaturalWalk,0.1674,0.1592,0.000
34.004,building_threshold,Deniz,-0.0007,0.0503,21.5010,4.1176,1,ChildNaturalWalk,0.3104,0.3947,0.000
34.004,building_threshold,Can,-0.5019,0.0194,19.3294,1.6424,0,ChildNeutralIdle+ChildNaturalWalk,0.1795,0.1621,0.000
34.037,building_threshold,Deniz,-0.0006,0.0503,21.6382,4.1176,1,ChildNaturalWalk,0.3135,0.3935,0.000
34.037,building_threshold,Can,-0.4972,0.0194,19.3839,1.6412,0,ChildNaturalWalk,0.2038,0.1692,0.000
34.071,building_threshold,Deniz,-0.0004,0.0503,21.7755,4.1176,1,ChildNaturalWalk,0.3181,0.3837,0.000
34.071,building_threshold,Can,-0.4926,0.0194,19.4384,1.6396,0,ChildNaturalWalk,0.2211,0.1674,0.000
34.104,building_threshold,Deniz,-0.0003,0.0503,21.9128,4.1177,1,ChildNaturalWalk,0.3230,0.3696,0.000
34.104,building_threshold,Can,-0.4879,0.0194,19.4928,1.6375,0,ChildNaturalWalk,0.2230,0.1688,0.000
34.138,building_threshold,Deniz,-0.0002,-0.0082,22.0500,4.4755,0,ChildNaturalWalk,0.2698,0.2958,0.000
34.138,building_threshold,Can,-0.4833,0.0194,19.5471,1.6348,0,ChildNaturalWalk,0.2113,0.1706,0.000
34.171,building_threshold,Deniz,-0.0002,-0.0082,22.0500,0.0000,0,ChildNaturalWalk,0.2759,0.2817,0.000
34.171,building_threshold,Can,-0.4786,0.0194,19.6012,1.6310,0,ChildNaturalWalk,0.1933,0.1718,0.000
34.204,facade_clear,Deniz,-0.0002,-0.0081,22.0571,0.2121,0,ChildNaturalWalk,0.2824,0.2721,0.000
34.204,facade_clear,Can,-0.4683,0.0194,19.6545,1.6263,0,ChildNaturalWalk,0.1833,0.1719,0.000
34.237,facade_clear,Deniz,-0.0002,-0.0080,22.0712,0.4242,0,ChildNaturalWalk,0.2906,0.2610,0.000
34.237,facade_clear,Can,-0.4580,0.0194,19.7074,1.6186,0,ChildNaturalWalk,0.1886,0.1703,0.000
34.270,facade_clear,Deniz,-0.0002,-0.0079,22.0924,0.6364,0,ChildNaturalWalk,0.3003,0.2532,0.000
34.270,facade_clear,Can,-0.4477,0.0194,19.7600,1.6068,0,ChildNaturalWalk,0.1930,0.1697,0.000
34.307,facade_clear,Deniz,-0.0002,-0.0077,22.1207,0.8485,0,ChildNaturalWalk,0.3114,0.2514,0.000
34.307,facade_clear,Can,-0.4375,0.0194,19.8119,1.5870,0,ChildNaturalWalk,0.1875,0.1725,0.000
34.337,facade_clear,Deniz,-0.0002,-0.0074,22.1561,1.0607,0,ChildNaturalWalk,0.3288,0.2516,0.000
34.337,facade_clear,Can,-0.4276,0.0194,19.8626,1.5508,0,ChildNaturalWalk,0.1767,0.1810,0.000
34.371,facade_clear,Deniz,-0.0002,-0.0071,22.1985,1.2728,0,ChildNaturalWalk,0.3398,0.2543,0.000
34.371,facade_clear,Can,-0.4181,0.0194,19.9109,1.4760,0,ChildNaturalWalk,0.1687,0.1916,0.000
34.404,facade_clear,Deniz,-0.0002,-0.0067,22.2480,1.4850,0,ChildNaturalWalk,0.3298,0.2590,0.000
34.404,facade_clear,Can,-0.4096,0.0194,19.9545,1.3330,0,ChildNaturalWalk,0.1661,0.2079,0.000
34.437,facade_clear,Deniz,-0.0002,-0.0063,22.3046,1.6971,0,ChildNaturalWalk,0.3070,0.2643,0.000
34.437,facade_clear,Can,-0.4024,0.0194,19.9917,1.1357,0,ChildNaturalWalk,0.1663,0.2255,0.000
34.471,facade_clear,Deniz,-0.0001,-0.0058,22.3629,1.7500,0,ChildNaturalWalk,0.2803,0.2693,0.000
34.471,facade_clear,Can,-0.4009,0.0194,20.0222,0.9158,0,ChildNaturalWalk,0.1677,0.2239,0.000
34.504,facade_clear,Deniz,-0.0001,-0.0054,22.4212,1.7500,0,ChildNaturalWalk,0.2696,0.2733,0.000
34.504,facade_clear,Can,-0.4034,0.0194,20.0448,0.6827,0,ChildNaturalWalk,0.1697,0.2166,0.000
34.538,facade_clear,Deniz,-0.0001,-0.0050,22.4796,1.7500,0,ChildNaturalWalk,0.2768,0.2770,0.000
34.538,facade_clear,Can,-0.4090,0.0194,20.0590,0.4600,0,ChildNaturalWalk,0.1711,0.2062,0.000
34.570,facade_clear,Deniz,-0.0001,-0.0045,22.5379,1.7500,0,ChildNaturalWalk,0.2769,0.2815,0.000
34.570,facade_clear,Can,-0.4168,0.0194,20.0648,0.2896,0,ChildNaturalWalk,0.1727,0.1990,0.000
34.604,facade_clear,Deniz,-0.0001,-0.0041,22.5962,1.7500,0,ChildNaturalWalk,0.2655,0.2894,0.000
34.604,facade_clear,Can,-0.4259,0.0194,20.0619,0.2886,0,ChildNeutralIdle+ChildNaturalWalk,0.1700,0.1812,0.000
34.638,facade_clear,Deniz,-0.0001,-0.0036,22.6546,1.7500,0,ChildNaturalWalk,0.2554,0.3010,0.000
34.638,facade_clear,Can,-0.4358,0.0194,20.0504,0.4566,0,ChildNeutralIdle+ChildNaturalWalk,0.1667,0.1729,0.000
34.672,facade_clear,Deniz,-0.0001,-0.0032,22.7129,1.7500,0,ChildNaturalWalk,0.2532,0.3161,0.000
34.672,facade_clear,Can,-0.4456,0.0194,20.0301,0.6764,0,ChildNeutralIdle+ChildNaturalWalk,0.1651,0.1687,0.000
34.704,facade_clear,Deniz,-0.0001,-0.0027,22.7712,1.7500,0,ChildNaturalWalk,0.2562,0.3352,0.000
34.704,facade_clear,Can,-0.4614,0.0194,20.0035,0.9268,0,ChildNeutralIdle+ChildNaturalWalk,0.1652,0.1675,0.000
34.737,facade_clear,Deniz,-0.0001,-0.0023,22.8296,1.7500,0,ChildNaturalWalk,0.2595,0.3431,0.000
34.737,facade_clear,Can,-0.4842,0.0194,19.9715,1.1792,0,ChildNeutralIdle+ChildNaturalWalk,0.1673,0.1683,0.000
34.771,facade_clear,Deniz,-0.0001,-0.0019,22.8879,1.7500,0,ChildNaturalWalk,0.2640,0.3357,0.000
34.771,facade_clear,Can,-0.5096,0.0194,19.9419,1.1684,0,ChildNeutralIdle+ChildNaturalWalk,0.1732,0.1694,0.000
34.804,facade_clear,Deniz,-0.0001,-0.0014,22.9462,1.7500,0,ChildNaturalWalk,0.2695,0.3240,0.000
34.804,facade_clear,Can,-0.5310,0.0194,19.9187,0.9507,0,ChildNeutralIdle+ChildNaturalWalk,0.1814,0.1694,0.000
34.838,facade_clear,Deniz,-0.0001,-0.0010,23.0045,1.7500,0,ChildNaturalWalk,0.2750,0.3091,0.000
34.838,facade_clear,Can,-0.5473,0.0194,19.9021,0.6961,0,ChildNeutralIdle+ChildNaturalWalk,0.1852,0.1668,0.000
34.871,facade_clear,Deniz,-0.0001,-0.0005,23.0629,1.7500,0,ChildNaturalWalk,0.2811,0.2939,0.000
34.871,facade_clear,Can,-0.5595,0.0194,19.8934,0.4483,0,ChildNeutralIdle+ChildNaturalWalk,0.1824,0.1629,0.000
34.904,facade_clear,Deniz,-0.0001,-0.0001,23.1212,1.7500,0,ChildNaturalWalk,0.2885,0.2827,0.000
34.904,facade_clear,Can,-0.5680,0.0194,19.8928,0.2545,0,ChildNeutralIdle+ChildNaturalWalk,0.1750,0.1606,0.000
34.937,facade_clear,Deniz,-0.0001,0.0003,23.1795,1.7500,0,ChildNaturalWalk,0.2958,0.2730,0.000
34.937,facade_clear,Can,-0.5730,0.0194,19.9004,0.2724,0,ChildNeutralIdle+ChildNaturalWalk,0.1690,0.1588,0.000
34.971,facade_clear,Deniz,-0.0001,0.0008,23.2379,1.7500,0,ChildNaturalWalk,0.3065,0.2637,0.000
34.971,facade_clear,Can,-0.5747,0.0194,19.9161,0.4732,0,ChildNeutralIdle+ChildNaturalWalk,0.1664,0.1576,0.000
35.004,facade_clear,Deniz,-0.0001,0.0012,23.2962,1.7500,0,ChildNaturalWalk,0.3146,0.2605,0.000
35.004,facade_clear,Can,-0.5725,0.0194,19.9398,0.7151,0,ChildNeutralIdle+ChildNaturalWalk,0.1674,0.1573,0.000
35.037,facade_clear,Deniz,-0.0001,0.0017,23.3545,1.7500,0,ChildNaturalWalk,0.3320,0.2603,0.000
35.037,facade_clear,Can,-0.5681,0.0194,19.9636,0.7269,0,ChildNeutralIdle+ChildNaturalWalk,0.1722,0.1579,0.000
35.071,facade_clear,Deniz,-0.0001,0.0021,23.4129,1.7500,0,ChildNaturalWalk,0.3464,0.2622,0.000
35.071,facade_clear,Can,-0.5652,0.0194,19.9791,0.4722,0,ChildNeutralIdle+ChildNaturalWalk,0.1775,0.1586,0.000
35.104,facade_clear,Deniz,-0.0001,0.0026,23.4712,1.7500,0,ChildNaturalWalk,0.3451,0.2666,0.000
35.104,facade_clear,Can,-0.5650,0.0194,19.9861,0.2105,0,ChildNeutralIdle+ChildNaturalWalk,0.1766,0.1586,0.000
35.137,facade_clear,Deniz,-0.0001,0.0030,23.5295,1.7500,0,ChildNaturalWalk,0.3262,0.2717,0.000
35.137,facade_clear,Can,-0.5670,0.0194,19.9845,0.0761,0,ChildNeutralIdle+ChildNaturalWalk,0.1723,0.1576,0.000
35.173,facade_clear,Deniz,-0.0001,0.0034,23.5879,1.7500,0,ChildNaturalWalk,0.2992,0.2769,0.000
35.173,facade_clear,Can,-0.5708,0.0194,19.9744,0.3261,0,ChildNeutralIdle+ChildNaturalWalk,0.1678,0.1564,0.000
35.204,facade_clear,Deniz,-0.0001,0.0039,23.6462,1.7500,0,ChildNaturalWalk,0.2797,0.2813,0.000
35.204,facade_clear,Can,-0.5757,0.0194,19.9554,0.5873,0,ChildNeutralIdle+ChildNaturalWalk,0.1676,0.1563,0.000
35.237,facade_clear,Deniz,-0.0001,0.0043,23.7045,1.7500,0,ChildNaturalWalk,0.2828,0.2850,0.000
35.237,facade_clear,Can,-0.5788,0.0194,19.9374,0.5470,0,ChildNeutralIdle+ChildNaturalWalk,0.1701,0.1573,0.000
35.271,facade_clear,Deniz,-0.0001,0.0048,23.7629,1.7500,0,ChildNaturalWalk,0.2896,0.2885,0.000
35.271,facade_clear,Can,-0.5797,0.0194,19.9279,0.2879,0,ChildNeutralIdle+ChildNaturalWalk,0.1716,0.1580,0.000
35.304,facade_clear,Deniz,-0.0001,0.0052,23.8212,1.7500,0,ChildNaturalWalk,0.2798,0.2956,0.000
35.304,facade_clear,Can,-0.5788,0.0194,19.9271,0.0362,0,ChildNeutralIdle+ChildNaturalWalk,0.1699,0.1576,0.000
35.338,facade_clear,Deniz,-0.0001,0.0056,23.8795,1.7500,0,ChildNaturalWalk,0.2672,0.3062,0.000
35.338,facade_clear,Can,-0.5766,0.0194,19.9350,0.2465,0,ChildNeutralIdle+ChildNaturalWalk,0.1671,0.1563,0.000
35.370,facade_clear,Deniz,-0.0001,0.0061,23.9379,1.7500,0,ChildNaturalWalk,0.2619,0.3191,0.000
35.370,facade_clear,Can,-0.5738,0.0194,19.9517,0.5093,0,ChildNeutralIdle+ChildNaturalWalk,0.1666,0.1562,0.000
35.404,facade_clear,Deniz,-0.0001,0.0065,23.9962,1.7500,0,ChildNaturalWalk,0.2644,0.3380,0.000
35.404,facade_clear,Can,-0.5720,0.0194,19.9632,0.3491,0,ChildNeutralIdle+ChildNaturalWalk,0.1679,0.1573,0.000
35.441,facade_clear,Deniz,-0.0001,0.0070,24.0545,1.7500,0,ChildNaturalWalk,0.2675,0.3522,0.000
35.441,facade_clear,Can,-0.5715,0.0194,19.9659,0.0836,0,ChildNeutralIdle+ChildNaturalWalk,0.1680,0.1576,0.000
35.470,facade_clear,Deniz,-0.0001,0.0074,24.1129,1.7500,0,ChildNaturalWalk,0.2716,0.3486,0.000
35.470,facade_clear,Can,-0.5729,0.0194,19.9600,0.1828,0,ChildNeutralIdle+ChildNaturalWalk,0.1666,0.1566,0.000
35.504,facade_clear,Deniz,0.0000,0.0079,24.1712,1.7500,0,ChildNaturalWalk,0.2769,0.3384,0.000
35.504,facade_clear,Can,-0.5756,0.0194,19.9479,0.3731,0,ChildNeutralIdle+ChildNaturalWalk,0.1660,0.1564,0.000
35.537,facade_clear,Deniz,0.0000,0.0083,24.2295,1.7500,0,ChildNaturalWalk,0.2822,0.3239,0.000
35.537,facade_clear,Can,-0.5772,0.0194,19.9401,0.2375,0,ChildNeutralIdle+ChildNaturalWalk,0.1665,0.1572,0.000
35.571,facade_clear,Deniz,0.0000,0.0087,24.2879,1.7500,0,ChildNaturalWalk,0.2882,0.3097,0.000
35.571,facade_clear,Can,-0.5769,0.0194,19.9410,0.0288,0,ChildNeutralIdle+ChildNaturalWalk,0.1664,0.1572,0.000
35.605,facade_clear,Deniz,0.0000,0.0092,24.3462,1.7500,0,ChildNaturalWalk,0.2950,0.2958,0.000
35.605,facade_clear,Can,-0.5752,0.0194,19.9487,0.2350,0,ChildNeutralIdle+ChildNaturalWalk,0.1653,0.1562,0.000
35.638,facade_clear,Deniz,0.0000,0.0096,24.4045,1.7500,0,ChildNaturalWalk,0.3017,0.2866,0.000
35.638,facade_clear,Can,-0.5737,0.0194,19.9556,0.2132,0,ChildNeutralIdle+ChildNaturalWalk,0.1653,0.1564,0.000
35.670,facade_clear,Deniz,0.0000,0.0101,24.4629,1.7500,0,ChildNaturalWalk,0.3117,0.2766,0.000
35.670,facade_clear,Can,-0.5735,0.0194,19.9567,0.0313,0,ChildNeutralIdle+ChildNaturalWalk,0.1653,0.1566,0.000
35.704,facade_clear,Deniz,0.0000,0.0105,24.5212,1.7500,0,ChildNaturalWalk,0.3202,0.2706,0.000
35.704,facade_clear,Can,-0.5745,0.0194,19.9523,0.1350,0,ChildNeutralIdle+ChildNaturalWalk,0.1647,0.1559,0.000
35.739,facade_clear,Deniz,0.0000,0.0109,24.5795,1.7500,0,ChildNaturalWalk,0.3338,0.2697,0.000
35.739,facade_clear,Can,-0.5757,0.0194,19.9471,0.1592,0,ChildNeutralIdle+ChildNaturalWalk,0.1647,0.1558,0.000
35.771,facade_clear,Deniz,0.0000,0.0114,24.6379,1.7500,0,ChildNaturalWalk,0.3517,0.2707,0.000
35.771,facade_clear,Can,-0.5760,0.0194,19.9453,0.0544,0,ChildNeutralIdle+ChildNaturalWalk,0.1649,0.1558,0.000
35.804,facade_clear,Deniz,0.0000,0.0118,24.6962,1.7500,0,ChildNaturalWalk,0.3578,0.2742,0.000
35.804,facade_clear,Can,-0.5755,0.0194,19.9476,0.0700,0,ChildNeutralIdle+ChildNaturalWalk,0.1647,0.1554,0.000
35.838,facade_clear,Deniz,0.0000,0.0123,24.7545,1.7500,0,ChildNaturalWalk,0.3440,0.2792,0.000
35.838,facade_clear,Can,-0.5747,0.0194,19.9513,0.1124,0,ChildNeutralIdle+ChildNaturalWalk,0.1646,0.1553,0.000
35.871,facade_clear,Deniz,0.0000,0.0127,24.8073,1.5820,0,ChildNaturalWalk,0.3196,0.2845,0.000
35.871,facade_clear,Can,-0.5743,0.0194,19.9531,0.0578,0,ChildNeutralIdle+ChildNaturalWalk,0.1648,0.1554,0.000
35.904,facade_clear,Deniz,0.0000,0.0130,24.8543,1.4121,0,ChildNaturalWalk,0.2935,0.2890,0.000
35.904,facade_clear,Can,-0.5744,0.0194,19.9522,0.0293,0,ChildNeutralIdle+ChildNaturalWalk,0.1647,0.1552,0.000
35.937,facade_clear,Deniz,0.0000,0.0133,24.8914,1.1121,0,ChildNaturalWalk,0.2896,0.2928,0.000
35.937,facade_clear,Can,-0.5749,0.0194,19.9497,0.0752,0,ChildNeutralIdle+ChildNaturalWalk,0.1647,0.1550,0.000
35.971,facade_clear,Deniz,0.0000,0.0135,24.9185,0.8121,0,ChildNaturalWalk,0.2962,0.2960,0.000
35.971,facade_clear,Can,-0.5754,0.0194,19.9480,0.0526,0,ChildNeutralIdle+ChildNaturalWalk,0.1649,0.1551,0.000
36.004,facade_clear,Deniz,0.0000,0.0136,24.9355,0.5121,0,ChildNaturalWalk,0.2933,0.3009,0.000
36.004,facade_clear,Can,-0.5753,0.0194,19.9483,0.0071,0,ChildNeutralIdle+ChildNaturalWalk,0.1651,0.1551,0.000
36.037,facade_clear,Deniz,0.0000,0.0137,24.9426,0.2121,0,ChildNaturalWalk,0.2801,0.3099,0.000
36.037,facade_clear,Can,-0.5750,0.0194,19.9498,0.0473,0,ChildNeutralIdle+ChildNaturalWalk,0.1651,0.1550,0.000
36.071,facade_clear,Deniz,0.0000,0.0137,24.9426,0.0000,0,ChildNeutralIdle+ChildNaturalWalk,0.2708,0.3199,0.000
36.071,facade_clear,Can,-0.5748,0.0194,19.9512,0.0418,0,ChildNeutralIdle+ChildNaturalWalk,0.1653,0.1551,0.000
36.104,facade_clear,Deniz,0.0000,0.0137,24.9426,0.0000,0,ChildNeutralIdle+ChildNaturalWalk,0.2638,0.3236,0.000
36.104,facade_clear,Can,-0.5747,0.0194,19.9513,0.0052,0,ChildNeutralIdle+ChildNaturalWalk,0.1656,0.1552,0.000
36.137,facade_clear,Deniz,0.0000,0.0137,24.9426,0.0000,0,ChildNeutralIdle+ChildNaturalWalk,0.2658,0.3211,0.000
36.137,facade_clear,Can,-0.5748,0.0194,19.9504,0.0274,0,ChildNeutralIdle+ChildNaturalWalk,0.1658,0.1551,0.000
36.176,facade_clear,Deniz,0.0000,0.0137,24.9426,0.0000,0,ChildNeutralIdle+ChildNaturalWalk,0.2683,0.3164,0.000
36.176,facade_clear,Can,-0.5748,0.0194,19.9494,0.0312,0,ChildNeutralIdle+ChildNaturalWalk,0.1661,0.1552,0.000
36.209,facade_clear,Deniz,0.0000,0.0137,24.9426,0.0000,0,ChildNeutralIdle+ChildNaturalWalk,0.2704,0.3124,0.000
36.209,facade_clear,Can,-0.5748,0.0194,19.9491,0.0097,0,ChildNeutralIdle+ChildNaturalWalk,0.1664,0.1552,0.000
36.242,facade_clear,Deniz,0.0000,0.0137,24.9426,0.0000,0,ChildNeutralIdle+ChildNaturalWalk,0.2721,0.3088,0.000
36.242,facade_clear,Can,-0.5747,0.0194,19.9495,0.0149,0,ChildNeutralIdle+ChildNaturalWalk,0.1668,0.1552,0.000
36.277,facade_clear,Deniz,0.0000,0.0137,24.9426,0.0000,0,ChildNeutralIdle+ChildNaturalWalk,0.2735,0.3059,0.000
36.277,facade_clear,Can,-0.5746,0.0194,19.9503,0.0225,0,ChildNeutralIdle+ChildNaturalWalk,0.1671,0.1553,0.000
36.309,facade_clear,Deniz,0.0000,0.0137,24.9426,0.0000,0,ChildNeutralIdle+ChildNaturalWalk,0.2744,0.3035,0.000
36.309,facade_clear,Can,-0.5745,0.0194,19.9506,0.0110,0,ChildNeutralIdle+ChildNaturalWalk,0.1675,0.1553,0.000
36.343,facade_clear,Deniz,0.0000,0.0137,24.9426,0.0000,0,ChildNeutralIdle+ChildNaturalWalk,0.2751,0.3016,0.000
36.343,facade_clear,Can,-0.5745,0.0194,19.9504,0.0066,0,ChildNeutralIdle+ChildNaturalWalk,0.1679,0.1553,0.000
36.375,facade_clear,Deniz,0.0000,0.0137,24.9426,0.0000,0,ChildNeutralIdle+ChildNaturalWalk,0.2756,0.3002,0.000
36.375,facade_clear,Can,-0.5745,0.0194,19.9499,0.0150,0,ChildNeutralIdle+ChildNaturalWalk,0.1682,0.1553,0.000
36.409,facade_clear,Deniz,0.0000,0.0137,24.9426,0.0000,0,ChildNeutralIdle+ChildNaturalWalk,0.2760,0.2991,0.000
36.409,facade_clear,Can,-0.5745,0.0194,19.9496,0.0099,0,ChildNeutralIdle+ChildNaturalWalk,0.1686,0.1553,0.000
36.442,facade_clear,Deniz,0.0000,0.0137,24.9426,0.0000,0,ChildNeutralIdle+ChildNaturalWalk,0.2762,0.2983,0.000
36.442,facade_clear,Can,-0.5745,0.0194,19.9497,0.0024,0,ChildNeutralIdle+ChildNaturalWalk,0.1689,0.1553,0.000
36.475,facade_clear,Deniz,0.0000,0.0137,24.9426,0.0000,0,ChildNeutralIdle+ChildNaturalWalk,0.2763,0.2976,0.000
36.475,facade_clear,Can,-0.5744,0.0194,19.9500,0.0099,0,ChildNeutralIdle+ChildNaturalWalk,0.1693,0.1553,0.000
36.510,facade_clear,Deniz,0.0000,0.0137,24.9426,0.0000,0,ChildNeutralIdle+ChildNaturalWalk,0.2763,0.2971,0.000
36.510,facade_clear,Can,-0.5743,0.0194,19.9502,0.0084,0,ChildNeutralIdle+ChildNaturalWalk,0.1695,0.1553,0.000
36.542,facade_clear,Deniz,0.0000,0.0137,24.9426,0.0000,0,ChildNeutralIdle+ChildNaturalWalk,0.2763,0.2968,0.000
36.542,facade_clear,Can,-0.5743,0.0194,19.9503,0.0015,0,ChildNeutralIdle+ChildNaturalWalk,0.1698,0.1552,0.000
36.575,facade_clear,Deniz,0.0000,0.0137,24.9426,0.0000,0,ChildNeutralIdle+ChildNaturalWalk,0.2762,0.2966,0.000
36.575,facade_clear,Can,-0.5742,0.0194,19.9501,0.0057,0,ChildNeutralIdle+ChildNaturalWalk,0.1701,0.1551,0.000
36.609,facade_clear,Deniz,0.0000,0.0137,24.9426,0.0000,0,ChildNeutralIdle+ChildNaturalWalk,0.2761,0.2964,0.000
36.609,facade_clear,Can,-0.5742,0.0194,19.9499,0.0063,0,ChildNeutralIdle+ChildNaturalWalk,0.1703,0.1551,0.000
36.642,facade_clear,Deniz,0.0000,0.0137,24.9426,0.0000,0,ChildNeutralIdle+ChildNaturalWalk,0.2760,0.2962,0.000
36.642,facade_clear,Can,-0.5742,0.0194,19.9498,0.0021,0,ChildNeutralIdle+ChildNaturalWalk,0.1705,0.1550,0.000
36.675,facade_clear,Deniz,0.0000,0.0137,24.9426,0.0000,0,ChildNeutralIdle+ChildNaturalWalk,0.2759,0.2962,0.000
36.675,facade_clear,Can,-0.5741,0.0194,19.9499,0.0035,0,ChildNeutralIdle+ChildNaturalWalk,0.1706,0.1548,0.000
36.709,facade_clear,Deniz,0.0000,0.0137,24.9426,0.0000,0,ChildNeutralIdle+ChildNaturalWalk,0.2758,0.2961,0.000
36.709,facade_clear,Can,-0.5741,0.0194,19.9501,0.0048,0,ChildNeutralIdle+ChildNaturalWalk,0.1707,0.1547,0.000
36.742,facade_clear,Deniz,0.0000,0.0137,24.9426,0.0000,0,ChildNeutralIdle+ChildNaturalWalk,0.2757,0.2961,0.000
36.742,facade_clear,Can,-0.5740,0.0194,19.9501,0.0026,0,ChildNeutralIdle+ChildNaturalWalk,0.1708,0.1545,0.000
36.776,facade_clear,Deniz,0.0000,0.0137,24.9426,0.0000,0,ChildNeutralIdle+ChildNaturalWalk,0.2756,0.2961,0.000
36.776,facade_clear,Can,-0.5740,0.0194,19.9501,0.0018,0,ChildNeutralIdle+ChildNaturalWalk,0.1708,0.1544,0.000
36.809,facade_clear,Deniz,0.0000,0.0137,24.9426,0.0000,0,ChildNeutralIdle+ChildNaturalWalk,0.2754,0.2961,0.000
36.809,facade_clear,Can,-0.5739,0.0194,19.9500,0.0032,0,ChildNeutralIdle+ChildNaturalWalk,0.1709,0.1542,0.000
36.842,facade_clear,Deniz,0.0000,0.0137,24.9426,0.0000,0,ChildNeutralIdle+ChildNaturalWalk,0.2753,0.2962,0.000
36.842,facade_clear,Can,-0.5739,0.0194,19.9499,0.0022,0,ChildNeutralIdle+ChildNaturalWalk,0.1709,0.1540,0.000
36.876,facade_clear,Deniz,0.0000,0.0137,24.9426,0.0000,0,ChildNeutralIdle+ChildNaturalWalk,0.2753,0.2963,0.000
36.876,facade_clear,Can,-0.5739,0.0194,19.9499,0.0014,0,ChildNeutralIdle+ChildNaturalWalk,0.1708,0.1538,0.000
36.909,facade_clear,Deniz,0.0000,0.0137,24.9426,0.0000,0,ChildNeutralIdle+ChildNaturalWalk,0.2752,0.2964,0.000
36.909,facade_clear,Can,-0.5738,0.0194,19.9500,0.0025,0,ChildNeutralIdle+ChildNaturalWalk,0.1708,0.1536,0.000
36.942,facade_clear,Deniz,0.0000,0.0137,24.9426,0.0000,0,ChildNeutralIdle+ChildNaturalWalk,0.2751,0.2965,0.000
36.942,facade_clear,Can,-0.5738,0.0194,19.9501,0.0022,0,ChildNeutralIdle+ChildNaturalWalk,0.1707,0.1534,0.000
36.978,facade_clear,Deniz,0.0000,0.0137,24.9426,0.0000,0,ChildNeutralIdle+ChildNaturalWalk,0.2750,0.2967,0.000
36.978,facade_clear,Can,-0.5737,0.0194,19.9501,0.0013,0,ChildNeutralIdle+ChildNaturalWalk,0.1705,0.1532,0.000
37.009,facade_clear,Deniz,0.0000,0.0137,24.9426,0.0000,0,ChildNeutralIdle+ChildNaturalWalk,0.2750,0.2969,0.000
37.009,facade_clear,Can,-0.5737,0.0194,19.9500,0.0016,0,ChildNeutralIdle+ChildNaturalWalk,0.1704,0.1530,0.000
37.042,facade_clear,Deniz,0.0000,0.0137,24.9426,0.0000,0,ChildNeutralIdle+ChildNaturalWalk,0.2750,0.2971,0.000
37.042,facade_clear,Can,-0.5737,0.0194,19.9500,0.0017,0,ChildNeutralIdle+ChildNaturalWalk,0.1702,0.1528,0.000
37.076,facade_clear,Deniz,0.0000,0.0137,24.9426,0.0000,0,ChildNeutralIdle+ChildNaturalWalk,0.2750,0.2973,0.000
37.076,facade_clear,Can,-0.5736,0.0194,19.9500,0.0013,0,ChildNeutralIdle+ChildNaturalWalk,0.1700,0.1526,0.000
37.110,facade_clear,Deniz,0.0000,0.0137,24.9426,0.0000,0,ChildNeutralIdle+ChildNaturalWalk,0.2750,0.2975,0.000
37.110,facade_clear,Can,-0.5736,0.0194,19.9500,0.0015,0,ChildNeutralIdle+ChildNaturalWalk,0.1698,0.1524,0.000
37.142,facade_clear,Deniz,0.0000,0.0137,24.9426,0.0000,0,ChildNeutralIdle+ChildNaturalWalk,0.2750,0.2978,0.000
37.142,facade_clear,Can,-0.5735,0.0194,19.9500,0.0017,0,ChildNeutralIdle+ChildNaturalWalk,0.1695,0.1522,0.000
37.175,facade_clear,Deniz,0.0000,0.0137,24.9426,0.0000,0,ChildNeutralIdle+ChildNaturalWalk,0.2751,0.2980,0.000
37.175,facade_clear,Can,-0.5735,0.0194,19.9500,0.0014,0,ChildNeutralIdle+ChildNaturalWalk,0.1693,0.1520,0.000
37.208,facade_clear,Deniz,0.0000,0.0137,24.9426,0.0000,0,ChildNeutralIdle+ChildNaturalWalk,0.2751,0.2983,0.000
37.208,facade_clear,Can,-0.5734,0.0194,19.9500,0.0013,0,ChildNeutralIdle+ChildNaturalWalk,0.1690,0.1518,0.000
37.243,facade_clear,Deniz,0.0000,0.0137,24.9426,0.0000,0,ChildNeutralIdle+ChildNaturalWalk,0.2752,0.2986,0.000
37.243,facade_clear,Can,-0.5734,0.0194,19.9500,0.0014,0,ChildNeutralIdle+ChildNaturalWalk,0.1687,0.1516,0.000
37.276,facade_clear,Deniz,0.0000,0.0137,24.9426,0.0000,0,ChildNeutralIdle+ChildNaturalWalk,0.2753,0.2988,0.000
37.276,facade_clear,Can,-0.5734,0.0194,19.9500,0.0013,0,ChildNeutralIdle+ChildNaturalWalk,0.1683,0.1514,0.000
37.309,facade_clear,Deniz,0.0000,0.0137,24.9426,0.0000,0,ChildNeutralIdle+ChildNaturalWalk,0.2755,0.2990,0.000
37.309,facade_clear,Can,-0.5733,0.0194,19.9500,0.0013,0,ChildNeutralIdle+ChildNaturalWalk,0.1680,0.1512,0.000
37.342,facade_clear,Deniz,0.0000,0.0137,24.9426,0.0000,0,ChildNeutralIdle+ChildNaturalWalk,0.2756,0.2993,0.000
37.342,facade_clear,Can,-0.5733,0.0194,19.9500,0.0014,0,ChildNeutralIdle+ChildNaturalWalk,0.1676,0.1510,0.000
37.375,facade_clear,Deniz,0.0000,0.0137,24.9426,0.0000,0,ChildNeutralIdle+ChildNaturalWalk,0.2757,0.2994,0.000
37.375,facade_clear,Can,-0.5732,0.0194,19.9500,0.0014,0,ChildNeutralIdle+ChildNaturalWalk,0.1672,0.1508,0.000
37.409,facade_clear,Deniz,0.0000,0.0137,24.9426,0.0000,0,ChildNeutralIdle+ChildNaturalWalk,0.2759,0.2996,0.000
37.409,facade_clear,Can,-0.5732,0.0194,19.9500,0.0013,0,ChildNeutralIdle+ChildNaturalWalk,0.1668,0.1507,0.000
37.442,facade_clear,Deniz,0.0000,0.0137,24.9426,0.0000,0,ChildNeutralIdle+ChildNaturalWalk,0.2761,0.2998,0.000
37.442,facade_clear,Can,-0.5731,0.0194,19.9500,0.0013,0,ChildNeutralIdle+ChildNaturalWalk,0.1664,0.1505,0.000
37.476,facade_clear,Deniz,0.0000,0.0137,24.9426,0.0000,0,ChildNeutralIdle+ChildNaturalWalk,0.2762,0.2999,0.000
37.476,facade_clear,Can,-0.5731,0.0194,19.9500,0.0013,0,ChildNeutralIdle+ChildNaturalWalk,0.1660,0.1504,0.000
37.509,facade_clear,Deniz,0.0000,0.0137,24.9426,0.0000,0,ChildNeutralIdle+ChildNaturalWalk,0.2764,0.3000,0.000
37.509,facade_clear,Can,-0.5731,0.0194,19.9500,0.0013,0,ChildNeutralIdle+ChildNaturalWalk,0.1656,0.1502,0.000
37.542,facade_clear,Deniz,0.0000,0.0137,24.9426,0.0000,0,ChildNeutralIdle+ChildNaturalWalk,0.2766,0.3001,0.000
37.542,facade_clear,Can,-0.5730,0.0194,19.9500,0.0013,0,ChildNeutralIdle+ChildNaturalWalk,0.1653,0.1501,0.000
37.575,facade_clear,Deniz,0.0000,0.0137,24.9426,0.0000,0,ChildNeutralIdle+ChildNaturalWalk,0.2768,0.3002,0.000
37.575,facade_clear,Can,-0.5730,0.0194,19.9500,0.0013,0,ChildNeutralIdle+ChildNaturalWalk,0.1649,0.1500,0.000
37.609,facade_clear,Deniz,0.0000,0.0137,24.9426,0.0000,0,ChildNeutralIdle+ChildNaturalWalk,0.2770,0.3003,0.000
37.609,facade_clear,Can,-0.5729,0.0194,19.9500,0.0013,0,ChildNeutralIdle+ChildNaturalWalk,0.1645,0.1500,0.000
37.642,facade_clear,Deniz,0.0000,0.0137,24.9426,0.0000,0,ChildNeutralIdle+ChildNaturalWalk,0.2772,0.3004,0.000
37.642,facade_clear,Can,-0.5729,0.0194,19.9500,0.0013,0,ChildNeutralIdle+ChildNaturalWalk,0.1642,0.1499,0.000
37.676,facade_clear,Deniz,0.0000,0.0137,24.9426,0.0000,0,ChildNeutralIdle+ChildNaturalWalk,0.2774,0.3005,0.000
37.676,facade_clear,Can,-0.5728,0.0194,19.9500,0.0013,0,ChildNeutralIdle+ChildNaturalWalk,0.1639,0.1499,0.000
37.709,facade_clear,Deniz,0.0000,0.0137,24.9426,0.0000,0,ChildNeutralIdle+ChildNaturalWalk,0.2776,0.3005,0.000
37.709,facade_clear,Can,-0.5728,0.0194,19.9500,0.0013,0,ChildNeutralIdle+ChildNaturalWalk,0.1636,0.1499,0.000
37.742,facade_clear,Deniz,0.0000,0.0137,24.9426,0.0000,0,ChildNeutralIdle+ChildNaturalWalk,0.2777,0.3005,0.000
37.742,facade_clear,Can,-0.5728,0.0194,19.9500,0.0013,0,ChildNeutralIdle+ChildNaturalWalk,0.1633,0.1499,0.000
37.777,facade_clear,Deniz,0.0000,0.0137,24.9426,0.0000,0,ChildNeutralIdle+ChildNaturalWalk,0.2779,0.3006,0.000
37.777,facade_clear,Can,-0.5727,0.0194,19.9500,0.0013,0,ChildNeutralIdle+ChildNaturalWalk,0.1630,0.1499,0.000
37.809,facade_clear,Deniz,0.0000,0.0137,24.9426,0.0000,0,ChildNeutralIdle+ChildNaturalWalk,0.2781,0.3006,0.000
37.809,facade_clear,Can,-0.5727,0.0194,19.9500,0.0013,0,ChildNeutralIdle+ChildNaturalWalk,0.1628,0.1500,0.000
37.842,facade_clear,Deniz,0.0000,0.0137,24.9426,0.0000,0,ChildNeutralIdle+ChildNaturalWalk,0.2783,0.3006,0.000
37.842,facade_clear,Can,-0.5726,0.0194,19.9500,0.0013,0,ChildNeutralIdle+ChildNaturalWalk,0.1626,0.1501,0.000
37.876,facade_clear,Deniz,0.0000,0.0137,24.9426,0.0000,0,ChildNeutralIdle+ChildNaturalWalk,0.2785,0.3005,0.000
37.876,facade_clear,Can,-0.5726,0.0194,19.9500,0.0013,0,ChildNeutralIdle+ChildNaturalWalk,0.1624,0.1502,0.000
37.909,facade_clear,Deniz,0.0000,0.0137,24.9426,0.0000,0,ChildNeutralIdle+ChildNaturalWalk,0.2786,0.3005,0.000
37.909,facade_clear,Can,-0.5725,0.0194,19.9500,0.0013,0,ChildNeutralIdle+ChildNaturalWalk,0.1623,0.1503,0.000
37.943,facade_clear,Deniz,0.0000,0.0137,24.9426,0.0000,0,ChildNeutralIdle+ChildNaturalWalk,0.2788,0.3005,0.000
37.943,facade_clear,Can,-0.5725,0.0194,19.9500,0.0013,0,ChildNeutralIdle+ChildNaturalWalk,0.1621,0.1505,0.000
37.975,facade_clear,Deniz,0.0000,0.0137,24.9426,0.0000,0,ChildNeutralIdle+ChildNaturalWalk,0.2789,0.3004,0.000
37.975,facade_clear,Can,-0.5725,0.0194,19.9500,0.0013,0,ChildNeutralIdle+ChildNaturalWalk,0.1621,0.1506,0.000
38.010,facade_clear,Deniz,0.0000,0.0137,24.9426,0.0000,0,ChildNeutralIdle+ChildNaturalWalk,0.2791,0.3003,0.000
38.010,facade_clear,Can,-0.5724,0.0194,19.9500,0.0013,0,ChildNeutralIdle+ChildNaturalWalk,0.1620,0.1508,0.000
38.042,facade_clear,Deniz,0.0000,0.0137,24.9426,0.0000,0,ChildNeutralIdle+ChildNaturalWalk,0.2792,0.3003,0.000
38.042,facade_clear,Can,-0.5724,0.0194,19.9500,0.0013,0,ChildNeutralIdle+ChildNaturalWalk,0.1620,0.1510,0.000
38.076,facade_clear,Deniz,0.0000,0.0137,24.9426,0.0000,0,ChildNeutralIdle+ChildNaturalWalk,0.2793,0.3001,0.000
38.076,facade_clear,Can,-0.5723,0.0194,19.9500,0.0013,0,ChildNeutralIdle+ChildNaturalWalk,0.1620,0.1512,0.000
38.109,facade_clear,Deniz,0.0000,0.0137,24.9426,0.0000,0,ChildNeutralIdle+ChildNaturalWalk,0.2795,0.3000,0.000
38.109,facade_clear,Can,-0.5723,0.0194,19.9500,0.0013,0,ChildNeutralIdle+ChildNaturalWalk,0.1621,0.1514,0.000
38.143,facade_clear,Deniz,0.0000,0.0137,24.9426,0.0000,0,ChildNeutralIdle+ChildNaturalWalk,0.2795,0.2999,0.000
38.143,facade_clear,Can,-0.5722,0.0194,19.9500,0.0013,0,ChildNeutralIdle+ChildNaturalWalk,0.1622,0.1516,0.000
38.176,facade_clear,Deniz,0.0000,0.0137,24.9426,0.0000,0,ChildNeutralIdle+ChildNaturalWalk,0.2796,0.2997,0.000
38.176,facade_clear,Can,-0.5722,0.0194,19.9500,0.0013,0,ChildNeutralIdle+ChildNaturalWalk,0.1623,0.1519,0.000
38.209,facade_clear,Deniz,0.0000,0.0137,24.9426,0.0000,0,ChildNeutralIdle+ChildNaturalWalk,0.2797,0.2996,0.000
38.209,facade_clear,Can,-0.5722,0.0194,19.9500,0.0013,0,ChildNeutralIdle+ChildNaturalWalk,0.1625,0.1521,0.000
38.242,facade_clear,Deniz,0.0000,0.0137,24.9426,0.0000,0,ChildNeutralIdle+ChildNaturalWalk,0.2797,0.2994,0.000
38.242,facade_clear,Can,-0.5721,0.0194,19.9500,0.0013,0,ChildNeutralIdle+ChildNaturalWalk,0.1627,0.1523,0.000
38.275,facade_clear,Deniz,0.0000,0.0137,24.9426,0.0000,0,ChildNeutralIdle+ChildNaturalWalk,0.2797,0.2992,0.000
38.275,facade_clear,Can,-0.5721,0.0194,19.9500,0.0013,0,ChildNeutralIdle+ChildNaturalWalk,0.1629,0.1525,0.000
38.309,facade_clear,Deniz,0.0000,0.0137,24.9426,0.0000,0,ChildNeutralIdle+ChildNaturalWalk,0.2797,0.2990,0.000
38.309,facade_clear,Can,-0.5720,0.0194,19.9500,0.0013,0,ChildNeutralIdle+ChildNaturalWalk,0.1631,0.1527,0.000
38.342,facade_clear,Deniz,0.0000,0.0137,24.9426,0.0000,0,ChildNeutralIdle+ChildNaturalWalk,0.2797,0.2988,0.000
38.342,facade_clear,Can,-0.5720,0.0194,19.9500,0.0013,0,ChildNeutralIdle+ChildNaturalWalk,0.1634,0.1529,0.000
38.376,facade_clear,Deniz,0.0000,0.0137,24.9426,0.0000,0,ChildNeutralIdle+ChildNaturalWalk,0.2796,0.2987,0.000
38.376,facade_clear,Can,-0.5719,0.0194,19.9500,0.0013,0,ChildNeutralIdle+ChildNaturalWalk,0.1637,0.1531,0.000
38.409,facade_clear,Deniz,0.0000,0.0137,24.9426,0.0000,0,ChildNeutralIdle+ChildNaturalWalk,0.2795,0.2985,0.000
38.409,facade_clear,Can,-0.5719,0.0194,19.9500,0.0013,0,ChildNeutralIdle+ChildNaturalWalk,0.1640,0.1533,0.000
38.442,facade_clear,Deniz,0.0000,0.0137,24.9426,0.0000,0,ChildNeutralIdle+ChildNaturalWalk,0.2794,0.2983,0.000
38.442,facade_clear,Can,-0.5719,0.0194,19.9500,0.0013,0,ChildNeutralIdle+ChildNaturalWalk,0.1644,0.1535,0.000
38.475,facade_clear,Deniz,0.0000,0.0137,24.9426,0.0000,0,ChildNeutralIdle+ChildNaturalWalk,0.2793,0.2982,0.000
38.475,facade_clear,Can,-0.5718,0.0194,19.9500,0.0013,0,ChildNeutralIdle+ChildNaturalWalk,0.1647,0.1536,0.000
38.509,facade_clear,Deniz,0.0000,0.0137,24.9426,0.0000,0,ChildNeutralIdle+ChildNaturalWalk,0.2791,0.2980,0.000
38.509,facade_clear,Can,-0.5718,0.0194,19.9500,0.0013,0,ChildNeutralIdle+ChildNaturalWalk,0.1651,0.1538,0.000
38.543,facade_clear,Deniz,0.0000,0.0137,24.9426,0.0000,0,ChildNeutralIdle+ChildNaturalWalk,0.2790,0.2978,0.000
38.543,facade_clear,Can,-0.5717,0.0194,19.9500,0.0013,0,ChildNeutralIdle+ChildNaturalWalk,0.1655,0.1540,0.000
38.576,facade_clear,Deniz,0.0000,0.0137,24.9426,0.0000,0,ChildNeutralIdle+ChildNaturalWalk,0.2788,0.2977,0.000
38.576,facade_clear,Can,-0.5717,0.0194,19.9500,0.0013,0,ChildNeutralIdle+ChildNaturalWalk,0.1659,0.1541,0.000
38.609,facade_clear,Deniz,0.0000,0.0137,24.9426,0.0000,0,ChildNeutralIdle+ChildNaturalWalk,0.2787,0.2975,0.000
38.609,facade_clear,Can,-0.5716,0.0194,19.9500,0.0013,0,ChildNeutralIdle+ChildNaturalWalk,0.1663,0.1543,0.000
38.642,facade_clear,Deniz,0.0000,0.0137,24.9426,0.0000,0,ChildNeutralIdle+ChildNaturalWalk,0.2785,0.2974,0.000
38.642,facade_clear,Can,-0.5716,0.0194,19.9500,0.0013,0,ChildNeutralIdle+ChildNaturalWalk,0.1667,0.1544,0.000
38.676,facade_clear,Deniz,0.0000,0.0137,24.9426,0.0000,0,ChildNeutralIdle+ChildNaturalWalk,0.2783,0.2973,0.000
38.676,facade_clear,Can,-0.5716,0.0194,19.9500,0.0013,0,ChildNeutralIdle+ChildNaturalWalk,0.1671,0.1545,0.000
38.709,facade_clear,Deniz,0.0000,0.0137,24.9426,0.0000,0,ChildNeutralIdle+ChildNaturalWalk,0.2781,0.2971,0.000
38.709,facade_clear,Can,-0.5715,0.0194,19.9500,0.0013,0,ChildNeutralIdle+ChildNaturalWalk,0.1675,0.1546,0.000
38.742,facade_clear,Deniz,0.0000,0.0137,24.9426,0.0000,0,ChildNeutralIdle+ChildNaturalWalk,0.2779,0.2970,0.000
38.742,facade_clear,Can,-0.5715,0.0194,19.9500,0.0013,0,ChildNeutralIdle+ChildNaturalWalk,0.1679,0.1547,0.000
38.778,facade_clear,Deniz,0.0000,0.0137,24.9426,0.0000,0,ChildNeutralIdle+ChildNaturalWalk,0.2776,0.2969,0.000
38.778,facade_clear,Can,-0.5714,0.0194,19.9500,0.0013,0,ChildNeutralIdle+ChildNaturalWalk,0.1683,0.1548,0.000
38.809,facade_clear,Deniz,0.0000,0.0137,24.9426,0.0000,0,ChildNeutralIdle+ChildNaturalWalk,0.2774,0.2968,0.000
38.809,facade_clear,Can,-0.5714,0.0194,19.9500,0.0013,0,ChildNeutralIdle+ChildNaturalWalk,0.1687,0.1549,0.000
38.843,facade_clear,Deniz,0.0000,0.0137,24.9426,0.0000,0,ChildNeutralIdle+ChildNaturalWalk,0.2772,0.2967,0.000
38.843,facade_clear,Can,-0.5713,0.0194,19.9500,0.0013,0,ChildNeutralIdle+ChildNaturalWalk,0.1690,0.1550,0.000
38.877,facade_clear,Deniz,0.0000,0.0137,24.9426,0.0000,0,ChildNeutralIdle+ChildNaturalWalk,0.2770,0.2967,0.000
38.877,facade_clear,Can,-0.5713,0.0194,19.9500,0.0013,0,ChildNeutralIdle+ChildNaturalWalk,0.1694,0.1550,0.000
38.909,facade_clear,Deniz,0.0000,0.0137,24.9426,0.0000,0,ChildNeutralIdle+ChildNaturalWalk,0.2768,0.2966,0.000
38.909,facade_clear,Can,-0.5713,0.0194,19.9500,0.0013,0,ChildNeutralIdle+ChildNaturalWalk,0.1697,0.1550,0.000
38.943,facade_clear,Deniz,0.0000,0.0137,24.9426,0.0000,0,ChildNeutralIdle+ChildNaturalWalk,0.2765,0.2966,0.000
38.943,facade_clear,Can,-0.5712,0.0194,19.9500,0.0013,0,ChildNeutralIdle+ChildNaturalWalk,0.1700,0.1550,0.000
38.976,facade_clear,Deniz,0.0000,0.0137,24.9426,0.0000,0,ChildNeutralIdle+ChildNaturalWalk,0.2763,0.2966,0.000
38.976,facade_clear,Can,-0.5712,0.0194,19.9500,0.0013,0,ChildNeutralIdle+ChildNaturalWalk,0.1703,0.1550,0.000
39.009,facade_clear,Deniz,0.0000,0.0137,24.9426,0.0000,0,ChildNeutralIdle+ChildNaturalWalk,0.2761,0.2966,0.000
39.009,facade_clear,Can,-0.5711,0.0194,19.9500,0.0013,0,ChildNeutralIdle+ChildNaturalWalk,0.1705,0.1550,0.000
39.042,facade_clear,Deniz,0.0000,0.0137,24.9426,0.0000,0,ChildNeutralIdle+ChildNaturalWalk,0.2759,0.2966,0.000
39.042,facade_clear,Can,-0.5711,0.0194,19.9500,0.0013,0,ChildNeutralIdle+ChildNaturalWalk,0.1707,0.1549,0.000
39.076,facade_clear,Deniz,0.0000,0.0137,24.9426,0.0000,0,ChildNeutralIdle+ChildNaturalWalk,0.2757,0.2966,0.000
39.076,facade_clear,Can,-0.5710,0.0194,19.9500,0.0013,0,ChildNeutralIdle+ChildNaturalWalk,0.1709,0.1548,0.000
39.109,facade_clear,Deniz,0.0000,0.0137,24.9426,0.0000,0,ChildNeutralIdle+ChildNaturalWalk,0.2755,0.2966,0.000
39.109,facade_clear,Can,-0.5710,0.0194,19.9500,0.0013,0,ChildNeutralIdle+ChildNaturalWalk,0.1710,0.1547,0.000
39.142,facade_clear,Deniz,0.0000,0.0137,24.9426,0.0000,0,ChildNeutralIdle+ChildNaturalWalk,0.2754,0.2966,0.000
39.142,facade_clear,Can,-0.5710,0.0194,19.9500,0.0013,0,ChildNeutralIdle+ChildNaturalWalk,0.1711,0.1546,0.000
39.175,facade_clear,Deniz,0.0000,0.0137,24.9426,0.0000,0,ChildNeutralIdle+ChildNaturalWalk,0.2752,0.2967,0.000
39.175,facade_clear,Can,-0.5709,0.0194,19.9500,0.0013,0,ChildNeutralIdle+ChildNaturalWalk,0.1712,0.1545,0.000
39.209,facade_clear,Deniz,0.0000,0.0137,24.9426,0.0000,0,ChildNeutralIdle+ChildNaturalWalk,0.2751,0.2967,0.000
39.209,facade_clear,Can,-0.5709,0.0194,19.9500,0.0013,0,ChildNeutralIdle+ChildNaturalWalk,0.1712,0.1544,0.000
39.242,facade_clear,Deniz,0.0000,0.0137,24.9426,0.0000,0,ChildNeutralIdle+ChildNaturalWalk,0.2749,0.2968,0.000
39.242,facade_clear,Can,-0.5708,0.0194,19.9500,0.0013,0,ChildNeutralIdle+ChildNaturalWalk,0.1712,0.1542,0.000
39.276,facade_clear,Deniz,0.0000,0.0137,24.9426,0.0000,0,ChildNeutralIdle+ChildNaturalWalk,0.2748,0.2969,0.000
39.276,facade_clear,Can,-0.5708,0.0194,19.9500,0.0013,0,ChildNeutralIdle+ChildNaturalWalk,0.1712,0.1541,0.000
39.309,facade_clear,Deniz,0.0000,0.0137,24.9426,0.0000,0,ChildNeutralIdle+ChildNaturalWalk,0.2747,0.2970,0.000
39.309,facade_clear,Can,-0.5707,0.0194,19.9500,0.0013,0,ChildNeutralIdle+ChildNaturalWalk,0.1711,0.1539,0.000
39.343,facade_clear,Deniz,0.0000,0.0137,24.9426,0.0000,0,ChildNeutralIdle+ChildNaturalWalk,0.2746,0.2972,0.000
39.343,facade_clear,Can,-0.5707,0.0194,19.9500,0.0013,0,ChildNeutralIdle+ChildNaturalWalk,0.1710,0.1537,0.000
39.376,facade_clear,Deniz,0.0000,0.0137,24.9426,0.0000,0,ChildNeutralIdle+ChildNaturalWalk,0.2745,0.2973,0.000
39.376,facade_clear,Can,-0.5707,0.0194,19.9500,0.0013,0,ChildNeutralIdle+ChildNaturalWalk,0.1709,0.1536,0.000
39.409,facade_clear,Deniz,0.0000,0.0137,24.9426,0.0000,0,ChildNeutralIdle+ChildNaturalWalk,0.2745,0.2975,0.000
39.409,facade_clear,Can,-0.5706,0.0194,19.9500,0.0013,0,ChildNeutralIdle+ChildNaturalWalk,0.1708,0.1534,0.000
39.443,facade_clear,Deniz,0.0000,0.0137,24.9426,0.0000,0,ChildNeutralIdle+ChildNaturalWalk,0.2746,0.2977,0.000
39.443,facade_clear,Can,-0.5706,0.0194,19.9500,0.0013,0,ChildNeutralIdle+ChildNaturalWalk,0.1706,0.1532,0.000
39.480,facade_clear,Deniz,0.0000,0.0137,24.9426,0.0000,0,ChildNeutralIdle+ChildNaturalWalk,0.2746,0.2979,0.000
39.480,facade_clear,Can,-0.5705,0.0194,19.9500,0.0013,0,ChildNeutralIdle+ChildNaturalWalk,0.1704,0.1530,0.000
39.513,facade_clear,Deniz,0.0000,0.0137,24.9426,0.0000,0,ChildNeutralIdle+ChildNaturalWalk,0.2747,0.2981,0.000
39.513,facade_clear,Can,-0.5705,0.0194,19.9500,0.0013,0,ChildNeutralIdle+ChildNaturalWalk,0.1701,0.1528,0.000
39.547,facade_clear,Deniz,0.0000,0.0137,24.9426,0.0000,0,ChildNeutralIdle+ChildNaturalWalk,0.2748,0.2982,0.000
39.547,facade_clear,Can,-0.5705,0.0194,19.9500,0.0013,0,ChildNeutralIdle+ChildNaturalWalk,0.1699,0.1526,0.000
39.582,facade_clear,Deniz,0.0000,0.0137,24.9426,0.0000,0,ChildNeutralIdle+ChildNaturalWalk,0.2748,0.2984,0.000
39.582,facade_clear,Can,-0.5704,0.0194,19.9500,0.0013,0,ChildNeutralIdle+ChildNaturalWalk,0.1696,0.1524,0.000
39.614,facade_clear,Deniz,0.0000,0.0137,24.9426,0.0000,0,ChildNeutralIdle+ChildNaturalWalk,0.2749,0.2986,0.000
39.614,facade_clear,Can,-0.5704,0.0194,19.9500,0.0013,0,ChildNeutralIdle+ChildNaturalWalk,0.1692,0.1522,0.000
39.648,facade_clear,Deniz,0.0000,0.0137,24.9426,0.0000,0,ChildNeutralIdle+ChildNaturalWalk,0.2751,0.2988,0.000
39.648,facade_clear,Can,-0.5703,0.0194,19.9500,0.0013,0,ChildNeutralIdle+ChildNaturalWalk,0.1689,0.1520,0.000
39.680,facade_clear,Deniz,0.0000,0.0137,24.9426,0.0000,0,ChildNeutralIdle+ChildNaturalWalk,0.2752,0.2990,0.000
39.680,facade_clear,Can,-0.5703,0.0194,19.9500,0.0013,0,ChildNeutralIdle+ChildNaturalWalk,0.1685,0.1518,0.000
39.716,facade_clear,Deniz,0.0000,0.0137,24.9426,0.0000,0,ChildNeutralIdle+ChildNaturalWalk,0.2753,0.2991,0.000
39.716,facade_clear,Can,-0.5702,0.0194,19.9500,0.0013,0,ChildNeutralIdle+ChildNaturalWalk,0.1681,0.1517,0.000
39.747,facade_clear,Deniz,0.0000,0.0137,24.9426,0.0000,0,ChildNeutralIdle+ChildNaturalWalk,0.2755,0.2993,0.000
39.747,facade_clear,Can,-0.5702,0.0194,19.9500,0.0013,0,ChildNeutralIdle+ChildNaturalWalk,0.1677,0.1515,0.000
39.780,facade_clear,Deniz,0.0000,0.0137,24.9426,0.0000,0,ChildNeutralIdle+ChildNaturalWalk,0.2756,0.2994,0.000
39.780,facade_clear,Can,-0.5702,0.0194,19.9500,0.0013,0,ChildNeutralIdle+ChildNaturalWalk,0.1673,0.1513,0.000
39.818,facade_clear,Deniz,0.0000,0.0137,24.9426,0.0000,0,ChildNeutralIdle+ChildNaturalWalk,0.2758,0.2996,0.000
39.818,facade_clear,Can,-0.5701,0.0194,19.9500,0.0013,0,ChildNeutralIdle+ChildNaturalWalk,0.1669,0.1511,0.000
39.847,facade_clear,Deniz,0.0000,0.0137,24.9426,0.0000,0,ChildNeutralIdle+ChildNaturalWalk,0.2760,0.2997,0.000
39.847,facade_clear,Can,-0.5701,0.0194,19.9500,0.0013,0,ChildNeutralIdle+ChildNaturalWalk,0.1665,0.1510,0.000
39.883,facade_clear,Deniz,0.0000,0.0137,24.9426,0.0000,0,ChildNeutralIdle+ChildNaturalWalk,0.2762,0.2999,0.000
39.883,facade_clear,Can,-0.5700,0.0194,19.9500,0.0013,0,ChildNeutralIdle+ChildNaturalWalk,0.1661,0.1509,0.000
39.914,facade_clear,Deniz,0.0000,0.0137,24.9426,0.0000,0,ChildNeutralIdle+ChildNaturalWalk,0.2764,0.3000,0.000
39.914,facade_clear,Can,-0.5700,0.0194,19.9500,0.0013,0,ChildNeutralIdle+ChildNaturalWalk,0.1656,0.1507,0.000
39.947,facade_clear,Deniz,0.0000,0.0137,24.9426,0.0000,0,ChildNeutralIdle+ChildNaturalWalk,0.2766,0.3001,0.000
39.947,facade_clear,Can,-0.5699,0.0194,19.9500,0.0013,0,ChildNeutralIdle+ChildNaturalWalk,0.1652,0.1506,0.000
39.981,facade_clear,Deniz,0.0000,0.0137,24.9426,0.0000,0,ChildNeutralIdle+ChildNaturalWalk,0.2768,0.3002,0.000
39.981,facade_clear,Can,-0.5699,0.0194,19.9500,0.0013,0,ChildNeutralIdle+ChildNaturalWalk,0.1648,0.1505,0.000
40.014,facade_clear,Deniz,0.0000,0.0137,24.9426,0.0000,0,ChildNeutralIdle+ChildNaturalWalk,0.2770,0.3003,0.000
40.014,facade_clear,Can,-0.5699,0.0194,19.9500,0.0013,0,ChildNeutralIdle+ChildNaturalWalk,0.1644,0.1504,0.000
40.048,facade_clear,Deniz,0.0000,0.0137,24.9426,0.0000,0,ChildNeutralIdle+ChildNaturalWalk,0.2772,0.3004,0.000
40.048,facade_clear,Can,-0.5698,0.0194,19.9500,0.0013,0,ChildNeutralIdle+ChildNaturalWalk,0.1641,0.1504,0.000
40.080,facade_clear,Deniz,0.0000,0.0137,24.9426,0.0000,0,ChildNeutralIdle+ChildNaturalWalk,0.2774,0.3004,0.000
40.080,facade_clear,Can,-0.5698,0.0194,19.9500,0.0013,0,ChildNeutralIdle+ChildNaturalWalk,0.1637,0.1503,0.000
40.113,facade_clear,Deniz,0.0000,0.0137,24.9426,0.0000,0,ChildNeutralIdle+ChildNaturalWalk,0.2776,0.3005,0.000
40.113,facade_clear,Can,-0.5697,0.0194,19.9500,0.0013,0,ChildNeutralIdle+ChildNaturalWalk,0.1634,0.1503,0.000
40.147,facade_clear,Deniz,0.0000,0.0137,24.9426,0.0000,0,ChildNeutralIdle+ChildNaturalWalk,0.2778,0.3005,0.000
40.147,facade_clear,Can,-0.5697,0.0194,19.9500,0.0013,0,ChildNeutralIdle+ChildNaturalWalk,0.1630,0.1503,0.000
40.181,facade_clear,Deniz,0.0000,0.0137,24.9426,0.0000,0,ChildNeutralIdle+ChildNaturalWalk,0.2780,0.3005,0.000
40.181,facade_clear,Can,-0.5696,0.0194,19.9500,0.0013,0,ChildNeutralIdle+ChildNaturalWalk,0.1628,0.1504,0.000
40.214,facade_clear,Deniz,0.0000,0.0137,24.9426,0.0000,0,ChildNeutralIdle+ChildNaturalWalk,0.2782,0.3005,0.000
40.214,facade_clear,Can,-0.5696,0.0194,19.9500,0.0013,0,ChildNeutralIdle+ChildNaturalWalk,0.1626,0.1505,0.000
40.247,facade_clear,Deniz,0.0000,0.0137,24.9426,0.0000,0,ChildNeutralIdle+ChildNaturalWalk,0.2784,0.3005,0.000
40.247,facade_clear,Can,-0.5696,0.0194,19.9500,0.0013,0,ChildNeutralIdle+ChildNaturalWalk,0.1624,0.1506,0.000
40.280,facade_clear,Deniz,0.0000,0.0137,24.9426,0.0000,0,ChildNeutralIdle+ChildNaturalWalk,0.2786,0.3005,0.000
40.280,facade_clear,Can,-0.5695,0.0194,19.9500,0.0013,0,ChildNeutralIdle+ChildNaturalWalk,0.1623,0.1507,0.000
40.313,facade_clear,Deniz,0.0000,0.0137,24.9426,0.0000,0,ChildNeutralIdle+ChildNaturalWalk,0.2788,0.3004,0.000
40.313,facade_clear,Can,-0.5695,0.0194,19.9500,0.0013,0,ChildNeutralIdle+ChildNaturalWalk,0.1622,0.1509,0.000
40.347,facade_clear,Deniz,0.0000,0.0137,24.9426,0.0000,0,ChildNeutralIdle+ChildNaturalWalk,0.2789,0.3004,0.000
40.347,facade_clear,Can,-0.5694,0.0194,19.9500,0.0013,0,ChildNeutralIdle+ChildNaturalWalk,0.1621,0.1510,0.000
40.381,facade_clear,Deniz,0.0000,0.0137,24.9426,0.0000,0,ChildNeutralIdle+ChildNaturalWalk,0.2791,0.3003,0.000
40.381,facade_clear,Can,-0.5694,0.0194,19.9500,0.0013,0,ChildNeutralIdle+ChildNaturalWalk,0.1621,0.1512,0.000
40.414,facade_clear,Deniz,0.0000,0.0137,24.9426,0.0000,0,ChildNeutralIdle+ChildNaturalWalk,0.2793,0.3002,0.000
40.414,facade_clear,Can,-0.5693,0.0194,19.9500,0.0013,0,ChildNeutralIdle+ChildNaturalWalk,0.1620,0.1514,0.000
40.446,facade_clear,Deniz,0.0000,0.0137,24.9426,0.0000,0,ChildNeutralIdle+ChildNaturalWalk,0.2794,0.3002,0.000
40.446,facade_clear,Can,-0.5693,0.0194,19.9500,0.0013,0,ChildNeutralIdle+ChildNaturalWalk,0.1620,0.1516,0.000
40.480,facade_clear,Deniz,0.0000,0.0137,24.9426,0.0000,0,ChildNeutralIdle+ChildNaturalWalk,0.2795,0.3001,0.000
40.480,facade_clear,Can,-0.5693,0.0194,19.9500,0.0013,0,ChildNeutralIdle+ChildNaturalWalk,0.1621,0.1518,0.000
40.514,facade_clear,Deniz,0.0000,0.0137,24.9426,0.0000,0,ChildNeutralIdle+ChildNaturalWalk,0.2796,0.3000,0.000
40.514,facade_clear,Can,-0.5692,0.0194,19.9500,0.0013,0,ChildNeutralIdle+ChildNaturalWalk,0.1621,0.1520,0.000
40.547,facade_clear,Deniz,0.0000,0.0137,24.9426,0.0000,0,ChildNeutralIdle+ChildNaturalWalk,0.2797,0.2999,0.000
40.547,facade_clear,Can,-0.5692,0.0194,19.9500,0.0013,0,ChildNeutralIdle+ChildNaturalWalk,0.1622,0.1522,0.000
40.580,facade_clear,Deniz,0.0000,0.0137,24.9426,0.0000,0,ChildNeutralIdle+ChildNaturalWalk,0.2798,0.2998,0.000
40.580,facade_clear,Can,-0.5691,0.0194,19.9500,0.0013,0,ChildNeutralIdle+ChildNaturalWalk,0.1624,0.1524,0.000
40.613,facade_clear,Deniz,0.0000,0.0137,24.9426,0.0000,0,ChildNeutralIdle+ChildNaturalWalk,0.2798,0.2997,0.000
40.613,facade_clear,Can,-0.5691,0.0194,19.9500,0.0013,0,ChildNeutralIdle+ChildNaturalWalk,0.1625,0.1526,0.000
40.647,facade_clear,Deniz,0.0000,0.0137,24.9426,0.0000,0,ChildNeutralIdle+ChildNaturalWalk,0.2798,0.2996,0.000
40.647,facade_clear,Can,-0.5690,0.0194,19.9500,0.0013,0,ChildNeutralIdle+ChildNaturalWalk,0.1627,0.1528,0.000
40.681,facade_clear,Deniz,0.0000,0.0137,24.9426,0.0000,0,ChildNeutralIdle+ChildNaturalWalk,0.2798,0.2994,0.000
40.681,facade_clear,Can,-0.5690,0.0194,19.9500,0.0013,0,ChildNeutralIdle+ChildNaturalWalk,0.1629,0.1530,0.000
40.713,facade_clear,Deniz,0.0000,0.0137,24.9426,0.0000,0,ChildNeutralIdle+ChildNaturalWalk,0.2798,0.2992,0.000
40.713,facade_clear,Can,-0.5690,0.0194,19.9500,0.0013,0,ChildNeutralIdle+ChildNaturalWalk,0.1632,0.1532,0.000
40.747,facade_clear,Deniz,0.0000,0.0137,24.9426,0.0000,0,ChildNeutralIdle+ChildNaturalWalk,0.2798,0.2990,0.000
40.747,facade_clear,Can,-0.5689,0.0194,19.9500,0.0013,0,ChildNeutralIdle+ChildNaturalWalk,0.1635,0.1534,0.000
40.780,facade_clear,Deniz,0.0000,0.0137,24.9426,0.0000,0,ChildNeutralIdle+ChildNaturalWalk,0.2797,0.2989,0.000
40.780,facade_clear,Can,-0.5689,0.0194,19.9500,0.0013,0,ChildNeutralIdle+ChildNaturalWalk,0.1638,0.1536,0.000
40.814,facade_clear,Deniz,0.0000,0.0137,24.9426,0.0000,0,ChildNeutralIdle+ChildNaturalWalk,0.2796,0.2987,0.000
40.814,facade_clear,Can,-0.5688,0.0194,19.9500,0.0013,0,ChildNeutralIdle+ChildNaturalWalk,0.1641,0.1538,0.000
40.847,facade_clear,Deniz,0.0000,0.0137,24.9426,0.0000,0,ChildNeutralIdle+ChildNaturalWalk,0.2795,0.2985,0.000
40.847,facade_clear,Can,-0.5688,0.0194,19.9500,0.0013,0,ChildNeutralIdle+ChildNaturalWalk,0.1644,0.1540,0.000
40.882,facade_clear,Deniz,0.0000,0.0137,24.9426,0.0000,0,ChildNeutralIdle+ChildNaturalWalk,0.2793,0.2982,0.000
40.882,facade_clear,Can,-0.5688,0.0194,19.9500,0.0013,0,ChildNeutralIdle+ChildNaturalWalk,0.1648,0.1541,0.000
40.914,facade_clear,Deniz,0.0000,0.0137,24.9426,0.0000,0,ChildNeutralIdle+ChildNaturalWalk,0.2792,0.2980,0.000
40.914,facade_clear,Can,-0.5687,0.0194,19.9500,0.0013,0,ChildNeutralIdle+ChildNaturalWalk,0.1651,0.1543,0.000
40.947,facade_clear,Deniz,0.0000,0.0137,24.9426,0.0000,0,ChildNeutralIdle+ChildNaturalWalk,0.2791,0.2978,0.000
40.947,facade_clear,Can,-0.5687,0.0194,19.9500,0.0013,0,ChildNeutralIdle+ChildNaturalWalk,0.1655,0.1544,0.000
40.980,facade_clear,Deniz,0.0000,0.0137,24.9426,0.0000,0,ChildNeutralIdle+ChildNaturalWalk,0.2789,0.2976,0.000
40.980,facade_clear,Can,-0.5686,0.0194,19.9500,0.0013,0,ChildNeutralIdle+ChildNaturalWalk,0.1659,0.1546,0.000
41.014,facade_clear,Deniz,0.0000,0.0137,24.9426,0.0000,0,ChildNeutralIdle+ChildNaturalWalk,0.2787,0.2974,0.000
41.014,facade_clear,Can,-0.5686,0.0194,19.9500,0.0013,0,ChildNeutralIdle+ChildNaturalWalk,0.1663,0.1547,0.000
41.047,facade_clear,Deniz,0.0000,0.0137,24.9426,0.0000,0,ChildNeutralIdle+ChildNaturalWalk,0.2785,0.2972,0.000
41.047,facade_clear,Can,-0.5685,0.0194,19.9500,0.0013,0,ChildNeutralIdle+ChildNaturalWalk,0.1667,0.1548,0.000
41.080,facade_clear,Deniz,0.0000,0.0137,24.9426,0.0000,0,ChildNeutralIdle+ChildNaturalWalk,0.2784,0.2971,0.000
41.080,facade_clear,Can,-0.5685,0.0194,19.9500,0.0013,0,ChildNeutralIdle+ChildNaturalWalk,0.1671,0.1549,0.000
41.113,facade_clear,Deniz,0.0000,0.0137,24.9426,0.0000,0,ChildNeutralIdle+ChildNaturalWalk,0.2782,0.2969,0.000
41.113,facade_clear,Can,-0.5685,0.0194,19.9500,0.0013,0,ChildNeutralIdle+ChildNaturalWalk,0.1675,0.1550,0.000
41.147,facade_clear,Deniz,0.0000,0.0137,24.9426,0.0000,0,ChildNeutralIdle+ChildNaturalWalk,0.2780,0.2967,0.000
41.147,facade_clear,Can,-0.5684,0.0194,19.9500,0.0013,0,ChildNeutralIdle+ChildNaturalWalk,0.1679,0.1551,0.000
41.181,facade_clear,Deniz,0.0000,0.0137,24.9426,0.0000,0,ChildNeutralIdle+ChildNaturalWalk,0.2778,0.2966,0.000
41.181,facade_clear,Can,-0.5684,0.0194,19.9500,0.0013,0,ChildNeutralIdle+ChildNaturalWalk,0.1683,0.1551,0.000
41.214,facade_clear,Deniz,0.0000,0.0137,24.9426,0.0000,0,ChildNeutralIdle+ChildNaturalWalk,0.2776,0.2965,0.000
41.214,facade_clear,Can,-0.5683,0.0194,19.9500,0.0013,0,ChildNeutralIdle+ChildNaturalWalk,0.1686,0.1552,0.000
41.247,facade_clear,Deniz,0.0000,0.0137,24.9426,0.0000,0,ChildNeutralIdle+ChildNaturalWalk,0.2774,0.2963,0.000
41.247,facade_clear,Can,-0.5683,0.0194,19.9500,0.0013,0,ChildNeutralIdle+ChildNaturalWalk,0.1690,0.1552,0.000
41.281,facade_clear,Deniz,0.0000,0.0137,24.9426,0.0000,0,ChildNeutralIdle+ChildNaturalWalk,0.2772,0.2963,0.000
41.281,facade_clear,Can,-0.5682,0.0194,19.9500,0.0013,0,ChildNeutralIdle+ChildNaturalWalk,0.1693,0.1552,0.000
41.314,facade_clear,Deniz,0.0000,0.0137,24.9426,0.0000,0,ChildNeutralIdle+ChildNaturalWalk,0.2770,0.2962,0.000
41.314,facade_clear,Can,-0.5682,0.0194,19.9500,0.0013,0,ChildNeutralIdle+ChildNaturalWalk,0.1696,0.1552,0.000
41.349,facade_clear,Deniz,0.0000,0.0137,24.9426,0.0000,0,ChildNeutralIdle+ChildNaturalWalk,0.2768,0.2961,0.000
41.349,facade_clear,Can,-0.5682,0.0194,19.9500,0.0013,0,ChildNeutralIdle+ChildNaturalWalk,0.1699,0.1551,0.000
41.381,facade_clear,Deniz,0.0000,0.0137,24.9426,0.0000,0,ChildNeutralIdle+ChildNaturalWalk,0.2766,0.2961,0.000
41.381,facade_clear,Can,-0.5681,0.0194,19.9500,0.0013,0,ChildNeutralIdle+ChildNaturalWalk,0.1701,0.1551,0.000
41.414,facade_clear,Deniz,0.0000,0.0137,24.9426,0.0000,0,ChildNeutralIdle+ChildNaturalWalk,0.2764,0.2961,0.000
41.414,facade_clear,Can,-0.5681,0.0194,19.9500,0.0013,0,ChildNeutralIdle+ChildNaturalWalk,0.1704,0.1550,0.000
41.447,facade_clear,Deniz,0.0000,0.0137,24.9426,0.0000,0,ChildNeutralIdle+ChildNaturalWalk,0.2762,0.2960,0.000
41.447,facade_clear,Can,-0.5680,0.0194,19.9500,0.0013,0,ChildNeutralIdle+ChildNaturalWalk,0.1705,0.1549,0.000
41.481,facade_clear,Deniz,0.0000,0.0137,24.9426,0.0000,0,ChildNeutralIdle+ChildNaturalWalk,0.2761,0.2960,0.000
41.481,facade_clear,Can,-0.5680,0.0194,19.9500,0.0013,0,ChildNeutralIdle+ChildNaturalWalk,0.1707,0.1548,0.000
41.514,facade_clear,Deniz,0.0000,0.0137,24.9426,0.0000,0,ChildNeutralIdle+ChildNaturalWalk,0.2759,0.2960,0.000
41.514,facade_clear,Can,-0.5679,0.0194,19.9500,0.0013,0,ChildNeutralIdle+ChildNaturalWalk,0.1708,0.1547,0.000
41.547,facade_clear,Deniz,0.0000,0.0137,24.9426,0.0000,0,ChildNeutralIdle+ChildNaturalWalk,0.2758,0.2960,0.000
41.547,facade_clear,Can,-0.5679,0.0194,19.9500,0.0013,0,ChildNeutralIdle+ChildNaturalWalk,0.1709,0.1545,0.000
41.580,facade_clear,Deniz,0.0000,0.0137,24.9426,0.0000,0,ChildNeutralIdle+ChildNaturalWalk,0.2756,0.2961,0.000
41.580,facade_clear,Can,-0.5679,0.0194,19.9500,0.0013,0,ChildNeutralIdle+ChildNaturalWalk,0.1709,0.1544,0.000
41.613,facade_clear,Deniz,0.0000,0.0137,24.9426,0.0000,0,ChildNeutralIdle+ChildNaturalWalk,0.2755,0.2961,0.000
41.613,facade_clear,Can,-0.5678,0.0194,19.9500,0.0013,0,ChildNeutralIdle+ChildNaturalWalk,0.1709,0.1542,0.000
41.647,facade_clear,Deniz,0.0000,0.0137,24.9426,0.0000,0,ChildNeutralIdle+ChildNaturalWalk,0.2754,0.2962,0.000
41.647,facade_clear,Can,-0.5678,0.0194,19.9500,0.0013,0,ChildNeutralIdle+ChildNaturalWalk,0.1709,0.1540,0.000
41.681,facade_clear,Deniz,0.0000,0.0137,24.9426,0.0000,0,ChildNeutralIdle+ChildNaturalWalk,0.2753,0.2963,0.000
41.681,facade_clear,Can,-0.5677,0.0194,19.9500,0.0013,0,ChildNeutralIdle+ChildNaturalWalk,0.1709,0.1538,0.000
41.713,facade_clear,Deniz,0.0000,0.0137,24.9426,0.0000,0,ChildNeutralIdle+ChildNaturalWalk,0.2752,0.2964,0.000
41.713,facade_clear,Can,-0.5677,0.0194,19.9500,0.0013,0,ChildNeutralIdle+ChildNaturalWalk,0.1708,0.1536,0.000
41.747,facade_clear,Deniz,0.0000,0.0137,24.9426,0.0000,0,ChildNeutralIdle+ChildNaturalWalk,0.2751,0.2965,0.000
41.747,facade_clear,Can,-0.5677,0.0194,19.9500,0.0013,0,ChildNeutralIdle+ChildNaturalWalk,0.1707,0.1535,0.000
41.781,facade_clear,Deniz,0.0000,0.0137,24.9426,0.0000,0,ChildNeutralIdle+ChildNaturalWalk,0.2751,0.2967,0.000
41.781,facade_clear,Can,-0.5676,0.0194,19.9500,0.0013,0,ChildNeutralIdle+ChildNaturalWalk,0.1706,0.1533,0.000
41.814,facade_clear,Deniz,0.0000,0.0137,24.9426,0.0000,0,ChildNeutralIdle+ChildNaturalWalk,0.2750,0.2968,0.000
41.814,facade_clear,Can,-0.5676,0.0194,19.9500,0.0013,0,ChildNeutralIdle+ChildNaturalWalk,0.1704,0.1530,0.000
41.847,facade_clear,Deniz,0.0000,0.0137,24.9426,0.0000,0,ChildNeutralIdle+ChildNaturalWalk,0.2750,0.2970,0.000
41.847,facade_clear,Can,-0.5675,0.0194,19.9500,0.0013,0,ChildNeutralIdle+ChildNaturalWalk,0.1703,0.1528,0.000
41.881,facade_clear,Deniz,0.0000,0.0137,24.9426,0.0000,0,ChildNeutralIdle+ChildNaturalWalk,0.2750,0.2972,0.000
41.881,facade_clear,Can,-0.5675,0.0194,19.9500,0.0013,0,ChildNeutralIdle+ChildNaturalWalk,0.1701,0.1526,0.000
41.914,street,Deniz,0.0000,0.0137,24.9426,0.0000,0,ChildNeutralIdle+ChildNaturalWalk,0.2750,0.2975,0.000
41.914,street,Can,-0.5674,0.0194,19.9500,0.0013,0,ChildNeutralIdle+ChildNaturalWalk,0.1698,0.1524,0.000
41.947,street,Deniz,0.0000,0.0137,24.9426,0.0000,0,ChildNeutralIdle+ChildNaturalWalk,0.2750,0.2977,0.000
41.947,street,Can,-0.5674,0.0194,19.9500,0.0013,0,ChildNeutralIdle+ChildNaturalWalk,0.1696,0.1522,0.000
41.980,street,Deniz,0.0000,0.0137,24.9426,0.0000,0,ChildNeutralIdle+ChildNaturalWalk,0.2750,0.2980,0.000
41.980,street,Can,-0.5674,0.0194,19.9500,0.0013,0,ChildNeutralIdle+ChildNaturalWalk,0.1693,0.1520,0.000
42.014,street,Deniz,0.0000,0.0137,24.9426,0.0000,0,ChildNeutralIdle+ChildNaturalWalk,0.2751,0.2983,0.000
42.014,street,Can,-0.5673,0.0194,19.9500,0.0013,0,ChildNeutralIdle+ChildNaturalWalk,0.1690,0.1518,0.000
42.047,street,Deniz,0.0000,0.0137,24.9426,0.0000,0,ChildNeutralIdle+ChildNaturalWalk,0.2752,0.2985,0.000
42.047,street,Can,-0.5673,0.0194,19.9500,0.0013,0,ChildNeutralIdle+ChildNaturalWalk,0.1687,0.1516,0.000
42.079,street,Deniz,0.0000,0.0137,24.9426,0.0000,0,ChildNeutralIdle+ChildNaturalWalk,0.2753,0.2988,0.000
42.079,street,Can,-0.5672,0.0194,19.9500,0.0013,0,ChildNeutralIdle+ChildNaturalWalk,0.1684,0.1514,0.000
42.114,street,Deniz,0.0000,0.0137,24.9426,0.0000,0,ChildNeutralIdle+ChildNaturalWalk,0.2754,0.2990,0.000
42.114,street,Can,-0.5672,0.0194,19.9500,0.0013,0,ChildNeutralIdle+ChildNaturalWalk,0.1680,0.1512,0.000
42.147,street,Deniz,0.0000,0.0137,24.9426,0.0000,0,ChildNeutralIdle+ChildNaturalWalk,0.2756,0.2992,0.000
42.147,street,Can,-0.5671,0.0194,19.9500,0.0013,0,ChildNeutralIdle+ChildNaturalWalk,0.1676,0.1510,0.000
42.181,street,Deniz,0.0000,0.0137,24.9426,0.0000,0,ChildNeutralIdle+ChildNaturalWalk,0.2757,0.2994,0.000
42.181,street,Can,-0.5671,0.0194,19.9500,0.0013,0,ChildNeutralIdle+ChildNaturalWalk,0.1672,0.1508,0.000
42.214,street,Deniz,0.0000,0.0137,24.9426,0.0000,0,ChildNeutralIdle+ChildNaturalWalk,0.2759,0.2996,0.000
42.214,street,Can,-0.5671,0.0194,19.9500,0.0013,0,ChildNeutralIdle+ChildNaturalWalk,0.1669,0.1507,0.000
42.247,street,Deniz,0.0000,0.0137,24.9426,0.0000,0,ChildNeutralIdle+ChildNaturalWalk,0.2760,0.2997,0.000
42.247,street,Can,-0.5670,0.0194,19.9500,0.0013,0,ChildNeutralIdle+ChildNaturalWalk,0.1665,0.1505,0.000
42.281,street,Deniz,0.0000,0.0137,24.9426,0.0000,0,ChildNeutralIdle+ChildNaturalWalk,0.2762,0.2999,0.000
42.281,street,Can,-0.5670,0.0194,19.9500,0.0013,0,ChildNeutralIdle+ChildNaturalWalk,0.1661,0.1504,0.000
42.314,street,Deniz,0.0000,0.0137,24.9426,0.0000,0,ChildNeutralIdle+ChildNaturalWalk,0.2764,0.3000,0.000
42.314,street,Can,-0.5669,0.0194,19.9500,0.0013,0,ChildNeutralIdle+ChildNaturalWalk,0.1657,0.1502,0.000
42.347,street,Deniz,0.0000,0.0137,24.9426,0.0000,0,ChildNeutralIdle+ChildNaturalWalk,0.2766,0.3001,0.000
42.347,street,Can,-0.5669,0.0194,19.9500,0.0013,0,ChildNeutralIdle+ChildNaturalWalk,0.1653,0.1501,0.000
42.380,street,Deniz,0.0000,0.0137,24.9426,0.0000,0,ChildNeutralIdle+ChildNaturalWalk,0.2767,0.3002,0.000
42.380,street,Can,-0.5668,0.0194,19.9500,0.0013,0,ChildNeutralIdle+ChildNaturalWalk,0.1649,0.1500,0.000
42.413,street,Deniz,0.0000,0.0137,24.9426,0.0000,0,ChildNeutralIdle+ChildNaturalWalk,0.2769,0.3003,0.000
42.413,street,Can,-0.5668,0.0194,19.9500,0.0013,0,ChildNeutralIdle+ChildNaturalWalk,0.1646,0.1500,0.000
42.447,street,Deniz,0.0000,0.0137,24.9426,0.0000,0,ChildNeutralIdle+ChildNaturalWalk,0.2771,0.3004,0.000
42.447,street,Can,-0.5668,0.0194,19.9500,0.0013,0,ChildNeutralIdle+ChildNaturalWalk,0.1642,0.1499,0.000
42.481,street,Deniz,0.0000,0.0137,24.9426,0.0000,0,ChildNeutralIdle+ChildNaturalWalk,0.2773,0.3004,0.000
42.481,street,Can,-0.5667,0.0194,19.9500,0.0013,0,ChildNeutralIdle+ChildNaturalWalk,0.1639,0.1499,0.000
42.514,street,Deniz,0.0000,0.0137,24.9426,0.0000,0,ChildNeutralIdle+ChildNaturalWalk,0.2775,0.3005,0.000
42.514,street,Can,-0.5667,0.0194,19.9500,0.0013,0,ChildNeutralIdle+ChildNaturalWalk,0.1636,0.1499,0.000
42.547,street,Deniz,0.0000,0.0137,24.9426,0.0000,0,ChildNeutralIdle+ChildNaturalWalk,0.2777,0.3005,0.000
42.547,street,Can,-0.5666,0.0194,19.9500,0.0013,0,ChildNeutralIdle+ChildNaturalWalk,0.1633,0.1499,0.000
42.580,street,Deniz,0.0000,0.0137,24.9426,0.0000,0,ChildNeutralIdle+ChildNaturalWalk,0.2779,0.3006,0.000
42.580,street,Can,-0.5666,0.0194,19.9500,0.0013,0,ChildNeutralIdle+ChildNaturalWalk,0.1630,0.1499,0.000
42.613,street,Deniz,0.0000,0.0137,24.9426,0.0000,0,ChildNeutralIdle+ChildNaturalWalk,0.2781,0.3006,0.000
42.613,street,Can,-0.5666,0.0194,19.9500,0.0013,0,ChildNeutralIdle+ChildNaturalWalk,0.1628,0.1500,0.000
42.647,street,Deniz,0.0000,0.0137,24.9426,0.0000,0,ChildNeutralIdle+ChildNaturalWalk,0.2782,0.3006,0.000
42.647,street,Can,-0.5665,0.0194,19.9500,0.0013,0,ChildNeutralIdle+ChildNaturalWalk,0.1626,0.1501,0.000
42.681,street,Deniz,0.0000,0.0137,24.9426,0.0000,0,ChildNeutralIdle+ChildNaturalWalk,0.2784,0.3005,0.000
42.681,street,Can,-0.5665,0.0194,19.9500,0.0013,0,ChildNeutralIdle+ChildNaturalWalk,0.1624,0.1502,0.000
42.714,street,Deniz,0.0000,0.0137,24.9426,0.0000,0,ChildNeutralIdle+ChildNaturalWalk,0.2786,0.3005,0.000
42.714,street,Can,-0.5664,0.0194,19.9500,0.0013,0,ChildNeutralIdle+ChildNaturalWalk,0.1623,0.1503,0.000
42.747,street,Deniz,0.0000,0.0137,24.9426,0.0000,0,ChildNeutralIdle+ChildNaturalWalk,0.2788,0.3005,0.000
42.747,street,Can,-0.5664,0.0194,19.9500,0.0013,0,ChildNeutralIdle+ChildNaturalWalk,0.1622,0.1504,0.000
42.785,street,Deniz,0.0000,0.0137,24.9426,0.0000,0,ChildNeutralIdle+ChildNaturalWalk,0.2789,0.3004,0.000
42.785,street,Can,-0.5663,0.0194,19.9500,0.0013,0,ChildNeutralIdle+ChildNaturalWalk,0.1621,0.1506,0.000
42.819,street,Deniz,0.0000,0.0137,24.9426,0.0000,0,ChildNeutralIdle+ChildNaturalWalk,0.2791,0.3004,0.000
42.819,street,Can,-0.5663,0.0194,19.9500,0.0013,0,ChildNeutralIdle+ChildNaturalWalk,0.1620,0.1508,0.000
42.852,street,Deniz,0.0000,0.0137,24.9426,0.0000,0,ChildNeutralIdle+ChildNaturalWalk,0.2792,0.3003,0.000
42.852,street,Can,-0.5663,0.0194,19.9500,0.0013,0,ChildNeutralIdle+ChildNaturalWalk,0.1620,0.1510,0.000
42.887,street,Deniz,0.0000,0.0137,24.9426,0.0000,0,ChildNeutralIdle+ChildNaturalWalk,0.2793,0.3002,0.000
42.887,street,Can,-0.5662,0.0194,19.9500,0.0013,0,ChildNeutralIdle+ChildNaturalWalk,0.1620,0.1512,0.000
42.919,street,Deniz,0.0000,0.0137,24.9426,0.0000,0,ChildNeutralIdle+ChildNaturalWalk,0.2794,0.3001,0.000
42.919,street,Can,-0.5662,0.0194,19.9500,0.0013,0,ChildNeutralIdle+ChildNaturalWalk,0.1621,0.1514,0.000
42.952,street,Deniz,0.0000,0.0137,24.9426,0.0000,0,ChildNeutralIdle+ChildNaturalWalk,0.2795,0.2999,0.000
42.952,street,Can,-0.5661,0.0194,19.9500,0.0013,0,ChildNeutralIdle+ChildNaturalWalk,0.1622,0.1516,0.000
42.987,street,Deniz,0.0000,0.0137,24.9426,0.0000,0,ChildNeutralIdle+ChildNaturalWalk,0.2796,0.2998,0.000
42.987,street,Can,-0.5661,0.0194,19.9500,0.0013,0,ChildNeutralIdle+ChildNaturalWalk,0.1623,0.1518,0.000
43.019,street,Deniz,0.0000,0.0137,24.9426,0.0000,0,ChildNeutralIdle+ChildNaturalWalk,0.2797,0.2996,0.000
43.019,street,Can,-0.5660,0.0194,19.9500,0.0013,0,ChildNeutralIdle+ChildNaturalWalk,0.1625,0.1521,0.000
43.052,street,Deniz,0.0000,0.0137,24.9426,0.0000,0,ChildNeutralIdle+ChildNaturalWalk,0.2797,0.2994,0.000
43.052,street,Can,-0.5660,0.0194,19.9500,0.0013,0,ChildNeutralIdle+ChildNaturalWalk,0.1627,0.1523,0.000
43.085,street,Deniz,0.0000,0.0137,24.9426,0.0000,0,ChildNeutralIdle+ChildNaturalWalk,0.2797,0.2993,0.000
43.085,street,Can,-0.5660,0.0194,19.9500,0.0013,0,ChildNeutralIdle+ChildNaturalWalk,0.1629,0.1525,0.000
43.119,street,Deniz,0.0000,0.0137,24.9426,0.0000,0,ChildNeutralIdle+ChildNaturalWalk,0.2797,0.2991,0.000
43.119,street,Can,-0.5659,0.0194,19.9500,0.0013,0,ChildNeutralIdle+ChildNaturalWalk,0.1631,0.1527,0.000
43.152,street,Deniz,0.0000,0.0137,24.9426,0.0000,0,ChildNeutralIdle+ChildNaturalWalk,0.2797,0.2989,0.000
43.152,street,Can,-0.5659,0.0194,19.9500,0.0013,0,ChildNeutralIdle+ChildNaturalWalk,0.1634,0.1529,0.000
43.186,street,Deniz,0.0000,0.0137,24.9426,0.0000,0,ChildNeutralIdle+ChildNaturalWalk,0.2796,0.2987,0.000
43.186,street,Can,-0.5658,0.0194,19.9500,0.0013,0,ChildNeutralIdle+ChildNaturalWalk,0.1637,0.1531,0.000
43.219,street,Deniz,0.0000,0.0137,24.9426,0.0000,0,ChildNeutralIdle+ChildNaturalWalk,0.2795,0.2985,0.000
43.219,street,Can,-0.5658,0.0194,19.9500,0.0013,0,ChildNeutralIdle+ChildNaturalWalk,0.1640,0.1533,0.000
43.252,street,Deniz,0.0000,0.0137,24.9426,0.0000,0,ChildNeutralIdle+ChildNaturalWalk,0.2794,0.2984,0.000
43.252,street,Can,-0.5658,0.0194,19.9500,0.0013,0,ChildNeutralIdle+ChildNaturalWalk,0.1644,0.1535,0.000
43.286,street,Deniz,0.0000,0.0137,24.9426,0.0000,0,ChildNeutralIdle+ChildNaturalWalk,0.2793,0.2982,0.000
43.286,street,Can,-0.5657,0.0194,19.9500,0.0013,0,ChildNeutralIdle+ChildNaturalWalk,0.1647,0.1536,0.000
43.319,street,Deniz,0.0000,0.0137,24.9426,0.0000,0,ChildNeutralIdle+ChildNaturalWalk,0.2792,0.2980,0.000
43.319,street,Can,-0.5657,0.0194,19.9500,0.0013,0,ChildNeutralIdle+ChildNaturalWalk,0.1651,0.1538,0.000
43.352,street,Deniz,0.0000,0.0137,24.9426,0.0000,0,ChildNeutralIdle+ChildNaturalWalk,0.2790,0.2979,0.000
43.352,street,Can,-0.5656,0.0194,19.9500,0.0013,0,ChildNeutralIdle+ChildNaturalWalk,0.1655,0.1540,0.000
43.386,street,Deniz,0.0000,0.0137,24.9426,0.0000,0,ChildNeutralIdle+ChildNaturalWalk,0.2789,0.2977,0.000
43.386,street,Can,-0.5656,0.0194,19.9500,0.0013,0,ChildNeutralIdle+ChildNaturalWalk,0.1659,0.1541,0.000
43.419,street,Deniz,0.0000,0.0137,24.9426,0.0000,0,ChildNeutralIdle+ChildNaturalWalk,0.2787,0.2976,0.000
43.419,street,Can,-0.5655,0.0194,19.9500,0.0013,0,ChildNeutralIdle+ChildNaturalWalk,0.1663,0.1543,0.000
43.452,street,Deniz,0.0000,0.0137,24.9426,0.0000,0,ChildNeutralIdle+ChildNaturalWalk,0.2785,0.2974,0.000
43.452,street,Can,-0.5655,0.0194,19.9500,0.0013,0,ChildNeutralIdle+ChildNaturalWalk,0.1667,0.1544,0.000
43.486,street,Deniz,0.0000,0.0137,24.9426,0.0000,0,ChildNeutralIdle+ChildNaturalWalk,0.2783,0.2973,0.000
43.486,street,Can,-0.5655,0.0194,19.9500,0.0013,0,ChildNeutralIdle+ChildNaturalWalk,0.1671,0.1545,0.000
43.519,street,Deniz,0.0000,0.0137,24.9426,0.0000,0,ChildNeutralIdle+ChildNaturalWalk,0.2781,0.2972,0.000
43.519,street,Can,-0.5654,0.0194,19.9500,0.0013,0,ChildNeutralIdle+ChildNaturalWalk,0.1675,0.1546,0.000
43.552,street,Deniz,0.0000,0.0137,24.9426,0.0000,0,ChildNeutralIdle+ChildNaturalWalk,0.2779,0.2970,0.000
43.552,street,Can,-0.5654,0.0194,19.9500,0.0013,0,ChildNeutralIdle+ChildNaturalWalk,0.1679,0.1547,0.000
43.586,street,Deniz,0.0000,0.0137,24.9426,0.0000,0,ChildNeutralIdle+ChildNaturalWalk,0.2777,0.2969,0.000
43.586,street,Can,-0.5653,0.0194,19.9500,0.0013,0,ChildNeutralIdle+ChildNaturalWalk,0.1683,0.1548,0.000
43.619,street,Deniz,0.0000,0.0137,24.9426,0.0000,0,ChildNeutralIdle+ChildNaturalWalk,0.2775,0.2968,0.000
43.619,street,Can,-0.5653,0.0194,19.9500,0.0013,0,ChildNeutralIdle+ChildNaturalWalk,0.1686,0.1549,0.000
43.652,street,Deniz,0.0000,0.0137,24.9426,0.0000,0,ChildNeutralIdle+ChildNaturalWalk,0.2773,0.2967,0.000
43.652,street,Can,-0.5652,0.0194,19.9500,0.0013,0,ChildNeutralIdle+ChildNaturalWalk,0.1690,0.1550,0.000
43.686,street,Deniz,0.0000,0.0137,24.9426,0.0000,0,ChildNeutralIdle+ChildNaturalWalk,0.2770,0.2967,0.000
43.686,street,Can,-0.5652,0.0194,19.9500,0.0013,0,ChildNeutralIdle+ChildNaturalWalk,0.1693,0.1550,0.000
43.719,street,Deniz,0.0000,0.0137,24.9426,0.0000,0,ChildNeutralIdle+ChildNaturalWalk,0.2768,0.2966,0.000
43.719,street,Can,-0.5652,0.0194,19.9500,0.0013,0,ChildNeutralIdle+ChildNaturalWalk,0.1697,0.1550,0.000
43.752,street,Deniz,0.0000,0.0137,24.9426,0.0000,0,ChildNeutralIdle+ChildNaturalWalk,0.2766,0.2966,0.000
43.752,street,Can,-0.5651,0.0194,19.9500,0.0013,0,ChildNeutralIdle+ChildNaturalWalk,0.1700,0.1550,0.000
43.785,street,Deniz,0.0000,0.0137,24.9426,0.0000,0,ChildNeutralIdle+ChildNaturalWalk,0.2764,0.2966,0.000
43.785,street,Can,-0.5651,0.0194,19.9500,0.0013,0,ChildNeutralIdle+ChildNaturalWalk,0.1702,0.1550,0.000
43.819,street,Deniz,0.0000,0.0137,24.9426,0.0000,0,ChildNeutralIdle+ChildNaturalWalk,0.2762,0.2966,0.000
43.819,street,Can,-0.5650,0.0194,19.9500,0.0013,0,ChildNeutralIdle+ChildNaturalWalk,0.1705,0.1550,0.000
43.853,street,Deniz,0.0000,0.0137,24.9426,0.0000,0,ChildNeutralIdle+ChildNaturalWalk,0.2760,0.2966,0.000
43.853,street,Can,-0.5650,0.0194,19.9500,0.0013,0,ChildNeutralIdle+ChildNaturalWalk,0.1707,0.1549,0.000
43.886,street,Deniz,0.0000,0.0137,24.9426,0.0000,0,ChildNeutralIdle+ChildNaturalWalk,0.2758,0.2966,0.000
43.886,street,Can,-0.5650,0.0194,19.9500,0.0013,0,ChildNeutralIdle+ChildNaturalWalk,0.1709,0.1548,0.000
43.919,street,Deniz,0.0000,0.0137,24.9426,0.0000,0,ChildNeutralIdle+ChildNaturalWalk,0.2756,0.2966,0.000
43.919,street,Can,-0.5649,0.0194,19.9500,0.0013,0,ChildNeutralIdle+ChildNaturalWalk,0.1710,0.1547,0.000
43.952,street,Deniz,0.0000,0.0137,24.9426,0.0000,0,ChildNeutralIdle+ChildNaturalWalk,0.2754,0.2966,0.000
43.952,street,Can,-0.5649,0.0194,19.9500,0.0013,0,ChildNeutralIdle+ChildNaturalWalk,0.1711,0.1546,0.000
43.986,street,Deniz,0.0000,0.0137,24.9426,0.0000,0,ChildNeutralIdle+ChildNaturalWalk,0.2753,0.2967,0.000
43.986,street,Can,-0.5648,0.0194,19.9500,0.0013,0,ChildNeutralIdle+ChildNaturalWalk,0.1712,0.1545,0.000
44.019,street,Deniz,0.0000,0.0137,24.9426,0.0000,0,ChildNeutralIdle+ChildNaturalWalk,0.2751,0.2967,0.000
44.019,street,Can,-0.5648,0.0194,19.9500,0.0013,0,ChildNeutralIdle+ChildNaturalWalk,0.1712,0.1544,0.000
44.053,street,Deniz,0.0000,0.0137,24.9426,0.0000,0,ChildNeutralIdle+ChildNaturalWalk,0.2750,0.2968,0.000
44.053,street,Can,-0.5647,0.0194,19.9500,0.0013,0,ChildNeutralIdle+ChildNaturalWalk,0.1712,0.1543,0.000
44.086,street,Deniz,0.0000,0.0137,24.9426,0.0000,0,ChildNeutralIdle+ChildNaturalWalk,0.2748,0.2969,0.000
44.086,street,Can,-0.5647,0.0194,19.9500,0.0013,0,ChildNeutralIdle+ChildNaturalWalk,0.1712,0.1541,0.000
44.119,street,Deniz,0.0000,0.0137,24.9426,0.0000,0,ChildNeutralIdle+ChildNaturalWalk,0.2747,0.2970,0.000
44.119,street,Can,-0.5647,0.0194,19.9500,0.0013,0,ChildNeutralIdle+ChildNaturalWalk,0.1711,0.1539,0.000
44.154,street,Deniz,0.0000,0.0137,24.9426,0.0000,0,ChildNeutralIdle+ChildNaturalWalk,0.2746,0.2971,0.000
44.154,street,Can,-0.5646,0.0194,19.9500,0.0013,0,ChildNeutralIdle+ChildNaturalWalk,0.1710,0.1538,0.000
44.186,street,Deniz,0.0000,0.0137,24.9426,0.0000,0,ChildNeutralIdle+ChildNaturalWalk,0.2745,0.2972,0.000
44.186,street,Can,-0.5646,0.0194,19.9500,0.0013,0,ChildNeutralIdle+ChildNaturalWalk,0.1709,0.1536,0.000
44.219,street,Deniz,0.0000,0.0137,24.9426,0.0000,0,ChildNeutralIdle+ChildNaturalWalk,0.2745,0.2974,0.000
44.219,street,Can,-0.5645,0.0194,19.9500,0.0013,0,ChildNeutralIdle+ChildNaturalWalk,0.1708,0.1534,0.000
44.253,street,Deniz,0.0000,0.0137,24.9426,0.0000,0,ChildNeutralIdle+ChildNaturalWalk,0.2746,0.2976,0.000
44.253,street,Can,-0.5645,0.0194,19.9500,0.0013,0,ChildNeutralIdle+ChildNaturalWalk,0.1706,0.1532,0.000
44.286,street,Deniz,0.0000,0.0137,24.9426,0.0000,0,ChildNeutralIdle+ChildNaturalWalk,0.2746,0.2978,0.000
44.286,street,Can,-0.5644,0.0194,19.9500,0.0013,0,ChildNeutralIdle+ChildNaturalWalk,0.1704,0.1530,0.000
44.319,street,Deniz,0.0000,0.0137,24.9426,0.0000,0,ChildNeutralIdle+ChildNaturalWalk,0.2747,0.2980,0.000
44.319,street,Can,-0.5644,0.0194,19.9500,0.0013,0,ChildNeutralIdle+ChildNaturalWalk,0.1701,0.1528,0.000
44.352,street,Deniz,0.0000,0.0137,24.9426,0.0000,0,ChildNeutralIdle+ChildNaturalWalk,0.2747,0.2982,0.000
44.352,street,Can,-0.5644,0.0194,19.9500,0.0013,0,ChildNeutralIdle+ChildNaturalWalk,0.1699,0.1526,0.000
44.452,street,Deniz,0.0000,0.0137,24.9426,0.0000,0,ChildNeutralIdle+ChildNaturalWalk,0.2748,0.2984,0.000
44.452,street,Can,-0.5643,0.0194,19.9500,0.0013,0,ChildNeutralIdle+ChildNaturalWalk,0.1696,0.1524,0.000
44.458,street,Deniz,0.0000,0.0137,24.9426,0.0000,0,ChildNeutralIdle+ChildNaturalWalk,0.2749,0.2986,0.000
44.458,street,Can,-0.5643,0.0194,19.9500,0.0013,0,ChildNeutralIdle+ChildNaturalWalk,0.1693,0.1522,0.000
44.487,street,Deniz,0.0000,0.0137,24.9426,0.0000,0,ChildNeutralIdle+ChildNaturalWalk,0.2750,0.2987,0.000
44.487,street,Can,-0.5642,0.0194,19.9500,0.0013,0,ChildNeutralIdle+ChildNaturalWalk,0.1689,0.1520,0.000
44.518,street,Deniz,0.0000,0.0137,24.9426,0.0000,0,ChildNeutralIdle+ChildNaturalWalk,0.2752,0.2989,0.000
44.518,street,Can,-0.5642,0.0194,19.9500,0.0013,0,ChildNeutralIdle+ChildNaturalWalk,0.1685,0.1518,0.000
44.552,street,Deniz,0.0000,0.0137,24.9426,0.0000,0,ChildNeutralIdle+ChildNaturalWalk,0.2753,0.2991,0.000
44.552,street,Can,-0.5642,0.0194,19.9500,0.0013,0,ChildNeutralIdle+ChildNaturalWalk,0.1681,0.1517,0.000
44.586,street,Deniz,0.0000,0.0137,24.9426,0.0000,0,ChildNeutralIdle+ChildNaturalWalk,0.2755,0.2992,0.000
44.586,street,Can,-0.5641,0.0194,19.9500,0.0013,0,ChildNeutralIdle+ChildNaturalWalk,0.1678,0.1515,0.000
44.619,street,Deniz,0.0000,0.0137,24.9426,0.0000,0,ChildNeutralIdle+ChildNaturalWalk,0.2756,0.2994,0.000
44.619,street,Can,-0.5641,0.0194,19.9500,0.0013,0,ChildNeutralIdle+ChildNaturalWalk,0.1673,0.1513,0.000
44.653,street,Deniz,0.0000,0.0137,24.9426,0.0000,0,ChildNeutralIdle+ChildNaturalWalk,0.2758,0.2996,0.000
44.653,street,Can,-0.5640,0.0194,19.9500,0.0013,0,ChildNeutralIdle+ChildNaturalWalk,0.1669,0.1512,0.000
44.686,street,Deniz,0.0000,0.0137,24.9426,0.0000,0,ChildNeutralIdle+ChildNaturalWalk,0.2760,0.2997,0.000
44.686,street,Can,-0.5640,0.0194,19.9500,0.0013,0,ChildNeutralIdle+ChildNaturalWalk,0.1665,0.1510,0.000
44.721,street,Deniz,0.0000,0.0137,24.9426,0.0000,0,ChildNeutralIdle+ChildNaturalWalk,0.2761,0.2998,0.000
44.721,street,Can,-0.5639,0.0194,19.9500,0.0013,0,ChildNeutralIdle+ChildNaturalWalk,0.1661,0.1509,0.000
44.752,street,Deniz,0.0000,0.0137,24.9426,0.0000,0,ChildNeutralIdle+ChildNaturalWalk,0.2763,0.3000,0.000
44.752,street,Can,-0.5639,0.0194,19.9500,0.0013,0,ChildNeutralIdle+ChildNaturalWalk,0.1657,0.1507,0.000
44.786,street,Deniz,0.0000,0.0137,24.9426,0.0000,0,ChildNeutralIdle+ChildNaturalWalk,0.2765,0.3001,0.000
44.786,street,Can,-0.5639,0.0194,19.9500,0.0013,0,ChildNeutralIdle+ChildNaturalWalk,0.1653,0.1506,0.000
44.819,street,Deniz,0.0000,0.0137,24.9426,0.0000,0,ChildNeutralIdle+ChildNaturalWalk,0.2767,0.3002,0.000
44.819,street,Can,-0.5638,0.0194,19.9500,0.0013,0,ChildNeutralIdle+ChildNaturalWalk,0.1649,0.1505,0.000
44.852,street,Deniz,0.0000,0.0137,24.9426,0.0000,0,ChildNeutralIdle+ChildNaturalWalk,0.2769,0.3003,0.000
44.852,street,Can,-0.5638,0.0194,19.9500,0.0013,0,ChildNeutralIdle+ChildNaturalWalk,0.1645,0.1504,0.000
44.886,street,Deniz,0.0000,0.0137,24.9426,0.0000,0,ChildNeutralIdle+ChildNaturalWalk,0.2771,0.3003,0.000
44.886,street,Can,-0.5637,0.0194,19.9500,0.0013,0,ChildNeutralIdle+ChildNaturalWalk,0.1641,0.1504,0.000
44.919,street,Deniz,0.0000,0.0137,24.9426,0.0000,0,ChildNeutralIdle+ChildNaturalWalk,0.2773,0.3004,0.000
44.919,street,Can,-0.5637,0.0194,19.9500,0.0013,0,ChildNeutralIdle+ChildNaturalWalk,0.1637,0.1503,0.000
44.953,street,Deniz,0.0000,0.0137,24.9426,0.0000,0,ChildNeutralIdle+ChildNaturalWalk,0.2775,0.3005,0.000
44.953,street,Can,-0.5636,0.0194,19.9500,0.0013,0,ChildNeutralIdle+ChildNaturalWalk,0.1634,0.1503,0.000
44.986,street,Deniz,0.0000,0.0137,24.9426,0.0000,0,ChildNeutralIdle+ChildNaturalWalk,0.2778,0.3005,0.000
44.986,street,Can,-0.5636,0.0194,19.9500,0.0013,0,ChildNeutralIdle+ChildNaturalWalk,0.1631,0.1503,0.000
45.019,street,Deniz,0.0000,0.0137,24.9426,0.0000,0,ChildNeutralIdle+ChildNaturalWalk,0.2780,0.3005,0.000
45.019,street,Can,-0.5636,0.0194,19.9500,0.0013,0,ChildNeutralIdle+ChildNaturalWalk,0.1628,0.1504,0.000
45.052,street,Deniz,0.0000,0.0137,24.9426,0.0000,0,ChildNeutralIdle+ChildNaturalWalk,0.2782,0.3005,0.000
45.052,street,Can,-0.5635,0.0194,19.9500,0.0013,0,ChildNeutralIdle+ChildNaturalWalk,0.1626,0.1505,0.000
45.086,street,Deniz,0.0000,0.0137,24.9426,0.0000,0,ChildNeutralIdle+ChildNaturalWalk,0.2783,0.3005,0.000
45.086,street,Can,-0.5635,0.0194,19.9500,0.0013,0,ChildNeutralIdle+ChildNaturalWalk,0.1624,0.1506,0.000
45.119,street,Deniz,0.0000,0.0137,24.9426,0.0000,0,ChildNeutralIdle+ChildNaturalWalk,0.2785,0.3005,0.000
45.119,street,Can,-0.5634,0.0194,19.9500,0.0013,0,ChildNeutralIdle+ChildNaturalWalk,0.1623,0.1507,0.000
45.153,street,Deniz,0.0000,0.0137,24.9426,0.0000,0,ChildNeutralIdle+ChildNaturalWalk,0.2787,0.3005,0.000
45.153,street,Can,-0.5634,0.0194,19.9500,0.0013,0,ChildNeutralIdle+ChildNaturalWalk,0.1622,0.1509,0.000
45.186,street,Deniz,0.0000,0.0137,24.9426,0.0000,0,ChildNeutralIdle+ChildNaturalWalk,0.2789,0.3004,0.000
45.186,street,Can,-0.5634,0.0194,19.9500,0.0013,0,ChildNeutralIdle+ChildNaturalWalk,0.1621,0.1510,0.000
45.220,street,Deniz,0.0000,0.0137,24.9426,0.0000,0,ChildNeutralIdle+ChildNaturalWalk,0.2791,0.3003,0.000
45.220,street,Can,-0.5633,0.0194,19.9500,0.0013,0,ChildNeutralIdle+ChildNaturalWalk,0.1621,0.1512,0.000
45.252,street,Deniz,0.0000,0.0137,24.9426,0.0000,0,ChildNeutralIdle+ChildNaturalWalk,0.2792,0.3003,0.000
45.252,street,Can,-0.5633,0.0194,19.9500,0.0013,0,ChildNeutralIdle+ChildNaturalWalk,0.1620,0.1514,0.000
45.286,street,Deniz,0.0000,0.0137,24.9426,0.0000,0,ChildNeutralIdle+ChildNaturalWalk,0.2794,0.3002,0.000
45.286,street,Can,-0.5632,0.0194,19.9500,0.0013,0,ChildNeutralIdle+ChildNaturalWalk,0.1620,0.1516,0.000
45.319,street,Deniz,0.0000,0.0137,24.9426,0.0000,0,ChildNeutralIdle+ChildNaturalWalk,0.2795,0.3001,0.000
45.319,street,Can,-0.5632,0.0194,19.9500,0.0013,0,ChildNeutralIdle+ChildNaturalWalk,0.1621,0.1518,0.000
45.353,street,Deniz,0.0000,0.0137,24.9426,0.0000,0,ChildNeutralIdle+ChildNaturalWalk,0.2796,0.3000,0.000
45.353,street,Can,-0.5631,0.0194,19.9500,0.0013,0,ChildNeutralIdle+ChildNaturalWalk,0.1621,0.1520,0.000
45.385,street,Deniz,0.0000,0.0137,24.9426,0.0000,0,ChildNeutralIdle+ChildNaturalWalk,0.2797,0.2999,0.000
45.385,street,Can,-0.5631,0.0194,19.9500,0.0013,0,ChildNeutralIdle+ChildNaturalWalk,0.1622,0.1522,0.000
45.420,street,Deniz,0.0000,0.0137,24.9426,0.0000,0,ChildNeutralIdle+ChildNaturalWalk,0.2798,0.2998,0.000
45.420,street,Can,-0.5631,0.0194,19.9500,0.0013,0,ChildNeutralIdle+ChildNaturalWalk,0.1624,0.1524,0.000
45.452,street,Deniz,0.0000,0.0137,24.9426,0.0000,0,ChildNeutralIdle+ChildNaturalWalk,0.2798,0.2997,0.000
45.452,street,Can,-0.5630,0.0194,19.9500,0.0013,0,ChildNeutralIdle+ChildNaturalWalk,0.1625,0.1526,0.000
45.486,street,Deniz,0.0000,0.0137,24.9426,0.0000,0,ChildNeutralIdle+ChildNaturalWalk,0.2798,0.2996,0.000
45.486,street,Can,-0.5630,0.0194,19.9500,0.0013,0,ChildNeutralIdle+ChildNaturalWalk,0.1627,0.1528,0.000
45.521,street,Deniz,0.0000,0.0137,24.9426,0.0000,0,ChildNeutralIdle+ChildNaturalWalk,0.2798,0.2994,0.000
45.521,street,Can,-0.5629,0.0194,19.9500,0.0013,0,ChildNeutralIdle+ChildNaturalWalk,0.1629,0.1530,0.000
45.552,street,Deniz,0.0000,0.0137,24.9426,0.0000,0,ChildNeutralIdle+ChildNaturalWalk,0.2798,0.2993,0.000
45.552,street,Can,-0.5629,0.0194,19.9500,0.0013,0,ChildNeutralIdle+ChildNaturalWalk,0.1632,0.1532,0.000
45.586,street,Deniz,0.0000,0.0137,24.9426,0.0000,0,ChildNeutralIdle+ChildNaturalWalk,0.2798,0.2991,0.000
45.586,street,Can,-0.5628,0.0194,19.9500,0.0013,0,ChildNeutralIdle+ChildNaturalWalk,0.1634,0.1534,0.000
45.619,street,Deniz,0.0000,0.0137,24.9426,0.0000,0,ChildNeutralIdle+ChildNaturalWalk,0.2797,0.2989,0.000
45.619,street,Can,-0.5628,0.0194,19.9500,0.0013,0,ChildNeutralIdle+ChildNaturalWalk,0.1637,0.1536,0.000
45.652,street,Deniz,0.0000,0.0137,24.9426,0.0000,0,ChildNeutralIdle+ChildNaturalWalk,0.2796,0.2987,0.000
45.652,street,Can,-0.5628,0.0194,19.9500,0.0013,0,ChildNeutralIdle+ChildNaturalWalk,0.1641,0.1538,0.000
45.686,street,Deniz,0.0000,0.0137,24.9426,0.0000,0,ChildNeutralIdle+ChildNaturalWalk,0.2795,0.2985,0.000
45.686,street,Can,-0.5627,0.0194,19.9500,0.0013,0,ChildNeutralIdle+ChildNaturalWalk,0.1644,0.1540,0.000
45.719,street,Deniz,0.0000,0.0137,24.9426,0.0000,0,ChildNeutralIdle+ChildNaturalWalk,0.2794,0.2983,0.000
45.719,street,Can,-0.5627,0.0194,19.9500,0.0013,0,ChildNeutralIdle+ChildNaturalWalk,0.1647,0.1541,0.000
45.753,street,Deniz,0.0000,0.0137,24.9426,0.0000,0,ChildNeutralIdle+ChildNaturalWalk,0.2792,0.2981,0.000
45.753,street,Can,-0.5626,0.0194,19.9500,0.0013,0,ChildNeutralIdle+ChildNaturalWalk,0.1651,0.1543,0.000
45.787,street,Deniz,0.0000,0.0137,24.9426,0.0000,0,ChildNeutralIdle+ChildNaturalWalk,0.2791,0.2979,0.000
45.787,street,Can,-0.5626,0.0194,19.9500,0.0013,0,ChildNeutralIdle+ChildNaturalWalk,0.1655,0.1544,0.000
45.819,street,Deniz,0.0000,0.0137,24.9426,0.0000,0,ChildNeutralIdle+ChildNaturalWalk,0.2789,0.2977,0.000
45.819,street,Can,-0.5626,0.0194,19.9500,0.0013,0,ChildNeutralIdle+ChildNaturalWalk,0.1659,0.1546,0.000
45.852,street,Deniz,0.0000,0.0137,24.9426,0.0000,0,ChildNeutralIdle+ChildNaturalWalk,0.2788,0.2975,0.000
45.852,street,Can,-0.5625,0.0194,19.9500,0.0013,0,ChildNeutralIdle+ChildNaturalWalk,0.1663,0.1547,0.000
45.886,street,Deniz,0.0000,0.0137,24.9426,0.0000,0,ChildNeutralIdle+ChildNaturalWalk,0.2786,0.2973,0.000
45.886,street,Can,-0.5625,0.0194,19.9500,0.0013,0,ChildNeutralIdle+ChildNaturalWalk,0.1667,0.1548,0.000
45.920,street,Deniz,0.0000,0.0137,24.9426,0.0000,0,ChildNeutralIdle+ChildNaturalWalk,0.2784,0.2971,0.000
45.920,street,Can,-0.5624,0.0194,19.9500,0.0013,0,ChildNeutralIdle+ChildNaturalWalk,0.1671,0.1549,0.000
45.952,street,Deniz,0.0000,0.0137,24.9426,0.0000,0,ChildNeutralIdle+ChildNaturalWalk,0.2782,0.2969,0.000
45.952,street,Can,-0.5624,0.0194,19.9500,0.0013,0,ChildNeutralIdle+ChildNaturalWalk,0.1675,0.1550,0.000
45.985,street,Deniz,0.0000,0.0137,24.9426,0.0000,0,ChildNeutralIdle+ChildNaturalWalk,0.2780,0.2968,0.000
45.985,street,Can,-0.5623,0.0194,19.9500,0.0013,0,ChildNeutralIdle+ChildNaturalWalk,0.1679,0.1551,0.000
46.019,street,Deniz,0.0000,0.0137,24.9426,0.0000,0,ChildNeutralIdle+ChildNaturalWalk,0.2778,0.2966,0.000
46.019,street,Can,-0.5623,0.0194,19.9500,0.0013,0,ChildNeutralIdle+ChildNaturalWalk,0.1683,0.1551,0.000
46.052,street,Deniz,0.0000,0.0137,24.9426,0.0000,0,ChildNeutralIdle+ChildNaturalWalk,0.2776,0.2965,0.000
46.052,street,Can,-0.5623,0.0194,19.9500,0.0013,0,ChildNeutralIdle+ChildNaturalWalk,0.1686,0.1551,0.000
46.091,street,Deniz,0.0000,0.0137,24.9426,0.0000,0,ChildNeutralIdle+ChildNaturalWalk,0.2774,0.2964,0.000
46.091,street,Can,-0.5622,0.0194,19.9500,0.0013,0,ChildNeutralIdle+ChildNaturalWalk,0.1690,0.1552,0.000
46.125,street,Deniz,0.0000,0.0137,24.9426,0.0000,0,ChildNeutralIdle+ChildNaturalWalk,0.2772,0.2963,0.000
46.125,street,Can,-0.5622,0.0194,19.9500,0.0013,0,ChildNeutralIdle+ChildNaturalWalk,0.1693,0.1552,0.000
46.157,street,Deniz,0.0000,0.0137,24.9426,0.0000,0,ChildNeutralIdle+ChildNaturalWalk,0.2770,0.2962,0.000
46.157,street,Can,-0.5621,0.0194,19.9500,0.0013,0,ChildNeutralIdle+ChildNaturalWalk,0.1696,0.1552,0.000
46.190,street,Deniz,0.0000,0.0137,24.9426,0.0000,0,ChildNeutralIdle+ChildNaturalWalk,0.2768,0.2961,0.000
46.190,street,Can,-0.5621,0.0194,19.9500,0.0013,0,ChildNeutralIdle+ChildNaturalWalk,0.1699,0.1551,0.000
46.226,street,Deniz,0.0000,0.0137,24.9426,0.0000,0,ChildNeutralIdle+ChildNaturalWalk,0.2766,0.2961,0.000
46.226,street,Can,-0.5621,0.0194,19.9500,0.0013,0,ChildNeutralIdle+ChildNaturalWalk,0.1701,0.1551,0.000
46.257,street,Deniz,0.0000,0.0137,24.9426,0.0000,0,ChildNeutralIdle+ChildNaturalWalk,0.2765,0.2961,0.000
46.257,street,Can,-0.5620,0.0194,19.9500,0.0013,0,ChildNeutralIdle+ChildNaturalWalk,0.1704,0.1550,0.000
46.290,street,Deniz,0.0000,0.0137,24.9426,0.0000,0,ChildNeutralIdle+ChildNaturalWalk,0.2763,0.2960,0.000
46.290,street,Can,-0.5620,0.0194,19.9500,0.0013,0,ChildNeutralIdle+ChildNaturalWalk,0.1705,0.1549,0.000
46.324,street,Deniz,0.0000,0.0137,24.9426,0.0000,0,ChildNeutralIdle+ChildNaturalWalk,0.2761,0.2960,0.000
46.324,street,Can,-0.5619,0.0194,19.9500,0.0013,0,ChildNeutralIdle+ChildNaturalWalk,0.1707,0.1548,0.000
46.357,street,Deniz,0.0000,0.0137,24.9426,0.0000,0,ChildNeutralIdle+ChildNaturalWalk,0.2759,0.2960,0.000
46.357,street,Can,-0.5619,0.0194,19.9500,0.0013,0,ChildNeutralIdle+ChildNaturalWalk,0.1708,0.1547,0.000
46.391,street,Deniz,0.0000,0.0137,24.9426,0.0000,0,ChildNeutralIdle+ChildNaturalWalk,0.2758,0.2960,0.000
46.391,street,Can,-0.5618,0.0194,19.9500,0.0013,0,ChildNeutralIdle+ChildNaturalWalk,0.1709,0.1545,0.000
46.424,street,Deniz,0.0000,0.0137,24.9426,0.0000,0,ChildNeutralIdle+ChildNaturalWalk,0.2757,0.2961,0.000
46.424,street,Can,-0.5618,0.0194,19.9500,0.0013,0,ChildNeutralIdle+ChildNaturalWalk,0.1709,0.1544,0.000
46.457,street,Deniz,0.0000,0.0137,24.9426,0.0000,0,ChildNeutralIdle+ChildNaturalWalk,0.2755,0.2961,0.000
46.457,street,Can,-0.5618,0.0194,19.9500,0.0013,0,ChildNeutralIdle+ChildNaturalWalk,0.1709,0.1542,0.000
46.490,street,Deniz,0.0000,0.0137,24.9426,0.0000,0,ChildNeutralIdle+ChildNaturalWalk,0.2754,0.2962,0.000
46.490,street,Can,-0.5617,0.0194,19.9500,0.0013,0,ChildNeutralIdle+ChildNaturalWalk,0.1709,0.1540,0.000
46.524,street,Deniz,0.0000,0.0137,24.9426,0.0000,0,ChildNeutralIdle+ChildNaturalWalk,0.2753,0.2963,0.000
46.524,street,Can,-0.5617,0.0194,19.9500,0.0013,0,ChildNeutralIdle+ChildNaturalWalk,0.1709,0.1539,0.000
46.557,street,Deniz,0.0000,0.0137,24.9426,0.0000,0,ChildNeutralIdle+ChildNaturalWalk,0.2752,0.2964,0.000
46.557,street,Can,-0.5616,0.0194,19.9500,0.0013,0,ChildNeutralIdle+ChildNaturalWalk,0.1708,0.1537,0.000
46.590,street,Deniz,0.0000,0.0137,24.9426,0.0000,0,ChildNeutralIdle+ChildNaturalWalk,0.2751,0.2965,0.000
46.590,street,Can,-0.5616,0.0194,19.9500,0.0013,0,ChildNeutralIdle+ChildNaturalWalk,0.1707,0.1535,0.000
46.624,street,Deniz,0.0000,0.0137,24.9426,0.0000,0,ChildNeutralIdle+ChildNaturalWalk,0.2751,0.2966,0.000
46.624,street,Can,-0.5615,0.0194,19.9500,0.0013,0,ChildNeutralIdle+ChildNaturalWalk,0.1706,0.1533,0.000
46.657,street,Deniz,0.0000,0.0137,24.9426,0.0000,0,ChildNeutralIdle+ChildNaturalWalk,0.2750,0.2968,0.000
46.657,street,Can,-0.5615,0.0194,19.9500,0.0013,0,ChildNeutralIdle+ChildNaturalWalk,0.1704,0.1531,0.000
46.691,street,Deniz,0.0000,0.0137,24.9426,0.0000,0,ChildNeutralIdle+ChildNaturalWalk,0.2750,0.2970,0.000
46.691,street,Can,-0.5615,0.0194,19.9500,0.0013,0,ChildNeutralIdle+ChildNaturalWalk,0.1703,0.1529,0.000
46.724,street,Deniz,0.0000,0.0137,24.9426,0.0000,0,ChildNeutralIdle+ChildNaturalWalk,0.2750,0.2972,0.000
46.724,street,Can,-0.5614,0.0194,19.9500,0.0013,0,ChildNeutralIdle+ChildNaturalWalk,0.1701,0.1526,0.000
46.757,street,Deniz,0.0000,0.0137,24.9426,0.0000,0,ChildNeutralIdle+ChildNaturalWalk,0.2750,0.2974,0.000
46.757,street,Can,-0.5614,0.0194,19.9500,0.0013,0,ChildNeutralIdle+ChildNaturalWalk,0.1698,0.1524,0.000
46.791,street,Deniz,0.0000,0.0137,24.9426,0.0000,0,ChildNeutralIdle+ChildNaturalWalk,0.2750,0.2977,0.000
46.791,street,Can,-0.5613,0.0194,19.9500,0.0013,0,ChildNeutralIdle+ChildNaturalWalk,0.1696,0.1522,0.000
46.824,street,Deniz,0.0000,0.0137,24.9426,0.0000,0,ChildNeutralIdle+ChildNaturalWalk,0.2750,0.2979,0.000
46.824,street,Can,-0.5613,0.0194,19.9500,0.0013,0,ChildNeutralIdle+ChildNaturalWalk,0.1693,0.1520,0.000
46.857,street,Deniz,0.0000,0.0137,24.9426,0.0000,0,ChildNeutralIdle+ChildNaturalWalk,0.2751,0.2982,0.000
46.857,street,Can,-0.5613,0.0194,19.9500,0.0013,0,ChildNeutralIdle+ChildNaturalWalk,0.1690,0.1518,0.000
46.891,street,Deniz,0.0000,0.0137,24.9426,0.0000,0,ChildNeutralIdle+ChildNaturalWalk,0.2752,0.2985,0.000
46.891,street,Can,-0.5612,0.0194,19.9500,0.0013,0,ChildNeutralIdle+ChildNaturalWalk,0.1687,0.1516,0.000
46.924,street,Deniz,0.0000,0.0137,24.9426,0.0000,0,ChildNeutralIdle+ChildNaturalWalk,0.2753,0.2987,0.000
46.924,street,Can,-0.5612,0.0194,19.9500,0.0013,0,ChildNeutralIdle+ChildNaturalWalk,0.1684,0.1514,0.000
46.957,street,Deniz,0.0000,0.0137,24.9426,0.0000,0,ChildNeutralIdle+ChildNaturalWalk,0.2754,0.2989,0.000
46.957,street,Can,-0.5611,0.0194,19.9500,0.0012,0,ChildNeutralIdle+ChildNaturalWalk,0.1680,0.1512,0.000
46.992,street,Deniz,0.0000,0.0137,24.9426,0.0000,0,ChildNeutralIdle+ChildNaturalWalk,0.2755,0.2992,0.000
46.992,street,Can,-0.5611,0.0194,19.9500,0.0012,0,ChildNeutralIdle+ChildNaturalWalk,0.1677,0.1510,0.000
47.024,street,Deniz,0.0000,0.0137,24.9426,0.0000,0,ChildNeutralIdle+ChildNaturalWalk,0.2757,0.2994,0.000
47.024,street,Can,-0.5610,0.0194,19.9500,0.0013,0,ChildNeutralIdle+ChildNaturalWalk,0.1673,0.1508,0.000
47.057,street,Deniz,0.0000,0.0137,24.9426,0.0000,0,ChildNeutralIdle+ChildNaturalWalk,0.2758,0.2995,0.000
47.057,street,Can,-0.5610,0.0194,19.9500,0.0013,0,ChildNeutralIdle+ChildNaturalWalk,0.1669,0.1507,0.000
47.091,street,Deniz,0.0000,0.0137,24.9426,0.0000,0,ChildNeutralIdle+ChildNaturalWalk,0.2760,0.2997,0.000
47.091,street,Can,-0.5610,0.0194,19.9500,0.0013,0,ChildNeutralIdle+ChildNaturalWalk,0.1665,0.1505,0.000
47.124,street,Deniz,0.0000,0.0137,24.9426,0.0000,0,ChildNeutralIdle+ChildNaturalWalk,0.2762,0.2998,0.000
47.124,street,Can,-0.5609,0.0194,19.9500,0.0013,0,ChildNeutralIdle+ChildNaturalWalk,0.1661,0.1504,0.000
47.157,street,Deniz,0.0000,0.0137,24.9426,0.0000,0,ChildNeutralIdle+ChildNaturalWalk,0.2763,0.3000,0.000
47.157,street,Can,-0.5609,0.0194,19.9500,0.0012,0,ChildNeutralIdle+ChildNaturalWalk,0.1657,0.1502,0.000
47.191,street,Deniz,0.0000,0.0137,24.9426,0.0000,0,ChildNeutralIdle+ChildNaturalWalk,0.2765,0.3001,0.000
47.191,street,Can,-0.5608,0.0194,19.9500,0.0012,0,ChildNeutralIdle+ChildNaturalWalk,0.1653,0.1501,0.000
47.224,street,Deniz,0.0000,0.0137,24.9426,0.0000,0,ChildNeutralIdle+ChildNaturalWalk,0.2767,0.3002,0.000
47.224,street,Can,-0.5608,0.0194,19.9500,0.0013,0,ChildNeutralIdle+ChildNaturalWalk,0.1650,0.1500,0.000
47.257,street,Deniz,0.0000,0.0137,24.9426,0.0000,0,ChildNeutralIdle+ChildNaturalWalk,0.2769,0.3003,0.000
47.257,street,Can,-0.5608,0.0194,19.9500,0.0013,0,ChildNeutralIdle+ChildNaturalWalk,0.1646,0.1500,0.000
47.291,street,Deniz,0.0000,0.0137,24.9426,0.0000,0,ChildNeutralIdle+ChildNaturalWalk,0.2771,0.3004,0.000
47.291,street,Can,-0.5607,0.0194,19.9500,0.0013,0,ChildNeutralIdle+ChildNaturalWalk,0.1642,0.1499,0.000
47.324,street,Deniz,0.0000,0.0137,24.9426,0.0000,0,ChildNeutralIdle+ChildNaturalWalk,0.2773,0.3004,0.000
47.324,street,Can,-0.5607,0.0194,19.9500,0.0012,0,ChildNeutralIdle+ChildNaturalWalk,0.1639,0.1499,0.000
47.357,street,Deniz,0.0000,0.0137,24.9426,0.0000,0,ChildNeutralIdle+ChildNaturalWalk,0.2775,0.3005,0.000
47.357,street,Can,-0.5606,0.0194,19.9500,0.0012,0,ChildNeutralIdle+ChildNaturalWalk,0.1636,0.1499,0.000
47.391,street,Deniz,0.0000,0.0137,24.9426,0.0000,0,ChildNeutralIdle+ChildNaturalWalk,0.2777,0.3005,0.000
47.391,street,Can,-0.5606,0.0194,19.9500,0.0012,0,ChildNeutralIdle+ChildNaturalWalk,0.1633,0.1499,0.000
47.424,street,Deniz,0.0000,0.0137,24.9426,0.0000,0,ChildNeutralIdle+ChildNaturalWalk,0.2778,0.3005,0.000
47.424,street,Can,-0.5605,0.0194,19.9500,0.0013,0,ChildNeutralIdle+ChildNaturalWalk,0.1630,0.1499,0.000
47.458,street,Deniz,0.0000,0.0137,24.9426,0.0000,0,ChildNeutralIdle+ChildNaturalWalk,0.2780,0.3006,0.000
47.458,street,Can,-0.5605,0.0194,19.9500,0.0013,0,ChildNeutralIdle+ChildNaturalWalk,0.1628,0.1500,0.000
47.491,street,Deniz,0.0000,0.0137,24.9426,0.0000,0,ChildNeutralIdle+ChildNaturalWalk,0.2782,0.3006,0.000
47.491,street,Can,-0.5605,0.0194,19.9500,0.0013,0,ChildNeutralIdle+ChildNaturalWalk,0.1626,0.1501,0.000
47.524,street,Deniz,0.0000,0.0137,24.9426,0.0000,0,ChildNeutralIdle+ChildNaturalWalk,0.2784,0.3006,0.000
47.524,street,Can,-0.5604,0.0194,19.9500,0.0012,0,ChildNeutralIdle+ChildNaturalWalk,0.1624,0.1502,0.000
47.557,street,Deniz,0.0000,0.0137,24.9426,0.0000,0,ChildNeutralIdle+ChildNaturalWalk,0.2786,0.3005,0.000
47.557,street,Can,-0.5604,0.0194,19.9500,0.0012,0,ChildNeutralIdle+ChildNaturalWalk,0.1623,0.1503,0.000
47.590,street,Deniz,0.0000,0.0137,24.9426,0.0000,0,ChildNeutralIdle+ChildNaturalWalk,0.2787,0.3005,0.000
47.590,street,Can,-0.5603,0.0194,19.9500,0.0012,0,ChildNeutralIdle+ChildNaturalWalk,0.1622,0.1504,0.000
47.624,street,Deniz,0.0000,0.0137,24.9426,0.0000,0,ChildNeutralIdle+ChildNaturalWalk,0.2789,0.3004,0.000
47.624,street,Can,-0.5603,0.0194,19.9500,0.0013,0,ChildNeutralIdle+ChildNaturalWalk,0.1621,0.1506,0.000
47.657,street,Deniz,0.0000,0.0137,24.9426,0.0000,0,ChildNeutralIdle+ChildNaturalWalk,0.2790,0.3004,0.000
47.657,street,Can,-0.5603,0.0194,19.9500,0.0013,0,ChildNeutralIdle+ChildNaturalWalk,0.1620,0.1508,0.000
47.690,street,Deniz,0.0000,0.0137,24.9426,0.0000,0,ChildNeutralIdle+ChildNaturalWalk,0.2792,0.3003,0.000
47.690,street,Can,-0.5602,0.0194,19.9500,0.0013,0,ChildNeutralIdle+ChildNaturalWalk,0.1620,0.1510,0.000
47.724,street,Deniz,0.0000,0.0137,24.9426,0.0000,0,ChildNeutralIdle+ChildNaturalWalk,0.2793,0.3002,0.000
47.724,street,Can,-0.5602,0.0194,19.9500,0.0012,0,ChildNeutralIdle+ChildNaturalWalk,0.1620,0.1512,0.000
47.757,street,Deniz,0.0000,0.0137,24.9426,0.0000,0,ChildNeutralIdle+ChildNaturalWalk,0.2794,0.3001,0.000
47.757,street,Can,-0.5601,0.0194,19.9500,0.0012,0,ChildNeutralIdle+ChildNaturalWalk,0.1621,0.1514,0.000
47.790,street,Deniz,0.0000,0.0137,24.9426,0.0000,0,ChildNeutralIdle+ChildNaturalWalk,0.2795,0.3000,0.000
47.790,street,Can,-0.5601,0.0194,19.9500,0.0012,0,ChildNeutralIdle+ChildNaturalWalk,0.1622,0.1516,0.000
47.824,street,Deniz,0.0000,0.0137,24.9426,0.0000,0,ChildNeutralIdle+ChildNaturalWalk,0.2796,0.2998,0.000
47.824,street,Can,-0.5600,0.0194,19.9500,0.0013,0,ChildNeutralIdle+ChildNaturalWalk,0.1623,0.1518,0.000
47.857,street,Deniz,0.0000,0.0137,24.9426,0.0000,0,ChildNeutralIdle+ChildNaturalWalk,0.2796,0.2997,0.000
47.857,street,Can,-0.5600,0.0194,19.9500,0.0013,0,ChildNeutralIdle+ChildNaturalWalk,0.1625,0.1520,0.000
47.891,street,Deniz,0.0000,0.0137,24.9426,0.0000,0,ChildNeutralIdle+ChildNaturalWalk,0.2797,0.2995,0.000
47.891,street,Can,-0.5600,0.0194,19.9500,0.0013,0,ChildNeutralIdle+ChildNaturalWalk,0.1626,0.1523,0.000
47.924,street,Deniz,0.0000,0.0137,24.9426,0.0000,0,ChildNeutralIdle+ChildNaturalWalk,0.2797,0.2993,0.000
47.924,street,Can,-0.5599,0.0194,19.9500,0.0012,0,ChildNeutralIdle+ChildNaturalWalk,0.1629,0.1525,0.000
47.957,street,Deniz,0.0000,0.0137,24.9426,0.0000,0,ChildNeutralIdle+ChildNaturalWalk,0.2797,0.2991,0.000
47.957,street,Can,-0.5599,0.0194,19.9500,0.0012,0,ChildNeutralIdle+ChildNaturalWalk,0.1631,0.1527,0.000
47.991,street,Deniz,0.0000,0.0137,24.9426,0.0000,0,ChildNeutralIdle+ChildNaturalWalk,0.2797,0.2989,0.000
47.991,street,Can,-0.5598,0.0194,19.9500,0.0012,0,ChildNeutralIdle+ChildNaturalWalk,0.1634,0.1529,0.000
48.024,street,Deniz,0.0000,0.0137,24.9426,0.0000,0,ChildNeutralIdle+ChildNaturalWalk,0.2796,0.2987,0.000
48.024,street,Can,-0.5598,0.0194,19.9500,0.0013,0,ChildNeutralIdle+ChildNaturalWalk,0.1637,0.1531,0.000
48.057,street,Deniz,0.0000,0.0137,24.9426,0.0000,0,ChildNeutralIdle+ChildNaturalWalk,0.2796,0.2986,0.000
48.057,street,Can,-0.5598,0.0194,19.9500,0.0013,0,ChildNeutralIdle+ChildNaturalWalk,0.1640,0.1533,0.000
48.090,street,Deniz,0.0000,0.0137,24.9426,0.0000,0,ChildNeutralIdle+ChildNaturalWalk,0.2795,0.2984,0.000
48.090,street,Can,-0.5597,0.0194,19.9500,0.0013,0,ChildNeutralIdle+ChildNaturalWalk,0.1643,0.1534,0.000
48.124,street,Deniz,0.0000,0.0137,24.9426,0.0000,0,ChildNeutralIdle+ChildNaturalWalk,0.2793,0.2982,0.000
48.124,street,Can,-0.5597,0.0194,19.9500,0.0012,0,ChildNeutralIdle+ChildNaturalWalk,0.1647,0.1536,0.000
48.157,street,Deniz,0.0000,0.0137,24.9426,0.0000,0,ChildNeutralIdle+ChildNaturalWalk,0.2792,0.2981,0.000
48.157,street,Can,-0.5596,0.0194,19.9500,0.0012,0,ChildNeutralIdle+ChildNaturalWalk,0.1651,0.1538,0.000
48.193,street,Deniz,0.0000,0.0137,24.9426,0.0000,0,ChildNeutralIdle+ChildNaturalWalk,0.2791,0.2979,0.000
48.193,street,Can,-0.5596,0.0194,19.9500,0.0012,0,ChildNeutralIdle+ChildNaturalWalk,0.1655,0.1540,0.000
48.224,street,Deniz,0.0000,0.0137,24.9426,0.0000,0,ChildNeutralIdle+ChildNaturalWalk,0.2789,0.2978,0.000
48.224,street,Can,-0.5595,0.0194,19.9500,0.0013,0,ChildNeutralIdle+ChildNaturalWalk,0.1658,0.1541,0.000
48.257,street,Deniz,0.0000,0.0137,24.9426,0.0000,0,ChildNeutralIdle+ChildNaturalWalk,0.2787,0.2976,0.000
48.257,street,Can,-0.5595,0.0194,19.9500,0.0013,0,ChildNeutralIdle+ChildNaturalWalk,0.1662,0.1543,0.000
48.290,street,Deniz,0.0000,0.0137,24.9426,0.0000,0,ChildNeutralIdle+ChildNaturalWalk,0.2786,0.2975,0.000
48.290,street,Can,-0.5595,0.0194,19.9500,0.0013,0,ChildNeutralIdle+ChildNaturalWalk,0.1666,0.1544,0.000
48.324,street,Deniz,0.0000,0.0137,24.9426,0.0000,0,ChildNeutralIdle+ChildNaturalWalk,0.2784,0.2973,0.000
48.324,street,Can,-0.5594,0.0194,19.9500,0.0012,0,ChildNeutralIdle+ChildNaturalWalk,0.1671,0.1545,0.000
48.357,street,Deniz,0.0000,0.0137,24.9426,0.0000,0,ChildNeutralIdle+ChildNaturalWalk,0.2782,0.2972,0.000
48.357,street,Can,-0.5594,0.0194,19.9500,0.0012,0,ChildNeutralIdle+ChildNaturalWalk,0.1675,0.1546,0.000
48.390,street,Deniz,0.0000,0.0137,24.9426,0.0000,0,ChildNeutralIdle+ChildNaturalWalk,0.2780,0.2971,0.000
48.390,street,Can,-0.5593,0.0194,19.9500,0.0012,0,ChildNeutralIdle+ChildNaturalWalk,0.1678,0.1547,0.000
48.424,street,Deniz,0.0000,0.0137,24.9426,0.0000,0,ChildNeutralIdle+ChildNaturalWalk,0.2777,0.2969,0.000
48.424,street,Can,-0.5593,0.0194,19.9500,0.0013,0,ChildNeutralIdle+ChildNaturalWalk,0.1682,0.1548,0.000
48.458,street,Deniz,0.0000,0.0137,24.9426,0.0000,0,ChildNeutralIdle+ChildNaturalWalk,0.2775,0.2968,0.000
48.458,street,Can,-0.5593,0.0194,19.9500,0.0013,0,ChildNeutralIdle+ChildNaturalWalk,0.1686,0.1549,0.000
48.491,street,Deniz,0.0000,0.0137,24.9426,0.0000,0,ChildNeutralIdle+ChildNaturalWalk,0.2773,0.2968,0.000
48.491,street,Can,-0.5592,0.0194,19.9500,0.0013,0,ChildNeutralIdle+ChildNaturalWalk,0.1690,0.1549,0.000
48.524,street,Deniz,0.0000,0.0137,24.9426,0.0000,0,ChildNeutralIdle+ChildNaturalWalk,0.2771,0.2967,0.000
48.524,street,Can,-0.5592,0.0194,19.9500,0.0012,0,ChildNeutralIdle+ChildNaturalWalk,0.1693,0.1550,0.000
48.557,street,Deniz,0.0000,0.0137,24.9426,0.0000,0,ChildNeutralIdle+ChildNaturalWalk,0.2769,0.2966,0.000
48.557,street,Can,-0.5591,0.0194,19.9500,0.0012,0,ChildNeutralIdle+ChildNaturalWalk,0.1696,0.1550,0.000
48.591,street,Deniz,0.0000,0.0137,24.9426,0.0000,0,ChildNeutralIdle+ChildNaturalWalk,0.2766,0.2966,0.000
48.591,street,Can,-0.5591,0.0194,19.9500,0.0012,0,ChildNeutralIdle+ChildNaturalWalk,0.1699,0.1550,0.000
48.626,street,Deniz,0.0000,0.0137,24.9426,0.0000,0,ChildNeutralIdle+ChildNaturalWalk,0.2764,0.2966,0.000
48.626,street,Can,-0.5590,0.0194,19.9500,0.0013,0,ChildNeutralIdle+ChildNaturalWalk,0.1702,0.1550,0.000
48.657,street,Deniz,0.0000,0.0137,24.9426,0.0000,0,ChildNeutralIdle+ChildNaturalWalk,0.2762,0.2966,0.000
48.657,street,Can,-0.5590,0.0194,19.9500,0.0013,0,ChildNeutralIdle+ChildNaturalWalk,0.1705,0.1550,0.000
48.690,street,Deniz,0.0000,0.0137,24.9426,0.0000,0,ChildNeutralIdle+ChildNaturalWalk,0.2760,0.2966,0.000
48.690,street,Can,-0.5590,0.0194,19.9500,0.0013,0,ChildNeutralIdle+ChildNaturalWalk,0.1707,0.1549,0.000
48.724,street,Deniz,0.0000,0.0137,24.9426,0.0000,0,ChildNeutralIdle+ChildNaturalWalk,0.2758,0.2966,0.000
48.724,street,Can,-0.5589,0.0194,19.9500,0.0012,0,ChildNeutralIdle+ChildNaturalWalk,0.1709,0.1548,0.000
48.757,street,Deniz,0.0000,0.0137,24.9426,0.0000,0,ChildNeutralIdle+ChildNaturalWalk,0.2756,0.2966,0.000
48.757,street,Can,-0.5589,0.0194,19.9500,0.0012,0,ChildNeutralIdle+ChildNaturalWalk,0.1710,0.1548,0.000
48.791,street,Deniz,0.0000,0.0137,24.9426,0.0000,0,ChildNeutralIdle+ChildNaturalWalk,0.2755,0.2966,0.000
48.791,street,Can,-0.5588,0.0194,19.9500,0.0012,0,ChildNeutralIdle+ChildNaturalWalk,0.1711,0.1547,0.000
48.824,street,Deniz,0.0000,0.0137,24.9426,0.0000,0,ChildNeutralIdle+ChildNaturalWalk,0.2753,0.2966,0.000
48.824,street,Can,-0.5588,0.0194,19.9500,0.0013,0,ChildNeutralIdle+ChildNaturalWalk,0.1712,0.1545,0.000
48.857,street,Deniz,0.0000,0.0137,24.9426,0.0000,0,ChildNeutralIdle+ChildNaturalWalk,0.2751,0.2967,0.000
48.857,street,Can,-0.5588,0.0194,19.9500,0.0013,0,ChildNeutralIdle+ChildNaturalWalk,0.1712,0.1544,0.000
48.890,street,Deniz,0.0000,0.0137,24.9426,0.0000,0,ChildNeutralIdle+ChildNaturalWalk,0.2750,0.2968,0.000
48.890,street,Can,-0.5587,0.0194,19.9500,0.0013,0,ChildNeutralIdle+ChildNaturalWalk,0.1712,0.1543,0.000
48.924,street,Deniz,0.0000,0.0137,24.9426,0.0000,0,ChildNeutralIdle+ChildNaturalWalk,0.2749,0.2969,0.000
48.924,street,Can,-0.5587,0.0194,19.9500,0.0012,0,ChildNeutralIdle+ChildNaturalWalk,0.1712,0.1541,0.000
48.957,street,Deniz,0.0000,0.0137,24.9426,0.0000,0,ChildNeutralIdle+ChildNaturalWalk,0.2747,0.2970,0.000
48.957,street,Can,-0.5586,0.0194,19.9500,0.0012,0,ChildNeutralIdle+ChildNaturalWalk,0.1711,0.1539,0.000
48.991,street,Deniz,0.0000,0.0137,24.9426,0.0000,0,ChildNeutralIdle+ChildNaturalWalk,0.2746,0.2971,0.000
48.991,street,Can,-0.5586,0.0194,19.9500,0.0012,0,ChildNeutralIdle+ChildNaturalWalk,0.1710,0.1538,0.000
49.024,street,Deniz,0.0000,0.0137,24.9426,0.0000,0,ChildNeutralIdle+ChildNaturalWalk,0.2745,0.2972,0.000
49.024,street,Can,-0.5585,0.0194,19.9500,0.0013,0,ChildNeutralIdle+ChildNaturalWalk,0.1709,0.1536,0.000
49.057,street,Deniz,0.0000,0.0137,24.9426,0.0000,0,ChildNeutralIdle+ChildNaturalWalk,0.2745,0.2974,0.000
49.057,street,Can,-0.5585,0.0194,19.9500,0.0013,0,ChildNeutralIdle+ChildNaturalWalk,0.1708,0.1534,0.000
49.090,street,Deniz,0.0000,0.0137,24.9426,0.0000,0,ChildNeutralIdle+ChildNaturalWalk,0.2746,0.2976,0.000
49.090,street,Can,-0.5585,0.0194,19.9500,0.0013,0,ChildNeutralIdle+ChildNaturalWalk,0.1706,0.1532,0.000
49.124,street,Deniz,0.0000,0.0137,24.9426,0.0000,0,ChildNeutralIdle+ChildNaturalWalk,0.2746,0.2978,0.000
49.124,street,Can,-0.5584,0.0194,19.9500,0.0012,0,ChildNeutralIdle+ChildNaturalWalk,0.1704,0.1530,0.000
49.157,street,Deniz,0.0000,0.0137,24.9426,0.0000,0,ChildNeutralIdle+ChildNaturalWalk,0.2746,0.2980,0.000
49.157,street,Can,-0.5584,0.0194,19.9500,0.0012,0,ChildNeutralIdle+ChildNaturalWalk,0.1702,0.1528,0.000
49.191,street,Deniz,0.0000,0.0137,24.9426,0.0000,0,ChildNeutralIdle+ChildNaturalWalk,0.2747,0.2982,0.000
49.191,street,Can,-0.5583,0.0194,19.9500,0.0012,0,ChildNeutralIdle+ChildNaturalWalk,0.1699,0.1526,0.000
49.224,street,Deniz,0.0000,0.0137,24.9426,0.0000,0,ChildNeutralIdle+ChildNaturalWalk,0.2748,0.2983,0.000
49.224,street,Can,-0.5583,0.0194,19.9500,0.0013,0,ChildNeutralIdle+ChildNaturalWalk,0.1696,0.1524,0.000
49.258,street,Deniz,0.0000,0.0137,24.9426,0.0000,0,ChildNeutralIdle+ChildNaturalWalk,0.2749,0.2985,0.000
49.258,street,Can,-0.5583,0.0194,19.9500,0.0013,0,ChildNeutralIdle+ChildNaturalWalk,0.1693,0.1522,0.000
49.291,street,Deniz,0.0000,0.0137,24.9426,0.0000,0,ChildNeutralIdle+ChildNaturalWalk,0.2750,0.2987,0.000
49.291,street,Can,-0.5582,0.0194,19.9500,0.0013,0,ChildNeutralIdle+ChildNaturalWalk,0.1689,0.1520,0.000
49.324,street,Deniz,0.0000,0.0137,24.9426,0.0000,0,ChildNeutralIdle+ChildNaturalWalk,0.2751,0.2989,0.000
49.324,street,Can,-0.5582,0.0194,19.9500,0.0012,0,ChildNeutralIdle+ChildNaturalWalk,0.1686,0.1519,0.000
49.357,street,Deniz,0.0000,0.0137,24.9426,0.0000,0,ChildNeutralIdle+ChildNaturalWalk,0.2753,0.2990,0.000
49.357,street,Can,-0.5581,0.0194,19.9500,0.0012,0,ChildNeutralIdle+ChildNaturalWalk,0.1682,0.1517,0.000
49.395,street,Deniz,0.0000,0.0137,24.9426,0.0000,0,ChildNeutralIdle+ChildNaturalWalk,0.2754,0.2992,0.000
49.395,street,Can,-0.5581,0.0194,19.9500,0.0012,0,ChildNeutralIdle+ChildNaturalWalk,0.1678,0.1515,0.000
49.429,street,Deniz,0.0000,0.0137,24.9426,0.0000,0,ChildNeutralIdle+ChildNaturalWalk,0.2756,0.2994,0.000
49.429,street,Can,-0.5580,0.0194,19.9500,0.0013,0,ChildNeutralIdle+ChildNaturalWalk,0.1674,0.1513,0.000
49.462,street,Deniz,0.0000,0.0137,24.9426,0.0000,0,ChildNeutralIdle+ChildNaturalWalk,0.2757,0.2995,0.000
49.462,street,Can,-0.5580,0.0194,19.9500,0.0013,0,ChildNeutralIdle+ChildNaturalWalk,0.1670,0.1512,0.000
49.496,street,Deniz,0.0000,0.0137,24.9426,0.0000,0,ChildNeutralIdle+ChildNaturalWalk,0.2759,0.2997,0.000
49.496,street,Can,-0.5580,0.0194,19.9500,0.0013,0,ChildNeutralIdle+ChildNaturalWalk,0.1665,0.1510,0.000
49.529,street,Deniz,0.0000,0.0137,24.9426,0.0000,0,ChildNeutralIdle+ChildNaturalWalk,0.2761,0.2998,0.000
49.529,street,Can,-0.5579,0.0194,19.9500,0.0012,0,ChildNeutralIdle+ChildNaturalWalk,0.1661,0.1509,0.000
49.562,street,Deniz,0.0000,0.0137,24.9426,0.0000,0,ChildNeutralIdle+ChildNaturalWalk,0.2763,0.2999,0.000
49.562,street,Can,-0.5579,0.0194,19.9500,0.0012,0,ChildNeutralIdle+ChildNaturalWalk,0.1657,0.1507,0.000
49.595,street,Deniz,0.0000,0.0137,24.9426,0.0000,0,ChildNeutralIdle+ChildNaturalWalk,0.2765,0.3000,0.000
49.595,street,Can,-0.5578,0.0194,19.9500,0.0012,0,ChildNeutralIdle+ChildNaturalWalk,0.1653,0.1506,0.000
49.629,street,Deniz,0.0000,0.0137,24.9426,0.0000,0,ChildNeutralIdle+ChildNaturalWalk,0.2767,0.3001,0.000
49.629,street,Can,-0.5578,0.0194,19.9500,0.0013,0,ChildNeutralIdle+ChildNaturalWalk,0.1649,0.1505,0.000
49.662,street,Deniz,0.0000,0.0137,24.9426,0.0000,0,ChildNeutralIdle+ChildNaturalWalk,0.2769,0.3002,0.000
49.662,street,Can,-0.5578,0.0194,19.9500,0.0013,0,ChildNeutralIdle+ChildNaturalWalk,0.1645,0.1504,0.000
49.695,street,Deniz,0.0000,0.0137,24.9426,0.0000,0,ChildNeutralIdle+ChildNaturalWalk,0.2771,0.3003,0.000
49.695,street,Can,-0.5577,0.0194,19.9500,0.0013,0,ChildNeutralIdle+ChildNaturalWalk,0.1641,0.1504,0.000
49.730,street,Deniz,0.0000,0.0137,24.9426,0.0000,0,ChildNeutralIdle+ChildNaturalWalk,0.2773,0.3004,0.000
49.730,street,Can,-0.5577,0.0194,19.9500,0.0012,0,ChildNeutralIdle+ChildNaturalWalk,0.1637,0.1503,0.000
49.762,street,Deniz,0.0000,0.0137,24.9426,0.0000,0,ChildNeutralIdle+ChildNaturalWalk,0.2775,0.3004,0.000
49.762,street,Can,-0.5576,0.0194,19.9500,0.0012,0,ChildNeutralIdle+ChildNaturalWalk,0.1634,0.1503,0.000
49.795,street,Deniz,0.0000,0.0137,24.9426,0.0000,0,ChildNeutralIdle+ChildNaturalWalk,0.2777,0.3005,0.000
49.795,street,Can,-0.5576,0.0194,19.9500,0.0012,0,ChildNeutralIdle+ChildNaturalWalk,0.1631,0.1503,0.000
49.829,street,Deniz,0.0000,0.0137,24.9426,0.0000,0,ChildNeutralIdle+ChildNaturalWalk,0.2779,0.3005,0.000
49.829,street,Can,-0.5575,0.0194,19.9500,0.0013,0,ChildNeutralIdle+ChildNaturalWalk,0.1628,0.1504,0.000
49.862,street,Deniz,0.0000,0.0137,24.9426,0.0000,0,ChildNeutralIdle+ChildNaturalWalk,0.2781,0.3005,0.000
49.862,street,Can,-0.5575,0.0194,19.9500,0.0013,0,ChildNeutralIdle+ChildNaturalWalk,0.1626,0.1505,0.000
49.895,street,Deniz,0.0000,0.0137,24.9426,0.0000,0,ChildNeutralIdle+ChildNaturalWalk,0.2783,0.3005,0.000
49.895,street,Can,-0.5575,0.0194,19.9500,0.0013,0,ChildNeutralIdle+ChildNaturalWalk,0.1625,0.1506,0.000
49.930,street,Deniz,0.0000,0.0137,24.9426,0.0000,0,ChildNeutralIdle+ChildNaturalWalk,0.2785,0.3005,0.000
49.930,street,Can,-0.5574,0.0194,19.9500,0.0012,0,ChildNeutralIdle+ChildNaturalWalk,0.1623,0.1507,0.000
49.962,street,Deniz,0.0000,0.0137,24.9426,0.0000,0,ChildNeutralIdle+ChildNaturalWalk,0.2787,0.3005,0.000
49.962,street,Can,-0.5574,0.0194,19.9500,0.0012,0,ChildNeutralIdle+ChildNaturalWalk,0.1622,0.1509,0.000
49.995,street,Deniz,0.0000,0.0137,24.9426,0.0000,0,ChildNeutralIdle+ChildNaturalWalk,0.2789,0.3004,0.000
49.995,street,Can,-0.5573,0.0194,19.9500,0.0012,0,ChildNeutralIdle+ChildNaturalWalk,0.1621,0.1510,0.000
50.029,street,Deniz,0.0000,0.0137,24.9426,0.0000,0,ChildNeutralIdle+ChildNaturalWalk,0.2790,0.3003,0.000
50.029,street,Can,-0.5573,0.0194,19.9500,0.0013,0,ChildNeutralIdle+ChildNaturalWalk,0.1621,0.1512,0.000
50.062,street,Deniz,0.0000,0.0137,24.9426,0.0000,0,ChildNeutralIdle+ChildNaturalWalk,0.2792,0.3003,0.000
50.062,street,Can,-0.5573,0.0194,19.9500,0.0013,0,ChildNeutralIdle+ChildNaturalWalk,0.1620,0.1514,0.000
50.095,street,Deniz,0.0000,0.0137,24.9426,0.0000,0,ChildNeutralIdle+ChildNaturalWalk,0.2793,0.3002,0.000
50.095,street,Can,-0.5572,0.0194,19.9500,0.0013,0,ChildNeutralIdle+ChildNaturalWalk,0.1620,0.1515,0.000
50.129,street,Deniz,0.0000,0.0137,24.9426,0.0000,0,ChildNeutralIdle+ChildNaturalWalk,0.2795,0.3001,0.000
50.129,street,Can,-0.5572,0.0194,19.9500,0.0012,0,ChildNeutralIdle+ChildNaturalWalk,0.1621,0.1517,0.000
50.162,street,Deniz,0.0000,0.0137,24.9426,0.0000,0,ChildNeutralIdle+ChildNaturalWalk,0.2796,0.3001,0.000
50.162,street,Can,-0.5571,0.0194,19.9500,0.0012,0,ChildNeutralIdle+ChildNaturalWalk,0.1621,0.1519,0.000
50.196,street,Deniz,0.0000,0.0137,24.9426,0.0000,0,ChildNeutralIdle+ChildNaturalWalk,0.2797,0.3000,0.000
50.196,street,Can,-0.5571,0.0194,19.9500,0.0012,0,ChildNeutralIdle+ChildNaturalWalk,0.1622,0.1521,0.000
50.229,street,Deniz,0.0000,0.0137,24.9426,0.0000,0,ChildNeutralIdle+ChildNaturalWalk,0.2797,0.2999,0.000
50.229,street,Can,-0.5570,0.0194,19.9500,0.0013,0,ChildNeutralIdle+ChildNaturalWalk,0.1623,0.1524,0.000
50.262,street,Deniz,0.0000,0.0137,24.9426,0.0000,0,ChildNeutralIdle+ChildNaturalWalk,0.2798,0.2997,0.000
50.262,street,Can,-0.5570,0.0194,19.9500,0.0013,0,ChildNeutralIdle+ChildNaturalWalk,0.1625,0.1526,0.000
50.296,street,Deniz,0.0000,0.0137,24.9426,0.0000,0,ChildNeutralIdle+ChildNaturalWalk,0.2798,0.2996,0.000
50.296,street,Can,-0.5570,0.0194,19.9500,0.0013,0,ChildNeutralIdle+ChildNaturalWalk,0.1627,0.1528,0.000
50.329,street,Deniz,0.0000,0.0137,24.9426,0.0000,0,ChildNeutralIdle+ChildNaturalWalk,0.2798,0.2995,0.000
50.329,street,Can,-0.5569,0.0194,19.9500,0.0012,0,ChildNeutralIdle+ChildNaturalWalk,0.1629,0.1530,0.000
50.362,street,Deniz,0.0000,0.0137,24.9426,0.0000,0,ChildNeutralIdle+ChildNaturalWalk,0.2798,0.2993,0.000
50.362,street,Can,-0.5569,0.0194,19.9500,0.0012,0,ChildNeutralIdle+ChildNaturalWalk,0.1631,0.1532,0.000
50.395,street,Deniz,0.0000,0.0137,24.9426,0.0000,0,ChildNeutralIdle+ChildNaturalWalk,0.2798,0.2991,0.000
50.395,street,Can,-0.5568,0.0194,19.9500,0.0012,0,ChildNeutralIdle+ChildNaturalWalk,0.1634,0.1534,0.000
50.429,street,Deniz,0.0000,0.0137,24.9426,0.0000,0,ChildNeutralIdle+ChildNaturalWalk,0.2797,0.2989,0.000
50.429,street,Can,-0.5568,0.0194,19.9500,0.0013,0,ChildNeutralIdle+ChildNaturalWalk,0.1637,0.1536,0.000
50.462,street,Deniz,0.0000,0.0137,24.9426,0.0000,0,ChildNeutralIdle+ChildNaturalWalk,0.2796,0.2987,0.000
50.462,street,Can,-0.5568,0.0194,19.9500,0.0013,0,ChildNeutralIdle+ChildNaturalWalk,0.1640,0.1538,0.000
50.496,street,Deniz,0.0000,0.0137,24.9426,0.0000,0,ChildNeutralIdle+ChildNaturalWalk,0.2795,0.2985,0.000
50.496,street,Can,-0.5567,0.0194,19.9500,0.0013,0,ChildNeutralIdle+ChildNaturalWalk,0.1644,0.1539,0.000
50.530,street,Deniz,0.0000,0.0137,24.9426,0.0000,0,ChildNeutralIdle+ChildNaturalWalk,0.2794,0.2983,0.000
50.530,street,Can,-0.5567,0.0194,19.9500,0.0012,0,ChildNeutralIdle+ChildNaturalWalk,0.1647,0.1541,0.000
50.562,street,Deniz,0.0000,0.0137,24.9426,0.0000,0,ChildNeutralIdle+ChildNaturalWalk,0.2793,0.2981,0.000
50.562,street,Can,-0.5566,0.0194,19.9500,0.0012,0,ChildNeutralIdle+ChildNaturalWalk,0.1651,0.1543,0.000
50.595,street,Deniz,0.0000,0.0137,24.9426,0.0000,0,ChildNeutralIdle+ChildNaturalWalk,0.2791,0.2979,0.000
50.595,street,Can,-0.5566,0.0194,19.9500,0.0012,0,ChildNeutralIdle+ChildNaturalWalk,0.1655,0.1544,0.000
50.628,street,Deniz,0.0000,0.0137,24.9426,0.0000,0,ChildNeutralIdle+ChildNaturalWalk,0.2790,0.2977,0.000
50.628,street,Can,-0.5565,0.0194,19.9500,0.0013,0,ChildNeutralIdle+ChildNaturalWalk,0.1659,0.1546,0.000
50.662,street,Deniz,0.0000,0.0137,24.9426,0.0000,0,ChildNeutralIdle+ChildNaturalWalk,0.2788,0.2975,0.000
50.662,street,Can,-0.5565,0.0194,19.9500,0.0013,0,ChildNeutralIdle+ChildNaturalWalk,0.1663,0.1547,0.000
50.695,street,Deniz,0.0000,0.0137,24.9426,0.0000,0,ChildNeutralIdle+ChildNaturalWalk,0.2786,0.2973,0.000
50.695,street,Can,-0.5565,0.0194,19.9500,0.0013,0,ChildNeutralIdle+ChildNaturalWalk,0.1667,0.1548,0.000
50.729,street,Deniz,0.0000,0.0137,24.9426,0.0000,0,ChildNeutralIdle+ChildNaturalWalk,0.2784,0.2971,0.000
50.729,street,Can,-0.5564,0.0194,19.9500,0.0012,0,ChildNeutralIdle+ChildNaturalWalk,0.1671,0.1549,0.000
50.763,street,Deniz,0.0000,0.0137,24.9426,0.0000,0,ChildNeutralIdle+ChildNaturalWalk,0.2783,0.2970,0.000
50.763,street,Can,-0.5564,0.0194,19.9500,0.0012,0,ChildNeutralIdle+ChildNaturalWalk,0.1675,0.1550,0.000
50.795,street,Deniz,0.0000,0.0137,24.9426,0.0000,0,ChildNeutralIdle+ChildNaturalWalk,0.2781,0.2968,0.000
50.795,street,Can,-0.5563,0.0194,19.9500,0.0012,0,ChildNeutralIdle+ChildNaturalWalk,0.1678,0.1551,0.000
50.829,street,Deniz,0.0000,0.0137,24.9426,0.0000,0,ChildNeutralIdle+ChildNaturalWalk,0.2779,0.2967,0.000
50.829,street,Can,-0.5563,0.0194,19.9500,0.0012,0,ChildNeutralIdle+ChildNaturalWalk,0.1682,0.1551,0.000
50.862,street,Deniz,0.0000,0.0137,24.9426,0.0000,0,ChildNeutralIdle+ChildNaturalWalk,0.2777,0.2965,0.000
50.862,street,Can,-0.5563,0.0194,19.9500,0.0013,0,ChildNeutralIdle+ChildNaturalWalk,0.1686,0.1551,0.000
50.895,street,Deniz,0.0000,0.0137,24.9426,0.0000,0,ChildNeutralIdle+ChildNaturalWalk,0.2775,0.2964,0.000
50.895,street,Can,-0.5562,0.0194,19.9500,0.0012,0,ChildNeutralIdle+ChildNaturalWalk,0.1689,0.1552,0.000
50.929,street,Deniz,0.0000,0.0137,24.9426,0.0000,0,ChildNeutralIdle+ChildNaturalWalk,0.2773,0.2963,0.000
50.929,street,Can,-0.5562,0.0194,19.9500,0.0012,0,ChildNeutralIdle+ChildNaturalWalk,0.1693,0.1552,0.000
50.962,street,Deniz,0.0000,0.0137,24.9426,0.0000,0,ChildNeutralIdle+ChildNaturalWalk,0.2771,0.2962,0.000
50.962,street,Can,-0.5561,0.0194,19.9500,0.0012,0,ChildNeutralIdle+ChildNaturalWalk,0.1696,0.1552,0.000
50.996,street,Deniz,0.0000,0.0137,24.9426,0.0000,0,ChildNeutralIdle+ChildNaturalWalk,0.2769,0.2962,0.000
50.996,street,Can,-0.5561,0.0194,19.9500,0.0012,0,ChildNeutralIdle+ChildNaturalWalk,0.1699,0.1551,0.000
51.030,street,Deniz,0.0000,0.0137,24.9426,0.0000,0,ChildNeutralIdle+ChildNaturalWalk,0.2767,0.2961,0.000
51.030,street,Can,-0.5561,0.0194,19.9500,0.0012,0,ChildNeutralIdle+ChildNaturalWalk,0.1701,0.1551,0.000
51.062,street,Deniz,0.0000,0.0137,24.9426,0.0000,0,ChildNeutralIdle+ChildNaturalWalk,0.2765,0.2961,0.000
51.062,street,Can,-0.5560,0.0194,19.9500,0.0013,0,ChildNeutralIdle+ChildNaturalWalk,0.1703,0.1550,0.000
51.095,street,Deniz,0.0000,0.0137,24.9426,0.0000,0,ChildNeutralIdle+ChildNaturalWalk,0.2763,0.2960,0.000
51.095,street,Can,-0.5560,0.0194,19.9500,0.0012,0,ChildNeutralIdle+ChildNaturalWalk,0.1705,0.1549,0.000
51.134,street,Deniz,0.0000,0.0137,24.9426,0.0000,0,ChildNeutralIdle+ChildNaturalWalk,0.2761,0.2960,0.000
51.134,street,Can,-0.5559,0.0194,19.9500,0.0012,0,ChildNeutralIdle+ChildNaturalWalk,0.1707,0.1548,0.000
51.163,street,Deniz,0.0000,0.0137,24.9426,0.0000,0,ChildNeutralIdle+ChildNaturalWalk,0.2760,0.2960,0.000
51.163,street,Can,-0.5559,0.0194,19.9500,0.0012,0,ChildNeutralIdle+ChildNaturalWalk,0.1708,0.1547,0.000
51.196,street,Deniz,0.0000,0.0137,24.9426,0.0000,0,ChildNeutralIdle+ChildNaturalWalk,0.2758,0.2960,0.000
51.196,street,Can,-0.5558,0.0194,19.9500,0.0012,0,ChildNeutralIdle+ChildNaturalWalk,0.1709,0.1545,0.000
51.229,street,Deniz,0.0000,0.0137,24.9426,0.0000,0,ChildNeutralIdle+ChildNaturalWalk,0.2757,0.2961,0.000
51.229,street,Can,-0.5558,0.0194,19.9500,0.0012,0,ChildNeutralIdle+ChildNaturalWalk,0.1709,0.1544,0.000
51.262,street,Deniz,0.0000,0.0137,24.9426,0.0000,0,ChildNeutralIdle+ChildNaturalWalk,0.2756,0.2961,0.000
51.262,street,Can,-0.5558,0.0194,19.9500,0.0013,0,ChildNeutralIdle+ChildNaturalWalk,0.1709,0.1542,0.000
51.296,street,Deniz,0.0000,0.0137,24.9426,0.0000,0,ChildNeutralIdle+ChildNaturalWalk,0.2754,0.2962,0.000
51.296,street,Can,-0.5557,0.0194,19.9500,0.0012,0,ChildNeutralIdle+ChildNaturalWalk,0.1709,0.1541,0.000
51.329,street,Deniz,0.0000,0.0137,24.9426,0.0000,0,ChildNeutralIdle+ChildNaturalWalk,0.2753,0.2962,0.000
51.329,street,Can,-0.5557,0.0194,19.9500,0.0012,0,ChildNeutralIdle+ChildNaturalWalk,0.1709,0.1539,0.000
51.362,street,Deniz,0.0000,0.0137,24.9426,0.0000,0,ChildNeutralIdle+ChildNaturalWalk,0.2752,0.2963,0.000
51.362,street,Can,-0.5556,0.0194,19.9500,0.0012,0,ChildNeutralIdle+ChildNaturalWalk,0.1708,0.1537,0.000
51.395,street,Deniz,0.0000,0.0137,24.9426,0.0000,0,ChildNeutralIdle+ChildNaturalWalk,0.2751,0.2964,0.000
51.395,street,Can,-0.5556,0.0194,19.9500,0.0012,0,ChildNeutralIdle+ChildNaturalWalk,0.1707,0.1535,0.000
51.429,street,Deniz,0.0000,0.0137,24.9426,0.0000,0,ChildNeutralIdle+ChildNaturalWalk,0.2751,0.2966,0.000
51.429,street,Can,-0.5556,0.0194,19.9500,0.0012,0,ChildNeutralIdle+ChildNaturalWalk,0.1706,0.1533,0.000
51.462,street,Deniz,0.0000,0.0137,24.9426,0.0000,0,ChildNeutralIdle+ChildNaturalWalk,0.2750,0.2967,0.000
51.462,street,Can,-0.5555,0.0194,19.9500,0.0013,0,ChildNeutralIdle+ChildNaturalWalk,0.1705,0.1531,0.000
51.496,street,Deniz,0.0000,0.0137,24.9426,0.0000,0,ChildNeutralIdle+ChildNaturalWalk,0.2750,0.2969,0.000
51.496,street,Can,-0.5555,0.0194,19.9500,0.0012,0,ChildNeutralIdle+ChildNaturalWalk,0.1703,0.1529,0.000
51.529,street,Deniz,0.0000,0.0137,24.9426,0.0000,0,ChildNeutralIdle+ChildNaturalWalk,0.2750,0.2971,0.000
51.529,street,Can,-0.5554,0.0194,19.9500,0.0012,0,ChildNeutralIdle+ChildNaturalWalk,0.1701,0.1527,0.000
51.562,street,Deniz,0.0000,0.0137,24.9426,0.0000,0,ChildNeutralIdle+ChildNaturalWalk,0.2750,0.2974,0.000
51.562,street,Can,-0.5554,0.0194,19.9500,0.0012,0,ChildNeutralIdle+ChildNaturalWalk,0.1699,0.1524,0.000
51.596,street,Deniz,0.0000,0.0137,24.9426,0.0000,0,ChildNeutralIdle+ChildNaturalWalk,0.2750,0.2976,0.000
51.596,street,Can,-0.5553,0.0194,19.9500,0.0012,0,ChildNeutralIdle+ChildNaturalWalk,0.1696,0.1522,0.000
51.629,street,Deniz,0.0000,0.0137,24.9426,0.0000,0,ChildNeutralIdle+ChildNaturalWalk,0.2750,0.2979,0.000
51.629,street,Can,-0.5553,0.0194,19.9500,0.0012,0,ChildNeutralIdle+ChildNaturalWalk,0.1693,0.1520,0.000
51.662,street,Deniz,0.0000,0.0137,24.9426,0.0000,0,ChildNeutralIdle+ChildNaturalWalk,0.2751,0.2981,0.000
51.662,street,Can,-0.5553,0.0194,19.9500,0.0013,0,ChildNeutralIdle+ChildNaturalWalk,0.1691,0.1518,0.000
51.695,street,Deniz,0.0000,0.0137,24.9426,0.0000,0,ChildNeutralIdle+ChildNaturalWalk,0.2752,0.2984,0.000
51.695,street,Can,-0.5552,0.0194,19.9500,0.0012,0,ChildNeutralIdle+ChildNaturalWalk,0.1687,0.1516,0.000
51.729,street,Deniz,0.0000,0.0137,24.9426,0.0000,0,ChildNeutralIdle+ChildNaturalWalk,0.2752,0.2987,0.000
51.729,street,Can,-0.5552,0.0194,19.9500,0.0012,0,ChildNeutralIdle+ChildNaturalWalk,0.1684,0.1514,0.000
51.762,street,Deniz,0.0000,0.0137,24.9426,0.0000,0,ChildNeutralIdle+ChildNaturalWalk,0.2754,0.2989,0.000
51.762,street,Can,-0.5551,0.0194,19.9500,0.0012,0,ChildNeutralIdle+ChildNaturalWalk,0.1681,0.1512,0.000
51.795,street,Deniz,0.0000,0.0137,24.9426,0.0000,0,ChildNeutralIdle+ChildNaturalWalk,0.2755,0.2991,0.000
51.795,street,Can,-0.5551,0.0194,19.9500,0.0012,0,ChildNeutralIdle+ChildNaturalWalk,0.1677,0.1510,0.000
51.829,street,Deniz,0.0000,0.0137,24.9426,0.0000,0,ChildNeutralIdle+ChildNaturalWalk,0.2756,0.2993,0.000
51.829,street,Can,-0.5551,0.0194,19.9500,0.0012,0,ChildNeutralIdle+ChildNaturalWalk,0.1673,0.1509,0.000
51.863,street,Deniz,0.0000,0.0137,24.9426,0.0000,0,ChildNeutralIdle+ChildNaturalWalk,0.2758,0.2995,0.000
51.863,street,Can,-0.5550,0.0194,19.9500,0.0013,0,ChildNeutralIdle+ChildNaturalWalk,0.1669,0.1507,0.000
51.895,street,Deniz,0.0000,0.0137,24.9426,0.0000,0,ChildNeutralIdle+ChildNaturalWalk,0.2760,0.2996,0.000
51.895,street,Can,-0.5550,0.0194,19.9500,0.0012,0,ChildNeutralIdle+ChildNaturalWalk,0.1665,0.1505,0.000
51.930,street,Deniz,0.0000,0.0137,24.9426,0.0000,0,ChildNeutralIdle+ChildNaturalWalk,0.2761,0.2998,0.000
51.930,street,Can,-0.5549,0.0194,19.9500,0.0012,0,ChildNeutralIdle+ChildNaturalWalk,0.1661,0.1504,0.000
51.962,street,Deniz,0.0000,0.0137,24.9426,0.0000,0,ChildNeutralIdle+ChildNaturalWalk,0.2763,0.2999,0.000
51.962,street,Can,-0.5549,0.0194,19.9500,0.0012,0,ChildNeutralIdle+ChildNaturalWalk,0.1657,0.1503,0.000
51.996,street,Deniz,0.0000,0.0137,24.9426,0.0000,0,ChildNeutralIdle+ChildNaturalWalk,0.2765,0.3001,0.000
51.996,street,Can,-0.5549,0.0194,19.9500,0.0012,0,ChildNeutralIdle+ChildNaturalWalk,0.1654,0.1501,0.000
52.029,street,Deniz,0.0000,0.0137,24.9426,0.0000,0,ChildNeutralIdle+ChildNaturalWalk,0.2767,0.3002,0.000
52.029,street,Can,-0.5548,0.0194,19.9500,0.0012,0,ChildNeutralIdle+ChildNaturalWalk,0.1650,0.1500,0.000
52.062,street,Deniz,0.0000,0.0137,24.9426,0.0000,0,ChildNeutralIdle+ChildNaturalWalk,0.2768,0.3003,0.000
52.062,street,Can,-0.5548,0.0194,19.9500,0.0013,0,ChildNeutralIdle+ChildNaturalWalk,0.1646,0.1500,0.000
52.095,street,Deniz,0.0000,0.0137,24.9426,0.0000,0,ChildNeutralIdle+ChildNaturalWalk,0.2770,0.3004,0.000
52.095,street,Can,-0.5547,0.0194,19.9500,0.0012,0,ChildNeutralIdle+ChildNaturalWalk,0.1643,0.1499,0.000
52.128,street,Deniz,0.0000,0.0137,24.9426,0.0000,0,ChildNeutralIdle+ChildNaturalWalk,0.2772,0.3004,0.000
52.128,street,Can,-0.5547,0.0194,19.9500,0.0012,0,ChildNeutralIdle+ChildNaturalWalk,0.1639,0.1499,0.000
52.162,street,Deniz,0.0000,0.0137,24.9426,0.0000,0,ChildNeutralIdle+ChildNaturalWalk,0.2774,0.3005,0.000
52.162,street,Can,-0.5546,0.0194,19.9500,0.0012,0,ChildNeutralIdle+ChildNaturalWalk,0.1636,0.1499,0.000
52.198,street,Deniz,0.0000,0.0137,24.9426,0.0000,0,ChildNeutralIdle+ChildNaturalWalk,0.2776,0.3005,0.000
52.198,street,Can,-0.5546,0.0194,19.9500,0.0012,0,ChildNeutralIdle+ChildNaturalWalk,0.1633,0.1499,0.000
52.229,street,Deniz,0.0000,0.0137,24.9426,0.0000,0,ChildNeutralIdle+ChildNaturalWalk,0.2778,0.3005,0.000
52.229,street,Can,-0.5546,0.0194,19.9500,0.0012,0,ChildNeutralIdle+ChildNaturalWalk,0.1631,0.1499,0.000
52.261,street,Deniz,0.0000,0.0137,24.9426,0.0000,0,ChildNeutralIdle+ChildNaturalWalk,0.2780,0.3006,0.000
52.261,street,Can,-0.5545,0.0194,19.9500,0.0013,0,ChildNeutralIdle+ChildNaturalWalk,0.1628,0.1500,0.000
52.295,street,Deniz,0.0000,0.0137,24.9426,0.0000,0,ChildNeutralIdle+ChildNaturalWalk,0.2782,0.3006,0.000
52.295,street,Can,-0.5545,0.0194,19.9500,0.0012,0,ChildNeutralIdle+ChildNaturalWalk,0.1626,0.1500,0.000
52.329,street,Deniz,0.0000,0.0137,24.9426,0.0000,0,ChildNeutralIdle+ChildNaturalWalk,0.2783,0.3006,0.000
52.329,street,Can,-0.5544,0.0194,19.9500,0.0012,0,ChildNeutralIdle+ChildNaturalWalk,0.1624,0.1501,0.000
52.362,street,Deniz,0.0000,0.0137,24.9426,0.0000,0,ChildNeutralIdle+ChildNaturalWalk,0.2785,0.3005,0.000
52.362,street,Can,-0.5544,0.0194,19.9500,0.0012,0,ChildNeutralIdle+ChildNaturalWalk,0.1623,0.1503,0.000
52.395,street,Deniz,0.0000,0.0137,24.9426,0.0000,0,ChildNeutralIdle+ChildNaturalWalk,0.2787,0.3005,0.000
52.395,street,Can,-0.5544,0.0194,19.9500,0.0012,0,ChildNeutralIdle+ChildNaturalWalk,0.1622,0.1504,0.000
52.429,street,Deniz,0.0000,0.0137,24.9426,0.0000,0,ChildNeutralIdle+ChildNaturalWalk,0.2788,0.3005,0.000
52.429,street,Can,-0.5543,0.0194,19.9500,0.0012,0,ChildNeutralIdle+ChildNaturalWalk,0.1621,0.1506,0.000
52.462,street,Deniz,0.0000,0.0137,24.9426,0.0000,0,ChildNeutralIdle+ChildNaturalWalk,0.2790,0.3004,0.000
52.462,street,Can,-0.5543,0.0194,19.9500,0.0013,0,ChildNeutralIdle+ChildNaturalWalk,0.1620,0.1508,0.000
52.495,street,Deniz,0.0000,0.0137,24.9426,0.0000,0,ChildNeutralIdle+ChildNaturalWalk,0.2791,0.3003,0.000
52.495,street,Can,-0.5542,0.0194,19.9500,0.0012,0,ChildNeutralIdle+ChildNaturalWalk,0.1620,0.1510,0.000
52.528,street,Deniz,0.0000,0.0137,24.9426,0.0000,0,ChildNeutralIdle+ChildNaturalWalk,0.2793,0.3002,0.000
52.528,street,Can,-0.5542,0.0194,19.9500,0.0012,0,ChildNeutralIdle+ChildNaturalWalk,0.1620,0.1512,0.000
52.562,street,Deniz,0.0000,0.0137,24.9426,0.0000,0,ChildNeutralIdle+ChildNaturalWalk,0.2794,0.3001,0.000
52.562,street,Can,-0.5541,0.0194,19.9500,0.0012,0,ChildNeutralIdle+ChildNaturalWalk,0.1621,0.1514,0.000
52.596,street,Deniz,0.0000,0.0137,24.9426,0.0000,0,ChildNeutralIdle+ChildNaturalWalk,0.2795,0.3000,0.000
52.596,street,Can,-0.5541,0.0194,19.9500,0.0012,0,ChildNeutralIdle+ChildNaturalWalk,0.1622,0.1516,0.000
52.629,street,Deniz,0.0000,0.0137,24.9426,0.0000,0,ChildNeutralIdle+ChildNaturalWalk,0.2796,0.2998,0.000
52.629,street,Can,-0.5541,0.0194,19.9500,0.0012,0,ChildNeutralIdle+ChildNaturalWalk,0.1623,0.1518,0.000
52.662,street,Deniz,0.0000,0.0137,24.9426,0.0000,0,ChildNeutralIdle+ChildNaturalWalk,0.2796,0.2997,0.000
52.662,street,Can,-0.5540,0.0194,19.9500,0.0013,0,ChildNeutralIdle+ChildNaturalWalk,0.1624,0.1520,0.000
52.701,street,Deniz,0.0000,0.0137,24.9426,0.0000,0,ChildNeutralIdle+ChildNaturalWalk,0.2797,0.2995,0.000
52.701,street,Can,-0.5540,0.0194,19.9500,0.0012,0,ChildNeutralIdle+ChildNaturalWalk,0.1626,0.1522,0.000
52.734,street,Deniz,0.0000,0.0137,24.9426,0.0000,0,ChildNeutralIdle+ChildNaturalWalk,0.2797,0.2993,0.000
52.734,street,Can,-0.5539,0.0194,19.9500,0.0012,0,ChildNeutralIdle+ChildNaturalWalk,0.1628,0.1524,0.000
52.767,street,Deniz,0.0000,0.0137,24.9426,0.0000,0,ChildNeutralIdle+ChildNaturalWalk,0.2797,0.2992,0.000
52.767,street,Can,-0.5539,0.0194,19.9500,0.0012,0,ChildNeutralIdle+ChildNaturalWalk,0.1631,0.1527,0.000
52.801,street,Deniz,0.0000,0.0137,24.9426,0.0000,0,ChildNeutralIdle+ChildNaturalWalk,0.2797,0.2990,0.000
52.801,street,Can,-0.5539,0.0194,19.9500,0.0012,0,ChildNeutralIdle+ChildNaturalWalk,0.1633,0.1529,0.000
52.835,street,Deniz,0.0000,0.0137,24.9426,0.0000,0,ChildNeutralIdle+ChildNaturalWalk,0.2796,0.2988,0.000
52.835,street,Can,-0.5538,0.0194,19.9500,0.0012,0,ChildNeutralIdle+ChildNaturalWalk,0.1636,0.1531,0.000
52.868,street,Deniz,0.0000,0.0137,24.9426,0.0000,0,ChildNeutralIdle+ChildNaturalWalk,0.2796,0.2986,0.000
52.868,street,Can,-0.5538,0.0194,19.9500,0.0013,0,ChildNeutralIdle+ChildNaturalWalk,0.1640,0.1532,0.000
52.902,street,Deniz,0.0000,0.0137,24.9426,0.0000,0,ChildNeutralIdle+ChildNaturalWalk,0.2795,0.2984,0.000
52.902,street,Can,-0.5537,0.0194,19.9500,0.0012,0,ChildNeutralIdle+ChildNaturalWalk,0.1643,0.1534,0.000
52.934,street,Deniz,0.0000,0.0137,24.9426,0.0000,0,ChildNeutralIdle+ChildNaturalWalk,0.2794,0.2983,0.000
52.934,street,Can,-0.5537,0.0194,19.9500,0.0012,0,ChildNeutralIdle+ChildNaturalWalk,0.1647,0.1536,0.000
52.969,street,Deniz,0.0000,0.0137,24.9426,0.0000,0,ChildNeutralIdle+ChildNaturalWalk,0.2792,0.2981,0.000
52.969,street,Can,-0.5537,0.0194,19.9500,0.0012,0,ChildNeutralIdle+ChildNaturalWalk,0.1650,0.1538,0.000
53.001,street,Deniz,0.0000,0.0137,24.9426,0.0000,0,ChildNeutralIdle+ChildNaturalWalk,0.2791,0.2980,0.000
53.001,street,Can,-0.5536,0.0194,19.9500,0.0012,0,ChildNeutralIdle+ChildNaturalWalk,0.1654,0.1539,0.000
53.034,street,Deniz,0.0000,0.0137,24.9426,0.0000,0,ChildNeutralIdle+ChildNaturalWalk,0.2789,0.2978,0.000
53.034,street,Can,-0.5536,0.0194,19.9500,0.0012,0,ChildNeutralIdle+ChildNaturalWalk,0.1658,0.1541,0.000
53.068,street,Deniz,0.0000,0.0137,24.9426,0.0000,0,ChildNeutralIdle+ChildNaturalWalk,0.2788,0.2976,0.000
53.068,street,Can,-0.5535,0.0194,19.9500,0.0013,0,ChildNeutralIdle+ChildNaturalWalk,0.1662,0.1542,0.000
53.101,street,Deniz,0.0000,0.0137,24.9426,0.0000,0,ChildNeutralIdle+ChildNaturalWalk,0.2786,0.2975,0.000
53.101,street,Can,-0.5535,0.0194,19.9500,0.0012,0,ChildNeutralIdle+ChildNaturalWalk,0.1666,0.1544,0.000
53.135,street,Deniz,0.0000,0.0137,24.9426,0.0000,0,ChildNeutralIdle+ChildNaturalWalk,0.2784,0.2974,0.000
53.135,street,Can,-0.5534,0.0194,19.9500,0.0012,0,ChildNeutralIdle+ChildNaturalWalk,0.1670,0.1545,0.000
53.168,street,Deniz,0.0000,0.0137,24.9426,0.0000,0,ChildNeutralIdle+ChildNaturalWalk,0.2782,0.2972,0.000
53.168,street,Can,-0.5534,0.0194,19.9500,0.0012,0,ChildNeutralIdle+ChildNaturalWalk,0.1674,0.1546,0.000
53.201,street,Deniz,0.0000,0.0137,24.9426,0.0000,0,ChildNeutralIdle+ChildNaturalWalk,0.2780,0.2971,0.000
53.201,street,Can,-0.5534,0.0194,19.9500,0.0012,0,ChildNeutralIdle+ChildNaturalWalk,0.1678,0.1547,0.000
53.235,street,Deniz,0.0000,0.0137,24.9426,0.0000,0,ChildNeutralIdle+ChildNaturalWalk,0.2778,0.2970,0.000
53.235,street,Can,-0.5533,0.0194,19.9500,0.0012,0,ChildNeutralIdle+ChildNaturalWalk,0.1682,0.1548,0.000
53.268,street,Deniz,0.0000,0.0137,24.9426,0.0000,0,ChildNeutralIdle+ChildNaturalWalk,0.2776,0.2969,0.000
53.268,street,Can,-0.5533,0.0194,19.9500,0.0013,0,ChildNeutralIdle+ChildNaturalWalk,0.1686,0.1549,0.000
53.301,street,Deniz,0.0000,0.0137,24.9426,0.0000,0,ChildNeutralIdle+ChildNaturalWalk,0.2774,0.2968,0.000
53.301,street,Can,-0.5532,0.0194,19.9500,0.0012,0,ChildNeutralIdle+ChildNaturalWalk,0.1689,0.1549,0.000
53.334,street,Deniz,0.0000,0.0137,24.9426,0.0000,0,ChildNeutralIdle+ChildNaturalWalk,0.2771,0.2967,0.000
53.334,street,Can,-0.5532,0.0194,19.9500,0.0012,0,ChildNeutralIdle+ChildNaturalWalk,0.1693,0.1550,0.000
53.369,street,Deniz,0.0000,0.0137,24.9426,0.0000,0,ChildNeutralIdle+ChildNaturalWalk,0.2769,0.2967,0.000
53.369,street,Can,-0.5532,0.0194,19.9500,0.0012,0,ChildNeutralIdle+ChildNaturalWalk,0.1696,0.1550,0.000
53.401,street,Deniz,0.0000,0.0137,24.9426,0.0000,0,ChildNeutralIdle+ChildNaturalWalk,0.2767,0.2966,0.000
53.401,street,Can,-0.5531,0.0194,19.9500,0.0012,0,ChildNeutralIdle+ChildNaturalWalk,0.1699,0.1550,0.000
53.434,street,Deniz,0.0000,0.0137,24.9426,0.0000,0,ChildNeutralIdle+ChildNaturalWalk,0.2765,0.2966,0.000
53.434,street,Can,-0.5531,0.0194,19.9500,0.0012,0,ChildNeutralIdle+ChildNaturalWalk,0.1702,0.1550,0.000
53.468,street,Deniz,0.0000,0.0137,24.9426,0.0000,0,ChildNeutralIdle+ChildNaturalWalk,0.2763,0.2966,0.000
53.468,street,Can,-0.5530,0.0194,19.9500,0.0013,0,ChildNeutralIdle+ChildNaturalWalk,0.1705,0.1550,0.000
53.501,street,Deniz,0.0000,0.0137,24.9426,0.0000,0,ChildNeutralIdle+ChildNaturalWalk,0.2761,0.2966,0.000
53.501,street,Can,-0.5530,0.0194,19.9500,0.0012,0,ChildNeutralIdle+ChildNaturalWalk,0.1707,0.1549,0.000
53.534,street,Deniz,0.0000,0.0137,24.9426,0.0000,0,ChildNeutralIdle+ChildNaturalWalk,0.2759,0.2966,0.000
53.534,street,Can,-0.5530,0.0194,19.9500,0.0012,0,ChildNeutralIdle+ChildNaturalWalk,0.1708,0.1548,0.000
53.568,street,Deniz,0.0000,0.0137,24.9426,0.0000,0,ChildNeutralIdle+ChildNaturalWalk,0.2757,0.2966,0.000
53.568,street,Can,-0.5529,0.0194,19.9500,0.0012,0,ChildNeutralIdle+ChildNaturalWalk,0.1710,0.1548,0.000
53.601,street,Deniz,0.0000,0.0137,24.9426,0.0000,0,ChildNeutralIdle+ChildNaturalWalk,0.2755,0.2966,0.000
53.601,street,Can,-0.5529,0.0194,19.9500,0.0012,0,ChildNeutralIdle+ChildNaturalWalk,0.1711,0.1547,0.000
53.635,street,Deniz,0.0000,0.0137,24.9426,0.0000,0,ChildNeutralIdle+ChildNaturalWalk,0.2753,0.2966,0.000
53.635,street,Can,-0.5528,0.0194,19.9500,0.0012,0,ChildNeutralIdle+ChildNaturalWalk,0.1712,0.1545,0.000
53.668,street,Deniz,0.0000,0.0137,24.9426,0.0000,0,ChildNeutralIdle+ChildNaturalWalk,0.2752,0.2967,0.000
53.668,street,Can,-0.5528,0.0194,19.9500,0.0013,0,ChildNeutralIdle+ChildNaturalWalk,0.1712,0.1544,0.000
53.701,street,Deniz,0.0000,0.0137,24.9426,0.0000,0,ChildNeutralIdle+ChildNaturalWalk,0.2750,0.2968,0.000
53.701,street,Can,-0.5527,0.0194,19.9500,0.0012,0,ChildNeutralIdle+ChildNaturalWalk,0.1712,0.1543,0.000
53.734,street,Deniz,0.0000,0.0137,24.9426,0.0000,0,ChildNeutralIdle+ChildNaturalWalk,0.2749,0.2969,0.000
53.734,street,Can,-0.5527,0.0194,19.9500,0.0012,0,ChildNeutralIdle+ChildNaturalWalk,0.1712,0.1541,0.000
53.767,street,Deniz,0.0000,0.0137,24.9426,0.0000,0,ChildNeutralIdle+ChildNaturalWalk,0.2748,0.2970,0.000
53.767,street,Can,-0.5527,0.0194,19.9500,0.0012,0,ChildNeutralIdle+ChildNaturalWalk,0.1711,0.1540,0.000
53.801,street,Deniz,0.0000,0.0137,24.9426,0.0000,0,ChildNeutralIdle+ChildNaturalWalk,0.2747,0.2971,0.000
53.801,street,Can,-0.5526,0.0194,19.9500,0.0012,0,ChildNeutralIdle+ChildNaturalWalk,0.1710,0.1538,0.000
53.835,street,Deniz,0.0000,0.0137,24.9426,0.0000,0,ChildNeutralIdle+ChildNaturalWalk,0.2746,0.2972,0.000
53.835,street,Can,-0.5526,0.0194,19.9500,0.0012,0,ChildNeutralIdle+ChildNaturalWalk,0.1709,0.1536,0.000
53.868,street,Deniz,0.0000,0.0137,24.9426,0.0000,0,ChildNeutralIdle+ChildNaturalWalk,0.2745,0.2973,0.000
53.868,street,Can,-0.5525,0.0194,19.9500,0.0012,0,ChildNeutralIdle+ChildNaturalWalk,0.1708,0.1534,0.000
53.901,street,Deniz,0.0000,0.0137,24.9426,0.0000,0,ChildNeutralIdle+ChildNaturalWalk,0.2745,0.2975,0.000
53.901,street,Can,-0.5525,0.0194,19.9500,0.0012,0,ChildNeutralIdle+ChildNaturalWalk,0.1706,0.1532,0.000
53.934,street,Deniz,0.0000,0.0137,24.9426,0.0000,0,ChildNeutralIdle+ChildNaturalWalk,0.2746,0.2977,0.000
53.934,street,Can,-0.5525,0.0194,19.9500,0.0012,0,ChildNeutralIdle+ChildNaturalWalk,0.1704,0.1530,0.000
53.968,street,Deniz,0.0000,0.0137,24.9426,0.0000,0,ChildNeutralIdle+ChildNaturalWalk,0.2746,0.2979,0.000
53.968,street,Can,-0.5524,0.0194,19.9500,0.0012,0,ChildNeutralIdle+ChildNaturalWalk,0.1702,0.1528,0.000
54.001,street,Deniz,0.0000,0.0137,24.9426,0.0000,0,ChildNeutralIdle+ChildNaturalWalk,0.2747,0.2981,0.000
54.001,street,Can,-0.5524,0.0194,19.9500,0.0012,0,ChildNeutralIdle+ChildNaturalWalk,0.1699,0.1526,0.000
54.035,street,Deniz,0.0000,0.0137,24.9426,0.0000,0,ChildNeutralIdle+ChildNaturalWalk,0.2748,0.2983,0.000
54.035,street,Can,-0.5523,0.0194,19.9500,0.0012,0,ChildNeutralIdle+ChildNaturalWalk,0.1696,0.1524,0.000
54.067,street,Deniz,0.0000,0.0137,24.9426,0.0000,0,ChildNeutralIdle+ChildNaturalWalk,0.2749,0.2985,0.000
54.067,street,Can,-0.5523,0.0194,19.9500,0.0012,0,ChildNeutralIdle+ChildNaturalWalk,0.1693,0.1523,0.000
54.102,street,Deniz,0.0000,0.0137,24.9426,0.0000,0,ChildNeutralIdle+ChildNaturalWalk,0.2750,0.2987,0.000
54.102,street,Can,-0.5523,0.0194,19.9500,0.0012,0,ChildNeutralIdle+ChildNaturalWalk,0.1690,0.1521,0.000
54.134,street,Deniz,0.0000,0.0137,24.9426,0.0000,0,ChildNeutralIdle+ChildNaturalWalk,0.2751,0.2988,0.000
54.134,street,Can,-0.5522,0.0194,19.9500,0.0012,0,ChildNeutralIdle+ChildNaturalWalk,0.1686,0.1519,0.000
54.168,street,Deniz,0.0000,0.0137,24.9426,0.0000,0,ChildNeutralIdle+ChildNaturalWalk,0.2752,0.2990,0.000
54.168,street,Can,-0.5522,0.0194,19.9500,0.0012,0,ChildNeutralIdle+ChildNaturalWalk,0.1682,0.1517,0.000
54.202,street,Deniz,0.0000,0.0137,24.9426,0.0000,0,ChildNeutralIdle+ChildNaturalWalk,0.2754,0.2992,0.000
54.202,street,Can,-0.5521,0.0194,19.9500,0.0012,0,ChildNeutralIdle+ChildNaturalWalk,0.1678,0.1515,0.000
54.234,street,Deniz,0.0000,0.0137,24.9426,0.0000,0,ChildNeutralIdle+ChildNaturalWalk,0.2755,0.2993,0.000
54.234,street,Can,-0.5521,0.0194,19.9500,0.0012,0,ChildNeutralIdle+ChildNaturalWalk,0.1674,0.1513,0.000
54.267,street,Deniz,0.0000,0.0137,24.9426,0.0000,0,ChildNeutralIdle+ChildNaturalWalk,0.2757,0.2995,0.000
54.267,street,Can,-0.5520,0.0194,19.9500,0.0012,0,ChildNeutralIdle+ChildNaturalWalk,0.1670,0.1512,0.000
54.301,street,Deniz,0.0000,0.0137,24.9426,0.0000,0,ChildNeutralIdle+ChildNaturalWalk,0.2759,0.2996,0.000
54.301,street,Can,-0.5520,0.0194,19.9500,0.0012,0,ChildNeutralIdle+ChildNaturalWalk,0.1666,0.1510,0.000
54.335,street,Deniz,0.0000,0.0137,24.9426,0.0000,0,ChildNeutralIdle+ChildNaturalWalk,0.2761,0.2998,0.000
54.335,street,Can,-0.5520,0.0194,19.9500,0.0012,0,ChildNeutralIdle+ChildNaturalWalk,0.1662,0.1509,0.000
54.368,street,Deniz,0.0000,0.0137,24.9426,0.0000,0,ChildNeutralIdle+ChildNaturalWalk,0.2762,0.2999,0.000
54.368,street,Can,-0.5519,0.0194,19.9500,0.0012,0,ChildNeutralIdle+ChildNaturalWalk,0.1657,0.1508,0.000
54.401,street,Deniz,0.0000,0.0137,24.9426,0.0000,0,ChildNeutralIdle+ChildNaturalWalk,0.2764,0.3000,0.000
54.401,street,Can,-0.5519,0.0194,19.9500,0.0012,0,ChildNeutralIdle+ChildNaturalWalk,0.1653,0.1506,0.000
54.435,street,Deniz,0.0000,0.0137,24.9426,0.0000,0,ChildNeutralIdle+ChildNaturalWalk,0.2766,0.3001,0.000
54.435,street,Can,-0.5518,0.0194,19.9500,0.0012,0,ChildNeutralIdle+ChildNaturalWalk,0.1649,0.1505,0.000
54.468,street,Deniz,0.0000,0.0137,24.9426,0.0000,0,ChildNeutralIdle+ChildNaturalWalk,0.2768,0.3002,0.000
54.468,street,Can,-0.5518,0.0194,19.9500,0.0012,0,ChildNeutralIdle+ChildNaturalWalk,0.1645,0.1504,0.000
54.501,street,Deniz,0.0000,0.0137,24.9426,0.0000,0,ChildNeutralIdle+ChildNaturalWalk,0.2770,0.3003,0.000
54.501,street,Can,-0.5518,0.0194,19.9500,0.0012,0,ChildNeutralIdle+ChildNaturalWalk,0.1641,0.1504,0.000
54.534,street,Deniz,0.0000,0.0137,24.9426,0.0000,0,ChildNeutralIdle+ChildNaturalWalk,0.2772,0.3004,0.000
54.534,street,Can,-0.5517,0.0194,19.9500,0.0012,0,ChildNeutralIdle+ChildNaturalWalk,0.1638,0.1503,0.000
54.568,street,Deniz,0.0000,0.0137,24.9426,0.0000,0,ChildNeutralIdle+ChildNaturalWalk,0.2775,0.3004,0.000
54.568,street,Can,-0.5517,0.0194,19.9500,0.0012,0,ChildNeutralIdle+ChildNaturalWalk,0.1634,0.1503,0.000
54.601,street,Deniz,0.0000,0.0137,24.9426,0.0000,0,ChildNeutralIdle+ChildNaturalWalk,0.2777,0.3005,0.000
54.601,street,Can,-0.5516,0.0194,19.9500,0.0012,0,ChildNeutralIdle+ChildNaturalWalk,0.1631,0.1503,0.000
54.635,street,Deniz,0.0000,0.0137,24.9426,0.0000,0,ChildNeutralIdle+ChildNaturalWalk,0.2779,0.3005,0.000
54.635,street,Can,-0.5516,0.0194,19.9500,0.0012,0,ChildNeutralIdle+ChildNaturalWalk,0.1628,0.1504,0.000
54.668,street,Deniz,0.0000,0.0137,24.9426,0.0000,0,ChildNeutralIdle+ChildNaturalWalk,0.2781,0.3005,0.000
54.668,street,Can,-0.5516,0.0194,19.9500,0.0012,0,ChildNeutralIdle+ChildNaturalWalk,0.1626,0.1504,0.000
54.703,street,Deniz,0.0000,0.0137,24.9426,0.0000,0,ChildNeutralIdle+ChildNaturalWalk,0.2783,0.3005,0.000
54.703,street,Can,-0.5515,0.0194,19.9500,0.0012,0,ChildNeutralIdle+ChildNaturalWalk,0.1625,0.1506,0.000
54.735,street,Deniz,0.0000,0.0137,24.9426,0.0000,0,ChildNeutralIdle+ChildNaturalWalk,0.2784,0.3005,0.000
54.735,street,Can,-0.5515,0.0194,19.9500,0.0012,0,ChildNeutralIdle+ChildNaturalWalk,0.1623,0.1507,0.000
54.768,street,Deniz,0.0000,0.0137,24.9426,0.0000,0,ChildNeutralIdle+ChildNaturalWalk,0.2786,0.3005,0.000
54.768,street,Can,-0.5514,0.0194,19.9500,0.0012,0,ChildNeutralIdle+ChildNaturalWalk,0.1622,0.1508,0.000
54.801,street,Deniz,0.0000,0.0137,24.9426,0.0000,0,ChildNeutralIdle+ChildNaturalWalk,0.2788,0.3004,0.000
54.801,street,Can,-0.5514,0.0194,19.9500,0.0012,0,ChildNeutralIdle+ChildNaturalWalk,0.1621,0.1510,0.000
54.834,street,Deniz,0.0000,0.0137,24.9426,0.0000,0,ChildNeutralIdle+ChildNaturalWalk,0.2790,0.3004,0.000
54.834,street,Can,-0.5513,0.0194,19.9500,0.0012,0,ChildNeutralIdle+ChildNaturalWalk,0.1621,0.1512,0.000
54.868,street,Deniz,0.0000,0.0137,24.9426,0.0000,0,ChildNeutralIdle+ChildNaturalWalk,0.2792,0.3003,0.000
54.868,street,Can,-0.5513,0.0194,19.9500,0.0012,0,ChildNeutralIdle+ChildNaturalWalk,0.1620,0.1513,0.000
54.901,street,Deniz,0.0000,0.0137,24.9426,0.0000,0,ChildNeutralIdle+ChildNaturalWalk,0.2793,0.3002,0.000
54.901,street,Can,-0.5513,0.0194,19.9500,0.0012,0,ChildNeutralIdle+ChildNaturalWalk,0.1620,0.1515,0.000
54.934,street,Deniz,0.0000,0.0137,24.9426,0.0000,0,ChildNeutralIdle+ChildNaturalWalk,0.2794,0.3002,0.000
54.934,street,Can,-0.5512,0.0194,19.9500,0.0012,0,ChildNeutralIdle+ChildNaturalWalk,0.1621,0.1517,0.000
54.968,street,Deniz,0.0000,0.0137,24.9426,0.0000,0,ChildNeutralIdle+ChildNaturalWalk,0.2795,0.3001,0.000
54.968,street,Can,-0.5512,0.0194,19.9500,0.0012,0,ChildNeutralIdle+ChildNaturalWalk,0.1621,0.1519,0.000
55.002,street,Deniz,0.0000,0.0137,24.9426,0.0000,0,ChildNeutralIdle+ChildNaturalWalk,0.2796,0.3000,0.000
55.002,street,Can,-0.5511,0.0194,19.9500,0.0012,0,ChildNeutralIdle+ChildNaturalWalk,0.1622,0.1521,0.000
55.035,street,Deniz,0.0000,0.0137,24.9426,0.0000,0,ChildNeutralIdle+ChildNaturalWalk,0.2797,0.2999,0.000
55.035,street,Can,-0.5511,0.0194,19.9500,0.0012,0,ChildNeutralIdle+ChildNaturalWalk,0.1623,0.1523,0.000
55.068,street,Deniz,0.0000,0.0137,24.9426,0.0000,0,ChildNeutralIdle+ChildNaturalWalk,0.2798,0.2998,0.000
55.068,street,Can,-0.5511,0.0194,19.9500,0.0012,0,ChildNeutralIdle+ChildNaturalWalk,0.1625,0.1525,0.000
55.101,street,Deniz,0.0000,0.0137,24.9426,0.0000,0,ChildNeutralIdle+ChildNaturalWalk,0.2798,0.2996,0.000
55.101,street,Can,-0.5510,0.0194,19.9500,0.0012,0,ChildNeutralIdle+ChildNaturalWalk,0.1627,0.1528,0.000
55.135,street,Deniz,0.0000,0.0137,24.9426,0.0000,0,ChildNeutralIdle+ChildNaturalWalk,0.2798,0.2995,0.000
55.135,street,Can,-0.5510,0.0194,19.9500,0.0012,0,ChildNeutralIdle+ChildNaturalWalk,0.1629,0.1530,0.000
55.168,street,Deniz,0.0000,0.0137,24.9426,0.0000,0,ChildNeutralIdle+ChildNaturalWalk,0.2798,0.2993,0.000
55.168,street,Can,-0.5509,0.0194,19.9500,0.0012,0,ChildNeutralIdle+ChildNaturalWalk,0.1631,0.1532,0.000
55.201,street,Deniz,0.0000,0.0137,24.9426,0.0000,0,ChildNeutralIdle+ChildNaturalWalk,0.2798,0.2992,0.000
55.201,street,Can,-0.5509,0.0194,19.9500,0.0012,0,ChildNeutralIdle+ChildNaturalWalk,0.1634,0.1534,0.000
55.234,street,Deniz,0.0000,0.0137,24.9426,0.0000,0,ChildNeutralIdle+ChildNaturalWalk,0.2797,0.2990,0.000
55.234,street,Can,-0.5509,0.0194,19.9500,0.0012,0,ChildNeutralIdle+ChildNaturalWalk,0.1637,0.1536,0.000
55.268,street,Deniz,0.0000,0.0137,24.9426,0.0000,0,ChildNeutralIdle+ChildNaturalWalk,0.2797,0.2988,0.000
55.268,street,Can,-0.5508,0.0194,19.9500,0.0012,0,ChildNeutralIdle+ChildNaturalWalk,0.1640,0.1538,0.000
55.303,street,Deniz,0.0000,0.0137,24.9426,0.0000,0,ChildNeutralIdle+ChildNaturalWalk,0.2796,0.2986,0.000
55.303,street,Can,-0.5508,0.0194,19.9500,0.0012,0,ChildNeutralIdle+ChildNaturalWalk,0.1643,0.1539,0.000
55.334,street,Deniz,0.0000,0.0137,24.9426,0.0000,0,ChildNeutralIdle+ChildNaturalWalk,0.2794,0.2984,0.000
55.334,street,Can,-0.5507,0.0194,19.9500,0.0012,0,ChildNeutralIdle+ChildNaturalWalk,0.1647,0.1541,0.000
55.368,street,Deniz,0.0000,0.0137,24.9426,0.0000,0,ChildNeutralIdle+ChildNaturalWalk,0.2793,0.2982,0.000
55.368,street,Can,-0.5507,0.0194,19.9500,0.0012,0,ChildNeutralIdle+ChildNaturalWalk,0.1651,0.1543,0.000
55.401,street,Deniz,0.0000,0.0137,24.9426,0.0000,0,ChildNeutralIdle+ChildNaturalWalk,0.2792,0.2980,0.000
55.401,street,Can,-0.5506,0.0194,19.9500,0.0012,0,ChildNeutralIdle+ChildNaturalWalk,0.1654,0.1544,0.000
55.434,street,Deniz,0.0000,0.0137,24.9426,0.0000,0,ChildNeutralIdle+ChildNaturalWalk,0.2790,0.2978,0.000
55.434,street,Can,-0.5506,0.0194,19.9500,0.0012,0,ChildNeutralIdle+ChildNaturalWalk,0.1658,0.1546,0.000
55.467,street,Deniz,0.0000,0.0137,24.9426,0.0000,0,ChildNeutralIdle+ChildNaturalWalk,0.2788,0.2976,0.000
55.467,street,Can,-0.5506,0.0194,19.9500,0.0012,0,ChildNeutralIdle+ChildNaturalWalk,0.1662,0.1547,0.000
55.501,street,Deniz,0.0000,0.0137,24.9426,0.0000,0,ChildNeutralIdle+ChildNaturalWalk,0.2787,0.2974,0.000
55.501,street,Can,-0.5505,0.0194,19.9500,0.0012,0,ChildNeutralIdle+ChildNaturalWalk,0.1666,0.1548,0.000
55.535,street,Deniz,0.0000,0.0137,24.9426,0.0000,0,ChildNeutralIdle+ChildNaturalWalk,0.2785,0.2972,0.000
55.535,street,Can,-0.5505,0.0194,19.9500,0.0012,0,ChildNeutralIdle+ChildNaturalWalk,0.1670,0.1549,0.000
55.568,street,Deniz,0.0000,0.0137,24.9426,0.0000,0,ChildNeutralIdle+ChildNaturalWalk,0.2783,0.2970,0.000
55.568,street,Can,-0.5504,0.0194,19.9500,0.0012,0,ChildNeutralIdle+ChildNaturalWalk,0.1674,0.1550,0.000
55.601,street,Deniz,0.0000,0.0137,24.9426,0.0000,0,ChildNeutralIdle+ChildNaturalWalk,0.2781,0.2968,0.000
55.601,street,Can,-0.5504,0.0194,19.9500,0.0012,0,ChildNeutralIdle+ChildNaturalWalk,0.1678,0.1550,0.000
55.635,street,Deniz,0.0000,0.0137,24.9426,0.0000,0,ChildNeutralIdle+ChildNaturalWalk,0.2779,0.2967,0.000
55.635,street,Can,-0.5504,0.0194,19.9500,0.0012,0,ChildNeutralIdle+ChildNaturalWalk,0.1682,0.1551,0.000
55.668,street,Deniz,0.0000,0.0137,24.9426,0.0000,0,ChildNeutralIdle+ChildNaturalWalk,0.2777,0.2965,0.000
55.668,street,Can,-0.5503,0.0194,19.9500,0.0012,0,ChildNeutralIdle+ChildNaturalWalk,0.1686,0.1551,0.000
55.701,street,Deniz,0.0000,0.0137,24.9426,0.0000,0,ChildNeutralIdle+ChildNaturalWalk,0.2775,0.2964,0.000
55.701,street,Can,-0.5503,0.0194,19.9500,0.0012,0,ChildNeutralIdle+ChildNaturalWalk,0.1689,0.1552,0.000
55.734,street,Deniz,0.0000,0.0137,24.9426,0.0000,0,ChildNeutralIdle+ChildNaturalWalk,0.2773,0.2963,0.000
55.734,street,Can,-0.5502,0.0194,19.9500,0.0012,0,ChildNeutralIdle+ChildNaturalWalk,0.1692,0.1552,0.000
55.767,street,Deniz,0.0000,0.0137,24.9426,0.0000,0,ChildNeutralIdle+ChildNaturalWalk,0.2771,0.2962,0.000
55.767,street,Can,-0.5502,0.0194,19.9500,0.0012,0,ChildNeutralIdle+ChildNaturalWalk,0.1696,0.1552,0.000
55.801,street,Deniz,0.0000,0.0137,24.9426,0.0000,0,ChildNeutralIdle+ChildNaturalWalk,0.2769,0.2962,0.000
55.801,street,Can,-0.5502,0.0194,19.9500,0.0012,0,ChildNeutralIdle+ChildNaturalWalk,0.1698,0.1551,0.000
55.834,street,Deniz,0.0000,0.0137,24.9426,0.0000,0,ChildNeutralIdle+ChildNaturalWalk,0.2767,0.2961,0.000
55.834,street,Can,-0.5501,0.0194,19.9500,0.0012,0,ChildNeutralIdle+ChildNaturalWalk,0.1701,0.1551,0.000
55.868,street,Deniz,0.0000,0.0137,24.9426,0.0000,0,ChildNeutralIdle+ChildNaturalWalk,0.2765,0.2961,0.000
55.868,street,Can,-0.5501,0.0194,19.9500,0.0012,0,ChildNeutralIdle+ChildNaturalWalk,0.1703,0.1550,0.000
55.901,street,Deniz,0.0000,0.0137,24.9426,0.0000,0,ChildNeutralIdle+ChildNaturalWalk,0.2764,0.2961,0.000
55.901,street,Can,-0.5500,0.0194,19.9500,0.0012,0,ChildNeutralIdle+ChildNaturalWalk,0.1705,0.1549,0.000
55.934,street,Deniz,0.0000,0.0137,24.9426,0.0000,0,ChildNeutralIdle+ChildNaturalWalk,0.2762,0.2960,0.000
55.934,street,Can,-0.5500,0.0194,19.9500,0.0012,0,ChildNeutralIdle+ChildNaturalWalk,0.1707,0.1548,0.000
55.968,street,Deniz,0.0000,0.0137,24.9426,0.0000,0,ChildNeutralIdle+ChildNaturalWalk,0.2760,0.2960,0.000
55.968,street,Can,-0.5500,0.0194,19.9500,0.0012,0,ChildNeutralIdle+ChildNaturalWalk,0.1708,0.1547,0.000
56.006,street,Deniz,0.0000,0.0137,24.9426,0.0000,0,ChildNeutralIdle+ChildNaturalWalk,0.2759,0.2960,0.000
56.006,street,Can,-0.5499,0.0194,19.9500,0.0012,0,ChildNeutralIdle+ChildNaturalWalk,0.1708,0.1546,0.000
56.039,street,Deniz,0.0000,0.0137,24.9426,0.0000,0,ChildNeutralIdle+ChildNaturalWalk,0.2757,0.2960,0.000
56.039,street,Can,-0.5499,0.0194,19.9500,0.0012,0,ChildNeutralIdle+ChildNaturalWalk,0.1709,0.1544,0.000
56.073,street,Deniz,0.0000,0.0137,24.9426,0.0000,0,ChildNeutralIdle+ChildNaturalWalk,0.2756,0.2961,0.000
56.073,street,Can,-0.5498,0.0194,19.9500,0.0012,0,ChildNeutralIdle+ChildNaturalWalk,0.1709,0.1542,0.000
56.107,street,Deniz,0.0000,0.0137,24.9426,0.0000,0,ChildNeutralIdle+ChildNaturalWalk,0.2755,0.2961,0.000
56.107,street,Can,-0.5498,0.0194,19.9500,0.0012,0,ChildNeutralIdle+ChildNaturalWalk,0.1709,0.1541,0.000
56.139,street,Deniz,0.0000,0.0137,24.9426,0.0000,0,ChildNeutralIdle+ChildNaturalWalk,0.2753,0.2962,0.000
56.139,street,Can,-0.5497,0.0194,19.9500,0.0012,0,ChildNeutralIdle+ChildNaturalWalk,0.1709,0.1539,0.000
56.172,street,Deniz,0.0000,0.0137,24.9426,0.0000,0,ChildNeutralIdle+ChildNaturalWalk,0.2753,0.2963,0.000
56.172,street,Can,-0.5497,0.0194,19.9500,0.0012,0,ChildNeutralIdle+ChildNaturalWalk,0.1708,0.1537,0.000
56.206,street,Deniz,0.0000,0.0137,24.9426,0.0000,0,ChildNeutralIdle+ChildNaturalWalk,0.2752,0.2964,0.000
56.206,street,Can,-0.5497,0.0194,19.9500,0.0012,0,ChildNeutralIdle+ChildNaturalWalk,0.1707,0.1535,0.000
56.243,street,Deniz,0.0000,0.0137,24.9426,0.0000,0,ChildNeutralIdle+ChildNaturalWalk,0.2751,0.2966,0.000
56.243,street,Can,-0.5496,0.0194,19.9500,0.0012,0,ChildNeutralIdle+ChildNaturalWalk,0.1706,0.1533,0.000
56.272,street,Deniz,0.0000,0.0137,24.9426,0.0000,0,ChildNeutralIdle+ChildNaturalWalk,0.2750,0.2967,0.000
56.272,street,Can,-0.5496,0.0194,19.9500,0.0012,0,ChildNeutralIdle+ChildNaturalWalk,0.1705,0.1531,0.000
56.305,street,Deniz,0.0000,0.0137,24.9426,0.0000,0,ChildNeutralIdle+ChildNaturalWalk,0.2750,0.2969,0.000
56.305,street,Can,-0.5495,0.0194,19.9500,0.0012,0,ChildNeutralIdle+ChildNaturalWalk,0.1703,0.1529,0.000
56.339,street,Deniz,0.0000,0.0137,24.9426,0.0000,0,ChildNeutralIdle+ChildNaturalWalk,0.2750,0.2971,0.000
56.339,street,Can,-0.5495,0.0194,19.9500,0.0012,0,ChildNeutralIdle+ChildNaturalWalk,0.1701,0.1527,0.000
56.372,street,Deniz,0.0000,0.0137,24.9426,0.0000,0,ChildNeutralIdle+ChildNaturalWalk,0.2750,0.2973,0.000
56.372,street,Can,-0.5495,0.0194,19.9500,0.0012,0,ChildNeutralIdle+ChildNaturalWalk,0.1699,0.1525,0.000
56.405,street,Deniz,0.0000,0.0137,24.9426,0.0000,0,ChildNeutralIdle+ChildNaturalWalk,0.2750,0.2976,0.000
56.405,street,Can,-0.5494,0.0194,19.9500,0.0012,0,ChildNeutralIdle+ChildNaturalWalk,0.1696,0.1522,0.000
56.439,street,Deniz,0.0000,0.0137,24.9426,0.0000,0,ChildNeutralIdle+ChildNaturalWalk,0.2750,0.2978,0.000
56.439,street,Can,-0.5494,0.0194,19.9500,0.0012,0,ChildNeutralIdle+ChildNaturalWalk,0.1694,0.1520,0.000
56.472,street,Deniz,0.0000,0.0137,24.9426,0.0000,0,ChildNeutralIdle+ChildNaturalWalk,0.2751,0.2981,0.000
56.472,street,Can,-0.5493,0.0194,19.9500,0.0012,0,ChildNeutralIdle+ChildNaturalWalk,0.1691,0.1518,0.000
56.505,street,Deniz,0.0000,0.0137,24.9426,0.0000,0,ChildNeutralIdle+ChildNaturalWalk,0.2751,0.2983,0.000
56.505,street,Can,-0.5493,0.0194,19.9500,0.0012,0,ChildNeutralIdle+ChildNaturalWalk,0.1688,0.1516,0.000
56.539,street,Deniz,0.0000,0.0137,24.9426,0.0000,0,ChildNeutralIdle+ChildNaturalWalk,0.2752,0.2986,0.000
56.539,street,Can,-0.5493,0.0194,19.9500,0.0012,0,ChildNeutralIdle+ChildNaturalWalk,0.1684,0.1514,0.000
56.572,street,Deniz,0.0000,0.0137,24.9426,0.0000,0,ChildNeutralIdle+ChildNaturalWalk,0.2753,0.2988,0.000
56.572,street,Can,-0.5492,0.0194,19.9500,0.0012,0,ChildNeutralIdle+ChildNaturalWalk,0.1681,0.1512,0.000
56.606,street,Deniz,0.0000,0.0137,24.9426,0.0000,0,ChildNeutralIdle+ChildNaturalWalk,0.2755,0.2991,0.000
56.606,street,Can,-0.5492,0.0194,19.9500,0.0012,0,ChildNeutralIdle+ChildNaturalWalk,0.1677,0.1510,0.000
56.639,street,Deniz,0.0000,0.0137,24.9426,0.0000,0,ChildNeutralIdle+ChildNaturalWalk,0.2756,0.2993,0.000
56.639,street,Can,-0.5491,0.0194,19.9500,0.0012,0,ChildNeutralIdle+ChildNaturalWalk,0.1673,0.1509,0.000
56.673,street,Deniz,0.0000,0.0137,24.9426,0.0000,0,ChildNeutralIdle+ChildNaturalWalk,0.2758,0.2995,0.000
56.673,street,Can,-0.5491,0.0194,19.9500,0.0012,0,ChildNeutralIdle+ChildNaturalWalk,0.1669,0.1507,0.000
56.706,street,Deniz,0.0000,0.0137,24.9426,0.0000,0,ChildNeutralIdle+ChildNaturalWalk,0.2759,0.2996,0.000
56.706,street,Can,-0.5491,0.0194,19.9500,0.0012,0,ChildNeutralIdle+ChildNaturalWalk,0.1665,0.1505,0.000
56.739,street,Deniz,0.0000,0.0137,24.9426,0.0000,0,ChildNeutralIdle+ChildNaturalWalk,0.2761,0.2998,0.000
56.739,street,Can,-0.5490,0.0194,19.9500,0.0012,0,ChildNeutralIdle+ChildNaturalWalk,0.1662,0.1504,0.000
56.773,street,Deniz,0.0000,0.0137,24.9426,0.0000,0,ChildNeutralIdle+ChildNaturalWalk,0.2763,0.2999,0.000
56.773,street,Can,-0.5490,0.0194,19.9500,0.0012,0,ChildNeutralIdle+ChildNaturalWalk,0.1658,0.1503,0.000
56.806,street,Deniz,0.0000,0.0137,24.9426,0.0000,0,ChildNeutralIdle+ChildNaturalWalk,0.2764,0.3000,0.000
56.806,street,Can,-0.5489,0.0194,19.9500,0.0012,0,ChildNeutralIdle+ChildNaturalWalk,0.1654,0.1502,0.000
56.839,street,Deniz,0.0000,0.0137,24.9426,0.0000,0,ChildNeutralIdle+ChildNaturalWalk,0.2766,0.3001,0.000
56.839,street,Can,-0.5489,0.0194,19.9500,0.0012,0,ChildNeutralIdle+ChildNaturalWalk,0.1650,0.1501,0.000
56.872,street,Deniz,0.0000,0.0137,24.9426,0.0000,0,ChildNeutralIdle+ChildNaturalWalk,0.2768,0.3002,0.000
56.872,street,Can,-0.5488,0.0194,19.9500,0.0012,0,ChildNeutralIdle+ChildNaturalWalk,0.1646,0.1500,0.000
56.905,street,Deniz,0.0000,0.0137,24.9426,0.0000,0,ChildNeutralIdle+ChildNaturalWalk,0.2770,0.3003,0.000
56.905,street,Can,-0.5488,0.0194,19.9500,0.0012,0,ChildNeutralIdle+ChildNaturalWalk,0.1643,0.1499,0.000
56.939,street,Deniz,0.0000,0.0137,24.9426,0.0000,0,ChildNeutralIdle+ChildNaturalWalk,0.2772,0.3004,0.000
56.939,street,Can,-0.5488,0.0194,19.9500,0.0012,0,ChildNeutralIdle+ChildNaturalWalk,0.1640,0.1499,0.000
56.972,street,Deniz,0.0000,0.0137,24.9426,0.0000,0,ChildNeutralIdle+ChildNaturalWalk,0.2774,0.3005,0.000
56.972,street,Can,-0.5487,0.0194,19.9500,0.0012,0,ChildNeutralIdle+ChildNaturalWalk,0.1636,0.1499,0.000
57.005,street,Deniz,0.0000,0.0137,24.9426,0.0000,0,ChildNeutralIdle+ChildNaturalWalk,0.2776,0.3005,0.000
57.005,street,Can,-0.5487,0.0194,19.9500,0.0012,0,ChildNeutralIdle+ChildNaturalWalk,0.1634,0.1499,0.000
57.039,street,Deniz,0.0000,0.0137,24.9426,0.0000,0,ChildNeutralIdle+ChildNaturalWalk,0.2778,0.3005,0.000
57.039,street,Can,-0.5486,0.0194,19.9500,0.0012,0,ChildNeutralIdle+ChildNaturalWalk,0.1631,0.1499,0.000
57.073,street,Deniz,0.0000,0.0137,24.9426,0.0000,0,ChildNeutralIdle+ChildNaturalWalk,0.2779,0.3006,0.000
57.073,street,Can,-0.5486,0.0194,19.9500,0.0012,0,ChildNeutralIdle+ChildNaturalWalk,0.1628,0.1500,0.000
57.106,street,Deniz,0.0000,0.0137,24.9426,0.0000,0,ChildNeutralIdle+ChildNaturalWalk,0.2781,0.3006,0.000
57.106,street,Can,-0.5486,0.0194,19.9500,0.0012,0,ChildNeutralIdle+ChildNaturalWalk,0.1626,0.1500,0.000
57.139,street,Deniz,0.0000,0.0137,24.9426,0.0000,0,ChildNeutralIdle+ChildNaturalWalk,0.2783,0.3006,0.000
57.139,street,Can,-0.5485,0.0194,19.9500,0.0012,0,ChildNeutralIdle+ChildNaturalWalk,0.1624,0.1501,0.000
57.172,street,Deniz,0.0000,0.0137,24.9426,0.0000,0,ChildNeutralIdle+ChildNaturalWalk,0.2785,0.3005,0.000
57.172,street,Can,-0.5485,0.0194,19.9500,0.0012,0,ChildNeutralIdle+ChildNaturalWalk,0.1623,0.1503,0.000
57.206,street,Deniz,0.0000,0.0137,24.9426,0.0000,0,ChildNeutralIdle+ChildNaturalWalk,0.2786,0.3005,0.000
57.206,street,Can,-0.5484,0.0194,19.9500,0.0012,0,ChildNeutralIdle+ChildNaturalWalk,0.1622,0.1504,0.000
57.239,street,Deniz,0.0000,0.0137,24.9426,0.0000,0,ChildNeutralIdle+ChildNaturalWalk,0.2788,0.3005,0.000
57.239,street,Can,-0.5484,0.0194,19.9500,0.0012,0,ChildNeutralIdle+ChildNaturalWalk,0.1621,0.1506,0.000
57.272,street,Deniz,0.0000,0.0137,24.9426,0.0000,0,ChildNeutralIdle+ChildNaturalWalk,0.2790,0.3004,0.000
57.272,street,Can,-0.5484,0.0194,19.9500,0.0012,0,ChildNeutralIdle+ChildNaturalWalk,0.1620,0.1508,0.000
57.306,street,Deniz,0.0000,0.0137,24.9426,0.0000,0,ChildNeutralIdle+ChildNaturalWalk,0.2791,0.3003,0.000
57.306,street,Can,-0.5483,0.0194,19.9500,0.0012,0,ChildNeutralIdle+ChildNaturalWalk,0.1620,0.1510,0.000
57.340,street,Deniz,0.0000,0.0137,24.9426,0.0000,0,ChildNeutralIdle+ChildNaturalWalk,0.2792,0.3002,0.000
57.340,street,Can,-0.5483,0.0194,19.9500,0.0012,0,ChildNeutralIdle+ChildNaturalWalk,0.1620,0.1512,0.000
57.372,street,Deniz,0.0000,0.0137,24.9426,0.0000,0,ChildNeutralIdle+ChildNaturalWalk,0.2794,0.3001,0.000
57.372,street,Can,-0.5482,0.0194,19.9500,0.0012,0,ChildNeutralIdle+ChildNaturalWalk,0.1621,0.1514,0.000
57.406,street,Deniz,0.0000,0.0137,24.9426,0.0000,0,ChildNeutralIdle+ChildNaturalWalk,0.2795,0.3000,0.000
57.406,street,Can,-0.5482,0.0194,19.9500,0.0012,0,ChildNeutralIdle+ChildNaturalWalk,0.1622,0.1516,0.000
57.440,street,Deniz,0.0000,0.0137,24.9426,0.0000,0,ChildNeutralIdle+ChildNaturalWalk,0.2795,0.2999,0.000
57.440,street,Can,-0.5482,0.0194,19.9500,0.0012,0,ChildNeutralIdle+ChildNaturalWalk,0.1623,0.1518,0.000
57.472,street,Deniz,0.0000,0.0137,24.9426,0.0000,0,ChildNeutralIdle+ChildNaturalWalk,0.2796,0.2997,0.000
57.472,street,Can,-0.5481,0.0194,19.9500,0.0012,0,ChildNeutralIdle+ChildNaturalWalk,0.1624,0.1520,0.000
57.506,street,Deniz,0.0000,0.0137,24.9426,0.0000,0,ChildNeutralIdle+ChildNaturalWalk,0.2797,0.2996,0.000
57.506,street,Can,-0.5481,0.0194,19.9500,0.0012,0,ChildNeutralIdle+ChildNaturalWalk,0.1626,0.1522,0.000
57.539,street,Deniz,0.0000,0.0137,24.9426,0.0000,0,ChildNeutralIdle+ChildNaturalWalk,0.2797,0.2994,0.000
57.539,street,Can,-0.5480,0.0194,19.9500,0.0012,0,ChildNeutralIdle+ChildNaturalWalk,0.1628,0.1524,0.000
57.572,street,Deniz,0.0000,0.0137,24.9426,0.0000,0,ChildNeutralIdle+ChildNaturalWalk,0.2797,0.2992,0.000
57.572,street,Can,-0.5480,0.0194,19.9500,0.0012,0,ChildNeutralIdle+ChildNaturalWalk,0.1631,0.1526,0.000
57.606,street,Deniz,0.0000,0.0137,24.9426,0.0000,0,ChildNeutralIdle+ChildNaturalWalk,0.2797,0.2990,0.000
57.606,street,Can,-0.5479,0.0194,19.9500,0.0012,0,ChildNeutralIdle+ChildNaturalWalk,0.1633,0.1528,0.000
57.639,street,Deniz,0.0000,0.0137,24.9426,0.0000,0,ChildNeutralIdle+ChildNaturalWalk,0.2797,0.2988,0.000
57.639,street,Can,-0.5479,0.0194,19.9500,0.0012,0,ChildNeutralIdle+ChildNaturalWalk,0.1636,0.1530,0.000
57.673,street,Deniz,0.0000,0.0137,24.9426,0.0000,0,ChildNeutralIdle+ChildNaturalWalk,0.2796,0.2986,0.000
57.673,street,Can,-0.5479,0.0194,19.9500,0.0012,0,ChildNeutralIdle+ChildNaturalWalk,0.1639,0.1532,0.000
57.706,street,Deniz,0.0000,0.0137,24.9426,0.0000,0,ChildNeutralIdle+ChildNaturalWalk,0.2795,0.2985,0.000
57.706,street,Can,-0.5478,0.0194,19.9500,0.0012,0,ChildNeutralIdle+ChildNaturalWalk,0.1643,0.1534,0.000
57.739,street,Deniz,0.0000,0.0137,24.9426,0.0000,0,ChildNeutralIdle+ChildNaturalWalk,0.2794,0.2983,0.000
57.739,street,Can,-0.5478,0.0194,19.9500,0.0012,0,ChildNeutralIdle+ChildNaturalWalk,0.1646,0.1536,0.000
57.774,street,Deniz,0.0000,0.0137,24.9426,0.0000,0,ChildNeutralIdle+ChildNaturalWalk,0.2793,0.2982,0.000
57.774,street,Can,-0.5477,0.0194,19.9500,0.0012,0,ChildNeutralIdle+ChildNaturalWalk,0.1650,0.1538,0.000
57.806,street,Deniz,0.0000,0.0137,24.9426,0.0000,0,ChildNeutralIdle+ChildNaturalWalk,0.2791,0.2980,0.000
57.806,street,Can,-0.5477,0.0194,19.9500,0.0012,0,ChildNeutralIdle+ChildNaturalWalk,0.1654,0.1539,0.000
57.839,street,Deniz,0.0000,0.0137,24.9426,0.0000,0,ChildNeutralIdle+ChildNaturalWalk,0.2790,0.2978,0.000
57.839,street,Can,-0.5477,0.0194,19.9500,0.0012,0,ChildNeutralIdle+ChildNaturalWalk,0.1658,0.1541,0.000
57.872,street,Deniz,0.0000,0.0137,24.9426,0.0000,0,ChildNeutralIdle+ChildNaturalWalk,0.2788,0.2977,0.000
57.872,street,Can,-0.5476,0.0194,19.9500,0.0012,0,ChildNeutralIdle+ChildNaturalWalk,0.1662,0.1542,0.000
57.906,street,Deniz,0.0000,0.0137,24.9426,0.0000,0,ChildNeutralIdle+ChildNaturalWalk,0.2786,0.2975,0.000
57.906,street,Can,-0.5476,0.0194,19.9500,0.0012,0,ChildNeutralIdle+ChildNaturalWalk,0.1666,0.1544,0.000
57.939,street,Deniz,0.0000,0.0137,24.9426,0.0000,0,ChildNeutralIdle+ChildNaturalWalk,0.2785,0.2974,0.000
57.939,street,Can,-0.5475,0.0194,19.9500,0.0012,0,ChildNeutralIdle+ChildNaturalWalk,0.1670,0.1545,0.000
57.972,street,Deniz,0.0000,0.0137,24.9426,0.0000,0,ChildNeutralIdle+ChildNaturalWalk,0.2783,0.2972,0.000
57.972,street,Can,-0.5475,0.0194,19.9500,0.0012,0,ChildNeutralIdle+ChildNaturalWalk,0.1674,0.1546,0.000
58.005,street,Deniz,0.0000,0.0137,24.9426,0.0000,0,ChildNeutralIdle+ChildNaturalWalk,0.2781,0.2971,0.000
58.005,street,Can,-0.5475,0.0194,19.9500,0.0012,0,ChildNeutralIdle+ChildNaturalWalk,0.1678,0.1547,0.000
58.039,street,Deniz,0.0000,0.0137,24.9426,0.0000,0,ChildNeutralIdle+ChildNaturalWalk,0.2778,0.2970,0.000
58.039,street,Can,-0.5474,0.0194,19.9500,0.0012,0,ChildNeutralIdle+ChildNaturalWalk,0.1682,0.1548,0.000
58.073,street,Deniz,0.0000,0.0137,24.9426,0.0000,0,ChildNeutralIdle+ChildNaturalWalk,0.2776,0.2969,0.000
58.073,street,Can,-0.5474,0.0194,19.9500,0.0012,0,ChildNeutralIdle+ChildNaturalWalk,0.1686,0.1549,0.000
58.106,street,Deniz,0.0000,0.0137,24.9426,0.0000,0,ChildNeutralIdle+ChildNaturalWalk,0.2774,0.2968,0.000
58.106,street,Can,-0.5473,0.0194,19.9500,0.0012,0,ChildNeutralIdle+ChildNaturalWalk,0.1689,0.1549,0.000
58.140,street,Deniz,0.0000,0.0137,24.9426,0.0000,0,ChildNeutralIdle+ChildNaturalWalk,0.2772,0.2967,0.000
58.140,street,Can,-0.5473,0.0194,19.9500,0.0012,0,ChildNeutralIdle+ChildNaturalWalk,0.1693,0.1550,0.000
58.173,street,Deniz,0.0000,0.0137,24.9426,0.0000,0,ChildNeutralIdle+ChildNaturalWalk,0.2770,0.2967,0.000
58.173,street,Can,-0.5473,0.0194,19.9500,0.0012,0,ChildNeutralIdle+ChildNaturalWalk,0.1696,0.1550,0.000
58.206,street,Deniz,0.0000,0.0137,24.9426,0.0000,0,ChildNeutralIdle+ChildNaturalWalk,0.2768,0.2966,0.000
58.206,street,Can,-0.5472,0.0194,19.9500,0.0012,0,ChildNeutralIdle+ChildNaturalWalk,0.1699,0.1550,0.000
58.239,street,Deniz,0.0000,0.0137,24.9426,0.0000,0,ChildNeutralIdle+ChildNaturalWalk,0.2765,0.2966,0.000
58.239,street,Can,-0.5472,0.0194,19.9500,0.0012,0,ChildNeutralIdle+ChildNaturalWalk,0.1702,0.1550,0.000
58.273,street,Deniz,0.0000,0.0137,24.9426,0.0000,0,ChildNeutralIdle+ChildNaturalWalk,0.2763,0.2966,0.000
58.273,street,Can,-0.5471,0.0194,19.9500,0.0012,0,ChildNeutralIdle+ChildNaturalWalk,0.1704,0.1550,0.000
58.305,street,Deniz,0.0000,0.0137,24.9426,0.0000,0,ChildNeutralIdle+ChildNaturalWalk,0.2761,0.2966,0.000
58.305,street,Can,-0.5471,0.0194,19.9500,0.0012,0,ChildNeutralIdle+ChildNaturalWalk,0.1707,0.1549,0.000
58.339,street,Deniz,0.0000,0.0137,24.9426,0.0000,0,ChildNeutralIdle+ChildNaturalWalk,0.2759,0.2966,0.000
58.339,street,Can,-0.5470,0.0194,19.9500,0.0012,0,ChildNeutralIdle+ChildNaturalWalk,0.1708,0.1549,0.000
58.373,street,Deniz,0.0000,0.0137,24.9426,0.0000,0,ChildNeutralIdle+ChildNaturalWalk,0.2757,0.2966,0.000
58.373,street,Can,-0.5470,0.0194,19.9500,0.0012,0,ChildNeutralIdle+ChildNaturalWalk,0.1710,0.1548,0.000
58.406,street,Deniz,0.0000,0.0137,24.9426,0.0000,0,ChildNeutralIdle+ChildNaturalWalk,0.2755,0.2966,0.000
58.406,street,Can,-0.5470,0.0194,19.9500,0.0012,0,ChildNeutralIdle+ChildNaturalWalk,0.1711,0.1547,0.000
58.439,street,Deniz,0.0000,0.0137,24.9426,0.0000,0,ChildNeutralIdle+ChildNaturalWalk,0.2754,0.2966,0.000
58.439,street,Can,-0.5469,0.0194,19.9500,0.0012,0,ChildNeutralIdle+ChildNaturalWalk,0.1711,0.1546,0.000
58.472,street,Deniz,0.0000,0.0137,24.9426,0.0000,0,ChildNeutralIdle+ChildNaturalWalk,0.2752,0.2967,0.000
58.472,street,Can,-0.5469,0.0194,19.9500,0.0012,0,ChildNeutralIdle+ChildNaturalWalk,0.1712,0.1544,0.000
58.505,street,Deniz,0.0000,0.0137,24.9426,0.0000,0,ChildNeutralIdle+ChildNaturalWalk,0.2751,0.2967,0.000
58.505,street,Can,-0.5468,0.0194,19.9500,0.0012,0,ChildNeutralIdle+ChildNaturalWalk,0.1712,0.1543,0.000
58.539,street,Deniz,0.0000,0.0137,24.9426,0.0000,0,ChildNeutralIdle+ChildNaturalWalk,0.2749,0.2968,0.000
58.539,street,Can,-0.5468,0.0194,19.9500,0.0012,0,ChildNeutralIdle+ChildNaturalWalk,0.1712,0.1541,0.000
58.572,street,Deniz,0.0000,0.0137,24.9426,0.0000,0,ChildNeutralIdle+ChildNaturalWalk,0.2748,0.2969,0.000
58.572,street,Can,-0.5468,0.0194,19.9500,0.0012,0,ChildNeutralIdle+ChildNaturalWalk,0.1711,0.1540,0.000
58.606,street,Deniz,0.0000,0.0137,24.9426,0.0000,0,ChildNeutralIdle+ChildNaturalWalk,0.2747,0.2970,0.000
58.606,street,Can,-0.5467,0.0194,19.9500,0.0012,0,ChildNeutralIdle+ChildNaturalWalk,0.1711,0.1538,0.000
58.640,street,Deniz,0.0000,0.0137,24.9426,0.0000,0,ChildNeutralIdle+ChildNaturalWalk,0.2746,0.2972,0.000
58.640,street,Can,-0.5467,0.0194,19.9500,0.0012,0,ChildNeutralIdle+ChildNaturalWalk,0.1709,0.1536,0.000
58.672,street,Deniz,0.0000,0.0137,24.9426,0.0000,0,ChildNeutralIdle+ChildNaturalWalk,0.2745,0.2973,0.000
58.672,street,Can,-0.5466,0.0194,19.9500,0.0012,0,ChildNeutralIdle+ChildNaturalWalk,0.1708,0.1534,0.000
58.706,street,Deniz,0.0000,0.0137,24.9426,0.0000,0,ChildNeutralIdle+ChildNaturalWalk,0.2745,0.2975,0.000
58.706,street,Can,-0.5466,0.0194,19.9500,0.0012,0,ChildNeutralIdle+ChildNaturalWalk,0.1706,0.1532,0.000
58.739,street,Deniz,0.0000,0.0137,24.9426,0.0000,0,ChildNeutralIdle+ChildNaturalWalk,0.2746,0.2977,0.000
58.739,street,Can,-0.5466,0.0194,19.9500,0.0012,0,ChildNeutralIdle+ChildNaturalWalk,0.1704,0.1531,0.000
58.773,street,Deniz,0.0000,0.0137,24.9426,0.0000,0,ChildNeutralIdle+ChildNaturalWalk,0.2746,0.2979,0.000
58.773,street,Can,-0.5465,0.0194,19.9500,0.0012,0,ChildNeutralIdle+ChildNaturalWalk,0.1702,0.1529,0.000
58.809,street,Deniz,0.0000,0.0137,24.9426,0.0000,0,ChildNeutralIdle+ChildNaturalWalk,0.2747,0.2981,0.000
58.809,street,Can,-0.5465,0.0194,19.9500,0.0012,0,ChildNeutralIdle+ChildNaturalWalk,0.1699,0.1527,0.000
58.839,street,Deniz,0.0000,0.0137,24.9426,0.0000,0,ChildNeutralIdle+ChildNaturalWalk,0.2748,0.2983,0.000
58.839,street,Can,-0.5464,0.0194,19.9500,0.0012,0,ChildNeutralIdle+ChildNaturalWalk,0.1696,0.1525,0.000
58.872,street,Deniz,0.0000,0.0137,24.9426,0.0000,0,ChildNeutralIdle+ChildNaturalWalk,0.2749,0.2984,0.000
58.872,street,Can,-0.5464,0.0194,19.9500,0.0012,0,ChildNeutralIdle+ChildNaturalWalk,0.1693,0.1523,0.000
58.906,street,Deniz,0.0000,0.0137,24.9426,0.0000,0,ChildNeutralIdle+ChildNaturalWalk,0.2750,0.2986,0.000
58.906,street,Can,-0.5464,0.0194,19.9500,0.0012,0,ChildNeutralIdle+ChildNaturalWalk,0.1690,0.1521,0.000
58.939,street,Deniz,0.0000,0.0137,24.9426,0.0000,0,ChildNeutralIdle+ChildNaturalWalk,0.2751,0.2988,0.000
58.939,street,Can,-0.5463,0.0194,19.9500,0.0012,0,ChildNeutralIdle+ChildNaturalWalk,0.1686,0.1519,0.000
58.973,street,Deniz,0.0000,0.0137,24.9426,0.0000,0,ChildNeutralIdle+ChildNaturalWalk,0.2752,0.2990,0.000
58.973,street,Can,-0.5463,0.0194,19.9500,0.0012,0,ChildNeutralIdle+ChildNaturalWalk,0.1682,0.1517,0.000
59.006,street,Deniz,0.0000,0.0137,24.9426,0.0000,0,ChildNeutralIdle+ChildNaturalWalk,0.2753,0.2991,0.000
59.006,street,Can,-0.5462,0.0194,19.9500,0.0012,0,ChildNeutralIdle+ChildNaturalWalk,0.1678,0.1515,0.000
59.040,street,Deniz,0.0000,0.0137,24.9426,0.0000,0,ChildNeutralIdle+ChildNaturalWalk,0.2755,0.2993,0.000
59.040,street,Can,-0.5462,0.0194,19.9500,0.0012,0,ChildNeutralIdle+ChildNaturalWalk,0.1674,0.1514,0.000
59.072,street,Deniz,0.0000,0.0137,24.9426,0.0000,0,ChildNeutralIdle+ChildNaturalWalk,0.2757,0.2994,0.000
59.072,street,Can,-0.5462,0.0194,19.9500,0.0012,0,ChildNeutralIdle+ChildNaturalWalk,0.1670,0.1512,0.000
59.106,street,Deniz,0.0000,0.0137,24.9426,0.0000,0,ChildNeutralIdle+ChildNaturalWalk,0.2758,0.2996,0.000
59.106,street,Can,-0.5461,0.0194,19.9500,0.0012,0,ChildNeutralIdle+ChildNaturalWalk,0.1666,0.1510,0.000
59.139,street,Deniz,0.0000,0.0137,24.9426,0.0000,0,ChildNeutralIdle+ChildNaturalWalk,0.2760,0.2997,0.000
59.139,street,Can,-0.5461,0.0194,19.9500,0.0012,0,ChildNeutralIdle+ChildNaturalWalk,0.1662,0.1509,0.000
59.172,street,Deniz,0.0000,0.0137,24.9426,0.0000,0,ChildNeutralIdle+ChildNaturalWalk,0.2762,0.2999,0.000
59.172,street,Can,-0.5460,0.0194,19.9500,0.0012,0,ChildNeutralIdle+ChildNaturalWalk,0.1658,0.1508,0.000
59.206,street,Deniz,0.0000,0.0137,24.9426,0.0000,0,ChildNeutralIdle+ChildNaturalWalk,0.2764,0.3000,0.000
59.206,street,Can,-0.5460,0.0194,19.9500,0.0012,0,ChildNeutralIdle+ChildNaturalWalk,0.1654,0.1506,0.000
59.239,street,Deniz,0.0000,0.0137,24.9426,0.0000,0,ChildNeutralIdle+ChildNaturalWalk,0.2766,0.3001,0.000
59.239,street,Can,-0.5460,0.0194,19.9500,0.0012,0,ChildNeutralIdle+ChildNaturalWalk,0.1649,0.1505,0.000
59.272,street,Deniz,0.0000,0.0137,24.9426,0.0000,0,ChildNeutralIdle+ChildNaturalWalk,0.2768,0.3002,0.000
59.272,street,Can,-0.5459,0.0194,19.9500,0.0012,0,ChildNeutralIdle+ChildNaturalWalk,0.1646,0.1505,0.000
59.310,street,Deniz,0.0000,0.0137,24.9426,0.0000,0,ChildNeutralIdle+ChildNaturalWalk,0.2770,0.3003,0.000
59.310,street,Can,-0.5459,0.0194,19.9500,0.0012,0,ChildNeutralIdle+ChildNaturalWalk,0.1642,0.1504,0.000
59.345,street,Deniz,0.0000,0.0137,24.9426,0.0000,0,ChildNeutralIdle+ChildNaturalWalk,0.2772,0.3004,0.000
59.345,street,Can,-0.5458,0.0194,19.9500,0.0012,0,ChildNeutralIdle+ChildNaturalWalk,0.1638,0.1503,0.000
59.377,street,Deniz,0.0000,0.0137,24.9426,0.0000,0,ChildNeutralIdle+ChildNaturalWalk,0.2774,0.3004,0.000
59.377,street,Can,-0.5458,0.0194,19.9500,0.0012,0,ChildNeutralIdle+ChildNaturalWalk,0.1635,0.1503,0.000
59.410,street,Deniz,0.0000,0.0137,24.9426,0.0000,0,ChildNeutralIdle+ChildNaturalWalk,0.2776,0.3005,0.000
59.410,street,Can,-0.5457,0.0194,19.9500,0.0012,0,ChildNeutralIdle+ChildNaturalWalk,0.1631,0.1503,0.000
59.443,street,Deniz,0.0000,0.0137,24.9426,0.0000,0,ChildNeutralIdle+ChildNaturalWalk,0.2778,0.3005,0.000
59.443,street,Can,-0.5457,0.0194,19.9500,0.0012,0,ChildNeutralIdle+ChildNaturalWalk,0.1629,0.1503,0.000
59.477,street,Deniz,0.0000,0.0137,24.9426,0.0000,0,ChildNeutralIdle+ChildNaturalWalk,0.2780,0.3005,0.000
59.477,street,Can,-0.5457,0.0194,19.9500,0.0012,0,ChildNeutralIdle+ChildNaturalWalk,0.1627,0.1504,0.000
59.511,street,Deniz,0.0000,0.0137,24.9426,0.0000,0,ChildNeutralIdle+ChildNaturalWalk,0.2782,0.3005,0.000
59.511,street,Can,-0.5456,0.0194,19.9500,0.0012,0,ChildNeutralIdle+ChildNaturalWalk,0.1625,0.1506,0.000
59.544,street,Deniz,0.0000,0.0137,24.9426,0.0000,0,ChildNeutralIdle+ChildNaturalWalk,0.2784,0.3005,0.000
59.544,street,Can,-0.5456,0.0194,19.9500,0.0012,0,ChildNeutralIdle+ChildNaturalWalk,0.1623,0.1507,0.000
59.577,street,Deniz,0.0000,0.0137,24.9426,0.0000,0,ChildNeutralIdle+ChildNaturalWalk,0.2786,0.3005,0.000
59.577,street,Can,-0.5455,0.0194,19.9500,0.0012,0,ChildNeutralIdle+ChildNaturalWalk,0.1622,0.1508,0.000
59.610,street,Deniz,0.0000,0.0137,24.9426,0.0000,0,ChildNeutralIdle+ChildNaturalWalk,0.2788,0.3004,0.000
59.610,street,Can,-0.5455,0.0194,19.9500,0.0012,0,ChildNeutralIdle+ChildNaturalWalk,0.1621,0.1510,0.000
59.644,street,Deniz,0.0000,0.0137,24.9426,0.0000,0,ChildNeutralIdle+ChildNaturalWalk,0.2790,0.3004,0.000
59.644,street,Can,-0.5455,0.0194,19.9500,0.0012,0,ChildNeutralIdle+ChildNaturalWalk,0.1621,0.1512,0.000
59.677,street,Deniz,0.0000,0.0137,24.9426,0.0000,0,ChildNeutralIdle+ChildNaturalWalk,0.2791,0.3003,0.000
59.677,street,Can,-0.5454,0.0194,19.9500,0.0012,0,ChildNeutralIdle+ChildNaturalWalk,0.1620,0.1513,0.000
59.710,street,Deniz,0.0000,0.0137,24.9426,0.0000,0,ChildNeutralIdle+ChildNaturalWalk,0.2793,0.3002,0.000
59.710,street,Can,-0.5454,0.0194,19.9500,0.0012,0,ChildNeutralIdle+ChildNaturalWalk,0.1620,0.1515,0.000
59.745,street,Deniz,0.0000,0.0137,24.9426,0.0000,0,ChildNeutralIdle+ChildNaturalWalk,0.2794,0.3002,0.000
59.745,street,Can,-0.5453,0.0194,19.9500,0.0012,0,ChildNeutralIdle+ChildNaturalWalk,0.1621,0.1517,0.000
59.777,street,Deniz,0.0000,0.0137,24.9426,0.0000,0,ChildNeutralIdle+ChildNaturalWalk,0.2795,0.3001,0.000
59.777,street,Can,-0.5453,0.0194,19.9500,0.0012,0,ChildNeutralIdle+ChildNaturalWalk,0.1621,0.1519,0.000
59.810,street,Deniz,0.0000,0.0137,24.9426,0.0000,0,ChildNeutralIdle+ChildNaturalWalk,0.2796,0.3000,0.000
59.810,street,Can,-0.5453,0.0194,19.9500,0.0012,0,ChildNeutralIdle+ChildNaturalWalk,0.1622,0.1521,0.000
59.844,street,Deniz,0.0000,0.0137,24.9426,0.0000,0,ChildNeutralIdle+ChildNaturalWalk,0.2797,0.2999,0.000
59.844,street,Can,-0.5452,0.0194,19.9500,0.0012,0,ChildNeutralIdle+ChildNaturalWalk,0.1623,0.1523,0.000
59.878,street,Deniz,0.0000,0.0137,24.9426,0.0000,0,ChildNeutralIdle+ChildNaturalWalk,0.2798,0.2998,0.000
59.878,street,Can,-0.5452,0.0194,19.9500,0.0012,0,ChildNeutralIdle+ChildNaturalWalk,0.1625,0.1525,0.000
59.910,street,Deniz,0.0000,0.0137,24.9426,0.0000,0,ChildNeutralIdle+ChildNaturalWalk,0.2798,0.2997,0.000
59.910,street,Can,-0.5451,0.0194,19.9500,0.0012,0,ChildNeutralIdle+ChildNaturalWalk,0.1627,0.1527,0.000
59.943,street,Deniz,0.0000,0.0137,24.9426,0.0000,0,ChildNeutralIdle+ChildNaturalWalk,0.2798,0.2995,0.000
59.943,street,Can,-0.5451,0.0194,19.9500,0.0012,0,ChildNeutralIdle+ChildNaturalWalk,0.1629,0.1529,0.000
59.978,street,Deniz,0.0000,0.0137,24.9426,0.0000,0,ChildNeutralIdle+ChildNaturalWalk,0.2798,0.2994,0.000
59.978,street,Can,-0.5451,0.0194,19.9500,0.0012,0,ChildNeutralIdle+ChildNaturalWalk,0.1631,0.1532,0.000
60.011,street,Deniz,0.0000,0.0137,24.9426,0.0000,0,ChildNeutralIdle+ChildNaturalWalk,0.2798,0.2992,0.000
60.011,street,Can,-0.5450,0.0194,19.9500,0.0012,0,ChildNeutralIdle+ChildNaturalWalk,0.1634,0.1534,0.000
60.044,street,Deniz,0.0000,0.0137,24.9426,0.0000,0,ChildNeutralIdle+ChildNaturalWalk,0.2798,0.2990,0.000
60.044,street,Can,-0.5450,0.0194,19.9500,0.0012,0,ChildNeutralIdle+ChildNaturalWalk,0.1637,0.1536,0.000
60.077,street,Deniz,0.0000,0.0137,24.9426,0.0000,0,ChildNeutralIdle+ChildNaturalWalk,0.2797,0.2988,0.000
60.077,street,Can,-0.5449,0.0194,19.9500,0.0012,0,ChildNeutralIdle+ChildNaturalWalk,0.1640,0.1537,0.000
60.110,street,Deniz,0.0000,0.0137,24.9426,0.0000,0,ChildNeutralIdle+ChildNaturalWalk,0.2796,0.2986,0.000
60.110,street,Can,-0.5449,0.0194,19.9500,0.0012,0,ChildNeutralIdle+ChildNaturalWalk,0.1643,0.1539,0.000
60.146,street,Deniz,0.0000,0.0137,24.9426,0.0000,0,ChildNeutralIdle+ChildNaturalWalk,0.2795,0.2984,0.000
60.146,street,Can,-0.5449,0.0194,19.9500,0.0012,0,ChildNeutralIdle+ChildNaturalWalk,0.1647,0.1541,0.000
60.178,street,Deniz,0.0000,0.0137,24.9426,0.0000,0,ChildNeutralIdle+ChildNaturalWalk,0.2793,0.2982,0.000
60.178,street,Can,-0.5448,0.0194,19.9500,0.0012,0,ChildNeutralIdle+ChildNaturalWalk,0.1650,0.1543,0.000
60.211,street,Deniz,0.0000,0.0137,24.9426,0.0000,0,ChildNeutralIdle+ChildNaturalWalk,0.2792,0.2980,0.000
60.211,street,Can,-0.5448,0.0194,19.9500,0.0012,0,ChildNeutralIdle+ChildNaturalWalk,0.1654,0.1544,0.000
60.244,street,Deniz,0.0000,0.0137,24.9426,0.0000,0,ChildNeutralIdle+ChildNaturalWalk,0.2790,0.2978,0.000
60.244,street,Can,-0.5447,0.0194,19.9500,0.0012,0,ChildNeutralIdle+ChildNaturalWalk,0.1658,0.1545,0.000
60.278,street,Deniz,0.0000,0.0137,24.9426,0.0000,0,ChildNeutralIdle+ChildNaturalWalk,0.2789,0.2976,0.000
60.278,street,Can,-0.5447,0.0194,19.9500,0.0012,0,ChildNeutralIdle+ChildNaturalWalk,0.1662,0.1547,0.000
60.310,street,Deniz,0.0000,0.0137,24.9426,0.0000,0,ChildNeutralIdle+ChildNaturalWalk,0.2787,0.2974,0.000
60.310,street,Can,-0.5446,0.0194,19.9500,0.0012,0,ChildNeutralIdle+ChildNaturalWalk,0.1666,0.1548,0.000
60.344,street,Deniz,0.0000,0.0137,24.9426,0.0000,0,ChildNeutralIdle+ChildNaturalWalk,0.2785,0.2972,0.000
60.344,street,Can,-0.5446,0.0194,19.9500,0.0012,0,ChildNeutralIdle+ChildNaturalWalk,0.1670,0.1549,0.000
60.377,street,Deniz,0.0000,0.0137,24.9426,0.0000,0,ChildNeutralIdle+ChildNaturalWalk,0.2783,0.2970,0.000
60.377,street,Can,-0.5446,0.0194,19.9500,0.0012,0,ChildNeutralIdle+ChildNaturalWalk,0.1674,0.1550,0.000
60.411,street,Deniz,0.0000,0.0137,24.9426,0.0000,0,ChildNeutralIdle+ChildNaturalWalk,0.2782,0.2969,0.000
60.411,street,Can,-0.5445,0.0194,19.9500,0.0012,0,ChildNeutralIdle+ChildNaturalWalk,0.1678,0.1550,0.000
60.444,street,Deniz,0.0000,0.0137,24.9426,0.0000,0,ChildNeutralIdle+ChildNaturalWalk,0.2780,0.2967,0.000
60.444,street,Can,-0.5445,0.0194,19.9500,0.0012,0,ChildNeutralIdle+ChildNaturalWalk,0.1682,0.1551,0.000
60.477,street,Deniz,0.0000,0.0137,24.9426,0.0000,0,ChildNeutralIdle+ChildNaturalWalk,0.2778,0.2966,0.000
60.477,street,Can,-0.5444,0.0194,19.9500,0.0012,0,ChildNeutralIdle+ChildNaturalWalk,0.1685,0.1551,0.000
60.510,street,Deniz,0.0000,0.0137,24.9426,0.0000,0,ChildNeutralIdle+ChildNaturalWalk,0.2776,0.2964,0.000
60.510,street,Can,-0.5444,0.0194,19.9500,0.0012,0,ChildNeutralIdle+ChildNaturalWalk,0.1689,0.1552,0.000
60.544,street,Deniz,0.0000,0.0137,24.9426,0.0000,0,ChildNeutralIdle+ChildNaturalWalk,0.2774,0.2963,0.000
60.544,street,Can,-0.5444,0.0194,19.9500,0.0012,0,ChildNeutralIdle+ChildNaturalWalk,0.1692,0.1552,0.000
60.577,street,Deniz,0.0000,0.0137,24.9426,0.0000,0,ChildNeutralIdle+ChildNaturalWalk,0.2772,0.2963,0.000
60.577,street,Can,-0.5443,0.0194,19.9500,0.0012,0,ChildNeutralIdle+ChildNaturalWalk,0.1695,0.1552,0.000
60.610,street,Deniz,0.0000,0.0137,24.9426,0.0000,0,ChildNeutralIdle+ChildNaturalWalk,0.2770,0.2962,0.000
60.610,street,Can,-0.5443,0.0194,19.9500,0.0012,0,ChildNeutralIdle+ChildNaturalWalk,0.1698,0.1551,0.000
60.644,street,Deniz,0.0000,0.0137,24.9426,0.0000,0,ChildNeutralIdle+ChildNaturalWalk,0.2768,0.2961,0.000
60.644,street,Can,-0.5442,0.0194,19.9500,0.0012,0,ChildNeutralIdle+ChildNaturalWalk,0.1701,0.1551,0.000
60.677,street,Deniz,0.0000,0.0137,24.9426,0.0000,0,ChildNeutralIdle+ChildNaturalWalk,0.2766,0.2961,0.000
60.677,street,Can,-0.5442,0.0194,19.9500,0.0012,0,ChildNeutralIdle+ChildNaturalWalk,0.1703,0.1550,0.000
60.710,street,Deniz,0.0000,0.0137,24.9426,0.0000,0,ChildNeutralIdle+ChildNaturalWalk,0.2764,0.2961,0.000
60.710,street,Can,-0.5442,0.0194,19.9500,0.0012,0,ChildNeutralIdle+ChildNaturalWalk,0.1705,0.1549,0.000
60.744,street,Deniz,0.0000,0.0137,24.9426,0.0000,0,ChildNeutralIdle+ChildNaturalWalk,0.2762,0.2960,0.000
60.744,street,Can,-0.5441,0.0194,19.9500,0.0012,0,ChildNeutralIdle+ChildNaturalWalk,0.1707,0.1548,0.000
60.777,street,Deniz,0.0000,0.0137,24.9426,0.0000,0,ChildNeutralIdle+ChildNaturalWalk,0.2761,0.2960,0.000
60.777,street,Can,-0.5441,0.0194,19.9500,0.0012,0,ChildNeutralIdle+ChildNaturalWalk,0.1708,0.1547,0.000
60.810,street,Deniz,0.0000,0.0137,24.9426,0.0000,0,ChildNeutralIdle+ChildNaturalWalk,0.2759,0.2960,0.000
60.810,street,Can,-0.5440,0.0194,19.9500,0.0012,0,ChildNeutralIdle+ChildNaturalWalk,0.1708,0.1546,0.000
60.845,street,Deniz,0.0000,0.0137,24.9426,0.0000,0,ChildNeutralIdle+ChildNaturalWalk,0.2758,0.2960,0.000
60.845,street,Can,-0.5440,0.0194,19.9500,0.0012,0,ChildNeutralIdle+ChildNaturalWalk,0.1709,0.1544,0.000
60.877,street,Deniz,0.0000,0.0137,24.9426,0.0000,0,ChildNeutralIdle+ChildNaturalWalk,0.2756,0.2961,0.000
60.877,street,Can,-0.5440,0.0194,19.9500,0.0012,0,ChildNeutralIdle+ChildNaturalWalk,0.1709,0.1543,0.000
60.910,street,Deniz,0.0000,0.0137,24.9426,0.0000,0,ChildNeutralIdle+ChildNaturalWalk,0.2755,0.2961,0.000
60.910,street,Can,-0.5439,0.0194,19.9500,0.0012,0,ChildNeutralIdle+ChildNaturalWalk,0.1709,0.1541,0.000
60.944,street,Deniz,0.0000,0.0137,24.9426,0.0000,0,ChildNeutralIdle+ChildNaturalWalk,0.2754,0.2962,0.000
60.944,street,Can,-0.5439,0.0194,19.9500,0.0012,0,ChildNeutralIdle+ChildNaturalWalk,0.1709,0.1539,0.000
60.977,street,Deniz,0.0000,0.0137,24.9426,0.0000,0,ChildNeutralIdle+ChildNaturalWalk,0.2753,0.2963,0.000
60.977,street,Can,-0.5438,0.0194,19.9500,0.0012,0,ChildNeutralIdle+ChildNaturalWalk,0.1708,0.1537,0.000
61.010,street,Deniz,0.0000,0.0137,24.9426,0.0000,0,ChildNeutralIdle+ChildNaturalWalk,0.2752,0.2964,0.000
61.010,street,Can,-0.5438,0.0194,19.9500,0.0012,0,ChildNeutralIdle+ChildNaturalWalk,0.1707,0.1535,0.000
61.044,street,Deniz,0.0000,0.0137,24.9426,0.0000,0,ChildNeutralIdle+ChildNaturalWalk,0.2751,0.2965,0.000
61.044,street,Can,-0.5438,0.0194,19.9500,0.0012,0,ChildNeutralIdle+ChildNaturalWalk,0.1706,0.1533,0.000
61.078,street,Deniz,0.0000,0.0137,24.9426,0.0000,0,ChildNeutralIdle+ChildNaturalWalk,0.2751,0.2967,0.000
61.078,street,Can,-0.5437,0.0194,19.9500,0.0012,0,ChildNeutralIdle+ChildNaturalWalk,0.1705,0.1531,0.000
61.110,street,Deniz,0.0000,0.0137,24.9426,0.0000,0,ChildNeutralIdle+ChildNaturalWalk,0.2750,0.2968,0.000
61.110,street,Can,-0.5437,0.0194,19.9500,0.0012,0,ChildNeutralIdle+ChildNaturalWalk,0.1703,0.1529,0.000
61.145,street,Deniz,0.0000,0.0137,24.9426,0.0000,0,ChildNeutralIdle+ChildNaturalWalk,0.2750,0.2970,0.000
61.145,street,Can,-0.5436,0.0194,19.9500,0.0012,0,ChildNeutralIdle+ChildNaturalWalk,0.1701,0.1527,0.000
61.177,street,Deniz,0.0000,0.0137,24.9426,0.0000,0,ChildNeutralIdle+ChildNaturalWalk,0.2750,0.2973,0.000
61.177,street,Can,-0.5436,0.0194,19.9500,0.0012,0,ChildNeutralIdle+ChildNaturalWalk,0.1699,0.1525,0.000
61.210,street,Deniz,0.0000,0.0137,24.9426,0.0000,0,ChildNeutralIdle+ChildNaturalWalk,0.2750,0.2975,0.000
61.210,street,Can,-0.5436,0.0194,19.9500,0.0012,0,ChildNeutralIdle+ChildNaturalWalk,0.1697,0.1523,0.000
61.244,street,Deniz,0.0000,0.0137,24.9426,0.0000,0,ChildNeutralIdle+ChildNaturalWalk,0.2750,0.2978,0.000
61.244,street,Can,-0.5435,0.0194,19.9500,0.0012,0,ChildNeutralIdle+ChildNaturalWalk,0.1694,0.1521,0.000
61.277,street,Deniz,0.0000,0.0137,24.9426,0.0000,0,ChildNeutralIdle+ChildNaturalWalk,0.2751,0.2980,0.000
61.277,street,Can,-0.5435,0.0194,19.9500,0.0012,0,ChildNeutralIdle+ChildNaturalWalk,0.1691,0.1518,0.000
61.311,street,Deniz,0.0000,0.0137,24.9426,0.0000,0,ChildNeutralIdle+ChildNaturalWalk,0.2751,0.2983,0.000
61.311,street,Can,-0.5434,0.0194,19.9500,0.0012,0,ChildNeutralIdle+ChildNaturalWalk,0.1688,0.1516,0.000
61.344,street,Deniz,0.0000,0.0137,24.9426,0.0000,0,ChildNeutralIdle+ChildNaturalWalk,0.2752,0.2985,0.000
61.344,street,Can,-0.5434,0.0194,19.9500,0.0012,0,ChildNeutralIdle+ChildNaturalWalk,0.1685,0.1514,0.000
61.377,street,Deniz,0.0000,0.0137,24.9426,0.0000,0,ChildNeutralIdle+ChildNaturalWalk,0.2753,0.2988,0.000
61.377,street,Can,-0.5434,0.0194,19.9500,0.0012,0,ChildNeutralIdle+ChildNaturalWalk,0.1681,0.1512,0.000
61.410,street,Deniz,0.0000,0.0137,24.9426,0.0000,0,ChildNeutralIdle+ChildNaturalWalk,0.2754,0.2990,0.000
61.410,street,Can,-0.5433,0.0194,19.9500,0.0012,0,ChildNeutralIdle+ChildNaturalWalk,0.1677,0.1511,0.000
61.443,street,Deniz,0.0000,0.0137,24.9426,0.0000,0,ChildNeutralIdle+ChildNaturalWalk,0.2756,0.2992,0.000
61.443,street,Can,-0.5433,0.0194,19.9500,0.0012,0,ChildNeutralIdle+ChildNaturalWalk,0.1674,0.1509,0.000
61.478,street,Deniz,0.0000,0.0137,24.9426,0.0000,0,ChildNeutralIdle+ChildNaturalWalk,0.2757,0.2994,0.000
61.478,street,Can,-0.5432,0.0194,19.9500,0.0012,0,ChildNeutralIdle+ChildNaturalWalk,0.1670,0.1507,0.000
61.510,street,Deniz,0.0000,0.0137,24.9426,0.0000,0,ChildNeutralIdle+ChildNaturalWalk,0.2759,0.2996,0.000
61.510,street,Can,-0.5432,0.0194,19.9500,0.0012,0,ChildNeutralIdle+ChildNaturalWalk,0.1666,0.1506,0.000
61.544,street,Deniz,0.0000,0.0137,24.9426,0.0000,0,ChildNeutralIdle+ChildNaturalWalk,0.2760,0.2997,0.000
61.544,street,Can,-0.5431,0.0194,19.9500,0.0012,0,ChildNeutralIdle+ChildNaturalWalk,0.1662,0.1504,0.000
61.578,street,Deniz,0.0000,0.0137,24.9426,0.0000,0,ChildNeutralIdle+ChildNaturalWalk,0.2762,0.2999,0.000
61.578,street,Can,-0.5431,0.0194,19.9500,0.0012,0,ChildNeutralIdle+ChildNaturalWalk,0.1658,0.1503,0.000
61.610,street,Deniz,0.0000,0.0137,24.9426,0.0000,0,ChildNeutralIdle+ChildNaturalWalk,0.2764,0.3000,0.000
61.610,street,Can,-0.5431,0.0194,19.9500,0.0012,0,ChildNeutralIdle+ChildNaturalWalk,0.1654,0.1502,0.000
61.644,street,Deniz,0.0000,0.0137,24.9426,0.0000,0,ChildNeutralIdle+ChildNaturalWalk,0.2766,0.3001,0.000
61.644,street,Can,-0.5430,0.0194,19.9500,0.0012,0,ChildNeutralIdle+ChildNaturalWalk,0.1650,0.1501,0.000
61.678,street,Deniz,0.0000,0.0137,24.9426,0.0000,0,ChildNeutralIdle+ChildNaturalWalk,0.2768,0.3002,0.000
61.678,street,Can,-0.5430,0.0194,19.9500,0.0012,0,ChildNeutralIdle+ChildNaturalWalk,0.1647,0.1500,0.000
61.710,street,Deniz,0.0000,0.0137,24.9426,0.0000,0,ChildNeutralIdle+ChildNaturalWalk,0.2769,0.3003,0.000
61.710,street,Can,-0.5429,0.0194,19.9500,0.0012,0,ChildNeutralIdle+ChildNaturalWalk,0.1643,0.1499,0.000
61.744,street,Deniz,0.0000,0.0137,24.9426,0.0000,0,ChildNeutralIdle+ChildNaturalWalk,0.2771,0.3004,0.000
61.744,street,Can,-0.5429,0.0194,19.9500,0.0012,0,ChildNeutralIdle+ChildNaturalWalk,0.1640,0.1499,0.000
61.777,street,Deniz,0.0000,0.0137,24.9426,0.0000,0,ChildNeutralIdle+ChildNaturalWalk,0.2773,0.3004,0.000
61.777,street,Can,-0.5429,0.0194,19.9500,0.0012,0,ChildNeutralIdle+ChildNaturalWalk,0.1637,0.1499,0.000
61.811,street,Deniz,0.0000,0.0137,24.9426,0.0000,0,ChildNeutralIdle+ChildNaturalWalk,0.2775,0.3005,0.000
61.811,street,Can,-0.5428,0.0194,19.9500,0.0012,0,ChildNeutralIdle+ChildNaturalWalk,0.1634,0.1499,0.000
61.844,street,Deniz,0.0000,0.0137,24.9426,0.0000,0,ChildNeutralIdle+ChildNaturalWalk,0.2777,0.3005,0.000
61.844,street,Can,-0.5428,0.0194,19.9500,0.0012,0,ChildNeutralIdle+ChildNaturalWalk,0.1631,0.1499,0.000
61.877,street,Deniz,0.0000,0.0137,24.9426,0.0000,0,ChildNeutralIdle+ChildNaturalWalk,0.2779,0.3006,0.000
61.877,street,Can,-0.5427,0.0194,19.9500,0.0012,0,ChildNeutralIdle+ChildNaturalWalk,0.1629,0.1500,0.000
61.910,street,Deniz,0.0000,0.0137,24.9426,0.0000,0,ChildNeutralIdle+ChildNaturalWalk,0.2781,0.3006,0.000
61.910,street,Can,-0.5427,0.0194,19.9500,0.0012,0,ChildNeutralIdle+ChildNaturalWalk,0.1626,0.1500,0.000
61.944,street,Deniz,0.0000,0.0137,24.9426,0.0000,0,ChildNeutralIdle+ChildNaturalWalk,0.2783,0.3006,0.000
61.944,street,Can,-0.5427,0.0194,19.9500,0.0012,0,ChildNeutralIdle+ChildNaturalWalk,0.1625,0.1501,0.000
61.977,street,Deniz,0.0000,0.0137,24.9426,0.0000,0,ChildNeutralIdle+ChildNaturalWalk,0.2784,0.3005,0.000
61.977,street,Can,-0.5426,0.0194,19.9500,0.0012,0,ChildNeutralIdle+ChildNaturalWalk,0.1623,0.1503,0.000
62.010,street,Deniz,0.0000,0.0137,24.9426,0.0000,0,ChildNeutralIdle+ChildNaturalWalk,0.2786,0.3005,0.000
62.010,street,Can,-0.5426,0.0194,19.9500,0.0012,0,ChildNeutralIdle+ChildNaturalWalk,0.1622,0.1504,0.000
62.044,street,Deniz,0.0000,0.0137,24.9426,0.0000,0,ChildNeutralIdle+ChildNaturalWalk,0.2788,0.3005,0.000
62.044,street,Can,-0.5425,0.0194,19.9500,0.0012,0,ChildNeutralIdle+ChildNaturalWalk,0.1621,0.1506,0.000
62.078,street,Deniz,0.0000,0.0137,24.9426,0.0000,0,ChildNeutralIdle+ChildNaturalWalk,0.2789,0.3004,0.000
62.078,street,Can,-0.5425,0.0194,19.9500,0.0012,0,ChildNeutralIdle+ChildNaturalWalk,0.1620,0.1508,0.000
62.111,street,Deniz,0.0000,0.0137,24.9426,0.0000,0,ChildNeutralIdle+ChildNaturalWalk,0.2791,0.3004,0.000
62.111,street,Can,-0.5425,0.0194,19.9500,0.0012,0,ChildNeutralIdle+ChildNaturalWalk,0.1620,0.1509,0.000
62.144,street,Deniz,0.0000,0.0137,24.9426,0.0000,0,ChildNeutralIdle+ChildNaturalWalk,0.2792,0.3003,0.000
62.144,street,Can,-0.5424,0.0194,19.9500,0.0012,0,ChildNeutralIdle+ChildNaturalWalk,0.1620,0.1511,0.000
62.177,street,Deniz,0.0000,0.0137,24.9426,0.0000,0,ChildNeutralIdle+ChildNaturalWalk,0.2793,0.3002,0.000
62.177,street,Can,-0.5424,0.0194,19.9500,0.0012,0,ChildNeutralIdle+ChildNaturalWalk,0.1621,0.1514,0.000
62.211,street,Deniz,0.0000,0.0137,24.9426,0.0000,0,ChildNeutralIdle+ChildNaturalWalk,0.2794,0.3001,0.000
62.211,street,Can,-0.5423,0.0194,19.9500,0.0012,0,ChildNeutralIdle+ChildNaturalWalk,0.1621,0.1516,0.000
62.243,street,Deniz,0.0000,0.0137,24.9426,0.0000,0,ChildNeutralIdle+ChildNaturalWalk,0.2795,0.2999,0.000
62.243,street,Can,-0.5423,0.0194,19.9500,0.0012,0,ChildNeutralIdle+ChildNaturalWalk,0.1623,0.1518,0.000
62.277,street,Deniz,0.0000,0.0137,24.9426,0.0000,0,ChildNeutralIdle+ChildNaturalWalk,0.2796,0.2998,0.000
62.277,street,Can,-0.5423,0.0194,19.9500,0.0012,0,ChildNeutralIdle+ChildNaturalWalk,0.1624,0.1520,0.000
62.310,street,Deniz,0.0000,0.0137,24.9426,0.0000,0,ChildNeutralIdle+ChildNaturalWalk,0.2797,0.2996,0.000
62.310,street,Can,-0.5422,0.0194,19.9500,0.0012,0,ChildNeutralIdle+ChildNaturalWalk,0.1626,0.1522,0.000
62.344,street,Deniz,0.0000,0.0137,24.9426,0.0000,0,ChildNeutralIdle+ChildNaturalWalk,0.2797,0.2994,0.000
62.344,street,Can,-0.5422,0.0194,19.9500,0.0012,0,ChildNeutralIdle+ChildNaturalWalk,0.1628,0.1524,0.000
62.377,street,Deniz,0.0000,0.0137,24.9426,0.0000,0,ChildNeutralIdle+ChildNaturalWalk,0.2797,0.2992,0.000
62.377,street,Can,-0.5421,0.0194,19.9500,0.0012,0,ChildNeutralIdle+ChildNaturalWalk,0.1630,0.1526,0.000
62.410,street,Deniz,0.0000,0.0137,24.9426,0.0000,0,ChildNeutralIdle+ChildNaturalWalk,0.2797,0.2991,0.000
62.410,street,Can,-0.5421,0.0194,19.9500,0.0012,0,ChildNeutralIdle+ChildNaturalWalk,0.1633,0.1528,0.000
62.443,street,Deniz,0.0000,0.0137,24.9426,0.0000,0,ChildNeutralIdle+ChildNaturalWalk,0.2797,0.2989,0.000
62.443,street,Can,-0.5421,0.0194,19.9500,0.0012,0,ChildNeutralIdle+ChildNaturalWalk,0.1636,0.1530,0.000
62.477,street,Deniz,0.0000,0.0137,24.9426,0.0000,0,ChildNeutralIdle+ChildNaturalWalk,0.2796,0.2987,0.000
62.477,street,Can,-0.5420,0.0194,19.9500,0.0012,0,ChildNeutralIdle+ChildNaturalWalk,0.1639,0.1532,0.000
62.510,street,Deniz,0.0000,0.0137,24.9426,0.0000,0,ChildNeutralIdle+ChildNaturalWalk,0.2795,0.2985,0.000
62.510,street,Can,-0.5420,0.0194,19.9500,0.0012,0,ChildNeutralIdle+ChildNaturalWalk,0.1642,0.1534,0.000
62.544,street,Deniz,0.0000,0.0137,24.9426,0.0000,0,ChildNeutralIdle+ChildNaturalWalk,0.2794,0.2984,0.000
62.544,street,Can,-0.5419,0.0194,19.9500,0.0012,0,ChildNeutralIdle+ChildNaturalWalk,0.1646,0.1536,0.000
62.577,street,Deniz,0.0000,0.0137,24.9426,0.0000,0,ChildNeutralIdle+ChildNaturalWalk,0.2793,0.2982,0.000
62.577,street,Can,-0.5419,0.0194,19.9500,0.0012,0,ChildNeutralIdle+ChildNaturalWalk,0.1650,0.1538,0.000
62.616,street,Deniz,0.0000,0.0137,24.9426,0.0000,0,ChildNeutralIdle+ChildNaturalWalk,0.2792,0.2980,0.000
62.616,street,Can,-0.5419,0.0194,19.9500,0.0012,0,ChildNeutralIdle+ChildNaturalWalk,0.1654,0.1539,0.000
62.649,street,Deniz,0.0000,0.0137,24.9426,0.0000,0,ChildNeutralIdle+ChildNaturalWalk,0.2790,0.2979,0.000
62.649,street,Can,-0.5418,0.0194,19.9500,0.0012,0,ChildNeutralIdle+ChildNaturalWalk,0.1658,0.1541,0.000
62.682,street,Deniz,0.0000,0.0137,24.9426,0.0000,0,ChildNeutralIdle+ChildNaturalWalk,0.2789,0.2977,0.000
62.682,street,Can,-0.5418,0.0194,19.9500,0.0012,0,ChildNeutralIdle+ChildNaturalWalk,0.1662,0.1542,0.000
62.716,street,Deniz,0.0000,0.0137,24.9426,0.0000,0,ChildNeutralIdle+ChildNaturalWalk,0.2787,0.2976,0.000
62.716,street,Can,-0.5417,0.0194,19.9500,0.0012,0,ChildNeutralIdle+ChildNaturalWalk,0.1666,0.1544,0.000
62.749,street,Deniz,0.0000,0.0137,24.9426,0.0000,0,ChildNeutralIdle+ChildNaturalWalk,0.2785,0.2974,0.000
62.749,street,Can,-0.5417,0.0194,19.9500,0.0012,0,ChildNeutralIdle+ChildNaturalWalk,0.1670,0.1545,0.000
62.782,street,Deniz,0.0000,0.0137,24.9426,0.0000,0,ChildNeutralIdle+ChildNaturalWalk,0.2783,0.2973,0.000
62.782,street,Can,-0.5417,0.0194,19.9500,0.0012,0,ChildNeutralIdle+ChildNaturalWalk,0.1674,0.1546,0.000
62.815,street,Deniz,0.0000,0.0137,24.9426,0.0000,0,ChildNeutralIdle+ChildNaturalWalk,0.2781,0.2971,0.000
62.815,street,Can,-0.5416,0.0194,19.9500,0.0012,0,ChildNeutralIdle+ChildNaturalWalk,0.1678,0.1547,0.000
62.850,street,Deniz,0.0000,0.0137,24.9426,0.0000,0,ChildNeutralIdle+ChildNaturalWalk,0.2779,0.2970,0.000
62.850,street,Can,-0.5416,0.0194,19.9500,0.0012,0,ChildNeutralIdle+ChildNaturalWalk,0.1682,0.1548,0.000
62.883,street,Deniz,0.0000,0.0137,24.9426,0.0000,0,ChildNeutralIdle+ChildNaturalWalk,0.2777,0.2969,0.000
62.883,street,Can,-0.5415,0.0194,19.9500,0.0012,0,ChildNeutralIdle+ChildNaturalWalk,0.1685,0.1549,0.000
62.917,street,Deniz,0.0000,0.0137,24.9426,0.0000,0,ChildNeutralIdle+ChildNaturalWalk,0.2775,0.2968,0.000
62.917,street,Can,-0.5415,0.0194,19.9500,0.0012,0,ChildNeutralIdle+ChildNaturalWalk,0.1689,0.1549,0.000
62.949,street,Deniz,0.0000,0.0137,24.9426,0.0000,0,ChildNeutralIdle+ChildNaturalWalk,0.2772,0.2967,0.000
62.949,street,Can,-0.5415,0.0194,19.9500,0.0012,0,ChildNeutralIdle+ChildNaturalWalk,0.1692,0.1550,0.000
62.982,street,Deniz,0.0000,0.0137,24.9426,0.0000,0,ChildNeutralIdle+ChildNaturalWalk,0.2770,0.2967,0.000
62.982,street,Can,-0.5414,0.0194,19.9500,0.0012,0,ChildNeutralIdle+ChildNaturalWalk,0.1696,0.1550,0.000
63.015,street,Deniz,0.0000,0.0137,24.9426,0.0000,0,ChildNeutralIdle+ChildNaturalWalk,0.2768,0.2966,0.000
63.015,street,Can,-0.5414,0.0194,19.9500,0.0012,0,ChildNeutralIdle+ChildNaturalWalk,0.1699,0.1550,0.000
63.049,street,Deniz,0.0000,0.0137,24.9426,0.0000,0,ChildNeutralIdle+ChildNaturalWalk,0.2766,0.2966,0.000
63.049,street,Can,-0.5413,0.0194,19.9500,0.0012,0,ChildNeutralIdle+ChildNaturalWalk,0.1702,0.1550,0.000
63.082,street,Deniz,0.0000,0.0137,24.9426,0.0000,0,ChildNeutralIdle+ChildNaturalWalk,0.2764,0.2966,0.000
63.082,street,Can,-0.5413,0.0194,19.9500,0.0012,0,ChildNeutralIdle+ChildNaturalWalk,0.1704,0.1550,0.000
63.115,street,Deniz,0.0000,0.0137,24.9426,0.0000,0,ChildNeutralIdle+ChildNaturalWalk,0.2762,0.2966,0.000
63.115,street,Can,-0.5413,0.0194,19.9500,0.0012,0,ChildNeutralIdle+ChildNaturalWalk,0.1706,0.1549,0.000
63.149,street,Deniz,0.0000,0.0137,24.9426,0.0000,0,ChildNeutralIdle+ChildNaturalWalk,0.2760,0.2966,0.000
63.149,street,Can,-0.5412,0.0194,19.9500,0.0012,0,ChildNeutralIdle+ChildNaturalWalk,0.1708,0.1549,0.000
63.182,street,Deniz,0.0000,0.0137,24.9426,0.0000,0,ChildNeutralIdle+ChildNaturalWalk,0.2758,0.2966,0.000
63.182,street,Can,-0.5412,0.0194,19.9500,0.0012,0,ChildNeutralIdle+ChildNaturalWalk,0.1710,0.1548,0.000
63.216,street,Deniz,0.0000,0.0137,24.9426,0.0000,0,ChildNeutralIdle+ChildNaturalWalk,0.2756,0.2966,0.000
63.216,street,Can,-0.5411,0.0194,19.9500,0.0012,0,ChildNeutralIdle+ChildNaturalWalk,0.1711,0.1547,0.000
63.249,street,Deniz,0.0000,0.0137,24.9426,0.0000,0,ChildNeutralIdle+ChildNaturalWalk,0.2754,0.2966,0.000
63.249,street,Can,-0.5411,0.0194,19.9500,0.0012,0,ChildNeutralIdle+ChildNaturalWalk,0.1711,0.1546,0.000
63.282,street,Deniz,0.0000,0.0137,24.9426,0.0000,0,ChildNeutralIdle+ChildNaturalWalk,0.2752,0.2967,0.000
63.282,street,Can,-0.5410,0.0194,19.9500,0.0012,0,ChildNeutralIdle+ChildNaturalWalk,0.1712,0.1544,0.000
63.315,street,Deniz,0.0000,0.0137,24.9426,0.0000,0,ChildNeutralIdle+ChildNaturalWalk,0.2751,0.2967,0.000
63.315,street,Can,-0.5410,0.0194,19.9500,0.0012,0,ChildNeutralIdle+ChildNaturalWalk,0.1712,0.1543,0.000
63.350,street,Deniz,0.0000,0.0137,24.9426,0.0000,0,ChildNeutralIdle+ChildNaturalWalk,0.2749,0.2968,0.000
63.350,street,Can,-0.5410,0.0194,19.9500,0.0012,0,ChildNeutralIdle+ChildNaturalWalk,0.1712,0.1541,0.000
63.382,street,Deniz,0.0000,0.0137,24.9426,0.0000,0,ChildNeutralIdle+ChildNaturalWalk,0.2748,0.2969,0.000
63.382,street,Can,-0.5409,0.0194,19.9500,0.0012,0,ChildNeutralIdle+ChildNaturalWalk,0.1711,0.1540,0.000
63.415,street,Deniz,0.0000,0.0137,24.9426,0.0000,0,ChildNeutralIdle+ChildNaturalWalk,0.2747,0.2970,0.000
63.415,street,Can,-0.5409,0.0194,19.9500,0.0012,0,ChildNeutralIdle+ChildNaturalWalk,0.1711,0.1538,0.000
63.448,street,Deniz,0.0000,0.0137,24.9426,0.0000,0,ChildNeutralIdle+ChildNaturalWalk,0.2746,0.2971,0.000
63.448,street,Can,-0.5408,0.0194,19.9500,0.0012,0,ChildNeutralIdle+ChildNaturalWalk,0.1710,0.1536,0.000
63.482,street,Deniz,0.0000,0.0137,24.9426,0.0000,0,ChildNeutralIdle+ChildNaturalWalk,0.2745,0.2973,0.000
63.482,street,Can,-0.5408,0.0194,19.9500,0.0012,0,ChildNeutralIdle+ChildNaturalWalk,0.1708,0.1535,0.000
