time,phase,actor,x,y,z,speed,onOffMeshLink,clip,leftFootY,rightFootY,upAngle
10.853,corridor,Deniz,0.0000,4.0200,-8.5500,0.0000,0,ChildNeutralIdle,4.2809,4.3039,0.000
10.853,corridor,Can,-0.7000,4.0200,-9.0500,0.0000,0,ChildNeutralIdle,4.1632,4.1511,0.000
10.869,corridor,Deniz,0.0000,3.9884,-8.5500,0.0000,0,ChildNeutralIdle,4.2493,4.2723,0.000
10.869,corridor,Can,-0.7000,4.0238,-9.0500,0.0000,0,ChildNeutralIdle,4.1670,4.1548,0.000
10.875,corridor,Deniz,0.0000,3.9884,-8.5500,0.0000,0,ChildNeutralIdle,4.2493,4.2725,0.000
10.875,corridor,Can,-0.7000,4.0238,-9.0500,0.0000,0,ChildNeutralIdle,4.1668,4.1549,0.000
10.881,corridor,Deniz,0.0000,3.9884,-8.5500,0.0000,0,ChildNeutralIdle,4.2494,4.2727,0.000
10.881,corridor,Can,-0.7000,4.0238,-9.0500,0.0000,0,ChildNeutralIdle,4.1667,4.1551,0.000
10.885,corridor,Deniz,0.0000,3.9884,-8.5500,0.0000,0,ChildNeutralIdle,4.2495,4.2729,0.000
10.885,corridor,Can,-0.7000,4.0238,-9.0500,0.0000,0,ChildNeutralIdle,4.1666,4.1552,0.000
10.903,corridor,Deniz,0.0000,3.9884,-8.5500,0.0000,0,ChildNeutralIdle,4.2495,4.2731,0.000
10.903,corridor,Can,-0.7000,4.0238,-9.0500,0.0000,0,ChildNeutralIdle,4.1665,4.1554,0.000
10.937,corridor,Deniz,0.0000,3.9884,-8.5500,0.0000,0,ChildNeutralIdle,4.2496,4.2732,0.000
10.937,corridor,Can,-0.7000,4.0238,-9.0500,0.0000,0,ChildNeutralIdle,4.1664,4.1555,0.000
10.978,corridor,Deniz,0.0000,3.9884,-8.5500,0.0000,0,ChildNeutralIdle,4.2497,4.2734,0.000
10.978,corridor,Can,-0.7000,4.0238,-9.0500,0.0000,0,ChildNeutralIdle,4.1664,4.1557,0.000
11.004,corridor,Deniz,0.0000,3.9884,-8.5500,0.0000,0,ChildNeutralIdle,4.2499,4.2736,0.000
11.004,corridor,Can,-0.7000,4.0238,-9.0500,0.0000,0,ChildNeutralIdle,4.1664,4.1559,0.000
11.037,corridor,Deniz,0.0000,3.9884,-8.5500,0.0000,0,ChildNeutralIdle,4.2500,4.2738,0.000
11.037,corridor,Can,-0.7000,4.0238,-9.0500,0.0000,0,ChildNeutralIdle,4.1664,4.1561,0.000
11.071,corridor,Deniz,0.0000,3.9884,-8.5500,0.0000,0,ChildNeutralIdle,4.2501,4.2739,0.000
11.071,corridor,Can,-0.7000,4.0238,-9.0500,0.0000,0,ChildNeutralIdle,4.1665,4.1563,0.000
11.104,corridor,Deniz,0.0000,3.9884,-8.5500,0.0000,0,ChildNeutralIdle,4.2503,4.2741,0.000
11.104,corridor,Can,-0.7000,4.0238,-9.0500,0.0000,0,ChildNeutralIdle,4.1666,4.1565,0.000
11.138,corridor,Deniz,0.0000,3.9884,-8.5500,0.0000,0,ChildNeutralIdle,4.2505,4.2742,0.000
11.138,corridor,Can,-0.7000,4.0238,-9.0500,0.0000,0,ChildNeutralIdle,4.1667,4.1567,0.000
11.173,corridor,Deniz,0.0000,3.9884,-8.5500,0.0000,0,ChildNeutralIdle,4.2506,4.2744,0.000
11.173,corridor,Can,-0.7000,4.0238,-9.0500,0.0000,0,ChildNeutralIdle,4.1669,4.1569,0.000
11.204,corridor,Deniz,0.0000,3.9884,-8.5500,0.0000,0,ChildNeutralIdle,4.2508,4.2745,0.000
11.204,corridor,Can,-0.7000,4.0238,-9.0500,0.0000,0,ChildNeutralIdle,4.1671,4.1571,0.000
11.238,corridor,Deniz,0.0000,3.9884,-8.5500,0.0000,0,ChildNeutralIdle,4.2510,4.2747,0.000
11.238,corridor,Can,-0.7000,4.0238,-9.0500,0.0000,0,ChildNeutralIdle,4.1673,4.1573,0.000
11.271,corridor,Deniz,0.0000,3.9884,-8.5500,0.0000,0,ChildNeutralIdle,4.2512,4.2748,0.000
11.271,corridor,Can,-0.7000,4.0238,-9.0500,0.0000,0,ChildNeutralIdle,4.1675,4.1576,0.000
11.304,corridor,Deniz,0.0000,3.9884,-8.5500,0.0000,0,ChildNeutralIdle,4.2514,4.2749,0.000
11.304,corridor,Can,-0.7000,4.0238,-9.0500,0.0000,0,ChildNeutralIdle,4.1678,4.1578,0.000
11.338,corridor,Deniz,0.0000,3.9884,-8.5500,0.0000,0,ChildNeutralIdle,4.2516,4.2750,0.000
11.338,corridor,Can,-0.7000,4.0238,-9.0500,0.0000,0,ChildNeutralIdle,4.1681,4.1580,0.000
11.371,corridor,Deniz,0.0000,3.9884,-8.5500,0.0000,0,ChildNeutralIdle,4.2518,4.2751,0.000
11.371,corridor,Can,-0.7000,4.0238,-9.0500,0.0000,0,ChildNeutralIdle,4.1684,4.1581,0.000
11.404,corridor,Deniz,0.0000,3.9884,-8.5500,0.0000,0,ChildNeutralIdle,4.2520,4.2751,0.000
11.404,corridor,Can,-0.7000,4.0238,-9.0500,0.0000,0,ChildNeutralIdle,4.1687,4.1583,0.000
11.438,corridor,Deniz,0.0000,3.9884,-8.5500,0.0000,0,ChildNeutralIdle,4.2522,4.2752,0.000
11.438,corridor,Can,-0.7000,4.0238,-9.0500,0.0000,0,ChildNeutralIdle,4.1691,4.1585,0.000
11.471,corridor,Deniz,0.0000,3.9884,-8.5500,0.0000,0,ChildNeutralIdle,4.2524,4.2752,0.000
11.471,corridor,Can,-0.7000,4.0238,-9.0500,0.0000,0,ChildNeutralIdle,4.1695,4.1586,0.000
11.504,corridor,Deniz,0.0000,3.9884,-8.5500,0.0000,0,ChildNeutralIdle,4.2526,4.2753,0.000
11.504,corridor,Can,-0.7000,4.0238,-9.0500,0.0000,0,ChildNeutralIdle,4.1699,4.1588,0.000
11.538,corridor,Deniz,0.0000,3.9884,-8.5500,0.0000,0,ChildNeutralIdle,4.2528,4.2753,0.000
11.538,corridor,Can,-0.7000,4.0238,-9.0500,0.0000,0,ChildNeutralIdle,4.1702,4.1589,0.000
11.571,corridor,Deniz,0.0000,3.9884,-8.5500,0.0000,0,ChildNeutralIdle,4.2530,4.2753,0.000
11.571,corridor,Can,-0.7000,4.0238,-9.0500,0.0000,0,ChildNeutralIdle,4.1706,4.1591,0.000
11.604,corridor,Deniz,0.0000,3.9884,-8.5500,0.0000,0,ChildNeutralIdle,4.2532,4.2753,0.000
11.604,corridor,Can,-0.7000,4.0238,-9.0500,0.0000,0,ChildNeutralIdle,4.1710,4.1592,0.000
11.637,corridor,Deniz,0.0000,3.9884,-8.5500,0.0000,0,ChildNeutralIdle,4.2534,4.2752,0.000
11.637,corridor,Can,-0.7000,4.0238,-9.0500,0.0000,0,ChildNeutralIdle,4.1714,4.1593,0.000
11.672,corridor,Deniz,0.0000,3.9884,-8.5500,0.0000,0,ChildNeutralIdle,4.2536,4.2752,0.000
11.672,corridor,Can,-0.7000,4.0238,-9.0500,0.0000,0,ChildNeutralIdle,4.1718,4.1594,0.000
11.704,corridor,Deniz,0.0000,3.9884,-8.5500,0.0000,0,ChildNeutralIdle,4.2538,4.2751,0.000
11.704,corridor,Can,-0.7000,4.0238,-9.0500,0.0000,0,ChildNeutralIdle,4.1722,4.1594,0.000
11.737,corridor,Deniz,0.0000,3.9884,-8.5500,0.0000,0,ChildNeutralIdle,4.2539,4.2750,0.000
11.737,corridor,Can,-0.7000,4.0238,-9.0500,0.0000,0,ChildNeutralIdle,4.1726,4.1595,0.000
11.771,corridor,Deniz,0.0000,3.9884,-8.5500,0.0000,0,ChildNeutralIdle,4.2541,4.2750,0.000
11.771,corridor,Can,-0.7000,4.0238,-9.0500,0.0000,0,ChildNeutralIdle,4.1730,4.1595,0.000
11.804,corridor,Deniz,0.0000,3.9884,-8.5500,0.0000,0,ChildNeutralIdle,4.2542,4.2749,0.000
11.804,corridor,Can,-0.7000,4.0238,-9.0500,0.0000,0,ChildNeutralIdle,4.1733,4.1595,0.000
11.837,corridor,Deniz,0.0000,3.9884,-8.5500,0.0000,0,ChildNeutralIdle,4.2543,4.2748,0.000
11.837,corridor,Can,-0.7000,4.0238,-9.0500,0.0000,0,ChildNeutralIdle,4.1737,4.1596,0.000
11.871,corridor,Deniz,0.0000,3.9884,-8.5500,0.0000,0,ChildNeutralIdle,4.2544,4.2747,0.000
11.871,corridor,Can,-0.7000,4.0238,-9.0500,0.0000,0,ChildNeutralIdle,4.1740,4.1595,0.000
11.905,corridor,Deniz,0.0000,3.9884,-8.5500,0.0000,0,ChildNeutralIdle,4.2545,4.2746,0.000
11.905,corridor,Can,-0.7000,4.0238,-9.0500,0.0000,0,ChildNeutralIdle,4.1743,4.1595,0.000
11.938,corridor,Deniz,0.0000,3.9884,-8.5500,0.0000,0,ChildNeutralIdle,4.2545,4.2745,0.000
11.938,corridor,Can,-0.7000,4.0238,-9.0500,0.0000,0,ChildNeutralIdle,4.1745,4.1595,0.000
11.970,corridor,Deniz,0.0000,3.9884,-8.5500,0.0000,0,ChildNeutralIdle,4.2546,4.2744,0.000
11.970,corridor,Can,-0.7000,4.0238,-9.0500,0.0000,0,ChildNeutralIdle,4.1747,4.1594,0.000
12.004,corridor,Deniz,0.0000,3.9884,-8.5500,0.0000,0,ChildNeutralIdle,4.2546,4.2743,0.000
12.004,corridor,Can,-0.7000,4.0238,-9.0500,0.0000,0,ChildNeutralIdle,4.1749,4.1593,0.000
12.037,corridor,Deniz,0.0000,3.9884,-8.5500,0.0000,0,ChildNeutralIdle,4.2546,4.2741,0.000
12.037,corridor,Can,-0.7000,4.0238,-9.0500,0.0000,0,ChildNeutralIdle,4.1751,4.1592,0.000
12.073,corridor,Deniz,0.0000,3.9884,-8.5500,0.0000,0,ChildNeutralIdle,4.2545,4.2739,0.000
12.073,corridor,Can,-0.7000,4.0238,-9.0500,0.0000,0,ChildNeutralIdle,4.1752,4.1591,0.000
12.104,corridor,Deniz,0.0000,3.9885,-8.5400,0.3000,0,ChildNeutralIdle,4.2545,4.2738,0.000
12.104,corridor,Can,-0.7000,4.0238,-9.0500,0.0000,0,ChildNeutralIdle,4.1753,4.1589,0.000
12.138,corridor,Deniz,0.0000,3.9886,-8.5200,0.6000,0,ChildNeutralIdle+ChildNaturalWalk,4.2523,4.2762,0.000
12.138,corridor,Can,-0.7000,4.0238,-9.0500,0.0000,0,ChildNeutralIdle,4.1753,4.1588,0.000
12.171,corridor,Deniz,0.0000,3.9887,-8.4900,0.9000,0,ChildNeutralIdle+ChildNaturalWalk,4.2489,4.2805,0.000
12.171,corridor,Can,-0.7000,4.0238,-9.0500,0.0000,0,ChildNeutralIdle,4.1753,4.1586,0.000
12.204,corridor,Deniz,0.0000,3.9889,-8.4500,1.2000,0,ChildNeutralIdle+ChildNaturalWalk,4.2454,4.2865,0.000
12.204,corridor,Can,-0.7000,4.0238,-9.0500,0.0000,0,ChildNeutralIdle,4.1753,4.1584,0.000
12.237,corridor,Deniz,0.0000,3.9891,-8.4000,1.5000,0,ChildNeutralIdle+ChildNaturalWalk,4.2430,4.2944,0.000
12.237,corridor,Can,-0.7000,4.0238,-9.0500,0.0000,0,ChildNeutralIdle,4.1753,4.1583,0.000
12.271,corridor,Deniz,0.0000,3.9894,-8.3417,1.7500,0,ChildNeutralIdle+ChildNaturalWalk,4.2431,4.3074,0.000
12.271,corridor,Can,-0.7000,4.0238,-9.0500,0.0000,0,ChildNeutralIdle,4.1752,4.1581,0.000
12.304,corridor,Deniz,0.0000,3.9896,-8.2833,1.7500,0,ChildNeutralIdle+ChildNaturalWalk,4.2488,4.3303,0.000
12.304,corridor,Can,-0.7000,4.0238,-9.0500,0.0000,0,ChildNeutralIdle,4.1751,4.1579,0.000
12.338,corridor,Deniz,0.0000,3.9899,-8.2250,1.7500,0,ChildNaturalWalk,4.2529,4.3335,0.000
12.338,corridor,Can,-0.7000,4.0238,-9.0500,0.0000,0,ChildNeutralIdle,4.1750,4.1577,0.000
12.371,corridor,Deniz,0.0000,3.9901,-8.1667,1.7500,0,ChildNaturalWalk,4.2578,4.3240,0.000
12.371,corridor,Can,-0.7000,4.0238,-9.0500,0.0000,0,ChildNeutralIdle,4.1749,4.1575,0.000
12.405,corridor,Deniz,0.0000,3.9904,-8.1083,1.7500,0,ChildNaturalWalk,4.2630,4.3105,0.000
12.405,corridor,Can,-0.7000,4.0238,-9.0500,0.0000,0,ChildNeutralIdle,4.1747,4.1573,0.000
12.438,corridor,Deniz,0.0000,3.9907,-8.0500,1.7500,0,ChildNaturalWalk,4.2684,4.2953,0.000
12.438,corridor,Can,-0.7000,4.0238,-9.0500,0.0000,0,ChildNeutralIdle,4.1745,4.1571,0.000
12.471,corridor,Deniz,0.0000,3.9909,-7.9917,1.7500,0,ChildNaturalWalk,4.2747,4.2815,0.000
12.471,corridor,Can,-0.7000,4.0238,-9.0500,0.0000,0,ChildNeutralIdle,4.1743,4.1568,0.000
12.505,corridor,Deniz,0.0000,3.9912,-7.9333,1.7500,0,ChildNaturalWalk,4.2815,4.2718,0.000
12.505,corridor,Can,-0.7000,4.0238,-9.0500,0.0000,0,ChildNeutralIdle,4.1740,4.1566,0.000
12.541,corridor,Deniz,0.0000,3.9914,-7.8750,1.7500,0,ChildNaturalWalk,4.2895,4.2609,0.000
12.541,corridor,Can,-0.7000,4.0238,-9.0500,0.0000,0,ChildNeutralIdle,4.1738,4.1564,0.000
12.572,corridor,Deniz,0.0000,3.9917,-7.8167,1.7500,0,ChildNaturalWalk,4.2996,4.2530,0.000
12.572,corridor,Can,-0.6953,4.0238,-9.0425,0.2667,0,ChildNeutralIdle,4.1735,4.1562,0.000
12.605,corridor,Deniz,0.0000,3.9919,-7.7583,1.7500,0,ChildNaturalWalk,4.3105,4.2510,0.000
12.605,corridor,Can,-0.6858,4.0238,-9.0274,0.5333,0,ChildNeutralIdle+ChildNaturalWalk,4.1723,4.1568,0.000
12.638,corridor,Deniz,0.0000,3.9922,-7.7000,1.7500,0,ChildNaturalWalk,4.3278,4.2511,0.000
12.638,corridor,Can,-0.6717,4.0239,-9.0048,0.8000,0,ChildNeutralIdle+ChildNaturalWalk,4.1707,4.1594,0.000
12.671,corridor,Deniz,0.0000,3.9925,-7.6417,1.7500,0,ChildNaturalWalk,4.3390,4.2537,0.000
12.671,corridor,Can,-0.6622,4.0240,-8.9897,0.5333,0,ChildNeutralIdle+ChildNaturalWalk,4.1694,4.1656,0.000
12.705,corridor,Deniz,0.0000,3.9927,-7.5833,1.7500,0,ChildNaturalWalk,4.3302,4.2583,0.000
12.705,corridor,Can,-0.6575,4.0240,-8.9822,0.2667,0,ChildNeutralIdle+ChildNaturalWalk,4.1689,4.1687,0.000
12.738,corridor,Deniz,0.0000,3.9930,-7.5250,1.7500,0,ChildNaturalWalk,4.3073,4.2633,0.000
12.738,corridor,Can,-0.6490,4.0240,-8.9666,0.5323,0,ChildNeutralIdle+ChildNaturalWalk,4.1687,4.1674,0.000
12.771,corridor,Deniz,0.0000,3.9932,-7.4667,1.7500,0,ChildNaturalWalk,4.2806,4.2683,0.000
12.771,corridor,Can,-0.6368,4.0241,-8.9430,0.7986,0,ChildNeutralIdle+ChildNaturalWalk,4.1685,4.1700,0.000
12.804,corridor,Deniz,0.0000,3.9935,-7.4083,1.7500,0,ChildNaturalWalk,4.2685,4.2720,0.000
12.804,corridor,Can,-0.6208,4.0242,-8.9113,1.0651,0,ChildNeutralIdle+ChildNaturalWalk,4.1686,4.1764,0.000
12.838,corridor,Deniz,0.0000,3.9938,-7.3500,1.7500,0,ChildNaturalWalk,4.2753,4.2756,0.000
12.838,corridor,Can,-0.6011,4.0243,-8.8715,1.3316,0,ChildNeutralIdle+ChildNaturalWalk,4.1693,4.1860,0.000
12.871,corridor,Deniz,0.0000,3.9940,-7.2917,1.7500,0,ChildNaturalWalk,4.2758,4.2798,0.000
12.871,corridor,Can,-0.5777,4.0245,-8.8237,1.5982,0,ChildNeutralIdle+ChildNaturalWalk,4.1714,4.1985,0.000
12.904,corridor,Deniz,0.0000,3.9943,-7.2333,1.7500,0,ChildNaturalWalk,4.2644,4.2874,0.000
12.904,corridor,Can,-0.5575,4.0246,-8.7725,1.6500,0,ChildNeutralIdle+ChildNaturalWalk,4.1751,4.2091,0.000
12.937,corridor,Deniz,0.0000,3.9945,-7.1750,1.7500,0,ChildNaturalWalk,4.2538,4.2987,0.000
12.937,corridor,Can,-0.5374,4.0248,-8.7213,1.6500,0,ChildNaturalWalk,4.1777,4.2052,0.000
12.971,corridor,Deniz,0.0000,3.9948,-7.1167,1.7500,0,ChildNaturalWalk,4.2510,4.3133,0.000
12.971,corridor,Can,-0.5173,4.0249,-8.6701,1.6500,0,ChildNaturalWalk,4.1796,4.2022,0.000
13.004,corridor,Deniz,0.0000,3.9950,-7.0583,1.7500,0,ChildNaturalWalk,4.2539,4.3324,0.000
13.004,corridor,Can,-0.4972,4.0251,-8.6189,1.6500,0,ChildNaturalWalk,4.1831,4.1973,0.000
13.038,corridor,Deniz,0.0000,3.9953,-7.0000,1.7500,0,ChildNaturalWalk,4.2570,4.3407,0.000
13.038,corridor,Can,-0.4772,4.0252,-8.5677,1.6500,0,ChildNaturalWalk,4.1909,4.1875,0.000
13.071,corridor,Deniz,0.0000,3.9956,-6.9417,1.7500,0,ChildNaturalWalk,4.2612,4.3336,0.000
13.071,corridor,Can,-0.4605,4.0254,-8.5153,1.6500,0,ChildNaturalWalk,4.1985,4.1826,0.000
13.105,corridor,Deniz,0.0000,3.9958,-6.8833,1.7500,0,ChildNaturalWalk,4.2665,4.3217,0.000
13.105,corridor,Can,-0.4439,4.0256,-8.4628,1.6500,0,ChildNaturalWalk,4.2020,4.1779,0.000
13.138,corridor,Deniz,0.0000,3.9961,-6.8250,1.7500,0,ChildNaturalWalk,4.2718,4.3070,0.000
13.138,corridor,Can,-0.4273,4.0257,-8.4104,1.6500,0,ChildNaturalWalk,4.2174,4.1744,0.000
13.172,corridor,Deniz,0.0000,3.9963,-6.7667,1.7500,0,ChildNaturalWalk,4.2777,4.2913,0.000
13.172,corridor,Can,-0.4108,4.0259,-8.3580,1.6500,0,ChildNaturalWalk,4.2306,4.1741,0.000
13.204,corridor,Deniz,0.0000,3.9966,-6.7084,1.7500,0,ChildNaturalWalk,4.2850,4.2796,0.000
13.204,corridor,Can,-0.3942,4.0261,-8.3055,1.6500,0,ChildNaturalWalk,4.2263,4.1762,0.000
13.238,corridor,Deniz,0.0000,3.9968,-6.6500,1.7500,0,ChildNaturalWalk,4.2919,4.2699,0.000
13.238,corridor,Can,-0.3804,4.0262,-8.2523,1.6500,0,ChildNaturalWalk,4.2104,4.1781,0.000
13.271,corridor,Deniz,0.0000,3.9971,-6.5917,1.7500,0,ChildNaturalWalk,4.3024,4.2604,0.000
13.271,corridor,Can,-0.3668,4.0264,-8.1990,1.6500,0,ChildNaturalWalk,4.1950,4.1791,0.000
13.304,corridor,Deniz,0.0000,3.9974,-6.5334,1.7500,0,ChildNaturalWalk,4.3100,4.2567,0.000
13.304,corridor,Can,-0.3531,4.0265,-8.1457,1.6500,0,ChildNaturalWalk,4.1919,4.1785,0.000
13.338,corridor,Deniz,0.0000,3.9976,-6.4750,1.7500,0,ChildNaturalWalk,4.3270,4.2562,0.000
13.338,corridor,Can,-0.3395,4.0267,-8.0924,1.6500,0,ChildNaturalWalk,4.1982,4.1772,0.000
13.371,corridor,Deniz,0.0000,3.9979,-6.4167,1.7500,0,ChildNaturalWalk,4.3420,4.2579,0.000
13.371,corridor,Can,-0.3259,4.0269,-8.0391,1.6500,0,ChildNaturalWalk,4.1991,4.1780,0.000
13.404,corridor,Deniz,0.0000,3.9981,-6.3584,1.7500,0,ChildNaturalWalk,4.3410,4.2620,0.000
13.404,corridor,Can,-0.3146,4.0270,-7.9853,1.6500,0,ChildNaturalWalk,4.1914,4.1823,0.000
13.438,corridor,Deniz,0.0000,3.9984,-6.3000,1.7500,0,ChildNaturalWalk,4.3229,4.2670,0.000
13.438,corridor,Can,-0.3033,4.0272,-7.9315,1.6500,0,ChildNaturalWalk,4.1809,4.1931,0.000
13.471,corridor,Deniz,0.0000,3.9986,-6.2417,1.7500,0,ChildNaturalWalk,4.2955,4.2719,0.000
13.471,corridor,Can,-0.2921,4.0274,-7.8776,1.6500,0,ChildNaturalWalk,4.1749,4.2050,0.000
13.505,corridor,Deniz,0.0000,3.9989,-6.1834,1.7500,0,ChildNaturalWalk,4.2750,4.2762,0.000
13.505,corridor,Can,-0.2809,4.0275,-7.8238,1.6500,0,ChildNaturalWalk,4.1743,4.2241,0.000
13.537,corridor,Deniz,0.0000,3.9992,-6.1250,1.7500,0,ChildNaturalWalk,4.2773,4.2797,0.000
13.537,corridor,Can,-0.2697,4.0277,-7.7700,1.6500,0,ChildNaturalWalk,4.1749,4.2343,0.000
13.571,corridor,Deniz,0.0000,3.9994,-6.0667,1.7500,0,ChildNaturalWalk,4.2841,4.2830,0.000
13.571,corridor,Can,-0.2604,4.0279,-7.7157,1.6500,0,ChildNaturalWalk,4.1769,4.2298,0.000
13.605,corridor,Deniz,0.0000,3.9997,-6.0084,1.7500,0,ChildNaturalWalk,4.2748,4.2897,0.000
13.605,corridor,Can,-0.2512,4.0280,-7.6615,1.6500,0,ChildNaturalWalk,4.1789,4.2210,0.000
13.638,corridor,Deniz,0.0000,3.9999,-5.9500,1.7500,0,ChildNaturalWalk,4.2620,4.3000,0.000
13.638,corridor,Can,-0.2420,4.0282,-7.6073,1.6500,0,ChildNaturalWalk,4.1807,4.2121,0.000
13.744,corridor,Deniz,0.0000,4.0002,-5.8917,1.7500,0,ChildNaturalWalk,4.2560,4.3125,0.000
13.744,corridor,Can,-0.2328,4.0284,-7.5531,1.6500,0,ChildNaturalWalk,4.1823,4.2055,0.000
13.752,corridor,Deniz,0.0000,4.0005,-5.8334,1.7500,0,ChildNaturalWalk,4.2582,4.3310,0.000
13.752,corridor,Can,-0.2236,4.0287,-7.4989,1.6500,0,ChildNaturalWalk,4.1849,4.2035,0.000
13.772,corridor,Deniz,0.0000,4.0007,-5.7750,1.7500,0,ChildNaturalWalk,4.2612,4.3460,0.000
13.772,corridor,Can,-0.2159,4.0291,-7.4444,1.6500,0,ChildNaturalWalk,4.1917,4.1942,0.000
13.804,corridor,Deniz,0.0000,4.0010,-5.7167,1.7500,0,ChildNaturalWalk,4.2650,4.3425,0.000
13.804,corridor,Can,-0.2083,4.0296,-7.3899,1.6500,0,ChildNaturalWalk,4.2006,4.1886,0.000
13.838,corridor,Deniz,0.0000,4.0012,-5.6584,1.7500,0,ChildNaturalWalk,4.2701,4.3325,0.000
13.838,corridor,Can,-0.2008,4.0300,-7.3354,1.6500,0,ChildNaturalWalk,4.2049,4.1838,0.000
13.871,corridor,Deniz,0.0000,4.0015,-5.6000,1.7500,0,ChildNaturalWalk,4.2752,4.3177,0.000
13.871,corridor,Can,-0.1932,4.0304,-7.2810,1.6500,0,ChildNaturalWalk,4.2154,4.1801,0.000
13.904,corridor,Deniz,0.0000,4.0017,-5.5417,1.7500,0,ChildNaturalWalk,4.2810,4.3037,0.000
13.904,corridor,Can,-0.1856,4.0309,-7.2265,1.6500,0,ChildNaturalWalk,4.2327,4.1789,0.000
13.938,corridor,Deniz,0.0000,4.0020,-5.4834,1.7500,0,ChildNaturalWalk,4.2875,4.2891,0.000
13.938,corridor,Can,-0.1793,4.0313,-7.1719,1.6500,0,ChildNaturalWalk,4.2347,4.1808,0.000
13.977,corridor,Deniz,0.0000,4.0023,-5.4250,1.7500,0,ChildNaturalWalk,4.2940,4.2800,0.000
13.977,corridor,Can,-0.1731,4.0317,-7.1172,1.6500,0,ChildNaturalWalk,4.2231,4.1830,0.000
14.010,corridor,Deniz,0.0000,4.0025,-5.3667,1.7500,0,ChildNaturalWalk,4.3036,4.2695,0.000
14.010,corridor,Can,-0.1669,4.0321,-7.0626,1.6500,0,ChildNaturalWalk,4.2056,4.1845,0.000
14.043,corridor,Deniz,0.0000,4.0028,-5.3084,1.7500,0,ChildNaturalWalk,4.3122,4.2630,0.000
14.043,corridor,Can,-0.1606,4.0325,-7.0079,1.6500,0,ChildNaturalWalk,4.1965,4.1851,0.000
14.077,corridor,Deniz,0.0000,4.0030,-5.2500,1.7500,0,ChildNaturalWalk,4.3251,4.2619,0.000
14.077,corridor,Can,-0.1544,4.0329,-6.9533,1.6500,0,ChildNaturalWalk,4.2023,4.1838,0.000
14.111,corridor,Deniz,0.0000,4.0033,-5.1917,1.7500,0,ChildNaturalWalk,4.3428,4.2626,0.000
14.111,corridor,Can,-0.1492,4.0333,-6.8985,1.6500,0,ChildNaturalWalk,4.2070,4.1836,0.000
14.143,corridor,Deniz,0.0000,4.0035,-5.1334,1.7500,0,ChildNaturalWalk,4.3500,4.2658,0.000
14.143,corridor,Can,-0.1441,4.0337,-6.8438,1.6500,0,ChildNaturalWalk,4.2015,4.1870,0.000
14.176,corridor,Deniz,0.0000,4.0038,-5.0750,1.7500,0,ChildNaturalWalk,4.3364,4.2705,0.000
14.176,corridor,Can,-0.1389,4.0340,-6.7890,1.6500,0,ChildNaturalWalk,4.1909,4.1960,0.000
14.210,corridor,Deniz,0.0000,4.0041,-5.0167,1.7500,0,ChildNaturalWalk,4.3125,4.2757,0.000
14.210,corridor,Can,-0.1338,4.0343,-6.7342,1.6500,0,ChildNaturalWalk,4.1835,4.2068,0.000
14.243,corridor,Deniz,0.0000,4.0043,-4.9584,1.7500,0,ChildNaturalWalk,4.2857,4.2802,0.000
14.243,corridor,Can,-0.1287,4.0346,-6.6795,1.6500,0,ChildNaturalWalk,4.1813,4.2237,0.000
14.276,corridor,Deniz,0.0000,4.0046,-4.9000,1.7500,0,ChildNaturalWalk,4.2805,4.2840,0.000
14.276,corridor,Can,-0.1244,4.0349,-6.6247,1.6500,0,ChildNaturalWalk,4.1818,4.2410,0.000
14.310,corridor,Deniz,0.0000,4.0048,-4.8417,1.7500,0,ChildNaturalWalk,4.2873,4.2873,0.000
14.310,corridor,Can,-0.1202,4.0352,-6.5698,1.6500,0,ChildNaturalWalk,4.1835,4.2396,0.000
14.343,corridor,Deniz,0.0000,4.0051,-4.7834,1.7500,0,ChildNaturalWalk,4.2851,4.2922,0.000
14.343,corridor,Can,-0.1159,4.0355,-6.5150,1.6500,0,ChildNaturalWalk,4.1859,4.2325,0.000
14.377,corridor,Deniz,0.0000,4.0054,-4.7250,1.7500,0,ChildNaturalWalk,4.2723,4.3010,0.000
14.377,corridor,Can,-0.1117,4.0358,-6.4601,1.6500,0,ChildNaturalWalk,4.1875,4.2224,0.000
14.409,corridor,Deniz,0.0000,4.0056,-4.6667,1.7500,0,ChildNaturalWalk,4.2632,4.3128,0.000
14.409,corridor,Can,-0.1074,4.0361,-6.4053,1.6500,0,ChildNaturalWalk,4.1895,4.2157,0.000
14.443,corridor,Deniz,0.0000,4.0059,-4.6084,1.7500,0,ChildNaturalWalk,4.2626,4.3286,0.000
14.443,corridor,Can,-0.1039,4.0363,-6.3504,1.6500,0,ChildNaturalWalk,4.1915,4.2122,0.000
14.476,corridor,Deniz,0.0000,4.0061,-4.5500,1.7500,0,ChildNaturalWalk,4.2657,4.3473,0.000
14.476,corridor,Can,-0.1004,4.0366,-6.2955,1.6500,0,ChildNaturalWalk,4.1961,4.2061,0.000
14.510,corridor,Deniz,0.0000,4.0064,-4.4917,1.7500,0,ChildNaturalWalk,4.2690,4.3514,0.000
14.510,corridor,Can,-0.0969,4.0369,-6.2407,1.6500,0,ChildNaturalWalk,4.2048,4.1978,0.000
14.543,corridor,Deniz,0.0000,4.0066,-4.4334,1.7500,0,ChildNaturalWalk,4.2735,4.3419,0.000
14.543,corridor,Can,-0.0934,4.0372,-6.1858,1.6500,0,ChildNaturalWalk,4.2112,4.1929,0.000
14.577,corridor,Deniz,0.0000,4.0069,-4.3750,1.7500,0,ChildNaturalWalk,4.2789,4.3296,0.000
14.577,corridor,Can,-0.0899,4.0375,-6.1309,1.6500,0,ChildNaturalWalk,4.2156,4.1889,0.000
14.610,corridor,Deniz,0.0000,4.0072,-4.3167,1.7500,0,ChildNaturalWalk,4.2841,4.3137,0.000
14.610,corridor,Can,-0.0869,4.0378,-6.0760,1.6500,0,ChildNaturalWalk,4.2337,4.1861,0.000
14.645,corridor,Deniz,0.0000,4.0074,-4.2584,1.7500,0,ChildNaturalWalk,4.2903,4.2997,0.000
14.645,corridor,Can,-0.0840,4.0380,-6.0210,1.6500,0,ChildNaturalWalk,4.2442,4.1869,0.000
14.676,corridor,Deniz,0.0000,4.0077,-4.2000,1.7500,0,ChildNaturalWalk,4.2973,4.2894,0.000
14.676,corridor,Can,-0.0811,4.0383,-5.9661,1.6500,0,ChildNaturalWalk,4.2349,4.1888,0.000
14.710,corridor,Deniz,0.0000,4.0079,-4.1417,1.7500,0,ChildNaturalWalk,4.3050,4.2786,0.000
14.710,corridor,Can,-0.0782,4.0386,-5.9112,1.6500,0,ChildNaturalWalk,4.2194,4.1911,0.000
14.744,corridor,Deniz,0.0000,4.0082,-4.0834,1.7500,0,ChildNaturalWalk,4.3152,4.2701,0.000
14.744,corridor,Can,-0.0753,4.0389,-5.8563,1.6500,0,ChildNaturalWalk,4.2042,4.1915,0.000
14.778,corridor,Deniz,0.0000,4.0084,-4.0250,1.7500,0,ChildNaturalWalk,4.3251,4.2675,0.000
14.778,corridor,Can,-0.0729,4.0392,-5.8013,1.6500,0,ChildNaturalWalk,4.2065,4.1907,0.000
14.810,corridor,Deniz,0.0000,4.0087,-3.9667,1.7500,0,ChildNaturalWalk,4.3423,4.2674,0.000
14.810,corridor,Can,-0.0705,4.0394,-5.7464,1.6500,0,ChildNaturalWalk,4.2116,4.1898,0.000
14.843,corridor,Deniz,0.0000,4.0090,-3.9084,1.7500,0,ChildNaturalWalk,4.3545,4.2696,0.000
14.843,corridor,Can,-0.0681,4.0397,-5.6914,1.6500,0,ChildNaturalWalk,4.2105,4.1915,0.000
14.876,corridor,Deniz,0.0000,4.0092,-3.8500,1.7500,0,ChildNaturalWalk,4.3497,4.2742,0.000
14.876,corridor,Can,-0.0656,4.0400,-5.6365,1.6500,0,ChildNaturalWalk,4.2017,4.1974,0.000
14.910,corridor,Deniz,0.0000,4.0095,-3.7917,1.7500,0,ChildNaturalWalk,4.3273,4.2791,0.000
14.910,corridor,Can,-0.0632,4.0402,-5.5815,1.6500,0,ChildNaturalWalk,4.1922,4.2085,0.000
14.943,corridor,Deniz,0.0000,4.0097,-3.7334,1.7500,0,ChildNaturalWalk,4.3010,4.2842,0.000
14.943,corridor,Can,-0.0612,4.0405,-5.5266,1.6500,0,ChildNaturalWalk,4.1877,4.2219,0.000
14.977,corridor,Deniz,0.0000,4.0100,-3.6750,1.7500,0,ChildNaturalWalk,4.2851,4.2880,0.000
14.977,corridor,Can,-0.0592,4.0408,-5.4716,1.6500,0,ChildNaturalWalk,4.1876,4.2414,0.000
15.010,corridor,Deniz,0.0000,4.0103,-3.6167,1.7500,0,ChildNaturalWalk,4.2906,4.2916,0.000
15.010,corridor,Can,-0.0572,4.0410,-5.4166,1.6500,0,ChildNaturalWalk,4.1888,4.2483,0.000
15.043,corridor,Deniz,0.0000,4.0105,-3.5584,1.7500,0,ChildNaturalWalk,4.2935,4.2954,0.000
15.043,corridor,Can,-0.0552,4.0413,-5.3617,1.6500,0,ChildNaturalWalk,4.1908,4.2410,0.000
15.076,corridor,Deniz,0.0000,4.0108,-3.5000,1.7500,0,ChildNaturalWalk,4.2826,4.3028,0.000
15.076,corridor,Can,-0.0532,4.0416,-5.3067,1.6500,0,ChildNaturalWalk,4.1929,4.2325,0.000
15.110,corridor,Deniz,0.0000,4.0110,-3.4417,1.7500,0,ChildNaturalWalk,4.2711,4.3137,0.000
15.110,corridor,Can,-0.0515,4.0418,-5.2517,1.6500,0,ChildNaturalWalk,4.1946,4.2232,0.000
15.143,corridor,Deniz,0.0000,4.0113,-3.3834,1.7500,0,ChildNaturalWalk,4.2671,4.3275,0.000
15.143,corridor,Can,-0.0498,4.0421,-5.1968,1.6500,0,ChildNaturalWalk,4.1965,4.2190,0.000
15.176,corridor,Deniz,0.0000,4.0115,-3.3250,1.7500,0,ChildNaturalWalk,4.2701,4.3469,0.000
15.176,corridor,Can,-0.0482,4.0424,-5.1418,1.6500,0,ChildNaturalWalk,4.1996,4.2157,0.000
15.209,corridor,Deniz,0.0000,4.0118,-3.2667,1.7500,0,ChildNaturalWalk,4.2729,4.3570,0.000
15.209,corridor,Can,-0.0465,4.0426,-5.0868,1.6500,0,ChildNaturalWalk,4.2072,4.2058,0.000
15.244,corridor,Deniz,0.0000,4.0121,-3.2084,1.7500,0,ChildNaturalWalk,4.2771,4.3520,0.000
15.244,corridor,Can,-0.0448,4.0429,-5.0318,1.6500,0,ChildNaturalWalk,4.2154,4.2009,0.000
15.276,corridor,Deniz,0.0000,4.0123,-3.1500,1.7500,0,ChildNaturalWalk,4.2822,4.3400,0.000
15.276,corridor,Can,-0.0434,4.0432,-4.9769,1.6500,0,ChildNaturalWalk,4.2192,4.1959,0.000
15.310,corridor,Deniz,0.0000,4.0126,-3.0917,1.7500,0,ChildNaturalWalk,4.2876,4.3257,0.000
15.310,corridor,Can,-0.0420,4.0434,-4.9219,1.6500,0,ChildNaturalWalk,4.2329,4.1923,0.000
15.343,corridor,Deniz,0.0000,4.0128,-3.0334,1.7500,0,ChildNaturalWalk,4.2934,4.3100,0.000
15.343,corridor,Can,-0.0406,4.0437,-4.8669,1.6500,0,ChildNaturalWalk,4.2472,4.1918,0.000
15.376,corridor,Deniz,0.0000,4.0131,-2.9750,1.7500,0,ChildNaturalWalk,4.3004,4.2974,0.000
15.376,corridor,Can,-0.0392,4.0439,-4.8119,1.6500,0,ChildNaturalWalk,4.2462,4.1940,0.000
15.410,corridor,Deniz,0.0000,4.0133,-2.9167,1.7500,0,ChildNaturalWalk,4.3072,4.2879,0.000
15.410,corridor,Can,-0.0378,4.0442,-4.7569,1.6500,0,ChildNaturalWalk,4.2308,4.1958,0.000
15.442,corridor,Deniz,0.0000,4.0136,-2.8584,1.7500,0,ChildNaturalWalk,4.3174,4.2782,0.000
15.442,corridor,Can,-0.0367,4.0445,-4.7020,1.6500,0,ChildNaturalWalk,4.2148,4.1971,0.000
15.476,corridor,Deniz,0.0000,4.0139,-2.8001,1.7500,0,ChildNaturalWalk,4.3248,4.2734,0.000
15.476,corridor,Can,-0.0355,4.0447,-4.6470,1.6500,0,ChildNaturalWalk,4.2094,4.1969,0.000
15.510,corridor,Deniz,0.0000,4.0141,-2.7417,1.7500,0,ChildNaturalWalk,4.3407,4.2728,0.000
15.510,corridor,Can,-0.0343,4.0450,-4.5920,1.6500,0,ChildNaturalWalk,4.2155,4.1956,0.000
15.543,corridor,Deniz,0.0000,4.0144,-2.6834,1.7500,0,ChildNaturalWalk,4.3579,4.2741,0.000
15.543,corridor,Can,-0.0331,4.0452,-4.5370,1.6500,0,ChildNaturalWalk,4.2184,4.1960,0.000
15.577,corridor,Deniz,0.0000,4.0146,-2.6251,1.7500,0,ChildNaturalWalk,4.3587,4.2779,0.000
15.577,corridor,Can,-0.0320,4.0455,-4.4820,1.6500,0,ChildNaturalWalk,4.2110,4.2000,0.000
15.609,corridor,Deniz,0.0000,4.0149,-2.5667,1.7500,0,ChildNaturalWalk,4.3431,4.2829,0.000
15.609,corridor,Can,-0.0310,4.0457,-4.4270,1.6500,0,ChildNaturalWalk,4.2003,4.2105,0.000
15.643,corridor,Deniz,0.0000,4.0151,-2.5084,1.7500,0,ChildNaturalWalk,4.3159,4.2878,0.000
15.643,corridor,Can,-0.0300,4.0460,-4.3720,1.6500,0,ChildNaturalWalk,4.1940,4.2217,0.000
15.677,corridor,Deniz,0.0000,4.0154,-2.4501,1.7500,0,ChildNaturalWalk,4.2928,4.2922,0.000
15.677,corridor,Can,-0.0290,4.0463,-4.3170,1.6500,0,ChildNaturalWalk,4.1930,4.2408,0.000
15.710,corridor,Deniz,0.0000,4.0157,-2.3917,1.7500,0,ChildNaturalWalk,4.2929,4.2958,0.000
15.710,corridor,Can,-0.0281,4.0465,-4.2620,1.6500,0,ChildNaturalWalk,4.1934,4.2529,0.000
15.743,corridor,Deniz,0.0000,4.0159,-2.3334,1.7500,0,ChildNaturalWalk,4.2997,4.2990,0.000
15.743,corridor,Can,-0.0271,4.0468,-4.2071,1.6500,0,ChildNaturalWalk,4.1956,4.2498,0.000
15.776,corridor,Deniz,0.0000,4.0162,-2.2751,1.7500,0,ChildNaturalWalk,4.2934,4.3050,0.000
15.776,corridor,Can,-0.0263,4.0470,-4.1521,1.6500,0,ChildNaturalWalk,4.1976,4.2413,0.000
15.810,corridor,Deniz,0.0000,4.0164,-2.2167,1.7500,0,ChildNaturalWalk,4.2803,4.3148,0.000
15.810,corridor,Can,-0.0254,4.0473,-4.0971,1.6500,0,ChildNaturalWalk,4.1994,4.2320,0.000
15.843,corridor,Deniz,0.0000,4.0167,-2.1584,1.7500,0,ChildNaturalWalk,4.2727,4.3272,0.000
15.843,corridor,Can,-0.0246,4.0475,-4.0421,1.6500,0,ChildNaturalWalk,4.2013,4.2254,0.000
15.876,corridor,Deniz,0.0000,4.0170,-2.1001,1.7500,0,ChildNaturalWalk,4.2742,4.3445,0.000
15.876,corridor,Can,-0.0238,4.0478,-3.9871,1.6500,0,ChildNaturalWalk,4.2036,4.2228,0.000
15.910,corridor,Deniz,0.0000,4.0172,-2.0417,1.7500,0,ChildNaturalWalk,4.2776,4.3627,0.000
15.910,corridor,Can,-0.0230,4.0480,-3.9321,1.6500,0,ChildNaturalWalk,4.2094,4.2143,0.000
15.943,corridor,Deniz,0.0000,4.0175,-1.9834,1.7500,0,ChildNaturalWalk,4.2809,4.3602,0.000
15.943,corridor,Can,-0.0223,4.0483,-3.8771,1.6500,0,ChildNaturalWalk,4.2182,4.2080,0.000
15.976,corridor,Deniz,0.0000,4.0177,-1.9251,1.7500,0,ChildNaturalWalk,4.2859,4.3507,0.000
15.976,corridor,Can,-0.0216,4.0485,-3.8221,1.6500,0,ChildNaturalWalk,4.2232,4.2029,0.000
16.010,corridor,Deniz,0.0000,4.0180,-1.8667,1.7500,0,ChildNaturalWalk,4.2910,4.3363,0.000
16.010,corridor,Can,-0.0209,4.0488,-3.7671,1.6500,0,ChildNaturalWalk,4.2311,4.1990,0.000
16.043,corridor,Deniz,0.0000,4.0182,-1.8084,1.7500,0,ChildNaturalWalk,4.2966,4.3216,0.000
16.043,corridor,Can,-0.0202,4.0490,-3.7121,1.6500,0,ChildNaturalWalk,4.2497,4.1970,0.000
16.076,corridor,Deniz,0.0000,4.0185,-1.7501,1.7500,0,ChildNaturalWalk,4.3030,4.3075,0.000
16.076,corridor,Can,-0.0195,4.0493,-3.6571,1.6500,0,ChildNaturalWalk,4.2536,4.1985,0.000
16.110,corridor,Deniz,0.0000,4.0188,-1.6917,1.7500,0,ChildNaturalWalk,4.3097,4.2984,0.000
16.110,corridor,Can,-0.0189,4.0495,-3.6021,1.6500,0,ChildNaturalWalk,4.2429,4.2005,0.000
16.144,corridor,Deniz,0.0000,4.0190,-1.6391,1.5799,0,ChildNaturalWalk,4.3184,4.2874,0.000
16.144,corridor,Can,-0.0184,4.0498,-3.5471,1.6500,0,ChildNaturalWalk,4.2257,4.2022,0.000
16.178,corridor,Deniz,0.0000,4.0192,-1.5921,1.4078,0,ChildNaturalWalk,4.3278,4.2800,0.000
16.178,corridor,Can,-0.0178,4.0500,-3.4921,1.6500,0,ChildNaturalWalk,4.2140,4.2026,0.000
16.209,corridor,Deniz,0.0000,4.0194,-1.5552,1.1078,0,ChildNaturalWalk,4.3392,4.2784,0.000
16.209,corridor,Can,-0.0172,4.0503,-3.4371,1.6500,0,ChildNaturalWalk,4.2192,4.2014,0.000
16.243,corridor,Deniz,0.0000,4.0195,-1.5283,0.8078,0,ChildNaturalWalk,4.3567,4.2785,0.000
16.243,corridor,Can,-0.0166,4.0505,-3.3821,1.6500,0,ChildNaturalWalk,4.2236,4.2008,0.000
16.277,corridor,Deniz,0.0000,4.0196,-1.5114,0.5078,0,ChildNaturalWalk,4.3669,4.2812,0.000
16.277,corridor,Can,-0.0160,4.0508,-3.3271,1.6500,0,ChildNaturalWalk,4.2201,4.2033,0.000
16.310,corridor,Deniz,0.0000,4.0196,-1.5044,0.2078,0,ChildNaturalWalk,4.3549,4.2856,0.000
16.310,corridor,Can,-0.0155,4.0510,-3.2721,1.6500,0,ChildNaturalWalk,4.2097,4.2113,0.000
16.343,corridor,Deniz,0.0000,4.0196,-1.5044,0.0000,0,ChildNeutralIdle+ChildNaturalWalk,4.3327,4.2898,0.000
16.343,corridor,Can,-0.0151,4.0513,-3.2171,1.6500,0,ChildNaturalWalk,4.2013,4.2224,0.000
16.377,corridor,Deniz,0.0000,4.0196,-1.5044,0.0000,0,ChildNeutralIdle+ChildNaturalWalk,4.3101,4.2939,0.000
16.377,corridor,Can,-0.0146,4.0515,-3.1621,1.6500,0,ChildNaturalWalk,4.1984,4.2377,0.000
16.410,corridor,Deniz,0.0000,4.0196,-1.5044,0.0000,0,ChildNeutralIdle+ChildNaturalWalk,4.2978,4.2981,0.000
16.410,corridor,Can,-0.0142,4.0518,-3.1095,1.5791,0,ChildNaturalWalk,4.1988,4.2567,0.000
16.443,corridor,Deniz,0.0000,4.0196,-1.5044,0.0000,0,ChildNeutralIdle+ChildNaturalWalk,4.2910,4.3014,0.000
16.443,corridor,Can,-0.0150,4.0520,-3.0586,1.5261,0,ChildNaturalWalk,4.2001,4.2573,0.000
16.477,corridor,Deniz,0.0000,4.0196,-1.5044,0.0000,0,ChildNeutralIdle+ChildNaturalWalk,4.2865,4.3034,0.000
16.477,corridor,Can,-0.0120,4.0523,-3.0054,1.5993,0,ChildNaturalWalk,4.2023,4.2502,0.000
16.509,corridor,Deniz,0.0000,4.0196,-1.5044,0.0000,0,ChildNeutralIdle+ChildNaturalWalk,4.2839,4.3048,0.000
16.509,corridor,Can,-0.0130,4.0525,-2.9544,1.5301,0,ChildNaturalWalk,4.2040,4.2405,0.000
16.543,corridor,Deniz,0.0000,4.0196,-1.5044,0.0000,0,ChildNeutralIdle+ChildNaturalWalk,4.2824,4.3057,0.000
16.543,corridor,Can,-0.0098,4.0528,-2.9000,1.6345,0,ChildNaturalWalk,4.2059,4.2327,0.000
16.577,corridor,Deniz,0.0000,4.0196,-1.5044,0.0000,0,ChildNeutralIdle+ChildNaturalWalk,4.2817,4.3061,0.000
16.577,corridor,Can,-0.0119,4.0530,-2.8475,1.5780,0,ChildNaturalWalk,4.2078,4.2295,0.000
16.610,corridor,Deniz,0.0000,4.0196,-1.5044,0.0000,0,ChildNeutralIdle+ChildNaturalWalk,4.2815,4.3062,0.000
16.610,corridor,Can,-0.0091,4.0532,-2.7959,1.5513,0,ChildNaturalWalk,4.2118,4.2244,0.000
16.643,corridor,Deniz,0.0000,4.0196,-1.5044,0.0000,0,ChildNeutralIdle+ChildNaturalWalk,4.2814,4.3063,0.000
16.643,corridor,Can,-0.0112,4.0534,-2.7433,1.5780,0,ChildNaturalWalk,4.2199,4.2151,0.000
16.677,corridor,Deniz,0.0000,4.0196,-1.5044,0.0000,0,ChildNeutralIdle+ChildNaturalWalk,4.2814,4.3063,0.000
16.677,corridor,Can,-0.0129,4.0536,-2.6996,1.3113,0,ChildNaturalWalk,4.2271,4.2101,0.000
16.710,corridor,Deniz,0.0000,4.0196,-1.5044,0.0000,0,ChildNeutralIdle+ChildNaturalWalk,4.2816,4.3064,0.000
16.710,corridor,Can,-0.0143,4.0537,-2.6648,1.0446,0,ChildNaturalWalk,4.2302,4.2057,0.000
16.745,corridor,Deniz,0.0000,4.0196,-1.5044,0.0000,0,ChildNeutralIdle+ChildNaturalWalk,4.2819,4.3064,0.000
16.745,corridor,Can,-0.0154,4.0538,-2.6389,0.7779,0,ChildNaturalWalk,4.2473,4.2023,0.000
16.777,corridor,Deniz,0.0000,4.0196,-1.5044,0.0000,0,ChildNeutralIdle+ChildNaturalWalk,4.2821,4.3064,0.000
16.777,corridor,Can,-0.0160,4.0539,-2.6219,0.5113,0,ChildNaturalWalk,4.2595,4.2024,0.000
16.811,corridor,Deniz,0.0000,4.0196,-1.5044,0.0000,0,ChildNeutralIdle+ChildNaturalWalk,4.2824,4.3064,0.000
16.811,corridor,Can,-0.0164,4.0539,-2.6137,0.2446,0,ChildNaturalWalk,4.2525,4.2042,0.000
16.843,corridor,Deniz,0.0000,4.0196,-1.5044,0.0000,0,ChildNeutralIdle+ChildNaturalWalk,4.2827,4.3064,0.000
16.843,corridor,Can,-0.0164,4.0539,-2.6137,0.0000,0,ChildNeutralIdle+ChildNaturalWalk,4.2354,4.2037,0.000
16.877,corridor,Deniz,0.0000,4.0196,-1.5044,0.0000,0,ChildNeutralIdle+ChildNaturalWalk,4.2829,4.3065,0.000
16.877,corridor,Can,-0.0164,4.0539,-2.6137,0.0000,0,ChildNeutralIdle+ChildNaturalWalk,4.2183,4.2002,0.000
16.910,corridor,Deniz,0.0000,4.0196,-1.5044,0.0000,0,ChildNeutralIdle+ChildNaturalWalk,4.2831,4.3065,0.000
16.910,corridor,Can,-0.0164,4.0539,-2.6137,0.0000,0,ChildNeutralIdle+ChildNaturalWalk,4.2094,4.1972,0.000
16.943,corridor,Deniz,0.0000,4.0196,-1.5044,0.0000,0,ChildNeutralIdle+ChildNaturalWalk,4.2833,4.3065,0.000
16.943,corridor,Can,-0.0164,4.0539,-2.6137,0.0000,0,ChildNeutralIdle+ChildNaturalWalk,4.2048,4.1950,0.000
16.976,corridor,Deniz,0.0000,4.0196,-1.5044,0.0000,0,ChildNeutralIdle+ChildNaturalWalk,4.2835,4.3065,0.000
16.976,corridor,Can,-0.0164,4.0539,-2.6137,0.0000,0,ChildNeutralIdle+ChildNaturalWalk,4.2024,4.1933,0.000
17.010,corridor,Deniz,0.0000,4.0196,-1.5044,0.0000,0,ChildNeutralIdle+ChildNaturalWalk,4.2837,4.3065,0.000
17.010,corridor,Can,-0.0164,4.0539,-2.6137,0.0000,0,ChildNeutralIdle+ChildNaturalWalk,4.2007,4.1918,0.000
17.043,corridor,Deniz,0.0000,4.0196,-1.5044,0.0000,0,ChildNeutralIdle+ChildNaturalWalk,4.2839,4.3065,0.000
17.043,corridor,Can,-0.0164,4.0539,-2.6137,0.0000,0,ChildNeutralIdle+ChildNaturalWalk,4.1996,4.1907,0.000
17.077,corridor,Deniz,0.0000,4.0196,-1.5044,0.0000,0,ChildNeutralIdle+ChildNaturalWalk,4.2841,4.3065,0.000
17.077,corridor,Can,-0.0164,4.0539,-2.6137,0.0000,0,ChildNeutralIdle+ChildNaturalWalk,4.1989,4.1898,0.000
17.109,corridor,Deniz,0.0000,4.0196,-1.5044,0.0000,0,ChildNeutralIdle+ChildNaturalWalk,4.2843,4.3065,0.000
17.109,corridor,Can,-0.0164,4.0539,-2.6137,0.0000,0,ChildNeutralIdle+ChildNaturalWalk,4.1984,4.1892,0.000
17.143,corridor,Deniz,0.0000,4.0196,-1.5044,0.0000,0,ChildNeutralIdle+ChildNaturalWalk,4.2845,4.3064,0.000
17.143,corridor,Can,-0.0164,4.0539,-2.6137,0.0000,0,ChildNeutralIdle+ChildNaturalWalk,4.1981,4.1887,0.000
17.176,corridor,Deniz,0.0000,4.0196,-1.5044,0.0000,0,ChildNeutralIdle+ChildNaturalWalk,4.2847,4.3064,0.000
17.176,corridor,Can,-0.0164,4.0539,-2.6137,0.0000,0,ChildNeutralIdle+ChildNaturalWalk,4.1979,4.1884,0.000
17.211,corridor,Deniz,0.0000,4.0196,-1.5044,0.0000,0,ChildNeutralIdle+ChildNaturalWalk,4.2849,4.3063,0.000
17.211,corridor,Can,-0.0164,4.0539,-2.6137,0.0000,0,ChildNeutralIdle+ChildNaturalWalk,4.1978,4.1882,0.000
17.243,corridor,Deniz,0.0000,4.0196,-1.5044,0.0000,0,ChildNeutralIdle+ChildNaturalWalk,4.2850,4.3062,0.000
17.243,corridor,Can,-0.0164,4.0539,-2.6137,0.0000,0,ChildNeutralIdle+ChildNaturalWalk,4.1978,4.1881,0.000
17.283,corridor,Deniz,0.0000,4.0196,-1.5044,0.0000,0,ChildNeutralIdle+ChildNaturalWalk,4.2852,4.3061,0.000
17.283,corridor,Can,-0.0164,4.0539,-2.6137,0.0000,0,ChildNeutralIdle+ChildNaturalWalk,4.1978,4.1881,0.000
17.315,corridor,Deniz,0.0000,4.0196,-1.5044,0.0000,0,ChildNeutralIdle+ChildNaturalWalk,4.2853,4.3061,0.000
17.315,corridor,Can,-0.0164,4.0539,-2.6137,0.0000,0,ChildNeutralIdle+ChildNaturalWalk,4.1979,4.1881,0.000
17.350,corridor,Deniz,0.0000,4.0196,-1.5044,0.0000,0,ChildNeutralIdle+ChildNaturalWalk,4.2854,4.3060,0.000
17.350,corridor,Can,-0.0164,4.0539,-2.6137,0.0000,0,ChildNeutralIdle+ChildNaturalWalk,4.1980,4.1882,0.000
17.384,corridor,Deniz,0.0000,4.0196,-1.5044,0.0000,0,ChildNeutralIdle+ChildNaturalWalk,4.2855,4.3059,0.000
17.384,corridor,Can,-0.0164,4.0539,-2.6137,0.0000,0,ChildNeutralIdle+ChildNaturalWalk,4.1982,4.1883,0.000
17.417,corridor,Deniz,0.0000,4.0196,-1.5044,0.0000,0,ChildNeutralIdle+ChildNaturalWalk,4.2856,4.3058,0.000
17.417,corridor,Can,-0.0164,4.0539,-2.6137,0.0000,0,ChildNeutralIdle+ChildNaturalWalk,4.1985,4.1884,0.000
17.449,corridor,Deniz,0.0000,4.0196,-1.5044,0.0000,0,ChildNeutralIdle+ChildNaturalWalk,4.2857,4.3057,0.000
17.449,corridor,Can,-0.0164,4.0539,-2.6137,0.0000,0,ChildNeutralIdle+ChildNaturalWalk,4.1987,4.1885,0.000
17.483,corridor,Deniz,0.0000,4.0196,-1.5044,0.0000,0,ChildNeutralIdle+ChildNaturalWalk,4.2857,4.3055,0.000
17.483,corridor,Can,-0.0164,4.0539,-2.6137,0.0000,0,ChildNeutralIdle+ChildNaturalWalk,4.1990,4.1886,0.000
17.516,corridor,Deniz,0.0000,4.0196,-1.5044,0.0000,0,ChildNeutralIdle+ChildNaturalWalk,4.2857,4.3054,0.000
17.516,corridor,Can,-0.0164,4.0539,-2.6137,0.0000,0,ChildNeutralIdle+ChildNaturalWalk,4.1993,4.1888,0.000
17.549,corridor,Deniz,0.0000,4.0196,-1.5044,0.0000,0,ChildNeutralIdle+ChildNaturalWalk,4.2857,4.3052,0.000
17.549,corridor,Can,-0.0164,4.0539,-2.6137,0.0000,0,ChildNeutralIdle+ChildNaturalWalk,4.1997,4.1889,0.000
17.583,corridor,Deniz,0.0000,4.0196,-1.5044,0.0000,0,ChildNeutralIdle+ChildNaturalWalk,4.2857,4.3050,0.000
17.583,corridor,Can,-0.0164,4.0539,-2.6137,0.0000,0,ChildNeutralIdle+ChildNaturalWalk,4.2001,4.1890,0.000
17.617,corridor,Deniz,0.0000,4.0196,-1.5044,0.0000,0,ChildNeutralIdle+ChildNaturalWalk,4.2856,4.3049,0.000
17.617,corridor,Can,-0.0164,4.0539,-2.6137,0.0000,0,ChildNeutralIdle+ChildNaturalWalk,4.2005,4.1892,0.000
17.650,corridor,Deniz,0.0000,4.0196,-1.5044,0.0000,0,ChildNeutralIdle+ChildNaturalWalk,4.2855,4.3047,0.000
17.650,corridor,Can,-0.0164,4.0539,-2.6137,0.0000,0,ChildNeutralIdle+ChildNaturalWalk,4.2009,4.1893,0.000
17.683,corridor,Deniz,0.0000,4.0196,-1.5044,0.0000,0,ChildNeutralIdle+ChildNaturalWalk,4.2854,4.3045,0.000
17.683,corridor,Can,-0.0164,4.0539,-2.6137,0.0000,0,ChildNeutralIdle+ChildNaturalWalk,4.2012,4.1894,0.000
17.716,corridor,Deniz,0.0000,4.0196,-1.5044,0.0000,0,ChildNeutralIdle+ChildNaturalWalk,4.2853,4.3043,0.000
17.716,corridor,Can,-0.0164,4.0539,-2.6137,0.0000,0,ChildNeutralIdle+ChildNaturalWalk,4.2016,4.1895,0.000
17.750,corridor,Deniz,0.0000,4.0196,-1.5044,0.0000,0,ChildNeutralIdle+ChildNaturalWalk,4.2852,4.3041,0.000
17.750,corridor,Can,-0.0164,4.0539,-2.6137,0.0000,0,ChildNeutralIdle+ChildNaturalWalk,4.2020,4.1895,0.000
17.783,corridor,Deniz,0.0000,4.0196,-1.5044,0.0000,0,ChildNeutralIdle+ChildNaturalWalk,4.2850,4.3038,0.000
17.783,corridor,Can,-0.0164,4.0539,-2.6137,0.0000,0,ChildNeutralIdle+ChildNaturalWalk,4.2024,4.1896,0.000
17.816,corridor,Deniz,0.0000,4.0196,-1.5044,0.0000,0,ChildNeutralIdle+ChildNaturalWalk,4.2849,4.3036,0.000
17.816,corridor,Can,-0.0164,4.0539,-2.6137,0.0000,0,ChildNeutralIdle+ChildNaturalWalk,4.2028,4.1897,0.000
17.850,corridor,Deniz,0.0000,4.0196,-1.5044,0.0000,0,ChildNeutralIdle+ChildNaturalWalk,4.2847,4.3034,0.000
17.850,corridor,Can,-0.0164,4.0539,-2.6137,0.0000,0,ChildNeutralIdle+ChildNaturalWalk,4.2032,4.1897,0.000
17.883,corridor,Deniz,0.0000,4.0196,-1.5044,0.0000,0,ChildNeutralIdle+ChildNaturalWalk,4.2845,4.3032,0.000
17.883,corridor,Can,-0.0164,4.0539,-2.6137,0.0000,0,ChildNeutralIdle+ChildNaturalWalk,4.2035,4.1897,0.000
17.917,corridor,Deniz,0.0000,4.0196,-1.5044,0.0000,0,ChildNeutralIdle+ChildNaturalWalk,4.2844,4.3031,0.000
17.917,corridor,Can,-0.0164,4.0539,-2.6137,0.0000,0,ChildNeutralIdle+ChildNaturalWalk,4.2038,4.1897,0.000
17.949,corridor,Deniz,0.0000,4.0196,-1.5044,0.0000,0,ChildNeutralIdle+ChildNaturalWalk,4.2842,4.3029,0.000
17.949,corridor,Can,-0.0164,4.0539,-2.6137,0.0000,0,ChildNeutralIdle+ChildNaturalWalk,4.2042,4.1897,0.000
17.983,corridor,Deniz,0.0000,4.0196,-1.5044,0.0000,0,ChildNeutralIdle+ChildNaturalWalk,4.2840,4.3027,0.000
17.983,corridor,Can,-0.0164,4.0539,-2.6137,0.0000,0,ChildNeutralIdle+ChildNaturalWalk,4.2044,4.1897,0.000
18.016,corridor,Deniz,0.0000,4.0196,-1.5044,0.0000,0,ChildNeutralIdle+ChildNaturalWalk,4.2838,4.3026,0.000
18.016,corridor,Can,-0.0164,4.0539,-2.6137,0.0000,0,ChildNeutralIdle+ChildNaturalWalk,4.2047,4.1896,0.000
18.050,corridor,Deniz,0.0000,4.0196,-1.5044,0.0000,0,ChildNeutralIdle+ChildNaturalWalk,4.2836,4.3024,0.000
18.050,corridor,Can,-0.0164,4.0539,-2.6137,0.0000,0,ChildNeutralIdle+ChildNaturalWalk,4.2049,4.1896,0.000
18.084,corridor,Deniz,0.0000,4.0196,-1.5044,0.0000,0,ChildNeutralIdle+ChildNaturalWalk,4.2834,4.3023,0.000
18.084,corridor,Can,-0.0164,4.0539,-2.6137,0.0000,0,ChildNeutralIdle+ChildNaturalWalk,4.2051,4.1895,0.000
18.116,corridor,Deniz,0.0000,4.0196,-1.5044,0.0000,0,ChildNeutralIdle+ChildNaturalWalk,4.2832,4.3022,0.000
18.116,corridor,Can,-0.0164,4.0539,-2.6137,0.0000,0,ChildNeutralIdle+ChildNaturalWalk,4.2053,4.1894,0.000
18.150,corridor,Deniz,0.0000,4.0196,-1.5044,0.0000,0,ChildNeutralIdle+ChildNaturalWalk,4.2830,4.3021,0.000
18.150,corridor,Can,-0.0164,4.0539,-2.6137,0.0000,0,ChildNeutralIdle+ChildNaturalWalk,4.2054,4.1892,0.000
18.183,corridor,Deniz,0.0000,4.0196,-1.5044,0.0000,0,ChildNeutralIdle+ChildNaturalWalk,4.2828,4.3021,0.000
18.183,corridor,Can,-0.0164,4.0539,-2.6137,0.0000,0,ChildNeutralIdle+ChildNaturalWalk,4.2054,4.1891,0.000
18.216,corridor,Deniz,0.0000,4.0196,-1.5044,0.0000,0,ChildNeutralIdle+ChildNaturalWalk,4.2826,4.3020,0.000
18.216,corridor,Can,-0.0164,4.0539,-2.6137,0.0000,0,ChildNeutralIdle+ChildNaturalWalk,4.2055,4.1889,0.000
18.250,corridor,Deniz,0.0000,4.0196,-1.5044,0.0000,0,ChildNeutralIdle+ChildNaturalWalk,4.2824,4.3020,0.000
18.250,corridor,Can,-0.0164,4.0539,-2.6137,0.0000,0,ChildNeutralIdle+ChildNaturalWalk,4.2055,4.1888,0.000
18.283,corridor,Deniz,0.0000,4.0196,-1.5044,0.0000,0,ChildNeutralIdle+ChildNaturalWalk,4.2822,4.3019,0.000
18.283,corridor,Can,-0.0164,4.0539,-2.6137,0.0000,0,ChildNeutralIdle+ChildNaturalWalk,4.2055,4.1886,0.000
18.316,corridor,Deniz,0.0000,4.0196,-1.5044,0.0000,0,ChildNeutralIdle+ChildNaturalWalk,4.2821,4.3019,0.000
18.316,corridor,Can,-0.0164,4.0539,-2.6137,0.0000,0,ChildNeutralIdle+ChildNaturalWalk,4.2055,4.1884,0.000
18.350,corridor,Deniz,0.0000,4.0196,-1.5044,0.0000,0,ChildNeutralIdle+ChildNaturalWalk,4.2819,4.3019,0.000
18.350,corridor,Can,-0.0164,4.0539,-2.6137,0.0000,0,ChildNeutralIdle+ChildNaturalWalk,4.2054,4.1882,0.000
18.383,corridor,Deniz,0.0000,4.0196,-1.5044,0.0000,0,ChildNeutralIdle+ChildNaturalWalk,4.2817,4.3019,0.000
18.383,corridor,Can,-0.0164,4.0539,-2.6137,0.0000,0,ChildNeutralIdle+ChildNaturalWalk,4.2053,4.1880,0.000
18.416,corridor,Deniz,0.0000,4.0196,-1.5044,0.0000,0,ChildNeutralIdle+ChildNaturalWalk,4.2816,4.3019,0.000
18.416,corridor,Can,-0.0164,4.0539,-2.6137,0.0000,0,ChildNeutralIdle+ChildNaturalWalk,4.2052,4.1878,0.000
18.449,corridor,Deniz,0.0000,4.0196,-1.5044,0.0000,0,ChildNeutralIdle+ChildNaturalWalk,4.2815,4.3020,0.000
18.449,corridor,Can,-0.0164,4.0539,-2.6137,0.0000,0,ChildNeutralIdle+ChildNaturalWalk,4.2050,4.1876,0.000
18.483,corridor,Deniz,0.0000,4.0196,-1.5044,0.0000,0,ChildNeutralIdle+ChildNaturalWalk,4.2813,4.3020,0.000
18.483,corridor,Can,-0.0164,4.0539,-2.6137,0.0000,0,ChildNeutralIdle+ChildNaturalWalk,4.2049,4.1874,0.000
18.516,corridor,Deniz,0.0000,4.0196,-1.5044,0.0000,0,ChildNeutralIdle+ChildNaturalWalk,4.2812,4.3021,0.000
18.516,corridor,Can,-0.0164,4.0539,-2.6137,0.0000,0,ChildNeutralIdle+ChildNaturalWalk,4.2047,4.1872,0.000
18.550,corridor,Deniz,0.0000,4.0196,-1.5044,0.0000,0,ChildNeutralIdle+ChildNaturalWalk,4.2811,4.3022,0.000
18.550,corridor,Can,-0.0164,4.0539,-2.6137,0.0000,0,ChildNeutralIdle+ChildNaturalWalk,4.2044,4.1870,0.000
18.583,corridor,Deniz,0.0000,4.0196,-1.5044,0.0000,0,ChildNeutralIdle+ChildNaturalWalk,4.2811,4.3023,0.000
18.583,corridor,Can,-0.0164,4.0539,-2.6137,0.0000,0,ChildNeutralIdle+ChildNaturalWalk,4.2042,4.1868,0.000
18.617,corridor,Deniz,0.0000,4.0196,-1.5044,0.0000,0,ChildNeutralIdle+ChildNaturalWalk,4.2810,4.3025,0.000
18.617,corridor,Can,-0.0164,4.0539,-2.6137,0.0000,0,ChildNeutralIdle+ChildNaturalWalk,4.2039,4.1866,0.000
18.650,corridor,Deniz,0.0000,4.0196,-1.5044,0.0000,0,ChildNeutralIdle+ChildNaturalWalk,4.2809,4.3026,0.000
18.650,corridor,Can,-0.0164,4.0539,-2.6137,0.0000,0,ChildNeutralIdle+ChildNaturalWalk,4.2036,4.1864,0.000
18.683,corridor,Deniz,0.0000,4.0196,-1.5044,0.0000,0,ChildNeutralIdle+ChildNaturalWalk,4.2809,4.3028,0.000
18.683,corridor,Can,-0.0164,4.0539,-2.6137,0.0000,0,ChildNeutralIdle+ChildNaturalWalk,4.2033,4.1862,0.000
18.719,corridor,Deniz,0.0000,4.0196,-1.5044,0.0000,0,ChildNeutralIdle+ChildNaturalWalk,4.2809,4.3030,0.000
18.719,corridor,Can,-0.0164,4.0539,-2.6137,0.0000,0,ChildNeutralIdle+ChildNaturalWalk,4.2030,4.1860,0.000
18.750,corridor,Deniz,0.0000,4.0196,-1.5044,0.0000,0,ChildNeutralIdle+ChildNaturalWalk,4.2809,4.3032,0.000
18.750,corridor,Can,-0.0164,4.0539,-2.6137,0.0000,0,ChildNeutralIdle+ChildNaturalWalk,4.2026,4.1858,0.000
18.783,corridor,Deniz,0.0000,4.0196,-1.5044,0.0000,0,ChildNeutralIdle+ChildNaturalWalk,4.2809,4.3035,0.000
18.783,corridor,Can,-0.0164,4.0539,-2.6137,0.0000,0,ChildNeutralIdle+ChildNaturalWalk,4.2023,4.1856,0.000
18.816,corridor,Deniz,0.0000,4.0196,-1.5044,0.0000,0,ChildNeutralIdle+ChildNaturalWalk,4.2809,4.3037,0.000
18.816,corridor,Can,-0.0164,4.0539,-2.6137,0.0000,0,ChildNeutralIdle+ChildNaturalWalk,4.2019,4.1854,0.000
18.850,corridor,Deniz,0.0000,4.0196,-1.5044,0.0000,0,ChildNeutralIdle+ChildNaturalWalk,4.2810,4.3040,0.000
18.850,corridor,Can,-0.0164,4.0539,-2.6137,0.0000,0,ChildNeutralIdle+ChildNaturalWalk,4.2015,4.1852,0.000
18.884,corridor,Deniz,0.0000,4.0196,-1.5044,0.0000,0,ChildNeutralIdle+ChildNaturalWalk,4.2810,4.3043,0.000
18.884,corridor,Can,-0.0164,4.0539,-2.6137,0.0000,0,ChildNeutralIdle+ChildNaturalWalk,4.2011,4.1851,0.000
18.916,corridor,Deniz,0.0000,4.0196,-1.5044,0.0000,0,ChildNeutralIdle+ChildNaturalWalk,4.2811,4.3045,0.000
18.916,corridor,Can,-0.0164,4.0539,-2.6137,0.0000,0,ChildNeutralIdle+ChildNaturalWalk,4.2007,4.1849,0.000
18.949,corridor,Deniz,0.0000,4.0196,-1.5044,0.0000,0,ChildNeutralIdle+ChildNaturalWalk,4.2812,4.3047,0.000
18.949,corridor,Can,-0.0164,4.0539,-2.6137,0.0000,0,ChildNeutralIdle+ChildNaturalWalk,4.2003,4.1848,0.000
18.983,corridor,Deniz,0.0000,4.0196,-1.5044,0.0000,0,ChildNeutralIdle+ChildNaturalWalk,4.2814,4.3050,0.000
18.983,corridor,Can,-0.0164,4.0539,-2.6137,0.0000,0,ChildNeutralIdle+ChildNaturalWalk,4.1999,4.1847,0.000
19.017,corridor,Deniz,0.0000,4.0196,-1.5044,0.0000,0,ChildNeutralIdle+ChildNaturalWalk,4.2815,4.3052,0.000
19.017,corridor,Can,-0.0164,4.0539,-2.6137,0.0000,0,ChildNeutralIdle+ChildNaturalWalk,4.1996,4.1846,0.000
19.050,corridor,Deniz,0.0000,4.0196,-1.5044,0.0000,0,ChildNeutralIdle+ChildNaturalWalk,4.2817,4.3054,0.000
19.050,corridor,Can,-0.0164,4.0539,-2.6137,0.0000,0,ChildNeutralIdle+ChildNaturalWalk,4.1992,4.1845,0.000
19.083,corridor,Deniz,0.0000,4.0196,-1.5044,0.0000,0,ChildNeutralIdle+ChildNaturalWalk,4.2818,4.3055,0.000
19.083,corridor,Can,-0.0164,4.0539,-2.6137,0.0000,0,ChildNeutralIdle+ChildNaturalWalk,4.1988,4.1845,0.000
19.116,corridor,Deniz,0.0000,4.0196,-1.5044,0.0000,0,ChildNeutralIdle+ChildNaturalWalk,4.2820,4.3057,0.000
19.116,corridor,Can,-0.0164,4.0539,-2.6137,0.0000,0,ChildNeutralIdle+ChildNaturalWalk,4.1985,4.1844,0.000
19.149,corridor,Deniz,0.0000,4.0196,-1.5044,0.0000,0,ChildNeutralIdle+ChildNaturalWalk,4.2822,4.3058,0.000
19.149,corridor,Can,-0.0164,4.0539,-2.6137,0.0000,0,ChildNeutralIdle+ChildNaturalWalk,4.1982,4.1844,0.000
19.182,corridor,Deniz,0.0000,4.0196,-1.5044,0.0000,0,ChildNeutralIdle+ChildNaturalWalk,4.2823,4.3059,0.000
19.182,corridor,Can,-0.0164,4.0539,-2.6137,0.0000,0,ChildNeutralIdle+ChildNaturalWalk,4.1979,4.1844,0.000
19.216,corridor,Deniz,0.0000,4.0196,-1.5044,0.0000,0,ChildNeutralIdle+ChildNaturalWalk,4.2825,4.3060,0.000
19.216,corridor,Can,-0.0164,4.0539,-2.6137,0.0000,0,ChildNeutralIdle+ChildNaturalWalk,4.1976,4.1845,0.000
19.249,corridor,Deniz,0.0000,4.0196,-1.5044,0.0000,0,ChildNeutralIdle+ChildNaturalWalk,4.2827,4.3061,0.000
19.249,corridor,Can,-0.0164,4.0539,-2.6137,0.0000,0,ChildNeutralIdle+ChildNaturalWalk,4.1974,4.1845,0.000
19.282,corridor,Deniz,0.0000,4.0196,-1.5044,0.0000,0,ChildNeutralIdle+ChildNaturalWalk,4.2829,4.3062,0.000
19.282,corridor,Can,-0.0164,4.0539,-2.6137,0.0000,0,ChildNeutralIdle+ChildNaturalWalk,4.1972,4.1846,0.000
19.316,corridor,Deniz,0.0000,4.0196,-1.5044,0.0000,0,ChildNeutralIdle+ChildNaturalWalk,4.2831,4.3063,0.000
19.316,corridor,Can,-0.0164,4.0539,-2.6137,0.0000,0,ChildNeutralIdle+ChildNaturalWalk,4.1970,4.1847,0.000
19.349,corridor,Deniz,0.0000,4.0196,-1.5044,0.0000,0,ChildNeutralIdle+ChildNaturalWalk,4.2833,4.3064,0.000
19.349,corridor,Can,-0.0164,4.0539,-2.6137,0.0000,0,ChildNeutralIdle+ChildNaturalWalk,4.1969,4.1848,0.000
19.382,corridor,Deniz,0.0000,4.0196,-1.5044,0.0000,0,ChildNeutralIdle+ChildNaturalWalk,4.2835,4.3064,0.000
19.382,corridor,Can,-0.0164,4.0539,-2.6137,0.0000,0,ChildNeutralIdle+ChildNaturalWalk,4.1967,4.1850,0.000
19.417,corridor,Deniz,0.0000,4.0196,-1.5044,0.0000,0,ChildNeutralIdle+ChildNaturalWalk,4.2837,4.3064,0.000
19.417,corridor,Can,-0.0164,4.0539,-2.6137,0.0000,0,ChildNeutralIdle+ChildNaturalWalk,4.1967,4.1851,0.000
19.450,corridor,Deniz,0.0000,4.0196,-1.5044,0.0000,0,ChildNeutralIdle+ChildNaturalWalk,4.2839,4.3064,0.000
19.450,corridor,Can,-0.0164,4.0539,-2.6137,0.0000,0,ChildNeutralIdle+ChildNaturalWalk,4.1966,4.1853,0.000
19.483,corridor,Deniz,0.0000,4.0196,-1.5044,0.0000,0,ChildNeutralIdle+ChildNaturalWalk,4.2840,4.3065,0.000
19.483,corridor,Can,-0.0164,4.0539,-2.6137,0.0000,0,ChildNeutralIdle+ChildNaturalWalk,4.1966,4.1855,0.000
19.516,corridor,Deniz,0.0000,4.0196,-1.5044,0.0000,0,ChildNeutralIdle+ChildNaturalWalk,4.2842,4.3064,0.000
19.516,corridor,Can,-0.0164,4.0539,-2.6137,0.0000,0,ChildNeutralIdle+ChildNaturalWalk,4.1966,4.1857,0.000
19.549,corridor,Deniz,0.0000,4.0196,-1.5044,0.0000,0,ChildNeutralIdle+ChildNaturalWalk,4.2844,4.3064,0.000
19.549,corridor,Can,-0.0164,4.0539,-2.6137,0.0000,0,ChildNeutralIdle+ChildNaturalWalk,4.1967,4.1859,0.000
19.583,corridor,Deniz,0.0000,4.0196,-1.5044,0.0000,0,ChildNeutralIdle+ChildNaturalWalk,4.2846,4.3064,0.000
19.583,corridor,Can,-0.0164,4.0539,-2.6137,0.0000,0,ChildNeutralIdle+ChildNaturalWalk,4.1967,4.1861,0.000
19.616,corridor,Deniz,0.0000,4.0196,-1.5044,0.0000,0,ChildNeutralIdle+ChildNaturalWalk,4.2847,4.3064,0.000
19.616,corridor,Can,-0.0164,4.0539,-2.6137,0.0000,0,ChildNeutralIdle+ChildNaturalWalk,4.1969,4.1863,0.000
19.649,corridor,Deniz,0.0000,4.0196,-1.5044,0.0000,0,ChildNeutralIdle+ChildNaturalWalk,4.2849,4.3063,0.000
19.649,corridor,Can,-0.0164,4.0539,-2.6137,0.0000,0,ChildNeutralIdle+ChildNaturalWalk,4.1970,4.1866,0.000
19.683,corridor,Deniz,0.0000,4.0196,-1.5044,0.0000,0,ChildNeutralIdle+ChildNaturalWalk,4.2850,4.3062,0.000
19.683,corridor,Can,-0.0164,4.0539,-2.6137,0.0000,0,ChildNeutralIdle+ChildNaturalWalk,4.1972,4.1868,0.000
19.716,corridor,Deniz,0.0000,4.0196,-1.5044,0.0000,0,ChildNeutralIdle+ChildNaturalWalk,4.2851,4.3061,0.000
19.716,corridor,Can,-0.0164,4.0539,-2.6137,0.0000,0,ChildNeutralIdle+ChildNaturalWalk,4.1974,4.1870,0.000
19.750,corridor,Deniz,0.0000,4.0196,-1.5044,0.0000,0,ChildNeutralIdle+ChildNaturalWalk,4.2853,4.3060,0.000
19.750,corridor,Can,-0.0164,4.0539,-2.6137,0.0000,0,ChildNeutralIdle+ChildNaturalWalk,4.1977,4.1872,0.000
19.782,corridor,Deniz,0.0000,4.0196,-1.5044,0.0000,0,ChildNeutralIdle+ChildNaturalWalk,4.2854,4.3059,0.000
19.782,corridor,Can,-0.0164,4.0539,-2.6137,0.0000,0,ChildNeutralIdle+ChildNaturalWalk,4.1979,4.1874,0.000
19.816,corridor,Deniz,0.0000,4.0196,-1.5044,0.0000,0,ChildNeutralIdle+ChildNaturalWalk,4.2854,4.3058,0.000
19.816,corridor,Can,-0.0164,4.0539,-2.6137,0.0000,0,ChildNeutralIdle+ChildNaturalWalk,4.1982,4.1876,0.000
19.850,corridor,Deniz,0.0000,4.0196,-1.5044,0.0000,0,ChildNeutralIdle+ChildNaturalWalk,4.2855,4.3056,0.000
19.850,corridor,Can,-0.0164,4.0539,-2.6137,0.0000,0,ChildNeutralIdle+ChildNaturalWalk,4.1985,4.1878,0.000
19.883,corridor,Deniz,0.0000,4.0196,-1.5044,0.0000,0,ChildNeutralIdle+ChildNaturalWalk,4.2856,4.3054,0.000
19.883,corridor,Can,-0.0164,4.0539,-2.6137,0.0000,0,ChildNeutralIdle+ChildNaturalWalk,4.1989,4.1880,0.000
19.916,corridor,Deniz,0.0000,4.0196,-1.5044,0.0000,0,ChildNeutralIdle+ChildNaturalWalk,4.2856,4.3053,0.000
19.916,corridor,Can,-0.0164,4.0539,-2.6137,0.0000,0,ChildNeutralIdle+ChildNaturalWalk,4.1993,4.1882,0.000
19.949,corridor,Deniz,0.0000,4.0196,-1.5044,0.0000,0,ChildNeutralIdle+ChildNaturalWalk,4.2856,4.3051,0.000
19.949,corridor,Can,-0.0164,4.0539,-2.6137,0.0000,0,ChildNeutralIdle+ChildNaturalWalk,4.1996,4.1883,0.000
19.983,corridor,Deniz,0.0000,4.0196,-1.5044,0.0000,0,ChildNeutralIdle+ChildNaturalWalk,4.2856,4.3049,0.000
19.983,corridor,Can,-0.0164,4.0539,-2.6137,0.0000,0,ChildNeutralIdle+ChildNaturalWalk,4.2000,4.1885,0.000
20.016,corridor,Deniz,0.0000,4.0196,-1.5044,0.0000,0,ChildNeutralIdle+ChildNaturalWalk,4.2855,4.3047,0.000
20.016,corridor,Can,-0.0164,4.0539,-2.6137,0.0000,0,ChildNeutralIdle+ChildNaturalWalk,4.2004,4.1886,0.000
20.049,corridor,Deniz,0.0000,4.0196,-1.5044,0.0000,0,ChildNeutralIdle+ChildNaturalWalk,4.2855,4.3045,0.000
20.049,corridor,Can,-0.0164,4.0539,-2.6137,0.0000,0,ChildNeutralIdle+ChildNaturalWalk,4.2008,4.1888,0.000
20.083,corridor,Deniz,0.0000,4.0196,-1.5044,0.0000,0,ChildNeutralIdle+ChildNaturalWalk,4.2854,4.3044,0.000
20.083,corridor,Can,-0.0164,4.0539,-2.6137,0.0000,0,ChildNeutralIdle+ChildNaturalWalk,4.2012,4.1889,0.000
20.116,corridor,Deniz,0.0000,4.0196,-1.5044,0.0000,0,ChildNeutralIdle+ChildNaturalWalk,4.2853,4.3042,0.000
20.116,corridor,Can,-0.0164,4.0539,-2.6137,0.0000,0,ChildNeutralIdle+ChildNaturalWalk,4.2016,4.1891,0.000
20.149,corridor,Deniz,0.0000,4.0196,-1.5044,0.0000,0,ChildNeutralIdle+ChildNaturalWalk,4.2852,4.3040,0.000
20.149,corridor,Can,-0.0164,4.0539,-2.6137,0.0000,0,ChildNeutralIdle+ChildNaturalWalk,4.2020,4.1892,0.000
20.182,corridor,Deniz,0.0000,4.0196,-1.5044,0.0000,0,ChildNeutralIdle+ChildNaturalWalk,4.2850,4.3039,0.000
20.182,corridor,Can,-0.0164,4.0539,-2.6137,0.0000,0,ChildNeutralIdle+ChildNaturalWalk,4.2024,4.1893,0.000
20.216,corridor,Deniz,0.0000,4.0196,-1.5044,0.0000,0,ChildNeutralIdle+ChildNaturalWalk,4.2849,4.3037,0.000
20.216,corridor,Can,-0.0164,4.0539,-2.6137,0.0000,0,ChildNeutralIdle+ChildNaturalWalk,4.2028,4.1894,0.000
20.249,corridor,Deniz,0.0000,4.0196,-1.5044,0.0000,0,ChildNeutralIdle+ChildNaturalWalk,4.2847,4.3036,0.000
20.249,corridor,Can,-0.0164,4.0539,-2.6137,0.0000,0,ChildNeutralIdle+ChildNaturalWalk,4.2032,4.1894,0.000
20.283,corridor,Deniz,0.0000,4.0196,-1.5044,0.0000,0,ChildNeutralIdle+ChildNaturalWalk,4.2845,4.3034,0.000
20.283,corridor,Can,-0.0164,4.0539,-2.6137,0.0000,0,ChildNeutralIdle+ChildNaturalWalk,4.2036,4.1895,0.000
20.316,corridor,Deniz,0.0000,4.0196,-1.5044,0.0000,0,ChildNeutralIdle+ChildNaturalWalk,4.2843,4.3033,0.000
20.316,corridor,Can,-0.0164,4.0539,-2.6137,0.0000,0,ChildNeutralIdle+ChildNaturalWalk,4.2039,4.1895,0.000
20.349,corridor,Deniz,0.0000,4.0196,-1.5044,0.0000,0,ChildNeutralIdle+ChildNaturalWalk,4.2841,4.3031,0.000
20.349,corridor,Can,-0.0164,4.0539,-2.6137,0.0000,0,ChildNeutralIdle+ChildNaturalWalk,4.2043,4.1896,0.000
20.382,corridor,Deniz,0.0000,4.0196,-1.5044,0.0000,0,ChildNeutralIdle+ChildNaturalWalk,4.2839,4.3030,0.000
20.382,corridor,Can,-0.0164,4.0539,-2.6137,0.0000,0,ChildNeutralIdle+ChildNaturalWalk,4.2046,4.1896,0.000
20.416,corridor,Deniz,0.0000,4.0196,-1.5044,0.0000,0,ChildNeutralIdle+ChildNaturalWalk,4.2837,4.3029,0.000
20.416,corridor,Can,-0.0164,4.0539,-2.6137,0.0000,0,ChildNeutralIdle+ChildNaturalWalk,4.2049,4.1896,0.000
20.449,corridor,Deniz,0.0000,4.0196,-1.5044,0.0000,0,ChildNeutralIdle+ChildNaturalWalk,4.2835,4.3028,0.000
20.449,corridor,Can,-0.0164,4.0539,-2.6137,0.0000,0,ChildNeutralIdle+ChildNaturalWalk,4.2051,4.1895,0.000
20.484,corridor,Deniz,0.0000,4.0196,-1.5044,0.0000,0,ChildNeutralIdle+ChildNaturalWalk,4.2833,4.3027,0.000
20.484,corridor,Can,-0.0164,4.0539,-2.6137,0.0000,0,ChildNeutralIdle+ChildNaturalWalk,4.2053,4.1895,0.000
20.516,corridor,Deniz,0.0000,4.0196,-1.5044,0.0000,0,ChildNeutralIdle+ChildNaturalWalk,4.2831,4.3026,0.000
20.516,corridor,Can,-0.0164,4.0539,-2.6137,0.0000,0,ChildNeutralIdle+ChildNaturalWalk,4.2055,4.1894,0.000
20.549,corridor,Deniz,0.0000,4.0196,-1.5044,0.0000,0,ChildNeutralIdle+ChildNaturalWalk,4.2828,4.3026,0.000
20.549,corridor,Can,-0.0164,4.0539,-2.6137,0.0000,0,ChildNeutralIdle+ChildNaturalWalk,4.2056,4.1893,0.000
20.587,corridor,Deniz,0.0000,4.0196,-1.5044,0.0000,0,ChildNeutralIdle+ChildNaturalWalk,4.2826,4.3025,0.000
20.587,corridor,Can,-0.0164,4.0539,-2.6137,0.0000,0,ChildNeutralIdle+ChildNaturalWalk,4.2057,4.1892,0.000
20.621,corridor,Deniz,0.0000,4.0196,-1.5044,0.0000,0,ChildNeutralIdle+ChildNaturalWalk,4.2824,4.3025,0.000
20.621,corridor,Can,-0.0164,4.0539,-2.6137,0.0000,0,ChildNeutralIdle+ChildNaturalWalk,4.2058,4.1891,0.000
20.654,corridor,Deniz,0.0000,4.0196,-1.5044,0.0000,0,ChildNeutralIdle+ChildNaturalWalk,4.2822,4.3025,0.000
20.654,corridor,Can,-0.0164,4.0539,-2.6137,0.0000,0,ChildNeutralIdle+ChildNaturalWalk,4.2059,4.1890,0.000
20.687,corridor,Deniz,0.0000,4.0196,-1.5044,0.0000,0,ChildNeutralIdle+ChildNaturalWalk,4.2820,4.3024,0.000
20.687,corridor,Can,-0.0164,4.0539,-2.6137,0.0000,0,ChildNeutralIdle+ChildNaturalWalk,4.2059,4.1888,0.000
20.721,corridor,Deniz,0.0000,4.0196,-1.5044,0.0000,0,ChildNeutralIdle+ChildNaturalWalk,4.2818,4.3024,0.000
20.721,corridor,Can,-0.0164,4.0539,-2.6137,0.0000,0,ChildNeutralIdle+ChildNaturalWalk,4.2058,4.1887,0.000
20.754,corridor,Deniz,0.0000,4.0196,-1.5044,0.0000,0,ChildNeutralIdle+ChildNaturalWalk,4.2816,4.3025,0.000
20.754,corridor,Can,-0.0164,4.0539,-2.6137,0.0000,0,ChildNeutralIdle+ChildNaturalWalk,4.2058,4.1885,0.000
20.788,corridor,Deniz,0.0000,4.0196,-1.5044,0.0000,0,ChildNeutralIdle+ChildNaturalWalk,4.2814,4.3025,0.000
20.788,corridor,Can,-0.0164,4.0539,-2.6137,0.0000,0,ChildNeutralIdle+ChildNaturalWalk,4.2057,4.1884,0.000
20.821,corridor,Deniz,0.0000,4.0196,-1.5044,0.0000,0,ChildNeutralIdle+ChildNaturalWalk,4.2812,4.3025,0.000
20.821,corridor,Can,-0.0164,4.0539,-2.6137,0.0000,0,ChildNeutralIdle+ChildNaturalWalk,4.2056,4.1882,0.000
20.855,corridor,Deniz,0.0000,4.0196,-1.5044,0.0000,0,ChildNeutralIdle+ChildNaturalWalk,4.2811,4.3026,0.000
20.855,corridor,Can,-0.0164,4.0539,-2.6137,0.0000,0,ChildNeutralIdle+ChildNaturalWalk,4.2055,4.1880,0.000
20.888,corridor,Deniz,0.0000,4.0196,-1.5044,0.0000,0,ChildNeutralIdle+ChildNaturalWalk,4.2809,4.3026,0.000
20.888,corridor,Can,-0.0164,4.0539,-2.6137,0.0000,0,ChildNeutralIdle+ChildNaturalWalk,4.2053,4.1878,0.000
20.921,corridor,Deniz,0.0000,4.0196,-1.5044,0.0000,0,ChildNeutralIdle+ChildNaturalWalk,4.2808,4.3027,0.000
20.921,corridor,Can,-0.0164,4.0539,-2.6137,0.0000,0,ChildNeutralIdle+ChildNaturalWalk,4.2051,4.1876,0.000
20.955,corridor,Deniz,0.0000,4.0196,-1.5044,0.0000,0,ChildNeutralIdle+ChildNaturalWalk,4.2807,4.3028,0.000
20.955,corridor,Can,-0.0164,4.0539,-2.6137,0.0000,0,ChildNeutralIdle+ChildNaturalWalk,4.2048,4.1874,0.000
20.988,corridor,Deniz,0.0000,4.0196,-1.5044,0.0000,0,ChildNeutralIdle+ChildNaturalWalk,4.2806,4.3029,0.000
20.988,corridor,Can,-0.0164,4.0539,-2.6137,0.0000,0,ChildNeutralIdle+ChildNaturalWalk,4.2046,4.1872,0.000
21.022,corridor,Deniz,0.0000,4.0196,-1.5044,0.0000,0,ChildNeutralIdle+ChildNaturalWalk,4.2805,4.3031,0.000
21.022,corridor,Can,-0.0164,4.0539,-2.6137,0.0000,0,ChildNeutralIdle+ChildNaturalWalk,4.2043,4.1870,0.000
21.056,corridor,Deniz,0.0000,4.0196,-1.5044,0.0000,0,ChildNeutralIdle+ChildNaturalWalk,4.2804,4.3032,0.000
21.056,corridor,Can,-0.0164,4.0539,-2.6137,0.0000,0,ChildNeutralIdle+ChildNaturalWalk,4.2040,4.1868,0.000
21.089,corridor,Deniz,0.0000,4.0196,-1.5044,0.0000,0,ChildNeutralIdle+ChildNaturalWalk,4.2804,4.3034,0.000
21.089,corridor,Can,-0.0164,4.0539,-2.6137,0.0000,0,ChildNeutralIdle+ChildNaturalWalk,4.2036,4.1866,0.000
21.121,corridor,Deniz,0.0000,4.0196,-1.5044,0.0000,0,ChildNeutralIdle+ChildNaturalWalk,4.2805,4.3036,0.000
21.121,corridor,Can,-0.0164,4.0539,-2.6137,0.0000,0,ChildNeutralIdle+ChildNaturalWalk,4.2032,4.1864,0.000
21.155,corridor,Deniz,0.0000,4.0196,-1.5044,0.0000,0,ChildNeutralIdle+ChildNaturalWalk,4.2805,4.3038,0.000
21.155,corridor,Can,-0.0164,4.0539,-2.6137,0.0000,0,ChildNeutralIdle+ChildNaturalWalk,4.2029,4.1863,0.000
21.188,corridor,Deniz,0.0000,4.0196,-1.5044,0.0000,0,ChildNeutralIdle+ChildNaturalWalk,4.2806,4.3040,0.000
21.188,corridor,Can,-0.0164,4.0539,-2.6137,0.0000,0,ChildNeutralIdle+ChildNaturalWalk,4.2025,4.1861,0.000
21.221,corridor,Deniz,0.0000,4.0196,-1.5044,0.0000,0,ChildNeutralIdle+ChildNaturalWalk,4.2807,4.3042,0.000
21.221,corridor,Can,-0.0164,4.0539,-2.6137,0.0000,0,ChildNeutralIdle+ChildNaturalWalk,4.2021,4.1859,0.000
21.255,corridor,Deniz,0.0000,4.0196,-1.5044,0.0000,0,ChildNeutralIdle+ChildNaturalWalk,4.2808,4.3043,0.000
21.255,corridor,Can,-0.0164,4.0539,-2.6137,0.0000,0,ChildNeutralIdle+ChildNaturalWalk,4.2016,4.1857,0.000
21.288,corridor,Deniz,0.0000,4.0196,-1.5044,0.0000,0,ChildNeutralIdle+ChildNaturalWalk,4.2809,4.3045,0.000
21.288,corridor,Can,-0.0164,4.0539,-2.6137,0.0000,0,ChildNeutralIdle+ChildNaturalWalk,4.2012,4.1856,0.000
21.321,corridor,Deniz,0.0000,4.0196,-1.5044,0.0000,0,ChildNeutralIdle+ChildNaturalWalk,4.2810,4.3047,0.000
21.321,corridor,Can,-0.0164,4.0539,-2.6137,0.0000,0,ChildNeutralIdle+ChildNaturalWalk,4.2008,4.1854,0.000
21.354,corridor,Deniz,0.0000,4.0196,-1.5044,0.0000,0,ChildNeutralIdle+ChildNaturalWalk,4.2811,4.3049,0.000
21.354,corridor,Can,-0.0164,4.0539,-2.6137,0.0000,0,ChildNeutralIdle+ChildNaturalWalk,4.2004,4.1853,0.000
21.388,corridor,Deniz,0.0000,4.0196,-1.5044,0.0000,0,ChildNeutralIdle+ChildNaturalWalk,4.2813,4.3050,0.000
21.388,corridor,Can,-0.0164,4.0539,-2.6137,0.0000,0,ChildNeutralIdle+ChildNaturalWalk,4.1999,4.1852,0.000
21.421,corridor,Deniz,0.0000,4.0196,-1.5044,0.0000,0,ChildNeutralIdle+ChildNaturalWalk,4.2814,4.3052,0.000
21.421,corridor,Can,-0.0164,4.0539,-2.6137,0.0000,0,ChildNeutralIdle+ChildNaturalWalk,4.1995,4.1851,0.000
21.454,corridor,Deniz,0.0000,4.0196,-1.5044,0.0000,0,ChildNeutralIdle+ChildNaturalWalk,4.2816,4.3054,0.000
21.454,corridor,Can,-0.0164,4.0539,-2.6137,0.0000,0,ChildNeutralIdle+ChildNaturalWalk,4.1991,4.1850,0.000
21.487,corridor,Deniz,0.0000,4.0196,-1.5044,0.0000,0,ChildNeutralIdle+ChildNaturalWalk,4.2817,4.3055,0.000
21.487,corridor,Can,-0.0164,4.0539,-2.6137,0.0000,0,ChildNeutralIdle+ChildNaturalWalk,4.1987,4.1849,0.000
21.521,corridor,Deniz,0.0000,4.0196,-1.5044,0.0000,0,ChildNeutralIdle+ChildNaturalWalk,4.2819,4.3056,0.000
21.521,corridor,Can,-0.0164,4.0539,-2.6137,0.0000,0,ChildNeutralIdle+ChildNaturalWalk,4.1984,4.1849,0.000
21.554,corridor,Deniz,0.0000,4.0196,-1.5044,0.0000,0,ChildNeutralIdle+ChildNaturalWalk,4.2821,4.3058,0.000
21.554,corridor,Can,-0.0164,4.0539,-2.6137,0.0000,0,ChildNeutralIdle+ChildNaturalWalk,4.1980,4.1849,0.000
21.588,corridor,Deniz,0.0000,4.0196,-1.5044,0.0000,0,ChildNeutralIdle+ChildNaturalWalk,4.2823,4.3059,0.000
21.588,corridor,Can,-0.0164,4.0539,-2.6137,0.0000,0,ChildNeutralIdle+ChildNaturalWalk,4.1977,4.1848,0.000
21.621,corridor,Deniz,0.0000,4.0196,-1.5044,0.0000,0,ChildNeutralIdle+ChildNaturalWalk,4.2825,4.3060,0.000
21.621,corridor,Can,-0.0164,4.0539,-2.6137,0.0000,0,ChildNeutralIdle+ChildNaturalWalk,4.1974,4.1849,0.000
21.655,corridor,Deniz,0.0000,4.0196,-1.5044,0.0000,0,ChildNeutralIdle+ChildNaturalWalk,4.2827,4.3061,0.000
21.655,corridor,Can,-0.0164,4.0539,-2.6137,0.0000,0,ChildNeutralIdle+ChildNaturalWalk,4.1972,4.1850,0.000
21.689,corridor,Deniz,0.0000,4.0196,-1.5044,0.0000,0,ChildNeutralIdle+ChildNaturalWalk,4.2829,4.3062,0.000
21.689,corridor,Can,-0.0164,4.0539,-2.6137,0.0000,0,ChildNeutralIdle+ChildNaturalWalk,4.1970,4.1851,0.000
21.721,corridor,Deniz,0.0000,4.0196,-1.5044,0.0000,0,ChildNeutralIdle+ChildNaturalWalk,4.2831,4.3063,0.000
21.721,corridor,Can,-0.0164,4.0539,-2.6137,0.0000,0,ChildNeutralIdle+ChildNaturalWalk,4.1969,4.1852,0.000
21.755,corridor,Deniz,0.0000,4.0196,-1.5044,0.0000,0,ChildNeutralIdle+ChildNaturalWalk,4.2833,4.3063,0.000
21.755,corridor,Can,-0.0164,4.0539,-2.6137,0.0000,0,ChildNeutralIdle+ChildNaturalWalk,4.1968,4.1854,0.000
21.788,corridor,Deniz,0.0000,4.0196,-1.5044,0.0000,0,ChildNeutralIdle+ChildNaturalWalk,4.2835,4.3064,0.000
21.788,corridor,Can,-0.0164,4.0539,-2.6137,0.0000,0,ChildNeutralIdle+ChildNaturalWalk,4.1967,4.1855,0.000
21.821,corridor,Deniz,0.0000,4.0196,-1.5044,0.0000,0,ChildNeutralIdle+ChildNaturalWalk,4.2837,4.3064,0.000
21.821,corridor,Can,-0.0164,4.0539,-2.6137,0.0000,0,ChildNeutralIdle+ChildNaturalWalk,4.1966,4.1857,0.000
21.855,corridor,Deniz,0.0000,4.0196,-1.5044,0.0000,0,ChildNeutralIdle+ChildNaturalWalk,4.2839,4.3064,0.000
21.855,corridor,Can,-0.0164,4.0539,-2.6137,0.0000,0,ChildNeutralIdle+ChildNaturalWalk,4.1966,4.1859,0.000
21.888,corridor,Deniz,0.0000,4.0196,-1.5044,0.0000,0,ChildNeutralIdle+ChildNaturalWalk,4.2841,4.3064,0.000
21.888,corridor,Can,-0.0164,4.0539,-2.6137,0.0000,0,ChildNeutralIdle+ChildNaturalWalk,4.1966,4.1860,0.000
21.922,corridor,Deniz,0.0000,4.0196,-1.5044,0.0000,0,ChildNeutralIdle+ChildNaturalWalk,4.2843,4.3064,0.000
21.922,corridor,Can,-0.0164,4.0539,-2.6137,0.0000,0,ChildNeutralIdle+ChildNaturalWalk,4.1966,4.1862,0.000
21.955,corridor,Deniz,0.0000,4.0196,-1.5044,0.0000,0,ChildNeutralIdle+ChildNaturalWalk,4.2845,4.3064,0.000
21.955,corridor,Can,-0.0164,4.0539,-2.6137,0.0000,0,ChildNeutralIdle+ChildNaturalWalk,4.1967,4.1864,0.000
21.989,corridor,Deniz,0.0000,4.0196,-1.5044,0.0000,0,ChildNeutralIdle+ChildNaturalWalk,4.2847,4.3063,0.000
21.989,corridor,Can,-0.0164,4.0539,-2.6137,0.0000,0,ChildNeutralIdle+ChildNaturalWalk,4.1967,4.1866,0.000
22.022,corridor,Deniz,0.0000,4.0196,-1.5044,0.0000,0,ChildNeutralIdle+ChildNaturalWalk,4.2849,4.3063,0.000
22.022,corridor,Can,-0.0164,4.0539,-2.6137,0.0000,0,ChildNeutralIdle+ChildNaturalWalk,4.1969,4.1869,0.000
22.055,corridor,Deniz,0.0000,4.0196,-1.5044,0.0000,0,ChildNeutralIdle+ChildNaturalWalk,4.2850,4.3062,0.000
22.055,corridor,Can,-0.0164,4.0539,-2.6137,0.0000,0,ChildNeutralIdle+ChildNaturalWalk,4.1970,4.1871,0.000
22.088,corridor,Deniz,0.0000,4.0196,-1.5044,0.0000,0,ChildNeutralIdle+ChildNaturalWalk,4.2852,4.3061,0.000
22.088,corridor,Can,-0.0164,4.0539,-2.6137,0.0000,0,ChildNeutralIdle+ChildNaturalWalk,4.1972,4.1873,0.000
22.122,corridor,Deniz,0.0000,4.0196,-1.5044,0.0000,0,ChildNeutralIdle+ChildNaturalWalk,4.2853,4.3061,0.000
22.122,corridor,Can,-0.0164,4.0539,-2.6137,0.0000,0,ChildNeutralIdle+ChildNaturalWalk,4.1974,4.1875,0.000
22.155,corridor,Deniz,0.0000,4.0196,-1.5044,0.0000,0,ChildNeutralIdle+ChildNaturalWalk,4.2854,4.3060,0.000
22.155,corridor,Can,-0.0164,4.0539,-2.6137,0.0000,0,ChildNeutralIdle+ChildNaturalWalk,4.1976,4.1877,0.000
22.189,corridor,Deniz,0.0000,4.0196,-1.5044,0.0000,0,ChildNeutralIdle+ChildNaturalWalk,4.2855,4.3059,0.000
22.189,corridor,Can,-0.0164,4.0539,-2.6137,0.0000,0,ChildNeutralIdle+ChildNaturalWalk,4.1979,4.1879,0.000
22.222,corridor,Deniz,0.0000,4.0196,-1.5044,0.0000,0,ChildNeutralIdle+ChildNaturalWalk,4.2856,4.3058,0.000
22.222,corridor,Can,-0.0164,4.0539,-2.6137,0.0000,0,ChildNeutralIdle+ChildNaturalWalk,4.1982,4.1881,0.000
22.255,corridor,Deniz,0.0000,4.0196,-1.5044,0.0000,0,ChildNeutralIdle+ChildNaturalWalk,4.2857,4.3057,0.000
22.255,corridor,Can,-0.0164,4.0539,-2.6137,0.0000,0,ChildNeutralIdle+ChildNaturalWalk,4.1985,4.1883,0.000
22.289,corridor,Deniz,0.0000,4.0196,-1.5044,0.0000,0,ChildNeutralIdle+ChildNaturalWalk,4.2857,4.3056,0.000
22.289,corridor,Can,-0.0164,4.0539,-2.6137,0.0000,0,ChildNeutralIdle+ChildNaturalWalk,4.1989,4.1885,0.000
22.322,corridor,Deniz,0.0000,4.0196,-1.5044,0.0000,0,ChildNeutralIdle+ChildNaturalWalk,4.2857,4.3054,0.000
22.322,corridor,Can,-0.0164,4.0539,-2.6137,0.0000,0,ChildNeutralIdle+ChildNaturalWalk,4.1992,4.1886,0.000
22.355,corridor,Deniz,0.0000,4.0196,-1.5044,0.0000,0,ChildNeutralIdle+ChildNaturalWalk,4.2857,4.3053,0.000
22.355,corridor,Can,-0.0164,4.0539,-2.6137,0.0000,0,ChildNeutralIdle+ChildNaturalWalk,4.1996,4.1888,0.000
22.388,corridor,Deniz,0.0000,4.0196,-1.5044,0.0000,0,ChildNeutralIdle+ChildNaturalWalk,4.2857,4.3051,0.000
22.388,corridor,Can,-0.0164,4.0539,-2.6137,0.0000,0,ChildNeutralIdle+ChildNaturalWalk,4.2000,4.1889,0.000
22.422,corridor,Deniz,0.0000,4.0196,-1.5044,0.0000,0,ChildNeutralIdle+ChildNaturalWalk,4.2856,4.3049,0.000
22.422,corridor,Can,-0.0164,4.0539,-2.6137,0.0000,0,ChildNeutralIdle+ChildNaturalWalk,4.2004,4.1891,0.000
22.455,corridor,Deniz,0.0000,4.0196,-1.5044,0.0000,0,ChildNeutralIdle+ChildNaturalWalk,4.2856,4.3047,0.000
22.455,corridor,Can,-0.0164,4.0539,-2.6137,0.0000,0,ChildNeutralIdle+ChildNaturalWalk,4.2008,4.1892,0.000
22.488,corridor,Deniz,0.0000,4.0196,-1.5044,0.0000,0,ChildNeutralIdle+ChildNaturalWalk,4.2855,4.3045,0.000
22.488,corridor,Can,-0.0164,4.0539,-2.6137,0.0000,0,ChildNeutralIdle+ChildNaturalWalk,4.2012,4.1893,0.000
22.521,corridor,Deniz,0.0000,4.0196,-1.5044,0.0000,0,ChildNeutralIdle+ChildNaturalWalk,4.2853,4.3043,0.000
22.521,corridor,Can,-0.0164,4.0539,-2.6137,0.0000,0,ChildNeutralIdle+ChildNaturalWalk,4.2016,4.1894,0.000
22.555,corridor,Deniz,0.0000,4.0196,-1.5044,0.0000,0,ChildNeutralIdle+ChildNaturalWalk,4.2852,4.3041,0.000
22.555,corridor,Can,-0.0164,4.0539,-2.6137,0.0000,0,ChildNeutralIdle+ChildNaturalWalk,4.2019,4.1895,0.000
22.588,corridor,Deniz,0.0000,4.0196,-1.5044,0.0000,0,ChildNeutralIdle+ChildNaturalWalk,4.2851,4.3039,0.000
22.588,corridor,Can,-0.0164,4.0539,-2.6137,0.0000,0,ChildNeutralIdle+ChildNaturalWalk,4.2023,4.1896,0.000
22.622,corridor,Deniz,0.0000,4.0196,-1.5044,0.0000,0,ChildNeutralIdle+ChildNaturalWalk,4.2849,4.3037,0.000
22.622,corridor,Can,-0.0164,4.0539,-2.6137,0.0000,0,ChildNeutralIdle+ChildNaturalWalk,4.2027,4.1896,0.000
22.655,corridor,Deniz,0.0000,4.0196,-1.5044,0.0000,0,ChildNeutralIdle+ChildNaturalWalk,4.2848,4.3035,0.000
22.655,corridor,Can,-0.0164,4.0539,-2.6137,0.0000,0,ChildNeutralIdle+ChildNaturalWalk,4.2031,4.1897,0.000
22.688,corridor,Deniz,0.0000,4.0196,-1.5044,0.0000,0,ChildNeutralIdle+ChildNaturalWalk,4.2846,4.3033,0.000
22.688,corridor,Can,-0.0164,4.0539,-2.6137,0.0000,0,ChildNeutralIdle+ChildNaturalWalk,4.2034,4.1897,0.000
22.721,corridor,Deniz,0.0000,4.0196,-1.5044,0.0000,0,ChildNeutralIdle+ChildNaturalWalk,4.2844,4.3031,0.000
22.721,corridor,Can,-0.0164,4.0539,-2.6137,0.0000,0,ChildNeutralIdle+ChildNaturalWalk,4.2038,4.1897,0.000
22.755,corridor,Deniz,0.0000,4.0196,-1.5044,0.0000,0,ChildNeutralIdle+ChildNaturalWalk,4.2842,4.3029,0.000
22.755,corridor,Can,-0.0164,4.0539,-2.6137,0.0000,0,ChildNeutralIdle+ChildNaturalWalk,4.2041,4.1897,0.000
22.788,corridor,Deniz,0.0000,4.0196,-1.5044,0.0000,0,ChildNeutralIdle+ChildNaturalWalk,4.2840,4.3028,0.000
22.788,corridor,Can,-0.0164,4.0539,-2.6137,0.0000,0,ChildNeutralIdle+ChildNaturalWalk,4.2044,4.1897,0.000
22.822,corridor,Deniz,0.0000,4.0196,-1.5044,0.0000,0,ChildNeutralIdle+ChildNaturalWalk,4.2838,4.3026,0.000
22.822,corridor,Can,-0.0164,4.0539,-2.6137,0.0000,0,ChildNeutralIdle+ChildNaturalWalk,4.2046,4.1896,0.000
22.854,corridor,Deniz,0.0000,4.0196,-1.5044,0.0000,0,ChildNeutralIdle+ChildNaturalWalk,4.2836,4.3025,0.000
22.854,corridor,Can,-0.0164,4.0539,-2.6137,0.0000,0,ChildNeutralIdle+ChildNaturalWalk,4.2049,4.1896,0.000
22.888,corridor,Deniz,0.0000,4.0196,-1.5044,0.0000,0,ChildNeutralIdle+ChildNaturalWalk,4.2834,4.3023,0.000
22.888,corridor,Can,-0.0164,4.0539,-2.6137,0.0000,0,ChildNeutralIdle+ChildNaturalWalk,4.2051,4.1895,0.000
22.922,corridor,Deniz,0.0000,4.0196,-1.5044,0.0000,0,ChildNeutralIdle+ChildNaturalWalk,4.2832,4.3022,0.000
22.922,corridor,Can,-0.0164,4.0539,-2.6137,0.0000,0,ChildNeutralIdle+ChildNaturalWalk,4.2052,4.1894,0.000
22.955,corridor,Deniz,0.0000,4.0196,-1.5044,0.0000,0,ChildNeutralIdle+ChildNaturalWalk,4.2830,4.3021,0.000
22.955,corridor,Can,-0.0164,4.0539,-2.6137,0.0000,0,ChildNeutralIdle+ChildNaturalWalk,4.2053,4.1893,0.000
22.988,corridor,Deniz,0.0000,4.0196,-1.5044,0.0000,0,ChildNeutralIdle+ChildNaturalWalk,4.2828,4.3021,0.000
22.988,corridor,Can,-0.0164,4.0539,-2.6137,0.0000,0,ChildNeutralIdle+ChildNaturalWalk,4.2054,4.1891,0.000
23.022,corridor,Deniz,0.0000,4.0196,-1.5044,0.0000,0,ChildNeutralIdle+ChildNaturalWalk,4.2826,4.3020,0.000
23.022,corridor,Can,-0.0164,4.0539,-2.6137,0.0000,0,ChildNeutralIdle+ChildNaturalWalk,4.2055,4.1890,0.000
23.056,corridor,Deniz,0.0000,4.0196,-1.5044,0.0000,0,ChildNeutralIdle+ChildNaturalWalk,4.2825,4.3020,0.000
23.056,corridor,Can,-0.0164,4.0539,-2.6137,0.0000,0,ChildNeutralIdle+ChildNaturalWalk,4.2055,4.1888,0.000
23.089,corridor,Deniz,0.0000,4.0196,-1.5044,0.0000,0,ChildNeutralIdle+ChildNaturalWalk,4.2823,4.3019,0.000
23.089,corridor,Can,-0.0164,4.0539,-2.6137,0.0000,0,ChildNeutralIdle+ChildNaturalWalk,4.2055,4.1886,0.000
23.123,corridor,Deniz,0.0000,4.0196,-1.5044,0.0000,0,ChildNeutralIdle+ChildNaturalWalk,4.2821,4.3019,0.000
23.123,corridor,Can,-0.0164,4.0539,-2.6137,0.0000,0,ChildNeutralIdle+ChildNaturalWalk,4.2055,4.1885,0.000
23.155,corridor,Deniz,0.0000,4.0196,-1.5044,0.0000,0,ChildNeutralIdle+ChildNaturalWalk,4.2819,4.3019,0.000
23.155,corridor,Can,-0.0164,4.0539,-2.6137,0.0000,0,ChildNeutralIdle+ChildNaturalWalk,4.2054,4.1883,0.000
23.188,corridor,Deniz,0.0000,4.0196,-1.5044,0.0000,0,ChildNeutralIdle+ChildNaturalWalk,4.2818,4.3019,0.000
23.188,corridor,Can,-0.0164,4.0539,-2.6137,0.0000,0,ChildNeutralIdle+ChildNaturalWalk,4.2053,4.1881,0.000
23.222,corridor,Deniz,0.0000,4.0196,-1.5044,0.0000,0,ChildNeutralIdle+ChildNaturalWalk,4.2816,4.3019,0.000
23.222,corridor,Can,-0.0164,4.0539,-2.6137,0.0000,0,ChildNeutralIdle+ChildNaturalWalk,4.2052,4.1879,0.000
23.256,corridor,Deniz,0.0000,4.0196,-1.5044,0.0000,0,ChildNeutralIdle+ChildNaturalWalk,4.2815,4.3020,0.000
23.256,corridor,Can,-0.0164,4.0539,-2.6137,0.0000,0,ChildNeutralIdle+ChildNaturalWalk,4.2051,4.1877,0.000
23.288,corridor,Deniz,0.0000,4.0196,-1.5044,0.0000,0,ChildNeutralIdle+ChildNaturalWalk,4.2814,4.3020,0.000
23.288,corridor,Can,-0.0164,4.0539,-2.6137,0.0000,0,ChildNeutralIdle+ChildNaturalWalk,4.2049,4.1875,0.000
23.322,corridor,Deniz,0.0000,4.0196,-1.5044,0.0000,0,ChildNeutralIdle+ChildNaturalWalk,4.2813,4.3021,0.000
23.322,corridor,Can,-0.0164,4.0539,-2.6137,0.0000,0,ChildNeutralIdle+ChildNaturalWalk,4.2047,4.1873,0.000
23.355,corridor,Deniz,0.0000,4.0196,-1.5044,0.0000,0,ChildNeutralIdle+ChildNaturalWalk,4.2812,4.3022,0.000
23.355,corridor,Can,-0.0164,4.0539,-2.6137,0.0000,0,ChildNeutralIdle+ChildNaturalWalk,4.2045,4.1870,0.000
23.389,corridor,Deniz,0.0000,4.0196,-1.5044,0.0000,0,ChildNeutralIdle+ChildNaturalWalk,4.2811,4.3023,0.000
23.389,corridor,Can,-0.0164,4.0539,-2.6137,0.0000,0,ChildNeutralIdle+ChildNaturalWalk,4.2043,4.1868,0.000
23.422,corridor,Deniz,0.0000,4.0196,-1.5044,0.0000,0,ChildNeutralIdle+ChildNaturalWalk,4.2810,4.3024,0.000
23.422,corridor,Can,-0.0164,4.0539,-2.6137,0.0000,0,ChildNeutralIdle+ChildNaturalWalk,4.2040,4.1866,0.000
23.455,corridor,Deniz,0.0000,4.0196,-1.5044,0.0000,0,ChildNeutralIdle+ChildNaturalWalk,4.2809,4.3026,0.000
23.455,corridor,Can,-0.0164,4.0539,-2.6137,0.0000,0,ChildNeutralIdle+ChildNaturalWalk,4.2037,4.1864,0.000
23.488,corridor,Deniz,0.0000,4.0196,-1.5044,0.0000,0,ChildNeutralIdle+ChildNaturalWalk,4.2809,4.3028,0.000
23.488,corridor,Can,-0.0164,4.0539,-2.6137,0.0000,0,ChildNeutralIdle+ChildNaturalWalk,4.2034,4.1862,0.000
23.522,corridor,Deniz,0.0000,4.0196,-1.5044,0.0000,0,ChildNeutralIdle+ChildNaturalWalk,4.2809,4.3030,0.000
23.522,corridor,Can,-0.0164,4.0539,-2.6137,0.0000,0,ChildNeutralIdle+ChildNaturalWalk,4.2031,4.1860,0.000
23.555,corridor,Deniz,0.0000,4.0196,-1.5044,0.0000,0,ChildNeutralIdle+ChildNaturalWalk,4.2809,4.3032,0.000
23.555,corridor,Can,-0.0164,4.0539,-2.6137,0.0000,0,ChildNeutralIdle+ChildNaturalWalk,4.2027,4.1858,0.000
23.588,corridor,Deniz,0.0000,4.0196,-1.5044,0.0000,0,ChildNeutralIdle+ChildNaturalWalk,4.2809,4.3034,0.000
23.588,corridor,Can,-0.0164,4.0539,-2.6137,0.0000,0,ChildNeutralIdle+ChildNaturalWalk,4.2024,4.1856,0.000
23.622,corridor,Deniz,0.0000,4.0196,-1.5044,0.0000,0,ChildNeutralIdle+ChildNaturalWalk,4.2809,4.3037,0.000
23.622,corridor,Can,-0.0164,4.0539,-2.6137,0.0000,0,ChildNeutralIdle+ChildNaturalWalk,4.2020,4.1855,0.000
23.655,corridor,Deniz,0.0000,4.0196,-1.5044,0.0000,0,ChildNeutralIdle+ChildNaturalWalk,4.2809,4.3039,0.000
23.655,corridor,Can,-0.0164,4.0539,-2.6137,0.0000,0,ChildNeutralIdle+ChildNaturalWalk,4.2016,4.1853,0.000
23.688,corridor,Deniz,0.0000,4.0196,-1.5044,0.0000,0,ChildNeutralIdle+ChildNaturalWalk,4.2810,4.3042,0.000
23.688,corridor,Can,-0.0164,4.0539,-2.6137,0.0000,0,ChildNeutralIdle+ChildNaturalWalk,4.2012,4.1851,0.000
23.722,corridor,Deniz,0.0000,4.0196,-1.5044,0.0000,0,ChildNeutralIdle+ChildNaturalWalk,4.2811,4.3045,0.000
23.722,corridor,Can,-0.0164,4.0539,-2.6137,0.0000,0,ChildNeutralIdle+ChildNaturalWalk,4.2008,4.1850,0.000
23.755,corridor,Deniz,0.0000,4.0196,-1.5044,0.0000,0,ChildNeutralIdle+ChildNaturalWalk,4.2812,4.3047,0.000
23.755,corridor,Can,-0.0164,4.0539,-2.6137,0.0000,0,ChildNeutralIdle+ChildNaturalWalk,4.2004,4.1848,0.000
23.789,corridor,Deniz,0.0000,4.0196,-1.5044,0.0000,0,ChildNeutralIdle+ChildNaturalWalk,4.2813,4.3049,0.000
23.789,corridor,Can,-0.0164,4.0539,-2.6137,0.0000,0,ChildNeutralIdle+ChildNaturalWalk,4.2000,4.1847,0.000
23.822,corridor,Deniz,0.0000,4.0196,-1.5044,0.0000,0,ChildNeutralIdle+ChildNaturalWalk,4.2815,4.3051,0.000
23.822,corridor,Can,-0.0164,4.0539,-2.6137,0.0000,0,ChildNeutralIdle+ChildNaturalWalk,4.1996,4.1846,0.000
23.855,corridor,Deniz,0.0000,4.0196,-1.5044,0.0000,0,ChildNeutralIdle+ChildNaturalWalk,4.2816,4.3053,0.000
23.855,corridor,Can,-0.0164,4.0539,-2.6137,0.0000,0,ChildNeutralIdle+ChildNaturalWalk,4.1993,4.1845,0.000
23.895,corridor,Deniz,0.0000,4.0196,-1.5044,0.0000,0,ChildNeutralIdle+ChildNaturalWalk,4.2818,4.3055,0.000
23.895,corridor,Can,-0.0164,4.0539,-2.6137,0.0000,0,ChildNeutralIdle+ChildNaturalWalk,4.1989,4.1845,0.000
23.928,corridor,Deniz,0.0000,4.0196,-1.5044,0.0000,0,ChildNeutralIdle+ChildNaturalWalk,4.2820,4.3056,0.000
23.928,corridor,Can,-0.0164,4.0539,-2.6137,0.0000,0,ChildNeutralIdle+ChildNaturalWalk,4.1986,4.1844,0.000
23.962,corridor,Deniz,0.0000,4.0196,-1.5044,0.0000,0,ChildNeutralIdle+ChildNaturalWalk,4.2821,4.3058,0.000
23.962,corridor,Can,-0.0164,4.0539,-2.6137,0.0000,0,ChildNeutralIdle+ChildNaturalWalk,4.1983,4.1844,0.000
23.994,corridor,Deniz,0.0000,4.0196,-1.5044,0.0000,0,ChildNeutralIdle+ChildNaturalWalk,4.2823,4.3059,0.000
23.994,corridor,Can,-0.0164,4.0539,-2.6137,0.0000,0,ChildNeutralIdle+ChildNaturalWalk,4.1980,4.1844,0.000
24.028,corridor,Deniz,0.0000,4.0196,-1.5044,0.0000,0,ChildNeutralIdle+ChildNaturalWalk,4.2825,4.3060,0.000
24.028,corridor,Can,-0.0164,4.0539,-2.6137,0.0000,0,ChildNeutralIdle+ChildNaturalWalk,4.1977,4.1844,0.000
24.061,corridor,Deniz,0.0000,4.0196,-1.5044,0.0000,0,ChildNeutralIdle+ChildNaturalWalk,4.2827,4.3061,0.000
24.061,corridor,Can,-0.0164,4.0539,-2.6137,0.0000,0,ChildNeutralIdle+ChildNaturalWalk,4.1975,4.1845,0.000
24.094,corridor,Deniz,0.0000,4.0196,-1.5044,0.0000,0,ChildNeutralIdle+ChildNaturalWalk,4.2829,4.3062,0.000
24.094,corridor,Can,-0.0164,4.0539,-2.6137,0.0000,0,ChildNeutralIdle+ChildNaturalWalk,4.1972,4.1846,0.000
24.128,corridor,Deniz,0.0000,4.0196,-1.5044,0.0000,0,ChildNeutralIdle+ChildNaturalWalk,4.2830,4.3063,0.000
24.128,corridor,Can,-0.0164,4.0539,-2.6137,0.0000,0,ChildNeutralIdle+ChildNaturalWalk,4.1971,4.1847,0.000
24.162,corridor,Deniz,0.0000,4.0196,-1.5044,0.0000,0,ChildNeutralIdle+ChildNaturalWalk,4.2832,4.3063,0.000
24.162,corridor,Can,-0.0164,4.0539,-2.6137,0.0000,0,ChildNeutralIdle+ChildNaturalWalk,4.1969,4.1848,0.000
24.194,corridor,Deniz,0.0000,4.0196,-1.5044,0.0000,0,ChildNeutralIdle+ChildNaturalWalk,4.2834,4.3064,0.000
24.194,corridor,Can,-0.0164,4.0539,-2.6137,0.0000,0,ChildNeutralIdle+ChildNaturalWalk,4.1968,4.1849,0.000
24.228,corridor,Deniz,0.0000,4.0196,-1.5044,0.0000,0,ChildNeutralIdle+ChildNaturalWalk,4.2836,4.3064,0.000
24.228,corridor,Can,-0.0164,4.0539,-2.6137,0.0000,0,ChildNeutralIdle+ChildNaturalWalk,4.1967,4.1851,0.000
24.261,corridor,Deniz,0.0000,4.0196,-1.5044,0.0000,0,ChildNeutralIdle+ChildNaturalWalk,4.2838,4.3064,0.000
24.261,corridor,Can,-0.0164,4.0539,-2.6137,0.0000,0,ChildNeutralIdle+ChildNaturalWalk,4.1966,4.1853,0.000
24.296,corridor,Deniz,0.0000,4.0196,-1.5044,0.0000,0,ChildNeutralIdle,4.2840,4.3065,0.000
24.296,corridor,Can,-0.0164,4.0539,-2.6137,0.0000,0,ChildNeutralIdle+ChildNaturalWalk,4.1966,4.1855,0.000
24.328,corridor,Deniz,0.0000,4.0196,-1.5044,0.0000,0,ChildNeutralIdle,4.2842,4.3065,0.000
24.328,corridor,Can,-0.0164,4.0539,-2.6137,0.0000,0,ChildNeutralIdle,4.1966,4.1857,0.000
24.361,corridor,Deniz,0.0000,4.0196,-1.5044,0.0000,0,ChildNeutralIdle,4.2843,4.3064,0.000
24.361,corridor,Can,-0.0164,4.0539,-2.6137,0.0000,0,ChildNeutralIdle,4.1966,4.1859,0.000
24.395,corridor,Deniz,0.0000,4.0196,-1.5044,0.0000,0,ChildNeutralIdle,4.2845,4.3064,0.000
24.395,corridor,Can,-0.0164,4.0539,-2.6137,0.0000,0,ChildNeutralIdle,4.1967,4.1861,0.000
24.428,corridor,Deniz,0.0000,4.0196,-1.5044,0.0000,0,ChildNeutralIdle,4.2847,4.3064,0.000
24.428,corridor,Can,-0.0164,4.0539,-2.6137,0.0000,0,ChildNeutralIdle,4.1968,4.1863,0.000
24.462,corridor,Deniz,0.0000,4.0196,-1.5044,0.0000,0,ChildNeutralIdle,4.2848,4.3063,0.000
24.462,corridor,Can,-0.0164,4.0539,-2.6137,0.0000,0,ChildNeutralIdle,4.1970,4.1865,0.000
24.495,corridor,Deniz,0.0000,4.0196,-1.5044,0.0000,0,ChildNeutralIdle,4.2850,4.3062,0.000
24.495,corridor,Can,-0.0164,4.0539,-2.6137,0.0000,0,ChildNeutralIdle,4.1972,4.1867,0.000
24.528,corridor,Deniz,0.0000,4.0196,-1.5044,0.0000,0,ChildNeutralIdle,4.2851,4.3061,0.000
24.528,corridor,Can,-0.0164,4.0539,-2.6137,0.0000,0,ChildNeutralIdle,4.1974,4.1869,0.000
24.561,corridor,Deniz,0.0000,4.0196,-1.5044,0.0000,0,ChildNeutralIdle,4.2852,4.3060,0.000
24.561,corridor,Can,-0.0164,4.0539,-2.6137,0.0000,0,ChildNeutralIdle,4.1976,4.1871,0.000
24.595,corridor,Deniz,0.0000,4.0196,-1.5044,0.0000,0,ChildNeutralIdle,4.2853,4.3059,0.000
24.595,corridor,Can,-0.0164,4.0539,-2.6137,0.0000,0,ChildNeutralIdle,4.1979,4.1874,0.000
24.628,corridor,Deniz,0.0000,4.0196,-1.5044,0.0000,0,ChildNeutralIdle,4.2854,4.3058,0.000
24.628,corridor,Can,-0.0164,4.0539,-2.6137,0.0000,0,ChildNeutralIdle,4.1982,4.1876,0.000
24.661,corridor,Deniz,0.0000,4.0196,-1.5044,0.0000,0,ChildNeutralIdle,4.2855,4.3056,0.000
24.661,corridor,Can,-0.0164,4.0539,-2.6137,0.0000,0,ChildNeutralIdle,4.1985,4.1877,0.000
24.695,corridor,Deniz,0.0000,4.0196,-1.5044,0.0000,0,ChildNeutralIdle,4.2856,4.3055,0.000
24.695,corridor,Can,-0.0164,4.0539,-2.6137,0.0000,0,ChildNeutralIdle,4.1988,4.1879,0.000
24.727,corridor,Deniz,0.0000,4.0196,-1.5044,0.0000,0,ChildNeutralIdle,4.2856,4.3053,0.000
24.727,corridor,Can,-0.0164,4.0539,-2.6137,0.0000,0,ChildNeutralIdle,4.1992,4.1881,0.000
24.762,corridor,Deniz,0.0000,4.0196,-1.5044,0.0000,0,ChildNeutralIdle,4.2856,4.3051,0.000
24.762,corridor,Can,-0.0164,4.0539,-2.6137,0.0000,0,ChildNeutralIdle,4.1995,4.1883,0.000
24.794,corridor,Deniz,0.0000,4.0196,-1.5044,0.0000,0,ChildNeutralIdle,4.2856,4.3049,0.000
24.794,corridor,Can,-0.0164,4.0539,-2.6137,0.0000,0,ChildNeutralIdle,4.1999,4.1885,0.000
24.828,corridor,Deniz,0.0000,4.0196,-1.5044,0.0000,0,ChildNeutralIdle,4.2856,4.3047,0.000
24.828,corridor,Can,-0.0164,4.0539,-2.6137,0.0000,0,ChildNeutralIdle,4.2003,4.1886,0.000
24.861,corridor,Deniz,0.0000,4.0196,-1.5044,0.0000,0,ChildNeutralIdle,4.2855,4.3046,0.000
24.861,corridor,Can,-0.0164,4.0539,-2.6137,0.0000,0,ChildNeutralIdle,4.2007,4.1888,0.000
24.895,corridor,Deniz,0.0000,4.0196,-1.5044,0.0000,0,ChildNeutralIdle,4.2854,4.3044,0.000
24.895,corridor,Can,-0.0164,4.0539,-2.6137,0.0000,0,ChildNeutralIdle,4.2011,4.1889,0.000
24.928,corridor,Deniz,0.0000,4.0196,-1.5044,0.0000,0,ChildNeutralIdle,4.2853,4.3042,0.000
24.928,corridor,Can,-0.0164,4.0539,-2.6137,0.0000,0,ChildNeutralIdle,4.2015,4.1890,0.000
24.961,corridor,Deniz,0.0000,4.0196,-1.5044,0.0000,0,ChildNeutralIdle,4.2852,4.3041,0.000
24.961,corridor,Can,-0.0164,4.0539,-2.6137,0.0000,0,ChildNeutralIdle,4.2019,4.1891,0.000
24.995,corridor,Deniz,0.0000,4.0196,-1.5044,0.0000,0,ChildNeutralIdle,4.2850,4.3039,0.000
24.995,corridor,Can,-0.0164,4.0539,-2.6137,0.0000,0,ChildNeutralIdle,4.2023,4.1892,0.000
25.028,corridor,Deniz,0.0000,4.0196,-1.5044,0.0000,0,ChildNeutralIdle,4.2849,4.3037,0.000
25.028,corridor,Can,-0.0164,4.0539,-2.6137,0.0000,0,ChildNeutralIdle,4.2027,4.1893,0.000
25.062,corridor,Deniz,0.0000,4.0196,-1.5044,0.0000,0,ChildNeutralIdle,4.2847,4.3036,0.000
25.062,corridor,Can,-0.0164,4.0539,-2.6137,0.0000,0,ChildNeutralIdle,4.2031,4.1894,0.000
25.095,corridor,Deniz,0.0000,4.0196,-1.5044,0.0000,0,ChildNeutralIdle,4.2846,4.3034,0.000
25.095,corridor,Can,-0.0164,4.0539,-2.6137,0.0000,0,ChildNeutralIdle,4.2035,4.1895,0.000
25.129,corridor,Deniz,0.0000,4.0196,-1.5044,0.0000,0,ChildNeutralIdle,4.2844,4.3033,0.000
25.129,corridor,Can,-0.0164,4.0539,-2.6137,0.0000,0,ChildNeutralIdle,4.2039,4.1895,0.000
25.163,corridor,Deniz,0.0000,4.0196,-1.5044,0.0000,0,ChildNeutralIdle,4.2842,4.3032,0.000
25.163,corridor,Can,-0.0164,4.0539,-2.6137,0.0000,0,ChildNeutralIdle,4.2042,4.1896,0.000
25.196,corridor,Deniz,0.0000,4.0196,-1.5044,0.0000,0,ChildNeutralIdle,4.2840,4.3030,0.000
25.196,corridor,Can,-0.0164,4.0539,-2.6137,0.0000,0,ChildNeutralIdle,4.2045,4.1896,0.000
25.228,corridor,Deniz,0.0000,4.0196,-1.5044,0.0000,0,ChildNeutralIdle,4.2838,4.3029,0.000
25.228,corridor,Can,-0.0164,4.0539,-2.6137,0.0000,0,ChildNeutralIdle,4.2048,4.1896,0.000
25.262,corridor,Deniz,0.0000,4.0196,-1.5044,0.0000,0,ChildNeutralIdle,4.2835,4.3028,0.000
25.262,corridor,Can,-0.0164,4.0539,-2.6137,0.0000,0,ChildNeutralIdle,4.2051,4.1895,0.000
25.296,corridor,Deniz,0.0000,4.0196,-1.5044,0.0000,0,ChildNeutralIdle,4.2833,4.3027,0.000
25.296,corridor,Can,-0.0164,4.0539,-2.6137,0.0000,0,ChildNeutralIdle,4.2053,4.1895,0.000
25.328,corridor,Deniz,0.0000,4.0196,-1.5044,0.0000,0,ChildNeutralIdle,4.2831,4.3026,0.000
25.328,corridor,Can,-0.0164,4.0539,-2.6137,0.0000,0,ChildNeutralIdle,4.2055,4.1894,0.000
25.361,corridor,Deniz,0.0000,4.0196,-1.5044,0.0000,0,ChildNeutralIdle,4.2829,4.3026,0.000
25.361,corridor,Can,-0.0164,4.0539,-2.6137,0.0000,0,ChildNeutralIdle,4.2056,4.1893,0.000
25.394,corridor,Deniz,0.0000,4.0196,-1.5044,0.0000,0,ChildNeutralIdle,4.2827,4.3025,0.000
25.394,corridor,Can,-0.0164,4.0539,-2.6137,0.0000,0,ChildNeutralIdle,4.2057,4.1893,0.000
25.428,corridor,Deniz,0.0000,4.0196,-1.5044,0.0000,0,ChildNeutralIdle,4.2825,4.3025,0.000
25.428,corridor,Can,-0.0164,4.0539,-2.6137,0.0000,0,ChildNeutralIdle,4.2058,4.1891,0.000
25.461,corridor,Deniz,0.0000,4.0196,-1.5044,0.0000,0,ChildNeutralIdle,4.2822,4.3025,0.000
25.461,corridor,Can,-0.0164,4.0539,-2.6137,0.0000,0,ChildNeutralIdle,4.2058,4.1890,0.000
25.494,corridor,Deniz,0.0000,4.0196,-1.5044,0.0000,0,ChildNeutralIdle,4.2820,4.3024,0.000
25.494,corridor,Can,-0.0164,4.0539,-2.6137,0.0000,0,ChildNeutralIdle,4.2059,4.1889,0.000
25.528,corridor,Deniz,0.0000,4.0196,-1.5044,0.0000,0,ChildNeutralIdle,4.2818,4.3024,0.000
25.528,corridor,Can,-0.0164,4.0539,-2.6137,0.0000,0,ChildNeutralIdle,4.2059,4.1887,0.000
25.561,corridor,Deniz,0.0000,4.0196,-1.5044,0.0000,0,ChildNeutralIdle,4.2816,4.3025,0.000
25.561,corridor,Can,-0.0164,4.0539,-2.6137,0.0000,0,ChildNeutralIdle,4.2058,4.1886,0.000
25.594,corridor,Deniz,0.0000,4.0196,-1.5044,0.0000,0,ChildNeutralIdle,4.2815,4.3025,0.000
25.594,corridor,Can,-0.0164,4.0539,-2.6137,0.0000,0,ChildNeutralIdle,4.2057,4.1884,0.000
25.628,corridor,Deniz,0.0000,4.0196,-1.5044,0.0000,0,ChildNeutralIdle,4.2813,4.3025,0.000
25.628,corridor,Can,-0.0164,4.0539,-2.6137,0.0000,0,ChildNeutralIdle,4.2056,4.1882,0.000
25.661,corridor,Deniz,0.0000,4.0196,-1.5044,0.0000,0,ChildNeutralIdle,4.2811,4.3026,0.000
25.661,corridor,Can,-0.0164,4.0539,-2.6137,0.0000,0,ChildNeutralIdle,4.2055,4.1880,0.000
25.695,corridor,Deniz,0.0000,4.0196,-1.5044,0.0000,0,ChildNeutralIdle,4.2810,4.3026,0.000
25.695,corridor,Can,-0.0164,4.0539,-2.6137,0.0000,0,ChildNeutralIdle,4.2053,4.1878,0.000
25.728,corridor,Deniz,0.0000,4.0196,-1.5044,0.0000,0,ChildNeutralIdle,4.2808,4.3027,0.000
25.728,corridor,Can,-0.0164,4.0539,-2.6137,0.0000,0,ChildNeutralIdle,4.2051,4.1877,0.000
25.762,corridor,Deniz,0.0000,4.0196,-1.5044,0.0000,0,ChildNeutralIdle,4.2807,4.3028,0.000
25.762,corridor,Can,-0.0164,4.0539,-2.6137,0.0000,0,ChildNeutralIdle,4.2049,4.1875,0.000
25.795,corridor,Deniz,0.0000,4.0196,-1.5044,0.0000,0,ChildNeutralIdle,4.2806,4.3029,0.000
25.795,corridor,Can,-0.0164,4.0539,-2.6137,0.0000,0,ChildNeutralIdle,4.2046,4.1873,0.000
25.828,corridor,Deniz,0.0000,4.0196,-1.5044,0.0000,0,ChildNeutralIdle,4.2805,4.3030,0.000
25.828,corridor,Can,-0.0164,4.0539,-2.6137,0.0000,0,ChildNeutralIdle,4.2044,4.1871,0.000
25.862,corridor,Deniz,0.0000,4.0196,-1.5044,0.0000,0,ChildNeutralIdle,4.2804,4.3032,0.000
25.862,corridor,Can,-0.0164,4.0539,-2.6137,0.0000,0,ChildNeutralIdle,4.2040,4.1869,0.000
25.895,corridor,Deniz,0.0000,4.0196,-1.5044,0.0000,0,ChildNeutralIdle,4.2804,4.3034,0.000
25.895,corridor,Can,-0.0164,4.0539,-2.6137,0.0000,0,ChildNeutralIdle,4.2037,4.1867,0.000
25.928,corridor,Deniz,0.0000,4.0196,-1.5044,0.0000,0,ChildNeutralIdle,4.2805,4.3036,0.000
25.928,corridor,Can,-0.0164,4.0539,-2.6137,0.0000,0,ChildNeutralIdle,4.2033,4.1865,0.000
25.961,corridor,Deniz,0.0000,4.0196,-1.5044,0.0000,0,ChildNeutralIdle,4.2805,4.3037,0.000
25.961,corridor,Can,-0.0164,4.0539,-2.6137,0.0000,0,ChildNeutralIdle,4.2030,4.1863,0.000
25.995,corridor,Deniz,0.0000,4.0196,-1.5044,0.0000,0,ChildNeutralIdle,4.2806,4.3039,0.000
25.995,corridor,Can,-0.0164,4.0539,-2.6137,0.0000,0,ChildNeutralIdle,4.2026,4.1861,0.000
26.028,corridor,Deniz,0.0000,4.0196,-1.5044,0.0000,0,ChildNeutralIdle,4.2806,4.3041,0.000
26.028,corridor,Can,-0.0164,4.0539,-2.6137,0.0000,0,ChildNeutralIdle,4.2021,4.1859,0.000
26.061,corridor,Deniz,0.0000,4.0196,-1.5044,0.0000,0,ChildNeutralIdle,4.2807,4.3043,0.000
26.061,corridor,Can,-0.0164,4.0539,-2.6137,0.0000,0,ChildNeutralIdle,4.2017,4.1858,0.000
26.095,corridor,Deniz,0.0000,4.0196,-1.5044,0.0000,0,ChildNeutralIdle,4.2808,4.3045,0.000
26.095,corridor,Can,-0.0164,4.0539,-2.6137,0.0000,0,ChildNeutralIdle,4.2013,4.1856,0.000
26.128,corridor,Deniz,0.0000,4.0196,-1.5044,0.0000,0,ChildNeutralIdle,4.2809,4.3047,0.000
26.128,corridor,Can,-0.0164,4.0539,-2.6137,0.0000,0,ChildNeutralIdle,4.2009,4.1855,0.000
26.161,corridor,Deniz,0.0000,4.0196,-1.5044,0.0000,0,ChildNeutralIdle,4.2811,4.3048,0.000
26.161,corridor,Can,-0.0164,4.0539,-2.6137,0.0000,0,ChildNeutralIdle,4.2005,4.1853,0.000
26.195,corridor,Deniz,0.0000,4.0196,-1.5044,0.0000,0,ChildNeutralIdle,4.2812,4.3050,0.000
26.195,corridor,Can,-0.0164,4.0539,-2.6137,0.0000,0,ChildNeutralIdle,4.2000,4.1852,0.000
26.228,corridor,Deniz,0.0000,4.0196,-1.5044,0.0000,0,ChildNeutralIdle,4.2814,4.3052,0.000
26.228,corridor,Can,-0.0164,4.0539,-2.6137,0.0000,0,ChildNeutralIdle,4.1996,4.1851,0.000
26.262,corridor,Deniz,0.0000,4.0196,-1.5044,0.0000,0,ChildNeutralIdle,4.2815,4.3053,0.000
26.262,corridor,Can,-0.0164,4.0539,-2.6137,0.0000,0,ChildNeutralIdle,4.1992,4.1850,0.000
26.295,corridor,Deniz,0.0000,4.0196,-1.5044,0.0000,0,ChildNeutralIdle,4.2817,4.3055,0.000
26.295,corridor,Can,-0.0164,4.0539,-2.6137,0.0000,0,ChildNeutralIdle,4.1988,4.1849,0.000
26.328,corridor,Deniz,0.0000,4.0196,-1.5044,0.0000,0,ChildNeutralIdle,4.2819,4.3056,0.000
26.328,corridor,Can,-0.0164,4.0539,-2.6137,0.0000,0,ChildNeutralIdle,4.1985,4.1849,0.000
26.362,corridor,Deniz,0.0000,4.0196,-1.5044,0.0000,0,ChildNeutralIdle,4.2821,4.3057,0.000
26.362,corridor,Can,-0.0164,4.0539,-2.6137,0.0000,0,ChildNeutralIdle,4.1981,4.1849,0.000
26.395,corridor,Deniz,0.0000,4.0196,-1.5044,0.0000,0,ChildNeutralIdle,4.2823,4.3059,0.000
26.395,corridor,Can,-0.0164,4.0539,-2.6137,0.0000,0,ChildNeutralIdle,4.1978,4.1848,0.000
26.428,corridor,Deniz,0.0000,4.0196,-1.5044,0.0000,0,ChildNeutralIdle,4.2825,4.3060,0.000
26.428,corridor,Can,-0.0164,4.0539,-2.6137,0.0000,0,ChildNeutralIdle,4.1975,4.1849,0.000
26.462,corridor,Deniz,0.0000,4.0196,-1.5044,0.0000,0,ChildNeutralIdle,4.2827,4.3061,0.000
26.462,corridor,Can,-0.0164,4.0539,-2.6137,0.0000,0,ChildNeutralIdle,4.1973,4.1850,0.000
26.495,corridor,Deniz,0.0000,4.0196,-1.5044,0.0000,0,ChildNeutralIdle,4.2829,4.3062,0.000
26.495,corridor,Can,-0.0164,4.0539,-2.6137,0.0000,0,ChildNeutralIdle,4.1971,4.1851,0.000
26.528,corridor,Deniz,0.0000,4.0196,-1.5044,0.0000,0,ChildNeutralIdle,4.2831,4.3062,0.000
26.528,corridor,Can,-0.0164,4.0539,-2.6137,0.0000,0,ChildNeutralIdle,4.1969,4.1852,0.000
26.562,corridor,Deniz,0.0000,4.0196,-1.5044,0.0000,0,ChildNeutralIdle,4.2833,4.3063,0.000
26.562,corridor,Can,-0.0164,4.0539,-2.6137,0.0000,0,ChildNeutralIdle,4.1968,4.1853,0.000
26.595,corridor,Deniz,0.0000,4.0196,-1.5044,0.0000,0,ChildNeutralIdle,4.2835,4.3064,0.000
26.595,corridor,Can,-0.0164,4.0539,-2.6137,0.0000,0,ChildNeutralIdle,4.1967,4.1855,0.000
26.628,corridor,Deniz,0.0000,4.0196,-1.5044,0.0000,0,ChildNeutralIdle,4.2837,4.3064,0.000
26.628,corridor,Can,-0.0164,4.0539,-2.6137,0.0000,0,ChildNeutralIdle,4.1966,4.1856,0.000
26.661,corridor,Deniz,0.0000,4.0196,-1.5044,0.0000,0,ChildNeutralIdle,4.2839,4.3064,0.000
26.661,corridor,Can,-0.0164,4.0539,-2.6137,0.0000,0,ChildNeutralIdle,4.1966,4.1858,0.000
26.695,corridor,Deniz,0.0000,4.0196,-1.5044,0.0000,0,ChildNeutralIdle,4.2841,4.3064,0.000
26.695,corridor,Can,-0.0164,4.0539,-2.6137,0.0000,0,ChildNeutralIdle,4.1966,4.1860,0.000
26.728,corridor,Deniz,0.0000,4.0196,-1.5044,0.0000,0,ChildNeutralIdle,4.2843,4.3064,0.000
26.728,corridor,Can,-0.0164,4.0539,-2.6137,0.0000,0,ChildNeutralIdle,4.1966,4.1862,0.000
26.761,corridor,Deniz,0.0000,4.0196,-1.5044,0.0000,0,ChildNeutralIdle,4.2845,4.3064,0.000
26.761,corridor,Can,-0.0164,4.0539,-2.6137,0.0000,0,ChildNeutralIdle,4.1966,4.1864,0.000
26.796,corridor,Deniz,0.0000,4.0196,-1.5044,0.0000,0,ChildNeutralIdle,4.2846,4.3063,0.000
26.796,corridor,Can,-0.0164,4.0539,-2.6137,0.0000,0,ChildNeutralIdle,4.1967,4.1866,0.000
26.828,corridor,Deniz,0.0000,4.0196,-1.5044,0.0000,0,ChildNeutralIdle,4.2848,4.3063,0.000
26.828,corridor,Can,-0.0164,4.0539,-2.6137,0.0000,0,ChildNeutralIdle,4.1968,4.1868,0.000
26.861,corridor,Deniz,0.0000,4.0196,-1.5044,0.0000,0,ChildNeutralIdle,4.2850,4.3062,0.000
26.861,corridor,Can,-0.0164,4.0539,-2.6137,0.0000,0,ChildNeutralIdle,4.1970,4.1870,0.000
26.894,corridor,Deniz,0.0000,4.0196,-1.5044,0.0000,0,ChildNeutralIdle,4.2851,4.3061,0.000
26.894,corridor,Can,-0.0164,4.0539,-2.6137,0.0000,0,ChildNeutralIdle,4.1971,4.1872,0.000
26.927,corridor,Deniz,0.0000,4.0196,-1.5044,0.0000,0,ChildNeutralIdle,4.2853,4.3061,0.000
26.927,corridor,Can,-0.0164,4.0539,-2.6137,0.0000,0,ChildNeutralIdle,4.1973,4.1874,0.000
26.962,corridor,Deniz,0.0000,4.0196,-1.5044,0.0000,0,ChildNeutralIdle,4.2854,4.3060,0.000
26.962,corridor,Can,-0.0164,4.0539,-2.6137,0.0000,0,ChildNeutralIdle,4.1976,4.1876,0.000
26.994,corridor,Deniz,0.0000,4.0196,-1.5044,0.0000,0,ChildNeutralIdle,4.2855,4.3059,0.000
26.994,corridor,Can,-0.0164,4.0539,-2.6137,0.0000,0,ChildNeutralIdle,4.1978,4.1878,0.000
27.027,corridor,Deniz,0.0000,4.0196,-1.5044,0.0000,0,ChildNeutralIdle,4.2856,4.3058,0.000
27.027,corridor,Can,-0.0164,4.0539,-2.6137,0.0000,0,ChildNeutralIdle,4.1981,4.1880,0.000
27.061,corridor,Deniz,0.0000,4.0196,-1.5044,0.0000,0,ChildNeutralIdle,4.2857,4.3057,0.000
27.061,corridor,Can,-0.0164,4.0539,-2.6137,0.0000,0,ChildNeutralIdle,4.1984,4.1882,0.000
27.094,corridor,Deniz,0.0000,4.0196,-1.5044,0.0000,0,ChildNeutralIdle,4.2857,4.3056,0.000
27.094,corridor,Can,-0.0164,4.0539,-2.6137,0.0000,0,ChildNeutralIdle,4.1988,4.1884,0.000
27.128,corridor,Deniz,0.0000,4.0196,-1.5044,0.0000,0,ChildNeutralIdle,4.2857,4.3054,0.000
27.128,corridor,Can,-0.0164,4.0539,-2.6137,0.0000,0,ChildNeutralIdle,4.1991,4.1886,0.000
27.161,corridor,Deniz,0.0000,4.0196,-1.5044,0.0000,0,ChildNeutralIdle,4.2857,4.3053,0.000
27.161,corridor,Can,-0.0164,4.0539,-2.6137,0.0000,0,ChildNeutralIdle,4.1995,4.1888,0.000
27.199,corridor,Deniz,0.0000,4.0196,-1.5044,0.0000,0,ChildNeutralIdle,4.2857,4.3051,0.000
27.199,corridor,Can,-0.0164,4.0539,-2.6137,0.0000,0,ChildNeutralIdle,4.1999,4.1889,0.000
27.233,corridor,Deniz,0.0000,4.0196,-1.5044,0.0000,0,ChildNeutralIdle,4.2857,4.3049,0.000
27.233,corridor,Can,-0.0164,4.0539,-2.6137,0.0000,0,ChildNeutralIdle,4.2003,4.1891,0.000
27.266,corridor,Deniz,0.0000,4.0196,-1.5044,0.0000,0,ChildNeutralIdle,4.2856,4.3048,0.000
27.266,corridor,Can,-0.0164,4.0539,-2.6137,0.0000,0,ChildNeutralIdle,4.2007,4.1892,0.000
27.299,corridor,Deniz,0.0000,4.0196,-1.5044,0.0000,0,ChildNeutralIdle,4.2855,4.3046,0.000
27.299,corridor,Can,-0.0164,4.0539,-2.6137,0.0000,0,ChildNeutralIdle,4.2011,4.1893,0.000
27.334,corridor,Deniz,0.0000,4.0196,-1.5044,0.0000,0,ChildNeutralIdle,4.2854,4.3044,0.000
27.334,corridor,Can,-0.0164,4.0539,-2.6137,0.0000,0,ChildNeutralIdle,4.2015,4.1894,0.000
27.367,corridor,Deniz,0.0000,4.0196,-1.5044,0.0000,0,ChildNeutralIdle,4.2852,4.3042,0.000
27.367,corridor,Can,-0.0164,4.0539,-2.6137,0.0000,0,ChildNeutralIdle,4.2019,4.1895,0.000
27.401,corridor,Deniz,0.0000,4.0196,-1.5044,0.0000,0,ChildNeutralIdle,4.2851,4.3039,0.000
27.401,corridor,Can,-0.0164,4.0539,-2.6137,0.0000,0,ChildNeutralIdle,4.2022,4.1896,0.000
27.433,corridor,Deniz,0.0000,4.0196,-1.5044,0.0000,0,ChildNeutralIdle,4.2850,4.3037,0.000
27.433,corridor,Can,-0.0164,4.0539,-2.6137,0.0000,0,ChildNeutralIdle,4.2026,4.1896,0.000
27.469,corridor,Deniz,0.0000,4.0196,-1.5044,0.0000,0,ChildNeutralIdle,4.2848,4.3035,0.000
27.469,corridor,Can,-0.0164,4.0539,-2.6137,0.0000,0,ChildNeutralIdle,4.2030,4.1897,0.000
27.501,corridor,Deniz,0.0000,4.0196,-1.5044,0.0000,0,ChildNeutralIdle,4.2846,4.3033,0.000
27.501,corridor,Can,-0.0164,4.0539,-2.6137,0.0000,0,ChildNeutralIdle,4.2034,4.1897,0.000
27.533,corridor,Deniz,0.0000,4.0196,-1.5044,0.0000,0,ChildNeutralIdle,4.2844,4.3031,0.000
27.533,corridor,Can,-0.0164,4.0539,-2.6137,0.0000,0,ChildNeutralIdle,4.2037,4.1897,0.000
27.566,corridor,Deniz,0.0000,4.0196,-1.5044,0.0000,0,ChildNeutralIdle,4.2843,4.3030,0.000
27.566,corridor,Can,-0.0164,4.0539,-2.6137,0.0000,0,ChildNeutralIdle,4.2040,4.1897,0.000
27.600,corridor,Deniz,0.0000,4.0196,-1.5044,0.0000,0,ChildNeutralIdle,4.2841,4.3028,0.000
27.600,corridor,Can,-0.0164,4.0539,-2.6137,0.0000,0,ChildNeutralIdle,4.2043,4.1897,0.000
27.633,corridor,Deniz,0.0000,4.0196,-1.5044,0.0000,0,ChildNeutralIdle,4.2839,4.3026,0.000
27.633,corridor,Can,-0.0164,4.0539,-2.6137,0.0000,0,ChildNeutralIdle,4.2046,4.1896,0.000
27.666,corridor,Deniz,0.0000,4.0196,-1.5044,0.0000,0,ChildNeutralIdle,4.2837,4.3025,0.000
27.666,corridor,Can,-0.0164,4.0539,-2.6137,0.0000,0,ChildNeutralIdle,4.2048,4.1896,0.000
27.699,corridor,Deniz,0.0000,4.0196,-1.5044,0.0000,0,ChildNeutralIdle,4.2835,4.3024,0.000
27.699,corridor,Can,-0.0164,4.0539,-2.6137,0.0000,0,ChildNeutralIdle,4.2050,4.1895,0.000
27.733,corridor,Deniz,0.0000,4.0196,-1.5044,0.0000,0,ChildNeutralIdle,4.2833,4.3022,0.000
27.733,corridor,Can,-0.0164,4.0539,-2.6137,0.0000,0,ChildNeutralIdle,4.2052,4.1894,0.000
27.766,corridor,Deniz,0.0000,4.0196,-1.5044,0.0000,0,ChildNeutralIdle,4.2831,4.3022,0.000
27.766,corridor,Can,-0.0164,4.0539,-2.6137,0.0000,0,ChildNeutralIdle,4.2053,4.1893,0.000
27.799,corridor,Deniz,0.0000,4.0196,-1.5044,0.0000,0,ChildNeutralIdle,4.2829,4.3021,0.000
27.799,corridor,Can,-0.0164,4.0539,-2.6137,0.0000,0,ChildNeutralIdle,4.2054,4.1892,0.000
27.833,corridor,Deniz,0.0000,4.0196,-1.5044,0.0000,0,ChildNeutralIdle,4.2827,4.3020,0.000
27.833,corridor,Can,-0.0164,4.0539,-2.6137,0.0000,0,ChildNeutralIdle,4.2055,4.1890,0.000
27.866,corridor,Deniz,0.0000,4.0196,-1.5044,0.0000,0,ChildNeutralIdle,4.2825,4.3020,0.000
27.866,corridor,Can,-0.0164,4.0539,-2.6137,0.0000,0,ChildNeutralIdle,4.2055,4.1889,0.000
27.900,corridor,Deniz,0.0000,4.0196,-1.5044,0.0000,0,ChildNeutralIdle,4.2823,4.3020,0.000
27.900,corridor,Can,-0.0164,4.0539,-2.6137,0.0000,0,ChildNeutralIdle,4.2055,4.1887,0.000
27.933,corridor,Deniz,0.0000,4.0196,-1.5044,0.0000,0,ChildNeutralIdle,4.2821,4.3019,0.000
27.933,corridor,Can,-0.0164,4.0539,-2.6137,0.0000,0,ChildNeutralIdle,4.2055,4.1885,0.000
27.967,corridor,Deniz,0.0000,4.0196,-1.5044,0.0000,0,ChildNeutralIdle,4.2820,4.3019,0.000
27.967,corridor,Can,-0.0164,4.0539,-2.6137,0.0000,0,ChildNeutralIdle,4.2054,4.1883,0.000
27.999,corridor,Deniz,0.0000,4.0196,-1.5044,0.0000,0,ChildNeutralIdle,4.2818,4.3019,0.000
27.999,corridor,Can,-0.0164,4.0539,-2.6137,0.0000,0,ChildNeutralIdle,4.2053,4.1881,0.000
28.033,corridor,Deniz,0.0000,4.0196,-1.5044,0.0000,0,ChildNeutralIdle,4.2817,4.3019,0.000
28.033,corridor,Can,-0.0164,4.0539,-2.6137,0.0000,0,ChildNeutralIdle,4.2052,4.1879,0.000
28.066,corridor,Deniz,0.0000,4.0196,-1.5044,0.0000,0,ChildNeutralIdle,4.2815,4.3020,0.000
28.066,corridor,Can,-0.0164,4.0539,-2.6137,0.0000,0,ChildNeutralIdle,4.2051,4.1877,0.000
28.099,corridor,Deniz,0.0000,4.0196,-1.5044,0.0000,0,ChildNeutralIdle,4.2814,4.3020,0.000
28.099,corridor,Can,-0.0164,4.0539,-2.6137,0.0000,0,ChildNeutralIdle,4.2049,4.1875,0.000
28.133,corridor,Deniz,0.0000,4.0196,-1.5044,0.0000,0,ChildNeutralIdle,4.2813,4.3021,0.000
28.133,corridor,Can,-0.0164,4.0539,-2.6137,0.0000,0,ChildNeutralIdle,4.2048,4.1873,0.000
28.166,corridor,Deniz,0.0000,4.0196,-1.5044,0.0000,0,ChildNeutralIdle,4.2812,4.3022,0.000
28.166,corridor,Can,-0.0164,4.0539,-2.6137,0.0000,0,ChildNeutralIdle,4.2046,4.1871,0.000
28.199,corridor,Deniz,0.0000,4.0196,-1.5044,0.0000,0,ChildNeutralIdle,4.2811,4.3023,0.000
28.199,corridor,Can,-0.0164,4.0539,-2.6137,0.0000,0,ChildNeutralIdle,4.2043,4.1869,0.000
28.233,corridor,Deniz,0.0000,4.0196,-1.5044,0.0000,0,ChildNeutralIdle,4.2810,4.3024,0.000
28.233,corridor,Can,-0.0164,4.0539,-2.6137,0.0000,0,ChildNeutralIdle,4.2041,4.1867,0.000
28.266,corridor,Deniz,0.0000,4.0196,-1.5044,0.0000,0,ChildNeutralIdle,4.2810,4.3025,0.000
28.266,corridor,Can,-0.0164,4.0539,-2.6137,0.0000,0,ChildNeutralIdle,4.2038,4.1865,0.000
28.299,corridor,Deniz,0.0000,4.0196,-1.5044,0.0000,0,ChildNeutralIdle,4.2809,4.3027,0.000
28.299,corridor,Can,-0.0164,4.0539,-2.6137,0.0000,0,ChildNeutralIdle,4.2035,4.1863,0.000
28.333,corridor,Deniz,0.0000,4.0196,-1.5044,0.0000,0,ChildNeutralIdle,4.2809,4.3029,0.000
28.333,corridor,Can,-0.0164,4.0539,-2.6137,0.0000,0,ChildNeutralIdle,4.2032,4.1861,0.000
28.366,corridor,Deniz,0.0000,4.0196,-1.5044,0.0000,0,ChildNeutralIdle,4.2809,4.3031,0.000
28.366,corridor,Can,-0.0164,4.0539,-2.6137,0.0000,0,ChildNeutralIdle,4.2028,4.1859,0.000
28.400,corridor,Deniz,0.0000,4.0196,-1.5044,0.0000,0,ChildNeutralIdle,4.2809,4.3034,0.000
28.400,corridor,Can,-0.0164,4.0539,-2.6137,0.0000,0,ChildNeutralIdle,4.2024,4.1857,0.000
28.433,corridor,Deniz,0.0000,4.0196,-1.5044,0.0000,0,ChildNeutralIdle,4.2809,4.3036,0.000
28.433,corridor,Can,-0.0164,4.0539,-2.6137,0.0000,0,ChildNeutralIdle,4.2021,4.1855,0.000
28.466,corridor,Deniz,0.0000,4.0196,-1.5044,0.0000,0,ChildNeutralIdle,4.2809,4.3039,0.000
28.466,corridor,Can,-0.0164,4.0539,-2.6137,0.0000,0,ChildNeutralIdle,4.2017,4.1853,0.000
28.500,corridor,Deniz,0.0000,4.0196,-1.5044,0.0000,0,ChildNeutralIdle,4.2810,4.3041,0.000
28.500,corridor,Can,-0.0164,4.0539,-2.6137,0.0000,0,ChildNeutralIdle,4.2013,4.1852,0.000
28.533,corridor,Deniz,0.0000,4.0196,-1.5044,0.0000,0,ChildNeutralIdle,4.2811,4.3044,0.000
28.533,corridor,Can,-0.0164,4.0539,-2.6137,0.0000,0,ChildNeutralIdle,4.2009,4.1850,0.000
28.566,corridor,Deniz,0.0000,4.0196,-1.5044,0.0000,0,ChildNeutralIdle,4.2812,4.3046,0.000
28.566,corridor,Can,-0.0164,4.0539,-2.6137,0.0000,0,ChildNeutralIdle,4.2005,4.1849,0.000
28.600,corridor,Deniz,0.0000,4.0196,-1.5044,0.0000,0,ChildNeutralIdle,4.2813,4.3049,0.000
28.600,corridor,Can,-0.0164,4.0539,-2.6137,0.0000,0,ChildNeutralIdle,4.2001,4.1847,0.000
28.633,corridor,Deniz,0.0000,4.0196,-1.5044,0.0000,0,ChildNeutralIdle,4.2814,4.3051,0.000
28.633,corridor,Can,-0.0164,4.0539,-2.6137,0.0000,0,ChildNeutralIdle,4.1997,4.1846,0.000
28.666,corridor,Deniz,0.0000,4.0196,-1.5044,0.0000,0,ChildNeutralIdle,4.2816,4.3053,0.000
28.666,corridor,Can,-0.0164,4.0539,-2.6137,0.0000,0,ChildNeutralIdle,4.1994,4.1846,0.000
28.700,corridor,Deniz,0.0000,4.0196,-1.5044,0.0000,0,ChildNeutralIdle,4.2817,4.3054,0.000
28.700,corridor,Can,-0.0164,4.0539,-2.6137,0.0000,0,ChildNeutralIdle,4.1990,4.1845,0.000
28.733,corridor,Deniz,0.0000,4.0196,-1.5044,0.0000,0,ChildNeutralIdle,4.2819,4.3056,0.000
28.733,corridor,Can,-0.0164,4.0539,-2.6137,0.0000,0,ChildNeutralIdle,4.1987,4.1844,0.000
28.767,corridor,Deniz,0.0000,4.0196,-1.5044,0.0000,0,ChildNeutralIdle,4.2821,4.3057,0.000
28.767,corridor,Can,-0.0164,4.0539,-2.6137,0.0000,0,ChildNeutralIdle,4.1983,4.1844,0.000
28.799,corridor,Deniz,0.0000,4.0196,-1.5044,0.0000,0,ChildNeutralIdle,4.2823,4.3059,0.000
28.799,corridor,Can,-0.0164,4.0539,-2.6137,0.0000,0,ChildNeutralIdle,4.1980,4.1844,0.000
28.833,corridor,Deniz,0.0000,4.0196,-1.5044,0.0000,0,ChildNeutralIdle,4.2824,4.3060,0.000
28.833,corridor,Can,-0.0164,4.0539,-2.6137,0.0000,0,ChildNeutralIdle,4.1978,4.1844,0.000
28.867,corridor,Deniz,0.0000,4.0196,-1.5044,0.0000,0,ChildNeutralIdle,4.2826,4.3061,0.000
28.867,corridor,Can,-0.0164,4.0539,-2.6137,0.0000,0,ChildNeutralIdle,4.1975,4.1845,0.000
28.900,corridor,Deniz,0.0000,4.0196,-1.5044,0.0000,0,ChildNeutralIdle,4.2828,4.3062,0.000
28.900,corridor,Can,-0.0164,4.0539,-2.6137,0.0000,0,ChildNeutralIdle,4.1973,4.1845,0.000
28.933,corridor,Deniz,0.0000,4.0196,-1.5044,0.0000,0,ChildNeutralIdle,4.2830,4.3063,0.000
28.933,corridor,Can,-0.0164,4.0539,-2.6137,0.0000,0,ChildNeutralIdle,4.1971,4.1846,0.000
28.967,corridor,Deniz,0.0000,4.0196,-1.5044,0.0000,0,ChildNeutralIdle,4.2832,4.3063,0.000
28.967,corridor,Can,-0.0164,4.0539,-2.6137,0.0000,0,ChildNeutralIdle,4.1969,4.1848,0.000
29.000,corridor,Deniz,0.0000,4.0196,-1.5044,0.0000,0,ChildNeutralIdle,4.2834,4.3064,0.000
29.000,corridor,Can,-0.0164,4.0539,-2.6137,0.0000,0,ChildNeutralIdle,4.1968,4.1849,0.000
29.033,corridor,Deniz,0.0000,4.0196,-1.5044,0.0000,0,ChildNeutralIdle,4.2836,4.3064,0.000
29.033,corridor,Can,-0.0164,4.0539,-2.6137,0.0000,0,ChildNeutralIdle,4.1967,4.1851,0.000
29.066,corridor,Deniz,0.0000,4.0196,-1.5044,0.0000,0,ChildNeutralIdle,4.2838,4.3064,0.000
29.066,corridor,Can,-0.0164,4.0539,-2.6137,0.0000,0,ChildNeutralIdle,4.1966,4.1852,0.000
29.100,corridor,Deniz,0.0000,4.0196,-1.5044,0.0000,0,ChildNeutralIdle,4.2839,4.3065,0.000
29.100,corridor,Can,-0.0164,4.0539,-2.6137,0.0000,0,ChildNeutralIdle,4.1966,4.1854,0.000
29.133,corridor,Deniz,0.0000,4.0196,-1.5044,0.0000,0,ChildNeutralIdle,4.2841,4.3065,0.000
29.133,corridor,Can,-0.0164,4.0539,-2.6137,0.0000,0,ChildNeutralIdle,4.1966,4.1856,0.000
29.167,corridor,Deniz,0.0000,4.0196,-1.5044,0.0000,0,ChildNeutralIdle,4.2843,4.3064,0.000
29.167,corridor,Can,-0.0164,4.0539,-2.6137,0.0000,0,ChildNeutralIdle,4.1966,4.1858,0.000
29.200,corridor,Deniz,0.0000,4.0196,-1.5044,0.0000,0,ChildNeutralIdle,4.2845,4.3064,0.000
29.200,corridor,Can,-0.0164,4.0539,-2.6137,0.0000,0,ChildNeutralIdle,4.1967,4.1860,0.000
29.233,corridor,Deniz,0.0000,4.0196,-1.5044,0.0000,0,ChildNeutralIdle,4.2846,4.3064,0.000
29.233,corridor,Can,-0.0164,4.0539,-2.6137,0.0000,0,ChildNeutralIdle,4.1968,4.1863,0.000
29.266,corridor,Deniz,0.0000,4.0196,-1.5044,0.0000,0,ChildNeutralIdle,4.2848,4.3063,0.000
29.266,corridor,Can,-0.0164,4.0539,-2.6137,0.0000,0,ChildNeutralIdle,4.1969,4.1865,0.000
29.300,corridor,Deniz,0.0000,4.0196,-1.5044,0.0000,0,ChildNeutralIdle,4.2849,4.3063,0.000
29.300,corridor,Can,-0.0164,4.0539,-2.6137,0.0000,0,ChildNeutralIdle,4.1971,4.1867,0.000
29.333,corridor,Deniz,0.0000,4.0196,-1.5044,0.0000,0,ChildNeutralIdle,4.2851,4.3062,0.000
29.333,corridor,Can,-0.0164,4.0539,-2.6137,0.0000,0,ChildNeutralIdle,4.1973,4.1869,0.000
29.367,corridor,Deniz,0.0000,4.0196,-1.5044,0.0000,0,ChildNeutralIdle,4.2852,4.3061,0.000
29.367,corridor,Can,-0.0164,4.0539,-2.6137,0.0000,0,ChildNeutralIdle,4.1975,4.1871,0.000
29.400,corridor,Deniz,0.0000,4.0196,-1.5044,0.0000,0,ChildNeutralIdle,4.2853,4.3060,0.000
29.400,corridor,Can,-0.0164,4.0539,-2.6137,0.0000,0,ChildNeutralIdle,4.1978,4.1873,0.000
29.433,corridor,Deniz,0.0000,4.0196,-1.5044,0.0000,0,ChildNeutralIdle,4.2854,4.3058,0.000
29.433,corridor,Can,-0.0164,4.0539,-2.6137,0.0000,0,ChildNeutralIdle,4.1981,4.1875,0.000
29.467,corridor,Deniz,0.0000,4.0196,-1.5044,0.0000,0,ChildNeutralIdle,4.2855,4.3057,0.000
29.467,corridor,Can,-0.0164,4.0539,-2.6137,0.0000,0,ChildNeutralIdle,4.1984,4.1877,0.000
29.500,corridor,Deniz,0.0000,4.0196,-1.5044,0.0000,0,ChildNeutralIdle,4.2855,4.3055,0.000
29.500,corridor,Can,-0.0164,4.0539,-2.6137,0.0000,0,ChildNeutralIdle,4.1987,4.1879,0.000
29.535,corridor,Deniz,0.0000,4.0196,-1.5044,0.0000,0,ChildNeutralIdle,4.2856,4.3053,0.000
29.535,corridor,Can,-0.0164,4.0539,-2.6137,0.0000,0,ChildNeutralIdle,4.1991,4.1881,0.000
29.568,corridor,Deniz,0.0000,4.0196,-1.5044,0.0000,0,ChildNeutralIdle,4.2856,4.3052,0.000
29.568,corridor,Can,-0.0164,4.0539,-2.6137,0.0000,0,ChildNeutralIdle,4.1995,4.1882,0.000
29.601,corridor,Deniz,0.0000,4.0196,-1.5044,0.0000,0,ChildNeutralIdle,4.2856,4.3050,0.000
29.601,corridor,Can,-0.0164,4.0539,-2.6137,0.0000,0,ChildNeutralIdle,4.1998,4.1884,0.000
29.634,corridor,Deniz,0.0000,4.0196,-1.5044,0.0000,0,ChildNeutralIdle,4.2856,4.3048,0.000
29.634,corridor,Can,-0.0164,4.0539,-2.6137,0.0000,0,ChildNeutralIdle,4.2002,4.1886,0.000
29.667,corridor,Deniz,0.0000,4.0196,-1.5044,0.0000,0,ChildNeutralIdle,4.2855,4.3046,0.000
29.667,corridor,Can,-0.0164,4.0539,-2.6137,0.0000,0,ChildNeutralIdle,4.2006,4.1887,0.000
29.702,corridor,Deniz,0.0000,4.0196,-1.5044,0.0000,0,ChildNeutralIdle,4.2854,4.3044,0.000
29.702,corridor,Can,-0.0164,4.0539,-2.6137,0.0000,0,ChildNeutralIdle,4.2010,4.1889,0.000
29.734,corridor,Deniz,0.0000,4.0196,-1.5044,0.0000,0,ChildNeutralIdle,4.2853,4.3043,0.000
29.734,corridor,Can,-0.0164,4.0539,-2.6137,0.0000,0,ChildNeutralIdle,4.2014,4.1890,0.000
29.770,neighbor_layout,Deniz,0.0000,-0.0088,19.5500,0.0000,0,ChildNeutralIdle,0.2568,0.2757,0.000
29.770,neighbor_layout,Can,-0.5500,0.0194,19.1000,0.0000,0,ChildNeutralIdle,0.1673,0.1546,0.000
29.800,neighbor_layout,Deniz,0.0000,-0.0088,19.5500,0.0000,0,ChildNeutralIdle,0.2567,0.2755,0.000
29.800,neighbor_layout,Can,-0.5500,0.0194,19.1000,0.0000,0,ChildNeutralIdle,0.1677,0.1547,0.000
29.833,neighbor_layout,Deniz,0.0000,-0.0088,19.5500,0.0000,0,ChildNeutralIdle,0.2565,0.2754,0.000
29.833,neighbor_layout,Can,-0.5500,0.0194,19.1000,0.0000,0,ChildNeutralIdle,0.1681,0.1548,0.000
29.866,neighbor_layout,Deniz,0.0000,-0.0088,19.5500,0.0000,0,ChildNeutralIdle,0.2564,0.2752,0.000
29.866,neighbor_layout,Can,-0.5500,0.0194,19.1000,0.0000,0,ChildNeutralIdle,0.1685,0.1548,0.000
29.902,neighbor_layout,Deniz,0.0000,-0.0088,19.5500,0.0000,0,ChildNeutralIdle,0.2562,0.2751,0.000
29.902,neighbor_layout,Can,-0.5500,0.0194,19.1000,0.0000,0,ChildNeutralIdle,0.1688,0.1549,0.000
29.933,neighbor_layout,Deniz,0.0000,-0.0088,19.5500,0.0000,0,ChildNeutralIdle,0.2560,0.2749,0.000
29.933,neighbor_layout,Can,-0.5500,0.0194,19.1000,0.0000,0,ChildNeutralIdle,0.1692,0.1550,0.000
29.966,neighbor_layout,Deniz,0.0000,-0.0088,19.5500,0.0000,0,ChildNeutralIdle,0.2558,0.2748,0.000
29.966,neighbor_layout,Can,-0.5500,0.0194,19.1000,0.0000,0,ChildNeutralIdle,0.1696,0.1550,0.000
30.000,neighbor_layout,Deniz,0.0000,-0.0088,19.5500,0.0000,0,ChildNeutralIdle,0.2556,0.2747,0.000
30.000,neighbor_layout,Can,-0.5500,0.0194,19.1000,0.0000,0,ChildNeutralIdle,0.1699,0.1550,0.000
30.034,neighbor_layout,Deniz,0.0000,-0.0088,19.5500,0.0000,0,ChildNeutralIdle,0.2554,0.2745,0.000
30.034,neighbor_layout,Can,-0.5500,0.0194,19.1000,0.0000,0,ChildNeutralIdle,0.1702,0.1550,0.000
30.068,neighbor_layout,Deniz,0.0000,-0.0088,19.5500,0.0000,0,ChildNeutralIdle,0.2552,0.2744,0.000
30.068,neighbor_layout,Can,-0.5500,0.0194,19.1000,0.0000,0,ChildNeutralIdle,0.1704,0.1550,0.000
30.099,neighbor_layout,Deniz,0.0000,-0.0088,19.5500,0.0000,0,ChildNeutralIdle,0.2550,0.2743,0.000
30.099,neighbor_layout,Can,-0.5500,0.0194,19.1000,0.0000,0,ChildNeutralIdle,0.1707,0.1549,0.000
30.133,neighbor_layout,Deniz,0.0000,-0.0088,19.5500,0.0000,0,ChildNeutralIdle,0.2548,0.2742,0.000
30.133,neighbor_layout,Can,-0.5500,0.0194,19.1000,0.0000,0,ChildNeutralIdle,0.1709,0.1549,0.000
30.168,neighbor_layout,Deniz,0.0000,-0.0088,19.5500,0.0000,0,ChildNeutralIdle,0.2545,0.2742,0.000
30.168,neighbor_layout,Can,-0.5500,0.0194,19.1000,0.0000,0,ChildNeutralIdle,0.1710,0.1548,0.000
30.199,neighbor_layout,Deniz,0.0000,-0.0088,19.5500,0.0000,0,ChildNeutralIdle,0.2543,0.2741,0.000
30.199,neighbor_layout,Can,-0.5500,0.0194,19.1000,0.0000,0,ChildNeutralIdle,0.1711,0.1547,0.000
30.233,neighbor_layout,Deniz,0.0000,-0.0088,19.5500,0.0000,0,ChildNeutralIdle,0.2541,0.2741,0.000
30.233,neighbor_layout,Can,-0.5500,0.0194,19.1000,0.0000,0,ChildNeutralIdle,0.1712,0.1546,0.000
30.266,neighbor_layout,Deniz,0.0000,-0.0088,19.5500,0.0000,0,ChildNeutralIdle,0.2539,0.2741,0.000
30.266,neighbor_layout,Can,-0.5500,0.0194,19.1000,0.0000,0,ChildNeutralIdle,0.1713,0.1545,0.000
30.299,neighbor_layout,Deniz,0.0000,-0.0088,19.5500,0.0000,0,ChildNeutralIdle,0.2537,0.2740,0.000
30.299,neighbor_layout,Can,-0.5500,0.0194,19.1000,0.0000,0,ChildNeutralIdle,0.1713,0.1543,0.000
30.333,neighbor_layout,Deniz,0.0000,-0.0088,19.5500,0.0000,0,ChildNeutralIdle,0.2535,0.2740,0.000
30.333,neighbor_layout,Can,-0.5500,0.0194,19.1000,0.0000,0,ChildNeutralIdle,0.1713,0.1542,0.000
30.366,neighbor_layout,Deniz,0.0000,-0.0088,19.5500,0.0000,0,ChildNeutralIdle,0.2533,0.2740,0.000
30.366,neighbor_layout,Can,-0.5500,0.0194,19.1000,0.0000,0,ChildNeutralIdle,0.1713,0.1540,0.000
30.399,neighbor_layout,Deniz,0.0000,-0.0088,19.5500,0.0000,0,ChildNeutralIdle,0.2531,0.2741,0.000
30.399,neighbor_layout,Can,-0.5500,0.0194,19.1000,0.0000,0,ChildNeutralIdle,0.1712,0.1539,0.000
30.433,neighbor_layout,Deniz,0.0000,-0.0088,19.5500,0.0000,0,ChildNeutralIdle,0.2529,0.2741,0.000
30.433,neighbor_layout,Can,-0.5500,0.0194,19.1000,0.0000,0,ChildNeutralIdle,0.1711,0.1537,0.000
30.466,neighbor_layout,Deniz,0.0000,-0.0088,19.5500,0.0000,0,ChildNeutralIdle,0.2527,0.2741,0.000
30.466,neighbor_layout,Can,-0.5500,0.0194,19.1000,0.0000,0,ChildNeutralIdle,0.1710,0.1535,0.000
30.505,neighbor_layout,Deniz,0.0000,-0.0088,19.5500,0.0000,0,ChildNeutralIdle,0.2526,0.2742,0.000
30.505,neighbor_layout,Can,-0.5500,0.0194,19.1000,0.0000,0,ChildNeutralIdle,0.1708,0.1533,0.000
30.538,neighbor_layout,Deniz,0.0000,-0.0088,19.5500,0.0000,0,ChildNeutralIdle,0.2525,0.2743,0.000
30.538,neighbor_layout,Can,-0.5500,0.0194,19.1000,0.0000,0,ChildNeutralIdle,0.1706,0.1531,0.000
30.571,neighbor_layout,Deniz,0.0000,-0.0088,19.5500,0.0000,0,ChildNeutralIdle,0.2523,0.2744,0.000
30.571,neighbor_layout,Can,-0.5500,0.0194,19.1000,0.0000,0,ChildNeutralIdle,0.1704,0.1529,0.000
30.604,neighbor_layout,Deniz,0.0000,-0.0088,19.5500,0.0000,0,ChildNeutralIdle,0.2522,0.2745,0.000
30.604,neighbor_layout,Can,-0.5500,0.0194,19.1000,0.0000,0,ChildNeutralIdle,0.1701,0.1527,0.000
30.638,neighbor_layout,Deniz,0.0000,-0.0088,19.5500,0.0000,0,ChildNeutralIdle,0.2521,0.2746,0.000
30.638,neighbor_layout,Can,-0.5500,0.0194,19.1000,0.0000,0,ChildNeutralIdle,0.1699,0.1525,0.000
30.671,neighbor_layout,Deniz,0.0000,-0.0088,19.5500,0.0000,0,ChildNeutralIdle,0.2520,0.2747,0.000
30.671,neighbor_layout,Can,-0.5500,0.0194,19.1000,0.0000,0,ChildNeutralIdle,0.1696,0.1523,0.000
30.704,neighbor_layout,Deniz,0.0000,-0.0088,19.5500,0.0000,0,ChildNeutralIdle,0.2520,0.2749,0.000
30.704,neighbor_layout,Can,-0.5500,0.0194,19.1000,0.0000,0,ChildNeutralIdle,0.1692,0.1522,0.000
30.738,neighbor_layout,Deniz,0.0000,-0.0088,19.5500,0.0000,0,ChildNeutralIdle,0.2520,0.2751,0.000
30.738,neighbor_layout,Can,-0.5500,0.0194,19.1000,0.0000,0,ChildNeutralIdle,0.1689,0.1520,0.000
30.771,neighbor_layout,Deniz,0.0000,-0.0088,19.5500,0.0000,0,ChildNeutralIdle,0.2521,0.2753,0.000
30.771,neighbor_layout,Can,-0.5500,0.0194,19.1000,0.0000,0,ChildNeutralIdle,0.1685,0.1518,0.000
30.804,neighbor_layout,Deniz,0.0000,-0.0088,19.5500,0.0000,0,ChildNeutralIdle,0.2521,0.2755,0.000
30.804,neighbor_layout,Can,-0.5500,0.0194,19.1000,0.0000,0,ChildNeutralIdle,0.1681,0.1516,0.000
30.838,neighbor_layout,Deniz,0.0000,-0.0088,19.5500,0.0000,0,ChildNeutralIdle,0.2522,0.2757,0.000
30.838,neighbor_layout,Can,-0.5500,0.0194,19.1000,0.0000,0,ChildNeutralIdle,0.1677,0.1514,0.000
30.871,neighbor_layout,Deniz,0.0000,-0.0088,19.5500,0.0000,0,ChildNeutralIdle,0.2523,0.2759,0.000
30.871,neighbor_layout,Can,-0.5500,0.0194,19.1000,0.0000,0,ChildNeutralIdle,0.1673,0.1513,0.000
30.905,neighbor_layout,Deniz,0.0000,-0.0088,19.5500,0.0000,0,ChildNeutralIdle,0.2524,0.2760,0.000
30.905,neighbor_layout,Can,-0.5500,0.0194,19.1000,0.0000,0,ChildNeutralIdle,0.1668,0.1511,0.000
30.938,neighbor_layout,Deniz,0.0000,-0.0088,19.5500,0.0000,0,ChildNeutralIdle,0.2525,0.2762,0.000
30.938,neighbor_layout,Can,-0.5500,0.0194,19.1000,0.0000,0,ChildNeutralIdle,0.1664,0.1509,0.000
30.971,neighbor_layout,Deniz,0.0000,-0.0088,19.5500,0.0000,0,ChildNeutralIdle,0.2526,0.2764,0.000
30.971,neighbor_layout,Can,-0.5500,0.0194,19.1000,0.0000,0,ChildNeutralIdle,0.1660,0.1508,0.000
31.005,neighbor_layout,Deniz,0.0000,-0.0088,19.5500,0.0000,0,ChildNeutralIdle,0.2528,0.2766,0.000
31.005,neighbor_layout,Can,-0.5500,0.0194,19.1000,0.0000,0,ChildNeutralIdle,0.1656,0.1507,0.000
31.038,neighbor_layout,Deniz,0.0000,-0.0088,19.5500,0.0000,0,ChildNeutralIdle,0.2529,0.2767,0.000
31.038,neighbor_layout,Can,-0.5500,0.0194,19.1000,0.0000,0,ChildNeutralIdle,0.1652,0.1506,0.000
31.071,neighbor_layout,Deniz,0.0000,-0.0088,19.5500,0.0000,0,ChildNeutralIdle,0.2531,0.2769,0.000
31.071,neighbor_layout,Can,-0.5500,0.0194,19.1000,0.0000,0,ChildNeutralIdle,0.1648,0.1505,0.000
31.105,neighbor_layout,Deniz,0.0000,-0.0088,19.5500,0.0000,0,ChildNeutralIdle,0.2533,0.2770,0.000
31.105,neighbor_layout,Can,-0.5500,0.0194,19.1000,0.0000,0,ChildNeutralIdle,0.1644,0.1504,0.000
31.137,neighbor_layout,Deniz,0.0000,-0.0088,19.5500,0.0000,0,ChildNeutralIdle,0.2534,0.2772,0.000
31.137,neighbor_layout,Can,-0.5500,0.0194,19.1000,0.0000,0,ChildNeutralIdle,0.1640,0.1503,0.000
31.171,neighbor_layout,Deniz,0.0000,-0.0088,19.5500,0.0000,0,ChildNeutralIdle,0.2536,0.2773,0.000
31.171,neighbor_layout,Can,-0.5500,0.0194,19.1000,0.0000,0,ChildNeutralIdle,0.1636,0.1503,0.000
31.205,neighbor_layout,Deniz,0.0000,-0.0088,19.5500,0.0000,0,ChildNeutralIdle,0.2538,0.2774,0.000
31.205,neighbor_layout,Can,-0.5500,0.0194,19.1000,0.0000,0,ChildNeutralIdle,0.1633,0.1503,0.000
31.238,neighbor_layout,Deniz,0.0000,-0.0088,19.5500,0.0000,0,ChildNeutralIdle,0.2540,0.2775,0.000
31.238,neighbor_layout,Can,-0.5500,0.0194,19.1000,0.0000,0,ChildNeutralIdle,0.1630,0.1503,0.000
31.271,neighbor_layout,Deniz,0.0000,-0.0088,19.5500,0.0000,0,ChildNeutralIdle,0.2542,0.2776,0.000
31.271,neighbor_layout,Can,-0.5500,0.0194,19.1000,0.0000,0,ChildNeutralIdle,0.1627,0.1504,0.000
31.304,neighbor_layout,Deniz,0.0000,-0.0088,19.5500,0.0000,0,ChildNeutralIdle,0.2544,0.2777,0.000
31.304,neighbor_layout,Can,-0.5500,0.0194,19.1000,0.0000,0,ChildNeutralIdle,0.1626,0.1505,0.000
31.338,neighbor_layout,Deniz,0.0000,-0.0088,19.5500,0.0000,0,ChildNeutralIdle,0.2546,0.2778,0.000
31.338,neighbor_layout,Can,-0.5500,0.0194,19.1000,0.0000,0,ChildNeutralIdle,0.1624,0.1506,0.000
31.371,neighbor_layout,Deniz,0.0000,-0.0088,19.5500,0.0000,0,ChildNeutralIdle,0.2548,0.2779,0.000
31.371,neighbor_layout,Can,-0.5500,0.0194,19.1000,0.0000,0,ChildNeutralIdle,0.1623,0.1507,0.000
31.404,neighbor_layout,Deniz,0.0000,-0.0088,19.5500,0.0000,0,ChildNeutralIdle,0.2550,0.2779,0.000
31.404,neighbor_layout,Can,-0.5500,0.0194,19.1000,0.0000,0,ChildNeutralIdle,0.1622,0.1509,0.000
31.438,neighbor_layout,Deniz,0.0000,-0.0088,19.5500,0.0000,0,ChildNeutralIdle,0.2552,0.2780,0.000
31.438,neighbor_layout,Can,-0.5500,0.0194,19.1000,0.0000,0,ChildNeutralIdle,0.1621,0.1510,0.000
31.471,neighbor_layout,Deniz,0.0000,-0.0088,19.5500,0.0000,0,ChildNeutralIdle,0.2554,0.2780,0.000
31.471,neighbor_layout,Can,-0.5500,0.0194,19.1000,0.0000,0,ChildNeutralIdle,0.1620,0.1512,0.000
31.504,neighbor_layout,Deniz,0.0000,-0.0088,19.5500,0.0000,0,ChildNeutralIdle,0.2556,0.2780,0.000
31.504,neighbor_layout,Can,-0.5500,0.0194,19.1000,0.0000,0,ChildNeutralIdle,0.1620,0.1514,0.000
31.538,neighbor_layout,Deniz,0.0000,-0.0088,19.5500,0.0000,0,ChildNeutralIdle,0.2558,0.2780,0.000
31.538,neighbor_layout,Can,-0.5500,0.0194,19.1000,0.0000,0,ChildNeutralIdle,0.1620,0.1516,0.000
31.571,neighbor_layout,Deniz,0.0000,-0.0088,19.5500,0.0000,0,ChildNeutralIdle,0.2560,0.2780,0.000
31.571,neighbor_layout,Can,-0.5500,0.0194,19.1000,0.0000,0,ChildNeutralIdle,0.1621,0.1518,0.000
31.610,neighbor_layout,Deniz,0.0000,-0.0088,19.5500,0.0000,0,ChildNeutralIdle,0.2562,0.2779,0.000
31.610,neighbor_layout,Can,-0.5500,0.0194,19.1000,0.0000,0,ChildNeutralIdle,0.1621,0.1520,0.000
31.638,neighbor_layout,Deniz,0.0000,-0.0088,19.5500,0.0000,0,ChildNeutralIdle,0.2564,0.2779,0.000
31.638,neighbor_layout,Can,-0.5500,0.0194,19.1000,0.0000,0,ChildNeutralIdle,0.1622,0.1522,0.000
31.672,neighbor_layout,Deniz,0.0000,-0.0088,19.5500,0.0000,0,ChildNeutralIdle,0.2565,0.2778,0.000
31.672,neighbor_layout,Can,-0.5500,0.0194,19.1000,0.0000,0,ChildNeutralIdle,0.1624,0.1524,0.000
31.706,neighbor_layout,Deniz,0.0000,-0.0088,19.5500,0.0000,0,ChildNeutralIdle,0.2567,0.2778,0.000
31.706,neighbor_layout,Can,-0.5500,0.0194,19.1000,0.0000,0,ChildNeutralIdle,0.1625,0.1526,0.000
31.738,neighbor_layout,Deniz,0.0000,-0.0088,19.5500,0.0000,0,ChildNeutralIdle,0.2568,0.2777,0.000
31.738,neighbor_layout,Can,-0.5500,0.0194,19.1000,0.0000,0,ChildNeutralIdle,0.1627,0.1528,0.000
31.772,neighbor_layout,Deniz,0.0000,-0.0088,19.5500,0.0000,0,ChildNeutralIdle,0.2570,0.2776,0.000
31.772,neighbor_layout,Can,-0.5500,0.0194,19.1000,0.0000,0,ChildNeutralIdle,0.1630,0.1530,0.000
31.804,neighbor_layout,Deniz,0.0000,-0.0088,19.5500,0.0000,0,ChildNeutralIdle,0.2571,0.2775,0.000
31.804,neighbor_layout,Can,-0.5500,0.0194,19.1000,0.0000,0,ChildNeutralIdle,0.1632,0.1532,0.000
31.838,neighbor_layout,Deniz,0.0000,-0.0088,19.5500,0.0000,0,ChildNeutralIdle,0.2572,0.2774,0.000
31.838,neighbor_layout,Can,-0.5500,0.0194,19.1000,0.0000,0,ChildNeutralIdle,0.1635,0.1534,0.000
31.871,neighbor_layout,Deniz,0.0000,-0.0088,19.5500,0.0000,0,ChildNeutralIdle,0.2572,0.2773,0.000
31.871,neighbor_layout,Can,-0.5500,0.0194,19.1000,0.0000,0,ChildNeutralIdle,0.1638,0.1536,0.000
31.905,neighbor_layout,Deniz,0.0000,-0.0088,19.5500,0.0000,0,ChildNeutralIdle,0.2573,0.2772,0.000
31.905,neighbor_layout,Can,-0.5500,0.0194,19.1000,0.0000,0,ChildNeutralIdle,0.1641,0.1538,0.000
31.938,neighbor_layout,Deniz,0.0000,-0.0088,19.5500,0.0000,0,ChildNeutralIdle,0.2573,0.2771,0.000
31.938,neighbor_layout,Can,-0.5500,0.0194,19.1000,0.0000,0,ChildNeutralIdle,0.1645,0.1540,0.000
31.971,neighbor_layout,Deniz,0.0000,-0.0088,19.5500,0.0000,0,ChildNeutralIdle,0.2573,0.2769,0.000
31.971,neighbor_layout,Can,-0.5500,0.0194,19.1000,0.0000,0,ChildNeutralIdle,0.1648,0.1542,0.000
32.004,neighbor_layout,Deniz,0.0000,-0.0088,19.5500,0.0000,0,ChildNeutralIdle,0.2573,0.2768,0.000
32.004,neighbor_layout,Can,-0.5500,0.0194,19.1000,0.0000,0,ChildNeutralIdle,0.1652,0.1543,0.000
32.037,neighbor_layout,Deniz,0.0000,-0.0088,19.5500,0.0000,0,ChildNeutralIdle,0.2573,0.2766,0.000
32.037,neighbor_layout,Can,-0.5500,0.0194,19.1000,0.0000,0,ChildNeutralIdle,0.1656,0.1545,0.000
32.071,neighbor_layout,Deniz,0.0000,-0.0088,19.5500,0.0000,0,ChildNeutralIdle,0.2572,0.2764,0.000
32.071,neighbor_layout,Can,-0.5500,0.0194,19.1000,0.0000,0,ChildNeutralIdle,0.1660,0.1546,0.000
32.104,neighbor_layout,Deniz,0.0000,-0.0088,19.5500,0.0000,0,ChildNeutralIdle,0.2571,0.2762,0.000
32.104,neighbor_layout,Can,-0.5500,0.0194,19.1000,0.0000,0,ChildNeutralIdle,0.1664,0.1547,0.000
32.138,neighbor_layout,Deniz,0.0000,-0.0088,19.5500,0.0000,0,ChildNeutralIdle,0.2570,0.2760,0.000
32.138,neighbor_layout,Can,-0.5500,0.0194,19.1000,0.0000,0,ChildNeutralIdle,0.1668,0.1548,0.000
32.171,neighbor_layout,Deniz,0.0000,-0.0088,19.5500,0.0000,0,ChildNeutralIdle,0.2569,0.2758,0.000
32.171,neighbor_layout,Can,-0.5500,0.0194,19.1000,0.0000,0,ChildNeutralIdle,0.1672,0.1549,0.000
32.204,neighbor_layout,Deniz,0.0000,-0.0088,19.5500,0.0000,0,ChildNeutralIdle,0.2567,0.2756,0.000
32.204,neighbor_layout,Can,-0.5500,0.0194,19.1000,0.0000,0,ChildNeutralIdle,0.1676,0.1550,0.000
32.238,neighbor_layout,Deniz,0.0000,-0.0088,19.5500,0.0000,0,ChildNeutralIdle,0.2566,0.2754,0.000
32.238,neighbor_layout,Can,-0.5500,0.0194,19.1000,0.0000,0,ChildNeutralIdle,0.1680,0.1551,0.000
32.271,neighbor_layout,Deniz,0.0000,-0.0088,19.5500,0.0000,0,ChildNeutralIdle,0.2564,0.2752,0.000
32.271,neighbor_layout,Can,-0.5500,0.0194,19.1000,0.0000,0,ChildNeutralIdle,0.1684,0.1551,0.000
32.304,neighbor_layout,Deniz,0.0000,-0.0088,19.5500,0.0000,0,ChildNeutralIdle,0.2563,0.2750,0.000
32.304,neighbor_layout,Can,-0.5500,0.0194,19.1000,0.0000,0,ChildNeutralIdle,0.1687,0.1551,0.000
32.338,neighbor_layout,Deniz,0.0000,-0.0088,19.5500,0.0000,0,ChildNeutralIdle,0.2561,0.2748,0.000
32.338,neighbor_layout,Can,-0.5500,0.0194,19.1000,0.0000,0,ChildNeutralIdle,0.1691,0.1552,0.000
32.371,neighbor_layout,Deniz,0.0000,-0.0088,19.5500,0.0000,0,ChildNeutralIdle,0.2559,0.2746,0.000
32.371,neighbor_layout,Can,-0.5500,0.0194,19.1000,0.0000,0,ChildNeutralIdle,0.1694,0.1552,0.000
32.404,neighbor_layout,Deniz,0.0000,-0.0088,19.5500,0.0000,0,ChildNeutralIdle,0.2557,0.2744,0.000
32.404,neighbor_layout,Can,-0.5500,0.0194,19.1000,0.0000,0,ChildNeutralIdle,0.1697,0.1551,0.000
32.438,neighbor_layout,Deniz,0.0000,-0.0088,19.5500,0.0000,0,ChildNeutralIdle,0.2555,0.2743,0.000
32.438,neighbor_layout,Can,-0.5500,0.0194,19.1000,0.0000,0,ChildNeutralIdle,0.1700,0.1551,0.000
32.471,neighbor_layout,Deniz,0.0000,-0.0088,19.5500,0.0000,0,ChildNeutralIdle,0.2553,0.2741,0.000
32.471,neighbor_layout,Can,-0.5500,0.0194,19.1000,0.0000,0,ChildNeutralIdle,0.1702,0.1550,0.000
32.504,neighbor_layout,Deniz,0.0000,-0.0088,19.5500,0.0000,0,ChildNeutralIdle,0.2551,0.2740,0.000
32.504,neighbor_layout,Can,-0.5500,0.0194,19.1000,0.0000,0,ChildNeutralIdle,0.1704,0.1550,0.000
32.538,neighbor_layout,Deniz,0.0000,-0.0088,19.5500,0.0000,0,ChildNeutralIdle,0.2549,0.2739,0.000
32.538,neighbor_layout,Can,-0.5500,0.0194,19.1000,0.0000,0,ChildNeutralIdle,0.1706,0.1549,0.000
32.571,neighbor_layout,Deniz,0.0000,-0.0088,19.5500,0.0000,0,ChildNeutralIdle,0.2547,0.2738,0.000
32.571,neighbor_layout,Can,-0.5500,0.0194,19.1000,0.0000,0,ChildNeutralIdle,0.1707,0.1548,0.000
32.605,neighbor_layout,Deniz,0.0000,-0.0088,19.5500,0.0000,0,ChildNeutralIdle,0.2545,0.2737,0.000
32.605,neighbor_layout,Can,-0.5500,0.0194,19.1000,0.0000,0,ChildNeutralIdle,0.1708,0.1546,0.000
32.638,neighbor_layout,Deniz,0.0000,-0.0088,19.5500,0.0000,0,ChildNeutralIdle,0.2543,0.2736,0.000
32.638,neighbor_layout,Can,-0.5500,0.0194,19.1000,0.0000,0,ChildNeutralIdle,0.1709,0.1545,0.000
32.671,neighbor_layout,Deniz,0.0000,-0.0088,19.5500,0.0000,0,ChildNeutralIdle,0.2541,0.2736,0.000
32.671,neighbor_layout,Can,-0.5500,0.0194,19.1000,0.0000,0,ChildNeutralIdle,0.1709,0.1543,0.000
32.704,neighbor_layout,Deniz,0.0000,-0.0088,19.5500,0.0000,0,ChildNeutralIdle,0.2539,0.2736,0.000
32.704,neighbor_layout,Can,-0.5500,0.0194,19.1000,0.0000,0,ChildNeutralIdle,0.1709,0.1542,0.000
32.738,neighbor_layout,Deniz,0.0000,-0.0088,19.5500,0.0000,0,ChildNeutralIdle,0.2538,0.2735,0.000
32.738,neighbor_layout,Can,-0.5500,0.0194,19.1000,0.0000,0,ChildNeutralIdle,0.1709,0.1540,0.000
32.771,neighbor_layout,Deniz,0.0000,-0.0088,19.5500,0.0000,0,ChildNeutralIdle,0.2536,0.2735,0.000
32.771,neighbor_layout,Can,-0.5500,0.0194,19.1000,0.0000,0,ChildNeutralIdle,0.1709,0.1538,0.000
32.805,neighbor_layout,Deniz,0.0000,-0.0088,19.5500,0.0000,0,ChildNeutralIdle,0.2534,0.2735,0.000
32.805,neighbor_layout,Can,-0.5500,0.0194,19.1000,0.0000,0,ChildNeutralIdle,0.1708,0.1536,0.000
32.838,neighbor_layout,Deniz,0.0000,-0.0088,19.5500,0.0000,0,ChildNeutralIdle,0.2533,0.2735,0.000
32.838,neighbor_layout,Can,-0.5500,0.0194,19.1000,0.0000,0,ChildNeutralIdle,0.1707,0.1534,0.000
32.871,neighbor_layout,Deniz,0.0000,-0.0088,19.5500,0.0000,0,ChildNeutralIdle,0.2531,0.2735,0.000
32.871,neighbor_layout,Can,-0.5500,0.0194,19.1000,0.0000,0,ChildNeutralIdle,0.1706,0.1532,0.000
32.904,neighbor_layout,Deniz,0.0000,-0.0088,19.5500,0.0000,0,ChildNeutralIdle,0.2530,0.2736,0.000
32.904,neighbor_layout,Can,-0.5500,0.0194,19.1000,0.0000,0,ChildNeutralIdle,0.1704,0.1530,0.000
32.938,neighbor_layout,Deniz,0.0000,-0.0088,19.5500,0.0000,0,ChildNeutralIdle,0.2529,0.2737,0.000
32.938,neighbor_layout,Can,-0.5500,0.0194,19.1000,0.0000,0,ChildNeutralIdle,0.1702,0.1528,0.000
32.971,neighbor_layout,Deniz,0.0000,-0.0088,19.5500,0.0000,0,ChildNeutralIdle,0.2528,0.2737,0.000
32.971,neighbor_layout,Can,-0.5500,0.0194,19.1000,0.0000,0,ChildNeutralIdle,0.1700,0.1526,0.000
33.005,neighbor_layout,Deniz,0.0000,-0.0088,19.5500,0.0000,0,ChildNeutralIdle,0.2527,0.2738,0.000
33.005,neighbor_layout,Can,-0.5500,0.0194,19.1000,0.0000,0,ChildNeutralIdle,0.1698,0.1524,0.000
33.038,neighbor_layout,Deniz,0.0000,-0.0088,19.5500,0.0000,0,ChildNeutralIdle,0.2526,0.2740,0.000
33.038,neighbor_layout,Can,-0.5500,0.0194,19.1000,0.0000,0,ChildNeutralIdle,0.1696,0.1522,0.000
33.071,neighbor_layout,Deniz,0.0000,-0.0088,19.5500,0.0000,0,ChildNeutralIdle,0.2526,0.2741,0.000
33.071,neighbor_layout,Can,-0.5500,0.0194,19.1000,0.0000,0,ChildNeutralIdle,0.1693,0.1519,0.000
33.105,neighbor_layout,Deniz,0.0000,-0.0088,19.5500,0.0000,0,ChildNeutralIdle,0.2525,0.2743,0.000
33.105,neighbor_layout,Can,-0.5500,0.0194,19.1000,0.0000,0,ChildNeutralIdle,0.1690,0.1517,0.000
33.137,neighbor_layout,Deniz,0.0000,-0.0088,19.5500,0.0000,0,ChildNeutralIdle,0.2525,0.2745,0.000
33.137,neighbor_layout,Can,-0.5500,0.0194,19.1000,0.0000,0,ChildNeutralIdle,0.1687,0.1515,0.000
33.171,neighbor_layout,Deniz,0.0000,-0.0088,19.5500,0.0000,0,ChildNeutralIdle,0.2525,0.2747,0.000
33.171,neighbor_layout,Can,-0.5500,0.0194,19.1000,0.0000,0,ChildNeutralIdle,0.1683,0.1513,0.000
33.204,neighbor_layout,Deniz,0.0000,-0.0088,19.5500,0.0000,0,ChildNeutralIdle,0.2525,0.2749,0.000
33.204,neighbor_layout,Can,-0.5500,0.0194,19.1000,0.0000,0,ChildNeutralIdle,0.1680,0.1512,0.000
33.239,building_threshold,Deniz,0.0000,-0.0088,19.5500,0.0000,0,ChildNeutralIdle,0.2525,0.2751,0.000
33.239,building_threshold,Can,-0.5500,0.0194,19.1000,0.0000,0,ChildNeutralIdle,0.1676,0.1510,0.000
33.271,building_threshold,Deniz,0.0000,-0.0088,19.5500,0.0000,0,ChildNeutralIdle,0.2525,0.2754,0.000
33.271,building_threshold,Can,-0.5500,0.0194,19.1000,0.0000,0,ChildNeutralIdle,0.1672,0.1508,0.000
33.305,building_threshold,Deniz,0.0000,-0.0088,19.5500,0.0000,0,ChildNeutralIdle,0.2526,0.2757,0.000
33.305,building_threshold,Can,-0.5500,0.0194,19.1000,0.0000,0,ChildNeutralIdle,0.1668,0.1506,0.000
33.339,building_threshold,Deniz,0.0000,-0.0088,19.5500,0.0000,0,ChildNeutralIdle,0.2527,0.2759,0.000
33.339,building_threshold,Can,-0.5500,0.0194,19.1000,0.0000,0,ChildNeutralIdle,0.1664,0.1505,0.000
33.372,building_threshold,Deniz,0.0000,-0.0088,19.5500,0.0000,0,ChildNeutralIdle,0.2528,0.2762,0.000
33.372,building_threshold,Can,-0.5500,0.0194,19.1000,0.0000,0,ChildNeutralIdle,0.1660,0.1503,0.000
33.404,building_threshold,Deniz,0.0000,-0.0088,19.5500,0.0000,0,ChildNeutralIdle,0.2529,0.2764,0.000
33.404,building_threshold,Can,-0.5500,0.0194,19.1000,0.0000,0,ChildNeutralIdle,0.1656,0.1502,0.000
33.438,building_threshold,Deniz,0.0000,-0.0088,19.5500,0.0000,0,ChildNeutralIdle,0.2530,0.2766,0.000
33.438,building_threshold,Can,-0.5500,0.0194,19.1000,0.0000,0,ChildNeutralIdle,0.1653,0.1501,0.000
33.472,building_threshold,Deniz,0.0000,-0.0088,19.5500,0.0000,0,ChildNeutralIdle,0.2531,0.2768,0.000
33.472,building_threshold,Can,-0.5500,0.0194,19.1000,0.0000,0,ChildNeutralIdle,0.1649,0.1500,0.000
33.504,building_threshold,Deniz,0.0000,-0.0088,19.5500,0.0000,0,ChildNeutralIdle,0.2533,0.2770,0.000
33.504,building_threshold,Can,-0.5500,0.0194,19.1000,0.0000,0,ChildNeutralIdle,0.1645,0.1499,0.000
33.538,building_threshold,Deniz,0.0000,-0.0088,19.5500,0.0000,0,ChildNeutralIdle,0.2535,0.2772,0.000
33.538,building_threshold,Can,-0.5500,0.0194,19.1000,0.0000,0,ChildNeutralIdle,0.1642,0.1499,0.000
33.571,building_threshold,Deniz,0.0000,-0.0088,19.5500,0.0000,0,ChildNeutralIdle,0.2536,0.2773,0.000
33.571,building_threshold,Can,-0.5500,0.0194,19.1000,0.0000,0,ChildNeutralIdle,0.1639,0.1499,0.000
33.605,building_threshold,Deniz,0.0000,-0.0088,19.5500,0.0000,0,ChildNeutralIdle,0.2538,0.2774,0.000
33.605,building_threshold,Can,-0.5500,0.0194,19.1000,0.0000,0,ChildNeutralIdle,0.1635,0.1498,0.000
33.638,building_threshold,Deniz,0.0000,-0.0088,19.5500,0.0000,0,ChildNeutralIdle,0.2540,0.2776,0.000
33.638,building_threshold,Can,-0.5500,0.0194,19.1000,0.0000,0,ChildNeutralIdle,0.1633,0.1499,0.000
33.673,building_threshold,Deniz,0.0000,-0.0088,19.5500,0.0000,0,ChildNeutralIdle,0.2542,0.2777,0.000
33.673,building_threshold,Can,-0.5500,0.0194,19.1000,0.0000,0,ChildNeutralIdle,0.1630,0.1499,0.000
33.705,building_threshold,Deniz,0.0000,-0.0088,19.5500,0.0000,0,ChildNeutralIdle,0.2544,0.2778,0.000
33.705,building_threshold,Can,-0.5500,0.0194,19.1000,0.0000,0,ChildNeutralIdle,0.1628,0.1500,0.000
33.738,building_threshold,Deniz,0.0000,-0.0088,19.5500,0.0000,0,ChildNeutralIdle,0.2546,0.2779,0.000
33.738,building_threshold,Can,-0.5500,0.0194,19.1000,0.0000,0,ChildNeutralIdle,0.1626,0.1501,0.000
33.771,building_threshold,Deniz,0.0000,-0.0088,19.5500,0.0000,0,ChildNeutralIdle,0.2547,0.2779,0.000
33.771,building_threshold,Can,-0.5500,0.0194,19.1000,0.0000,0,ChildNeutralIdle,0.1624,0.1502,0.000
33.810,building_threshold,Deniz,0.0000,-0.0088,19.5500,0.0000,0,ChildNeutralIdle,0.2549,0.2780,0.000
33.810,building_threshold,Can,-0.5500,0.0194,19.1000,0.0000,0,ChildNeutralIdle,0.1623,0.1503,0.000
33.843,building_threshold,Deniz,0.0000,-0.0088,19.5500,0.0000,0,ChildNeutralIdle,0.2551,0.2780,0.000
33.843,building_threshold,Can,-0.5500,0.0194,19.1000,0.0000,0,ChildNeutralIdle,0.1622,0.1505,0.000
33.877,building_threshold,Deniz,0.0000,-0.0088,19.5500,0.0000,0,ChildNeutralIdle,0.2553,0.2780,0.000
33.877,building_threshold,Can,-0.5500,0.0194,19.1000,0.0000,0,ChildNeutralIdle,0.1621,0.1506,0.000
33.910,building_threshold,Deniz,0.0000,-0.0088,19.5500,0.0000,0,ChildNeutralIdle,0.2555,0.2780,0.000
33.910,building_threshold,Can,-0.5500,0.0194,19.1000,0.0000,0,ChildNeutralIdle,0.1620,0.1508,0.000
33.943,building_threshold,Deniz,0.0000,-0.0088,19.5500,0.0000,0,ChildNeutralIdle,0.2557,0.2781,0.000
33.943,building_threshold,Can,-0.5500,0.0194,19.1000,0.0000,0,ChildNeutralIdle,0.1620,0.1510,0.000
33.976,building_threshold,Deniz,0.0000,-0.0088,19.5500,0.0000,0,ChildNeutralIdle,0.2559,0.2780,0.000
33.976,building_threshold,Can,-0.5500,0.0194,19.1000,0.0000,0,ChildNeutralIdle,0.1621,0.1512,0.000
34.010,building_threshold,Deniz,0.0000,-0.0088,19.5500,0.0000,0,ChildNeutralIdle,0.2560,0.2780,0.000
34.010,building_threshold,Can,-0.5500,0.0194,19.1000,0.0000,0,ChildNeutralIdle,0.1621,0.1514,0.000
34.043,building_threshold,Deniz,0.0000,-0.0088,19.5500,0.0000,0,ChildNeutralIdle,0.2562,0.2780,0.000
34.043,building_threshold,Can,-0.5500,0.0194,19.1000,0.0000,0,ChildNeutralIdle,0.1622,0.1516,0.000
34.076,building_threshold,Deniz,0.0000,-0.0088,19.5500,0.0000,0,ChildNeutralIdle,0.2564,0.2779,0.000
34.076,building_threshold,Can,-0.5500,0.0194,19.1000,0.0000,0,ChildNeutralIdle,0.1623,0.1519,0.000
34.110,building_threshold,Deniz,0.0000,-0.0088,19.5500,0.0000,0,ChildNeutralIdle,0.2565,0.2779,0.000
34.110,building_threshold,Can,-0.5500,0.0194,19.1000,0.0000,0,ChildNeutralIdle,0.1625,0.1521,0.000
34.143,building_threshold,Deniz,0.0000,-0.0088,19.5500,0.0000,0,ChildNeutralIdle,0.2566,0.2778,0.000
34.143,building_threshold,Can,-0.5500,0.0194,19.1000,0.0000,0,ChildNeutralIdle,0.1627,0.1523,0.000
34.176,building_threshold,Deniz,0.0000,-0.0088,19.5500,0.0000,0,ChildNeutralIdle,0.2568,0.2777,0.000
34.176,building_threshold,Can,-0.5500,0.0194,19.1000,0.0000,0,ChildNeutralIdle,0.1629,0.1525,0.000
34.209,building_threshold,Deniz,0.0000,-0.0088,19.5500,0.0000,0,ChildNeutralIdle,0.2569,0.2776,0.000
34.209,building_threshold,Can,-0.5500,0.0194,19.1000,0.0000,0,ChildNeutralIdle,0.1632,0.1527,0.000
34.244,building_threshold,Deniz,0.0000,-0.0088,19.5500,0.0000,0,ChildNeutralIdle,0.2570,0.2775,0.000
34.244,building_threshold,Can,-0.5500,0.0194,19.1000,0.0000,0,ChildNeutralIdle,0.1635,0.1529,0.000
34.277,building_threshold,Deniz,0.0000,-0.0088,19.5500,0.0000,0,ChildNeutralIdle,0.2571,0.2773,0.000
34.277,building_threshold,Can,-0.5500,0.0194,19.1000,0.0000,0,ChildNeutralIdle,0.1638,0.1531,0.000
34.311,building_threshold,Deniz,0.0000,-0.0089,19.5600,0.3000,0,ChildNeutralIdle,0.2570,0.2770,0.000
34.311,building_threshold,Can,-0.5500,0.0194,19.1000,0.0000,0,ChildNeutralIdle,0.1641,0.1533,0.000
34.344,building_threshold,Deniz,0.0000,-0.0092,19.5800,0.6001,0,ChildNeutralIdle+ChildNaturalWalk,0.2563,0.2723,0.000
34.344,building_threshold,Can,-0.5500,0.0194,19.1000,0.0000,0,ChildNeutralIdle,0.1644,0.1535,0.000
34.378,building_threshold,Deniz,0.0000,-0.0095,19.6100,0.9001,0,ChildNeutralIdle+ChildNaturalWalk,0.2568,0.2642,0.000
34.378,building_threshold,Can,-0.5500,0.0194,19.1000,0.0000,0,ChildNeutralIdle,0.1648,0.1536,0.000
34.411,building_threshold,Deniz,0.0000,-0.0100,19.6500,1.2001,0,ChildNeutralIdle+ChildNaturalWalk,0.2603,0.2545,0.000
34.411,building_threshold,Can,-0.5500,0.0194,19.1000,0.0000,0,ChildNeutralIdle,0.1652,0.1538,0.000
34.443,building_threshold,Deniz,0.0000,-0.0106,19.7000,1.5001,0,ChildNeutralIdle+ChildNaturalWalk,0.2689,0.2458,0.000
34.443,building_threshold,Can,-0.5500,0.0194,19.1000,0.0000,0,ChildNeutralIdle,0.1656,0.1540,0.000
34.477,building_threshold,Deniz,0.0000,-0.0113,19.7583,1.7501,0,ChildNeutralIdle+ChildNaturalWalk,0.2853,0.2413,0.000
34.477,building_threshold,Can,-0.5500,0.0194,19.1000,0.0000,0,ChildNeutralIdle,0.1660,0.1541,0.000
34.510,building_threshold,Deniz,0.0000,-0.0120,19.8167,1.7501,0,ChildNeutralIdle+ChildNaturalWalk,0.3186,0.2446,0.000
34.510,building_threshold,Can,-0.5500,0.0194,19.1000,0.0000,0,ChildNeutralIdle,0.1664,0.1543,0.000
34.543,building_threshold,Deniz,0.0000,-0.0128,19.8750,1.7501,0,ChildNaturalWalk,0.3337,0.2484,0.000
34.543,building_threshold,Can,-0.5500,0.0194,19.1000,0.0000,0,ChildNeutralIdle,0.1668,0.1544,0.000
34.577,building_threshold,Deniz,0.0000,-0.0135,19.9333,1.7501,0,ChildNaturalWalk,0.3242,0.2520,0.000
34.577,building_threshold,Can,-0.5500,0.0194,19.1000,0.0000,0,ChildNeutralIdle,0.1672,0.1545,0.000
34.610,building_threshold,Deniz,0.0000,-0.0142,19.9917,1.7501,0,ChildNaturalWalk,0.3004,0.2561,0.000
34.610,building_threshold,Can,-0.5500,0.0194,19.1000,0.0000,0,ChildNeutralIdle,0.1676,0.1546,0.000
34.643,building_threshold,Deniz,0.0000,-0.0149,20.0500,1.7501,0,ChildNaturalWalk,0.2728,0.2601,0.000
34.643,building_threshold,Can,-0.5500,0.0194,19.1000,0.0000,0,ChildNeutralIdle,0.1680,0.1547,0.000
34.677,building_threshold,Deniz,0.0000,-0.0156,20.1083,1.7501,0,ChildNaturalWalk,0.2594,0.2629,0.000
34.677,building_threshold,Can,-0.5500,0.0194,19.1000,0.0000,0,ChildNeutralIdle,0.1684,0.1548,0.000
34.710,building_threshold,Deniz,0.0000,-0.0163,20.1667,1.7501,0,ChildNaturalWalk,0.2652,0.2655,0.000
34.710,building_threshold,Can,-0.5500,0.0194,19.1000,0.0000,0,ChildNeutralIdle,0.1688,0.1549,0.000
34.743,building_threshold,Deniz,0.0000,-0.0170,20.2250,1.7501,0,ChildNaturalWalk,0.2649,0.2687,0.000
34.743,building_threshold,Can,-0.5500,0.0194,19.1000,0.0000,0,ChildNeutralIdle,0.1691,0.1549,0.000
34.777,building_threshold,Deniz,0.0000,-0.0177,20.2833,1.7501,0,ChildNaturalWalk,0.2526,0.2753,0.000
34.777,building_threshold,Can,-0.5500,0.0194,19.1000,0.0000,0,ChildNeutralIdle,0.1695,0.1550,0.000
34.810,building_threshold,Deniz,0.0000,-0.0184,20.3417,1.7501,0,ChildNaturalWalk,0.2410,0.2856,0.000
34.810,building_threshold,Can,-0.5500,0.0194,19.1000,0.0000,0,ChildNeutralIdle,0.1698,0.1550,0.000
34.843,building_threshold,Deniz,0.0000,-0.0191,20.4000,1.7501,0,ChildNaturalWalk,0.2370,0.2992,0.000
34.843,building_threshold,Can,-0.5463,0.0194,19.1081,0.2667,0,ChildNeutralIdle,0.1701,0.1550,0.000
34.877,building_threshold,Deniz,0.0000,-0.0198,20.4583,1.7501,0,ChildNaturalWalk,0.2390,0.3173,0.000
34.877,building_threshold,Can,-0.5388,0.0194,19.1242,0.5333,0,ChildNeutralIdle+ChildNaturalWalk,0.1663,0.1551,0.000
34.910,building_threshold,Deniz,0.0000,-0.0198,20.5167,1.7500,0,ChildNaturalWalk,0.2418,0.3255,0.000
34.910,building_threshold,Can,-0.5350,0.0194,19.1322,0.2667,0,ChildNeutralIdle+ChildNaturalWalk,0.1615,0.1552,0.000
34.943,building_threshold,Deniz,0.0000,-0.0194,20.5750,1.7500,0,ChildNaturalWalk,0.2463,0.3189,0.000
34.943,building_threshold,Can,-0.5350,0.0194,19.1322,0.0000,0,ChildNeutralIdle+ChildNaturalWalk,0.1606,0.1552,0.000
34.977,building_threshold,Deniz,0.0000,-0.0189,20.6333,1.7500,0,ChildNaturalWalk,0.2517,0.3071,0.000
34.977,building_threshold,Can,-0.5350,0.0194,19.1322,0.0000,0,ChildNeutralIdle+ChildNaturalWalk,0.1620,0.1550,0.000
35.010,building_threshold,Deniz,0.0000,-0.0185,20.6917,1.7500,0,ChildNaturalWalk,0.2572,0.2927,0.000
35.010,building_threshold,Can,-0.5331,0.0194,19.1409,0.2667,0,ChildNeutralIdle+ChildNaturalWalk,0.1635,0.1549,0.000
35.044,building_threshold,Deniz,0.0000,-0.0180,20.7500,1.7500,0,ChildNaturalWalk,0.2632,0.2771,0.000
35.044,building_threshold,Can,-0.5293,0.0194,19.1583,0.5333,0,ChildNeutralIdle+ChildNaturalWalk,0.1618,0.1548,0.000
35.077,building_threshold,Deniz,0.0000,-0.0176,20.8083,1.7500,0,ChildNaturalWalk,0.2707,0.2655,0.000
35.077,building_threshold,Can,-0.5237,0.0194,19.1844,0.8000,0,ChildNeutralIdle+ChildNaturalWalk,0.1587,0.1550,0.000
35.110,building_threshold,Deniz,0.0000,-0.0172,20.8667,1.7500,0,ChildNaturalWalk,0.2778,0.2561,0.000
35.110,building_threshold,Can,-0.5161,0.0194,19.2191,1.0667,0,ChildNeutralIdle+ChildNaturalWalk,0.1576,0.1556,0.000
35.143,building_threshold,Deniz,0.0000,-0.0167,20.9250,1.7500,0,ChildNaturalWalk,0.2884,0.2467,0.000
35.143,building_threshold,Can,-0.5066,0.0194,19.2625,1.3334,0,ChildNeutralIdle+ChildNaturalWalk,0.1622,0.1568,0.000
35.177,building_threshold,Deniz,0.0000,-0.0163,20.9833,1.7500,0,ChildNaturalWalk,0.2962,0.2431,0.000
35.177,building_threshold,Can,-0.4917,0.0194,19.3130,1.5785,0,ChildNeutralIdle+ChildNaturalWalk,0.1764,0.1592,0.000
35.209,building_threshold,Deniz,0.0000,-0.0158,21.0417,1.7500,0,ChildNaturalWalk,0.3133,0.2428,0.000
35.209,building_threshold,Can,-0.4752,0.0194,19.3654,1.6500,0,ChildNeutralIdle+ChildNaturalWalk,0.2048,0.1633,0.000
35.244,building_threshold,Deniz,0.0000,-0.0154,21.1000,1.7500,0,ChildNaturalWalk,0.3287,0.2446,0.000
35.244,building_threshold,Can,-0.4586,0.0194,19.4179,1.6500,0,ChildNaturalWalk,0.2235,0.1687,0.000
35.277,building_threshold,Deniz,0.0000,-0.0149,21.1583,1.7500,0,ChildNaturalWalk,0.3280,0.2488,0.000
35.277,building_threshold,Can,-0.4420,0.0194,19.4703,1.6500,0,ChildNaturalWalk,0.2125,0.1704,0.000
35.310,building_threshold,Deniz,0.0000,-0.0145,21.2166,1.7500,0,ChildNaturalWalk,0.3103,0.2540,0.000
35.310,building_threshold,Can,-0.4254,0.0194,19.5227,1.6500,0,ChildNaturalWalk,0.1948,0.1718,0.000
35.343,building_threshold,Deniz,0.0000,-0.0141,21.2750,1.7500,0,ChildNaturalWalk,0.2831,0.2591,0.000
35.343,building_threshold,Can,-0.4115,0.0194,19.5760,1.6500,0,ChildNaturalWalk,0.1833,0.1719,0.000
35.377,building_threshold,Deniz,0.0000,-0.0136,21.3333,1.7500,0,ChildNaturalWalk,0.2626,0.2636,0.000
35.377,building_threshold,Can,-0.3976,0.0194,19.6292,1.6500,0,ChildNaturalWalk,0.1884,0.1704,0.000
35.414,building_threshold,Deniz,0.0000,-0.0132,21.3916,1.7500,0,ChildNaturalWalk,0.2649,0.2673,0.000
35.414,building_threshold,Can,-0.3838,0.0194,19.6824,1.6500,0,ChildNaturalWalk,0.1926,0.1697,0.000
35.444,building_threshold,Deniz,0.0000,-0.0127,21.4500,1.7500,0,ChildNaturalWalk,0.2719,0.2708,0.000
35.444,building_threshold,Can,-0.3699,0.0194,19.7356,1.6500,0,ChildNaturalWalk,0.1884,0.1721,0.000
35.476,building_threshold,Deniz,0.0000,-0.0123,21.5083,1.7500,0,ChildNaturalWalk,0.2630,0.2776,0.000
35.476,building_threshold,Can,-0.3561,0.0194,19.7889,1.6500,0,ChildNaturalWalk,0.1777,0.1799,0.000
35.510,building_threshold,Deniz,0.0000,-0.0119,21.5666,1.7500,0,ChildNaturalWalk,0.2504,0.2880,0.000
35.510,building_threshold,Can,-0.3445,0.0194,19.8424,1.6434,0,ChildNaturalWalk,0.1692,0.1907,0.000
35.543,building_threshold,Deniz,0.0000,-0.0114,21.6250,1.7500,0,ChildNaturalWalk,0.2444,0.3008,0.000
35.543,building_threshold,Can,-0.3331,0.0194,19.8959,1.6423,0,ChildNaturalWalk,0.1662,0.2061,0.000
35.576,building_threshold,Deniz,0.0000,-0.0110,21.6833,1.7500,0,ChildNaturalWalk,0.2467,0.3193,0.000
35.576,building_threshold,Can,-0.3216,0.0194,19.9494,1.6410,0,ChildNaturalWalk,0.1664,0.2248,0.000
35.610,building_threshold,Deniz,0.0000,-0.0105,21.7416,1.7500,0,ChildNaturalWalk,0.2499,0.3348,0.000
35.610,building_threshold,Can,-0.3101,0.0194,20.0029,1.6394,0,ChildNaturalWalk,0.1675,0.2245,0.000
35.644,building_threshold,Deniz,0.0000,-0.0101,21.8000,1.7500,0,ChildNaturalWalk,0.2539,0.3316,0.000
35.644,building_threshold,Can,-0.2987,0.0194,20.0562,1.6373,0,ChildNaturalWalk,0.1695,0.2171,0.000
35.677,building_threshold,Deniz,0.0000,-0.0096,21.8583,1.7500,0,ChildNaturalWalk,0.2592,0.3218,0.000
35.677,building_threshold,Can,-0.2807,0.0194,20.1077,1.6355,0,ChildNaturalWalk,0.1710,0.2071,0.000
35.711,building_threshold,Deniz,0.0000,-0.0092,21.9166,1.7500,0,ChildNaturalWalk,0.2644,0.3072,0.000
35.711,building_threshold,Can,-0.2625,0.0194,20.1590,1.6319,0,ChildNaturalWalk,0.1725,0.1992,0.000
35.743,building_threshold,Deniz,0.0000,-0.0088,21.9750,1.7500,0,ChildNaturalWalk,0.2704,0.2933,0.000
35.743,building_threshold,Can,-0.2444,0.0194,20.2101,1.6270,0,ChildNaturalWalk,0.1743,0.1958,0.000
35.777,building_threshold,Deniz,0.0000,-0.0083,22.0333,1.7500,0,ChildNaturalWalk,0.2771,0.2789,0.000
35.777,building_threshold,Can,-0.2263,0.0194,20.2609,1.6197,0,ChildNaturalWalk,0.1781,0.1903,0.000
35.810,building_threshold,Deniz,0.0000,-0.0079,22.0916,1.7500,0,ChildNaturalWalk,0.2838,0.2700,0.000
35.810,building_threshold,Can,-0.2083,0.0194,20.3114,1.6085,0,ChildNaturalWalk,0.1861,0.1809,0.000
35.845,building_threshold,Deniz,0.0000,-0.0074,22.1500,1.7500,0,ChildNaturalWalk,0.2935,0.2597,0.000
35.845,building_threshold,Can,-0.1905,0.0194,20.3614,1.5901,0,ChildNaturalWalk,0.1929,0.1758,0.000
35.877,building_threshold,Deniz,0.0000,-0.0070,22.2083,1.7500,0,ChildNaturalWalk,0.3024,0.2533,0.000
35.877,building_threshold,Can,-0.1730,0.0194,20.4102,1.5568,0,ChildNaturalWalk,0.1957,0.1713,0.000
35.911,building_threshold,Deniz,0.0000,-0.0066,22.2666,1.7500,0,ChildNaturalWalk,0.3153,0.2523,0.000
35.911,building_threshold,Can,-0.1561,0.0194,20.4569,1.4892,0,ChildNaturalWalk,0.2132,0.1678,0.000
35.942,building_threshold,Deniz,0.0000,-0.0061,22.3250,1.7500,0,ChildNaturalWalk,0.3332,0.2531,0.000
35.942,building_threshold,Can,-0.1406,0.0194,20.4992,1.3522,0,ChildNaturalWalk,0.2252,0.1680,0.000
35.977,building_threshold,Deniz,0.0000,-0.0057,22.3833,1.7500,0,ChildNaturalWalk,0.3409,0.2565,0.000
35.977,building_threshold,Can,-0.1271,0.0194,20.5355,1.1623,0,ChildNaturalWalk,0.2176,0.1697,0.000
36.010,building_threshold,Deniz,0.0000,-0.0052,22.4416,1.7500,0,ChildNaturalWalk,0.3275,0.2614,0.000
36.010,building_threshold,Can,-0.1155,0.0194,20.5757,1.2545,0,ChildNaturalWalk,0.2017,0.1715,0.000
36.043,building_threshold,Deniz,0.0000,-0.0048,22.5000,1.7500,0,ChildNaturalWalk,0.3040,0.2668,0.000
36.043,building_threshold,Can,-0.1059,0.0194,20.6197,1.3511,0,ChildNaturalWalk,0.1860,0.1720,0.000
36.077,building_threshold,Deniz,0.0000,-0.0044,22.5583,1.7500,0,ChildNaturalWalk,0.2773,0.2714,0.000
36.077,building_threshold,Can,-0.0985,0.0194,20.6676,1.4524,0,ChildNaturalWalk,0.1856,0.1711,0.000
36.110,building_threshold,Deniz,0.0000,-0.0039,22.6166,1.7500,0,ChildNaturalWalk,0.2719,0.2754,0.000
36.110,building_threshold,Can,-0.0932,0.0194,20.7192,1.5576,0,ChildNaturalWalk,0.1913,0.1697,0.000
36.143,building_threshold,Deniz,0.0000,-0.0035,22.6750,1.7500,0,ChildNaturalWalk,0.2790,0.2789,0.000
36.143,building_threshold,Can,-0.0899,0.0194,20.7741,1.6499,0,ChildNaturalWalk,0.1908,0.1709,0.000
36.177,building_threshold,Deniz,0.0000,-0.0030,22.7333,1.7500,0,ChildNaturalWalk,0.2770,0.2840,0.000
36.177,building_threshold,Can,-0.0872,0.0198,20.8290,1.6500,0,ChildNaturalWalk,0.1830,0.1759,0.000
36.209,building_threshold,Deniz,0.0000,-0.0026,22.7916,1.7500,0,ChildNaturalWalk,0.2645,0.2930,0.000
36.209,building_threshold,Can,-0.0845,0.0203,20.8840,1.6500,0,ChildNaturalWalk,0.1732,0.1874,0.000
36.243,building_threshold,Deniz,0.0000,-0.0021,22.8500,1.7500,0,ChildNaturalWalk,0.2555,0.3049,0.000
36.243,building_threshold,Can,-0.0819,0.0208,20.9389,1.6500,0,ChildNaturalWalk,0.1682,0.2002,0.000
36.277,building_threshold,Deniz,0.0000,-0.0017,22.9083,1.7500,0,ChildNaturalWalk,0.2551,0.3208,0.000
36.277,building_threshold,Can,-0.0792,0.0213,20.9938,1.6500,0,ChildNaturalWalk,0.1680,0.2199,0.000
36.310,building_threshold,Deniz,0.0000,-0.0013,22.9666,1.7500,0,ChildNaturalWalk,0.2583,0.3397,0.000
36.310,building_threshold,Can,-0.0765,0.0217,21.0488,1.6500,0,ChildNaturalWalk,0.1692,0.2287,0.000
36.343,building_threshold,Deniz,0.0000,-0.0008,23.0250,1.7500,0,ChildNaturalWalk,0.2617,0.3443,0.000
36.343,building_threshold,Can,-0.0742,0.0222,21.1037,1.6500,0,ChildNaturalWalk,0.1715,0.2229,0.000
36.376,building_threshold,Deniz,0.0000,-0.0004,23.0833,1.7500,0,ChildNaturalWalk,0.2664,0.3350,0.000
36.376,building_threshold,Can,-0.0720,0.0227,21.1587,1.6500,0,ChildNaturalWalk,0.1738,0.2146,0.000
36.410,building_threshold,Deniz,0.0000,0.0001,23.1416,1.7500,0,ChildNaturalWalk,0.2720,0.3230,0.000
36.410,building_threshold,Can,-0.0697,0.0232,21.2136,1.6500,0,ChildNaturalWalk,0.1758,0.2056,0.000
36.443,building_threshold,Deniz,0.0000,0.0005,23.2000,1.7500,0,ChildNaturalWalk,0.2774,0.3073,0.000
36.443,building_threshold,Can,-0.0674,0.0236,21.2686,1.6500,0,ChildNaturalWalk,0.1778,0.2005,0.000
36.476,building_threshold,Deniz,0.0000,0.0009,23.2583,1.7500,0,ChildNaturalWalk,0.2838,0.2933,0.000
36.476,building_threshold,Can,-0.0652,0.0241,21.3235,1.6500,0,ChildNaturalWalk,0.1808,0.1982,0.000
36.510,building_threshold,Deniz,0.0000,0.0014,23.3166,1.7500,0,ChildNaturalWalk,0.2909,0.2831,0.000
36.510,building_threshold,Can,-0.0633,0.0246,21.3785,1.6500,0,ChildNaturalWalk,0.1882,0.1886,0.000
36.543,building_threshold,Deniz,0.0000,0.0018,23.3749,1.7500,0,ChildNaturalWalk,0.2988,0.2726,0.000
36.543,building_threshold,Can,-0.0614,0.0250,21.4334,1.6500,0,ChildNaturalWalk,0.1971,0.1835,0.000
36.577,building_threshold,Deniz,0.0000,0.0023,23.4333,1.7500,0,ChildNaturalWalk,0.3092,0.2643,0.000
36.577,building_threshold,Can,-0.0594,0.0255,21.4884,1.6500,0,ChildNaturalWalk,0.2010,0.1787,0.000
36.610,building_threshold,Deniz,0.0000,0.0027,23.4916,1.7500,0,ChildNaturalWalk,0.3192,0.2618,0.000
36.610,building_threshold,Can,-0.0575,0.0260,21.5434,1.6500,0,ChildNaturalWalk,0.2134,0.1751,0.000
36.643,building_threshold,Deniz,0.0000,0.0032,23.5499,1.7500,0,ChildNaturalWalk,0.3366,0.2619,0.000
36.643,building_threshold,Can,-0.0556,0.0264,21.5983,1.6500,0,ChildNaturalWalk,0.2291,0.1745,0.000
36.677,building_threshold,Deniz,0.0000,0.0036,23.6083,1.7500,0,ChildNaturalWalk,0.3491,0.2642,0.000
36.677,building_threshold,Can,-0.0540,0.0269,21.6533,1.6500,0,ChildNaturalWalk,0.2297,0.1767,0.000
36.710,building_threshold,Deniz,0.0000,0.0040,23.6666,1.7500,0,ChildNaturalWalk,0.3448,0.2690,0.000
36.710,building_threshold,Can,-0.0524,0.0273,21.7083,1.6500,0,ChildNaturalWalk,0.2161,0.1788,0.000
36.743,building_threshold,Deniz,0.0000,0.0045,23.7249,1.7500,0,ChildNaturalWalk,0.3226,0.2740,0.000
36.743,building_threshold,Can,-0.0508,0.0278,21.7633,1.6500,0,ChildNaturalWalk,0.1994,0.1803,0.000
36.777,building_threshold,Deniz,0.0000,0.0049,23.7782,1.5969,0,ChildNaturalWalk,0.2964,0.2793,0.000
36.777,building_threshold,Can,-0.0492,0.0283,21.8182,1.6500,0,ChildNaturalWalk,0.1925,0.1806,0.000
36.810,building_threshold,Deniz,0.0000,0.0052,23.8263,1.4424,0,ChildNaturalWalk,0.2804,0.2832,0.000
36.810,building_threshold,Can,-0.0475,0.0287,21.8732,1.6500,0,ChildNaturalWalk,0.1986,0.1795,0.000
36.844,building_threshold,Deniz,0.0000,0.0056,23.8691,1.2861,0,ChildNaturalWalk,0.2858,0.2869,0.000
36.844,building_threshold,Can,-0.0462,0.0292,21.9282,1.6500,0,ChildNaturalWalk,0.2031,0.1796,0.000
36.877,building_threshold,Deniz,0.0000,0.0058,23.9020,0.9861,0,ChildNaturalWalk,0.2889,0.2907,0.000
36.877,building_threshold,Can,-0.0448,0.0296,21.9832,1.6500,0,ChildNaturalWalk,0.1962,0.1836,0.000
36.910,building_threshold,Deniz,0.0000,0.0060,23.9249,0.6861,0,ChildNaturalWalk,0.2780,0.2979,0.000
36.910,building_threshold,Can,-0.0434,0.0301,22.0381,1.6500,0,ChildNaturalWalk,0.1855,0.1937,0.000
36.943,building_threshold,Deniz,0.0000,0.0061,23.9377,0.3861,0,ChildNaturalWalk,0.2663,0.3086,0.000
36.943,building_threshold,Can,-0.0421,0.0305,22.0931,1.6500,0,ChildNaturalWalk,0.1790,0.2047,0.000
36.977,building_threshold,Deniz,0.0000,0.0061,23.9406,0.0861,0,ChildNaturalWalk,0.2619,0.3221,0.000
36.977,building_threshold,Can,-0.0407,0.0310,22.1481,1.6500,0,ChildNaturalWalk,0.1777,0.2230,0.000
37.010,building_threshold,Deniz,0.0000,0.0061,23.9406,0.0000,0,ChildNeutralIdle+ChildNaturalWalk,0.2604,0.3279,0.000
37.010,building_threshold,Can,-0.0393,0.0314,22.2031,1.6500,0,ChildNaturalWalk,0.1781,0.2376,0.000
37.043,building_threshold,Deniz,0.0000,0.0061,23.9406,0.0000,0,ChildNeutralIdle+ChildNaturalWalk,0.2610,0.3232,0.000
37.043,building_threshold,Can,-0.0379,0.0319,22.2581,1.6500,0,ChildNaturalWalk,0.1805,0.2355,0.000
37.076,building_threshold,Deniz,0.0000,0.0061,23.9406,0.0000,0,ChildNeutralIdle+ChildNaturalWalk,0.2626,0.3154,0.000
37.076,building_threshold,Can,-0.0367,0.0323,22.3131,1.6500,0,ChildNaturalWalk,0.1828,0.2278,0.000
37.115,building_threshold,Deniz,0.0000,0.0061,23.9406,0.0000,0,ChildNeutralIdle+ChildNaturalWalk,0.2640,0.3086,0.000
37.115,building_threshold,Can,-0.0355,0.0328,22.3680,1.6500,0,ChildNaturalWalk,0.1847,0.2183,0.000
37.149,building_threshold,Deniz,0.0000,0.0061,23.9406,0.0000,0,ChildNeutralIdle+ChildNaturalWalk,0.2651,0.3032,0.000
37.149,building_threshold,Can,-0.0342,0.0332,22.4230,1.6500,0,ChildNaturalWalk,0.1868,0.2121,0.000
37.182,building_threshold,Deniz,0.0000,0.0061,23.9406,0.0000,0,ChildNeutralIdle+ChildNaturalWalk,0.2660,0.2986,0.000
37.182,building_threshold,Can,-0.0330,0.0337,22.4780,1.6500,0,ChildNaturalWalk,0.1891,0.2090,0.000
37.215,building_threshold,Deniz,0.0000,0.0061,23.9406,0.0000,0,ChildNeutralIdle+ChildNaturalWalk,0.2667,0.2954,0.000
37.215,building_threshold,Can,-0.0317,0.0341,22.5330,1.6500,0,ChildNaturalWalk,0.1944,0.2015,0.000
37.249,building_threshold,Deniz,0.0000,0.0061,23.9406,0.0000,0,ChildNeutralIdle+ChildNaturalWalk,0.2671,0.2932,0.000
37.249,building_threshold,Can,-0.0305,0.0346,22.5880,1.6500,0,ChildNaturalWalk,0.2036,0.1948,0.000
37.282,building_threshold,Deniz,0.0000,0.0061,23.9406,0.0000,0,ChildNeutralIdle+ChildNaturalWalk,0.2675,0.2916,0.000
37.282,building_threshold,Can,-0.0293,0.0350,22.6430,1.6500,0,ChildNaturalWalk,0.2094,0.1900,0.000
37.317,building_threshold,Deniz,0.0000,0.0061,23.9406,0.0000,0,ChildNeutralIdle,0.2688,0.2885,0.000
37.317,building_threshold,Can,-0.0280,0.0355,22.6980,1.6500,0,ChildNaturalWalk,0.2157,0.1862,0.000
37.349,building_threshold,Deniz,0.0000,0.0061,23.9406,0.0000,0,ChildNeutralIdle,0.2686,0.2885,0.000
37.349,building_threshold,Can,-0.0280,0.0355,22.6980,0.0000,0,ChildNeutralIdle,0.1873,0.1700,0.000
37.383,building_threshold,Deniz,0.0000,0.0061,23.9406,0.0000,0,ChildNeutralIdle,0.2684,0.2884,0.000
37.383,building_threshold,Can,-0.0280,0.0355,22.6980,0.0000,0,ChildNeutralIdle,0.1872,0.1698,0.000
37.415,building_threshold,Deniz,0.0000,0.0061,23.9406,0.0000,0,ChildNeutralIdle,0.2683,0.2884,0.000
37.415,building_threshold,Can,-0.0280,0.0355,22.6980,0.0000,0,ChildNeutralIdle,0.1871,0.1696,0.000
37.449,building_threshold,Deniz,0.0000,0.0061,23.9406,0.0000,0,ChildNeutralIdle,0.2681,0.2885,0.000
37.449,building_threshold,Can,-0.0280,0.0355,22.6980,0.0000,0,ChildNeutralIdle,0.1869,0.1695,0.000
37.483,building_threshold,Deniz,0.0000,0.0061,23.9406,0.0000,0,ChildNeutralIdle,0.2680,0.2885,0.000
37.483,building_threshold,Can,-0.0280,0.0355,22.6980,0.0000,0,ChildNeutralIdle,0.1867,0.1693,0.000
37.517,building_threshold,Deniz,0.0000,0.0061,23.9406,0.0000,0,ChildNeutralIdle,0.2679,0.2886,0.000
37.517,building_threshold,Can,-0.0280,0.0355,22.6980,0.0000,0,ChildNeutralIdle,0.1865,0.1691,0.000
37.549,building_threshold,Deniz,0.0000,0.0061,23.9406,0.0000,0,ChildNeutralIdle,0.2678,0.2886,0.000
37.549,building_threshold,Can,-0.0280,0.0355,22.6980,0.0000,0,ChildNeutralIdle,0.1863,0.1689,0.000
37.582,building_threshold,Deniz,0.0000,0.0061,23.9406,0.0000,0,ChildNeutralIdle,0.2677,0.2887,0.000
37.582,building_threshold,Can,-0.0280,0.0355,22.6980,0.0000,0,ChildNeutralIdle,0.1860,0.1687,0.000
37.615,building_threshold,Deniz,0.0000,0.0061,23.9406,0.0000,0,ChildNeutralIdle,0.2676,0.2888,0.000
37.615,building_threshold,Can,-0.0280,0.0355,22.6980,0.0000,0,ChildNeutralIdle,0.1857,0.1685,0.000
37.648,building_threshold,Deniz,0.0000,0.0061,23.9406,0.0000,0,ChildNeutralIdle,0.2675,0.2890,0.000
37.648,building_threshold,Can,-0.0280,0.0355,22.6980,0.0000,0,ChildNeutralIdle,0.1854,0.1683,0.000
37.682,building_threshold,Deniz,0.0000,0.0061,23.9406,0.0000,0,ChildNeutralIdle,0.2675,0.2891,0.000
37.682,building_threshold,Can,-0.0280,0.0355,22.6980,0.0000,0,ChildNeutralIdle,0.1850,0.1681,0.000
37.715,building_threshold,Deniz,0.0000,0.0061,23.9406,0.0000,0,ChildNeutralIdle,0.2674,0.2893,0.000
37.715,building_threshold,Can,-0.0280,0.0355,22.6980,0.0000,0,ChildNeutralIdle,0.1847,0.1679,0.000
37.749,building_threshold,Deniz,0.0000,0.0061,23.9406,0.0000,0,ChildNeutralIdle,0.2674,0.2895,0.000
37.749,building_threshold,Can,-0.0280,0.0355,22.6980,0.0000,0,ChildNeutralIdle,0.1843,0.1677,0.000
37.784,building_threshold,Deniz,0.0000,0.0061,23.9406,0.0000,0,ChildNeutralIdle,0.2674,0.2897,0.000
37.784,building_threshold,Can,-0.0280,0.0355,22.6980,0.0000,0,ChildNeutralIdle,0.1839,0.1675,0.000
37.815,building_threshold,Deniz,0.0000,0.0061,23.9406,0.0000,0,ChildNeutralIdle,0.2674,0.2900,0.000
37.815,building_threshold,Can,-0.0280,0.0355,22.6980,0.0000,0,ChildNeutralIdle,0.1834,0.1674,0.000
37.848,building_threshold,Deniz,0.0000,0.0061,23.9406,0.0000,0,ChildNeutralIdle,0.2674,0.2902,0.000
37.848,building_threshold,Can,-0.0280,0.0355,22.6980,0.0000,0,ChildNeutralIdle,0.1830,0.1672,0.000
37.883,building_threshold,Deniz,0.0000,0.0061,23.9406,0.0000,0,ChildNeutralIdle,0.2675,0.2905,0.000
37.883,building_threshold,Can,-0.0280,0.0355,22.6980,0.0000,0,ChildNeutralIdle,0.1826,0.1671,0.000
37.917,building_threshold,Deniz,0.0000,0.0061,23.9406,0.0000,0,ChildNeutralIdle,0.2676,0.2908,0.000
37.917,building_threshold,Can,-0.0280,0.0355,22.6980,0.0000,0,ChildNeutralIdle,0.1822,0.1669,0.000
37.950,building_threshold,Deniz,0.0000,0.0061,23.9406,0.0000,0,ChildNeutralIdle,0.2676,0.2910,0.000
37.950,building_threshold,Can,-0.0280,0.0355,22.6980,0.0000,0,ChildNeutralIdle,0.1818,0.1668,0.000
37.982,building_threshold,Deniz,0.0000,0.0061,23.9406,0.0000,0,ChildNeutralIdle,0.2678,0.2913,0.000
37.982,building_threshold,Can,-0.0280,0.0355,22.6980,0.0000,0,ChildNeutralIdle,0.1813,0.1667,0.000
38.015,building_threshold,Deniz,0.0000,0.0061,23.9406,0.0000,0,ChildNeutralIdle,0.2679,0.2915,0.000
38.015,building_threshold,Can,-0.0280,0.0355,22.6980,0.0000,0,ChildNeutralIdle,0.1809,0.1666,0.000
38.048,building_threshold,Deniz,0.0000,0.0061,23.9406,0.0000,0,ChildNeutralIdle,0.2680,0.2917,0.000
38.048,building_threshold,Can,-0.0280,0.0355,22.6980,0.0000,0,ChildNeutralIdle,0.1805,0.1665,0.000
38.082,building_threshold,Deniz,0.0000,0.0061,23.9406,0.0000,0,ChildNeutralIdle,0.2682,0.2919,0.000
38.082,building_threshold,Can,-0.0280,0.0355,22.6980,0.0000,0,ChildNeutralIdle,0.1802,0.1664,0.000
38.115,building_threshold,Deniz,0.0000,0.0061,23.9406,0.0000,0,ChildNeutralIdle,0.2683,0.2920,0.000
38.115,building_threshold,Can,-0.0280,0.0355,22.6980,0.0000,0,ChildNeutralIdle,0.1798,0.1664,0.000
38.148,building_threshold,Deniz,0.0000,0.0061,23.9406,0.0000,0,ChildNeutralIdle,0.2685,0.2922,0.000
38.148,building_threshold,Can,-0.0280,0.0355,22.6980,0.0000,0,ChildNeutralIdle,0.1794,0.1664,0.000
38.181,building_threshold,Deniz,0.0000,0.0061,23.9406,0.0000,0,ChildNeutralIdle,0.2687,0.2923,0.000
38.181,building_threshold,Can,-0.0280,0.0355,22.6980,0.0000,0,ChildNeutralIdle,0.1791,0.1664,0.000
38.215,building_threshold,Deniz,0.0000,0.0061,23.9406,0.0000,0,ChildNeutralIdle,0.2689,0.2925,0.000
38.215,building_threshold,Can,-0.0280,0.0355,22.6980,0.0000,0,ChildNeutralIdle,0.1789,0.1664,0.000
38.249,building_threshold,Deniz,0.0000,0.0061,23.9406,0.0000,0,ChildNeutralIdle,0.2690,0.2926,0.000
38.249,building_threshold,Can,-0.0280,0.0355,22.6980,0.0000,0,ChildNeutralIdle,0.1787,0.1665,0.000
38.282,building_threshold,Deniz,0.0000,0.0061,23.9406,0.0000,0,ChildNeutralIdle,0.2692,0.2927,0.000
38.282,building_threshold,Can,-0.0280,0.0355,22.6980,0.0000,0,ChildNeutralIdle,0.1785,0.1666,0.000
38.315,building_threshold,Deniz,0.0000,0.0061,23.9406,0.0000,0,ChildNeutralIdle,0.2694,0.2928,0.000
38.315,building_threshold,Can,-0.0280,0.0355,22.6980,0.0000,0,ChildNeutralIdle,0.1784,0.1668,0.000
38.349,building_threshold,Deniz,0.0000,0.0061,23.9406,0.0000,0,ChildNeutralIdle,0.2696,0.2928,0.000
38.349,building_threshold,Can,-0.0280,0.0355,22.6980,0.0000,0,ChildNeutralIdle,0.1783,0.1669,0.000
38.382,building_threshold,Deniz,0.0000,0.0061,23.9406,0.0000,0,ChildNeutralIdle,0.2698,0.2929,0.000
38.382,building_threshold,Can,-0.0280,0.0355,22.6980,0.0000,0,ChildNeutralIdle,0.1782,0.1671,0.000
38.415,building_threshold,Deniz,0.0000,0.0061,23.9406,0.0000,0,ChildNeutralIdle,0.2700,0.2929,0.000
38.415,building_threshold,Can,-0.0280,0.0355,22.6980,0.0000,0,ChildNeutralIdle,0.1781,0.1673,0.000
38.449,building_threshold,Deniz,0.0000,0.0061,23.9406,0.0000,0,ChildNeutralIdle,0.2702,0.2930,0.000
38.449,building_threshold,Can,-0.0280,0.0355,22.6980,0.0000,0,ChildNeutralIdle,0.1781,0.1674,0.000
38.482,building_threshold,Deniz,0.0000,0.0061,23.9406,0.0000,0,ChildNeutralIdle,0.2704,0.2930,0.000
38.482,building_threshold,Can,-0.0280,0.0355,22.6980,0.0000,0,ChildNeutralIdle,0.1781,0.1676,0.000
38.515,building_threshold,Deniz,0.0000,0.0061,23.9406,0.0000,0,ChildNeutralIdle,0.2705,0.2930,0.000
38.515,building_threshold,Can,-0.0280,0.0355,22.6980,0.0000,0,ChildNeutralIdle,0.1781,0.1678,0.000
38.548,building_threshold,Deniz,0.0000,0.0061,23.9406,0.0000,0,ChildNeutralIdle,0.2707,0.2930,0.000
38.548,building_threshold,Can,-0.0280,0.0355,22.6980,0.0000,0,ChildNeutralIdle,0.1782,0.1680,0.000
38.582,building_threshold,Deniz,0.0000,0.0061,23.9406,0.0000,0,ChildNeutralIdle,0.2709,0.2930,0.000
38.582,building_threshold,Can,-0.0280,0.0355,22.6980,0.0000,0,ChildNeutralIdle,0.1783,0.1682,0.000
38.615,building_threshold,Deniz,0.0000,0.0061,23.9406,0.0000,0,ChildNeutralIdle,0.2711,0.2929,0.000
38.615,building_threshold,Can,-0.0280,0.0355,22.6980,0.0000,0,ChildNeutralIdle,0.1784,0.1684,0.000
38.649,building_threshold,Deniz,0.0000,0.0061,23.9406,0.0000,0,ChildNeutralIdle,0.2712,0.2929,0.000
38.649,building_threshold,Can,-0.0280,0.0355,22.6980,0.0000,0,ChildNeutralIdle,0.1786,0.1686,0.000
38.682,building_threshold,Deniz,0.0000,0.0061,23.9406,0.0000,0,ChildNeutralIdle,0.2714,0.2928,0.000
38.682,building_threshold,Can,-0.0280,0.0355,22.6980,0.0000,0,ChildNeutralIdle,0.1788,0.1688,0.000
38.715,building_threshold,Deniz,0.0000,0.0061,23.9406,0.0000,0,ChildNeutralIdle,0.2715,0.2927,0.000
38.715,building_threshold,Can,-0.0280,0.0355,22.6980,0.0000,0,ChildNeutralIdle,0.1790,0.1691,0.000
38.749,building_threshold,Deniz,0.0000,0.0061,23.9406,0.0000,0,ChildNeutralIdle,0.2717,0.2927,0.000
38.749,building_threshold,Can,-0.0280,0.0355,22.6980,0.0000,0,ChildNeutralIdle,0.1792,0.1693,0.000
38.782,building_threshold,Deniz,0.0000,0.0061,23.9406,0.0000,0,ChildNeutralIdle,0.2718,0.2926,0.000
38.782,building_threshold,Can,-0.0280,0.0355,22.6980,0.0000,0,ChildNeutralIdle,0.1795,0.1695,0.000
38.815,building_threshold,Deniz,0.0000,0.0061,23.9406,0.0000,0,ChildNeutralIdle,0.2719,0.2924,0.000
38.815,building_threshold,Can,-0.0280,0.0355,22.6980,0.0000,0,ChildNeutralIdle,0.1798,0.1697,0.000
38.849,building_threshold,Deniz,0.0000,0.0061,23.9406,0.0000,0,ChildNeutralIdle,0.2720,0.2923,0.000
38.849,building_threshold,Can,-0.0280,0.0355,22.6980,0.0000,0,ChildNeutralIdle,0.1801,0.1698,0.000
38.882,building_threshold,Deniz,0.0000,0.0061,23.9406,0.0000,0,ChildNeutralIdle,0.2720,0.2921,0.000
38.882,building_threshold,Can,-0.0280,0.0355,22.6980,0.0000,0,ChildNeutralIdle,0.1805,0.1700,0.000
38.915,building_threshold,Deniz,0.0000,0.0061,23.9406,0.0000,0,ChildNeutralIdle,0.2721,0.2920,0.000
38.915,building_threshold,Can,-0.0280,0.0355,22.6980,0.0000,0,ChildNeutralIdle,0.1808,0.1702,0.000
38.948,building_threshold,Deniz,0.0000,0.0061,23.9406,0.0000,0,ChildNeutralIdle,0.2721,0.2918,0.000
38.948,building_threshold,Can,-0.0280,0.0355,22.6980,0.0000,0,ChildNeutralIdle,0.1812,0.1704,0.000
38.982,building_threshold,Deniz,0.0000,0.0061,23.9406,0.0000,0,ChildNeutralIdle,0.2721,0.2916,0.000
38.982,building_threshold,Can,-0.0280,0.0355,22.6980,0.0000,0,ChildNeutralIdle,0.1816,0.1705,0.000
39.015,building_threshold,Deniz,0.0000,0.0061,23.9406,0.0000,0,ChildNeutralIdle,0.2721,0.2914,0.000
39.015,building_threshold,Can,-0.0280,0.0355,22.6980,0.0000,0,ChildNeutralIdle,0.1820,0.1706,0.000
39.049,building_threshold,Deniz,0.0000,0.0061,23.9406,0.0000,0,ChildNeutralIdle,0.2721,0.2912,0.000
39.049,building_threshold,Can,-0.0280,0.0355,22.6980,0.0000,0,ChildNeutralIdle,0.1824,0.1708,0.000
39.082,building_threshold,Deniz,0.0000,0.0061,23.9406,0.0000,0,ChildNeutralIdle,0.2720,0.2911,0.000
39.082,building_threshold,Can,-0.0280,0.0355,22.6980,0.0000,0,ChildNeutralIdle,0.1828,0.1709,0.000
39.116,building_threshold,Deniz,0.0000,0.0061,23.9406,0.0000,0,ChildNeutralIdle,0.2719,0.2909,0.000
39.116,building_threshold,Can,-0.0280,0.0355,22.6980,0.0000,0,ChildNeutralIdle,0.1832,0.1710,0.000
39.149,building_threshold,Deniz,0.0000,0.0061,23.9406,0.0000,0,ChildNeutralIdle,0.2718,0.2907,0.000
39.149,building_threshold,Can,-0.0280,0.0355,22.6980,0.0000,0,ChildNeutralIdle,0.1836,0.1711,0.000
39.182,building_threshold,Deniz,0.0000,0.0061,23.9406,0.0000,0,ChildNeutralIdle,0.2717,0.2906,0.000
39.182,building_threshold,Can,-0.0280,0.0355,22.6980,0.0000,0,ChildNeutralIdle,0.1840,0.1711,0.000
39.215,building_threshold,Deniz,0.0000,0.0061,23.9406,0.0000,0,ChildNeutralIdle,0.2716,0.2904,0.000
39.215,building_threshold,Can,-0.0280,0.0355,22.6980,0.0000,0,ChildNeutralIdle,0.1843,0.1712,0.000
39.248,building_threshold,Deniz,0.0000,0.0061,23.9406,0.0000,0,ChildNeutralIdle,0.2714,0.2903,0.000
39.248,building_threshold,Can,-0.0280,0.0355,22.6980,0.0000,0,ChildNeutralIdle,0.1847,0.1712,0.000
39.283,building_threshold,Deniz,0.0000,0.0061,23.9406,0.0000,0,ChildNeutralIdle,0.2712,0.2901,0.000
39.283,building_threshold,Can,-0.0280,0.0355,22.6980,0.0000,0,ChildNeutralIdle,0.1851,0.1712,0.000
39.315,building_threshold,Deniz,0.0000,0.0061,23.9406,0.0000,0,ChildNeutralIdle,0.2711,0.2899,0.000
39.315,building_threshold,Can,-0.0280,0.0355,22.6980,0.0000,0,ChildNeutralIdle,0.1854,0.1712,0.000
39.348,building_threshold,Deniz,0.0000,0.0061,23.9406,0.0000,0,ChildNeutralIdle,0.2709,0.2898,0.000
39.348,building_threshold,Can,-0.0280,0.0355,22.6980,0.0000,0,ChildNeutralIdle,0.1857,0.1712,0.000
39.381,building_threshold,Deniz,0.0000,0.0061,23.9406,0.0000,0,ChildNeutralIdle,0.2707,0.2897,0.000
39.381,building_threshold,Can,-0.0280,0.0355,22.6980,0.0000,0,ChildNeutralIdle,0.1860,0.1712,0.000
39.415,building_threshold,Deniz,0.0000,0.0061,23.9406,0.0000,0,ChildNeutralIdle,0.2705,0.2895,0.000
39.415,building_threshold,Can,-0.0280,0.0355,22.6980,0.0000,0,ChildNeutralIdle,0.1862,0.1711,0.000
39.449,building_threshold,Deniz,0.0000,0.0061,23.9406,0.0000,0,ChildNeutralIdle,0.2703,0.2894,0.000
39.449,building_threshold,Can,-0.0280,0.0355,22.6980,0.0000,0,ChildNeutralIdle,0.1864,0.1711,0.000
39.482,building_threshold,Deniz,0.0000,0.0061,23.9406,0.0000,0,ChildNeutralIdle,0.2700,0.2893,0.000
39.482,building_threshold,Can,-0.0280,0.0355,22.6980,0.0000,0,ChildNeutralIdle,0.1866,0.1710,0.000
39.515,building_threshold,Deniz,0.0000,0.0061,23.9406,0.0000,0,ChildNeutralIdle,0.2698,0.2892,0.000
39.515,building_threshold,Can,-0.0280,0.0355,22.6980,0.0000,0,ChildNeutralIdle,0.1868,0.1709,0.000
39.549,building_threshold,Deniz,0.0000,0.0061,23.9406,0.0000,0,ChildNeutralIdle,0.2696,0.2891,0.000
39.549,building_threshold,Can,-0.0280,0.0355,22.6980,0.0000,0,ChildNeutralIdle,0.1869,0.1707,0.000
39.582,building_threshold,Deniz,0.0000,0.0061,23.9406,0.0000,0,ChildNeutralIdle,0.2694,0.2891,0.000
39.582,building_threshold,Can,-0.0280,0.0355,22.6980,0.0000,0,ChildNeutralIdle,0.1870,0.1706,0.000
39.615,building_threshold,Deniz,0.0000,0.0061,23.9406,0.0000,0,ChildNeutralIdle,0.2692,0.2890,0.000
39.615,building_threshold,Can,-0.0280,0.0355,22.6980,0.0000,0,ChildNeutralIdle,0.1870,0.1704,0.000
39.648,building_threshold,Deniz,0.0000,0.0061,23.9406,0.0000,0,ChildNeutralIdle,0.2689,0.2890,0.000
39.648,building_threshold,Can,-0.0280,0.0355,22.6980,0.0000,0,ChildNeutralIdle,0.1870,0.1703,0.000
39.682,building_threshold,Deniz,0.0000,0.0061,23.9406,0.0000,0,ChildNeutralIdle,0.2687,0.2890,0.000
39.682,building_threshold,Can,-0.0280,0.0355,22.6980,0.0000,0,ChildNeutralIdle,0.1870,0.1701,0.000
39.716,building_threshold,Deniz,0.0000,0.0061,23.9406,0.0000,0,ChildNeutralIdle,0.2685,0.2890,0.000
39.716,building_threshold,Can,-0.0280,0.0355,22.6980,0.0000,0,ChildNeutralIdle,0.1870,0.1699,0.000
39.749,building_threshold,Deniz,0.0000,0.0061,23.9406,0.0000,0,ChildNeutralIdle,0.2683,0.2890,0.000
39.749,building_threshold,Can,-0.0280,0.0355,22.6980,0.0000,0,ChildNeutralIdle,0.1869,0.1697,0.000
39.783,building_threshold,Deniz,0.0000,0.0061,23.9406,0.0000,0,ChildNeutralIdle,0.2681,0.2890,0.000
39.783,building_threshold,Can,-0.0280,0.0355,22.6980,0.0000,0,ChildNeutralIdle,0.1868,0.1695,0.000
39.817,building_threshold,Deniz,0.0000,0.0061,23.9406,0.0000,0,ChildNeutralIdle,0.2679,0.2890,0.000
39.817,building_threshold,Can,-0.0280,0.0355,22.6980,0.0000,0,ChildNeutralIdle,0.1867,0.1693,0.000
39.850,building_threshold,Deniz,0.0000,0.0061,23.9406,0.0000,0,ChildNeutralIdle,0.2678,0.2890,0.000
39.850,building_threshold,Can,-0.0280,0.0355,22.6980,0.0000,0,ChildNeutralIdle,0.1865,0.1691,0.000
39.882,building_threshold,Deniz,0.0000,0.0061,23.9406,0.0000,0,ChildNeutralIdle,0.2676,0.2891,0.000
39.882,building_threshold,Can,-0.0280,0.0355,22.6980,0.0000,0,ChildNeutralIdle,0.1864,0.1689,0.000
39.916,building_threshold,Deniz,0.0000,0.0061,23.9406,0.0000,0,ChildNeutralIdle,0.2675,0.2892,0.000
39.916,building_threshold,Can,-0.0280,0.0355,22.6980,0.0000,0,ChildNeutralIdle,0.1862,0.1687,0.000
39.950,building_threshold,Deniz,0.0000,0.0061,23.9406,0.0000,0,ChildNeutralIdle,0.2673,0.2892,0.000
39.950,building_threshold,Can,-0.0280,0.0355,22.6980,0.0000,0,ChildNeutralIdle,0.1859,0.1685,0.000
39.982,building_threshold,Deniz,0.0000,0.0061,23.9406,0.0000,0,ChildNeutralIdle,0.2672,0.2893,0.000
39.982,building_threshold,Can,-0.0280,0.0355,22.6980,0.0000,0,ChildNeutralIdle,0.1857,0.1683,0.000
40.015,building_threshold,Deniz,0.0000,0.0061,23.9406,0.0000,0,ChildNeutralIdle,0.2671,0.2895,0.000
40.015,building_threshold,Can,-0.0280,0.0355,22.6980,0.0000,0,ChildNeutralIdle,0.1854,0.1681,0.000
40.048,building_threshold,Deniz,0.0000,0.0061,23.9406,0.0000,0,ChildNeutralIdle,0.2670,0.2896,0.000
40.048,building_threshold,Can,-0.0280,0.0355,22.6980,0.0000,0,ChildNeutralIdle,0.1851,0.1679,0.000
40.082,building_threshold,Deniz,0.0000,0.0061,23.9406,0.0000,0,ChildNeutralIdle,0.2669,0.2897,0.000
40.082,building_threshold,Can,-0.0280,0.0355,22.6980,0.0000,0,ChildNeutralIdle,0.1848,0.1677,0.000
40.115,building_threshold,Deniz,0.0000,0.0061,23.9406,0.0000,0,ChildNeutralIdle,0.2670,0.2899,0.000
40.115,building_threshold,Can,-0.0280,0.0355,22.6980,0.0000,0,ChildNeutralIdle,0.1845,0.1675,0.000
40.148,building_threshold,Deniz,0.0000,0.0061,23.9406,0.0000,0,ChildNeutralIdle,0.2670,0.2901,0.000
40.148,building_threshold,Can,-0.0280,0.0355,22.6980,0.0000,0,ChildNeutralIdle,0.1841,0.1673,0.000
40.181,building_threshold,Deniz,0.0000,0.0061,23.9406,0.0000,0,ChildNeutralIdle,0.2670,0.2903,0.000
40.181,building_threshold,Can,-0.0280,0.0355,22.6980,0.0000,0,ChildNeutralIdle,0.1838,0.1671,0.000
40.215,building_threshold,Deniz,0.0000,0.0061,23.9406,0.0000,0,ChildNeutralIdle,0.2671,0.2905,0.000
40.215,building_threshold,Can,-0.0280,0.0355,22.6980,0.0000,0,ChildNeutralIdle,0.1834,0.1669,0.000
40.249,building_threshold,Deniz,0.0000,0.0061,23.9406,0.0000,0,ChildNeutralIdle,0.2672,0.2907,0.000
40.249,building_threshold,Can,-0.0280,0.0355,22.6980,0.0000,0,ChildNeutralIdle,0.1830,0.1668,0.000
40.281,building_threshold,Deniz,0.0000,0.0061,23.9406,0.0000,0,ChildNeutralIdle,0.2673,0.2909,0.000
40.281,building_threshold,Can,-0.0280,0.0355,22.6980,0.0000,0,ChildNeutralIdle,0.1826,0.1666,0.000
40.315,building_threshold,Deniz,0.0000,0.0061,23.9406,0.0000,0,ChildNeutralIdle,0.2674,0.2910,0.000
40.315,building_threshold,Can,-0.0280,0.0355,22.6980,0.0000,0,ChildNeutralIdle,0.1822,0.1664,0.000
40.348,building_threshold,Deniz,0.0000,0.0061,23.9406,0.0000,0,ChildNeutralIdle,0.2675,0.2912,0.000
40.348,building_threshold,Can,-0.0280,0.0355,22.6980,0.0000,0,ChildNeutralIdle,0.1818,0.1663,0.000
40.381,building_threshold,Deniz,0.0000,0.0061,23.9406,0.0000,0,ChildNeutralIdle,0.2676,0.2914,0.000
40.381,building_threshold,Can,-0.0280,0.0355,22.6980,0.0000,0,ChildNeutralIdle,0.1814,0.1662,0.000
40.420,building_threshold,Deniz,0.0000,0.0061,23.9406,0.0000,0,ChildNeutralIdle,0.2678,0.2916,0.000
40.420,building_threshold,Can,-0.0280,0.0355,22.6980,0.0000,0,ChildNeutralIdle,0.1811,0.1661,0.000
40.453,building_threshold,Deniz,0.0000,0.0061,23.9406,0.0000,0,ChildNeutralIdle,0.2679,0.2917,0.000
40.453,building_threshold,Can,-0.0280,0.0355,22.6980,0.0000,0,ChildNeutralIdle,0.1807,0.1660,0.000
40.486,building_threshold,Deniz,0.0000,0.0061,23.9406,0.0000,0,ChildNeutralIdle,0.2681,0.2919,0.000
40.486,building_threshold,Can,-0.0280,0.0355,22.6980,0.0000,0,ChildNeutralIdle,0.1803,0.1660,0.000
40.522,building_threshold,Deniz,0.0000,0.0061,23.9406,0.0000,0,ChildNeutralIdle,0.2683,0.2920,0.000
40.522,building_threshold,Can,-0.0280,0.0355,22.6980,0.0000,0,ChildNeutralIdle,0.1800,0.1659,0.000
40.553,building_threshold,Deniz,0.0000,0.0061,23.9406,0.0000,0,ChildNeutralIdle,0.2684,0.2922,0.000
40.553,building_threshold,Can,-0.0280,0.0355,22.6980,0.0000,0,ChildNeutralIdle,0.1797,0.1659,0.000
40.587,building_threshold,Deniz,0.0000,0.0061,23.9406,0.0000,0,ChildNeutralIdle,0.2686,0.2923,0.000
40.587,building_threshold,Can,-0.0280,0.0355,22.6980,0.0000,0,ChildNeutralIdle,0.1794,0.1659,0.000
40.619,building_threshold,Deniz,0.0000,0.0061,23.9406,0.0000,0,ChildNeutralIdle,0.2688,0.2924,0.000
40.619,building_threshold,Can,-0.0280,0.0355,22.6980,0.0000,0,ChildNeutralIdle,0.1791,0.1660,0.000
40.653,building_threshold,Deniz,0.0000,0.0061,23.9406,0.0000,0,ChildNeutralIdle,0.2690,0.2925,0.000
40.653,building_threshold,Can,-0.0280,0.0355,22.6980,0.0000,0,ChildNeutralIdle,0.1789,0.1660,0.000
40.686,building_threshold,Deniz,0.0000,0.0061,23.9406,0.0000,0,ChildNeutralIdle,0.2692,0.2926,0.000
40.686,building_threshold,Can,-0.0280,0.0355,22.6980,0.0000,0,ChildNeutralIdle,0.1787,0.1661,0.000
40.720,building_threshold,Deniz,0.0000,0.0061,23.9406,0.0000,0,ChildNeutralIdle,0.2694,0.2927,0.000
40.720,building_threshold,Can,-0.0280,0.0355,22.6980,0.0000,0,ChildNeutralIdle,0.1785,0.1662,0.000
40.753,building_threshold,Deniz,0.0000,0.0061,23.9406,0.0000,0,ChildNeutralIdle,0.2696,0.2928,0.000
40.753,building_threshold,Can,-0.0280,0.0355,22.6980,0.0000,0,ChildNeutralIdle,0.1784,0.1663,0.000
40.786,building_threshold,Deniz,0.0000,0.0061,23.9406,0.0000,0,ChildNeutralIdle,0.2698,0.2928,0.000
40.786,building_threshold,Can,-0.0280,0.0355,22.6980,0.0000,0,ChildNeutralIdle,0.1783,0.1665,0.000
40.820,building_threshold,Deniz,0.0000,0.0061,23.9406,0.0000,0,ChildNeutralIdle,0.2700,0.2929,0.000
40.820,building_threshold,Can,-0.0280,0.0355,22.6980,0.0000,0,ChildNeutralIdle,0.1782,0.1667,0.000
40.853,building_threshold,Deniz,0.0000,0.0061,23.9406,0.0000,0,ChildNeutralIdle,0.2702,0.2929,0.000
40.853,building_threshold,Can,-0.0280,0.0355,22.6980,0.0000,0,ChildNeutralIdle,0.1781,0.1668,0.000
40.886,building_threshold,Deniz,0.0000,0.0061,23.9406,0.0000,0,ChildNeutralIdle,0.2704,0.2929,0.000
40.886,building_threshold,Can,-0.0280,0.0355,22.6980,0.0000,0,ChildNeutralIdle,0.1781,0.1670,0.000
40.920,building_threshold,Deniz,0.0000,0.0061,23.9406,0.0000,0,ChildNeutralIdle,0.2706,0.2929,0.000
40.920,building_threshold,Can,-0.0280,0.0355,22.6980,0.0000,0,ChildNeutralIdle,0.1781,0.1672,0.000
40.953,building_threshold,Deniz,0.0000,0.0061,23.9406,0.0000,0,ChildNeutralIdle,0.2708,0.2929,0.000
40.953,building_threshold,Can,-0.0280,0.0355,22.6980,0.0000,0,ChildNeutralIdle,0.1782,0.1675,0.000
40.986,building_threshold,Deniz,0.0000,0.0061,23.9406,0.0000,0,ChildNeutralIdle,0.2710,0.2929,0.000
40.986,building_threshold,Can,-0.0280,0.0355,22.6980,0.0000,0,ChildNeutralIdle,0.1783,0.1677,0.000
41.020,building_threshold,Deniz,0.0000,0.0061,23.9406,0.0000,0,ChildNeutralIdle,0.2712,0.2929,0.000
41.020,building_threshold,Can,-0.0280,0.0355,22.6980,0.0000,0,ChildNeutralIdle,0.1784,0.1679,0.000
41.053,building_threshold,Deniz,0.0000,0.0061,23.9406,0.0000,0,ChildNeutralIdle,0.2714,0.2928,0.000
41.053,building_threshold,Can,-0.0280,0.0355,22.6980,0.0000,0,ChildNeutralIdle,0.1785,0.1681,0.000
41.087,building_threshold,Deniz,0.0000,0.0061,23.9406,0.0000,0,ChildNeutralIdle,0.2715,0.2927,0.000
41.087,building_threshold,Can,-0.0280,0.0355,22.6980,0.0000,0,ChildNeutralIdle,0.1787,0.1683,0.000
41.120,building_threshold,Deniz,0.0000,0.0061,23.9406,0.0000,0,ChildNeutralIdle,0.2717,0.2927,0.000
41.120,building_threshold,Can,-0.0280,0.0355,22.6980,0.0000,0,ChildNeutralIdle,0.1789,0.1685,0.000
41.153,building_threshold,Deniz,0.0000,0.0061,23.9406,0.0000,0,ChildNeutralIdle,0.2718,0.2926,0.000
41.153,building_threshold,Can,-0.0280,0.0355,22.6980,0.0000,0,ChildNeutralIdle,0.1792,0.1687,0.000
41.186,building_threshold,Deniz,0.0000,0.0061,23.9406,0.0000,0,ChildNeutralIdle,0.2719,0.2925,0.000
41.186,building_threshold,Can,-0.0280,0.0355,22.6980,0.0000,0,ChildNeutralIdle,0.1795,0.1689,0.000
41.220,building_threshold,Deniz,0.0000,0.0061,23.9406,0.0000,0,ChildNeutralIdle,0.2720,0.2924,0.000
41.220,building_threshold,Can,-0.0280,0.0355,22.6980,0.0000,0,ChildNeutralIdle,0.1798,0.1691,0.000
41.253,building_threshold,Deniz,0.0000,0.0061,23.9406,0.0000,0,ChildNeutralIdle,0.2721,0.2923,0.000
41.253,building_threshold,Can,-0.0280,0.0355,22.6980,0.0000,0,ChildNeutralIdle,0.1801,0.1693,0.000
41.286,building_threshold,Deniz,0.0000,0.0061,23.9406,0.0000,0,ChildNeutralIdle,0.2722,0.2922,0.000
41.286,building_threshold,Can,-0.0280,0.0355,22.6980,0.0000,0,ChildNeutralIdle,0.1804,0.1695,0.000
41.320,building_threshold,Deniz,0.0000,0.0061,23.9406,0.0000,0,ChildNeutralIdle,0.2722,0.2921,0.000
41.320,building_threshold,Can,-0.0280,0.0355,22.6980,0.0000,0,ChildNeutralIdle,0.1808,0.1697,0.000
41.353,building_threshold,Deniz,0.0000,0.0061,23.9406,0.0000,0,ChildNeutralIdle,0.2723,0.2920,0.000
41.353,building_threshold,Can,-0.0280,0.0355,22.6980,0.0000,0,ChildNeutralIdle,0.1812,0.1699,0.000
41.387,building_threshold,Deniz,0.0000,0.0061,23.9406,0.0000,0,ChildNeutralIdle,0.2722,0.2918,0.000
41.387,building_threshold,Can,-0.0280,0.0355,22.6980,0.0000,0,ChildNeutralIdle,0.1816,0.1700,0.000
41.421,building_threshold,Deniz,0.0000,0.0061,23.9406,0.0000,0,ChildNeutralIdle,0.2722,0.2916,0.000
41.421,building_threshold,Can,-0.0280,0.0355,22.6980,0.0000,0,ChildNeutralIdle,0.1820,0.1702,0.000
41.453,building_threshold,Deniz,0.0000,0.0061,23.9406,0.0000,0,ChildNeutralIdle,0.2722,0.2914,0.000
41.453,building_threshold,Can,-0.0280,0.0355,22.6980,0.0000,0,ChildNeutralIdle,0.1824,0.1703,0.000
41.486,building_threshold,Deniz,0.0000,0.0061,23.9406,0.0000,0,ChildNeutralIdle,0.2721,0.2913,0.000
41.486,building_threshold,Can,-0.0280,0.0355,22.6980,0.0000,0,ChildNeutralIdle,0.1828,0.1705,0.000
41.519,building_threshold,Deniz,0.0000,0.0061,23.9406,0.0000,0,ChildNeutralIdle,0.2720,0.2911,0.000
41.519,building_threshold,Can,-0.0280,0.0355,22.6980,0.0000,0,ChildNeutralIdle,0.1832,0.1706,0.000
41.554,facade_clear,Deniz,0.0000,0.0061,23.9406,0.0000,0,ChildNeutralIdle,0.2719,0.2909,0.000
41.554,facade_clear,Can,-0.0280,0.0355,22.6980,0.0000,0,ChildNeutralIdle,0.1836,0.1707,0.000
41.586,facade_clear,Deniz,0.0000,0.0062,23.9506,0.3000,0,ChildNeutralIdle,0.2718,0.2907,0.000
41.586,facade_clear,Can,-0.0280,0.0355,22.6980,0.0000,0,ChildNeutralIdle,0.1840,0.1708,0.000
41.620,facade_clear,Deniz,0.0000,0.0063,23.9706,0.6000,0,ChildNeutralIdle+ChildNaturalWalk,0.2699,0.2928,0.000
41.620,facade_clear,Can,-0.0280,0.0355,22.6980,0.0000,0,ChildNeutralIdle,0.1844,0.1709,0.000
41.654,facade_clear,Deniz,0.0000,0.0066,24.0006,0.9000,0,ChildNeutralIdle+ChildNaturalWalk,0.2670,0.2972,0.000
41.654,facade_clear,Can,-0.0280,0.0355,22.6980,0.0000,0,ChildNeutralIdle,0.1847,0.1710,0.000
41.687,facade_clear,Deniz,0.0000,0.0069,24.0406,1.2000,0,ChildNeutralIdle+ChildNaturalWalk,0.2643,0.3044,0.000
41.687,facade_clear,Can,-0.0280,0.0355,22.6980,0.0000,0,ChildNeutralIdle,0.1851,0.1710,0.000
41.719,facade_clear,Deniz,0.0000,0.0072,24.0906,1.5000,0,ChildNeutralIdle+ChildNaturalWalk,0.2629,0.3152,0.000
41.719,facade_clear,Can,-0.0278,0.0355,22.7068,0.2667,0,ChildNeutralIdle,0.1855,0.1711,0.000
41.753,facade_clear,Deniz,0.0000,0.0077,24.1489,1.7500,0,ChildNeutralIdle+ChildNaturalWalk,0.2640,0.3305,0.000
41.753,facade_clear,Can,-0.0274,0.0357,22.7246,0.5333,0,ChildNeutralIdle+ChildNaturalWalk,0.1822,0.1715,0.000
41.787,facade_clear,Deniz,0.0000,0.0081,24.2073,1.7500,0,ChildNeutralIdle+ChildNaturalWalk,0.2691,0.3500,0.000
41.787,facade_clear,Can,-0.0272,0.0357,22.7335,0.2667,0,ChildNeutralIdle+ChildNaturalWalk,0.1779,0.1718,0.000
41.820,facade_clear,Deniz,0.0000,0.0086,24.2656,1.7500,0,ChildNaturalWalk,0.2740,0.3475,0.000
41.820,facade_clear,Can,-0.0272,0.0357,22.7335,0.0000,0,ChildNeutralIdle+ChildNaturalWalk,0.1772,0.1718,0.000
41.854,facade_clear,Deniz,0.0000,0.0090,24.3239,1.7500,0,ChildNaturalWalk,0.2793,0.3357,0.000
41.854,facade_clear,Can,-0.0272,0.0357,22.7335,0.0000,0,ChildNeutralIdle+ChildNaturalWalk,0.1785,0.1716,0.000
41.887,facade_clear,Deniz,0.0000,0.0095,24.3823,1.7500,0,ChildNaturalWalk,0.2849,0.3217,0.000
41.887,facade_clear,Can,-0.0272,0.0357,22.7335,0.0000,0,ChildNeutralIdle+ChildNaturalWalk,0.1798,0.1714,0.000
41.920,facade_clear,Deniz,0.0000,0.0099,24.4406,1.7500,0,ChildNaturalWalk,0.2909,0.3058,0.000
41.920,facade_clear,Can,-0.0271,0.0358,22.7424,0.2667,0,ChildNeutralIdle+ChildNaturalWalk,0.1812,0.1713,0.000
41.953,facade_clear,Deniz,0.0000,0.0103,24.4989,1.7500,0,ChildNaturalWalk,0.2982,0.2939,0.000
41.953,facade_clear,Can,-0.0268,0.0360,22.7602,0.5333,0,ChildNeutralIdle+ChildNaturalWalk,0.1793,0.1715,0.000
41.990,facade_clear,Deniz,0.0000,0.0108,24.5573,1.7500,0,ChildNaturalWalk,0.3053,0.2845,0.000
41.990,facade_clear,Can,-0.0263,0.0362,22.7868,0.8000,0,ChildNeutralIdle+ChildNaturalWalk,0.1761,0.1718,0.000
42.020,facade_clear,Deniz,0.0000,0.0112,24.6156,1.7500,0,ChildNaturalWalk,0.3158,0.2751,0.000
42.020,facade_clear,Can,-0.0257,0.0365,22.8224,1.0667,0,ChildNeutralIdle+ChildNaturalWalk,0.1741,0.1727,0.000
42.053,facade_clear,Deniz,0.0000,0.0117,24.6739,1.7500,0,ChildNaturalWalk,0.3235,0.2711,0.000
42.053,facade_clear,Can,-0.0250,0.0368,22.8668,1.3334,0,ChildNeutralIdle+ChildNaturalWalk,0.1782,0.1742,0.000
42.086,facade_clear,Deniz,0.0000,0.0121,24.7322,1.7500,0,ChildNaturalWalk,0.3402,0.2707,0.000
42.086,facade_clear,Can,-0.0242,0.0372,22.9201,1.6000,0,ChildNeutralIdle+ChildNaturalWalk,0.1916,0.1768,0.000
42.120,facade_clear,Deniz,0.0000,0.0125,24.7854,1.5935,0,ChildNaturalWalk,0.3563,0.2724,0.000
42.120,facade_clear,Can,-0.0234,0.0377,22.9751,1.6500,0,ChildNeutralIdle+ChildNaturalWalk,0.2197,0.1814,0.000
42.153,facade_clear,Deniz,0.0000,0.0129,24.8332,1.4354,0,ChildNaturalWalk,0.3562,0.2764,0.000
42.153,facade_clear,Can,-0.0226,0.0381,23.0301,1.6500,0,ChildNaturalWalk,0.2436,0.1871,0.000
42.188,facade_clear,Deniz,0.0000,0.0129,24.8332,0.0000,0,ChildNeutralIdle,0.2752,0.2957,0.000
42.188,facade_clear,Can,-0.0218,0.0385,23.0851,1.6500,0,ChildNaturalWalk,0.2341,0.1892,0.000
42.220,facade_clear,Deniz,0.0000,0.0129,24.8332,0.0000,0,ChildNeutralIdle,0.2750,0.2957,0.000
42.220,facade_clear,Can,-0.0218,0.0385,23.0851,0.0000,0,ChildNeutralIdle,0.1841,0.1697,0.000
42.253,facade_clear,Deniz,0.0000,0.0129,24.8332,0.0000,0,ChildNeutralIdle,0.2748,0.2958,0.000
42.253,facade_clear,Can,-0.0218,0.0385,23.0851,0.0000,0,ChildNeutralIdle,0.1837,0.1696,0.000
42.286,facade_clear,Deniz,0.0000,0.0129,24.8332,0.0000,0,ChildNeutralIdle,0.2746,0.2958,0.000
42.286,facade_clear,Can,-0.0218,0.0385,23.0851,0.0000,0,ChildNeutralIdle,0.1833,0.1695,0.000
42.320,facade_clear,Deniz,0.0000,0.0129,24.8332,0.0000,0,ChildNeutralIdle,0.2744,0.2958,0.000
42.320,facade_clear,Can,-0.0218,0.0385,23.0851,0.0000,0,ChildNeutralIdle,0.1829,0.1695,0.000
42.354,facade_clear,Deniz,0.0000,0.0129,24.8332,0.0000,0,ChildNeutralIdle,0.2743,0.2959,0.000
42.354,facade_clear,Can,-0.0218,0.0385,23.0851,0.0000,0,ChildNeutralIdle,0.1826,0.1695,0.000
42.386,facade_clear,Deniz,0.0000,0.0129,24.8332,0.0000,0,ChildNeutralIdle,0.2741,0.2960,0.000
42.386,facade_clear,Can,-0.0218,0.0385,23.0851,0.0000,0,ChildNeutralIdle,0.1822,0.1695,0.000
42.420,facade_clear,Deniz,0.0000,0.0129,24.8332,0.0000,0,ChildNeutralIdle,0.2740,0.2961,0.000
42.420,facade_clear,Can,-0.0218,0.0385,23.0851,0.0000,0,ChildNeutralIdle,0.1820,0.1695,0.000
42.453,facade_clear,Deniz,0.0000,0.0129,24.8332,0.0000,0,ChildNeutralIdle,0.2739,0.2962,0.000
42.453,facade_clear,Can,-0.0218,0.0385,23.0851,0.0000,0,ChildNeutralIdle,0.1818,0.1696,0.000
42.486,facade_clear,Deniz,0.0000,0.0129,24.8332,0.0000,0,ChildNeutralIdle,0.2738,0.2963,0.000
42.486,facade_clear,Can,-0.0218,0.0385,23.0851,0.0000,0,ChildNeutralIdle,0.1816,0.1697,0.000
42.520,facade_clear,Deniz,0.0000,0.0129,24.8332,0.0000,0,ChildNeutralIdle,0.2737,0.2964,0.000
42.520,facade_clear,Can,-0.0218,0.0385,23.0851,0.0000,0,ChildNeutralIdle,0.1815,0.1698,0.000
42.553,facade_clear,Deniz,0.0000,0.0129,24.8332,0.0000,0,ChildNeutralIdle,0.2737,0.2966,0.000
42.553,facade_clear,Can,-0.0218,0.0385,23.0851,0.0000,0,ChildNeutralIdle,0.1814,0.1700,0.000
42.587,facade_clear,Deniz,0.0000,0.0129,24.8332,0.0000,0,ChildNeutralIdle,0.2737,0.2968,0.000
42.587,facade_clear,Can,-0.0218,0.0385,23.0851,0.0000,0,ChildNeutralIdle,0.1813,0.1701,0.000
42.620,facade_clear,Deniz,0.0000,0.0129,24.8332,0.0000,0,ChildNeutralIdle,0.2738,0.2970,0.000
42.620,facade_clear,Can,-0.0218,0.0385,23.0851,0.0000,0,ChildNeutralIdle,0.1812,0.1703,0.000
42.655,facade_clear,Deniz,0.0000,0.0129,24.8332,0.0000,0,ChildNeutralIdle,0.2738,0.2972,0.000
42.655,facade_clear,Can,-0.0218,0.0385,23.0851,0.0000,0,ChildNeutralIdle,0.1812,0.1705,0.000
42.687,facade_clear,Deniz,0.0000,0.0129,24.8332,0.0000,0,ChildNeutralIdle,0.2739,0.2973,0.000
42.687,facade_clear,Can,-0.0218,0.0385,23.0851,0.0000,0,ChildNeutralIdle,0.1812,0.1707,0.000
42.721,facade_clear,Deniz,0.0000,0.0129,24.8332,0.0000,0,ChildNeutralIdle,0.2740,0.2975,0.000
42.721,facade_clear,Can,-0.0218,0.0385,23.0851,0.0000,0,ChildNeutralIdle,0.1812,0.1709,0.000
42.753,facade_clear,Deniz,0.0000,0.0129,24.8332,0.0000,0,ChildNeutralIdle,0.2741,0.2977,0.000
42.753,facade_clear,Can,-0.0218,0.0385,23.0851,0.0000,0,ChildNeutralIdle,0.1813,0.1711,0.000
42.787,facade_clear,Deniz,0.0000,0.0129,24.8332,0.0000,0,ChildNeutralIdle,0.2742,0.2979,0.000
42.787,facade_clear,Can,-0.0218,0.0385,23.0851,0.0000,0,ChildNeutralIdle,0.1814,0.1713,0.000
42.821,facade_clear,Deniz,0.0000,0.0129,24.8332,0.0000,0,ChildNeutralIdle,0.2743,0.2981,0.000
42.821,facade_clear,Can,-0.0218,0.0385,23.0851,0.0000,0,ChildNeutralIdle,0.1815,0.1715,0.000
42.854,facade_clear,Deniz,0.0000,0.0129,24.8332,0.0000,0,ChildNeutralIdle,0.2745,0.2982,0.000
42.854,facade_clear,Can,-0.0218,0.0385,23.0851,0.0000,0,ChildNeutralIdle,0.1816,0.1717,0.000
42.887,facade_clear,Deniz,0.0000,0.0129,24.8332,0.0000,0,ChildNeutralIdle,0.2746,0.2984,0.000
42.887,facade_clear,Can,-0.0218,0.0385,23.0851,0.0000,0,ChildNeutralIdle,0.1818,0.1719,0.000
42.920,facade_clear,Deniz,0.0000,0.0129,24.8332,0.0000,0,ChildNeutralIdle,0.2748,0.2986,0.000
42.920,facade_clear,Can,-0.0218,0.0385,23.0851,0.0000,0,ChildNeutralIdle,0.1820,0.1721,0.000
42.953,facade_clear,Deniz,0.0000,0.0129,24.8332,0.0000,0,ChildNeutralIdle,0.2749,0.2987,0.000
42.953,facade_clear,Can,-0.0218,0.0385,23.0851,0.0000,0,ChildNeutralIdle,0.1823,0.1723,0.000
42.987,facade_clear,Deniz,0.0000,0.0129,24.8332,0.0000,0,ChildNeutralIdle,0.2751,0.2988,0.000
42.987,facade_clear,Can,-0.0218,0.0385,23.0851,0.0000,0,ChildNeutralIdle,0.1826,0.1725,0.000
43.020,facade_clear,Deniz,0.0000,0.0129,24.8332,0.0000,0,ChildNeutralIdle,0.2753,0.2990,0.000
43.020,facade_clear,Can,-0.0218,0.0385,23.0851,0.0000,0,ChildNeutralIdle,0.1829,0.1727,0.000
43.053,facade_clear,Deniz,0.0000,0.0129,24.8332,0.0000,0,ChildNeutralIdle,0.2755,0.2991,0.000
43.053,facade_clear,Can,-0.0218,0.0385,23.0851,0.0000,0,ChildNeutralIdle,0.1832,0.1729,0.000
43.087,facade_clear,Deniz,0.0000,0.0129,24.8332,0.0000,0,ChildNeutralIdle,0.2757,0.2992,0.000
43.087,facade_clear,Can,-0.0218,0.0385,23.0851,0.0000,0,ChildNeutralIdle,0.1835,0.1731,0.000
43.120,facade_clear,Deniz,0.0000,0.0129,24.8332,0.0000,0,ChildNeutralIdle,0.2759,0.2993,0.000
43.120,facade_clear,Can,-0.0218,0.0385,23.0851,0.0000,0,ChildNeutralIdle,0.1839,0.1733,0.000
43.153,facade_clear,Deniz,0.0000,0.0129,24.8332,0.0000,0,ChildNeutralIdle,0.2761,0.2994,0.000
43.153,facade_clear,Can,-0.0218,0.0385,23.0851,0.0000,0,ChildNeutralIdle,0.1842,0.1734,0.000
43.187,facade_clear,Deniz,0.0000,0.0129,24.8332,0.0000,0,ChildNeutralIdle,0.2763,0.2995,0.000
43.187,facade_clear,Can,-0.0218,0.0385,23.0851,0.0000,0,ChildNeutralIdle,0.1846,0.1736,0.000
43.220,facade_clear,Deniz,0.0000,0.0129,24.8332,0.0000,0,ChildNeutralIdle,0.2765,0.2996,0.000
43.220,facade_clear,Can,-0.0218,0.0385,23.0851,0.0000,0,ChildNeutralIdle,0.1850,0.1737,0.000
43.253,facade_clear,Deniz,0.0000,0.0129,24.8332,0.0000,0,ChildNeutralIdle,0.2767,0.2996,0.000
43.253,facade_clear,Can,-0.0218,0.0385,23.0851,0.0000,0,ChildNeutralIdle,0.1854,0.1738,0.000
43.287,facade_clear,Deniz,0.0000,0.0129,24.8332,0.0000,0,ChildNeutralIdle,0.2769,0.2997,0.000
43.287,facade_clear,Can,-0.0218,0.0385,23.0851,0.0000,0,ChildNeutralIdle,0.1858,0.1739,0.000
43.320,facade_clear,Deniz,0.0000,0.0129,24.8332,0.0000,0,ChildNeutralIdle,0.2771,0.2997,0.000
43.320,facade_clear,Can,-0.0218,0.0385,23.0851,0.0000,0,ChildNeutralIdle,0.1862,0.1740,0.000
43.353,facade_clear,Deniz,0.0000,0.0129,24.8332,0.0000,0,ChildNeutralIdle,0.2773,0.2997,0.000
43.353,facade_clear,Can,-0.0218,0.0385,23.0851,0.0000,0,ChildNeutralIdle,0.1866,0.1741,0.000
43.386,facade_clear,Deniz,0.0000,0.0129,24.8332,0.0000,0,ChildNeutralIdle,0.2775,0.2997,0.000
43.386,facade_clear,Can,-0.0218,0.0385,23.0851,0.0000,0,ChildNeutralIdle,0.1870,0.1742,0.000
43.420,facade_clear,Deniz,0.0000,0.0129,24.8332,0.0000,0,ChildNeutralIdle,0.2777,0.2997,0.000
43.420,facade_clear,Can,-0.0218,0.0385,23.0851,0.0000,0,ChildNeutralIdle,0.1874,0.1743,0.000
43.453,facade_clear,Deniz,0.0000,0.0129,24.8332,0.0000,0,ChildNeutralIdle,0.2779,0.2996,0.000
43.453,facade_clear,Can,-0.0218,0.0385,23.0851,0.0000,0,ChildNeutralIdle,0.1877,0.1743,0.000
43.486,facade_clear,Deniz,0.0000,0.0129,24.8332,0.0000,0,ChildNeutralIdle,0.2780,0.2996,0.000
43.486,facade_clear,Can,-0.0218,0.0385,23.0851,0.0000,0,ChildNeutralIdle,0.1881,0.1743,0.000
43.520,facade_clear,Deniz,0.0000,0.0129,24.8332,0.0000,0,ChildNeutralIdle,0.2782,0.2995,0.000
43.520,facade_clear,Can,-0.0218,0.0385,23.0851,0.0000,0,ChildNeutralIdle,0.1884,0.1743,0.000
43.553,facade_clear,Deniz,0.0000,0.0129,24.8332,0.0000,0,ChildNeutralIdle,0.2784,0.2994,0.000
43.553,facade_clear,Can,-0.0218,0.0385,23.0851,0.0000,0,ChildNeutralIdle,0.1887,0.1743,0.000
43.587,facade_clear,Deniz,0.0000,0.0129,24.8332,0.0000,0,ChildNeutralIdle,0.2785,0.2994,0.000
43.587,facade_clear,Can,-0.0218,0.0385,23.0851,0.0000,0,ChildNeutralIdle,0.1890,0.1743,0.000
43.620,facade_clear,Deniz,0.0000,0.0129,24.8332,0.0000,0,ChildNeutralIdle,0.2786,0.2993,0.000
43.620,facade_clear,Can,-0.0218,0.0385,23.0851,0.0000,0,ChildNeutralIdle,0.1893,0.1742,0.000
43.653,facade_clear,Deniz,0.0000,0.0129,24.8332,0.0000,0,ChildNeutralIdle,0.2788,0.2992,0.000
43.653,facade_clear,Can,-0.0218,0.0385,23.0851,0.0000,0,ChildNeutralIdle,0.1895,0.1742,0.000
43.686,facade_clear,Deniz,0.0000,0.0129,24.8332,0.0000,0,ChildNeutralIdle,0.2788,0.2991,0.000
43.686,facade_clear,Can,-0.0218,0.0385,23.0851,0.0000,0,ChildNeutralIdle,0.1897,0.1741,0.000
43.725,facade_clear,Deniz,0.0000,0.0129,24.8332,0.0000,0,ChildNeutralIdle,0.2789,0.2990,0.000
43.725,facade_clear,Can,-0.0218,0.0385,23.0851,0.0000,0,ChildNeutralIdle,0.1898,0.1740,0.000
43.758,facade_clear,Deniz,0.0000,0.0129,24.8332,0.0000,0,ChildNeutralIdle,0.2790,0.2989,0.000
43.758,facade_clear,Can,-0.0218,0.0385,23.0851,0.0000,0,ChildNeutralIdle,0.1900,0.1738,0.000
43.791,facade_clear,Deniz,0.0000,0.0129,24.8332,0.0000,0,ChildNeutralIdle,0.2790,0.2988,0.000
43.791,facade_clear,Can,-0.0218,0.0385,23.0851,0.0000,0,ChildNeutralIdle,0.1900,0.1737,0.000
43.825,facade_clear,Deniz,0.0000,0.0129,24.8332,0.0000,0,ChildNeutralIdle,0.2790,0.2986,0.000
43.825,facade_clear,Can,-0.0218,0.0385,23.0851,0.0000,0,ChildNeutralIdle,0.1901,0.1736,0.000
43.858,facade_clear,Deniz,0.0000,0.0129,24.8332,0.0000,0,ChildNeutralIdle,0.2790,0.2985,0.000
43.858,facade_clear,Can,-0.0218,0.0385,23.0851,0.0000,0,ChildNeutralIdle,0.1901,0.1734,0.000
43.892,facade_clear,Deniz,0.0000,0.0129,24.8332,0.0000,0,ChildNeutralIdle,0.2790,0.2983,0.000
43.892,facade_clear,Can,-0.0218,0.0385,23.0851,0.0000,0,ChildNeutralIdle,0.1901,0.1732,0.000
43.925,facade_clear,Deniz,0.0000,0.0129,24.8332,0.0000,0,ChildNeutralIdle,0.2789,0.2981,0.000
43.925,facade_clear,Can,-0.0218,0.0385,23.0851,0.0000,0,ChildNeutralIdle,0.1901,0.1730,0.000
43.960,facade_clear,Deniz,0.0000,0.0129,24.8332,0.0000,0,ChildNeutralIdle,0.2788,0.2979,0.000
43.960,facade_clear,Can,-0.0218,0.0385,23.0851,0.0000,0,ChildNeutralIdle,0.1900,0.1728,0.000
43.991,facade_clear,Deniz,0.0000,0.0129,24.8332,0.0000,0,ChildNeutralIdle,0.2787,0.2977,0.000
43.991,facade_clear,Can,-0.0218,0.0385,23.0851,0.0000,0,ChildNeutralIdle,0.1899,0.1727,0.000
44.025,facade_clear,Deniz,0.0000,0.0129,24.8332,0.0000,0,ChildNeutralIdle,0.2786,0.2975,0.000
44.025,facade_clear,Can,-0.0218,0.0385,23.0851,0.0000,0,ChildNeutralIdle,0.1898,0.1725,0.000
44.058,facade_clear,Deniz,0.0000,0.0129,24.8332,0.0000,0,ChildNeutralIdle,0.2784,0.2973,0.000
44.058,facade_clear,Can,-0.0218,0.0385,23.0851,0.0000,0,ChildNeutralIdle,0.1897,0.1722,0.000
44.093,facade_clear,Deniz,0.0000,0.0129,24.8332,0.0000,0,ChildNeutralIdle,0.2783,0.2971,0.000
44.093,facade_clear,Can,-0.0218,0.0385,23.0851,0.0000,0,ChildNeutralIdle,0.1895,0.1720,0.000
44.126,facade_clear,Deniz,0.0000,0.0129,24.8332,0.0000,0,ChildNeutralIdle,0.2781,0.2969,0.000
44.126,facade_clear,Can,-0.0218,0.0385,23.0851,0.0000,0,ChildNeutralIdle,0.1893,0.1718,0.000
44.158,facade_clear,Deniz,0.0000,0.0129,24.8332,0.0000,0,ChildNeutralIdle,0.2780,0.2967,0.000
44.158,facade_clear,Can,-0.0218,0.0385,23.0851,0.0000,0,ChildNeutralIdle,0.1891,0.1716,0.000
44.191,facade_clear,Deniz,0.0000,0.0129,24.8332,0.0000,0,ChildNeutralIdle,0.2778,0.2965,0.000
44.191,facade_clear,Can,-0.0218,0.0385,23.0851,0.0000,0,ChildNeutralIdle,0.1888,0.1714,0.000
44.225,facade_clear,Deniz,0.0000,0.0129,24.8332,0.0000,0,ChildNeutralIdle,0.2776,0.2963,0.000
44.225,facade_clear,Can,-0.0218,0.0385,23.0851,0.0000,0,ChildNeutralIdle,0.1886,0.1712,0.000
44.258,facade_clear,Deniz,0.0000,0.0129,24.8332,0.0000,0,ChildNeutralIdle,0.2774,0.2961,0.000
44.258,facade_clear,Can,-0.0218,0.0385,23.0851,0.0000,0,ChildNeutralIdle,0.1883,0.1710,0.000
44.291,facade_clear,Deniz,0.0000,0.0129,24.8332,0.0000,0,ChildNeutralIdle,0.2772,0.2960,0.000
44.291,facade_clear,Can,-0.0218,0.0385,23.0851,0.0000,0,ChildNeutralIdle,0.1880,0.1708,0.000
44.324,facade_clear,Deniz,0.0000,0.0129,24.8332,0.0000,0,ChildNeutralIdle,0.2770,0.2958,0.000
44.324,facade_clear,Can,-0.0218,0.0385,23.0851,0.0000,0,ChildNeutralIdle,0.1876,0.1706,0.000
44.358,facade_clear,Deniz,0.0000,0.0129,24.8332,0.0000,0,ChildNeutralIdle,0.2768,0.2957,0.000
44.358,facade_clear,Can,-0.0218,0.0385,23.0851,0.0000,0,ChildNeutralIdle,0.1873,0.1704,0.000
44.391,facade_clear,Deniz,0.0000,0.0129,24.8332,0.0000,0,ChildNeutralIdle,0.2766,0.2956,0.000
44.391,facade_clear,Can,-0.0218,0.0385,23.0851,0.0000,0,ChildNeutralIdle,0.1869,0.1702,0.000
44.424,facade_clear,Deniz,0.0000,0.0129,24.8332,0.0000,0,ChildNeutralIdle,0.2764,0.2955,0.000
44.424,facade_clear,Can,-0.0218,0.0385,23.0851,0.0000,0,ChildNeutralIdle,0.1865,0.1700,0.000
44.458,facade_clear,Deniz,0.0000,0.0129,24.8332,0.0000,0,ChildNeutralIdle,0.2762,0.2954,0.000
44.458,facade_clear,Can,-0.0218,0.0385,23.0851,0.0000,0,ChildNeutralIdle,0.1861,0.1699,0.000
44.491,facade_clear,Deniz,0.0000,0.0129,24.8332,0.0000,0,ChildNeutralIdle,0.2760,0.2953,0.000
44.491,facade_clear,Can,-0.0218,0.0385,23.0851,0.0000,0,ChildNeutralIdle,0.1857,0.1697,0.000
44.524,facade_clear,Deniz,0.0000,0.0129,24.8332,0.0000,0,ChildNeutralIdle,0.2758,0.2953,0.000
44.524,facade_clear,Can,-0.0218,0.0385,23.0851,0.0000,0,ChildNeutralIdle,0.1853,0.1696,0.000
44.558,facade_clear,Deniz,0.0000,0.0129,24.8332,0.0000,0,ChildNeutralIdle,0.2756,0.2952,0.000
44.558,facade_clear,Can,-0.0218,0.0385,23.0851,0.0000,0,ChildNeutralIdle,0.1849,0.1694,0.000
44.591,facade_clear,Deniz,0.0000,0.0129,24.8332,0.0000,0,ChildNeutralIdle,0.2755,0.2952,0.000
44.591,facade_clear,Can,-0.0218,0.0385,23.0851,0.0000,0,ChildNeutralIdle,0.1846,0.1693,0.000
44.624,facade_clear,Deniz,0.0000,0.0129,24.8332,0.0000,0,ChildNeutralIdle,0.2753,0.2952,0.000
44.624,facade_clear,Can,-0.0218,0.0385,23.0851,0.0000,0,ChildNeutralIdle,0.1842,0.1692,0.000
44.658,facade_clear,Deniz,0.0000,0.0129,24.8332,0.0000,0,ChildNeutralIdle,0.2751,0.2952,0.000
44.658,facade_clear,Can,-0.0218,0.0385,23.0851,0.0000,0,ChildNeutralIdle,0.1838,0.1691,0.000
44.691,facade_clear,Deniz,0.0000,0.0129,24.8332,0.0000,0,ChildNeutralIdle,0.2750,0.2952,0.000
44.691,facade_clear,Can,-0.0218,0.0385,23.0851,0.0000,0,ChildNeutralIdle,0.1835,0.1691,0.000
44.724,facade_clear,Deniz,0.0000,0.0129,24.8332,0.0000,0,ChildNeutralIdle,0.2748,0.2952,0.000
44.724,facade_clear,Can,-0.0218,0.0385,23.0851,0.0000,0,ChildNeutralIdle,0.1831,0.1690,0.000
44.758,facade_clear,Deniz,0.0000,0.0129,24.8332,0.0000,0,ChildNeutralIdle,0.2747,0.2953,0.000
44.758,facade_clear,Can,-0.0218,0.0385,23.0851,0.0000,0,ChildNeutralIdle,0.1828,0.1690,0.000
44.791,facade_clear,Deniz,0.0000,0.0129,24.8332,0.0000,0,ChildNeutralIdle,0.2746,0.2953,0.000
44.791,facade_clear,Can,-0.0218,0.0385,23.0851,0.0000,0,ChildNeutralIdle,0.1825,0.1690,0.000
44.824,facade_clear,Deniz,0.0000,0.0129,24.8332,0.0000,0,ChildNeutralIdle,0.2745,0.2954,0.000
44.824,facade_clear,Can,-0.0218,0.0385,23.0851,0.0000,0,ChildNeutralIdle,0.1823,0.1691,0.000
44.858,facade_clear,Deniz,0.0000,0.0129,24.8332,0.0000,0,ChildNeutralIdle,0.2744,0.2955,0.000
44.858,facade_clear,Can,-0.0218,0.0385,23.0851,0.0000,0,ChildNeutralIdle,0.1820,0.1691,0.000
44.891,facade_clear,Deniz,0.0000,0.0129,24.8332,0.0000,0,ChildNeutralIdle,0.2743,0.2956,0.000
44.891,facade_clear,Can,-0.0218,0.0385,23.0851,0.0000,0,ChildNeutralIdle,0.1818,0.1692,0.000
44.924,facade_clear,Deniz,0.0000,0.0129,24.8332,0.0000,0,ChildNeutralIdle,0.2743,0.2958,0.000
44.924,facade_clear,Can,-0.0218,0.0385,23.0851,0.0000,0,ChildNeutralIdle,0.1816,0.1693,0.000
44.958,facade_clear,Deniz,0.0000,0.0129,24.8332,0.0000,0,ChildNeutralIdle,0.2742,0.2959,0.000
44.958,facade_clear,Can,-0.0218,0.0385,23.0851,0.0000,0,ChildNeutralIdle,0.1815,0.1694,0.000
44.991,facade_clear,Deniz,0.0000,0.0129,24.8332,0.0000,0,ChildNeutralIdle,0.2742,0.2961,0.000
44.991,facade_clear,Can,-0.0218,0.0385,23.0851,0.0000,0,ChildNeutralIdle,0.1814,0.1696,0.000
45.024,facade_clear,Deniz,0.0000,0.0129,24.8332,0.0000,0,ChildNeutralIdle,0.2741,0.2963,0.000
45.024,facade_clear,Can,-0.0218,0.0385,23.0851,0.0000,0,ChildNeutralIdle,0.1813,0.1697,0.000
45.058,facade_clear,Deniz,0.0000,0.0129,24.8332,0.0000,0,ChildNeutralIdle,0.2741,0.2966,0.000
45.058,facade_clear,Can,-0.0218,0.0385,23.0851,0.0000,0,ChildNeutralIdle,0.1812,0.1699,0.000
45.091,facade_clear,Deniz,0.0000,0.0129,24.8332,0.0000,0,ChildNeutralIdle,0.2742,0.2968,0.000
45.091,facade_clear,Can,-0.0218,0.0385,23.0851,0.0000,0,ChildNeutralIdle,0.1812,0.1701,0.000
45.124,facade_clear,Deniz,0.0000,0.0129,24.8332,0.0000,0,ChildNeutralIdle,0.2742,0.2971,0.000
45.124,facade_clear,Can,-0.0218,0.0385,23.0851,0.0000,0,ChildNeutralIdle,0.1812,0.1703,0.000
45.158,facade_clear,Deniz,0.0000,0.0129,24.8332,0.0000,0,ChildNeutralIdle,0.2743,0.2973,0.000
45.158,facade_clear,Can,-0.0218,0.0385,23.0851,0.0000,0,ChildNeutralIdle,0.1813,0.1705,0.000
45.191,facade_clear,Deniz,0.0000,0.0129,24.8332,0.0000,0,ChildNeutralIdle,0.2743,0.2976,0.000
45.191,facade_clear,Can,-0.0218,0.0385,23.0851,0.0000,0,ChildNeutralIdle,0.1813,0.1707,0.000
45.224,facade_clear,Deniz,0.0000,0.0129,24.8332,0.0000,0,ChildNeutralIdle,0.2744,0.2978,0.000
45.224,facade_clear,Can,-0.0218,0.0385,23.0851,0.0000,0,ChildNeutralIdle,0.1815,0.1709,0.000
45.258,facade_clear,Deniz,0.0000,0.0129,24.8332,0.0000,0,ChildNeutralIdle,0.2745,0.2981,0.000
45.258,facade_clear,Can,-0.0218,0.0385,23.0851,0.0000,0,ChildNeutralIdle,0.1816,0.1711,0.000
45.292,facade_clear,Deniz,0.0000,0.0129,24.8332,0.0000,0,ChildNeutralIdle,0.2747,0.2983,0.000
45.292,facade_clear,Can,-0.0218,0.0385,23.0851,0.0000,0,ChildNeutralIdle,0.1818,0.1714,0.000
45.325,facade_clear,Deniz,0.0000,0.0129,24.8332,0.0000,0,ChildNeutralIdle,0.2748,0.2985,0.000
45.325,facade_clear,Can,-0.0218,0.0385,23.0851,0.0000,0,ChildNeutralIdle,0.1820,0.1716,0.000
45.358,facade_clear,Deniz,0.0000,0.0129,24.8332,0.0000,0,ChildNeutralIdle,0.2750,0.2987,0.000
45.358,facade_clear,Can,-0.0218,0.0385,23.0851,0.0000,0,ChildNeutralIdle,0.1822,0.1718,0.000
45.391,facade_clear,Deniz,0.0000,0.0129,24.8332,0.0000,0,ChildNeutralIdle,0.2751,0.2988,0.000
45.391,facade_clear,Can,-0.0218,0.0385,23.0851,0.0000,0,ChildNeutralIdle,0.1825,0.1720,0.000
45.424,facade_clear,Deniz,0.0000,0.0129,24.8332,0.0000,0,ChildNeutralIdle,0.2753,0.2990,0.000
45.424,facade_clear,Can,-0.0218,0.0385,23.0851,0.0000,0,ChildNeutralIdle,0.1828,0.1722,0.000
45.459,facade_clear,Deniz,0.0000,0.0129,24.8332,0.0000,0,ChildNeutralIdle,0.2755,0.2991,0.000
45.459,facade_clear,Can,-0.0218,0.0385,23.0851,0.0000,0,ChildNeutralIdle,0.1831,0.1724,0.000
45.491,facade_clear,Deniz,0.0000,0.0129,24.8332,0.0000,0,ChildNeutralIdle,0.2757,0.2992,0.000
45.491,facade_clear,Can,-0.0218,0.0385,23.0851,0.0000,0,ChildNeutralIdle,0.1835,0.1726,0.000
45.524,facade_clear,Deniz,0.0000,0.0129,24.8332,0.0000,0,ChildNeutralIdle,0.2758,0.2994,0.000
45.524,facade_clear,Can,-0.0218,0.0385,23.0851,0.0000,0,ChildNeutralIdle,0.1838,0.1727,0.000
45.558,facade_clear,Deniz,0.0000,0.0129,24.8332,0.0000,0,ChildNeutralIdle,0.2760,0.2994,0.000
45.558,facade_clear,Can,-0.0218,0.0385,23.0851,0.0000,0,ChildNeutralIdle,0.1842,0.1729,0.000
45.591,facade_clear,Deniz,0.0000,0.0129,24.8332,0.0000,0,ChildNeutralIdle,0.2762,0.2995,0.000
45.591,facade_clear,Can,-0.0218,0.0385,23.0851,0.0000,0,ChildNeutralIdle,0.1846,0.1731,0.000
45.625,facade_clear,Deniz,0.0000,0.0129,24.8332,0.0000,0,ChildNeutralIdle,0.2764,0.2996,0.000
45.625,facade_clear,Can,-0.0218,0.0385,23.0851,0.0000,0,ChildNeutralIdle,0.1850,0.1732,0.000
45.658,facade_clear,Deniz,0.0000,0.0129,24.8332,0.0000,0,ChildNeutralIdle,0.2766,0.2996,0.000
45.658,facade_clear,Can,-0.0218,0.0385,23.0851,0.0000,0,ChildNeutralIdle,0.1854,0.1734,0.000
45.691,facade_clear,Deniz,0.0000,0.0129,24.8332,0.0000,0,ChildNeutralIdle,0.2768,0.2997,0.000
45.691,facade_clear,Can,-0.0218,0.0385,23.0851,0.0000,0,ChildNeutralIdle,0.1858,0.1735,0.000
45.726,facade_clear,Deniz,0.0000,0.0129,24.8332,0.0000,0,ChildNeutralIdle,0.2770,0.2997,0.000
45.726,facade_clear,Can,-0.0218,0.0385,23.0851,0.0000,0,ChildNeutralIdle,0.1862,0.1736,0.000
45.758,facade_clear,Deniz,0.0000,0.0129,24.8332,0.0000,0,ChildNeutralIdle,0.2772,0.2997,0.000
45.758,facade_clear,Can,-0.0218,0.0385,23.0851,0.0000,0,ChildNeutralIdle,0.1866,0.1738,0.000
45.791,facade_clear,Deniz,0.0000,0.0129,24.8332,0.0000,0,ChildNeutralIdle,0.2774,0.2997,0.000
45.791,facade_clear,Can,-0.0218,0.0385,23.0851,0.0000,0,ChildNeutralIdle,0.1870,0.1739,0.000
45.825,facade_clear,Deniz,0.0000,0.0129,24.8332,0.0000,0,ChildNeutralIdle,0.2775,0.2997,0.000
45.825,facade_clear,Can,-0.0218,0.0385,23.0851,0.0000,0,ChildNeutralIdle,0.1874,0.1740,0.000
45.857,facade_clear,Deniz,0.0000,0.0129,24.8332,0.0000,0,ChildNeutralIdle,0.2777,0.2997,0.000
45.857,facade_clear,Can,-0.0218,0.0385,23.0851,0.0000,0,ChildNeutralIdle,0.1878,0.1740,0.000
45.891,facade_clear,Deniz,0.0000,0.0129,24.8332,0.0000,0,ChildNeutralIdle,0.2779,0.2997,0.000
45.891,facade_clear,Can,-0.0218,0.0385,23.0851,0.0000,0,ChildNeutralIdle,0.1882,0.1741,0.000
45.924,facade_clear,Deniz,0.0000,0.0129,24.8332,0.0000,0,ChildNeutralIdle,0.2780,0.2996,0.000
45.924,facade_clear,Can,-0.0218,0.0385,23.0851,0.0000,0,ChildNeutralIdle,0.1885,0.1741,0.000
45.957,facade_clear,Deniz,0.0000,0.0129,24.8332,0.0000,0,ChildNeutralIdle,0.2782,0.2996,0.000
45.957,facade_clear,Can,-0.0218,0.0385,23.0851,0.0000,0,ChildNeutralIdle,0.1888,0.1742,0.000
45.991,facade_clear,Deniz,0.0000,0.0129,24.8332,0.0000,0,ChildNeutralIdle,0.2783,0.2995,0.000
45.991,facade_clear,Can,-0.0218,0.0385,23.0851,0.0000,0,ChildNeutralIdle,0.1892,0.1742,0.000
46.024,facade_clear,Deniz,0.0000,0.0129,24.8332,0.0000,0,ChildNeutralIdle,0.2784,0.2994,0.000
46.024,facade_clear,Can,-0.0218,0.0385,23.0851,0.0000,0,ChildNeutralIdle,0.1894,0.1742,0.000
46.058,facade_clear,Deniz,0.0000,0.0129,24.8332,0.0000,0,ChildNeutralIdle,0.2786,0.2993,0.000
46.058,facade_clear,Can,-0.0218,0.0385,23.0851,0.0000,0,ChildNeutralIdle,0.1897,0.1741,0.000
46.091,facade_clear,Deniz,0.0000,0.0129,24.8332,0.0000,0,ChildNeutralIdle,0.2787,0.2992,0.000
46.091,facade_clear,Can,-0.0218,0.0385,23.0851,0.0000,0,ChildNeutralIdle,0.1899,0.1741,0.000
46.126,facade_clear,Deniz,0.0000,0.0129,24.8332,0.0000,0,ChildNeutralIdle,0.2787,0.2990,0.000
46.126,facade_clear,Can,-0.0218,0.0385,23.0851,0.0000,0,ChildNeutralIdle,0.1901,0.1740,0.000
46.157,facade_clear,Deniz,0.0000,0.0129,24.8332,0.0000,0,ChildNeutralIdle,0.2788,0.2989,0.000
46.157,facade_clear,Can,-0.0218,0.0385,23.0851,0.0000,0,ChildNeutralIdle,0.1902,0.1739,0.000
46.191,facade_clear,Deniz,0.0000,0.0129,24.8332,0.0000,0,ChildNeutralIdle,0.2789,0.2987,0.000
46.191,facade_clear,Can,-0.0218,0.0385,23.0851,0.0000,0,ChildNeutralIdle,0.1903,0.1738,0.000
46.225,facade_clear,Deniz,0.0000,0.0129,24.8332,0.0000,0,ChildNeutralIdle,0.2789,0.2985,0.000
46.225,facade_clear,Can,-0.0218,0.0385,23.0851,0.0000,0,ChildNeutralIdle,0.1904,0.1737,0.000
46.258,facade_clear,Deniz,0.0000,0.0129,24.8332,0.0000,0,ChildNeutralIdle,0.2789,0.2983,0.000
46.258,facade_clear,Can,-0.0218,0.0385,23.0851,0.0000,0,ChildNeutralIdle,0.1905,0.1736,0.000
46.292,facade_clear,Deniz,0.0000,0.0129,24.8332,0.0000,0,ChildNeutralIdle,0.2789,0.2981,0.000
46.292,facade_clear,Can,-0.0218,0.0385,23.0851,0.0000,0,ChildNeutralIdle,0.1905,0.1735,0.000
46.324,facade_clear,Deniz,0.0000,0.0129,24.8332,0.0000,0,ChildNeutralIdle,0.2788,0.2979,0.000
46.324,facade_clear,Can,-0.0218,0.0385,23.0851,0.0000,0,ChildNeutralIdle,0.1905,0.1733,0.000
46.358,facade_clear,Deniz,0.0000,0.0129,24.8332,0.0000,0,ChildNeutralIdle,0.2787,0.2978,0.000
46.358,facade_clear,Can,-0.0218,0.0385,23.0851,0.0000,0,ChildNeutralIdle,0.1904,0.1731,0.000
46.391,facade_clear,Deniz,0.0000,0.0129,24.8332,0.0000,0,ChildNeutralIdle,0.2786,0.2976,0.000
46.391,facade_clear,Can,-0.0218,0.0385,23.0851,0.0000,0,ChildNeutralIdle,0.1903,0.1730,0.000
46.424,facade_clear,Deniz,0.0000,0.0129,24.8332,0.0000,0,ChildNeutralIdle,0.2785,0.2974,0.000
46.424,facade_clear,Can,-0.0218,0.0385,23.0851,0.0000,0,ChildNeutralIdle,0.1902,0.1728,0.000
46.458,facade_clear,Deniz,0.0000,0.0129,24.8332,0.0000,0,ChildNeutralIdle,0.2784,0.2973,0.000
46.458,facade_clear,Can,-0.0218,0.0385,23.0851,0.0000,0,ChildNeutralIdle,0.1901,0.1726,0.000
46.491,facade_clear,Deniz,0.0000,0.0129,24.8332,0.0000,0,ChildNeutralIdle,0.2783,0.2971,0.000
46.491,facade_clear,Can,-0.0218,0.0385,23.0851,0.0000,0,ChildNeutralIdle,0.1899,0.1724,0.000
46.524,facade_clear,Deniz,0.0000,0.0129,24.8332,0.0000,0,ChildNeutralIdle,0.2781,0.2970,0.000
46.524,facade_clear,Can,-0.0218,0.0385,23.0851,0.0000,0,ChildNeutralIdle,0.1897,0.1722,0.000
46.558,facade_clear,Deniz,0.0000,0.0129,24.8332,0.0000,0,ChildNeutralIdle,0.2779,0.2968,0.000
46.558,facade_clear,Can,-0.0218,0.0385,23.0851,0.0000,0,ChildNeutralIdle,0.1895,0.1720,0.000
46.591,facade_clear,Deniz,0.0000,0.0129,24.8332,0.0000,0,ChildNeutralIdle,0.2778,0.2967,0.000
46.591,facade_clear,Can,-0.0218,0.0385,23.0851,0.0000,0,ChildNeutralIdle,0.1892,0.1718,0.000
46.624,facade_clear,Deniz,0.0000,0.0129,24.8332,0.0000,0,ChildNeutralIdle,0.2776,0.2965,0.000
46.624,facade_clear,Can,-0.0218,0.0385,23.0851,0.0000,0,ChildNeutralIdle,0.1889,0.1716,0.000
46.658,facade_clear,Deniz,0.0000,0.0129,24.8332,0.0000,0,ChildNeutralIdle,0.2774,0.2964,0.000
46.658,facade_clear,Can,-0.0218,0.0385,23.0851,0.0000,0,ChildNeutralIdle,0.1886,0.1714,0.000
46.691,facade_clear,Deniz,0.0000,0.0129,24.8332,0.0000,0,ChildNeutralIdle,0.2772,0.2963,0.000
46.691,facade_clear,Can,-0.0218,0.0385,23.0851,0.0000,0,ChildNeutralIdle,0.1883,0.1712,0.000
46.724,facade_clear,Deniz,0.0000,0.0129,24.8332,0.0000,0,ChildNeutralIdle,0.2769,0.2961,0.000
46.724,facade_clear,Can,-0.0218,0.0385,23.0851,0.0000,0,ChildNeutralIdle,0.1879,0.1711,0.000
46.758,facade_clear,Deniz,0.0000,0.0129,24.8332,0.0000,0,ChildNeutralIdle,0.2767,0.2960,0.000
46.758,facade_clear,Can,-0.0218,0.0385,23.0851,0.0000,0,ChildNeutralIdle,0.1875,0.1709,0.000
46.791,facade_clear,Deniz,0.0000,0.0129,24.8332,0.0000,0,ChildNeutralIdle,0.2765,0.2959,0.000
46.791,facade_clear,Can,-0.0218,0.0385,23.0851,0.0000,0,ChildNeutralIdle,0.1871,0.1707,0.000
46.824,facade_clear,Deniz,0.0000,0.0129,24.8332,0.0000,0,ChildNeutralIdle,0.2763,0.2959,0.000
46.824,facade_clear,Can,-0.0218,0.0385,23.0851,0.0000,0,ChildNeutralIdle,0.1867,0.1705,0.000
46.857,facade_clear,Deniz,0.0000,0.0129,24.8332,0.0000,0,ChildNeutralIdle,0.2761,0.2958,0.000
46.857,facade_clear,Can,-0.0218,0.0385,23.0851,0.0000,0,ChildNeutralIdle,0.1863,0.1704,0.000
46.892,facade_clear,Deniz,0.0000,0.0129,24.8332,0.0000,0,ChildNeutralIdle,0.2759,0.2958,0.000
46.892,facade_clear,Can,-0.0218,0.0385,23.0851,0.0000,0,ChildNeutralIdle,0.1858,0.1702,0.000
46.926,facade_clear,Deniz,0.0000,0.0129,24.8332,0.0000,0,ChildNeutralIdle,0.2756,0.2957,0.000
46.926,facade_clear,Can,-0.0218,0.0385,23.0851,0.0000,0,ChildNeutralIdle,0.1854,0.1701,0.000
46.958,facade_clear,Deniz,0.0000,0.0129,24.8332,0.0000,0,ChildNeutralIdle,0.2754,0.2957,0.000
46.958,facade_clear,Can,-0.0218,0.0385,23.0851,0.0000,0,ChildNeutralIdle,0.1850,0.1699,0.000
46.991,facade_clear,Deniz,0.0000,0.0129,24.8332,0.0000,0,ChildNeutralIdle,0.2752,0.2957,0.000
46.991,facade_clear,Can,-0.0218,0.0385,23.0851,0.0000,0,ChildNeutralIdle,0.1846,0.1698,0.000
47.030,facade_clear,Deniz,0.0000,0.0129,24.8332,0.0000,0,ChildNeutralIdle,0.2750,0.2957,0.000
47.030,facade_clear,Can,-0.0218,0.0385,23.0851,0.0000,0,ChildNeutralIdle,0.1842,0.1697,0.000
47.063,facade_clear,Deniz,0.0000,0.0129,24.8332,0.0000,0,ChildNeutralIdle,0.2748,0.2957,0.000
47.063,facade_clear,Can,-0.0218,0.0385,23.0851,0.0000,0,ChildNeutralIdle,0.1838,0.1696,0.000
47.096,facade_clear,Deniz,0.0000,0.0129,24.8332,0.0000,0,ChildNeutralIdle,0.2747,0.2958,0.000
47.096,facade_clear,Can,-0.0218,0.0385,23.0851,0.0000,0,ChildNeutralIdle,0.1834,0.1695,0.000
47.129,facade_clear,Deniz,0.0000,0.0129,24.8332,0.0000,0,ChildNeutralIdle,0.2745,0.2958,0.000
47.129,facade_clear,Can,-0.0218,0.0385,23.0851,0.0000,0,ChildNeutralIdle,0.1830,0.1695,0.000
47.163,facade_clear,Deniz,0.0000,0.0129,24.8332,0.0000,0,ChildNeutralIdle,0.2743,0.2959,0.000
47.163,facade_clear,Can,-0.0218,0.0385,23.0851,0.0000,0,ChildNeutralIdle,0.1827,0.1695,0.000
47.196,facade_clear,Deniz,0.0000,0.0129,24.8332,0.0000,0,ChildNeutralIdle,0.2742,0.2959,0.000
47.196,facade_clear,Can,-0.0218,0.0385,23.0851,0.0000,0,ChildNeutralIdle,0.1823,0.1695,0.000
47.230,facade_clear,Deniz,0.0000,0.0129,24.8332,0.0000,0,ChildNeutralIdle,0.2740,0.2960,0.000
47.230,facade_clear,Can,-0.0218,0.0385,23.0851,0.0000,0,ChildNeutralIdle,0.1820,0.1695,0.000
47.263,facade_clear,Deniz,0.0000,0.0129,24.8332,0.0000,0,ChildNeutralIdle,0.2739,0.2961,0.000
47.263,facade_clear,Can,-0.0218,0.0385,23.0851,0.0000,0,ChildNeutralIdle,0.1818,0.1696,0.000
47.298,facade_clear,Deniz,0.0000,0.0129,24.8332,0.0000,0,ChildNeutralIdle,0.2738,0.2962,0.000
47.298,facade_clear,Can,-0.0218,0.0385,23.0851,0.0000,0,ChildNeutralIdle,0.1817,0.1697,0.000
47.330,facade_clear,Deniz,0.0000,0.0129,24.8332,0.0000,0,ChildNeutralIdle,0.2737,0.2964,0.000
47.330,facade_clear,Can,-0.0218,0.0385,23.0851,0.0000,0,ChildNeutralIdle,0.1815,0.1698,0.000
47.363,facade_clear,Deniz,0.0000,0.0129,24.8332,0.0000,0,ChildNeutralIdle,0.2737,0.2965,0.000
47.363,facade_clear,Can,-0.0218,0.0385,23.0851,0.0000,0,ChildNeutralIdle,0.1814,0.1700,0.000
47.397,facade_clear,Deniz,0.0000,0.0129,24.8332,0.0000,0,ChildNeutralIdle,0.2737,0.2967,0.000
47.397,facade_clear,Can,-0.0218,0.0385,23.0851,0.0000,0,ChildNeutralIdle,0.1813,0.1701,0.000
47.430,facade_clear,Deniz,0.0000,0.0129,24.8332,0.0000,0,ChildNeutralIdle,0.2738,0.2969,0.000
47.430,facade_clear,Can,-0.0218,0.0385,23.0851,0.0000,0,ChildNeutralIdle,0.1812,0.1703,0.000
47.463,facade_clear,Deniz,0.0000,0.0129,24.8332,0.0000,0,ChildNeutralIdle,0.2738,0.2971,0.000
47.463,facade_clear,Can,-0.0218,0.0385,23.0851,0.0000,0,ChildNeutralIdle,0.1812,0.1705,0.000
47.496,facade_clear,Deniz,0.0000,0.0129,24.8332,0.0000,0,ChildNeutralIdle,0.2739,0.2973,0.000
47.496,facade_clear,Can,-0.0218,0.0385,23.0851,0.0000,0,ChildNeutralIdle,0.1812,0.1706,0.000
47.529,facade_clear,Deniz,0.0000,0.0129,24.8332,0.0000,0,ChildNeutralIdle,0.2740,0.2975,0.000
47.529,facade_clear,Can,-0.0218,0.0385,23.0851,0.0000,0,ChildNeutralIdle,0.1812,0.1708,0.000
47.563,facade_clear,Deniz,0.0000,0.0129,24.8332,0.0000,0,ChildNeutralIdle,0.2741,0.2977,0.000
47.563,facade_clear,Can,-0.0218,0.0385,23.0851,0.0000,0,ChildNeutralIdle,0.1813,0.1710,0.000
47.596,facade_clear,Deniz,0.0000,0.0129,24.8332,0.0000,0,ChildNeutralIdle,0.2742,0.2978,0.000
47.596,facade_clear,Can,-0.0218,0.0385,23.0851,0.0000,0,ChildNeutralIdle,0.1813,0.1712,0.000
47.630,facade_clear,Deniz,0.0000,0.0129,24.8332,0.0000,0,ChildNeutralIdle,0.2743,0.2980,0.000
47.630,facade_clear,Can,-0.0218,0.0385,23.0851,0.0000,0,ChildNeutralIdle,0.1815,0.1714,0.000
47.663,facade_clear,Deniz,0.0000,0.0129,24.8332,0.0000,0,ChildNeutralIdle,0.2744,0.2982,0.000
47.663,facade_clear,Can,-0.0218,0.0385,23.0851,0.0000,0,ChildNeutralIdle,0.1816,0.1716,0.000
47.696,facade_clear,Deniz,0.0000,0.0129,24.8332,0.0000,0,ChildNeutralIdle,0.2746,0.2984,0.000
47.696,facade_clear,Can,-0.0218,0.0385,23.0851,0.0000,0,ChildNeutralIdle,0.1818,0.1719,0.000
47.730,facade_clear,Deniz,0.0000,0.0129,24.8332,0.0000,0,ChildNeutralIdle,0.2747,0.2985,0.000
47.730,facade_clear,Can,-0.0218,0.0385,23.0851,0.0000,0,ChildNeutralIdle,0.1820,0.1721,0.000
47.774,street,Deniz,0.0000,0.0129,24.8332,0.0000,0,ChildNeutralIdle,0.2749,0.2987,0.000
47.774,street,Can,-0.0218,0.0385,23.0851,0.0000,0,ChildNeutralIdle,0.1822,0.1723,0.000
47.799,street,Deniz,0.0000,0.0129,24.8332,0.0000,0,ChildNeutralIdle,0.2751,0.2988,0.000
47.799,street,Can,-0.0218,0.0385,23.0851,0.0000,0,ChildNeutralIdle,0.1825,0.1725,0.000
47.832,street,Deniz,0.0000,0.0129,24.8332,0.0000,0,ChildNeutralIdle,0.2752,0.2989,0.000
47.832,street,Can,-0.0218,0.0385,23.0851,0.0000,0,ChildNeutralIdle,0.1828,0.1727,0.000
47.866,street,Deniz,0.0000,0.0129,24.8332,0.0000,0,ChildNeutralIdle,0.2754,0.2991,0.000
47.866,street,Can,-0.0218,0.0385,23.0851,0.0000,0,ChildNeutralIdle,0.1831,0.1729,0.000
47.899,street,Deniz,0.0000,0.0129,24.8332,0.0000,0,ChildNeutralIdle,0.2756,0.2992,0.000
47.899,street,Can,-0.0218,0.0385,23.0851,0.0000,0,ChildNeutralIdle,0.1834,0.1730,0.000
47.932,street,Deniz,0.0000,0.0129,24.8332,0.0000,0,ChildNeutralIdle,0.2758,0.2993,0.000
47.932,street,Can,-0.0218,0.0385,23.0851,0.0000,0,ChildNeutralIdle,0.1838,0.1732,0.000
47.965,street,Deniz,0.0000,0.0129,24.8332,0.0000,0,ChildNeutralIdle,0.2760,0.2994,0.000
47.965,street,Can,-0.0218,0.0385,23.0851,0.0000,0,ChildNeutralIdle,0.1841,0.1734,0.000
47.999,street,Deniz,0.0000,0.0129,24.8332,0.0000,0,ChildNeutralIdle,0.2762,0.2995,0.000
47.999,street,Can,-0.0218,0.0385,23.0851,0.0000,0,ChildNeutralIdle,0.1845,0.1735,0.000
48.032,street,Deniz,0.0000,0.0129,24.8332,0.0000,0,ChildNeutralIdle,0.2764,0.2996,0.000
48.032,street,Can,-0.0218,0.0385,23.0851,0.0000,0,ChildNeutralIdle,0.1849,0.1737,0.000
48.066,street,Deniz,0.0000,0.0129,24.8332,0.0000,0,ChildNeutralIdle,0.2766,0.2996,0.000
48.066,street,Can,-0.0218,0.0385,23.0851,0.0000,0,ChildNeutralIdle,0.1853,0.1738,0.000
48.099,street,Deniz,0.0000,0.0129,24.8332,0.0000,0,ChildNeutralIdle,0.2768,0.2997,0.000
48.099,street,Can,-0.0218,0.0385,23.0851,0.0000,0,ChildNeutralIdle,0.1857,0.1739,0.000
48.132,street,Deniz,0.0000,0.0129,24.8332,0.0000,0,ChildNeutralIdle,0.2770,0.2997,0.000
48.132,street,Can,-0.0218,0.0385,23.0851,0.0000,0,ChildNeutralIdle,0.1861,0.1740,0.000
48.166,street,Deniz,0.0000,0.0129,24.8332,0.0000,0,ChildNeutralIdle,0.2772,0.2997,0.000
48.166,street,Can,-0.0218,0.0385,23.0851,0.0000,0,ChildNeutralIdle,0.1865,0.1741,0.000
48.198,street,Deniz,0.0000,0.0129,24.8332,0.0000,0,ChildNeutralIdle,0.2774,0.2997,0.000
48.198,street,Can,-0.0218,0.0385,23.0851,0.0000,0,ChildNeutralIdle,0.1869,0.1742,0.000
48.231,street,Deniz,0.0000,0.0129,24.8332,0.0000,0,ChildNeutralIdle,0.2776,0.2997,0.000
48.231,street,Can,-0.0218,0.0385,23.0851,0.0000,0,ChildNeutralIdle,0.1873,0.1742,0.000
48.265,street,Deniz,0.0000,0.0129,24.8332,0.0000,0,ChildNeutralIdle,0.2778,0.2996,0.000
48.265,street,Can,-0.0218,0.0385,23.0851,0.0000,0,ChildNeutralIdle,0.1877,0.1743,0.000
48.299,street,Deniz,0.0000,0.0129,24.8332,0.0000,0,ChildNeutralIdle,0.2780,0.2996,0.000
48.299,street,Can,-0.0218,0.0385,23.0851,0.0000,0,ChildNeutralIdle,0.1880,0.1743,0.000
48.332,street,Deniz,0.0000,0.0129,24.8332,0.0000,0,ChildNeutralIdle,0.2782,0.2995,0.000
48.332,street,Can,-0.0218,0.0385,23.0851,0.0000,0,ChildNeutralIdle,0.1884,0.1743,0.000
48.365,street,Deniz,0.0000,0.0129,24.8332,0.0000,0,ChildNeutralIdle,0.2783,0.2995,0.000
48.365,street,Can,-0.0218,0.0385,23.0851,0.0000,0,ChildNeutralIdle,0.1887,0.1743,0.000
48.399,street,Deniz,0.0000,0.0129,24.8332,0.0000,0,ChildNeutralIdle,0.2785,0.2994,0.000
48.399,street,Can,-0.0218,0.0385,23.0851,0.0000,0,ChildNeutralIdle,0.1890,0.1743,0.000
48.432,street,Deniz,0.0000,0.0129,24.8332,0.0000,0,ChildNeutralIdle,0.2786,0.2993,0.000
48.432,street,Can,-0.0218,0.0385,23.0851,0.0000,0,ChildNeutralIdle,0.1892,0.1742,0.000
48.465,street,Deniz,0.0000,0.0129,24.8332,0.0000,0,ChildNeutralIdle,0.2787,0.2992,0.000
48.465,street,Can,-0.0218,0.0385,23.0851,0.0000,0,ChildNeutralIdle,0.1895,0.1742,0.000
48.499,street,Deniz,0.0000,0.0129,24.8332,0.0000,0,ChildNeutralIdle,0.2788,0.2992,0.000
48.499,street,Can,-0.0218,0.0385,23.0851,0.0000,0,ChildNeutralIdle,0.1897,0.1741,0.000
48.532,street,Deniz,0.0000,0.0129,24.8332,0.0000,0,ChildNeutralIdle,0.2789,0.2991,0.000
48.532,street,Can,-0.0218,0.0385,23.0851,0.0000,0,ChildNeutralIdle,0.1898,0.1740,0.000
48.566,street,Deniz,0.0000,0.0129,24.8332,0.0000,0,ChildNeutralIdle,0.2790,0.2989,0.000
48.566,street,Can,-0.0218,0.0385,23.0851,0.0000,0,ChildNeutralIdle,0.1899,0.1739,0.000
48.598,street,Deniz,0.0000,0.0129,24.8332,0.0000,0,ChildNeutralIdle,0.2790,0.2988,0.000
48.598,street,Can,-0.0218,0.0385,23.0851,0.0000,0,ChildNeutralIdle,0.1900,0.1737,0.000
48.632,street,Deniz,0.0000,0.0129,24.8332,0.0000,0,ChildNeutralIdle,0.2790,0.2987,0.000
48.632,street,Can,-0.0218,0.0385,23.0851,0.0000,0,ChildNeutralIdle,0.1901,0.1736,0.000
48.666,street,Deniz,0.0000,0.0129,24.8332,0.0000,0,ChildNeutralIdle,0.2790,0.2985,0.000
48.666,street,Can,-0.0218,0.0385,23.0851,0.0000,0,ChildNeutralIdle,0.1901,0.1734,0.000
48.699,street,Deniz,0.0000,0.0129,24.8332,0.0000,0,ChildNeutralIdle,0.2790,0.2983,0.000
48.699,street,Can,-0.0218,0.0385,23.0851,0.0000,0,ChildNeutralIdle,0.1901,0.1733,0.000
48.732,street,Deniz,0.0000,0.0129,24.8332,0.0000,0,ChildNeutralIdle,0.2789,0.2981,0.000
48.732,street,Can,-0.0218,0.0385,23.0851,0.0000,0,ChildNeutralIdle,0.1901,0.1731,0.000
48.765,street,Deniz,0.0000,0.0129,24.8332,0.0000,0,ChildNeutralIdle,0.2788,0.2979,0.000
48.765,street,Can,-0.0218,0.0385,23.0851,0.0000,0,ChildNeutralIdle,0.1900,0.1729,0.000
48.799,street,Deniz,0.0000,0.0129,24.8332,0.0000,0,ChildNeutralIdle,0.2787,0.2977,0.000
48.799,street,Can,-0.0218,0.0385,23.0851,0.0000,0,ChildNeutralIdle,0.1899,0.1727,0.000
48.833,street,Deniz,0.0000,0.0129,24.8332,0.0000,0,ChildNeutralIdle,0.2786,0.2975,0.000
48.833,street,Can,-0.0218,0.0385,23.0851,0.0000,0,ChildNeutralIdle,0.1898,0.1725,0.000
48.865,street,Deniz,0.0000,0.0129,24.8332,0.0000,0,ChildNeutralIdle,0.2785,0.2973,0.000
48.865,street,Can,-0.0218,0.0385,23.0851,0.0000,0,ChildNeutralIdle,0.1897,0.1723,0.000
48.899,street,Deniz,0.0000,0.0129,24.8332,0.0000,0,ChildNeutralIdle,0.2783,0.2971,0.000
48.899,street,Can,-0.0218,0.0385,23.0851,0.0000,0,ChildNeutralIdle,0.1895,0.1721,0.000
48.935,street,Deniz,0.0000,0.0129,24.8332,0.0000,0,ChildNeutralIdle,0.2782,0.2969,0.000
48.935,street,Can,-0.0218,0.0385,23.0851,0.0000,0,ChildNeutralIdle,0.1893,0.1719,0.000
48.965,street,Deniz,0.0000,0.0129,24.8332,0.0000,0,ChildNeutralIdle,0.2780,0.2967,0.000
48.965,street,Can,-0.0218,0.0385,23.0851,0.0000,0,ChildNeutralIdle,0.1891,0.1717,0.000
48.999,street,Deniz,0.0000,0.0129,24.8332,0.0000,0,ChildNeutralIdle,0.2778,0.2965,0.000
48.999,street,Can,-0.0218,0.0385,23.0851,0.0000,0,ChildNeutralIdle,0.1889,0.1715,0.000
49.032,street,Deniz,0.0000,0.0129,24.8332,0.0000,0,ChildNeutralIdle,0.2776,0.2963,0.000
49.032,street,Can,-0.0218,0.0385,23.0851,0.0000,0,ChildNeutralIdle,0.1886,0.1712,0.000
49.065,street,Deniz,0.0000,0.0129,24.8332,0.0000,0,ChildNeutralIdle,0.2775,0.2962,0.000
49.065,street,Can,-0.0218,0.0385,23.0851,0.0000,0,ChildNeutralIdle,0.1883,0.1710,0.000
49.099,street,Deniz,0.0000,0.0129,24.8332,0.0000,0,ChildNeutralIdle,0.2773,0.2960,0.000
49.099,street,Can,-0.0218,0.0385,23.0851,0.0000,0,ChildNeutralIdle,0.1880,0.1708,0.000
49.132,street,Deniz,0.0000,0.0129,24.8332,0.0000,0,ChildNeutralIdle,0.2771,0.2958,0.000
49.132,street,Can,-0.0218,0.0385,23.0851,0.0000,0,ChildNeutralIdle,0.1877,0.1706,0.000
49.166,street,Deniz,0.0000,0.0129,24.8332,0.0000,0,ChildNeutralIdle,0.2769,0.2957,0.000
49.166,street,Can,-0.0218,0.0385,23.0851,0.0000,0,ChildNeutralIdle,0.1874,0.1704,0.000
49.199,street,Deniz,0.0000,0.0129,24.8332,0.0000,0,ChildNeutralIdle,0.2767,0.2956,0.000
49.199,street,Can,-0.0218,0.0385,23.0851,0.0000,0,ChildNeutralIdle,0.1870,0.1702,0.000
49.232,street,Deniz,0.0000,0.0129,24.8332,0.0000,0,ChildNeutralIdle,0.2765,0.2955,0.000
49.232,street,Can,-0.0218,0.0385,23.0851,0.0000,0,ChildNeutralIdle,0.1866,0.1701,0.000
49.265,street,Deniz,0.0000,0.0129,24.8332,0.0000,0,ChildNeutralIdle,0.2763,0.2954,0.000
49.265,street,Can,-0.0218,0.0385,23.0851,0.0000,0,ChildNeutralIdle,0.1862,0.1699,0.000
49.299,street,Deniz,0.0000,0.0129,24.8332,0.0000,0,ChildNeutralIdle,0.2761,0.2953,0.000
49.299,street,Can,-0.0218,0.0385,23.0851,0.0000,0,ChildNeutralIdle,0.1858,0.1697,0.000
49.333,street,Deniz,0.0000,0.0129,24.8332,0.0000,0,ChildNeutralIdle,0.2759,0.2953,0.000
49.333,street,Can,-0.0218,0.0385,23.0851,0.0000,0,ChildNeutralIdle,0.1854,0.1696,0.000
49.366,street,Deniz,0.0000,0.0129,24.8332,0.0000,0,ChildNeutralIdle,0.2757,0.2953,0.000
49.366,street,Can,-0.0218,0.0385,23.0851,0.0000,0,ChildNeutralIdle,0.1850,0.1694,0.000
49.398,street,Deniz,0.0000,0.0129,24.8332,0.0000,0,ChildNeutralIdle,0.2755,0.2952,0.000
49.398,street,Can,-0.0218,0.0385,23.0851,0.0000,0,ChildNeutralIdle,0.1847,0.1693,0.000
49.432,street,Deniz,0.0000,0.0129,24.8332,0.0000,0,ChildNeutralIdle,0.2753,0.2952,0.000
49.432,street,Can,-0.0218,0.0385,23.0851,0.0000,0,ChildNeutralIdle,0.1843,0.1692,0.000
49.465,street,Deniz,0.0000,0.0129,24.8332,0.0000,0,ChildNeutralIdle,0.2752,0.2952,0.000
49.465,street,Can,-0.0218,0.0385,23.0851,0.0000,0,ChildNeutralIdle,0.1839,0.1691,0.000
49.499,street,Deniz,0.0000,0.0129,24.8332,0.0000,0,ChildNeutralIdle,0.2750,0.2952,0.000
49.499,street,Can,-0.0218,0.0385,23.0851,0.0000,0,ChildNeutralIdle,0.1836,0.1691,0.000
49.533,street,Deniz,0.0000,0.0129,24.8332,0.0000,0,ChildNeutralIdle,0.2749,0.2952,0.000
49.533,street,Can,-0.0218,0.0385,23.0851,0.0000,0,ChildNeutralIdle,0.1832,0.1690,0.000
49.566,street,Deniz,0.0000,0.0129,24.8332,0.0000,0,ChildNeutralIdle,0.2747,0.2953,0.000
49.566,street,Can,-0.0218,0.0385,23.0851,0.0000,0,ChildNeutralIdle,0.1829,0.1690,0.000
49.599,street,Deniz,0.0000,0.0129,24.8332,0.0000,0,ChildNeutralIdle,0.2746,0.2953,0.000
49.599,street,Can,-0.0218,0.0385,23.0851,0.0000,0,ChildNeutralIdle,0.1826,0.1690,0.000
49.632,street,Deniz,0.0000,0.0129,24.8332,0.0000,0,ChildNeutralIdle,0.2745,0.2954,0.000
49.632,street,Can,-0.0218,0.0385,23.0851,0.0000,0,ChildNeutralIdle,0.1823,0.1690,0.000
49.666,street,Deniz,0.0000,0.0129,24.8332,0.0000,0,ChildNeutralIdle,0.2744,0.2955,0.000
49.666,street,Can,-0.0218,0.0385,23.0851,0.0000,0,ChildNeutralIdle,0.1821,0.1691,0.000
49.699,street,Deniz,0.0000,0.0129,24.8332,0.0000,0,ChildNeutralIdle,0.2743,0.2956,0.000
49.699,street,Can,-0.0218,0.0385,23.0851,0.0000,0,ChildNeutralIdle,0.1819,0.1692,0.000
49.732,street,Deniz,0.0000,0.0129,24.8332,0.0000,0,ChildNeutralIdle,0.2743,0.2957,0.000
49.732,street,Can,-0.0218,0.0385,23.0851,0.0000,0,ChildNeutralIdle,0.1817,0.1693,0.000
49.765,street,Deniz,0.0000,0.0129,24.8332,0.0000,0,ChildNeutralIdle,0.2742,0.2959,0.000
49.765,street,Can,-0.0218,0.0385,23.0851,0.0000,0,ChildNeutralIdle,0.1815,0.1694,0.000
49.799,street,Deniz,0.0000,0.0129,24.8332,0.0000,0,ChildNeutralIdle,0.2742,0.2961,0.000
49.799,street,Can,-0.0218,0.0385,23.0851,0.0000,0,ChildNeutralIdle,0.1814,0.1695,0.000
49.832,street,Deniz,0.0000,0.0129,24.8332,0.0000,0,ChildNeutralIdle,0.2742,0.2963,0.000
49.832,street,Can,-0.0218,0.0385,23.0851,0.0000,0,ChildNeutralIdle,0.1813,0.1697,0.000
49.865,street,Deniz,0.0000,0.0129,24.8332,0.0000,0,ChildNeutralIdle,0.2741,0.2965,0.000
49.865,street,Can,-0.0218,0.0385,23.0851,0.0000,0,ChildNeutralIdle,0.1812,0.1699,0.000
49.899,street,Deniz,0.0000,0.0129,24.8332,0.0000,0,ChildNeutralIdle,0.2742,0.2968,0.000
49.899,street,Can,-0.0218,0.0385,23.0851,0.0000,0,ChildNeutralIdle,0.1812,0.1701,0.000
49.932,street,Deniz,0.0000,0.0129,24.8332,0.0000,0,ChildNeutralIdle,0.2742,0.2970,0.000
49.932,street,Can,-0.0218,0.0385,23.0851,0.0000,0,ChildNeutralIdle,0.1812,0.1703,0.000
49.966,street,Deniz,0.0000,0.0129,24.8332,0.0000,0,ChildNeutralIdle,0.2742,0.2973,0.000
49.966,street,Can,-0.0218,0.0385,23.0851,0.0000,0,ChildNeutralIdle,0.1812,0.1705,0.000
49.999,street,Deniz,0.0000,0.0129,24.8332,0.0000,0,ChildNeutralIdle,0.2743,0.2975,0.000
49.999,street,Can,-0.0218,0.0385,23.0851,0.0000,0,ChildNeutralIdle,0.1813,0.1707,0.000
50.032,street,Deniz,0.0000,0.0129,24.8332,0.0000,0,ChildNeutralIdle,0.2744,0.2978,0.000
50.032,street,Can,-0.0218,0.0385,23.0851,0.0000,0,ChildNeutralIdle,0.1814,0.1709,0.000
50.066,street,Deniz,0.0000,0.0129,24.8332,0.0000,0,ChildNeutralIdle,0.2745,0.2980,0.000
50.066,street,Can,-0.0218,0.0385,23.0851,0.0000,0,ChildNeutralIdle,0.1816,0.1711,0.000
50.099,street,Deniz,0.0000,0.0129,24.8332,0.0000,0,ChildNeutralIdle,0.2746,0.2983,0.000
50.099,street,Can,-0.0218,0.0385,23.0851,0.0000,0,ChildNeutralIdle,0.1817,0.1713,0.000
50.133,street,Deniz,0.0000,0.0129,24.8332,0.0000,0,ChildNeutralIdle,0.2748,0.2985,0.000
50.133,street,Can,-0.0218,0.0385,23.0851,0.0000,0,ChildNeutralIdle,0.1820,0.1715,0.000
50.165,street,Deniz,0.0000,0.0129,24.8332,0.0000,0,ChildNeutralIdle,0.2749,0.2986,0.000
50.165,street,Can,-0.0218,0.0385,23.0851,0.0000,0,ChildNeutralIdle,0.1822,0.1717,0.000
50.199,street,Deniz,0.0000,0.0129,24.8332,0.0000,0,ChildNeutralIdle,0.2751,0.2988,0.000
50.199,street,Can,-0.0218,0.0385,23.0851,0.0000,0,ChildNeutralIdle,0.1824,0.1719,0.000
50.232,street,Deniz,0.0000,0.0129,24.8332,0.0000,0,ChildNeutralIdle,0.2753,0.2990,0.000
50.232,street,Can,-0.0218,0.0385,23.0851,0.0000,0,ChildNeutralIdle,0.1827,0.1721,0.000
50.265,street,Deniz,0.0000,0.0129,24.8332,0.0000,0,ChildNeutralIdle,0.2754,0.2991,0.000
50.265,street,Can,-0.0218,0.0385,23.0851,0.0000,0,ChildNeutralIdle,0.1830,0.1723,0.000
50.299,street,Deniz,0.0000,0.0129,24.8332,0.0000,0,ChildNeutralIdle,0.2756,0.2992,0.000
50.299,street,Can,-0.0218,0.0385,23.0851,0.0000,0,ChildNeutralIdle,0.1834,0.1725,0.000
50.340,street,Deniz,0.0000,0.0129,24.8332,0.0000,0,ChildNeutralIdle,0.2758,0.2993,0.000
50.340,street,Can,-0.0218,0.0385,23.0851,0.0000,0,ChildNeutralIdle,0.1837,0.1727,0.000
50.373,street,Deniz,0.0000,0.0129,24.8332,0.0000,0,ChildNeutralIdle,0.2760,0.2994,0.000
50.373,street,Can,-0.0218,0.0385,23.0851,0.0000,0,ChildNeutralIdle,0.1841,0.1729,0.000
50.406,street,Deniz,0.0000,0.0129,24.8332,0.0000,0,ChildNeutralIdle,0.2762,0.2995,0.000
50.406,street,Can,-0.0218,0.0385,23.0851,0.0000,0,ChildNeutralIdle,0.1845,0.1730,0.000
50.440,street,Deniz,0.0000,0.0129,24.8332,0.0000,0,ChildNeutralIdle,0.2764,0.2996,0.000
50.440,street,Can,-0.0218,0.0385,23.0851,0.0000,0,ChildNeutralIdle,0.1849,0.1732,0.000
50.474,street,Deniz,0.0000,0.0129,24.8332,0.0000,0,ChildNeutralIdle,0.2766,0.2996,0.000
50.474,street,Can,-0.0218,0.0385,23.0851,0.0000,0,ChildNeutralIdle,0.1853,0.1733,0.000
50.506,street,Deniz,0.0000,0.0129,24.8332,0.0000,0,ChildNeutralIdle,0.2768,0.2997,0.000
50.506,street,Can,-0.0218,0.0385,23.0851,0.0000,0,ChildNeutralIdle,0.1857,0.1735,0.000
50.539,street,Deniz,0.0000,0.0129,24.8332,0.0000,0,ChildNeutralIdle,0.2769,0.2997,0.000
50.539,street,Can,-0.0218,0.0385,23.0851,0.0000,0,ChildNeutralIdle,0.1861,0.1736,0.000
50.573,street,Deniz,0.0000,0.0129,24.8332,0.0000,0,ChildNeutralIdle,0.2771,0.2997,0.000
50.573,street,Can,-0.0218,0.0385,23.0851,0.0000,0,ChildNeutralIdle,0.1865,0.1737,0.000
50.606,street,Deniz,0.0000,0.0129,24.8332,0.0000,0,ChildNeutralIdle,0.2773,0.2997,0.000
50.606,street,Can,-0.0218,0.0385,23.0851,0.0000,0,ChildNeutralIdle,0.1869,0.1738,0.000
50.639,street,Deniz,0.0000,0.0129,24.8332,0.0000,0,ChildNeutralIdle,0.2775,0.2997,0.000
50.639,street,Can,-0.0218,0.0385,23.0851,0.0000,0,ChildNeutralIdle,0.1873,0.1739,0.000
50.673,street,Deniz,0.0000,0.0129,24.8332,0.0000,0,ChildNeutralIdle,0.2777,0.2997,0.000
50.673,street,Can,-0.0218,0.0385,23.0851,0.0000,0,ChildNeutralIdle,0.1877,0.1740,0.000
50.707,street,Deniz,0.0000,0.0129,24.8332,0.0000,0,ChildNeutralIdle,0.2778,0.2997,0.000
50.707,street,Can,-0.0218,0.0385,23.0851,0.0000,0,ChildNeutralIdle,0.1881,0.1741,0.000
50.739,street,Deniz,0.0000,0.0129,24.8332,0.0000,0,ChildNeutralIdle,0.2780,0.2996,0.000
50.739,street,Can,-0.0218,0.0385,23.0851,0.0000,0,ChildNeutralIdle,0.1884,0.1741,0.000
50.772,street,Deniz,0.0000,0.0129,24.8332,0.0000,0,ChildNeutralIdle,0.2781,0.2996,0.000
50.772,street,Can,-0.0218,0.0385,23.0851,0.0000,0,ChildNeutralIdle,0.1888,0.1742,0.000
50.806,street,Deniz,0.0000,0.0129,24.8332,0.0000,0,ChildNeutralIdle,0.2783,0.2995,0.000
50.806,street,Can,-0.0218,0.0385,23.0851,0.0000,0,ChildNeutralIdle,0.1891,0.1742,0.000
50.839,street,Deniz,0.0000,0.0129,24.8332,0.0000,0,ChildNeutralIdle,0.2784,0.2994,0.000
50.839,street,Can,-0.0218,0.0385,23.0851,0.0000,0,ChildNeutralIdle,0.1894,0.1742,0.000
50.872,street,Deniz,0.0000,0.0129,24.8332,0.0000,0,ChildNeutralIdle,0.2785,0.2993,0.000
50.872,street,Can,-0.0218,0.0385,23.0851,0.0000,0,ChildNeutralIdle,0.1896,0.1741,0.000
50.907,street,Deniz,0.0000,0.0129,24.8332,0.0000,0,ChildNeutralIdle,0.2786,0.2992,0.000
50.907,street,Can,-0.0218,0.0385,23.0851,0.0000,0,ChildNeutralIdle,0.1899,0.1741,0.000
50.940,street,Deniz,0.0000,0.0129,24.8332,0.0000,0,ChildNeutralIdle,0.2787,0.2990,0.000
50.940,street,Can,-0.0218,0.0385,23.0851,0.0000,0,ChildNeutralIdle,0.1901,0.1740,0.000
50.973,street,Deniz,0.0000,0.0129,24.8332,0.0000,0,ChildNeutralIdle,0.2788,0.2989,0.000
50.973,street,Can,-0.0218,0.0385,23.0851,0.0000,0,ChildNeutralIdle,0.1902,0.1740,0.000
51.006,street,Deniz,0.0000,0.0129,24.8332,0.0000,0,ChildNeutralIdle,0.2788,0.2987,0.000
51.006,street,Can,-0.0218,0.0385,23.0851,0.0000,0,ChildNeutralIdle,0.1903,0.1739,0.000
51.040,street,Deniz,0.0000,0.0129,24.8332,0.0000,0,ChildNeutralIdle,0.2789,0.2985,0.000
51.040,street,Can,-0.0218,0.0385,23.0851,0.0000,0,ChildNeutralIdle,0.1904,0.1738,0.000
51.073,street,Deniz,0.0000,0.0129,24.8332,0.0000,0,ChildNeutralIdle,0.2789,0.2984,0.000
51.073,street,Can,-0.0218,0.0385,23.0851,0.0000,0,ChildNeutralIdle,0.1905,0.1736,0.000
51.106,street,Deniz,0.0000,0.0129,24.8332,0.0000,0,ChildNeutralIdle,0.2789,0.2982,0.000
51.106,street,Can,-0.0218,0.0385,23.0851,0.0000,0,ChildNeutralIdle,0.1905,0.1735,0.000
51.140,street,Deniz,0.0000,0.0129,24.8332,0.0000,0,ChildNeutralIdle,0.2788,0.2980,0.000
51.140,street,Can,-0.0218,0.0385,23.0851,0.0000,0,ChildNeutralIdle,0.1905,0.1733,0.000
51.173,street,Deniz,0.0000,0.0129,24.8332,0.0000,0,ChildNeutralIdle,0.2788,0.2978,0.000
51.173,street,Can,-0.0218,0.0385,23.0851,0.0000,0,ChildNeutralIdle,0.1904,0.1732,0.000
51.206,street,Deniz,0.0000,0.0129,24.8332,0.0000,0,ChildNeutralIdle,0.2787,0.2976,0.000
51.206,street,Can,-0.0218,0.0385,23.0851,0.0000,0,ChildNeutralIdle,0.1903,0.1730,0.000
51.239,street,Deniz,0.0000,0.0129,24.8332,0.0000,0,ChildNeutralIdle,0.2786,0.2975,0.000
51.239,street,Can,-0.0218,0.0385,23.0851,0.0000,0,ChildNeutralIdle,0.1902,0.1728,0.000
51.273,street,Deniz,0.0000,0.0129,24.8332,0.0000,0,ChildNeutralIdle,0.2784,0.2973,0.000
51.273,street,Can,-0.0218,0.0385,23.0851,0.0000,0,ChildNeutralIdle,0.1901,0.1727,0.000
51.306,street,Deniz,0.0000,0.0129,24.8332,0.0000,0,ChildNeutralIdle,0.2783,0.2972,0.000
51.306,street,Can,-0.0218,0.0385,23.0851,0.0000,0,ChildNeutralIdle,0.1899,0.1725,0.000
51.340,street,Deniz,0.0000,0.0129,24.8332,0.0000,0,ChildNeutralIdle,0.2781,0.2970,0.000
51.340,street,Can,-0.0218,0.0385,23.0851,0.0000,0,ChildNeutralIdle,0.1897,0.1723,0.000
51.372,street,Deniz,0.0000,0.0129,24.8332,0.0000,0,ChildNeutralIdle,0.2780,0.2968,0.000
51.372,street,Can,-0.0218,0.0385,23.0851,0.0000,0,ChildNeutralIdle,0.1895,0.1721,0.000
51.406,street,Deniz,0.0000,0.0129,24.8332,0.0000,0,ChildNeutralIdle,0.2778,0.2967,0.000
51.406,street,Can,-0.0218,0.0385,23.0851,0.0000,0,ChildNeutralIdle,0.1893,0.1719,0.000
51.439,street,Deniz,0.0000,0.0129,24.8332,0.0000,0,ChildNeutralIdle,0.2776,0.2965,0.000
51.439,street,Can,-0.0218,0.0385,23.0851,0.0000,0,ChildNeutralIdle,0.1890,0.1717,0.000
51.470,street,Deniz,0.0000,0.0129,24.8332,0.0000,0,ChildNeutralIdle,0.2774,0.2964,0.000
51.470,street,Can,-0.0218,0.0385,23.0851,0.0000,0,ChildNeutralIdle,0.1887,0.1715,0.000
51.503,street,Deniz,0.0000,0.0129,24.8332,0.0000,0,ChildNeutralIdle,0.2772,0.2963,0.000
51.503,street,Can,-0.0218,0.0385,23.0851,0.0000,0,ChildNeutralIdle,0.1883,0.1713,0.000
51.537,street,Deniz,0.0000,0.0129,24.8332,0.0000,0,ChildNeutralIdle,0.2770,0.2962,0.000
51.537,street,Can,-0.0218,0.0385,23.0851,0.0000,0,ChildNeutralIdle,0.1880,0.1711,0.000
51.571,street,Deniz,0.0000,0.0129,24.8332,0.0000,0,ChildNeutralIdle,0.2768,0.2961,0.000
51.571,street,Can,-0.0218,0.0385,23.0851,0.0000,0,ChildNeutralIdle,0.1876,0.1709,0.000
51.604,street,Deniz,0.0000,0.0129,24.8332,0.0000,0,ChildNeutralIdle,0.2766,0.2960,0.000
51.604,street,Can,-0.0218,0.0385,23.0851,0.0000,0,ChildNeutralIdle,0.1872,0.1707,0.000
51.637,street,Deniz,0.0000,0.0129,24.8332,0.0000,0,ChildNeutralIdle,0.2763,0.2959,0.000
51.637,street,Can,-0.0218,0.0385,23.0851,0.0000,0,ChildNeutralIdle,0.1868,0.1706,0.000
51.670,street,Deniz,0.0000,0.0129,24.8332,0.0000,0,ChildNeutralIdle,0.2761,0.2958,0.000
51.670,street,Can,-0.0218,0.0385,23.0851,0.0000,0,ChildNeutralIdle,0.1864,0.1704,0.000
51.704,street,Deniz,0.0000,0.0129,24.8332,0.0000,0,ChildNeutralIdle,0.2759,0.2958,0.000
51.704,street,Can,-0.0218,0.0385,23.0851,0.0000,0,ChildNeutralIdle,0.1859,0.1702,0.000
51.737,street,Deniz,0.0000,0.0129,24.8332,0.0000,0,ChildNeutralIdle,0.2757,0.2958,0.000
51.737,street,Can,-0.0218,0.0385,23.0851,0.0000,0,ChildNeutralIdle,0.1855,0.1701,0.000
51.771,street,Deniz,0.0000,0.0129,24.8332,0.0000,0,ChildNeutralIdle,0.2755,0.2957,0.000
51.771,street,Can,-0.0218,0.0385,23.0851,0.0000,0,ChildNeutralIdle,0.1851,0.1700,0.000
51.804,street,Deniz,0.0000,0.0129,24.8332,0.0000,0,ChildNeutralIdle,0.2753,0.2957,0.000
51.804,street,Can,-0.0218,0.0385,23.0851,0.0000,0,ChildNeutralIdle,0.1847,0.1698,0.000
51.837,street,Deniz,0.0000,0.0129,24.8332,0.0000,0,ChildNeutralIdle,0.2751,0.2957,0.000
51.837,street,Can,-0.0218,0.0385,23.0851,0.0000,0,ChildNeutralIdle,0.1843,0.1697,0.000
51.872,street,Deniz,0.0000,0.0129,24.8332,0.0000,0,ChildNeutralIdle,0.2749,0.2957,0.000
51.872,street,Can,-0.0218,0.0385,23.0851,0.0000,0,ChildNeutralIdle,0.1839,0.1696,0.000
51.904,street,Deniz,0.0000,0.0129,24.8332,0.0000,0,ChildNeutralIdle,0.2747,0.2958,0.000
51.904,street,Can,-0.0218,0.0385,23.0851,0.0000,0,ChildNeutralIdle,0.1835,0.1696,0.000
51.937,street,Deniz,0.0000,0.0129,24.8332,0.0000,0,ChildNeutralIdle,0.2745,0.2958,0.000
51.937,street,Can,-0.0218,0.0385,23.0851,0.0000,0,ChildNeutralIdle,0.1831,0.1695,0.000
51.970,street,Deniz,0.0000,0.0129,24.8332,0.0000,0,ChildNeutralIdle,0.2744,0.2959,0.000
51.970,street,Can,-0.0218,0.0385,23.0851,0.0000,0,ChildNeutralIdle,0.1827,0.1695,0.000
52.004,street,Deniz,0.0000,0.0129,24.8332,0.0000,0,ChildNeutralIdle,0.2742,0.2959,0.000
52.004,street,Can,-0.0218,0.0385,23.0851,0.0000,0,ChildNeutralIdle,0.1824,0.1695,0.000
52.037,street,Deniz,0.0000,0.0129,24.8332,0.0000,0,ChildNeutralIdle,0.2741,0.2960,0.000
52.037,street,Can,-0.0218,0.0385,23.0851,0.0000,0,ChildNeutralIdle,0.1821,0.1695,0.000
52.070,street,Deniz,0.0000,0.0129,24.8332,0.0000,0,ChildNeutralIdle,0.2740,0.2961,0.000
52.070,street,Can,-0.0218,0.0385,23.0851,0.0000,0,ChildNeutralIdle,0.1819,0.1695,0.000
52.104,street,Deniz,0.0000,0.0129,24.8332,0.0000,0,ChildNeutralIdle,0.2738,0.2962,0.000
52.104,street,Can,-0.0218,0.0385,23.0851,0.0000,0,ChildNeutralIdle,0.1817,0.1697,0.000
52.137,street,Deniz,0.0000,0.0129,24.8332,0.0000,0,ChildNeutralIdle,0.2738,0.2963,0.000
52.137,street,Can,-0.0218,0.0385,23.0851,0.0000,0,ChildNeutralIdle,0.1815,0.1698,0.000
52.170,street,Deniz,0.0000,0.0129,24.8332,0.0000,0,ChildNeutralIdle,0.2737,0.2965,0.000
52.170,street,Can,-0.0218,0.0385,23.0851,0.0000,0,ChildNeutralIdle,0.1814,0.1699,0.000
52.204,street,Deniz,0.0000,0.0129,24.8332,0.0000,0,ChildNeutralIdle,0.2737,0.2967,0.000
52.204,street,Can,-0.0218,0.0385,23.0851,0.0000,0,ChildNeutralIdle,0.1813,0.1701,0.000
52.237,street,Deniz,0.0000,0.0129,24.8332,0.0000,0,ChildNeutralIdle,0.2737,0.2969,0.000
52.237,street,Can,-0.0218,0.0385,23.0851,0.0000,0,ChildNeutralIdle,0.1812,0.1702,0.000
52.271,street,Deniz,0.0000,0.0129,24.8332,0.0000,0,ChildNeutralIdle,0.2738,0.2971,0.000
52.271,street,Can,-0.0218,0.0385,23.0851,0.0000,0,ChildNeutralIdle,0.1812,0.1704,0.000
52.303,street,Deniz,0.0000,0.0129,24.8332,0.0000,0,ChildNeutralIdle,0.2739,0.2973,0.000
52.303,street,Can,-0.0218,0.0385,23.0851,0.0000,0,ChildNeutralIdle,0.1812,0.1706,0.000
52.338,street,Deniz,0.0000,0.0129,24.8332,0.0000,0,ChildNeutralIdle,0.2739,0.2974,0.000
52.338,street,Can,-0.0218,0.0385,23.0851,0.0000,0,ChildNeutralIdle,0.1812,0.1708,0.000
52.370,street,Deniz,0.0000,0.0129,24.8332,0.0000,0,ChildNeutralIdle,0.2740,0.2976,0.000
52.370,street,Can,-0.0218,0.0385,23.0851,0.0000,0,ChildNeutralIdle,0.1812,0.1710,0.000
52.405,street,Deniz,0.0000,0.0129,24.8332,0.0000,0,ChildNeutralIdle,0.2741,0.2978,0.000
52.405,street,Can,-0.0218,0.0385,23.0851,0.0000,0,ChildNeutralIdle,0.1813,0.1712,0.000
52.437,street,Deniz,0.0000,0.0129,24.8332,0.0000,0,ChildNeutralIdle,0.2743,0.2980,0.000
52.437,street,Can,-0.0218,0.0385,23.0851,0.0000,0,ChildNeutralIdle,0.1814,0.1714,0.000
52.471,street,Deniz,0.0000,0.0129,24.8332,0.0000,0,ChildNeutralIdle,0.2744,0.2982,0.000
52.471,street,Can,-0.0218,0.0385,23.0851,0.0000,0,ChildNeutralIdle,0.1816,0.1716,0.000
52.504,street,Deniz,0.0000,0.0129,24.8332,0.0000,0,ChildNeutralIdle,0.2745,0.2983,0.000
52.504,street,Can,-0.0218,0.0385,23.0851,0.0000,0,ChildNeutralIdle,0.1817,0.1718,0.000
52.537,street,Deniz,0.0000,0.0129,24.8332,0.0000,0,ChildNeutralIdle,0.2747,0.2985,0.000
52.537,street,Can,-0.0218,0.0385,23.0851,0.0000,0,ChildNeutralIdle,0.1819,0.1720,0.000
52.571,street,Deniz,0.0000,0.0129,24.8332,0.0000,0,ChildNeutralIdle,0.2748,0.2986,0.000
52.571,street,Can,-0.0218,0.0385,23.0851,0.0000,0,ChildNeutralIdle,0.1822,0.1722,0.000
52.604,street,Deniz,0.0000,0.0129,24.8332,0.0000,0,ChildNeutralIdle,0.2750,0.2988,0.000
52.604,street,Can,-0.0218,0.0385,23.0851,0.0000,0,ChildNeutralIdle,0.1824,0.1724,0.000
52.637,street,Deniz,0.0000,0.0129,24.8332,0.0000,0,ChildNeutralIdle,0.2752,0.2989,0.000
52.637,street,Can,-0.0218,0.0385,23.0851,0.0000,0,ChildNeutralIdle,0.1827,0.1726,0.000
52.670,street,Deniz,0.0000,0.0129,24.8332,0.0000,0,ChildNeutralIdle,0.2754,0.2990,0.000
52.670,street,Can,-0.0218,0.0385,23.0851,0.0000,0,ChildNeutralIdle,0.1830,0.1728,0.000
52.703,street,Deniz,0.0000,0.0129,24.8332,0.0000,0,ChildNeutralIdle,0.2756,0.2992,0.000
52.703,street,Can,-0.0218,0.0385,23.0851,0.0000,0,ChildNeutralIdle,0.1833,0.1730,0.000
52.737,street,Deniz,0.0000,0.0129,24.8332,0.0000,0,ChildNeutralIdle,0.2758,0.2993,0.000
52.737,street,Can,-0.0218,0.0385,23.0851,0.0000,0,ChildNeutralIdle,0.1837,0.1732,0.000
52.770,street,Deniz,0.0000,0.0129,24.8332,0.0000,0,ChildNeutralIdle,0.2760,0.2994,0.000
52.770,street,Can,-0.0218,0.0385,23.0851,0.0000,0,ChildNeutralIdle,0.1841,0.1733,0.000
52.804,street,Deniz,0.0000,0.0129,24.8332,0.0000,0,ChildNeutralIdle,0.2762,0.2995,0.000
52.804,street,Can,-0.0218,0.0385,23.0851,0.0000,0,ChildNeutralIdle,0.1844,0.1735,0.000
52.837,street,Deniz,0.0000,0.0129,24.8332,0.0000,0,ChildNeutralIdle,0.2764,0.2995,0.000
52.837,street,Can,-0.0218,0.0385,23.0851,0.0000,0,ChildNeutralIdle,0.1848,0.1736,0.000
52.870,street,Deniz,0.0000,0.0129,24.8332,0.0000,0,ChildNeutralIdle,0.2766,0.2996,0.000
52.870,street,Can,-0.0218,0.0385,23.0851,0.0000,0,ChildNeutralIdle,0.1852,0.1738,0.000
52.904,street,Deniz,0.0000,0.0129,24.8332,0.0000,0,ChildNeutralIdle,0.2768,0.2996,0.000
52.904,street,Can,-0.0218,0.0385,23.0851,0.0000,0,ChildNeutralIdle,0.1856,0.1739,0.000
52.937,street,Deniz,0.0000,0.0129,24.8332,0.0000,0,ChildNeutralIdle,0.2770,0.2997,0.000
52.937,street,Can,-0.0218,0.0385,23.0851,0.0000,0,ChildNeutralIdle,0.1860,0.1740,0.000
52.970,street,Deniz,0.0000,0.0129,24.8332,0.0000,0,ChildNeutralIdle,0.2772,0.2997,0.000
52.970,street,Can,-0.0218,0.0385,23.0851,0.0000,0,ChildNeutralIdle,0.1864,0.1741,0.000
53.003,street,Deniz,0.0000,0.0129,24.8332,0.0000,0,ChildNeutralIdle,0.2774,0.2997,0.000
53.003,street,Can,-0.0218,0.0385,23.0851,0.0000,0,ChildNeutralIdle,0.1868,0.1742,0.000
53.037,street,Deniz,0.0000,0.0129,24.8332,0.0000,0,ChildNeutralIdle,0.2776,0.2997,0.000
53.037,street,Can,-0.0218,0.0385,23.0851,0.0000,0,ChildNeutralIdle,0.1872,0.1742,0.000
53.071,street,Deniz,0.0000,0.0129,24.8332,0.0000,0,ChildNeutralIdle,0.2778,0.2997,0.000
53.071,street,Can,-0.0218,0.0385,23.0851,0.0000,0,ChildNeutralIdle,0.1876,0.1743,0.000
53.103,street,Deniz,0.0000,0.0129,24.8332,0.0000,0,ChildNeutralIdle,0.2780,0.2996,0.000
53.103,street,Can,-0.0218,0.0385,23.0851,0.0000,0,ChildNeutralIdle,0.1879,0.1743,0.000
53.137,street,Deniz,0.0000,0.0129,24.8332,0.0000,0,ChildNeutralIdle,0.2781,0.2995,0.000
53.137,street,Can,-0.0218,0.0385,23.0851,0.0000,0,ChildNeutralIdle,0.1883,0.1743,0.000
53.170,street,Deniz,0.0000,0.0129,24.8332,0.0000,0,ChildNeutralIdle,0.2783,0.2995,0.000
53.170,street,Can,-0.0218,0.0385,23.0851,0.0000,0,ChildNeutralIdle,0.1886,0.1743,0.000
53.204,street,Deniz,0.0000,0.0129,24.8332,0.0000,0,ChildNeutralIdle,0.2785,0.2994,0.000
53.204,street,Can,-0.0218,0.0385,23.0851,0.0000,0,ChildNeutralIdle,0.1889,0.1743,0.000
53.237,street,Deniz,0.0000,0.0129,24.8332,0.0000,0,ChildNeutralIdle,0.2786,0.2993,0.000
53.237,street,Can,-0.0218,0.0385,23.0851,0.0000,0,ChildNeutralIdle,0.1892,0.1743,0.000
53.270,street,Deniz,0.0000,0.0129,24.8332,0.0000,0,ChildNeutralIdle,0.2787,0.2993,0.000
53.270,street,Can,-0.0218,0.0385,23.0851,0.0000,0,ChildNeutralIdle,0.1894,0.1742,0.000
53.304,street,Deniz,0.0000,0.0129,24.8332,0.0000,0,ChildNeutralIdle,0.2788,0.2992,0.000
53.304,street,Can,-0.0218,0.0385,23.0851,0.0000,0,ChildNeutralIdle,0.1896,0.1741,0.000
53.337,street,Deniz,0.0000,0.0129,24.8332,0.0000,0,ChildNeutralIdle,0.2789,0.2991,0.000
53.337,street,Can,-0.0218,0.0385,23.0851,0.0000,0,ChildNeutralIdle,0.1898,0.1740,0.000
53.370,street,Deniz,0.0000,0.0129,24.8332,0.0000,0,ChildNeutralIdle,0.2789,0.2990,0.000
53.370,street,Can,-0.0218,0.0385,23.0851,0.0000,0,ChildNeutralIdle,0.1899,0.1739,0.000
53.404,street,Deniz,0.0000,0.0129,24.8332,0.0000,0,ChildNeutralIdle,0.2790,0.2988,0.000
53.404,street,Can,-0.0218,0.0385,23.0851,0.0000,0,ChildNeutralIdle,0.1900,0.1738,0.000
53.437,street,Deniz,0.0000,0.0129,24.8332,0.0000,0,ChildNeutralIdle,0.2790,0.2987,0.000
53.437,street,Can,-0.0218,0.0385,23.0851,0.0000,0,ChildNeutralIdle,0.1901,0.1736,0.000
53.470,street,Deniz,0.0000,0.0129,24.8332,0.0000,0,ChildNeutralIdle,0.2790,0.2985,0.000
53.470,street,Can,-0.0218,0.0385,23.0851,0.0000,0,ChildNeutralIdle,0.1901,0.1735,0.000
53.504,street,Deniz,0.0000,0.0129,24.8332,0.0000,0,ChildNeutralIdle,0.2790,0.2984,0.000
53.504,street,Can,-0.0218,0.0385,23.0851,0.0000,0,ChildNeutralIdle,0.1901,0.1733,0.000
53.537,street,Deniz,0.0000,0.0129,24.8332,0.0000,0,ChildNeutralIdle,0.2789,0.2982,0.000
53.537,street,Can,-0.0218,0.0385,23.0851,0.0000,0,ChildNeutralIdle,0.1901,0.1731,0.000
53.570,street,Deniz,0.0000,0.0129,24.8332,0.0000,0,ChildNeutralIdle,0.2788,0.2980,0.000
53.570,street,Can,-0.0218,0.0385,23.0851,0.0000,0,ChildNeutralIdle,0.1900,0.1729,0.000
53.604,street,Deniz,0.0000,0.0129,24.8332,0.0000,0,ChildNeutralIdle,0.2787,0.2978,0.000
53.604,street,Can,-0.0218,0.0385,23.0851,0.0000,0,ChildNeutralIdle,0.1900,0.1727,0.000
53.642,street,Deniz,0.0000,0.0129,24.8332,0.0000,0,ChildNeutralIdle,0.2786,0.2976,0.000
53.642,street,Can,-0.0218,0.0385,23.0851,0.0000,0,ChildNeutralIdle,0.1899,0.1725,0.000
53.675,street,Deniz,0.0000,0.0129,24.8332,0.0000,0,ChildNeutralIdle,0.2785,0.2974,0.000
53.675,street,Can,-0.0218,0.0385,23.0851,0.0000,0,ChildNeutralIdle,0.1897,0.1723,0.000
53.708,street,Deniz,0.0000,0.0129,24.8332,0.0000,0,ChildNeutralIdle,0.2784,0.2972,0.000
53.708,street,Can,-0.0218,0.0385,23.0851,0.0000,0,ChildNeutralIdle,0.1896,0.1721,0.000
53.742,street,Deniz,0.0000,0.0129,24.8332,0.0000,0,ChildNeutralIdle,0.2782,0.2970,0.000
53.742,street,Can,-0.0218,0.0385,23.0851,0.0000,0,ChildNeutralIdle,0.1894,0.1719,0.000
53.776,street,Deniz,0.0000,0.0129,24.8332,0.0000,0,ChildNeutralIdle,0.2780,0.2968,0.000
53.776,street,Can,-0.0218,0.0385,23.0851,0.0000,0,ChildNeutralIdle,0.1892,0.1717,0.000
53.809,street,Deniz,0.0000,0.0129,24.8332,0.0000,0,ChildNeutralIdle,0.2779,0.2966,0.000
53.809,street,Can,-0.0218,0.0385,23.0851,0.0000,0,ChildNeutralIdle,0.1889,0.1715,0.000
53.843,street,Deniz,0.0000,0.0129,24.8332,0.0000,0,ChildNeutralIdle,0.2777,0.2964,0.000
53.843,street,Can,-0.0218,0.0385,23.0851,0.0000,0,ChildNeutralIdle,0.1887,0.1713,0.000
53.876,street,Deniz,0.0000,0.0129,24.8332,0.0000,0,ChildNeutralIdle,0.2775,0.2962,0.000
53.876,street,Can,-0.0218,0.0385,23.0851,0.0000,0,ChildNeutralIdle,0.1884,0.1711,0.000
53.909,street,Deniz,0.0000,0.0129,24.8332,0.0000,0,ChildNeutralIdle,0.2773,0.2960,0.000
53.909,street,Can,-0.0218,0.0385,23.0851,0.0000,0,ChildNeutralIdle,0.1881,0.1709,0.000
53.942,street,Deniz,0.0000,0.0129,24.8332,0.0000,0,ChildNeutralIdle,0.2771,0.2959,0.000
53.942,street,Can,-0.0218,0.0385,23.0851,0.0000,0,ChildNeutralIdle,0.1878,0.1707,0.000
53.975,street,Deniz,0.0000,0.0129,24.8332,0.0000,0,ChildNeutralIdle,0.2769,0.2957,0.000
53.975,street,Can,-0.0218,0.0385,23.0851,0.0000,0,ChildNeutralIdle,0.1874,0.1705,0.000
54.011,street,Deniz,0.0000,0.0129,24.8332,0.0000,0,ChildNeutralIdle,0.2767,0.2956,0.000
54.011,street,Can,-0.0218,0.0385,23.0851,0.0000,0,ChildNeutralIdle,0.1871,0.1703,0.000
54.042,street,Deniz,0.0000,0.0129,24.8332,0.0000,0,ChildNeutralIdle,0.2765,0.2955,0.000
54.042,street,Can,-0.0218,0.0385,23.0851,0.0000,0,ChildNeutralIdle,0.1867,0.1701,0.000
54.075,street,Deniz,-0.0015,0.0129,24.8431,0.3000,0,ChildNeutralIdle,0.2764,0.2955,0.000
54.075,street,Can,-0.0217,0.0386,23.0940,0.2667,0,ChildNeutralIdle,0.1864,0.1700,0.000
54.109,street,Deniz,-0.0045,0.0130,24.8629,0.6000,0,ChildNeutralIdle+ChildNaturalWalk,0.2752,0.2971,0.000
54.109,street,Can,-0.0215,0.0387,23.1118,0.5334,0,ChildNeutralIdle+ChildNaturalWalk,0.1853,0.1709,0.000
54.142,street,Deniz,-0.0089,0.0131,24.8925,0.9000,0,ChildNeutralIdle+ChildNaturalWalk,0.2739,0.3011,0.000
54.142,street,Can,-0.0212,0.0390,23.1384,0.8000,0,ChildNeutralIdle+ChildNaturalWalk,0.1842,0.1739,0.000
54.176,street,Deniz,-0.0148,0.0132,24.9321,1.2000,0,ChildNeutralIdle+ChildNaturalWalk,0.2732,0.3083,0.000
54.176,street,Can,-0.0207,0.0392,23.1740,1.0666,0,ChildNeutralIdle+ChildNaturalWalk,0.1835,0.1806,0.000
54.209,street,Deniz,-0.0223,0.0134,24.9815,1.5000,0,ChildNeutralIdle+ChildNaturalWalk,0.2739,0.3186,0.000
54.209,street,Can,-0.0202,0.0396,23.2184,1.3333,0,ChildNeutralIdle+ChildNaturalWalk,0.1838,0.1914,0.000
54.242,street,Deniz,-0.0309,0.0136,25.0392,1.7500,0,ChildNeutralIdle+ChildNaturalWalk,0.2767,0.3310,0.000
54.242,street,Can,-0.0195,0.0400,23.2718,1.6000,0,ChildNeutralIdle+ChildNaturalWalk,0.1856,0.2059,0.000
54.275,street,Deniz,-0.0396,0.0139,25.0969,1.7500,0,ChildNeutralIdle+ChildNaturalWalk,0.2828,0.3399,0.000
54.275,street,Can,-0.0188,0.0404,23.3268,1.6500,0,ChildNeutralIdle+ChildNaturalWalk,0.1890,0.2210,0.000
54.309,street,Deniz,-0.0483,0.0143,25.1546,1.7500,0,ChildNaturalWalk,0.2886,0.3291,0.000
54.309,street,Can,-0.0192,0.0408,23.3818,1.6500,0,ChildNaturalWalk,0.1933,0.2249,0.000
54.342,street,Deniz,-0.0569,0.0148,25.2123,1.7500,0,ChildNaturalWalk,0.2945,0.3144,0.000
54.342,street,Can,-0.0196,0.0413,23.4367,1.6500,0,ChildNaturalWalk,0.1952,0.2185,0.000
54.376,street,Deniz,-0.0656,0.0152,25.2700,1.7500,0,ChildNaturalWalk,0.3015,0.3010,0.000
54.376,street,Can,-0.0199,0.0417,23.4917,1.6500,0,ChildNaturalWalk,0.1978,0.2164,0.000
54.409,street,Deniz,-0.0742,0.0156,25.3277,1.7500,0,ChildNaturalWalk,0.3082,0.2917,0.000
54.409,street,Can,-0.0203,0.0421,23.5467,1.6500,0,ChildNaturalWalk,0.2045,0.2072,0.000
54.443,street,Deniz,-0.0829,0.0160,25.3853,1.7500,0,ChildNaturalWalk,0.3184,0.2820,0.000
54.443,street,Can,-0.0207,0.0425,23.6017,1.6500,0,ChildNaturalWalk,0.2135,0.2016,0.000
54.475,street,Deniz,-0.0916,0.0164,25.4430,1.7500,0,ChildNaturalWalk,0.3265,0.2763,0.000
54.475,street,Can,-0.0224,0.0429,23.6567,1.6500,0,ChildNaturalWalk,0.2177,0.1967,0.000
54.509,street,Deniz,-0.1002,0.0169,25.5007,1.7500,0,ChildNaturalWalk,0.3408,0.2756,0.000
54.509,street,Can,-0.0241,0.0432,23.7117,1.6500,0,ChildNaturalWalk,0.2279,0.1929,0.000
54.542,street,Deniz,-0.1089,0.0173,25.5584,1.7500,0,ChildNaturalWalk,0.3587,0.2767,0.000
54.542,street,Can,-0.0258,0.0436,23.7667,1.6500,0,ChildNaturalWalk,0.2454,0.1916,0.000
54.575,street,Deniz,-0.1176,0.0177,25.6161,1.7500,0,ChildNaturalWalk,0.3631,0.2803,0.000
54.575,street,Can,-0.0275,0.0440,23.8216,1.6500,0,ChildNaturalWalk,0.2475,0.1934,0.000
54.609,street,Deniz,-0.1262,0.0181,25.6738,1.7500,0,ChildNaturalWalk,0.3487,0.2853,0.000
54.609,street,Can,-0.0292,0.0443,23.8766,1.6500,0,ChildNaturalWalk,0.2360,0.1956,0.000
54.642,street,Deniz,-0.1349,0.0185,25.7315,1.7500,0,ChildNaturalWalk,0.3234,0.2906,0.000
54.642,street,Can,-0.0320,0.0447,23.9315,1.6500,0,ChildNaturalWalk,0.2184,0.1971,0.000
54.676,street,Deniz,-0.1435,0.0190,25.7891,1.7500,0,ChildNaturalWalk,0.2983,0.2952,0.000
54.676,street,Can,-0.0348,0.0450,23.9865,1.6500,0,ChildNaturalWalk,0.2090,0.1976,0.000
54.709,street,Deniz,-0.1522,0.0194,25.8468,1.7500,0,ChildNaturalWalk,0.2959,0.2991,0.000
54.709,street,Can,-0.0376,0.0454,24.0414,1.6500,0,ChildNaturalWalk,0.2147,0.1963,0.000
54.743,street,Deniz,-0.1609,0.0198,25.9045,1.7500,0,ChildNaturalWalk,0.3028,0.3025,0.000
54.743,street,Can,-0.0403,0.0457,24.0963,1.6500,0,ChildNaturalWalk,0.2194,0.1960,0.000
54.776,street,Deniz,-0.1695,0.0199,25.9622,1.7500,0,ChildNaturalWalk,0.2992,0.3075,0.000
54.776,street,Can,-0.0431,0.0461,24.1512,1.6500,0,ChildNaturalWalk,0.2140,0.1993,0.000
54.811,street,Deniz,-0.1782,0.0199,26.0199,1.7500,0,ChildNaturalWalk,0.2855,0.3168,0.000
54.811,street,Can,-0.0468,0.0464,24.2061,1.6500,0,ChildNaturalWalk,0.2035,0.2082,0.000
54.842,street,Deniz,-0.1869,0.0247,26.0776,1.7558,0,ChildNaturalWalk,0.2814,0.3335,0.000
54.842,street,Can,-0.0505,0.0467,24.2610,1.6500,0,ChildNaturalWalk,0.1960,0.2191,0.000
54.875,street,Deniz,-0.1955,0.0301,26.1353,1.7576,0,ChildNaturalWalk,0.2871,0.3549,0.000
54.875,street,Can,-0.0542,0.0470,24.3159,1.6500,0,ChildNaturalWalk,0.1938,0.2359,0.000
54.910,street,Deniz,-0.2042,0.0356,26.1929,1.7576,0,ChildNaturalWalk,0.2955,0.3786,0.000
54.910,street,Can,-0.0578,0.0474,24.3707,1.6500,0,ChildNaturalWalk,0.1943,0.2535,0.000
54.942,street,Deniz,-0.2128,0.0410,26.2506,1.7576,0,ChildNaturalWalk,0.3040,0.3850,0.000
54.942,street,Can,-0.0615,0.0477,24.4256,1.6500,0,ChildNaturalWalk,0.1960,0.2521,0.000
54.975,street,Deniz,-0.2215,0.0465,26.3083,1.7576,0,ChildNaturalWalk,0.3139,0.3807,0.000
54.975,street,Can,-0.0659,0.0480,24.4804,1.6498,0,ChildNaturalWalk,0.1984,0.2452,0.000
55.009,street,Deniz,-0.2302,0.0520,26.3660,1.7576,0,ChildNaturalWalk,0.3244,0.3727,0.000
55.009,street,Can,-0.0704,0.0484,24.5352,1.6498,0,ChildNaturalWalk,0.2001,0.2351,0.000
55.042,street,Deniz,-0.2388,0.0574,26.4237,1.7576,0,ChildNaturalWalk,0.3349,0.3624,0.000
55.042,street,Can,-0.0748,0.0488,24.5901,1.6499,0,ChildNaturalWalk,0.2022,0.2284,0.000
55.076,street,Deniz,-0.2475,0.0629,26.4814,1.7576,0,ChildNaturalWalk,0.3465,0.3540,0.000
55.076,street,Can,-0.0792,0.0492,24.6449,1.6499,0,ChildNaturalWalk,0.2044,0.2251,0.000
55.109,street,Deniz,-0.2562,0.0683,26.5391,1.7576,0,ChildNaturalWalk,0.3585,0.3493,0.000
55.109,street,Can,-0.0836,0.0497,24.6997,1.6499,0,ChildNaturalWalk,0.2091,0.2193,0.000
55.142,street,Deniz,-0.2648,0.0749,26.5967,1.7609,0,ChildNaturalWalk,0.3727,0.3446,0.000
55.142,street,Can,-0.0887,0.0501,24.7544,1.6494,0,ChildNaturalWalk,0.2178,0.2111,0.000
55.175,street,Deniz,-0.2735,0.0814,26.6544,1.7609,0,ChildNaturalWalk,0.3891,0.3428,0.000
55.175,street,Can,-0.0937,0.0505,24.8092,1.6493,0,ChildNaturalWalk,0.2244,0.2063,0.000
55.209,street,Deniz,-0.2821,0.0879,26.7121,1.7609,0,ChildNaturalWalk,0.4061,0.3470,0.000
55.209,street,Can,-0.0987,0.0509,24.8639,1.6493,0,ChildNaturalWalk,0.2289,0.2024,0.000
55.242,street,Deniz,-0.2908,0.0945,26.7698,1.7609,0,ChildNaturalWalk,0.4296,0.3533,0.000
55.242,street,Can,-0.1038,0.0513,24.9187,1.6493,0,ChildNaturalWalk,0.2470,0.1997,0.000
55.276,street,Deniz,-0.2995,0.0996,26.8275,1.7566,0,ChildNaturalWalk,0.4459,0.3606,0.000
55.276,street,Can,-0.1088,0.0518,24.9734,1.6492,0,ChildNaturalWalk,0.2580,0.2006,0.000
55.309,street,Deniz,-0.3081,0.0974,26.8852,1.7512,0,ChildNaturalWalk,0.4355,0.3628,0.000
55.309,street,Can,-0.1143,0.0522,25.0281,1.6485,0,ChildNaturalWalk,0.2489,0.2027,0.000
55.343,street,Deniz,-0.3168,0.0952,26.9429,1.7512,0,ChildNaturalWalk,0.4103,0.3654,0.000
55.343,street,Can,-0.1199,0.0526,25.0827,1.6483,0,ChildNaturalWalk,0.2335,0.2050,0.000
55.376,street,Deniz,-0.3255,0.0931,27.0006,1.7512,0,ChildNaturalWalk,0.3814,0.3680,0.000
55.376,street,Can,-0.1254,0.0530,25.1374,1.6483,0,ChildNaturalWalk,0.2185,0.2056,0.000
55.409,street,Deniz,-0.3341,0.0911,27.0582,1.7509,0,ChildNaturalWalk,0.3661,0.3696,0.000
55.409,street,Can,-0.1309,0.0534,25.1921,1.6482,0,ChildNaturalWalk,0.2207,0.2050,0.000
55.442,street,Deniz,-0.3428,0.0911,27.1159,1.7500,0,ChildNaturalWalk,0.3725,0.3728,0.000
55.442,street,Can,-0.1365,0.0539,25.2467,1.6480,0,ChildNaturalWalk,0.2261,0.2042,0.000
55.475,street,Deniz,-0.3514,0.0910,27.1736,1.7500,0,ChildNaturalWalk,0.3731,0.3766,0.000
55.475,street,Can,-0.1424,0.0543,25.3013,1.6486,0,ChildNaturalWalk,0.2252,0.2061,0.000
55.510,street,Deniz,-0.3601,0.0909,27.2313,1.7500,0,ChildNaturalWalk,0.3615,0.3838,0.000
55.510,street,Can,-0.1484,0.0547,25.3560,1.6486,0,ChildNaturalWalk,0.2165,0.2120,0.000
55.542,street,Deniz,-0.3688,0.0909,27.2890,1.7500,0,ChildNaturalWalk,0.3504,0.3946,0.000
55.542,street,Can,-0.1543,0.0551,25.4106,1.6485,0,ChildNaturalWalk,0.2072,0.2232,0.000
55.575,street,Deniz,-0.3774,0.0908,27.3467,1.7500,0,ChildNaturalWalk,0.3469,0.4088,0.000
55.575,street,Can,-0.1603,0.0555,25.4652,1.6485,0,ChildNaturalWalk,0.2028,0.2367,0.000
55.609,street,Deniz,-0.3861,0.0907,27.4044,1.7500,0,ChildNaturalWalk,0.3495,0.4276,0.000
55.609,street,Can,-0.1663,0.0559,25.5198,1.6483,0,ChildNaturalWalk,0.2028,0.2563,0.000
55.643,street,Deniz,-0.3948,0.0907,27.4620,1.7500,0,ChildNaturalWalk,0.3522,0.4360,0.000
55.643,street,Can,-0.1726,0.0564,25.5744,1.6487,0,ChildNaturalWalk,0.2041,0.2637,0.000
55.675,street,Deniz,-0.4034,0.0906,27.5197,1.7500,0,ChildNaturalWalk,0.3561,0.4291,0.000
55.675,street,Can,-0.1789,0.0568,25.6290,1.6487,0,ChildNaturalWalk,0.2063,0.2566,0.000
55.709,street,Deniz,-0.4121,0.0905,27.5774,1.7500,0,ChildNaturalWalk,0.3610,0.4168,0.000
55.709,street,Can,-0.1852,0.0572,25.6836,1.6487,0,ChildNaturalWalk,0.2085,0.2482,0.000
55.742,street,Deniz,-0.4207,0.0905,27.6351,1.7500,0,ChildNaturalWalk,0.3660,0.4020,0.000
55.742,street,Can,-0.1915,0.0576,25.7382,1.6485,0,ChildNaturalWalk,0.2103,0.2391,0.000
55.776,street,Deniz,-0.4294,0.0904,27.6928,1.7500,0,ChildNaturalWalk,0.3715,0.3858,0.000
55.776,street,Can,-0.1978,0.0580,25.7928,1.6485,0,ChildNaturalWalk,0.2123,0.2349,0.000
55.809,street,Deniz,-0.4381,0.0903,27.7505,1.7500,0,ChildNaturalWalk,0.3784,0.3736,0.000
55.809,street,Can,-0.2044,0.0584,25.8473,1.6489,0,ChildNaturalWalk,0.2156,0.2318,0.000
55.842,street,Deniz,-0.4467,0.0902,27.8082,1.7500,0,ChildNaturalWalk,0.3851,0.3637,0.000
55.842,street,Can,-0.2110,0.0588,25.9019,1.6488,0,ChildNaturalWalk,0.2233,0.2221,0.000
55.875,street,Deniz,-0.4554,0.0902,27.8658,1.7500,0,ChildNaturalWalk,0.3951,0.3538,0.000
55.875,street,Can,-0.2176,0.0592,25.9565,1.6487,0,ChildNaturalWalk,0.2317,0.2172,0.000
55.909,street,Deniz,-0.4641,0.0901,27.9235,1.7500,0,ChildNaturalWalk,0.4023,0.3495,0.000
55.909,street,Can,-0.2242,0.0594,26.0110,1.6486,0,ChildNaturalWalk,0.2354,0.2122,0.000
55.943,street,Deniz,-0.4727,0.0900,27.9812,1.7500,0,ChildNaturalWalk,0.4188,0.3486,0.000
55.943,street,Can,-0.2308,0.0594,26.0656,1.6486,0,ChildNaturalWalk,0.2487,0.2082,0.000
55.976,street,Deniz,-0.4814,0.0900,28.0389,1.7500,0,ChildNaturalWalk,0.4339,0.3499,0.000
55.976,street,Can,-0.2376,0.0603,26.1201,1.6492,0,ChildNaturalWalk,0.2638,0.2084,0.000
56.009,street,Deniz,-0.4900,0.0899,28.0966,1.7500,0,ChildNaturalWalk,0.4330,0.3536,0.000
56.009,street,Can,-0.2445,0.0657,26.1746,1.6567,0,ChildNaturalWalk,0.2680,0.2157,0.000
56.042,street,Deniz,-0.4987,0.0898,28.1543,1.7500,0,ChildNaturalWalk,0.4153,0.3583,0.000
56.042,street,Can,-0.2513,0.0711,26.2292,1.6567,0,ChildNaturalWalk,0.2579,0.2227,0.000
56.076,street,Deniz,-0.5074,0.0898,28.2120,1.7500,0,ChildNaturalWalk,0.3875,0.3628,0.000
56.076,street,Can,-0.2582,0.0765,26.2837,1.6568,0,ChildNaturalWalk,0.2469,0.2291,0.000
56.109,street,Deniz,-0.5160,0.0897,28.2696,1.7500,0,ChildNaturalWalk,0.3660,0.3669,0.000
56.109,street,Can,-0.2650,0.0819,26.3383,1.6569,0,ChildNaturalWalk,0.2465,0.2341,0.000
56.142,street,Deniz,-0.5247,0.0896,28.3273,1.7500,0,ChildNaturalWalk,0.3676,0.3701,0.000
56.142,street,Can,-0.2721,0.0872,26.3928,1.6572,0,ChildNaturalWalk,0.2577,0.2379,0.000
56.176,street,Deniz,-0.5333,0.0895,28.3850,1.7500,0,ChildNaturalWalk,0.3740,0.3730,0.000
56.176,street,Can,-0.2791,0.0926,26.4473,1.6573,0,ChildNaturalWalk,0.2658,0.2433,0.000
56.209,street,Deniz,-0.5420,0.0895,28.4427,1.7500,0,ChildNaturalWalk,0.3651,0.3792,0.000
56.209,street,Can,-0.2862,0.0979,26.5018,1.6574,0,ChildNaturalWalk,0.2636,0.2524,0.000
56.243,street,Deniz,-0.5507,0.0894,28.5004,1.7500,0,ChildNaturalWalk,0.3519,0.3891,0.000
56.243,street,Can,-0.2932,0.1033,26.5564,1.6575,0,ChildNaturalWalk,0.2579,0.2679,0.000
56.276,street,Deniz,-0.5593,0.0893,28.5581,1.7500,0,ChildNaturalWalk,0.3452,0.4012,0.000
56.276,street,Can,-0.3003,0.1097,26.6109,1.6608,0,ChildNaturalWalk,0.2578,0.2853,0.000
56.309,street,Deniz,-0.5680,0.0893,28.6158,1.7500,0,ChildNaturalWalk,0.3469,0.4191,0.000
56.309,street,Can,-0.3075,0.1161,26.6654,1.6609,0,ChildNaturalWalk,0.2628,0.3104,0.000
56.342,street,Deniz,-0.5767,0.0892,28.6734,1.7500,0,ChildNaturalWalk,0.3496,0.4345,0.000
56.342,street,Can,-0.3147,0.1224,26.7200,1.6609,0,ChildNaturalWalk,0.2693,0.3288,0.000
56.376,street,Deniz,-0.5853,0.0891,28.7311,1.7500,0,ChildNaturalWalk,0.3530,0.4309,0.000
56.376,street,Can,-0.3220,0.1288,26.7745,1.6609,0,ChildNaturalWalk,0.2776,0.3319,0.000
56.409,street,Deniz,-0.5940,0.0891,28.7888,1.7500,0,ChildNaturalWalk,0.3578,0.4209,0.000
56.409,street,Can,-0.3292,0.1352,26.8290,1.6610,0,ChildNaturalWalk,0.2858,0.3296,0.000
56.442,street,Deniz,-0.6026,0.0890,28.8465,1.7500,0,ChildNaturalWalk,0.3625,0.4057,0.000
56.442,street,Can,-0.3364,0.1387,26.8835,1.6533,0,ChildNaturalWalk,0.2908,0.3235,0.000
56.475,street,Deniz,-0.6113,0.0889,28.9042,1.7500,0,ChildNaturalWalk,0.3679,0.3912,0.000
56.475,street,Can,-0.3438,0.1366,26.9380,1.6512,0,ChildNaturalWalk,0.2903,0.3146,0.000
56.509,street,Deniz,-0.6200,0.0889,28.9619,1.7500,0,ChildNaturalWalk,0.3741,0.3764,0.000
56.509,street,Can,-0.3511,0.1345,26.9925,1.6511,0,ChildNaturalWalk,0.2902,0.3095,0.000
56.543,street,Deniz,-0.6286,0.0888,29.0196,1.7500,0,ChildNaturalWalk,0.3804,0.3670,0.000
56.543,street,Can,-0.3585,0.1324,27.0470,1.6512,0,ChildNaturalWalk,0.2936,0.2988,0.000
56.575,street,Deniz,-0.6373,0.0887,29.0772,1.7500,0,ChildNaturalWalk,0.3895,0.3560,0.000
56.575,street,Can,-0.3659,0.1303,27.1015,1.6512,0,ChildNaturalWalk,0.3001,0.2900,0.000
56.609,street,Deniz,-0.6460,0.0886,29.1349,1.7500,0,ChildNaturalWalk,0.3979,0.3490,0.000
56.609,street,Can,-0.3732,0.1297,27.1560,1.6501,0,ChildNaturalWalk,0.3043,0.2841,0.000
56.642,street,Deniz,-0.6546,0.0886,29.1926,1.7500,0,ChildNaturalWalk,0.4101,0.3475,0.000
56.642,street,Can,-0.3807,0.1296,27.2105,1.6500,0,ChildNaturalWalk,0.3117,0.2799,0.000
56.676,street,Deniz,-0.6633,0.0885,29.2503,1.7500,0,ChildNaturalWalk,0.4275,0.3477,0.000
56.676,street,Can,-0.3882,0.1296,27.2650,1.6500,0,ChildNaturalWalk,0.3300,0.2776,0.000
56.709,street,Deniz,-0.6719,0.0884,29.3080,1.7500,0,ChildNaturalWalk,0.4353,0.3505,0.000
56.709,street,Can,-0.3957,0.1295,27.3195,1.6500,0,ChildNaturalWalk,0.3339,0.2788,0.000
56.742,street,Deniz,-0.6806,0.0884,29.3657,1.7500,0,ChildNaturalWalk,0.4216,0.3549,0.000
56.742,street,Can,-0.4032,0.1295,27.3740,1.6500,0,ChildNaturalWalk,0.3230,0.2805,0.000
56.775,street,Deniz,-0.6893,0.0883,29.4234,1.7500,0,ChildNaturalWalk,0.3979,0.3599,0.000
56.775,street,Can,-0.4107,0.1295,27.4285,1.6500,0,ChildNaturalWalk,0.3056,0.2819,0.000
56.809,street,Deniz,-0.6979,0.0882,29.4810,1.7500,0,ChildNaturalWalk,0.3703,0.3639,0.000
56.809,street,Can,-0.4183,0.1294,27.4830,1.6500,0,ChildNaturalWalk,0.2934,0.2820,0.000
56.842,street,Deniz,-0.7066,0.0882,29.5387,1.7500,0,ChildNaturalWalk,0.3638,0.3674,0.000
56.842,street,Can,-0.4259,0.1294,27.5374,1.6500,0,ChildNaturalWalk,0.2983,0.2805,0.000
56.876,street,Deniz,-0.7153,0.0881,29.5964,1.7500,0,ChildNaturalWalk,0.3704,0.3704,0.000
56.876,street,Can,-0.4335,0.1293,27.5919,1.6500,0,ChildNaturalWalk,0.3024,0.2796,0.000
56.909,street,Deniz,-0.7239,0.0880,29.6541,1.7500,0,ChildNaturalWalk,0.3682,0.3749,0.000
56.909,street,Can,-0.4410,0.1293,27.6464,1.6500,0,ChildNaturalWalk,0.2987,0.2818,0.000
56.948,street,Deniz,-0.7326,0.0880,29.7118,1.7500,0,ChildNaturalWalk,0.3553,0.3833,0.000
56.948,street,Can,-0.4486,0.1292,27.7008,1.6500,0,ChildNaturalWalk,0.2881,0.2893,0.000
56.981,street,Deniz,-0.7412,0.0879,29.7695,1.7500,0,ChildNaturalWalk,0.3457,0.3947,0.000
56.981,street,Can,-0.4563,0.1292,27.7553,1.6500,0,ChildNaturalWalk,0.2793,0.3001,0.000
57.014,street,Deniz,-0.7499,0.0878,29.8272,1.7500,0,ChildNaturalWalk,0.3445,0.4099,0.000
57.014,street,Can,-0.4640,0.1291,27.8098,1.6500,0,ChildNaturalWalk,0.2760,0.3151,0.000
57.049,street,Deniz,-0.7586,0.0877,29.8848,1.7500,0,ChildNaturalWalk,0.3472,0.4284,0.000
57.049,street,Can,-0.4717,0.1291,27.8642,1.6500,0,ChildNaturalWalk,0.2761,0.3338,0.000
57.081,street,Deniz,-0.7672,0.0877,29.9425,1.7500,0,ChildNaturalWalk,0.3501,0.4330,0.000
57.081,street,Can,-0.4793,0.1290,27.9187,1.6500,0,ChildNaturalWalk,0.2771,0.3344,0.000
57.114,street,Deniz,-0.7759,0.0876,30.0002,1.7500,0,ChildNaturalWalk,0.3543,0.4232,0.000
57.114,street,Can,-0.4870,0.1290,27.9732,1.6500,0,ChildNaturalWalk,0.2790,0.3270,0.000
57.147,street,Deniz,-0.7846,0.0875,30.0579,1.7500,0,ChildNaturalWalk,0.3594,0.4107,0.000
57.147,street,Can,-0.4948,0.1289,28.0276,1.6500,0,ChildNaturalWalk,0.2805,0.3171,0.000
57.181,street,Deniz,-0.7932,0.0875,30.1156,1.7500,0,ChildNaturalWalk,0.3642,0.3946,0.000
57.181,street,Can,-0.5025,0.1289,28.0821,1.6500,0,ChildNaturalWalk,0.2820,0.3089,0.000
57.215,street,Deniz,-0.8019,0.0874,30.1733,1.7500,0,ChildNaturalWalk,0.3701,0.3800,0.000
57.215,street,Can,-0.5103,0.1288,28.1365,1.6500,0,ChildNaturalWalk,0.2837,0.3054,0.000
57.248,street,Deniz,-0.8105,0.0873,30.2310,1.7500,0,ChildNaturalWalk,0.3767,0.3692,0.000
57.248,street,Can,-0.5180,0.1288,28.1910,1.6500,0,ChildNaturalWalk,0.2873,0.3001,0.000
57.281,street,Deniz,-0.8192,0.0873,30.2886,1.7500,0,ChildNaturalWalk,0.3841,0.3583,0.000
57.281,street,Can,-0.5257,0.1287,28.2454,1.6500,0,ChildNaturalWalk,0.2951,0.2905,0.000
57.314,street,Deniz,-0.8279,0.0872,30.3463,1.7500,0,ChildNaturalWalk,0.3940,0.3493,0.000
57.314,street,Can,-0.5336,0.1287,28.2999,1.6500,0,ChildNaturalWalk,0.3021,0.2853,0.000
57.348,street,Deniz,-0.8365,0.0871,30.4040,1.7500,0,ChildNaturalWalk,0.4032,0.3462,0.000
57.348,street,Can,-0.5414,0.1286,28.3543,1.6500,0,ChildNaturalWalk,0.3051,0.2807,0.000
57.381,street,Deniz,-0.8452,0.0871,30.4617,1.7500,0,ChildNaturalWalk,0.4203,0.3457,0.000
57.381,street,Can,-0.5492,0.1286,28.4087,1.6500,0,ChildNaturalWalk,0.3218,0.2771,0.000
57.414,street,Deniz,-0.8538,0.0870,30.5194,1.7500,0,ChildNaturalWalk,0.4323,0.3476,0.000
57.414,street,Can,-0.5570,0.1285,28.4632,1.6500,0,ChildNaturalWalk,0.3340,0.2770,0.000
57.447,street,Deniz,-0.8625,0.0869,30.5771,1.7500,0,ChildNaturalWalk,0.4281,0.3518,0.000
57.447,street,Can,-0.5648,0.1285,28.5176,1.6500,0,ChildNaturalWalk,0.3272,0.2787,0.000
57.481,street,Deniz,-0.8712,0.0868,30.6348,1.7500,0,ChildNaturalWalk,0.4055,0.3563,0.000
57.481,street,Can,-0.5726,0.1284,28.5721,1.6500,0,ChildNaturalWalk,0.3112,0.2805,0.000
57.514,street,Deniz,-0.8798,0.0868,30.6924,1.7500,0,ChildNaturalWalk,0.3787,0.3611,0.000
57.514,street,Can,-0.5805,0.1283,28.6265,1.6500,0,ChildNaturalWalk,0.2955,0.2810,0.000
57.547,street,Deniz,-0.8885,0.0867,30.7501,1.7500,0,ChildNaturalWalk,0.3619,0.3646,0.000
57.547,street,Can,-0.5884,0.1283,28.6809,1.6500,0,ChildNaturalWalk,0.2943,0.2800,0.000
57.581,street,Deniz,-0.8972,0.0866,30.8078,1.7500,0,ChildNaturalWalk,0.3666,0.3679,0.000
57.581,street,Can,-0.5962,0.1282,28.7354,1.6500,0,ChildNaturalWalk,0.3001,0.2786,0.000
57.614,street,Deniz,-0.9058,0.0866,30.8655,1.7500,0,ChildNaturalWalk,0.3699,0.3713,0.000
57.614,street,Can,-0.6041,0.1282,28.7898,1.6500,0,ChildNaturalWalk,0.2998,0.2796,0.000
57.648,street,Deniz,-0.9145,0.0865,30.9232,1.7500,0,ChildNaturalWalk,0.3588,0.3782,0.000
57.648,street,Can,-0.6120,0.1281,28.8442,1.6500,0,ChildNaturalWalk,0.2918,0.2838,0.000
57.681,street,Deniz,-0.9231,0.0864,30.9809,1.7500,0,ChildNaturalWalk,0.3467,0.3887,0.000
57.681,street,Can,-0.6199,0.1281,28.8987,1.6500,0,ChildNaturalWalk,0.2812,0.2948,0.000
57.714,street,Deniz,-0.9318,0.0864,31.0386,1.7500,0,ChildNaturalWalk,0.3422,0.4020,0.000
57.714,street,Can,-0.6278,0.1280,28.9531,1.6500,0,ChildNaturalWalk,0.2754,0.3069,0.000
57.747,street,Deniz,-0.9405,0.0865,31.0962,1.7500,0,ChildNaturalWalk,0.3450,0.4214,0.000
57.747,street,Can,-0.6357,0.1280,29.0075,1.6500,0,ChildNaturalWalk,0.2747,0.3260,0.000
57.781,street,Deniz,-0.9491,0.0870,31.1539,1.7500,0,ChildNaturalWalk,0.3480,0.4322,0.000
57.781,street,Can,-0.6436,0.1279,29.0620,1.6500,0,ChildNaturalWalk,0.2753,0.3348,0.000
57.814,street,Deniz,-0.9578,0.0875,31.2116,1.7500,0,ChildNaturalWalk,0.3524,0.4276,0.000
57.814,street,Can,-0.6516,0.1278,29.1164,1.6500,0,ChildNaturalWalk,0.2771,0.3289,0.000
57.847,street,Deniz,-0.9665,0.0880,31.2693,1.7500,0,ChildNaturalWalk,0.3578,0.4162,0.000
57.847,street,Can,-0.6595,0.1278,29.1708,1.6500,0,ChildNaturalWalk,0.2788,0.3200,0.000
57.881,street,Deniz,-0.9751,0.0885,31.3270,1.7500,0,ChildNaturalWalk,0.3633,0.4020,0.000
57.881,street,Can,-0.6674,0.1277,29.2252,1.6500,0,ChildNaturalWalk,0.2803,0.3106,0.000
57.914,street,Deniz,-0.9838,0.0890,31.3847,1.7500,0,ChildNaturalWalk,0.3693,0.3867,0.000
57.914,street,Can,-0.6754,0.1277,29.2797,1.6500,0,ChildNaturalWalk,0.2817,0.3046,0.000
57.948,street,Deniz,-0.9924,0.0895,31.4424,1.7500,0,ChildNaturalWalk,0.3766,0.3742,0.000
57.948,street,Can,-0.6833,0.1276,29.3341,1.6500,0,ChildNaturalWalk,0.2841,0.3020,0.000
57.981,street,Deniz,-1.0011,0.0900,31.5000,1.7500,0,ChildNaturalWalk,0.3836,0.3649,0.000
57.981,street,Can,-0.6913,0.1276,29.3885,1.6500,0,ChildNaturalWalk,0.2909,0.2919,0.000
58.014,street,Deniz,-1.0098,0.0905,31.5577,1.7500,0,ChildNaturalWalk,0.3940,0.3554,0.000
58.014,street,Can,-0.6993,0.1275,29.4429,1.6500,0,ChildNaturalWalk,0.2993,0.2861,0.000
58.047,street,Deniz,-1.0184,0.0910,31.6154,1.7500,0,ChildNaturalWalk,0.4017,0.3506,0.000
58.047,street,Can,-0.7072,0.1274,29.4973,1.6500,0,ChildNaturalWalk,0.3028,0.2808,0.000
58.081,street,Deniz,-1.0271,0.0915,31.6731,1.7500,0,ChildNaturalWalk,0.4174,0.3502,0.000
58.081,street,Can,-0.7152,0.1274,29.5517,1.6500,0,ChildNaturalWalk,0.3141,0.2767,0.000
58.114,street,Deniz,-1.0358,0.0920,31.7308,1.7500,0,ChildNaturalWalk,0.4354,0.3516,0.000
58.114,street,Can,-0.7232,0.1273,29.6062,1.6500,0,ChildNaturalWalk,0.3298,0.2753,0.000
58.148,street,Deniz,-1.0444,0.0925,31.7885,1.7500,0,ChildNaturalWalk,0.4369,0.3556,0.000
58.148,street,Can,-0.7312,0.1273,29.6606,1.6500,0,ChildNaturalWalk,0.3302,0.2769,0.000
58.181,street,Deniz,-1.0531,0.0930,31.8461,1.7500,0,ChildNaturalWalk,0.4217,0.3608,0.000
58.181,street,Can,-0.7392,0.1272,29.7150,1.6500,0,ChildNaturalWalk,0.3167,0.2786,0.000
58.214,street,Deniz,-1.0617,0.0935,31.9038,1.7500,0,ChildNaturalWalk,0.3952,0.3660,0.000
58.214,street,Can,-0.7472,0.1271,29.7694,1.6500,0,ChildNaturalWalk,0.2993,0.2796,0.000
58.248,street,Deniz,-1.0704,0.0940,31.9615,1.7500,0,ChildNaturalWalk,0.3718,0.3706,0.000
58.248,street,Can,-0.7552,0.1271,29.8238,1.6500,0,ChildNaturalWalk,0.2913,0.2795,0.000
58.281,street,Deniz,-1.0791,0.0945,32.0192,1.7500,0,ChildNaturalWalk,0.3716,0.3745,0.000
58.281,street,Can,-0.7632,0.1270,29.8782,1.6500,0,ChildNaturalWalk,0.2967,0.2778,0.000
58.314,street,Deniz,-1.0877,0.0950,32.0769,1.7500,0,ChildNaturalWalk,0.3786,0.3780,0.000
58.314,street,Can,-0.7712,0.1270,29.9327,1.6500,0,ChildNaturalWalk,0.3012,0.2773,0.000
58.348,street,Deniz,-1.0964,0.0955,32.1346,1.7500,0,ChildNaturalWalk,0.3732,0.3840,0.000
58.348,street,Can,-0.7792,0.1269,29.9871,1.6500,0,ChildNaturalWalk,0.2938,0.2807,0.000
58.381,street,Deniz,-1.1050,0.0960,32.1923,1.7500,0,ChildNaturalWalk,0.3603,0.3940,0.000
58.381,street,Can,-0.7873,0.1268,30.0415,1.6500,0,ChildNaturalWalk,0.2827,0.2900,0.000
58.414,street,Deniz,-1.1137,0.0965,32.2499,1.7500,0,ChildNaturalWalk,0.3526,0.4067,0.000
58.414,street,Can,-0.7953,0.1268,30.0959,1.6500,0,ChildNaturalWalk,0.2755,0.3004,0.000
58.448,street,Deniz,-1.1224,0.0970,32.3076,1.7500,0,ChildNaturalWalk,0.3542,0.4239,0.000
58.448,street,Can,-0.8033,0.1267,30.1503,1.6500,0,ChildNaturalWalk,0.2734,0.3179,0.000
58.481,street,Deniz,-1.1310,0.0976,32.3653,1.7500,0,ChildNaturalWalk,0.3579,0.4425,0.000
58.481,street,Can,-0.8114,0.1267,30.2047,1.6500,0,ChildNaturalWalk,0.2734,0.3328,0.000
58.514,street,Deniz,-1.1397,0.0989,32.4230,1.7503,0,ChildNaturalWalk,0.3622,0.4419,0.000
58.514,street,Can,-0.8194,0.1266,30.2591,1.6500,0,ChildNaturalWalk,0.2751,0.3304,0.000
58.548,street,Deniz,-1.1484,0.0999,32.4807,1.7501,0,ChildNaturalWalk,0.3679,0.4332,0.000
58.548,street,Can,-0.8274,0.1265,30.3135,1.6500,0,ChildNaturalWalk,0.2770,0.3225,0.000
58.581,street,Deniz,-1.1570,0.0972,32.5384,1.7517,0,ChildNaturalWalk,0.3701,0.4161,0.000
58.581,street,Can,-0.8355,0.1265,30.3679,1.6500,0,ChildNaturalWalk,0.2784,0.3123,0.000
58.614,street,Deniz,-1.1657,0.0900,32.5960,1.7633,0,ChildNaturalWalk,0.3681,0.3937,0.000
58.614,street,Can,-0.8435,0.1264,30.4223,1.6500,0,ChildNaturalWalk,0.2800,0.3056,0.000
58.648,street,Deniz,-1.1743,0.0806,32.6537,1.7725,0,ChildNaturalWalk,0.3649,0.3701,0.000
58.648,street,Can,-0.8516,0.1263,30.4767,1.6500,0,ChildNaturalWalk,0.2817,0.3018,0.000
58.681,street,Deniz,-1.1830,0.0704,32.7114,1.7763,0,ChildNaturalWalk,0.3612,0.3504,0.000
58.681,street,Can,-0.8596,0.1263,30.5312,1.6500,0,ChildNaturalWalk,0.2864,0.2943,0.000
58.715,street,Deniz,-1.1917,0.0603,32.7691,1.7763,0,ChildNaturalWalk,0.3593,0.3290,0.000
58.715,street,Can,-0.8677,0.1262,30.5856,1.6500,0,ChildNaturalWalk,0.2949,0.2867,0.000
58.747,street,Deniz,-1.2003,0.0501,32.8268,1.7763,0,ChildNaturalWalk,0.3584,0.3110,0.000
58.747,street,Can,-0.8758,0.1262,30.6400,1.6500,0,ChildNaturalWalk,0.3005,0.2813,0.000
58.782,street,Deniz,-1.2090,0.0399,32.8845,1.7763,0,ChildNaturalWalk,0.3593,0.2990,0.000
58.782,street,Can,-0.8838,0.1261,30.6944,1.6500,0,ChildNaturalWalk,0.3057,0.2771,0.000
58.814,street,Deniz,-1.2177,0.0298,32.9422,1.7763,0,ChildNaturalWalk,0.3664,0.2888,0.000
58.814,street,Can,-0.8919,0.1260,30.7488,1.6497,0,ChildNaturalWalk,0.3237,0.2742,0.000
58.847,street,Deniz,-1.2263,0.0199,32.9998,1.7747,0,ChildNaturalWalk,0.3670,0.2815,0.000
58.847,street,Can,-0.9000,0.1260,30.8032,1.6497,0,ChildNaturalWalk,0.3314,0.2750,0.000
58.881,street,Deniz,-1.2350,0.0199,33.0575,1.7500,0,ChildNaturalWalk,0.3559,0.2858,0.000
58.881,street,Can,-0.9080,0.1259,30.8576,1.6497,0,ChildNaturalWalk,0.3212,0.2766,0.000
58.915,street,Deniz,-1.2436,0.0199,33.1152,1.7500,0,ChildNaturalWalk,0.3326,0.2906,0.000
58.915,street,Can,-0.9161,0.1259,30.9119,1.6497,0,ChildNaturalWalk,0.3048,0.2783,0.000
58.947,street,Deniz,-1.2523,0.0199,33.1729,1.7500,0,ChildNaturalWalk,0.3053,0.2952,0.000
58.947,street,Can,-0.9242,0.1258,30.9663,1.6497,0,ChildNaturalWalk,0.2904,0.2784,0.000
58.980,street,Deniz,-1.2610,0.0199,33.2306,1.7500,0,ChildNaturalWalk,0.2950,0.2987,0.000
58.980,street,Can,-0.9323,0.1257,31.0207,1.6493,0,ChildNaturalWalk,0.2944,0.2771,0.000
59.014,street,Deniz,-1.2696,0.0199,33.2883,1.7500,0,ChildNaturalWalk,0.3017,0.3019,0.000
59.014,street,Can,-0.9404,0.1257,31.0751,1.6492,0,ChildNaturalWalk,0.2983,0.2760,0.000
59.048,street,Deniz,-1.2783,0.0199,33.3460,1.7500,0,ChildNaturalWalk,0.3011,0.3061,0.000
59.048,street,Can,-0.9484,0.1262,31.1295,1.6492,0,ChildNaturalWalk,0.2966,0.2782,0.000
59.080,street,Deniz,-1.2870,0.0199,33.4036,1.7500,0,ChildNaturalWalk,0.2891,0.3137,0.000
59.080,street,Can,-0.9565,0.1267,31.1838,1.6492,0,ChildNaturalWalk,0.2872,0.2851,0.000
59.115,street,Deniz,-1.2956,0.0199,33.4613,1.7500,0,ChildNaturalWalk,0.2787,0.3249,0.000
59.115,street,Can,-0.9646,0.1272,31.2382,1.6492,0,ChildNaturalWalk,0.2784,0.2964,0.000
59.147,street,Deniz,-1.3043,0.0199,33.5190,1.7500,0,ChildNaturalWalk,0.2764,0.3396,0.000
59.147,street,Can,-0.9727,0.1276,31.2926,1.6493,0,ChildNaturalWalk,0.2747,0.3107,0.000
59.181,street,Deniz,-1.3129,0.0199,33.5767,1.7500,0,ChildNaturalWalk,0.2790,0.3583,0.000
59.181,street,Can,-0.9808,0.1281,31.3470,1.6493,0,ChildNaturalWalk,0.2750,0.3303,0.000
59.214,street,Deniz,-1.3216,0.0199,33.6344,1.7500,0,ChildNaturalWalk,0.2819,0.3654,0.000
59.214,street,Can,-0.9889,0.1286,31.4013,1.6492,0,ChildNaturalWalk,0.2764,0.3351,0.000
59.248,street,Deniz,-1.3303,0.0199,33.6921,1.7500,0,ChildNaturalWalk,0.2859,0.3571,0.000
59.248,street,Can,-0.9970,0.1290,31.4557,1.6492,0,ChildNaturalWalk,0.2787,0.3280,0.000
59.280,street,Deniz,-1.3389,0.0199,33.7498,1.7500,0,ChildNaturalWalk,0.2910,0.3450,0.000
59.280,street,Can,-1.0051,0.1295,31.5101,1.6491,0,ChildNaturalWalk,0.2810,0.3195,0.000
59.314,street,Deniz,-1.3476,0.0199,33.8074,1.7500,0,ChildNaturalWalk,0.2960,0.3295,0.000
59.314,street,Can,-1.0132,0.1300,31.5645,1.6493,0,ChildNaturalWalk,0.2828,0.3107,0.000
59.347,street,Deniz,-1.3563,0.0199,33.8651,1.7500,0,ChildNaturalWalk,0.3017,0.3140,0.000
59.347,street,Can,-1.0213,0.1305,31.6188,1.6492,0,ChildNaturalWalk,0.2850,0.3076,0.000
59.381,street,Deniz,-1.3649,0.0199,33.9228,1.7500,0,ChildNaturalWalk,0.3086,0.3025,0.000
59.381,street,Can,-1.0294,0.1309,31.6732,1.6491,0,ChildNaturalWalk,0.2887,0.3036,0.000
59.414,street,Deniz,-1.3736,0.0199,33.9805,1.7500,0,ChildNaturalWalk,0.3156,0.2923,0.000
59.414,street,Can,-1.0375,0.1314,31.7276,1.6491,0,ChildNaturalWalk,0.2967,0.2940,0.000
59.447,street,Deniz,-1.3822,0.0199,34.0382,1.7500,0,ChildNaturalWalk,0.3259,0.2825,0.000
59.447,street,Can,-1.0456,0.1319,31.7819,1.6490,0,ChildNaturalWalk,0.3048,0.2893,0.000
59.481,street,Deniz,-1.3909,0.0199,34.0959,1.7500,0,ChildNaturalWalk,0.3337,0.2791,0.000
59.481,street,Can,-1.0537,0.1323,31.8363,1.6492,0,ChildNaturalWalk,0.3087,0.2848,0.000
59.514,street,Deniz,-1.3996,0.0199,34.1536,1.7500,0,ChildNaturalWalk,0.3508,0.2785,0.000
59.514,street,Can,-1.0618,0.1328,31.8907,1.6492,0,ChildNaturalWalk,0.3237,0.2815,0.000
59.548,street,Deniz,-1.4082,0.0199,34.2112,1.7500,0,ChildNaturalWalk,0.3644,0.2801,0.000
59.548,street,Can,-1.0699,0.1333,31.9450,1.6491,0,ChildNaturalWalk,0.3376,0.2814,0.000
59.580,street,Deniz,-1.4169,0.0199,34.2689,1.7500,0,ChildNaturalWalk,0.3622,0.2841,0.000
59.580,street,Can,-1.0780,0.1338,31.9994,1.6491,0,ChildNaturalWalk,0.3348,0.2839,0.000
59.614,street,Deniz,-1.4256,0.0199,34.3266,1.7500,0,ChildNaturalWalk,0.3424,0.2888,0.000
59.614,street,Can,-1.0861,0.1342,32.0538,1.6490,0,ChildNaturalWalk,0.3192,0.2860,0.000
59.648,street,Deniz,-1.4342,0.0199,34.3843,1.7500,0,ChildNaturalWalk,0.3150,0.2935,0.000
59.648,street,Can,-1.0943,0.1347,32.1081,1.6492,0,ChildNaturalWalk,0.3041,0.2875,0.000
59.681,street,Deniz,-1.4429,0.0199,34.4420,1.7500,0,ChildNaturalWalk,0.2956,0.2974,0.000
59.681,street,Can,-1.1024,0.1352,32.1625,1.6492,0,ChildNaturalWalk,0.3003,0.2872,0.000
59.714,street,Deniz,-1.4515,0.0199,34.4997,1.7500,0,ChildNaturalWalk,0.2987,0.3007,0.000
59.714,street,Can,-1.1105,0.1356,32.2169,1.6490,0,ChildNaturalWalk,0.3068,0.2861,0.000
59.748,street,Deniz,-1.4602,0.0199,34.5574,1.7500,0,ChildNaturalWalk,0.3045,0.3038,0.000
59.748,street,Can,-1.1186,0.1361,32.2712,1.6490,0,ChildNaturalWalk,0.3086,0.2871,0.000
59.781,street,Deniz,-1.4689,0.0199,34.6150,1.7500,0,ChildNaturalWalk,0.2941,0.3105,0.000
59.781,street,Can,-1.1267,0.1366,32.3256,1.6489,0,ChildNaturalWalk,0.3013,0.2916,0.000
59.814,street,Deniz,-1.4775,0.0199,34.6727,1.7500,0,ChildNaturalWalk,0.2811,0.3208,0.000
59.814,street,Can,-1.1349,0.1374,32.3800,1.6493,0,ChildNaturalWalk,0.2914,0.3029,0.000
59.847,street,Deniz,-1.4862,0.0199,34.7304,1.7500,0,ChildNaturalWalk,0.2757,0.3333,0.000
59.847,street,Can,-1.1430,0.1386,32.4343,1.6494,0,ChildNaturalWalk,0.2863,0.3156,0.000
59.881,street,Deniz,-1.4948,0.0199,34.7881,1.7500,0,ChildNaturalWalk,0.2779,0.3520,0.000
59.881,street,Can,-1.1511,0.1394,32.4887,1.6492,0,ChildNaturalWalk,0.2861,0.3353,0.000
59.914,street,Deniz,-1.5035,0.0199,34.8458,1.7500,0,ChildNaturalWalk,0.2804,0.3652,0.000
59.914,street,Can,-1.1592,0.1360,32.5430,1.6520,0,ChildNaturalWalk,0.2831,0.3425,0.000
59.947,street,Deniz,-1.5122,0.0199,34.9035,1.7500,0,ChildNaturalWalk,0.2842,0.3610,0.000
59.947,street,Can,-1.1673,0.1292,32.5974,1.6614,0,ChildNaturalWalk,0.2782,0.3316,0.000
59.980,street,Deniz,-1.5208,0.0199,34.9612,1.7500,0,ChildNaturalWalk,0.2891,0.3501,0.000
59.980,street,Can,-1.1755,0.1204,32.6518,1.6703,0,ChildNaturalWalk,0.2711,0.3137,0.000
60.014,street,Deniz,-1.5295,0.0199,35.0188,1.7500,0,ChildNaturalWalk,0.2940,0.3351,0.000
60.014,street,Can,-1.1836,0.1108,32.7061,1.6741,0,ChildNaturalWalk,0.2632,0.2950,0.000
60.048,street,Deniz,-1.5382,0.0199,35.0765,1.7500,0,ChildNaturalWalk,0.2995,0.3203,0.000
60.048,street,Can,-1.1917,0.1012,32.7605,1.6742,0,ChildNaturalWalk,0.2551,0.2786,0.000
60.082,street,Deniz,-1.5468,0.0199,35.1342,1.7500,0,ChildNaturalWalk,0.3059,0.3062,0.000
60.082,street,Can,-1.1999,0.0916,32.8149,1.6743,0,ChildNaturalWalk,0.2477,0.2665,0.000
60.114,street,Deniz,-1.5555,0.0199,35.1919,1.7500,0,ChildNaturalWalk,0.3121,0.2965,0.000
60.114,street,Can,-1.2080,0.0820,32.8693,1.6746,0,ChildNaturalWalk,0.2442,0.2475,0.000
60.147,street,Deniz,-1.5641,0.0199,35.2496,1.7500,0,ChildNaturalWalk,0.3219,0.2862,0.000
60.147,street,Can,-1.2161,0.0725,32.9237,1.6747,0,ChildNaturalWalk,0.2431,0.2317,0.000
60.181,street,Deniz,-1.5728,0.0199,35.3073,1.7500,0,ChildNaturalWalk,0.3298,0.2799,0.000
60.181,street,Can,-1.2243,0.0629,32.9781,1.6748,0,ChildNaturalWalk,0.2376,0.2169,0.000
60.214,street,Deniz,-1.5815,0.0199,35.3650,1.7500,0,ChildNaturalWalk,0.3432,0.2787,0.000
60.214,street,Can,-1.2324,0.0594,33.0324,1.6533,0,ChildNaturalWalk,0.2434,0.2092,0.000
60.253,street,Deniz,-1.5901,0.0199,35.4226,1.7500,0,ChildNaturalWalk,0.3607,0.2793,0.000
60.253,street,Can,-1.2405,0.0594,33.0868,1.6500,0,ChildNaturalWalk,0.2609,0.2074,0.000
60.286,street,Deniz,-1.5988,0.0199,35.4803,1.7500,0,ChildNaturalWalk,0.3656,0.2824,0.000
60.286,street,Can,-1.2487,0.0594,33.1412,1.6500,0,ChildNaturalWalk,0.2631,0.2088,0.000
60.319,street,Deniz,-1.6075,0.0199,35.5380,1.7500,0,ChildNaturalWalk,0.3511,0.2869,0.000
60.319,street,Can,-1.2568,0.0594,33.1956,1.6500,0,ChildNaturalWalk,0.2517,0.2106,0.000
60.355,street,Deniz,-1.6161,0.0199,35.5957,1.7500,0,ChildNaturalWalk,0.3260,0.2918,0.000
60.355,street,Can,-1.2650,0.0594,33.2500,1.6500,0,ChildNaturalWalk,0.2336,0.2118,0.000
60.386,street,Deniz,-1.6248,0.0199,35.6534,1.7500,0,ChildNaturalWalk,0.2999,0.2960,0.000
60.386,street,Can,-1.2731,0.0594,33.3044,1.6500,0,ChildNaturalWalk,0.2233,0.2119,0.000
60.419,street,Deniz,-1.6334,0.0199,35.7111,1.7500,0,ChildNaturalWalk,0.2963,0.2995,0.000
60.419,street,Can,-1.2812,0.0594,33.3588,1.6500,0,ChildNaturalWalk,0.2286,0.2103,0.000
60.453,street,Deniz,-1.6421,0.0199,35.7688,1.7500,0,ChildNaturalWalk,0.3028,0.3025,0.000
60.453,street,Can,-1.2894,0.0594,33.4132,1.6500,0,ChildNaturalWalk,0.2329,0.2097,0.000
60.488,street,Deniz,-1.6508,0.0199,35.8264,1.7500,0,ChildNaturalWalk,0.2995,0.3073,0.000
60.488,street,Can,-1.2975,0.0594,33.4676,1.6500,0,ChildNaturalWalk,0.2277,0.2124,0.000
60.519,street,Deniz,-1.6594,0.0199,35.8841,1.7500,0,ChildNaturalWalk,0.2860,0.3164,0.000
60.519,street,Can,-1.3057,0.0594,33.5220,1.6500,0,ChildNaturalWalk,0.2169,0.2207,0.000
60.553,street,Deniz,-1.6681,0.0199,35.9418,1.7500,0,ChildNaturalWalk,0.2769,0.3282,0.000
60.553,street,Can,-1.3138,0.0594,33.5764,1.6500,0,ChildNaturalWalk,0.2088,0.2314,0.000
60.587,street,Deniz,-1.6768,0.0199,35.9995,1.7500,0,ChildNaturalWalk,0.2768,0.3440,0.000
60.587,street,Can,-1.3220,0.0594,33.6308,1.6500,0,ChildNaturalWalk,0.2061,0.2475,0.000
60.619,street,Deniz,-1.6854,0.0199,36.0572,1.7500,0,ChildNaturalWalk,0.2797,0.3623,0.000
60.619,street,Can,-1.3301,0.0594,33.6852,1.6500,0,ChildNaturalWalk,0.2064,0.2655,0.000
60.653,street,Deniz,-1.6941,0.0199,36.1149,1.7500,0,ChildNaturalWalk,0.2827,0.3642,0.000
60.653,street,Can,-1.3383,0.0594,33.7396,1.6500,0,ChildNaturalWalk,0.2076,0.2641,0.000
60.686,street,Deniz,-1.7027,0.0199,36.1726,1.7500,0,ChildNaturalWalk,0.2872,0.3545,0.000
60.686,street,Can,-1.3464,0.0594,33.7940,1.6500,0,ChildNaturalWalk,0.2097,0.2568,0.000
60.719,street,Deniz,-1.7114,0.0199,36.2302,1.7500,0,ChildNaturalWalk,0.2922,0.3413,0.000
60.719,street,Can,-1.3545,0.0594,33.8484,1.6500,0,ChildNaturalWalk,0.2111,0.2464,0.000
60.752,street,Deniz,-1.7201,0.0199,36.2879,1.7500,0,ChildNaturalWalk,0.2972,0.3255,0.000
60.752,street,Can,-1.3627,0.0594,33.9027,1.6500,0,ChildNaturalWalk,0.2127,0.2390,0.000
60.786,street,Deniz,-1.7287,0.0199,36.3456,1.7500,0,ChildNaturalWalk,0.3033,0.3116,0.000
60.786,street,Can,-1.3708,0.0594,33.9571,1.6500,0,ChildNaturalWalk,0.2144,0.2354,0.000
60.820,street,Deniz,-1.7374,0.0216,36.4033,1.7507,0,ChildNaturalWalk,0.3115,0.3028,0.000
60.820,street,Can,-1.3790,0.0594,34.0115,1.6500,0,ChildNaturalWalk,0.2186,0.2295,0.000
60.853,street,Deniz,-1.7461,0.0235,36.4610,1.7509,0,ChildNaturalWalk,0.3211,0.2936,0.000
60.853,street,Can,-1.3871,0.0594,34.0659,1.6500,0,ChildNaturalWalk,0.2268,0.2205,0.000
60.886,street,Deniz,-1.7547,0.0254,36.5187,1.7509,0,ChildNaturalWalk,0.3329,0.2871,0.000
60.886,street,Can,-1.3953,0.0594,34.1203,1.6500,0,ChildNaturalWalk,0.2332,0.2154,0.000
60.919,street,Deniz,-1.7634,0.0274,36.5764,1.7509,0,ChildNaturalWalk,0.3451,0.2864,0.000
60.919,street,Can,-1.4034,0.0594,34.1747,1.6500,0,ChildNaturalWalk,0.2367,0.2110,0.000
60.952,street,Deniz,-1.7720,0.0293,36.6340,1.7509,0,ChildNaturalWalk,0.3639,0.2882,0.000
60.952,street,Can,-1.4116,0.0594,34.2291,1.6500,0,ChildNaturalWalk,0.2544,0.2077,0.000
60.986,street,Deniz,-1.7807,0.0313,36.6917,1.7509,0,ChildNaturalWalk,0.3773,0.2922,0.000
60.986,street,Can,-1.4197,0.0594,34.2835,1.6500,0,ChildNaturalWalk,0.2658,0.2082,0.000
61.020,street,Deniz,-1.7894,0.0332,36.7494,1.7509,0,ChildNaturalWalk,0.3721,0.2985,0.000
61.020,street,Can,-1.4279,0.0594,34.3379,1.6500,0,ChildNaturalWalk,0.2566,0.2098,0.000
61.055,street,Deniz,-1.7980,0.0352,36.8071,1.7509,0,ChildNaturalWalk,0.3512,0.3051,0.000
61.055,street,Can,-1.4360,0.0594,34.3923,1.6500,0,ChildNaturalWalk,0.2408,0.2117,0.000
61.086,street,Deniz,-1.8067,0.0371,36.8648,1.7509,0,ChildNaturalWalk,0.3265,0.3119,0.000
61.086,street,Can,-1.4442,0.0594,34.4467,1.6500,0,ChildNaturalWalk,0.2252,0.2120,0.000
61.119,street,Deniz,-1.8154,0.0391,36.9225,1.7509,0,ChildNaturalWalk,0.3141,0.3173,0.000
61.119,street,Can,-1.4524,0.0594,34.5011,1.6500,0,ChildNaturalWalk,0.2262,0.2110,0.000
61.153,street,Deniz,-1.8240,0.0410,36.9802,1.7509,0,ChildNaturalWalk,0.3221,0.3226,0.000
61.153,street,Can,-1.4605,0.0594,34.5555,1.6499,0,ChildNaturalWalk,0.2315,0.2097,0.000
61.186,street,Deniz,-1.8327,0.0429,37.0378,1.7509,0,ChildNaturalWalk,0.3253,0.3283,0.000
61.186,street,Can,-1.4687,0.0594,34.6099,1.6499,0,ChildNaturalWalk,0.2304,0.2111,0.000
61.219,street,Deniz,-1.8413,0.0449,37.0955,1.7509,0,ChildNaturalWalk,0.3159,0.3375,0.000
61.219,street,Can,-1.4768,0.0594,34.6643,1.6499,0,ChildNaturalWalk,0.2217,0.2162,0.000
61.253,street,Deniz,-1.8500,0.0468,37.1532,1.7509,0,ChildNaturalWalk,0.3065,0.3502,0.000
61.253,street,Can,-1.4850,0.0594,34.7186,1.6499,0,ChildNaturalWalk,0.2117,0.2271,0.000
61.287,street,Deniz,-1.8587,0.0488,37.2109,1.7509,0,ChildNaturalWalk,0.3048,0.3661,0.000
61.287,street,Can,-1.4931,0.0594,34.7730,1.6499,0,ChildNaturalWalk,0.2067,0.2398,0.000
61.319,street,Deniz,-1.8673,0.0507,37.2686,1.7509,0,ChildNaturalWalk,0.3094,0.3870,0.000
61.319,street,Can,-1.5013,0.0594,34.8274,1.6499,0,ChildNaturalWalk,0.2062,0.2591,0.000
61.353,street,Deniz,-1.8760,0.0527,37.3263,1.7508,0,ChildNaturalWalk,0.3140,0.3979,0.000
61.353,street,Can,-1.5094,0.0594,34.8818,1.6499,0,ChildNaturalWalk,0.2070,0.2666,0.000
61.387,street,Deniz,-1.8846,0.0546,37.3840,1.7508,0,ChildNaturalWalk,0.3200,0.3936,0.000
61.387,street,Can,-1.5176,0.0594,34.9362,1.6499,0,ChildNaturalWalk,0.2088,0.2595,0.000
61.420,street,Deniz,-1.8933,0.0565,37.4416,1.7508,0,ChildNaturalWalk,0.3268,0.3833,0.000
61.420,street,Can,-1.5257,0.0594,34.9906,1.6499,0,ChildNaturalWalk,0.2106,0.2507,0.000
61.453,street,Deniz,-1.9020,0.0585,37.4993,1.7508,0,ChildNaturalWalk,0.3339,0.3708,0.000
61.453,street,Can,-1.5339,0.0594,35.0450,1.6499,0,ChildNaturalWalk,0.2120,0.2412,0.000
61.488,street,Deniz,-1.9106,0.0604,37.5570,1.7508,0,ChildNaturalWalk,0.3414,0.3564,0.000
61.488,street,Can,-1.5420,0.0594,35.0994,1.6498,0,ChildNaturalWalk,0.2136,0.2362,0.000
61.521,street,Deniz,-1.9193,0.0624,37.6147,1.7508,0,ChildNaturalWalk,0.3502,0.3460,0.000
61.521,street,Can,-1.5502,0.0594,35.1538,1.6498,0,ChildNaturalWalk,0.2164,0.2330,0.000
61.552,street,Deniz,-1.9280,0.0643,37.6724,1.7507,0,ChildNaturalWalk,0.3588,0.3381,0.000
61.552,street,Can,-1.5584,0.0594,35.2081,1.6498,0,ChildNaturalWalk,0.2236,0.2229,0.000
61.588,street,Deniz,-1.9366,0.0663,37.7300,1.7507,0,ChildNaturalWalk,0.3708,0.3302,0.000
61.588,street,Can,-1.5665,0.0594,35.2625,1.6498,0,ChildNaturalWalk,0.2317,0.2176,0.000
61.620,street,Deniz,-1.9453,0.0682,37.7877,1.7507,0,ChildNaturalWalk,0.3799,0.3276,0.000
61.620,street,Can,-1.5747,0.0594,35.3169,1.6498,0,ChildNaturalWalk,0.2352,0.2123,0.000
61.653,street,Deniz,-1.9539,0.0701,37.8454,1.7506,0,ChildNaturalWalk,0.3981,0.3287,0.000
61.653,street,Can,-1.5828,0.0594,35.3713,1.6497,0,ChildNaturalWalk,0.2482,0.2083,0.000
61.686,street,Deniz,-1.9626,0.0721,37.9031,1.7506,0,ChildNaturalWalk,0.4159,0.3319,0.000
61.686,street,Can,-1.5910,0.0594,35.4257,1.6497,0,ChildNaturalWalk,0.2626,0.2074,0.000
61.719,street,Deniz,-1.9713,0.0712,37.9607,1.7499,0,ChildNaturalWalk,0.4146,0.3347,0.000
61.719,street,Can,-1.5991,0.0594,35.4801,1.6497,0,ChildNaturalWalk,0.2618,0.2093,0.000
61.752,street,Deniz,-1.9799,0.0687,38.0184,1.7511,0,ChildNaturalWalk,0.3952,0.3370,0.000
61.752,street,Can,-1.6073,0.0594,35.5344,1.6497,0,ChildNaturalWalk,0.2468,0.2109,0.000
61.786,street,Deniz,-1.9886,0.0661,38.0761,1.7511,0,ChildNaturalWalk,0.3649,0.3391,0.000
61.786,street,Can,-1.6155,0.0594,35.5888,1.6496,0,ChildNaturalWalk,0.2302,0.2120,0.000
61.820,street,Deniz,-1.9972,0.0636,38.1338,1.7511,0,ChildNaturalWalk,0.3403,0.3407,0.000
61.820,street,Can,-1.6236,0.0594,35.6432,1.6497,0,ChildNaturalWalk,0.2238,0.2116,0.000
61.853,street,Deniz,-2.0059,0.0611,38.1914,1.7512,0,ChildNaturalWalk,0.3388,0.3415,0.000
61.853,street,Can,-1.6318,0.0594,35.6976,1.6497,0,ChildNaturalWalk,0.2296,0.2100,0.000
61.886,street,Deniz,-2.0146,0.0586,38.2491,1.7512,0,ChildNaturalWalk,0.3429,0.3420,0.000
61.886,street,Can,-1.6399,0.0594,35.7520,1.6496,0,ChildNaturalWalk,0.2329,0.2100,0.000
61.919,street,Deniz,-2.0232,0.0561,38.3068,1.7512,0,ChildNaturalWalk,0.3323,0.3455,0.000
61.919,street,Can,-1.6481,0.0594,35.8063,1.6496,0,ChildNaturalWalk,0.2253,0.2137,0.000
61.953,street,Deniz,-2.0319,0.0536,38.3644,1.7512,0,ChildNaturalWalk,0.3166,0.3529,0.000
61.953,street,Can,-1.6562,0.0594,35.8607,1.6496,0,ChildNaturalWalk,0.2142,0.2237,0.000
61.986,street,Deniz,-2.0405,0.0511,38.4221,1.7512,0,ChildNaturalWalk,0.3070,0.3625,0.000
61.986,street,Can,-1.6644,0.0594,35.9151,1.6498,0,ChildNaturalWalk,0.2076,0.2344,0.000
62.019,street,Deniz,-2.0492,0.0486,38.4798,1.7514,0,ChildNaturalWalk,0.3061,0.3777,0.000
62.019,street,Can,-1.6726,0.0594,35.9695,1.6498,0,ChildNaturalWalk,0.2061,0.2529,0.000
62.053,street,Deniz,-2.0579,0.0461,38.5375,1.7514,0,ChildNaturalWalk,0.3065,0.3915,0.000
62.053,street,Can,-1.6807,0.0594,36.0239,1.6498,0,ChildNaturalWalk,0.2061,0.2657,0.000
62.087,street,Deniz,-2.0665,0.0436,38.5952,1.7514,0,ChildNaturalWalk,0.3074,0.3857,0.000
62.087,street,Can,-1.6889,0.0594,36.0783,1.6498,0,ChildNaturalWalk,0.2081,0.2626,0.000
62.119,street,Deniz,-2.0752,0.0411,38.6528,1.7514,0,ChildNaturalWalk,0.3098,0.3735,0.000
62.119,street,Can,-1.6970,0.0594,36.1326,1.6498,0,ChildNaturalWalk,0.2099,0.2542,0.000
62.152,street,Deniz,-2.0838,0.0386,38.7105,1.7514,0,ChildNaturalWalk,0.3120,0.3559,0.000
62.152,street,Can,-1.7052,0.0594,36.1870,1.6500,0,ChildNaturalWalk,0.2115,0.2444,0.000
62.186,street,Deniz,-2.0925,0.0361,38.7682,1.7515,0,ChildNaturalWalk,0.3149,0.3387,0.000
62.186,street,Can,-1.7134,0.0594,36.2414,1.6500,0,ChildNaturalWalk,0.2131,0.2376,0.000
62.220,street,Deniz,-2.1012,0.0336,38.8259,1.7515,0,ChildNaturalWalk,0.3186,0.3216,0.000
62.220,street,Can,-1.7215,0.0594,36.2958,1.6500,0,ChildNaturalWalk,0.2150,0.2345,0.000
62.253,street,Deniz,-2.1098,0.0311,38.8836,1.7515,0,ChildNaturalWalk,0.3225,0.3098,0.000
62.253,street,Can,-1.7297,0.0594,36.3502,1.6500,0,ChildNaturalWalk,0.2203,0.2261,0.000
62.286,street,Deniz,-2.1185,0.0286,38.9412,1.7515,0,ChildNaturalWalk,0.3289,0.2963,0.000
62.286,street,Can,-1.7378,0.0611,36.4046,1.6507,0,ChildNaturalWalk,0.2306,0.2210,0.000
62.320,street,Deniz,-2.1272,0.0261,38.9989,1.7516,0,ChildNaturalWalk,0.3351,0.2866,0.000
62.320,street,Can,-1.7460,0.0629,36.4590,1.6509,0,ChildNaturalWalk,0.2376,0.2175,0.000
62.353,street,Deniz,-2.1358,0.0236,39.0566,1.7516,0,ChildNaturalWalk,0.3445,0.2825,0.000
62.353,street,Can,-1.7542,0.0647,36.5134,1.6509,0,ChildNaturalWalk,0.2462,0.2152,0.000
62.389,street,Deniz,-2.1445,0.0211,39.1143,1.7516,0,ChildNaturalWalk,0.3595,0.2803,0.000
62.389,street,Can,-1.7623,0.0666,36.5678,1.6509,0,ChildNaturalWalk,0.2663,0.2146,0.000
62.420,street,Deniz,-2.1531,0.0199,39.1720,1.7503,0,ChildNaturalWalk,0.3671,0.2819,0.000
62.420,street,Can,-1.7705,0.0684,36.6222,1.6509,0,ChildNaturalWalk,0.2730,0.2176,0.000
62.453,street,Deniz,-2.1618,0.0199,39.2297,1.7500,0,ChildNaturalWalk,0.3538,0.2862,0.000
62.453,street,Can,-1.7787,0.0702,36.6765,1.6509,0,ChildNaturalWalk,0.2642,0.2211,0.000
62.490,street,Deniz,-2.1705,0.0199,39.2874,1.7500,0,ChildNaturalWalk,0.3303,0.2913,0.000
62.490,street,Can,-1.7868,0.0721,36.7309,1.6509,0,ChildNaturalWalk,0.2489,0.2245,0.000
62.520,street,Deniz,-2.1791,0.0199,39.3450,1.7500,0,ChildNaturalWalk,0.3028,0.2955,0.000
62.520,street,Can,-1.7950,0.0739,36.7853,1.6509,0,ChildNaturalWalk,0.2380,0.2264,0.000
62.553,street,Deniz,-2.1878,0.0199,39.4027,1.7500,0,ChildNaturalWalk,0.2953,0.2991,0.000
62.553,street,Can,-1.8031,0.0757,36.8397,1.6509,0,ChildNaturalWalk,0.2446,0.2269,0.000
62.586,street,Deniz,-2.1965,0.0199,39.4604,1.7500,0,ChildNaturalWalk,0.3021,0.3022,0.000
62.586,street,Can,-1.8113,0.0775,36.8941,1.6509,0,ChildNaturalWalk,0.2504,0.2278,0.000
62.620,street,Deniz,-2.2051,0.0199,39.5181,1.7500,0,ChildNaturalWalk,0.3003,0.3067,0.000
62.620,street,Can,-1.8195,0.0794,36.9485,1.6509,0,ChildNaturalWalk,0.2492,0.2317,0.000
62.653,street,Deniz,-2.2138,0.0199,39.5758,1.7500,0,ChildNaturalWalk,0.2878,0.3149,0.000
62.653,street,Can,-1.8276,0.0812,37.0029,1.6509,0,ChildNaturalWalk,0.2405,0.2409,0.000
62.687,street,Deniz,-2.2224,0.0199,39.6335,1.7500,0,ChildNaturalWalk,0.2780,0.3262,0.000
62.687,street,Can,-1.8358,0.0830,37.0573,1.6509,0,ChildNaturalWalk,0.2334,0.2535,0.000
62.722,street,Deniz,-2.2311,0.0199,39.6912,1.7500,0,ChildNaturalWalk,0.2766,0.3414,0.000
62.722,street,Can,-1.8440,0.0849,37.1117,1.6509,0,ChildNaturalWalk,0.2318,0.2701,0.000
62.754,street,Deniz,-2.2398,0.0199,39.7488,1.7500,0,ChildNaturalWalk,0.2793,0.3600,0.000
62.754,street,Can,-1.8521,0.0867,37.1661,1.6509,0,ChildNaturalWalk,0.2337,0.2908,0.000
62.786,street,Deniz,-2.2484,0.0199,39.8065,1.7500,0,ChildNaturalWalk,0.2823,0.3657,0.000
62.786,street,Can,-1.8603,0.0885,37.2204,1.6508,0,ChildNaturalWalk,0.2366,0.2942,0.000
62.819,street,Deniz,-2.2571,0.0199,39.8642,1.7500,0,ChildNaturalWalk,0.2864,0.3559,0.000
62.819,street,Can,-1.8684,0.0904,37.2748,1.6508,0,ChildNaturalWalk,0.2403,0.2886,0.000
62.853,street,Deniz,-2.2657,0.0199,39.9219,1.7500,0,ChildNaturalWalk,0.2915,0.3436,0.000
62.853,street,Can,-1.8766,0.0922,37.3292,1.6508,0,ChildNaturalWalk,0.2437,0.2808,0.000
62.887,street,Deniz,-2.2735,0.0199,39.9738,1.5734,0,ChildNaturalWalk,0.2965,0.3276,0.000
62.887,street,Can,-1.8848,0.0940,37.3836,1.6508,0,ChildNaturalWalk,0.2471,0.2742,0.000
62.920,street,Deniz,-2.2804,0.0199,40.0197,1.3945,0,ChildNaturalWalk,0.3024,0.3128,0.000
62.920,street,Can,-1.8929,0.0959,37.4380,1.6508,0,ChildNaturalWalk,0.2506,0.2727,0.000
62.953,street,Deniz,-2.2859,0.0199,40.0558,1.0945,0,ChildNaturalWalk,0.3092,0.3020,0.000
62.953,street,Can,-1.9011,0.0977,37.4924,1.6508,0,ChildNaturalWalk,0.2560,0.2694,0.000
62.986,street,Deniz,-2.2898,0.0199,40.0820,0.7946,0,ChildNaturalWalk,0.3165,0.2913,0.000
62.986,street,Can,-1.9093,0.0995,37.5468,1.6507,0,ChildNaturalWalk,0.2656,0.2615,0.000
63.020,street,Deniz,-2.2922,0.0199,40.0983,0.4945,0,ChildNaturalWalk,0.3265,0.2821,0.000
63.020,street,Can,-1.9174,0.1014,37.6011,1.6508,0,ChildNaturalWalk,0.2747,0.2582,0.000
63.053,street,Deniz,-2.2932,0.0199,40.1047,0.1945,0,ChildNaturalWalk,0.3354,0.2790,0.000
63.053,street,Can,-1.9256,0.1032,37.6555,1.6507,0,ChildNaturalWalk,0.2797,0.2553,0.000
63.086,street,Deniz,-2.2932,0.0199,40.1047,0.0000,0,ChildNeutralIdle+ChildNaturalWalk,0.3453,0.2761,0.000
63.086,street,Can,-1.9337,0.1050,37.7099,1.6507,0,ChildNaturalWalk,0.2976,0.2536,0.000
63.119,street,Deniz,-2.2932,0.0199,40.1047,0.0000,0,ChildNeutralIdle+ChildNaturalWalk,0.3285,0.2754,0.000
63.119,street,Can,-1.9419,0.1069,37.7643,1.6507,0,ChildNaturalWalk,0.3120,0.2552,0.000
63.155,street,Deniz,-2.2932,0.0199,40.1047,0.0000,0,ChildNeutralIdle,0.2844,0.3034,0.000
63.155,street,Can,-1.9501,0.1087,37.8187,1.6507,0,ChildNaturalWalk,0.3080,0.2589,0.000
63.189,street,Deniz,-2.2932,0.0199,40.1047,0.0000,0,ChildNeutralIdle,0.2842,0.3033,0.000
63.189,street,Can,-1.9501,0.1087,37.8187,0.0000,0,ChildNeutralIdle,0.2549,0.2400,0.000
63.221,street,Deniz,-2.2932,0.0199,40.1047,0.0000,0,ChildNeutralIdle,0.2840,0.3032,0.000
63.221,street,Can,-1.9501,0.1087,37.8187,0.0000,0,ChildNeutralIdle,0.2545,0.2399,0.000
63.253,street,Deniz,-2.2932,0.0199,40.1047,0.0000,0,ChildNeutralIdle,0.2838,0.3031,0.000
63.253,street,Can,-1.9501,0.1087,37.8187,0.0000,0,ChildNeutralIdle,0.2541,0.2398,0.000
63.287,street,Deniz,-2.2932,0.0199,40.1047,0.0000,0,ChildNeutralIdle,0.2836,0.3030,0.000
63.287,street,Can,-1.9501,0.1087,37.8187,0.0000,0,ChildNeutralIdle,0.2537,0.2397,0.000
63.320,street,Deniz,-2.2932,0.0199,40.1047,0.0000,0,ChildNeutralIdle,0.2834,0.3029,0.000
63.320,street,Can,-1.9501,0.1087,37.8187,0.0000,0,ChildNeutralIdle,0.2533,0.2397,0.000
63.353,street,Deniz,-2.2932,0.0199,40.1047,0.0000,0,ChildNeutralIdle,0.2831,0.3029,0.000
63.353,street,Can,-1.9501,0.1087,37.8187,0.0000,0,ChildNeutralIdle,0.2530,0.2396,0.000
63.386,street,Deniz,-2.2932,0.0199,40.1047,0.0000,0,ChildNeutralIdle,0.2829,0.3028,0.000
63.386,street,Can,-1.9501,0.1087,37.8187,0.0000,0,ChildNeutralIdle,0.2526,0.2396,0.000
63.419,street,Deniz,-2.2932,0.0199,40.1047,0.0000,0,ChildNeutralIdle,0.2827,0.3028,0.000
63.419,street,Can,-1.9501,0.1087,37.8187,0.0000,0,ChildNeutralIdle,0.2523,0.2396,0.000
63.454,street,Deniz,-2.2932,0.0199,40.1047,0.0000,0,ChildNeutralIdle,0.2825,0.3028,0.000
63.454,street,Can,-1.9501,0.1087,37.8187,0.0000,0,ChildNeutralIdle,0.2521,0.2397,0.000
63.486,street,Deniz,-2.2932,0.0199,40.1047,0.0000,0,ChildNeutralIdle,0.2823,0.3028,0.000
63.486,street,Can,-1.9501,0.1087,37.8187,0.0000,0,ChildNeutralIdle,0.2519,0.2398,0.000
63.520,street,Deniz,-2.2932,0.0199,40.1047,0.0000,0,ChildNeutralIdle,0.2821,0.3028,0.000
63.520,street,Can,-1.9501,0.1087,37.8187,0.0000,0,ChildNeutralIdle,0.2517,0.2399,0.000
63.557,street,Deniz,-2.2932,0.0199,40.1047,0.0000,0,ChildNeutralIdle,0.2819,0.3028,0.000
63.557,street,Can,-1.9501,0.1087,37.8187,0.0000,0,ChildNeutralIdle,0.2516,0.2400,0.000
63.590,street,Deniz,-2.2932,0.0199,40.1047,0.0000,0,ChildNeutralIdle,0.2817,0.3028,0.000
63.590,street,Can,-1.9501,0.1087,37.8187,0.0000,0,ChildNeutralIdle,0.2515,0.2402,0.000
63.624,street,Deniz,-2.2932,0.0199,40.1047,0.0000,0,ChildNeutralIdle,0.2816,0.3029,0.000
63.624,street,Can,-1.9501,0.1087,37.8187,0.0000,0,ChildNeutralIdle,0.2514,0.2403,0.000
63.657,street,Deniz,-2.2932,0.0199,40.1047,0.0000,0,ChildNeutralIdle,0.2814,0.3029,0.000
63.657,street,Can,-1.9501,0.1087,37.8187,0.0000,0,ChildNeutralIdle,0.2514,0.2405,0.000
63.691,street,Deniz,-2.2932,0.0199,40.1047,0.0000,0,ChildNeutralIdle,0.2812,0.3030,0.000
63.691,street,Can,-1.9501,0.1087,37.8187,0.0000,0,ChildNeutralIdle,0.2513,0.2407,0.000
63.724,street,Deniz,-2.2932,0.0199,40.1047,0.0000,0,ChildNeutralIdle,0.2811,0.3031,0.000
63.724,street,Can,-1.9501,0.1087,37.8187,0.0000,0,ChildNeutralIdle,0.2513,0.2409,0.000
63.758,street,Deniz,-2.2932,0.0199,40.1047,0.0000,0,ChildNeutralIdle,0.2810,0.3032,0.000
63.758,street,Can,-1.9501,0.1087,37.8187,0.0000,0,ChildNeutralIdle,0.2514,0.2411,0.000
63.791,street,Deniz,-2.2932,0.0199,40.1047,0.0000,0,ChildNeutralIdle,0.2809,0.3033,0.000
63.791,street,Can,-1.9501,0.1087,37.8187,0.0000,0,ChildNeutralIdle,0.2514,0.2413,0.000
63.825,street,Deniz,-2.2932,0.0199,40.1047,0.0000,0,ChildNeutralIdle,0.2808,0.3034,0.000
63.825,street,Can,-1.9501,0.1087,37.8187,0.0000,0,ChildNeutralIdle,0.2515,0.2415,0.000
63.857,street,Deniz,-2.2932,0.0199,40.1047,0.0000,0,ChildNeutralIdle,0.2808,0.3036,0.000
63.857,street,Can,-1.9501,0.1087,37.8187,0.0000,0,ChildNeutralIdle,0.2517,0.2417,0.000
63.891,street,Deniz,-2.2932,0.0199,40.1047,0.0000,0,ChildNeutralIdle,0.2808,0.3038,0.000
63.891,street,Can,-1.9501,0.1087,37.8187,0.0000,0,ChildNeutralIdle,0.2518,0.2419,0.000
63.925,street,Deniz,-2.2932,0.0199,40.1047,0.0000,0,ChildNeutralIdle,0.2808,0.3040,0.000
63.925,street,Can,-1.9501,0.1087,37.8187,0.0000,0,ChildNeutralIdle,0.2520,0.2421,0.000
63.958,street,Deniz,-2.2932,0.0199,40.1047,0.0000,0,ChildNeutralIdle,0.2809,0.3041,0.000
63.958,street,Can,-1.9501,0.1087,37.8187,0.0000,0,ChildNeutralIdle,0.2522,0.2423,0.000
63.991,street,Deniz,-2.2932,0.0199,40.1047,0.0000,0,ChildNeutralIdle,0.2809,0.3043,0.000
63.991,street,Can,-1.9501,0.1087,37.8187,0.0000,0,ChildNeutralIdle,0.2525,0.2425,0.000
64.024,street,Deniz,-2.2932,0.0199,40.1047,0.0000,0,ChildNeutralIdle,0.2810,0.3045,0.000
64.024,street,Can,-1.9501,0.1087,37.8187,0.0000,0,ChildNeutralIdle,0.2528,0.2427,0.000
64.058,street,Deniz,-2.2932,0.0199,40.1047,0.0000,0,ChildNeutralIdle,0.2811,0.3047,0.000
64.058,street,Can,-1.9501,0.1087,37.8187,0.0000,0,ChildNeutralIdle,0.2531,0.2429,0.000
64.091,street,Deniz,-2.2932,0.0199,40.1047,0.0000,0,ChildNeutralIdle,0.2812,0.3049,0.000
64.091,street,Can,-1.9501,0.1087,37.8187,0.0000,0,ChildNeutralIdle,0.2534,0.2431,0.000
64.124,street,Deniz,-2.2932,0.0199,40.1047,0.0000,0,ChildNeutralIdle,0.2813,0.3051,0.000
64.124,street,Can,-1.9501,0.1087,37.8187,0.0000,0,ChildNeutralIdle,0.2537,0.2433,0.000
64.158,street,Deniz,-2.2932,0.0199,40.1047,0.0000,0,ChildNeutralIdle,0.2815,0.3052,0.000
64.158,street,Can,-1.9501,0.1087,37.8187,0.0000,0,ChildNeutralIdle,0.2541,0.2435,0.000
64.191,street,Deniz,-2.2932,0.0199,40.1047,0.0000,0,ChildNeutralIdle,0.2816,0.3054,0.000
64.191,street,Can,-1.9501,0.1087,37.8187,0.0000,0,ChildNeutralIdle,0.2545,0.2436,0.000
64.224,street,Deniz,-2.2932,0.0199,40.1047,0.0000,0,ChildNeutralIdle,0.2818,0.3056,0.000
64.224,street,Can,-1.9501,0.1087,37.8187,0.0000,0,ChildNeutralIdle,0.2549,0.2438,0.000
64.258,street,Deniz,-2.2932,0.0199,40.1047,0.0000,0,ChildNeutralIdle,0.2819,0.3057,0.000
64.258,street,Can,-1.9501,0.1087,37.8187,0.0000,0,ChildNeutralIdle,0.2553,0.2439,0.000
64.291,street,Deniz,-2.2932,0.0199,40.1047,0.0000,0,ChildNeutralIdle,0.2821,0.3059,0.000
64.291,street,Can,-1.9501,0.1087,37.8187,0.0000,0,ChildNeutralIdle,0.2557,0.2440,0.000
64.325,street,Deniz,-2.2932,0.0199,40.1047,0.0000,0,ChildNeutralIdle,0.2823,0.3060,0.000
64.325,street,Can,-1.9501,0.1087,37.8187,0.0000,0,ChildNeutralIdle,0.2561,0.2441,0.000
64.358,street,Deniz,-2.2932,0.0199,40.1047,0.0000,0,ChildNeutralIdle,0.2825,0.3061,0.000
64.358,street,Can,-1.9501,0.1087,37.8187,0.0000,0,ChildNeutralIdle,0.2565,0.2442,0.000
64.391,street,Deniz,-2.2932,0.0199,40.1047,0.0000,0,ChildNeutralIdle,0.2827,0.3062,0.000
64.391,street,Can,-1.9501,0.1087,37.8187,0.0000,0,ChildNeutralIdle,0.2569,0.2443,0.000
64.425,street,Deniz,-2.2932,0.0199,40.1047,0.0000,0,ChildNeutralIdle,0.2829,0.3063,0.000
64.425,street,Can,-1.9501,0.1087,37.8187,0.0000,0,ChildNeutralIdle,0.2572,0.2444,0.000
64.458,street,Deniz,-2.2932,0.0199,40.1047,0.0000,0,ChildNeutralIdle,0.2831,0.3064,0.000
64.458,street,Can,-1.9501,0.1087,37.8187,0.0000,0,ChildNeutralIdle,0.2576,0.2444,0.000
64.491,street,Deniz,-2.2932,0.0199,40.1047,0.0000,0,ChildNeutralIdle,0.2833,0.3065,0.000
64.491,street,Can,-1.9501,0.1087,37.8187,0.0000,0,ChildNeutralIdle,0.2580,0.2445,0.000
64.525,street,Deniz,-2.2932,0.0199,40.1047,0.0000,0,ChildNeutralIdle,0.2835,0.3066,0.000
64.525,street,Can,-1.9501,0.1087,37.8187,0.0000,0,ChildNeutralIdle,0.2583,0.2445,0.000
64.559,street,Deniz,-2.2932,0.0199,40.1047,0.0000,0,ChildNeutralIdle,0.2837,0.3067,0.000
64.559,street,Can,-1.9501,0.1087,37.8187,0.0000,0,ChildNeutralIdle,0.2587,0.2445,0.000
64.591,street,Deniz,-2.2932,0.0199,40.1047,0.0000,0,ChildNeutralIdle,0.2839,0.3067,0.000
64.591,street,Can,-1.9501,0.1087,37.8187,0.0000,0,ChildNeutralIdle,0.2590,0.2445,0.000
64.624,street,Deniz,-2.2932,0.0199,40.1047,0.0000,0,ChildNeutralIdle,0.2841,0.3067,0.000
64.624,street,Can,-1.9501,0.1087,37.8187,0.0000,0,ChildNeutralIdle,0.2592,0.2444,0.000
64.658,street,Deniz,-2.2932,0.0199,40.1047,0.0000,0,ChildNeutralIdle,0.2843,0.3068,0.000
64.658,street,Can,-1.9501,0.1087,37.8187,0.0000,0,ChildNeutralIdle,0.2595,0.2444,0.000
64.691,street,Deniz,-2.2932,0.0199,40.1047,0.0000,0,ChildNeutralIdle,0.2845,0.3068,0.000
64.691,street,Can,-1.9501,0.1087,37.8187,0.0000,0,ChildNeutralIdle,0.2597,0.2443,0.000
64.724,street,Deniz,-2.2932,0.0199,40.1047,0.0000,0,ChildNeutralIdle,0.2847,0.3067,0.000
64.724,street,Can,-1.9501,0.1087,37.8187,0.0000,0,ChildNeutralIdle,0.2599,0.2442,0.000
64.758,street,Deniz,-2.2932,0.0199,40.1047,0.0000,0,ChildNeutralIdle,0.2849,0.3067,0.000
64.758,street,Can,-1.9501,0.1087,37.8187,0.0000,0,ChildNeutralIdle,0.2600,0.2441,0.000
64.791,street,Deniz,-2.2932,0.0199,40.1047,0.0000,0,ChildNeutralIdle,0.2850,0.3066,0.000
64.791,street,Can,-1.9501,0.1087,37.8187,0.0000,0,ChildNeutralIdle,0.2601,0.2440,0.000
64.824,street,Deniz,-2.2932,0.0199,40.1047,0.0000,0,ChildNeutralIdle,0.2852,0.3066,0.000
64.824,street,Can,-1.9501,0.1087,37.8187,0.0000,0,ChildNeutralIdle,0.2602,0.2438,0.000
64.857,street,Deniz,-2.2932,0.0199,40.1047,0.0000,0,ChildNeutralIdle,0.2854,0.3065,0.000
64.857,street,Can,-1.9501,0.1087,37.8187,0.0000,0,ChildNeutralIdle,0.2602,0.2437,0.000
64.891,street,Deniz,-2.2932,0.0199,40.1047,0.0000,0,ChildNeutralIdle,0.2855,0.3065,0.000
64.891,street,Can,-1.9501,0.1087,37.8187,0.0000,0,ChildNeutralIdle,0.2603,0.2435,0.000
64.924,street,Deniz,-2.2932,0.0199,40.1047,0.0000,0,ChildNeutralIdle,0.2857,0.3064,0.000
64.924,street,Can,-1.9501,0.1087,37.8187,0.0000,0,ChildNeutralIdle,0.2602,0.2433,0.000
64.958,street,Deniz,-2.2932,0.0199,40.1047,0.0000,0,ChildNeutralIdle,0.2858,0.3063,0.000
64.958,street,Can,-1.9501,0.1087,37.8187,0.0000,0,ChildNeutralIdle,0.2602,0.2431,0.000
64.991,street,Deniz,-2.2932,0.0199,40.1047,0.0000,0,ChildNeutralIdle,0.2859,0.3062,0.000
64.991,street,Can,-1.9501,0.1087,37.8187,0.0000,0,ChildNeutralIdle,0.2601,0.2430,0.000
65.025,street,Deniz,-2.2932,0.0199,40.1047,0.0000,0,ChildNeutralIdle,0.2860,0.3061,0.000
65.025,street,Can,-1.9501,0.1087,37.8187,0.0000,0,ChildNeutralIdle,0.2600,0.2428,0.000
65.058,street,Deniz,-2.2932,0.0199,40.1047,0.0000,0,ChildNeutralIdle,0.2860,0.3060,0.000
65.058,street,Can,-1.9501,0.1087,37.8187,0.0000,0,ChildNeutralIdle,0.2599,0.2426,0.000
65.091,street,Deniz,-2.2932,0.0199,40.1047,0.0000,0,ChildNeutralIdle,0.2860,0.3059,0.000
65.091,street,Can,-1.9501,0.1087,37.8187,0.0000,0,ChildNeutralIdle,0.2598,0.2423,0.000
65.125,street,Deniz,-2.2932,0.0199,40.1047,0.0000,0,ChildNeutralIdle,0.2861,0.3057,0.000
65.125,street,Can,-1.9501,0.1087,37.8187,0.0000,0,ChildNeutralIdle,0.2596,0.2421,0.000
65.157,street,Deniz,-2.2932,0.0199,40.1047,0.0000,0,ChildNeutralIdle,0.2861,0.3056,0.000
65.157,street,Can,-1.9501,0.1087,37.8187,0.0000,0,ChildNeutralIdle,0.2594,0.2419,0.000
65.191,street,Deniz,-2.2932,0.0199,40.1047,0.0000,0,ChildNeutralIdle,0.2860,0.3054,0.000
65.191,street,Can,-1.9501,0.1087,37.8187,0.0000,0,ChildNeutralIdle,0.2592,0.2417,0.000
65.224,street,Deniz,-2.2932,0.0199,40.1047,0.0000,0,ChildNeutralIdle,0.2860,0.3052,0.000
65.224,street,Can,-1.9501,0.1087,37.8187,0.0000,0,ChildNeutralIdle,0.2589,0.2415,0.000
65.258,street,Deniz,-2.2932,0.0199,40.1047,0.0000,0,ChildNeutralIdle,0.2859,0.3050,0.000
65.258,street,Can,-1.9501,0.1087,37.8187,0.0000,0,ChildNeutralIdle,0.2586,0.2413,0.000
65.291,street,Deniz,-2.2932,0.0199,40.1047,0.0000,0,ChildNeutralIdle,0.2858,0.3048,0.000
65.291,street,Can,-1.9501,0.1087,37.8187,0.0000,0,ChildNeutralIdle,0.2583,0.2411,0.000
65.324,street,Deniz,-2.2932,0.0199,40.1047,0.0000,0,ChildNeutralIdle,0.2857,0.3046,0.000
65.324,street,Can,-1.9501,0.1087,37.8187,0.0000,0,ChildNeutralIdle,0.2580,0.2409,0.000
65.357,street,Deniz,-2.2932,0.0199,40.1047,0.0000,0,ChildNeutralIdle,0.2855,0.3044,0.000
65.357,street,Can,-1.9501,0.1087,37.8187,0.0000,0,ChildNeutralIdle,0.2577,0.2407,0.000
65.391,street,Deniz,-2.2932,0.0199,40.1047,0.0000,0,ChildNeutralIdle,0.2854,0.3042,0.000
65.391,street,Can,-1.9501,0.1087,37.8187,0.0000,0,ChildNeutralIdle,0.2573,0.2405,0.000
65.424,street,Deniz,-2.2932,0.0199,40.1047,0.0000,0,ChildNeutralIdle,0.2852,0.3040,0.000
65.424,street,Can,-1.9501,0.1087,37.8187,0.0000,0,ChildNeutralIdle,0.2570,0.2403,0.000
65.457,street,Deniz,-2.2932,0.0199,40.1047,0.0000,0,ChildNeutralIdle,0.2851,0.3038,0.000
65.457,street,Can,-1.9501,0.1087,37.8187,0.0000,0,ChildNeutralIdle,0.2566,0.2401,0.000
65.490,street,Deniz,-2.2932,0.0199,40.1047,0.0000,0,ChildNeutralIdle,0.2849,0.3036,0.000
65.490,street,Can,-1.9501,0.1087,37.8187,0.0000,0,ChildNeutralIdle,0.2562,0.2400,0.000
65.524,street,Deniz,-2.2932,0.0199,40.1047,0.0000,0,ChildNeutralIdle,0.2847,0.3034,0.000
65.524,street,Can,-1.9501,0.1087,37.8187,0.0000,0,ChildNeutralIdle,0.2558,0.2398,0.000
65.557,street,Deniz,-2.2932,0.0199,40.1047,0.0000,0,ChildNeutralIdle,0.2845,0.3032,0.000
65.557,street,Can,-1.9501,0.1087,37.8187,0.0000,0,ChildNeutralIdle,0.2554,0.2397,0.000
65.590,street,Deniz,-2.2932,0.0199,40.1047,0.0000,0,ChildNeutralIdle,0.2843,0.3031,0.000
65.590,street,Can,-1.9501,0.1087,37.8187,0.0000,0,ChildNeutralIdle,0.2550,0.2395,0.000
65.624,street,Deniz,-2.2932,0.0199,40.1047,0.0000,0,ChildNeutralIdle,0.2841,0.3029,0.000
65.624,street,Can,-1.9501,0.1087,37.8187,0.0000,0,ChildNeutralIdle,0.2546,0.2394,0.000
65.657,street,Deniz,-2.2932,0.0199,40.1047,0.0000,0,ChildNeutralIdle,0.2839,0.3028,0.000
65.657,street,Can,-1.9501,0.1087,37.8187,0.0000,0,ChildNeutralIdle,0.2542,0.2393,0.000
65.690,street,Deniz,-2.2932,0.0199,40.1047,0.0000,0,ChildNeutralIdle,0.2837,0.3026,0.000
65.690,street,Can,-1.9501,0.1087,37.8187,0.0000,0,ChildNeutralIdle,0.2539,0.2393,0.000
65.724,street,Deniz,-2.2932,0.0199,40.1047,0.0000,0,ChildNeutralIdle,0.2835,0.3025,0.000
65.724,street,Can,-1.9501,0.1087,37.8187,0.0000,0,ChildNeutralIdle,0.2535,0.2392,0.000
65.758,street,Deniz,-2.2932,0.0199,40.1047,0.0000,0,ChildNeutralIdle,0.2833,0.3025,0.000
65.758,street,Can,-1.9501,0.1087,37.8187,0.0000,0,ChildNeutralIdle,0.2532,0.2392,0.000
65.791,street,Deniz,-2.2932,0.0199,40.1047,0.0000,0,ChildNeutralIdle,0.2831,0.3024,0.000
65.791,street,Can,-1.9501,0.1087,37.8187,0.0000,0,ChildNeutralIdle,0.2529,0.2392,0.000
65.824,street,Deniz,-2.2932,0.0199,40.1047,0.0000,0,ChildNeutralIdle,0.2829,0.3023,0.000
65.824,street,Can,-1.9501,0.1087,37.8187,0.0000,0,ChildNeutralIdle,0.2526,0.2392,0.000
65.857,street,Deniz,-2.2932,0.0199,40.1047,0.0000,0,ChildNeutralIdle,0.2828,0.3023,0.000
65.857,street,Can,-1.9501,0.1087,37.8187,0.0000,0,ChildNeutralIdle,0.2524,0.2392,0.000
65.891,street,Deniz,-2.2932,0.0199,40.1047,0.0000,0,ChildNeutralIdle,0.2826,0.3023,0.000
65.891,street,Can,-1.9501,0.1087,37.8187,0.0000,0,ChildNeutralIdle,0.2521,0.2393,0.000
65.924,street,Deniz,-2.2932,0.0199,40.1047,0.0000,0,ChildNeutralIdle,0.2824,0.3023,0.000
65.924,street,Can,-1.9501,0.1087,37.8187,0.0000,0,ChildNeutralIdle,0.2519,0.2394,0.000
65.957,street,Deniz,-2.2932,0.0199,40.1047,0.0000,0,ChildNeutralIdle,0.2822,0.3022,0.000
65.957,street,Can,-1.9501,0.1087,37.8187,0.0000,0,ChildNeutralIdle,0.2517,0.2395,0.000
65.991,street,Deniz,-2.2932,0.0199,40.1047,0.0000,0,ChildNeutralIdle,0.2821,0.3023,0.000
65.991,street,Can,-1.9501,0.1087,37.8187,0.0000,0,ChildNeutralIdle,0.2516,0.2396,0.000
66.024,street,Deniz,-2.2932,0.0199,40.1047,0.0000,0,ChildNeutralIdle,0.2819,0.3023,0.000
66.024,street,Can,-1.9501,0.1087,37.8187,0.0000,0,ChildNeutralIdle,0.2515,0.2397,0.000
66.057,street,Deniz,-2.2932,0.0199,40.1047,0.0000,0,ChildNeutralIdle,0.2818,0.3023,0.000
66.057,street,Can,-1.9501,0.1087,37.8187,0.0000,0,ChildNeutralIdle,0.2514,0.2399,0.000
66.090,street,Deniz,-2.2932,0.0199,40.1047,0.0000,0,ChildNeutralIdle,0.2817,0.3024,0.000
66.090,street,Can,-1.9501,0.1087,37.8187,0.0000,0,ChildNeutralIdle,0.2514,0.2401,0.000
66.124,street,Deniz,-2.2932,0.0199,40.1047,0.0000,0,ChildNeutralIdle,0.2816,0.3024,0.000
66.124,street,Can,-1.9501,0.1087,37.8187,0.0000,0,ChildNeutralIdle,0.2513,0.2403,0.000
66.157,street,Deniz,-2.2932,0.0199,40.1047,0.0000,0,ChildNeutralIdle,0.2815,0.3025,0.000
66.157,street,Can,-1.9501,0.1087,37.8187,0.0000,0,ChildNeutralIdle,0.2514,0.2405,0.000
66.191,street,Deniz,-2.2932,0.0199,40.1047,0.0000,0,ChildNeutralIdle,0.2814,0.3026,0.000
66.191,street,Can,-1.9501,0.1087,37.8187,0.0000,0,ChildNeutralIdle,0.2514,0.2407,0.000
66.224,street,Deniz,-2.2932,0.0199,40.1047,0.0000,0,ChildNeutralIdle,0.2813,0.3028,0.000
66.224,street,Can,-1.9501,0.1087,37.8187,0.0000,0,ChildNeutralIdle,0.2515,0.2409,0.000
66.257,street,Deniz,-2.2932,0.0199,40.1047,0.0000,0,ChildNeutralIdle,0.2813,0.3029,0.000
66.257,street,Can,-1.9501,0.1087,37.8187,0.0000,0,ChildNeutralIdle,0.2516,0.2411,0.000
66.290,street,Deniz,-2.2932,0.0199,40.1047,0.0000,0,ChildNeutralIdle,0.2812,0.3031,0.000
66.290,street,Can,-1.9501,0.1087,37.8187,0.0000,0,ChildNeutralIdle,0.2518,0.2414,0.000
66.324,street,Deniz,-2.2932,0.0199,40.1047,0.0000,0,ChildNeutralIdle,0.2812,0.3033,0.000
66.324,street,Can,-1.9501,0.1087,37.8187,0.0000,0,ChildNeutralIdle,0.2520,0.2416,0.000
66.357,street,Deniz,-2.2932,0.0199,40.1047,0.0000,0,ChildNeutralIdle,0.2812,0.3035,0.000
66.357,street,Can,-1.9501,0.1087,37.8187,0.0000,0,ChildNeutralIdle,0.2522,0.2418,0.000
66.390,street,Deniz,-2.2932,0.0199,40.1047,0.0000,0,ChildNeutralIdle,0.2812,0.3038,0.000
66.390,street,Can,-1.9501,0.1087,37.8187,0.0000,0,ChildNeutralIdle,0.2525,0.2420,0.000
66.424,street,Deniz,-2.2932,0.0199,40.1047,0.0000,0,ChildNeutralIdle,0.2812,0.3040,0.000
66.424,street,Can,-1.9501,0.1087,37.8187,0.0000,0,ChildNeutralIdle,0.2527,0.2422,0.000
