[Licensing::Module] Trying to connect to existing licensing client channel...
Built from '6000.0/respin/6000.0.58f2-44b8bf3a32' branch; Version is '6000.0.58f2 (92dee566b325) revision 9625317'; Using compiler version '193933523'; Build Type 'Release'
[Licensing::IpcConnector] Successfully connected to: "LicenseClient-Gokturk" at "2026-09-14T17:23:36.3452626Z"
OS: 'Windows 11  (10.0.26200) 64bit Professional' Language: 'en' Physical Memory: 65305 MB
BatchMode: 1, IsHumanControllingUs: 0, StartBugReporterOnCrash: 0, Is64bit: 1
Date: 2026-09-14T17:23:36Z

COMMAND LINE ARGUMENTS:
C:\Program Files\Unity\Hub\Editor\6000.0.58f2\Editor\Unity.exe
-batchmode
-nographics
-projectPath
C:\Users\Gokturk\Documents\GitHub\Deprem\.codex_tmp\yanyana_android_20260914-173827
-buildTarget
Android
-executeMethod
YanYana.Editor.YanYanaAndroidReviewBuild.Build
-quit
-logFile
C:\Users\Gokturk\Documents\GitHub\Deprem\ClientExports\YanYana\Reports\android-editor-20260914-202336.log
Successfully changed project path to: C:\Users\Gokturk\Documents\GitHub\Deprem\.codex_tmp\yanyana_android_20260914-173827
C:/Users/Gokturk/Documents/GitHub/Deprem/.codex_tmp/yanyana_android_20260914-173827
[UnityMemory] Configuration Parameters - Can be set up in boot.config
    "memorysetup-bucket-allocator-granularity=16"
    "memorysetup-bucket-allocator-bucket-count=8"
    "memorysetup-bucket-allocator-block-size=33554432"
    "memorysetup-bucket-allocator-block-count=8"
    "memorysetup-main-allocator-block-size=16777216"
    "memorysetup-thread-allocator-block-size=16777216"
    "memorysetup-gfx-main-allocator-block-size=16777216"
    "memorysetup-gfx-thread-allocator-block-size=16777216"
    "memorysetup-cache-allocator-block-size=4194304"
    "memorysetup-typetree-allocator-block-size=2097152"
    "memorysetup-profiler-bucket-allocator-granularity=16"
    "memorysetup-profiler-bucket-allocator-bucket-count=8"
    "memorysetup-profiler-bucket-allocator-block-size=33554432"
    "memorysetup-profiler-bucket-allocator-block-count=8"
    "memorysetup-profiler-allocator-block-size=16777216"
    "memorysetup-profiler-editor-allocator-block-size=1048576"
    "memorysetup-temp-allocator-size-main=16777216"
    "memorysetup-job-temp-allocator-block-size=2097152"
    "memorysetup-job-temp-allocator-block-size-background=1048576"
    "memorysetup-job-temp-allocator-reduction-small-platforms=262144"
    "memorysetup-allocator-temp-initial-block-size-main=262144"
    "memorysetup-allocator-temp-initial-block-size-worker=262144"
    "memorysetup-temp-allocator-size-background-worker=32768"
    "memorysetup-temp-allocator-size-job-worker=262144"
    "memorysetup-temp-allocator-size-preload-manager=33554432"
    "memorysetup-temp-allocator-size-nav-mesh-worker=65536"
    "memorysetup-temp-allocator-size-audio-worker=65536"
    "memorysetup-temp-allocator-size-cloud-worker=32768"
    "memorysetup-temp-allocator-size-gi-baking-worker=262144"
    "memorysetup-temp-allocator-size-gi-baking-worker=262144"
    "memorysetup-temp-allocator-size-gi-baking-worker=262144"
    "memorysetup-temp-allocator-size-gi-baking-worker=262144"
    "memorysetup-temp-allocator-size-gi-baking-worker=262144"
    "memorysetup-temp-allocator-size-gfx=262144"
Player connection [172512]  Target information:

Player connection [172512]  * "[IP] 192.168.0.100 [Port] 55506 [Flags] 2 [Guid] 1159771645 [EditorId] 1159771645 [Version] 1048832 [Id] WindowsEditor(7,Jendaloth) [Debug] 1 [PackageName] WindowsEditor [ProjectName] Editor" 

Player connection [172512] Host joined multi-casting on [225.0.0.222:54997]...
Player connection [172512] Host joined alternative multi-casting on [225.0.0.222:34997]...
Input System module state changed to: Initialized.
[Physics::Module] Initialized fallback backend.
[Physics::Module] Id: 0xdecafbad
[Licensing::Client] Code 10 while verifying Licensing Client signature (process Id: 17420, path: "C:/Program Files/Unity Hub/UnityLicensingClient_V1/Unity.Licensing.Client.exe")
[Licensing::Module] LicensingClient has failed validation; ignoring
[Licensing::Client] Handshaking with LicensingClient:
  Version:                 1.17.4+4293ba1
  Session Id:              9092eb63933946f1ab633c2b7e26f1f4
  Correlation Id:          a3d2a21183a2ac9febd8bd137711abd4
  External correlation Id: 8855513457174928801
  Machine Id:              ogSLxxWM44jFAu+zKiEpPnWCRa4=
[Licensing::Module] Successfully connected to LicensingClient on channel: "LicenseClient-Gokturk" (connect: 0.00s, validation: 0.00s, handshake: 0.03s)
[Licensing::IpcConnector] Successfully connected to: "LicenseClient-Gokturk-notifications" at "2026-09-14T17:23:36.3787Z"
[Licensing::Module] Error: Access token is unavailable; failed to update
[Licensing::Client] Successfully resolved entitlement details
[Licensing::Module] License group:
  Id: 18966951679688-UnityPersXXXX
  Product: Unity Personal
  Type: Assigned
  Expiration: Unlimited
[Licensing::Client] Successfully updated license, isAsync: True, time: 0.00
[Licensing::Client] Successfully resolved entitlement details
[Licensing::Module] Licensing Background thread has ended after 0.04s
[Package Manager] Connected to IPC stream "Upm-164784" after 0.2 seconds.
Library Redirect Path: Library/
[Physics::Module] Selected backend.
[Physics::Module] Name: PhysX
[Physics::Module] Id: 0xf2b8ea05
[Physics::Module] SDK Version: 4.1.2
[Physics::Module] Integration Version: 1.0.0
[Physics::Module] Threading Mode: Multi-Threaded
Artifact Garbage Collection - Removed 3 unused hashed content files[Licensing::Client] Successfully resolved entitlement details
Targeting platform: Android
Refreshing native plugins compatible for Editor in 0.54 ms, found 0 plugins.
Preloading 0 native plugins for Editor in 0.00 ms.
Initialize engine version: 6000.0.58f2 (92dee566b325)
[Subsystems] Discovering subsystems at path C:/Program Files/Unity/Hub/Editor/6000.0.58f2/Editor/Data/Resources/UnitySubsystems
[Subsystems] Discovering subsystems at path C:/Users/Gokturk/Documents/GitHub/Deprem/.codex_tmp/yanyana_android_20260914-173827/Assets
Forcing GfxDevice: Null
GfxDevice: creating device client; kGfxThreadingModeNonThreaded
NullGfxDevice:
    Version:  NULL 1.0 [1.0]
    Renderer: Null Device
    Vendor:   Unity Technologies
Initialize mono
Mono path[0] = 'C:/Program Files/Unity/Hub/Editor/6000.0.58f2/Editor/Data/Managed'
Mono path[1] = 'C:/Program Files/Unity/Hub/Editor/6000.0.58f2/Editor/Data/MonoBleedingEdge/lib/mono/unityjit-win32'
Mono config path = 'C:/Program Files/Unity/Hub/Editor/6000.0.58f2/Editor/Data/MonoBleedingEdge/etc'
Using monoOptions --debugger-agent=transport=dt_socket,embedding=1,server=y,suspend=n,address=127.0.0.1:56784
Using cacheserver namespaces - metadata:defaultmetadata, artifacts:defaultartifacts
Using cacheserver namespaces - metadata:defaultmetadata, artifacts:defaultartifacts
ImportWorker Server TCP listen port: 0
AcceleratorClientConnectionCallback - disconnected - :0
Begin MonoManager ReloadAssembly
Registering precompiled unity dll's ...
Register platform support module: C:/Program Files/Unity/Hub/Editor/6000.0.58f2/Editor/Data/PlaybackEngines/WindowsStandaloneSupport/UnityEditor.WindowsStandalone.Extensions.dll
[Licensing::Client] Successfully resolved entitlement details
Register platform support module: C:/Program Files/Unity/Hub/Editor/6000.0.58f2/Editor/Data/PlaybackEngines/MetroSupport/UnityEditor.UWP.Extensions.dll
Register platform support module: C:/Program Files/Unity/Hub/Editor/6000.0.58f2/Editor/Data/PlaybackEngines/AndroidPlayer/UnityEditor.Android.Extensions.dll
Registered in 0.004249 seconds.
- Loaded All Assemblies, in  0.246 seconds
Native extension for Android target not found
Android Extension - Scanning For ADB Devices 2223 ms
Native extension for UWP target not found
Native extension for WindowsStandalone target not found
Mono: successfully reloaded assembly
- Finished resetting the current domain, in  2.443 seconds
Domain Reload Profiling: 2687ms
	BeginReloadAssembly (81ms)
		ExecutionOrderSort (0ms)
		DisableScriptedObjects (0ms)
		BackupInstance (0ms)
		ReleaseScriptingObjects (0ms)
		CreateAndSetChildDomain (0ms)
	RebuildCommonClasses (24ms)
	RebuildNativeTypeToScriptingClass (7ms)
	initialDomainReloadingComplete (32ms)
	LoadAllAssembliesAndSetupDomain (99ms)
		LoadAssemblies (80ms)
		RebuildTransferFunctionScriptingTraits (0ms)
		AnalyzeDomain (97ms)
			TypeCache.Refresh (95ms)
				TypeCache.ScanAssembly (87ms)
			BuildScriptInfoCaches (0ms)
			ResolveRequiredComponents (0ms)
	FinalizeReload (2443ms)
		ReleaseScriptCaches (0ms)
		RebuildScriptCaches (0ms)
		SetupLoadedEditorAssemblies (2420ms)
			LogAssemblyErrors (0ms)
			InitializePlatformSupportModulesInManaged (2285ms)
			SetLoadedEditorAssemblies (2ms)
			BeforeProcessingInitializeOnLoad (31ms)
			ProcessInitializeOnLoadAttributes (66ms)
			ProcessInitializeOnLoadMethodAttributes (35ms)
			AfterProcessingInitializeOnLoad (0ms)
			EditorAssembliesLoaded (0ms)
		ExecutionOrderSort2 (0ms)
		AwakeInstancesAfterBackupRestoration (0ms)
[Licensing::Client] Successfully resolved entitlement details
[Licensing::Client] Successfully resolved entitlement details
Application.AssetDatabase Initial Refresh Start
Package Manager log level set to [2]
[Package Manager] Restoring resolved packages state from cache
[Licensing::Client] Successfully resolved entitlement details
[Package Manager] Registered 67 packages:
  Packages from [https://packages.unity.com]:
    com.unity.ai.navigation@2.0.9 (location: C:\Users\Gokturk\Documents\GitHub\Deprem\.codex_tmp\yanyana_android_20260914-173827\Library\PackageCache\com.unity.ai.navigation@5218e4bf7edc)
    com.unity.cinemachine@3.1.7 (location: C:\Users\Gokturk\Documents\GitHub\Deprem\.codex_tmp\yanyana_android_20260914-173827\Library\PackageCache\com.unity.cinemachine@f3f96bcb59af)
    com.unity.collab-proxy@2.12.4 (location: C:\Users\Gokturk\Documents\GitHub\Deprem\.codex_tmp\yanyana_android_20260914-173827\Library\PackageCache\com.unity.collab-proxy@0b1559bcd34e)
    com.unity.ide.rider@3.0.40 (location: C:\Users\Gokturk\Documents\GitHub\Deprem\.codex_tmp\yanyana_android_20260914-173827\Library\PackageCache\com.unity.ide.rider@e4950c6d131b)
    com.unity.ide.visualstudio@2.0.23 (location: C:\Users\Gokturk\Documents\GitHub\Deprem\.codex_tmp\yanyana_android_20260914-173827\Library\PackageCache\com.unity.ide.visualstudio@198cdf337d13)
    com.unity.inputsystem@1.14.2 (location: C:\Users\Gokturk\Documents\GitHub\Deprem\.codex_tmp\yanyana_android_20260914-173827\Library\PackageCache\com.unity.inputsystem@be6c4fd0abf5)
    com.unity.postprocessing@3.5.0 (location: C:\Users\Gokturk\Documents\GitHub\Deprem\.codex_tmp\yanyana_android_20260914-173827\Library\PackageCache\com.unity.postprocessing@94edadb6c5ab)
    com.unity.recorder@5.1.3 (location: C:\Users\Gokturk\Documents\GitHub\Deprem\.codex_tmp\yanyana_android_20260914-173827\Library\PackageCache\com.unity.recorder@a206dd5dd161)
    com.unity.timeline@1.8.9 (location: C:\Users\Gokturk\Documents\GitHub\Deprem\.codex_tmp\yanyana_android_20260914-173827\Library\PackageCache\com.unity.timeline@6b9e48457ddb)
    com.unity.visualscripting@1.9.7 (location: C:\Users\Gokturk\Documents\GitHub\Deprem\.codex_tmp\yanyana_android_20260914-173827\Library\PackageCache\com.unity.visualscripting@6279e2b7c485)
    com.unity.collections@2.5.1 (location: C:\Users\Gokturk\Documents\GitHub\Deprem\.codex_tmp\yanyana_android_20260914-173827\Library\PackageCache\com.unity.collections@56bff8827a7e)
    com.unity.bindings.openimageio@1.0.0 (location: C:\Users\Gokturk\Documents\GitHub\Deprem\.codex_tmp\yanyana_android_20260914-173827\Library\PackageCache\com.unity.bindings.openimageio@3229d2aa5c76)
    com.unity.splines@2.8.1 (location: C:\Users\Gokturk\Documents\GitHub\Deprem\.codex_tmp\yanyana_android_20260914-173827\Library\PackageCache\com.unity.splines@b909627b5095)
    com.unity.nuget.newtonsoft-json@3.2.1 (location: C:\Users\Gokturk\Documents\GitHub\Deprem\.codex_tmp\yanyana_android_20260914-173827\Library\PackageCache\com.unity.nuget.newtonsoft-json@74deb55db2a0)
    com.unity.editorcoroutines@1.0.0 (location: C:\Users\Gokturk\Documents\GitHub\Deprem\.codex_tmp\yanyana_android_20260914-173827\Library\PackageCache\com.unity.editorcoroutines@7d48783e7b8c)
    com.unity.searcher@4.9.3 (location: C:\Users\Gokturk\Documents\GitHub\Deprem\.codex_tmp\yanyana_android_20260914-173827\Library\PackageCache\com.unity.searcher@1e17ce91558d)
    com.unity.burst@1.8.24 (location: C:\Users\Gokturk\Documents\GitHub\Deprem\.codex_tmp\yanyana_android_20260914-173827\Library\PackageCache\com.unity.burst@f7a407abf4d5)
    com.unity.mathematics@1.3.2 (location: C:\Users\Gokturk\Documents\GitHub\Deprem\.codex_tmp\yanyana_android_20260914-173827\Library\PackageCache\com.unity.mathematics@8017b507cc74)
    com.unity.nuget.mono-cecil@1.11.4 (location: C:\Users\Gokturk\Documents\GitHub\Deprem\.codex_tmp\yanyana_android_20260914-173827\Library\PackageCache\com.unity.nuget.mono-cecil@d6f9955a5d5f)
    com.unity.test-framework.performance@3.1.0 (location: C:\Users\Gokturk\Documents\GitHub\Deprem\.codex_tmp\yanyana_android_20260914-173827\Library\PackageCache\com.unity.test-framework.performance@92d1d09a72ed)
    com.unity.settings-manager@2.1.0 (location: C:\Users\Gokturk\Documents\GitHub\Deprem\.codex_tmp\yanyana_android_20260914-173827\Library\PackageCache\com.unity.settings-manager@41738c275190)
  Built-in packages:
    com.unity.2d.sprite@1.0.0 (location: C:\Users\Gokturk\Documents\GitHub\Deprem\.codex_tmp\yanyana_android_20260914-173827\Library\PackageCache\com.unity.2d.sprite@897b7eecf04e)
    com.unity.multiplayer.center@1.0.0 (location: C:\Users\Gokturk\Documents\GitHub\Deprem\.codex_tmp\yanyana_android_20260914-173827\Library\PackageCache\com.unity.multiplayer.center@f3fb577b3546)
    com.unity.render-pipelines.universal@17.0.4 (location: C:\Users\Gokturk\Documents\GitHub\Deprem\.codex_tmp\yanyana_android_20260914-173827\Library\PackageCache\com.unity.render-pipelines.universal@e1fa89d1f997)
    com.unity.test-framework@1.5.1 (location: C:\Users\Gokturk\Documents\GitHub\Deprem\.codex_tmp\yanyana_android_20260914-173827\Library\PackageCache\com.unity.test-framework@1f954279c37e)
    com.unity.ugui@2.0.0 (location: C:\Users\Gokturk\Documents\GitHub\Deprem\.codex_tmp\yanyana_android_20260914-173827\Library\PackageCache\com.unity.ugui@aa507f3228f0)
    com.unity.modules.accessibility@1.0.0 (location: C:\Program Files\Unity\Hub\Editor\6000.0.58f2\Editor\Data\Resources\PackageManager\BuiltInPackages\com.unity.modules.accessibility)
    com.unity.modules.ai@1.0.0 (location: C:\Program Files\Unity\Hub\Editor\6000.0.58f2\Editor\Data\Resources\PackageManager\BuiltInPackages\com.unity.modules.ai)
    com.unity.modules.androidjni@1.0.0 (location: C:\Program Files\Unity\Hub\Editor\6000.0.58f2\Editor\Data\Resources\PackageManager\BuiltInPackages\com.unity.modules.androidjni)
    com.unity.modules.animation@1.0.0 (location: C:\Program Files\Unity\Hub\Editor\6000.0.58f2\Editor\Data\Resources\PackageManager\BuiltInPackages\com.unity.modules.animation)
    com.unity.modules.assetbundle@1.0.0 (location: C:\Program Files\Unity\Hub\Editor\6000.0.58f2\Editor\Data\Resources\PackageManager\BuiltInPackages\com.unity.modules.assetbundle)
    com.unity.modules.audio@1.0.0 (location: C:\Program Files\Unity\Hub\Editor\6000.0.58f2\Editor\Data\Resources\PackageManager\BuiltInPackages\com.unity.modules.audio)
    com.unity.modules.cloth@1.0.0 (location: C:\Program Files\Unity\Hub\Editor\6000.0.58f2\Editor\Data\Resources\PackageManager\BuiltInPackages\com.unity.modules.cloth)
    com.unity.modules.director@1.0.0 (location: C:\Program Files\Unity\Hub\Editor\6000.0.58f2\Editor\Data\Resources\PackageManager\BuiltInPackages\com.unity.modules.director)
    com.unity.modules.imageconversion@1.0.0 (location: C:\Program Files\Unity\Hub\Editor\6000.0.58f2\Editor\Data\Resources\PackageManager\BuiltInPackages\com.unity.modules.imageconversion)
    com.unity.modules.imgui@1.0.0 (location: C:\Program Files\Unity\Hub\Editor\6000.0.58f2\Editor\Data\Resources\PackageManager\BuiltInPackages\com.unity.modules.imgui)
    com.unity.modules.jsonserialize@1.0.0 (location: C:\Program Files\Unity\Hub\Editor\6000.0.58f2\Editor\Data\Resources\PackageManager\BuiltInPackages\com.unity.modules.jsonserialize)
    com.unity.modules.particlesystem@1.0.0 (location: C:\Program Files\Unity\Hub\Editor\6000.0.58f2\Editor\Data\Resources\PackageManager\BuiltInPackages\com.unity.modules.particlesystem)
    com.unity.modules.physics@1.0.0 (location: C:\Program Files\Unity\Hub\Editor\6000.0.58f2\Editor\Data\Resources\PackageManager\BuiltInPackages\com.unity.modules.physics)
    com.unity.modules.physics2d@1.0.0 (location: C:\Program Files\Unity\Hub\Editor\6000.0.58f2\Editor\Data\Resources\PackageManager\BuiltInPackages\com.unity.modules.physics2d)
    com.unity.modules.screencapture@1.0.0 (location: C:\Program Files\Unity\Hub\Editor\6000.0.58f2\Editor\Data\Resources\PackageManager\BuiltInPackages\com.unity.modules.screencapture)
    com.unity.modules.terrain@1.0.0 (location: C:\Program Files\Unity\Hub\Editor\6000.0.58f2\Editor\Data\Resources\PackageManager\BuiltInPackages\com.unity.modules.terrain)
    com.unity.modules.terrainphysics@1.0.0 (location: C:\Program Files\Unity\Hub\Editor\6000.0.58f2\Editor\Data\Resources\PackageManager\BuiltInPackages\com.unity.modules.terrainphysics)
    com.unity.modules.tilemap@1.0.0 (location: C:\Program Files\Unity\Hub\Editor\6000.0.58f2\Editor\Data\Resources\PackageManager\BuiltInPackages\com.unity.modules.tilemap)
    com.unity.modules.ui@1.0.0 (location: C:\Program Files\Unity\Hub\Editor\6000.0.58f2\Editor\Data\Resources\PackageManager\BuiltInPackages\com.unity.modules.ui)
    com.unity.modules.uielements@1.0.0 (location: C:\Program Files\Unity\Hub\Editor\6000.0.58f2\Editor\Data\Resources\PackageManager\BuiltInPackages\com.unity.modules.uielements)
    com.unity.modules.umbra@1.0.0 (location: C:\Program Files\Unity\Hub\Editor\6000.0.58f2\Editor\Data\Resources\PackageManager\BuiltInPackages\com.unity.modules.umbra)
    com.unity.modules.unityanalytics@1.0.0 (location: C:\Program Files\Unity\Hub\Editor\6000.0.58f2\Editor\Data\Resources\PackageManager\BuiltInPackages\com.unity.modules.unityanalytics)
    com.unity.modules.unitywebrequest@1.0.0 (location: C:\Program Files\Unity\Hub\Editor\6000.0.58f2\Editor\Data\Resources\PackageManager\BuiltInPackages\com.unity.modules.unitywebrequest)
    com.unity.modules.unitywebrequestassetbundle@1.0.0 (location: C:\Program Files\Unity\Hub\Editor\6000.0.58f2\Editor\Data\Resources\PackageManager\BuiltInPackages\com.unity.modules.unitywebrequestassetbundle)
    com.unity.modules.unitywebrequestaudio@1.0.0 (location: C:\Program Files\Unity\Hub\Editor\6000.0.58f2\Editor\Data\Resources\PackageManager\BuiltInPackages\com.unity.modules.unitywebrequestaudio)
    com.unity.modules.unitywebrequesttexture@1.0.0 (location: C:\Program Files\Unity\Hub\Editor\6000.0.58f2\Editor\Data\Resources\PackageManager\BuiltInPackages\com.unity.modules.unitywebrequesttexture)
    com.unity.modules.unitywebrequestwww@1.0.0 (location: C:\Program Files\Unity\Hub\Editor\6000.0.58f2\Editor\Data\Resources\PackageManager\BuiltInPackages\com.unity.modules.unitywebrequestwww)
    com.unity.modules.vehicles@1.0.0 (location: C:\Program Files\Unity\Hub\Editor\6000.0.58f2\Editor\Data\Resources\PackageManager\BuiltInPackages\com.unity.modules.vehicles)
    com.unity.modules.video@1.0.0 (location: C:\Program Files\Unity\Hub\Editor\6000.0.58f2\Editor\Data\Resources\PackageManager\BuiltInPackages\com.unity.modules.video)
    com.unity.modules.vr@1.0.0 (location: C:\Program Files\Unity\Hub\Editor\6000.0.58f2\Editor\Data\Resources\PackageManager\BuiltInPackages\com.unity.modules.vr)
    com.unity.modules.wind@1.0.0 (location: C:\Program Files\Unity\Hub\Editor\6000.0.58f2\Editor\Data\Resources\PackageManager\BuiltInPackages\com.unity.modules.wind)
    com.unity.modules.xr@1.0.0 (location: C:\Program Files\Unity\Hub\Editor\6000.0.58f2\Editor\Data\Resources\PackageManager\BuiltInPackages\com.unity.modules.xr)
    com.unity.modules.subsystems@1.0.0 (location: C:\Program Files\Unity\Hub\Editor\6000.0.58f2\Editor\Data\Resources\PackageManager\BuiltInPackages\com.unity.modules.subsystems)
    com.unity.modules.hierarchycore@1.0.0 (location: C:\Program Files\Unity\Hub\Editor\6000.0.58f2\Editor\Data\Resources\PackageManager\BuiltInPackages\com.unity.modules.hierarchycore)
    com.unity.ext.nunit@2.0.5 (location: C:\Users\Gokturk\Documents\GitHub\Deprem\.codex_tmp\yanyana_android_20260914-173827\Library\PackageCache\com.unity.ext.nunit@031a54704bff)
    com.unity.render-pipelines.core@17.0.4 (location: C:\Users\Gokturk\Documents\GitHub\Deprem\.codex_tmp\yanyana_android_20260914-173827\Library\PackageCache\com.unity.render-pipelines.core@05f02f04fe74)
    com.unity.shadergraph@17.0.4 (location: C:\Users\Gokturk\Documents\GitHub\Deprem\.codex_tmp\yanyana_android_20260914-173827\Library\PackageCache\com.unity.shadergraph@7ccd16edcc88)
    com.unity.render-pipelines.universal-config@17.0.3 (location: C:\Users\Gokturk\Documents\GitHub\Deprem\.codex_tmp\yanyana_android_20260914-173827\Library\PackageCache\com.unity.render-pipelines.universal-config@dd206bf35d04)
    com.unity.rendering.light-transport@1.0.1 (location: C:\Users\Gokturk\Documents\GitHub\Deprem\.codex_tmp\yanyana_android_20260914-173827\Library\PackageCache\com.unity.rendering.light-transport@9bd588f963c0)
  Git packages:
    com.besty.unity-skills@https://github.com/Besty0728/Unity-Skills.git?path=/SkillsForUnity (location: C:\Users\Gokturk\Documents\GitHub\Deprem\.codex_tmp\yanyana_android_20260914-173827\Library\PackageCache\com.besty.unity-skills@68095795d6ae)
    com.gamelovers.mcp-unity@https://github.com/CoderGamester/mcp-unity.git#a32e47d4ec8731685394dd562aa6f4f119f2bf79 (location: C:\Users\Gokturk\Documents\GitHub\Deprem\.codex_tmp\yanyana_android_20260914-173827\Library\PackageCache\com.gamelovers.mcp-unity@a32e47d4ec87)
[Subsystems] No new subsystems found in resolved package list.
[Package Manager] Done registering packages in 0.02 seconds
Assembly reference Packages/com.unity.cinemachine/Editor/Samples/ExposeHDRPInternals/HDRP-Editor-ref.asmref has no target assembly definition
Assembly reference Packages/com.unity.cinemachine/Editor/Samples/ExposeHDRPInternals/HDRP-Editor-ref.asmref has no target assembly definition
[ScriptCompilation] Requested script compilation because: Assetdatabase observed changes in script compilation related files
Starting: C:\Program Files\Unity\Hub\Editor\6000.0.58f2\Editor\Data\bee_backend.exe --ipc --defer-dag-verification --dagfile="Library/Bee/1300b0aE.dag" --continue-on-failure --profile="Library/Bee/backend1.traceevents" ScriptAssemblies
WorkingDir: C:/Users/Gokturk/Documents/GitHub/Deprem/.codex_tmp/yanyana_android_20260914-173827
DisplayProgressbar: Compiling Scripts
ExitCode: 0 Duration: 2s299ms
[536/996    0s] WriteResponseFile Library/Bee/artifacts/rsp/4747638433968585886.rsp
[772/996    0s] ILPP-Configuration Library/ilpp-configuration.nevergeneratedoutput
[992/996    1s] Csc Library/Bee/artifacts/1300b0aE.dag/Assembly-CSharp-Editor.dll (+2 others)
Assets\YanYana\Editor\YanYanaUIAuthor.cs(33,13): warning CS0618: 'TMP_Text.enableWordWrapping' is obsolete: 'The enabledWordWrapping property is now obsolete. Please use the textWrappingMode property instead.'

Assets\YanYana\Editor\YanYanaUIAuthor.cs(63,149): warning CS0618: 'TMP_Text.enableWordWrapping' is obsolete: 'The enabledWordWrapping property is now obsolete. Please use the textWrappingMode property instead.'

Assets\YanYana\Editor\YanYanaWorldAuthor.cs(161,60): warning CS0618: 'TMP_Text.enableWordWrapping' is obsolete: 'The enabledWordWrapping property is now obsolete. Please use the textWrappingMode property instead.'
[993/996    0s] ILPostProcess Library/Bee/artifacts/1300b0aE.dag/post-processed/Assembly-CSharp-Editor.dll (+pdb)
Processing assembly Library/Bee/artifacts/1300b0aE.dag/Assembly-CSharp-Editor.dll, with 130 defines and 335 references

processors: Unity.Jobs.CodeGen.JobsILPostProcessor, zzzUnity.Burst.CodeGen.BurstILPostProcessor

running Unity.Jobs.CodeGen.JobsILPostProcessor

running zzzUnity.Burst.CodeGen.BurstILPostProcessor
[994/996    0s] CopyFiles Library/ScriptAssemblies/Assembly-CSharp-Editor.pdb
[995/996    0s] CopyFiles Library/ScriptAssemblies/Assembly-CSharp-Editor.dll
*** Tundra build success (2.28 seconds), 6 items updated, 996 evaluated
Assets\YanYana\Editor\YanYanaUIAuthor.cs(33,13): warning CS0618: 'TMP_Text.enableWordWrapping' is obsolete: 'The enabledWordWrapping property is now obsolete. Please use the textWrappingMode property instead.'
Assets\YanYana\Editor\YanYanaUIAuthor.cs(63,149): warning CS0618: 'TMP_Text.enableWordWrapping' is obsolete: 'The enabledWordWrapping property is now obsolete. Please use the textWrappingMode property instead.'
Assets\YanYana\Editor\YanYanaWorldAuthor.cs(161,60): warning CS0618: 'TMP_Text.enableWordWrapping' is obsolete: 'The enabledWordWrapping property is now obsolete. Please use the textWrappingMode property instead.'
AssetDatabase: script compilation time: 2.594997s
Begin MonoManager ReloadAssembly
- Loaded All Assemblies, in  1.081 seconds
'Packages/com.unity.cinemachine/Editor/Editors/CinemachineVirtualCameraBaseEditor.cs' contains partial class of Unity.Object, exactly 1 of the partial classes needs to be in a file with the same filename. This is to know the one that can be referenced from ie. GameObjects
'Packages/com.unity.cinemachine/Editor/Obsolete/CinemachineVirtualCameraBaseEditor.cs' contains partial class of Unity.Object, exactly 1 of the partial classes needs to be in a file with the same filename. This is to know the one that can be referenced from ie. GameObjects
Refreshing native plugins compatible for Editor in 2.92 ms, found 8 plugins.
Shader Hidden/ProbeVolume/VoxelizeScene is not supported: GPU does not support conservative rasterization
Native extension for Android target not found
Native extension for UWP target not found
Native extension for WindowsStandalone target not found
Assembly reference Packages/com.unity.cinemachine/Editor/Samples/ExposeHDRPInternals/HDRP-Editor-ref.asmref has no target assembly definition
Refreshing native plugins compatible for Editor in 2.12 ms, found 8 plugins.
Mono: successfully reloaded assembly
- Finished resetting the current domain, in  2.205 seconds
Domain Reload Profiling: 3283ms
	BeginReloadAssembly (220ms)
		ExecutionOrderSort (0ms)
		DisableScriptedObjects (7ms)
		BackupInstance (0ms)
		ReleaseScriptingObjects (0ms)
		CreateAndSetChildDomain (129ms)
	RebuildCommonClasses (22ms)
	RebuildNativeTypeToScriptingClass (7ms)
	initialDomainReloadingComplete (19ms)
	LoadAllAssembliesAndSetupDomain (810ms)
		LoadAssemblies (666ms)
		RebuildTransferFunctionScriptingTraits (0ms)
		AnalyzeDomain (202ms)
			TypeCache.Refresh (145ms)
				TypeCache.ScanAssembly (133ms)
			BuildScriptInfoCaches (45ms)
			ResolveRequiredComponents (8ms)
	FinalizeReload (2206ms)
		ReleaseScriptCaches (0ms)
		RebuildScriptCaches (0ms)
		SetupLoadedEditorAssemblies (1998ms)
			LogAssemblyErrors (0ms)
			InitializePlatformSupportModulesInManaged (15ms)
			SetLoadedEditorAssemblies (2ms)
			BeforeProcessingInitializeOnLoad (90ms)
			ProcessInitializeOnLoadAttributes (1849ms)
			ProcessInitializeOnLoadMethodAttributes (38ms)
			AfterProcessingInitializeOnLoad (4ms)
			EditorAssembliesLoaded (0ms)
		ExecutionOrderSort2 (0ms)
		AwakeInstancesAfterBackupRestoration (7ms)
Start importing Assets/YanYana/Scenes/YanYana_Adventure.unity using Guid(5ba703c184340e345a2d0166b548c6f0) (DefaultImporter) -> (artifact id: 'be351beca3c923bf2613138e47f5e48c') in 0.0360843 seconds
Refreshing native plugins compatible for Editor in 1.94 ms, found 8 plugins.
Preloading 0 native plugins for Editor in 0.00 ms.
Asset Pipeline Refresh (id=3a6a194ffbff7da4697eb0a5c7f396b2): Total: 6.780 seconds - Initiated by InitialRefreshV2(ForceSynchronousImport)
	Summary:
		Imports: total=0 (actual=0, local cache=0, cache server=0)
		Asset DB Process Time: managed=9 ms, native=2783 ms
		Asset DB Callback time: managed=241 ms, native=24 ms
		Scripting: domain reloads=1, domain reload time=1081 ms, compile time=2600 ms, other=40 ms
		Project Asset Count: scripts=1828, non-scripts=6217
		Asset File Changes: new=0, changed=3, moved=0, deleted=0
		Scan Filter Count: 0
	InvokeCustomDependenciesCallbacks: 0.001ms
	InvokePackagesCallback: 20.824ms
	ApplyChangesToAssetFolders: 0.639ms
	Scan: 178.918ms
	OnSourceAssetsModified: 0.554ms
	CategorizeAssetsWithTransientArtifact: 39.470ms
	ProcessAssetsWithTransientArtifactChanges: 58.707ms
	CategorizeAssets: 59.711ms
	ImportOutOfDateAssets: 2255.089ms (-384.452ms without children)
		ImportManagerImport: 37.116ms (0.793ms without children)
			ImportInProcess: 36.323ms
		CompileScripts: 2599.920ms
		ReloadNativeAssets: 0.038ms
		UnloadImportedAssets: 0.712ms
		ReloadImportedAssets: 0.000ms
		EnsureUptoDateAssetsAreRegisteredWithGuidPM: 1.144ms
		InitializingProgressBar: 0.006ms
		PostProcessAllAssetNotificationsAddChangedAssets: 0.001ms
		OnDemandSchedulerStart: 0.606ms
	PostProcessAllAssets: 242.812ms
	Hotreload: 3.126ms
	GatherAllCurrentPrimaryArtifactRevisions: 0.000ms
	UnloadStreamsBegin: 0.142ms
	PersistCurrentRevisions: 0.282ms
	UnloadStreamsEnd: 0.001ms
	GenerateScriptTypeHashes: 7.541ms
	Untracked: 3919.409ms

Application.AssetDatabase Initial Refresh End
Scanning for USB devices : 3.670ms
Initializing Unity extensions:
[MODES] ModeService[none].Initialize
[MODES] ModeService[none].LoadModes
[MODES] Loading mode Default (0) for mode-current-id-Deprem
Unloading 113 Unused Serialized files (Serialized files now loaded: 0)
Unloading 7636 unused Assets / (12.7 MB). Loaded Objects now: 8193.
Memory consumption went from 245.8 MB to 233.1 MB.
Total: 9.159300 ms (FindLiveObjects: 0.391000 ms CreateObjectMapping: 0.265700 ms MarkObjects: 4.588600 ms  DeleteObjects: 3.913500 ms)

Asset Pipeline Refresh (id=0e5bb4e19c15a0a4aafbd9755ea6c3d9): Total: 0.056 seconds - Initiated by RefreshV2(NoUpdateAssetOptions)
Asset Pipeline Refresh (id=95f8df978c0ddc248bf2ad869da617b2): Total: 0.045 seconds - Initiated by RefreshV2(NoUpdateAssetOptions)
Start importing ProjectSettings/ProjectSettings.asset using Guid(00000000000000004000000000000000) (LibraryAssetImporter) -> (artifact id: 'fe9bcec4066e39c86399d22debd5c8ad') in 0.0017605 seconds
Shader Hidden/ProbeVolume/VoxelizeScene is not supported: GPU does not support conservative rasterization
Refreshing native plugins compatible for Editor in 1.87 ms, found 8 plugins.
Preloading 0 native plugins for Editor in 0.00 ms.
Asset Pipeline Refresh (id=d5e98fae6ae8ec54c8d62b7bb3e8a15f): Total: 0.072 seconds - Initiated by StopAssetImportingV2(NoUpdateAssetOptions)
Opening scene 'Assets/YanYana/Scenes/YanYana_Adventure.unity'
Unloading 139 Unused Serialized files (Serialized files now loaded: 0)
Loaded scene 'Assets/YanYana/Scenes/YanYana_Adventure.unity'
	Deserialize:            3487.809 ms
	Integration:            589.970 ms
	Integration of assets:  1.934 ms
	Thread Wait Time:       -0.542 ms
	Total Operation Time:   4079.171 ms
Unloading 25 unused Assets / (1.0 KB). Loaded Objects now: 27477.
Memory consumption went from 254.6 MB to 254.6 MB.
Total: 44.060500 ms (FindLiveObjects: 1.265900 ms CreateObjectMapping: 0.486500 ms MarkObjects: 42.247700 ms  DeleteObjects: 0.059500 ms)

Switching Android SDK to use embedded path.
UnityEngine.Debug:ExtractStackTraceNoAlloc (byte*,int,string)
UnityEngine.StackTraceUtility:ExtractStackTrace ()
UnityEngine.DebugLogHandler:Internal_Log (UnityEngine.LogType,UnityEngine.LogOption,string,UnityEngine.Object)
UnityEngine.DebugLogHandler:LogFormat (UnityEngine.LogType,UnityEngine.Object,string,object[])
UnityEngine.Logger:Log (UnityEngine.LogType,object)
UnityEngine.Debug:Log (object)
UnityEditor.Android.AndroidExternalToolsSettings:SetAndroidRootPath (UnityEditor.Android.AndroidRoot,string) (at /home/bokken/build/output/unity/unity/PlatformDependent/AndroidPlayer/Editor/Managed/AndroidExternalToolsSettings.cs:145)
UnityEditor.Android.AndroidExternalToolsSettings:set_sdkRootPath (string) (at /home/bokken/build/output/unity/unity/PlatformDependent/AndroidPlayer/Editor/Managed/AndroidExternalToolsSettings.cs:33)
YanYana.Editor.YanYanaAndroidReviewBuild:Build () (at Assets/YanYana/Editor/YanYanaAndroidReviewBuild.cs:94)

(Filename: /home/bokken/build/output/unity/unity/PlatformDependent/AndroidPlayer/Editor/Managed/AndroidExternalToolsSettings.cs Line: 145)

Switching Android NDK to use embedded path.
UnityEngine.Debug:ExtractStackTraceNoAlloc (byte*,int,string)
UnityEngine.StackTraceUtility:ExtractStackTrace ()
UnityEngine.DebugLogHandler:Internal_Log (UnityEngine.LogType,UnityEngine.LogOption,string,UnityEngine.Object)
UnityEngine.DebugLogHandler:LogFormat (UnityEngine.LogType,UnityEngine.Object,string,object[])
UnityEngine.Logger:Log (UnityEngine.LogType,object)
UnityEngine.Debug:Log (object)
UnityEditor.Android.AndroidExternalToolsSettings:SetAndroidRootPath (UnityEditor.Android.AndroidRoot,string) (at /home/bokken/build/output/unity/unity/PlatformDependent/AndroidPlayer/Editor/Managed/AndroidExternalToolsSettings.cs:145)
UnityEditor.Android.AndroidExternalToolsSettings:set_ndkRootPath (string) (at /home/bokken/build/output/unity/unity/PlatformDependent/AndroidPlayer/Editor/Managed/AndroidExternalToolsSettings.cs:21)
YanYana.Editor.YanYanaAndroidReviewBuild:Build () (at Assets/YanYana/Editor/YanYanaAndroidReviewBuild.cs:95)

(Filename: /home/bokken/build/output/unity/unity/PlatformDependent/AndroidPlayer/Editor/Managed/AndroidExternalToolsSettings.cs Line: 145)

Switching Java Development Kit (JDK) to use embedded path.
UnityEngine.Debug:ExtractStackTraceNoAlloc (byte*,int,string)
UnityEngine.StackTraceUtility:ExtractStackTrace ()
UnityEngine.DebugLogHandler:Internal_Log (UnityEngine.LogType,UnityEngine.LogOption,string,UnityEngine.Object)
UnityEngine.DebugLogHandler:LogFormat (UnityEngine.LogType,UnityEngine.Object,string,object[])
UnityEngine.Logger:Log (UnityEngine.LogType,object)
UnityEngine.Debug:Log (object)
UnityEditor.Android.AndroidExternalToolsSettings:SetAndroidRootPath (UnityEditor.Android.AndroidRoot,string) (at /home/bokken/build/output/unity/unity/PlatformDependent/AndroidPlayer/Editor/Managed/AndroidExternalToolsSettings.cs:145)
UnityEditor.Android.AndroidExternalToolsSettings:set_jdkRootPath (string) (at /home/bokken/build/output/unity/unity/PlatformDependent/AndroidPlayer/Editor/Managed/AndroidExternalToolsSettings.cs:45)
YanYana.Editor.YanYanaAndroidReviewBuild:Build () (at Assets/YanYana/Editor/YanYanaAndroidReviewBuild.cs:96)

(Filename: /home/bokken/build/output/unity/unity/PlatformDependent/AndroidPlayer/Editor/Managed/AndroidExternalToolsSettings.cs Line: 145)

Switching Android Gradle to use embedded path.
UnityEngine.Debug:ExtractStackTraceNoAlloc (byte*,int,string)
UnityEngine.StackTraceUtility:ExtractStackTrace ()
UnityEngine.DebugLogHandler:Internal_Log (UnityEngine.LogType,UnityEngine.LogOption,string,UnityEngine.Object)
UnityEngine.DebugLogHandler:LogFormat (UnityEngine.LogType,UnityEngine.Object,string,object[])
UnityEngine.Logger:Log (UnityEngine.LogType,object)
UnityEngine.Debug:Log (object)
UnityEditor.Android.AndroidExternalToolsSettings:SetAndroidRootPath (UnityEditor.Android.AndroidRoot,string) (at /home/bokken/build/output/unity/unity/PlatformDependent/AndroidPlayer/Editor/Managed/AndroidExternalToolsSettings.cs:145)
UnityEditor.Android.AndroidExternalToolsSettings:set_gradlePath (string) (at /home/bokken/build/output/unity/unity/PlatformDependent/AndroidPlayer/Editor/Managed/AndroidExternalToolsSettings.cs:57)
YanYana.Editor.YanYanaAndroidReviewBuild:Build () (at Assets/YanYana/Editor/YanYanaAndroidReviewBuild.cs:97)

(Filename: /home/bokken/build/output/unity/unity/PlatformDependent/AndroidPlayer/Editor/Managed/AndroidExternalToolsSettings.cs Line: 145)

1 URP assets included in build
- Mobile_RPAsset - Assets/Settings/Mobile_RPAsset.asset
	 - Mobile_Renderer - Assets/Settings/Mobile_Renderer.asset - UnityEngine.Rendering.Universal.UniversalRendererData
UnityEngine.Debug:ExtractStackTraceNoAlloc (byte*,int,string)
UnityEngine.StackTraceUtility:ExtractStackTrace ()
UnityEngine.DebugLogHandler:Internal_Log (UnityEngine.LogType,UnityEngine.LogOption,string,UnityEngine.Object)
UnityEngine.DebugLogHandler:LogFormat (UnityEngine.LogType,UnityEngine.Object,string,object[])
UnityEngine.Logger:Log (UnityEngine.LogType,object)
UnityEngine.Debug:Log (object)
UnityEditor.Rendering.Universal.URPPreprocessBuild:LogIncludedAssets (System.Collections.Generic.List`1<UnityEngine.Rendering.Universal.UniversalRenderPipelineAsset>) (at ./Library/PackageCache/com.unity.render-pipelines.universal@e1fa89d1f997/Editor/BuildProcessors/URPPreprocessBuild.cs:52)
UnityEditor.Rendering.Universal.URPPreprocessBuild:OnPreprocessBuild (UnityEditor.Build.Reporting.BuildReport) (at ./Library/PackageCache/com.unity.render-pipelines.universal@e1fa89d1f997/Editor/BuildProcessors/URPPreprocessBuild.cs:30)
UnityEditor.Build.BuildPipelineInterfaces/<>c__DisplayClass17_0:<OnBuildPreProcess>b__1 (UnityEditor.Build.IPreprocessBuildWithReport)
UnityEditor.Build.BuildPipelineInterfaces:InvokeCallbackInterfacesPair<UnityEditor.Build.IPreprocessBuild, UnityEditor.Build.IPreprocessBuildWithReport> (System.Collections.Generic.List`1<UnityEditor.Build.IPreprocessBuild>,System.Action`1<UnityEditor.Build.IPreprocessBuild>,System.Collections.Generic.List`1<UnityEditor.Build.IPreprocessBuildWithReport>,System.Action`1<UnityEditor.Build.IPreprocessBuildWithReport>,bool)
UnityEditor.Build.BuildPipelineInterfaces:OnBuildPreProcess (UnityEditor.Build.Reporting.BuildReport)
UnityEditor.BuildPipeline:BuildPlayerInternalNoCheck (string[],string,string,UnityEditor.BuildTargetGroup,UnityEditor.BuildTarget,int,UnityEditor.BuildOptions,string[],bool)
UnityEditor.BuildPipeline:BuildPlayerInternal (string[],string,string,UnityEditor.BuildTargetGroup,UnityEditor.BuildTarget,int,UnityEditor.BuildOptions,string[])
UnityEditor.BuildPipeline:BuildPlayer (string[],string,string,UnityEditor.BuildTargetGroup,UnityEditor.BuildTarget,int,UnityEditor.BuildOptions,string[])
UnityEditor.BuildPipeline:BuildPlayer (UnityEditor.BuildPlayerOptions)
YanYana.Editor.YanYanaAndroidReviewBuild:Build () (at Assets/YanYana/Editor/YanYanaAndroidReviewBuild.cs:101)

(Filename: ./Library/PackageCache/com.unity.render-pipelines.universal@e1fa89d1f997/Editor/BuildProcessors/URPPreprocessBuild.cs Line: 52)

Start importing ProjectSettings/GraphicsSettings.asset using Guid(00000000000000006100000000000000) (LibraryAssetImporter) -> (artifact id: '7971743a43fa757e955096692620268d') in 0.0014804 seconds
Start importing Assets/TextMesh Pro/Fonts/marketb SDF.asset using Guid(4417102a02b1005459ed918678893492) (NativeFormatImporter) -> (artifact id: '2da35c9839591295b054effd1fe04bb1') in 0.001101 seconds
Start importing Assets/Settings/UniversalRenderPipelineGlobalSettings.asset using Guid(18dc0cd2c080841dea60987a38ce93fa) (NativeFormatImporter) -> (artifact id: 'd76894fe9ef6b87adc496136aad3f3a7') in 0.0012648 seconds
Start importing Assets/TextMesh Pro/Examples & Extras/Resources/Fonts & Materials/Anton SDF.asset using Guid(8a89fa14b10d46a99122fd4f73fca9a2) (NativeFormatImporter) -> (artifact id: 'e324e4298722cc9c64e26000f321f040') in 0.0010837 seconds
Start importing Assets/TextMesh Pro/Resources/Fonts & Materials/LiberationSans SDF - Fallback.asset using Guid(2e498d1c8094910479dc3e1b768306a4) (NativeFormatImporter) -> (artifact id: '4b519d51318cc1efa382b585ab42045e') in 0.000999 seconds
Start importing Assets/Settings/Mobile_RPAsset.asset using Guid(5e6cbd92db86f4b18aec3ed561671858) (NativeFormatImporter) -> (artifact id: '9995e6d4a44a105c2896574d75fd5c57') in 0.0008778 seconds
Refreshing native plugins compatible for Editor in 2.47 ms, found 8 plugins.
Preloading 0 native plugins for Editor in 0.00 ms.
Asset Pipeline Refresh (id=818dd423bdcbe3146a2adb5d39b54a6c): Total: 0.032 seconds - Initiated by StopAssetImportingV2(NoUpdateAssetOptions)
DisplayProgressbar: Checking prerequisites
Android PostProcess task "Checking prerequisites" took 5.8158 ms
DisplayProgressbar: Detect Java Development Kit (JDK)
Android PostProcess task "Detect Java Development Kit (JDK)" took 63.0904 ms
DisplayProgressbar: Detecting Android SDK
AndroidSDKTools:

	root          : C:\Program Files\Unity\Hub\Editor\6000.0.58f2\Editor\Data\PlaybackEngines\AndroidPlayer\SDK
	cmdline-tools : C:\Program Files\Unity\Hub\Editor\6000.0.58f2\Editor\Data\PlaybackEngines\AndroidPlayer\SDK\cmdline-tools\16.0
	platform-tools: C:\Program Files\Unity\Hub\Editor\6000.0.58f2\Editor\Data\PlaybackEngines\AndroidPlayer\SDK\platform-tools
	build-tools   : C:\Program Files\Unity\Hub\Editor\6000.0.58f2\Editor\Data\PlaybackEngines\AndroidPlayer\SDK\build-tools\34.0.0

	adb           : C:\Program Files\Unity\Hub\Editor\6000.0.58f2\Editor\Data\PlaybackEngines\AndroidPlayer\SDK\platform-tools\adb.exe

Android PostProcess task "Detecting Android SDK" took 1132.8152 ms
DisplayProgressbar: Detect Android NDK
Android PostProcess task "Detect Android NDK" took 1.1205 ms
Android PostProcess task "Trying to find a suitable Android device" took 0.2606 ms
DisplayProgressbar: Check resources
Android PostProcess task "Check resources" took 0.1603 ms
DisplayProgressbar: Check Android Player Settings
Android PostProcess task "Check Android Player Settings" took 0.2215 ms
Launched and connected shader compiler UnityShaderCompiler.exe after 0.01 seconds
Starting: C:\Program Files\Unity\Hub\Editor\6000.0.58f2\Editor\Data\bee_backend.exe --ipc --defer-dag-verification --dagfile="Library/Bee/1300b0aESkipCompile.dag" --continue-on-failure --profile="Library/Bee/backend1.traceevents" ScriptAssembliesAndTypeDB
WorkingDir: C:/Users/Gokturk/Documents/GitHub/Deprem/.codex_tmp/yanyana_android_20260914-173827
DisplayProgressbar: Compiling Scripts
ExitCode: 0 Duration: 0s53ms
*** Tundra build success (0.03 seconds), 0 items updated, 4 evaluated
Start importing Assets/Resources/PerformanceTestRunInfo.json using Guid(a5391a7619a7c12459a253027572e612) (TextScriptImporter) -> (artifact id: 'fef05f4804247ca1c95c9af41a09170a') in 0.0077872 seconds
Start importing Assets/Resources/PerformanceTestRunSettings.json using Guid(1dd0233dabade6c46be5bea389ea0a3c) (TextScriptImporter) -> (artifact id: 'f5809f7358d5e295a4e83f85f14520e8') in 0.0071645 seconds
Refreshing native plugins compatible for Editor in 2.06 ms, found 8 plugins.
Preloading 0 native plugins for Editor in 0.00 ms.
Asset Pipeline Refresh (id=48eb7c1f6fb7b5047acda5272c2caf28): Total: 0.049 seconds - Initiated by RefreshV2(NoUpdateAssetOptions)
[ScriptCompilation] Requested script compilation because: Recompiling scripts for player build.
BuildPlayer: start building target 13
Total cache size 268210325
Total cache size after purge 268210325, took 00:00:00.1349320
Starting: C:\Program Files\Unity\Hub\Editor\6000.0.58f2\Editor\Data\bee_backend.exe --ipc --defer-dag-verification --dagfile="Library/Bee/1300b0aP.dag" --continue-on-failure --profile="Library/Bee/backend1.traceevents" ScriptAssembliesAndTypeDB
WorkingDir: C:/Users/Gokturk/Documents/GitHub/Deprem/.codex_tmp/yanyana_android_20260914-173827
ExitCode: 0 Duration: 0s284ms
[379/604    0s] WriteResponseFile Library/Bee/artifacts/rsp/4747638433968585886.rsp
[511/604    0s] ILPP-Configuration Library/ilpp-configuration.nevergeneratedoutput
[542/604    0s] CopyFiles Library/Bee/PlayerScriptAssemblies/Unity.RenderPipelines.ShaderGraph.ShaderGraphLibrary.dll
[543/604    0s] CopyFiles Library/Bee/PlayerScriptAssemblies/Unity.Collections.dll
[544/604    0s] CopyFiles Library/Bee/PlayerScriptAssemblies/Unity.RenderPipelines.Universal.2D.Runtime.dll
[545/604    0s] CopyFiles Library/Bee/PlayerScriptAssemblies/Unity.Mathematics.pdb
[546/604    0s] CopyFiles Library/Bee/PlayerScriptAssemblies/Unity.InputSystem.ForUI.dll
[547/604    0s] CopyFiles Library/Bee/PlayerScriptAssemblies/Unity.RenderPipelines.GPUDriven.Runtime.dll
[548/604    0s] CopyFiles Library/Bee/PlayerScriptAssemblies/Unity.Cinemachine.dll
[549/604    0s] CopyFiles Library/Bee/PlayerScriptAssemblies/Unity.TextMeshPro.dll
[550/604    0s] CopyFiles Library/Bee/PlayerScriptAssemblies/Unity.Mathematics.dll
[551/604    0s] CopyFiles Library/Bee/PlayerScriptAssemblies/Unity.RenderPipelines.Universal.Shaders.dll
[552/604    0s] CopyFiles Library/Bee/PlayerScriptAssemblies/Unity.RenderPipelines.Core.ShaderLibrary.dll
[553/604    0s] CopyFiles Library/Bee/PlayerScriptAssemblies/Unity.VisualScripting.State.dll
[554/604    0s] CopyFiles Library/Bee/PlayerScriptAssemblies/Assembly-CSharp.dll
[555/604    0s] CopyFiles Library/Bee/PlayerScriptAssemblies/Unity.VisualScripting.Core.pdb
[556/604    0s] CopyFiles Library/Bee/PlayerScriptAssemblies/Unity.AI.Navigation.dll
[557/604    0s] CopyFiles Library/Bee/PlayerScriptAssemblies/Unity.RenderPipelines.Core.Runtime.Shared.dll
[558/604    0s] CopyFiles Library/Bee/PlayerScriptAssemblies/Unity.VisualScripting.Core.dll
[559/604    0s] CopyFiles Library/Bee/PlayerScriptAssemblies/Unity.RenderPipelines.Core.Runtime.dll
[560/604    0s] CopyFiles Library/Bee/PlayerScriptAssemblies/Unity.VisualScripting.Flow.dll
[561/604    0s] CopyFiles Library/Bee/PlayerScriptAssemblies/Unity.Recorder.Base.dll
[562/604    0s] CopyFiles Library/Bee/PlayerScriptAssemblies/Unity.Splines.dll
[563/604    0s] CopyFiles Library/Bee/PlayerScriptAssemblies/Unity.Recorder.dll
[564/604    0s] CopyFiles Library/Bee/PlayerScriptAssemblies/Unity.Rendering.LightTransport.Runtime.dll
[565/604    0s] CopyFiles Library/Bee/PlayerScriptAssemblies/Unity.InputSystem.dll
[566/604    0s] CopyFiles Library/Bee/PlayerScriptAssemblies/Unity.RenderPipelines.Universal.Config.Runtime.dll
[567/604    0s] CopyFiles Library/Bee/PlayerScriptAssemblies/Unity.Multiplayer.Center.Common.dll
[568/604    0s] CopyFiles Library/Bee/PlayerScriptAssemblies/Unity.Timeline.dll
[569/604    0s] CopyFiles Library/Bee/PlayerScriptAssemblies/Unity.Burst.dll
[570/604    0s] CopyFiles Library/Bee/PlayerScriptAssemblies/Unity.RenderPipelines.Universal.Runtime.dll
[571/604    0s] CopyFiles Library/Bee/PlayerScriptAssemblies/UnityEngine.UI.dll
[572/604    0s] CopyFiles Library/Bee/PlayerScriptAssemblies/Unity.Postprocessing.Runtime.dll
[573/604    0s] CopyFiles Library/Bee/PlayerScriptAssemblies/Unity.RenderPipeline.Universal.ShaderLibrary.dll
[574/604    0s] CopyFiles Library/Bee/PlayerScriptAssemblies/Unity.Postprocessing.Runtime.pdb
[575/604    0s] CopyFiles Library/Bee/PlayerScriptAssemblies/Unity.RenderPipeline.Universal.ShaderLibrary.pdb
[576/604    0s] CopyFiles Library/Bee/PlayerScriptAssemblies/UnityEngine.UI.pdb
[577/604    0s] CopyFiles Library/Bee/PlayerScriptAssemblies/Unity.Timeline.pdb
[578/604    0s] CopyFiles Library/Bee/PlayerScriptAssemblies/Unity.Multiplayer.Center.Common.pdb
[579/604    0s] CopyFiles Library/Bee/PlayerScriptAssemblies/Unity.Rendering.LightTransport.Runtime.pdb
[580/604    0s] CopyFiles Library/Bee/PlayerScriptAssemblies/Unity.Recorder.pdb
[581/604    0s] CopyFiles Library/Bee/PlayerScriptAssemblies/Unity.VisualScripting.Flow.pdb
[582/604    0s] CopyFiles Library/Bee/PlayerScriptAssemblies/Unity.RenderPipelines.Universal.Config.Runtime.pdb
[583/604    0s] CopyFiles Library/Bee/PlayerScriptAssemblies/Unity.RenderPipelines.Core.Runtime.pdb
[584/604    0s] CopyFiles Library/Bee/PlayerScriptAssemblies/Unity.RenderPipelines.Core.Runtime.Shared.pdb
[585/604    0s] CopyFiles Library/Bee/PlayerScriptAssemblies/Unity.Burst.pdb
[586/604    0s] CopyFiles Library/Bee/PlayerScriptAssemblies/Unity.InputSystem.pdb
[587/604    0s] CopyFiles Library/Bee/PlayerScriptAssemblies/Unity.RenderPipelines.Core.ShaderLibrary.pdb
[588/604    0s] CopyFiles Library/Bee/PlayerScriptAssemblies/Unity.Cinemachine.pdb
[589/604    0s] CopyFiles Library/Bee/PlayerScriptAssemblies/Unity.RenderPipelines.GPUDriven.Runtime.pdb
[590/604    0s] CopyFiles Library/Bee/PlayerScriptAssemblies/Unity.RenderPipelines.Universal.Shaders.pdb
[591/604    0s] CopyFiles Library/Bee/PlayerScriptAssemblies/Unity.RenderPipelines.ShaderGraph.ShaderGraphLibrary.pdb
[592/604    0s] CopyFiles Library/Bee/PlayerScriptAssemblies/Unity.RenderPipelines.Universal.2D.Runtime.pdb
[593/604    0s] CopyFiles Library/Bee/PlayerScriptAssemblies/Unity.Splines.pdb
[594/604    0s] CopyFiles Library/Bee/PlayerScriptAssemblies/Unity.InputSystem.ForUI.pdb
[595/604    0s] CopyFiles Library/Bee/PlayerScriptAssemblies/Unity.AI.Navigation.pdb
[596/604    0s] CopyFiles Library/Bee/PlayerScriptAssemblies/Unity.Collections.pdb
[597/604    0s] CopyFiles Library/Bee/PlayerScriptAssemblies/Assembly-CSharp.pdb
[598/604    0s] CopyFiles Library/Bee/PlayerScriptAssemblies/Unity.Recorder.Base.pdb
[599/604    0s] CopyFiles Library/Bee/PlayerScriptAssemblies/Unity.VisualScripting.State.pdb
[600/604    0s] CopyFiles Library/Bee/PlayerScriptAssemblies/Unity.RenderPipelines.Universal.Runtime.pdb
[601/604    0s] CopyFiles Library/Bee/PlayerScriptAssemblies/Unity.TextMeshPro.pdb
*** Tundra build success (0.27 seconds), 62 items updated, 604 evaluated
Rebuilding Data files because Assets/YanYana/Scenes/YanYana_Adventure.unity is dirty (hash)
Opening scene 'Assets/YanYana/Scenes/YanYana_Adventure.unity'
Total cache size 268210325
Total cache size after purge 268210325, took 00:00:00.1281558
Unloading 2 Unused Serialized files (Serialized files now loaded: 0)
Loaded scene 'Assets/YanYana/Scenes/YanYana_Adventure.unity'
	Deserialize:            2544.589 ms
	Integration:            308.665 ms
	Integration of assets:  0.468 ms
	Thread Wait Time:       -0.445 ms
	Total Operation Time:   2853.277 ms
Unloading 144 unused Assets / (1.4 MB). Loaded Objects now: 27513.
Memory consumption went from 279.7 MB to 278.3 MB.
Total: 48.617000 ms (FindLiveObjects: 1.071800 ms CreateObjectMapping: 0.485600 ms MarkObjects: 46.537700 ms  DeleteObjects: 0.521000 ms)

Created GICache directory at C:/Users/Gokturk/AppData/LocalLow/Unity/Caches/GiCache. Took: 0.008s, timestamps: [24.059 - 24.067]


Mono dependencies included in the build
Dependency assembly - Mono.Data.Tds.dll
Dependency assembly - System.Data.Linq.dll
Dependency assembly - System.Net.NameResolution.dll
Dependency assembly - System.Net.NetworkInformation.dll
Dependency assembly - System.Diagnostics.Tools.dll
Dependency assembly - System.Windows.Forms.DataVisualization.dll
Dependency assembly - System.Net.Sockets.dll
Dependency assembly - System.Data.Common.dll
Dependency assembly - System.Data.Services.Client.dll
Dependency assembly - System.Runtime.InteropServices.dll
Dependency assembly - System.Linq.Parallel.dll
Dependency assembly - System.Diagnostics.TraceSource.dll
Dependency assembly - System.dll
Dependency assembly - System.Reflection.dll
Dependency assembly - Unity.RenderPipelines.Core.ShaderLibrary.dll
Dependency assembly - System.Security.Cryptography.DeriveBytes.dll
Dependency assembly - Unity.RenderPipeline.Universal.ShaderLibrary.dll
Dependency assembly - Unity.Timeline.dll
Dependency assembly - System.Security.Cryptography.OpenSsl.dll
Dependency assembly - System.Runtime.Serialization.Formatters.dll
Dependency assembly - System.Security.Cryptography.Encoding.dll
Dependency assembly - System.Xml.XDocument.dll
Dependency assembly - System.ComponentModel.Primitives.dll
Dependency assembly - System.Runtime.dll
Dependency assembly - Unity.RenderPipelines.GPUDriven.Runtime.dll
Dependency assembly - System.Core.dll
Dependency assembly - System.Linq.dll
Dependency assembly - System.Data.OracleClient.dll
Dependency assembly - System.IO.UnmanagedMemoryStream.dll
Dependency assembly - System.Text.Encoding.CodePages.dll
Dependency assembly - System.Numerics.dll
Dependency assembly - System.Security.Principal.Windows.dll
Dependency assembly - System.Windows.dll
Dependency assembly - System.Security.Cryptography.Hashing.dll
Dependency assembly - System.Text.Encoding.Extensions.dll
Dependency assembly - System.Linq.Queryable.dll
Dependency assembly - System.ComponentModel.DataAnnotations.dll
Dependency assembly - Assembly-CSharp.dll
Dependency assembly - System.Console.dll
Dependency assembly - System.Net.dll
Dependency assembly - System.Net.AuthenticationManager.dll
Dependency assembly - System.IO.Pipes.dll
Dependency assembly - System.Runtime.Serialization.dll
Dependency assembly - System.Numerics.Vectors.dll
Dependency assembly - System.Runtime.Handles.dll
Dependency assembly - System.Security.Cryptography.Encryption.dll
Dependency assembly - System.ComponentModel.EventBasedAsync.dll
Dependency assembly - System.Runtime.InteropServices.WindowsRuntime.dll
Dependency assembly - Unity.Splines.dll
Dependency assembly - System.DirectoryServices.dll
Dependency assembly - System.Runtime.Extensions.dll
Dependency assembly - System.Net.Http.WebRequest.dll
Dependency assembly - System.ServiceModel.Duplex.dll
Dependency assembly - System.Security.Cryptography.Encryption.Aes.dll
Dependency assembly - Mono.Security.dll
Dependency assembly - Accessibility.dll
Dependency assembly - System.Xml.Xsl.Primitives.dll
Dependency assembly - System.ServiceProcess.ServiceController.dll
Dependency assembly - System.Web.ApplicationServices.dll
Dependency assembly - System.Diagnostics.Contracts.dll
Dependency assembly - System.Threading.Tasks.Extensions.dll
Dependency assembly - System.Web.Extensions.Design.dll
Dependency assembly - System.Runtime.Serialization.Primitives.dll
Dependency assembly - System.Xml.ReaderWriter.dll
Dependency assembly - System.ValueTuple.dll
Dependency assembly - System.Net.ServicePoint.dll
Dependency assembly - System.Data.Entity.dll
Dependency assembly - System.Security.Cryptography.RandomNumberGenerator.dll
Dependency assembly - System.Transactions.dll
Dependency assembly - System.Net.Utilities.dll
Dependency assembly - System.ComponentModel.Annotations.dll
Dependency assembly - System.Diagnostics.Tracing.dll
Dependency assembly - System.Threading.Timer.dll
Dependency assembly - System.Security.Claims.dll
Dependency assembly - Unity.Recorder.Base.dll
Dependency assembly - I18N.Other.dll
Dependency assembly - System.Net.WebSockets.Client.dll
Dependency assembly - System.Design.dll
Dependency assembly - System.Diagnostics.Process.dll
Dependency assembly - System.ServiceProcess.dll
Dependency assembly - System.IO.Compression.ZipFile.dll
Dependency assembly - System.Net.HttpListener.dll
Dependency assembly - System.ServiceModel.Http.dll
Dependency assembly - Unity.RenderPipelines.Core.Runtime.Shared.dll
Dependency assembly - Unity.RenderPipelines.Universal.Runtime.dll
Dependency assembly - System.Diagnostics.Debug.dll
Dependency assembly - System.ServiceModel.Activation.dll
Dependency assembly - Unity.Postprocessing.Runtime.dll
Dependency assembly - System.Reflection.Emit.Lightweight.dll
Dependency assembly - Unity.RenderPipelines.Universal.Shaders.dll
Dependency assembly - System.Reflection.Emit.dll
Dependency assembly - System.AppContext.dll
Dependency assembly - System.Runtime.CompilerServices.VisualC.dll
Dependency assembly - System.ServiceModel.Web.dll
Dependency assembly - Unity.RenderPipelines.ShaderGraph.ShaderGraphLibrary.dll
Dependency assembly - System.Threading.Overlapped.dll
Dependency assembly - Unity.Burst.Unsafe.dll
Dependency assembly - Unity.Recorder.dll
Dependency assembly - mscorlib.dll
Dependency assembly - Unity.Rendering.LightTransport.Runtime.dll
Dependency assembly - System.Buffers.dll
Dependency assembly - System.Runtime.Loader.dll
Dependency assembly - System.Configuration.Install.dll
Dependency assembly - System.Resources.Reader.dll
Dependency assembly - System.Web.RegularExpressions.dll
Dependency assembly - System.Net.Security.dll
Dependency assembly - System.ServiceModel.NetTcp.dll
Dependency assembly - System.Dynamic.Runtime.dll
Dependency assembly - System.Security.Cryptography.RSA.dll
Dependency assembly - Microsoft.CSharp.dll
Dependency assembly - System.IO.FileSystem.Watcher.dll
Dependency assembly - I18N.MidEast.dll
Dependency assembly - System.Configuration.dll
Dependency assembly - System.Collections.NonGeneric.dll
Dependency assembly - System.IO.FileSystem.AccessControl.dll
Dependency assembly - System.Reflection.TypeExtensions.dll
Dependency assembly - System.Security.Cryptography.ProtectedData.dll
Dependency assembly - System.Data.DataSetExtensions.dll
Dependency assembly - System.Net.Primitives.dll
Dependency assembly - System.ServiceModel.Routing.dll
Dependency assembly - System.ServiceModel.Discovery.dll
Dependency assembly - System.Security.Cryptography.Cng.dll
Dependency assembly - System.ComponentModel.dll
Dependency assembly - System.IO.FileSystem.dll
Dependency assembly - System.Security.Principal.dll
Dependency assembly - System.ObjectModel.dll
Dependency assembly - System.Collections.Specialized.dll
Dependency assembly - System.Runtime.InteropServices.RuntimeInformation.dll
Dependency assembly - System.Net.WebHeaderCollection.dll
Dependency assembly - Unity.Multiplayer.Center.Common.dll
Dependency assembly - Microsoft.Win32.Registry.AccessControl.dll
Dependency assembly - System.ComponentModel.Composition.dll
Dependency assembly - System.Xml.Serialization.dll
Dependency assembly - System.Xml.dll
Dependency assembly - System.DirectoryServices.Protocols.dll
Dependency assembly - System.Security.Cryptography.Encryption.ECDsa.dll
Dependency assembly - netstandard.dll
Dependency assembly - System.Drawing.Design.dll
Dependency assembly - System.Runtime.Caching.dll
Dependency assembly - System.Net.Mail.dll
Dependency assembly - System.Web.dll
Dependency assembly - System.Drawing.Primitives.dll
Dependency assembly - System.IO.IsolatedStorage.dll
Dependency assembly - UnityEngine.UI.dll
Dependency assembly - System.Diagnostics.StackTrace.dll
Dependency assembly - System.ServiceModel.Primitives.dll
Dependency assembly - Unity.Collections.dll
Dependency assembly - I18N.West.dll
Dependency assembly - System.Xaml.dll
Dependency assembly - System.IO.Compression.dll
Dependency assembly - System.IdentityModel.dll
Dependency assembly - I18N.Rare.dll
Dependency assembly - Unity.VisualScripting.State.dll
Dependency assembly - Unity.RenderPipelines.Universal.Config.Runtime.dll
Dependency assembly - Microsoft.Win32.Primitives.dll
Dependency assembly - System.Security.Cryptography.Pkcs.dll
Dependency assembly - System.Xml.XPath.dll
Dependency assembly - System.Messaging.dll
Dependency assembly - System.Drawing.dll
Dependency assembly - System.Diagnostics.TraceEvent.dll
Dependency assembly - System.Globalization.dll
Dependency assembly - Unity.TextMeshPro.dll
Dependency assembly - System.Web.Extensions.dll
Dependency assembly - I18N.dll
Dependency assembly - System.Security.Cryptography.Csp.dll
Dependency assembly - Microsoft.Win32.Registry.dll
Dependency assembly - System.Net.Cache.dll
Dependency assembly - Unity.InputSystem.ForUI.dll
Dependency assembly - System.ComponentModel.TypeConverter.dll
Dependency assembly - System.Threading.AccessControl.dll
Dependency assembly - System.ServiceModel.Internals.dll
Dependency assembly - System.Runtime.Remoting.dll
Dependency assembly - Unity.VisualScripting.Flow.dll
Dependency assembly - Unity.Cinemachine.dll
Dependency assembly - System.Resources.ReaderWriter.dll
Dependency assembly - System.Security.Cryptography.Encryption.ECDiffieHellman.dll
Dependency assembly - Unity.AI.Navigation.dll
Dependency assembly - System.Net.Requests.dll
Dependency assembly - System.Reflection.Primitives.dll
Dependency assembly - System.Linq.Expressions.dll
Dependency assembly - Mono.Data.Sqlite.dll
Dependency assembly - System.Data.SqlClient.dll
Dependency assembly - System.Runtime.Serialization.Xml.dll
Dependency assembly - System.IO.FileSystem.DriveInfo.dll
Dependency assembly - System.Threading.Tasks.Parallel.dll
Dependency assembly - System.Web.DynamicData.dll
Dependency assembly - System.Management.dll
Dependency assembly - Unity.Burst.dll
Dependency assembly - I18N.CJK.dll
Dependency assembly - System.Runtime.Serialization.Json.dll
Dependency assembly - System.Json.dll
Dependency assembly - System.Diagnostics.TextWriterTraceListener.dll
Dependency assembly - Unity.RenderPipelines.Universal.2D.Runtime.dll
Dependency assembly - Unity.VisualScripting.Core.dll
Dependency assembly - System.Reflection.Context.dll
Dependency assembly - System.Net.WebSockets.dll
Dependency assembly - System.ServiceModel.Security.dll
Dependency assembly - System.Data.dll
Dependency assembly - System.Threading.dll
Dependency assembly - System.Security.Cryptography.Algorithms.dll
Dependency assembly - System.Reflection.Emit.ILGeneration.dll
Dependency assembly - System.IO.MemoryMappedFiles.dll
Dependency assembly - System.IO.Compression.FileSystem.dll
Dependency assembly - System.Memory.dll
Dependency assembly - Unity.Collections.LowLevel.ILSupport.dll
Dependency assembly - System.EnterpriseServices.dll
Dependency assembly - System.Windows.Forms.dll
Dependency assembly - System.Text.Encoding.dll
Dependency assembly - System.IdentityModel.Selectors.dll
Dependency assembly - System.Xml.Linq.dll
Dependency assembly - System.Globalization.Extensions.dll
Dependency assembly - System.Net.Ping.dll
Dependency assembly - System.Security.AccessControl.dll
Dependency assembly - System.Runtime.Serialization.Formatters.Soap.dll
Dependency assembly - System.Security.dll
Dependency assembly - System.Collections.Concurrent.dll
Dependency assembly - System.Reflection.Extensions.dll
Dependency assembly - Unity.RenderPipelines.Core.Runtime.dll
Dependency assembly - Unity.Mathematics.dll
Dependency assembly - System.Xml.XPath.XDocument.dll
Dependency assembly - System.Threading.Tasks.dll
Dependency assembly - System.Net.Http.dll
Dependency assembly - System.Collections.dll
Dependency assembly - System.ServiceModel.dll
Dependency assembly - System.Security.Cryptography.Primitives.dll
Dependency assembly - System.Web.Services.dll
Dependency assembly - System.Xml.XmlSerializer.dll
Dependency assembly - System.Text.RegularExpressions.dll
Dependency assembly - System.IO.FileSystem.Primitives.dll
Dependency assembly - Newtonsoft.Json.dll
Dependency assembly - System.Security.SecureString.dll
Dependency assembly - System.Data.Services.dll
Dependency assembly - System.Diagnostics.FileVersionInfo.dll
Dependency assembly - System.Runtime.Numerics.dll
Dependency assembly - System.Threading.ThreadPool.dll
Dependency assembly - System.Resources.ResourceManager.dll
Dependency assembly - System.Threading.Thread.dll
Dependency assembly - System.Xml.XmlDocument.dll
Dependency assembly - System.Security.Cryptography.Hashing.Algorithms.dll
Dependency assembly - System.Reflection.DispatchProxy.dll
Dependency assembly - System.Globalization.Calendars.dll
Dependency assembly - Unity.VisualScripting.Antlr3.Runtime.dll
Dependency assembly - Unity.InputSystem.dll
Dependency assembly - System.Xml.XPath.XmlDocument.dll
Dependency assembly - System.Runtime.DurableInstancing.dll
Dependency assembly - System.Resources.Writer.dll
Dependency assembly - System.IO.dll
Dependency assembly - System.Security.Cryptography.X509Certificates.dll

DisplayProgressbar: Fetching assembly references
Game scripts or other custom code contains OnMouse_ event handlers. Presence of such handlers might impact performance on handheld devices.
UnityEngine.Debug:ExtractStackTraceNoAlloc (byte*,int,string)
UnityEngine.StackTraceUtility:ExtractStackTrace ()
UnityEditor.BuildPipeline:BuildPlayerInternalNoCheck (string[],string,string,UnityEditor.BuildTargetGroup,UnityEditor.BuildTarget,int,UnityEditor.BuildOptions,string[],bool)
UnityEditor.BuildPipeline:BuildPlayerInternal (string[],string,string,UnityEditor.BuildTargetGroup,UnityEditor.BuildTarget,int,UnityEditor.BuildOptions,string[])
UnityEditor.BuildPipeline:BuildPlayer (string[],string,string,UnityEditor.BuildTargetGroup,UnityEditor.BuildTarget,int,UnityEditor.BuildOptions,string[])
UnityEditor.BuildPipeline:BuildPlayer (UnityEditor.BuildPlayerOptions)
YanYana.Editor.YanYanaAndroidReviewBuild:Build () (at Assets/YanYana/Editor/YanYanaAndroidReviewBuild.cs:101)

[Assets/YanYana/Editor/YanYanaAndroidReviewBuild.cs line 101]

Unloading 196 Unused Serialized files (Serialized files now loaded: 0)
Unloading 8729 unused Assets / (85.8 MB). Loaded Objects now: 8300.
Memory consumption went from 340.5 MB to 254.7 MB.
Total: 29.927500 ms (FindLiveObjects: 0.494400 ms CreateObjectMapping: 0.252500 ms MarkObjects: 22.043000 ms  DeleteObjects: 7.136700 ms)

Unloading 0 Unused Serialized files (Serialized files now loaded: 0)
Unloading 0 unused Assets / (0 B). Loaded Objects now: 8300.
Memory consumption went from 254.7 MB to 254.7 MB.
Total: 22.683500 ms (FindLiveObjects: 0.247800 ms CreateObjectMapping: 0.106800 ms MarkObjects: 22.313400 ms  DeleteObjects: 0.014900 ms)

Unloading 1 Unused Serialized files (Serialized files now loaded: 0)
Unloading 173 unused Assets / (139.3 MB). Loaded Objects now: 8300.
Memory consumption went from 369.7 MB to 230.4 MB.
Total: 31.583800 ms (FindLiveObjects: 0.226900 ms CreateObjectMapping: 0.123000 ms MarkObjects: 22.421300 ms  DeleteObjects: 8.811800 ms)

Compiling shader "Hidden/Universal Render Pipeline/Sampling" pass "BoxDownsample" (vp)
    Full variant space:         1
    After settings filtering:   1
    After built-in stripping:   1
    After scriptable stripping: 1
    Processed in 0.36 seconds
    starting compilation...
    finished in 0.00 seconds. Local cache hits 1 (0.00s CPU time), remote cache hits 0 (0.00s CPU time), compiled 0 variants (0.00s CPU time), skipped 0 variants
    Prepared data for serialisation in 0.00s
Serialized binary data for shader Hidden/Universal Render Pipeline/Sampling in 0.00s
    gles3 (total internal programs: 1, unique: 1)
Compiling shader "Hidden/Universal Render Pipeline/Stop NaN" pass "Stop NaN" (vp)
    Full variant space:         1
    After settings filtering:   1
    After built-in stripping:   1
    After scriptable stripping: 1
    Processed in 0.00 seconds
    starting compilation...
    finished in 0.00 seconds. Local cache hits 1 (0.00s CPU time), remote cache hits 0 (0.00s CPU time), compiled 0 variants (0.00s CPU time), skipped 0 variants
    Prepared data for serialisation in 0.00s
Serialized binary data for shader Hidden/Universal Render Pipeline/Stop NaN in 0.00s
    gles3 (total internal programs: 1, unique: 1)
Compiling shader "Hidden/CoreSRP/CoreCopy" pass "Copy" (vp)
    Full variant space:         2
    After settings filtering:   2
    After built-in stripping:   2
    After scriptable stripping: 2
    Processed in 0.00 seconds
    starting compilation...
    finished in 0.00 seconds. Local cache hits 2 (0.00s CPU time), remote cache hits 0 (0.00s CPU time), compiled 0 variants (0.00s CPU time), skipped 0 variants
    Prepared data for serialisation in 0.00s
Compiling shader "Hidden/CoreSRP/CoreCopy" pass "CopyMS" (vp)
    Full variant space:         2
    After settings filtering:   2
    After built-in stripping:   2
    After scriptable stripping: 2
    Processed in 0.00 seconds
    starting compilation...
    finished in 0.00 seconds. Local cache hits 2 (0.00s CPU time), remote cache hits 0 (0.00s CPU time), compiled 0 variants (0.00s CPU time), skipped 0 variants
    Prepared data for serialisation in 0.00s
Serialized binary data for shader Hidden/CoreSRP/CoreCopy in 0.00s
    gles3 (total internal programs: 4, unique: 4)
Compiling shader "Hidden/Universal Render Pipeline/CameraMotionBlur" pass "Camera Motion Blur - Low Quality" (vp)
    Full variant space:         2
    After settings filtering:   1
    After built-in stripping:   1
    After scriptable stripping: 1
    Processed in 0.00 seconds
    starting compilation...
    finished in 0.00 seconds. Local cache hits 1 (0.00s CPU time), remote cache hits 0 (0.00s CPU time), compiled 0 variants (0.00s CPU time), skipped 0 variants
    Prepared data for serialisation in 0.00s
Compiling shader "Hidden/Universal Render Pipeline/CameraMotionBlur" pass "Camera Motion Blur - Medium Quality" (vp)
    Full variant space:         2
    After settings filtering:   1
    After built-in stripping:   1
    After scriptable stripping: 1
    Processed in 0.00 seconds
    starting compilation...
    finished in 0.00 seconds. Local cache hits 1 (0.00s CPU time), remote cache hits 0 (0.00s CPU time), compiled 0 variants (0.00s CPU time), skipped 0 variants
    Prepared data for serialisation in 0.00s
Compiling shader "Hidden/Universal Render Pipeline/CameraMotionBlur" pass "Camera Motion Blur - High Quality" (vp)
    Full variant space:         2
    After settings filtering:   1
    After built-in stripping:   1
    After scriptable stripping: 1
    Processed in 0.00 seconds
    starting compilation...
    finished in 0.00 seconds. Local cache hits 1 (0.00s CPU time), remote cache hits 0 (0.00s CPU time), compiled 0 variants (0.00s CPU time), skipped 0 variants
    Prepared data for serialisation in 0.00s
Compiling shader "Hidden/Universal Render Pipeline/CameraMotionBlur" pass "Camera And Object Motion Blur - Low Quality" (vp)
    Full variant space:         2
    After settings filtering:   1
    After built-in stripping:   1
    After scriptable stripping: 1
    Processed in 0.00 seconds
    starting compilation...
    finished in 0.00 seconds. Local cache hits 1 (0.00s CPU time), remote cache hits 0 (0.00s CPU time), compiled 0 variants (0.00s CPU time), skipped 0 variants
    Prepared data for serialisation in 0.00s
Compiling shader "Hidden/Universal Render Pipeline/CameraMotionBlur" pass "Camera And Object Motion Blur - Medium Quality" (vp)
    Full variant space:         2
    After settings filtering:   1
    After built-in stripping:   1
    After scriptable stripping: 1
    Processed in 0.00 seconds
    starting compilation...
    finished in 0.00 seconds. Local cache hits 1 (0.00s CPU time), remote cache hits 0 (0.00s CPU time), compiled 0 variants (0.00s CPU time), skipped 0 variants
    Prepared data for serialisation in 0.00s
Compiling shader "Hidden/Universal Render Pipeline/CameraMotionBlur" pass "Camera And Object Motion Blur - High Quality" (vp)
    Full variant space:         2
    After settings filtering:   1
    After built-in stripping:   1
    After scriptable stripping: 1
    Processed in 0.00 seconds
    starting compilation...
    finished in 0.00 seconds. Local cache hits 1 (0.00s CPU time), remote cache hits 0 (0.00s CPU time), compiled 0 variants (0.00s CPU time), skipped 0 variants
    Prepared data for serialisation in 0.00s
Serialized binary data for shader Hidden/Universal Render Pipeline/CameraMotionBlur in 0.00s
    gles3 (total internal programs: 6, unique: 6)
Compiling shader "Hidden/TerrainEngine/Details/UniversalPipeline/BillboardWavingDoublePass" pass "ForwardLit" (vp)
    Full variant space:         61440
    After settings filtering:   256
    After built-in stripping:   4
    After scriptable stripping: 4
    Processed in 0.00 seconds
    starting compilation...
    finished in 0.00 seconds. Local cache hits 4 (0.00s CPU time), remote cache hits 0 (0.00s CPU time), compiled 0 variants (0.00s CPU time), skipped 0 variants
    Prepared data for serialisation in 0.00s
    Prepared data for serialisation in 0.00s
Compiling shader "Hidden/TerrainEngine/Details/UniversalPipeline/BillboardWavingDoublePass" pass "DepthOnly" (vp)
    Full variant space:         2
    After settings filtering:   2
    After built-in stripping:   1
    After scriptable stripping: 1
    Processed in 0.00 seconds
    starting compilation...
    finished in 0.00 seconds. Local cache hits 1 (0.00s CPU time), remote cache hits 0 (0.00s CPU time), compiled 0 variants (0.00s CPU time), skipped 0 variants
    Prepared data for serialisation in 0.00s
Compiling shader "Hidden/TerrainEngine/Details/UniversalPipeline/BillboardWavingDoublePass" pass "DepthNormals" (vp)
    Full variant space:         2
    After settings filtering:   2
    After built-in stripping:   1
    After scriptable stripping: 1
    Processed in 0.00 seconds
    starting compilation...
    finished in 0.00 seconds. Local cache hits 1 (0.00s CPU time), remote cache hits 0 (0.00s CPU time), compiled 0 variants (0.00s CPU time), skipped 0 variants
    Prepared data for serialisation in 0.00s
Serialized binary data for shader Hidden/TerrainEngine/Details/UniversalPipeline/BillboardWavingDoublePass in 0.00s
    gles3 (total internal programs: 6, unique: 6)
Compiling shader "Hidden/Universal Render Pipeline/BokehDepthOfField" pass "Bokeh Depth Of Field CoC" (vp)
    Full variant space:         2
    After settings filtering:   1
    After built-in stripping:   1
    After scriptable stripping: 1
    Processed in 0.00 seconds
    starting compilation...
    finished in 0.00 seconds. Local cache hits 1 (0.00s CPU time), remote cache hits 0 (0.00s CPU time), compiled 0 variants (0.00s CPU time), skipped 0 variants
    Prepared data for serialisation in 0.00s
Compiling shader "Hidden/Universal Render Pipeline/BokehDepthOfField" pass "Bokeh Depth Of Field Prefilter" (vp)
    Full variant space:         2
    After settings filtering:   1
    After built-in stripping:   1
    After scriptable stripping: 1
    Processed in 0.00 seconds
    starting compilation...
    finished in 0.00 seconds. Local cache hits 1 (0.00s CPU time), remote cache hits 0 (0.00s CPU time), compiled 0 variants (0.00s CPU time), skipped 0 variants
    Prepared data for serialisation in 0.00s
Compiling shader "Hidden/Universal Render Pipeline/BokehDepthOfField" pass "Bokeh Depth Of Field Blur" (vp)
    Full variant space:         2
    After settings filtering:   1
    After built-in stripping:   1
    After scriptable stripping: 1
    Processed in 0.00 seconds
    starting compilation...
    finished in 0.00 seconds. Local cache hits 1 (0.00s CPU time), remote cache hits 0 (0.00s CPU time), compiled 0 variants (0.00s CPU time), skipped 0 variants
    Prepared data for serialisation in 0.00s
Compiling shader "Hidden/Universal Render Pipeline/BokehDepthOfField" pass "Bokeh Depth Of Field Post Blur" (vp)
    Full variant space:         2
    After settings filtering:   1
    After built-in stripping:   1
    After scriptable stripping: 1
    Processed in 0.00 seconds
    starting compilation...
    finished in 0.00 seconds. Local cache hits 1 (0.00s CPU time), remote cache hits 0 (0.00s CPU time), compiled 0 variants (0.00s CPU time), skipped 0 variants
    Prepared data for serialisation in 0.00s
Compiling shader "Hidden/Universal Render Pipeline/BokehDepthOfField" pass "Bokeh Depth Of Field Composite" (vp)
    Full variant space:         4
    After settings filtering:   1
    After built-in stripping:   1
    After scriptable stripping: 1
    Processed in 0.00 seconds
    starting compilation...
    finished in 0.00 seconds. Local cache hits 1 (0.00s CPU time), remote cache hits 0 (0.00s CPU time), compiled 0 variants (0.00s CPU time), skipped 0 variants
    Prepared data for serialisation in 0.00s
Compiling shader "Hidden/Universal Render Pipeline/BokehDepthOfField" pass "Bokeh Depth Of Field CoC" (vp)
    Full variant space:         2
    After settings filtering:   1
    After built-in stripping:   1
    After scriptable stripping: 1
    Processed in 0.00 seconds
    starting compilation...
    finished in 0.00 seconds. Local cache hits 1 (0.00s CPU time), remote cache hits 0 (0.00s CPU time), compiled 0 variants (0.00s CPU time), skipped 0 variants
    Prepared data for serialisation in 0.00s
Compiling shader "Hidden/Universal Render Pipeline/BokehDepthOfField" pass "Bokeh Depth Of Field Prefilter" (vp)
    Full variant space:         2
    After settings filtering:   1
    After built-in stripping:   1
    After scriptable stripping: 1
    Processed in 0.00 seconds
    starting compilation...
    finished in 0.00 seconds. Local cache hits 1 (0.00s CPU time), remote cache hits 0 (0.00s CPU time), compiled 0 variants (0.00s CPU time), skipped 0 variants
    Prepared data for serialisation in 0.00s
Compiling shader "Hidden/Universal Render Pipeline/BokehDepthOfField" pass "Bokeh Depth Of Field Blur" (vp)
    Full variant space:         2
    After settings filtering:   1
    After built-in stripping:   1
    After scriptable stripping: 1
    Processed in 0.00 seconds
    starting compilation...
    finished in 0.00 seconds. Local cache hits 1 (0.00s CPU time), remote cache hits 0 (0.00s CPU time), compiled 0 variants (0.00s CPU time), skipped 0 variants
    Prepared data for serialisation in 0.00s
Compiling shader "Hidden/Universal Render Pipeline/BokehDepthOfField" pass "Bokeh Depth Of Field Post Blur" (vp)
    Full variant space:         2
    After settings filtering:   1
    After built-in stripping:   1
    After scriptable stripping: 1
    Processed in 0.00 seconds
    starting compilation...
    finished in 0.00 seconds. Local cache hits 1 (0.00s CPU time), remote cache hits 0 (0.00s CPU time), compiled 0 variants (0.00s CPU time), skipped 0 variants
    Prepared data for serialisation in 0.00s
Compiling shader "Hidden/Universal Render Pipeline/BokehDepthOfField" pass "Bokeh Depth Of Field Composite" (vp)
    Full variant space:         4
    After settings filtering:   1
    After built-in stripping:   1
    After scriptable stripping: 1
    Processed in 0.00 seconds
    starting compilation...
    finished in 0.00 seconds. Local cache hits 1 (0.00s CPU time), remote cache hits 0 (0.00s CPU time), compiled 0 variants (0.00s CPU time), skipped 0 variants
    Prepared data for serialisation in 0.00s
Serialized binary data for shader Hidden/Universal Render Pipeline/BokehDepthOfField in 0.00s
    gles3 (total internal programs: 10, unique: 10)
Compiling shader "Hidden/Core/FallbackError" pass "" (vp)
    Full variant space:         3
    After settings filtering:   3
    After built-in stripping:   1
    After scriptable stripping: 1
    Processed in 0.00 seconds
    starting compilation...
    finished in 0.00 seconds. Local cache hits 1 (0.00s CPU time), remote cache hits 0 (0.00s CPU time), compiled 0 variants (0.00s CPU time), skipped 0 variants
    Prepared data for serialisation in 0.00s
Serialized binary data for shader Hidden/Core/FallbackError in 0.00s
    gles3 (total internal programs: 1, unique: 1)
Compiling shader "Hidden/Universal Render Pipeline/XR/XROcclusionMesh" pass "" (vp)
    Full variant space:         2
    After settings filtering:   1
    After built-in stripping:   1
    After scriptable stripping: 0
    Processed in 0.00 seconds
    Prepared data for serialisation in 0.00s
Serialized binary data for shader Hidden/Universal Render Pipeline/XR/XROcclusionMesh in 0.00s
    gles3 (total internal programs: 0, unique: 0)
Compiling shader "Hidden/Universal Render Pipeline/Edge Adaptive Spatial Upsampling" pass "EASU" (vp)
    Full variant space:         2
    After settings filtering:   1
    After built-in stripping:   1
    After scriptable stripping: 1
    Processed in 0.00 seconds
    starting compilation...
    finished in 0.00 seconds. Local cache hits 1 (0.00s CPU time), remote cache hits 0 (0.00s CPU time), compiled 0 variants (0.00s CPU time), skipped 0 variants
    Prepared data for serialisation in 0.00s
Serialized binary data for shader Hidden/Universal Render Pipeline/Edge Adaptive Spatial Upsampling in 0.00s
    gles3 (total internal programs: 1, unique: 1)
Compiling shader "Hidden/Universal/HDRDebugView" pass "" (vp)
    Full variant space:         4
    After settings filtering:   1
    After built-in stripping:   1
    After scriptable stripping: 1
    Processed in 0.00 seconds
    starting compilation...
    finished in 0.00 seconds. Local cache hits 1 (0.00s CPU time), remote cache hits 0 (0.00s CPU time), compiled 0 variants (0.00s CPU time), skipped 0 variants
    Prepared data for serialisation in 0.00s
Compiling shader "Hidden/Universal/HDRDebugView" pass "" (vp)
    Full variant space:         4
    After settings filtering:   1
    After built-in stripping:   1
    After scriptable stripping: 1
    Processed in 0.00 seconds
    starting compilation...
    finished in 0.00 seconds. Local cache hits 1 (0.00s CPU time), remote cache hits 0 (0.00s CPU time), compiled 0 variants (0.00s CPU time), skipped 0 variants
    Prepared data for serialisation in 0.00s
Serialized binary data for shader Hidden/Universal/HDRDebugView in 0.00s
    gles3 (total internal programs: 2, unique: 2)
Compiling shader "Hidden/Universal Render Pipeline/GaussianDepthOfField" pass "Gaussian Depth Of Field CoC" (vp)
    Full variant space:         1
    After settings filtering:   1
    After built-in stripping:   1
    After scriptable stripping: 1
    Processed in 0.00 seconds
    starting compilation...
    finished in 0.00 seconds. Local cache hits 1 (0.00s CPU time), remote cache hits 0 (0.00s CPU time), compiled 0 variants (0.00s CPU time), skipped 0 variants
    Prepared data for serialisation in 0.00s
Compiling shader "Hidden/Universal Render Pipeline/GaussianDepthOfField" pass "Gaussian Depth Of Field Prefilter" (vp)
    Full variant space:         4
    After settings filtering:   2
    After built-in stripping:   2
    After scriptable stripping: 2
    Processed in 0.00 seconds
    starting compilation...
    finished in 0.00 seconds. Local cache hits 2 (0.00s CPU time), remote cache hits 0 (0.00s CPU time), compiled 0 variants (0.00s CPU time), skipped 0 variants
    Prepared data for serialisation in 0.00s
Compiling shader "Hidden/Universal Render Pipeline/GaussianDepthOfField" pass "Gaussian Depth Of Field Blur Horizontal" (vp)
    Full variant space:         2
    After settings filtering:   1
    After built-in stripping:   1
    After scriptable stripping: 1
    Processed in 0.00 seconds
    starting compilation...
    finished in 0.00 seconds. Local cache hits 1 (0.00s CPU time), remote cache hits 0 (0.00s CPU time), compiled 0 variants (0.00s CPU time), skipped 0 variants
    Prepared data for serialisation in 0.00s
Compiling shader "Hidden/Universal Render Pipeline/GaussianDepthOfField" pass "Gaussian Depth Of Field Blur Vertical" (vp)
    Full variant space:         2
    After settings filtering:   1
    After built-in stripping:   1
    After scriptable stripping: 1
    Processed in 0.00 seconds
    starting compilation...
    finished in 0.00 seconds. Local cache hits 1 (0.00s CPU time), remote cache hits 0 (0.00s CPU time), compiled 0 variants (0.00s CPU time), skipped 0 variants
    Prepared data for serialisation in 0.00s
Compiling shader "Hidden/Universal Render Pipeline/GaussianDepthOfField" pass "Gaussian Depth Of Field Composite" (vp)
    Full variant space:         4
    After settings filtering:   2
    After built-in stripping:   2
    After scriptable stripping: 2
    Processed in 0.00 seconds
    starting compilation...
    finished in 0.00 seconds. Local cache hits 2 (0.00s CPU time), remote cache hits 0 (0.00s CPU time), compiled 0 variants (0.00s CPU time), skipped 0 variants
    Prepared data for serialisation in 0.00s
Serialized binary data for shader Hidden/Universal Render Pipeline/GaussianDepthOfField in 0.00s
    gles3 (total internal programs: 7, unique: 7)
Compiling shader "Hidden/Universal Render Pipeline/Bloom" pass "Bloom Prefilter" (vp)
    Full variant space:         4
    After settings filtering:   2
    After built-in stripping:   2
    After scriptable stripping: 2
    Processed in 0.00 seconds
    starting compilation...
    finished in 0.00 seconds. Local cache hits 2 (0.00s CPU time), remote cache hits 0 (0.00s CPU time), compiled 0 variants (0.00s CPU time), skipped 0 variants
    Prepared data for serialisation in 0.00s
Compiling shader "Hidden/Universal Render Pipeline/Bloom" pass "Bloom Blur Horizontal" (vp)
    Full variant space:         1
    After settings filtering:   1
    After built-in stripping:   1
    After scriptable stripping: 1
    Processed in 0.00 seconds
    starting compilation...
    finished in 0.00 seconds. Local cache hits 1 (0.00s CPU time), remote cache hits 0 (0.00s CPU time), compiled 0 variants (0.00s CPU time), skipped 0 variants
    Prepared data for serialisation in 0.00s
Compiling shader "Hidden/Universal Render Pipeline/Bloom" pass "Bloom Blur Vertical" (vp)
    Full variant space:         1
    After settings filtering:   1
    After built-in stripping:   1
    After scriptable stripping: 1
    Processed in 0.00 seconds
    starting compilation...
    finished in 0.00 seconds. Local cache hits 1 (0.00s CPU time), remote cache hits 0 (0.00s CPU time), compiled 0 variants (0.00s CPU time), skipped 0 variants
    Prepared data for serialisation in 0.00s
Compiling shader "Hidden/Universal Render Pipeline/Bloom" pass "Bloom Upsample" (vp)
    Full variant space:         2
    After settings filtering:   2
    After built-in stripping:   2
    After scriptable stripping: 2
    Processed in 0.00 seconds
    starting compilation...
    finished in 0.00 seconds. Local cache hits 2 (0.00s CPU time), remote cache hits 0 (0.00s CPU time), compiled 0 variants (0.00s CPU time), skipped 0 variants
    Prepared data for serialisation in 0.00s
Serialized binary data for shader Hidden/Universal Render Pipeline/Bloom in 0.00s
    gles3 (total internal programs: 6, unique: 6)
Compiling shader "Hidden/Universal Render Pipeline/SubpixelMorphologicalAntialiasing" pass "" (vp)
    Full variant space:         3
    After settings filtering:   3
    After built-in stripping:   3
    After scriptable stripping: 3
    Processed in 0.00 seconds
    starting compilation...
    finished in 0.00 seconds. Local cache hits 3 (0.00s CPU time), remote cache hits 0 (0.00s CPU time), compiled 0 variants (0.00s CPU time), skipped 0 variants
    Prepared data for serialisation in 0.00s
Compiling shader "Hidden/Universal Render Pipeline/SubpixelMorphologicalAntialiasing" pass "" (vp)
    Full variant space:         3
    After settings filtering:   3
    After built-in stripping:   3
    After scriptable stripping: 3
    Processed in 0.00 seconds
    starting compilation...
    finished in 0.00 seconds. Local cache hits 3 (0.00s CPU time), remote cache hits 0 (0.00s CPU time), compiled 0 variants (0.00s CPU time), skipped 0 variants
    Prepared data for serialisation in 0.00s
Compiling shader "Hidden/Universal Render Pipeline/SubpixelMorphologicalAntialiasing" pass "" (vp)
    Full variant space:         3
    After settings filtering:   3
    After built-in stripping:   3
    After scriptable stripping: 3
    Processed in 0.00 seconds
    starting compilation...
    finished in 0.00 seconds. Local cache hits 3 (0.00s CPU time), remote cache hits 0 (0.00s CPU time), compiled 0 variants (0.00s CPU time), skipped 0 variants
    Prepared data for serialisation in 0.00s
Serialized binary data for shader Hidden/Universal Render Pipeline/SubpixelMorphologicalAntialiasing in 0.00s
    gles3 (total internal programs: 9, unique: 9)
Compiling shader "Hidden/Universal Render Pipeline/LutBuilderLdr" pass "LutBuilderLdr" (vp)
    Full variant space:         1
    After settings filtering:   1
    After built-in stripping:   1
    After scriptable stripping: 1
    Processed in 0.00 seconds
    starting compilation...
    finished in 0.00 seconds. Local cache hits 1 (0.00s CPU time), remote cache hits 0 (0.00s CPU time), compiled 0 variants (0.00s CPU time), skipped 0 variants
    Prepared data for serialisation in 0.00s
Serialized binary data for shader Hidden/Universal Render Pipeline/LutBuilderLdr in 0.00s
    gles3 (total internal programs: 1, unique: 1)
Compiling shader "Hidden/Universal Render Pipeline/LensFlareDataDriven" pass "LensFlareAdditive" (vp)
    Full variant space:         8
    After settings filtering:   8
    After built-in stripping:   8
    After scriptable stripping: 8
    Processed in 0.00 seconds
    starting compilation...
    finished in 0.00 seconds. Local cache hits 8 (0.00s CPU time), remote cache hits 0 (0.00s CPU time), compiled 0 variants (0.00s CPU time), skipped 0 variants
    Prepared data for serialisation in 0.00s
Compiling shader "Hidden/Universal Render Pipeline/LensFlareDataDriven" pass "LensFlareScreen" (vp)
    Full variant space:         8
    After settings filtering:   8
    After built-in stripping:   8
    After scriptable stripping: 8
    Processed in 0.00 seconds
    starting compilation...
    finished in 0.00 seconds. Local cache hits 8 (0.00s CPU time), remote cache hits 0 (0.00s CPU time), compiled 0 variants (0.00s CPU time), skipped 0 variants
    Prepared data for serialisation in 0.00s
Compiling shader "Hidden/Universal Render Pipeline/LensFlareDataDriven" pass "LensFlarePremultiply" (vp)
    Full variant space:         8
    After settings filtering:   8
    After built-in stripping:   8
    After scriptable stripping: 8
    Processed in 0.00 seconds
    starting compilation...
    finished in 0.00 seconds. Local cache hits 8 (0.00s CPU time), remote cache hits 0 (0.00s CPU time), compiled 0 variants (0.00s CPU time), skipped 0 variants
    Prepared data for serialisation in 0.00s
Compiling shader "Hidden/Universal Render Pipeline/LensFlareDataDriven" pass "LensFlareLerp" (vp)
    Full variant space:         8
    After settings filtering:   8
    After built-in stripping:   8
    After scriptable stripping: 8
    Processed in 0.00 seconds
    starting compilation...
    finished in 0.00 seconds. Local cache hits 8 (0.00s CPU time), remote cache hits 0 (0.00s CPU time), compiled 0 variants (0.00s CPU time), skipped 0 variants
    Prepared data for serialisation in 0.00s
Compiling shader "Hidden/Universal Render Pipeline/LensFlareDataDriven" pass "LensFlareOcclusion" (vp)
    Full variant space:         1
    After settings filtering:   1
    After built-in stripping:   1
    After scriptable stripping: 1
    Processed in 0.00 seconds
    starting compilation...
    finished in 0.00 seconds. Local cache hits 1 (0.00s CPU time), remote cache hits 0 (0.00s CPU time), compiled 0 variants (0.00s CPU time), skipped 0 variants
    Prepared data for serialisation in 0.00s
Serialized binary data for shader Hidden/Universal Render Pipeline/LensFlareDataDriven in 0.00s
    gles3 (total internal programs: 33, unique: 17)
Compiling shader "Hidden/Universal Render Pipeline/LensFlareScreenSpace" pass "LensFlareScreenSpac Prefilter" (vp)
    Full variant space:         1
    After settings filtering:   1
    After built-in stripping:   1
    After scriptable stripping: 1
    Processed in 0.00 seconds
    starting compilation...
    finished in 0.00 seconds. Local cache hits 1 (0.00s CPU time), remote cache hits 0 (0.00s CPU time), compiled 0 variants (0.00s CPU time), skipped 0 variants
    Prepared data for serialisation in 0.00s
Compiling shader "Hidden/Universal Render Pipeline/LensFlareScreenSpace" pass "LensFlareScreenSpace Downsample" (vp)
    Full variant space:         1
    After settings filtering:   1
    After built-in stripping:   1
    After scriptable stripping: 1
    Processed in 0.00 seconds
    starting compilation...
    finished in 0.00 seconds. Local cache hits 1 (0.00s CPU time), remote cache hits 0 (0.00s CPU time), compiled 0 variants (0.00s CPU time), skipped 0 variants
    Prepared data for serialisation in 0.00s
Compiling shader "Hidden/Universal Render Pipeline/LensFlareScreenSpace" pass "LensFlareScreenSpace Upsample" (vp)
    Full variant space:         1
    After settings filtering:   1
    After built-in stripping:   1
    After scriptable stripping: 1
    Processed in 0.00 seconds
    starting compilation...
    finished in 0.00 seconds. Local cache hits 1 (0.00s CPU time), remote cache hits 0 (0.00s CPU time), compiled 0 variants (0.00s CPU time), skipped 0 variants
    Prepared data for serialisation in 0.00s
Compiling shader "Hidden/Universal Render Pipeline/LensFlareScreenSpace" pass "LensFlareScreenSpace Composition" (vp)
    Full variant space:         1
    After settings filtering:   1
    After built-in stripping:   1
    After scriptable stripping: 1
    Processed in 0.00 seconds
    starting compilation...
    finished in 0.00 seconds. Local cache hits 1 (0.00s CPU time), remote cache hits 0 (0.00s CPU time), compiled 0 variants (0.00s CPU time), skipped 0 variants
    Prepared data for serialisation in 0.00s
Compiling shader "Hidden/Universal Render Pipeline/LensFlareScreenSpace" pass "LensFlareScreenSpace Write to BloomTexture" (vp)
    Full variant space:         1
    After settings filtering:   1
    After built-in stripping:   1
    After scriptable stripping: 1
    Processed in 0.00 seconds
    starting compilation...
    finished in 0.00 seconds. Local cache hits 1 (0.00s CPU time), remote cache hits 0 (0.00s CPU time), compiled 0 variants (0.00s CPU time), skipped 0 variants
    Prepared data for serialisation in 0.00s
Serialized binary data for shader Hidden/Universal Render Pipeline/LensFlareScreenSpace in 0.00s
    gles3 (total internal programs: 5, unique: 5)
Compiling shader "Hidden/Universal/CoreBlit" pass "Nearest" (vp)
    Full variant space:         1
    After settings filtering:   1
    After built-in stripping:   1
    After scriptable stripping: 1
    Processed in 0.00 seconds
    starting compilation...
    finished in 0.00 seconds. Local cache hits 1 (0.00s CPU time), remote cache hits 0 (0.00s CPU time), compiled 0 variants (0.00s CPU time), skipped 0 variants
    Prepared data for serialisation in 0.00s
Compiling shader "Hidden/Universal/CoreBlit" pass "Bilinear" (vp)
    Full variant space:         1
    After settings filtering:   1
    After built-in stripping:   1
    After scriptable stripping: 1
    Processed in 0.00 seconds
    starting compilation...
    finished in 0.00 seconds. Local cache hits 1 (0.00s CPU time), remote cache hits 0 (0.00s CPU time), compiled 0 variants (0.00s CPU time), skipped 0 variants
    Prepared data for serialisation in 0.00s
Compiling shader "Hidden/Universal/CoreBlit" pass "NearestQuad" (vp)
    Full variant space:         1
    After settings filtering:   1
    After built-in stripping:   1
    After scriptable stripping: 1
    Processed in 0.00 seconds
    starting compilation...
    finished in 0.00 seconds. Local cache hits 1 (0.00s CPU time), remote cache hits 0 (0.00s CPU time), compiled 0 variants (0.00s CPU time), skipped 0 variants
    Prepared data for serialisation in 0.00s
Compiling shader "Hidden/Universal/CoreBlit" pass "BilinearQuad" (vp)
    Full variant space:         1
    After settings filtering:   1
    After built-in stripping:   1
    After scriptable stripping: 1
    Processed in 0.00 seconds
    starting compilation...
    finished in 0.00 seconds. Local cache hits 1 (0.00s CPU time), remote cache hits 0 (0.00s CPU time), compiled 0 variants (0.00s CPU time), skipped 0 variants
    Prepared data for serialisation in 0.00s
Compiling shader "Hidden/Universal/CoreBlit" pass "NearestQuadPadding" (vp)
    Full variant space:         1
    After settings filtering:   1
    After built-in stripping:   1
    After scriptable stripping: 1
    Processed in 0.00 seconds
    starting compilation...
    finished in 0.00 seconds. Local cache hits 1 (0.00s CPU time), remote cache hits 0 (0.00s CPU time), compiled 0 variants (0.00s CPU time), skipped 0 variants
    Prepared data for serialisation in 0.00s
Compiling shader "Hidden/Universal/CoreBlit" pass "BilinearQuadPadding" (vp)
    Full variant space:         1
    After settings filtering:   1
    After built-in stripping:   1
    After scriptable stripping: 1
    Processed in 0.00 seconds
    starting compilation...
    finished in 0.00 seconds. Local cache hits 1 (0.00s CPU time), remote cache hits 0 (0.00s CPU time), compiled 0 variants (0.00s CPU time), skipped 0 variants
    Prepared data for serialisation in 0.00s
Compiling shader "Hidden/Universal/CoreBlit" pass "NearestQuadPaddingRepeat" (vp)
    Full variant space:         1
    After settings filtering:   1
    After built-in stripping:   1
    After scriptable stripping: 1
    Processed in 0.00 seconds
    starting compilation...
    finished in 0.00 seconds. Local cache hits 1 (0.00s CPU time), remote cache hits 0 (0.00s CPU time), compiled 0 variants (0.00s CPU time), skipped 0 variants
    Prepared data for serialisation in 0.00s
Compiling shader "Hidden/Universal/CoreBlit" pass "BilinearQuadPaddingRepeat" (vp)
    Full variant space:         1
    After settings filtering:   1
    After built-in stripping:   1
    After scriptable stripping: 1
    Processed in 0.00 seconds
    starting compilation...
    finished in 0.00 seconds. Local cache hits 1 (0.00s CPU time), remote cache hits 0 (0.00s CPU time), compiled 0 variants (0.00s CPU time), skipped 0 variants
    Prepared data for serialisation in 0.00s
Compiling shader "Hidden/Universal/CoreBlit" pass "BilinearQuadPaddingOctahedral" (vp)
    Full variant space:         1
    After settings filtering:   1
    After built-in stripping:   1
    After scriptable stripping: 1
    Processed in 0.00 seconds
    starting compilation...
    finished in 0.00 seconds. Local cache hits 1 (0.00s CPU time), remote cache hits 0 (0.00s CPU time), compiled 0 variants (0.00s CPU time), skipped 0 variants
    Prepared data for serialisation in 0.00s
Compiling shader "Hidden/Universal/CoreBlit" pass "NearestQuadPaddingAlphaBlend" (vp)
    Full variant space:         1
    After settings filtering:   1
    After built-in stripping:   1
    After scriptable stripping: 1
    Processed in 0.00 seconds
    starting compilation...
    finished in 0.00 seconds. Local cache hits 1 (0.00s CPU time), remote cache hits 0 (0.00s CPU time), compiled 0 variants (0.00s CPU time), skipped 0 variants
    Prepared data for serialisation in 0.00s
Compiling shader "Hidden/Universal/CoreBlit" pass "BilinearQuadPaddingAlphaBlend" (vp)
    Full variant space:         1
    After settings filtering:   1
    After built-in stripping:   1
    After scriptable stripping: 1
    Processed in 0.00 seconds
    starting compilation...
    finished in 0.00 seconds. Local cache hits 1 (0.00s CPU time), remote cache hits 0 (0.00s CPU time), compiled 0 variants (0.00s CPU time), skipped 0 variants
    Prepared data for serialisation in 0.00s
Compiling shader "Hidden/Universal/CoreBlit" pass "NearestQuadPaddingAlphaBlendRepeat" (vp)
    Full variant space:         1
    After settings filtering:   1
    After built-in stripping:   1
    After scriptable stripping: 1
    Processed in 0.00 seconds
    starting compilation...
    finished in 0.00 seconds. Local cache hits 1 (0.00s CPU time), remote cache hits 0 (0.00s CPU time), compiled 0 variants (0.00s CPU time), skipped 0 variants
    Prepared data for serialisation in 0.00s
Compiling shader "Hidden/Universal/CoreBlit" pass "BilinearQuadPaddingAlphaBlendRepeat" (vp)
    Full variant space:         1
    After settings filtering:   1
    After built-in stripping:   1
    After scriptable stripping: 1
    Processed in 0.00 seconds
    starting compilation...
    finished in 0.00 seconds. Local cache hits 1 (0.00s CPU time), remote cache hits 0 (0.00s CPU time), compiled 0 variants (0.00s CPU time), skipped 0 variants
    Prepared data for serialisation in 0.00s
Compiling shader "Hidden/Universal/CoreBlit" pass "BilinearQuadPaddingAlphaBlendOctahedral" (vp)
    Full variant space:         1
    After settings filtering:   1
    After built-in stripping:   1
    After scriptable stripping: 1
    Processed in 0.00 seconds
    starting compilation...
    finished in 0.00 seconds. Local cache hits 1 (0.00s CPU time), remote cache hits 0 (0.00s CPU time), compiled 0 variants (0.00s CPU time), skipped 0 variants
    Prepared data for serialisation in 0.00s
Compiling shader "Hidden/Universal/CoreBlit" pass "CubeToOctahedral" (vp)
    Full variant space:         1
    After settings filtering:   1
    After built-in stripping:   1
    After scriptable stripping: 1
    Processed in 0.00 seconds
    starting compilation...
    finished in 0.00 seconds. Local cache hits 1 (0.00s CPU time), remote cache hits 0 (0.00s CPU time), compiled 0 variants (0.00s CPU time), skipped 0 variants
    Prepared data for serialisation in 0.00s
Compiling shader "Hidden/Universal/CoreBlit" pass "CubeToOctahedralLuminance" (vp)
    Full variant space:         1
    After settings filtering:   1
    After built-in stripping:   1
    After scriptable stripping: 1
    Processed in 0.00 seconds
    starting compilation...
    finished in 0.00 seconds. Local cache hits 1 (0.00s CPU time), remote cache hits 0 (0.00s CPU time), compiled 0 variants (0.00s CPU time), skipped 0 variants
    Prepared data for serialisation in 0.00s
Compiling shader "Hidden/Universal/CoreBlit" pass "CubeToOctahedralAlpha" (vp)
    Full variant space:         1
    After settings filtering:   1
    After built-in stripping:   1
    After scriptable stripping: 1
    Processed in 0.00 seconds
    starting compilation...
    finished in 0.00 seconds. Local cache hits 1 (0.00s CPU time), remote cache hits 0 (0.00s CPU time), compiled 0 variants (0.00s CPU time), skipped 0 variants
    Prepared data for serialisation in 0.00s
Compiling shader "Hidden/Universal/CoreBlit" pass "CubeToOctahedralRed" (vp)
    Full variant space:         1
    After settings filtering:   1
    After built-in stripping:   1
    After scriptable stripping: 1
    Processed in 0.00 seconds
    starting compilation...
    finished in 0.00 seconds. Local cache hits 1 (0.00s CPU time), remote cache hits 0 (0.00s CPU time), compiled 0 variants (0.00s CPU time), skipped 0 variants
    Prepared data for serialisation in 0.00s
Compiling shader "Hidden/Universal/CoreBlit" pass "BilinearQuadLuminance" (vp)
    Full variant space:         1
    After settings filtering:   1
    After built-in stripping:   1
    After scriptable stripping: 1
    Processed in 0.00 seconds
    starting compilation...
    finished in 0.00 seconds. Local cache hits 1 (0.00s CPU time), remote cache hits 0 (0.00s CPU time), compiled 0 variants (0.00s CPU time), skipped 0 variants
    Prepared data for serialisation in 0.00s
Compiling shader "Hidden/Universal/CoreBlit" pass "BilinearQuadAlpha" (vp)
    Full variant space:         1
    After settings filtering:   1
    After built-in stripping:   1
    After scriptable stripping: 1
    Processed in 0.00 seconds
    starting compilation...
    finished in 0.00 seconds. Local cache hits 1 (0.00s CPU time), remote cache hits 0 (0.00s CPU time), compiled 0 variants (0.00s CPU time), skipped 0 variants
    Prepared data for serialisation in 0.00s
Compiling shader "Hidden/Universal/CoreBlit" pass "BilinearQuadRed" (vp)
    Full variant space:         1
    After settings filtering:   1
    After built-in stripping:   1
    After scriptable stripping: 1
    Processed in 0.00 seconds
    starting compilation...
    finished in 0.00 seconds. Local cache hits 1 (0.00s CPU time), remote cache hits 0 (0.00s CPU time), compiled 0 variants (0.00s CPU time), skipped 0 variants
    Prepared data for serialisation in 0.00s
Compiling shader "Hidden/Universal/CoreBlit" pass "NearestCubeToOctahedralPadding" (vp)
    Full variant space:         2
    After settings filtering:   2
    After built-in stripping:   2
    After scriptable stripping: 2
    Processed in 0.00 seconds
    starting compilation...
    finished in 0.00 seconds. Local cache hits 2 (0.00s CPU time), remote cache hits 0 (0.00s CPU time), compiled 0 variants (0.00s CPU time), skipped 0 variants
    Prepared data for serialisation in 0.00s
Compiling shader "Hidden/Universal/CoreBlit" pass "BilinearCubeToOctahedralPadding" (vp)
    Full variant space:         2
    After settings filtering:   2
    After built-in stripping:   2
    After scriptable stripping: 2
    Processed in 0.00 seconds
    starting compilation...
    finished in 0.00 seconds. Local cache hits 2 (0.00s CPU time), remote cache hits 0 (0.00s CPU time), compiled 0 variants (0.00s CPU time), skipped 0 variants
    Prepared data for serialisation in 0.00s
Compiling shader "Hidden/Universal/CoreBlit" pass "BilinearDebugDraw" (vp)
    Full variant space:         4
    After settings filtering:   2
    After built-in stripping:   2
    After scriptable stripping: 2
    Processed in 0.00 seconds
    starting compilation...
    finished in 0.00 seconds. Local cache hits 2 (0.00s CPU time), remote cache hits 0 (0.00s CPU time), compiled 0 variants (0.00s CPU time), skipped 0 variants
    Prepared data for serialisation in 0.00s
Compiling shader "Hidden/Universal/CoreBlit" pass "NearestDebugDraw" (vp)
    Full variant space:         4
    After settings filtering:   2
    After built-in stripping:   2
    After scriptable stripping: 2
    Processed in 0.00 seconds
    starting compilation...
    finished in 0.00 seconds. Local cache hits 2 (0.00s CPU time), remote cache hits 0 (0.00s CPU time), compiled 0 variants (0.00s CPU time), skipped 0 variants
    Prepared data for serialisation in 0.00s
Serialized binary data for shader Hidden/Universal/CoreBlit in 0.00s
    gles3 (total internal programs: 29, unique: 15)
Compiling shader "Hidden/Universal Render Pipeline/TemporalAA" pass "TemporalAA - Accumulate - Quality Very Low" (vp)
    Full variant space:         2
    After settings filtering:   1
    After built-in stripping:   1
    After scriptable stripping: 1
    Processed in 0.00 seconds
    starting compilation...
    finished in 0.00 seconds. Local cache hits 1 (0.00s CPU time), remote cache hits 0 (0.00s CPU time), compiled 0 variants (0.00s CPU time), skipped 0 variants
    Prepared data for serialisation in 0.00s
Compiling shader "Hidden/Universal Render Pipeline/TemporalAA" pass "TemporalAA - Accumulate - Quality Low" (vp)
    Full variant space:         2
    After settings filtering:   1
    After built-in stripping:   1
    After scriptable stripping: 1
    Processed in 0.00 seconds
    starting compilation...
    finished in 0.00 seconds. Local cache hits 1 (0.00s CPU time), remote cache hits 0 (0.00s CPU time), compiled 0 variants (0.00s CPU time), skipped 0 variants
    Prepared data for serialisation in 0.00s
Compiling shader "Hidden/Universal Render Pipeline/TemporalAA" pass "TemporalAA - Accumulate - Quality Medium" (vp)
    Full variant space:         2
    After settings filtering:   1
    After built-in stripping:   1
    After scriptable stripping: 1
    Processed in 0.00 seconds
    starting compilation...
    finished in 0.00 seconds. Local cache hits 1 (0.00s CPU time), remote cache hits 0 (0.00s CPU time), compiled 0 variants (0.00s CPU time), skipped 0 variants
    Prepared data for serialisation in 0.00s
Compiling shader "Hidden/Universal Render Pipeline/TemporalAA" pass "TemporalAA - Accumulate - Quality High" (vp)
    Full variant space:         2
    After settings filtering:   1
    After built-in stripping:   1
    After scriptable stripping: 1
    Processed in 0.00 seconds
    starting compilation...
    finished in 0.00 seconds. Local cache hits 1 (0.00s CPU time), remote cache hits 0 (0.00s CPU time), compiled 0 variants (0.00s CPU time), skipped 0 variants
    Prepared data for serialisation in 0.00s
Compiling shader "Hidden/Universal Render Pipeline/TemporalAA" pass "TemporalAA - Accumulate - Quality Very High" (vp)
    Full variant space:         4
    After settings filtering:   2
    After built-in stripping:   2
    After scriptable stripping: 2
    Processed in 0.00 seconds
    starting compilation...
    finished in 0.00 seconds. Local cache hits 2 (0.00s CPU time), remote cache hits 0 (0.00s CPU time), compiled 0 variants (0.00s CPU time), skipped 0 variants
    Prepared data for serialisation in 0.00s
Compiling shader "Hidden/Universal Render Pipeline/TemporalAA" pass "TemporalAA - Copy History" (vp)
    Full variant space:         2
    After settings filtering:   1
    After built-in stripping:   1
    After scriptable stripping: 1
    Processed in 0.00 seconds
    starting compilation...
    finished in 0.00 seconds. Local cache hits 1 (0.00s CPU time), remote cache hits 0 (0.00s CPU time), compiled 0 variants (0.00s CPU time), skipped 0 variants
    Prepared data for serialisation in 0.00s
Serialized binary data for shader Hidden/Universal Render Pipeline/TemporalAA in 0.00s
    gles3 (total internal programs: 7, unique: 7)
Compiling shader "Hidden/Universal Render Pipeline/PaniniProjection" pass "Panini Projection" (vp)
    Full variant space:         2
    After settings filtering:   2
    After built-in stripping:   2
    After scriptable stripping: 2
    Processed in 0.00 seconds
    starting compilation...
    finished in 0.00 seconds. Local cache hits 2 (0.00s CPU time), remote cache hits 0 (0.00s CPU time), compiled 0 variants (0.00s CPU time), skipped 0 variants
    Prepared data for serialisation in 0.00s
Serialized binary data for shader Hidden/Universal Render Pipeline/PaniniProjection in 0.00s
    gles3 (total internal programs: 2, unique: 2)
Compiling shader "Hidden/Universal/BlitHDROverlay" pass "BilinearDebugDraw" (vp)
    Full variant space:         8
    After settings filtering:   1
    After built-in stripping:   1
    After scriptable stripping: 0
    Processed in 0.00 seconds
    Prepared data for serialisation in 0.00s
Compiling shader "Hidden/Universal/BlitHDROverlay" pass "NearestDebugDraw" (vp)
    Full variant space:         8
    After settings filtering:   1
    After built-in stripping:   1
    After scriptable stripping: 0
    Processed in 0.00 seconds
    Prepared data for serialisation in 0.00s
Serialized binary data for shader Hidden/Universal/BlitHDROverlay in 0.00s
    gles3 (total internal programs: 0, unique: 0)
Compiling shader "Hidden/Universal Render Pipeline/FinalPost" pass "FinalPost" (vp)
    Full variant space:         2560
    After settings filtering:   64
    After built-in stripping:   64
    After scriptable stripping: 48
    Processed in 0.00 seconds
    starting compilation...
    finished in 0.00 seconds. Local cache hits 48 (0.01s CPU time), remote cache hits 0 (0.00s CPU time), compiled 0 variants (0.00s CPU time), skipped 0 variants
    Prepared data for serialisation in 0.00s
Compiling shader "Hidden/Universal Render Pipeline/FinalPost" pass "FinalPost" (vp)
    Full variant space:         2560
    After settings filtering:   64
    After built-in stripping:   64
    After scriptable stripping: 48
    Processed in 0.00 seconds
    starting compilation...
    finished in 0.00 seconds. Local cache hits 48 (0.01s CPU time), remote cache hits 0 (0.00s CPU time), compiled 0 variants (0.00s CPU time), skipped 0 variants
    Prepared data for serialisation in 0.00s
Serialized binary data for shader Hidden/Universal Render Pipeline/FinalPost in 0.00s
    gles3 (total internal programs: 96, unique: 96)
Compiling shader "Hidden/Universal Render Pipeline/CameraMotionVectors" pass "Camera Motion Vectors" (vp)
    Full variant space:         1
    After settings filtering:   1
    After built-in stripping:   1
    After scriptable stripping: 1
    Processed in 0.00 seconds
    starting compilation...
    finished in 0.00 seconds. Local cache hits 1 (0.00s CPU time), remote cache hits 0 (0.00s CPU time), compiled 0 variants (0.00s CPU time), skipped 0 variants
    Prepared data for serialisation in 0.00s
Serialized binary data for shader Hidden/Universal Render Pipeline/CameraMotionVectors in 0.00s
    gles3 (total internal programs: 1, unique: 1)
Compiling shader "Hidden/Universal Render Pipeline/Debug/DebugReplacement" pass "Vertex Attributes" (vp)
    Full variant space:         2
    After settings filtering:   2
    After built-in stripping:   1
    After scriptable stripping: 1
    Processed in 0.00 seconds
    starting compilation...
    finished in 0.00 seconds. Local cache hits 1 (0.00s CPU time), remote cache hits 0 (0.00s CPU time), compiled 0 variants (0.00s CPU time), skipped 0 variants
    Prepared data for serialisation in 0.00s
Serialized binary data for shader Hidden/Universal Render Pipeline/Debug/DebugReplacement in 0.00s
    gles3 (total internal programs: 1, unique: 1)
Compiling shader "Hidden/Universal/CoreBlitColorAndDepth" pass "ColorOnly" (vp)
    Full variant space:         1
    After settings filtering:   1
    After built-in stripping:   1
    After scriptable stripping: 1
    Processed in 0.00 seconds
    starting compilation...
    finished in 0.00 seconds. Local cache hits 1 (0.00s CPU time), remote cache hits 0 (0.00s CPU time), compiled 0 variants (0.00s CPU time), skipped 0 variants
    Prepared data for serialisation in 0.00s
Compiling shader "Hidden/Universal/CoreBlitColorAndDepth" pass "ColorAndDepth" (vp)
    Full variant space:         1
    After settings filtering:   1
    After built-in stripping:   1
    After scriptable stripping: 1
    Processed in 0.00 seconds
    starting compilation...
    finished in 0.00 seconds. Local cache hits 1 (0.00s CPU time), remote cache hits 0 (0.00s CPU time), compiled 0 variants (0.00s CPU time), skipped 0 variants
    Prepared data for serialisation in 0.00s
Serialized binary data for shader Hidden/Universal/CoreBlitColorAndDepth in 0.00s
    gles3 (total internal programs: 2, unique: 2)
Compiling shader "Hidden/Universal Render Pipeline/XR/XRMirrorView" pass "" (vp)
    Full variant space:         4
    After settings filtering:   2
    After built-in stripping:   2
    After scriptable stripping: 0
    Processed in 0.00 seconds
    Prepared data for serialisation in 0.00s
Serialized binary data for shader Hidden/Universal Render Pipeline/XR/XRMirrorView in 0.00s
    gles3 (total internal programs: 0, unique: 0)
Compiling shader "Hidden/Universal Render Pipeline/CopyDepth" pass "CopyDepth" (vp)
    Full variant space:         8
    After settings filtering:   8
    After built-in stripping:   8
    After scriptable stripping: 8
    Processed in 0.00 seconds
    starting compilation...
    finished in 0.00 seconds. Local cache hits 8 (0.00s CPU time), remote cache hits 0 (0.00s CPU time), compiled 0 variants (0.00s CPU time), skipped 0 variants
    Prepared data for serialisation in 0.00s
Serialized binary data for shader Hidden/Universal Render Pipeline/CopyDepth in 0.00s
    gles3 (total internal programs: 8, unique: 8)
Compiling shader "Hidden/TerrainEngine/Details/UniversalPipeline/WavingDoublePass" pass "ForwardLit" (vp)
    Full variant space:         4423680
    After settings filtering:   1536
    After built-in stripping:   24
    After scriptable stripping: 8
    Processed in 0.00 seconds
    starting compilation...
    finished in 0.00 seconds. Local cache hits 8 (0.00s CPU time), remote cache hits 0 (0.00s CPU time), compiled 0 variants (0.00s CPU time), skipped 0 variants
    Prepared data for serialisation in 0.00s
    Prepared data for serialisation in 0.00s
Compiling shader "Hidden/TerrainEngine/Details/UniversalPipeline/WavingDoublePass" pass "DepthOnly" (vp)
    Full variant space:         2
    After settings filtering:   2
    After built-in stripping:   1
    After scriptable stripping: 1
    Processed in 0.00 seconds
    starting compilation...
    finished in 0.00 seconds. Local cache hits 1 (0.00s CPU time), remote cache hits 0 (0.00s CPU time), compiled 0 variants (0.00s CPU time), skipped 0 variants
    Prepared data for serialisation in 0.00s
Compiling shader "Hidden/TerrainEngine/Details/UniversalPipeline/WavingDoublePass" pass "DepthNormalsOnly" (vp)
    Full variant space:         8
    After settings filtering:   2
    After built-in stripping:   1
    After scriptable stripping: 1
    Processed in 0.00 seconds
    starting compilation...
    finished in 0.00 seconds. Local cache hits 1 (0.00s CPU time), remote cache hits 0 (0.00s CPU time), compiled 0 variants (0.00s CPU time), skipped 0 variants
    Prepared data for serialisation in 0.00s
Serialized binary data for shader Hidden/TerrainEngine/Details/UniversalPipeline/WavingDoublePass in 0.00s
    gles3 (total internal programs: 10, unique: 10)
Compiling shader "Hidden/Universal Render Pipeline/FallbackError" pass "" (vp)
    Full variant space:         6
    After settings filtering:   6
    After built-in stripping:   1
    After scriptable stripping: 1
    Processed in 0.00 seconds
    starting compilation...
    finished in 0.00 seconds. Local cache hits 1 (0.00s CPU time), remote cache hits 0 (0.00s CPU time), compiled 0 variants (0.00s CPU time), skipped 0 variants
    Prepared data for serialisation in 0.00s
Serialized binary data for shader Hidden/Universal Render Pipeline/FallbackError in 0.00s
    gles3 (total internal programs: 1, unique: 1)
Compiling shader "Hidden/Universal Render Pipeline/UberPost" pass "UberPost" (vp)
    Full variant space:         46080
    After settings filtering:   960
    After built-in stripping:   960
    After scriptable stripping: 432
    Processed in 0.00 seconds
    starting compilation...
    finished in 0.00 seconds. Local cache hits 432 (0.12s CPU time), remote cache hits 0 (0.00s CPU time), compiled 0 variants (0.00s CPU time), skipped 0 variants
    Prepared data for serialisation in 0.00s
Serialized binary data for shader Hidden/Universal Render Pipeline/UberPost in 0.00s
    gles3 (total internal programs: 432, unique: 432)
Compressed shader 'Hidden/Universal Render Pipeline/UberPost' on gles3 from 5.53MB to 0.10MB
Compressed shader 'Hidden/Universal Render Pipeline/UberPost' in 0.02s
Compiling shader "Hidden/Universal Render Pipeline/Scaling Setup" pass "ScalingSetup" (vp)
    Full variant space:         12
    After settings filtering:   6
    After built-in stripping:   6
    After scriptable stripping: 4
    Processed in 0.00 seconds
    starting compilation...
    finished in 0.00 seconds. Local cache hits 4 (0.00s CPU time), remote cache hits 0 (0.00s CPU time), compiled 0 variants (0.00s CPU time), skipped 0 variants
    Prepared data for serialisation in 0.00s
Serialized binary data for shader Hidden/Universal Render Pipeline/Scaling Setup in 0.00s
    gles3 (total internal programs: 4, unique: 4)
    Prepared data for serialisation in 0.00s
    Prepared data for serialisation in 0.00s
    Prepared data for serialisation in 0.00s
    Prepared data for serialisation in 0.00s
    Prepared data for serialisation in 0.00s
    Prepared data for serialisation in 0.00s
    Prepared data for serialisation in 0.00s
    Prepared data for serialisation in 0.00s
Serialized binary data for shader Hidden/Universal Render Pipeline/StencilDeferred in 0.00s
    gles3 (total internal programs: 0, unique: 0)
Compiling shader "Hidden/Universal Render Pipeline/LutBuilderHdr" pass "LutBuilderHdr" (vp)
    Full variant space:         6
    After settings filtering:   3
    After built-in stripping:   3
    After scriptable stripping: 3
    Processed in 0.00 seconds
    starting compilation...
    finished in 0.00 seconds. Local cache hits 3 (0.00s CPU time), remote cache hits 0 (0.00s CPU time), compiled 0 variants (0.00s CPU time), skipped 0 variants
    Prepared data for serialisation in 0.00s
Serialized binary data for shader Hidden/Universal Render Pipeline/LutBuilderHdr in 0.00s
    gles3 (total internal programs: 3, unique: 3)
Compiling shader "Hidden/Universal Render Pipeline/DBufferClear" pass "DBufferClear" (vp)
    Full variant space:         3
    After settings filtering:   1
    After built-in stripping:   1
    After scriptable stripping: 0
    Processed in 0.00 seconds
    Prepared data for serialisation in 0.00s
Serialized binary data for shader Hidden/Universal Render Pipeline/DBufferClear in 0.00s
    gles3 (total internal programs: 0, unique: 0)
Compiling shader "Hidden/TerrainEngine/Details/UniversalPipeline/Vertexlit" pass "TerrainDetailVertex" (vp)
    Full variant space:         184320
    After settings filtering:   256
    After built-in stripping:   8
    After scriptable stripping: 8
    Processed in 0.00 seconds
    starting compilation...
    finished in 0.00 seconds. Local cache hits 8 (0.00s CPU time), remote cache hits 0 (0.00s CPU time), compiled 0 variants (0.00s CPU time), skipped 0 variants
    Prepared data for serialisation in 0.00s
Compiling shader "Hidden/TerrainEngine/Details/UniversalPipeline/Vertexlit" pass "TerrainDetailVertex - GBuffer" (vp)
    Full variant space:         3840
    After settings filtering:   16
    After built-in stripping:   4
    After scriptable stripping: 4
    Processed in 0.00 seconds
    starting compilation...
    finished in 0.00 seconds. Local cache hits 4 (0.00s CPU time), remote cache hits 0 (0.00s CPU time), compiled 0 variants (0.00s CPU time), skipped 0 variants
    Prepared data for serialisation in 0.00s
Compiling shader "Hidden/TerrainEngine/Details/UniversalPipeline/Vertexlit" pass "DepthOnly" (vp)
    Full variant space:         2
    After settings filtering:   2
    After built-in stripping:   1
    After scriptable stripping: 1
    Processed in 0.00 seconds
    starting compilation...
    finished in 0.00 seconds. Local cache hits 1 (0.00s CPU time), remote cache hits 0 (0.00s CPU time), compiled 0 variants (0.00s CPU time), skipped 0 variants
    Prepared data for serialisation in 0.00s
Compiling shader "Hidden/TerrainEngine/Details/UniversalPipeline/Vertexlit" pass "DepthNormals" (vp)
    Full variant space:         2
    After settings filtering:   2
    After built-in stripping:   1
    After scriptable stripping: 1
    Processed in 0.00 seconds
    starting compilation...
    finished in 0.00 seconds. Local cache hits 1 (0.00s CPU time), remote cache hits 0 (0.00s CPU time), compiled 0 variants (0.00s CPU time), skipped 0 variants
    Prepared data for serialisation in 0.00s
Serialized binary data for shader Hidden/TerrainEngine/Details/UniversalPipeline/Vertexlit in 0.00s
    gles3 (total internal programs: 14, unique: 14)
Compiling shader "Hidden/Universal Render Pipeline/XR/XRMotionVector" pass "XR Camera MotionVectors" (vp)
    Full variant space:         1
    After settings filtering:   1
    After built-in stripping:   1
    After scriptable stripping: 0
    Processed in 0.00 seconds
    Prepared data for serialisation in 0.00s
Serialized binary data for shader Hidden/Universal Render Pipeline/XR/XRMotionVector in 0.00s
    gles3 (total internal programs: 0, unique: 0)
Compiling compute shader "ProbeVolumeSamplingDebugPositionNormal"
    starting stripping...
    finished in 0.00 seconds. 1 of 1 variants left
    1 variants, starting compilation...
    finished in 0.00 seconds. Local cache hits 1, remote cache hits 0, compiled 0 variants
Compiling shader "TextMeshPro/SRP/TMP_SDF-URP Lit" pass "Universal Forward" (vp)
    Full variant space:         1132462080
    After settings filtering:   6144
    After built-in stripping:   24
    After scriptable stripping: 8
    Processed in 0.00 seconds
    starting compilation...
    finished in 0.00 seconds. Local cache hits 8 (0.00s CPU time), remote cache hits 0 (0.00s CPU time), compiled 0 variants (0.00s CPU time), skipped 0 variants
    Prepared data for serialisation in 0.00s
    Prepared data for serialisation in 0.00s
Compiling shader "TextMeshPro/SRP/TMP_SDF-URP Lit" pass "ShadowCaster" (vp)
    Full variant space:         8
    After settings filtering:   8
    After built-in stripping:   2
    After scriptable stripping: 1
    Processed in 0.00 seconds
    starting compilation...
    finished in 0.00 seconds. Local cache hits 1 (0.00s CPU time), remote cache hits 0 (0.00s CPU time), compiled 0 variants (0.00s CPU time), skipped 0 variants
    Prepared data for serialisation in 0.00s
Compiling shader "TextMeshPro/SRP/TMP_SDF-URP Lit" pass "MotionVectors" (vp)
    Full variant space:         8
    After settings filtering:   4
    After built-in stripping:   1
    After scriptable stripping: 1
    Processed in 0.00 seconds
    starting compilation...
    finished in 0.00 seconds. Local cache hits 1 (0.00s CPU time), remote cache hits 0 (0.00s CPU time), compiled 0 variants (0.00s CPU time), skipped 0 variants
    Prepared data for serialisation in 0.00s
Compiling shader "TextMeshPro/SRP/TMP_SDF-URP Lit" pass "DepthNormals" (vp)
    Full variant space:         8
    After settings filtering:   4
    After built-in stripping:   1
    After scriptable stripping: 1
    Processed in 0.00 seconds
    starting compilation...
    finished in 0.00 seconds. Local cache hits 1 (0.00s CPU time), remote cache hits 0 (0.00s CPU time), compiled 0 variants (0.00s CPU time), skipped 0 variants
    Prepared data for serialisation in 0.00s
Compiling shader "TextMeshPro/SRP/TMP_SDF-URP Lit" pass "Universal 2D" (vp)
    Full variant space:         1
    After settings filtering:   1
    After built-in stripping:   1
    After scriptable stripping: 1
    Processed in 0.00 seconds
    starting compilation...
    finished in 0.00 seconds. Local cache hits 1 (0.00s CPU time), remote cache hits 0 (0.00s CPU time), compiled 0 variants (0.00s CPU time), skipped 0 variants
    Prepared data for serialisation in 0.00s
Serialized binary data for shader TextMeshPro/SRP/TMP_SDF-URP Lit in 0.00s
    gles3 (total internal programs: 12, unique: 12)
Serialized binary data for shader TextMeshPro/SRP/TMP_SDF-HDRP LIT in 0.00s
    gles3 (total internal programs: 0, unique: 0)
Serialized binary data for shader TextMeshPro/SRP/TMP_SDF-HDRP UNLIT in 0.00s
    gles3 (total internal programs: 0, unique: 0)
Compiling shader "TextMeshPro/Mobile/Distance Field - 2 Pass" pass "Outline" (vp)
    Full variant space:         8
    After settings filtering:   8
    After built-in stripping:   8
    After scriptable stripping: 8
    Processed in 0.00 seconds
    starting compilation...
    finished in 0.00 seconds. Local cache hits 8 (0.00s CPU time), remote cache hits 0 (0.00s CPU time), compiled 0 variants (0.00s CPU time), skipped 0 variants
    Prepared data for serialisation in 0.00s
Compiling shader "TextMeshPro/Mobile/Distance Field - 2 Pass" pass "Face" (vp)
    Full variant space:         4
    After settings filtering:   4
    After built-in stripping:   4
    After scriptable stripping: 4
    Processed in 0.00 seconds
    starting compilation...
    finished in 0.00 seconds. Local cache hits 4 (0.00s CPU time), remote cache hits 0 (0.00s CPU time), compiled 0 variants (0.00s CPU time), skipped 0 variants
    Prepared data for serialisation in 0.00s
Serialized binary data for shader TextMeshPro/Mobile/Distance Field - 2 Pass in 0.00s
    gles3 (total internal programs: 12, unique: 12)
Compiling shader "TextMeshPro/Distance Field" pass "" (vp)
    Full variant space:         16
    After settings filtering:   16
    After built-in stripping:   16
    After scriptable stripping: 16
    Processed in 0.00 seconds
    starting compilation...
    finished in 0.00 seconds. Local cache hits 16 (0.00s CPU time), remote cache hits 0 (0.00s CPU time), compiled 0 variants (0.00s CPU time), skipped 0 variants
    Prepared data for serialisation in 0.00s
Serialized binary data for shader TextMeshPro/Distance Field in 0.00s
    gles3 (total internal programs: 16, unique: 16)
Compiling shader "TextMeshPro/Mobile/Distance Field (Surface)" pass "FORWARD" (vp)
    Full variant space:         24
    After settings filtering:   24
    After built-in stripping:   6
    After scriptable stripping: 6
    Processed in 0.00 seconds
    starting compilation...
    finished in 0.00 seconds. Local cache hits 6 (0.00s CPU time), remote cache hits 0 (0.00s CPU time), compiled 0 variants (0.00s CPU time), skipped 0 variants
    Prepared data for serialisation in 0.00s
Compiling shader "TextMeshPro/Mobile/Distance Field (Surface)" pass "Caster" (vp)
    Full variant space:         2
    After settings filtering:   2
    After built-in stripping:   2
    After scriptable stripping: 2
    Processed in 0.00 seconds
    starting compilation...
    finished in 0.00 seconds. Local cache hits 2 (0.00s CPU time), remote cache hits 0 (0.00s CPU time), compiled 0 variants (0.00s CPU time), skipped 0 variants
    Prepared data for serialisation in 0.00s
Serialized binary data for shader TextMeshPro/Mobile/Distance Field (Surface) in 0.00s
    gles3 (total internal programs: 8, unique: 8)
Compiling shader "TextMeshPro/Mobile/Distance Field Overlay" pass "" (vp)
    Full variant space:         4
    After settings filtering:   4
    After built-in stripping:   4
    After scriptable stripping: 4
    Processed in 0.00 seconds
    starting compilation...
    finished in 0.00 seconds. Local cache hits 4 (0.00s CPU time), remote cache hits 0 (0.00s CPU time), compiled 0 variants (0.00s CPU time), skipped 0 variants
    Prepared data for serialisation in 0.00s
Serialized binary data for shader TextMeshPro/Mobile/Distance Field Overlay in 0.00s
    gles3 (total internal programs: 4, unique: 4)
Compiling shader "TextMeshPro/Mobile/Distance Field - Masking" pass "" (vp)
    Full variant space:         4
    After settings filtering:   4
    After built-in stripping:   4
    After scriptable stripping: 4
    Processed in 0.00 seconds
    starting compilation...
    finished in 0.00 seconds. Local cache hits 4 (0.00s CPU time), remote cache hits 0 (0.00s CPU time), compiled 0 variants (0.00s CPU time), skipped 0 variants
    Prepared data for serialisation in 0.00s
Serialized binary data for shader TextMeshPro/Mobile/Distance Field - Masking in 0.00s
    gles3 (total internal programs: 4, unique: 4)
Compiling shader "TextMeshPro/Sprite" pass "Default" (vp)
    Full variant space:         4
    After settings filtering:   4
    After built-in stripping:   4
    After scriptable stripping: 4
    Processed in 0.00 seconds
    starting compilation...
    finished in 0.00 seconds. Local cache hits 4 (0.00s CPU time), remote cache hits 0 (0.00s CPU time), compiled 0 variants (0.00s CPU time), skipped 0 variants
    Prepared data for serialisation in 0.00s
Serialized binary data for shader TextMeshPro/Sprite in 0.00s
    gles3 (total internal programs: 4, unique: 4)
Compiling shader "Hidden/Shader Graph/FallbackError" pass "" (vp)
    Full variant space:         4
    After settings filtering:   4
    After built-in stripping:   1
    After scriptable stripping: 1
    Processed in 0.00 seconds
    starting compilation...
    finished in 0.00 seconds. Local cache hits 1 (0.00s CPU time), remote cache hits 0 (0.00s CPU time), compiled 0 variants (0.00s CPU time), skipped 0 variants
    Prepared data for serialisation in 0.00s
Serialized binary data for shader Hidden/Shader Graph/FallbackError in 0.00s
    gles3 (total internal programs: 1, unique: 1)
Compiling shader "TextMeshPro/Distance Field (Surface)" pass "FORWARD" (vp)
    Full variant space:         48
    After settings filtering:   48
    After built-in stripping:   12
    After scriptable stripping: 12
    Processed in 0.00 seconds
    starting compilation...
    finished in 0.00 seconds. Local cache hits 12 (0.00s CPU time), remote cache hits 0 (0.00s CPU time), compiled 0 variants (0.00s CPU time), skipped 0 variants
    Prepared data for serialisation in 0.00s
Compiling shader "TextMeshPro/Distance Field (Surface)" pass "FORWARD" (vp)
    Full variant space:         40
    After settings filtering:   40
    After built-in stripping:   20
    After scriptable stripping: 20
    Processed in 0.00 seconds
    starting compilation...
    finished in 0.00 seconds. Local cache hits 20 (0.00s CPU time), remote cache hits 0 (0.00s CPU time), compiled 0 variants (0.00s CPU time), skipped 0 variants
    Prepared data for serialisation in 0.00s
Compiling shader "TextMeshPro/Distance Field (Surface)" pass "Caster" (vp)
    Full variant space:         2
    After settings filtering:   2
    After built-in stripping:   2
    After scriptable stripping: 2
    Processed in 0.00 seconds
    starting compilation...
    finished in 0.00 seconds. Local cache hits 2 (0.00s CPU time), remote cache hits 0 (0.00s CPU time), compiled 0 variants (0.00s CPU time), skipped 0 variants
    Prepared data for serialisation in 0.00s
Serialized binary data for shader TextMeshPro/Distance Field (Surface) in 0.00s
    gles3 (total internal programs: 34, unique: 34)
Compiling shader "Skybox/Procedural" pass "" (vp)
    Full variant space:         3
    After settings filtering:   3
    After built-in stripping:   3
    After scriptable stripping: 3
    Processed in 0.00 seconds
    starting compilation...
    finished in 0.00 seconds. Local cache hits 3 (0.00s CPU time), remote cache hits 0 (0.00s CPU time), compiled 0 variants (0.00s CPU time), skipped 0 variants
    Prepared data for serialisation in 0.00s
Serialized binary data for shader Skybox/Procedural in 0.00s
    gles3 (total internal programs: 3, unique: 3)
Compiling shader "Universal Render Pipeline/2D/Sprite-Unlit-Default" pass "" (vp)
    Full variant space:         6
    After settings filtering:   4
    After built-in stripping:   2
    After scriptable stripping: 2
    Processed in 0.00 seconds
    starting compilation...
    finished in 0.00 seconds. Local cache hits 2 (0.00s CPU time), remote cache hits 0 (0.00s CPU time), compiled 0 variants (0.00s CPU time), skipped 0 variants
    Prepared data for serialisation in 0.00s
Compiling shader "Universal Render Pipeline/2D/Sprite-Unlit-Default" pass "" (vp)
    Full variant space:         8
    After settings filtering:   4
    After built-in stripping:   2
    After scriptable stripping: 2
    Processed in 0.00 seconds
    starting compilation...
    finished in 0.00 seconds. Local cache hits 2 (0.00s CPU time), remote cache hits 0 (0.00s CPU time), compiled 0 variants (0.00s CPU time), skipped 0 variants
    Prepared data for serialisation in 0.00s
Serialized binary data for shader Universal Render Pipeline/2D/Sprite-Unlit-Default in 0.00s
    gles3 (total internal programs: 4, unique: 4)
Compiling shader "Deprem/Adventure Particles" pass "" (vp)
    Full variant space:         1
    After settings filtering:   1
    After built-in stripping:   1
    After scriptable stripping: 1
    Processed in 0.00 seconds
    starting compilation...
    finished in 0.00 seconds. Local cache hits 1 (0.00s CPU time), remote cache hits 0 (0.00s CPU time), compiled 0 variants (0.00s CPU time), skipped 0 variants
    Prepared data for serialisation in 0.00s
Serialized binary data for shader Deprem/Adventure Particles in 0.00s
    gles3 (total internal programs: 1, unique: 1)
Compiling shader "Universal Render Pipeline/Unlit" pass "Unlit" (vp)
    Full variant space:         1024
    After settings filtering:   32
    After built-in stripping:   4
    After scriptable stripping: 4
    Processed in 0.00 seconds
    starting compilation...
    finished in 0.00 seconds. Local cache hits 4 (0.00s CPU time), remote cache hits 0 (0.00s CPU time), compiled 0 variants (0.00s CPU time), skipped 0 variants
    Prepared data for serialisation in 0.00s
    Prepared data for serialisation in 0.00s
Compiling shader "Universal Render Pipeline/Unlit" pass "DepthOnly" (vp)
    Full variant space:         8
    After settings filtering:   8
    After built-in stripping:   2
    After scriptable stripping: 2
    Processed in 0.00 seconds
    starting compilation...
    finished in 0.00 seconds. Local cache hits 2 (0.00s CPU time), remote cache hits 0 (0.00s CPU time), compiled 0 variants (0.00s CPU time), skipped 0 variants
    Prepared data for serialisation in 0.00s
Compiling shader "Universal Render Pipeline/Unlit" pass "DepthNormalsOnly" (vp)
    Full variant space:         32
    After settings filtering:   8
    After built-in stripping:   2
    After scriptable stripping: 2
    Processed in 0.00 seconds
    starting compilation...
    finished in 0.00 seconds. Local cache hits 2 (0.00s CPU time), remote cache hits 0 (0.00s CPU time), compiled 0 variants (0.00s CPU time), skipped 0 variants
    Prepared data for serialisation in 0.00s
Compiling shader "Universal Render Pipeline/Unlit" pass "MotionVectors" (vp)
    Full variant space:         8
    After settings filtering:   8
    After built-in stripping:   2
    After scriptable stripping: 2
    Processed in 0.00 seconds
    starting compilation...
    finished in 0.00 seconds. Local cache hits 2 (0.00s CPU time), remote cache hits 0 (0.00s CPU time), compiled 0 variants (0.00s CPU time), skipped 0 variants
    Prepared data for serialisation in 0.00s
Compiling shader "Universal Render Pipeline/Unlit" pass "XRMotionVectors" (vp)
    Full variant space:         8
    After settings filtering:   8
    After built-in stripping:   2
    After scriptable stripping: 0
    Processed in 0.00 seconds
    Prepared data for serialisation in 0.00s
Serialized binary data for shader Universal Render Pipeline/Unlit in 0.00s
    gles3 (total internal programs: 10, unique: 10)
Compiling shader "Universal Render Pipeline/Lit" pass "ForwardLit" (vp)
    Full variant space:         4529848320
    After settings filtering:   24576
    After built-in stripping:   192
    After scriptable stripping: 64
    Processed in 0.00 seconds
    starting compilation...
    finished in 0.00 seconds. Local cache hits 64 (0.01s CPU time), remote cache hits 0 (0.00s CPU time), compiled 0 variants (0.00s CPU time), skipped 0 variants
    Prepared data for serialisation in 0.00s
Compiling shader "Universal Render Pipeline/Lit" pass "ShadowCaster" (vp)
    Full variant space:         16
    After settings filtering:   16
    After built-in stripping:   8
    After scriptable stripping: 4
    Processed in 0.00 seconds
    starting compilation...
    finished in 0.00 seconds. Local cache hits 4 (0.00s CPU time), remote cache hits 0 (0.00s CPU time), compiled 0 variants (0.00s CPU time), skipped 0 variants
    Prepared data for serialisation in 0.00s
    Prepared data for serialisation in 0.00s
Compiling shader "Universal Render Pipeline/Lit" pass "DepthOnly" (vp)
    Full variant space:         8
    After settings filtering:   8
    After built-in stripping:   4
    After scriptable stripping: 4
    Processed in 0.00 seconds
    starting compilation...
    finished in 0.00 seconds. Local cache hits 4 (0.00s CPU time), remote cache hits 0 (0.00s CPU time), compiled 0 variants (0.00s CPU time), skipped 0 variants
    Prepared data for serialisation in 0.00s
Compiling shader "Universal Render Pipeline/Lit" pass "DepthNormals" (vp)
    Full variant space:         32
    After settings filtering:   16
    After built-in stripping:   8
    After scriptable stripping: 8
    Processed in 0.00 seconds
    starting compilation...
    finished in 0.00 seconds. Local cache hits 8 (0.00s CPU time), remote cache hits 0 (0.00s CPU time), compiled 0 variants (0.00s CPU time), skipped 0 variants
    Prepared data for serialisation in 0.00s
Compiling shader "Universal Render Pipeline/Lit" pass "Universal2D" (vp)
    Full variant space:         2
    After settings filtering:   2
    After built-in stripping:   1
    After scriptable stripping: 0
    Processed in 0.00 seconds
    Prepared data for serialisation in 0.00s
Compiling shader "Universal Render Pipeline/Lit" pass "MotionVectors" (vp)
    Full variant space:         8
    After settings filtering:   8
    After built-in stripping:   4
    After scriptable stripping: 4
    Processed in 0.00 seconds
    starting compilation...
    finished in 0.00 seconds. Local cache hits 4 (0.00s CPU time), remote cache hits 0 (0.00s CPU time), compiled 0 variants (0.00s CPU time), skipped 0 variants
    Prepared data for serialisation in 0.00s
Compiling shader "Universal Render Pipeline/Lit" pass "XRMotionVectors" (vp)
    Full variant space:         8
    After settings filtering:   8
    After built-in stripping:   4
    After scriptable stripping: 0
    Processed in 0.00 seconds
    Prepared data for serialisation in 0.00s
Serialized binary data for shader Universal Render Pipeline/Lit in 0.00s
    gles3 (total internal programs: 84, unique: 84)
Compressed shader 'Universal Render Pipeline/Lit' on gles3 from 3.18MB to 0.29MB
Compressed shader 'Universal Render Pipeline/Lit' in 0.04s
Compiling shader "YanYana/Approved Wardrobe" pass "ForwardLit" (vp)
    Full variant space:         4529848320
    After settings filtering:   24576
    After built-in stripping:   192
    After scriptable stripping: 64
    Processed in 0.00 seconds
    starting compilation...
    finished in 0.00 seconds. Local cache hits 64 (0.02s CPU time), remote cache hits 0 (0.00s CPU time), compiled 0 variants (0.00s CPU time), skipped 0 variants
    Prepared data for serialisation in 0.00s
Compiling shader "YanYana/Approved Wardrobe" pass "ShadowCaster" (vp)
    Full variant space:         16
    After settings filtering:   16
    After built-in stripping:   8
    After scriptable stripping: 4
    Processed in 0.00 seconds
    starting compilation...
    finished in 0.00 seconds. Local cache hits 4 (0.00s CPU time), remote cache hits 0 (0.00s CPU time), compiled 0 variants (0.00s CPU time), skipped 0 variants
    Prepared data for serialisation in 0.00s
Compiling shader "YanYana/Approved Wardrobe" pass "DepthOnly" (vp)
    Full variant space:         8
    After settings filtering:   8
    After built-in stripping:   4
    After scriptable stripping: 4
    Processed in 0.00 seconds
    starting compilation...
    finished in 0.00 seconds. Local cache hits 4 (0.00s CPU time), remote cache hits 0 (0.00s CPU time), compiled 0 variants (0.00s CPU time), skipped 0 variants
    Prepared data for serialisation in 0.00s
Compiling shader "YanYana/Approved Wardrobe" pass "DepthNormals" (vp)
    Full variant space:         32
    After settings filtering:   16
    After built-in stripping:   8
    After scriptable stripping: 8
    Processed in 0.00 seconds
    starting compilation...
    finished in 0.00 seconds. Local cache hits 8 (0.00s CPU time), remote cache hits 0 (0.00s CPU time), compiled 0 variants (0.00s CPU time), skipped 0 variants
    Prepared data for serialisation in 0.00s
Compiling shader "YanYana/Approved Wardrobe" pass "Universal2D" (vp)
    Full variant space:         2
    After settings filtering:   2
    After built-in stripping:   1
    After scriptable stripping: 0
    Processed in 0.00 seconds
    Prepared data for serialisation in 0.00s
Compiling shader "YanYana/Approved Wardrobe" pass "MotionVectors" (vp)
    Full variant space:         8
    After settings filtering:   8
    After built-in stripping:   4
    After scriptable stripping: 4
    Processed in 0.00 seconds
    starting compilation...
    finished in 0.00 seconds. Local cache hits 4 (0.00s CPU time), remote cache hits 0 (0.00s CPU time), compiled 0 variants (0.00s CPU time), skipped 0 variants
    Prepared data for serialisation in 0.00s
Compiling shader "YanYana/Approved Wardrobe" pass "XRMotionVectors" (vp)
    Full variant space:         8
    After settings filtering:   8
    After built-in stripping:   4
    After scriptable stripping: 0
    Processed in 0.00 seconds
    Prepared data for serialisation in 0.00s
Serialized binary data for shader YanYana/Approved Wardrobe in 0.00s
    gles3 (total internal programs: 84, unique: 84)
Compressed shader 'YanYana/Approved Wardrobe' on gles3 from 3.41MB to 0.32MB
Compressed shader 'YanYana/Approved Wardrobe' in 0.05s
Compiling shader "TextMeshPro/Mobile/Distance Field" pass "" (vp)
    Full variant space:         16
    After settings filtering:   16
    After built-in stripping:   16
    After scriptable stripping: 16
    Processed in 0.00 seconds
    starting compilation...
    finished in 0.00 seconds. Local cache hits 16 (0.00s CPU time), remote cache hits 0 (0.00s CPU time), compiled 0 variants (0.00s CPU time), skipped 0 variants
    Prepared data for serialisation in 0.00s
Serialized binary data for shader TextMeshPro/Mobile/Distance Field in 0.00s
    gles3 (total internal programs: 16, unique: 16)
Compiling shader "Legacy Shaders/VertexLit" pass "" (vp)
    Full variant space:         12
    After settings filtering:   12
    After built-in stripping:   6
    After scriptable stripping: 6
    Processed in 0.00 seconds
    starting compilation...
    finished in 0.00 seconds. Local cache hits 6 (0.00s CPU time), remote cache hits 0 (0.00s CPU time), compiled 0 variants (0.00s CPU time), skipped 0 variants
    Prepared data for serialisation in 0.00s
Compiling shader "Legacy Shaders/VertexLit" pass "" (vp)
    Full variant space:         4
    After settings filtering:   4
    After built-in stripping:   2
    After scriptable stripping: 2
    Processed in 0.00 seconds
    starting compilation...
    finished in 0.00 seconds. Local cache hits 2 (0.00s CPU time), remote cache hits 0 (0.00s CPU time), compiled 0 variants (0.00s CPU time), skipped 0 variants
    Prepared data for serialisation in 0.00s
Compiling shader "Legacy Shaders/VertexLit" pass "ShadowCaster" (vp)
    Full variant space:         4
    After settings filtering:   4
    After built-in stripping:   2
    After scriptable stripping: 2
    Processed in 0.00 seconds
    starting compilation...
    finished in 0.00 seconds. Local cache hits 2 (0.00s CPU time), remote cache hits 0 (0.00s CPU time), compiled 0 variants (0.00s CPU time), skipped 0 variants
    Prepared data for serialisation in 0.00s
Serialized binary data for shader Legacy Shaders/VertexLit in 0.00s
    gles3 (total internal programs: 10, unique: 10)
Compiling shader "Legacy Shaders/Diffuse" pass "FORWARD" (vp)
    Full variant space:         664
    After settings filtering:   664
    After built-in stripping:   16
    After scriptable stripping: 16
    Processed in 0.00 seconds
    starting compilation...
    finished in 0.00 seconds. Local cache hits 16 (0.00s CPU time), remote cache hits 0 (0.00s CPU time), compiled 0 variants (0.00s CPU time), skipped 0 variants
    Prepared data for serialisation in 0.00s
Compiling shader "Legacy Shaders/Diffuse" pass "FORWARD" (vp)
    Full variant space:         20
    After settings filtering:   20
    After built-in stripping:   10
    After scriptable stripping: 10
    Processed in 0.00 seconds
    starting compilation...
    finished in 0.00 seconds. Local cache hits 10 (0.00s CPU time), remote cache hits 0 (0.00s CPU time), compiled 0 variants (0.00s CPU time), skipped 0 variants
    Prepared data for serialisation in 0.00s
Compiling shader "Legacy Shaders/Diffuse" pass "DEFERRED" (vp)
    Full variant space:         76
    After settings filtering:   76
    After built-in stripping:   4
    After scriptable stripping: 4
    Processed in 0.00 seconds
    starting compilation...
    finished in 0.00 seconds. Local cache hits 4 (0.00s CPU time), remote cache hits 0 (0.00s CPU time), compiled 0 variants (0.00s CPU time), skipped 0 variants
    Prepared data for serialisation in 0.00s
Serialized binary data for shader Legacy Shaders/Diffuse in 0.00s
    gles3 (total internal programs: 30, unique: 30)
Compiling shader "Hidden/Internal-StencilWrite" pass "" (vp)
    Full variant space:         1
    After settings filtering:   1
    After built-in stripping:   1
    After scriptable stripping: 1
    Processed in 0.00 seconds
    starting compilation...
    finished in 0.00 seconds. Local cache hits 1 (0.00s CPU time), remote cache hits 0 (0.00s CPU time), compiled 0 variants (0.00s CPU time), skipped 0 variants
    Prepared data for serialisation in 0.00s
Serialized binary data for shader Hidden/Internal-StencilWrite in 0.00s
    gles3 (total internal programs: 1, unique: 1)
Compiling shader "Hidden/Internal-DepthNormalsTexture" pass "" (vp)
    Full variant space:         1
    After settings filtering:   1
    After built-in stripping:   1
    After scriptable stripping: 1
    Processed in 0.00 seconds
    starting compilation...
    finished in 0.00 seconds. Local cache hits 1 (0.00s CPU time), remote cache hits 0 (0.00s CPU time), compiled 0 variants (0.00s CPU time), skipped 0 variants
    Prepared data for serialisation in 0.00s
Compiling shader "Hidden/Internal-DepthNormalsTexture" pass "" (vp)
    Full variant space:         1
    After settings filtering:   1
    After built-in stripping:   1
    After scriptable stripping: 1
    Processed in 0.00 seconds
    starting compilation...
    finished in 0.00 seconds. Local cache hits 1 (0.00s CPU time), remote cache hits 0 (0.00s CPU time), compiled 0 variants (0.00s CPU time), skipped 0 variants
    Prepared data for serialisation in 0.00s
Compiling shader "Hidden/Internal-DepthNormalsTexture" pass "" (vp)
    Full variant space:         1
    After settings filtering:   1
    After built-in stripping:   1
    After scriptable stripping: 1
    Processed in 0.00 seconds
    starting compilation...
    finished in 0.00 seconds. Local cache hits 1 (0.00s CPU time), remote cache hits 0 (0.00s CPU time), compiled 0 variants (0.00s CPU time), skipped 0 variants
    Prepared data for serialisation in 0.00s
Compiling shader "Hidden/Internal-DepthNormalsTexture" pass "" (vp)
    Full variant space:         1
    After settings filtering:   1
    After built-in stripping:   1
    After scriptable stripping: 1
    Processed in 0.00 seconds
    starting compilation...
    finished in 0.00 seconds. Local cache hits 1 (0.00s CPU time), remote cache hits 0 (0.00s CPU time), compiled 0 variants (0.00s CPU time), skipped 0 variants
    Prepared data for serialisation in 0.00s
Compiling shader "Hidden/Internal-DepthNormalsTexture" pass "" (vp)
    Full variant space:         1
    After settings filtering:   1
    After built-in stripping:   1
    After scriptable stripping: 1
    Processed in 0.00 seconds
    starting compilation...
    finished in 0.00 seconds. Local cache hits 1 (0.00s CPU time), remote cache hits 0 (0.00s CPU time), compiled 0 variants (0.00s CPU time), skipped 0 variants
    Prepared data for serialisation in 0.00s
Compiling shader "Hidden/Internal-DepthNormalsTexture" pass "" (vp)
    Full variant space:         1
    After settings filtering:   1
    After built-in stripping:   1
    After scriptable stripping: 1
    Processed in 0.00 seconds
    starting compilation...
    finished in 0.00 seconds. Local cache hits 1 (0.00s CPU time), remote cache hits 0 (0.00s CPU time), compiled 0 variants (0.00s CPU time), skipped 0 variants
    Prepared data for serialisation in 0.00s
Compiling shader "Hidden/Internal-DepthNormalsTexture" pass "" (vp)
    Full variant space:         1
    After settings filtering:   1
    After built-in stripping:   1
    After scriptable stripping: 1
    Processed in 0.00 seconds
    starting compilation...
    finished in 0.00 seconds. Local cache hits 1 (0.00s CPU time), remote cache hits 0 (0.00s CPU time), compiled 0 variants (0.00s CPU time), skipped 0 variants
    Prepared data for serialisation in 0.00s
Compiling shader "Hidden/Internal-DepthNormalsTexture" pass "" (vp)
    Full variant space:         1
    After settings filtering:   1
    After built-in stripping:   1
    After scriptable stripping: 1
    Processed in 0.00 seconds
    starting compilation...
    finished in 0.00 seconds. Local cache hits 1 (0.00s CPU time), remote cache hits 0 (0.00s CPU time), compiled 0 variants (0.00s CPU time), skipped 0 variants
    Prepared data for serialisation in 0.00s
Compiling shader "Hidden/Internal-DepthNormalsTexture" pass "" (vp)
    Full variant space:         1
    After settings filtering:   1
    After built-in stripping:   1
    After scriptable stripping: 1
    Processed in 0.00 seconds
    starting compilation...
    finished in 0.00 seconds. Local cache hits 1 (0.00s CPU time), remote cache hits 0 (0.00s CPU time), compiled 0 variants (0.00s CPU time), skipped 0 variants
    Prepared data for serialisation in 0.00s
Compiling shader "Hidden/Internal-DepthNormalsTexture" pass "" (vp)
    Full variant space:         1
    After settings filtering:   1
    After built-in stripping:   1
    After scriptable stripping: 1
    Processed in 0.00 seconds
    starting compilation...
    finished in 0.00 seconds. Local cache hits 1 (0.00s CPU time), remote cache hits 0 (0.00s CPU time), compiled 0 variants (0.00s CPU time), skipped 0 variants
    Prepared data for serialisation in 0.00s
Serialized binary data for shader Hidden/Internal-DepthNormalsTexture in 0.00s
    gles3 (total internal programs: 10, unique: 10)
Compiling shader "Hidden/Internal-ScreenSpaceShadows" pass "" (vp)
    Full variant space:         4
    After settings filtering:   4
    After built-in stripping:   4
    After scriptable stripping: 4
    Processed in 0.00 seconds
    starting compilation...
    finished in 0.00 seconds. Local cache hits 4 (0.00s CPU time), remote cache hits 0 (0.00s CPU time), compiled 0 variants (0.00s CPU time), skipped 0 variants
    Prepared data for serialisation in 0.00s
Compiling shader "Hidden/Internal-ScreenSpaceShadows" pass "" (vp)
    Full variant space:         4
    After settings filtering:   4
    After built-in stripping:   4
    After scriptable stripping: 4
    Processed in 0.00 seconds
    starting compilation...
    finished in 0.00 seconds. Local cache hits 4 (0.00s CPU time), remote cache hits 0 (0.00s CPU time), compiled 0 variants (0.00s CPU time), skipped 0 variants
    Prepared data for serialisation in 0.00s
Compiling shader "Hidden/Internal-ScreenSpaceShadows" pass "" (vp)
    Full variant space:         4
    After settings filtering:   4
    After built-in stripping:   4
    After scriptable stripping: 4
    Processed in 0.00 seconds
    starting compilation...
    finished in 0.00 seconds. Local cache hits 4 (0.00s CPU time), remote cache hits 0 (0.00s CPU time), compiled 0 variants (0.00s CPU time), skipped 0 variants
    Prepared data for serialisation in 0.00s
Compiling shader "Hidden/Internal-ScreenSpaceShadows" pass "" (vp)
    Full variant space:         4
    After settings filtering:   4
    After built-in stripping:   4
    After scriptable stripping: 4
    Processed in 0.00 seconds
    starting compilation...
    finished in 0.00 seconds. Local cache hits 4 (0.00s CPU time), remote cache hits 0 (0.00s CPU time), compiled 0 variants (0.00s CPU time), skipped 0 variants
    Prepared data for serialisation in 0.00s
Serialized binary data for shader Hidden/Internal-ScreenSpaceShadows in 0.00s
    gles3 (total internal programs: 16, unique: 16)
Compiling shader "Hidden/Internal-CombineDepthNormals" pass "" (vp)
    Full variant space:         1
    After settings filtering:   1
    After built-in stripping:   1
    After scriptable stripping: 1
    Processed in 0.00 seconds
    starting compilation...
    finished in 0.00 seconds. Local cache hits 1 (0.00s CPU time), remote cache hits 0 (0.00s CPU time), compiled 0 variants (0.00s CPU time), skipped 0 variants
    Prepared data for serialisation in 0.00s
Serialized binary data for shader Hidden/Internal-CombineDepthNormals in 0.00s
    gles3 (total internal programs: 1, unique: 1)
Compiling shader "Hidden/BlitCopy" pass "" (vp)
    Full variant space:         1
    After settings filtering:   1
    After built-in stripping:   1
    After scriptable stripping: 1
    Processed in 0.00 seconds
    starting compilation...
    finished in 0.00 seconds. Local cache hits 1 (0.00s CPU time), remote cache hits 0 (0.00s CPU time), compiled 0 variants (0.00s CPU time), skipped 0 variants
    Prepared data for serialisation in 0.00s
Serialized binary data for shader Hidden/BlitCopy in 0.00s
    gles3 (total internal programs: 1, unique: 1)
Compiling shader "Hidden/BlitCopyDepth" pass "" (vp)
    Full variant space:         1
    After settings filtering:   1
    After built-in stripping:   1
    After scriptable stripping: 1
    Processed in 0.00 seconds
    starting compilation...
    finished in 0.00 seconds. Local cache hits 1 (0.00s CPU time), remote cache hits 0 (0.00s CPU time), compiled 0 variants (0.00s CPU time), skipped 0 variants
    Prepared data for serialisation in 0.00s
Serialized binary data for shader Hidden/BlitCopyDepth in 0.00s
    gles3 (total internal programs: 1, unique: 1)
Compiling shader "Hidden/ConvertTexture" pass "" (vp)
    Full variant space:         1
    After settings filtering:   1
    After built-in stripping:   1
    After scriptable stripping: 1
    Processed in 0.00 seconds
    starting compilation...
    finished in 0.00 seconds. Local cache hits 1 (0.00s CPU time), remote cache hits 0 (0.00s CPU time), compiled 0 variants (0.00s CPU time), skipped 0 variants
    Prepared data for serialisation in 0.00s
Serialized binary data for shader Hidden/ConvertTexture in 0.00s
    gles3 (total internal programs: 1, unique: 1)
Compiling shader "Hidden/Internal-DeferredShading" pass "" (vp)
    Full variant space:         94
    After settings filtering:   94
    After built-in stripping:   26
    After scriptable stripping: 26
    Processed in 0.00 seconds
    starting compilation...
    finished in 0.00 seconds. Local cache hits 26 (0.00s CPU time), remote cache hits 0 (0.00s CPU time), compiled 0 variants (0.00s CPU time), skipped 0 variants
    Prepared data for serialisation in 0.00s
Compiling shader "Hidden/Internal-DeferredShading" pass "" (vp)
    Full variant space:         1
    After settings filtering:   1
    After built-in stripping:   1
    After scriptable stripping: 1
    Processed in 0.00 seconds
    starting compilation...
    finished in 0.00 seconds. Local cache hits 1 (0.00s CPU time), remote cache hits 0 (0.00s CPU time), compiled 0 variants (0.00s CPU time), skipped 0 variants
    Prepared data for serialisation in 0.00s
Serialized binary data for shader Hidden/Internal-DeferredShading in 0.00s
    gles3 (total internal programs: 27, unique: 27)
Compiling shader "Hidden/Internal-DeferredReflections" pass "" (vp)
    Full variant space:         1
    After settings filtering:   1
    After built-in stripping:   1
    After scriptable stripping: 1
    Processed in 0.00 seconds
    starting compilation...
    finished in 0.00 seconds. Local cache hits 1 (0.00s CPU time), remote cache hits 0 (0.00s CPU time), compiled 0 variants (0.00s CPU time), skipped 0 variants
    Prepared data for serialisation in 0.00s
Compiling shader "Hidden/Internal-DeferredReflections" pass "" (vp)
    Full variant space:         2
    After settings filtering:   2
    After built-in stripping:   2
    After scriptable stripping: 2
    Processed in 0.00 seconds
    starting compilation...
    finished in 0.00 seconds. Local cache hits 2 (0.00s CPU time), remote cache hits 0 (0.00s CPU time), compiled 0 variants (0.00s CPU time), skipped 0 variants
    Prepared data for serialisation in 0.00s
Serialized binary data for shader Hidden/Internal-DeferredReflections in 0.00s
    gles3 (total internal programs: 3, unique: 3)
Compiling shader "Hidden/Internal-MotionVectors" pass "" (vp)
    Full variant space:         1
    After settings filtering:   1
    After built-in stripping:   1
    After scriptable stripping: 1
    Processed in 0.00 seconds
    starting compilation...
    finished in 0.00 seconds. Local cache hits 1 (0.00s CPU time), remote cache hits 0 (0.00s CPU time), compiled 0 variants (0.00s CPU time), skipped 0 variants
    Prepared data for serialisation in 0.00s
Compiling shader "Hidden/Internal-MotionVectors" pass "" (vp)
    Full variant space:         1
    After settings filtering:   1
    After built-in stripping:   1
    After scriptable stripping: 1
    Processed in 0.00 seconds
    starting compilation...
    finished in 0.00 seconds. Local cache hits 1 (0.00s CPU time), remote cache hits 0 (0.00s CPU time), compiled 0 variants (0.00s CPU time), skipped 0 variants
    Prepared data for serialisation in 0.00s
Compiling shader "Hidden/Internal-MotionVectors" pass "" (vp)
    Full variant space:         1
    After settings filtering:   1
    After built-in stripping:   1
    After scriptable stripping: 1
    Processed in 0.00 seconds
    starting compilation...
    finished in 0.00 seconds. Local cache hits 1 (0.00s CPU time), remote cache hits 0 (0.00s CPU time), compiled 0 variants (0.00s CPU time), skipped 0 variants
    Prepared data for serialisation in 0.00s
Serialized binary data for shader Hidden/Internal-MotionVectors in 0.00s
    gles3 (total internal programs: 3, unique: 3)
Compiling shader "Hidden/Internal-Flare" pass "" (vp)
    Full variant space:         1
    After settings filtering:   1
    After built-in stripping:   1
    After scriptable stripping: 1
    Processed in 0.00 seconds
    starting compilation...
    finished in 0.00 seconds. Local cache hits 1 (0.00s CPU time), remote cache hits 0 (0.00s CPU time), compiled 0 variants (0.00s CPU time), skipped 0 variants
    Prepared data for serialisation in 0.00s
Serialized binary data for shader Hidden/Internal-Flare in 0.00s
    gles3 (total internal programs: 1, unique: 1)
Compiling shader "Hidden/Internal-Halo" pass "" (vp)
    Full variant space:         4
    After settings filtering:   4
    After built-in stripping:   2
    After scriptable stripping: 2
    Processed in 0.00 seconds
    starting compilation...
    finished in 0.00 seconds. Local cache hits 2 (0.00s CPU time), remote cache hits 0 (0.00s CPU time), compiled 0 variants (0.00s CPU time), skipped 0 variants
    Prepared data for serialisation in 0.00s
Serialized binary data for shader Hidden/Internal-Halo in 0.00s
    gles3 (total internal programs: 2, unique: 2)
Compiling shader "Hidden/BlitCopyWithDepth" pass "" (vp)
    Full variant space:         1
    After settings filtering:   1
    After built-in stripping:   1
    After scriptable stripping: 1
    Processed in 0.00 seconds
    starting compilation...
    finished in 0.00 seconds. Local cache hits 1 (0.00s CPU time), remote cache hits 0 (0.00s CPU time), compiled 0 variants (0.00s CPU time), skipped 0 variants
    Prepared data for serialisation in 0.00s
Serialized binary data for shader Hidden/BlitCopyWithDepth in 0.00s
    gles3 (total internal programs: 1, unique: 1)
Compiling shader "Hidden/BlitToDepth" pass "" (vp)
    Full variant space:         1
    After settings filtering:   1
    After built-in stripping:   1
    After scriptable stripping: 1
    Processed in 0.00 seconds
    starting compilation...
    finished in 0.00 seconds. Local cache hits 1 (0.00s CPU time), remote cache hits 0 (0.00s CPU time), compiled 0 variants (0.00s CPU time), skipped 0 variants
    Prepared data for serialisation in 0.00s
Serialized binary data for shader Hidden/BlitToDepth in 0.00s
    gles3 (total internal programs: 1, unique: 1)
Compiling shader "Hidden/BlitToDepth_MSAA" pass "" (vp)
    Full variant space:         1
    After settings filtering:   1
    After built-in stripping:   1
    After scriptable stripping: 1
    Processed in 0.00 seconds
    starting compilation...
    finished in 0.00 seconds. Local cache hits 1 (0.00s CPU time), remote cache hits 0 (0.00s CPU time), compiled 0 variants (0.00s CPU time), skipped 0 variants
    Prepared data for serialisation in 0.00s
Serialized binary data for shader Hidden/BlitToDepth_MSAA in 0.00s
    gles3 (total internal programs: 1, unique: 1)
Compiling shader "Hidden/BlitCopyHDRTonemap" pass "" (vp)
    Full variant space:         1
    After settings filtering:   1
    After built-in stripping:   1
    After scriptable stripping: 1
    Processed in 0.00 seconds
    starting compilation...
    finished in 0.00 seconds. Local cache hits 1 (0.00s CPU time), remote cache hits 0 (0.00s CPU time), compiled 0 variants (0.00s CPU time), skipped 0 variants
    Prepared data for serialisation in 0.00s
Serialized binary data for shader Hidden/BlitCopyHDRTonemap in 0.00s
    gles3 (total internal programs: 1, unique: 1)
Compiling shader "Hidden/Internal-DebugPattern" pass "Target Color and DepthStencil" (vp)
    Full variant space:         1
    After settings filtering:   1
    After built-in stripping:   1
    After scriptable stripping: 1
    Processed in 0.00 seconds
    starting compilation...
    finished in 0.00 seconds. Local cache hits 1 (0.00s CPU time), remote cache hits 0 (0.00s CPU time), compiled 0 variants (0.00s CPU time), skipped 0 variants
    Prepared data for serialisation in 0.00s
Compiling shader "Hidden/Internal-DebugPattern" pass "Target only Color" (vp)
    Full variant space:         1
    After settings filtering:   1
    After built-in stripping:   1
    After scriptable stripping: 1
    Processed in 0.00 seconds
    starting compilation...
    finished in 0.00 seconds. Local cache hits 1 (0.00s CPU time), remote cache hits 0 (0.00s CPU time), compiled 0 variants (0.00s CPU time), skipped 0 variants
    Prepared data for serialisation in 0.00s
Compiling shader "Hidden/Internal-DebugPattern" pass "Target only DepthStencil" (vp)
    Full variant space:         1
    After settings filtering:   1
    After built-in stripping:   1
    After scriptable stripping: 1
    Processed in 0.00 seconds
    starting compilation...
    finished in 0.00 seconds. Local cache hits 1 (0.00s CPU time), remote cache hits 0 (0.00s CPU time), compiled 0 variants (0.00s CPU time), skipped 0 variants
    Prepared data for serialisation in 0.00s
Serialized binary data for shader Hidden/Internal-DebugPattern in 0.00s
    gles3 (total internal programs: 3, unique: 3)
Compiling shader "Hidden/Internal-GUITextureClip" pass "" (vp)
    Full variant space:         1
    After settings filtering:   1
    After built-in stripping:   1
    After scriptable stripping: 1
    Processed in 0.00 seconds
    starting compilation...
    finished in 0.00 seconds. Local cache hits 1 (0.00s CPU time), remote cache hits 0 (0.00s CPU time), compiled 0 variants (0.00s CPU time), skipped 0 variants
    Prepared data for serialisation in 0.00s
Compiling shader "Hidden/Internal-GUITextureClip" pass "" (vp)
    Full variant space:         1
    After settings filtering:   1
    After built-in stripping:   1
    After scriptable stripping: 1
    Processed in 0.00 seconds
    starting compilation...
    finished in 0.00 seconds. Local cache hits 1 (0.00s CPU time), remote cache hits 0 (0.00s CPU time), compiled 0 variants (0.00s CPU time), skipped 0 variants
    Prepared data for serialisation in 0.00s
Serialized binary data for shader Hidden/Internal-GUITextureClip in 0.00s
    gles3 (total internal programs: 2, unique: 1)
Compiling shader "Hidden/Internal-GUITextureClipText" pass "" (vp)
    Full variant space:         1
    After settings filtering:   1
    After built-in stripping:   1
    After scriptable stripping: 1
    Processed in 0.00 seconds
    starting compilation...
    finished in 0.00 seconds. Local cache hits 1 (0.00s CPU time), remote cache hits 0 (0.00s CPU time), compiled 0 variants (0.00s CPU time), skipped 0 variants
    Prepared data for serialisation in 0.00s
Compiling shader "Hidden/Internal-GUITextureClipText" pass "" (vp)
    Full variant space:         1
    After settings filtering:   1
    After built-in stripping:   1
    After scriptable stripping: 1
    Processed in 0.00 seconds
    starting compilation...
    finished in 0.00 seconds. Local cache hits 1 (0.00s CPU time), remote cache hits 0 (0.00s CPU time), compiled 0 variants (0.00s CPU time), skipped 0 variants
    Prepared data for serialisation in 0.00s
Serialized binary data for shader Hidden/Internal-GUITextureClipText in 0.00s
    gles3 (total internal programs: 2, unique: 1)
Compiling shader "Hidden/Internal-GUITexture" pass "" (vp)
    Full variant space:         1
    After settings filtering:   1
    After built-in stripping:   1
    After scriptable stripping: 1
    Processed in 0.00 seconds
    starting compilation...
    finished in 0.00 seconds. Local cache hits 1 (0.00s CPU time), remote cache hits 0 (0.00s CPU time), compiled 0 variants (0.00s CPU time), skipped 0 variants
    Prepared data for serialisation in 0.00s
Compiling shader "Hidden/Internal-GUITexture" pass "" (vp)
    Full variant space:         1
    After settings filtering:   1
    After built-in stripping:   1
    After scriptable stripping: 1
    Processed in 0.00 seconds
    starting compilation...
    finished in 0.00 seconds. Local cache hits 1 (0.00s CPU time), remote cache hits 0 (0.00s CPU time), compiled 0 variants (0.00s CPU time), skipped 0 variants
    Prepared data for serialisation in 0.00s
Serialized binary data for shader Hidden/Internal-GUITexture in 0.00s
    gles3 (total internal programs: 2, unique: 1)
Compiling shader "Hidden/Internal-GUITextureBlit" pass "" (vp)
    Full variant space:         1
    After settings filtering:   1
    After built-in stripping:   1
    After scriptable stripping: 1
    Processed in 0.00 seconds
    starting compilation...
    finished in 0.00 seconds. Local cache hits 1 (0.00s CPU time), remote cache hits 0 (0.00s CPU time), compiled 0 variants (0.00s CPU time), skipped 0 variants
    Prepared data for serialisation in 0.00s
Compiling shader "Hidden/Internal-GUITextureBlit" pass "" (vp)
    Full variant space:         1
    After settings filtering:   1
    After built-in stripping:   1
    After scriptable stripping: 1
    Processed in 0.00 seconds
    starting compilation...
    finished in 0.00 seconds. Local cache hits 1 (0.00s CPU time), remote cache hits 0 (0.00s CPU time), compiled 0 variants (0.00s CPU time), skipped 0 variants
    Prepared data for serialisation in 0.00s
Serialized binary data for shader Hidden/Internal-GUITextureBlit in 0.00s
    gles3 (total internal programs: 2, unique: 1)
Compiling shader "Hidden/Internal-GUIRoundedRect" pass "" (vp)
    Full variant space:         1
    After settings filtering:   1
    After built-in stripping:   1
    After scriptable stripping: 1
    Processed in 0.00 seconds
    starting compilation...
    finished in 0.00 seconds. Local cache hits 1 (0.00s CPU time), remote cache hits 0 (0.00s CPU time), compiled 0 variants (0.00s CPU time), skipped 0 variants
    Prepared data for serialisation in 0.00s
Compiling shader "Hidden/Internal-GUIRoundedRect" pass "" (vp)
    Full variant space:         1
    After settings filtering:   1
    After built-in stripping:   1
    After scriptable stripping: 1
    Processed in 0.00 seconds
    starting compilation...
    finished in 0.00 seconds. Local cache hits 1 (0.00s CPU time), remote cache hits 0 (0.00s CPU time), compiled 0 variants (0.00s CPU time), skipped 0 variants
    Prepared data for serialisation in 0.00s
Serialized binary data for shader Hidden/Internal-GUIRoundedRect in 0.00s
    gles3 (total internal programs: 2, unique: 1)
Compiling shader "Hidden/Internal-GUIRoundedRectWithColorPerBorder" pass "" (vp)
    Full variant space:         1
    After settings filtering:   1
    After built-in stripping:   1
    After scriptable stripping: 1
    Processed in 0.00 seconds
    starting compilation...
    finished in 0.00 seconds. Local cache hits 1 (0.00s CPU time), remote cache hits 0 (0.00s CPU time), compiled 0 variants (0.00s CPU time), skipped 0 variants
    Prepared data for serialisation in 0.00s
Compiling shader "Hidden/Internal-GUIRoundedRectWithColorPerBorder" pass "" (vp)
    Full variant space:         1
    After settings filtering:   1
    After built-in stripping:   1
    After scriptable stripping: 1
    Processed in 0.00 seconds
    starting compilation...
    finished in 0.00 seconds. Local cache hits 1 (0.00s CPU time), remote cache hits 0 (0.00s CPU time), compiled 0 variants (0.00s CPU time), skipped 0 variants
    Prepared data for serialisation in 0.00s
Serialized binary data for shader Hidden/Internal-GUIRoundedRectWithColorPerBorder in 0.00s
    gles3 (total internal programs: 2, unique: 1)
Compiling shader "Hidden/Internal-UIRDefault" pass "" (vp)
    Full variant space:         2
    After settings filtering:   2
    After built-in stripping:   2
    After scriptable stripping: 2
    Processed in 0.00 seconds
    starting compilation...
    finished in 0.00 seconds. Local cache hits 2 (0.00s CPU time), remote cache hits 0 (0.00s CPU time), compiled 0 variants (0.00s CPU time), skipped 0 variants
    Prepared data for serialisation in 0.00s
Serialized binary data for shader Hidden/Internal-UIRDefault in 0.00s
    gles3 (total internal programs: 2, unique: 2)
Compiling shader "Hidden/Internal-UIRAtlasBlitCopy" pass "" (vp)
    Full variant space:         1
    After settings filtering:   1
    After built-in stripping:   1
    After scriptable stripping: 1
    Processed in 0.00 seconds
    starting compilation...
    finished in 0.00 seconds. Local cache hits 1 (0.00s CPU time), remote cache hits 0 (0.00s CPU time), compiled 0 variants (0.00s CPU time), skipped 0 variants
    Prepared data for serialisation in 0.00s
Serialized binary data for shader Hidden/Internal-UIRAtlasBlitCopy in 0.00s
    gles3 (total internal programs: 1, unique: 1)
Compiling shader "Hidden/Internal-UIRDefaultWorld" pass "" (vp)
    Full variant space:         1
    After settings filtering:   1
    After built-in stripping:   1
    After scriptable stripping: 1
    Processed in 0.00 seconds
    starting compilation...
    finished in 0.00 seconds. Local cache hits 1 (0.00s CPU time), remote cache hits 0 (0.00s CPU time), compiled 0 variants (0.00s CPU time), skipped 0 variants
    Prepared data for serialisation in 0.00s
Serialized binary data for shader Hidden/Internal-UIRDefaultWorld in 0.00s
    gles3 (total internal programs: 1, unique: 1)
Compiling shader "Sprites/Default" pass "" (vp)
    Full variant space:         8
    After settings filtering:   8
    After built-in stripping:   4
    After scriptable stripping: 4
    Processed in 0.00 seconds
    starting compilation...
    finished in 0.00 seconds. Local cache hits 4 (0.00s CPU time), remote cache hits 0 (0.00s CPU time), compiled 0 variants (0.00s CPU time), skipped 0 variants
    Prepared data for serialisation in 0.00s
Serialized binary data for shader Sprites/Default in 0.00s
    gles3 (total internal programs: 4, unique: 4)
Compiling shader "Sprites/Mask" pass "" (vp)
    Full variant space:         4
    After settings filtering:   4
    After built-in stripping:   4
    After scriptable stripping: 4
    Processed in 0.00 seconds
    starting compilation...
    finished in 0.00 seconds. Local cache hits 4 (0.00s CPU time), remote cache hits 0 (0.00s CPU time), compiled 0 variants (0.00s CPU time), skipped 0 variants
    Prepared data for serialisation in 0.00s
Serialized binary data for shader Sprites/Mask in 0.00s
    gles3 (total internal programs: 4, unique: 4)
Compiling shader "UI/Default" pass "Default" (vp)
    Full variant space:         4
    After settings filtering:   4
    After built-in stripping:   4
    After scriptable stripping: 4
    Processed in 0.00 seconds
    starting compilation...
    finished in 0.00 seconds. Local cache hits 4 (0.00s CPU time), remote cache hits 0 (0.00s CPU time), compiled 0 variants (0.00s CPU time), skipped 0 variants
    Prepared data for serialisation in 0.00s
Serialized binary data for shader UI/Default in 0.00s
    gles3 (total internal programs: 4, unique: 4)
Compiling shader "UI/DefaultETC1" pass "Default" (vp)
    Full variant space:         4
    After settings filtering:   4
    After built-in stripping:   4
    After scriptable stripping: 4
    Processed in 0.00 seconds
    starting compilation...
    finished in 0.00 seconds. Local cache hits 4 (0.00s CPU time), remote cache hits 0 (0.00s CPU time), compiled 0 variants (0.00s CPU time), skipped 0 variants
    Prepared data for serialisation in 0.00s
Serialized binary data for shader UI/DefaultETC1 in 0.00s
    gles3 (total internal programs: 4, unique: 4)
Compiling shader "Hidden/CubeBlur" pass "" (vp)
    Full variant space:         1
    After settings filtering:   1
    After built-in stripping:   1
    After scriptable stripping: 1
    Processed in 0.00 seconds
    starting compilation...
    finished in 0.00 seconds. Local cache hits 1 (0.00s CPU time), remote cache hits 0 (0.00s CPU time), compiled 0 variants (0.00s CPU time), skipped 0 variants
    Prepared data for serialisation in 0.00s
Compiling shader "Hidden/CubeBlur" pass "" (vp)
    Full variant space:         1
    After settings filtering:   1
    After built-in stripping:   1
    After scriptable stripping: 1
    Processed in 0.00 seconds
    starting compilation...
    finished in 0.00 seconds. Local cache hits 1 (0.00s CPU time), remote cache hits 0 (0.00s CPU time), compiled 0 variants (0.00s CPU time), skipped 0 variants
    Prepared data for serialisation in 0.00s
Serialized binary data for shader Hidden/CubeBlur in 0.00s
    gles3 (total internal programs: 2, unique: 2)
Compiling shader "Hidden/CubeCopy" pass "" (vp)
    Full variant space:         1
    After settings filtering:   1
    After built-in stripping:   1
    After scriptable stripping: 1
    Processed in 0.00 seconds
    starting compilation...
    finished in 0.00 seconds. Local cache hits 1 (0.00s CPU time), remote cache hits 0 (0.00s CPU time), compiled 0 variants (0.00s CPU time), skipped 0 variants
    Prepared data for serialisation in 0.00s
Compiling shader "Hidden/CubeCopy" pass "" (vp)
    Full variant space:         1
    After settings filtering:   1
    After built-in stripping:   1
    After scriptable stripping: 1
    Processed in 0.00 seconds
    starting compilation...
    finished in 0.00 seconds. Local cache hits 1 (0.00s CPU time), remote cache hits 0 (0.00s CPU time), compiled 0 variants (0.00s CPU time), skipped 0 variants
    Prepared data for serialisation in 0.00s
Serialized binary data for shader Hidden/CubeCopy in 0.00s
    gles3 (total internal programs: 2, unique: 1)
Compiling shader "Hidden/CubeBlend" pass "" (vp)
    Full variant space:         1
    After settings filtering:   1
    After built-in stripping:   1
    After scriptable stripping: 1
    Processed in 0.00 seconds
    starting compilation...
    finished in 0.00 seconds. Local cache hits 1 (0.00s CPU time), remote cache hits 0 (0.00s CPU time), compiled 0 variants (0.00s CPU time), skipped 0 variants
    Prepared data for serialisation in 0.00s
Compiling shader "Hidden/CubeBlend" pass "" (vp)
    Full variant space:         1
    After settings filtering:   1
    After built-in stripping:   1
    After scriptable stripping: 1
    Processed in 0.00 seconds
    starting compilation...
    finished in 0.00 seconds. Local cache hits 1 (0.00s CPU time), remote cache hits 0 (0.00s CPU time), compiled 0 variants (0.00s CPU time), skipped 0 variants
    Prepared data for serialisation in 0.00s
Serialized binary data for shader Hidden/CubeBlend in 0.00s
    gles3 (total internal programs: 2, unique: 1)
Compiling shader "Hidden/VR/BlitTexArraySlice" pass "" (vp)
    Full variant space:         1
    After settings filtering:   1
    After built-in stripping:   1
    After scriptable stripping: 1
    Processed in 0.00 seconds
    starting compilation...
    finished in 0.00 seconds. Local cache hits 1 (0.00s CPU time), remote cache hits 0 (0.00s CPU time), compiled 0 variants (0.00s CPU time), skipped 0 variants
    Prepared data for serialisation in 0.00s
Serialized binary data for shader Hidden/VR/BlitTexArraySlice in 0.00s
    gles3 (total internal programs: 1, unique: 1)
Compiling shader "Hidden/Internal-ODSWorldTexture" pass "" (vp)
    Full variant space:         1
    After settings filtering:   1
    After built-in stripping:   1
    After scriptable stripping: 1
    Processed in 0.00 seconds
    starting compilation...
    finished in 0.00 seconds. Local cache hits 1 (0.00s CPU time), remote cache hits 0 (0.00s CPU time), compiled 0 variants (0.00s CPU time), skipped 0 variants
    Prepared data for serialisation in 0.00s
Compiling shader "Hidden/Internal-ODSWorldTexture" pass "" (vp)
    Full variant space:         1
    After settings filtering:   1
    After built-in stripping:   1
    After scriptable stripping: 1
    Processed in 0.00 seconds
    starting compilation...
    finished in 0.00 seconds. Local cache hits 1 (0.00s CPU time), remote cache hits 0 (0.00s CPU time), compiled 0 variants (0.00s CPU time), skipped 0 variants
    Prepared data for serialisation in 0.00s
Compiling shader "Hidden/Internal-ODSWorldTexture" pass "" (vp)
    Full variant space:         1
    After settings filtering:   1
    After built-in stripping:   1
    After scriptable stripping: 1
    Processed in 0.00 seconds
    starting compilation...
    finished in 0.00 seconds. Local cache hits 1 (0.00s CPU time), remote cache hits 0 (0.00s CPU time), compiled 0 variants (0.00s CPU time), skipped 0 variants
    Prepared data for serialisation in 0.00s
Compiling shader "Hidden/Internal-ODSWorldTexture" pass "" (vp)
    Full variant space:         1
    After settings filtering:   1
    After built-in stripping:   1
    After scriptable stripping: 1
    Processed in 0.00 seconds
    starting compilation...
    finished in 0.00 seconds. Local cache hits 1 (0.00s CPU time), remote cache hits 0 (0.00s CPU time), compiled 0 variants (0.00s CPU time), skipped 0 variants
    Prepared data for serialisation in 0.00s
Compiling shader "Hidden/Internal-ODSWorldTexture" pass "" (vp)
    Full variant space:         1
    After settings filtering:   1
    After built-in stripping:   1
    After scriptable stripping: 1
    Processed in 0.00 seconds
    starting compilation...
    finished in 0.00 seconds. Local cache hits 1 (0.00s CPU time), remote cache hits 0 (0.00s CPU time), compiled 0 variants (0.00s CPU time), skipped 0 variants
    Prepared data for serialisation in 0.00s
Compiling shader "Hidden/Internal-ODSWorldTexture" pass "" (vp)
    Full variant space:         1
    After settings filtering:   1
    After built-in stripping:   1
    After scriptable stripping: 1
    Processed in 0.00 seconds
    starting compilation...
    finished in 0.00 seconds. Local cache hits 1 (0.00s CPU time), remote cache hits 0 (0.00s CPU time), compiled 0 variants (0.00s CPU time), skipped 0 variants
    Prepared data for serialisation in 0.00s
Compiling shader "Hidden/Internal-ODSWorldTexture" pass "" (vp)
    Full variant space:         1
    After settings filtering:   1
    After built-in stripping:   1
    After scriptable stripping: 1
    Processed in 0.00 seconds
    starting compilation...
    finished in 0.00 seconds. Local cache hits 1 (0.00s CPU time), remote cache hits 0 (0.00s CPU time), compiled 0 variants (0.00s CPU time), skipped 0 variants
    Prepared data for serialisation in 0.00s
Compiling shader "Hidden/Internal-ODSWorldTexture" pass "" (vp)
    Full variant space:         1
    After settings filtering:   1
    After built-in stripping:   1
    After scriptable stripping: 1
    Processed in 0.00 seconds
    starting compilation...
    finished in 0.00 seconds. Local cache hits 1 (0.00s CPU time), remote cache hits 0 (0.00s CPU time), compiled 0 variants (0.00s CPU time), skipped 0 variants
    Prepared data for serialisation in 0.00s
Compiling shader "Hidden/Internal-ODSWorldTexture" pass "" (vp)
    Full variant space:         1
    After settings filtering:   1
    After built-in stripping:   1
    After scriptable stripping: 1
    Processed in 0.00 seconds
    starting compilation...
    finished in 0.00 seconds. Local cache hits 1 (0.00s CPU time), remote cache hits 0 (0.00s CPU time), compiled 0 variants (0.00s CPU time), skipped 0 variants
    Prepared data for serialisation in 0.00s
Compiling shader "Hidden/Internal-ODSWorldTexture" pass "" (vp)
    Full variant space:         1
    After settings filtering:   1
    After built-in stripping:   1
    After scriptable stripping: 1
    Processed in 0.00 seconds
    starting compilation...
    finished in 0.00 seconds. Local cache hits 1 (0.00s CPU time), remote cache hits 0 (0.00s CPU time), compiled 0 variants (0.00s CPU time), skipped 0 variants
    Prepared data for serialisation in 0.00s
Serialized binary data for shader Hidden/Internal-ODSWorldTexture in 0.00s
    gles3 (total internal programs: 10, unique: 9)
Compiling shader "Hidden/Internal-CubemapToEquirect" pass "" (vp)
    Full variant space:         1
    After settings filtering:   1
    After built-in stripping:   1
    After scriptable stripping: 1
    Processed in 0.00 seconds
    starting compilation...
    finished in 0.00 seconds. Local cache hits 1 (0.00s CPU time), remote cache hits 0 (0.00s CPU time), compiled 0 variants (0.00s CPU time), skipped 0 variants
    Prepared data for serialisation in 0.00s
Serialized binary data for shader Hidden/Internal-CubemapToEquirect in 0.00s
    gles3 (total internal programs: 1, unique: 1)
Compiling shader "Hidden/VR/BlitFromTex2DToTexArraySlice" pass "" (vp)
    Full variant space:         1
    After settings filtering:   1
    After built-in stripping:   1
    After scriptable stripping: 1
    Processed in 0.00 seconds
    starting compilation...
    finished in 0.00 seconds. Local cache hits 1 (0.00s CPU time), remote cache hits 0 (0.00s CPU time), compiled 0 variants (0.00s CPU time), skipped 0 variants
    Prepared data for serialisation in 0.00s
Compiling shader "Hidden/VR/BlitFromTex2DToTexArraySlice" pass "" (vp)
    Full variant space:         1
    After settings filtering:   1
    After built-in stripping:   1
    After scriptable stripping: 1
    Processed in 0.00 seconds
    starting compilation...
    finished in 0.00 seconds. Local cache hits 1 (0.00s CPU time), remote cache hits 0 (0.00s CPU time), compiled 0 variants (0.00s CPU time), skipped 0 variants
    Prepared data for serialisation in 0.00s
Serialized binary data for shader Hidden/VR/BlitFromTex2DToTexArraySlice in 0.00s
    gles3 (total internal programs: 2, unique: 2)
Compiling shader "Hidden/VideoComposite" pass "Default" (vp)
    Full variant space:         1
    After settings filtering:   1
    After built-in stripping:   1
    After scriptable stripping: 1
    Processed in 0.00 seconds
    starting compilation...
    finished in 0.00 seconds. Local cache hits 1 (0.00s CPU time), remote cache hits 0 (0.00s CPU time), compiled 0 variants (0.00s CPU time), skipped 0 variants
    Prepared data for serialisation in 0.00s
Serialized binary data for shader Hidden/VideoComposite in 0.00s
    gles3 (total internal programs: 1, unique: 1)
Compiling shader "Hidden/VideoDecode" pass "YCbCr_To_RGB1" (vp)
    Full variant space:         2
    After settings filtering:   2
    After built-in stripping:   2
    After scriptable stripping: 2
    Processed in 0.00 seconds
    starting compilation...
    finished in 0.00 seconds. Local cache hits 2 (0.00s CPU time), remote cache hits 0 (0.00s CPU time), compiled 0 variants (0.00s CPU time), skipped 0 variants
    Prepared data for serialisation in 0.00s
Compiling shader "Hidden/VideoDecode" pass "YCbCrA_To_RGBAFull" (vp)
    Full variant space:         2
    After settings filtering:   2
    After built-in stripping:   2
    After scriptable stripping: 2
    Processed in 0.00 seconds
    starting compilation...
    finished in 0.00 seconds. Local cache hits 2 (0.00s CPU time), remote cache hits 0 (0.00s CPU time), compiled 0 variants (0.00s CPU time), skipped 0 variants
    Prepared data for serialisation in 0.00s
Compiling shader "Hidden/VideoDecode" pass "YCbCrA_To_RGBA" (vp)
    Full variant space:         2
    After settings filtering:   2
    After built-in stripping:   2
    After scriptable stripping: 2
    Processed in 0.00 seconds
    starting compilation...
    finished in 0.00 seconds. Local cache hits 2 (0.00s CPU time), remote cache hits 0 (0.00s CPU time), compiled 0 variants (0.00s CPU time), skipped 0 variants
    Prepared data for serialisation in 0.00s
Compiling shader "Hidden/VideoDecode" pass "Flip_RGBA_To_RGBA" (vp)
    Full variant space:         2
    After settings filtering:   2
    After built-in stripping:   2
    After scriptable stripping: 2
    Processed in 0.00 seconds
    starting compilation...
    finished in 0.00 seconds. Local cache hits 2 (0.00s CPU time), remote cache hits 0 (0.00s CPU time), compiled 0 variants (0.00s CPU time), skipped 0 variants
    Prepared data for serialisation in 0.00s
Compiling shader "Hidden/VideoDecode" pass "Flip_RGBASplit_To_RGBA" (vp)
    Full variant space:         2
    After settings filtering:   2
    After built-in stripping:   2
    After scriptable stripping: 2
    Processed in 0.00 seconds
    starting compilation...
    finished in 0.00 seconds. Local cache hits 2 (0.00s CPU time), remote cache hits 0 (0.00s CPU time), compiled 0 variants (0.00s CPU time), skipped 0 variants
    Prepared data for serialisation in 0.00s
Compiling shader "Hidden/VideoDecode" pass "Flip_NV12_To_RGB1" (vp)
    Full variant space:         2
    After settings filtering:   2
    After built-in stripping:   2
    After scriptable stripping: 2
    Processed in 0.00 seconds
    starting compilation...
    finished in 0.00 seconds. Local cache hits 2 (0.00s CPU time), remote cache hits 0 (0.00s CPU time), compiled 0 variants (0.00s CPU time), skipped 0 variants
    Prepared data for serialisation in 0.00s
Compiling shader "Hidden/VideoDecode" pass "Flip_NV12_To_RGBA" (vp)
    Full variant space:         2
    After settings filtering:   2
    After built-in stripping:   2
    After scriptable stripping: 2
    Processed in 0.00 seconds
    starting compilation...
    finished in 0.00 seconds. Local cache hits 2 (0.00s CPU time), remote cache hits 0 (0.00s CPU time), compiled 0 variants (0.00s CPU time), skipped 0 variants
    Prepared data for serialisation in 0.00s
Compiling shader "Hidden/VideoDecode" pass "Flip_P010_To_RGB1" (vp)
    Full variant space:         1
    After settings filtering:   1
    After built-in stripping:   1
    After scriptable stripping: 1
    Processed in 0.00 seconds
    starting compilation...
    finished in 0.00 seconds. Local cache hits 1 (0.00s CPU time), remote cache hits 0 (0.00s CPU time), compiled 0 variants (0.00s CPU time), skipped 0 variants
    Prepared data for serialisation in 0.00s
Serialized binary data for shader Hidden/VideoDecode in 0.00s
    gles3 (total internal programs: 15, unique: 15)
Compiling shader "Hidden/VideoDecodeAndroid" pass "RGBAExternal_To_RGBA" (vp)
    Full variant space:         2
    After settings filtering:   2
    After built-in stripping:   2
    After scriptable stripping: 2
    Processed in 0.00 seconds
    starting compilation...
    finished in 0.00 seconds. Local cache hits 2 (0.00s CPU time), remote cache hits 0 (0.00s CPU time), compiled 0 variants (0.00s CPU time), skipped 0 variants
    Prepared data for serialisation in 0.00s
Compiling shader "Hidden/VideoDecodeAndroid" pass "RGBASplitExternal_To_RGBA" (vp)
    Full variant space:         2
    After settings filtering:   2
    After built-in stripping:   2
    After scriptable stripping: 2
    Processed in 0.00 seconds
    starting compilation...
    finished in 0.00 seconds. Local cache hits 2 (0.00s CPU time), remote cache hits 0 (0.00s CPU time), compiled 0 variants (0.00s CPU time), skipped 0 variants
    Prepared data for serialisation in 0.00s
Serialized binary data for shader Hidden/VideoDecodeAndroid in 0.00s
    gles3 (total internal programs: 4, unique: 4)
Compiling shader "Hidden/TextCore/Distance Field SSD" pass "" (vp)
    Full variant space:         1
    After settings filtering:   1
    After built-in stripping:   1
    After scriptable stripping: 1
    Processed in 0.00 seconds
    starting compilation...
    finished in 0.00 seconds. Local cache hits 1 (0.00s CPU time), remote cache hits 0 (0.00s CPU time), compiled 0 variants (0.00s CPU time), skipped 0 variants
    Prepared data for serialisation in 0.00s
Serialized binary data for shader Hidden/TextCore/Distance Field SSD in 0.00s
    gles3 (total internal programs: 1, unique: 1)

***Player size statistics***
Level 0 'Assets/YanYana/Scenes/YanYana_Adventure.unity' uses 70.3 MB compressed / 119.8 MB uncompressed.
Total compressed size 70.3 MB. Total uncompressed size 119.8 MB.
DisplayProgressbar: Initializing
Android PostProcess task "Initializing" took 0.6786 ms
DisplayProgressbar: Check gradle project collisions
Android PostProcess task "Check gradle project collisions" took 0.1776 ms
DisplayProgressbar: Preparing banner
Android PostProcess task "Preparing banner" took 0.2588 ms
Starting: C:\Program Files\Unity\Hub\Editor\6000.0.58f2\Editor\Data\bee_backend.exe --ipc --dagfile="Library/Bee/Player49a9cd89.dag" --profile="Library/Bee/backend1.traceevents" Player
WorkingDir: C:/Users/Gokturk/Documents/GitHub/Deprem/.codex_tmp/yanyana_android_20260914-173827
DisplayProgressbar: Incremental Player Build
ExitCode: 0 Duration: 0s375ms
DisplayProgressbar: Calling IPostGenerateGradleAndroidProject callbacks
Calling IPostGenerateGradleAndroidProject callbacks on 'C:\Users\Gokturk\Documents\GitHub\Deprem\.codex_tmp\yanyana_android_20260914-173827\Library\Bee\Android\Prj\IL2CPP\Gradle\unityLibrary':
Android PostProcess task "Calling IPostGenerateGradleAndroidProject callbacks" took 1.2812 ms
DisplayProgressbar: Validate Gradle Project
Android PostProcess task "Validate Gradle Project" took 0.6763 ms
Android PostProcess task "Cloud Diagnostics Symbol Upload" took 0.1994 ms
DisplayProgressbar: Building Gradle project
Total cache size 268210325
Total cache size after purge 268210325, took 00:00:00.1397327
Starting: C:\Program Files\Unity\Hub\Editor\6000.0.58f2\Editor\Data\PlaybackEngines\AndroidPlayer\OpenJDK\bin\java.exe -classpath "C:\Program Files\Unity\Hub\Editor\6000.0.58f2\Editor\Data\PlaybackEngines\AndroidPlayer\Tools\gradle\lib\gradle-launcher-8.11.jar" org.gradle.launcher.GradleMain "-Dorg.gradle.jvmargs=-Xmx4096m" "assembleRelease" 
WorkingDir: C:/Users/Gokturk/Documents/GitHub/Deprem/.codex_tmp/yanyana_android_20260914-173827/Library/Bee/Android/Prj/IL2CPP/Gradle\launcher
Android PostProcess task "Building Gradle project" took 14303.7509 ms
DisplayProgressbar: Building Gradle Symbols
Android PostProcess task "Building Gradle Symbols" took 0.2395 ms
DisplayProgressbar: Processing Mapping File
Android PostProcess task "Processing Mapping File" took 0.2936 ms
DisplayProgressbar: Moving output package(s)
Copy 'C:/Users/Gokturk/Documents/GitHub/Deprem/.codex_tmp/yanyana_android_20260914-173827/Library/Bee/Android/Prj/IL2CPP/Gradle\launcher\build\outputs\apk\release\launcher-release.apk' -> 
 'C:/Users/Gokturk/Documents/GitHub/Deprem/ClientExports/YanYana/Android/Deprem-Android-Inceleme-20260914-202352.apk'
Android PostProcess task "Moving output package(s)" took 25.2196 ms
Android PostProcess task "Checking Symbols size" took 0.5315 ms
Refreshing native plugins compatible for Editor in 2.48 ms, found 8 plugins.
Preloading 0 native plugins for Editor in 0.00 ms.
Asset Pipeline Refresh (id=33d146c9c6d8a8c4f8b8eaf0ce2bd4b7): Total: 0.070 seconds - Initiated by RefreshV2(NoUpdateAssetOptions)
Refreshing native plugins compatible for Editor in 1.94 ms, found 8 plugins.
Preloading 0 native plugins for Editor in 0.00 ms.

-------------------------------------------------------------------------------
Build Report
Uncompressed usage by category (Percentages based on user generated assets only):
Textures               69.1 mb	 68.9% 
Meshes                 24.1 mb	 24.0% 
Animations             52.8 kb	 0.1% 
Sounds                 3.6 mb	 3.6% 
Shaders                1.5 mb	 1.5% 
Other Assets           1.5 mb	 1.5% 
Levels                 0.0 kb	 0.0% 
File headers           179.6 kb	 0.2% 
Total User Assets      100.3 mb	 100.0% 
Complete build size    969.3 mb
Used Assets and files from the Resources folder, sorted by uncompressed size:
 5.3 mb	 0.6% Assets/Story/Characters/MeshyResponders/RescueWorker/RescueWorker_BaseColor.png
 5.3 mb	 0.6% Assets/Story/Characters/MeshyResponders/Firefighter/Firefighter_BaseColor.png
 5.3 mb	 0.6% Assets/Story/Characters/MeshyFamily/Komsu/Komsu_BaseColor.png
 5.3 mb	 0.6% Assets/Story/Characters/MeshyFamily/Can/Can_BaseColor.png
 5.3 mb	 0.6% Assets/Story/Characters/MeshyFamily/Baba/Baba_BaseColor.png
 5.3 mb	 0.6% Assets/Story/Characters/MeshyFamily/Anne/Anne_BaseColor.png
 5.3 mb	 0.6% Assets/Story/Characters/MeshyFamily/Komsu/Komsu_Normal.png
 5.3 mb	 0.6% Assets/Story/Characters/MeshyFamily/Can/Can_Normal.png
 5.3 mb	 0.6% Assets/Story/Characters/MeshyFamily/Baba/Baba_Normal.png
 5.3 mb	 0.6% Assets/Story/Characters/MeshyFamily/Anne/Anne_Normal.png
 2.9 mb	 0.3% Assets/YanYana/Characters/Interaction/Ada_InteractionSurface.asset
 2.9 mb	 0.3% Assets/YanYana/Characters/Interaction/Efe_InteractionSurface.asset
 2.7 mb	 0.3% Assets/YanYana/Characters/ApprovedStyle/Derya_Surface.asset
 2.6 mb	 0.3% Assets/YanYana/Characters/Neighbors/Yusuf_CaneSurface.asset
 2.6 mb	 0.3% Assets/YanYana/Characters/ApprovedStyle/Emre_Surface.asset
 2.0 mb	 0.2% Assets/YanYana/UI/Fonts/YanYanaLilita.asset
 1.5 mb	 0.2% Assets/YanYana/Art/Models/HomeRoom.fbx
 1.2 mb	 0.1% Built-in Texture2D: Splash Screen Unity Logo
 1.0 mb	 0.1% Assets/TextMesh Pro/Resources/Fonts & Materials/LiberationSans SDF.asset
 1.0 mb	 0.1% Assets/YanYana/UI/Fonts/YanYanaLexendSemibold.asset
 1.0 mb	 0.1% Assets/YanYana/UI/Fonts/YanYanaLexend.asset
 1.0 mb	 0.1% Assets/YanYana/UI/Fonts/YanYanaNunito.asset
 1.0 mb	 0.1% Assets/TextMesh Pro/Examples & Extras/Resources/Fonts & Materials/Unity SDF.asset
 1018.5 kb	 0.1% Assets/YanYana/Art/Models/Facade_2.fbx
 1016.9 kb	 0.1% Assets/YanYana/Art/Models/Facade_4.fbx
 894.7 kb	 0.1% Assets/YanYana/Art/Models/Facade_3.fbx
 893.1 kb	 0.1% Assets/YanYana/Art/Models/Facade_1.fbx
 768.2 kb	 0.1% Assets/YanYana/Art/Textures/Yusuf_WardrobeRegions.png
 768.2 kb	 0.1% Assets/YanYana/Art/Textures/Derya_WardrobeRegions.png
 768.2 kb	 0.1% Assets/YanYana/Art/Textures/Emre_WardrobeRegions.png
 751.6 kb	 0.1% Assets/YanYana/Art/Models/NeighborhoodGround.fbx
 531.9 kb	 0.1% Assets/Story/UI/Brand/DepremLogo.png
 526.1 kb	 0.1% Resources/unity_builtin_extra
 396.0 kb	 0.0% Assets/YanYana/Characters/Interaction/Idil_InteractionSurface.asset
 350.4 kb	 0.0% Assets/YanYana/Art/Shaders/ApprovedWardrobe.shader
 344.5 kb	 0.0% Assets/TextMesh Pro/Fonts/LiberationSans.ttf
 341.5 kb	 0.0% Assets/TextMesh Pro/Examples & Extras/Sprites/Default Sprites.png
 324.7 kb	 0.0% Assets/YanYana/Characters/ApprovedStyle/Bora_Surface.asset
 322.1 kb	 0.0% Packages/com.unity.render-pipelines.universal/Shaders/Lit.shader
 315.4 kb	 0.0% Assets/YanYana/Art/Models/YusufRoundGlasses.fbx
 262.6 kb	 0.0% Packages/com.unity.render-pipelines.universal/Textures/SMAA/AreaTex.tga
 256.1 kb	 0.0% Packages/com.unity.render-pipelines.universal/Textures/FilmGrain/Thin02.png
 256.1 kb	 0.0% Packages/com.unity.render-pipelines.universal/Textures/FilmGrain/Thin01.png
 256.1 kb	 0.0% Packages/com.unity.render-pipelines.universal/Textures/FilmGrain/Medium06.png
 256.1 kb	 0.0% Packages/com.unity.render-pipelines.universal/Textures/FilmGrain/Medium05.png
 256.1 kb	 0.0% Packages/com.unity.render-pipelines.universal/Textures/FilmGrain/Medium04.png
 256.1 kb	 0.0% Packages/com.unity.render-pipelines.universal/Textures/FilmGrain/Medium03.png
 256.1 kb	 0.0% Packages/com.unity.render-pipelines.universal/Textures/FilmGrain/Medium02.png
 256.1 kb	 0.0% Packages/com.unity.render-pipelines.universal/Textures/FilmGrain/Medium01.png
 256.1 kb	 0.0% Packages/com.unity.render-pipelines.universal/Textures/FilmGrain/Large02.png
 256.1 kb	 0.0% Packages/com.unity.render-pipelines.universal/Textures/FilmGrain/Large01.png
 244.3 kb	 0.0% Assets/YanYana/Art/Models/Plant.fbx
 240.0 kb	 0.0% Assets/YanYana/Art/Models/IntroToyKit.fbx
 219.1 kb	 0.0% Assets/YanYana/Art/Models/ComfortFox.fbx
 213.5 kb	 0.0% Assets/YanYana/Art/Models/NeighborSunHat.fbx
 213.1 kb	 0.0% Assets/YanYana/Art/Models/BackpackTrialFront.fbx
 192.5 kb	 0.0% Assets/YanYana/Art/Models/Radio.fbx
 191.9 kb	 0.0% Assets/YanYana/Art/Models/NeighborHairBand.fbx
 185.3 kb	 0.0% Assets/YanYana/Art/Models/AidStation.fbx
 167.1 kb	 0.0% Assets/TextMesh Pro/Examples & Extras/Fonts/Roboto-Bold.ttf
 154.9 kb	 0.0% Assets/TextMesh Pro/Examples & Extras/Textures/Fruit Jelly (B&W).jpg
 154.9 kb	 0.0% Assets/TextMesh Pro/Examples & Extras/Sprites/DropCap Numbers.psd
 154.9 kb	 0.0% Assets/TextMesh Pro/Examples & Extras/Textures/Floor Cement.jpg
 154.9 kb	 0.0% Assets/TextMesh Pro/Sprites/EmojiOne.png
 152.5 kb	 0.0% Assets/YanYana/Audio/neighborhood.wav
 138.6 kb	 0.0% Assets/YanYana/Art/Models/PackingBagShell.fbx
 135.0 kb	 0.0% Assets/YanYana/Art/Models/FlameTuft.fbx
 132.1 kb	 0.0% Assets/YanYana/Art/Models/BackpackClosed.fbx
 130.3 kb	 0.0% Assets/YanYana/Art/Models/FlashlightTravel.fbx
 127.9 kb	 0.0% Assets/YanYana/Art/Models/BackpackTrialBack.fbx
 125.9 kb	 0.0% Assets/YanYana/Art/Models/Shelf.fbx
 119.9 kb	 0.0% Packages/com.unity.render-pipelines.universal/Shaders/PostProcessing/UberPost.shader
 105.9 kb	 0.0% Assets/YanYana/Art/Models/Wardrobe.fbx
 96.5 kb	 0.0% Assets/YanYana/Art/Models/Flashlight.fbx
 87.3 kb	 0.0% Assets/YanYana/Art/Models/HoseNozzle.fbx
 86.9 kb	 0.0% Assets/YanYana/Art/Models/YusufMoustache.fbx
 84.6 kb	 0.0% Assets/YanYana/Art/Models/FamilyCard.fbx
 79.7 kb	 0.0% Packages/com.unity.render-pipelines.core/Runtime/Debugging/Prefabs/Fonts/PerfectDOSVGA437.ttf
 78.0 kb	 0.0% Assets/TextMesh Pro/Examples & Extras/Textures/Brushed Metal 3.jpg
 73.2 kb	 0.0% Assets/TextMesh Pro/Shaders/TMP_SDF-URP Lit.shadergraph
 71.8 kb	 0.0% Assets/TextMesh Pro/Examples & Extras/Fonts/Electronic Highway Sign.TTF
 65.9 kb	 0.0% Assets/YanYana/UI/Portraits/Bora.png
 65.8 kb	 0.0% Assets/YanYana/UI/Portraits/Derya.png
 65.8 kb	 0.0% Assets/YanYana/UI/Portraits/Efe.png
 65.7 kb	 0.0% Assets/YanYana/UI/Portraits/Idil.png
 65.6 kb	 0.0% Assets/YanYana/UI/Portraits/Yusuf.png
 65.6 kb	 0.0% Assets/YanYana/UI/Portraits/Emre.png
 65.6 kb	 0.0% Assets/YanYana/UI/Portraits/Ada.png
 65.5 kb	 0.0% Assets/YanYana/Art/Models/NeighborCoralScarf.fbx
 63.9 kb	 0.0% Assets/YanYana/Art/Models/Bench.fbx
 63.1 kb	 0.0% Packages/com.unity.render-pipelines.universal/Shaders/Utils/CoreBlit.shader
 59.4 kb	 0.0% Assets/YanYana/Art/Models/NeighborCrossbodyBag.fbx
 59.1 kb	 0.0% Packages/com.unity.render-pipelines.core/Runtime/Debugging/Prefabs/Widgets/DebugUIHandlerRenderingLayerField.prefab
 59.1 kb	 0.0% Packages/com.unity.render-pipelines.core/Runtime/Debugging/Prefabs/Widgets/DebugUIBitField.prefab
 57.9 kb	 0.0% Assets/TextMesh Pro/Examples & Extras/Textures/Sunny Days - Seamless.jpg
 55.7 kb	 0.0% Assets/YanYana/Art/Models/Water_Opened.fbx
 53.6 kb	 0.0% Assets/YanYana/Art/Models/CardiganButtons.fbx
 52.2 kb	 0.0% Assets/TextMesh Pro/Examples & Extras/Fonts/Oswald-Bold.ttf
 51.7 kb	 0.0% Assets/YanYana/Art/Models/NeighborPocket.fbx
 48.9 kb	 0.0% Packages/com.unity.render-pipelines.universal/Shaders/PostProcessing/FinalPost.shader
 46.4 kb	 0.0% Assets/YanYana/Art/Models/IntroCushionStack.fbx
 44.7 kb	 0.0% Assets/YanYana/Art/Models/IntroToyStand.fbx
 44.2 kb	 0.0% Assets/YanYana/Art/Models/WalkingCane.fbx
 43.0 kb	 0.0% Assets/YanYana/Art/Models/Whistle.fbx
 42.3 kb	 0.0% Assets/YanYana/Art/Models/Water.fbx
 41.8 kb	 0.0% Assets/TextMesh Pro/Examples & Extras/Fonts/Anton.ttf
 41.3 kb	 0.0% Assets/YanYana/Art/Models/FirstAid.fbx
 39.1 kb	 0.0% Assets/TextMesh Pro/Examples & Extras/Fonts/Bangers.ttf
 39.1 kb	 0.0% Assets/YanYana/Audio/Physical/physical_af4f6bdc92e5.wav
 39.1 kb	 0.0% Assets/YanYana/Audio/Physical/physical_fc6f8e70329d.wav
 38.4 kb	 0.0% Assets/TextMesh Pro/Shaders/TMP_SDF-Surface.shader
 38.2 kb	 0.0% Assets/YanYana/Audio/Physical/physical_96cf91e35933.wav
 38.0 kb	 0.0% Packages/com.unity.render-pipelines.universal/Shaders/Terrain/WavingGrass.shader
 37.8 kb	 0.0% Assets/YanYana/Art/Models/Blanket.fbx
 37.8 kb	 0.0% Assets/YanYana/Audio/Physical/physical_438f39becec2.wav
 37.7 kb	 0.0% Assets/YanYana/Audio/Physical/physical_ec0d92c638b4.wav
 37.6 kb	 0.0% Assets/YanYana/Audio/Physical/physical_7456649f39f7.wav
 37.4 kb	 0.0% Assets/YanYana/Audio/Physical/physical_2b6150861232.wav
 37.1 kb	 0.0% Assets/YanYana/Audio/Physical/physical_d656e8f79d6f.wav
 36.5 kb	 0.0% Assets/YanYana/Audio/Physical/physical_f049fdbca619.wav
 36.5 kb	 0.0% Assets/YanYana/Audio/Physical/physical_cdf6f0e339b6.wav
 36.4 kb	 0.0% Assets/YanYana/Audio/Physical/physical_48c89228792e.wav
 36.2 kb	 0.0% Assets/YanYana/Audio/Physical/physical_0e8acd32a74f.wav
 35.9 kb	 0.0% Assets/YanYana/Audio/Physical/physical_38d35dc804e0.wav
 35.4 kb	 0.0% Assets/YanYana/Audio/Physical/physical_23054b278ae9.wav
 35.4 kb	 0.0% Assets/YanYana/Audio/Physical/physical_afbfdbac9479.wav
 35.3 kb	 0.0% Assets/YanYana/Audio/Physical/physical_7536c98d018c.wav
 35.2 kb	 0.0% Assets/YanYana/Art/Models/Cone.fbx
 34.8 kb	 0.0% Assets/YanYana/Audio/Physical/physical_3fc009a2869a.wav
 34.8 kb	 0.0% Assets/YanYana/Audio/Physical/physical_c5e8e9a1f257.wav
 34.8 kb	 0.0% Assets/YanYana/Audio/Physical/physical_c4b985d8c1cb.wav
 34.7 kb	 0.0% Assets/YanYana/Audio/rumble.wav
 34.6 kb	 0.0% Assets/YanYana/Audio/Physical/physical_7cd560d7aff3.wav
 34.5 kb	 0.0% Assets/YanYana/Audio/Physical/physical_c273f7c7d4cc.wav
 34.4 kb	 0.0% Assets/YanYana/Audio/Physical/physical_8c6dd20be168.wav
 34.4 kb	 0.0% Assets/YanYana/Audio/Physical/physical_c4cc64572758.wav
 34.3 kb	 0.0% Assets/YanYana/Audio/Physical/physical_2ea4754b5a60.wav
 33.9 kb	 0.0% Assets/YanYana/Audio/Physical/physical_34f2d9b30b47.wav
 32.6 kb	 0.0% Assets/YanYana/Audio/Physical/physical_a7277a7b4cad.wav
 32.2 kb	 0.0% Assets/YanYana/Audio/Physical/physical_a64be9cc9704.wav
 32.1 kb	 0.0% Assets/YanYana/Audio/Physical/physical_32d9e468ba1b.wav
 32.1 kb	 0.0% Assets/YanYana/Audio/Physical/physical_e6b7aed148a4.wav
 31.9 kb	 0.0% Assets/YanYana/Audio/Physical/physical_708d36434622.wav
 31.6 kb	 0.0% Assets/YanYana/Audio/Physical/physical_f45535f08fa2.wav
 31.6 kb	 0.0% Assets/YanYana/Audio/Physical/physical_b65eeced6e70.wav
 31.5 kb	 0.0% Assets/YanYana/Audio/Physical/physical_0bcc70f4c6ec.wav
 31.5 kb	 0.0% Assets/YanYana/Audio/Physical/physical_b461a6bdc8fb.wav
 31.4 kb	 0.0% Assets/YanYana/Audio/Physical/physical_f2be31be3f9d.wav
 31.1 kb	 0.0% Assets/YanYana/Audio/Physical/physical_a4d85a678bec.wav
 30.8 kb	 0.0% Assets/YanYana/Audio/Physical/physical_25790882837d.wav
 30.6 kb	 0.0% Assets/YanYana/Audio/Physical/physical_89362cf5b0c3.wav
 30.5 kb	 0.0% Assets/YanYana/Audio/Physical/physical_8b674ee12321.wav
 30.5 kb	 0.0% Assets/YanYana/Audio/Physical/physical_16ade92df75e.wav
 30.4 kb	 0.0% Assets/YanYana/Audio/Physical/physical_39bf31f04f9b.wav
 30.3 kb	 0.0% Assets/YanYana/Audio/Physical/physical_b4b60d0ea358.wav
 30.2 kb	 0.0% Assets/YanYana/Audio/Physical/physical_f74acd56e1f7.wav
 30.1 kb	 0.0% Assets/YanYana/Audio/Physical/physical_d37d5dbf9f52.wav
 30.0 kb	 0.0% Assets/YanYana/Audio/Physical/physical_41fc75994003.wav
 30.0 kb	 0.0% Assets/YanYana/Audio/Physical/physical_4d4ab0049908.wav
 29.9 kb	 0.0% Assets/YanYana/Audio/Physical/physical_186e577eb769.wav
 29.8 kb	 0.0% Assets/YanYana/Audio/Physical/physical_4f550593637c.wav
 29.4 kb	 0.0% Assets/YanYana/Audio/Physical/physical_d23309346fdb.wav
 29.4 kb	 0.0% Assets/YanYana/Audio/Physical/physical_13db27ce6e1d.wav
 29.3 kb	 0.0% Assets/YanYana/Audio/Physical/physical_2391d1029ec8.wav
 29.1 kb	 0.0% Assets/YanYana/Audio/Physical/physical_f5975ee0a143.wav
 29.1 kb	 0.0% Assets/YanYana/Audio/Physical/physical_d9f0494ae99b.wav
 29.0 kb	 0.0% Assets/YanYana/Audio/Physical/physical_f453c151e5ff.wav
 28.9 kb	 0.0% Assets/YanYana/Audio/Physical/physical_e2cb1c8e7f9f.wav
 28.9 kb	 0.0% Assets/YanYana/Audio/Physical/physical_a1b073ddb022.wav
 28.8 kb	 0.0% Packages/com.unity.render-pipelines.universal/Shaders/PostProcessing/BokehDepthOfField.shader
 28.8 kb	 0.0% Assets/YanYana/Audio/Physical/physical_e961390fb791.wav
 28.5 kb	 0.0% Assets/YanYana/Audio/Physical/physical_e89af1fcb227.wav
 28.5 kb	 0.0% Assets/YanYana/Audio/Physical/physical_73f689c1b25f.wav
 28.5 kb	 0.0% Assets/YanYana/Audio/Physical/physical_c04fd5aab404.wav
 28.3 kb	 0.0% Assets/YanYana/Audio/water.wav
 28.0 kb	 0.0% Assets/YanYana/Audio/Physical/physical_6686caa9e51f.wav
 28.0 kb	 0.0% Assets/YanYana/Audio/Physical/physical_ae37c3fb9443.wav
 27.9 kb	 0.0% Assets/YanYana/Audio/Physical/physical_b8da097eb86e.wav
 27.9 kb	 0.0% Assets/YanYana/Audio/Physical/physical_a9517a44f20a.wav
 27.7 kb	 0.0% Assets/YanYana/Audio/Physical/physical_77836b8a4592.wav
 27.5 kb	 0.0% Assets/YanYana/Audio/Physical/physical_02719b4ec48c.wav
 27.4 kb	 0.0% Assets/YanYana/Audio/Physical/physical_712194780ade.wav
 27.2 kb	 0.0% Assets/YanYana/Audio/Physical/physical_b9e0d97cca79.wav
 27.2 kb	 0.0% Assets/YanYana/Audio/Physical/physical_9e912456a8b2.wav
 27.2 kb	 0.0% Assets/YanYana/Audio/Physical/physical_95955f061c07.wav
 27.2 kb	 0.0% Packages/com.unity.render-pipelines.universal/Shaders/PostProcessing/LensFlareDataDriven.shader
 27.1 kb	 0.0% Assets/YanYana/Audio/Physical/physical_5e2d456eaca3.wav
 27.0 kb	 0.0% Assets/YanYana/Audio/Physical/physical_13eaf00b654d.wav
 26.9 kb	 0.0% Assets/YanYana/Audio/Physical/physical_d41784bd0d75.wav
 26.9 kb	 0.0% Assets/YanYana/Audio/Physical/physical_aa52c7851e9d.wav
 26.9 kb	 0.0% Assets/YanYana/Audio/Physical/physical_f321aa257ca6.wav
 26.9 kb	 0.0% Assets/YanYana/Audio/Physical/physical_d099451e3c70.wav
 26.8 kb	 0.0% Assets/YanYana/Audio/Physical/physical_58ed2cdce19b.wav
 26.5 kb	 0.0% Assets/YanYana/Audio/Physical/physical_b0c40e0656ca.wav
 26.5 kb	 0.0% Assets/YanYana/Audio/Physical/physical_1260bbf76555.wav
 26.4 kb	 0.0% Assets/YanYana/Audio/Physical/physical_98747140a43b.wav
 26.3 kb	 0.0% Assets/YanYana/Audio/Physical/physical_2caf7082b569.wav
 26.3 kb	 0.0% Assets/YanYana/Audio/Physical/physical_e95e48b770ed.wav
 26.2 kb	 0.0% Assets/YanYana/Audio/Physical/physical_c6622369764c.wav
 26.1 kb	 0.0% Assets/YanYana/Audio/Physical/physical_13bc11d7bee3.wav
 26.0 kb	 0.0% Assets/YanYana/Audio/Physical/physical_0fe6b55a6007.wav
 25.9 kb	 0.0% Packages/com.unity.render-pipelines.universal/Shaders/Terrain/WavingGrassBillboard.shader
 25.8 kb	 0.0% Assets/YanYana/Audio/Physical/physical_b9eee19a8abc.wav
 25.7 kb	 0.0% Assets/YanYana/Audio/Physical/physical_9a570d2d61e7.wav
 25.7 kb	 0.0% Assets/YanYana/Audio/Physical/physical_93ff802caf17.wav
 25.6 kb	 0.0% Assets/YanYana/Audio/Physical/physical_d1cb1166019c.wav
 25.6 kb	 0.0% Assets/YanYana/Art/Models/Food_Opened.fbx
 25.6 kb	 0.0% Assets/YanYana/Audio/Physical/physical_bd0a366428f6.wav
 25.4 kb	 0.0% Assets/YanYana/Audio/Physical/physical_1d40d1d0a466.wav
 25.3 kb	 0.0% Assets/YanYana/Audio/Physical/physical_7567c739eba9.wav
 25.2 kb	 0.0% Assets/YanYana/Audio/Physical/physical_31b275b6376c.wav
 25.2 kb	 0.0% Assets/YanYana/Audio/Physical/physical_3a490f93c8f3.wav
 25.0 kb	 0.0% Packages/com.unity.render-pipelines.universal/Shaders/PostProcessing/TemporalAA.shader
 25.0 kb	 0.0% Assets/YanYana/Audio/Physical/physical_c8be543413a8.wav
 24.7 kb	 0.0% Assets/YanYana/Audio/Physical/physical_4d8a9f421373.wav
 24.6 kb	 0.0% Assets/YanYana/Audio/Physical/physical_b86488c1c645.wav
 24.6 kb	 0.0% Assets/YanYana/Audio/Physical/physical_120924263a87.wav
 24.6 kb	 0.0% Assets/YanYana/Audio/Physical/physical_4d16b7a2edaa.wav
 24.5 kb	 0.0% Assets/YanYana/Audio/Physical/physical_95fc58b47a40.wav
 24.4 kb	 0.0% Assets/YanYana/Audio/Physical/physical_bf236d3a9fa8.wav
 24.1 kb	 0.0% Assets/YanYana/Audio/Physical/physical_5ddf469d7f69.wav
 23.8 kb	 0.0% Assets/TextMesh Pro/Shaders/TMP_SDF.shader
 23.8 kb	 0.0% Assets/YanYana/Audio/Physical/physical_3da365919357.wav
 23.5 kb	 0.0% Assets/YanYana/Audio/Physical/physical_7967d5c593e6.wav
 23.4 kb	 0.0% Assets/YanYana/Audio/Physical/physical_e08e10c98687.wav
 23.3 kb	 0.0% Assets/YanYana/Audio/Physical/physical_4b4396bdd9de.wav
 23.2 kb	 0.0% Assets/YanYana/Audio/Physical/physical_7b1bcc983dbf.wav
 23.0 kb	 0.0% Assets/YanYana/Audio/Physical/physical_105bf19be0f4.wav
 22.8 kb	 0.0% Assets/YanYana/Audio/Physical/physical_159f7cd27a66.wav
 22.7 kb	 0.0% Assets/YanYana/Audio/Physical/physical_f271e37b8457.wav
 21.9 kb	 0.0% Assets/YanYana/Audio/Physical/physical_2d3031c53139.wav
 21.8 kb	 0.0% Assets/YanYana/Audio/Physical/physical_c71d70143375.wav
 21.4 kb	 0.0% Assets/YanYana/Audio/Physical/physical_a00130fe5f0c.wav
 20.8 kb	 0.0% Assets/YanYana/Art/Models/IntroTrayDock.fbx
 20.6 kb	 0.0% Packages/com.unity.render-pipelines.universal/Shaders/Utils/StencilDeferred.shader
 20.3 kb	 0.0% Assets/YanYana/Audio/Physical/physical_08084042462f.wav
 20.2 kb	 0.0% Assets/Story/Animations/Generated/ChildNaturalWalk.anim
 19.7 kb	 0.0% Assets/YanYana/Audio/Physical/physical_8322b847bc35.wav
 19.0 kb	 0.0% Packages/com.unity.render-pipelines.universal/Shaders/PostProcessing/CameraMotionBlur.shader
 19.0 kb	 0.0% Assets/YanYana/Audio/Physical/physical_25c7d6b48ddc.wav
 18.9 kb	 0.0% Assets/YanYana/Audio/Physical/physical_21f6d709eb98.wav
 18.6 kb	 0.0% Packages/com.unity.render-pipelines.universal/Shaders/Terrain/TerrainDetailLit.shader
 18.6 kb	 0.0% Packages/com.unity.render-pipelines.universal/Shaders/Unlit.shader
 18.2 kb	 0.0% Assets/YanYana/Audio/Physical/physical_39dbcbb73204.wav
 18.0 kb	 0.0% Packages/com.unity.render-pipelines.universal/Shaders/PostProcessing/LensFlareScreenSpace.shader
 17.1 kb	 0.0% Assets/YanYana/Art/Models/SafetyStrap.fbx
 17.0 kb	 0.0% Assets/YanYana/Art/Models/ToyBox.fbx
 17.0 kb	 0.0% Assets/YanYana/Art/Models/Parcel.fbx
 16.7 kb	 0.0% Assets/YanYana/UI/Generated/AdventureEdge12.png
 16.6 kb	 0.0% Assets/YanYana/UI/Generated/AdventureFade.png
 16.2 kb	 0.0% Packages/com.unity.render-pipelines.universal/Shaders/PostProcessing/GaussianDepthOfField.shader
 15.9 kb	 0.0% Assets/YanYana/Audio/Physical/physical_3afc5ac3db92.wav
 14.9 kb	 0.0% Packages/com.unity.render-pipelines.universal/Textures/DebugFont.tga
 14.7 kb	 0.0% Assets/TextMesh Pro/Shaders/TMP_SDF-Mobile.shader
 14.6 kb	 0.0% Assets/YanYana/Audio/Physical/physical_817a5e068394.wav
 14.4 kb	 0.0% Assets/YanYana/Audio/Physical/radio_static.wav
 14.1 kb	 0.0% Assets/TextMesh Pro/Shaders/TMP_SDF-Mobile-2-Pass.shader
 13.8 kb	 0.0% Packages/com.unity.render-pipelines.universal/Shaders/PostProcessing/SubpixelMorphologicalAntialiasing.shader
 13.5 kb	 0.0% Assets/TextMesh Pro/Shaders/TMP_SDF-Surface-Mobile.shader
 13.2 kb	 0.0% Packages/com.unity.render-pipelines.universal/Shaders/PostProcessing/Bloom.shader
 11.7 kb	 0.0% Assets/YanYana/Audio/Physical/physical_2b7b31cc68c1.wav
 11.5 kb	 0.0% Packages/com.unity.render-pipelines.universal/Shaders/Debug/HDRDebugView.shader
 11.2 kb	 0.0% Packages/com.unity.render-pipelines.universal/Shaders/PostProcessing/LutBuilderHdr.shader
 11.0 kb	 0.0% Assets/YanYana/Audio/Physical/physical_7973685cf65c.wav
 10.2 kb	 0.0% Assets/TextMesh Pro/Shaders/TMP_SDF-Mobile Masking.shader
 10.0 kb	 0.0% Assets/Story/Characters/MeshyResponders/RescueWorker/RescueWorker.fbx
 10.0 kb	 0.0% Assets/Story/Characters/MeshyResponders/Firefighter/Firefighter.fbx
 9.9 kb	 0.0% Assets/Story/Characters/MeshyFamily/Komsu/Komsu_Rigged.fbx
 9.8 kb	 0.0% Assets/Story/Characters/MeshyFamily/Baba/Baba_Rigged.fbx
 9.8 kb	 0.0% Assets/Story/Characters/MeshyFamily/Anne/Anne_Rigged.fbx
 9.8 kb	 0.0% Assets/InputSystem_Actions.inputactions
 9.8 kb	 0.0% Assets/Story/Characters/MeshyFamily/Can/Can_Rigged.fbx
 9.5 kb	 0.0% Assets/TextMesh Pro/Shaders/TMP_SDF-Mobile Overlay.shader
 9.3 kb	 0.0% Packages/com.unity.render-pipelines.core/Runtime/Debugging/Prefabs/Widgets/DebugUIPanel.prefab
 9.3 kb	 0.0% Assets/YanYana/Scenes/PhysicalAdventureNavigation.asset
 8.8 kb	 0.0% Packages/com.unity.render-pipelines.universal/Shaders/2D/Sprite-Unlit-Default.shader
 8.5 kb	 0.0% Assets/YanYana/Art/Models/Cushion.fbx
 8.5 kb	 0.0% Assets/YanYana/Art/Models/Food.fbx
 8.3 kb	 0.0% Assets/YanYana/UI/Generated/SoftPanel.png
 7.8 kb	 0.0% Assets/YanYana/Animation/FamilyWave.anim
 7.3 kb	 0.0% Assets/YanYana/Animation/YanYana_Cover.anim
 7.3 kb	 0.0% Assets/Story/Animations/Generated/ChildNeutralIdle.anim
 7.2 kb	 0.0% Packages/com.unity.render-pipelines.universal/Shaders/PostProcessing/LutBuilderLdr.shader
 6.9 kb	 0.0% Assets/YanYana/Art/Shaders/AdventureParticles.shader
 6.9 kb	 0.0% Assets/YanYana/Art/Models/RoundedUnitBox.asset
 6.5 kb	 0.0% Packages/com.unity.render-pipelines.core/Runtime/Debugging/Prefabs/Widgets/DebugUIColor.prefab
 6.4 kb	 0.0% Packages/com.unity.render-pipelines.universal/Shaders/PostProcessing/ScalingSetup.shader
 6.2 kb	 0.0% Packages/com.unity.render-pipelines.universal/Shaders/PostProcessing/EdgeAdaptiveSpatialUpsampling.shader
 6.1 kb	 0.0% Packages/com.unity.render-pipelines.core/Runtime/Debugging/Prefabs/Widgets/DebugUIVector4.prefab
 6.1 kb	 0.0% Assets/TextMesh Pro/Shaders/TMP_Sprite.shader
 6.0 kb	 0.0% Packages/com.unity.render-pipelines.universal/Shaders/Utils/CoreBlitColorAndDepth.shader
 5.8 kb	 0.0% Packages/com.unity.render-pipelines.core/Shaders/CoreCopy.shader
 5.2 kb	 0.0% Packages/com.unity.render-pipelines.core/Runtime/Debugging/Prefabs/Widgets/DebugUIVector3.prefab
 5.2 kb	 0.0% Assets/YanYana/Animation/OriginalFlameFlicker.anim
 4.5 kb	 0.0% Packages/com.unity.render-pipelines.core/Runtime/Debugging/Prefabs/Resources/DebugUICanvas.prefab
 4.4 kb	 0.0% Packages/com.unity.render-pipelines.core/Runtime/Debugging/Prefabs/Widgets/DebugUIUIntField.prefab
 4.4 kb	 0.0% Packages/com.unity.render-pipelines.core/Runtime/Debugging/Prefabs/Widgets/DebugUIIntField.prefab
 4.3 kb	 0.0% Packages/com.unity.render-pipelines.universal/Shaders/Debug/DebugReplacement.shader
 4.3 kb	 0.0% Packages/com.unity.render-pipelines.universal/Shaders/Utils/CopyDepth.shader
 4.3 kb	 0.0% Packages/com.unity.render-pipelines.universal/Shaders/CameraMotionVectors.shader
 4.3 kb	 0.0% Packages/com.unity.render-pipelines.core/Runtime/Debugging/Prefabs/Widgets/DebugUIVector2.prefab
 4.2 kb	 0.0% Packages/com.unity.render-pipelines.universal/Shaders/PostProcessing/PaniniProjection.shader
 4.2 kb	 0.0% Assets/TextMesh Pro/Examples & Extras/Textures/Wipe Pattern - Circle.psd
 4.2 kb	 0.0% Packages/com.unity.render-pipelines.universal/Textures/BlueNoise64/L/LDR_LLL1_0.png
 4.1 kb	 0.0% Packages/com.unity.render-pipelines.core/Runtime/Debugging/Prefabs/Widgets/DebugUIFloatField.prefab
 3.9 kb	 0.0% Packages/com.unity.render-pipelines.universal/Shaders/Utils/FallbackError.shader
 3.9 kb	 0.0% Assets/TextMesh Pro/Examples & Extras/Resources/Fonts & Materials/Unity SDF - HDRP LIT - Bloom.mat
 3.8 kb	 0.0% Packages/com.unity.render-pipelines.universal/Shaders/Utils/Sampling.shader
 3.8 kb	 0.0% Packages/com.unity.render-pipelines.universal/Shaders/PostProcessing/StopNaN.shader
 3.5 kb	 0.0% Assets/TextMesh Pro/Examples & Extras/Resources/Fonts & Materials/Roboto-Bold SDF - HDRP Unlit.mat
 3.3 kb	 0.0% Packages/com.unity.shadergraph/Editor/Resources/Shaders/FallbackError.shader
 3.3 kb	 0.0% Assets/TextMesh Pro/Resources/Fonts & Materials/LiberationSans SDF - Fallback.asset
 3.2 kb	 0.0% Assets/TextMesh Pro/Resources/Sprite Assets/EmojiOne.asset
 3.2 kb	 0.0% Packages/com.unity.render-pipelines.core/Runtime/RenderPipelineResources/FallbackShader.shader
 3.1 kb	 0.0% Assets/Resources/PerformanceTestRunInfo.json
 3.0 kb	 0.0% Assets/TextMesh Pro/Examples & Extras/Resources/Fonts & Materials/Unity SDF - HDRP LIT - Outline.mat
 2.9 kb	 0.0% Packages/com.unity.render-pipelines.universal/Shaders/Debug/ProbeVolumeSamplingDebugPositionNormal.compute
 2.9 kb	 0.0% Assets/TextMesh Pro/Examples & Extras/Resources/Fonts & Materials/Oswald Bold SDF.asset
 2.9 kb	 0.0% Assets/TextMesh Pro/Examples & Extras/Resources/Fonts & Materials/Bangers SDF.asset
 2.9 kb	 0.0% Assets/TextMesh Pro/Shaders/TMP_SDF-HDRP UNLIT.shadergraph
 2.9 kb	 0.0% Assets/TextMesh Pro/Shaders/TMP_SDF-HDRP LIT.shadergraph
 2.8 kb	 0.0% Assets/TextMesh Pro/Examples & Extras/Resources/Fonts & Materials/Electronic Highway Sign SDF.asset
 2.8 kb	 0.0% Packages/com.unity.render-pipelines.core/Runtime/Debugging/Prefabs/Widgets/DebugUIObjectPopupField.prefab
 2.8 kb	 0.0% Assets/Settings/DefaultVolumeProfile.asset
 2.8 kb	 0.0% Assets/TextMesh Pro/Examples & Extras/Resources/Fonts & Materials/Roboto-Bold SDF.asset
 2.8 kb	 0.0% Assets/TextMesh Pro/Examples & Extras/Resources/Fonts & Materials/Anton SDF.asset
 2.6 kb	 0.0% Packages/com.unity.render-pipelines.core/Runtime/Debugging/Prefabs/Widgets/DebugUIObjectList.prefab
 2.6 kb	 0.0% Packages/com.unity.render-pipelines.core/Runtime/Debugging/Prefabs/Widgets/DebugUIEnumField.prefab
 2.6 kb	 0.0% Assets/YanYana/Animation/wardrobe_Unsecured.anim
 2.5 kb	 0.0% Assets/YanYana/Animation/shelf_Unsecured.anim
 2.4 kb	 0.0% Packages/com.unity.render-pipelines.core/Runtime/Debugging/Prefabs/Widgets/DebugUIFoldout.prefab
 2.4 kb	 0.0% Packages/com.unity.render-pipelines.core/Runtime/Debugging/Prefabs/Widgets/DebugUIRow.prefab
 2.4 kb	 0.0% Assets/TextMesh Pro/Examples & Extras/Resources/Fonts & Materials/Roboto-Bold SDF - URP.mat
 2.3 kb	 0.0% Assets/TextMesh Pro/Resources/Style Sheets/Default Style Sheet.asset
 2.2 kb	 0.0% Assets/TextMesh Pro/Examples & Extras/Resources/Fonts & Materials/Bangers SDF Logo - URP.mat
 2.1 kb	 0.0% Assets/Settings/UniversalRenderPipelineGlobalSettings.asset
 1.9 kb	 0.0% Assets/TextMesh Pro/Examples & Extras/Resources/Sprite Assets/Default Sprite Asset.asset
 1.9 kb	 0.0% Assets/YanYana/Animation/AdventureCharacters.controller
 1.8 kb	 0.0% Assets/TextMesh Pro/Examples & Extras/Resources/Fonts & Materials/Bangers SDF Glow.mat
 1.8 kb	 0.0% Assets/TextMesh Pro/Examples & Extras/Resources/Fonts & Materials/LiberationSans SDF - Metalic Green.mat
 1.8 kb	 0.0% Assets/YanYana/Characters/Neighbors/Yusuf_Clothing.mat
 1.8 kb	 0.0% Assets/YanYana/Characters/Neighbors/Selma_Clothing.mat
 1.8 kb	 0.0% Assets/YanYana/Characters/Neighbors/Ozan_Clothing.mat
 1.8 kb	 0.0% Assets/YanYana/Characters/Neighbors/Mert_Clothing.mat
 1.8 kb	 0.0% Assets/YanYana/Characters/Neighbors/Deniz_Clothing.mat
 1.8 kb	 0.0% Assets/YanYana/Characters/Neighbors/Asli_Clothing.mat
 1.8 kb	 0.0% Assets/YanYana/Characters/Neighbors/Gul_Clothing.mat
 1.8 kb	 0.0% Assets/TextMesh Pro/Examples & Extras/Resources/Sprite Assets/DropCap Numbers.asset
 1.7 kb	 0.0% Packages/com.unity.render-pipelines.core/Runtime/Debugging/Prefabs/Widgets/DebugUIToggleHistory.prefab
 1.7 kb	 0.0% Packages/com.unity.render-pipelines.core/Runtime/Debugging/Prefabs/Widgets/DebugUIToggle.prefab
 1.7 kb	 0.0% Assets/TextMesh Pro/Examples & Extras/Resources/Fonts & Materials/Anton SDF - Sunny Days.mat
 1.7 kb	 0.0% Assets/TextMesh Pro/Examples & Extras/Resources/Fonts & Materials/Roboto-Bold SDF - Surface.mat
 1.7 kb	 0.0% Assets/TextMesh Pro/Examples & Extras/Resources/Fonts & Materials/LiberationSans SDF - Soft Mask.mat
 1.7 kb	 0.0% Assets/TextMesh Pro/Examples & Extras/Resources/Fonts & Materials/Bangers SDF Logo.mat
 1.6 kb	 0.0% Assets/TextMesh Pro/Resources/Fonts & Materials/LiberationSans SDF - Drop Shadow.mat
 1.6 kb	 0.0% Assets/TextMesh Pro/Examples & Extras/Resources/Fonts & Materials/Bangers SDF - Drop Shadow - 2 Pass.mat
 1.6 kb	 0.0% Assets/TextMesh Pro/Examples & Extras/Resources/Fonts & Materials/Bangers SDF - Drop Shadow.mat
 1.6 kb	 0.0% Assets/YanYana/Characters/ApprovedStyle/Emre_ClothesAndFace_0.mat
 1.6 kb	 0.0% Assets/YanYana/Characters/ApprovedStyle/Derya_ClothesAndFace_0.mat
 1.6 kb	 0.0% Assets/YanYana/Characters/ApprovedStyle/Efe_ClothesAndFace_0.mat
 1.6 kb	 0.0% Assets/YanYana/Characters/ApprovedStyle/Ada_ClothesAndFace_0.mat
 1.6 kb	 0.0% Assets/YanYana/Characters/Interaction/Idil_ProtectiveGloves.mat
 1.6 kb	 0.0% Assets/YanYana/Characters/ApprovedStyle/Idil_ClothesAndFace_0.mat
 1.6 kb	 0.0% Assets/YanYana/Characters/ApprovedStyle/Bora_ClothesAndFace_0.mat
 1.6 kb	 0.0% Assets/TextMesh Pro/Examples & Extras/Resources/Fonts & Materials/Bangers SDF - Outline.mat
 1.6 kb	 0.0% Assets/YanYana/Art/Materials/YY_terracotta.mat
 1.6 kb	 0.0% Assets/YanYana/Art/Materials/YY_woodDark.mat
 1.6 kb	 0.0% Assets/YanYana/Art/Materials/YY_tealDark.mat
 1.6 kb	 0.0% Assets/YanYana/Art/Materials/YY_silver.mat
 1.6 kb	 0.0% Assets/YanYana/Art/Materials/YY_mustard.mat
 1.6 kb	 0.0% Assets/YanYana/Art/Materials/YY_leafLight.mat
 1.6 kb	 0.0% Assets/YanYana/Art/Materials/YY_wood.mat
 1.6 kb	 0.0% Assets/YanYana/Art/Materials/YY_white.mat
 1.6 kb	 0.0% Assets/YanYana/Art/Materials/YY_water.mat
 1.6 kb	 0.0% Assets/YanYana/Art/Materials/YY_teal.mat
 1.6 kb	 0.0% Assets/YanYana/Art/Materials/YY_stone.mat
 1.6 kb	 0.0% Assets/YanYana/Art/Materials/YY_sand.mat
 1.6 kb	 0.0% Assets/YanYana/Art/Materials/YY_olive.mat
 1.6 kb	 0.0% Assets/YanYana/Art/Materials/YY_navy.mat
 1.6 kb	 0.0% Assets/YanYana/Art/Materials/YY_metal.mat
 1.6 kb	 0.0% Assets/YanYana/Art/Materials/YY_leaf.mat
 1.6 kb	 0.0% Assets/YanYana/Art/Materials/YY_glass.mat
 1.6 kb	 0.0% Assets/YanYana/Art/Materials/YY_cream.mat
 1.6 kb	 0.0% Assets/YanYana/Art/Materials/YY_coral.mat
 1.6 kb	 0.0% Assets/YanYana/Art/Materials/YY_brown.mat
 1.6 kb	 0.0% Assets/YanYana/Art/Materials/YY_blue.mat
 1.6 kb	 0.0% Assets/YanYana/Art/Materials/YY_black.mat
 1.6 kb	 0.0% Assets/YanYana/Art/Materials/Paper.mat
 1.6 kb	 0.0% Assets/YanYana/Art/Materials/Glow.mat
 1.6 kb	 0.0% Assets/TextMesh Pro/Examples & Extras/Resources/Fonts & Materials/Roboto-Bold SDF - Drop Shadow.mat
 1.6 kb	 0.0% Assets/TextMesh Pro/Examples & Extras/Resources/Fonts & Materials/Anton SDF - Drop Shadow.mat
 1.6 kb	 0.0% Assets/TextMesh Pro/Resources/Fonts & Materials/LiberationSans SDF - Outline.mat
 1.6 kb	 0.0% Assets/TextMesh Pro/Examples & Extras/Resources/Fonts & Materials/Anton SDF - Outline.mat
 1.4 kb	 0.0% Packages/com.unity.render-pipelines.core/Runtime/Debugging/Prefabs/Widgets/DebugUIProgressBar.prefab
 1.4 kb	 0.0% Packages/com.unity.render-pipelines.core/Runtime/Debugging/Prefabs/Widgets/DebugUIGroup.prefab
 1.2 kb	 0.0% Packages/com.unity.render-pipelines.core/Runtime/Debugging/Prefabs/Widgets/DebugUIButton.prefab
 1.2 kb	 0.0% Packages/com.unity.render-pipelines.universal/Textures/SMAA/SearchTex.tga
 1.1 kb	 0.0% Packages/com.unity.render-pipelines.core/Runtime/Debugging/Prefabs/Textures/UIFoldoutOpened.png
 1.1 kb	 0.0% Packages/com.unity.render-pipelines.core/Runtime/Debugging/Prefabs/Textures/UIFoldoutClosed.png
 1.1 kb	 0.0% Packages/com.unity.render-pipelines.core/Runtime/Debugging/Prefabs/Textures/UICheckMark.png
 0.9 kb	 0.0% Packages/com.unity.render-pipelines.core/Runtime/Debugging/Prefabs/Widgets/DebugUIEnumHistory.prefab
 0.9 kb	 0.0% Assets/TextMesh Pro/Examples & Extras/Resources/Fonts & Materials/LiberationSans SDF - Overlay.mat
 0.9 kb	 0.0% Packages/com.unity.render-pipelines.core/Runtime/Debugging/Prefabs/Widgets/DebugUIValuePersistent.prefab
 0.9 kb	 0.0% Packages/com.unity.render-pipelines.core/Runtime/Debugging/Prefabs/Widgets/DebugUIValueTuple.prefab
 0.9 kb	 0.0% Packages/com.unity.render-pipelines.core/Runtime/Debugging/Prefabs/Resources/DebugUIPersistentCanvas.prefab
 0.9 kb	 0.0% Packages/com.unity.render-pipelines.core/Runtime/Debugging/Prefabs/Widgets/DebugUIObject.prefab
 0.9 kb	 0.0% Packages/com.unity.render-pipelines.core/Runtime/Debugging/Prefabs/Widgets/DebugUIValue.prefab
 0.9 kb	 0.0% Packages/com.unity.render-pipelines.core/Runtime/Debugging/Prefabs/Widgets/DebugUIMessageBox.prefab
 0.9 kb	 0.0% Packages/com.unity.render-pipelines.core/Runtime/Debugging/Prefabs/Textures/UIElement8px.png
 0.8 kb	 0.0% Packages/com.unity.render-pipelines.universal/Runtime/Data/PostProcessData.asset
 0.6 kb	 0.0% Packages/com.unity.render-pipelines.core/Runtime/Debugging/Prefabs/Textures/White1px.png
 0.6 kb	 0.0% Assets/YanYana/Art/Materials/OriginalFlameHeart.mat
 0.6 kb	 0.0% Assets/YanYana/Art/Materials/OriginalFlameGold.mat
 0.6 kb	 0.0% Assets/YanYana/Art/Materials/OriginalFlameEmber.mat
 0.5 kb	 0.0% Assets/Settings/SampleSceneProfile.asset
 0.5 kb	 0.0% Packages/com.unity.render-pipelines.universal/Shaders/XR/XRMirrorView.shader
 0.5 kb	 0.0% Packages/com.unity.render-pipelines.universal/Shaders/Utils/BlitHDROverlay.shader
 0.4 kb	 0.0% Assets/Settings/Mobile_RPAsset.asset
 0.4 kb	 0.0% Assets/Settings/PC_RPAsset.asset
 0.4 kb	 0.0% Packages/com.unity.render-pipelines.universal/Runtime/Decal/DBuffer/DBufferClear.shader
 0.4 kb	 0.0% Packages/com.unity.render-pipelines.core/Runtime/Debugging/Prefabs/Widgets/DebugUIVBox.prefab
 0.4 kb	 0.0% Packages/com.unity.render-pipelines.core/Runtime/Debugging/Prefabs/Widgets/DebugUIHBox.prefab
 0.4 kb	 0.0% Built-in Sprite: 
 0.4 kb	 0.0% Assets/TextMesh Pro/Examples & Extras/Textures/Gradient Horizontal (Color).jpg
 0.4 kb	 0.0% Assets/TextMesh Pro/Examples & Extras/Textures/Gradient Diagonal (Color).jpg
 0.4 kb	 0.0% Packages/com.unity.render-pipelines.universal/Textures/BlueNoise16/L/LDR_LLL1_9.png
 0.4 kb	 0.0% Packages/com.unity.render-pipelines.universal/Textures/BlueNoise16/L/LDR_LLL1_8.png
 0.4 kb	 0.0% Packages/com.unity.render-pipelines.universal/Textures/BlueNoise16/L/LDR_LLL1_7.png
 0.4 kb	 0.0% Packages/com.unity.render-pipelines.universal/Textures/BlueNoise16/L/LDR_LLL1_6.png
 0.4 kb	 0.0% Packages/com.unity.render-pipelines.universal/Textures/BlueNoise16/L/LDR_LLL1_5.png
 0.4 kb	 0.0% Packages/com.unity.render-pipelines.universal/Textures/BlueNoise16/L/LDR_LLL1_4.png
 0.4 kb	 0.0% Packages/com.unity.render-pipelines.universal/Textures/BlueNoise16/L/LDR_LLL1_31.png
 0.4 kb	 0.0% Packages/com.unity.render-pipelines.universal/Textures/BlueNoise16/L/LDR_LLL1_30.png
 0.4 kb	 0.0% Packages/com.unity.render-pipelines.universal/Textures/BlueNoise16/L/LDR_LLL1_3.png
 0.4 kb	 0.0% Packages/com.unity.render-pipelines.universal/Textures/BlueNoise16/L/LDR_LLL1_29.png
 0.4 kb	 0.0% Packages/com.unity.render-pipelines.universal/Textures/BlueNoise16/L/LDR_LLL1_28.png
 0.4 kb	 0.0% Packages/com.unity.render-pipelines.universal/Textures/BlueNoise16/L/LDR_LLL1_27.png
 0.4 kb	 0.0% Packages/com.unity.render-pipelines.universal/Textures/BlueNoise16/L/LDR_LLL1_26.png
 0.4 kb	 0.0% Packages/com.unity.render-pipelines.universal/Textures/BlueNoise16/L/LDR_LLL1_25.png
 0.4 kb	 0.0% Packages/com.unity.render-pipelines.universal/Textures/BlueNoise16/L/LDR_LLL1_24.png
 0.4 kb	 0.0% Packages/com.unity.render-pipelines.universal/Textures/BlueNoise16/L/LDR_LLL1_23.png
 0.4 kb	 0.0% Packages/com.unity.render-pipelines.universal/Textures/BlueNoise16/L/LDR_LLL1_22.png
 0.4 kb	 0.0% Packages/com.unity.render-pipelines.universal/Textures/BlueNoise16/L/LDR_LLL1_21.png
 0.4 kb	 0.0% Packages/com.unity.render-pipelines.universal/Textures/BlueNoise16/L/LDR_LLL1_20.png
 0.4 kb	 0.0% Packages/com.unity.render-pipelines.universal/Textures/BlueNoise16/L/LDR_LLL1_2.png
 0.4 kb	 0.0% Packages/com.unity.render-pipelines.universal/Textures/BlueNoise16/L/LDR_LLL1_19.png
 0.4 kb	 0.0% Packages/com.unity.render-pipelines.universal/Textures/BlueNoise16/L/LDR_LLL1_18.png
 0.4 kb	 0.0% Packages/com.unity.render-pipelines.universal/Textures/BlueNoise16/L/LDR_LLL1_17.png
 0.4 kb	 0.0% Packages/com.unity.render-pipelines.universal/Textures/BlueNoise16/L/LDR_LLL1_16.png
 0.4 kb	 0.0% Packages/com.unity.render-pipelines.universal/Textures/BlueNoise16/L/LDR_LLL1_15.png
 0.4 kb	 0.0% Packages/com.unity.render-pipelines.universal/Textures/BlueNoise16/L/LDR_LLL1_14.png
 0.4 kb	 0.0% Packages/com.unity.render-pipelines.universal/Textures/BlueNoise16/L/LDR_LLL1_13.png
 0.4 kb	 0.0% Packages/com.unity.render-pipelines.universal/Textures/BlueNoise16/L/LDR_LLL1_12.png
 0.4 kb	 0.0% Packages/com.unity.render-pipelines.universal/Textures/BlueNoise16/L/LDR_LLL1_11.png
 0.4 kb	 0.0% Packages/com.unity.render-pipelines.universal/Textures/BlueNoise16/L/LDR_LLL1_10.png
 0.4 kb	 0.0% Packages/com.unity.render-pipelines.universal/Textures/BlueNoise16/L/LDR_LLL1_1.png
 0.4 kb	 0.0% Packages/com.unity.render-pipelines.universal/Textures/BlueNoise16/L/LDR_LLL1_0.png
 0.4 kb	 0.0% Packages/com.unity.render-pipelines.universal/Shaders/XR/XROcclusionMesh.shader
 0.4 kb	 0.0% Assets/Settings/PC_Renderer.asset
 0.3 kb	 0.0% Packages/com.unity.render-pipelines.universal/Shaders/XR/XRMotionVector.shader
 0.3 kb	 0.0% Assets/YanYana/Art/YanYanaColor.asset
 0.3 kb	 0.0% Packages/com.unity.render-pipelines.universal/Runtime/Materials/Sprite-Unlit-Default.mat
 0.3 kb	 0.0% Assets/TextMesh Pro/Resources/LineBreaking Following Characters.txt
 0.3 kb	 0.0% Assets/TextMesh Pro/Resources/TMP Settings.asset
 0.3 kb	 0.0% Assets/Settings/Mobile_Renderer.asset
 0.2 kb	 0.0% Assets/YanYana/Animation/TitleCameraBlends.asset
 0.2 kb	 0.0% Packages/com.unity.render-pipelines.universal/Runtime/Debug/UniversalRenderPipelineVolumeDebugSettings.deprecated.cs
 0.2 kb	 0.0% Packages/com.unity.render-pipelines.universal/Runtime/RenderPipelineResources/UniversalRenderPipelineRuntimeXRResources.cs
 0.2 kb	 0.0% Packages/com.unity.render-pipelines.universal/Runtime/Debug/UniversalRenderPipelineVolumeDebugSettings.cs
 0.2 kb	 0.0% Packages/com.unity.render-pipelines.universal/Runtime/Debug/UniversalRenderPipelineDebugDisplaySettings.cs
 0.2 kb	 0.0% Packages/com.unity.render-pipelines.core/Runtime/RenderGraph/RenderGraphResourceAccelerationStructure.cs
 0.2 kb	 0.0% Packages/com.unity.render-pipelines.universal/Runtime/UniversalRenderPipelineGlobalSettings.cs
 0.2 kb	 0.0% Packages/com.unity.render-pipelines.universal/Runtime/RenderPipelineResources/UniversalRenderPipelineRuntimeTextures.cs
 0.2 kb	 0.0% Packages/com.unity.render-pipelines.universal/Runtime/RenderPipelineResources/UniversalRenderPipelineRuntimeShaders.cs
 0.2 kb	 0.0% Packages/com.unity.render-pipelines.universal/Runtime/RenderPipelineResources/UniversalRenderPipelineEditorMaterials.cs
 0.2 kb	 0.0% Packages/com.unity.render-pipelines.universal/Runtime/Debug/UniversalRenderPipelineDebugDisplayStats.cs
 0.2 kb	 0.0% Packages/com.unity.render-pipelines.universal/Runtime/2D/Shadows/ShadowProvider/Providers/ShadowShape2DProvider_SpriteRenderer.cs
 0.2 kb	 0.0% Packages/com.unity.render-pipelines.core/Runtime/Stripping/RenderPipelineGraphicsSettingsStripperFetcher.cs
 0.2 kb	 0.0% Packages/com.unity.render-pipelines.core/Runtime/RenderGraph/IRenderGraphEnabledRenderPipeline.cs
 0.2 kb	 0.0% Packages/com.unity.multiplayer.center/Common/IOnboardingSectionAnalyticsProvider.cs
 0.2 kb	 0.0% Packages/com.unity.rendering.light-transport/Runtime/UnifiedRayTracing/Hardware/HardwareRayTracingAccelStruct.cs
 0.2 kb	 0.0% Packages/com.unity.render-pipelines.universal/Runtime/RenderPipelineResources/UniversalRenderPipelineEditorShaders.cs
 0.2 kb	 0.0% Packages/com.unity.render-pipelines.universal/Runtime/RenderPipelineResources/UniversalRenderPipelineEditorAssets.cs
 0.2 kb	 0.0% Packages/com.unity.render-pipelines.universal/Runtime/RenderPipelineResources/UniversalRenderPipelineDebugShaders.cs
 0.2 kb	 0.0% Packages/com.unity.render-pipelines.universal/Runtime/Passes/AdditionalLightsShadowCasterPass.cs
 0.2 kb	 0.0% Packages/com.unity.render-pipelines.universal/Runtime/Passes/AdditionalLightsShadowAtlasLayout.cs
 0.2 kb	 0.0% Packages/com.unity.render-pipelines.core/Runtime/Stripping/RenderPipelineGraphicsSettingsStripperReport.cs
 0.2 kb	 0.0% Packages/com.unity.render-pipelines.core/Runtime/RenderGraph/Compiler/NativePassCompiler.Debug.cs
 0.2 kb	 0.0% Packages/com.unity.render-pipelines.core/Runtime/GPUDriven/OcclusionCullingCommonShaderVariables.cs
 0.2 kb	 0.0% Packages/com.unity.render-pipelines.core/Runtime/GPUDriven/InstanceOcclusionCullerShaderVariables.cs
 0.2 kb	 0.0% Packages/com.unity.visualscripting/Runtime/VisualScripting.Core/Listeners/UI/UnityOnScrollbarValueChangedMessageListener.cs
 0.2 kb	 0.0% Packages/com.unity.visualscripting/Runtime/VisualScripting.Core/Listeners/UI/UnityOnScrollRectValueChangedMessageListener.cs
 0.2 kb	 0.0% Packages/com.unity.visualscripting/Runtime/VisualScripting.Core/Listeners/UI/UnityOnInputFieldValueChangedMessageListener.cs
 0.2 kb	 0.0% Packages/com.unity.visualscripting/Runtime/VisualScripting.Core/Listeners/UI/UnityOnDropdownValueChangedMessageListener.cs
 0.2 kb	 0.0% Packages/com.unity.visualscripting/Runtime/VisualScripting.Core/Listeners/MonoBehaviour/UnityOnTransformChildrenChangedMListener.cs
 0.2 kb	 0.0% Packages/com.unity.visualscripting/Runtime/VisualScripting.Core/Listeners/MonoBehaviour/UnityOnControllerColliderHitMessageListener.cs
 0.2 kb	 0.0% Packages/com.unity.render-pipelines.universal/Runtime/2D/Shadows/ShadowProvider/Providers/ShadowShape2DProvider_Collider.cs
 0.2 kb	 0.0% Packages/com.unity.render-pipelines.universal/Runtime/2D/CinemachineUniversalPixelPerfect.cs
 0.2 kb	 0.0% Packages/com.unity.render-pipelines.core/Runtime/Stripping/RenderPipelineGraphicsSettingsStripper.cs
 0.2 kb	 0.0% Packages/com.unity.render-pipelines.core/Runtime/RenderPipeline/RenderPipelineGraphicsSettingsContainer.cs
 0.2 kb	 0.0% Packages/com.unity.render-pipelines.core/Runtime/RenderGraph/Compiler/NativePassCompiler.cs
 0.2 kb	 0.0% Packages/com.unity.render-pipelines.core/Runtime/RenderGraph/Compiler/CompilerContextData.cs
 0.2 kb	 0.0% Packages/com.unity.render-pipelines.core/Runtime/Common/IVirtualTexturingEnabledRenderPipeline.cs
 0.2 kb	 0.0% Packages/com.unity.mathematics/Unity.Mathematics/Il2CppEagerStaticClassConstructionAttribute.cs
 0.2 kb	 0.0% Packages/com.unity.visualscripting/Runtime/VisualScripting.Core/Listeners/MonoBehaviour/UnityOnTransformParentChangedMListener.cs
 0.2 kb	 0.0% Packages/com.unity.visualscripting/Runtime/VisualScripting.Core/Dependencies/AssemblyQualifiedNameParser/ParsedAssemblyQualifiedName.cs
 0.2 kb	 0.0% Packages/com.unity.rendering.light-transport/Runtime/UnifiedRayTracing/UnifiedRayTracingException.cs
 0.2 kb	 0.0% Packages/com.unity.rendering.light-transport/Runtime/UnifiedRayTracing/Hardware/HardwareRayTracingBackend.cs
 0.2 kb	 0.0% Packages/com.unity.rendering.light-transport/Runtime/UnifiedRayTracing/Compute/ComputeRayTracingAccelStruct.cs
 0.2 kb	 0.0% Packages/com.unity.render-pipelines.universal/Textures/BayerMatrix.png
 0.2 kb	 0.0% Packages/com.unity.render-pipelines.universal/Runtime/VolumeRequiresRendererFeatures.cs
 0.2 kb	 0.0% Packages/com.unity.render-pipelines.universal/Runtime/UniversalAdditionalCameraData.cs
 0.2 kb	 0.0% Packages/com.unity.render-pipelines.universal/Runtime/Settings/URPDefaultVolumeProfileSetting.cs
 0.2 kb	 0.0% Packages/com.unity.render-pipelines.universal/Runtime/RendererFeatures/FullScreenPassRendererFeature.cs
 0.2 kb	 0.0% Packages/com.unity.render-pipelines.universal/Runtime/RendererFeatures/DisallowMultipleRendererFeature.cs
 0.2 kb	 0.0% Packages/com.unity.render-pipelines.universal/Runtime/RenderGraph/RenderGraphGraphicsAutomatedTests.cs
 0.2 kb	 0.0% Packages/com.unity.render-pipelines.universal/Runtime/Passes/ScreenSpaceAmbientOcclusionPass.cs
 0.2 kb	 0.0% Packages/com.unity.render-pipelines.universal/Runtime/Passes/MainLightShadowCasterPass.cs
 0.2 kb	 0.0% Packages/com.unity.render-pipelines.universal/Runtime/Passes/InvokeOnRenderObjectCallbackPass.cs
 0.2 kb	 0.0% Packages/com.unity.render-pipelines.universal/Runtime/Decal/Entities/DecalUpdateCullingGroupSystem.cs
 0.2 kb	 0.0% Packages/com.unity.render-pipelines.universal/Runtime/Debug/DebugDisplaySettingsRendering.cs
 0.2 kb	 0.0% Packages/com.unity.render-pipelines.core/Runtime/RenderGraph/RenderGraphUtilsResources.cs
 0.2 kb	 0.0% Packages/com.unity.render-pipelines.core/Runtime/Lighting/ProbeVolume/ProbeReferenceVolume.ReflProbeNormalization.cs
 0.2 kb	 0.0% Packages/com.unity.render-pipelines.core/Runtime/GPUDriven/OcclusionCullingDebugShaderVariables.cs
 0.2 kb	 0.0% Packages/com.unity.postprocessing/PostProcessing/Runtime/Utils/PostProcessEffectRendererExtensions.cs
 0.2 kb	 0.0% Packages/com.unity.postprocessing/PostProcessing/Runtime/Effects/SubpixelMorphologicalAntialiasing.cs
 0.2 kb	 0.0% Packages/com.unity.visualscripting/Runtime/VisualScripting.Core/Listeners/UI/UnityOnToggleValueChangedMessageListener.cs
 0.2 kb	 0.0% Packages/com.unity.visualscripting/Runtime/VisualScripting.Core/Listeners/UI/UnityOnSliderValueChangedMessageListener.cs
 0.2 kb	 0.0% Packages/com.unity.visualscripting/Runtime/VisualScripting.Core/Listeners/UI/UnityOnInputFieldEndEditMessageListener.cs
 0.2 kb	 0.0% Packages/com.unity.visualscripting/Runtime/VisualScripting.Core/Listeners/MonoBehaviour/UnityOnParticleCollisionMessageListener.cs
 0.2 kb	 0.0% Packages/com.unity.visualscripting/Runtime/VisualScripting.Core/Listeners/MonoBehaviour/UnityOnMouseUpAsButtonMessageListener.cs
 0.2 kb	 0.0% Packages/com.unity.visualscripting/Runtime/VisualScripting.Core/Listeners/MonoBehaviour/UnityOnCollisionStay2DMessageListener.cs
 0.2 kb	 0.0% Packages/com.unity.visualscripting/Runtime/VisualScripting.Core/Listeners/MonoBehaviour/UnityOnCollisionExit2DMessageListener.cs
 0.2 kb	 0.0% Packages/com.unity.visualscripting/Runtime/VisualScripting.Core/Listeners/MonoBehaviour/UnityOnCollisionEnter2DMessageListener.cs
 0.2 kb	 0.0% Packages/com.unity.visualscripting/Runtime/VisualScripting.Core/Listeners/MonoBehaviour/UnityOnBecameInvisibleMessageListener.cs
 0.2 kb	 0.0% Packages/com.unity.render-pipelines.universal/Runtime/UniversalRenderPipelineRenderGraph.cs
 0.2 kb	 0.0% Packages/com.unity.render-pipelines.universal/Runtime/2D/Shadows/ShadowCasterGroup2DManager.cs
 0.2 kb	 0.0% Packages/com.unity.render-pipelines.universal/Runtime/2D/Rendergraph/CopyCameraSortingLayerPass.cs
 0.2 kb	 0.0% Packages/com.unity.render-pipelines.universal/Runtime/2D/RendererFeatures/ScriptableRenderPass2D.cs
 0.2 kb	 0.0% Packages/com.unity.render-pipelines.universal/Runtime/2D/PixelPerfectCameraInternal.cs
 0.2 kb	 0.0% Packages/com.unity.render-pipelines.universal/Runtime/2D/Passes/PixelPerfectBackgroundPass.cs
 0.2 kb	 0.0% Packages/com.unity.render-pipelines.core/Runtime/RenderPipeline/RenderPipelineGlobalSettingsUtils.cs
 0.2 kb	 0.0% Packages/com.unity.render-pipelines.core/Runtime/RenderGraph/RenderGraphResourceRegistry.cs
 0.2 kb	 0.0% Packages/com.unity.render-pipelines.core/Runtime/RenderGraph/RenderGraphDefaultResources.cs
 0.2 kb	 0.0% Packages/com.unity.render-pipelines.core/Runtime/RenderGraph/Compiler/ResourcesData.cs
 0.2 kb	 0.0% Packages/com.unity.render-pipelines.core/Runtime/Lighting/ProbeVolume/ProbeVolumeConstantRuntimeResources.cs
 0.2 kb	 0.0% Packages/com.unity.render-pipelines.core/Runtime/Lighting/ProbeVolume/ProbeVolumeBakingSetWeakReference.cs
 0.2 kb	 0.0% Packages/com.unity.render-pipelines.core/Runtime/Lighting/ProbeVolume/IProbeVolumeEnabledRenderPipeline.cs
 0.2 kb	 0.0% Packages/com.unity.render-pipelines.core/Runtime/Debugging/Prefabs/Scripts/DebugUIHandlerRenderingLayerField.cs
 0.2 kb	 0.0% Packages/com.unity.visualscripting/Runtime/VisualScripting.Core/Dependencies/FullSerializer/Converters/Unity/GUIStyleState_DirectConverter.cs
 0.2 kb	 0.0% Packages/com.unity.visualscripting/Runtime/VisualScripting.Core/Dependencies/FullSerializer/Converters/Unity/AnimationCurve_DirectConverter.cs
 0.2 kb	 0.0% Packages/com.unity.rendering.light-transport/Runtime/UnifiedRayTracing/IRayTracingAccelStruct.cs
 0.2 kb	 0.0% Packages/com.unity.rendering.light-transport/Runtime/UnifiedRayTracing/Hardware/HardwareRayTracingShader.cs
 0.2 kb	 0.0% Packages/com.unity.rendering.light-transport/Runtime/UnifiedRayTracing/Compute/ComputeRayTracingShader.cs
 0.2 kb	 0.0% Packages/com.unity.rendering.light-transport/Runtime/UnifiedRayTracing/Compute/ComputeRayTracingBackend.cs
 0.2 kb	 0.0% Packages/com.unity.render-pipelines.universal/Runtime/UniversalAdditionalLightData.cs
 0.2 kb	 0.0% Packages/com.unity.render-pipelines.universal/Runtime/Tiling/ReflectionProbeMinMaxZJob.cs
 0.2 kb	 0.0% Packages/com.unity.render-pipelines.universal/Runtime/Settings/URPShaderStrippingSetting.cs
 0.2 kb	 0.0% Packages/com.unity.render-pipelines.universal/Runtime/ScriptableRendererFeature.cs
 0.2 kb	 0.0% Packages/com.unity.render-pipelines.universal/Runtime/RendererFeatures/ScreenSpaceAmbientOcclusion.cs
 0.2 kb	 0.0% Packages/com.unity.render-pipelines.universal/Runtime/RenderTargetBufferSystem.cs
 0.2 kb	 0.0% Packages/com.unity.render-pipelines.universal/Runtime/RenderPipelineResources/UniversalRendererResources.cs
 0.2 kb	 0.0% Packages/com.unity.render-pipelines.universal/Runtime/Overrides/ShadowsMidtonesHighlights.cs
 0.2 kb	 0.0% Packages/com.unity.render-pipelines.universal/Runtime/FrameData/UniversalPostProcessingData.cs
 0.2 kb	 0.0% Packages/com.unity.render-pipelines.universal/Runtime/Decal/ScreenSpace/DecalScreenSpaceRenderPass.cs
 0.2 kb	 0.0% Packages/com.unity.render-pipelines.universal/Runtime/Decal/Entities/DecalCreateDrawCallSystem.cs
 0.2 kb	 0.0% Packages/com.unity.render-pipelines.universal/Runtime/Debug/DebugDisplaySettingsMaterial.cs
 0.2 kb	 0.0% Packages/com.unity.render-pipelines.universal/Runtime/Debug/DebugDisplaySettingsLighting.cs
 0.2 kb	 0.0% Packages/com.unity.render-pipelines.universal/Runtime/Debug/DebugDisplaySettingsCommon.cs
 0.2 kb	 0.0% Packages/com.unity.render-pipelines.universal/Runtime/Data/UniversalRenderPipelineAsset.cs
 0.2 kb	 0.0% Packages/com.unity.render-pipelines.core/Runtime/RenderGraph/RenderGraphResourceRendererList.cs
 0.2 kb	 0.0% Packages/com.unity.render-pipelines.core/Runtime/RenderGraph/Compiler/PassesData.cs
 0.2 kb	 0.0% Packages/com.unity.render-pipelines.core/Runtime/GPUDriven/OccluderDepthPyramidConstants.cs
 0.2 kb	 0.0% Packages/com.unity.render-pipelines.core/Runtime/GPUDriven/Debug/DebugDisplayGPUResidentDrawer.cs
 0.2 kb	 0.0% Packages/com.unity.collections/Unity.Collections/GenerateTestsForBurstCompatibilityAttribute.cs
 0.2 kb	 0.0% Packages/com.unity.visualscripting/Runtime/VisualScripting.Core/SerializedProperties/SerializedPropertyProviderAttribute.cs
 0.2 kb	 0.0% Packages/com.unity.visualscripting/Runtime/VisualScripting.Core/Listeners/UIInterfaces/UnityOnPointerExitMessageListener.cs
 0.2 kb	 0.0% Packages/com.unity.visualscripting/Runtime/VisualScripting.Core/Listeners/UIInterfaces/UnityOnPointerEnterMessageListener.cs
 0.2 kb	 0.0% Packages/com.unity.visualscripting/Runtime/VisualScripting.Core/Listeners/UIInterfaces/UnityOnPointerDownMessageListener.cs
 0.2 kb	 0.0% Packages/com.unity.visualscripting/Runtime/VisualScripting.Core/Listeners/UIInterfaces/UnityOnPointerClickMessageListener.cs
 0.2 kb	 0.0% Packages/com.unity.visualscripting/Runtime/VisualScripting.Core/Listeners/UI/UnityOnButtonClickMessageListener.cs
 0.2 kb	 0.0% Packages/com.unity.visualscripting/Runtime/VisualScripting.Core/Listeners/MonoBehaviour/UnityOnTriggerEnterMessageListener.cs
 0.2 kb	 0.0% Packages/com.unity.visualscripting/Runtime/VisualScripting.Core/Listeners/MonoBehaviour/UnityOnJointBreak2DMessageListener.cs
 0.2 kb	 0.0% Packages/com.unity.visualscripting/Runtime/VisualScripting.Core/Listeners/MonoBehaviour/UnityOnCollisionStayMessageListener.cs
 0.2 kb	 0.0% Packages/com.unity.visualscripting/Runtime/VisualScripting.Core/Listeners/MonoBehaviour/UnityOnCollisionExitMessageListener.cs
 0.2 kb	 0.0% Packages/com.unity.visualscripting/Runtime/VisualScripting.Core/Listeners/MonoBehaviour/UnityOnCollisionEnterMessageListener.cs
 0.2 kb	 0.0% Packages/com.unity.visualscripting/Runtime/VisualScripting.Core/Listeners/MonoBehaviour/UnityOnBecameVisibleMessageListener.cs
 0.2 kb	 0.0% Packages/com.unity.visualscripting/Runtime/VisualScripting.Core/EditorBinding/Inspector/InspectorActionDirectionAttribute.cs
 0.2 kb	 0.0% Packages/com.unity.visualscripting/Runtime/VisualScripting.Core/EditorBinding/Inspector/InspectViaImplementationsAttribute.cs
 0.2 kb	 0.0% Packages/com.unity.visualscripting/Runtime/VisualScripting.Core/Dependencies/FullSerializer/Internal/fsCyclicReferenceManager.cs
 0.2 kb	 0.0% Packages/com.unity.visualscripting/Runtime/VisualScripting.Core/Dependencies/FullSerializer/Converters/Unity/UnityEvent_Converter.cs
 0.2 kb	 0.0% Packages/com.unity.render-pipelines.universal/Runtime/UniversalRenderPipelineCore.cs
 0.2 kb	 0.0% Packages/com.unity.render-pipelines.universal/Runtime/FrameData/UniversalResourceBase.cs
 0.2 kb	 0.0% Packages/com.unity.render-pipelines.universal/Runtime/2D/Shadows/ShadowProvider/ShadowShape2DProvider.cs
 0.2 kb	 0.0% Packages/com.unity.render-pipelines.universal/Runtime/2D/Shadows/CompositeShadowCaster2D.cs
 0.2 kb	 0.0% Packages/com.unity.render-pipelines.core/Runtime/Utilities/CoreRenderPipelinePreferences.cs
 0.2 kb	 0.0% Packages/com.unity.render-pipelines.core/Runtime/Settings/IDefaultVolumeProfileSettings.cs
 0.2 kb	 0.0% Packages/com.unity.render-pipelines.core/Runtime/RenderGraph/RenderGraphResourcePool.cs
 0.2 kb	 0.0% Packages/com.unity.render-pipelines.core/Runtime/RenderGraph/RenderGraphObjectPool.cs
 0.2 kb	 0.0% Packages/com.unity.render-pipelines.core/Runtime/RenderGraph/Debug/RenderGraphDebugParams.cs
 0.2 kb	 0.0% Packages/com.unity.render-pipelines.core/Runtime/RenderGraph/Debug/DebugDisplaySettingsRenderGraph.cs
 0.2 kb	 0.0% Packages/com.unity.render-pipelines.core/Runtime/Lighting/ProbeVolume/ProbeVolumeBakingProcessSettings.cs
 0.2 kb	 0.0% Packages/com.unity.render-pipelines.core/Runtime/Debugging/Prefabs/Scripts/DebugUIHandlerPersistentCanvas.cs
 0.2 kb	 0.0% Packages/com.unity.render-pipelines.core/Runtime/Debugging/Prefabs/Scripts/DebugUIHandlerObjectPopupField.cs
 0.2 kb	 0.0% Packages/com.unity.render-pipelines.core/Runtime/Debugging/Prefabs/Scripts/DebugUIHandlerIndirectFloatField.cs
 0.2 kb	 0.0% Packages/com.unity.render-pipelines.core/Runtime/Debugging/DebugDisplaySettingsHDROutput.cs
 0.2 kb	 0.0% Packages/com.unity.render-pipelines.core/Runtime/Common/GlobalDynamicResolutionSettings.cs
 0.2 kb	 0.0% Packages/com.unity.inputsystem/InputSystem/Editor/UITKAssetEditor/Views/CompositePartBindingPropertiesView.cs
 0.2 kb	 0.0% Packages/com.unity.inputsystem/InputSystem/Editor/UITKAssetEditor/Views/CollectionViewSelectionChangeFilter.cs
 0.2 kb	 0.0% Packages/com.unity.inputsystem/InputSystem/Editor/UITKAssetEditor/InputActionsEditorSettingsProvider.cs
 0.2 kb	 0.0% Packages/com.unity.inputsystem/InputSystem/Editor/PropertyDrawers/InputActionReferenceSearchProviders.cs
 0.2 kb	 0.0% Packages/com.unity.inputsystem/InputSystem/Editor/PropertyDrawers/InputActionReferencePropertyDrawer.cs
 0.2 kb	 0.0% Packages/com.unity.inputsystem/InputSystem/Editor/Analytics/InputActionsEditorSessionAnalytic.cs
 0.2 kb	 0.0% Packages/com.unity.inputsystem/InputSystem/Devices/Commands/QueryEditorWindowCoordinatesCommand.cs
 0.2 kb	 0.0% Packages/com.unity.inputsystem/InputSystem/Devices/Commands/InitiateUserAccountPairingCommand.cs
 0.2 kb	 0.0% Packages/com.unity.visualscripting/Runtime/VisualScripting.Core/Listeners/MonoBehaviour/UnityOnTriggerStay2DMListener.cs
 0.2 kb	 0.0% Packages/com.unity.visualscripting/Runtime/VisualScripting.Core/Listeners/MonoBehaviour/UnityOnTriggerExit2DMListener.cs
 0.2 kb	 0.0% Packages/com.unity.visualscripting/Runtime/VisualScripting.Core/Listeners/MonoBehaviour/UnityOnTriggerEnter2DMListener.cs
 0.2 kb	 0.0% Packages/com.unity.visualscripting/Runtime/VisualScripting.Core/Dependencies/FullSerializer/fsISerializationCallbacks.cs
 0.2 kb	 0.0% Packages/com.unity.visualscripting/Runtime/VisualScripting.Core/Dependencies/FullSerializer/Converters/Unity/RectOffset_DirectConverter.cs
 0.2 kb	 0.0% Packages/com.unity.visualscripting/Runtime/VisualScripting.Core/Dependencies/FullSerializer/Converters/Unity/LayerMask_DirectConverter.cs
 0.2 kb	 0.0% Packages/com.unity.visualscripting/Runtime/VisualScripting.Core/Dependencies/FullSerializer/Converters/Unity/InputAction_DirectConverter.cs
 0.2 kb	 0.0% Packages/com.unity.rendering.light-transport/Runtime/UnifiedRayTracing/RayTracingResources.cs
 0.2 kb	 0.0% Packages/com.unity.rendering.light-transport/Runtime/UnifiedRayTracing/RayTracingContext.cs
 0.2 kb	 0.0% Packages/com.unity.rendering.light-transport/Runtime/UnifiedRayTracing/IRayTracingShader.cs
 0.2 kb	 0.0% Packages/com.unity.rendering.light-transport/Runtime/UnifiedRayTracing/IRayTracingBackend.cs
 0.2 kb	 0.0% Packages/com.unity.rendering.light-transport/Runtime/UnifiedRayTracing/Compute/BLASPositionsPool.cs
 0.2 kb	 0.0% Packages/com.unity.rendering.light-transport/Runtime/UnifiedRayTracing/Common/GeometryPool/GeometryPoolDefs.cs
 0.2 kb	 0.0% Packages/com.unity.rendering.light-transport/Runtime/UnifiedRayTracing/Common/AccelStructInstances.cs
 0.2 kb	 0.0% Packages/com.unity.rendering.light-transport/Runtime/UnifiedRayTracing/Common/AccelStructAdapter.cs
 0.2 kb	 0.0% Packages/com.unity.render-pipelines.universal/Runtime/UniversalRendererRenderGraph.cs
 0.2 kb	 0.0% Packages/com.unity.render-pipelines.universal/Runtime/UniversalRendererData.cs
 0.2 kb	 0.0% Packages/com.unity.render-pipelines.universal/Runtime/UniversalRenderPipeline.cs
 0.2 kb	 0.0% Packages/com.unity.render-pipelines.universal/Runtime/UniversalCameraHistory.cs
 0.2 kb	 0.0% Packages/com.unity.render-pipelines.universal/Runtime/Tiling/TileRangeExpansionJob.cs
 0.2 kb	 0.0% Packages/com.unity.render-pipelines.universal/Runtime/SupportedOnRenderer.cs
 0.2 kb	 0.0% Packages/com.unity.render-pipelines.universal/Runtime/ScriptableRendererData.cs
 0.2 kb	 0.0% Packages/com.unity.render-pipelines.universal/Runtime/RendererFeatures/FullScreenPassRendererFeature_OldGUID.cs
 0.2 kb	 0.0% Packages/com.unity.render-pipelines.universal/Runtime/ReflectionProbeManager.cs
 0.2 kb	 0.0% Packages/com.unity.render-pipelines.universal/Runtime/Passes/TransparentSettingsPass.cs
 0.2 kb	 0.0% Packages/com.unity.render-pipelines.universal/Runtime/Passes/MotionVectorRenderPass.cs
 0.2 kb	 0.0% Packages/com.unity.render-pipelines.universal/Runtime/Passes/DrawScreenSpaceUIPass.cs
 0.2 kb	 0.0% Packages/com.unity.render-pipelines.universal/Runtime/Passes/DepthNormalOnlyPass.cs
 0.2 kb	 0.0% Packages/com.unity.render-pipelines.universal/Runtime/Passes/ColorGradingLutPass.cs
 0.2 kb	 0.0% Packages/com.unity.render-pipelines.universal/Runtime/NormalReconstruction.cs
 0.2 kb	 0.0% Packages/com.unity.render-pipelines.universal/Runtime/FrameData/UniversalResourceData.cs
 0.2 kb	 0.0% Packages/com.unity.render-pipelines.universal/Runtime/FrameData/UniversalRenderingData.cs
 0.2 kb	 0.0% Packages/com.unity.render-pipelines.universal/Runtime/FrameData/Universal2DResourceData.cs
 0.2 kb	 0.0% Packages/com.unity.render-pipelines.universal/Runtime/Decal/ScreenSpace/DecalGBufferRenderPass.cs
 0.2 kb	 0.0% Packages/com.unity.render-pipelines.universal/Runtime/Decal/Entities/DecalUpdateCulledSystem.cs
 0.2 kb	 0.0% Packages/com.unity.render-pipelines.universal/Runtime/Decal/Entities/DecalUpdateCachedSystem.cs
 0.2 kb	 0.0% Packages/com.unity.render-pipelines.universal/Runtime/Decal/Entities/DecalSkipCulledSystem.cs
 0.2 kb	 0.0% Packages/com.unity.render-pipelines.universal/Runtime/Decal/DBuffer/DecalForwardEmissivePass.cs
 0.2 kb	 0.0% Packages/com.unity.render-pipelines.core/Runtime/XR/XRBuiltinShaderConstants.cs
 0.2 kb	 0.0% Packages/com.unity.render-pipelines.core/Runtime/Settings/IDefaultVolumeProfileResource.cs
 0.2 kb	 0.0% Packages/com.unity.render-pipelines.core/Runtime/RenderGraph/RenderGraphResourceTexture.cs
 0.2 kb	 0.0% Packages/com.unity.render-pipelines.core/Runtime/RenderGraph/IRenderGraphBuilder.cs
 0.2 kb	 0.0% Packages/com.unity.render-pipelines.core/Runtime/GPUDriven/InstanceCullingBatcherBurst.cs
 0.2 kb	 0.0% Packages/com.unity.render-pipelines.core/Runtime/GPUDriven/IGPUResidentRenderPipeline.cs
 0.2 kb	 0.0% Packages/com.unity.render-pipelines.core/Runtime/GPUDriven/GPUResidentDrawerResources.cs
 0.2 kb	 0.0% Packages/com.unity.render-pipelines.core/Runtime/GPUDriven/Components/DisallowGPUDrivenRendering.cs
 0.2 kb	 0.0% Packages/com.unity.render-pipelines.core/Runtime-PrivateShared/AssemblyInfo.cs
 0.2 kb	 0.0% Packages/com.unity.postprocessing/PostProcessing/Runtime/PostProcessEffectSettings.cs
 0.2 kb	 0.0% Packages/com.unity.postprocessing/PostProcessing/Runtime/PostProcessEffectRenderer.cs
 0.2 kb	 0.0% Packages/com.unity.postprocessing/PostProcessing/Runtime/Effects/FastApproximateAntialiasing.cs
 0.2 kb	 0.0% Packages/com.unity.inputsystem/InputSystem/Plugins/UI/StandaloneInputModuleEditor.cs
 0.2 kb	 0.0% Packages/com.unity.inputsystem/InputSystem/Plugins/UI/InputSystemUIInputModuleEditor.cs
 0.2 kb	 0.0% Assets/YanYana/Art/Materials/AdventureWetGround.mat
 0.1 kb	 0.0% Packages/com.unity.visualscripting/Runtime/VisualScripting.Flow/Ports/MissingValuePortInputException.cs
 0.1 kb	 0.0% Packages/com.unity.visualscripting/Runtime/VisualScripting.Flow/EditorBinding/UnitHeaderInspectableAttribute.cs
 0.1 kb	 0.0% Packages/com.unity.visualscripting/Runtime/VisualScripting.Flow/Dependencies/NCalc/LogicalExpressionVisitor.cs
 0.1 kb	 0.0% Packages/com.unity.visualscripting/Runtime/VisualScripting.Core/Variables/VariableDeclarationCollection.cs
 0.1 kb	 0.0% Packages/com.unity.visualscripting/Runtime/VisualScripting.Core/Variables/InspectorVariableNameAttribute.cs
 0.1 kb	 0.0% Packages/com.unity.visualscripting/Runtime/VisualScripting.Core/Serialization/SerializationVersionAttribute.cs
 0.1 kb	 0.0% Packages/com.unity.visualscripting/Runtime/VisualScripting.Core/Listeners/UIInterfaces/UnityOnPointerUpMessageListener.cs
 0.1 kb	 0.0% Packages/com.unity.visualscripting/Runtime/VisualScripting.Core/Listeners/UIInterfaces/UnityOnEndDragMessageListener.cs
 0.1 kb	 0.0% Packages/com.unity.visualscripting/Runtime/VisualScripting.Core/Listeners/UIInterfaces/UnityOnDeselectMessageListener.cs
 0.1 kb	 0.0% Packages/com.unity.visualscripting/Runtime/VisualScripting.Core/Listeners/UIInterfaces/UnityOnBeginDragMessageListener.cs
 0.1 kb	 0.0% Packages/com.unity.visualscripting/Runtime/VisualScripting.Core/Listeners/MonoBehaviour/UnityOnTriggerStayMListener.cs
 0.1 kb	 0.0% Packages/com.unity.visualscripting/Runtime/VisualScripting.Core/Listeners/MonoBehaviour/UnityOnTriggerExitMListener.cs
 0.1 kb	 0.0% Packages/com.unity.visualscripting/Runtime/VisualScripting.Core/Listeners/MonoBehaviour/UnityOnMouseUpMessageListener.cs
 0.1 kb	 0.0% Packages/com.unity.visualscripting/Runtime/VisualScripting.Core/Listeners/MonoBehaviour/UnityOnMouseOverMessageListener.cs
 0.1 kb	 0.0% Packages/com.unity.visualscripting/Runtime/VisualScripting.Core/Listeners/MonoBehaviour/UnityOnMouseExitMessageListener.cs
 0.1 kb	 0.0% Packages/com.unity.visualscripting/Runtime/VisualScripting.Core/Listeners/MonoBehaviour/UnityOnMouseEnterMessageListener.cs
 0.1 kb	 0.0% Packages/com.unity.visualscripting/Runtime/VisualScripting.Core/Listeners/MonoBehaviour/UnityOnMouseDragMessageListener.cs
 0.1 kb	 0.0% Packages/com.unity.visualscripting/Runtime/VisualScripting.Core/Listeners/MonoBehaviour/UnityOnMouseDownMessageListener.cs
 0.1 kb	 0.0% Packages/com.unity.visualscripting/Runtime/VisualScripting.Core/Listeners/MonoBehaviour/UnityOnJointBreakMessageListener.cs
 0.1 kb	 0.0% Packages/com.unity.visualscripting/Runtime/VisualScripting.Core/Exceptions/InvalidImplementationException.cs
 0.1 kb	 0.0% Packages/com.unity.visualscripting/Runtime/VisualScripting.Core/EditorBinding/Inspector/InspectorExpandTooltipAttribute.cs
 0.1 kb	 0.0% Packages/com.unity.visualscripting/Runtime/VisualScripting.Core/EditorBinding/Inspector/InspectorAdaptiveWidthAttribute.cs
 0.1 kb	 0.0% Packages/com.unity.visualscripting/Runtime/VisualScripting.Core/Dependencies/FullSerializer/Internal/fsPortableReflection.cs
 0.1 kb	 0.0% Packages/com.unity.visualscripting/Runtime/VisualScripting.Core/Attributes/VisualScriptingHelpURLAttribute.cs
 0.1 kb	 0.0% Packages/com.unity.render-pipelines.universal/Runtime/UniversalRendererDebug.cs
 0.1 kb	 0.0% Packages/com.unity.render-pipelines.universal/Runtime/Passes/PostProcessPassRenderGraph.cs
 0.1 kb	 0.0% Packages/com.unity.render-pipelines.universal/Runtime/MotionVectors.cs
 0.1 kb	 0.0% Packages/com.unity.render-pipelines.universal/Runtime/Decal/DecalDrawErrorRenderPass.cs
 0.1 kb	 0.0% Packages/com.unity.render-pipelines.universal/Runtime/2D/Shadows/ShadowProvider/ShapeProviderUtility.cs
 0.1 kb	 0.0% Packages/com.unity.render-pipelines.universal/Runtime/2D/Shadows/ShadowCasterGroup2D.cs
 0.1 kb	 0.0% Packages/com.unity.render-pipelines.universal/Runtime/2D/Rendergraph/GlobalPropertiesPass.cs
 0.1 kb	 0.0% Packages/com.unity.render-pipelines.universal/Runtime/2D/Rendergraph/DrawRenderer2DPass.cs
 0.1 kb	 0.0% Packages/com.unity.render-pipelines.universal/Runtime/2D/PixelPerfectCamera.cs
 0.1 kb	 0.0% Packages/com.unity.render-pipelines.universal/Runtime/2D/Passes/Utility/Light2DLookupTexture.cs
 0.1 kb	 0.0% Packages/com.unity.render-pipelines.universal/Runtime/2D/Passes/Render2DLightingPass.cs
 0.1 kb	 0.0% Packages/com.unity.render-pipelines.universal/Runtime/2D/Light2DCullResult.cs
 0.1 kb	 0.0% Packages/com.unity.render-pipelines.universal/Runtime/2D/Light2DBlendStyle.cs
 0.1 kb	 0.0% Packages/com.unity.render-pipelines.core/Runtime/Utilities/BatchRendererGroupGlobals.cs
 0.1 kb	 0.0% Packages/com.unity.render-pipelines.core/Runtime/Settings/IncludeRenderPipelineAsset.cs
 0.1 kb	 0.0% Packages/com.unity.render-pipelines.core/Runtime/STP/ISTPEnabledRenderPipeline.cs
 0.1 kb	 0.0% Packages/com.unity.render-pipelines.core/Runtime/RenderGraph/RenderGraphUtilsBlit.cs
 0.1 kb	 0.0% Packages/com.unity.render-pipelines.core/Runtime/RenderGraph/RenderGraphResourceBuffer.cs
 0.1 kb	 0.0% Packages/com.unity.render-pipelines.core/Runtime/RenderGraph/RenderGraphLogger.cs
 0.1 kb	 0.0% Packages/com.unity.render-pipelines.core/Runtime/RenderGraph/RenderGraphGlobalSettings.cs
 0.1 kb	 0.0% Packages/com.unity.render-pipelines.core/Runtime/RenderGraph/RenderGraphBuilders.cs
 0.1 kb	 0.0% Packages/com.unity.render-pipelines.core/Runtime/RenderGraph/RenderGraphBuilder.cs
 0.1 kb	 0.0% Packages/com.unity.render-pipelines.core/Runtime/RenderGraph/IRenderGraphRecorder.cs
 0.1 kb	 0.0% Packages/com.unity.render-pipelines.core/Runtime/Lighting/ProbeVolume/ShaderVariablesProbeVolumes.cs
 0.1 kb	 0.0% Packages/com.unity.render-pipelines.core/Runtime/Lighting/ProbeVolume/ProbeVolumeStreamableAsset.cs
 0.1 kb	 0.0% Packages/com.unity.render-pipelines.core/Runtime/Lighting/ProbeVolume/ProbeVolumeScratchBufferPool.cs
 0.1 kb	 0.0% Packages/com.unity.render-pipelines.core/Runtime/Lighting/ProbeVolume/ProbeVolumeGlobalSettings.cs
 0.1 kb	 0.0% Packages/com.unity.render-pipelines.core/Runtime/GPUDriven/InstanceData/InstanceWindDataUpdateDefs.cs
 0.1 kb	 0.0% Packages/com.unity.render-pipelines.core/Runtime/GPUDriven/InstanceData/InstanceTransformUpdateDefs.cs
 0.1 kb	 0.0% Packages/com.unity.render-pipelines.core/Runtime/GPUDriven/InstanceData/GPUInstanceDataUploader.cs
 0.1 kb	 0.0% Packages/com.unity.render-pipelines.core/Runtime/GPUDriven/GPUResidentDrawerTypes.cs
 0.1 kb	 0.0% Packages/com.unity.render-pipelines.core/Runtime/Debugging/Prefabs/Scripts/DebugUIHandlerToggleHistory.cs
 0.1 kb	 0.0% Packages/com.unity.render-pipelines.core/Runtime/Debugging/Prefabs/Scripts/DebugUIHandlerProgressBar.cs
 0.1 kb	 0.0% Packages/com.unity.render-pipelines.core/Runtime/Debugging/Prefabs/Scripts/DebugUIHandlerIndirectToggle.cs
 0.1 kb	 0.0% Packages/com.unity.render-pipelines.core/Runtime/Debugging/Prefabs/Scripts/DebugUIHandlerEnumHistory.cs
 0.1 kb	 0.0% Packages/com.unity.render-pipelines.core/Runtime/Debugging/IDebugDisplaySettingsQuery.cs
 0.1 kb	 0.0% Packages/com.unity.render-pipelines.core/Runtime/Debugging/IDebugDisplaySettingsPanel.cs
 0.1 kb	 0.0% Packages/com.unity.render-pipelines.core/Runtime/Debugging/IDebugDisplaySettingsData.cs
 0.1 kb	 0.0% Packages/com.unity.render-pipelines.core/Runtime/Debugging/DebugDisplaySettingsVolumes.cs
 0.1 kb	 0.0% Packages/com.unity.render-pipelines.core/Runtime/Debugging/DebugDisplaySettingsPanel.cs
 0.1 kb	 0.0% Packages/com.unity.inputsystem/InputSystem/Editor/UITKAssetEditor/Views/CompositeBindingPropertiesView.cs
 0.1 kb	 0.0% Packages/com.unity.inputsystem/InputSystem/Editor/UITKAssetEditor/InputActionsEditorWindowUtils.cs
 0.1 kb	 0.0% Packages/com.unity.inputsystem/InputSystem/Editor/PropertyDrawers/InputActionAssetSearchProvider.cs
 0.1 kb	 0.0% Packages/com.unity.inputsystem/InputSystem/Editor/ProjectWideActions/ProjectWideActionsBuildProvider.cs
 0.1 kb	 0.0% Packages/com.unity.inputsystem/InputSystem/Editor/Internal/SerializedPropertyLinqExtensions.cs
 0.1 kb	 0.0% Packages/com.unity.inputsystem/InputSystem/Editor/Internal/InputActionSerializationHelpers.cs
 0.1 kb	 0.0% Packages/com.unity.inputsystem/InputSystem/Editor/EditorInputControlLayoutCache.cs
 0.1 kb	 0.0% Packages/com.unity.inputsystem/InputSystem/Editor/ControlPicker/Layouts/TouchscreenControlPickerLayout.cs
 0.1 kb	 0.0% Packages/com.unity.inputsystem/InputSystem/Editor/ControlPicker/Layouts/DefaultInputControlPickerLayout.cs
 0.1 kb	 0.0% Packages/com.unity.inputsystem/InputSystem/Editor/Analytics/VirtualMouseInputEditorAnalytic.cs
 0.1 kb	 0.0% Packages/com.unity.inputsystem/InputSystem/Editor/Analytics/PlayerInputManagerEditorAnalytic.cs
 0.1 kb	 0.0% Packages/com.unity.inputsystem/InputSystem/Devices/Commands/QuerySamplingFrequencyCommand.cs
 0.1 kb	 0.0% Packages/com.unity.inputsystem/InputSystem/Devices/Commands/QueryPairedUserAccountCommand.cs
 0.1 kb	 0.0% Assets/YanYana/Art/Materials/AdventureWater.mat
 0.1 kb	 0.0% Assets/YanYana/Art/Materials/AdventureSteam.mat
 0.1 kb	 0.0% Assets/YanYana/Art/Materials/AdventureSmoke.mat
 0.1 kb	 0.0% Assets/YanYana/Art/Materials/AdventureFlame.mat
 0.1 kb	 0.0% Assets/YanYana/Art/Materials/AdventureDust.mat
 0.1 kb	 0.0% Packages/com.unity.visualscripting/Runtime/VisualScripting.Core/Dependencies/FullSerializer/fsExceptions.cs
 0.1 kb	 0.0% Packages/com.unity.visualscripting/Runtime/VisualScripting.Core/Dependencies/FullSerializer/fsAotCompilationManager.cs
 0.1 kb	 0.0% Packages/com.unity.visualscripting/Runtime/VisualScripting.Core/Dependencies/FullSerializer/Converters/fsWeakReferenceConverter.cs
 0.1 kb	 0.0% Packages/com.unity.visualscripting/Runtime/VisualScripting.Core/Dependencies/FullSerializer/Converters/fsKeyValuePairConverter.cs
 0.1 kb	 0.0% Packages/com.unity.visualscripting/Runtime/VisualScripting.Core/Dependencies/FullSerializer/Converters/fsIEnumerableConverter.cs
 0.1 kb	 0.0% Packages/com.unity.visualscripting/Runtime/VisualScripting.Core/Dependencies/FullSerializer/Converters/fsDictionaryConverter.cs
 0.1 kb	 0.0% Packages/com.unity.visualscripting/Runtime/VisualScripting.Core/Dependencies/FullSerializer/Converters/Unity/Keyframe_DirectConverter.cs
 0.1 kb	 0.0% Packages/com.unity.visualscripting/Runtime/VisualScripting.Core/Dependencies/FullSerializer/Converters/Unity/Gradient_DirectConverter.cs
 0.1 kb	 0.0% Packages/com.unity.visualscripting/Runtime/VisualScripting.Core/Dependencies/FullSerializer/Converters/Unity/GUIStyle_DirectConverter.cs
 0.1 kb	 0.0% Packages/com.unity.visualscripting/Runtime/VisualScripting.Core/Dependencies/FullSerializer/Converters/Unity/Bounds_DirectConverter.cs
 0.1 kb	 0.0% Packages/com.unity.rendering.light-transport/Runtime/UnifiedRayTracing/Compute/RadeonRays/HlbvhTopLevelBuilder.cs
 0.1 kb	 0.0% Packages/com.unity.rendering.light-transport/Runtime/UnifiedRayTracing/Common/Utilities/GraphicsHelpers.cs
 0.1 kb	 0.0% Packages/com.unity.rendering.light-transport/Runtime/UnifiedRayTracing/Common/Utilities/BlockAllocator.cs
 0.1 kb	 0.0% Packages/com.unity.rendering.light-transport/Runtime/UnifiedRayTracing/Common/Utilities/BackendHelpers.cs
 0.1 kb	 0.0% Packages/com.unity.rendering.light-transport/Runtime/UnifiedRayTracing/Common/TerrainToMesh.cs
 0.1 kb	 0.0% Packages/com.unity.rendering.light-transport/Runtime/Sampling/SamplingResources.cs
 0.1 kb	 0.0% Packages/com.unity.render-pipelines.universal/Runtime/XR/XRSystemUniversal.cs
 0.1 kb	 0.0% Packages/com.unity.render-pipelines.universal/Runtime/UniversalRenderer.cs
 0.1 kb	 0.0% Packages/com.unity.render-pipelines.universal/Runtime/SpaceFillingCurves.cs
 0.1 kb	 0.0% Packages/com.unity.render-pipelines.universal/Runtime/Settings/RenderGraphSettings.cs
 0.1 kb	 0.0% Packages/com.unity.render-pipelines.universal/Runtime/ScriptableRenderer.cs
 0.1 kb	 0.0% Packages/com.unity.render-pipelines.universal/Runtime/SceneViewDrawMode.cs
 0.1 kb	 0.0% Packages/com.unity.render-pipelines.universal/Runtime/RenderingLayerUtils.cs
 0.1 kb	 0.0% Packages/com.unity.render-pipelines.universal/Runtime/RendererFeatures/ScreenSpaceShadows.cs
 0.1 kb	 0.0% Packages/com.unity.render-pipelines.universal/Runtime/RendererFeatures/DecalRendererFeature.cs
 0.1 kb	 0.0% Packages/com.unity.render-pipelines.universal/Runtime/RenderTargetHandle.cs
 0.1 kb	 0.0% Packages/com.unity.render-pipelines.universal/Runtime/RenderPipelineResources/Renderer2DResources.cs
 0.1 kb	 0.0% Packages/com.unity.render-pipelines.universal/Runtime/PostProcessPasses.cs
 0.1 kb	 0.0% Packages/com.unity.render-pipelines.universal/Runtime/Passes/XROcclusionMeshPass.cs
 0.1 kb	 0.0% Packages/com.unity.render-pipelines.universal/Runtime/Passes/XRDepthMotionPass.cs
 0.1 kb	 0.0% Packages/com.unity.render-pipelines.universal/Runtime/Passes/ScriptableRenderPass.cs
 0.1 kb	 0.0% Packages/com.unity.render-pipelines.universal/Runtime/Passes/RenderObjectsPass.cs
 0.1 kb	 0.0% Packages/com.unity.render-pipelines.universal/Runtime/Passes/ProbeVolumeDebugPass.cs
 0.1 kb	 0.0% Packages/com.unity.render-pipelines.universal/Runtime/Passes/FinalBlitPass.cs
 0.1 kb	 0.0% Packages/com.unity.render-pipelines.universal/Runtime/Passes/DrawObjectsPass.cs
 0.1 kb	 0.0% Packages/com.unity.render-pipelines.universal/Runtime/Passes/DepthOnlyPass.cs
 0.1 kb	 0.0% Packages/com.unity.render-pipelines.universal/Runtime/Passes/CopyDepthPass.cs
 0.1 kb	 0.0% Packages/com.unity.render-pipelines.universal/Runtime/Passes/CopyColorPass.cs
 0.1 kb	 0.0% Packages/com.unity.render-pipelines.universal/Runtime/Overrides/ScreenSpaceLensFlare.cs
 0.1 kb	 0.0% Packages/com.unity.render-pipelines.universal/Runtime/Overrides/ChromaticAberration.cs
 0.1 kb	 0.0% Packages/com.unity.render-pipelines.universal/Runtime/LightCookieManager.cs
 0.1 kb	 0.0% Packages/com.unity.render-pipelines.universal/Runtime/History/SingleHistoryBase.cs
 0.1 kb	 0.0% Packages/com.unity.render-pipelines.universal/Runtime/FrameData/UniversalShadowData.cs
 0.1 kb	 0.0% Packages/com.unity.render-pipelines.universal/Runtime/FrameData/UniversalLightData.cs
 0.1 kb	 0.0% Packages/com.unity.render-pipelines.universal/Runtime/FrameData/UniversalCameraData.cs
 0.1 kb	 0.0% Packages/com.unity.render-pipelines.universal/Runtime/ForwardRendererData.cs
 0.1 kb	 0.0% Packages/com.unity.render-pipelines.universal/Runtime/ForwardLights.cs
 0.1 kb	 0.0% Packages/com.unity.render-pipelines.universal/Runtime/DeferredLights.cs
 0.1 kb	 0.0% Packages/com.unity.render-pipelines.universal/Runtime/Decal/Entities/DecalEntityManager.cs
 0.1 kb	 0.0% Packages/com.unity.render-pipelines.universal/Runtime/Decal/DecalShaderPassNames.cs
 0.1 kb	 0.0% Packages/com.unity.render-pipelines.universal/Runtime/Decal/DBuffer/DBufferRenderPass.cs
 0.1 kb	 0.0% Packages/com.unity.render-pipelines.universal/Runtime/Decal/DBuffer/DBufferDepthCopyPass.cs
 0.1 kb	 0.0% Packages/com.unity.render-pipelines.universal/Runtime/2D/Rendergraph/Renderer2DRendergraph.cs
 0.1 kb	 0.0% Packages/com.unity.render-pipelines.core/Runtime/RenderGraph/RenderGraphResources.cs
 0.1 kb	 0.0% Packages/com.unity.render-pipelines.core/Runtime/RenderGraph/RenderGraph.DebugData.cs
 0.1 kb	 0.0% Packages/com.unity.render-pipelines.core/Runtime/Lighting/ProbeVolume/ProbeReferenceVolume.Streaming.cs
 0.1 kb	 0.0% Packages/com.unity.render-pipelines.core/Runtime/Lighting/ProbeVolume/ProbeReferenceVolume.Debug.cs
 0.1 kb	 0.0% Packages/com.unity.render-pipelines.core/Runtime/GPUDriven/Utilities/ParallelSortExtensions.cs
 0.1 kb	 0.0% Packages/com.unity.render-pipelines.core/Runtime/GPUDriven/RenderersBatchersContext.cs
 0.1 kb	 0.0% Packages/com.unity.render-pipelines.core/Runtime/GPUDriven/OcclusionCullingCommon.cs
 0.1 kb	 0.0% Packages/com.unity.render-pipelines.core/Runtime/GPUDriven/LODGroupRenderingUtils.cs
 0.1 kb	 0.0% Packages/com.unity.render-pipelines.core/Runtime/GPUDriven/LODGroupDataPoolBurst.cs
 0.1 kb	 0.0% Packages/com.unity.render-pipelines.core/Runtime/GPUDriven/InstanceData/InstanceDataSystemBurst.cs
 0.1 kb	 0.0% Packages/com.unity.render-pipelines.core/Runtime/GPUDriven/InstanceData/GPUInstanceDataBuffer.cs
 0.1 kb	 0.0% Packages/com.unity.render-pipelines.core/Runtime/GPUDriven/InstanceCullingBatcher.cs
 0.1 kb	 0.0% Packages/com.unity.render-pipelines.core/Runtime/GPUDriven/GPUResidentDrawerDebug.cs
 0.1 kb	 0.0% Packages/com.unity.render-pipelines.core/Runtime/GPUDriven/GPUResidentDrawerBurst.cs
 0.1 kb	 0.0% Packages/com.unity.render-pipelines.core/Runtime/GPUDriven/GPUResidentDrawer.Validator.cs
 0.1 kb	 0.0% Packages/com.unity.render-pipelines.core/Runtime/GPUDriven/GPUResidentBatcher.SpeedTree.cs
 0.1 kb	 0.0% Packages/com.unity.render-pipelines.core/Runtime/GPUDriven/Components/DisallowSmallMeshCulling.cs
 0.1 kb	 0.0% Packages/com.unity.postprocessing/PostProcessing/Runtime/Utils/TextureFormatUtilities.cs
 0.1 kb	 0.0% Packages/com.unity.postprocessing/PostProcessing/Runtime/PostProcessRenderContext.cs
 0.1 kb	 0.0% Packages/com.unity.postprocessing/PostProcessing/Runtime/PostProcessDebugLayer.cs
 0.1 kb	 0.0% Packages/com.unity.postprocessing/PostProcessing/Runtime/Effects/ScreenSpaceReflections.cs
 0.1 kb	 0.0% Packages/com.unity.multiplayer.center/Common/SelectedSolutionsData.cs
 0.1 kb	 0.0% Packages/com.unity.inputsystem/InputSystem/Utilities/DisplayStringFormatAttribute.cs
 0.1 kb	 0.0% Packages/com.unity.inputsystem/InputSystem/Plugins/XR/Haptics/SendBufferedHapticsCommand.cs
 0.1 kb	 0.0% Packages/com.unity.inputsystem/InputSystem/Plugins/XR/Haptics/GetHapticCapabilitiesCommand.cs
 0.1 kb	 0.0% Packages/com.unity.inputsystem/InputSystem/Plugins/XR/Haptics/GetCurrentHapticStateCommand.cs
 0.1 kb	 0.0% Packages/com.unity.inputsystem/InputSystem/Plugins/UI/ExtendedSubmitCancelEventData.cs
 0.1 kb	 0.0% Packages/com.unity.inputsystem/InputSystem/Plugins/Android/AndroidGameController.cs
 0.1 kb	 0.0% Packages/com.unity.inputsystem/InputSystem/Controls/Processors/NormalizeVector3Processor.cs
 0.1 kb	 0.0% Packages/com.unity.inputsystem/InputSystem/Controls/Processors/NormalizeVector2Processor.cs
 0.1 kb	 0.0% Packages/com.unity.inputsystem/InputSystem/Controls/Processors/EditorWindowSpaceProcessor.cs
 0.1 kb	 0.0% Packages/com.unity.inputsystem/InputSystem/Controls/Processors/CompensateRotationProcessor.cs
 0.1 kb	 0.0% Packages/com.unity.inputsystem/InputSystem/Controls/Processors/CompensateDirectionProcessor.cs
 0.1 kb	 0.0% Packages/com.unity.collections/Unity.Collections/UnsafeParallelHashSetExtensions.gen.cs
 0.1 kb	 0.0% Packages/com.unity.collections/Unity.Collections/UnsafeParallelHashMap.cs
 0.1 kb	 0.0% Packages/com.unity.cinemachine/Runtime/Impulse/CinemachineCollisionImpulseSource.cs
 0.1 kb	 0.0% Packages/com.unity.cinemachine/Runtime/Impulse/CinemachinExternalImpulseListener.cs
 0.1 kb	 0.0% Packages/com.unity.cinemachine/Runtime/Components/CinemachineSplineDollyLookAtTargets.cs
 0.1 kb	 0.0% Packages/com.unity.cinemachine/Runtime/Components/CinemachineRotateWithFollowTarget.cs
 0.1 kb	 0.0% Packages/com.unity.cinemachine/Runtime/Components/CinemachineBasicMultiChannelPerlin.cs
 0.1 kb	 0.0% Packages/com.unity.visualscripting/Runtime/VisualScripting.State/IStateTransitionDebugData.cs
 0.1 kb	 0.0% Packages/com.unity.visualscripting/Runtime/VisualScripting.Flow/Ports/IUnitOutputPortDefinition.cs
 0.1 kb	 0.0% Packages/com.unity.visualscripting/Runtime/VisualScripting.Flow/Ports/IUnitControlPortDefinition.cs
 0.1 kb	 0.0% Packages/com.unity.visualscripting/Runtime/VisualScripting.Flow/Framework/Variables/Obsolete/IsApplicationVariableDefined.cs
 0.1 kb	 0.0% Packages/com.unity.visualscripting/Runtime/VisualScripting.Flow/Framework/Events/Hierarchy/OnTransformChildrenChanged.cs
 0.1 kb	 0.0% Packages/com.unity.visualscripting/Runtime/VisualScripting.Flow/Dependencies/NCalc/TernaryExpression.cs
 0.1 kb	 0.0% Packages/com.unity.visualscripting/Runtime/VisualScripting.Flow/Dependencies/NCalc/SerializationVisitor.cs
 0.1 kb	 0.0% Packages/com.unity.visualscripting/Runtime/VisualScripting.Flow/Dependencies/NCalc/LogicalExpression.cs
 0.1 kb	 0.0% Packages/com.unity.visualscripting/Runtime/VisualScripting.Flow/Dependencies/NCalc/IdentifierExpression.cs
 0.1 kb	 0.0% Packages/com.unity.visualscripting/Runtime/VisualScripting.Flow/Dependencies/NCalc/FunctionExpression.cs
 0.1 kb	 0.0% Packages/com.unity.visualscripting/Runtime/VisualScripting.Flow/Dependencies/NCalc/EvaluationVisitor.cs
 0.1 kb	 0.0% Packages/com.unity.visualscripting/Runtime/VisualScripting.Flow/Dependencies/NCalc/EvaluationException.cs
 0.1 kb	 0.0% Packages/com.unity.visualscripting/Runtime/VisualScripting.Core/Variables/VariableDeclarationsCloner.cs
 0.1 kb	 0.0% Packages/com.unity.visualscripting/Runtime/VisualScripting.Core/Utilities/ReferenceEqualityComparer.cs
 0.1 kb	 0.0% Packages/com.unity.visualscripting/Runtime/VisualScripting.Core/Unity/UnityObjectOwnershipUtility.cs
 0.1 kb	 0.0% Packages/com.unity.visualscripting/Runtime/VisualScripting.Core/Unity/RequiresUnityAPIAttribute.cs
 0.1 kb	 0.0% Packages/com.unity.visualscripting/Runtime/VisualScripting.Core/SerializedProperties/ISerializedPropertyProvider.cs
 0.1 kb	 0.0% Packages/com.unity.visualscripting/Runtime/VisualScripting.Core/Serialization/Converters/LooseAssemblyNameConverter.cs
 0.1 kb	 0.0% Packages/com.unity.visualscripting/Runtime/VisualScripting.Core/Reflection/RenamedNamespaceAttribute.cs
 0.1 kb	 0.0% Packages/com.unity.visualscripting/Runtime/VisualScripting.Core/Reflection/Optimization/ReflectionPropertyAccessor.cs
 0.1 kb	 0.0% Packages/com.unity.visualscripting/Runtime/VisualScripting.Core/Reflection/Operators/GreaterThanOrEqualHandler.cs
 0.1 kb	 0.0% Packages/com.unity.visualscripting/Runtime/VisualScripting.Core/Reflection/Operators/AmbiguousOperatorException.cs
 0.1 kb	 0.0% Packages/com.unity.visualscripting/Runtime/VisualScripting.Core/Profiling/ProfiledSegmentCollection.cs
 0.1 kb	 0.0% Packages/com.unity.visualscripting/Runtime/VisualScripting.Core/Listeners/UIInterfaces/UnityOnSubmitMessageListener.cs
 0.1 kb	 0.0% Packages/com.unity.visualscripting/Runtime/VisualScripting.Core/Listeners/UIInterfaces/UnityOnSelectMessageListener.cs
 0.1 kb	 0.0% Packages/com.unity.visualscripting/Runtime/VisualScripting.Core/Listeners/UIInterfaces/UnityOnScrollMessageListener.cs
 0.1 kb	 0.0% Packages/com.unity.visualscripting/Runtime/VisualScripting.Core/Listeners/UIInterfaces/UnityOnMoveMessageListener.cs
 0.1 kb	 0.0% Packages/com.unity.visualscripting/Runtime/VisualScripting.Core/Listeners/UIInterfaces/UnityOnDropMessageListener.cs
 0.1 kb	 0.0% Packages/com.unity.visualscripting/Runtime/VisualScripting.Core/Listeners/UIInterfaces/UnityOnDragMessageListener.cs
 0.1 kb	 0.0% Packages/com.unity.visualscripting/Runtime/VisualScripting.Core/Listeners/UIInterfaces/UnityOnCancelMessageListener.cs
 0.1 kb	 0.0% Packages/com.unity.visualscripting/Runtime/VisualScripting.Core/Graphs/MergedGraphElementCollection.cs
 0.1 kb	 0.0% Packages/com.unity.visualscripting/Runtime/VisualScripting.Core/Graphs/IGraphElementWithDebugData.cs
 0.1 kb	 0.0% Packages/com.unity.visualscripting/Runtime/VisualScripting.Core/Exceptions/InvalidConversionException.cs
 0.1 kb	 0.0% Packages/com.unity.visualscripting/Runtime/VisualScripting.Core/EditorBinding/WarnBeforeRemovingAttribute.cs
 0.1 kb	 0.0% Packages/com.unity.visualscripting/Runtime/VisualScripting.Core/EditorBinding/WarnBeforeEditingAttribute.cs
 0.1 kb	 0.0% Packages/com.unity.visualscripting/Runtime/VisualScripting.Core/EditorBinding/TypeIconPriorityAttribute.cs
 0.1 kb	 0.0% Packages/com.unity.visualscripting/Runtime/VisualScripting.Core/EditorBinding/Inspector/InspectorToggleLeftAttribute.cs
 0.1 kb	 0.0% Packages/com.unity.visualscripting/Runtime/VisualScripting.Core/EditorBinding/Inspector/InspectorTextAreaAttribute.cs
 0.1 kb	 0.0% Packages/com.unity.visualscripting/Runtime/VisualScripting.Core/EditorBinding/Inspector/InspectorDelayedAttribute.cs
 0.1 kb	 0.0% Packages/com.unity.visualscripting/Runtime/VisualScripting.Core/EditorBinding/IncludeInSettingsAttribute.cs
 0.1 kb	 0.0% Packages/com.unity.visualscripting/Runtime/VisualScripting.Core/EditorBinding/DisableAnnotationAttribute.cs
 0.1 kb	 0.0% Packages/com.unity.visualscripting/Runtime/VisualScripting.Core/Dependencies/FullSerializer/Internal/fsVersionedType.cs
 0.1 kb	 0.0% Packages/com.unity.visualscripting/Runtime/VisualScripting.Core/Dependencies/FullSerializer/Internal/fsVersionManager.cs
 0.1 kb	 0.0% Packages/com.unity.visualscripting/Runtime/VisualScripting.Core/Dependencies/FullSerializer/Internal/fsTypeExtensions.cs
 0.1 kb	 0.0% Packages/com.unity.visualscripting/Runtime/VisualScripting.Core/Connections/InvalidConnectionException.cs
 0.1 kb	 0.0% Packages/com.unity.render-pipelines.universal/Runtime/RTHandleUtils.cs
 0.1 kb	 0.0% Packages/com.unity.render-pipelines.universal/Runtime/NativeRenderPass.cs
 0.1 kb	 0.0% Packages/com.unity.render-pipelines.universal/Runtime/2D/UTess2D/Tessellator.cs
 0.1 kb	 0.0% Packages/com.unity.render-pipelines.universal/Runtime/2D/UTess2D/PlanarGraph.cs
 0.1 kb	 0.0% Packages/com.unity.render-pipelines.universal/Runtime/2D/Shadows/ShadowRendering.cs
 0.1 kb	 0.0% Packages/com.unity.render-pipelines.universal/Runtime/2D/Shadows/ShadowProvider/ShadowUtility.cs
 0.1 kb	 0.0% Packages/com.unity.render-pipelines.universal/Runtime/2D/Shadows/ShadowProvider/ShadowShape2D.cs
 0.1 kb	 0.0% Packages/com.unity.render-pipelines.universal/Runtime/2D/Shadows/ShadowProvider/EdgeDictionary.cs
 0.1 kb	 0.0% Packages/com.unity.render-pipelines.universal/Runtime/2D/Shadows/ShadowCaster2D.cs
 0.1 kb	 0.0% Packages/com.unity.render-pipelines.universal/Runtime/2D/Rendergraph/DrawShadow2DPass.cs
 0.1 kb	 0.0% Packages/com.unity.render-pipelines.universal/Runtime/2D/Rendergraph/DrawNormal2DPass.cs
 0.1 kb	 0.0% Packages/com.unity.render-pipelines.universal/Runtime/2D/Rendergraph/DrawLight2DPass.cs
 0.1 kb	 0.0% Packages/com.unity.render-pipelines.universal/Runtime/2D/Renderer2DData.cs
 0.1 kb	 0.0% Packages/com.unity.render-pipelines.universal/Runtime/2D/Passes/Utility/RendererLighting.cs
 0.1 kb	 0.0% Packages/com.unity.render-pipelines.universal/Runtime/2D/Passes/IRenderPass2D.cs
 0.1 kb	 0.0% Packages/com.unity.render-pipelines.universal/Runtime/2D/Light2DManager.cs
 0.1 kb	 0.0% Packages/com.unity.render-pipelines.universal-config/Runtime/ShaderConfig.cs
 0.1 kb	 0.0% Packages/com.unity.render-pipelines.core/Runtime/XR/XRGraphicsAutomatedTests.cs
 0.1 kb	 0.0% Packages/com.unity.render-pipelines.core/Runtime/Textures/PowerOfTwoTextureAtlas.cs
 0.1 kb	 0.0% Packages/com.unity.render-pipelines.core/Runtime/Textures/BufferedRTHandleSystem.cs
 0.1 kb	 0.0% Packages/com.unity.render-pipelines.core/Runtime/Settings/ShaderStrippingSetting.cs
 0.1 kb	 0.0% Packages/com.unity.render-pipelines.core/Runtime/RenderPipeline/RenderPipelineResources.cs
 0.1 kb	 0.0% Packages/com.unity.render-pipelines.core/Runtime/RenderGraph/RenderGraphPass.cs
 0.1 kb	 0.0% Packages/com.unity.render-pipelines.core/Runtime/RenderGraph/RenderGraph.Compiler.cs
 0.1 kb	 0.0% Packages/com.unity.render-pipelines.core/Runtime/PostProcessing/LensFlareComponentSRP.cs
 0.1 kb	 0.0% Packages/com.unity.render-pipelines.core/Runtime/PostProcessing/IPostProcessComponent.cs
 0.1 kb	 0.0% Packages/com.unity.render-pipelines.core/Runtime/Lighting/ProbeVolume/ProbeVolumePositioning.cs
 0.1 kb	 0.0% Packages/com.unity.render-pipelines.core/Runtime/Lighting/ProbeVolume/ProbeVolumePerSceneData.cs
 0.1 kb	 0.0% Packages/com.unity.render-pipelines.core/Runtime/Lighting/ProbeVolume/ProbeReferenceVolume.Binding.cs
 0.1 kb	 0.0% Packages/com.unity.render-pipelines.core/Runtime/Lighting/ProbeVolume/ProbeAdjustmentVolume.cs
 0.1 kb	 0.0% Packages/com.unity.render-pipelines.core/Runtime/GPUDriven/InstanceOcclusionCuller.cs
 0.1 kb	 0.0% Packages/com.unity.render-pipelines.core/Runtime/GPUDriven/InstanceData/InstanceDataSystem.Jobs.cs
 0.1 kb	 0.0% Packages/com.unity.render-pipelines.core/Runtime/Debugging/ShaderDebugPrintManager.cs
 0.1 kb	 0.0% Packages/com.unity.render-pipelines.core/Runtime/Debugging/Prefabs/Scripts/DebugUIHandlerVector4.cs
 0.1 kb	 0.0% Packages/com.unity.render-pipelines.core/Runtime/Debugging/Prefabs/Scripts/DebugUIHandlerVector3.cs
 0.1 kb	 0.0% Packages/com.unity.render-pipelines.core/Runtime/Debugging/Prefabs/Scripts/DebugUIHandlerVector2.cs
 0.1 kb	 0.0% Packages/com.unity.render-pipelines.core/Runtime/Debugging/Prefabs/Scripts/DebugUIHandlerValueTuple.cs
 0.1 kb	 0.0% Packages/com.unity.render-pipelines.core/Runtime/Debugging/Prefabs/Scripts/DebugUIHandlerUIntField.cs
 0.1 kb	 0.0% Packages/com.unity.render-pipelines.core/Runtime/Debugging/Prefabs/Scripts/DebugUIHandlerObjectList.cs
 0.1 kb	 0.0% Packages/com.unity.render-pipelines.core/Runtime/Debugging/Prefabs/Scripts/DebugUIHandlerMessageBox.cs
 0.1 kb	 0.0% Packages/com.unity.render-pipelines.core/Runtime/Debugging/Prefabs/Scripts/DebugUIHandlerIntField.cs
 0.1 kb	 0.0% Packages/com.unity.render-pipelines.core/Runtime/Debugging/Prefabs/Scripts/DebugUIHandlerFoldout.cs
 0.1 kb	 0.0% Packages/com.unity.render-pipelines.core/Runtime/Debugging/Prefabs/Scripts/DebugUIHandlerFloatField.cs
 0.1 kb	 0.0% Packages/com.unity.render-pipelines.core/Runtime/Debugging/Prefabs/Scripts/DebugUIHandlerEnumField.cs
 0.1 kb	 0.0% Packages/com.unity.render-pipelines.core/Runtime/Debugging/Prefabs/Scripts/DebugUIHandlerContainer.cs
 0.1 kb	 0.0% Packages/com.unity.render-pipelines.core/Runtime/Debugging/Prefabs/Scripts/DebugUIHandlerBitField.cs
 0.1 kb	 0.0% Packages/com.unity.render-pipelines.core/Runtime/Debugging/IDebugDisplaySettings.cs
 0.1 kb	 0.0% Packages/com.unity.render-pipelines.core/Runtime/Debugging/DebugDisplaySettingsUI.cs
 0.1 kb	 0.0% Packages/com.unity.render-pipelines.core/Runtime/Common/RemoveRange.Extensions.cs
 0.1 kb	 0.0% Packages/com.unity.render-pipelines.core/Runtime/Common/DynamicResolutionHandler.cs
 0.1 kb	 0.0% Packages/com.unity.render-pipelines.core/Runtime/CommandBuffers/IComputeCommandBuffer.cs
 0.1 kb	 0.0% Packages/com.unity.render-pipelines.core/Runtime/Camera/CameraHistory.cs
 0.1 kb	 0.0% Packages/com.unity.inputsystem/InputSystem/State/IInputStateCallbackReceiver.cs
 0.1 kb	 0.0% Packages/com.unity.inputsystem/InputSystem/Plugins/InputForUI/InputSystemProvider.cs
 0.1 kb	 0.0% Packages/com.unity.inputsystem/InputSystem/Plugins/DualShock/DualShockGamepadHID.cs
 0.1 kb	 0.0% Packages/com.unity.inputsystem/InputSystem/Editor/UITKAssetEditor/Views/NameAndParametersListView.cs
 0.1 kb	 0.0% Packages/com.unity.inputsystem/InputSystem/Editor/UITKAssetEditor/Views/InputActionMapsTreeViewItem.cs
 0.1 kb	 0.0% Packages/com.unity.inputsystem/InputSystem/Editor/UITKAssetEditor/InputActionsEditorConstants.cs
 0.1 kb	 0.0% Packages/com.unity.inputsystem/InputSystem/Editor/Settings/InputSettingsBuildProvider.cs
 0.1 kb	 0.0% Packages/com.unity.inputsystem/InputSystem/Editor/Settings/EditorPlayerSettingHelpers.cs
 0.1 kb	 0.0% Packages/com.unity.inputsystem/InputSystem/Editor/PropertyDrawers/InputActionPropertyDrawer.cs
 0.1 kb	 0.0% Packages/com.unity.inputsystem/InputSystem/Editor/PropertyDrawers/GamepadButtonPropertyDrawer.cs
 0.1 kb	 0.0% Packages/com.unity.inputsystem/InputSystem/Editor/Internal/SerializedPropertyHelpers.cs
 0.1 kb	 0.0% Packages/com.unity.inputsystem/InputSystem/Editor/Internal/AdvancedDropdown/AdvancedDropdownDataSource.cs
 0.1 kb	 0.0% Packages/com.unity.inputsystem/InputSystem/Editor/InputSystemPackageControl.cs
 0.1 kb	 0.0% Packages/com.unity.inputsystem/InputSystem/Editor/Debugger/SampleFrequencyCalculator.cs
 0.1 kb	 0.0% Packages/com.unity.inputsystem/InputSystem/Editor/Debugger/InputDeviceDebuggerWindow.cs
 0.1 kb	 0.0% Packages/com.unity.inputsystem/InputSystem/Editor/Debugger/InputActionDebuggerWindow.cs
 0.1 kb	 0.0% Packages/com.unity.inputsystem/InputSystem/Editor/ControlPicker/InputControlPickerDropdown.cs
 0.1 kb	 0.0% Packages/com.unity.inputsystem/InputSystem/Editor/ControlPicker/IInputControlPickerLayout.cs
 0.1 kb	 0.0% Packages/com.unity.inputsystem/InputSystem/Editor/AssetImporter/InputActionImporterEditor.cs
 0.1 kb	 0.0% Packages/com.unity.inputsystem/InputSystem/Editor/AssetImporter/InputActionAssetIconLoader.cs
 0.1 kb	 0.0% Packages/com.unity.inputsystem/InputSystem/Editor/AssetEditor/InputBindingPropertiesView.cs
 0.1 kb	 0.0% Packages/com.unity.inputsystem/InputSystem/Editor/AssetEditor/InputActionPropertiesView.cs
 0.1 kb	 0.0% Packages/com.unity.inputsystem/InputSystem/Editor/Analytics/PlayerInputEditorAnalytic.cs
 0.1 kb	 0.0% Packages/com.unity.inputsystem/InputSystem/Editor/Analytics/OnScreenStickEditorAnalytic.cs
 0.1 kb	 0.0% Packages/com.unity.inputsystem/InputSystem/Editor/Analytics/InputExitPlayModeAnalytic.cs
 0.1 kb	 0.0% Packages/com.unity.inputsystem/InputSystem/Editor/Analytics/InputComponentEditorAnalytic.cs
 0.1 kb	 0.0% Packages/com.unity.inputsystem/InputSystem/Devices/IInputUpdateCallbackReceiver.cs
 0.1 kb	 0.0% Packages/com.unity.inputsystem/InputSystem/Devices/Commands/SetSamplingFrequencyCommand.cs
 0.1 kb	 0.0% Packages/com.unity.inputsystem/InputSystem/Devices/Commands/SetIMECursorPositionCommand.cs
 0.1 kb	 0.0% Packages/com.unity.inputsystem/InputSystem/Devices/Commands/QueryKeyboardLayoutCommand.cs
 0.1 kb	 0.0% Packages/com.unity.inputsystem/InputSystem/Devices/Commands/EnableIMECompositionCommand.cs
 0.1 kb	 0.0% Packages/com.unity.inputsystem/InputSystem/Controls/InputControlLayoutAttribute.cs
 0.1 kb	 0.0% Packages/com.unity.inputsystem/InputSystem/Actions/InputActionRebindingExtensions.cs
 0.1 kb	 0.0% Packages/com.unity.collections/Unity.Collections/UnsafeNotBurstCompatible.cs
 0.1 kb	 0.0% Packages/com.unity.visualscripting/Runtime/VisualScripting.Flow/Framework/Events/Input/InputSystem/OnInputSystemEvent.cs
 0.1 kb	 0.0% Packages/com.unity.visualscripting/Runtime/VisualScripting.Core/Dependencies/FullSerializer/fsPropertyAttribute.cs
 0.1 kb	 0.0% Packages/com.unity.visualscripting/Runtime/VisualScripting.Core/Dependencies/FullSerializer/fsObjectProcessor.cs
 0.1 kb	 0.0% Packages/com.unity.visualscripting/Runtime/VisualScripting.Core/Dependencies/FullSerializer/fsObjectAttribute.cs
 0.1 kb	 0.0% Packages/com.unity.visualscripting/Runtime/VisualScripting.Core/Dependencies/FullSerializer/fsIgnoreAttribute.cs
 0.1 kb	 0.0% Packages/com.unity.visualscripting/Runtime/VisualScripting.Core/Dependencies/FullSerializer/fsDirectConverter.cs
 0.1 kb	 0.0% Packages/com.unity.visualscripting/Runtime/VisualScripting.Core/Dependencies/FullSerializer/fsConverterRegistrar.cs
 0.1 kb	 0.0% Packages/com.unity.visualscripting/Runtime/VisualScripting.Core/Dependencies/FullSerializer/Reflection/fsReflectionUtility.cs
 0.1 kb	 0.0% Packages/com.unity.visualscripting/Runtime/VisualScripting.Core/Dependencies/FullSerializer/Converters/fsReflectedConverter.cs
 0.1 kb	 0.0% Packages/com.unity.visualscripting/Runtime/VisualScripting.Core/Dependencies/FullSerializer/Converters/fsPrimitiveConverter.cs
 0.1 kb	 0.0% Packages/com.unity.visualscripting/Runtime/VisualScripting.Core/Dependencies/FullSerializer/Converters/fsNullableConverter.cs
 0.1 kb	 0.0% Packages/com.unity.visualscripting/Runtime/VisualScripting.Core/Dependencies/FullSerializer/Converters/fsForwardConverter.cs
 0.1 kb	 0.0% Packages/com.unity.visualscripting/Runtime/VisualScripting.Core/Dependencies/FullSerializer/Converters/Unity/Rect_DirectConverter.cs
 0.1 kb	 0.0% Packages/com.unity.rendering.light-transport/Runtime/UnifiedRayTracing/Compute/RadeonRays/RestructureBvh.cs
 0.1 kb	 0.0% Packages/com.unity.rendering.light-transport/Runtime/UnifiedRayTracing/Compute/RadeonRays/RadeonRaysAPI.cs
 0.1 kb	 0.0% Packages/com.unity.rendering.light-transport/Runtime/UnifiedRayTracing/Common/GeometryPool/GeometryPool.cs
 0.1 kb	 0.0% Packages/com.unity.render-pipelines.universal/Runtime/XR/XRPassUniversal.cs
 0.1 kb	 0.0% Packages/com.unity.render-pipelines.universal/Runtime/Tiling/LightMinMaxZJob.cs
 0.1 kb	 0.0% Packages/com.unity.render-pipelines.universal/Runtime/Tiling/InclusiveRange.cs
 0.1 kb	 0.0% Packages/com.unity.render-pipelines.universal/Runtime/ShadowCulling.cs
 0.1 kb	 0.0% Packages/com.unity.render-pipelines.universal/Runtime/ShaderBitArray.cs
 0.1 kb	 0.0% Packages/com.unity.render-pipelines.universal/Runtime/RenderingUtils.cs
 0.1 kb	 0.0% Packages/com.unity.render-pipelines.universal/Runtime/RendererFeatures/RenderObjects.cs
 0.1 kb	 0.0% Packages/com.unity.render-pipelines.universal/Runtime/PostProcessUtils.cs
 0.1 kb	 0.0% Packages/com.unity.render-pipelines.universal/Runtime/Passes/PostProcessPass.cs
 0.1 kb	 0.0% Packages/com.unity.render-pipelines.universal/Runtime/Passes/HDRDebugViewPass.cs
 0.1 kb	 0.0% Packages/com.unity.render-pipelines.universal/Runtime/Passes/GBufferPass.cs
 0.1 kb	 0.0% Packages/com.unity.render-pipelines.universal/Runtime/Passes/DrawSkyboxPass.cs
 0.1 kb	 0.0% Packages/com.unity.render-pipelines.universal/Runtime/Passes/DeferredPass.cs
 0.1 kb	 0.0% Packages/com.unity.render-pipelines.universal/Runtime/Overrides/PaniniProjection.cs
 0.1 kb	 0.0% Packages/com.unity.render-pipelines.universal/Runtime/Overrides/LiftGammaGain.cs
 0.1 kb	 0.0% Packages/com.unity.render-pipelines.universal/Runtime/Overrides/LensDistortion.cs
 0.1 kb	 0.0% Packages/com.unity.render-pipelines.universal/Runtime/Overrides/ColorAdjustments.cs
 0.1 kb	 0.0% Packages/com.unity.render-pipelines.universal/Runtime/Memory/BuddyAllocator.cs
 0.1 kb	 0.0% Packages/com.unity.render-pipelines.universal/Runtime/History/RawDepthHistory.cs
 0.1 kb	 0.0% Packages/com.unity.render-pipelines.universal/Runtime/History/RawColorHistory.cs
 0.1 kb	 0.0% Packages/com.unity.render-pipelines.universal/Runtime/Documentation.cs
 0.1 kb	 0.0% Packages/com.unity.render-pipelines.universal/Runtime/Deprecated.cs
 0.1 kb	 0.0% Packages/com.unity.render-pipelines.universal/Runtime/Decal/Entities/DecalDrawSystem.cs
 0.1 kb	 0.0% Packages/com.unity.render-pipelines.universal/Runtime/Decal/DecalProjector.cs
 0.1 kb	 0.0% Packages/com.unity.render-pipelines.universal/Runtime/Decal/DecalPreviewPass.cs
 0.1 kb	 0.0% Packages/com.unity.render-pipelines.universal/Runtime/Debug/DebugRenderSetup.cs
 0.1 kb	 0.0% Packages/com.unity.render-pipelines.universal/Runtime/Data/RenderStateData.cs
 0.1 kb	 0.0% Packages/com.unity.render-pipelines.universal/Runtime/Data/PostProcessData.cs
 0.1 kb	 0.0% Packages/com.unity.render-pipelines.universal/Runtime/ComponentUtility.cs
 0.1 kb	 0.0% Packages/com.unity.render-pipelines.universal/Runtime/2D/Shadows/ShadowProvider/Providers/ShadowShapeProvider2D_Utility.cs
 0.1 kb	 0.0% Packages/com.unity.render-pipelines.core/Runtime/XR/XROcclusionMesh.cs
 0.1 kb	 0.0% Packages/com.unity.render-pipelines.core/Runtime/XR/XRLayoutStack.cs
 0.1 kb	 0.0% Packages/com.unity.render-pipelines.core/Runtime/Lighting/ProbeVolume/ProbeIndexOfIndices.cs
 0.1 kb	 0.0% Packages/com.unity.render-pipelines.core/Runtime/GPUDriven/RenderersParameters.cs
 0.1 kb	 0.0% Packages/com.unity.render-pipelines.core/Runtime/GPUDriven/InstanceData/InstanceDataSystem.cs
 0.1 kb	 0.0% Packages/com.unity.render-pipelines.core/Runtime/GPUDriven/InstanceData/InstanceAllocator.cs
 0.1 kb	 0.0% Packages/com.unity.render-pipelines.core/Runtime/GPUDriven/InstanceCullerBurst.cs
 0.1 kb	 0.0% Packages/com.unity.render-pipelines.core/Runtime/GPUDriven/GPUResidentDrawer.cs
 0.1 kb	 0.0% Packages/com.unity.render-pipelines.core/Runtime/GPUDriven/GPUResidentBatcher.cs
 0.1 kb	 0.0% Packages/com.unity.postprocessing/PostProcessing/Runtime/Utils/PropertySheetFactory.cs
 0.1 kb	 0.0% Packages/com.unity.postprocessing/PostProcessing/Runtime/PostProcessVolume.cs
 0.1 kb	 0.0% Packages/com.unity.postprocessing/PostProcessing/Runtime/PostProcessResources.cs
 0.1 kb	 0.0% Packages/com.unity.postprocessing/PostProcessing/Runtime/PostProcessProfile.cs
 0.1 kb	 0.0% Packages/com.unity.postprocessing/PostProcessing/Runtime/PostProcessManager.cs
 0.1 kb	 0.0% Packages/com.unity.postprocessing/PostProcessing/Runtime/PostProcessEvent.cs
 0.1 kb	 0.0% Packages/com.unity.postprocessing/PostProcessing/Runtime/PostProcessBundle.cs
 0.1 kb	 0.0% Packages/com.unity.postprocessing/PostProcessing/Runtime/ParameterOverride.cs
 0.1 kb	 0.0% Packages/com.unity.postprocessing/PostProcessing/Runtime/Monitors/VectorscopeMonitor.cs
 0.1 kb	 0.0% Packages/com.unity.postprocessing/PostProcessing/Runtime/Monitors/LightMeterMonitor.cs
 0.1 kb	 0.0% Packages/com.unity.postprocessing/PostProcessing/Runtime/Effects/TemporalAntialiasing.cs
 0.1 kb	 0.0% Packages/com.unity.postprocessing/PostProcessing/Runtime/Effects/ChromaticAberration.cs
 0.1 kb	 0.0% Packages/com.unity.postprocessing/PostProcessing/Runtime/Attributes/TrackballAttribute.cs
 0.1 kb	 0.0% Packages/com.unity.postprocessing/PostProcessing/Runtime/Attributes/PostProcessAttribute.cs
 0.1 kb	 0.0% Packages/com.unity.postprocessing/PostProcessing/Runtime/Attributes/DisplayNameAttribute.cs
 0.1 kb	 0.0% Packages/com.unity.multiplayer.center/Common/IOnboardingSection.cs
 0.1 kb	 0.0% Packages/com.unity.inputsystem/InputSystem/Utilities/Observables/ForDeviceEventObservable.cs
 0.1 kb	 0.0% Packages/com.unity.inputsystem/InputSystem/Plugins/XR/Haptics/SendHapticImpulseCommand.cs
 0.1 kb	 0.0% Packages/com.unity.inputsystem/InputSystem/Plugins/Android/AndroidSensors.cs
 0.1 kb	 0.0% Packages/com.unity.inputsystem/InputSystem/Editor/AssetEditor/NameAndParameterListView.cs
 0.1 kb	 0.0% Packages/com.unity.inputsystem/InputSystem/Controls/Processors/StickDeadzoneProcessor.cs
 0.1 kb	 0.0% Packages/com.unity.inputsystem/InputSystem/Controls/Processors/ScaleVector3Processor.cs
 0.1 kb	 0.0% Packages/com.unity.inputsystem/InputSystem/Controls/Processors/ScaleVector2Processor.cs
 0.1 kb	 0.0% Packages/com.unity.inputsystem/InputSystem/Controls/Processors/InvertVector3Processor.cs
 0.1 kb	 0.0% Packages/com.unity.inputsystem/InputSystem/Controls/Processors/InvertVector2Processor.cs
 0.1 kb	 0.0% Packages/com.unity.inputsystem/InputSystem/Controls/Processors/AxisDeadzoneProcessor.cs
 0.1 kb	 0.0% Packages/com.unity.inputsystem/InputSystem/Actions/Composites/TwoModifiersComposite.cs
 0.1 kb	 0.0% Packages/com.unity.inputsystem/InputSystem/Actions/Composites/ButtonWithTwoModifiers.cs
 0.1 kb	 0.0% Packages/com.unity.inputsystem/InputSystem/Actions/Composites/ButtonWithOneModifier.cs
 0.1 kb	 0.0% Packages/com.unity.collections/Unity.Collections/UnsafeScratchAllocator.cs
 0.1 kb	 0.0% Packages/com.unity.collections/Unity.Collections/NativeParallelHashMapExtensions.cs
 0.1 kb	 0.0% Packages/com.unity.cinemachine/Runtime/Helpers/CinemachineInputAxisController.cs
 0.1 kb	 0.0% Packages/com.unity.cinemachine/Runtime/Helpers/CinemachineCameraManagerEvents.cs
 0.1 kb	 0.0% Packages/com.unity.cinemachine/Runtime/Deprecated/CinemachineSameAsFollowTarget.cs
 0.1 kb	 0.0% Packages/com.unity.cinemachine/Runtime/Deprecated/CinemachineLegacyCameraEvents.cs
 0.1 kb	 0.0% Packages/com.unity.cinemachine/Runtime/Behaviours/CinemachineShotQualityEvaluator.cs
 0.1 kb	 0.0% Packages/com.unity.visualscripting/Runtime/VisualScripting.State/TriggerStateTransition.cs
 0.1 kb	 0.0% Packages/com.unity.visualscripting/Runtime/VisualScripting.State/INesterStateTransition.cs
 0.1 kb	 0.0% Packages/com.unity.visualscripting/Runtime/VisualScripting.Flow/UnitCategoryConverter.cs
 0.1 kb	 0.0% Packages/com.unity.visualscripting/Runtime/VisualScripting.Flow/Ports/ValueOutputDefinition.cs
 0.1 kb	 0.0% Packages/com.unity.visualscripting/Runtime/VisualScripting.Flow/Ports/IUnitValuePortDefinition.cs
 0.1 kb	 0.0% Packages/com.unity.visualscripting/Runtime/VisualScripting.Flow/Ports/IUnitInputPortDefinition.cs
 0.1 kb	 0.0% Packages/com.unity.visualscripting/Runtime/VisualScripting.Flow/Ports/ControlPortDefinition.cs
 0.1 kb	 0.0% Packages/com.unity.visualscripting/Runtime/VisualScripting.Flow/Ports/ControlOutputDefinition.cs
 0.1 kb	 0.0% Packages/com.unity.visualscripting/Runtime/VisualScripting.Flow/Ports/ControlInputDefinition.cs
 0.1 kb	 0.0% Packages/com.unity.visualscripting/Runtime/VisualScripting.Flow/Framework/Variables/Obsolete/SetApplicationVariable.cs
 0.1 kb	 0.0% Packages/com.unity.visualscripting/Runtime/VisualScripting.Flow/Framework/Variables/Obsolete/IsVariableDefinedUnit.cs
 0.1 kb	 0.0% Packages/com.unity.visualscripting/Runtime/VisualScripting.Flow/Framework/Variables/Obsolete/IsSceneVariableDefined.cs
 0.1 kb	 0.0% Packages/com.unity.visualscripting/Runtime/VisualScripting.Flow/Framework/Variables/Obsolete/IsSavedVariableDefined.cs
 0.1 kb	 0.0% Packages/com.unity.visualscripting/Runtime/VisualScripting.Flow/Framework/Variables/Obsolete/IsObjectVariableDefined.cs
 0.1 kb	 0.0% Packages/com.unity.visualscripting/Runtime/VisualScripting.Flow/Framework/Variables/Obsolete/IsGraphVariableDefined.cs
 0.1 kb	 0.0% Packages/com.unity.visualscripting/Runtime/VisualScripting.Flow/Framework/Variables/Obsolete/IApplicationVariableUnit.cs
 0.1 kb	 0.0% Packages/com.unity.visualscripting/Runtime/VisualScripting.Flow/Framework/Variables/Obsolete/GetApplicationVariable.cs
 0.1 kb	 0.0% Packages/com.unity.visualscripting/Runtime/VisualScripting.Flow/Framework/Time/WaitForEndOfFrameUnit.cs
 0.1 kb	 0.0% Packages/com.unity.visualscripting/Runtime/VisualScripting.Flow/Framework/Logic/NotApproximatelyEqual.cs
 0.1 kb	 0.0% Packages/com.unity.visualscripting/Runtime/VisualScripting.Flow/Framework/Events/Physics/OnControllerColliderHit.cs
 0.1 kb	 0.0% Packages/com.unity.visualscripting/Runtime/VisualScripting.Flow/Framework/Events/Hierarchy/OnTransformParentChanged.cs
 0.1 kb	 0.0% Packages/com.unity.visualscripting/Runtime/VisualScripting.Flow/Framework/Events/GUI/OnScrollbarValueChanged.cs
 0.1 kb	 0.0% Packages/com.unity.visualscripting/Runtime/VisualScripting.Flow/Framework/Events/GUI/OnScrollRectValueChanged.cs
 0.1 kb	 0.0% Packages/com.unity.visualscripting/Runtime/VisualScripting.Flow/Framework/Events/GUI/OnInputFieldValueChanged.cs
 0.1 kb	 0.0% Packages/com.unity.visualscripting/Runtime/VisualScripting.Flow/Framework/Events/GUI/OnDropdownValueChanged.cs
 0.1 kb	 0.0% Packages/com.unity.visualscripting/Runtime/VisualScripting.Flow/Framework/Events/Application/OnApplicationLostFocus.cs
 0.1 kb	 0.0% Packages/com.unity.visualscripting/Runtime/VisualScripting.Flow/Framework/Events/Animation/BoltNamedAnimationEvent.cs
 0.1 kb	 0.0% Packages/com.unity.visualscripting/Runtime/VisualScripting.Flow/Framework/Collections/Dictionaries/DictionaryContainsKey.cs
 0.1 kb	 0.0% Packages/com.unity.visualscripting/Runtime/VisualScripting.Flow/EditorBinding/UnitSurtitleAttribute.cs
 0.1 kb	 0.0% Packages/com.unity.visualscripting/Runtime/VisualScripting.Flow/EditorBinding/UnitSubtitleAttribute.cs
 0.1 kb	 0.0% Packages/com.unity.visualscripting/Runtime/VisualScripting.Flow/EditorBinding/UnitShortTitleAttribute.cs
 0.1 kb	 0.0% Packages/com.unity.visualscripting/Runtime/VisualScripting.Flow/EditorBinding/UnitFooterPortsAttribute.cs
 0.1 kb	 0.0% Packages/com.unity.visualscripting/Runtime/VisualScripting.Flow/EditorBinding/PortLabelHiddenAttribute.cs
 0.1 kb	 0.0% Packages/com.unity.visualscripting/Runtime/VisualScripting.Flow/Dependencies/NCalc/ValueExpression.cs
 0.1 kb	 0.0% Packages/com.unity.visualscripting/Runtime/VisualScripting.Flow/Dependencies/NCalc/UnaryExpression.cs
 0.1 kb	 0.0% Packages/com.unity.visualscripting/Runtime/VisualScripting.Flow/Dependencies/NCalc/ParameterArgs.cs
 0.1 kb	 0.0% Packages/com.unity.visualscripting/Runtime/VisualScripting.Flow/Dependencies/NCalc/BinaryExpression.cs
 0.1 kb	 0.0% Packages/com.unity.visualscripting/Runtime/VisualScripting.Flow/Connections/UnitConnectionDebugData.cs
 0.1 kb	 0.0% Packages/com.unity.visualscripting/Runtime/VisualScripting.Flow/Connections/IUnitConnectionDebugData.cs
 0.1 kb	 0.0% Packages/com.unity.visualscripting/Runtime/VisualScripting.Core/Variables/VariableKindAttribute.cs
 0.1 kb	 0.0% Packages/com.unity.visualscripting/Runtime/VisualScripting.Core/Variables/IGraphDataWithVariables.cs
 0.1 kb	 0.0% Packages/com.unity.visualscripting/Runtime/VisualScripting.Core/Utilities/RuntimeVSUsageUtility.cs
 0.1 kb	 0.0% Packages/com.unity.visualscripting/Runtime/VisualScripting.Core/Utilities/IAnalyticsIdentifiable.cs
 0.1 kb	 0.0% Packages/com.unity.visualscripting/Runtime/VisualScripting.Core/Utilities/ComponentHolderProtocol.cs
 0.1 kb	 0.0% Packages/com.unity.visualscripting/Runtime/VisualScripting.Core/Unity/MacroScriptableObject.cs
 0.1 kb	 0.0% Packages/com.unity.visualscripting/Runtime/VisualScripting.Core/Unity/LudiqScriptableObject.cs
 0.1 kb	 0.0% Packages/com.unity.visualscripting/Runtime/VisualScripting.Core/Serialization/SerializationOperation.cs
 0.1 kb	 0.0% Packages/com.unity.visualscripting/Runtime/VisualScripting.Core/Serialization/ISerializationDepender.cs
 0.1 kb	 0.0% Packages/com.unity.visualscripting/Runtime/VisualScripting.Core/Serialization/ISerializationDependency.cs
 0.1 kb	 0.0% Packages/com.unity.visualscripting/Runtime/VisualScripting.Core/Serialization/DoNotSerializeAttribute.cs
 0.1 kb	 0.0% Packages/com.unity.visualscripting/Runtime/VisualScripting.Core/Reflection/RenamedAssemblyAttribute.cs
 0.1 kb	 0.0% Packages/com.unity.visualscripting/Runtime/VisualScripting.Core/Reflection/Optimization/StaticActionInvokerBase.cs
 0.1 kb	 0.0% Packages/com.unity.visualscripting/Runtime/VisualScripting.Core/Reflection/Optimization/ReflectionFieldAccessor.cs
 0.1 kb	 0.0% Packages/com.unity.visualscripting/Runtime/VisualScripting.Core/Reflection/Operators/NumericNegationHandler.cs
 0.1 kb	 0.0% Packages/com.unity.visualscripting/Runtime/VisualScripting.Core/Reflection/Operators/MultiplicationHandler.cs
 0.1 kb	 0.0% Packages/com.unity.visualscripting/Runtime/VisualScripting.Core/Reflection/Operators/LogicalNegationHandler.cs
 0.1 kb	 0.0% Packages/com.unity.visualscripting/Runtime/VisualScripting.Core/Reflection/Operators/LessThanOrEqualHandler.cs
 0.1 kb	 0.0% Packages/com.unity.visualscripting/Runtime/VisualScripting.Core/Reflection/Operators/InvalidOperatorException.cs
 0.1 kb	 0.0% Packages/com.unity.visualscripting/Runtime/VisualScripting.Core/Reflection/Operators/BinaryOperatorHandler.cs
 0.1 kb	 0.0% Packages/com.unity.visualscripting/Runtime/VisualScripting.Core/Reflection/GenericClosingException.cs
 0.1 kb	 0.0% Packages/com.unity.visualscripting/Runtime/VisualScripting.Core/Platforms/AotIncompatibleAttribute.cs
 0.1 kb	 0.0% Packages/com.unity.visualscripting/Runtime/VisualScripting.Core/Listeners/IGraphEventListenerData.cs
 0.1 kb	 0.0% Packages/com.unity.visualscripting/Runtime/VisualScripting.Core/Listeners/GlobalMessageListener.cs
 0.1 kb	 0.0% Packages/com.unity.visualscripting/Runtime/VisualScripting.Core/Listeners/AnimatorMessageListener.cs
 0.1 kb	 0.0% Packages/com.unity.visualscripting/Runtime/VisualScripting.Core/Graphs/IGraphElementWithData.cs
 0.1 kb	 0.0% Packages/com.unity.visualscripting/Runtime/VisualScripting.Core/Graphs/IGraphElementDebugData.cs
 0.1 kb	 0.0% Packages/com.unity.visualscripting/Runtime/VisualScripting.Core/Graphs/GraphsExceptionUtility.cs
 0.1 kb	 0.0% Packages/com.unity.visualscripting/Runtime/VisualScripting.Core/Graphs/GraphPointerException.cs
 0.1 kb	 0.0% Packages/com.unity.visualscripting/Runtime/VisualScripting.Core/EditorBinding/NullMeansSelfAttribute.cs
 0.1 kb	 0.0% Packages/com.unity.visualscripting/Runtime/VisualScripting.Core/EditorBinding/Inspector/InspectorWideAttribute.cs
 0.1 kb	 0.0% Packages/com.unity.visualscripting/Runtime/VisualScripting.Core/EditorBinding/Inspector/InspectorRangeAttribute.cs
 0.1 kb	 0.0% Packages/com.unity.visualscripting/Runtime/VisualScripting.Core/EditorBinding/Inspector/InspectorLabelAttribute.cs
 0.1 kb	 0.0% Packages/com.unity.visualscripting/Runtime/VisualScripting.Core/EditorBinding/InspectableIfAttribute.cs
 0.1 kb	 0.0% Packages/com.unity.visualscripting/Runtime/VisualScripting.Core/EditorBinding/IInspectableAttribute.cs
 0.1 kb	 0.0% Packages/com.unity.visualscripting/Runtime/VisualScripting.Core/EditorBinding/ExpectedTypeAttribute.cs
 0.1 kb	 0.0% Packages/com.unity.visualscripting/Runtime/VisualScripting.Core/Collections/INotifiedCollectionItem.cs
 0.1 kb	 0.0% Packages/com.unity.visualscripting/Runtime/VisualScripting.Core/Cloning/Cloners/FakeSerializationCloner.cs
 0.1 kb	 0.0% Packages/com.unity.ugui/Runtime/TMP/TMP_SpriteAssetImportFormats.cs
 0.1 kb	 0.0% Packages/com.unity.timeline/Runtime/Animation/AnimationPreviewUpdateCallback.cs
 0.1 kb	 0.0% Packages/com.unity.timeline/Runtime/Animation/AnimationOutputWeightProcessor.cs
 0.1 kb	 0.0% Packages/com.unity.shadergraph/ShaderGraphLibrary/DummyShaderGraphLibrary.cs
 0.1 kb	 0.0% Packages/com.unity.render-pipelines.universal/ShaderLibrary/ShaderTypes.cs
 0.1 kb	 0.0% Packages/com.unity.render-pipelines.universal/ShaderLibrary/Deprecated.cs
 0.1 kb	 0.0% Packages/com.unity.render-pipelines.universal/Runtime/Tiling/TileSize.cs
 0.1 kb	 0.0% Packages/com.unity.render-pipelines.universal/Runtime/2D/UTess2D/UTess.cs
 0.1 kb	 0.0% Packages/com.unity.render-pipelines.universal/Runtime/2D/Shadows/ShadowProvider/ShadowMesh2D.cs
 0.1 kb	 0.0% Packages/com.unity.render-pipelines.universal/Runtime/2D/Shadows/ShadowProvider/ShadowEdge.cs
 0.1 kb	 0.0% Packages/com.unity.render-pipelines.universal/Runtime/2D/Shadows/ShadowProvider/IEdgeStore.cs
 0.1 kb	 0.0% Packages/com.unity.render-pipelines.universal/Runtime/2D/Rendergraph/UpscalePass.cs
 0.1 kb	 0.0% Packages/com.unity.render-pipelines.universal/Runtime/2D/Renderer2D.cs
 0.1 kb	 0.0% Packages/com.unity.render-pipelines.universal/Runtime/2D/Passes/Utility/LightBatch.cs
 0.1 kb	 0.0% Packages/com.unity.render-pipelines.universal/Runtime/2D/Passes/Utility/LayerUtility.cs
 0.1 kb	 0.0% Packages/com.unity.render-pipelines.universal/Runtime/2D/LightUtility.cs
 0.1 kb	 0.0% Packages/com.unity.render-pipelines.core/Runtime/Utilities/SceneRenderPipeline.cs
 0.1 kb	 0.0% Packages/com.unity.render-pipelines.core/Runtime/Utilities/MaterialQuality.cs
 0.1 kb	 0.0% Packages/com.unity.render-pipelines.core/Runtime/Utilities/CameraCaptureBridge.cs
 0.1 kb	 0.0% Packages/com.unity.render-pipelines.core/Runtime/ShaderGenerator/ShaderGeneratorAttributes.cs
 0.1 kb	 0.0% Packages/com.unity.render-pipelines.core/Runtime/RenderGraph/RenderGraph.cs
 0.1 kb	 0.0% Packages/com.unity.render-pipelines.core/Runtime/PostProcessing/LensFlareCommonSRP.cs
 0.1 kb	 0.0% Packages/com.unity.render-pipelines.core/Runtime/LookDev/IDataProvider.cs
 0.1 kb	 0.0% Packages/com.unity.render-pipelines.core/Runtime/Lighting/SphericalHarmonics.cs
 0.1 kb	 0.0% Packages/com.unity.render-pipelines.core/Runtime/Lighting/ProbeVolume/ProbeVolumesOptions.cs
 0.1 kb	 0.0% Packages/com.unity.render-pipelines.core/Runtime/Lighting/ProbeVolume/ProbeVolumeSceneData.cs
 0.1 kb	 0.0% Packages/com.unity.render-pipelines.core/Runtime/Lighting/ProbeVolume/ProbeVolumeGIContributor.cs
 0.1 kb	 0.0% Packages/com.unity.render-pipelines.core/Runtime/Lighting/ProbeVolume/ProbeVolumeBakingSet.cs
 0.1 kb	 0.0% Packages/com.unity.render-pipelines.core/Runtime/Lighting/ProbeVolume/ProbeVolumeAsset.cs
 0.1 kb	 0.0% Packages/com.unity.render-pipelines.core/Runtime/Lighting/ProbeVolume/ProbeReferenceVolume.cs
 0.1 kb	 0.0% Packages/com.unity.render-pipelines.core/Runtime/Documentation.cs
 0.1 kb	 0.0% Packages/com.unity.render-pipelines.core/Runtime/Debugging/Prefabs/Scripts/DebugUIHandlerWidget.cs
 0.1 kb	 0.0% Packages/com.unity.render-pipelines.core/Runtime/Debugging/Prefabs/Scripts/DebugUIHandlerValue.cs
 0.1 kb	 0.0% Packages/com.unity.render-pipelines.core/Runtime/Debugging/Prefabs/Scripts/DebugUIHandlerVBox.cs
 0.1 kb	 0.0% Packages/com.unity.render-pipelines.core/Runtime/Debugging/Prefabs/Scripts/DebugUIHandlerToggle.cs
 0.1 kb	 0.0% Packages/com.unity.render-pipelines.core/Runtime/Debugging/Prefabs/Scripts/DebugUIHandlerRow.cs
 0.1 kb	 0.0% Packages/com.unity.render-pipelines.core/Runtime/Debugging/Prefabs/Scripts/DebugUIHandlerPanel.cs
 0.1 kb	 0.0% Packages/com.unity.render-pipelines.core/Runtime/Debugging/Prefabs/Scripts/DebugUIHandlerObject.cs
 0.1 kb	 0.0% Packages/com.unity.render-pipelines.core/Runtime/Debugging/Prefabs/Scripts/DebugUIHandlerHBox.cs
 0.1 kb	 0.0% Packages/com.unity.render-pipelines.core/Runtime/Debugging/Prefabs/Scripts/DebugUIHandlerGroup.cs
 0.1 kb	 0.0% Packages/com.unity.render-pipelines.core/Runtime/Debugging/Prefabs/Scripts/DebugUIHandlerColor.cs
 0.1 kb	 0.0% Packages/com.unity.render-pipelines.core/Runtime/Debugging/Prefabs/Scripts/DebugUIHandlerCanvas.cs
 0.1 kb	 0.0% Packages/com.unity.render-pipelines.core/Runtime/Debugging/Prefabs/Scripts/DebugUIHandlerButton.cs
 0.1 kb	 0.0% Packages/com.unity.render-pipelines.core/Runtime/Debugging/MousePositionDebug.cs
 0.1 kb	 0.0% Packages/com.unity.render-pipelines.core/Runtime/Debugging/IVolumeDebugSettings.cs
 0.1 kb	 0.0% Packages/com.unity.render-pipelines.core/Runtime/Debugging/FrameTiming/FrameTimeBottleneck.cs
 0.1 kb	 0.0% Packages/com.unity.render-pipelines.core/Runtime/Common/Swap.Extensions.cs
 0.1 kb	 0.0% Packages/com.unity.render-pipelines.core/Runtime/Common/ReloadGroupAttribute.cs
 0.1 kb	 0.0% Packages/com.unity.render-pipelines.core/Runtime/Common/CommandBufferPool.cs
 0.1 kb	 0.0% Packages/com.unity.render-pipelines.core/Runtime/CommandBuffers/UnsafeCommandBuffer.cs
 0.1 kb	 0.0% Packages/com.unity.render-pipelines.core/Runtime/CommandBuffers/RasterCommandBuffer.cs
 0.1 kb	 0.0% Packages/com.unity.render-pipelines.core/Runtime/CommandBuffers/IUnsafeCommandBuffer.cs
 0.1 kb	 0.0% Packages/com.unity.render-pipelines.core/Runtime/CommandBuffers/IRasterCommandBuffer.cs
 0.1 kb	 0.0% Packages/com.unity.render-pipelines.core/Runtime/CommandBuffers/IBaseCommandBuffer.cs
 0.1 kb	 0.0% Packages/com.unity.render-pipelines.core/Runtime/CommandBuffers/ComputeCommandBuffer.cs
 0.1 kb	 0.0% Packages/com.unity.render-pipelines.core/Runtime/CommandBuffers/CommandBufferHelpers.cs
 0.1 kb	 0.0% Packages/com.unity.multiplayer.center/Common/StyleConstants.cs
 0.1 kb	 0.0% Packages/com.unity.inputsystem/InputSystem/State/IInputStateChangeMonitor.cs
 0.1 kb	 0.0% Packages/com.unity.inputsystem/InputSystem/Plugins/iOS/IOSGameController.cs
 0.1 kb	 0.0% Packages/com.unity.inputsystem/InputSystem/Plugins/XInput/XInputControllerWindows.cs
 0.1 kb	 0.0% Packages/com.unity.inputsystem/InputSystem/Plugins/Users/InputUserAccountHandle.cs
 0.1 kb	 0.0% Packages/com.unity.inputsystem/InputSystem/Plugins/Switch/SwitchProControllerHID.cs
 0.1 kb	 0.0% Packages/com.unity.inputsystem/InputSystem/Plugins/PlayerInput/PlayerInputManagerEditor.cs
 0.1 kb	 0.0% Packages/com.unity.inputsystem/InputSystem/Plugins/OSX/OSXGameController.cs
 0.1 kb	 0.0% Packages/com.unity.inputsystem/InputSystem/Plugins/EnhancedTouch/EnhancedTouchSupport.cs
 0.1 kb	 0.0% Packages/com.unity.inputsystem/InputSystem/Events/DeviceConfigurationEvent.cs
 0.1 kb	 0.0% Packages/com.unity.inputsystem/InputSystem/Editor/UITKAssetEditor/Views/VisualElementExtensions.cs
 0.1 kb	 0.0% Packages/com.unity.inputsystem/InputSystem/Editor/UITKAssetEditor/Views/InputActionsTreeViewItem.cs
 0.1 kb	 0.0% Packages/com.unity.inputsystem/InputSystem/Editor/UITKAssetEditor/Views/InputActionsEditorView.cs
 0.1 kb	 0.0% Packages/com.unity.inputsystem/InputSystem/Editor/UITKAssetEditor/Views/BindingPropertiesView.cs
 0.1 kb	 0.0% Packages/com.unity.inputsystem/InputSystem/Editor/UITKAssetEditor/SerializedInputBinding.cs
 0.1 kb	 0.0% Packages/com.unity.inputsystem/InputSystem/Editor/UITKAssetEditor/SerializedInputActionMap.cs
 0.1 kb	 0.0% Packages/com.unity.inputsystem/InputSystem/Editor/UITKAssetEditor/SerializedInputAction.cs
 0.1 kb	 0.0% Packages/com.unity.inputsystem/InputSystem/Editor/UITKAssetEditor/InputActionsEditorWindow.cs
 0.1 kb	 0.0% Packages/com.unity.inputsystem/InputSystem/Editor/UITKAssetEditor/InputActionsEditorState.cs
 0.1 kb	 0.0% Packages/com.unity.inputsystem/InputSystem/Editor/UITKAssetEditor/Commands/ControlSchemeCommands.cs
 0.1 kb	 0.0% Packages/com.unity.inputsystem/InputSystem/Editor/Settings/InputSettingsProvider.cs
 0.1 kb	 0.0% Packages/com.unity.inputsystem/InputSystem/Editor/Settings/InputEditorUserSettings.cs
 0.1 kb	 0.0% Packages/com.unity.inputsystem/InputSystem/Editor/PropertyDrawers/InputControlPathDrawer.cs
 0.1 kb	 0.0% Packages/com.unity.inputsystem/InputSystem/Editor/PropertyDrawers/InputActionDrawerBase.cs
 0.1 kb	 0.0% Packages/com.unity.inputsystem/InputSystem/Editor/PropertyDrawers/InputActionAssetDrawer.cs
 0.1 kb	 0.0% Packages/com.unity.inputsystem/InputSystem/Editor/ProjectWideActions/ProjectWideActionsAsset.cs
 0.1 kb	 0.0% Packages/com.unity.inputsystem/InputSystem/Editor/Internal/AdvancedDropdown/AdvancedDropdownWindow.cs
 0.1 kb	 0.0% Packages/com.unity.inputsystem/InputSystem/Editor/Internal/AdvancedDropdown/AdvancedDropdownState.cs
 0.1 kb	 0.0% Packages/com.unity.inputsystem/InputSystem/Editor/InputSystemPluginControl.cs
 0.1 kb	 0.0% Packages/com.unity.inputsystem/InputSystem/Editor/InputLayoutCodeGenerator.cs
 0.1 kb	 0.0% Packages/com.unity.inputsystem/InputSystem/Editor/InputAssetEditorUtils.cs
 0.1 kb	 0.0% Packages/com.unity.inputsystem/InputSystem/Editor/Debugger/InputLatencyCalculator.cs
 0.1 kb	 0.0% Packages/com.unity.inputsystem/InputSystem/Editor/ControlPicker/InputControlPickerState.cs
 0.1 kb	 0.0% Packages/com.unity.inputsystem/InputSystem/Editor/ControlPicker/InputControlPathEditor.cs
 0.1 kb	 0.0% Packages/com.unity.inputsystem/InputSystem/Editor/ControlPicker/InputControlDropdownItem.cs
 0.1 kb	 0.0% Packages/com.unity.inputsystem/InputSystem/Editor/AssetImporter/InputActionCodeGenerator.cs
 0.1 kb	 0.0% Packages/com.unity.inputsystem/InputSystem/Editor/AssetImporter/InputActionAssetEditor.cs
 0.1 kb	 0.0% Packages/com.unity.inputsystem/InputSystem/Editor/AssetImporter/IInputActionAssetEditor.cs
 0.1 kb	 0.0% Packages/com.unity.inputsystem/InputSystem/Editor/AssetEditor/InputActionEditorWindow.cs
 0.1 kb	 0.0% Packages/com.unity.inputsystem/InputSystem/Editor/AssetEditor/InputActionEditorToolbar.cs
 0.1 kb	 0.0% Packages/com.unity.inputsystem/InputSystem/Editor/AssetEditor/InputActionAssetManager.cs
 0.1 kb	 0.0% Packages/com.unity.inputsystem/InputSystem/Devices/Remote/RemoteInputPlayerConnection.cs
 0.1 kb	 0.0% Packages/com.unity.inputsystem/InputSystem/Devices/InputDeviceDescription.cs
 0.1 kb	 0.0% Packages/com.unity.inputsystem/InputSystem/Devices/Haptics/DualMotorRumbleCommand.cs
 0.1 kb	 0.0% Packages/com.unity.inputsystem/InputSystem/Devices/Commands/WarpMousePositionCommand.cs
 0.1 kb	 0.0% Packages/com.unity.inputsystem/InputSystem/Devices/Commands/QueryEnabledStateCommand.cs
 0.1 kb	 0.0% Packages/com.unity.inputsystem/InputSystem/Devices/Commands/QueryDimensionsCommand.cs
 0.1 kb	 0.0% Packages/com.unity.inputsystem/InputSystem/Devices/Commands/QueryCanRunInBackground.cs
 0.1 kb	 0.0% Packages/com.unity.inputsystem/InputSystem/Devices/Commands/IInputDeviceCommandInfo.cs
 0.1 kb	 0.0% Packages/com.unity.inputsystem/InputSystem/Controls/InputControlAttribute.cs
 0.1 kb	 0.0% Packages/com.unity.inputsystem/InputSystem/Controls/DiscreteButtonControl.cs
 0.1 kb	 0.0% Packages/com.unity.inputsystem/InputSystem/Actions/InputBindingCompositeContext.cs
 0.1 kb	 0.0% Packages/com.unity.inputsystem/InputSystem/Actions/InputActionSetupExtensions.cs
 0.1 kb	 0.0% Packages/com.unity.inputsystem/InputSystem/Actions/InputActionParameters.cs
 0.1 kb	 0.0% Packages/com.unity.collections/Unity.Collections/UnsafeAtomicCounter.cs
 0.1 kb	 0.0% Packages/com.unity.cinemachine/Runtime/Core/CinemachinePropertyAttribute.cs
 0.1 kb	 0.0% Assets/TextMesh Pro/Resources/LineBreaking Leading Characters.txt
 0.1 kb	 0.0% Packages/com.unity.visualscripting/Runtime/VisualScripting.Core/Reflection/Optimization/StaticActionInvoker_5.cs
 0.1 kb	 0.0% Packages/com.unity.visualscripting/Runtime/VisualScripting.Core/Reflection/Optimization/StaticActionInvoker_4.cs
 0.1 kb	 0.0% Packages/com.unity.visualscripting/Runtime/VisualScripting.Core/Reflection/Optimization/StaticActionInvoker_3.cs
 0.1 kb	 0.0% Packages/com.unity.visualscripting/Runtime/VisualScripting.Core/Reflection/Optimization/StaticActionInvoker_2.cs
 0.1 kb	 0.0% Packages/com.unity.visualscripting/Runtime/VisualScripting.Core/Reflection/Optimization/StaticActionInvoker_1.cs
 0.1 kb	 0.0% Packages/com.unity.visualscripting/Runtime/VisualScripting.Core/Reflection/Optimization/StaticActionInvoker_0.cs
 0.1 kb	 0.0% Packages/com.unity.visualscripting/Runtime/VisualScripting.Core/Ensure/EnsureThat.NullableValueTypes.cs
 0.1 kb	 0.0% Packages/com.unity.visualscripting/Runtime/VisualScripting.Core/Dependencies/FullSerializer/fsJsonPrinter.cs
 0.1 kb	 0.0% Packages/com.unity.visualscripting/Runtime/VisualScripting.Core/Dependencies/FullSerializer/fsBaseConverter.cs
 0.1 kb	 0.0% Packages/com.unity.visualscripting/Runtime/VisualScripting.Core/Dependencies/FullSerializer/Reflection/fsMetaProperty.cs
 0.1 kb	 0.0% Packages/com.unity.visualscripting/Runtime/VisualScripting.Core/Dependencies/FullSerializer/Converters/fsTypeConverter.cs
 0.1 kb	 0.0% Packages/com.unity.visualscripting/Runtime/VisualScripting.Core/Dependencies/FullSerializer/Converters/fsGuidConverter.cs
 0.1 kb	 0.0% Packages/com.unity.visualscripting/Runtime/VisualScripting.Core/Dependencies/FullSerializer/Converters/fsEnumConverter.cs
 0.1 kb	 0.0% Packages/com.unity.visualscripting/Runtime/VisualScripting.Core/Dependencies/FullSerializer/Converters/fsDateConverter.cs
 0.1 kb	 0.0% Packages/com.unity.visualscripting/Runtime/VisualScripting.Core/Dependencies/FullSerializer/Converters/fsArrayConverter.cs
 0.1 kb	 0.0% Packages/com.unity.ugui/Runtime/UGUI/UI/Core/Layout/HorizontalOrVerticalLayoutGroup.cs
 0.1 kb	 0.0% Packages/com.unity.rendering.light-transport/Runtime/UnifiedRayTracing/Compute/RadeonRays/RadixSort.cs
 0.1 kb	 0.0% Packages/com.unity.rendering.light-transport/Runtime/UnifiedRayTracing/Compute/RadeonRays/HlbvhBuilder.cs
 0.1 kb	 0.0% Packages/com.unity.rendering.light-transport/Runtime/UnifiedRayTracing/Common/Utilities/Utils.cs
 0.1 kb	 0.0% Packages/com.unity.rendering.light-transport/Runtime/Sampling/SobolData.cs
 0.1 kb	 0.0% Packages/com.unity.render-pipelines.universal/Runtime/Tiling/ZBinningJob.cs
 0.1 kb	 0.0% Packages/com.unity.render-pipelines.universal/Runtime/Tiling/TilingJob.cs
 0.1 kb	 0.0% Packages/com.unity.render-pipelines.universal/Runtime/TemporalAA.cs
 0.1 kb	 0.0% Packages/com.unity.render-pipelines.universal/Runtime/ShadowUtils.cs
 0.1 kb	 0.0% Packages/com.unity.render-pipelines.universal/Runtime/ShaderUtils.cs
 0.1 kb	 0.0% Packages/com.unity.render-pipelines.universal/Runtime/ShaderData.cs
 0.1 kb	 0.0% Packages/com.unity.render-pipelines.universal/Runtime/Passes/CapturePass.cs
 0.1 kb	 0.0% Packages/com.unity.render-pipelines.universal/Runtime/Overrides/WhiteBalance.cs
 0.1 kb	 0.0% Packages/com.unity.render-pipelines.universal/Runtime/Overrides/Tonemapping.cs
 0.1 kb	 0.0% Packages/com.unity.render-pipelines.universal/Runtime/Overrides/SplitToning.cs
 0.1 kb	 0.0% Packages/com.unity.render-pipelines.universal/Runtime/Overrides/MotionBlur.cs
 0.1 kb	 0.0% Packages/com.unity.render-pipelines.universal/Runtime/Overrides/FilmGrain.cs
 0.1 kb	 0.0% Packages/com.unity.render-pipelines.universal/Runtime/Overrides/DepthOfField.cs
 0.1 kb	 0.0% Packages/com.unity.render-pipelines.universal/Runtime/Overrides/ColorLookup.cs
 0.1 kb	 0.0% Packages/com.unity.render-pipelines.universal/Runtime/Overrides/ColorCurves.cs
 0.1 kb	 0.0% Packages/com.unity.render-pipelines.universal/Runtime/Overrides/ChannelMixer.cs
 0.1 kb	 0.0% Packages/com.unity.render-pipelines.universal/Runtime/History/TaaHistory.cs
 0.1 kb	 0.0% Packages/com.unity.render-pipelines.universal/Runtime/History/StpHistory.cs
 0.1 kb	 0.0% Packages/com.unity.render-pipelines.universal/Runtime/Decal/Entities/DecalChunk.cs
 0.1 kb	 0.0% Packages/com.unity.render-pipelines.universal/Runtime/Debug/DebugHandler.cs
 0.1 kb	 0.0% Packages/com.unity.render-pipelines.core/Runtime/XR/XRMirrorView.cs
 0.1 kb	 0.0% Packages/com.unity.render-pipelines.core/Runtime/Utilities/GPUPrefixSum/GPUPrefixSum.ShaderIDs.cs
 0.1 kb	 0.0% Packages/com.unity.render-pipelines.core/Runtime/GPUDriven/Utilities/ParallelBitArray.cs
 0.1 kb	 0.0% Packages/com.unity.render-pipelines.core/Runtime/GPUDriven/Utilities/MemoryUtilities.cs
 0.1 kb	 0.0% Packages/com.unity.render-pipelines.core/Runtime/GPUDriven/LODGroupDataPool.cs
 0.1 kb	 0.0% Packages/com.unity.render-pipelines.core/Runtime/GPUDriven/InstanceCuller.cs
 0.1 kb	 0.0% Packages/com.unity.render-pipelines.core/Runtime/Deprecated.cs
 0.1 kb	 0.0% Packages/com.unity.render-pipelines.core/Runtime/Common/CoreAttributes.cs
 0.1 kb	 0.0% Packages/com.unity.render-pipelines.core/Runtime/CommandBuffers/BaseCommandBufer.cs
 0.1 kb	 0.0% Packages/com.unity.postprocessing/PostProcessing/Runtime/Utils/TextureLerper.cs
 0.1 kb	 0.0% Packages/com.unity.postprocessing/PostProcessing/Runtime/Utils/RuntimeUtilities.cs
 0.1 kb	 0.0% Packages/com.unity.postprocessing/PostProcessing/Runtime/Utils/PropertySheet.cs
 0.1 kb	 0.0% Packages/com.unity.postprocessing/PostProcessing/Runtime/Utils/MeshUtilities.cs
 0.1 kb	 0.0% Packages/com.unity.postprocessing/PostProcessing/Runtime/Utils/ColorUtilities.cs
 0.1 kb	 0.0% Packages/com.unity.postprocessing/PostProcessing/Runtime/PostProcessLayer.cs
 0.1 kb	 0.0% Packages/com.unity.postprocessing/PostProcessing/Runtime/PostProcessDebug.cs
 0.1 kb	 0.0% Packages/com.unity.postprocessing/PostProcessing/Runtime/Monitors/WaveformMonitor.cs
 0.1 kb	 0.0% Packages/com.unity.postprocessing/PostProcessing/Runtime/Monitors/HistogramMonitor.cs
 0.1 kb	 0.0% Packages/com.unity.postprocessing/PostProcessing/Runtime/Effects/LensDistortion.cs
 0.1 kb	 0.0% Packages/com.unity.postprocessing/PostProcessing/Runtime/Effects/AmbientOcclusion.cs
 0.1 kb	 0.0% Packages/com.unity.postprocessing/PostProcessing/Runtime/Attributes/MinMaxAttribute.cs
 0.1 kb	 0.0% Packages/com.unity.inputsystem/InputSystem/Utilities/NameAndParameters.cs
 0.1 kb	 0.0% Packages/com.unity.inputsystem/InputSystem/Utilities/CSharpCodeHelpers.cs
 0.1 kb	 0.0% Packages/com.unity.inputsystem/InputSystem/Plugins/UI/TrackedDeviceRaycaster.cs
 0.1 kb	 0.0% Packages/com.unity.inputsystem/InputSystem/Plugins/UI/MultiplayerEventSystem.cs
 0.1 kb	 0.0% Packages/com.unity.inputsystem/InputSystem/Plugins/UI/InputSystemUIInputModule.cs
 0.1 kb	 0.0% Packages/com.unity.inputsystem/InputSystem/Plugins/UI/ExtendedPointerEventData.cs
 0.1 kb	 0.0% Packages/com.unity.inputsystem/InputSystem/Plugins/UI/ExtendedAxisEventData.cs
 0.1 kb	 0.0% Packages/com.unity.inputsystem/InputSystem/Plugins/HID/HIDDescriptorWindow.cs
 0.1 kb	 0.0% Packages/com.unity.inputsystem/InputSystem/Plugins/DualShock/IDualShockHaptics.cs
 0.1 kb	 0.0% Packages/com.unity.inputsystem/InputSystem/Editor/AssetEditor/ParameterListView.cs
 0.1 kb	 0.0% Packages/com.unity.inputsystem/InputSystem/Editor/AssetEditor/InputActionTreeViewItems.cs
 0.1 kb	 0.0% Packages/com.unity.inputsystem/InputSystem/Controls/Processors/NormalizeProcessor.cs
 0.1 kb	 0.0% Packages/com.unity.inputsystem/InputSystem/Actions/Interactions/SlowTapInteraction.cs
 0.1 kb	 0.0% Packages/com.unity.inputsystem/InputSystem/Actions/Interactions/MultiTapInteraction.cs
 0.1 kb	 0.0% Packages/com.unity.inputsystem/InputSystem/Actions/Composites/OneModifierComposite.cs
 0.1 kb	 0.0% Packages/com.unity.collections/Unity.Collections/UnsafeUtilityEx.cs
 0.1 kb	 0.0% Packages/com.unity.collections/Unity.Collections/UnsafeAppendBuffer.cs
 0.1 kb	 0.0% Packages/com.unity.collections/Unity.Collections/NativeParallelHashSetExtensions.gen.cs
 0.1 kb	 0.0% Packages/com.unity.collections/Unity.Collections/Jobs/RegisterGenericJobTypeAttribute.cs
 0.1 kb	 0.0% Packages/com.unity.collections/Unity.Collections/DoubleRewindableAllocators.cs
 0.1 kb	 0.0% Packages/com.unity.collections/Unity.Collections/DataStreamExtensions.cs
 0.1 kb	 0.0% Packages/com.unity.cinemachine/Runtime/PostProcessing/CinemachineVolumeSettings.cs
 0.1 kb	 0.0% Packages/com.unity.cinemachine/Runtime/PostProcessing/CinemachinePostProcessing.cs
 0.1 kb	 0.0% Packages/com.unity.cinemachine/Runtime/Impulse/CinemachineImpulseManager.cs
 0.1 kb	 0.0% Packages/com.unity.cinemachine/Runtime/Impulse/CinemachineImpulseListener.cs
 0.1 kb	 0.0% Packages/com.unity.cinemachine/Runtime/Impulse/CinemachineImpulseDefinition.cs
 0.1 kb	 0.0% Packages/com.unity.cinemachine/Runtime/Helpers/CinemachineSplineSmoother.cs
 0.1 kb	 0.0% Packages/com.unity.cinemachine/Runtime/Helpers/CinemachineMixerEventsBase.cs
 0.1 kb	 0.0% Packages/com.unity.cinemachine/Runtime/Deprecated/CinemachineTouchInputMapper.cs
 0.1 kb	 0.0% Packages/com.unity.cinemachine/Runtime/Deprecated/CinemachineOrbitalTransposer.cs
 0.1 kb	 0.0% Packages/com.unity.cinemachine/Runtime/Deprecated/CinemachineInputAxisDriver.cs
 0.1 kb	 0.0% Packages/com.unity.cinemachine/Runtime/Deprecated/CinemachineFramingTransposer.cs
 0.1 kb	 0.0% Packages/com.unity.cinemachine/Runtime/Deprecated/Cinemachine3rdPersonFollow.cs
 0.1 kb	 0.0% Packages/com.unity.cinemachine/Runtime/Core/SplineContainerExtensions.cs
 0.1 kb	 0.0% Packages/com.unity.cinemachine/Runtime/Core/CinemachineVirtualCameraBase.cs
 0.1 kb	 0.0% Packages/com.unity.cinemachine/Runtime/Core/CinemachineCameraManagerBase.cs
 0.1 kb	 0.0% Packages/com.unity.cinemachine/Runtime/Core/CinemachineBlenderSettings.cs
 0.1 kb	 0.0% Packages/com.unity.cinemachine/Runtime/Components/CinemachineThirdPersonFollow.cs
 0.1 kb	 0.0% Packages/com.unity.cinemachine/Runtime/Components/CinemachineRotationComposer.cs
 0.1 kb	 0.0% Packages/com.unity.cinemachine/Runtime/Components/CinemachinePositionComposer.cs
 0.1 kb	 0.0% Packages/com.unity.cinemachine/Runtime/Components/CinemachineHardLockToTarget.cs
 0.1 kb	 0.0% Packages/com.unity.cinemachine/Runtime/Behaviours/CinemachineThirdPersonAim.cs
 0.1 kb	 0.0% Packages/com.unity.cinemachine/Runtime/Behaviours/CinemachineStateDrivenCamera.cs
 0.1 kb	 0.0% Packages/com.unity.cinemachine/Runtime/Behaviours/CinemachineSequencerCamera.cs
 0.1 kb	 0.0% Packages/com.unity.cinemachine/Runtime/Behaviours/CinemachineFreeLookModifier.cs
 0.1 kb	 0.0% Packages/com.unity.cinemachine/Runtime/Behaviours/CinemachineExternalCamera.cs
 0.1 kb	 0.0% Assets/TextMesh Pro/Examples & Extras/Resources/Color Gradient Presets/Light to Dark Green - Vertical.asset
 0.1 kb	 0.0% Assets/TextMesh Pro/Examples & Extras/Resources/Color Gradient Presets/Dark to Light Green - Vertical.asset
 0.1 kb	 0.0% Packages/com.unity.visualscripting/Runtime/VisualScripting.State/FlowStateTransition.cs
 0.1 kb	 0.0% Packages/com.unity.visualscripting/Runtime/VisualScripting.Flow/Ports/ValuePortDefinition.cs
 0.1 kb	 0.0% Packages/com.unity.visualscripting/Runtime/VisualScripting.Flow/Ports/ValueInputDefinition.cs
 0.1 kb	 0.0% Packages/com.unity.visualscripting/Runtime/VisualScripting.Flow/Ports/UnitPortDefinition.cs
 0.1 kb	 0.0% Packages/com.unity.visualscripting/Runtime/VisualScripting.Flow/Ports/IUnitPortDefinition.cs
 0.1 kb	 0.0% Packages/com.unity.visualscripting/Runtime/VisualScripting.Flow/Framework/Variables/UnifiedVariableUnit.cs
 0.1 kb	 0.0% Packages/com.unity.visualscripting/Runtime/VisualScripting.Flow/Framework/Variables/Obsolete/SetObjectVariable.cs
 0.1 kb	 0.0% Packages/com.unity.visualscripting/Runtime/VisualScripting.Flow/Framework/Variables/Obsolete/ISceneVariableUnit.cs
 0.1 kb	 0.0% Packages/com.unity.visualscripting/Runtime/VisualScripting.Flow/Framework/Variables/Obsolete/ISavedVariableUnit.cs
 0.1 kb	 0.0% Packages/com.unity.visualscripting/Runtime/VisualScripting.Flow/Framework/Variables/Obsolete/IObjectVariableUnit.cs
 0.1 kb	 0.0% Packages/com.unity.visualscripting/Runtime/VisualScripting.Flow/Framework/Variables/Obsolete/IGraphVariableUnit.cs
 0.1 kb	 0.0% Packages/com.unity.visualscripting/Runtime/VisualScripting.Flow/Framework/Variables/Obsolete/GetObjectVariable.cs
 0.1 kb	 0.0% Packages/com.unity.visualscripting/Runtime/VisualScripting.Flow/Framework/Variables/IsVariableDefined.cs
 0.1 kb	 0.0% Packages/com.unity.visualscripting/Runtime/VisualScripting.Flow/Framework/Variables/IUnifiedVariableUnit.cs
 0.1 kb	 0.0% Packages/com.unity.visualscripting/Runtime/VisualScripting.Flow/Framework/Time/WaitForSecondsUnit.cs
 0.1 kb	 0.0% Packages/com.unity.visualscripting/Runtime/VisualScripting.Flow/Framework/Time/WaitForNextFrameUnit.cs
 0.1 kb	 0.0% Packages/com.unity.visualscripting/Runtime/VisualScripting.Flow/Framework/Math/Vector4/Vector4MoveTowards.cs
 0.1 kb	 0.0% Packages/com.unity.visualscripting/Runtime/VisualScripting.Flow/Framework/Math/Vector4/Vector4DotProduct.cs
 0.1 kb	 0.0% Packages/com.unity.visualscripting/Runtime/VisualScripting.Flow/Framework/Math/Vector4/DeprecatedVector4Add.cs
 0.1 kb	 0.0% Packages/com.unity.visualscripting/Runtime/VisualScripting.Flow/Framework/Math/Vector3/Vector3MoveTowards.cs
 0.1 kb	 0.0% Packages/com.unity.visualscripting/Runtime/VisualScripting.Flow/Framework/Math/Vector3/Vector3DotProduct.cs
 0.1 kb	 0.0% Packages/com.unity.visualscripting/Runtime/VisualScripting.Flow/Framework/Math/Vector3/Vector3CrossProduct.cs
 0.1 kb	 0.0% Packages/com.unity.visualscripting/Runtime/VisualScripting.Flow/Framework/Math/Vector3/DeprecatedVector3Add.cs
 0.1 kb	 0.0% Packages/com.unity.visualscripting/Runtime/VisualScripting.Flow/Framework/Math/Vector2/Vector2MoveTowards.cs
 0.1 kb	 0.0% Packages/com.unity.visualscripting/Runtime/VisualScripting.Flow/Framework/Math/Vector2/Vector2DotProduct.cs
 0.1 kb	 0.0% Packages/com.unity.visualscripting/Runtime/VisualScripting.Flow/Framework/Math/Vector2/DeprecatedVector2Add.cs
 0.1 kb	 0.0% Packages/com.unity.visualscripting/Runtime/VisualScripting.Flow/Framework/Math/Scalar/ScalarMoveTowards.cs
 0.1 kb	 0.0% Packages/com.unity.visualscripting/Runtime/VisualScripting.Flow/Framework/Math/Scalar/ScalarExponentiate.cs
 0.1 kb	 0.0% Packages/com.unity.visualscripting/Runtime/VisualScripting.Flow/Framework/Math/Scalar/DeprecatedScalarAdd.cs
 0.1 kb	 0.0% Packages/com.unity.visualscripting/Runtime/VisualScripting.Flow/Framework/Math/Generic/DeprecatedGenericAdd.cs
 0.1 kb	 0.0% Packages/com.unity.visualscripting/Runtime/VisualScripting.Flow/Framework/Logic/NumericComparison.cs
 0.1 kb	 0.0% Packages/com.unity.visualscripting/Runtime/VisualScripting.Flow/Framework/Logic/EqualityComparison.cs
 0.1 kb	 0.0% Packages/com.unity.visualscripting/Runtime/VisualScripting.Flow/Framework/Logic/BinaryComparisonUnit.cs
 0.1 kb	 0.0% Packages/com.unity.visualscripting/Runtime/VisualScripting.Flow/Framework/Logic/ApproximatelyEqual.cs
 0.1 kb	 0.0% Packages/com.unity.visualscripting/Runtime/VisualScripting.Flow/Framework/Events/TriggerCustomEvent.cs
 0.1 kb	 0.0% Packages/com.unity.visualscripting/Runtime/VisualScripting.Flow/Framework/Events/Rendering/OnBecameInvisible.cs
 0.1 kb	 0.0% Packages/com.unity.visualscripting/Runtime/VisualScripting.Flow/Framework/Events/Physics2D/TriggerEvent2DUnit.cs
 0.1 kb	 0.0% Packages/com.unity.visualscripting/Runtime/VisualScripting.Flow/Framework/Events/Physics2D/OnCollisionStay2D.cs
 0.1 kb	 0.0% Packages/com.unity.visualscripting/Runtime/VisualScripting.Flow/Framework/Events/Physics2D/OnCollisionExit2D.cs
 0.1 kb	 0.0% Packages/com.unity.visualscripting/Runtime/VisualScripting.Flow/Framework/Events/Physics2D/OnCollisionEnter2D.cs
 0.1 kb	 0.0% Packages/com.unity.visualscripting/Runtime/VisualScripting.Flow/Framework/Events/Physics2D/CollisionEvent2DUnit.cs
 0.1 kb	 0.0% Packages/com.unity.visualscripting/Runtime/VisualScripting.Flow/Framework/Events/Physics/OnParticleCollision.cs
 0.1 kb	 0.0% Packages/com.unity.visualscripting/Runtime/VisualScripting.Flow/Framework/Events/Physics/CollisionEventUnit.cs
 0.1 kb	 0.0% Packages/com.unity.visualscripting/Runtime/VisualScripting.Flow/Framework/Events/Navigation/OnDestinationReached.cs
 0.1 kb	 0.0% Packages/com.unity.visualscripting/Runtime/VisualScripting.Flow/Framework/Events/Input/OnMouseUpAsButton.cs
 0.1 kb	 0.0% Packages/com.unity.visualscripting/Runtime/VisualScripting.Flow/Framework/Events/GUI/OnToggleValueChanged.cs
 0.1 kb	 0.0% Packages/com.unity.visualscripting/Runtime/VisualScripting.Flow/Framework/Events/GUI/OnSliderValueChanged.cs
 0.1 kb	 0.0% Packages/com.unity.visualscripting/Runtime/VisualScripting.Flow/Framework/Events/GUI/OnInputFieldEndEdit.cs
 0.1 kb	 0.0% Packages/com.unity.visualscripting/Runtime/VisualScripting.Flow/Framework/Events/GUI/GenericGuiEventUnit.cs
 0.1 kb	 0.0% Packages/com.unity.visualscripting/Runtime/VisualScripting.Flow/Framework/Events/Editor/OnDrawGizmosSelected.cs
 0.1 kb	 0.0% Packages/com.unity.visualscripting/Runtime/VisualScripting.Flow/Framework/Events/Application/OnApplicationResume.cs
 0.1 kb	 0.0% Packages/com.unity.visualscripting/Runtime/VisualScripting.Flow/Framework/Events/Application/OnApplicationQuit.cs
 0.1 kb	 0.0% Packages/com.unity.visualscripting/Runtime/VisualScripting.Flow/Framework/Events/Application/OnApplicationPause.cs
 0.1 kb	 0.0% Packages/com.unity.visualscripting/Runtime/VisualScripting.Flow/Framework/Events/Application/OnApplicationFocus.cs
 0.1 kb	 0.0% Packages/com.unity.visualscripting/Runtime/VisualScripting.Flow/Framework/Events/Animation/BoltAnimationEvent.cs
 0.1 kb	 0.0% Packages/com.unity.visualscripting/Runtime/VisualScripting.Flow/Framework/Collections/Dictionaries/SetDictionaryItem.cs
 0.1 kb	 0.0% Packages/com.unity.visualscripting/Runtime/VisualScripting.Flow/Framework/Collections/Dictionaries/RemoveDictionaryItem.cs
 0.1 kb	 0.0% Packages/com.unity.visualscripting/Runtime/VisualScripting.Flow/Framework/Collections/Dictionaries/MergeDictionaries.cs
 0.1 kb	 0.0% Packages/com.unity.visualscripting/Runtime/VisualScripting.Flow/Framework/Collections/Dictionaries/GetDictionaryItem.cs
 0.1 kb	 0.0% Packages/com.unity.visualscripting/Runtime/VisualScripting.Flow/Framework/Collections/Dictionaries/AddDictionaryItem.cs
 0.1 kb	 0.0% Packages/com.unity.visualscripting/Runtime/VisualScripting.Flow/EditorBinding/UnitTitleAttribute.cs
 0.1 kb	 0.0% Packages/com.unity.visualscripting/Runtime/VisualScripting.Flow/EditorBinding/UnitOrderAttribute.cs
 0.1 kb	 0.0% Packages/com.unity.visualscripting/Runtime/VisualScripting.Flow/EditorBinding/SpecialUnitAttribute.cs
 0.1 kb	 0.0% Packages/com.unity.visualscripting/Runtime/VisualScripting.Flow/EditorBinding/PortLabelAttribute.cs
 0.1 kb	 0.0% Packages/com.unity.visualscripting/Runtime/VisualScripting.Flow/Dependencies/NCalc/NCalcParser.cs
 0.1 kb	 0.0% Packages/com.unity.visualscripting/Runtime/VisualScripting.Flow/Dependencies/NCalc/NCalcLexer.cs
 0.1 kb	 0.0% Packages/com.unity.visualscripting/Runtime/VisualScripting.Flow/Dependencies/NCalc/FunctionArgs.cs
 0.1 kb	 0.0% Packages/com.unity.visualscripting/Runtime/VisualScripting.Flow/Dependencies/NCalc/Expression.cs
 0.1 kb	 0.0% Packages/com.unity.visualscripting/Runtime/VisualScripting.Flow/Connections/InvalidConnection.cs
 0.1 kb	 0.0% Packages/com.unity.visualscripting/Runtime/VisualScripting.Flow/Connections/ControlConnection.cs
 0.1 kb	 0.0% Packages/com.unity.visualscripting/Runtime/VisualScripting.Core/Variables/VariableDeclarations.cs
 0.1 kb	 0.0% Packages/com.unity.visualscripting/Runtime/VisualScripting.Core/Variables/VariableDeclaration.cs
 0.1 kb	 0.0% Packages/com.unity.visualscripting/Runtime/VisualScripting.Core/Variables/IGraphWithVariables.cs
 0.1 kb	 0.0% Packages/com.unity.visualscripting/Runtime/VisualScripting.Core/Variables/ApplicationVariables.cs
 0.1 kb	 0.0% Packages/com.unity.visualscripting/Runtime/VisualScripting.Core/Utilities/UnityObjectUtility.cs
 0.1 kb	 0.0% Packages/com.unity.visualscripting/Runtime/VisualScripting.Core/Utilities/ReferenceCollector.cs
 0.1 kb	 0.0% Packages/com.unity.visualscripting/Runtime/VisualScripting.Core/Utilities/CSharpNameUtility.cs
 0.1 kb	 0.0% Packages/com.unity.visualscripting/Runtime/VisualScripting.Core/Unity/SingletonAttribute.cs
 0.1 kb	 0.0% Packages/com.unity.visualscripting/Runtime/VisualScripting.Core/Unity/IUnityObjectOwnable.cs
 0.1 kb	 0.0% Packages/com.unity.visualscripting/Runtime/VisualScripting.Core/Serialization/SerializeAttribute.cs
 0.1 kb	 0.0% Packages/com.unity.visualscripting/Runtime/VisualScripting.Core/Serialization/SerializeAsAttribute.cs
 0.1 kb	 0.0% Packages/com.unity.visualscripting/Runtime/VisualScripting.Core/Serialization/SerializationData.cs
 0.1 kb	 0.0% Packages/com.unity.visualscripting/Runtime/VisualScripting.Core/Serialization/Converters/UnityObjectConverter.cs
 0.1 kb	 0.0% Packages/com.unity.visualscripting/Runtime/VisualScripting.Core/Serialization/Converters/NamespaceConverter.cs
 0.1 kb	 0.0% Packages/com.unity.visualscripting/Runtime/VisualScripting.Core/Reflection/RenamedFromAttribute.cs
 0.1 kb	 0.0% Packages/com.unity.visualscripting/Runtime/VisualScripting.Core/Reflection/Optimization/StaticInvokerBase.cs
 0.1 kb	 0.0% Packages/com.unity.visualscripting/Runtime/VisualScripting.Core/Reflection/Optimization/ReflectionInvoker.cs
 0.1 kb	 0.0% Packages/com.unity.visualscripting/Runtime/VisualScripting.Core/Reflection/Optimization/OptimizedReflection.cs
 0.1 kb	 0.0% Packages/com.unity.visualscripting/Runtime/VisualScripting.Core/Reflection/Optimization/IOptimizedInvoker.cs
 0.1 kb	 0.0% Packages/com.unity.visualscripting/Runtime/VisualScripting.Core/Reflection/Optimization/IOptimizedAccessor.cs
 0.1 kb	 0.0% Packages/com.unity.visualscripting/Runtime/VisualScripting.Core/Reflection/Operators/UnaryOperatorHandler.cs
 0.1 kb	 0.0% Packages/com.unity.visualscripting/Runtime/VisualScripting.Core/Reflection/Operators/SubtractionHandler.cs
 0.1 kb	 0.0% Packages/com.unity.visualscripting/Runtime/VisualScripting.Core/Reflection/Operators/RightShiftHandler.cs
 0.1 kb	 0.0% Packages/com.unity.visualscripting/Runtime/VisualScripting.Core/Reflection/Operators/OperatorException.cs
 0.1 kb	 0.0% Packages/com.unity.visualscripting/Runtime/VisualScripting.Core/Reflection/Operators/InequalityHandler.cs
 0.1 kb	 0.0% Packages/com.unity.visualscripting/Runtime/VisualScripting.Core/Reflection/Operators/GreaterThanHandler.cs
 0.1 kb	 0.0% Packages/com.unity.visualscripting/Runtime/VisualScripting.Core/Reflection/Operators/ExclusiveOrHandler.cs
 0.1 kb	 0.0% Packages/com.unity.visualscripting/Runtime/VisualScripting.Core/Reflection/MemberInfoComparer.cs
 0.1 kb	 0.0% Packages/com.unity.visualscripting/Runtime/VisualScripting.Core/Reflection/LooseAssemblyName.cs
 0.1 kb	 0.0% Packages/com.unity.visualscripting/Runtime/VisualScripting.Core/Reflection/IAttributeProvider.cs
 0.1 kb	 0.0% Packages/com.unity.visualscripting/Runtime/VisualScripting.Core/Reflection/ConversionUtility.cs
 0.1 kb	 0.0% Packages/com.unity.visualscripting/Runtime/VisualScripting.Core/Listeners/UnityMessageListener.cs
 0.1 kb	 0.0% Packages/com.unity.visualscripting/Runtime/VisualScripting.Core/Listeners/IGraphEventListener.cs
 0.1 kb	 0.0% Packages/com.unity.visualscripting/Runtime/VisualScripting.Core/Graphs/IGraphParentElement.cs
 0.1 kb	 0.0% Packages/com.unity.visualscripting/Runtime/VisualScripting.Core/Graphs/IGraphNesterElement.cs
 0.1 kb	 0.0% Packages/com.unity.visualscripting/Runtime/VisualScripting.Core/Graphs/IGraphElementData.cs
 0.1 kb	 0.0% Packages/com.unity.visualscripting/Runtime/VisualScripting.Core/Events/FrameDelayedCallback.cs
 0.1 kb	 0.0% Packages/com.unity.visualscripting/Runtime/VisualScripting.Core/Events/EventHookComparer.cs
 0.1 kb	 0.0% Packages/com.unity.visualscripting/Runtime/VisualScripting.Core/Ensure/ExceptionMessages.cs
 0.1 kb	 0.0% Packages/com.unity.visualscripting/Runtime/VisualScripting.Core/EditorBinding/TypeIconAttribute.cs
 0.1 kb	 0.0% Packages/com.unity.visualscripting/Runtime/VisualScripting.Core/EditorBinding/PredictableAttribute.cs
 0.1 kb	 0.0% Packages/com.unity.visualscripting/Runtime/VisualScripting.Core/EditorBinding/InspectableAttribute.cs
 0.1 kb	 0.0% Packages/com.unity.visualscripting/Runtime/VisualScripting.Core/EditorBinding/EditorTimeBinding.cs
 0.1 kb	 0.0% Packages/com.unity.visualscripting/Runtime/VisualScripting.Core/EditorBinding/EditorBindingUtility.cs
 0.1 kb	 0.0% Packages/com.unity.visualscripting/Runtime/VisualScripting.Core/EditorBinding/AllowsNullAttribute.cs
 0.1 kb	 0.0% Packages/com.unity.visualscripting/Runtime/VisualScripting.Core/Dependencies/FullSerializer/Internal/fsOption.cs
 0.1 kb	 0.0% Packages/com.unity.visualscripting/Runtime/VisualScripting.Core/Decorators/IDecoratorAttribute.cs
 0.1 kb	 0.0% Packages/com.unity.visualscripting/Runtime/VisualScripting.Core/Cloning/Cloners/AnimationCurveCloner.cs
 0.1 kb	 0.0% Packages/com.unity.ugui/Runtime/TMP/TMP_DynamicFontAssetUtilities.cs
 0.1 kb	 0.0% Packages/com.unity.timeline/Runtime/Utilities/AnimationPreviewUtilities.cs
 0.1 kb	 0.0% Packages/com.unity.timeline/Runtime/Playables/TimeNotificationBehaviour.cs
 0.1 kb	 0.0% Packages/com.unity.timeline/Runtime/Playables/ActivationControlPlayable.cs
 0.1 kb	 0.0% Packages/com.unity.timeline/Runtime/Events/INotificationOptionProvider.cs
 0.1 kb	 0.0% Packages/com.unity.splines/Runtime/SplineDataHandleAttribute.cs
 0.1 kb	 0.0% Packages/com.unity.render-pipelines.universal/Runtime/NoAllocUtils.cs
 0.1 kb	 0.0% Packages/com.unity.render-pipelines.universal/Runtime/2D/Light2D.cs
 0.1 kb	 0.0% Packages/com.unity.render-pipelines.universal/Runtime/2D/Clipper.cs
 0.1 kb	 0.0% Packages/com.unity.render-pipelines.core/Runtime/XR/XRSRPSettings.cs
 0.1 kb	 0.0% Packages/com.unity.render-pipelines.core/Runtime/Volume/VolumeProfile.cs
 0.1 kb	 0.0% Packages/com.unity.render-pipelines.core/Runtime/Volume/VolumeParameter.cs
 0.1 kb	 0.0% Packages/com.unity.render-pipelines.core/Runtime/Volume/VolumeManager.cs
 0.1 kb	 0.0% Packages/com.unity.render-pipelines.core/Runtime/Volume/VolumeDebugData.cs
 0.1 kb	 0.0% Packages/com.unity.render-pipelines.core/Runtime/Volume/VolumeComponent.cs
 0.1 kb	 0.0% Packages/com.unity.render-pipelines.core/Runtime/Volume/VolumeCollection.cs
 0.1 kb	 0.0% Packages/com.unity.render-pipelines.core/Runtime/Volume/KeyframeUtility.cs
 0.1 kb	 0.0% Packages/com.unity.render-pipelines.core/Runtime/Utilities/TileLayoutUtils.cs
 0.1 kb	 0.0% Packages/com.unity.render-pipelines.core/Runtime/Utilities/TextureGradient.cs
 0.1 kb	 0.0% Packages/com.unity.render-pipelines.core/Runtime/Utilities/ResourceReloader.cs
 0.1 kb	 0.0% Packages/com.unity.render-pipelines.core/Runtime/Utilities/LightUnitUtils.cs
 0.1 kb	 0.0% Packages/com.unity.render-pipelines.core/Runtime/Utilities/HaltonSequence.cs
 0.1 kb	 0.0% Packages/com.unity.render-pipelines.core/Runtime/Utilities/HDROutputUtils.cs
 0.1 kb	 0.0% Packages/com.unity.render-pipelines.core/Runtime/Utilities/GPUPrefixSum/GPUPrefixSum.Data.cs
 0.1 kb	 0.0% Packages/com.unity.render-pipelines.core/Runtime/Utilities/DelegateUtility.cs
 0.1 kb	 0.0% Packages/com.unity.render-pipelines.core/Runtime/Utilities/CoreMatrixUtils.cs
 0.1 kb	 0.0% Packages/com.unity.render-pipelines.core/Runtime/Utilities/ColorSpaceUtils.cs
 0.1 kb	 0.0% Packages/com.unity.render-pipelines.core/Runtime/Utilities/ArrayExtensions.cs
 0.1 kb	 0.0% Packages/com.unity.render-pipelines.core/Runtime/Textures/Texture2DAtlas.cs
 0.1 kb	 0.0% Packages/com.unity.render-pipelines.core/Runtime/Textures/RTHandleSystem.cs
 0.1 kb	 0.0% Packages/com.unity.render-pipelines.core/Runtime/RenderPipeline/IVolumetricCloud.cs
 0.1 kb	 0.0% Packages/com.unity.render-pipelines.core/Runtime/RenderPipeline/ICloudBackground.cs
 0.1 kb	 0.0% Packages/com.unity.render-pipelines.core/Runtime/RenderGraph/RenderGraphCompilationCache.cs
 0.1 kb	 0.0% Packages/com.unity.render-pipelines.core/Runtime/PostProcessing/LensFlareDataSRP.cs
 0.1 kb	 0.0% Packages/com.unity.render-pipelines.core/Runtime/Lighting/ProbeVolume/ProbeBrickPool.cs
 0.1 kb	 0.0% Packages/com.unity.render-pipelines.core/Runtime/Lighting/ProbeVolume/ProbeBrickIndex.cs
 0.1 kb	 0.0% Packages/com.unity.render-pipelines.core/Runtime/GPUDriven/InstanceData/InstanceType.cs
 0.1 kb	 0.0% Packages/com.unity.render-pipelines.core/Runtime/GPUDriven/InstanceData/InstanceData.cs
 0.1 kb	 0.0% Packages/com.unity.render-pipelines.core/Runtime/Debugging/ProfilingScope.cs
 0.1 kb	 0.0% Packages/com.unity.render-pipelines.core/Runtime/Debugging/FrameTiming/FrameTimeSample.cs
 0.1 kb	 0.0% Packages/com.unity.render-pipelines.core/Runtime/Debugging/DebugManager.UIState.cs
 0.1 kb	 0.0% Packages/com.unity.render-pipelines.core/Runtime/Debugging/DebugManager.Actions.cs
 0.1 kb	 0.0% Packages/com.unity.render-pipelines.core/Runtime/Debugging/DebugFrameTiming.cs
 0.1 kb	 0.0% Packages/com.unity.render-pipelines.core/Runtime/Common/SerializableEnum.cs
 0.1 kb	 0.0% Packages/com.unity.render-pipelines.core/Runtime/Common/ReloadAttribute.cs
 0.1 kb	 0.0% Packages/com.unity.render-pipelines.core/Runtime/Common/IAdditionalData.cs
 0.1 kb	 0.0% Packages/com.unity.render-pipelines.core/Runtime/Common/DynamicString.cs
 0.1 kb	 0.0% Packages/com.unity.render-pipelines.core/Runtime/Common/CoreUnsafeUtils.cs
 0.1 kb	 0.0% Packages/com.unity.render-pipelines.core/Runtime/Common/ContextContainer.cs
 0.1 kb	 0.0% Packages/com.unity.render-pipelines.core/Runtime/Common/ConstantBuffer.cs
 0.1 kb	 0.0% Packages/com.unity.render-pipelines.core/Runtime/Camera/CameraSwitcher.cs
 0.1 kb	 0.0% Packages/com.unity.inputsystem/InputSystem/Utilities/Comparers.cs
 0.1 kb	 0.0% Packages/com.unity.inputsystem/InputSystem/State/InputStateHistory.cs
 0.1 kb	 0.0% Packages/com.unity.inputsystem/InputSystem/State/InputStateBuffers.cs
 0.1 kb	 0.0% Packages/com.unity.inputsystem/InputSystem/State/IInputStateTypeInfo.cs
 0.1 kb	 0.0% Packages/com.unity.inputsystem/InputSystem/Plugins/iOS/InputSettingsiOSProvider.cs
 0.1 kb	 0.0% Packages/com.unity.inputsystem/InputSystem/Plugins/Users/InputUserSettings.cs
 0.1 kb	 0.0% Packages/com.unity.inputsystem/InputSystem/Plugins/PlayerInput/PlayerInputEditor.cs
 0.1 kb	 0.0% Packages/com.unity.inputsystem/InputSystem/Plugins/EnhancedTouch/TouchSimulation.cs
 0.1 kb	 0.0% Packages/com.unity.inputsystem/InputSystem/NativeInputRuntime.cs
 0.1 kb	 0.0% Packages/com.unity.inputsystem/InputSystem/Events/InputEventListener.cs
 0.1 kb	 0.0% Packages/com.unity.inputsystem/InputSystem/Events/IMECompositionEvent.cs
 0.1 kb	 0.0% Packages/com.unity.inputsystem/InputSystem/Events/IInputEventTypeInfo.cs
 0.1 kb	 0.0% Packages/com.unity.inputsystem/InputSystem/Events/DeviceRemoveEvent.cs
 0.1 kb	 0.0% Packages/com.unity.inputsystem/InputSystem/Editor/UITKAssetEditor/Views/MatchingControlPaths.cs
 0.1 kb	 0.0% Packages/com.unity.inputsystem/InputSystem/Editor/UITKAssetEditor/Views/IViewStateCollection.cs
 0.1 kb	 0.0% Packages/com.unity.inputsystem/InputSystem/Editor/UITKAssetEditor/Views/ControlSchemesView.cs
 0.1 kb	 0.0% Packages/com.unity.inputsystem/InputSystem/Editor/UITKAssetEditor/Views/ActionPropertiesView.cs
 0.1 kb	 0.0% Packages/com.unity.inputsystem/InputSystem/Editor/UITKAssetEditor/EnumerableExtensions.cs
 0.1 kb	 0.0% Packages/com.unity.inputsystem/InputSystem/Editor/PropertyDrawers/InputActionMapDrawer.cs
 0.1 kb	 0.0% Packages/com.unity.inputsystem/InputSystem/Editor/PropertyDrawers/InputActionDrawer.cs
 0.1 kb	 0.0% Packages/com.unity.inputsystem/InputSystem/Editor/Internal/InputEventTreeView.cs
 0.1 kb	 0.0% Packages/com.unity.inputsystem/InputSystem/Editor/Internal/InputControlTreeView.cs
 0.1 kb	 0.0% Packages/com.unity.inputsystem/InputSystem/Editor/Internal/BuildProviderHelpers.cs
 0.1 kb	 0.0% Packages/com.unity.inputsystem/InputSystem/Editor/Internal/AdvancedDropdown/MultiLevelDataSource.cs
 0.1 kb	 0.0% Packages/com.unity.inputsystem/InputSystem/Editor/Internal/AdvancedDropdown/CallbackDataSource.cs
 0.1 kb	 0.0% Packages/com.unity.inputsystem/InputSystem/Editor/Internal/AdvancedDropdown/AdvancedDropdownItem.cs
 0.1 kb	 0.0% Packages/com.unity.inputsystem/InputSystem/Editor/Internal/AdvancedDropdown/AdvancedDropdownGUI.cs
 0.1 kb	 0.0% Packages/com.unity.inputsystem/InputSystem/Editor/InputParameterEditor.cs
 0.1 kb	 0.0% Packages/com.unity.inputsystem/InputSystem/Editor/DeviceSimulator/InputSystemPlugin.cs
 0.1 kb	 0.0% Packages/com.unity.inputsystem/InputSystem/Editor/Debugger/InputDebuggerWindow.cs
 0.1 kb	 0.0% Packages/com.unity.inputsystem/InputSystem/Editor/ControlPicker/InputControlPicker.cs
 0.1 kb	 0.0% Packages/com.unity.inputsystem/InputSystem/Editor/BuildPipeline/LinkFileGenerator.cs
 0.1 kb	 0.0% Packages/com.unity.inputsystem/InputSystem/Editor/AssetImporter/InputActionImporter.cs
 0.1 kb	 0.0% Packages/com.unity.inputsystem/InputSystem/Editor/AssetEditor/PropertiesViewBase.cs
 0.1 kb	 0.0% Packages/com.unity.inputsystem/InputSystem/Editor/AssetEditor/InputActionTreeView.cs
 0.1 kb	 0.0% Packages/com.unity.inputsystem/InputSystem/Editor/Analytics/InputEditorAnalytics.cs
 0.1 kb	 0.0% Packages/com.unity.inputsystem/InputSystem/Editor/Analytics/InputBuildAnalytic.cs
 0.1 kb	 0.0% Packages/com.unity.inputsystem/InputSystem/Devices/InputDeviceMatcher.cs
 0.1 kb	 0.0% Packages/com.unity.inputsystem/InputSystem/Devices/InputDeviceBuilder.cs
 0.1 kb	 0.0% Packages/com.unity.inputsystem/InputSystem/Devices/ITextInputReceiver.cs
 0.1 kb	 0.0% Packages/com.unity.inputsystem/InputSystem/Devices/IEventPreProcessor.cs
 0.1 kb	 0.0% Packages/com.unity.inputsystem/InputSystem/Devices/ICustomDeviceReset.cs
 0.1 kb	 0.0% Packages/com.unity.inputsystem/InputSystem/Devices/Commands/RequestSyncCommand.cs
 0.1 kb	 0.0% Packages/com.unity.inputsystem/InputSystem/Devices/Commands/RequestResetCommand.cs
 0.1 kb	 0.0% Packages/com.unity.inputsystem/InputSystem/Devices/Commands/QueryUserIdCommand.cs
 0.1 kb	 0.0% Packages/com.unity.inputsystem/InputSystem/Devices/Commands/QueryKeyNameCommand.cs
 0.1 kb	 0.0% Packages/com.unity.inputsystem/InputSystem/Devices/Commands/InputDeviceCommand.cs
 0.1 kb	 0.0% Packages/com.unity.inputsystem/InputSystem/Devices/Commands/EnableDeviceCommand.cs
 0.1 kb	 0.0% Packages/com.unity.inputsystem/InputSystem/Devices/Commands/DisableDeviceCommand.cs
 0.1 kb	 0.0% Packages/com.unity.inputsystem/InputSystem/Controls/TouchPressControl.cs
 0.1 kb	 0.0% Packages/com.unity.inputsystem/InputSystem/Controls/TouchPhaseControl.cs
 0.1 kb	 0.0% Packages/com.unity.inputsystem/InputSystem/Controls/QuaternionControl.cs
 0.1 kb	 0.0% Packages/com.unity.inputsystem/InputSystem/Controls/InputControlLayout.cs
 0.1 kb	 0.0% Packages/com.unity.inputsystem/InputSystem/Controls/InputControlExtensions.cs
 0.1 kb	 0.0% Packages/com.unity.inputsystem/InputSystem/Actions/InputInteractionContext.cs
 0.1 kb	 0.0% Packages/com.unity.inputsystem/InputSystem/Actions/InputBindingComposite.cs
 0.1 kb	 0.0% Packages/com.unity.inputsystem/InputSystem/Actions/IInputActionCollection.cs
 0.1 kb	 0.0% Packages/com.unity.collections/Unity.Collections/NativeNotBurstCompatible.cs
 0.1 kb	 0.0% Assets/TextMesh Pro/Examples & Extras/Resources/Color Gradient Presets/Yellow to Orange - Vertical.asset
 0.1 kb	 0.0% Assets/TextMesh Pro/Examples & Extras/Resources/Color Gradient Presets/Blue to Purple - Vertical.asset
 0.1 kb	 0.0% Packages/com.unity.visualscripting/Runtime/VisualScripting.Core/Ensure/EnsureThat.ValueTypes.cs
 0.1 kb	 0.0% Packages/com.unity.visualscripting/Runtime/VisualScripting.Core/Ensure/EnsureThat.Reflection.cs
 0.1 kb	 0.0% Packages/com.unity.visualscripting/Runtime/VisualScripting.Core/Ensure/EnsureThat.Comparables.cs
 0.1 kb	 0.0% Packages/com.unity.visualscripting/Runtime/VisualScripting.Core/Ensure/EnsureThat.Collections.cs
 0.1 kb	 0.0% Packages/com.unity.visualscripting/Runtime/VisualScripting.Core/Dependencies/FullSerializer/fsSerializer.cs
 0.1 kb	 0.0% Packages/com.unity.visualscripting/Runtime/VisualScripting.Core/Dependencies/FullSerializer/fsJsonParser.cs
 0.1 kb	 0.0% Packages/com.unity.visualscripting/Runtime/VisualScripting.Core/Dependencies/FullSerializer/fsConverter.cs
 0.1 kb	 0.0% Packages/com.unity.visualscripting/Runtime/VisualScripting.Core/Dependencies/FullSerializer/fsContext.cs
 0.1 kb	 0.0% Packages/com.unity.visualscripting/Runtime/VisualScripting.Core/Dependencies/FullSerializer/Reflection/fsTypeCache.cs
 0.1 kb	 0.0% Packages/com.unity.visualscripting/Runtime/VisualScripting.Core/Dependencies/FullSerializer/Reflection/fsMetaType.cs
 0.1 kb	 0.0% Packages/com.unity.ugui/Runtime/UGUI/EventSystem/InputModules/StandaloneInputModule.cs
 0.1 kb	 0.0% Packages/com.unity.rendering.light-transport/Runtime/UnifiedRayTracing/Compute/RadeonRays/StringIDs.cs
 0.1 kb	 0.0% Packages/com.unity.rendering.light-transport/Runtime/UnifiedRayTracing/Compute/RadeonRays/Common.cs
 0.1 kb	 0.0% Packages/com.unity.rendering.light-transport/Runtime/UnifiedRayTracing/Compute/RadeonRays/BvhCheck.cs
 0.1 kb	 0.0% Packages/com.unity.render-pipelines.universal/Runtime/StpUtils.cs
 0.1 kb	 0.0% Packages/com.unity.render-pipelines.universal/Runtime/Overrides/Vignette.cs
 0.1 kb	 0.0% Packages/com.unity.render-pipelines.universal/Runtime/Overrides/Bloom.cs
 0.1 kb	 0.0% Packages/com.unity.render-pipelines.core/Runtime/XR/XRView.cs
 0.1 kb	 0.0% Packages/com.unity.render-pipelines.core/Runtime/XR/XRSystem.cs
 0.1 kb	 0.0% Packages/com.unity.render-pipelines.core/Runtime/XR/XRPass.cs
 0.1 kb	 0.0% Packages/com.unity.render-pipelines.core/Runtime/XR/XRLayout.cs
 0.1 kb	 0.0% Packages/com.unity.render-pipelines.core/Runtime/GPUDriven/BatchLayers.cs
 0.1 kb	 0.0% Packages/com.unity.render-pipelines.core/Runtime/Debugging/DebugUI.Containers.cs
 0.1 kb	 0.0% Packages/com.unity.postprocessing/PostProcessing/Runtime/Utils/TargetPool.cs
 0.1 kb	 0.0% Packages/com.unity.postprocessing/PostProcessing/Runtime/Utils/ShaderIDs.cs
 0.1 kb	 0.0% Packages/com.unity.postprocessing/PostProcessing/Runtime/Utils/LogHistogram.cs
 0.1 kb	 0.0% Packages/com.unity.postprocessing/PostProcessing/Runtime/Utils/HaltonSeq.cs
 0.1 kb	 0.0% Packages/com.unity.postprocessing/PostProcessing/Runtime/Utils/HableCurve.cs
 0.1 kb	 0.0% Packages/com.unity.postprocessing/PostProcessing/Runtime/Effects/ScalableAO.cs
 0.1 kb	 0.0% Packages/com.unity.postprocessing/PostProcessing/Runtime/Effects/MultiScaleVO.cs
 0.1 kb	 0.0% Packages/com.unity.postprocessing/PostProcessing/Runtime/Effects/MotionBlur.cs
 0.1 kb	 0.0% Packages/com.unity.postprocessing/PostProcessing/Runtime/Effects/Dithering.cs
 0.1 kb	 0.0% Packages/com.unity.postprocessing/PostProcessing/Runtime/Effects/DepthOfField.cs
 0.1 kb	 0.0% Packages/com.unity.postprocessing/PostProcessing/Runtime/Effects/ColorGrading.cs
 0.1 kb	 0.0% Packages/com.unity.postprocessing/PostProcessing/Runtime/Effects/AutoExposure.cs
 0.1 kb	 0.0% Packages/com.unity.postprocessing/PostProcessing/Runtime/Attributes/MinAttribute.cs
 0.1 kb	 0.0% Packages/com.unity.postprocessing/PostProcessing/Runtime/Attributes/MaxAttribute.cs
 0.1 kb	 0.0% Packages/com.unity.multiplayer.center/Common/AnswerData.cs
 0.1 kb	 0.0% Packages/com.unity.inputsystem/InputSystem/Utilities/StringHelpers.cs
 0.1 kb	 0.0% Packages/com.unity.inputsystem/InputSystem/Utilities/SpriteUtilities.cs
 0.1 kb	 0.0% Packages/com.unity.inputsystem/InputSystem/Utilities/PrimitiveValue.cs
 0.1 kb	 0.0% Packages/com.unity.inputsystem/InputSystem/Utilities/PredictiveParser.cs
 0.1 kb	 0.0% Packages/com.unity.inputsystem/InputSystem/Utilities/NumberHelpers.cs
 0.1 kb	 0.0% Packages/com.unity.inputsystem/InputSystem/Utilities/MemoryHelpers.cs
 0.1 kb	 0.0% Packages/com.unity.inputsystem/InputSystem/Utilities/InternedString.cs
 0.1 kb	 0.0% Packages/com.unity.inputsystem/InputSystem/Utilities/ExceptionHelpers.cs
 0.1 kb	 0.0% Packages/com.unity.inputsystem/InputSystem/Utilities/DelegateHelpers.cs
 0.1 kb	 0.0% Packages/com.unity.inputsystem/InputSystem/Plugins/iOS/iOSStepCounter.cs
 0.1 kb	 0.0% Packages/com.unity.inputsystem/InputSystem/Plugins/XR/TrackedPoseDriver.cs
 0.1 kb	 0.0% Packages/com.unity.inputsystem/InputSystem/Plugins/XR/Haptics/BufferedRumble.cs
 0.1 kb	 0.0% Packages/com.unity.inputsystem/InputSystem/Plugins/UI/VirtualMouseInput.cs
 0.1 kb	 0.0% Packages/com.unity.inputsystem/InputSystem/Plugins/UI/INavigationEventData.cs
 0.1 kb	 0.0% Packages/com.unity.inputsystem/InputSystem/Plugins/UI/BaseInputOverride.cs
 0.1 kb	 0.0% Packages/com.unity.inputsystem/InputSystem/Plugins/DualShock/DualShockSupport.cs
 0.1 kb	 0.0% Packages/com.unity.inputsystem/InputSystem/Plugins/DualShock/DualShockGamepad.cs
 0.1 kb	 0.0% Packages/com.unity.inputsystem/InputSystem/Controls/Processors/ScaleProcessor.cs
 0.1 kb	 0.0% Packages/com.unity.inputsystem/InputSystem/Controls/Processors/InvertProcessor.cs
 0.1 kb	 0.0% Packages/com.unity.inputsystem/InputSystem/Controls/Processors/ClampProcessor.cs
 0.1 kb	 0.0% Packages/com.unity.inputsystem/InputSystem/Actions/Interactions/TapInteraction.cs
 0.1 kb	 0.0% Packages/com.unity.inputsystem/InputSystem/Actions/Interactions/PressInteraction.cs
 0.1 kb	 0.0% Packages/com.unity.inputsystem/InputSystem/Actions/Interactions/HoldInteraction.cs
 0.1 kb	 0.0% Packages/com.unity.inputsystem/InputSystem/Actions/InputActionTrace.cs
 0.1 kb	 0.0% Packages/com.unity.inputsystem/InputSystem/Actions/Composites/Vector3Composite.cs
 0.1 kb	 0.0% Packages/com.unity.inputsystem/InputSystem/Actions/Composites/Vector2Composite.cs
 0.1 kb	 0.0% Packages/com.unity.inputsystem/InputSystem/Actions/Composites/AxisComposite.cs
 0.1 kb	 0.0% Packages/com.unity.collections/Unity.Collections/UnsafeBitArray.cs
 0.1 kb	 0.0% Packages/com.unity.collections/Unity.Collections/UTF8ArrayUnsafeUtility.cs
 0.1 kb	 0.0% Packages/com.unity.collections/Unity.Collections/StreamCompressionModel.cs
 0.1 kb	 0.0% Packages/com.unity.collections/Unity.Collections/NativeArrayExtensions.cs
 0.1 kb	 0.0% Packages/com.unity.collections/Unity.Collections/FixedStringInternalMethods.cs
 0.1 kb	 0.0% Packages/com.unity.collections/Unity.Collections/FixedStringFormatMethods.gen.cs
 0.1 kb	 0.0% Packages/com.unity.cinemachine/Runtime/Timeline/CinemachineShotPlayable.cs
 0.1 kb	 0.0% Packages/com.unity.cinemachine/Runtime/Timeline/CinemachinePlayableMixer.cs
 0.1 kb	 0.0% Packages/com.unity.cinemachine/Runtime/Impulse/CinemachineImpulseSource.cs
 0.1 kb	 0.0% Packages/com.unity.cinemachine/Runtime/Impulse/CinemachineFixedSignal.cs
 0.1 kb	 0.0% Packages/com.unity.cinemachine/Runtime/Helpers/GroupWeightManipulator.cs
 0.1 kb	 0.0% Packages/com.unity.cinemachine/Runtime/Helpers/CinemachineTriggerAction.cs
 0.1 kb	 0.0% Packages/com.unity.cinemachine/Runtime/Helpers/CinemachineCameraEvents.cs
 0.1 kb	 0.0% Packages/com.unity.cinemachine/Runtime/Helpers/CinemachineBrainEvents.cs
 0.1 kb	 0.0% Packages/com.unity.cinemachine/Runtime/Deprecated/DeprecatedAttributes.cs
 0.1 kb	 0.0% Packages/com.unity.cinemachine/Runtime/Deprecated/CinemachineVirtualCamera.cs
 0.1 kb	 0.0% Packages/com.unity.cinemachine/Runtime/Deprecated/CinemachineTransposer.cs
 0.1 kb	 0.0% Packages/com.unity.cinemachine/Runtime/Deprecated/CinemachineTrackedDolly.cs
 0.1 kb	 0.0% Packages/com.unity.cinemachine/Runtime/Deprecated/CinemachineSmoothPath.cs
 0.1 kb	 0.0% Packages/com.unity.cinemachine/Runtime/Deprecated/CinemachineInputProvider.cs
 0.1 kb	 0.0% Packages/com.unity.cinemachine/Runtime/Deprecated/CinemachineGroupComposer.cs
 0.1 kb	 0.0% Packages/com.unity.cinemachine/Runtime/Deprecated/CinemachineDoNotUpgrade.cs
 0.1 kb	 0.0% Packages/com.unity.cinemachine/Runtime/Core/VirtualCameraRegistry.cs
 0.1 kb	 0.0% Packages/com.unity.cinemachine/Runtime/Core/UnityVectorExtensions.cs
 0.1 kb	 0.0% Packages/com.unity.cinemachine/Runtime/Core/ScreenComposerSettings.cs
 0.1 kb	 0.0% Packages/com.unity.cinemachine/Runtime/Core/IShotQualityEvaluator.cs
 0.1 kb	 0.0% Packages/com.unity.cinemachine/Runtime/Core/CinemachineComponentBase.cs
 0.1 kb	 0.0% Packages/com.unity.cinemachine/Runtime/Components/CinemachineSplineDolly.cs
 0.1 kb	 0.0% Packages/com.unity.cinemachine/Runtime/Components/CinemachineOrbitalFollow.cs
 0.1 kb	 0.0% Packages/com.unity.cinemachine/Runtime/Components/CinemachineHardLookAt.cs
 0.1 kb	 0.0% Packages/com.unity.cinemachine/Runtime/Behaviours/CinemachineTargetGroup.cs
 0.1 kb	 0.0% Packages/com.unity.cinemachine/Runtime/Behaviours/CinemachineStoryboard.cs
 0.1 kb	 0.0% Packages/com.unity.cinemachine/Runtime/Behaviours/CinemachineSplineRoll.cs
 0.1 kb	 0.0% Packages/com.unity.cinemachine/Runtime/Behaviours/CinemachineSplineCart.cs
 0.1 kb	 0.0% Packages/com.unity.cinemachine/Runtime/Behaviours/CinemachineRecomposer.cs
 0.1 kb	 0.0% Packages/com.unity.cinemachine/Runtime/Behaviours/CinemachinePixelPerfect.cs
 0.1 kb	 0.0% Packages/com.unity.cinemachine/Runtime/Behaviours/CinemachineMixingCamera.cs
 0.1 kb	 0.0% Packages/com.unity.cinemachine/Runtime/Behaviours/CinemachineGroupFraming.cs
 0.1 kb	 0.0% Packages/com.unity.cinemachine/Runtime/Behaviours/CinemachineFollowZoom.cs
 0.1 kb	 0.0% Packages/com.unity.cinemachine/Runtime/Behaviours/CinemachineDeoccluder.cs
 0.1 kb	 0.0% Packages/com.unity.cinemachine/Runtime/Behaviours/CinemachineDecollider.cs
 0.1 kb	 0.0% Packages/com.unity.cinemachine/Runtime/Behaviours/CinemachineConfiner3D.cs
 0.1 kb	 0.0% Packages/com.unity.cinemachine/Runtime/Behaviours/CinemachineConfiner2D.cs
 0.1 kb	 0.0% Packages/com.unity.cinemachine/Runtime/Behaviours/CinemachineCameraOffset.cs
 0.1 kb	 0.0% Packages/com.unity.burst/Runtime/CompilerServices/SkipLocalsInitAttribute.cs
 0.1 kb	 0.0% Packages/com.unity.burst/Runtime/CompilerServices/IgnoreWarningAttribute.cs
 0.1 kb	 0.0% Packages/com.unity.ai.navigation/Runtime/NavMeshModifierVolume.cs
 0.1 kb	 0.0% Assets/Scripts/Minigames/FirefighterExtinguishManager.cs
 0.1 kb	 0.0% Packages/com.unity.visualscripting/Runtime/VisualScripting.State/Units/SetStateGraph.cs
 0.1 kb	 0.0% Packages/com.unity.visualscripting/Runtime/VisualScripting.State/Units/GetStateGraphs.cs
 0.1 kb	 0.0% Packages/com.unity.visualscripting/Runtime/VisualScripting.State/Units/GetStateGraph.cs
 0.1 kb	 0.0% Packages/com.unity.visualscripting/Runtime/VisualScripting.State/StateTransition.cs
 0.1 kb	 0.0% Packages/com.unity.visualscripting/Runtime/VisualScripting.State/StateGraphData.cs
 0.1 kb	 0.0% Packages/com.unity.visualscripting/Runtime/VisualScripting.State/StateGraphAsset.cs
 0.1 kb	 0.0% Packages/com.unity.visualscripting/Runtime/VisualScripting.State/StateEventHooks.cs
 0.1 kb	 0.0% Packages/com.unity.visualscripting/Runtime/VisualScripting.State/IStateTransition.cs
 0.1 kb	 0.0% Packages/com.unity.visualscripting/Runtime/VisualScripting.State/IStateDebugData.cs
 0.1 kb	 0.0% Packages/com.unity.visualscripting/Runtime/VisualScripting.State/Framework/Graph/HasStateGraph.cs
 0.1 kb	 0.0% Packages/com.unity.visualscripting/Runtime/VisualScripting.Flow/UnitPreservation.cs
 0.1 kb	 0.0% Packages/com.unity.visualscripting/Runtime/VisualScripting.Flow/ScriptMachine.cs
 0.1 kb	 0.0% Packages/com.unity.visualscripting/Runtime/VisualScripting.Flow/ScriptGraphAsset.cs
 0.1 kb	 0.0% Packages/com.unity.visualscripting/Runtime/VisualScripting.Flow/Ports/InvalidOutput.cs
 0.1 kb	 0.0% Packages/com.unity.visualscripting/Runtime/VisualScripting.Flow/Ports/IUnitValuePort.cs
 0.1 kb	 0.0% Packages/com.unity.visualscripting/Runtime/VisualScripting.Flow/Ports/IUnitOutputPort.cs
 0.1 kb	 0.0% Packages/com.unity.visualscripting/Runtime/VisualScripting.Flow/Ports/IUnitInvalidPort.cs
 0.1 kb	 0.0% Packages/com.unity.visualscripting/Runtime/VisualScripting.Flow/Ports/IUnitInputPort.cs
 0.1 kb	 0.0% Packages/com.unity.visualscripting/Runtime/VisualScripting.Flow/Ports/IUnitControlPort.cs
 0.1 kb	 0.0% Packages/com.unity.visualscripting/Runtime/VisualScripting.Flow/Ports/ControlOutput.cs
 0.1 kb	 0.0% Packages/com.unity.visualscripting/Runtime/VisualScripting.Flow/MultiInputUnit.cs
 0.1 kb	 0.0% Packages/com.unity.visualscripting/Runtime/VisualScripting.Flow/IUnitDebugData.cs
 0.1 kb	 0.0% Packages/com.unity.visualscripting/Runtime/VisualScripting.Flow/Framework/Variables/SaveVariables.cs
 0.1 kb	 0.0% Packages/com.unity.visualscripting/Runtime/VisualScripting.Flow/Framework/Variables/Obsolete/SetVariableUnit.cs
 0.1 kb	 0.0% Packages/com.unity.visualscripting/Runtime/VisualScripting.Flow/Framework/Variables/Obsolete/SetSceneVariable.cs
 0.1 kb	 0.0% Packages/com.unity.visualscripting/Runtime/VisualScripting.Flow/Framework/Variables/Obsolete/SetSavedVariable.cs
 0.1 kb	 0.0% Packages/com.unity.visualscripting/Runtime/VisualScripting.Flow/Framework/Variables/Obsolete/SetGraphVariable.cs
 0.1 kb	 0.0% Packages/com.unity.visualscripting/Runtime/VisualScripting.Flow/Framework/Variables/Obsolete/IVariableUnit.cs
 0.1 kb	 0.0% Packages/com.unity.visualscripting/Runtime/VisualScripting.Flow/Framework/Variables/Obsolete/GetVariableUnit.cs
 0.1 kb	 0.0% Packages/com.unity.visualscripting/Runtime/VisualScripting.Flow/Framework/Variables/Obsolete/GetSceneVariable.cs
 0.1 kb	 0.0% Packages/com.unity.visualscripting/Runtime/VisualScripting.Flow/Framework/Variables/Obsolete/GetSavedVariable.cs
 0.1 kb	 0.0% Packages/com.unity.visualscripting/Runtime/VisualScripting.Flow/Framework/Variables/Obsolete/GetGraphVariable.cs
 0.1 kb	 0.0% Packages/com.unity.visualscripting/Runtime/VisualScripting.Flow/Framework/Time/WaitWhileUnit.cs
 0.1 kb	 0.0% Packages/com.unity.visualscripting/Runtime/VisualScripting.Flow/Framework/Time/WaitUntilUnit.cs
 0.1 kb	 0.0% Packages/com.unity.visualscripting/Runtime/VisualScripting.Flow/Framework/Math/Vector4/Vector4Subtract.cs
 0.1 kb	 0.0% Packages/com.unity.visualscripting/Runtime/VisualScripting.Flow/Framework/Math/Vector4/Vector4PerSecond.cs
 0.1 kb	 0.0% Packages/com.unity.visualscripting/Runtime/VisualScripting.Flow/Framework/Math/Vector4/Vector4Normalize.cs
 0.1 kb	 0.0% Packages/com.unity.visualscripting/Runtime/VisualScripting.Flow/Framework/Math/Vector4/Vector4Multiply.cs
 0.1 kb	 0.0% Packages/com.unity.visualscripting/Runtime/VisualScripting.Flow/Framework/Math/Vector4/Vector4Modulo.cs
 0.1 kb	 0.0% Packages/com.unity.visualscripting/Runtime/VisualScripting.Flow/Framework/Math/Vector4/Vector4Minimum.cs
 0.1 kb	 0.0% Packages/com.unity.visualscripting/Runtime/VisualScripting.Flow/Framework/Math/Vector4/Vector4Maximum.cs
 0.1 kb	 0.0% Packages/com.unity.visualscripting/Runtime/VisualScripting.Flow/Framework/Math/Vector4/Vector4Divide.cs
 0.1 kb	 0.0% Packages/com.unity.visualscripting/Runtime/VisualScripting.Flow/Framework/Math/Vector4/Vector4Distance.cs
 0.1 kb	 0.0% Packages/com.unity.visualscripting/Runtime/VisualScripting.Flow/Framework/Math/Vector4/Vector4Average.cs
 0.1 kb	 0.0% Packages/com.unity.visualscripting/Runtime/VisualScripting.Flow/Framework/Math/Vector4/Vector4Absolute.cs
 0.1 kb	 0.0% Packages/com.unity.visualscripting/Runtime/VisualScripting.Flow/Framework/Math/Vector3/Vector3Subtract.cs
 0.1 kb	 0.0% Packages/com.unity.visualscripting/Runtime/VisualScripting.Flow/Framework/Math/Vector3/Vector3Project.cs
 0.1 kb	 0.0% Packages/com.unity.visualscripting/Runtime/VisualScripting.Flow/Framework/Math/Vector3/Vector3PerSecond.cs
 0.1 kb	 0.0% Packages/com.unity.visualscripting/Runtime/VisualScripting.Flow/Framework/Math/Vector3/Vector3Normalize.cs
 0.1 kb	 0.0% Packages/com.unity.visualscripting/Runtime/VisualScripting.Flow/Framework/Math/Vector3/Vector3Multiply.cs
 0.1 kb	 0.0% Packages/com.unity.visualscripting/Runtime/VisualScripting.Flow/Framework/Math/Vector3/Vector3Modulo.cs
 0.1 kb	 0.0% Packages/com.unity.visualscripting/Runtime/VisualScripting.Flow/Framework/Math/Vector3/Vector3Minimum.cs
 0.1 kb	 0.0% Packages/com.unity.visualscripting/Runtime/VisualScripting.Flow/Framework/Math/Vector3/Vector3Maximum.cs
 0.1 kb	 0.0% Packages/com.unity.visualscripting/Runtime/VisualScripting.Flow/Framework/Math/Vector3/Vector3Divide.cs
 0.1 kb	 0.0% Packages/com.unity.visualscripting/Runtime/VisualScripting.Flow/Framework/Math/Vector3/Vector3Distance.cs
 0.1 kb	 0.0% Packages/com.unity.visualscripting/Runtime/VisualScripting.Flow/Framework/Math/Vector3/Vector3Average.cs
 0.1 kb	 0.0% Packages/com.unity.visualscripting/Runtime/VisualScripting.Flow/Framework/Math/Vector3/Vector3Absolute.cs
 0.1 kb	 0.0% Packages/com.unity.visualscripting/Runtime/VisualScripting.Flow/Framework/Math/Vector2/Vector2Subtract.cs
 0.1 kb	 0.0% Packages/com.unity.visualscripting/Runtime/VisualScripting.Flow/Framework/Math/Vector2/Vector2Project.cs
 0.1 kb	 0.0% Packages/com.unity.visualscripting/Runtime/VisualScripting.Flow/Framework/Math/Vector2/Vector2PerSecond.cs
 0.1 kb	 0.0% Packages/com.unity.visualscripting/Runtime/VisualScripting.Flow/Framework/Math/Vector2/Vector2Normalize.cs
 0.1 kb	 0.0% Packages/com.unity.visualscripting/Runtime/VisualScripting.Flow/Framework/Math/Vector2/Vector2Multiply.cs
 0.1 kb	 0.0% Packages/com.unity.visualscripting/Runtime/VisualScripting.Flow/Framework/Math/Vector2/Vector2Modulo.cs
 0.1 kb	 0.0% Packages/com.unity.visualscripting/Runtime/VisualScripting.Flow/Framework/Math/Vector2/Vector2Minimum.cs
 0.1 kb	 0.0% Packages/com.unity.visualscripting/Runtime/VisualScripting.Flow/Framework/Math/Vector2/Vector2Maximum.cs
 0.1 kb	 0.0% Packages/com.unity.visualscripting/Runtime/VisualScripting.Flow/Framework/Math/Vector2/Vector2Divide.cs
 0.1 kb	 0.0% Packages/com.unity.visualscripting/Runtime/VisualScripting.Flow/Framework/Math/Vector2/Vector2Distance.cs
 0.1 kb	 0.0% Packages/com.unity.visualscripting/Runtime/VisualScripting.Flow/Framework/Math/Vector2/Vector2Average.cs
 0.1 kb	 0.0% Packages/com.unity.visualscripting/Runtime/VisualScripting.Flow/Framework/Math/Vector2/Vector2Absolute.cs
 0.1 kb	 0.0% Packages/com.unity.visualscripting/Runtime/VisualScripting.Flow/Framework/Math/Scalar/ScalarSubtract.cs
 0.1 kb	 0.0% Packages/com.unity.visualscripting/Runtime/VisualScripting.Flow/Framework/Math/Scalar/ScalarPerSecond.cs
 0.1 kb	 0.0% Packages/com.unity.visualscripting/Runtime/VisualScripting.Flow/Framework/Math/Scalar/ScalarNormalize.cs
 0.1 kb	 0.0% Packages/com.unity.visualscripting/Runtime/VisualScripting.Flow/Framework/Math/Scalar/ScalarMultiply.cs
 0.1 kb	 0.0% Packages/com.unity.visualscripting/Runtime/VisualScripting.Flow/Framework/Math/Scalar/ScalarMinimum.cs
 0.1 kb	 0.0% Packages/com.unity.visualscripting/Runtime/VisualScripting.Flow/Framework/Math/Scalar/ScalarMaximum.cs
 0.1 kb	 0.0% Packages/com.unity.visualscripting/Runtime/VisualScripting.Flow/Framework/Math/Scalar/ScalarAverage.cs
 0.1 kb	 0.0% Packages/com.unity.visualscripting/Runtime/VisualScripting.Flow/Framework/Math/Scalar/ScalarAbsolute.cs
 0.1 kb	 0.0% Packages/com.unity.visualscripting/Runtime/VisualScripting.Flow/Framework/Math/Generic/GenericSubtract.cs
 0.1 kb	 0.0% Packages/com.unity.visualscripting/Runtime/VisualScripting.Flow/Framework/Math/Generic/GenericMultiply.cs
 0.1 kb	 0.0% Packages/com.unity.visualscripting/Runtime/VisualScripting.Flow/Framework/Math/Generic/GenericModulo.cs
 0.1 kb	 0.0% Packages/com.unity.visualscripting/Runtime/VisualScripting.Flow/Framework/Math/Generic/GenericDivide.cs
 0.1 kb	 0.0% Packages/com.unity.visualscripting/Runtime/VisualScripting.Flow/Framework/Logic/GreaterOrEqual.cs
 0.1 kb	 0.0% Packages/com.unity.visualscripting/Runtime/VisualScripting.Flow/Framework/Graph/SetScriptGraph.cs
 0.1 kb	 0.0% Packages/com.unity.visualscripting/Runtime/VisualScripting.Flow/Framework/Graph/HasScriptGraph.cs
 0.1 kb	 0.0% Packages/com.unity.visualscripting/Runtime/VisualScripting.Flow/Framework/Graph/GetScriptGraphs.cs
 0.1 kb	 0.0% Packages/com.unity.visualscripting/Runtime/VisualScripting.Flow/Framework/Graph/GetScriptGraph.cs
 0.1 kb	 0.0% Packages/com.unity.visualscripting/Runtime/VisualScripting.Flow/Framework/Events/Time/OnTimerElapsed.cs
 0.1 kb	 0.0% Packages/com.unity.visualscripting/Runtime/VisualScripting.Flow/Framework/Events/Rendering/OnBecameVisible.cs
 0.1 kb	 0.0% Packages/com.unity.visualscripting/Runtime/VisualScripting.Flow/Framework/Events/Physics2D/OnTriggerStay2D.cs
 0.1 kb	 0.0% Packages/com.unity.visualscripting/Runtime/VisualScripting.Flow/Framework/Events/Physics2D/OnTriggerExit2D.cs
 0.1 kb	 0.0% Packages/com.unity.visualscripting/Runtime/VisualScripting.Flow/Framework/Events/Physics2D/OnTriggerEnter2D.cs
 0.1 kb	 0.0% Packages/com.unity.visualscripting/Runtime/VisualScripting.Flow/Framework/Events/Physics2D/OnJointBreak2D.cs
 0.1 kb	 0.0% Packages/com.unity.visualscripting/Runtime/VisualScripting.Flow/Framework/Events/Physics/TriggerEventUnit.cs
 0.1 kb	 0.0% Packages/com.unity.visualscripting/Runtime/VisualScripting.Flow/Framework/Events/Physics/OnTriggerStay.cs
 0.1 kb	 0.0% Packages/com.unity.visualscripting/Runtime/VisualScripting.Flow/Framework/Events/Physics/OnTriggerExit.cs
 0.1 kb	 0.0% Packages/com.unity.visualscripting/Runtime/VisualScripting.Flow/Framework/Events/Physics/OnTriggerEnter.cs
 0.1 kb	 0.0% Packages/com.unity.visualscripting/Runtime/VisualScripting.Flow/Framework/Events/Physics/OnCollisionStay.cs
 0.1 kb	 0.0% Packages/com.unity.visualscripting/Runtime/VisualScripting.Flow/Framework/Events/Physics/OnCollisionExit.cs
 0.1 kb	 0.0% Packages/com.unity.visualscripting/Runtime/VisualScripting.Flow/Framework/Events/Physics/OnCollisionEnter.cs
 0.1 kb	 0.0% Packages/com.unity.visualscripting/Runtime/VisualScripting.Flow/Framework/Events/Input/OnKeyboardInput.cs
 0.1 kb	 0.0% Packages/com.unity.visualscripting/Runtime/VisualScripting.Flow/Framework/Events/Input/OnButtonInput.cs
 0.1 kb	 0.0% Packages/com.unity.visualscripting/Runtime/VisualScripting.Flow/Framework/Events/Input/IMouseEventUnit.cs
 0.1 kb	 0.0% Packages/com.unity.visualscripting/Runtime/VisualScripting.Flow/Framework/Events/GUI/PointerEventUnit.cs
 0.1 kb	 0.0% Packages/com.unity.visualscripting/Runtime/VisualScripting.Flow/Framework/Events/GUI/OnPointerExit.cs
 0.1 kb	 0.0% Packages/com.unity.visualscripting/Runtime/VisualScripting.Flow/Framework/Events/GUI/OnPointerEnter.cs
 0.1 kb	 0.0% Packages/com.unity.visualscripting/Runtime/VisualScripting.Flow/Framework/Events/GUI/OnPointerDown.cs
 0.1 kb	 0.0% Packages/com.unity.visualscripting/Runtime/VisualScripting.Flow/Framework/Events/GUI/OnPointerClick.cs
 0.1 kb	 0.0% Packages/com.unity.visualscripting/Runtime/VisualScripting.Flow/Framework/Events/GUI/OnButtonClick.cs
 0.1 kb	 0.0% Packages/com.unity.visualscripting/Runtime/VisualScripting.Flow/Framework/Events/CustomEventArgs.cs
 0.1 kb	 0.0% Packages/com.unity.visualscripting/Runtime/VisualScripting.Flow/Framework/Events/BoltUnityEvent.cs
 0.1 kb	 0.0% Packages/com.unity.visualscripting/Runtime/VisualScripting.Flow/Framework/Events/Animation/OnAnimatorMove.cs
 0.1 kb	 0.0% Packages/com.unity.visualscripting/Runtime/VisualScripting.Flow/Framework/Control/SwitchOnString.cs
 0.1 kb	 0.0% Packages/com.unity.visualscripting/Runtime/VisualScripting.Flow/Framework/Control/SwitchOnInteger.cs
 0.1 kb	 0.0% Packages/com.unity.visualscripting/Runtime/VisualScripting.Flow/Framework/Control/SelectOnString.cs
 0.1 kb	 0.0% Packages/com.unity.visualscripting/Runtime/VisualScripting.Flow/Framework/Control/SelectOnInteger.cs
 0.1 kb	 0.0% Packages/com.unity.visualscripting/Runtime/VisualScripting.Flow/Framework/Collections/Lists/RemoveListItemAt.cs
 0.1 kb	 0.0% Packages/com.unity.visualscripting/Runtime/VisualScripting.Flow/Framework/Collections/Lists/RemoveListItem.cs
 0.1 kb	 0.0% Packages/com.unity.visualscripting/Runtime/VisualScripting.Flow/Framework/Collections/Lists/ListContainsItem.cs
 0.1 kb	 0.0% Packages/com.unity.visualscripting/Runtime/VisualScripting.Flow/Framework/Collections/Lists/InsertListItem.cs
 0.1 kb	 0.0% Packages/com.unity.visualscripting/Runtime/VisualScripting.Flow/Framework/Collections/Dictionaries/CreateDictionary.cs
 0.1 kb	 0.0% Packages/com.unity.visualscripting/Runtime/VisualScripting.Flow/Framework/Collections/Dictionaries/ClearDictionary.cs
 0.1 kb	 0.0% Packages/com.unity.visualscripting/Runtime/VisualScripting.Flow/FlowGraphData.cs
 0.1 kb	 0.0% Packages/com.unity.visualscripting/Runtime/VisualScripting.Flow/EditorBinding/PortKeyAttribute.cs
 0.1 kb	 0.0% Packages/com.unity.visualscripting/Runtime/VisualScripting.Flow/Connections/ValueConnection.cs
 0.1 kb	 0.0% Packages/com.unity.visualscripting/Runtime/VisualScripting.Flow/Connections/IUnitRelation.cs
 0.1 kb	 0.0% Packages/com.unity.visualscripting/Runtime/VisualScripting.Flow/Connections/IUnitConnection.cs
 0.1 kb	 0.0% Packages/com.unity.visualscripting/Runtime/VisualScripting.Core/Variables/VariablesSaver.cs
 0.1 kb	 0.0% Packages/com.unity.visualscripting/Runtime/VisualScripting.Core/Variables/VariablesAsset.cs
 0.1 kb	 0.0% Packages/com.unity.visualscripting/Runtime/VisualScripting.Core/Variables/SceneVariables.cs
 0.1 kb	 0.0% Packages/com.unity.visualscripting/Runtime/VisualScripting.Core/Variables/SavedVariables.cs
 0.1 kb	 0.0% Packages/com.unity.visualscripting/Runtime/VisualScripting.Core/Variables/ObjectVariables.cs
 0.1 kb	 0.0% Packages/com.unity.visualscripting/Runtime/VisualScripting.Core/Utilities/StringUtility.cs
 0.1 kb	 0.0% Packages/com.unity.visualscripting/Runtime/VisualScripting.Core/Utilities/IInitializable.cs
 0.1 kb	 0.0% Packages/com.unity.visualscripting/Runtime/VisualScripting.Core/Utilities/IIdentifiable.cs
 0.1 kb	 0.0% Packages/com.unity.visualscripting/Runtime/VisualScripting.Core/Utilities/ExceptionUtility.cs
 0.1 kb	 0.0% Packages/com.unity.visualscripting/Runtime/VisualScripting.Core/Utilities/CoroutineRunner.cs
 0.1 kb	 0.0% Packages/com.unity.visualscripting/Runtime/VisualScripting.Core/Unity/LudiqBehaviour.cs
 0.1 kb	 0.0% Packages/com.unity.visualscripting/Runtime/VisualScripting.Core/Serialization/Serialization.cs
 0.1 kb	 0.0% Packages/com.unity.visualscripting/Runtime/VisualScripting.Core/Serialization/SerializableType.cs
 0.1 kb	 0.0% Packages/com.unity.visualscripting/Runtime/VisualScripting.Core/Serialization/DictionaryAsset.cs
 0.1 kb	 0.0% Packages/com.unity.visualscripting/Runtime/VisualScripting.Core/Serialization/Converters/Ray2DConverter.cs
 0.1 kb	 0.0% Packages/com.unity.visualscripting/Runtime/VisualScripting.Core/Reflection/RuntimeCodebase.cs
 0.1 kb	 0.0% Packages/com.unity.visualscripting/Runtime/VisualScripting.Core/Reflection/Operators/OperatorUtility.cs
 0.1 kb	 0.0% Packages/com.unity.visualscripting/Runtime/VisualScripting.Core/Reflection/Operators/OperatorHandler.cs
 0.1 kb	 0.0% Packages/com.unity.visualscripting/Runtime/VisualScripting.Core/Reflection/Operators/ModuloHandler.cs
 0.1 kb	 0.0% Packages/com.unity.visualscripting/Runtime/VisualScripting.Core/Reflection/Operators/LessThanHandler.cs
 0.1 kb	 0.0% Packages/com.unity.visualscripting/Runtime/VisualScripting.Core/Reflection/Operators/LeftShiftHandler.cs
 0.1 kb	 0.0% Packages/com.unity.visualscripting/Runtime/VisualScripting.Core/Reflection/Operators/IncrementHandler.cs
 0.1 kb	 0.0% Packages/com.unity.visualscripting/Runtime/VisualScripting.Core/Reflection/Operators/EqualityHandler.cs
 0.1 kb	 0.0% Packages/com.unity.visualscripting/Runtime/VisualScripting.Core/Reflection/Operators/DivisionHandler.cs
 0.1 kb	 0.0% Packages/com.unity.visualscripting/Runtime/VisualScripting.Core/Reflection/Operators/DecrementHandler.cs
 0.1 kb	 0.0% Packages/com.unity.visualscripting/Runtime/VisualScripting.Core/Reflection/Operators/AdditionHandler.cs
 0.1 kb	 0.0% Packages/com.unity.visualscripting/Runtime/VisualScripting.Core/Reflection/MemberUtility.cs
 0.1 kb	 0.0% Packages/com.unity.visualscripting/Runtime/VisualScripting.Core/Reflection/AttributeUtility.cs
 0.1 kb	 0.0% Packages/com.unity.visualscripting/Runtime/VisualScripting.Core/Profiling/ProfilingUtility.cs
 0.1 kb	 0.0% Packages/com.unity.visualscripting/Runtime/VisualScripting.Core/Profiling/ProfilingScope.cs
 0.1 kb	 0.0% Packages/com.unity.visualscripting/Runtime/VisualScripting.Core/Profiling/ProfiledSegment.cs
 0.1 kb	 0.0% Packages/com.unity.visualscripting/Runtime/VisualScripting.Core/Platforms/PlatformUtility.cs
 0.1 kb	 0.0% Packages/com.unity.visualscripting/Runtime/VisualScripting.Core/Platforms/IAotStubbable.cs
 0.1 kb	 0.0% Packages/com.unity.visualscripting/Runtime/VisualScripting.Core/Listeners/MessageListener.cs
 0.1 kb	 0.0% Packages/com.unity.visualscripting/Runtime/VisualScripting.Core/Graphs/IGraphElement.cs
 0.1 kb	 0.0% Packages/com.unity.visualscripting/Runtime/VisualScripting.Core/Graphs/IGraphDebugData.cs
 0.1 kb	 0.0% Packages/com.unity.visualscripting/Runtime/VisualScripting.Core/Graphs/GraphReference.cs
 0.1 kb	 0.0% Packages/com.unity.visualscripting/Runtime/VisualScripting.Core/Graphs/GraphInstances.cs
 0.1 kb	 0.0% Packages/com.unity.visualscripting/Runtime/VisualScripting.Core/Graphs/GraphDebugData.cs
 0.1 kb	 0.0% Packages/com.unity.visualscripting/Runtime/VisualScripting.Core/Events/IEventMachine.cs
 0.1 kb	 0.0% Packages/com.unity.visualscripting/Runtime/VisualScripting.Core/Events/EmptyEventArgs.cs
 0.1 kb	 0.0% Packages/com.unity.visualscripting/Runtime/VisualScripting.Core/Ensure/EnsureThat.Strings.cs
 0.1 kb	 0.0% Packages/com.unity.visualscripting/Runtime/VisualScripting.Core/Ensure/EnsureThat.Objects.cs
 0.1 kb	 0.0% Packages/com.unity.visualscripting/Runtime/VisualScripting.Core/Ensure/EnsureThat.Booleans.cs
 0.1 kb	 0.0% Packages/com.unity.visualscripting/Runtime/VisualScripting.Core/EditorBinding/TypeSetAttribute.cs
 0.1 kb	 0.0% Packages/com.unity.visualscripting/Runtime/VisualScripting.Core/Decorators/ValueAttribute.cs
 0.1 kb	 0.0% Packages/com.unity.visualscripting/Runtime/VisualScripting.Core/Collections/AotDictionary.cs
 0.1 kb	 0.0% Packages/com.unity.visualscripting/Runtime/VisualScripting.Core/Cloning/ISpecifiesCloner.cs
 0.1 kb	 0.0% Packages/com.unity.visualscripting/Runtime/VisualScripting.Core/Cloning/CloningContext.cs
 0.1 kb	 0.0% Packages/com.unity.visualscripting/Runtime/VisualScripting.Core/Cloning/Cloners/ReflectedCloner.cs
 0.1 kb	 0.0% Packages/com.unity.visualscripting/Runtime/VisualScripting.Core/Cloning/Cloners/GradientCloner.cs
 0.1 kb	 0.0% Packages/com.unity.visualscripting/Runtime/VisualScripting.Core/Cloning/Cloners/EnumerableCloner.cs
 0.1 kb	 0.0% Packages/com.unity.visualscripting/Runtime/VisualScripting.Core/Cloning/Cloners/DictionaryCloner.cs
 0.1 kb	 0.0% Packages/com.unity.ugui/Runtime/TMP/TMP_ScrollbarEventHandler.cs
 0.1 kb	 0.0% Packages/com.unity.ugui/Runtime/TMP/TMP_PackageResourceImporter.cs
 0.1 kb	 0.0% Packages/com.unity.timeline/Runtime/Utilities/TimelineCreateUtilities.cs
 0.1 kb	 0.0% Packages/com.unity.timeline/Runtime/Utilities/TimelineClipExtensions.cs
 0.1 kb	 0.0% Packages/com.unity.timeline/Runtime/Utilities/NotificationUtilities.cs
 0.1 kb	 0.0% Packages/com.unity.timeline/Runtime/Playables/PrefabControlPlayable.cs
 0.1 kb	 0.0% Packages/com.unity.timeline/Runtime/Playables/ParticleControlPlayable.cs
 0.1 kb	 0.0% Packages/com.unity.timeline/Runtime/Playables/DirectorControlPlayable.cs
 0.1 kb	 0.0% Packages/com.unity.timeline/Runtime/Events/Signals/CustomSignalEventDrawer.cs
 0.1 kb	 0.0% Packages/com.unity.timeline/Runtime/Attributes/TimelineHelpURLAttribute.cs
 0.1 kb	 0.0% Packages/com.unity.timeline/Runtime/Animation/AnimationPlayableAsset.cs
 0.1 kb	 0.0% Packages/com.unity.timeline/Runtime/Activation/ActivationPlayableAsset.cs
 0.1 kb	 0.0% Packages/com.unity.timeline/Runtime/Activation/ActivationMixerPlayable.cs
 0.1 kb	 0.0% Packages/com.unity.splines/Runtime/SplineModificationData.cs
 0.1 kb	 0.0% Packages/com.unity.render-pipelines.core/Runtime/Volume/VolumeStack.cs
 0.1 kb	 0.0% Packages/com.unity.render-pipelines.core/Runtime/Utilities/TextureCurve.cs
 0.1 kb	 0.0% Packages/com.unity.render-pipelines.core/Runtime/Utilities/MeshGizmo.cs
 0.1 kb	 0.0% Packages/com.unity.render-pipelines.core/Runtime/Utilities/HashFNV1A32.cs
 0.1 kb	 0.0% Packages/com.unity.render-pipelines.core/Runtime/Utilities/HableCurve.cs
 0.1 kb	 0.0% Packages/com.unity.render-pipelines.core/Runtime/Utilities/GPUPrefixSum/GPUPrefixSum.cs
 0.1 kb	 0.0% Packages/com.unity.render-pipelines.core/Runtime/Utilities/CoreUtils.cs
 0.1 kb	 0.0% Packages/com.unity.render-pipelines.core/Runtime/Utilities/ColorUtils.cs
 0.1 kb	 0.0% Packages/com.unity.render-pipelines.core/Runtime/Textures/TextureXR.cs
 0.1 kb	 0.0% Packages/com.unity.render-pipelines.core/Runtime/Textures/RTHandles.cs
 0.1 kb	 0.0% Packages/com.unity.render-pipelines.core/Runtime/Stripping/IStripper.cs
 0.1 kb	 0.0% Packages/com.unity.render-pipelines.core/Runtime/ShaderLibrary/Sampling/Hammersley.cs
 0.1 kb	 0.0% Packages/com.unity.render-pipelines.core/Runtime/Lighting/ProbeVolume/ProbeVolume.cs
 0.1 kb	 0.0% Packages/com.unity.render-pipelines.core/Runtime/GPUDriven/FrustumPlanes.cs
 0.1 kb	 0.0% Packages/com.unity.render-pipelines.core/Runtime/Debugging/Prefabs/Scripts/UIFoldout.cs
 0.1 kb	 0.0% Packages/com.unity.render-pipelines.core/Runtime/Debugging/DebugUpdater.cs
 0.1 kb	 0.0% Packages/com.unity.render-pipelines.core/Runtime/Debugging/DebugUI.Panel.cs
 0.1 kb	 0.0% Packages/com.unity.render-pipelines.core/Runtime/Debugging/DebugUI.Fields.cs
 0.1 kb	 0.0% Packages/com.unity.render-pipelines.core/Runtime/Debugging/DebugShapes.cs
 0.1 kb	 0.0% Packages/com.unity.render-pipelines.core/Runtime/Debugging/DebugOverlay.cs
 0.1 kb	 0.0% Packages/com.unity.render-pipelines.core/Runtime/Debugging/DebugManager.cs
 0.1 kb	 0.0% Packages/com.unity.render-pipelines.core/Runtime/Camera/FreeCamera.cs
 0.1 kb	 0.0% Packages/com.unity.mathematics/Unity.Mathematics/PropertyAttributes.cs
 0.1 kb	 0.0% Packages/com.unity.inputsystem/InputSystem/State/InputStateBlock.cs
 0.1 kb	 0.0% Packages/com.unity.inputsystem/InputSystem/Plugins/iOS/iOSPostProcessBuild.cs
 0.1 kb	 0.0% Packages/com.unity.inputsystem/InputSystem/Plugins/XInput/XInputSupport.cs
 0.1 kb	 0.0% Packages/com.unity.inputsystem/InputSystem/Plugins/XInput/XInputController.cs
 0.1 kb	 0.0% Packages/com.unity.inputsystem/InputSystem/Plugins/XInput/IXboxOneRumble.cs
 0.1 kb	 0.0% Packages/com.unity.inputsystem/InputSystem/Plugins/WebGL/WebGLJoystick.cs
 0.1 kb	 0.0% Packages/com.unity.inputsystem/InputSystem/Plugins/UnityRemote/UnityRemoteSupport.cs
 0.1 kb	 0.0% Packages/com.unity.inputsystem/InputSystem/Plugins/Switch/SwitchSupportHID.cs
 0.1 kb	 0.0% Packages/com.unity.inputsystem/InputSystem/Plugins/PlayerInput/PlayerInputManager.cs
 0.1 kb	 0.0% Packages/com.unity.inputsystem/InputSystem/Plugins/PlayerInput/DefaultInputActions.cs
 0.1 kb	 0.0% Packages/com.unity.inputsystem/InputSystem/Plugins/OnScreen/OnScreenSupport.cs
 0.1 kb	 0.0% Packages/com.unity.inputsystem/InputSystem/Plugins/OnScreen/OnScreenStick.cs
 0.1 kb	 0.0% Packages/com.unity.inputsystem/InputSystem/Plugins/OnScreen/OnScreenControl.cs
 0.1 kb	 0.0% Packages/com.unity.inputsystem/InputSystem/Plugins/OnScreen/OnScreenButton.cs
 0.1 kb	 0.0% Packages/com.unity.inputsystem/InputSystem/Plugins/Linux/SDLDeviceBuilder.cs
 0.1 kb	 0.0% Packages/com.unity.inputsystem/InputSystem/Plugins/EnhancedTouch/TouchHistory.cs
 0.1 kb	 0.0% Packages/com.unity.inputsystem/InputSystem/Plugins/Android/AndroidSupport.cs
 0.1 kb	 0.0% Packages/com.unity.inputsystem/InputSystem/InputSystemObject.cs
 0.1 kb	 0.0% Packages/com.unity.inputsystem/InputSystem/InputManagerStateMonitors.cs
 0.1 kb	 0.0% Packages/com.unity.inputsystem/InputSystem/InputFeatureNames.cs
 0.1 kb	 0.0% Packages/com.unity.inputsystem/InputSystem/IInputRuntime.cs
 0.1 kb	 0.0% Packages/com.unity.inputsystem/InputSystem/IInputDiagnostics.cs
 0.1 kb	 0.0% Packages/com.unity.inputsystem/InputSystem/Events/InputEventTrace.cs
 0.1 kb	 0.0% Packages/com.unity.inputsystem/InputSystem/Events/InputEventStream.cs
 0.1 kb	 0.0% Packages/com.unity.inputsystem/InputSystem/Events/InputEventPtr.cs
 0.1 kb	 0.0% Packages/com.unity.inputsystem/InputSystem/Events/InputEventBuffer.cs
 0.1 kb	 0.0% Packages/com.unity.inputsystem/InputSystem/Events/DeviceResetEvent.cs
 0.1 kb	 0.0% Packages/com.unity.inputsystem/InputSystem/Events/DeltaStateEvent.cs
 0.1 kb	 0.0% Packages/com.unity.inputsystem/InputSystem/Editor/UITKAssetEditor/Views/PropertiesView.cs
 0.1 kb	 0.0% Packages/com.unity.inputsystem/InputSystem/Editor/UITKAssetEditor/Views/DropManipulator.cs
 0.1 kb	 0.0% Packages/com.unity.inputsystem/InputSystem/Editor/UITKAssetEditor/Views/CopyPasteHelper.cs
 0.1 kb	 0.0% Packages/com.unity.inputsystem/InputSystem/Editor/UITKAssetEditor/Views/ActionsTreeView.cs
 0.1 kb	 0.0% Packages/com.unity.inputsystem/InputSystem/Editor/UITKAssetEditor/Views/ActionMapsView.cs
 0.1 kb	 0.0% Packages/com.unity.inputsystem/InputSystem/Editor/UITKAssetEditor/StateContainer.cs
 0.1 kb	 0.0% Packages/com.unity.inputsystem/InputSystem/Editor/UITKAssetEditor/ExpressionUtils.cs
 0.1 kb	 0.0% Packages/com.unity.inputsystem/InputSystem/Editor/Internal/TreeViewHelpers.cs
 0.1 kb	 0.0% Packages/com.unity.inputsystem/InputSystem/Editor/Internal/InputStateWindow.cs
 0.1 kb	 0.0% Packages/com.unity.inputsystem/InputSystem/Editor/Internal/EditorHelpers.cs
 0.1 kb	 0.0% Packages/com.unity.inputsystem/InputSystem/Editor/Internal/AdvancedDropdown/AdvancedDropdown.cs
 0.1 kb	 0.0% Packages/com.unity.inputsystem/InputSystem/Editor/InputDiagnostics.cs
 0.1 kb	 0.0% Packages/com.unity.inputsystem/InputSystem/Devices/Haptics/IDualMotorRumble.cs
 0.1 kb	 0.0% Packages/com.unity.inputsystem/InputSystem/Devices/Haptics/DualMotorRumble.cs
 0.1 kb	 0.0% Packages/com.unity.inputsystem/InputSystem/Controls/Vector3Control.cs
 0.1 kb	 0.0% Packages/com.unity.inputsystem/InputSystem/Controls/Vector2Control.cs
 0.1 kb	 0.0% Packages/com.unity.inputsystem/InputSystem/Controls/IntegerControl.cs
 0.1 kb	 0.0% Packages/com.unity.inputsystem/InputSystem/Controls/DoubleControl.cs
 0.1 kb	 0.0% Packages/com.unity.inputsystem/InputSystem/Controls/ButtonControl.cs
 0.1 kb	 0.0% Packages/com.unity.inputsystem/InputSystem/Controls/AnyKeyControl.cs
 0.1 kb	 0.0% Packages/com.unity.inputsystem/InputSystem/Actions/InputControlScheme.cs
 0.1 kb	 0.0% Packages/com.unity.inputsystem/InputSystem/Actions/InputBindingResolver.cs
 0.1 kb	 0.0% Packages/com.unity.inputsystem/InputSystem/Actions/InputActionReference.cs
 0.1 kb	 0.0% Packages/com.unity.inputsystem/InputSystem/Actions/InputActionProperty.cs
 0.1 kb	 0.0% Packages/com.unity.inputsystem/InputSystem/Actions/IInputInteraction.cs
 0.1 kb	 0.0% Packages/com.unity.collections/Unity.Collections/UnsafeList.cs
 0.1 kb	 0.0% Packages/com.unity.collections/Unity.Collections/FixedStringParseMethods.cs
 0.1 kb	 0.0% Packages/com.unity.collections/Unity.Collections/FixedStringAppendMethods.cs
 0.1 kb	 0.0% Packages/com.unity.cinemachine/Runtime/Core/TargetTracking.cs
 0.1 kb	 0.0% Packages/com.unity.cinemachine/Runtime/Core/InputAxisControllerBase.cs
 0.1 kb	 0.0% Packages/com.unity.visualscripting/Runtime/VisualScripting.Core/Ensure/EnsureThat.Types.cs
 0.1 kb	 0.0% Packages/com.unity.visualscripting/Runtime/VisualScripting.Core/Ensure/EnsureThat.Guids.cs
 0.1 kb	 0.0% Packages/com.unity.visualscripting/Runtime/VisualScripting.Core/Dependencies/FullSerializer/fsResult.cs
 0.1 kb	 0.0% Packages/com.unity.visualscripting/Runtime/VisualScripting.Core/Dependencies/FullSerializer/fsData.cs
 0.1 kb	 0.0% Packages/com.unity.visualscripting/Runtime/VisualScripting.Core/Dependencies/FullSerializer/fsConfig.cs
 0.1 kb	 0.0% Packages/com.unity.ugui/Runtime/UGUI/UI/Core/Utility/ReflectionMethodsCache.cs
 0.1 kb	 0.0% Packages/com.unity.ugui/Runtime/UGUI/UI/Core/MultipleDisplayUtilities.cs
 0.1 kb	 0.0% Packages/com.unity.ugui/Runtime/UGUI/UI/Core/Layout/HorizontalLayoutGroup.cs
 0.1 kb	 0.0% Packages/com.unity.ugui/Runtime/UGUI/UI/Core/IGraphicEnabledDisabled.cs
 0.1 kb	 0.0% Packages/com.unity.ugui/Runtime/UGUI/UI/Core/GraphicRebuildTracker.cs
 0.1 kb	 0.0% Packages/com.unity.ugui/Runtime/UGUI/UI/Core/Culling/RectangularVertexClipper.cs
 0.1 kb	 0.0% Packages/com.unity.ugui/Runtime/UGUI/EventSystem/UIElements/PanelEventHandler.cs
 0.1 kb	 0.0% Packages/com.unity.ugui/Runtime/UGUI/EventSystem/Raycasters/Physics2DRaycaster.cs
 0.1 kb	 0.0% Packages/com.unity.ugui/Runtime/UGUI/EventSystem/InputModules/PointerInputModule.cs
 0.1 kb	 0.0% Packages/com.unity.timeline/Runtime/TimelinePlayable_Animation.cs
 0.1 kb	 0.0% Packages/com.unity.timeline/Runtime/TimelineAttributes.cs
 0.1 kb	 0.0% Packages/com.unity.timeline/Runtime/Playables/BasicScriptPlayable.cs
 0.1 kb	 0.0% Packages/com.unity.splines/Runtime/Interpolators.cs
 0.1 kb	 0.0% Packages/com.unity.rendering.light-transport/Runtime/UnifiedRayTracing/Compute/RadeonRays/Scan.cs
 0.1 kb	 0.0% Packages/com.unity.render-pipelines.core/ShaderLibrary/DummyShaderLibrary.cs
 0.1 kb	 0.0% Packages/com.unity.render-pipelines.core/Runtime/Utilities/GPUSort/GPUSort.Data.cs
 0.1 kb	 0.0% Packages/com.unity.render-pipelines.core/Runtime/Utilities/BitArray.cs
 0.1 kb	 0.0% Packages/com.unity.render-pipelines.core/Runtime/Inputs/InputRegistering.cs
 0.1 kb	 0.0% Packages/com.unity.postprocessing/PostProcessing/Runtime/Utils/Spline.cs
 0.1 kb	 0.0% Packages/com.unity.postprocessing/PostProcessing/Runtime/Monitors/Monitor.cs
 0.1 kb	 0.0% Packages/com.unity.postprocessing/PostProcessing/Runtime/Effects/Vignette.cs
 0.1 kb	 0.0% Packages/com.unity.postprocessing/PostProcessing/Runtime/Effects/Grain.cs
 0.1 kb	 0.0% Packages/com.unity.postprocessing/PostProcessing/Runtime/Effects/Bloom.cs
 0.1 kb	 0.0% Packages/com.unity.inputsystem/InputSystem/Utilities/TypeTable.cs
 0.1 kb	 0.0% Packages/com.unity.inputsystem/InputSystem/Utilities/TypeHelpers.cs
 0.1 kb	 0.0% Packages/com.unity.inputsystem/InputSystem/Utilities/Substring.cs
 0.1 kb	 0.0% Packages/com.unity.inputsystem/InputSystem/Utilities/SavedState.cs
 0.1 kb	 0.0% Packages/com.unity.inputsystem/InputSystem/Utilities/Observables/Observable.cs
 0.1 kb	 0.0% Packages/com.unity.inputsystem/InputSystem/Utilities/NamedValue.cs
 0.1 kb	 0.0% Packages/com.unity.inputsystem/InputSystem/Utilities/MiscHelpers.cs
 0.1 kb	 0.0% Packages/com.unity.inputsystem/InputSystem/Utilities/JsonParser.cs
 0.1 kb	 0.0% Packages/com.unity.inputsystem/InputSystem/Utilities/ArrayHelpers.cs
 0.1 kb	 0.0% Packages/com.unity.inputsystem/InputSystem/Plugins/iOS/InputSettingsiOS.cs
 0.1 kb	 0.0% Packages/com.unity.inputsystem/InputSystem/Plugins/XR/XRLayoutBuilder.cs
 0.1 kb	 0.0% Packages/com.unity.inputsystem/InputSystem/Plugins/UI/NavigationModel.cs
 0.1 kb	 0.0% Packages/com.unity.inputsystem/InputSystem/InputUpdateType.cs
 0.1 kb	 0.0% Packages/com.unity.collections/Unity.Collections/UnsafeText.cs
 0.1 kb	 0.0% Packages/com.unity.collections/Unity.Collections/UnsafeStream.cs
 0.1 kb	 0.0% Packages/com.unity.collections/Unity.Collections/RewindableAllocator.cs
 0.1 kb	 0.0% Packages/com.unity.collections/Unity.Collections/FixedStringMethods.cs
 0.1 kb	 0.0% Packages/com.unity.collections/Unity.Collections/AutoFreeAllocator.cs
 0.1 kb	 0.0% Packages/com.unity.cinemachine/Runtime/PostProcessing/CinemachineAutoFocus.cs
 0.1 kb	 0.0% Packages/com.unity.cinemachine/Runtime/Deprecated/LegacyLensSettings.cs
 0.1 kb	 0.0% Packages/com.unity.cinemachine/Runtime/Deprecated/CinemachinePipeline.cs
 0.1 kb	 0.0% Packages/com.unity.cinemachine/Runtime/Deprecated/CinemachinePathBase.cs
 0.1 kb	 0.0% Packages/com.unity.cinemachine/Runtime/Deprecated/CinemachineFreeLook.cs
 0.1 kb	 0.0% Packages/com.unity.cinemachine/Runtime/Deprecated/CinemachineDollyCart.cs
 0.1 kb	 0.0% Packages/com.unity.cinemachine/Runtime/Deprecated/CinemachineConfiner.cs
 0.1 kb	 0.0% Packages/com.unity.cinemachine/Runtime/Deprecated/CinemachineComposer.cs
 0.1 kb	 0.0% Packages/com.unity.cinemachine/Runtime/Deprecated/CinemachineCollider.cs
 0.1 kb	 0.0% Packages/com.unity.cinemachine/Runtime/Core/TargetPositionCache.cs
 0.1 kb	 0.0% Packages/com.unity.cinemachine/Runtime/Core/SignalSourceAsset.cs
 0.1 kb	 0.0% Packages/com.unity.cinemachine/Runtime/Core/LookaheadSettings.cs
 0.1 kb	 0.0% Packages/com.unity.cinemachine/Runtime/Core/ICinemachineCamera.cs
 0.1 kb	 0.0% Packages/com.unity.cinemachine/Runtime/Core/CinemachineExtension.cs
 0.1 kb	 0.0% Packages/com.unity.cinemachine/Runtime/Core/CameraUpdateManager.cs
 0.1 kb	 0.0% Packages/com.unity.cinemachine/Runtime/Components/CinemachinePanTilt.cs
 0.1 kb	 0.0% Packages/com.unity.cinemachine/Runtime/Components/CinemachineFollow.cs
 0.1 kb	 0.0% Packages/com.unity.cinemachine/Runtime/Behaviours/CinemachineClearShot.cs
 0.1 kb	 0.0% Packages/com.unity.cinemachine/Runtime/Behaviours/CinemachineCamera.cs
 0.1 kb	 0.0% Packages/com.unity.burst/Runtime/CompilerServices/AssumeRangeAttribute.cs
 0.1 kb	 0.0% Assets/TextMesh Pro/Examples & Extras/Scripts/TextMeshProFloatingText.cs
 0.1 kb	 0.0% Assets/TextMesh Pro/Examples & Extras/Scripts/TMPro_InstructionOverlay.cs
 0.1 kb	 0.0% Assets/TextMesh Pro/Examples & Extras/Scripts/TMP_UiFrameRateCounter.cs
 0.1 kb	 0.0% Assets/TextMesh Pro/Examples & Extras/Scripts/TMP_TextInfoDebugTool.cs
 0.1 kb	 0.0% Assets/Scripts/Minigames/MinigameSessionManager.cs
 0.1 kb	 0.0% Assets/Scripts/Minigames/MinigameProgressManager.cs
 0.1 kb	 0.0% Packages/com.unity.visualscripting/Runtime/VisualScripting.State/SuperState.cs
 0.1 kb	 0.0% Packages/com.unity.visualscripting/Runtime/VisualScripting.State/StateUnit.cs
 0.1 kb	 0.0% Packages/com.unity.visualscripting/Runtime/VisualScripting.State/StateMachine.cs
 0.1 kb	 0.0% Packages/com.unity.visualscripting/Runtime/VisualScripting.State/StateGraph.cs
 0.1 kb	 0.0% Packages/com.unity.visualscripting/Runtime/VisualScripting.State/OnExitState.cs
 0.1 kb	 0.0% Packages/com.unity.visualscripting/Runtime/VisualScripting.State/OnEnterState.cs
 0.1 kb	 0.0% Packages/com.unity.visualscripting/Runtime/VisualScripting.State/INesterState.cs
 0.1 kb	 0.0% Packages/com.unity.visualscripting/Runtime/VisualScripting.State/FlowState.cs
 0.1 kb	 0.0% Packages/com.unity.visualscripting/Runtime/VisualScripting.Flow/UnitCategory.cs
 0.1 kb	 0.0% Packages/com.unity.visualscripting/Runtime/VisualScripting.Flow/SubgraphUnit.cs
 0.1 kb	 0.0% Packages/com.unity.visualscripting/Runtime/VisualScripting.Flow/Ports/ValueOutput.cs
 0.1 kb	 0.0% Packages/com.unity.visualscripting/Runtime/VisualScripting.Flow/Ports/ValueInput.cs
 0.1 kb	 0.0% Packages/com.unity.visualscripting/Runtime/VisualScripting.Flow/Ports/InvalidInput.cs
 0.1 kb	 0.0% Packages/com.unity.visualscripting/Runtime/VisualScripting.Flow/Ports/IUnitPort.cs
 0.1 kb	 0.0% Packages/com.unity.visualscripting/Runtime/VisualScripting.Flow/Ports/ControlInput.cs
 0.1 kb	 0.0% Packages/com.unity.visualscripting/Runtime/VisualScripting.Flow/INesterUnit.cs
 0.1 kb	 0.0% Packages/com.unity.visualscripting/Runtime/VisualScripting.Flow/Framework/Variables/SetVariable.cs
 0.1 kb	 0.0% Packages/com.unity.visualscripting/Runtime/VisualScripting.Flow/Framework/Variables/Obsolete/VariableUnit.cs
 0.1 kb	 0.0% Packages/com.unity.visualscripting/Runtime/VisualScripting.Flow/Framework/Variables/GetVariable.cs
 0.1 kb	 0.0% Packages/com.unity.visualscripting/Runtime/VisualScripting.Flow/Framework/Time/WaitForFlow.cs
 0.1 kb	 0.0% Packages/com.unity.visualscripting/Runtime/VisualScripting.Flow/Framework/Nulls/NullCoalesce.cs
 0.1 kb	 0.0% Packages/com.unity.visualscripting/Runtime/VisualScripting.Flow/Framework/Nulls/NullCheck.cs
 0.1 kb	 0.0% Packages/com.unity.visualscripting/Runtime/VisualScripting.Flow/Framework/Nesting/GraphOutput.cs
 0.1 kb	 0.0% Packages/com.unity.visualscripting/Runtime/VisualScripting.Flow/Framework/Nesting/GraphInput.cs
 0.1 kb	 0.0% Packages/com.unity.visualscripting/Runtime/VisualScripting.Flow/Framework/MissingType.cs
 0.1 kb	 0.0% Packages/com.unity.visualscripting/Runtime/VisualScripting.Flow/Framework/Math/Vector4/Vector4Sum.cs
 0.1 kb	 0.0% Packages/com.unity.visualscripting/Runtime/VisualScripting.Flow/Framework/Math/Vector4/Vector4Round.cs
 0.1 kb	 0.0% Packages/com.unity.visualscripting/Runtime/VisualScripting.Flow/Framework/Math/Vector4/Vector4Lerp.cs
 0.1 kb	 0.0% Packages/com.unity.visualscripting/Runtime/VisualScripting.Flow/Framework/Math/Vector3/Vector3Sum.cs
 0.1 kb	 0.0% Packages/com.unity.visualscripting/Runtime/VisualScripting.Flow/Framework/Math/Vector3/Vector3Round.cs
 0.1 kb	 0.0% Packages/com.unity.visualscripting/Runtime/VisualScripting.Flow/Framework/Math/Vector3/Vector3Lerp.cs
 0.1 kb	 0.0% Packages/com.unity.visualscripting/Runtime/VisualScripting.Flow/Framework/Math/Vector3/Vector3Angle.cs
 0.1 kb	 0.0% Packages/com.unity.visualscripting/Runtime/VisualScripting.Flow/Framework/Math/Vector2/Vector2Sum.cs
 0.1 kb	 0.0% Packages/com.unity.visualscripting/Runtime/VisualScripting.Flow/Framework/Math/Vector2/Vector2Round.cs
 0.1 kb	 0.0% Packages/com.unity.visualscripting/Runtime/VisualScripting.Flow/Framework/Math/Vector2/Vector2Lerp.cs
 0.1 kb	 0.0% Packages/com.unity.visualscripting/Runtime/VisualScripting.Flow/Framework/Math/Vector2/Vector2Angle.cs
 0.1 kb	 0.0% Packages/com.unity.visualscripting/Runtime/VisualScripting.Flow/Framework/Math/Scalar/ScalarSum.cs
 0.1 kb	 0.0% Packages/com.unity.visualscripting/Runtime/VisualScripting.Flow/Framework/Math/Scalar/ScalarRound.cs
 0.1 kb	 0.0% Packages/com.unity.visualscripting/Runtime/VisualScripting.Flow/Framework/Math/Scalar/ScalarRoot.cs
 0.1 kb	 0.0% Packages/com.unity.visualscripting/Runtime/VisualScripting.Flow/Framework/Math/Scalar/ScalarModulo.cs
 0.1 kb	 0.0% Packages/com.unity.visualscripting/Runtime/VisualScripting.Flow/Framework/Math/Scalar/ScalarLerp.cs
 0.1 kb	 0.0% Packages/com.unity.visualscripting/Runtime/VisualScripting.Flow/Framework/Math/Scalar/ScalarDivide.cs
 0.1 kb	 0.0% Packages/com.unity.visualscripting/Runtime/VisualScripting.Flow/Framework/Math/Generic/GenericSum.cs
 0.1 kb	 0.0% Packages/com.unity.visualscripting/Runtime/VisualScripting.Flow/Framework/Logic/LessOrEqual.cs
 0.1 kb	 0.0% Packages/com.unity.visualscripting/Runtime/VisualScripting.Flow/Framework/Logic/ExclusiveOr.cs
 0.1 kb	 0.0% Packages/com.unity.visualscripting/Runtime/VisualScripting.Flow/Framework/Logic/Comparison.cs
 0.1 kb	 0.0% Packages/com.unity.visualscripting/Runtime/VisualScripting.Flow/Framework/Events/Physics/OnJointBreak.cs
 0.1 kb	 0.0% Packages/com.unity.visualscripting/Runtime/VisualScripting.Flow/Framework/Events/Lifecycle/OnDisable.cs
 0.1 kb	 0.0% Packages/com.unity.visualscripting/Runtime/VisualScripting.Flow/Framework/Events/Lifecycle/OnDestroy.cs
 0.1 kb	 0.0% Packages/com.unity.visualscripting/Runtime/VisualScripting.Flow/Framework/Events/Lifecycle/LateUpdate.cs
 0.1 kb	 0.0% Packages/com.unity.visualscripting/Runtime/VisualScripting.Flow/Framework/Events/Lifecycle/FixedUpdate.cs
 0.1 kb	 0.0% Packages/com.unity.visualscripting/Runtime/VisualScripting.Flow/Framework/Events/Input/OnMouseUp.cs
 0.1 kb	 0.0% Packages/com.unity.visualscripting/Runtime/VisualScripting.Flow/Framework/Events/Input/OnMouseOver.cs
 0.1 kb	 0.0% Packages/com.unity.visualscripting/Runtime/VisualScripting.Flow/Framework/Events/Input/OnMouseInput.cs
 0.1 kb	 0.0% Packages/com.unity.visualscripting/Runtime/VisualScripting.Flow/Framework/Events/Input/OnMouseExit.cs
 0.1 kb	 0.0% Packages/com.unity.visualscripting/Runtime/VisualScripting.Flow/Framework/Events/Input/OnMouseEnter.cs
 0.1 kb	 0.0% Packages/com.unity.visualscripting/Runtime/VisualScripting.Flow/Framework/Events/Input/OnMouseDrag.cs
 0.1 kb	 0.0% Packages/com.unity.visualscripting/Runtime/VisualScripting.Flow/Framework/Events/Input/OnMouseDown.cs
 0.1 kb	 0.0% Packages/com.unity.visualscripting/Runtime/VisualScripting.Flow/Framework/Events/IEventUnit.cs
 0.1 kb	 0.0% Packages/com.unity.visualscripting/Runtime/VisualScripting.Flow/Framework/Events/GUI/OnPointerUp.cs
 0.1 kb	 0.0% Packages/com.unity.visualscripting/Runtime/VisualScripting.Flow/Framework/Events/GUI/OnEndDrag.cs
 0.1 kb	 0.0% Packages/com.unity.visualscripting/Runtime/VisualScripting.Flow/Framework/Events/GUI/OnDeselect.cs
 0.1 kb	 0.0% Packages/com.unity.visualscripting/Runtime/VisualScripting.Flow/Framework/Events/GUI/OnBeginDrag.cs
 0.1 kb	 0.0% Packages/com.unity.visualscripting/Runtime/VisualScripting.Flow/Framework/Events/Editor/OnDrawGizmos.cs
 0.1 kb	 0.0% Packages/com.unity.visualscripting/Runtime/VisualScripting.Flow/Framework/Events/CustomEvent.cs
 0.1 kb	 0.0% Packages/com.unity.visualscripting/Runtime/VisualScripting.Flow/Framework/Events/Animation/OnAnimatorIK.cs
 0.1 kb	 0.0% Packages/com.unity.visualscripting/Runtime/VisualScripting.Flow/Framework/Control/ToggleValue.cs
 0.1 kb	 0.0% Packages/com.unity.visualscripting/Runtime/VisualScripting.Flow/Framework/Control/ToggleFlow.cs
 0.1 kb	 0.0% Packages/com.unity.visualscripting/Runtime/VisualScripting.Flow/Framework/Control/SwitchOnEnum.cs
 0.1 kb	 0.0% Packages/com.unity.visualscripting/Runtime/VisualScripting.Flow/Framework/Control/SelectUnit_T.cs
 0.1 kb	 0.0% Packages/com.unity.visualscripting/Runtime/VisualScripting.Flow/Framework/Control/SelectUnit.cs
 0.1 kb	 0.0% Packages/com.unity.visualscripting/Runtime/VisualScripting.Flow/Framework/Control/SelectOnFlow.cs
 0.1 kb	 0.0% Packages/com.unity.visualscripting/Runtime/VisualScripting.Flow/Framework/Control/SelectOnEnum.cs
 0.1 kb	 0.0% Packages/com.unity.visualscripting/Runtime/VisualScripting.Flow/Framework/Control/ISelectUnit.cs
 0.1 kb	 0.0% Packages/com.unity.visualscripting/Runtime/VisualScripting.Flow/Framework/Control/IBranchUnit.cs
 0.1 kb	 0.0% Packages/com.unity.visualscripting/Runtime/VisualScripting.Flow/Framework/Collections/Lists/SetListItem.cs
 0.1 kb	 0.0% Packages/com.unity.visualscripting/Runtime/VisualScripting.Flow/Framework/Collections/Lists/MergeLists.cs
 0.1 kb	 0.0% Packages/com.unity.visualscripting/Runtime/VisualScripting.Flow/Framework/Collections/Lists/GetListItem.cs
 0.1 kb	 0.0% Packages/com.unity.visualscripting/Runtime/VisualScripting.Flow/Framework/Collections/Lists/CreateList.cs
 0.1 kb	 0.0% Packages/com.unity.visualscripting/Runtime/VisualScripting.Flow/Framework/Collections/Lists/ClearList.cs
 0.1 kb	 0.0% Packages/com.unity.visualscripting/Runtime/VisualScripting.Flow/Framework/Collections/Lists/AddListItem.cs
 0.1 kb	 0.0% Packages/com.unity.visualscripting/Runtime/VisualScripting.Flow/Framework/Collections/FirstItem.cs
 0.1 kb	 0.0% Packages/com.unity.visualscripting/Runtime/VisualScripting.Flow/Framework/Collections/CountItems.cs
 0.1 kb	 0.0% Packages/com.unity.visualscripting/Runtime/VisualScripting.Flow/Framework/Codebase/SetMember.cs
 0.1 kb	 0.0% Packages/com.unity.visualscripting/Runtime/VisualScripting.Flow/Framework/Codebase/MemberUnit.cs
 0.1 kb	 0.0% Packages/com.unity.visualscripting/Runtime/VisualScripting.Flow/Framework/Codebase/InvokeMember.cs
 0.1 kb	 0.0% Packages/com.unity.visualscripting/Runtime/VisualScripting.Flow/Framework/Codebase/GetMember.cs
 0.1 kb	 0.0% Packages/com.unity.visualscripting/Runtime/VisualScripting.Flow/Framework/Codebase/CreateStruct.cs
 0.1 kb	 0.0% Packages/com.unity.visualscripting/Runtime/VisualScripting.Flow/FlowGraph.cs
 0.1 kb	 0.0% Packages/com.unity.visualscripting/Runtime/VisualScripting.Flow/Connections/UnitRelation.cs
 0.1 kb	 0.0% Packages/com.unity.visualscripting/Runtime/VisualScripting.Core/Variables/Variables.cs
 0.1 kb	 0.0% Packages/com.unity.visualscripting/Runtime/VisualScripting.Core/Utilities/Recursion.cs
 0.1 kb	 0.0% Packages/com.unity.visualscripting/Runtime/VisualScripting.Core/Utilities/LinqUtility.cs
 0.1 kb	 0.0% Packages/com.unity.visualscripting/Runtime/VisualScripting.Core/Utilities/IGettable.cs
 0.1 kb	 0.0% Packages/com.unity.visualscripting/Runtime/VisualScripting.Core/Utilities/HashUtility.cs
 0.1 kb	 0.0% Packages/com.unity.visualscripting/Runtime/VisualScripting.Core/Utilities/EnumUtility.cs
 0.1 kb	 0.0% Packages/com.unity.visualscripting/Runtime/VisualScripting.Core/Unity/UnityThread.cs
 0.1 kb	 0.0% Packages/com.unity.visualscripting/Runtime/VisualScripting.Core/Unity/ISingleton.cs
 0.1 kb	 0.0% Packages/com.unity.visualscripting/Runtime/VisualScripting.Core/Unity/IGizmoDrawer.cs
 0.1 kb	 0.0% Packages/com.unity.visualscripting/Runtime/VisualScripting.Core/StickyNote/StickyNote.cs
 0.1 kb	 0.0% Packages/com.unity.visualscripting/Runtime/VisualScripting.Core/Serialization/Converters/RayConverter.cs
 0.1 kb	 0.0% Packages/com.unity.visualscripting/Runtime/VisualScripting.Core/Reflection/TypeUtility.cs
 0.1 kb	 0.0% Packages/com.unity.visualscripting/Runtime/VisualScripting.Core/Reflection/TypeFilter.cs
 0.1 kb	 0.0% Packages/com.unity.visualscripting/Runtime/VisualScripting.Core/Reflection/Optimization/InvokerBase.cs
 0.1 kb	 0.0% Packages/com.unity.visualscripting/Runtime/VisualScripting.Core/Reflection/Operators/PlusHandler.cs
 0.1 kb	 0.0% Packages/com.unity.visualscripting/Runtime/VisualScripting.Core/Reflection/Operators/OrHandler.cs
 0.1 kb	 0.0% Packages/com.unity.visualscripting/Runtime/VisualScripting.Core/Reflection/Operators/AndHandler.cs
 0.1 kb	 0.0% Packages/com.unity.visualscripting/Runtime/VisualScripting.Core/Reflection/Namespace.cs
 0.1 kb	 0.0% Packages/com.unity.visualscripting/Runtime/VisualScripting.Core/Reflection/MemberFilter.cs
 0.1 kb	 0.0% Packages/com.unity.visualscripting/Runtime/VisualScripting.Core/Reflection/IPrewarmable.cs
 0.1 kb	 0.0% Packages/com.unity.visualscripting/Runtime/VisualScripting.Core/Pooling/IPoolable.cs
 0.1 kb	 0.0% Packages/com.unity.visualscripting/Runtime/VisualScripting.Core/Groups/GraphGroup.cs
 0.1 kb	 0.0% Packages/com.unity.visualscripting/Runtime/VisualScripting.Core/Graphs/IGraphRoot.cs
 0.1 kb	 0.0% Packages/com.unity.visualscripting/Runtime/VisualScripting.Core/Graphs/IGraphParent.cs
 0.1 kb	 0.0% Packages/com.unity.visualscripting/Runtime/VisualScripting.Core/Graphs/IGraphNester.cs
 0.1 kb	 0.0% Packages/com.unity.visualscripting/Runtime/VisualScripting.Core/Graphs/IGraphNest.cs
 0.1 kb	 0.0% Packages/com.unity.visualscripting/Runtime/VisualScripting.Core/Graphs/IGraphItem.cs
 0.1 kb	 0.0% Packages/com.unity.visualscripting/Runtime/VisualScripting.Core/Graphs/IGraphData.cs
 0.1 kb	 0.0% Packages/com.unity.visualscripting/Runtime/VisualScripting.Core/Graphs/GraphStack.cs
 0.1 kb	 0.0% Packages/com.unity.visualscripting/Runtime/VisualScripting.Core/Graphs/GraphPointer.cs
 0.1 kb	 0.0% Packages/com.unity.visualscripting/Runtime/VisualScripting.Core/Exceptions/DebugUtility.cs
 0.1 kb	 0.0% Packages/com.unity.visualscripting/Runtime/VisualScripting.Core/Events/IEventGraph.cs
 0.1 kb	 0.0% Packages/com.unity.visualscripting/Runtime/VisualScripting.Core/Events/EventHooks.cs
 0.1 kb	 0.0% Packages/com.unity.visualscripting/Runtime/VisualScripting.Core/Events/EventHook.cs
 0.1 kb	 0.0% Packages/com.unity.visualscripting/Runtime/VisualScripting.Core/Ensure/Extensions/XComparable.cs
 0.1 kb	 0.0% Packages/com.unity.visualscripting/Runtime/VisualScripting.Core/Ensure/EnsureThat.cs
 0.1 kb	 0.0% Packages/com.unity.visualscripting/Runtime/VisualScripting.Core/Cloning/Cloners/ListCloner.cs
 0.1 kb	 0.0% Packages/com.unity.visualscripting/Runtime/VisualScripting.Core/Cloning/Cloners/FieldsCloner.cs
 0.1 kb	 0.0% Packages/com.unity.visualscripting/Runtime/VisualScripting.Core/Cloning/Cloners/ArrayCloner.cs
 0.1 kb	 0.0% Packages/com.unity.ugui/Runtime/UGUI/UI/Animation/CoroutineTween.cs
 0.1 kb	 0.0% Packages/com.unity.ugui/Runtime/UGUI/EventSystem/EventInterfaces.cs
 0.1 kb	 0.0% Packages/com.unity.ugui/Runtime/TMP/TMPro_ExtensionMethods.cs
 0.1 kb	 0.0% Packages/com.unity.ugui/Runtime/TMP/TMP_TextParsingUtilities.cs
 0.1 kb	 0.0% Packages/com.unity.ugui/Runtime/TMP/TMP_TextElement_Legacy.cs
 0.1 kb	 0.0% Packages/com.unity.ugui/Runtime/TMP/TMP_FontAssetUtilities.cs
 0.1 kb	 0.0% Packages/com.unity.ugui/Runtime/TMP/MaterialReferenceManager.cs
 0.1 kb	 0.0% Packages/com.unity.ugui/Runtime/TMP/FontFeatureCommonGSUB.cs
 0.1 kb	 0.0% Packages/com.unity.timeline/Runtime/Utilities/IPropertyCollector.cs
 0.1 kb	 0.0% Packages/com.unity.timeline/Runtime/Utilities/AnimatorBindingCache.cs
 0.1 kb	 0.0% Packages/com.unity.timeline/Runtime/Playables/TimeControlPlayable.cs
 0.1 kb	 0.0% Packages/com.unity.timeline/Runtime/Evaluation/ScheduleRuntimeClip.cs
 0.1 kb	 0.0% Packages/com.unity.timeline/Runtime/Evaluation/InfiniteRuntimeClip.cs
 0.1 kb	 0.0% Packages/com.unity.timeline/Runtime/Control/ControlPlayableAsset.cs
 0.1 kb	 0.0% Packages/com.unity.timeline/Runtime/Audio/AudioPlayableAsset.cs
 0.1 kb	 0.0% Packages/com.unity.timeline/Runtime/Audio/AudioMixerProperties.cs
 0.1 kb	 0.0% Packages/com.unity.timeline/Runtime/Audio/AudioClipProperties.cs
 0.1 kb	 0.0% Packages/com.unity.timeline/Runtime/Attributes/TrackColorAttribute.cs
 0.1 kb	 0.0% Packages/com.unity.splines/Runtime/SplineInstantiate.cs
 0.1 kb	 0.0% Packages/com.unity.splines/Runtime/PropertyAttributes.cs
 0.1 kb	 0.0% Packages/com.unity.splines/Runtime/KnotLinkCollection.cs
 0.1 kb	 0.0% Packages/com.unity.splines/Runtime/InterpolatorsUtility.cs
 0.1 kb	 0.0% Packages/com.unity.splines/Runtime/EmbeddedSplineData.cs
 0.1 kb	 0.0% Packages/com.unity.render-pipelines.universal/Runtime/2D/Shadows/ShadowProvider/VertexDictionary.cs
 0.1 kb	 0.0% Packages/com.unity.render-pipelines.core/Runtime/Volume/Volume.cs
 0.1 kb	 0.0% Packages/com.unity.render-pipelines.core/Runtime/Volume/IVolume.cs
 0.1 kb	 0.0% Packages/com.unity.render-pipelines.core/Runtime/Utilities/GPUSort/GPUSort.cs
 0.1 kb	 0.0% Packages/com.unity.render-pipelines.core/Runtime/Utilities/FSRUtils.cs
 0.1 kb	 0.0% Packages/com.unity.render-pipelines.core/Runtime/Utilities/Blitter.cs
 0.1 kb	 0.0% Packages/com.unity.render-pipelines.core/Runtime/Textures/RTHandle.cs
 0.1 kb	 0.0% Packages/com.unity.render-pipelines.core/Runtime/Debugging/DebugUI.cs
 0.1 kb	 0.0% Packages/com.unity.inputsystem/InputSystem/Utilities/DynamicBitfield.cs
 0.1 kb	 0.0% Packages/com.unity.inputsystem/InputSystem/State/InputState.cs
 0.1 kb	 0.0% Packages/com.unity.inputsystem/InputSystem/Plugins/WebGL/WebGLSupport.cs
 0.1 kb	 0.0% Packages/com.unity.inputsystem/InputSystem/Plugins/WebGL/WebGLGamepad.cs
 0.1 kb	 0.0% Packages/com.unity.inputsystem/InputSystem/Plugins/Users/InputUser.cs
 0.1 kb	 0.0% Packages/com.unity.inputsystem/InputSystem/Plugins/Linux/LinuxSupport.cs
 0.1 kb	 0.0% Packages/com.unity.inputsystem/InputSystem/Plugins/EnhancedTouch/Touch.cs
 0.1 kb	 0.0% Packages/com.unity.inputsystem/InputSystem/Plugins/EnhancedTouch/Finger.cs
 0.1 kb	 0.0% Packages/com.unity.inputsystem/InputSystem/InputSettings.cs
 0.1 kb	 0.0% Packages/com.unity.inputsystem/InputSystem/InputMetrics.cs
 0.1 kb	 0.0% Packages/com.unity.inputsystem/InputSystem/InputExtensions.cs
 0.1 kb	 0.0% Packages/com.unity.inputsystem/InputSystem/InputAnalytics.cs
 0.1 kb	 0.0% Packages/com.unity.inputsystem/InputSystem/Events/TextEvent.cs
 0.1 kb	 0.0% Packages/com.unity.inputsystem/InputSystem/Events/StateEvent.cs
 0.1 kb	 0.0% Packages/com.unity.inputsystem/InputSystem/Events/InputEvent.cs
 0.1 kb	 0.0% Packages/com.unity.inputsystem/InputSystem/Events/ActionEvent.cs
 0.1 kb	 0.0% Packages/com.unity.inputsystem/InputSystem/Editor/UITKAssetEditor/Views/Selectors.cs
 0.1 kb	 0.0% Packages/com.unity.inputsystem/InputSystem/Editor/UITKAssetEditor/Views/ContextMenu.cs
 0.1 kb	 0.0% Packages/com.unity.inputsystem/InputSystem/Editor/Internal/GUIHelpers.cs
 0.1 kb	 0.0% Packages/com.unity.inputsystem/InputSystem/Devices/TrackedDevice.cs
 0.1 kb	 0.0% Packages/com.unity.inputsystem/InputSystem/Devices/Remote/InputRemoting.cs
 0.1 kb	 0.0% Packages/com.unity.inputsystem/InputSystem/Devices/Precompiled/FastTouchscreen.cs
 0.1 kb	 0.0% Packages/com.unity.inputsystem/InputSystem/Devices/Precompiled/FastMouse.partial.cs
 0.1 kb	 0.0% Packages/com.unity.inputsystem/InputSystem/Devices/IEventMerger.cs
 0.1 kb	 0.0% Packages/com.unity.inputsystem/InputSystem/Controls/TouchControl.cs
 0.1 kb	 0.0% Packages/com.unity.inputsystem/InputSystem/Controls/StickControl.cs
 0.1 kb	 0.0% Packages/com.unity.inputsystem/InputSystem/Controls/KeyControl.cs
 0.1 kb	 0.0% Packages/com.unity.inputsystem/InputSystem/Controls/InputProcessor.cs
 0.1 kb	 0.0% Packages/com.unity.inputsystem/InputSystem/Controls/InputControlPath.cs
 0.1 kb	 0.0% Packages/com.unity.inputsystem/InputSystem/Controls/DpadControl.cs
 0.1 kb	 0.0% Packages/com.unity.inputsystem/InputSystem/Controls/DeltaControl.cs
 0.1 kb	 0.0% Packages/com.unity.inputsystem/InputSystem/Controls/AxisControl.cs
 0.1 kb	 0.0% Packages/com.unity.inputsystem/InputSystem/Actions/InputActionState.cs
 0.1 kb	 0.0% Packages/com.unity.inputsystem/InputSystem/Actions/InputActionMap.cs
 0.1 kb	 0.0% Packages/com.unity.inputsystem/InputSystem/Actions/InputActionAsset.cs
 0.1 kb	 0.0% Packages/com.unity.collections/Unity.Collections/UnsafeQueue.cs
 0.1 kb	 0.0% Packages/com.unity.collections/Unity.Collections/NativeHashMap.cs
 0.1 kb	 0.0% Packages/com.unity.collections/Unity.Collections/FixedStringFormat.gen.cs
 0.1 kb	 0.0% Packages/com.unity.collections/Unity.Collections/FixedString.gen.cs
 0.1 kb	 0.0% Packages/com.unity.cinemachine/Runtime/SaveDuringPlay/Attributes.cs
 0.1 kb	 0.0% Assets/Scripts/Story/StorySequenceDirector.cs
 0.1 kb	 0.0% Assets/Scripts/Story/StoryPreparationDirector.cs
 0.1 kb	 0.0% Assets/Scripts/Story/StoryHomeSafetyDirector.cs
 0.1 kb	 0.0% Assets/Scripts/Story/StoryEvacuationDirector.cs
 0.1 kb	 0.0% Assets/Scripts/Story/StoryCameraController.cs
 0.1 kb	 0.0% Assets/Scripts/Story/FiretruckRunnerManager.cs
 0.1 kb	 0.0% Packages/com.unity.ugui/Runtime/UGUI/UI/Core/SetPropertyUtility.cs
 0.1 kb	 0.0% Packages/com.unity.ugui/Runtime/UGUI/UI/Core/MaterialModifiers/IMaterialModifier.cs
 0.1 kb	 0.0% Packages/com.unity.ugui/Runtime/UGUI/UI/Core/Layout/VerticalLayoutGroup.cs
 0.1 kb	 0.0% Packages/com.unity.ugui/Runtime/UGUI/UI/Core/Layout/ContentSizeFitter.cs
 0.1 kb	 0.0% Packages/com.unity.ugui/Runtime/UGUI/UI/Core/Layout/AspectRatioFitter.cs
 0.1 kb	 0.0% Packages/com.unity.ugui/Runtime/UGUI/UI/Core/FontUpdateTracker.cs
 0.1 kb	 0.0% Packages/com.unity.ugui/Runtime/UGUI/UI/Core/CanvasUpdateRegistry.cs
 0.1 kb	 0.0% Packages/com.unity.ugui/Runtime/UGUI/UI/Core/AnimationTriggers.cs
 0.1 kb	 0.0% Packages/com.unity.ugui/Runtime/UGUI/EventSystem/UIElements/PanelRaycaster.cs
 0.1 kb	 0.0% Packages/com.unity.ugui/Runtime/UGUI/EventSystem/Raycasters/PhysicsRaycaster.cs
 0.1 kb	 0.0% Packages/com.unity.ugui/Runtime/UGUI/EventSystem/Raycasters/BaseRaycaster.cs
 0.1 kb	 0.0% Packages/com.unity.ugui/Runtime/UGUI/EventSystem/RaycasterManager.cs
 0.1 kb	 0.0% Packages/com.unity.ugui/Runtime/UGUI/EventSystem/RaycastResult.cs
 0.1 kb	 0.0% Packages/com.unity.ugui/Runtime/UGUI/EventSystem/InputModules/TouchInputModule.cs
 0.1 kb	 0.0% Packages/com.unity.ugui/Runtime/UGUI/EventSystem/InputModules/BaseInputModule.cs
 0.1 kb	 0.0% Packages/com.unity.ugui/Runtime/UGUI/EventSystem/ExecuteEvents.cs
 0.1 kb	 0.0% Packages/com.unity.ugui/Runtime/UGUI/EventSystem/EventData/PointerEventData.cs
 0.1 kb	 0.0% Packages/com.unity.ugui/Runtime/UGUI/EventSystem/EventData/BaseEventData.cs
 0.1 kb	 0.0% Packages/com.unity.ugui/Runtime/UGUI/EventSystem/EventData/AxisEventData.cs
 0.1 kb	 0.0% Packages/com.unity.ugui/Runtime/TMP/TMP_TextProcessingStack.cs
 0.1 kb	 0.0% Packages/com.unity.ugui/Runtime/TMP/TMP_FontFeaturesCommon.cs
 0.1 kb	 0.0% Packages/com.unity.timeline/Runtime/Extensions/TrackExtensions.cs
 0.1 kb	 0.0% Packages/com.unity.timeline/Runtime/ClipCaps.cs
 0.1 kb	 0.0% Packages/com.unity.render-pipelines.core/Runtime/Lights/LightAnchor.cs
 0.1 kb	 0.0% Packages/com.unity.render-pipelines.core/Runtime/GPUDriven/AABB.cs
 0.1 kb	 0.0% Packages/com.unity.postprocessing/PostProcessing/Runtime/Effects/Fog.cs
 0.1 kb	 0.0% Packages/com.unity.mathematics/Unity.Mathematics/rigid_transform.cs
 0.1 kb	 0.0% Packages/com.unity.mathematics/Unity.Mathematics/math_unity_conversion.cs
 0.1 kb	 0.0% Packages/com.unity.mathematics/Unity.Mathematics/affine_transform.cs
 0.1 kb	 0.0% Packages/com.unity.mathematics/Unity.Mathematics/Geometry/MinMaxAABB.cs
 0.1 kb	 0.0% Packages/com.unity.inputsystem/InputSystem/Utilities/FourCC.cs
 0.1 kb	 0.0% Packages/com.unity.inputsystem/InputSystem/Plugins/iOS/iOSSupport.cs
 0.1 kb	 0.0% Packages/com.unity.inputsystem/InputSystem/Plugins/XR/XRSupport.cs
 0.1 kb	 0.0% Packages/com.unity.inputsystem/InputSystem/Plugins/XR/GenericXRDevice.cs
 0.1 kb	 0.0% Packages/com.unity.inputsystem/InputSystem/Plugins/XR/Devices/WindowsMR.cs
 0.1 kb	 0.0% Packages/com.unity.inputsystem/InputSystem/Plugins/XR/Controls/PoseControl.cs
 0.1 kb	 0.0% Packages/com.unity.inputsystem/InputSystem/Plugins/UI/PointerModel.cs
 0.1 kb	 0.0% Packages/com.unity.inputsystem/InputSystem/Plugins/OSX/OSXSupport.cs
 0.1 kb	 0.0% Packages/com.unity.inputsystem/InputSystem/Plugins/HID/HIDSupport.cs
 0.1 kb	 0.0% Packages/com.unity.inputsystem/InputSystem/Plugins/HID/HIDParser.cs
 0.1 kb	 0.0% Packages/com.unity.collections/Unity.Collections/xxHash3.StreamingState.cs
 0.1 kb	 0.0% Packages/com.unity.collections/Unity.Collections/NativeSort.cs
 0.1 kb	 0.0% Packages/com.unity.collections/Unity.Collections/NativeBitArray.cs
 0.1 kb	 0.0% Packages/com.unity.collections/Unity.Collections/ListExtensions.cs
 0.1 kb	 0.0% Packages/com.unity.collections/Unity.Collections/Jobs/IJobParallelForDefer.cs
 0.1 kb	 0.0% Packages/com.unity.collections/Unity.Collections/Jobs/IJobParallelForBatch.cs
 0.1 kb	 0.0% Packages/com.unity.collections/Unity.Collections/FixedStringUtils.cs
 0.1 kb	 0.0% Packages/com.unity.collections/Unity.Collections/DataStreamWriter.cs
 0.1 kb	 0.0% Packages/com.unity.collections/Unity.Collections/DataStreamReader.cs
 0.1 kb	 0.0% Packages/com.unity.collections/Unity.Collections/ConcurrentMask.cs
 0.1 kb	 0.0% Packages/com.unity.collections/Unity.Collections/CollectionHelper.cs
 0.1 kb	 0.0% Packages/com.unity.collections/Unity.Collections/AllocatorManager.cs
 0.1 kb	 0.0% Packages/com.unity.cinemachine/Runtime/Timeline/CinemachineTrack.cs
 0.1 kb	 0.0% Packages/com.unity.cinemachine/Runtime/Timeline/CinemachineShot.cs
 0.1 kb	 0.0% Packages/com.unity.cinemachine/Runtime/ThirdParty/Clipper.Minkowski.cs
 0.1 kb	 0.0% Packages/com.unity.cinemachine/Runtime/Deprecated/CinemachinePath.cs
 0.1 kb	 0.0% Packages/com.unity.cinemachine/Runtime/Deprecated/CinemachinePOV.cs
 0.1 kb	 0.0% Packages/com.unity.cinemachine/Runtime/Debug/CinemachineDebug.cs
 0.1 kb	 0.0% Packages/com.unity.cinemachine/Runtime/Core/UpdateTracker.cs
 0.1 kb	 0.0% Packages/com.unity.cinemachine/Runtime/Core/SplineSettings.cs
 0.1 kb	 0.0% Packages/com.unity.cinemachine/Runtime/Core/SplineHelpers.cs
 0.1 kb	 0.0% Packages/com.unity.cinemachine/Runtime/Core/SplineAutoDolly.cs
 0.1 kb	 0.0% Packages/com.unity.cinemachine/Runtime/Core/RuntimeUtility.cs
 0.1 kb	 0.0% Packages/com.unity.cinemachine/Runtime/Core/PrioritySettings.cs
 0.1 kb	 0.0% Packages/com.unity.cinemachine/Runtime/Core/Predictor.cs
 0.1 kb	 0.0% Packages/com.unity.cinemachine/Runtime/Core/NoiseSettings.cs
 0.1 kb	 0.0% Packages/com.unity.cinemachine/Runtime/Core/CinemachineCore.cs
 0.1 kb	 0.0% Packages/com.unity.cinemachine/Runtime/Core/CinemachineBlend.cs
 0.1 kb	 0.0% Packages/com.unity.cinemachine/Runtime/Core/CameraBlendStack.cs
 0.1 kb	 0.0% Packages/com.unity.cinemachine/Runtime/Behaviours/CinemachineBrain.cs
 0.1 kb	 0.0% Packages/com.unity.burst/Runtime/SafeStringArrayHelper.cs
 0.1 kb	 0.0% Packages/com.unity.burst/Runtime/Editor/BurstEditorOptions.cs
 0.1 kb	 0.0% Packages/com.unity.burst/Runtime/Editor/BurstCompileTarget.cs
 0.1 kb	 0.0% Packages/com.unity.burst/Runtime/Editor/BurstAssemblyDisable.cs
 0.1 kb	 0.0% Packages/com.unity.burst/Runtime/BurstCompileAttribute.cs
 0.1 kb	 0.0% Packages/com.unity.ai.navigation/Runtime/NavMeshSurface.cs
 0.1 kb	 0.0% Packages/com.unity.ai.navigation/Runtime/NavMeshModifier.cs
 0.1 kb	 0.0% Assets/TextMesh Pro/Examples & Extras/Scripts/VertexColorCycler.cs
 0.1 kb	 0.0% Assets/TextMesh Pro/Examples & Extras/Scripts/TextConsoleSimulator.cs
 0.1 kb	 0.0% Assets/TextMesh Pro/Examples & Extras/Scripts/TMP_TextSelector_B.cs
 0.1 kb	 0.0% Assets/TextMesh Pro/Examples & Extras/Scripts/TMP_TextSelector_A.cs
 0.1 kb	 0.0% Assets/TextMesh Pro/Examples & Extras/Scripts/TMP_TextEventCheck.cs
 0.1 kb	 0.0% Assets/TextMesh Pro/Examples & Extras/Scripts/TMP_PhoneNumberValidator.cs
 0.1 kb	 0.0% Assets/TextMesh Pro/Examples & Extras/Scripts/TMP_FrameRateCounter.cs
 0.1 kb	 0.0% Assets/TextMesh Pro/Examples & Extras/Scripts/TMP_ExampleScript_01.cs
 0.1 kb	 0.0% Assets/TextMesh Pro/Examples & Extras/Scripts/ShaderPropAnimator.cs
 0.1 kb	 0.0% Assets/Scripts/Player/EarthquakePlayerController.cs
 0.1 kb	 0.0% Assets/Scripts/Minigames/MinigameHubManager.cs
 0.1 kb	 0.0% Assets/M.SKILL/WW_Plant_Inspection_Scene/Scripts/MSkillCameraSwitcher.cs
 0.1 kb	 0.0% Packages/com.unity.visualscripting/Runtime/VisualScripting.State/State.cs
 0.1 kb	 0.0% Packages/com.unity.visualscripting/Runtime/VisualScripting.State/IState.cs
 0.1 kb	 0.0% Packages/com.unity.visualscripting/Runtime/VisualScripting.State/AnyState.cs
 0.1 kb	 0.0% Packages/com.unity.visualscripting/Runtime/VisualScripting.Flow/IUnit.cs
 0.1 kb	 0.0% Packages/com.unity.visualscripting/Runtime/VisualScripting.Flow/Framework/Time/WaitUnit.cs
 0.1 kb	 0.0% Packages/com.unity.visualscripting/Runtime/VisualScripting.Flow/Framework/Time/Timer.cs
 0.1 kb	 0.0% Packages/com.unity.visualscripting/Runtime/VisualScripting.Flow/Framework/Time/Cooldown.cs
 0.1 kb	 0.0% Packages/com.unity.visualscripting/Runtime/VisualScripting.Flow/Framework/Logic/NotEqual.cs
 0.1 kb	 0.0% Packages/com.unity.visualscripting/Runtime/VisualScripting.Flow/Framework/Logic/Negate.cs
 0.1 kb	 0.0% Packages/com.unity.visualscripting/Runtime/VisualScripting.Flow/Framework/Logic/Greater.cs
 0.1 kb	 0.0% Packages/com.unity.visualscripting/Runtime/VisualScripting.Flow/Framework/Logic/Equal.cs
 0.1 kb	 0.0% Packages/com.unity.visualscripting/Runtime/VisualScripting.Flow/Framework/Literal.cs
 0.1 kb	 0.0% Packages/com.unity.visualscripting/Runtime/VisualScripting.Flow/Framework/Formula.cs
 0.1 kb	 0.0% Packages/com.unity.visualscripting/Runtime/VisualScripting.Flow/Framework/Events/Lifecycle/Update.cs
 0.1 kb	 0.0% Packages/com.unity.visualscripting/Runtime/VisualScripting.Flow/Framework/Events/Lifecycle/Start.cs
 0.1 kb	 0.0% Packages/com.unity.visualscripting/Runtime/VisualScripting.Flow/Framework/Events/Lifecycle/OnEnable.cs
 0.1 kb	 0.0% Packages/com.unity.visualscripting/Runtime/VisualScripting.Flow/Framework/Events/GUI/OnSubmit.cs
 0.1 kb	 0.0% Packages/com.unity.visualscripting/Runtime/VisualScripting.Flow/Framework/Events/GUI/OnSelect.cs
 0.1 kb	 0.0% Packages/com.unity.visualscripting/Runtime/VisualScripting.Flow/Framework/Events/GUI/OnScroll.cs
 0.1 kb	 0.0% Packages/com.unity.visualscripting/Runtime/VisualScripting.Flow/Framework/Events/GUI/OnMove.cs
 0.1 kb	 0.0% Packages/com.unity.visualscripting/Runtime/VisualScripting.Flow/Framework/Events/GUI/OnGUI.cs
 0.1 kb	 0.0% Packages/com.unity.visualscripting/Runtime/VisualScripting.Flow/Framework/Events/GUI/OnDrop.cs
 0.1 kb	 0.0% Packages/com.unity.visualscripting/Runtime/VisualScripting.Flow/Framework/Events/GUI/OnDrag.cs
 0.1 kb	 0.0% Packages/com.unity.visualscripting/Runtime/VisualScripting.Flow/Framework/Events/GUI/OnCancel.cs
 0.1 kb	 0.0% Packages/com.unity.visualscripting/Runtime/VisualScripting.Flow/Framework/Control/While.cs
 0.1 kb	 0.0% Packages/com.unity.visualscripting/Runtime/VisualScripting.Flow/Framework/Control/TryCatch.cs
 0.1 kb	 0.0% Packages/com.unity.visualscripting/Runtime/VisualScripting.Flow/Framework/Control/Throw.cs
 0.1 kb	 0.0% Packages/com.unity.visualscripting/Runtime/VisualScripting.Flow/Framework/Control/Sequence.cs
 0.1 kb	 0.0% Packages/com.unity.visualscripting/Runtime/VisualScripting.Flow/Framework/Control/LoopUnit.cs
 0.1 kb	 0.0% Packages/com.unity.visualscripting/Runtime/VisualScripting.Flow/Framework/Control/ForEach.cs
 0.1 kb	 0.0% Packages/com.unity.visualscripting/Runtime/VisualScripting.Flow/Framework/Control/Cache.cs
 0.1 kb	 0.0% Packages/com.unity.visualscripting/Runtime/VisualScripting.Flow/Framework/Control/Break.cs
 0.1 kb	 0.0% Packages/com.unity.visualscripting/Runtime/VisualScripting.Flow/Framework/Collections/LastItem.cs
 0.1 kb	 0.0% Packages/com.unity.visualscripting/Runtime/VisualScripting.Flow/Framework/Codebase/Expose.cs
 0.1 kb	 0.0% Packages/com.unity.visualscripting/Runtime/VisualScripting.Core/Utilities/XColor.cs
 0.1 kb	 0.0% Packages/com.unity.visualscripting/Runtime/VisualScripting.Core/Reflection/TypeName.cs
 0.1 kb	 0.0% Packages/com.unity.visualscripting/Runtime/VisualScripting.Core/Reflection/Member.cs
 0.1 kb	 0.0% Packages/com.unity.visualscripting/Runtime/VisualScripting.Core/Macros/IMacro.cs
 0.1 kb	 0.0% Packages/com.unity.visualscripting/Runtime/VisualScripting.Core/Machines/IMachine.cs
 0.1 kb	 0.0% Packages/com.unity.visualscripting/Runtime/VisualScripting.Core/Graphs/IGraph.cs
 0.1 kb	 0.0% Packages/com.unity.visualscripting/Runtime/VisualScripting.Core/Graphs/Graph.cs
 0.1 kb	 0.0% Packages/com.unity.visualscripting/Runtime/VisualScripting.Core/Events/EventBus.cs
 0.1 kb	 0.0% Packages/com.unity.visualscripting/Runtime/VisualScripting.Core/Ensure/Extensions/XString.cs
 0.1 kb	 0.0% Packages/com.unity.visualscripting/Runtime/VisualScripting.Core/Ensure/Ensure.cs
 0.1 kb	 0.0% Packages/com.unity.visualscripting/Runtime/VisualScripting.Core/Collections/AotList.cs
 0.1 kb	 0.0% Packages/com.unity.visualscripting/Runtime/VisualScripting.Core/Cloning/ICloner.cs
 0.1 kb	 0.0% Packages/com.unity.visualscripting/Runtime/VisualScripting.Core/Cloning/Cloning.cs
 0.1 kb	 0.0% Packages/com.unity.ugui/Runtime/TMP/TMPro_EventManager.cs
 0.1 kb	 0.0% Packages/com.unity.ugui/Runtime/TMP/TMP_UpdateRegistery.cs
 0.1 kb	 0.0% Packages/com.unity.ugui/Runtime/TMP/TMP_UpdateManager.cs
 0.1 kb	 0.0% Packages/com.unity.ugui/Runtime/TMP/TMP_TextUtilities.cs
 0.1 kb	 0.0% Packages/com.unity.ugui/Runtime/TMP/TMP_TextProcessingCommon.cs
 0.1 kb	 0.0% Packages/com.unity.ugui/Runtime/TMP/TMP_SpriteCharacter.cs
 0.1 kb	 0.0% Packages/com.unity.ugui/Runtime/TMP/TMP_SpriteAnimator.cs
 0.1 kb	 0.0% Packages/com.unity.ugui/Runtime/TMP/TMP_SelectionCaret.cs
 0.1 kb	 0.0% Packages/com.unity.ugui/Runtime/TMP/TMP_ResourcesManager.cs
 0.1 kb	 0.0% Packages/com.unity.ugui/Runtime/TMP/TMP_MaterialManager.cs
 0.1 kb	 0.0% Packages/com.unity.ugui/Runtime/TMP/TMP_InputValidator.cs
 0.1 kb	 0.0% Packages/com.unity.ugui/Runtime/TMP/TMP_FontFeatureTable.cs
 0.1 kb	 0.0% Packages/com.unity.ugui/Runtime/TMP/TMP_DefaultControls.cs
 0.1 kb	 0.0% Packages/com.unity.ugui/Runtime/TMP/TMP_Compatibility.cs
 0.1 kb	 0.0% Packages/com.unity.ugui/Runtime/TMP/TMP_ColorGradient.cs
 0.1 kb	 0.0% Packages/com.unity.ugui/Runtime/TMP/TMP_CharacterInfo.cs
 0.1 kb	 0.0% Packages/com.unity.ugui/Runtime/TMP/ITextPreProcessor.cs
 0.1 kb	 0.0% Packages/com.unity.ugui/Runtime/TMP/FontFeatureCommonGPOS.cs
 0.1 kb	 0.0% Packages/com.unity.timeline/Runtime/Utilities/WeightUtility.cs
 0.1 kb	 0.0% Packages/com.unity.timeline/Runtime/Utilities/IPropertyPreview.cs
 0.1 kb	 0.0% Packages/com.unity.timeline/Runtime/Utilities/Extrapolation.cs
 0.1 kb	 0.0% Packages/com.unity.timeline/Runtime/TimelinePlayable.cs
 0.1 kb	 0.0% Packages/com.unity.timeline/Runtime/TimelineAsset.cs
 0.1 kb	 0.0% Packages/com.unity.timeline/Runtime/Scripting/PlayableTrack.cs
 0.1 kb	 0.0% Packages/com.unity.timeline/Runtime/Events/Signals/SignalReceiver.cs
 0.1 kb	 0.0% Packages/com.unity.timeline/Runtime/Events/Signals/SignalEmitter.cs
 0.1 kb	 0.0% Packages/com.unity.timeline/Runtime/Evaluation/RuntimeElement.cs
 0.1 kb	 0.0% Packages/com.unity.timeline/Runtime/Evaluation/RuntimeClipBase.cs
 0.1 kb	 0.0% Packages/com.unity.timeline/Runtime/CurveEditUtility.cs
 0.1 kb	 0.0% Packages/com.unity.timeline/Runtime/Animation/AnimationTrack.cs
 0.1 kb	 0.0% Packages/com.unity.timeline/Runtime/Activation/ActivationTrack.cs
 0.1 kb	 0.0% Packages/com.unity.splines/Runtime/SplineUtility.cs
 0.1 kb	 0.0% Packages/com.unity.splines/Runtime/SplineType.cs
 0.1 kb	 0.0% Packages/com.unity.splines/Runtime/SplineKnotIndex.cs
 0.1 kb	 0.0% Packages/com.unity.splines/Runtime/SplineFactory.cs
 0.1 kb	 0.0% Packages/com.unity.splines/Runtime/SplineExtrude.cs
 0.1 kb	 0.0% Packages/com.unity.splines/Runtime/SplineContainer.cs
 0.1 kb	 0.0% Packages/com.unity.splines/Runtime/SplineComponent.cs
 0.1 kb	 0.0% Packages/com.unity.splines/Runtime/SplineAnimate.cs
 0.1 kb	 0.0% Packages/com.unity.splines/Runtime/ISplineProvider.cs
 0.1 kb	 0.0% Packages/com.unity.splines/Runtime/ISplineContainer.cs
 0.1 kb	 0.0% Packages/com.unity.splines/Runtime/IExtrudeShape.cs
 0.1 kb	 0.0% Packages/com.unity.render-pipelines.core/Runtime/STP/STP.cs
 0.1 kb	 0.0% Packages/com.unity.recorder/Runtime/RecorderBindings.cs
 0.1 kb	 0.0% Packages/com.unity.mathematics/Unity.Mathematics/double4x4.gen.cs
 0.1 kb	 0.0% Packages/com.unity.mathematics/Unity.Mathematics/double4x3.gen.cs
 0.1 kb	 0.0% Packages/com.unity.mathematics/Unity.Mathematics/double4x2.gen.cs
 0.1 kb	 0.0% Packages/com.unity.mathematics/Unity.Mathematics/double3x4.gen.cs
 0.1 kb	 0.0% Packages/com.unity.mathematics/Unity.Mathematics/double3x3.gen.cs
 0.1 kb	 0.0% Packages/com.unity.mathematics/Unity.Mathematics/double3x2.gen.cs
 0.1 kb	 0.0% Packages/com.unity.mathematics/Unity.Mathematics/double2x4.gen.cs
 0.1 kb	 0.0% Packages/com.unity.mathematics/Unity.Mathematics/double2x3.gen.cs
 0.1 kb	 0.0% Packages/com.unity.mathematics/Unity.Mathematics/double2x2.gen.cs
 0.1 kb	 0.0% Packages/com.unity.inputsystem/InputSystem/Plugins/PlayerInput/PlayerInput.cs
 0.1 kb	 0.0% Packages/com.unity.inputsystem/InputSystem/Plugins/PlayerInput/InputValue.cs
 0.1 kb	 0.0% Packages/com.unity.inputsystem/InputSystem/InputSystem.cs
 0.1 kb	 0.0% Packages/com.unity.inputsystem/InputSystem/InputManager.cs
 0.1 kb	 0.0% Packages/com.unity.inputsystem/InputSystem/Editor/UITKAssetEditor/Commands/Commands.cs
 0.1 kb	 0.0% Packages/com.unity.inputsystem/InputSystem/Editor/Dialog.cs
 0.1 kb	 0.0% Packages/com.unity.inputsystem/InputSystem/Devices/Touchscreen.cs
 0.1 kb	 0.0% Packages/com.unity.inputsystem/InputSystem/Devices/Precompiled/FastMouse.cs
 0.1 kb	 0.0% Packages/com.unity.inputsystem/InputSystem/Devices/Precompiled/FastKeyboard.cs
 0.1 kb	 0.0% Packages/com.unity.inputsystem/InputSystem/Devices/InputDevice.cs
 0.1 kb	 0.0% Packages/com.unity.inputsystem/InputSystem/Devices/Haptics/IHaptics.cs
 0.1 kb	 0.0% Packages/com.unity.inputsystem/InputSystem/Controls/InputControl.cs
 0.1 kb	 0.0% Packages/com.unity.inputsystem/InputSystem/Controls/CommonUsages.cs
 0.1 kb	 0.0% Packages/com.unity.inputsystem/InputSystem/AssemblyInfo.cs
 0.1 kb	 0.0% Packages/com.unity.inputsystem/InputSystem/Actions/InputBinding.cs
 0.1 kb	 0.0% Packages/com.unity.inputsystem/InputSystem/Actions/InputAction.cs
 0.1 kb	 0.0% Packages/com.unity.collections/Unity.Collections/NativeText.gen.cs
 0.1 kb	 0.0% Packages/com.unity.collections/Unity.Collections/FixedList.gen.cs
 0.1 kb	 0.0% Packages/com.unity.cinemachine/Runtime/ThirdParty/Clipper.Offset.cs
 0.1 kb	 0.0% Packages/com.unity.cinemachine/Runtime/Core/DeltaTimeScaleProcessor.cs
 0.1 kb	 0.0% Assets/Scripts/Story/StoryUIController.cs
 0.1 kb	 0.0% Assets/Scripts/Story/StoryTouchManager.cs
 0.1 kb	 0.0% Assets/Scripts/Story/StorySiblingFollower.cs
 0.1 kb	 0.0% Assets/Scripts/Story/StorySafeAreaPanel.cs
 0.1 kb	 0.0% Assets/Scripts/Story/StoryPreparationItem.cs
 0.1 kb	 0.0% Assets/Scripts/Story/StoryPlayerMovement.cs
 0.1 kb	 0.0% Assets/Scripts/Story/StoryInteractable.cs
 0.1 kb	 0.0% Assets/Scripts/Story/StoryActionButton.cs
 0.1 kb	 0.0% Assets/M.SKILL/WW_Plant_Inspection_Scene/Scripts/WaterSurfaceAnimator.cs
 0.1 kb	 0.0% Packages/com.unity.ugui/Runtime/UGUI/UI/Core/VertexModifiers/PositionAsUV1.cs
 0.1 kb	 0.0% Packages/com.unity.ugui/Runtime/UGUI/UI/Core/VertexModifiers/IMeshModifier.cs
 0.1 kb	 0.0% Packages/com.unity.ugui/Runtime/UGUI/UI/Core/VertexModifiers/BaseMeshEffect.cs
 0.1 kb	 0.0% Packages/com.unity.ugui/Runtime/UGUI/UI/Core/StencilMaterial.cs
 0.1 kb	 0.0% Packages/com.unity.ugui/Runtime/UGUI/UI/Core/MaskableGraphic.cs
 0.1 kb	 0.0% Packages/com.unity.ugui/Runtime/UGUI/UI/Core/MaskUtilities.cs
 0.1 kb	 0.0% Packages/com.unity.ugui/Runtime/UGUI/UI/Core/Layout/LayoutUtility.cs
 0.1 kb	 0.0% Packages/com.unity.ugui/Runtime/UGUI/UI/Core/Layout/LayoutRebuilder.cs
 0.1 kb	 0.0% Packages/com.unity.ugui/Runtime/UGUI/UI/Core/Layout/LayoutElement.cs
 0.1 kb	 0.0% Packages/com.unity.ugui/Runtime/UGUI/UI/Core/Layout/ILayoutElement.cs
 0.1 kb	 0.0% Packages/com.unity.ugui/Runtime/UGUI/UI/Core/Layout/GridLayoutGroup.cs
 0.1 kb	 0.0% Packages/com.unity.ugui/Runtime/UGUI/UI/Core/GraphicRegistry.cs
 0.1 kb	 0.0% Packages/com.unity.ugui/Runtime/UGUI/UI/Core/GraphicRaycaster.cs
 0.1 kb	 0.0% Packages/com.unity.ugui/Runtime/UGUI/UI/Core/DefaultControls.cs
 0.1 kb	 0.0% Packages/com.unity.ugui/Runtime/UGUI/UI/Core/Culling/ClipperRegistry.cs
 0.1 kb	 0.0% Packages/com.unity.ugui/Runtime/UGUI/EventSystem/UIBehaviour.cs
 0.1 kb	 0.0% Packages/com.unity.ugui/Runtime/UGUI/EventSystem/InputModules/BaseInput.cs
 0.1 kb	 0.0% Packages/com.unity.ugui/Runtime/UGUI/EventSystem/EventTrigger.cs
 0.1 kb	 0.0% Packages/com.unity.ugui/Runtime/UGUI/EventSystem/EventSystem.cs
 0.1 kb	 0.0% Packages/com.unity.ugui/Runtime/TMP/TMPro_MeshUtilities.cs
 0.1 kb	 0.0% Packages/com.unity.ugui/Runtime/TMP/TMP_ShaderUtilities.cs
 0.1 kb	 0.0% Packages/com.unity.ugui/Runtime/TMP/TMP_RichTextTagsCommon.cs
 0.1 kb	 0.0% Packages/com.unity.ugui/Runtime/TMP/TMP_FontAssetCommon.cs
 0.1 kb	 0.0% Packages/com.unity.mathematics/Unity.Mathematics/quaternion.cs
 0.1 kb	 0.0% Packages/com.unity.mathematics/Unity.Mathematics/Noise/classicnoise4D.cs
 0.1 kb	 0.0% Packages/com.unity.mathematics/Unity.Mathematics/Noise/classicnoise3D.cs
 0.1 kb	 0.0% Packages/com.unity.mathematics/Unity.Mathematics/Noise/classicnoise2D.cs
 0.1 kb	 0.0% Packages/com.unity.mathematics/Unity.Mathematics/Noise/cellular2x2x2.cs
 0.1 kb	 0.0% Packages/com.unity.mathematics/Unity.Mathematics/Geometry/Plane.cs
 0.1 kb	 0.0% Packages/com.unity.inputsystem/InputSystem/Plugins/XR/Devices/Oculus.cs
 0.1 kb	 0.0% Packages/com.unity.collections/Unity.Collections/UIntFloat.cs
 0.1 kb	 0.0% Packages/com.unity.collections/Unity.Collections/NativeStream.cs
 0.1 kb	 0.0% Packages/com.unity.collections/Unity.Collections/Jobs/EarlyInitHelpers.cs
 0.1 kb	 0.0% Packages/com.unity.cinemachine/Runtime/ThirdParty/Clipper.Engine.cs
 0.1 kb	 0.0% Packages/com.unity.cinemachine/Runtime/Deprecated/AxisState.cs
 0.1 kb	 0.0% Packages/com.unity.cinemachine/Runtime/Debug/DebugText.cs
 0.1 kb	 0.0% Packages/com.unity.cinemachine/Runtime/Core/LensSettings.cs
 0.1 kb	 0.0% Packages/com.unity.cinemachine/Runtime/Core/InputAxis.cs
 0.1 kb	 0.0% Packages/com.unity.cinemachine/Runtime/Core/ConfinerOven.cs
 0.1 kb	 0.0% Packages/com.unity.cinemachine/Runtime/Core/CameraTarget.cs
 0.1 kb	 0.0% Packages/com.unity.cinemachine/Runtime/Core/CameraState.cs
 0.1 kb	 0.0% Packages/com.unity.cinemachine/Runtime/Core/BlendManager.cs
 0.1 kb	 0.0% Packages/com.unity.burst/Runtime/Intrinsics/SimdDebugViews.cs
 0.1 kb	 0.0% Packages/com.unity.burst/Runtime/Editor/BurstReflection.cs
 0.1 kb	 0.0% Packages/com.unity.burst/Runtime/BurstCompilerOptions.cs
 0.1 kb	 0.0% Packages/com.unity.ai.navigation/Runtime/NavMeshLink.cs
 0.1 kb	 0.0% Assets/TextMesh Pro/Examples & Extras/Scripts/WarpTextExample.cs
 0.1 kb	 0.0% Assets/TextMesh Pro/Examples & Extras/Scripts/TextMeshSpawner.cs
 0.1 kb	 0.0% Assets/TextMesh Pro/Examples & Extras/Scripts/TMP_TextEventHandler.cs
 0.1 kb	 0.0% Assets/TextMesh Pro/Examples & Extras/Scripts/TMP_DigitValidator.cs
 0.1 kb	 0.0% Assets/TextMesh Pro/Examples & Extras/Scripts/SkewTextExample.cs
 0.1 kb	 0.0% Assets/TextMesh Pro/Examples & Extras/Scripts/CameraController.cs
 0.1 kb	 0.0% Assets/TextMesh Pro/Examples & Extras/Scripts/Benchmark01_UGUI.cs
 0.1 kb	 0.0% Assets/Scripts/SafeAreaMissionManager.cs
 0.1 kb	 0.0% Assets/Scripts/Managers/MissionCameraController.cs
 0.1 kb	 0.0% Assets/Scripts/Interaction/EarthquakeObjectsShaker.cs
 0.1 kb	 0.0% Assets/Scripts/EarthquakeEventManager.cs
 0.1 kb	 0.0% Assets/IsometricCameraFollow.cs
 0.1 kb	 0.0% Packages/com.unity.visualscripting/Runtime/VisualScripting.Flow/Unit.cs
 0.1 kb	 0.0% Packages/com.unity.visualscripting/Runtime/VisualScripting.Flow/Framework/This.cs
 0.1 kb	 0.0% Packages/com.unity.visualscripting/Runtime/VisualScripting.Flow/Framework/Nulls/Null.cs
 0.1 kb	 0.0% Packages/com.unity.visualscripting/Runtime/VisualScripting.Flow/Framework/Logic/Or.cs
 0.1 kb	 0.0% Packages/com.unity.visualscripting/Runtime/VisualScripting.Flow/Framework/Logic/Less.cs
 0.1 kb	 0.0% Packages/com.unity.visualscripting/Runtime/VisualScripting.Flow/Framework/Logic/And.cs
 0.1 kb	 0.0% Packages/com.unity.visualscripting/Runtime/VisualScripting.Flow/Framework/Control/Once.cs
 0.1 kb	 0.0% Packages/com.unity.visualscripting/Runtime/VisualScripting.Flow/Framework/Control/If.cs
 0.1 kb	 0.0% Packages/com.unity.visualscripting/Runtime/VisualScripting.Flow/Framework/Control/For.cs
 0.1 kb	 0.0% Packages/com.unity.visualscripting/Runtime/VisualScripting.Flow/Flow.cs
 0.1 kb	 0.0% Packages/com.unity.ugui/Runtime/TMP/TextMeshProUGUI.cs
 0.1 kb	 0.0% Packages/com.unity.ugui/Runtime/TMP/TextContainer.cs
 0.1 kb	 0.0% Packages/com.unity.ugui/Runtime/TMP/TMP_TextElement.cs
 0.1 kb	 0.0% Packages/com.unity.ugui/Runtime/TMP/TMP_SubMeshUI.cs
 0.1 kb	 0.0% Packages/com.unity.ugui/Runtime/TMP/TMP_StyleSheet.cs
 0.1 kb	 0.0% Packages/com.unity.ugui/Runtime/TMP/TMP_SpriteGlyph.cs
 0.1 kb	 0.0% Packages/com.unity.ugui/Runtime/TMP/TMP_SpriteAsset.cs
 0.1 kb	 0.0% Packages/com.unity.ugui/Runtime/TMP/TMP_InputField.cs
 0.1 kb	 0.0% Packages/com.unity.ugui/Runtime/TMP/TMP_FontAsset.cs
 0.1 kb	 0.0% Packages/com.unity.ugui/Runtime/TMP/TMP_CoroutineTween.cs
 0.1 kb	 0.0% Packages/com.unity.ugui/Runtime/TMP/TMP_Character.cs
 0.1 kb	 0.0% Packages/com.unity.timeline/Runtime/Utilities/TimelineUndo.cs
 0.1 kb	 0.0% Packages/com.unity.timeline/Runtime/Utilities/TimeUtility.cs
 0.1 kb	 0.0% Packages/com.unity.timeline/Runtime/Utilities/HashUtility.cs
 0.1 kb	 0.0% Packages/com.unity.timeline/Runtime/Utilities/BlendUtility.cs
 0.1 kb	 0.0% Packages/com.unity.timeline/Runtime/TrackAsset.cs
 0.1 kb	 0.0% Packages/com.unity.timeline/Runtime/TimelineClip.cs
 0.1 kb	 0.0% Packages/com.unity.timeline/Runtime/Playables/ITimeControl.cs
 0.1 kb	 0.0% Packages/com.unity.timeline/Runtime/ILayerable.cs
 0.1 kb	 0.0% Packages/com.unity.timeline/Runtime/GroupTrack.cs
 0.1 kb	 0.0% Packages/com.unity.timeline/Runtime/Events/Signals/SignalAsset.cs
 0.1 kb	 0.0% Packages/com.unity.timeline/Runtime/Events/SignalTrack.cs
 0.1 kb	 0.0% Packages/com.unity.timeline/Runtime/Events/MarkerTrack.cs
 0.1 kb	 0.0% Packages/com.unity.timeline/Runtime/Events/MarkerList.cs
 0.1 kb	 0.0% Packages/com.unity.timeline/Runtime/Evaluation/RuntimeClip.cs
 0.1 kb	 0.0% Packages/com.unity.timeline/Runtime/Evaluation/IntervalTree.cs
 0.1 kb	 0.0% Packages/com.unity.timeline/Runtime/DiscreteTime.cs
 0.1 kb	 0.0% Packages/com.unity.timeline/Runtime/Control/ControlTrack.cs
 0.1 kb	 0.0% Packages/com.unity.timeline/Runtime/Audio/AudioTrack.cs
 0.1 kb	 0.0% Packages/com.unity.timeline/Runtime/AssetUpgrade/ClipUpgrade.cs
 0.1 kb	 0.0% Packages/com.unity.timeline/Runtime/Animation/ICurvesOwner.cs
 0.1 kb	 0.0% Packages/com.unity.splines/Runtime/SplineRange.cs
 0.1 kb	 0.0% Packages/com.unity.splines/Runtime/SplinePath.cs
 0.1 kb	 0.0% Packages/com.unity.splines/Runtime/SplineMesh.cs
 0.1 kb	 0.0% Packages/com.unity.splines/Runtime/SplineMath.cs
 0.1 kb	 0.0% Packages/com.unity.splines/Runtime/SplineJobs.cs
 0.1 kb	 0.0% Packages/com.unity.splines/Runtime/SplineInfo.cs
 0.1 kb	 0.0% Packages/com.unity.splines/Runtime/NativeSpline.cs
 0.1 kb	 0.0% Packages/com.unity.splines/Runtime/MathUtility.cs
 0.1 kb	 0.0% Packages/com.unity.splines/Runtime/DataPoint.cs
 0.1 kb	 0.0% Packages/com.unity.splines/Runtime/CurveUtility.cs
 0.1 kb	 0.0% Packages/com.unity.splines/Runtime/BezierKnot.cs
 0.1 kb	 0.0% Packages/com.unity.splines/Runtime/BezierCurve.cs
 0.1 kb	 0.0% Packages/com.unity.splines/Runtime/ArrayUtility.cs
 0.1 kb	 0.0% Packages/com.unity.render-pipelines.universal/Shaders/Shaders.cs
 0.1 kb	 0.0% Packages/com.unity.mathematics/Unity.Mathematics/uint4x4.gen.cs
 0.1 kb	 0.0% Packages/com.unity.mathematics/Unity.Mathematics/uint4x3.gen.cs
 0.1 kb	 0.0% Packages/com.unity.mathematics/Unity.Mathematics/uint4x2.gen.cs
 0.1 kb	 0.0% Packages/com.unity.mathematics/Unity.Mathematics/uint4.gen.cs
 0.1 kb	 0.0% Packages/com.unity.mathematics/Unity.Mathematics/uint3x4.gen.cs
 0.1 kb	 0.0% Packages/com.unity.mathematics/Unity.Mathematics/uint3x3.gen.cs
 0.1 kb	 0.0% Packages/com.unity.mathematics/Unity.Mathematics/uint3x2.gen.cs
 0.1 kb	 0.0% Packages/com.unity.mathematics/Unity.Mathematics/uint3.gen.cs
 0.1 kb	 0.0% Packages/com.unity.mathematics/Unity.Mathematics/uint2x4.gen.cs
 0.1 kb	 0.0% Packages/com.unity.mathematics/Unity.Mathematics/uint2x3.gen.cs
 0.1 kb	 0.0% Packages/com.unity.mathematics/Unity.Mathematics/uint2x2.gen.cs
 0.1 kb	 0.0% Packages/com.unity.mathematics/Unity.Mathematics/uint2.gen.cs
 0.1 kb	 0.0% Packages/com.unity.mathematics/Unity.Mathematics/int4x4.gen.cs
 0.1 kb	 0.0% Packages/com.unity.mathematics/Unity.Mathematics/int4x3.gen.cs
 0.1 kb	 0.0% Packages/com.unity.mathematics/Unity.Mathematics/int4x2.gen.cs
 0.1 kb	 0.0% Packages/com.unity.mathematics/Unity.Mathematics/int3x4.gen.cs
 0.1 kb	 0.0% Packages/com.unity.mathematics/Unity.Mathematics/int3x3.gen.cs
 0.1 kb	 0.0% Packages/com.unity.mathematics/Unity.Mathematics/int3x2.gen.cs
 0.1 kb	 0.0% Packages/com.unity.mathematics/Unity.Mathematics/int2x4.gen.cs
 0.1 kb	 0.0% Packages/com.unity.mathematics/Unity.Mathematics/int2x3.gen.cs
 0.1 kb	 0.0% Packages/com.unity.mathematics/Unity.Mathematics/int2x2.gen.cs
 0.1 kb	 0.0% Packages/com.unity.mathematics/Unity.Mathematics/half4.gen.cs
 0.1 kb	 0.0% Packages/com.unity.mathematics/Unity.Mathematics/half3.gen.cs
 0.1 kb	 0.0% Packages/com.unity.mathematics/Unity.Mathematics/half2.gen.cs
 0.1 kb	 0.0% Packages/com.unity.mathematics/Unity.Mathematics/float4x4.gen.cs
 0.1 kb	 0.0% Packages/com.unity.mathematics/Unity.Mathematics/float4x3.gen.cs
 0.1 kb	 0.0% Packages/com.unity.mathematics/Unity.Mathematics/float4x2.gen.cs
 0.1 kb	 0.0% Packages/com.unity.mathematics/Unity.Mathematics/float4.gen.cs
 0.1 kb	 0.0% Packages/com.unity.mathematics/Unity.Mathematics/float3x4.gen.cs
 0.1 kb	 0.0% Packages/com.unity.mathematics/Unity.Mathematics/float3x3.gen.cs
 0.1 kb	 0.0% Packages/com.unity.mathematics/Unity.Mathematics/float3x2.gen.cs
 0.1 kb	 0.0% Packages/com.unity.mathematics/Unity.Mathematics/float3.gen.cs
 0.1 kb	 0.0% Packages/com.unity.mathematics/Unity.Mathematics/float2x4.gen.cs
 0.1 kb	 0.0% Packages/com.unity.mathematics/Unity.Mathematics/float2x3.gen.cs
 0.1 kb	 0.0% Packages/com.unity.mathematics/Unity.Mathematics/float2x2.gen.cs
 0.1 kb	 0.0% Packages/com.unity.mathematics/Unity.Mathematics/float2.gen.cs
 0.1 kb	 0.0% Packages/com.unity.mathematics/Unity.Mathematics/double4.gen.cs
 0.1 kb	 0.0% Packages/com.unity.mathematics/Unity.Mathematics/double3.gen.cs
 0.1 kb	 0.0% Packages/com.unity.mathematics/Unity.Mathematics/double2.gen.cs
 0.1 kb	 0.0% Packages/com.unity.mathematics/Unity.Mathematics/bool4x4.gen.cs
 0.1 kb	 0.0% Packages/com.unity.mathematics/Unity.Mathematics/bool4x3.gen.cs
 0.1 kb	 0.0% Packages/com.unity.mathematics/Unity.Mathematics/bool4x2.gen.cs
 0.1 kb	 0.0% Packages/com.unity.mathematics/Unity.Mathematics/bool4.gen.cs
 0.1 kb	 0.0% Packages/com.unity.mathematics/Unity.Mathematics/bool3x4.gen.cs
 0.1 kb	 0.0% Packages/com.unity.mathematics/Unity.Mathematics/bool3x3.gen.cs
 0.1 kb	 0.0% Packages/com.unity.mathematics/Unity.Mathematics/bool3x2.gen.cs
 0.1 kb	 0.0% Packages/com.unity.mathematics/Unity.Mathematics/bool3.gen.cs
 0.1 kb	 0.0% Packages/com.unity.mathematics/Unity.Mathematics/bool2x4.gen.cs
 0.1 kb	 0.0% Packages/com.unity.mathematics/Unity.Mathematics/bool2x3.gen.cs
 0.1 kb	 0.0% Packages/com.unity.mathematics/Unity.Mathematics/bool2x2.gen.cs
 0.1 kb	 0.0% Packages/com.unity.mathematics/Unity.Mathematics/bool2.gen.cs
 0.1 kb	 0.0% Packages/com.unity.mathematics/Unity.Mathematics/Noise/psrdnoise2D.cs
 0.1 kb	 0.0% Packages/com.unity.mathematics/Unity.Mathematics/Noise/noise3Dgrad.cs
 0.1 kb	 0.0% Packages/com.unity.mathematics/Unity.Mathematics/Noise/cellular3D.cs
 0.1 kb	 0.0% Packages/com.unity.mathematics/Unity.Mathematics/Noise/cellular2x2.cs
 0.1 kb	 0.0% Packages/com.unity.mathematics/Unity.Mathematics/Noise/cellular2D.cs
 0.1 kb	 0.0% Packages/com.unity.inputsystem/InputSystem/Plugins/XR/Devices/GoogleVR.cs
 0.1 kb	 0.0% Packages/com.unity.inputsystem/InputSystem/Editor/DownloadableSample.cs
 0.1 kb	 0.0% Packages/com.unity.inputsystem/InputSystem/Devices/Sensor.cs
 0.1 kb	 0.0% Packages/com.unity.inputsystem/InputSystem/Devices/Pointer.cs
 0.1 kb	 0.0% Packages/com.unity.inputsystem/InputSystem/Devices/Mouse.cs
 0.1 kb	 0.0% Packages/com.unity.inputsystem/InputSystem/Devices/Keyboard.cs
 0.1 kb	 0.0% Packages/com.unity.inputsystem/InputSystem/Devices/Joystick.cs
 0.1 kb	 0.0% Packages/com.unity.inputsystem/InputSystem/Devices/Gamepad.cs
 0.1 kb	 0.0% Packages/com.unity.collections/Unity.Collections/xxHash3.AVX2.cs
 0.1 kb	 0.0% Packages/com.unity.cinemachine/Runtime/ThirdParty/Clipper.Core.cs
 0.1 kb	 0.0% Packages/com.unity.burst/Runtime/Intrinsics/Arm/NEON_AArch64_rdma.cs
 0.1 kb	 0.0% Packages/com.unity.burst/Runtime/Intrinsics/Arm/NEON_AArch64_dotprod.cs
 0.1 kb	 0.0% Packages/com.unity.burst/Runtime/Intrinsics/Arm/NEON_AArch64_crypto.cs
 0.1 kb	 0.0% Assets/Scripts/Story/StoryTypes.cs
 0.1 kb	 0.0% Assets/Scripts/Story/StoryGameManager.cs
 0.1 kb	 0.0% Packages/com.unity.ugui/Runtime/UGUI/UI/Core/Utility/VertexHelper.cs
 0.1 kb	 0.0% Packages/com.unity.ugui/Runtime/UGUI/UI/Core/ToggleGroup.cs
 0.1 kb	 0.0% Packages/com.unity.ugui/Runtime/UGUI/UI/Core/SpriteState.cs
 0.1 kb	 0.0% Packages/com.unity.ugui/Runtime/UGUI/UI/Core/Selectable.cs
 0.1 kb	 0.0% Packages/com.unity.ugui/Runtime/UGUI/UI/Core/Scrollbar.cs
 0.1 kb	 0.0% Packages/com.unity.ugui/Runtime/UGUI/UI/Core/ScrollRect.cs
 0.1 kb	 0.0% Packages/com.unity.ugui/Runtime/UGUI/UI/Core/RectMask2D.cs
 0.1 kb	 0.0% Packages/com.unity.ugui/Runtime/UGUI/UI/Core/Navigation.cs
 0.1 kb	 0.0% Packages/com.unity.ugui/Runtime/UGUI/UI/Core/Layout/LayoutGroup.cs
 0.1 kb	 0.0% Packages/com.unity.ugui/Runtime/UGUI/UI/Core/Layout/CanvasScaler.cs
 0.1 kb	 0.0% Packages/com.unity.ugui/Runtime/UGUI/UI/Core/InputField.cs
 0.1 kb	 0.0% Packages/com.unity.ugui/Runtime/UGUI/UI/Core/IMaskable.cs
 0.1 kb	 0.0% Packages/com.unity.ugui/Runtime/UGUI/UI/Core/ColorBlock.cs
 0.1 kb	 0.0% Packages/com.unity.mathematics/Unity.Mathematics/random.cs
 0.1 kb	 0.0% Packages/com.unity.mathematics/Unity.Mathematics/matrix.gen.cs
 0.1 kb	 0.0% Packages/com.unity.mathematics/Unity.Mathematics/matrix.cs
 0.1 kb	 0.0% Packages/com.unity.mathematics/Unity.Mathematics/Noise/noise4D.cs
 0.1 kb	 0.0% Packages/com.unity.mathematics/Unity.Mathematics/Noise/noise3D.cs
 0.1 kb	 0.0% Packages/com.unity.mathematics/Unity.Mathematics/Noise/noise2D.cs
 0.1 kb	 0.0% Packages/com.unity.mathematics/Unity.Mathematics/Noise/common.cs
 0.1 kb	 0.0% Packages/com.unity.inputsystem/InputSystem/Plugins/XR/Devices/OpenVR.cs
 0.1 kb	 0.0% Packages/com.unity.inputsystem/InputSystem/Plugins/HID/HID.cs
 0.1 kb	 0.0% Packages/com.unity.collections/Unity.Collections/xxHash3.cs
 0.1 kb	 0.0% Packages/com.unity.collections/Unity.Collections/Unicode.cs
 0.1 kb	 0.0% Packages/com.unity.collections/Unity.Collections/Memory.cs
 0.1 kb	 0.0% Packages/com.unity.collections/Unity.Collections/Jobs/IJobFilter.cs
 0.1 kb	 0.0% Packages/com.unity.collections/Unity.Collections/BitField.cs
 0.1 kb	 0.0% Packages/com.unity.cinemachine/Runtime/ThirdParty/clipper.cs
 0.1 kb	 0.0% Packages/com.unity.burst/Runtime/NoAliasAttribute.cs
 0.1 kb	 0.0% Packages/com.unity.burst/Runtime/FunctionPointer.cs
 0.1 kb	 0.0% Packages/com.unity.burst/Runtime/Editor/BurstLoader.cs
 0.1 kb	 0.0% Packages/com.unity.burst/Runtime/CompilerServices/Constant.cs
 0.1 kb	 0.0% Packages/com.unity.burst/Runtime/CompilerServices/Aliasing.cs
 0.1 kb	 0.0% Packages/com.unity.burst/Runtime/BurstString.Float.cs
 0.1 kb	 0.0% Packages/com.unity.burst/Runtime/BurstCompiler.cs
 0.1 kb	 0.0% Packages/com.unity.ai.navigation/Runtime/HelpUrls.cs
 0.1 kb	 0.0% Assets/TextMesh Pro/Examples & Extras/Scripts/VertexZoom.cs
 0.1 kb	 0.0% Assets/TextMesh Pro/Examples & Extras/Scripts/VertexShakeB.cs
 0.1 kb	 0.0% Assets/TextMesh Pro/Examples & Extras/Scripts/VertexShakeA.cs
 0.1 kb	 0.0% Assets/TextMesh Pro/Examples & Extras/Scripts/VertexJitter.cs
 0.1 kb	 0.0% Assets/TextMesh Pro/Examples & Extras/Scripts/SimpleScript.cs
 0.1 kb	 0.0% Assets/TextMesh Pro/Examples & Extras/Scripts/ObjectSpin.cs
 0.1 kb	 0.0% Assets/TextMesh Pro/Examples & Extras/Scripts/Benchmark04.cs
 0.1 kb	 0.0% Assets/TextMesh Pro/Examples & Extras/Scripts/Benchmark03.cs
 0.1 kb	 0.0% Assets/TextMesh Pro/Examples & Extras/Scripts/Benchmark02.cs
 0.1 kb	 0.0% Assets/TextMesh Pro/Examples & Extras/Scripts/Benchmark01.cs
 0.1 kb	 0.0% Assets/Scripts/StairInfoMessageUI.cs
 0.1 kb	 0.0% Assets/Scripts/StairInfoBubbleUI.cs
 0.1 kb	 0.0% Assets/Scripts/StairChoiceTarget.cs
 0.1 kb	 0.0% Assets/Scripts/StairChoiceManager.cs
 0.1 kb	 0.0% Assets/Scripts/SafeAreaClickTarget.cs
 0.1 kb	 0.0% Assets/Scripts/DoorMissionManager.cs
 0.1 kb	 0.0% Assets/Scripts/Bolum1/Bolum1ItemLabelUI.cs
 0.1 kb	 0.0% Assets/Scripts/Bolum1/Bolum1GameManager.cs
 0.1 kb	 0.0% Assets/Scripts/BillboardToCamera.cs
 0.1 kb	 0.0% Assets/Script/OsmanTouchManager.cs
 0.1 kb	 0.0% Packages/com.unity.ugui/Runtime/UGUI/UI/Core/Culling/IClipRegion.cs
 0.1 kb	 0.0% Packages/com.unity.ugui/Runtime/TMP/TextMeshPro.cs
 0.1 kb	 0.0% Packages/com.unity.ugui/Runtime/TMP/TMP_TextInfo.cs
 0.1 kb	 0.0% Packages/com.unity.ugui/Runtime/TMP/TMP_SubMesh.cs
 0.1 kb	 0.0% Packages/com.unity.ugui/Runtime/TMP/TMP_Style.cs
 0.1 kb	 0.0% Packages/com.unity.ugui/Runtime/TMP/TMP_Sprite.cs
 0.1 kb	 0.0% Packages/com.unity.ugui/Runtime/TMP/TMP_Settings.cs
 0.1 kb	 0.0% Packages/com.unity.ugui/Runtime/TMP/TMP_MeshInfo.cs
 0.1 kb	 0.0% Packages/com.unity.ugui/Runtime/TMP/TMP_LineInfo.cs
 0.1 kb	 0.0% Packages/com.unity.ugui/Runtime/TMP/TMP_Dropdown.cs
 0.1 kb	 0.0% Packages/com.unity.ugui/Runtime/TMP/TMP_Asset.cs
 0.1 kb	 0.0% Packages/com.unity.ugui/Runtime/TMP/FastAction.cs
 0.1 kb	 0.0% Packages/com.unity.timeline/Runtime/Events/Marker.cs
 0.1 kb	 0.0% Packages/com.unity.timeline/Runtime/Events/IMarker.cs
 0.1 kb	 0.0% Packages/com.unity.splines/Runtime/Spline.cs
 0.1 kb	 0.0% Packages/com.unity.splines/Runtime/ISpline.cs
 0.1 kb	 0.0% Packages/com.unity.mathematics/Unity.Mathematics/int4.gen.cs
 0.1 kb	 0.0% Packages/com.unity.mathematics/Unity.Mathematics/int3.gen.cs
 0.1 kb	 0.0% Packages/com.unity.mathematics/Unity.Mathematics/int2.gen.cs
 0.1 kb	 0.0% Packages/com.unity.inputsystem/InputSystem/Devices/Pen.cs
 0.1 kb	 0.0% Packages/com.unity.burst/Runtime/Intrinsics/Common.cs
 0.1 kb	 0.0% Packages/com.unity.burst/Runtime/Intrinsics/Arm/NEON_ctor.cs
 0.1 kb	 0.0% Packages/com.unity.burst/Runtime/Intrinsics/Arm/NEON_AArch64.cs
 0.1 kb	 0.0% Packages/com.unity.ugui/Runtime/UGUI/UI/Core/VertexModifiers/Shadow.cs
 0.1 kb	 0.0% Packages/com.unity.ugui/Runtime/UGUI/UI/Core/VertexModifiers/Outline.cs
 0.1 kb	 0.0% Packages/com.unity.ugui/Runtime/UGUI/UI/Core/Toggle.cs
 0.1 kb	 0.0% Packages/com.unity.ugui/Runtime/UGUI/UI/Core/Slider.cs
 0.1 kb	 0.0% Packages/com.unity.ugui/Runtime/UGUI/UI/Core/RawImage.cs
 0.1 kb	 0.0% Packages/com.unity.ugui/Runtime/UGUI/UI/Core/Image.cs
 0.1 kb	 0.0% Packages/com.unity.ugui/Runtime/UGUI/UI/Core/IMask.cs
 0.1 kb	 0.0% Packages/com.unity.ugui/Runtime/UGUI/UI/Core/Graphic.cs
 0.1 kb	 0.0% Packages/com.unity.ugui/Runtime/UGUI/UI/Core/FontData.cs
 0.1 kb	 0.0% Packages/com.unity.ugui/Runtime/UGUI/UI/Core/Dropdown.cs
 0.1 kb	 0.0% Packages/com.unity.ugui/Runtime/UGUI/UI/Core/Culling/Clipping.cs
 0.1 kb	 0.0% Packages/com.unity.ugui/Runtime/UGUI/UI/Core/Button.cs
 0.1 kb	 0.0% Packages/com.unity.mathematics/Unity.Mathematics/svd.cs
 0.1 kb	 0.0% Packages/com.unity.mathematics/Unity.Mathematics/math.cs
 0.1 kb	 0.0% Packages/com.unity.mathematics/Unity.Mathematics/half.cs
 0.1 kb	 0.0% Packages/com.unity.burst/Runtime/SharedStatic.cs
 0.1 kb	 0.0% Packages/com.unity.burst/Runtime/Intrinsics/x86/Ssse3.cs
 0.1 kb	 0.0% Packages/com.unity.burst/Runtime/Intrinsics/x86/Sse4_2.cs
 0.1 kb	 0.0% Packages/com.unity.burst/Runtime/Intrinsics/x86/Sse4_1.cs
 0.1 kb	 0.0% Packages/com.unity.burst/Runtime/Intrinsics/x86/Popcnt.cs
 0.1 kb	 0.0% Packages/com.unity.burst/Runtime/Intrinsics/x86/Common.cs
 0.1 kb	 0.0% Packages/com.unity.burst/Runtime/CompilerServices/Hint.cs
 0.1 kb	 0.0% Packages/com.unity.burst/Runtime/BurstString.cs
 0.1 kb	 0.0% Packages/com.unity.burst/Runtime/BurstRuntime.cs
 0.1 kb	 0.0% Assets/TextMesh Pro/Examples & Extras/Scripts/TeleType.cs
 0.1 kb	 0.0% Assets/TextMesh Pro/Examples & Extras/Scripts/EnvMapAnimator.cs
 0.1 kb	 0.0% Assets/TextMesh Pro/Examples & Extras/Scripts/DropdownSample.cs
 0.1 kb	 0.0% Assets/TextMesh Pro/Examples & Extras/Scripts/ChatController.cs
 0.1 kb	 0.0% Assets/Scripts/UI/InteractionUI.cs
 0.1 kb	 0.0% Assets/Scripts/StairPathWalker.cs
 0.1 kb	 0.0% Assets/Scripts/PlayerMovement.cs
 0.1 kb	 0.0% Assets/Scripts/Interaction/InteractableArea.cs
 0.1 kb	 0.0% Assets/Scripts/FinalSuccessUI.cs
 0.1 kb	 0.0% Assets/Scripts/DraggableCard.cs
 0.1 kb	 0.0% Assets/Scripts/ClickToDoorMove.cs
 0.1 kb	 0.0% Assets/Scripts/CardReturnArea.cs
 0.1 kb	 0.0% Assets/Scripts/CardGameManager.cs
 0.1 kb	 0.0% Assets/Scripts/Bolum1/DraggableItem.cs
 0.1 kb	 0.0% Assets/Scripts/Bolum1/Bolum1HintSystem.cs
 0.1 kb	 0.0% Assets/Scripts/Bolum1/Bolum1FeedbackUI.cs
 0.1 kb	 0.0% Assets/Script/DrillFixSequence.cs
 0.1 kb	 0.0% Assets/KidsCharacterFree/Scripts/KidsScript.cs
 0.1 kb	 0.0% Packages/com.unity.ugui/Runtime/TMP/TMP_Text.cs
 0.1 kb	 0.0% Packages/com.unity.inputsystem/InputSystem/Plugins/UI/UISupport.cs
 0.1 kb	 0.0% Packages/com.unity.burst/Runtime/Intrinsics/x86/Sse3.cs
 0.1 kb	 0.0% Packages/com.unity.burst/Runtime/Intrinsics/x86/Sse2.cs
 0.1 kb	 0.0% Packages/com.unity.burst/Runtime/Intrinsics/x86/Sse.cs
 0.1 kb	 0.0% Packages/com.unity.burst/Runtime/Intrinsics/x86/Fma.cs
 0.1 kb	 0.0% Packages/com.unity.burst/Runtime/Intrinsics/x86/F16C.cs
 0.1 kb	 0.0% Packages/com.unity.burst/Runtime/Intrinsics/x86/Csr.cs
 0.1 kb	 0.0% Packages/com.unity.burst/Runtime/Intrinsics/x86/Bmi2.cs
 0.1 kb	 0.0% Packages/com.unity.burst/Runtime/Intrinsics/x86/Bmi1.cs
 0.1 kb	 0.0% Packages/com.unity.burst/Runtime/Intrinsics/x86/Avx2.cs
 0.1 kb	 0.0% Packages/com.unity.burst/Runtime/Intrinsics/x86/Avx.cs
 0.1 kb	 0.0% Packages/com.unity.burst/Runtime/Intrinsics/v64.cs
 0.1 kb	 0.0% Packages/com.unity.burst/Runtime/Intrinsics/v256.cs
 0.1 kb	 0.0% Packages/com.unity.burst/Runtime/Intrinsics/v128.cs
 0.1 kb	 0.0% Packages/com.unity.burst/Runtime/Intrinsics/Arm/NEON.cs
 0.1 kb	 0.0% Packages/com.unity.ugui/Runtime/UGUI/UI/Core/Text.cs
 0.1 kb	 0.0% Packages/com.unity.ugui/Runtime/UGUI/UI/Core/Misc.cs
 0.1 kb	 0.0% Packages/com.unity.ugui/Runtime/UGUI/UI/Core/Mask.cs
 0.1 kb	 0.0% Assets/Scripts/UI/FeedbackUI.cs
 0.1 kb	 0.0% Assets/Scripts/PulseScale.cs
 0.1 kb	 0.0% Assets/Scripts/Managers/UIManager.cs
 0.1 kb	 0.0% Assets/Scripts/Managers/TouchManager.cs
 0.1 kb	 0.0% Assets/Scripts/Managers/GameManager.cs
 0.1 kb	 0.0% Assets/Scripts/Interaction/ObjectShake.cs
 0.1 kb	 0.0% Assets/Scripts/DoorTarget.cs
 0.1 kb	 0.0% Assets/Scripts/ChoiceLabel.cs
 0.1 kb	 0.0% Assets/Scripts/Bolum1/BagDropZone.cs
 0.1 kb	 0.0% Assets/Script/WobbleFixer.cs
 0.1 kb	 0.0% Assets/Script/LevelManager.cs
 0.1 kb	 0.0% Assets/Script/HazardMover.cs
 0.1 kb	 0.0% Assets/Script/CocukUyanir.cs
 0.1 kb	 0.0% Assets/CameraShake.cs
 0.1 kb	 0.0% Assets/Scripts/DropSlot.cs
 0.1 kb	 0.0% Assets/Resources/PerformanceTestRunSettings.json
-------------------------------------------------------------------------------
Unloading 0 Unused Serialized files (Serialized files now loaded: 0)
Unloading 2399 unused Assets / (4.2 MB). Loaded Objects now: 8342.
Memory consumption went from 245.5 MB to 241.2 MB.
Total: 25.552400 ms (FindLiveObjects: 0.334300 ms CreateObjectMapping: 0.168700 ms MarkObjects: 22.166900 ms  DeleteObjects: 2.881800 ms)

DisplayProgressNotification: Build Successful
Build Finished, Result: Success.
##utp:{"type":"PlayerBuildInfo","version":2,"phase":"Immediate","time":1789406669212,"processId":164784,"steps":[{"description":"Preprocess Player","duration":176},{"description":"Prepare For Build","duration":1212},{"description":"ProducePlayerScriptAssemblies","duration":624},{"description":"Verify Build setup","duration":28},{"description":"Prepare assets for target platform","duration":2},{"description":"Prepare splash screen","duration":0},{"description":"Building scenes","duration":9230},{"description":"Build scripts DLLs","duration":25},{"description":"Build GlobalGameManagers file","duration":74},{"description":"Writing asset files","duration":1052},{"description":"Building Resources/unity_builtin_extra","duration":41},{"description":"Creating compressed player package","duration":4873},{"description":"Write data build dirty tracking information","duration":223},{"description":"Postprocess built player","duration":15384}],"duration":32944}
Unloading 134 Unused Serialized files (Serialized files now loaded: 0)
Loaded scene 'Temp/__Backupscenes/0.backup'
	Deserialize:            2345.103 ms
	Integration:            459.303 ms
	Integration of assets:  1.079 ms
	Thread Wait Time:       -0.399 ms
	Total Operation Time:   2805.086 ms
Unloading 0 unused Assets / (0 B). Loaded Objects now: 27554.
Memory consumption went from 289.3 MB to 289.3 MB.
Total: 43.492900 ms (FindLiveObjects: 1.080000 ms CreateObjectMapping: 0.465200 ms MarkObjects: 41.909100 ms  DeleteObjects: 0.037600 ms)

YAN YANA ANDROID BUILD SUCCEEDED: C:\Users\Gokturk\Documents\GitHub\Deprem\ClientExports/YanYana/Android\Deprem-Android-Inceleme-20260914-202352.apk
UnityEngine.Debug:ExtractStackTraceNoAlloc (byte*,int,string)
UnityEngine.StackTraceUtility:ExtractStackTrace ()
UnityEngine.DebugLogHandler:Internal_Log (UnityEngine.LogType,UnityEngine.LogOption,string,UnityEngine.Object)
UnityEngine.DebugLogHandler:LogFormat (UnityEngine.LogType,UnityEngine.Object,string,object[])
UnityEngine.Logger:Log (UnityEngine.LogType,object)
UnityEngine.Debug:Log (object)
YanYana.Editor.YanYanaAndroidReviewBuild:Build () (at Assets/YanYana/Editor/YanYanaAndroidReviewBuild.cs:119)

(Filename: Assets/YanYana/Editor/YanYanaAndroidReviewBuild.cs Line: 119)

Batchmode quit successfully invoked - shutting down!
Starting: C:\Program Files\Unity\Hub\Editor\6000.0.58f2\Editor\Data\PlaybackEngines\AndroidPlayer\OpenJDK\bin\java.exe -classpath "C:\Program Files\Unity\Hub\Editor\6000.0.58f2\Editor\Data\PlaybackEngines\AndroidPlayer\Tools\gradle\lib\gradle-launcher-8.11.jar" org.gradle.launcher.GradleMain "-Dorg.gradle.jvmargs=-Xmx4096m" "--stop" 
WorkingDir: 
Killing ADB server in 0.0915728 seconds.
[Physics::Module] Cleanup current backned.
[Physics::Module] Id: 0xf2b8ea05
Input System module state changed to: ShutdownInProgress.
Input System polling thread exited.
Input System module state changed to: Shutdown.
[Licensing::IpcConnector] LicenseClient-Gokturk-notifications channel disconnected successfully.
[Licensing::IpcConnector] LicenseClient-Gokturk channel disconnected successfully.
AcceleratorClientConnectionCallback - disconnected - :0
Cleanup mono
Exiting batchmode successfully now!
Exiting without the bug reporter. Application will terminate with return code 0