frame,time,dt,camera,blending,ortho,x,y,z,size,step,rotationStep
0,70.26568,0.00000,AD · mahalle açılış kadrajı,False,True,-79.88000,2.50000,-7.60000,2.28000,0.00000,0.00000
1,70.28029,0.01461,AD · mahalle açılış kadrajı,False,True,-79.88000,2.50000,-7.60000,2.28000,0.00000,0.00000
2,70.29548,0.01519,AD · mahalle açılış kadrajı,False,True,-79.88000,2.50000,-7.60000,2.28000,0.00000,0.00000
3,75.20184,4.90636,Yakından incele · introCarry,False,True,-0.50000,5.35000,-5.05000,2.60000,79.47206,44.69931
4,75.54936,0.34752,Yakından incele · introCarry,False,True,-0.50000,5.35000,-5.05000,2.60000,0.00000,0.00000
5,75.56030,0.01094,Yakından incele · introCarry,False,True,-0.50000,5.35000,-5.05000,2.60000,0.00000,0.00000
6,75.57825,0.01795,Yakından incele · introCarry,False,True,-0.50000,5.35000,-5.05000,2.60000,0.00000,0.00000
7,75.59491,0.01666,Yakından incele · introCarry,False,True,-0.50000,5.35000,-5.05000,2.60000,0.00000,0.00000
8,75.61136,0.01644,Yakından incele · introCarry,False,True,-0.50000,5.35000,-5.05000,2.60000,0.00000,0.00000
9,75.62821,0.01685,Yakından incele · introCarry,False,True,-0.50000,5.35000,-5.05000,2.60000,0.00000,0.00000
10,75.64478,0.01657,Yakından incele · introCarry,False,True,-0.50000,5.35000,-5.05000,2.60000,0.00000,0.00000
11,75.66153,0.01675,Yakından incele · introCarry,False,True,-0.50000,5.35000,-5.05000,2.60000,0.00000,0.00000
12,75.67848,0.01695,Yakından incele · introCarry,False,True,-0.50000,5.35000,-5.05000,2.60000,0.00000,0.00000
13,75.69558,0.01710,Yakından incele · introCarry,False,True,-0.50000,5.35000,-5.05000,2.60000,0.00000,0.00000
14,75.71138,0.01580,Yakından incele · introCarry,False,True,-0.50000,5.35000,-5.05000,2.60000,0.00000,0.00000
15,75.72780,0.01642,Yakından incele · introCarry,False,True,-0.50000,5.35000,-5.05000,2.60000,0.00000,0.00000
16,75.74478,0.01698,Yakından incele · introCarry,False,True,-0.50000,5.35000,-5.05000,2.60000,0.00000,0.00000
17,75.76137,0.01659,Yakından incele · introCarry,False,True,-0.50000,5.35000,-5.05000,2.60000,0.00000,0.00000
18,75.77780,0.01643,Yakından incele · introCarry,False,True,-0.50000,5.35000,-5.05000,2.60000,0.00000,0.00000
19,75.79522,0.01742,Yakından incele · introCarry,False,True,-0.50000,5.35000,-5.05000,2.60000,0.00000,0.00000
20,75.81130,0.01608,Yakından incele · introCarry,False,True,-0.50000,5.35000,-5.05000,2.60000,0.00000,0.00000
21,75.82810,0.01680,Yakından incele · introCarry,False,True,-0.50000,5.35000,-5.05000,2.60000,0.00000,0.00000
22,75.84480,0.01670,Yakından incele · introCarry,False,True,-0.50000,5.35000,-5.05000,2.60000,0.00000,0.00000
23,75.86154,0.01675,Yakından incele · introCarry,False,True,-0.50000,5.35000,-5.05000,2.60000,0.00000,0.00000
24,75.87838,0.01683,Yakından incele · introCarry,False,True,-0.50000,5.35000,-5.05000,2.60000,0.00000,0.00000
25,75.90209,0.02371,Yakından incele · introCarry,False,True,-0.50000,5.35000,-5.05000,2.60000,0.00000,0.00000
26,76.05467,0.15258,Yakından incele · introCarry,False,True,-0.50000,5.35000,-5.05000,2.60000,0.00000,0.00000
27,76.06668,0.01201,Yakından incele · introCarry,False,True,-0.50000,5.35000,-5.05000,2.60000,0.00000,0.00000
28,76.08825,0.02157,Yakından incele · introCarry,False,True,-0.50000,5.35000,-5.05000,2.60000,0.00000,0.00000
29,76.10802,0.01977,Yakından incele · introCarry,False,True,-0.49952,5.34994,-5.04971,2.60000,0.00057,0.00000
30,76.12306,0.01504,Yakından incele · introCarry,False,True,-0.49847,5.34980,-5.04908,2.60000,0.00123,0.00000
31,76.13794,0.01489,Yakından incele · introCarry,False,True,-0.49683,5.34960,-5.04807,2.60000,0.00193,0.00000
32,76.17167,0.03373,Yakından incele · introCarry,False,True,-0.48923,5.34873,-5.04332,2.60000,0.00901,0.00000
33,76.20571,0.03404,Yakından incele · introCarry,False,True,-0.47684,5.34744,-5.03539,2.60000,0.01476,0.00000
34,76.23945,0.03374,Yakından incele · introCarry,False,True,-0.45917,5.34575,-5.02385,2.60000,0.02118,0.00000
35,76.27244,0.03299,Yakından incele · introCarry,False,True,-0.43551,5.34366,-5.00815,2.60000,0.02847,0.00000
36,76.30491,0.03247,Yakından incele · introCarry,False,True,-0.40656,5.34130,-4.98865,2.60000,0.03499,0.00000
37,76.33872,0.03381,Yakından incele · introCarry,False,True,-0.37254,5.33886,-4.96558,2.60000,0.04117,0.00000
38,76.37318,0.03446,Yakından incele · introCarry,False,True,-0.33402,5.33649,-4.93912,2.60000,0.04680,0.00000
39,76.40606,0.03288,Yakından incele · introCarry,False,True,-0.29389,5.33440,-4.91106,2.60000,0.04901,0.00000
40,76.43972,0.03366,Yakından incele · introCarry,False,True,-0.25458,5.33268,-4.88309,2.60000,0.04828,0.00000
41,76.47508,0.03536,Yakından incele · introCarry,False,True,-0.20995,5.33099,-4.85088,2.60000,0.05506,0.00000
42,76.50772,0.03264,Yakından incele · introCarry,False,True,-0.16680,5.32967,-4.81917,2.60000,0.05356,0.00000
43,76.53913,0.03140,Yakından incele · introCarry,False,True,-0.12640,5.32866,-4.78901,2.60000,0.05043,0.00000
44,76.57304,0.03392,Yakından incele · introCarry,False,True,-0.08317,5.32778,-4.75694,2.60000,0.05383,0.00000
45,76.60588,0.03284,Yakından incele · introCarry,False,True,-0.03834,5.32703,-4.72366,2.60000,0.05584,0.00000
46,76.63832,0.03244,Yakından incele · introCarry,False,True,0.00410,5.32649,-4.69190,2.60000,0.05301,0.00000
47,76.68734,0.04902,Yakından incele · introCarry,False,True,0.04665,5.32596,-4.65846,2.60000,0.05412,0.00000
48,77.05897,0.37163,Yakından incele · introCarry,False,True,0.48661,5.33415,-4.25936,2.60000,0.59407,0.00000
49,77.06847,0.00950,Yakından incele · introCarry,False,True,0.48660,5.33522,-4.25771,2.60000,0.00196,0.00000
50,77.08694,0.01847,Yakından incele · introCarry,False,True,0.48322,5.33740,-4.25711,2.60000,0.00406,0.00000
51,77.10302,0.01608,Yakından incele · introCarry,False,True,0.47750,5.33958,-4.25861,2.60000,0.00631,0.00000
52,77.11976,0.01674,Yakından incele · introCarry,False,True,0.46947,5.34189,-4.26210,2.60000,0.00906,0.00000
53,77.13687,0.01711,Yakından incele · introCarry,False,True,0.45933,5.34430,-4.26746,2.60000,0.01172,0.00000
54,77.15279,0.01592,Yakından incele · introCarry,False,True,0.44793,5.34664,-4.27421,2.60000,0.01345,0.00000
55,77.16964,0.01685,Yakından incele · introCarry,False,True,0.43460,5.34905,-4.28270,2.60000,0.01598,0.00000
56,77.18663,0.01698,Yakından incele · introCarry,False,True,0.42021,5.35135,-4.29227,2.60000,0.01743,0.00000
57,77.20499,0.01837,Yakından incele · introCarry,False,True,0.40316,5.35373,-4.30391,2.60000,0.02079,0.00000
58,77.23852,0.03353,Yakından incele · introCarry,False,True,0.36519,5.35813,-4.33013,2.60000,0.04635,0.00000
59,77.27215,0.03363,Yakından incele · introCarry,False,True,0.32587,5.36167,-4.35778,2.60000,0.04820,0.00000
60,77.30543,0.03329,Yakından incele · introCarry,False,True,0.28419,5.36463,-4.38757,2.60000,0.05131,0.00000
61,77.33898,0.03355,Yakından incele · introCarry,False,True,0.24208,5.36700,-4.41813,2.60000,0.05209,0.00000
62,77.37433,0.03534,Yakından incele · introCarry,False,True,0.19895,5.36894,-4.44987,2.60000,0.05358,0.00000
63,77.40730,0.03297,Yakından incele · introCarry,False,True,0.15245,5.37063,-4.48445,2.60000,0.05798,0.00000
64,77.43831,0.03101,Yakından incele · introCarry,False,True,0.11254,5.37171,-4.51455,2.60000,0.05001,0.00000
65,77.47155,0.03324,Yakından incele · introCarry,False,True,0.06797,5.37275,-4.54832,2.60000,0.05592,0.00000
66,77.50510,0.03354,Yakından incele · introCarry,False,True,0.02443,5.37354,-4.58156,2.60000,0.05479,0.00000
67,77.53931,0.03421,Yakından incele · introCarry,False,True,-0.02091,5.37422,-4.61634,2.60000,0.05715,0.00000
68,77.57293,0.03363,Yakından incele · introCarry,False,True,-0.06641,5.37476,-4.65143,2.60000,0.05747,0.00000
69,77.60627,0.03334,Yakından incele · introCarry,False,True,-0.10943,5.37513,-4.68478,2.60000,0.05443,0.00000
70,77.63931,0.03304,Yakından incele · introCarry,False,True,-0.15540,5.37549,-4.72046,2.60000,0.05819,0.00000
71,77.67230,0.03299,Yakından incele · introCarry,False,True,-0.19763,5.37569,-4.75340,2.60000,0.05356,0.00000
72,77.70610,0.03379,Yakından incele · introCarry,False,True,-0.24423,5.37595,-4.78971,2.60000,0.05907,0.00000
73,77.73814,0.03205,Yakından incele · introCarry,False,True,-0.28713,5.37607,-4.82328,2.60000,0.05447,0.00000
74,77.77115,0.03300,Yakından incele · introCarry,False,True,-0.33127,5.37620,-4.85782,2.60000,0.05606,0.00000
75,77.80472,0.03357,Yakından incele · introCarry,False,True,-0.37576,5.37631,-4.89267,2.60000,0.05651,0.00000
76,77.83850,0.03379,Yakından incele · introCarry,False,True,-0.42080,5.37641,-4.92796,2.60000,0.05722,0.00000
77,77.87322,0.03471,Yakından incele · introCarry,False,True,-0.46675,5.37649,-4.96399,2.60000,0.05839,0.00000
78,77.90523,0.03201,Yakından incele · introCarry,False,True,-0.51077,5.37652,-4.99857,2.60000,0.05598,0.00000
79,77.93803,0.03280,Yakından incele · introCarry,False,True,-0.55353,5.37653,-5.03219,2.60000,0.05439,0.00000
80,77.97224,0.03420,Yakından incele · introCarry,False,True,-0.59921,5.37659,-5.06803,2.60000,0.05806,0.00000
81,78.00498,0.03274,Yakından incele · introCarry,False,True,-0.64384,5.37662,-5.10310,2.60000,0.05677,0.00000
82,78.03883,0.03385,Yakından incele · introCarry,False,True,-0.68744,5.37662,-5.13739,2.60000,0.05547,0.00000
83,78.07258,0.03376,Yakından incele · introCarry,False,True,-0.73391,5.37667,-5.17387,2.60000,0.05907,0.00000
84,78.10578,0.03320,Yakından incele · introCarry,False,True,-0.77701,5.37665,-5.20779,2.60000,0.05485,0.00000
85,78.13969,0.03390,Yakından incele · introCarry,False,True,-0.82292,5.37669,-5.24386,2.60000,0.05838,0.00000
86,78.17357,0.03388,Yakından incele · introCarry,False,True,-0.86741,5.37669,-5.27886,2.60000,0.05660,0.00000
87,78.20579,0.03222,Yakından incele · introCarry,False,True,-0.91218,5.37669,-5.31406,2.60000,0.05696,0.00000
88,78.23868,0.03289,Yakından incele · introCarry,False,True,-0.95481,5.37667,-5.34763,2.60000,0.05426,0.00000
89,78.27316,0.03448,Yakından incele · introCarry,False,True,-1.00128,5.37671,-5.38412,2.60000,0.05909,0.00000
90,78.30559,0.03243,Yakından incele · introCarry,False,True,-1.04520,5.37670,-5.41868,2.60000,0.05588,0.00000
91,78.33927,0.03368,Yakından incele · introCarry,False,True,-1.08863,5.37668,-5.45287,2.60000,0.05527,0.00000
92,78.37258,0.03330,Yakından incele · introCarry,False,True,-1.13508,5.37672,-5.48934,2.60000,0.05906,0.00000
93,78.40537,0.03280,Yakından incele · introCarry,False,True,-1.17735,5.37668,-5.52265,2.60000,0.05381,0.00000
94,78.43880,0.03343,Yakından incele · introCarry,False,True,-1.22343,5.37672,-5.55884,2.60000,0.05860,0.00000
95,78.47142,0.03262,Yakından incele · introCarry,False,True,-1.26648,5.37669,-5.59274,2.60000,0.05479,0.00000
96,78.50572,0.03430,Yakından incele · introCarry,False,True,-1.31155,5.37671,-5.62817,2.60000,0.05733,0.00000
97,78.53933,0.03361,Yakından incele · introCarry,False,True,-1.35703,5.37672,-5.66392,2.60000,0.05785,0.00000
98,78.57240,0.03307,Yakından incele · introCarry,False,True,-1.40116,5.37671,-5.69865,2.60000,0.05616,0.00000
99,78.60516,0.03276,Yakından incele · introCarry,False,True,-1.44562,5.37671,-5.73362,2.60000,0.05656,0.00000
100,78.63851,0.03335,Yakından incele · introCarry,False,True,-1.48929,5.37670,-5.76799,2.60000,0.05557,0.00000
101,78.67170,0.03320,Yakından incele · introCarry,False,True,-1.53472,5.37672,-5.80369,2.60000,0.05778,0.00000
102,78.70540,0.03370,Yakından incele · introCarry,False,True,-1.57819,5.37670,-5.83791,2.60000,0.05533,0.00000
103,78.73889,0.03348,Yakından incele · introCarry,False,True,-1.62443,5.37673,-5.87424,2.60000,0.05880,0.00000
104,78.77166,0.03278,Yakından incele · introCarry,False,True,-1.66752,5.37670,-5.90817,2.60000,0.05484,0.00000
105,78.80528,0.03362,Yakından incele · introCarry,False,True,-1.71264,5.37671,-5.94364,2.60000,0.05740,0.00000
106,78.83908,0.03380,Yakından incele · introCarry,False,True,-1.75700,5.37671,-5.97854,2.60000,0.05645,0.00000
107,78.87251,0.03343,Yakından incele · introCarry,False,True,-1.80150,5.37659,-6.01370,2.60000,0.05671,0.00000
108,78.90539,0.03289,Yakından incele · introCarry,False,True,-1.84268,5.37626,-6.04656,2.60000,0.05268,0.00000
109,78.93874,0.03335,Yakından incele · introCarry,False,True,-1.88189,5.37573,-6.07815,2.60000,0.05036,0.00000
110,78.97185,0.03310,Yakından incele · introCarry,False,True,-1.91943,5.37499,-6.10871,2.60000,0.04841,0.00000
111,79.00468,0.03283,Yakından incele · introCarry,False,True,-1.95302,5.37407,-6.13644,2.60000,0.04356,0.00000
112,79.03860,0.03392,Yakından incele · introCarry,False,True,-1.98456,5.37296,-6.16281,2.60000,0.04113,0.00000
113,79.07196,0.03336,Yakından incele · introCarry,False,True,-2.01320,5.37168,-6.18715,2.60000,0.03761,0.00000
114,79.11386,0.04190,Yakından incele · intro,True,True,-2.03904,5.36086,-6.19579,2.59553,0.02932,0.49732
115,79.14867,0.03481,Yakından incele · intro,True,True,-2.04390,5.32229,-6.14380,2.57725,0.06491,2.03059
116,79.17394,0.02526,Yakından incele · intro,True,True,-2.04861,5.28492,-6.09342,2.55954,0.06291,1.96795
117,79.20645,0.03251,Yakından incele · intro,True,True,-2.05619,5.22484,-6.01243,2.53106,0.10113,3.16429
118,79.24148,0.03503,Yakından incele · intro,True,True,-2.06591,5.14764,-5.90837,2.49447,0.12994,4.06576
119,79.28578,0.04430,Yakından incele · intro,True,True,-2.08140,5.02474,-5.74269,2.43622,0.20686,6.47268
120,79.31719,0.03142,Yakından incele · intro,True,True,-2.09452,4.92063,-5.60235,2.38688,0.17524,5.48305
121,79.34951,0.03232,Yakından incele · intro,True,True,-2.10852,4.80961,-5.45268,2.33426,0.18688,5.84725
122,79.38301,0.03350,Yakından incele · intro,True,True,-2.12456,4.68230,-5.28107,2.27392,0.21428,6.70457
123,79.41692,0.03391,Yakından incele · intro,True,True,-2.14121,4.55021,-5.10300,2.21131,0.22233,6.95658
124,79.45135,0.03443,Yakından incele · intro,True,True,-2.15941,4.40581,-4.90835,2.14287,0.24305,7.60492
125,79.48375,0.03240,Yakından incele · intro,True,True,-2.17787,4.25928,-4.71081,2.07342,0.24665,7.71759
126,79.51692,0.03317,Yakından incele · intro,True,True,-2.19619,4.11391,-4.51485,2.00452,0.24468,7.65584
127,79.55171,0.03479,Yakından incele · intro,True,True,-2.21608,3.95613,-4.30216,1.92974,0.26557,8.30937
128,79.58407,0.03236,Yakından incele · intro,True,True,-2.23597,3.79825,-4.08932,1.85491,0.26575,8.31512
129,79.61625,0.03218,Yakından incele · intro,True,True,-2.25462,3.65031,-3.88989,1.78479,0.24902,7.79173
130,79.65022,0.03397,Yakından incele · intro,True,True,-2.27452,3.49241,-3.67703,1.70995,0.26578,8.31615
131,79.68348,0.03325,Yakından incele · intro,True,True,-2.29374,3.33991,-3.47145,1.63767,0.25668,8.03152
132,79.71670,0.03323,Yakından incele · intro,True,True,-2.31262,3.19010,-3.26951,1.56667,0.25215,7.88993
133,79.75014,0.03344,Yakından incele · intro,True,True,-2.33089,3.04513,-3.07408,1.49796,0.24401,7.63514
134,79.78371,0.03357,Yakından incele · intro,True,True,-2.34857,2.90482,-2.88494,1.43146,0.23616,7.38950
135,79.81667,0.03296,Yakından incele · intro,True,True,-2.36528,2.77225,-2.70623,1.36862,0.22314,6.98175
136,79.84940,0.03273,Yakından incele · intro,True,True,-2.38080,2.64907,-2.54018,1.31024,0.20734,6.48754
137,79.88292,0.03351,Yakından incele · intro,True,True,-2.39517,2.53509,-2.38653,1.25622,0.19185,6.00279
138,79.91856,0.03564,Yakından incele · intro,True,True,-2.40851,2.42918,-2.24375,1.20602,0.17827,5.57791
139,79.95162,0.03306,Yakından incele · intro,True,True,-2.42071,2.33244,-2.11334,1.16017,0.16283,5.09490
140,79.98367,0.03205,Yakından incele · intro,True,True,-2.42999,2.25881,-2.01408,1.12527,0.12394,3.87793
141,80.01726,0.03359,Yakından incele · intro,True,True,-2.43828,2.19299,-1.92535,1.09407,0.11079,3.46650
142,80.05027,0.03301,Yakından incele · intro,True,True,-2.44431,2.14519,-1.86091,1.07142,0.08046,2.51731
143,80.08400,0.03373,Yakından incele · intro,True,True,-2.44830,2.11351,-1.81822,1.05641,0.05331,1.66784
144,80.11699,0.03299,Yakından incele · intro,True,True,-2.44996,2.10032,-1.80042,1.05015,0.02222,0.69436
145,80.15041,0.03342,Yakından incele · intro,False,True,-2.45000,2.10000,-1.80000,1.05000,0.00053,0.00000
146,80.18449,0.03408,Yakından incele · intro,False,True,-2.45000,2.10000,-1.80000,1.05000,0.00000,0.00000
147,80.21703,0.03254,Yakından incele · intro,False,True,-2.45000,2.10000,-1.80000,1.05000,0.00000,0.00000
148,80.25030,0.03328,Yakından incele · intro,False,True,-2.45000,2.10000,-1.80000,1.05000,0.00000,0.00000
149,80.28443,0.03413,Yakından incele · intro,False,True,-2.45000,2.10000,-1.80000,1.05000,0.00000,0.00000
150,80.31772,0.03329,Yakından incele · intro,False,True,-2.45000,2.10000,-1.80000,1.05000,0.00000,0.00000
151,80.35000,0.03228,Yakından incele · intro,False,True,-2.45000,2.10000,-1.80000,1.05000,0.00000,0.00000
152,80.38395,0.03395,Yakından incele · intro,False,True,-2.45000,2.10000,-1.80000,1.05000,0.00000,0.00000
153,80.41752,0.03357,Yakından incele · intro,False,True,-2.45000,2.10000,-1.80000,1.05000,0.00000,0.00000
154,80.45075,0.03323,Yakından incele · intro,False,True,-2.45000,2.10000,-1.80000,1.05000,0.00000,0.00000
155,80.48328,0.03253,Yakından incele · intro,False,True,-2.45000,2.10000,-1.80000,1.05000,0.00000,0.00000
156,80.51891,0.03563,Yakından incele · intro,False,True,-2.45000,2.10000,-1.80000,1.05000,0.00000,0.00000
157,80.56912,0.05021,Yakından incele · intro,False,True,-2.45000,2.10000,-1.80000,1.05000,0.00000,0.00000
158,80.58281,0.01369,Yakından incele · intro,False,True,-2.45000,2.10000,-1.80000,1.05000,0.00000,0.00000
159,80.61640,0.03359,Yakından incele · intro,False,True,-2.45000,2.10000,-1.80000,1.05000,0.00000,0.00000
160,80.64998,0.03358,Yakından incele · intro,False,True,-2.45000,2.10000,-1.80000,1.05000,0.00000,0.00000
161,80.68373,0.03376,Yakından incele · intro,False,True,-2.45000,2.10000,-1.80000,1.05000,0.00000,0.00000
162,80.71716,0.03343,Yakından incele · intro,False,True,-2.45000,2.10000,-1.80000,1.05000,0.00000,0.00000
163,80.75012,0.03296,Yakından incele · intro,False,True,-2.45000,2.10000,-1.80000,1.05000,0.00000,0.00000
164,80.78952,0.03939,Yakından incele · intro,False,True,-2.45000,2.10000,-1.80000,1.05000,0.00000,0.00000
165,80.81813,0.02861,Yakından incele · intro,False,True,-2.45000,2.10000,-1.80000,1.05000,0.00000,0.00000
166,80.85075,0.03262,Yakından incele · intro,False,True,-2.45000,2.10000,-1.80000,1.05000,0.00000,0.00000
167,80.88450,0.03375,Yakından incele · intro,False,True,-2.45000,2.10000,-1.80000,1.05000,0.00000,0.00000
168,80.91734,0.03284,Yakından incele · intro,False,True,-2.45000,2.10000,-1.80000,1.05000,0.00000,0.00000
169,80.95127,0.03393,Yakından incele · intro,False,True,-2.45000,2.10000,-1.80000,1.05000,0.00000,0.00000
170,80.98461,0.03333,Yakından incele · intro,False,True,-2.45000,2.10000,-1.80000,1.05000,0.00000,0.00000
171,81.01860,0.03399,Yakından incele · intro,False,True,-2.45000,2.10000,-1.80000,1.05000,0.00000,0.00000
172,81.05194,0.03334,Yakından incele · intro,False,True,-2.45000,2.10000,-1.80000,1.05000,0.00000,0.00000
173,81.08349,0.03155,Yakından incele · intro,False,True,-2.45000,2.10000,-1.80000,1.05000,0.00000,0.00000
174,81.11776,0.03427,Yakından incele · intro,False,True,-2.45000,2.10000,-1.80000,1.05000,0.00000,0.00000
175,81.15060,0.03284,Yakından incele · intro,False,True,-2.45000,2.10000,-1.80000,1.05000,0.00000,0.00000
176,81.18415,0.03355,Yakından incele · intro,False,True,-2.45000,2.10000,-1.80000,1.05000,0.00000,0.00000
177,81.21799,0.03384,Yakından incele · intro,False,True,-2.45000,2.10000,-1.80000,1.05000,0.00000,0.00000
178,81.25081,0.03282,Yakından incele · intro,False,True,-2.45000,2.10000,-1.80000,1.05000,0.00000,0.00000
179,81.28348,0.03267,Yakından incele · intro,False,True,-2.45000,2.10000,-1.80000,1.05000,0.00000,0.00000
180,81.31687,0.03339,Yakından incele · intro,False,True,-2.45000,2.10000,-1.80000,1.05000,0.00000,0.00000
181,81.35074,0.03386,Yakından incele · intro,False,True,-2.45000,2.10000,-1.80000,1.05000,0.00000,0.00000
182,81.38408,0.03334,Yakından incele · intro,False,True,-2.45000,2.10000,-1.80000,1.05000,0.00000,0.00000
183,81.41703,0.03296,Yakından incele · intro,False,True,-2.45000,2.10000,-1.80000,1.05000,0.00000,0.00000
184,81.45648,0.03945,Yakından incele · introCarry,True,True,-2.44866,2.11212,-1.81671,1.05578,0.02069,0.64285
185,81.48657,0.03008,Yakından incele · introCarry,True,True,-2.44568,2.13917,-1.85398,1.06868,0.04615,1.43256
186,81.51969,0.03313,Yakından incele · introCarry,True,True,-2.44066,2.18464,-1.91666,1.09037,0.07759,2.40927
187,81.55205,0.03235,Yakından incele · introCarry,True,True,-2.43392,2.24573,-2.00085,1.11950,0.10424,3.23717
188,81.58540,0.03335,Yakından incele · introCarry,True,True,-2.42571,2.32014,-2.10341,1.15499,0.12697,3.94319
189,81.61930,0.03391,Yakından incele · introCarry,True,True,-2.41568,2.41105,-2.22870,1.19835,0.15512,4.81767
190,81.65274,0.03344,Yakından incele · introCarry,True,True,-2.40445,2.51277,-2.36889,1.24686,0.17357,5.39045
191,81.68521,0.03247,Yakından incele · introCarry,True,True,-2.39205,2.62519,-2.52383,1.30048,0.19183,5.95775
192,81.71855,0.03334,Yakından incele · introCarry,True,True,-2.37893,2.74410,-2.68772,1.35719,0.20290,6.30140
193,81.75228,0.03373,Yakından incele · introCarry,True,True,-2.36404,2.87901,-2.87365,1.42153,0.23021,7.14957
194,81.78508,0.03280,Yakından incele · introCarry,True,True,-2.34936,3.01206,-3.05703,1.48498,0.22703,7.05096
195,81.81855,0.03347,Yakından incele · introCarry,True,True,-2.33321,3.15837,-3.25867,1.55476,0.24966,7.75373
196,81.85150,0.03295,Yakından incele · introCarry,True,True,-2.31713,3.30409,-3.45952,1.62426,0.24866,7.72286
197,81.88512,0.03363,Yakından incele · introCarry,True,True,-2.30033,3.45636,-3.66937,1.69688,0.25982,8.06927
198,81.91877,0.03365,Yakından incele · introCarry,True,True,-2.28326,3.61110,-3.88264,1.77068,0.26404,8.20052
199,81.95162,0.03285,Yakından incele · introCarry,True,True,-2.26619,3.76577,-4.09581,1.84444,0.26392,8.19661
200,81.98452,0.03290,Yakından incele · introCarry,True,True,-2.24942,3.91779,-4.30534,1.91695,0.25941,8.05674
201,82.01775,0.03323,Yakından incele · introCarry,True,True,-2.23252,4.07090,-4.51635,1.98997,0.26125,8.11390
202,82.05160,0.03385,Yakından incele · introCarry,True,True,-2.21603,4.22037,-4.72236,2.06125,0.25505,7.92124
203,82.08506,0.03346,Yakından incele · introCarry,True,True,-2.19961,4.36912,-4.92737,2.13220,0.25383,7.88307
204,82.11876,0.03370,Yakından incele · introCarry,True,True,-2.18399,4.51068,-5.12247,2.19971,0.24155,7.50174
205,82.15121,0.03245,Yakından incele · introCarry,True,True,-2.16951,4.64189,-5.30331,2.26229,0.22390,6.95377
206,82.18530,0.03408,Yakından incele · introCarry,True,True,-2.15564,4.76764,-5.47662,2.32226,0.21457,6.66368
207,82.21885,0.03355,Yakından incele · introCarry,True,True,-2.14238,4.88779,-5.64222,2.37956,0.20503,6.36754
208,82.25158,0.03274,Yakından incele · introCarry,True,True,-2.13083,4.99251,-5.78654,2.42950,0.17868,5.54934
209,82.28498,0.03340,Yakından incele · introCarry,True,True,-2.12024,5.08845,-5.91878,2.47526,0.16372,5.08475
210,82.33048,0.04550,Yakından incele · introCarry,True,True,-2.11124,5.17004,-6.03122,2.51417,0.13921,4.32332
211,82.36412,0.03363,Yakından incele · introCarry,True,True,-2.10119,5.26109,-6.15671,2.55760,0.15537,4.82530
212,82.38483,0.02071,Yakından incele · introCarry,True,True,-2.09781,5.29174,-6.19895,2.57221,0.05229,1.62361
213,82.41894,0.03411,Yakından incele · introCarry,True,True,-2.09370,5.32897,-6.25027,2.58997,0.06354,1.97271
214,82.45207,0.03313,Yakından incele · introCarry,True,True,-2.09162,5.34777,-6.27617,2.59894,0.03207,0.99543
215,82.48615,0.03408,Yakından incele · introCarry,False,True,-2.09138,5.35000,-6.27925,2.60000,0.00381,0.00000
216,82.52838,0.04224,Yakından incele · introCarry,False,True,-2.09138,5.35000,-6.27925,2.60000,0.00000,0.00000
217,82.56977,0.04139,Yakından incele · introCarry,False,True,-2.08617,5.34986,-6.27852,2.60000,0.00526,0.00000
218,82.60761,0.03784,Yakından incele · introCarry,False,True,-2.07395,5.34955,-6.27678,2.60000,0.01235,0.00000
219,82.64049,0.03288,Yakından incele · introCarry,False,True,-2.05724,5.34916,-6.27434,2.60000,0.01689,0.00000
220,82.67426,0.03377,Yakından incele · introCarry,False,True,-2.03218,5.34862,-6.27062,2.60000,0.02534,0.00000
221,82.70860,0.03434,Yakından incele · introCarry,False,True,-1.99964,5.34798,-6.26571,2.60000,0.03291,0.00000
222,82.74247,0.03387,Yakından incele · introCarry,False,True,-1.95778,5.34722,-6.25930,2.60000,0.04236,0.00000
223,82.77425,0.03177,Yakından incele · introCarry,False,True,-1.91406,5.34654,-6.25246,2.60000,0.04425,0.00000
224,82.80750,0.03326,Yakından incele · introCarry,False,True,-1.86662,5.34589,-6.24490,2.60000,0.04805,0.00000
225,82.84144,0.03394,Yakından incele · introCarry,False,True,-1.81499,5.34529,-6.23652,2.60000,0.05231,0.00000
226,82.87428,0.03283,Yakından incele · introCarry,False,True,-1.76235,5.34478,-6.22784,2.60000,0.05336,0.00000
227,82.90802,0.03374,Yakından incele · introCarry,False,True,-1.71017,5.34436,-6.21911,2.60000,0.05291,0.00000
228,82.94146,0.03344,Yakından incele · introCarry,False,True,-1.65377,5.34397,-6.20958,2.60000,0.05720,0.00000
229,82.97392,0.03246,Yakından incele · introCarry,False,True,-1.60254,5.34373,-6.20078,2.60000,0.05198,0.00000
230,83.00719,0.03327,Yakından incele · introCarry,False,True,-1.55000,5.34356,-6.19162,2.60000,0.05333,0.00000
231,83.04042,0.03323,Yakından incele · introCarry,False,True,-1.50197,5.34351,-6.18311,2.60000,0.04878,0.00000
232,83.07534,0.03492,Yakından incele · introCarry,False,True,-1.45248,5.34354,-6.17422,2.60000,0.05028,0.00000
233,83.10633,0.03099,Yakından incele · introCarry,False,True,-1.41041,5.34379,-6.16767,2.60000,0.04258,0.00000
234,83.13992,0.03359,Yakından incele · introCarry,False,True,-1.35917,5.34430,-6.16185,2.60000,0.05158,0.00000
235,83.17251,0.03259,Yakından incele · introCarry,False,True,-1.30790,5.34492,-6.15743,2.60000,0.05146,0.00000
236,83.20645,0.03393,Yakından incele · introCarry,False,True,-1.25471,5.34555,-6.15388,2.60000,0.05332,0.00000
237,83.23991,0.03346,Yakından incele · introCarry,False,True,-1.19849,5.34618,-6.15093,2.60000,0.05630,0.00000
238,83.27246,0.03255,Yakından incele · introCarry,False,True,-1.14482,5.34672,-6.14863,2.60000,0.05372,0.00000
239,83.30673,0.03427,Yakından incele · introCarry,False,True,-1.08879,5.34721,-6.14666,2.60000,0.05607,0.00000
240,83.33996,0.03322,Yakından incele · introCarry,False,True,-1.03164,5.34763,-6.14497,2.60000,0.05718,0.00000
241,83.37675,0.03679,Yakından incele · introCarry,False,True,-0.97676,5.34797,-6.14357,2.60000,0.05490,0.00000
242,83.41850,0.04175,Yakından incele · introCarry,False,True,-0.89690,5.34835,-6.14187,2.60000,0.07988,0.00000
243,83.45733,0.03883,Yakından incele · introCarry,False,True,-0.83598,5.34862,-6.14067,2.60000,0.06093,0.00000
244,83.47376,0.01643,Yakından incele · introCarry,False,True,-0.81368,5.34872,-6.14022,2.60000,0.02231,0.00000
245,83.50644,0.03269,Yakından incele · introCarry,False,True,-0.77191,5.34890,-6.13943,2.60000,0.04177,0.00000
246,83.53963,0.03319,Yakından incele · introCarry,False,True,-0.73643,5.34906,-6.13877,2.60000,0.03549,0.00000
247,83.57429,0.03466,Yakından incele · introCarry,False,True,-0.70799,5.34920,-6.13821,2.60000,0.02844,0.00000
248,83.60745,0.03316,Yakından incele · introCarry,False,True,-0.68741,5.34933,-6.13777,2.60000,0.02059,0.00000
249,83.64084,0.03339,Yakından incele · introCarry,False,True,-0.67422,5.34944,-6.13746,2.60000,0.01319,0.00000
250,83.67427,0.03343,Yakından incele · introCarry,False,True,-0.66446,5.34955,-6.13719,2.60000,0.00977,0.00000
251,83.70697,0.03270,Yakından incele · introCarry,False,True,-0.65839,5.34963,-6.13701,2.60000,0.00607,0.00000
252,83.74041,0.03344,Yakından incele · introCarry,False,True,-0.65389,5.34964,-6.13681,2.60000,0.00450,0.00000
253,83.77314,0.03273,Yakından incele · introCarry,False,True,-0.65104,5.34972,-6.13671,2.60000,0.00286,0.00000
254,83.80730,0.03416,Yakından incele · introCarry,False,True,-0.64897,5.34978,-6.13662,2.60000,0.00207,0.00000
255,83.84127,0.03397,Yakından incele · introCarry,False,True,-0.64759,5.34983,-6.13656,2.60000,0.00138,0.00000
256,83.87366,0.03239,Yakından incele · introCarry,False,True,-0.64665,5.34986,-6.13650,2.60000,0.00094,0.00000
257,83.90689,0.03323,Yakından incele · introCarry,False,True,-0.64604,5.34989,-6.13646,2.60000,0.00062,0.00000
258,83.94055,0.03366,Yakından incele · introCarry,False,True,-0.64558,5.34991,-6.13643,2.60000,0.00045,0.00000
259,83.97267,0.03212,Yakından incele · introCarry,False,True,-0.64530,5.34993,-6.13641,2.60000,0.00029,0.00000
260,84.00619,0.03352,Yakından incele · introCarry,False,True,-0.64510,5.34995,-6.13639,2.60000,0.00020,0.00000
261,84.03965,0.03346,Yakından incele · introCarry,False,True,-0.64496,5.35000,-6.13631,2.60000,0.00017,0.00000
262,84.08596,0.04631,Yakından incele · introCarry,False,True,-0.64484,5.35000,-6.13631,2.60000,0.00012,0.00000
263,84.10720,0.02124,Yakından incele · introCarry,False,True,-0.64330,5.35000,-6.13636,2.60000,0.00153,0.00000
264,84.14090,0.03370,Yakından incele · introCarry,False,True,-0.63515,5.35005,-6.13642,2.60000,0.00815,0.00000
265,84.17424,0.03333,Yakından incele · introCarry,False,True,-0.62222,5.35005,-6.13648,2.60000,0.01293,0.00000
266,84.20779,0.03355,Yakından incele · introCarry,False,True,-0.60005,5.35006,-6.13660,2.60000,0.02217,0.00000
267,84.23975,0.03196,Yakından incele · introCarry,False,True,-0.57357,5.35007,-6.13674,2.60000,0.02648,0.00000
268,84.27338,0.03363,Yakından incele · introCarry,False,True,-0.53680,5.35009,-6.13693,2.60000,0.03677,0.00000
269,84.30667,0.03329,Yakından incele · introCarry,False,True,-0.49419,5.35009,-6.13703,2.60000,0.04261,0.00000
270,84.34054,0.03388,Yakından incele · introCarry,False,True,-0.44698,5.35010,-6.13722,2.60000,0.04721,0.00000
271,84.37341,0.03286,Yakından incele · introCarry,False,True,-0.39665,5.35016,-6.13765,2.60000,0.05033,0.00000
272,84.40754,0.03413,Yakından incele · introCarry,False,True,-0.34655,5.35024,-6.13822,2.60000,0.05011,0.00000
273,84.44074,0.03320,Yakından incele · introCarry,False,True,-0.29072,5.35032,-6.13894,2.60000,0.05583,0.00000
274,84.47341,0.03267,Yakından incele · introCarry,False,True,-0.24032,5.35038,-6.13963,2.60000,0.05041,0.00000
275,84.50774,0.03433,Yakından incele · introCarry,False,True,-0.18338,5.35043,-6.14040,2.60000,0.05694,0.00000
276,84.54033,0.03259,Yakından incele · introCarry,False,True,-0.12980,5.35046,-6.14109,2.60000,0.05359,0.00000
277,84.57407,0.03373,Yakından incele · introCarry,False,True,-0.07500,5.35047,-6.14175,2.60000,0.05481,0.00000
278,84.60690,0.03283,Yakından incele · introCarry,False,True,-0.01859,5.35047,-6.14235,2.60000,0.05641,0.00000
279,84.64022,0.03332,Yakından incele · introCarry,False,True,0.03448,5.35044,-6.14282,2.60000,0.05307,0.00000
280,84.67476,0.03454,Yakından incele · introCarry,False,True,0.09313,5.35040,-6.14322,2.60000,0.05865,0.00000
281,84.70774,0.03298,Yakından incele · introCarry,False,True,0.14701,5.35035,-6.14347,2.60000,0.05388,0.00000
282,84.74136,0.03362,Yakından incele · introCarry,False,True,0.20392,5.35028,-6.14359,2.60000,0.05692,0.00000
283,84.77323,0.03186,Yakından incele · introCarry,False,True,0.25806,5.35018,-6.14356,2.60000,0.05414,0.00000
284,84.80639,0.03316,Yakından incele · introCarry,False,True,0.31232,5.35008,-6.14332,2.60000,0.05426,0.00000
285,84.84007,0.03368,Yakından incele · introCarry,False,True,0.36930,5.34996,-6.14285,2.60000,0.05699,0.00000
286,84.87372,0.03366,Yakından incele · introCarry,False,True,0.42266,5.34975,-6.14176,2.60000,0.05337,0.00000
287,84.90848,0.03476,Yakından incele · introCarry,False,True,0.47754,5.34946,-6.14003,2.60000,0.05490,0.00000
288,84.95274,0.04426,Yakından incele · introCarry,False,True,0.52457,5.34921,-6.13815,2.60000,0.04707,0.00000
289,84.98796,0.03521,Yakından incele · introCarry,False,True,0.59050,5.34888,-6.13498,2.60000,0.06601,0.00000
290,85.00811,0.02016,Yakından incele · introCarry,False,True,0.61595,5.34906,-6.13487,2.60000,0.02545,0.00000
291,85.04080,0.03269,Yakından incele · introCarry,False,True,0.65823,5.35000,-6.13820,2.60000,0.04243,0.00000
292,85.07464,0.03383,Yakından incele · introCarry,False,True,0.70217,5.35172,-6.14650,2.60000,0.04474,0.00000
293,85.10710,0.03246,Yakından incele · introCarry,False,True,0.74709,5.35421,-6.16082,2.60000,0.04721,0.00000
294,85.13964,0.03254,Yakından incele · introCarry,False,True,0.78960,5.35686,-6.17879,2.60000,0.04623,0.00000
295,85.17396,0.03432,Yakından incele · introCarry,False,True,0.83512,5.35971,-6.20173,2.60000,0.05106,0.00000
296,85.20689,0.03294,Yakından incele · introCarry,False,True,0.88074,5.36237,-6.22754,2.60000,0.05248,0.00000
297,85.23977,0.03287,Yakından incele · introCarry,False,True,0.92441,5.36463,-6.25424,2.60000,0.05124,0.00000
298,85.27337,0.03360,Yakından incele · introCarry,False,True,0.96983,5.36670,-6.28357,2.60000,0.05411,0.00000
299,85.30683,0.03346,Yakından incele · introCarry,False,True,1.01469,5.36842,-6.31375,2.60000,0.05409,0.00000
300,85.33980,0.03297,Yakından incele · introCarry,False,True,1.05877,5.36975,-6.34442,2.60000,0.05371,0.00000
301,85.37344,0.03364,Yakından incele · introCarry,False,True,1.10037,5.37061,-6.37422,2.60000,0.05119,0.00000
302,85.40715,0.03372,Yakından incele · introCarry,False,True,1.14083,5.37107,-6.40395,2.60000,0.05021,0.00000
303,85.43988,0.03273,Yakından incele · introCarry,False,True,1.17747,5.37110,-6.43154,2.60000,0.04587,0.00000
304,85.47230,0.03241,Yakından incele · introCarry,False,True,1.21076,5.37078,-6.45718,2.60000,0.04201,0.00000
305,85.50589,0.03359,Yakından incele · introCarry,False,True,1.24128,5.37015,-6.48122,2.60000,0.03885,0.00000
306,85.53939,0.03350,Yakından incele · introCarry,False,True,1.26922,5.36924,-6.50373,2.60000,0.03589,0.00000
307,85.57210,0.03271,Yakından incele · introCarry,False,True,1.29261,5.36812,-6.52311,2.60000,0.03040,0.00000
308,85.60939,0.03730,Yakından incele · introDrop,True,True,1.31673,5.35732,-6.53374,2.59574,0.02849,0.00000
309,85.64297,0.03358,Yakından incele · introDrop,True,True,1.33017,5.32518,-6.51122,2.58127,0.04148,0.41684
310,85.67255,0.02958,Yakından incele · introDrop,True,True,1.34698,5.28501,-6.48307,2.56317,0.05185,0.52339
311,85.70566,0.03311,Yakından incele · introDrop,True,True,1.37218,5.22478,-6.44085,2.53604,0.07775,0.78434
312,85.74005,0.03439,Yakından incele · introDrop,True,True,1.40319,5.15063,-6.38889,2.50264,0.09571,0.96428
313,85.77376,0.03371,Yakından incele · introDrop,True,True,1.44133,5.05946,-6.32499,2.46157,0.11768,1.18629
314,85.80669,0.03293,Yakından incele · introDrop,True,True,1.48209,4.96201,-6.25670,2.41768,0.12578,1.26855
315,85.84006,0.03337,Yakından incele · introDrop,True,True,1.52885,4.85023,-6.17836,2.36732,0.14429,1.45479
316,85.87273,0.03267,Yakından incele · introDrop,True,True,1.57892,4.73054,-6.09448,2.31341,0.15449,1.55818
317,85.91679,0.04406,Yakından incele · introDrop,True,True,1.65057,4.55925,-5.97443,2.23625,0.22110,2.23045
318,85.95067,0.03388,Yakından incele · introDrop,True,True,1.70789,4.42222,-5.87840,2.17452,0.17687,1.78394
319,85.98414,0.03346,Yakından incele · introDrop,True,True,1.76880,4.27660,-5.77635,2.10893,0.18796,1.89624
320,86.01730,0.03316,Yakından incele · introDrop,True,True,1.82940,4.13174,-5.67483,2.04367,0.18699,1.88631
321,86.05043,0.03314,Yakından incele · introDrop,True,True,1.89255,3.98076,-5.56902,1.97567,0.19488,1.96596
322,86.08340,0.03297,Yakından incele · introDrop,True,True,1.95549,3.83031,-5.46358,1.90789,0.19421,1.95918
323,86.11697,0.03357,Yakından incele · introDrop,True,True,2.01878,3.67900,-5.35754,1.83973,0.19531,1.97033
324,86.15038,0.03341,Yakından incele · introDrop,True,True,2.08296,3.52558,-5.25002,1.77063,0.19802,1.99755
325,86.18395,0.03357,Yakından incele · introDrop,True,True,2.14480,3.37773,-5.14640,1.70403,0.19084,1.92492
326,86.21693,0.03298,Yakından incele · introDrop,True,True,2.20697,3.22912,-5.04225,1.63708,0.19183,1.93506
327,86.25033,0.03340,Yakından incele · introDrop,True,True,2.26492,3.09056,-4.94515,1.57467,0.17884,1.80401
328,86.28432,0.03399,Yakından incele · introDrop,True,True,2.32326,2.95111,-4.84742,1.51185,0.18001,1.81569
329,86.31749,0.03317,Yakından incele · introDrop,True,True,2.37719,2.82218,-4.75706,1.45378,0.16642,1.67814
330,86.35027,0.03278,Yakından incele · introDrop,True,True,2.42782,2.70114,-4.67223,1.39925,0.15624,1.57516
331,86.38363,0.03336,Yakından incele · introDrop,True,True,2.47410,2.59052,-4.59471,1.34942,0.14279,1.44073
332,86.41801,0.03438,Yakından incele · introDrop,True,True,2.51715,2.48758,-4.52257,1.30306,0.13286,1.33996
333,86.45095,0.03294,Yakından incele · introDrop,True,True,2.55496,2.39720,-4.45923,1.26235,0.11666,1.17568
334,86.48382,0.03287,Yakından incele · introDrop,True,True,2.58628,2.32234,-4.40676,1.22862,0.09663,0.97477
335,86.51755,0.03373,Yakından incele · introDrop,True,True,2.61254,2.25955,-4.36276,1.20034,0.08104,0.81661
336,86.55112,0.03357,Yakından incele · introDrop,True,True,2.63233,2.21224,-4.32960,1.17903,0.06108,0.61421
337,86.58357,0.03245,Yakından incele · introDrop,True,True,2.64478,2.18248,-4.30875,1.16562,0.03841,0.38765
338,86.61691,0.03334,Yakından incele · introDrop,True,True,2.64989,2.17026,-4.30018,1.16012,0.01578,0.00000
339,86.65027,0.03335,Yakından incele · introDrop,False,True,2.65000,2.17000,-4.30000,1.16000,0.00033,0.00000
340,86.68411,0.03384,Yakından incele · introDrop,False,True,2.65000,2.17000,-4.30000,1.16000,0.00000,0.00000
341,86.71757,0.03346,Yakından incele · introDrop,False,True,2.65000,2.17000,-4.30000,1.16000,0.00000,0.00000
342,86.75089,0.03332,Yakından incele · introDrop,False,True,2.65000,2.17000,-4.30000,1.16000,0.00000,0.00000
343,86.78413,0.03325,Yakından incele · introDrop,False,True,2.65000,2.17000,-4.30000,1.16000,0.00000,0.00000
344,86.81718,0.03305,Yakından incele · introDrop,False,True,2.65000,2.17000,-4.30000,1.16000,0.00000,0.00000
345,86.85031,0.03312,Yakından incele · introDrop,False,True,2.65000,2.17000,-4.30000,1.16000,0.00000,0.00000
346,86.88374,0.03344,Yakından incele · introDrop,False,True,2.65000,2.17000,-4.30000,1.16000,0.00000,0.00000
347,86.91736,0.03362,Yakından incele · introDrop,False,True,2.65000,2.17000,-4.30000,1.16000,0.00000,0.00000
348,86.95084,0.03348,Yakından incele · introDrop,False,True,2.65000,2.17000,-4.30000,1.16000,0.00000,0.00000
349,86.98393,0.03308,Yakından incele · introDrop,False,True,2.65000,2.17000,-4.30000,1.16000,0.00000,0.00000
350,87.01797,0.03405,Yakından incele · introDrop,False,True,2.65000,2.17000,-4.30000,1.16000,0.00000,0.00000
351,87.05081,0.03284,Yakından incele · introDrop,False,True,2.65000,2.17000,-4.30000,1.16000,0.00000,0.00000
352,87.08337,0.03256,Yakından incele · introDrop,False,True,2.65000,2.17000,-4.30000,1.16000,0.00000,0.00000
353,87.11658,0.03321,Yakından incele · introDrop,False,True,2.65000,2.17000,-4.30000,1.16000,0.00000,0.00000
354,87.15003,0.03346,Yakından incele · introDrop,False,True,2.65000,2.17000,-4.30000,1.16000,0.00000,0.00000
355,87.18387,0.03383,Yakından incele · introDrop,False,True,2.65000,2.17000,-4.30000,1.16000,0.00000,0.00000
356,87.21804,0.03418,Yakından incele · introDrop,False,True,2.65000,2.17000,-4.30000,1.16000,0.00000,0.00000
357,87.25218,0.03413,Yakından incele · introDrop,False,True,2.65000,2.17000,-4.30000,1.16000,0.00000,0.00000
358,87.28505,0.03287,Yakından incele · introDrop,False,True,2.65000,2.17000,-4.30000,1.16000,0.00000,0.00000
359,87.31766,0.03261,Yakından incele · introDrop,False,True,2.65000,2.17000,-4.30000,1.16000,0.00000,0.00000
360,87.35387,0.03621,Yakından incele · introDrop,False,True,2.65000,2.17000,-4.30000,1.16000,0.00000,0.00000
361,87.38432,0.03045,Yakından incele · introDrop,False,True,2.65000,2.17000,-4.30000,1.16000,0.00000,0.00000
362,87.41769,0.03337,Yakından incele · introDrop,False,True,2.65000,2.17000,-4.30000,1.16000,0.00000,0.00000
363,87.45168,0.03400,Yakından incele · introDrop,False,True,2.65000,2.17000,-4.30000,1.16000,0.00000,0.00000
364,87.48434,0.03266,Yakından incele · introDrop,False,True,2.65000,2.17000,-4.30000,1.16000,0.00000,0.00000
365,87.51816,0.03382,Yakından incele · introDrop,False,True,2.65000,2.17000,-4.30000,1.16000,0.00000,0.00000
366,87.55120,0.03303,Yakından incele · introDrop,False,True,2.65000,2.17000,-4.30000,1.16000,0.00000,0.00000
367,87.58401,0.03282,Yakından incele · introDrop,False,True,2.65000,2.17000,-4.30000,1.16000,0.00000,0.00000
368,87.61792,0.03390,Yakından incele · introDrop,False,True,2.65000,2.17000,-4.30000,1.16000,0.00000,0.00000
369,87.65078,0.03286,Yakından incele · introDrop,False,True,2.65000,2.17000,-4.30000,1.16000,0.00000,0.00000
370,87.68404,0.03326,Yakından incele · introDrop,False,True,2.65000,2.17000,-4.30000,1.16000,0.00000,0.00000
371,87.71681,0.03278,Yakından incele · introDrop,False,True,2.65000,2.17000,-4.30000,1.16000,0.00000,0.00000
372,87.75079,0.03398,Yakından incele · introDrop,False,True,2.65000,2.17000,-4.30000,1.16000,0.00000,0.00000
373,87.78406,0.03327,Yakından incele · introDrop,False,True,2.65000,2.17000,-4.30000,1.16000,0.00000,0.00000
374,87.81717,0.03311,Yakından incele · introDrop,False,True,2.65000,2.17000,-4.30000,1.16000,0.00000,0.00000
375,87.85040,0.03323,Yakından incele · introDrop,False,True,2.65000,2.17000,-4.30000,1.16000,0.00000,0.00000
376,87.88324,0.03284,Yakından incele · introDrop,False,True,2.65000,2.17000,-4.30000,1.16000,0.00000,0.00000
377,87.91707,0.03383,Yakından incele · introDrop,False,True,2.65000,2.17000,-4.30000,1.16000,0.00000,0.00000
378,87.95093,0.03386,Yakından incele · introDrop,False,True,2.65000,2.17000,-4.30000,1.16000,0.00000,0.00000
379,87.98432,0.03338,Yakından incele · introDrop,False,True,2.65000,2.17000,-4.30000,1.16000,0.00000,0.00000
380,88.03419,0.04988,Yakından incele · introDrop,False,True,2.65000,2.17000,-4.30000,1.16000,0.00000,0.00000
381,88.06962,0.03543,Yakından incele · introDrop,False,True,2.65000,2.17000,-4.30000,1.16000,0.00000,0.00000
382,88.08395,0.01432,Yakından incele · introDrop,False,True,2.65000,2.17000,-4.30000,1.16000,0.00000,0.00000
383,88.11803,0.03409,Yakından incele · introDrop,False,True,2.65000,2.17000,-4.30000,1.16000,0.00000,0.00000
384,88.15115,0.03312,Yakından incele · introDrop,False,True,2.65000,2.17000,-4.30000,1.16000,0.00000,0.00000
385,88.18460,0.03345,Yakından incele · introDrop,False,True,2.65000,2.17000,-4.30000,1.16000,0.00000,0.00000
386,88.21764,0.03304,Yakından incele · introDrop,False,True,2.65000,2.17000,-4.30000,1.16000,0.00000,0.00000
387,88.25126,0.03362,Yakından incele · introDrop,False,True,2.65000,2.17000,-4.30000,1.16000,0.00000,0.00000
388,88.28427,0.03301,Yakından incele · introDrop,False,True,2.65000,2.17000,-4.30000,1.16000,0.00000,0.00000
389,88.31710,0.03282,Yakından incele · introDrop,False,True,2.65000,2.17000,-4.30000,1.16000,0.00000,0.00000
390,88.35082,0.03372,Yakından incele · introDrop,False,True,2.65000,2.17000,-4.30000,1.16000,0.00000,0.00000
391,88.38432,0.03350,Yakından incele · introDrop,False,True,2.65000,2.17000,-4.30000,1.16000,0.00000,0.00000
392,88.41776,0.03344,Yakından incele · introDrop,False,True,2.65000,2.17000,-4.30000,1.16000,0.00000,0.00000
393,88.45104,0.03327,Yakından incele · introDrop,False,True,2.65000,2.17000,-4.30000,1.16000,0.00000,0.00000
394,88.48439,0.03335,Yakından incele · introDrop,False,True,2.65000,2.17000,-4.30000,1.16000,0.00000,0.00000
395,88.51748,0.03309,Yakından incele · introDrop,False,True,2.65000,2.17000,-4.30000,1.16000,0.00000,0.00000
396,88.55072,0.03324,Yakından incele · introDrop,False,True,2.65000,2.17000,-4.30000,1.16000,0.00000,0.00000
397,88.58341,0.03269,Yakından incele · introDrop,False,True,2.65000,2.17000,-4.30000,1.16000,0.00000,0.00000
398,88.61738,0.03397,Yakından incele · introDrop,False,True,2.65000,2.17000,-4.30000,1.16000,0.00000,0.00000
399,88.65098,0.03360,Yakından incele · introDrop,False,True,2.65000,2.17000,-4.30000,1.16000,0.00000,0.00000
400,88.68490,0.03392,Yakından incele · introDrop,False,True,2.65000,2.17000,-4.30000,1.16000,0.00000,0.00000
401,88.71793,0.03304,Yakından incele · introDrop,False,True,2.65000,2.17000,-4.30000,1.16000,0.00000,0.00000
402,88.75169,0.03376,Yakından incele · introDrop,False,True,2.65000,2.17000,-4.30000,1.16000,0.00000,0.00000
403,88.78531,0.03361,Yakından incele · introDrop,False,True,2.65000,2.17000,-4.30000,1.16000,0.00000,0.00000
404,88.81795,0.03265,Yakından incele · introDrop,False,True,2.65000,2.17000,-4.30000,1.16000,0.00000,0.00000
405,88.85061,0.03265,Yakından incele · introDrop,False,True,2.65000,2.17000,-4.30000,1.16000,0.00000,0.00000
406,88.88341,0.03280,Yakından incele · introDrop,False,True,2.65000,2.17000,-4.30000,1.16000,0.00000,0.00000
407,88.91760,0.03420,Yakından incele · introDrop,False,True,2.65000,2.17000,-4.30000,1.16000,0.00000,0.00000
408,88.94996,0.03236,Yakından incele · introDrop,False,True,2.65000,2.17000,-4.30000,1.16000,0.00000,0.00000
409,88.98235,0.03239,Yakından incele · introDrop,False,True,2.65000,2.17000,-4.30000,1.16000,0.00000,0.00000
410,89.01567,0.03333,Yakından incele · introDrop,False,True,2.65000,2.17000,-4.30000,1.16000,0.00000,0.00000
411,89.04926,0.03359,Yakından incele · introDrop,False,True,2.65000,2.17000,-4.30000,1.16000,0.00000,0.00000
412,89.08242,0.03316,Yakından incele · introDrop,False,True,2.65000,2.17000,-4.30000,1.16000,0.00000,0.00000
413,89.11569,0.03327,Yakından incele · introDrop,False,True,2.65000,2.17000,-4.30000,1.16000,0.00000,0.00000
414,89.14888,0.03319,Yakından incele · introDrop,False,True,2.65000,2.17000,-4.30000,1.16000,0.00000,0.00000
415,89.18257,0.03369,Yakından incele · introDrop,False,True,2.65000,2.17000,-4.30000,1.16000,0.00000,0.00000
416,89.22629,0.04372,Yakından incele · introDrop,False,True,2.65000,2.17000,-4.30000,1.16000,0.00000,0.00000
417,89.26005,0.03376,Yakından incele · introDrop,False,True,2.65000,2.17000,-4.30000,1.16000,0.00000,0.00000
418,89.29336,0.03332,Yakından incele · introDrop,False,True,2.65000,2.17000,-4.30000,1.16000,0.00000,0.00000
419,89.32643,0.03307,Yakından incele · introDrop,False,True,2.65000,2.17000,-4.30000,1.16000,0.00000,0.00000
420,89.35983,0.03340,Yakından incele · introDrop,False,True,2.65000,2.17000,-4.30000,1.16000,0.00000,0.00000
421,89.39311,0.03328,Yakından incele · introDrop,False,True,2.65000,2.17000,-4.30000,1.16000,0.00000,0.00000
422,89.42550,0.03239,Yakından incele · introDrop,False,True,2.65000,2.17000,-4.30000,1.16000,0.00000,0.00000
423,89.45913,0.03364,Yakından incele · introDrop,False,True,2.65000,2.17000,-4.30000,1.16000,0.00000,0.00000
424,89.49315,0.03402,Yakından incele · introDrop,False,True,2.65000,2.17000,-4.30000,1.16000,0.00000,0.00000
425,89.52653,0.03338,Yakından incele · introDrop,False,True,2.65000,2.17000,-4.30000,1.16000,0.00000,0.00000
426,89.55921,0.03268,Yakından incele · introDrop,False,True,2.65000,2.17000,-4.30000,1.16000,0.00000,0.00000
427,89.59197,0.03276,Yakından incele · introDrop,False,True,2.65000,2.17000,-4.30000,1.16000,0.00000,0.00000
428,89.62538,0.03340,Yakından incele · introDrop,False,True,2.65000,2.17000,-4.30000,1.16000,0.00000,0.00000
429,89.65840,0.03302,Yakından incele · introDrop,False,True,2.65000,2.17000,-4.30000,1.16000,0.00000,0.00000
430,89.69141,0.03301,Yakından incele · introDrop,False,True,2.65000,2.17000,-4.30000,1.16000,0.00000,0.00000
431,89.72512,0.03371,Yakından incele · introDrop,False,True,2.65000,2.17000,-4.30000,1.16000,0.00000,0.00000
432,89.77880,0.05368,Ada ile odada gezin,True,True,2.63419,2.17703,-4.31401,1.16585,0.02226,0.21670
433,89.81086,0.03206,Ada ile odada gezin,True,True,2.54772,2.21546,-4.39059,1.19781,0.12173,1.20786
434,89.83284,0.02198,Ada ile odada gezin,True,True,2.49415,2.23926,-4.43803,1.21762,0.07542,0.74755
435,89.85698,0.02414,Ada ile odada gezin,True,True,2.41866,2.27281,-4.50489,1.24552,0.10627,1.05424
436,89.88986,0.03289,Ada ile odada gezin,True,True,2.29878,2.32608,-4.61106,1.28984,0.16876,1.67440
437,89.92432,0.03446,Ada ile odada gezin,True,True,2.15461,2.39015,-4.73874,1.34313,0.20296,2.01433
438,89.95819,0.03387,Ada ile odada gezin,True,True,1.98567,2.46523,-4.88837,1.40559,0.23783,2.36103
439,89.98978,0.03158,Ada ile odada gezin,True,True,1.80881,2.54383,-5.04501,1.47097,0.24899,2.47181
440,90.02263,0.03285,Ada ile odada gezin,True,True,1.61726,2.62895,-5.21465,1.54178,0.26966,2.67675
441,90.05653,0.03390,Ada ile odada gezin,True,True,1.40468,2.72342,-5.40293,1.62037,0.29927,2.97060
442,90.09064,0.03411,Ada ile odada gezin,True,True,1.18175,2.82249,-5.60036,1.70278,0.31383,3.11492
443,90.12369,0.03305,Ada ile odada gezin,True,True,0.94684,2.92688,-5.80841,1.78962,0.33070,3.28231
444,90.15624,0.03254,Ada ile odada gezin,True,True,0.71198,3.03126,-6.01642,1.87645,0.33064,3.28184
445,90.18959,0.03336,Ada ile odada gezin,True,True,0.46925,3.13912,-6.23139,1.96618,0.34171,3.39186
446,90.22288,0.03328,Ada ile odada gezin,True,True,0.21943,3.25015,-6.45265,2.05853,0.35170,3.49103
447,90.25654,0.03367,Ada ile odada gezin,True,True,-0.02895,3.36052,-6.67262,2.15035,0.34966,3.47057
448,90.29009,0.03354,Ada ile odada gezin,True,True,-0.28166,3.47283,-6.89644,2.24377,0.35576,3.53116
449,90.32307,0.03299,Ada ile odada gezin,True,True,-0.52615,3.58148,-7.11297,2.33415,0.34419,3.41646
450,90.35892,0.03585,Ada ile odada gezin,True,True,-0.77260,3.69100,-7.33125,2.42526,0.34695,3.44408
451,90.39169,0.03276,Ada ile odada gezin,True,True,-1.01710,3.79966,-7.54779,2.51565,0.34421,3.41692
452,90.42467,0.03299,Ada ile odada gezin,True,True,-1.23274,3.89548,-7.73877,2.59536,0.30357,3.01324
453,90.45867,0.03400,Ada ile odada gezin,True,True,-1.45910,3.99608,-7.93924,2.67904,0.31867,3.16305
454,90.49078,0.03212,Ada ile odada gezin,True,True,-1.65678,4.08393,-8.11432,2.75212,0.27829,2.76224
455,90.52389,0.03311,Ada ile odada gezin,True,True,-1.84499,4.16757,-8.28101,2.82170,0.26497,2.63014
456,90.55665,0.03276,Ada ile odada gezin,True,True,-2.01692,4.24398,-8.43328,2.88526,0.24204,2.40244
457,90.59001,0.03336,Ada ile odada gezin,True,True,-2.17022,4.31210,-8.56905,2.94193,0.21581,2.14201
458,90.62354,0.03353,Ada ile odada gezin,True,True,-2.30523,4.37210,-8.68863,2.99184,0.19007,1.88714
459,90.65625,0.03271,Ada ile odada gezin,True,True,-2.41552,4.42111,-8.78631,3.03262,0.15527,1.54100
460,90.69004,0.03379,Ada ile odada gezin,True,True,-2.50177,4.45944,-8.86270,3.06450,0.12142,1.20462
461,90.72367,0.03364,Ada ile odada gezin,True,True,-2.56253,4.48644,-8.91651,3.08696,0.08553,0.84765
462,90.75651,0.03283,Ada ile odada gezin,True,True,-2.59364,4.50027,-8.94406,3.09846,0.04380,0.43160
463,90.78928,0.03277,Ada ile odada gezin,False,True,-2.59780,4.50212,-8.94774,3.10000,0.00586,0.00000
464,90.82930,0.04002,Ada ile odada gezin,False,True,-2.59780,4.50212,-8.94774,3.10000,0.00000,0.00000
465,90.87432,0.04502,Ada ile odada gezin,False,True,-2.60145,4.50189,-8.94328,3.10000,0.00577,0.00000
466,90.88972,0.01541,Ada ile odada gezin,False,True,-2.60341,4.50177,-8.94087,3.10000,0.00311,0.00000
467,90.92273,0.03300,Ada ile odada gezin,False,True,-2.61178,4.50127,-8.93051,3.10000,0.01333,0.00000
468,90.95726,0.03453,Ada ile odada gezin,False,True,-2.62475,4.50057,-8.91443,3.10000,0.02067,0.00000
469,90.99086,0.03361,Ada ile odada gezin,False,True,-2.64311,4.49966,-8.89165,3.10000,0.02927,0.00000
470,91.02343,0.03257,Ada ile odada gezin,False,True,-2.66415,4.49873,-8.86543,3.10000,0.03363,0.00000
471,91.05673,0.03330,Ada ile odada gezin,False,True,-2.68862,4.49777,-8.83482,3.10000,0.03919,0.00000
472,91.09029,0.03356,Ada ile odada gezin,False,True,-2.71540,4.49686,-8.80114,3.10000,0.04304,0.00000
473,91.12295,0.03265,Ada ile odada gezin,False,True,-2.74244,4.49607,-8.76693,3.10000,0.04361,0.00000
474,91.15656,0.03362,Ada ile odada gezin,False,True,-2.77107,4.49542,-8.73107,3.10000,0.04589,0.00000
475,91.19071,0.03415,Ada ile odada gezin,False,True,-2.79978,4.49491,-8.69505,3.10000,0.04606,0.00000
476,91.22426,0.03355,Ada ile odada gezin,False,True,-2.82902,4.49450,-8.65826,3.10000,0.04700,0.00000
477,91.25731,0.03305,Ada ile odada gezin,False,True,-2.85638,4.49424,-8.62390,3.10000,0.04392,0.00000
478,91.29065,0.03334,Ada ile odada gezin,False,True,-2.88427,4.49406,-8.58887,3.10000,0.04478,0.00000
479,91.32429,0.03364,Ada ile odada gezin,False,True,-2.91101,4.49396,-8.55518,3.10000,0.04301,0.00000
480,91.35721,0.03292,Ada ile odada gezin,False,True,-2.93800,4.49390,-8.52104,3.10000,0.04352,0.00000
481,91.39002,0.03280,Ada ile odada gezin,False,True,-2.96292,4.49393,-8.48960,3.10000,0.04012,0.00000
482,91.42311,0.03309,Ada ile odada gezin,False,True,-2.98734,4.49403,-8.45876,3.10000,0.03934,0.00000
483,91.45688,0.03377,Ada ile odada gezin,False,True,-3.01069,4.49420,-8.42945,3.10000,0.03748,0.00000
484,91.49091,0.03403,Ada ile odada gezin,False,True,-3.03384,4.49432,-8.39995,3.10000,0.03750,0.00000
485,91.52411,0.03320,Ada ile odada gezin,False,True,-3.05801,4.49423,-8.36832,3.10000,0.03980,0.00000
486,91.55656,0.03245,Ada ile odada gezin,False,True,-3.08323,4.49392,-8.33446,3.10000,0.04223,0.00000
487,91.59080,0.03424,Ada ile odada gezin,False,True,-3.11034,4.49341,-8.29686,3.10000,0.04636,0.00000
488,91.62421,0.03341,Ada ile odada gezin,False,True,-3.13885,4.49287,-8.25698,3.10000,0.04902,0.00000
489,91.65705,0.03284,Ada ile odada gezin,False,True,-3.16769,4.49234,-8.21630,3.10000,0.04987,0.00000
490,91.68983,0.03278,Ada ile odada gezin,False,True,-3.19736,4.49185,-8.17435,3.10000,0.05138,0.00000
491,91.72317,0.03334,Ada ile odada gezin,False,True,-3.22713,4.49133,-8.13123,3.10000,0.05240,0.00000
492,91.75710,0.03393,Ada ile odada gezin,False,True,-3.25669,4.49074,-8.08659,3.10000,0.05354,0.00000
493,91.79197,0.03487,Ada ile odada gezin,False,True,-3.28588,4.49002,-8.03987,3.10000,0.05509,0.00000
494,91.82639,0.03442,Ada ile odada gezin,False,True,-3.31507,4.48925,-7.99094,3.10000,0.05698,0.00000
495,91.85779,0.03141,Ada ile odada gezin,False,True,-3.34274,4.48855,-7.94304,3.10000,0.05533,0.00000
496,91.88964,0.03185,Ada ile odada gezin,False,True,-3.36853,4.48797,-7.89742,3.10000,0.05241,0.00000
497,91.92334,0.03369,Ada ile odada gezin,False,True,-3.39603,4.48739,-7.84800,3.10000,0.05656,0.00000
498,91.95661,0.03327,Ada ile odada gezin,False,True,-3.42324,4.48689,-7.79854,3.10000,0.05645,0.00000
499,91.99026,0.03365,Ada ile odada gezin,False,True,-3.45012,4.48648,-7.74927,3.10000,0.05613,0.00000
500,92.02478,0.03452,Ada ile odada gezin,False,True,-3.47730,4.48613,-7.69915,3.10000,0.05701,0.00000
501,92.05813,0.03334,Ada ile odada gezin,False,True,-3.50521,4.48582,-7.64747,3.10000,0.05874,0.00000
502,92.09106,0.03293,Ada ile odada gezin,False,True,-3.53120,4.48562,-7.59916,3.10000,0.05486,0.00000
503,92.12423,0.03317,Ada ile odada gezin,False,True,-3.55787,4.48543,-7.54950,3.10000,0.05638,0.00000
504,92.15728,0.03305,Ada ile odada gezin,False,True,-3.58452,4.48528,-7.49979,3.10000,0.05640,0.00000
505,92.19067,0.03338,Ada ile odada gezin,False,True,-3.61163,4.48514,-7.44916,3.10000,0.05743,0.00000
506,92.22287,0.03220,Ada ile odada gezin,False,True,-3.63755,4.48506,-7.40069,3.10000,0.05497,0.00000
507,92.25694,0.03407,Ada ile odada gezin,False,True,-3.66406,4.48498,-7.35109,3.10000,0.05625,0.00000
508,92.29024,0.03330,Ada ile odada gezin,False,True,-3.69161,4.48490,-7.29955,3.10000,0.05844,0.00000
509,92.32315,0.03291,Ada ile odada gezin,False,True,-3.71749,4.48486,-7.25106,3.10000,0.05496,0.00000
510,92.35708,0.03392,Ada ile odada gezin,False,True,-3.74468,4.48481,-7.20015,3.10000,0.05771,0.00000
511,92.39028,0.03320,Ada ile odada gezin,False,True,-3.77117,4.48478,-7.15050,3.10000,0.05628,0.00000
512,92.42375,0.03347,Ada ile odada gezin,False,True,-3.79813,4.48475,-7.10000,3.10000,0.05724,0.00000
513,92.45708,0.03333,Ada ile odada gezin,False,True,-3.82457,4.48474,-7.05044,3.10000,0.05617,0.00000
514,92.49098,0.03390,Ada ile odada gezin,False,True,-3.85180,4.48471,-6.99941,3.10000,0.05784,0.00000
515,92.53296,0.04198,Ada ile odada gezin,False,True,-3.88662,4.48457,-6.93427,3.10000,0.07387,0.00000
516,92.56660,0.03364,Ada ile odada gezin,False,True,-3.91289,4.48464,-6.88495,3.10000,0.05588,0.00000
517,92.60040,0.03380,Ada ile odada gezin,False,True,-3.93934,4.48468,-6.83531,3.10000,0.05624,0.00000
518,92.63362,0.03323,Ada ile odada gezin,False,True,-3.96634,4.48469,-6.78466,3.10000,0.05740,0.00000
519,92.66660,0.03298,Ada ile odada gezin,False,True,-3.99201,4.48472,-6.73650,3.10000,0.05457,0.00000
520,92.70098,0.03438,Ada ile odada gezin,False,True,-4.01933,4.48470,-6.68529,3.10000,0.05804,0.00000
521,92.73354,0.03256,Ada ile odada gezin,False,True,-4.04601,4.48470,-6.63527,3.10000,0.05668,0.00000
522,92.76617,0.03262,Ada ile odada gezin,False,True,-4.07187,4.48471,-6.58677,3.10000,0.05496,0.00000
523,92.79952,0.03336,Ada ile odada gezin,False,True,-4.09889,4.48469,-6.53612,3.10000,0.05741,0.00000
524,92.83294,0.03341,Ada ile odada gezin,False,True,-4.12496,4.48470,-6.48723,3.10000,0.05541,0.00000
525,92.86627,0.03333,Ada ile odada gezin,False,True,-4.15231,4.48469,-6.43610,3.10000,0.05798,0.00000
526,92.89949,0.03323,Ada ile odada gezin,False,True,-4.17828,4.48472,-6.38759,3.10000,0.05502,0.00000
527,92.93330,0.03380,Ada ile odada gezin,False,True,-4.20567,4.48472,-6.33650,3.10000,0.05798,0.00000
528,92.96666,0.03336,Ada ile odada gezin,False,True,-4.23206,4.48475,-6.28730,3.10000,0.05582,0.00000
529,92.99996,0.03331,Ada ile odada gezin,False,True,-4.25896,4.48476,-6.23715,3.10000,0.05692,0.00000
530,93.03331,0.03334,Ada ile odada gezin,False,True,-4.28535,4.48476,-6.18783,3.10000,0.05593,0.00000
531,93.06634,0.03303,Ada ile odada gezin,False,True,-4.31254,4.48475,-6.13704,3.10000,0.05761,0.00000
532,93.09969,0.03335,Ada ile odada gezin,False,True,-4.33816,4.48478,-6.08916,3.10000,0.05431,0.00000
533,93.13358,0.03389,Ada ile odada gezin,False,True,-4.36587,4.48476,-6.03744,3.10000,0.05868,0.00000
534,93.16644,0.03286,Ada ile odada gezin,False,True,-4.39208,4.48477,-5.98844,3.10000,0.05557,0.00000
535,93.19912,0.03268,Ada ile odada gezin,False,True,-4.41842,4.48478,-5.93918,3.10000,0.05586,0.00000
536,93.23238,0.03326,Ada ile odada gezin,False,True,-4.44465,4.48476,-5.88995,3.10000,0.05578,0.00000
537,93.26598,0.03360,Ada ile odada gezin,False,True,-4.47159,4.48473,-5.83927,3.10000,0.05740,0.00000
538,93.29906,0.03308,Ada ile odada gezin,False,True,-4.49791,4.48472,-5.78974,3.10000,0.05609,0.00000
539,93.33237,0.03331,Ada ile odada gezin,False,True,-4.52434,4.48469,-5.73989,3.10000,0.05642,0.00000
540,93.36671,0.03434,Ada ile odada gezin,False,True,-4.55087,4.48467,-5.68981,3.10000,0.05667,0.00000
541,93.40110,0.03439,Ada ile odada gezin,False,True,-4.57826,4.48462,-5.63786,3.10000,0.05874,0.00000
542,93.43355,0.03245,Ada ile odada gezin,False,True,-4.60158,4.48431,-5.58778,3.10000,0.05524,0.00000
543,93.46688,0.03333,Ada ile odada gezin,False,True,-4.62013,4.48361,-5.53767,3.10000,0.05344,0.00000
544,93.50004,0.03316,Ada ile odada gezin,False,True,-4.63401,4.48259,-5.48609,3.10000,0.05342,0.00000
545,93.53325,0.03321,Ada ile odada gezin,False,True,-4.64323,4.48155,-5.43674,3.10000,0.05021,0.00000
546,93.56669,0.03344,Ada ile odada gezin,False,True,-4.64996,4.48051,-5.38534,3.10000,0.05185,0.00000
547,93.59975,0.03306,Ada ile odada gezin,False,True,-4.65364,4.47972,-5.33891,3.10000,0.04658,0.00000
548,93.63335,0.03360,Ada ile odada gezin,False,True,-4.65631,4.47904,-5.28966,3.10000,0.04933,0.00000
549,93.66606,0.03271,Ada ile odada gezin,False,True,-4.65771,4.47867,-5.24504,3.10000,0.04465,0.00000
550,93.69985,0.03379,Ada ile odada gezin,False,True,-4.65833,4.47842,-5.19964,3.10000,0.04541,0.00000
551,93.73330,0.03345,Ada ile odada gezin,False,True,-4.65803,4.47834,-5.15615,3.10000,0.04349,0.00000
552,93.76673,0.03343,Ada ile odada gezin,False,True,-4.65743,4.47841,-5.11375,3.10000,0.04240,0.00000
553,93.80007,0.03334,Ada ile odada gezin,False,True,-4.65688,4.47862,-5.07295,3.10000,0.04081,0.00000
554,93.83382,0.03375,Ada ile odada gezin,False,True,-4.65618,4.47894,-5.03279,3.10000,0.04016,0.00000
555,93.86659,0.03277,Ada ile odada gezin,False,True,-4.65503,4.47931,-4.99497,3.10000,0.03784,0.00000
556,93.89995,0.03336,Ada ile odada gezin,False,True,-4.65406,4.47977,-4.95846,3.10000,0.03652,0.00000
557,93.93422,0.03426,Ada ile odada gezin,False,True,-4.65311,4.48028,-4.92143,3.10000,0.03705,0.00000
558,93.96639,0.03218,Ada ile odada gezin,False,True,-4.65180,4.48079,-4.88714,3.10000,0.03432,0.00000
559,93.99933,0.03294,Ada ile odada gezin,False,True,-4.65028,4.48132,-4.85495,3.10000,0.03223,0.00000
560,94.03305,0.03372,Ada ile odada gezin,False,True,-4.64886,4.48188,-4.82185,3.10000,0.03313,0.00000
561,94.06658,0.03353,Ada ile odada gezin,False,True,-4.64750,4.48248,-4.79100,3.10000,0.03088,0.00000
562,94.09997,0.03340,Ada ile odada gezin,False,True,-4.64610,4.48306,-4.76067,3.10000,0.03037,0.00000
563,94.13251,0.03254,Ada ile odada gezin,False,True,-4.64404,4.48358,-4.73231,3.10000,0.02844,0.00000
564,94.16647,0.03396,Ada ile odada gezin,False,True,-4.64211,4.48413,-4.70449,3.10000,0.02789,0.00000
565,94.20003,0.03356,Ada ile odada gezin,False,True,-4.63993,4.48467,-4.67699,3.10000,0.02759,0.00000
566,94.23274,0.03271,Ada ile odada gezin,False,True,-4.63801,4.48521,-4.65153,3.10000,0.02554,0.00000
567,94.26697,0.03423,Ada ile odada gezin,False,True,-4.63631,4.48577,-4.62651,3.10000,0.02508,0.00000
568,94.30046,0.03350,Ada ile odada gezin,False,True,-4.63408,4.48627,-4.60091,3.10000,0.02570,0.00000
569,94.33181,0.03135,Ada ile odada gezin,False,True,-4.63201,4.48674,-4.57930,3.10000,0.02172,0.00000
570,94.36565,0.03384,Ada ile odada gezin,False,True,-4.62928,4.48717,-4.55641,3.10000,0.02305,0.00000
571,94.39952,0.03387,Ada ile odada gezin,False,True,-4.62618,4.48755,-4.53441,3.10000,0.02222,0.00000
572,94.43334,0.03382,Ada ile odada gezin,False,True,-4.62334,4.48797,-4.51286,3.10000,0.02174,0.00000
573,94.46645,0.03311,Ada ile odada gezin,False,True,-4.62003,4.48834,-4.49240,3.10000,0.02073,0.00000
574,94.49992,0.03347,Ada ile odada gezin,False,True,-4.61668,4.48871,-4.47295,3.10000,0.01974,0.00000
575,94.53394,0.03402,Ada ile odada gezin,False,True,-4.61306,4.48906,-4.45338,3.10000,0.01991,0.00000
576,94.56675,0.03281,Ada ile odada gezin,False,True,-4.60888,4.48937,-4.43497,3.10000,0.01887,0.00000
577,94.60015,0.03340,Ada ile odada gezin,False,True,-4.60193,4.48945,-4.41783,3.10000,0.01850,0.00000
578,94.63394,0.03379,Ada ile odada gezin,False,True,-4.59102,4.48928,-4.40026,3.10000,0.02068,0.00000
579,94.66657,0.03264,Ada ile odada gezin,False,True,-4.57828,4.48904,-4.38431,3.10000,0.02041,0.00000
580,94.69995,0.03337,Ada ile odada gezin,False,True,-4.56429,4.48878,-4.36809,3.10000,0.02142,0.00000
581,94.73268,0.03273,Ada ile odada gezin,False,True,-4.54970,4.48850,-4.35202,3.10000,0.02171,0.00000
582,94.76644,0.03376,Ada ile odada gezin,False,True,-4.53355,4.48804,-4.33487,3.10000,0.02356,0.00000
583,94.79994,0.03351,Ada ile odada gezin,False,True,-4.51403,4.48712,-4.31474,3.10000,0.02805,0.00000
584,94.83282,0.03288,Ada ile odada gezin,False,True,-4.49233,4.48581,-4.29275,3.10000,0.03093,0.00000
585,94.86678,0.03396,Ada ile odada gezin,False,True,-4.46359,4.48414,-4.26907,3.10000,0.03727,0.00000
586,94.89970,0.03293,Ada ile odada gezin,False,True,-4.42987,4.48264,-4.24778,3.10000,0.03991,0.00000
587,94.93344,0.03374,Ada ile odada gezin,False,True,-4.39074,4.48142,-4.22996,3.10000,0.04302,0.00000
588,94.96682,0.03338,Ada ile odada gezin,False,True,-4.34474,4.48052,-4.21609,3.10000,0.04805,0.00000
589,94.99934,0.03252,Ada ile odada gezin,False,True,-4.29733,4.47994,-4.20572,3.10000,0.04853,0.00000
590,95.03311,0.03377,Ada ile odada gezin,False,True,-4.24638,4.47951,-4.19717,3.10000,0.05167,0.00000
591,95.06644,0.03333,Ada ile odada gezin,False,True,-4.19252,4.47918,-4.18988,3.10000,0.05435,0.00000
592,95.10047,0.03403,Ada ile odada gezin,False,True,-4.13936,4.47897,-4.18374,3.10000,0.05351,0.00000
593,95.13508,0.03461,Ada ile odada gezin,False,True,-4.08126,4.47877,-4.17786,3.10000,0.05840,0.00000
594,95.16706,0.03197,Ada ile odada gezin,False,True,-4.02821,4.47870,-4.17292,3.10000,0.05328,0.00000
595,95.20030,0.03324,Ada ile odada gezin,False,True,-3.97243,4.47861,-4.16807,3.10000,0.05599,0.00000
596,95.23362,0.03332,Ada ile odada gezin,False,True,-3.91685,4.47856,-4.16346,3.10000,0.05577,0.00000
597,95.26653,0.03291,Ada ile odada gezin,False,True,-3.86068,4.47851,-4.15895,3.10000,0.05635,0.00000
598,95.29912,0.03259,Ada ile odada gezin,False,True,-3.80529,4.47848,-4.15460,3.10000,0.05556,0.00000
599,95.33345,0.03433,Ada ile odada gezin,False,True,-3.74964,4.47846,-4.15030,3.10000,0.05582,0.00000
600,95.36710,0.03365,Ada ile odada gezin,False,True,-3.68989,4.47840,-4.14575,3.10000,0.05993,0.00000
601,95.39864,0.03154,Ada ile odada gezin,False,True,-3.63700,4.47843,-4.14172,3.10000,0.05304,0.00000
602,95.43266,0.03402,Ada ile odada gezin,False,True,-3.58018,4.47841,-4.13744,3.10000,0.05697,0.00000
603,95.46603,0.03337,Ada ile odada gezin,False,True,-3.52258,4.47839,-4.13312,3.10000,0.05777,0.00000
604,95.49900,0.03296,Ada ile odada gezin,False,True,-3.46740,4.47840,-4.12897,3.10000,0.05533,0.00000
605,95.53292,0.03392,Ada ile odada gezin,False,True,-3.41006,4.47838,-4.12468,3.10000,0.05750,0.00000
606,95.56594,0.03302,Ada ile odada gezin,False,True,-3.35338,4.47838,-4.12044,3.10000,0.05684,0.00000
607,95.59913,0.03319,Ada ile odada gezin,False,True,-3.29776,4.47839,-4.11628,3.10000,0.05578,0.00000
608,95.63273,0.03360,Ada ile odada gezin,False,True,-3.23990,4.47837,-4.11197,3.10000,0.05802,0.00000
609,95.66617,0.03345,Ada ile odada gezin,False,True,-3.18440,4.47838,-4.10781,3.10000,0.05565,0.00000
610,95.69976,0.03359,Ada ile odada gezin,False,True,-3.12698,4.47837,-4.10353,3.10000,0.05758,0.00000
611,95.73304,0.03328,Ada ile odada gezin,False,True,-3.07111,4.47838,-4.09935,3.10000,0.05603,0.00000
612,95.76714,0.03410,Ada ile odada gezin,False,True,-3.01385,4.47837,-4.09508,3.10000,0.05742,0.00000
613,95.79982,0.03268,Ada ile odada gezin,False,True,-2.95655,4.47836,-4.09081,3.10000,0.05747,0.00000
614,95.84180,0.04198,Ada ile odada gezin,False,True,-2.88382,4.47820,-4.08545,3.10000,0.07292,0.00000
615,95.87515,0.03335,Ada ile odada gezin,False,True,-2.82756,4.47830,-4.08121,3.10000,0.05642,0.00000
616,95.90857,0.03341,Ada ile odada gezin,False,True,-2.77173,4.47836,-4.07701,3.10000,0.05599,0.00000
617,95.94220,0.03363,Ada ile odada gezin,False,True,-2.71555,4.47840,-4.07280,3.10000,0.05634,0.00000
618,95.97524,0.03304,Ada ile odada gezin,False,True,-2.65867,4.47841,-4.06855,3.10000,0.05704,0.00000
619,96.00833,0.03309,Ada ile odada gezin,False,True,-2.60345,4.47843,-4.06442,3.10000,0.05538,0.00000
620,96.04185,0.03352,Ada ile odada gezin,False,True,-2.54629,4.47842,-4.06016,3.10000,0.05732,0.00000
621,96.07532,0.03347,Ada ile odada gezin,False,True,-2.49047,4.47842,-4.05599,3.10000,0.05597,0.00000
622,96.10964,0.03432,Ada ile odada gezin,False,True,-2.43285,4.47840,-4.05170,3.10000,0.05778,0.00000
623,96.14298,0.03334,Ada ile odada gezin,False,True,-2.37571,4.47839,-4.04744,3.10000,0.05729,0.00000
624,96.17583,0.03285,Ada ile odada gezin,False,True,-2.31959,4.47840,-4.04325,3.10000,0.05628,0.00000
625,96.20874,0.03291,Ada ile odada gezin,False,True,-2.26417,4.47841,-4.03911,3.10000,0.05557,0.00000
626,96.24209,0.03335,Ada ile odada gezin,False,True,-2.20756,4.47840,-4.03488,3.10000,0.05677,0.00000
627,96.27602,0.03393,Ada ile odada gezin,False,True,-2.15100,4.47839,-4.03067,3.10000,0.05672,0.00000
628,96.30996,0.03394,Ada ile odada gezin,False,True,-2.09344,4.47838,-4.02637,3.10000,0.05772,0.00000
629,96.34303,0.03307,Ada ile odada gezin,False,True,-2.03678,4.47838,-4.02215,3.10000,0.05682,0.00000
630,96.37545,0.03242,Ada ile odada gezin,False,True,-1.98117,4.47839,-4.01799,3.10000,0.05577,0.00000
631,96.40878,0.03333,Ada ile odada gezin,False,True,-1.92551,4.47839,-4.01383,3.10000,0.05581,0.00000
632,96.44260,0.03382,Ada ile odada gezin,False,True,-1.86798,4.47837,-4.00955,3.10000,0.05769,0.00000
633,96.47604,0.03343,Ada ile odada gezin,False,True,-1.81161,4.47837,-4.00534,3.10000,0.05653,0.00000
634,96.50986,0.03383,Ada ile odada gezin,False,True,-1.75454,4.47837,-4.00108,3.10000,0.05722,0.00000
635,96.54283,0.03297,Ada ile odada gezin,False,True,-1.69794,4.47837,-3.99686,3.10000,0.05676,0.00000
636,96.59372,0.05089,Yakından incele · map,True,True,-1.62761,4.47479,-3.97606,3.09350,0.07343,0.19782
637,96.62868,0.03496,Yakından incele · map,True,True,-1.54301,4.45500,-3.88669,3.05866,0.12464,1.08425
638,96.64503,0.01634,Yakından incele · map,True,True,-1.50156,4.44530,-3.84290,3.04159,0.06107,0.52786
639,96.67727,0.03224,Yakından incele · map,True,True,-1.39718,4.42087,-3.73263,2.99860,0.15379,1.33938
640,96.70802,0.03075,Yakından incele · map,True,True,-1.27658,4.39265,-3.60522,2.94893,0.17769,1.54810
641,96.74148,0.03346,Yakından incele · map,True,True,-1.13037,4.35843,-3.45076,2.88872,0.21542,1.87632
642,96.77531,0.03383,Yakından incele · map,True,True,-0.95688,4.31784,-3.26748,2.81727,0.25561,2.22623
643,96.80988,0.03457,Yakından incele · map,True,True,-0.76880,4.27382,-3.06878,2.73981,0.27712,2.41414
644,96.84415,0.03428,Yakından incele · map,True,True,-0.55614,4.22406,-2.84412,2.65224,0.31332,2.72974
645,96.87591,0.03175,Yakından incele · map,True,True,-0.33925,4.17331,-2.61499,2.56291,0.31956,2.78425
646,96.90791,0.03201,Yakından incele · map,True,True,-0.11677,4.12124,-2.37996,2.47129,0.32779,2.85614
647,96.94163,0.03371,Yakından incele · map,True,True,0.12358,4.06500,-2.12604,2.37231,0.35413,3.08538
648,96.97530,0.03367,Yakından incele · map,True,True,0.37614,4.00590,-1.85922,2.26829,0.37213,3.24224
649,97.00811,0.03281,Yakından incele · map,True,True,0.63017,3.94645,-1.59086,2.16368,0.37427,3.26078
650,97.04134,0.03323,Yakından incele · map,True,True,0.88470,3.88689,-1.32197,2.05885,0.37502,3.26701
651,97.07447,0.03313,Yakından incele · map,True,True,1.14728,3.82544,-1.04456,1.95071,0.38689,3.37079
652,97.10809,0.03361,Yakından incele · map,True,True,1.40242,3.76574,-0.77503,1.84564,0.37590,3.27515
653,97.14220,0.03412,Yakından incele · map,True,True,1.66726,3.70376,-0.49524,1.73657,0.39021,3.39947
654,97.17444,0.03223,Yakından incele · map,True,True,1.91670,3.64539,-0.23171,1.63384,0.36753,3.20167
655,97.20821,0.03378,Yakından incele · map,True,True,2.15943,3.58859,0.02471,1.53388,0.35763,3.11542
656,97.24204,0.03383,Yakından incele · map,True,True,2.39905,3.53252,0.27785,1.43520,0.35304,3.07598
657,97.27606,0.03402,Yakından incele · map,True,True,2.62627,3.47935,0.51789,1.34162,0.33478,2.91688
658,97.30961,0.03356,Yakından incele · map,True,True,2.84069,3.42917,0.74442,1.25331,0.31593,2.75259
659,97.34274,0.03313,Yakından incele · map,True,True,3.03759,3.38309,0.95244,1.17222,0.29011,2.52755
660,97.37584,0.03310,Yakından incele · map,True,True,3.21613,3.34131,1.14105,1.09869,0.26305,2.29172
661,97.40931,0.03346,Yakından incele · map,True,True,3.37685,3.30370,1.31084,1.03250,0.23680,2.06271
662,97.44221,0.03290,Yakından incele · map,True,True,3.51650,3.27102,1.45837,0.97499,0.20576,1.79226
663,97.47522,0.03301,Yakından incele · map,True,True,3.63028,3.24440,1.57858,0.92813,0.16764,1.45962
664,97.51101,0.03579,Yakından incele · map,True,True,3.72081,3.22321,1.67421,0.89085,0.13338,1.16094
665,97.54407,0.03306,Yakından incele · map,True,True,3.78643,3.20786,1.74353,0.86383,0.09668,0.84116
666,97.57497,0.03090,Yakından incele · map,True,True,3.81545,3.20107,1.77419,0.85187,0.04276,0.37325
667,97.60893,0.03397,Yakından incele · map,False,True,3.82000,3.20000,1.77900,0.85000,0.00670,0.00000
668,97.64652,0.03758,Yakından incele · map,False,True,3.82000,3.20000,1.77900,0.85000,0.00000,0.00000
669,97.67816,0.03164,Yakından incele · map,False,True,3.82000,3.20000,1.77900,0.85000,0.00000,0.00000
670,97.71136,0.03320,Yakından incele · map,False,True,3.82000,3.20000,1.77900,0.85000,0.00000,0.00000
671,97.74477,0.03341,Yakından incele · map,False,True,3.82000,3.20000,1.77900,0.85000,0.00000,0.00000
672,97.77683,0.03206,Yakından incele · map,False,True,3.82000,3.20000,1.77900,0.85000,0.00000,0.00000
673,97.80964,0.03280,Yakından incele · map,False,True,3.82000,3.20000,1.77900,0.85000,0.00000,0.00000
674,97.84723,0.03759,Yakından incele · map,False,True,3.82000,3.20000,1.77900,0.85000,0.00000,0.00000
675,97.88959,0.04236,Yakından incele · map,False,True,3.82000,3.20000,1.77900,0.85000,0.00000,0.00000
676,97.92151,0.03192,Yakından incele · map,False,True,3.82000,3.20000,1.77900,0.85000,0.00000,0.00000
677,97.96726,0.04575,Yakından incele · map,False,True,3.82000,3.20000,1.77900,0.85000,0.00000,0.00000
678,97.98290,0.01565,Yakından incele · map,False,True,3.82000,3.20000,1.77900,0.85000,0.00000,0.00000
679,98.01353,0.03062,Yakından incele · map,False,True,3.82000,3.20000,1.77900,0.85000,0.00000,0.00000
680,98.04399,0.03046,Yakından incele · map,False,True,3.82000,3.20000,1.77900,0.85000,0.00000,0.00000
681,98.07771,0.03372,Yakından incele · map,False,True,3.82000,3.20000,1.77900,0.85000,0.00000,0.00000
682,98.10973,0.03202,Yakından incele · map,False,True,3.82000,3.20000,1.77900,0.85000,0.00000,0.00000
683,98.14328,0.03355,Yakından incele · map,False,True,3.82000,3.20000,1.77900,0.85000,0.00000,0.00000
684,98.17729,0.03402,Yakından incele · map,False,True,3.82000,3.20000,1.77900,0.85000,0.00000,0.00000
685,98.21073,0.03343,Yakından incele · map,False,True,3.82000,3.20000,1.77900,0.85000,0.00000,0.00000
686,98.24411,0.03339,Yakından incele · map,False,True,3.82000,3.20000,1.77900,0.85000,0.00000,0.00000
687,98.27550,0.03139,Yakından incele · map,False,True,3.82000,3.20000,1.77900,0.85000,0.00000,0.00000
688,98.31098,0.03548,Yakından incele · map,False,True,3.82000,3.20000,1.77900,0.85000,0.00000,0.00000
689,98.34193,0.03096,Yakından incele · map,False,True,3.82000,3.20000,1.77900,0.85000,0.00000,0.00000
690,98.37556,0.03363,Yakından incele · map,False,True,3.82000,3.20000,1.77900,0.85000,0.00000,0.00000
691,98.40955,0.03398,Yakından incele · map,False,True,3.82000,3.20000,1.77900,0.85000,0.00000,0.00000
692,98.44220,0.03265,Yakından incele · map,False,True,3.82000,3.20000,1.77900,0.85000,0.00000,0.00000
693,98.47520,0.03300,Yakından incele · map,False,True,3.82000,3.20000,1.77900,0.85000,0.00000,0.00000
694,98.50969,0.03449,Yakından incele · map,False,True,3.82000,3.20000,1.77900,0.85000,0.00000,0.00000
695,98.54417,0.03448,Yakından incele · map,False,True,3.82000,3.20000,1.77900,0.85000,0.00000,0.00000
696,98.57723,0.03306,Yakından incele · map,False,True,3.82000,3.20000,1.77900,0.85000,0.00000,0.00000
697,98.61087,0.03365,Yakından incele · map,False,True,3.82000,3.20000,1.77900,0.85000,0.00000,0.00000
698,98.64351,0.03264,Yakından incele · map,False,True,3.82000,3.20000,1.77900,0.85000,0.00000,0.00000
699,98.67805,0.03454,Yakından incele · map,False,True,3.82000,3.20000,1.77900,0.85000,0.00000,0.00000
700,98.71106,0.03300,Yakından incele · map,False,True,3.82000,3.20000,1.77900,0.85000,0.00000,0.00000
701,98.74514,0.03408,Yakından incele · map,False,True,3.82000,3.20000,1.77900,0.85000,0.00000,0.00000
702,98.77914,0.03400,Yakından incele · map,False,True,3.82000,3.20000,1.77900,0.85000,0.00000,0.00000
703,98.81046,0.03131,Yakından incele · map,False,True,3.82000,3.20000,1.77900,0.85000,0.00000,0.00000
704,98.84290,0.03245,Yakından incele · map,False,True,3.82000,3.20000,1.77900,0.85000,0.00000,0.00000
705,98.87592,0.03302,Yakından incele · map,False,True,3.82000,3.20000,1.77900,0.85000,0.00000,0.00000
706,98.90985,0.03393,Yakından incele · map,False,True,3.82000,3.20000,1.77900,0.85000,0.00000,0.00000
707,98.94257,0.03272,Yakından incele · map,False,True,3.82000,3.20000,1.77900,0.85000,0.00000,0.00000
708,98.97904,0.03647,Yakından incele · map,False,True,3.82000,3.20000,1.77900,0.85000,0.00000,0.00000
709,99.01053,0.03149,Yakından incele · map,False,True,3.82000,3.20000,1.77900,0.85000,0.00000,0.00000
710,99.04330,0.03277,Yakından incele · map,False,True,3.82000,3.20000,1.77900,0.85000,0.00000,0.00000
711,99.07574,0.03245,Yakından incele · map,False,True,3.82000,3.20000,1.77900,0.85000,0.00000,0.00000
712,99.11322,0.03748,Yakından incele · map,False,True,3.82000,3.20000,1.77900,0.85000,0.00000,0.00000
713,99.15934,0.04612,Yakından incele · map,False,True,3.82000,3.20000,1.77900,0.85000,0.00000,0.00000
714,99.19057,0.03123,Yakından incele · map,False,True,3.82000,3.20000,1.77900,0.85000,0.00000,0.00000
715,99.22139,0.03082,Yakından incele · map,False,True,3.82000,3.20000,1.77900,0.85000,0.00000,0.00000
716,99.25358,0.03219,Yakından incele · map,False,True,3.82000,3.20000,1.77900,0.85000,0.00000,0.00000
717,99.28911,0.03552,Yakından incele · map,False,True,3.82000,3.20000,1.77900,0.85000,0.00000,0.00000
718,99.32516,0.03606,Yakından incele · map,False,True,3.82000,3.20000,1.77900,0.85000,0.00000,0.00000
719,99.36362,0.03846,Yakından incele · map,False,True,3.82000,3.20000,1.77900,0.85000,0.00000,0.00000
720,99.39285,0.02923,Yakından incele · map,False,True,3.82000,3.20000,1.77900,0.85000,0.00000,0.00000
721,99.42158,0.02873,Yakından incele · map,False,True,3.82000,3.20000,1.77900,0.85000,0.00000,0.00000
722,99.45739,0.03581,Yakından incele · map,False,True,3.82000,3.20000,1.77900,0.85000,0.00000,0.00000
723,99.48844,0.03105,Yakından incele · map,False,True,3.82000,3.20000,1.77900,0.85000,0.00000,0.00000
724,99.52397,0.03553,Yakından incele · map,False,True,3.82000,3.20000,1.77900,0.85000,0.00000,0.00000
725,99.55821,0.03424,Yakından incele · map,False,True,3.82000,3.20000,1.77900,0.85000,0.00000,0.00000
726,99.58730,0.02909,Yakından incele · map,False,True,3.82000,3.20000,1.77900,0.85000,0.00000,0.00000
727,99.61901,0.03170,Yakından incele · map,False,True,3.82000,3.20000,1.77900,0.85000,0.00000,0.00000
728,99.65426,0.03525,Yakından incele · map,False,True,3.82000,3.20000,1.77900,0.85000,0.00000,0.00000
729,99.68533,0.03107,Yakından incele · map,False,True,3.82000,3.20000,1.77900,0.85000,0.00000,0.00000
730,99.71901,0.03368,Yakından incele · map,False,True,3.82000,3.20000,1.77900,0.85000,0.00000,0.00000
731,99.75226,0.03325,Yakından incele · map,False,True,3.82000,3.20000,1.77900,0.85000,0.00000,0.00000
732,99.78491,0.03265,Yakından incele · map,False,True,3.82000,3.20000,1.77900,0.85000,0.00000,0.00000
733,99.81937,0.03446,Yakından incele · map,False,True,3.82000,3.20000,1.77900,0.85000,0.00000,0.00000
734,99.85213,0.03277,Yakından incele · map,False,True,3.82000,3.20000,1.77900,0.85000,0.00000,0.00000
735,99.88486,0.03273,Yakından incele · map,False,True,3.82000,3.20000,1.77900,0.85000,0.00000,0.00000
736,99.91896,0.03410,Yakından incele · map,False,True,3.82000,3.20000,1.77900,0.85000,0.00000,0.00000
737,99.95293,0.03397,Yakından incele · map,False,True,3.82000,3.20000,1.77900,0.85000,0.00000,0.00000
738,99.98670,0.03377,Yakından incele · map,False,True,3.82000,3.20000,1.77900,0.85000,0.00000,0.00000
739,100.01977,0.03308,Yakından incele · map,False,True,3.82000,3.20000,1.77900,0.85000,0.00000,0.00000
740,100.05306,0.03329,Yakından incele · map,False,True,3.82000,3.20000,1.77900,0.85000,0.00000,0.00000
741,100.08569,0.03263,Yakından incele · map,False,True,3.82000,3.20000,1.77900,0.85000,0.00000,0.00000
742,100.11896,0.03328,Yakından incele · map,False,True,3.82000,3.20000,1.77900,0.85000,0.00000,0.00000
743,100.15415,0.03518,Yakından incele · map,False,True,3.82000,3.20000,1.77900,0.85000,0.00000,0.00000
744,100.19043,0.03629,Yakından incele · map,False,True,3.82000,3.20000,1.77900,0.85000,0.00000,0.00000
745,100.22446,0.03402,Yakından incele · map,False,True,3.82000,3.20000,1.77900,0.85000,0.00000,0.00000
746,100.25654,0.03209,Yakından incele · map,False,True,3.82000,3.20000,1.77900,0.85000,0.00000,0.00000
747,100.29457,0.03803,Yakından incele · map,False,True,3.82000,3.20000,1.77900,0.85000,0.00000,0.00000
748,100.33615,0.04158,Yakından incele · map,False,True,3.82000,3.20000,1.77900,0.85000,0.00000,0.00000
749,100.36602,0.02986,Yakından incele · map,False,True,3.82000,3.20000,1.77900,0.85000,0.00000,0.00000
750,100.39842,0.03240,Yakından incele · map,False,True,3.82000,3.20000,1.77900,0.85000,0.00000,0.00000
751,100.43125,0.03283,Yakından incele · map,False,True,3.82000,3.20000,1.77900,0.85000,0.00000,0.00000
752,100.45787,0.02663,Yakından incele · map,False,True,3.82000,3.20000,1.77900,0.85000,0.00000,0.00000
753,100.48555,0.02768,Yakından incele · map,False,True,3.82000,3.20000,1.77900,0.85000,0.00000,0.00000
754,100.52004,0.03449,Yakından incele · map,False,True,3.82000,3.20000,1.77900,0.85000,0.00000,0.00000
755,100.55626,0.03623,Yakından incele · map,False,True,3.82000,3.20000,1.77900,0.85000,0.00000,0.00000
756,100.58633,0.03007,Yakından incele · map,False,True,3.82000,3.20000,1.77900,0.85000,0.00000,0.00000
757,100.61903,0.03270,Yakından incele · map,False,True,3.82000,3.20000,1.77900,0.85000,0.00000,0.00000
758,100.65201,0.03298,Yakından incele · map,False,True,3.82000,3.20000,1.77900,0.85000,0.00000,0.00000
759,100.70315,0.05114,Yakından incele · map,False,True,3.82000,3.20000,1.77900,0.85000,0.00000,0.00000
760,100.72711,0.02396,Yakından incele · map,False,True,3.82000,3.20000,1.77900,0.85000,0.00000,0.00000
761,100.75370,0.02659,Yakından incele · map,False,True,3.82000,3.20000,1.77900,0.85000,0.00000,0.00000
762,100.78764,0.03394,Yakından incele · map,False,True,3.82000,3.20000,1.77900,0.85000,0.00000,0.00000
763,100.82111,0.03347,Yakından incele · map,False,True,3.82000,3.20000,1.77900,0.85000,0.00000,0.00000
764,100.85277,0.03166,Yakından incele · map,False,True,3.82000,3.20000,1.77900,0.85000,0.00000,0.00000
765,100.88537,0.03260,Yakından incele · map,False,True,3.82000,3.20000,1.77900,0.85000,0.00000,0.00000
766,100.91945,0.03408,Yakından incele · map,False,True,3.82000,3.20000,1.77900,0.85000,0.00000,0.00000
767,100.95192,0.03248,Yakından incele · map,False,True,3.82000,3.20000,1.77900,0.85000,0.00000,0.00000
768,101.00413,0.05221,Ada ile odada gezin,True,True,3.78279,3.20908,1.73890,0.86569,0.05546,0.48779
769,101.01768,0.01355,Ada ile odada gezin,True,True,3.75973,3.21470,1.71405,0.87540,0.03435,0.29871
770,101.05045,0.03276,Ada ile odada gezin,True,True,3.68813,3.23217,1.63689,0.90558,0.10671,0.93961
771,101.08478,0.03433,Ada ile odada gezin,True,True,3.58813,3.25656,1.52913,0.94773,0.14902,1.31341
772,101.11834,0.03356,Ada ile odada gezin,True,True,3.46086,3.28761,1.39197,1.00138,0.18967,1.67113
773,101.15109,0.03275,Ada ile odada gezin,True,True,3.31937,3.32212,1.23949,1.06102,0.21086,1.85830
774,101.18543,0.03433,Ada ile odada gezin,True,True,3.15112,3.36316,1.05818,1.13193,0.25073,2.21000
775,101.21962,0.03419,Ada ile odada gezin,True,True,2.96501,3.40856,0.85761,1.21038,0.27736,2.44475
776,101.25273,0.03311,Ada ile odada gezin,True,True,2.76183,3.45812,0.63866,1.29602,0.30278,2.66914
777,101.28496,0.03223,Ada ile odada gezin,True,True,2.55270,3.50914,0.41329,1.38417,0.31167,2.74746
778,101.31896,0.03399,Ada ile odada gezin,True,True,2.32789,3.56397,0.17102,1.47893,0.33502,2.95316
779,101.35358,0.03462,Ada ile odada gezin,True,True,2.08566,3.62306,-0.09002,1.58103,0.36098,3.18229
780,101.38663,0.03305,Ada ile odada gezin,True,True,1.83982,3.68303,-0.35495,1.68465,0.36637,3.23015
781,101.41873,0.03210,Ada ile odada gezin,True,True,1.59835,3.74193,-0.61517,1.78643,0.35985,3.17269
782,101.45169,0.03297,Ada ile odada gezin,True,True,1.34763,3.80309,-0.88536,1.89211,0.37364,3.29398
783,101.48544,0.03374,Ada ile odada gezin,True,True,1.09486,3.86475,-1.15776,1.99865,0.37669,3.32096
784,101.51940,0.03396,Ada ile odada gezin,True,True,0.83398,3.92838,-1.43889,2.10861,0.38877,3.42744
785,101.55181,0.03242,Ada ile odada gezin,True,True,0.58873,3.98821,-1.70319,2.21199,0.36549,3.22165
786,101.58516,0.03334,Ada ile odada gezin,True,True,0.34278,4.04820,-1.96824,2.31565,0.36652,3.23087
787,101.61852,0.03336,Ada ile odada gezin,True,True,0.10279,4.10674,-2.22687,2.41681,0.35765,3.15289
788,101.65171,0.03319,Ada ile odada gezin,True,True,-0.13186,4.16398,-2.47974,2.51572,0.34969,3.08259
789,101.68509,0.03337,Ada ile odada gezin,True,True,-0.34582,4.21617,-2.71031,2.60590,0.31885,2.81056
790,101.71992,0.03483,Ada ile odada gezin,True,True,-0.55979,4.26837,-2.94090,2.69609,0.31887,2.81139
791,101.75342,0.03351,Ada ile odada gezin,True,True,-0.75537,4.31607,-3.15166,2.77852,0.29145,2.56963
792,101.78607,0.03265,Ada ile odada gezin,True,True,-0.92865,4.35834,-3.33840,2.85156,0.25823,2.27630
793,101.81936,0.03329,Ada ile odada gezin,True,True,-1.08545,4.39659,-3.50738,2.91765,0.23368,2.05929
794,101.85218,0.03282,Ada ile odada gezin,True,True,-1.22060,4.42956,-3.65302,2.97462,0.20140,1.77515
795,101.88586,0.03367,Ada ile odada gezin,True,True,-1.33407,4.45724,-3.77530,3.02245,0.16910,1.49040
796,101.91904,0.03318,Ada ile odada gezin,True,True,-1.42133,4.47852,-3.86933,3.05923,0.13004,1.14533
797,101.95401,0.03498,Ada ile odada gezin,True,True,-1.48253,4.49345,-3.93529,3.08502,0.09121,0.80405
798,101.99076,0.03675,Ada ile odada gezin,True,True,-1.51459,4.50127,-3.96984,3.09854,0.04778,0.42244
799,102.02401,0.03325,Ada ile odada gezin,False,True,-1.51806,4.50212,-3.97358,3.10000,0.00517,0.00000
800,102.05513,0.03112,Ada ile odada gezin,False,True,-1.51806,4.50212,-3.97358,3.10000,0.00000,0.00000
801,102.09233,0.03719,Ada ile odada gezin,False,True,-1.51982,4.50244,-3.97496,3.10000,0.00225,0.00000
802,102.12571,0.03339,Ada ile odada gezin,False,True,-1.52549,4.50285,-3.97510,3.10000,0.00569,0.00000
803,102.15603,0.03032,Ada ile odada gezin,False,True,-1.53180,4.50341,-3.97621,3.10000,0.00643,0.00000
804,102.18911,0.03308,Ada ile odada gezin,False,True,-1.54447,4.50420,-3.97646,3.10000,0.01269,0.00000
805,102.22364,0.03453,Ada ile odada gezin,False,True,-1.55759,4.50508,-3.97776,3.10000,0.01322,0.00000
806,102.25867,0.03503,Ada ile odada gezin,False,True,-1.57723,4.50602,-3.97789,3.10000,0.01966,0.00000
807,102.28889,0.03022,Ada ile odada gezin,False,True,-1.59664,4.50705,-3.97953,3.10000,0.01951,0.00000
808,102.31887,0.02997,Ada ile odada gezin,False,True,-1.61573,4.50777,-3.98025,3.10000,0.01912,0.00000
809,102.35215,0.03328,Ada ile odada gezin,False,True,-1.63815,4.50872,-3.98253,3.10000,0.02256,0.00000
810,102.38610,0.03396,Ada ile odada gezin,False,True,-1.66072,4.50932,-3.98402,3.10000,0.02262,0.00000
811,102.41828,0.03218,Ada ile odada gezin,False,True,-1.68308,4.51004,-3.98721,3.10000,0.02260,0.00000
812,102.46133,0.04305,Ada ile odada gezin,False,True,-1.71176,4.51055,-3.99022,3.10000,0.02884,0.00000
813,102.49553,0.03420,Ada ile odada gezin,False,True,-1.73331,4.51107,-3.99508,3.10000,0.02209,0.00000
814,102.52929,0.03376,Ada ile odada gezin,False,True,-1.75373,4.51130,-3.99927,3.10000,0.02085,0.00000
815,102.56215,0.03286,Ada ile odada gezin,False,True,-1.77422,4.51174,-4.00531,3.10000,0.02136,0.00000
816,102.59858,0.03643,Ada ile odada gezin,False,True,-1.79422,4.51188,-4.01043,3.10000,0.02065,0.00000
817,102.63205,0.03347,Ada ile odada gezin,False,True,-1.81409,4.51216,-4.01763,3.10000,0.02114,0.00000
818,102.66241,0.03035,Ada ile odada gezin,False,True,-1.83066,4.51247,-4.02592,3.10000,0.01852,0.00000
819,102.69570,0.03329,Ada ile odada gezin,False,True,-1.84588,4.51266,-4.03519,3.10000,0.01783,0.00000
820,102.72911,0.03341,Ada ile odada gezin,False,True,-1.86050,4.51276,-4.04566,3.10000,0.01798,0.00000
821,102.76147,0.03236,Ada ile odada gezin,False,True,-1.87302,4.51276,-4.05583,3.10000,0.01613,0.00000
822,102.79567,0.03420,Ada ile odada gezin,False,True,-1.88483,4.51272,-4.06649,3.10000,0.01591,0.00000
823,102.82883,0.03316,Ada ile odada gezin,False,True,-1.89630,4.51264,-4.07784,3.10000,0.01614,0.00000
824,102.86181,0.03298,Ada ile odada gezin,False,True,-1.90711,4.51268,-4.08918,3.10000,0.01566,0.00000
825,102.89615,0.03435,Ada ile odada gezin,False,True,-1.91871,4.51281,-4.10200,3.10000,0.01728,0.00000
826,102.92877,0.03262,Ada ile odada gezin,False,True,-1.92969,4.51293,-4.11466,3.10000,0.01676,0.00000
827,102.96115,0.03238,Ada ile odada gezin,False,True,-1.94037,4.51305,-4.12749,3.10000,0.01670,0.00000
828,102.99483,0.03368,Ada ile odada gezin,False,True,-1.95102,4.51316,-4.14075,3.10000,0.01700,0.00000
829,103.02884,0.03400,Ada ile odada gezin,False,True,-1.96183,4.51327,-4.15464,3.10000,0.01760,0.00000
830,103.06206,0.03323,Ada ile odada gezin,False,True,-1.97205,4.51333,-4.16813,3.10000,0.01693,0.00000
831,103.09661,0.03454,Ada ile odada gezin,False,True,-1.98248,4.51340,-4.18217,3.10000,0.01749,0.00000
832,103.12919,0.03258,Ada ile odada gezin,False,True,-1.99272,4.51344,-4.19618,3.10000,0.01735,0.00000
833,103.16143,0.03224,Ada ile odada gezin,False,True,-2.00241,4.51346,-4.20956,3.10000,0.01653,0.00000
834,103.19457,0.03314,Ada ile odada gezin,False,True,-2.01244,4.51350,-4.22347,3.10000,0.01715,0.00000
835,103.22835,0.03378,Ada ile odada gezin,False,True,-2.02305,4.51353,-4.23700,3.10000,0.01719,0.00000
836,103.26264,0.03429,Ada ile odada gezin,False,True,-2.03618,4.51379,-4.25128,3.10000,0.01940,0.00000
837,103.29896,0.03632,Ada ile odada gezin,False,True,-2.05073,4.51412,-4.26555,3.10000,0.02038,0.00000
838,103.33780,0.03883,Ada ile odada gezin,False,True,-2.06673,4.51454,-4.28063,3.10000,0.02199,0.00000
839,103.36991,0.03212,Ada ile odada gezin,False,True,-2.08461,4.51494,-4.29688,3.10000,0.02416,0.00000
840,103.40180,0.03188,Ada ile odada gezin,False,True,-2.09890,4.51523,-4.30920,3.10000,0.01887,0.00000
841,103.43310,0.03130,Ada ile odada gezin,False,True,-2.11923,4.51578,-4.32561,3.10000,0.02613,0.00000
842,103.46354,0.03044,Ada ile odada gezin,False,True,-2.13582,4.51610,-4.33832,3.10000,0.02090,0.00000
843,103.49933,0.03579,Ada ile odada gezin,False,True,-2.15690,4.51653,-4.35337,3.10000,0.02590,0.00000
844,103.53269,0.03336,Ada ile odada gezin,False,True,-2.17894,4.51689,-4.36802,3.10000,0.02646,0.00000
845,103.56696,0.03428,Ada ile odada gezin,False,True,-2.20021,4.51711,-4.38114,3.10000,0.02500,0.00000
846,103.59951,0.03254,Ada ile odada gezin,False,True,-2.22457,4.51732,-4.39484,3.10000,0.02795,0.00000
847,103.63225,0.03275,Ada ile odada gezin,False,True,-2.24595,4.51724,-4.40502,3.10000,0.02369,0.00000
848,103.66450,0.03224,Ada ile odada gezin,False,True,-2.27091,4.51688,-4.41378,3.10000,0.02645,0.00000
849,103.69563,0.03113,Ada ile odada gezin,False,True,-2.29193,4.51632,-4.41980,3.10000,0.02187,0.00000
850,103.72846,0.03283,Ada ile odada gezin,False,True,-2.31171,4.51549,-4.42539,3.10000,0.02057,0.00000
851,103.76187,0.03340,Ada ile odada gezin,False,True,-2.32933,4.51457,-4.43019,3.10000,0.01828,0.00000
852,103.79445,0.03258,Ada ile odada gezin,False,True,-2.34499,4.51367,-4.43420,3.10000,0.01619,0.00000
853,103.82786,0.03341,Ada ile odada gezin,False,True,-2.36034,4.51280,-4.43778,3.10000,0.01578,0.00000
854,103.86122,0.03335,Ada ile odada gezin,False,True,-2.37495,4.51202,-4.44082,3.10000,0.01494,0.00000
855,103.89483,0.03361,Ada ile odada gezin,False,True,-2.38920,4.51131,-4.44339,3.10000,0.01449,0.00000
856,103.92952,0.03470,Ada ile odada gezin,False,True,-2.40352,4.51068,-4.44555,3.10000,0.01450,0.00000
857,103.96263,0.03311,Ada ile odada gezin,False,True,-2.41756,4.50998,-4.44595,3.10000,0.01406,0.00000
858,103.99554,0.03291,Ada ile odada gezin,False,True,-2.43295,4.50922,-4.44328,3.10000,0.01564,0.00000
859,104.02943,0.03389,Ada ile odada gezin,False,True,-2.45177,4.50832,-4.43620,3.10000,0.02014,0.00000
860,104.06279,0.03336,Ada ile odada gezin,False,True,-2.47091,4.50739,-4.42693,3.10000,0.02129,0.00000
861,104.09602,0.03323,Ada ile odada gezin,False,True,-2.49248,4.50648,-4.41439,3.10000,0.02496,0.00000
862,104.12832,0.03231,Ada ile odada gezin,False,True,-2.51747,4.50564,-4.39829,3.10000,0.02974,0.00000
863,104.16122,0.03290,Ada ile odada gezin,False,True,-2.54597,4.50485,-4.37872,3.10000,0.03458,0.00000
864,104.19504,0.03382,Ada ile odada gezin,False,True,-2.57701,4.50406,-4.35600,3.10000,0.03848,0.00000
865,104.22882,0.03378,Ada ile odada gezin,False,True,-2.60964,4.50332,-4.33124,3.10000,0.04097,0.00000
866,104.26189,0.03307,Ada ile odada gezin,False,True,-2.64171,4.50269,-4.30632,3.10000,0.04062,0.00000
867,104.29495,0.03306,Ada ile odada gezin,False,True,-2.67370,4.50214,-4.28101,3.10000,0.04079,0.00000
868,104.32818,0.03323,Ada ile odada gezin,False,True,-2.70653,4.50207,-4.25790,3.10000,0.04015,0.00000
869,104.36152,0.03334,Ada ile odada gezin,False,True,-2.74233,4.50266,-4.23793,3.10000,0.04100,0.00000
870,104.39504,0.03352,Ada ile odada gezin,False,True,-2.78209,4.50395,-4.22192,3.10000,0.04288,0.00000
871,104.42858,0.03354,Ada ile odada gezin,False,True,-2.82573,4.50587,-4.21047,3.10000,0.04515,0.00000
872,104.46293,0.03435,Ada ile odada gezin,False,True,-2.87511,4.50818,-4.20199,3.10000,0.05016,0.00000
873,104.49544,0.03251,Ada ile odada gezin,False,True,-2.92501,4.51038,-4.19614,3.10000,0.05030,0.00000
874,104.52831,0.03287,Ada ile odada gezin,False,True,-2.97703,4.51246,-4.19189,3.10000,0.05223,0.00000
875,104.56099,0.03268,Ada ile odada gezin,False,True,-3.02918,4.51429,-4.18885,3.10000,0.05227,0.00000
876,104.59509,0.03410,Ada ile odada gezin,False,True,-3.08370,4.51593,-4.18658,3.10000,0.05460,0.00000
877,104.62892,0.03384,Ada ile odada gezin,False,True,-3.14045,4.51738,-4.18488,3.10000,0.05679,0.00000
878,104.66198,0.03306,Ada ile odada gezin,False,True,-3.19509,4.51852,-4.18369,3.10000,0.05467,0.00000
879,104.69524,0.03325,Ada ile odada gezin,False,True,-3.25158,4.51950,-4.18279,3.10000,0.05651,0.00000
880,104.72854,0.03331,Ada ile odada gezin,False,True,-3.30681,4.52028,-4.18214,3.10000,0.05524,0.00000
881,104.76161,0.03307,Ada ile odada gezin,False,True,-3.36348,4.52095,-4.18165,3.10000,0.05667,0.00000
882,104.79592,0.03431,Ada ile odada gezin,False,True,-3.41956,4.52147,-4.18130,3.10000,0.05608,0.00000
883,104.82952,0.03360,Ada ile odada gezin,False,True,-3.47750,4.52192,-4.18103,3.10000,0.05795,0.00000
884,104.86370,0.03418,Ada ile odada gezin,False,True,-3.53351,4.52226,-4.18084,3.10000,0.05601,0.00000
885,104.89926,0.03557,Ada ile odada gezin,False,True,-3.59264,4.52256,-4.18069,3.10000,0.05913,0.00000
886,104.93075,0.03149,Ada ile odada gezin,False,True,-3.64928,4.52277,-4.18060,3.10000,0.05664,0.00000
887,104.96270,0.03195,Ada ile odada gezin,False,True,-3.70344,4.52291,-4.18055,3.10000,0.05416,0.00000
888,104.99573,0.03303,Ada ile odada gezin,False,True,-3.75875,4.52305,-4.18051,3.10000,0.05531,0.00000
889,105.03008,0.03435,Ada ile odada gezin,False,True,-3.81732,4.52319,-4.18047,3.10000,0.05857,0.00000
890,105.06253,0.03244,Ada ile odada gezin,False,True,-3.87258,4.52326,-4.18047,3.10000,0.05526,0.00000
891,105.09576,0.03324,Ada ile odada gezin,False,True,-3.92880,4.52334,-4.18047,3.10000,0.05622,0.00000
892,105.12859,0.03283,Ada ile odada gezin,False,True,-3.98586,4.52340,-4.18047,3.10000,0.05705,0.00000
893,105.16159,0.03300,Ada ile odada gezin,False,True,-4.04193,4.52344,-4.18048,3.10000,0.05607,0.00000
894,105.19461,0.03303,Ada ile odada gezin,False,True,-4.09815,4.52348,-4.18050,3.10000,0.05622,0.00000
895,105.22830,0.03369,Ada ile odada gezin,False,True,-4.15443,4.52351,-4.18052,3.10000,0.05628,0.00000
896,105.26153,0.03323,Ada ile odada gezin,False,True,-4.21225,4.52354,-4.18054,3.10000,0.05781,0.00000
897,105.29450,0.03297,Ada ile odada gezin,False,True,-4.26762,4.52355,-4.18057,3.10000,0.05537,0.00000
898,105.32830,0.03379,Ada ile odada gezin,False,True,-4.32470,4.52357,-4.18059,3.10000,0.05709,0.00000
899,105.36271,0.03441,Ada ile odada gezin,False,True,-4.38393,4.52360,-4.18061,3.10000,0.05923,0.00000
900,105.39479,0.03208,Ada ile odada gezin,False,True,-4.43805,4.52358,-4.18066,3.10000,0.05412,0.00000
901,105.42871,0.03392,Ada ile odada gezin,False,True,-4.49515,4.52359,-4.18068,3.10000,0.05710,0.00000
902,105.46206,0.03335,Ada ile odada gezin,False,True,-4.55254,4.52360,-4.18071,3.10000,0.05739,0.00000
903,105.49590,0.03384,Ada ile odada gezin,False,True,-4.60933,4.52361,-4.18075,3.10000,0.05679,0.00000
904,105.52877,0.03286,Ada ile odada gezin,False,True,-4.66581,4.52361,-4.18078,3.10000,0.05648,0.00000
905,105.56215,0.03338,Ada ile odada gezin,False,True,-4.72156,4.52360,-4.18082,3.10000,0.05575,0.00000
906,105.59522,0.03307,Ada ile odada gezin,False,True,-4.77923,4.52361,-4.18084,3.10000,0.05767,0.00000
907,105.62804,0.03282,Ada ile odada gezin,False,True,-4.83497,4.52361,-4.18088,3.10000,0.05574,0.00000
908,105.66199,0.03395,Ada ile odada gezin,False,True,-4.89183,4.52361,-4.18091,3.10000,0.05686,0.00000
909,105.69555,0.03356,Ada ile odada gezin,False,True,-4.94907,4.52362,-4.18094,3.10000,0.05724,0.00000
910,105.72897,0.03342,Ada ile odada gezin,False,True,-5.00564,4.52362,-4.18098,3.10000,0.05657,0.00000
911,105.77288,0.04392,Ada ile odada gezin,False,True,-5.08099,4.52380,-4.18095,3.10000,0.07535,0.00000
912,105.80711,0.03423,Ada ile odada gezin,False,True,-5.14008,4.52371,-4.18102,3.10000,0.05909,0.00000
913,105.83911,0.03200,Ada ile odada gezin,False,True,-5.19424,4.52362,-4.18109,3.10000,0.05416,0.00000
914,105.87228,0.03317,Ada ile odada gezin,False,True,-5.24934,4.52358,-4.18114,3.10000,0.05511,0.00000
915,105.92913,0.05685,Yakından incele · supplyWater,True,True,-5.29590,4.51840,-4.16600,3.09334,0.04923,0.00000
916,105.96299,0.03386,Yakından incele · supplyWater,True,True,-5.23392,4.48731,-4.07471,3.05330,0.11464,0.75588
917,105.98418,0.02118,Yakından incele · supplyWater,True,True,-5.19621,4.46840,-4.01917,3.02894,0.06974,0.46140
918,106.00541,0.02124,Yakından incele · supplyWater,True,True,-5.15408,4.44727,-3.95712,3.00172,0.07792,0.51282
919,106.03926,0.03385,Yakından incele · supplyWater,True,True,-5.07358,4.40689,-3.83855,2.94971,0.14890,0.98038
920,106.07311,0.03385,Yakından incele · supplyWater,True,True,-4.97809,4.35899,-3.69790,2.88802,0.17662,1.16431
921,106.10603,0.03292,Yakından incele · supplyWater,True,True,-4.86955,4.30455,-3.53803,2.81789,0.20075,1.32350
922,106.13787,0.03184,Yakından incele · supplyWater,True,True,-4.75525,4.24722,-3.36968,2.74405,0.21141,1.39379
923,106.17094,0.03308,Yakından incele · supplyWater,True,True,-4.62718,4.18298,-3.18105,2.66131,0.23687,1.56169
924,106.20404,0.03310,Yakından incele · supplyWater,True,True,-4.48995,4.11415,-2.97892,2.57265,0.25382,1.67393
925,106.23730,0.03327,Yakından incele · supplyWater,True,True,-4.34513,4.04151,-2.76562,2.47909,0.26786,1.76675
926,106.27053,0.03323,Yakından incele · supplyWater,True,True,-4.19389,3.96564,-2.54285,2.38138,0.27974,1.84519
927,106.30454,0.03400,Yakından incele · supplyWater,True,True,-4.03679,3.88685,-2.31147,2.27988,0.29056,1.91636
928,106.33854,0.03400,Yakından incele · supplyWater,True,True,-3.87417,3.80528,-2.07194,2.17482,0.30079,1.98379
929,106.37183,0.03329,Yakından incele · supplyWater,True,True,-3.71027,3.72307,-1.83053,2.06893,0.30315,1.99951
930,106.40518,0.03335,Yakından incele · supplyWater,True,True,-3.54947,3.64241,-1.59368,1.96504,0.29743,1.96117
931,106.43875,0.03357,Yakından incele · supplyWater,True,True,-3.38183,3.55832,-1.34677,1.85674,0.31006,2.04442
932,106.47156,0.03281,Yakından incele · supplyWater,True,True,-3.22491,3.47961,-1.11565,1.75536,0.29024,1.91432
933,106.50492,0.03336,Yakından incele · supplyWater,True,True,-3.06154,3.39767,-0.87501,1.64981,0.30218,1.99284
934,106.53755,0.03263,Yakından incele · supplyWater,True,True,-2.91418,3.32375,-0.65797,1.55461,0.27255,1.79749
935,106.57156,0.03401,Yakından incele · supplyWater,True,True,-2.76053,3.24668,-0.43166,1.45534,0.28419,1.87465
936,106.60380,0.03223,Yakından incele · supplyWater,True,True,-2.62138,3.17688,-0.22670,1.36544,0.25738,1.69761
937,106.63741,0.03362,Yakından incele · supplyWater,True,True,-2.48936,3.11067,-0.03226,1.28015,0.24417,1.61054
938,106.67189,0.03448,Yakından incele · supplyWater,True,True,-2.36253,3.04705,0.15455,1.19821,0.23459,1.54759
939,106.70499,0.03310,Yakından incele · supplyWater,True,True,-2.24819,2.98970,0.32296,1.12434,0.21148,1.39491
940,106.73754,0.03255,Yakından incele · supplyWater,True,True,-2.14927,2.94008,0.46866,1.06043,0.18296,1.20592
941,106.77151,0.03397,Yakından incele · supplyWater,True,True,-2.06193,2.89627,0.59730,1.00400,0.16155,1.06458
942,106.80551,0.03400,Yakından incele · supplyWater,True,True,-1.98750,2.85894,0.70693,0.95591,0.13766,0.90741
943,106.83852,0.03302,Yakından incele · supplyWater,True,True,-1.93140,2.83080,0.78957,0.91967,0.10377,0.68414
944,106.87223,0.03371,Yakından incele · supplyWater,True,True,-1.89287,2.81147,0.84632,0.89477,0.07127,0.46980
945,106.90555,0.03332,Yakından incele · supplyWater,True,True,-1.87241,2.80121,0.87645,0.88156,0.03783,0.25023
946,106.93767,0.03212,Yakından incele · supplyWater,False,True,-1.87000,2.80000,0.88000,0.88000,0.00446,0.00000
947,106.97673,0.03906,Yakından incele · supplyWater,False,True,-1.87000,2.80000,0.88000,0.88000,0.00000,0.00000
948,107.00548,0.02875,Yakından incele · supplyWater,False,True,-1.87000,2.80000,0.88000,0.88000,0.00000,0.00000
949,107.03907,0.03359,Yakından incele · supplyWater,False,True,-1.87000,2.80000,0.88000,0.88000,0.00000,0.00000
950,107.07194,0.03288,Yakından incele · supplyWater,False,True,-1.87000,2.80000,0.88000,0.88000,0.00000,0.00000
951,107.10500,0.03305,Yakından incele · supplyWater,False,True,-1.87000,2.80000,0.88000,0.88000,0.00000,0.00000
952,107.13856,0.03357,Yakından incele · supplyWater,False,True,-1.87000,2.80000,0.88000,0.88000,0.00000,0.00000
953,107.17142,0.03285,Yakından incele · supplyWater,False,True,-1.87000,2.80000,0.88000,0.88000,0.00000,0.00000
954,107.20491,0.03349,Yakından incele · supplyWater,False,True,-1.87000,2.80000,0.88000,0.88000,0.00000,0.00000
955,107.23911,0.03420,Yakından incele · supplyWater,False,True,-1.87000,2.80000,0.88000,0.88000,0.00000,0.00000
956,107.27170,0.03259,Yakından incele · supplyWater,False,True,-1.87000,2.80000,0.88000,0.88000,0.00000,0.00000
957,107.30429,0.03259,Yakından incele · supplyWater,False,True,-1.87000,2.80000,0.88000,0.88000,0.00000,0.00000
958,107.33837,0.03408,Yakından incele · supplyWater,False,True,-1.87000,2.80000,0.88000,0.88000,0.00000,0.00000
959,107.37303,0.03466,Yakından incele · supplyWater,False,True,-1.87000,2.80000,0.88000,0.88000,0.00000,0.00000
960,107.40544,0.03241,Yakından incele · supplyWater,False,True,-1.87000,2.80000,0.88000,0.88000,0.00000,0.00000
961,107.43859,0.03315,Yakından incele · supplyWater,False,True,-1.87000,2.80000,0.88000,0.88000,0.00000,0.00000
962,107.47218,0.03359,Yakından incele · supplyWater,False,True,-1.87000,2.80000,0.88000,0.88000,0.00000,0.00000
963,107.50479,0.03261,Yakından incele · supplyWater,False,True,-1.87000,2.80000,0.88000,0.88000,0.00000,0.00000
964,107.53838,0.03359,Yakından incele · supplyWater,False,True,-1.87000,2.80000,0.88000,0.88000,0.00000,0.00000
965,107.57227,0.03389,Yakından incele · supplyWater,False,True,-1.87000,2.80000,0.88000,0.88000,0.00000,0.00000
966,107.60495,0.03268,Yakından incele · supplyWater,False,True,-1.87000,2.80000,0.88000,0.88000,0.00000,0.00000
967,107.64023,0.03528,Yakından incele · supplyWater,False,True,-1.87000,2.80000,0.88000,0.88000,0.00000,0.00000
968,107.67111,0.03088,Yakından incele · supplyWater,False,True,-1.87000,2.80000,0.88000,0.88000,0.00000,0.00000
969,107.70462,0.03351,Yakından incele · supplyWater,False,True,-1.87000,2.80000,0.88000,0.88000,0.00000,0.00000
970,107.73895,0.03434,Yakından incele · supplyWater,False,True,-1.87000,2.80000,0.88000,0.88000,0.00000,0.00000
971,107.77191,0.03296,Yakından incele · supplyWater,False,True,-1.87000,2.80000,0.88000,0.88000,0.00000,0.00000
972,107.80525,0.03334,Yakından incele · supplyWater,False,True,-1.87000,2.80000,0.88000,0.88000,0.00000,0.00000
973,107.83951,0.03426,Yakından incele · supplyWater,False,True,-1.87000,2.80000,0.88000,0.88000,0.00000,0.00000
974,107.87215,0.03264,Yakından incele · supplyWater,False,True,-1.87000,2.80000,0.88000,0.88000,0.00000,0.00000
975,107.90527,0.03312,Yakından incele · supplyWater,False,True,-1.87000,2.80000,0.88000,0.88000,0.00000,0.00000
976,107.93889,0.03362,Yakından incele · supplyWater,False,True,-1.87000,2.80000,0.88000,0.88000,0.00000,0.00000
977,107.97178,0.03288,Yakından incele · supplyWater,False,True,-1.87000,2.80000,0.88000,0.88000,0.00000,0.00000
978,108.00494,0.03316,Yakından incele · supplyWater,False,True,-1.87000,2.80000,0.88000,0.88000,0.00000,0.00000
979,108.03846,0.03352,Yakından incele · supplyWater,False,True,-1.87000,2.80000,0.88000,0.88000,0.00000,0.00000
980,108.07202,0.03356,Yakından incele · supplyWater,False,True,-1.87000,2.80000,0.88000,0.88000,0.00000,0.00000
981,108.10758,0.03556,Yakından incele · supplyWater,False,True,-1.87000,2.80000,0.88000,0.88000,0.00000,0.00000
982,108.14173,0.03415,Yakından incele · supplyWater,False,True,-1.87000,2.80000,0.88000,0.88000,0.00000,0.00000
983,108.17442,0.03269,Yakından incele · supplyWater,False,True,-1.87000,2.80000,0.88000,0.88000,0.00000,0.00000
984,108.20388,0.02946,Yakından incele · supplyWater,False,True,-1.87000,2.80000,0.88000,0.88000,0.00000,0.00000
985,108.23732,0.03345,Yakından incele · supplyWater,False,True,-1.87000,2.80000,0.88000,0.88000,0.00000,0.00000
986,108.27101,0.03368,Yakından incele · supplyWater,False,True,-1.87000,2.80000,0.88000,0.88000,0.00000,0.00000
987,108.33352,0.06251,Ada ile odada gezin,True,True,-1.90655,2.81746,0.82799,0.90277,0.06592,0.42978
988,108.34158,0.00806,Ada ile odada gezin,True,True,-1.91715,2.82252,0.81290,0.90938,0.01913,0.00000
989,108.37105,0.02947,Ada ile odada gezin,True,True,-1.96009,2.84304,0.75179,0.93613,0.07745,0.50358
990,108.40581,0.03475,Ada ile odada gezin,True,True,-2.02948,2.87618,0.65305,0.97936,0.12515,0.81565
991,108.43855,0.03274,Ada ile odada gezin,True,True,-2.11427,2.91668,0.53240,1.03219,0.15293,0.99700
992,108.47056,0.03202,Ada ile odada gezin,True,True,-2.20832,2.96161,0.39856,1.09078,0.16964,1.10569
993,108.50415,0.03358,Ada ile odada gezin,True,True,-2.31959,3.01477,0.24021,1.16011,0.20070,1.30804
994,108.53805,0.03390,Ada ile odada gezin,True,True,-2.44333,3.07387,0.06413,1.23720,0.22318,1.45479
995,108.57211,0.03407,Ada ile odada gezin,True,True,-2.57915,3.13875,-0.12915,1.32182,0.24498,1.59786
996,108.60514,0.03302,Ada ile odada gezin,True,True,-2.72334,3.20763,-0.33434,1.41166,0.26008,1.69669
997,108.63861,0.03348,Ada ile odada gezin,True,True,-2.87371,3.27946,-0.54832,1.50534,0.27121,1.76852
998,108.67143,0.03281,Ada ile odada gezin,True,True,-3.03021,3.35422,-0.77103,1.60285,0.28229,1.84095
999,108.70424,0.03281,Ada ile odada gezin,True,True,-3.19081,3.43094,-0.99957,1.70291,0.28967,1.88921
1000,108.73720,0.03296,Ada ile odada gezin,True,True,-3.35649,3.51008,-1.23534,1.80613,0.29883,1.94876
1001,108.77068,0.03347,Ada ile odada gezin,True,True,-3.52339,3.58981,-1.47284,1.91011,0.30103,1.96317
1002,108.80432,0.03364,Ada ile odada gezin,True,True,-3.69536,3.67196,-1.71757,2.01726,0.31018,2.02286
1003,108.83683,0.03251,Ada ile odada gezin,True,True,-3.86342,3.75224,-1.95673,2.12197,0.30314,1.97707
1004,108.87146,0.03463,Ada ile odada gezin,True,True,-4.02879,3.83124,-2.19207,2.22500,0.29828,1.94554
1005,108.90605,0.03459,Ada ile odada gezin,True,True,-4.20221,3.91407,-2.43884,2.33304,0.31278,2.03982
1006,108.93888,0.03282,Ada ile odada gezin,True,True,-4.35803,3.98851,-2.66058,2.43012,0.28105,1.83285
1007,108.97196,0.03308,Ada ile odada gezin,True,True,-4.51378,4.06291,-2.88222,2.52716,0.28092,1.83200
1008,109.00469,0.03273,Ada ile odada gezin,True,True,-4.65740,4.13152,-3.08660,2.61664,0.25905,1.68929
1009,109.03932,0.03463,Ada ile odada gezin,True,True,-4.79726,4.19833,-3.28563,2.70378,0.25226,1.64516
1010,109.08188,0.04256,Ada ile odada gezin,True,True,-4.96124,4.27666,-3.51898,2.80594,0.29576,1.92938
1011,109.11399,0.03211,Ada ile odada gezin,True,True,-5.07345,4.33026,-3.67866,2.87585,0.20240,1.31995
1012,109.14710,0.03311,Ada ile odada gezin,True,True,-5.17277,4.37770,-3.81999,2.93773,0.17913,1.16834
1013,109.18022,0.03313,Ada ile odada gezin,True,True,-5.25831,4.41856,-3.94172,2.99102,0.15429,1.00560
1014,109.21370,0.03348,Ada ile odada gezin,True,True,-5.32912,4.45239,-4.04249,3.03514,0.12772,0.83274
1015,109.24697,0.03327,Ada ile odada gezin,True,True,-5.38268,4.47797,-4.11870,3.06851,0.09660,0.62932
1016,109.28005,0.03307,Ada ile odada gezin,True,True,-5.41775,4.49473,-4.16861,3.09036,0.06326,0.41117
1017,109.31270,0.03266,Ada ile odada gezin,True,True,-5.43263,4.50184,-4.18979,3.09963,0.02684,0.17246
1018,109.34701,0.03431,Ada ile odada gezin,False,True,-5.43322,4.50212,-4.19063,3.10000,0.00106,0.00000
1019,109.40486,0.05785,Yakından incele · supplyFood,True,True,-5.42047,4.49603,-4.17249,3.09206,0.02299,0.00000
1020,109.43690,0.03204,Yakından incele · supplyFood,True,True,-5.36009,4.46719,-4.08656,3.05444,0.10891,0.70776
1021,109.45377,0.01687,Yakından incele · supplyFood,True,True,-5.33296,4.45423,-4.04795,3.03754,0.04894,0.31404
1022,109.48425,0.03048,Yakından incele · supplyFood,True,True,-5.26992,4.42411,-3.95824,2.99826,0.11371,0.74019
1023,109.51584,0.03158,Yakından incele · supplyFood,True,True,-5.18555,4.38381,-3.83818,2.94569,0.15217,0.99149
1024,109.54748,0.03164,Yakından incele · supplyFood,True,True,-5.09266,4.33943,-3.70599,2.88782,0.16755,1.09288
1025,109.58146,0.03399,Yakından incele · supplyFood,True,True,-4.98082,4.28601,-3.54684,2.81814,0.20172,1.31520
1026,109.61393,0.03246,Yakından incele · supplyFood,True,True,-4.85556,4.22617,-3.36858,2.74010,0.22593,1.47297
1027,109.64619,0.03226,Yakından incele · supplyFood,True,True,-4.72726,4.16489,-3.18602,2.66017,0.23140,1.50918
1028,109.68008,0.03389,Yakından incele · supplyFood,True,True,-4.58065,4.09485,-2.97738,2.56882,0.26445,1.72460
1029,109.71301,0.03293,Yakından incele · supplyFood,True,True,-4.43349,4.02456,-2.76797,2.47714,0.26542,1.73140
1030,109.74612,0.03311,Yakından incele · supplyFood,True,True,-4.27420,3.94847,-2.54129,2.37790,0.28731,1.87382
1031,109.77947,0.03335,Yakından incele · supplyFood,True,True,-4.11496,3.87240,-2.31469,2.27868,0.28722,1.87298
1032,109.81384,0.03437,Yakından incele · supplyFood,True,True,-3.94523,3.79132,-2.07315,2.17294,0.30614,1.99677
1033,109.84810,0.03426,Yakından incele · supplyFood,True,True,-3.77475,3.70988,-1.83054,2.06672,0.30750,2.00537
1034,109.88177,0.03367,Yakından incele · supplyFood,True,True,-3.60226,3.62749,-1.58509,1.95925,0.31111,2.02904
1035,109.91341,0.03164,Yakından incele · supplyFood,True,True,-3.43494,3.54756,-1.34698,1.85500,0.30180,1.96834
1036,109.94591,0.03249,Yakından incele · supplyFood,True,True,-3.27418,3.47077,-1.11822,1.75485,0.28994,1.89128
1037,109.97947,0.03357,Yakından incele · supplyFood,True,True,-3.10744,3.39111,-0.88093,1.65096,0.30076,1.96197
1038,110.01264,0.03316,Yakından incele · supplyFood,True,True,-2.94852,3.31520,-0.65478,1.55195,0.28664,1.86964
1039,110.04643,0.03379,Yakından incele · supplyFood,True,True,-2.79358,3.24119,-0.43429,1.45542,0.27946,1.82257
1040,110.08007,0.03364,Yakından incele · supplyFood,True,True,-2.64478,3.17011,-0.22255,1.36271,0.26838,1.75073
1041,110.11394,0.03387,Yakından incele · supplyFood,True,True,-2.50764,3.10459,-0.02739,1.27727,0.24736,1.61394
1042,110.14809,0.03415,Yakından incele · supplyFood,True,True,-2.37597,3.04170,0.15998,1.19523,0.23749,1.54860
1043,110.18160,0.03351,Yakından incele · supplyFood,True,True,-2.25729,2.98500,0.32888,1.12129,0.21407,1.39603
1044,110.21359,0.03200,Yakından incele · supplyFood,True,True,-2.15589,2.93657,0.47316,1.05812,0.18288,1.19287
1045,110.24672,0.03312,Yakından incele · supplyFood,True,True,-2.06709,2.89415,0.59953,1.00280,0.16017,1.04454
1046,110.27973,0.03301,Yakından incele · supplyFood,True,True,-1.99110,2.85785,0.70767,0.95545,0.13706,0.89262
1047,110.31243,0.03270,Yakından incele · supplyFood,True,True,-1.93417,2.83065,0.78869,0.91998,0.10269,0.66910
1048,110.34585,0.03342,Yakından incele · supplyFood,True,True,-1.89356,2.81126,0.84647,0.89468,0.07324,0.47642
1049,110.37936,0.03351,Yakından incele · supplyFood,True,True,-1.87271,2.80129,0.87615,0.88169,0.03762,0.24389
1050,110.41339,0.03403,Yakından incele · supplyFood,False,True,-1.87000,2.80000,0.88000,0.88000,0.00488,0.00000
1051,110.45203,0.03864,Yakından incele · supplyFood,False,True,-1.87000,2.80000,0.88000,0.88000,0.00000,0.00000
1052,110.48058,0.02856,Yakından incele · supplyFood,False,True,-1.87000,2.80000,0.88000,0.88000,0.00000,0.00000
1053,110.51406,0.03347,Yakından incele · supplyFood,False,True,-1.87000,2.80000,0.88000,0.88000,0.00000,0.00000
1054,110.54725,0.03319,Yakından incele · supplyFood,False,True,-1.87000,2.80000,0.88000,0.88000,0.00000,0.00000
1055,110.58510,0.03785,Yakından incele · supplyFood,False,True,-1.87000,2.80000,0.88000,0.88000,0.00000,0.00000
1056,110.62261,0.03751,Yakından incele · supplyFood,False,True,-1.87000,2.80000,0.88000,0.88000,0.00000,0.00000
1057,110.65611,0.03351,Yakından incele · supplyFood,False,True,-1.87000,2.80000,0.88000,0.88000,0.00000,0.00000
1058,110.68649,0.03038,Yakından incele · supplyFood,False,True,-1.87000,2.80000,0.88000,0.88000,0.00000,0.00000
1059,110.71899,0.03250,Yakından incele · supplyFood,False,True,-1.87000,2.80000,0.88000,0.88000,0.00000,0.00000
1060,110.75518,0.03619,Yakından incele · supplyFood,False,True,-1.87000,2.80000,0.88000,0.88000,0.00000,0.00000
1061,110.78842,0.03324,Yakından incele · supplyFood,False,True,-1.87000,2.80000,0.88000,0.88000,0.00000,0.00000
1062,110.81956,0.03114,Yakından incele · supplyFood,False,True,-1.87000,2.80000,0.88000,0.88000,0.00000,0.00000
1063,110.85242,0.03285,Yakından incele · supplyFood,False,True,-1.87000,2.80000,0.88000,0.88000,0.00000,0.00000
1064,110.88742,0.03500,Yakından incele · supplyFood,False,True,-1.87000,2.80000,0.88000,0.88000,0.00000,0.00000
1065,110.91949,0.03207,Yakından incele · supplyFood,False,True,-1.87000,2.80000,0.88000,0.88000,0.00000,0.00000
1066,110.95104,0.03155,Yakından incele · supplyFood,False,True,-1.87000,2.80000,0.88000,0.88000,0.00000,0.00000
1067,110.98803,0.03699,Yakından incele · supplyFood,False,True,-1.87000,2.80000,0.88000,0.88000,0.00000,0.00000
1068,111.01953,0.03150,Yakından incele · supplyFood,False,True,-1.87000,2.80000,0.88000,0.88000,0.00000,0.00000
1069,111.04994,0.03041,Yakından incele · supplyFood,False,True,-1.87000,2.80000,0.88000,0.88000,0.00000,0.00000
1070,111.08135,0.03141,Yakından incele · supplyFood,False,True,-1.87000,2.80000,0.88000,0.88000,0.00000,0.00000
1071,111.11651,0.03516,Yakından incele · supplyFood,False,True,-1.87000,2.80000,0.88000,0.88000,0.00000,0.00000
1072,111.15248,0.03597,Yakından incele · supplyFood,False,True,-1.87000,2.80000,0.88000,0.88000,0.00000,0.00000
1073,111.18531,0.03283,Yakından incele · supplyFood,False,True,-1.87000,2.80000,0.88000,0.88000,0.00000,0.00000
1074,111.21324,0.02793,Yakından incele · supplyFood,False,True,-1.87000,2.80000,0.88000,0.88000,0.00000,0.00000
1075,111.24678,0.03354,Yakından incele · supplyFood,False,True,-1.87000,2.80000,0.88000,0.88000,0.00000,0.00000
1076,111.28039,0.03361,Yakından incele · supplyFood,False,True,-1.87000,2.80000,0.88000,0.88000,0.00000,0.00000
1077,111.31404,0.03365,Yakından incele · supplyFood,False,True,-1.87000,2.80000,0.88000,0.88000,0.00000,0.00000
1078,111.34736,0.03332,Yakından incele · supplyFood,False,True,-1.87000,2.80000,0.88000,0.88000,0.00000,0.00000
1079,111.38056,0.03320,Yakından incele · supplyFood,False,True,-1.87000,2.80000,0.88000,0.88000,0.00000,0.00000
1080,111.41410,0.03354,Yakından incele · supplyFood,False,True,-1.87000,2.80000,0.88000,0.88000,0.00000,0.00000
1081,111.44767,0.03358,Yakından incele · supplyFood,False,True,-1.87000,2.80000,0.88000,0.88000,0.00000,0.00000
1082,111.48180,0.03413,Yakından incele · supplyFood,False,True,-1.87000,2.80000,0.88000,0.88000,0.00000,0.00000
1083,111.51551,0.03371,Yakından incele · supplyFood,False,True,-1.87000,2.80000,0.88000,0.88000,0.00000,0.00000
1084,111.54847,0.03297,Yakından incele · supplyFood,False,True,-1.87000,2.80000,0.88000,0.88000,0.00000,0.00000
1085,111.58179,0.03332,Yakından incele · supplyFood,False,True,-1.87000,2.80000,0.88000,0.88000,0.00000,0.00000
1086,111.61938,0.03759,Yakından incele · supplyFood,False,True,-1.87000,2.80000,0.88000,0.88000,0.00000,0.00000
1087,111.65206,0.03268,Yakından incele · supplyFood,False,True,-1.87000,2.80000,0.88000,0.88000,0.00000,0.00000
1088,111.68124,0.02918,Yakından incele · supplyFood,False,True,-1.87000,2.80000,0.88000,0.88000,0.00000,0.00000
1089,111.71820,0.03695,Yakından incele · supplyFood,False,True,-1.87000,2.80000,0.88000,0.88000,0.00000,0.00000
1090,111.75498,0.03679,Yakından incele · supplyFood,False,True,-1.87000,2.80000,0.88000,0.88000,0.00000,0.00000
1091,111.84057,0.08559,Ada ile odada gezin,True,True,-1.93281,2.83000,0.79062,0.91913,0.11328,0.73807
1092,111.85089,0.01031,Ada ile odada gezin,True,True,-1.95767,2.84188,0.75524,0.93462,0.04485,0.28804
1093,111.86666,0.01577,Ada ile odada gezin,True,True,-1.98630,2.85556,0.71450,0.95246,0.05164,0.33338
1094,111.88243,0.01576,Ada ile odada gezin,True,True,-2.01954,2.87143,0.66720,0.97317,0.05995,0.38765
1095,111.91858,0.03615,Ada ile odada gezin,True,True,-2.10051,2.91011,0.55198,1.02361,0.14604,0.95202
1096,111.95412,0.03554,Ada ile odada gezin,True,True,-2.20958,2.96221,0.39677,1.09157,0.19673,1.28266
1097,111.98230,0.02818,Ada ile odada gezin,True,True,-2.30976,3.01007,0.25420,1.15398,0.18069,1.17834
1098,112.01433,0.03203,Ada ile odada gezin,True,True,-2.42384,3.06457,0.09185,1.22506,0.20577,1.34171
1099,112.04767,0.03334,Ada ile odada gezin,True,True,-2.55942,3.12933,-0.10107,1.30953,0.24453,1.59443
1100,112.08012,0.03245,Ada ile odada gezin,True,True,-2.69786,3.19546,-0.29808,1.39578,0.24971,1.62891
1101,112.11340,0.03328,Ada ile odada gezin,True,True,-2.84661,3.26652,-0.50976,1.48846,0.26829,1.74983
1102,112.14629,0.03289,Ada ile odada gezin,True,True,-3.00391,3.34166,-0.73360,1.58646,0.28371,1.85070
1103,112.17913,0.03284,Ada ile odada gezin,True,True,-3.16205,3.41720,-0.95865,1.68499,0.28524,1.86082
1104,112.21300,0.03387,Ada ile odada gezin,True,True,-3.32930,3.49710,-1.19665,1.78919,0.30166,1.96755
1105,112.24745,0.03445,Ada ile odada gezin,True,True,-3.50142,3.57932,-1.44159,1.89643,0.31045,2.02480
1106,112.28028,0.03283,Ada ile odada gezin,True,True,-3.66993,3.65981,-1.68139,2.00142,0.30394,1.98221
1107,112.31282,0.03254,Ada ile odada gezin,True,True,-3.83756,3.73989,-1.91993,2.10586,0.30235,1.97152
1108,112.34682,0.03401,Ada ile odada gezin,True,True,-4.00324,3.81903,-2.15570,2.20907,0.29882,1.94916
1109,112.39084,0.04401,Ada ile odada gezin,True,True,-4.21872,3.92196,-2.46234,2.34333,0.38866,2.53559
1110,112.42392,0.03308,Ada ile odada gezin,True,True,-4.37805,3.99808,-2.68908,2.44260,0.28739,1.87424
1111,112.45581,0.03189,Ada ile odada gezin,True,True,-4.53019,4.07075,-2.90557,2.53738,0.27440,1.78920
1112,112.48880,0.03299,Ada ile odada gezin,True,True,-4.67116,4.13809,-3.10617,2.62521,0.25426,1.65843
1113,112.52255,0.03375,Ada ile odada gezin,True,True,-4.81306,4.20587,-3.30811,2.71362,0.25595,1.66972
1114,112.55575,0.03320,Ada ile odada gezin,True,True,-4.93672,4.26494,-3.48408,2.79066,0.22305,1.45479
1115,112.58961,0.03386,Ada ile odada gezin,True,True,-5.05530,4.32159,-3.65283,2.86455,0.21389,1.39491
1116,112.62262,0.03300,Ada ile odada gezin,True,True,-5.15759,4.37045,-3.79839,2.92827,0.18449,1.20267
1117,112.65595,0.03333,Ada ile odada gezin,True,True,-5.24603,4.41270,-3.92424,2.98337,0.15951,1.03928
1118,112.68842,0.03247,Ada ile odada gezin,True,True,-5.31898,4.44755,-4.02806,3.02883,0.13159,0.85683
1119,112.72177,0.03335,Ada ile odada gezin,True,True,-5.37447,4.47405,-4.10702,3.06339,0.10008,0.65252
1120,112.75691,0.03514,Ada ile odada gezin,True,True,-5.41389,4.49289,-4.16312,3.08796,0.07111,0.46309
1121,112.78911,0.03220,Ada ile odada gezin,True,True,-5.43180,4.50144,-4.18860,3.09911,0.03230,0.20936
1122,112.82200,0.03289,Ada ile odada gezin,False,True,-5.43322,4.50212,-4.19063,3.10000,0.00257,0.00000
1123,112.85664,0.03464,Ada ile odada gezin,False,True,-5.43322,4.50212,-4.19063,3.10000,0.00000,0.00000
1124,112.88851,0.03187,Ada ile odada gezin,False,True,-5.43111,4.50176,-4.18926,3.10000,0.00254,0.00000
1125,112.92237,0.03386,Ada ile odada gezin,False,True,-5.42486,4.50118,-4.18826,3.10000,0.00636,0.00000
1126,112.95524,0.03287,Ada ile odada gezin,False,True,-5.41511,4.50021,-4.18550,3.10000,0.01018,0.00000
1127,112.98917,0.03393,Ada ile odada gezin,False,True,-5.40090,4.49918,-4.18360,3.10000,0.01438,0.00000
1128,113.02298,0.03381,Ada ile odada gezin,False,True,-5.38383,4.49792,-4.17984,3.10000,0.01752,0.00000
1129,113.05589,0.03291,Ada ile odada gezin,False,True,-5.36488,4.49694,-4.17759,3.10000,0.01911,0.00000
1130,113.08909,0.03320,Ada ile odada gezin,False,True,-5.34376,4.49580,-4.17354,3.10000,0.02154,0.00000
1131,113.12187,0.03278,Ada ile odada gezin,False,True,-5.32179,4.49501,-4.17104,3.10000,0.02212,0.00000
1132,113.15571,0.03384,Ada ile odada gezin,False,True,-5.29986,4.49425,-4.16725,3.10000,0.02227,0.00000
1133,113.18891,0.03320,Ada ile odada gezin,False,True,-5.27924,4.49366,-4.16210,3.10000,0.02126,0.00000
1134,113.22162,0.03271,Ada ile odada gezin,False,True,-5.26170,4.49325,-4.15594,3.10000,0.01859,0.00000
1135,113.25588,0.03426,Ada ile odada gezin,False,True,-5.24560,4.49297,-4.14860,3.10000,0.01770,0.00000
1136,113.29058,0.03470,Ada ile odada gezin,False,True,-5.23049,4.49280,-4.14037,3.10000,0.01721,0.00000
1137,113.32249,0.03191,Ada ile odada gezin,False,True,-5.21725,4.49273,-4.13230,3.10000,0.01550,0.00000
1138,113.35567,0.03318,Ada ile odada gezin,False,True,-5.20476,4.49270,-4.12408,3.10000,0.01496,0.00000
1139,113.39016,0.03448,Ada ile odada gezin,False,True,-5.19186,4.49267,-4.11515,3.10000,0.01568,0.00000
1140,113.42383,0.03367,Ada ile odada gezin,False,True,-5.17957,4.49267,-4.10639,3.10000,0.01509,0.00000
1141,113.45837,0.03454,Ada ile odada gezin,False,True,-5.16759,4.49269,-4.09770,3.10000,0.01480,0.00000
1142,113.49134,0.03297,Ada ile odada gezin,False,True,-5.15506,4.49270,-4.08854,3.10000,0.01552,0.00000
1143,113.52295,0.03161,Ada ile odada gezin,False,True,-5.14383,4.49274,-4.08032,3.10000,0.01392,0.00000
1144,113.55613,0.03319,Ada ile odada gezin,False,True,-5.13200,4.49276,-4.07168,3.10000,0.01465,0.00000
1145,113.58970,0.03356,Ada ile odada gezin,False,True,-5.11984,4.49268,-4.06243,3.10000,0.01527,0.00000
1146,113.62254,0.03284,Ada ile odada gezin,False,True,-5.10761,4.49257,-4.05291,3.10000,0.01550,0.00000
1147,113.65535,0.03281,Ada ile odada gezin,False,True,-5.09580,4.49256,-4.04384,3.10000,0.01490,0.00000
1148,113.68889,0.03354,Ada ile odada gezin,False,True,-5.08419,4.49261,-4.03491,3.10000,0.01465,0.00000
1149,113.72438,0.03549,Ada ile odada gezin,False,True,-5.07248,4.49270,-4.02575,3.10000,0.01487,0.00000
1150,113.75623,0.03185,Ada ile odada gezin,False,True,-5.06185,4.49284,-4.01725,3.10000,0.01361,0.00000
1151,113.78944,0.03322,Ada ile odada gezin,False,True,-5.05188,4.49299,-4.00906,3.10000,0.01290,0.00000
1152,113.82416,0.03472,Ada ile odada gezin,False,True,-5.04137,4.49315,-4.00017,3.10000,0.01377,0.00000
1153,113.85648,0.03232,Ada ile odada gezin,False,True,-5.03202,4.49332,-3.99202,3.10000,0.01241,0.00000
1154,113.89000,0.03352,Ada ile odada gezin,False,True,-5.02290,4.49348,-3.98386,3.10000,0.01224,0.00000
1155,113.92326,0.03326,Ada ile odada gezin,False,True,-5.01375,4.49364,-3.97543,3.10000,0.01245,0.00000
1156,113.95679,0.03353,Ada ile odada gezin,False,True,-5.00524,4.49380,-3.96741,3.10000,0.01169,0.00000
1157,113.99020,0.03341,Ada ile odada gezin,False,True,-4.99666,4.49394,-3.95913,3.10000,0.01193,0.00000
1158,114.02277,0.03257,Ada ile odada gezin,False,True,-4.98851,4.49407,-3.95111,3.10000,0.01143,0.00000
1159,114.05709,0.03433,Ada ile odada gezin,False,True,-4.97985,4.49414,-3.94317,3.10000,0.01175,0.00000
1160,114.09381,0.03672,Ada ile odada gezin,False,True,-4.97047,4.49418,-3.93494,3.10000,0.01248,0.00000
1161,114.12641,0.03260,Ada ile odada gezin,False,True,-4.96054,4.49437,-3.92795,3.10000,0.01215,0.00000
1162,114.15947,0.03306,Ada ile odada gezin,False,True,-4.95169,4.49474,-3.92359,3.10000,0.00987,0.00000
1163,114.19108,0.03161,Ada ile odada gezin,False,True,-4.94352,4.49530,-3.92032,3.10000,0.00882,0.00000
1164,114.22356,0.03249,Ada ile odada gezin,False,True,-4.93497,4.49580,-3.91808,3.10000,0.00885,0.00000
1165,114.25601,0.03245,Ada ile odada gezin,False,True,-4.92499,4.49615,-3.91653,3.10000,0.01011,0.00000
1166,114.28956,0.03355,Ada ile odada gezin,False,True,-4.91430,4.49644,-3.91543,3.10000,0.01075,0.00000
1167,114.32316,0.03360,Ada ile odada gezin,False,True,-4.90334,4.49670,-3.91465,3.10000,0.01099,0.00000
1168,114.35726,0.03411,Ada ile odada gezin,False,True,-4.89236,4.49694,-3.91408,3.10000,0.01100,0.00000
1169,114.38954,0.03227,Ada ile odada gezin,False,True,-4.88183,4.49714,-3.91370,3.10000,0.01054,0.00000
1170,114.42278,0.03324,Ada ile odada gezin,False,True,-4.87098,4.49728,-3.91343,3.10000,0.01086,0.00000
1171,114.45671,0.03393,Ada ile odada gezin,False,True,-4.85945,4.49739,-3.91324,3.10000,0.01153,0.00000
1172,114.48948,0.03277,Ada ile odada gezin,False,True,-4.84638,4.49732,-3.91317,3.10000,0.01307,0.00000
1173,114.52359,0.03411,Ada ile odada gezin,False,True,-4.83154,4.49713,-3.91318,3.10000,0.01484,0.00000
1174,114.55650,0.03291,Ada ile odada gezin,False,True,-4.81734,4.49706,-3.91317,3.10000,0.01419,0.00000
1175,114.58863,0.03213,Ada ile odada gezin,False,True,-4.80635,4.49721,-3.91307,3.10000,0.01100,0.00000
1176,114.62253,0.03390,Ada ile odada gezin,False,True,-4.79665,4.49747,-3.91294,3.10000,0.00970,0.00000
1177,114.65617,0.03364,Ada ile odada gezin,False,True,-4.78722,4.49773,-3.91281,3.10000,0.00943,0.00000
1178,114.68901,0.03283,Ada ile odada gezin,False,True,-4.77645,4.49778,-3.91278,3.10000,0.01077,0.00000
1179,114.72238,0.03338,Ada ile odada gezin,False,True,-4.76197,4.49753,-3.91288,3.10000,0.01449,0.00000
1180,114.75594,0.03356,Ada ile odada gezin,False,True,-4.74778,4.49735,-3.91296,3.10000,0.01418,0.00000
1181,114.78992,0.03397,Ada ile odada gezin,False,True,-4.73423,4.49730,-3.91298,3.10000,0.01355,0.00000
1182,114.82284,0.03292,Ada ile odada gezin,False,True,-4.72161,4.49729,-3.91298,3.10000,0.01262,0.00000
1183,114.85654,0.03369,Ada ile odada gezin,False,True,-4.70880,4.49729,-3.91298,3.10000,0.01281,0.00000
1184,114.89094,0.03441,Ada ile odada gezin,False,True,-4.69555,4.49727,-3.91298,3.10000,0.01325,0.00000
1185,114.92402,0.03308,Ada ile odada gezin,False,True,-4.68250,4.49725,-3.91299,3.10000,0.01306,0.00000
1186,114.95651,0.03249,Ada ile odada gezin,False,True,-4.66880,4.49716,-3.91303,3.10000,0.01370,0.00000
1187,114.98968,0.03317,Ada ile odada gezin,False,True,-4.65190,4.49684,-3.91317,3.10000,0.01690,0.00000
1188,115.02293,0.03325,Ada ile odada gezin,False,True,-4.63382,4.49650,-3.91332,3.10000,0.01808,0.00000
1189,115.05662,0.03369,Ada ile odada gezin,False,True,-4.61520,4.49620,-3.91345,3.10000,0.01862,0.00000
1190,115.09037,0.03375,Ada ile odada gezin,False,True,-4.59620,4.49592,-3.91357,3.10000,0.01901,0.00000
1191,115.12319,0.03282,Ada ile odada gezin,False,True,-4.57332,4.49540,-3.91380,3.10000,0.02288,0.00000
1192,115.15580,0.03261,Ada ile odada gezin,False,True,-4.54574,4.49456,-3.91417,3.10000,0.02760,0.00000
1193,115.18923,0.03343,Ada ile odada gezin,False,True,-4.51224,4.49346,-3.91465,3.10000,0.03351,0.00000
1194,115.22245,0.03322,Ada ile odada gezin,False,True,-4.47301,4.49212,-3.91523,3.10000,0.03926,0.00000
1195,115.25580,0.03334,Ada ile odada gezin,False,True,-4.43026,4.49075,-3.91583,3.10000,0.04278,0.00000
1196,115.28979,0.03400,Ada ile odada gezin,False,True,-4.38249,4.48936,-3.91644,3.10000,0.04779,0.00000
1197,115.32237,0.03258,Ada ile odada gezin,False,True,-4.33400,4.48813,-3.91698,3.10000,0.04851,0.00000
1198,115.35557,0.03320,Ada ile odada gezin,False,True,-4.28537,4.48709,-3.91743,3.10000,0.04865,0.00000
1199,115.39030,0.03473,Ada ile odada gezin,False,True,-4.23075,4.48605,-3.91789,3.10000,0.05463,0.00000
1200,115.42271,0.03241,Ada ile odada gezin,False,True,-4.18055,4.48526,-3.91823,3.10000,0.05021,0.00000
1201,115.45607,0.03336,Ada ile odada gezin,False,True,-4.12537,4.48446,-3.91858,3.10000,0.05519,0.00000
1202,115.48989,0.03382,Ada ile odada gezin,False,True,-4.07067,4.48379,-3.91888,3.10000,0.05470,0.00000
1203,115.52328,0.03339,Ada ile odada gezin,False,True,-4.01498,4.48321,-3.91913,3.10000,0.05569,0.00000
1204,115.55623,0.03295,Ada ile odada gezin,False,True,-3.96141,4.48259,-3.91704,3.10000,0.05362,0.00000
1205,115.59111,0.03488,Ada ile odada gezin,False,True,-3.90789,4.48191,-3.91305,3.10000,0.05367,0.00000
1206,115.62429,0.03318,Ada ile odada gezin,False,True,-3.85151,4.48111,-3.90719,3.10000,0.05669,0.00000
1207,115.65618,0.03189,Ada ile odada gezin,False,True,-3.80016,4.48046,-3.90079,3.10000,0.05175,0.00000
1208,115.70022,0.04404,Ada ile odada gezin,False,True,-3.72527,4.47927,-3.89023,3.10000,0.07564,0.00000
1209,115.73390,0.03368,Ada ile odada gezin,False,True,-3.67109,4.47883,-3.88226,3.10000,0.05477,0.00000
1210,115.76724,0.03334,Ada ile odada gezin,False,True,-3.61685,4.47841,-3.87415,3.10000,0.05484,0.00000
1211,115.80035,0.03311,Ada ile odada gezin,False,True,-3.56142,4.47801,-3.86570,3.10000,0.05607,0.00000
1212,115.83305,0.03270,Ada ile odada gezin,False,True,-3.50733,4.47767,-3.85724,3.10000,0.05475,0.00000
1213,115.86621,0.03316,Ada ile odada gezin,False,True,-3.45214,4.47735,-3.84839,3.10000,0.05589,0.00000
1214,115.90030,0.03408,Ada ile odada gezin,False,True,-3.39556,4.47703,-3.83906,3.10000,0.05735,0.00000
1215,115.93287,0.03257,Ada ile odada gezin,False,True,-3.34166,4.47688,-3.83005,3.10000,0.05465,0.00000
1216,115.96673,0.03386,Ada ile odada gezin,False,True,-3.28790,4.47679,-3.82089,3.10000,0.05453,0.00000
1217,116.00005,0.03332,Ada ile odada gezin,False,True,-3.23296,4.47677,-3.81139,3.10000,0.05575,0.00000
1218,116.03278,0.03274,Ada ile odada gezin,False,True,-3.18140,4.47680,-3.80240,3.10000,0.05234,0.00000
1219,116.06678,0.03399,Ada ile odada gezin,False,True,-3.12744,4.47679,-3.79287,3.10000,0.05480,0.00000
1220,116.09993,0.03315,Ada ile odada gezin,False,True,-3.07340,4.47674,-3.78349,3.10000,0.05484,0.00000
1221,116.13336,0.03343,Ada ile odada gezin,False,True,-3.01935,4.47667,-3.77410,3.10000,0.05486,0.00000
1222,116.16634,0.03298,Ada ile odada gezin,False,True,-2.96526,4.47657,-3.76459,3.10000,0.05491,0.00000
1223,116.19939,0.03304,Ada ile odada gezin,False,True,-2.91146,4.47651,-3.75503,3.10000,0.05465,0.00000
1224,116.23290,0.03351,Ada ile odada gezin,False,True,-2.85743,4.47647,-3.74554,3.10000,0.05485,0.00000
1225,116.26607,0.03317,Ada ile odada gezin,False,True,-2.80284,4.47642,-3.73589,3.10000,0.05544,0.00000
1226,116.29903,0.03296,Ada ile odada gezin,False,True,-2.74980,4.47643,-3.72640,3.10000,0.05388,0.00000
1227,116.33309,0.03406,Ada ile odada gezin,False,True,-2.69648,4.47646,-3.71667,3.10000,0.05420,0.00000
1228,116.36655,0.03346,Ada ile odada gezin,False,True,-2.64183,4.47644,-3.70655,3.10000,0.05558,0.00000
1229,116.39980,0.03325,Ada ile odada gezin,False,True,-2.58925,4.47646,-3.69682,3.10000,0.05347,0.00000
1230,116.43460,0.03480,Ada ile odada gezin,False,True,-2.53487,4.47646,-3.68667,3.10000,0.05532,0.00000
1231,116.46693,0.03233,Ada ile odada gezin,False,True,-2.48177,4.47651,-3.67655,3.10000,0.05405,0.00000
1232,116.49994,0.03301,Ada ile odada gezin,False,True,-2.43206,4.47657,-3.66688,3.10000,0.05064,0.00000
1233,116.53376,0.03382,Ada ile odada gezin,False,True,-2.37718,4.47652,-3.65606,3.10000,0.05594,0.00000
1234,116.56624,0.03248,Ada ile odada gezin,False,True,-2.32644,4.47655,-3.64597,3.10000,0.05174,0.00000
1235,116.60031,0.03407,Ada ile odada gezin,False,True,-2.27430,4.47656,-3.63521,3.10000,0.05324,0.00000
1236,116.63394,0.03363,Ada ile odada gezin,False,True,-2.22173,4.47643,-3.62317,3.10000,0.05393,0.00000
1237,116.66663,0.03269,Ada ile odada gezin,False,True,-2.17090,4.47599,-3.60840,3.10000,0.05293,0.00000
1238,116.69981,0.03318,Ada ile odada gezin,False,True,-2.12117,4.47530,-3.59062,3.10000,0.05282,0.00000
1239,116.73397,0.03415,Ada ile odada gezin,False,True,-2.06970,4.47441,-3.56924,3.10000,0.05574,0.00000
1240,116.76738,0.03342,Ada ile odada gezin,False,True,-2.02046,4.47357,-3.54635,3.10000,0.05431,0.00000
1241,116.80019,0.03281,Ada ile odada gezin,False,True,-1.97121,4.47271,-3.52103,3.10000,0.05538,0.00000
1242,116.83344,0.03325,Ada ile odada gezin,False,True,-1.92473,4.47195,-3.49480,3.10000,0.05337,0.00000
1243,116.86670,0.03326,Ada ile odada gezin,False,True,-1.87663,4.47109,-3.46496,3.10000,0.05661,0.00000
1244,116.89956,0.03286,Ada ile odada gezin,False,True,-1.83252,4.47038,-3.43542,3.10000,0.05310,0.00000
1245,116.94721,0.04765,Ada ile odada gezin,False,True,-1.78454,4.46957,-3.40146,3.10000,0.05879,0.00000
1246,116.98081,0.03360,Ada ile odada gezin,False,True,-1.72113,4.46861,-3.35463,3.10000,0.07883,0.00000
1247,117.00057,0.01976,Ada ile odada gezin,False,True,-1.69878,4.46908,-3.33757,3.10000,0.02813,0.00000
1248,117.03352,0.03295,Ada ile odada gezin,False,True,-1.66245,4.46987,-3.30930,3.10000,0.04604,0.00000
1249,117.06692,0.03341,Ada ile odada gezin,False,True,-1.63075,4.47134,-3.28456,3.10000,0.04024,0.00000
1250,117.10103,0.03411,Ada ile odada gezin,False,True,-1.60427,4.47344,-3.26333,3.10000,0.03400,0.00000
1251,117.13405,0.03302,Ada ile odada gezin,False,True,-1.58395,4.47614,-3.24604,3.10000,0.02682,0.00000
1252,117.16621,0.03216,Ada ile odada gezin,False,True,-1.57094,4.47919,-3.23353,3.10000,0.01831,0.00000
1253,117.19986,0.03364,Ada ile odada gezin,False,True,-1.56438,4.48274,-3.22482,3.10000,0.01147,0.00000
1254,117.23372,0.03387,Ada ile odada gezin,False,True,-1.56438,4.48619,-3.21678,3.10000,0.00875,0.00000
1255,117.26634,0.03262,Ada ile odada gezin,False,True,-1.56964,4.48915,-3.20795,3.10000,0.01069,0.00000
1256,117.29906,0.03272,Ada ile odada gezin,False,True,-1.57831,4.49164,-3.19877,3.10000,0.01287,0.00000
1257,117.33346,0.03440,Ada ile odada gezin,False,True,-1.58990,4.49381,-3.18892,3.10000,0.01536,0.00000
1258,117.36684,0.03338,Ada ile odada gezin,False,True,-1.60347,4.49563,-3.17882,3.10000,0.01701,0.00000
1259,117.40022,0.03338,Ada ile odada gezin,False,True,-1.61710,4.49737,-3.17166,3.10000,0.01549,0.00000
1260,117.43418,0.03396,Ada ile odada gezin,False,True,-1.63102,4.49932,-3.16886,3.10000,0.01433,0.00000
1261,117.46651,0.03233,Ada ile odada gezin,False,True,-1.64271,4.50112,-3.17018,3.10000,0.01190,0.00000
1262,117.50037,0.03386,Ada ile odada gezin,False,True,-1.65349,4.50295,-3.17558,3.10000,0.01220,0.00000
1263,117.53363,0.03326,Ada ile odada gezin,False,True,-1.66324,4.50461,-3.18366,3.10000,0.01277,0.00000
1264,117.56662,0.03299,Ada ile odada gezin,False,True,-1.67248,4.50610,-3.19370,3.10000,0.01372,0.00000
1265,117.59972,0.03310,Ada ile odada gezin,False,True,-1.68112,4.50734,-3.20474,3.10000,0.01407,0.00000
1266,117.63281,0.03310,Ada ile odada gezin,False,True,-1.68984,4.50844,-3.21709,3.10000,0.01517,0.00000
1267,117.66640,0.03359,Ada ile odada gezin,False,True,-1.69820,4.50933,-3.22968,3.10000,0.01514,0.00000
1268,117.69970,0.03330,Ada ile odada gezin,False,True,-1.70691,4.51011,-3.24334,3.10000,0.01622,0.00000
1269,117.73361,0.03391,Ada ile odada gezin,False,True,-1.71554,4.51061,-3.25552,3.10000,0.01493,0.00000
1270,117.76765,0.03404,Ada ile odada gezin,False,True,-1.72466,4.51109,-3.26913,3.10000,0.01639,0.00000
1271,117.79965,0.03200,Ada ile odada gezin,False,True,-1.73357,4.51137,-3.28124,3.10000,0.01503,0.00000
1272,117.83289,0.03324,Ada ile odada gezin,False,True,-1.74227,4.51165,-3.29381,3.10000,0.01529,0.00000
1273,117.86667,0.03378,Ada ile odada gezin,False,True,-1.75181,4.51182,-3.30641,3.10000,0.01580,0.00000
1274,117.89968,0.03301,Ada ile odada gezin,False,True,-1.76110,4.51190,-3.31793,3.10000,0.01480,0.00000
1275,117.93381,0.03413,Ada ile odada gezin,False,True,-1.77086,4.51195,-3.32949,3.10000,0.01513,0.00000
1276,117.96782,0.03401,Ada ile odada gezin,False,True,-1.78099,4.51197,-3.34108,3.10000,0.01539,0.00000
1277,117.99958,0.03176,Ada ile odada gezin,False,True,-1.79045,4.51195,-3.35166,3.10000,0.01419,0.00000
1278,118.03239,0.03281,Ada ile odada gezin,False,True,-1.80022,4.51193,-3.36239,3.10000,0.01451,0.00000
1279,118.06632,0.03392,Ada ile odada gezin,False,True,-1.81015,4.51191,-3.37322,3.10000,0.01469,0.00000
1280,118.10008,0.03377,Ada ile odada gezin,False,True,-1.82011,4.51188,-3.38413,3.10000,0.01477,0.00000
1281,118.13353,0.03344,Ada ile odada gezin,False,True,-1.83027,4.51173,-3.39375,3.10000,0.01399,0.00000
1282,118.16725,0.03372,Ada ile odada gezin,False,True,-1.84074,4.51141,-3.40136,3.10000,0.01295,0.00000
1283,118.20164,0.03439,Ada ile odada gezin,False,True,-1.85168,4.51100,-3.40780,3.10000,0.01271,0.00000
1284,118.23364,0.03199,Ada ile odada gezin,False,True,-1.86226,4.51057,-3.41312,3.10000,0.01185,0.00000
1285,118.26577,0.03213,Ada ile odada gezin,False,True,-1.87266,4.51004,-3.41659,3.10000,0.01097,0.00000
1286,118.29922,0.03345,Ada ile odada gezin,False,True,-1.88341,4.50947,-3.41893,3.10000,0.01102,0.00000
1287,118.33331,0.03410,Ada ile odada gezin,False,True,-1.89428,4.50890,-3.42043,3.10000,0.01099,0.00000
1288,118.36686,0.03354,Ada ile odada gezin,False,True,-1.90481,4.50837,-3.42127,3.10000,0.01057,0.00000
1289,118.40038,0.03353,Ada ile odada gezin,False,True,-1.91516,4.50787,-3.42165,3.10000,0.01037,0.00000
1290,118.43343,0.03305,Ada ile odada gezin,False,True,-1.92488,4.50739,-3.42156,3.10000,0.00973,0.00000
1291,118.46644,0.03300,Ada ile odada gezin,False,True,-1.93328,4.50690,-3.42133,3.10000,0.00842,0.00000
1292,118.50043,0.03399,Ada ile odada gezin,False,True,-1.94239,4.50665,-3.42183,3.10000,0.00913,0.00000
1293,118.53356,0.03313,Ada ile odada gezin,False,True,-1.95328,4.50679,-3.42365,3.10000,0.01104,0.00000
1294,118.56699,0.03342,Ada ile odada gezin,False,True,-1.96714,4.50736,-3.42716,3.10000,0.01431,0.00000
1295,118.60064,0.03365,Ada ile odada gezin,False,True,-1.98142,4.50792,-3.43134,3.10000,0.01489,0.00000
1296,118.63419,0.03355,Ada ile odada gezin,False,True,-1.99794,4.50867,-3.43657,3.10000,0.01734,0.00000
1297,118.66951,0.03532,Ada ile odada gezin,False,True,-2.01424,4.50925,-3.44195,3.10000,0.01717,0.00000
1298,118.70238,0.03287,Ada ile odada gezin,False,True,-2.03313,4.50993,-3.44782,3.10000,0.01979,0.00000
1299,118.73346,0.03108,Ada ile odada gezin,False,True,-2.04980,4.51034,-3.45321,3.10000,0.01753,0.00000
1300,118.76593,0.03247,Ada ile odada gezin,False,True,-2.06819,4.51079,-3.45849,3.10000,0.01914,0.00000
1301,118.79939,0.03346,Ada ile odada gezin,False,True,-2.09053,4.51136,-3.46358,3.10000,0.02292,0.00000
1302,118.83322,0.03383,Ada ile odada gezin,False,True,-2.11276,4.51173,-3.46803,3.10000,0.02267,0.00000
1303,118.86724,0.03403,Ada ile odada gezin,False,True,-2.13819,4.51215,-3.47170,3.10000,0.02569,0.00000
1304,118.90060,0.03336,Ada ile odada gezin,False,True,-2.16734,4.51270,-3.47406,3.10000,0.02926,0.00000
1305,118.93422,0.03362,Ada ile odada gezin,False,True,-2.19857,4.51315,-3.47568,3.10000,0.03127,0.00000
1306,118.96629,0.03207,Ada ile odada gezin,False,True,-2.22750,4.51331,-3.47667,3.10000,0.02895,0.00000
1307,119.01060,0.04431,Ada ile odada gezin,False,True,-2.26962,4.51359,-3.47659,3.10000,0.04212,0.00000
1308,119.04422,0.03362,Ada ile odada gezin,False,True,-2.29841,4.51339,-3.47631,3.10000,0.02879,0.00000
1309,119.07744,0.03323,Ada ile odada gezin,False,True,-2.32809,4.51329,-3.47541,3.10000,0.02970,0.00000
1310,119.11065,0.03321,Ada ile odada gezin,False,True,-2.35835,4.51321,-3.47406,3.10000,0.03029,0.00000
1311,119.14362,0.03297,Ada ile odada gezin,False,True,-2.39141,4.51328,-3.47218,3.10000,0.03311,0.00000
1312,119.17718,0.03356,Ada ile odada gezin,False,True,-2.42503,4.51343,-3.47001,3.10000,0.03369,0.00000
1313,119.21075,0.03357,Ada ile odada gezin,False,True,-2.46403,4.51392,-3.46835,3.10000,0.03904,0.00000
1314,119.24366,0.03291,Ada ile odada gezin,False,True,-2.50423,4.51487,-3.46908,3.10000,0.04021,0.00000
1315,119.27684,0.03318,Ada ile odada gezin,False,True,-2.54917,4.51645,-3.47425,3.10000,0.04526,0.00000
1316,119.30931,0.03247,Ada ile odada gezin,False,True,-2.59452,4.51829,-3.48315,3.10000,0.04626,0.00000
1317,119.34349,0.03418,Ada ile odada gezin,False,True,-2.64250,4.52023,-3.49491,3.10000,0.04944,0.00000
1318,119.37729,0.03381,Ada ile odada gezin,False,True,-2.69373,4.52216,-3.50893,3.10000,0.05315,0.00000
1319,119.40952,0.03223,Ada ile odada gezin,False,True,-2.74328,4.52372,-3.52313,3.10000,0.05156,0.00000
1320,119.44317,0.03364,Ada ile odada gezin,False,True,-2.79286,4.52509,-3.53827,3.10000,0.05186,0.00000
1321,119.47746,0.03429,Ada ile odada gezin,False,True,-2.84636,4.52650,-3.55613,3.10000,0.05643,0.00000
1322,119.51054,0.03308,Ada ile odada gezin,False,True,-2.89816,4.52772,-3.57486,3.10000,0.05509,0.00000
1323,119.54301,0.03247,Ada ile odada gezin,False,True,-2.94688,4.52870,-3.59339,3.10000,0.05214,0.00000
1324,119.57666,0.03365,Ada ile odada gezin,False,True,-3.00014,4.52971,-3.61436,3.10000,0.05725,0.00000
1325,119.60952,0.03287,Ada ile odada gezin,False,True,-3.05078,4.53048,-3.63478,3.10000,0.05461,0.00000
1326,119.64298,0.03346,Ada ile odada gezin,False,True,-3.10275,4.53117,-3.65607,3.10000,0.05617,0.00000
1327,119.67683,0.03384,Ada ile odada gezin,False,True,-3.15504,4.53171,-3.67739,3.10000,0.05648,0.00000
1328,119.71038,0.03355,Ada ile odada gezin,False,True,-3.20750,4.53213,-3.69871,3.10000,0.05662,0.00000
1329,119.74383,0.03345,Ada ile odada gezin,False,True,-3.25964,4.53248,-3.72022,3.10000,0.05641,0.00000
1330,119.77720,0.03337,Ada ile odada gezin,False,True,-3.31182,4.53277,-3.74180,3.10000,0.05646,0.00000
1331,119.80996,0.03276,Ada ile odada gezin,False,True,-3.36386,4.53300,-3.76338,3.10000,0.05634,0.00000
1332,119.84331,0.03335,Ada ile odada gezin,False,True,-3.41487,4.53317,-3.78457,3.10000,0.05524,0.00000
1333,119.87847,0.03516,Ada ile odada gezin,False,True,-3.46900,4.53338,-3.80727,3.10000,0.05869,0.00000
1334,119.91086,0.03240,Ada ile odada gezin,False,True,-3.52180,4.53351,-3.82941,3.10000,0.05726,0.00000
1335,119.94258,0.03171,Ada ile odada gezin,False,True,-3.57126,4.53356,-3.85016,3.10000,0.05364,0.00000
1336,119.97647,0.03389,Ada ile odada gezin,False,True,-3.62320,4.53367,-3.87211,3.10000,0.05639,0.00000
1337,120.01108,0.03462,Ada ile odada gezin,False,True,-3.67796,4.53381,-3.89540,3.10000,0.05950,0.00000
1338,120.04340,0.03232,Ada ile odada gezin,False,True,-3.72848,4.53385,-3.91701,3.10000,0.05495,0.00000
1339,120.07633,0.03294,Ada ile odada gezin,False,True,-3.77996,4.53391,-3.93908,3.10000,0.05601,0.00000
1340,120.10991,0.03357,Ada ile odada gezin,False,True,-3.83173,4.53397,-3.96132,3.10000,0.05635,0.00000
1341,120.14319,0.03329,Ada ile odada gezin,False,True,-3.88470,4.53402,-3.98392,3.10000,0.05758,0.00000
1342,120.17704,0.03385,Ada ile odada gezin,False,True,-3.93566,4.53401,-4.00558,3.10000,0.05537,0.00000
1343,120.21085,0.03381,Ada ile odada gezin,False,True,-3.99031,4.53408,-4.02893,3.10000,0.05943,0.00000
1344,120.24312,0.03227,Ada ile odada gezin,False,True,-4.04032,4.53405,-4.05027,3.10000,0.05438,0.00000
1345,120.27682,0.03370,Ada ile odada gezin,False,True,-4.09280,4.53407,-4.07260,3.10000,0.05703,0.00000
1346,120.30979,0.03296,Ada ile odada gezin,False,True,-4.14483,4.53407,-4.09475,3.10000,0.05655,0.00000
1347,120.34291,0.03312,Ada ile odada gezin,False,True,-4.19636,4.53407,-4.11674,3.10000,0.05602,0.00000
1348,120.37693,0.03402,Ada ile odada gezin,False,True,-4.24847,4.53409,-4.13910,3.10000,0.05671,0.00000
1349,120.41006,0.03313,Ada ile odada gezin,False,True,-4.30165,4.53413,-4.16210,3.10000,0.05794,0.00000
1350,120.44404,0.03398,Ada ile odada gezin,False,True,-4.35171,4.53414,-4.18411,3.10000,0.05468,0.00000
1351,120.48115,0.03711,Ada ile odada gezin,False,True,-4.40613,4.53440,-4.21053,3.10000,0.06050,0.00000
1352,120.51344,0.03229,Ada ile odada gezin,False,True,-4.45739,4.53481,-4.24071,3.10000,0.05949,0.00000
1353,120.54273,0.02929,Ada ile odada gezin,False,True,-4.49592,4.53509,-4.26879,3.10000,0.04768,0.00000
1354,120.57589,0.03316,Ada ile odada gezin,False,True,-4.53530,4.53561,-4.30539,3.10000,0.05376,0.00000
1355,120.61257,0.03669,Ada ile odada gezin,False,True,-4.56889,4.53601,-4.34616,3.10000,0.05282,0.00000
1356,120.65054,0.03797,Ada ile odada gezin,False,True,-4.59845,4.53630,-4.39613,3.10000,0.05807,0.00000
1357,120.68034,0.02979,Ada ile odada gezin,False,True,-4.61796,4.53619,-4.44600,3.10000,0.05355,0.00000
1358,120.71043,0.03009,Ada ile odada gezin,False,True,-4.62850,4.53578,-4.48834,3.10000,0.04363,0.00000
1359,120.74490,0.03448,Ada ile odada gezin,False,True,-4.63630,4.53540,-4.54455,3.10000,0.05675,0.00000
1360,120.77729,0.03238,Ada ile odada gezin,False,True,-4.64013,4.53492,-4.59669,3.10000,0.05229,0.00000
1361,120.81054,0.03325,Ada ile odada gezin,False,True,-4.64171,4.53448,-4.65192,3.10000,0.05525,0.00000
1362,120.84323,0.03269,Ada ile odada gezin,False,True,-4.64167,4.53405,-4.70627,3.10000,0.05435,0.00000
1363,120.87707,0.03384,Ada ile odada gezin,False,True,-4.64048,4.53369,-4.76225,3.10000,0.05600,0.00000
1364,120.91039,0.03333,Ada ile odada gezin,False,True,-4.63845,4.53337,-4.81926,3.10000,0.05705,0.00000
1365,120.94302,0.03262,Ada ile odada gezin,False,True,-4.63598,4.53308,-4.87394,3.10000,0.05473,0.00000
1366,120.97705,0.03403,Ada ile odada gezin,False,True,-4.63301,4.53285,-4.93060,3.10000,0.05674,0.00000
1367,121.00995,0.03290,Ada ile odada gezin,False,True,-4.62969,4.53266,-4.98815,3.10000,0.05764,0.00000
1368,121.04328,0.03333,Ada ile odada gezin,False,True,-4.62628,4.53248,-5.04385,3.10000,0.05581,0.00000
1369,121.07707,0.03379,Ada ile odada gezin,False,True,-4.62269,4.53233,-5.09953,3.10000,0.05579,0.00000
1370,121.11044,0.03336,Ada ile odada gezin,False,True,-4.61860,4.53222,-5.15767,3.10000,0.05828,0.00000
1371,121.14297,0.03253,Ada ile odada gezin,False,True,-4.61471,4.53208,-5.21224,3.10000,0.05471,0.00000
1372,121.17736,0.03439,Ada ile odada gezin,False,True,-4.61058,4.53200,-5.26912,3.10000,0.05703,0.00000
1373,121.21105,0.03368,Ada ile odada gezin,False,True,-4.60608,4.53193,-5.32733,3.10000,0.05838,0.00000
1374,121.24402,0.03298,Ada ile odada gezin,False,True,-4.60158,4.53183,-5.38289,3.10000,0.05574,0.00000
1375,121.27675,0.03273,Ada ile odada gezin,False,True,-4.59679,4.53174,-5.43959,3.10000,0.05690,0.00000
1376,121.31007,0.03332,Ada ile odada gezin,False,True,-4.59203,4.53164,-5.49428,3.10000,0.05490,0.00000
1377,121.34398,0.03391,Ada ile odada gezin,False,True,-4.58677,4.53159,-5.55253,3.10000,0.05849,0.00000
1378,121.37739,0.03341,Ada ile odada gezin,False,True,-4.57919,4.53115,-5.60731,3.10000,0.05530,0.00000
1379,121.41005,0.03266,Ada ile odada gezin,False,True,-4.56749,4.53016,-5.66069,3.10000,0.05466,0.00000
1380,121.44345,0.03340,Ada ile odada gezin,False,True,-4.55221,4.52860,-5.70799,3.10000,0.04973,0.00000
1381,121.47744,0.03399,Ada ile odada gezin,False,True,-4.53072,4.52632,-5.75412,3.10000,0.05093,0.00000
1382,121.50992,0.03248,Ada ile odada gezin,False,True,-4.50542,4.52353,-5.79279,3.10000,0.04629,0.00000
1383,121.54386,0.03394,Ada ile odada gezin,False,True,-4.47490,4.52020,-5.82599,3.10000,0.04523,0.00000
1384,121.57722,0.03336,Ada ile odada gezin,False,True,-4.43915,4.51639,-5.85309,3.10000,0.04502,0.00000
1385,121.61032,0.03310,Ada ile odada gezin,False,True,-4.39918,4.51226,-5.87324,3.10000,0.04495,0.00000
1386,121.64380,0.03348,Ada ile odada gezin,False,True,-4.35357,4.50775,-5.88716,3.10000,0.04790,0.00000
1387,121.67642,0.03262,Ada ile odada gezin,False,True,-4.30531,4.50345,-5.89620,3.10000,0.04929,0.00000
1388,121.71024,0.03382,Ada ile odada gezin,False,True,-4.25567,4.49957,-5.90186,3.10000,0.05011,0.00000
1389,121.74398,0.03374,Ada ile odada gezin,False,True,-4.20142,4.49595,-5.90534,3.10000,0.05449,0.00000
1390,121.77788,0.03389,Ada ile odada gezin,False,True,-4.14890,4.49300,-5.90699,3.10000,0.05263,0.00000
1391,121.81160,0.03372,Ada ile odada gezin,False,True,-4.09238,4.49035,-5.90747,3.10000,0.05658,0.00000
1392,121.84369,0.03209,Ada ile odada gezin,False,True,-4.03930,4.48832,-5.90708,3.10000,0.05311,0.00000
1393,121.87662,0.03293,Ada ile odada gezin,False,True,-3.98459,4.48658,-5.90608,3.10000,0.05475,0.00000
1394,121.91074,0.03413,Ada ile odada gezin,False,True,-3.92866,4.48512,-5.90460,3.10000,0.05596,0.00000
1395,121.94545,0.03471,Ada ile odada gezin,False,True,-3.87124,4.48390,-5.90275,3.10000,0.05747,0.00000
1396,121.97790,0.03244,Ada ile odada gezin,False,True,-3.81409,4.48293,-5.90065,3.10000,0.05720,0.00000
1397,122.01015,0.03225,Ada ile odada gezin,False,True,-3.76107,4.48223,-5.89853,3.10000,0.05306,0.00000
1398,122.04441,0.03426,Ada ile odada gezin,False,True,-3.70173,4.48154,-5.89605,3.10000,0.05940,0.00000
1399,122.07679,0.03238,Ada ile odada gezin,False,True,-3.64824,4.48110,-5.89370,3.10000,0.05354,0.00000
1400,122.11032,0.03353,Ada ile odada gezin,False,True,-3.59075,4.48068,-5.89112,3.10000,0.05755,0.00000
1401,122.14401,0.03369,Ada ile odada gezin,False,True,-3.53506,4.48037,-5.88855,3.10000,0.05575,0.00000
1402,122.19047,0.04646,Ada ile odada gezin,False,True,-3.47674,4.48009,-5.88583,3.10000,0.05839,0.00000
1403,122.22566,0.03519,Ada ile odada gezin,False,True,-3.39251,4.47954,-5.88195,3.10000,0.08431,0.00000
1404,122.24504,0.01938,Ada ile odada gezin,False,True,-3.36321,4.47996,-5.88147,3.10000,0.02931,0.00000
1405,122.27768,0.03265,Ada ile odada gezin,False,True,-3.31184,4.48088,-5.88423,3.10000,0.05145,0.00000
1406,122.32141,0.04372,Ada ile odada gezin,False,True,-3.24750,4.48293,-5.89525,3.10000,0.06532,0.00000
1407,122.35435,0.03294,Ada ile odada gezin,False,True,-3.20449,4.48533,-5.90888,3.10000,0.04518,0.00000
1408,122.38758,0.03324,Ada ile odada gezin,False,True,-3.16706,4.48825,-5.92788,3.10000,0.04208,0.00000
1409,122.42043,0.03285,Ada ile odada gezin,False,True,-3.13390,4.49174,-5.95334,3.10000,0.04195,0.00000
1410,122.45298,0.03255,Ada ile odada gezin,False,True,-3.10646,4.49561,-5.98441,3.10000,0.04163,0.00000
1411,122.48737,0.03439,Ada ile odada gezin,False,True,-3.08441,4.49983,-6.02154,3.10000,0.04339,0.00000
1412,122.52165,0.03428,Ada ile odada gezin,False,True,-3.06600,4.50448,-6.06721,3.10000,0.04946,0.00000
1413,122.55436,0.03271,Ada ile odada gezin,False,True,-3.05206,4.50858,-6.11373,3.10000,0.04873,0.00000
1414,122.58728,0.03292,Ada ile odada gezin,False,True,-3.04080,4.51216,-6.16122,3.10000,0.04894,0.00000
1415,122.62138,0.03411,Ada ile odada gezin,False,True,-3.03049,4.51554,-6.21400,3.10000,0.05389,0.00000
1416,122.65394,0.03256,Ada ile odada gezin,False,True,-3.02169,4.51832,-6.26650,3.10000,0.05330,0.00000
1417,122.68720,0.03326,Ada ile odada gezin,False,True,-3.01386,4.52062,-6.31900,3.10000,0.05312,0.00000
1418,122.72073,0.03353,Ada ile odada gezin,False,True,-3.00633,4.52264,-6.37436,3.10000,0.05591,0.00000
1419,122.75304,0.03231,Ada ile odada gezin,False,True,-2.99943,4.52424,-6.42879,3.10000,0.05490,0.00000
1420,122.78653,0.03349,Ada ile odada gezin,False,True,-2.99294,4.52552,-6.48271,3.10000,0.05432,0.00000
1421,122.82087,0.03434,Ada ile odada gezin,False,True,-2.98634,4.52666,-6.53979,3.10000,0.05747,0.00000
1422,122.85369,0.03282,Ada ile odada gezin,False,True,-2.98004,4.52753,-6.59593,3.10000,0.05650,0.00000
1423,122.88661,0.03292,Ada ile odada gezin,False,True,-2.97409,4.52820,-6.65026,3.10000,0.05466,0.00000
1424,122.92075,0.03414,Ada ile odada gezin,False,True,-2.96793,4.52880,-6.70741,3.10000,0.05749,0.00000
1425,122.95417,0.03343,Ada ile odada gezin,False,True,-2.96194,4.52925,-6.76363,3.10000,0.05654,0.00000
1426,122.98722,0.03305,Ada ile odada gezin,False,True,-2.95600,4.52961,-6.81997,3.10000,0.05665,0.00000
1427,123.02013,0.03291,Ada ile odada gezin,False,True,-2.95021,4.52989,-6.87532,3.10000,0.05566,0.00000
1428,123.05418,0.03405,Ada ile odada gezin,False,True,-2.94434,4.53012,-6.93167,3.10000,0.05665,0.00000
1429,123.08878,0.03460,Ada ile odada gezin,False,True,-2.93816,4.53036,-6.99117,3.10000,0.05982,0.00000
1430,123.12112,0.03234,Ada ile odada gezin,False,True,-2.93266,4.53044,-7.04454,3.10000,0.05365,0.00000
1431,123.15511,0.03399,Ada ile odada gezin,False,True,-2.92675,4.53058,-7.10181,3.10000,0.05757,0.00000
1432,123.18841,0.03330,Ada ile odada gezin,False,True,-2.92086,4.53068,-7.15903,3.10000,0.05753,0.00000
1433,123.22097,0.03256,Ada ile odada gezin,False,True,-2.91520,4.53073,-7.21415,3.10000,0.05541,0.00000
1434,123.25472,0.03375,Ada ile odada gezin,False,True,-2.90948,4.53078,-7.26990,3.10000,0.05604,0.00000
1435,123.28819,0.03346,Ada ile odada gezin,False,True,-2.90355,4.53085,-7.32763,3.10000,0.05803,0.00000
1436,123.32109,0.03291,Ada ile odada gezin,False,True,-2.89788,4.53087,-7.38297,3.10000,0.05563,0.00000
1437,123.35388,0.03279,Ada ile odada gezin,False,True,-2.89209,4.53090,-7.43946,3.10000,0.05679,0.00000
1438,123.38716,0.03327,Ada ile odada gezin,False,True,-2.88646,4.53091,-7.49455,3.10000,0.05538,0.00000
1439,123.42262,0.03546,Ada ile odada gezin,False,True,-2.88024,4.53099,-7.55512,3.10000,0.06089,0.00000
1440,123.45467,0.03205,Ada ile odada gezin,False,True,-2.87475,4.53095,-7.60885,3.10000,0.05402,0.00000
1441,123.48862,0.03395,Ada ile odada gezin,False,True,-2.86899,4.53097,-7.66514,3.10000,0.05658,0.00000
1442,123.52201,0.03340,Ada ile odada gezin,False,True,-2.86294,4.53101,-7.72416,3.10000,0.05933,0.00000
1443,123.55306,0.03105,Ada ile odada gezin,False,True,-2.85764,4.53095,-7.77622,3.10000,0.05232,0.00000
1444,123.58711,0.03405,Ada ile odada gezin,False,True,-2.85186,4.53098,-7.83265,3.10000,0.05673,0.00000
1445,123.63404,0.04694,Ada ile odada gezin,False,True,-2.84577,4.53103,-7.89203,3.10000,0.05969,0.00000
1446,123.68069,0.04665,Ada ile odada gezin,False,True,-2.83738,4.53134,-7.97308,3.10000,0.08148,0.00000
1447,123.70202,0.02133,Ada ile odada gezin,False,True,-2.83183,4.53095,-8.02864,3.10000,0.05584,0.00000
1448,123.72037,0.01834,Ada ile odada gezin,False,True,-2.82940,4.53040,-8.05506,3.10000,0.02654,0.00000
1449,123.75416,0.03379,Ada ile odada gezin,False,True,-2.82487,4.52951,-8.10224,3.10000,0.04741,0.00000
1450,123.78835,0.03419,Ada ile odada gezin,False,True,-2.82024,4.52807,-8.14418,3.10000,0.04223,0.00000
1451,123.82148,0.03313,Ada ile odada gezin,False,True,-2.81525,4.52606,-8.17938,3.10000,0.03561,0.00000
1452,123.85479,0.03331,Ada ile odada gezin,False,True,-2.80993,4.52361,-8.20609,3.10000,0.02734,0.00000
1453,123.88804,0.03325,Ada ile odada gezin,False,True,-2.80358,4.52060,-8.22604,3.10000,0.02115,0.00000
1454,123.92091,0.03287,Ada ile odada gezin,False,True,-2.79943,4.51770,-8.23863,3.10000,0.01357,0.00000
1455,123.95468,0.03377,Ada ile odada gezin,False,True,-2.79547,4.51453,-8.24449,3.10000,0.00775,0.00000
1456,123.98725,0.03257,Ada ile odada gezin,False,True,-2.79433,4.51156,-8.24421,3.10000,0.00319,0.00000
1457,124.01952,0.03226,Ada ile odada gezin,False,True,-2.79419,4.50863,-8.23758,3.10000,0.00724,0.00000
1458,124.05278,0.03327,Ada ile odada gezin,False,True,-2.79364,4.50536,-8.22367,3.10000,0.01430,0.00000
1459,124.08758,0.03480,Ada ile odada gezin,False,True,-2.79213,4.50180,-8.20217,3.10000,0.02184,0.00000
1460,124.12186,0.03428,Ada ile odada gezin,False,True,-2.79279,4.49830,-8.17292,3.10000,0.02946,0.00000
1461,124.15281,0.03095,Ada ile odada gezin,False,True,-2.79305,4.49551,-8.14426,3.10000,0.02880,0.00000
1462,124.18619,0.03338,Ada ile odada gezin,False,True,-2.79197,4.49260,-8.10982,3.10000,0.03458,0.00000
1463,124.22017,0.03399,Ada ile odada gezin,False,True,-2.79260,4.49017,-8.07266,3.10000,0.03725,0.00000
1464,124.25375,0.03358,Ada ile odada gezin,False,True,-2.79243,4.48799,-8.03319,3.10000,0.03952,0.00000
1465,124.28742,0.03367,Ada ile odada gezin,False,True,-2.79063,4.48606,-7.99396,3.10000,0.03933,0.00000
1466,124.32145,0.03403,Ada ile odada gezin,False,True,-2.78681,4.48420,-7.95184,3.10000,0.04233,0.00000
1467,124.35406,0.03261,Ada ile odada gezin,False,True,-2.78427,4.48299,-7.91151,3.10000,0.04043,0.00000
1468,124.38701,0.03295,Ada ile odada gezin,False,True,-2.78101,4.48193,-7.87125,3.10000,0.04041,0.00000
1469,124.42102,0.03401,Ada ile odada gezin,False,True,-2.77894,4.48136,-7.83129,3.10000,0.04001,0.00000
1470,124.45483,0.03381,Ada ile odada gezin,False,True,-2.77574,4.48080,-7.79055,3.10000,0.04087,0.00000
1471,124.48681,0.03198,Ada ile odada gezin,False,True,-2.77164,4.48065,-7.75418,3.10000,0.03661,0.00000
1472,124.52003,0.03322,Ada ile odada gezin,False,True,-2.76606,4.48073,-7.72053,3.10000,0.03411,0.00000
1473,124.55415,0.03412,Ada ile odada gezin,False,True,-2.75896,4.48093,-7.68735,3.10000,0.03393,0.00000
1474,124.58671,0.03257,Ada ile odada gezin,False,True,-2.75120,4.48122,-7.65675,3.10000,0.03157,0.00000
1475,124.61948,0.03276,Ada ile odada gezin,False,True,-2.74291,4.48155,-7.62774,3.10000,0.03017,0.00000
1476,124.65427,0.03480,Ada ile odada gezin,False,True,-2.73382,4.48186,-7.59858,3.10000,0.03055,0.00000
1477,124.68728,0.03301,Ada ile odada gezin,False,True,-2.72451,4.48217,-7.57045,3.10000,0.02964,0.00000
1478,124.72207,0.03479,Ada ile odada gezin,False,True,-2.71523,4.48244,-7.54343,3.10000,0.02856,0.00000
1479,124.75742,0.03535,Ada ile odada gezin,False,True,-2.70490,4.48264,-7.51392,3.10000,0.03127,0.00000
1480,124.78859,0.03117,Ada ile odada gezin,False,True,-2.69560,4.48278,-7.48632,3.10000,0.02912,0.00000
1481,124.82441,0.03582,Ada ile odada gezin,False,True,-2.68760,4.48262,-7.45797,3.10000,0.02946,0.00000
1482,124.86087,0.03646,Ada ile odada gezin,False,True,-2.67939,4.48202,-7.41800,3.10000,0.04081,0.00000
1483,124.89187,0.03101,Ada ile odada gezin,False,True,-2.67488,4.48162,-7.38320,3.10000,0.03509,0.00000
1484,124.92384,0.03197,Ada ile odada gezin,False,True,-2.67369,4.48114,-7.34416,3.10000,0.03906,0.00000
1485,124.95653,0.03269,Ada ile odada gezin,False,True,-2.67696,4.48070,-7.30054,3.10000,0.04374,0.00000
1486,124.98845,0.03192,Ada ile odada gezin,False,True,-2.68498,4.48053,-7.25582,3.10000,0.04544,0.00000
1487,125.02598,0.03753,Ada ile odada gezin,False,True,-2.69777,4.48053,-7.20734,3.10000,0.05014,0.00000
1488,125.06181,0.03582,Ada ile odada gezin,False,True,-2.71535,4.48061,-7.15333,3.10000,0.05680,0.00000
1489,125.09263,0.03082,Ada ile odada gezin,False,True,-2.73352,4.48086,-7.10391,3.10000,0.05265,0.00000
1490,125.12610,0.03347,Ada ile odada gezin,False,True,-2.75266,4.48121,-7.05671,3.10000,0.05094,0.00000
1491,125.16137,0.03528,Ada ile odada gezin,False,True,-2.77581,4.48166,-7.00489,3.10000,0.05676,0.00000
1492,125.19192,0.03054,Ada ile odada gezin,False,True,-2.79931,4.48222,-6.95667,3.10000,0.05364,0.00000
1493,125.22189,0.02998,Ada ile odada gezin,False,True,-2.82360,4.48286,-6.91097,3.10000,0.05176,0.00000
1494,125.25295,0.03106,Ada ile odada gezin,False,True,-2.84914,4.48351,-6.86585,3.10000,0.05185,0.00000
1495,125.28668,0.03374,Ada ile odada gezin,False,True,-2.87774,4.48415,-6.81758,3.10000,0.05610,0.00000
1496,125.32059,0.03391,Ada ile odada gezin,False,True,-2.90755,4.48474,-6.76878,3.10000,0.05719,0.00000
1497,125.35408,0.03348,Ada ile odada gezin,False,True,-2.93748,4.48526,-6.72081,3.10000,0.05654,0.00000
1498,125.38776,0.03368,Ada ile odada gezin,False,True,-2.96803,4.48571,-6.67255,3.10000,0.05712,0.00000
1499,125.42068,0.03292,Ada ile odada gezin,False,True,-2.99840,4.48609,-6.62507,3.10000,0.05637,0.00000
1500,125.45381,0.03313,Ada ile odada gezin,False,True,-3.02934,4.48641,-6.57704,3.10000,0.05714,0.00000
1501,125.48724,0.03343,Ada ile odada gezin,False,True,-3.05940,4.48668,-6.53060,3.10000,0.05532,0.00000
1502,125.52088,0.03364,Ada ile odada gezin,False,True,-3.09071,4.48689,-6.48242,3.10000,0.05746,0.00000
1503,125.55447,0.03359,Ada ile odada gezin,False,True,-3.12163,4.48707,-6.43497,3.10000,0.05664,0.00000
1504,125.60023,0.04576,Ada ile odada gezin,False,True,-3.15289,4.48721,-6.38709,3.10000,0.05717,0.00000
1505,125.64384,0.04361,Ada ile odada gezin,False,True,-3.20946,4.48708,-6.30089,3.10000,0.10311,0.00000
1506,125.66329,0.01945,Ada ile odada gezin,False,True,-3.22742,4.48765,-6.27630,3.10000,0.03045,0.00000
1507,125.69584,0.03256,Ada ile odada gezin,False,True,-3.26107,4.48892,-6.23813,3.10000,0.05091,0.00000
1508,125.73006,0.03422,Ada ile odada gezin,False,True,-3.30140,4.49088,-6.20173,3.10000,0.05435,0.00000
1509,125.76364,0.03358,Ada ile odada gezin,False,True,-3.34547,4.49335,-6.17056,3.10000,0.05404,0.00000
1510,125.79712,0.03348,Ada ile odada gezin,False,True,-3.39149,4.49590,-6.14343,3.10000,0.05349,0.00000
1511,125.82974,0.03261,Ada ile odada gezin,False,True,-3.44035,4.49838,-6.11831,3.10000,0.05500,0.00000
1512,125.86285,0.03312,Ada ile odada gezin,False,True,-3.48868,4.50056,-6.09581,3.10000,0.05335,0.00000
1513,125.89936,0.03651,Ada ile odada gezin,False,True,-3.54613,4.50278,-6.07113,3.10000,0.06256,0.00000
1514,125.92906,0.02970,Ada ile odada gezin,False,True,-3.59036,4.50422,-6.05305,3.10000,0.04780,0.00000
1515,125.96333,0.03427,Ada ile odada gezin,False,True,-3.64303,4.50568,-6.03234,3.10000,0.05661,0.00000
1516,125.99718,0.03385,Ada ile odada gezin,False,True,-3.69636,4.50689,-6.01199,3.10000,0.05709,0.00000
1517,126.02982,0.03264,Ada ile odada gezin,False,True,-3.74846,4.50786,-5.99247,3.10000,0.05564,0.00000
1518,126.06289,0.03307,Ada ile odada gezin,False,True,-3.80046,4.50865,-5.97329,3.10000,0.05543,0.00000
1519,126.09674,0.03385,Ada ile odada gezin,False,True,-3.85407,4.50931,-5.95368,3.10000,0.05709,0.00000
1520,126.13067,0.03393,Ada ile odada gezin,False,True,-3.90708,4.50983,-5.93448,3.10000,0.05638,0.00000
1521,126.16464,0.03397,Ada ile odada gezin,False,True,-3.96267,4.51028,-5.91442,3.10000,0.05910,0.00000
1522,126.19614,0.03150,Ada ile odada gezin,False,True,-4.01262,4.51058,-5.89650,3.10000,0.05307,0.00000
1523,126.23077,0.03464,Ada ile odada gezin,False,True,-4.06569,4.51086,-5.87753,3.10000,0.05636,0.00000
1524,126.26668,0.03591,Ada ile odada gezin,False,True,-4.12233,4.51110,-5.85727,3.10000,0.06015,0.00000
1525,126.29980,0.03312,Ada ile odada gezin,False,True,-4.17563,4.51126,-5.83825,3.10000,0.05660,0.00000
1526,126.33214,0.03234,Ada ile odada gezin,False,True,-4.22837,4.51137,-5.81940,3.10000,0.05601,0.00000
1527,126.36447,0.03233,Ada ile odada gezin,False,True,-4.28002,4.51146,-5.80095,3.10000,0.05485,0.00000
1528,126.39717,0.03270,Ada ile odada gezin,False,True,-4.33285,4.51154,-5.78208,3.10000,0.05610,0.00000
1529,126.43080,0.03363,Ada ile odada gezin,False,True,-4.38584,4.51158,-5.76298,3.10000,0.05633,0.00000
1530,126.46429,0.03349,Ada ile odada gezin,False,True,-4.43776,4.51119,-5.74144,3.10000,0.05620,0.00000
1531,126.49742,0.03313,Ada ile odada gezin,False,True,-4.48701,4.51021,-5.71623,3.10000,0.05534,0.00000
1532,126.53023,0.03281,Ada ile odada gezin,False,True,-4.53162,4.50861,-5.68731,3.10000,0.05319,0.00000
1533,126.56336,0.03313,Ada ile odada gezin,False,True,-4.57149,4.50641,-5.65412,3.10000,0.05192,0.00000
1534,126.59719,0.03383,Ada ile odada gezin,False,True,-4.60543,4.50371,-5.61698,3.10000,0.05039,0.00000
1535,126.63131,0.03413,Ada ile odada gezin,False,True,-4.63321,4.50049,-5.57512,3.10000,0.05034,0.00000
1536,126.66480,0.03349,Ada ile odada gezin,False,True,-4.65316,4.49701,-5.53067,3.10000,0.04885,0.00000
1537,126.69885,0.03405,Ada ile odada gezin,False,True,-4.66635,4.49312,-5.48077,3.10000,0.05176,0.00000
1538,126.73108,0.03224,Ada ile odada gezin,False,True,-4.67370,4.48976,-5.43360,3.10000,0.04785,0.00000
1539,126.76456,0.03347,Ada ile odada gezin,False,True,-4.67806,4.48635,-5.38041,3.10000,0.05348,0.00000
1540,126.79795,0.03339,Ada ile odada gezin,False,True,-4.67984,4.48354,-5.32899,3.10000,0.05153,0.00000
1541,126.83260,0.03465,Ada ile odada gezin,False,True,-4.67993,4.48092,-5.27308,3.10000,0.05596,0.00000
1542,126.86989,0.03729,Ada ile odada gezin,False,True,-4.67874,4.47869,-5.21607,3.10000,0.05707,0.00000
1543,126.90724,0.03735,Ada ile odada gezin,False,True,-4.67656,4.47677,-5.15619,3.10000,0.05995,0.00000
1544,126.94000,0.03276,Ada ile odada gezin,False,True,-4.67392,4.47536,-5.10009,3.10000,0.05619,0.00000
1545,126.96819,0.02819,Ada ile odada gezin,False,True,-4.67105,4.47430,-5.04690,3.10000,0.05328,0.00000
1546,127.00128,0.03309,Ada ile odada gezin,False,True,-4.66822,4.47355,-4.99886,3.10000,0.04812,0.00000
1547,127.03585,0.03457,Ada ile odada gezin,False,True,-4.66427,4.47249,-4.93454,3.10000,0.06445,0.00000
1548,127.06640,0.03055,Ada ile odada gezin,False,True,-4.66101,4.47203,-4.88460,3.10000,0.05005,0.00000
1549,127.10127,0.03488,Ada ile odada gezin,False,True,-4.65722,4.47147,-4.82738,3.10000,0.05735,0.00000
1550,127.13376,0.03248,Ada ile odada gezin,False,True,-4.65324,4.47100,-4.76856,3.10000,0.05895,0.00000
1551,127.16486,0.03110,Ada ile odada gezin,False,True,-4.64962,4.47076,-4.71622,3.10000,0.05247,0.00000
1552,127.21877,0.05391,Yakından incele · flashlight,True,True,-4.63436,4.46589,-4.64059,3.09245,0.07731,0.19782
1553,127.25345,0.03469,Yakından incele · flashlight,True,True,-4.56593,4.43831,-4.51918,3.04725,0.14206,1.20071
1554,127.26852,0.01506,Yakından incele · flashlight,True,True,-4.53505,4.42586,-4.46440,3.02684,0.06411,0.54248
1555,127.29615,0.02763,Yakından incele · flashlight,True,True,-4.47225,4.40055,-4.35295,2.98535,0.13041,1.10215
1556,127.32955,0.03340,Yakından incele · flashlight,True,True,-4.37961,4.36321,-4.18858,2.92414,0.19234,1.62506
1557,127.36291,0.03336,Yakından incele · flashlight,True,True,-4.27072,4.31932,-3.99537,2.85220,0.22608,1.91063
1558,127.39586,0.03295,Yakından incele · flashlight,True,True,-4.14662,4.26931,-3.77518,2.77021,0.25765,2.17789
1559,127.42971,0.03385,Yakından incele · flashlight,True,True,-4.00817,4.21350,-3.52953,2.67873,0.28745,2.42997
1560,127.46243,0.03272,Yakından incele · flashlight,True,True,-3.85941,4.15355,-3.26558,2.58045,0.30886,2.61073
1561,127.49580,0.03338,Yakından incele · flashlight,True,True,-3.70249,4.09030,-2.98714,2.47677,0.32582,2.75401
1562,127.52947,0.03366,Yakından incele · flashlight,True,True,-3.53018,4.02085,-2.68141,2.36293,0.35774,3.02388
1563,127.56225,0.03278,Yakından incele · flashlight,True,True,-3.35653,3.95086,-2.37330,2.24820,0.36053,3.04760
1564,127.59588,0.03363,Yakından incele · flashlight,True,True,-3.17462,3.87754,-2.05053,2.12801,0.37770,3.19310
1565,127.62939,0.03351,Yakından incele · flashlight,True,True,-2.98683,3.80186,-1.71733,2.00394,0.38989,3.29588
1566,127.66246,0.03307,Yakından incele · flashlight,True,True,-2.79796,3.72573,-1.38221,1.87915,0.39214,3.31506
1567,127.69531,0.03284,Yakından incele · flashlight,True,True,-2.61020,3.65006,-1.04906,1.75510,0.38983,3.29540
1568,127.72924,0.03393,Yakından incele · flashlight,True,True,-2.42078,3.57371,-0.71296,1.62995,0.39329,3.32449
1569,127.76434,0.03510,Yakından incele · flashlight,True,True,-2.22373,3.49429,-0.36332,1.49976,0.40913,3.45837
1570,127.79625,0.03191,Yakından incele · flashlight,True,True,-2.04330,3.42157,-0.04318,1.38055,0.37461,3.16651
1571,127.82961,0.03336,Yakından incele · flashlight,True,True,-1.86678,3.35042,0.27002,1.26392,0.36649,3.09804
1572,127.86274,0.03313,Yakından incele · flashlight,True,True,-1.69080,3.27949,0.58226,1.14766,0.36537,3.08893
1573,127.89623,0.03349,Yakından incele · flashlight,True,True,-1.52964,3.21454,0.86822,1.04118,0.33461,2.82888
1574,127.93011,0.03388,Yakından incele · flashlight,True,True,-1.36939,3.14995,1.15256,0.93530,0.33272,2.81278
1575,127.96312,0.03301,Yakından incele · flashlight,True,True,-1.22673,3.09245,1.40569,0.84104,0.29620,2.50359
1576,127.99626,0.03314,Yakından incele · flashlight,True,True,-1.09420,3.03903,1.64084,0.75348,0.27516,2.32495
1577,128.03052,0.03426,Yakından incele · flashlight,True,True,-0.97794,2.99218,1.84712,0.67667,0.24138,2.03943
1578,128.06473,0.03421,Yakından incele · flashlight,True,True,-0.87051,2.94888,2.03775,0.60569,0.22306,1.88506
1579,128.09645,0.03172,Yakından incele · flashlight,True,True,-0.78923,2.91612,2.18196,0.55199,0.16875,1.42599
1580,128.12984,0.03338,Yakından incele · flashlight,True,True,-0.72369,2.88970,2.29825,0.50869,0.13608,1.14874
1581,128.16312,0.03329,Yakından incele · flashlight,True,True,-0.67724,2.87098,2.38067,0.47800,0.09644,0.81373
1582,128.19593,0.03281,Yakından incele · flashlight,True,True,-0.65352,2.86142,2.42276,0.46232,0.04925,0.41307
1583,128.22875,0.03282,Yakından incele · flashlight,False,True,-0.65000,2.86000,2.42900,0.46000,0.00730,0.00000
1584,128.26589,0.03714,Yakından incele · flashlight,False,True,-0.65000,2.86000,2.42900,0.46000,0.00000,0.00000
1585,128.29659,0.03070,Yakından incele · flashlight,False,True,-0.65000,2.86000,2.42900,0.46000,0.00000,0.00000
1586,128.32889,0.03230,Yakından incele · flashlight,False,True,-0.65000,2.86000,2.42900,0.46000,0.00000,0.00000
1587,128.36321,0.03432,Yakından incele · flashlight,False,True,-0.65000,2.86000,2.42900,0.46000,0.00000,0.00000
1588,128.39637,0.03316,Yakından incele · flashlight,False,True,-0.65000,2.86000,2.42900,0.46000,0.00000,0.00000
1589,128.42980,0.03343,Yakından incele · flashlight,False,True,-0.65000,2.86000,2.42900,0.46000,0.00000,0.00000
1590,128.46274,0.03294,Yakından incele · flashlight,False,True,-0.65000,2.86000,2.42900,0.46000,0.00000,0.00000
1591,128.49631,0.03356,Yakından incele · flashlight,False,True,-0.65000,2.86000,2.42900,0.46000,0.00000,0.00000
1592,128.53034,0.03403,Yakından incele · flashlight,False,True,-0.65000,2.86000,2.42900,0.46000,0.00000,0.00000
1593,128.56388,0.03354,Yakından incele · flashlight,False,True,-0.65000,2.86000,2.42900,0.46000,0.00000,0.00000
1594,128.59603,0.03215,Yakından incele · flashlight,False,True,-0.65000,2.86000,2.42900,0.46000,0.00000,0.00000
1595,128.62900,0.03297,Yakından incele · flashlight,False,True,-0.65000,2.86000,2.42900,0.46000,0.00000,0.00000
1596,128.66270,0.03369,Yakından incele · flashlight,False,True,-0.65000,2.86000,2.42900,0.46000,0.00000,0.00000
1597,128.69623,0.03353,Yakından incele · flashlight,False,True,-0.65000,2.86000,2.42900,0.46000,0.00000,0.00000
1598,128.72984,0.03361,Yakından incele · flashlight,False,True,-0.65000,2.86000,2.42900,0.46000,0.00000,0.00000
1599,128.77836,0.04853,Yakından incele · flashlight,False,True,-0.65000,2.86000,2.42900,0.46000,0.00000,0.00000
1600,128.83786,0.05950,Yakından incele · flashlight,False,True,-0.65000,2.86000,2.42900,0.46000,0.00000,0.00000
1601,128.85370,0.01584,Yakından incele · flashlight,False,True,-0.65000,2.86000,2.42900,0.46000,0.00000,0.00000
1602,128.87085,0.01715,Yakından incele · flashlight,False,True,-0.65000,2.86000,2.42900,0.46000,0.00000,0.00000
1603,128.89660,0.02574,Yakından incele · flashlight,False,True,-0.65000,2.86000,2.42900,0.46000,0.00000,0.00000
1604,128.96027,0.06368,Yakından incele · flashlight,False,True,-0.65000,2.86000,2.42900,0.46000,0.00000,0.00000
1605,128.98111,0.02084,Yakından incele · flashlight,False,True,-0.65000,2.86000,2.42900,0.46000,0.00000,0.00000
1606,129.01319,0.03207,Yakından incele · flashlight,False,True,-0.65000,2.86000,2.42900,0.46000,0.00000,0.00000
1607,129.04592,0.03274,Yakından incele · flashlight,False,True,-0.65000,2.86000,2.42900,0.46000,0.00000,0.00000
1608,129.07961,0.03369,Yakından incele · flashlight,False,True,-0.65000,2.86000,2.42900,0.46000,0.00000,0.00000
1609,129.11337,0.03376,Yakından incele · flashlight,False,True,-0.65000,2.86000,2.42900,0.46000,0.00000,0.00000
1610,129.14766,0.03429,Yakından incele · flashlight,False,True,-0.65000,2.86000,2.42900,0.46000,0.00000,0.00000
1611,129.18291,0.03525,Yakından incele · flashlight,False,True,-0.65000,2.86000,2.42900,0.46000,0.00000,0.00000
1612,129.21613,0.03322,Yakından incele · flashlight,False,True,-0.65000,2.86000,2.42900,0.46000,0.00000,0.00000
1613,129.24681,0.03069,Yakından incele · flashlight,False,True,-0.65000,2.86000,2.42900,0.46000,0.00000,0.00000
1614,129.28207,0.03526,Yakından incele · flashlight,False,True,-0.65000,2.86000,2.42900,0.46000,0.00000,0.00000
1615,129.31521,0.03313,Yakından incele · flashlight,False,True,-0.65000,2.86000,2.42900,0.46000,0.00000,0.00000
1616,129.34821,0.03300,Yakından incele · flashlight,False,True,-0.65000,2.86000,2.42900,0.46000,0.00000,0.00000
1617,129.38316,0.03495,Yakından incele · flashlight,False,True,-0.65000,2.86000,2.42900,0.46000,0.00000,0.00000
1618,129.41680,0.03364,Yakından incele · flashlight,False,True,-0.65000,2.86000,2.42900,0.46000,0.00000,0.00000
1619,129.45035,0.03355,Yakından incele · flashlight,False,True,-0.65000,2.86000,2.42900,0.46000,0.00000,0.00000
1620,129.48289,0.03254,Yakından incele · flashlight,False,True,-0.65000,2.86000,2.42900,0.46000,0.00000,0.00000
1621,129.51526,0.03237,Yakından incele · flashlight,False,True,-0.65000,2.86000,2.42900,0.46000,0.00000,0.00000
1622,129.55152,0.03626,Yakından incele · flashlight,False,True,-0.65000,2.86000,2.42900,0.46000,0.00000,0.00000
1623,129.58308,0.03156,Yakından incele · flashlight,False,True,-0.65000,2.86000,2.42900,0.46000,0.00000,0.00000
1624,129.62707,0.04399,Yakından incele · flashlight,False,True,-0.65000,2.86000,2.42900,0.46000,0.00000,0.00000
1625,129.64575,0.01868,Yakından incele · flashlight,False,True,-0.65000,2.86000,2.42900,0.46000,0.00000,0.00000
1626,129.67974,0.03400,Yakından incele · flashlight,False,True,-0.65000,2.86000,2.42900,0.46000,0.00000,0.00000
1627,129.71319,0.03344,Yakından incele · flashlight,False,True,-0.65000,2.86000,2.42900,0.46000,0.00000,0.00000
1628,129.74654,0.03336,Yakından incele · flashlight,False,True,-0.65000,2.86000,2.42900,0.46000,0.00000,0.00000
1629,129.77992,0.03337,Yakından incele · flashlight,False,True,-0.65000,2.86000,2.42900,0.46000,0.00000,0.00000
1630,129.81281,0.03290,Yakından incele · flashlight,False,True,-0.65000,2.86000,2.42900,0.46000,0.00000,0.00000
1631,129.84606,0.03325,Yakından incele · flashlight,False,True,-0.65000,2.86000,2.42900,0.46000,0.00000,0.00000
1632,129.88069,0.03463,Yakından incele · flashlight,False,True,-0.65000,2.86000,2.42900,0.46000,0.00000,0.00000
1633,129.91302,0.03232,Yakından incele · flashlight,False,True,-0.65000,2.86000,2.42900,0.46000,0.00000,0.00000
1634,129.94562,0.03260,Yakından incele · flashlight,False,True,-0.65000,2.86000,2.42900,0.46000,0.00000,0.00000
1635,129.97848,0.03286,Yakından incele · flashlight,False,True,-0.65000,2.86000,2.42900,0.46000,0.00000,0.00000
1636,130.01160,0.03313,Yakından incele · flashlight,False,True,-0.65000,2.86000,2.42900,0.46000,0.00000,0.00000
1637,130.04524,0.03364,Yakından incele · flashlight,False,True,-0.65000,2.86000,2.42900,0.46000,0.00000,0.00000
1638,130.07881,0.03357,Yakından incele · flashlight,False,True,-0.65000,2.86000,2.42900,0.46000,0.00000,0.00000
1639,130.11205,0.03324,Yakından incele · flashlight,False,True,-0.65000,2.86000,2.42900,0.46000,0.00000,0.00000
1640,130.14493,0.03287,Yakından incele · flashlight,False,True,-0.65000,2.86000,2.42900,0.46000,0.00000,0.00000
1641,130.17848,0.03356,Yakından incele · flashlight,False,True,-0.65000,2.86000,2.42900,0.46000,0.00000,0.00000
1642,130.21183,0.03335,Yakından incele · flashlight,False,True,-0.65000,2.86000,2.42900,0.46000,0.00000,0.00000
1643,130.24554,0.03371,Yakından incele · flashlight,False,True,-0.65000,2.86000,2.42900,0.46000,0.00000,0.00000
1644,130.29308,0.04754,Yakından incele · flashlight,False,True,-0.65000,2.86000,2.42900,0.46000,0.00000,0.00000
1645,130.31285,0.01976,Yakından incele · flashlight,False,True,-0.65000,2.86000,2.42900,0.46000,0.00000,0.00000
1646,130.34583,0.03298,Yakından incele · flashlight,False,True,-0.65000,2.86000,2.42900,0.46000,0.00000,0.00000
1647,130.37929,0.03346,Yakından incele · flashlight,False,True,-0.65000,2.86000,2.42900,0.46000,0.00000,0.00000
1648,130.41391,0.03462,Yakından incele · flashlight,False,True,-0.65000,2.86000,2.42900,0.46000,0.00000,0.00000
1649,130.44704,0.03313,Yakından incele · flashlight,False,True,-0.65000,2.86000,2.42900,0.46000,0.00000,0.00000
1650,130.47983,0.03279,Yakından incele · flashlight,False,True,-0.65000,2.86000,2.42900,0.46000,0.00000,0.00000
1651,130.51317,0.03334,Yakından incele · flashlight,False,True,-0.65000,2.86000,2.42900,0.46000,0.00000,0.00000
1652,130.54576,0.03259,Yakından incele · flashlight,False,True,-0.65000,2.86000,2.42900,0.46000,0.00000,0.00000
1653,130.57919,0.03343,Yakından incele · flashlight,False,True,-0.65000,2.86000,2.42900,0.46000,0.00000,0.00000
1654,130.61253,0.03334,Yakından incele · flashlight,False,True,-0.65000,2.86000,2.42900,0.46000,0.00000,0.00000
1655,130.64581,0.03328,Yakından incele · flashlight,False,True,-0.65000,2.86000,2.42900,0.46000,0.00000,0.00000
1656,130.67929,0.03348,Yakından incele · flashlight,False,True,-0.65000,2.86000,2.42900,0.46000,0.00000,0.00000
1657,130.71250,0.03321,Yakından incele · flashlight,False,True,-0.65000,2.86000,2.42900,0.46000,0.00000,0.00000
1658,130.74704,0.03453,Yakından incele · flashlight,False,True,-0.65000,2.86000,2.42900,0.46000,0.00000,0.00000
1659,130.78048,0.03344,Yakından incele · flashlight,False,True,-0.65000,2.86000,2.42900,0.46000,0.00000,0.00000
1660,130.81291,0.03243,Yakından incele · flashlight,False,True,-0.65000,2.86000,2.42900,0.46000,0.00000,0.00000
1661,130.84587,0.03296,Yakından incele · flashlight,False,True,-0.65000,2.86000,2.42900,0.46000,0.00000,0.00000
1662,130.87935,0.03348,Yakından incele · flashlight,False,True,-0.65000,2.86000,2.42900,0.46000,0.00000,0.00000
1663,130.91292,0.03357,Yakından incele · flashlight,False,True,-0.65000,2.86000,2.42900,0.46000,0.00000,0.00000
1664,130.99691,0.08398,Ada ile odada gezin,True,True,-0.72062,2.88916,2.30552,0.50687,0.14521,1.24425
1665,131.00619,0.00928,Ada ile odada gezin,True,True,-0.73853,2.89655,2.27422,0.51875,0.03681,0.31153
1666,131.02120,0.01501,Ada ile odada gezin,True,True,-0.77002,2.90955,2.21915,0.53966,0.06476,0.55391
1667,131.04454,0.02334,Ada ile odada gezin,True,True,-0.82391,2.93179,2.12493,0.57542,0.11080,0.94873
1668,131.07868,0.03414,Ada ile odada gezin,True,True,-0.91630,2.96994,1.96337,0.63675,0.18998,1.62843
1669,131.11290,0.03422,Ada ile odada gezin,True,True,-1.02813,3.01610,1.76786,0.71096,0.22992,1.97112
1670,131.14649,0.03359,Ada ile odada gezin,True,True,-1.15203,3.06725,1.55121,0.79320,0.25476,2.18399
1671,131.18050,0.03400,Ada ile odada gezin,True,True,-1.29099,3.12462,1.30824,0.88543,0.28573,2.44986
1672,131.21365,0.03316,Ada ile odada gezin,True,True,-1.44127,3.18666,1.04548,0.98516,0.30898,2.64942
1673,131.24632,0.03267,Ada ile odada gezin,True,True,-1.59953,3.25199,0.76877,1.09020,0.32540,2.79015
1674,131.27930,0.03298,Ada ile odada gezin,True,True,-1.76541,3.32047,0.47873,1.20030,0.34107,2.92466
1675,131.31237,0.03308,Ada ile odada gezin,True,True,-1.94144,3.39315,0.17095,1.31713,0.36194,3.10359
1676,131.34577,0.03340,Ada ile odada gezin,True,True,-2.12049,3.46706,-0.14212,1.43596,0.36815,3.15686
1677,131.37907,0.03330,Ada ile odada gezin,True,True,-2.30829,3.54459,-0.47048,1.56060,0.38613,3.31104
1678,131.41254,0.03347,Ada ile odada gezin,True,True,-2.49606,3.62211,-0.79880,1.68523,0.38610,3.31104
1679,131.44581,0.03327,Ada ile odada gezin,True,True,-2.68518,3.70018,-1.12947,1.81075,0.38885,3.33413
1680,131.48034,0.03454,Ada ile odada gezin,True,True,-2.87943,3.78037,-1.46910,1.93967,0.39939,3.42424
1681,131.51349,0.03315,Ada ile odada gezin,True,True,-3.06249,3.85595,-1.78919,2.06117,0.37641,3.22724
1682,131.54670,0.03321,Ada ile odada gezin,True,True,-3.24870,3.93282,-2.11477,2.18475,0.38287,3.28303
1683,131.57928,0.03258,Ada ile odada gezin,True,True,-3.42399,4.00519,-2.42126,2.30109,0.36041,3.09045
1684,131.61224,0.03296,Ada ile odada gezin,True,True,-3.59536,4.07593,-2.72090,2.41483,0.35236,3.02103
1685,131.64635,0.03411,Ada ile odada gezin,True,True,-3.75895,4.14347,-3.00692,2.52340,0.33635,2.88369
1686,131.68056,0.03421,Ada ile odada gezin,True,True,-3.91716,4.20878,-3.28356,2.62841,0.32531,2.78931
1687,131.71342,0.03286,Ada ile odada gezin,True,True,-4.06092,4.26813,-3.53491,2.72382,0.29558,2.53405
1688,131.74657,0.03315,Ada ile odada gezin,True,True,-4.18973,4.32131,-3.76014,2.80931,0.26485,2.27044
1689,131.77992,0.03334,Ada ile odada gezin,True,True,-4.30738,4.36988,-3.96585,2.88740,0.24191,2.07369
1690,131.81315,0.03323,Ada ile odada gezin,True,True,-4.40763,4.41126,-4.14113,2.95393,0.20612,1.76675
1691,131.84616,0.03301,Ada ile odada gezin,True,True,-4.49201,4.44610,-4.28868,3.00994,0.17351,1.48724
1692,131.87932,0.03317,Ada ile odada gezin,True,True,-4.55592,4.47248,-4.40042,3.05236,0.13141,1.12673
1693,131.91311,0.03379,Ada ile odada gezin,True,True,-4.60161,4.49134,-4.48030,3.08268,0.09394,0.80502
1694,131.94695,0.03383,Ada ile odada gezin,True,True,-4.62487,4.50095,-4.52098,3.09812,0.04783,0.40926
1695,131.98124,0.03430,Ada ile odada gezin,False,True,-4.62771,4.50212,-4.52594,3.10000,0.00584,0.00000
1696,132.01503,0.03378,Ada ile odada gezin,False,True,-4.62771,4.50212,-4.52594,3.10000,0.00000,0.00000
1697,132.04665,0.03162,Ada ile odada gezin,False,True,-4.63027,4.50224,-4.52516,3.10000,0.00268,0.00000
1698,132.07891,0.03227,Ada ile odada gezin,False,True,-4.63697,4.50254,-4.52313,3.10000,0.00701,0.00000
1699,132.11319,0.03427,Ada ile odada gezin,False,True,-4.64968,4.50306,-4.51930,3.10000,0.01328,0.00000
1700,132.14706,0.03388,Ada ile odada gezin,False,True,-4.66961,4.50380,-4.51332,3.10000,0.02082,0.00000
1701,132.18057,0.03350,Ada ile odada gezin,False,True,-4.69601,4.50471,-4.50545,3.10000,0.02757,0.00000
1702,132.21452,0.03395,Ada ile odada gezin,False,True,-4.73044,4.50581,-4.49524,3.10000,0.03593,0.00000
1703,132.25743,0.04291,Ada ile odada gezin,False,True,-4.78680,4.50741,-4.47861,3.10000,0.05878,0.00000
1704,132.29021,0.03279,Ada ile odada gezin,False,True,-4.83116,4.50843,-4.46565,3.10000,0.04622,0.00000
1705,132.32373,0.03352,Ada ile odada gezin,False,True,-4.87916,4.50938,-4.45171,3.10000,0.04999,0.00000
1706,132.35684,0.03311,Ada ile odada gezin,False,True,-4.93012,4.51025,-4.43698,3.10000,0.05306,0.00000
1707,132.38867,0.03183,Ada ile odada gezin,False,True,-4.97971,4.51095,-4.42272,3.10000,0.05161,0.00000
1708,132.42222,0.03355,Ada ile odada gezin,False,True,-5.03116,4.51156,-4.40798,3.10000,0.05352,0.00000
1709,132.45706,0.03483,Ada ile odada gezin,False,True,-5.08596,4.51212,-4.39234,3.10000,0.05699,0.00000
1710,132.49116,0.03410,Ada ile odada gezin,False,True,-5.14274,4.51258,-4.37619,3.10000,0.05903,0.00000
1711,132.52235,0.03119,Ada ile odada gezin,False,True,-5.19237,4.51288,-4.36213,3.10000,0.05159,0.00000
1712,132.55582,0.03347,Ada ile odada gezin,False,True,-5.24659,4.51318,-4.34679,3.10000,0.05635,0.00000
1713,132.58925,0.03343,Ada ile odada gezin,False,True,-5.30114,4.51342,-4.33138,3.10000,0.05669,0.00000
1714,132.62393,0.03468,Ada ile odada gezin,False,True,-5.35702,4.51363,-4.31562,3.10000,0.05806,0.00000
1715,132.68283,0.05890,Yakından incele · radio,True,True,-5.39919,4.50906,-4.28156,3.09235,0.05440,0.20174
1716,132.71600,0.03317,Yakından incele · radio,True,True,-5.33199,4.47842,-4.15435,3.04204,0.14709,1.33176
1717,132.73317,0.01717,Yakından incele · radio,True,True,-5.30213,4.46480,-4.09783,3.01968,0.06537,0.59215
1718,132.75569,0.02252,Yakından incele · radio,True,True,-5.25421,4.44295,-4.00711,2.98380,0.10489,0.94873
1719,132.78807,0.03237,Yakından incele · radio,True,True,-5.17428,4.40651,-3.85581,2.92396,0.17495,1.58309
1720,132.82230,0.03424,Yakından incele · radio,True,True,-5.07722,4.36226,-3.67209,2.85129,0.21244,1.92288
1721,132.85641,0.03411,Yakından incele · radio,True,True,-4.96517,4.31117,-3.45998,2.76739,0.24528,2.22025
1722,132.88984,0.03343,Yakından incele · radio,True,True,-4.84324,4.25558,-3.22918,2.67611,0.26688,2.41544
1723,132.92308,0.03324,Yakından incele · radio,True,True,-4.70925,4.19449,-2.97554,2.57578,0.29329,2.65443
1724,132.95525,0.03216,Yakından incele · radio,True,True,-4.56980,4.13091,-2.71156,2.47137,0.30524,2.76252
1725,132.98862,0.03337,Yakından incele · radio,True,True,-4.42201,4.06353,-2.43180,2.36072,0.32349,2.92813
1726,133.02348,0.03486,Yakından incele · radio,True,True,-4.26063,3.98996,-2.12633,2.23990,0.35323,3.19726
1727,133.05540,0.03192,Yakından incele · radio,True,True,-4.10170,3.91749,-1.82549,2.12091,0.34787,3.14916
1728,133.08838,0.03298,Yakından incele · radio,True,True,-3.94182,3.84460,-1.52284,2.00120,0.34996,3.16799
1729,133.12229,0.03391,Yakından incele · radio,True,True,-3.77095,3.76670,-1.19939,1.87327,0.37401,3.38585
1730,133.15583,0.03355,Yakından incele · radio,True,True,-3.60383,3.69050,-0.88304,1.74814,0.36580,3.31152
1731,133.18926,0.03342,Yakından incele · radio,True,True,-3.43124,3.61181,-0.55634,1.61892,0.37778,3.42013
1732,133.22133,0.03207,Yakından incele · radio,True,True,-3.27030,3.53844,-0.25169,1.49842,0.35227,3.18917
1733,133.25546,0.03413,Yakından incele · radio,True,True,-3.10721,3.46408,0.05704,1.37631,0.35699,3.23136
1734,133.28977,0.03431,Yakından incele · radio,True,True,-2.94367,3.38952,0.36660,1.25387,0.35795,3.24031
1735,133.32490,0.03513,Yakından incele · radio,True,True,-2.78656,3.31789,0.66400,1.13624,0.34390,3.11316
1736,133.36131,0.03641,Yakından incele · radio,True,True,-2.63892,3.25057,0.94347,1.02570,0.32316,2.92492
1737,133.39417,0.03286,Yakından incele · radio,True,True,-2.49283,3.18396,1.22002,0.91632,0.31979,2.89480
1738,133.42639,0.03222,Yakından incele · radio,True,True,-2.37211,3.12893,1.44853,0.82594,0.26422,2.39232
1739,133.45935,0.03296,Yakından incele · radio,True,True,-2.25362,3.07490,1.67284,0.73722,0.25938,2.34806
1740,133.49098,0.03163,Yakından incele · radio,True,True,-2.15604,3.03042,1.85754,0.66416,0.21357,1.93263
1741,133.52613,0.03515,Yakından incele · radio,True,True,-2.06359,2.98826,2.03255,0.59494,0.20238,1.83114
1742,133.55826,0.03214,Yakından incele · radio,True,True,-1.98800,2.95380,2.17564,0.53834,0.16546,1.49721
1743,133.59105,0.03279,Yakından incele · radio,True,True,-1.93434,2.92934,2.27721,0.49817,0.11744,1.06237
1744,133.62397,0.03291,Yakından incele · radio,True,True,-1.89279,2.91039,2.35587,0.46706,0.09096,0.82139
1745,133.65575,0.03179,Yakından incele · radio,True,True,-1.87297,2.90135,2.39338,0.45222,0.04338,0.38967
1746,133.68869,0.03294,Yakından incele · radio,False,True,-1.87000,2.90000,2.39900,0.45000,0.00650,0.00000
1747,133.72676,0.03807,Yakından incele · radio,False,True,-1.87000,2.90000,2.39900,0.45000,0.00000,0.00000
1748,133.75961,0.03285,Yakından incele · radio,False,True,-1.87000,2.90000,2.39900,0.45000,0.00000,0.00000
1749,133.79120,0.03159,Yakından incele · radio,False,True,-1.87000,2.90000,2.39900,0.45000,0.00000,0.00000
1750,133.82438,0.03318,Yakından incele · radio,False,True,-1.87000,2.90000,2.39900,0.45000,0.00000,0.00000
1751,133.85762,0.03324,Yakından incele · radio,False,True,-1.87000,2.90000,2.39900,0.45000,0.00000,0.00000
1752,133.89007,0.03245,Yakından incele · radio,False,True,-1.87000,2.90000,2.39900,0.45000,0.00000,0.00000
1753,133.92273,0.03266,Yakından incele · radio,False,True,-1.87000,2.90000,2.39900,0.45000,0.00000,0.00000
1754,133.95642,0.03370,Yakından incele · radio,False,True,-1.87000,2.90000,2.39900,0.45000,0.00000,0.00000
1755,133.98902,0.03259,Yakından incele · radio,False,True,-1.87000,2.90000,2.39900,0.45000,0.00000,0.00000
1756,134.02296,0.03395,Yakından incele · radio,False,True,-1.87000,2.90000,2.39900,0.45000,0.00000,0.00000
1757,134.05771,0.03474,Yakından incele · radio,False,True,-1.87000,2.90000,2.39900,0.45000,0.00000,0.00000
1758,134.08956,0.03185,Yakından incele · radio,False,True,-1.87000,2.90000,2.39900,0.45000,0.00000,0.00000
1759,134.12313,0.03357,Yakından incele · radio,False,True,-1.87000,2.90000,2.39900,0.45000,0.00000,0.00000
1760,134.15649,0.03336,Yakından incele · radio,False,True,-1.87000,2.90000,2.39900,0.45000,0.00000,0.00000
1761,134.19042,0.03393,Yakından incele · radio,False,True,-1.87000,2.90000,2.39900,0.45000,0.00000,0.00000
1762,134.22407,0.03365,Yakından incele · radio,False,True,-1.87000,2.90000,2.39900,0.45000,0.00000,0.00000
1763,134.25884,0.03477,Yakından incele · radio,False,True,-1.87000,2.90000,2.39900,0.45000,0.00000,0.00000
1764,134.29233,0.03349,Yakından incele · radio,False,True,-1.87000,2.90000,2.39900,0.45000,0.00000,0.00000
1765,134.32373,0.03140,Yakından incele · radio,False,True,-1.87000,2.90000,2.39900,0.45000,0.00000,0.00000
1766,134.35677,0.03304,Yakından incele · radio,False,True,-1.87000,2.90000,2.39900,0.45000,0.00000,0.00000
1767,134.42675,0.06998,Ada ile odada gezin,True,True,-1.91491,2.91968,2.31705,0.48255,0.09550,0.86048
1768,134.43638,0.00963,Ada ile odada gezin,True,True,-1.92934,2.92600,2.29071,0.49300,0.03069,0.27411
1769,134.45746,0.02109,Ada ile odada gezin,True,True,-1.96294,2.94072,2.22939,0.51735,0.07145,0.64285
1770,134.49459,0.03713,Ada ile odada gezin,True,True,-2.03223,2.97108,2.10294,0.56757,0.14736,1.32764
1771,134.52782,0.03323,Ada ile odada gezin,True,True,-2.12835,3.01319,1.92754,0.63723,0.20439,1.84265
1772,134.55931,0.03149,Ada ile odada gezin,True,True,-2.22575,3.05587,1.74979,0.70781,0.20714,1.86754
1773,134.59018,0.03087,Ada ile odada gezin,True,True,-2.32922,3.10120,1.56097,0.78280,0.22002,1.98379
1774,134.62285,0.03267,Ada ile odada gezin,True,True,-2.45744,3.15738,1.32697,0.87572,0.27268,2.45879
1775,134.66048,0.03762,Ada ile odada gezin,True,True,-2.59095,3.21588,1.08333,0.97248,0.28392,2.56017
1776,134.69460,0.03413,Ada ile odada gezin,True,True,-2.76251,3.29104,0.77026,1.09680,0.36482,3.28994
1777,134.72285,0.02825,Ada ile odada gezin,True,True,-2.89533,3.34923,0.52787,1.19306,0.28245,2.54668
1778,134.75669,0.03384,Ada ile odada gezin,True,True,-3.05410,3.41880,0.23811,1.30813,0.33765,3.04503
1779,134.78994,0.03325,Ada ile odada gezin,True,True,-3.22403,3.49325,-0.07198,1.43127,0.36136,3.25934
1780,134.82254,0.03261,Ada ile odada gezin,True,True,-3.39236,3.56700,-0.37917,1.55326,0.35797,3.22845
1781,134.85548,0.03293,Ada ile odada gezin,True,True,-3.56264,3.64161,-0.68992,1.67666,0.36211,3.26558
1782,134.88909,0.03362,Ada ile odada gezin,True,True,-3.73845,3.71864,-1.01075,1.80407,0.37387,3.37195
1783,134.92202,0.03293,Ada ile odada gezin,True,True,-3.91052,3.79403,-1.32478,1.92878,0.36593,3.30039
1784,134.95576,0.03374,Ada ile odada gezin,True,True,-4.08308,3.86963,-1.63968,2.05383,0.36696,3.30962
1785,134.98997,0.03420,Ada ile odada gezin,True,True,-4.25255,3.94388,-1.94895,2.17665,0.36038,3.25044
1786,135.02387,0.03390,Ada ile odada gezin,True,True,-4.41948,4.01702,-2.25359,2.29762,0.35500,3.20142
1787,135.05807,0.03420,Ada ile odada gezin,True,True,-4.58309,4.08871,-2.55215,2.41619,0.34792,3.13746
1788,135.09059,0.03252,Ada ile odada gezin,True,True,-4.72866,4.15249,-2.81781,2.52169,0.30957,2.79183
1789,135.12335,0.03276,Ada ile odada gezin,True,True,-4.87123,4.21495,-3.07799,2.62501,0.30318,2.73461
1790,135.15586,0.03251,Ada ile odada gezin,True,True,-5.00113,4.27186,-3.31504,2.71915,0.27624,2.49105
1791,135.18896,0.03310,Ada ile odada gezin,True,True,-5.12116,4.32445,-3.53408,2.80613,0.25525,2.30194
1792,135.22210,0.03314,Ada ile odada gezin,True,True,-5.22860,4.37153,-3.73016,2.88400,0.22849,2.06043
1793,135.25559,0.03349,Ada ile odada gezin,True,True,-5.32129,4.41214,-3.89930,2.95116,0.19710,1.77691
1794,135.29010,0.03451,Ada ile odada gezin,True,True,-5.39990,4.44658,-4.04276,3.00814,0.16718,1.50763
1795,135.32329,0.03319,Ada ile odada gezin,True,True,-5.46114,4.47341,-4.15453,3.05252,0.13024,1.17502
1796,135.36232,0.03902,Ada ile odada gezin,True,True,-5.50227,4.49143,-4.22958,3.08233,0.08746,0.78931
1797,135.40159,0.03927,Ada ile odada gezin,True,True,-5.52561,4.50166,-4.27216,3.09924,0.04962,0.44937
1798,135.43251,0.03092,Ada ile odada gezin,False,True,-5.52666,4.50212,-4.27409,3.10000,0.00224,0.00000
1799,135.46523,0.03272,Ada ile odada gezin,False,True,-5.52666,4.50212,-4.27409,3.10000,0.00000,0.00000
1800,135.49168,0.02644,Ada ile odada gezin,False,True,-5.52618,4.50235,-4.27622,3.10000,0.00220,0.00000
1801,135.52235,0.03067,Ada ile odada gezin,False,True,-5.52488,4.50293,-4.28210,3.10000,0.00605,0.00000
1802,135.56903,0.04668,Ada ile odada gezin,False,True,-5.52071,4.50463,-4.30137,3.10000,0.01979,0.00000
1803,135.60404,0.03501,Ada ile odada gezin,False,True,-5.51645,4.50620,-4.32127,3.10000,0.02041,0.00000
1804,135.64201,0.03796,Ada ile odada gezin,False,True,-5.51046,4.50822,-4.34936,3.10000,0.02879,0.00000
1805,135.67499,0.03298,Ada ile odada gezin,False,True,-5.50227,4.51071,-4.38775,3.10000,0.03933,0.00000
1806,135.70429,0.02930,Ada ile odada gezin,False,True,-5.49629,4.51235,-4.41750,3.10000,0.03039,0.00000
1807,135.73873,0.03444,Ada ile odada gezin,False,True,-5.48766,4.51460,-4.46177,3.10000,0.04516,0.00000
1808,135.77042,0.03169,Ada ile odada gezin,False,True,-5.48041,4.51618,-4.49990,3.10000,0.03884,0.00000
1809,135.80296,0.03253,Ada ile odada gezin,False,True,-5.47180,4.51782,-4.54547,3.10000,0.04641,0.00000
1810,135.83725,0.03430,Ada ile odada gezin,False,True,-5.46368,4.51907,-4.58858,3.10000,0.04388,0.00000
1811,135.87143,0.03417,Ada ile odada gezin,False,True,-5.45477,4.52022,-4.63558,3.10000,0.04785,0.00000
1812,135.90259,0.03116,Ada ile odada gezin,False,True,-5.44615,4.52108,-4.68077,3.10000,0.04601,0.00000
1813,135.93431,0.03172,Ada ile odada gezin,False,True,-5.43793,4.52173,-4.72430,3.10000,0.04430,0.00000
1814,135.96726,0.03296,Ada ile odada gezin,False,True,-5.42907,4.52231,-4.77041,3.10000,0.04695,0.00000
1815,136.00128,0.03402,Ada ile odada gezin,False,True,-5.41996,4.52276,-4.81679,3.10000,0.04727,0.00000
1816,136.03493,0.03365,Ada ile odada gezin,False,True,-5.41093,4.52314,-4.86411,3.10000,0.04818,0.00000
1817,136.06886,0.03393,Ada ile odada gezin,False,True,-5.40179,4.52339,-4.91138,3.10000,0.04814,0.00000
1818,136.10078,0.03191,Ada ile odada gezin,False,True,-5.39296,4.52350,-4.95555,3.10000,0.04505,0.00000
1819,136.13466,0.03389,Ada ile odada gezin,False,True,-5.38262,4.52352,-5.00139,3.10000,0.04698,0.00000
1820,136.16851,0.03385,Ada ile odada gezin,False,True,-5.36989,4.52344,-5.04924,3.10000,0.04952,0.00000
1821,136.20116,0.03265,Ada ile odada gezin,False,True,-5.35430,4.52314,-5.09584,3.10000,0.04913,0.00000
1822,136.23445,0.03329,Ada ile odada gezin,False,True,-5.33509,4.52265,-5.14284,3.10000,0.05078,0.00000
1823,136.26783,0.03338,Ada ile odada gezin,False,True,-5.31244,4.52209,-5.19156,3.10000,0.05373,0.00000
1824,136.30113,0.03330,Ada ile odada gezin,False,True,-5.28833,4.52147,-5.23911,3.10000,0.05331,0.00000
1825,136.33504,0.03391,Ada ile odada gezin,False,True,-5.26198,4.52080,-5.28731,3.10000,0.05494,0.00000
1826,136.36835,0.03331,Ada ile odada gezin,False,True,-5.23407,4.52008,-5.33485,3.10000,0.05513,0.00000
1827,136.40111,0.03276,Ada ile odada gezin,False,True,-5.20474,4.51929,-5.38135,3.10000,0.05498,0.00000
1828,136.43342,0.03232,Ada ile odada gezin,False,True,-5.17461,4.51847,-5.42574,3.10000,0.05366,0.00000
1829,136.46694,0.03352,Ada ile odada gezin,False,True,-5.14204,4.51765,-5.47134,3.10000,0.05604,0.00000
1830,136.50176,0.03482,Ada ile odada gezin,False,True,-5.10834,4.51690,-5.51688,3.10000,0.05666,0.00000
1831,136.53802,0.03626,Ada ile odada gezin,False,True,-5.07315,4.51622,-5.56327,3.10000,0.05823,0.00000
1832,136.57110,0.03308,Ada ile odada gezin,False,True,-5.03516,4.51563,-5.61247,3.10000,0.06216,0.00000
1833,136.60026,0.02916,Ada ile odada gezin,False,True,-5.00562,4.51516,-5.65039,3.10000,0.04807,0.00000
1834,136.63440,0.03414,Ada ile odada gezin,False,True,-4.97032,4.51475,-5.69526,3.10000,0.05710,0.00000
1835,136.66867,0.03427,Ada ile odada gezin,False,True,-4.93450,4.51442,-5.74051,3.10000,0.05771,0.00000
1836,136.70373,0.03506,Ada ile odada gezin,False,True,-4.89856,4.51415,-5.78573,3.10000,0.05777,0.00000
1837,136.73882,0.03509,Ada ile odada gezin,False,True,-4.86080,4.51392,-5.83308,3.10000,0.06056,0.00000
1838,136.77198,0.03316,Ada ile odada gezin,False,True,-4.82723,4.51373,-5.87510,3.10000,0.05378,0.00000
1839,136.81026,0.03828,Ada ile odada gezin,False,True,-4.78901,4.51359,-5.92284,3.10000,0.06116,0.00000
1840,136.83992,0.02967,Ada ile odada gezin,False,True,-4.75175,4.51347,-5.96932,3.10000,0.05957,0.00000
1841,136.86867,0.02875,Ada ile odada gezin,False,True,-4.72278,4.51334,-6.00549,3.10000,0.04634,0.00000
1842,136.90460,0.03593,Ada ile odada gezin,False,True,-4.68623,4.51329,-6.05102,3.10000,0.05839,0.00000
1843,136.93807,0.03348,Ada ile odada gezin,False,True,-4.64860,4.51324,-6.09786,3.10000,0.06008,0.00000
1844,136.97050,0.03243,Ada ile odada gezin,False,True,-4.61506,4.51318,-6.13963,3.10000,0.05358,0.00000
1845,137.00241,0.03191,Ada ile odada gezin,False,True,-4.57882,4.51315,-6.18472,3.10000,0.05785,0.00000
1846,137.03527,0.03285,Ada ile odada gezin,False,True,-4.54559,4.51310,-6.22608,3.10000,0.05305,0.00000
1847,137.07065,0.03538,Ada ile odada gezin,False,True,-4.50840,4.51310,-6.27233,3.10000,0.05935,0.00000
1848,137.10411,0.03346,Ada ile odada gezin,False,True,-4.47098,4.51309,-6.31887,3.10000,0.05972,0.00000
1849,137.13491,0.03079,Ada ile odada gezin,False,True,-4.43836,4.51305,-6.35946,3.10000,0.05207,0.00000
1850,137.16733,0.03243,Ada ile odada gezin,False,True,-4.40305,4.51304,-6.40337,3.10000,0.05634,0.00000
1851,137.20082,0.03349,Ada ile odada gezin,False,True,-4.36839,4.51303,-6.44649,3.10000,0.05532,0.00000
1852,137.23496,0.03414,Ada ile odada gezin,False,True,-4.33188,4.51304,-6.49187,3.10000,0.05824,0.00000
1853,137.26750,0.03254,Ada ile odada gezin,False,True,-4.29624,4.51303,-6.53620,3.10000,0.05688,0.00000
1854,137.30077,0.03326,Ada ile odada gezin,False,True,-4.26166,4.51302,-6.57921,3.10000,0.05519,0.00000
1855,137.33465,0.03389,Ada ile odada gezin,False,True,-4.22534,4.51302,-6.62437,3.10000,0.05796,0.00000
1856,137.36793,0.03328,Ada ile odada gezin,False,True,-4.19005,4.51302,-6.66824,3.10000,0.05630,0.00000
1857,137.40182,0.03388,Ada ile odada gezin,False,True,-4.15423,4.51302,-6.71278,3.10000,0.05715,0.00000
1858,137.43488,0.03307,Ada ile odada gezin,False,True,-4.11853,4.51301,-6.75717,3.10000,0.05696,0.00000
1859,137.46785,0.03297,Ada ile odada gezin,False,True,-4.08350,4.51301,-6.80074,3.10000,0.05590,0.00000
1860,137.50132,0.03347,Ada ile odada gezin,False,True,-4.04786,4.51301,-6.84505,3.10000,0.05687,0.00000
1861,137.53421,0.03289,Ada ile odada gezin,False,True,-4.01236,4.51301,-6.88919,3.10000,0.05665,0.00000
1862,137.56747,0.03326,Ada ile odada gezin,False,True,-3.97746,4.51300,-6.93259,3.10000,0.05569,0.00000
1863,137.60111,0.03364,Ada ile odada gezin,False,True,-3.94141,4.51301,-6.97741,3.10000,0.05752,0.00000
1864,137.63573,0.03462,Ada ile odada gezin,False,True,-3.90470,4.51302,-7.02305,3.10000,0.05857,0.00000
1865,137.66759,0.03187,Ada ile odada gezin,False,True,-3.87014,4.51300,-7.06604,3.10000,0.05516,0.00000
1866,137.70101,0.03341,Ada ile odada gezin,False,True,-3.83551,4.51300,-7.10910,3.10000,0.05525,0.00000
1867,137.73457,0.03356,Ada ile odada gezin,False,True,-3.79899,4.51301,-7.15451,3.10000,0.05827,0.00000
1868,137.76748,0.03291,Ada ile odada gezin,False,True,-3.76427,4.51300,-7.19768,3.10000,0.05540,0.00000
1869,137.80038,0.03290,Ada ile odada gezin,False,True,-3.72843,4.51301,-7.24224,3.10000,0.05719,0.00000
1870,137.83459,0.03422,Ada ile odada gezin,False,True,-3.69330,4.51300,-7.28592,3.10000,0.05605,0.00000
1871,137.87089,0.03630,Ada ile odada gezin,False,True,-3.65670,4.51301,-7.33143,3.10000,0.05840,0.00000
1872,137.90544,0.03455,Ada ile odada gezin,False,True,-3.61852,4.51303,-7.37888,3.10000,0.06090,0.00000
1873,137.93643,0.03098,Ada ile odada gezin,False,True,-3.58448,4.51301,-7.42123,3.10000,0.05433,0.00000
1874,137.96824,0.03181,Ada ile odada gezin,False,True,-3.55060,4.51299,-7.46337,3.10000,0.05408,0.00000
1875,138.00109,0.03286,Ada ile odada gezin,False,True,-3.51518,4.51300,-7.50740,3.10000,0.05650,0.00000
1876,138.03411,0.03302,Ada ile odada gezin,False,True,-3.48015,4.51300,-7.55096,3.10000,0.05589,0.00000
1877,138.06726,0.03315,Ada ile odada gezin,False,True,-3.44441,4.51300,-7.59540,3.10000,0.05703,0.00000
1878,138.10080,0.03354,Ada ile odada gezin,False,True,-3.40913,4.51300,-7.63926,3.10000,0.05628,0.00000
1879,138.13400,0.03320,Ada ile odada gezin,False,True,-3.37331,4.51301,-7.68380,3.10000,0.05716,0.00000
1880,138.16865,0.03465,Ada ile odada gezin,False,True,-3.33688,4.51301,-7.72909,3.10000,0.05812,0.00000
1881,138.20094,0.03229,Ada ile odada gezin,False,True,-3.30182,4.51301,-7.77269,3.10000,0.05595,0.00000
1882,138.23368,0.03274,Ada ile odada gezin,False,True,-3.26737,4.51300,-7.81554,3.10000,0.05498,0.00000
1883,138.26692,0.03323,Ada ile odada gezin,False,True,-3.23157,4.51300,-7.86005,3.10000,0.05712,0.00000
1884,138.30050,0.03359,Ada ile odada gezin,False,True,-3.19610,4.51300,-7.90415,3.10000,0.05659,0.00000
1885,138.33428,0.03378,Ada ile odada gezin,False,True,-3.16038,4.51301,-7.94856,3.10000,0.05699,0.00000
1886,138.36750,0.03322,Ada ile odada gezin,False,True,-3.12455,4.51301,-7.99311,3.10000,0.05717,0.00000
1887,138.40526,0.03776,Yakından incele · bag,True,True,-3.07313,4.50785,-8.02153,3.09532,0.05898,0.20174
1888,138.43927,0.03401,Yakından incele · bag,True,True,-3.01399,4.48925,-7.96692,3.07842,0.08262,0.73061
1889,138.46746,0.02819,Yakından incele · bag,True,True,-2.94582,4.46781,-7.90396,3.05894,0.09524,0.84116
1890,138.50105,0.03358,Yakından incele · bag,True,True,-2.83887,4.43418,-7.80519,3.02838,0.14941,1.32232
1891,138.53463,0.03358,Yakından incele · bag,True,True,-2.70638,4.39251,-7.68284,2.99052,0.18510,1.63897
1892,138.56771,0.03309,Yakından incele · bag,True,True,-2.55062,4.34352,-7.53900,2.94601,0.21760,1.92654
1893,138.60030,0.03259,Yakından incele · bag,True,True,-2.37541,4.28842,-7.37720,2.89595,0.24478,2.16708
1894,138.63381,0.03350,Yakından incele · bag,True,True,-2.18198,4.22759,-7.19857,2.84068,0.27022,2.39232
1895,138.66796,0.03415,Yakından incele · bag,True,True,-1.95916,4.15752,-6.99280,2.77701,0.31129,2.75571
1896,138.69968,0.03172,Yakından incele · bag,True,True,-1.74255,4.08940,-6.79277,2.71512,0.30260,2.67851
1897,138.73342,0.03375,Yakından incele · bag,True,True,-1.50488,4.01465,-6.57329,2.64721,0.33203,2.93961
1898,138.76667,0.03324,Yakından incele · bag,True,True,-1.24999,3.93449,-6.33790,2.57437,0.35610,3.15264
1899,138.80011,0.03345,Yakından incele · bag,True,True,-0.99545,3.85444,-6.10284,2.50164,0.35560,3.14841
1900,138.83337,0.03326,Yakından incele · bag,True,True,-0.72861,3.77052,-5.85642,2.42540,0.37278,3.30063
1901,138.87579,0.04242,Yakından incele · bag,True,True,-0.39526,3.66569,-5.54858,2.33015,0.46571,4.12331
1902,138.91012,0.03433,Yakından incele · bag,True,True,-0.11435,3.57735,-5.28917,2.24988,0.39243,3.47508
1903,138.94206,0.03194,Yakından incele · bag,True,True,0.14855,3.49466,-5.04638,2.17476,0.36729,3.25236
1904,138.97504,0.03298,Yakından incele · bag,True,True,0.40882,3.41281,-4.80603,2.10039,0.36361,3.21947
1905,139.00899,0.03395,Yakından incele · bag,True,True,0.67225,3.32997,-4.56277,2.02512,0.36801,3.25814
1906,139.04292,0.03392,Yakından incele · bag,True,True,0.92579,3.25023,-4.32863,1.95267,0.35421,3.13596
1907,139.07638,0.03346,Yakından incele · bag,True,True,1.17199,3.17280,-4.10126,1.88232,0.34396,3.04554
1908,139.10915,0.03278,Yakından incele · bag,True,True,1.39956,3.10124,-3.89111,1.81730,0.31792,2.81473
1909,139.14180,0.03265,Yakından incele · bag,True,True,1.61592,3.03319,-3.69131,1.75548,0.30226,2.67587
1910,139.17616,0.03436,Yakından incele · bag,True,True,1.81917,2.96927,-3.50361,1.69740,0.28396,2.51389
1911,139.20980,0.03363,Yakından incele · bag,True,True,1.99901,2.91272,-3.33753,1.64601,0.25124,2.22412
1912,139.24268,0.03288,Yakından incele · bag,True,True,2.16187,2.86150,-3.18714,1.59948,0.22752,2.01394
1913,139.27581,0.03313,Yakından incele · bag,True,True,2.29642,2.81918,-3.06288,1.56103,0.18798,1.66361
1914,139.31011,0.03431,Yakından incele · bag,True,True,2.41261,2.78264,-2.95558,1.52783,0.16232,1.43638
1915,139.34341,0.03330,Yakından incele · bag,True,True,2.49837,2.75567,-2.87639,1.50333,0.11980,1.05942
1916,139.37632,0.03291,Yakından incele · bag,True,True,2.55423,2.73811,-2.82480,1.48736,0.07804,0.68870
1917,139.40891,0.03259,Yakından incele · bag,True,True,2.57893,2.73034,-2.80199,1.48031,0.03450,0.30390
1918,139.44170,0.03279,Yakından incele · bag,False,True,2.58000,2.73000,-2.80100,1.48000,0.00150,0.00000
1919,139.47759,0.03589,Yakından incele · bag,False,True,2.58000,2.73000,-2.80100,1.48000,0.00000,0.00000
1920,139.51040,0.03281,Yakından incele · bag,False,True,2.58000,2.73000,-2.80100,1.48000,0.00000,0.00000
1921,139.54455,0.03415,Yakından incele · bag,False,True,2.58000,2.73000,-2.80100,1.48000,0.00000,0.00000
1922,139.57629,0.03174,Yakından incele · bag,False,True,2.58000,2.73000,-2.80100,1.48000,0.00000,0.00000
1923,139.60952,0.03323,Yakından incele · bag,False,True,2.58000,2.73000,-2.80100,1.48000,0.00000,0.00000
1924,139.64271,0.03319,Yakından incele · bag,False,True,2.58000,2.73000,-2.80100,1.48000,0.00000,0.00000
1925,139.67517,0.03246,Yakından incele · bag,False,True,2.58000,2.73000,-2.80100,1.48000,0.00000,0.00000
1926,139.70999,0.03482,Yakından incele · bag,False,True,2.58000,2.73000,-2.80100,1.48000,0.00000,0.00000
1927,139.74311,0.03312,Yakından incele · bag,False,True,2.58000,2.73000,-2.80100,1.48000,0.00000,0.00000
1928,139.77664,0.03353,Yakından incele · bag,False,True,2.58000,2.73000,-2.80100,1.48000,0.00000,0.00000
1929,139.80935,0.03272,Yakından incele · bag,False,True,2.58000,2.73000,-2.80100,1.48000,0.00000,0.00000
1930,139.84333,0.03398,Yakından incele · bag,False,True,2.58000,2.73000,-2.80100,1.48000,0.00000,0.00000
1931,139.87714,0.03381,Yakından incele · bag,False,True,2.58000,2.73000,-2.80100,1.48000,0.00000,0.00000
1932,139.90942,0.03228,Yakından incele · bag,False,True,2.58000,2.73000,-2.80100,1.48000,0.00000,0.00000
1933,139.94232,0.03290,Yakından incele · bag,False,True,2.58000,2.73000,-2.80100,1.48000,0.00000,0.00000
1934,139.97599,0.03367,Yakından incele · bag,False,True,2.58000,2.73000,-2.80100,1.48000,0.00000,0.00000
1935,140.01010,0.03412,Yakından incele · bag,False,True,2.58000,2.73000,-2.80100,1.48000,0.00000,0.00000
1936,140.04360,0.03350,Yakından incele · bag,False,True,2.58000,2.73000,-2.80100,1.48000,0.00000,0.00000
1937,140.07667,0.03307,Yakından incele · bag,False,True,2.58000,2.73000,-2.80100,1.48000,0.00000,0.00000
1938,140.10958,0.03291,Yakından incele · bag,False,True,2.58000,2.73000,-2.80100,1.48000,0.00000,0.00000
1939,140.15750,0.04791,Yakından incele · bag,False,True,2.58000,2.73000,-2.80100,1.48000,0.00000,0.00000
1940,140.17612,0.01862,Yakından incele · bag,False,True,2.58000,2.73000,-2.80100,1.48000,0.00000,0.00000
1941,140.21038,0.03426,Yakından incele · bag,False,True,2.58000,2.73000,-2.80100,1.48000,0.00000,0.00000
1942,140.24199,0.03161,Yakından incele · bag,False,True,2.58000,2.73000,-2.80100,1.48000,0.00000,0.00000
1943,140.27675,0.03476,Yakından incele · bag,False,True,2.58000,2.73000,-2.80100,1.48000,0.00000,0.00000
1944,140.31093,0.03418,Yakından incele · bag,False,True,2.58000,2.73000,-2.80100,1.48000,0.00000,0.00000
1945,140.34270,0.03177,Yakından incele · bag,False,True,2.58000,2.73000,-2.80100,1.48000,0.00000,0.00000
1946,140.37670,0.03399,Yakından incele · bag,False,True,2.58000,2.73000,-2.80100,1.48000,0.00000,0.00000
1947,140.41006,0.03336,Yakından incele · bag,False,True,2.58000,2.73000,-2.80100,1.48000,0.00000,0.00000
1948,140.44307,0.03301,Yakından incele · bag,False,True,2.58000,2.73000,-2.80100,1.48000,0.00000,0.00000
1949,140.47654,0.03347,Yakından incele · bag,False,True,2.58000,2.73000,-2.80100,1.48000,0.00000,0.00000
1950,140.50884,0.03230,Yakından incele · bag,False,True,2.58000,2.73000,-2.80100,1.48000,0.00000,0.00000
1951,140.54310,0.03426,Yakından incele · bag,False,True,2.58000,2.73000,-2.80100,1.48000,0.00000,0.00000
1952,140.57624,0.03313,Yakından incele · bag,False,True,2.58000,2.73000,-2.80100,1.48000,0.00000,0.00000
1953,140.60904,0.03280,Yakından incele · bag,False,True,2.58000,2.73000,-2.80100,1.48000,0.00000,0.00000
1954,140.64297,0.03393,Yakından incele · bag,False,True,2.58000,2.73000,-2.80100,1.48000,0.00000,0.00000
1955,140.67659,0.03362,Yakından incele · bag,False,True,2.58000,2.73000,-2.80100,1.48000,0.00000,0.00000
1956,140.70938,0.03279,Yakından incele · bag,False,True,2.58000,2.73000,-2.80100,1.48000,0.00000,0.00000
1957,140.74430,0.03492,Yakından incele · bag,False,True,2.58000,2.73000,-2.80100,1.48000,0.00000,0.00000
1958,140.77660,0.03231,Yakından incele · bag,False,True,2.58000,2.73000,-2.80100,1.48000,0.00000,0.00000
1959,140.82676,0.05016,Yakından incele · bag,False,True,2.58000,2.73000,-2.80100,1.48000,0.00000,0.00000
1960,140.84552,0.01876,Yakından incele · bag,False,True,2.58000,2.73000,-2.80100,1.48000,0.00000,0.00000
1961,140.87672,0.03120,Yakından incele · bag,False,True,2.58000,2.73000,-2.80100,1.48000,0.00000,0.00000
1962,140.91017,0.03345,Yakından incele · bag,False,True,2.58000,2.73000,-2.80100,1.48000,0.00000,0.00000
1963,140.94347,0.03330,Yakından incele · bag,False,True,2.58000,2.73000,-2.80100,1.48000,0.00000,0.00000
1964,140.97564,0.03217,Yakından incele · bag,False,True,2.58000,2.73000,-2.80100,1.48000,0.00000,0.00000
1965,141.00903,0.03339,Yakından incele · bag,False,True,2.58000,2.73000,-2.80100,1.48000,0.00000,0.00000
1966,141.04291,0.03388,Yakından incele · bag,False,True,2.58000,2.73000,-2.80100,1.48000,0.00000,0.00000
1967,141.07637,0.03346,Yakından incele · bag,False,True,2.58000,2.73000,-2.80100,1.48000,0.00000,0.00000
1968,141.10991,0.03354,Yakından incele · bag,False,True,2.58000,2.73000,-2.80100,1.48000,0.00000,0.00000
1969,141.14333,0.03343,Yakından incele · bag,False,True,2.58000,2.73000,-2.80100,1.48000,0.00000,0.00000
1970,141.17684,0.03350,Yakından incele · bag,False,True,2.58000,2.73000,-2.80100,1.48000,0.00000,0.00000
1971,141.20986,0.03302,Yakından incele · bag,False,True,2.58000,2.73000,-2.80100,1.48000,0.00000,0.00000
1972,141.24456,0.03470,Yakından incele · bag,False,True,2.58000,2.73000,-2.80100,1.48000,0.00000,0.00000
1973,141.27674,0.03218,Yakından incele · bag,False,True,2.58000,2.73000,-2.80100,1.48000,0.00000,0.00000
1974,141.31056,0.03382,Yakından incele · bag,False,True,2.58000,2.73000,-2.80100,1.48000,0.00000,0.00000
1975,141.34338,0.03282,Yakından incele · bag,False,True,2.58000,2.73000,-2.80100,1.48000,0.00000,0.00000
1976,141.37612,0.03274,Yakından incele · bag,False,True,2.58000,2.73000,-2.80100,1.48000,0.00000,0.00000
1977,141.40891,0.03279,Yakından incele · bag,False,True,2.58000,2.73000,-2.80100,1.48000,0.00000,0.00000
1978,141.44306,0.03415,Yakından incele · bag,False,True,2.58000,2.73000,-2.80100,1.48000,0.00000,0.00000
1979,141.49136,0.04830,Yakından incele · bag,False,True,2.58000,2.73000,-2.80100,1.48000,0.00000,0.00000
1980,141.51045,0.01909,Yakından incele · bag,False,True,2.58000,2.73000,-2.80100,1.48000,0.00000,0.00000
1981,141.54278,0.03233,Yakından incele · bag,False,True,2.58000,2.73000,-2.80100,1.48000,0.00000,0.00000
1982,141.57639,0.03361,Yakından incele · bag,False,True,2.58000,2.73000,-2.80100,1.48000,0.00000,0.00000
1983,141.61024,0.03385,Yakından incele · bag,False,True,2.58000,2.73000,-2.80100,1.48000,0.00000,0.00000
1984,141.64312,0.03288,Yakından incele · bag,False,True,2.58000,2.73000,-2.80100,1.48000,0.00000,0.00000
1985,141.67562,0.03249,Yakından incele · bag,False,True,2.58000,2.73000,-2.80100,1.48000,0.00000,0.00000
1986,141.70855,0.03293,Yakından incele · bag,False,True,2.58000,2.73000,-2.80100,1.48000,0.00000,0.00000
1987,141.74332,0.03477,Yakından incele · bag,False,True,2.58000,2.73000,-2.80100,1.48000,0.00000,0.00000
1988,141.77793,0.03461,Yakından incele · bag,False,True,2.58000,2.73000,-2.80100,1.48000,0.00000,0.00000
1989,141.80982,0.03188,Yakından incele · bag,False,True,2.58000,2.73000,-2.80100,1.48000,0.00000,0.00000
1990,141.84449,0.03468,Yakından incele · bag,False,True,2.58000,2.73000,-2.80100,1.48000,0.00000,0.00000
1991,141.87714,0.03264,Yakından incele · bag,False,True,2.58000,2.73000,-2.80100,1.48000,0.00000,0.00000
1992,141.91621,0.03907,Yakından incele · bag,False,True,2.58000,2.73000,-2.80100,1.48000,0.00000,0.00000
1993,141.95409,0.03788,Yakından incele · bag,False,True,2.58000,2.73000,-2.80100,1.48000,0.00000,0.00000
1994,141.98103,0.02693,Yakından incele · bag,False,True,2.58000,2.73000,-2.80100,1.48000,0.00000,0.00000
1995,142.01067,0.02964,Yakından incele · bag,False,True,2.58000,2.73000,-2.80100,1.48000,0.00000,0.00000
1996,142.04354,0.03287,Yakından incele · bag,False,True,2.58000,2.73000,-2.80100,1.48000,0.00000,0.00000
1997,142.07794,0.03440,Yakından incele · bag,False,True,2.58000,2.73000,-2.80100,1.48000,0.00000,0.00000
1998,142.11293,0.03499,Yakından incele · bag,False,True,2.58000,2.73000,-2.80100,1.48000,0.00000,0.00000
1999,142.16292,0.04999,Yakından incele · bag,False,True,2.58000,2.73000,-2.80100,1.48000,0.00000,0.00000
2000,142.18875,0.02583,Yakından incele · bag,False,True,2.58000,2.73000,-2.80100,1.48000,0.00000,0.00000
2001,142.22063,0.03188,Yakından incele · bag,False,True,2.58000,2.73000,-2.80100,1.48000,0.00000,0.00000
2002,142.25426,0.03363,Yakından incele · bag,False,True,2.58000,2.73000,-2.80100,1.48000,0.00000,0.00000
2003,142.28887,0.03461,Yakından incele · bag,False,True,2.58000,2.73000,-2.80100,1.48000,0.00000,0.00000
2004,142.32604,0.03717,Yakından incele · bag,False,True,2.58000,2.73000,-2.80100,1.48000,0.00000,0.00000
2005,142.35869,0.03266,Yakından incele · bag,False,True,2.58000,2.73000,-2.80100,1.48000,0.00000,0.00000
2006,142.38760,0.02890,Yakından incele · bag,False,True,2.58000,2.73000,-2.80100,1.48000,0.00000,0.00000
2007,142.42474,0.03715,Yakından incele · bag,False,True,2.58000,2.73000,-2.80100,1.48000,0.00000,0.00000
2008,142.45498,0.03023,Yakından incele · bag,False,True,2.58000,2.73000,-2.80100,1.48000,0.00000,0.00000
2009,142.48620,0.03122,Yakından incele · bag,False,True,2.58000,2.73000,-2.80100,1.48000,0.00000,0.00000
2010,142.52010,0.03390,Yakından incele · bag,False,True,2.58000,2.73000,-2.80100,1.48000,0.00000,0.00000
2011,142.55343,0.03333,Yakından incele · bag,False,True,2.58000,2.73000,-2.80100,1.48000,0.00000,0.00000
2012,142.58681,0.03338,Yakından incele · bag,False,True,2.58000,2.73000,-2.80100,1.48000,0.00000,0.00000
2013,142.62271,0.03590,Yakından incele · bag,False,True,2.58000,2.73000,-2.80100,1.48000,0.00000,0.00000
2014,142.65611,0.03340,Yakından incele · bag,False,True,2.58000,2.73000,-2.80100,1.48000,0.00000,0.00000
2015,142.68751,0.03140,Yakından incele · bag,False,True,2.58000,2.73000,-2.80100,1.48000,0.00000,0.00000
2016,142.72087,0.03336,Yakından incele · bag,False,True,2.58000,2.73000,-2.80100,1.48000,0.00000,0.00000
2017,142.75312,0.03225,Yakından incele · bag,False,True,2.58000,2.73000,-2.80100,1.48000,0.00000,0.00000
2018,142.78675,0.03363,Yakından incele · bag,False,True,2.58000,2.73000,-2.80100,1.48000,0.00000,0.00000
2019,142.83507,0.04832,Yakından incele · bag,False,True,2.58000,2.73000,-2.80100,1.48000,0.00000,0.00000
2020,142.85369,0.01862,Yakından incele · bag,False,True,2.58000,2.73000,-2.80100,1.48000,0.00000,0.00000
2021,142.88690,0.03321,Yakından incele · bag,False,True,2.58000,2.73000,-2.80100,1.48000,0.00000,0.00000
2022,142.91997,0.03307,Yakından incele · bag,False,True,2.58000,2.73000,-2.80100,1.48000,0.00000,0.00000
2023,142.95319,0.03322,Yakından incele · bag,False,True,2.58000,2.73000,-2.80100,1.48000,0.00000,0.00000
2024,142.98682,0.03364,Yakından incele · bag,False,True,2.58000,2.73000,-2.80100,1.48000,0.00000,0.00000
2025,143.02061,0.03378,Yakından incele · bag,False,True,2.58000,2.73000,-2.80100,1.48000,0.00000,0.00000
2026,143.05357,0.03297,Yakından incele · bag,False,True,2.58000,2.73000,-2.80100,1.48000,0.00000,0.00000
2027,143.08669,0.03312,Yakından incele · bag,False,True,2.58000,2.73000,-2.80100,1.48000,0.00000,0.00000
2028,143.11986,0.03316,Yakından incele · bag,False,True,2.58000,2.73000,-2.80100,1.48000,0.00000,0.00000
2029,143.15287,0.03301,Yakından incele · bag,False,True,2.58000,2.73000,-2.80100,1.48000,0.00000,0.00000
2030,143.18691,0.03404,Yakından incele · bag,False,True,2.58000,2.73000,-2.80100,1.48000,0.00000,0.00000
2031,143.22037,0.03346,Yakından incele · bag,False,True,2.58000,2.73000,-2.80100,1.48000,0.00000,0.00000
2032,143.25293,0.03256,Yakından incele · bag,False,True,2.58000,2.73000,-2.80100,1.48000,0.00000,0.00000
2033,143.28666,0.03373,Yakından incele · bag,False,True,2.58000,2.73000,-2.80100,1.48000,0.00000,0.00000
2034,143.32116,0.03450,Yakından incele · bag,False,True,2.58000,2.73000,-2.80100,1.48000,0.00000,0.00000
2035,143.35267,0.03150,Yakından incele · bag,False,True,2.58000,2.73000,-2.80100,1.48000,0.00000,0.00000
2036,143.39051,0.03784,Yakından incele · bag,False,True,2.58000,2.73000,-2.80100,1.48000,0.00000,0.00000
2037,143.42492,0.03441,Yakından incele · bag,False,True,2.58000,2.73000,-2.80100,1.48000,0.00000,0.00000
2038,143.45743,0.03251,Yakından incele · bag,False,True,2.58000,2.73000,-2.80100,1.48000,0.00000,0.00000
2039,143.50453,0.04709,Yakından incele · bag,False,True,2.58000,2.73000,-2.80100,1.48000,0.00000,0.00000
2040,143.52339,0.01886,Yakından incele · bag,False,True,2.58000,2.73000,-2.80100,1.48000,0.00000,0.00000
2041,143.55793,0.03454,Yakından incele · bag,False,True,2.58000,2.73000,-2.80100,1.48000,0.00000,0.00000
2042,143.58871,0.03078,Yakından incele · bag,False,True,2.58000,2.73000,-2.80100,1.48000,0.00000,0.00000
2043,143.61980,0.03109,Yakından incele · bag,False,True,2.58000,2.73000,-2.80100,1.48000,0.00000,0.00000
2044,143.65411,0.03431,Yakından incele · bag,False,True,2.58000,2.73000,-2.80100,1.48000,0.00000,0.00000
2045,143.69052,0.03642,Yakından incele · bag,False,True,2.58000,2.73000,-2.80100,1.48000,0.00000,0.00000
2046,143.72358,0.03306,Yakından incele · bag,False,True,2.58000,2.73000,-2.80100,1.48000,0.00000,0.00000
2047,143.75503,0.03145,Yakından incele · bag,False,True,2.58000,2.73000,-2.80100,1.48000,0.00000,0.00000
2048,143.78611,0.03108,Yakından incele · bag,False,True,2.58000,2.73000,-2.80100,1.48000,0.00000,0.00000
2049,143.81983,0.03371,Yakından incele · bag,False,True,2.58000,2.73000,-2.80100,1.48000,0.00000,0.00000
2050,143.85481,0.03499,Yakından incele · bag,False,True,2.58000,2.73000,-2.80100,1.48000,0.00000,0.00000
2051,143.88681,0.03200,Yakından incele · bag,False,True,2.58000,2.73000,-2.80100,1.48000,0.00000,0.00000
2052,143.91879,0.03198,Yakından incele · bag,False,True,2.58000,2.73000,-2.80100,1.48000,0.00000,0.00000
2053,143.95290,0.03411,Yakından incele · bag,False,True,2.58000,2.73000,-2.80100,1.48000,0.00000,0.00000
2054,143.98732,0.03442,Yakından incele · bag,False,True,2.58000,2.73000,-2.80100,1.48000,0.00000,0.00000
2055,144.02039,0.03307,Yakından incele · bag,False,True,2.58000,2.73000,-2.80100,1.48000,0.00000,0.00000
2056,144.05305,0.03266,Yakından incele · bag,False,True,2.58000,2.73000,-2.80100,1.48000,0.00000,0.00000
2057,144.08694,0.03389,Yakından incele · bag,False,True,2.58000,2.73000,-2.80100,1.48000,0.00000,0.00000
2058,144.12112,0.03418,Yakından incele · bag,False,True,2.58000,2.73000,-2.80100,1.48000,0.00000,0.00000
2059,144.15442,0.03331,Yakından incele · bag,False,True,2.58000,2.73000,-2.80100,1.48000,0.00000,0.00000
2060,144.20078,0.04636,Yakından incele · bag,False,True,2.58000,2.73000,-2.80100,1.48000,0.00000,0.00000
2061,144.21929,0.01851,Yakından incele · bag,False,True,2.58000,2.73000,-2.80100,1.48000,0.00000,0.00000
2062,144.25241,0.03312,Yakından incele · bag,False,True,2.58000,2.73000,-2.80100,1.48000,0.00000,0.00000
2063,144.28592,0.03350,Yakından incele · bag,False,True,2.58000,2.73000,-2.80100,1.48000,0.00000,0.00000
2064,144.31903,0.03312,Yakından incele · bag,False,True,2.58000,2.73000,-2.80100,1.48000,0.00000,0.00000
2065,144.35312,0.03409,Yakından incele · bag,False,True,2.58000,2.73000,-2.80100,1.48000,0.00000,0.00000
2066,144.38787,0.03475,Yakından incele · bag,False,True,2.58000,2.73000,-2.80100,1.48000,0.00000,0.00000
2067,144.42018,0.03230,Yakından incele · bag,False,True,2.58000,2.73000,-2.80100,1.48000,0.00000,0.00000
2068,144.45406,0.03389,Yakından incele · bag,False,True,2.58000,2.73000,-2.80100,1.48000,0.00000,0.00000
2069,144.48743,0.03336,Yakından incele · bag,False,True,2.58000,2.73000,-2.80100,1.48000,0.00000,0.00000
2070,144.52064,0.03322,Yakından incele · bag,False,True,2.58000,2.73000,-2.80100,1.48000,0.00000,0.00000
2071,144.55433,0.03368,Yakından incele · bag,False,True,2.58000,2.73000,-2.80100,1.48000,0.00000,0.00000
2072,144.58918,0.03485,Yakından incele · bag,False,True,2.58000,2.73000,-2.80100,1.48000,0.00000,0.00000
2073,144.62146,0.03228,Yakından incele · bag,False,True,2.58000,2.73000,-2.80100,1.48000,0.00000,0.00000
2074,144.65323,0.03177,Yakından incele · bag,False,True,2.58000,2.73000,-2.80100,1.48000,0.00000,0.00000
2075,144.68676,0.03353,Yakından incele · bag,False,True,2.58000,2.73000,-2.80100,1.48000,0.00000,0.00000
2076,144.71972,0.03296,Yakından incele · bag,False,True,2.58000,2.73000,-2.80100,1.48000,0.00000,0.00000
2077,144.75648,0.03676,Yakından incele · bag,False,True,2.58000,2.73000,-2.80100,1.48000,0.00000,0.00000
2078,144.79154,0.03506,Yakından incele · bag,False,True,2.58000,2.73000,-2.80100,1.48000,0.00000,0.00000
2079,144.82227,0.03072,Yakından incele · bag,False,True,2.58000,2.73000,-2.80100,1.48000,0.00000,0.00000
2080,144.87125,0.04898,Yakından incele · bag,False,True,2.58000,2.73000,-2.80100,1.48000,0.00000,0.00000
2081,144.89131,0.02006,Yakından incele · bag,False,True,2.58000,2.73000,-2.80100,1.48000,0.00000,0.00000
2082,144.92138,0.03007,Yakından incele · bag,False,True,2.58000,2.73000,-2.80100,1.48000,0.00000,0.00000
2083,144.95528,0.03390,Yakından incele · bag,False,True,2.58000,2.73000,-2.80100,1.48000,0.00000,0.00000
2084,144.98869,0.03340,Yakından incele · bag,False,True,2.58000,2.73000,-2.80100,1.48000,0.00000,0.00000
2085,145.02342,0.03473,Yakından incele · bag,False,True,2.58000,2.73000,-2.80100,1.48000,0.00000,0.00000
2086,145.05418,0.03076,Yakından incele · bag,False,True,2.58000,2.73000,-2.80100,1.48000,0.00000,0.00000
2087,145.08740,0.03322,Yakından incele · bag,False,True,2.58000,2.73000,-2.80100,1.48000,0.00000,0.00000
2088,145.12123,0.03383,Yakından incele · bag,False,True,2.58000,2.73000,-2.80100,1.48000,0.00000,0.00000
2089,145.15448,0.03325,Yakından incele · bag,False,True,2.58000,2.73000,-2.80100,1.48000,0.00000,0.00000
2090,145.18672,0.03224,Yakından incele · bag,False,True,2.58000,2.73000,-2.80100,1.48000,0.00000,0.00000
2091,145.21978,0.03306,Yakından incele · bag,False,True,2.58000,2.73000,-2.80100,1.48000,0.00000,0.00000
2092,145.25304,0.03325,Yakından incele · bag,False,True,2.58000,2.73000,-2.80100,1.48000,0.00000,0.00000
2093,145.28724,0.03420,Yakından incele · bag,False,True,2.58000,2.73000,-2.80100,1.48000,0.00000,0.00000
2094,145.32025,0.03301,Yakından incele · bag,False,True,2.58000,2.73000,-2.80100,1.48000,0.00000,0.00000
2095,145.35330,0.03305,Yakından incele · bag,False,True,2.58000,2.73000,-2.80100,1.48000,0.00000,0.00000
2096,145.38643,0.03313,Yakından incele · bag,False,True,2.58000,2.73000,-2.80100,1.48000,0.00000,0.00000
2097,145.42083,0.03440,Yakından incele · bag,False,True,2.58000,2.73000,-2.80100,1.48000,0.00000,0.00000
2098,145.45350,0.03268,Yakından incele · bag,False,True,2.58000,2.73000,-2.80100,1.48000,0.00000,0.00000
2099,145.49765,0.04414,Yakından incele · bag,False,True,2.58000,2.73000,-2.80100,1.48000,0.00000,0.00000
2100,145.56824,0.07059,Yakından incele · bagfit,True,True,2.58000,2.73147,-2.79526,1.47056,0.00592,0.00000
2101,145.57741,0.00917,Yakından incele · bagfit,True,True,2.58000,2.73190,-2.79355,1.46775,0.00177,0.00000
2102,145.59631,0.01890,Yakından incele · bagfit,True,True,2.58000,2.73288,-2.78975,1.46150,0.00392,0.00000
2103,145.63021,0.03390,Yakından incele · bagfit,True,True,2.58000,2.73503,-2.78130,1.44761,0.00872,0.00000
2104,145.66362,0.03341,Yakından incele · bagfit,True,True,2.58000,2.73773,-2.77076,1.43028,0.01088,0.00000
2105,145.69683,0.03321,Yakından incele · bagfit,True,True,2.58000,2.74086,-2.75850,1.41012,0.01265,0.00000
2106,145.73088,0.03405,Yakından incele · bagfit,True,True,2.58000,2.74445,-2.74446,1.38703,0.01449,0.00000
2107,145.76467,0.03379,Yakından incele · bagfit,True,True,2.58000,2.74849,-2.72865,1.36102,0.01632,0.00000
2108,145.79722,0.03255,Yakından incele · bagfit,True,True,2.58000,2.75279,-2.71184,1.33338,0.01735,0.00000
2109,145.82968,0.03246,Yakından incele · bagfit,True,True,2.58000,2.75730,-2.69417,1.30433,0.01823,0.00000
2110,145.86308,0.03340,Yakından incele · bagfit,True,True,2.58000,2.76216,-2.67518,1.27309,0.01961,0.00000
2111,145.89760,0.03452,Yakından incele · bagfit,True,True,2.58000,2.76722,-2.65535,1.24048,0.02046,0.00000
2112,145.93246,0.03485,Yakından incele · bagfit,True,True,2.58000,2.77284,-2.63338,1.20436,0.02267,0.00000
2113,145.96329,0.03084,Yakından incele · bagfit,True,True,2.58000,2.77790,-2.61356,1.17177,0.02046,0.00000
2114,145.99635,0.03306,Yakından incele · bagfit,True,True,2.58000,2.78322,-2.59275,1.13754,0.02148,0.00000
2115,146.03004,0.03369,Yakından incele · bagfit,True,True,2.58000,2.78876,-2.57107,1.10189,0.02238,0.00000
2116,146.06311,0.03307,Yakından incele · bagfit,True,True,2.58000,2.79422,-2.54972,1.06679,0.02203,0.00000
2117,146.09582,0.03271,Yakından incele · bagfit,True,True,2.58000,2.79959,-2.52871,1.03224,0.02169,0.00000
2118,146.13221,0.03639,Yakından incele · bagfit,True,True,2.58000,2.80483,-2.50821,0.99852,0.02116,0.00000
2119,146.16780,0.03558,Yakından incele · bagfit,True,True,2.58000,2.81060,-2.48563,0.96139,0.02331,0.00000
2120,146.19798,0.03019,Yakından incele · bagfit,True,True,2.58000,2.81528,-2.46731,0.93126,0.01891,0.00000
2121,146.23348,0.03550,Yakından incele · bagfit,True,True,2.58000,2.81998,-2.44891,0.90101,0.01899,0.00000
2122,146.26625,0.03277,Yakından incele · bagfit,True,True,2.58000,2.82474,-2.43027,0.87036,0.01924,0.00000
2123,146.29616,0.02991,Yakından incele · bagfit,True,True,2.58000,2.82840,-2.41595,0.84681,0.01478,0.00000
2124,146.32971,0.03355,Yakından incele · bagfit,True,True,2.58000,2.83225,-2.40090,0.82206,0.01553,0.00000
2125,146.36432,0.03461,Yakından incele · bagfit,True,True,2.58000,2.83562,-2.38770,0.80036,0.01362,0.00000
2126,146.40381,0.03948,Yakından incele · bagfit,True,True,2.58000,2.83874,-2.37551,0.78030,0.01259,0.00000
2127,146.43850,0.03469,Yakından incele · bagfit,True,True,2.58000,2.84142,-2.36500,0.76302,0.01085,0.00000
2128,146.46530,0.02681,Yakından incele · bagfit,True,True,2.58000,2.84301,-2.35877,0.75278,0.00642,0.00000
2129,146.49645,0.03115,Yakından incele · bagfit,True,True,2.58000,2.84422,-2.35406,0.74503,0.00487,0.00000
2130,146.52944,0.03299,Yakından incele · bagfit,True,True,2.58000,2.84491,-2.35136,0.74060,0.00278,0.00000
2131,146.56287,0.03343,Yakından incele · bagfit,False,True,2.58000,2.84500,-2.35100,0.74000,0.00038,0.00000
2132,146.59947,0.03661,Yakından incele · bagfit,False,True,2.58000,2.84500,-2.35100,0.74000,0.00000,0.00000
2133,146.63113,0.03166,Yakından incele · bagfit,False,True,2.58000,2.84500,-2.35100,0.74000,0.00000,0.00000
2134,146.66322,0.03209,Yakından incele · bagfit,False,True,2.58000,2.84500,-2.35100,0.74000,0.00000,0.00000
2135,146.69700,0.03378,Yakından incele · bagfit,False,True,2.58000,2.84500,-2.35100,0.74000,0.00000,0.00000
2136,146.73028,0.03328,Yakından incele · bagfit,False,True,2.58000,2.84500,-2.35100,0.74000,0.00000,0.00000
2137,146.76286,0.03258,Yakından incele · bagfit,False,True,2.58000,2.84500,-2.35100,0.74000,0.00000,0.00000
2138,146.79675,0.03388,Yakından incele · bagfit,False,True,2.58000,2.84500,-2.35100,0.74000,0.00000,0.00000
2139,146.83098,0.03423,Yakından incele · bagfit,False,True,2.58000,2.84500,-2.35100,0.74000,0.00000,0.00000
2140,146.87466,0.04368,Yakından incele · bagfit,False,True,2.58000,2.84500,-2.35100,0.74000,0.00000,0.00000
2141,146.89620,0.02155,Yakından incele · bagfit,False,True,2.58000,2.84500,-2.35100,0.74000,0.00000,0.00000
2142,146.93007,0.03387,Yakından incele · bagfit,False,True,2.58000,2.84500,-2.35100,0.74000,0.00000,0.00000
2143,146.96440,0.03433,Yakından incele · bagfit,False,True,2.58000,2.84500,-2.35100,0.74000,0.00000,0.00000
2144,146.99629,0.03189,Yakından incele · bagfit,False,True,2.58000,2.84500,-2.35100,0.74000,0.00000,0.00000
2145,147.03181,0.03553,Yakından incele · bagfit,False,True,2.58000,2.84500,-2.35100,0.74000,0.00000,0.00000
2146,147.06369,0.03187,Yakından incele · bagfit,False,True,2.58000,2.84500,-2.35100,0.74000,0.00000,0.00000
2147,147.09677,0.03309,Yakından incele · bagfit,False,True,2.58000,2.84500,-2.35100,0.74000,0.00000,0.00000
2148,147.12930,0.03253,Yakından incele · bagfit,False,True,2.58000,2.84500,-2.35100,0.74000,0.00000,0.00000
2149,147.16257,0.03328,Yakından incele · bagfit,False,True,2.58000,2.84500,-2.35100,0.74000,0.00000,0.00000
2150,147.19634,0.03377,Yakından incele · bagfit,False,True,2.58000,2.84500,-2.35100,0.74000,0.00000,0.00000
2151,147.24095,0.04461,Yakından incele · bagfit,False,True,2.58000,2.84500,-2.35100,0.74000,0.00000,0.00000
2152,147.26352,0.02257,Yakından incele · bagfit,False,True,2.58000,2.84500,-2.35100,0.74000,0.00000,0.00000
2153,147.29627,0.03275,Yakından incele · bagfit,False,True,2.58000,2.84500,-2.35100,0.74000,0.00000,0.00000
2154,147.32971,0.03344,Yakından incele · bagfit,False,True,2.58000,2.84500,-2.35100,0.74000,0.00000,0.00000
2155,147.36361,0.03390,Yakından incele · bagfit,False,True,2.58000,2.84500,-2.35100,0.74000,0.00000,0.00000
2156,147.39613,0.03253,Yakından incele · bagfit,False,True,2.58000,2.84500,-2.35100,0.74000,0.00000,0.00000
2157,147.42955,0.03341,Yakından incele · bagfit,False,True,2.58000,2.84500,-2.35100,0.74000,0.00000,0.00000
2158,147.46574,0.03619,Yakından incele · bagfit,False,True,2.58000,2.84500,-2.35100,0.74000,0.00000,0.00000
2159,147.49777,0.03203,Yakından incele · bagfit,False,True,2.58000,2.84500,-2.35100,0.74000,0.00000,0.00000
2160,147.53094,0.03317,Yakından incele · bagfit,False,True,2.58000,2.84500,-2.35100,0.74000,0.00000,0.00000
2161,147.56420,0.03326,Yakından incele · bagfit,False,True,2.58000,2.84500,-2.35100,0.74000,0.00000,0.00000
2162,147.59643,0.03222,Yakından incele · bagfit,False,True,2.58000,2.84500,-2.35100,0.74000,0.00000,0.00000
2163,147.62952,0.03310,Yakından incele · bagfit,False,True,2.58000,2.84500,-2.35100,0.74000,0.00000,0.00000
2164,147.66310,0.03358,Yakından incele · bagfit,False,True,2.58000,2.84500,-2.35100,0.74000,0.00000,0.00000
2165,147.70811,0.04500,Yakından incele · bagfit,False,True,2.58000,2.84500,-2.35100,0.74000,0.00000,0.00000
2166,147.73013,0.02202,Yakından incele · bagfit,False,True,2.58000,2.84500,-2.35100,0.74000,0.00000,0.00000
2167,147.76344,0.03331,Yakından incele · bagfit,False,True,2.58000,2.84500,-2.35100,0.74000,0.00000,0.00000
2168,147.79734,0.03390,Yakından incele · bagfit,False,True,2.58000,2.84500,-2.35100,0.74000,0.00000,0.00000
2169,147.83059,0.03325,Yakından incele · bagfit,False,True,2.58000,2.84500,-2.35100,0.74000,0.00000,0.00000
2170,147.86359,0.03301,Yakından incele · bagfit,False,True,2.58000,2.84500,-2.35100,0.74000,0.00000,0.00000
2171,147.89879,0.03520,Yakından incele · bagfit,False,True,2.58000,2.84500,-2.35100,0.74000,0.00000,0.00000
2172,147.92977,0.03098,Yakından incele · bagfit,False,True,2.58000,2.84500,-2.35100,0.74000,0.00000,0.00000
2173,147.96320,0.03343,Yakından incele · bagfit,False,True,2.58000,2.84500,-2.35100,0.74000,0.00000,0.00000
2174,147.99812,0.03492,Yakından incele · bagfit,False,True,2.58000,2.84500,-2.35100,0.74000,0.00000,0.00000
2175,148.03006,0.03194,Yakından incele · bagfit,False,True,2.58000,2.84500,-2.35100,0.74000,0.00000,0.00000
2176,148.06229,0.03223,Yakından incele · bagfit,False,True,2.58000,2.84500,-2.35100,0.74000,0.00000,0.00000
2177,148.09559,0.03330,Yakından incele · bagfit,False,True,2.58000,2.84500,-2.35100,0.74000,0.00000,0.00000
2178,148.14110,0.04552,Yakından incele · bagfit,False,True,2.58000,2.84500,-2.35100,0.74000,0.00000,0.00000
2179,148.16365,0.02255,Yakından incele · bagfit,False,True,2.58000,2.84500,-2.35100,0.74000,0.00000,0.00000
2180,148.19646,0.03280,Yakından incele · bagfit,False,True,2.58000,2.84500,-2.35100,0.74000,0.00000,0.00000
2181,148.22936,0.03291,Yakından incele · bagfit,False,True,2.58000,2.84500,-2.35100,0.74000,0.00000,0.00000
2182,148.26230,0.03293,Yakından incele · bagfit,False,True,2.58000,2.84500,-2.35100,0.74000,0.00000,0.00000
2183,148.29626,0.03396,Yakından incele · bagfit,False,True,2.58000,2.84500,-2.35100,0.74000,0.00000,0.00000
2184,148.33368,0.03742,Yakından incele · bagfit,False,True,2.58000,2.84500,-2.35100,0.74000,0.00000,0.00000
2185,148.36407,0.03039,Yakından incele · bagfit,False,True,2.58000,2.84500,-2.35100,0.74000,0.00000,0.00000
2186,148.39611,0.03204,Yakından incele · bagfit,False,True,2.58000,2.84500,-2.35100,0.74000,0.00000,0.00000
2187,148.43005,0.03394,Yakından incele · bagfit,False,True,2.58000,2.84500,-2.35100,0.74000,0.00000,0.00000
2188,148.46411,0.03406,Yakından incele · bagfit,False,True,2.58000,2.84500,-2.35100,0.74000,0.00000,0.00000
2189,148.49854,0.03443,Yakından incele · bagfit,False,True,2.58000,2.84500,-2.35100,0.74000,0.00000,0.00000
2190,148.54169,0.04315,Yakından incele · bagfit,False,True,2.58000,2.84500,-2.35100,0.74000,0.00000,0.00000
2191,148.56395,0.02226,Yakından incele · bagfit,False,True,2.58000,2.84500,-2.35100,0.74000,0.00000,0.00000
2192,148.59687,0.03293,Yakından incele · bagfit,False,True,2.58000,2.84500,-2.35100,0.74000,0.00000,0.00000
2193,148.63000,0.03313,Yakından incele · bagfit,False,True,2.58000,2.84500,-2.35100,0.74000,0.00000,0.00000
2194,148.66387,0.03387,Yakından incele · bagfit,False,True,2.58000,2.84500,-2.35100,0.74000,0.00000,0.00000
2195,148.69704,0.03316,Yakından incele · bagfit,False,True,2.58000,2.84500,-2.35100,0.74000,0.00000,0.00000
2196,148.72976,0.03273,Yakından incele · bagfit,False,True,2.58000,2.84500,-2.35100,0.74000,0.00000,0.00000
2197,148.76544,0.03568,Yakından incele · bagfit,False,True,2.58000,2.84500,-2.35100,0.74000,0.00000,0.00000
2198,148.80657,0.04113,Yakından incele · bagfit,False,True,2.58000,2.84500,-2.35100,0.74000,0.00000,0.00000
2199,148.83938,0.03281,Yakından incele · bagfit,False,True,2.58000,2.84500,-2.35100,0.74000,0.00000,0.00000
2200,148.87202,0.03264,Yakından incele · bagfit,False,True,2.58000,2.84500,-2.35100,0.74000,0.00000,0.00000
2201,148.90593,0.03391,Yakından incele · bagfit,False,True,2.58000,2.84500,-2.35100,0.74000,0.00000,0.00000
2202,148.93933,0.03340,Yakından incele · bagfit,False,True,2.58000,2.84500,-2.35100,0.74000,0.00000,0.00000
2203,148.97205,0.03272,Yakından incele · bagfit,False,True,2.58000,2.84500,-2.35100,0.74000,0.00000,0.00000
2204,149.00602,0.03396,Yakından incele · bagfit,False,True,2.58000,2.84500,-2.35100,0.74000,0.00000,0.00000
2205,149.06520,0.05918,Yakından incele · bagfit,False,True,2.58000,2.84500,-2.35100,0.74000,0.00000,0.00000
2206,149.07396,0.00876,Yakından incele · bagfit,False,True,2.58000,2.84500,-2.35100,0.74000,0.00000,0.00000
2207,149.10513,0.03117,Yakından incele · bagfit,False,True,2.58000,2.84500,-2.35100,0.74000,0.00000,0.00000
2208,149.13794,0.03281,Yakından incele · bagfit,False,True,2.58000,2.84500,-2.35100,0.74000,0.00000,0.00000
2209,149.17123,0.03330,Yakından incele · bagfit,False,True,2.58000,2.84500,-2.35100,0.74000,0.00000,0.00000
2210,149.20862,0.03739,Yakından incele · bagfit,False,True,2.58000,2.84500,-2.35100,0.74000,0.00000,0.00000
2211,149.24065,0.03202,Yakından incele · bagfit,False,True,2.58000,2.84500,-2.35100,0.74000,0.00000,0.00000
2212,149.27324,0.03259,Yakından incele · bagfit,False,True,2.58000,2.84500,-2.35100,0.74000,0.00000,0.00000
2213,149.30660,0.03337,Yakından incele · bagfit,False,True,2.58000,2.84500,-2.35100,0.74000,0.00000,0.00000
2214,149.33901,0.03240,Yakından incele · bagfit,False,True,2.58000,2.84500,-2.35100,0.74000,0.00000,0.00000
2215,149.37225,0.03324,Yakından incele · bagfit,False,True,2.58000,2.84500,-2.35100,0.74000,0.00000,0.00000
2216,149.40604,0.03379,Yakından incele · bagfit,False,True,2.58000,2.84500,-2.35100,0.74000,0.00000,0.00000
2217,149.43856,0.03252,Yakından incele · bagfit,False,True,2.58000,2.84500,-2.35100,0.74000,0.00000,0.00000
2218,149.47181,0.03326,Yakından incele · bagfit,False,True,2.58000,2.84500,-2.35100,0.74000,0.00000,0.00000
2219,149.50514,0.03333,Yakından incele · bagfit,False,True,2.58000,2.84500,-2.35100,0.74000,0.00000,0.00000
2220,149.53920,0.03406,Yakından incele · bagfit,False,True,2.58000,2.84500,-2.35100,0.74000,0.00000,0.00000
2221,149.57208,0.03288,Yakından incele · bagfit,False,True,2.58000,2.84500,-2.35100,0.74000,0.00000,0.00000
2222,149.60540,0.03332,Yakından incele · bagfit,False,True,2.58000,2.84500,-2.35100,0.74000,0.00000,0.00000
2223,149.63957,0.03417,Yakından incele · bagfit,False,True,2.58000,2.84500,-2.35100,0.74000,0.00000,0.00000
2224,149.67240,0.03283,Yakından incele · bagfit,False,True,2.58000,2.84500,-2.35100,0.74000,0.00000,0.00000
2225,149.70492,0.03252,Yakından incele · bagfit,False,True,2.58000,2.84500,-2.35100,0.74000,0.00000,0.00000
2226,149.73876,0.03384,Yakından incele · bagfit,False,True,2.58000,2.84500,-2.35100,0.74000,0.00000,0.00000
2227,149.77251,0.03374,Yakından incele · bagfit,False,True,2.58000,2.84500,-2.35100,0.74000,0.00000,0.00000
2228,149.80567,0.03317,Yakından incele · bagfit,False,True,2.58000,2.84500,-2.35100,0.74000,0.00000,0.00000
2229,149.83876,0.03309,Yakından incele · bagfit,False,True,2.58000,2.84500,-2.35100,0.74000,0.00000,0.00000
2230,149.88726,0.04851,Yakından incele · bagfit,False,True,2.58000,2.84500,-2.35100,0.74000,0.00000,0.00000
2231,149.90641,0.01915,Yakından incele · bagfit,False,True,2.58000,2.84500,-2.35100,0.74000,0.00000,0.00000
2232,149.93860,0.03219,Yakından incele · bagfit,False,True,2.58000,2.84500,-2.35100,0.74000,0.00000,0.00000
2233,149.97216,0.03356,Yakından incele · bagfit,False,True,2.58000,2.84500,-2.35100,0.74000,0.00000,0.00000
2234,150.00599,0.03383,Yakından incele · bagfit,False,True,2.58000,2.84500,-2.35100,0.74000,0.00000,0.00000
2235,150.04013,0.03414,Yakından incele · bagfit,False,True,2.58000,2.84500,-2.35100,0.74000,0.00000,0.00000
2236,150.07273,0.03260,Yakından incele · bagfit,False,True,2.58000,2.84500,-2.35100,0.74000,0.00000,0.00000
2237,150.10625,0.03352,Yakından incele · bagfit,False,True,2.58000,2.84500,-2.35100,0.74000,0.00000,0.00000
2238,150.13918,0.03293,Yakından incele · bagfit,False,True,2.58000,2.84500,-2.35100,0.74000,0.00000,0.00000
2239,150.17192,0.03273,Yakından incele · bagfit,False,True,2.58000,2.84500,-2.35100,0.74000,0.00000,0.00000
2240,150.20606,0.03414,Yakından incele · bagfit,False,True,2.58000,2.84500,-2.35100,0.74000,0.00000,0.00000
2241,150.23976,0.03370,Yakından incele · bagfit,False,True,2.58000,2.84500,-2.35100,0.74000,0.00000,0.00000
2242,150.27275,0.03298,Yakından incele · bagfit,False,True,2.58000,2.84500,-2.35100,0.74000,0.00000,0.00000
2243,150.30512,0.03237,Yakından incele · bagfit,False,True,2.58000,2.84500,-2.35100,0.74000,0.00000,0.00000
2244,150.33850,0.03338,Yakından incele · bagfit,False,True,2.58000,2.84500,-2.35100,0.74000,0.00000,0.00000
2245,150.37229,0.03379,Yakından incele · bagfit,False,True,2.58000,2.84500,-2.35100,0.74000,0.00000,0.00000
2246,150.40530,0.03301,Yakından incele · bagfit,False,True,2.58000,2.84500,-2.35100,0.74000,0.00000,0.00000
2247,150.43826,0.03296,Yakından incele · bagfit,False,True,2.58000,2.84500,-2.35100,0.74000,0.00000,0.00000
2248,150.47206,0.03380,Yakından incele · bagfit,False,True,2.58000,2.84500,-2.35100,0.74000,0.00000,0.00000
2249,150.50522,0.03316,Yakından incele · bagfit,False,True,2.58000,2.84500,-2.35100,0.74000,0.00000,0.00000
2250,150.58182,0.07659,Ada ile odada gezin,True,True,2.49716,2.86953,-2.43663,0.77493,0.12164,1.03702
2251,150.59071,0.00889,Ada ile odada gezin,True,True,2.47438,2.87627,-2.46017,0.78454,0.03344,0.27976
2252,150.60440,0.01369,Ada ile odada gezin,True,True,2.44053,2.88629,-2.49515,0.79881,0.04970,0.42244
2253,150.63851,0.03410,Ada ile odada gezin,True,True,2.33422,2.91777,-2.60504,0.84364,0.15611,1.33176
2254,150.67197,0.03347,Ada ile odada gezin,True,True,2.20214,2.95688,-2.74156,0.89933,0.19393,1.65465
2255,150.70476,0.03279,Ada ile odada gezin,True,True,2.05237,3.00122,-2.89636,0.96248,0.21991,1.87632
2256,150.73953,0.03477,Ada ile odada gezin,True,True,1.87553,3.05358,-3.07913,1.03705,0.25965,2.21530
2257,150.77292,0.03340,Ada ile odada gezin,True,True,1.67919,3.11171,-3.28207,1.11984,0.28829,2.46007
2258,150.80557,0.03265,Ada ile odada gezin,True,True,1.47150,3.17320,-3.49673,1.20742,0.30495,2.60262
2259,150.83824,0.03267,Ada ile odada gezin,True,True,1.24858,3.23921,-3.72714,1.30141,0.32732,2.79324
2260,150.87231,0.03408,Ada ile odada gezin,True,True,1.01479,3.30843,-3.96879,1.40000,0.34328,2.92947
2261,150.90626,0.03395,Ada ile odada gezin,True,True,0.75996,3.38388,-4.23218,1.50745,0.37418,3.19310
2262,150.93913,0.03287,Ada ile odada gezin,True,True,0.50778,3.45854,-4.49283,1.61379,0.37028,3.15983
2263,150.97193,0.03281,Ada ile odada gezin,True,True,0.24850,3.53531,-4.76083,1.72312,0.38072,3.24899
2264,151.00577,0.03384,Ada ile odada gezin,True,True,-0.01747,3.61406,-5.03573,1.83527,0.39053,3.33249
2265,151.03869,0.03291,Ada ile odada gezin,True,True,-0.28217,3.69243,-5.30931,1.94688,0.38865,3.31671
2266,151.07204,0.03335,Ada ile odada gezin,True,True,-0.54789,3.77111,-5.58396,2.05892,0.39017,3.32967
2267,151.10668,0.03464,Ada ile odada gezin,True,True,-0.81820,3.85114,-5.86336,2.17291,0.39691,3.38701
2268,151.14009,0.03341,Ada ile odada gezin,True,True,-1.07338,3.92670,-6.12711,2.28051,0.37468,3.19726
2269,151.17307,0.03298,Ada ile odada gezin,True,True,-1.32655,4.00166,-6.38878,2.38726,0.37174,3.17244
2270,151.20531,0.03224,Ada ile odada gezin,True,True,-1.56391,4.07193,-6.63411,2.48734,0.34851,2.97429
2271,151.23974,0.03443,Ada ile odada gezin,True,True,-1.79469,4.14026,-6.87265,2.58466,0.33887,2.89182
2272,151.27400,0.03426,Ada ile odada gezin,True,True,-2.01738,4.20619,-7.10281,2.67856,0.32697,2.79071
2273,151.30708,0.03308,Ada ile odada gezin,True,True,-2.21984,4.26614,-7.31208,2.76393,0.29729,2.53713
2274,151.33979,0.03271,Ada ile odada gezin,True,True,-2.40187,4.32003,-7.50022,2.84068,0.26727,2.28076
2275,151.37258,0.03279,Ada ile odada gezin,True,True,-2.56373,4.36796,-7.66752,2.90894,0.23767,2.02789
2276,151.40636,0.03378,Ada ile odada gezin,True,True,-2.70674,4.41030,-7.81534,2.96924,0.20998,1.79182
2277,151.44014,0.03378,Ada ile odada gezin,True,True,-2.82529,4.44540,-7.93787,3.01923,0.17407,1.48566
2278,151.47333,0.03319,Ada ile odada gezin,True,True,-2.91823,4.47292,-8.03393,3.05842,0.13646,1.16364
2279,151.50559,0.03226,Ada ile odada gezin,True,True,-2.97969,4.49112,-8.09745,3.08433,0.09025,0.76923
2280,151.53920,0.03361,Ada ile odada gezin,True,True,-3.01254,4.50084,-8.13140,3.09818,0.04823,0.40926
2281,151.57386,0.03466,Ada ile odada gezin,False,True,-3.01685,4.50212,-8.13586,3.10000,0.00633,0.00000
2282,151.61034,0.03648,Ada ile odada gezin,False,True,-3.01685,4.50212,-8.13586,3.10000,0.00000,0.00000
2283,151.63917,0.02883,Ada ile odada gezin,False,True,-3.01910,4.50220,-8.13492,3.10000,0.00244,0.00000
2284,151.67328,0.03411,Ada ile odada gezin,False,True,-3.02616,4.50242,-8.13198,3.10000,0.00765,0.00000
2285,151.70675,0.03347,Ada ile odada gezin,False,True,-3.03577,4.50238,-8.12505,3.10000,0.01185,0.00000
2286,151.73959,0.03284,Ada ile odada gezin,False,True,-3.04818,4.50233,-8.11661,3.10000,0.01501,0.00000
2287,151.77229,0.03270,Ada ile odada gezin,False,True,-3.06198,4.50194,-8.10439,3.10000,0.01844,0.00000
2288,151.80572,0.03344,Ada ile odada gezin,False,True,-3.07743,4.50169,-8.09149,3.10000,0.02013,0.00000
2289,151.83898,0.03325,Ada ile odada gezin,False,True,-3.09242,4.50115,-8.07607,3.10000,0.02152,0.00000
2290,151.87237,0.03339,Ada ile odada gezin,False,True,-3.10824,4.50084,-8.06100,3.10000,0.02184,0.00000
2291,151.90585,0.03349,Ada ile odada gezin,False,True,-3.12638,4.50094,-8.04699,3.10000,0.02292,0.00000
2292,151.93920,0.03334,Ada ile odada gezin,False,True,-3.14419,4.50086,-8.03195,3.10000,0.02331,0.00000
2293,151.97229,0.03310,Ada ile odada gezin,False,True,-3.16364,4.50106,-8.01788,3.10000,0.02401,0.00000
2294,152.00621,0.03392,Ada ile odada gezin,False,True,-3.18191,4.50103,-8.00315,3.10000,0.02347,0.00000
2295,152.03962,0.03341,Ada ile odada gezin,False,True,-3.19933,4.50111,-7.98985,3.10000,0.02192,0.00000
2296,152.07223,0.03261,Ada ile odada gezin,False,True,-3.21571,4.50136,-7.97877,3.10000,0.01978,0.00000
2297,152.11633,0.04410,Ada ile odada gezin,False,True,-3.23757,4.50197,-7.96703,3.10000,0.02482,0.00000
2298,152.14906,0.03273,Ada ile odada gezin,False,True,-3.25316,4.50253,-7.96048,3.10000,0.01692,0.00000
2299,152.18260,0.03354,Ada ile odada gezin,False,True,-3.26923,4.50312,-7.95493,3.10000,0.01701,0.00000
2300,152.21568,0.03308,Ada ile odada gezin,False,True,-3.28540,4.50368,-7.95011,3.10000,0.01689,0.00000
2301,152.24881,0.03313,Ada ile odada gezin,False,True,-3.30134,4.50417,-7.94584,3.10000,0.01650,0.00000
2302,152.28272,0.03391,Ada ile odada gezin,False,True,-3.31747,4.50460,-7.94192,3.10000,0.01661,0.00000
2303,152.31578,0.03306,Ada ile odada gezin,False,True,-3.33336,4.50496,-7.93839,3.10000,0.01628,0.00000
2304,152.34904,0.03326,Ada ile odada gezin,False,True,-3.34872,4.50525,-7.93524,3.10000,0.01568,0.00000
2305,152.38255,0.03351,Ada ile odada gezin,False,True,-3.36430,4.50550,-7.93226,3.10000,0.01586,0.00000
2306,152.41622,0.03368,Ada ile odada gezin,False,True,-3.37937,4.50569,-7.92955,3.10000,0.01531,0.00000
2307,152.44927,0.03304,Ada ile odada gezin,False,True,-3.39446,4.50585,-7.92696,3.10000,0.01532,0.00000
2308,152.48211,0.03285,Ada ile odada gezin,False,True,-3.40876,4.50595,-7.92459,3.10000,0.01449,0.00000
2309,152.51542,0.03331,Ada ile odada gezin,False,True,-3.42338,4.50604,-7.92222,3.10000,0.01481,0.00000
2310,152.54945,0.03403,Ada ile odada gezin,False,True,-3.43766,4.50609,-7.91994,3.10000,0.01446,0.00000
2311,152.58246,0.03301,Ada ile odada gezin,False,True,-3.45218,4.50613,-7.91760,3.10000,0.01470,0.00000
2312,152.61609,0.03363,Ada ile odada gezin,False,True,-3.46614,4.50614,-7.91532,3.10000,0.01414,0.00000
2313,152.64914,0.03305,Ada ile odada gezin,False,True,-3.47968,4.50612,-7.91305,3.10000,0.01373,0.00000
2314,152.68260,0.03346,Ada ile odada gezin,False,True,-3.49357,4.50610,-7.91063,3.10000,0.01410,0.00000
2315,152.71555,0.03295,Ada ile odada gezin,False,True,-3.50699,4.50605,-7.90818,3.10000,0.01364,0.00000
2316,152.74916,0.03361,Ada ile odada gezin,False,True,-3.52059,4.50599,-7.90557,3.10000,0.01384,0.00000
2317,152.78219,0.03303,Ada ile odada gezin,False,True,-3.53386,4.50592,-7.90287,3.10000,0.01355,0.00000
2318,152.81590,0.03371,Ada ile odada gezin,False,True,-3.54713,4.50584,-7.89999,3.10000,0.01358,0.00000
2319,152.84908,0.03318,Ada ile odada gezin,False,True,-3.56036,4.50575,-7.89692,3.10000,0.01358,0.00000
2320,152.88215,0.03308,Ada ile odada gezin,False,True,-3.57328,4.50564,-7.89372,3.10000,0.01332,0.00000
2321,152.91508,0.03293,Ada ile odada gezin,False,True,-3.58626,4.50553,-7.89028,3.10000,0.01343,0.00000
2322,152.94792,0.03284,Ada ile odada gezin,False,True,-3.59887,4.50540,-7.88670,3.10000,0.01310,0.00000
2323,152.98173,0.03381,Ada ile odada gezin,False,True,-3.61170,4.50527,-7.88279,3.10000,0.01342,0.00000
2324,153.01607,0.03434,Ada ile odada gezin,False,True,-3.62443,4.50512,-7.87863,3.10000,0.01339,0.00000
2325,153.04952,0.03345,Ada ile odada gezin,False,True,-3.63722,4.50496,-7.87415,3.10000,0.01355,0.00000
2326,153.08164,0.03212,Ada ile odada gezin,False,True,-3.64930,4.50480,-7.86962,3.10000,0.01291,0.00000
2327,153.11445,0.03281,Ada ile odada gezin,False,True,-3.66118,4.50463,-7.86486,3.10000,0.01279,0.00000
2328,153.14918,0.03473,Ada ile odada gezin,False,True,-3.67177,4.50428,-7.85948,3.10000,0.01188,0.00000
2329,153.18212,0.03293,Ada ile odada gezin,False,True,-3.67852,4.50379,-7.85476,3.10000,0.00826,0.00000
2330,153.21596,0.03385,Ada ile odada gezin,False,True,-3.68353,4.50306,-7.84858,3.10000,0.00799,0.00000
2331,153.24907,0.03310,Ada ile odada gezin,False,True,-3.68693,4.50216,-7.84077,3.10000,0.00856,0.00000
2332,153.28185,0.03278,Ada ile odada gezin,False,True,-3.68933,4.50135,-7.83273,3.10000,0.00843,0.00000
2333,153.31581,0.03396,Ada ile odada gezin,False,True,-3.69108,4.50040,-7.82255,3.10000,0.01038,0.00000
2334,153.34938,0.03357,Ada ile odada gezin,False,True,-3.69233,4.49963,-7.81240,3.10000,0.01026,0.00000
2335,153.38285,0.03347,Ada ile odada gezin,False,True,-3.69320,4.49900,-7.80224,3.10000,0.01022,0.00000
2336,153.41608,0.03323,Ada ile odada gezin,False,True,-3.69383,4.49845,-7.79172,3.10000,0.01055,0.00000
2337,153.44892,0.03284,Ada ile odada gezin,False,True,-3.69428,4.49799,-7.78119,3.10000,0.01055,0.00000
2338,153.48257,0.03365,Ada ile odada gezin,False,True,-3.69462,4.49760,-7.77031,3.10000,0.01089,0.00000
2339,153.51533,0.03276,Ada ile odada gezin,False,True,-3.69486,4.49727,-7.75932,3.10000,0.01099,0.00000
2340,153.54803,0.03270,Ada ile odada gezin,False,True,-3.69506,4.49695,-7.74801,3.10000,0.01132,0.00000
2341,153.58195,0.03392,Ada ile odada gezin,False,True,-3.69520,4.49672,-7.73652,3.10000,0.01150,0.00000
2342,153.61559,0.03364,Ada ile odada gezin,False,True,-3.69529,4.49655,-7.72551,3.10000,0.01101,0.00000
2343,153.65002,0.03443,Ada ile odada gezin,False,True,-3.69538,4.49638,-7.71341,3.10000,0.01210,0.00000
2344,153.68211,0.03209,Ada ile odada gezin,False,True,-3.69544,4.49625,-7.70247,3.10000,0.01094,0.00000
2345,153.71541,0.03330,Ada ile odada gezin,False,True,-3.69548,4.49616,-7.69093,3.10000,0.01154,0.00000
2346,153.74810,0.03269,Ada ile odada gezin,False,True,-3.69551,4.49610,-7.67985,3.10000,0.01108,0.00000
2347,153.78145,0.03335,Ada ile odada gezin,False,True,-3.69553,4.49604,-7.66849,3.10000,0.01136,0.00000
2348,153.81519,0.03375,Ada ile odada gezin,False,True,-3.69560,4.49583,-7.65566,3.10000,0.01283,0.00000
2349,153.84859,0.03340,Ada ile odada gezin,False,True,-3.69577,4.49527,-7.63948,3.10000,0.01619,0.00000
2350,153.88222,0.03363,Ada ile odada gezin,False,True,-3.69593,4.49474,-7.62298,3.10000,0.01651,0.00000
2351,153.91638,0.03416,Ada ile odada gezin,False,True,-3.69603,4.49443,-7.60655,3.10000,0.01644,0.00000
2352,153.94901,0.03263,Ada ile odada gezin,False,True,-3.69601,4.49450,-7.59343,3.10000,0.01312,0.00000
2353,153.98233,0.03332,Ada ile odada gezin,False,True,-3.69591,4.49483,-7.58234,3.10000,0.01109,0.00000
2354,154.01512,0.03279,Ada ile odada gezin,False,True,-3.69579,4.49524,-7.57256,3.10000,0.00979,0.00000
2355,154.04780,0.03268,Ada ile odada gezin,False,True,-3.69569,4.49557,-7.56293,3.10000,0.00963,0.00000
2356,154.08204,0.03424,Ada ile odada gezin,False,True,-3.69561,4.49583,-7.55323,3.10000,0.00971,0.00000
2357,154.11688,0.03483,Ada ile odada gezin,False,True,-3.69555,4.49604,-7.54318,3.10000,0.01005,0.00000
2358,154.15154,0.03466,Ada ile odada gezin,False,True,-3.69547,4.49630,-7.53372,3.10000,0.00947,0.00000
2359,154.18281,0.03127,Ada ile odada gezin,False,True,-3.69548,4.49626,-7.52329,3.10000,0.01043,0.00000
2360,154.21521,0.03241,Ada ile odada gezin,False,True,-3.69560,4.49587,-7.50977,3.10000,0.01353,0.00000
2361,154.24939,0.03418,Ada ile odada gezin,False,True,-3.70347,4.49566,-7.49126,3.10000,0.02011,0.00000
2362,154.28306,0.03367,Ada ile odada gezin,False,True,-3.71537,4.49530,-7.46821,3.10000,0.02595,0.00000
2363,154.31557,0.03251,Ada ile odada gezin,False,True,-3.73076,4.49530,-7.44565,3.10000,0.02730,0.00000
2364,154.34898,0.03341,Ada ile odada gezin,False,True,-3.75157,4.49588,-7.42351,3.10000,0.03039,0.00000
2365,154.38222,0.03324,Ada ile odada gezin,False,True,-3.77754,4.49709,-7.40405,3.10000,0.03247,0.00000
2366,154.41504,0.03282,Ada ile odada gezin,False,True,-3.80983,4.49898,-7.38777,3.10000,0.03621,0.00000
2367,154.44898,0.03394,Ada ile odada gezin,False,True,-3.84710,4.50143,-7.37605,3.10000,0.03915,0.00000
2368,154.48231,0.03332,Ada ile odada gezin,False,True,-3.89188,4.50452,-7.36872,3.10000,0.04547,0.00000
2369,154.51520,0.03289,Ada ile odada gezin,False,True,-3.93707,4.50746,-7.36515,3.10000,0.04543,0.00000
2370,154.54901,0.03381,Ada ile odada gezin,False,True,-3.98851,4.51048,-7.36393,3.10000,0.05154,0.00000
2371,154.58142,0.03241,Ada ile odada gezin,False,True,-4.03822,4.51296,-7.36442,3.10000,0.04978,0.00000
2372,154.62609,0.04467,Ada ile odada gezin,False,True,-4.08744,4.51497,-7.36605,3.10000,0.04929,0.00000
2373,154.66159,0.03549,Ada ile odada gezin,False,True,-4.15820,4.51726,-7.36978,3.10000,0.07089,0.00000
2374,154.68397,0.02238,Ada ile odada gezin,False,True,-4.18683,4.51767,-7.37166,3.10000,0.02869,0.00000
2375,154.71540,0.03143,Ada ile odada gezin,False,True,-4.22703,4.51842,-7.37587,3.10000,0.04043,0.00000
2376,154.74993,0.03453,Ada ile odada gezin,False,True,-4.27292,4.51963,-7.38448,3.10000,0.04671,0.00000
2377,154.78300,0.03307,Ada ile odada gezin,False,True,-4.31725,4.52116,-7.39811,3.10000,0.04640,0.00000
2378,154.81555,0.03255,Ada ile odada gezin,False,True,-4.36039,4.52307,-7.41767,3.10000,0.04741,0.00000
2379,154.84906,0.03351,Ada ile odada gezin,False,True,-4.40355,4.52513,-7.44212,3.10000,0.04965,0.00000
2380,154.88244,0.03338,Ada ile odada gezin,False,True,-4.44765,4.52720,-7.47065,3.10000,0.05256,0.00000
2381,154.91577,0.03333,Ada ile odada gezin,False,True,-4.49061,4.52903,-7.50081,3.10000,0.05253,0.00000
2382,154.94942,0.03365,Ada ile odada gezin,False,True,-4.53425,4.53069,-7.53312,3.10000,0.05432,0.00000
2383,154.98190,0.03248,Ada ile odada gezin,False,True,-4.57764,4.53210,-7.56639,3.10000,0.05469,0.00000
2384,155.01519,0.03329,Ada ile odada gezin,False,True,-4.61952,4.53323,-7.59925,3.10000,0.05324,0.00000
2385,155.04888,0.03369,Ada ile odada gezin,False,True,-4.66464,4.53431,-7.63523,3.10000,0.05772,0.00000
2386,155.08183,0.03295,Ada ile odada gezin,False,True,-4.70731,4.53510,-7.66964,3.10000,0.05482,0.00000
2387,155.11524,0.03341,Ada ile odada gezin,False,True,-4.75106,4.53579,-7.70518,3.10000,0.05637,0.00000
2388,155.14868,0.03344,Ada ile odada gezin,False,True,-4.79394,4.53632,-7.74021,3.10000,0.05537,0.00000
2389,155.18372,0.03504,Ada ile odada gezin,False,True,-4.83985,4.53684,-7.77783,3.10000,0.05936,0.00000
2390,155.21516,0.03144,Ada ile odada gezin,False,True,-4.88211,4.53714,-7.81258,3.10000,0.05471,0.00000
2391,155.24783,0.03266,Ada ile odada gezin,False,True,-4.92394,4.53739,-7.84702,3.10000,0.05419,0.00000
2392,155.28137,0.03354,Ada ile odada gezin,False,True,-4.96830,4.53766,-7.88359,3.10000,0.05749,0.00000
2393,155.31531,0.03394,Ada ile odada gezin,False,True,-5.01194,4.53785,-7.91960,3.10000,0.05658,0.00000
2394,155.34906,0.03376,Ada ile odada gezin,False,True,-5.05621,4.53802,-7.95615,3.10000,0.05740,0.00000
2395,155.38301,0.03395,Ada ile odada gezin,False,True,-5.10010,4.53814,-7.99240,3.10000,0.05692,0.00000
2396,155.42545,0.04244,Ada ile odada gezin,False,True,-5.15839,4.53856,-8.04052,3.10000,0.07559,0.00000
2397,155.45808,0.03263,Ada ile odada gezin,False,True,-5.20032,4.53842,-8.07521,3.10000,0.05442,0.00000
2398,155.49193,0.03386,Ada ile odada gezin,False,True,-5.24373,4.53838,-8.11112,3.10000,0.05633,0.00000
2399,155.52503,0.03309,Ada ile odada gezin,False,True,-5.28766,4.53839,-8.14745,3.10000,0.05701,0.00000
2400,155.55771,0.03268,Ada ile odada gezin,False,True,-5.33024,4.53837,-8.18267,3.10000,0.05526,0.00000
2401,155.59134,0.03363,Ada ile odada gezin,False,True,-5.37359,4.53839,-8.21852,3.10000,0.05625,0.00000
2402,155.62540,0.03405,Ada ile odada gezin,False,True,-5.41792,4.53843,-8.25517,3.10000,0.05752,0.00000
2403,155.65835,0.03296,Ada ile odada gezin,False,True,-5.46160,4.53845,-8.29129,3.10000,0.05668,0.00000
2404,155.69210,0.03375,Ada ile odada gezin,False,True,-5.50650,4.53850,-8.32842,3.10000,0.05826,0.00000
2405,155.72505,0.03295,Ada ile odada gezin,False,True,-5.54754,4.53845,-8.36238,3.10000,0.05327,0.00000
2406,155.75946,0.03441,Ada ile odada gezin,False,True,-5.59335,4.53853,-8.40025,3.10000,0.05944,0.00000
2407,155.79164,0.03218,Ada ile odada gezin,False,True,-5.63630,4.53852,-8.43578,3.10000,0.05574,0.00000
2408,155.82413,0.03249,Ada ile odada gezin,False,True,-5.67888,4.53851,-8.47100,3.10000,0.05525,0.00000
2409,155.85700,0.03287,Ada ile odada gezin,False,True,-5.72245,4.53853,-8.50703,3.10000,0.05654,0.00000
2410,155.89026,0.03326,Ada ile odada gezin,False,True,-5.76453,4.53836,-8.54187,3.10000,0.05463,0.00000
2411,155.92435,0.03408,Ada ile odada gezin,False,True,-5.80654,4.53794,-8.57669,3.10000,0.05456,0.00000
2412,155.95772,0.03337,Ada ile odada gezin,False,True,-5.84539,4.53722,-8.60897,3.10000,0.05051,0.00000
2413,156.01726,0.05954,Ada ile odada gezin,False,True,-5.88199,4.53620,-8.63944,3.10000,0.04764,0.00000
2414,156.05682,0.03956,Ada ile odada gezin,False,True,-5.95184,4.53430,-8.69756,3.10000,0.09088,0.00000
2415,156.06611,0.00929,Ada ile odada gezin,False,True,-5.95906,4.53351,-8.70368,3.10000,0.00950,0.00000
2416,156.09204,0.02593,Ada ile odada gezin,False,True,-5.97695,4.53148,-8.71887,3.10000,0.02356,0.00000
2417,156.12618,0.03414,Ada ile odada gezin,False,True,-5.99664,4.52849,-8.73571,3.10000,0.02608,0.00000
2418,156.15966,0.03348,Ada ile odada gezin,False,True,-6.01016,4.52515,-8.74753,3.10000,0.01826,0.00000
2419,156.19394,0.03428,Ada ile odada gezin,False,True,-6.02001,4.52167,-8.75633,3.10000,0.01366,0.00000
2420,156.22491,0.03097,Ada ile odada gezin,False,True,-6.02643,4.51869,-8.76220,3.10000,0.00919,0.00000
2421,156.25730,0.03238,Ada ile odada gezin,False,True,-6.03112,4.51597,-8.76660,3.10000,0.00699,0.00000
2422,156.29061,0.03331,Ada ile odada gezin,False,True,-6.03458,4.51354,-8.76991,3.10000,0.00537,0.00000
2423,156.32481,0.03421,Ada ile odada gezin,False,True,-6.03706,4.51147,-8.77235,3.10000,0.00405,0.00000
2424,156.35862,0.03381,Ada ile odada gezin,False,True,-6.03890,4.50967,-8.77422,3.10000,0.00318,0.00000
2425,156.39078,0.03215,Ada ile odada gezin,False,True,-6.04016,4.50826,-8.77553,3.10000,0.00230,0.00000
2426,156.42403,0.03325,Ada ile odada gezin,False,True,-6.04110,4.50708,-8.77652,3.10000,0.00180,0.00000
2427,156.45831,0.03428,Ada ile odada gezin,False,True,-6.04180,4.50610,-8.77728,3.10000,0.00142,0.00000
2428,156.49176,0.03345,Ada ile odada gezin,False,True,-6.04232,4.50530,-8.77787,3.10000,0.00112,0.00000
2429,156.52507,0.03331,Ada ile odada gezin,False,True,-6.04268,4.50467,-8.77829,3.10000,0.00084,0.00000
2430,156.55819,0.03312,Ada ile odada gezin,False,True,-6.04297,4.50415,-8.77862,3.10000,0.00069,0.00000
2431,156.59084,0.03264,Ada ile odada gezin,False,True,-6.04323,4.50375,-8.77883,3.10000,0.00052,0.00000
2432,156.62504,0.03420,Ada ile odada gezin,False,True,-6.04337,4.50341,-8.77904,3.10000,0.00042,0.00000
2433,156.65867,0.03364,Ada ile odada gezin,False,True,-6.04348,4.50314,-8.77920,3.10000,0.00033,0.00000
2434,156.69254,0.03386,Ada ile odada gezin,False,True,-6.04359,4.50296,-8.77936,3.10000,0.00027,0.00000
2435,156.72697,0.03443,Ada ile odada gezin,False,True,-6.04365,4.50278,-8.77944,3.10000,0.00021,0.00000
2436,156.75804,0.03107,Ada ile odada gezin,False,True,-6.04369,4.50265,-8.77950,3.10000,0.00015,0.00000
2437,156.79187,0.03383,Ada ile odada gezin,False,True,-6.04372,4.50254,-8.77955,3.10000,0.00012,0.00000
2438,156.82523,0.03337,Ada ile odada gezin,False,True,-6.04375,4.50245,-8.77959,3.10000,0.00010,0.00000
2439,156.85773,0.03250,Ada ile odada gezin,False,True,-6.04377,4.50238,-8.77962,3.10000,0.00008,0.00000
2440,156.89187,0.03414,Ada ile odada gezin,False,True,-6.04379,4.50232,-8.77964,3.10000,0.00006,0.00000
2441,156.92498,0.03311,Ada ile odada gezin,False,True,-6.04380,4.50228,-8.77966,3.10000,0.00005,0.00000
2442,156.95866,0.03368,Ada ile odada gezin,False,True,-6.04381,4.50225,-8.77968,3.10000,0.00004,0.00000
2443,156.99278,0.03412,Ada ile odada gezin,False,True,-6.04382,4.50222,-8.77969,3.10000,0.00003,0.00000
2444,157.02490,0.03212,Ada ile odada gezin,False,True,-6.04382,4.50220,-8.77970,3.10000,0.00002,0.00000
2445,157.05766,0.03276,Ada ile odada gezin,False,True,-6.04385,4.50212,-8.77973,3.10000,0.00009,0.00000
2446,157.09217,0.03451,Ada ile odada gezin,False,True,-6.04385,4.50212,-8.77973,3.10000,0.00000,0.00000
2447,157.12553,0.03336,Ada ile odada gezin,False,True,-6.04385,4.50212,-8.77973,3.10000,0.00000,0.00000
2448,157.15820,0.03267,Ada ile odada gezin,False,True,-6.04385,4.50212,-8.77973,3.10000,0.00000,0.00000
2449,157.19116,0.03296,Ada ile odada gezin,False,True,-6.04385,4.50212,-8.77973,3.10000,0.00000,0.00000
2450,157.22530,0.03414,Ada ile odada gezin,False,True,-6.04385,4.50212,-8.77973,3.10000,0.00000,0.00000
2451,157.26049,0.03519,Ada ile odada gezin,False,True,-6.04385,4.50212,-8.77973,3.10000,0.00000,0.00000
2452,157.29114,0.03065,Ada ile odada gezin,False,True,-6.04385,4.50212,-8.77973,3.10000,0.00000,0.00000
2453,157.32484,0.03370,Ada ile odada gezin,False,True,-6.04385,4.50212,-8.77973,3.10000,0.00000,0.00000
2454,157.35948,0.03465,Ada ile odada gezin,False,True,-6.04385,4.50212,-8.77973,3.10000,0.00000,0.00000
2455,157.39314,0.03366,Ada ile odada gezin,False,True,-6.04385,4.50212,-8.77973,3.10000,0.00000,0.00000
2456,157.42622,0.03308,Ada ile odada gezin,False,True,-6.04385,4.50212,-8.77973,3.10000,0.00000,0.00000
2457,157.45784,0.03163,Ada ile odada gezin,False,True,-6.04385,4.50212,-8.77973,3.10000,0.00000,0.00000
2458,157.49117,0.03332,Ada ile odada gezin,False,True,-6.04385,4.50212,-8.77973,3.10000,0.00000,0.00000
2459,157.52469,0.03353,Ada ile odada gezin,False,True,-6.04385,4.50212,-8.77973,3.10000,0.00000,0.00000
2460,157.55738,0.03268,Ada ile odada gezin,False,True,-6.04385,4.50212,-8.77973,3.10000,0.00000,0.00000
2461,157.59049,0.03311,Ada ile odada gezin,False,True,-6.04385,4.50212,-8.77973,3.10000,0.00000,0.00000
2462,157.62407,0.03358,Ada ile odada gezin,False,True,-6.04385,4.50212,-8.77973,3.10000,0.00000,0.00000
2463,157.65834,0.03427,Ada ile odada gezin,False,True,-6.04385,4.50212,-8.77973,3.10000,0.00000,0.00000
2464,157.69103,0.03270,Ada ile odada gezin,False,True,-6.04385,4.50212,-8.77973,3.10000,0.00000,0.00000
2465,157.72355,0.03252,Ada ile odada gezin,False,True,-6.04385,4.50212,-8.77973,3.10000,0.00000,0.00000
2466,157.75719,0.03364,Ada ile odada gezin,False,True,-6.04385,4.50212,-8.77973,3.10000,0.00000,0.00000
2467,157.79208,0.03488,Ada ile odada gezin,False,True,-6.04385,4.50212,-8.77973,3.10000,0.00000,0.00000
2468,157.82432,0.03225,Ada ile odada gezin,False,True,-6.04385,4.50212,-8.77973,3.10000,0.00000,0.00000
2469,157.85726,0.03294,Ada ile odada gezin,False,True,-6.04385,4.50212,-8.77973,3.10000,0.00000,0.00000
2470,157.89092,0.03366,Ada ile odada gezin,False,True,-6.04385,4.50212,-8.77973,3.10000,0.00000,0.00000
2471,157.92535,0.03442,Ada ile odada gezin,False,True,-6.04385,4.50212,-8.77973,3.10000,0.00000,0.00000
2472,157.95806,0.03272,Ada ile odada gezin,False,True,-6.04385,4.50212,-8.77973,3.10000,0.00000,0.00000
2473,157.99058,0.03252,Ada ile odada gezin,False,True,-6.04385,4.50212,-8.77973,3.10000,0.00000,0.00000
2474,158.02408,0.03350,Ada ile odada gezin,False,True,-6.04385,4.50212,-8.77973,3.10000,0.00000,0.00000
2475,158.05816,0.03408,Ada ile odada gezin,False,True,-6.04385,4.50212,-8.77973,3.10000,0.00000,0.00000
2476,158.09223,0.03407,Ada ile odada gezin,False,True,-6.04385,4.50212,-8.77973,3.10000,0.00000,0.00000
2477,158.12653,0.03430,Ada ile odada gezin,False,True,-6.04385,4.50212,-8.77973,3.10000,0.00000,0.00000
2478,158.16008,0.03355,Ada ile odada gezin,False,True,-6.04385,4.50212,-8.77973,3.10000,0.00000,0.00000
2479,158.19266,0.03258,Ada ile odada gezin,False,True,-6.04385,4.50212,-8.77973,3.10000,0.00000,0.00000
2480,158.22585,0.03319,Ada ile odada gezin,False,True,-6.04385,4.50212,-8.77973,3.10000,0.00000,0.00000
2481,158.25836,0.03251,Ada ile odada gezin,False,True,-6.04385,4.50212,-8.77973,3.10000,0.00000,0.00000
2482,158.29273,0.03437,Ada ile odada gezin,False,True,-6.04385,4.50212,-8.77973,3.10000,0.00000,0.00000
2483,158.32469,0.03197,Ada ile odada gezin,False,True,-6.04385,4.50212,-8.77973,3.10000,0.00000,0.00000
2484,158.35847,0.03378,Ada ile odada gezin,False,True,-6.04385,4.50212,-8.77973,3.10000,0.00000,0.00000
2485,158.39234,0.03387,Ada ile odada gezin,False,True,-6.04385,4.50212,-8.77973,3.10000,0.00000,0.00000
2486,158.42521,0.03286,Ada ile odada gezin,False,True,-6.04385,4.50212,-8.77973,3.10000,0.00000,0.00000
2487,158.45755,0.03235,Ada ile odada gezin,False,True,-6.04385,4.50212,-8.77973,3.10000,0.00000,0.00000
2488,158.49135,0.03380,Ada ile odada gezin,False,True,-6.04385,4.50212,-8.77973,3.10000,0.00000,0.00000
2489,158.52459,0.03323,Ada ile odada gezin,False,True,-6.04385,4.50212,-8.77973,3.10000,0.00000,0.00000
2490,158.55683,0.03225,Ada ile odada gezin,False,True,-6.04385,4.50212,-8.77973,3.10000,0.00000,0.00000
2491,158.59015,0.03331,Ada ile odada gezin,False,True,-6.04385,4.50212,-8.77973,3.10000,0.00000,0.00000
2492,158.62398,0.03383,Ada ile odada gezin,False,True,-6.04385,4.50212,-8.77973,3.10000,0.00000,0.00000
2493,158.65759,0.03361,Ada ile odada gezin,False,True,-6.04385,4.50212,-8.77973,3.10000,0.00000,0.00000
2494,158.69056,0.03297,Ada ile odada gezin,False,True,-6.04385,4.50212,-8.77973,3.10000,0.00000,0.00000
2495,158.73349,0.04293,Ada ile odada gezin,False,True,-6.04385,4.50212,-8.77973,3.10000,0.00000,0.00000
2496,158.76763,0.03414,Ada ile odada gezin,False,True,-6.04385,4.50212,-8.77973,3.10000,0.00000,0.00000
2497,158.80225,0.03462,Ada ile odada gezin,False,True,-6.04385,4.50212,-8.77973,3.10000,0.00000,0.00000
2498,158.83453,0.03228,Ada ile odada gezin,False,True,-6.04385,4.50212,-8.77973,3.10000,0.00000,0.00000
2499,158.86753,0.03300,Ada ile odada gezin,False,True,-6.04385,4.50212,-8.77973,3.10000,0.00000,0.00000
2500,158.89979,0.03226,Ada ile odada gezin,False,True,-6.04385,4.50212,-8.77973,3.10000,0.00000,0.00000
2501,158.93352,0.03373,Ada ile odada gezin,False,True,-6.04385,4.50212,-8.77973,3.10000,0.00000,0.00000
2502,158.96707,0.03354,Ada ile odada gezin,False,True,-6.04385,4.50212,-8.77973,3.10000,0.00000,0.00000
2503,159.00040,0.03334,Ada ile odada gezin,False,True,-6.04385,4.50212,-8.77973,3.10000,0.00000,0.00000
2504,159.04848,0.04807,Ada ile odada gezin,False,True,-6.04385,4.50212,-8.77973,3.10000,0.00000,0.00000
2505,159.08222,0.03374,Ada ile odada gezin,False,True,-6.04385,4.50212,-8.77973,3.10000,0.00000,0.00000
2506,159.10169,0.01947,Ada ile odada gezin,False,True,-6.04385,4.50212,-8.77973,3.10000,0.00000,0.00000
2507,159.13492,0.03323,Ada ile odada gezin,False,True,-6.04385,4.50212,-8.77973,3.10000,0.00000,0.00000
2508,159.16751,0.03259,Ada ile odada gezin,False,True,-6.04385,4.50212,-8.77973,3.10000,0.00000,0.00000
2509,159.20025,0.03275,Ada ile odada gezin,False,True,-6.04385,4.50212,-8.77973,3.10000,0.00000,0.00000
2510,159.23409,0.03384,Ada ile odada gezin,False,True,-6.04385,4.50212,-8.77973,3.10000,0.00000,0.00000
2511,159.26734,0.03325,Ada ile odada gezin,False,True,-6.04385,4.50212,-8.77973,3.10000,0.00000,0.00000
2512,159.30014,0.03279,Ada ile odada gezin,False,True,-6.04385,4.50212,-8.77973,3.10000,0.00000,0.00000
2513,159.33425,0.03412,Ada ile odada gezin,False,True,-6.04385,4.50212,-8.77973,3.10000,0.00000,0.00000
2514,159.36698,0.03272,Ada ile odada gezin,False,True,-6.04385,4.50212,-8.77973,3.10000,0.00000,0.00000
2515,159.40093,0.03395,Ada ile odada gezin,False,True,-6.04385,4.50212,-8.77973,3.10000,0.00000,0.00000
2516,159.43460,0.03367,Ada ile odada gezin,False,True,-6.04385,4.50212,-8.77973,3.10000,0.00000,0.00000
2517,159.46766,0.03307,Ada ile odada gezin,False,True,-6.04385,4.50212,-8.77973,3.10000,0.00000,0.00000
2518,159.49994,0.03228,Ada ile odada gezin,False,True,-6.04385,4.50212,-8.77973,3.10000,0.00000,0.00000
2519,159.53371,0.03377,Ada ile odada gezin,False,True,-6.04385,4.50212,-8.77973,3.10000,0.00000,0.00000
2520,159.56803,0.03432,Ada ile odada gezin,False,True,-6.04385,4.50212,-8.77973,3.10000,0.00000,0.00000
2521,159.60089,0.03285,Ada ile odada gezin,False,True,-6.04385,4.50212,-8.77973,3.10000,0.00000,0.00000
2522,159.63362,0.03273,Ada ile odada gezin,False,True,-6.04385,4.50212,-8.77973,3.10000,0.00000,0.00000
2523,159.66818,0.03456,Ada ile odada gezin,False,True,-6.04385,4.50212,-8.77973,3.10000,0.00000,0.00000
2524,159.70102,0.03284,Ada ile odada gezin,False,True,-6.04385,4.50212,-8.77973,3.10000,0.00000,0.00000
2525,159.73372,0.03270,Ada ile odada gezin,False,True,-6.04385,4.50212,-8.77973,3.10000,0.00000,0.00000
2526,159.76730,0.03358,Ada ile odada gezin,False,True,-6.04385,4.50212,-8.77973,3.10000,0.00000,0.00000
2527,159.80061,0.03331,Ada ile odada gezin,False,True,-6.04385,4.50212,-8.77973,3.10000,0.00000,0.00000
2528,159.83480,0.03418,Ada ile odada gezin,False,True,-6.04385,4.50212,-8.77973,3.10000,0.00000,0.00000
2529,159.86696,0.03216,Ada ile odada gezin,False,True,-6.04385,4.50212,-8.77973,3.10000,0.00000,0.00000
2530,159.90035,0.03339,Ada ile odada gezin,False,True,-6.04385,4.50212,-8.77973,3.10000,0.00000,0.00000
2531,159.93417,0.03383,Ada ile odada gezin,False,True,-6.04385,4.50212,-8.77973,3.10000,0.00000,0.00000
2532,159.96694,0.03277,Ada ile odada gezin,False,True,-6.04385,4.50212,-8.77973,3.10000,0.00000,0.00000
2533,160.00033,0.03339,Ada ile odada gezin,False,True,-6.04385,4.50212,-8.77973,3.10000,0.00000,0.00000
2534,160.03349,0.03316,Ada ile odada gezin,False,True,-6.04385,4.50212,-8.77973,3.10000,0.00000,0.00000
2535,160.06711,0.03362,Ada ile odada gezin,False,True,-6.04385,4.50212,-8.77973,3.10000,0.00000,0.00000
2536,160.10076,0.03365,Ada ile odada gezin,False,True,-6.04385,4.50212,-8.77973,3.10000,0.00000,0.00000
2537,160.13396,0.03320,Ada ile odada gezin,False,True,-6.04385,4.50212,-8.77973,3.10000,0.00000,0.00000
2538,160.16711,0.03315,Ada ile odada gezin,False,True,-6.04385,4.50212,-8.77973,3.10000,0.00000,0.00000
2539,160.19979,0.03268,Ada ile odada gezin,False,True,-6.04385,4.50212,-8.77973,3.10000,0.00000,0.00000
2540,160.23340,0.03361,Ada ile odada gezin,False,True,-6.04385,4.50212,-8.77973,3.10000,0.00000,0.00000
2541,160.26711,0.03372,Ada ile odada gezin,False,True,-6.04385,4.50212,-8.77973,3.10000,0.00000,0.00000
2542,160.29983,0.03272,Ada ile odada gezin,False,True,-6.04385,4.50212,-8.77973,3.10000,0.00000,0.00000
2543,160.33334,0.03351,Ada ile odada gezin,False,True,-6.04385,4.50212,-8.77973,3.10000,0.00000,0.00000
2544,160.36835,0.03501,Ada ile odada gezin,False,True,-6.04385,4.50212,-8.77973,3.10000,0.00000,0.00000
2545,160.40035,0.03200,Ada ile odada gezin,False,True,-6.04385,4.50212,-8.77973,3.10000,0.00000,0.00000
2546,160.43320,0.03285,Ada ile odada gezin,False,True,-6.04385,4.50212,-8.77973,3.10000,0.00000,0.00000
2547,160.46668,0.03348,Ada ile odada gezin,False,True,-6.04385,4.50212,-8.77973,3.10000,0.00000,0.00000
2548,160.50019,0.03351,Ada ile odada gezin,False,True,-6.04385,4.50212,-8.77973,3.10000,0.00000,0.00000
2549,160.53322,0.03302,Ada ile odada gezin,False,True,-6.04385,4.50212,-8.77973,3.10000,0.00000,0.00000
2550,160.56633,0.03312,Ada ile odada gezin,False,True,-6.04385,4.50212,-8.77973,3.10000,0.00000,0.00000
2551,160.60041,0.03408,Ada ile odada gezin,False,True,-6.04385,4.50212,-8.77973,3.10000,0.00000,0.00000
2552,160.63390,0.03349,Ada ile odada gezin,False,True,-6.04385,4.50212,-8.77973,3.10000,0.00000,0.00000
2553,160.66714,0.03324,Ada ile odada gezin,False,True,-6.04385,4.50212,-8.77973,3.10000,0.00000,0.00000
2554,160.69982,0.03268,Ada ile odada gezin,False,True,-6.04385,4.50212,-8.77973,3.10000,0.00000,0.00000
2555,160.73333,0.03351,Ada ile odada gezin,False,True,-6.04385,4.50212,-8.77973,3.10000,0.00000,0.00000
2556,160.76685,0.03352,Ada ile odada gezin,False,True,-6.04385,4.50212,-8.77973,3.10000,0.00000,0.00000
2557,160.80012,0.03327,Ada ile odada gezin,False,True,-6.04385,4.50212,-8.77973,3.10000,0.00000,0.00000
2558,160.83370,0.03358,Ada ile odada gezin,False,True,-6.04385,4.50212,-8.77973,3.10000,0.00000,0.00000
2559,160.86669,0.03300,Ada ile odada gezin,False,True,-6.04385,4.50212,-8.77973,3.10000,0.00000,0.00000
2560,160.90091,0.03422,Ada ile odada gezin,False,True,-6.04385,4.50212,-8.77973,3.10000,0.00000,0.00000
2561,160.93313,0.03221,Ada ile odada gezin,False,True,-6.04385,4.50212,-8.77973,3.10000,0.00000,0.00000
2562,160.96717,0.03404,Ada ile odada gezin,False,True,-6.04385,4.50212,-8.77973,3.10000,0.00000,0.00000
2563,161.00105,0.03387,Ada ile odada gezin,False,True,-6.04385,4.50212,-8.77973,3.10000,0.00000,0.00000
2564,161.03384,0.03279,Ada ile odada gezin,False,True,-6.04385,4.50212,-8.77973,3.10000,0.00000,0.00000
2565,161.06679,0.03295,Ada ile odada gezin,False,True,-6.04385,4.50212,-8.77973,3.10000,0.00000,0.00000
2566,161.10002,0.03324,Ada ile odada gezin,False,True,-6.04385,4.50212,-8.77973,3.10000,0.00000,0.00000
2567,161.13290,0.03287,Ada ile odada gezin,False,True,-6.04385,4.50212,-8.77973,3.10000,0.00000,0.00000
2568,161.16643,0.03354,Ada ile odada gezin,False,True,-6.04385,4.50212,-8.77973,3.10000,0.00000,0.00000
2569,161.20034,0.03391,Ada ile odada gezin,False,True,-6.04385,4.50212,-8.77973,3.10000,0.00000,0.00000
2570,161.23313,0.03279,Ada ile odada gezin,False,True,-6.04385,4.50212,-8.77973,3.10000,0.00000,0.00000
2571,161.26643,0.03330,Ada ile odada gezin,False,True,-6.04385,4.50212,-8.77973,3.10000,0.00000,0.00000
2572,161.29984,0.03341,Ada ile odada gezin,False,True,-6.04385,4.50212,-8.77973,3.10000,0.00000,0.00000
2573,161.33405,0.03421,Ada ile odada gezin,False,True,-6.04385,4.50212,-8.77973,3.10000,0.00000,0.00000
2574,161.36765,0.03360,Ada ile odada gezin,False,True,-6.04385,4.50212,-8.77973,3.10000,0.00000,0.00000
2575,161.40143,0.03378,Ada ile odada gezin,False,True,-6.04385,4.50212,-8.77973,3.10000,0.00000,0.00000
2576,161.43409,0.03266,Ada ile odada gezin,False,True,-6.04385,4.50212,-8.77973,3.10000,0.00000,0.00000
2577,161.46741,0.03332,Ada ile odada gezin,False,True,-6.04385,4.50212,-8.77973,3.10000,0.00000,0.00000
2578,161.50084,0.03343,Ada ile odada gezin,False,True,-6.04385,4.50212,-8.77973,3.10000,0.00000,0.00000
2579,161.53404,0.03320,Ada ile odada gezin,False,True,-6.04385,4.50212,-8.77973,3.10000,0.00000,0.00000
2580,161.56718,0.03314,Ada ile odada gezin,False,True,-6.04385,4.50212,-8.77973,3.10000,0.00000,0.00000
2581,161.60035,0.03317,Ada ile odada gezin,False,True,-6.04385,4.50212,-8.77973,3.10000,0.00000,0.00000
2582,161.63357,0.03322,Ada ile odada gezin,False,True,-6.04385,4.50212,-8.77973,3.10000,0.00000,0.00000
2583,161.66658,0.03301,Ada ile odada gezin,False,True,-6.04385,4.50212,-8.77973,3.10000,0.00000,0.00000
2584,161.70051,0.03393,Ada ile odada gezin,False,True,-6.04385,4.50212,-8.77973,3.10000,0.00000,0.00000
2585,161.73373,0.03323,Ada ile odada gezin,False,True,-6.04385,4.50212,-8.77973,3.10000,0.00000,0.00000
2586,161.76657,0.03283,Ada ile odada gezin,False,True,-6.04385,4.50212,-8.77973,3.10000,0.00000,0.00000
2587,161.79961,0.03305,Ada ile odada gezin,False,True,-6.04385,4.50212,-8.77973,3.10000,0.00000,0.00000
2588,161.83342,0.03381,Ada ile odada gezin,False,True,-6.04385,4.50212,-8.77973,3.10000,0.00000,0.00000
2589,161.86702,0.03360,Ada ile odada gezin,False,True,-6.04385,4.50212,-8.77973,3.10000,0.00000,0.00000
2590,161.90138,0.03435,Ada ile odada gezin,False,True,-6.04385,4.50212,-8.77973,3.10000,0.00000,0.00000
2591,161.93327,0.03189,Ada ile odada gezin,False,True,-6.04385,4.50212,-8.77973,3.10000,0.00000,0.00000
2592,161.96709,0.03382,Ada ile odada gezin,False,True,-6.04385,4.50212,-8.77973,3.10000,0.00000,0.00000
2593,162.00073,0.03364,Ada ile odada gezin,False,True,-6.04385,4.50212,-8.77973,3.10000,0.00000,0.00000
2594,162.04313,0.04240,Ada ile odada gezin,False,True,-6.04385,4.50212,-8.77973,3.10000,0.00000,0.00000
2595,162.07623,0.03310,Ada ile odada gezin,False,True,-6.04385,4.50212,-8.77973,3.10000,0.00000,0.00000
2596,162.10946,0.03323,Ada ile odada gezin,False,True,-6.04385,4.50212,-8.77973,3.10000,0.00000,0.00000
2597,162.14281,0.03335,Ada ile odada gezin,False,True,-6.04385,4.50212,-8.77973,3.10000,0.00000,0.00000
2598,162.17622,0.03340,Ada ile odada gezin,False,True,-6.04385,4.50212,-8.77973,3.10000,0.00000,0.00000
2599,162.21014,0.03392,Ada ile odada gezin,False,True,-6.04385,4.50212,-8.77973,3.10000,0.00000,0.00000
2600,162.24224,0.03210,Ada ile odada gezin,False,True,-6.04385,4.50212,-8.77973,3.10000,0.00000,0.00000
2601,162.27621,0.03397,Ada ile odada gezin,False,True,-6.04385,4.50212,-8.77973,3.10000,0.00000,0.00000
2602,162.30943,0.03322,Ada ile odada gezin,False,True,-6.04385,4.50212,-8.77973,3.10000,0.00000,0.00000
2603,162.34321,0.03377,Ada ile odada gezin,False,True,-6.04385,4.50212,-8.77973,3.10000,0.00000,0.00000
2604,162.37689,0.03368,Ada ile odada gezin,False,True,-6.04385,4.50212,-8.77973,3.10000,0.00000,0.00000
2605,162.40963,0.03274,Ada ile odada gezin,False,True,-6.04385,4.50212,-8.77973,3.10000,0.00000,0.00000
2606,162.44323,0.03360,Ada ile odada gezin,False,True,-6.04385,4.50212,-8.77973,3.10000,0.00000,0.00000
2607,162.47603,0.03279,Ada ile odada gezin,False,True,-6.04385,4.50212,-8.77973,3.10000,0.00000,0.00000
2608,162.50944,0.03342,Ada ile odada gezin,False,True,-6.04385,4.50212,-8.77973,3.10000,0.00000,0.00000
2609,162.54303,0.03359,Ada ile odada gezin,False,True,-6.04385,4.50212,-8.77973,3.10000,0.00000,0.00000
2610,162.57620,0.03318,Ada ile odada gezin,False,True,-6.04385,4.50212,-8.77973,3.10000,0.00000,0.00000
2611,162.61009,0.03388,Ada ile odada gezin,False,True,-6.04385,4.50212,-8.77973,3.10000,0.00000,0.00000
2612,162.64240,0.03231,Ada ile odada gezin,False,True,-6.04385,4.50212,-8.77973,3.10000,0.00000,0.00000
2613,162.67625,0.03385,Ada ile odada gezin,False,True,-6.04385,4.50212,-8.77973,3.10000,0.00000,0.00000
2614,162.70956,0.03331,Ada ile odada gezin,False,True,-6.04385,4.50212,-8.77973,3.10000,0.00000,0.00000
2615,162.74356,0.03400,Ada ile odada gezin,False,True,-6.04385,4.50212,-8.77973,3.10000,0.00000,0.00000
2616,162.77660,0.03304,Ada ile odada gezin,False,True,-6.04385,4.50212,-8.77973,3.10000,0.00000,0.00000
2617,162.80973,0.03313,Ada ile odada gezin,False,True,-6.04385,4.50212,-8.77973,3.10000,0.00000,0.00000
2618,162.84275,0.03302,Ada ile odada gezin,False,True,-6.04385,4.50212,-8.77973,3.10000,0.00000,0.00000
2619,162.87574,0.03299,Ada ile odada gezin,False,True,-6.04385,4.50212,-8.77973,3.10000,0.00000,0.00000
2620,162.91099,0.03525,Ada ile odada gezin,False,True,-6.04385,4.50212,-8.77973,3.10000,0.00000,0.00000
2621,162.94299,0.03199,Ada ile odada gezin,False,True,-6.04385,4.50212,-8.77973,3.10000,0.00000,0.00000
2622,162.97612,0.03313,Ada ile odada gezin,False,True,-6.04385,4.50212,-8.77973,3.10000,0.00000,0.00000
2623,163.00879,0.03267,Ada ile odada gezin,False,True,-6.04385,4.50212,-8.77973,3.10000,0.00000,0.00000
2624,163.04185,0.03306,Ada ile odada gezin,False,True,-6.04385,4.50212,-8.77973,3.10000,0.00000,0.00000
2625,163.07594,0.03409,Ada ile odada gezin,False,True,-6.04385,4.50212,-8.77973,3.10000,0.00000,0.00000
2626,163.11004,0.03410,Ada ile odada gezin,False,True,-6.04385,4.50212,-8.77973,3.10000,0.00000,0.00000
2627,163.14279,0.03275,Ada ile odada gezin,False,True,-6.04385,4.50212,-8.77973,3.10000,0.00000,0.00000
2628,163.17521,0.03242,Ada ile odada gezin,False,True,-6.04385,4.50212,-8.77973,3.10000,0.00000,0.00000
2629,163.20935,0.03415,Ada ile odada gezin,False,True,-6.04385,4.50212,-8.77973,3.10000,0.00000,0.00000
2630,163.24262,0.03326,Ada ile odada gezin,False,True,-6.04385,4.50212,-8.77973,3.10000,0.00000,0.00000
2631,163.27634,0.03372,Ada ile odada gezin,False,True,-6.04385,4.50212,-8.77973,3.10000,0.00000,0.00000
2632,163.31004,0.03370,Ada ile odada gezin,False,True,-6.04385,4.50212,-8.77973,3.10000,0.00000,0.00000
2633,163.34297,0.03293,Ada ile odada gezin,False,True,-6.04385,4.50212,-8.77973,3.10000,0.00000,0.00000
2634,163.37691,0.03394,Ada ile odada gezin,False,True,-6.04385,4.50212,-8.77973,3.10000,0.00000,0.00000
2635,163.41096,0.03405,Ada ile odada gezin,False,True,-6.04385,4.50212,-8.77973,3.10000,0.00000,0.00000
2636,163.44246,0.03150,Ada ile odada gezin,False,True,-6.04385,4.50212,-8.77973,3.10000,0.00000,0.00000
2637,163.47613,0.03367,Ada ile odada gezin,False,True,-6.04385,4.50212,-8.77973,3.10000,0.00000,0.00000
2638,163.51113,0.03500,Ada ile odada gezin,False,True,-6.04385,4.50212,-8.77973,3.10000,0.00000,0.00000
2639,163.54490,0.03378,Ada ile odada gezin,False,True,-6.04385,4.50212,-8.77973,3.10000,0.00000,0.00000
2640,163.57785,0.03294,Ada ile odada gezin,False,True,-6.04385,4.50212,-8.77973,3.10000,0.00000,0.00000
2641,163.60872,0.03088,Ada ile odada gezin,False,True,-6.04385,4.50212,-8.77973,3.10000,0.00000,0.00000
2642,163.64237,0.03364,Ada ile odada gezin,False,True,-6.04385,4.50212,-8.77973,3.10000,0.00000,0.00000
2643,163.67639,0.03403,Ada ile odada gezin,False,True,-6.04385,4.50212,-8.77973,3.10000,0.00000,0.00000
2644,163.70881,0.03242,Ada ile odada gezin,False,True,-6.04385,4.50212,-8.77973,3.10000,0.00000,0.00000
2645,163.74220,0.03339,Ada ile odada gezin,False,True,-6.04385,4.50212,-8.77973,3.10000,0.00000,0.00000
2646,163.77614,0.03393,Ada ile odada gezin,False,True,-6.04385,4.50212,-8.77973,3.10000,0.00000,0.00000
2647,163.80856,0.03242,Ada ile odada gezin,False,True,-6.04385,4.50212,-8.77973,3.10000,0.00000,0.00000
2648,163.84271,0.03415,Ada ile odada gezin,False,True,-6.04385,4.50212,-8.77973,3.10000,0.00000,0.00000
2649,163.87704,0.03433,Ada ile odada gezin,False,True,-6.04385,4.50212,-8.77973,3.10000,0.00000,0.00000
2650,163.91108,0.03405,Ada ile odada gezin,False,True,-6.04385,4.50212,-8.77973,3.10000,0.00000,0.00000
2651,163.94263,0.03155,Ada ile odada gezin,False,True,-6.04385,4.50212,-8.77973,3.10000,0.00000,0.00000
2652,163.97520,0.03257,Ada ile odada gezin,False,True,-6.04385,4.50212,-8.77973,3.10000,0.00000,0.00000
2653,164.00920,0.03399,Ada ile odada gezin,False,True,-6.04385,4.50212,-8.77973,3.10000,0.00000,0.00000
2654,164.04284,0.03365,Ada ile odada gezin,False,True,-6.04385,4.50212,-8.77973,3.10000,0.00000,0.00000
2655,164.07610,0.03326,Ada ile odada gezin,False,True,-6.04385,4.50212,-8.77973,3.10000,0.00000,0.00000
2656,164.10970,0.03360,Ada ile odada gezin,False,True,-6.04385,4.50212,-8.77973,3.10000,0.00000,0.00000
2657,164.14286,0.03316,Ada ile odada gezin,False,True,-6.04385,4.50212,-8.77973,3.10000,0.00000,0.00000
2658,164.17573,0.03287,Ada ile odada gezin,False,True,-6.04385,4.50212,-8.77973,3.10000,0.00000,0.00000
2659,164.20956,0.03383,Ada ile odada gezin,False,True,-6.04385,4.50212,-8.77973,3.10000,0.00000,0.00000
2660,164.24353,0.03397,Ada ile odada gezin,False,True,-6.04385,4.50212,-8.77973,3.10000,0.00000,0.00000
2661,164.27695,0.03342,Ada ile odada gezin,False,True,-6.04385,4.50212,-8.77973,3.10000,0.00000,0.00000
2662,164.30997,0.03302,Ada ile odada gezin,False,True,-6.04385,4.50212,-8.77973,3.10000,0.00000,0.00000
2663,164.34292,0.03295,Ada ile odada gezin,False,True,-6.04385,4.50212,-8.77973,3.10000,0.00000,0.00000
2664,164.37652,0.03360,Ada ile odada gezin,False,True,-6.04385,4.50212,-8.77973,3.10000,0.00000,0.00000
2665,164.40963,0.03311,Ada ile odada gezin,False,True,-6.04385,4.50212,-8.77973,3.10000,0.00000,0.00000
2666,164.44392,0.03430,Ada ile odada gezin,False,True,-6.04385,4.50212,-8.77973,3.10000,0.00000,0.00000
2667,164.47602,0.03209,Ada ile odada gezin,False,True,-6.04385,4.50212,-8.77973,3.10000,0.00000,0.00000
2668,164.50986,0.03384,Ada ile odada gezin,False,True,-6.04385,4.50212,-8.77973,3.10000,0.00000,0.00000
2669,164.54312,0.03326,Ada ile odada gezin,False,True,-6.04385,4.50212,-8.77973,3.10000,0.00000,0.00000
2670,164.57616,0.03304,Ada ile odada gezin,False,True,-6.04385,4.50212,-8.77973,3.10000,0.00000,0.00000
2671,164.62204,0.04588,Ada ile odada gezin,False,True,-6.04385,4.50212,-8.77973,3.10000,0.00000,0.00000
2672,164.65851,0.03647,Ada ile odada gezin,False,True,-6.04385,4.50212,-8.77973,3.10000,0.00000,0.00000
2673,164.67834,0.01983,Ada ile odada gezin,False,True,-6.04386,4.50192,-8.77822,3.10000,0.00152,0.00000
2674,164.71102,0.03267,Ada ile odada gezin,False,True,-6.04387,4.50105,-8.77090,3.10000,0.00738,0.00000
2675,164.74362,0.03261,Ada ile odada gezin,False,True,-6.04384,4.49967,-8.75804,3.10000,0.01293,0.00000
2676,164.77862,0.03500,Ada ile odada gezin,False,True,-6.04375,4.49766,-8.73751,3.10000,0.02063,0.00000
2677,164.81192,0.03330,Ada ile odada gezin,False,True,-6.04357,4.49519,-8.70976,3.10000,0.02786,0.00000
2678,164.84386,0.03194,Ada ile odada gezin,False,True,-6.04329,4.49235,-8.67485,3.10000,0.03503,0.00000
2679,164.87701,0.03315,Ada ile odada gezin,False,True,-6.04323,4.48946,-8.63471,3.10000,0.04025,0.00000
2680,164.91080,0.03378,Ada ile odada gezin,False,True,-6.04312,4.48646,-8.58725,3.10000,0.04755,0.00000
2681,164.94427,0.03347,Ada ile odada gezin,False,True,-6.04293,4.48388,-8.53859,3.10000,0.04874,0.00000
2682,164.97821,0.03394,Ada ile odada gezin,False,True,-6.04284,4.48148,-8.48515,3.10000,0.05349,0.00000
2683,165.00965,0.03144,Ada ile odada gezin,False,True,-6.04280,4.47968,-8.43535,3.10000,0.04984,0.00000
2684,165.04368,0.03403,Ada ile odada gezin,False,True,-6.04280,4.47803,-8.38179,3.10000,0.05358,0.00000
2685,165.07890,0.03521,Ada ile odada gezin,False,True,-6.04281,4.47656,-8.32429,3.10000,0.05752,0.00000
2686,165.11086,0.03197,Ada ile odada gezin,False,True,-6.04278,4.47546,-8.26960,3.10000,0.05469,0.00000
2687,165.14306,0.03219,Ada ile odada gezin,False,True,-6.04273,4.47461,-8.21622,3.10000,0.05339,0.00000
2688,165.17640,0.03334,Ada ile odada gezin,False,True,-6.04267,4.47384,-8.16005,3.10000,0.05618,0.00000
2689,165.21010,0.03371,Ada ile odada gezin,False,True,-6.04257,4.47322,-8.10395,3.10000,0.05610,0.00000
2690,165.24390,0.03379,Ada ile odada gezin,False,True,-6.04502,4.47306,-8.04786,3.10000,0.05614,0.00000
2691,165.27753,0.03363,Ada ile odada gezin,False,True,-6.05140,4.47355,-7.99421,3.10000,0.05403,0.00000
2692,165.30968,0.03215,Ada ile odada gezin,False,True,-6.06209,4.47473,-7.94528,3.10000,0.05010,0.00000
2693,165.35486,0.04517,Ada ile odada gezin,False,True,-6.08535,4.47717,-7.88394,3.10000,0.06564,0.00000
2694,165.38906,0.03420,Ada ile odada gezin,False,True,-6.10842,4.47998,-7.84373,3.10000,0.04645,0.00000
2695,165.42200,0.03294,Ada ile odada gezin,False,True,-6.13558,4.48323,-7.81120,3.10000,0.04250,0.00000
2696,165.45693,0.03493,Ada ile odada gezin,False,True,-6.16990,4.48716,-7.78345,3.10000,0.04431,0.00000
2697,165.48880,0.03187,Ada ile odada gezin,False,True,-6.20579,4.49117,-7.76441,3.10000,0.04082,0.00000
2698,165.52017,0.03137,Ada ile odada gezin,False,True,-6.24486,4.49541,-7.75228,3.10000,0.04114,0.00000
2699,165.55427,0.03410,Ada ile odada gezin,False,True,-6.28799,4.49998,-7.74691,3.10000,0.04370,0.00000
2700,165.58717,0.03291,Ada ile odada gezin,False,True,-6.33150,4.50422,-7.74697,3.10000,0.04372,0.00000
2701,165.62006,0.03289,Ada ile odada gezin,False,True,-6.37221,4.50770,-7.75042,3.10000,0.04100,0.00000
2702,165.65299,0.03294,Ada ile odada gezin,False,True,-6.41196,4.51058,-7.75612,3.10000,0.04026,0.00000
2703,165.68705,0.03406,Ada ile odada gezin,False,True,-6.44922,4.51276,-7.76303,3.10000,0.03796,0.00000
2704,165.72089,0.03384,Ada ile odada gezin,False,True,-6.48396,4.51418,-7.77049,3.10000,0.03556,0.00000
2705,165.75338,0.03249,Ada ile odada gezin,False,True,-6.51137,4.51466,-7.77698,3.10000,0.02817,0.00000
2706,165.78711,0.03373,Ada ile odada gezin,False,True,-6.53283,4.51436,-7.78243,3.10000,0.02214,0.00000
2707,165.82105,0.03394,Ada ile odada gezin,False,True,-6.54806,4.51336,-7.78660,3.10000,0.01582,0.00000
2708,165.85484,0.03379,Ada ile odada gezin,False,True,-6.55846,4.51207,-7.78966,3.10000,0.01092,0.00000
2709,165.88825,0.03341,Ada ile odada gezin,False,True,-6.56567,4.51070,-7.79196,3.10000,0.00769,0.00000
2710,165.92194,0.03368,Ada ile odada gezin,False,True,-6.57060,4.50940,-7.79366,3.10000,0.00538,0.00000
2711,165.95451,0.03257,Ada ile odada gezin,False,True,-6.57412,4.50820,-7.79497,3.10000,0.00394,0.00000
2712,165.98727,0.03277,Ada ile odada gezin,False,True,-6.57649,4.50719,-7.79593,3.10000,0.00275,0.00000
2713,166.02145,0.03417,Ada ile odada gezin,False,True,-6.57831,4.50623,-7.79673,3.10000,0.00221,0.00000
2714,166.05353,0.03208,Ada ile odada gezin,False,True,-6.57945,4.50552,-7.79727,3.10000,0.00145,0.00000
2715,166.08703,0.03351,Ada ile odada gezin,False,True,-6.58035,4.50486,-7.79773,3.10000,0.00121,0.00000
2716,166.15516,0.06813,Ada ile odada gezin,False,True,-6.58143,4.50389,-7.79836,3.10000,0.00158,0.00000
2717,166.16429,0.00913,Ada ile odada gezin,False,True,-6.58116,4.50373,-7.79823,3.10000,0.00033,0.00000
2718,166.18734,0.02304,Ada ile odada gezin,False,True,-6.57785,4.50295,-7.79658,3.10000,0.00379,0.00000
2719,166.22048,0.03314,Ada ile odada gezin,False,True,-6.56700,4.50114,-7.79106,3.10000,0.01230,0.00000
2720,166.25288,0.03240,Ada ile odada gezin,False,True,-6.55072,4.49889,-7.78268,3.10000,0.01845,0.00000
2721,166.28660,0.03373,Ada ile odada gezin,False,True,-6.52749,4.49611,-7.77063,3.10000,0.02631,0.00000
2722,166.32201,0.03541,Ada ile odada gezin,False,True,-6.49604,4.49276,-7.75422,3.10000,0.03563,0.00000
2723,166.35514,0.03313,Ada ile odada gezin,False,True,-6.45836,4.48925,-7.73443,3.10000,0.04271,0.00000
2724,166.38773,0.03259,Ada ile odada gezin,False,True,-6.42028,4.48622,-7.71428,3.10000,0.04319,0.00000
2725,166.42084,0.03311,Ada ile odada gezin,False,True,-6.37619,4.48318,-7.69084,3.10000,0.05002,0.00000
2726,166.45301,0.03217,Ada ile odada gezin,False,True,-6.33304,4.48071,-7.66776,3.10000,0.04900,0.00000
2727,166.48617,0.03316,Ada ile odada gezin,False,True,-6.28656,4.47846,-7.64279,3.10000,0.05281,0.00000
2728,166.51974,0.03357,Ada ile odada gezin,False,True,-6.23983,4.47659,-7.61758,3.10000,0.05313,0.00000
2729,166.55420,0.03446,Ada ile odada gezin,False,True,-6.18903,4.47489,-7.59009,3.10000,0.05778,0.00000
2730,166.58671,0.03251,Ada ile odada gezin,False,True,-6.14355,4.47373,-7.56537,3.10000,0.05178,0.00000
2731,166.62117,0.03447,Ada ile odada gezin,False,True,-6.09280,4.47258,-7.53775,3.10000,0.05779,0.00000
2732,166.65445,0.03328,Ada ile odada gezin,False,True,-6.04429,4.47174,-7.51129,3.10000,0.05526,0.00000
2733,166.68764,0.03319,Ada ile odada gezin,False,True,-5.99470,4.47103,-7.48419,3.10000,0.05652,0.00000
2734,166.71995,0.03231,Ada ile odada gezin,False,True,-5.94626,4.47050,-7.45768,3.10000,0.05522,0.00000
2735,166.75345,0.03350,Ada ile odada gezin,False,True,-5.89775,4.47006,-7.43110,3.10000,0.05532,0.00000
2736,166.78733,0.03388,Ada ile odada gezin,False,True,-5.84710,4.46965,-7.40334,3.10000,0.05776,0.00000
2737,166.82113,0.03380,Ada ile odada gezin,False,True,-5.79779,4.46937,-7.37628,3.10000,0.05624,0.00000
2738,166.85449,0.03336,Ada ile odada gezin,False,True,-5.74712,4.46911,-7.34846,3.10000,0.05781,0.00000
2739,166.88648,0.03199,Ada ile odada gezin,False,True,-5.69882,4.46896,-7.32192,3.10000,0.05511,0.00000
2740,166.92027,0.03378,Ada ile odada gezin,False,True,-5.65031,4.46883,-7.29526,3.10000,0.05535,0.00000
2741,166.95469,0.03442,Ada ile odada gezin,False,True,-5.59855,4.46866,-7.26682,3.10000,0.05906,0.00000
2742,166.98755,0.03286,Ada ile odada gezin,False,True,-5.54931,4.46858,-7.23974,3.10000,0.05620,0.00000
2743,167.02048,0.03292,Ada ile odada gezin,False,True,-5.49969,4.46851,-7.21246,3.10000,0.05663,0.00000
2744,167.05297,0.03249,Ada ile odada gezin,False,True,-5.45174,4.46848,-7.18608,3.10000,0.05473,0.00000
2745,167.09920,0.04623,Ada ile odada gezin,False,True,-5.39946,4.46838,-7.15733,3.10000,0.05966,0.00000
2746,167.13102,0.03182,Ada ile odada gezin,False,True,-5.33262,4.46806,-7.12064,3.10000,0.07626,0.00000
2747,167.15482,0.02379,Ada ile odada gezin,False,True,-5.30198,4.46840,-7.10368,3.10000,0.03502,0.00000
2748,167.18933,0.03452,Ada ile odada gezin,False,True,-5.24909,4.46833,-7.07460,3.10000,0.06036,0.00000
2749,167.22042,0.03109,Ada ile odada gezin,False,True,-5.20154,4.46837,-7.04842,3.10000,0.05427,0.00000
2750,167.25261,0.03219,Ada ile odada gezin,False,True,-5.15386,4.46838,-7.02218,3.10000,0.05443,0.00000
2751,167.28687,0.03426,Ada ile odada gezin,False,True,-5.10420,4.46835,-6.99485,3.10000,0.05668,0.00000
2752,167.32059,0.03372,Ada ile odada gezin,False,True,-5.05269,4.46829,-6.96652,3.10000,0.05879,0.00000
2753,167.35284,0.03225,Ada ile odada gezin,False,True,-5.00468,4.46831,-6.94009,3.10000,0.05481,0.00000
2754,167.38603,0.03319,Ada ile odada gezin,False,True,-4.95520,4.46830,-6.91287,3.10000,0.05647,0.00000
2755,167.42056,0.03453,Ada ile odada gezin,False,True,-4.90549,4.46828,-6.88552,3.10000,0.05674,0.00000
2756,167.45405,0.03349,Ada ile odada gezin,False,True,-4.85395,4.46824,-6.85716,3.10000,0.05883,0.00000
2757,167.48620,0.03215,Ada ile odada gezin,False,True,-4.80603,4.46827,-6.83079,3.10000,0.05470,0.00000
2758,167.51918,0.03297,Ada ile odada gezin,False,True,-4.75649,4.46826,-6.80352,3.10000,0.05654,0.00000
2759,167.55329,0.03412,Ada ile odada gezin,False,True,-4.70748,4.46827,-6.77655,3.10000,0.05595,0.00000
2760,167.58883,0.03554,Ada ile odada gezin,False,True,-4.65336,4.46818,-6.74679,3.10000,0.06176,0.00000
2761,167.62033,0.03150,Ada ile odada gezin,False,True,-4.60701,4.46826,-6.72126,3.10000,0.05292,0.00000
2762,167.65420,0.03387,Ada ile odada gezin,False,True,-4.55679,4.46825,-6.69363,3.10000,0.05732,0.00000
2763,167.68745,0.03325,Ada ile odada gezin,False,True,-4.50699,4.46824,-6.66622,3.10000,0.05684,0.00000
2764,167.71997,0.03252,Ada ile odada gezin,False,True,-4.45803,4.46825,-6.63927,3.10000,0.05590,0.00000
2765,167.75322,0.03325,Ada ile odada gezin,False,True,-4.40923,4.46826,-6.61242,3.10000,0.05570,0.00000
2766,167.78633,0.03311,Ada ile odada gezin,False,True,-4.35854,4.46823,-6.58453,3.10000,0.05785,0.00000
2767,167.81911,0.03278,Ada ile odada gezin,False,True,-4.31036,4.46826,-6.55801,3.10000,0.05500,0.00000
2768,167.85278,0.03366,Ada ile odada gezin,False,True,-4.25978,4.46823,-6.53018,3.10000,0.05773,0.00000
2769,167.88629,0.03351,Ada ile odada gezin,False,True,-4.21085,4.46824,-6.50325,3.10000,0.05585,0.00000
2770,167.91991,0.03362,Ada ile odada gezin,False,True,-4.15994,4.46822,-6.47524,3.10000,0.05811,0.00000
2771,167.95312,0.03321,Ada ile odada gezin,False,True,-4.11138,4.46824,-6.44851,3.10000,0.05543,0.00000
2772,167.98660,0.03347,Ada ile odada gezin,False,True,-4.06077,4.46822,-6.42066,3.10000,0.05777,0.00000
2773,168.01904,0.03245,Ada ile odada gezin,False,True,-4.01195,4.46824,-6.39379,3.10000,0.05573,0.00000
2774,168.05205,0.03300,Ada ile odada gezin,False,True,-3.96294,4.46825,-6.36682,3.10000,0.05593,0.00000
2775,168.08617,0.03412,Ada ile odada gezin,False,True,-3.91316,4.46824,-6.33942,3.10000,0.05682,0.00000
2776,168.12374,0.03757,Yakından incele · bridge,True,True,-3.84595,4.46342,-6.28783,3.09234,0.08487,0.23070
2777,168.15657,0.03283,Yakından incele · bridge,True,True,-3.80396,4.44957,-6.22224,3.07005,0.07910,0.67027
2778,168.18774,0.03117,Yakından incele · bridge,True,True,-3.74643,4.43059,-6.13234,3.03952,0.10840,0.91940
2779,168.22059,0.03285,Yakından incele · bridge,True,True,-3.66225,4.40283,-6.00082,2.99484,0.15860,1.34463
2780,168.25253,0.03194,Yakından incele · bridge,True,True,-3.56232,4.36986,-5.84470,2.94181,0.18828,1.59639
2781,168.28622,0.03369,Yakından incele · bridge,True,True,-3.44344,4.33065,-5.65897,2.87872,0.22397,1.89871
2782,168.32027,0.03404,Yakından incele · bridge,True,True,-3.30240,4.28413,-5.43861,2.80387,0.26573,2.25279
2783,168.35357,0.03331,Yakından incele · bridge,True,True,-3.15139,4.23432,-5.20268,2.72373,0.28452,2.41187
2784,168.38657,0.03300,Yakından incele · bridge,True,True,-2.98478,4.17936,-4.94238,2.63531,0.31390,2.66150
2785,168.42018,0.03361,Yakından incele · bridge,True,True,-2.81353,4.12287,-4.67481,2.54443,0.32266,2.73518
2786,168.45446,0.03428,Yakından incele · bridge,True,True,-2.61850,4.05854,-4.37012,2.44093,0.36744,3.11492
2787,168.48640,0.03195,Yakından incele · bridge,True,True,-2.42997,3.99636,-4.07556,2.34087,0.35521,3.01142
2788,168.51882,0.03242,Yakından incele · bridge,True,True,-2.23338,3.93151,-3.76841,2.23654,0.37040,3.14045
2789,168.55287,0.03405,Yakından incele · bridge,True,True,-2.03034,3.86453,-3.45118,2.12878,0.38255,3.24345
2790,168.58777,0.03490,Yakından incele · bridge,True,True,-1.81641,3.79397,-3.11695,2.01525,0.40306,3.41692
2791,168.62190,0.03413,Yakından incele · bridge,True,True,-1.59592,3.72124,-2.77247,1.89824,0.41541,3.52184
2792,168.66248,0.04057,Yakından incele · bridge,True,True,-1.34251,3.63765,-2.37654,1.76375,0.47746,4.04801
2793,168.69587,0.03339,Yakından incele · bridge,True,True,-1.13871,3.57043,-2.05814,1.65559,0.38396,3.25549
2794,168.72969,0.03382,Yakından incele · bridge,True,True,-0.93566,3.50345,-1.74090,1.54783,0.38257,3.24345
2795,168.76273,0.03303,Yakından incele · bridge,True,True,-0.73907,3.43861,-1.43375,1.44350,0.37039,3.13995
2796,168.79570,0.03298,Yakından incele · bridge,True,True,-0.55470,3.37779,-1.14570,1.34566,0.34737,2.94493
2797,168.83106,0.03536,Yakından incele · bridge,True,True,-0.37473,3.31843,-0.86452,1.25015,0.33908,2.87472
2798,168.86509,0.03403,Yakından incele · bridge,True,True,-0.20003,3.26080,-0.59157,1.15743,0.32916,2.79071
2799,168.89684,0.03176,Yakından incele · bridge,True,True,-0.05009,3.21135,-0.35731,1.07786,0.28250,2.39526
2800,168.92956,0.03272,Yakından incele · bridge,True,True,0.08628,3.16636,-0.14426,1.00549,0.25693,2.17825
2801,168.96301,0.03345,Yakından incele · bridge,True,True,0.21137,3.12510,0.05119,0.93910,0.23569,1.99794
2802,168.99606,0.03305,Yakından incele · bridge,True,True,0.31653,3.09042,0.21548,0.88329,0.19812,1.67907
2803,169.03090,0.03484,Yakından incele · bridge,True,True,0.40699,3.06058,0.35681,0.83528,0.17044,1.44399
2804,169.07934,0.04844,Yakından incele · bridge,True,True,0.49333,3.03210,0.49171,0.78946,0.16267,1.37854
2805,169.09501,0.01567,Yakından incele · bridge,True,True,0.51111,3.02623,0.51949,0.78002,0.03351,0.28255
2806,169.13011,0.03510,Yakından incele · bridge,True,True,0.52951,3.02016,0.54824,0.77026,0.03467,0.29342
2807,169.16374,0.03363,Yakından incele · bridge,False,True,0.53000,3.02000,0.54900,0.77000,0.00092,0.00000
2808,169.20034,0.03660,Yakından incele · bridge,False,True,0.53000,3.02000,0.54900,0.77000,0.00000,0.00000
2809,169.23078,0.03044,Yakından incele · bridge,False,True,0.53000,3.02000,0.54900,0.77000,0.00000,0.00000
2810,169.26386,0.03308,Yakından incele · bridge,False,True,0.53000,3.02000,0.54900,0.77000,0.00000,0.00000
2811,169.29620,0.03234,Yakından incele · bridge,False,True,0.53000,3.02000,0.54900,0.77000,0.00000,0.00000
2812,169.32929,0.03310,Yakından incele · bridge,False,True,0.53000,3.02000,0.54900,0.77000,0.00000,0.00000
2813,169.36221,0.03291,Yakından incele · bridge,False,True,0.53000,3.02000,0.54900,0.77000,0.00000,0.00000
2814,169.39528,0.03308,Yakından incele · bridge,False,True,0.53000,3.02000,0.54900,0.77000,0.00000,0.00000
2815,169.42875,0.03347,Yakından incele · bridge,False,True,0.53000,3.02000,0.54900,0.77000,0.00000,0.00000
2816,169.46217,0.03341,Yakından incele · bridge,False,True,0.53000,3.02000,0.54900,0.77000,0.00000,0.00000
2817,169.49628,0.03412,Yakından incele · bridge,False,True,0.53000,3.02000,0.54900,0.77000,0.00000,0.00000
2818,169.52977,0.03349,Yakından incele · bridge,False,True,0.53000,3.02000,0.54900,0.77000,0.00000,0.00000
2819,169.56229,0.03252,Yakından incele · bridge,False,True,0.53000,3.02000,0.54900,0.77000,0.00000,0.00000
2820,169.59547,0.03319,Yakından incele · bridge,False,True,0.53000,3.02000,0.54900,0.77000,0.00000,0.00000
2821,169.63046,0.03498,Yakından incele · bridge,False,True,0.53000,3.02000,0.54900,0.77000,0.00000,0.00000
2822,169.66380,0.03334,Yakından incele · bridge,False,True,0.53000,3.02000,0.54900,0.77000,0.00000,0.00000
2823,169.69670,0.03290,Yakından incele · bridge,False,True,0.53000,3.02000,0.54900,0.77000,0.00000,0.00000
2824,169.72948,0.03277,Yakından incele · bridge,False,True,0.53000,3.02000,0.54900,0.77000,0.00000,0.00000
2825,169.76471,0.03523,Yakından incele · bridge,False,True,0.53000,3.02000,0.54900,0.77000,0.00000,0.00000
2826,169.79848,0.03378,Yakından incele · bridge,False,True,0.53000,3.02000,0.54900,0.77000,0.00000,0.00000
2827,169.82983,0.03135,Yakından incele · bridge,False,True,0.53000,3.02000,0.54900,0.77000,0.00000,0.00000
2828,169.87647,0.04664,Yakından incele · bridge,False,True,0.53000,3.02000,0.54900,0.77000,0.00000,0.00000
2829,169.89735,0.02088,Yakından incele · bridge,False,True,0.53000,3.02000,0.54900,0.77000,0.00000,0.00000
2830,169.93027,0.03293,Yakından incele · bridge,False,True,0.53000,3.02000,0.54900,0.77000,0.00000,0.00000
2831,169.96337,0.03310,Yakından incele · bridge,False,True,0.53000,3.02000,0.54900,0.77000,0.00000,0.00000
2832,169.99800,0.03462,Yakından incele · bridge,False,True,0.53000,3.02000,0.54900,0.77000,0.00000,0.00000
2833,170.03184,0.03385,Yakından incele · bridge,False,True,0.53000,3.02000,0.54900,0.77000,0.00000,0.00000
2834,170.06433,0.03248,Yakından incele · bridge,False,True,0.53000,3.02000,0.54900,0.77000,0.00000,0.00000
2835,170.09655,0.03222,Yakından incele · bridge,False,True,0.53000,3.02000,0.54900,0.77000,0.00000,0.00000
2836,170.13105,0.03450,Yakından incele · bridge,False,True,0.53000,3.02000,0.54900,0.77000,0.00000,0.00000
2837,170.16332,0.03227,Yakından incele · bridge,False,True,0.53000,3.02000,0.54900,0.77000,0.00000,0.00000
2838,170.19642,0.03310,Yakından incele · bridge,False,True,0.53000,3.02000,0.54900,0.77000,0.00000,0.00000
2839,170.22929,0.03287,Yakından incele · bridge,False,True,0.53000,3.02000,0.54900,0.77000,0.00000,0.00000
2840,170.26252,0.03323,Yakından incele · bridge,False,True,0.53000,3.02000,0.54900,0.77000,0.00000,0.00000
2841,170.29575,0.03323,Yakından incele · bridge,False,True,0.53000,3.02000,0.54900,0.77000,0.00000,0.00000
2842,170.32872,0.03297,Yakından incele · bridge,False,True,0.53000,3.02000,0.54900,0.77000,0.00000,0.00000
2843,170.36157,0.03285,Yakından incele · bridge,False,True,0.53000,3.02000,0.54900,0.77000,0.00000,0.00000
2844,170.39523,0.03366,Yakından incele · bridge,False,True,0.53000,3.02000,0.54900,0.77000,0.00000,0.00000
2845,170.42939,0.03416,Yakından incele · bridge,False,True,0.53000,3.02000,0.54900,0.77000,0.00000,0.00000
2846,170.46266,0.03326,Yakından incele · bridge,False,True,0.53000,3.02000,0.54900,0.77000,0.00000,0.00000
2847,170.49547,0.03281,Yakından incele · bridge,False,True,0.53000,3.02000,0.54900,0.77000,0.00000,0.00000
2848,170.54189,0.04642,Yakından incele · bridge,False,True,0.53000,3.02000,0.54900,0.77000,0.00000,0.00000
2849,170.56313,0.02124,Yakından incele · bridge,False,True,0.53000,3.02000,0.54900,0.77000,0.00000,0.00000
2850,170.59621,0.03309,Yakından incele · bridge,False,True,0.53000,3.02000,0.54900,0.77000,0.00000,0.00000
2851,170.62918,0.03296,Yakından incele · bridge,False,True,0.53000,3.02000,0.54900,0.77000,0.00000,0.00000
2852,170.66393,0.03476,Yakından incele · bridge,False,True,0.53000,3.02000,0.54900,0.77000,0.00000,0.00000
2853,170.69600,0.03207,Yakından incele · bridge,False,True,0.53000,3.02000,0.54900,0.77000,0.00000,0.00000
2854,170.72823,0.03222,Yakından incele · bridge,False,True,0.53000,3.02000,0.54900,0.77000,0.00000,0.00000
2855,170.76152,0.03330,Yakından incele · bridge,False,True,0.53000,3.02000,0.54900,0.77000,0.00000,0.00000
2856,170.79535,0.03383,Yakından incele · bridge,False,True,0.53000,3.02000,0.54900,0.77000,0.00000,0.00000
2857,170.82858,0.03323,Yakından incele · bridge,False,True,0.53000,3.02000,0.54900,0.77000,0.00000,0.00000
2858,170.86247,0.03388,Yakından incele · bridge,False,True,0.53000,3.02000,0.54900,0.77000,0.00000,0.00000
2859,170.89576,0.03330,Yakından incele · bridge,False,True,0.53000,3.02000,0.54900,0.77000,0.00000,0.00000
2860,170.92819,0.03242,Yakından incele · bridge,False,True,0.53000,3.02000,0.54900,0.77000,0.00000,0.00000
2861,170.96262,0.03443,Yakından incele · bridge,False,True,0.53000,3.02000,0.54900,0.77000,0.00000,0.00000
2862,170.99597,0.03335,Yakından incele · bridge,False,True,0.53000,3.02000,0.54900,0.77000,0.00000,0.00000
2863,171.02879,0.03282,Yakından incele · bridge,False,True,0.53000,3.02000,0.54900,0.77000,0.00000,0.00000
2864,171.06301,0.03422,Yakından incele · bridge,False,True,0.53000,3.02000,0.54900,0.77000,0.00000,0.00000
2865,171.09587,0.03286,Yakından incele · bridge,False,True,0.53000,3.02000,0.54900,0.77000,0.00000,0.00000
2866,171.12968,0.03381,Yakından incele · bridge,False,True,0.53000,3.02000,0.54900,0.77000,0.00000,0.00000
2867,171.16438,0.03470,Yakından incele · bridge,False,True,0.53000,3.02000,0.54900,0.77000,0.00000,0.00000
2868,171.21017,0.04579,Yakından incele · bridge,False,True,0.53000,3.02000,0.54900,0.77000,0.00000,0.00000
2869,171.22926,0.01909,Yakından incele · bridge,False,True,0.53000,3.02000,0.54900,0.77000,0.00000,0.00000
2870,171.26339,0.03413,Yakından incele · bridge,False,True,0.53000,3.02000,0.54900,0.77000,0.00000,0.00000
2871,171.29692,0.03353,Yakından incele · bridge,False,True,0.53000,3.02000,0.54900,0.77000,0.00000,0.00000
2872,171.32987,0.03295,Yakından incele · bridge,False,True,0.53000,3.02000,0.54900,0.77000,0.00000,0.00000
2873,171.36256,0.03268,Yakından incele · bridge,False,True,0.53000,3.02000,0.54900,0.77000,0.00000,0.00000
2874,171.39562,0.03306,Yakından incele · bridge,False,True,0.53000,3.02000,0.54900,0.77000,0.00000,0.00000
2875,171.42858,0.03297,Yakından incele · bridge,False,True,0.53000,3.02000,0.54900,0.77000,0.00000,0.00000
2876,171.46161,0.03303,Yakından incele · bridge,False,True,0.53000,3.02000,0.54900,0.77000,0.00000,0.00000
2877,171.49544,0.03383,Yakından incele · bridge,False,True,0.53000,3.02000,0.54900,0.77000,0.00000,0.00000
2878,171.52890,0.03347,Yakından incele · bridge,False,True,0.53000,3.02000,0.54900,0.77000,0.00000,0.00000
2879,171.56282,0.03392,Yakından incele · bridge,False,True,0.53000,3.02000,0.54900,0.77000,0.00000,0.00000
2880,171.59538,0.03256,Yakından incele · bridge,False,True,0.53000,3.02000,0.54900,0.77000,0.00000,0.00000
2881,171.62836,0.03299,Yakından incele · bridge,False,True,0.53000,3.02000,0.54900,0.77000,0.00000,0.00000
2882,171.66266,0.03430,Yakından incele · bridge,False,True,0.53000,3.02000,0.54900,0.77000,0.00000,0.00000
2883,171.69674,0.03408,Yakından incele · bridge,False,True,0.53000,3.02000,0.54900,0.77000,0.00000,0.00000
2884,171.72909,0.03235,Yakından incele · bridge,False,True,0.53000,3.02000,0.54900,0.77000,0.00000,0.00000
2885,171.76271,0.03361,Yakından incele · bridge,False,True,0.53000,3.02000,0.54900,0.77000,0.00000,0.00000
2886,171.79536,0.03266,Yakından incele · bridge,False,True,0.53000,3.02000,0.54900,0.77000,0.00000,0.00000
2887,171.82920,0.03383,Yakından incele · bridge,False,True,0.53000,3.02000,0.54900,0.77000,0.00000,0.00000
2888,171.86202,0.03282,Yakından incele · bridge,False,True,0.53000,3.02000,0.54900,0.77000,0.00000,0.00000
2889,171.89492,0.03290,Yakından incele · bridge,False,True,0.53000,3.02000,0.54900,0.77000,0.00000,0.00000
2890,171.92887,0.03396,Yakından incele · bridge,False,True,0.53000,3.02000,0.54900,0.77000,0.00000,0.00000
2891,171.97073,0.04185,Yakından incele · bridge,False,True,0.53000,3.02000,0.54900,0.77000,0.00000,0.00000
2892,172.00433,0.03360,Yakından incele · bridge,False,True,0.53000,3.02000,0.54900,0.77000,0.00000,0.00000
2893,172.03731,0.03298,Yakından incele · bridge,False,True,0.53000,3.02000,0.54900,0.77000,0.00000,0.00000
2894,172.06957,0.03226,Yakından incele · bridge,False,True,0.53000,3.02000,0.54900,0.77000,0.00000,0.00000
2895,172.10360,0.03403,Yakından incele · bridge,False,True,0.53000,3.02000,0.54900,0.77000,0.00000,0.00000
2896,172.13703,0.03343,Yakından incele · bridge,False,True,0.53000,3.02000,0.54900,0.77000,0.00000,0.00000
2897,172.16987,0.03284,Yakından incele · bridge,False,True,0.53000,3.02000,0.54900,0.77000,0.00000,0.00000
2898,172.20455,0.03468,Yakından incele · bridge,False,True,0.53000,3.02000,0.54900,0.77000,0.00000,0.00000
2899,172.23640,0.03186,Yakından incele · bridge,False,True,0.53000,3.02000,0.54900,0.77000,0.00000,0.00000
2900,172.26941,0.03300,Yakından incele · bridge,False,True,0.53000,3.02000,0.54900,0.77000,0.00000,0.00000
2901,172.30360,0.03419,Yakından incele · bridge,False,True,0.53000,3.02000,0.54900,0.77000,0.00000,0.00000
2902,172.33717,0.03357,Yakından incele · bridge,False,True,0.53000,3.02000,0.54900,0.77000,0.00000,0.00000
2903,172.36948,0.03230,Yakından incele · bridge,False,True,0.53000,3.02000,0.54900,0.77000,0.00000,0.00000
2904,172.40362,0.03414,Yakından incele · bridge,False,True,0.53000,3.02000,0.54900,0.77000,0.00000,0.00000
2905,172.43913,0.03551,Yakından incele · bridge,False,True,0.53000,3.02000,0.54900,0.77000,0.00000,0.00000
2906,172.47192,0.03279,Yakından incele · bridge,False,True,0.53000,3.02000,0.54900,0.77000,0.00000,0.00000
2907,172.50501,0.03309,Yakından incele · bridge,False,True,0.53000,3.02000,0.54900,0.77000,0.00000,0.00000
2908,172.53759,0.03258,Yakından incele · bridge,False,True,0.53000,3.02000,0.54900,0.77000,0.00000,0.00000
2909,172.58917,0.05158,Ada ile odada gezin,True,True,0.51797,3.02417,0.52990,0.77656,0.02295,0.19383
2910,172.62524,0.03608,Ada ile odada gezin,True,True,0.44525,3.04939,0.41445,0.81620,0.13876,1.19221
2911,172.64336,0.01812,Ada ile odada gezin,True,True,0.40743,3.06251,0.35437,0.83683,0.07219,0.61929
2912,172.67118,0.02782,Ada ile odada gezin,True,True,0.34438,3.08440,0.25413,0.87130,0.12042,1.03627
2913,172.71056,0.03938,Yakından incele · cover,True,True,0.34215,3.07715,0.24756,0.87299,0.01004,0.26834
2914,172.74172,0.03116,Yakından incele · cover,True,True,0.33593,3.05702,0.22929,0.87768,0.02789,0.75898
2915,172.77151,0.02979,Yakından incele · cover,True,True,0.32779,3.03067,0.20539,0.88382,0.03649,0.99386
2916,172.80411,0.03260,Yakından incele · cover,True,True,0.31581,2.99185,0.17016,0.89287,0.05378,1.46444
2917,172.83851,0.03440,Yakından incele · cover,True,True,0.30119,2.94451,0.12720,0.90390,0.06557,1.78570
2918,172.87277,0.03427,Yakından incele · cover,True,True,0.28296,2.88549,0.07365,0.91765,0.08176,2.22658
2919,172.90490,0.03213,Yakından incele · cover,True,True,0.26331,2.82184,0.01589,0.93248,0.08817,2.40113
2920,172.93777,0.03287,Yakından incele · cover,True,True,0.24164,2.75166,-0.04779,0.94883,0.09722,2.64735
2921,172.97120,0.03343,Yakından incele · cover,True,True,0.21741,2.67321,-0.11897,0.96711,0.10866,2.95898
2922,173.00402,0.03282,Yakından incele · cover,True,True,0.19284,2.59362,-0.19119,0.98566,0.11024,3.00205
2923,173.03796,0.03393,Yakından incele · cover,True,True,0.16537,2.50469,-0.27189,1.00638,0.12319,3.35496
2924,173.07102,0.03307,Yakından incele · cover,True,True,0.13751,2.41445,-0.35377,1.02741,0.12499,3.40407
2925,173.10392,0.03290,Yakından incele · cover,True,True,0.10854,2.32063,-0.43890,1.04927,0.12995,3.53936
2926,173.13727,0.03335,Yakından incele · cover,True,True,0.07933,2.22604,-0.52473,1.07131,0.13103,3.56887
2927,173.17098,0.03371,Yakından incele · cover,True,True,0.04904,2.12796,-0.61372,1.09416,0.13585,3.70004
2928,173.20413,0.03315,Yakından incele · cover,True,True,0.01873,2.02979,-0.70280,1.11704,0.13598,3.70364
2929,173.23835,0.03422,Yakından incele · cover,True,True,-0.01203,1.93018,-0.79319,1.14025,0.13798,3.75777
2930,173.27083,0.03248,Yakından incele · cover,True,True,-0.04105,1.83620,-0.87847,1.16215,0.13019,3.54576
2931,173.30395,0.03312,Yakından incele · cover,True,True,-0.07035,1.74131,-0.96457,1.18426,0.13143,3.57960
2932,173.33787,0.03392,Yakından incele · cover,True,True,-0.09867,1.64959,-1.04779,1.20563,0.12704,3.45995
2933,173.37111,0.03324,Yakından incele · cover,True,True,-0.12697,1.55797,-1.13092,1.22698,0.12691,3.45655
2934,173.40371,0.03259,Yakından incele · cover,True,True,-0.15172,1.47779,-1.20368,1.24566,0.11107,3.02491
2935,173.43765,0.03395,Yakından incele · cover,True,True,-0.17730,1.39495,-1.27885,1.26496,0.11475,3.12521
2936,173.47009,0.03243,Yakından incele · cover,True,True,-0.19958,1.32282,-1.34430,1.28177,0.09992,2.72141
2937,173.50385,0.03376,Yakından incele · cover,True,True,-0.22043,1.25529,-1.40557,1.29751,0.09354,2.54791
2938,173.53745,0.03360,Yakından incele · cover,True,True,-0.23929,1.19423,-1.46098,1.31173,0.08458,2.30398
2939,173.57113,0.03369,Yakından incele · cover,True,True,-0.25512,1.14297,-1.50750,1.32368,0.07100,1.93384
2940,173.60430,0.03316,Yakından incele · cover,True,True,-0.26874,1.09884,-1.54754,1.33396,0.06112,1.66456
2941,173.63785,0.03356,Yakından incele · cover,True,True,-0.27876,1.06640,-1.57697,1.34152,0.04494,1.22332
2942,173.67196,0.03411,Yakından incele · cover,True,True,-0.28609,1.04266,-1.59852,1.34705,0.03289,0.89525
2943,173.70454,0.03258,Yakından incele · cover,True,True,-0.28960,1.03130,-1.60882,1.34970,0.01573,0.42796
2944,173.73869,0.03415,Yakından incele · cover,False,True,-0.29000,1.03000,-1.61000,1.35000,0.00180,0.00000
2945,173.78165,0.04296,Yakından incele · cover,False,True,-0.29000,1.03000,-1.61000,1.35000,0.00000,0.00000
2946,173.82486,0.04320,Yakından incele · cover,False,True,-0.29000,1.03000,-1.61000,1.35000,0.00000,0.00000
2947,173.83750,0.01264,Yakından incele · cover,False,True,-0.29000,1.03000,-1.61000,1.35000,0.00000,0.00000
2948,173.87126,0.03377,Yakından incele · cover,False,True,-0.29000,1.03000,-1.61000,1.35000,0.00000,0.00000
2949,173.90573,0.03447,Yakından incele · cover,False,True,-0.29000,1.03000,-1.61000,1.35000,0.00000,0.00000
2950,173.93899,0.03326,Yakından incele · cover,False,True,-0.29000,1.03000,-1.61000,1.35000,0.00000,0.00000
2951,173.97116,0.03217,Yakından incele · cover,False,True,-0.29000,1.03000,-1.61000,1.35000,0.00000,0.00000
2952,174.00436,0.03319,Yakından incele · cover,False,True,-0.29000,1.03000,-1.61000,1.35000,0.00000,0.00000
2953,174.03890,0.03455,Yakından incele · cover,False,True,-0.29000,1.03000,-1.61000,1.35000,0.00000,0.00000
2954,174.07583,0.03693,Yakından incele · cover,False,True,-0.29000,1.03000,-1.61000,1.35000,0.00000,0.00000
2955,174.10996,0.03413,Yakından incele · cover,False,True,-0.29000,1.03000,-1.61000,1.35000,0.00000,0.00000
2956,174.14198,0.03202,Yakından incele · cover,False,True,-0.29000,1.03000,-1.61000,1.35000,0.00000,0.00000
2957,174.17505,0.03307,Yakından incele · cover,False,True,-0.29000,1.03000,-1.61000,1.35000,0.00000,0.00000
2958,174.20450,0.02945,Yakından incele · cover,False,True,-0.29000,1.03000,-1.61000,1.35000,0.00000,0.00000
2959,174.24341,0.03891,Yakından incele · cover,False,True,-0.29000,1.03000,-1.61000,1.35000,0.00000,0.00000
2960,174.29574,0.05233,Yakından incele · cover,False,True,-0.29000,1.03000,-1.61000,1.35000,0.00000,0.00000
2961,174.32489,0.02915,Yakından incele · cover,False,True,-0.29000,1.03000,-1.61000,1.35000,0.00000,0.00000
2962,174.34321,0.01833,Yakından incele · cover,False,True,-0.29000,1.03000,-1.61000,1.35000,0.00000,0.00000
2963,174.38016,0.03695,Yakından incele · cover,False,True,-0.29000,1.03000,-1.61000,1.35000,0.00000,0.00000
2964,174.41359,0.03342,Yakından incele · cover,False,True,-0.29000,1.03000,-1.61000,1.35000,0.00000,0.00000
2965,174.44656,0.03297,Yakından incele · cover,False,True,-0.29000,1.03000,-1.61000,1.35000,0.00000,0.00000
2966,174.47643,0.02987,Yakından incele · cover,False,True,-0.29000,1.03000,-1.61000,1.35000,0.00000,0.00000
2967,174.51402,0.03759,Yakından incele · cover,False,True,-0.29000,1.03000,-1.61000,1.35000,0.00000,0.00000
2968,174.56249,0.04847,Yakından incele · cover,False,True,-0.29000,1.03000,-1.61000,1.35000,0.00000,0.00000
2969,174.57743,0.01494,Yakından incele · cover,False,True,-0.29000,1.03000,-1.61000,1.35000,0.00000,0.00000
2970,174.60944,0.03201,Yakından incele · cover,False,True,-0.29000,1.03000,-1.61000,1.35000,0.00000,0.00000
2971,174.64277,0.03333,Yakından incele · cover,False,True,-0.29000,1.03000,-1.61000,1.35000,0.00000,0.00000
2972,174.67606,0.03329,Yakından incele · cover,False,True,-0.29000,1.03000,-1.61000,1.35000,0.00000,0.00000
2973,174.70942,0.03336,Yakından incele · cover,False,True,-0.29000,1.03000,-1.61000,1.35000,0.00000,0.00000
2974,174.74307,0.03366,Yakından incele · cover,False,True,-0.29000,1.03000,-1.61000,1.35000,0.00000,0.00000
2975,174.77667,0.03360,Yakından incele · cover,False,True,-0.29000,1.03000,-1.61000,1.35000,0.00000,0.00000
2976,174.81104,0.03437,Yakından incele · cover,False,True,-0.29000,1.03000,-1.61000,1.35000,0.00000,0.00000
2977,174.84357,0.03253,Yakından incele · cover,False,True,-0.29000,1.03000,-1.61000,1.35000,0.00000,0.00000
2978,174.87588,0.03231,Yakından incele · cover,False,True,-0.29000,1.03000,-1.61000,1.35000,0.00000,0.00000
2979,174.90939,0.03351,Yakından incele · cover,False,True,-0.29000,1.03000,-1.61000,1.35000,0.00000,0.00000
2980,174.94370,0.03431,Yakından incele · cover,False,True,-0.29000,1.03000,-1.61000,1.35000,0.00000,0.00000
2981,174.97719,0.03349,Yakından incele · cover,False,True,-0.29000,1.03000,-1.61000,1.35000,0.00000,0.00000
2982,175.01184,0.03465,Yakından incele · cover,False,True,-0.29000,1.03000,-1.61000,1.35000,0.00000,0.00000
2983,175.04469,0.03285,Yakından incele · cover,False,True,-0.29000,1.03000,-1.61000,1.35000,0.00000,0.00000
2984,175.07543,0.03074,Yakından incele · cover,False,True,-0.29000,1.03000,-1.61000,1.35000,0.00000,0.00000
2985,175.12768,0.05225,Yakından incele · cover,False,True,-0.29000,1.03000,-1.61000,1.35000,0.00000,0.00000
2986,175.14814,0.02046,Yakından incele · cover,False,True,-0.29000,1.03000,-1.61000,1.35000,0.00000,0.00000
2987,175.19045,0.04230,Yakından incele · cover,False,True,-0.29000,1.03000,-1.61000,1.35000,0.00000,0.00000
2988,175.22130,0.03086,Yakından incele · cover,False,True,-0.29000,1.03000,-1.61000,1.35000,0.00000,0.00000
2989,175.24460,0.02330,Yakından incele · cover,False,True,-0.29000,1.03000,-1.61000,1.35000,0.00000,0.00000
2990,175.30021,0.05561,Yakından incele · cover,False,True,-0.29000,1.03000,-1.61000,1.35000,0.00000,0.00000
2991,175.34341,0.04320,Yakından incele · cover,False,True,-0.29000,1.03000,-1.61000,1.35000,0.00000,0.00000
2992,175.37824,0.03483,Yakından incele · cover,False,True,-0.29000,1.03000,-1.61000,1.35000,0.00000,0.00000
2993,175.42416,0.04592,Yakından incele · cover,False,True,-0.29000,1.03000,-1.61000,1.35000,0.00000,0.00000
2994,175.43935,0.01519,Yakından incele · cover,False,True,-0.29000,1.03000,-1.61000,1.35000,0.00000,0.00000
2995,175.46899,0.02964,Yakından incele · cover,False,True,-0.29000,1.03000,-1.61000,1.35000,0.00000,0.00000
2996,175.49912,0.03013,Yakından incele · cover,False,True,-0.29000,1.03000,-1.61000,1.35000,0.00000,0.00000
2997,175.53205,0.03293,Yakından incele · cover,False,True,-0.29000,1.03000,-1.61000,1.35000,0.00000,0.00000
2998,175.56506,0.03301,Yakından incele · cover,False,True,-0.29000,1.03000,-1.61000,1.35000,0.00000,0.00000
2999,175.59866,0.03360,Yakından incele · cover,False,True,-0.29000,1.03000,-1.61000,1.35000,0.00000,0.00000
3000,175.63127,0.03262,Yakından incele · cover,False,True,-0.29000,1.03000,-1.61000,1.35000,0.00000,0.00000
3001,175.66469,0.03341,Yakından incele · cover,False,True,-0.29000,1.03000,-1.61000,1.35000,0.00000,0.00000
3002,175.69938,0.03470,Yakından incele · cover,False,True,-0.29000,1.03000,-1.61000,1.35000,0.00000,0.00000
3003,175.73269,0.03331,Yakından incele · cover,False,True,-0.29000,1.03000,-1.61000,1.35000,0.00000,0.00000
3004,175.76650,0.03381,Yakından incele · cover,False,True,-0.29000,1.03000,-1.61000,1.35000,0.00000,0.00000
3005,175.80379,0.03729,Yakından incele · cover,False,True,-0.29000,1.03000,-1.61000,1.35000,0.00000,0.00000
3006,175.83410,0.03032,Yakından incele · cover,False,True,-0.29000,1.03000,-1.61000,1.35000,0.00000,0.00000
3007,175.86552,0.03142,Yakından incele · cover,False,True,-0.29000,1.03000,-1.61000,1.35000,0.00000,0.00000
3008,175.89889,0.03337,Yakından incele · cover,False,True,-0.29000,1.03000,-1.61000,1.35000,0.00000,0.00000
3009,175.93196,0.03306,Yakından incele · cover,False,True,-0.29000,1.03000,-1.61000,1.35000,0.00000,0.00000
3010,175.96472,0.03276,Yakından incele · cover,False,True,-0.29000,1.03000,-1.61000,1.35000,0.00000,0.00000
3011,175.99803,0.03331,Yakından incele · cover,False,True,-0.29000,1.03000,-1.61000,1.35000,0.00000,0.00000
3012,176.03233,0.03430,Yakından incele · cover,False,True,-0.29000,1.03000,-1.61000,1.35000,0.00000,0.00000
3013,176.07070,0.03837,Yakından incele · cover,False,True,-0.29000,1.03000,-1.61000,1.35000,0.00000,0.00000
3014,176.11742,0.04672,Yakından incele · cover,False,True,-0.29000,1.03000,-1.61000,1.35000,0.00000,0.00000
3015,176.13800,0.02058,Yakından incele · cover,False,True,-0.29000,1.03000,-1.61000,1.35000,0.00000,0.00000
3016,176.16618,0.02818,Yakından incele · cover,False,True,-0.29000,1.03000,-1.61000,1.35000,0.00000,0.00000
3017,176.19971,0.03353,Yakından incele · cover,False,True,-0.29000,1.03000,-1.61000,1.35000,0.00000,0.00000
3018,176.23178,0.03206,Yakından incele · cover,False,True,-0.29000,1.03000,-1.61000,1.35000,0.00000,0.00000
3019,176.26443,0.03265,Yakından incele · cover,False,True,-0.29000,1.03000,-1.61000,1.35000,0.00000,0.00000
3020,176.29854,0.03411,Yakından incele · cover,False,True,-0.29000,1.03000,-1.61000,1.35000,0.00000,0.00000
3021,176.33189,0.03335,Yakından incele · cover,False,True,-0.29000,1.03000,-1.61000,1.35000,0.00000,0.00000
3022,176.36616,0.03427,Yakından incele · cover,False,True,-0.29000,1.03000,-1.61000,1.35000,0.00000,0.00000
3023,176.39831,0.03216,Yakından incele · cover,False,True,-0.29000,1.03000,-1.61000,1.35000,0.00000,0.00000
3024,176.43198,0.03366,Yakından incele · cover,False,True,-0.29000,1.03000,-1.61000,1.35000,0.00000,0.00000
3025,176.46508,0.03310,Yakından incele · cover,False,True,-0.29000,1.03000,-1.61000,1.35000,0.00000,0.00000
3026,176.49817,0.03309,Yakından incele · cover,False,True,-0.29000,1.03000,-1.61000,1.35000,0.00000,0.00000
3027,176.53107,0.03290,Yakından incele · cover,False,True,-0.29000,1.03000,-1.61000,1.35000,0.00000,0.00000
3028,176.56887,0.03780,Yakından incele · cover,False,True,-0.29000,1.03000,-1.61000,1.35000,0.00000,0.00000
3029,176.60463,0.03576,Yakından incele · cover,False,True,-0.29000,1.03000,-1.61000,1.35000,0.00000,0.00000
3030,176.63462,0.02998,Yakından incele · cover,False,True,-0.29000,1.03000,-1.61000,1.35000,0.00000,0.00000
3031,176.66659,0.03197,Yakından incele · cover,False,True,-0.29000,1.03000,-1.61000,1.35000,0.00000,0.00000
3032,176.70082,0.03423,Yakından incele · cover,False,True,-0.29000,1.03000,-1.61000,1.35000,0.00000,0.00000
3033,176.73419,0.03337,Yakından incele · cover,False,True,-0.29000,1.03000,-1.61000,1.35000,0.00000,0.00000
3034,176.76784,0.03365,Yakından incele · cover,False,True,-0.29000,1.03000,-1.61000,1.35000,0.00000,0.00000
3035,176.80015,0.03231,Yakından incele · cover,False,True,-0.29000,1.03000,-1.61000,1.35000,0.00000,0.00000
3036,176.83402,0.03386,Yakından incele · cover,False,True,-0.29000,1.03000,-1.61000,1.35000,0.00000,0.00000
3037,176.87248,0.03846,Yakından incele · cover,False,True,-0.29000,1.03000,-1.61000,1.35000,0.00000,0.00000
3038,176.90422,0.03174,Yakından incele · cover,False,True,-0.29000,1.03000,-1.61000,1.35000,0.00000,0.00000
3039,176.93371,0.02949,Yakından incele · cover,False,True,-0.29000,1.03000,-1.61000,1.35000,0.00000,0.00000
3040,176.96443,0.03072,Yakından incele · cover,False,True,-0.29000,1.03000,-1.61000,1.35000,0.00000,0.00000
3041,176.99770,0.03327,Yakından incele · cover,False,True,-0.29000,1.03000,-1.61000,1.35000,0.00000,0.00000
3042,177.03144,0.03374,Yakından incele · cover,False,True,-0.29000,1.03000,-1.61000,1.35000,0.00000,0.00000
3043,177.06519,0.03375,Yakından incele · cover,False,True,-0.29000,1.03000,-1.61000,1.35000,0.00000,0.00000
3044,177.09832,0.03314,Yakından incele · cover,False,True,-0.29000,1.03000,-1.61000,1.35000,0.00000,0.00000
3045,177.13159,0.03327,Yakından incele · cover,False,True,-0.29000,1.03000,-1.61000,1.35000,0.00000,0.00000
3046,177.16467,0.03307,Yakından incele · cover,False,True,-0.29000,1.03000,-1.61000,1.35000,0.00000,0.00000
3047,177.19836,0.03370,Yakından incele · cover,False,True,-0.29000,1.03000,-1.61000,1.35000,0.00000,0.00000
3048,177.23177,0.03340,Yakından incele · cover,False,True,-0.29000,1.03000,-1.61000,1.35000,0.00000,0.00000
3049,177.26446,0.03269,Yakından incele · cover,False,True,-0.29000,1.03000,-1.61000,1.35000,0.00000,0.00000
3050,177.30030,0.03584,Yakından incele · cover,False,True,-0.29000,1.03000,-1.61000,1.35000,0.00000,0.00000
3051,177.34044,0.04014,Yakından incele · cover,False,True,-0.29000,1.03000,-1.61000,1.35000,0.00000,0.00000
3052,177.37250,0.03206,Yakından incele · cover,False,True,-0.29000,1.03000,-1.61000,1.35000,0.00000,0.00000
3053,177.39867,0.02617,Yakından incele · cover,False,True,-0.29000,1.03000,-1.61000,1.35000,0.00000,0.00000
3054,177.43261,0.03395,Yakından incele · cover,False,True,-0.29000,1.03000,-1.61000,1.35000,0.00000,0.00000
3055,177.46469,0.03207,Yakından incele · cover,False,True,-0.29000,1.03000,-1.61000,1.35000,0.00000,0.00000
3056,177.49802,0.03333,Yakından incele · cover,False,True,-0.29000,1.03000,-1.61000,1.35000,0.00000,0.00000
3057,177.53233,0.03431,Yakından incele · cover,False,True,-0.29000,1.03000,-1.61000,1.35000,0.00000,0.00000
3058,177.56538,0.03305,Yakından incele · cover,False,True,-0.29000,1.03000,-1.61000,1.35000,0.00000,0.00000
3059,177.59816,0.03278,Yakından incele · cover,False,True,-0.29000,1.03000,-1.61000,1.35000,0.00000,0.00000
3060,177.63155,0.03339,Yakından incele · cover,False,True,-0.29000,1.03000,-1.61000,1.35000,0.00000,0.00000
3061,177.66541,0.03386,Yakından incele · cover,False,True,-0.29000,1.03000,-1.61000,1.35000,0.00000,0.00000
3062,177.69886,0.03345,Yakından incele · cover,False,True,-0.29000,1.03000,-1.61000,1.35000,0.00000,0.00000
3063,177.73293,0.03407,Yakından incele · cover,False,True,-0.29000,1.03000,-1.61000,1.35000,0.00000,0.00000
3064,177.76647,0.03354,Yakından incele · cover,False,True,-0.29000,1.03000,-1.61000,1.35000,0.00000,0.00000
3065,177.79806,0.03159,Yakından incele · cover,False,True,-0.29000,1.03000,-1.61000,1.35000,0.00000,0.00000
3066,177.83041,0.03235,Yakından incele · cover,False,True,-0.29000,1.03000,-1.61000,1.35000,0.00000,0.00000
3067,177.86448,0.03407,Yakından incele · cover,False,True,-0.29000,1.03000,-1.61000,1.35000,0.00000,0.00000
3068,177.89992,0.03544,Yakından incele · cover,False,True,-0.29000,1.03000,-1.61000,1.35000,0.00000,0.00000
3069,177.93178,0.03187,Yakından incele · cover,False,True,-0.29000,1.03000,-1.61000,1.35000,0.00000,0.00000
3070,177.96460,0.03281,Yakından incele · cover,False,True,-0.29000,1.03000,-1.61000,1.35000,0.00000,0.00000
3071,177.99828,0.03368,Yakından incele · cover,False,True,-0.29000,1.03000,-1.61000,1.35000,0.00000,0.00000
3072,178.03112,0.03284,Yakından incele · cover,False,True,-0.29000,1.03000,-1.61000,1.35000,0.00000,0.00000
3073,178.06488,0.03376,Yakından incele · cover,False,True,-0.29000,1.03000,-1.61000,1.35000,0.00000,0.00000
3074,178.09830,0.03342,Yakından incele · cover,False,True,-0.29000,1.03000,-1.61000,1.35000,0.00000,0.00000
3075,178.13115,0.03285,Yakından incele · cover,False,True,-0.29000,1.03000,-1.61000,1.35000,0.00000,0.00000
3076,178.16470,0.03354,Yakından incele · cover,False,True,-0.29000,1.03000,-1.61000,1.35000,0.00000,0.00000
3077,178.19854,0.03385,Yakından incele · cover,False,True,-0.29000,1.03000,-1.61000,1.35000,0.00000,0.00000
3078,178.23177,0.03323,Yakından incele · cover,False,True,-0.29000,1.03000,-1.61000,1.35000,0.00000,0.00000
3079,178.26428,0.03251,Yakından incele · cover,False,True,-0.29000,1.03000,-1.61000,1.35000,0.00000,0.00000
3080,178.29832,0.03404,Yakından incele · cover,False,True,-0.29000,1.03000,-1.61000,1.35000,0.00000,0.00000
3081,178.33200,0.03367,Yakından incele · cover,False,True,-0.29000,1.03000,-1.61000,1.35000,0.00000,0.00000
3082,178.36451,0.03251,Yakından incele · cover,False,True,-0.29000,1.03000,-1.61000,1.35000,0.00000,0.00000
3083,178.39781,0.03330,Yakından incele · cover,False,True,-0.29000,1.03000,-1.61000,1.35000,0.00000,0.00000
3084,178.43182,0.03401,Yakından incele · cover,False,True,-0.29000,1.03000,-1.61000,1.35000,0.00000,0.00000
3085,178.46405,0.03223,Yakından incele · cover,False,True,-0.29000,1.03000,-1.61000,1.35000,0.00000,0.00000
3086,178.49843,0.03437,Yakından incele · cover,False,True,-0.29000,1.03000,-1.61000,1.35000,0.00000,0.00000
3087,178.53240,0.03397,Yakından incele · cover,False,True,-0.29000,1.03000,-1.61000,1.35000,0.00000,0.00000
3088,178.56497,0.03257,Yakından incele · cover,False,True,-0.29000,1.03000,-1.61000,1.35000,0.00000,0.00000
3089,178.61085,0.04589,Yakından incele · cover,False,True,-0.29000,1.03000,-1.61000,1.35000,0.00000,0.00000
3090,178.64464,0.03379,Yakından incele · cover,False,True,-0.29000,1.03000,-1.61000,1.35000,0.00000,0.00000
3091,178.67725,0.03260,Yakından incele · cover,False,True,-0.29000,1.03000,-1.61000,1.35000,0.00000,0.00000
3092,178.71073,0.03349,Yakından incele · cover,False,True,-0.29000,1.03000,-1.61000,1.35000,0.00000,0.00000
3093,178.74447,0.03374,Yakından incele · cover,False,True,-0.29000,1.03000,-1.61000,1.35000,0.00000,0.00000
3094,178.77719,0.03272,Yakından incele · cover,False,True,-0.29000,1.03000,-1.61000,1.35000,0.00000,0.00000
3095,178.80938,0.03219,Yakından incele · cover,False,True,-0.29000,1.03000,-1.61000,1.35000,0.00000,0.00000
3096,178.84287,0.03349,Yakından incele · cover,False,True,-0.29000,1.03000,-1.61000,1.35000,0.00000,0.00000
3097,178.87712,0.03426,Yakından incele · cover,False,True,-0.29000,1.03000,-1.61000,1.35000,0.00000,0.00000
3098,178.91008,0.03296,Yakından incele · cover,False,True,-0.29000,1.03000,-1.61000,1.35000,0.00000,0.00000
3099,178.94463,0.03454,Yakından incele · cover,False,True,-0.29000,1.03000,-1.61000,1.35000,0.00000,0.00000
3100,179.01070,0.06607,Ada ile odada gezin,True,True,-0.29916,1.04038,-1.62148,1.35514,0.01799,0.00000
3101,179.04512,0.03442,Ada ile odada gezin,True,True,-0.37172,1.12264,-1.71843,1.39587,0.14639,0.60522
3102,179.05600,0.01088,Ada ile odada gezin,True,True,-0.38962,1.14288,-1.74294,1.40592,0.03648,0.00000
3103,179.07470,0.01870,Ada ile odada gezin,True,True,-0.42532,1.18326,-1.79228,1.42600,0.07307,0.29608
3104,179.10775,0.03305,Ada ile odada gezin,True,True,-0.49529,1.26242,-1.89017,1.46549,0.14403,0.58817
3105,179.14113,0.03338,Ada ile odada gezin,True,True,-0.58086,1.35926,-2.01121,1.51395,0.17706,0.72415
3106,179.17431,0.03318,Ada ile odada gezin,True,True,-0.67560,1.46642,-2.14610,1.56772,0.19661,0.80405
3107,179.20778,0.03347,Ada ile odada gezin,True,True,-0.78093,1.58535,-2.29648,1.62753,0.21875,0.89525
3108,179.24021,0.03243,Ada ile odada gezin,True,True,-0.89694,1.71606,-2.46208,1.69336,0.24076,0.98595
3109,179.27311,0.03289,Ada ile odada gezin,True,True,-1.01635,1.85034,-2.63239,1.76107,0.24758,1.01567
3110,179.30786,0.03475,Ada ile odada gezin,True,True,-1.14907,1.99938,-2.82147,1.83628,0.27491,1.12881
3111,179.34193,0.03407,Ada ile odada gezin,True,True,-1.28778,2.15498,-3.01887,1.91486,0.28709,1.18033
3112,179.37497,0.03304,Ada ile odada gezin,True,True,-1.42994,2.31433,-3.22098,1.99534,0.29402,1.21045
3113,179.40798,0.03301,Ada ile odada gezin,True,True,-1.57043,2.47174,-3.42054,2.07486,0.29042,1.19680
3114,179.44143,0.03345,Ada ile odada gezin,True,True,-1.71897,2.63812,-3.63138,2.15891,0.30691,1.26546
3115,179.47547,0.03404,Ada ile odada gezin,True,True,-1.86901,2.80617,-3.84423,2.24380,0.30994,1.27899
3116,179.50719,0.03172,Ada ile odada gezin,True,True,-2.01124,2.96546,-4.04592,2.32427,0.29374,1.21239
3117,179.55668,0.04949,Yakından incele · sibling,True,True,-2.00337,2.95971,-4.04249,2.32078,0.01034,0.00000
3118,179.59136,0.03468,Yakından incele · sibling,True,True,-1.96338,2.93048,-4.02509,2.30305,0.05250,0.41307
3119,179.60880,0.01745,Yakından incele · sibling,True,True,-1.94087,2.91404,-4.01530,2.29307,0.02954,0.23070
3120,179.64193,0.03313,Yakından incele · sibling,True,True,-1.89049,2.87721,-3.99338,2.27074,0.06615,0.51889
3121,179.67506,0.03312,Yakından incele · sibling,True,True,-1.82636,2.83035,-3.96547,2.24231,0.08419,0.66086
3122,179.70894,0.03388,Yakından incele · sibling,True,True,-1.75260,2.77644,-3.93338,2.20962,0.09683,0.76207
3123,179.74364,0.03470,Yakından incele · sibling,True,True,-1.66550,2.71279,-3.89548,2.17101,0.11435,0.90222
3124,179.77636,0.03271,Yakından incele · sibling,True,True,-1.56989,2.64291,-3.85388,2.12863,0.12552,0.99149
3125,179.80831,0.03196,Yakından incele · sibling,True,True,-1.47111,2.57072,-3.81090,2.08484,0.12967,1.02564
3126,179.84194,0.03362,Yakından incele · sibling,True,True,-1.36325,2.49190,-3.76397,2.03703,0.14160,1.12186
3127,179.87508,0.03314,Yakından incele · sibling,True,True,-1.24515,2.40558,-3.71258,1.98468,0.15504,1.22970
3128,179.90816,0.03308,Yakından incele · sibling,True,True,-1.13011,2.32152,-3.66253,1.93369,0.15101,1.19876
3129,179.94266,0.03450,Yakından incele · sibling,True,True,-1.00184,2.22777,-3.60672,1.87683,0.16839,1.33821
3130,179.97632,0.03367,Yakından incele · sibling,True,True,-0.87098,2.13214,-3.54978,1.81882,0.17179,1.36599
3131,180.00816,0.03184,Yakından incele · sibling,True,True,-0.74946,2.04333,-3.49691,1.76495,0.15953,1.26916
3132,180.04207,0.03391,Yakından incele · sibling,True,True,-0.61908,1.94804,-3.44018,1.70716,0.17116,1.36255
3133,180.07531,0.03324,Yakından incele · sibling,True,True,-0.48793,1.85219,-3.38311,1.64902,0.17218,1.37000
3134,180.10901,0.03370,Yakından incele · sibling,True,True,-0.36349,1.76125,-3.32897,1.59386,0.16336,1.29903
3135,180.14278,0.03377,Yakından incele · sibling,True,True,-0.23324,1.66606,-3.27230,1.53613,0.17099,1.35910
3136,180.17464,0.03186,Yakından incele · sibling,True,True,-0.11521,1.57980,-3.22094,1.48381,0.15495,1.23033
3137,180.20763,0.03298,Yakından incele · sibling,True,True,0.00098,1.49489,-3.17039,1.43230,0.15253,1.21045
3138,180.24184,0.03421,Yakından incele · sibling,True,True,0.11336,1.41276,-3.12149,1.38249,0.14754,1.16968
3139,180.27603,0.03420,Yakından incele · sibling,True,True,0.22110,1.33402,-3.07461,1.33473,0.14143,1.11906
3140,180.30917,0.03314,Yakından incele · sibling,True,True,0.31953,1.26209,-3.03178,1.29110,0.12922,1.02105
3141,180.34317,0.03400,Yakından incele · sibling,True,True,0.40731,1.19794,-2.99359,1.25219,0.11524,0.90913
3142,180.37729,0.03412,Yakından incele · sibling,True,True,0.48995,1.13754,-2.95763,1.21556,0.10849,0.85409
3143,180.40993,0.03264,Yakından incele · sibling,True,True,0.55742,1.08823,-2.92828,1.18565,0.08857,0.69661
3144,180.44183,0.03189,Yakından incele · sibling,True,True,0.61387,1.04698,-2.90372,1.16063,0.07410,0.58148
3145,180.47543,0.03360,Yakından incele · sibling,True,True,0.65661,1.01574,-2.88511,1.14168,0.05612,0.44057
3146,180.51070,0.03528,Yakından incele · sibling,True,True,0.68932,0.99184,-2.87089,1.12718,0.04293,0.33804
3147,180.54174,0.03104,Yakından incele · sibling,True,True,0.70362,0.98139,-2.86466,1.12084,0.01877,0.00000
3148,180.57469,0.03295,Yakından incele · sibling,False,True,0.70552,0.98000,-2.86384,1.12000,0.00249,0.00000
3149,180.61074,0.03605,Yakından incele · sibling,False,True,0.70552,0.98000,-2.86384,1.12000,0.00000,0.00000
3150,180.64494,0.03420,Yakından incele · sibling,False,True,0.70552,0.98000,-2.86384,1.12000,0.00000,0.00000
3151,180.67794,0.03300,Yakından incele · sibling,False,True,0.70552,0.98000,-2.86384,1.12000,0.00000,0.00000
3152,180.70872,0.03078,Yakından incele · sibling,False,True,0.70552,0.98000,-2.86384,1.12000,0.00000,0.00000
3153,180.74211,0.03339,Yakından incele · sibling,False,True,0.70552,0.98000,-2.86384,1.12000,0.00000,0.00000
3154,180.77598,0.03387,Yakından incele · sibling,False,True,0.70552,0.98000,-2.86384,1.12000,0.00000,0.00000
3155,180.80895,0.03296,Yakından incele · sibling,False,True,0.70552,0.98000,-2.86384,1.12000,0.00000,0.00000
3156,180.84188,0.03294,Yakından incele · sibling,False,True,0.70552,0.98000,-2.86384,1.12000,0.00000,0.00000
3157,180.87618,0.03430,Yakından incele · sibling,False,True,0.70552,0.98000,-2.86384,1.12000,0.00000,0.00000
3158,180.90971,0.03353,Yakından incele · sibling,False,True,0.70552,0.98000,-2.86384,1.12000,0.00000,0.00000
3159,180.94241,0.03270,Yakından incele · sibling,False,True,0.70552,0.98000,-2.86384,1.12000,0.00000,0.00000
3160,180.97610,0.03369,Yakından incele · sibling,False,True,0.70552,0.98000,-2.86384,1.12000,0.00000,0.00000
3161,181.00904,0.03293,Yakından incele · sibling,False,True,0.70552,0.98000,-2.86384,1.12000,0.00000,0.00000
3162,181.04356,0.03452,Yakından incele · sibling,False,True,0.70552,0.98000,-2.86384,1.12000,0.00000,0.00000
3163,181.07643,0.03288,Yakından incele · sibling,False,True,0.70552,0.98000,-2.86384,1.12000,0.00000,0.00000
3164,181.10914,0.03271,Yakından incele · sibling,False,True,0.70552,0.98000,-2.86384,1.12000,0.00000,0.00000
3165,181.14235,0.03321,Yakından incele · sibling,False,True,0.70552,0.98000,-2.86384,1.12000,0.00000,0.00000
3166,181.17623,0.03388,Yakından incele · sibling,False,True,0.70552,0.98000,-2.86384,1.12000,0.00000,0.00000
3167,181.20933,0.03310,Yakından incele · sibling,False,True,0.70552,0.98000,-2.86384,1.12000,0.00000,0.00000
3168,181.24266,0.03333,Yakından incele · sibling,False,True,0.70552,0.98000,-2.86384,1.12000,0.00000,0.00000
3169,181.28992,0.04726,Yakından incele · sibling,False,True,0.70552,0.98000,-2.86384,1.12000,0.00000,0.00000
3170,181.30838,0.01846,Yakından incele · sibling,False,True,0.70552,0.98000,-2.86384,1.12000,0.00000,0.00000
3171,181.34198,0.03360,Yakından incele · sibling,False,True,0.70552,0.98000,-2.86384,1.12000,0.00000,0.00000
3172,181.37622,0.03425,Yakından incele · sibling,False,True,0.70552,0.98000,-2.86384,1.12000,0.00000,0.00000
3173,181.40937,0.03314,Yakından incele · sibling,False,True,0.70552,0.98000,-2.86384,1.12000,0.00000,0.00000
3174,181.44139,0.03202,Yakından incele · sibling,False,True,0.70552,0.98000,-2.86384,1.12000,0.00000,0.00000
3175,181.47490,0.03351,Yakından incele · sibling,False,True,0.70552,0.98000,-2.86384,1.12000,0.00000,0.00000
3176,181.50946,0.03456,Yakından incele · sibling,False,True,0.70552,0.98000,-2.86384,1.12000,0.00000,0.00000
3177,181.54381,0.03436,Yakından incele · sibling,False,True,0.70552,0.98000,-2.86384,1.12000,0.00000,0.00000
3178,181.57574,0.03192,Yakından incele · sibling,False,True,0.70552,0.98000,-2.86384,1.12000,0.00000,0.00000
3179,181.60928,0.03354,Yakından incele · sibling,False,True,0.70552,0.98000,-2.86384,1.12000,0.00000,0.00000
3180,181.64267,0.03339,Yakından incele · sibling,False,True,0.70552,0.98000,-2.86384,1.12000,0.00000,0.00000
3181,181.67568,0.03301,Yakından incele · sibling,False,True,0.70552,0.98000,-2.86384,1.12000,0.00000,0.00000
3182,181.70836,0.03268,Yakından incele · sibling,False,True,0.70552,0.98000,-2.86384,1.12000,0.00000,0.00000
3183,181.74162,0.03325,Yakından incele · sibling,False,True,0.70552,0.98000,-2.86384,1.12000,0.00000,0.00000
3184,181.77563,0.03401,Yakından incele · sibling,False,True,0.70552,0.98000,-2.86384,1.12000,0.00000,0.00000
3185,181.81024,0.03461,Yakından incele · sibling,False,True,0.70552,0.98000,-2.86384,1.12000,0.00000,0.00000
3186,181.84291,0.03266,Yakından incele · sibling,False,True,0.70552,0.98000,-2.86384,1.12000,0.00000,0.00000
3187,181.87586,0.03295,Yakından incele · sibling,False,True,0.70552,0.98000,-2.86384,1.12000,0.00000,0.00000
3188,181.92187,0.04602,Yakından incele · sibling,False,True,0.70552,0.98000,-2.86384,1.12000,0.00000,0.00000
3189,181.95630,0.03443,Yakından incele · sibling,False,True,0.70552,0.98000,-2.86384,1.12000,0.00000,0.00000
3190,181.98931,0.03301,Yakından incele · sibling,False,True,0.70552,0.98000,-2.86384,1.12000,0.00000,0.00000
3191,182.02437,0.03506,Yakından incele · sibling,False,True,0.70552,0.98000,-2.86384,1.12000,0.00000,0.00000
3192,182.05547,0.03110,Yakından incele · sibling,False,True,0.70552,0.98000,-2.86384,1.12000,0.00000,0.00000
3193,182.08699,0.03152,Yakından incele · sibling,False,True,0.70552,0.98000,-2.86384,1.12000,0.00000,0.00000
3194,182.12075,0.03376,Yakından incele · sibling,False,True,0.70552,0.98000,-2.86384,1.12000,0.00000,0.00000
3195,182.15500,0.03425,Yakından incele · sibling,False,True,0.70552,0.98000,-2.86384,1.12000,0.00000,0.00000
3196,182.18768,0.03269,Yakından incele · sibling,False,True,0.70552,0.98000,-2.86384,1.12000,0.00000,0.00000
3197,182.22053,0.03285,Yakından incele · sibling,False,True,0.70552,0.98000,-2.86384,1.12000,0.00000,0.00000
3198,182.25427,0.03373,Yakından incele · sibling,False,True,0.70552,0.98000,-2.86384,1.12000,0.00000,0.00000
3199,182.28726,0.03299,Yakından incele · sibling,False,True,0.70552,0.98000,-2.86384,1.12000,0.00000,0.00000
3200,182.32081,0.03356,Yakından incele · sibling,False,True,0.70552,0.98000,-2.86384,1.12000,0.00000,0.00000
3201,182.37518,0.05437,Ada ile odada gezin,True,True,0.69331,0.99052,-2.87317,1.12591,0.01862,0.00000
3202,182.40859,0.03341,Ada ile odada gezin,True,True,0.62456,1.04975,-2.92572,1.15921,0.10486,0.66558
3203,182.42793,0.01934,Ada ile odada gezin,True,True,0.58324,1.08535,-2.95730,1.17922,0.06302,0.39762
3204,182.45118,0.02325,Ada ile odada gezin,True,True,0.52829,1.13268,-2.99929,1.20583,0.08380,0.53229
3205,182.48475,0.03356,Ada ile odada gezin,True,True,0.43318,1.21463,-3.07199,1.25190,0.14507,0.92450
3206,182.51902,0.03427,Ada ile odada gezin,True,True,0.32159,1.31076,-3.15728,1.30594,0.17020,1.08569
3207,182.55247,0.03346,Ada ile odada gezin,True,True,0.19107,1.42322,-3.25704,1.36916,0.19909,1.27040
3208,182.58634,0.03387,Ada ile odada gezin,True,True,0.04837,1.54616,-3.36611,1.43827,0.21765,1.38929
3209,182.61876,0.03241,Ada ile odada gezin,True,True,-0.10016,1.67411,-3.47963,1.51020,0.22654,1.44615
3210,182.65266,0.03391,Ada ile odada gezin,True,True,-0.26474,1.81591,-3.60542,1.58991,0.25103,1.60226
3211,182.68646,0.03380,Ada ile odada gezin,True,True,-0.44060,1.96742,-3.73984,1.67509,0.26824,1.71139
3212,182.71930,0.03284,Ada ile odada gezin,True,True,-0.61877,2.12092,-3.87602,1.76138,0.27176,1.73365
3213,182.75228,0.03298,Ada ile odada gezin,True,True,-0.80489,2.28126,-4.01827,1.85152,0.28388,1.81137
3214,182.78521,0.03293,Ada ile odada gezin,True,True,-0.99307,2.44339,-4.16211,1.94266,0.28703,1.83157
3215,182.81904,0.03383,Ada ile odada gezin,True,True,-1.18664,2.61015,-4.31005,2.03641,0.29524,1.88423
3216,182.85333,0.03428,Ada ile odada gezin,True,True,-1.38346,2.77972,-4.46049,2.13173,0.30020,1.91595
3217,182.88687,0.03355,Ada ile odada gezin,True,True,-1.58147,2.95032,-4.61183,2.22764,0.30202,1.92736
3218,182.92004,0.03317,Ada ile odada gezin,True,True,-1.77082,3.11345,-4.75656,2.31934,0.28881,1.84307
3219,182.95383,0.03379,Ada ile odada gezin,True,True,-1.96184,3.27801,-4.90255,2.41185,0.29135,1.85914
3220,182.98702,0.03319,Ada ile odada gezin,True,True,-2.14497,3.43579,-5.04252,2.50055,0.27932,1.78219
3221,183.01979,0.03277,Ada ile odada gezin,True,True,-2.32174,3.58808,-5.17764,2.58616,0.26963,1.72006
3222,183.05249,0.03270,Ada ile odada gezin,True,True,-2.48799,3.73131,-5.30470,2.66668,0.25357,1.61782
3223,183.08722,0.03472,Ada ile odada gezin,True,True,-2.65175,3.87239,-5.42987,2.74599,0.24978,1.59344
3224,183.11999,0.03277,Ada ile odada gezin,True,True,-2.79594,3.99661,-5.54007,2.81583,0.21992,1.40274
3225,183.15278,0.03279,Ada ile odada gezin,True,True,-2.93119,4.11314,-5.64345,2.88133,0.20630,1.31639
3226,183.18603,0.03325,Ada ile odada gezin,True,True,-3.04902,4.21465,-5.73351,2.93840,0.17971,1.14602
3227,183.21994,0.03391,Ada ile odada gezin,True,True,-3.15512,4.30606,-5.81460,2.98978,0.16183,1.03172
3228,183.25312,0.03318,Ada ile odada gezin,True,True,-3.24186,4.38079,-5.88090,3.03180,0.13231,0.84395
3229,183.28589,0.03277,Ada ile odada gezin,True,True,-3.30865,4.43833,-5.93195,3.06414,0.10186,0.65011
3230,183.31900,0.03311,Ada ile odada gezin,True,True,-3.35498,4.47825,-5.96736,3.08658,0.07067,0.45111
3231,183.35242,0.03342,Ada ile odada gezin,True,True,-3.37928,4.49919,-5.98594,3.09835,0.03707,0.23070
3232,183.38606,0.03363,Ada ile odada gezin,False,True,-3.38269,4.50212,-5.98854,3.10000,0.00519,0.00000
3233,183.42257,0.03652,Ada ile odada gezin,False,True,-3.38269,4.50212,-5.98854,3.10000,0.00000,0.00000
3234,183.45310,0.03053,Ada ile odada gezin,False,True,-3.38269,4.50212,-5.98854,3.10000,0.00000,0.00000
3235,183.48579,0.03269,Ada ile odada gezin,False,True,-3.38269,4.50212,-5.98854,3.10000,0.00000,0.00000
3236,183.51917,0.03338,Ada ile odada gezin,False,True,-3.38269,4.50212,-5.98854,3.10000,0.00000,0.00000
3237,183.55253,0.03336,Ada ile odada gezin,False,True,-3.38269,4.50212,-5.98854,3.10000,0.00000,0.00000
3238,183.58669,0.03416,Ada ile odada gezin,False,True,-3.38269,4.50212,-5.98854,3.10000,0.00000,0.00000
3239,183.62216,0.03547,Ada ile odada gezin,False,True,-3.38269,4.50212,-5.98854,3.10000,0.00000,0.00000
3240,183.65284,0.03068,Ada ile odada gezin,False,True,-3.38269,4.50212,-5.98854,3.10000,0.00000,0.00000
3241,183.68528,0.03244,Ada ile odada gezin,False,True,-3.38269,4.50212,-5.98854,3.10000,0.00000,0.00000
3242,183.71866,0.03338,Ada ile odada gezin,False,True,-3.38269,4.50212,-5.98854,3.10000,0.00000,0.00000
3243,183.76602,0.04737,Ada ile odada gezin,False,True,-3.38269,4.50212,-5.98854,3.10000,0.00000,0.00000
3244,183.80289,0.03687,Ada ile odada gezin,False,True,-3.38269,4.50212,-5.98854,3.10000,0.00000,0.00000
3245,183.82037,0.01748,Ada ile odada gezin,False,True,-3.38374,4.50228,-5.98904,3.10000,0.00118,0.00000
3246,183.85338,0.03301,Ada ile odada gezin,False,True,-3.39024,4.50321,-5.99228,3.10000,0.00733,0.00000
3247,183.88647,0.03309,Ada ile odada gezin,False,True,-3.40146,4.50466,-5.99804,3.10000,0.01269,0.00000
3248,183.92042,0.03395,Ada ile odada gezin,False,True,-3.41945,4.50680,-6.00746,3.10000,0.02042,0.00000
3249,183.95351,0.03309,Ada ile odada gezin,False,True,-3.44337,4.50939,-6.02020,3.10000,0.02722,0.00000
3250,183.98687,0.03336,Ada ile odada gezin,False,True,-3.47392,4.51245,-6.03665,3.10000,0.03483,0.00000
3251,184.02111,0.03424,Ada ile odada gezin,False,True,-3.51050,4.51573,-6.05653,3.10000,0.04176,0.00000
3252,184.05637,0.03526,Ada ile odada gezin,False,True,-3.55247,4.51900,-6.07954,3.10000,0.04797,0.00000
3253,184.09075,0.03438,Ada ile odada gezin,False,True,-3.59726,4.52195,-6.10426,3.10000,0.05124,0.00000
3254,184.12236,0.03161,Ada ile odada gezin,False,True,-3.64156,4.52438,-6.12886,3.10000,0.05074,0.00000
3255,184.15408,0.03172,Ada ile odada gezin,False,True,-3.68342,4.52628,-6.15222,3.10000,0.04797,0.00000
3256,184.18830,0.03422,Ada ile odada gezin,False,True,-3.73307,4.52826,-6.18002,3.10000,0.05694,0.00000
3257,184.22225,0.03395,Ada ile odada gezin,False,True,-3.78056,4.52977,-6.20671,3.10000,0.05450,0.00000
3258,184.25553,0.03327,Ada ile odada gezin,False,True,-3.82757,4.53097,-6.23321,3.10000,0.05398,0.00000
3259,184.28947,0.03394,Ada ile odada gezin,False,True,-3.87734,4.53206,-6.26133,3.10000,0.05718,0.00000
3260,184.32342,0.03395,Ada ile odada gezin,False,True,-3.92551,4.53287,-6.28859,3.10000,0.05535,0.00000
3261,184.35716,0.03374,Ada ile odada gezin,False,True,-3.97611,4.53359,-6.31728,3.10000,0.05817,0.00000
3262,184.39253,0.03538,Ada ile odada gezin,False,True,-4.02280,4.53407,-6.34380,3.10000,0.05370,0.00000
3263,184.42569,0.03316,Ada ile odada gezin,False,True,-4.07772,4.53466,-6.37498,3.10000,0.06316,0.00000
3264,184.45488,0.02919,Ada ile odada gezin,False,True,-4.12009,4.53482,-6.39912,3.10000,0.04877,0.00000
3265,184.48710,0.03222,Ada ile odada gezin,False,True,-4.16874,4.53511,-6.42681,3.10000,0.05598,0.00000
3266,184.52011,0.03301,Ada ile odada gezin,False,True,-4.21650,4.53533,-6.45400,3.10000,0.05495,0.00000
3267,184.55401,0.03391,Ada ile odada gezin,False,True,-4.26681,4.53556,-6.48266,3.10000,0.05790,0.00000
3268,184.58649,0.03247,Ada ile odada gezin,False,True,-4.31579,4.53571,-6.51058,3.10000,0.05638,0.00000
3269,184.61999,0.03350,Ada ile odada gezin,False,True,-4.36368,4.53580,-6.53788,3.10000,0.05513,0.00000
3270,184.65539,0.03540,Ada ile odada gezin,False,True,-4.41632,4.53597,-6.56788,3.10000,0.06058,0.00000
3271,184.68742,0.03203,Ada ile odada gezin,False,True,-4.46381,4.53599,-6.59498,3.10000,0.05468,0.00000
3272,184.72000,0.03258,Ada ile odada gezin,False,True,-4.51243,4.53604,-6.62271,3.10000,0.05597,0.00000
3273,184.75308,0.03308,Ada ile odada gezin,False,True,-4.56102,4.53608,-6.65043,3.10000,0.05594,0.00000
3274,184.78592,0.03284,Ada ile odada gezin,False,True,-4.61027,4.53612,-6.67853,3.10000,0.05670,0.00000
3275,184.81983,0.03390,Ada ile odada gezin,False,True,-4.65879,4.53614,-6.70622,3.10000,0.05587,0.00000
3276,184.85320,0.03337,Ada ile odada gezin,False,True,-4.70994,4.53621,-6.73539,3.10000,0.05888,0.00000
3277,184.88620,0.03300,Ada ile odada gezin,False,True,-4.75705,4.53618,-6.76228,3.10000,0.05424,0.00000
3278,184.92095,0.03474,Ada ile odada gezin,False,True,-4.80790,4.53623,-6.79129,3.10000,0.05854,0.00000
3279,184.95426,0.03331,Ada ile odada gezin,False,True,-4.85768,4.53624,-6.81970,3.10000,0.05732,0.00000
3280,184.98645,0.03219,Ada ile odada gezin,False,True,-4.90643,4.53623,-6.84752,3.10000,0.05613,0.00000
3281,185.01917,0.03272,Ada ile odada gezin,False,True,-4.95412,4.53621,-6.87474,3.10000,0.05491,0.00000
3282,185.05339,0.03422,Ada ile odada gezin,False,True,-5.00384,4.53624,-6.90311,3.10000,0.05725,0.00000
3283,185.08768,0.03429,Ada ile odada gezin,False,True,-5.05433,4.53627,-6.93192,3.10000,0.05813,0.00000
3284,185.12043,0.03275,Ada ile odada gezin,False,True,-5.10336,4.53626,-6.95991,3.10000,0.05646,0.00000
3285,185.15369,0.03327,Ada ile odada gezin,False,True,-5.15190,4.53624,-6.98761,3.10000,0.05589,0.00000
3286,185.18824,0.03454,Ada ile odada gezin,False,True,-5.20367,4.53629,-7.01715,3.10000,0.05960,0.00000
3287,185.23037,0.04213,Ada ile odada gezin,False,True,-5.26823,4.53654,-7.05393,3.10000,0.07431,0.00000
3288,185.26328,0.03291,Ada ile odada gezin,False,True,-5.31630,4.53631,-7.08109,3.10000,0.05522,0.00000
3289,185.29988,0.03661,Ada ile odada gezin,False,True,-5.36474,4.53618,-7.10835,3.10000,0.05558,0.00000
3290,185.33327,0.03339,Ada ile odada gezin,False,True,-5.41949,4.53619,-7.13906,3.10000,0.06277,0.00000
3291,185.36397,0.03070,Ada ile odada gezin,False,True,-5.46277,4.53603,-7.16352,3.10000,0.04971,0.00000
3292,185.39764,0.03367,Ada ile odada gezin,False,True,-5.51319,4.53605,-7.19189,3.10000,0.05785,0.00000
3293,185.43141,0.03376,Ada ile odada gezin,False,True,-5.56204,4.53604,-7.21935,3.10000,0.05604,0.00000
3294,185.46542,0.03401,Ada ile odada gezin,False,True,-5.61206,4.53605,-7.24744,3.10000,0.05737,0.00000
3295,185.49821,0.03279,Ada ile odada gezin,False,True,-5.66182,4.53606,-7.27538,3.10000,0.05707,0.00000
3296,185.53073,0.03252,Ada ile odada gezin,False,True,-5.70958,4.53603,-7.30220,3.10000,0.05477,0.00000
3297,185.56442,0.03369,Ada ile odada gezin,False,True,-5.75911,4.53605,-7.33003,3.10000,0.05682,0.00000
3298,185.59812,0.03370,Ada ile odada gezin,False,True,-5.80876,4.53608,-7.35813,3.10000,0.05705,0.00000
3299,185.63075,0.03263,Ada ile odada gezin,False,True,-5.85820,4.53610,-7.38609,3.10000,0.05680,0.00000
3300,185.73176,0.10101,Ada ile odada gezin,False,True,-5.90865,4.53613,-7.41459,3.10000,0.05795,0.00000
3301,185.76517,0.03341,Ada ile odada gezin,False,True,-6.08040,4.53797,-7.51238,3.10000,0.19764,0.00000
3302,185.77558,0.01041,Ada ile odada gezin,False,True,-6.09151,4.53713,-7.51895,3.10000,0.01293,0.00000
3303,185.79773,0.02215,Ada ile odada gezin,False,True,-6.11799,4.53606,-7.53432,3.10000,0.03064,0.00000
3304,185.83095,0.03322,Ada ile odada gezin,False,True,-6.16297,4.53543,-7.56006,3.10000,0.05183,0.00000
3305,185.86449,0.03354,Ada ile odada gezin,False,True,-6.20884,4.53513,-7.58619,3.10000,0.05278,0.00000
3306,185.89806,0.03356,Ada ile odada gezin,False,True,-6.25664,4.53506,-7.61337,3.10000,0.05499,0.00000
3307,185.93053,0.03247,Ada ile odada gezin,False,True,-6.30406,4.53508,-7.64033,3.10000,0.05455,0.00000
3308,185.96366,0.03313,Ada ile odada gezin,False,True,-6.35117,4.53515,-7.66715,3.10000,0.05421,0.00000
3309,185.99666,0.03300,Ada ile odada gezin,False,True,-6.40024,4.53530,-7.69514,3.10000,0.05649,0.00000
3310,186.03014,0.03348,Ada ile odada gezin,False,True,-6.44779,4.53541,-7.72234,3.10000,0.05477,0.00000
3311,186.06426,0.03412,Ada ile odada gezin,False,True,-6.49792,4.53559,-7.75132,3.10000,0.05791,0.00000
3312,186.09689,0.03262,Ada ile odada gezin,False,True,-6.54631,4.53571,-7.77937,3.10000,0.05594,0.00000
3313,186.12935,0.03246,Ada ile odada gezin,False,True,-6.59414,4.53581,-7.80717,3.10000,0.05531,0.00000
3314,186.16304,0.03370,Ada ile odada gezin,False,True,-6.64237,4.53592,-7.83536,3.10000,0.05587,0.00000
3315,186.19742,0.03437,Ada ile odada gezin,False,True,-6.69231,4.53606,-7.86499,3.10000,0.05807,0.00000
3316,186.23083,0.03341,Ada ile odada gezin,False,True,-6.73805,4.53593,-7.89424,3.10000,0.05430,0.00000
3317,186.26485,0.03402,Ada ile odada gezin,False,True,-6.78030,4.53547,-7.92497,3.10000,0.05224,0.00000
3318,186.29776,0.03291,Ada ile odada gezin,False,True,-6.81335,4.53472,-7.95386,3.10000,0.04390,0.00000
3319,186.33130,0.03353,Ada ile odada gezin,False,True,-6.84485,4.53388,-7.98667,3.10000,0.04549,0.00000
3320,186.36433,0.03303,Ada ile odada gezin,False,True,-6.87119,4.53306,-8.01801,3.10000,0.04095,0.00000
3321,186.39810,0.03377,Ada ile odada gezin,False,True,-6.89652,4.53224,-8.05122,3.10000,0.04178,0.00000
3322,186.43102,0.03293,Ada ile odada gezin,False,True,-6.91890,4.53128,-8.08256,3.10000,0.03852,0.00000
3323,186.46372,0.03270,Ada ile odada gezin,False,True,-6.93961,4.53033,-8.11309,3.10000,0.03690,0.00000
3324,186.49730,0.03358,Ada ile odada gezin,False,True,-6.95924,4.52944,-8.14318,3.10000,0.03594,0.00000
3325,186.53059,0.03329,Ada ile odada gezin,False,True,-6.97866,4.52863,-8.17386,3.10000,0.03632,0.00000
3326,186.56363,0.03304,Ada ile odada gezin,False,True,-6.99651,4.52795,-8.20332,3.10000,0.03445,0.00000
3327,186.59696,0.03333,Ada ile odada gezin,False,True,-7.01403,4.52727,-8.23314,3.10000,0.03459,0.00000
3328,186.63049,0.03354,Ada ile odada gezin,False,True,-7.03046,4.52661,-8.26174,3.10000,0.03299,0.00000
3329,186.66380,0.03330,Ada ile odada gezin,False,True,-7.04673,4.52597,-8.29050,3.10000,0.03305,0.00000
3330,186.69706,0.03327,Ada ile odada gezin,False,True,-7.06195,4.52531,-8.31732,3.10000,0.03085,0.00000
3331,186.73110,0.03404,Ada ile odada gezin,False,True,-7.07733,4.52461,-8.34408,3.10000,0.03087,0.00000
3332,186.76548,0.03438,Ada ile odada gezin,False,True,-7.09236,4.52388,-8.37000,3.10000,0.02997,0.00000
3333,186.80348,0.03800,Ada ile odada gezin,False,True,-7.10643,4.52312,-8.39376,3.10000,0.02763,0.00000
3334,186.83689,0.03341,Ada ile odada gezin,False,True,-7.12181,4.52232,-8.41974,3.10000,0.03020,0.00000
3335,186.86877,0.03189,Ada ile odada gezin,False,True,-7.13312,4.52162,-8.43895,3.10000,0.02231,0.00000
3336,186.90028,0.03150,Ada ile odada gezin,False,True,-7.14598,4.52092,-8.46120,3.10000,0.02571,0.00000
3337,186.93058,0.03030,Ada ile odada gezin,False,True,-7.15659,4.52031,-8.47985,3.10000,0.02146,0.00000
3338,186.96427,0.03369,Ada ile odada gezin,False,True,-7.16811,4.51975,-8.50050,3.10000,0.02366,0.00000
3339,186.99802,0.03375,Ada ile odada gezin,False,True,-7.17947,4.51927,-8.52128,3.10000,0.02368,0.00000
3340,187.03109,0.03308,Ada ile odada gezin,False,True,-7.19029,4.51885,-8.54157,3.10000,0.02300,0.00000
3341,187.06437,0.03328,Ada ile odada gezin,False,True,-7.20067,4.51850,-8.56162,3.10000,0.02258,0.00000
3342,187.09811,0.03373,Ada ile odada gezin,False,True,-7.21089,4.51820,-8.58230,3.10000,0.02308,0.00000
3343,187.13035,0.03224,Ada ile odada gezin,False,True,-7.22065,4.51828,-8.60536,3.10000,0.02504,0.00000
3344,187.16379,0.03344,Ada ile odada gezin,False,True,-7.22894,4.51876,-8.63190,3.10000,0.02781,0.00000
3345,187.19818,0.03439,Ada ile odada gezin,False,True,-7.23569,4.51974,-8.66633,3.10000,0.03510,0.00000
3346,187.23032,0.03214,Ada ile odada gezin,False,True,-7.23922,4.52095,-8.70534,3.10000,0.03919,0.00000
3347,187.26332,0.03300,Ada ile odada gezin,False,True,-7.23965,4.52222,-8.74831,3.10000,0.04299,0.00000
3348,187.29852,0.03520,Ada ile odada gezin,False,True,-7.23731,4.52359,-8.79929,3.10000,0.05105,0.00000
3349,187.33091,0.03240,Ada ile odada gezin,False,True,-7.23339,4.52464,-8.84812,3.10000,0.04900,0.00000
3350,187.36537,0.03446,Ada ile odada gezin,False,True,-7.22766,4.52558,-8.90070,3.10000,0.05289,0.00000
3351,187.39795,0.03258,Ada ile odada gezin,False,True,-7.22060,4.52637,-8.95550,3.10000,0.05526,0.00000
3352,187.43050,0.03255,Ada ile odada gezin,False,True,-7.21341,4.52692,-9.00659,3.10000,0.05160,0.00000
3353,187.46522,0.03472,Ada ile odada gezin,False,True,-7.20500,4.52746,-9.06283,3.10000,0.05687,0.00000
3354,187.49832,0.03310,Ada ile odada gezin,False,True,-7.19635,4.52787,-9.11866,3.10000,0.05650,0.00000
3355,187.53116,0.03284,Ada ile odada gezin,False,True,-7.18779,4.52817,-9.17273,3.10000,0.05474,0.00000
3356,187.56473,0.03357,Ada ile odada gezin,False,True,-7.17879,4.52844,-9.22869,3.10000,0.05668,0.00000
3357,187.59748,0.03275,Ada ile odada gezin,False,True,-7.16983,4.52864,-9.28393,3.10000,0.05597,0.00000
3358,187.63055,0.03307,Ada ile odada gezin,False,True,-7.16086,4.52880,-9.33889,3.10000,0.05568,0.00000
3359,187.66495,0.03440,Ada ile odada gezin,False,True,-7.15170,4.52894,-9.39475,3.10000,0.05661,0.00000
3360,187.69768,0.03273,Ada ile odada gezin,False,True,-7.14587,4.52713,-9.43463,3.10000,0.04035,0.00000
3361,187.72926,0.03158,Ada ile odada gezin,False,True,-7.14262,4.52465,-9.46020,3.10000,0.02590,0.00000
3362,187.76372,0.03446,Ada ile odada gezin,False,True,-7.14060,4.52175,-9.47923,3.10000,0.01935,0.00000
3363,187.79884,0.03512,Ada ile odada gezin,False,True,-7.13944,4.51869,-9.49330,3.10000,0.01445,0.00000
3364,187.83074,0.03191,Ada ile odada gezin,False,True,-7.13894,4.51613,-9.50221,3.10000,0.00928,0.00000
3365,187.86453,0.03379,Ada ile odada gezin,False,True,-7.13875,4.51377,-9.50880,3.10000,0.00700,0.00000
3366,187.89742,0.03289,Ada ile odada gezin,False,True,-7.13875,4.51167,-9.51358,3.10000,0.00522,0.00000
3367,187.93030,0.03289,Ada ile odada gezin,False,True,-7.13885,4.50998,-9.51681,3.10000,0.00364,0.00000
3368,187.96382,0.03351,Ada ile odada gezin,False,True,-7.13900,4.50848,-9.51927,3.10000,0.00289,0.00000
3369,187.99769,0.03388,Ada ile odada gezin,False,True,-7.13917,4.50728,-9.52098,3.10000,0.00210,0.00000
3370,188.03154,0.03385,Ada ile odada gezin,False,True,-7.13934,4.50625,-9.52227,3.10000,0.00166,0.00000
3371,188.06400,0.03246,Ada ile odada gezin,False,True,-7.13949,4.50545,-9.52317,3.10000,0.00121,0.00000
3372,188.09801,0.03401,Ada ile odada gezin,False,True,-7.13963,4.50479,-9.52383,3.10000,0.00095,0.00000
3373,188.13111,0.03310,Ada ile odada gezin,False,True,-7.13975,4.50425,-9.52433,3.10000,0.00075,0.00000
3374,188.16305,0.03194,Ada ile odada gezin,False,True,-7.13985,4.50383,-9.52469,3.10000,0.00056,0.00000
3375,188.19652,0.03348,Ada ile odada gezin,False,True,-7.13993,4.50349,-9.52496,3.10000,0.00044,0.00000
3376,188.22986,0.03334,Ada ile odada gezin,False,True,-7.14001,4.50320,-9.52517,3.10000,0.00036,0.00000
3377,188.26494,0.03508,Ada ile odada gezin,False,True,-7.14006,4.50298,-9.52532,3.10000,0.00027,0.00000
3378,188.30112,0.03619,Yakından incele · aftershock,True,True,-7.12667,4.49840,-9.50874,3.09286,0.02180,0.00000
3379,188.32731,0.02618,Yakından incele · aftershock,True,True,-7.10402,4.49097,-9.48044,3.08083,0.03700,0.17246
3380,188.36049,0.03318,Yakından incele · aftershock,True,True,-7.05983,4.47649,-9.42524,3.05735,0.07218,0.33804
3381,188.39974,0.03925,Yakından incele · aftershock,True,True,-6.99445,4.45234,-9.34355,3.02261,0.10738,0.50046
3382,188.43369,0.03395,Yakından incele · aftershock,True,True,-6.91878,4.42612,-9.24901,2.98240,0.12390,0.58013
3383,188.46694,0.03325,Yakından incele · aftershock,True,True,-6.82867,4.39156,-9.13958,2.93449,0.14591,0.69323
3384,188.49917,0.03223,Yakından incele · aftershock,True,True,-6.73006,4.35119,-9.02163,2.88212,0.15896,0.75898
3385,188.54483,0.04566,Yakından incele · aftershock,True,True,-6.57550,4.28633,-8.83728,2.80018,0.24915,1.18892
3386,188.57817,0.03334,Yakından incele · aftershock,True,True,-6.44979,4.22345,-8.69309,2.73403,0.20136,0.96184
3387,188.61161,0.03343,Yakından incele · aftershock,True,True,-6.31753,4.15569,-8.54101,2.66456,0.21264,1.01103
3388,188.64444,0.03283,Yakından incele · aftershock,True,True,-6.17733,4.07904,-8.38136,2.59114,0.22587,1.06898
3389,188.67734,0.03290,Yakından incele · aftershock,True,True,-6.03324,3.99455,-8.21911,2.51598,0.23286,1.09574
3390,188.71037,0.03303,Yakından incele · aftershock,True,True,-5.88496,3.92329,-8.04540,2.43790,0.23925,1.13917
3391,188.74398,0.03361,Yakından incele · aftershock,True,True,-5.73497,3.85404,-7.86853,2.35879,0.24202,1.15486
3392,188.77785,0.03387,Yakından incele · aftershock,True,True,-5.57863,3.78185,-7.68417,2.27631,0.25228,1.20397
3393,188.81219,0.03434,Yakından incele · aftershock,True,True,-5.42107,3.70910,-7.49836,2.19320,0.25425,1.21368
3394,188.84468,0.03249,Yakından incele · aftershock,True,True,-5.27352,3.64098,-7.32437,2.11537,0.23808,1.13573
3395,188.87787,0.03319,Yakından incele · aftershock,True,True,-5.12148,3.57078,-7.14508,2.03516,0.24534,1.17034
3396,188.91070,0.03283,Yakından incele · aftershock,True,True,-4.97730,3.50421,-6.97506,1.95911,0.23265,1.10923
3397,188.94438,0.03368,Yakından incele · aftershock,True,True,-4.83372,3.43792,-6.80574,1.88337,0.23168,1.10286
3398,188.97741,0.03303,Yakından incele · aftershock,True,True,-4.69613,3.37439,-6.64349,1.81079,0.22203,1.05646
3399,189.01088,0.03347,Yakından incele · aftershock,True,True,-4.56788,3.31517,-6.49225,1.74313,0.20695,0.98436
3400,189.04442,0.03354,Yakından incele · aftershock,True,True,-4.44423,3.25809,-6.34644,1.67791,0.19951,0.94791
3401,189.07798,0.03356,Yakından incele · aftershock,True,True,-4.33271,3.20659,-6.21493,1.61908,0.17996,0.85317
3402,189.11180,0.03382,Yakından incele · aftershock,True,True,-4.23072,3.15950,-6.09465,1.56528,0.16458,0.77833
3403,189.14504,0.03324,Yakından incele · aftershock,True,True,-4.14065,3.11791,-5.98844,1.51776,0.14534,0.68642
3404,189.17793,0.03289,Yakından incele · aftershock,True,True,-4.06533,3.08314,-5.89962,1.47804,0.12153,0.57335
3405,189.21127,0.03334,Yakından incele · aftershock,True,True,-4.00375,3.05471,-5.82700,1.44555,0.09937,0.46814
3406,189.24508,0.03381,Yakından incele · aftershock,True,True,-3.95756,3.03338,-5.77253,1.42118,0.07454,0.34718
3407,189.27744,0.03237,Yakından incele · aftershock,True,True,-3.92835,3.01990,-5.73809,1.40578,0.04712,0.22029
3408,189.31132,0.03387,Yakından incele · aftershock,True,True,-3.91751,3.01489,-5.72530,1.40006,0.01751,0.00000
3409,189.34693,0.03561,Yakından incele · aftershock,False,True,-3.91740,3.01484,-5.72518,1.40000,0.00017,0.00000
3410,189.37840,0.03147,Yakından incele · aftershock,False,True,-3.91740,3.01484,-5.72518,1.40000,0.00000,0.00000
3411,189.41630,0.03790,Yakından incele · aftershock,False,True,-3.91740,3.01484,-5.72518,1.40000,0.00000,0.00000
3412,189.46267,0.04637,Yakından incele · aftershock,False,True,-3.91740,3.01484,-5.72518,1.40000,0.00000,0.00000
3413,189.47724,0.01458,Yakından incele · aftershock,False,True,-3.91740,3.01484,-5.72518,1.40000,0.00000,0.00000
3414,189.51056,0.03331,Yakından incele · aftershock,False,True,-3.91740,3.01484,-5.72518,1.40000,0.00000,0.00000
3415,189.54390,0.03334,Yakından incele · aftershock,False,True,-3.91740,3.01484,-5.72518,1.40000,0.00000,0.00000
3416,189.57771,0.03380,Yakından incele · aftershock,False,True,-3.91740,3.01484,-5.72518,1.40000,0.00000,0.00000
3417,189.61132,0.03362,Yakından incele · aftershock,False,True,-3.91740,3.01484,-5.72518,1.40000,0.00000,0.00000
3418,189.64424,0.03291,Yakından incele · aftershock,False,True,-3.91740,3.01484,-5.72518,1.40000,0.00000,0.00000
3419,189.67748,0.03325,Yakından incele · aftershock,False,True,-3.91740,3.01484,-5.72518,1.40000,0.00000,0.00000
3420,189.71086,0.03338,Yakından incele · aftershock,False,True,-3.91740,3.01484,-5.72518,1.40000,0.00000,0.00000
3421,189.74410,0.03324,Yakından incele · aftershock,False,True,-3.91740,3.01484,-5.72518,1.40000,0.00000,0.00000
3422,189.77758,0.03348,Yakından incele · aftershock,False,True,-3.91740,3.01484,-5.72518,1.40000,0.00000,0.00000
3423,189.81092,0.03334,Yakından incele · aftershock,False,True,-3.91740,3.01484,-5.72518,1.40000,0.00000,0.00000
3424,189.84442,0.03350,Yakından incele · aftershock,False,True,-3.91740,3.01484,-5.72518,1.40000,0.00000,0.00000
3425,189.88020,0.03579,Yakından incele · aftershock,False,True,-3.91740,3.01484,-5.72518,1.40000,0.00000,0.00000
3426,189.91148,0.03128,Yakından incele · aftershock,False,True,-3.91740,3.01484,-5.72518,1.40000,0.00000,0.00000
3427,189.94365,0.03217,Yakından incele · aftershock,False,True,-3.91740,3.01484,-5.72518,1.40000,0.00000,0.00000
3428,189.97727,0.03362,Yakından incele · aftershock,False,True,-3.91740,3.01484,-5.72518,1.40000,0.00000,0.00000
3429,190.01459,0.03732,Yakından incele · aftershock,False,True,-3.91740,3.01484,-5.72518,1.40000,0.00000,0.00000
3430,190.04733,0.03274,Yakından incele · aftershock,False,True,-3.91740,3.01484,-5.72518,1.40000,0.00000,0.00000
3431,190.07794,0.03061,Yakından incele · aftershock,False,True,-3.91740,3.01484,-5.72518,1.40000,0.00000,0.00000
3432,190.11161,0.03367,Yakından incele · aftershock,False,True,-3.91740,3.01484,-5.72518,1.40000,0.00000,0.00000
3433,190.14540,0.03379,Yakından incele · aftershock,False,True,-3.91740,3.01484,-5.72518,1.40000,0.00000,0.00000
3434,190.17801,0.03262,Yakından incele · aftershock,False,True,-3.91740,3.01484,-5.72518,1.40000,0.00000,0.00000
3435,190.21006,0.03205,Yakından incele · aftershock,False,True,-3.91740,3.01484,-5.72518,1.40000,0.00000,0.00000
3436,190.24313,0.03307,Yakından incele · aftershock,False,True,-3.91740,3.01484,-5.72518,1.40000,0.00000,0.00000
3437,190.27704,0.03390,Yakından incele · aftershock,False,True,-3.91740,3.01484,-5.72518,1.40000,0.00000,0.00000
3438,190.31117,0.03413,Yakından incele · aftershock,False,True,-3.91740,3.01484,-5.72518,1.40000,0.00000,0.00000
3439,190.34471,0.03354,Yakından incele · aftershock,False,True,-3.91740,3.01484,-5.72518,1.40000,0.00000,0.00000
3440,190.37782,0.03311,Yakından incele · aftershock,False,True,-3.91740,3.01484,-5.72518,1.40000,0.00000,0.00000
3441,190.41238,0.03456,Yakından incele · aftershock,False,True,-3.91740,3.01484,-5.72518,1.40000,0.00000,0.00000
3442,190.44485,0.03247,Yakından incele · aftershock,False,True,-3.91740,3.01484,-5.72518,1.40000,0.00000,0.00000
3443,190.47792,0.03308,Yakından incele · aftershock,False,True,-3.91740,3.01484,-5.72518,1.40000,0.00000,0.00000
3444,190.51098,0.03305,Yakından incele · aftershock,False,True,-3.91740,3.01484,-5.72518,1.40000,0.00000,0.00000
3445,190.54472,0.03374,Yakından incele · aftershock,False,True,-3.91740,3.01484,-5.72518,1.40000,0.00000,0.00000
3446,190.57787,0.03315,Yakından incele · aftershock,False,True,-3.91740,3.01484,-5.72518,1.40000,0.00000,0.00000
3447,190.61131,0.03343,Yakından incele · aftershock,False,True,-3.91740,3.01484,-5.72518,1.40000,0.00000,0.00000
3448,190.64513,0.03382,Yakından incele · aftershock,False,True,-3.91740,3.01484,-5.72518,1.40000,0.00000,0.00000
3449,190.68072,0.03559,Yakından incele · aftershock,False,True,-3.91740,3.01484,-5.72518,1.40000,0.00000,0.00000
3450,190.72442,0.04370,Yakından incele · aftershock,False,True,-3.91740,3.01484,-5.72518,1.40000,0.00000,0.00000
3451,190.75558,0.03116,Yakından incele · aftershock,False,True,-3.91740,3.01484,-5.72518,1.40000,0.00000,0.00000
3452,190.78025,0.02467,Yakından incele · aftershock,False,True,-3.91740,3.01484,-5.72518,1.40000,0.00000,0.00000
3453,190.81253,0.03228,Yakından incele · aftershock,False,True,-3.91740,3.01484,-5.72518,1.40000,0.00000,0.00000
3454,190.85133,0.03879,Yakından incele · aftershock,False,True,-3.91740,3.01484,-5.72518,1.40000,0.00000,0.00000
3455,190.90740,0.05607,Yakından incele · aftershock,False,True,-3.91740,3.01484,-5.72518,1.40000,0.00000,0.00000
3456,190.94247,0.03507,Ada ile odada gezin,True,True,-3.94290,3.02661,-5.75525,1.41345,0.04115,0.19782
3457,190.95671,0.01423,Ada ile odada gezin,True,True,-3.95695,3.03309,-5.77183,1.42086,0.02267,0.00000
3458,190.98270,0.02599,Ada ile odada gezin,True,True,-3.99342,3.04995,-5.81501,1.44012,0.05899,0.27695
3459,191.01235,0.02965,Ada ile odada gezin,True,True,-4.04930,3.07588,-5.88169,1.46969,0.09077,0.42612
3460,191.04274,0.03039,Ada ile odada gezin,True,True,-4.11578,3.10688,-5.96196,1.50499,0.10874,0.50976
3461,191.07587,0.03312,Ada ile odada gezin,True,True,-4.19932,3.14615,-6.06465,1.54956,0.13809,0.64528
3462,191.10953,0.03366,Ada ile odada gezin,True,True,-4.29526,3.19170,-6.18542,1.60109,0.16082,0.74651
3463,191.14297,0.03344,Ada ile odada gezin,True,True,-4.40307,3.24350,-6.32508,1.65946,0.18388,0.84765
3464,191.17588,0.03291,Ada ile odada gezin,True,True,-4.51584,3.29832,-6.47546,1.72103,0.19580,0.89437
3465,191.20893,0.03306,Ada ile odada gezin,True,True,-4.63810,3.35846,-6.64350,1.78835,0.21634,0.97878
3466,191.24303,0.03409,Ada ile odada gezin,True,True,-4.76535,3.42176,-6.82378,1.85904,0.22956,1.02869
3467,191.27680,0.03377,Ada ile odada gezin,True,True,-4.90146,3.49027,-7.02282,1.93537,0.25067,1.11205
3468,191.31000,0.03320,Ada ile odada gezin,True,True,-5.03627,3.55888,-7.22605,2.01166,0.25334,1.11275
3469,191.34251,0.03251,Ada ile odada gezin,True,True,-5.17391,3.62973,-7.44015,2.09031,0.26421,1.14806
3470,191.37599,0.03348,Ada ile odada gezin,True,True,-5.31042,3.70079,-7.65919,2.16906,0.26770,1.15011
3471,191.40940,0.03341,Ada ile odada gezin,True,True,-5.45184,3.77532,-7.89377,2.25152,0.28387,1.20397
3472,191.44394,0.03454,Ada ile odada gezin,True,True,-5.59287,3.85060,-8.13583,2.33467,0.29008,1.21433
3473,191.47638,0.03244,Ada ile odada gezin,True,True,-5.72235,3.92053,-8.36529,2.41182,0.27259,1.12673
3474,191.50991,0.03353,Ada ile odada gezin,True,True,-5.85437,3.99288,-8.60801,2.49148,0.28562,1.16229
3475,191.54363,0.03372,Ada ile odada gezin,True,True,-5.97994,4.06269,-8.84756,2.56822,0.27933,1.11906
3476,191.57806,0.03443,Ada ile odada gezin,True,True,-6.10209,4.13174,-9.09034,2.64397,0.28041,1.10357
3477,191.61206,0.03400,Ada ile odada gezin,True,True,-6.21612,4.19737,-9.32700,2.71582,0.27077,1.04529
3478,191.64563,0.03357,Ada ile odada gezin,True,True,-6.32143,4.25923,-9.55623,2.78339,0.25974,0.98277
3479,191.67709,0.03146,Ada ile odada gezin,True,True,-6.41544,4.31576,-9.77175,2.84492,0.24183,0.89437
3480,191.70934,0.03225,Ada ile odada gezin,True,True,-6.49661,4.36589,-9.96889,2.89929,0.21901,0.78832
3481,191.74488,0.03554,Ada ile odada gezin,True,True,-6.57338,4.41522,-10.17067,2.95246,0.22145,0.77024
3482,191.77994,0.03506,Ada ile odada gezin,True,True,-6.63768,4.45860,-10.35692,2.99894,0.20176,0.67260
3483,191.81422,0.03429,Ada ile odada gezin,True,True,-6.68565,4.49316,-10.51442,3.03570,0.16823,0.53082
3484,191.86220,0.04797,Ada ile odada gezin,True,True,-6.72924,4.53096,-10.70794,3.07486,0.20194,0.56510
3485,191.89305,0.03085,Ada ile odada gezin,True,True,-6.74316,4.54803,-10.81350,3.09226,0.10783,0.25023
3486,191.92813,0.03508,Ada ile odada gezin,True,True,-6.74148,4.55573,-10.88332,3.09947,0.07026,0.00000
3487,191.96210,0.03397,Ada ile odada gezin,False,True,-6.72401,4.55803,-10.94905,3.10000,0.06805,0.00000
3488,191.99236,0.03026,Ada ile odada gezin,False,True,-6.71236,4.55898,-10.99004,3.10000,0.04262,0.00000
3489,192.02600,0.03364,Ada ile odada gezin,False,True,-6.69548,4.56066,-11.04899,3.10000,0.06135,0.00000
3490,192.05646,0.03046,Ada ile odada gezin,False,True,-6.68086,4.55530,-11.09663,3.10000,0.05012,0.00000
3491,192.08946,0.03301,Ada ile odada gezin,False,True,-6.66417,4.54198,-11.14808,3.10000,0.05570,0.00000
3492,192.12280,0.03334,Ada ile odada gezin,False,True,-6.64726,4.52293,-11.19917,3.10000,0.05709,0.00000
3493,192.15554,0.03274,Ada ile odada gezin,False,True,-6.63042,4.49962,-11.25002,3.10000,0.05842,0.00000
3494,192.18854,0.03300,Ada ile odada gezin,False,True,-6.61378,4.47316,-11.30070,3.10000,0.05955,0.00000
3495,192.22211,0.03357,Ada ile odada gezin,False,True,-6.59701,4.44458,-11.35295,3.10000,0.06187,0.00000
3496,192.25562,0.03351,Ada ile odada gezin,False,True,-6.58070,4.41651,-11.40571,3.10000,0.06195,0.00000
3497,192.28902,0.03340,Ada ile odada gezin,False,True,-6.56453,4.38854,-11.45932,3.10000,0.06259,0.00000
3498,192.32160,0.03258,Ada ile odada gezin,False,True,-6.54892,4.36140,-11.51196,3.10000,0.06125,0.00000
3499,192.35553,0.03393,Ada ile odada gezin,False,True,-6.53333,4.33424,-11.56514,3.10000,0.06172,0.00000
3500,192.38946,0.03392,Ada ile odada gezin,False,True,-6.51714,4.30609,-11.62071,3.10000,0.06436,0.00000
3501,192.42230,0.03285,Ada ile odada gezin,False,True,-6.50193,4.27947,-11.67335,3.10000,0.06092,0.00000
3502,192.45587,0.03357,Ada ile odada gezin,False,True,-6.48596,4.25163,-11.72869,3.10000,0.06398,0.00000
3503,192.48925,0.03338,Ada ile odada gezin,False,True,-6.47026,4.22420,-11.78327,3.10000,0.06307,0.00000
3504,192.52155,0.03230,Ada ile odada gezin,False,True,-6.45527,4.19731,-11.83514,3.10000,0.06032,0.00000
3505,192.55523,0.03368,Ada ile odada gezin,False,True,-6.43942,4.16813,-11.88949,3.10000,0.06369,0.00000
3506,192.58890,0.03366,Ada ile odada gezin,False,True,-6.42371,4.14022,-11.94441,3.10000,0.06358,0.00000
3507,192.62153,0.03264,Ada ile odada gezin,False,True,-6.40888,4.11906,-11.99975,3.10000,0.06108,0.00000
3508,192.65564,0.03411,Ada ile odada gezin,False,True,-6.39469,4.10307,-12.05437,3.10000,0.05865,0.00000
3509,192.68926,0.03362,Ada ile odada gezin,False,True,-6.37954,4.09003,-12.11318,3.10000,0.06212,0.00000
3510,192.72185,0.03259,Ada ile odada gezin,False,True,-6.36565,4.08062,-12.16719,3.10000,0.05656,0.00000
3511,192.75560,0.03375,Ada ile odada gezin,False,True,-6.35092,4.07302,-12.22391,3.10000,0.05909,0.00000
3512,192.78923,0.03363,Ada ile odada gezin,False,True,-6.33610,4.06714,-12.28035,3.10000,0.05865,0.00000
3513,192.82236,0.03313,Ada ile odada gezin,False,True,-6.32153,4.06264,-12.33522,3.10000,0.05695,0.00000
3514,192.85553,0.03317,Ada ile odada gezin,False,True,-6.30644,4.05907,-12.39140,3.10000,0.05828,0.00000
3515,192.88881,0.03328,Ada ile odada gezin,False,True,-6.29170,4.05634,-12.44574,3.10000,0.05637,0.00000
3516,192.92226,0.03345,Ada ile odada gezin,False,True,-6.27649,4.05417,-12.50127,3.10000,0.05761,0.00000
3517,192.95559,0.03334,Ada ile odada gezin,False,True,-6.26124,4.05247,-12.55654,3.10000,0.05736,0.00000
3518,192.98950,0.03391,Ada ile odada gezin,False,True,-6.24543,4.05112,-12.61341,3.10000,0.05905,0.00000
3519,193.02113,0.03163,Ada ile odada gezin,False,True,-6.23104,4.05009,-12.66500,3.10000,0.05357,0.00000
3520,193.05509,0.03395,Ada ile odada gezin,False,True,-6.21556,4.04928,-12.72017,3.10000,0.05731,0.00000
3521,193.08918,0.03410,Ada ile odada gezin,False,True,-6.19979,4.04864,-12.77613,3.10000,0.05814,0.00000
3522,193.12274,0.03356,Ada ile odada gezin,False,True,-6.18442,4.04813,-12.83056,3.10000,0.05656,0.00000
3523,193.15639,0.03365,Ada ile odada gezin,False,True,-6.16882,4.04774,-12.88566,3.10000,0.05728,0.00000
3524,193.18914,0.03275,Ada ile odada gezin,False,True,-6.15335,4.04742,-12.94020,3.10000,0.05669,0.00000
3525,193.22145,0.03232,Ada ile odada gezin,False,True,-6.13809,4.04717,-12.99393,3.10000,0.05586,0.00000
3526,193.25451,0.03306,Ada ile odada gezin,False,True,-6.12283,4.04697,-13.04755,3.10000,0.05575,0.00000
3527,193.28856,0.03405,Ada ile odada gezin,False,True,-6.10720,4.04683,-13.10242,3.10000,0.05705,0.00000
3528,193.32235,0.03379,Ada ile odada gezin,False,True,-6.09131,4.04672,-13.15817,3.10000,0.05798,0.00000
3529,193.35550,0.03315,Ada ile odada gezin,False,True,-6.07591,4.04661,-13.21218,3.10000,0.05616,0.00000
3530,193.38982,0.03433,Ada ile odada gezin,False,True,-6.06025,4.04654,-13.26705,3.10000,0.05706,0.00000
3531,193.42686,0.03703,Ada ile odada gezin,False,True,-6.04433,4.04649,-13.32281,3.10000,0.05799,0.00000
3532,193.47905,0.05220,Ada ile odada gezin,False,True,-6.02969,4.04329,-13.37876,3.10000,0.05792,0.00000
3533,193.49154,0.01248,Ada ile odada gezin,False,True,-6.02778,4.04243,-13.38818,3.10000,0.00965,0.00000
3534,193.52302,0.03148,Ada ile odada gezin,False,True,-6.02554,4.04075,-13.41220,3.10000,0.02418,0.00000
3535,193.55485,0.03183,Ada ile odada gezin,False,True,-6.02629,4.03973,-13.43654,3.10000,0.02438,0.00000
3536,193.58795,0.03310,Ada ile odada gezin,False,True,-6.02978,4.03949,-13.46341,3.10000,0.02709,0.00000
3537,193.62228,0.03433,Ada ile odada gezin,False,True,-6.03620,4.04011,-13.49607,3.10000,0.03329,0.00000
3538,193.65580,0.03351,Ada ile odada gezin,False,True,-6.04519,4.04152,-13.53410,3.10000,0.03911,0.00000
3539,193.68880,0.03300,Ada ile odada gezin,False,True,-6.05608,4.04336,-13.57625,3.10000,0.04357,0.00000
3540,193.72164,0.03285,Ada ile odada gezin,False,True,-6.06846,4.04534,-13.62187,3.10000,0.04732,0.00000
3541,193.75460,0.03295,Ada ile odada gezin,False,True,-6.08189,4.04727,-13.66988,3.10000,0.04988,0.00000
3542,193.78791,0.03331,Ada ile odada gezin,False,True,-6.09607,4.04904,-13.71955,3.10000,0.05168,0.00000
3543,193.82208,0.03417,Ada ile odada gezin,False,True,-6.11106,4.05064,-13.77137,3.10000,0.05397,0.00000
3544,193.85553,0.03345,Ada ile odada gezin,False,True,-6.12643,4.05201,-13.82396,3.10000,0.05480,0.00000
3545,193.88888,0.03335,Ada ile odada gezin,False,True,-6.14200,4.05316,-13.87681,3.10000,0.05510,0.00000
3546,193.92202,0.03313,Ada ile odada gezin,False,True,-6.15755,4.05409,-13.92936,3.10000,0.05482,0.00000
3547,193.95561,0.03359,Ada ile odada gezin,False,True,-6.17350,4.05489,-13.98305,3.10000,0.05601,0.00000
3548,193.98832,0.03271,Ada ile odada gezin,False,True,-6.18947,4.05554,-14.03663,3.10000,0.05592,0.00000
3549,194.02208,0.03377,Ada ile odada gezin,False,True,-6.20578,4.05609,-14.09124,3.10000,0.05699,0.00000
3550,194.05503,0.03295,Ada ile odada gezin,False,True,-6.22128,4.05647,-14.14303,3.10000,0.05406,0.00000
3551,194.08941,0.03438,Ada ile odada gezin,False,True,-6.23801,4.05687,-14.19889,3.10000,0.05831,0.00000
3552,194.12204,0.03263,Ada ile odada gezin,False,True,-6.25432,4.05714,-14.25330,3.10000,0.05680,0.00000
3553,194.15507,0.03302,Ada ile odada gezin,False,True,-6.26992,4.05732,-14.30524,3.10000,0.05423,0.00000
3554,194.18837,0.03331,Ada ile odada gezin,False,True,-6.28663,4.05754,-14.36091,3.10000,0.05812,0.00000
3555,194.22096,0.03258,Ada ile odada gezin,False,True,-6.30244,4.05765,-14.41354,3.10000,0.05496,0.00000
3556,194.25517,0.03421,Ada ile odada gezin,False,True,-6.31878,4.05778,-14.46790,3.10000,0.05676,0.00000
3557,194.28957,0.03440,Ada ile odada gezin,False,True,-6.33577,4.05792,-14.52444,3.10000,0.05903,0.00000
3558,194.32207,0.03251,Ada ile odada gezin,False,True,-6.35182,4.05796,-14.57779,3.10000,0.05572,0.00000
3559,194.35468,0.03261,Ada ile odada gezin,False,True,-6.36788,4.05800,-14.63121,3.10000,0.05578,0.00000
3560,194.38810,0.03342,Ada ile odada gezin,False,True,-6.38403,4.05804,-14.68491,3.10000,0.05608,0.00000
3561,194.42250,0.03440,Ada ile odada gezin,False,True,-6.40065,4.05810,-14.74017,3.10000,0.05770,0.00000
3562,194.45554,0.03303,Ada ile odada gezin,False,True,-6.41714,4.05813,-14.79496,3.10000,0.05722,0.00000
3563,194.48829,0.03275,Ada ile odada gezin,False,True,-6.43309,4.05813,-14.84797,3.10000,0.05536,0.00000
3564,194.52299,0.03471,Ada ile odada gezin,False,True,-6.45025,4.05820,-14.90503,3.10000,0.05958,0.00000
3565,194.55511,0.03212,Ada ile odada gezin,False,True,-6.46578,4.05815,-14.95662,3.10000,0.05388,0.00000
3566,194.58859,0.03348,Ada ile odada gezin,False,True,-6.48219,4.05818,-15.01117,3.10000,0.05697,0.00000
3567,194.62222,0.03363,Ada ile odada gezin,False,True,-6.49859,4.05819,-15.06568,3.10000,0.05692,0.00000
3568,194.65638,0.03416,Ada ile odada gezin,False,True,-6.51502,4.05821,-15.12028,3.10000,0.05702,0.00000
3569,194.68974,0.03336,Ada ile odada gezin,False,True,-6.53153,4.05822,-15.17514,3.10000,0.05729,0.00000
3570,194.72407,0.03433,Ada ile odada gezin,False,True,-6.54771,4.05821,-15.22889,3.10000,0.05613,0.00000
3571,194.83574,0.11167,Ada ile odada gezin,False,True,-6.56469,4.05825,-15.28534,3.10000,0.05895,0.00000
3572,194.86706,0.03132,Ada ile odada gezin,False,True,-6.62819,4.06016,-15.49744,3.10000,0.22142,0.00000
3573,194.88947,0.02241,Ada ile odada gezin,False,True,-6.63668,4.05854,-15.52474,3.10000,0.02863,0.00000
3574,194.90620,0.01673,Ada ile odada gezin,False,True,-6.64310,4.05760,-15.54554,3.10000,0.02179,0.00000
3575,194.92255,0.01634,Ada ile odada gezin,False,True,-6.64981,4.05692,-15.56746,3.10000,0.02294,0.00000
3576,194.95545,0.03290,Ada ile odada gezin,False,True,-6.66499,4.05663,-15.61776,3.10000,0.05254,0.00000
3577,195.00300,0.04756,Ada ile odada gezin,False,True,-6.68029,4.05658,-15.66856,3.10000,0.05306,0.00000
3578,195.03886,0.03585,Ada ile odada gezin,False,True,-6.70556,4.05731,-15.75295,3.10000,0.08809,0.00000
3579,195.05505,0.01619,Ada ile odada gezin,False,True,-6.71255,4.05690,-15.77595,3.10000,0.02404,0.00000
3580,195.08867,0.03362,Ada ile odada gezin,False,True,-6.72850,4.05697,-15.82900,3.10000,0.05540,0.00000
3581,195.12241,0.03374,Ada ile odada gezin,False,True,-6.74459,4.05710,-15.88252,3.10000,0.05589,0.00000
3582,195.16621,0.04380,Ada ile odada gezin,False,True,-6.76645,4.05761,-15.95546,3.10000,0.07614,0.00000
3583,195.19962,0.03341,Ada ile odada gezin,False,True,-6.78244,4.05755,-16.00856,3.10000,0.05546,0.00000
3584,195.23332,0.03371,Ada ile odada gezin,False,True,-6.79846,4.05756,-16.06178,3.10000,0.05558,0.00000
3585,195.26683,0.03351,Ada ile odada gezin,False,True,-6.81501,4.05764,-16.11683,3.10000,0.05748,0.00000
3586,195.29858,0.03175,Ada ile odada gezin,False,True,-6.83062,4.05767,-16.16872,3.10000,0.05419,0.00000
3587,195.33191,0.03334,Ada ile odada gezin,False,True,-6.84657,4.05773,-16.22177,3.10000,0.05539,0.00000
3588,195.36609,0.03418,Ada ile odada gezin,False,True,-6.86309,4.05783,-16.27672,3.10000,0.05738,0.00000
3589,195.39944,0.03335,Ada ile odada gezin,False,True,-6.87962,4.05791,-16.33169,3.10000,0.05740,0.00000
3590,195.43209,0.03265,Ada ile odada gezin,False,True,-6.89566,4.05795,-16.38499,3.10000,0.05567,0.00000
3591,195.46536,0.03327,Ada ile odada gezin,False,True,-6.91177,4.05799,-16.43856,3.10000,0.05594,0.00000
3592,195.49962,0.03426,Ada ile odada gezin,False,True,-6.92823,4.05805,-16.49331,3.10000,0.05717,0.00000
3593,195.53360,0.03398,Ada ile odada gezin,False,True,-6.94498,4.05811,-16.54899,3.10000,0.05815,0.00000
3594,195.56752,0.03393,Ada ile odada gezin,False,True,-6.96174,4.05815,-16.60472,3.10000,0.05820,0.00000
3595,195.59915,0.03163,Ada ile odada gezin,False,True,-6.97724,4.05811,-16.65621,3.10000,0.05377,0.00000
3596,195.63186,0.03270,Ada ile odada gezin,False,True,-6.99344,4.05813,-16.71003,3.10000,0.05620,0.00000
3597,195.66550,0.03364,Ada ile odada gezin,False,True,-7.00956,4.05814,-16.76362,3.10000,0.05597,0.00000
3598,195.69950,0.03401,Ada ile odada gezin,False,True,-7.02638,4.05819,-16.81955,3.10000,0.05840,0.00000
3599,195.73225,0.03274,Ada ile odada gezin,False,True,-7.04248,4.05819,-16.87304,3.10000,0.05585,0.00000
3600,195.76556,0.03331,Ada ile odada gezin,False,True,-7.05873,4.05819,-16.92704,3.10000,0.05640,0.00000
3601,195.79946,0.03390,Ada ile odada gezin,False,True,-7.07516,4.05821,-16.98166,3.10000,0.05703,0.00000
3602,195.83360,0.03414,Ada ile odada gezin,False,True,-7.09166,4.05822,-17.03648,3.10000,0.05726,0.00000
3603,195.86622,0.03262,Ada ile odada gezin,False,True,-7.10832,4.05824,-17.09185,3.10000,0.05782,0.00000
3604,195.89887,0.03266,Ada ile odada gezin,False,True,-7.12383,4.05819,-17.14338,3.10000,0.05381,0.00000
3605,195.93487,0.03599,Ada ile odada gezin,False,True,-7.14066,4.05823,-17.19931,3.10000,0.05841,0.00000
3606,195.96802,0.03315,Ada ile odada gezin,False,True,-7.15796,4.05828,-17.25681,3.10000,0.06005,0.00000
3607,195.99870,0.03068,Ada ile odada gezin,False,True,-7.17317,4.05819,-17.30732,3.10000,0.05275,0.00000
3608,196.03328,0.03457,Ada ile odada gezin,False,True,-7.18909,4.05818,-17.36023,3.10000,0.05525,0.00000
3609,196.07152,0.03825,Ada ile odada gezin,False,True,-7.20736,4.05831,-17.42100,3.10000,0.06346,0.00000
3610,196.10366,0.03214,Ada ile odada gezin,False,True,-7.22363,4.05826,-17.47504,3.10000,0.05643,0.00000
3611,196.13456,0.03090,Ada ile odada gezin,False,True,-7.23930,4.05820,-17.52709,3.10000,0.05436,0.00000
3612,196.17250,0.03794,Ada ile odada gezin,False,True,-7.25509,4.05818,-17.57952,3.10000,0.05476,0.00000
3613,196.20734,0.03484,Ada ile odada gezin,False,True,-7.27456,4.05837,-17.64433,3.10000,0.06767,0.00000
3614,196.24020,0.03286,Ada ile odada gezin,False,True,-7.28837,4.05817,-17.69012,3.10000,0.04782,0.00000
3615,196.27472,0.03452,Ada ile odada gezin,False,True,-7.30761,4.05835,-17.75416,3.10000,0.06687,0.00000
3616,196.30513,0.03041,Ada ile odada gezin,False,True,-7.32108,4.05814,-17.79881,3.10000,0.04664,0.00000
3617,196.34275,0.03761,Ada ile odada gezin,False,True,-7.33865,4.05823,-17.85725,3.10000,0.06103,0.00000
3618,196.37480,0.03206,Ada ile odada gezin,False,True,-7.35618,4.05827,-17.91553,3.10000,0.06085,0.00000
3619,196.40766,0.03286,Ada ile odada gezin,False,True,-7.37083,4.05815,-17.96412,3.10000,0.05075,0.00000
3620,196.44488,0.03722,Ada ile odada gezin,False,True,-7.38809,4.05821,-18.02152,3.10000,0.05994,0.00000
3621,196.48112,0.03624,Ada ile odada gezin,False,True,-7.40603,4.05829,-18.08119,3.10000,0.06230,0.00000
3622,196.51162,0.03050,Ada ile odada gezin,False,True,-7.42235,4.05823,-18.13537,3.10000,0.05659,0.00000
3623,196.54023,0.02861,Ada ile odada gezin,False,True,-7.43640,4.05810,-18.18199,3.10000,0.04869,0.00000
3624,196.57516,0.03493,Ada ile odada gezin,False,True,-7.45405,4.05821,-18.24072,3.10000,0.06132,0.00000
3625,196.60351,0.02835,Ada ile odada gezin,False,True,-7.46828,4.05810,-18.28795,3.10000,0.04933,0.00000
3626,196.63408,0.03057,Ada ile odada gezin,False,True,-7.48412,4.05813,-18.34057,3.10000,0.05495,0.00000
3627,196.66562,0.03154,Ada ile odada gezin,False,True,-7.49943,4.05812,-18.39147,3.10000,0.05315,0.00000
3628,196.69955,0.03392,Ada ile odada gezin,False,True,-7.51592,4.05818,-18.44629,3.10000,0.05725,0.00000
3629,196.73248,0.03293,Ada ile odada gezin,False,True,-7.53248,4.05823,-18.50133,3.10000,0.05747,0.00000
3630,196.76611,0.03363,Ada ile odada gezin,False,True,-7.54841,4.05822,-18.55428,3.10000,0.05529,0.00000
3631,196.80026,0.03415,Ada ile odada gezin,False,True,-7.56547,4.05827,-18.61100,3.10000,0.05923,0.00000
3632,196.83235,0.03210,Ada ile odada gezin,False,True,-7.58146,4.05825,-18.66412,3.10000,0.05547,0.00000
3633,196.86594,0.03358,Ada ile odada gezin,False,True,-7.59704,4.05817,-18.71715,3.10000,0.05528,0.00000
3634,196.89966,0.03372,Ada ile odada gezin,False,True,-7.61328,4.05809,-18.77224,3.10000,0.05743,0.00000
3635,196.93278,0.03312,Ada ile odada gezin,False,True,-7.62988,4.05804,-18.82493,3.10000,0.05525,0.00000
3636,196.96605,0.03327,Ada ile odada gezin,False,True,-7.64771,4.05803,-18.87796,3.10000,0.05594,0.00000
3637,196.99962,0.03356,Ada ile odada gezin,False,True,-7.66594,4.05796,-18.92988,3.10000,0.05503,0.00000
3638,197.03293,0.03331,Ada ile odada gezin,False,True,-7.68494,4.05787,-18.98175,3.10000,0.05524,0.00000
3639,197.06528,0.03235,Ada ile odada gezin,False,True,-7.70410,4.05779,-19.03191,3.10000,0.05369,0.00000
3640,197.09955,0.03427,Ada ile odada gezin,False,True,-7.72476,4.05779,-19.08391,3.10000,0.05595,0.00000
3641,197.13240,0.03285,Ada ile odada gezin,False,True,-7.74456,4.05776,-19.13284,3.10000,0.05278,0.00000
3642,197.16583,0.03343,Ada ile odada gezin,False,True,-7.76520,4.05773,-19.18345,3.10000,0.05466,0.00000
3643,197.20003,0.03420,Ada ile odada gezin,False,True,-7.78630,4.05769,-19.23388,3.10000,0.05467,0.00000
3644,197.23333,0.03329,Ada ile odada gezin,False,True,-7.80765,4.05766,-19.28399,3.10000,0.05447,0.00000
3645,197.26628,0.03295,Ada ile odada gezin,False,True,-7.82829,4.05754,-19.33241,3.10000,0.05263,0.00000
3646,197.29966,0.03338,Ada ile odada gezin,False,True,-7.84921,4.05739,-19.38136,3.10000,0.05324,0.00000
3647,197.35008,0.05042,Ada ile odada gezin,False,True,-7.86996,4.05725,-19.42975,3.10000,0.05265,0.00000
3648,197.38345,0.03337,Ada ile odada gezin,False,True,-7.89396,4.05694,-19.50839,3.10000,0.08222,0.00000
3649,197.39944,0.01599,Ada ile odada gezin,False,True,-7.89888,4.05609,-19.52839,3.10000,0.02062,0.00000
3650,197.43277,0.03333,Ada ile odada gezin,False,True,-7.90445,4.05437,-19.57330,3.10000,0.04529,0.00000
3651,197.46581,0.03304,Ada ile odada gezin,False,True,-7.90390,4.05213,-19.61340,3.10000,0.04017,0.00000
3652,197.49955,0.03374,Ada ile odada gezin,False,True,-7.89688,4.04931,-19.65070,3.10000,0.03806,0.00000
3653,197.53225,0.03271,Ada ile odada gezin,False,True,-7.88348,4.04605,-19.68312,3.10000,0.03523,0.00000
3654,197.56517,0.03291,Ada ile odada gezin,False,True,-7.86404,4.04243,-19.71022,3.10000,0.03355,0.00000
3655,197.59947,0.03431,Ada ile odada gezin,False,True,-7.83603,4.03820,-19.73392,3.10000,0.03693,0.00000
3656,197.63129,0.03182,Ada ile odada gezin,False,True,-7.80462,4.03407,-19.75051,3.10000,0.03576,0.00000
3657,197.66575,0.03446,Ada ile odada gezin,False,True,-7.76407,4.02938,-19.76286,3.10000,0.04264,0.00000
3658,197.69865,0.03290,Ada ile odada gezin,False,True,-7.71838,4.02480,-19.77108,3.10000,0.04665,0.00000
3659,197.73182,0.03317,Ada ile odada gezin,False,True,-7.67196,4.02083,-19.77617,3.10000,0.04687,0.00000
3660,197.76590,0.03409,Ada ile odada gezin,False,True,-7.61952,4.01704,-19.77947,3.10000,0.05268,0.00000
3661,197.79934,0.03344,Ada ile odada gezin,False,True,-7.56732,4.01391,-19.78118,3.10000,0.05232,0.00000
3662,197.83278,0.03343,Ada ile odada gezin,False,True,-7.51351,4.01123,-19.78183,3.10000,0.05388,0.00000
3663,197.86581,0.03303,Ada ile odada gezin,False,True,-7.45941,4.00901,-19.78171,3.10000,0.05415,0.00000
3664,197.89871,0.03290,Ada ile odada gezin,False,True,-7.40459,4.00717,-19.78102,3.10000,0.05485,0.00000
3665,197.93280,0.03409,Ada ile odada gezin,False,True,-7.34905,4.00565,-19.77992,3.10000,0.05558,0.00000
3666,197.96627,0.03347,Ada ile odada gezin,False,True,-7.29249,4.00439,-19.77850,3.10000,0.05659,0.00000
3667,197.99982,0.03355,Ada ile odada gezin,False,True,-7.23695,4.00340,-19.77687,3.10000,0.05557,0.00000
3668,198.03322,0.03340,Ada ile odada gezin,False,True,-7.18021,4.00258,-19.77505,3.10000,0.05678,0.00000
3669,198.06639,0.03317,Ada ile odada gezin,False,True,-7.12436,4.00194,-19.77312,3.10000,0.05588,0.00000
3670,198.10063,0.03424,Ada ile odada gezin,False,True,-7.06502,4.00137,-19.77100,3.10000,0.05938,0.00000
3671,198.13231,0.03169,Ada ile odada gezin,False,True,-7.01227,4.00102,-19.76901,3.10000,0.05279,0.00000
3672,198.16584,0.03353,Ada ile odada gezin,False,True,-6.95578,4.00068,-19.76686,3.10000,0.05652,0.00000
3673,198.19917,0.03334,Ada ile odada gezin,False,True,-6.89808,4.00039,-19.76462,3.10000,0.05774,0.00000
3674,198.23166,0.03248,Ada ile odada gezin,False,True,-6.84367,4.00020,-19.76246,3.10000,0.05446,0.00000
3675,198.26539,0.03373,Ada ile odada gezin,False,True,-6.78622,4.00001,-19.76018,3.10000,0.05750,0.00000
3676,198.29900,0.03361,Ada ile odada gezin,False,True,-6.72989,3.99988,-19.75791,3.10000,0.05638,0.00000
3677,198.33189,0.03289,Ada ile odada gezin,False,True,-6.67259,3.99976,-19.75560,3.10000,0.05734,0.00000
3678,198.36583,0.03394,Ada ile odada gezin,False,True,-6.61734,3.99970,-19.75334,3.10000,0.05530,0.00000
3679,198.40001,0.03418,Ada ile odada gezin,False,True,-6.55808,3.99960,-19.75093,3.10000,0.05931,0.00000
3680,198.43279,0.03278,Ada ile odada gezin,False,True,-6.50297,3.99957,-19.74867,3.10000,0.05516,0.00000
3681,198.47683,0.04404,Ada ile odada gezin,False,True,-6.42359,3.99928,-19.74551,3.10000,0.07944,0.00000
3682,198.50980,0.03297,Ada ile odada gezin,False,True,-6.36956,3.99940,-19.74322,3.10000,0.05408,0.00000
3683,198.54359,0.03379,Ada ile odada gezin,False,True,-6.31287,3.99944,-19.74086,3.10000,0.05674,0.00000
3684,198.57725,0.03366,Ada ile odada gezin,False,True,-6.25637,3.99946,-19.73851,3.10000,0.05655,0.00000
3685,198.61178,0.03453,Ada ile odada gezin,False,True,-6.19775,3.99945,-19.73609,3.10000,0.05867,0.00000
3686,198.64385,0.03207,Ada ile odada gezin,False,True,-6.14369,3.99948,-19.73384,3.10000,0.05410,0.00000
3687,198.67659,0.03274,Ada ile odada gezin,False,True,-6.08730,3.99947,-19.73152,3.10000,0.05644,0.00000
3688,198.70993,0.03335,Ada ile odada gezin,False,True,-6.03204,3.99947,-19.72923,3.10000,0.05531,0.00000
3689,198.74419,0.03426,Ada ile odada gezin,False,True,-5.97362,3.99943,-19.72683,3.10000,0.05847,0.00000
3690,198.77718,0.03298,Ada ile odada gezin,False,True,-5.91765,3.99943,-19.72451,3.10000,0.05601,0.00000
3691,198.81067,0.03349,Ada ile odada gezin,False,True,-5.86091,3.99941,-19.72217,3.10000,0.05679,0.00000
3692,198.84398,0.03331,Ada ile odada gezin,False,True,-5.80395,3.99940,-19.71982,3.10000,0.05701,0.00000
3693,198.87732,0.03334,Ada ile odada gezin,False,True,-5.74809,3.99940,-19.71751,3.10000,0.05590,0.00000
3694,198.91071,0.03340,Ada ile odada gezin,False,True,-5.69074,3.99939,-19.71514,3.10000,0.05740,0.00000
3695,198.94358,0.03287,Ada ile odada gezin,False,True,-5.63488,3.99939,-19.71283,3.10000,0.05590,0.00000
3696,198.97676,0.03317,Ada ile odada gezin,False,True,-5.57825,3.99939,-19.71049,3.10000,0.05668,0.00000
3697,199.00966,0.03290,Ada ile odada gezin,False,True,-5.52187,3.99938,-19.70816,3.10000,0.05643,0.00000
3698,199.04339,0.03373,Ada ile odada gezin,False,True,-5.46561,3.99938,-19.70583,3.10000,0.05631,0.00000
3699,199.07701,0.03362,Ada ile odada gezin,False,True,-5.40805,3.99937,-19.70345,3.10000,0.05761,0.00000
3700,199.11061,0.03359,Ada ile odada gezin,False,True,-5.35173,3.99937,-19.70112,3.10000,0.05637,0.00000
3701,199.14591,0.03531,Ada ile odada gezin,False,True,-5.29247,3.99934,-19.69868,3.10000,0.05931,0.00000
3702,199.17827,0.03236,Ada ile odada gezin,False,True,-5.23615,3.99936,-19.69634,3.10000,0.05637,0.00000
3703,199.21066,0.03239,Ada ile odada gezin,False,True,-5.18147,3.99938,-19.69407,3.10000,0.05473,0.00000
3704,199.24408,0.03342,Ada ile odada gezin,False,True,-5.12508,3.99938,-19.69174,3.10000,0.05644,0.00000
3705,199.27767,0.03359,Ada ile odada gezin,False,True,-5.06782,3.99937,-19.68938,3.10000,0.05730,0.00000
3706,199.31047,0.03280,Ada ile odada gezin,False,True,-5.01154,3.99937,-19.68705,3.10000,0.05634,0.00000
3707,199.34392,0.03345,Ada ile odada gezin,False,True,-4.95537,3.99937,-19.68472,3.10000,0.05622,0.00000
3708,199.37748,0.03356,Ada ile odada gezin,False,True,-4.89831,3.99936,-19.68236,3.10000,0.05710,0.00000
3709,199.41116,0.03367,Ada ile odada gezin,False,True,-4.84153,3.99936,-19.68001,3.10000,0.05683,0.00000
3710,199.44453,0.03337,Ada ile odada gezin,False,True,-4.78458,3.99936,-19.67766,3.10000,0.05700,0.00000
3711,199.47730,0.03278,Ada ile odada gezin,False,True,-4.72865,3.99937,-19.67534,3.10000,0.05597,0.00000
3712,199.51019,0.03289,Ada ile odada gezin,False,True,-4.67200,3.99937,-19.67300,3.10000,0.05670,0.00000
3713,199.54399,0.03380,Ada ile odada gezin,False,True,-4.61619,3.99937,-19.67068,3.10000,0.05586,0.00000
3714,199.57822,0.03423,Ada ile odada gezin,False,True,-4.55725,3.99935,-19.66826,3.10000,0.05899,0.00000
3715,199.61112,0.03289,Ada ile odada gezin,False,True,-4.50167,3.99936,-19.66595,3.10000,0.05562,0.00000
3716,199.64543,0.03432,Ada ile odada gezin,False,True,-4.44301,3.99935,-19.66353,3.10000,0.05872,0.00000
3717,199.67763,0.03220,Ada ile odada gezin,False,True,-4.38854,3.99938,-19.66127,3.10000,0.05451,0.00000
3718,199.71061,0.03298,Ada ile odada gezin,False,True,-4.33205,3.99937,-19.65893,3.10000,0.05654,0.00000
3719,199.74357,0.03295,Ada ile odada gezin,False,True,-4.27613,3.99938,-19.65661,3.10000,0.05597,0.00000
3720,199.77723,0.03366,Ada ile odada gezin,False,True,-4.21943,3.99937,-19.65427,3.10000,0.05675,0.00000
3721,199.81074,0.03351,Ada ile odada gezin,False,True,-4.16210,3.99936,-19.65190,3.10000,0.05738,0.00000
3722,199.84362,0.03289,Ada ile odada gezin,False,True,-4.10639,3.99937,-19.64959,3.10000,0.05576,0.00000
3723,199.87739,0.03377,Ada ile odada gezin,False,True,-4.04925,3.99936,-19.64723,3.10000,0.05719,0.00000
3724,199.91083,0.03344,Ada ile odada gezin,False,True,-3.99209,3.99936,-19.64487,3.10000,0.05721,0.00000
3725,199.94401,0.03318,Ada ile odada gezin,False,True,-3.93593,3.99936,-19.64254,3.10000,0.05620,0.00000
3726,199.97723,0.03322,Ada ile odada gezin,False,True,-3.87944,3.99936,-19.64021,3.10000,0.05655,0.00000
3727,200.01103,0.03380,Ada ile odada gezin,False,True,-3.82275,3.99936,-19.63786,3.10000,0.05674,0.00000
3728,200.04391,0.03288,Ada ile odada gezin,False,True,-3.76552,3.99936,-19.63549,3.10000,0.05727,0.00000
3729,200.07710,0.03319,Ada ile odada gezin,False,True,-3.70983,3.99937,-19.63319,3.10000,0.05574,0.00000
3730,200.11082,0.03372,Ada ile odada gezin,False,True,-3.65262,3.99936,-19.63082,3.10000,0.05726,0.00000
3731,200.14346,0.03264,Ada ile odada gezin,False,True,-3.59628,3.99936,-19.62849,3.10000,0.05639,0.00000
3732,200.17747,0.03401,Ada ile odada gezin,False,True,-3.53829,3.99935,-19.62609,3.10000,0.05804,0.00000
3733,200.21016,0.03268,Ada ile odada gezin,False,True,-3.48399,3.99938,-19.62384,3.10000,0.05435,0.00000
3734,200.24454,0.03439,Ada ile odada gezin,False,True,-3.42640,3.99936,-19.62146,3.10000,0.05764,0.00000
3735,200.27827,0.03373,Ada ile odada gezin,False,True,-3.36822,3.99935,-19.61906,3.10000,0.05823,0.00000
3736,200.31075,0.03248,Ada ile odada gezin,False,True,-3.31275,3.99937,-19.61676,3.10000,0.05552,0.00000
3737,200.34378,0.03303,Ada ile odada gezin,False,True,-3.25710,3.99937,-19.61445,3.10000,0.05571,0.00000
3738,200.37698,0.03319,Ada ile odada gezin,False,True,-3.19989,3.99936,-19.61209,3.10000,0.05725,0.00000
3739,200.41031,0.03333,Ada ile odada gezin,False,True,-3.14379,3.99937,-19.60976,3.10000,0.05615,0.00000
3740,200.44348,0.03318,Ada ile odada gezin,False,True,-3.08694,3.99936,-19.60741,3.10000,0.05689,0.00000
3741,200.47682,0.03334,Ada ile odada gezin,False,True,-3.03064,3.99937,-19.60508,3.10000,0.05635,0.00000
3742,200.51040,0.03358,Ada ile odada gezin,False,True,-2.97397,3.99936,-19.60274,3.10000,0.05673,0.00000
3743,200.54464,0.03424,Ada ile odada gezin,False,True,-2.91631,3.99935,-19.60036,3.10000,0.05771,0.00000
3744,200.57791,0.03326,Ada ile odada gezin,False,True,-2.85876,3.99935,-19.59798,3.10000,0.05760,0.00000
3745,200.61052,0.03261,Ada ile odada gezin,False,True,-2.80408,3.99937,-19.59571,3.10000,0.05472,0.00000
3746,200.64414,0.03362,Ada ile odada gezin,False,True,-2.74632,3.99936,-19.59332,3.10000,0.05782,0.00000
3747,200.67809,0.03395,Ada ile odada gezin,False,True,-2.68875,3.99935,-19.59094,3.10000,0.05762,0.00000
3748,200.71089,0.03280,Ada ile odada gezin,False,True,-2.63405,3.99938,-19.58867,3.10000,0.05475,0.00000
3749,200.74469,0.03379,Ada ile odada gezin,False,True,-2.57579,3.99936,-19.58627,3.10000,0.05830,0.00000
3750,200.77771,0.03302,Ada ile odada gezin,False,True,-2.52061,3.99937,-19.58398,3.10000,0.05523,0.00000
3751,200.81056,0.03285,Ada ile odada gezin,False,True,-2.48092,4.00093,-19.58167,3.10000,0.03979,0.00000
3752,200.84325,0.03268,Ada ile odada gezin,False,True,-2.45510,4.00308,-19.57969,3.10000,0.02598,0.00000
3753,200.87727,0.03403,Ada ile odada gezin,False,True,-2.43587,4.00562,-19.57782,3.10000,0.01950,0.00000
3754,200.91083,0.03356,Ada ile odada gezin,False,True,-2.42304,4.00804,-19.57626,3.10000,0.01315,0.00000
3755,200.94510,0.03427,Ada ile odada gezin,False,True,-2.41387,4.01035,-19.57490,3.10000,0.00955,0.00000
3756,200.97772,0.03261,Ada ile odada gezin,False,True,-2.40762,4.01235,-19.57379,3.10000,0.00666,0.00000
3757,201.01027,0.03256,Ada ile odada gezin,False,True,-2.40336,4.01404,-19.57290,3.10000,0.00466,0.00000
3758,201.04381,0.03353,Ada ile odada gezin,False,True,-2.40028,4.01552,-19.57214,3.10000,0.00351,0.00000
3759,201.07676,0.03295,Ada ile odada gezin,False,True,-2.39810,4.01676,-19.57152,3.10000,0.00258,0.00000
3760,201.10981,0.03305,Ada ile odada gezin,False,True,-2.39660,4.01777,-19.57104,3.10000,0.00187,0.00000
3761,201.14321,0.03340,Ada ile odada gezin,False,True,-2.39549,4.01862,-19.57063,3.10000,0.00146,0.00000
3762,201.17655,0.03334,Ada ile odada gezin,False,True,-2.39473,4.01930,-19.57030,3.10000,0.00107,0.00000
3763,201.21171,0.03516,Ada ile odada gezin,False,True,-2.39415,4.01988,-19.57003,3.10000,0.00086,0.00000
3764,201.24392,0.03220,Ada ile odada gezin,False,True,-2.39376,4.02033,-19.56983,3.10000,0.00062,0.00000
3765,201.27659,0.03267,Ada ile odada gezin,False,True,-2.39348,4.02068,-19.56967,3.10000,0.00048,0.00000
3766,201.31037,0.03378,Ada ile odada gezin,False,True,-2.39327,4.02097,-19.56954,3.10000,0.00038,0.00000
3767,201.34401,0.03364,Ada ile odada gezin,False,True,-2.39311,4.02121,-19.56943,3.10000,0.00030,0.00000
3768,201.37680,0.03278,Ada ile odada gezin,False,True,-2.39297,4.02136,-19.56930,3.10000,0.00025,0.00000
3769,201.40997,0.03317,Ada ile odada gezin,False,True,-2.39284,4.02152,-19.56929,3.10000,0.00020,0.00000
3770,201.44433,0.03436,Ada ile odada gezin,False,True,-2.39280,4.02165,-19.56923,3.10000,0.00014,0.00000
3771,201.47831,0.03398,Ada ile odada gezin,False,True,-2.39277,4.02175,-19.56919,3.10000,0.00011,0.00000
3772,201.51071,0.03241,Ada ile odada gezin,False,True,-2.39275,4.02183,-19.56915,3.10000,0.00009,0.00000
3773,201.54370,0.03298,Ada ile odada gezin,False,True,-2.39273,4.02189,-19.56913,3.10000,0.00007,0.00000
3774,201.57869,0.03499,Ada ile odada gezin,False,True,-2.39272,4.02194,-19.56911,3.10000,0.00006,0.00000
3775,201.61189,0.03320,Ada ile odada gezin,False,True,-2.39270,4.02198,-19.56909,3.10000,0.00004,0.00000
3776,201.64356,0.03167,Ada ile odada gezin,False,True,-2.39270,4.02200,-19.56907,3.10000,0.00003,0.00000
3777,201.67660,0.03304,Ada ile odada gezin,False,True,-2.39269,4.02203,-19.56907,3.10000,0.00003,0.00000
3778,201.71027,0.03368,Ada ile odada gezin,False,True,-2.39268,4.02205,-19.56906,3.10000,0.00002,0.00000
3779,201.74512,0.03485,Ada ile odada gezin,False,True,-2.39266,4.02212,-19.56903,3.10000,0.00008,0.00000
3780,201.78826,0.04314,Ada ile odada gezin,False,True,-2.39266,4.02212,-19.56903,3.10000,0.00000,0.00000
3781,201.82065,0.03239,Ada ile odada gezin,False,True,-2.39266,4.02212,-19.56903,3.10000,0.00000,0.00000
3782,201.85411,0.03346,Ada ile odada gezin,False,True,-2.39266,4.02212,-19.56903,3.10000,0.00000,0.00000
3783,201.88877,0.03466,Ada ile odada gezin,False,True,-2.39266,4.02212,-19.56903,3.10000,0.00000,0.00000
3784,201.92492,0.03615,Yakından incele · hose,True,True,-2.39530,4.01513,-19.55742,3.09272,0.01380,0.20174
3785,201.95783,0.03291,Yakından incele · hose,True,True,-2.40401,3.99207,-19.51913,3.06872,0.04554,0.67144
3786,201.98747,0.02964,Yakından incele · hose,True,True,-2.41552,3.96161,-19.46856,3.03702,0.06015,0.88735
3787,202.02026,0.03279,Yakından incele · hose,True,True,-2.43224,3.91735,-19.39509,2.99096,0.08739,1.29117
3788,202.05395,0.03368,Yakından incele · hose,True,True,-2.45315,3.86199,-19.30317,2.93334,0.10932,1.61637
3789,202.08810,0.03416,Yakından incele · hose,True,True,-2.47852,3.79481,-19.19165,2.86343,0.13264,1.96117
3790,202.12195,0.03384,Yakından incele · hose,True,True,-2.50699,3.71946,-19.06654,2.78500,0.14880,2.20041
3791,202.15484,0.03289,Yakından incele · hose,True,True,-2.53832,3.63651,-18.92883,2.69868,0.16378,2.42159
3792,202.18751,0.03267,Yakından incele · hose,True,True,-2.57210,3.54706,-18.78033,2.60559,0.17662,2.61133
3793,202.22033,0.03282,Yakından incele · hose,True,True,-2.60749,3.45337,-18.62479,2.50808,0.18500,2.73518
3794,202.25555,0.03522,Yakından incele · hose,True,True,-2.64805,3.34600,-18.44652,2.39633,0.21202,3.13471
3795,202.28676,0.03122,Yakından incele · hose,True,True,-2.68615,3.24513,-18.27905,2.29135,0.19917,2.94466
3796,202.31984,0.03308,Yakından incele · hose,True,True,-2.72693,3.13718,-18.09984,2.17900,0.21315,3.15164
3797,202.35376,0.03392,Yakından incele · hose,True,True,-2.76943,3.02464,-17.91301,2.06188,0.22221,3.28565
3798,202.38709,0.03333,Yakından incele · hose,True,True,-2.81308,2.90909,-17.72116,1.94161,0.22818,3.37358
3799,202.41968,0.03259,Yakından incele · hose,True,True,-2.85529,2.79735,-17.53565,1.82533,0.22063,3.26174
3800,202.45445,0.03476,Yakından incele · hose,True,True,-2.89844,2.68310,-17.34598,1.70642,0.22559,3.33554
3801,202.48878,0.03433,Yakından incele · hose,True,True,-2.94335,2.56422,-17.14861,1.58270,0.23474,3.47079
3802,202.52017,0.03140,Yakından incele · hose,True,True,-2.98396,2.45669,-16.97007,1.47078,0.21234,3.13970
3803,202.55308,0.03290,Yakından incele · hose,True,True,-3.02336,2.35239,-16.79692,1.36223,0.20594,3.04477
3804,202.58747,0.03439,Yakından incele · hose,True,True,-3.06363,2.24579,-16.61994,1.25129,0.21050,3.11215
3805,202.62160,0.03413,Yakından incele · hose,True,True,-3.10143,2.14569,-16.45376,1.14712,0.19764,2.92251
3806,202.65562,0.03402,Yakından incele · hose,True,True,-3.13818,2.04840,-16.29223,1.04585,0.19212,2.84103
3807,202.69320,0.03758,Yakından incele · hose,True,True,-3.16951,1.96546,-16.15454,0.95954,0.16376,2.42126
3808,202.72641,0.03321,Yakından incele · hose,True,True,-3.20411,1.87385,-16.00245,0.86420,0.18089,2.67441
3809,202.75419,0.02779,Yakından incele · hose,True,True,-3.22606,1.81575,-15.90599,0.80373,0.11472,1.69531
3810,202.78914,0.03494,Yakından incele · hose,True,True,-3.25005,1.75224,-15.80054,0.73763,0.12541,1.85366
3811,202.82075,0.03161,Yakından incele · hose,True,True,-3.26865,1.70299,-15.71878,0.68637,0.09724,1.43747
3812,202.85347,0.03272,Yakından incele · hose,True,True,-3.28327,1.66429,-15.65452,0.64609,0.07643,1.12881
3813,202.88719,0.03371,Yakından incele · hose,True,True,-3.29379,1.63643,-15.60828,0.61710,0.05500,0.81180
3814,202.92037,0.03319,Yakından incele · hose,True,True,-3.29924,1.62202,-15.58436,0.60210,0.02846,0.42058
3815,202.95347,0.03309,Yakından incele · hose,False,True,-3.30000,1.62000,-15.58100,0.60000,0.00399,0.00000
3816,202.98942,0.03595,Yakından incele · hose,False,True,-3.30000,1.62000,-15.58100,0.60000,0.00000,0.00000
3817,203.02005,0.03063,Yakından incele · hose,False,True,-3.30000,1.62000,-15.58100,0.60000,0.00000,0.00000
3818,203.05284,0.03279,Yakından incele · hose,False,True,-3.30000,1.62000,-15.58100,0.60000,0.00000,0.00000
3819,203.08650,0.03366,Yakından incele · hose,False,True,-3.30000,1.62000,-15.58100,0.60000,0.00000,0.00000
3820,203.11977,0.03327,Yakından incele · hose,False,True,-3.30000,1.62000,-15.58100,0.60000,0.00000,0.00000
3821,203.15314,0.03336,Yakından incele · hose,False,True,-3.30000,1.62000,-15.58100,0.60000,0.00000,0.00000
3822,203.18709,0.03395,Yakından incele · hose,False,True,-3.30000,1.62000,-15.58100,0.60000,0.00000,0.00000
3823,203.22028,0.03319,Yakından incele · hose,False,True,-3.30000,1.62000,-15.58100,0.60000,0.00000,0.00000
3824,203.25369,0.03340,Yakından incele · hose,False,True,-3.30000,1.62000,-15.58100,0.60000,0.00000,0.00000
3825,203.28890,0.03521,Yakından incele · hose,False,True,-3.30000,1.62000,-15.58100,0.60000,0.00000,0.00000
3826,203.32136,0.03246,Yakından incele · hose,False,True,-3.30000,1.62000,-15.58100,0.60000,0.00000,0.00000
3827,203.35436,0.03300,Yakından incele · hose,False,True,-3.30000,1.62000,-15.58100,0.60000,0.00000,0.00000
3828,203.38750,0.03315,Yakından incele · hose,False,True,-3.30000,1.62000,-15.58100,0.60000,0.00000,0.00000
3829,203.42102,0.03352,Yakından incele · hose,False,True,-3.30000,1.62000,-15.58100,0.60000,0.00000,0.00000
3830,203.45449,0.03348,Yakından incele · hose,False,True,-3.30000,1.62000,-15.58100,0.60000,0.00000,0.00000
3831,203.48716,0.03267,Yakından incele · hose,False,True,-3.30000,1.62000,-15.58100,0.60000,0.00000,0.00000
3832,203.52006,0.03290,Yakından incele · hose,False,True,-3.30000,1.62000,-15.58100,0.60000,0.00000,0.00000
3833,203.55400,0.03394,Yakından incele · hose,False,True,-3.30000,1.62000,-15.58100,0.60000,0.00000,0.00000
3834,203.58784,0.03384,Yakından incele · hose,False,True,-3.30000,1.62000,-15.58100,0.60000,0.00000,0.00000
3835,203.62075,0.03291,Yakından incele · hose,False,True,-3.30000,1.62000,-15.58100,0.60000,0.00000,0.00000
3836,203.65861,0.03785,Yakından incele · hose,False,True,-3.30000,1.62000,-15.58100,0.60000,0.00000,0.00000
3837,203.68861,0.03000,Yakından incele · hose,False,True,-3.30000,1.62000,-15.58100,0.60000,0.00000,0.00000
3838,203.72049,0.03189,Yakından incele · hose,False,True,-3.30000,1.62000,-15.58100,0.60000,0.00000,0.00000
3839,203.75393,0.03344,Yakından incele · hose,False,True,-3.30000,1.62000,-15.58100,0.60000,0.00000,0.00000
3840,203.78745,0.03352,Yakından incele · hose,False,True,-3.30000,1.62000,-15.58100,0.60000,0.00000,0.00000
3841,203.82249,0.03504,Yakından incele · hose,False,True,-3.30000,1.62000,-15.58100,0.60000,0.00000,0.00000
3842,203.85411,0.03162,Yakından incele · hose,False,True,-3.30000,1.62000,-15.58100,0.60000,0.00000,0.00000
3843,203.88727,0.03316,Yakından incele · hose,False,True,-3.30000,1.62000,-15.58100,0.60000,0.00000,0.00000
3844,203.92045,0.03318,Yakından incele · hose,False,True,-3.30000,1.62000,-15.58100,0.60000,0.00000,0.00000
3845,203.95337,0.03292,Yakından incele · hose,False,True,-3.30000,1.62000,-15.58100,0.60000,0.00000,0.00000
3846,203.98834,0.03498,Yakından incele · hose,False,True,-3.30000,1.62000,-15.58100,0.60000,0.00000,0.00000
3847,204.02086,0.03252,Yakından incele · hose,False,True,-3.30000,1.62000,-15.58100,0.60000,0.00000,0.00000
3848,204.05346,0.03260,Yakından incele · hose,False,True,-3.30000,1.62000,-15.58100,0.60000,0.00000,0.00000
3849,204.08733,0.03387,Yakından incele · hose,False,True,-3.30000,1.62000,-15.58100,0.60000,0.00000,0.00000
3850,204.12040,0.03307,Yakından incele · hose,False,True,-3.30000,1.62000,-15.58100,0.60000,0.00000,0.00000
3851,204.15409,0.03369,Yakından incele · hose,False,True,-3.30000,1.62000,-15.58100,0.60000,0.00000,0.00000
3852,204.18756,0.03348,Yakından incele · hose,False,True,-3.30000,1.62000,-15.58100,0.60000,0.00000,0.00000
3853,204.22065,0.03309,Yakından incele · hose,False,True,-3.30000,1.62000,-15.58100,0.60000,0.00000,0.00000
3854,204.25361,0.03296,Yakından incele · hose,False,True,-3.30000,1.62000,-15.58100,0.60000,0.00000,0.00000
3855,204.28688,0.03327,Yakından incele · hose,False,True,-3.30000,1.62000,-15.58100,0.60000,0.00000,0.00000
3856,204.32177,0.03489,Yakından incele · fire1,True,True,-3.29905,1.62508,-15.57344,0.60572,0.00916,0.48779
3857,204.35458,0.03281,Yakından incele · fire1,True,True,-3.29641,1.63917,-15.55247,0.62157,0.02540,1.35506
3858,204.38665,0.03206,Yakından incele · fire1,True,True,-3.29241,1.66047,-15.52078,0.64553,0.03840,2.04900
3859,204.42076,0.03411,Yakından incele · fire1,True,True,-3.28676,1.69064,-15.47589,0.67947,0.05438,2.90209
3860,204.45478,0.03402,Yakından incele · fire1,True,True,-3.27963,1.72862,-15.41937,0.72219,0.06847,3.65384
3861,204.48690,0.03212,Yakından incele · fire1,True,True,-3.27138,1.77264,-15.35385,0.77172,0.07936,4.23533
3862,204.51993,0.03303,Yakından incele · fire1,True,True,-3.26238,1.82067,-15.28239,0.82575,0.08657,4.62024
3863,204.55382,0.03389,Yakından incele · fire1,True,True,-3.25170,1.87761,-15.19764,0.88981,0.10266,5.47862
3864,204.58691,0.03309,Yakından incele · fire1,True,True,-3.24066,1.93646,-15.11007,0.95602,0.10608,5.66123
3865,204.62053,0.03362,Yakından incele · fire1,True,True,-3.22846,2.00157,-15.01317,1.02927,0.11738,6.26438
3866,204.65365,0.03312,Yakından incele · fire1,True,True,-3.21588,2.06866,-14.91334,1.10474,0.12093,6.45390
3867,204.68735,0.03370,Yakından incele · fire1,True,True,-3.20248,2.14012,-14.80700,1.18514,0.12882,6.87516
3868,204.72049,0.03314,Yakından incele · fire1,True,True,-3.18892,2.21240,-14.69943,1.26646,0.13030,6.95422
3869,204.75344,0.03295,Yakından incele · fire1,True,True,-3.17485,2.28745,-14.58775,1.35088,0.13528,7.21988
3870,204.78637,0.03293,Yakından incele · fire1,True,True,-3.16097,2.36152,-14.47753,1.43421,0.13352,7.12587
3871,204.82040,0.03403,Yakından incele · fire1,True,True,-3.14655,2.43839,-14.36314,1.52069,0.13858,7.39586
3872,204.85580,0.03540,Yakından incele · fire1,True,True,-3.13162,2.51803,-14.24462,1.61028,0.14357,7.66207
3873,204.88804,0.03224,Yakından incele · fire1,True,True,-3.11781,2.59168,-14.13501,1.69314,0.13278,7.08608
3874,204.92028,0.03224,Yakından incele · fire1,True,True,-3.10414,2.66457,-14.02654,1.77515,0.13140,7.01253
3875,204.95596,0.03569,Yakından incele · fire1,True,True,-3.09096,2.73488,-13.92192,1.85424,0.12673,6.76353
3876,204.98945,0.03349,Yakından incele · fire1,True,True,-3.07683,2.81026,-13.80975,1.93904,0.13589,7.25203
3877,205.01986,0.03041,Yakından incele · fire1,True,True,-3.06547,2.87081,-13.71964,2.00716,0.10916,5.82538
3878,205.05257,0.03271,Yakından incele · fire1,True,True,-3.05394,2.93233,-13.62809,2.07637,0.11090,5.91846
3879,205.09752,0.04494,Yakından incele · fire1,True,True,-3.04004,3.00644,-13.51780,2.15975,0.13360,7.13015
3880,205.13203,0.03451,Yakından incele · fire1,True,True,-3.03001,3.05997,-13.43815,2.21996,0.09649,5.14947
3881,205.16385,0.03182,Yakından incele · fire1,True,True,-3.02172,3.10418,-13.37235,2.26971,0.07971,4.25359
3882,205.19653,0.03268,Yakından incele · fire1,True,True,-3.01464,3.14192,-13.31620,2.31216,0.06802,3.62977
3883,205.23098,0.03445,Yakından incele · fire1,True,True,-3.00870,3.17358,-13.26908,2.34778,0.05708,3.04580
3884,205.26575,0.03477,Yakından incele · fire1,True,True,-3.00406,3.19833,-13.23224,2.37563,0.04462,2.38117
3885,205.29801,0.03225,Yakından incele · fire1,True,True,-3.00120,3.21358,-13.20955,2.39278,0.02749,1.46764
3886,205.33008,0.03208,Yakından incele · fire1,True,True,-3.00004,3.21980,-13.20030,2.39978,0.01121,0.59741
3887,205.36474,0.03466,Yakından incele · fire1,False,True,-3.00000,3.22000,-13.20000,2.40000,0.00036,0.00000
3888,205.40075,0.03601,Yakından incele · fire1,False,True,-3.00000,3.22000,-13.20000,2.40000,0.00000,0.00000
3889,205.44899,0.04823,Yakından incele · fire1,False,True,-3.00000,3.22000,-13.20000,2.40000,0.00000,0.00000
3890,205.46319,0.01420,Yakından incele · fire1,False,True,-3.00000,3.22000,-13.20000,2.40000,0.00000,0.00000
3891,205.49785,0.03467,Yakından incele · fire1,False,True,-3.00000,3.22000,-13.20000,2.40000,0.00000,0.00000
3892,205.53179,0.03393,Yakından incele · fire1,False,True,-3.00000,3.22000,-13.20000,2.40000,0.00000,0.00000
3893,205.56448,0.03270,Yakından incele · fire1,False,True,-3.00000,3.22000,-13.20000,2.40000,0.00000,0.00000
3894,205.59784,0.03335,Yakından incele · fire1,False,True,-3.00000,3.22000,-13.20000,2.40000,0.00000,0.00000
3895,205.63120,0.03336,Yakından incele · fire1,False,True,-3.00000,3.22000,-13.20000,2.40000,0.00000,0.00000
3896,205.66405,0.03284,Yakından incele · fire1,False,True,-3.00000,3.22000,-13.20000,2.40000,0.00000,0.00000
3897,205.69795,0.03391,Yakından incele · fire1,False,True,-3.00000,3.22000,-13.20000,2.40000,0.00000,0.00000
3898,205.73230,0.03434,Yakından incele · fire1,False,True,-3.00000,3.22000,-13.20000,2.40000,0.00000,0.00000
3899,205.76499,0.03269,Yakından incele · fire1,False,True,-3.00000,3.22000,-13.20000,2.40000,0.00000,0.00000
3900,205.81013,0.04514,Yakından incele · fire1,False,True,-3.00000,3.22000,-13.20000,2.40000,0.00000,0.00000
3901,205.85363,0.04350,Yakından incele · fire1,False,True,-3.00000,3.22000,-13.20000,2.40000,0.00000,0.00000
3902,205.88012,0.02649,Yakından incele · fire1,False,True,-3.00000,3.22000,-13.20000,2.40000,0.00000,0.00000
3903,205.90580,0.02568,Yakından incele · fire1,False,True,-3.00000,3.22000,-13.20000,2.40000,0.00000,0.00000
3904,205.93703,0.03123,Yakından incele · fire1,False,True,-3.00000,3.22000,-13.20000,2.40000,0.00000,0.00000
3905,205.97230,0.03526,Yakından incele · fire1,False,True,-3.00000,3.22000,-13.20000,2.40000,0.00000,0.00000
3906,206.01362,0.04132,Yakından incele · fire1,False,True,-3.00000,3.22000,-13.20000,2.40000,0.00000,0.00000
3907,206.04286,0.02924,Yakından incele · fire1,False,True,-3.00000,3.22000,-13.20000,2.40000,0.00000,0.00000
3908,206.07020,0.02734,Yakından incele · fire1,False,True,-3.00000,3.22000,-13.20000,2.40000,0.00000,0.00000
3909,206.10291,0.03271,Yakından incele · fire1,False,True,-3.00000,3.22000,-13.20000,2.40000,0.00000,0.00000
3910,206.13616,0.03325,Yakından incele · fire1,False,True,-3.00000,3.22000,-13.20000,2.40000,0.00000,0.00000
3911,206.17020,0.03404,Yakından incele · fire1,False,True,-3.00000,3.22000,-13.20000,2.40000,0.00000,0.00000
3912,206.20443,0.03423,Yakından incele · fire1,False,True,-3.00000,3.22000,-13.20000,2.40000,0.00000,0.00000
3913,206.23728,0.03285,Yakından incele · fire1,False,True,-3.00000,3.22000,-13.20000,2.40000,0.00000,0.00000
3914,206.27003,0.03274,Yakından incele · fire1,False,True,-3.00000,3.22000,-13.20000,2.40000,0.00000,0.00000
3915,206.30318,0.03316,Yakından incele · fire1,False,True,-3.00000,3.22000,-13.20000,2.40000,0.00000,0.00000
3916,206.33657,0.03338,Yakından incele · fire1,False,True,-3.00000,3.22000,-13.20000,2.40000,0.00000,0.00000
3917,206.36986,0.03329,Yakından incele · fire1,False,True,-3.00000,3.22000,-13.20000,2.40000,0.00000,0.00000
3918,206.40420,0.03434,Yakından incele · fire1,False,True,-3.00000,3.22000,-13.20000,2.40000,0.00000,0.00000
3919,206.43655,0.03235,Yakından incele · fire1,False,True,-3.00000,3.22000,-13.20000,2.40000,0.00000,0.00000
3920,206.47095,0.03440,Yakından incele · fire1,False,True,-3.00000,3.22000,-13.20000,2.40000,0.00000,0.00000
3921,206.50323,0.03228,Yakından incele · fire1,False,True,-3.00000,3.22000,-13.20000,2.40000,0.00000,0.00000
3922,206.53672,0.03349,Yakından incele · fire1,False,True,-3.00000,3.22000,-13.20000,2.40000,0.00000,0.00000
3923,206.57029,0.03358,Yakından incele · fire1,False,True,-3.00000,3.22000,-13.20000,2.40000,0.00000,0.00000
3924,206.60475,0.03445,Yakından incele · fire1,False,True,-3.00000,3.22000,-13.20000,2.40000,0.00000,0.00000
3925,206.63783,0.03308,Yakından incele · fire1,False,True,-3.00000,3.22000,-13.20000,2.40000,0.00000,0.00000
3926,206.67061,0.03278,Yakından incele · fire1,False,True,-3.00000,3.22000,-13.20000,2.40000,0.00000,0.00000
3927,206.70384,0.03323,Yakından incele · fire1,False,True,-3.00000,3.22000,-13.20000,2.40000,0.00000,0.00000
3928,206.73735,0.03351,Yakından incele · fire1,False,True,-3.00000,3.22000,-13.20000,2.40000,0.00000,0.00000
3929,206.77136,0.03401,Yakından incele · fire1,False,True,-3.00000,3.22000,-13.20000,2.40000,0.00000,0.00000
3930,206.80429,0.03293,Yakından incele · fire1,False,True,-3.00000,3.22000,-13.20000,2.40000,0.00000,0.00000
3931,206.83648,0.03219,Yakından incele · fire1,False,True,-3.00000,3.22000,-13.20000,2.40000,0.00000,0.00000
3932,206.86991,0.03343,Yakından incele · fire1,False,True,-3.00000,3.22000,-13.20000,2.40000,0.00000,0.00000
3933,206.90384,0.03393,Yakından incele · fire1,False,True,-3.00000,3.22000,-13.20000,2.40000,0.00000,0.00000
3934,206.93811,0.03427,Yakından incele · fire1,False,True,-3.00000,3.22000,-13.20000,2.40000,0.00000,0.00000
3935,206.96855,0.03045,Yakından incele · fire1,False,True,-3.00000,3.22000,-13.20000,2.40000,0.00000,0.00000
3936,207.00236,0.03381,Yakından incele · fire1,False,True,-3.00000,3.22000,-13.20000,2.40000,0.00000,0.00000
3937,207.03546,0.03310,Yakından incele · fire1,False,True,-3.00000,3.22000,-13.20000,2.40000,0.00000,0.00000
3938,207.06948,0.03402,Yakından incele · fire1,False,True,-3.00000,3.22000,-13.20000,2.40000,0.00000,0.00000
3939,207.10373,0.03425,Yakından incele · fire1,False,True,-3.00000,3.22000,-13.20000,2.40000,0.00000,0.00000
3940,207.13608,0.03235,Yakından incele · fire1,False,True,-3.00000,3.22000,-13.20000,2.40000,0.00000,0.00000
3941,207.16919,0.03311,Yakından incele · fire1,False,True,-3.00000,3.22000,-13.20000,2.40000,0.00000,0.00000
3942,207.20359,0.03440,Yakından incele · fire1,False,True,-3.00000,3.22000,-13.20000,2.40000,0.00000,0.00000
3943,207.23676,0.03316,Yakından incele · fire1,False,True,-3.00000,3.22000,-13.20000,2.40000,0.00000,0.00000
3944,207.27071,0.03396,Yakından incele · fire1,False,True,-3.00000,3.22000,-13.20000,2.40000,0.00000,0.00000
3945,207.30353,0.03282,Yakından incele · fire1,False,True,-3.00000,3.22000,-13.20000,2.40000,0.00000,0.00000
3946,207.33715,0.03361,Yakından incele · fire1,False,True,-3.00000,3.22000,-13.20000,2.40000,0.00000,0.00000
3947,207.37124,0.03409,Yakından incele · fire1,False,True,-3.00000,3.22000,-13.20000,2.40000,0.00000,0.00000
3948,207.40475,0.03351,Yakından incele · fire1,False,True,-3.00000,3.22000,-13.20000,2.40000,0.00000,0.00000
3949,207.43907,0.03432,Yakından incele · fire1,False,True,-3.00000,3.22000,-13.20000,2.40000,0.00000,0.00000
3950,207.47246,0.03339,Yakından incele · fire1,False,True,-3.00000,3.22000,-13.20000,2.40000,0.00000,0.00000
3951,207.50226,0.02980,Yakından incele · fire1,False,True,-3.00000,3.22000,-13.20000,2.40000,0.00000,0.00000
3952,207.53653,0.03427,Yakından incele · fire1,False,True,-3.00000,3.22000,-13.20000,2.40000,0.00000,0.00000
3953,207.56966,0.03313,Yakından incele · fire1,False,True,-3.00000,3.22000,-13.20000,2.40000,0.00000,0.00000
3954,207.60299,0.03334,Yakından incele · fire1,False,True,-3.00000,3.22000,-13.20000,2.40000,0.00000,0.00000
3955,207.63668,0.03369,Yakından incele · fire1,False,True,-3.00000,3.22000,-13.20000,2.40000,0.00000,0.00000
3956,207.66980,0.03312,Yakından incele · fire1,False,True,-3.00000,3.22000,-13.20000,2.40000,0.00000,0.00000
3957,207.70343,0.03363,Yakından incele · fire1,False,True,-3.00000,3.22000,-13.20000,2.40000,0.00000,0.00000
3958,207.73626,0.03283,Yakından incele · fire1,False,True,-3.00000,3.22000,-13.20000,2.40000,0.00000,0.00000
3959,207.76950,0.03324,Yakından incele · fire1,False,True,-3.00000,3.22000,-13.20000,2.40000,0.00000,0.00000
3960,207.80334,0.03384,Yakından incele · fire1,False,True,-3.00000,3.22000,-13.20000,2.40000,0.00000,0.00000
3961,207.83655,0.03321,Yakından incele · fire1,False,True,-3.00000,3.22000,-13.20000,2.40000,0.00000,0.00000
3962,207.86960,0.03305,Yakından incele · fire1,False,True,-3.00000,3.22000,-13.20000,2.40000,0.00000,0.00000
3963,207.90400,0.03441,Yakından incele · fire1,False,True,-3.00000,3.22000,-13.20000,2.40000,0.00000,0.00000
3964,207.93681,0.03281,Yakından incele · fire1,False,True,-3.00000,3.22000,-13.20000,2.40000,0.00000,0.00000
3965,207.96891,0.03210,Yakından incele · fire1,False,True,-3.00000,3.22000,-13.20000,2.40000,0.00000,0.00000
3966,208.00438,0.03547,Yakından incele · fire1,False,True,-3.00000,3.22000,-13.20000,2.40000,0.00000,0.00000
3967,208.03690,0.03252,Yakından incele · fire1,False,True,-3.00000,3.22000,-13.20000,2.40000,0.00000,0.00000
3968,208.06942,0.03252,Yakından incele · fire1,False,True,-3.00000,3.22000,-13.20000,2.40000,0.00000,0.00000
3969,208.10242,0.03300,Yakından incele · fire1,False,True,-3.00000,3.22000,-13.20000,2.40000,0.00000,0.00000
3970,208.13658,0.03416,Yakından incele · fire1,False,True,-3.00000,3.22000,-13.20000,2.40000,0.00000,0.00000
3971,208.16912,0.03254,Yakından incele · fire1,False,True,-3.00000,3.22000,-13.20000,2.40000,0.00000,0.00000
3972,208.20183,0.03271,Yakından incele · fire1,False,True,-3.00000,3.22000,-13.20000,2.40000,0.00000,0.00000
3973,208.23587,0.03404,Yakından incele · fire1,False,True,-3.00000,3.22000,-13.20000,2.40000,0.00000,0.00000
3974,208.26990,0.03403,Yakından incele · fire1,False,True,-3.00000,3.22000,-13.20000,2.40000,0.00000,0.00000
3975,208.30361,0.03371,Yakından incele · fire1,False,True,-3.00000,3.22000,-13.20000,2.40000,0.00000,0.00000
3976,208.33668,0.03308,Yakından incele · fire1,False,True,-3.00000,3.22000,-13.20000,2.40000,0.00000,0.00000
3977,208.36940,0.03271,Yakından incele · fire1,False,True,-3.00000,3.22000,-13.20000,2.40000,0.00000,0.00000
3978,208.41685,0.04746,Yakından incele · fire1,False,True,-3.00000,3.22000,-13.20000,2.40000,0.00000,0.00000
3979,208.45062,0.03376,Yakından incele · fire1,False,True,-3.00000,3.22000,-13.20000,2.40000,0.00000,0.00000
3980,208.48451,0.03389,Yakından incele · fire1,False,True,-3.00000,3.22000,-13.20000,2.40000,0.00000,0.00000
3981,208.51835,0.03384,Yakından incele · fire1,False,True,-3.00000,3.22000,-13.20000,2.40000,0.00000,0.00000
3982,208.54957,0.03123,Yakından incele · fire1,False,True,-3.00000,3.22000,-13.20000,2.40000,0.00000,0.00000
3983,208.58333,0.03376,Yakından incele · fire1,False,True,-3.00000,3.22000,-13.20000,2.40000,0.00000,0.00000
3984,208.61692,0.03359,Yakından incele · fire1,False,True,-3.00000,3.22000,-13.20000,2.40000,0.00000,0.00000
3985,208.65047,0.03354,Yakından incele · fire1,False,True,-3.00000,3.22000,-13.20000,2.40000,0.00000,0.00000
3986,208.68392,0.03345,Yakından incele · fire1,False,True,-3.00000,3.22000,-13.20000,2.40000,0.00000,0.00000
3987,208.71735,0.03343,Yakından incele · fire1,False,True,-3.00000,3.22000,-13.20000,2.40000,0.00000,0.00000
3988,208.75102,0.03367,Yakından incele · fire1,False,True,-3.00000,3.22000,-13.20000,2.40000,0.00000,0.00000
3989,208.78414,0.03311,Yakından incele · fire1,False,True,-3.00000,3.22000,-13.20000,2.40000,0.00000,0.00000
3990,208.81707,0.03294,Yakından incele · fire1,False,True,-3.00000,3.22000,-13.20000,2.40000,0.00000,0.00000
3991,208.85140,0.03432,Yakından incele · fire1,False,True,-3.00000,3.22000,-13.20000,2.40000,0.00000,0.00000
3992,208.88447,0.03307,Yakından incele · fire1,False,True,-3.00000,3.22000,-13.20000,2.40000,0.00000,0.00000
3993,208.91634,0.03187,Yakından incele · fire1,False,True,-3.00000,3.22000,-13.20000,2.40000,0.00000,0.00000
3994,208.95099,0.03465,Yakından incele · fire1,False,True,-3.00000,3.22000,-13.20000,2.40000,0.00000,0.00000
3995,208.98497,0.03398,Yakından incele · fire1,False,True,-3.00000,3.22000,-13.20000,2.40000,0.00000,0.00000
3996,209.01622,0.03125,Yakından incele · fire1,False,True,-3.00000,3.22000,-13.20000,2.40000,0.00000,0.00000
3997,209.05116,0.03494,Yakından incele · fire1,False,True,-3.00000,3.22000,-13.20000,2.40000,0.00000,0.00000
3998,209.08385,0.03269,Yakından incele · fire1,False,True,-3.00000,3.22000,-13.20000,2.40000,0.00000,0.00000
3999,209.11733,0.03349,Yakından incele · fire1,False,True,-3.00000,3.22000,-13.20000,2.40000,0.00000,0.00000
4000,209.15161,0.03428,Yakından incele · fire1,False,True,-3.00000,3.22000,-13.20000,2.40000,0.00000,0.00000
4001,209.18517,0.03356,Yakından incele · fire1,False,True,-3.00000,3.22000,-13.20000,2.40000,0.00000,0.00000
4002,209.21758,0.03240,Yakından incele · fire1,False,True,-3.00000,3.22000,-13.20000,2.40000,0.00000,0.00000
4003,209.25026,0.03268,Yakından incele · fire1,False,True,-3.00000,3.22000,-13.20000,2.40000,0.00000,0.00000
4004,209.28454,0.03428,Yakından incele · fire1,False,True,-3.00000,3.22000,-13.20000,2.40000,0.00000,0.00000
4005,209.31705,0.03251,Yakından incele · fire1,False,True,-3.00000,3.22000,-13.20000,2.40000,0.00000,0.00000
4006,209.35074,0.03369,Yakından incele · fire1,False,True,-3.00000,3.22000,-13.20000,2.40000,0.00000,0.00000
4007,209.38412,0.03338,Yakından incele · fire1,False,True,-3.00000,3.22000,-13.20000,2.40000,0.00000,0.00000
4008,209.41799,0.03387,Yakından incele · fire1,False,True,-3.00000,3.22000,-13.20000,2.40000,0.00000,0.00000
4009,209.45102,0.03304,Yakından incele · fire1,False,True,-3.00000,3.22000,-13.20000,2.40000,0.00000,0.00000
4010,209.48278,0.03175,Yakından incele · fire1,False,True,-3.00000,3.22000,-13.20000,2.40000,0.00000,0.00000
4011,209.51712,0.03434,Yakından incele · fire1,False,True,-3.00000,3.22000,-13.20000,2.40000,0.00000,0.00000
4012,209.55196,0.03484,Yakından incele · fire1,False,True,-3.00000,3.22000,-13.20000,2.40000,0.00000,0.00000
4013,209.58399,0.03203,Yakından incele · fire1,False,True,-3.00000,3.22000,-13.20000,2.40000,0.00000,0.00000
4014,209.61564,0.03165,Yakından incele · fire1,False,True,-3.00000,3.22000,-13.20000,2.40000,0.00000,0.00000
4015,209.64957,0.03393,Yakından incele · fire1,False,True,-3.00000,3.22000,-13.20000,2.40000,0.00000,0.00000
4016,209.68469,0.03512,Yakından incele · fire1,False,True,-3.00000,3.22000,-13.20000,2.40000,0.00000,0.00000
4017,209.71771,0.03302,Yakından incele · fire1,False,True,-3.00000,3.22000,-13.20000,2.40000,0.00000,0.00000
4018,209.74942,0.03170,Yakından incele · fire1,False,True,-3.00000,3.22000,-13.20000,2.40000,0.00000,0.00000
4019,209.78339,0.03397,Yakından incele · fire1,False,True,-3.00000,3.22000,-13.20000,2.40000,0.00000,0.00000
4020,209.81728,0.03389,Yakından incele · fire1,False,True,-3.00000,3.22000,-13.20000,2.40000,0.00000,0.00000
4021,209.85028,0.03299,Yakından incele · fire1,False,True,-3.00000,3.22000,-13.20000,2.40000,0.00000,0.00000
4022,209.88406,0.03378,Yakından incele · fire1,False,True,-3.00000,3.22000,-13.20000,2.40000,0.00000,0.00000
4023,209.91814,0.03408,Yakından incele · fire1,False,True,-3.00000,3.22000,-13.20000,2.40000,0.00000,0.00000
4024,209.95128,0.03314,Yakından incele · fire1,False,True,-3.00000,3.22000,-13.20000,2.40000,0.00000,0.00000
4025,209.98462,0.03334,Yakından incele · fire1,False,True,-3.00000,3.22000,-13.20000,2.40000,0.00000,0.00000
4026,210.01731,0.03270,Yakından incele · fire1,False,True,-3.00000,3.22000,-13.20000,2.40000,0.00000,0.00000
4027,210.05051,0.03319,Yakından incele · fire1,False,True,-3.00000,3.22000,-13.20000,2.40000,0.00000,0.00000
4028,210.08536,0.03485,Yakından incele · fire1,False,True,-3.00000,3.22000,-13.20000,2.40000,0.00000,0.00000
4029,210.11704,0.03168,Yakından incele · fire1,False,True,-3.00000,3.22000,-13.20000,2.40000,0.00000,0.00000
4030,210.15083,0.03380,Yakından incele · fire1,False,True,-3.00000,3.22000,-13.20000,2.40000,0.00000,0.00000
4031,210.18422,0.03339,Yakından incele · fire1,False,True,-3.00000,3.22000,-13.20000,2.40000,0.00000,0.00000
4032,210.21701,0.03278,Yakından incele · fire1,False,True,-3.00000,3.22000,-13.20000,2.40000,0.00000,0.00000
4033,210.25039,0.03339,Yakından incele · fire1,False,True,-3.00000,3.22000,-13.20000,2.40000,0.00000,0.00000
4034,210.28404,0.03364,Yakından incele · fire1,False,True,-3.00000,3.22000,-13.20000,2.40000,0.00000,0.00000
4035,210.31696,0.03292,Yakından incele · fire1,False,True,-3.00000,3.22000,-13.20000,2.40000,0.00000,0.00000
4036,210.35141,0.03445,Yakından incele · fire1,False,True,-3.00000,3.22000,-13.20000,2.40000,0.00000,0.00000
4037,210.38439,0.03298,Yakından incele · fire1,False,True,-3.00000,3.22000,-13.20000,2.40000,0.00000,0.00000
4038,210.41818,0.03379,Yakından incele · fire1,False,True,-3.00000,3.22000,-13.20000,2.40000,0.00000,0.00000
4039,210.45165,0.03347,Yakından incele · fire1,False,True,-3.00000,3.22000,-13.20000,2.40000,0.00000,0.00000
4040,210.48469,0.03304,Yakından incele · fire1,False,True,-3.00000,3.22000,-13.20000,2.40000,0.00000,0.00000
4041,210.51757,0.03288,Yakından incele · fire1,False,True,-3.00000,3.22000,-13.20000,2.40000,0.00000,0.00000
4042,210.55156,0.03400,Yakından incele · fire1,False,True,-3.00000,3.22000,-13.20000,2.40000,0.00000,0.00000
4043,210.58705,0.03549,Yakından incele · fire1,False,True,-3.00000,3.22000,-13.20000,2.40000,0.00000,0.00000
4044,210.61869,0.03164,Yakından incele · fire1,False,True,-3.00000,3.22000,-13.20000,2.40000,0.00000,0.00000
4045,210.65075,0.03206,Yakından incele · fire1,False,True,-3.00000,3.22000,-13.20000,2.40000,0.00000,0.00000
4046,210.68378,0.03302,Yakından incele · fire1,False,True,-3.00000,3.22000,-13.20000,2.40000,0.00000,0.00000
4047,210.71670,0.03292,Yakından incele · fire1,False,True,-3.00000,3.22000,-13.20000,2.40000,0.00000,0.00000
4048,210.75002,0.03332,Yakından incele · fire1,False,True,-3.00000,3.22000,-13.20000,2.40000,0.00000,0.00000
4049,210.78444,0.03441,Yakından incele · fire1,False,True,-3.00000,3.22000,-13.20000,2.40000,0.00000,0.00000
4050,210.81679,0.03235,Yakından incele · fire1,False,True,-3.00000,3.22000,-13.20000,2.40000,0.00000,0.00000
4051,210.84938,0.03259,Yakından incele · fire1,False,True,-3.00000,3.22000,-13.20000,2.40000,0.00000,0.00000
4052,210.88364,0.03426,Yakından incele · fire1,False,True,-3.00000,3.22000,-13.20000,2.40000,0.00000,0.00000
4053,210.91687,0.03324,Yakından incele · fire1,False,True,-3.00000,3.22000,-13.20000,2.40000,0.00000,0.00000
4054,210.95018,0.03331,Yakından incele · fire1,False,True,-3.00000,3.22000,-13.20000,2.40000,0.00000,0.00000
4055,210.98368,0.03350,Yakından incele · fire1,False,True,-3.00000,3.22000,-13.20000,2.40000,0.00000,0.00000
4056,211.01620,0.03252,Yakından incele · fire1,False,True,-3.00000,3.22000,-13.20000,2.40000,0.00000,0.00000
4057,211.04973,0.03353,Yakından incele · fire1,False,True,-3.00000,3.22000,-13.20000,2.40000,0.00000,0.00000
4058,211.08370,0.03397,Yakından incele · fire1,False,True,-3.00000,3.22000,-13.20000,2.40000,0.00000,0.00000
4059,211.11794,0.03424,Yakından incele · fire1,False,True,-3.00000,3.22000,-13.20000,2.40000,0.00000,0.00000
4060,211.15039,0.03245,Yakından incele · fire1,False,True,-3.00000,3.22000,-13.20000,2.40000,0.00000,0.00000
4061,211.18370,0.03331,Yakından incele · fire1,False,True,-3.00000,3.22000,-13.20000,2.40000,0.00000,0.00000
4062,211.21743,0.03373,Yakından incele · fire1,False,True,-3.00000,3.22000,-13.20000,2.40000,0.00000,0.00000
4063,211.25075,0.03332,Yakından incele · fire1,False,True,-3.00000,3.22000,-13.20000,2.40000,0.00000,0.00000
4064,211.28349,0.03274,Yakından incele · fire1,False,True,-3.00000,3.22000,-13.20000,2.40000,0.00000,0.00000
4065,211.31730,0.03381,Yakından incele · fire1,False,True,-3.00000,3.22000,-13.20000,2.40000,0.00000,0.00000
4066,211.35170,0.03440,Yakından incele · fire1,False,True,-3.00000,3.22000,-13.20000,2.40000,0.00000,0.00000
4067,211.38495,0.03325,Yakından incele · fire1,False,True,-3.00000,3.22000,-13.20000,2.40000,0.00000,0.00000
4068,211.41752,0.03256,Yakından incele · fire1,False,True,-3.00000,3.22000,-13.20000,2.40000,0.00000,0.00000
4069,211.45090,0.03339,Yakından incele · fire1,False,True,-3.00000,3.22000,-13.20000,2.40000,0.00000,0.00000
4070,211.48448,0.03358,Yakından incele · fire1,False,True,-3.00000,3.22000,-13.20000,2.40000,0.00000,0.00000
4071,211.51703,0.03254,Yakından incele · fire1,False,True,-3.00000,3.22000,-13.20000,2.40000,0.00000,0.00000
4072,211.55039,0.03337,Yakından incele · fire1,False,True,-3.00000,3.22000,-13.20000,2.40000,0.00000,0.00000
4073,211.58324,0.03284,Yakından incele · fire1,False,True,-3.00000,3.22000,-13.20000,2.40000,0.00000,0.00000
4074,211.61607,0.03283,Yakından incele · fire1,False,True,-3.00000,3.22000,-13.20000,2.40000,0.00000,0.00000
4075,211.65121,0.03514,Yakından incele · fire1,False,True,-3.00000,3.22000,-13.20000,2.40000,0.00000,0.00000
4076,211.68350,0.03229,Yakından incele · fire1,False,True,-3.00000,3.22000,-13.20000,2.40000,0.00000,0.00000
4077,211.73108,0.04757,Yakından incele · fire1,False,True,-3.00000,3.22000,-13.20000,2.40000,0.00000,0.00000
4078,211.76510,0.03403,Yakından incele · fire1,False,True,-3.00000,3.22000,-13.20000,2.40000,0.00000,0.00000
4079,211.79829,0.03318,Yakından incele · fire1,False,True,-3.00000,3.22000,-13.20000,2.40000,0.00000,0.00000
4080,211.83227,0.03398,Yakından incele · fire1,False,True,-3.00000,3.22000,-13.20000,2.40000,0.00000,0.00000
4081,211.86611,0.03385,Yakından incele · fire1,False,True,-3.00000,3.22000,-13.20000,2.40000,0.00000,0.00000
4082,211.91071,0.04460,Yakından incele · fire1,False,True,-3.00000,3.22000,-13.20000,2.40000,0.00000,0.00000
4083,211.94337,0.03265,Yakından incele · fire1,False,True,-3.00000,3.22000,-13.20000,2.40000,0.00000,0.00000
4084,211.96551,0.02215,Yakından incele · fire1,False,True,-3.00000,3.22000,-13.20000,2.40000,0.00000,0.00000
4085,211.99933,0.03382,Yakından incele · fire1,False,True,-3.00000,3.22000,-13.20000,2.40000,0.00000,0.00000
4086,212.03254,0.03321,Yakından incele · fire1,False,True,-3.00000,3.22000,-13.20000,2.40000,0.00000,0.00000
4087,212.06505,0.03250,Yakından incele · fire1,False,True,-3.00000,3.22000,-13.20000,2.40000,0.00000,0.00000
4088,212.09882,0.03377,Yakından incele · fire1,False,True,-3.00000,3.22000,-13.20000,2.40000,0.00000,0.00000
4089,212.13250,0.03368,Yakından incele · fire1,False,True,-3.00000,3.22000,-13.20000,2.40000,0.00000,0.00000
4090,212.16652,0.03403,Yakından incele · fire1,False,True,-3.00000,3.22000,-13.20000,2.40000,0.00000,0.00000
4091,212.19840,0.03187,Yakından incele · fire1,False,True,-3.00000,3.22000,-13.20000,2.40000,0.00000,0.00000
4092,212.23179,0.03339,Yakından incele · fire1,False,True,-3.00000,3.22000,-13.20000,2.40000,0.00000,0.00000
4093,212.26552,0.03373,Yakından incele · fire1,False,True,-3.00000,3.22000,-13.20000,2.40000,0.00000,0.00000
4094,212.29929,0.03377,Yakından incele · fire1,False,True,-3.00000,3.22000,-13.20000,2.40000,0.00000,0.00000
4095,212.33216,0.03287,Yakından incele · fire1,False,True,-3.00000,3.22000,-13.20000,2.40000,0.00000,0.00000
4096,212.36547,0.03331,Yakından incele · fire1,False,True,-3.00000,3.22000,-13.20000,2.40000,0.00000,0.00000
4097,212.39898,0.03351,Yakından incele · fire1,False,True,-3.00000,3.22000,-13.20000,2.40000,0.00000,0.00000
4098,212.43216,0.03318,Yakından incele · fire1,False,True,-3.00000,3.22000,-13.20000,2.40000,0.00000,0.00000
4099,212.46551,0.03334,Yakından incele · fire1,False,True,-3.00000,3.22000,-13.20000,2.40000,0.00000,0.00000
4100,212.49924,0.03373,Yakından incele · fire1,False,True,-3.00000,3.22000,-13.20000,2.40000,0.00000,0.00000
4101,212.53164,0.03241,Yakından incele · fire1,False,True,-3.00000,3.22000,-13.20000,2.40000,0.00000,0.00000
4102,212.56436,0.03272,Yakından incele · fire1,False,True,-3.00000,3.22000,-13.20000,2.40000,0.00000,0.00000
4103,212.59806,0.03369,Yakından incele · fire1,False,True,-3.00000,3.22000,-13.20000,2.40000,0.00000,0.00000
4104,212.63148,0.03342,Yakından incele · fire1,False,True,-3.00000,3.22000,-13.20000,2.40000,0.00000,0.00000
4105,212.66493,0.03346,Yakından incele · fire1,False,True,-3.00000,3.22000,-13.20000,2.40000,0.00000,0.00000
4106,212.70025,0.03531,Yakından incele · fire1,False,True,-3.00000,3.22000,-13.20000,2.40000,0.00000,0.00000
4107,212.73214,0.03189,Yakından incele · fire1,False,True,-3.00000,3.22000,-13.20000,2.40000,0.00000,0.00000
4108,212.76551,0.03337,Yakından incele · fire1,False,True,-3.00000,3.22000,-13.20000,2.40000,0.00000,0.00000
4109,212.79870,0.03319,Yakından incele · fire1,False,True,-3.00000,3.22000,-13.20000,2.40000,0.00000,0.00000
4110,212.83224,0.03354,Yakından incele · fire1,False,True,-3.00000,3.22000,-13.20000,2.40000,0.00000,0.00000
4111,212.86540,0.03316,Yakından incele · fire1,False,True,-3.00000,3.22000,-13.20000,2.40000,0.00000,0.00000
4112,212.89880,0.03340,Yakından incele · fire1,False,True,-3.00000,3.22000,-13.20000,2.40000,0.00000,0.00000
4113,212.93179,0.03299,Yakından incele · fire1,False,True,-3.00000,3.22000,-13.20000,2.40000,0.00000,0.00000
4114,212.96463,0.03285,Yakından incele · fire1,False,True,-3.00000,3.22000,-13.20000,2.40000,0.00000,0.00000
4115,212.99911,0.03447,Yakından incele · fire1,False,True,-3.00000,3.22000,-13.20000,2.40000,0.00000,0.00000
4116,213.03208,0.03297,Yakından incele · fire1,False,True,-3.00000,3.22000,-13.20000,2.40000,0.00000,0.00000
4117,213.06483,0.03276,Yakından incele · fire1,False,True,-3.00000,3.22000,-13.20000,2.40000,0.00000,0.00000
4118,213.09874,0.03391,Yakından incele · fire1,False,True,-3.00000,3.22000,-13.20000,2.40000,0.00000,0.00000
4119,213.13229,0.03355,Yakından incele · fire1,False,True,-3.00000,3.22000,-13.20000,2.40000,0.00000,0.00000
4120,213.16530,0.03300,Yakından incele · fire1,False,True,-3.00000,3.22000,-13.20000,2.40000,0.00000,0.00000
4121,213.19961,0.03431,Yakından incele · fire1,False,True,-3.00000,3.22000,-13.20000,2.40000,0.00000,0.00000
4122,213.23152,0.03191,Yakından incele · fire1,False,True,-3.00000,3.22000,-13.20000,2.40000,0.00000,0.00000
4123,213.26532,0.03381,Yakından incele · fire1,False,True,-3.00000,3.22000,-13.20000,2.40000,0.00000,0.00000
4124,213.29832,0.03299,Yakından incele · fire1,False,True,-3.00000,3.22000,-13.20000,2.40000,0.00000,0.00000
4125,213.33286,0.03454,Yakından incele · fire1,False,True,-3.00000,3.22000,-13.20000,2.40000,0.00000,0.00000
4126,213.36608,0.03322,Yakından incele · fire1,False,True,-3.00000,3.22000,-13.20000,2.40000,0.00000,0.00000
4127,213.39740,0.03132,Yakından incele · fire1,False,True,-3.00000,3.22000,-13.20000,2.40000,0.00000,0.00000
4128,213.43137,0.03397,Yakından incele · fire1,False,True,-3.00000,3.22000,-13.20000,2.40000,0.00000,0.00000
4129,213.46568,0.03431,Yakından incele · fire1,False,True,-3.00000,3.22000,-13.20000,2.40000,0.00000,0.00000
4130,213.49814,0.03247,Yakından incele · fire1,False,True,-3.00000,3.22000,-13.20000,2.40000,0.00000,0.00000
4131,213.53171,0.03357,Yakından incele · fire1,False,True,-3.00000,3.22000,-13.20000,2.40000,0.00000,0.00000
4132,213.56518,0.03347,Yakından incele · fire1,False,True,-3.00000,3.22000,-13.20000,2.40000,0.00000,0.00000
4133,213.59862,0.03344,Yakından incele · fire1,False,True,-3.00000,3.22000,-13.20000,2.40000,0.00000,0.00000
4134,213.63268,0.03406,Yakından incele · fire1,False,True,-3.00000,3.22000,-13.20000,2.40000,0.00000,0.00000
4135,213.66638,0.03370,Yakından incele · fire1,False,True,-3.00000,3.22000,-13.20000,2.40000,0.00000,0.00000
4136,213.70076,0.03438,Yakından incele · fire1,False,True,-3.00000,3.22000,-13.20000,2.40000,0.00000,0.00000
4137,213.73179,0.03104,Yakından incele · fire1,False,True,-3.00000,3.22000,-13.20000,2.40000,0.00000,0.00000
4138,213.76581,0.03401,Yakından incele · fire1,False,True,-3.00000,3.22000,-13.20000,2.40000,0.00000,0.00000
4139,213.79920,0.03340,Yakından incele · fire1,False,True,-3.00000,3.22000,-13.20000,2.40000,0.00000,0.00000
4140,213.83197,0.03277,Yakından incele · fire1,False,True,-3.00000,3.22000,-13.20000,2.40000,0.00000,0.00000
4141,213.86563,0.03366,Yakından incele · fire1,False,True,-3.00000,3.22000,-13.20000,2.40000,0.00000,0.00000
4142,213.89798,0.03235,Yakından incele · fire1,False,True,-3.00000,3.22000,-13.20000,2.40000,0.00000,0.00000
4143,213.93192,0.03394,Yakından incele · fire1,False,True,-3.00000,3.22000,-13.20000,2.40000,0.00000,0.00000
4144,213.96620,0.03428,Yakından incele · fire1,False,True,-3.00000,3.22000,-13.20000,2.40000,0.00000,0.00000
4145,213.99890,0.03270,Yakından incele · fire1,False,True,-3.00000,3.22000,-13.20000,2.40000,0.00000,0.00000
4146,214.03288,0.03398,Yakından incele · fire1,False,True,-3.00000,3.22000,-13.20000,2.40000,0.00000,0.00000
4147,214.06604,0.03316,Yakından incele · fire1,False,True,-3.00000,3.22000,-13.20000,2.40000,0.00000,0.00000
4148,214.09839,0.03235,Yakından incele · fire1,False,True,-3.00000,3.22000,-13.20000,2.40000,0.00000,0.00000
4149,214.13113,0.03274,Yakından incele · fire1,False,True,-3.00000,3.22000,-13.20000,2.40000,0.00000,0.00000
4150,214.16457,0.03344,Yakından incele · fire1,False,True,-3.00000,3.22000,-13.20000,2.40000,0.00000,0.00000
4151,214.19938,0.03481,Yakından incele · fire1,False,True,-3.00000,3.22000,-13.20000,2.40000,0.00000,0.00000
4152,214.23412,0.03474,Yakından incele · fire1,False,True,-3.00000,3.22000,-13.20000,2.40000,0.00000,0.00000
4153,214.26504,0.03093,Yakından incele · fire1,False,True,-3.00000,3.22000,-13.20000,2.40000,0.00000,0.00000
4154,214.29825,0.03320,Yakından incele · fire1,False,True,-3.00000,3.22000,-13.20000,2.40000,0.00000,0.00000
4155,214.33223,0.03399,Yakından incele · fire1,False,True,-3.00000,3.22000,-13.20000,2.40000,0.00000,0.00000
4156,214.36569,0.03345,Yakından incele · fire1,False,True,-3.00000,3.22000,-13.20000,2.40000,0.00000,0.00000
4157,214.39916,0.03347,Yakından incele · fire1,False,True,-3.00000,3.22000,-13.20000,2.40000,0.00000,0.00000
4158,214.43266,0.03351,Yakından incele · fire1,False,True,-3.00000,3.22000,-13.20000,2.40000,0.00000,0.00000
4159,214.46636,0.03370,Yakından incele · fire1,False,True,-3.00000,3.22000,-13.20000,2.40000,0.00000,0.00000
4160,214.49890,0.03254,Yakından incele · fire1,False,True,-3.00000,3.22000,-13.20000,2.40000,0.00000,0.00000
4161,214.53234,0.03344,Yakından incele · fire1,False,True,-3.00000,3.22000,-13.20000,2.40000,0.00000,0.00000
4162,214.56585,0.03351,Yakından incele · fire1,False,True,-3.00000,3.22000,-13.20000,2.40000,0.00000,0.00000
4163,214.59907,0.03322,Yakından incele · fire1,False,True,-3.00000,3.22000,-13.20000,2.40000,0.00000,0.00000
4164,214.63245,0.03338,Yakından incele · fire1,False,True,-3.00000,3.22000,-13.20000,2.40000,0.00000,0.00000
4165,214.66537,0.03291,Yakından incele · fire1,False,True,-3.00000,3.22000,-13.20000,2.40000,0.00000,0.00000
4166,214.69869,0.03332,Yakından incele · fire1,False,True,-3.00000,3.22000,-13.20000,2.40000,0.00000,0.00000
4167,214.73232,0.03363,Yakından incele · fire1,False,True,-3.00000,3.22000,-13.20000,2.40000,0.00000,0.00000
4168,214.76656,0.03425,Yakından incele · fire1,False,True,-3.00000,3.22000,-13.20000,2.40000,0.00000,0.00000
4169,214.79771,0.03114,Yakından incele · fire1,False,True,-3.00000,3.22000,-13.20000,2.40000,0.00000,0.00000
4170,214.83149,0.03379,Yakından incele · fire1,False,True,-3.00000,3.22000,-13.20000,2.40000,0.00000,0.00000
4171,214.86537,0.03388,Yakından incele · fire1,False,True,-3.00000,3.22000,-13.20000,2.40000,0.00000,0.00000
4172,214.89883,0.03345,Yakından incele · fire1,False,True,-3.00000,3.22000,-13.20000,2.40000,0.00000,0.00000
4173,214.93225,0.03343,Yakından incele · fire1,False,True,-3.00000,3.22000,-13.20000,2.40000,0.00000,0.00000
4174,214.96593,0.03367,Yakından incele · fire1,False,True,-3.00000,3.22000,-13.20000,2.40000,0.00000,0.00000
4175,215.00024,0.03431,Yakından incele · fire1,False,True,-3.00000,3.22000,-13.20000,2.40000,0.00000,0.00000
4176,215.04767,0.04743,Yakından incele · fire1,False,True,-3.00000,3.22000,-13.20000,2.40000,0.00000,0.00000
4177,215.07933,0.03166,Yakından incele · fire1,False,True,-3.00000,3.22000,-13.20000,2.40000,0.00000,0.00000
4178,215.11323,0.03390,Yakından incele · fire1,False,True,-3.00000,3.22000,-13.20000,2.40000,0.00000,0.00000
4179,215.14643,0.03321,Yakından incele · fire1,False,True,-3.00000,3.22000,-13.20000,2.40000,0.00000,0.00000
4180,215.17983,0.03339,Yakından incele · fire1,False,True,-3.00000,3.22000,-13.20000,2.40000,0.00000,0.00000
4181,215.21275,0.03292,Yakından incele · fire1,False,True,-3.00000,3.22000,-13.20000,2.40000,0.00000,0.00000
4182,215.24716,0.03441,Yakından incele · fire1,False,True,-3.00000,3.22000,-13.20000,2.40000,0.00000,0.00000
4183,215.28197,0.03481,Yakından incele · fire1,False,True,-3.00000,3.22000,-13.20000,2.40000,0.00000,0.00000
4184,215.31310,0.03113,Yakından incele · fire1,False,True,-3.00000,3.22000,-13.20000,2.40000,0.00000,0.00000
4185,215.34638,0.03328,Yakından incele · fire1,False,True,-3.00000,3.22000,-13.20000,2.40000,0.00000,0.00000
4186,215.37867,0.03229,Yakından incele · fire1,False,True,-3.00000,3.22000,-13.20000,2.40000,0.00000,0.00000
4187,215.41318,0.03450,Yakından incele · fire1,False,True,-3.00000,3.22000,-13.20000,2.40000,0.00000,0.00000
4188,215.45012,0.03694,Yakından incele · fire1,False,True,-3.00000,3.22000,-13.20000,2.40000,0.00000,0.00000
4189,215.47998,0.02986,Yakından incele · fire1,False,True,-3.00000,3.22000,-13.20000,2.40000,0.00000,0.00000
4190,215.51442,0.03444,Yakından incele · fire1,False,True,-3.00000,3.22000,-13.20000,2.40000,0.00000,0.00000
4191,215.54774,0.03332,Yakından incele · fire1,False,True,-3.00000,3.22000,-13.20000,2.40000,0.00000,0.00000
4192,215.58080,0.03307,Yakından incele · fire1,False,True,-3.00000,3.22000,-13.20000,2.40000,0.00000,0.00000
4193,215.61373,0.03293,Yakından incele · fire1,False,True,-3.00000,3.22000,-13.20000,2.40000,0.00000,0.00000
4194,215.64754,0.03381,Yakından incele · fire1,False,True,-3.00000,3.22000,-13.20000,2.40000,0.00000,0.00000
4195,215.68077,0.03323,Yakından incele · fire1,False,True,-3.00000,3.22000,-13.20000,2.40000,0.00000,0.00000
4196,215.71441,0.03364,Yakından incele · fire1,False,True,-3.00000,3.22000,-13.20000,2.40000,0.00000,0.00000
4197,215.74870,0.03429,Yakından incele · fire1,False,True,-3.00000,3.22000,-13.20000,2.40000,0.00000,0.00000
4198,215.78279,0.03409,Yakından incele · fire1,False,True,-3.00000,3.22000,-13.20000,2.40000,0.00000,0.00000
4199,215.81447,0.03168,Yakından incele · fire1,False,True,-3.00000,3.22000,-13.20000,2.40000,0.00000,0.00000
4200,215.84850,0.03403,Yakından incele · fire1,False,True,-3.00000,3.22000,-13.20000,2.40000,0.00000,0.00000
4201,215.88104,0.03253,Yakından incele · fire1,False,True,-3.00000,3.22000,-13.20000,2.40000,0.00000,0.00000
4202,215.91350,0.03246,Yakından incele · fire1,False,True,-3.00000,3.22000,-13.20000,2.40000,0.00000,0.00000
4203,215.94730,0.03380,Yakından incele · fire1,False,True,-3.00000,3.22000,-13.20000,2.40000,0.00000,0.00000
4204,215.98075,0.03345,Yakından incele · fire1,False,True,-3.00000,3.22000,-13.20000,2.40000,0.00000,0.00000
4205,216.01451,0.03376,Yakından incele · fire1,False,True,-3.00000,3.22000,-13.20000,2.40000,0.00000,0.00000
4206,216.04805,0.03354,Yakından incele · fire1,False,True,-3.00000,3.22000,-13.20000,2.40000,0.00000,0.00000
4207,216.08083,0.03278,Yakından incele · fire1,False,True,-3.00000,3.22000,-13.20000,2.40000,0.00000,0.00000
4208,216.11421,0.03338,Yakından incele · fire1,False,True,-3.00000,3.22000,-13.20000,2.40000,0.00000,0.00000
4209,216.14740,0.03320,Yakından incele · fire1,False,True,-3.00000,3.22000,-13.20000,2.40000,0.00000,0.00000
4210,216.18095,0.03354,Yakından incele · fire1,False,True,-3.00000,3.22000,-13.20000,2.40000,0.00000,0.00000
4211,216.21474,0.03380,Yakından incele · fire1,False,True,-3.00000,3.22000,-13.20000,2.40000,0.00000,0.00000
4212,216.24767,0.03293,Yakından incele · fire1,False,True,-3.00000,3.22000,-13.20000,2.40000,0.00000,0.00000
4213,216.28072,0.03305,Yakından incele · fire1,False,True,-3.00000,3.22000,-13.20000,2.40000,0.00000,0.00000
4214,216.31541,0.03469,Yakından incele · fire1,False,True,-3.00000,3.22000,-13.20000,2.40000,0.00000,0.00000
4215,216.34748,0.03206,Yakından incele · fire1,False,True,-3.00000,3.22000,-13.20000,2.40000,0.00000,0.00000
4216,216.38058,0.03310,Yakından incele · fire1,False,True,-3.00000,3.22000,-13.20000,2.40000,0.00000,0.00000
4217,216.41340,0.03282,Yakından incele · fire1,False,True,-3.00000,3.22000,-13.20000,2.40000,0.00000,0.00000
4218,216.44660,0.03321,Yakından incele · fire1,False,True,-3.00000,3.22000,-13.20000,2.40000,0.00000,0.00000
4219,216.48054,0.03394,Yakından incele · fire1,False,True,-3.00000,3.22000,-13.20000,2.40000,0.00000,0.00000
4220,216.51410,0.03356,Yakından incele · fire1,False,True,-3.00000,3.22000,-13.20000,2.40000,0.00000,0.00000
4221,216.54813,0.03403,Yakından incele · fire1,False,True,-3.00000,3.22000,-13.20000,2.40000,0.00000,0.00000
4222,216.58222,0.03410,Yakından incele · fire1,False,True,-3.00000,3.22000,-13.20000,2.40000,0.00000,0.00000
4223,216.61892,0.03670,Yakından incele · fire1,False,True,-3.00000,3.22000,-13.20000,2.40000,0.00000,0.00000
4224,216.65387,0.03495,Yakından incele · fire1,False,True,-3.00000,3.22000,-13.20000,2.40000,0.00000,0.00000
4225,216.68641,0.03253,Yakından incele · fire1,False,True,-3.00000,3.22000,-13.20000,2.40000,0.00000,0.00000
4226,216.71965,0.03324,Yakından incele · fire1,False,True,-3.00000,3.22000,-13.20000,2.40000,0.00000,0.00000
4227,216.75344,0.03379,Yakından incele · fire1,False,True,-3.00000,3.22000,-13.20000,2.40000,0.00000,0.00000
4228,216.78659,0.03315,Yakından incele · fire1,False,True,-3.00000,3.22000,-13.20000,2.40000,0.00000,0.00000
4229,216.82173,0.03514,Yakından incele · fire1,False,True,-3.00000,3.22000,-13.20000,2.40000,0.00000,0.00000
4230,216.85334,0.03161,Yakından incele · fire1,False,True,-3.00000,3.22000,-13.20000,2.40000,0.00000,0.00000
4231,216.88522,0.03189,Yakından incele · fire1,False,True,-3.00000,3.22000,-13.20000,2.40000,0.00000,0.00000
4232,216.91858,0.03336,Yakından incele · fire1,False,True,-3.00000,3.22000,-13.20000,2.40000,0.00000,0.00000
4233,216.97559,0.05702,Yakından incele · fire1,False,True,-3.00000,3.22000,-13.20000,2.40000,0.00000,0.00000
4234,217.00536,0.02976,Yakından incele · fire1,False,True,-3.00000,3.22000,-13.20000,2.40000,0.00000,0.00000
4235,217.01958,0.01422,Yakından incele · fire1,False,True,-3.00000,3.22000,-13.20000,2.40000,0.00000,0.00000
4236,217.04635,0.02677,Yakından incele · fire1,False,True,-3.00000,3.22000,-13.20000,2.40000,0.00000,0.00000
4237,217.07970,0.03335,Yakından incele · fire1,False,True,-3.00000,3.22000,-13.20000,2.40000,0.00000,0.00000
4238,217.11321,0.03352,Yakından incele · fire1,False,True,-3.00000,3.22000,-13.20000,2.40000,0.00000,0.00000
4239,217.14644,0.03322,Yakından incele · fire1,False,True,-3.00000,3.22000,-13.20000,2.40000,0.00000,0.00000
4240,217.17913,0.03269,Yakından incele · fire1,False,True,-3.00000,3.22000,-13.20000,2.40000,0.00000,0.00000
4241,217.21174,0.03261,Yakından incele · fire1,False,True,-3.00000,3.22000,-13.20000,2.40000,0.00000,0.00000
4242,217.24604,0.03430,Yakından incele · fire1,False,True,-3.00000,3.22000,-13.20000,2.40000,0.00000,0.00000
4243,217.28017,0.03413,Yakından incele · fire1,False,True,-3.00000,3.22000,-13.20000,2.40000,0.00000,0.00000
4244,217.31281,0.03264,Yakından incele · fire1,False,True,-3.00000,3.22000,-13.20000,2.40000,0.00000,0.00000
4245,217.34781,0.03501,Yakından incele · fire1,False,True,-3.00000,3.22000,-13.20000,2.40000,0.00000,0.00000
4246,217.38027,0.03246,Yakından incele · fire1,False,True,-3.00000,3.22000,-13.20000,2.40000,0.00000,0.00000
4247,217.41295,0.03268,Yakından incele · fire1,False,True,-3.00000,3.22000,-13.20000,2.40000,0.00000,0.00000
4248,217.44639,0.03344,Yakından incele · fire1,False,True,-3.00000,3.22000,-13.20000,2.40000,0.00000,0.00000
4249,217.47924,0.03284,Yakından incele · fire1,False,True,-3.00000,3.22000,-13.20000,2.40000,0.00000,0.00000
4250,217.51287,0.03363,Yakından incele · fire1,False,True,-3.00000,3.22000,-13.20000,2.40000,0.00000,0.00000
4251,217.54604,0.03317,Yakından incele · fire1,False,True,-3.00000,3.22000,-13.20000,2.40000,0.00000,0.00000
4252,217.57888,0.03284,Yakından incele · fire1,False,True,-3.00000,3.22000,-13.20000,2.40000,0.00000,0.00000
4253,217.61258,0.03370,Yakından incele · fire1,False,True,-3.00000,3.22000,-13.20000,2.40000,0.00000,0.00000
4254,217.64698,0.03441,Yakından incele · fire1,False,True,-3.00000,3.22000,-13.20000,2.40000,0.00000,0.00000
4255,217.67984,0.03286,Yakından incele · fire1,False,True,-3.00000,3.22000,-13.20000,2.40000,0.00000,0.00000
4256,217.71314,0.03330,Yakından incele · fire1,False,True,-3.00000,3.22000,-13.20000,2.40000,0.00000,0.00000
4257,217.74512,0.03199,Yakından incele · fire1,False,True,-3.00000,3.22000,-13.20000,2.40000,0.00000,0.00000
4258,217.77836,0.03324,Yakından incele · fire1,False,True,-3.00000,3.22000,-13.20000,2.40000,0.00000,0.00000
4259,217.81226,0.03390,Yakından incele · fire1,False,True,-3.00000,3.22000,-13.20000,2.40000,0.00000,0.00000
4260,217.84613,0.03387,Yakından incele · fire1,False,True,-3.00000,3.22000,-13.20000,2.40000,0.00000,0.00000
4261,217.88045,0.03432,Yakından incele · fire1,False,True,-3.00000,3.22000,-13.20000,2.40000,0.00000,0.00000
4262,217.92431,0.04385,Yakından incele · fire1,False,True,-3.00000,3.22000,-13.20000,2.40000,0.00000,0.00000
4263,217.95859,0.03428,Yakından incele · fire1,False,True,-3.00000,3.22000,-13.20000,2.40000,0.00000,0.00000
4264,217.97986,0.02127,Yakından incele · fire1,False,True,-3.00000,3.22000,-13.20000,2.40000,0.00000,0.00000
4265,218.01368,0.03382,Yakından incele · fire1,False,True,-3.00000,3.22000,-13.20000,2.40000,0.00000,0.00000
4266,218.04713,0.03345,Yakından incele · fire1,False,True,-3.00000,3.22000,-13.20000,2.40000,0.00000,0.00000
4267,218.07863,0.03149,Yakından incele · fire1,False,True,-3.00000,3.22000,-13.20000,2.40000,0.00000,0.00000
4268,218.11125,0.03262,Yakından incele · fire1,False,True,-3.00000,3.22000,-13.20000,2.40000,0.00000,0.00000
4269,218.14506,0.03381,Yakından incele · fire1,False,True,-3.00000,3.22000,-13.20000,2.40000,0.00000,0.00000
4270,218.17823,0.03317,Yakından incele · fire1,False,True,-3.00000,3.22000,-13.20000,2.40000,0.00000,0.00000
4271,218.22354,0.04531,Yakından incele · fire1,False,True,-3.00000,3.22000,-13.20000,2.40000,0.00000,0.00000
4272,218.25597,0.03243,Yakından incele · fire1,False,True,-3.00000,3.22000,-13.20000,2.40000,0.00000,0.00000
4273,218.27921,0.02324,Yakından incele · fire1,False,True,-3.00000,3.22000,-13.20000,2.40000,0.00000,0.00000
4274,218.31168,0.03247,Yakından incele · fire1,False,True,-3.00000,3.22000,-13.20000,2.40000,0.00000,0.00000
4275,218.35959,0.04791,Yakından incele · fire1,False,True,-3.00000,3.22000,-13.20000,2.40000,0.00000,0.00000
4276,218.39443,0.03484,Yakından incele · fire1,False,True,-3.00000,3.22000,-13.20000,2.40000,0.00000,0.00000
4277,218.42690,0.03247,Yakından incele · fire1,False,True,-3.00000,3.22000,-13.20000,2.40000,0.00000,0.00000
4278,218.46061,0.03371,Yakından incele · fire1,False,True,-3.00000,3.22000,-13.20000,2.40000,0.00000,0.00000
4279,218.49291,0.03229,Yakından incele · fire1,False,True,-3.00000,3.22000,-13.20000,2.40000,0.00000,0.00000
4280,218.52588,0.03297,Yakından incele · fire1,False,True,-3.00000,3.22000,-13.20000,2.40000,0.00000,0.00000
4281,218.55918,0.03330,Yakından incele · fire1,False,True,-3.00000,3.22000,-13.20000,2.40000,0.00000,0.00000
4282,218.59350,0.03433,Yakından incele · fire1,False,True,-3.00000,3.22000,-13.20000,2.40000,0.00000,0.00000
4283,218.62734,0.03384,Yakından incele · fire1,False,True,-3.00000,3.22000,-13.20000,2.40000,0.00000,0.00000
4284,218.65943,0.03209,Yakından incele · fire1,False,True,-3.00000,3.22000,-13.20000,2.40000,0.00000,0.00000
4285,218.69382,0.03439,Yakından incele · fire1,False,True,-3.00000,3.22000,-13.20000,2.40000,0.00000,0.00000
4286,218.72644,0.03262,Yakından incele · fire1,False,True,-3.00000,3.22000,-13.20000,2.40000,0.00000,0.00000
4287,218.75912,0.03267,Yakından incele · fire1,False,True,-3.00000,3.22000,-13.20000,2.40000,0.00000,0.00000
4288,218.79362,0.03450,Yakından incele · fire1,False,True,-3.00000,3.22000,-13.20000,2.40000,0.00000,0.00000
4289,218.82686,0.03324,Yakından incele · fire1,False,True,-3.00000,3.22000,-13.20000,2.40000,0.00000,0.00000
4290,218.85986,0.03300,Yakından incele · fire1,False,True,-3.00000,3.22000,-13.20000,2.40000,0.00000,0.00000
4291,218.89457,0.03470,Yakından incele · fire1,False,True,-3.00000,3.22000,-13.20000,2.40000,0.00000,0.00000
4292,218.92584,0.03128,Yakından incele · fire1,False,True,-3.00000,3.22000,-13.20000,2.40000,0.00000,0.00000
4293,218.95975,0.03391,Yakından incele · fire1,False,True,-3.00000,3.22000,-13.20000,2.40000,0.00000,0.00000
4294,218.99405,0.03430,Yakından incele · fire1,False,True,-3.00000,3.22000,-13.20000,2.40000,0.00000,0.00000
4295,219.02748,0.03344,Yakından incele · fire1,False,True,-3.00000,3.22000,-13.20000,2.40000,0.00000,0.00000
4296,219.05999,0.03251,Yakından incele · fire1,False,True,-3.00000,3.22000,-13.20000,2.40000,0.00000,0.00000
4297,219.09312,0.03313,Yakından incele · fire1,False,True,-3.00000,3.22000,-13.20000,2.40000,0.00000,0.00000
4298,219.12652,0.03339,Yakından incele · fire1,False,True,-3.00000,3.22000,-13.20000,2.40000,0.00000,0.00000
4299,219.15985,0.03333,Yakından incele · fire1,False,True,-3.00000,3.22000,-13.20000,2.40000,0.00000,0.00000
4300,219.19352,0.03367,Yakından incele · fire1,False,True,-3.00000,3.22000,-13.20000,2.40000,0.00000,0.00000
4301,219.22733,0.03381,Yakından incele · fire1,False,True,-3.00000,3.22000,-13.20000,2.40000,0.00000,0.00000
4302,219.26037,0.03304,Yakından incele · fire1,False,True,-3.00000,3.22000,-13.20000,2.40000,0.00000,0.00000
4303,219.29319,0.03282,Yakından incele · fire1,False,True,-3.00000,3.22000,-13.20000,2.40000,0.00000,0.00000
4304,219.32601,0.03282,Yakından incele · fire1,False,True,-3.00000,3.22000,-13.20000,2.40000,0.00000,0.00000
4305,219.36015,0.03414,Yakından incele · fire1,False,True,-3.00000,3.22000,-13.20000,2.40000,0.00000,0.00000
4306,219.39431,0.03416,Yakından incele · fire1,False,True,-3.00000,3.22000,-13.20000,2.40000,0.00000,0.00000
4307,219.42621,0.03191,Yakından incele · fire1,False,True,-3.00000,3.22000,-13.20000,2.40000,0.00000,0.00000
4308,219.46047,0.03426,Yakından incele · fire1,False,True,-3.00000,3.22000,-13.20000,2.40000,0.00000,0.00000
4309,219.49392,0.03345,Yakından incele · fire1,False,True,-3.00000,3.22000,-13.20000,2.40000,0.00000,0.00000
4310,219.52787,0.03394,Yakından incele · fire1,False,True,-3.00000,3.22000,-13.20000,2.40000,0.00000,0.00000
4311,219.56067,0.03280,Yakından incele · fire1,False,True,-3.00000,3.22000,-13.20000,2.40000,0.00000,0.00000
4312,219.59285,0.03218,Yakından incele · fire1,False,True,-3.00000,3.22000,-13.20000,2.40000,0.00000,0.00000
4313,219.62647,0.03362,Yakından incele · fire1,False,True,-3.00000,3.22000,-13.20000,2.40000,0.00000,0.00000
4314,219.66038,0.03391,Yakından incele · fire1,False,True,-3.00000,3.22000,-13.20000,2.40000,0.00000,0.00000
4315,219.69395,0.03357,Yakından incele · fire1,False,True,-3.00000,3.22000,-13.20000,2.40000,0.00000,0.00000
4316,219.72707,0.03311,Yakından incele · fire1,False,True,-3.00000,3.22000,-13.20000,2.40000,0.00000,0.00000
4317,219.76070,0.03363,Yakından incele · fire1,False,True,-3.00000,3.22000,-13.20000,2.40000,0.00000,0.00000
4318,219.79362,0.03292,Yakından incele · fire1,False,True,-3.00000,3.22000,-13.20000,2.40000,0.00000,0.00000
4319,219.82631,0.03269,Yakından incele · fire1,False,True,-3.00000,3.22000,-13.20000,2.40000,0.00000,0.00000
4320,219.86019,0.03388,Yakından incele · fire1,False,True,-3.00000,3.22000,-13.20000,2.40000,0.00000,0.00000
4321,219.89600,0.03581,Yakından incele · fire1,False,True,-3.00000,3.22000,-13.20000,2.40000,0.00000,0.00000
4322,219.92717,0.03117,Yakından incele · fire1,False,True,-3.00000,3.22000,-13.20000,2.40000,0.00000,0.00000
4323,219.95951,0.03234,Yakından incele · fire1,False,True,-3.00000,3.22000,-13.20000,2.40000,0.00000,0.00000
4324,219.99329,0.03378,Yakından incele · fire1,False,True,-3.00000,3.22000,-13.20000,2.40000,0.00000,0.00000
4325,220.02711,0.03382,Yakından incele · fire1,False,True,-3.00000,3.22000,-13.20000,2.40000,0.00000,0.00000
4326,220.05980,0.03270,Yakından incele · fire1,False,True,-3.00000,3.22000,-13.20000,2.40000,0.00000,0.00000
4327,220.09438,0.03458,Yakından incele · fire1,False,True,-3.00000,3.22000,-13.20000,2.40000,0.00000,0.00000
4328,220.12714,0.03276,Yakından incele · fire1,False,True,-3.00000,3.22000,-13.20000,2.40000,0.00000,0.00000
4329,220.15939,0.03225,Yakından incele · fire1,False,True,-3.00000,3.22000,-13.20000,2.40000,0.00000,0.00000
4330,220.19276,0.03336,Yakından incele · fire1,False,True,-3.00000,3.22000,-13.20000,2.40000,0.00000,0.00000
4331,220.22687,0.03411,Yakından incele · fire1,False,True,-3.00000,3.22000,-13.20000,2.40000,0.00000,0.00000
4332,220.25977,0.03290,Yakından incele · fire1,False,True,-3.00000,3.22000,-13.20000,2.40000,0.00000,0.00000
4333,220.29317,0.03339,Yakından incele · fire1,False,True,-3.00000,3.22000,-13.20000,2.40000,0.00000,0.00000
4334,220.32654,0.03337,Yakından incele · fire1,False,True,-3.00000,3.22000,-13.20000,2.40000,0.00000,0.00000
4335,220.35942,0.03289,Yakından incele · fire1,False,True,-3.00000,3.22000,-13.20000,2.40000,0.00000,0.00000
4336,220.39205,0.03263,Yakından incele · fire1,False,True,-3.00000,3.22000,-13.20000,2.40000,0.00000,0.00000
4337,220.42749,0.03544,Yakından incele · fire1,False,True,-3.00000,3.22000,-13.20000,2.40000,0.00000,0.00000
4338,220.45995,0.03246,Yakından incele · fire1,False,True,-3.00000,3.22000,-13.20000,2.40000,0.00000,0.00000
4339,220.49294,0.03299,Yakından incele · fire1,False,True,-3.00000,3.22000,-13.20000,2.40000,0.00000,0.00000
4340,220.52656,0.03362,Yakından incele · fire1,False,True,-3.00000,3.22000,-13.20000,2.40000,0.00000,0.00000
4341,220.56003,0.03348,Yakından incele · fire1,False,True,-3.00000,3.22000,-13.20000,2.40000,0.00000,0.00000
4342,220.59314,0.03310,Yakından incele · fire1,False,True,-3.00000,3.22000,-13.20000,2.40000,0.00000,0.00000
4343,220.62633,0.03319,Yakından incele · fire1,False,True,-3.00000,3.22000,-13.20000,2.40000,0.00000,0.00000
4344,220.65922,0.03289,Yakından incele · fire1,False,True,-3.00000,3.22000,-13.20000,2.40000,0.00000,0.00000
4345,220.69282,0.03360,Yakından incele · fire1,False,True,-3.00000,3.22000,-13.20000,2.40000,0.00000,0.00000
4346,220.72668,0.03386,Yakından incele · fire1,False,True,-3.00000,3.22000,-13.20000,2.40000,0.00000,0.00000
4347,220.75962,0.03294,Yakından incele · fire1,False,True,-3.00000,3.22000,-13.20000,2.40000,0.00000,0.00000
4348,220.79233,0.03271,Yakından incele · fire1,False,True,-3.00000,3.22000,-13.20000,2.40000,0.00000,0.00000
4349,220.82526,0.03294,Yakından incele · fire1,False,True,-3.00000,3.22000,-13.20000,2.40000,0.00000,0.00000
4350,220.85969,0.03442,Yakından incele · fire1,False,True,-3.00000,3.22000,-13.20000,2.40000,0.00000,0.00000
4351,220.89368,0.03399,Yakından incele · fire1,False,True,-3.00000,3.22000,-13.20000,2.40000,0.00000,0.00000
4352,220.92754,0.03386,Yakından incele · fire1,False,True,-3.00000,3.22000,-13.20000,2.40000,0.00000,0.00000
4353,220.95894,0.03140,Yakından incele · fire1,False,True,-3.00000,3.22000,-13.20000,2.40000,0.00000,0.00000
4354,220.99248,0.03354,Yakından incele · fire1,False,True,-3.00000,3.22000,-13.20000,2.40000,0.00000,0.00000
4355,221.02676,0.03428,Yakından incele · fire1,False,True,-3.00000,3.22000,-13.20000,2.40000,0.00000,0.00000
4356,221.05911,0.03235,Yakından incele · fire1,False,True,-3.00000,3.22000,-13.20000,2.40000,0.00000,0.00000
4357,221.09265,0.03353,Yakından incele · fire1,False,True,-3.00000,3.22000,-13.20000,2.40000,0.00000,0.00000
4358,221.12650,0.03385,Yakından incele · fire1,False,True,-3.00000,3.22000,-13.20000,2.40000,0.00000,0.00000
4359,221.15959,0.03309,Yakından incele · fire1,False,True,-3.00000,3.22000,-13.20000,2.40000,0.00000,0.00000
4360,221.19319,0.03361,Yakından incele · fire1,False,True,-3.00000,3.22000,-13.20000,2.40000,0.00000,0.00000
4361,221.22659,0.03340,Yakından incele · fire1,False,True,-3.00000,3.22000,-13.20000,2.40000,0.00000,0.00000
4362,221.25968,0.03309,Yakından incele · fire1,False,True,-3.00000,3.22000,-13.20000,2.40000,0.00000,0.00000
4363,221.29347,0.03378,Yakından incele · fire1,False,True,-3.00000,3.22000,-13.20000,2.40000,0.00000,0.00000
4364,221.32683,0.03336,Yakından incele · fire1,False,True,-3.00000,3.22000,-13.20000,2.40000,0.00000,0.00000
4365,221.35963,0.03280,Yakından incele · fire1,False,True,-3.00000,3.22000,-13.20000,2.40000,0.00000,0.00000
4366,221.39264,0.03301,Yakından incele · fire1,False,True,-3.00000,3.22000,-13.20000,2.40000,0.00000,0.00000
4367,221.42682,0.03418,Yakından incele · fire1,False,True,-3.00000,3.22000,-13.20000,2.40000,0.00000,0.00000
4368,221.45880,0.03198,Yakından incele · fire1,False,True,-3.00000,3.22000,-13.20000,2.40000,0.00000,0.00000
4369,221.49333,0.03452,Yakından incele · fire1,False,True,-3.00000,3.22000,-13.20000,2.40000,0.00000,0.00000
4370,221.52690,0.03358,Yakından incele · fire1,False,True,-3.00000,3.22000,-13.20000,2.40000,0.00000,0.00000
4371,221.55960,0.03270,Yakından incele · fire1,False,True,-3.00000,3.22000,-13.20000,2.40000,0.00000,0.00000
4372,221.59298,0.03338,Yakından incele · fire1,False,True,-3.00000,3.22000,-13.20000,2.40000,0.00000,0.00000
4373,221.62657,0.03358,Yakından incele · fire1,False,True,-3.00000,3.22000,-13.20000,2.40000,0.00000,0.00000
4374,221.67368,0.04711,Yakından incele · fire1,False,True,-3.00000,3.22000,-13.20000,2.40000,0.00000,0.00000
4375,221.70642,0.03274,Yakından incele · fire1,False,True,-3.00000,3.22000,-13.20000,2.40000,0.00000,0.00000
4376,221.73845,0.03203,Yakından incele · fire1,False,True,-3.00000,3.22000,-13.20000,2.40000,0.00000,0.00000
4377,221.77302,0.03457,Yakından incele · fire1,False,True,-3.00000,3.22000,-13.20000,2.40000,0.00000,0.00000
4378,221.80669,0.03367,Yakından incele · fire1,False,True,-3.00000,3.22000,-13.20000,2.40000,0.00000,0.00000
4379,221.83929,0.03260,Yakından incele · fire1,False,True,-3.00000,3.22000,-13.20000,2.40000,0.00000,0.00000
4380,221.87199,0.03270,Yakından incele · fire1,False,True,-3.00000,3.22000,-13.20000,2.40000,0.00000,0.00000
4381,221.90589,0.03390,Yakından incele · fire1,False,True,-3.00000,3.22000,-13.20000,2.40000,0.00000,0.00000
4382,221.94061,0.03472,Yakından incele · fire1,False,True,-3.00000,3.22000,-13.20000,2.40000,0.00000,0.00000
4383,221.97334,0.03274,Yakından incele · fire1,False,True,-3.00000,3.22000,-13.20000,2.40000,0.00000,0.00000
4384,222.00573,0.03239,Yakından incele · fire1,False,True,-3.00000,3.22000,-13.20000,2.40000,0.00000,0.00000
4385,222.03836,0.03263,Yakından incele · fire1,False,True,-3.00000,3.22000,-13.20000,2.40000,0.00000,0.00000
4386,222.07232,0.03396,Yakından incele · fire1,False,True,-3.00000,3.22000,-13.20000,2.40000,0.00000,0.00000
4387,222.10614,0.03382,Yakından incele · fire1,False,True,-3.00000,3.22000,-13.20000,2.40000,0.00000,0.00000
4388,222.13909,0.03295,Yakından incele · fire1,False,True,-3.00000,3.22000,-13.20000,2.40000,0.00000,0.00000
4389,222.17167,0.03257,Yakından incele · fire1,False,True,-3.00000,3.22000,-13.20000,2.40000,0.00000,0.00000
4390,222.20555,0.03388,Yakından incele · fire1,False,True,-3.00000,3.22000,-13.20000,2.40000,0.00000,0.00000
4391,222.23934,0.03380,Yakından incele · fire1,False,True,-3.00000,3.22000,-13.20000,2.40000,0.00000,0.00000
4392,222.27280,0.03346,Yakından incele · fire1,False,True,-3.00000,3.22000,-13.20000,2.40000,0.00000,0.00000
4393,222.30652,0.03372,Yakından incele · fire1,False,True,-3.00000,3.22000,-13.20000,2.40000,0.00000,0.00000
4394,222.33957,0.03305,Yakından incele · fire1,False,True,-3.00000,3.22000,-13.20000,2.40000,0.00000,0.00000
4395,222.37330,0.03373,Yakından incele · fire1,False,True,-3.00000,3.22000,-13.20000,2.40000,0.00000,0.00000
4396,222.40612,0.03282,Yakından incele · fire1,False,True,-3.00000,3.22000,-13.20000,2.40000,0.00000,0.00000
4397,222.43880,0.03268,Yakından incele · fire1,False,True,-3.00000,3.22000,-13.20000,2.40000,0.00000,0.00000
4398,222.47362,0.03482,Yakından incele · fire1,False,True,-3.00000,3.22000,-13.20000,2.40000,0.00000,0.00000
4399,222.50576,0.03215,Yakından incele · fire1,False,True,-3.00000,3.22000,-13.20000,2.40000,0.00000,0.00000
4400,222.54025,0.03449,Yakından incele · fire1,False,True,-3.00000,3.22000,-13.20000,2.40000,0.00000,0.00000
4401,222.57280,0.03254,Yakından incele · fire1,False,True,-3.00000,3.22000,-13.20000,2.40000,0.00000,0.00000
4402,222.60584,0.03304,Yakından incele · fire1,False,True,-3.00000,3.22000,-13.20000,2.40000,0.00000,0.00000
4403,222.63975,0.03391,Yakından incele · fire1,False,True,-3.00000,3.22000,-13.20000,2.40000,0.00000,0.00000
4404,222.67611,0.03636,Yakından incele · fire1,False,True,-3.00000,3.22000,-13.20000,2.40000,0.00000,0.00000
4405,222.70907,0.03296,Yakından incele · fire1,False,True,-3.00000,3.22000,-13.20000,2.40000,0.00000,0.00000
4406,222.74002,0.03096,Yakından incele · fire1,False,True,-3.00000,3.22000,-13.20000,2.40000,0.00000,0.00000
4407,222.77245,0.03243,Yakından incele · fire1,False,True,-3.00000,3.22000,-13.20000,2.40000,0.00000,0.00000
4408,222.80608,0.03363,Yakından incele · fire1,False,True,-3.00000,3.22000,-13.20000,2.40000,0.00000,0.00000
4409,222.83972,0.03365,Yakından incele · fire1,False,True,-3.00000,3.22000,-13.20000,2.40000,0.00000,0.00000
4410,222.87225,0.03253,Yakından incele · fire1,False,True,-3.00000,3.22000,-13.20000,2.40000,0.00000,0.00000
4411,222.90675,0.03450,Yakından incele · fire1,False,True,-3.00000,3.22000,-13.20000,2.40000,0.00000,0.00000
4412,222.94015,0.03340,Yakından incele · fire1,False,True,-3.00000,3.22000,-13.20000,2.40000,0.00000,0.00000
4413,222.97277,0.03261,Yakından incele · fire1,False,True,-3.00000,3.22000,-13.20000,2.40000,0.00000,0.00000
4414,223.00753,0.03476,Yakından incele · fire1,False,True,-3.00000,3.22000,-13.20000,2.40000,0.00000,0.00000
4415,223.04031,0.03278,Yakından incele · fire1,False,True,-3.00000,3.22000,-13.20000,2.40000,0.00000,0.00000
4416,223.07355,0.03324,Yakından incele · fire1,False,True,-3.00000,3.22000,-13.20000,2.40000,0.00000,0.00000
4417,223.10589,0.03235,Yakından incele · fire1,False,True,-3.00000,3.22000,-13.20000,2.40000,0.00000,0.00000
4418,223.13925,0.03335,Yakından incele · fire1,False,True,-3.00000,3.22000,-13.20000,2.40000,0.00000,0.00000
4419,223.17345,0.03421,Yakından incele · fire1,False,True,-3.00000,3.22000,-13.20000,2.40000,0.00000,0.00000
4420,223.20543,0.03197,Yakından incele · fire1,False,True,-3.00000,3.22000,-13.20000,2.40000,0.00000,0.00000
4421,223.23817,0.03274,Yakından incele · fire1,False,True,-3.00000,3.22000,-13.20000,2.40000,0.00000,0.00000
4422,223.27176,0.03359,Yakından incele · fire1,False,True,-3.00000,3.22000,-13.20000,2.40000,0.00000,0.00000
4423,223.30696,0.03520,Yakından incele · fire1,False,True,-3.00000,3.22000,-13.20000,2.40000,0.00000,0.00000
4424,223.34024,0.03328,Yakından incele · fire1,False,True,-3.00000,3.22000,-13.20000,2.40000,0.00000,0.00000
4425,223.37240,0.03216,Yakından incele · fire1,False,True,-3.00000,3.22000,-13.20000,2.40000,0.00000,0.00000
4426,223.40544,0.03304,Yakından incele · fire1,False,True,-3.00000,3.22000,-13.20000,2.40000,0.00000,0.00000
4427,223.43934,0.03390,Yakından incele · fire1,False,True,-3.00000,3.22000,-13.20000,2.40000,0.00000,0.00000
4428,223.47352,0.03418,Yakından incele · fire1,False,True,-3.00000,3.22000,-13.20000,2.40000,0.00000,0.00000
4429,223.50773,0.03421,Yakından incele · fire1,False,True,-3.00000,3.22000,-13.20000,2.40000,0.00000,0.00000
4430,223.53884,0.03111,Yakından incele · fire1,False,True,-3.00000,3.22000,-13.20000,2.40000,0.00000,0.00000
4431,223.57243,0.03360,Yakından incele · fire1,False,True,-3.00000,3.22000,-13.20000,2.40000,0.00000,0.00000
4432,223.60746,0.03503,Yakından incele · fire1,False,True,-3.00000,3.22000,-13.20000,2.40000,0.00000,0.00000
4433,223.64043,0.03296,Yakından incele · fire1,False,True,-3.00000,3.22000,-13.20000,2.40000,0.00000,0.00000
4434,223.67274,0.03232,Yakından incele · fire1,False,True,-3.00000,3.22000,-13.20000,2.40000,0.00000,0.00000
4435,223.70586,0.03312,Yakından incele · fire1,False,True,-3.00000,3.22000,-13.20000,2.40000,0.00000,0.00000
4436,223.73919,0.03333,Yakından incele · fire1,False,True,-3.00000,3.22000,-13.20000,2.40000,0.00000,0.00000
4437,223.77232,0.03313,Yakından incele · fire1,False,True,-3.00000,3.22000,-13.20000,2.40000,0.00000,0.00000
4438,223.80519,0.03287,Yakından incele · fire1,False,True,-3.00000,3.22000,-13.20000,2.40000,0.00000,0.00000
4439,223.83975,0.03456,Yakından incele · fire1,False,True,-3.00000,3.22000,-13.20000,2.40000,0.00000,0.00000
4440,223.87310,0.03336,Yakından incele · fire1,False,True,-3.00000,3.22000,-13.20000,2.40000,0.00000,0.00000
4441,223.90549,0.03239,Yakından incele · fire1,False,True,-3.00000,3.22000,-13.20000,2.40000,0.00000,0.00000
4442,223.94165,0.03616,Yakından incele · fire1,False,True,-3.00000,3.22000,-13.20000,2.40000,0.00000,0.00000
4443,223.97479,0.03314,Yakından incele · fire2,True,True,-2.99141,3.22000,-13.20358,2.40000,0.00930,0.00000
4444,224.00327,0.02847,Yakından incele · fire2,True,True,-2.97209,3.22000,-13.21163,2.40000,0.02094,0.00000
4445,224.03531,0.03204,Yakından incele · fire2,True,True,-2.94068,3.22000,-13.22472,2.40000,0.03402,0.00000
4446,224.06812,0.03282,Yakından incele · fire2,True,True,-2.89744,3.22000,-13.24273,2.40000,0.04685,0.00000
4447,224.10177,0.03364,Yakından incele · fire2,True,True,-2.84098,3.22000,-13.26626,2.40000,0.06117,0.00000
4448,224.13394,0.03217,Yakından incele · fire2,True,True,-2.77709,3.22000,-13.29288,2.40000,0.06921,0.00000
4449,224.16667,0.03273,Yakından incele · fire2,True,True,-2.70359,3.22000,-13.32350,2.40000,0.07962,0.00000
4450,224.20021,0.03354,Yakından incele · fire2,True,True,-2.62248,3.22000,-13.35730,2.40000,0.08787,0.00000
4451,224.23455,0.03434,Yakından incele · fire2,True,True,-2.53104,3.22000,-13.39540,2.40000,0.09907,0.00000
4452,224.26799,0.03344,Yakından incele · fire2,True,True,-2.43477,3.22000,-13.43551,2.40000,0.10428,0.00000
4453,224.30136,0.03337,Yakından incele · fire2,True,True,-2.33352,3.22000,-13.47770,2.40000,0.10969,0.00000
4454,224.33385,0.03249,Yakından incele · fire2,True,True,-2.22759,3.22000,-13.52184,2.40000,0.11476,0.00000
4455,224.36688,0.03303,Yakından incele · fire2,True,True,-2.12132,3.22000,-13.56612,2.40000,0.11512,0.00000
4456,224.40117,0.03429,Yakından incele · fire2,True,True,-2.00831,3.22000,-13.61320,2.40000,0.12243,0.00000
4457,224.43441,0.03324,Yakından incele · fire2,True,True,-1.89250,3.22000,-13.66146,2.40000,0.12546,0.00000
4458,224.46692,0.03251,Yakından incele · fire2,True,True,-1.78101,3.22000,-13.70791,2.40000,0.12078,0.00000
4459,224.50084,0.03392,Yakından incele · fire2,True,True,-1.66709,3.22000,-13.75538,2.40000,0.12342,0.00000
4460,224.53639,0.03555,Yakından incele · fire2,True,True,-1.54807,3.22000,-13.80497,2.40000,0.12893,0.00000
4461,224.56810,0.03171,Yakından incele · fire2,True,True,-1.43967,3.22000,-13.85014,2.40000,0.11744,0.00000
4462,224.60117,0.03306,Yakından incele · fire2,True,True,-1.33460,3.22000,-13.89392,2.40000,0.11383,0.00000
4463,224.63411,0.03294,Yakından incele · fire2,True,True,-1.22858,3.22000,-13.93809,2.40000,0.11486,0.00000
4464,224.66692,0.03281,Yakından incele · fire2,True,True,-1.13216,3.22000,-13.97827,2.40000,0.10445,0.00000
4465,224.70040,0.03348,Yakından incele · fire2,True,True,-1.03667,3.22000,-14.01805,2.40000,0.10345,0.00000
4466,224.73380,0.03340,Yakından incele · fire2,True,True,-0.95103,3.22000,-14.05374,2.40000,0.09278,0.00000
4467,224.76778,0.03398,Yakından incele · fire2,True,True,-0.86967,3.22000,-14.08764,2.40000,0.08814,0.00000
4468,224.80114,0.03336,Yakından incele · fire2,True,True,-0.79897,3.22000,-14.11709,2.40000,0.07659,0.00000
4469,224.83454,0.03341,Yakından incele · fire2,True,True,-0.73678,3.22000,-14.14301,2.40000,0.06738,0.00000
4470,224.86758,0.03304,Yakından incele · fire2,True,True,-0.68545,3.22000,-14.16439,2.40000,0.05560,0.00000
4471,224.90120,0.03362,Yakından incele · fire2,True,True,-0.64578,3.22000,-14.18092,2.40000,0.04298,0.00000
4472,224.93528,0.03409,Yakından incele · fire2,True,True,-0.61709,3.22000,-14.19288,2.40000,0.03108,0.00000
4473,224.97816,0.04288,Yakından incele · fire2,True,True,-0.60048,3.22000,-14.19980,2.40000,0.01800,0.00000
4474,225.01089,0.03273,Yakından incele · fire2,False,True,-0.60000,3.22000,-14.20000,2.40000,0.00052,0.00000
4475,225.04484,0.03395,Yakından incele · fire2,False,True,-0.60000,3.22000,-14.20000,2.40000,0.00000,0.00000
4476,225.07747,0.03263,Yakından incele · fire2,False,True,-0.60000,3.22000,-14.20000,2.40000,0.00000,0.00000
4477,225.11092,0.03345,Yakından incele · fire2,False,True,-0.60000,3.22000,-14.20000,2.40000,0.00000,0.00000
4478,225.14395,0.03304,Yakından incele · fire2,False,True,-0.60000,3.22000,-14.20000,2.40000,0.00000,0.00000
4479,225.17691,0.03296,Yakından incele · fire2,False,True,-0.60000,3.22000,-14.20000,2.40000,0.00000,0.00000
4480,225.20983,0.03292,Yakından incele · fire2,False,True,-0.60000,3.22000,-14.20000,2.40000,0.00000,0.00000
4481,225.24363,0.03380,Yakından incele · fire2,False,True,-0.60000,3.22000,-14.20000,2.40000,0.00000,0.00000
4482,225.27849,0.03486,Yakından incele · fire2,False,True,-0.60000,3.22000,-14.20000,2.40000,0.00000,0.00000
4483,225.31141,0.03292,Yakından incele · fire2,False,True,-0.60000,3.22000,-14.20000,2.40000,0.00000,0.00000
4484,225.34429,0.03288,Yakından incele · fire2,False,True,-0.60000,3.22000,-14.20000,2.40000,0.00000,0.00000
4485,225.37798,0.03369,Yakından incele · fire2,False,True,-0.60000,3.22000,-14.20000,2.40000,0.00000,0.00000
4486,225.41103,0.03305,Yakından incele · fire2,False,True,-0.60000,3.22000,-14.20000,2.40000,0.00000,0.00000
4487,225.44351,0.03248,Yakından incele · fire2,False,True,-0.60000,3.22000,-14.20000,2.40000,0.00000,0.00000
4488,225.47705,0.03353,Yakından incele · fire2,False,True,-0.60000,3.22000,-14.20000,2.40000,0.00000,0.00000
4489,225.51002,0.03297,Yakından incele · fire2,False,True,-0.60000,3.22000,-14.20000,2.40000,0.00000,0.00000
4490,225.54338,0.03336,Yakından incele · fire2,False,True,-0.60000,3.22000,-14.20000,2.40000,0.00000,0.00000
4491,225.57909,0.03571,Yakından incele · fire2,False,True,-0.60000,3.22000,-14.20000,2.40000,0.00000,0.00000
4492,225.62727,0.04818,Yakından incele · fire2,False,True,-0.60000,3.22000,-14.20000,2.40000,0.00000,0.00000
4493,225.64329,0.01601,Yakından incele · fire2,False,True,-0.60000,3.22000,-14.20000,2.40000,0.00000,0.00000
4494,225.67617,0.03288,Yakından incele · fire2,False,True,-0.60000,3.22000,-14.20000,2.40000,0.00000,0.00000
4495,225.70958,0.03341,Yakından incele · fire2,False,True,-0.60000,3.22000,-14.20000,2.40000,0.00000,0.00000
4496,225.74374,0.03416,Yakından incele · fire2,False,True,-0.60000,3.22000,-14.20000,2.40000,0.00000,0.00000
4497,225.77724,0.03349,Yakından incele · fire2,False,True,-0.60000,3.22000,-14.20000,2.40000,0.00000,0.00000
4498,225.81005,0.03282,Yakından incele · fire2,False,True,-0.60000,3.22000,-14.20000,2.40000,0.00000,0.00000
4499,225.84323,0.03317,Yakından incele · fire2,False,True,-0.60000,3.22000,-14.20000,2.40000,0.00000,0.00000
4500,225.87747,0.03424,Yakından incele · fire2,False,True,-0.60000,3.22000,-14.20000,2.40000,0.00000,0.00000
4501,225.91134,0.03386,Yakından incele · fire2,False,True,-0.60000,3.22000,-14.20000,2.40000,0.00000,0.00000
4502,225.94494,0.03360,Yakından incele · fire2,False,True,-0.60000,3.22000,-14.20000,2.40000,0.00000,0.00000
4503,225.97750,0.03257,Yakından incele · fire2,False,True,-0.60000,3.22000,-14.20000,2.40000,0.00000,0.00000
4504,226.01063,0.03313,Yakından incele · fire2,False,True,-0.60000,3.22000,-14.20000,2.40000,0.00000,0.00000
4505,226.04385,0.03322,Yakından incele · fire2,False,True,-0.60000,3.22000,-14.20000,2.40000,0.00000,0.00000
4506,226.07740,0.03354,Yakından incele · fire2,False,True,-0.60000,3.22000,-14.20000,2.40000,0.00000,0.00000
4507,226.11239,0.03499,Yakından incele · fire2,False,True,-0.60000,3.22000,-14.20000,2.40000,0.00000,0.00000
4508,226.15681,0.04442,Yakından incele · fire2,False,True,-0.60000,3.22000,-14.20000,2.40000,0.00000,0.00000
4509,226.19402,0.03722,Yakından incele · fire2,False,True,-0.60000,3.22000,-14.20000,2.40000,0.00000,0.00000
4510,226.22026,0.02623,Yakından incele · fire2,False,True,-0.60000,3.22000,-14.20000,2.40000,0.00000,0.00000
4511,226.25455,0.03429,Yakından incele · fire2,False,True,-0.60000,3.22000,-14.20000,2.40000,0.00000,0.00000
4512,226.28587,0.03133,Yakından incele · fire2,False,True,-0.60000,3.22000,-14.20000,2.40000,0.00000,0.00000
4513,226.31807,0.03220,Yakından incele · fire2,False,True,-0.60000,3.22000,-14.20000,2.40000,0.00000,0.00000
4514,226.35155,0.03348,Yakından incele · fire2,False,True,-0.60000,3.22000,-14.20000,2.40000,0.00000,0.00000
4515,226.38545,0.03389,Yakından incele · fire2,False,True,-0.60000,3.22000,-14.20000,2.40000,0.00000,0.00000
4516,226.41909,0.03364,Yakından incele · fire2,False,True,-0.60000,3.22000,-14.20000,2.40000,0.00000,0.00000
4517,226.45191,0.03282,Yakından incele · fire2,False,True,-0.60000,3.22000,-14.20000,2.40000,0.00000,0.00000
4518,226.48330,0.03139,Yakından incele · fire2,False,True,-0.60000,3.22000,-14.20000,2.40000,0.00000,0.00000
4519,226.51726,0.03396,Yakından incele · fire2,False,True,-0.60000,3.22000,-14.20000,2.40000,0.00000,0.00000
4520,226.55172,0.03446,Yakından incele · fire2,False,True,-0.60000,3.22000,-14.20000,2.40000,0.00000,0.00000
4521,226.58463,0.03291,Yakından incele · fire2,False,True,-0.60000,3.22000,-14.20000,2.40000,0.00000,0.00000
4522,226.62003,0.03540,Yakından incele · fire2,False,True,-0.60000,3.22000,-14.20000,2.40000,0.00000,0.00000
4523,226.65257,0.03254,Yakından incele · fire2,False,True,-0.60000,3.22000,-14.20000,2.40000,0.00000,0.00000
4524,226.68611,0.03354,Yakından incele · fire2,False,True,-0.60000,3.22000,-14.20000,2.40000,0.00000,0.00000
4525,226.72143,0.03532,Yakından incele · fire2,False,True,-0.60000,3.22000,-14.20000,2.40000,0.00000,0.00000
4526,226.75326,0.03183,Yakından incele · fire2,False,True,-0.60000,3.22000,-14.20000,2.40000,0.00000,0.00000
4527,226.78657,0.03331,Yakından incele · fire2,False,True,-0.60000,3.22000,-14.20000,2.40000,0.00000,0.00000
4528,226.82558,0.03901,Yakından incele · fire2,False,True,-0.60000,3.22000,-14.20000,2.40000,0.00000,0.00000
4529,226.85727,0.03169,Yakından incele · fire2,False,True,-0.60000,3.22000,-14.20000,2.40000,0.00000,0.00000
4530,226.88697,0.02970,Yakından incele · fire2,False,True,-0.60000,3.22000,-14.20000,2.40000,0.00000,0.00000
4531,226.91995,0.03298,Yakından incele · fire2,False,True,-0.60000,3.22000,-14.20000,2.40000,0.00000,0.00000
4532,226.96234,0.04240,Yakından incele · fire2,False,True,-0.60000,3.22000,-14.20000,2.40000,0.00000,0.00000
4533,226.99908,0.03674,Yakından incele · fire2,False,True,-0.60000,3.22000,-14.20000,2.40000,0.00000,0.00000
4534,227.02830,0.02921,Yakından incele · fire2,False,True,-0.60000,3.22000,-14.20000,2.40000,0.00000,0.00000
4535,227.06414,0.03584,Yakından incele · fire2,False,True,-0.60000,3.22000,-14.20000,2.40000,0.00000,0.00000
4536,227.09349,0.02936,Yakından incele · fire2,False,True,-0.60000,3.22000,-14.20000,2.40000,0.00000,0.00000
4537,227.12158,0.02808,Yakından incele · fire2,False,True,-0.60000,3.22000,-14.20000,2.40000,0.00000,0.00000
4538,227.15283,0.03125,Yakından incele · fire2,False,True,-0.60000,3.22000,-14.20000,2.40000,0.00000,0.00000
4539,227.18549,0.03266,Yakından incele · fire2,False,True,-0.60000,3.22000,-14.20000,2.40000,0.00000,0.00000
4540,227.21964,0.03415,Yakından incele · fire2,False,True,-0.60000,3.22000,-14.20000,2.40000,0.00000,0.00000
4541,227.25284,0.03320,Yakından incele · fire2,False,True,-0.60000,3.22000,-14.20000,2.40000,0.00000,0.00000
4542,227.28477,0.03193,Yakından incele · fire2,False,True,-0.60000,3.22000,-14.20000,2.40000,0.00000,0.00000
4543,227.31944,0.03467,Yakından incele · fire2,False,True,-0.60000,3.22000,-14.20000,2.40000,0.00000,0.00000
4544,227.35196,0.03252,Yakından incele · fire2,False,True,-0.60000,3.22000,-14.20000,2.40000,0.00000,0.00000
4545,227.38355,0.03159,Yakından incele · fire2,False,True,-0.60000,3.22000,-14.20000,2.40000,0.00000,0.00000
4546,227.41861,0.03506,Yakından incele · fire2,False,True,-0.60000,3.22000,-14.20000,2.40000,0.00000,0.00000
4547,227.45363,0.03502,Yakından incele · fire2,False,True,-0.60000,3.22000,-14.20000,2.40000,0.00000,0.00000
4548,227.48603,0.03240,Yakından incele · fire2,False,True,-0.60000,3.22000,-14.20000,2.40000,0.00000,0.00000
4549,227.51677,0.03074,Yakından incele · fire2,False,True,-0.60000,3.22000,-14.20000,2.40000,0.00000,0.00000
4550,227.55113,0.03436,Yakından incele · fire2,False,True,-0.60000,3.22000,-14.20000,2.40000,0.00000,0.00000
4551,227.58488,0.03375,Yakından incele · fire2,False,True,-0.60000,3.22000,-14.20000,2.40000,0.00000,0.00000
4552,227.61795,0.03307,Yakından incele · fire2,False,True,-0.60000,3.22000,-14.20000,2.40000,0.00000,0.00000
4553,227.65359,0.03564,Yakından incele · fire2,False,True,-0.60000,3.22000,-14.20000,2.40000,0.00000,0.00000
4554,227.68559,0.03200,Yakından incele · fire2,False,True,-0.60000,3.22000,-14.20000,2.40000,0.00000,0.00000
4555,227.71928,0.03369,Yakından incele · fire2,False,True,-0.60000,3.22000,-14.20000,2.40000,0.00000,0.00000
4556,227.75243,0.03315,Yakından incele · fire2,False,True,-0.60000,3.22000,-14.20000,2.40000,0.00000,0.00000
4557,227.78556,0.03312,Yakından incele · fire2,False,True,-0.60000,3.22000,-14.20000,2.40000,0.00000,0.00000
4558,227.81849,0.03294,Yakından incele · fire2,False,True,-0.60000,3.22000,-14.20000,2.40000,0.00000,0.00000
4559,227.85088,0.03239,Yakından incele · fire2,False,True,-0.60000,3.22000,-14.20000,2.40000,0.00000,0.00000
4560,227.88371,0.03283,Yakından incele · fire2,False,True,-0.60000,3.22000,-14.20000,2.40000,0.00000,0.00000
4561,227.91740,0.03369,Yakından incele · fire2,False,True,-0.60000,3.22000,-14.20000,2.40000,0.00000,0.00000
4562,227.95094,0.03354,Yakından incele · fire2,False,True,-0.60000,3.22000,-14.20000,2.40000,0.00000,0.00000
4563,227.98486,0.03391,Yakından incele · fire2,False,True,-0.60000,3.22000,-14.20000,2.40000,0.00000,0.00000
4564,228.01841,0.03356,Yakından incele · fire2,False,True,-0.60000,3.22000,-14.20000,2.40000,0.00000,0.00000
4565,228.05090,0.03248,Yakından incele · fire2,False,True,-0.60000,3.22000,-14.20000,2.40000,0.00000,0.00000
4566,228.08489,0.03399,Yakından incele · fire2,False,True,-0.60000,3.22000,-14.20000,2.40000,0.00000,0.00000
4567,228.11830,0.03341,Yakından incele · fire2,False,True,-0.60000,3.22000,-14.20000,2.40000,0.00000,0.00000
4568,228.15179,0.03348,Yakından incele · fire2,False,True,-0.60000,3.22000,-14.20000,2.40000,0.00000,0.00000
4569,228.18556,0.03378,Yakından incele · fire2,False,True,-0.60000,3.22000,-14.20000,2.40000,0.00000,0.00000
4570,228.21757,0.03201,Yakından incele · fire2,False,True,-0.60000,3.22000,-14.20000,2.40000,0.00000,0.00000
4571,228.25150,0.03392,Yakından incele · fire2,False,True,-0.60000,3.22000,-14.20000,2.40000,0.00000,0.00000
4572,228.29894,0.04745,Yakından incele · fire2,False,True,-0.60000,3.22000,-14.20000,2.40000,0.00000,0.00000
4573,228.33224,0.03330,Yakından incele · fire2,False,True,-0.60000,3.22000,-14.20000,2.40000,0.00000,0.00000
4574,228.36932,0.03708,Yakından incele · fire2,False,True,-0.60000,3.22000,-14.20000,2.40000,0.00000,0.00000
4575,228.40745,0.03813,Yakından incele · fire2,False,True,-0.60000,3.22000,-14.20000,2.40000,0.00000,0.00000
4576,228.43746,0.03001,Yakından incele · fire2,False,True,-0.60000,3.22000,-14.20000,2.40000,0.00000,0.00000
4577,228.46659,0.02913,Yakından incele · fire2,False,True,-0.60000,3.22000,-14.20000,2.40000,0.00000,0.00000
4578,228.49881,0.03223,Yakından incele · fire2,False,True,-0.60000,3.22000,-14.20000,2.40000,0.00000,0.00000
4579,228.53262,0.03380,Yakından incele · fire2,False,True,-0.60000,3.22000,-14.20000,2.40000,0.00000,0.00000
4580,228.56662,0.03401,Yakından incele · fire2,False,True,-0.60000,3.22000,-14.20000,2.40000,0.00000,0.00000
4581,228.59951,0.03289,Yakından incele · fire2,False,True,-0.60000,3.22000,-14.20000,2.40000,0.00000,0.00000
4582,228.63268,0.03317,Yakından incele · fire2,False,True,-0.60000,3.22000,-14.20000,2.40000,0.00000,0.00000
4583,228.66613,0.03346,Yakından incele · fire2,False,True,-0.60000,3.22000,-14.20000,2.40000,0.00000,0.00000
4584,228.70067,0.03453,Yakından incele · fire2,False,True,-0.60000,3.22000,-14.20000,2.40000,0.00000,0.00000
4585,228.73184,0.03118,Yakından incele · fire2,False,True,-0.60000,3.22000,-14.20000,2.40000,0.00000,0.00000
4586,228.76555,0.03371,Yakından incele · fire2,False,True,-0.60000,3.22000,-14.20000,2.40000,0.00000,0.00000
4587,228.79906,0.03351,Yakından incele · fire2,False,True,-0.60000,3.22000,-14.20000,2.40000,0.00000,0.00000
4588,228.83233,0.03327,Yakından incele · fire2,False,True,-0.60000,3.22000,-14.20000,2.40000,0.00000,0.00000
4589,228.86611,0.03378,Yakından incele · fire2,False,True,-0.60000,3.22000,-14.20000,2.40000,0.00000,0.00000
4590,228.89875,0.03263,Yakından incele · fire2,False,True,-0.60000,3.22000,-14.20000,2.40000,0.00000,0.00000
4591,228.93235,0.03360,Yakından incele · fire2,False,True,-0.60000,3.22000,-14.20000,2.40000,0.00000,0.00000
4592,228.96598,0.03363,Yakından incele · fire2,False,True,-0.60000,3.22000,-14.20000,2.40000,0.00000,0.00000
4593,228.99926,0.03328,Yakından incele · fire2,False,True,-0.60000,3.22000,-14.20000,2.40000,0.00000,0.00000
4594,229.03227,0.03300,Yakından incele · fire2,False,True,-0.60000,3.22000,-14.20000,2.40000,0.00000,0.00000
4595,229.06604,0.03377,Yakından incele · fire2,False,True,-0.60000,3.22000,-14.20000,2.40000,0.00000,0.00000
4596,229.09888,0.03284,Yakından incele · fire2,False,True,-0.60000,3.22000,-14.20000,2.40000,0.00000,0.00000
4597,229.13253,0.03365,Yakından incele · fire2,False,True,-0.60000,3.22000,-14.20000,2.40000,0.00000,0.00000
4598,229.16726,0.03473,Yakından incele · fire2,False,True,-0.60000,3.22000,-14.20000,2.40000,0.00000,0.00000
4599,229.20126,0.03400,Yakından incele · fire2,False,True,-0.60000,3.22000,-14.20000,2.40000,0.00000,0.00000
4600,229.23267,0.03141,Yakından incele · fire2,False,True,-0.60000,3.22000,-14.20000,2.40000,0.00000,0.00000
4601,229.26663,0.03396,Yakından incele · fire2,False,True,-0.60000,3.22000,-14.20000,2.40000,0.00000,0.00000
4602,229.29886,0.03222,Yakından incele · fire2,False,True,-0.60000,3.22000,-14.20000,2.40000,0.00000,0.00000
4603,229.33214,0.03329,Yakından incele · fire2,False,True,-0.60000,3.22000,-14.20000,2.40000,0.00000,0.00000
4604,229.36606,0.03392,Yakından incele · fire2,False,True,-0.60000,3.22000,-14.20000,2.40000,0.00000,0.00000
4605,229.39953,0.03346,Yakından incele · fire2,False,True,-0.60000,3.22000,-14.20000,2.40000,0.00000,0.00000
4606,229.43250,0.03297,Yakından incele · fire2,False,True,-0.60000,3.22000,-14.20000,2.40000,0.00000,0.00000
4607,229.46585,0.03336,Yakından incele · fire2,False,True,-0.60000,3.22000,-14.20000,2.40000,0.00000,0.00000
4608,229.49973,0.03388,Yakından incele · fire2,False,True,-0.60000,3.22000,-14.20000,2.40000,0.00000,0.00000
4609,229.53331,0.03358,Yakından incele · fire2,False,True,-0.60000,3.22000,-14.20000,2.40000,0.00000,0.00000
4610,229.56658,0.03327,Yakından incele · fire2,False,True,-0.60000,3.22000,-14.20000,2.40000,0.00000,0.00000
4611,229.59938,0.03280,Yakından incele · fire2,False,True,-0.60000,3.22000,-14.20000,2.40000,0.00000,0.00000
4612,229.63288,0.03350,Yakından incele · fire2,False,True,-0.60000,3.22000,-14.20000,2.40000,0.00000,0.00000
4613,229.66573,0.03285,Yakından incele · fire2,False,True,-0.60000,3.22000,-14.20000,2.40000,0.00000,0.00000
4614,229.69945,0.03372,Yakından incele · fire2,False,True,-0.60000,3.22000,-14.20000,2.40000,0.00000,0.00000
4615,229.73373,0.03428,Yakından incele · fire2,False,True,-0.60000,3.22000,-14.20000,2.40000,0.00000,0.00000
4616,229.76644,0.03271,Yakından incele · fire2,False,True,-0.60000,3.22000,-14.20000,2.40000,0.00000,0.00000
4617,229.79978,0.03335,Yakından incele · fire2,False,True,-0.60000,3.22000,-14.20000,2.40000,0.00000,0.00000
4618,229.83233,0.03254,Yakından incele · fire2,False,True,-0.60000,3.22000,-14.20000,2.40000,0.00000,0.00000
4619,229.86616,0.03383,Yakından incele · fire2,False,True,-0.60000,3.22000,-14.20000,2.40000,0.00000,0.00000
4620,229.89939,0.03323,Yakından incele · fire2,False,True,-0.60000,3.22000,-14.20000,2.40000,0.00000,0.00000
4621,229.93319,0.03379,Yakından incele · fire2,False,True,-0.60000,3.22000,-14.20000,2.40000,0.00000,0.00000
4622,229.96646,0.03327,Yakından incele · fire2,False,True,-0.60000,3.22000,-14.20000,2.40000,0.00000,0.00000
4623,229.99984,0.03339,Yakından incele · fire2,False,True,-0.60000,3.22000,-14.20000,2.40000,0.00000,0.00000
4624,230.03249,0.03265,Yakından incele · fire2,False,True,-0.60000,3.22000,-14.20000,2.40000,0.00000,0.00000
4625,230.06579,0.03330,Yakından incele · fire2,False,True,-0.60000,3.22000,-14.20000,2.40000,0.00000,0.00000
4626,230.09927,0.03348,Yakından incele · fire2,False,True,-0.60000,3.22000,-14.20000,2.40000,0.00000,0.00000
4627,230.13328,0.03401,Yakından incele · fire2,False,True,-0.60000,3.22000,-14.20000,2.40000,0.00000,0.00000
4628,230.16611,0.03284,Yakından incele · fire2,False,True,-0.60000,3.22000,-14.20000,2.40000,0.00000,0.00000
4629,230.19876,0.03265,Yakından incele · fire2,False,True,-0.60000,3.22000,-14.20000,2.40000,0.00000,0.00000
4630,230.23222,0.03346,Yakından incele · fire2,False,True,-0.60000,3.22000,-14.20000,2.40000,0.00000,0.00000
4631,230.26667,0.03445,Yakından incele · fire2,False,True,-0.60000,3.22000,-14.20000,2.40000,0.00000,0.00000
4632,230.29925,0.03258,Yakından incele · fire2,False,True,-0.60000,3.22000,-14.20000,2.40000,0.00000,0.00000
4633,230.33250,0.03325,Yakından incele · fire2,False,True,-0.60000,3.22000,-14.20000,2.40000,0.00000,0.00000
4634,230.36610,0.03360,Yakından incele · fire2,False,True,-0.60000,3.22000,-14.20000,2.40000,0.00000,0.00000
4635,230.39999,0.03389,Yakından incele · fire2,False,True,-0.60000,3.22000,-14.20000,2.40000,0.00000,0.00000
4636,230.43294,0.03296,Yakından incele · fire2,False,True,-0.60000,3.22000,-14.20000,2.40000,0.00000,0.00000
4637,230.46656,0.03361,Yakından incele · fire2,False,True,-0.60000,3.22000,-14.20000,2.40000,0.00000,0.00000
4638,230.49911,0.03255,Yakından incele · fire2,False,True,-0.60000,3.22000,-14.20000,2.40000,0.00000,0.00000
4639,230.53190,0.03278,Yakından incele · fire2,False,True,-0.60000,3.22000,-14.20000,2.40000,0.00000,0.00000
4640,230.56622,0.03433,Yakından incele · fire2,False,True,-0.60000,3.22000,-14.20000,2.40000,0.00000,0.00000
4641,230.59916,0.03294,Yakından incele · fire2,False,True,-0.60000,3.22000,-14.20000,2.40000,0.00000,0.00000
4642,230.63284,0.03368,Yakından incele · fire2,False,True,-0.60000,3.22000,-14.20000,2.40000,0.00000,0.00000
4643,230.66685,0.03401,Yakından incele · fire2,False,True,-0.60000,3.22000,-14.20000,2.40000,0.00000,0.00000
4644,230.69952,0.03267,Yakından incele · fire2,False,True,-0.60000,3.22000,-14.20000,2.40000,0.00000,0.00000
4645,230.73247,0.03295,Yakından incele · fire2,False,True,-0.60000,3.22000,-14.20000,2.40000,0.00000,0.00000
4646,230.76721,0.03473,Yakından incele · fire2,False,True,-0.60000,3.22000,-14.20000,2.40000,0.00000,0.00000
4647,230.79914,0.03193,Yakından incele · fire2,False,True,-0.60000,3.22000,-14.20000,2.40000,0.00000,0.00000
4648,230.83276,0.03362,Yakından incele · fire2,False,True,-0.60000,3.22000,-14.20000,2.40000,0.00000,0.00000
4649,230.86555,0.03279,Yakından incele · fire2,False,True,-0.60000,3.22000,-14.20000,2.40000,0.00000,0.00000
4650,230.89785,0.03230,Yakından incele · fire2,False,True,-0.60000,3.22000,-14.20000,2.40000,0.00000,0.00000
4651,230.93188,0.03404,Yakından incele · fire2,False,True,-0.60000,3.22000,-14.20000,2.40000,0.00000,0.00000
4652,230.96590,0.03402,Yakından incele · fire2,False,True,-0.60000,3.22000,-14.20000,2.40000,0.00000,0.00000
4653,230.99930,0.03339,Yakından incele · fire2,False,True,-0.60000,3.22000,-14.20000,2.40000,0.00000,0.00000
4654,231.03214,0.03284,Yakından incele · fire2,False,True,-0.60000,3.22000,-14.20000,2.40000,0.00000,0.00000
4655,231.06562,0.03349,Yakından incele · fire2,False,True,-0.60000,3.22000,-14.20000,2.40000,0.00000,0.00000
4656,231.09929,0.03366,Yakından incele · fire2,False,True,-0.60000,3.22000,-14.20000,2.40000,0.00000,0.00000
4657,231.13260,0.03331,Yakından incele · fire2,False,True,-0.60000,3.22000,-14.20000,2.40000,0.00000,0.00000
4658,231.16663,0.03403,Yakından incele · fire2,False,True,-0.60000,3.22000,-14.20000,2.40000,0.00000,0.00000
4659,231.19955,0.03293,Yakından incele · fire2,False,True,-0.60000,3.22000,-14.20000,2.40000,0.00000,0.00000
4660,231.23201,0.03245,Yakından incele · fire2,False,True,-0.60000,3.22000,-14.20000,2.40000,0.00000,0.00000
4661,231.26567,0.03366,Yakından incele · fire2,False,True,-0.60000,3.22000,-14.20000,2.40000,0.00000,0.00000
4662,231.30102,0.03535,Yakından incele · fire2,False,True,-0.60000,3.22000,-14.20000,2.40000,0.00000,0.00000
4663,231.33214,0.03112,Yakından incele · fire2,False,True,-0.60000,3.22000,-14.20000,2.40000,0.00000,0.00000
4664,231.36514,0.03301,Yakından incele · fire2,False,True,-0.60000,3.22000,-14.20000,2.40000,0.00000,0.00000
4665,231.39981,0.03467,Yakından incele · fire2,False,True,-0.60000,3.22000,-14.20000,2.40000,0.00000,0.00000
4666,231.43324,0.03343,Yakından incele · fire2,False,True,-0.60000,3.22000,-14.20000,2.40000,0.00000,0.00000
4667,231.46572,0.03248,Yakından incele · fire2,False,True,-0.60000,3.22000,-14.20000,2.40000,0.00000,0.00000
4668,231.49940,0.03368,Yakından incele · fire2,False,True,-0.60000,3.22000,-14.20000,2.40000,0.00000,0.00000
4669,231.53352,0.03412,Yakından incele · fire2,False,True,-0.60000,3.22000,-14.20000,2.40000,0.00000,0.00000
4670,231.56645,0.03293,Yakından incele · fire2,False,True,-0.60000,3.22000,-14.20000,2.40000,0.00000,0.00000
4671,231.61420,0.04774,Yakından incele · fire2,False,True,-0.60000,3.22000,-14.20000,2.40000,0.00000,0.00000
4672,231.64940,0.03521,Yakından incele · fire2,False,True,-0.60000,3.22000,-14.20000,2.40000,0.00000,0.00000
4673,231.68284,0.03344,Yakından incele · fire2,False,True,-0.60000,3.22000,-14.20000,2.40000,0.00000,0.00000
4674,231.71446,0.03162,Yakından incele · fire2,False,True,-0.60000,3.22000,-14.20000,2.40000,0.00000,0.00000
4675,231.74864,0.03418,Yakından incele · fire2,False,True,-0.60000,3.22000,-14.20000,2.40000,0.00000,0.00000
4676,231.78308,0.03444,Yakından incele · fire2,False,True,-0.60000,3.22000,-14.20000,2.40000,0.00000,0.00000
4677,231.81668,0.03359,Yakından incele · fire2,False,True,-0.60000,3.22000,-14.20000,2.40000,0.00000,0.00000
4678,231.84823,0.03155,Yakından incele · fire2,False,True,-0.60000,3.22000,-14.20000,2.40000,0.00000,0.00000
4679,231.88101,0.03278,Yakından incele · fire2,False,True,-0.60000,3.22000,-14.20000,2.40000,0.00000,0.00000
4680,231.91492,0.03392,Yakından incele · fire2,False,True,-0.60000,3.22000,-14.20000,2.40000,0.00000,0.00000
4681,231.94871,0.03379,Yakından incele · fire2,False,True,-0.60000,3.22000,-14.20000,2.40000,0.00000,0.00000
4682,231.98240,0.03369,Yakından incele · fire2,False,True,-0.60000,3.22000,-14.20000,2.40000,0.00000,0.00000
4683,232.01494,0.03253,Yakından incele · fire2,False,True,-0.60000,3.22000,-14.20000,2.40000,0.00000,0.00000
4684,232.04907,0.03413,Yakından incele · fire2,False,True,-0.60000,3.22000,-14.20000,2.40000,0.00000,0.00000
4685,232.08314,0.03407,Yakından incele · fire2,False,True,-0.60000,3.22000,-14.20000,2.40000,0.00000,0.00000
4686,232.11530,0.03216,Yakından incele · fire2,False,True,-0.60000,3.22000,-14.20000,2.40000,0.00000,0.00000
4687,232.14833,0.03303,Yakından incele · fire2,False,True,-0.60000,3.22000,-14.20000,2.40000,0.00000,0.00000
4688,232.18229,0.03396,Yakından incele · fire2,False,True,-0.60000,3.22000,-14.20000,2.40000,0.00000,0.00000
4689,232.21684,0.03455,Yakından incele · fire2,False,True,-0.60000,3.22000,-14.20000,2.40000,0.00000,0.00000
4690,232.26284,0.04600,Yakından incele · fire2,False,True,-0.60000,3.22000,-14.20000,2.40000,0.00000,0.00000
4691,232.29597,0.03313,Yakından incele · fire2,False,True,-0.60000,3.22000,-14.20000,2.40000,0.00000,0.00000
4692,232.31500,0.01903,Yakından incele · fire2,False,True,-0.60000,3.22000,-14.20000,2.40000,0.00000,0.00000
4693,232.34961,0.03461,Yakından incele · fire2,False,True,-0.60000,3.22000,-14.20000,2.40000,0.00000,0.00000
4694,232.38258,0.03297,Yakından incele · fire2,False,True,-0.60000,3.22000,-14.20000,2.40000,0.00000,0.00000
4695,232.41601,0.03343,Yakından incele · fire2,False,True,-0.60000,3.22000,-14.20000,2.40000,0.00000,0.00000
4696,232.45216,0.03615,Yakından incele · fire2,False,True,-0.60000,3.22000,-14.20000,2.40000,0.00000,0.00000
4697,232.48295,0.03079,Yakından incele · fire2,False,True,-0.60000,3.22000,-14.20000,2.40000,0.00000,0.00000
4698,232.51927,0.03632,Yakından incele · fire2,False,True,-0.60000,3.22000,-14.20000,2.40000,0.00000,0.00000
4699,232.55213,0.03287,Yakından incele · fire2,False,True,-0.60000,3.22000,-14.20000,2.40000,0.00000,0.00000
4700,232.58461,0.03248,Yakından incele · fire2,False,True,-0.60000,3.22000,-14.20000,2.40000,0.00000,0.00000
4701,232.61857,0.03396,Yakından incele · fire2,False,True,-0.60000,3.22000,-14.20000,2.40000,0.00000,0.00000
4702,232.65140,0.03283,Yakından incele · fire2,False,True,-0.60000,3.22000,-14.20000,2.40000,0.00000,0.00000
4703,232.68406,0.03266,Yakından incele · fire2,False,True,-0.60000,3.22000,-14.20000,2.40000,0.00000,0.00000
4704,232.71702,0.03296,Yakından incele · fire2,False,True,-0.60000,3.22000,-14.20000,2.40000,0.00000,0.00000
4705,232.75112,0.03410,Yakından incele · fire2,False,True,-0.60000,3.22000,-14.20000,2.40000,0.00000,0.00000
4706,232.78404,0.03292,Yakından incele · fire2,False,True,-0.60000,3.22000,-14.20000,2.40000,0.00000,0.00000
4707,232.81714,0.03310,Yakından incele · fire2,False,True,-0.60000,3.22000,-14.20000,2.40000,0.00000,0.00000
4708,232.85143,0.03429,Yakından incele · fire2,False,True,-0.60000,3.22000,-14.20000,2.40000,0.00000,0.00000
4709,232.88314,0.03171,Yakından incele · fire2,False,True,-0.60000,3.22000,-14.20000,2.40000,0.00000,0.00000
4710,232.91687,0.03373,Yakından incele · fire2,False,True,-0.60000,3.22000,-14.20000,2.40000,0.00000,0.00000
4711,232.95091,0.03404,Yakından incele · fire2,False,True,-0.60000,3.22000,-14.20000,2.40000,0.00000,0.00000
4712,232.98777,0.03686,Yakından incele · fire2,False,True,-0.60000,3.22000,-14.20000,2.40000,0.00000,0.00000
4713,233.02500,0.03724,Yakından incele · fire2,False,True,-0.60000,3.22000,-14.20000,2.40000,0.00000,0.00000
4714,233.05640,0.03140,Yakından incele · fire2,False,True,-0.60000,3.22000,-14.20000,2.40000,0.00000,0.00000
4715,233.09097,0.03457,Yakından incele · fire2,False,True,-0.60000,3.22000,-14.20000,2.40000,0.00000,0.00000
4716,233.12486,0.03389,Yakından incele · fire2,False,True,-0.60000,3.22000,-14.20000,2.40000,0.00000,0.00000
4717,233.15868,0.03382,Yakından incele · fire2,False,True,-0.60000,3.22000,-14.20000,2.40000,0.00000,0.00000
4718,233.21717,0.05849,Yakından incele · fire2,False,True,-0.60000,3.22000,-14.20000,2.40000,0.00000,0.00000
4719,233.23310,0.01592,Yakından incele · fire2,False,True,-0.60000,3.22000,-14.20000,2.40000,0.00000,0.00000
4720,233.24840,0.01531,Yakından incele · fire2,False,True,-0.60000,3.22000,-14.20000,2.40000,0.00000,0.00000
4721,233.28239,0.03399,Yakından incele · fire2,False,True,-0.60000,3.22000,-14.20000,2.40000,0.00000,0.00000
4722,233.31539,0.03300,Yakından incele · fire2,False,True,-0.60000,3.22000,-14.20000,2.40000,0.00000,0.00000
4723,233.35004,0.03465,Yakından incele · fire2,False,True,-0.60000,3.22000,-14.20000,2.40000,0.00000,0.00000
4724,233.38293,0.03289,Yakından incele · fire2,False,True,-0.60000,3.22000,-14.20000,2.40000,0.00000,0.00000
4725,233.41594,0.03301,Yakından incele · fire2,False,True,-0.60000,3.22000,-14.20000,2.40000,0.00000,0.00000
4726,233.44879,0.03285,Yakından incele · fire2,False,True,-0.60000,3.22000,-14.20000,2.40000,0.00000,0.00000
4727,233.48133,0.03254,Yakından incele · fire2,False,True,-0.60000,3.22000,-14.20000,2.40000,0.00000,0.00000
4728,233.51526,0.03393,Yakından incele · fire2,False,True,-0.60000,3.22000,-14.20000,2.40000,0.00000,0.00000
4729,233.54949,0.03423,Yakından incele · fire2,False,True,-0.60000,3.22000,-14.20000,2.40000,0.00000,0.00000
4730,233.58277,0.03328,Yakından incele · fire2,False,True,-0.60000,3.22000,-14.20000,2.40000,0.00000,0.00000
4731,233.61498,0.03221,Yakından incele · fire2,False,True,-0.60000,3.22000,-14.20000,2.40000,0.00000,0.00000
4732,233.64871,0.03373,Yakından incele · fire2,False,True,-0.60000,3.22000,-14.20000,2.40000,0.00000,0.00000
4733,233.68178,0.03307,Yakından incele · fire2,False,True,-0.60000,3.22000,-14.20000,2.40000,0.00000,0.00000
4734,233.71398,0.03220,Yakından incele · fire2,False,True,-0.60000,3.22000,-14.20000,2.40000,0.00000,0.00000
4735,233.74912,0.03514,Yakından incele · fire2,False,True,-0.60000,3.22000,-14.20000,2.40000,0.00000,0.00000
4736,233.78216,0.03304,Yakından incele · fire2,False,True,-0.60000,3.22000,-14.20000,2.40000,0.00000,0.00000
4737,233.81486,0.03270,Yakından incele · fire2,False,True,-0.60000,3.22000,-14.20000,2.40000,0.00000,0.00000
4738,233.84875,0.03389,Yakından incele · fire2,False,True,-0.60000,3.22000,-14.20000,2.40000,0.00000,0.00000
4739,233.88284,0.03409,Yakından incele · fire2,False,True,-0.60000,3.22000,-14.20000,2.40000,0.00000,0.00000
4740,233.91481,0.03197,Yakından incele · fire2,False,True,-0.60000,3.22000,-14.20000,2.40000,0.00000,0.00000
4741,233.94874,0.03392,Yakından incele · fire2,False,True,-0.60000,3.22000,-14.20000,2.40000,0.00000,0.00000
4742,233.98164,0.03290,Yakından incele · fire2,False,True,-0.60000,3.22000,-14.20000,2.40000,0.00000,0.00000
4743,234.01503,0.03339,Yakından incele · fire2,False,True,-0.60000,3.22000,-14.20000,2.40000,0.00000,0.00000
4744,234.04874,0.03371,Yakından incele · fire2,False,True,-0.60000,3.22000,-14.20000,2.40000,0.00000,0.00000
4745,234.08138,0.03264,Yakından incele · fire2,False,True,-0.60000,3.22000,-14.20000,2.40000,0.00000,0.00000
4746,234.11446,0.03308,Yakından incele · fire2,False,True,-0.60000,3.22000,-14.20000,2.40000,0.00000,0.00000
4747,234.14820,0.03375,Yakından incele · fire2,False,True,-0.60000,3.22000,-14.20000,2.40000,0.00000,0.00000
4748,234.18125,0.03305,Yakından incele · fire2,False,True,-0.60000,3.22000,-14.20000,2.40000,0.00000,0.00000
4749,234.21517,0.03392,Yakından incele · fire2,False,True,-0.60000,3.22000,-14.20000,2.40000,0.00000,0.00000
4750,234.24845,0.03327,Yakından incele · fire2,False,True,-0.60000,3.22000,-14.20000,2.40000,0.00000,0.00000
4751,234.28159,0.03315,Yakından incele · fire2,False,True,-0.60000,3.22000,-14.20000,2.40000,0.00000,0.00000
4752,234.31516,0.03357,Yakından incele · fire2,False,True,-0.60000,3.22000,-14.20000,2.40000,0.00000,0.00000
4753,234.34886,0.03370,Yakından incele · fire2,False,True,-0.60000,3.22000,-14.20000,2.40000,0.00000,0.00000
4754,234.38149,0.03263,Yakından incele · fire2,False,True,-0.60000,3.22000,-14.20000,2.40000,0.00000,0.00000
4755,234.41639,0.03490,Yakından incele · fire2,False,True,-0.60000,3.22000,-14.20000,2.40000,0.00000,0.00000
4756,234.44882,0.03243,Yakından incele · fire2,False,True,-0.60000,3.22000,-14.20000,2.40000,0.00000,0.00000
4757,234.48285,0.03403,Yakından incele · fire2,False,True,-0.60000,3.22000,-14.20000,2.40000,0.00000,0.00000
4758,234.51578,0.03293,Yakından incele · fire2,False,True,-0.60000,3.22000,-14.20000,2.40000,0.00000,0.00000
4759,234.54862,0.03284,Yakından incele · fire2,False,True,-0.60000,3.22000,-14.20000,2.40000,0.00000,0.00000
4760,234.58170,0.03308,Yakından incele · fire2,False,True,-0.60000,3.22000,-14.20000,2.40000,0.00000,0.00000
4761,234.61594,0.03424,Yakından incele · fire2,False,True,-0.60000,3.22000,-14.20000,2.40000,0.00000,0.00000
4762,234.64901,0.03307,Yakından incele · fire2,False,True,-0.60000,3.22000,-14.20000,2.40000,0.00000,0.00000
4763,234.68170,0.03270,Yakından incele · fire2,False,True,-0.60000,3.22000,-14.20000,2.40000,0.00000,0.00000
4764,234.71553,0.03382,Yakından incele · fire2,False,True,-0.60000,3.22000,-14.20000,2.40000,0.00000,0.00000
4765,234.74870,0.03317,Yakından incele · fire2,False,True,-0.60000,3.22000,-14.20000,2.40000,0.00000,0.00000
4766,234.78254,0.03384,Yakından incele · fire2,False,True,-0.60000,3.22000,-14.20000,2.40000,0.00000,0.00000
4767,234.81600,0.03346,Yakından incele · fire2,False,True,-0.60000,3.22000,-14.20000,2.40000,0.00000,0.00000
4768,234.84929,0.03328,Yakından incele · fire2,False,True,-0.60000,3.22000,-14.20000,2.40000,0.00000,0.00000
4769,234.88099,0.03170,Yakından incele · fire2,False,True,-0.60000,3.22000,-14.20000,2.40000,0.00000,0.00000
4770,234.93220,0.05121,Yakından incele · fire2,False,True,-0.60000,3.22000,-14.20000,2.40000,0.00000,0.00000
4771,234.96459,0.03239,Yakından incele · fire2,False,True,-0.60000,3.22000,-14.20000,2.40000,0.00000,0.00000
4772,234.99853,0.03394,Yakından incele · fire2,False,True,-0.60000,3.22000,-14.20000,2.40000,0.00000,0.00000
4773,235.03215,0.03362,Yakından incele · fire2,False,True,-0.60000,3.22000,-14.20000,2.40000,0.00000,0.00000
4774,235.06451,0.03235,Yakından incele · fire2,False,True,-0.60000,3.22000,-14.20000,2.40000,0.00000,0.00000
4775,235.09850,0.03399,Yakından incele · fire2,False,True,-0.60000,3.22000,-14.20000,2.40000,0.00000,0.00000
4776,235.13149,0.03299,Yakından incele · fire2,False,True,-0.60000,3.22000,-14.20000,2.40000,0.00000,0.00000
4777,235.16528,0.03379,Yakından incele · fire2,False,True,-0.60000,3.22000,-14.20000,2.40000,0.00000,0.00000
4778,235.19787,0.03259,Yakından incele · fire2,False,True,-0.60000,3.22000,-14.20000,2.40000,0.00000,0.00000
4779,235.23197,0.03410,Yakından incele · fire2,False,True,-0.60000,3.22000,-14.20000,2.40000,0.00000,0.00000
4780,235.26531,0.03334,Yakından incele · fire2,False,True,-0.60000,3.22000,-14.20000,2.40000,0.00000,0.00000
4781,235.29757,0.03225,Yakından incele · fire2,False,True,-0.60000,3.22000,-14.20000,2.40000,0.00000,0.00000
4782,235.33092,0.03335,Yakından incele · fire2,False,True,-0.60000,3.22000,-14.20000,2.40000,0.00000,0.00000
4783,235.36436,0.03344,Yakından incele · fire2,False,True,-0.60000,3.22000,-14.20000,2.40000,0.00000,0.00000
4784,235.39728,0.03292,Yakından incele · fire2,False,True,-0.60000,3.22000,-14.20000,2.40000,0.00000,0.00000
4785,235.43218,0.03490,Yakından incele · fire2,False,True,-0.60000,3.22000,-14.20000,2.40000,0.00000,0.00000
4786,235.46511,0.03294,Yakından incele · fire2,False,True,-0.60000,3.22000,-14.20000,2.40000,0.00000,0.00000
4787,235.49736,0.03224,Yakından incele · fire2,False,True,-0.60000,3.22000,-14.20000,2.40000,0.00000,0.00000
4788,235.53083,0.03347,Yakından incele · fire2,False,True,-0.60000,3.22000,-14.20000,2.40000,0.00000,0.00000
4789,235.56491,0.03408,Yakından incele · fire2,False,True,-0.60000,3.22000,-14.20000,2.40000,0.00000,0.00000
4790,235.59802,0.03311,Yakından incele · fire2,False,True,-0.60000,3.22000,-14.20000,2.40000,0.00000,0.00000
4791,235.63089,0.03288,Yakından incele · fire2,False,True,-0.60000,3.22000,-14.20000,2.40000,0.00000,0.00000
4792,235.66335,0.03245,Yakından incele · fire2,False,True,-0.60000,3.22000,-14.20000,2.40000,0.00000,0.00000
4793,235.69812,0.03477,Yakından incele · fire2,False,True,-0.60000,3.22000,-14.20000,2.40000,0.00000,0.00000
4794,235.73101,0.03290,Yakından incele · fire2,False,True,-0.60000,3.22000,-14.20000,2.40000,0.00000,0.00000
4795,235.76476,0.03375,Yakından incele · fire2,False,True,-0.60000,3.22000,-14.20000,2.40000,0.00000,0.00000
4796,235.79738,0.03262,Yakından incele · fire2,False,True,-0.60000,3.22000,-14.20000,2.40000,0.00000,0.00000
4797,235.83131,0.03393,Yakından incele · fire2,False,True,-0.60000,3.22000,-14.20000,2.40000,0.00000,0.00000
4798,235.86505,0.03374,Yakından incele · fire2,False,True,-0.60000,3.22000,-14.20000,2.40000,0.00000,0.00000
4799,235.89773,0.03268,Yakından incele · fire2,False,True,-0.60000,3.22000,-14.20000,2.40000,0.00000,0.00000
4800,235.93125,0.03352,Yakından incele · fire2,False,True,-0.60000,3.22000,-14.20000,2.40000,0.00000,0.00000
4801,235.96529,0.03404,Yakından incele · fire2,False,True,-0.60000,3.22000,-14.20000,2.40000,0.00000,0.00000
4802,235.99872,0.03342,Yakından incele · fire2,False,True,-0.60000,3.22000,-14.20000,2.40000,0.00000,0.00000
4803,236.03192,0.03321,Yakından incele · fire2,False,True,-0.60000,3.22000,-14.20000,2.40000,0.00000,0.00000
4804,236.06482,0.03290,Yakından incele · fire2,False,True,-0.60000,3.22000,-14.20000,2.40000,0.00000,0.00000
4805,236.09844,0.03362,Yakından incele · fire2,False,True,-0.60000,3.22000,-14.20000,2.40000,0.00000,0.00000
4806,236.13179,0.03335,Yakından incele · fire2,False,True,-0.60000,3.22000,-14.20000,2.40000,0.00000,0.00000
4807,236.16388,0.03209,Yakından incele · fire2,False,True,-0.60000,3.22000,-14.20000,2.40000,0.00000,0.00000
4808,236.19687,0.03299,Yakından incele · fire2,False,True,-0.60000,3.22000,-14.20000,2.40000,0.00000,0.00000
4809,236.23119,0.03432,Yakından incele · fire2,False,True,-0.60000,3.22000,-14.20000,2.40000,0.00000,0.00000
4810,236.26463,0.03344,Yakından incele · fire2,False,True,-0.60000,3.22000,-14.20000,2.40000,0.00000,0.00000
4811,236.29853,0.03391,Yakından incele · fire2,False,True,-0.60000,3.22000,-14.20000,2.40000,0.00000,0.00000
4812,236.33173,0.03320,Yakından incele · fire2,False,True,-0.60000,3.22000,-14.20000,2.40000,0.00000,0.00000
4813,236.36415,0.03241,Yakından incele · fire2,False,True,-0.60000,3.22000,-14.20000,2.40000,0.00000,0.00000
4814,236.39728,0.03313,Yakından incele · fire2,False,True,-0.60000,3.22000,-14.20000,2.40000,0.00000,0.00000
4815,236.43130,0.03402,Yakından incele · fire2,False,True,-0.60000,3.22000,-14.20000,2.40000,0.00000,0.00000
4816,236.46722,0.03593,Yakından incele · fire2,False,True,-0.60000,3.22000,-14.20000,2.40000,0.00000,0.00000
4817,236.49896,0.03174,Yakından incele · fire2,False,True,-0.60000,3.22000,-14.20000,2.40000,0.00000,0.00000
4818,236.53139,0.03243,Yakından incele · fire2,False,True,-0.60000,3.22000,-14.20000,2.40000,0.00000,0.00000
4819,236.56431,0.03292,Yakından incele · fire2,False,True,-0.60000,3.22000,-14.20000,2.40000,0.00000,0.00000
4820,236.59710,0.03279,Yakından incele · fire2,False,True,-0.60000,3.22000,-14.20000,2.40000,0.00000,0.00000
4821,236.63050,0.03340,Yakından incele · fire2,False,True,-0.60000,3.22000,-14.20000,2.40000,0.00000,0.00000
4822,236.66446,0.03397,Yakından incele · fire2,False,True,-0.60000,3.22000,-14.20000,2.40000,0.00000,0.00000
4823,236.69808,0.03362,Yakından incele · fire2,False,True,-0.60000,3.22000,-14.20000,2.40000,0.00000,0.00000
4824,236.73250,0.03442,Yakından incele · fire2,False,True,-0.60000,3.22000,-14.20000,2.40000,0.00000,0.00000
4825,236.76587,0.03336,Yakından incele · fire2,False,True,-0.60000,3.22000,-14.20000,2.40000,0.00000,0.00000
4826,236.79776,0.03189,Yakından incele · fire2,False,True,-0.60000,3.22000,-14.20000,2.40000,0.00000,0.00000
4827,236.83139,0.03363,Yakından incele · fire2,False,True,-0.60000,3.22000,-14.20000,2.40000,0.00000,0.00000
4828,236.86464,0.03325,Yakından incele · fire2,False,True,-0.60000,3.22000,-14.20000,2.40000,0.00000,0.00000
4829,236.89815,0.03351,Yakından incele · fire2,False,True,-0.60000,3.22000,-14.20000,2.40000,0.00000,0.00000
4830,236.93138,0.03323,Yakından incele · fire2,False,True,-0.60000,3.22000,-14.20000,2.40000,0.00000,0.00000
4831,236.96424,0.03286,Yakından incele · fire2,False,True,-0.60000,3.22000,-14.20000,2.40000,0.00000,0.00000
4832,236.99861,0.03437,Yakından incele · fire2,False,True,-0.60000,3.22000,-14.20000,2.40000,0.00000,0.00000
4833,237.03105,0.03244,Yakından incele · fire2,False,True,-0.60000,3.22000,-14.20000,2.40000,0.00000,0.00000
4834,237.06480,0.03375,Yakından incele · fire2,False,True,-0.60000,3.22000,-14.20000,2.40000,0.00000,0.00000
4835,237.09822,0.03342,Yakından incele · fire2,False,True,-0.60000,3.22000,-14.20000,2.40000,0.00000,0.00000
4836,237.13204,0.03382,Yakından incele · fire2,False,True,-0.60000,3.22000,-14.20000,2.40000,0.00000,0.00000
4837,237.16474,0.03270,Yakından incele · fire2,False,True,-0.60000,3.22000,-14.20000,2.40000,0.00000,0.00000
4838,237.19715,0.03241,Yakından incele · fire2,False,True,-0.60000,3.22000,-14.20000,2.40000,0.00000,0.00000
4839,237.23073,0.03358,Yakından incele · fire2,False,True,-0.60000,3.22000,-14.20000,2.40000,0.00000,0.00000
4840,237.26409,0.03336,Yakından incele · fire2,False,True,-0.60000,3.22000,-14.20000,2.40000,0.00000,0.00000
4841,237.29790,0.03382,Yakından incele · fire2,False,True,-0.60000,3.22000,-14.20000,2.40000,0.00000,0.00000
4842,237.33172,0.03382,Yakından incele · fire2,False,True,-0.60000,3.22000,-14.20000,2.40000,0.00000,0.00000
4843,237.36504,0.03332,Yakından incele · fire2,False,True,-0.60000,3.22000,-14.20000,2.40000,0.00000,0.00000
4844,237.39819,0.03315,Yakından incele · fire2,False,True,-0.60000,3.22000,-14.20000,2.40000,0.00000,0.00000
4845,237.43129,0.03310,Yakından incele · fire2,False,True,-0.60000,3.22000,-14.20000,2.40000,0.00000,0.00000
4846,237.46495,0.03366,Yakından incele · fire2,False,True,-0.60000,3.22000,-14.20000,2.40000,0.00000,0.00000
4847,237.49916,0.03421,Yakından incele · fire2,False,True,-0.60000,3.22000,-14.20000,2.40000,0.00000,0.00000
4848,237.53050,0.03134,Yakından incele · fire2,False,True,-0.60000,3.22000,-14.20000,2.40000,0.00000,0.00000
4849,237.56420,0.03370,Yakından incele · fire2,False,True,-0.60000,3.22000,-14.20000,2.40000,0.00000,0.00000
4850,237.59761,0.03341,Yakından incele · fire2,False,True,-0.60000,3.22000,-14.20000,2.40000,0.00000,0.00000
4851,237.63112,0.03351,Yakından incele · fire2,False,True,-0.60000,3.22000,-14.20000,2.40000,0.00000,0.00000
4852,237.66523,0.03411,Yakından incele · fire2,False,True,-0.60000,3.22000,-14.20000,2.40000,0.00000,0.00000
4853,237.69818,0.03295,Yakından incele · fire2,False,True,-0.60000,3.22000,-14.20000,2.40000,0.00000,0.00000
4854,237.73160,0.03342,Yakından incele · fire2,False,True,-0.60000,3.22000,-14.20000,2.40000,0.00000,0.00000
4855,237.76406,0.03246,Yakından incele · fire2,False,True,-0.60000,3.22000,-14.20000,2.40000,0.00000,0.00000
4856,237.79770,0.03364,Yakından incele · fire2,False,True,-0.60000,3.22000,-14.20000,2.40000,0.00000,0.00000
4857,237.83163,0.03393,Yakından incele · fire2,False,True,-0.60000,3.22000,-14.20000,2.40000,0.00000,0.00000
4858,237.86473,0.03311,Yakından incele · fire2,False,True,-0.60000,3.22000,-14.20000,2.40000,0.00000,0.00000
4859,237.89823,0.03349,Yakından incele · fire2,False,True,-0.60000,3.22000,-14.20000,2.40000,0.00000,0.00000
4860,237.93113,0.03290,Yakından incele · fire2,False,True,-0.60000,3.22000,-14.20000,2.40000,0.00000,0.00000
4861,237.96395,0.03282,Yakından incele · fire2,False,True,-0.60000,3.22000,-14.20000,2.40000,0.00000,0.00000
4862,237.99783,0.03388,Yakından incele · fire2,False,True,-0.60000,3.22000,-14.20000,2.40000,0.00000,0.00000
4863,238.03250,0.03467,Yakından incele · fire2,False,True,-0.60000,3.22000,-14.20000,2.40000,0.00000,0.00000
4864,238.06486,0.03236,Yakından incele · fire2,False,True,-0.60000,3.22000,-14.20000,2.40000,0.00000,0.00000
4865,238.09758,0.03272,Yakından incele · fire2,False,True,-0.60000,3.22000,-14.20000,2.40000,0.00000,0.00000
4866,238.13147,0.03389,Yakından incele · fire2,False,True,-0.60000,3.22000,-14.20000,2.40000,0.00000,0.00000
4867,238.16476,0.03329,Yakından incele · fire2,False,True,-0.60000,3.22000,-14.20000,2.40000,0.00000,0.00000
4868,238.19803,0.03327,Yakından incele · fire2,False,True,-0.60000,3.22000,-14.20000,2.40000,0.00000,0.00000
4869,238.24701,0.04899,Yakından incele · fire2,False,True,-0.60000,3.22000,-14.20000,2.40000,0.00000,0.00000
4870,238.29271,0.04569,Yakından incele · fire2,False,True,-0.60000,3.22000,-14.20000,2.40000,0.00000,0.00000
4871,238.32667,0.03397,Yakından incele · fire2,False,True,-0.60000,3.22000,-14.20000,2.40000,0.00000,0.00000
4872,238.34736,0.02069,Yakından incele · fire2,False,True,-0.60000,3.22000,-14.20000,2.40000,0.00000,0.00000
4873,238.37998,0.03261,Yakından incele · fire2,False,True,-0.60000,3.22000,-14.20000,2.40000,0.00000,0.00000
4874,238.41317,0.03319,Yakından incele · fire2,False,True,-0.60000,3.22000,-14.20000,2.40000,0.00000,0.00000
4875,238.44649,0.03332,Yakından incele · fire2,False,True,-0.60000,3.22000,-14.20000,2.40000,0.00000,0.00000
4876,238.47998,0.03349,Yakından incele · fire2,False,True,-0.60000,3.22000,-14.20000,2.40000,0.00000,0.00000
4877,238.51316,0.03318,Yakından incele · fire2,False,True,-0.60000,3.22000,-14.20000,2.40000,0.00000,0.00000
4878,238.54828,0.03512,Yakından incele · fire2,False,True,-0.60000,3.22000,-14.20000,2.40000,0.00000,0.00000
4879,238.58026,0.03199,Yakından incele · fire2,False,True,-0.60000,3.22000,-14.20000,2.40000,0.00000,0.00000
4880,238.61372,0.03346,Yakından incele · fire2,False,True,-0.60000,3.22000,-14.20000,2.40000,0.00000,0.00000
4881,238.64573,0.03201,Yakından incele · fire2,False,True,-0.60000,3.22000,-14.20000,2.40000,0.00000,0.00000
4882,238.67891,0.03319,Yakından incele · fire2,False,True,-0.60000,3.22000,-14.20000,2.40000,0.00000,0.00000
4883,238.71270,0.03379,Yakından incele · fire2,False,True,-0.60000,3.22000,-14.20000,2.40000,0.00000,0.00000
4884,238.74605,0.03335,Yakından incele · fire2,False,True,-0.60000,3.22000,-14.20000,2.40000,0.00000,0.00000
4885,238.78027,0.03422,Yakından incele · fire2,False,True,-0.60000,3.22000,-14.20000,2.40000,0.00000,0.00000
4886,238.81334,0.03307,Yakından incele · fire2,False,True,-0.60000,3.22000,-14.20000,2.40000,0.00000,0.00000
4887,238.84709,0.03375,Yakından incele · fire2,False,True,-0.60000,3.22000,-14.20000,2.40000,0.00000,0.00000
4888,238.88010,0.03300,Yakından incele · fire2,False,True,-0.60000,3.22000,-14.20000,2.40000,0.00000,0.00000
4889,238.91323,0.03313,Yakından incele · fire2,False,True,-0.60000,3.22000,-14.20000,2.40000,0.00000,0.00000
4890,238.94898,0.03575,Yakından incele · fire2,False,True,-0.60000,3.22000,-14.20000,2.40000,0.00000,0.00000
4891,238.98179,0.03281,Yakından incele · fire2,False,True,-0.60000,3.22000,-14.20000,2.40000,0.00000,0.00000
4892,239.01294,0.03115,Yakından incele · fire2,False,True,-0.60000,3.22000,-14.20000,2.40000,0.00000,0.00000
4893,239.04572,0.03278,Yakından incele · fire2,False,True,-0.60000,3.22000,-14.20000,2.40000,0.00000,0.00000
4894,239.08090,0.03518,Yakından incele · fire2,False,True,-0.60000,3.22000,-14.20000,2.40000,0.00000,0.00000
4895,239.11329,0.03239,Yakından incele · fire2,False,True,-0.60000,3.22000,-14.20000,2.40000,0.00000,0.00000
4896,239.14669,0.03340,Yakından incele · fire2,False,True,-0.60000,3.22000,-14.20000,2.40000,0.00000,0.00000
4897,239.17997,0.03328,Yakından incele · fire2,False,True,-0.60000,3.22000,-14.20000,2.40000,0.00000,0.00000
4898,239.21358,0.03361,Yakından incele · fire2,False,True,-0.60000,3.22000,-14.20000,2.40000,0.00000,0.00000
4899,239.24612,0.03255,Yakından incele · fire2,False,True,-0.60000,3.22000,-14.20000,2.40000,0.00000,0.00000
4900,239.27897,0.03285,Yakından incele · fire2,False,True,-0.60000,3.22000,-14.20000,2.40000,0.00000,0.00000
4901,239.31342,0.03445,Yakından incele · fire2,False,True,-0.60000,3.22000,-14.20000,2.40000,0.00000,0.00000
4902,239.34774,0.03433,Yakından incele · fire2,False,True,-0.60000,3.22000,-14.20000,2.40000,0.00000,0.00000
4903,239.38013,0.03238,Yakından incele · fire2,False,True,-0.60000,3.22000,-14.20000,2.40000,0.00000,0.00000
4904,239.41303,0.03290,Yakından incele · fire2,False,True,-0.60000,3.22000,-14.20000,2.40000,0.00000,0.00000
4905,239.44710,0.03407,Yakından incele · fire2,False,True,-0.60000,3.22000,-14.20000,2.40000,0.00000,0.00000
4906,239.48007,0.03297,Yakından incele · fire2,False,True,-0.60000,3.22000,-14.20000,2.40000,0.00000,0.00000
4907,239.51383,0.03376,Yakından incele · fire2,False,True,-0.60000,3.22000,-14.20000,2.40000,0.00000,0.00000
4908,239.54718,0.03335,Yakından incele · fire2,False,True,-0.60000,3.22000,-14.20000,2.40000,0.00000,0.00000
4909,239.58076,0.03358,Yakından incele · fire2,False,True,-0.60000,3.22000,-14.20000,2.40000,0.00000,0.00000
4910,239.61239,0.03163,Yakından incele · fire2,False,True,-0.60000,3.22000,-14.20000,2.40000,0.00000,0.00000
4911,239.64644,0.03406,Yakından incele · fire2,False,True,-0.60000,3.22000,-14.20000,2.40000,0.00000,0.00000
4912,239.68111,0.03467,Yakından incele · fire2,False,True,-0.60000,3.22000,-14.20000,2.40000,0.00000,0.00000
4913,239.71543,0.03432,Yakından incele · fire2,False,True,-0.60000,3.22000,-14.20000,2.40000,0.00000,0.00000
4914,239.74824,0.03282,Yakından incele · fire2,False,True,-0.60000,3.22000,-14.20000,2.40000,0.00000,0.00000
4915,239.77991,0.03166,Yakından incele · fire2,False,True,-0.60000,3.22000,-14.20000,2.40000,0.00000,0.00000
4916,239.81248,0.03257,Yakından incele · fire2,False,True,-0.60000,3.22000,-14.20000,2.40000,0.00000,0.00000
4917,239.84657,0.03409,Yakından incele · fire2,False,True,-0.60000,3.22000,-14.20000,2.40000,0.00000,0.00000
4918,239.88062,0.03405,Yakından incele · fire2,False,True,-0.60000,3.22000,-14.20000,2.40000,0.00000,0.00000
4919,239.91350,0.03288,Yakından incele · fire2,False,True,-0.60000,3.22000,-14.20000,2.40000,0.00000,0.00000
4920,239.94649,0.03299,Yakından incele · fire2,False,True,-0.60000,3.22000,-14.20000,2.40000,0.00000,0.00000
4921,239.97965,0.03317,Yakından incele · fire2,False,True,-0.60000,3.22000,-14.20000,2.40000,0.00000,0.00000
4922,240.01300,0.03335,Yakından incele · fire2,False,True,-0.60000,3.22000,-14.20000,2.40000,0.00000,0.00000
4923,240.04653,0.03352,Yakından incele · fire2,False,True,-0.60000,3.22000,-14.20000,2.40000,0.00000,0.00000
4924,240.07975,0.03322,Yakından incele · fire2,False,True,-0.60000,3.22000,-14.20000,2.40000,0.00000,0.00000
4925,240.11403,0.03428,Yakından incele · fire2,False,True,-0.60000,3.22000,-14.20000,2.40000,0.00000,0.00000
4926,240.14629,0.03226,Yakından incele · fire2,False,True,-0.60000,3.22000,-14.20000,2.40000,0.00000,0.00000
4927,240.17910,0.03281,Yakından incele · fire2,False,True,-0.60000,3.22000,-14.20000,2.40000,0.00000,0.00000
4928,240.21175,0.03265,Yakından incele · fire2,False,True,-0.60000,3.22000,-14.20000,2.40000,0.00000,0.00000
4929,240.24612,0.03438,Yakından incele · fire2,False,True,-0.60000,3.22000,-14.20000,2.40000,0.00000,0.00000
4930,240.28036,0.03424,Yakından incele · fire2,False,True,-0.60000,3.22000,-14.20000,2.40000,0.00000,0.00000
4931,240.31281,0.03245,Yakından incele · fire2,False,True,-0.60000,3.22000,-14.20000,2.40000,0.00000,0.00000
4932,240.34676,0.03395,Yakından incele · fire2,False,True,-0.60000,3.22000,-14.20000,2.40000,0.00000,0.00000
4933,240.38032,0.03355,Yakından incele · fire2,False,True,-0.60000,3.22000,-14.20000,2.40000,0.00000,0.00000
4934,240.41294,0.03262,Yakından incele · fire2,False,True,-0.60000,3.22000,-14.20000,2.40000,0.00000,0.00000
4935,240.44667,0.03373,Yakından incele · fire2,False,True,-0.60000,3.22000,-14.20000,2.40000,0.00000,0.00000
4936,240.48051,0.03384,Yakından incele · fire2,False,True,-0.60000,3.22000,-14.20000,2.40000,0.00000,0.00000
4937,240.51401,0.03350,Yakından incele · fire2,False,True,-0.60000,3.22000,-14.20000,2.40000,0.00000,0.00000
4938,240.54756,0.03355,Yakından incele · fire2,False,True,-0.60000,3.22000,-14.20000,2.40000,0.00000,0.00000
4939,240.58013,0.03257,Yakından incele · fire2,False,True,-0.60000,3.22000,-14.20000,2.40000,0.00000,0.00000
4940,240.61467,0.03454,Yakından incele · fire2,False,True,-0.60000,3.22000,-14.20000,2.40000,0.00000,0.00000
4941,240.65479,0.04012,Yakından incele · fire2,False,True,-0.60000,3.22000,-14.20000,2.40000,0.00000,0.00000
4942,240.68825,0.03346,Yakından incele · fire2,False,True,-0.60000,3.22000,-14.20000,2.40000,0.00000,0.00000
4943,240.71353,0.02528,Yakından incele · fire2,False,True,-0.60000,3.22000,-14.20000,2.40000,0.00000,0.00000
4944,240.74607,0.03254,Yakından incele · fire2,False,True,-0.60000,3.22000,-14.20000,2.40000,0.00000,0.00000
4945,240.77911,0.03304,Yakından incele · fire2,False,True,-0.60000,3.22000,-14.20000,2.40000,0.00000,0.00000
4946,240.81226,0.03316,Yakından incele · fire2,False,True,-0.60000,3.22000,-14.20000,2.40000,0.00000,0.00000
4947,240.84580,0.03353,Yakından incele · fire2,False,True,-0.60000,3.22000,-14.20000,2.40000,0.00000,0.00000
4948,240.87990,0.03410,Yakından incele · fire2,False,True,-0.60000,3.22000,-14.20000,2.40000,0.00000,0.00000
4949,240.91315,0.03326,Yakından incele · fire2,False,True,-0.60000,3.22000,-14.20000,2.40000,0.00000,0.00000
4950,240.94720,0.03404,Yakından incele · fire2,False,True,-0.60000,3.22000,-14.20000,2.40000,0.00000,0.00000
4951,240.98079,0.03359,Yakından incele · fire2,False,True,-0.60000,3.22000,-14.20000,2.40000,0.00000,0.00000
4952,241.01412,0.03333,Yakından incele · fire2,False,True,-0.60000,3.22000,-14.20000,2.40000,0.00000,0.00000
4953,241.04722,0.03310,Yakından incele · fire2,False,True,-0.60000,3.22000,-14.20000,2.40000,0.00000,0.00000
4954,241.07980,0.03258,Yakından incele · fire2,False,True,-0.60000,3.22000,-14.20000,2.40000,0.00000,0.00000
4955,241.11283,0.03303,Yakından incele · fire2,False,True,-0.60000,3.22000,-14.20000,2.40000,0.00000,0.00000
4956,241.14800,0.03517,Yakından incele · fire2,False,True,-0.60000,3.22000,-14.20000,2.40000,0.00000,0.00000
4957,241.17980,0.03180,Yakından incele · fire2,False,True,-0.60000,3.22000,-14.20000,2.40000,0.00000,0.00000
4958,241.21302,0.03322,Yakından incele · fire2,False,True,-0.60000,3.22000,-14.20000,2.40000,0.00000,0.00000
4959,241.24599,0.03296,Yakından incele · fire2,False,True,-0.60000,3.22000,-14.20000,2.40000,0.00000,0.00000
4960,241.27956,0.03357,Yakından incele · fire2,False,True,-0.60000,3.22000,-14.20000,2.40000,0.00000,0.00000
4961,241.31200,0.03244,Yakından incele · fire2,False,True,-0.60000,3.22000,-14.20000,2.40000,0.00000,0.00000
4962,241.34557,0.03357,Yakından incele · fire2,False,True,-0.60000,3.22000,-14.20000,2.40000,0.00000,0.00000
4963,241.37875,0.03319,Yakından incele · fire2,False,True,-0.60000,3.22000,-14.20000,2.40000,0.00000,0.00000
4964,241.41249,0.03374,Yakından incele · fire2,False,True,-0.60000,3.22000,-14.20000,2.40000,0.00000,0.00000
4965,241.44598,0.03349,Yakından incele · fire2,False,True,-0.60000,3.22000,-14.20000,2.40000,0.00000,0.00000
4966,241.47921,0.03323,Yakından incele · fire2,False,True,-0.60000,3.22000,-14.20000,2.40000,0.00000,0.00000
4967,241.51250,0.03329,Yakından incele · fire2,False,True,-0.60000,3.22000,-14.20000,2.40000,0.00000,0.00000
4968,241.56099,0.04849,Yakından incele · fire2,False,True,-0.60000,3.22000,-14.20000,2.40000,0.00000,0.00000
4969,241.59390,0.03291,Yakından incele · fire2,False,True,-0.60000,3.22000,-14.20000,2.40000,0.00000,0.00000
4970,241.62654,0.03264,Yakından incele · fire2,False,True,-0.60000,3.22000,-14.20000,2.40000,0.00000,0.00000
4971,241.66202,0.03548,Yakından incele · fire2,False,True,-0.60000,3.22000,-14.20000,2.40000,0.00000,0.00000
4972,241.69551,0.03349,Yakından incele · fire2,False,True,-0.60000,3.22000,-14.20000,2.40000,0.00000,0.00000
4973,241.72909,0.03358,Yakından incele · fire2,False,True,-0.60000,3.22000,-14.20000,2.40000,0.00000,0.00000
4974,241.76205,0.03296,Yakından incele · fire2,False,True,-0.60000,3.22000,-14.20000,2.40000,0.00000,0.00000
4975,241.79527,0.03322,Yakından incele · fire2,False,True,-0.60000,3.22000,-14.20000,2.40000,0.00000,0.00000
4976,241.82864,0.03337,Yakından incele · fire2,False,True,-0.60000,3.22000,-14.20000,2.40000,0.00000,0.00000
4977,241.86143,0.03278,Yakından incele · fire2,False,True,-0.60000,3.22000,-14.20000,2.40000,0.00000,0.00000
4978,241.89471,0.03328,Yakından incele · fire2,False,True,-0.60000,3.22000,-14.20000,2.40000,0.00000,0.00000
4979,241.92828,0.03358,Yakından incele · fire2,False,True,-0.60000,3.22000,-14.20000,2.40000,0.00000,0.00000
4980,241.96083,0.03255,Yakından incele · fire2,False,True,-0.60000,3.22000,-14.20000,2.40000,0.00000,0.00000
4981,241.99429,0.03346,Yakından incele · fire2,False,True,-0.60000,3.22000,-14.20000,2.40000,0.00000,0.00000
4982,242.02796,0.03367,Yakından incele · fire2,False,True,-0.60000,3.22000,-14.20000,2.40000,0.00000,0.00000
4983,242.06109,0.03313,Yakından incele · fire2,False,True,-0.60000,3.22000,-14.20000,2.40000,0.00000,0.00000
4984,242.09389,0.03280,Yakından incele · fire2,False,True,-0.60000,3.22000,-14.20000,2.40000,0.00000,0.00000
4985,242.12740,0.03351,Yakından incele · fire2,False,True,-0.60000,3.22000,-14.20000,2.40000,0.00000,0.00000
4986,242.16294,0.03554,Yakından incele · fire2,False,True,-0.60000,3.22000,-14.20000,2.40000,0.00000,0.00000
4987,242.19480,0.03186,Yakından incele · fire2,False,True,-0.60000,3.22000,-14.20000,2.40000,0.00000,0.00000
4988,242.22816,0.03336,Yakından incele · fire2,False,True,-0.60000,3.22000,-14.20000,2.40000,0.00000,0.00000
4989,242.26207,0.03391,Yakından incele · fire2,False,True,-0.60000,3.22000,-14.20000,2.40000,0.00000,0.00000
4990,242.29546,0.03339,Yakından incele · fire2,False,True,-0.60000,3.22000,-14.20000,2.40000,0.00000,0.00000
4991,242.32874,0.03328,Yakından incele · fire2,False,True,-0.60000,3.22000,-14.20000,2.40000,0.00000,0.00000
4992,242.36107,0.03233,Yakından incele · fire2,False,True,-0.60000,3.22000,-14.20000,2.40000,0.00000,0.00000
4993,242.39516,0.03409,Yakından incele · fire2,False,True,-0.60000,3.22000,-14.20000,2.40000,0.00000,0.00000
4994,242.42932,0.03416,Yakından incele · fire2,False,True,-0.60000,3.22000,-14.20000,2.40000,0.00000,0.00000
4995,242.46077,0.03145,Yakından incele · fire2,False,True,-0.60000,3.22000,-14.20000,2.40000,0.00000,0.00000
4996,242.49428,0.03352,Yakından incele · fire2,False,True,-0.60000,3.22000,-14.20000,2.40000,0.00000,0.00000
4997,242.52807,0.03379,Yakından incele · fire2,False,True,-0.60000,3.22000,-14.20000,2.40000,0.00000,0.00000
4998,242.56267,0.03460,Yakından incele · fire2,False,True,-0.60000,3.22000,-14.20000,2.40000,0.00000,0.00000
4999,242.59522,0.03255,Yakından incele · fire2,False,True,-0.60000,3.22000,-14.20000,2.40000,0.00000,0.00000
5000,242.62758,0.03236,Yakından incele · fire2,False,True,-0.60000,3.22000,-14.20000,2.40000,0.00000,0.00000
5001,242.66169,0.03411,Yakından incele · fire2,False,True,-0.60000,3.22000,-14.20000,2.40000,0.00000,0.00000
5002,242.69648,0.03480,Yakından incele · fire2,False,True,-0.60000,3.22000,-14.20000,2.40000,0.00000,0.00000
5003,242.72769,0.03121,Yakından incele · fire2,False,True,-0.60000,3.22000,-14.20000,2.40000,0.00000,0.00000
5004,242.76070,0.03301,Yakından incele · fire2,False,True,-0.60000,3.22000,-14.20000,2.40000,0.00000,0.00000
5005,242.79393,0.03323,Yakından incele · fire2,False,True,-0.60000,3.22000,-14.20000,2.40000,0.00000,0.00000
5006,242.82741,0.03348,Yakından incele · fire2,False,True,-0.60000,3.22000,-14.20000,2.40000,0.00000,0.00000
5007,242.86093,0.03352,Yakından incele · fire2,False,True,-0.60000,3.22000,-14.20000,2.40000,0.00000,0.00000
5008,242.89392,0.03298,Yakından incele · fire2,False,True,-0.60000,3.22000,-14.20000,2.40000,0.00000,0.00000
5009,242.92715,0.03323,Yakından incele · fire2,False,True,-0.60000,3.22000,-14.20000,2.40000,0.00000,0.00000
5010,242.96124,0.03410,Yakından incele · fire2,False,True,-0.60000,3.22000,-14.20000,2.40000,0.00000,0.00000
5011,242.99564,0.03440,Yakından incele · fire2,False,True,-0.60000,3.22000,-14.20000,2.40000,0.00000,0.00000
5012,243.02837,0.03272,Yakından incele · fire2,False,True,-0.60000,3.22000,-14.20000,2.40000,0.00000,0.00000
5013,243.06214,0.03377,Yakından incele · fire2,False,True,-0.60000,3.22000,-14.20000,2.40000,0.00000,0.00000
5014,243.09564,0.03350,Yakından incele · fire2,False,True,-0.60000,3.22000,-14.20000,2.40000,0.00000,0.00000
5015,243.12844,0.03280,Yakından incele · fire2,False,True,-0.60000,3.22000,-14.20000,2.40000,0.00000,0.00000
5016,243.16230,0.03386,Yakından incele · fire2,False,True,-0.60000,3.22000,-14.20000,2.40000,0.00000,0.00000
5017,243.19650,0.03420,Yakından incele · fire2,False,True,-0.60000,3.22000,-14.20000,2.40000,0.00000,0.00000
5018,243.22827,0.03177,Yakından incele · fire2,False,True,-0.60000,3.22000,-14.20000,2.40000,0.00000,0.00000
5019,243.26100,0.03273,Yakından incele · fire2,False,True,-0.60000,3.22000,-14.20000,2.40000,0.00000,0.00000
5020,243.29444,0.03344,Yakından incele · fire2,False,True,-0.60000,3.22000,-14.20000,2.40000,0.00000,0.00000
5021,243.32896,0.03452,Yakından incele · fire2,False,True,-0.60000,3.22000,-14.20000,2.40000,0.00000,0.00000
5022,243.36194,0.03298,Yakından incele · fire2,False,True,-0.60000,3.22000,-14.20000,2.40000,0.00000,0.00000
5023,243.39481,0.03287,Yakından incele · fire2,False,True,-0.60000,3.22000,-14.20000,2.40000,0.00000,0.00000
5024,243.42794,0.03314,Yakından incele · fire2,False,True,-0.60000,3.22000,-14.20000,2.40000,0.00000,0.00000
5025,243.46203,0.03409,Yakından incele · fire2,False,True,-0.60000,3.22000,-14.20000,2.40000,0.00000,0.00000
5026,243.49542,0.03339,Yakından incele · fire2,False,True,-0.60000,3.22000,-14.20000,2.40000,0.00000,0.00000
5027,243.52792,0.03251,Yakından incele · fire2,False,True,-0.60000,3.22000,-14.20000,2.40000,0.00000,0.00000
5028,243.56144,0.03352,Yakından incele · fire2,False,True,-0.60000,3.22000,-14.20000,2.40000,0.00000,0.00000
5029,243.59538,0.03394,Yakından incele · fire2,False,True,-0.60000,3.22000,-14.20000,2.40000,0.00000,0.00000
5030,243.62839,0.03301,Yakından incele · fire2,False,True,-0.60000,3.22000,-14.20000,2.40000,0.00000,0.00000
5031,243.66204,0.03365,Yakından incele · fire2,False,True,-0.60000,3.22000,-14.20000,2.40000,0.00000,0.00000
5032,243.69793,0.03589,Yakından incele · fire2,False,True,-0.60000,3.22000,-14.20000,2.40000,0.00000,0.00000
5033,243.73068,0.03276,Yakından incele · fire2,False,True,-0.60000,3.22000,-14.20000,2.40000,0.00000,0.00000
5034,243.76595,0.03527,Yakından incele · fire2,False,True,-0.60000,3.22000,-14.20000,2.40000,0.00000,0.00000
5035,243.79880,0.03284,Yakından incele · fire2,False,True,-0.60000,3.22000,-14.20000,2.40000,0.00000,0.00000
5036,243.83085,0.03205,Yakından incele · fire2,False,True,-0.60000,3.22000,-14.20000,2.40000,0.00000,0.00000
5037,243.86447,0.03363,Yakından incele · fire2,False,True,-0.60000,3.22000,-14.20000,2.40000,0.00000,0.00000
5038,243.89746,0.03299,Yakından incele · fire2,False,True,-0.60000,3.22000,-14.20000,2.40000,0.00000,0.00000
5039,243.93118,0.03373,Yakından incele · fire2,False,True,-0.60000,3.22000,-14.20000,2.40000,0.00000,0.00000
5040,243.96574,0.03456,Yakından incele · fire2,False,True,-0.60000,3.22000,-14.20000,2.40000,0.00000,0.00000
5041,243.99814,0.03240,Yakından incele · fire2,False,True,-0.60000,3.22000,-14.20000,2.40000,0.00000,0.00000
5042,244.03074,0.03260,Yakından incele · fire2,False,True,-0.60000,3.22000,-14.20000,2.40000,0.00000,0.00000
5043,244.06423,0.03349,Yakından incele · fire2,False,True,-0.60000,3.22000,-14.20000,2.40000,0.00000,0.00000
5044,244.09742,0.03319,Yakından incele · fire2,False,True,-0.60000,3.22000,-14.20000,2.40000,0.00000,0.00000
5045,244.13428,0.03686,Yakından incele · fire2,False,True,-0.60000,3.22000,-14.20000,2.40000,0.00000,0.00000
5046,244.17004,0.03576,Yakından incele · fire2,False,True,-0.60000,3.22000,-14.20000,2.40000,0.00000,0.00000
5047,244.20270,0.03266,Yakından incele · fire2,False,True,-0.60000,3.22000,-14.20000,2.40000,0.00000,0.00000
5048,244.23716,0.03446,Yakından incele · fire2,False,True,-0.60000,3.22000,-14.20000,2.40000,0.00000,0.00000
5049,244.27033,0.03317,Yakından incele · fire2,False,True,-0.60000,3.22000,-14.20000,2.40000,0.00000,0.00000
5050,244.32907,0.05874,Yakından incele · fire2,False,True,-0.60000,3.22000,-14.20000,2.40000,0.00000,0.00000
5051,244.34319,0.01412,Yakından incele · fire3,True,True,-0.60098,3.22000,-14.20151,2.40000,0.00180,0.00000
5052,244.35861,0.01542,Yakından incele · fire3,True,True,-0.60346,3.22000,-14.20533,2.40000,0.00455,0.00000
5053,244.39145,0.03283,Yakından incele · fire3,True,True,-0.61438,3.22000,-14.22212,2.40000,0.02002,0.00000
5054,244.42256,0.03111,Yakından incele · fire3,True,True,-0.63162,3.22000,-14.24865,2.40000,0.03165,0.00000
5055,244.45518,0.03262,Yakından incele · fire3,True,True,-0.65476,3.22000,-14.28424,2.40000,0.04245,0.00000
5056,244.49031,0.03513,Yakından incele · fire3,True,True,-0.68495,3.22000,-14.33069,2.40000,0.05539,0.00000
5057,244.52289,0.03257,Yakından incele · fire3,True,True,-0.72109,3.22000,-14.38629,2.40000,0.06631,0.00000
5058,244.55438,0.03149,Yakından incele · fire3,True,True,-0.75947,3.22000,-14.44534,2.40000,0.07043,0.00000
5059,244.58789,0.03351,Yakından incele · fire3,True,True,-0.80381,3.22000,-14.51355,2.40000,0.08136,0.00000
5060,244.62100,0.03311,Yakından incele · fire3,True,True,-0.85214,3.22000,-14.58791,2.40000,0.08869,0.00000
5061,244.65478,0.03378,Yakından incele · fire3,True,True,-0.90410,3.22000,-14.66785,2.40000,0.09534,0.00000
5062,244.68809,0.03331,Yakından incele · fire3,True,True,-0.95947,3.22000,-14.75303,2.40000,0.10160,0.00000
5063,244.72032,0.03223,Yakından incele · fire3,True,True,-1.01531,3.22000,-14.83894,2.40000,0.10246,0.00000
5064,244.75635,0.03603,Yakından incele · fire3,True,True,-1.07647,3.22000,-14.93303,2.40000,0.11222,0.00000
5065,244.78865,0.03230,Yakından incele · fire3,True,True,-1.13678,3.22000,-15.02581,2.40000,0.11066,0.00000
5066,244.82114,0.03249,Yakından incele · fire3,True,True,-1.19695,3.22000,-15.11838,2.40000,0.11041,0.00000
5067,244.86604,0.04490,Yakından incele · fire3,True,True,-1.27965,3.22000,-15.24561,2.40000,0.15174,0.00000
5068,244.89834,0.03230,Yakından incele · fire3,True,True,-1.34123,3.22000,-15.34035,2.40000,0.11300,0.00000
5069,244.93156,0.03322,Yakından incele · fire3,True,True,-1.40050,3.22000,-15.43154,2.40000,0.10876,0.00000
5070,244.96595,0.03440,Yakından incele · fire3,True,True,-1.46204,3.22000,-15.52622,2.40000,0.11293,0.00000
5071,244.99937,0.03342,Yakından incele · fire3,True,True,-1.51976,3.22000,-15.61502,2.40000,0.10590,0.00000
5072,245.03257,0.03320,Yakından incele · fire3,True,True,-1.57581,3.22000,-15.70125,2.40000,0.10285,0.00000
5073,245.06603,0.03346,Yakından incele · fire3,True,True,-1.62827,3.22000,-15.78195,2.40000,0.09626,0.00000
5074,245.09944,0.03341,Yakından incele · fire3,True,True,-1.67842,3.22000,-15.85911,2.40000,0.09203,0.00000
5075,245.13157,0.03213,Yakından incele · fire3,True,True,-1.72400,3.22000,-15.92923,2.40000,0.08363,0.00000
5076,245.16509,0.03352,Yakından incele · fire3,True,True,-1.76489,3.22000,-15.99215,2.40000,0.07504,0.00000
5077,245.19915,0.03406,Yakından incele · fire3,True,True,-1.80309,3.22000,-16.05090,2.40000,0.07008,0.00000
5078,245.23190,0.03275,Yakından incele · fire3,True,True,-1.83454,3.22000,-16.09929,2.40000,0.05772,0.00000
5079,245.26607,0.03417,Yakından incele · fire3,True,True,-1.86115,3.22000,-16.14024,2.40000,0.04883,0.00000
5080,245.29827,0.03219,Yakından incele · fire3,True,True,-1.88050,3.22000,-16.17000,2.40000,0.03550,0.00000
5081,245.33194,0.03368,Yakından incele · fire3,True,True,-1.89365,3.22000,-16.19023,2.40000,0.02413,0.00000
5082,245.36564,0.03369,Yakından incele · fire3,True,True,-1.89971,3.22000,-16.19956,2.40000,0.01112,0.00000
5083,245.39878,0.03314,Yakından incele · fire3,False,True,-1.90000,3.22000,-16.20000,2.40000,0.00053,0.00000
5084,245.43296,0.03418,Yakından incele · fire3,False,True,-1.90000,3.22000,-16.20000,2.40000,0.00000,0.00000
5085,245.46731,0.03435,Yakından incele · fire3,False,True,-1.90000,3.22000,-16.20000,2.40000,0.00000,0.00000
5086,245.50030,0.03299,Yakından incele · fire3,False,True,-1.90000,3.22000,-16.20000,2.40000,0.00000,0.00000
5087,245.53240,0.03210,Yakından incele · fire3,False,True,-1.90000,3.22000,-16.20000,2.40000,0.00000,0.00000
5088,245.56578,0.03338,Yakından incele · fire3,False,True,-1.90000,3.22000,-16.20000,2.40000,0.00000,0.00000
5089,245.59939,0.03361,Yakından incele · fire3,False,True,-1.90000,3.22000,-16.20000,2.40000,0.00000,0.00000
5090,245.63417,0.03478,Yakından incele · fire3,False,True,-1.90000,3.22000,-16.20000,2.40000,0.00000,0.00000
5091,245.66709,0.03291,Yakından incele · fire3,False,True,-1.90000,3.22000,-16.20000,2.40000,0.00000,0.00000
5092,245.70081,0.03372,Yakından incele · fire3,False,True,-1.90000,3.22000,-16.20000,2.40000,0.00000,0.00000
5093,245.73306,0.03226,Yakından incele · fire3,False,True,-1.90000,3.22000,-16.20000,2.40000,0.00000,0.00000
5094,245.76463,0.03157,Yakından incele · fire3,False,True,-1.90000,3.22000,-16.20000,2.40000,0.00000,0.00000
5095,245.79910,0.03447,Yakından incele · fire3,False,True,-1.90000,3.22000,-16.20000,2.40000,0.00000,0.00000
5096,245.83629,0.03719,Yakından incele · fire3,False,True,-1.90000,3.22000,-16.20000,2.40000,0.00000,0.00000
5097,245.87153,0.03523,Yakından incele · fire3,False,True,-1.90000,3.22000,-16.20000,2.40000,0.00000,0.00000
5098,245.91497,0.04344,Yakından incele · fire3,False,True,-1.90000,3.22000,-16.20000,2.40000,0.00000,0.00000
5099,245.93145,0.01649,Yakından incele · fire3,False,True,-1.90000,3.22000,-16.20000,2.40000,0.00000,0.00000
5100,245.96526,0.03381,Yakından incele · fire3,False,True,-1.90000,3.22000,-16.20000,2.40000,0.00000,0.00000
5101,245.99924,0.03398,Yakından incele · fire3,False,True,-1.90000,3.22000,-16.20000,2.40000,0.00000,0.00000
5102,246.03217,0.03293,Yakından incele · fire3,False,True,-1.90000,3.22000,-16.20000,2.40000,0.00000,0.00000
5103,246.06565,0.03348,Yakından incele · fire3,False,True,-1.90000,3.22000,-16.20000,2.40000,0.00000,0.00000
5104,246.09910,0.03344,Yakından incele · fire3,False,True,-1.90000,3.22000,-16.20000,2.40000,0.00000,0.00000
5105,246.13220,0.03310,Yakından incele · fire3,False,True,-1.90000,3.22000,-16.20000,2.40000,0.00000,0.00000
5106,246.16558,0.03338,Yakından incele · fire3,False,True,-1.90000,3.22000,-16.20000,2.40000,0.00000,0.00000
5107,246.19870,0.03312,Yakından incele · fire3,False,True,-1.90000,3.22000,-16.20000,2.40000,0.00000,0.00000
5108,246.23196,0.03327,Yakından incele · fire3,False,True,-1.90000,3.22000,-16.20000,2.40000,0.00000,0.00000
5109,246.26529,0.03332,Yakından incele · fire3,False,True,-1.90000,3.22000,-16.20000,2.40000,0.00000,0.00000
5110,246.29950,0.03421,Yakından incele · fire3,False,True,-1.90000,3.22000,-16.20000,2.40000,0.00000,0.00000
5111,246.33128,0.03178,Yakından incele · fire3,False,True,-1.90000,3.22000,-16.20000,2.40000,0.00000,0.00000
5112,246.36508,0.03380,Yakından incele · fire3,False,True,-1.90000,3.22000,-16.20000,2.40000,0.00000,0.00000
5113,246.39871,0.03363,Yakından incele · fire3,False,True,-1.90000,3.22000,-16.20000,2.40000,0.00000,0.00000
5114,246.43121,0.03250,Yakından incele · fire3,False,True,-1.90000,3.22000,-16.20000,2.40000,0.00000,0.00000
5115,246.47655,0.04534,Yakından incele · fire3,False,True,-1.90000,3.22000,-16.20000,2.40000,0.00000,0.00000
5116,246.51628,0.03973,Yakından incele · fire3,False,True,-1.90000,3.22000,-16.20000,2.40000,0.00000,0.00000
5117,246.53875,0.02248,Yakından incele · fire3,False,True,-1.90000,3.22000,-16.20000,2.40000,0.00000,0.00000
5118,246.57117,0.03242,Yakından incele · fire3,False,True,-1.90000,3.22000,-16.20000,2.40000,0.00000,0.00000
5119,246.60411,0.03294,Yakından incele · fire3,False,True,-1.90000,3.22000,-16.20000,2.40000,0.00000,0.00000
5120,246.63956,0.03545,Yakından incele · fire3,False,True,-1.90000,3.22000,-16.20000,2.40000,0.00000,0.00000
5121,246.67422,0.03466,Yakından incele · fire3,False,True,-1.90000,3.22000,-16.20000,2.40000,0.00000,0.00000
5122,246.70635,0.03213,Yakından incele · fire3,False,True,-1.90000,3.22000,-16.20000,2.40000,0.00000,0.00000
5123,246.73833,0.03198,Yakından incele · fire3,False,True,-1.90000,3.22000,-16.20000,2.40000,0.00000,0.00000
5124,246.77224,0.03390,Yakından incele · fire3,False,True,-1.90000,3.22000,-16.20000,2.40000,0.00000,0.00000
5125,246.80778,0.03554,Yakından incele · fire3,False,True,-1.90000,3.22000,-16.20000,2.40000,0.00000,0.00000
5126,246.83918,0.03140,Yakından incele · fire3,False,True,-1.90000,3.22000,-16.20000,2.40000,0.00000,0.00000
5127,246.87357,0.03439,Yakından incele · fire3,False,True,-1.90000,3.22000,-16.20000,2.40000,0.00000,0.00000
5128,246.90678,0.03322,Yakından incele · fire3,False,True,-1.90000,3.22000,-16.20000,2.40000,0.00000,0.00000
5129,246.94110,0.03432,Yakından incele · fire3,False,True,-1.90000,3.22000,-16.20000,2.40000,0.00000,0.00000
5130,246.97415,0.03305,Yakından incele · fire3,False,True,-1.90000,3.22000,-16.20000,2.40000,0.00000,0.00000
5131,247.01031,0.03616,Yakından incele · fire3,False,True,-1.90000,3.22000,-16.20000,2.40000,0.00000,0.00000
5132,247.05210,0.04179,Yakından incele · fire3,False,True,-1.90000,3.22000,-16.20000,2.40000,0.00000,0.00000
5133,247.08578,0.03368,Yakından incele · fire3,False,True,-1.90000,3.22000,-16.20000,2.40000,0.00000,0.00000
5134,247.11644,0.03066,Yakından incele · fire3,False,True,-1.90000,3.22000,-16.20000,2.40000,0.00000,0.00000
5135,247.14727,0.03083,Yakından incele · fire3,False,True,-1.90000,3.22000,-16.20000,2.40000,0.00000,0.00000
5136,247.18218,0.03491,Yakından incele · fire3,False,True,-1.90000,3.22000,-16.20000,2.40000,0.00000,0.00000
5137,247.21386,0.03168,Yakından incele · fire3,False,True,-1.90000,3.22000,-16.20000,2.40000,0.00000,0.00000
5138,247.24325,0.02939,Yakından incele · fire3,False,True,-1.90000,3.22000,-16.20000,2.40000,0.00000,0.00000
5139,247.28069,0.03744,Yakından incele · fire3,False,True,-1.90000,3.22000,-16.20000,2.40000,0.00000,0.00000
5140,247.31396,0.03327,Yakından incele · fire3,False,True,-1.90000,3.22000,-16.20000,2.40000,0.00000,0.00000
5141,247.34413,0.03017,Yakından incele · fire3,False,True,-1.90000,3.22000,-16.20000,2.40000,0.00000,0.00000
5142,247.37292,0.02878,Yakından incele · fire3,False,True,-1.90000,3.22000,-16.20000,2.40000,0.00000,0.00000
5143,247.40733,0.03441,Yakından incele · fire3,False,True,-1.90000,3.22000,-16.20000,2.40000,0.00000,0.00000
5144,247.44505,0.03772,Yakından incele · fire3,False,True,-1.90000,3.22000,-16.20000,2.40000,0.00000,0.00000
5145,247.47686,0.03181,Yakından incele · fire3,False,True,-1.90000,3.22000,-16.20000,2.40000,0.00000,0.00000
5146,247.50588,0.02902,Yakından incele · fire3,False,True,-1.90000,3.22000,-16.20000,2.40000,0.00000,0.00000
5147,247.53820,0.03232,Yakından incele · fire3,False,True,-1.90000,3.22000,-16.20000,2.40000,0.00000,0.00000
5148,247.57227,0.03408,Yakından incele · fire3,False,True,-1.90000,3.22000,-16.20000,2.40000,0.00000,0.00000
5149,247.60614,0.03387,Yakından incele · fire3,False,True,-1.90000,3.22000,-16.20000,2.40000,0.00000,0.00000
5150,247.63813,0.03198,Yakından incele · fire3,False,True,-1.90000,3.22000,-16.20000,2.40000,0.00000,0.00000
5151,247.67085,0.03273,Yakından incele · fire3,False,True,-1.90000,3.22000,-16.20000,2.40000,0.00000,0.00000
5152,247.70474,0.03389,Yakından incele · fire3,False,True,-1.90000,3.22000,-16.20000,2.40000,0.00000,0.00000
5153,247.73875,0.03401,Yakından incele · fire3,False,True,-1.90000,3.22000,-16.20000,2.40000,0.00000,0.00000
5154,247.77100,0.03225,Yakından incele · fire3,False,True,-1.90000,3.22000,-16.20000,2.40000,0.00000,0.00000
5155,247.80502,0.03402,Yakından incele · fire3,False,True,-1.90000,3.22000,-16.20000,2.40000,0.00000,0.00000
5156,247.84017,0.03515,Yakından incele · fire3,False,True,-1.90000,3.22000,-16.20000,2.40000,0.00000,0.00000
5157,247.87198,0.03181,Yakından incele · fire3,False,True,-1.90000,3.22000,-16.20000,2.40000,0.00000,0.00000
5158,247.90512,0.03314,Yakından incele · fire3,False,True,-1.90000,3.22000,-16.20000,2.40000,0.00000,0.00000
5159,247.93888,0.03376,Yakından incele · fire3,False,True,-1.90000,3.22000,-16.20000,2.40000,0.00000,0.00000
5160,247.97225,0.03337,Yakından incele · fire3,False,True,-1.90000,3.22000,-16.20000,2.40000,0.00000,0.00000
5161,248.00459,0.03234,Yakından incele · fire3,False,True,-1.90000,3.22000,-16.20000,2.40000,0.00000,0.00000
5162,248.03747,0.03288,Yakından incele · fire3,False,True,-1.90000,3.22000,-16.20000,2.40000,0.00000,0.00000
5163,248.07153,0.03406,Yakından incele · fire3,False,True,-1.90000,3.22000,-16.20000,2.40000,0.00000,0.00000
5164,248.10493,0.03340,Yakından incele · fire3,False,True,-1.90000,3.22000,-16.20000,2.40000,0.00000,0.00000
5165,248.13792,0.03299,Yakından incele · fire3,False,True,-1.90000,3.22000,-16.20000,2.40000,0.00000,0.00000
5166,248.18566,0.04774,Yakından incele · fire3,False,True,-1.90000,3.22000,-16.20000,2.40000,0.00000,0.00000
5167,248.21941,0.03374,Yakından incele · fire3,False,True,-1.90000,3.22000,-16.20000,2.40000,0.00000,0.00000
5168,248.25341,0.03401,Yakından incele · fire3,False,True,-1.90000,3.22000,-16.20000,2.40000,0.00000,0.00000
5169,248.28643,0.03302,Yakından incele · fire3,False,True,-1.90000,3.22000,-16.20000,2.40000,0.00000,0.00000
5170,248.31995,0.03352,Yakından incele · fire3,False,True,-1.90000,3.22000,-16.20000,2.40000,0.00000,0.00000
5171,248.35408,0.03413,Yakından incele · fire3,False,True,-1.90000,3.22000,-16.20000,2.40000,0.00000,0.00000
5172,248.38612,0.03204,Yakından incele · fire3,False,True,-1.90000,3.22000,-16.20000,2.40000,0.00000,0.00000
5173,248.41988,0.03375,Yakından incele · fire3,False,True,-1.90000,3.22000,-16.20000,2.40000,0.00000,0.00000
5174,248.45313,0.03325,Yakından incele · fire3,False,True,-1.90000,3.22000,-16.20000,2.40000,0.00000,0.00000
5175,248.48689,0.03376,Yakından incele · fire3,False,True,-1.90000,3.22000,-16.20000,2.40000,0.00000,0.00000
5176,248.52017,0.03328,Yakından incele · fire3,False,True,-1.90000,3.22000,-16.20000,2.40000,0.00000,0.00000
5177,248.55332,0.03315,Yakından incele · fire3,False,True,-1.90000,3.22000,-16.20000,2.40000,0.00000,0.00000
5178,248.58670,0.03338,Yakından incele · fire3,False,True,-1.90000,3.22000,-16.20000,2.40000,0.00000,0.00000
5179,248.62011,0.03342,Yakından incele · fire3,False,True,-1.90000,3.22000,-16.20000,2.40000,0.00000,0.00000
5180,248.65334,0.03323,Yakından incele · fire3,False,True,-1.90000,3.22000,-16.20000,2.40000,0.00000,0.00000
5181,248.68718,0.03385,Yakından incele · fire3,False,True,-1.90000,3.22000,-16.20000,2.40000,0.00000,0.00000
5182,248.72000,0.03282,Yakından incele · fire3,False,True,-1.90000,3.22000,-16.20000,2.40000,0.00000,0.00000
5183,248.75384,0.03383,Yakından incele · fire3,False,True,-1.90000,3.22000,-16.20000,2.40000,0.00000,0.00000
5184,248.78721,0.03337,Yakından incele · fire3,False,True,-1.90000,3.22000,-16.20000,2.40000,0.00000,0.00000
5185,248.82075,0.03354,Yakından incele · fire3,False,True,-1.90000,3.22000,-16.20000,2.40000,0.00000,0.00000
5186,248.85764,0.03689,Yakından incele · fire3,False,True,-1.90000,3.22000,-16.20000,2.40000,0.00000,0.00000
5187,248.88691,0.02927,Yakından incele · fire3,False,True,-1.90000,3.22000,-16.20000,2.40000,0.00000,0.00000
5188,248.91999,0.03308,Yakından incele · fire3,False,True,-1.90000,3.22000,-16.20000,2.40000,0.00000,0.00000
5189,248.95336,0.03336,Yakından incele · fire3,False,True,-1.90000,3.22000,-16.20000,2.40000,0.00000,0.00000
5190,248.98658,0.03322,Yakından incele · fire3,False,True,-1.90000,3.22000,-16.20000,2.40000,0.00000,0.00000
5191,249.01955,0.03297,Yakından incele · fire3,False,True,-1.90000,3.22000,-16.20000,2.40000,0.00000,0.00000
5192,249.05318,0.03363,Yakından incele · fire3,False,True,-1.90000,3.22000,-16.20000,2.40000,0.00000,0.00000
5193,249.08674,0.03357,Yakından incele · fire3,False,True,-1.90000,3.22000,-16.20000,2.40000,0.00000,0.00000
5194,249.11954,0.03279,Yakından incele · fire3,False,True,-1.90000,3.22000,-16.20000,2.40000,0.00000,0.00000
5195,249.15288,0.03334,Yakından incele · fire3,False,True,-1.90000,3.22000,-16.20000,2.40000,0.00000,0.00000
5196,249.18687,0.03399,Yakından incele · fire3,False,True,-1.90000,3.22000,-16.20000,2.40000,0.00000,0.00000
5197,249.22046,0.03360,Yakından incele · fire3,False,True,-1.90000,3.22000,-16.20000,2.40000,0.00000,0.00000
5198,249.25335,0.03289,Yakından incele · fire3,False,True,-1.90000,3.22000,-16.20000,2.40000,0.00000,0.00000
5199,249.28650,0.03315,Yakından incele · fire3,False,True,-1.90000,3.22000,-16.20000,2.40000,0.00000,0.00000
5200,249.31993,0.03343,Yakından incele · fire3,False,True,-1.90000,3.22000,-16.20000,2.40000,0.00000,0.00000
5201,249.35324,0.03331,Yakından incele · fire3,False,True,-1.90000,3.22000,-16.20000,2.40000,0.00000,0.00000
5202,249.38719,0.03395,Yakından incele · fire3,False,True,-1.90000,3.22000,-16.20000,2.40000,0.00000,0.00000
5203,249.41970,0.03251,Yakından incele · fire3,False,True,-1.90000,3.22000,-16.20000,2.40000,0.00000,0.00000
5204,249.45371,0.03401,Yakından incele · fire3,False,True,-1.90000,3.22000,-16.20000,2.40000,0.00000,0.00000
5205,249.48695,0.03324,Yakından incele · fire3,False,True,-1.90000,3.22000,-16.20000,2.40000,0.00000,0.00000
5206,249.52038,0.03344,Yakından incele · fire3,False,True,-1.90000,3.22000,-16.20000,2.40000,0.00000,0.00000
5207,249.55436,0.03397,Yakından incele · fire3,False,True,-1.90000,3.22000,-16.20000,2.40000,0.00000,0.00000
5208,249.58738,0.03302,Yakından incele · fire3,False,True,-1.90000,3.22000,-16.20000,2.40000,0.00000,0.00000
5209,249.62122,0.03384,Yakından incele · fire3,False,True,-1.90000,3.22000,-16.20000,2.40000,0.00000,0.00000
5210,249.65430,0.03309,Yakından incele · fire3,False,True,-1.90000,3.22000,-16.20000,2.40000,0.00000,0.00000
5211,249.69974,0.04544,Yakından incele · fire3,False,True,-1.90000,3.22000,-16.20000,2.40000,0.00000,0.00000
5212,249.73495,0.03521,Yakından incele · fire3,False,True,-1.90000,3.22000,-16.20000,2.40000,0.00000,0.00000
5213,249.76179,0.02684,Yakından incele · fire3,False,True,-1.90000,3.22000,-16.20000,2.40000,0.00000,0.00000
5214,249.78992,0.02813,Yakından incele · fire3,False,True,-1.90000,3.22000,-16.20000,2.40000,0.00000,0.00000
5215,249.81940,0.02948,Yakından incele · fire3,False,True,-1.90000,3.22000,-16.20000,2.40000,0.00000,0.00000
5216,249.85369,0.03430,Yakından incele · fire3,False,True,-1.90000,3.22000,-16.20000,2.40000,0.00000,0.00000
5217,249.88794,0.03425,Yakından incele · fire3,False,True,-1.90000,3.22000,-16.20000,2.40000,0.00000,0.00000
5218,249.92026,0.03231,Yakından incele · fire3,False,True,-1.90000,3.22000,-16.20000,2.40000,0.00000,0.00000
5219,249.95400,0.03375,Yakından incele · fire3,False,True,-1.90000,3.22000,-16.20000,2.40000,0.00000,0.00000
5220,249.98704,0.03304,Yakından incele · fire3,False,True,-1.90000,3.22000,-16.20000,2.40000,0.00000,0.00000
5221,250.02036,0.03332,Yakından incele · fire3,False,True,-1.90000,3.22000,-16.20000,2.40000,0.00000,0.00000
5222,250.05330,0.03293,Yakından incele · fire3,False,True,-1.90000,3.22000,-16.20000,2.40000,0.00000,0.00000
5223,250.08695,0.03365,Yakından incele · fire3,False,True,-1.90000,3.22000,-16.20000,2.40000,0.00000,0.00000
5224,250.11995,0.03300,Yakından incele · fire3,False,True,-1.90000,3.22000,-16.20000,2.40000,0.00000,0.00000
5225,250.15272,0.03278,Yakından incele · fire3,False,True,-1.90000,3.22000,-16.20000,2.40000,0.00000,0.00000
5226,250.18639,0.03366,Yakından incele · fire3,False,True,-1.90000,3.22000,-16.20000,2.40000,0.00000,0.00000
5227,250.22019,0.03381,Yakından incele · fire3,False,True,-1.90000,3.22000,-16.20000,2.40000,0.00000,0.00000
5228,250.25330,0.03311,Yakından incele · fire3,False,True,-1.90000,3.22000,-16.20000,2.40000,0.00000,0.00000
5229,250.28606,0.03276,Yakından incele · fire3,False,True,-1.90000,3.22000,-16.20000,2.40000,0.00000,0.00000
5230,250.31947,0.03341,Yakından incele · fire3,False,True,-1.90000,3.22000,-16.20000,2.40000,0.00000,0.00000
5231,250.35388,0.03441,Yakından incele · fire3,False,True,-1.90000,3.22000,-16.20000,2.40000,0.00000,0.00000
5232,250.38767,0.03379,Yakından incele · fire3,False,True,-1.90000,3.22000,-16.20000,2.40000,0.00000,0.00000
5233,250.41957,0.03190,Yakından incele · fire3,False,True,-1.90000,3.22000,-16.20000,2.40000,0.00000,0.00000
5234,250.45390,0.03433,Yakından incele · fire3,False,True,-1.90000,3.22000,-16.20000,2.40000,0.00000,0.00000
5235,250.48668,0.03278,Yakından incele · fire3,False,True,-1.90000,3.22000,-16.20000,2.40000,0.00000,0.00000
5236,250.52009,0.03341,Yakından incele · fire3,False,True,-1.90000,3.22000,-16.20000,2.40000,0.00000,0.00000
5237,250.55367,0.03358,Yakından incele · fire3,False,True,-1.90000,3.22000,-16.20000,2.40000,0.00000,0.00000
5238,250.58672,0.03306,Yakından incele · fire3,False,True,-1.90000,3.22000,-16.20000,2.40000,0.00000,0.00000
5239,250.61924,0.03251,Yakından incele · fire3,False,True,-1.90000,3.22000,-16.20000,2.40000,0.00000,0.00000
5240,250.65223,0.03299,Yakından incele · fire3,False,True,-1.90000,3.22000,-16.20000,2.40000,0.00000,0.00000
5241,250.68746,0.03523,Yakından incele · fire3,False,True,-1.90000,3.22000,-16.20000,2.40000,0.00000,0.00000
5242,250.72071,0.03325,Yakından incele · fire3,False,True,-1.90000,3.22000,-16.20000,2.40000,0.00000,0.00000
5243,250.75308,0.03237,Yakından incele · fire3,False,True,-1.90000,3.22000,-16.20000,2.40000,0.00000,0.00000
5244,250.78663,0.03355,Yakından incele · fire3,False,True,-1.90000,3.22000,-16.20000,2.40000,0.00000,0.00000
5245,250.81976,0.03313,Yakından incele · fire3,False,True,-1.90000,3.22000,-16.20000,2.40000,0.00000,0.00000
5246,250.85312,0.03336,Yakından incele · fire3,False,True,-1.90000,3.22000,-16.20000,2.40000,0.00000,0.00000
5247,250.88622,0.03309,Yakından incele · fire3,False,True,-1.90000,3.22000,-16.20000,2.40000,0.00000,0.00000
5248,250.92113,0.03491,Yakından incele · fire3,False,True,-1.90000,3.22000,-16.20000,2.40000,0.00000,0.00000
5249,250.95367,0.03254,Yakından incele · fire3,False,True,-1.90000,3.22000,-16.20000,2.40000,0.00000,0.00000
5250,250.98677,0.03310,Yakından incele · fire3,False,True,-1.90000,3.22000,-16.20000,2.40000,0.00000,0.00000
5251,251.02052,0.03375,Yakından incele · fire3,False,True,-1.90000,3.22000,-16.20000,2.40000,0.00000,0.00000
5252,251.05362,0.03309,Yakından incele · fire3,False,True,-1.90000,3.22000,-16.20000,2.40000,0.00000,0.00000
5253,251.08702,0.03341,Yakından incele · fire3,False,True,-1.90000,3.22000,-16.20000,2.40000,0.00000,0.00000
5254,251.11986,0.03284,Yakından incele · fire3,False,True,-1.90000,3.22000,-16.20000,2.40000,0.00000,0.00000
5255,251.15302,0.03316,Yakından incele · fire3,False,True,-1.90000,3.22000,-16.20000,2.40000,0.00000,0.00000
5256,251.18676,0.03374,Yakından incele · fire3,False,True,-1.90000,3.22000,-16.20000,2.40000,0.00000,0.00000
5257,251.22070,0.03394,Yakından incele · fire3,False,True,-1.90000,3.22000,-16.20000,2.40000,0.00000,0.00000
5258,251.25363,0.03293,Yakından incele · fire3,False,True,-1.90000,3.22000,-16.20000,2.40000,0.00000,0.00000
5259,251.28696,0.03333,Yakından incele · fire3,False,True,-1.90000,3.22000,-16.20000,2.40000,0.00000,0.00000
5260,251.32060,0.03363,Yakından incele · fire3,False,True,-1.90000,3.22000,-16.20000,2.40000,0.00000,0.00000
5261,251.35369,0.03309,Yakından incele · fire3,False,True,-1.90000,3.22000,-16.20000,2.40000,0.00000,0.00000
5262,251.38672,0.03303,Yakından incele · fire3,False,True,-1.90000,3.22000,-16.20000,2.40000,0.00000,0.00000
5263,251.42167,0.03495,Yakından incele · fire3,False,True,-1.90000,3.22000,-16.20000,2.40000,0.00000,0.00000
5264,251.45355,0.03189,Yakından incele · fire3,False,True,-1.90000,3.22000,-16.20000,2.40000,0.00000,0.00000
5265,251.50219,0.04863,Yakından incele · fire3,False,True,-1.90000,3.22000,-16.20000,2.40000,0.00000,0.00000
5266,251.53562,0.03343,Yakından incele · fire3,False,True,-1.90000,3.22000,-16.20000,2.40000,0.00000,0.00000
5267,251.56871,0.03309,Yakından incele · fire3,False,True,-1.90000,3.22000,-16.20000,2.40000,0.00000,0.00000
5268,251.60193,0.03322,Yakından incele · fire3,False,True,-1.90000,3.22000,-16.20000,2.40000,0.00000,0.00000
5269,251.63549,0.03356,Yakından incele · fire3,False,True,-1.90000,3.22000,-16.20000,2.40000,0.00000,0.00000
5270,251.66889,0.03340,Yakından incele · fire3,False,True,-1.90000,3.22000,-16.20000,2.40000,0.00000,0.00000
5271,251.70253,0.03364,Yakından incele · fire3,False,True,-1.90000,3.22000,-16.20000,2.40000,0.00000,0.00000
5272,251.73566,0.03313,Yakından incele · fire3,False,True,-1.90000,3.22000,-16.20000,2.40000,0.00000,0.00000
5273,251.76898,0.03331,Yakından incele · fire3,False,True,-1.90000,3.22000,-16.20000,2.40000,0.00000,0.00000
5274,251.80250,0.03352,Yakından incele · fire3,False,True,-1.90000,3.22000,-16.20000,2.40000,0.00000,0.00000
5275,251.83533,0.03283,Yakından incele · fire3,False,True,-1.90000,3.22000,-16.20000,2.40000,0.00000,0.00000
5276,251.86882,0.03349,Yakından incele · fire3,False,True,-1.90000,3.22000,-16.20000,2.40000,0.00000,0.00000
5277,251.90211,0.03329,Yakından incele · fire3,False,True,-1.90000,3.22000,-16.20000,2.40000,0.00000,0.00000
5278,251.93718,0.03507,Yakından incele · fire3,False,True,-1.90000,3.22000,-16.20000,2.40000,0.00000,0.00000
5279,251.96958,0.03240,Yakından incele · fire3,False,True,-1.90000,3.22000,-16.20000,2.40000,0.00000,0.00000
5280,252.00240,0.03282,Yakından incele · fire3,False,True,-1.90000,3.22000,-16.20000,2.40000,0.00000,0.00000
5281,252.03585,0.03345,Yakından incele · fire3,False,True,-1.90000,3.22000,-16.20000,2.40000,0.00000,0.00000
5282,252.06907,0.03321,Yakından incele · fire3,False,True,-1.90000,3.22000,-16.20000,2.40000,0.00000,0.00000
5283,252.10270,0.03364,Yakından incele · fire3,False,True,-1.90000,3.22000,-16.20000,2.40000,0.00000,0.00000
5284,252.13646,0.03376,Yakından incele · fire3,False,True,-1.90000,3.22000,-16.20000,2.40000,0.00000,0.00000
5285,252.16922,0.03276,Yakından incele · fire3,False,True,-1.90000,3.22000,-16.20000,2.40000,0.00000,0.00000
5286,252.20195,0.03274,Yakından incele · fire3,False,True,-1.90000,3.22000,-16.20000,2.40000,0.00000,0.00000
5287,252.23580,0.03385,Yakından incele · fire3,False,True,-1.90000,3.22000,-16.20000,2.40000,0.00000,0.00000
5288,252.26897,0.03317,Yakından incele · fire3,False,True,-1.90000,3.22000,-16.20000,2.40000,0.00000,0.00000
5289,252.30258,0.03361,Yakından incele · fire3,False,True,-1.90000,3.22000,-16.20000,2.40000,0.00000,0.00000
5290,252.33596,0.03338,Yakından incele · fire3,False,True,-1.90000,3.22000,-16.20000,2.40000,0.00000,0.00000
5291,252.36877,0.03281,Yakından incele · fire3,False,True,-1.90000,3.22000,-16.20000,2.40000,0.00000,0.00000
5292,252.40239,0.03362,Yakından incele · fire3,False,True,-1.90000,3.22000,-16.20000,2.40000,0.00000,0.00000
5293,252.43797,0.03557,Yakından incele · fire3,False,True,-1.90000,3.22000,-16.20000,2.40000,0.00000,0.00000
5294,252.47103,0.03306,Yakından incele · fire3,False,True,-1.90000,3.22000,-16.20000,2.40000,0.00000,0.00000
5295,252.50383,0.03280,Yakından incele · fire3,False,True,-1.90000,3.22000,-16.20000,2.40000,0.00000,0.00000
5296,252.53568,0.03185,Yakından incele · fire3,False,True,-1.90000,3.22000,-16.20000,2.40000,0.00000,0.00000
5297,252.58008,0.04439,Yakından incele · fire3,False,True,-1.90000,3.22000,-16.20000,2.40000,0.00000,0.00000
5298,252.61520,0.03512,Yakından incele · fire3,False,True,-1.90000,3.22000,-16.20000,2.40000,0.00000,0.00000
5299,252.63768,0.02248,Yakından incele · fire3,False,True,-1.90000,3.22000,-16.20000,2.40000,0.00000,0.00000
5300,252.67089,0.03320,Yakından incele · fire3,False,True,-1.90000,3.22000,-16.20000,2.40000,0.00000,0.00000
5301,252.70505,0.03416,Yakından incele · fire3,False,True,-1.90000,3.22000,-16.20000,2.40000,0.00000,0.00000
5302,252.73941,0.03436,Yakından incele · fire3,False,True,-1.90000,3.22000,-16.20000,2.40000,0.00000,0.00000
5303,252.77172,0.03231,Yakından incele · fire3,False,True,-1.90000,3.22000,-16.20000,2.40000,0.00000,0.00000
5304,252.80309,0.03137,Yakından incele · fire3,False,True,-1.90000,3.22000,-16.20000,2.40000,0.00000,0.00000
5305,252.83669,0.03360,Yakından incele · fire3,False,True,-1.90000,3.22000,-16.20000,2.40000,0.00000,0.00000
5306,252.87005,0.03336,Yakından incele · fire3,False,True,-1.90000,3.22000,-16.20000,2.40000,0.00000,0.00000
5307,252.90348,0.03343,Yakından incele · fire3,False,True,-1.90000,3.22000,-16.20000,2.40000,0.00000,0.00000
5308,252.93788,0.03440,Yakından incele · fire3,False,True,-1.90000,3.22000,-16.20000,2.40000,0.00000,0.00000
5309,252.96894,0.03107,Yakından incele · fire3,False,True,-1.90000,3.22000,-16.20000,2.40000,0.00000,0.00000
5310,253.00259,0.03364,Yakından incele · fire3,False,True,-1.90000,3.22000,-16.20000,2.40000,0.00000,0.00000
5311,253.03661,0.03402,Yakından incele · fire3,False,True,-1.90000,3.22000,-16.20000,2.40000,0.00000,0.00000
5312,253.06920,0.03260,Yakından incele · fire3,False,True,-1.90000,3.22000,-16.20000,2.40000,0.00000,0.00000
5313,253.10220,0.03300,Yakından incele · fire3,False,True,-1.90000,3.22000,-16.20000,2.40000,0.00000,0.00000
5314,253.13578,0.03358,Yakından incele · fire3,False,True,-1.90000,3.22000,-16.20000,2.40000,0.00000,0.00000
5315,253.16961,0.03384,Yakından incele · fire3,False,True,-1.90000,3.22000,-16.20000,2.40000,0.00000,0.00000
5316,253.20176,0.03215,Yakından incele · fire3,False,True,-1.90000,3.22000,-16.20000,2.40000,0.00000,0.00000
5317,253.23455,0.03279,Yakından incele · fire3,False,True,-1.90000,3.22000,-16.20000,2.40000,0.00000,0.00000
5318,253.26886,0.03430,Yakından incele · fire3,False,True,-1.90000,3.22000,-16.20000,2.40000,0.00000,0.00000
5319,253.30382,0.03497,Yakından incele · fire3,False,True,-1.90000,3.22000,-16.20000,2.40000,0.00000,0.00000
5320,253.33715,0.03333,Yakından incele · fire3,False,True,-1.90000,3.22000,-16.20000,2.40000,0.00000,0.00000
5321,253.36930,0.03215,Yakından incele · fire3,False,True,-1.90000,3.22000,-16.20000,2.40000,0.00000,0.00000
5322,253.40188,0.03259,Yakından incele · fire3,False,True,-1.90000,3.22000,-16.20000,2.40000,0.00000,0.00000
5323,253.43596,0.03407,Yakından incele · fire3,False,True,-1.90000,3.22000,-16.20000,2.40000,0.00000,0.00000
5324,253.47052,0.03456,Yakından incele · fire3,False,True,-1.90000,3.22000,-16.20000,2.40000,0.00000,0.00000
5325,253.50315,0.03264,Yakından incele · fire3,False,True,-1.90000,3.22000,-16.20000,2.40000,0.00000,0.00000
5326,253.53563,0.03247,Yakından incele · fire3,False,True,-1.90000,3.22000,-16.20000,2.40000,0.00000,0.00000
5327,253.56936,0.03373,Yakından incele · fire3,False,True,-1.90000,3.22000,-16.20000,2.40000,0.00000,0.00000
5328,253.60310,0.03374,Yakından incele · fire3,False,True,-1.90000,3.22000,-16.20000,2.40000,0.00000,0.00000
5329,253.63600,0.03290,Yakından incele · fire3,False,True,-1.90000,3.22000,-16.20000,2.40000,0.00000,0.00000
5330,253.66910,0.03309,Yakından incele · fire3,False,True,-1.90000,3.22000,-16.20000,2.40000,0.00000,0.00000
5331,253.70238,0.03328,Yakından incele · fire3,False,True,-1.90000,3.22000,-16.20000,2.40000,0.00000,0.00000
5332,253.73581,0.03343,Yakından incele · fire3,False,True,-1.90000,3.22000,-16.20000,2.40000,0.00000,0.00000
5333,253.76930,0.03348,Yakından incele · fire3,False,True,-1.90000,3.22000,-16.20000,2.40000,0.00000,0.00000
5334,253.80262,0.03332,Yakından incele · fire3,False,True,-1.90000,3.22000,-16.20000,2.40000,0.00000,0.00000
5335,253.83696,0.03434,Yakından incele · fire3,False,True,-1.90000,3.22000,-16.20000,2.40000,0.00000,0.00000
5336,253.87657,0.03961,Yakından incele · fire3,False,True,-1.90000,3.22000,-16.20000,2.40000,0.00000,0.00000
5337,253.90510,0.02854,Yakından incele · fire3,False,True,-1.90000,3.22000,-16.20000,2.40000,0.00000,0.00000
5338,253.93538,0.03027,Yakından incele · fire3,False,True,-1.90000,3.22000,-16.20000,2.40000,0.00000,0.00000
5339,253.96929,0.03391,Yakından incele · fire3,False,True,-1.90000,3.22000,-16.20000,2.40000,0.00000,0.00000
5340,254.00170,0.03241,Yakından incele · fire3,False,True,-1.90000,3.22000,-16.20000,2.40000,0.00000,0.00000
5341,254.03579,0.03409,Yakından incele · fire3,False,True,-1.90000,3.22000,-16.20000,2.40000,0.00000,0.00000
5342,254.06934,0.03355,Yakından incele · fire3,False,True,-1.90000,3.22000,-16.20000,2.40000,0.00000,0.00000
5343,254.10328,0.03393,Yakından incele · fire3,False,True,-1.90000,3.22000,-16.20000,2.40000,0.00000,0.00000
5344,254.13597,0.03270,Yakından incele · fire3,False,True,-1.90000,3.22000,-16.20000,2.40000,0.00000,0.00000
5345,254.16889,0.03292,Yakından incele · fire3,False,True,-1.90000,3.22000,-16.20000,2.40000,0.00000,0.00000
5346,254.20230,0.03341,Yakından incele · fire3,False,True,-1.90000,3.22000,-16.20000,2.40000,0.00000,0.00000
5347,254.23590,0.03360,Yakından incele · fire3,False,True,-1.90000,3.22000,-16.20000,2.40000,0.00000,0.00000
5348,254.26799,0.03208,Yakından incele · fire3,False,True,-1.90000,3.22000,-16.20000,2.40000,0.00000,0.00000
5349,254.30155,0.03356,Yakından incele · fire3,False,True,-1.90000,3.22000,-16.20000,2.40000,0.00000,0.00000
5350,254.33506,0.03352,Yakından incele · fire3,False,True,-1.90000,3.22000,-16.20000,2.40000,0.00000,0.00000
5351,254.36936,0.03430,Yakından incele · fire3,False,True,-1.90000,3.22000,-16.20000,2.40000,0.00000,0.00000
5352,254.40286,0.03350,Yakından incele · fire3,False,True,-1.90000,3.22000,-16.20000,2.40000,0.00000,0.00000
5353,254.43551,0.03265,Yakından incele · fire3,False,True,-1.90000,3.22000,-16.20000,2.40000,0.00000,0.00000
5354,254.46835,0.03285,Yakından incele · fire3,False,True,-1.90000,3.22000,-16.20000,2.40000,0.00000,0.00000
5355,254.50322,0.03486,Yakından incele · fire3,False,True,-1.90000,3.22000,-16.20000,2.40000,0.00000,0.00000
5356,254.53588,0.03267,Yakından incele · fire3,False,True,-1.90000,3.22000,-16.20000,2.40000,0.00000,0.00000
5357,254.56910,0.03322,Yakından incele · fire3,False,True,-1.90000,3.22000,-16.20000,2.40000,0.00000,0.00000
5358,254.60270,0.03360,Yakından incele · fire3,False,True,-1.90000,3.22000,-16.20000,2.40000,0.00000,0.00000
5359,254.63583,0.03313,Yakından incele · fire3,False,True,-1.90000,3.22000,-16.20000,2.40000,0.00000,0.00000
5360,254.66906,0.03323,Yakından incele · fire3,False,True,-1.90000,3.22000,-16.20000,2.40000,0.00000,0.00000
5361,254.70224,0.03318,Yakından incele · fire3,False,True,-1.90000,3.22000,-16.20000,2.40000,0.00000,0.00000
5362,254.73556,0.03332,Yakından incele · fire3,False,True,-1.90000,3.22000,-16.20000,2.40000,0.00000,0.00000
5363,254.76872,0.03316,Yakından incele · fire3,False,True,-1.90000,3.22000,-16.20000,2.40000,0.00000,0.00000
5364,254.81616,0.04744,Yakından incele · fire3,False,True,-1.90000,3.22000,-16.20000,2.40000,0.00000,0.00000
5365,254.84923,0.03307,Yakından incele · fire3,False,True,-1.90000,3.22000,-16.20000,2.40000,0.00000,0.00000
5366,254.88411,0.03487,Yakından incele · fire3,False,True,-1.90000,3.22000,-16.20000,2.40000,0.00000,0.00000
5367,254.91763,0.03352,Yakından incele · fire3,False,True,-1.90000,3.22000,-16.20000,2.40000,0.00000,0.00000
5368,254.94926,0.03163,Yakından incele · fire3,False,True,-1.90000,3.22000,-16.20000,2.40000,0.00000,0.00000
5369,254.98227,0.03301,Yakından incele · fire3,False,True,-1.90000,3.22000,-16.20000,2.40000,0.00000,0.00000
5370,255.01714,0.03487,Yakından incele · fire3,False,True,-1.90000,3.22000,-16.20000,2.40000,0.00000,0.00000
5371,255.05019,0.03305,Yakından incele · fire3,False,True,-1.90000,3.22000,-16.20000,2.40000,0.00000,0.00000
5372,255.08301,0.03282,Yakından incele · fire3,False,True,-1.90000,3.22000,-16.20000,2.40000,0.00000,0.00000
5373,255.11710,0.03409,Yakından incele · fire3,False,True,-1.90000,3.22000,-16.20000,2.40000,0.00000,0.00000
5374,255.15090,0.03380,Yakından incele · fire3,False,True,-1.90000,3.22000,-16.20000,2.40000,0.00000,0.00000
5375,255.18360,0.03270,Yakından incele · fire3,False,True,-1.90000,3.22000,-16.20000,2.40000,0.00000,0.00000
5376,255.21693,0.03333,Yakından incele · fire3,False,True,-1.90000,3.22000,-16.20000,2.40000,0.00000,0.00000
5377,255.24940,0.03247,Yakından incele · fire3,False,True,-1.90000,3.22000,-16.20000,2.40000,0.00000,0.00000
5378,255.28219,0.03278,Yakından incele · fire3,False,True,-1.90000,3.22000,-16.20000,2.40000,0.00000,0.00000
5379,255.31620,0.03402,Yakından incele · fire3,False,True,-1.90000,3.22000,-16.20000,2.40000,0.00000,0.00000
5380,255.34972,0.03351,Yakından incele · fire3,False,True,-1.90000,3.22000,-16.20000,2.40000,0.00000,0.00000
5381,255.38287,0.03316,Yakından incele · fire3,False,True,-1.90000,3.22000,-16.20000,2.40000,0.00000,0.00000
5382,255.41729,0.03442,Yakından incele · fire3,False,True,-1.90000,3.22000,-16.20000,2.40000,0.00000,0.00000
5383,255.45016,0.03287,Yakından incele · fire3,False,True,-1.90000,3.22000,-16.20000,2.40000,0.00000,0.00000
5384,255.48215,0.03199,Yakından incele · fire3,False,True,-1.90000,3.22000,-16.20000,2.40000,0.00000,0.00000
5385,255.51665,0.03450,Yakından incele · fire3,False,True,-1.90000,3.22000,-16.20000,2.40000,0.00000,0.00000
5386,255.54992,0.03327,Yakından incele · fire3,False,True,-1.90000,3.22000,-16.20000,2.40000,0.00000,0.00000
5387,255.58341,0.03349,Yakından incele · fire3,False,True,-1.90000,3.22000,-16.20000,2.40000,0.00000,0.00000
5388,255.61655,0.03314,Yakından incele · fire3,False,True,-1.90000,3.22000,-16.20000,2.40000,0.00000,0.00000
5389,255.64999,0.03344,Yakından incele · fire3,False,True,-1.90000,3.22000,-16.20000,2.40000,0.00000,0.00000
5390,255.68271,0.03273,Yakından incele · fire3,False,True,-1.90000,3.22000,-16.20000,2.40000,0.00000,0.00000
5391,255.71590,0.03319,Yakından incele · fire3,False,True,-1.90000,3.22000,-16.20000,2.40000,0.00000,0.00000
5392,255.74923,0.03333,Yakından incele · fire3,False,True,-1.90000,3.22000,-16.20000,2.40000,0.00000,0.00000
5393,255.78294,0.03370,Yakından incele · fire3,False,True,-1.90000,3.22000,-16.20000,2.40000,0.00000,0.00000
5394,255.81602,0.03308,Yakından incele · fire3,False,True,-1.90000,3.22000,-16.20000,2.40000,0.00000,0.00000
5395,255.84914,0.03312,Yakından incele · fire3,False,True,-1.90000,3.22000,-16.20000,2.40000,0.00000,0.00000
5396,255.88312,0.03398,Yakından incele · fire3,False,True,-1.90000,3.22000,-16.20000,2.40000,0.00000,0.00000
5397,255.91620,0.03308,Yakından incele · fire3,False,True,-1.90000,3.22000,-16.20000,2.40000,0.00000,0.00000
5398,255.94920,0.03300,Yakından incele · fire3,False,True,-1.90000,3.22000,-16.20000,2.40000,0.00000,0.00000
5399,255.98211,0.03291,Yakından incele · fire3,False,True,-1.90000,3.22000,-16.20000,2.40000,0.00000,0.00000
5400,256.01670,0.03459,Yakından incele · fire3,False,True,-1.90000,3.22000,-16.20000,2.40000,0.00000,0.00000
5401,256.04868,0.03198,Yakından incele · fire3,False,True,-1.90000,3.22000,-16.20000,2.40000,0.00000,0.00000
5402,256.08298,0.03431,Yakından incele · fire3,False,True,-1.90000,3.22000,-16.20000,2.40000,0.00000,0.00000
5403,256.11637,0.03339,Yakından incele · fire3,False,True,-1.90000,3.22000,-16.20000,2.40000,0.00000,0.00000
5404,256.14943,0.03306,Yakından incele · fire3,False,True,-1.90000,3.22000,-16.20000,2.40000,0.00000,0.00000
5405,256.18298,0.03355,Yakından incele · fire3,False,True,-1.90000,3.22000,-16.20000,2.40000,0.00000,0.00000
5406,256.21680,0.03382,Yakından incele · fire3,False,True,-1.90000,3.22000,-16.20000,2.40000,0.00000,0.00000
5407,256.25090,0.03409,Yakından incele · fire3,False,True,-1.90000,3.22000,-16.20000,2.40000,0.00000,0.00000
5408,256.28385,0.03296,Yakından incele · fire3,False,True,-1.90000,3.22000,-16.20000,2.40000,0.00000,0.00000
5409,256.31637,0.03251,Yakından incele · fire3,False,True,-1.90000,3.22000,-16.20000,2.40000,0.00000,0.00000
5410,256.34932,0.03295,Yakından incele · fire3,False,True,-1.90000,3.22000,-16.20000,2.40000,0.00000,0.00000
5411,256.38272,0.03340,Yakından incele · fire3,False,True,-1.90000,3.22000,-16.20000,2.40000,0.00000,0.00000
5412,256.41656,0.03384,Yakından incele · fire3,False,True,-1.90000,3.22000,-16.20000,2.40000,0.00000,0.00000
5413,256.45074,0.03418,Yakından incele · fire3,False,True,-1.90000,3.22000,-16.20000,2.40000,0.00000,0.00000
5414,256.48363,0.03289,Yakından incele · fire3,False,True,-1.90000,3.22000,-16.20000,2.40000,0.00000,0.00000
5415,256.51738,0.03375,Yakından incele · fire3,False,True,-1.90000,3.22000,-16.20000,2.40000,0.00000,0.00000
5416,256.54926,0.03188,Yakından incele · fire3,False,True,-1.90000,3.22000,-16.20000,2.40000,0.00000,0.00000
5417,256.58261,0.03335,Yakından incele · fire3,False,True,-1.90000,3.22000,-16.20000,2.40000,0.00000,0.00000
5418,256.61626,0.03365,Yakından incele · fire3,False,True,-1.90000,3.22000,-16.20000,2.40000,0.00000,0.00000
5419,256.64942,0.03317,Yakından incele · fire3,False,True,-1.90000,3.22000,-16.20000,2.40000,0.00000,0.00000
5420,256.68252,0.03310,Yakından incele · fire3,False,True,-1.90000,3.22000,-16.20000,2.40000,0.00000,0.00000
5421,256.71657,0.03405,Yakından incele · fire3,False,True,-1.90000,3.22000,-16.20000,2.40000,0.00000,0.00000
5422,256.74950,0.03293,Yakından incele · fire3,False,True,-1.90000,3.22000,-16.20000,2.40000,0.00000,0.00000
5423,256.78372,0.03422,Yakından incele · fire3,False,True,-1.90000,3.22000,-16.20000,2.40000,0.00000,0.00000
5424,256.81693,0.03321,Yakından incele · fire3,False,True,-1.90000,3.22000,-16.20000,2.40000,0.00000,0.00000
5425,256.84856,0.03163,Yakından incele · fire3,False,True,-1.90000,3.22000,-16.20000,2.40000,0.00000,0.00000
5426,256.88296,0.03440,Yakından incele · fire3,False,True,-1.90000,3.22000,-16.20000,2.40000,0.00000,0.00000
5427,256.91585,0.03289,Yakından incele · fire3,False,True,-1.90000,3.22000,-16.20000,2.40000,0.00000,0.00000
5428,256.94888,0.03303,Yakından incele · fire3,False,True,-1.90000,3.22000,-16.20000,2.40000,0.00000,0.00000
5429,256.98266,0.03378,Yakından incele · fire3,False,True,-1.90000,3.22000,-16.20000,2.40000,0.00000,0.00000
5430,257.01581,0.03315,Yakından incele · fire3,False,True,-1.90000,3.22000,-16.20000,2.40000,0.00000,0.00000
5431,257.05083,0.03502,Yakından incele · fire3,False,True,-1.90000,3.22000,-16.20000,2.40000,0.00000,0.00000
5432,257.08322,0.03239,Yakından incele · fire3,False,True,-1.90000,3.22000,-16.20000,2.40000,0.00000,0.00000
5433,257.11691,0.03369,Yakından incele · fire3,False,True,-1.90000,3.22000,-16.20000,2.40000,0.00000,0.00000
5434,257.14996,0.03305,Yakından incele · fire3,False,True,-1.90000,3.22000,-16.20000,2.40000,0.00000,0.00000
5435,257.18265,0.03269,Yakından incele · fire3,False,True,-1.90000,3.22000,-16.20000,2.40000,0.00000,0.00000
5436,257.21514,0.03249,Yakından incele · fire3,False,True,-1.90000,3.22000,-16.20000,2.40000,0.00000,0.00000
5437,257.24839,0.03325,Yakından incele · fire3,False,True,-1.90000,3.22000,-16.20000,2.40000,0.00000,0.00000
5438,257.28293,0.03454,Yakından incele · fire3,False,True,-1.90000,3.22000,-16.20000,2.40000,0.00000,0.00000
5439,257.31704,0.03411,Yakından incele · fire3,False,True,-1.90000,3.22000,-16.20000,2.40000,0.00000,0.00000
5440,257.34899,0.03195,Yakından incele · fire3,False,True,-1.90000,3.22000,-16.20000,2.40000,0.00000,0.00000
5441,257.38217,0.03318,Yakından incele · fire3,False,True,-1.90000,3.22000,-16.20000,2.40000,0.00000,0.00000
5442,257.41705,0.03488,Yakından incele · fire3,False,True,-1.90000,3.22000,-16.20000,2.40000,0.00000,0.00000
5443,257.45010,0.03305,Yakından incele · fire3,False,True,-1.90000,3.22000,-16.20000,2.40000,0.00000,0.00000
5444,257.48265,0.03255,Yakından incele · fire3,False,True,-1.90000,3.22000,-16.20000,2.40000,0.00000,0.00000
5445,257.51528,0.03263,Yakından incele · fire3,False,True,-1.90000,3.22000,-16.20000,2.40000,0.00000,0.00000
5446,257.54892,0.03364,Yakından incele · fire3,False,True,-1.90000,3.22000,-16.20000,2.40000,0.00000,0.00000
5447,257.58327,0.03436,Yakından incele · fire3,False,True,-1.90000,3.22000,-16.20000,2.40000,0.00000,0.00000
5448,257.61614,0.03287,Yakından incele · fire3,False,True,-1.90000,3.22000,-16.20000,2.40000,0.00000,0.00000
5449,257.64993,0.03379,Yakından incele · fire3,False,True,-1.90000,3.22000,-16.20000,2.40000,0.00000,0.00000
5450,257.68261,0.03268,Yakından incele · fire3,False,True,-1.90000,3.22000,-16.20000,2.40000,0.00000,0.00000
5451,257.71690,0.03429,Yakından incele · fire3,False,True,-1.90000,3.22000,-16.20000,2.40000,0.00000,0.00000
5452,257.75020,0.03329,Yakından incele · fire3,False,True,-1.90000,3.22000,-16.20000,2.40000,0.00000,0.00000
5453,257.78365,0.03345,Yakından incele · fire3,False,True,-1.90000,3.22000,-16.20000,2.40000,0.00000,0.00000
5454,257.81750,0.03385,Yakından incele · fire3,False,True,-1.90000,3.22000,-16.20000,2.40000,0.00000,0.00000
5455,257.85053,0.03302,Yakından incele · fire3,False,True,-1.90000,3.22000,-16.20000,2.40000,0.00000,0.00000
5456,257.88307,0.03255,Yakından incele · fire3,False,True,-1.90000,3.22000,-16.20000,2.40000,0.00000,0.00000
5457,257.91630,0.03323,Yakından incele · fire3,False,True,-1.90000,3.22000,-16.20000,2.40000,0.00000,0.00000
5458,257.94970,0.03340,Yakından incele · fire3,False,True,-1.90000,3.22000,-16.20000,2.40000,0.00000,0.00000
5459,257.98246,0.03276,Yakından incele · fire3,False,True,-1.90000,3.22000,-16.20000,2.40000,0.00000,0.00000
5460,258.01618,0.03373,Yakından incele · fire3,False,True,-1.90000,3.22000,-16.20000,2.40000,0.00000,0.00000
5461,258.05042,0.03424,Yakından incele · fire3,False,True,-1.90000,3.22000,-16.20000,2.40000,0.00000,0.00000
5462,258.08423,0.03380,Yakından incele · fire3,False,True,-1.90000,3.22000,-16.20000,2.40000,0.00000,0.00000
5463,258.13204,0.04781,Yakından incele · fire3,False,True,-1.90000,3.22000,-16.20000,2.40000,0.00000,0.00000
5464,258.16561,0.03357,Yakından incele · fire3,False,True,-1.90000,3.22000,-16.20000,2.40000,0.00000,0.00000
5465,258.19838,0.03278,Yakından incele · fire3,False,True,-1.90000,3.22000,-16.20000,2.40000,0.00000,0.00000
5466,258.23230,0.03391,Yakından incele · fire3,False,True,-1.90000,3.22000,-16.20000,2.40000,0.00000,0.00000
5467,258.26610,0.03380,Yakından incele · fire3,False,True,-1.90000,3.22000,-16.20000,2.40000,0.00000,0.00000
5468,258.29779,0.03170,Yakından incele · fire3,False,True,-1.90000,3.22000,-16.20000,2.40000,0.00000,0.00000
5469,258.33069,0.03290,Yakından incele · fire3,False,True,-1.90000,3.22000,-16.20000,2.40000,0.00000,0.00000
5470,258.36427,0.03357,Yakından incele · fire3,False,True,-1.90000,3.22000,-16.20000,2.40000,0.00000,0.00000
5471,258.39808,0.03381,Yakından incele · fire3,False,True,-1.90000,3.22000,-16.20000,2.40000,0.00000,0.00000
5472,258.43150,0.03342,Yakından incele · fire3,False,True,-1.90000,3.22000,-16.20000,2.40000,0.00000,0.00000
5473,258.46413,0.03263,Yakından incele · fire3,False,True,-1.90000,3.22000,-16.20000,2.40000,0.00000,0.00000
5474,258.49781,0.03368,Yakından incele · fire3,False,True,-1.90000,3.22000,-16.20000,2.40000,0.00000,0.00000
5475,258.53193,0.03412,Yakından incele · fire3,False,True,-1.90000,3.22000,-16.20000,2.40000,0.00000,0.00000
5476,258.56522,0.03329,Yakından incele · fire3,False,True,-1.90000,3.22000,-16.20000,2.40000,0.00000,0.00000
5477,258.61064,0.04541,Yakından incele · fire3,False,True,-1.90000,3.22000,-16.20000,2.40000,0.00000,0.00000
5478,258.64259,0.03195,Yakından incele · fire3,False,True,-1.90000,3.22000,-16.20000,2.40000,0.00000,0.00000
5479,258.66405,0.02146,Yakından incele · fire3,False,True,-1.90000,3.22000,-16.20000,2.40000,0.00000,0.00000
5480,258.69674,0.03270,Yakından incele · fire3,False,True,-1.90000,3.22000,-16.20000,2.40000,0.00000,0.00000
5481,258.73014,0.03340,Yakından incele · fire3,False,True,-1.90000,3.22000,-16.20000,2.40000,0.00000,0.00000
5482,258.76525,0.03511,Yakından incele · fire3,False,True,-1.90000,3.22000,-16.20000,2.40000,0.00000,0.00000
5483,258.79824,0.03299,Yakından incele · fire3,False,True,-1.90000,3.22000,-16.20000,2.40000,0.00000,0.00000
5484,258.83074,0.03250,Yakından incele · fire3,False,True,-1.90000,3.22000,-16.20000,2.40000,0.00000,0.00000
5485,258.86465,0.03391,Yakından incele · fire3,False,True,-1.90000,3.22000,-16.20000,2.40000,0.00000,0.00000
5486,258.89848,0.03383,Yakından incele · fire3,False,True,-1.90000,3.22000,-16.20000,2.40000,0.00000,0.00000
5487,258.93174,0.03325,Yakından incele · fire3,False,True,-1.90000,3.22000,-16.20000,2.40000,0.00000,0.00000
5488,258.96452,0.03278,Yakından incele · fire3,False,True,-1.90000,3.22000,-16.20000,2.40000,0.00000,0.00000
5489,258.99799,0.03347,Yakından incele · fire3,False,True,-1.90000,3.22000,-16.20000,2.40000,0.00000,0.00000
5490,259.03133,0.03334,Yakından incele · fire3,False,True,-1.90000,3.22000,-16.20000,2.40000,0.00000,0.00000
5491,259.06482,0.03349,Yakından incele · fire3,False,True,-1.90000,3.22000,-16.20000,2.40000,0.00000,0.00000
5492,259.09968,0.03486,Yakından incele · fire3,False,True,-1.90000,3.22000,-16.20000,2.40000,0.00000,0.00000
5493,259.13097,0.03129,Yakından incele · fire3,False,True,-1.90000,3.22000,-16.20000,2.40000,0.00000,0.00000
5494,259.16373,0.03276,Yakından incele · fire3,False,True,-1.90000,3.22000,-16.20000,2.40000,0.00000,0.00000
5495,259.19785,0.03412,Yakından incele · fire3,False,True,-1.90000,3.22000,-16.20000,2.40000,0.00000,0.00000
5496,259.23121,0.03337,Yakından incele · fire3,False,True,-1.90000,3.22000,-16.20000,2.40000,0.00000,0.00000
5497,259.26416,0.03295,Yakından incele · fire3,False,True,-1.90000,3.22000,-16.20000,2.40000,0.00000,0.00000
5498,259.29800,0.03384,Yakından incele · fire3,False,True,-1.90000,3.22000,-16.20000,2.40000,0.00000,0.00000
5499,259.33143,0.03343,Yakından incele · fire3,False,True,-1.90000,3.22000,-16.20000,2.40000,0.00000,0.00000
5500,259.36476,0.03333,Yakından incele · fire3,False,True,-1.90000,3.22000,-16.20000,2.40000,0.00000,0.00000
5501,259.39849,0.03373,Yakından incele · fire3,False,True,-1.90000,3.22000,-16.20000,2.40000,0.00000,0.00000
5502,259.43154,0.03305,Yakından incele · fire3,False,True,-1.90000,3.22000,-16.20000,2.40000,0.00000,0.00000
5503,259.46468,0.03314,Yakından incele · fire3,False,True,-1.90000,3.22000,-16.20000,2.40000,0.00000,0.00000
5504,259.49810,0.03342,Yakından incele · fire3,False,True,-1.90000,3.22000,-16.20000,2.40000,0.00000,0.00000
5505,259.53110,0.03301,Yakından incele · fire3,False,True,-1.90000,3.22000,-16.20000,2.40000,0.00000,0.00000
5506,259.56504,0.03394,Yakından incele · fire3,False,True,-1.90000,3.22000,-16.20000,2.40000,0.00000,0.00000
5507,259.59962,0.03458,Yakından incele · fire3,False,True,-1.90000,3.22000,-16.20000,2.40000,0.00000,0.00000
5508,259.63106,0.03144,Yakından incele · fire3,False,True,-1.90000,3.22000,-16.20000,2.40000,0.00000,0.00000
5509,259.66501,0.03395,Yakından incele · fire3,False,True,-1.90000,3.22000,-16.20000,2.40000,0.00000,0.00000
5510,259.69862,0.03360,Yakından incele · fire3,False,True,-1.90000,3.22000,-16.20000,2.40000,0.00000,0.00000
5511,259.73136,0.03275,Yakından incele · fire3,False,True,-1.90000,3.22000,-16.20000,2.40000,0.00000,0.00000
5512,259.76478,0.03341,Yakından incele · fire3,False,True,-1.90000,3.22000,-16.20000,2.40000,0.00000,0.00000
5513,259.79739,0.03262,Yakından incele · fire3,False,True,-1.90000,3.22000,-16.20000,2.40000,0.00000,0.00000
5514,259.83052,0.03313,Yakından incele · fire3,False,True,-1.90000,3.22000,-16.20000,2.40000,0.00000,0.00000
5515,259.86368,0.03315,Yakından incele · fire3,False,True,-1.90000,3.22000,-16.20000,2.40000,0.00000,0.00000
5516,259.89705,0.03337,Yakından incele · fire3,False,True,-1.90000,3.22000,-16.20000,2.40000,0.00000,0.00000
5517,259.93140,0.03435,Yakından incele · fire3,False,True,-1.90000,3.22000,-16.20000,2.40000,0.00000,0.00000
5518,259.96435,0.03295,Yakından incele · fire3,False,True,-1.90000,3.22000,-16.20000,2.40000,0.00000,0.00000
5519,259.99759,0.03325,Yakından incele · fire3,False,True,-1.90000,3.22000,-16.20000,2.40000,0.00000,0.00000
5520,260.03140,0.03381,Yakından incele · fire3,False,True,-1.90000,3.22000,-16.20000,2.40000,0.00000,0.00000
5521,260.06469,0.03328,Yakından incele · fire3,False,True,-1.90000,3.22000,-16.20000,2.40000,0.00000,0.00000
5522,260.09777,0.03308,Yakından incele · fire3,False,True,-1.90000,3.22000,-16.20000,2.40000,0.00000,0.00000
5523,260.13218,0.03442,Yakından incele · fire3,False,True,-1.90000,3.22000,-16.20000,2.40000,0.00000,0.00000
5524,260.16410,0.03191,Yakından incele · fire3,False,True,-1.90000,3.22000,-16.20000,2.40000,0.00000,0.00000
5525,260.19786,0.03376,Yakından incele · fire3,False,True,-1.90000,3.22000,-16.20000,2.40000,0.00000,0.00000
5526,260.23126,0.03340,Yakından incele · fire3,False,True,-1.90000,3.22000,-16.20000,2.40000,0.00000,0.00000
5527,260.26461,0.03335,Yakından incele · fire3,False,True,-1.90000,3.22000,-16.20000,2.40000,0.00000,0.00000
5528,260.29803,0.03342,Yakından incele · fire3,False,True,-1.90000,3.22000,-16.20000,2.40000,0.00000,0.00000
5529,260.33108,0.03305,Yakından incele · fire3,False,True,-1.90000,3.22000,-16.20000,2.40000,0.00000,0.00000
5530,260.36820,0.03712,Yakından incele · fire3,False,True,-1.90000,3.22000,-16.20000,2.40000,0.00000,0.00000
5531,260.40141,0.03321,Yakından incele · fire3,False,True,-1.90000,3.22000,-16.20000,2.40000,0.00000,0.00000
5532,260.43068,0.02928,Yakından incele · fire3,False,True,-1.90000,3.22000,-16.20000,2.40000,0.00000,0.00000
5533,260.46562,0.03494,Yakından incele · fire3,False,True,-1.90000,3.22000,-16.20000,2.40000,0.00000,0.00000
5534,260.50054,0.03492,Yakından incele · fire3,False,True,-1.90000,3.22000,-16.20000,2.40000,0.00000,0.00000
5535,260.53311,0.03257,Yakından incele · fire3,False,True,-1.90000,3.22000,-16.20000,2.40000,0.00000,0.00000
5536,260.56577,0.03266,Yakından incele · fire3,False,True,-1.90000,3.22000,-16.20000,2.40000,0.00000,0.00000
5537,260.59960,0.03383,Yakından incele · fire3,False,True,-1.90000,3.22000,-16.20000,2.40000,0.00000,0.00000
5538,260.63414,0.03455,Yakından incele · fire3,False,True,-1.90000,3.22000,-16.20000,2.40000,0.00000,0.00000
5539,260.66553,0.03139,Yakından incele · fire3,False,True,-1.90000,3.22000,-16.20000,2.40000,0.00000,0.00000
5540,260.69845,0.03292,Yakından incele · fire3,False,True,-1.90000,3.22000,-16.20000,2.40000,0.00000,0.00000
5541,260.73259,0.03414,Yakından incele · fire3,False,True,-1.90000,3.22000,-16.20000,2.40000,0.00000,0.00000
5542,260.76624,0.03366,Yakından incele · fire3,False,True,-1.90000,3.22000,-16.20000,2.40000,0.00000,0.00000
5543,260.79941,0.03317,Yakından incele · fire3,False,True,-1.90000,3.22000,-16.20000,2.40000,0.00000,0.00000
5544,260.83296,0.03354,Yakından incele · fire3,False,True,-1.90000,3.22000,-16.20000,2.40000,0.00000,0.00000
5545,260.86586,0.03291,Yakından incele · fire3,False,True,-1.90000,3.22000,-16.20000,2.40000,0.00000,0.00000
5546,260.89890,0.03304,Yakından incele · fire3,False,True,-1.90000,3.22000,-16.20000,2.40000,0.00000,0.00000
5547,260.93176,0.03286,Yakından incele · fire3,False,True,-1.90000,3.22000,-16.20000,2.40000,0.00000,0.00000
5548,260.96470,0.03294,Yakından incele · fire3,False,True,-1.90000,3.22000,-16.20000,2.40000,0.00000,0.00000
5549,260.99864,0.03394,Yakından incele · fire3,False,True,-1.90000,3.22000,-16.20000,2.40000,0.00000,0.00000
5550,261.03199,0.03335,Yakından incele · fire3,False,True,-1.90000,3.22000,-16.20000,2.40000,0.00000,0.00000
5551,261.06510,0.03311,Yakından incele · fire3,False,True,-1.90000,3.22000,-16.20000,2.40000,0.00000,0.00000
5552,261.09930,0.03420,Yakından incele · fire3,False,True,-1.90000,3.22000,-16.20000,2.40000,0.00000,0.00000
5553,261.13274,0.03344,Yakından incele · fire3,False,True,-1.90000,3.22000,-16.20000,2.40000,0.00000,0.00000
5554,261.16892,0.03618,Yakından incele · fire3,False,True,-1.90000,3.22000,-16.20000,2.40000,0.00000,0.00000
5555,261.20482,0.03590,Yakından incele · fire3,False,True,-1.90000,3.22000,-16.20000,2.40000,0.00000,0.00000
5556,261.23727,0.03245,Yakından incele · fire3,False,True,-1.90000,3.22000,-16.20000,2.40000,0.00000,0.00000
5557,261.26944,0.03217,Yakından incele · fire3,False,True,-1.90000,3.22000,-16.20000,2.40000,0.00000,0.00000
5558,261.30229,0.03285,Yakından incele · fire3,False,True,-1.90000,3.22000,-16.20000,2.40000,0.00000,0.00000
5559,261.33682,0.03453,Yakından incele · fire3,False,True,-1.90000,3.22000,-16.20000,2.40000,0.00000,0.00000
5560,261.37048,0.03367,Yakından incele · fire3,False,True,-1.90000,3.22000,-16.20000,2.40000,0.00000,0.00000
5561,261.40497,0.03449,Yakından incele · fire3,False,True,-1.90000,3.22000,-16.20000,2.40000,0.00000,0.00000
5562,261.45634,0.05136,Yakından incele · fire3,False,True,-1.90000,3.22000,-16.20000,2.40000,0.00000,0.00000
5563,261.48768,0.03134,Yakından incele · fire3,False,True,-1.90000,3.22000,-16.20000,2.40000,0.00000,0.00000
5564,261.54258,0.05490,Yakından incele · fire3,False,True,-1.90000,3.22000,-16.20000,2.40000,0.00000,0.00000
5565,261.55680,0.01422,Yakından incele · fire3,False,True,-1.90000,3.22000,-16.20000,2.40000,0.00000,0.00000
5566,261.58239,0.02560,Yakından incele · fire3,False,True,-1.90000,3.22000,-16.20000,2.40000,0.00000,0.00000
5567,261.61560,0.03320,Yakından incele · fire3,False,True,-1.90000,3.22000,-16.20000,2.40000,0.00000,0.00000
5568,261.64814,0.03254,Yakından incele · fire3,False,True,-1.90000,3.22000,-16.20000,2.40000,0.00000,0.00000
5569,261.68201,0.03387,Yakından incele · fire3,False,True,-1.90000,3.22000,-16.20000,2.40000,0.00000,0.00000
5570,261.71514,0.03313,Yakından incele · fire3,False,True,-1.90000,3.22000,-16.20000,2.40000,0.00000,0.00000
5571,261.74962,0.03449,Yakından incele · fire3,False,True,-1.90000,3.22000,-16.20000,2.40000,0.00000,0.00000
5572,261.78271,0.03309,Yakından incele · fire3,False,True,-1.90000,3.22000,-16.20000,2.40000,0.00000,0.00000
5573,261.81476,0.03205,Yakından incele · fire3,False,True,-1.90000,3.22000,-16.20000,2.40000,0.00000,0.00000
5574,261.84845,0.03368,Yakından incele · fire3,False,True,-1.90000,3.22000,-16.20000,2.40000,0.00000,0.00000
5575,261.88169,0.03324,Yakından incele · fire3,False,True,-1.90000,3.22000,-16.20000,2.40000,0.00000,0.00000
5576,261.91537,0.03369,Yakından incele · fire3,False,True,-1.90000,3.22000,-16.20000,2.40000,0.00000,0.00000
5577,261.94923,0.03386,Yakından incele · fire3,False,True,-1.90000,3.22000,-16.20000,2.40000,0.00000,0.00000
5578,261.98380,0.03457,Yakından incele · fire3,False,True,-1.90000,3.22000,-16.20000,2.40000,0.00000,0.00000
5579,262.01716,0.03336,Yakından incele · fire3,False,True,-1.90000,3.22000,-16.20000,2.40000,0.00000,0.00000
5580,262.04872,0.03156,Yakından incele · fire3,False,True,-1.90000,3.22000,-16.20000,2.40000,0.00000,0.00000
5581,262.08172,0.03300,Yakından incele · fire3,False,True,-1.90000,3.22000,-16.20000,2.40000,0.00000,0.00000
5582,262.11534,0.03362,Yakından incele · fire3,False,True,-1.90000,3.22000,-16.20000,2.40000,0.00000,0.00000
5583,262.14901,0.03367,Yakından incele · fire3,False,True,-1.90000,3.22000,-16.20000,2.40000,0.00000,0.00000
5584,262.18289,0.03388,Yakından incele · fire3,False,True,-1.90000,3.22000,-16.20000,2.40000,0.00000,0.00000
5585,262.21544,0.03255,Yakından incele · fire3,False,True,-1.90000,3.22000,-16.20000,2.40000,0.00000,0.00000
5586,262.24909,0.03365,Yakından incele · fire3,False,True,-1.90000,3.22000,-16.20000,2.40000,0.00000,0.00000
5587,262.28216,0.03307,Yakından incele · fire3,False,True,-1.90000,3.22000,-16.20000,2.40000,0.00000,0.00000
5588,262.31605,0.03389,Yakından incele · fire3,False,True,-1.90000,3.22000,-16.20000,2.40000,0.00000,0.00000
5589,262.34933,0.03328,Yakından incele · fire3,False,True,-1.90000,3.22000,-16.20000,2.40000,0.00000,0.00000
5590,262.38192,0.03259,Yakından incele · fire3,False,True,-1.90000,3.22000,-16.20000,2.40000,0.00000,0.00000
5591,262.41531,0.03339,Yakından incele · fire3,False,True,-1.90000,3.22000,-16.20000,2.40000,0.00000,0.00000
5592,262.44835,0.03304,Yakından incele · fire3,False,True,-1.90000,3.22000,-16.20000,2.40000,0.00000,0.00000
5593,262.48069,0.03234,Yakından incele · fire3,False,True,-1.90000,3.22000,-16.20000,2.40000,0.00000,0.00000
5594,262.51477,0.03408,Yakından incele · fire3,False,True,-1.90000,3.22000,-16.20000,2.40000,0.00000,0.00000
5595,262.54882,0.03405,Yakından incele · fire3,False,True,-1.90000,3.22000,-16.20000,2.40000,0.00000,0.00000
5596,262.58210,0.03328,Yakından incele · fire3,False,True,-1.90000,3.22000,-16.20000,2.40000,0.00000,0.00000
5597,262.61510,0.03299,Yakından incele · fire3,False,True,-1.90000,3.22000,-16.20000,2.40000,0.00000,0.00000
5598,262.64808,0.03298,Yakından incele · fire3,False,True,-1.90000,3.22000,-16.20000,2.40000,0.00000,0.00000
5599,262.68191,0.03383,Yakından incele · fire3,False,True,-1.90000,3.22000,-16.20000,2.40000,0.00000,0.00000
5600,262.71656,0.03465,Yakından incele · fire3,False,True,-1.90000,3.22000,-16.20000,2.40000,0.00000,0.00000
5601,262.74859,0.03204,Yakından incele · fire3,False,True,-1.90000,3.22000,-16.20000,2.40000,0.00000,0.00000
5602,262.78160,0.03300,Yakından incele · fire3,False,True,-1.90000,3.22000,-16.20000,2.40000,0.00000,0.00000
5603,262.81479,0.03319,Yakından incele · fire3,False,True,-1.90000,3.22000,-16.20000,2.40000,0.00000,0.00000
5604,262.84864,0.03385,Yakından incele · fire3,False,True,-1.90000,3.22000,-16.20000,2.40000,0.00000,0.00000
5605,262.88265,0.03401,Yakından incele · fire3,False,True,-1.90000,3.22000,-16.20000,2.40000,0.00000,0.00000
5606,262.91604,0.03339,Yakından incele · fire3,False,True,-1.90000,3.22000,-16.20000,2.40000,0.00000,0.00000
5607,262.94896,0.03292,Yakından incele · fire3,False,True,-1.90000,3.22000,-16.20000,2.40000,0.00000,0.00000
5608,262.98201,0.03306,Yakından incele · fire3,False,True,-1.90000,3.22000,-16.20000,2.40000,0.00000,0.00000
5609,263.01504,0.03303,Yakından incele · fire3,False,True,-1.90000,3.22000,-16.20000,2.40000,0.00000,0.00000
5610,263.04957,0.03452,Yakından incele · fire3,False,True,-1.90000,3.22000,-16.20000,2.40000,0.00000,0.00000
5611,263.08255,0.03299,Yakından incele · fire3,False,True,-1.90000,3.22000,-16.20000,2.40000,0.00000,0.00000
5612,263.11473,0.03218,Yakından incele · fire3,False,True,-1.90000,3.22000,-16.20000,2.40000,0.00000,0.00000
5613,263.14856,0.03383,Yakından incele · fire3,False,True,-1.90000,3.22000,-16.20000,2.40000,0.00000,0.00000
5614,263.18252,0.03396,Yakından incele · fire3,False,True,-1.90000,3.22000,-16.20000,2.40000,0.00000,0.00000
5615,263.21663,0.03410,Yakından incele · fire3,False,True,-1.90000,3.22000,-16.20000,2.40000,0.00000,0.00000
5616,263.24876,0.03213,Yakından incele · fire3,False,True,-1.90000,3.22000,-16.20000,2.40000,0.00000,0.00000
5617,263.28210,0.03334,Yakından incele · fire3,False,True,-1.90000,3.22000,-16.20000,2.40000,0.00000,0.00000
5618,263.31567,0.03357,Yakından incele · fire3,False,True,-1.90000,3.22000,-16.20000,2.40000,0.00000,0.00000
5619,263.34914,0.03346,Yakından incele · fire3,False,True,-1.90000,3.22000,-16.20000,2.40000,0.00000,0.00000
5620,263.38263,0.03349,Yakından incele · fire3,False,True,-1.90000,3.22000,-16.20000,2.40000,0.00000,0.00000
5621,263.41573,0.03311,Yakından incele · fire3,False,True,-1.90000,3.22000,-16.20000,2.40000,0.00000,0.00000
5622,263.44842,0.03269,Yakından incele · fire3,False,True,-1.90000,3.22000,-16.20000,2.40000,0.00000,0.00000
5623,263.48174,0.03332,Yakından incele · fire3,False,True,-1.90000,3.22000,-16.20000,2.40000,0.00000,0.00000
5624,263.51557,0.03383,Yakından incele · fire3,False,True,-1.90000,3.22000,-16.20000,2.40000,0.00000,0.00000
5625,263.54828,0.03270,Yakından incele · fire3,False,True,-1.90000,3.22000,-16.20000,2.40000,0.00000,0.00000
5626,263.58213,0.03386,Yakından incele · fire3,False,True,-1.90000,3.22000,-16.20000,2.40000,0.00000,0.00000
5627,263.61586,0.03373,Yakından incele · fire3,False,True,-1.90000,3.22000,-16.20000,2.40000,0.00000,0.00000
5628,263.64877,0.03291,Yakından incele · fire3,False,True,-1.90000,3.22000,-16.20000,2.40000,0.00000,0.00000
5629,263.68223,0.03346,Yakından incele · fire3,False,True,-1.90000,3.22000,-16.20000,2.40000,0.00000,0.00000
5630,263.71657,0.03434,Yakından incele · fire3,False,True,-1.90000,3.22000,-16.20000,2.40000,0.00000,0.00000
5631,263.74826,0.03169,Yakından incele · fire3,False,True,-1.90000,3.22000,-16.20000,2.40000,0.00000,0.00000
5632,263.78175,0.03349,Yakından incele · fire3,False,True,-1.90000,3.22000,-16.20000,2.40000,0.00000,0.00000
5633,263.81514,0.03338,Yakından incele · fire3,False,True,-1.90000,3.22000,-16.20000,2.40000,0.00000,0.00000
5634,263.84869,0.03356,Yakından incele · fire3,False,True,-1.90000,3.22000,-16.20000,2.40000,0.00000,0.00000
5635,263.88239,0.03369,Yakından incele · fire3,False,True,-1.90000,3.22000,-16.20000,2.40000,0.00000,0.00000
5636,263.91586,0.03347,Yakından incele · fire3,False,True,-1.90000,3.22000,-16.20000,2.40000,0.00000,0.00000
5637,263.94908,0.03323,Yakından incele · fire3,False,True,-1.90000,3.22000,-16.20000,2.40000,0.00000,0.00000
5638,263.98223,0.03315,Yakından incele · fire3,False,True,-1.90000,3.22000,-16.20000,2.40000,0.00000,0.00000
5639,264.01489,0.03266,Yakından incele · fire3,False,True,-1.90000,3.22000,-16.20000,2.40000,0.00000,0.00000
5640,264.04855,0.03366,Yakından incele · fire3,False,True,-1.90000,3.22000,-16.20000,2.40000,0.00000,0.00000
5641,264.08180,0.03326,Yakından incele · fire3,False,True,-1.90000,3.22000,-16.20000,2.40000,0.00000,0.00000
5642,264.11448,0.03268,Yakından incele · fire3,False,True,-1.90000,3.22000,-16.20000,2.40000,0.00000,0.00000
5643,264.14852,0.03404,Yakından incele · fire3,False,True,-1.90000,3.22000,-16.20000,2.40000,0.00000,0.00000
5644,264.18236,0.03384,Yakından incele · fire3,False,True,-1.90000,3.22000,-16.20000,2.40000,0.00000,0.00000
5645,264.21549,0.03313,Yakından incele · fire3,False,True,-1.90000,3.22000,-16.20000,2.40000,0.00000,0.00000
5646,264.24994,0.03445,Yakından incele · fire3,False,True,-1.90000,3.22000,-16.20000,2.40000,0.00000,0.00000
5647,264.28147,0.03154,Yakından incele · fire3,False,True,-1.90000,3.22000,-16.20000,2.40000,0.00000,0.00000
5648,264.31496,0.03348,Yakından incele · fire3,False,True,-1.90000,3.22000,-16.20000,2.40000,0.00000,0.00000
5649,264.34861,0.03366,Yakından incele · fire3,False,True,-1.90000,3.22000,-16.20000,2.40000,0.00000,0.00000
5650,264.38156,0.03294,Yakından incele · fire3,False,True,-1.90000,3.22000,-16.20000,2.40000,0.00000,0.00000
5651,264.41441,0.03286,Yakından incele · fire3,False,True,-1.90000,3.22000,-16.20000,2.40000,0.00000,0.00000
5652,264.44828,0.03387,Yakından incele · fire3,False,True,-1.90000,3.22000,-16.20000,2.40000,0.00000,0.00000
5653,264.48182,0.03355,Yakından incele · fire3,False,True,-1.90000,3.22000,-16.20000,2.40000,0.00000,0.00000
5654,264.51577,0.03395,Yakından incele · fire3,False,True,-1.90000,3.22000,-16.20000,2.40000,0.00000,0.00000
5655,264.54878,0.03300,Yakından incele · fire3,False,True,-1.90000,3.22000,-16.20000,2.40000,0.00000,0.00000
5656,264.58135,0.03257,Yakından incele · fire3,False,True,-1.90000,3.22000,-16.20000,2.40000,0.00000,0.00000
5657,264.61573,0.03438,Yakından incele · fire3,False,True,-1.90000,3.22000,-16.20000,2.40000,0.00000,0.00000
5658,264.65137,0.03564,Yakından incele · hose,True,True,-1.90434,3.21505,-16.19808,2.39443,0.00686,0.47478
5659,264.68124,0.02987,Yakından incele · hose,True,True,-1.91711,3.20045,-16.19244,2.37800,0.02021,1.40386
5660,264.70948,0.02824,Yakından incele · hose,True,True,-1.93337,3.18187,-16.18525,2.35710,0.02571,1.78701
5661,264.76005,0.05058,Yakından incele · hose,True,True,-1.97440,3.13497,-16.16710,2.30434,0.06490,4.51188
5662,264.79202,0.03197,Yakından incele · hose,True,True,-2.00847,3.09604,-16.15204,2.26055,0.05388,3.74504
5663,264.82507,0.03305,Yakından incele · hose,True,True,-2.04828,3.05053,-16.13444,2.20935,0.06298,4.37802
5664,264.85852,0.03344,Yakından incele · hose,True,True,-2.09418,2.99808,-16.11415,2.15034,0.07260,5.04688
5665,264.89109,0.03257,Yakından incele · hose,True,True,-2.14383,2.94133,-16.09219,2.08650,0.07853,5.45930
5666,264.92426,0.03317,Yakından incele · hose,True,True,-2.19639,2.88127,-16.06895,2.01893,0.08312,5.77855
5667,264.95776,0.03351,Yakından incele · hose,True,True,-2.25491,2.81440,-16.04308,1.94369,0.09255,6.43385
5668,264.99065,0.03288,Yakından incele · hose,True,True,-2.31383,2.74705,-16.01703,1.86793,0.09320,6.47933
5669,265.02406,0.03341,Yakından incele · hose,True,True,-2.37712,2.67472,-15.98905,1.78656,0.10010,6.95838
5670,265.05756,0.03350,Yakından incele · hose,True,True,-2.44085,2.60189,-15.96087,1.70462,0.10080,7.00717
5671,265.09069,0.03313,Yakından incele · hose,True,True,-2.50761,2.52559,-15.93135,1.61879,0.10558,7.33984
5672,265.12386,0.03317,Yakından incele · hose,True,True,-2.57230,2.45166,-15.90275,1.53562,0.10232,7.11300
5673,265.15794,0.03408,Yakından incele · hose,True,True,-2.64063,2.37357,-15.87254,1.44777,0.10807,7.51270
5674,265.19161,0.03367,Yakından incele · hose,True,True,-2.70679,2.29796,-15.84329,1.36271,0.10464,7.27424
5675,265.22445,0.03284,Yakından incele · hose,True,True,-2.77317,2.22209,-15.81393,1.27735,0.10500,7.29950
5676,265.25774,0.03328,Yakından incele · hose,True,True,-2.83532,2.15106,-15.78646,1.19745,0.09829,6.83300
5677,265.29259,0.03485,Yakından incele · hose,True,True,-2.90133,2.07563,-15.75727,1.11258,0.10440,7.25764
5678,265.32425,0.03166,Yakından incele · hose,True,True,-2.95770,2.01120,-15.73234,1.04009,0.08917,6.19879
5679,265.35767,0.03341,Yakından incele · hose,True,True,-3.01456,1.94621,-15.70720,0.96699,0.08993,6.25175
5680,265.39093,0.03326,Yakından incele · hose,True,True,-3.06748,1.88574,-15.68381,0.89896,0.08369,5.81798
5681,265.42465,0.03372,Yakından incele · hose,True,True,-3.11688,1.82928,-15.66196,0.83544,0.07814,5.43183
5682,265.45834,0.03368,Yakından incele · hose,True,True,-3.16087,1.77900,-15.64251,0.77888,0.06958,4.83681
5683,265.49203,0.03369,Yakından incele · hose,True,True,-3.20079,1.73339,-15.62487,0.72756,0.06313,4.38820
5684,265.52520,0.03317,Yakından incele · hose,True,True,-3.23400,1.69543,-15.61018,0.68486,0.05253,3.65127
5685,265.55924,0.03404,Yakından incele · hose,True,True,-3.26142,1.66410,-15.59806,0.64961,0.04337,3.01480
5686,265.59268,0.03345,Yakından incele · hose,True,True,-3.28193,1.64065,-15.58899,0.62323,0.03245,2.25557
5687,265.62516,0.03247,Yakından incele · hose,True,True,-3.29477,1.62598,-15.58331,0.60672,0.02030,1.41109
5688,265.65806,0.03290,Yakından incele · hose,True,True,-3.29992,1.62010,-15.58104,0.60011,0.00814,0.56510
5689,265.69087,0.03281,Yakından incele · hose,False,True,-3.30000,1.62000,-15.58100,0.60000,0.00013,0.00000
5690,265.72398,0.03311,Yakından incele · hose,False,True,-3.30000,1.62000,-15.58100,0.60000,0.00000,0.00000
5691,265.75786,0.03388,Yakından incele · hose,False,True,-3.30000,1.62000,-15.58100,0.60000,0.00000,0.00000
5692,265.80239,0.04453,Yakından incele · hose,False,True,-3.30000,1.62000,-15.58100,0.60000,0.00000,0.00000
5693,265.84043,0.03804,Yakından incele · hose,False,True,-3.30000,1.62000,-15.58100,0.60000,0.00000,0.00000
5694,265.85830,0.01787,Yakından incele · hose,False,True,-3.30000,1.62000,-15.58100,0.60000,0.00000,0.00000
5695,265.89109,0.03279,Yakından incele · hose,False,True,-3.30000,1.62000,-15.58100,0.60000,0.00000,0.00000
5696,265.92514,0.03405,Yakından incele · hose,False,True,-3.30000,1.62000,-15.58100,0.60000,0.00000,0.00000
5697,265.95854,0.03340,Yakından incele · hose,False,True,-3.30000,1.62000,-15.58100,0.60000,0.00000,0.00000
5698,265.99184,0.03330,Yakından incele · hose,False,True,-3.30000,1.62000,-15.58100,0.60000,0.00000,0.00000
5699,266.02510,0.03325,Yakından incele · hose,False,True,-3.30000,1.62000,-15.58100,0.60000,0.00000,0.00000
5700,266.05802,0.03292,Yakından incele · hose,False,True,-3.30000,1.62000,-15.58100,0.60000,0.00000,0.00000
5701,266.09138,0.03336,Yakından incele · hose,False,True,-3.30000,1.62000,-15.58100,0.60000,0.00000,0.00000
5702,266.12430,0.03292,Yakından incele · hose,False,True,-3.30000,1.62000,-15.58100,0.60000,0.00000,0.00000
5703,266.15846,0.03416,Yakından incele · hose,False,True,-3.30000,1.62000,-15.58100,0.60000,0.00000,0.00000
5704,266.19141,0.03294,Yakından incele · hose,False,True,-3.30000,1.62000,-15.58100,0.60000,0.00000,0.00000
5705,266.22507,0.03367,Yakından incele · hose,False,True,-3.30000,1.62000,-15.58100,0.60000,0.00000,0.00000
5706,266.25834,0.03326,Yakından incele · hose,False,True,-3.30000,1.62000,-15.58100,0.60000,0.00000,0.00000
5707,266.29156,0.03322,Yakından incele · hose,False,True,-3.30000,1.62000,-15.58100,0.60000,0.00000,0.00000
5708,266.32519,0.03363,Yakından incele · hose,False,True,-3.30000,1.62000,-15.58100,0.60000,0.00000,0.00000
5709,266.35932,0.03412,Yakından incele · hose,False,True,-3.30000,1.62000,-15.58100,0.60000,0.00000,0.00000
5710,266.39220,0.03289,Yakından incele · hose,False,True,-3.30000,1.62000,-15.58100,0.60000,0.00000,0.00000
5711,266.42537,0.03317,Yakından incele · hose,False,True,-3.30000,1.62000,-15.58100,0.60000,0.00000,0.00000
5712,266.45803,0.03266,Yakından incele · hose,False,True,-3.30000,1.62000,-15.58100,0.60000,0.00000,0.00000
5713,266.49172,0.03369,Yakından incele · hose,False,True,-3.30000,1.62000,-15.58100,0.60000,0.00000,0.00000
5714,266.52484,0.03312,Yakından incele · hose,False,True,-3.30000,1.62000,-15.58100,0.60000,0.00000,0.00000
5715,266.55863,0.03380,Yakından incele · hose,False,True,-3.30000,1.62000,-15.58100,0.60000,0.00000,0.00000
5716,266.59134,0.03270,Yakından incele · hose,False,True,-3.30000,1.62000,-15.58100,0.60000,0.00000,0.00000
5717,266.62451,0.03317,Yakından incele · hose,False,True,-3.30000,1.62000,-15.58100,0.60000,0.00000,0.00000
5718,266.65840,0.03389,Yakından incele · hose,False,True,-3.30000,1.62000,-15.58100,0.60000,0.00000,0.00000
5719,266.69201,0.03360,Yakından incele · hose,False,True,-3.30000,1.62000,-15.58100,0.60000,0.00000,0.00000
5720,266.72495,0.03294,Yakından incele · hose,False,True,-3.30000,1.62000,-15.58100,0.60000,0.00000,0.00000
5721,266.75842,0.03347,Yakından incele · hose,False,True,-3.30000,1.62000,-15.58100,0.60000,0.00000,0.00000
5722,266.79249,0.03407,Yakından incele · hose,False,True,-3.30000,1.62000,-15.58100,0.60000,0.00000,0.00000
5723,266.82569,0.03320,Yakından incele · hose,False,True,-3.30000,1.62000,-15.58100,0.60000,0.00000,0.00000
5724,266.85852,0.03282,Yakından incele · hose,False,True,-3.30000,1.62000,-15.58100,0.60000,0.00000,0.00000
5725,266.89507,0.03656,Yakından incele · hose,False,True,-3.30000,1.62000,-15.58100,0.60000,0.00000,0.00000
5726,266.92697,0.03190,Yakından incele · hose,False,True,-3.30000,1.62000,-15.58100,0.60000,0.00000,0.00000
5727,266.95944,0.03247,Yakından incele · hose,False,True,-3.30000,1.62000,-15.58100,0.60000,0.00000,0.00000
5728,266.99179,0.03235,Yakından incele · hose,False,True,-3.30000,1.62000,-15.58100,0.60000,0.00000,0.00000
5729,267.02428,0.03249,Yakından incele · hose,False,True,-3.30000,1.62000,-15.58100,0.60000,0.00000,0.00000
5730,267.05806,0.03378,Yakından incele · hose,False,True,-3.30000,1.62000,-15.58100,0.60000,0.00000,0.00000
5731,267.09865,0.04059,Yakından incele · hose,False,True,-3.30000,1.62000,-15.58100,0.60000,0.00000,0.00000
5732,267.14067,0.04202,Yakından incele · hose,False,True,-3.30000,1.62000,-15.58100,0.60000,0.00000,0.00000
5733,267.16749,0.02682,Yakından incele · hose,False,True,-3.30000,1.62000,-15.58100,0.60000,0.00000,0.00000
5734,267.19454,0.02705,Yakından incele · hose,False,True,-3.30000,1.62000,-15.58100,0.60000,0.00000,0.00000
5735,267.22751,0.03297,Yakından incele · hose,False,True,-3.30000,1.62000,-15.58100,0.60000,0.00000,0.00000
5736,267.26006,0.03255,Yakından incele · hose,False,True,-3.30000,1.62000,-15.58100,0.60000,0.00000,0.00000
5737,267.29357,0.03351,Yakından incele · hose,False,True,-3.30000,1.62000,-15.58100,0.60000,0.00000,0.00000
5738,267.32649,0.03292,Yakından incele · hose,False,True,-3.30000,1.62000,-15.58100,0.60000,0.00000,0.00000
5739,267.35977,0.03328,Yakından incele · hose,False,True,-3.30000,1.62000,-15.58100,0.60000,0.00000,0.00000
5740,267.39403,0.03426,Yakından incele · hose,False,True,-3.30000,1.62000,-15.58100,0.60000,0.00000,0.00000
5741,267.42553,0.03150,Yakından incele · hose,False,True,-3.30000,1.62000,-15.58100,0.60000,0.00000,0.00000
5742,267.45814,0.03261,Yakından incele · hose,False,True,-3.30000,1.62000,-15.58100,0.60000,0.00000,0.00000
5743,267.49151,0.03337,Yakından incele · hose,False,True,-3.30000,1.62000,-15.58100,0.60000,0.00000,0.00000
5744,267.52426,0.03275,Yakından incele · hose,False,True,-3.30000,1.62000,-15.58100,0.60000,0.00000,0.00000
5745,267.55794,0.03368,Yakından incele · hose,False,True,-3.30000,1.62000,-15.58100,0.60000,0.00000,0.00000
5746,267.59136,0.03343,Yakından incele · hose,False,True,-3.30000,1.62000,-15.58100,0.60000,0.00000,0.00000
5747,267.62449,0.03313,Yakından incele · hose,False,True,-3.30000,1.62000,-15.58100,0.60000,0.00000,0.00000
5748,267.65878,0.03429,Yakından incele · hose,False,True,-3.30000,1.62000,-15.58100,0.60000,0.00000,0.00000
5749,267.69157,0.03279,Yakından incele · hose,False,True,-3.30000,1.62000,-15.58100,0.60000,0.00000,0.00000
5750,267.72508,0.03351,Yakından incele · hose,False,True,-3.30000,1.62000,-15.58100,0.60000,0.00000,0.00000
5751,267.75832,0.03324,Yakından incele · hose,False,True,-3.30000,1.62000,-15.58100,0.60000,0.00000,0.00000
5752,267.79169,0.03336,Yakından incele · hose,False,True,-3.30000,1.62000,-15.58100,0.60000,0.00000,0.00000
5753,267.82511,0.03343,Yakından incele · hose,False,True,-3.30000,1.62000,-15.58100,0.60000,0.00000,0.00000
5754,267.85850,0.03339,Yakından incele · hose,False,True,-3.30000,1.62000,-15.58100,0.60000,0.00000,0.00000
5755,267.89205,0.03355,Yakından incele · hose,False,True,-3.30000,1.62000,-15.58100,0.60000,0.00000,0.00000
5756,267.92654,0.03448,Yakından incele · hose,False,True,-3.30000,1.62000,-15.58100,0.60000,0.00000,0.00000
5757,267.95739,0.03086,Yakından incele · hose,False,True,-3.30000,1.62000,-15.58100,0.60000,0.00000,0.00000
5758,267.99112,0.03373,Yakından incele · hose,False,True,-3.30000,1.62000,-15.58100,0.60000,0.00000,0.00000
5759,268.02515,0.03402,Yakından incele · hose,False,True,-3.30000,1.62000,-15.58100,0.60000,0.00000,0.00000
5760,268.06778,0.04263,Yakından incele · hose,False,True,-3.30000,1.62000,-15.58100,0.60000,0.00000,0.00000
5761,268.10157,0.03379,Yakından incele · hose,False,True,-3.30000,1.62000,-15.58100,0.60000,0.00000,0.00000
5762,268.13440,0.03283,Yakından incele · hose,False,True,-3.30000,1.62000,-15.58100,0.60000,0.00000,0.00000
5763,268.16782,0.03341,Yakından incele · hose,False,True,-3.30000,1.62000,-15.58100,0.60000,0.00000,0.00000
5764,268.20187,0.03405,Yakından incele · hose,False,True,-3.30000,1.62000,-15.58100,0.60000,0.00000,0.00000
5765,268.23471,0.03285,Yakından incele · hose,False,True,-3.30000,1.62000,-15.58100,0.60000,0.00000,0.00000
5766,268.26814,0.03343,Yakından incele · hose,False,True,-3.30000,1.62000,-15.58100,0.60000,0.00000,0.00000
5767,268.30102,0.03288,Yakından incele · hose,False,True,-3.30000,1.62000,-15.58100,0.60000,0.00000,0.00000
5768,268.33402,0.03300,Yakından incele · hose,False,True,-3.30000,1.62000,-15.58100,0.60000,0.00000,0.00000
5769,268.36804,0.03402,Yakından incele · hose,False,True,-3.30000,1.62000,-15.58100,0.60000,0.00000,0.00000
5770,268.40168,0.03364,Yakından incele · hose,False,True,-3.30000,1.62000,-15.58100,0.60000,0.00000,0.00000
5771,268.43588,0.03421,Yakından incele · hose,False,True,-3.30000,1.62000,-15.58100,0.60000,0.00000,0.00000
5772,268.46721,0.03133,Yakından incele · hose,False,True,-3.30000,1.62000,-15.58100,0.60000,0.00000,0.00000
5773,268.50057,0.03336,Yakından incele · hose,False,True,-3.30000,1.62000,-15.58100,0.60000,0.00000,0.00000
5774,268.53430,0.03374,Yakından incele · hose,False,True,-3.30000,1.62000,-15.58100,0.60000,0.00000,0.00000
5775,268.56803,0.03373,Yakından incele · hose,False,True,-3.30000,1.62000,-15.58100,0.60000,0.00000,0.00000
5776,268.60117,0.03314,Yakından incele · hose,False,True,-3.30000,1.62000,-15.58100,0.60000,0.00000,0.00000
5777,268.63469,0.03352,Yakından incele · hose,False,True,-3.30000,1.62000,-15.58100,0.60000,0.00000,0.00000
5778,268.66851,0.03381,Yakından incele · hose,False,True,-3.30000,1.62000,-15.58100,0.60000,0.00000,0.00000
5779,268.70100,0.03249,Yakından incele · hose,False,True,-3.30000,1.62000,-15.58100,0.60000,0.00000,0.00000
5780,268.73418,0.03318,Yakından incele · hose,False,True,-3.30000,1.62000,-15.58100,0.60000,0.00000,0.00000
5781,268.76790,0.03371,Yakından incele · hose,False,True,-3.30000,1.62000,-15.58100,0.60000,0.00000,0.00000
5782,268.80171,0.03381,Yakından incele · hose,False,True,-3.30000,1.62000,-15.58100,0.60000,0.00000,0.00000
5783,268.83520,0.03350,Yakından incele · hose,False,True,-3.30000,1.62000,-15.58100,0.60000,0.00000,0.00000
5784,268.86818,0.03297,Yakından incele · hose,False,True,-3.30000,1.62000,-15.58100,0.60000,0.00000,0.00000
5785,268.90178,0.03360,Yakından incele · hose,False,True,-3.30000,1.62000,-15.58100,0.60000,0.00000,0.00000
5786,268.93477,0.03299,Yakından incele · hose,False,True,-3.30000,1.62000,-15.58100,0.60000,0.00000,0.00000
5787,268.96885,0.03408,Yakından incele · hose,False,True,-3.30000,1.62000,-15.58100,0.60000,0.00000,0.00000
5788,269.00072,0.03187,Yakından incele · hose,False,True,-3.30000,1.62000,-15.58100,0.60000,0.00000,0.00000
5789,269.03466,0.03394,Yakından incele · hose,False,True,-3.30000,1.62000,-15.58100,0.60000,0.00000,0.00000
5790,269.06831,0.03365,Yakından incele · hose,False,True,-3.30000,1.62000,-15.58100,0.60000,0.00000,0.00000
5791,269.10119,0.03289,Yakından incele · hose,False,True,-3.30000,1.62000,-15.58100,0.60000,0.00000,0.00000
5792,269.13450,0.03331,Yakından incele · hose,False,True,-3.30000,1.62000,-15.58100,0.60000,0.00000,0.00000
5793,269.16857,0.03407,Yakından incele · hose,False,True,-3.30000,1.62000,-15.58100,0.60000,0.00000,0.00000
5794,269.20117,0.03260,Yakından incele · hose,False,True,-3.30000,1.62000,-15.58100,0.60000,0.00000,0.00000
5795,269.23413,0.03296,Yakından incele · hose,False,True,-3.30000,1.62000,-15.58100,0.60000,0.00000,0.00000
5796,269.26826,0.03413,Yakından incele · hose,False,True,-3.30000,1.62000,-15.58100,0.60000,0.00000,0.00000
5797,269.30140,0.03314,Yakından incele · hose,False,True,-3.30000,1.62000,-15.58100,0.60000,0.00000,0.00000
5798,269.33440,0.03300,Yakından incele · hose,False,True,-3.30000,1.62000,-15.58100,0.60000,0.00000,0.00000
5799,269.36769,0.03328,Yakından incele · hose,False,True,-3.30000,1.62000,-15.58100,0.60000,0.00000,0.00000
5800,269.40063,0.03294,Yakından incele · hose,False,True,-3.30000,1.62000,-15.58100,0.60000,0.00000,0.00000
5801,269.43354,0.03291,Yakından incele · hose,False,True,-3.30000,1.62000,-15.58100,0.60000,0.00000,0.00000
5802,269.46791,0.03437,Yakından incele · hose,False,True,-3.30000,1.62000,-15.58100,0.60000,0.00000,0.00000
5803,269.50281,0.03490,Yakından incele · hose,False,True,-3.30000,1.62000,-15.58100,0.60000,0.00000,0.00000
5804,269.53458,0.03177,Yakından incele · hose,False,True,-3.30000,1.62000,-15.58100,0.60000,0.00000,0.00000
5805,269.56966,0.03508,Yakından incele · hose,False,True,-3.30000,1.62000,-15.58100,0.60000,0.00000,0.00000
5806,269.60277,0.03311,Yakından incele · hose,False,True,-3.30000,1.62000,-15.58100,0.60000,0.00000,0.00000
5807,269.63653,0.03376,Yakından incele · hose,False,True,-3.30000,1.62000,-15.58100,0.60000,0.00000,0.00000
5808,269.66923,0.03271,Yakından incele · hose,False,True,-3.30000,1.62000,-15.58100,0.60000,0.00000,0.00000
5809,269.70157,0.03233,Yakından incele · hose,False,True,-3.30000,1.62000,-15.58100,0.60000,0.00000,0.00000
5810,269.73557,0.03401,Yakından incele · hose,False,True,-3.30000,1.62000,-15.58100,0.60000,0.00000,0.00000
5811,269.76817,0.03259,Yakından incele · hose,False,True,-3.30000,1.62000,-15.58100,0.60000,0.00000,0.00000
5812,269.80025,0.03208,Yakından incele · hose,False,True,-3.30000,1.62000,-15.58100,0.60000,0.00000,0.00000
5813,269.83424,0.03399,Yakından incele · hose,False,True,-3.30000,1.62000,-15.58100,0.60000,0.00000,0.00000
5814,269.86825,0.03402,Yakından incele · hose,False,True,-3.30000,1.62000,-15.58100,0.60000,0.00000,0.00000
5815,269.90167,0.03341,Yakından incele · hose,False,True,-3.30000,1.62000,-15.58100,0.60000,0.00000,0.00000
5816,269.93429,0.03262,Yakından incele · hose,False,True,-3.30000,1.62000,-15.58100,0.60000,0.00000,0.00000
5817,269.96803,0.03375,Yakından incele · hose,False,True,-3.30000,1.62000,-15.58100,0.60000,0.00000,0.00000
5818,270.00328,0.03524,Yakından incele · hose,False,True,-3.30000,1.62000,-15.58100,0.60000,0.00000,0.00000
5819,270.03515,0.03187,Yakından incele · hose,False,True,-3.30000,1.62000,-15.58100,0.60000,0.00000,0.00000
5820,270.06822,0.03307,Yakından incele · hose,False,True,-3.30000,1.62000,-15.58100,0.60000,0.00000,0.00000
5821,270.10159,0.03337,Yakından incele · hose,False,True,-3.30000,1.62000,-15.58100,0.60000,0.00000,0.00000
5822,270.15171,0.05012,Yakından incele · hose,False,True,-3.30000,1.62000,-15.58100,0.60000,0.00000,0.00000
5823,270.18483,0.03312,Yakından incele · hose,False,True,-3.30000,1.62000,-15.58100,0.60000,0.00000,0.00000
5824,270.20128,0.01644,Yakından incele · hose,False,True,-3.30000,1.62000,-15.58100,0.60000,0.00000,0.00000
5825,270.23556,0.03428,Yakından incele · hose,False,True,-3.30000,1.62000,-15.58100,0.60000,0.00000,0.00000
5826,270.26892,0.03336,Yakından incele · hose,False,True,-3.30000,1.62000,-15.58100,0.60000,0.00000,0.00000
5827,270.30071,0.03179,Yakından incele · hose,False,True,-3.30000,1.62000,-15.58100,0.60000,0.00000,0.00000
5828,270.33436,0.03365,Yakından incele · hose,False,True,-3.30000,1.62000,-15.58100,0.60000,0.00000,0.00000
5829,270.36841,0.03405,Yakından incele · hose,False,True,-3.30000,1.62000,-15.58100,0.60000,0.00000,0.00000
5830,270.40094,0.03253,Yakından incele · hose,False,True,-3.30000,1.62000,-15.58100,0.60000,0.00000,0.00000
5831,270.43351,0.03257,Yakından incele · hose,False,True,-3.30000,1.62000,-15.58100,0.60000,0.00000,0.00000
5832,270.46753,0.03402,Yakından incele · hose,False,True,-3.30000,1.62000,-15.58100,0.60000,0.00000,0.00000
5833,270.50125,0.03372,Yakından incele · hose,False,True,-3.30000,1.62000,-15.58100,0.60000,0.00000,0.00000
5834,270.53556,0.03431,Yakından incele · hose,False,True,-3.30000,1.62000,-15.58100,0.60000,0.00000,0.00000
5835,270.56801,0.03245,Yakından incele · hose,False,True,-3.30000,1.62000,-15.58100,0.60000,0.00000,0.00000
5836,270.60148,0.03347,Yakından incele · hose,False,True,-3.30000,1.62000,-15.58100,0.60000,0.00000,0.00000
5837,270.63495,0.03347,Yakından incele · hose,False,True,-3.30000,1.62000,-15.58100,0.60000,0.00000,0.00000
5838,270.66837,0.03342,Yakından incele · hose,False,True,-3.30000,1.62000,-15.58100,0.60000,0.00000,0.00000
5839,270.70094,0.03257,Yakından incele · hose,False,True,-3.30000,1.62000,-15.58100,0.60000,0.00000,0.00000
5840,270.73416,0.03322,Yakından incele · hose,False,True,-3.30000,1.62000,-15.58100,0.60000,0.00000,0.00000
5841,270.76815,0.03399,Yakından incele · hose,False,True,-3.30000,1.62000,-15.58100,0.60000,0.00000,0.00000
5842,270.80138,0.03323,Yakından incele · hose,False,True,-3.30000,1.62000,-15.58100,0.60000,0.00000,0.00000
5843,270.83452,0.03314,Yakından incele · hose,False,True,-3.30000,1.62000,-15.58100,0.60000,0.00000,0.00000
5844,270.86780,0.03328,Yakından incele · hose,False,True,-3.30000,1.62000,-15.58100,0.60000,0.00000,0.00000
5845,270.90101,0.03321,Yakından incele · hose,False,True,-3.30000,1.62000,-15.58100,0.60000,0.00000,0.00000
5846,270.93433,0.03332,Yakından incele · hose,False,True,-3.30000,1.62000,-15.58100,0.60000,0.00000,0.00000
5847,270.96764,0.03331,Yakından incele · hose,False,True,-3.30000,1.62000,-15.58100,0.60000,0.00000,0.00000
5848,271.00056,0.03292,Yakından incele · hose,False,True,-3.30000,1.62000,-15.58100,0.60000,0.00000,0.00000
5849,271.03481,0.03425,Yakından incele · hose,False,True,-3.30000,1.62000,-15.58100,0.60000,0.00000,0.00000
5850,271.06987,0.03506,Yakından incele · hose,False,True,-3.30000,1.62000,-15.58100,0.60000,0.00000,0.00000
5851,271.10243,0.03256,Yakından incele · hose,False,True,-3.30000,1.62000,-15.58100,0.60000,0.00000,0.00000
5852,271.13533,0.03289,Yakından incele · hose,False,True,-3.30000,1.62000,-15.58100,0.60000,0.00000,0.00000
5853,271.16806,0.03273,Yakından incele · hose,False,True,-3.30000,1.62000,-15.58100,0.60000,0.00000,0.00000
5854,271.20179,0.03373,Yakından incele · hose,False,True,-3.30000,1.62000,-15.58100,0.60000,0.00000,0.00000
5855,271.23490,0.03312,Yakından incele · hose,False,True,-3.30000,1.62000,-15.58100,0.60000,0.00000,0.00000
5856,271.26845,0.03355,Yakından incele · hose,False,True,-3.30000,1.62000,-15.58100,0.60000,0.00000,0.00000
5857,271.30683,0.03838,Yakından incele · aid,True,True,-3.28091,1.64182,-15.58288,0.62333,0.02905,0.54392
5858,271.33978,0.03294,Yakından incele · aid,True,True,-3.21593,1.71608,-15.58926,0.70275,0.09888,1.85619
5859,271.37830,0.03852,Yakından incele · aid,True,True,-3.10445,1.84348,-15.60021,0.83900,0.16964,3.18475
5860,271.41244,0.03415,Yakından incele · aid,True,True,-2.97887,1.98701,-15.61255,0.99249,0.19111,3.58768
5861,271.44724,0.03479,Yakından incele · aid,True,True,-2.81790,2.17097,-15.62837,1.18924,0.24496,4.59884
5862,271.47905,0.03181,Yakından incele · aid,True,True,-2.63463,2.38042,-15.64638,1.41323,0.27889,5.23617
5863,271.51053,0.03148,Yakından incele · aid,True,True,-2.44164,2.60099,-15.66534,1.64911,0.29369,5.51395
5864,271.54471,0.03418,Yakından incele · aid,True,True,-2.22000,2.85428,-15.68711,1.92000,0.33728,6.33239
5865,271.58015,0.03543,Yakından incele · aid,True,True,-1.96079,3.15053,-15.71258,2.23682,0.39447,7.40602
5866,271.61201,0.03187,Yakından incele · aid,True,True,-1.71507,3.43135,-15.73673,2.53714,0.37393,7.02046
5867,271.64595,0.03393,Yakından incele · aid,True,True,-1.44418,3.74094,-15.76334,2.86823,0.41223,7.73958
5868,271.67870,0.03275,Yakından incele · aid,True,True,-1.15830,4.06765,-15.79143,3.21763,0.43503,8.16769
5869,271.71151,0.03282,Yakından incele · aid,True,True,-0.87812,4.38787,-15.81896,3.56008,0.42638,8.00514
5870,271.74560,0.03408,Yakından incele · aid,True,True,-0.57728,4.73168,-15.84852,3.92777,0.45781,8.59539
5871,271.77899,0.03340,Yakından incele · aid,True,True,-0.27836,5.07330,-15.87789,4.29312,0.45489,8.54044
5872,271.81396,0.03497,Yakından incele · aid,True,True,0.02512,5.42014,-15.90771,4.66404,0.46183,8.67071
5873,271.84714,0.03318,Yakından incele · aid,True,True,0.33226,5.77115,-15.93788,5.03943,0.46739,8.77534
5874,271.87893,0.03179,Yakından incele · aid,True,True,0.61721,6.09681,-15.96588,5.38770,0.43363,8.14137
5875,271.91168,0.03275,Yakından incele · aid,True,True,0.90114,6.42130,-15.99378,5.73472,0.43207,8.11207
5876,271.94478,0.03310,Yakından incele · aid,True,True,1.18013,6.74015,-16.02119,6.07571,0.42456,7.97102
5877,271.97906,0.03429,Yakından incele · aid,True,True,1.44864,7.04702,-16.04757,6.40389,0.40861,7.67147
5878,272.01316,0.03409,Yakından incele · aid,True,True,1.71153,7.34746,-16.07340,6.72520,0.40006,7.51103
5879,272.04608,0.03292,Yakından incele · aid,True,True,1.94846,7.61824,-16.09668,7.01479,0.36056,6.76932
5880,272.08059,0.03451,Yakından incele · aid,True,True,2.17811,7.88070,-16.11925,7.29547,0.34948,6.56124
5881,272.11157,0.03098,Yakından incele · aid,True,True,2.36826,8.09801,-16.13793,7.52787,0.28936,5.43255
5882,272.14556,0.03399,Yakından incele · aid,True,True,2.54168,8.29621,-16.15497,7.73983,0.26391,4.95467
5883,272.17929,0.03372,Yakından incele · aid,True,True,2.69993,8.47706,-16.17052,7.93325,0.24082,4.52124
5884,272.21191,0.03262,Yakından incele · aid,True,True,2.81976,8.61401,-16.18229,8.07970,0.18235,3.42310
5885,272.24538,0.03348,Yakından incele · aid,True,True,2.91363,8.72130,-16.19151,8.19444,0.14286,2.68172
5886,272.27941,0.03402,Yakından incele · aid,True,True,2.97407,8.79037,-16.19745,8.26831,0.09198,1.72642
5887,272.31252,0.03311,Yakından incele · aid,True,True,2.99954,8.81947,-16.19995,8.29943,0.03875,0.72631
5888,272.34535,0.03283,Yakından incele · aid,False,True,3.00000,8.82000,-16.20000,8.30000,0.00071,0.00000
5889,272.38424,0.03889,Yakından incele · aid,False,True,3.00000,8.82000,-16.20000,8.30000,0.00000,0.00000
5890,272.41375,0.02951,Yakından incele · aid,False,True,3.00000,8.82000,-16.20000,8.30000,0.00000,0.00000
5891,272.44688,0.03313,Yakından incele · aid,False,True,3.00000,8.82000,-16.20000,8.30000,0.00000,0.00000
5892,272.47859,0.03171,Yakından incele · aid,False,True,3.00000,8.82000,-16.20000,8.30000,0.00000,0.00000
5893,272.51164,0.03305,Yakından incele · aid,False,True,3.00000,8.82000,-16.20000,8.30000,0.00000,0.00000
5894,272.54651,0.03487,Yakından incele · aid,False,True,3.00000,8.82000,-16.20000,8.30000,0.00000,0.00000
5895,272.58114,0.03463,Yakından incele · aid,False,True,3.00000,8.82000,-16.20000,8.30000,0.00000,0.00000
5896,272.61317,0.03203,Yakından incele · aid,False,True,3.00000,8.82000,-16.20000,8.30000,0.00000,0.00000
5897,272.64678,0.03361,Yakından incele · aid,False,True,3.00000,8.82000,-16.20000,8.30000,0.00000,0.00000
5898,272.67943,0.03265,Yakından incele · aid,False,True,3.00000,8.82000,-16.20000,8.30000,0.00000,0.00000
5899,272.71284,0.03340,Yakından incele · aid,False,True,3.00000,8.82000,-16.20000,8.30000,0.00000,0.00000
5900,272.74699,0.03415,Yakından incele · aid,False,True,3.00000,8.82000,-16.20000,8.30000,0.00000,0.00000
5901,272.77948,0.03249,Yakından incele · aid,False,True,3.00000,8.82000,-16.20000,8.30000,0.00000,0.00000
5902,272.81185,0.03237,Yakından incele · aid,False,True,3.00000,8.82000,-16.20000,8.30000,0.00000,0.00000
5903,272.84618,0.03434,Yakından incele · aid,False,True,3.00000,8.82000,-16.20000,8.30000,0.00000,0.00000
5904,272.88001,0.03383,Yakından incele · aid,False,True,3.00000,8.82000,-16.20000,8.30000,0.00000,0.00000
5905,272.91307,0.03305,Yakından incele · aid,False,True,3.00000,8.82000,-16.20000,8.30000,0.00000,0.00000
5906,272.94647,0.03340,Yakından incele · aid,False,True,3.00000,8.82000,-16.20000,8.30000,0.00000,0.00000
5907,272.97936,0.03289,Yakından incele · aid,False,True,3.00000,8.82000,-16.20000,8.30000,0.00000,0.00000
5908,273.01288,0.03352,Yakından incele · aid,False,True,3.00000,8.82000,-16.20000,8.30000,0.00000,0.00000
5909,273.06398,0.05110,Yakından incele · aid,False,True,3.00000,8.82000,-16.20000,8.30000,0.00000,0.00000
5910,273.07880,0.01482,Yakından incele · aid,False,True,3.00000,8.82000,-16.20000,8.30000,0.00000,0.00000
5911,273.11388,0.03508,Yakından incele · aid,False,True,3.00000,8.82000,-16.20000,8.30000,0.00000,0.00000
5912,273.14592,0.03204,Yakından incele · aid,False,True,3.00000,8.82000,-16.20000,8.30000,0.00000,0.00000
5913,273.18293,0.03701,Yakından incele · aid,False,True,3.00000,8.82000,-16.20000,8.30000,0.00000,0.00000
5914,273.21722,0.03429,Yakından incele · aid,False,True,3.00000,8.82000,-16.20000,8.30000,0.00000,0.00000
5915,273.24706,0.02983,Yakından incele · aid,False,True,3.00000,8.82000,-16.20000,8.30000,0.00000,0.00000
5916,273.27879,0.03173,Yakından incele · aid,False,True,3.00000,8.82000,-16.20000,8.30000,0.00000,0.00000
5917,273.31177,0.03298,Yakından incele · aid,False,True,3.00000,8.82000,-16.20000,8.30000,0.00000,0.00000
5918,273.34658,0.03480,Yakından incele · aid,False,True,3.00000,8.82000,-16.20000,8.30000,0.00000,0.00000
5919,273.37973,0.03315,Yakından incele · aid,False,True,3.00000,8.82000,-16.20000,8.30000,0.00000,0.00000
5920,273.41241,0.03268,Yakından incele · aid,False,True,3.00000,8.82000,-16.20000,8.30000,0.00000,0.00000
5921,273.44646,0.03406,Yakından incele · aid,False,True,3.00000,8.82000,-16.20000,8.30000,0.00000,0.00000
5922,273.47978,0.03332,Yakından incele · aid,False,True,3.00000,8.82000,-16.20000,8.30000,0.00000,0.00000
5923,273.51284,0.03306,Yakından incele · aid,False,True,3.00000,8.82000,-16.20000,8.30000,0.00000,0.00000
5924,273.54566,0.03282,Yakından incele · aid,False,True,3.00000,8.82000,-16.20000,8.30000,0.00000,0.00000
5925,273.57880,0.03315,Yakından incele · aid,False,True,3.00000,8.82000,-16.20000,8.30000,0.00000,0.00000
5926,273.61420,0.03540,Yakından incele · aid,False,True,3.00000,8.82000,-16.20000,8.30000,0.00000,0.00000
5927,273.64630,0.03210,Yakından incele · aid,False,True,3.00000,8.82000,-16.20000,8.30000,0.00000,0.00000
5928,273.67899,0.03268,Yakından incele · aid,False,True,3.00000,8.82000,-16.20000,8.30000,0.00000,0.00000
5929,273.71255,0.03356,Yakından incele · aid,False,True,3.00000,8.82000,-16.20000,8.30000,0.00000,0.00000
5930,273.76167,0.04912,Yakından incele · aid,False,True,3.00000,8.82000,-16.20000,8.30000,0.00000,0.00000
5931,273.77938,0.01771,Yakından incele · aid,False,True,3.00000,8.82000,-16.20000,8.30000,0.00000,0.00000
5932,273.81312,0.03374,Yakından incele · aid,False,True,3.00000,8.82000,-16.20000,8.30000,0.00000,0.00000
5933,273.84624,0.03312,Yakından incele · aid,False,True,3.00000,8.82000,-16.20000,8.30000,0.00000,0.00000
5934,273.87978,0.03354,Yakından incele · aid,False,True,3.00000,8.82000,-16.20000,8.30000,0.00000,0.00000
5935,273.91370,0.03393,Yakından incele · aid,False,True,3.00000,8.82000,-16.20000,8.30000,0.00000,0.00000
5936,273.94674,0.03303,Yakından incele · aid,False,True,3.00000,8.82000,-16.20000,8.30000,0.00000,0.00000
5937,273.97935,0.03261,Yakından incele · aid,False,True,3.00000,8.82000,-16.20000,8.30000,0.00000,0.00000
5938,274.01310,0.03375,Yakından incele · aid,False,True,3.00000,8.82000,-16.20000,8.30000,0.00000,0.00000
5939,274.04696,0.03386,Yakından incele · aid,False,True,3.00000,8.82000,-16.20000,8.30000,0.00000,0.00000
5940,274.07968,0.03272,Yakından incele · aid,False,True,3.00000,8.82000,-16.20000,8.30000,0.00000,0.00000
5941,274.11403,0.03435,Yakından incele · aid,False,True,3.00000,8.82000,-16.20000,8.30000,0.00000,0.00000
5942,274.14573,0.03170,Yakından incele · aid,False,True,3.00000,8.82000,-16.20000,8.30000,0.00000,0.00000
5943,274.17946,0.03373,Yakından incele · aid,False,True,3.00000,8.82000,-16.20000,8.30000,0.00000,0.00000
5944,274.21291,0.03345,Yakından incele · aid,False,True,3.00000,8.82000,-16.20000,8.30000,0.00000,0.00000
5945,274.24496,0.03205,Yakından incele · aid,False,True,3.00000,8.82000,-16.20000,8.30000,0.00000,0.00000
5946,274.27869,0.03373,Yakından incele · aid,False,True,3.00000,8.82000,-16.20000,8.30000,0.00000,0.00000
5947,274.31308,0.03439,Yakından incele · aid,False,True,3.00000,8.82000,-16.20000,8.30000,0.00000,0.00000
5948,274.34670,0.03362,Yakından incele · aid,False,True,3.00000,8.82000,-16.20000,8.30000,0.00000,0.00000
5949,274.37955,0.03285,Yakından incele · aid,False,True,3.00000,8.82000,-16.20000,8.30000,0.00000,0.00000
5950,274.42524,0.04569,Yakından incele · aid,False,True,3.00000,8.82000,-16.20000,8.30000,0.00000,0.00000
5951,274.44559,0.02035,Yakından incele · aid,False,True,3.00000,8.82000,-16.20000,8.30000,0.00000,0.00000
5952,274.47879,0.03320,Yakından incele · aid,False,True,3.00000,8.82000,-16.20000,8.30000,0.00000,0.00000
5953,274.51213,0.03334,Yakından incele · aid,False,True,3.00000,8.82000,-16.20000,8.30000,0.00000,0.00000
5954,274.54632,0.03419,Yakından incele · aid,False,True,3.00000,8.82000,-16.20000,8.30000,0.00000,0.00000
5955,274.57990,0.03358,Yakından incele · aid,False,True,3.00000,8.82000,-16.20000,8.30000,0.00000,0.00000
5956,274.61376,0.03385,Yakından incele · aid,False,True,3.00000,8.82000,-16.20000,8.30000,0.00000,0.00000
5957,274.64536,0.03161,Yakından incele · aid,False,True,3.00000,8.82000,-16.20000,8.30000,0.00000,0.00000
5958,274.69075,0.04539,Yakından incele · aid,False,True,3.00000,8.82000,-16.20000,8.30000,0.00000,0.00000
5959,274.72472,0.03397,Yakından incele · aid,False,True,3.00000,8.82000,-16.20000,8.30000,0.00000,0.00000
5960,274.75782,0.03310,Yakından incele · aid,False,True,3.00000,8.82000,-16.20000,8.30000,0.00000,0.00000
5961,274.79018,0.03236,Yakından incele · aid,False,True,3.00000,8.82000,-16.20000,8.30000,0.00000,0.00000
5962,274.82296,0.03279,Yakından incele · aid,False,True,3.00000,8.82000,-16.20000,8.30000,0.00000,0.00000
5963,274.85718,0.03422,Yakından incele · aid,False,True,3.00000,8.82000,-16.20000,8.30000,0.00000,0.00000
5964,274.89085,0.03367,Yakından incele · aid,False,True,3.00000,8.82000,-16.20000,8.30000,0.00000,0.00000
5965,274.92403,0.03319,Yakından incele · aid,False,True,3.00000,8.82000,-16.20000,8.30000,0.00000,0.00000
5966,274.95745,0.03342,Yakından incele · aid,False,True,3.00000,8.82000,-16.20000,8.30000,0.00000,0.00000
5967,274.99011,0.03265,Yakından incele · aid,False,True,3.00000,8.82000,-16.20000,8.30000,0.00000,0.00000
5968,275.02400,0.03389,Yakından incele · aid,False,True,3.00000,8.82000,-16.20000,8.30000,0.00000,0.00000
5969,275.05813,0.03413,Yakından incele · aid,False,True,3.00000,8.82000,-16.20000,8.30000,0.00000,0.00000
5970,275.09055,0.03242,Yakından incele · aid,False,True,3.00000,8.82000,-16.20000,8.30000,0.00000,0.00000
5971,275.12490,0.03435,Yakından incele · aid,False,True,3.00000,8.82000,-16.20000,8.30000,0.00000,0.00000
5972,275.15843,0.03353,Yakından incele · aid,False,True,3.00000,8.82000,-16.20000,8.30000,0.00000,0.00000
5973,275.19203,0.03359,Yakından incele · aid,False,True,3.00000,8.82000,-16.20000,8.30000,0.00000,0.00000
5974,275.22364,0.03161,Yakından incele · aid,False,True,3.00000,8.82000,-16.20000,8.30000,0.00000,0.00000
5975,275.25645,0.03281,Yakından incele · aid,False,True,3.00000,8.82000,-16.20000,8.30000,0.00000,0.00000
5976,275.28996,0.03351,Yakından incele · aid,False,True,3.00000,8.82000,-16.20000,8.30000,0.00000,0.00000
5977,275.32432,0.03436,Yakından incele · aid,False,True,3.00000,8.82000,-16.20000,8.30000,0.00000,0.00000
5978,275.35807,0.03375,Yakından incele · aid,False,True,3.00000,8.82000,-16.20000,8.30000,0.00000,0.00000
5979,275.39017,0.03210,Yakından incele · aid,False,True,3.00000,8.82000,-16.20000,8.30000,0.00000,0.00000
5980,275.42341,0.03323,Yakından incele · aid,False,True,3.00000,8.82000,-16.20000,8.30000,0.00000,0.00000
5981,275.45747,0.03407,Yakından incele · aid,False,True,3.00000,8.82000,-16.20000,8.30000,0.00000,0.00000
5982,275.49092,0.03345,Yakından incele · aid,False,True,3.00000,8.82000,-16.20000,8.30000,0.00000,0.00000
5983,275.52371,0.03279,Yakından incele · aid,False,True,3.00000,8.82000,-16.20000,8.30000,0.00000,0.00000
5984,275.55707,0.03336,Yakından incele · aid,False,True,3.00000,8.82000,-16.20000,8.30000,0.00000,0.00000
5985,275.59195,0.03488,Yakından incele · aid,False,True,3.00000,8.82000,-16.20000,8.30000,0.00000,0.00000
5986,275.62681,0.03486,Yakından incele · aid,False,True,3.00000,8.82000,-16.20000,8.30000,0.00000,0.00000
5987,275.65796,0.03115,Yakından incele · aid,False,True,3.00000,8.82000,-16.20000,8.30000,0.00000,0.00000
5988,275.69088,0.03292,Yakından incele · aid,False,True,3.00000,8.82000,-16.20000,8.30000,0.00000,0.00000
5989,275.72322,0.03234,Yakından incele · aid,False,True,3.00000,8.82000,-16.20000,8.30000,0.00000,0.00000
5990,275.75678,0.03356,Yakından incele · aid,False,True,3.00000,8.82000,-16.20000,8.30000,0.00000,0.00000
5991,275.79145,0.03466,Yakından incele · aid,False,True,3.00000,8.82000,-16.20000,8.30000,0.00000,0.00000
5992,275.82505,0.03360,Yakından incele · aid,False,True,3.00000,8.82000,-16.20000,8.30000,0.00000,0.00000
5993,275.85794,0.03289,Yakından incele · aid,False,True,3.00000,8.82000,-16.20000,8.30000,0.00000,0.00000
5994,275.89092,0.03298,Yakından incele · aid,False,True,3.00000,8.82000,-16.20000,8.30000,0.00000,0.00000
5995,275.92426,0.03334,Yakından incele · aid,False,True,3.00000,8.82000,-16.20000,8.30000,0.00000,0.00000
5996,275.95775,0.03349,Yakından incele · aid,False,True,3.00000,8.82000,-16.20000,8.30000,0.00000,0.00000
5997,275.99118,0.03342,Yakından incele · aid,False,True,3.00000,8.82000,-16.20000,8.30000,0.00000,0.00000
5998,276.02386,0.03268,Yakından incele · aid,False,True,3.00000,8.82000,-16.20000,8.30000,0.00000,0.00000
5999,276.05731,0.03346,Yakından incele · aid,False,True,3.00000,8.82000,-16.20000,8.30000,0.00000,0.00000
6000,276.09133,0.03402,Yakından incele · aid,False,True,3.00000,8.82000,-16.20000,8.30000,0.00000,0.00000
6001,276.12421,0.03288,Yakından incele · aid,False,True,3.00000,8.82000,-16.20000,8.30000,0.00000,0.00000
6002,276.15842,0.03420,Yakından incele · aid,False,True,3.00000,8.82000,-16.20000,8.30000,0.00000,0.00000
6003,276.18988,0.03146,Yakından incele · aid,False,True,3.00000,8.82000,-16.20000,8.30000,0.00000,0.00000
6004,276.22328,0.03341,Yakından incele · aid,False,True,3.00000,8.82000,-16.20000,8.30000,0.00000,0.00000
6005,276.25742,0.03414,Yakından incele · aid,False,True,3.00000,8.82000,-16.20000,8.30000,0.00000,0.00000
6006,276.29090,0.03348,Yakından incele · aid,False,True,3.00000,8.82000,-16.20000,8.30000,0.00000,0.00000
6007,276.32405,0.03314,Yakından incele · aid,False,True,3.00000,8.82000,-16.20000,8.30000,0.00000,0.00000
6008,276.35807,0.03402,Yakından incele · aid,False,True,3.00000,8.82000,-16.20000,8.30000,0.00000,0.00000
6009,276.39078,0.03271,Yakından incele · aid,False,True,3.00000,8.82000,-16.20000,8.30000,0.00000,0.00000
6010,276.42404,0.03326,Yakından incele · aid,False,True,3.00000,8.82000,-16.20000,8.30000,0.00000,0.00000
6011,276.45773,0.03369,Yakından incele · aid,False,True,3.00000,8.82000,-16.20000,8.30000,0.00000,0.00000
6012,276.49075,0.03302,Yakından incele · aid,False,True,3.00000,8.82000,-16.20000,8.30000,0.00000,0.00000
6013,276.52425,0.03350,Yakından incele · aid,False,True,3.00000,8.82000,-16.20000,8.30000,0.00000,0.00000
6014,276.55716,0.03290,Yakından incele · aid,False,True,3.00000,8.82000,-16.20000,8.30000,0.00000,0.00000
6015,276.59063,0.03348,Yakından incele · aid,False,True,3.00000,8.82000,-16.20000,8.30000,0.00000,0.00000
6016,276.62383,0.03320,Yakından incele · aid,False,True,3.00000,8.82000,-16.20000,8.30000,0.00000,0.00000
6017,276.65683,0.03300,Yakından incele · aid,False,True,3.00000,8.82000,-16.20000,8.30000,0.00000,0.00000
6018,276.69112,0.03429,Yakından incele · aid,False,True,3.00000,8.82000,-16.20000,8.30000,0.00000,0.00000
6019,276.72356,0.03244,Yakından incele · aid,False,True,3.00000,8.82000,-16.20000,8.30000,0.00000,0.00000
6020,276.75784,0.03428,Yakından incele · aid,False,True,3.00000,8.82000,-16.20000,8.30000,0.00000,0.00000
6021,276.79082,0.03298,Yakından incele · aid,False,True,3.00000,8.82000,-16.20000,8.30000,0.00000,0.00000
6022,276.82421,0.03339,Yakından incele · aid,False,True,3.00000,8.82000,-16.20000,8.30000,0.00000,0.00000
6023,276.85845,0.03424,Yakından incele · aid,False,True,3.00000,8.82000,-16.20000,8.30000,0.00000,0.00000
6024,276.89202,0.03357,Yakından incele · aid,False,True,3.00000,8.82000,-16.20000,8.30000,0.00000,0.00000
6025,276.92404,0.03202,Yakından incele · aid,False,True,3.00000,8.82000,-16.20000,8.30000,0.00000,0.00000
6026,276.95713,0.03309,Yakından incele · aid,False,True,3.00000,8.82000,-16.20000,8.30000,0.00000,0.00000
6027,276.99103,0.03391,Yakından incele · aid,False,True,3.00000,8.82000,-16.20000,8.30000,0.00000,0.00000
6028,277.02414,0.03311,Yakından incele · aid,False,True,3.00000,8.82000,-16.20000,8.30000,0.00000,0.00000
6029,277.05695,0.03280,Yakından incele · aid,False,True,3.00000,8.82000,-16.20000,8.30000,0.00000,0.00000
6030,277.09013,0.03318,Yakından incele · aid,False,True,3.00000,8.82000,-16.20000,8.30000,0.00000,0.00000
6031,277.12447,0.03434,Yakından incele · aid,False,True,3.00000,8.82000,-16.20000,8.30000,0.00000,0.00000
6032,277.15788,0.03341,Yakından incele · aid,False,True,3.00000,8.82000,-16.20000,8.30000,0.00000,0.00000
6033,277.19187,0.03399,Yakından incele · aid,False,True,3.00000,8.82000,-16.20000,8.30000,0.00000,0.00000
6034,277.22382,0.03195,Yakından incele · aid,False,True,3.00000,8.82000,-16.20000,8.30000,0.00000,0.00000
6035,277.25682,0.03300,Yakından incele · aid,False,True,3.00000,8.82000,-16.20000,8.30000,0.00000,0.00000
6036,277.29524,0.03842,Yakından incele · relief,True,True,3.00000,8.80105,-16.21527,8.28056,0.02434,0.51586
6037,277.32921,0.03397,Yakından incele · relief,True,True,3.00000,8.73160,-16.27120,8.20932,0.08917,1.89913
6038,277.35734,0.02812,Yakından incele · relief,True,True,3.00000,8.65182,-16.33546,8.12748,0.10244,2.18184
6039,277.39086,0.03353,Yakından incele · relief,True,True,3.00000,8.52826,-16.43499,8.00073,0.15865,3.37960
6040,277.42475,0.03389,Yakından incele · relief,True,True,3.00000,8.37387,-16.55935,7.84234,0.19825,4.22329
6041,277.45733,0.03258,Yakından incele · relief,True,True,3.00000,8.19153,-16.70621,7.65530,0.23413,4.98774
6042,277.49051,0.03318,Yakından incele · relief,True,True,3.00000,7.99264,-16.86641,7.45127,0.25538,5.44048
6043,277.52446,0.03394,Yakından incele · relief,True,True,3.00000,7.75861,-17.05492,7.21119,0.30051,6.40200
6044,277.55671,0.03225,Yakından incele · relief,True,True,3.00000,7.51467,-17.25140,6.96095,0.31323,6.67308
6045,277.59017,0.03347,Yakından incele · relief,True,True,3.00000,7.25699,-17.45896,6.69661,0.33088,7.04896
6046,277.62415,0.03397,Yakından incele · relief,True,True,3.00000,6.97015,-17.69000,6.40236,0.36832,7.84642
6047,277.65713,0.03298,Yakından incele · relief,True,True,3.00000,6.68462,-17.91999,6.10945,0.36664,7.81100
6048,277.69056,0.03344,Yakından incele · relief,True,True,3.00000,6.38171,-18.16397,5.79872,0.38894,8.28605
6049,277.72516,0.03459,Yakından incele · relief,True,True,3.00000,6.06679,-18.41763,5.47566,0.40438,8.61487
6050,277.75780,0.03264,Yakından incele · relief,True,True,3.00000,5.76217,-18.66299,5.16317,0.39114,8.33281
6051,277.79111,0.03331,Yakından incele · relief,True,True,3.00000,5.44883,-18.91538,4.84173,0.40235,8.57157
6052,277.82457,0.03346,Yakından incele · relief,True,True,3.00000,5.13545,-19.16780,4.52025,0.40240,8.57275
6053,277.85736,0.03279,Yakından incele · relief,True,True,3.00000,4.82744,-19.41590,4.20429,0.39550,8.42574
6054,277.89076,0.03340,Yakından incele · relief,True,True,3.00000,4.52617,-19.65856,3.89523,0.38684,8.24131
6055,277.92430,0.03354,Yakından incele · relief,True,True,3.00000,4.22883,-19.89805,3.59021,0.38180,8.13377
6056,277.95731,0.03301,Yakından incele · relief,True,True,3.00000,3.94403,-20.12745,3.29805,0.36570,7.79082
6057,278.00065,0.04333,Yakından incele · relief,True,True,3.00000,3.59318,-20.41006,2.93814,0.45052,9.59779
6058,278.03399,0.03334,Yakından incele · relief,True,True,3.00000,3.34450,-20.61035,2.68304,0.31931,6.80244
6059,278.06805,0.03406,Yakından incele · relief,True,True,3.00000,3.11134,-20.79816,2.44386,0.29939,6.37823
6060,278.10197,0.03392,Yakından incele · relief,True,True,3.00000,2.89869,-20.96944,2.22571,0.27305,5.81717
6061,278.13435,0.03238,Yakından incele · relief,True,True,3.00000,2.71421,-21.11804,2.03646,0.23688,5.04642
6062,278.16697,0.03262,Yakından incele · relief,True,True,3.00000,2.55984,-21.24238,1.87810,0.19822,4.22292
6063,278.20148,0.03451,Yakından incele · relief,True,True,3.00000,2.42937,-21.34747,1.74426,0.16753,3.56887
6064,278.23648,0.03500,Yakından incele · relief,True,True,3.00000,2.32537,-21.43124,1.63757,0.13354,2.84461
6065,278.26756,0.03108,Yakından incele · relief,True,True,3.00000,2.26742,-21.47792,1.57812,0.07442,1.58507
6066,278.30117,0.03361,Yakından incele · relief,True,True,3.00000,2.24069,-21.49944,1.55071,0.03432,0.73061
6067,278.33477,0.03360,Yakından incele · relief,False,True,3.00000,2.24000,-21.50000,1.55000,0.00088,0.00000
6068,278.36993,0.03516,Yakından incele · relief,False,True,3.00000,2.24000,-21.50000,1.55000,0.00000,0.00000
6069,278.40084,0.03091,Yakından incele · relief,False,True,3.00000,2.24000,-21.50000,1.55000,0.00000,0.00000
6070,278.43390,0.03306,Yakından incele · relief,False,True,3.00000,2.24000,-21.50000,1.55000,0.00000,0.00000
6071,278.46783,0.03393,Yakından incele · relief,False,True,3.00000,2.24000,-21.50000,1.55000,0.00000,0.00000
6072,278.50211,0.03428,Yakından incele · relief,False,True,3.00000,2.24000,-21.50000,1.55000,0.00000,0.00000
6073,278.53523,0.03312,Yakından incele · relief,False,True,3.00000,2.24000,-21.50000,1.55000,0.00000,0.00000
6074,278.56803,0.03280,Yakından incele · relief,False,True,3.00000,2.24000,-21.50000,1.55000,0.00000,0.00000
6075,278.60094,0.03291,Yakından incele · relief,False,True,3.00000,2.24000,-21.50000,1.55000,0.00000,0.00000
6076,278.63522,0.03428,Yakından incele · relief,False,True,3.00000,2.24000,-21.50000,1.55000,0.00000,0.00000
6077,278.66801,0.03279,Yakından incele · relief,False,True,3.00000,2.24000,-21.50000,1.55000,0.00000,0.00000
6078,278.70108,0.03307,Yakından incele · relief,False,True,3.00000,2.24000,-21.50000,1.55000,0.00000,0.00000
6079,278.73507,0.03399,Yakından incele · relief,False,True,3.00000,2.24000,-21.50000,1.55000,0.00000,0.00000
6080,278.76947,0.03440,Yakından incele · relief,False,True,3.00000,2.24000,-21.50000,1.55000,0.00000,0.00000
6081,278.80083,0.03136,Yakından incele · relief,False,True,3.00000,2.24000,-21.50000,1.55000,0.00000,0.00000
6082,278.83388,0.03304,Yakından incele · relief,False,True,3.00000,2.24000,-21.50000,1.55000,0.00000,0.00000
6083,278.86733,0.03346,Yakından incele · relief,False,True,3.00000,2.24000,-21.50000,1.55000,0.00000,0.00000
6084,278.90167,0.03434,Yakından incele · relief,False,True,3.00000,2.24000,-21.50000,1.55000,0.00000,0.00000
6085,278.93477,0.03310,Yakından incele · relief,False,True,3.00000,2.24000,-21.50000,1.55000,0.00000,0.00000
6086,278.96686,0.03208,Yakından incele · relief,False,True,3.00000,2.24000,-21.50000,1.55000,0.00000,0.00000
6087,279.00094,0.03409,Yakından incele · relief,False,True,3.00000,2.24000,-21.50000,1.55000,0.00000,0.00000
6088,279.05132,0.05038,Yakından incele · relief,False,True,3.00000,2.24000,-21.50000,1.55000,0.00000,0.00000
6089,279.06906,0.01774,Yakından incele · relief,False,True,3.00000,2.24000,-21.50000,1.55000,0.00000,0.00000
6090,279.10240,0.03334,Yakından incele · relief,False,True,3.00000,2.24000,-21.50000,1.55000,0.00000,0.00000
6091,279.13555,0.03315,Yakından incele · relief,False,True,3.00000,2.24000,-21.50000,1.55000,0.00000,0.00000
6092,279.16898,0.03343,Yakından incele · relief,False,True,3.00000,2.24000,-21.50000,1.55000,0.00000,0.00000
6093,279.20157,0.03259,Yakından incele · relief,False,True,3.00000,2.24000,-21.50000,1.55000,0.00000,0.00000
6094,279.23460,0.03304,Yakından incele · relief,False,True,3.00000,2.24000,-21.50000,1.55000,0.00000,0.00000
6095,279.26818,0.03358,Yakından incele · relief,False,True,3.00000,2.24000,-21.50000,1.55000,0.00000,0.00000
6096,279.30225,0.03407,Yakından incele · relief,False,True,3.00000,2.24000,-21.50000,1.55000,0.00000,0.00000
6097,279.33484,0.03259,Yakından incele · relief,False,True,3.00000,2.24000,-21.50000,1.55000,0.00000,0.00000
6098,279.36975,0.03492,Yakından incele · relief,False,True,3.00000,2.24000,-21.50000,1.55000,0.00000,0.00000
6099,279.40277,0.03302,Yakından incele · relief,False,True,3.00000,2.24000,-21.50000,1.55000,0.00000,0.00000
6100,279.43543,0.03265,Yakından incele · relief,False,True,3.00000,2.24000,-21.50000,1.55000,0.00000,0.00000
6101,279.46849,0.03307,Yakından incele · relief,False,True,3.00000,2.24000,-21.50000,1.55000,0.00000,0.00000
6102,279.50152,0.03302,Yakından incele · relief,False,True,3.00000,2.24000,-21.50000,1.55000,0.00000,0.00000
6103,279.53504,0.03352,Yakından incele · relief,False,True,3.00000,2.24000,-21.50000,1.55000,0.00000,0.00000
6104,279.56905,0.03402,Yakından incele · relief,False,True,3.00000,2.24000,-21.50000,1.55000,0.00000,0.00000
6105,279.60185,0.03280,Yakından incele · relief,False,True,3.00000,2.24000,-21.50000,1.55000,0.00000,0.00000
6106,279.63439,0.03254,Yakından incele · relief,False,True,3.00000,2.24000,-21.50000,1.55000,0.00000,0.00000
6107,279.66809,0.03370,Yakından incele · relief,False,True,3.00000,2.24000,-21.50000,1.55000,0.00000,0.00000
6108,279.73323,0.06514,Yakından incele · broadcast,True,True,3.01421,2.24251,-21.49837,1.54290,0.01452,0.42612
6109,279.74528,0.01205,Yakından incele · broadcast,True,True,3.01931,2.24342,-21.49779,1.54035,0.00521,0.00000
6110,279.77859,0.03331,Yakından incele · broadcast,True,True,3.03507,2.24621,-21.49598,1.53246,0.01611,0.47313
6111,279.80977,0.03118,Yakından incele · broadcast,True,True,3.06486,2.25148,-21.49257,1.51757,0.03044,0.89174
6112,279.83377,0.02399,Yakından incele · broadcast,True,True,3.08749,2.25548,-21.48997,1.50626,0.02313,0.67608
6113,279.86704,0.03327,Yakından incele · broadcast,True,True,3.12281,2.26173,-21.48592,1.48860,0.03609,1.05572
6114,279.90160,0.03456,Yakından incele · broadcast,True,True,3.16361,2.26895,-21.48125,1.46819,0.04170,1.21947
6115,279.93525,0.03365,Yakından incele · broadcast,True,True,3.20970,2.27710,-21.47597,1.44515,0.04710,1.37854
6116,279.96779,0.03254,Yakından incele · broadcast,True,True,3.25773,2.28560,-21.47046,1.42114,0.04908,1.43692
6117,280.00085,0.03306,Yakından incele · broadcast,True,True,3.30938,2.29474,-21.46454,1.39531,0.05279,1.54506
6118,280.03455,0.03370,Yakından incele · broadcast,True,True,3.36442,2.30447,-21.45823,1.36779,0.05625,1.64659
6119,280.06772,0.03318,Yakından incele · broadcast,True,True,3.42243,2.31474,-21.45158,1.33879,0.05929,1.73591
6120,280.10012,0.03240,Yakından incele · broadcast,True,True,3.48082,2.32507,-21.44489,1.30959,0.05967,1.74759
6121,280.13300,0.03287,Yakından incele · broadcast,True,True,3.54046,2.33562,-21.43806,1.27977,0.06095,1.78482
6122,280.16722,0.03422,Yakından incele · broadcast,True,True,3.60201,2.34651,-21.43100,1.24900,0.06290,1.84137
6123,280.20167,0.03446,Yakından incele · broadcast,True,True,3.66560,2.35776,-21.42371,1.21720,0.06499,1.90201
6124,280.23514,0.03347,Yakından incele · broadcast,True,True,3.72762,2.36873,-21.41660,1.18619,0.06338,1.85535
6125,280.26803,0.03289,Yakından incele · broadcast,True,True,3.78876,2.37955,-21.40960,1.15562,0.06249,1.82986
6126,280.30092,0.03289,Yakından incele · broadcast,True,True,3.84779,2.38999,-21.40283,1.12611,0.06033,1.76631
6127,280.33485,0.03393,Yakından incele · broadcast,True,True,3.90846,2.40073,-21.39588,1.09577,0.06200,1.81483
6128,280.36720,0.03235,Yakından incele · broadcast,True,True,3.96139,2.41009,-21.38981,1.06931,0.05409,1.58309
6129,280.40109,0.03389,Yakından incele · broadcast,True,True,4.01676,2.41989,-21.38346,1.04162,0.05659,1.65654
6130,280.43547,0.03438,Yakından incele · broadcast,True,True,4.06662,2.42871,-21.37775,1.01669,0.05095,1.49145
6131,280.46869,0.03322,Yakından incele · broadcast,True,True,4.11592,2.43743,-21.37210,0.99204,0.05039,1.47509
6132,280.50102,0.03233,Yakından incele · broadcast,True,True,4.15572,2.44447,-21.36754,0.97214,0.04067,1.18958
6133,280.53570,0.03468,Yakından incele · broadcast,True,True,4.19543,2.45150,-21.36299,0.95228,0.04059,1.18695
6134,280.56825,0.03255,Yakından incele · broadcast,True,True,4.22864,2.45737,-21.35918,0.93568,0.03393,0.99228
6135,280.59999,0.03174,Yakından incele · broadcast,True,True,4.25498,2.46204,-21.35616,0.92251,0.02693,0.78633
6136,280.63408,0.03409,Yakından incele · broadcast,True,True,4.27642,2.46583,-21.35370,0.91179,0.02191,0.64041
6137,280.66895,0.03487,Yakından incele · broadcast,True,True,4.29147,2.46849,-21.35198,0.90426,0.01538,0.45111
6138,280.70497,0.03602,Yakından incele · broadcast,True,True,4.29924,2.46987,-21.35109,0.90038,0.00794,0.23070
6139,280.73767,0.03270,Yakından incele · broadcast,False,True,4.30000,2.47000,-21.35100,0.90000,0.00078,0.00000
6140,280.77681,0.03915,Yakından incele · broadcast,False,True,4.30000,2.47000,-21.35100,0.90000,0.00000,0.00000
6141,280.80478,0.02797,Yakından incele · broadcast,False,True,4.30000,2.47000,-21.35100,0.90000,0.00000,0.00000
6142,280.83742,0.03264,Yakından incele · broadcast,False,True,4.30000,2.47000,-21.35100,0.90000,0.00000,0.00000
6143,280.86919,0.03177,Yakından incele · broadcast,False,True,4.30000,2.47000,-21.35100,0.90000,0.00000,0.00000
6144,280.90137,0.03218,Yakından incele · broadcast,False,True,4.30000,2.47000,-21.35100,0.90000,0.00000,0.00000
6145,280.93489,0.03352,Yakından incele · broadcast,False,True,4.30000,2.47000,-21.35100,0.90000,0.00000,0.00000
6146,280.96716,0.03227,Yakından incele · broadcast,False,True,4.30000,2.47000,-21.35100,0.90000,0.00000,0.00000
6147,281.00191,0.03475,Yakından incele · broadcast,False,True,4.30000,2.47000,-21.35100,0.90000,0.00000,0.00000
6148,281.03573,0.03382,Yakından incele · broadcast,False,True,4.30000,2.47000,-21.35100,0.90000,0.00000,0.00000
6149,281.06754,0.03181,Yakından incele · broadcast,False,True,4.30000,2.47000,-21.35100,0.90000,0.00000,0.00000
6150,281.10139,0.03385,Yakından incele · broadcast,False,True,4.30000,2.47000,-21.35100,0.90000,0.00000,0.00000
6151,281.13489,0.03350,Yakından incele · broadcast,False,True,4.30000,2.47000,-21.35100,0.90000,0.00000,0.00000
6152,281.16810,0.03321,Yakından incele · broadcast,False,True,4.30000,2.47000,-21.35100,0.90000,0.00000,0.00000
6153,281.20092,0.03282,Yakından incele · broadcast,False,True,4.30000,2.47000,-21.35100,0.90000,0.00000,0.00000
6154,281.23387,0.03295,Yakından incele · broadcast,False,True,4.30000,2.47000,-21.35100,0.90000,0.00000,0.00000
6155,281.26667,0.03280,Yakından incele · broadcast,False,True,4.30000,2.47000,-21.35100,0.90000,0.00000,0.00000
6156,281.31091,0.04424,Yakından incele · broadcast,False,True,4.30000,2.47000,-21.35100,0.90000,0.00000,0.00000
6157,281.34625,0.03535,Yakından incele · broadcast,False,True,4.30000,2.47000,-21.35100,0.90000,0.00000,0.00000
6158,281.37800,0.03174,Yakından incele · broadcast,False,True,4.30000,2.47000,-21.35100,0.90000,0.00000,0.00000
6159,281.41164,0.03364,Yakından incele · broadcast,False,True,4.30000,2.47000,-21.35100,0.90000,0.00000,0.00000
6160,281.44444,0.03280,Yakından incele · broadcast,False,True,4.30000,2.47000,-21.35100,0.90000,0.00000,0.00000
6161,281.47723,0.03279,Yakından incele · broadcast,False,True,4.30000,2.47000,-21.35100,0.90000,0.00000,0.00000
6162,281.51065,0.03342,Yakından incele · broadcast,False,True,4.30000,2.47000,-21.35100,0.90000,0.00000,0.00000
6163,281.54474,0.03409,Yakından incele · broadcast,False,True,4.30000,2.47000,-21.35100,0.90000,0.00000,0.00000
6164,281.57849,0.03374,Yakından incele · broadcast,False,True,4.30000,2.47000,-21.35100,0.90000,0.00000,0.00000
6165,281.61204,0.03356,Yakından incele · broadcast,False,True,4.30000,2.47000,-21.35100,0.90000,0.00000,0.00000
6166,281.64492,0.03288,Yakından incele · broadcast,False,True,4.30000,2.47000,-21.35100,0.90000,0.00000,0.00000
6167,281.67792,0.03300,Yakından incele · broadcast,False,True,4.30000,2.47000,-21.35100,0.90000,0.00000,0.00000
6168,281.71179,0.03387,Yakından incele · broadcast,False,True,4.30000,2.47000,-21.35100,0.90000,0.00000,0.00000
6169,281.74701,0.03522,Yakından incele · broadcast,False,True,4.30000,2.47000,-21.35100,0.90000,0.00000,0.00000
6170,281.78146,0.03445,Yakından incele · broadcast,False,True,4.30000,2.47000,-21.35100,0.90000,0.00000,0.00000
6171,281.81455,0.03308,Yakından incele · broadcast,False,True,4.30000,2.47000,-21.35100,0.90000,0.00000,0.00000
6172,281.84804,0.03349,Yakından incele · broadcast,False,True,4.30000,2.47000,-21.35100,0.90000,0.00000,0.00000
6173,281.88114,0.03310,Yakından incele · broadcast,False,True,4.30000,2.47000,-21.35100,0.90000,0.00000,0.00000
6174,281.92056,0.03941,Yakından incele · broadcast,False,True,4.30000,2.47000,-21.35100,0.90000,0.00000,0.00000
6175,281.95200,0.03145,Yakından incele · broadcast,False,True,4.30000,2.47000,-21.35100,0.90000,0.00000,0.00000
6176,281.97859,0.02659,Yakından incele · broadcast,False,True,4.30000,2.47000,-21.35100,0.90000,0.00000,0.00000
6177,282.01098,0.03239,Yakından incele · broadcast,False,True,4.30000,2.47000,-21.35100,0.90000,0.00000,0.00000
6178,282.04816,0.03718,Yakından incele · broadcast,False,True,4.30000,2.47000,-21.35100,0.90000,0.00000,0.00000
6179,282.08007,0.03191,Yakından incele · broadcast,False,True,4.30000,2.47000,-21.35100,0.90000,0.00000,0.00000
6180,282.11011,0.03004,Yakından incele · broadcast,False,True,4.30000,2.47000,-21.35100,0.90000,0.00000,0.00000
6181,282.14387,0.03376,Yakından incele · broadcast,False,True,4.30000,2.47000,-21.35100,0.90000,0.00000,0.00000
6182,282.17758,0.03371,Yakından incele · broadcast,False,True,4.30000,2.47000,-21.35100,0.90000,0.00000,0.00000
6183,282.21092,0.03334,Yakından incele · broadcast,False,True,4.30000,2.47000,-21.35100,0.90000,0.00000,0.00000
6184,282.24371,0.03278,Yakından incele · broadcast,False,True,4.30000,2.47000,-21.35100,0.90000,0.00000,0.00000
6185,282.27633,0.03263,Yakından incele · broadcast,False,True,4.30000,2.47000,-21.35100,0.90000,0.00000,0.00000
6186,282.31069,0.03436,Yakından incele · broadcast,False,True,4.30000,2.47000,-21.35100,0.90000,0.00000,0.00000
6187,282.34696,0.03627,Yakından incele · broadcast,False,True,4.30000,2.47000,-21.35100,0.90000,0.00000,0.00000
6188,282.38062,0.03366,Yakından incele · broadcast,False,True,4.30000,2.47000,-21.35100,0.90000,0.00000,0.00000
6189,282.41031,0.02969,Yakından incele · broadcast,False,True,4.30000,2.47000,-21.35100,0.90000,0.00000,0.00000
6190,282.44408,0.03376,Yakından incele · broadcast,False,True,4.30000,2.47000,-21.35100,0.90000,0.00000,0.00000
6191,282.47781,0.03373,Yakından incele · broadcast,False,True,4.30000,2.47000,-21.35100,0.90000,0.00000,0.00000
6192,282.51140,0.03359,Yakından incele · broadcast,False,True,4.30000,2.47000,-21.35100,0.90000,0.00000,0.00000
6193,282.54376,0.03236,Yakından incele · broadcast,False,True,4.30000,2.47000,-21.35100,0.90000,0.00000,0.00000
6194,282.57666,0.03290,Yakından incele · broadcast,False,True,4.30000,2.47000,-21.35100,0.90000,0.00000,0.00000
6195,282.61003,0.03337,Yakından incele · broadcast,False,True,4.30000,2.47000,-21.35100,0.90000,0.00000,0.00000
6196,282.64337,0.03334,Yakından incele · broadcast,False,True,4.30000,2.47000,-21.35100,0.90000,0.00000,0.00000
6197,282.67710,0.03373,Yakından incele · broadcast,False,True,4.30000,2.47000,-21.35100,0.90000,0.00000,0.00000
6198,282.71302,0.03592,Yakından incele · broadcast,False,True,4.30000,2.47000,-21.35100,0.90000,0.00000,0.00000
6199,282.74537,0.03235,Yakından incele · broadcast,False,True,4.30000,2.47000,-21.35100,0.90000,0.00000,0.00000
6200,282.77656,0.03119,Yakından incele · broadcast,False,True,4.30000,2.47000,-21.35100,0.90000,0.00000,0.00000
6201,282.81063,0.03408,Yakından incele · broadcast,False,True,4.30000,2.47000,-21.35100,0.90000,0.00000,0.00000
6202,282.84467,0.03404,Yakından incele · broadcast,False,True,4.30000,2.47000,-21.35100,0.90000,0.00000,0.00000
6203,282.87781,0.03314,Yakından incele · broadcast,False,True,4.30000,2.47000,-21.35100,0.90000,0.00000,0.00000
6204,282.91296,0.03515,Yakından incele · broadcast,False,True,4.30000,2.47000,-21.35100,0.90000,0.00000,0.00000
6205,282.96100,0.04804,Yakından incele · family,True,True,4.30489,2.46902,-21.35623,0.90164,0.00723,0.00000
6206,282.99337,0.03237,Yakından incele · family,True,True,4.32903,2.46420,-21.38208,0.90973,0.03569,0.00000
6207,283.01084,0.01747,Yakından incele · family,True,True,4.34208,2.46158,-21.39605,0.91411,0.01930,0.00000
6208,283.04458,0.03374,Yakından incele · family,True,True,4.37394,2.45521,-21.43015,0.92479,0.04710,0.00000
6209,283.07888,0.03430,Yakından incele · family,True,True,4.41360,2.44728,-21.47262,0.93809,0.05864,0.00000
6210,283.11265,0.03377,Yakından incele · family,True,True,4.46105,2.43779,-21.52341,0.95400,0.07015,0.00000
6211,283.14491,0.03226,Yakından incele · family,True,True,4.51359,2.42728,-21.57966,0.97161,0.07769,0.00000
6212,283.17857,0.03366,Yakından incele · family,True,True,4.57103,2.41580,-21.64116,0.99087,0.08493,0.00000
6213,283.21125,0.03268,Yakından incele · family,True,True,4.63619,2.40276,-21.71092,1.01272,0.09635,0.00000
6214,283.24391,0.03266,Yakından incele · family,True,True,4.70152,2.38970,-21.78086,1.03463,0.09659,0.00000
6215,283.27717,0.03326,Yakından incele · family,True,True,4.77473,2.37505,-21.85924,1.05917,0.10824,0.00000
6216,283.31035,0.03318,Yakından incele · family,True,True,4.84776,2.36045,-21.93743,1.08366,0.10798,0.00000
6217,283.34383,0.03348,Yakından incele · family,True,True,4.92681,2.34464,-22.02205,1.11017,0.11688,0.00000
6218,283.37677,0.03294,Yakından incele · family,True,True,5.00491,2.32902,-22.10567,1.13635,0.11548,0.00000
6219,283.41042,0.03365,Yakından incele · family,True,True,5.08526,2.31295,-22.19169,1.16329,0.11880,0.00000
6220,283.44519,0.03477,Yakından incele · family,True,True,5.16950,2.29610,-22.28187,1.19154,0.12455,0.00000
6221,283.47721,0.03202,Yakından incele · family,True,True,5.24811,2.28038,-22.36604,1.21790,0.11624,0.00000
6222,283.51102,0.03381,Yakından incele · family,True,True,5.32710,2.26458,-22.45060,1.24438,0.11678,0.00000
6223,283.54409,0.03307,Yakından incele · family,True,True,5.40747,2.24851,-22.53665,1.27133,0.11884,0.00000
6224,283.57713,0.03305,Yakından incele · family,True,True,5.48160,2.23368,-22.61600,1.29618,0.10960,0.00000
6225,283.61106,0.03393,Yakından incele · family,True,True,5.55665,2.21867,-22.69635,1.32135,0.11097,0.00000
6226,283.64402,0.03296,Yakından incele · family,True,True,5.62669,2.20466,-22.77134,1.34483,0.10357,0.00000
6227,283.67741,0.03339,Yakından incele · family,True,True,5.69260,2.19148,-22.84190,1.36693,0.09744,0.00000
6228,283.71103,0.03363,Yakından incele · family,True,True,5.75456,2.17909,-22.90824,1.38771,0.09162,0.00000
6229,283.74392,0.03289,Yakından incele · family,True,True,5.81091,2.16782,-22.96857,1.40660,0.08332,0.00000
6230,283.77667,0.03275,Yakından incele · family,True,True,5.86031,2.15794,-23.02145,1.42316,0.07304,0.00000
6231,283.81125,0.03458,Yakından incele · family,True,True,5.90355,2.14929,-23.06774,1.43766,0.06394,0.00000
6232,283.84584,0.03460,Yakından incele · family,True,True,5.94143,2.14171,-23.10829,1.45036,0.05600,0.00000
6233,283.87841,0.03257,Yakından incele · family,True,True,5.96903,2.13619,-23.13785,1.45962,0.04081,0.00000
6234,283.91152,0.03310,Yakından incele · family,True,True,5.98836,2.13233,-23.15853,1.46610,0.02857,0.00000
6235,283.94583,0.03431,Yakından incele · family,True,True,5.99874,2.13025,-23.16965,1.46958,0.01536,0.00000
6236,283.97758,0.03175,Yakından incele · family,False,True,6.00000,2.13000,-23.17100,1.47000,0.00186,0.00000
6237,284.01865,0.04107,Yakından incele · familyEfe,True,True,6.00865,2.12503,-23.17055,1.46854,0.00998,0.52489
6238,284.04398,0.02533,Yakından incele · familyEfe,True,True,6.02252,2.11707,-23.16983,1.46619,0.01601,0.84395
6239,284.07851,0.03452,Yakından incele · familyEfe,True,True,6.04938,2.10164,-23.16844,1.46164,0.03101,1.63610
6240,284.11326,0.03475,Yakından incele · familyEfe,True,True,6.08751,2.07974,-23.16647,1.45519,0.04402,2.32293
6241,284.14564,0.03239,Yakından incele · familyEfe,True,True,6.13345,2.05335,-23.16409,1.44742,0.05303,2.79883
6242,284.17759,0.03195,Yakından incele · familyEfe,True,True,6.18527,2.02359,-23.16140,1.43865,0.05982,3.15735
6243,284.21032,0.03273,Yakından incele · familyEfe,True,True,6.24582,1.98881,-23.15827,1.42840,0.06990,3.68966
6244,284.24458,0.03426,Yakından incele · familyEfe,True,True,6.31255,1.95049,-23.15481,1.41711,0.07703,4.06576
6245,284.27955,0.03498,Yakından incele · familyEfe,True,True,6.38785,1.90723,-23.15091,1.40436,0.08693,4.58810
6246,284.31309,0.03353,Yakından incele · familyEfe,True,True,6.46769,1.86138,-23.14678,1.39085,0.09216,4.86441
6247,284.34526,0.03218,Yakından incele · familyEfe,True,True,6.54903,1.81466,-23.14256,1.37709,0.09389,4.95577
6248,284.37744,0.03218,Yakından incele · familyEfe,True,True,6.63349,1.76615,-23.13819,1.36280,0.09750,5.14597
6249,284.41106,0.03363,Yakından incele · familyEfe,True,True,6.72124,1.71575,-23.13364,1.34794,0.10130,5.34670
6250,284.44578,0.03472,Yakından incele · familyEfe,True,True,6.81642,1.66108,-23.12871,1.33184,0.10987,5.79924
6251,284.47827,0.03249,Yakından incele · familyEfe,True,True,6.90559,1.60987,-23.12409,1.31675,0.10294,5.43313
6252,284.51184,0.03358,Yakından incele · familyEfe,True,True,6.99913,1.55614,-23.11925,1.30092,0.10798,5.69928
6253,284.54589,0.03405,Yakından incele · familyEfe,True,True,7.09232,1.50262,-23.11442,1.28515,0.10758,5.67822
6254,284.57915,0.03326,Yakından incele · familyEfe,True,True,7.18490,1.44944,-23.10963,1.26948,0.10687,5.64086
6255,284.62305,0.04390,Yakından incele · familyEfe,True,True,7.30225,1.38204,-23.10355,1.24962,0.13546,7.15001
6256,284.65627,0.03322,Yakından incele · familyEfe,True,True,7.38934,1.33202,-23.09904,1.23488,0.10054,5.30657
6257,284.68942,0.03315,Yakından incele · familyEfe,True,True,7.47195,1.28457,-23.09476,1.22090,0.09536,5.03306
6258,284.72263,0.03321,Yakından incele · familyEfe,True,True,7.55101,1.23916,-23.09067,1.20752,0.09127,4.81751
6259,284.75599,0.03336,Yakından incele · familyEfe,True,True,7.62485,1.19675,-23.08684,1.19503,0.08524,4.49902
6260,284.78824,0.03225,Yakından incele · familyEfe,True,True,7.69303,1.15759,-23.08331,1.18349,0.07870,4.15414
6261,284.82192,0.03368,Yakından incele · familyEfe,True,True,7.75334,1.12296,-23.08019,1.17328,0.06962,3.67435
6262,284.85768,0.03576,Yakından incele · familyEfe,True,True,7.81050,1.09013,-23.07722,1.16361,0.06598,3.48273
6263,284.89146,0.03378,Yakından incele · familyEfe,True,True,7.85842,1.06260,-23.07474,1.15550,0.05532,2.92010
6264,284.92405,0.03258,Yakından incele · familyEfe,True,True,7.89592,1.04106,-23.07280,1.14915,0.04329,2.28453
6265,284.95693,0.03288,Yakından incele · familyEfe,True,True,7.92461,1.02458,-23.07132,1.14430,0.03312,1.74759
6266,284.98844,0.03152,Yakından incele · familyEfe,True,True,7.94197,1.01461,-23.07042,1.14136,0.02004,1.05646
6267,285.02254,0.03410,Yakından incele · familyEfe,True,True,7.94982,1.01011,-23.07001,1.14003,0.00906,0.47478
6268,285.05580,0.03326,Yakından incele · familyEfe,False,True,7.95000,1.01000,-23.07000,1.14000,0.00021,0.00000
6269,285.08902,0.03322,Yakından incele · familyEfe,False,True,7.95000,1.01000,-23.07000,1.14000,0.00000,0.00000
6270,285.12274,0.03372,Yakından incele · familyEfe,False,True,7.95000,1.01000,-23.07000,1.14000,0.00000,0.00000
6271,285.15610,0.03335,Yakından incele · familyEfe,False,True,7.95000,1.01000,-23.07000,1.14000,0.00000,0.00000
6272,285.18944,0.03335,Yakından incele · familyEfe,False,True,7.95000,1.01000,-23.07000,1.14000,0.00000,0.00000
6273,285.22209,0.03265,Yakından incele · familyEfe,False,True,7.95000,1.01000,-23.07000,1.14000,0.00000,0.00000
6274,285.25451,0.03242,Yakından incele · familyEfe,False,True,7.95000,1.01000,-23.07000,1.14000,0.00000,0.00000
6275,285.28745,0.03294,Yakından incele · familyEfe,False,True,7.95000,1.01000,-23.07000,1.14000,0.00000,0.00000
6276,285.32119,0.03374,Yakından incele · familyEfe,False,True,7.95000,1.01000,-23.07000,1.14000,0.00000,0.00000
6277,285.35493,0.03375,Yakından incele · familyEfe,False,True,7.95000,1.01000,-23.07000,1.14000,0.00000,0.00000
6278,285.38835,0.03342,Yakından incele · familyEfe,False,True,7.95000,1.01000,-23.07000,1.14000,0.00000,0.00000
6279,285.42261,0.03426,Yakından incele · familyEfe,False,True,7.95000,1.01000,-23.07000,1.14000,0.00000,0.00000
6280,285.45608,0.03348,Yakından incele · familyEfe,False,True,7.95000,1.01000,-23.07000,1.14000,0.00000,0.00000
6281,285.49019,0.03411,Yakından incele · familyEfe,False,True,7.95000,1.01000,-23.07000,1.14000,0.00000,0.00000
6282,285.52187,0.03168,Yakından incele · familyEfe,False,True,7.95000,1.01000,-23.07000,1.14000,0.00000,0.00000
6283,285.55421,0.03235,Yakından incele · familyEfe,False,True,7.95000,1.01000,-23.07000,1.14000,0.00000,0.00000
6284,285.58759,0.03338,Yakından incele · familyEfe,False,True,7.95000,1.01000,-23.07000,1.14000,0.00000,0.00000
6285,285.62163,0.03403,Yakından incele · familyEfe,False,True,7.95000,1.01000,-23.07000,1.14000,0.00000,0.00000
6286,285.65599,0.03436,Yakından incele · familyEfe,False,True,7.95000,1.01000,-23.07000,1.14000,0.00000,0.00000
6287,285.68958,0.03358,Yakından incele · familyEfe,False,True,7.95000,1.01000,-23.07000,1.14000,0.00000,0.00000
6288,285.72211,0.03254,Yakından incele · familyEfe,False,True,7.95000,1.01000,-23.07000,1.14000,0.00000,0.00000
6289,285.75532,0.03321,Yakından incele · familyEfe,False,True,7.95000,1.01000,-23.07000,1.14000,0.00000,0.00000
6290,285.78883,0.03350,Yakından incele · familyEfe,False,True,7.95000,1.01000,-23.07000,1.14000,0.00000,0.00000
6291,285.82202,0.03320,Yakından incele · familyEfe,False,True,7.95000,1.01000,-23.07000,1.14000,0.00000,0.00000
6292,285.85466,0.03264,Yakından incele · familyEfe,False,True,7.95000,1.01000,-23.07000,1.14000,0.00000,0.00000
6293,285.88793,0.03327,Yakından incele · familyEfe,False,True,7.95000,1.01000,-23.07000,1.14000,0.00000,0.00000
6294,285.92159,0.03366,Yakından incele · familyEfe,False,True,7.95000,1.01000,-23.07000,1.14000,0.00000,0.00000
6295,285.95442,0.03283,Yakından incele · familyEfe,False,True,7.95000,1.01000,-23.07000,1.14000,0.00000,0.00000
6296,285.98738,0.03296,Yakından incele · familyEfe,False,True,7.95000,1.01000,-23.07000,1.14000,0.00000,0.00000
6297,286.02249,0.03511,Yakından incele · familyEfe,False,True,7.95000,1.01000,-23.07000,1.14000,0.00000,0.00000
6298,286.05484,0.03235,Yakından incele · familyEfe,False,True,7.95000,1.01000,-23.07000,1.14000,0.00000,0.00000
6299,286.08739,0.03255,Yakından incele · familyEfe,False,True,7.95000,1.01000,-23.07000,1.14000,0.00000,0.00000
6300,286.12135,0.03396,Yakından incele · familyEfe,False,True,7.95000,1.01000,-23.07000,1.14000,0.00000,0.00000
6301,286.15549,0.03413,Yakından incele · familyEfe,False,True,7.95000,1.01000,-23.07000,1.14000,0.00000,0.00000
6302,286.18918,0.03369,Yakından incele · familyEfe,False,True,7.95000,1.01000,-23.07000,1.14000,0.00000,0.00000
6303,286.22234,0.03316,Yakından incele · familyEfe,False,True,7.95000,1.01000,-23.07000,1.14000,0.00000,0.00000
6304,286.25548,0.03314,Yakından incele · familyEfe,False,True,7.95000,1.01000,-23.07000,1.14000,0.00000,0.00000
6305,286.28821,0.03274,Yakından incele · familyEfe,False,True,7.95000,1.01000,-23.07000,1.14000,0.00000,0.00000
6306,286.32165,0.03344,Yakından incele · familyEfe,False,True,7.95000,1.01000,-23.07000,1.14000,0.00000,0.00000
6307,286.35447,0.03281,Yakından incele · familyEfe,False,True,7.95000,1.01000,-23.07000,1.14000,0.00000,0.00000
6308,286.38776,0.03329,Yakından incele · familyEfe,False,True,7.95000,1.01000,-23.07000,1.14000,0.00000,0.00000
6309,286.42161,0.03385,Yakından incele · familyEfe,False,True,7.95000,1.01000,-23.07000,1.14000,0.00000,0.00000
6310,286.45531,0.03371,Yakından incele · familyEfe,False,True,7.95000,1.01000,-23.07000,1.14000,0.00000,0.00000
6311,286.48893,0.03362,Yakından incele · familyEfe,False,True,7.95000,1.01000,-23.07000,1.14000,0.00000,0.00000
6312,286.52334,0.03441,Yakından incele · familyEfe,False,True,7.95000,1.01000,-23.07000,1.14000,0.00000,0.00000
6313,286.55555,0.03221,Yakından incele · familyEfe,False,True,7.95000,1.01000,-23.07000,1.14000,0.00000,0.00000
6314,286.58841,0.03287,Yakından incele · familyEfe,False,True,7.95000,1.01000,-23.07000,1.14000,0.00000,0.00000
6315,286.62191,0.03350,Yakından incele · familyEfe,False,True,7.95000,1.01000,-23.07000,1.14000,0.00000,0.00000
6316,286.65565,0.03374,Yakından incele · familyEfe,False,True,7.95000,1.01000,-23.07000,1.14000,0.00000,0.00000
6317,286.68875,0.03310,Yakından incele · familyEfe,False,True,7.95000,1.01000,-23.07000,1.14000,0.00000,0.00000
6318,286.72228,0.03353,Yakından incele · familyEfe,False,True,7.95000,1.01000,-23.07000,1.14000,0.00000,0.00000
6319,286.75595,0.03367,Yakından incele · familyEfe,False,True,7.95000,1.01000,-23.07000,1.14000,0.00000,0.00000
6320,286.78840,0.03245,Yakından incele · familyEfe,False,True,7.95000,1.01000,-23.07000,1.14000,0.00000,0.00000
6321,286.82077,0.03237,Yakından incele · familyEfe,False,True,7.95000,1.01000,-23.07000,1.14000,0.00000,0.00000
6322,286.85528,0.03451,Yakından incele · familyEfe,False,True,7.95000,1.01000,-23.07000,1.14000,0.00000,0.00000
6323,286.89032,0.03504,Yakından incele · familyEfe,False,True,7.95000,1.01000,-23.07000,1.14000,0.00000,0.00000
6324,286.92348,0.03316,Yakından incele · familyEfe,False,True,7.95000,1.01000,-23.07000,1.14000,0.00000,0.00000
6325,286.95602,0.03255,Yakından incele · familyEfe,False,True,7.95000,1.01000,-23.07000,1.14000,0.00000,0.00000
6326,286.98942,0.03340,Yakından incele · familyEfe,False,True,7.95000,1.01000,-23.07000,1.14000,0.00000,0.00000
6327,287.02359,0.03417,Yakından incele · familyEfe,False,True,7.95000,1.01000,-23.07000,1.14000,0.00000,0.00000
6328,287.05554,0.03195,Yakından incele · familyEfe,False,True,7.95000,1.01000,-23.07000,1.14000,0.00000,0.00000
6329,287.08935,0.03380,Yakından incele · familyEfe,False,True,7.95000,1.01000,-23.07000,1.14000,0.00000,0.00000
6330,287.12268,0.03333,Yakından incele · familyEfe,False,True,7.95000,1.01000,-23.07000,1.14000,0.00000,0.00000
6331,287.15456,0.03188,Yakından incele · familyEfe,False,True,7.95000,1.01000,-23.07000,1.14000,0.00000,0.00000
6332,287.18793,0.03337,Yakından incele · familyEfe,False,True,7.95000,1.01000,-23.07000,1.14000,0.00000,0.00000
6333,287.22222,0.03429,Yakından incele · familyEfe,False,True,7.95000,1.01000,-23.07000,1.14000,0.00000,0.00000
6334,287.25496,0.03273,Yakından incele · familyEfe,False,True,7.95000,1.01000,-23.07000,1.14000,0.00000,0.00000
6335,287.28903,0.03407,Yakından incele · familyEfe,False,True,7.95000,1.01000,-23.07000,1.14000,0.00000,0.00000
6336,287.32390,0.03487,Yakından incele · familyEfe,False,True,7.95000,1.01000,-23.07000,1.14000,0.00000,0.00000
6337,287.35720,0.03330,Yakından incele · familyEfe,False,True,7.95000,1.01000,-23.07000,1.14000,0.00000,0.00000
6338,287.38934,0.03213,Yakından incele · familyEfe,False,True,7.95000,1.01000,-23.07000,1.14000,0.00000,0.00000
6339,287.42239,0.03306,Yakından incele · familyEfe,False,True,7.95000,1.01000,-23.07000,1.14000,0.00000,0.00000
6340,287.45505,0.03265,Yakından incele · familyEfe,False,True,7.95000,1.01000,-23.07000,1.14000,0.00000,0.00000
6341,287.48828,0.03323,Yakından incele · familyEfe,False,True,7.95000,1.01000,-23.07000,1.14000,0.00000,0.00000
6342,287.52155,0.03327,Yakından incele · familyEfe,False,True,7.95000,1.01000,-23.07000,1.14000,0.00000,0.00000
6343,287.55611,0.03456,Yakından incele · familyEfe,False,True,7.95000,1.01000,-23.07000,1.14000,0.00000,0.00000
6344,287.59026,0.03416,Yakından incele · familyEfe,False,True,7.95000,1.01000,-23.07000,1.14000,0.00000,0.00000
6345,287.62341,0.03315,Yakından incele · familyEfe,False,True,7.95000,1.01000,-23.07000,1.14000,0.00000,0.00000
6346,287.65572,0.03231,Yakından incele · familyEfe,False,True,7.95000,1.01000,-23.07000,1.14000,0.00000,0.00000
6347,287.68884,0.03311,Yakından incele · familyEfe,False,True,7.95000,1.01000,-23.07000,1.14000,0.00000,0.00000
6348,287.72313,0.03429,Yakından incele · familyEfe,False,True,7.95000,1.01000,-23.07000,1.14000,0.00000,0.00000
6349,287.75852,0.03539,Yakından incele · familyEfe,False,True,7.95000,1.01000,-23.07000,1.14000,0.00000,0.00000
6350,287.79148,0.03296,Yakından incele · familyEfe,False,True,7.95000,1.01000,-23.07000,1.14000,0.00000,0.00000
6351,287.82392,0.03244,Yakından incele · familyEfe,False,True,7.95000,1.01000,-23.07000,1.14000,0.00000,0.00000
6352,287.85673,0.03281,Yakından incele · familyEfe,False,True,7.95000,1.01000,-23.07000,1.14000,0.00000,0.00000
6353,287.89021,0.03348,Yakından incele · familyEfe,False,True,7.95000,1.01000,-23.07000,1.14000,0.00000,0.00000
6354,287.93532,0.04511,Yakından incele · familyEfe,False,True,7.95000,1.01000,-23.07000,1.14000,0.00000,0.00000
6355,287.96820,0.03288,Yakından incele · familyEfe,False,True,7.95000,1.01000,-23.07000,1.14000,0.00000,0.00000
6356,288.00183,0.03363,Yakından incele · familyEfe,False,True,7.95000,1.01000,-23.07000,1.14000,0.00000,0.00000
6357,288.03505,0.03322,Yakından incele · familyEfe,False,True,7.95000,1.01000,-23.07000,1.14000,0.00000,0.00000
6358,288.06910,0.03405,Yakından incele · familyEfe,False,True,7.95000,1.01000,-23.07000,1.14000,0.00000,0.00000
6359,288.10090,0.03179,Yakından incele · familyEfe,False,True,7.95000,1.01000,-23.07000,1.14000,0.00000,0.00000
6360,288.13477,0.03388,Yakından incele · familyEfe,False,True,7.95000,1.01000,-23.07000,1.14000,0.00000,0.00000
6361,288.16904,0.03426,Yakından incele · familyEfe,False,True,7.95000,1.01000,-23.07000,1.14000,0.00000,0.00000
6362,288.20193,0.03289,Yakından incele · familyEfe,False,True,7.95000,1.01000,-23.07000,1.14000,0.00000,0.00000
6363,288.23552,0.03360,Yakından incele · familyEfe,False,True,7.95000,1.01000,-23.07000,1.14000,0.00000,0.00000
6364,288.26871,0.03319,Yakından incele · familyEfe,False,True,7.95000,1.01000,-23.07000,1.14000,0.00000,0.00000
6365,288.30128,0.03257,Yakından incele · familyEfe,False,True,7.95000,1.01000,-23.07000,1.14000,0.00000,0.00000
6366,288.33420,0.03292,Yakından incele · familyEfe,False,True,7.95000,1.01000,-23.07000,1.14000,0.00000,0.00000
6367,288.36841,0.03421,Yakından incele · familyEfe,False,True,7.95000,1.01000,-23.07000,1.14000,0.00000,0.00000
6368,288.40227,0.03386,Yakından incele · familyEfe,False,True,7.95000,1.01000,-23.07000,1.14000,0.00000,0.00000
6369,288.43482,0.03255,Yakından incele · familyEfe,False,True,7.95000,1.01000,-23.07000,1.14000,0.00000,0.00000
6370,288.46854,0.03372,Yakından incele · familyEfe,False,True,7.95000,1.01000,-23.07000,1.14000,0.00000,0.00000
6371,288.50196,0.03343,Yakından incele · familyEfe,False,True,7.95000,1.01000,-23.07000,1.14000,0.00000,0.00000
6372,288.53457,0.03261,Yakından incele · familyEfe,False,True,7.95000,1.01000,-23.07000,1.14000,0.00000,0.00000
6373,288.56861,0.03403,Yakından incele · familyEfe,False,True,7.95000,1.01000,-23.07000,1.14000,0.00000,0.00000
6374,288.60348,0.03487,Yakından incele · familyEfe,False,True,7.95000,1.01000,-23.07000,1.14000,0.00000,0.00000
6375,288.63498,0.03150,Yakından incele · familyEfe,False,True,7.95000,1.01000,-23.07000,1.14000,0.00000,0.00000
6376,288.67979,0.04481,Yakından incele · familyEfe,False,True,7.95000,1.01000,-23.07000,1.14000,0.00000,0.00000
6377,288.71152,0.03173,Yakından incele · familyEfe,False,True,7.95000,1.01000,-23.07000,1.14000,0.00000,0.00000
6378,288.73240,0.02088,Yakından incele · familyEfe,False,True,7.95000,1.01000,-23.07000,1.14000,0.00000,0.00000
6379,288.76603,0.03363,Yakından incele · familyEfe,False,True,7.95000,1.01000,-23.07000,1.14000,0.00000,0.00000
6380,288.79962,0.03360,Yakından incele · familyEfe,False,True,7.95000,1.01000,-23.07000,1.14000,0.00000,0.00000
6381,288.83247,0.03285,Yakından incele · familyEfe,False,True,7.95000,1.01000,-23.07000,1.14000,0.00000,0.00000
6382,288.86748,0.03500,Yakından incele · familyEfe,False,True,7.95000,1.01000,-23.07000,1.14000,0.00000,0.00000
6383,288.90184,0.03437,Yakından incele · familyEfe,False,True,7.95000,1.01000,-23.07000,1.14000,0.00000,0.00000
6384,288.93361,0.03176,Yakından incele · familyEfe,False,True,7.95000,1.01000,-23.07000,1.14000,0.00000,0.00000
6385,288.96682,0.03322,Yakından incele · familyEfe,False,True,7.95000,1.01000,-23.07000,1.14000,0.00000,0.00000
6386,289.00017,0.03335,Yakından incele · familyEfe,False,True,7.95000,1.01000,-23.07000,1.14000,0.00000,0.00000
6387,289.03314,0.03297,Yakından incele · familyEfe,False,True,7.95000,1.01000,-23.07000,1.14000,0.00000,0.00000
6388,289.06645,0.03331,Yakından incele · family,True,True,7.94434,1.01325,-23.07029,1.14096,0.00654,0.34492
6389,289.10018,0.03373,Yakından incele · family,True,True,7.92740,1.02298,-23.07117,1.14383,0.01956,1.03172
6390,289.13535,0.03517,Yakından incele · family,True,True,7.89920,1.03918,-23.07263,1.14860,0.03255,1.71778
6391,289.16764,0.03229,Yakından incele · family,True,True,7.86276,1.06011,-23.07452,1.15477,0.04207,2.22025
6392,289.20058,0.03294,Yakından incele · family,True,True,7.81807,1.08578,-23.07683,1.16233,0.05159,2.72256
6393,289.23376,0.03318,Yakından incele · family,True,True,7.76406,1.11679,-23.07963,1.17147,0.06234,3.29017
6394,289.26663,0.03288,Yakından incele · family,True,True,7.70406,1.15126,-23.08274,1.18162,0.06927,3.65577
6395,289.29987,0.03324,Yakından incele · family,True,True,7.63686,1.18985,-23.08622,1.19299,0.07757,4.09416
6396,289.33235,0.03248,Yakından incele · family,True,True,7.56373,1.23186,-23.09001,1.20537,0.08443,4.45636
6397,289.36581,0.03346,Yakından incele · family,True,True,7.48760,1.27558,-23.09395,1.21825,0.08788,4.63834
6398,289.39934,0.03353,Yakından incele · family,True,True,7.40268,1.32436,-23.09835,1.23262,0.09803,5.17419
6399,289.43233,0.03299,Yakından incele · family,True,True,7.31847,1.37273,-23.10271,1.24688,0.09721,5.13104
6400,289.46565,0.03332,Yakından incele · family,True,True,7.22893,1.42415,-23.10735,1.26203,0.10336,5.45542
6401,289.49921,0.03356,Yakından incele · family,True,True,7.13814,1.47630,-23.11205,1.27739,0.10481,5.53224
6402,289.53299,0.03378,Yakından incele · family,True,True,7.04580,1.52934,-23.11683,1.29302,0.10659,5.62627
6403,289.56899,0.03600,Yakından incele · family,True,True,6.95187,1.58329,-23.12170,1.30892,0.10843,5.72313
6404,289.60194,0.03295,Yakından incele · family,True,True,6.85251,1.64036,-23.12684,1.32573,0.11470,6.05423
6405,289.63310,0.03116,Yakından incele · family,True,True,6.76926,1.68817,-23.13116,1.33982,0.09610,5.07242
6406,289.66794,0.03484,Yakından incele · family,True,True,6.67383,1.74298,-23.13610,1.35597,0.11016,5.81461
6407,289.69959,0.03165,Yakından incele · family,True,True,6.59059,1.79079,-23.14041,1.37006,0.09609,5.07195
6408,289.73241,0.03283,Yakından incele · family,True,True,6.50615,1.83929,-23.14478,1.38434,0.09747,5.14475
6409,289.76594,0.03353,Yakından incele · family,True,True,6.42695,1.88478,-23.14889,1.39775,0.09142,4.82563
6410,289.80063,0.03469,Yakından incele · family,True,True,6.34888,1.92962,-23.15293,1.41096,0.09013,4.75700
6411,289.83370,0.03308,Yakından incele · family,True,True,6.27846,1.97006,-23.15658,1.42288,0.08129,4.29042
6412,289.86675,0.03305,Yakından incele · family,True,True,6.21491,2.00657,-23.15987,1.43363,0.07336,3.87207
6413,289.89999,0.03324,Yakından incele · family,True,True,6.15754,2.03952,-23.16284,1.44334,0.06622,3.49507
6414,289.93260,0.03261,Yakından incele · family,True,True,6.10822,2.06784,-23.16539,1.45169,0.05693,3.00492
6415,289.98115,0.04855,Yakından incele · family,True,True,6.06755,2.09121,-23.16750,1.45857,0.04696,2.47782
6416,290.01518,0.03404,Yakından incele · family,True,True,6.02361,2.11644,-23.16978,1.46600,0.05071,2.67617
6417,290.03313,0.01795,Yakından incele · family,True,True,6.01293,2.12258,-23.17033,1.46781,0.01234,0.64891
6418,290.06655,0.03342,Yakından incele · family,True,True,6.00147,2.12915,-23.17092,1.46975,0.01322,0.69548
6419,290.09998,0.03343,Yakından incele · family,False,True,6.00000,2.13000,-23.17100,1.47000,0.00170,0.00000
6420,290.13535,0.03537,Yakından incele · family,False,True,6.00000,2.13000,-23.17100,1.47000,0.00000,0.00000
6421,290.16650,0.03114,Yakından incele · family,False,True,6.00000,2.13000,-23.17100,1.47000,0.00000,0.00000
6422,290.20083,0.03433,Yakından incele · family,False,True,6.00000,2.13000,-23.17100,1.47000,0.00000,0.00000
6423,290.23352,0.03269,Yakından incele · family,False,True,6.00000,2.13000,-23.17100,1.47000,0.00000,0.00000
6424,290.26748,0.03396,Yakından incele · family,False,True,6.00000,2.13000,-23.17100,1.47000,0.00000,0.00000
6425,290.30123,0.03375,Yakından incele · family,False,True,6.00000,2.13000,-23.17100,1.47000,0.00000,0.00000
6426,290.33432,0.03310,Yakından incele · family,False,True,6.00000,2.13000,-23.17100,1.47000,0.00000,0.00000
6427,290.36716,0.03283,Yakından incele · family,False,True,6.00000,2.13000,-23.17100,1.47000,0.00000,0.00000
6428,290.40080,0.03364,Yakından incele · family,False,True,6.00000,2.13000,-23.17100,1.47000,0.00000,0.00000
6429,290.43507,0.03427,Yakından incele · family,False,True,6.00000,2.13000,-23.17100,1.47000,0.00000,0.00000
6430,290.46807,0.03300,Yakından incele · family,False,True,6.00000,2.13000,-23.17100,1.47000,0.00000,0.00000
6431,290.50108,0.03301,Yakından incele · family,False,True,6.00000,2.13000,-23.17100,1.47000,0.00000,0.00000
6432,290.53361,0.03253,Yakından incele · family,False,True,6.00000,2.13000,-23.17100,1.47000,0.00000,0.00000
6433,290.56690,0.03329,Yakından incele · family,False,True,6.00000,2.13000,-23.17100,1.47000,0.00000,0.00000
6434,290.60088,0.03398,Yakından incele · family,False,True,6.00000,2.13000,-23.17100,1.47000,0.00000,0.00000
6435,290.63457,0.03369,Yakından incele · family,False,True,6.00000,2.13000,-23.17100,1.47000,0.00000,0.00000
6436,290.66780,0.03323,Yakından incele · family,False,True,6.00000,2.13000,-23.17100,1.47000,0.00000,0.00000
6437,290.70117,0.03337,Yakından incele · family,False,True,6.00000,2.13000,-23.17100,1.47000,0.00000,0.00000
6438,290.73314,0.03197,Yakından incele · family,False,True,6.00000,2.13000,-23.17100,1.47000,0.00000,0.00000
6439,290.76696,0.03383,Yakından incele · family,False,True,6.00000,2.13000,-23.17100,1.47000,0.00000,0.00000
6440,290.81405,0.04709,Yakından incele · family,False,True,6.00000,2.13000,-23.17100,1.47000,0.00000,0.00000
6441,290.83170,0.01764,Yakından incele · family,False,True,6.00000,2.13000,-23.17100,1.47000,0.00000,0.00000
6442,290.86519,0.03349,Yakından incele · family,False,True,6.00000,2.13000,-23.17100,1.47000,0.00000,0.00000
6443,290.89953,0.03434,Yakından incele · family,False,True,6.00000,2.13000,-23.17100,1.47000,0.00000,0.00000
6444,290.93293,0.03340,Yakından incele · family,False,True,6.00000,2.13000,-23.17100,1.47000,0.00000,0.00000
6445,290.96538,0.03245,Yakından incele · family,False,True,6.00000,2.13000,-23.17100,1.47000,0.00000,0.00000
6446,290.99906,0.03368,Yakından incele · family,False,True,6.00000,2.13000,-23.17100,1.47000,0.00000,0.00000
6447,291.03244,0.03338,Yakından incele · family,False,True,6.00000,2.13000,-23.17100,1.47000,0.00000,0.00000
6448,291.06578,0.03334,Yakından incele · family,False,True,6.00000,2.13000,-23.17100,1.47000,0.00000,0.00000
6449,291.10011,0.03433,Yakından incele · family,False,True,6.00000,2.13000,-23.17100,1.47000,0.00000,0.00000
6450,291.13440,0.03429,Yakından incele · family,False,True,6.00000,2.13000,-23.17100,1.47000,0.00000,0.00000
6451,291.16713,0.03273,Yakından incele · family,False,True,6.00000,2.13000,-23.17100,1.47000,0.00000,0.00000
6452,291.19978,0.03264,Yakından incele · family,False,True,6.00000,2.13000,-23.17100,1.47000,0.00000,0.00000
6453,291.24598,0.04621,Yakından incele · family,False,True,6.00000,2.13000,-23.17100,1.47000,0.00000,0.00000
6454,291.27707,0.03109,Yakından incele · family,False,True,6.00000,2.13000,-23.17100,1.47000,0.00000,0.00000
6455,291.30961,0.03254,Yakından incele · family,False,True,6.00000,2.13000,-23.17100,1.47000,0.00000,0.00000
6456,291.34421,0.03460,Yakından incele · family,False,True,6.00000,2.13000,-23.17100,1.47000,0.00000,0.00000
6457,291.37812,0.03390,Yakından incele · family,False,True,6.00000,2.13000,-23.17100,1.47000,0.00000,0.00000
6458,291.41151,0.03340,Yakından incele · family,False,True,6.00000,2.13000,-23.17100,1.47000,0.00000,0.00000
6459,291.44521,0.03369,Yakından incele · family,False,True,6.00000,2.13000,-23.17100,1.47000,0.00000,0.00000
6460,291.47910,0.03389,Yakından incele · family,False,True,6.00000,2.13000,-23.17100,1.47000,0.00000,0.00000
6461,291.51245,0.03335,Yakından incele · family,False,True,6.00000,2.13000,-23.17100,1.47000,0.00000,0.00000
6462,291.54506,0.03262,Yakından incele · family,False,True,6.00000,2.13000,-23.17100,1.47000,0.00000,0.00000
6463,291.57903,0.03397,Yakından incele · family,False,True,6.00000,2.13000,-23.17100,1.47000,0.00000,0.00000
6464,291.61174,0.03271,Yakından incele · family,False,True,6.00000,2.13000,-23.17100,1.47000,0.00000,0.00000
6465,291.64389,0.03215,Yakından incele · family,False,True,6.00000,2.13000,-23.17100,1.47000,0.00000,0.00000
6466,291.67777,0.03388,Yakından incele · family,False,True,6.00000,2.13000,-23.17100,1.47000,0.00000,0.00000
6467,291.71106,0.03329,Yakından incele · family,False,True,6.00000,2.13000,-23.17100,1.47000,0.00000,0.00000
6468,291.74416,0.03310,Yakından incele · family,False,True,6.00000,2.13000,-23.17100,1.47000,0.00000,0.00000
6469,291.77903,0.03487,Yakından incele · family,False,True,6.00000,2.13000,-23.17100,1.47000,0.00000,0.00000
6470,291.81054,0.03151,Yakından incele · family,False,True,6.00000,2.13000,-23.17100,1.47000,0.00000,0.00000
6471,291.84396,0.03343,Yakından incele · family,False,True,6.00000,2.13000,-23.17100,1.47000,0.00000,0.00000
6472,291.88970,0.04574,Ada ile odada gezin,True,True,5.97737,2.13605,-23.18151,1.47521,0.02567,0.22029
6473,291.92101,0.03131,Ada ile odada gezin,True,True,5.88559,2.16057,-23.22415,1.49634,0.10414,0.90827
6474,291.94157,0.02055,Ada ile odada gezin,True,True,5.82209,2.17754,-23.25364,1.51095,0.07204,0.62807
6475,291.97527,0.03370,Ada ile odada gezin,True,True,5.68881,2.21315,-23.31556,1.54163,0.15121,1.31936
6476,292.00919,0.03393,Ada ile odada gezin,True,True,5.52227,2.25764,-23.39291,1.57996,0.18894,1.64944
6477,292.04354,0.03435,Ada ile odada gezin,True,True,5.32652,2.30994,-23.48384,1.62502,0.22208,1.93829
6478,292.07640,0.03286,Ada ile odada gezin,True,True,5.10011,2.37044,-23.58902,1.67713,0.25688,2.24200
6479,292.10825,0.03185,Ada ile odada gezin,True,True,4.86547,2.43313,-23.69802,1.73114,0.26621,2.32360
6480,292.14320,0.03495,Ada ile odada gezin,True,True,4.60124,2.50373,-23.82076,1.79196,0.29978,2.61672
6481,292.17630,0.03309,Ada ile odada gezin,True,True,4.30262,2.58352,-23.95947,1.86069,0.33879,2.95739
6482,292.20850,0.03220,Ada ile odada gezin,True,True,4.01772,2.65964,-24.09181,1.92627,0.32323,2.82112
6483,292.24180,0.03330,Ada ile odada gezin,True,True,3.70328,2.74365,-24.23788,1.99864,0.35675,3.11391
6484,292.27514,0.03334,Ada ile odada gezin,True,True,3.38242,2.82939,-24.38693,2.07250,0.36403,3.17762
6485,292.30898,0.03385,Ada ile odada gezin,True,True,3.03946,2.92102,-24.54624,2.15144,0.38909,3.39601
6486,292.34105,0.03207,Ada ile odada gezin,True,True,2.72441,3.00520,-24.69259,2.22395,0.35744,3.11969
6487,292.37511,0.03406,Ada ile odada gezin,True,True,2.37959,3.09733,-24.85276,2.30332,0.39121,3.41486
6488,292.40844,0.03332,Ada ile odada gezin,True,True,2.04403,3.18699,-25.00864,2.38056,0.38071,3.32308
6489,292.44203,0.03359,Ada ile odada gezin,True,True,1.71009,3.27621,-25.16376,2.45742,0.37886,3.30726
6490,292.47529,0.03326,Ada ile odada gezin,True,True,1.38049,3.36427,-25.31687,2.53329,0.37394,3.26414
6491,292.50807,0.03278,Ada ile odada gezin,True,True,1.06684,3.44808,-25.46257,2.60548,0.35585,3.10586
6492,292.54180,0.03374,Ada ile odada gezin,True,True,0.76033,3.52997,-25.60495,2.67603,0.34774,3.03550
6493,292.57493,0.03313,Ada ile odada gezin,True,True,0.46544,3.60876,-25.74193,2.74391,0.33456,2.92037
6494,292.60752,0.03259,Ada ile odada gezin,True,True,0.19341,3.68145,-25.86829,2.80652,0.30863,2.69395
6495,292.64145,0.03392,Ada ile odada gezin,True,True,-0.06239,3.74979,-25.98712,2.86540,0.29022,2.53312
6496,292.67542,0.03398,Ada ile odada gezin,True,True,-0.29825,3.81281,-26.09669,2.91969,0.26760,2.33570
6497,292.70878,0.03336,Ada ile odada gezin,True,True,-0.50805,3.86887,-26.19414,2.96798,0.23802,2.07746
6498,292.74236,0.03359,Ada ile odada gezin,True,True,-0.68823,3.91701,-26.27784,3.00945,0.20442,1.78438
6499,292.77567,0.03330,Ada ile odada gezin,True,True,-0.83851,3.95717,-26.34765,3.04405,0.17051,1.48882
6500,292.81059,0.03492,Ada ile odada gezin,True,True,-0.95778,3.98903,-26.40305,3.07150,0.13531,1.18100
6501,292.84241,0.03182,Ada ile odada gezin,True,True,-1.03537,4.00976,-26.43909,3.08936,0.08804,0.76719
6502,292.87534,0.03293,Ada ile odada gezin,True,True,-1.07599,4.02062,-26.45796,3.09871,0.04609,0.39958
6503,292.90845,0.03311,Ada ile odada gezin,False,True,-1.08161,4.02212,-26.46058,3.10000,0.00638,0.00000
6504,292.94214,0.03368,Ada ile odada gezin,False,True,-1.08161,4.02212,-26.46058,3.10000,0.00000,0.00000
6505,292.99274,0.05060,Yakından incele · reunionRoute2,True,True,-1.07462,4.04020,-26.40072,3.12133,0.06292,0.94625
6506,293.01108,0.01834,Yakından incele · reunionRoute2,True,True,-1.06876,4.05537,-26.35052,3.13922,0.05277,0.79327
6507,293.04369,0.03260,Yakından incele · reunionRoute2,True,True,-1.05338,4.09515,-26.21886,3.18613,0.13839,2.08160
6508,293.07507,0.03138,Yakından incele · reunionRoute2,True,True,-1.03356,4.14643,-26.04913,3.24662,0.17842,2.68376
6509,293.10871,0.03364,Yakından incele · reunionRoute2,True,True,-1.00895,4.21009,-25.83842,3.32170,0.22149,3.33178
6510,293.14310,0.03440,Yakından incele · reunionRoute2,True,True,-0.97855,4.28872,-25.57817,3.41445,0.27357,4.11533
6511,293.17537,0.03227,Yakından incele · reunionRoute2,True,True,-0.94457,4.37661,-25.28726,3.51811,0.30579,4.60020
6512,293.20722,0.03184,Yakından incele · reunionRoute2,True,True,-0.90860,4.46968,-24.97923,3.62788,0.32379,4.87084
6513,293.24086,0.03364,Yakından incele · reunionRoute2,True,True,-0.86826,4.57402,-24.63385,3.75095,0.36304,5.46145
6514,293.27492,0.03406,Yakından incele · reunionRoute2,True,True,-0.82425,4.68786,-24.25708,3.88521,0.39604,5.95775
6515,293.30787,0.03295,Yakından incele · reunionRoute2,True,True,-0.77857,4.80603,-23.86596,4.02459,0.41113,6.18488
6516,293.34277,0.03490,Yakından incele · reunionRoute2,True,True,-0.72952,4.93290,-23.44602,4.17424,0.44142,6.64049
6517,293.37539,0.03262,Yakından incele · reunionRoute2,True,True,-0.68088,5.05872,-23.02958,4.32263,0.43774,6.58495
6518,293.40810,0.03271,Yakından incele · reunionRoute2,True,True,-0.63099,5.18779,-22.60238,4.47486,0.44905,6.75508
6519,293.44064,0.03254,Yakından incele · reunionRoute2,True,True,-0.58030,5.31890,-22.16841,4.62951,0.45617,6.86239
6520,293.47423,0.03359,Yakından incele · reunionRoute2,True,True,-0.52900,5.45160,-21.72919,4.78603,0.46169,6.94543
6521,293.50855,0.03432,Yakından incele · reunionRoute2,True,True,-0.47723,5.58551,-21.28599,4.94396,0.46587,7.00840
6522,293.54177,0.03323,Yakından incele · reunionRoute2,True,True,-0.42572,5.71877,-20.84492,5.10113,0.46363,6.97468
6523,293.57527,0.03349,Yakından incele · reunionRoute2,True,True,-0.37652,5.84603,-20.42371,5.25123,0.44276,6.66063
6524,293.60902,0.03376,Yakından incele · reunionRoute2,True,True,-0.32707,5.97396,-20.00028,5.40212,0.44510,6.69581
6525,293.64178,0.03275,Yakından incele · reunionRoute2,True,True,-0.28044,6.09457,-19.60108,5.54438,0.41961,6.31245
6526,293.67504,0.03326,Yakından incele · reunionRoute2,True,True,-0.23635,6.20862,-19.22359,5.67889,0.39680,5.96918
6527,293.70773,0.03269,Yakından incele · reunionRoute2,True,True,-0.19388,6.31848,-18.85996,5.80848,0.38224,5.75016
6528,293.74059,0.03286,Yakından incele · reunionRoute2,True,True,-0.15603,6.41639,-18.53589,5.92396,0.34065,5.12447
6529,293.77418,0.03358,Yakından incele · reunionRoute2,True,True,-0.11968,6.51042,-18.22466,6.03486,0.32715,4.92137
6530,293.80786,0.03368,Yakından incele · reunionRoute2,True,True,-0.08789,6.59265,-17.95250,6.13185,0.28609,4.30372
6531,293.85420,0.04635,Yakından incele · reunionRoute2,True,True,-0.05943,6.66628,-17.70880,6.21869,0.25616,3.85363
6532,293.88712,0.03291,Yakından incele · reunionRoute2,True,True,-0.03042,6.74132,-17.46042,6.30720,0.26109,3.92747
6533,293.90889,0.02177,Yakından incele · reunionRoute2,True,True,-0.01934,6.76996,-17.36562,6.34098,0.09965,1.49825
6534,293.94217,0.03328,Yakından incele · reunionRoute2,True,True,-0.00716,6.80147,-17.26133,6.37815,0.10962,1.64897
6535,293.97601,0.03385,Yakından incele · reunionRoute2,True,True,-0.00080,6.81794,-17.20683,6.39757,0.05728,0.86139
6536,294.00897,0.03296,Yakından incele · reunionRoute2,False,True,0.00000,6.82000,-17.20000,6.40000,0.00718,0.00000
6537,294.05337,0.04440,Yakından incele · reunionRoute2,False,True,0.00000,6.82000,-17.20000,6.40000,0.00000,0.00000
6538,294.08981,0.03644,Yakından incele · reunionRoute2,False,True,0.00000,6.82000,-17.20000,6.40000,0.00000,0.00000
6539,294.10742,0.01761,Yakından incele · reunionRoute2,False,True,0.00000,6.82000,-17.20000,6.40000,0.00000,0.00000
6540,294.14130,0.03388,Yakından incele · reunionRoute2,False,True,0.00000,6.82000,-17.20000,6.40000,0.00000,0.00000
6541,294.17529,0.03399,Yakından incele · reunionRoute2,False,True,0.00000,6.82000,-17.20000,6.40000,0.00000,0.00000
6542,294.20925,0.03397,Yakından incele · reunionRoute2,False,True,0.00000,6.82000,-17.20000,6.40000,0.00000,0.00000
6543,294.24153,0.03228,Yakından incele · reunionRoute2,False,True,0.00000,6.82000,-17.20000,6.40000,0.00000,0.00000
6544,294.27510,0.03357,Yakından incele · reunionRoute2,False,True,0.00000,6.82000,-17.20000,6.40000,0.00000,0.00000
6545,294.30849,0.03339,Yakından incele · reunionRoute2,False,True,0.00000,6.82000,-17.20000,6.40000,0.00000,0.00000
6546,294.34289,0.03440,Yakından incele · reunionRoute2,False,True,0.00000,6.82000,-17.20000,6.40000,0.00000,0.00000
6547,294.37485,0.03196,Yakından incele · reunionRoute2,False,True,0.00000,6.82000,-17.20000,6.40000,0.00000,0.00000
6548,294.40802,0.03317,Yakından incele · reunionRoute2,False,True,0.00000,6.82000,-17.20000,6.40000,0.00000,0.00000
6549,294.44131,0.03329,Yakından incele · reunionRoute2,False,True,0.00000,6.82000,-17.20000,6.40000,0.00000,0.00000
6550,294.47400,0.03269,Yakından incele · reunionRoute2,False,True,0.00000,6.82000,-17.20000,6.40000,0.00000,0.00000
6551,294.50791,0.03391,Yakından incele · reunionRoute2,False,True,0.00000,6.82000,-17.20000,6.40000,0.00000,0.00000
6552,294.55049,0.04258,Yakından incele · reunionRoute2,False,True,0.00000,6.82000,-17.20000,6.40000,0.00000,0.00000
6553,294.58371,0.03322,Yakından incele · reunionRoute2,False,True,0.00000,6.82000,-17.20000,6.40000,0.00000,0.00000
6554,294.61678,0.03306,Yakından incele · reunionRoute2,False,True,0.00000,6.82000,-17.20000,6.40000,0.00000,0.00000
6555,294.65022,0.03345,Yakından incele · reunionRoute2,False,True,0.00000,6.82000,-17.20000,6.40000,0.00000,0.00000
6556,294.68410,0.03387,Yakından incele · reunionRoute2,False,True,0.00000,6.82000,-17.20000,6.40000,0.00000,0.00000
6557,294.71707,0.03298,Yakından incele · reunionRoute2,False,True,0.00000,6.82000,-17.20000,6.40000,0.00000,0.00000
6558,294.74978,0.03271,Yakından incele · reunionRoute2,False,True,0.00000,6.82000,-17.20000,6.40000,0.00000,0.00000
6559,294.78351,0.03373,Yakından incele · reunionRoute2,False,True,0.00000,6.82000,-17.20000,6.40000,0.00000,0.00000
6560,294.81725,0.03373,Yakından incele · reunionRoute2,False,True,0.00000,6.82000,-17.20000,6.40000,0.00000,0.00000
6561,294.85176,0.03452,Yakından incele · reunionRoute2,False,True,0.00000,6.82000,-17.20000,6.40000,0.00000,0.00000
6562,294.88400,0.03224,Yakından incele · reunionRoute2,False,True,0.00000,6.82000,-17.20000,6.40000,0.00000,0.00000
6563,294.91780,0.03380,Yakından incele · reunionRoute2,False,True,0.00000,6.82000,-17.20000,6.40000,0.00000,0.00000
6564,294.95122,0.03342,Yakından incele · reunionRoute2,False,True,0.00000,6.82000,-17.20000,6.40000,0.00000,0.00000
6565,294.98421,0.03298,Yakından incele · reunionRoute2,False,True,0.00000,6.82000,-17.20000,6.40000,0.00000,0.00000
6566,295.01642,0.03221,Yakından incele · reunionRoute2,False,True,0.00000,6.82000,-17.20000,6.40000,0.00000,0.00000
6567,295.04974,0.03333,Yakından incele · reunionRoute2,False,True,0.00000,6.82000,-17.20000,6.40000,0.00000,0.00000
6568,295.08349,0.03375,Yakından incele · reunionRoute2,False,True,0.00000,6.82000,-17.20000,6.40000,0.00000,0.00000
6569,295.11760,0.03411,Yakından incele · reunionRoute2,False,True,0.00000,6.82000,-17.20000,6.40000,0.00000,0.00000
6570,295.15622,0.03861,Yakından incele · reunionRoute2,False,True,0.00000,6.82000,-17.20000,6.40000,0.00000,0.00000
6571,295.18771,0.03150,Yakından incele · reunionRoute2,False,True,0.00000,6.82000,-17.20000,6.40000,0.00000,0.00000
6572,295.21691,0.02920,Yakından incele · reunionRoute2,False,True,0.00000,6.82000,-17.20000,6.40000,0.00000,0.00000
6573,295.25051,0.03360,Yakından incele · reunionRoute2,False,True,0.00000,6.82000,-17.20000,6.40000,0.00000,0.00000
6574,295.28500,0.03449,Yakından incele · reunionRoute2,False,True,0.00000,6.82000,-17.20000,6.40000,0.00000,0.00000
6575,295.31895,0.03395,Yakından incele · reunionRoute2,False,True,0.00000,6.82000,-17.20000,6.40000,0.00000,0.00000
6576,295.35210,0.03315,Yakından incele · reunionRoute2,False,True,0.00000,6.82000,-17.20000,6.40000,0.00000,0.00000
6577,295.39111,0.03901,Yakından incele · reunionRoute2,False,True,0.00000,6.82000,-17.20000,6.40000,0.00000,0.00000
6578,295.42405,0.03294,Yakından incele · reunionRoute2,False,True,0.00000,6.82000,-17.20000,6.40000,0.00000,0.00000
6579,295.45423,0.03018,Yakından incele · reunionRoute2,False,True,0.00000,6.82000,-17.20000,6.40000,0.00000,0.00000
6580,295.48744,0.03320,Yakından incele · reunionRoute2,False,True,0.00000,6.82000,-17.20000,6.40000,0.00000,0.00000
6581,295.51988,0.03244,Yakından incele · reunionRoute2,False,True,0.00000,6.82000,-17.20000,6.40000,0.00000,0.00000
6582,295.55286,0.03298,Yakından incele · reunionRoute2,False,True,0.00000,6.82000,-17.20000,6.40000,0.00000,0.00000
6583,295.58544,0.03259,Yakından incele · reunionRoute2,False,True,0.00000,6.82000,-17.20000,6.40000,0.00000,0.00000
6584,295.61734,0.03189,Yakından incele · reunionRoute2,False,True,0.00000,6.82000,-17.20000,6.40000,0.00000,0.00000
6585,295.65086,0.03353,Yakından incele · reunionRoute2,False,True,0.00000,6.82000,-17.20000,6.40000,0.00000,0.00000
6586,295.68353,0.03266,Yakından incele · reunionRoute2,False,True,0.00000,6.82000,-17.20000,6.40000,0.00000,0.00000
6587,295.71709,0.03357,Yakından incele · reunionRoute2,False,True,0.00000,6.82000,-17.20000,6.40000,0.00000,0.00000
6588,295.75081,0.03371,Yakından incele · reunionRoute2,False,True,0.00000,6.82000,-17.20000,6.40000,0.00000,0.00000
6589,295.78374,0.03294,Yakından incele · reunionRoute2,False,True,0.00000,6.82000,-17.20000,6.40000,0.00000,0.00000
6590,295.81630,0.03256,Yakından incele · reunionRoute2,False,True,0.00000,6.82000,-17.20000,6.40000,0.00000,0.00000
6591,295.85007,0.03378,Yakından incele · reunionRoute2,False,True,0.00000,6.82000,-17.20000,6.40000,0.00000,0.00000
6592,295.88441,0.03433,Yakından incele · reunionRoute2,False,True,0.00000,6.82000,-17.20000,6.40000,0.00000,0.00000
6593,295.91911,0.03470,Yakından incele · reunionRoute2,False,True,0.00000,6.82000,-17.20000,6.40000,0.00000,0.00000
6594,295.95100,0.03189,Yakından incele · reunionRoute2,False,True,0.00000,6.82000,-17.20000,6.40000,0.00000,0.00000
6595,295.98379,0.03279,Yakından incele · reunionRoute2,False,True,0.00000,6.82000,-17.20000,6.40000,0.00000,0.00000
6596,296.01610,0.03231,Yakından incele · reunionRoute2,False,True,0.00000,6.82000,-17.20000,6.40000,0.00000,0.00000
6597,296.04999,0.03389,Yakından incele · reunionRoute2,False,True,0.00000,6.82000,-17.20000,6.40000,0.00000,0.00000
6598,296.08386,0.03388,Yakından incele · reunionRoute2,False,True,0.00000,6.82000,-17.20000,6.40000,0.00000,0.00000
6599,296.11705,0.03319,Yakından incele · reunionRoute2,False,True,0.00000,6.82000,-17.20000,6.40000,0.00000,0.00000
6600,296.15102,0.03397,Yakından incele · reunionRoute2,False,True,0.00000,6.82000,-17.20000,6.40000,0.00000,0.00000
6601,296.18389,0.03287,Yakından incele · reunionRoute2,False,True,0.00000,6.82000,-17.20000,6.40000,0.00000,0.00000
6602,296.21703,0.03314,Yakından incele · reunionRoute2,False,True,0.00000,6.82000,-17.20000,6.40000,0.00000,0.00000
6603,296.25372,0.03669,Yakından incele · reunionRoute2,False,True,0.00000,6.82000,-17.20000,6.40000,0.00000,0.00000
6604,296.28708,0.03336,Yakından incele · reunionRoute2,False,True,0.00000,6.82000,-17.20000,6.40000,0.00000,0.00000
6605,296.31735,0.03027,Yakından incele · reunionRoute2,False,True,0.00000,6.82000,-17.20000,6.40000,0.00000,0.00000
6606,296.35101,0.03366,Yakından incele · reunionRoute2,False,True,0.00000,6.82000,-17.20000,6.40000,0.00000,0.00000
6607,296.38497,0.03396,Yakından incele · reunionRoute2,False,True,0.00000,6.82000,-17.20000,6.40000,0.00000,0.00000
6608,296.41820,0.03324,Yakından incele · reunionRoute2,False,True,0.00000,6.82000,-17.20000,6.40000,0.00000,0.00000
6609,296.45370,0.03549,Yakından incele · reunionRoute2,False,True,0.00000,6.82000,-17.20000,6.40000,0.00000,0.00000
6610,296.48467,0.03097,Yakından incele · reunionRoute2,False,True,0.00000,6.82000,-17.20000,6.40000,0.00000,0.00000
6611,296.51852,0.03385,Yakından incele · reunionRoute2,False,True,0.00000,6.82000,-17.20000,6.40000,0.00000,0.00000
6612,296.55082,0.03230,Yakından incele · reunionRoute2,False,True,0.00000,6.82000,-17.20000,6.40000,0.00000,0.00000
6613,296.58488,0.03406,Yakından incele · reunionRoute2,False,True,0.00000,6.82000,-17.20000,6.40000,0.00000,0.00000
6614,296.61863,0.03375,Yakından incele · reunionRoute2,False,True,0.00000,6.82000,-17.20000,6.40000,0.00000,0.00000
6615,296.65084,0.03221,Yakından incele · reunionRoute2,False,True,0.00000,6.82000,-17.20000,6.40000,0.00000,0.00000
6616,296.68423,0.03338,Yakından incele · reunionRoute2,False,True,0.00000,6.82000,-17.20000,6.40000,0.00000,0.00000
6617,296.71738,0.03315,Yakından incele · reunionRoute2,False,True,0.00000,6.82000,-17.20000,6.40000,0.00000,0.00000
6618,296.75053,0.03315,Yakından incele · reunionRoute2,False,True,0.00000,6.82000,-17.20000,6.40000,0.00000,0.00000
6619,296.78317,0.03264,Yakından incele · reunionRoute2,False,True,0.00000,6.82000,-17.20000,6.40000,0.00000,0.00000
6620,296.81690,0.03374,Yakından incele · reunionRoute2,False,True,0.00000,6.82000,-17.20000,6.40000,0.00000,0.00000
6621,296.85025,0.03335,Yakından incele · reunionRoute2,False,True,0.00000,6.82000,-17.20000,6.40000,0.00000,0.00000
6622,296.88357,0.03331,Yakından incele · reunionRoute2,False,True,0.00000,6.82000,-17.20000,6.40000,0.00000,0.00000
6623,296.91699,0.03342,Yakından incele · reunionRoute2,False,True,0.00000,6.82000,-17.20000,6.40000,0.00000,0.00000
6624,296.95047,0.03348,Yakından incele · reunionRoute2,False,True,0.00000,6.82000,-17.20000,6.40000,0.00000,0.00000
6625,296.98510,0.03463,Yakından incele · reunionRoute2,False,True,0.00000,6.82000,-17.20000,6.40000,0.00000,0.00000
6626,297.01686,0.03176,Yakından incele · reunionRoute2,False,True,0.00000,6.82000,-17.20000,6.40000,0.00000,0.00000
6627,297.05115,0.03429,Yakından incele · reunionRoute2,False,True,0.00000,6.82000,-17.20000,6.40000,0.00000,0.00000
6628,297.08485,0.03370,Yakından incele · reunionRoute2,False,True,0.00000,6.82000,-17.20000,6.40000,0.00000,0.00000
6629,297.11794,0.03310,Yakından incele · reunionRoute2,False,True,0.00000,6.82000,-17.20000,6.40000,0.00000,0.00000
6630,297.15009,0.03215,Yakından incele · reunionRoute2,False,True,0.00000,6.82000,-17.20000,6.40000,0.00000,0.00000
6631,297.18386,0.03377,Yakından incele · reunionRoute2,False,True,0.00000,6.82000,-17.20000,6.40000,0.00000,0.00000
6632,297.21737,0.03351,Yakından incele · reunionRoute2,False,True,0.00000,6.82000,-17.20000,6.40000,0.00000,0.00000
6633,297.25027,0.03290,Yakından incele · reunionRoute2,False,True,0.00000,6.82000,-17.20000,6.40000,0.00000,0.00000
6634,297.28394,0.03367,Yakından incele · reunionRoute2,False,True,0.00000,6.82000,-17.20000,6.40000,0.00000,0.00000
6635,297.31690,0.03295,Yakından incele · reunionRoute2,False,True,0.00000,6.82000,-17.20000,6.40000,0.00000,0.00000
6636,297.34968,0.03278,Yakından incele · reunionRoute2,False,True,0.00000,6.82000,-17.20000,6.40000,0.00000,0.00000
6637,297.38311,0.03344,Yakından incele · reunionRoute2,False,True,0.00000,6.82000,-17.20000,6.40000,0.00000,0.00000
6638,297.41650,0.03338,Yakından incele · reunionRoute2,False,True,0.00000,6.82000,-17.20000,6.40000,0.00000,0.00000
6639,297.45054,0.03404,Yakından incele · reunionRoute2,False,True,0.00000,6.82000,-17.20000,6.40000,0.00000,0.00000
6640,297.48353,0.03299,Yakından incele · reunionRoute2,False,True,0.00000,6.82000,-17.20000,6.40000,0.00000,0.00000
6641,297.51734,0.03381,Yakından incele · reunionRoute2,False,True,0.00000,6.82000,-17.20000,6.40000,0.00000,0.00000
6642,297.54907,0.03173,Yakından incele · reunionRoute2,False,True,0.00000,6.82000,-17.20000,6.40000,0.00000,0.00000
6643,297.58498,0.03591,Yakından incele · reunionApproach2,True,True,0.00000,6.82073,-17.20804,6.39562,0.00807,0.00000
6644,297.62015,0.03517,Yakından incele · reunionApproach2,True,True,0.00000,6.82315,-17.23465,6.38110,0.02672,0.45284
6645,297.65162,0.03147,Yakından incele · reunionApproach2,True,True,0.00000,6.82655,-17.27209,6.36068,0.03760,0.64041
6646,297.68421,0.03259,Yakından incele · reunionApproach2,True,True,0.00000,6.83122,-17.32345,6.33266,0.05157,0.87759
6647,297.71710,0.03289,Yakından incele · reunionApproach2,True,True,0.00000,6.83701,-17.38710,6.29794,0.06392,1.08857
6648,297.75031,0.03321,Yakından incele · reunionApproach2,True,True,0.00000,6.84389,-17.46273,6.25669,0.07594,1.29360
6649,297.78358,0.03327,Yakından incele · reunionApproach2,True,True,0.00000,6.85171,-17.54877,6.20976,0.08639,1.47084
6650,297.81647,0.03289,Yakından incele · reunionApproach2,True,True,0.00000,6.86030,-17.64327,6.15822,0.09489,1.61540
6651,297.85933,0.04286,Yakından incele · reunionApproach2,True,True,0.00000,6.87232,-17.77552,6.08608,0.13280,2.26112
6652,297.89337,0.03404,Yakından incele · reunionApproach2,True,True,0.00000,6.88270,-17.88971,6.02380,0.11466,1.95237
6653,297.92637,0.03299,Yakından incele · reunionApproach2,True,True,0.00000,6.89340,-18.00735,5.95963,0.11813,2.01122
6654,297.95883,0.03246,Yakından incele · reunionApproach2,True,True,0.00000,6.90450,-18.12944,5.89303,0.12259,2.08723
6655,297.99239,0.03357,Yakından incele · reunionApproach2,True,True,0.00000,6.91570,-18.25271,5.82580,0.12378,2.10701
6656,298.02744,0.03505,Yakından incele · reunionApproach2,True,True,0.00000,6.92819,-18.39012,5.75085,0.13797,2.34906
6657,298.05903,0.03159,Yakından incele · reunionApproach2,True,True,0.00000,6.93945,-18.51398,5.68328,0.12438,2.11776
6658,298.09202,0.03299,Yakından incele · reunionApproach2,True,True,0.00000,6.95133,-18.64466,5.61201,0.13121,2.23465
6659,298.12556,0.03354,Yakından incele · reunionApproach2,True,True,0.00000,6.96316,-18.77471,5.54107,0.13059,2.22342
6660,298.15945,0.03389,Yakından incele · reunionApproach2,True,True,0.00000,6.97495,-18.90439,5.47033,0.13021,2.21707
6661,298.19262,0.03317,Yakından incele · reunionApproach2,True,True,0.00000,6.98649,-19.03135,5.40108,0.12748,2.17105
6662,298.22521,0.03259,Yakından incele · reunionApproach2,True,True,0.00000,6.99741,-19.15147,5.33556,0.12062,2.05396
6663,298.25905,0.03384,Yakından incele · reunionApproach2,True,True,0.00000,7.00809,-19.26904,5.27144,0.11805,2.01005
6664,298.29285,0.03380,Yakından incele · reunionApproach2,True,True,0.00000,7.01842,-19.38259,5.20950,0.11403,1.94152
6665,298.32604,0.03319,Yakından incele · reunionApproach2,True,True,0.00000,7.02790,-19.48687,5.15262,0.10470,1.78263
6666,298.35887,0.03282,Yakından incele · reunionApproach2,True,True,0.00000,7.03668,-19.58352,5.09990,0.09705,1.65181
6667,298.39218,0.03331,Yakından incele · reunionApproach2,True,True,0.00000,7.04456,-19.67014,5.05265,0.08698,1.48039
6668,298.43715,0.04497,Yakından incele · reunionApproach2,True,True,0.00000,7.05173,-19.74907,5.00960,0.07925,1.34869
6669,298.47008,0.03293,Yakından incele · reunionApproach2,True,True,0.00000,7.05957,-19.83528,4.96258,0.08657,1.47350
6670,298.49248,0.02240,Yakından incele · reunionApproach2,True,True,0.00000,7.06267,-19.86938,4.94398,0.03425,0.58148
6671,298.52605,0.03357,Yakından incele · reunionApproach2,True,True,0.00000,7.06650,-19.91152,4.92099,0.04231,0.71982
6672,298.56040,0.03435,Yakından incele · reunionApproach2,True,True,0.00000,7.06897,-19.93869,4.90617,0.02729,0.46309
6673,298.59283,0.03243,Yakından incele · reunionApproach2,True,True,0.00000,7.06997,-19.94962,4.90021,0.01097,0.18131
6674,298.62595,0.03312,Yakından incele · reunionApproach2,False,True,0.00000,7.07000,-19.95000,4.90000,0.00038,0.00000
6675,298.66555,0.03960,Yakından incele · reunionApproach2,False,True,0.00000,7.07000,-19.95000,4.90000,0.00000,0.00000
6676,298.70853,0.04297,Yakından incele · reunionApproach2,False,True,0.00000,7.07000,-19.95000,4.90000,0.00000,0.00000
6677,298.72535,0.01682,Yakından incele · reunionApproach2,False,True,0.00000,7.07000,-19.95000,4.90000,0.00000,0.00000
6678,298.75935,0.03399,Yakından incele · reunionApproach2,False,True,0.00000,7.07000,-19.95000,4.90000,0.00000,0.00000
6679,298.79302,0.03367,Yakından incele · reunionApproach2,False,True,0.00000,7.07000,-19.95000,4.90000,0.00000,0.00000
6680,298.83122,0.03820,Yakından incele · reunionApproach2,False,True,0.00000,7.07000,-19.95000,4.90000,0.00000,0.00000
6681,298.86524,0.03402,Yakından incele · reunionApproach2,False,True,0.00000,7.07000,-19.95000,4.90000,0.00000,0.00000
6682,298.89386,0.02862,Yakından incele · reunionApproach2,False,True,0.00000,7.07000,-19.95000,4.90000,0.00000,0.00000
6683,298.92594,0.03208,Yakından incele · reunionApproach2,False,True,0.00000,7.07000,-19.95000,4.90000,0.00000,0.00000
6684,298.95827,0.03233,Yakından incele · reunionApproach2,False,True,0.00000,7.07000,-19.95000,4.90000,0.00000,0.00000
6685,298.99218,0.03391,Yakından incele · reunionApproach2,False,True,0.00000,7.07000,-19.95000,4.90000,0.00000,0.00000
6686,299.02663,0.03445,Yakından incele · reunionApproach2,False,True,0.00000,7.07000,-19.95000,4.90000,0.00000,0.00000
6687,299.06146,0.03483,Yakından incele · reunionApproach2,False,True,0.00000,7.07000,-19.95000,4.90000,0.00000,0.00000
6688,299.09419,0.03273,Yakından incele · reunionApproach2,False,True,0.00000,7.07000,-19.95000,4.90000,0.00000,0.00000
6689,299.12760,0.03341,Yakından incele · reunionApproach2,False,True,0.00000,7.07000,-19.95000,4.90000,0.00000,0.00000
6690,299.16014,0.03254,Yakından incele · reunionApproach2,False,True,0.00000,7.07000,-19.95000,4.90000,0.00000,0.00000
6691,299.19225,0.03211,Yakından incele · reunionApproach2,False,True,0.00000,7.07000,-19.95000,4.90000,0.00000,0.00000
6692,299.22538,0.03313,Yakından incele · reunionApproach2,False,True,0.00000,7.07000,-19.95000,4.90000,0.00000,0.00000
6693,299.25873,0.03335,Yakından incele · reunionApproach2,False,True,0.00000,7.07000,-19.95000,4.90000,0.00000,0.00000
6694,299.29255,0.03382,Yakından incele · reunionApproach2,False,True,0.00000,7.07000,-19.95000,4.90000,0.00000,0.00000
6695,299.32563,0.03307,Yakından incele · reunionApproach2,False,True,0.00000,7.07000,-19.95000,4.90000,0.00000,0.00000
6696,299.35900,0.03337,Yakından incele · reunionApproach2,False,True,0.00000,7.07000,-19.95000,4.90000,0.00000,0.00000
6697,299.39235,0.03335,Yakından incele · reunionApproach2,False,True,0.00000,7.07000,-19.95000,4.90000,0.00000,0.00000
6698,299.42582,0.03347,Yakından incele · reunionApproach2,False,True,0.00000,7.07000,-19.95000,4.90000,0.00000,0.00000
6699,299.45932,0.03351,Yakından incele · reunionApproach2,False,True,0.00000,7.07000,-19.95000,4.90000,0.00000,0.00000
6700,299.49267,0.03334,Yakından incele · reunionApproach2,False,True,0.00000,7.07000,-19.95000,4.90000,0.00000,0.00000
6701,299.52631,0.03364,Yakından incele · reunionApproach2,False,True,0.00000,7.07000,-19.95000,4.90000,0.00000,0.00000
6702,299.55952,0.03322,Yakından incele · reunionApproach2,False,True,0.00000,7.07000,-19.95000,4.90000,0.00000,0.00000
6703,299.59490,0.03538,Yakından incele · reunionApproach2,False,True,0.00000,7.07000,-19.95000,4.90000,0.00000,0.00000
6704,299.62776,0.03286,Yakından incele · reunionApproach2,False,True,0.00000,7.07000,-19.95000,4.90000,0.00000,0.00000
6705,299.65999,0.03223,Yakından incele · reunionApproach2,False,True,0.00000,7.07000,-19.95000,4.90000,0.00000,0.00000
6706,299.69274,0.03275,Yakından incele · reunionApproach2,False,True,0.00000,7.07000,-19.95000,4.90000,0.00000,0.00000
6707,299.72548,0.03274,Yakından incele · reunionApproach2,False,True,0.00000,7.07000,-19.95000,4.90000,0.00000,0.00000
6708,299.75955,0.03407,Yakından incele · reunionApproach2,False,True,0.00000,7.07000,-19.95000,4.90000,0.00000,0.00000
6709,299.79298,0.03344,Yakından incele · reunionApproach2,False,True,0.00000,7.07000,-19.95000,4.90000,0.00000,0.00000
6710,299.82629,0.03331,Yakından incele · reunionApproach2,False,True,0.00000,7.07000,-19.95000,4.90000,0.00000,0.00000
6711,299.85955,0.03325,Yakından incele · reunionApproach2,False,True,0.00000,7.07000,-19.95000,4.90000,0.00000,0.00000
6712,299.89404,0.03450,Yakından incele · reunionApproach2,False,True,0.00000,7.07000,-19.95000,4.90000,0.00000,0.00000
6713,299.92781,0.03377,Yakından incele · reunionApproach2,False,True,0.00000,7.07000,-19.95000,4.90000,0.00000,0.00000
6714,299.96021,0.03240,Yakından incele · reunionApproach2,False,True,0.00000,7.07000,-19.95000,4.90000,0.00000,0.00000
6715,299.99262,0.03240,Yakından incele · reunionApproach2,False,True,0.00000,7.07000,-19.95000,4.90000,0.00000,0.00000
6716,300.02593,0.03332,Yakından incele · reunionApproach2,False,True,0.00000,7.07000,-19.95000,4.90000,0.00000,0.00000
6717,300.05996,0.03402,Yakından incele · reunionApproach2,False,True,0.00000,7.07000,-19.95000,4.90000,0.00000,0.00000
6718,300.09743,0.03747,Yakından incele · reunionApproach2,False,True,0.00000,7.07000,-19.95000,4.90000,0.00000,0.00000
6719,300.13364,0.03621,Yakından incele · reunionApproach2,False,True,0.00000,7.07000,-19.95000,4.90000,0.00000,0.00000
6720,300.16594,0.03230,Yakından incele · reunionApproach2,False,True,0.00000,7.07000,-19.95000,4.90000,0.00000,0.00000
6721,300.19893,0.03299,Yakından incele · reunionApproach2,False,True,0.00000,7.07000,-19.95000,4.90000,0.00000,0.00000
6722,300.23055,0.03161,Yakından incele · reunionApproach2,False,True,0.00000,7.07000,-19.95000,4.90000,0.00000,0.00000
6723,300.26090,0.03035,Yakından incele · reunionApproach2,False,True,0.00000,7.07000,-19.95000,4.90000,0.00000,0.00000
6724,300.29486,0.03396,Yakından incele · reunionApproach2,False,True,0.00000,7.07000,-19.95000,4.90000,0.00000,0.00000
6725,300.32751,0.03265,Yakından incele · reunionApproach2,False,True,0.00000,7.07000,-19.95000,4.90000,0.00000,0.00000
6726,300.36059,0.03308,Yakından incele · reunionApproach2,False,True,0.00000,7.07000,-19.95000,4.90000,0.00000,0.00000
6727,300.39392,0.03333,Yakından incele · reunionApproach2,False,True,0.00000,7.07000,-19.95000,4.90000,0.00000,0.00000
6728,300.42700,0.03309,Yakından incele · reunionApproach2,False,True,0.00000,7.07000,-19.95000,4.90000,0.00000,0.00000
6729,300.45901,0.03201,Yakından incele · reunionApproach2,False,True,0.00000,7.07000,-19.95000,4.90000,0.00000,0.00000
6730,300.49206,0.03305,Yakından incele · reunionApproach2,False,True,0.00000,7.07000,-19.95000,4.90000,0.00000,0.00000
6731,300.52564,0.03358,Yakından incele · reunionApproach2,False,True,0.00000,7.07000,-19.95000,4.90000,0.00000,0.00000
6732,300.55909,0.03345,Yakından incele · reunionApproach2,False,True,0.00000,7.07000,-19.95000,4.90000,0.00000,0.00000
6733,300.59253,0.03344,Yakından incele · reunionApproach2,False,True,0.00000,7.07000,-19.95000,4.90000,0.00000,0.00000
6734,300.62759,0.03505,Yakından incele · reunionApproach2,False,True,0.00000,7.07000,-19.95000,4.90000,0.00000,0.00000
6735,300.66112,0.03354,Yakından incele · reunionApproach2,False,True,0.00000,7.07000,-19.95000,4.90000,0.00000,0.00000
6736,300.69367,0.03254,Yakından incele · reunionApproach2,False,True,0.00000,7.07000,-19.95000,4.90000,0.00000,0.00000
6737,300.72601,0.03234,Yakından incele · reunionApproach2,False,True,0.00000,7.07000,-19.95000,4.90000,0.00000,0.00000
6738,300.75958,0.03357,Yakından incele · reunionApproach2,False,True,0.00000,7.07000,-19.95000,4.90000,0.00000,0.00000
6739,300.79255,0.03297,Yakından incele · reunionApproach2,False,True,0.00000,7.07000,-19.95000,4.90000,0.00000,0.00000
6740,300.82604,0.03350,Yakından incele · reunionApproach2,False,True,0.00000,7.07000,-19.95000,4.90000,0.00000,0.00000
6741,300.85932,0.03328,Yakından incele · reunionApproach2,False,True,0.00000,7.07000,-19.95000,4.90000,0.00000,0.00000
6742,300.89266,0.03334,Yakından incele · reunionApproach2,False,True,0.00000,7.07000,-19.95000,4.90000,0.00000,0.00000
6743,300.92636,0.03370,Yakından incele · reunionApproach2,False,True,0.00000,7.07000,-19.95000,4.90000,0.00000,0.00000
6744,300.95971,0.03334,Yakından incele · reunionApproach2,False,True,0.00000,7.07000,-19.95000,4.90000,0.00000,0.00000
6745,300.99229,0.03258,Yakından incele · reunionApproach2,False,True,0.00000,7.07000,-19.95000,4.90000,0.00000,0.00000
6746,301.02568,0.03339,Yakından incele · reunionApproach2,False,True,0.00000,7.07000,-19.95000,4.90000,0.00000,0.00000
6747,301.05888,0.03320,Yakından incele · reunionApproach2,False,True,0.00000,7.07000,-19.95000,4.90000,0.00000,0.00000
6748,301.09233,0.03345,Yakından incele · reunionApproach2,False,True,0.00000,7.07000,-19.95000,4.90000,0.00000,0.00000
6749,301.12567,0.03334,Yakından incele · reunionApproach2,False,True,0.00000,7.07000,-19.95000,4.90000,0.00000,0.00000
6750,301.16830,0.04263,Yakından incele · reunionApproach2,False,True,0.00000,7.07000,-19.95000,4.90000,0.00000,0.00000
6751,301.20119,0.03289,Yakından incele · reunionApproach2,False,True,0.00000,7.07000,-19.95000,4.90000,0.00000,0.00000
6752,301.23427,0.03308,Yakından incele · reunionApproach2,False,True,0.00000,7.07000,-19.95000,4.90000,0.00000,0.00000
6753,301.26709,0.03282,Yakından incele · reunionApproach2,False,True,0.00000,7.07000,-19.95000,4.90000,0.00000,0.00000
6754,301.30059,0.03350,Yakından incele · reunionApproach2,False,True,0.00000,7.07000,-19.95000,4.90000,0.00000,0.00000
6755,301.33453,0.03394,Yakından incele · reunionApproach2,False,True,0.00000,7.07000,-19.95000,4.90000,0.00000,0.00000
6756,301.36813,0.03361,Yakından incele · reunionApproach2,False,True,0.00000,7.07000,-19.95000,4.90000,0.00000,0.00000
6757,301.40116,0.03303,Yakından incele · reunionApproach2,False,True,0.00000,7.07000,-19.95000,4.90000,0.00000,0.00000
6758,301.43462,0.03346,Yakından incele · reunionApproach2,False,True,0.00000,7.07000,-19.95000,4.90000,0.00000,0.00000
6759,301.46781,0.03320,Yakından incele · reunionApproach2,False,True,0.00000,7.07000,-19.95000,4.90000,0.00000,0.00000
6760,301.50106,0.03324,Yakından incele · reunionApproach2,False,True,0.00000,7.07000,-19.95000,4.90000,0.00000,0.00000
6761,301.53423,0.03317,Yakından incele · reunionApproach2,False,True,0.00000,7.07000,-19.95000,4.90000,0.00000,0.00000
6762,301.56748,0.03325,Yakından incele · reunionApproach2,False,True,0.00000,7.07000,-19.95000,4.90000,0.00000,0.00000
6763,301.60096,0.03348,Yakından incele · reunionApproach2,False,True,0.00000,7.07000,-19.95000,4.90000,0.00000,0.00000
6764,301.63436,0.03340,Yakından incele · reunionApproach2,False,True,0.00000,7.07000,-19.95000,4.90000,0.00000,0.00000
6765,301.66933,0.03497,Yakından incele · reunionApproach2,False,True,0.00000,7.07000,-19.95000,4.90000,0.00000,0.00000
6766,301.70656,0.03724,Yakından incele · reunionApproach2,False,True,0.00000,7.07000,-19.95000,4.90000,0.00000,0.00000
6767,301.74425,0.03769,Yakından incele · reunionApproach2,False,True,0.00000,7.07000,-19.95000,4.90000,0.00000,0.00000
6768,301.77829,0.03403,Yakından incele · reunionApproach2,False,True,0.00000,7.07000,-19.95000,4.90000,0.00000,0.00000
6769,301.80604,0.02775,Yakından incele · reunionApproach2,False,True,0.00000,7.07000,-19.95000,4.90000,0.00000,0.00000
6770,301.83588,0.02984,Yakından incele · reunionApproach2,False,True,0.00000,7.07000,-19.95000,4.90000,0.00000,0.00000
6771,301.86847,0.03258,Yakından incele · reunionApproach2,False,True,0.00000,7.07000,-19.95000,4.90000,0.00000,0.00000
6772,301.90098,0.03252,Yakından incele · reunionApproach2,False,True,0.00000,7.07000,-19.95000,4.90000,0.00000,0.00000
6773,301.93420,0.03322,Yakından incele · reunionApproach2,False,True,0.00000,7.07000,-19.95000,4.90000,0.00000,0.00000
6774,301.96763,0.03343,Yakından incele · reunionApproach2,False,True,0.00000,7.07000,-19.95000,4.90000,0.00000,0.00000
6775,302.00125,0.03362,Yakından incele · reunionApproach2,False,True,0.00000,7.07000,-19.95000,4.90000,0.00000,0.00000
6776,302.03405,0.03280,Yakından incele · reunionApproach2,False,True,0.00000,7.07000,-19.95000,4.90000,0.00000,0.00000
6777,302.06755,0.03350,Yakından incele · reunionApproach2,False,True,0.00000,7.07000,-19.95000,4.90000,0.00000,0.00000
6778,302.10137,0.03382,Yakından incele · reunionApproach2,False,True,0.00000,7.07000,-19.95000,4.90000,0.00000,0.00000
6779,302.13460,0.03323,Yakından incele · reunionApproach2,False,True,0.00000,7.07000,-19.95000,4.90000,0.00000,0.00000
6780,302.16832,0.03372,Yakından incele · reunionApproach2,False,True,0.00000,7.07000,-19.95000,4.90000,0.00000,0.00000
6781,302.20252,0.03420,Yakından incele · reunionApproach2,False,True,0.00000,7.07000,-19.95000,4.90000,0.00000,0.00000
6782,302.23408,0.03156,Yakından incele · reunionApproach2,False,True,0.00000,7.07000,-19.95000,4.90000,0.00000,0.00000
6783,302.26757,0.03348,Yakından incele · reunionApproach2,False,True,0.00000,7.07000,-19.95000,4.90000,0.00000,0.00000
6784,302.30138,0.03381,Yakından incele · reunionApproach2,False,True,0.00000,7.07000,-19.95000,4.90000,0.00000,0.00000
6785,302.33494,0.03356,Yakından incele · reunionApproach2,False,True,0.00000,7.07000,-19.95000,4.90000,0.00000,0.00000
6786,302.36803,0.03309,Yakından incele · reunionApproach2,False,True,0.00000,7.07000,-19.95000,4.90000,0.00000,0.00000
6787,302.40118,0.03315,Yakından incele · reunionApproach2,False,True,0.00000,7.07000,-19.95000,4.90000,0.00000,0.00000
6788,302.43427,0.03309,Yakından incele · reunionApproach2,False,True,0.00000,7.07000,-19.95000,4.90000,0.00000,0.00000
6789,302.46766,0.03339,Yakından incele · reunionApproach2,False,True,0.00000,7.07000,-19.95000,4.90000,0.00000,0.00000
6790,302.50116,0.03350,Yakından incele · reunionApproach2,False,True,0.00000,7.07000,-19.95000,4.90000,0.00000,0.00000
6791,302.53476,0.03360,Yakından incele · reunionApproach2,False,True,0.00000,7.07000,-19.95000,4.90000,0.00000,0.00000
6792,302.56808,0.03332,Yakından incele · reunion2,True,True,-0.01894,7.05400,-19.95543,4.89369,0.02538,0.00000
6793,302.60128,0.03320,Yakından incele · reunion2,True,True,-0.07479,7.00681,-19.97145,4.87507,0.07486,0.37534
6794,302.63537,0.03409,Yakından incele · reunion2,True,True,-0.16383,6.93157,-19.99699,4.84539,0.11933,0.60003
6795,302.66993,0.03456,Yakından incele · reunion2,True,True,-0.28925,6.82560,-20.03296,4.80358,0.16809,0.84672
6796,302.70316,0.03323,Yakından incele · reunion2,True,True,-0.44548,6.69359,-20.07777,4.75151,0.20939,1.05498
6797,302.73445,0.03129,Yakından incele · reunion2,True,True,-0.61044,6.55420,-20.12509,4.69652,0.22109,1.11345
6798,302.76773,0.03328,Yakından incele · reunion2,True,True,-0.81389,6.38230,-20.18344,4.62871,0.27266,1.37342
6799,302.80116,0.03344,Yakından incele · reunion2,True,True,-1.03407,6.19625,-20.24659,4.55531,0.29509,1.48672
6800,302.83442,0.03326,Yakından incele · reunion2,True,True,-1.27849,5.98972,-20.31670,4.47384,0.32759,1.65086
6801,302.86799,0.03357,Yakından incele · reunion2,True,True,-1.53489,5.77308,-20.39024,4.38837,0.34363,1.73185
6802,302.90194,0.03395,Yakından incele · reunion2,True,True,-1.81318,5.53793,-20.47006,4.29561,0.37298,1.87966
6803,302.93494,0.03301,Yakından incele · reunion2,True,True,-2.09544,5.29943,-20.55102,4.20152,0.37829,1.90612
6804,302.96830,0.03336,Yakından incele · reunion2,True,True,-2.39142,5.04935,-20.63591,4.10286,0.39667,1.99834
6805,303.00158,0.03328,Yakından incele · reunion2,True,True,-2.68804,4.79871,-20.72099,4.00399,0.39755,2.00303
6806,303.03488,0.03330,Yakından incele · reunion2,True,True,-2.99747,4.53725,-20.80974,3.90084,0.41471,2.08948
6807,303.06754,0.03266,Yakından incele · reunion2,True,True,-3.29864,4.28278,-20.89612,3.80045,0.40364,2.03405
6808,303.10132,0.03379,Yakından incele · reunion2,True,True,-3.60597,4.02310,-20.98427,3.69801,0.41189,2.07557
6809,303.13487,0.03354,Yakından incele · reunion2,True,True,-3.91223,3.76432,-21.07211,3.59592,0.41046,2.06839
6810,303.16775,0.03288,Yakından incele · reunion2,True,True,-4.20784,3.51454,-21.15690,3.49739,0.39619,1.99638
6811,303.20080,0.03306,Yakından incele · reunion2,True,True,-4.49618,3.27090,-21.23960,3.40127,0.38645,1.94715
6812,303.23538,0.03458,Yakından incele · reunion2,True,True,-4.78388,3.02781,-21.32212,3.30538,0.38557,1.94273
6813,303.26779,0.03241,Yakından incele · reunion2,True,True,-5.04256,2.80923,-21.39631,3.21915,0.34669,1.74625
6814,303.30056,0.03277,Yakından incele · reunion2,True,True,-5.29276,2.59782,-21.46808,3.13575,0.33533,1.68929
6815,303.33392,0.03336,Yakından incele · reunion2,True,True,-5.52318,2.40313,-21.53417,3.05894,0.30881,1.55566
6816,303.36786,0.03394,Yakından incele · reunion2,True,True,-5.73814,2.22150,-21.59582,2.98729,0.28809,1.45101
6817,303.40098,0.03311,Yakından incele · reunion2,True,True,-5.92836,2.06077,-21.65038,2.92388,0.25494,1.28388
6818,303.44538,0.04440,Yakından incele · reunion2,True,True,-6.09058,1.92369,-21.69691,2.86981,0.21742,1.09574
6819,303.47856,0.03318,Yakından incele · reunion2,True,True,-6.26686,1.77475,-21.74747,2.81105,0.23625,1.19024
6820,303.50130,0.02274,Yakından incele · reunion2,True,True,-6.33302,1.71884,-21.76645,2.78899,0.08867,0.44411
6821,303.53482,0.03352,Yakından incele · reunion2,True,True,-6.40807,1.65543,-21.78797,2.76398,0.10059,0.50668
6822,303.56735,0.03254,Yakından incele · reunion2,True,True,-6.44488,1.62432,-21.79853,2.75171,0.04933,0.24708
6823,303.60117,0.03381,Yakından incele · reunion2,False,True,-6.45000,1.62000,-21.80000,2.75000,0.00686,0.00000
6824,303.64810,0.04693,Yakından incele · reunion2,False,True,-6.45000,1.62000,-21.80000,2.75000,0.00000,0.00000
6825,303.68206,0.03396,Yakından incele · reunion2,False,True,-6.45000,1.62000,-21.80000,2.75000,0.00000,0.00000
6826,303.70050,0.01844,Yakından incele · reunion2,False,True,-6.45000,1.62000,-21.80000,2.75000,0.00000,0.00000
6827,303.73608,0.03557,Yakından incele · reunion2,False,True,-6.45000,1.62000,-21.80000,2.75000,0.00000,0.00000
6828,303.76792,0.03184,Yakından incele · reunion2,False,True,-6.45000,1.62000,-21.80000,2.75000,0.00000,0.00000
6829,303.80042,0.03250,Yakından incele · reunion2,False,True,-6.45000,1.62000,-21.80000,2.75000,0.00000,0.00000
6830,303.83452,0.03410,Yakından incele · reunion2,False,True,-6.45000,1.62000,-21.80000,2.75000,0.00000,0.00000
6831,303.86822,0.03370,Yakından incele · reunion2,False,True,-6.45000,1.62000,-21.80000,2.75000,0.00000,0.00000
6832,303.90012,0.03190,Yakından incele · reunion2,False,True,-6.45000,1.62000,-21.80000,2.75000,0.00000,0.00000
6833,303.93409,0.03397,Yakından incele · reunion2,False,True,-6.45000,1.62000,-21.80000,2.75000,0.00000,0.00000
6834,303.96810,0.03401,Yakından incele · reunion2,False,True,-6.45000,1.62000,-21.80000,2.75000,0.00000,0.00000
6835,304.00121,0.03312,Yakından incele · reunion2,False,True,-6.45000,1.62000,-21.80000,2.75000,0.00000,0.00000
6836,304.03387,0.03265,Yakından incele · reunion2,False,True,-6.45000,1.62000,-21.80000,2.75000,0.00000,0.00000
6837,304.06666,0.03279,Yakından incele · reunion2,False,True,-6.45000,1.62000,-21.80000,2.75000,0.00000,0.00000
6838,304.09997,0.03332,Yakından incele · reunion2,False,True,-6.45000,1.62000,-21.80000,2.75000,0.00000,0.00000
6839,304.13339,0.03342,Yakından incele · reunion2,False,True,-6.45000,1.62000,-21.80000,2.75000,0.00000,0.00000
6840,304.16771,0.03432,Yakından incele · reunion2,False,True,-6.45000,1.62000,-21.80000,2.75000,0.00000,0.00000
6841,304.20174,0.03403,Yakından incele · reunion2,False,True,-6.45000,1.62000,-21.80000,2.75000,0.00000,0.00000
6842,304.23392,0.03217,Yakından incele · reunion2,False,True,-6.45000,1.62000,-21.80000,2.75000,0.00000,0.00000
6843,304.26876,0.03484,Yakından incele · reunion2,False,True,-6.45000,1.62000,-21.80000,2.75000,0.00000,0.00000
6844,304.30076,0.03200,Yakından incele · reunion2,False,True,-6.45000,1.62000,-21.80000,2.75000,0.00000,0.00000
6845,304.33441,0.03365,Yakından incele · reunion2,False,True,-6.45000,1.62000,-21.80000,2.75000,0.00000,0.00000
6846,304.36788,0.03346,Yakından incele · reunion2,False,True,-6.45000,1.62000,-21.80000,2.75000,0.00000,0.00000
6847,304.40115,0.03327,Yakından incele · reunion2,False,True,-6.45000,1.62000,-21.80000,2.75000,0.00000,0.00000
6848,304.43422,0.03307,Yakından incele · reunion2,False,True,-6.45000,1.62000,-21.80000,2.75000,0.00000,0.00000
6849,304.47608,0.04186,Yakından incele · reunion2,False,True,-6.45000,1.62000,-21.80000,2.75000,0.00000,0.00000
6850,304.50941,0.03333,Yakından incele · reunion2,False,True,-6.45000,1.62000,-21.80000,2.75000,0.00000,0.00000
6851,304.54428,0.03487,Yakından incele · reunion2,False,True,-6.45000,1.62000,-21.80000,2.75000,0.00000,0.00000
6852,304.57812,0.03384,Yakından incele · reunion2,False,True,-6.45000,1.62000,-21.80000,2.75000,0.00000,0.00000
6853,304.61079,0.03267,Yakından incele · reunion2,False,True,-6.45000,1.62000,-21.80000,2.75000,0.00000,0.00000
6854,304.64451,0.03372,Yakından incele · reunion2,False,True,-6.45000,1.62000,-21.80000,2.75000,0.00000,0.00000
6855,304.67731,0.03280,Yakından incele · reunion2,False,True,-6.45000,1.62000,-21.80000,2.75000,0.00000,0.00000
6856,304.70960,0.03229,Yakından incele · reunion2,False,True,-6.45000,1.62000,-21.80000,2.75000,0.00000,0.00000
6857,304.74313,0.03353,Yakından incele · reunion2,False,True,-6.45000,1.62000,-21.80000,2.75000,0.00000,0.00000
6858,304.77722,0.03410,Yakından incele · reunion2,False,True,-6.45000,1.62000,-21.80000,2.75000,0.00000,0.00000
6859,304.80883,0.03160,Yakından incele · reunion2,False,True,-6.45000,1.62000,-21.80000,2.75000,0.00000,0.00000
6860,304.84330,0.03448,Yakından incele · reunion2,False,True,-6.45000,1.62000,-21.80000,2.75000,0.00000,0.00000
6861,304.87828,0.03498,Yakından incele · reunion2,False,True,-6.45000,1.62000,-21.80000,2.75000,0.00000,0.00000
6862,304.91103,0.03275,Yakından incele · reunion2,False,True,-6.45000,1.62000,-21.80000,2.75000,0.00000,0.00000
6863,304.95853,0.04750,Yakından incele · reunion2,False,True,-6.45000,1.62000,-21.80000,2.75000,0.00000,0.00000
6864,304.97579,0.01727,Yakından incele · reunion2,False,True,-6.45000,1.62000,-21.80000,2.75000,0.00000,0.00000
6865,305.00946,0.03366,Yakından incele · reunion2,False,True,-6.45000,1.62000,-21.80000,2.75000,0.00000,0.00000
6866,305.04300,0.03354,Yakından incele · reunion2,False,True,-6.45000,1.62000,-21.80000,2.75000,0.00000,0.00000
6867,305.07653,0.03353,Yakından incele · reunion2,False,True,-6.45000,1.62000,-21.80000,2.75000,0.00000,0.00000
6868,305.10968,0.03315,Yakından incele · reunion2,False,True,-6.45000,1.62000,-21.80000,2.75000,0.00000,0.00000
6869,305.14272,0.03304,Yakından incele · reunion2,False,True,-6.45000,1.62000,-21.80000,2.75000,0.00000,0.00000
6870,305.17659,0.03387,Yakından incele · reunion2,False,True,-6.45000,1.62000,-21.80000,2.75000,0.00000,0.00000
6871,305.21045,0.03386,Yakından incele · reunion2,False,True,-6.45000,1.62000,-21.80000,2.75000,0.00000,0.00000
6872,305.24388,0.03343,Yakından incele · reunion2,False,True,-6.45000,1.62000,-21.80000,2.75000,0.00000,0.00000
6873,305.27777,0.03388,Yakından incele · reunion2,False,True,-6.45000,1.62000,-21.80000,2.75000,0.00000,0.00000
6874,305.31551,0.03774,Yakından incele · reunion2,False,True,-6.45000,1.62000,-21.80000,2.75000,0.00000,0.00000
6875,305.34944,0.03392,Yakından incele · reunion2,False,True,-6.45000,1.62000,-21.80000,2.75000,0.00000,0.00000
6876,305.37734,0.02790,Yakından incele · reunion2,False,True,-6.45000,1.62000,-21.80000,2.75000,0.00000,0.00000
6877,305.41000,0.03267,Yakından incele · reunion2,False,True,-6.45000,1.62000,-21.80000,2.75000,0.00000,0.00000
6878,305.44325,0.03325,Yakından incele · reunion2,False,True,-6.45000,1.62000,-21.80000,2.75000,0.00000,0.00000
6879,305.47655,0.03330,Yakından incele · reunion2,False,True,-6.45000,1.62000,-21.80000,2.75000,0.00000,0.00000
6880,305.50955,0.03300,Yakından incele · reunion2,False,True,-6.45000,1.62000,-21.80000,2.75000,0.00000,0.00000
6881,305.54283,0.03329,Yakından incele · reunion2,False,True,-6.45000,1.62000,-21.80000,2.75000,0.00000,0.00000
6882,305.57649,0.03366,Yakından incele · reunion2,False,True,-6.45000,1.62000,-21.80000,2.75000,0.00000,0.00000
6883,305.60981,0.03332,Yakından incele · reunion2,False,True,-6.45000,1.62000,-21.80000,2.75000,0.00000,0.00000
6884,305.64385,0.03404,Yakından incele · reunion2,False,True,-6.45000,1.62000,-21.80000,2.75000,0.00000,0.00000
6885,305.67623,0.03238,Yakından incele · reunion2,False,True,-6.45000,1.62000,-21.80000,2.75000,0.00000,0.00000
6886,305.70952,0.03328,Yakından incele · reunion2,False,True,-6.45000,1.62000,-21.80000,2.75000,0.00000,0.00000
6887,305.74451,0.03500,Yakından incele · reunion2,False,True,-6.45000,1.62000,-21.80000,2.75000,0.00000,0.00000
6888,305.77820,0.03369,Yakından incele · reunion2,False,True,-6.45000,1.62000,-21.80000,2.75000,0.00000,0.00000
6889,305.80974,0.03154,Yakından incele · reunion2,False,True,-6.45000,1.62000,-21.80000,2.75000,0.00000,0.00000
6890,305.84385,0.03411,Yakından incele · reunion2,False,True,-6.45000,1.62000,-21.80000,2.75000,0.00000,0.00000
6891,305.87678,0.03293,Yakından incele · reunion2,False,True,-6.45000,1.62000,-21.80000,2.75000,0.00000,0.00000
6892,305.92525,0.04847,Yakından incele · reunion2,False,True,-6.45000,1.62000,-21.80000,2.75000,0.00000,0.00000
6893,305.95951,0.03426,Yakından incele · reunion2,False,True,-6.45000,1.62000,-21.80000,2.75000,0.00000,0.00000
6894,305.98137,0.02186,Yakından incele · reunion2,False,True,-6.45000,1.62000,-21.80000,2.75000,0.00000,0.00000
6895,306.01938,0.03801,Yakından incele · reunion2,False,True,-6.45000,1.62000,-21.80000,2.75000,0.00000,0.00000
6896,306.05065,0.03127,Yakından incele · reunion2,False,True,-6.45000,1.62000,-21.80000,2.75000,0.00000,0.00000
6897,306.08020,0.02955,Yakından incele · reunion2,False,True,-6.45000,1.62000,-21.80000,2.75000,0.00000,0.00000
6898,306.11251,0.03230,Yakından incele · reunion2,False,True,-6.45000,1.62000,-21.80000,2.75000,0.00000,0.00000
6899,306.14343,0.03092,Yakından incele · reunion2,False,True,-6.45000,1.62000,-21.80000,2.75000,0.00000,0.00000
6900,306.17720,0.03377,Yakından incele · reunion2,False,True,-6.45000,1.62000,-21.80000,2.75000,0.00000,0.00000
6901,306.21356,0.03636,Yakından incele · reunion2,False,True,-6.45000,1.62000,-21.80000,2.75000,0.00000,0.00000
6902,306.25971,0.04614,Yakından incele · reunion2,False,True,-6.45000,1.62000,-21.80000,2.75000,0.00000,0.00000
6903,306.28064,0.02093,Yakından incele · reunion2,False,True,-6.45000,1.62000,-21.80000,2.75000,0.00000,0.00000
6904,306.30955,0.02891,Yakından incele · reunion2,False,True,-6.45000,1.62000,-21.80000,2.75000,0.00000,0.00000
6905,306.34282,0.03327,Yakından incele · reunion2,False,True,-6.45000,1.62000,-21.80000,2.75000,0.00000,0.00000
6906,306.37570,0.03289,Yakından incele · reunion2,False,True,-6.45000,1.62000,-21.80000,2.75000,0.00000,0.00000
6907,306.40933,0.03363,Yakından incele · reunion2,False,True,-6.45000,1.62000,-21.80000,2.75000,0.00000,0.00000
6908,306.44306,0.03373,Yakından incele · reunion2,False,True,-6.45000,1.62000,-21.80000,2.75000,0.00000,0.00000
6909,306.47571,0.03265,Yakından incele · reunion2,False,True,-6.45000,1.62000,-21.80000,2.75000,0.00000,0.00000
6910,306.50926,0.03355,Yakından incele · reunion2,False,True,-6.45000,1.62000,-21.80000,2.75000,0.00000,0.00000
6911,306.54341,0.03415,Yakından incele · reunion2,False,True,-6.45000,1.62000,-21.80000,2.75000,0.00000,0.00000
6912,306.57733,0.03392,Yakından incele · reunion2,False,True,-6.45000,1.62000,-21.80000,2.75000,0.00000,0.00000
6913,306.61024,0.03291,Yakından incele · reunion2,False,True,-6.45000,1.62000,-21.80000,2.75000,0.00000,0.00000
6914,306.64347,0.03323,Yakından incele · reunion2,False,True,-6.45000,1.62000,-21.80000,2.75000,0.00000,0.00000
6915,306.67694,0.03347,Yakından incele · reunion2,False,True,-6.45000,1.62000,-21.80000,2.75000,0.00000,0.00000
6916,306.71033,0.03339,Yakından incele · reunion2,False,True,-6.45000,1.62000,-21.80000,2.75000,0.00000,0.00000
6917,306.74387,0.03354,Yakından incele · reunion2,False,True,-6.45000,1.62000,-21.80000,2.75000,0.00000,0.00000
6918,306.77699,0.03312,Yakından incele · reunion2,False,True,-6.45000,1.62000,-21.80000,2.75000,0.00000,0.00000
6919,306.81136,0.03437,Yakından incele · reunion2,False,True,-6.45000,1.62000,-21.80000,2.75000,0.00000,0.00000
6920,306.84489,0.03353,Yakından incele · reunion2,False,True,-6.45000,1.62000,-21.80000,2.75000,0.00000,0.00000
6921,306.87819,0.03330,Yakından incele · reunion2,False,True,-6.45000,1.62000,-21.80000,2.75000,0.00000,0.00000
6922,306.91040,0.03221,Yakından incele · reunion2,False,True,-6.45000,1.62000,-21.80000,2.75000,0.00000,0.00000
6923,306.94613,0.03573,Yakından incele · reunion2,False,True,-6.45000,1.62000,-21.80000,2.75000,0.00000,0.00000
6924,306.98286,0.03673,Yakından incele · reunion2,False,True,-6.45000,1.62000,-21.80000,2.75000,0.00000,0.00000
6925,307.01453,0.03168,Yakından incele · reunion2,False,True,-6.45000,1.62000,-21.80000,2.75000,0.00000,0.00000
6926,307.04432,0.02979,Yakından incele · reunion2,False,True,-6.45000,1.62000,-21.80000,2.75000,0.00000,0.00000
6927,307.07965,0.03533,Yakından incele · reunion2,False,True,-6.45000,1.62000,-21.80000,2.75000,0.00000,0.00000
6928,307.11131,0.03166,Yakından incele · reunion2,False,True,-6.45000,1.62000,-21.80000,2.75000,0.00000,0.00000
6929,307.14312,0.03181,Yakından incele · reunion2,False,True,-6.45000,1.62000,-21.80000,2.75000,0.00000,0.00000
6930,307.17825,0.03513,Yakından incele · reunion2,False,True,-6.45000,1.62000,-21.80000,2.75000,0.00000,0.00000
6931,307.21305,0.03481,Yakından incele · reunion2,False,True,-6.45000,1.62000,-21.80000,2.75000,0.00000,0.00000
6932,307.24477,0.03172,Yakından incele · reunion2,False,True,-6.45000,1.62000,-21.80000,2.75000,0.00000,0.00000
6933,307.27659,0.03182,Yakından incele · reunion2,False,True,-6.45000,1.62000,-21.80000,2.75000,0.00000,0.00000
6934,307.31102,0.03443,Yakından incele · reunion2,False,True,-6.45000,1.62000,-21.80000,2.75000,0.00000,0.00000
6935,307.34630,0.03528,Yakından incele · reunion2,False,True,-6.45000,1.62000,-21.80000,2.75000,0.00000,0.00000
6936,307.37799,0.03169,Yakından incele · reunion2,False,True,-6.45000,1.62000,-21.80000,2.75000,0.00000,0.00000
6937,307.41105,0.03306,Yakından incele · reunion2,False,True,-6.45000,1.62000,-21.80000,2.75000,0.00000,0.00000
6938,307.44361,0.03256,Yakından incele · reunion2,False,True,-6.45000,1.62000,-21.80000,2.75000,0.00000,0.00000
6939,307.47633,0.03272,Yakından incele · reunion2,False,True,-6.45000,1.62000,-21.80000,2.75000,0.00000,0.00000
6940,307.50960,0.03326,Yakından incele · reunion2,False,True,-6.45000,1.62000,-21.80000,2.75000,0.00000,0.00000
6941,307.54348,0.03388,Yakından incele · reunion2,False,True,-6.45000,1.62000,-21.80000,2.75000,0.00000,0.00000
6942,307.57718,0.03370,Yakından incele · reunion2,False,True,-6.45000,1.62000,-21.80000,2.75000,0.00000,0.00000
6943,307.61012,0.03294,Yakından incele · reunion2,False,True,-6.45000,1.62000,-21.80000,2.75000,0.00000,0.00000
6944,307.64645,0.03634,Yakından incele · reunion2,False,True,-6.45000,1.62000,-21.80000,2.75000,0.00000,0.00000
6945,307.68036,0.03391,Yakından incele · reunion2,False,True,-6.45000,1.62000,-21.80000,2.75000,0.00000,0.00000
6946,307.71022,0.02986,Yakından incele · reunion2,False,True,-6.45000,1.62000,-21.80000,2.75000,0.00000,0.00000
6947,307.74303,0.03281,Yakından incele · reunion2,False,True,-6.45000,1.62000,-21.80000,2.75000,0.00000,0.00000
6948,307.78586,0.04283,Yakından incele · reunion2,False,True,-6.45000,1.62000,-21.80000,2.75000,0.00000,0.00000
6949,307.81944,0.03358,Yakından incele · reunion2,False,True,-6.45000,1.62000,-21.80000,2.75000,0.00000,0.00000
6950,307.85373,0.03429,Yakından incele · reunion2,False,True,-6.45000,1.62000,-21.80000,2.75000,0.00000,0.00000
6951,307.88519,0.03146,Yakından incele · reunion2,False,True,-6.45000,1.62000,-21.80000,2.75000,0.00000,0.00000
6952,307.91978,0.03459,Yakından incele · reunion2,False,True,-6.45000,1.62000,-21.80000,2.75000,0.00000,0.00000
6953,307.95358,0.03381,Yakından incele · reunion2,False,True,-6.45000,1.62000,-21.80000,2.75000,0.00000,0.00000
6954,307.98661,0.03302,Yakından incele · reunion2,False,True,-6.45000,1.62000,-21.80000,2.75000,0.00000,0.00000
6955,308.02195,0.03534,Yakından incele · reunion2,False,True,-6.45000,1.62000,-21.80000,2.75000,0.00000,0.00000
6956,308.05853,0.03658,Yakından incele · reunion2,False,True,-6.45000,1.62000,-21.80000,2.75000,0.00000,0.00000
6957,308.09344,0.03491,Yakından incele · reunion2,False,True,-6.45000,1.62000,-21.80000,2.75000,0.00000,0.00000
6958,308.12622,0.03278,Yakından incele · reunion2,False,True,-6.45000,1.62000,-21.80000,2.75000,0.00000,0.00000
6959,308.15375,0.02753,Yakından incele · reunion2,False,True,-6.45000,1.62000,-21.80000,2.75000,0.00000,0.00000
6960,308.18554,0.03180,Yakından incele · reunion2,False,True,-6.45000,1.62000,-21.80000,2.75000,0.00000,0.00000
6961,308.21964,0.03410,Yakından incele · reunion2,False,True,-6.45000,1.62000,-21.80000,2.75000,0.00000,0.00000
6962,308.25458,0.03494,Yakından incele · reunion2,False,True,-6.45000,1.62000,-21.80000,2.75000,0.00000,0.00000
6963,308.28947,0.03488,Yakından incele · reunion2,False,True,-6.45000,1.62000,-21.80000,2.75000,0.00000,0.00000
6964,308.32064,0.03117,Yakından incele · reunion2,False,True,-6.45000,1.62000,-21.80000,2.75000,0.00000,0.00000
6965,308.35837,0.03773,Yakından incele · reunion2,False,True,-6.45000,1.62000,-21.80000,2.75000,0.00000,0.00000
6966,308.39166,0.03330,Yakından incele · reunion2,False,True,-6.45000,1.62000,-21.80000,2.75000,0.00000,0.00000
6967,308.42047,0.02881,Yakından incele · reunion2,False,True,-6.45000,1.62000,-21.80000,2.75000,0.00000,0.00000
6968,308.45381,0.03333,Yakından incele · reunion2,False,True,-6.45000,1.62000,-21.80000,2.75000,0.00000,0.00000
6969,308.48563,0.03182,Yakından incele · reunion2,False,True,-6.45000,1.62000,-21.80000,2.75000,0.00000,0.00000
6970,308.51921,0.03359,Yakından incele · reunion2,False,True,-6.45000,1.62000,-21.80000,2.75000,0.00000,0.00000
6971,308.55290,0.03369,Yakından incele · reunion2,False,True,-6.45000,1.62000,-21.80000,2.75000,0.00000,0.00000
6972,308.58564,0.03274,Yakından incele · reunion2,False,True,-6.45000,1.62000,-21.80000,2.75000,0.00000,0.00000
6973,308.61878,0.03314,Yakından incele · reunion2,False,True,-6.45000,1.62000,-21.80000,2.75000,0.00000,0.00000
6974,308.65302,0.03424,Yakından incele · reunion2,False,True,-6.45000,1.62000,-21.80000,2.75000,0.00000,0.00000
6975,308.68670,0.03368,Yakından incele · reunion2,False,True,-6.45000,1.62000,-21.80000,2.75000,0.00000,0.00000
6976,308.71950,0.03280,Yakından incele · reunion2,False,True,-6.45000,1.62000,-21.80000,2.75000,0.00000,0.00000
6977,308.75270,0.03320,Yakından incele · reunion2,False,True,-6.45000,1.62000,-21.80000,2.75000,0.00000,0.00000
6978,308.78643,0.03374,Yakından incele · reunion2,False,True,-6.45000,1.62000,-21.80000,2.75000,0.00000,0.00000
6979,308.81981,0.03338,Yakından incele · reunion2,False,True,-6.45000,1.62000,-21.80000,2.75000,0.00000,0.00000
6980,308.85304,0.03323,Yakından incele · reunion2,False,True,-6.45000,1.62000,-21.80000,2.75000,0.00000,0.00000
6981,308.88747,0.03443,Yakından incele · reunion2,False,True,-6.45000,1.62000,-21.80000,2.75000,0.00000,0.00000
6982,308.92004,0.03258,Yakından incele · reunion2,False,True,-6.45000,1.62000,-21.80000,2.75000,0.00000,0.00000
6983,308.95331,0.03327,Yakından incele · reunion2,False,True,-6.45000,1.62000,-21.80000,2.75000,0.00000,0.00000
6984,309.04427,0.09096,Yakından incele · reunion2,False,True,-6.45000,1.62000,-21.80000,2.75000,0.00000,0.00000
6985,309.05233,0.00805,Yakından incele · reunion2,False,True,-6.45000,1.62000,-21.80000,2.75000,0.00000,0.00000
6986,309.07745,0.02512,Yakından incele · reunion2,False,True,-6.45000,1.62000,-21.80000,2.75000,0.00000,0.00000
6987,309.09231,0.01486,Yakından incele · reunion2,False,True,-6.45000,1.62000,-21.80000,2.75000,0.00000,0.00000
6988,309.10970,0.01739,Yakından incele · reunion2,False,True,-6.45000,1.62000,-21.80000,2.75000,0.00000,0.00000
6989,309.12594,0.01624,Yakından incele · reunion2,False,True,-6.45000,1.62000,-21.80000,2.75000,0.00000,0.00000
6990,309.14427,0.01833,Yakından incele · reunion2,False,True,-6.45000,1.62000,-21.80000,2.75000,0.00000,0.00000
6991,309.16080,0.01653,Yakından incele · reunion2,False,True,-6.45000,1.62000,-21.80000,2.75000,0.00000,0.00000
6992,309.17602,0.01521,Yakından incele · reunion2,False,True,-6.45000,1.62000,-21.80000,2.75000,0.00000,0.00000
6993,309.19239,0.01637,Yakından incele · reunion2,False,True,-6.45000,1.62000,-21.80000,2.75000,0.00000,0.00000
6994,309.20986,0.01748,Yakından incele · reunion2,False,True,-6.45000,1.62000,-21.80000,2.75000,0.00000,0.00000
6995,309.24751,0.03764,Yakından incele · reunion2,False,True,-6.45000,1.62000,-21.80000,2.75000,0.00000,0.00000
6996,309.25504,0.00753,Yakından incele · reunion2,False,True,-6.45000,1.62000,-21.80000,2.75000,0.00000,0.00000
6997,309.26818,0.01314,Yakından incele · reunion2,False,True,-6.45000,1.62000,-21.80000,2.75000,0.00000,0.00000
6998,309.28548,0.01730,Yakından incele · reunion2,False,True,-6.45000,1.62000,-21.80000,2.75000,0.00000,0.00000
6999,309.30225,0.01677,Yakından incele · reunion2,False,True,-6.45000,1.62000,-21.80000,2.75000,0.00000,0.00000
7000,309.31872,0.01647,Yakından incele · reunion2,False,True,-6.45000,1.62000,-21.80000,2.75000,0.00000,0.00000
7001,309.33477,0.01605,Yakından incele · reunion2,False,True,-6.45000,1.62000,-21.80000,2.75000,0.00000,0.00000
7002,309.35246,0.01770,Yakından incele · reunion2,False,True,-6.45000,1.62000,-21.80000,2.75000,0.00000,0.00000
7003,309.36839,0.01592,Yakından incele · reunion2,False,True,-6.45000,1.62000,-21.80000,2.75000,0.00000,0.00000
7004,309.38615,0.01776,Yakından incele · reunion2,False,True,-6.45000,1.62000,-21.80000,2.75000,0.00000,0.00000
7005,309.40187,0.01573,Yakından incele · reunion2,False,True,-6.45000,1.62000,-21.80000,2.75000,0.00000,0.00000
7006,309.41832,0.01645,Yakından incele · reunion2,False,True,-6.45000,1.62000,-21.80000,2.75000,0.00000,0.00000
7007,309.43569,0.01737,Yakından incele · reunion2,False,True,-6.45000,1.62000,-21.80000,2.75000,0.00000,0.00000
7008,309.45145,0.01575,Yakından incele · reunion2,False,True,-6.45000,1.62000,-21.80000,2.75000,0.00000,0.00000
7009,309.46861,0.01716,Yakından incele · reunion2,False,True,-6.45000,1.62000,-21.80000,2.75000,0.00000,0.00000
7010,309.48541,0.01681,Yakından incele · reunion2,False,True,-6.45000,1.62000,-21.80000,2.75000,0.00000,0.00000
7011,309.50212,0.01671,Yakından incele · reunion2,False,True,-6.45000,1.62000,-21.80000,2.75000,0.00000,0.00000
7012,309.51869,0.01657,Yakından incele · reunion2,False,True,-6.45000,1.62000,-21.80000,2.75000,0.00000,0.00000
7013,309.53497,0.01628,Yakından incele · reunion2,False,True,-6.45000,1.62000,-21.80000,2.75000,0.00000,0.00000
7014,309.55179,0.01682,Yakından incele · reunion2,False,True,-6.45000,1.62000,-21.80000,2.75000,0.00000,0.00000
7015,309.56893,0.01714,Yakından incele · reunion2,False,True,-6.45000,1.62000,-21.80000,2.75000,0.00000,0.00000
7016,309.58513,0.01620,Yakından incele · reunion2,False,True,-6.45000,1.62000,-21.80000,2.75000,0.00000,0.00000
7017,309.60217,0.01704,Yakından incele · reunion2,False,True,-6.45000,1.62000,-21.80000,2.75000,0.00000,0.00000
7018,309.61840,0.01623,Yakından incele · reunion2,False,True,-6.45000,1.62000,-21.80000,2.75000,0.00000,0.00000
7019,309.63567,0.01727,Yakından incele · reunion2,False,True,-6.45000,1.62000,-21.80000,2.75000,0.00000,0.00000
7020,309.65223,0.01656,Yakından incele · reunion2,False,True,-6.45000,1.62000,-21.80000,2.75000,0.00000,0.00000
7021,309.66811,0.01588,Yakından incele · reunion2,False,True,-6.45000,1.62000,-21.80000,2.75000,0.00000,0.00000
7022,309.68525,0.01714,Yakından incele · reunion2,False,True,-6.45000,1.62000,-21.80000,2.75000,0.00000,0.00000
7023,309.70193,0.01668,Yakından incele · reunion2,False,True,-6.45000,1.62000,-21.80000,2.75000,0.00000,0.00000
7024,309.71860,0.01667,Yakından incele · reunion2,False,True,-6.45000,1.62000,-21.80000,2.75000,0.00000,0.00000
7025,309.73541,0.01681,Yakından incele · reunion2,False,True,-6.45000,1.62000,-21.80000,2.75000,0.00000,0.00000
7026,309.75215,0.01674,Yakından incele · reunion2,False,True,-6.45000,1.62000,-21.80000,2.75000,0.00000,0.00000
7027,309.76812,0.01598,Yakından incele · reunion2,False,True,-6.45000,1.62000,-21.80000,2.75000,0.00000,0.00000
7028,309.78551,0.01739,Yakından incele · reunion2,False,True,-6.45000,1.62000,-21.80000,2.75000,0.00000,0.00000
7029,309.80254,0.01704,Yakından incele · reunion2,False,True,-6.45000,1.62000,-21.80000,2.75000,0.00000,0.00000
7030,309.81859,0.01605,Yakından incele · reunion2,False,True,-6.45000,1.62000,-21.80000,2.75000,0.00000,0.00000
7031,309.83523,0.01664,Yakından incele · reunion2,False,True,-6.45000,1.62000,-21.80000,2.75000,0.00000,0.00000
7032,309.85232,0.01708,Yakından incele · reunion2,False,True,-6.45000,1.62000,-21.80000,2.75000,0.00000,0.00000
7033,309.86919,0.01687,Yakından incele · reunion2,False,True,-6.45000,1.62000,-21.80000,2.75000,0.00000,0.00000
7034,309.88661,0.01742,Yakından incele · reunion2,False,True,-6.45000,1.62000,-21.80000,2.75000,0.00000,0.00000
7035,309.90179,0.01518,Yakından incele · reunion2,False,True,-6.45000,1.62000,-21.80000,2.75000,0.00000,0.00000
7036,309.91843,0.01664,Yakından incele · reunion2,False,True,-6.45000,1.62000,-21.80000,2.75000,0.00000,0.00000
7037,309.93511,0.01668,Yakından incele · reunion2,False,True,-6.45000,1.62000,-21.80000,2.75000,0.00000,0.00000
7038,309.95199,0.01688,Yakından incele · reunion2,False,True,-6.45000,1.62000,-21.80000,2.75000,0.00000,0.00000
7039,309.96809,0.01610,Yakından incele · reunion2,False,True,-6.45000,1.62000,-21.80000,2.75000,0.00000,0.00000
7040,309.98577,0.01768,Yakından incele · reunion2,False,True,-6.45000,1.62000,-21.80000,2.75000,0.00000,0.00000
7041,310.00231,0.01654,Yakından incele · reunion2,False,True,-6.45000,1.62000,-21.80000,2.75000,0.00000,0.00000
7042,310.01925,0.01694,Yakından incele · reunion2,False,True,-6.45000,1.62000,-21.80000,2.75000,0.00000,0.00000
7043,310.03598,0.01673,Yakından incele · reunion2,False,True,-6.45000,1.62000,-21.80000,2.75000,0.00000,0.00000
7044,310.05209,0.01611,Yakından incele · reunion2,False,True,-6.45000,1.62000,-21.80000,2.75000,0.00000,0.00000
7045,310.06915,0.01706,Yakından incele · reunion2,False,True,-6.45000,1.62000,-21.80000,2.75000,0.00000,0.00000
7046,310.08614,0.01699,Yakından incele · reunion2,False,True,-6.45000,1.62000,-21.80000,2.75000,0.00000,0.00000
7047,310.10151,0.01538,Yakından incele · reunion2,False,True,-6.45000,1.62000,-21.80000,2.75000,0.00000,0.00000
7048,310.11872,0.01721,Yakından incele · reunion2,False,True,-6.45000,1.62000,-21.80000,2.75000,0.00000,0.00000
7049,310.13512,0.01640,Yakından incele · reunion2,False,True,-6.45000,1.62000,-21.80000,2.75000,0.00000,0.00000
7050,310.15252,0.01740,Yakından incele · reunion2,False,True,-6.45000,1.62000,-21.80000,2.75000,0.00000,0.00000
7051,310.16873,0.01621,Yakından incele · reunion2,False,True,-6.45000,1.62000,-21.80000,2.75000,0.00000,0.00000
7052,310.18557,0.01684,Yakından incele · reunion2,False,True,-6.45000,1.62000,-21.80000,2.75000,0.00000,0.00000
7053,310.20198,0.01642,Yakından incele · reunion2,False,True,-6.45000,1.62000,-21.80000,2.75000,0.00000,0.00000
7054,310.21962,0.01764,Yakından incele · reunion2,False,True,-6.45000,1.62000,-21.80000,2.75000,0.00000,0.00000
7055,310.23552,0.01590,Yakından incele · reunion2,False,True,-6.45000,1.62000,-21.80000,2.75000,0.00000,0.00000
7056,310.25236,0.01684,Yakından incele · reunion2,False,True,-6.45000,1.62000,-21.80000,2.75000,0.00000,0.00000
7057,310.26857,0.01621,Yakından incele · reunion2,False,True,-6.45000,1.62000,-21.80000,2.75000,0.00000,0.00000
7058,310.28584,0.01727,Yakından incele · reunion2,False,True,-6.45000,1.62000,-21.80000,2.75000,0.00000,0.00000
7059,310.30218,0.01633,Yakından incele · reunion2,False,True,-6.45000,1.62000,-21.80000,2.75000,0.00000,0.00000
7060,310.31881,0.01663,Yakından incele · reunion2,False,True,-6.45000,1.62000,-21.80000,2.75000,0.00000,0.00000
7061,310.33538,0.01657,Yakından incele · reunion2,False,True,-6.45000,1.62000,-21.80000,2.75000,0.00000,0.00000
7062,310.35206,0.01668,Yakından incele · reunion2,False,True,-6.45000,1.62000,-21.80000,2.75000,0.00000,0.00000
7063,310.36927,0.01721,Yakından incele · reunion2,False,True,-6.45000,1.62000,-21.80000,2.75000,0.00000,0.00000
7064,310.38527,0.01600,Yakından incele · reunion2,False,True,-6.45000,1.62000,-21.80000,2.75000,0.00000,0.00000
7065,310.40209,0.01682,Yakından incele · reunion2,False,True,-6.45000,1.62000,-21.80000,2.75000,0.00000,0.00000
7066,310.41876,0.01667,Yakından incele · reunion2,False,True,-6.45000,1.62000,-21.80000,2.75000,0.00000,0.00000
7067,310.43498,0.01622,Yakından incele · reunion2,False,True,-6.45000,1.62000,-21.80000,2.75000,0.00000,0.00000
7068,310.45250,0.01752,Yakından incele · reunion2,False,True,-6.45000,1.62000,-21.80000,2.75000,0.00000,0.00000
7069,310.46913,0.01663,Yakından incele · reunion2,False,True,-6.45000,1.62000,-21.80000,2.75000,0.00000,0.00000
7070,310.48550,0.01637,Yakından incele · reunion2,False,True,-6.45000,1.62000,-21.80000,2.75000,0.00000,0.00000
7071,310.50156,0.01606,Yakından incele · reunion2,False,True,-6.45000,1.62000,-21.80000,2.75000,0.00000,0.00000
7072,310.51869,0.01712,Yakından incele · reunion2,False,True,-6.45000,1.62000,-21.80000,2.75000,0.00000,0.00000
7073,310.53598,0.01729,Yakından incele · reunion2,False,True,-6.45000,1.62000,-21.80000,2.75000,0.00000,0.00000
7074,310.55228,0.01630,Yakından incele · reunion2,False,True,-6.45000,1.62000,-21.80000,2.75000,0.00000,0.00000
7075,310.56828,0.01600,Yakından incele · reunion2,False,True,-6.45000,1.62000,-21.80000,2.75000,0.00000,0.00000
7076,310.58504,0.01676,Yakından incele · reunion2,False,True,-6.45000,1.62000,-21.80000,2.75000,0.00000,0.00000
7077,310.60160,0.01656,Yakından incele · reunion2,False,True,-6.45000,1.62000,-21.80000,2.75000,0.00000,0.00000
7078,310.61838,0.01678,Yakından incele · reunion2,False,True,-6.45000,1.62000,-21.80000,2.75000,0.00000,0.00000
7079,310.63475,0.01637,Yakından incele · reunion2,False,True,-6.45000,1.62000,-21.80000,2.75000,0.00000,0.00000
7080,310.65190,0.01715,Yakından incele · reunion2,False,True,-6.45000,1.62000,-21.80000,2.75000,0.00000,0.00000
7081,310.66855,0.01665,Yakından incele · reunion2,False,True,-6.45000,1.62000,-21.80000,2.75000,0.00000,0.00000
7082,310.68616,0.01761,Yakından incele · reunion2,False,True,-6.45000,1.62000,-21.80000,2.75000,0.00000,0.00000
7083,310.70147,0.01531,Yakından incele · reunion2,False,True,-6.45000,1.62000,-21.80000,2.75000,0.00000,0.00000
7084,310.71849,0.01701,Yakından incele · reunion2,False,True,-6.45000,1.62000,-21.80000,2.75000,0.00000,0.00000
7085,310.73509,0.01661,Yakından incele · reunion2,False,True,-6.45000,1.62000,-21.80000,2.75000,0.00000,0.00000
7086,310.75186,0.01677,Yakından incele · reunion2,False,True,-6.45000,1.62000,-21.80000,2.75000,0.00000,0.00000
7087,310.76927,0.01741,Yakından incele · reunion2,False,True,-6.45000,1.62000,-21.80000,2.75000,0.00000,0.00000
7088,310.78541,0.01613,Yakından incele · reunion2,False,True,-6.45000,1.62000,-21.80000,2.75000,0.00000,0.00000
7089,310.80156,0.01615,Yakından incele · reunion2,False,True,-6.45000,1.62000,-21.80000,2.75000,0.00000,0.00000
7090,310.81841,0.01685,Yakından incele · reunion2,False,True,-6.45000,1.62000,-21.80000,2.75000,0.00000,0.00000
7091,310.83549,0.01708,Yakından incele · reunion2,False,True,-6.45000,1.62000,-21.80000,2.75000,0.00000,0.00000
7092,310.85185,0.01635,Yakından incele · reunion2,False,True,-6.45000,1.62000,-21.80000,2.75000,0.00000,0.00000
7093,310.86885,0.01701,Yakından incele · reunion2,False,True,-6.45000,1.62000,-21.80000,2.75000,0.00000,0.00000
7094,310.88537,0.01652,Yakından incele · reunion2,False,True,-6.45000,1.62000,-21.80000,2.75000,0.00000,0.00000
7095,310.90184,0.01647,Yakından incele · reunion2,False,True,-6.45000,1.62000,-21.80000,2.75000,0.00000,0.00000
7096,310.91945,0.01761,Yakından incele · reunion2,False,True,-6.45000,1.62000,-21.80000,2.75000,0.00000,0.00000
7097,310.93506,0.01560,Yakından incele · reunion2,False,True,-6.45000,1.62000,-21.80000,2.75000,0.00000,0.00000
7098,310.95266,0.01760,Yakından incele · reunion2,False,True,-6.45000,1.62000,-21.80000,2.75000,0.00000,0.00000
7099,310.96819,0.01553,Yakından incele · reunion2,False,True,-6.45000,1.62000,-21.80000,2.75000,0.00000,0.00000
7100,310.98568,0.01749,Yakından incele · reunion2,False,True,-6.45000,1.62000,-21.80000,2.75000,0.00000,0.00000
7101,311.00205,0.01637,Yakından incele · reunion2,False,True,-6.45000,1.62000,-21.80000,2.75000,0.00000,0.00000
7102,311.01863,0.01659,Yakından incele · reunion2,False,True,-6.45000,1.62000,-21.80000,2.75000,0.00000,0.00000
7103,311.03537,0.01674,Yakından incele · reunion2,False,True,-6.45000,1.62000,-21.80000,2.75000,0.00000,0.00000
7104,311.05204,0.01667,Yakından incele · reunion2,False,True,-6.45000,1.62000,-21.80000,2.75000,0.00000,0.00000
7105,311.06835,0.01631,Yakından incele · reunion2,False,True,-6.45000,1.62000,-21.80000,2.75000,0.00000,0.00000
7106,311.08530,0.01695,Yakından incele · reunion2,False,True,-6.45000,1.62000,-21.80000,2.75000,0.00000,0.00000
7107,311.10230,0.01700,Yakından incele · reunion2,False,True,-6.45000,1.62000,-21.80000,2.75000,0.00000,0.00000
7108,311.11860,0.01630,Yakından incele · reunion2,False,True,-6.45000,1.62000,-21.80000,2.75000,0.00000,0.00000
7109,311.13486,0.01627,Yakından incele · reunion2,False,True,-6.45000,1.62000,-21.80000,2.75000,0.00000,0.00000
7110,311.15171,0.01685,Yakından incele · reunion2,False,True,-6.45000,1.62000,-21.80000,2.75000,0.00000,0.00000
7111,311.16904,0.01733,Yakından incele · reunion2,False,True,-6.45000,1.62000,-21.80000,2.75000,0.00000,0.00000
7112,311.18529,0.01626,Yakından incele · reunion2,False,True,-6.45000,1.62000,-21.80000,2.75000,0.00000,0.00000
7113,311.20149,0.01619,Yakından incele · reunion2,False,True,-6.45000,1.62000,-21.80000,2.75000,0.00000,0.00000
7114,311.21912,0.01763,Yakından incele · reunion2,False,True,-6.45000,1.62000,-21.80000,2.75000,0.00000,0.00000
7115,311.23473,0.01561,Yakından incele · reunion2,False,True,-6.45000,1.62000,-21.80000,2.75000,0.00000,0.00000
7116,311.25146,0.01673,Yakından incele · reunion2,False,True,-6.45000,1.62000,-21.80000,2.75000,0.00000,0.00000
7117,311.26817,0.01670,Yakından incele · reunion2,False,True,-6.45000,1.62000,-21.80000,2.75000,0.00000,0.00000
7118,311.28498,0.01682,Yakından incele · reunion2,False,True,-6.45000,1.62000,-21.80000,2.75000,0.00000,0.00000
7119,311.30255,0.01756,Yakından incele · reunion2,False,True,-6.45000,1.62000,-21.80000,2.75000,0.00000,0.00000
7120,311.31849,0.01594,Yakından incele · reunion2,False,True,-6.45000,1.62000,-21.80000,2.75000,0.00000,0.00000
7121,311.33495,0.01646,Yakından incele · reunion2,False,True,-6.45000,1.62000,-21.80000,2.75000,0.00000,0.00000
7122,311.35199,0.01704,Yakından incele · reunion2,False,True,-6.45000,1.62000,-21.80000,2.75000,0.00000,0.00000
7123,311.36914,0.01714,Yakından incele · reunion2,False,True,-6.45000,1.62000,-21.80000,2.75000,0.00000,0.00000
7124,311.38559,0.01645,Yakından incele · reunion2,False,True,-6.45000,1.62000,-21.80000,2.75000,0.00000,0.00000
7125,311.40142,0.01582,Yakından incele · reunion2,False,True,-6.45000,1.62000,-21.80000,2.75000,0.00000,0.00000
7126,311.41913,0.01771,Yakından incele · reunion2,False,True,-6.45000,1.62000,-21.80000,2.75000,0.00000,0.00000
7127,311.43515,0.01602,Yakından incele · reunion2,False,True,-6.45000,1.62000,-21.80000,2.75000,0.00000,0.00000
7128,311.45187,0.01672,Yakından incele · reunion2,False,True,-6.45000,1.62000,-21.80000,2.75000,0.00000,0.00000
7129,311.46810,0.01623,Yakından incele · reunion2,False,True,-6.45000,1.62000,-21.80000,2.75000,0.00000,0.00000
7130,311.48529,0.01718,Yakından incele · reunion2,False,True,-6.45000,1.62000,-21.80000,2.75000,0.00000,0.00000
7131,311.50158,0.01629,Yakından incele · reunion2,False,True,-6.45000,1.62000,-21.80000,2.75000,0.00000,0.00000
7132,311.51912,0.01754,Yakından incele · reunion2,False,True,-6.45000,1.62000,-21.80000,2.75000,0.00000,0.00000
7133,311.53534,0.01622,Yakından incele · reunion2,False,True,-6.45000,1.62000,-21.80000,2.75000,0.00000,0.00000
7134,311.55174,0.01640,Yakından incele · reunion2,False,True,-6.45000,1.62000,-21.80000,2.75000,0.00000,0.00000
7135,311.56828,0.01654,Yakından incele · reunion2,False,True,-6.45000,1.62000,-21.80000,2.75000,0.00000,0.00000
7136,311.58557,0.01728,Yakından incele · reunion2,False,True,-6.45000,1.62000,-21.80000,2.75000,0.00000,0.00000
7137,311.60206,0.01649,Yakından incele · reunion2,False,True,-6.45000,1.62000,-21.80000,2.75000,0.00000,0.00000
7138,311.61843,0.01637,Yakından incele · reunion2,False,True,-6.45000,1.62000,-21.80000,2.75000,0.00000,0.00000
7139,311.63536,0.01694,Yakından incele · reunion2,False,True,-6.45000,1.62000,-21.80000,2.75000,0.00000,0.00000
7140,311.65193,0.01656,Yakından incele · reunion2,False,True,-6.45000,1.62000,-21.80000,2.75000,0.00000,0.00000
7141,311.66840,0.01647,Yakından incele · reunion2,False,True,-6.45000,1.62000,-21.80000,2.75000,0.00000,0.00000
7142,311.68545,0.01705,Yakından incele · reunion2,False,True,-6.45000,1.62000,-21.80000,2.75000,0.00000,0.00000
7143,311.70177,0.01632,Yakından incele · reunion2,False,True,-6.45000,1.62000,-21.80000,2.75000,0.00000,0.00000
7144,311.71871,0.01694,Yakından incele · reunion2,False,True,-6.45000,1.62000,-21.80000,2.75000,0.00000,0.00000
7145,311.73512,0.01641,Yakından incele · reunion2,False,True,-6.45000,1.62000,-21.80000,2.75000,0.00000,0.00000
7146,311.75171,0.01659,Yakından incele · reunion2,False,True,-6.45000,1.62000,-21.80000,2.75000,0.00000,0.00000
7147,311.76860,0.01689,Yakından incele · reunion2,False,True,-6.45000,1.62000,-21.80000,2.75000,0.00000,0.00000
7148,311.78565,0.01705,Yakından incele · reunion2,False,True,-6.45000,1.62000,-21.80000,2.75000,0.00000,0.00000
7149,311.80151,0.01586,Yakından incele · reunion2,False,True,-6.45000,1.62000,-21.80000,2.75000,0.00000,0.00000
7150,311.81857,0.01706,Yakından incele · reunion2,False,True,-6.45000,1.62000,-21.80000,2.75000,0.00000,0.00000
7151,311.83507,0.01650,Yakından incele · reunion2,False,True,-6.45000,1.62000,-21.80000,2.75000,0.00000,0.00000
7152,311.85204,0.01697,Yakından incele · reunion2,False,True,-6.45000,1.62000,-21.80000,2.75000,0.00000,0.00000
7153,311.86834,0.01630,Yakından incele · reunion2,False,True,-6.45000,1.62000,-21.80000,2.75000,0.00000,0.00000
7154,311.88567,0.01732,Yakından incele · reunion2,False,True,-6.45000,1.62000,-21.80000,2.75000,0.00000,0.00000
7155,311.90212,0.01646,Yakından incele · reunion2,False,True,-6.45000,1.62000,-21.80000,2.75000,0.00000,0.00000
7156,311.91854,0.01642,Yakından incele · reunion2,False,True,-6.45000,1.62000,-21.80000,2.75000,0.00000,0.00000
7157,311.93463,0.01609,Yakından incele · reunion2,False,True,-6.45000,1.62000,-21.80000,2.75000,0.00000,0.00000
7158,311.95214,0.01750,Yakından incele · reunion2,False,True,-6.45000,1.62000,-21.80000,2.75000,0.00000,0.00000
7159,311.96894,0.01680,Yakından incele · reunion2,False,True,-6.45000,1.62000,-21.80000,2.75000,0.00000,0.00000
7160,311.98565,0.01672,Yakından incele · reunion2,False,True,-6.45000,1.62000,-21.80000,2.75000,0.00000,0.00000
7161,312.00210,0.01645,Yakından incele · reunion2,False,True,-6.45000,1.62000,-21.80000,2.75000,0.00000,0.00000
7162,312.01927,0.01716,Yakından incele · reunion2,False,True,-6.45000,1.62000,-21.80000,2.75000,0.00000,0.00000
7163,312.03524,0.01598,Yakından incele · reunion2,False,True,-6.45000,1.62000,-21.80000,2.75000,0.00000,0.00000
7164,312.05171,0.01647,Yakından incele · reunion2,False,True,-6.45000,1.62000,-21.80000,2.75000,0.00000,0.00000
7165,312.06807,0.01636,Yakından incele · reunion2,False,True,-6.45000,1.62000,-21.80000,2.75000,0.00000,0.00000
7166,312.08506,0.01699,Yakından incele · reunion2,False,True,-6.45000,1.62000,-21.80000,2.75000,0.00000,0.00000
7167,312.10138,0.01632,Yakından incele · reunion2,False,True,-6.45000,1.62000,-21.80000,2.75000,0.00000,0.00000
7168,312.11795,0.01657,Yakından incele · reunion2,False,True,-6.45000,1.62000,-21.80000,2.75000,0.00000,0.00000
7169,312.13543,0.01748,Yakından incele · reunion2,False,True,-6.45000,1.62000,-21.80000,2.75000,0.00000,0.00000
7170,312.15152,0.01609,Yakından incele · reunion2,False,True,-6.45000,1.62000,-21.80000,2.75000,0.00000,0.00000
7171,312.16793,0.01641,Yakından incele · reunion2,False,True,-6.45000,1.62000,-21.80000,2.75000,0.00000,0.00000
7172,312.18448,0.01655,Yakından incele · reunion2,False,True,-6.45000,1.62000,-21.80000,2.75000,0.00000,0.00000
7173,312.20099,0.01651,Yakından incele · reunion2,False,True,-6.45000,1.62000,-21.80000,2.75000,0.00000,0.00000
7174,312.21854,0.01756,Yakından incele · reunion2,False,True,-6.45000,1.62000,-21.80000,2.75000,0.00000,0.00000
7175,312.23485,0.01631,Yakından incele · reunion2,False,True,-6.45000,1.62000,-21.80000,2.75000,0.00000,0.00000
7176,312.25151,0.01666,Yakından incele · reunion2,False,True,-6.45000,1.62000,-21.80000,2.75000,0.00000,0.00000
7177,312.26826,0.01675,Yakından incele · reunion2,False,True,-6.45000,1.62000,-21.80000,2.75000,0.00000,0.00000
7178,312.28566,0.01740,Yakından incele · reunion2,False,True,-6.45000,1.62000,-21.80000,2.75000,0.00000,0.00000
7179,312.30113,0.01547,Yakından incele · reunion2,False,True,-6.45000,1.62000,-21.80000,2.75000,0.00000,0.00000
7180,312.31787,0.01674,Yakından incele · reunion2,False,True,-6.45000,1.62000,-21.80000,2.75000,0.00000,0.00000
7181,312.33450,0.01663,Yakından incele · reunion2,False,True,-6.45000,1.62000,-21.80000,2.75000,0.00000,0.00000
7182,312.35233,0.01784,Yakından incele · reunion2,False,True,-6.45000,1.62000,-21.80000,2.75000,0.00000,0.00000
7183,312.36838,0.01605,Yakından incele · reunion2,False,True,-6.45000,1.62000,-21.80000,2.75000,0.00000,0.00000
7184,312.38499,0.01661,Yakından incele · reunion2,False,True,-6.45000,1.62000,-21.80000,2.75000,0.00000,0.00000
7185,312.40142,0.01643,Yakından incele · reunion2,False,True,-6.45000,1.62000,-21.80000,2.75000,0.00000,0.00000
7186,312.41877,0.01735,Yakından incele · reunion2,False,True,-6.45000,1.62000,-21.80000,2.75000,0.00000,0.00000
7187,312.43522,0.01645,Yakından incele · reunion2,False,True,-6.45000,1.62000,-21.80000,2.75000,0.00000,0.00000
7188,312.45098,0.01576,Yakından incele · reunion2,False,True,-6.45000,1.62000,-21.80000,2.75000,0.00000,0.00000
7189,312.46803,0.01705,Yakından incele · reunion2,False,True,-6.45000,1.62000,-21.80000,2.75000,0.00000,0.00000
7190,312.48521,0.01718,Yakından incele · reunion2,False,True,-6.45000,1.62000,-21.80000,2.75000,0.00000,0.00000
7191,312.50152,0.01632,Yakından incele · reunion2,False,True,-6.45000,1.62000,-21.80000,2.75000,0.00000,0.00000
7192,312.51824,0.01671,Yakından incele · reunion2,False,True,-6.45000,1.62000,-21.80000,2.75000,0.00000,0.00000
7193,312.53514,0.01690,Yakından incele · reunion2,False,True,-6.45000,1.62000,-21.80000,2.75000,0.00000,0.00000
7194,312.55117,0.01604,Yakından incele · reunion2,False,True,-6.45000,1.62000,-21.80000,2.75000,0.00000,0.00000
7195,312.56842,0.01724,Yakından incele · reunion2,False,True,-6.45000,1.62000,-21.80000,2.75000,0.00000,0.00000
7196,312.58454,0.01612,Yakından incele · reunion2,False,True,-6.45000,1.62000,-21.80000,2.75000,0.00000,0.00000
7197,312.60119,0.01666,Yakından incele · reunion2,False,True,-6.45000,1.62000,-21.80000,2.75000,0.00000,0.00000
7198,312.61849,0.01729,Yakından incele · reunion2,False,True,-6.45000,1.62000,-21.80000,2.75000,0.00000,0.00000
7199,312.63482,0.01633,Yakından incele · reunion2,False,True,-6.45000,1.62000,-21.80000,2.75000,0.00000,0.00000
7200,312.65227,0.01745,Yakından incele · reunion2,False,True,-6.45000,1.62000,-21.80000,2.75000,0.00000,0.00000
7201,312.66771,0.01544,Yakından incele · reunion2,False,True,-6.45000,1.62000,-21.80000,2.75000,0.00000,0.00000
7202,312.68579,0.01808,Yakından incele · reunion2,False,True,-6.45000,1.62000,-21.80000,2.75000,0.00000,0.00000
7203,312.70108,0.01529,Yakından incele · reunion2,False,True,-6.45000,1.62000,-21.80000,2.75000,0.00000,0.00000
7204,312.72178,0.02070,Yakından incele · reunion2,False,True,-6.45000,1.62000,-21.80000,2.75000,0.00000,0.00000
7205,312.73468,0.01290,Yakından incele · reunion2,False,True,-6.45000,1.62000,-21.80000,2.75000,0.00000,0.00000
7206,312.75198,0.01730,Yakından incele · reunion2,False,True,-6.45000,1.62000,-21.80000,2.75000,0.00000,0.00000
7207,312.76825,0.01627,Yakından incele · reunion2,False,True,-6.45000,1.62000,-21.80000,2.75000,0.00000,0.00000
7208,312.78463,0.01638,Yakından incele · reunion2,False,True,-6.45000,1.62000,-21.80000,2.75000,0.00000,0.00000
7209,312.80151,0.01689,Yakından incele · reunion2,False,True,-6.45000,1.62000,-21.80000,2.75000,0.00000,0.00000
7210,312.81797,0.01646,Yakından incele · reunion2,False,True,-6.45000,1.62000,-21.80000,2.75000,0.00000,0.00000
7211,312.83491,0.01694,Yakından incele · reunion2,False,True,-6.45000,1.62000,-21.80000,2.75000,0.00000,0.00000
7212,312.85213,0.01722,Yakından incele · reunion2,False,True,-6.45000,1.62000,-21.80000,2.75000,0.00000,0.00000
7213,312.86853,0.01640,Yakından incele · reunion2,False,True,-6.45000,1.62000,-21.80000,2.75000,0.00000,0.00000
7214,312.88573,0.01719,Yakından incele · reunion2,False,True,-6.45000,1.62000,-21.80000,2.75000,0.00000,0.00000
7215,312.90091,0.01518,Yakından incele · reunion2,False,True,-6.45000,1.62000,-21.80000,2.75000,0.00000,0.00000
7216,312.91798,0.01707,Yakından incele · reunion2,False,True,-6.45000,1.62000,-21.80000,2.75000,0.00000,0.00000
7217,312.93447,0.01649,Yakından incele · reunion2,False,True,-6.45000,1.62000,-21.80000,2.75000,0.00000,0.00000
7218,312.95125,0.01677,Yakından incele · reunion2,False,True,-6.45000,1.62000,-21.80000,2.75000,0.00000,0.00000
7219,312.96809,0.01684,Yakından incele · reunion2,False,True,-6.45000,1.62000,-21.80000,2.75000,0.00000,0.00000
7220,312.98447,0.01638,Yakından incele · reunion2,False,True,-6.45000,1.62000,-21.80000,2.75000,0.00000,0.00000
7221,313.00127,0.01680,Yakından incele · reunion2,False,True,-6.45000,1.62000,-21.80000,2.75000,0.00000,0.00000
7222,313.01870,0.01744,Yakından incele · reunion2,False,True,-6.45000,1.62000,-21.80000,2.75000,0.00000,0.00000
7223,313.03521,0.01651,Yakından incele · reunion2,False,True,-6.45000,1.62000,-21.80000,2.75000,0.00000,0.00000
7224,313.05128,0.01607,Yakından incele · reunion2,False,True,-6.45000,1.62000,-21.80000,2.75000,0.00000,0.00000
7225,313.06829,0.01701,Yakından incele · reunion2,False,True,-6.45000,1.62000,-21.80000,2.75000,0.00000,0.00000
7226,313.08498,0.01668,Yakından incele · reunion2,False,True,-6.45000,1.62000,-21.80000,2.75000,0.00000,0.00000
7227,313.10118,0.01620,Yakından incele · reunion2,False,True,-6.45000,1.62000,-21.80000,2.75000,0.00000,0.00000
7228,313.11814,0.01696,Yakından incele · reunion2,False,True,-6.45000,1.62000,-21.80000,2.75000,0.00000,0.00000
7229,313.13480,0.01666,Yakından incele · reunion2,False,True,-6.45000,1.62000,-21.80000,2.75000,0.00000,0.00000
7230,313.15143,0.01663,Yakından incele · reunion2,False,True,-6.45000,1.62000,-21.80000,2.75000,0.00000,0.00000
7231,313.16813,0.01670,Yakından incele · reunion2,False,True,-6.45000,1.62000,-21.80000,2.75000,0.00000,0.00000
7232,313.18443,0.01630,Yakından incele · reunion2,False,True,-6.45000,1.62000,-21.80000,2.75000,0.00000,0.00000
7233,313.20164,0.01721,Yakından incele · reunion2,False,True,-6.45000,1.62000,-21.80000,2.75000,0.00000,0.00000
7234,313.21819,0.01654,Yakından incele · reunion2,False,True,-6.45000,1.62000,-21.80000,2.75000,0.00000,0.00000
7235,313.23551,0.01733,Yakından incele · reunion2,False,True,-6.45000,1.62000,-21.80000,2.75000,0.00000,0.00000
7236,313.25111,0.01560,Yakından incele · reunion2,False,True,-6.45000,1.62000,-21.80000,2.75000,0.00000,0.00000
7237,313.26825,0.01713,Yakından incele · reunion2,False,True,-6.45000,1.62000,-21.80000,2.75000,0.00000,0.00000
7238,313.28546,0.01721,Yakından incele · reunion2,False,True,-6.45000,1.62000,-21.80000,2.75000,0.00000,0.00000
7239,313.30108,0.01562,Yakından incele · reunion2,False,True,-6.45000,1.62000,-21.80000,2.75000,0.00000,0.00000
7240,313.31875,0.01767,Yakından incele · reunion2,False,True,-6.45000,1.62000,-21.80000,2.75000,0.00000,0.00000
7241,313.33493,0.01618,Yakından incele · reunion2,False,True,-6.45000,1.62000,-21.80000,2.75000,0.00000,0.00000
7242,313.35160,0.01668,Yakından incele · reunion2,False,True,-6.45000,1.62000,-21.80000,2.75000,0.00000,0.00000
7243,313.36830,0.01670,Yakından incele · reunion2,False,True,-6.45000,1.62000,-21.80000,2.75000,0.00000,0.00000
7244,313.38500,0.01670,Yakından incele · reunion2,False,True,-6.45000,1.62000,-21.80000,2.75000,0.00000,0.00000
7245,313.40091,0.01591,Yakından incele · reunion2,False,True,-6.45000,1.62000,-21.80000,2.75000,0.00000,0.00000
7246,313.41832,0.01741,Yakından incele · reunion2,False,True,-6.45000,1.62000,-21.80000,2.75000,0.00000,0.00000
7247,313.43488,0.01656,Yakından incele · reunion2,False,True,-6.45000,1.62000,-21.80000,2.75000,0.00000,0.00000
7248,313.45206,0.01719,Yakından incele · reunion2,False,True,-6.45000,1.62000,-21.80000,2.75000,0.00000,0.00000
7249,313.46825,0.01618,Yakından incele · reunion2,False,True,-6.45000,1.62000,-21.80000,2.75000,0.00000,0.00000
7250,313.48472,0.01647,Yakından incele · reunion2,False,True,-6.45000,1.62000,-21.80000,2.75000,0.00000,0.00000
7251,313.50097,0.01625,Yakından incele · reunion2,False,True,-6.45000,1.62000,-21.80000,2.75000,0.00000,0.00000
7252,313.51845,0.01749,Yakından incele · reunion2,False,True,-6.45000,1.62000,-21.80000,2.75000,0.00000,0.00000
7253,313.53508,0.01663,Yakından incele · reunion2,False,True,-6.45000,1.62000,-21.80000,2.75000,0.00000,0.00000
7254,313.55140,0.01631,Yakından incele · reunion2,False,True,-6.45000,1.62000,-21.80000,2.75000,0.00000,0.00000
7255,313.56791,0.01651,Yakından incele · reunion2,False,True,-6.45000,1.62000,-21.80000,2.75000,0.00000,0.00000
7256,313.58458,0.01667,Yakından incele · reunion2,False,True,-6.45000,1.62000,-21.80000,2.75000,0.00000,0.00000
7257,313.60116,0.01658,Yakından incele · reunion2,False,True,-6.45000,1.62000,-21.80000,2.75000,0.00000,0.00000
7258,313.61900,0.01784,Yakından incele · reunion2,False,True,-6.45000,1.62000,-21.80000,2.75000,0.00000,0.00000
7259,313.63508,0.01608,Yakından incele · reunion2,False,True,-6.45000,1.62000,-21.80000,2.75000,0.00000,0.00000
7260,313.65136,0.01628,Yakından incele · reunion2,False,True,-6.45000,1.62000,-21.80000,2.75000,0.00000,0.00000
7261,313.66766,0.01630,Yakından incele · reunion2,False,True,-6.45000,1.62000,-21.80000,2.75000,0.00000,0.00000
7262,313.68491,0.01724,Yakından incele · reunion2,False,True,-6.45000,1.62000,-21.80000,2.75000,0.00000,0.00000
7263,313.70084,0.01594,Yakından incele · reunion2,False,True,-6.45000,1.62000,-21.80000,2.75000,0.00000,0.00000
7264,313.71808,0.01724,Yakından incele · reunion2,False,True,-6.45000,1.62000,-21.80000,2.75000,0.00000,0.00000
7265,313.73469,0.01661,Yakından incele · reunion2,False,True,-6.45000,1.62000,-21.80000,2.75000,0.00000,0.00000
7266,313.75143,0.01674,Yakından incele · reunion2,False,True,-6.45000,1.62000,-21.80000,2.75000,0.00000,0.00000
7267,313.76834,0.01691,Yakından incele · reunion2,False,True,-6.45000,1.62000,-21.80000,2.75000,0.00000,0.00000
7268,313.78483,0.01649,Yakından incele · reunion2,False,True,-6.45000,1.62000,-21.80000,2.75000,0.00000,0.00000
7269,313.80131,0.01647,Yakından incele · reunion2,False,True,-6.45000,1.62000,-21.80000,2.75000,0.00000,0.00000
7270,313.81809,0.01678,Yakından incele · reunion2,False,True,-6.45000,1.62000,-21.80000,2.75000,0.00000,0.00000
7271,313.83468,0.01659,Yakından incele · reunion2,False,True,-6.45000,1.62000,-21.80000,2.75000,0.00000,0.00000
7272,313.85119,0.01652,Yakından incele · reunion2,False,True,-6.45000,1.62000,-21.80000,2.75000,0.00000,0.00000
7273,313.86800,0.01680,Yakından incele · reunion2,False,True,-6.45000,1.62000,-21.80000,2.75000,0.00000,0.00000
7274,313.88549,0.01749,Yakından incele · reunion2,False,True,-6.45000,1.62000,-21.80000,2.75000,0.00000,0.00000
7275,313.90150,0.01601,Yakından incele · reunion2,False,True,-6.45000,1.62000,-21.80000,2.75000,0.00000,0.00000
7276,313.91822,0.01673,Yakından incele · reunion2,False,True,-6.45000,1.62000,-21.80000,2.75000,0.00000,0.00000
7277,313.93486,0.01664,Yakından incele · reunion2,False,True,-6.45000,1.62000,-21.80000,2.75000,0.00000,0.00000
7278,313.95194,0.01708,Yakından incele · reunion2,False,True,-6.45000,1.62000,-21.80000,2.75000,0.00000,0.00000
7279,313.96785,0.01590,Yakından incele · reunion2,False,True,-6.45000,1.62000,-21.80000,2.75000,0.00000,0.00000
7280,313.98440,0.01655,Yakından incele · reunion2,False,True,-6.45000,1.62000,-21.80000,2.75000,0.00000,0.00000
7281,314.00125,0.01685,Yakından incele · reunion2,False,True,-6.45000,1.62000,-21.80000,2.75000,0.00000,0.00000
7282,314.01764,0.01639,Yakından incele · reunion2,False,True,-6.45000,1.62000,-21.80000,2.75000,0.00000,0.00000
7283,314.03474,0.01711,Yakından incele · reunion2,False,True,-6.45000,1.62000,-21.80000,2.75000,0.00000,0.00000
7284,314.05132,0.01658,Yakından incele · reunion2,False,True,-6.45000,1.62000,-21.80000,2.75000,0.00000,0.00000
7285,314.06838,0.01706,Yakından incele · reunion2,False,True,-6.45000,1.62000,-21.80000,2.75000,0.00000,0.00000
7286,314.08438,0.01600,Yakından incele · reunion2,False,True,-6.45000,1.62000,-21.80000,2.75000,0.00000,0.00000
7287,314.10073,0.01634,Yakından incele · reunion2,False,True,-6.45000,1.62000,-21.80000,2.75000,0.00000,0.00000
7288,314.11771,0.01698,Yakından incele · reunion2,False,True,-6.45000,1.62000,-21.80000,2.75000,0.00000,0.00000
7289,314.13478,0.01707,Yakından incele · reunion2,False,True,-6.45000,1.62000,-21.80000,2.75000,0.00000,0.00000
7290,314.15123,0.01645,Yakından incele · reunion2,False,True,-6.45000,1.62000,-21.80000,2.75000,0.00000,0.00000
7291,314.16791,0.01668,Yakından incele · reunion2,False,True,-6.45000,1.62000,-21.80000,2.75000,0.00000,0.00000
7292,314.18437,0.01647,Yakından incele · reunion2,False,True,-6.45000,1.62000,-21.80000,2.75000,0.00000,0.00000
7293,314.20125,0.01687,Yakından incele · reunion2,False,True,-6.45000,1.62000,-21.80000,2.75000,0.00000,0.00000
7294,314.21788,0.01664,Yakından incele · reunion2,False,True,-6.45000,1.62000,-21.80000,2.75000,0.00000,0.00000
7295,314.23447,0.01658,Yakından incele · reunion2,False,True,-6.45000,1.62000,-21.80000,2.75000,0.00000,0.00000
7296,314.25174,0.01727,Yakından incele · reunion2,False,True,-6.45000,1.62000,-21.80000,2.75000,0.00000,0.00000
7297,314.26775,0.01601,Yakından incele · reunion2,False,True,-6.45000,1.62000,-21.80000,2.75000,0.00000,0.00000
7298,314.28441,0.01665,Yakından incele · reunion2,False,True,-6.45000,1.62000,-21.80000,2.75000,0.00000,0.00000
7299,314.30083,0.01643,Yakından incele · reunion2,False,True,-6.45000,1.62000,-21.80000,2.75000,0.00000,0.00000
7300,314.31836,0.01753,Yakından incele · reunion2,False,True,-6.45000,1.62000,-21.80000,2.75000,0.00000,0.00000
7301,314.33426,0.01590,Yakından incele · reunion2,False,True,-6.45000,1.62000,-21.80000,2.75000,0.00000,0.00000
7302,314.35122,0.01696,Yakından incele · reunion2,False,True,-6.45000,1.62000,-21.80000,2.75000,0.00000,0.00000
7303,314.36796,0.01674,Yakından incele · reunion2,False,True,-6.45000,1.62000,-21.80000,2.75000,0.00000,0.00000
7304,314.38432,0.01636,Yakından incele · reunion2,False,True,-6.45000,1.62000,-21.80000,2.75000,0.00000,0.00000
7305,314.40109,0.01678,Yakından incele · reunion2,False,True,-6.45000,1.62000,-21.80000,2.75000,0.00000,0.00000
7306,314.41810,0.01701,Yakından incele · reunion2,False,True,-6.45000,1.62000,-21.80000,2.75000,0.00000,0.00000
7307,314.43509,0.01698,Yakından incele · reunion2,False,True,-6.45000,1.62000,-21.80000,2.75000,0.00000,0.00000
7308,314.45139,0.01630,Yakından incele · reunion2,False,True,-6.45000,1.62000,-21.80000,2.75000,0.00000,0.00000
7309,314.46789,0.01650,Yakından incele · reunion2,False,True,-6.45000,1.62000,-21.80000,2.75000,0.00000,0.00000
7310,314.48468,0.01679,Yakından incele · reunion2,False,True,-6.45000,1.62000,-21.80000,2.75000,0.00000,0.00000
7311,314.50106,0.01638,Yakından incele · reunion2,False,True,-6.45000,1.62000,-21.80000,2.75000,0.00000,0.00000
7312,314.51759,0.01654,Yakından incele · reunion2,False,True,-6.45000,1.62000,-21.80000,2.75000,0.00000,0.00000
7313,314.53489,0.01730,Yakından incele · reunion2,False,True,-6.45000,1.62000,-21.80000,2.75000,0.00000,0.00000
7314,314.55131,0.01642,Yakından incele · reunion2,False,True,-6.45000,1.62000,-21.80000,2.75000,0.00000,0.00000
7315,314.56756,0.01625,Yakından incele · reunion2,False,True,-6.45000,1.62000,-21.80000,2.75000,0.00000,0.00000
7316,314.58484,0.01728,Yakından incele · reunion2,False,True,-6.45000,1.62000,-21.80000,2.75000,0.00000,0.00000
7317,314.60099,0.01616,Yakından incele · reunion2,False,True,-6.45000,1.62000,-21.80000,2.75000,0.00000,0.00000
7318,314.61798,0.01699,Yakından incele · reunion2,False,True,-6.45000,1.62000,-21.80000,2.75000,0.00000,0.00000
7319,314.63488,0.01690,Yakından incele · reunion2,False,True,-6.45000,1.62000,-21.80000,2.75000,0.00000,0.00000
7320,314.65119,0.01631,Yakından incele · reunion2,False,True,-6.45000,1.62000,-21.80000,2.75000,0.00000,0.00000
7321,314.66775,0.01656,Yakından incele · reunion2,False,True,-6.45000,1.62000,-21.80000,2.75000,0.00000,0.00000
7322,314.68443,0.01667,Yakından incele · reunion2,False,True,-6.45000,1.62000,-21.80000,2.75000,0.00000,0.00000
7323,314.70107,0.01665,Yakından incele · reunion2,False,True,-6.45000,1.62000,-21.80000,2.75000,0.00000,0.00000
7324,314.71834,0.01727,Yakından incele · reunion2,False,True,-6.45000,1.62000,-21.80000,2.75000,0.00000,0.00000
7325,314.73445,0.01611,Yakından incele · reunion2,False,True,-6.45000,1.62000,-21.80000,2.75000,0.00000,0.00000
7326,314.75124,0.01680,Yakından incele · reunion2,False,True,-6.45000,1.62000,-21.80000,2.75000,0.00000,0.00000
7327,314.76761,0.01637,Yakından incele · reunion2,False,True,-6.45000,1.62000,-21.80000,2.75000,0.00000,0.00000
7328,314.78435,0.01674,Yakından incele · reunion2,False,True,-6.45000,1.62000,-21.80000,2.75000,0.00000,0.00000
7329,314.80106,0.01671,Yakından incele · reunion2,False,True,-6.45000,1.62000,-21.80000,2.75000,0.00000,0.00000
7330,314.81831,0.01725,Yakından incele · reunion2,False,True,-6.45000,1.62000,-21.80000,2.75000,0.00000,0.00000
7331,314.83529,0.01698,Yakından incele · reunion2,False,True,-6.45000,1.62000,-21.80000,2.75000,0.00000,0.00000
7332,314.85123,0.01594,Yakından incele · reunion2,False,True,-6.45000,1.62000,-21.80000,2.75000,0.00000,0.00000
7333,314.86802,0.01679,Yakından incele · reunion2,False,True,-6.45000,1.62000,-21.80000,2.75000,0.00000,0.00000
7334,314.88502,0.01700,Yakından incele · reunion2,False,True,-6.45000,1.62000,-21.80000,2.75000,0.00000,0.00000
7335,314.90139,0.01638,Yakından incele · reunion2,False,True,-6.45000,1.62000,-21.80000,2.75000,0.00000,0.00000
7336,314.91798,0.01659,Yakından incele · reunion2,False,True,-6.45000,1.62000,-21.80000,2.75000,0.00000,0.00000
7337,314.93441,0.01643,Yakından incele · reunion2,False,True,-6.45000,1.62000,-21.80000,2.75000,0.00000,0.00000
7338,314.95154,0.01713,Yakından incele · reunion2,False,True,-6.45000,1.62000,-21.80000,2.75000,0.00000,0.00000
7339,314.96933,0.01779,Yakından incele · reunion2,False,True,-6.45000,1.62000,-21.80000,2.75000,0.00000,0.00000
7340,314.98513,0.01580,Yakından incele · reunion2,False,True,-6.45000,1.62000,-21.80000,2.75000,0.00000,0.00000
7341,315.00128,0.01615,Yakından incele · reunion2,False,True,-6.45000,1.62000,-21.80000,2.75000,0.00000,0.00000
7342,315.01781,0.01652,Yakından incele · reunion2,False,True,-6.45000,1.62000,-21.80000,2.75000,0.00000,0.00000
7343,315.03440,0.01659,Yakından incele · reunion2,False,True,-6.45000,1.62000,-21.80000,2.75000,0.00000,0.00000
7344,315.05107,0.01667,Yakından incele · reunion2,False,True,-6.45000,1.62000,-21.80000,2.75000,0.00000,0.00000
7345,315.06835,0.01728,Yakından incele · reunion2,False,True,-6.45000,1.62000,-21.80000,2.75000,0.00000,0.00000
7346,315.08499,0.01664,Yakından incele · reunion2,False,True,-6.45000,1.62000,-21.80000,2.75000,0.00000,0.00000
7347,315.10128,0.01628,Yakından incele · reunion2,False,True,-6.45000,1.62000,-21.80000,2.75000,0.00000,0.00000
7348,315.11759,0.01632,Yakından incele · reunion2,False,True,-6.45000,1.62000,-21.80000,2.75000,0.00000,0.00000
7349,315.13485,0.01725,Yakından incele · reunion2,False,True,-6.45000,1.62000,-21.80000,2.75000,0.00000,0.00000
7350,315.15117,0.01632,Yakından incele · reunion2,False,True,-6.45000,1.62000,-21.80000,2.75000,0.00000,0.00000
7351,315.16746,0.01629,Yakından incele · reunion2,False,True,-6.45000,1.62000,-21.80000,2.75000,0.00000,0.00000
7352,315.18476,0.01730,Yakından incele · reunion2,False,True,-6.45000,1.62000,-21.80000,2.75000,0.00000,0.00000
7353,315.20143,0.01667,Yakından incele · reunion2,False,True,-6.45000,1.62000,-21.80000,2.75000,0.00000,0.00000
7354,315.21816,0.01673,Yakından incele · reunion2,False,True,-6.45000,1.62000,-21.80000,2.75000,0.00000,0.00000
7355,315.23508,0.01692,Yakından incele · reunion2,False,True,-6.45000,1.62000,-21.80000,2.75000,0.00000,0.00000
7356,315.25097,0.01589,Yakından incele · reunion2,False,True,-6.45000,1.62000,-21.80000,2.75000,0.00000,0.00000
7357,315.26795,0.01698,Yakından incele · reunion2,False,True,-6.45000,1.62000,-21.80000,2.75000,0.00000,0.00000
7358,315.28472,0.01676,Yakından incele · reunion2,False,True,-6.45000,1.62000,-21.80000,2.75000,0.00000,0.00000
7359,315.30105,0.01633,Yakından incele · reunion2,False,True,-6.45000,1.62000,-21.80000,2.75000,0.00000,0.00000
7360,315.31843,0.01738,Yakından incele · reunion2,False,True,-6.45000,1.62000,-21.80000,2.75000,0.00000,0.00000
7361,315.33454,0.01611,Yakından incele · reunion2,False,True,-6.45000,1.62000,-21.80000,2.75000,0.00000,0.00000
7362,315.35146,0.01692,Yakından incele · reunion2,False,True,-6.45000,1.62000,-21.80000,2.75000,0.00000,0.00000
7363,315.36796,0.01651,Yakından incele · reunion2,False,True,-6.45000,1.62000,-21.80000,2.75000,0.00000,0.00000
7364,315.38431,0.01635,Yakından incele · reunion2,False,True,-6.45000,1.62000,-21.80000,2.75000,0.00000,0.00000
7365,315.40161,0.01730,Yakından incele · reunion2,False,True,-6.45000,1.62000,-21.80000,2.75000,0.00000,0.00000
7366,315.41832,0.01670,Yakından incele · reunion2,False,True,-6.45000,1.62000,-21.80000,2.75000,0.00000,0.00000
7367,315.43482,0.01650,Yakından incele · reunion2,False,True,-6.45000,1.62000,-21.80000,2.75000,0.00000,0.00000
7368,315.45183,0.01701,Yakından incele · reunion2,False,True,-6.45000,1.62000,-21.80000,2.75000,0.00000,0.00000
7369,315.46845,0.01662,Yakından incele · reunion2,False,True,-6.45000,1.62000,-21.80000,2.75000,0.00000,0.00000
7370,315.48487,0.01642,Yakından incele · reunion2,False,True,-6.45000,1.62000,-21.80000,2.75000,0.00000,0.00000
7371,315.50183,0.01697,Yakından incele · reunion2,False,True,-6.45000,1.62000,-21.80000,2.75000,0.00000,0.00000
7372,315.51801,0.01618,Yakından incele · reunion2,False,True,-6.45000,1.62000,-21.80000,2.75000,0.00000,0.00000
7373,315.53507,0.01706,Yakından incele · reunion2,False,True,-6.45000,1.62000,-21.80000,2.75000,0.00000,0.00000
7374,315.55186,0.01680,Yakından incele · reunion2,False,True,-6.45000,1.62000,-21.80000,2.75000,0.00000,0.00000
7375,315.56837,0.01650,Yakından incele · reunion2,False,True,-6.45000,1.62000,-21.80000,2.75000,0.00000,0.00000
7376,315.58451,0.01615,Yakından incele · reunion2,False,True,-6.45000,1.62000,-21.80000,2.75000,0.00000,0.00000
7377,315.60174,0.01723,Yakından incele · reunion2,False,True,-6.45000,1.62000,-21.80000,2.75000,0.00000,0.00000
7378,315.61779,0.01604,Yakından incele · reunion2,False,True,-6.45000,1.62000,-21.80000,2.75000,0.00000,0.00000
7379,315.63521,0.01742,Yakından incele · reunion2,False,True,-6.45000,1.62000,-21.80000,2.75000,0.00000,0.00000
7380,315.65253,0.01733,Yakından incele · reunion2,False,True,-6.45000,1.62000,-21.80000,2.75000,0.00000,0.00000
7381,315.66866,0.01613,Yakından incele · reunion2,False,True,-6.45000,1.62000,-21.80000,2.75000,0.00000,0.00000
7382,315.68571,0.01705,Yakından incele · reunion2,False,True,-6.45000,1.62000,-21.80000,2.75000,0.00000,0.00000
7383,315.70180,0.01609,Yakından incele · reunion2,False,True,-6.45000,1.62000,-21.80000,2.75000,0.00000,0.00000
7384,315.71839,0.01658,Yakından incele · reunion2,False,True,-6.45000,1.62000,-21.80000,2.75000,0.00000,0.00000
7385,315.73440,0.01602,Yakından incele · reunion2,False,True,-6.45000,1.62000,-21.80000,2.75000,0.00000,0.00000
7386,315.75129,0.01688,Yakından incele · reunion2,False,True,-6.45000,1.62000,-21.80000,2.75000,0.00000,0.00000
7387,315.76767,0.01638,Yakından incele · reunion2,False,True,-6.45000,1.62000,-21.80000,2.75000,0.00000,0.00000
7388,315.78460,0.01693,Yakından incele · reunion2,False,True,-6.45000,1.62000,-21.80000,2.75000,0.00000,0.00000
7389,315.80216,0.01755,Yakından incele · reunion2,False,True,-6.45000,1.62000,-21.80000,2.75000,0.00000,0.00000
7390,315.81803,0.01587,Yakından incele · reunion2,False,True,-6.45000,1.62000,-21.80000,2.75000,0.00000,0.00000
7391,315.83476,0.01673,Yakından incele · reunion2,False,True,-6.45000,1.62000,-21.80000,2.75000,0.00000,0.00000
7392,315.85146,0.01670,Yakından incele · reunion2,False,True,-6.45000,1.62000,-21.80000,2.75000,0.00000,0.00000
7393,315.86858,0.01712,Yakından incele · reunion2,False,True,-6.45000,1.62000,-21.80000,2.75000,0.00000,0.00000
7394,315.88445,0.01587,Yakından incele · reunion2,False,True,-6.45000,1.62000,-21.80000,2.75000,0.00000,0.00000
7395,315.90098,0.01653,Yakından incele · reunion2,False,True,-6.45000,1.62000,-21.80000,2.75000,0.00000,0.00000
7396,315.91783,0.01685,Yakından incele · reunion2,False,True,-6.45000,1.62000,-21.80000,2.75000,0.00000,0.00000
7397,315.93462,0.01678,Yakından incele · reunion2,False,True,-6.45000,1.62000,-21.80000,2.75000,0.00000,0.00000
7398,315.95165,0.01704,Yakından incele · reunion2,False,True,-6.45000,1.62000,-21.80000,2.75000,0.00000,0.00000
7399,315.96845,0.01680,Yakından incele · reunion2,False,True,-6.45000,1.62000,-21.80000,2.75000,0.00000,0.00000
7400,315.98523,0.01678,Yakından incele · reunion2,False,True,-6.45000,1.62000,-21.80000,2.75000,0.00000,0.00000
7401,316.00119,0.01597,Yakından incele · reunion2,False,True,-6.45000,1.62000,-21.80000,2.75000,0.00000,0.00000
7402,316.01840,0.01721,Yakından incele · reunion2,False,True,-6.45000,1.62000,-21.80000,2.75000,0.00000,0.00000
7403,316.03432,0.01592,Yakından incele · reunion2,False,True,-6.45000,1.62000,-21.80000,2.75000,0.00000,0.00000
7404,316.05144,0.01712,Yakından incele · reunion2,False,True,-6.45000,1.62000,-21.80000,2.75000,0.00000,0.00000
7405,316.06840,0.01696,Yakından incele · reunion2,False,True,-6.45000,1.62000,-21.80000,2.75000,0.00000,0.00000
7406,316.08480,0.01640,Yakından incele · reunion2,False,True,-6.45000,1.62000,-21.80000,2.75000,0.00000,0.00000
7407,316.10135,0.01655,Yakından incele · reunion2,False,True,-6.45000,1.62000,-21.80000,2.75000,0.00000,0.00000
7408,316.11782,0.01647,Yakından incele · reunion2,False,True,-6.45000,1.62000,-21.80000,2.75000,0.00000,0.00000
7409,316.13502,0.01720,Yakından incele · reunion2,False,True,-6.45000,1.62000,-21.80000,2.75000,0.00000,0.00000
7410,316.15186,0.01684,Yakından incele · reunion2,False,True,-6.45000,1.62000,-21.80000,2.75000,0.00000,0.00000
7411,316.16817,0.01631,Yakından incele · reunion2,False,True,-6.45000,1.62000,-21.80000,2.75000,0.00000,0.00000
7412,316.18499,0.01683,Yakından incele · reunion2,False,True,-6.45000,1.62000,-21.80000,2.75000,0.00000,0.00000
7413,316.20127,0.01627,Yakından incele · reunion2,False,True,-6.45000,1.62000,-21.80000,2.75000,0.00000,0.00000
7414,316.21802,0.01675,Yakından incele · reunion2,False,True,-6.45000,1.62000,-21.80000,2.75000,0.00000,0.00000
7415,316.23442,0.01640,Yakından incele · reunion2,False,True,-6.45000,1.62000,-21.80000,2.75000,0.00000,0.00000
7416,316.25097,0.01655,Yakından incele · reunion2,False,True,-6.45000,1.62000,-21.80000,2.75000,0.00000,0.00000
7417,316.26833,0.01736,Yakından incele · reunion2,False,True,-6.45000,1.62000,-21.80000,2.75000,0.00000,0.00000
7418,316.28444,0.01611,Yakından incele · reunion2,False,True,-6.45000,1.62000,-21.80000,2.75000,0.00000,0.00000
7419,316.30117,0.01673,Yakından incele · reunion2,False,True,-6.45000,1.62000,-21.80000,2.75000,0.00000,0.00000
7420,316.31825,0.01708,Yakından incele · reunion2,False,True,-6.45000,1.62000,-21.80000,2.75000,0.00000,0.00000
7421,316.33446,0.01621,Yakından incele · reunion2,False,True,-6.45000,1.62000,-21.80000,2.75000,0.00000,0.00000
7422,316.35171,0.01725,Yakından incele · reunion2,False,True,-6.45000,1.62000,-21.80000,2.75000,0.00000,0.00000
7423,316.36863,0.01691,Yakından incele · reunion2,False,True,-6.45000,1.62000,-21.80000,2.75000,0.00000,0.00000
7424,316.38474,0.01612,Yakından incele · reunion2,False,True,-6.45000,1.62000,-21.80000,2.75000,0.00000,0.00000
7425,316.40130,0.01656,Yakından incele · reunion2,False,True,-6.45000,1.62000,-21.80000,2.75000,0.00000,0.00000
7426,316.41810,0.01681,Yakından incele · reunion2,False,True,-6.45000,1.62000,-21.80000,2.75000,0.00000,0.00000
7427,316.43506,0.01696,Yakından incele · reunion2,False,True,-6.45000,1.62000,-21.80000,2.75000,0.00000,0.00000
7428,316.45152,0.01646,Yakından incele · reunion2,False,True,-6.45000,1.62000,-21.80000,2.75000,0.00000,0.00000
7429,316.46800,0.01648,Yakından incele · reunion2,False,True,-6.45000,1.62000,-21.80000,2.75000,0.00000,0.00000
7430,316.48446,0.01646,Yakından incele · reunion2,False,True,-6.45000,1.62000,-21.80000,2.75000,0.00000,0.00000
7431,316.50136,0.01690,Yakından incele · reunion2,False,True,-6.45000,1.62000,-21.80000,2.75000,0.00000,0.00000
7432,316.51769,0.01634,Yakından incele · reunion2,False,True,-6.45000,1.62000,-21.80000,2.75000,0.00000,0.00000
7433,316.53513,0.01743,Yakından incele · reunion2,False,True,-6.45000,1.62000,-21.80000,2.75000,0.00000,0.00000
7434,316.55198,0.01685,Yakından incele · reunion2,False,True,-6.45000,1.62000,-21.80000,2.75000,0.00000,0.00000
7435,316.56791,0.01593,Yakından incele · reunion2,False,True,-6.45000,1.62000,-21.80000,2.75000,0.00000,0.00000
7436,316.58491,0.01700,Yakından incele · reunion2,False,True,-6.45000,1.62000,-21.80000,2.75000,0.00000,0.00000
7437,316.60112,0.01621,Yakından incele · reunion2,False,True,-6.45000,1.62000,-21.80000,2.75000,0.00000,0.00000
7438,316.61773,0.01661,Yakından incele · reunion2,False,True,-6.45000,1.62000,-21.80000,2.75000,0.00000,0.00000
7439,316.63488,0.01714,Yakından incele · reunion2,False,True,-6.45000,1.62000,-21.80000,2.75000,0.00000,0.00000
7440,316.65131,0.01643,Yakından incele · reunion2,False,True,-6.45000,1.62000,-21.80000,2.75000,0.00000,0.00000
7441,316.66795,0.01664,Yakından incele · reunion2,False,True,-6.45000,1.62000,-21.80000,2.75000,0.00000,0.00000
7442,316.68446,0.01651,Yakından incele · reunion2,False,True,-6.45000,1.62000,-21.80000,2.75000,0.00000,0.00000
7443,316.70106,0.01661,Yakından incele · reunion2,False,True,-6.45000,1.62000,-21.80000,2.75000,0.00000,0.00000
7444,316.71833,0.01726,Yakından incele · reunion2,False,True,-6.45000,1.62000,-21.80000,2.75000,0.00000,0.00000
7445,316.73483,0.01650,Yakından incele · reunion2,False,True,-6.45000,1.62000,-21.80000,2.75000,0.00000,0.00000
7446,316.75159,0.01676,Yakından incele · reunion2,False,True,-6.45000,1.62000,-21.80000,2.75000,0.00000,0.00000
7447,316.76850,0.01691,Yakından incele · reunion2,False,True,-6.45000,1.62000,-21.80000,2.75000,0.00000,0.00000
7448,316.78495,0.01645,Yakından incele · reunion2,False,True,-6.45000,1.62000,-21.80000,2.75000,0.00000,0.00000
7449,316.80149,0.01653,Yakından incele · reunion2,False,True,-6.45000,1.62000,-21.80000,2.75000,0.00000,0.00000
7450,316.81791,0.01643,Yakından incele · reunion2,False,True,-6.45000,1.62000,-21.80000,2.75000,0.00000,0.00000
7451,316.83517,0.01725,Yakından incele · reunion2,False,True,-6.45000,1.62000,-21.80000,2.75000,0.00000,0.00000
7452,316.85123,0.01606,Yakından incele · reunion2,False,True,-6.45000,1.62000,-21.80000,2.75000,0.00000,0.00000
7453,316.86817,0.01695,Yakından incele · reunion2,False,True,-6.45000,1.62000,-21.80000,2.75000,0.00000,0.00000
7454,316.88497,0.01680,Yakından incele · reunion2,False,True,-6.45000,1.62000,-21.80000,2.75000,0.00000,0.00000
7455,316.90192,0.01695,Yakından incele · reunion2,False,True,-6.45000,1.62000,-21.80000,2.75000,0.00000,0.00000
7456,316.91911,0.01719,Yakından incele · reunion2,False,True,-6.45000,1.62000,-21.80000,2.75000,0.00000,0.00000
7457,316.93531,0.01620,Yakından incele · reunion2,False,True,-6.45000,1.62000,-21.80000,2.75000,0.00000,0.00000
7458,316.95148,0.01617,Yakından incele · reunion2,False,True,-6.45000,1.62000,-21.80000,2.75000,0.00000,0.00000
7459,316.96817,0.01669,Yakından incele · reunion2,False,True,-6.45000,1.62000,-21.80000,2.75000,0.00000,0.00000
7460,316.98561,0.01744,Yakından incele · reunion2,False,True,-6.45000,1.62000,-21.80000,2.75000,0.00000,0.00000
7461,317.00138,0.01576,Yakından incele · reunion2,False,True,-6.45000,1.62000,-21.80000,2.75000,0.00000,0.00000
7462,317.01796,0.01658,Yakından incele · reunion2,False,True,-6.45000,1.62000,-21.80000,2.75000,0.00000,0.00000
7463,317.03462,0.01666,Yakından incele · reunion2,False,True,-6.45000,1.62000,-21.80000,2.75000,0.00000,0.00000
7464,317.05158,0.01696,Yakından incele · reunion2,False,True,-6.45000,1.62000,-21.80000,2.75000,0.00000,0.00000
7465,317.06829,0.01671,Yakından incele · reunion2,False,True,-6.45000,1.62000,-21.80000,2.75000,0.00000,0.00000
7466,317.08467,0.01638,Yakından incele · reunion2,False,True,-6.45000,1.62000,-21.80000,2.75000,0.00000,0.00000
7467,317.10138,0.01671,Yakından incele · reunion2,False,True,-6.45000,1.62000,-21.80000,2.75000,0.00000,0.00000
7468,317.11824,0.01687,Yakından incele · reunion2,False,True,-6.45000,1.62000,-21.80000,2.75000,0.00000,0.00000
7469,317.13428,0.01604,Yakından incele · reunion2,False,True,-6.45000,1.62000,-21.80000,2.75000,0.00000,0.00000
7470,317.15105,0.01677,Yakından incele · reunion2,False,True,-6.45000,1.62000,-21.80000,2.75000,0.00000,0.00000
7471,317.16779,0.01674,Yakından incele · reunion2,False,True,-6.45000,1.62000,-21.80000,2.75000,0.00000,0.00000
7472,317.18430,0.01651,Yakından incele · reunion2,False,True,-6.45000,1.62000,-21.80000,2.75000,0.00000,0.00000
7473,317.20172,0.01742,Yakından incele · reunion2,False,True,-6.45000,1.62000,-21.80000,2.75000,0.00000,0.00000
7474,317.21869,0.01697,Yakından incele · reunion2,False,True,-6.45000,1.62000,-21.80000,2.75000,0.00000,0.00000
7475,317.23504,0.01635,Yakından incele · reunion2,False,True,-6.45000,1.62000,-21.80000,2.75000,0.00000,0.00000
7476,317.25112,0.01607,Yakından incele · reunion2,False,True,-6.45000,1.62000,-21.80000,2.75000,0.00000,0.00000
7477,317.26760,0.01649,Yakından incele · reunion2,False,True,-6.45000,1.62000,-21.80000,2.75000,0.00000,0.00000
7478,317.28485,0.01725,Yakından incele · reunion2,False,True,-6.45000,1.62000,-21.80000,2.75000,0.00000,0.00000
7479,317.30148,0.01663,Yakından incele · reunion2,False,True,-6.45000,1.62000,-21.80000,2.75000,0.00000,0.00000
7480,317.31756,0.01608,Yakından incele · reunion2,False,True,-6.45000,1.62000,-21.80000,2.75000,0.00000,0.00000
7481,317.33455,0.01699,Yakından incele · reunion2,False,True,-6.45000,1.62000,-21.80000,2.75000,0.00000,0.00000
7482,317.35167,0.01712,Yakından incele · reunion2,False,True,-6.45000,1.62000,-21.80000,2.75000,0.00000,0.00000
7483,317.36762,0.01594,Yakından incele · reunion2,False,True,-6.45000,1.62000,-21.80000,2.75000,0.00000,0.00000
7484,317.38473,0.01711,Yakından incele · reunion2,False,True,-6.45000,1.62000,-21.80000,2.75000,0.00000,0.00000
7485,317.40144,0.01671,Yakından incele · reunion2,False,True,-6.45000,1.62000,-21.80000,2.75000,0.00000,0.00000
7486,317.41815,0.01671,Yakından incele · reunion2,False,True,-6.45000,1.62000,-21.80000,2.75000,0.00000,0.00000
7487,317.43561,0.01746,Yakından incele · reunion2,False,True,-6.45000,1.62000,-21.80000,2.75000,0.00000,0.00000
7488,317.45140,0.01579,Yakından incele · reunion2,False,True,-6.45000,1.62000,-21.80000,2.75000,0.00000,0.00000
7489,317.46799,0.01658,Yakından incele · reunion2,False,True,-6.45000,1.62000,-21.80000,2.75000,0.00000,0.00000
7490,317.48434,0.01635,Yakından incele · reunion2,False,True,-6.45000,1.62000,-21.80000,2.75000,0.00000,0.00000
7491,317.50119,0.01685,Yakından incele · reunion2,False,True,-6.45000,1.62000,-21.80000,2.75000,0.00000,0.00000
7492,317.51784,0.01664,Yakından incele · reunion2,False,True,-6.45000,1.62000,-21.80000,2.75000,0.00000,0.00000
7493,317.53467,0.01683,Yakından incele · reunion2,False,True,-6.45000,1.62000,-21.80000,2.75000,0.00000,0.00000
7494,317.55103,0.01637,Yakından incele · reunion2,False,True,-6.45000,1.62000,-21.80000,2.75000,0.00000,0.00000
7495,317.56806,0.01702,Yakından incele · reunion2,False,True,-6.45000,1.62000,-21.80000,2.75000,0.00000,0.00000
7496,317.58419,0.01614,Yakından incele · reunion2,False,True,-6.45000,1.62000,-21.80000,2.75000,0.00000,0.00000
7497,317.60251,0.01831,Yakından incele · reunion2,False,True,-6.45000,1.62000,-21.80000,2.75000,0.00000,0.00000
7498,317.61886,0.01635,Yakından incele · reunion2,False,True,-6.45000,1.62000,-21.80000,2.75000,0.00000,0.00000
7499,317.63448,0.01561,Yakından incele · reunion2,False,True,-6.45000,1.62000,-21.80000,2.75000,0.00000,0.00000
7500,317.65137,0.01690,Yakından incele · reunion2,False,True,-6.45000,1.62000,-21.80000,2.75000,0.00000,0.00000
7501,317.66862,0.01725,Yakından incele · reunion2,False,True,-6.45000,1.62000,-21.80000,2.75000,0.00000,0.00000
7502,317.68479,0.01617,Yakından incele · reunion2,False,True,-6.45000,1.62000,-21.80000,2.75000,0.00000,0.00000
7503,317.70119,0.01639,Yakından incele · reunion2,False,True,-6.45000,1.62000,-21.80000,2.75000,0.00000,0.00000
7504,317.71787,0.01669,Yakından incele · reunion2,False,True,-6.45000,1.62000,-21.80000,2.75000,0.00000,0.00000
7505,317.73457,0.01670,Yakından incele · reunion2,False,True,-6.45000,1.62000,-21.80000,2.75000,0.00000,0.00000
7506,317.75158,0.01701,Yakından incele · reunion2,False,True,-6.45000,1.62000,-21.80000,2.75000,0.00000,0.00000
7507,317.76825,0.01667,Yakından incele · reunion2,False,True,-6.45000,1.62000,-21.80000,2.75000,0.00000,0.00000
7508,317.78444,0.01620,Yakından incele · reunion2,False,True,-6.45000,1.62000,-21.80000,2.75000,0.00000,0.00000
7509,317.80127,0.01682,Yakından incele · reunion2,False,True,-6.45000,1.62000,-21.80000,2.75000,0.00000,0.00000
7510,317.81685,0.01558,Yakından incele · reunion2,False,True,-6.45000,1.62000,-21.80000,2.75000,0.00000,0.00000
7511,317.83597,0.01912,Yakından incele · reunion2,False,True,-6.45000,1.62000,-21.80000,2.75000,0.00000,0.00000
7512,317.85272,0.01675,Yakından incele · reunion2,False,True,-6.45000,1.62000,-21.80000,2.75000,0.00000,0.00000
7513,317.86949,0.01678,Yakından incele · reunion2,False,True,-6.45000,1.62000,-21.80000,2.75000,0.00000,0.00000
7514,317.88620,0.01671,Yakından incele · reunion2,False,True,-6.45000,1.62000,-21.80000,2.75000,0.00000,0.00000
7515,317.90215,0.01594,Yakından incele · reunion2,False,True,-6.45000,1.62000,-21.80000,2.75000,0.00000,0.00000
7516,317.91929,0.01715,Yakından incele · reunion2,False,True,-6.45000,1.62000,-21.80000,2.75000,0.00000,0.00000
7517,317.93559,0.01630,Yakından incele · reunion2,False,True,-6.45000,1.62000,-21.80000,2.75000,0.00000,0.00000
7518,317.95212,0.01654,Yakından incele · reunion2,False,True,-6.45000,1.62000,-21.80000,2.75000,0.00000,0.00000
7519,317.96938,0.01726,Yakından incele · reunion2,False,True,-6.45000,1.62000,-21.80000,2.75000,0.00000,0.00000
7520,317.98623,0.01685,Yakından incele · reunion2,False,True,-6.45000,1.62000,-21.80000,2.75000,0.00000,0.00000
7521,318.00269,0.01646,Yakından incele · reunion2,False,True,-6.45000,1.62000,-21.80000,2.75000,0.00000,0.00000
7522,318.04276,0.04007,Yakından incele · reunion2,False,True,-6.45000,1.62000,-21.80000,2.75000,0.00000,0.00000
7523,318.05064,0.00788,Yakından incele · reunion2,False,True,-6.45000,1.62000,-21.80000,2.75000,0.00000,0.00000
7524,318.06337,0.01273,Yakından incele · reunion2,False,True,-6.45000,1.62000,-21.80000,2.75000,0.00000,0.00000
7525,318.07963,0.01626,Yakından incele · reunion2,False,True,-6.45000,1.62000,-21.80000,2.75000,0.00000,0.00000
7526,318.09645,0.01682,Yakından incele · reunion2,False,True,-6.45000,1.62000,-21.80000,2.75000,0.00000,0.00000
7527,318.11399,0.01754,Yakından incele · reunion2,False,True,-6.45000,1.62000,-21.80000,2.75000,0.00000,0.00000
7528,318.12997,0.01597,Yakından incele · reunion2,False,True,-6.45000,1.62000,-21.80000,2.75000,0.00000,0.00000
7529,318.14637,0.01640,Yakından incele · reunion2,False,True,-6.45000,1.62000,-21.80000,2.75000,0.00000,0.00000
7530,318.16315,0.01678,Yakından incele · reunion2,False,True,-6.45000,1.62000,-21.80000,2.75000,0.00000,0.00000
7531,318.17931,0.01616,Yakından incele · reunion2,False,True,-6.45000,1.62000,-21.80000,2.75000,0.00000,0.00000
7532,318.19657,0.01726,Yakından incele · reunion2,False,True,-6.45000,1.62000,-21.80000,2.75000,0.00000,0.00000
7533,318.21285,0.01627,Yakından incele · reunion2,False,True,-6.45000,1.62000,-21.80000,2.75000,0.00000,0.00000
7534,318.22980,0.01695,Yakından incele · reunion2,False,True,-6.45000,1.62000,-21.80000,2.75000,0.00000,0.00000
7535,318.24650,0.01670,Yakından incele · reunion2,False,True,-6.45000,1.62000,-21.80000,2.75000,0.00000,0.00000
7536,318.26374,0.01724,Yakından incele · reunion2,False,True,-6.45000,1.62000,-21.80000,2.75000,0.00000,0.00000
7537,318.28018,0.01644,Yakından incele · reunion2,False,True,-6.45000,1.62000,-21.80000,2.75000,0.00000,0.00000
7538,318.29666,0.01648,Yakından incele · reunion2,False,True,-6.45000,1.62000,-21.80000,2.75000,0.00000,0.00000
7539,318.31377,0.01711,Yakından incele · reunion2,False,True,-6.45000,1.62000,-21.80000,2.75000,0.00000,0.00000
7540,318.33037,0.01660,Yakından incele · reunion2,False,True,-6.45000,1.62000,-21.80000,2.75000,0.00000,0.00000
7541,318.34700,0.01663,Yakından incele · reunion2,False,True,-6.45000,1.62000,-21.80000,2.75000,0.00000,0.00000
7542,318.36335,0.01635,Yakından incele · reunion2,False,True,-6.45000,1.62000,-21.80000,2.75000,0.00000,0.00000
7543,318.37966,0.01631,Yakından incele · reunion2,False,True,-6.45000,1.62000,-21.80000,2.75000,0.00000,0.00000
7544,318.39631,0.01665,Yakından incele · reunion2,False,True,-6.45000,1.62000,-21.80000,2.75000,0.00000,0.00000
7545,318.41315,0.01684,Yakından incele · reunion2,False,True,-6.45000,1.62000,-21.80000,2.75000,0.00000,0.00000
7546,318.43011,0.01696,Yakından incele · reunion2,False,True,-6.45000,1.62000,-21.80000,2.75000,0.00000,0.00000
7547,318.44590,0.01579,Yakından incele · reunion2,False,True,-6.45000,1.62000,-21.80000,2.75000,0.00000,0.00000
7548,318.46285,0.01695,Yakından incele · reunion2,False,True,-6.45000,1.62000,-21.80000,2.75000,0.00000,0.00000
7549,318.47996,0.01712,Yakından incele · reunion2,False,True,-6.45000,1.62000,-21.80000,2.75000,0.00000,0.00000
7550,318.49675,0.01679,Yakından incele · reunion2,False,True,-6.45000,1.62000,-21.80000,2.75000,0.00000,0.00000
7551,318.51323,0.01648,Yakından incele · reunion2,False,True,-6.45000,1.62000,-21.80000,2.75000,0.00000,0.00000
7552,318.52985,0.01662,Yakından incele · reunion2,False,True,-6.45000,1.62000,-21.80000,2.75000,0.00000,0.00000
7553,318.54624,0.01638,Yakından incele · reunion2,False,True,-6.45000,1.62000,-21.80000,2.75000,0.00000,0.00000
7554,318.56353,0.01729,Yakından incele · reunion2,False,True,-6.45000,1.62000,-21.80000,2.75000,0.00000,0.00000
7555,318.57937,0.01584,Yakından incele · reunion2,False,True,-6.45000,1.62000,-21.80000,2.75000,0.00000,0.00000
7556,318.59693,0.01756,Yakından incele · reunion2,False,True,-6.45000,1.62000,-21.80000,2.75000,0.00000,0.00000
7557,318.61275,0.01582,Yakından incele · reunion2,False,True,-6.45000,1.62000,-21.80000,2.75000,0.00000,0.00000
7558,318.63058,0.01783,Yakından incele · reunion2,False,True,-6.45000,1.62000,-21.80000,2.75000,0.00000,0.00000
7559,318.64712,0.01654,Yakından incele · reunion2,False,True,-6.45000,1.62000,-21.80000,2.75000,0.00000,0.00000
7560,318.66339,0.01627,Yakından incele · reunion2,False,True,-6.45000,1.62000,-21.80000,2.75000,0.00000,0.00000
7561,318.67926,0.01588,Yakından incele · reunion2,False,True,-6.45000,1.62000,-21.80000,2.75000,0.00000,0.00000
7562,318.69641,0.01714,Yakından incele · reunion2,False,True,-6.45000,1.62000,-21.80000,2.75000,0.00000,0.00000
7563,318.71282,0.01641,Yakından incele · reunion2,False,True,-6.45000,1.62000,-21.80000,2.75000,0.00000,0.00000
7564,318.72976,0.01695,Yakından incele · reunion2,False,True,-6.45000,1.62000,-21.80000,2.75000,0.00000,0.00000
7565,318.74623,0.01647,Yakından incele · reunion2,False,True,-6.45000,1.62000,-21.80000,2.75000,0.00000,0.00000
7566,318.76306,0.01683,Yakından incele · reunion2,False,True,-6.45000,1.62000,-21.80000,2.75000,0.00000,0.00000
7567,318.77920,0.01613,Yakından incele · reunion2,False,True,-6.45000,1.62000,-21.80000,2.75000,0.00000,0.00000
7568,318.79631,0.01711,Yakından incele · reunion2,False,True,-6.45000,1.62000,-21.80000,2.75000,0.00000,0.00000
7569,318.81308,0.01678,Yakından incele · reunion2,False,True,-6.45000,1.62000,-21.80000,2.75000,0.00000,0.00000
7570,318.82985,0.01677,Yakından incele · reunion2,False,True,-6.45000,1.62000,-21.80000,2.75000,0.00000,0.00000
7571,318.84631,0.01646,Yakından incele · reunion2,False,True,-6.45000,1.62000,-21.80000,2.75000,0.00000,0.00000
7572,318.86326,0.01695,Yakından incele · reunion2,False,True,-6.45000,1.62000,-21.80000,2.75000,0.00000,0.00000
7573,318.87969,0.01642,Yakından incele · reunion2,False,True,-6.45000,1.62000,-21.80000,2.75000,0.00000,0.00000
7574,318.89705,0.01737,Yakından incele · reunion2,False,True,-6.45000,1.62000,-21.80000,2.75000,0.00000,0.00000
7575,318.91258,0.01552,Yakından incele · reunion2,False,True,-6.45000,1.62000,-21.80000,2.75000,0.00000,0.00000
7576,318.92948,0.01690,Yakından incele · reunion2,False,True,-6.45000,1.62000,-21.80000,2.75000,0.00000,0.00000
7577,318.94681,0.01734,Yakından incele · reunion2,False,True,-6.45000,1.62000,-21.80000,2.75000,0.00000,0.00000
7578,318.96379,0.01697,Yakından incele · reunion2,False,True,-6.45000,1.62000,-21.80000,2.75000,0.00000,0.00000
7579,318.97944,0.01566,Yakından incele · reunion2,False,True,-6.45000,1.62000,-21.80000,2.75000,0.00000,0.00000
7580,318.99603,0.01659,Yakından incele · reunion2,False,True,-6.45000,1.62000,-21.80000,2.75000,0.00000,0.00000
7581,319.01331,0.01728,Yakından incele · reunion2,False,True,-6.45000,1.62000,-21.80000,2.75000,0.00000,0.00000
7582,319.02978,0.01647,Yakından incele · reunion2,False,True,-6.45000,1.62000,-21.80000,2.75000,0.00000,0.00000
7583,319.04582,0.01604,Yakından incele · reunion2,False,True,-6.45000,1.62000,-21.80000,2.75000,0.00000,0.00000
7584,319.06266,0.01684,Yakından incele · reunion2,False,True,-6.45000,1.62000,-21.80000,2.75000,0.00000,0.00000
7585,319.07966,0.01700,Yakından incele · reunion2,False,True,-6.45000,1.62000,-21.80000,2.75000,0.00000,0.00000
7586,319.09642,0.01675,Yakından incele · reunion2,False,True,-6.45000,1.62000,-21.80000,2.75000,0.00000,0.00000
7587,319.11281,0.01639,Yakından incele · reunion2,False,True,-6.45000,1.62000,-21.80000,2.75000,0.00000,0.00000
7588,319.12945,0.01664,Yakından incele · reunion2,False,True,-6.45000,1.62000,-21.80000,2.75000,0.00000,0.00000
7589,319.14614,0.01668,Yakından incele · reunion2,False,True,-6.45000,1.62000,-21.80000,2.75000,0.00000,0.00000
7590,319.16352,0.01739,Yakından incele · reunion2,False,True,-6.45000,1.62000,-21.80000,2.75000,0.00000,0.00000
7591,319.17977,0.01624,Yakından incele · reunion2,False,True,-6.45000,1.62000,-21.80000,2.75000,0.00000,0.00000
7592,319.19621,0.01644,Yakından incele · reunion2,False,True,-6.45000,1.62000,-21.80000,2.75000,0.00000,0.00000
7593,319.21245,0.01624,Yakından incele · reunion2,False,True,-6.45000,1.62000,-21.80000,2.75000,0.00000,0.00000
7594,319.22958,0.01713,Yakından incele · reunion2,False,True,-6.45000,1.62000,-21.80000,2.75000,0.00000,0.00000
7595,319.24679,0.01720,Yakından incele · reunion2,False,True,-6.45000,1.62000,-21.80000,2.75000,0.00000,0.00000
7596,319.26337,0.01659,Yakından incele · reunion2,False,True,-6.45000,1.62000,-21.80000,2.75000,0.00000,0.00000
7597,319.27944,0.01607,Yakından incele · reunion2,False,True,-6.45000,1.62000,-21.80000,2.75000,0.00000,0.00000
7598,319.29700,0.01755,Yakından incele · reunion2,False,True,-6.45000,1.62000,-21.80000,2.75000,0.00000,0.00000
7599,319.31279,0.01579,Yakından incele · reunion2,False,True,-6.45000,1.62000,-21.80000,2.75000,0.00000,0.00000
7600,319.32964,0.01685,Yakından incele · reunion2,False,True,-6.45000,1.62000,-21.80000,2.75000,0.00000,0.00000
7601,319.34622,0.01658,Yakından incele · reunion2,False,True,-6.45000,1.62000,-21.80000,2.75000,0.00000,0.00000
7602,319.36299,0.01677,Yakından incele · reunion2,False,True,-6.45000,1.62000,-21.80000,2.75000,0.00000,0.00000
7603,319.37961,0.01662,Yakından incele · reunion2,False,True,-6.45000,1.62000,-21.80000,2.75000,0.00000,0.00000
7604,319.39683,0.01722,Yakından incele · reunion2,False,True,-6.45000,1.62000,-21.80000,2.75000,0.00000,0.00000
7605,319.41330,0.01648,Yakından incele · reunion2,False,True,-6.45000,1.62000,-21.80000,2.75000,0.00000,0.00000
7606,319.43017,0.01687,Yakından incele · reunion2,False,True,-6.45000,1.62000,-21.80000,2.75000,0.00000,0.00000
7607,319.44667,0.01650,Yakından incele · reunion2,False,True,-6.45000,1.62000,-21.80000,2.75000,0.00000,0.00000
7608,319.46305,0.01638,Yakından incele · reunion2,False,True,-6.45000,1.62000,-21.80000,2.75000,0.00000,0.00000
7609,319.47945,0.01641,Yakından incele · reunion2,False,True,-6.45000,1.62000,-21.80000,2.75000,0.00000,0.00000
7610,319.49624,0.01678,Yakından incele · reunion2,False,True,-6.45000,1.62000,-21.80000,2.75000,0.00000,0.00000
7611,319.51316,0.01692,Yakından incele · reunion2,False,True,-6.45000,1.62000,-21.80000,2.75000,0.00000,0.00000
7612,319.53053,0.01738,Yakından incele · reunion2,False,True,-6.45000,1.62000,-21.80000,2.75000,0.00000,0.00000
7613,319.54649,0.01596,Yakından incele · reunion2,False,True,-6.45000,1.62000,-21.80000,2.75000,0.00000,0.00000
7614,319.56346,0.01697,Yakından incele · reunion2,False,True,-6.45000,1.62000,-21.80000,2.75000,0.00000,0.00000
7615,319.58000,0.01654,Yakından incele · reunion2,False,True,-6.45000,1.62000,-21.80000,2.75000,0.00000,0.00000
7616,319.59593,0.01593,Yakından incele · reunion2,False,True,-6.45000,1.62000,-21.80000,2.75000,0.00000,0.00000
7617,319.61296,0.01703,Yakından incele · reunion2,False,True,-6.45000,1.62000,-21.80000,2.75000,0.00000,0.00000
7618,319.62960,0.01664,Yakından incele · reunion2,False,True,-6.45000,1.62000,-21.80000,2.75000,0.00000,0.00000
7619,319.64648,0.01688,Yakından incele · reunion2,False,True,-6.45000,1.62000,-21.80000,2.75000,0.00000,0.00000
7620,319.66288,0.01640,Yakından incele · reunion2,False,True,-6.45000,1.62000,-21.80000,2.75000,0.00000,0.00000
7621,319.67962,0.01674,Yakından incele · reunion2,False,True,-6.45000,1.62000,-21.80000,2.75000,0.00000,0.00000
7622,319.69584,0.01622,Yakından incele · reunion2,False,True,-6.45000,1.62000,-21.80000,2.75000,0.00000,0.00000
7623,319.71257,0.01672,Yakından incele · reunion2,False,True,-6.45000,1.62000,-21.80000,2.75000,0.00000,0.00000
