frame,time,dt,camera,blending,ortho,x,y,z,size,step,rotationStep
0,14.29579,0.00000,Yakından incele · introCarry,False,False,-1.75000,2.70000,-5.85000,2.60000,0.00000,0.00000
1,14.31205,0.01626,Yakından incele · introCarry,False,False,-1.75000,2.70000,-5.85000,2.60000,0.00000,0.00000
2,14.32743,0.01538,Yakından incele · introCarry,False,False,-1.75000,2.70000,-5.85000,2.60000,0.00000,0.00000
3,14.34521,0.01778,Yakından incele · introCarry,False,False,-1.75000,2.70000,-5.85000,2.60000,0.00000,0.00000
4,14.36371,0.01849,Yakından incele · introCarry,False,False,-1.75000,2.70000,-5.85000,2.60000,0.00000,0.00000
5,14.37923,0.01553,Yakından incele · introCarry,False,False,-1.75000,2.70000,-5.85000,2.60000,0.00000,0.00000
6,14.39523,0.01599,Yakından incele · introCarry,False,False,-1.75000,2.70000,-5.85000,2.60000,0.00000,0.00000
7,14.41234,0.01711,Yakından incele · introCarry,False,False,-1.75000,2.70000,-5.85000,2.60000,0.00000,0.00000
8,14.42771,0.01537,Yakından incele · introCarry,False,False,-1.75000,2.70000,-5.85000,2.60000,0.00000,0.00000
9,14.44402,0.01632,Yakından incele · introCarry,False,False,-1.75000,2.70000,-5.85000,2.60000,0.00000,0.00000
10,14.46093,0.01691,Yakından incele · introCarry,False,False,-1.75000,2.70000,-5.85000,2.60000,0.00000,0.00000
11,14.47744,0.01651,Yakından incele · introCarry,False,False,-1.75000,2.70000,-5.85000,2.60000,0.00000,0.00000
12,14.49404,0.01660,Yakından incele · introCarry,False,False,-1.75000,2.70000,-5.85000,2.60000,0.00000,0.00000
13,14.51219,0.01815,Yakından incele · introCarry,False,False,-1.75000,2.70000,-5.85000,2.60000,0.00000,0.00000
14,14.52784,0.01565,Yakından incele · introCarry,False,False,-1.75000,2.70000,-5.85000,2.60000,0.00000,0.00000
15,14.54646,0.01862,Yakından incele · introCarry,False,False,-1.75000,2.70000,-5.85000,2.60000,0.00000,0.00000
16,14.56223,0.01577,Yakından incele · introCarry,False,False,-1.75000,2.70000,-5.85000,2.60000,0.00000,0.00000
17,14.57831,0.01608,Yakından incele · introCarry,False,False,-1.75000,2.70000,-5.85000,2.60000,0.00000,0.00000
18,14.59652,0.01820,Yakından incele · introCarry,False,False,-1.75000,2.70000,-5.85000,2.60000,0.00000,0.00000
19,14.62098,0.02447,Yakından incele · introCarry,False,False,-1.75000,2.70000,-5.85000,2.60000,0.00000,0.00000
20,14.78105,0.16006,Yakından incele · introCarry,False,False,-1.75000,2.70000,-5.85000,2.60000,0.00000,0.00000
21,14.81056,0.02951,Yakından incele · introCarry,False,False,-1.75000,2.70000,-5.85000,2.60000,0.00000,0.00000
22,14.82254,0.01198,Yakından incele · introCarry,False,False,-1.75000,2.70000,-5.85000,2.60000,0.00000,0.00000
23,14.83993,0.01739,Yakından incele · introCarry,False,False,-1.74972,2.69995,-5.84980,2.60000,0.00035,0.00000
24,14.85618,0.01625,Yakından incele · introCarry,False,False,-1.74913,2.69984,-5.84936,2.60000,0.00075,0.00000
25,14.89060,0.03442,Yakından incele · introCarry,False,False,-1.74434,2.69906,-5.84580,2.60000,0.00601,0.00000
26,14.92236,0.03176,Yakından incele · introCarry,False,False,-1.73661,2.69789,-5.84001,2.60000,0.00973,0.00000
27,14.95551,0.03315,Yakından incele · introCarry,False,False,-1.72266,2.69593,-5.82951,2.60000,0.01757,0.00000
28,14.98966,0.03415,Yakından incele · introCarry,False,False,-1.70420,2.69355,-5.81553,2.60000,0.02328,0.00000
29,15.02371,0.03405,Yakından incele · introCarry,False,False,-1.67694,2.69031,-5.79483,2.60000,0.03438,0.00000
30,15.05682,0.03311,Yakından incele · introCarry,False,False,-1.64720,2.68712,-5.77214,2.60000,0.03754,0.00000
31,15.08959,0.03276,Yakından incele · introCarry,False,False,-1.61017,2.68362,-5.74406,2.60000,0.04661,0.00000
32,15.12174,0.03216,Yakından incele · introCarry,False,False,-1.57405,2.68075,-5.71664,2.60000,0.04544,0.00000
33,15.15458,0.03284,Yakından incele · introCarry,False,False,-1.53317,2.67795,-5.68548,2.60000,0.05148,0.00000
34,15.18857,0.03399,Yakından incele · introCarry,False,False,-1.49271,2.67565,-5.65442,2.60000,0.05106,0.00000
35,15.22287,0.03430,Yakından incele · introCarry,False,False,-1.44912,2.67357,-5.62074,2.60000,0.05512,0.00000
36,15.25646,0.03359,Yakından incele · introCarry,False,False,-1.40676,2.67194,-5.58773,2.60000,0.05373,0.00000
37,15.29054,0.03407,Yakından incele · introCarry,False,False,-1.36313,2.67054,-5.55347,2.60000,0.05549,0.00000
38,15.32356,0.03302,Yakından incele · introCarry,False,False,-1.31982,2.66947,-5.51991,2.60000,0.05481,0.00000
39,15.35604,0.03248,Yakından incele · introCarry,False,False,-1.27651,2.66863,-5.48652,2.60000,0.05469,0.00000
40,15.38877,0.03273,Yakından incele · introCarry,False,False,-1.23365,2.66795,-5.45340,2.60000,0.05417,0.00000
41,15.42188,0.03311,Yakından incele · introCarry,False,False,-1.18954,2.66734,-5.41904,2.60000,0.05592,0.00000
42,15.47303,0.05115,Yakından incele · introCarry,False,False,-1.14832,2.66693,-5.38504,2.60000,0.05343,0.00000
43,15.51298,0.03996,Yakından incele · introCarry,False,False,-1.07554,2.66601,-5.32131,2.60000,0.09675,0.00000
44,15.52117,0.00818,Yakından incele · introCarry,False,False,-1.06832,2.66649,-5.31473,2.60000,0.00978,0.00000
45,15.55509,0.03392,Yakından incele · introCarry,False,False,-1.03691,2.66794,-5.28537,2.60000,0.04302,0.00000
46,15.58968,0.03459,Yakından incele · introCarry,False,False,-1.01199,2.66998,-5.26095,2.60000,0.03495,0.00000
47,15.62251,0.03283,Yakından incele · introCarry,False,False,-0.99303,2.67259,-5.24118,2.60000,0.02752,0.00000
48,15.65452,0.03201,Yakından incele · introCarry,False,False,-0.98041,2.67566,-5.22654,2.60000,0.01957,0.00000
49,15.68862,0.03411,Yakından incele · introCarry,False,False,-0.97387,2.67917,-5.21686,2.60000,0.01220,0.00000
50,15.72317,0.03455,Yakından incele · introCarry,False,False,-0.97377,2.68331,-5.21221,2.60000,0.00623,0.00000
51,15.75620,0.03303,Yakından incele · introCarry,False,False,-0.98019,2.68760,-5.21322,2.60000,0.00779,0.00000
52,15.78848,0.03229,Yakından incele · introCarry,False,False,-0.99311,2.69216,-5.21973,2.60000,0.01517,0.00000
53,15.82162,0.03314,Yakından incele · introCarry,False,False,-1.01207,2.69683,-5.23147,2.60000,0.02278,0.00000
54,15.85590,0.03428,Yakından incele · introCarry,False,False,-1.03912,2.70199,-5.24984,2.60000,0.03310,0.00000
55,15.89002,0.03412,Yakından incele · introCarry,False,False,-1.07148,2.70703,-5.27295,2.60000,0.04008,0.00000
56,15.92254,0.03252,Yakından incele · introCarry,False,False,-1.10921,2.71189,-5.30067,2.60000,0.04708,0.00000
57,15.95686,0.03432,Yakından incele · introCarry,False,False,-1.14614,2.71581,-5.32831,2.60000,0.04629,0.00000
58,15.99101,0.03414,Yakından incele · introCarry,False,False,-1.19047,2.71975,-5.36192,2.60000,0.05577,0.00000
59,16.02298,0.03197,Yakından incele · introCarry,False,False,-1.22992,2.72253,-5.39216,2.60000,0.04978,0.00000
60,16.05572,0.03274,Yakından incele · introCarry,False,False,-1.27314,2.72509,-5.42552,2.60000,0.05466,0.00000
61,16.08909,0.03336,Yakından incele · introCarry,False,False,-1.31522,2.72708,-5.45821,2.60000,0.05332,0.00000
62,16.12169,0.03260,Yakından incele · introCarry,False,False,-1.36002,2.72885,-5.49316,2.60000,0.05685,0.00000
63,16.15439,0.03270,Yakından incele · introCarry,False,False,-1.40163,2.73010,-5.52577,2.60000,0.05288,0.00000
64,16.18862,0.03423,Yakından incele · introCarry,False,False,-1.44689,2.73128,-5.56133,2.60000,0.05757,0.00000
65,16.22269,0.03407,Yakından incele · introCarry,False,False,-1.49113,2.73217,-5.59617,2.60000,0.05632,0.00000
66,16.25538,0.03270,Yakından incele · introCarry,False,False,-1.53625,2.73290,-5.63178,2.60000,0.05749,0.00000
67,16.28869,0.03331,Yakından incele · introCarry,False,False,-1.57872,2.73340,-5.66538,2.60000,0.05415,0.00000
68,16.32215,0.03347,Yakından incele · introCarry,False,False,-1.62465,2.73391,-5.70171,2.60000,0.05856,0.00000
69,16.35561,0.03345,Yakından incele · introCarry,False,False,-1.66723,2.73421,-5.73546,2.60000,0.05434,0.00000
70,16.38909,0.03348,Yakından incele · introCarry,False,False,-1.71351,2.73455,-5.77214,2.60000,0.05905,0.00000
71,16.42155,0.03246,Yakından incele · introCarry,False,False,-1.75590,2.73472,-5.80579,2.60000,0.05413,0.00000
72,16.45611,0.03456,Yakından incele · introCarry,False,False,-1.80104,2.73493,-5.84161,2.60000,0.05762,0.00000
73,16.48952,0.03341,Yakından incele · introCarry,False,False,-1.84636,2.73509,-5.87759,2.60000,0.05787,0.00000
74,16.52225,0.03272,Yakından incele · introCarry,False,False,-1.88974,2.73516,-5.91206,2.60000,0.05541,0.00000
75,16.55571,0.03347,Yakından incele · introCarry,False,False,-1.93399,2.73525,-5.94721,2.60000,0.05652,0.00000
76,16.58949,0.03377,Yakından incele · introCarry,False,False,-1.97871,2.73533,-5.98274,2.60000,0.05711,0.00000
77,16.62243,0.03294,Yakından incele · introCarry,False,False,-2.02331,2.73539,-6.01819,2.60000,0.05697,0.00000
78,16.65525,0.03282,Yakından incele · introCarry,False,False,-2.06678,2.73541,-6.05275,2.60000,0.05553,0.00000
79,16.68945,0.03421,Yakından incele · introCarry,False,False,-2.11145,2.73546,-6.08825,2.60000,0.05707,0.00000
80,16.72337,0.03392,Yakından incele · introCarry,False,False,-2.15659,2.73551,-6.12413,2.60000,0.05765,0.00000
81,16.75630,0.03294,Yakından incele · introCarry,False,False,-2.20115,2.73552,-6.15956,2.60000,0.05693,0.00000
82,16.78981,0.03351,Yakından incele · introCarry,False,False,-2.24454,2.73552,-6.19407,2.60000,0.05544,0.00000
83,16.82381,0.03399,Yakından incele · introCarry,False,False,-2.29002,2.73556,-6.23021,2.60000,0.05809,0.00000
84,16.85636,0.03256,Yakından incele · introCarry,False,False,-2.33435,2.73556,-6.26546,2.60000,0.05663,0.00000
85,16.88856,0.03220,Yakından incele · introCarry,False,False,-2.37742,2.73554,-6.29972,2.60000,0.05503,0.00000
86,16.92250,0.03394,Yakından incele · introCarry,False,False,-2.42143,2.73555,-6.33471,2.60000,0.05623,0.00000
87,16.95577,0.03327,Yakından incele · introCarry,False,False,-2.46702,2.73559,-6.37096,2.60000,0.05825,0.00000
88,16.98789,0.03212,Yakından incele · introCarry,False,False,-2.51005,2.73556,-6.40518,2.60000,0.05498,0.00000
89,17.02260,0.03471,Yakından incele · introCarry,False,False,-2.55419,2.73557,-6.44028,2.60000,0.05639,0.00000
90,17.05610,0.03350,Yakından incele · introCarry,False,False,-2.60065,2.73562,-6.47720,2.60000,0.05934,0.00000
91,17.08836,0.03226,Yakından incele · introCarry,False,False,-2.64315,2.73557,-6.51102,2.60000,0.05431,0.00000
92,17.12274,0.03438,Yakından incele · introCarry,False,False,-2.68788,2.73559,-6.54658,2.60000,0.05715,0.00000
93,17.15707,0.03433,Yakından incele · introCarry,False,False,-2.73329,2.73561,-6.58268,2.60000,0.05801,0.00000
94,17.19017,0.03310,Yakından incele · introCarry,False,False,-2.77817,2.73561,-6.61837,2.60000,0.05733,0.00000
95,17.22199,0.03183,Yakından incele · introCarry,False,False,-2.82141,2.73558,-6.65277,2.60000,0.05526,0.00000
96,17.25457,0.03258,Yakından incele · introCarry,False,False,-2.86450,2.73556,-6.68704,2.60000,0.05506,0.00000
97,17.28870,0.03413,Yakından incele · introCarry,False,False,-2.90917,2.73558,-6.72255,2.60000,0.05707,0.00000
98,17.32226,0.03356,Yakından incele · introCarry,False,False,-2.95451,2.73561,-6.75860,2.60000,0.05792,0.00000
99,17.35484,0.03258,Yakından incele · introCarry,False,False,-2.99817,2.73559,-6.79332,2.60000,0.05579,0.00000
100,17.38802,0.03318,Yakından incele · introCarry,False,False,-3.04106,2.73541,-6.82749,2.60000,0.05483,0.00000
101,17.42147,0.03345,Yakından incele · introCarry,False,False,-3.08288,2.73499,-6.86090,2.60000,0.05353,0.00000
102,17.45502,0.03355,Yakından incele · introCarry,False,False,-3.12258,2.73428,-6.89272,2.60000,0.05088,0.00000
103,17.48836,0.03334,Yakından incele · introCarry,False,False,-3.15948,2.73329,-6.92242,2.60000,0.04738,0.00000
104,17.52188,0.03352,Yakından incele · introCarry,False,False,-3.19414,2.73205,-6.95043,2.60000,0.04459,0.00000
105,17.55642,0.03453,Yakından incele · introCarry,False,False,-3.22558,2.73059,-6.97595,2.60000,0.04052,0.00000
106,17.59005,0.03363,Yakından incele · introCarry,False,False,-3.25506,2.72891,-7.00000,2.60000,0.03808,0.00000
107,17.63645,0.04640,Yakından incele · intro,True,False,-3.27389,2.72489,-7.00175,2.59559,0.01933,0.48133
108,17.67149,0.03504,Yakından incele · intro,True,False,-3.24482,2.71429,-6.91209,2.57444,0.09484,2.31314
109,17.69196,0.02047,Yakından incele · intro,True,False,-3.22472,2.70696,-6.85008,2.55981,0.06560,1.59884
110,17.72479,0.03283,Yakından incele · intro,True,False,-3.18509,2.69250,-6.72782,2.53097,0.12933,3.15438
111,17.75812,0.03334,Yakından incele · intro,True,False,-3.13533,2.67434,-6.57432,2.49476,0.16238,3.96082
112,17.79237,0.03424,Yakından incele · intro,True,False,-3.07674,2.65297,-6.39359,2.45213,0.19118,4.66325
113,17.82593,0.03357,Yakından incele · intro,True,False,-3.00858,2.62810,-6.18334,2.40253,0.22242,5.42549
114,17.85824,0.03231,Yakından incele · intro,True,False,-2.93588,2.60157,-5.95908,2.34962,0.23724,5.78708
115,17.89078,0.03254,Yakından incele · intro,True,False,-2.85729,2.57290,-5.71663,2.29243,0.25648,6.25613
116,17.92328,0.03250,Yakından incele · intro,True,False,-2.77191,2.54175,-5.45327,2.23030,0.27860,6.79576
117,17.95677,0.03349,Yakından incele · intro,True,False,-2.68410,2.50971,-5.18239,2.16640,0.28655,6.99005
118,18.00002,0.04325,Yakından incele · intro,True,False,-2.56127,2.46490,-4.80347,2.07701,0.40084,9.77769
119,18.03316,0.03314,Yakından incele · intro,True,False,-2.46376,2.42932,-4.50266,2.00605,0.31822,7.76211
120,18.06643,0.03327,Yakından incele · intro,True,False,-2.36370,2.39281,-4.19400,1.93323,0.32652,7.96492
121,18.10002,0.03359,Yakından incele · intro,True,False,-2.26237,2.35584,-3.88142,1.85949,0.33067,8.06597
122,18.13295,0.03293,Yakından incele · intro,True,False,-2.16185,2.31917,-3.57136,1.78635,0.32801,8.00084
123,18.16689,0.03394,Yakından incele · intro,True,False,-2.06024,2.28210,-3.25790,1.71240,0.33160,8.08847
124,18.19999,0.03310,Yakından incele · intro,True,False,-1.96030,2.24564,-2.94961,1.63967,0.32612,7.95498
125,18.23350,0.03351,Yakından incele · intro,True,False,-1.86362,2.21036,-2.65138,1.56932,0.31549,7.69553
126,18.26687,0.03337,Yakından incele · intro,True,False,-1.76754,2.17531,-2.35499,1.49940,0.31354,7.64826
127,18.29991,0.03304,Yakından incele · intro,True,False,-1.67754,2.14247,-2.07736,1.43390,0.29370,7.16412
128,18.33366,0.03375,Yakından incele · intro,True,False,-1.59077,2.11081,-1.80969,1.37076,0.28316,6.90709
129,18.36768,0.03401,Yakından incele · intro,True,False,-1.50861,2.08084,-1.55623,1.31096,0.26813,6.54068
130,18.40118,0.03350,Yakından incele · intro,True,False,-1.43335,2.05338,-1.32406,1.25620,0.24560,5.99091
131,18.43374,0.03257,Yakından incele · intro,True,False,-1.36562,2.02867,-1.11514,1.20691,0.22101,5.39118
132,18.46718,0.03344,Yakından incele · intro,True,False,-1.30620,2.00699,-0.93185,1.16367,0.19390,4.72976
133,18.50089,0.03370,Yakından incele · intro,True,False,-1.25401,1.98795,-0.77085,1.12569,0.17032,4.15452
134,18.53350,0.03262,Yakından incele · intro,True,False,-1.21181,1.97255,-0.64067,1.09498,0.13771,3.35939
135,18.56735,0.03385,Yakından incele · intro,True,False,-1.18034,1.96107,-0.54358,1.07208,0.10271,2.50547
136,18.60117,0.03382,Yakından incele · intro,True,False,-1.15903,1.95329,-0.47785,1.05657,0.06953,1.69531
137,18.63441,0.03324,Yakından incele · intro,True,False,-1.15029,1.95011,-0.45089,1.05021,0.02852,0.69548
138,18.66759,0.03318,Yakından incele · intro,False,False,-1.15000,1.95000,-0.45000,1.05000,0.00094,0.00000
139,18.70335,0.03577,Yakından incele · intro,False,False,-1.15000,1.95000,-0.45000,1.05000,0.00000,0.00000
140,18.73763,0.03428,Yakından incele · intro,False,False,-1.15000,1.95000,-0.45000,1.05000,0.00000,0.00000
141,18.78636,0.04873,Yakından incele · intro,False,False,-1.15000,1.95000,-0.45000,1.05000,0.00000,0.00000
142,18.80080,0.01444,Yakından incele · intro,False,False,-1.15000,1.95000,-0.45000,1.05000,0.00000,0.00000
143,18.83256,0.03176,Yakından incele · intro,False,False,-1.15000,1.95000,-0.45000,1.05000,0.00000,0.00000
144,18.86672,0.03416,Yakından incele · intro,False,False,-1.15000,1.95000,-0.45000,1.05000,0.00000,0.00000
145,18.90061,0.03389,Yakından incele · intro,False,False,-1.15000,1.95000,-0.45000,1.05000,0.00000,0.00000
146,18.93403,0.03342,Yakından incele · intro,False,False,-1.15000,1.95000,-0.45000,1.05000,0.00000,0.00000
147,18.96808,0.03405,Yakından incele · intro,False,False,-1.15000,1.95000,-0.45000,1.05000,0.00000,0.00000
148,19.00356,0.03548,Yakından incele · intro,False,False,-1.15000,1.95000,-0.45000,1.05000,0.00000,0.00000
149,19.05385,0.05029,Yakından incele · intro,False,False,-1.15000,1.95000,-0.45000,1.05000,0.00000,0.00000
150,19.07580,0.02194,Yakından incele · intro,False,False,-1.15000,1.95000,-0.45000,1.05000,0.00000,0.00000
151,19.10001,0.02421,Yakından incele · intro,False,False,-1.15000,1.95000,-0.45000,1.05000,0.00000,0.00000
152,19.13373,0.03372,Yakından incele · intro,False,False,-1.15000,1.95000,-0.45000,1.05000,0.00000,0.00000
153,19.16719,0.03346,Yakından incele · intro,False,False,-1.15000,1.95000,-0.45000,1.05000,0.00000,0.00000
154,19.19997,0.03278,Yakından incele · intro,False,False,-1.15000,1.95000,-0.45000,1.05000,0.00000,0.00000
155,19.23506,0.03509,Yakından incele · intro,False,False,-1.15000,1.95000,-0.45000,1.05000,0.00000,0.00000
156,19.27300,0.03794,Yakından incele · intro,False,False,-1.15000,1.95000,-0.45000,1.05000,0.00000,0.00000
157,19.30210,0.02910,Yakından incele · intro,False,False,-1.15000,1.95000,-0.45000,1.05000,0.00000,0.00000
158,19.33493,0.03283,Yakından incele · intro,False,False,-1.15000,1.95000,-0.45000,1.05000,0.00000,0.00000
159,19.36756,0.03263,Yakından incele · intro,False,False,-1.15000,1.95000,-0.45000,1.05000,0.00000,0.00000
160,19.40122,0.03366,Yakından incele · intro,False,False,-1.15000,1.95000,-0.45000,1.05000,0.00000,0.00000
161,19.43517,0.03395,Yakından incele · intro,False,False,-1.15000,1.95000,-0.45000,1.05000,0.00000,0.00000
162,19.46814,0.03297,Yakından incele · intro,False,False,-1.15000,1.95000,-0.45000,1.05000,0.00000,0.00000
163,19.50028,0.03214,Yakından incele · intro,False,False,-1.15000,1.95000,-0.45000,1.05000,0.00000,0.00000
164,19.53328,0.03300,Yakından incele · intro,False,False,-1.15000,1.95000,-0.45000,1.05000,0.00000,0.00000
165,19.56718,0.03390,Yakından incele · intro,False,False,-1.15000,1.95000,-0.45000,1.05000,0.00000,0.00000
166,19.60248,0.03529,Yakından incele · intro,False,False,-1.15000,1.95000,-0.45000,1.05000,0.00000,0.00000
167,19.63524,0.03277,Yakından incele · intro,False,False,-1.15000,1.95000,-0.45000,1.05000,0.00000,0.00000
168,19.66689,0.03164,Yakından incele · intro,False,False,-1.15000,1.95000,-0.45000,1.05000,0.00000,0.00000
169,19.70011,0.03322,Yakından incele · intro,False,False,-1.15000,1.95000,-0.45000,1.05000,0.00000,0.00000
170,19.73512,0.03501,Yakından incele · intro,False,False,-1.15000,1.95000,-0.45000,1.05000,0.00000,0.00000
171,19.76925,0.03413,Yakından incele · intro,False,False,-1.15000,1.95000,-0.45000,1.05000,0.00000,0.00000
172,19.80245,0.03320,Yakından incele · intro,False,False,-1.15000,1.95000,-0.45000,1.05000,0.00000,0.00000
173,19.83515,0.03270,Yakından incele · intro,False,False,-1.15000,1.95000,-0.45000,1.05000,0.00000,0.00000
174,19.86795,0.03280,Yakından incele · intro,False,False,-1.15000,1.95000,-0.45000,1.05000,0.00000,0.00000
175,19.90086,0.03291,Yakından incele · intro,False,False,-1.15000,1.95000,-0.45000,1.05000,0.00000,0.00000
176,19.94612,0.04526,Yakından incele · introCarry,True,False,-1.16088,1.95375,-0.48305,1.05774,0.03500,0.84487
177,19.97179,0.02567,Yakından incele · introCarry,True,False,-1.17644,1.95910,-0.53028,1.06880,0.05001,1.20851
178,20.00423,0.03244,Yakından incele · introCarry,True,False,-1.20799,1.96996,-0.62613,1.09124,0.10149,2.45497
179,20.03567,0.03145,Yakından incele · introCarry,True,False,-1.24749,1.98355,-0.74608,1.11933,0.12701,3.07216
180,20.06872,0.03305,Yakından incele · introCarry,True,False,-1.29810,2.00096,-0.89980,1.15532,0.16277,3.93683
181,20.10173,0.03301,Yakından incele · introCarry,True,False,-1.35782,2.02151,-1.08117,1.19779,0.19205,4.64492
182,20.13459,0.03286,Yakından incele · introCarry,True,False,-1.42545,2.04478,-1.28658,1.24589,0.21751,5.26093
183,20.16851,0.03392,Yakından incele · introCarry,True,False,-1.50028,2.07053,-1.51383,1.29910,0.24063,5.82027
184,20.20254,0.03403,Yakından incele · introCarry,True,False,-1.58376,2.09926,-1.76737,1.35846,0.26847,6.49370
185,20.23479,0.03225,Yakından incele · introCarry,True,False,-1.67129,2.12937,-2.03319,1.42071,0.28147,6.80831
186,20.26710,0.03231,Yakından incele · introCarry,True,False,-1.76057,2.16010,-2.30436,1.48420,0.28714,6.94565
187,20.30131,0.03421,Yakından incele · introCarry,True,False,-1.85687,2.19323,-2.59684,1.55268,0.30970,7.49119
188,20.33622,0.03491,Yakından incele · introCarry,True,False,-1.95862,2.22825,-2.90584,1.62504,0.32720,7.91431
189,20.36945,0.03323,Yakından incele · introCarry,True,False,-2.06289,2.26412,-3.22252,1.69919,0.33532,8.11062
190,20.40174,0.03229,Yakından incele · introCarry,True,False,-2.16331,2.29868,-3.52751,1.77060,0.32295,7.81151
191,20.43469,0.03295,Yakından incele · introCarry,True,False,-2.26597,2.33400,-3.83929,1.84361,0.33014,7.98535
192,20.46812,0.03343,Yakından incele · introCarry,True,False,-2.36973,2.36971,-4.15442,1.91740,0.33370,8.07141
193,20.50187,0.03375,Yakından incele · introCarry,True,False,-2.47216,2.40495,-4.46551,1.99024,0.32940,7.96758
194,20.53536,0.03348,Yakından incele · introCarry,True,False,-2.57458,2.44020,-4.77656,2.06307,0.32937,7.96679
195,20.56786,0.03250,Yakından incele · introCarry,True,False,-2.67022,2.47311,-5.06703,2.13108,0.30758,7.43968
196,20.60124,0.03338,Yakından incele · introCarry,True,False,-2.76466,2.50560,-5.35386,2.19825,0.30373,7.34666
197,20.63533,0.03410,Yakından incele · introCarry,True,False,-2.85565,2.53691,-5.63020,2.26295,0.29261,7.07768
198,20.66832,0.03299,Yakından incele · introCarry,True,False,-2.93994,2.56592,-5.88621,2.32290,0.27108,6.55670
199,20.70142,0.03310,Yakından incele · introCarry,True,False,-3.01786,2.59273,-6.12285,2.37831,0.25058,6.06082
200,20.73496,0.03354,Yakından incele · introCarry,True,False,-3.09061,2.61776,-6.34381,2.43004,0.23397,5.65902
201,20.76846,0.03349,Yakından incele · introCarry,True,False,-3.15317,2.63929,-6.53380,2.47453,0.20118,4.86586
202,20.81226,0.04381,Yakından incele · introCarry,True,False,-3.21004,2.65886,-6.70650,2.51497,0.18287,4.42321
203,20.84584,0.03358,Yakından incele · introCarry,True,False,-3.26774,2.67871,-6.88175,2.55600,0.18557,4.48857
204,20.86823,0.02239,Yakından incele · introCarry,True,False,-3.29094,2.68669,-6.95221,2.57250,0.07460,1.80358
205,20.90195,0.03372,Yakından incele · introCarry,True,False,-3.31527,2.69507,-7.02609,2.58980,0.07824,1.89169
206,20.93607,0.03412,Yakından incele · introCarry,True,False,-3.32812,2.69949,-7.06514,2.59894,0.04134,0.99857
207,20.96943,0.03335,Yakından incele · introCarry,False,False,-3.32961,2.70000,-7.06965,2.60000,0.00478,0.00000
208,21.01340,0.04397,Yakından incele · introCarry,False,False,-3.32961,2.70000,-7.06965,2.60000,0.00000,0.00000
209,21.05947,0.04607,Yakından incele · introCarry,False,False,-3.32271,2.69952,-7.06869,2.60000,0.00699,0.00000
210,21.07105,0.01159,Yakından incele · introCarry,False,False,-3.32002,2.69935,-7.06831,2.60000,0.00272,0.00000
211,21.10336,0.03230,Yakından incele · introCarry,False,False,-3.30568,2.69844,-7.06628,2.60000,0.01451,0.00000
212,21.13597,0.03261,Yakından incele · introCarry,False,False,-3.28436,2.69720,-7.06320,2.60000,0.02158,0.00000
213,21.16936,0.03340,Yakından incele · introCarry,False,False,-3.25471,2.69564,-7.05886,2.60000,0.03001,0.00000
214,21.20507,0.03570,Yakından incele · introCarry,False,False,-3.21647,2.69378,-7.05318,2.60000,0.03870,0.00000
215,21.23891,0.03385,Yakından incele · introCarry,False,False,-3.16964,2.69177,-7.04611,2.60000,0.04740,0.00000
216,21.27050,0.03159,Yakından incele · introCarry,False,False,-3.12378,2.69009,-7.03906,2.60000,0.04644,0.00000
217,21.31699,0.04649,Yakından incele · introCarry,False,False,-3.04838,2.68767,-7.02731,2.60000,0.07634,0.00000
218,21.34972,0.03273,Yakından incele · introCarry,False,False,-2.99683,2.68652,-7.01905,2.60000,0.05222,0.00000
219,21.38308,0.03336,Yakından incele · introCarry,False,False,-2.94490,2.68554,-7.01066,2.60000,0.05261,0.00000
220,21.41714,0.03406,Yakından incele · introCarry,False,False,-2.88920,2.68463,-7.00159,2.60000,0.05644,0.00000
221,21.44965,0.03251,Yakından incele · introCarry,False,False,-2.83620,2.68401,-6.99284,2.60000,0.05372,0.00000
222,21.48238,0.03273,Yakından incele · introCarry,False,False,-2.78613,2.68368,-6.98447,2.60000,0.05076,0.00000
223,21.51591,0.03353,Yakından incele · introCarry,False,False,-2.73701,2.68358,-6.97616,2.60000,0.04982,0.00000
224,21.55122,0.03531,Yakından incele · introCarry,False,False,-2.68940,2.68373,-6.96799,2.60000,0.04830,0.00000
225,21.58203,0.03081,Yakından incele · introCarry,False,False,-2.64631,2.68404,-6.96196,2.60000,0.04352,0.00000
226,21.61495,0.03292,Yakından incele · introCarry,False,False,-2.59677,2.68441,-6.95742,2.60000,0.04975,0.00000
227,21.64898,0.03403,Yakından incele · introCarry,False,False,-2.54417,2.68480,-6.95417,2.60000,0.05269,0.00000
228,21.68293,0.03395,Yakından incele · introCarry,False,False,-2.48874,2.68518,-6.95175,2.60000,0.05549,0.00000
229,21.71599,0.03307,Yakından incele · introCarry,False,False,-2.43415,2.68552,-6.94998,2.60000,0.05461,0.00000
230,21.74881,0.03282,Yakından incele · introCarry,False,False,-2.37889,2.68582,-6.94858,2.60000,0.05528,0.00000
231,21.78303,0.03422,Yakından incele · introCarry,False,False,-2.32302,2.68607,-6.94743,2.60000,0.05588,0.00000
232,21.81730,0.03427,Yakından incele · introCarry,False,False,-2.26523,2.68628,-6.94643,2.60000,0.05780,0.00000
233,21.85695,0.03965,Yakından incele · introCarry,False,False,-2.20873,2.68646,-6.94556,2.60000,0.05651,0.00000
234,21.89807,0.04111,Yakından incele · introCarry,False,False,-2.12291,2.68647,-6.94448,2.60000,0.08583,0.00000
235,21.93461,0.03654,Yakından incele · introCarry,False,False,-2.06536,2.68693,-6.94358,2.60000,0.05756,0.00000
236,21.95528,0.02068,Yakından incele · introCarry,False,False,-2.04027,2.68737,-6.94308,2.60000,0.02509,0.00000
237,21.98413,0.02885,Yakından incele · introCarry,False,False,-2.00702,2.68800,-6.94240,2.60000,0.03326,0.00000
238,22.01682,0.03269,Yakından incele · introCarry,False,False,-1.97108,2.68892,-6.94156,2.60000,0.03596,0.00000
239,22.04870,0.03188,Yakından incele · introCarry,False,False,-1.94661,2.68993,-6.94082,2.60000,0.02449,0.00000
240,22.08228,0.03358,Yakından incele · introCarry,False,False,-1.92737,2.69120,-6.94001,2.60000,0.01930,0.00000
241,22.11581,0.03353,Yakından incele · introCarry,False,False,-1.91557,2.69246,-6.93928,2.60000,0.01189,0.00000
242,22.14907,0.03326,Yakından incele · introCarry,False,False,-1.90754,2.69371,-6.93861,2.60000,0.00815,0.00000
243,22.18199,0.03292,Yakından incele · introCarry,False,False,-1.90259,2.69477,-6.93806,2.60000,0.00509,0.00000
244,22.21563,0.03365,Yakından incele · introCarry,False,False,-1.89921,2.69573,-6.93757,2.60000,0.00356,0.00000
245,22.24840,0.03277,Yakından incele · introCarry,False,False,-1.89705,2.69653,-6.93717,2.60000,0.00233,0.00000
246,22.28234,0.03394,Yakından incele · introCarry,False,False,-1.89563,2.69719,-6.93684,2.60000,0.00160,0.00000
247,22.31569,0.03335,Yakından incele · introCarry,False,False,-1.89469,2.69775,-6.93657,2.60000,0.00113,0.00000
248,22.34830,0.03261,Yakından incele · introCarry,False,False,-1.89408,2.69819,-6.93636,2.60000,0.00078,0.00000
249,22.38298,0.03468,Yakından incele · introCarry,False,False,-1.89368,2.69855,-6.93618,2.60000,0.00057,0.00000
250,22.41696,0.03398,Yakından incele · introCarry,False,False,-1.89339,2.69886,-6.93604,2.60000,0.00045,0.00000
251,22.44848,0.03152,Yakından incele · introCarry,False,False,-1.89322,2.69908,-6.93593,2.60000,0.00030,0.00000
252,22.48150,0.03302,Yakından incele · introCarry,False,False,-1.89309,2.69925,-6.93580,2.60000,0.00025,0.00000
253,22.51518,0.03368,Yakından incele · introCarry,False,False,-1.89301,2.69941,-6.93574,2.60000,0.00019,0.00000
254,22.56007,0.04489,Yakından incele · introCarry,False,False,-1.89294,2.69957,-6.93568,2.60000,0.00019,0.00000
255,22.58164,0.02157,Yakından incele · introCarry,False,False,-1.89107,2.69954,-6.93568,2.60000,0.00188,0.00000
256,22.61480,0.03316,Yakından incele · introCarry,False,False,-1.88257,2.69923,-6.93574,2.60000,0.00851,0.00000
257,22.64796,0.03316,Yakından incele · introCarry,False,False,-1.86814,2.69870,-6.93584,2.60000,0.01443,0.00000
258,22.68142,0.03346,Yakından incele · introCarry,False,False,-1.84562,2.69790,-6.93597,2.60000,0.02254,0.00000
259,22.71524,0.03382,Yakından incele · introCarry,False,False,-1.81608,2.69692,-6.93611,2.60000,0.02955,0.00000
260,22.74897,0.03373,Yakından incele · introCarry,False,False,-1.77674,2.69571,-6.93626,2.60000,0.03936,0.00000
261,22.78233,0.03335,Yakından incele · introCarry,False,False,-1.73266,2.69449,-6.93636,2.60000,0.04410,0.00000
262,22.81553,0.03321,Yakından incele · introCarry,False,False,-1.68300,2.69329,-6.93639,2.60000,0.04967,0.00000
263,22.84876,0.03323,Yakından incele · introCarry,False,False,-1.63259,2.69227,-6.93633,2.60000,0.05042,0.00000
264,22.88204,0.03328,Yakından incele · introCarry,False,False,-1.57807,2.69132,-6.93618,2.60000,0.05453,0.00000
265,22.91535,0.03331,Yakından incele · introCarry,False,False,-1.52494,2.69057,-6.93597,2.60000,0.05314,0.00000
266,22.94941,0.03406,Yakından incele · introCarry,False,False,-1.46830,2.68990,-6.93567,2.60000,0.05664,0.00000
267,22.98246,0.03305,Yakından incele · introCarry,False,False,-1.41237,2.68936,-6.93532,2.60000,0.05593,0.00000
268,23.01584,0.03339,Yakından incele · introCarry,False,False,-1.35739,2.68894,-6.93493,2.60000,0.05499,0.00000
269,23.04855,0.03271,Yakından incele · introCarry,False,False,-1.29959,2.68857,-6.93448,2.60000,0.05780,0.00000
270,23.08099,0.03245,Yakından incele · introCarry,False,False,-1.24627,2.68831,-6.93403,2.60000,0.05332,0.00000
271,23.11408,0.03309,Yakından incele · introCarry,False,False,-1.18837,2.68806,-6.93352,2.60000,0.05791,0.00000
272,23.14755,0.03347,Yakından incele · introCarry,False,False,-1.13334,2.68789,-6.93301,2.60000,0.05503,0.00000
273,23.18185,0.03430,Yakından incele · introCarry,False,False,-1.07527,2.68773,-6.93247,2.60000,0.05808,0.00000
274,23.21441,0.03256,Yakından incele · introCarry,False,False,-1.01821,2.68761,-6.93191,2.60000,0.05706,0.00000
275,23.24739,0.03299,Yakından incele · introCarry,False,False,-0.96364,2.68753,-6.93136,2.60000,0.05458,0.00000
276,23.28110,0.03371,Yakından incele · introCarry,False,False,-0.90554,2.68745,-6.93078,2.60000,0.05810,0.00000
277,23.31481,0.03371,Yakından incele · introCarry,False,False,-0.85074,2.68746,-6.93018,2.60000,0.05480,0.00000
278,23.34907,0.03426,Yakından incele · introCarry,False,False,-0.79684,2.68757,-6.92955,2.60000,0.05391,0.00000
279,23.38219,0.03312,Yakından incele · introCarry,False,False,-0.74628,2.68781,-6.92890,2.60000,0.05056,0.00000
280,23.42395,0.04176,Yakından incele · introCarry,False,False,-0.70048,2.68815,-6.92824,2.60000,0.04581,0.00000
281,23.45906,0.03511,Yakından incele · introCarry,False,False,-0.64186,2.68865,-6.92738,2.60000,0.05862,0.00000
282,23.48169,0.02263,Yakından incele · introCarry,False,False,-0.61531,2.68935,-6.92874,2.60000,0.02660,0.00000
283,23.51425,0.03256,Yakından incele · introCarry,False,False,-0.57321,2.69084,-6.93567,2.60000,0.04269,0.00000
284,23.54822,0.03397,Yakından incele · introCarry,False,False,-0.53186,2.69288,-6.94799,2.60000,0.04319,0.00000
285,23.58220,0.03398,Yakından incele · introCarry,False,False,-0.48515,2.69578,-6.96906,2.60000,0.05133,0.00000
286,23.61513,0.03293,Yakından incele · introCarry,False,False,-0.44273,2.69850,-6.99230,2.60000,0.04845,0.00000
287,23.64831,0.03318,Yakından incele · introCarry,False,False,-0.39657,2.70131,-7.02073,2.60000,0.05428,0.00000
288,23.68167,0.03336,Yakından incele · introCarry,False,False,-0.35315,2.70366,-7.04938,2.60000,0.05208,0.00000
289,23.71562,0.03395,Yakından incele · introCarry,False,False,-0.30662,2.70586,-7.08153,2.60000,0.05660,0.00000
290,23.74745,0.03183,Yakından incele · introCarry,False,False,-0.26201,2.70764,-7.11329,2.60000,0.05479,0.00000
291,23.78112,0.03366,Yakından incele · introCarry,False,False,-0.21883,2.70907,-7.14466,2.60000,0.05339,0.00000
292,23.81552,0.03440,Yakından incele · introCarry,False,False,-0.17202,2.71032,-7.17916,2.60000,0.05816,0.00000
293,23.84816,0.03264,Yakından incele · introCarry,False,False,-0.13191,2.71107,-7.20908,2.60000,0.05005,0.00000
294,23.88207,0.03391,Yakından incele · introCarry,False,False,-0.09202,2.71154,-7.23910,2.60000,0.04992,0.00000
295,23.91593,0.03386,Yakından incele · introCarry,False,False,-0.05573,2.71171,-7.26664,2.60000,0.04556,0.00000
296,23.94898,0.03304,Yakından incele · introCarry,False,False,-0.02209,2.71162,-7.29234,2.60000,0.04234,0.00000
297,23.98289,0.03392,Yakından incele · introCarry,False,False,0.00667,2.71131,-7.31448,2.60000,0.03629,0.00000
298,24.02697,0.04408,Yakından incele · introDrop,True,False,0.04380,2.70949,-7.32723,2.59536,0.03930,0.17694
299,24.05882,0.03185,Yakından incele · introDrop,True,False,0.08097,2.70443,-7.29474,2.57762,0.04962,0.69210
300,24.08334,0.02452,Yakından incele · introDrop,True,False,0.11083,2.70036,-7.26864,2.56336,0.03987,0.55532
301,24.11657,0.03323,Yakından incele · introDrop,True,False,0.17321,2.69186,-7.21413,2.53357,0.08328,1.16364
302,24.14740,0.03083,Yakından incele · introDrop,True,False,0.23582,2.68333,-7.15942,2.50368,0.08358,1.16834
303,24.18212,0.03472,Yakından incele · introDrop,True,False,0.32119,2.67171,-7.08481,2.46292,0.11397,1.59295
304,24.21438,0.03226,Yakından incele · introDrop,True,False,0.41600,2.65879,-7.00195,2.41765,0.12659,1.76940
305,24.24712,0.03274,Yakından incele · introDrop,True,False,0.51651,2.64510,-6.91411,2.36966,0.13418,1.87549
306,24.28160,0.03448,Yakından incele · introDrop,True,False,0.63132,2.62946,-6.81378,2.31484,0.15327,2.14274
307,24.31461,0.03301,Yakından incele · introDrop,True,False,0.75453,2.61268,-6.70609,2.25601,0.16450,2.29956
308,24.34742,0.03281,Yakından incele · introDrop,True,False,0.87973,2.59562,-6.59668,2.19623,0.16715,2.33670
309,24.37986,0.03245,Yakından incele · introDrop,True,False,1.01180,2.57763,-6.48126,2.13318,0.17631,2.46484
310,24.41358,0.03372,Yakından incele · introDrop,True,False,1.14680,2.55924,-6.36327,2.06872,0.18024,2.51949
311,24.44828,0.03470,Yakından incele · introDrop,True,False,1.29100,2.53960,-6.23726,1.99987,0.19250,2.69075
312,24.48175,0.03347,Yakından incele · introDrop,True,False,1.43717,2.51969,-6.10951,1.93008,0.19515,2.72773
313,24.51472,0.03298,Yakından incele · introDrop,True,False,1.57649,2.50072,-5.98776,1.86356,0.18600,2.59961
314,24.54845,0.03373,Yakından incele · introDrop,True,False,1.72333,2.48071,-5.85943,1.79344,0.19604,2.74004
315,24.58099,0.03255,Yakından incele · introDrop,True,False,1.86297,2.46169,-5.73739,1.72677,0.18643,2.60592
316,24.62483,0.04384,Yakından incele · introDrop,True,False,2.04377,2.43706,-5.57938,1.64044,0.24137,3.37404
317,24.65828,0.03345,Yakından incele · introDrop,True,False,2.17864,2.41869,-5.46151,1.57605,0.18006,2.51669
318,24.69152,0.03323,Yakından incele · introDrop,True,False,2.30678,2.40124,-5.34952,1.51486,0.17107,2.39134
319,24.72471,0.03319,Yakından incele · introDrop,True,False,2.42925,2.38456,-5.24249,1.45639,0.16350,2.28556
320,24.75815,0.03344,Yakından incele · introDrop,True,False,2.54350,2.36899,-5.14265,1.40184,0.15253,2.13212
321,24.79172,0.03357,Yakından incele · introDrop,True,False,2.65038,2.35443,-5.04924,1.35081,0.14269,1.99442
322,24.82505,0.03333,Yakından incele · introDrop,True,False,2.74659,2.34133,-4.96516,1.30487,0.12844,1.79488
323,24.85984,0.03479,Yakından incele · introDrop,True,False,2.83254,2.32962,-4.89005,1.26383,0.11475,1.60373
324,24.89304,0.03320,Yakından incele · introDrop,True,False,2.90592,2.31963,-4.82592,1.22880,0.09796,1.36886
325,24.92583,0.03279,Yakından incele · introDrop,True,False,2.96401,2.31171,-4.77515,1.20106,0.07756,1.08425
326,24.95886,0.03303,Yakından incele · introDrop,True,False,3.00880,2.30561,-4.73601,1.17967,0.05979,0.83556
327,24.99179,0.03293,Yakından incele · introDrop,True,False,3.03740,2.30172,-4.71101,1.16602,0.03819,0.53376
328,25.02514,0.03335,Yakından incele · introDrop,True,False,3.04969,2.30004,-4.70027,1.16015,0.01640,0.22728
329,25.05773,0.03259,Yakından incele · introDrop,False,False,3.05000,2.30000,-4.70000,1.16000,0.00042,0.00000
330,25.09340,0.03567,Yakından incele · introDrop,False,False,3.05000,2.30000,-4.70000,1.16000,0.00000,0.00000
331,25.12849,0.03509,Yakından incele · introDrop,False,False,3.05000,2.30000,-4.70000,1.16000,0.00000,0.00000
332,25.17869,0.05021,Yakından incele · introDrop,False,False,3.05000,2.30000,-4.70000,1.16000,0.00000,0.00000
333,25.19074,0.01205,Yakından incele · introDrop,False,False,3.05000,2.30000,-4.70000,1.16000,0.00000,0.00000
334,25.22391,0.03317,Yakından incele · introDrop,False,False,3.05000,2.30000,-4.70000,1.16000,0.00000,0.00000
335,25.25852,0.03461,Yakından incele · introDrop,False,False,3.05000,2.30000,-4.70000,1.16000,0.00000,0.00000
336,25.29371,0.03519,Yakından incele · introDrop,False,False,3.05000,2.30000,-4.70000,1.16000,0.00000,0.00000
337,25.32678,0.03307,Yakından incele · introDrop,False,False,3.05000,2.30000,-4.70000,1.16000,0.00000,0.00000
338,25.35961,0.03283,Yakından incele · introDrop,False,False,3.05000,2.30000,-4.70000,1.16000,0.00000,0.00000
339,25.39216,0.03255,Yakından incele · introDrop,False,False,3.05000,2.30000,-4.70000,1.16000,0.00000,0.00000
340,25.42435,0.03219,Yakından incele · introDrop,False,False,3.05000,2.30000,-4.70000,1.16000,0.00000,0.00000
341,25.45796,0.03361,Yakından incele · introDrop,False,False,3.05000,2.30000,-4.70000,1.16000,0.00000,0.00000
342,25.49275,0.03479,Yakından incele · introDrop,False,False,3.05000,2.30000,-4.70000,1.16000,0.00000,0.00000
343,25.52657,0.03382,Yakından incele · introDrop,False,False,3.05000,2.30000,-4.70000,1.16000,0.00000,0.00000
344,25.55934,0.03277,Yakından incele · introDrop,False,False,3.05000,2.30000,-4.70000,1.16000,0.00000,0.00000
345,25.59367,0.03433,Yakından incele · introDrop,False,False,3.05000,2.30000,-4.70000,1.16000,0.00000,0.00000
346,25.62629,0.03262,Yakından incele · introDrop,False,False,3.05000,2.30000,-4.70000,1.16000,0.00000,0.00000
347,25.65865,0.03236,Yakından incele · introDrop,False,False,3.05000,2.30000,-4.70000,1.16000,0.00000,0.00000
348,25.69253,0.03388,Yakından incele · introDrop,False,False,3.05000,2.30000,-4.70000,1.16000,0.00000,0.00000
349,25.72526,0.03272,Yakından incele · introDrop,False,False,3.05000,2.30000,-4.70000,1.16000,0.00000,0.00000
350,25.76692,0.04167,Yakından incele · introDrop,False,False,3.05000,2.30000,-4.70000,1.16000,0.00000,0.00000
351,25.79261,0.02569,Yakından incele · introDrop,False,False,3.05000,2.30000,-4.70000,1.16000,0.00000,0.00000
352,25.82637,0.03376,Yakından incele · introDrop,False,False,3.05000,2.30000,-4.70000,1.16000,0.00000,0.00000
353,25.85869,0.03232,Yakından incele · introDrop,False,False,3.05000,2.30000,-4.70000,1.16000,0.00000,0.00000
354,25.89203,0.03333,Yakından incele · introDrop,False,False,3.05000,2.30000,-4.70000,1.16000,0.00000,0.00000
355,25.92494,0.03291,Yakından incele · introDrop,False,False,3.05000,2.30000,-4.70000,1.16000,0.00000,0.00000
356,25.95836,0.03342,Yakından incele · introDrop,False,False,3.05000,2.30000,-4.70000,1.16000,0.00000,0.00000
357,25.99223,0.03387,Yakından incele · introDrop,False,False,3.05000,2.30000,-4.70000,1.16000,0.00000,0.00000
358,26.02536,0.03313,Yakından incele · introDrop,False,False,3.05000,2.30000,-4.70000,1.16000,0.00000,0.00000
359,26.05881,0.03346,Yakından incele · introDrop,False,False,3.05000,2.30000,-4.70000,1.16000,0.00000,0.00000
360,26.09197,0.03315,Yakından incele · introDrop,False,False,3.05000,2.30000,-4.70000,1.16000,0.00000,0.00000
361,26.12497,0.03301,Yakından incele · introDrop,False,False,3.05000,2.30000,-4.70000,1.16000,0.00000,0.00000
362,26.15838,0.03341,Yakından incele · introDrop,False,False,3.05000,2.30000,-4.70000,1.16000,0.00000,0.00000
363,26.19220,0.03382,Yakından incele · introDrop,False,False,3.05000,2.30000,-4.70000,1.16000,0.00000,0.00000
364,26.22572,0.03352,Yakından incele · introDrop,False,False,3.05000,2.30000,-4.70000,1.16000,0.00000,0.00000
365,26.25905,0.03333,Yakından incele · introDrop,False,False,3.05000,2.30000,-4.70000,1.16000,0.00000,0.00000
366,26.29222,0.03317,Yakından incele · introDrop,False,False,3.05000,2.30000,-4.70000,1.16000,0.00000,0.00000
367,26.32525,0.03302,Yakından incele · introDrop,False,False,3.05000,2.30000,-4.70000,1.16000,0.00000,0.00000
368,26.35898,0.03373,Yakından incele · introDrop,False,False,3.05000,2.30000,-4.70000,1.16000,0.00000,0.00000
369,26.39221,0.03323,Yakından incele · introDrop,False,False,3.05000,2.30000,-4.70000,1.16000,0.00000,0.00000
370,26.44043,0.04822,Yakından incele · introDrop,False,False,3.05000,2.30000,-4.70000,1.16000,0.00000,0.00000
371,26.47711,0.03668,Yakından incele · introDrop,False,False,3.05000,2.30000,-4.70000,1.16000,0.00000,0.00000
372,26.49206,0.01495,Yakından incele · introDrop,False,False,3.05000,2.30000,-4.70000,1.16000,0.00000,0.00000
373,26.52539,0.03333,Yakından incele · introDrop,False,False,3.05000,2.30000,-4.70000,1.16000,0.00000,0.00000
374,26.55896,0.03357,Yakından incele · introDrop,False,False,3.05000,2.30000,-4.70000,1.16000,0.00000,0.00000
375,26.59285,0.03389,Yakından incele · introDrop,False,False,3.05000,2.30000,-4.70000,1.16000,0.00000,0.00000
376,26.62572,0.03286,Yakından incele · introDrop,False,False,3.05000,2.30000,-4.70000,1.16000,0.00000,0.00000
377,26.65960,0.03388,Yakından incele · introDrop,False,False,3.05000,2.30000,-4.70000,1.16000,0.00000,0.00000
378,26.69291,0.03331,Yakından incele · introDrop,False,False,3.05000,2.30000,-4.70000,1.16000,0.00000,0.00000
379,26.72700,0.03409,Yakından incele · introDrop,False,False,3.05000,2.30000,-4.70000,1.16000,0.00000,0.00000
380,26.75949,0.03249,Yakından incele · introDrop,False,False,3.05000,2.30000,-4.70000,1.16000,0.00000,0.00000
381,26.79200,0.03251,Yakından incele · introDrop,False,False,3.05000,2.30000,-4.70000,1.16000,0.00000,0.00000
382,26.82663,0.03463,Yakından incele · introDrop,False,False,3.05000,2.30000,-4.70000,1.16000,0.00000,0.00000
383,26.86041,0.03378,Yakından incele · introDrop,False,False,3.05000,2.30000,-4.70000,1.16000,0.00000,0.00000
384,26.89346,0.03305,Yakından incele · introDrop,False,False,3.05000,2.30000,-4.70000,1.16000,0.00000,0.00000
385,26.92643,0.03297,Yakından incele · introDrop,False,False,3.05000,2.30000,-4.70000,1.16000,0.00000,0.00000
386,26.96092,0.03449,Yakından incele · introDrop,False,False,3.05000,2.30000,-4.70000,1.16000,0.00000,0.00000
387,26.99454,0.03362,Yakından incele · introDrop,False,False,3.05000,2.30000,-4.70000,1.16000,0.00000,0.00000
388,27.02561,0.03107,Yakından incele · introDrop,False,False,3.05000,2.30000,-4.70000,1.16000,0.00000,0.00000
389,27.05866,0.03305,Yakından incele · introDrop,False,False,3.05000,2.30000,-4.70000,1.16000,0.00000,0.00000
390,27.09238,0.03372,Yakından incele · introDrop,False,False,3.05000,2.30000,-4.70000,1.16000,0.00000,0.00000
391,27.12552,0.03314,Yakından incele · introDrop,False,False,3.05000,2.30000,-4.70000,1.16000,0.00000,0.00000
392,27.16125,0.03573,Yakından incele · introDrop,False,False,3.05000,2.30000,-4.70000,1.16000,0.00000,0.00000
393,27.19489,0.03365,Yakından incele · introDrop,False,False,3.05000,2.30000,-4.70000,1.16000,0.00000,0.00000
394,27.22513,0.03023,Yakından incele · introDrop,False,False,3.05000,2.30000,-4.70000,1.16000,0.00000,0.00000
395,27.25857,0.03345,Yakından incele · introDrop,False,False,3.05000,2.30000,-4.70000,1.16000,0.00000,0.00000
396,27.29192,0.03335,Yakından incele · introDrop,False,False,3.05000,2.30000,-4.70000,1.16000,0.00000,0.00000
397,27.32665,0.03473,Yakından incele · introDrop,False,False,3.05000,2.30000,-4.70000,1.16000,0.00000,0.00000
398,27.35878,0.03213,Yakından incele · introDrop,False,False,3.05000,2.30000,-4.70000,1.16000,0.00000,0.00000
399,27.39108,0.03230,Yakından incele · introDrop,False,False,3.05000,2.30000,-4.70000,1.16000,0.00000,0.00000
400,27.42442,0.03334,Yakından incele · introDrop,False,False,3.05000,2.30000,-4.70000,1.16000,0.00000,0.00000
401,27.45753,0.03311,Yakından incele · introDrop,False,False,3.05000,2.30000,-4.70000,1.16000,0.00000,0.00000
402,27.48982,0.03229,Yakından incele · introDrop,False,False,3.05000,2.30000,-4.70000,1.16000,0.00000,0.00000
403,27.52393,0.03411,Yakından incele · introDrop,False,False,3.05000,2.30000,-4.70000,1.16000,0.00000,0.00000
404,27.55711,0.03318,Yakından incele · introDrop,False,False,3.05000,2.30000,-4.70000,1.16000,0.00000,0.00000
405,27.59064,0.03353,Yakından incele · introDrop,False,False,3.05000,2.30000,-4.70000,1.16000,0.00000,0.00000
406,27.62574,0.03511,Yakından incele · introDrop,False,False,3.05000,2.30000,-4.70000,1.16000,0.00000,0.00000
407,27.65823,0.03248,Yakından incele · introDrop,False,False,3.05000,2.30000,-4.70000,1.16000,0.00000,0.00000
408,27.68974,0.03151,Yakından incele · introDrop,False,False,3.05000,2.30000,-4.70000,1.16000,0.00000,0.00000
409,27.72376,0.03402,Yakından incele · introDrop,False,False,3.05000,2.30000,-4.70000,1.16000,0.00000,0.00000
410,27.75817,0.03441,Yakından incele · introDrop,False,False,3.05000,2.30000,-4.70000,1.16000,0.00000,0.00000
411,27.79071,0.03254,Yakından incele · introDrop,False,False,3.05000,2.30000,-4.70000,1.16000,0.00000,0.00000
412,27.82319,0.03248,Yakından incele · introDrop,False,False,3.05000,2.30000,-4.70000,1.16000,0.00000,0.00000
413,27.85734,0.03415,Yakından incele · introDrop,False,False,3.05000,2.30000,-4.70000,1.16000,0.00000,0.00000
414,27.89010,0.03276,Yakından incele · introDrop,False,False,3.05000,2.30000,-4.70000,1.16000,0.00000,0.00000
415,27.93305,0.04295,Yakından incele · introDrop,False,False,3.05000,2.30000,-4.70000,1.16000,0.00000,0.00000
416,27.96640,0.03335,Yakından incele · introDrop,False,False,3.05000,2.30000,-4.70000,1.16000,0.00000,0.00000
417,27.99956,0.03316,Yakından incele · introDrop,False,False,3.05000,2.30000,-4.70000,1.16000,0.00000,0.00000
418,28.03311,0.03355,Yakından incele · introDrop,False,False,3.05000,2.30000,-4.70000,1.16000,0.00000,0.00000
419,28.06600,0.03289,Yakından incele · introDrop,False,False,3.05000,2.30000,-4.70000,1.16000,0.00000,0.00000
420,28.09953,0.03353,Yakından incele · introDrop,False,False,3.05000,2.30000,-4.70000,1.16000,0.00000,0.00000
421,28.13263,0.03310,Yakından incele · introDrop,False,False,3.05000,2.30000,-4.70000,1.16000,0.00000,0.00000
422,28.19398,0.06135,Ada ile odada gezin,True,False,3.03322,2.30651,-4.71251,1.16574,0.02192,0.19383
423,28.22762,0.03364,Ada ile odada gezin,True,False,2.91963,2.35060,-4.79714,1.20458,0.14835,1.33645
424,28.24969,0.02207,Ada ile odada gezin,True,False,2.85260,2.37662,-4.84710,1.22750,0.08755,0.78832
425,28.26455,0.01486,Ada ile odada gezin,True,False,2.80146,2.39646,-4.88520,1.24498,0.06679,0.60003
426,28.29750,0.03295,Ada ile odada gezin,True,False,2.67040,2.44733,-4.98286,1.28980,0.17118,1.54151
427,28.33105,0.03355,Ada ile odada gezin,True,False,2.51599,2.50726,-5.09792,1.34259,0.20167,1.81655
428,28.36419,0.03314,Ada ile odada gezin,True,False,2.33751,2.57654,-5.23092,1.40362,0.23312,2.09957
429,28.39755,0.03336,Ada ile odada gezin,True,False,2.14386,2.65169,-5.37522,1.46983,0.25292,2.27802
430,28.43155,0.03400,Ada ile odada gezin,True,False,1.93182,2.73399,-5.53322,1.54233,0.27695,2.49451
431,28.46475,0.03319,Ada ile odada gezin,True,False,1.69891,2.82439,-5.70677,1.62197,0.30420,2.73976
432,28.49649,0.03174,Ada ile odada gezin,True,False,1.46639,2.91463,-5.88004,1.70147,0.30369,2.73518
433,28.52998,0.03350,Ada ile odada gezin,True,False,1.22068,3.01000,-6.06313,1.78549,0.32092,2.89047
434,28.56427,0.03428,Ada ile odada gezin,True,False,0.95255,3.11406,-6.26292,1.87717,0.35020,3.15438
435,28.59724,0.03298,Ada ile odada gezin,True,False,0.69540,3.21387,-6.45454,1.96509,0.33587,3.02517
436,28.63058,0.03333,Ada ile odada gezin,True,False,0.42132,3.32025,-6.65877,2.05881,0.35797,3.22408
437,28.66442,0.03384,Ada ile odada gezin,True,False,0.15752,3.42264,-6.85535,2.14901,0.34456,3.10309
438,28.69792,0.03351,Ada ile odada gezin,True,False,-0.12348,3.53170,-7.06473,2.24509,0.36701,3.30536
439,28.72996,0.03204,Ada ile odada gezin,True,False,-0.38008,3.63129,-7.25594,2.33283,0.33515,3.01843
440,28.76418,0.03422,Ada ile odada gezin,True,False,-0.64116,3.73262,-7.45049,2.42210,0.34100,3.07114
441,28.79779,0.03361,Ada ile odada gezin,True,False,-0.90383,3.83457,-7.64622,2.51191,0.34307,3.08994
442,28.83155,0.03376,Ada ile odada gezin,True,False,-1.14626,3.92866,-7.82686,2.59480,0.31664,2.85175
443,28.86505,0.03350,Ada ile odada gezin,True,False,-1.38515,4.02138,-8.00487,2.67648,0.31202,2.81028
444,28.89790,0.03285,Ada ile odada gezin,True,False,-1.60269,4.10581,-8.16698,2.75087,0.28413,2.55894
445,28.93140,0.03350,Ada ile odada gezin,True,False,-1.80816,4.18556,-8.32008,2.82112,0.26836,2.41706
446,28.96505,0.03365,Ada ile odada gezin,True,False,-1.99504,4.25809,-8.45934,2.88502,0.24408,2.19828
447,28.99765,0.03260,Ada ile odada gezin,True,False,-2.16402,4.32367,-8.58525,2.94280,0.22071,1.98773
448,29.02936,0.03171,Ada ile odada gezin,True,False,-2.30308,4.37765,-8.68887,2.99034,0.18163,1.63562
449,29.06398,0.03462,Ada ile odada gezin,True,False,-2.42354,4.42440,-8.77864,3.03153,0.15734,1.41718
450,29.09826,0.03428,Ada ile odada gezin,True,False,-2.52207,4.46264,-8.85206,3.06522,0.12869,1.15892
451,29.13102,0.03276,Ada ile odada gezin,True,False,-2.58517,4.48713,-8.89907,3.08680,0.08241,0.74230
452,29.16409,0.03307,Ada ile odada gezin,True,False,-2.61913,4.50031,-8.92438,3.09841,0.04435,0.39958
453,29.19716,0.03307,Ada ile odada gezin,False,False,-2.62378,4.50212,-8.92785,3.10000,0.00608,0.00000
454,29.23798,0.04082,Ada ile odada gezin,False,False,-2.62378,4.50212,-8.92785,3.10000,0.00000,0.00000
455,29.28139,0.04341,Ada ile odada gezin,False,False,-2.62750,4.50180,-8.92311,3.10000,0.00603,0.00000
456,29.29830,0.01691,Ada ile odada gezin,False,False,-2.62975,4.50163,-8.92028,3.10000,0.00362,0.00000
457,29.33172,0.03342,Ada ile odada gezin,False,False,-2.63935,4.50091,-8.90822,3.10000,0.01543,0.00000
458,29.36403,0.03231,Ada ile odada gezin,False,False,-2.65246,4.50005,-8.89181,3.10000,0.02102,0.00000
459,29.39739,0.03336,Ada ile odada gezin,False,False,-2.67144,4.49889,-8.86802,3.10000,0.03046,0.00000
460,29.43078,0.03339,Ada ile odada gezin,False,False,-2.69444,4.49761,-8.83903,3.10000,0.03703,0.00000
461,29.46389,0.03311,Ada ile odada gezin,False,False,-2.72150,4.49628,-8.80473,3.10000,0.04371,0.00000
462,29.49708,0.03319,Ada ile odada gezin,False,False,-2.74878,4.49513,-8.76989,3.10000,0.04426,0.00000
463,29.53075,0.03366,Ada ile odada gezin,False,False,-2.77863,4.49409,-8.73169,3.10000,0.04849,0.00000
464,29.56387,0.03313,Ada ile odada gezin,False,False,-2.80752,4.49329,-8.69458,3.10000,0.04704,0.00000
465,29.59862,0.03475,Ada ile odada gezin,False,False,-2.83638,4.49265,-8.65716,3.10000,0.04726,0.00000
466,29.63270,0.03407,Ada ile odada gezin,False,False,-2.86595,4.49213,-8.61845,3.10000,0.04872,0.00000
467,29.66578,0.03308,Ada ile odada gezin,False,False,-2.89319,4.49179,-8.58253,3.10000,0.04508,0.00000
468,29.69853,0.03275,Ada ile odada gezin,False,False,-2.91958,4.49161,-8.54780,3.10000,0.04361,0.00000
469,29.73160,0.03307,Ada ile odada gezin,False,False,-2.94584,4.49157,-8.51346,3.10000,0.04323,0.00000
470,29.76452,0.03292,Ada ile odada gezin,False,False,-2.97019,4.49162,-8.48148,3.10000,0.04019,0.00000
471,29.79810,0.03358,Ada ile odada gezin,False,False,-2.99507,4.49163,-8.44833,3.10000,0.04145,0.00000
472,29.83084,0.03273,Ada ile odada gezin,False,False,-3.01832,4.49169,-8.41699,3.10000,0.03902,0.00000
473,29.86379,0.03295,Ada ile odada gezin,False,False,-3.04239,4.49156,-8.38413,3.10000,0.04072,0.00000
474,29.89783,0.03405,Ada ile odada gezin,False,False,-3.06949,4.49116,-8.34664,3.10000,0.04626,0.00000
475,29.93166,0.03383,Ada ile odada gezin,False,False,-3.09814,4.49065,-8.30695,3.10000,0.04895,0.00000
476,29.96458,0.03291,Ada ile odada gezin,False,False,-3.12825,4.49011,-8.26518,3.10000,0.05150,0.00000
477,29.99730,0.03272,Ada ile odada gezin,False,False,-3.15777,4.48963,-8.22411,3.10000,0.05058,0.00000
478,30.03212,0.03482,Ada ile odada gezin,False,False,-3.18885,4.48915,-8.18049,3.10000,0.05356,0.00000
479,30.06559,0.03347,Ada ile odada gezin,False,False,-3.22109,4.48864,-8.13456,3.10000,0.05612,0.00000
480,30.09740,0.03181,Ada ile odada gezin,False,False,-3.24982,4.48816,-8.09220,3.10000,0.05119,0.00000
481,30.13166,0.03426,Ada ile odada gezin,False,False,-3.27930,4.48748,-8.04636,3.10000,0.05451,0.00000
482,30.16560,0.03394,Ada ile odada gezin,False,False,-3.30918,4.48661,-7.99711,3.10000,0.05761,0.00000
483,30.19789,0.03229,Ada ile odada gezin,False,False,-3.33630,4.48584,-7.95065,3.10000,0.05380,0.00000
484,30.23093,0.03304,Ada ile odada gezin,False,False,-3.36414,4.48507,-7.90170,3.10000,0.05632,0.00000
485,30.26500,0.03407,Ada ile odada gezin,False,False,-3.39099,4.48442,-7.85362,3.10000,0.05507,0.00000
486,30.29867,0.03367,Ada ile odada gezin,False,False,-3.41935,4.48379,-7.80224,3.10000,0.05869,0.00000
487,30.33075,0.03208,Ada ile odada gezin,False,False,-3.44548,4.48335,-7.75445,3.10000,0.05447,0.00000
488,30.36451,0.03376,Ada ile odada gezin,False,False,-3.47210,4.48295,-7.70549,3.10000,0.05573,0.00000
489,30.39831,0.03379,Ada ile odada gezin,False,False,-3.49996,4.48258,-7.65406,3.10000,0.05849,0.00000
490,30.43151,0.03321,Ada ile odada gezin,False,False,-3.52640,4.48233,-7.60506,3.10000,0.05568,0.00000
491,30.46475,0.03324,Ada ile odada gezin,False,False,-3.55344,4.48211,-7.55486,3.10000,0.05702,0.00000
492,30.49722,0.03247,Ada ile odada gezin,False,False,-3.57997,4.48194,-7.50550,3.10000,0.05604,0.00000
493,30.53081,0.03359,Ada ile odada gezin,False,False,-3.60607,4.48181,-7.45689,3.10000,0.05518,0.00000
494,30.56508,0.03427,Ada ile odada gezin,False,False,-3.63396,4.48166,-7.40495,3.10000,0.05895,0.00000
495,30.59799,0.03291,Ada ile odada gezin,False,False,-3.66054,4.48158,-7.35537,3.10000,0.05625,0.00000
496,30.63154,0.03354,Ada ile odada gezin,False,False,-3.68689,4.48152,-7.30619,3.10000,0.05580,0.00000
497,30.66542,0.03388,Ada ile odada gezin,False,False,-3.71442,4.48145,-7.25483,3.10000,0.05827,0.00000
498,30.69836,0.03294,Ada ile odada gezin,False,False,-3.74094,4.48141,-7.20530,3.10000,0.05618,0.00000
499,30.73076,0.03240,Ada ile odada gezin,False,False,-3.76736,4.48139,-7.15597,3.10000,0.05596,0.00000
500,30.76301,0.03226,Ada ile odada gezin,False,False,-3.79342,4.48137,-7.10728,3.10000,0.05523,0.00000
501,30.79701,0.03400,Ada ile odada gezin,False,False,-3.82004,4.48134,-7.05756,3.10000,0.05640,0.00000
502,30.83078,0.03376,Ada ile odada gezin,False,False,-3.84759,4.48130,-7.00612,3.10000,0.05835,0.00000
503,30.86408,0.03331,Ada ile odada gezin,False,False,-3.87387,4.48130,-6.95700,3.10000,0.05571,0.00000
504,30.89799,0.03391,Ada ile odada gezin,False,False,-3.90120,4.48127,-6.90594,3.10000,0.05791,0.00000
505,30.93095,0.03295,Ada ile odada gezin,False,False,-3.92783,4.48127,-6.85617,3.10000,0.05644,0.00000
506,30.96430,0.03335,Ada ile odada gezin,False,False,-3.95439,4.48127,-6.80655,3.10000,0.05628,0.00000
507,30.99731,0.03301,Ada ile odada gezin,False,False,-3.98114,4.48126,-6.75656,3.10000,0.05670,0.00000
508,31.03080,0.03349,Ada ile odada gezin,False,False,-4.00772,4.48126,-6.70688,3.10000,0.05635,0.00000
509,31.06404,0.03324,Ada ile odada gezin,False,False,-4.03474,4.48125,-6.65639,3.10000,0.05727,0.00000
510,31.09751,0.03347,Ada ile odada gezin,False,False,-4.06095,4.48126,-6.60740,3.10000,0.05555,0.00000
511,31.13122,0.03370,Ada ile odada gezin,False,False,-4.08834,4.48124,-6.55622,3.10000,0.05805,0.00000
512,31.16394,0.03272,Ada ile odada gezin,False,False,-4.11482,4.48125,-6.50674,3.10000,0.05612,0.00000
513,31.19745,0.03352,Ada ile odada gezin,False,False,-4.14120,4.48125,-6.45742,3.10000,0.05593,0.00000
514,31.23897,0.04152,Ada ile odada gezin,False,False,-4.17623,4.48110,-6.39232,3.10000,0.07393,0.00000
515,31.27186,0.03289,Ada ile odada gezin,False,False,-4.20208,4.48124,-6.34413,3.10000,0.05469,0.00000
516,31.30600,0.03414,Ada ile odada gezin,False,False,-4.22881,4.48132,-6.29438,3.10000,0.05648,0.00000
517,31.33911,0.03311,Ada ile odada gezin,False,False,-4.25564,4.48136,-6.24451,3.10000,0.05662,0.00000
518,31.37136,0.03225,Ada ile odada gezin,False,False,-4.28175,4.48141,-6.19597,3.10000,0.05512,0.00000
519,31.40550,0.03415,Ada ile odada gezin,False,False,-4.30790,4.48142,-6.14723,3.10000,0.05531,0.00000
520,31.43996,0.03445,Ada ile odada gezin,False,False,-4.33595,4.48138,-6.09503,3.10000,0.05926,0.00000
521,31.47236,0.03240,Ada ile odada gezin,False,False,-4.36223,4.48140,-6.04607,3.10000,0.05556,0.00000
522,31.50570,0.03335,Ada ile odada gezin,False,False,-4.38837,4.48141,-5.99738,3.10000,0.05527,0.00000
523,31.53901,0.03331,Ada ile odada gezin,False,False,-4.41564,4.48140,-5.94659,3.10000,0.05765,0.00000
524,31.57186,0.03285,Ada ile odada gezin,False,False,-4.44166,4.48141,-5.89804,3.10000,0.05509,0.00000
525,31.60561,0.03375,Ada ile odada gezin,False,False,-4.46848,4.48139,-5.84797,3.10000,0.05680,0.00000
526,31.63910,0.03350,Ada ile odada gezin,False,False,-4.49531,4.48137,-5.79780,3.10000,0.05689,0.00000
527,31.67205,0.03294,Ada ile odada gezin,False,False,-4.52166,4.48136,-5.74842,3.10000,0.05597,0.00000
528,31.70578,0.03373,Ada ile odada gezin,False,False,-4.54801,4.48134,-5.69889,3.10000,0.05610,0.00000
529,31.73923,0.03345,Ada ile odada gezin,False,False,-4.57486,4.48126,-5.64798,3.10000,0.05756,0.00000
530,31.77189,0.03265,Ada ile odada gezin,False,False,-4.59776,4.48081,-5.59814,3.10000,0.05485,0.00000
531,31.80469,0.03280,Ada ile odada gezin,False,False,-4.61593,4.47982,-5.54713,3.10000,0.05416,0.00000
532,31.83983,0.03514,Ada ile odada gezin,False,False,-4.62821,4.47840,-5.49577,3.10000,0.05282,0.00000
533,31.87335,0.03353,Ada ile odada gezin,False,False,-4.63637,4.47679,-5.44171,3.10000,0.05470,0.00000
534,31.90631,0.03295,Ada ile odada gezin,False,False,-4.64089,4.47560,-5.39433,3.10000,0.04761,0.00000
535,31.93945,0.03314,Ada ile odada gezin,False,False,-4.64404,4.47450,-5.34372,3.10000,0.05071,0.00000
536,31.97201,0.03256,Ada ile odada gezin,False,False,-4.64542,4.47378,-5.29755,3.10000,0.04620,0.00000
537,32.00651,0.03450,Ada ile odada gezin,False,False,-4.64587,4.47326,-5.25057,3.10000,0.04698,0.00000
538,32.03953,0.03302,Ada ile odada gezin,False,False,-4.64556,4.47303,-5.20456,3.10000,0.04602,0.00000
539,32.07212,0.03259,Ada ile odada gezin,False,False,-4.64514,4.47309,-5.16250,3.10000,0.04206,0.00000
540,32.10611,0.03399,Ada ile odada gezin,False,False,-4.64484,4.47330,-5.11999,3.10000,0.04250,0.00000
541,32.13977,0.03366,Ada ile odada gezin,False,False,-4.64489,4.47368,-5.07810,3.10000,0.04190,0.00000
542,32.17217,0.03240,Ada ile odada gezin,False,False,-4.64455,4.47415,-5.03893,3.10000,0.03917,0.00000
543,32.20490,0.03273,Ada ile odada gezin,False,False,-4.64346,4.47462,-5.00101,3.10000,0.03793,0.00000
544,32.23888,0.03398,Ada ile odada gezin,False,False,-4.64185,4.47513,-4.96395,3.10000,0.03710,0.00000
545,32.27230,0.03342,Ada ile odada gezin,False,False,-4.64068,4.47574,-4.92718,3.10000,0.03679,0.00000
546,32.30536,0.03307,Ada ile odada gezin,False,False,-4.64033,4.47648,-4.89273,3.10000,0.03446,0.00000
547,32.33933,0.03396,Ada ile odada gezin,False,False,-4.64007,4.47725,-4.85918,3.10000,0.03357,0.00000
548,32.37272,0.03339,Ada ile odada gezin,False,False,-4.63981,4.47804,-4.82623,3.10000,0.03296,0.00000
549,32.40641,0.03369,Ada ile odada gezin,False,False,-4.64034,4.47889,-4.79561,3.10000,0.03063,0.00000
550,32.43927,0.03287,Ada ile odada gezin,False,False,-4.64041,4.47966,-4.76436,3.10000,0.03126,0.00000
551,32.47143,0.03215,Ada ile odada gezin,False,False,-4.63990,4.48035,-4.73674,3.10000,0.02763,0.00000
552,32.50568,0.03425,Ada ile odada gezin,False,False,-4.63931,4.48100,-4.70841,3.10000,0.02835,0.00000
553,32.53932,0.03365,Ada ile odada gezin,False,False,-4.63846,4.48164,-4.68051,3.10000,0.02792,0.00000
554,32.57194,0.03262,Ada ile odada gezin,False,False,-4.63704,4.48221,-4.65444,3.10000,0.02611,0.00000
555,32.60534,0.03340,Ada ile odada gezin,False,False,-4.63511,4.48274,-4.62950,3.10000,0.02502,0.00000
556,32.63875,0.03341,Ada ile odada gezin,False,False,-4.63282,4.48326,-4.60482,3.10000,0.02479,0.00000
557,32.67159,0.03285,Ada ile odada gezin,False,False,-4.63089,4.48383,-4.58182,3.10000,0.02309,0.00000
558,32.70477,0.03318,Ada ile odada gezin,False,False,-4.62895,4.48442,-4.55912,3.10000,0.02278,0.00000
559,32.73830,0.03353,Ada ile odada gezin,False,False,-4.62696,4.48495,-4.53751,3.10000,0.02172,0.00000
560,32.77184,0.03354,Ada ile odada gezin,False,False,-4.62490,4.48549,-4.51607,3.10000,0.02154,0.00000
561,32.80562,0.03378,Ada ile odada gezin,False,False,-4.62274,4.48597,-4.49589,3.10000,0.02030,0.00000
562,32.83917,0.03355,Ada ile odada gezin,False,False,-4.61937,4.48633,-4.47534,3.10000,0.02083,0.00000
563,32.87188,0.03271,Ada ile odada gezin,False,False,-4.61581,4.48668,-4.45690,3.10000,0.01878,0.00000
564,32.90488,0.03301,Ada ile odada gezin,False,False,-4.61206,4.48702,-4.43808,3.10000,0.01919,0.00000
565,32.93823,0.03335,Ada ile odada gezin,False,False,-4.60739,4.48730,-4.42081,3.10000,0.01789,0.00000
566,32.97218,0.03395,Ada ile odada gezin,False,False,-4.59853,4.48724,-4.40345,3.10000,0.01949,0.00000
567,33.00482,0.03264,Ada ile odada gezin,False,False,-4.58677,4.48701,-4.38775,3.10000,0.01961,0.00000
568,33.03835,0.03352,Ada ile odada gezin,False,False,-4.57284,4.48668,-4.37259,3.10000,0.02059,0.00000
569,33.07289,0.03455,Ada ile odada gezin,False,False,-4.55736,4.48632,-4.35698,3.10000,0.02198,0.00000
570,33.10558,0.03269,Ada ile odada gezin,False,False,-4.54158,4.48593,-4.34114,3.10000,0.02236,0.00000
571,33.13788,0.03230,Ada ile odada gezin,False,False,-4.52649,4.48566,-4.32602,3.10000,0.02136,0.00000
572,33.17186,0.03398,Ada ile odada gezin,False,False,-4.50891,4.48493,-4.30849,3.10000,0.02484,0.00000
573,33.20530,0.03344,Ada ile odada gezin,False,False,-4.48739,4.48348,-4.28714,3.10000,0.03035,0.00000
574,33.23821,0.03291,Ada ile odada gezin,False,False,-4.46058,4.48167,-4.26597,3.10000,0.03421,0.00000
575,33.27168,0.03347,Ada ile odada gezin,False,False,-4.42814,4.47954,-4.24345,3.10000,0.03954,0.00000
576,33.30524,0.03356,Ada ile odada gezin,False,False,-4.39001,4.47758,-4.22247,3.10000,0.04357,0.00000
577,33.33834,0.03310,Ada ile odada gezin,False,False,-4.34673,4.47609,-4.20522,3.10000,0.04661,0.00000
578,33.37217,0.03383,Ada ile odada gezin,False,False,-4.29936,4.47510,-4.19228,3.10000,0.04913,0.00000
579,33.40656,0.03438,Ada ile odada gezin,False,False,-4.24728,4.47440,-4.18176,3.10000,0.05313,0.00000
580,33.43912,0.03256,Ada ile odada gezin,False,False,-4.19366,4.47394,-4.17312,3.10000,0.05432,0.00000
581,33.47159,0.03248,Ada ile odada gezin,False,False,-4.14164,4.47368,-4.16597,3.10000,0.05251,0.00000
582,33.50490,0.03330,Ada ile odada gezin,False,False,-4.08668,4.47346,-4.15928,3.10000,0.05536,0.00000
583,33.53820,0.03330,Ada ile odada gezin,False,False,-4.03119,4.47331,-4.15305,3.10000,0.05584,0.00000
584,33.57136,0.03316,Ada ile odada gezin,False,False,-3.97570,4.47321,-4.14716,3.10000,0.05580,0.00000
585,33.60612,0.03476,Ada ile odada gezin,False,False,-3.91897,4.47312,-4.14137,3.10000,0.05702,0.00000
586,33.63941,0.03329,Ada ile odada gezin,False,False,-3.86125,4.47305,-4.13562,3.10000,0.05801,0.00000
587,33.67179,0.03238,Ada ile odada gezin,False,False,-3.80658,4.47305,-4.13024,3.10000,0.05493,0.00000
588,33.70562,0.03383,Ada ile odada gezin,False,False,-3.75068,4.47302,-4.12481,3.10000,0.05617,0.00000
589,33.73860,0.03298,Ada ile odada gezin,False,False,-3.69326,4.47298,-4.11928,3.10000,0.05768,0.00000
590,33.77119,0.03259,Ada ile odada gezin,False,False,-3.63826,4.47299,-4.11398,3.10000,0.05525,0.00000
591,33.80620,0.03501,Ada ile odada gezin,False,False,-3.58207,4.47297,-4.10860,3.10000,0.05645,0.00000
592,33.84074,0.03455,Ada ile odada gezin,False,False,-3.52221,4.47291,-4.10289,3.10000,0.06013,0.00000
593,33.87227,0.03152,Ada ile odada gezin,False,False,-3.46686,4.47294,-4.09759,3.10000,0.05560,0.00000
594,33.90553,0.03326,Ada ile odada gezin,False,False,-3.41336,4.47298,-4.09246,3.10000,0.05375,0.00000
595,33.93971,0.03418,Ada ile odada gezin,False,False,-3.35428,4.47293,-4.08685,3.10000,0.05935,0.00000
596,33.97170,0.03199,Ada ile odada gezin,False,False,-3.29873,4.47294,-4.08154,3.10000,0.05580,0.00000
597,34.00449,0.03279,Ada ile odada gezin,False,False,-3.24399,4.47296,-4.07631,3.10000,0.05499,0.00000
598,34.03857,0.03408,Ada ile odada gezin,False,False,-3.18688,4.47294,-4.07087,3.10000,0.05737,0.00000
599,34.07270,0.03412,Ada ile odada gezin,False,False,-3.12940,4.47292,-4.06539,3.10000,0.05774,0.00000
600,34.10530,0.03261,Ada ile odada gezin,False,False,-3.07307,4.47293,-4.06002,3.10000,0.05659,0.00000
601,34.13825,0.03295,Ada ile odada gezin,False,False,-3.01803,4.47295,-4.05476,3.10000,0.05529,0.00000
602,34.17267,0.03442,Ada ile odada gezin,False,False,-2.96084,4.47293,-4.04931,3.10000,0.05745,0.00000
603,34.20608,0.03341,Ada ile odada gezin,False,False,-2.90312,4.47291,-4.04381,3.10000,0.05798,0.00000
604,34.23845,0.03237,Ada ile odada gezin,False,False,-2.84783,4.47294,-4.03853,3.10000,0.05554,0.00000
605,34.27139,0.03293,Ada ile odada gezin,False,False,-2.79224,4.47294,-4.03322,3.10000,0.05584,0.00000
606,34.30513,0.03374,Ada ile odada gezin,False,False,-2.73567,4.47293,-4.02783,3.10000,0.05683,0.00000
607,34.33887,0.03375,Ada ile odada gezin,False,False,-2.67873,4.47292,-4.02240,3.10000,0.05720,0.00000
608,34.37240,0.03353,Ada ile odada gezin,False,False,-2.62215,4.47292,-4.01701,3.10000,0.05683,0.00000
609,34.40648,0.03408,Ada ile odada gezin,False,False,-2.56505,4.47292,-4.01156,3.10000,0.05737,0.00000
610,34.53311,0.12663,Yakından incele · map,True,False,-2.49212,4.46853,-3.99338,3.09372,0.07529,0.00000
611,34.56733,0.03422,Yakından incele · map,True,False,-2.16754,4.38074,-3.73796,2.96816,0.42225,2.23290
612,34.58345,0.01612,Yakından incele · map,True,False,-2.09120,4.36009,-3.67788,2.93862,0.09932,0.52637
613,34.64072,0.05727,Yakından incele · map,True,False,-1.81881,4.28642,-3.46352,2.83325,0.35437,1.87340
614,34.67493,0.03422,Yakından incele · map,True,False,-1.62206,4.23320,-3.30869,2.75713,0.25596,1.35217
615,34.70783,0.03290,Yakından incele · map,True,False,-1.42060,4.17871,-3.15016,2.67920,0.26208,1.38534
616,34.74163,0.03380,Yakından incele · map,True,False,-1.20260,4.11975,-2.97860,2.59486,0.28361,1.49982
617,34.77557,0.03394,Yakından incele · map,True,False,-0.96926,4.05664,-2.79498,2.50459,0.30356,1.60568
618,34.80854,0.03297,Yakından incele · map,True,False,-0.72822,3.99144,-2.60529,2.41134,0.31358,1.65843
619,34.84122,0.03268,Yakından incele · map,True,False,-0.48374,3.92532,-2.41290,2.31677,0.31805,1.68186
620,34.87355,0.03233,Yakından incele · map,True,False,-0.23205,3.85724,-2.21483,2.21940,0.32744,1.73094
621,34.90659,0.03304,Yakından incele · map,True,False,0.02066,3.78889,-2.01596,2.12163,0.32876,1.73816
622,34.94067,0.03409,Yakından incele · map,True,False,0.27998,3.71875,-1.81189,2.02131,0.33736,1.78394
623,34.97492,0.03425,Yakından incele · map,True,False,0.54218,3.64783,-1.60555,1.91988,0.34111,1.80401
624,35.00812,0.03320,Yakından incele · map,True,False,0.79987,3.57813,-1.40277,1.82019,0.33523,1.77294
625,35.04135,0.03324,Yakından incele · map,True,False,1.04672,3.51136,-1.20851,1.72470,0.32113,1.69807
626,35.07505,0.03370,Yakından incele · map,True,False,1.29334,3.44466,-1.01443,1.62929,0.32084,1.69623
627,35.10723,0.03218,Yakından incele · map,True,False,1.52553,3.38186,-0.83171,1.53946,0.30207,1.59737
628,35.14073,0.03350,Yakından incele · map,True,False,1.74355,3.32289,-0.66014,1.45512,0.28362,1.49930
629,35.17499,0.03426,Yakından incele · map,True,False,1.96043,3.26423,-0.48947,1.37122,0.28215,1.49145
630,35.20710,0.03212,Yakından incele · map,True,False,2.15393,3.21189,-0.33720,1.29636,0.25173,1.33058
631,35.23980,0.03270,Yakından incele · map,True,False,2.32726,3.16501,-0.20079,1.22931,0.22549,1.19221
632,35.27426,0.03446,Yakından incele · map,True,False,2.48612,3.12204,-0.07578,1.16785,0.20667,1.09216
633,35.30919,0.03493,Yakından incele · map,True,False,2.62839,3.08356,0.03618,1.11281,0.18509,0.97798
634,35.34264,0.03345,Yakından incele · map,True,False,2.74189,3.05286,0.12550,1.06891,0.14765,0.77934
635,35.37460,0.03196,Yakından incele · map,True,False,2.82812,3.02954,0.19336,1.03555,0.11218,0.59347
636,35.40678,0.03217,Yakından incele · map,True,False,2.88619,3.01383,0.23906,1.01308,0.07555,0.39958
637,35.44083,0.03405,Yakından incele · map,True,False,2.91645,3.00565,0.26287,1.00138,0.03936,0.20558
638,35.47456,0.03373,Yakından incele · map,False,False,2.92000,3.00469,0.26566,1.00000,0.00463,0.00000
639,35.51150,0.03694,Yakından incele · map,False,False,2.92000,3.00469,0.26566,1.00000,0.00000,0.00000
640,35.54755,0.03605,Yakından incele · map,False,False,2.92000,3.00469,0.26566,1.00000,0.00000,0.00000
641,35.59255,0.04501,Yakından incele · map,False,False,2.92000,3.00469,0.26566,1.00000,0.00000,0.00000
642,35.60870,0.01615,Yakından incele · map,False,False,2.92000,3.00469,0.26566,1.00000,0.00000,0.00000
643,35.64191,0.03321,Yakından incele · map,False,False,2.92000,3.00469,0.26566,1.00000,0.00000,0.00000
644,35.67550,0.03359,Yakından incele · map,False,False,2.92000,3.00469,0.26566,1.00000,0.00000,0.00000
645,35.70884,0.03334,Yakından incele · map,False,False,2.92000,3.00469,0.26566,1.00000,0.00000,0.00000
646,35.74215,0.03331,Yakından incele · map,False,False,2.92000,3.00469,0.26566,1.00000,0.00000,0.00000
647,35.77572,0.03357,Yakından incele · map,False,False,2.92000,3.00469,0.26566,1.00000,0.00000,0.00000
648,35.80883,0.03311,Yakından incele · map,False,False,2.92000,3.00469,0.26566,1.00000,0.00000,0.00000
649,35.84182,0.03299,Yakından incele · map,False,False,2.92000,3.00469,0.26566,1.00000,0.00000,0.00000
650,35.87606,0.03424,Yakından incele · map,False,False,2.92000,3.00469,0.26566,1.00000,0.00000,0.00000
651,35.90948,0.03342,Yakından incele · map,False,False,2.92000,3.00469,0.26566,1.00000,0.00000,0.00000
652,35.94143,0.03195,Yakından incele · map,False,False,2.92000,3.00469,0.26566,1.00000,0.00000,0.00000
653,35.97538,0.03395,Yakından incele · map,False,False,2.92000,3.00469,0.26566,1.00000,0.00000,0.00000
654,36.00853,0.03315,Yakından incele · map,False,False,2.92000,3.00469,0.26566,1.00000,0.00000,0.00000
655,36.04221,0.03367,Yakından incele · map,False,False,2.92000,3.00469,0.26566,1.00000,0.00000,0.00000
656,36.07530,0.03310,Yakından incele · map,False,False,2.92000,3.00469,0.26566,1.00000,0.00000,0.00000
657,36.10685,0.03155,Yakından incele · map,False,False,2.92000,3.00469,0.26566,1.00000,0.00000,0.00000
658,36.14045,0.03360,Yakından incele · map,False,False,2.92000,3.00469,0.26566,1.00000,0.00000,0.00000
659,36.17641,0.03596,Yakından incele · map,False,False,2.92000,3.00469,0.26566,1.00000,0.00000,0.00000
660,36.20805,0.03164,Yakından incele · map,False,False,2.92000,3.00469,0.26566,1.00000,0.00000,0.00000
661,36.24164,0.03358,Yakından incele · map,False,False,2.92000,3.00469,0.26566,1.00000,0.00000,0.00000
662,36.27634,0.03470,Yakından incele · map,False,False,2.92000,3.00469,0.26566,1.00000,0.00000,0.00000
663,36.30899,0.03265,Yakından incele · map,False,False,2.92000,3.00469,0.26566,1.00000,0.00000,0.00000
664,36.34013,0.03114,Yakından incele · map,False,False,2.92000,3.00469,0.26566,1.00000,0.00000,0.00000
665,36.37351,0.03338,Yakından incele · map,False,False,2.92000,3.00469,0.26566,1.00000,0.00000,0.00000
666,36.40815,0.03464,Yakından incele · map,False,False,2.92000,3.00469,0.26566,1.00000,0.00000,0.00000
667,36.44170,0.03355,Yakından incele · map,False,False,2.92000,3.00469,0.26566,1.00000,0.00000,0.00000
668,36.47505,0.03336,Yakından incele · map,False,False,2.92000,3.00469,0.26566,1.00000,0.00000,0.00000
669,36.50903,0.03398,Yakından incele · map,False,False,2.92000,3.00469,0.26566,1.00000,0.00000,0.00000
670,36.54193,0.03290,Yakından incele · map,False,False,2.92000,3.00469,0.26566,1.00000,0.00000,0.00000
671,36.57530,0.03337,Yakından incele · map,False,False,2.92000,3.00469,0.26566,1.00000,0.00000,0.00000
672,36.60791,0.03261,Yakından incele · map,False,False,2.92000,3.00469,0.26566,1.00000,0.00000,0.00000
673,36.64026,0.03236,Yakından incele · map,False,False,2.92000,3.00469,0.26566,1.00000,0.00000,0.00000
674,36.67422,0.03396,Yakından incele · map,False,False,2.92000,3.00469,0.26566,1.00000,0.00000,0.00000
675,36.70691,0.03269,Yakından incele · map,False,False,2.92000,3.00469,0.26566,1.00000,0.00000,0.00000
676,36.74149,0.03458,Yakından incele · map,False,False,2.92000,3.00469,0.26566,1.00000,0.00000,0.00000
677,36.77561,0.03413,Yakından incele · map,False,False,2.92000,3.00469,0.26566,1.00000,0.00000,0.00000
678,36.80899,0.03337,Yakından incele · map,False,False,2.92000,3.00469,0.26566,1.00000,0.00000,0.00000
679,36.84360,0.03462,Yakından incele · map,False,False,2.92000,3.00469,0.26566,1.00000,0.00000,0.00000
680,36.87410,0.03050,Yakından incele · map,False,False,2.92000,3.00469,0.26566,1.00000,0.00000,0.00000
681,36.90790,0.03379,Yakından incele · map,False,False,2.92000,3.00469,0.26566,1.00000,0.00000,0.00000
682,36.94177,0.03387,Yakından incele · map,False,False,2.92000,3.00469,0.26566,1.00000,0.00000,0.00000
683,36.97604,0.03427,Yakından incele · map,False,False,2.92000,3.00469,0.26566,1.00000,0.00000,0.00000
684,37.00899,0.03295,Yakından incele · map,False,False,2.92000,3.00469,0.26566,1.00000,0.00000,0.00000
685,37.04197,0.03298,Yakından incele · map,False,False,2.92000,3.00469,0.26566,1.00000,0.00000,0.00000
686,37.07523,0.03326,Yakından incele · map,False,False,2.92000,3.00469,0.26566,1.00000,0.00000,0.00000
687,37.10759,0.03236,Yakından incele · map,False,False,2.92000,3.00469,0.26566,1.00000,0.00000,0.00000
688,37.14198,0.03439,Yakından incele · map,False,False,2.92000,3.00469,0.26566,1.00000,0.00000,0.00000
689,37.17532,0.03334,Yakından incele · map,False,False,2.92000,3.00469,0.26566,1.00000,0.00000,0.00000
690,37.20733,0.03201,Yakından incele · map,False,False,2.92000,3.00469,0.26566,1.00000,0.00000,0.00000
691,37.24123,0.03391,Yakından incele · map,False,False,2.92000,3.00469,0.26566,1.00000,0.00000,0.00000
692,37.27499,0.03375,Yakından incele · map,False,False,2.92000,3.00469,0.26566,1.00000,0.00000,0.00000
693,37.30741,0.03243,Yakından incele · map,False,False,2.92000,3.00469,0.26566,1.00000,0.00000,0.00000
694,37.34043,0.03301,Yakından incele · map,False,False,2.92000,3.00469,0.26566,1.00000,0.00000,0.00000
695,37.37477,0.03434,Yakından incele · map,False,False,2.92000,3.00469,0.26566,1.00000,0.00000,0.00000
696,37.40905,0.03428,Yakından incele · map,False,False,2.92000,3.00469,0.26566,1.00000,0.00000,0.00000
697,37.44210,0.03305,Yakından incele · map,False,False,2.92000,3.00469,0.26566,1.00000,0.00000,0.00000
698,37.47492,0.03282,Yakından incele · map,False,False,2.92000,3.00469,0.26566,1.00000,0.00000,0.00000
699,37.50961,0.03469,Yakından incele · map,False,False,2.92000,3.00469,0.26566,1.00000,0.00000,0.00000
700,37.54111,0.03149,Yakından incele · map,False,False,2.92000,3.00469,0.26566,1.00000,0.00000,0.00000
701,37.57449,0.03338,Yakından incele · map,False,False,2.92000,3.00469,0.26566,1.00000,0.00000,0.00000
702,37.60848,0.03399,Yakından incele · map,False,False,2.92000,3.00469,0.26566,1.00000,0.00000,0.00000
703,37.64171,0.03323,Yakından incele · map,False,False,2.92000,3.00469,0.26566,1.00000,0.00000,0.00000
704,37.67548,0.03377,Yakından incele · map,False,False,2.92000,3.00469,0.26566,1.00000,0.00000,0.00000
705,37.70816,0.03268,Yakından incele · map,False,False,2.92000,3.00469,0.26566,1.00000,0.00000,0.00000
706,37.74116,0.03300,Yakından incele · map,False,False,2.92000,3.00469,0.26566,1.00000,0.00000,0.00000
707,37.77561,0.03445,Yakından incele · map,False,False,2.92000,3.00469,0.26566,1.00000,0.00000,0.00000
708,37.80884,0.03323,Yakından incele · map,False,False,2.92000,3.00469,0.26566,1.00000,0.00000,0.00000
709,37.84149,0.03265,Yakından incele · map,False,False,2.92000,3.00469,0.26566,1.00000,0.00000,0.00000
710,37.87495,0.03346,Yakından incele · map,False,False,2.92000,3.00469,0.26566,1.00000,0.00000,0.00000
711,37.90925,0.03430,Yakından incele · map,False,False,2.92000,3.00469,0.26566,1.00000,0.00000,0.00000
712,37.95106,0.04181,Yakından incele · map,False,False,2.92000,3.00469,0.26566,1.00000,0.00000,0.00000
713,37.98362,0.03256,Yakından incele · map,False,False,2.92000,3.00469,0.26566,1.00000,0.00000,0.00000
714,38.01656,0.03293,Yakından incele · map,False,False,2.92000,3.00469,0.26566,1.00000,0.00000,0.00000
715,38.04899,0.03244,Yakından incele · map,False,False,2.92000,3.00469,0.26566,1.00000,0.00000,0.00000
716,38.08263,0.03363,Yakından incele · map,False,False,2.92000,3.00469,0.26566,1.00000,0.00000,0.00000
717,38.11666,0.03404,Yakından incele · map,False,False,2.92000,3.00469,0.26566,1.00000,0.00000,0.00000
718,38.14999,0.03333,Yakından incele · map,False,False,2.92000,3.00469,0.26566,1.00000,0.00000,0.00000
719,38.18495,0.03496,Yakından incele · map,False,False,2.92000,3.00469,0.26566,1.00000,0.00000,0.00000
720,38.21592,0.03097,Yakından incele · map,False,False,2.92000,3.00469,0.26566,1.00000,0.00000,0.00000
721,38.24887,0.03295,Yakından incele · map,False,False,2.92000,3.00469,0.26566,1.00000,0.00000,0.00000
722,38.28263,0.03376,Yakından incele · map,False,False,2.92000,3.00469,0.26566,1.00000,0.00000,0.00000
723,38.31601,0.03338,Yakından incele · map,False,False,2.92000,3.00469,0.26566,1.00000,0.00000,0.00000
724,38.34854,0.03253,Yakından incele · map,False,False,2.92000,3.00469,0.26566,1.00000,0.00000,0.00000
725,38.38225,0.03371,Yakından incele · map,False,False,2.92000,3.00469,0.26566,1.00000,0.00000,0.00000
726,38.41657,0.03432,Yakından incele · map,False,False,2.92000,3.00469,0.26566,1.00000,0.00000,0.00000
727,38.45026,0.03369,Yakından incele · map,False,False,2.92000,3.00469,0.26566,1.00000,0.00000,0.00000
728,38.48425,0.03399,Yakından incele · map,False,False,2.92000,3.00469,0.26566,1.00000,0.00000,0.00000
729,38.53397,0.04972,Yakından incele · map,False,False,2.92000,3.00469,0.26566,1.00000,0.00000,0.00000
730,38.54974,0.01577,Yakından incele · map,False,False,2.92000,3.00469,0.26566,1.00000,0.00000,0.00000
731,38.58291,0.03317,Yakından incele · map,False,False,2.92000,3.00469,0.26566,1.00000,0.00000,0.00000
732,38.61589,0.03298,Yakından incele · map,False,False,2.92000,3.00469,0.26566,1.00000,0.00000,0.00000
733,38.64989,0.03400,Yakından incele · map,False,False,2.92000,3.00469,0.26566,1.00000,0.00000,0.00000
734,38.68366,0.03378,Yakından incele · map,False,False,2.92000,3.00469,0.26566,1.00000,0.00000,0.00000
735,38.71674,0.03307,Yakından incele · map,False,False,2.92000,3.00469,0.26566,1.00000,0.00000,0.00000
736,38.75005,0.03331,Yakından incele · map,False,False,2.92000,3.00469,0.26566,1.00000,0.00000,0.00000
737,38.78343,0.03338,Yakından incele · map,False,False,2.92000,3.00469,0.26566,1.00000,0.00000,0.00000
738,38.81673,0.03330,Yakından incele · map,False,False,2.92000,3.00469,0.26566,1.00000,0.00000,0.00000
739,38.86683,0.05010,Ada ile odada gezin,True,False,2.88451,3.01468,0.23731,1.01402,0.04651,0.24708
740,38.88235,0.01551,Ada ile odada gezin,True,False,2.85970,3.02167,0.21747,1.02382,0.03253,0.17694
741,38.91601,0.03366,Ada ile odada gezin,True,False,2.78686,3.04218,0.15926,1.05258,0.09547,0.51129
742,38.95021,0.03421,Ada ile odada gezin,True,False,2.68569,3.07068,0.07841,1.09254,0.13261,0.70996
743,38.98339,0.03318,Ada ile odada gezin,True,False,2.56033,3.10598,-0.02177,1.14205,0.16430,0.87937
744,39.01565,0.03226,Ada ile odada gezin,True,False,2.41800,3.14606,-0.13551,1.19826,0.18655,0.99935
745,39.04864,0.03299,Ada ile odada gezin,True,False,2.25398,3.19225,-0.26659,1.26304,0.21498,1.15147
746,39.08255,0.03391,Ada ile odada gezin,True,False,2.07080,3.24384,-0.41298,1.33539,0.24009,1.28632
747,39.11668,0.03412,Ada ile odada gezin,True,False,1.86898,3.30068,-0.57427,1.41510,0.26453,1.41718
748,39.14940,0.03272,Ada ile odada gezin,True,False,1.65323,3.36143,-0.74668,1.50030,0.28278,1.51488
749,39.18233,0.03293,Ada ile odada gezin,True,False,1.43532,3.42280,-0.92083,1.58637,0.28562,1.53030
750,39.21566,0.03333,Ada ile odada gezin,True,False,1.19520,3.49042,-1.11272,1.68120,0.31472,1.68605
751,39.24886,0.03320,Ada ile odada gezin,True,False,0.95990,3.55669,-1.30076,1.77413,0.30842,1.65228
752,39.28292,0.03405,Ada ile odada gezin,True,False,0.70677,3.62798,-1.50306,1.87410,0.33178,1.77779
753,39.31574,0.03283,Ada ile odada gezin,True,False,0.45514,3.69884,-1.70414,1.97348,0.32981,1.76719
754,39.34893,0.03318,Ada ile odada gezin,True,False,0.20564,3.76910,-1.90354,2.07202,0.32703,1.75207
755,39.38238,0.03345,Ada ile odada gezin,True,False,-0.04917,3.84086,-2.10717,2.17265,0.33398,1.78964
756,39.41606,0.03368,Ada ile odada gezin,True,False,-0.29780,3.91088,-2.30586,2.27085,0.32588,1.74625
757,39.44906,0.03300,Ada ile odada gezin,True,False,-0.54779,3.98128,-2.50564,2.36958,0.32766,1.75564
758,39.48213,0.03307,Ada ile odada gezin,True,False,-0.77988,4.04664,-2.69112,2.46124,0.30421,1.62939
759,39.51569,0.03357,Ada ile odada gezin,True,False,-1.01554,4.11301,-2.87945,2.55432,0.30889,1.65465
760,39.54904,0.03335,Ada ile odada gezin,True,False,-1.23116,4.17373,-3.05176,2.63947,0.28261,1.51385
761,39.58296,0.03392,Ada ile odada gezin,True,False,-1.44177,4.23304,-3.22007,2.72265,0.27605,1.47827
762,39.61683,0.03387,Ada ile odada gezin,True,False,-1.63353,4.28705,-3.37332,2.79838,0.25134,1.34579
763,39.65002,0.03320,Ada ile odada gezin,True,False,-1.81151,4.33717,-3.51555,2.86868,0.23329,1.24990
764,39.68270,0.03267,Ada ile odada gezin,True,False,-1.96461,4.38029,-3.63790,2.92914,0.20066,1.07555
765,39.71623,0.03353,Ada ile odada gezin,True,False,-2.10021,4.41847,-3.74627,2.98270,0.17774,0.95202
766,39.74912,0.03289,Ada ile odada gezin,True,False,-2.21391,4.45050,-3.83713,3.02760,0.14903,0.79721
767,39.78217,0.03305,Ada ile odada gezin,True,False,-2.29953,4.47461,-3.90556,3.06142,0.11222,0.60003
768,39.81582,0.03365,Ada ile odada gezin,True,False,-2.36129,4.49200,-3.95492,3.08581,0.08096,0.42978
769,39.84972,0.03391,Ada ile odada gezin,True,False,-2.39286,4.50089,-3.98014,3.09828,0.04137,0.21670
770,39.88312,0.03340,Ada ile odada gezin,False,False,-2.39722,4.50212,-3.98363,3.10000,0.00572,0.00000
771,39.91867,0.03556,Ada ile odada gezin,False,False,-2.39722,4.50212,-3.98363,3.10000,0.00000,0.00000
772,39.95035,0.03167,Ada ile odada gezin,False,False,-2.40014,4.50227,-3.98263,3.10000,0.00308,0.00000
773,39.98319,0.03284,Ada ile odada gezin,False,False,-2.40794,4.50265,-3.97994,3.10000,0.00826,0.00000
774,40.01621,0.03302,Ada ile odada gezin,False,False,-2.42165,4.50327,-3.97536,3.10000,0.01447,0.00000
775,40.05019,0.03398,Ada ile odada gezin,False,False,-2.44298,4.50419,-3.96851,3.10000,0.02242,0.00000
776,40.08431,0.03412,Ada ile odada gezin,False,False,-2.46982,4.50525,-3.96011,3.10000,0.02814,0.00000
777,40.11745,0.03314,Ada ile odada gezin,False,False,-2.50131,4.50634,-3.95049,3.10000,0.03295,0.00000
778,40.14955,0.03210,Ada ile odada gezin,False,False,-2.53326,4.50726,-3.94079,3.10000,0.03340,0.00000
779,40.18271,0.03316,Ada ile odada gezin,False,False,-2.56527,4.50793,-3.93077,3.10000,0.03355,0.00000
780,40.21612,0.03341,Ada ile odada gezin,False,False,-2.59761,4.50876,-3.92291,3.10000,0.03330,0.00000
781,40.24919,0.03307,Ada ile odada gezin,False,False,-2.62923,4.50944,-3.91551,3.10000,0.03248,0.00000
782,40.28300,0.03381,Ada ile odada gezin,False,False,-2.66114,4.50989,-3.90769,3.10000,0.03286,0.00000
783,40.31669,0.03369,Ada ile odada gezin,False,False,-2.69296,4.51012,-3.89922,3.10000,0.03293,0.00000
784,40.34925,0.03256,Ada ile odada gezin,False,False,-2.72356,4.51017,-3.89054,3.10000,0.03181,0.00000
785,40.38214,0.03289,Ada ile odada gezin,False,False,-2.75328,4.51004,-3.88127,3.10000,0.03113,0.00000
786,40.41564,0.03351,Ada ile odada gezin,False,False,-2.78301,4.50977,-3.87106,3.10000,0.03143,0.00000
787,40.44978,0.03413,Ada ile odada gezin,False,False,-2.81190,4.50936,-3.86015,3.10000,0.03089,0.00000
788,40.48328,0.03351,Ada ile odada gezin,False,False,-2.84035,4.50889,-3.84862,3.10000,0.03070,0.00000
789,40.51600,0.03272,Ada ile odada gezin,False,False,-2.86683,4.50844,-3.83765,3.10000,0.02866,0.00000
790,40.54888,0.03288,Ada ile odada gezin,False,False,-2.89246,4.50801,-3.82671,3.10000,0.02788,0.00000
791,40.58306,0.03418,Ada ile odada gezin,False,False,-2.91739,4.50777,-3.81688,3.10000,0.02680,0.00000
792,40.61713,0.03407,Ada ile odada gezin,False,False,-2.94220,4.50762,-3.80759,3.10000,0.02649,0.00000
793,40.64977,0.03264,Ada ile odada gezin,False,False,-2.96523,4.50752,-3.79941,3.10000,0.02444,0.00000
794,40.68247,0.03270,Ada ile odada gezin,False,False,-2.98723,4.50745,-3.79183,3.10000,0.02327,0.00000
795,40.71638,0.03391,Ada ile odada gezin,False,False,-3.00909,4.50742,-3.78470,3.10000,0.02300,0.00000
796,40.75064,0.03426,Ada ile odada gezin,False,False,-3.03056,4.50738,-3.77788,3.10000,0.02252,0.00000
797,40.78386,0.03322,Ada ile odada gezin,False,False,-3.05084,4.50740,-3.77207,3.10000,0.02110,0.00000
798,40.81660,0.03274,Ada ile odada gezin,False,False,-3.07021,4.50745,-3.76697,3.10000,0.02003,0.00000
799,40.84925,0.03265,Ada ile odada gezin,False,False,-3.08905,4.50739,-3.76165,3.10000,0.01957,0.00000
800,40.88190,0.03264,Ada ile odada gezin,False,False,-3.10697,4.50719,-3.75585,3.10000,0.01884,0.00000
801,40.91566,0.03376,Ada ile odada gezin,False,False,-3.12454,4.50703,-3.75041,3.10000,0.01839,0.00000
802,40.94907,0.03341,Ada ile odada gezin,False,False,-3.14194,4.50697,-3.74559,3.10000,0.01806,0.00000
803,40.98274,0.03367,Ada ile odada gezin,False,False,-3.15836,4.50689,-3.74104,3.10000,0.01704,0.00000
804,41.01709,0.03435,Ada ile odada gezin,False,False,-3.17481,4.50687,-3.73694,3.10000,0.01695,0.00000
805,41.05040,0.03331,Ada ile odada gezin,False,False,-3.19061,4.50682,-3.73303,3.10000,0.01627,0.00000
806,41.08491,0.03450,Ada ile odada gezin,False,False,-3.20873,4.50725,-3.73054,3.10000,0.01830,0.00000
807,41.11954,0.03463,Ada ile odada gezin,False,False,-3.23098,4.50835,-3.73023,3.10000,0.02228,0.00000
808,41.15250,0.03296,Ada ile odada gezin,False,False,-3.25993,4.51027,-3.73278,3.10000,0.02913,0.00000
809,41.18341,0.03091,Ada ile odada gezin,False,False,-3.29195,4.51263,-3.73785,3.10000,0.03250,0.00000
810,41.21669,0.03328,Ada ile odada gezin,False,False,-3.33023,4.51546,-3.74547,3.10000,0.03913,0.00000
811,41.25915,0.04247,Ada ile odada gezin,False,False,-3.39069,4.51966,-3.75893,3.10000,0.06208,0.00000
812,41.29236,0.03321,Ada ile odada gezin,False,False,-3.43565,4.52210,-3.76972,3.10000,0.04630,0.00000
813,41.32813,0.03577,Ada ile odada gezin,False,False,-3.48612,4.52452,-3.78210,3.10000,0.05203,0.00000
814,41.36089,0.03276,Ada ile odada gezin,False,False,-3.53815,4.52659,-3.79517,3.10000,0.05369,0.00000
815,41.39240,0.03151,Ada ile odada gezin,False,False,-3.58596,4.52816,-3.80734,3.10000,0.04936,0.00000
816,41.42584,0.03343,Ada ile odada gezin,False,False,-3.63923,4.52970,-3.82080,3.10000,0.05496,0.00000
817,41.45909,0.03325,Ada ile odada gezin,False,False,-3.69094,4.53090,-3.83385,3.10000,0.05335,0.00000
818,41.49281,0.03372,Ada ile odada gezin,False,False,-3.74620,4.53199,-3.84774,3.10000,0.05699,0.00000
819,41.52539,0.03258,Ada ile odada gezin,False,False,-3.79895,4.53278,-3.86098,3.10000,0.05438,0.00000
820,41.55901,0.03361,Ada ile odada gezin,False,False,-3.85316,4.53345,-3.87444,3.10000,0.05587,0.00000
821,41.59315,0.03414,Ada ile odada gezin,False,False,-3.90891,4.53400,-3.88804,3.10000,0.05739,0.00000
822,41.62593,0.03279,Ada ile odada gezin,False,False,-3.96379,4.53419,-3.89962,3.10000,0.05609,0.00000
823,41.66024,0.03430,Ada ile odada gezin,False,False,-4.01795,4.53418,-3.90985,3.10000,0.05512,0.00000
824,41.69367,0.03344,Ada ile odada gezin,False,False,-4.07740,4.53416,-3.92015,3.10000,0.06033,0.00000
825,41.72512,0.03144,Ada ile odada gezin,False,False,-4.12924,4.53397,-3.92872,3.10000,0.05255,0.00000
826,41.75863,0.03351,Ada ile odada gezin,False,False,-4.18611,4.53386,-3.93773,3.10000,0.05757,0.00000
827,41.79246,0.03383,Ada ile odada gezin,False,False,-4.24108,4.53371,-3.94623,3.10000,0.05563,0.00000
828,41.82599,0.03353,Ada ile odada gezin,False,False,-4.29945,4.53363,-3.95507,3.10000,0.05904,0.00000
829,41.85831,0.03232,Ada ile odada gezin,False,False,-4.35362,4.53349,-3.96321,3.10000,0.05478,0.00000
830,41.89156,0.03325,Ada ile odada gezin,False,False,-4.40919,4.53340,-3.97148,3.10000,0.05618,0.00000
831,41.92515,0.03359,Ada ile odada gezin,False,False,-4.46595,4.53334,-3.97988,3.10000,0.05738,0.00000
832,41.95871,0.03356,Ada ile odada gezin,False,False,-4.52178,4.53328,-3.98812,3.10000,0.05643,0.00000
833,41.99283,0.03412,Ada ile odada gezin,False,False,-4.57854,4.53323,-3.99646,3.10000,0.05737,0.00000
834,42.02616,0.03333,Ada ile odada gezin,False,False,-4.63553,4.53320,-4.00483,3.10000,0.05761,0.00000
835,42.05897,0.03281,Ada ile odada gezin,False,False,-4.69050,4.53314,-4.01290,3.10000,0.05556,0.00000
836,42.09275,0.03378,Ada ile odada gezin,False,False,-4.74672,4.53312,-4.02114,3.10000,0.05681,0.00000
837,42.12658,0.03383,Ada ile odada gezin,False,False,-4.80379,4.53311,-4.02950,3.10000,0.05768,0.00000
838,42.15886,0.03227,Ada ile odada gezin,False,False,-4.85956,4.53308,-4.03767,3.10000,0.05636,0.00000
839,42.19072,0.03187,Ada ile odada gezin,False,False,-4.91367,4.53304,-4.04560,3.10000,0.05469,0.00000
840,42.22389,0.03316,Ada ile odada gezin,False,False,-4.96902,4.53304,-4.05370,3.10000,0.05594,0.00000
841,42.25742,0.03353,Ada ile odada gezin,False,False,-5.02563,4.53305,-4.06198,3.10000,0.05721,0.00000
842,42.29062,0.03319,Ada ile odada gezin,False,False,-5.08165,4.53305,-4.07017,3.10000,0.05662,0.00000
843,42.32414,0.03352,Ada ile odada gezin,False,False,-5.13747,4.53304,-4.07834,3.10000,0.05641,0.00000
844,42.35787,0.03374,Ada ile odada gezin,False,False,-5.19420,4.53305,-4.08663,3.10000,0.05733,0.00000
845,42.39148,0.03361,Ada ile odada gezin,False,False,-5.25052,4.53304,-4.09487,3.10000,0.05692,0.00000
846,42.42552,0.03404,Ada ile odada gezin,False,False,-5.30693,4.53304,-4.10312,3.10000,0.05701,0.00000
847,42.48950,0.06398,Yakından incele · supplyWater,True,False,-5.35354,4.52771,-4.09613,3.09316,0.04743,0.00000
848,42.52265,0.03315,Yakından incele · supplyWater,True,False,-5.28014,4.49131,-3.99129,3.04653,0.13305,0.81469
849,42.53801,0.01536,Yakından incele · supplyWater,True,False,-5.25092,4.47682,-3.94955,3.02797,0.05298,0.32143
850,42.55841,0.02040,Yakından incele · supplyWater,True,False,-5.21049,4.45677,-3.89180,3.00228,0.07329,0.44762
851,42.59271,0.03430,Yakından incele · supplyWater,True,False,-5.12667,4.41519,-3.77206,2.94903,0.15197,0.93040
852,42.62711,0.03439,Yakından incele · supplyWater,True,False,-5.03054,4.36752,-3.63474,2.88795,0.17427,1.06678
853,42.66020,0.03309,Yakından incele · supplyWater,True,False,-4.91728,4.31134,-3.47295,2.81600,0.20533,1.25801
854,42.69136,0.03116,Yakından incele · supplyWater,True,False,-4.80183,4.25408,-3.30803,2.74265,0.20930,1.28266
855,42.72431,0.03295,Yakından incele · supplyWater,True,False,-4.67370,4.19054,-3.12501,2.66125,0.23227,1.42324
856,42.75845,0.03414,Yakından incele · supplyWater,True,False,-4.53162,4.12007,-2.92204,2.57098,0.25758,1.57864
857,42.79246,0.03401,Yakından incele · supplyWater,True,False,-4.38228,4.04600,-2.70872,2.47610,0.27073,1.65937
858,42.82587,0.03341,Yakından incele · supplyWater,True,False,-4.22696,3.96897,-2.48685,2.37742,0.28157,1.72551
859,42.85867,0.03280,Yakından incele · supplyWater,True,False,-4.06834,3.89030,-2.26027,2.27665,0.28755,1.76231
860,42.89112,0.03245,Yakından incele · supplyWater,True,False,-3.90760,3.81058,-2.03065,2.17453,0.29141,1.78657
861,42.92495,0.03383,Yakından incele · supplyWater,True,False,-3.74395,3.72941,-1.79688,2.07055,0.29668,1.81913
862,42.95823,0.03328,Yakından incele · supplyWater,True,False,-3.57400,3.64512,-1.55412,1.96259,0.30809,1.88880
863,42.99062,0.03239,Yakından incele · supplyWater,True,False,-3.41201,3.56478,-1.32271,1.85967,0.29367,1.80054
864,43.02540,0.03478,Yakından incele · supplyWater,True,False,-3.24842,3.48365,-1.08904,1.75574,0.29656,1.81827
865,43.05953,0.03413,Yakından incele · supplyWater,True,False,-3.07850,3.39937,-0.84630,1.64778,0.30806,1.88797
866,43.09217,0.03263,Yakından incele · supplyWater,True,False,-2.92585,3.32366,-0.62824,1.55080,0.27674,1.69577
867,43.12480,0.03263,Yakından incele · supplyWater,True,False,-2.77508,3.24889,-0.41288,1.45502,0.27332,1.67534
868,43.15750,0.03270,Yakından incele · supplyWater,True,False,-2.63345,3.17865,-0.21057,1.36504,0.25675,1.57367
869,43.19167,0.03418,Yakından incele · supplyWater,True,False,-2.49698,3.11096,-0.01562,1.27833,0.24741,1.51643
870,43.22555,0.03388,Yakından incele · supplyWater,True,False,-2.36911,3.04754,0.16704,1.19709,0.23182,1.42104
871,43.25847,0.03291,Yakından incele · supplyWater,True,False,-2.25395,2.99043,0.33154,1.12393,0.20876,1.28022
872,43.29196,0.03349,Yakından incele · supplyWater,True,False,-2.15297,2.94034,0.47579,1.05978,0.18307,1.12186
873,43.32599,0.03403,Yakından incele · supplyWater,True,False,-2.06237,2.89541,0.60521,1.00221,0.16425,1.00560
874,43.35948,0.03350,Yakından incele · supplyWater,True,False,-1.98897,2.85901,0.71005,0.95559,0.13305,0.81373
875,43.39200,0.03252,Yakından incele · supplyWater,True,False,-1.93140,2.83045,0.79230,0.91901,0.10438,0.63919
876,43.42474,0.03273,Yakından incele · supplyWater,True,False,-1.89350,2.81166,0.84643,0.89493,0.06870,0.41871
877,43.45822,0.03349,Yakından incele · supplyWater,True,False,-1.87255,2.80127,0.87636,0.88162,0.03798,0.22728
878,43.49036,0.03213,Yakından incele · supplyWater,False,False,-1.87000,2.80000,0.88000,0.88000,0.00462,0.00000
879,43.53700,0.04665,Yakından incele · supplyWater,False,False,-1.87000,2.80000,0.88000,0.88000,0.00000,0.00000
880,43.56452,0.02751,Yakından incele · supplyWater,False,False,-1.87000,2.80000,0.88000,0.88000,0.00000,0.00000
881,43.61332,0.04880,Yakından incele · supplyWater,False,False,-1.87000,2.80000,0.88000,0.88000,0.00000,0.00000
882,43.62501,0.01169,Yakından incele · supplyWater,False,False,-1.87000,2.80000,0.88000,0.88000,0.00000,0.00000
883,43.65839,0.03339,Yakından incele · supplyWater,False,False,-1.87000,2.80000,0.88000,0.88000,0.00000,0.00000
884,43.69185,0.03346,Yakından incele · supplyWater,False,False,-1.87000,2.80000,0.88000,0.88000,0.00000,0.00000
885,43.72586,0.03401,Yakından incele · supplyWater,False,False,-1.87000,2.80000,0.88000,0.88000,0.00000,0.00000
886,43.75962,0.03376,Yakından incele · supplyWater,False,False,-1.87000,2.80000,0.88000,0.88000,0.00000,0.00000
887,43.79201,0.03239,Yakından incele · supplyWater,False,False,-1.87000,2.80000,0.88000,0.88000,0.00000,0.00000
888,43.82554,0.03353,Yakından incele · supplyWater,False,False,-1.87000,2.80000,0.88000,0.88000,0.00000,0.00000
889,43.85885,0.03331,Yakından incele · supplyWater,False,False,-1.87000,2.80000,0.88000,0.88000,0.00000,0.00000
890,43.89247,0.03362,Yakından incele · supplyWater,False,False,-1.87000,2.80000,0.88000,0.88000,0.00000,0.00000
891,43.92567,0.03319,Yakından incele · supplyWater,False,False,-1.87000,2.80000,0.88000,0.88000,0.00000,0.00000
892,43.95901,0.03334,Yakından incele · supplyWater,False,False,-1.87000,2.80000,0.88000,0.88000,0.00000,0.00000
893,43.99274,0.03373,Yakından incele · supplyWater,False,False,-1.87000,2.80000,0.88000,0.88000,0.00000,0.00000
894,44.02573,0.03299,Yakından incele · supplyWater,False,False,-1.87000,2.80000,0.88000,0.88000,0.00000,0.00000
895,44.05866,0.03293,Yakından incele · supplyWater,False,False,-1.87000,2.80000,0.88000,0.88000,0.00000,0.00000
896,44.09218,0.03352,Yakından incele · supplyWater,False,False,-1.87000,2.80000,0.88000,0.88000,0.00000,0.00000
897,44.12607,0.03389,Yakından incele · supplyWater,False,False,-1.87000,2.80000,0.88000,0.88000,0.00000,0.00000
898,44.15954,0.03347,Yakından incele · supplyWater,False,False,-1.87000,2.80000,0.88000,0.88000,0.00000,0.00000
899,44.19562,0.03608,Yakından incele · supplyWater,False,False,-1.87000,2.80000,0.88000,0.88000,0.00000,0.00000
900,44.22660,0.03098,Yakından incele · supplyWater,False,False,-1.87000,2.80000,0.88000,0.88000,0.00000,0.00000
901,44.25843,0.03182,Yakından incele · supplyWater,False,False,-1.87000,2.80000,0.88000,0.88000,0.00000,0.00000
902,44.29279,0.03436,Yakından incele · supplyWater,False,False,-1.87000,2.80000,0.88000,0.88000,0.00000,0.00000
903,44.32672,0.03393,Yakından incele · supplyWater,False,False,-1.87000,2.80000,0.88000,0.88000,0.00000,0.00000
904,44.35871,0.03199,Yakından incele · supplyWater,False,False,-1.87000,2.80000,0.88000,0.88000,0.00000,0.00000
905,44.39240,0.03368,Yakından incele · supplyWater,False,False,-1.87000,2.80000,0.88000,0.88000,0.00000,0.00000
906,44.42651,0.03411,Yakından incele · supplyWater,False,False,-1.87000,2.80000,0.88000,0.88000,0.00000,0.00000
907,44.45978,0.03328,Yakından incele · supplyWater,False,False,-1.87000,2.80000,0.88000,0.88000,0.00000,0.00000
908,44.49242,0.03264,Yakından incele · supplyWater,False,False,-1.87000,2.80000,0.88000,0.88000,0.00000,0.00000
909,44.52575,0.03333,Yakından incele · supplyWater,False,False,-1.87000,2.80000,0.88000,0.88000,0.00000,0.00000
910,44.56934,0.04359,Yakından incele · supplyWater,False,False,-1.87000,2.80000,0.88000,0.88000,0.00000,0.00000
911,44.60235,0.03301,Yakından incele · supplyWater,False,False,-1.87000,2.80000,0.88000,0.88000,0.00000,0.00000
912,44.63427,0.03192,Yakından incele · supplyWater,False,False,-1.87000,2.80000,0.88000,0.88000,0.00000,0.00000
913,44.66742,0.03315,Yakından incele · supplyWater,False,False,-1.87000,2.80000,0.88000,0.88000,0.00000,0.00000
914,44.70243,0.03500,Yakından incele · supplyWater,False,False,-1.87000,2.80000,0.88000,0.88000,0.00000,0.00000
915,44.73550,0.03307,Yakından incele · supplyWater,False,False,-1.87000,2.80000,0.88000,0.88000,0.00000,0.00000
916,44.76740,0.03191,Yakından incele · supplyWater,False,False,-1.87000,2.80000,0.88000,0.88000,0.00000,0.00000
917,44.80076,0.03335,Yakından incele · supplyWater,False,False,-1.87000,2.80000,0.88000,0.88000,0.00000,0.00000
918,44.83496,0.03420,Yakından incele · supplyWater,False,False,-1.87000,2.80000,0.88000,0.88000,0.00000,0.00000
919,44.89525,0.06029,Ada ile odada gezin,True,False,-1.90402,2.81606,0.83263,0.90095,0.06049,0.36477
920,44.90293,0.00768,Ada ile odada gezin,True,False,-1.91419,2.82086,0.81848,0.90721,0.01808,0.00000
921,44.93358,0.03065,Ada ile odada gezin,True,False,-1.96035,2.84266,0.75420,0.93563,0.08208,0.49574
922,44.96837,0.03480,Ada ile odada gezin,True,False,-2.02830,2.87474,0.65959,0.97747,0.12082,0.73168
923,45.00273,0.03436,Ada ile odada gezin,True,False,-2.11543,2.91587,0.53827,1.03113,0.15493,0.93794
924,45.03513,0.03240,Ada ile odada gezin,True,False,-2.21378,2.96231,0.40133,1.09169,0.17487,1.05868
925,45.06803,0.03290,Ada ile odada gezin,True,False,-2.32412,3.01440,0.24768,1.15964,0.19621,1.18826
926,45.10114,0.03311,Ada ile odada gezin,True,False,-2.44996,3.07381,0.07247,1.23712,0.22375,1.35506
927,45.13387,0.03273,Ada ile odada gezin,True,False,-2.58195,3.13613,-0.11131,1.31840,0.23468,1.42159
928,45.16908,0.03521,Ada ile odada gezin,True,False,-2.72705,3.20464,-0.31335,1.40775,0.25801,1.56319
929,45.20474,0.03566,Ada ile odada gezin,True,False,-2.88794,3.28060,-0.53738,1.50682,0.28609,1.73320
930,45.23922,0.03447,Ada ile odada gezin,True,False,-3.05326,3.35865,-0.76757,1.60862,0.29395,1.78043
931,45.26995,0.03074,Ada ile odada gezin,True,False,-3.21376,3.43442,-0.99104,1.70745,0.28537,1.72868
932,45.30221,0.03226,Ada ile odada gezin,True,False,-3.37394,3.51005,-1.21408,1.80609,0.28483,1.72551
933,45.33604,0.03383,Ada ile odada gezin,True,False,-3.54588,3.59123,-1.45348,1.91196,0.30572,1.85197
934,45.36780,0.03176,Ada ile odada gezin,True,False,-3.71848,3.67272,-1.69382,2.01825,0.30691,1.85872
935,45.39969,0.03190,Ada ile odada gezin,True,False,-3.88070,3.74930,-1.91969,2.11814,0.28844,1.74715
936,45.43506,0.03536,Ada ile odada gezin,True,False,-4.05216,3.83025,-2.15843,2.22372,0.30487,1.84689
937,45.46940,0.03435,Ada ile odada gezin,True,False,-4.22706,3.91283,-2.40197,2.33142,0.31100,1.88423
938,45.50160,0.03219,Ada ile odada gezin,True,False,-4.38501,3.98740,-2.62189,2.42868,0.28084,1.70130
939,45.53338,0.03179,Ada ile odada gezin,True,False,-4.53908,4.06014,-2.83641,2.52355,0.27395,1.65985
940,45.56665,0.03327,Ada ile odada gezin,True,False,-4.68353,4.12834,-3.03755,2.61250,0.25685,1.55566
941,45.60084,0.03418,Ada ile odada gezin,True,False,-4.82759,4.19635,-3.23813,2.70121,0.25615,1.55163
942,45.63384,0.03300,Ada ile odada gezin,True,False,-4.95773,4.25780,-3.41935,2.78135,0.23141,1.40219
943,45.66685,0.03301,Ada ile odada gezin,True,False,-5.07532,4.31332,-3.58308,2.85376,0.20909,1.26669
944,45.70047,0.03362,Ada ile odada gezin,True,False,-5.18158,4.36348,-3.73104,2.91919,0.18894,1.14328
945,45.73328,0.03281,Ada ile odada gezin,True,False,-5.27456,4.40738,-3.86050,2.97644,0.16533,1.00014
946,45.76632,0.03304,Ada ile odada gezin,True,False,-5.34865,4.44236,-3.96366,3.02206,0.13174,0.79721
947,45.79998,0.03366,Ada ile odada gezin,True,False,-5.40971,4.47119,-4.04868,3.05966,0.10857,0.65730
948,45.83330,0.03332,Ada ile odada gezin,True,False,-5.45048,4.49044,-4.10545,3.08477,0.07250,0.43701
949,45.86729,0.03399,Ada ile odada gezin,True,False,-5.47229,4.50074,-4.13582,3.09820,0.03878,0.22728
950,45.90103,0.03374,Ada ile odada gezin,False,False,-5.47522,4.50212,-4.13989,3.10000,0.00521,0.00000
951,45.96141,0.06038,Yakından incele · supplyFood,True,False,-5.46272,4.49622,-4.12249,3.09230,0.02223,0.00000
952,45.99297,0.03156,Yakından incele · supplyFood,True,False,-5.39789,4.46561,-4.03222,3.05238,0.11527,0.69773
953,46.01324,0.02027,Yakından incele · supplyFood,True,False,-5.36006,4.44775,-3.97954,3.02909,0.06728,0.40542
954,46.03386,0.02062,Yakından incele · supplyFood,True,False,-5.31581,4.42686,-3.91794,3.00184,0.07867,0.47478
955,46.06702,0.03315,Yakından incele · supplyFood,True,False,-5.23231,4.38743,-3.80167,2.95042,0.14848,0.89874
956,46.10034,0.03333,Yakından incele · supplyFood,True,False,-5.13359,4.34083,-3.66421,2.88963,0.17554,1.06311
957,46.13390,0.03355,Yakından incele · supplyFood,True,False,-5.02094,4.28764,-3.50736,2.82027,0.20030,1.21304
958,46.16733,0.03343,Yakından incele · supplyFood,True,False,-4.89592,4.22862,-3.33328,2.74328,0.22230,1.34695
959,46.20129,0.03395,Yakından incele · supplyFood,True,False,-4.76144,4.16512,-3.14602,2.66047,0.23913,1.44886
960,46.23438,0.03310,Yakından incele · supplyFood,True,False,-4.61245,4.09478,-2.93857,2.56873,0.26492,1.60470
961,46.26686,0.03248,Yakından incele · supplyFood,True,False,-4.46612,4.02570,-2.73483,2.47862,0.26019,1.57665
962,46.30015,0.03328,Yakından incele · supplyFood,True,False,-4.30487,3.94957,-2.51030,2.37933,0.28672,1.73726
963,46.33230,0.03216,Yakından incele · supplyFood,True,False,-4.14294,3.87311,-2.28483,2.27962,0.28794,1.74446
964,46.36584,0.03353,Yakından incele · supplyFood,True,False,-3.97878,3.79561,-2.05626,2.17853,0.29189,1.76852
965,46.40000,0.03416,Yakından incele · supplyFood,True,False,-3.80286,3.71255,-1.81131,2.07020,0.31281,1.89500
966,46.43288,0.03288,Yakından incele · supplyFood,True,False,-3.63278,3.63225,-1.57449,1.96547,0.30242,1.83157
967,46.46675,0.03388,Yakından incele · supplyFood,True,False,-3.46243,3.55183,-1.33729,1.86058,0.30290,1.83541
968,46.50015,0.03340,Yakından incele · supplyFood,True,False,-3.28904,3.46997,-1.09587,1.75381,0.30829,1.86796
969,46.53326,0.03311,Yakından incele · supplyFood,True,False,-3.12618,3.39307,-0.86910,1.65352,0.28959,1.75385
970,46.56722,0.03396,Yakından incele · supplyFood,True,False,-2.96201,3.31557,-0.64051,1.55243,0.29191,1.76852
971,46.60112,0.03389,Yakından incele · supplyFood,True,False,-2.80496,3.24142,-0.42183,1.45572,0.27925,1.69207
972,46.63393,0.03281,Yakından incele · supplyFood,True,False,-2.65463,3.17044,-0.21252,1.36316,0.26730,1.61975
973,46.66642,0.03250,Yakından incele · supplyFood,True,False,-2.51766,3.10578,-0.02181,1.27882,0.24354,1.47562
974,46.70036,0.03393,Yakından incele · supplyFood,True,False,-2.38837,3.04474,0.15822,1.19920,0.22990,1.39266
975,46.73392,0.03356,Yakından incele · supplyFood,True,False,-2.26666,2.98727,0.32770,1.12425,0.21642,1.31043
976,46.76668,0.03276,Yakından incele · supplyFood,True,False,-2.16225,2.93798,0.47307,1.05996,0.18564,1.12395
977,46.80029,0.03360,Yakından incele · supplyFood,True,False,-2.07107,2.89493,0.60004,1.00381,0.16214,0.98118
978,46.83446,0.03417,Yakından incele · supplyFood,True,False,-1.99366,2.85838,0.70782,0.95614,0.13764,0.83274
979,46.86762,0.03317,Yakından incele · supplyFood,True,False,-1.93391,2.83017,0.79102,0.91935,0.10624,0.64285
980,46.90109,0.03346,Yakından incele · supplyFood,True,False,-1.89408,2.81137,0.84647,0.89483,0.07081,0.42796
981,46.93474,0.03365,Yakından incele · supplyFood,True,False,-1.87252,2.80119,0.87650,0.88155,0.03834,0.22728
982,46.96733,0.03260,Yakından incele · supplyFood,False,False,-1.87000,2.80000,0.88000,0.88000,0.00447,0.00000
983,47.11852,0.15118,Yakından incele · supplyFood,False,False,-1.87000,2.80000,0.88000,0.88000,0.00000,0.00000
984,47.12951,0.01100,Yakından incele · supplyFood,False,False,-1.87000,2.80000,0.88000,0.88000,0.00000,0.00000
985,47.15771,0.02820,Yakından incele · supplyFood,False,False,-1.87000,2.80000,0.88000,0.88000,0.00000,0.00000
986,47.17068,0.01296,Yakından incele · supplyFood,False,False,-1.87000,2.80000,0.88000,0.88000,0.00000,0.00000
987,47.20604,0.03536,Yakından incele · supplyFood,False,False,-1.87000,2.80000,0.88000,0.88000,0.00000,0.00000
988,47.23931,0.03327,Yakından incele · supplyFood,False,False,-1.87000,2.80000,0.88000,0.88000,0.00000,0.00000
989,47.27029,0.03098,Yakından incele · supplyFood,False,False,-1.87000,2.80000,0.88000,0.88000,0.00000,0.00000
990,47.30477,0.03448,Yakından incele · supplyFood,False,False,-1.87000,2.80000,0.88000,0.88000,0.00000,0.00000
991,47.34324,0.03848,Yakından incele · supplyFood,False,False,-1.87000,2.80000,0.88000,0.88000,0.00000,0.00000
992,47.37351,0.03027,Yakından incele · supplyFood,False,False,-1.87000,2.80000,0.88000,0.88000,0.00000,0.00000
993,47.40022,0.02671,Yakından incele · supplyFood,False,False,-1.87000,2.80000,0.88000,0.88000,0.00000,0.00000
994,47.43432,0.03410,Yakından incele · supplyFood,False,False,-1.87000,2.80000,0.88000,0.88000,0.00000,0.00000
995,47.46914,0.03482,Yakından incele · supplyFood,False,False,-1.87000,2.80000,0.88000,0.88000,0.00000,0.00000
996,47.50262,0.03348,Yakından incele · supplyFood,False,False,-1.87000,2.80000,0.88000,0.88000,0.00000,0.00000
997,47.53501,0.03239,Yakından incele · supplyFood,False,False,-1.87000,2.80000,0.88000,0.88000,0.00000,0.00000
998,47.56861,0.03361,Yakından incele · supplyFood,False,False,-1.87000,2.80000,0.88000,0.88000,0.00000,0.00000
999,47.60213,0.03351,Yakından incele · supplyFood,False,False,-1.87000,2.80000,0.88000,0.88000,0.00000,0.00000
1000,47.63469,0.03256,Yakından incele · supplyFood,False,False,-1.87000,2.80000,0.88000,0.88000,0.00000,0.00000
1001,47.66932,0.03463,Yakından incele · supplyFood,False,False,-1.87000,2.80000,0.88000,0.88000,0.00000,0.00000
1002,47.70026,0.03094,Yakından incele · supplyFood,False,False,-1.87000,2.80000,0.88000,0.88000,0.00000,0.00000
1003,47.73361,0.03335,Yakından incele · supplyFood,False,False,-1.87000,2.80000,0.88000,0.88000,0.00000,0.00000
1004,47.76700,0.03339,Yakından incele · supplyFood,False,False,-1.87000,2.80000,0.88000,0.88000,0.00000,0.00000
1005,47.80000,0.03300,Yakından incele · supplyFood,False,False,-1.87000,2.80000,0.88000,0.88000,0.00000,0.00000
1006,47.83395,0.03395,Yakından incele · supplyFood,False,False,-1.87000,2.80000,0.88000,0.88000,0.00000,0.00000
1007,47.87655,0.04260,Yakından incele · supplyFood,False,False,-1.87000,2.80000,0.88000,0.88000,0.00000,0.00000
1008,47.91000,0.03345,Yakından incele · supplyFood,False,False,-1.87000,2.80000,0.88000,0.88000,0.00000,0.00000
1009,47.94315,0.03316,Yakından incele · supplyFood,False,False,-1.87000,2.80000,0.88000,0.88000,0.00000,0.00000
1010,47.97569,0.03254,Yakından incele · supplyFood,False,False,-1.87000,2.80000,0.88000,0.88000,0.00000,0.00000
1011,48.00853,0.03284,Yakından incele · supplyFood,False,False,-1.87000,2.80000,0.88000,0.88000,0.00000,0.00000
1012,48.04276,0.03422,Yakından incele · supplyFood,False,False,-1.87000,2.80000,0.88000,0.88000,0.00000,0.00000
1013,48.07711,0.03435,Yakından incele · supplyFood,False,False,-1.87000,2.80000,0.88000,0.88000,0.00000,0.00000
1014,48.11037,0.03326,Yakından incele · supplyFood,False,False,-1.87000,2.80000,0.88000,0.88000,0.00000,0.00000
1015,48.14296,0.03259,Yakından incele · supplyFood,False,False,-1.87000,2.80000,0.88000,0.88000,0.00000,0.00000
1016,48.17550,0.03254,Yakından incele · supplyFood,False,False,-1.87000,2.80000,0.88000,0.88000,0.00000,0.00000
1017,48.21079,0.03529,Yakından incele · supplyFood,False,False,-1.87000,2.80000,0.88000,0.88000,0.00000,0.00000
1018,48.24706,0.03628,Yakından incele · supplyFood,False,False,-1.87000,2.80000,0.88000,0.88000,0.00000,0.00000
1019,48.27880,0.03174,Yakından incele · supplyFood,False,False,-1.87000,2.80000,0.88000,0.88000,0.00000,0.00000
1020,48.30978,0.03098,Yakından incele · supplyFood,False,False,-1.87000,2.80000,0.88000,0.88000,0.00000,0.00000
1021,48.37479,0.06501,Ada ile odada gezin,True,False,-1.90580,2.81690,0.83016,0.90204,0.06365,0.38563
1022,48.38324,0.00845,Ada ile odada gezin,True,False,-1.92003,2.82362,0.81034,0.91081,0.02531,0.00000
1023,48.41376,0.03052,Ada ile odada gezin,True,False,-1.96081,2.84287,0.75356,0.93592,0.07251,0.43879
1024,48.44856,0.03480,Ada ile odada gezin,True,False,-2.03810,2.87936,0.64594,0.98351,0.13743,0.83180
1025,48.47938,0.03082,Ada ile odada gezin,True,False,-2.11580,2.91605,0.53775,1.03136,0.13816,0.83556
1026,48.51061,0.03122,Ada ile odada gezin,True,False,-2.21598,2.96334,0.39827,1.09304,0.17812,1.07773
1027,48.54178,0.03117,Ada ile odada gezin,True,False,-2.32013,3.01252,0.25324,1.15718,0.18519,1.12046
1028,48.57514,0.03336,Ada ile odada gezin,True,False,-2.44516,3.07155,0.07915,1.23417,0.22232,1.34637
1029,48.60846,0.03332,Ada ile odada gezin,True,False,-2.58103,3.13570,-0.11004,1.31783,0.24160,1.46390
1030,48.64169,0.03323,Ada ile odada gezin,True,False,-2.72259,3.20253,-0.30714,1.40500,0.25171,1.52518
1031,48.67542,0.03372,Ada ile odada gezin,True,False,-2.87709,3.27547,-0.52227,1.50014,0.27472,1.66409
1032,48.70899,0.03358,Ada ile odada gezin,True,False,-3.03648,3.35073,-0.74420,1.59829,0.28342,1.71687
1033,48.74439,0.03539,Ada ile odada gezin,True,False,-3.20096,3.42838,-0.97322,1.69957,0.29246,1.77161
1034,48.77786,0.03348,Ada ile odada gezin,True,False,-3.37880,3.51235,-1.22085,1.80908,0.31623,1.91595
1035,48.80861,0.03074,Ada ile odada gezin,True,False,-3.54059,3.58873,-1.44612,1.90870,0.28767,1.74266
1036,48.84175,0.03314,Ada ile odada gezin,True,False,-3.70940,3.66843,-1.68118,2.01266,0.30017,1.81784
1037,48.87667,0.03492,Ada ile odada gezin,True,False,-3.88055,3.74923,-1.91948,2.11804,0.30432,1.84350
1038,48.91285,0.03618,Ada ile odada gezin,True,False,-4.05801,3.83302,-2.16658,2.22732,0.31555,1.91145
1039,48.94672,0.03387,Ada ile odada gezin,True,False,-4.23139,3.91487,-2.40799,2.33408,0.30828,1.86754
1040,48.97797,0.03125,Ada ile odada gezin,True,False,-4.38818,3.98890,-2.62631,2.43063,0.27880,1.68883
1041,49.00942,0.03144,Ada ile odada gezin,True,False,-4.54082,4.06097,-2.83885,2.52462,0.27141,1.64469
1042,49.04243,0.03301,Ada ile odada gezin,True,False,-4.68283,4.12801,-3.03657,2.61207,0.25250,1.52979
1043,49.07583,0.03340,Ada ile odada gezin,True,False,-4.82844,4.19676,-3.23933,2.70173,0.25892,1.56819
1044,49.10824,0.03241,Ada ile odada gezin,True,False,-4.95398,4.25603,-3.41413,2.77904,0.22322,1.35159
1045,49.14235,0.03411,Ada ile odada gezin,True,False,-5.07453,4.31294,-3.58198,2.85327,0.21435,1.29783
1046,49.17601,0.03366,Ada ile odada gezin,True,False,-5.18201,4.36369,-3.73163,2.91945,0.19110,1.15757
1047,49.20877,0.03276,Ada ile odada gezin,True,False,-5.27355,4.40691,-3.85909,2.97582,0.16278,0.98595
1048,49.24279,0.03403,Ada ile odada gezin,True,False,-5.34899,4.44252,-3.96413,3.02227,0.13414,0.81180
1049,49.27726,0.03447,Ada ile odada gezin,True,False,-5.41080,4.47170,-4.05019,3.06033,0.10990,0.66440
1050,49.31063,0.03336,Ada ile odada gezin,True,False,-5.45116,4.49076,-4.10640,3.08519,0.07177,0.43341
1051,49.34273,0.03210,Ada ile odada gezin,True,False,-5.47264,4.50090,-4.13631,3.09841,0.03819,0.22728
1052,49.37628,0.03355,Ada ile odada gezin,False,False,-5.47522,4.50212,-4.13989,3.10000,0.00458,0.00000
1053,49.41392,0.03764,Ada ile odada gezin,False,False,-5.47522,4.50212,-4.13989,3.10000,0.00000,0.00000
1054,49.44452,0.03060,Ada ile odada gezin,False,False,-5.47287,4.50165,-4.13852,3.10000,0.00276,0.00000
1055,49.47800,0.03348,Ada ile odada gezin,False,False,-5.46624,4.50047,-4.13461,3.10000,0.00778,0.00000
1056,49.50990,0.03190,Ada ile odada gezin,False,False,-5.45551,4.49929,-4.13180,3.10000,0.01115,0.00000
1057,49.54357,0.03367,Ada ile odada gezin,False,False,-5.44287,4.49809,-4.12846,3.10000,0.01313,0.00000
1058,49.57851,0.03494,Ada ile odada gezin,False,False,-5.42909,4.49698,-4.12434,3.10000,0.01443,0.00000
1059,49.61034,0.03183,Ada ile odada gezin,False,False,-5.41612,4.49615,-4.12001,3.10000,0.01370,0.00000
1060,49.64205,0.03170,Ada ile odada gezin,False,False,-5.40377,4.49534,-4.11471,3.10000,0.01346,0.00000
1061,49.67612,0.03408,Ada ile odada gezin,False,False,-5.39023,4.49449,-4.10804,3.10000,0.01511,0.00000
1062,49.70931,0.03319,Ada ile odada gezin,False,False,-5.37662,4.49374,-4.10081,3.10000,0.01543,0.00000
1063,49.74249,0.03318,Ada ile odada gezin,False,False,-5.36331,4.49311,-4.09343,3.10000,0.01523,0.00000
1064,49.77623,0.03374,Ada ile odada gezin,False,False,-5.34930,4.49255,-4.08549,3.10000,0.01611,0.00000
1065,49.80989,0.03366,Ada ile odada gezin,False,False,-5.33569,4.49211,-4.07767,3.10000,0.01570,0.00000
1066,49.84225,0.03236,Ada ile odada gezin,False,False,-5.32148,4.49173,-4.06948,3.10000,0.01640,0.00000
1067,49.87527,0.03302,Ada ile odada gezin,False,False,-5.30827,4.49147,-4.06187,3.10000,0.01525,0.00000
1068,49.90972,0.03445,Ada ile odada gezin,False,False,-5.29368,4.49121,-4.05351,3.10000,0.01682,0.00000
1069,49.94321,0.03349,Ada ile odada gezin,False,False,-5.27956,4.49103,-4.04547,3.10000,0.01625,0.00000
1070,49.97657,0.03336,Ada ile odada gezin,False,False,-5.26537,4.49089,-4.03745,3.10000,0.01630,0.00000
1071,50.00934,0.03276,Ada ile odada gezin,False,False,-5.25137,4.49079,-4.02961,3.10000,0.01604,0.00000
1072,50.04238,0.03305,Ada ile odada gezin,False,False,-5.23721,4.49071,-4.02176,3.10000,0.01619,0.00000
1073,50.07580,0.03342,Ada ile odada gezin,False,False,-5.22306,4.49065,-4.01400,3.10000,0.01614,0.00000
1074,50.10899,0.03319,Ada ile odada gezin,False,False,-5.20853,4.49061,-4.00613,3.10000,0.01653,0.00000
1075,50.14181,0.03282,Ada ile odada gezin,False,False,-5.19455,4.49059,-3.99864,3.10000,0.01586,0.00000
1076,50.17575,0.03395,Ada ile odada gezin,False,False,-5.17995,4.49057,-3.99091,3.10000,0.01652,0.00000
1077,50.20978,0.03402,Ada ile odada gezin,False,False,-5.16533,4.49057,-3.98327,3.10000,0.01649,0.00000
1078,50.24269,0.03291,Ada ile odada gezin,False,False,-5.15031,4.49063,-3.97636,3.10000,0.01654,0.00000
1079,50.27508,0.03239,Ada ile odada gezin,False,False,-5.13611,4.49085,-3.97063,3.10000,0.01531,0.00000
1080,50.30886,0.03378,Ada ile odada gezin,False,False,-5.12186,4.49114,-3.96530,3.10000,0.01522,0.00000
1081,50.34292,0.03406,Ada ile odada gezin,False,False,-5.10774,4.49147,-3.96022,3.10000,0.01501,0.00000
1082,50.37614,0.03321,Ada ile odada gezin,False,False,-5.09440,4.49181,-3.95545,3.10000,0.01418,0.00000
1083,50.40988,0.03374,Ada ile odada gezin,False,False,-5.08187,4.49215,-3.95091,3.10000,0.01333,0.00000
1084,50.44286,0.03298,Ada ile odada gezin,False,False,-5.06937,4.49248,-3.94626,3.10000,0.01334,0.00000
1085,50.47613,0.03327,Ada ile odada gezin,False,False,-5.05794,4.49279,-3.94187,3.10000,0.01225,0.00000
1086,50.51143,0.03530,Ada ile odada gezin,False,False,-5.04635,4.49307,-3.93726,3.10000,0.01248,0.00000
1087,50.54493,0.03349,Ada ile odada gezin,False,False,-5.03496,4.49324,-3.93217,3.10000,0.01247,0.00000
1088,50.57697,0.03204,Ada ile odada gezin,False,False,-5.02464,4.49328,-3.92639,3.10000,0.01183,0.00000
1089,50.61030,0.03333,Ada ile odada gezin,False,False,-5.01532,4.49366,-3.92214,3.10000,0.01025,0.00000
1090,50.64373,0.03343,Ada ile odada gezin,False,False,-5.00649,4.49427,-3.91915,3.10000,0.00934,0.00000
1091,50.67831,0.03458,Ada ile odada gezin,False,False,-4.99895,4.49497,-3.91713,3.10000,0.00783,0.00000
1092,50.71509,0.03678,Ada ile odada gezin,False,False,-4.98960,4.49550,-3.91574,3.10000,0.00947,0.00000
1093,50.75110,0.03602,Ada ile odada gezin,False,False,-4.97839,4.49581,-3.91487,3.10000,0.01125,0.00000
1094,50.78250,0.03140,Ada ile odada gezin,False,False,-4.96610,4.49594,-3.91436,3.10000,0.01229,0.00000
1095,50.81293,0.03042,Ada ile odada gezin,False,False,-4.95642,4.49616,-3.91400,3.10000,0.00969,0.00000
1096,50.84521,0.03229,Ada ile odada gezin,False,False,-4.94305,4.49613,-3.91383,3.10000,0.01337,0.00000
1097,50.87645,0.03123,Ada ile odada gezin,False,False,-4.93113,4.49617,-3.91369,3.10000,0.01192,0.00000
1098,50.90906,0.03261,Ada ile odada gezin,False,False,-4.91641,4.49597,-3.91370,3.10000,0.01473,0.00000
1099,50.94215,0.03310,Ada ile odada gezin,False,False,-4.89774,4.49545,-3.91388,3.10000,0.01868,0.00000
1100,50.97574,0.03359,Ada ile odada gezin,False,False,-4.87877,4.49503,-3.91402,3.10000,0.01897,0.00000
1101,51.00961,0.03387,Ada ile odada gezin,False,False,-4.86215,4.49492,-3.91405,3.10000,0.01662,0.00000
1102,51.04323,0.03362,Ada ile odada gezin,False,False,-4.84772,4.49509,-3.91396,3.10000,0.01442,0.00000
1103,51.07639,0.03316,Ada ile odada gezin,False,False,-4.83641,4.49550,-3.91377,3.10000,0.01133,0.00000
1104,51.10876,0.03237,Ada ile odada gezin,False,False,-4.82684,4.49596,-3.91357,3.10000,0.00958,0.00000
1105,51.14265,0.03389,Ada ile odada gezin,False,False,-4.81710,4.49634,-3.91340,3.10000,0.00974,0.00000
1106,51.18433,0.04168,Ada ile odada gezin,False,False,-4.80435,4.49665,-3.91326,3.10000,0.01276,0.00000
1107,51.21753,0.03320,Ada ile odada gezin,False,False,-4.79493,4.49690,-3.91315,3.10000,0.00942,0.00000
1108,51.24992,0.03239,Ada ile odada gezin,False,False,-4.78633,4.49718,-3.91302,3.10000,0.00861,0.00000
1109,51.28342,0.03350,Ada ile odada gezin,False,False,-4.77819,4.49743,-3.91292,3.10000,0.00815,0.00000
1110,51.31792,0.03450,Ada ile odada gezin,False,False,-4.76966,4.49763,-3.91283,3.10000,0.00853,0.00000
1111,51.35090,0.03298,Ada ile odada gezin,False,False,-4.76120,4.49778,-3.91276,3.10000,0.00846,0.00000
1112,51.38426,0.03336,Ada ile odada gezin,False,False,-4.75180,4.49777,-3.91276,3.10000,0.00940,0.00000
1113,51.41786,0.03360,Ada ile odada gezin,False,False,-4.74097,4.49767,-3.91281,3.10000,0.01082,0.00000
1114,51.45062,0.03276,Ada ile odada gezin,False,False,-4.72953,4.49749,-3.91289,3.10000,0.01144,0.00000
1115,51.48334,0.03272,Ada ile odada gezin,False,False,-4.71617,4.49718,-3.91302,3.10000,0.01337,0.00000
1116,51.51679,0.03345,Ada ile odada gezin,False,False,-4.70259,4.49689,-3.91315,3.10000,0.01358,0.00000
1117,51.55086,0.03407,Ada ile odada gezin,False,False,-4.68500,4.49632,-3.91340,3.10000,0.01760,0.00000
1118,51.58374,0.03287,Ada ile odada gezin,False,False,-4.66299,4.49541,-3.91379,3.10000,0.02203,0.00000
1119,51.61691,0.03317,Ada ile odada gezin,False,False,-4.63554,4.49413,-3.91436,3.10000,0.02749,0.00000
1120,51.65352,0.03661,Ada ile odada gezin,False,False,-4.60233,4.49263,-3.91501,3.10000,0.03325,0.00000
1121,51.68903,0.03552,Ada ile odada gezin,False,False,-4.56697,4.49139,-3.91555,3.10000,0.03538,0.00000
1122,51.72059,0.03156,Ada ile odada gezin,False,False,-4.53215,4.49024,-3.91606,3.10000,0.03484,0.00000
1123,51.75203,0.03144,Ada ile odada gezin,False,False,-4.49312,4.48887,-3.91665,3.10000,0.03906,0.00000
1124,51.78539,0.03335,Ada ile odada gezin,False,False,-4.45047,4.48746,-3.91727,3.10000,0.04268,0.00000
1125,51.81889,0.03350,Ada ile odada gezin,False,False,-4.40243,4.48600,-3.91791,3.10000,0.04807,0.00000
1126,51.85050,0.03161,Ada ile odada gezin,False,False,-4.35553,4.48479,-3.91844,3.10000,0.04691,0.00000
1127,51.88372,0.03322,Ada ile odada gezin,False,False,-4.30724,4.48368,-3.91892,3.10000,0.04830,0.00000
1128,51.91828,0.03456,Ada ile odada gezin,False,False,-4.25399,4.48257,-3.91941,3.10000,0.05327,0.00000
1129,51.95111,0.03282,Ada ile odada gezin,False,False,-4.20127,4.48162,-3.91983,3.10000,0.05273,0.00000
1130,51.98370,0.03259,Ada ile odada gezin,False,False,-4.14840,4.48077,-3.92020,3.10000,0.05288,0.00000
1131,52.01724,0.03354,Ada ile odada gezin,False,False,-4.09384,4.48000,-3.92053,3.10000,0.05456,0.00000
1132,52.05033,0.03309,Ada ile odada gezin,False,False,-4.03756,4.47931,-3.92083,3.10000,0.05629,0.00000
1133,52.08328,0.03296,Ada ile odada gezin,False,False,-3.98309,4.47878,-3.92107,3.10000,0.05447,0.00000
1134,52.11766,0.03438,Ada ile odada gezin,False,False,-3.92709,4.47796,-3.91840,3.10000,0.05607,0.00000
1135,52.15150,0.03384,Ada ile odada gezin,False,False,-3.87067,4.47698,-3.91347,3.10000,0.05665,0.00000
1136,52.18485,0.03336,Ada ile odada gezin,False,False,-3.81587,4.47603,-3.90719,3.10000,0.05517,0.00000
1137,52.21754,0.03269,Ada ile odada gezin,False,False,-3.76013,4.47511,-3.89973,3.10000,0.05624,0.00000
1138,52.25106,0.03351,Ada ile odada gezin,False,False,-3.70522,4.47430,-3.89162,3.10000,0.05552,0.00000
1139,52.28702,0.03597,Ada ile odada gezin,False,False,-3.65004,4.47363,-3.88305,3.10000,0.05584,0.00000
1140,52.32237,0.03534,Ada ile odada gezin,False,False,-3.58994,4.47301,-3.87333,3.10000,0.06089,0.00000
1141,52.35811,0.03575,Ada ile odada gezin,False,False,-3.53790,4.47278,-3.86476,3.10000,0.05274,0.00000
1142,52.38917,0.03106,Ada ile odada gezin,False,False,-3.47909,4.47250,-3.85494,3.10000,0.05962,0.00000
1143,52.42048,0.03131,Ada ile odada gezin,False,False,-3.43576,4.47255,-3.84750,3.10000,0.04396,0.00000
1144,52.45704,0.03656,Ada ile odada gezin,False,False,-3.37540,4.47230,-3.83735,3.10000,0.06122,0.00000
1145,52.48812,0.03108,Ada ile odada gezin,False,False,-3.32302,4.47227,-3.82846,3.10000,0.05313,0.00000
1146,52.52063,0.03251,Ada ile odada gezin,False,False,-3.27521,4.47229,-3.82022,3.10000,0.04851,0.00000
1147,52.55620,0.03557,Ada ile odada gezin,False,False,-3.21675,4.47216,-3.81010,3.10000,0.05933,0.00000
1148,52.58940,0.03320,Ada ile odada gezin,False,False,-3.16815,4.47225,-3.80147,3.10000,0.04936,0.00000
1149,52.62195,0.03254,Ada ile odada gezin,False,False,-3.11245,4.47217,-3.79155,3.10000,0.05657,0.00000
1150,52.65392,0.03197,Ada ile odada gezin,False,False,-3.06397,4.47215,-3.78309,3.10000,0.04922,0.00000
1151,52.68774,0.03383,Ada ile odada gezin,False,False,-3.00709,4.47192,-3.77326,3.10000,0.05772,0.00000
1152,52.71897,0.03123,Ada ile odada gezin,False,False,-2.95526,4.47179,-3.76416,3.10000,0.05263,0.00000
1153,52.75641,0.03744,Ada ile odada gezin,False,False,-2.90224,4.47168,-3.75477,3.10000,0.05384,0.00000
1154,52.79620,0.03979,Ada ile odada gezin,False,False,-2.83790,4.47142,-3.74363,3.10000,0.06530,0.00000
1155,52.82581,0.02961,Ada ile odada gezin,False,False,-2.78339,4.47141,-3.73403,3.10000,0.05535,0.00000
1156,52.85363,0.02783,Ada ile odada gezin,False,False,-2.73762,4.47154,-3.72582,3.10000,0.04650,0.00000
1157,52.88545,0.03182,Ada ile odada gezin,False,False,-2.68689,4.47157,-3.71656,3.10000,0.05157,0.00000
1158,52.91936,0.03391,Ada ile odada gezin,False,False,-2.63369,4.47150,-3.70673,3.10000,0.05409,0.00000
1159,52.95285,0.03350,Ada ile odada gezin,False,False,-2.57875,4.47145,-3.69663,3.10000,0.05586,0.00000
1160,52.98566,0.03280,Ada ile odada gezin,False,False,-2.52610,4.47140,-3.68685,3.10000,0.05355,0.00000
1161,53.01839,0.03273,Ada ile odada gezin,False,False,-2.47223,4.47125,-3.67663,3.10000,0.05483,0.00000
1162,53.05199,0.03360,Ada ile odada gezin,False,False,-2.41877,4.47107,-3.66624,3.10000,0.05446,0.00000
1163,53.08682,0.03484,Ada ile odada gezin,False,False,-2.36304,4.47088,-3.65522,3.10000,0.05681,0.00000
1164,53.12003,0.03321,Ada ile odada gezin,False,False,-2.30829,4.47085,-3.64430,3.10000,0.05583,0.00000
1165,53.15256,0.03253,Ada ile odada gezin,False,False,-2.25763,4.47094,-3.63376,3.10000,0.05174,0.00000
1166,53.18605,0.03350,Ada ile odada gezin,False,False,-2.20591,4.47088,-3.62147,3.10000,0.05316,0.00000
1167,53.21894,0.03289,Ada ile odada gezin,False,False,-2.15531,4.47040,-3.60594,3.10000,0.05293,0.00000
1168,53.25565,0.03671,Ada ile odada gezin,False,False,-2.10529,4.46956,-3.58711,3.10000,0.05345,0.00000
1169,53.28918,0.03353,Ada ile odada gezin,False,False,-2.04934,4.46832,-3.56277,3.10000,0.06104,0.00000
1170,53.32008,0.03090,Ada ile odada gezin,False,False,-2.00593,4.46758,-3.54188,3.10000,0.04818,0.00000
1171,53.35361,0.03354,Ada ile odada gezin,False,False,-1.95594,4.46651,-3.51537,3.10000,0.05659,0.00000
1172,53.40382,0.05021,Ada ile odada gezin,False,False,-1.91032,4.46563,-3.48889,3.10000,0.05276,0.00000
1173,53.43664,0.03283,Ada ile odada gezin,False,False,-1.83454,4.46343,-3.43961,3.10000,0.09042,0.00000
1174,53.45096,0.01432,Ada ile odada gezin,False,False,-1.81682,4.46369,-3.42744,3.10000,0.02150,0.00000
1175,53.49623,0.04526,Ada ile odada gezin,False,False,-1.77315,4.46303,-3.39608,3.10000,0.05377,0.00000
1176,53.53235,0.03612,Ada ile odada gezin,False,False,-1.70690,4.46182,-3.34649,3.10000,0.08276,0.00000
1177,53.55068,0.01833,Ada ile odada gezin,False,False,-1.68666,4.46252,-3.33077,3.10000,0.02564,0.00000
1178,53.58372,0.03304,Ada ile odada gezin,False,False,-1.65169,4.46365,-3.30307,3.10000,0.04462,0.00000
1179,53.61817,0.03444,Ada ile odada gezin,False,False,-1.62069,4.46560,-3.27847,3.10000,0.03963,0.00000
1180,53.65207,0.03390,Ada ile odada gezin,False,False,-1.59525,4.46837,-3.25761,3.10000,0.03302,0.00000
1181,53.68427,0.03220,Ada ile odada gezin,False,False,-1.57704,4.47173,-3.24157,3.10000,0.02449,0.00000
1182,53.71658,0.03231,Ada ile odada gezin,False,False,-1.56560,4.47560,-3.22979,3.10000,0.01687,0.00000
1183,53.75039,0.03381,Ada ile odada gezin,False,False,-1.56084,4.48000,-3.22200,3.10000,0.01014,0.00000
1184,53.78388,0.03349,Ada ile odada gezin,False,False,-1.56170,4.48462,-3.21755,3.10000,0.00647,0.00000
1185,53.81663,0.03276,Ada ile odada gezin,False,False,-1.56776,4.48854,-3.21301,3.10000,0.00853,0.00000
1186,53.84970,0.03306,Ada ile odada gezin,False,False,-1.57840,4.49177,-3.20632,3.10000,0.01297,0.00000
1187,53.88297,0.03327,Ada ile odada gezin,False,False,-1.59112,4.49427,-3.19839,3.10000,0.01520,0.00000
1188,53.91643,0.03346,Ada ile odada gezin,False,False,-1.60551,4.49670,-3.19243,3.10000,0.01577,0.00000
1189,53.94992,0.03349,Ada ile odada gezin,False,False,-1.62046,4.49929,-3.19095,3.10000,0.01524,0.00000
1190,53.98390,0.03397,Ada ile odada gezin,False,False,-1.63624,4.50229,-3.19546,3.10000,0.01669,0.00000
1191,54.01719,0.03329,Ada ile odada gezin,False,False,-1.65103,4.50517,-3.20444,3.10000,0.01755,0.00000
1192,54.05003,0.03284,Ada ile odada gezin,False,False,-1.66429,4.50747,-3.21498,3.10000,0.01709,0.00000
1193,54.08339,0.03336,Ada ile odada gezin,False,False,-1.67614,4.50942,-3.22751,3.10000,0.01735,0.00000
1194,54.11673,0.03333,Ada ile odada gezin,False,False,-1.68718,4.51093,-3.24117,3.10000,0.01763,0.00000
1195,54.14917,0.03245,Ada ile odada gezin,False,False,-1.69683,4.51198,-3.25438,3.10000,0.01640,0.00000
1196,54.18331,0.03414,Ada ile odada gezin,False,False,-1.70624,4.51280,-3.26816,3.10000,0.01671,0.00000
1197,54.21684,0.03352,Ada ile odada gezin,False,False,-1.71562,4.51344,-3.28251,3.10000,0.01715,0.00000
1198,54.24917,0.03234,Ada ile odada gezin,False,False,-1.72436,4.51389,-3.29620,3.10000,0.01625,0.00000
1199,54.28294,0.03377,Ada ile odada gezin,False,False,-1.73313,4.51424,-3.31012,3.10000,0.01646,0.00000
1200,54.31728,0.03433,Ada ile odada gezin,False,False,-1.74218,4.51453,-3.32455,3.10000,0.01703,0.00000
1201,54.35065,0.03337,Ada ile odada gezin,False,False,-1.75107,4.51475,-3.33876,3.10000,0.01676,0.00000
1202,54.38327,0.03263,Ada ile odada gezin,False,False,-1.75991,4.51491,-3.35283,3.10000,0.01662,0.00000
1203,54.41657,0.03330,Ada ile odada gezin,False,False,-1.76859,4.51502,-3.36659,3.10000,0.01627,0.00000
1204,54.45046,0.03389,Ada ile odada gezin,False,False,-1.77768,4.51514,-3.38091,3.10000,0.01696,0.00000
1205,54.49174,0.04128,Ada ile odada gezin,False,False,-1.78903,4.51532,-3.39864,3.10000,0.02105,0.00000
1206,54.52583,0.03409,Ada ile odada gezin,False,False,-1.79809,4.51533,-3.41269,3.10000,0.01672,0.00000
1207,54.55922,0.03338,Ada ile odada gezin,False,False,-1.80731,4.51534,-3.42687,3.10000,0.01692,0.00000
1208,54.59197,0.03276,Ada ile odada gezin,False,False,-1.81609,4.51535,-3.44027,3.10000,0.01602,0.00000
1209,54.62596,0.03399,Ada ile odada gezin,False,False,-1.82540,4.51538,-3.45434,3.10000,0.01687,0.00000
1210,54.65839,0.03242,Ada ile odada gezin,False,False,-1.83472,4.51540,-3.46832,3.10000,0.01680,0.00000
1211,54.69115,0.03277,Ada ile odada gezin,False,False,-1.84427,4.51514,-3.47922,3.10000,0.01449,0.00000
1212,54.72578,0.03463,Ada ile odada gezin,False,False,-1.85599,4.51443,-3.48688,3.10000,0.01402,0.00000
1213,54.75912,0.03334,Ada ile odada gezin,False,False,-1.86770,4.51352,-3.49154,3.10000,0.01264,0.00000
1214,54.79254,0.03341,Ada ile odada gezin,False,False,-1.87980,4.51259,-3.49447,3.10000,0.01248,0.00000
1215,54.82575,0.03322,Ada ile odada gezin,False,False,-1.89178,4.51172,-3.49621,3.10000,0.01214,0.00000
1216,54.85815,0.03240,Ada ile odada gezin,False,False,-1.90377,4.51090,-3.49720,3.10000,0.01206,0.00000
1217,54.89107,0.03292,Ada ile odada gezin,False,False,-1.91497,4.51018,-3.49766,3.10000,0.01124,0.00000
1218,54.92525,0.03418,Ada ile odada gezin,False,False,-1.92750,4.50924,-3.49530,3.10000,0.01279,0.00000
1219,54.95790,0.03264,Ada ile odada gezin,False,False,-1.94002,4.50826,-3.49116,3.10000,0.01322,0.00000
1220,54.99107,0.03317,Ada ile odada gezin,False,False,-1.95202,4.50737,-3.48608,3.10000,0.01306,0.00000
1221,55.02536,0.03429,Ada ile odada gezin,False,False,-1.96409,4.50628,-3.47886,3.10000,0.01411,0.00000
1222,55.05819,0.03283,Ada ile odada gezin,False,False,-1.97415,4.50529,-3.47169,3.10000,0.01240,0.00000
1223,55.09131,0.03312,Ada ile odada gezin,False,False,-1.98497,4.50476,-3.46557,3.10000,0.01244,0.00000
1224,55.12493,0.03362,Ada ile odada gezin,False,False,-1.99417,4.50447,-3.46127,3.10000,0.01016,0.00000
1225,55.15916,0.03423,Ada ile odada gezin,False,False,-2.00479,4.50467,-3.45897,3.10000,0.01086,0.00000
1226,55.19140,0.03224,Ada ile odada gezin,False,False,-2.01691,4.50539,-3.45914,3.10000,0.01214,0.00000
1227,55.22467,0.03328,Ada ile odada gezin,False,False,-2.02877,4.50612,-3.46066,3.10000,0.01198,0.00000
1228,55.25786,0.03318,Ada ile odada gezin,False,False,-2.04277,4.50710,-3.46357,3.10000,0.01434,0.00000
1229,55.29183,0.03398,Ada ile odada gezin,False,False,-2.05559,4.50782,-3.46691,3.10000,0.01326,0.00000
1230,55.32751,0.03568,Ada ile odada gezin,False,False,-2.07099,4.50871,-3.47115,3.10000,0.01600,0.00000
1231,55.35928,0.03176,Ada ile odada gezin,False,False,-2.08925,4.50980,-3.47592,3.10000,0.01891,0.00000
1232,55.39113,0.03185,Ada ile odada gezin,False,False,-2.10596,4.51058,-3.48033,3.10000,0.01729,0.00000
1233,55.42486,0.03373,Ada ile odada gezin,False,False,-2.12700,4.51142,-3.48452,3.10000,0.02148,0.00000
1234,55.45783,0.03297,Ada ile odada gezin,False,False,-2.14632,4.51187,-3.48800,3.10000,0.01964,0.00000
1235,55.49126,0.03343,Ada ile odada gezin,False,False,-2.16820,4.51226,-3.49033,3.10000,0.02200,0.00000
1236,55.52503,0.03377,Ada ile odada gezin,False,False,-2.19276,4.51259,-3.49098,3.10000,0.02457,0.00000
1237,55.55893,0.03390,Ada ile odada gezin,False,False,-2.21726,4.51272,-3.49107,3.10000,0.02451,0.00000
1238,55.59211,0.03317,Ada ile odada gezin,False,False,-2.23945,4.51250,-3.49057,3.10000,0.02219,0.00000
1239,55.62446,0.03235,Ada ile odada gezin,False,False,-2.26221,4.51229,-3.48886,3.10000,0.02282,0.00000
1240,55.65807,0.03362,Ada ile odada gezin,False,False,-2.28957,4.51229,-3.48532,3.10000,0.02760,0.00000
1241,55.69193,0.03385,Ada ile odada gezin,False,False,-2.32242,4.51250,-3.47981,3.10000,0.03331,0.00000
1242,55.72550,0.03357,Ada ile odada gezin,False,False,-2.35859,4.51286,-3.47287,3.10000,0.03683,0.00000
1243,55.75900,0.03350,Ada ile odada gezin,False,False,-2.39629,4.51312,-3.46530,3.10000,0.03845,0.00000
1244,55.79113,0.03213,Ada ile odada gezin,False,False,-2.43521,4.51348,-3.45719,3.10000,0.03976,0.00000
1245,55.82433,0.03320,Ada ile odada gezin,False,False,-2.47511,4.51381,-3.44872,3.10000,0.04079,0.00000
1246,55.85856,0.03422,Ada ile odada gezin,False,False,-2.51855,4.51432,-3.44025,3.10000,0.04426,0.00000
1247,55.89123,0.03267,Ada ile odada gezin,False,False,-2.56356,4.51538,-3.43483,3.10000,0.04535,0.00000
1248,55.92392,0.03269,Ada ile odada gezin,False,False,-2.60870,4.51705,-3.43415,3.10000,0.04518,0.00000
1249,55.95796,0.03404,Ada ile odada gezin,False,False,-2.65477,4.51874,-3.43647,3.10000,0.04615,0.00000
1250,55.99126,0.03331,Ada ile odada gezin,False,False,-2.70088,4.52078,-3.44351,3.10000,0.04669,0.00000
1251,56.02511,0.03384,Ada ile odada gezin,False,False,-2.74728,4.52303,-3.45426,3.10000,0.04768,0.00000
1252,56.05850,0.03339,Ada ile odada gezin,False,False,-2.79701,4.52543,-3.46862,3.10000,0.05182,0.00000
1253,56.09109,0.03259,Ada ile odada gezin,False,False,-2.84305,4.52740,-3.48350,3.10000,0.04843,0.00000
1254,56.12429,0.03320,Ada ile odada gezin,False,False,-2.89426,4.52945,-3.50124,3.10000,0.05422,0.00000
1255,56.15710,0.03281,Ada ile odada gezin,False,False,-2.94170,4.53112,-3.51902,3.10000,0.05070,0.00000
1256,56.19102,0.03392,Ada ile odada gezin,False,False,-2.99358,4.53290,-3.54018,3.10000,0.05606,0.00000
1257,56.22423,0.03321,Ada ile odada gezin,False,False,-3.04338,4.53436,-3.56160,3.10000,0.05423,0.00000
1258,56.25847,0.03425,Ada ile odada gezin,False,False,-3.09443,4.53568,-3.58433,3.10000,0.05590,0.00000
1259,56.29219,0.03372,Ada ile odada gezin,False,False,-3.14640,4.53682,-3.60797,3.10000,0.05710,0.00000
1260,56.32483,0.03264,Ada ile odada gezin,False,False,-3.19629,4.53763,-3.63063,3.10000,0.05480,0.00000
1261,56.35847,0.03364,Ada ile odada gezin,False,False,-3.24709,4.53831,-3.65368,3.10000,0.05579,0.00000
1262,56.39244,0.03396,Ada ile odada gezin,False,False,-3.29920,4.53888,-3.67731,3.10000,0.05722,0.00000
1263,56.42547,0.03304,Ada ile odada gezin,False,False,-3.34990,4.53933,-3.70074,3.10000,0.05586,0.00000
1264,56.45856,0.03309,Ada ile odada gezin,False,False,-3.40094,4.53969,-3.72423,3.10000,0.05619,0.00000
1265,56.49122,0.03266,Ada ile odada gezin,False,False,-3.45158,4.53998,-3.74767,3.10000,0.05580,0.00000
1266,56.52471,0.03349,Ada ile odada gezin,False,False,-3.50197,4.54024,-3.77131,3.10000,0.05566,0.00000
1267,56.55886,0.03415,Ada ile odada gezin,False,False,-3.55426,4.54050,-3.79584,3.10000,0.05776,0.00000
1268,56.59201,0.03315,Ada ile odada gezin,False,False,-3.60556,4.54067,-3.81994,3.10000,0.05667,0.00000
1269,56.62463,0.03262,Ada ile odada gezin,False,False,-3.65625,4.54079,-3.84378,3.10000,0.05602,0.00000
1270,56.65789,0.03326,Ada ile odada gezin,False,False,-3.70699,4.54090,-3.86767,3.10000,0.05609,0.00000
1271,56.69267,0.03478,Ada ile odada gezin,False,False,-3.75795,4.54099,-3.89170,3.10000,0.05634,0.00000
1272,56.72633,0.03366,Ada ile odada gezin,False,False,-3.81188,4.54115,-3.91739,3.10000,0.05973,0.00000
1273,56.76119,0.03487,Ada ile odada gezin,False,False,-3.86084,4.54115,-3.94073,3.10000,0.05424,0.00000
1274,56.79526,0.03406,Ada ile odada gezin,False,False,-3.91648,4.54131,-3.96718,3.10000,0.06161,0.00000
1275,56.82651,0.03125,Ada ile odada gezin,False,False,-3.96461,4.54125,-3.99014,3.10000,0.05332,0.00000
1276,56.85835,0.03185,Ada ile odada gezin,False,False,-4.01431,4.54126,-4.01385,3.10000,0.05507,0.00000
1277,56.89136,0.03300,Ada ile odada gezin,False,False,-4.06397,4.54130,-4.03779,3.10000,0.05512,0.00000
1278,56.92498,0.03362,Ada ile odada gezin,False,False,-4.11594,4.54141,-4.06305,3.10000,0.05778,0.00000
1279,56.95747,0.03250,Ada ile odada gezin,False,False,-4.16637,4.54144,-4.08752,3.10000,0.05605,0.00000
1280,56.99113,0.03366,Ada ile odada gezin,False,False,-4.21628,4.54146,-4.11169,3.10000,0.05546,0.00000
1281,57.02518,0.03405,Ada ile odada gezin,False,False,-4.26896,4.54153,-4.13724,3.10000,0.05855,0.00000
1282,57.05791,0.03273,Ada ile odada gezin,False,False,-4.31932,4.54154,-4.16182,3.10000,0.05605,0.00000
1283,57.09136,0.03345,Ada ile odada gezin,False,False,-4.36951,4.54158,-4.18668,3.10000,0.05601,0.00000
1284,57.12439,0.03303,Ada ile odada gezin,False,False,-4.41964,4.54183,-4.21429,3.10000,0.05723,0.00000
1285,57.15783,0.03343,Ada ile odada gezin,False,False,-4.46503,4.54221,-4.24443,3.10000,0.05449,0.00000
1286,57.19199,0.03416,Ada ile odada gezin,False,False,-4.50863,4.54285,-4.28100,3.10000,0.05690,0.00000
1287,57.22531,0.03332,Ada ile odada gezin,False,False,-4.54524,4.54342,-4.32083,3.10000,0.05410,0.00000
1288,57.25811,0.03279,Ada ile odada gezin,False,False,-4.57578,4.54381,-4.36508,3.10000,0.05378,0.00000
1289,57.29252,0.03442,Ada ile odada gezin,False,False,-4.59862,4.54386,-4.41146,3.10000,0.05170,0.00000
1290,57.32706,0.03453,Ada ile odada gezin,False,False,-4.61511,4.54363,-4.46526,3.10000,0.05627,0.00000
1291,57.35870,0.03164,Ada ile odada gezin,False,False,-4.62418,4.54306,-4.51710,3.10000,0.05263,0.00000
1292,57.39047,0.03178,Ada ile odada gezin,False,False,-4.62908,4.54240,-4.56885,3.10000,0.05199,0.00000
1293,57.42470,0.03423,Ada ile odada gezin,False,False,-4.63141,4.54177,-4.62367,3.10000,0.05487,0.00000
1294,57.45918,0.03448,Ada ile odada gezin,False,False,-4.63188,4.54120,-4.68194,3.10000,0.05827,0.00000
1295,57.49222,0.03304,Ada ile odada gezin,False,False,-4.63118,4.54064,-4.73740,3.10000,0.05547,0.00000
1296,57.52554,0.03332,Ada ile odada gezin,False,False,-4.62965,4.54018,-4.79408,3.10000,0.05670,0.00000
1297,57.55885,0.03331,Ada ile odada gezin,False,False,-4.62763,4.53977,-4.84961,3.10000,0.05557,0.00000
1298,57.59156,0.03271,Ada ile odada gezin,False,False,-4.62516,4.53946,-4.90713,3.10000,0.05757,0.00000
1299,57.62493,0.03337,Ada ile odada gezin,False,False,-4.62262,4.53914,-4.96112,3.10000,0.05405,0.00000
1300,57.65954,0.03460,Ada ile odada gezin,False,False,-4.61932,4.53896,-5.02130,3.10000,0.06027,0.00000
1301,57.69175,0.03221,Ada ile odada gezin,False,False,-4.61631,4.53871,-5.07569,3.10000,0.05447,0.00000
1302,57.72476,0.03301,Ada ile odada gezin,False,False,-4.61308,4.53856,-5.13265,3.10000,0.05705,0.00000
1303,57.75773,0.03297,Ada ile odada gezin,False,False,-4.60990,4.53841,-5.18772,3.10000,0.05516,0.00000
1304,57.79958,0.04185,Ada ile odada gezin,False,False,-4.60508,4.53857,-5.26211,3.10000,0.07455,0.00000
1305,57.83251,0.03294,Ada ile odada gezin,False,False,-4.60149,4.53826,-5.31682,3.10000,0.05483,0.00000
1306,57.86656,0.03405,Ada ile odada gezin,False,False,-4.59760,4.53806,-5.37308,3.10000,0.05640,0.00000
1307,57.90024,0.03368,Ada ile odada gezin,False,False,-4.59352,4.53794,-5.43044,3.10000,0.05751,0.00000
1308,57.93348,0.03324,Ada ile odada gezin,False,False,-4.58948,4.53782,-5.48620,3.10000,0.05590,0.00000
1309,57.96773,0.03425,Ada ile odada gezin,False,False,-4.58531,4.53775,-5.54292,3.10000,0.05687,0.00000
1310,58.00059,0.03287,Ada ile odada gezin,False,False,-4.57812,4.53723,-5.59996,3.10000,0.05750,0.00000
1311,58.03365,0.03306,Ada ile odada gezin,False,False,-4.56760,4.53604,-5.64997,3.10000,0.05111,0.00000
1312,58.06789,0.03424,Ada ile odada gezin,False,False,-4.55063,4.53402,-5.70161,3.10000,0.05440,0.00000
1313,58.10014,0.03225,Ada ile odada gezin,False,False,-4.52962,4.53127,-5.74588,3.10000,0.04907,0.00000
1314,58.13381,0.03368,Ada ile odada gezin,False,False,-4.50398,4.52786,-5.78438,3.10000,0.04639,0.00000
1315,58.16640,0.03258,Ada ile odada gezin,False,False,-4.47135,4.52362,-5.81903,3.10000,0.04778,0.00000
1316,58.19960,0.03321,Ada ile odada gezin,False,False,-4.43719,4.51921,-5.84466,3.10000,0.04293,0.00000
1317,58.23347,0.03387,Ada ile odada gezin,False,False,-4.39313,4.51377,-5.86632,3.10000,0.04940,0.00000
1318,58.26650,0.03303,Ada ile odada gezin,False,False,-4.34924,4.50853,-5.87928,3.10000,0.04607,0.00000
1319,58.30001,0.03351,Ada ile odada gezin,False,False,-4.29820,4.50304,-5.88825,3.10000,0.05211,0.00000
1320,58.33399,0.03399,Ada ile odada gezin,False,False,-4.24775,4.49833,-5.89358,3.10000,0.05095,0.00000
1321,58.36816,0.03416,Ada ile odada gezin,False,False,-4.19301,4.49400,-5.89684,3.10000,0.05500,0.00000
1322,58.40071,0.03255,Ada ile odada gezin,False,False,-4.13912,4.49046,-5.89845,3.10000,0.05404,0.00000
1323,58.43343,0.03272,Ada ile odada gezin,False,False,-4.08592,4.48758,-5.89899,3.10000,0.05327,0.00000
1324,58.46720,0.03378,Ada ile odada gezin,False,False,-4.03002,4.48508,-5.89880,3.10000,0.05596,0.00000
1325,58.50102,0.03382,Ada ile odada gezin,False,False,-3.97449,4.48307,-5.89807,3.10000,0.05558,0.00000
1326,58.53405,0.03303,Ada ile odada gezin,False,False,-3.91757,4.48140,-5.89693,3.10000,0.05696,0.00000
1327,58.56732,0.03327,Ada ile odada gezin,False,False,-3.86325,4.48014,-5.89557,3.10000,0.05435,0.00000
1328,58.60072,0.03340,Ada ile odada gezin,False,False,-3.80520,4.47902,-5.89392,3.10000,0.05809,0.00000
1329,58.63350,0.03278,Ada ile odada gezin,False,False,-3.75071,4.47823,-5.89222,3.10000,0.05451,0.00000
1330,58.66688,0.03337,Ada ile odada gezin,False,False,-3.69368,4.47753,-5.89034,3.10000,0.05707,0.00000
1331,58.69979,0.03291,Ada ile odada gezin,False,False,-3.63784,4.47700,-5.88841,3.10000,0.05587,0.00000
1332,58.73301,0.03321,Ada ile odada gezin,False,False,-3.58154,4.47657,-5.88640,3.10000,0.05634,0.00000
1333,58.76718,0.03418,Ada ile odada gezin,False,False,-3.52446,4.47621,-5.88432,3.10000,0.05712,0.00000
1334,58.80007,0.03288,Ada ile odada gezin,False,False,-3.46729,4.47593,-5.88220,3.10000,0.05721,0.00000
1335,58.84475,0.04469,Ada ile odada gezin,False,False,-3.41246,4.47575,-5.88013,3.10000,0.05487,0.00000
1336,58.88054,0.03579,Ada ile odada gezin,False,False,-3.32948,4.47537,-5.87703,3.10000,0.08304,0.00000
1337,58.90037,0.01982,Ada ile odada gezin,False,False,-3.30186,4.47608,-5.87695,3.10000,0.02763,0.00000
1338,58.93376,0.03339,Ada ile odada gezin,False,False,-3.25229,4.47759,-5.88106,3.10000,0.04976,0.00000
1339,58.96787,0.03411,Ada ile odada gezin,False,False,-3.20756,4.47990,-5.88994,3.10000,0.04566,0.00000
1340,59.00121,0.03334,Ada ile odada gezin,False,False,-3.16605,4.48305,-5.90484,3.10000,0.04421,0.00000
1341,59.03329,0.03208,Ada ile odada gezin,False,False,-3.13110,4.48676,-5.92479,3.10000,0.04041,0.00000
1342,59.06736,0.03406,Ada ile odada gezin,False,False,-3.10112,4.49103,-5.95057,3.10000,0.03977,0.00000
1343,59.10079,0.03343,Ada ile odada gezin,False,False,-3.07427,4.49619,-5.98547,3.10000,0.04433,0.00000
1344,59.13358,0.03279,Ada ile odada gezin,False,False,-3.05536,4.50120,-6.02250,3.10000,0.04189,0.00000
1345,59.16717,0.03358,Ada ile odada gezin,False,False,-3.03951,4.50676,-6.06850,3.10000,0.04897,0.00000
1346,59.19935,0.03218,Ada ile odada gezin,False,False,-3.02749,4.51163,-6.11551,3.10000,0.04876,0.00000
1347,59.23251,0.03316,Ada ile odada gezin,False,False,-3.01748,4.51599,-6.16499,3.10000,0.05067,0.00000
1348,59.26661,0.03410,Ada ile odada gezin,False,False,-3.00857,4.51990,-6.21804,3.10000,0.05393,0.00000
1349,59.30000,0.03339,Ada ile odada gezin,False,False,-3.00066,4.52319,-6.27241,3.10000,0.05503,0.00000
1350,59.33251,0.03252,Ada ile odada gezin,False,False,-2.99378,4.52577,-6.32514,3.10000,0.05324,0.00000
1351,59.36719,0.03468,Ada ile odada gezin,False,False,-2.98716,4.52798,-6.37998,3.10000,0.05528,0.00000
1352,59.40144,0.03425,Ada ile odada gezin,False,False,-2.98061,4.52988,-6.43765,3.10000,0.05808,0.00000
1353,59.43390,0.03247,Ada ile odada gezin,False,False,-2.97469,4.53127,-6.49227,3.10000,0.05496,0.00000
1354,59.46597,0.03206,Ada ile odada gezin,False,False,-2.96895,4.53240,-6.54706,3.10000,0.05510,0.00000
1355,59.49877,0.03280,Ada ile odada gezin,False,False,-2.96338,4.53330,-6.60154,3.10000,0.05477,0.00000
1356,59.53340,0.03463,Ada ile odada gezin,False,False,-2.95770,4.53407,-6.65799,3.10000,0.05674,0.00000
1357,59.56662,0.03322,Ada ile odada gezin,False,False,-2.95192,4.53473,-6.71621,3.10000,0.05851,0.00000
1358,59.59938,0.03276,Ada ile odada gezin,False,False,-2.94666,4.53514,-6.77011,3.10000,0.05416,0.00000
1359,59.63336,0.03399,Ada ile odada gezin,False,False,-2.94107,4.53555,-6.82749,3.10000,0.05765,0.00000
1360,59.66635,0.03299,Ada ile odada gezin,False,False,-2.93563,4.53585,-6.88386,3.10000,0.05663,0.00000
1361,59.69978,0.03342,Ada ile odada gezin,False,False,-2.93030,4.53607,-6.93933,3.10000,0.05573,0.00000
1362,59.73349,0.03371,Ada ile odada gezin,False,False,-2.92480,4.53628,-6.99662,3.10000,0.05755,0.00000
1363,59.76623,0.03274,Ada ile odada gezin,False,False,-2.91945,4.53642,-7.05275,3.10000,0.05639,0.00000
1364,59.79992,0.03369,Ada ile odada gezin,False,False,-2.91416,4.53652,-7.10832,3.10000,0.05582,0.00000
1365,59.83346,0.03354,Ada ile odada gezin,False,False,-2.90863,4.53665,-7.16634,3.10000,0.05829,0.00000
1366,59.86644,0.03298,Ada ile odada gezin,False,False,-2.90342,4.53669,-7.22121,3.10000,0.05512,0.00000
1367,59.90372,0.03728,Ada ile odada gezin,False,False,-2.89799,4.53677,-7.27841,3.10000,0.05745,0.00000
1368,59.94098,0.03725,Ada ile odada gezin,False,False,-2.89188,4.53694,-7.34246,3.10000,0.06435,0.00000
1369,59.97017,0.02919,Ada ile odada gezin,False,False,-2.88664,4.53689,-7.39806,3.10000,0.05584,0.00000
1370,59.99950,0.02933,Ada ile odada gezin,False,False,-2.88210,4.53677,-7.44645,3.10000,0.04860,0.00000
1371,60.03295,0.03344,Ada ile odada gezin,False,False,-2.87672,4.53684,-7.50309,3.10000,0.05690,0.00000
1372,60.06654,0.03359,Ada ile odada gezin,False,False,-2.87136,4.53688,-7.55969,3.10000,0.05686,0.00000
1373,60.10043,0.03390,Ada ile odada gezin,False,False,-2.86595,4.53692,-7.61671,3.10000,0.05727,0.00000
1374,60.13510,0.03466,Ada ile odada gezin,False,False,-2.86050,4.53695,-7.67431,3.10000,0.05786,0.00000
1375,60.17092,0.03582,Ada ile odada gezin,False,False,-2.85508,4.53697,-7.73153,3.10000,0.05748,0.00000
1376,60.20329,0.03237,Ada ile odada gezin,False,False,-2.84933,4.53703,-7.79216,3.10000,0.06090,0.00000
1377,60.23371,0.03042,Ada ile odada gezin,False,False,-2.84467,4.53690,-7.84197,3.10000,0.05003,0.00000
1378,60.28829,0.05457,Ada ile odada gezin,False,False,-2.83924,4.53694,-7.89917,3.10000,0.05746,0.00000
1379,60.33674,0.04845,Ada ile odada gezin,False,False,-2.82934,4.53773,-8.00103,3.10000,0.10234,0.00000
1380,60.35165,0.01491,Ada ile odada gezin,False,False,-2.82569,4.53689,-8.04267,3.10000,0.04181,0.00000
1381,60.36831,0.01666,Ada ile odada gezin,False,False,-2.82366,4.53614,-8.06768,3.10000,0.02511,0.00000
1382,60.40031,0.03200,Ada ile odada gezin,False,False,-2.81979,4.53500,-8.11239,3.10000,0.04489,0.00000
1383,60.43410,0.03379,Ada ile odada gezin,False,False,-2.81572,4.53325,-8.15293,3.10000,0.04078,0.00000
1384,60.46808,0.03398,Ada ile odada gezin,False,False,-2.81105,4.53076,-8.18811,3.10000,0.03557,0.00000
1385,60.50205,0.03397,Ada ile odada gezin,False,False,-2.80594,4.52769,-8.21466,3.10000,0.02722,0.00000
1386,60.53864,0.03659,Ada ile odada gezin,False,False,-2.79985,4.52395,-8.23386,3.10000,0.02048,0.00000
1387,60.57128,0.03265,Ada ile odada gezin,False,False,-2.79587,4.52005,-8.24649,3.10000,0.01381,0.00000
1388,60.60063,0.02935,Ada ile odada gezin,False,False,-2.79289,4.51664,-8.25067,3.10000,0.00616,0.00000
1389,60.63344,0.03280,Ada ile odada gezin,False,False,-2.79205,4.51301,-8.24933,3.10000,0.00395,0.00000
1390,60.66771,0.03427,Ada ile odada gezin,False,False,-2.79177,4.50927,-8.24138,3.10000,0.00878,0.00000
1391,60.70159,0.03388,Ada ile odada gezin,False,False,-2.79079,4.50501,-8.22523,3.10000,0.01673,0.00000
1392,60.73343,0.03184,Ada ile odada gezin,False,False,-2.78891,4.50086,-8.20369,3.10000,0.02202,0.00000
1393,60.76644,0.03301,Ada ile odada gezin,False,False,-2.78917,4.49712,-8.17729,3.10000,0.02667,0.00000
1394,60.80095,0.03451,Ada ile odada gezin,False,False,-2.78896,4.49334,-8.14489,3.10000,0.03262,0.00000
1395,60.83562,0.03467,Ada ile odada gezin,False,False,-2.79158,4.49024,-8.10921,3.10000,0.03591,0.00000
1396,60.86895,0.03333,Ada ile odada gezin,False,False,-2.79321,4.48731,-8.07036,3.10000,0.03900,0.00000
1397,60.90176,0.03281,Ada ile odada gezin,False,False,-2.79290,4.48484,-8.03279,3.10000,0.03765,0.00000
1398,60.93412,0.03237,Ada ile odada gezin,False,False,-2.79017,4.48218,-7.99063,3.10000,0.04233,0.00000
1399,60.96669,0.03256,Ada ile odada gezin,False,False,-2.78862,4.48036,-7.95108,3.10000,0.03963,0.00000
1400,61.00137,0.03468,Ada ile odada gezin,False,False,-2.78603,4.47871,-7.90838,3.10000,0.04281,0.00000
1401,61.03477,0.03341,Ada ile odada gezin,False,False,-2.78548,4.47791,-7.86744,3.10000,0.04095,0.00000
1402,61.06660,0.03182,Ada ile odada gezin,False,False,-2.78393,4.47733,-7.82864,3.10000,0.03884,0.00000
1403,61.10893,0.04233,Ada ile odada gezin,False,False,-2.78374,4.47727,-7.78107,3.10000,0.04757,0.00000
1404,61.14330,0.03437,Ada ile odada gezin,False,False,-2.78175,4.47744,-7.74579,3.10000,0.03534,0.00000
1405,61.17649,0.03318,Ada ile odada gezin,False,False,-2.77709,4.47756,-7.71146,3.10000,0.03464,0.00000
1406,61.20885,0.03236,Ada ile odada gezin,False,False,-2.77042,4.47782,-7.68164,3.10000,0.03055,0.00000
1407,61.24246,0.03361,Ada ile odada gezin,False,False,-2.76185,4.47810,-7.65265,3.10000,0.03024,0.00000
1408,61.27663,0.03418,Ada ile odada gezin,False,False,-2.75201,4.47840,-7.62464,3.10000,0.02968,0.00000
1409,61.30951,0.03288,Ada ile odada gezin,False,False,-2.74146,4.47870,-7.59767,3.10000,0.02897,0.00000
1410,61.34202,0.03251,Ada ile odada gezin,False,False,-2.73076,4.47899,-7.57212,3.10000,0.02771,0.00000
1411,61.37619,0.03417,Ada ile odada gezin,False,False,-2.71938,4.47921,-7.54600,3.10000,0.02849,0.00000
1412,61.41002,0.03384,Ada ile odada gezin,False,False,-2.70815,4.47942,-7.52068,3.10000,0.02770,0.00000
1413,61.44339,0.03336,Ada ile odada gezin,False,False,-2.69651,4.47955,-7.49443,3.10000,0.02872,0.00000
1414,61.47561,0.03223,Ada ile odada gezin,False,False,-2.68564,4.47940,-7.46743,3.10000,0.02911,0.00000
1415,61.50975,0.03414,Ada ile odada gezin,False,False,-2.67587,4.47903,-7.43757,3.10000,0.03142,0.00000
1416,61.54313,0.03338,Ada ile odada gezin,False,False,-2.66827,4.47856,-7.40399,3.10000,0.03444,0.00000
1417,61.57870,0.03557,Ada ile odada gezin,False,False,-2.66429,4.47803,-7.36805,3.10000,0.03616,0.00000
1418,61.61278,0.03409,Ada ile odada gezin,False,False,-2.66482,4.47728,-7.32358,3.10000,0.04448,0.00000
1419,61.64675,0.03396,Ada ile odada gezin,False,False,-2.66957,4.47682,-7.28103,3.10000,0.04282,0.00000
1420,61.67914,0.03239,Ada ile odada gezin,False,False,-2.68017,4.47659,-7.23263,3.10000,0.04955,0.00000
1421,61.70951,0.03037,Ada ile odada gezin,False,False,-2.69333,4.47667,-7.18793,3.10000,0.04659,0.00000
1422,61.74260,0.03308,Ada ile odada gezin,False,False,-2.71014,4.47681,-7.13970,3.10000,0.05107,0.00000
1423,61.77695,0.03435,Ada ile odada gezin,False,False,-2.72996,4.47705,-7.08875,3.10000,0.05468,0.00000
1424,61.81007,0.03313,Ada ile odada gezin,False,False,-2.75145,4.47743,-7.03810,3.10000,0.05502,0.00000
1425,61.84235,0.03228,Ada ile odada gezin,False,False,-2.77394,4.47795,-6.98922,3.10000,0.05381,0.00000
1426,61.87610,0.03375,Ada ile odada gezin,False,False,-2.79810,4.47861,-6.94094,3.10000,0.05399,0.00000
1427,61.90977,0.03367,Ada ile odada gezin,False,False,-2.82562,4.47940,-6.89062,3.10000,0.05736,0.00000
1428,61.94260,0.03283,Ada ile odada gezin,False,False,-2.85313,4.48023,-6.84351,3.10000,0.05456,0.00000
1429,61.97607,0.03347,Ada ile odada gezin,False,False,-2.88256,4.48104,-6.79531,3.10000,0.05649,0.00000
1430,62.00908,0.03300,Ada ile odada gezin,False,False,-2.91290,4.48177,-6.74704,3.10000,0.05701,0.00000
1431,62.04236,0.03329,Ada ile odada gezin,False,False,-2.94259,4.48240,-6.70065,3.10000,0.05508,0.00000
1432,62.07625,0.03388,Ada ile odada gezin,False,False,-2.97390,4.48293,-6.65240,3.10000,0.05753,0.00000
1433,62.10942,0.03318,Ada ile odada gezin,False,False,-3.00506,4.48339,-6.60479,3.10000,0.05690,0.00000
1434,62.14289,0.03347,Ada ile odada gezin,False,False,-3.03599,4.48376,-6.55781,3.10000,0.05624,0.00000
1435,62.17618,0.03329,Ada ile odada gezin,False,False,-3.06747,4.48406,-6.51022,3.10000,0.05706,0.00000
1436,62.20899,0.03281,Ada ile odada gezin,False,False,-3.09857,4.48431,-6.46331,3.10000,0.05629,0.00000
1437,62.24293,0.03394,Ada ile odada gezin,False,False,-3.12981,4.48451,-6.41629,3.10000,0.05645,0.00000
1438,62.28860,0.04568,Ada ile odada gezin,False,False,-3.16183,4.48466,-6.36820,3.10000,0.05778,0.00000
1439,62.32323,0.03462,Ada ile odada gezin,False,False,-3.20853,4.48462,-6.29833,3.10000,0.08404,0.00000
1440,62.34373,0.02051,Ada ile odada gezin,False,False,-3.22582,4.48520,-6.27475,3.10000,0.02924,0.00000
1441,62.37648,0.03275,Ada ile odada gezin,False,False,-3.26313,4.48668,-6.23247,3.10000,0.05642,0.00000
1442,62.40920,0.03272,Ada ile odada gezin,False,False,-3.30140,4.48883,-6.19762,3.10000,0.05180,0.00000
1443,62.44388,0.03468,Ada ile odada gezin,False,False,-3.34619,4.49186,-6.16636,3.10000,0.05470,0.00000
1444,62.47650,0.03262,Ada ile odada gezin,False,False,-3.39420,4.49510,-6.13879,3.10000,0.05546,0.00000
1445,62.50928,0.03279,Ada ile odada gezin,False,False,-3.44123,4.49802,-6.11521,3.10000,0.05269,0.00000
1446,62.54222,0.03293,Ada ile odada gezin,False,False,-3.49198,4.50078,-6.09219,3.10000,0.05580,0.00000
1447,62.57524,0.03303,Ada ile odada gezin,False,False,-3.54212,4.50312,-6.07099,3.10000,0.05449,0.00000
1448,62.60974,0.03450,Ada ile odada gezin,False,False,-3.59458,4.50517,-6.04991,3.10000,0.05657,0.00000
1449,62.64297,0.03323,Ada ile odada gezin,False,False,-3.64744,4.50687,-6.02942,3.10000,0.05672,0.00000
1450,62.67598,0.03301,Ada ile odada gezin,False,False,-3.69921,4.50824,-6.00987,3.10000,0.05536,0.00000
1451,62.70923,0.03325,Ada ile odada gezin,False,False,-3.75160,4.50936,-5.99043,3.10000,0.05588,0.00000
1452,62.74216,0.03294,Ada ile odada gezin,False,False,-3.80447,4.51028,-5.97106,3.10000,0.05632,0.00000
1453,62.77597,0.03380,Ada ile odada gezin,False,False,-3.85721,4.51101,-5.95192,3.10000,0.05611,0.00000
1454,62.80950,0.03353,Ada ile odada gezin,False,False,-3.91065,4.51160,-5.93257,3.10000,0.05684,0.00000
1455,62.84278,0.03328,Ada ile odada gezin,False,False,-3.96371,4.51206,-5.91348,3.10000,0.05639,0.00000
1456,62.87687,0.03409,Ada ile odada gezin,False,False,-4.01669,4.51243,-5.89449,3.10000,0.05628,0.00000
1457,62.91038,0.03351,Ada ile odada gezin,False,False,-4.07095,4.51273,-5.87509,3.10000,0.05763,0.00000
1458,62.94284,0.03246,Ada ile odada gezin,False,False,-4.12357,4.51295,-5.85630,3.10000,0.05587,0.00000
1459,62.97736,0.03451,Ada ile odada gezin,False,False,-4.17550,4.51312,-5.83777,3.10000,0.05514,0.00000
1460,63.01115,0.03380,Ada ile odada gezin,False,False,-4.23163,4.51328,-5.81771,3.10000,0.05961,0.00000
1461,63.04275,0.03160,Ada ile odada gezin,False,False,-4.28235,4.51335,-5.79957,3.10000,0.05386,0.00000
1462,63.07626,0.03351,Ada ile odada gezin,False,False,-4.33529,4.51342,-5.78055,3.10000,0.05625,0.00000
1463,63.10990,0.03365,Ada ile odada gezin,False,False,-4.38831,4.51343,-5.76127,3.10000,0.05642,0.00000
1464,63.14262,0.03272,Ada ile odada gezin,False,False,-4.44067,4.51288,-5.73901,3.10000,0.05690,0.00000
1465,63.17577,0.03315,Ada ile odada gezin,False,False,-4.48752,4.51161,-5.71423,3.10000,0.05301,0.00000
1466,63.20922,0.03344,Ada ile odada gezin,False,False,-4.53371,4.50941,-5.68280,3.10000,0.05591,0.00000
1467,63.24299,0.03378,Ada ile odada gezin,False,False,-4.57235,4.50660,-5.64872,3.10000,0.05160,0.00000
1468,63.27662,0.03363,Ada ile odada gezin,False,False,-4.60654,4.50301,-5.60856,3.10000,0.05286,0.00000
1469,63.30917,0.03255,Ada ile odada gezin,False,False,-4.63211,4.49915,-5.56706,3.10000,0.04890,0.00000
1470,63.34186,0.03269,Ada ile odada gezin,False,False,-4.65096,4.49478,-5.52097,3.10000,0.04998,0.00000
1471,63.37584,0.03398,Ada ile odada gezin,False,False,-4.66230,4.49032,-5.47324,3.10000,0.04927,0.00000
1472,63.41079,0.03495,Ada ile odada gezin,False,False,-4.66918,4.48572,-5.41956,3.10000,0.05431,0.00000
1473,63.44318,0.03240,Ada ile odada gezin,False,False,-4.67247,4.48184,-5.36702,3.10000,0.05278,0.00000
1474,63.47598,0.03280,Ada ile odada gezin,False,False,-4.67359,4.47860,-5.31550,3.10000,0.05163,0.00000
1475,63.50945,0.03347,Ada ile odada gezin,False,False,-4.67330,4.47564,-5.26005,3.10000,0.05553,0.00000
1476,63.54390,0.03445,Ada ile odada gezin,False,False,-4.67204,4.47328,-5.20579,3.10000,0.05433,0.00000
1477,63.57874,0.03485,Ada ile odada gezin,False,False,-4.66997,4.47113,-5.14689,3.10000,0.05898,0.00000
1478,63.61052,0.03177,Ada ile odada gezin,False,False,-4.66763,4.46964,-5.09329,3.10000,0.05366,0.00000
1479,63.64273,0.03221,Ada ile odada gezin,False,False,-4.66495,4.46837,-5.03845,3.10000,0.05492,0.00000
1480,63.67621,0.03348,Ada ile odada gezin,False,False,-4.66205,4.46732,-4.98303,3.10000,0.05550,0.00000
1481,63.71310,0.03689,Ada ile odada gezin,False,False,-4.65893,4.46645,-4.92637,3.10000,0.05676,0.00000
1482,63.74675,0.03366,Ada ile odada gezin,False,False,-4.65539,4.46560,-4.86403,3.10000,0.06244,0.00000
1483,63.77672,0.02996,Ada ile odada gezin,False,False,-4.65241,4.46527,-4.81357,3.10000,0.05055,0.00000
1484,63.80932,0.03261,Ada ile odada gezin,False,False,-4.64910,4.46483,-4.75782,3.10000,0.05585,0.00000
1485,63.84315,0.03382,Ada ile odada gezin,False,False,-4.64574,4.46448,-4.70186,3.10000,0.05606,0.00000
1486,63.90707,0.06392,Yakından incele · flashlight,True,False,-4.63198,4.45588,-4.62275,3.09194,0.08076,0.20936
1487,63.93955,0.03248,Yakından incele · flashlight,True,False,-4.56087,4.39857,-4.47352,3.03625,0.17496,1.47031
1488,63.96172,0.02218,Yakından incele · flashlight,True,False,-4.51964,4.36534,-4.38697,3.00395,0.10146,0.85133
1489,63.97429,0.01257,Yakından incele · flashlight,True,False,-4.49583,4.34616,-4.33701,2.98531,0.05857,0.49099
1490,64.00911,0.03482,Yakından incele · flashlight,True,False,-4.41477,4.28082,-4.16687,2.92181,0.19947,1.67720
1491,64.04237,0.03326,Yakından incele · flashlight,True,False,-4.32205,4.20611,-3.97229,2.84920,0.22812,1.91718
1492,64.07582,0.03345,Yakından incele · flashlight,True,False,-4.21660,4.12112,-3.75096,2.76661,0.25948,2.18040
1493,64.10814,0.03232,Yakından incele · flashlight,True,False,-4.10107,4.02802,-3.50849,2.67612,0.28427,2.38904
1494,64.14167,0.03352,Yakından incele · flashlight,True,False,-3.97781,3.92868,-3.24979,2.57958,0.30329,2.54944
1495,64.17581,0.03414,Yakından incele · flashlight,True,False,-3.83831,3.81625,-2.95701,2.47032,0.34326,2.88559
1496,64.20877,0.03296,Yakından incele · flashlight,True,False,-3.69661,3.70206,-2.65962,2.35934,0.34865,2.93081
1497,64.24218,0.03340,Yakından incele · flashlight,True,False,-3.54894,3.58305,-2.34970,2.24368,0.36335,3.05453
1498,64.27511,0.03293,Yakından incele · flashlight,True,False,-3.39336,3.45767,-2.02316,2.12183,0.38282,3.21825
1499,64.30767,0.03255,Yakından incele · flashlight,True,False,-3.24089,3.33479,-1.70317,2.00241,0.37515,3.15363
1500,64.34490,0.03723,Yakından incele · flashlight,True,False,-3.08004,3.20516,-1.36557,1.87642,0.39580,3.32755
1501,64.38081,0.03592,Yakından incele · flashlight,True,False,-2.90244,3.06203,-0.99283,1.73733,0.43699,3.67393
1502,64.41899,0.03817,Yakından incele · flashlight,True,False,-2.71089,2.90766,-0.59081,1.58730,0.47132,3.96279
1503,64.45016,0.03118,Yakından incele · flashlight,True,False,-2.56102,2.78688,-0.27628,1.46992,0.36875,3.10056
1504,64.48279,0.03263,Yakından incele · flashlight,True,False,-2.40937,2.66466,0.04200,1.35115,0.37315,3.13721
1505,64.51558,0.03278,Yakından incele · flashlight,True,False,-2.25920,2.54364,0.35719,1.23352,0.36952,3.10636
1506,64.54800,0.03242,Yakından incele · flashlight,True,False,-2.11682,2.42890,0.65600,1.12201,0.35032,2.94466
1507,64.58188,0.03388,Yakından incele · flashlight,True,False,-1.98112,2.31953,0.94081,1.01573,0.33391,2.80693
1508,64.61632,0.03444,Yakından incele · flashlight,True,False,-1.84794,2.21220,1.22032,0.91142,0.32769,2.75486
1509,64.64964,0.03332,Yakından incele · flashlight,True,False,-1.72845,2.11590,1.47112,0.81783,0.29403,2.47181
1510,64.68252,0.03287,Yakından incele · flashlight,True,False,-1.61976,2.02831,1.69923,0.73270,0.26744,2.24792
1511,64.71574,0.03322,Yakından incele · flashlight,True,False,-1.52562,1.95244,1.89682,0.65897,0.23164,1.94715
1512,64.74937,0.03363,Yakından incele · flashlight,True,False,-1.44134,1.88452,2.07369,0.59296,0.20737,1.74266
1513,64.78282,0.03345,Yakından incele · flashlight,True,False,-1.37420,1.83041,2.21460,0.54037,0.16520,1.38816
1514,64.81600,0.03318,Yakından incele · flashlight,True,False,-1.32180,1.78818,2.32458,0.49933,0.12894,1.08208
1515,64.84876,0.03276,Yakından incele · flashlight,True,False,-1.28818,1.76109,2.39514,0.47300,0.08272,0.69323
1516,64.88221,0.03346,Yakından incele · flashlight,True,False,-1.27245,1.74841,2.42815,0.46068,0.03870,0.32385
1517,64.91551,0.03330,Yakından incele · flashlight,False,False,-1.27158,1.74771,2.42998,0.46000,0.00214,0.00000
1518,64.95252,0.03700,Yakından incele · flashlight,False,False,-1.27158,1.74771,2.42998,0.46000,0.00000,0.00000
1519,64.98493,0.03242,Yakından incele · flashlight,False,False,-1.27158,1.74771,2.42998,0.46000,0.00000,0.00000
1520,65.03186,0.04693,Yakından incele · flashlight,False,False,-1.27158,1.74771,2.42998,0.46000,0.00000,0.00000
1521,65.04964,0.01778,Yakından incele · flashlight,False,False,-1.27158,1.74771,2.42998,0.46000,0.00000,0.00000
1522,65.08407,0.03443,Yakından incele · flashlight,False,False,-1.27158,1.74771,2.42998,0.46000,0.00000,0.00000
1523,65.11728,0.03321,Yakından incele · flashlight,False,False,-1.27158,1.74771,2.42998,0.46000,0.00000,0.00000
1524,65.14932,0.03204,Yakından incele · flashlight,False,False,-1.27158,1.74771,2.42998,0.46000,0.00000,0.00000
1525,65.18300,0.03368,Yakından incele · flashlight,False,False,-1.27158,1.74771,2.42998,0.46000,0.00000,0.00000
1526,65.21763,0.03463,Yakından incele · flashlight,False,False,-1.27158,1.74771,2.42998,0.46000,0.00000,0.00000
1527,65.25031,0.03268,Yakından incele · flashlight,False,False,-1.27158,1.74771,2.42998,0.46000,0.00000,0.00000
1528,65.28338,0.03307,Yakından incele · flashlight,False,False,-1.27158,1.74771,2.42998,0.46000,0.00000,0.00000
1529,65.32004,0.03666,Yakından incele · flashlight,False,False,-1.27158,1.74771,2.42998,0.46000,0.00000,0.00000
1530,65.35333,0.03329,Yakından incele · flashlight,False,False,-1.27158,1.74771,2.42998,0.46000,0.00000,0.00000
1531,65.38722,0.03389,Yakından incele · flashlight,False,False,-1.27158,1.74771,2.42998,0.46000,0.00000,0.00000
1532,65.42089,0.03367,Yakından incele · flashlight,False,False,-1.27158,1.74771,2.42998,0.46000,0.00000,0.00000
1533,65.45093,0.03004,Yakından incele · flashlight,False,False,-1.27158,1.74771,2.42998,0.46000,0.00000,0.00000
1534,65.48545,0.03452,Yakından incele · flashlight,False,False,-1.27158,1.74771,2.42998,0.46000,0.00000,0.00000
1535,65.51976,0.03431,Yakından incele · flashlight,False,False,-1.27158,1.74771,2.42998,0.46000,0.00000,0.00000
1536,65.55223,0.03247,Yakından incele · flashlight,False,False,-1.27158,1.74771,2.42998,0.46000,0.00000,0.00000
1537,65.58708,0.03484,Yakından incele · flashlight,False,False,-1.27158,1.74771,2.42998,0.46000,0.00000,0.00000
1538,65.63185,0.04477,Yakından incele · flashlight,False,False,-1.27158,1.74771,2.42998,0.46000,0.00000,0.00000
1539,65.64973,0.01788,Yakından incele · flashlight,False,False,-1.27158,1.74771,2.42998,0.46000,0.00000,0.00000
1540,65.68372,0.03399,Yakından incele · flashlight,False,False,-1.27158,1.74771,2.42998,0.46000,0.00000,0.00000
1541,65.71773,0.03400,Yakından incele · flashlight,False,False,-1.27158,1.74771,2.42998,0.46000,0.00000,0.00000
1542,65.74948,0.03175,Yakından incele · flashlight,False,False,-1.27158,1.74771,2.42998,0.46000,0.00000,0.00000
1543,65.78245,0.03298,Yakından incele · flashlight,False,False,-1.27158,1.74771,2.42998,0.46000,0.00000,0.00000
1544,65.81681,0.03436,Yakından incele · flashlight,False,False,-1.27158,1.74771,2.42998,0.46000,0.00000,0.00000
1545,65.84962,0.03281,Yakından incele · flashlight,False,False,-1.27158,1.74771,2.42998,0.46000,0.00000,0.00000
1546,65.88298,0.03336,Yakından incele · flashlight,False,False,-1.27158,1.74771,2.42998,0.46000,0.00000,0.00000
1547,65.91684,0.03386,Yakından incele · flashlight,False,False,-1.27158,1.74771,2.42998,0.46000,0.00000,0.00000
1548,65.95045,0.03362,Yakından incele · flashlight,False,False,-1.27158,1.74771,2.42998,0.46000,0.00000,0.00000
1549,65.98368,0.03323,Yakından incele · flashlight,False,False,-1.27158,1.74771,2.42998,0.46000,0.00000,0.00000
1550,66.01695,0.03327,Yakından incele · flashlight,False,False,-1.27158,1.74771,2.42998,0.46000,0.00000,0.00000
1551,66.04958,0.03263,Yakından incele · flashlight,False,False,-1.27158,1.74771,2.42998,0.46000,0.00000,0.00000
1552,66.08326,0.03368,Yakından incele · flashlight,False,False,-1.27158,1.74771,2.42998,0.46000,0.00000,0.00000
1553,66.11712,0.03386,Yakından incele · flashlight,False,False,-1.27158,1.74771,2.42998,0.46000,0.00000,0.00000
1554,66.15001,0.03289,Yakından incele · flashlight,False,False,-1.27158,1.74771,2.42998,0.46000,0.00000,0.00000
1555,66.18281,0.03280,Yakından incele · flashlight,False,False,-1.27158,1.74771,2.42998,0.46000,0.00000,0.00000
1556,66.21641,0.03360,Yakından incele · flashlight,False,False,-1.27158,1.74771,2.42998,0.46000,0.00000,0.00000
1557,66.24997,0.03356,Yakından incele · flashlight,False,False,-1.27158,1.74771,2.42998,0.46000,0.00000,0.00000
1558,66.29592,0.04595,Yakından incele · flashlight,False,False,-1.27158,1.74771,2.42998,0.46000,0.00000,0.00000
1559,66.31589,0.01998,Yakından incele · flashlight,False,False,-1.27158,1.74771,2.42998,0.46000,0.00000,0.00000
1560,66.34963,0.03374,Yakından incele · flashlight,False,False,-1.27158,1.74771,2.42998,0.46000,0.00000,0.00000
1561,66.38391,0.03428,Yakından incele · flashlight,False,False,-1.27158,1.74771,2.42998,0.46000,0.00000,0.00000
1562,66.41697,0.03306,Yakından incele · flashlight,False,False,-1.27158,1.74771,2.42998,0.46000,0.00000,0.00000
1563,66.45051,0.03353,Yakından incele · flashlight,False,False,-1.27158,1.74771,2.42998,0.46000,0.00000,0.00000
1564,66.48322,0.03271,Yakından incele · flashlight,False,False,-1.27158,1.74771,2.42998,0.46000,0.00000,0.00000
1565,66.51640,0.03318,Yakından incele · flashlight,False,False,-1.27158,1.74771,2.42998,0.46000,0.00000,0.00000
1566,66.55061,0.03420,Yakından incele · flashlight,False,False,-1.27158,1.74771,2.42998,0.46000,0.00000,0.00000
1567,66.58676,0.03615,Yakından incele · flashlight,False,False,-1.27158,1.74771,2.42998,0.46000,0.00000,0.00000
1568,66.62170,0.03494,Yakından incele · flashlight,False,False,-1.27158,1.74771,2.42998,0.46000,0.00000,0.00000
1569,66.65150,0.02980,Yakından incele · flashlight,False,False,-1.27158,1.74771,2.42998,0.46000,0.00000,0.00000
1570,66.68350,0.03201,Yakından incele · flashlight,False,False,-1.27158,1.74771,2.42998,0.46000,0.00000,0.00000
1571,66.71709,0.03358,Yakından incele · flashlight,False,False,-1.27158,1.74771,2.42998,0.46000,0.00000,0.00000
1572,66.75013,0.03305,Yakından incele · flashlight,False,False,-1.27158,1.74771,2.42998,0.46000,0.00000,0.00000
1573,66.78391,0.03377,Yakından incele · flashlight,False,False,-1.27158,1.74771,2.42998,0.46000,0.00000,0.00000
1574,66.81667,0.03276,Yakından incele · flashlight,False,False,-1.27158,1.74771,2.42998,0.46000,0.00000,0.00000
1575,66.84899,0.03233,Yakından incele · flashlight,False,False,-1.27158,1.74771,2.42998,0.46000,0.00000,0.00000
1576,66.88263,0.03364,Yakından incele · flashlight,False,False,-1.27158,1.74771,2.42998,0.46000,0.00000,0.00000
1577,66.91636,0.03373,Yakından incele · flashlight,False,False,-1.27158,1.74771,2.42998,0.46000,0.00000,0.00000
1578,66.96191,0.04555,Yakından incele · flashlight,False,False,-1.27158,1.74771,2.42998,0.46000,0.00000,0.00000
1579,66.98343,0.02151,Yakından incele · flashlight,False,False,-1.27158,1.74771,2.42998,0.46000,0.00000,0.00000
1580,67.01642,0.03300,Yakından incele · flashlight,False,False,-1.27158,1.74771,2.42998,0.46000,0.00000,0.00000
1581,67.04969,0.03327,Yakından incele · flashlight,False,False,-1.27158,1.74771,2.42998,0.46000,0.00000,0.00000
1582,67.08253,0.03284,Yakından incele · flashlight,False,False,-1.27158,1.74771,2.42998,0.46000,0.00000,0.00000
1583,67.11533,0.03280,Yakından incele · flashlight,False,False,-1.27158,1.74771,2.42998,0.46000,0.00000,0.00000
1584,67.14937,0.03404,Yakından incele · flashlight,False,False,-1.27158,1.74771,2.42998,0.46000,0.00000,0.00000
1585,67.18334,0.03397,Yakından incele · flashlight,False,False,-1.27158,1.74771,2.42998,0.46000,0.00000,0.00000
1586,67.21672,0.03338,Yakından incele · flashlight,False,False,-1.27158,1.74771,2.42998,0.46000,0.00000,0.00000
1587,67.24966,0.03294,Yakından incele · flashlight,False,False,-1.27158,1.74771,2.42998,0.46000,0.00000,0.00000
1588,67.28287,0.03321,Yakından incele · flashlight,False,False,-1.27158,1.74771,2.42998,0.46000,0.00000,0.00000
1589,67.31626,0.03340,Yakından incele · flashlight,False,False,-1.27158,1.74771,2.42998,0.46000,0.00000,0.00000
1590,67.34941,0.03314,Yakından incele · flashlight,False,False,-1.27158,1.74771,2.42998,0.46000,0.00000,0.00000
1591,67.38246,0.03306,Yakından incele · flashlight,False,False,-1.27158,1.74771,2.42998,0.46000,0.00000,0.00000
1592,67.41574,0.03327,Yakından incele · flashlight,False,False,-1.27158,1.74771,2.42998,0.46000,0.00000,0.00000
1593,67.44945,0.03371,Yakından incele · flashlight,False,False,-1.27158,1.74771,2.42998,0.46000,0.00000,0.00000
1594,67.48348,0.03404,Yakından incele · flashlight,False,False,-1.27158,1.74771,2.42998,0.46000,0.00000,0.00000
1595,67.51671,0.03323,Yakından incele · flashlight,False,False,-1.27158,1.74771,2.42998,0.46000,0.00000,0.00000
1596,67.54940,0.03269,Yakından incele · flashlight,False,False,-1.27158,1.74771,2.42998,0.46000,0.00000,0.00000
1597,67.58282,0.03342,Yakından incele · flashlight,False,False,-1.27158,1.74771,2.42998,0.46000,0.00000,0.00000
1598,67.66985,0.08702,Ada ile odada gezin,True,False,-1.33513,1.79991,2.29816,0.51004,0.15537,1.32054
1599,67.67730,0.00745,Ada ile odada gezin,True,False,-1.34850,1.81090,2.27042,0.52057,0.03270,0.27411
1600,67.69902,0.02172,Ada ile odada gezin,True,False,-1.38694,1.84248,2.19068,0.55083,0.09399,0.79917
1601,67.75175,0.05273,Ada ile odada gezin,True,False,-1.50322,1.93800,1.94948,0.64239,0.28428,2.41803
1602,67.78533,0.03358,Ada ile odada gezin,True,False,-1.59889,2.01659,1.75104,0.71771,0.23390,1.98931
1603,67.81786,0.03253,Ada ile odada gezin,True,False,-1.70203,2.10132,1.53709,0.79892,0.25217,2.14493
1604,67.85282,0.03496,Ada ile odada gezin,True,False,-1.81851,2.19701,1.29547,0.89064,0.28479,2.42223
1605,67.88757,0.03474,Ada ile odada gezin,True,False,-1.95134,2.30612,1.01995,0.99522,0.32475,2.76195
1606,67.92008,0.03251,Ada ile odada gezin,True,False,-2.08625,2.41695,0.74010,1.10144,0.32984,2.80498
1607,67.95199,0.03191,Ada ile odada gezin,True,False,-2.22504,2.53097,0.45220,1.21073,0.33934,2.88586
1608,67.98402,0.03203,Ada ile odada gezin,True,False,-2.37099,2.65087,0.14945,1.32564,0.35684,3.03550
1609,68.01735,0.03333,Ada ile odada gezin,True,False,-2.52047,2.77366,-0.16061,1.44334,0.36547,3.10888
1610,68.05317,0.03583,Ada ile odada gezin,True,False,-2.68115,2.90567,-0.49393,1.56986,0.39287,3.34117
1611,68.08671,0.03354,Ada ile odada gezin,True,False,-2.84718,3.04205,-0.83832,1.70058,0.40592,3.45225
1612,68.11952,0.03281,Ada ile odada gezin,True,False,-3.00127,3.16864,-1.15795,1.82191,0.37674,3.20484
1613,68.15343,0.03391,Ada ile odada gezin,True,False,-3.16297,3.30147,-1.49336,1.94922,0.39533,3.36289
1614,68.18742,0.03399,Ada ile odada gezin,True,False,-3.32336,3.43323,-1.82607,2.07551,0.39215,3.33578
1615,68.22036,0.03294,Ada ile odada gezin,True,False,-3.47525,3.55801,-2.14114,2.19511,0.37136,3.15884
1616,68.25308,0.03273,Ada ile odada gezin,True,False,-3.62542,3.68138,-2.45264,2.31335,0.36716,3.12270
1617,68.28622,0.03314,Ada ile odada gezin,True,False,-3.76712,3.79778,-2.74657,2.42492,0.34644,2.94626
1618,68.31976,0.03354,Ada ile odada gezin,True,False,-3.90717,3.91283,-3.03708,2.53519,0.34241,2.91232
1619,68.35349,0.03373,Ada ile odada gezin,True,False,-4.03511,4.01793,-3.30246,2.63592,0.31280,2.66062
1620,68.39194,0.03845,Ada ile odada gezin,True,False,-4.16015,4.12065,-3.56183,2.73438,0.30571,2.60021
1621,68.42427,0.03233,Ada ile odada gezin,True,False,-4.27788,4.21736,-3.80604,2.82707,0.28784,2.44859
1622,68.45283,0.02856,Ada ile odada gezin,True,False,-4.36346,4.28767,-3.98356,2.89446,0.20924,1.77955
1623,68.48619,0.03336,Ada ile odada gezin,True,False,-4.44421,4.35400,-4.15107,2.95804,0.19743,1.67907
1624,68.51994,0.03375,Ada ile odada gezin,True,False,-4.51652,4.41341,-4.30106,3.01497,0.17679,1.50399
1625,68.55294,0.03300,Ada ile odada gezin,True,False,-4.56829,4.45593,-4.40844,3.05573,0.12657,1.07701
1626,68.58611,0.03317,Ada ile odada gezin,True,False,-4.60536,4.48639,-4.48535,3.08493,0.09065,0.77126
1627,68.61948,0.03337,Ada ile odada gezin,True,False,-4.62268,4.50062,-4.52127,3.09856,0.04234,0.35608
1628,68.65339,0.03391,Ada ile odada gezin,False,False,-4.62451,4.50212,-4.52506,3.10000,0.00447,0.00000
1629,68.68888,0.03549,Ada ile odada gezin,False,False,-4.62451,4.50212,-4.52506,3.10000,0.00000,0.00000
1630,68.71990,0.03103,Ada ile odada gezin,False,False,-4.62737,4.50228,-4.52418,3.10000,0.00300,0.00000
1631,68.75399,0.03408,Ada ile odada gezin,False,False,-4.63506,4.50270,-4.52182,3.10000,0.00806,0.00000
1632,68.78891,0.03492,Ada ile odada gezin,False,False,-4.64993,4.50342,-4.51730,3.10000,0.01556,0.00000
1633,68.82198,0.03307,Ada ile odada gezin,False,False,-4.67120,4.50437,-4.51088,3.10000,0.02223,0.00000
1634,68.85796,0.03598,Ada ile odada gezin,False,False,-4.69991,4.50555,-4.50227,3.10000,0.03000,0.00000
1635,68.89010,0.03214,Ada ile odada gezin,False,False,-4.74003,4.50707,-4.49029,3.10000,0.04190,0.00000
1636,68.91959,0.02949,Ada ile odada gezin,False,False,-4.77792,4.50832,-4.47908,3.10000,0.03953,0.00000
1637,68.95483,0.03524,Ada ile odada gezin,False,False,-4.82312,4.50965,-4.46579,3.10000,0.04713,0.00000
1638,68.98930,0.03447,Ada ile odada gezin,False,False,-4.87819,4.51105,-4.44972,3.10000,0.05738,0.00000
1639,69.02525,0.03595,Ada ile odada gezin,False,False,-4.92601,4.51202,-4.43588,3.10000,0.04980,0.00000
1640,69.06123,0.03598,Ada ile odada gezin,False,False,-4.98631,4.51309,-4.41852,3.10000,0.06275,0.00000
1641,69.09206,0.03084,Ada ile odada gezin,False,False,-5.03627,4.51375,-4.40426,3.10000,0.05196,0.00000
1642,69.12176,0.02970,Ada ile odada gezin,False,False,-5.08722,4.51431,-4.38976,3.10000,0.05298,0.00000
1643,69.15221,0.03045,Ada ile odada gezin,False,False,-5.13695,4.51476,-4.37567,3.10000,0.05169,0.00000
1644,69.18577,0.03356,Ada ile odada gezin,False,False,-5.19064,4.51519,-4.36048,3.10000,0.05580,0.00000
1645,69.22008,0.03431,Ada ile odada gezin,False,False,-5.24593,4.51555,-4.34489,3.10000,0.05744,0.00000
1646,69.25295,0.03287,Ada ile odada gezin,False,False,-5.30122,4.51583,-4.32933,3.10000,0.05744,0.00000
1647,69.28618,0.03324,Ada ile odada gezin,False,False,-5.35371,4.51603,-4.31460,3.10000,0.05452,0.00000
1648,69.35382,0.06764,Yakından incele · radio,True,False,-5.40110,4.50755,-4.27758,3.09164,0.06073,0.21306
1649,69.38711,0.03329,Yakından incele · radio,True,False,-5.33422,4.44488,-4.12479,3.03119,0.17817,1.58951
1650,69.40205,0.01494,Yakından incele · radio,True,False,-5.30950,4.42172,-4.06832,3.00886,0.06584,0.58684
1651,69.41970,0.01764,Yakından incele · radio,True,False,-5.28085,4.39487,-4.00287,2.98296,0.07633,0.68185
1652,69.45378,0.03409,Yakından incele · radio,True,False,-5.20905,4.32759,-3.83886,2.91808,0.19126,1.70727
1653,69.48541,0.03162,Yakından incele · radio,True,False,-5.12973,4.25326,-3.65765,2.84639,0.21132,1.88548
1654,69.51780,0.03239,Yakından incele · radio,True,False,-5.04208,4.17112,-3.45741,2.76718,0.23350,2.08385
1655,69.55286,0.03506,Yakından incele · radio,True,False,-4.93925,4.07476,-3.22250,2.67425,0.27394,2.44539
1656,69.58731,0.03446,Yakından incele · radio,True,False,-4.82461,3.96733,-2.96061,2.57065,0.30540,2.72601
1657,69.61913,0.03181,Yakından incele · radio,True,False,-4.70791,3.85798,-2.69402,2.46518,0.31088,2.77468
1658,69.65177,0.03265,Yakından incele · radio,True,False,-4.58872,3.74628,-2.42173,2.35746,0.31754,2.83441
1659,69.68602,0.03425,Yakından incele · radio,True,False,-4.45629,3.62218,-2.11918,2.23778,0.35280,3.14916
1660,69.71937,0.03335,Yakından incele · radio,True,False,-4.32250,3.49681,-1.81357,2.11688,0.35639,3.18106
1661,69.75237,0.03300,Yakından incele · radio,True,False,-4.18564,3.36856,-1.50090,1.99319,0.36462,3.25453
1662,69.78684,0.03446,Yakından incele · radio,True,False,-4.04862,3.24016,-1.18788,1.86936,0.36502,3.25790
1663,69.81989,0.03306,Yakından incele · radio,True,False,-3.90286,3.10357,-0.85492,1.73763,0.38828,3.46538
1664,69.85173,0.03184,Yakından incele · radio,True,False,-3.77092,2.97993,-0.55350,1.61840,0.35149,3.13721
1665,69.88563,0.03390,Yakından incele · radio,True,False,-3.63130,2.84909,-0.23453,1.49221,0.37197,3.32049
1666,69.92100,0.03537,Yakından incele · radio,True,False,-3.49330,2.71978,0.08072,1.36750,0.36762,3.28184
1667,69.95508,0.03408,Yakından incele · radio,True,False,-3.35862,2.59357,0.38838,1.24579,0.35878,3.20240
1668,69.98695,0.03187,Yakından incele · radio,True,False,-3.23195,2.47487,0.67776,1.13131,0.33746,3.01168
1669,70.01957,0.03262,Yakından incele · radio,True,False,-3.11704,2.36718,0.94028,1.02746,0.30613,2.73203
1670,70.05865,0.03909,Yakından incele · radio,True,False,-2.99841,2.25601,1.21128,0.92025,0.31603,2.82056
1671,70.09274,0.03409,Yakından incele · radio,True,False,-2.87994,2.14500,1.48192,0.81318,0.31559,2.81668
1672,70.12353,0.03079,Yakından incele · radio,True,False,-2.79497,2.06538,1.67603,0.73640,0.22636,2.02015
1673,70.21424,0.09071,Yakından incele · radio,True,False,-2.70712,1.98305,1.87672,0.65700,0.23403,2.08836
1674,70.24440,0.03016,Yakından incele · radio,True,False,-2.53978,1.82624,2.25901,0.50577,0.44581,3.97916
1675,70.26096,0.01656,Yakından incele · radio,True,False,-2.51956,1.80729,2.30519,0.48750,0.05386,0.47806
1676,70.28555,0.02459,Yakından incele · radio,True,False,-2.49766,1.78677,2.35522,0.46770,0.05834,0.51738
1677,70.32052,0.03496,Yakından incele · radio,True,False,-2.48006,1.77028,2.39543,0.45180,0.04688,0.41684
1678,70.35339,0.03287,Yakından incele · radio,False,False,-2.47807,1.76841,2.39998,0.45000,0.00530,0.00000
1679,70.39769,0.04430,Yakından incele · radio,False,False,-2.47807,1.76841,2.39998,0.45000,0.00000,0.00000
1680,70.43543,0.03774,Yakından incele · radio,False,False,-2.47807,1.76841,2.39998,0.45000,0.00000,0.00000
1681,70.48247,0.04704,Yakından incele · radio,False,False,-2.47807,1.76841,2.39998,0.45000,0.00000,0.00000
1682,70.49988,0.01741,Yakından incele · radio,False,False,-2.47807,1.76841,2.39998,0.45000,0.00000,0.00000
1683,70.52173,0.02185,Yakından incele · radio,False,False,-2.47807,1.76841,2.39998,0.45000,0.00000,0.00000
1684,70.55588,0.03415,Yakından incele · radio,False,False,-2.47807,1.76841,2.39998,0.45000,0.00000,0.00000
1685,70.58997,0.03409,Yakından incele · radio,False,False,-2.47807,1.76841,2.39998,0.45000,0.00000,0.00000
1686,70.62129,0.03133,Yakından incele · radio,False,False,-2.47807,1.76841,2.39998,0.45000,0.00000,0.00000
1687,70.65617,0.03487,Yakından incele · radio,False,False,-2.47807,1.76841,2.39998,0.45000,0.00000,0.00000
1688,70.69091,0.03475,Yakından incele · radio,False,False,-2.47807,1.76841,2.39998,0.45000,0.00000,0.00000
1689,70.72408,0.03316,Yakından incele · radio,False,False,-2.47807,1.76841,2.39998,0.45000,0.00000,0.00000
1690,70.75598,0.03190,Yakından incele · radio,False,False,-2.47807,1.76841,2.39998,0.45000,0.00000,0.00000
1691,70.78657,0.03059,Yakından incele · radio,False,False,-2.47807,1.76841,2.39998,0.45000,0.00000,0.00000
1692,70.82009,0.03351,Yakından incele · radio,False,False,-2.47807,1.76841,2.39998,0.45000,0.00000,0.00000
1693,70.85322,0.03313,Yakından incele · radio,False,False,-2.47807,1.76841,2.39998,0.45000,0.00000,0.00000
1694,70.88636,0.03314,Yakından incele · radio,False,False,-2.47807,1.76841,2.39998,0.45000,0.00000,0.00000
1695,70.91935,0.03299,Yakından incele · radio,False,False,-2.47807,1.76841,2.39998,0.45000,0.00000,0.00000
1696,70.95323,0.03388,Yakından incele · radio,False,False,-2.47807,1.76841,2.39998,0.45000,0.00000,0.00000
1697,70.98577,0.03254,Yakından incele · radio,False,False,-2.47807,1.76841,2.39998,0.45000,0.00000,0.00000
1698,71.01974,0.03397,Yakından incele · radio,False,False,-2.47807,1.76841,2.39998,0.45000,0.00000,0.00000
1699,71.09437,0.07463,Ada ile odada gezin,True,False,-2.52208,1.80805,2.30315,0.48843,0.11351,1.01026
1700,71.10245,0.00808,Ada ile odada gezin,True,False,-2.53182,1.81682,2.28174,0.49692,0.02510,0.22029
1701,71.12729,0.02485,Ada ile odada gezin,True,False,-2.56897,1.85028,2.20001,0.52936,0.09582,0.85225
1702,71.16045,0.03316,Ada ile odada gezin,True,False,-2.62803,1.90346,2.07010,0.58092,0.15229,1.35564
1703,71.19396,0.03351,Ada ile odada gezin,True,False,-2.70356,1.97149,1.90394,0.64686,0.19479,1.73456
1704,71.22715,0.03320,Ada ile odada gezin,True,False,-2.78810,2.04763,1.71797,0.72067,0.21802,1.94152
1705,71.26288,0.03573,Ada ile odada gezin,True,False,-2.88851,2.13805,1.49711,0.80832,0.25892,2.30602
1706,71.29791,0.03502,Ada ile odada gezin,True,False,-2.99875,2.23734,1.25459,0.90457,0.28430,2.53188
1707,71.32963,0.03172,Ada ile odada gezin,True,False,-3.11879,2.34544,0.99054,1.00936,0.30955,2.75713
1708,71.36087,0.03124,Ada ile odada gezin,True,False,-3.23196,2.44736,0.74159,1.10816,0.29184,2.59961
1709,71.39766,0.03679,Ada ile odada gezin,True,False,-3.36577,2.56787,0.44724,1.22498,0.34506,3.07369
1710,71.43147,0.03381,Ada ile odada gezin,True,False,-3.51153,2.69914,0.12660,1.35223,0.37589,3.34819
1711,71.46277,0.03130,Ada ile odada gezin,True,False,-3.64115,2.81587,-0.15853,1.46539,0.33425,2.97770
1712,71.49751,0.03474,Ada ile odada gezin,True,False,-3.78606,2.94638,-0.47729,1.59190,0.37369,3.32896
1713,71.53489,0.03738,Ada ile odada gezin,True,False,-3.93318,3.07887,-0.80092,1.72033,0.37939,3.37960
1714,71.56950,0.03461,Ada ile odada gezin,True,False,-4.09182,3.22174,-1.14990,1.85883,0.40910,3.64397
1715,71.59950,0.03001,Ada ile odada gezin,True,False,-4.22703,3.34352,-1.44734,1.97688,0.34869,3.10561
1716,71.63011,0.03061,Ada ile odada gezin,True,False,-4.36251,3.46553,-1.74536,2.09515,0.34936,3.11215
1717,71.66308,0.03297,Ada ile odada gezin,True,False,-4.49848,3.58798,-2.04445,2.21385,0.35062,3.12345
1718,71.69668,0.03360,Ada ile odada gezin,True,False,-4.63295,3.70908,-2.34026,2.33125,0.34678,3.08918
1719,71.72928,0.03260,Ada ile odada gezin,True,False,-4.76460,3.82764,-2.62985,2.44618,0.33949,3.02413
1720,71.76232,0.03304,Ada ile odada gezin,True,False,-4.88385,3.93505,-2.89219,2.55029,0.30754,2.73919
1721,71.79618,0.03386,Ada ile odada gezin,True,False,-5.00192,4.04138,-3.15192,2.65337,0.30447,2.71190
1722,71.82812,0.03194,Ada ile odada gezin,True,False,-5.10822,4.13711,-3.38575,2.74617,0.27412,2.44154
1723,71.86116,0.03305,Ada ile odada gezin,True,False,-5.20166,4.22126,-3.59129,2.82774,0.24095,2.14639
1724,71.89429,0.03313,Ada ile odada gezin,True,False,-5.29063,4.30139,-3.78701,2.90542,0.22944,2.04365
1725,71.92756,0.03327,Ada ile odada gezin,True,False,-5.36168,4.36537,-3.94330,2.96744,0.18322,1.63227
1726,71.96178,0.03421,Ada ile odada gezin,True,False,-5.42437,4.42183,-4.08120,3.02217,0.16166,1.44019
1727,71.99470,0.03292,Ada ile odada gezin,True,False,-5.46965,4.46261,-4.18081,3.06170,0.11677,1.04079
1728,72.02831,0.03361,Ada ile odada gezin,True,False,-5.49981,4.48977,-4.24716,3.08803,0.07778,0.69323
1729,72.06106,0.03276,Ada ile odada gezin,True,False,-5.51302,4.50167,-4.27621,3.09956,0.03406,0.30390
1730,72.09443,0.03337,Ada ile odada gezin,False,False,-5.51352,4.50212,-4.27731,3.10000,0.00129,0.00000
1731,72.13088,0.03644,Ada ile odada gezin,False,False,-5.51352,4.50212,-4.27731,3.10000,0.00000,0.00000
1732,72.16303,0.03215,Ada ile odada gezin,False,False,-5.51309,4.50254,-4.28033,3.10000,0.00307,0.00000
1733,72.19479,0.03176,Ada ile odada gezin,False,False,-5.51199,4.50355,-4.28833,3.10000,0.00815,0.00000
1734,72.22804,0.03325,Ada ile odada gezin,False,False,-5.51018,4.50511,-4.30184,3.10000,0.01372,0.00000
1735,72.26205,0.03401,Ada ile odada gezin,False,False,-5.50721,4.50750,-4.32440,3.10000,0.02288,0.00000
1736,72.29541,0.03336,Ada ile odada gezin,False,False,-5.50399,4.50979,-4.34938,3.10000,0.02529,0.00000
1737,72.32803,0.03262,Ada ile odada gezin,False,False,-5.50001,4.51227,-4.38046,3.10000,0.03143,0.00000
1738,72.36121,0.03318,Ada ile odada gezin,False,False,-5.49399,4.51381,-4.40907,3.10000,0.02927,0.00000
1739,72.39810,0.03689,Ada ile odada gezin,False,False,-5.48606,4.51560,-4.44494,3.10000,0.03678,0.00000
1740,72.43238,0.03428,Ada ile odada gezin,False,False,-5.47828,4.51747,-4.48448,3.10000,0.04034,0.00000
1741,72.46400,0.03162,Ada ile odada gezin,False,False,-5.47228,4.51897,-4.52036,3.10000,0.03640,0.00000
1742,72.49835,0.03435,Ada ile odada gezin,False,False,-5.46506,4.51995,-4.55733,3.10000,0.03769,0.00000
1743,72.53181,0.03346,Ada ile odada gezin,False,False,-5.45804,4.52080,-4.59548,3.10000,0.03880,0.00000
1744,72.56844,0.03663,Ada ile odada gezin,False,False,-5.45282,4.52154,-4.63145,3.10000,0.03635,0.00000
1745,72.60342,0.03498,Ada ile odada gezin,False,False,-5.44813,4.52211,-4.67180,3.10000,0.04063,0.00000
1746,72.63157,0.02815,Ada ile odada gezin,False,False,-5.44546,4.52221,-4.70217,3.10000,0.03049,0.00000
1747,72.66630,0.03473,Ada ile odada gezin,False,False,-5.44336,4.52226,-4.73190,3.10000,0.02980,0.00000
1748,72.70418,0.03788,Ada ile odada gezin,False,False,-5.44111,4.52245,-4.76905,3.10000,0.03722,0.00000
1749,72.73451,0.03034,Ada ile odada gezin,False,False,-5.43924,4.52265,-4.80282,3.10000,0.03382,0.00000
1750,72.76268,0.02817,Ada ile odada gezin,False,False,-5.43771,4.52279,-4.83228,3.10000,0.02950,0.00000
1751,72.79452,0.03184,Ada ile odada gezin,False,False,-5.43620,4.52305,-4.86472,3.10000,0.03247,0.00000
1752,72.82817,0.03365,Ada ile odada gezin,False,False,-5.43480,4.52338,-4.89958,3.10000,0.03490,0.00000
1753,72.86162,0.03345,Ada ile odada gezin,False,False,-5.43296,4.52374,-4.93562,3.10000,0.03609,0.00000
1754,72.89479,0.03317,Ada ile odada gezin,False,False,-5.42987,4.52421,-4.97349,3.10000,0.03799,0.00000
1755,72.92839,0.03360,Ada ile odada gezin,False,False,-5.42424,4.52467,-5.01370,3.10000,0.04061,0.00000
1756,72.96174,0.03335,Ada ile odada gezin,False,False,-5.41443,4.52496,-5.05676,3.10000,0.04417,0.00000
1757,72.99485,0.03311,Ada ile odada gezin,False,False,-5.39917,4.52487,-5.10105,3.10000,0.04684,0.00000
1758,73.02771,0.03286,Ada ile odada gezin,False,False,-5.37943,4.52453,-5.14659,3.10000,0.04964,0.00000
1759,73.06118,0.03347,Ada ile odada gezin,False,False,-5.35653,4.52409,-5.19308,3.10000,0.05183,0.00000
1760,73.09435,0.03317,Ada ile odada gezin,False,False,-5.33078,4.52357,-5.24110,3.10000,0.05449,0.00000
1761,73.12784,0.03349,Ada ile odada gezin,False,False,-5.30450,4.52296,-5.28691,3.10000,0.05282,0.00000
1762,73.16144,0.03360,Ada ile odada gezin,False,False,-5.27505,4.52225,-5.33485,3.10000,0.05627,0.00000
1763,73.19466,0.03322,Ada ile odada gezin,False,False,-5.24543,4.52145,-5.37995,3.10000,0.05396,0.00000
1764,73.22864,0.03398,Ada ile odada gezin,False,False,-5.21294,4.52054,-5.42591,3.10000,0.05629,0.00000
1765,73.26209,0.03344,Ada ile odada gezin,False,False,-5.17916,4.51965,-5.47150,3.10000,0.05674,0.00000
1766,73.29581,0.03373,Ada ile odada gezin,False,False,-5.14515,4.51884,-5.51602,3.10000,0.05603,0.00000
1767,73.32832,0.03250,Ada ile odada gezin,False,False,-5.11018,4.51813,-5.56087,3.10000,0.05688,0.00000
1768,73.36055,0.03223,Ada ile odada gezin,False,False,-5.07643,4.51752,-5.60359,3.10000,0.05444,0.00000
1769,73.39379,0.03324,Ada ile odada gezin,False,False,-5.04111,4.51702,-5.64785,3.10000,0.05663,0.00000
1770,73.42787,0.03408,Ada ile odada gezin,False,False,-5.00572,4.51660,-5.69192,3.10000,0.05653,0.00000
1771,73.46131,0.03344,Ada ile odada gezin,False,False,-4.96913,4.51625,-5.73726,3.10000,0.05827,0.00000
1772,73.49425,0.03294,Ada ile odada gezin,False,False,-4.93441,4.51597,-5.78016,3.10000,0.05518,0.00000
1773,73.52756,0.03331,Ada ile odada gezin,False,False,-4.89830,4.51574,-5.82468,3.10000,0.05733,0.00000
1774,73.56169,0.03413,Ada ile odada gezin,False,False,-4.86286,4.51556,-5.86829,3.10000,0.05620,0.00000
1775,73.59496,0.03326,Ada ile odada gezin,False,False,-4.82584,4.51542,-5.91378,3.10000,0.05864,0.00000
1776,73.62764,0.03269,Ada ile odada gezin,False,False,-4.79140,4.51529,-5.95609,3.10000,0.05455,0.00000
1777,73.66093,0.03329,Ada ile odada gezin,False,False,-4.75511,4.51520,-6.00061,3.10000,0.05744,0.00000
1778,73.69454,0.03360,Ada ile odada gezin,False,False,-4.71982,4.51512,-6.04391,3.10000,0.05586,0.00000
1779,73.72780,0.03326,Ada ile odada gezin,False,False,-4.68314,4.51507,-6.08887,3.10000,0.05802,0.00000
1780,73.76151,0.03371,Ada ile odada gezin,False,False,-4.64820,4.51502,-6.13172,3.10000,0.05529,0.00000
1781,73.79661,0.03511,Ada ile odada gezin,False,False,-4.61085,4.51499,-6.17748,3.10000,0.05907,0.00000
1782,73.82873,0.03212,Ada ile odada gezin,False,False,-4.57459,4.51496,-6.22190,3.10000,0.05735,0.00000
1783,73.86076,0.03203,Ada ile odada gezin,False,False,-4.54055,4.51492,-6.26363,3.10000,0.05385,0.00000
1784,73.89516,0.03440,Ada ile odada gezin,False,False,-4.50475,4.51490,-6.30748,3.10000,0.05660,0.00000
1785,73.92911,0.03395,Ada ile odada gezin,False,False,-4.46747,4.51491,-6.35313,3.10000,0.05894,0.00000
1786,73.96175,0.03264,Ada ile odada gezin,False,False,-4.43229,4.51488,-6.39623,3.10000,0.05564,0.00000
1787,73.99461,0.03286,Ada ile odada gezin,False,False,-4.39683,4.51487,-6.43966,3.10000,0.05607,0.00000
1788,74.02810,0.03349,Ada ile odada gezin,False,False,-4.36114,4.51487,-6.48338,3.10000,0.05644,0.00000
1789,74.06134,0.03324,Ada ile odada gezin,False,False,-4.32495,4.51486,-6.52770,3.10000,0.05722,0.00000
1790,74.09519,0.03386,Ada ile odada gezin,False,False,-4.28945,4.51486,-6.57118,3.10000,0.05613,0.00000
1791,74.12876,0.03357,Ada ile odada gezin,False,False,-4.25268,4.51486,-6.61620,3.10000,0.05812,0.00000
1792,74.16116,0.03239,Ada ile odada gezin,False,False,-4.21751,4.51485,-6.65928,3.10000,0.05562,0.00000
1793,74.19408,0.03292,Ada ile odada gezin,False,False,-4.18221,4.51484,-6.70251,3.10000,0.05581,0.00000
1794,74.22787,0.03379,Ada ile odada gezin,False,False,-4.14630,4.51485,-6.74648,3.10000,0.05677,0.00000
1795,74.26191,0.03404,Ada ile odada gezin,False,False,-4.10983,4.51485,-6.79114,3.10000,0.05767,0.00000
1796,74.29513,0.03322,Ada ile odada gezin,False,False,-4.07372,4.51485,-6.83537,3.10000,0.05710,0.00000
1797,74.32797,0.03284,Ada ile odada gezin,False,False,-4.03821,4.51485,-6.87886,3.10000,0.05615,0.00000
1798,74.36948,0.04151,Ada ile odada gezin,False,False,-3.99174,4.51494,-6.93569,3.10000,0.07341,0.00000
1799,74.40267,0.03319,Ada ile odada gezin,False,False,-3.95668,4.51488,-6.97867,3.10000,0.05546,0.00000
1800,74.43632,0.03365,Ada ile odada gezin,False,False,-3.92147,4.51484,-7.02182,3.10000,0.05570,0.00000
1801,74.47023,0.03392,Ada ile odada gezin,False,False,-3.88528,4.51483,-7.06614,3.10000,0.05722,0.00000
1802,74.50412,0.03389,Ada ile odada gezin,False,False,-3.84956,4.51482,-7.10989,3.10000,0.05648,0.00000
1803,74.53699,0.03287,Ada ile odada gezin,False,False,-3.81325,4.51482,-7.15436,3.10000,0.05742,0.00000
1804,74.56966,0.03267,Ada ile odada gezin,False,False,-3.77845,4.51481,-7.19699,3.10000,0.05503,0.00000
1805,74.60341,0.03374,Ada ile odada gezin,False,False,-3.74233,4.51482,-7.24121,3.10000,0.05710,0.00000
1806,74.63726,0.03385,Ada ile odada gezin,False,False,-3.70653,4.51482,-7.28505,3.10000,0.05660,0.00000
1807,74.67076,0.03350,Ada ile odada gezin,False,False,-3.67013,4.51483,-7.32961,3.10000,0.05754,0.00000
1808,74.70306,0.03230,Ada ile odada gezin,False,False,-3.63471,4.51483,-7.37300,3.10000,0.05601,0.00000
1809,74.73654,0.03348,Ada ile odada gezin,False,False,-3.59949,4.51482,-7.41613,3.10000,0.05568,0.00000
1810,74.77078,0.03424,Ada ile odada gezin,False,False,-3.56299,4.51484,-7.46082,3.10000,0.05770,0.00000
1811,74.80385,0.03307,Ada ile odada gezin,False,False,-3.52657,4.51484,-7.50542,3.10000,0.05758,0.00000
1812,74.83659,0.03274,Ada ile odada gezin,False,False,-3.49149,4.51483,-7.54838,3.10000,0.05547,0.00000
1813,74.86992,0.03333,Ada ile odada gezin,False,False,-3.45581,4.51483,-7.59207,3.10000,0.05641,0.00000
1814,74.90323,0.03331,Ada ile odada gezin,False,False,-3.41983,4.51484,-7.63614,3.10000,0.05689,0.00000
1815,74.93649,0.03327,Ada ile odada gezin,False,False,-3.38409,4.51484,-7.67990,3.10000,0.05650,0.00000
1816,74.96992,0.03343,Ada ile odada gezin,False,False,-3.34841,4.51484,-7.72359,3.10000,0.05640,0.00000
1817,75.00316,0.03325,Ada ile odada gezin,False,False,-3.31215,4.51484,-7.76800,3.10000,0.05734,0.00000
1818,75.03639,0.03323,Ada ile odada gezin,False,False,-3.27677,4.51484,-7.81133,3.10000,0.05594,0.00000
1819,75.07027,0.03388,Ada ile odada gezin,False,False,-3.24047,4.51484,-7.85577,3.10000,0.05738,0.00000
1820,75.10328,0.03301,Ada ile odada gezin,False,False,-3.20470,4.51484,-7.89958,3.10000,0.05655,0.00000
1821,75.13640,0.03312,Ada ile odada gezin,False,False,-3.16881,4.51484,-7.94353,3.10000,0.05674,0.00000
1822,75.17041,0.03401,Ada ile odada gezin,False,False,-3.13351,4.51484,-7.98676,3.10000,0.05582,0.00000
1823,75.20445,0.03404,Ada ile odada gezin,False,False,-3.09648,4.51485,-8.03210,3.10000,0.05853,0.00000
1824,75.24536,0.04091,Yakından incele · bag,True,False,-3.04457,4.51032,-8.05562,3.09528,0.05717,0.44762
1825,75.27919,0.03383,Yakından incele · bag,True,False,-2.98024,4.49262,-7.97763,3.07681,0.10264,1.75787
1826,75.30576,0.02656,Yakından incele · bag,True,False,-2.91596,4.47494,-7.89970,3.05835,0.10255,1.75608
1827,75.33779,0.03204,Yakından incele · bag,True,False,-2.80842,4.44535,-7.76932,3.02746,0.17158,2.93827
1828,75.37019,0.03239,Yakından incele · bag,True,False,-2.68230,4.41065,-7.61642,2.99124,0.20122,3.44635
1829,75.40447,0.03429,Yakından incele · bag,True,False,-2.52624,4.36772,-7.42721,2.94643,0.24899,4.26498
1830,75.43783,0.03336,Yakından incele · bag,True,False,-2.34861,4.31884,-7.21185,2.89541,0.28341,4.85474
1831,75.47038,0.03255,Yakından incele · bag,True,False,-2.15587,4.26582,-6.97818,2.84006,0.30751,5.26747
1832,75.50306,0.03268,Yakından incele · bag,True,False,-1.94674,4.20828,-6.72465,2.78000,0.33365,5.71519
1833,75.53645,0.03339,Yakından incele · bag,True,False,-1.72268,4.14664,-6.45300,2.71566,0.35749,6.12355
1834,75.57005,0.03360,Yakından incele · bag,True,False,-1.48172,4.08034,-6.16086,2.64646,0.38445,6.58519
1835,75.60327,0.03322,Yakından incele · bag,True,False,-1.23297,4.01191,-5.85929,2.57502,0.39687,6.79807
1836,75.63590,0.03264,Yakından incele · bag,True,False,-0.97790,3.94173,-5.55005,2.50177,0.40695,6.97086
1837,75.66886,0.03296,Yakından incele · bag,True,False,-0.71923,3.87056,-5.23644,2.42748,0.41271,7.06926
1838,75.70271,0.03384,Yakından incele · bag,True,False,-0.44861,3.79611,-4.90836,2.34977,0.43176,7.39565
1839,75.73588,0.03317,Yakından incele · bag,True,False,-0.17988,3.72217,-4.58256,2.27259,0.42875,7.34421
1840,75.76827,0.03239,Yakından incele · bag,True,False,0.08479,3.64936,-4.26167,2.19658,0.42229,7.23353
1841,75.80231,0.03404,Yakından incele · bag,True,False,0.34613,3.57745,-3.94483,2.12153,0.41696,7.14223
1842,75.83632,0.03401,Yakından incele · bag,True,False,0.61655,3.50306,-3.61699,2.04387,0.43143,7.39003
1843,75.86975,0.03343,Yakından incele · bag,True,False,0.86691,3.43418,-3.31346,1.97197,0.39945,6.84216
1844,75.90287,0.03311,Yakından incele · bag,True,False,1.11304,3.36646,-3.01506,1.90129,0.39269,6.72661
1845,75.93640,0.03353,Yakından incele · bag,True,False,1.34531,3.30256,-2.73346,1.83458,0.37059,6.34795
1846,75.96959,0.03319,Yakından incele · bag,True,False,1.56403,3.24238,-2.46829,1.77177,0.34896,5.97743
1847,76.00341,0.03382,Yakından incele · bag,True,False,1.76842,3.18615,-2.22049,1.71307,0.32610,5.58590
1848,76.03661,0.03320,Yakından incele · bag,True,False,1.95625,3.13447,-1.99277,1.65913,0.29968,5.13302
1849,76.06968,0.03307,Yakından incele · bag,True,False,2.12110,3.08912,-1.79292,1.61179,0.26300,4.50493
1850,76.10280,0.03312,Yakından incele · bag,True,False,2.26445,3.04968,-1.61912,1.57062,0.22872,3.91809
1851,76.13657,0.03377,Yakından incele · bag,True,False,2.38399,3.01679,-1.47420,1.53629,0.19071,3.26677
1852,76.16961,0.03305,Yakından incele · bag,True,False,2.47749,2.99107,-1.36084,1.50944,0.14918,2.55527
1853,76.20225,0.03264,Yakından incele · bag,True,False,2.54167,2.97341,-1.28303,1.49101,0.10239,1.75385
1854,76.23603,0.03377,Yakından incele · bag,True,False,2.57507,2.96422,-1.24253,1.48142,0.05329,0.91257
1855,76.27030,0.03427,Yakından incele · bag,False,False,2.58000,2.96286,-1.23656,1.48000,0.00787,0.00000
1856,76.30832,0.03803,Yakından incele · bag,False,False,2.58000,2.96286,-1.23656,1.48000,0.00000,0.00000
1857,76.34139,0.03306,Yakından incele · bag,False,False,2.58000,2.96286,-1.23656,1.48000,0.00000,0.00000
1858,76.38919,0.04780,Yakından incele · bag,False,False,2.58000,2.96286,-1.23656,1.48000,0.00000,0.00000
1859,76.40361,0.01442,Yakından incele · bag,False,False,2.58000,2.96286,-1.23656,1.48000,0.00000,0.00000
1860,76.43781,0.03420,Yakından incele · bag,False,False,2.58000,2.96286,-1.23656,1.48000,0.00000,0.00000
1861,76.47154,0.03373,Yakından incele · bag,False,False,2.58000,2.96286,-1.23656,1.48000,0.00000,0.00000
1862,76.50295,0.03141,Yakından incele · bag,False,False,2.58000,2.96286,-1.23656,1.48000,0.00000,0.00000
1863,76.53634,0.03339,Yakından incele · bag,False,False,2.58000,2.96286,-1.23656,1.48000,0.00000,0.00000
1864,76.56945,0.03310,Yakından incele · bag,False,False,2.58000,2.96286,-1.23656,1.48000,0.00000,0.00000
1865,76.60370,0.03425,Yakından incele · bag,False,False,2.58000,2.96286,-1.23656,1.48000,0.00000,0.00000
1866,76.63705,0.03336,Yakından incele · bag,False,False,2.58000,2.96286,-1.23656,1.48000,0.00000,0.00000
1867,76.67037,0.03332,Yakından incele · bag,False,False,2.58000,2.96286,-1.23656,1.48000,0.00000,0.00000
1868,76.70347,0.03309,Yakından incele · bag,False,False,2.58000,2.96286,-1.23656,1.48000,0.00000,0.00000
1869,76.73676,0.03329,Yakından incele · bag,False,False,2.58000,2.96286,-1.23656,1.48000,0.00000,0.00000
1870,76.76966,0.03290,Yakından incele · bag,False,False,2.58000,2.96286,-1.23656,1.48000,0.00000,0.00000
1871,76.80328,0.03363,Yakından incele · bag,False,False,2.58000,2.96286,-1.23656,1.48000,0.00000,0.00000
1872,76.83682,0.03354,Yakından incele · bag,False,False,2.58000,2.96286,-1.23656,1.48000,0.00000,0.00000
1873,76.87021,0.03339,Yakından incele · bag,False,False,2.58000,2.96286,-1.23656,1.48000,0.00000,0.00000
1874,76.90356,0.03335,Yakından incele · bag,False,False,2.58000,2.96286,-1.23656,1.48000,0.00000,0.00000
1875,76.93670,0.03314,Yakından incele · bag,False,False,2.58000,2.96286,-1.23656,1.48000,0.00000,0.00000
1876,76.98343,0.04673,Yakından incele · bag,False,False,2.58000,2.96286,-1.23656,1.48000,0.00000,0.00000
1877,77.00315,0.01972,Yakından incele · bag,False,False,2.58000,2.96286,-1.23656,1.48000,0.00000,0.00000
1878,77.03633,0.03318,Yakından incele · bag,False,False,2.58000,2.96286,-1.23656,1.48000,0.00000,0.00000
1879,77.06975,0.03343,Yakından incele · bag,False,False,2.58000,2.96286,-1.23656,1.48000,0.00000,0.00000
1880,77.10347,0.03372,Yakından incele · bag,False,False,2.58000,2.96286,-1.23656,1.48000,0.00000,0.00000
1881,77.13693,0.03346,Yakından incele · bag,False,False,2.58000,2.96286,-1.23656,1.48000,0.00000,0.00000
1882,77.17045,0.03352,Yakından incele · bag,False,False,2.58000,2.96286,-1.23656,1.48000,0.00000,0.00000
1883,77.20379,0.03334,Yakından incele · bag,False,False,2.58000,2.96286,-1.23656,1.48000,0.00000,0.00000
1884,77.23713,0.03334,Yakından incele · bag,False,False,2.58000,2.96286,-1.23656,1.48000,0.00000,0.00000
1885,77.27016,0.03304,Yakından incele · bag,False,False,2.58000,2.96286,-1.23656,1.48000,0.00000,0.00000
1886,77.30357,0.03341,Yakından incele · bag,False,False,2.58000,2.96286,-1.23656,1.48000,0.00000,0.00000
1887,77.33754,0.03397,Yakından incele · bag,False,False,2.58000,2.96286,-1.23656,1.48000,0.00000,0.00000
1888,77.37072,0.03318,Yakından incele · bag,False,False,2.58000,2.96286,-1.23656,1.48000,0.00000,0.00000
1889,77.40420,0.03349,Yakından incele · bag,False,False,2.58000,2.96286,-1.23656,1.48000,0.00000,0.00000
1890,77.43684,0.03264,Yakından incele · bag,False,False,2.58000,2.96286,-1.23656,1.48000,0.00000,0.00000
1891,77.47010,0.03326,Yakından incele · bag,False,False,2.58000,2.96286,-1.23656,1.48000,0.00000,0.00000
1892,77.50361,0.03351,Yakından incele · bag,False,False,2.58000,2.96286,-1.23656,1.48000,0.00000,0.00000
1893,77.53691,0.03330,Yakından incele · bag,False,False,2.58000,2.96286,-1.23656,1.48000,0.00000,0.00000
1894,77.57133,0.03443,Yakından incele · bag,False,False,2.58000,2.96286,-1.23656,1.48000,0.00000,0.00000
1895,77.60680,0.03547,Yakından incele · bag,False,False,2.58000,2.96286,-1.23656,1.48000,0.00000,0.00000
1896,77.66005,0.05325,Yakından incele · bag,False,False,2.58000,2.96286,-1.23656,1.48000,0.00000,0.00000
1897,77.68542,0.02538,Yakından incele · bag,False,False,2.58000,2.96286,-1.23656,1.48000,0.00000,0.00000
1898,77.72028,0.03486,Yakından incele · bag,False,False,2.58000,2.96286,-1.23656,1.48000,0.00000,0.00000
1899,77.75237,0.03209,Yakından incele · bag,False,False,2.58000,2.96286,-1.23656,1.48000,0.00000,0.00000
1900,77.78464,0.03227,Yakından incele · bag,False,False,2.58000,2.96286,-1.23656,1.48000,0.00000,0.00000
1901,77.81689,0.03225,Yakından incele · bag,False,False,2.58000,2.96286,-1.23656,1.48000,0.00000,0.00000
1902,77.84717,0.03028,Yakından incele · bag,False,False,2.58000,2.96286,-1.23656,1.48000,0.00000,0.00000
1903,77.88068,0.03351,Yakından incele · bag,False,False,2.58000,2.96286,-1.23656,1.48000,0.00000,0.00000
1904,77.91468,0.03400,Yakından incele · bag,False,False,2.58000,2.96286,-1.23656,1.48000,0.00000,0.00000
1905,77.94629,0.03161,Yakından incele · bag,False,False,2.58000,2.96286,-1.23656,1.48000,0.00000,0.00000
1906,77.97987,0.03357,Yakından incele · bag,False,False,2.58000,2.96286,-1.23656,1.48000,0.00000,0.00000
1907,78.01329,0.03343,Yakından incele · bag,False,False,2.58000,2.96286,-1.23656,1.48000,0.00000,0.00000
1908,78.04670,0.03340,Yakından incele · bag,False,False,2.58000,2.96286,-1.23656,1.48000,0.00000,0.00000
1909,78.07972,0.03302,Yakından incele · bag,False,False,2.58000,2.96286,-1.23656,1.48000,0.00000,0.00000
1910,78.11215,0.03243,Yakından incele · bag,False,False,2.58000,2.96286,-1.23656,1.48000,0.00000,0.00000
1911,78.14558,0.03343,Yakından incele · bag,False,False,2.58000,2.96286,-1.23656,1.48000,0.00000,0.00000
1912,78.17980,0.03423,Yakından incele · bag,False,False,2.58000,2.96286,-1.23656,1.48000,0.00000,0.00000
1913,78.21320,0.03340,Yakından incele · bag,False,False,2.58000,2.96286,-1.23656,1.48000,0.00000,0.00000
1914,78.24561,0.03241,Yakından incele · bag,False,False,2.58000,2.96286,-1.23656,1.48000,0.00000,0.00000
1915,78.27871,0.03310,Yakından incele · bag,False,False,2.58000,2.96286,-1.23656,1.48000,0.00000,0.00000
1916,78.32662,0.04791,Yakından incele · bag,False,False,2.58000,2.96286,-1.23656,1.48000,0.00000,0.00000
1917,78.34658,0.01996,Yakından incele · bag,False,False,2.58000,2.96286,-1.23656,1.48000,0.00000,0.00000
1918,78.37993,0.03334,Yakından incele · bag,False,False,2.58000,2.96286,-1.23656,1.48000,0.00000,0.00000
1919,78.41305,0.03312,Yakından incele · bag,False,False,2.58000,2.96286,-1.23656,1.48000,0.00000,0.00000
1920,78.44674,0.03370,Yakından incele · bag,False,False,2.58000,2.96286,-1.23656,1.48000,0.00000,0.00000
1921,78.48103,0.03428,Yakından incele · bag,False,False,2.58000,2.96286,-1.23656,1.48000,0.00000,0.00000
1922,78.51496,0.03393,Yakından incele · bag,False,False,2.58000,2.96286,-1.23656,1.48000,0.00000,0.00000
1923,78.54701,0.03205,Yakından incele · bag,False,False,2.58000,2.96286,-1.23656,1.48000,0.00000,0.00000
1924,78.57957,0.03257,Yakından incele · bag,False,False,2.58000,2.96286,-1.23656,1.48000,0.00000,0.00000
1925,78.61173,0.03216,Yakından incele · bag,False,False,2.58000,2.96286,-1.23656,1.48000,0.00000,0.00000
1926,78.64503,0.03330,Yakından incele · bag,False,False,2.58000,2.96286,-1.23656,1.48000,0.00000,0.00000
1927,78.67956,0.03452,Yakından incele · bag,False,False,2.58000,2.96286,-1.23656,1.48000,0.00000,0.00000
1928,78.71394,0.03438,Yakından incele · bag,False,False,2.58000,2.96286,-1.23656,1.48000,0.00000,0.00000
1929,78.74733,0.03339,Yakından incele · bag,False,False,2.58000,2.96286,-1.23656,1.48000,0.00000,0.00000
1930,78.78003,0.03270,Yakından incele · bag,False,False,2.58000,2.96286,-1.23656,1.48000,0.00000,0.00000
1931,78.81422,0.03420,Yakından incele · bag,False,False,2.58000,2.96286,-1.23656,1.48000,0.00000,0.00000
1932,78.84877,0.03454,Yakından incele · bag,False,False,2.58000,2.96286,-1.23656,1.48000,0.00000,0.00000
1933,78.88121,0.03244,Yakından incele · bag,False,False,2.58000,2.96286,-1.23656,1.48000,0.00000,0.00000
1934,78.91650,0.03529,Yakından incele · bag,False,False,2.58000,2.96286,-1.23656,1.48000,0.00000,0.00000
1935,78.94905,0.03255,Yakından incele · bag,False,False,2.58000,2.96286,-1.23656,1.48000,0.00000,0.00000
1936,78.99413,0.04508,Yakından incele · bag,False,False,2.58000,2.96286,-1.23656,1.48000,0.00000,0.00000
1937,79.01626,0.02213,Yakından incele · bag,False,False,2.58000,2.96286,-1.23656,1.48000,0.00000,0.00000
1938,79.04889,0.03263,Yakından incele · bag,False,False,2.58000,2.96286,-1.23656,1.48000,0.00000,0.00000
1939,79.07966,0.03078,Yakından incele · bag,False,False,2.58000,2.96286,-1.23656,1.48000,0.00000,0.00000
1940,79.11411,0.03444,Yakından incele · bag,False,False,2.58000,2.96286,-1.23656,1.48000,0.00000,0.00000
1941,79.14636,0.03225,Yakından incele · bag,False,False,2.58000,2.96286,-1.23656,1.48000,0.00000,0.00000
1942,79.17956,0.03320,Yakından incele · bag,False,False,2.58000,2.96286,-1.23656,1.48000,0.00000,0.00000
1943,79.21273,0.03317,Yakından incele · bag,False,False,2.58000,2.96286,-1.23656,1.48000,0.00000,0.00000
1944,79.24621,0.03348,Yakından incele · bag,False,False,2.58000,2.96286,-1.23656,1.48000,0.00000,0.00000
1945,79.27943,0.03323,Yakından incele · bag,False,False,2.58000,2.96286,-1.23656,1.48000,0.00000,0.00000
1946,79.31289,0.03346,Yakından incele · bag,False,False,2.58000,2.96286,-1.23656,1.48000,0.00000,0.00000
1947,79.34687,0.03398,Yakından incele · bag,False,False,2.58000,2.96286,-1.23656,1.48000,0.00000,0.00000
1948,79.38070,0.03383,Yakından incele · bag,False,False,2.58000,2.96286,-1.23656,1.48000,0.00000,0.00000
1949,79.41494,0.03424,Yakından incele · bag,False,False,2.58000,2.96286,-1.23656,1.48000,0.00000,0.00000
1950,79.44775,0.03281,Yakından incele · bag,False,False,2.58000,2.96286,-1.23656,1.48000,0.00000,0.00000
1951,79.47965,0.03190,Yakından incele · bag,False,False,2.58000,2.96286,-1.23656,1.48000,0.00000,0.00000
1952,79.51231,0.03266,Yakından incele · bag,False,False,2.58000,2.96286,-1.23656,1.48000,0.00000,0.00000
1953,79.54572,0.03340,Yakından incele · bag,False,False,2.58000,2.96286,-1.23656,1.48000,0.00000,0.00000
1954,79.57936,0.03364,Yakından incele · bag,False,False,2.58000,2.96286,-1.23656,1.48000,0.00000,0.00000
1955,79.61296,0.03360,Yakından incele · bag,False,False,2.58000,2.96286,-1.23656,1.48000,0.00000,0.00000
1956,79.65966,0.04670,Yakından incele · bag,False,False,2.58000,2.96286,-1.23656,1.48000,0.00000,0.00000
1957,79.67931,0.01965,Yakından incele · bag,False,False,2.58000,2.96286,-1.23656,1.48000,0.00000,0.00000
1958,79.71292,0.03361,Yakından incele · bag,False,False,2.58000,2.96286,-1.23656,1.48000,0.00000,0.00000
1959,79.74611,0.03319,Yakından incele · bag,False,False,2.58000,2.96286,-1.23656,1.48000,0.00000,0.00000
1960,79.77941,0.03330,Yakından incele · bag,False,False,2.58000,2.96286,-1.23656,1.48000,0.00000,0.00000
1961,79.81265,0.03324,Yakından incele · bag,False,False,2.58000,2.96286,-1.23656,1.48000,0.00000,0.00000
1962,79.84613,0.03348,Yakından incele · bag,False,False,2.58000,2.96286,-1.23656,1.48000,0.00000,0.00000
1963,79.87978,0.03365,Yakından incele · bag,False,False,2.58000,2.96286,-1.23656,1.48000,0.00000,0.00000
1964,79.91313,0.03334,Yakından incele · bag,False,False,2.58000,2.96286,-1.23656,1.48000,0.00000,0.00000
1965,79.94674,0.03361,Yakından incele · bag,False,False,2.58000,2.96286,-1.23656,1.48000,0.00000,0.00000
1966,79.98058,0.03385,Yakından incele · bag,False,False,2.58000,2.96286,-1.23656,1.48000,0.00000,0.00000
1967,80.01391,0.03333,Yakından incele · bag,False,False,2.58000,2.96286,-1.23656,1.48000,0.00000,0.00000
1968,80.04681,0.03290,Yakından incele · bag,False,False,2.58000,2.96286,-1.23656,1.48000,0.00000,0.00000
1969,80.08044,0.03363,Yakından incele · bag,False,False,2.58000,2.96286,-1.23656,1.48000,0.00000,0.00000
1970,80.11502,0.03458,Yakından incele · bag,False,False,2.58000,2.96286,-1.23656,1.48000,0.00000,0.00000
1971,80.14763,0.03261,Yakından incele · bag,False,False,2.58000,2.96286,-1.23656,1.48000,0.00000,0.00000
1972,80.18036,0.03273,Yakından incele · bag,False,False,2.58000,2.96286,-1.23656,1.48000,0.00000,0.00000
1973,80.21416,0.03380,Yakından incele · bag,False,False,2.58000,2.96286,-1.23656,1.48000,0.00000,0.00000
1974,80.24908,0.03492,Yakından incele · bag,False,False,2.58000,2.96286,-1.23656,1.48000,0.00000,0.00000
1975,80.28352,0.03445,Yakından incele · bag,False,False,2.58000,2.96286,-1.23656,1.48000,0.00000,0.00000
1976,80.32923,0.04571,Yakından incele · bag,False,False,2.58000,2.96286,-1.23656,1.48000,0.00000,0.00000
1977,80.34744,0.01821,Yakından incele · bag,False,False,2.58000,2.96286,-1.23656,1.48000,0.00000,0.00000
1978,80.38048,0.03304,Yakından incele · bag,False,False,2.58000,2.96286,-1.23656,1.48000,0.00000,0.00000
1979,80.41383,0.03335,Yakından incele · bag,False,False,2.58000,2.96286,-1.23656,1.48000,0.00000,0.00000
1980,80.44704,0.03321,Yakından incele · bag,False,False,2.58000,2.96286,-1.23656,1.48000,0.00000,0.00000
1981,80.47930,0.03226,Yakından incele · bag,False,False,2.58000,2.96286,-1.23656,1.48000,0.00000,0.00000
1982,80.51282,0.03352,Yakından incele · bag,False,False,2.58000,2.96286,-1.23656,1.48000,0.00000,0.00000
1983,80.54603,0.03320,Yakından incele · bag,False,False,2.58000,2.96286,-1.23656,1.48000,0.00000,0.00000
1984,80.57942,0.03339,Yakından incele · bag,False,False,2.58000,2.96286,-1.23656,1.48000,0.00000,0.00000
1985,80.61354,0.03412,Yakından incele · bag,False,False,2.58000,2.96286,-1.23656,1.48000,0.00000,0.00000
1986,80.64663,0.03309,Yakından incele · bag,False,False,2.58000,2.96286,-1.23656,1.48000,0.00000,0.00000
1987,80.67969,0.03305,Yakından incele · bag,False,False,2.58000,2.96286,-1.23656,1.48000,0.00000,0.00000
1988,80.71311,0.03343,Yakından incele · bag,False,False,2.58000,2.96286,-1.23656,1.48000,0.00000,0.00000
1989,80.74699,0.03388,Yakından incele · bag,False,False,2.58000,2.96286,-1.23656,1.48000,0.00000,0.00000
1990,80.78044,0.03345,Yakından incele · bag,False,False,2.58000,2.96286,-1.23656,1.48000,0.00000,0.00000
1991,80.81336,0.03292,Yakından incele · bag,False,False,2.58000,2.96286,-1.23656,1.48000,0.00000,0.00000
1992,80.84674,0.03337,Yakından incele · bag,False,False,2.58000,2.96286,-1.23656,1.48000,0.00000,0.00000
1993,80.87999,0.03326,Yakından incele · bag,False,False,2.58000,2.96286,-1.23656,1.48000,0.00000,0.00000
1994,80.91365,0.03366,Yakından incele · bag,False,False,2.58000,2.96286,-1.23656,1.48000,0.00000,0.00000
1995,80.94692,0.03327,Yakından incele · bag,False,False,2.58000,2.96286,-1.23656,1.48000,0.00000,0.00000
1996,81.00025,0.05333,Yakından incele · bag,False,False,2.58000,2.96286,-1.23656,1.48000,0.00000,0.00000
1997,81.02104,0.02079,Yakından incele · bag,False,False,2.58000,2.96286,-1.23656,1.48000,0.00000,0.00000
1998,81.05393,0.03289,Yakından incele · bag,False,False,2.58000,2.96286,-1.23656,1.48000,0.00000,0.00000
1999,81.08751,0.03358,Yakından incele · bag,False,False,2.58000,2.96286,-1.23656,1.48000,0.00000,0.00000
2000,81.12148,0.03397,Yakından incele · bag,False,False,2.58000,2.96286,-1.23656,1.48000,0.00000,0.00000
2001,81.15492,0.03345,Yakından incele · bag,False,False,2.58000,2.96286,-1.23656,1.48000,0.00000,0.00000
2002,81.18766,0.03274,Yakından incele · bag,False,False,2.58000,2.96286,-1.23656,1.48000,0.00000,0.00000
2003,81.22121,0.03354,Yakından incele · bag,False,False,2.58000,2.96286,-1.23656,1.48000,0.00000,0.00000
2004,81.25454,0.03333,Yakından incele · bag,False,False,2.58000,2.96286,-1.23656,1.48000,0.00000,0.00000
2005,81.28748,0.03295,Yakından incele · bag,False,False,2.58000,2.96286,-1.23656,1.48000,0.00000,0.00000
2006,81.32103,0.03355,Yakından incele · bag,False,False,2.58000,2.96286,-1.23656,1.48000,0.00000,0.00000
2007,81.35514,0.03411,Yakından incele · bag,False,False,2.58000,2.96286,-1.23656,1.48000,0.00000,0.00000
2008,81.38871,0.03357,Yakından incele · bag,False,False,2.58000,2.96286,-1.23656,1.48000,0.00000,0.00000
2009,81.42316,0.03445,Yakından incele · bag,False,False,2.58000,2.96286,-1.23656,1.48000,0.00000,0.00000
2010,81.45648,0.03332,Yakından incele · bag,False,False,2.58000,2.96286,-1.23656,1.48000,0.00000,0.00000
2011,81.48934,0.03286,Yakından incele · bag,False,False,2.58000,2.96286,-1.23656,1.48000,0.00000,0.00000
2012,81.52277,0.03343,Yakından incele · bag,False,False,2.58000,2.96286,-1.23656,1.48000,0.00000,0.00000
2013,81.55763,0.03486,Yakından incele · bag,False,False,2.58000,2.96286,-1.23656,1.48000,0.00000,0.00000
2014,81.59153,0.03390,Yakından incele · bag,False,False,2.58000,2.96286,-1.23656,1.48000,0.00000,0.00000
2015,81.62266,0.03114,Yakından incele · bag,False,False,2.58000,2.96286,-1.23656,1.48000,0.00000,0.00000
2016,81.67528,0.05262,Yakından incele · bag,False,False,2.58000,2.96286,-1.23656,1.48000,0.00000,0.00000
2017,81.69226,0.01698,Yakından incele · bag,False,False,2.58000,2.96286,-1.23656,1.48000,0.00000,0.00000
2018,81.72426,0.03199,Yakından incele · bag,False,False,2.58000,2.96286,-1.23656,1.48000,0.00000,0.00000
2019,81.75831,0.03406,Yakından incele · bag,False,False,2.58000,2.96286,-1.23656,1.48000,0.00000,0.00000
2020,81.79118,0.03287,Yakından incele · bag,False,False,2.58000,2.96286,-1.23656,1.48000,0.00000,0.00000
2021,81.82153,0.03035,Yakından incele · bag,False,False,2.58000,2.96286,-1.23656,1.48000,0.00000,0.00000
2022,81.85443,0.03290,Yakından incele · bag,False,False,2.58000,2.96286,-1.23656,1.48000,0.00000,0.00000
2023,81.88814,0.03371,Yakından incele · bag,False,False,2.58000,2.96286,-1.23656,1.48000,0.00000,0.00000
2024,81.92049,0.03234,Yakından incele · bag,False,False,2.58000,2.96286,-1.23656,1.48000,0.00000,0.00000
2025,81.95354,0.03305,Yakından incele · bag,False,False,2.58000,2.96286,-1.23656,1.48000,0.00000,0.00000
2026,81.98726,0.03372,Yakından incele · bag,False,False,2.58000,2.96286,-1.23656,1.48000,0.00000,0.00000
2027,82.02093,0.03367,Yakından incele · bag,False,False,2.58000,2.96286,-1.23656,1.48000,0.00000,0.00000
2028,82.05503,0.03409,Yakından incele · bag,False,False,2.58000,2.96286,-1.23656,1.48000,0.00000,0.00000
2029,82.08833,0.03331,Yakından incele · bag,False,False,2.58000,2.96286,-1.23656,1.48000,0.00000,0.00000
2030,82.12120,0.03287,Yakından incele · bag,False,False,2.58000,2.96286,-1.23656,1.48000,0.00000,0.00000
2031,82.15500,0.03381,Yakından incele · bag,False,False,2.58000,2.96286,-1.23656,1.48000,0.00000,0.00000
2032,82.18773,0.03273,Yakından incele · bag,False,False,2.58000,2.96286,-1.23656,1.48000,0.00000,0.00000
2033,82.22021,0.03248,Yakından incele · bag,False,False,2.58000,2.96286,-1.23656,1.48000,0.00000,0.00000
2034,82.25373,0.03353,Yakından incele · bag,False,False,2.58000,2.96286,-1.23656,1.48000,0.00000,0.00000
2035,82.28753,0.03379,Yakından incele · bag,False,False,2.58000,2.96286,-1.23656,1.48000,0.00000,0.00000
2036,82.32130,0.03377,Yakından incele · bag,False,False,2.58000,2.96286,-1.23656,1.48000,0.00000,0.00000
2037,82.40593,0.08463,Yakından incele · bagfit,True,False,2.58000,2.95026,-1.23863,1.46648,0.01277,0.00000
2038,82.41383,0.00790,Yakından incele · bagfit,True,False,2.58000,2.94760,-1.23907,1.46363,0.00269,0.00000
2039,82.43032,0.01649,Yakından incele · bagfit,True,False,2.58000,2.94175,-1.24003,1.45736,0.00593,0.00000
2040,82.45438,0.02406,Yakından incele · bagfit,True,False,2.58000,2.93272,-1.24152,1.44767,0.00915,0.00000
2041,82.48879,0.03441,Yakından incele · bagfit,True,False,2.58000,2.91587,-1.24429,1.42959,0.01708,0.00000
2042,82.52116,0.03237,Yakından incele · bagfit,True,False,2.58000,2.89729,-1.24735,1.40965,0.01883,0.00000
2043,82.55444,0.03328,Yakından incele · bagfit,True,False,2.58000,2.87596,-1.25086,1.38678,0.02161,0.00000
2044,82.58774,0.03331,Yakından incele · bagfit,True,False,2.58000,2.85187,-1.25483,1.36093,0.02442,0.00000
2045,82.62055,0.03281,Yakından incele · bagfit,True,False,2.58000,2.82644,-1.25901,1.33365,0.02577,0.00000
2046,82.65390,0.03335,Yakından incele · bagfit,True,False,2.58000,2.79877,-1.26356,1.30397,0.02804,0.00000
2047,82.68739,0.03349,Yakından incele · bagfit,True,False,2.58000,2.76952,-1.26838,1.27259,0.02965,0.00000
2048,82.72107,0.03368,Yakından incele · bagfit,True,False,2.58000,2.73918,-1.27337,1.24004,0.03074,0.00000
2049,82.75485,0.03378,Yakından incele · bagfit,True,False,2.58000,2.70725,-1.27863,1.20579,0.03236,0.00000
2050,82.78757,0.03272,Yakından incele · bagfit,True,False,2.58000,2.67492,-1.28395,1.17111,0.03276,0.00000
2051,82.82303,0.03546,Yakından incele · bagfit,True,False,2.58000,2.64327,-1.28916,1.13715,0.03208,0.00000
2052,82.85706,0.03403,Yakından incele · bagfit,True,False,2.58000,2.60740,-1.29506,1.09868,0.03635,0.00000
2053,82.88873,0.03167,Yakından incele · bagfit,True,False,2.58000,2.57698,-1.30007,1.06604,0.03084,0.00000
2054,82.92398,0.03525,Yakından incele · bagfit,True,False,2.58000,2.54372,-1.30554,1.03036,0.03371,0.00000
2055,82.95591,0.03193,Yakından incele · bagfit,True,False,2.58000,2.51087,-1.31095,0.99512,0.03329,0.00000
2056,82.99003,0.03412,Yakından incele · bagfit,True,False,2.58000,2.48231,-1.31565,0.96448,0.02894,0.00000
2057,83.02815,0.03812,Yakından incele · bagfit,True,False,2.58000,2.44938,-1.32107,0.92915,0.03338,0.00000
2058,83.06041,0.03226,Yakından incele · bagfit,True,False,2.58000,2.41986,-1.32593,0.89749,0.02992,0.00000
2059,83.09315,0.03273,Yakından incele · bagfit,True,False,2.58000,2.39504,-1.33001,0.87087,0.02515,0.00000
2060,83.12509,0.03195,Yakından incele · bagfit,True,False,2.58000,2.36922,-1.33426,0.84316,0.02617,0.00000
2061,83.15543,0.03034,Yakından incele · bagfit,True,False,2.58000,2.34874,-1.33763,0.82119,0.02075,0.00000
2062,83.18787,0.03244,Yakından incele · bagfit,True,False,2.58000,2.32864,-1.34094,0.79963,0.02037,0.00000
2063,83.22118,0.03331,Yakından incele · bagfit,True,False,2.58000,2.31146,-1.34377,0.78120,0.01740,0.00000
2064,83.25455,0.03337,Yakından incele · bagfit,True,False,2.58000,2.29662,-1.34621,0.76528,0.01505,0.00000
2065,83.28714,0.03259,Yakından incele · bagfit,True,False,2.58000,2.28549,-1.34804,0.75335,0.01127,0.00000
2066,83.32035,0.03320,Yakından incele · bagfit,True,False,2.58000,2.27770,-1.34932,0.74499,0.00789,0.00000
2067,83.35360,0.03325,Yakından incele · bagfit,True,False,2.58000,2.27359,-1.35000,0.74058,0.00417,0.00000
2068,83.38684,0.03324,Yakından incele · bagfit,False,False,2.58000,2.27305,-1.35009,0.74000,0.00055,0.00000
2069,83.42437,0.03753,Yakından incele · bagfit,False,False,2.58000,2.27305,-1.35009,0.74000,0.00000,0.00000
2070,83.45741,0.03304,Yakından incele · bagfit,False,False,2.58000,2.27305,-1.35009,0.74000,0.00000,0.00000
2071,83.50503,0.04762,Yakından incele · bagfit,False,False,2.58000,2.27305,-1.35009,0.74000,0.00000,0.00000
2072,83.52000,0.01497,Yakından incele · bagfit,False,False,2.58000,2.27305,-1.35009,0.74000,0.00000,0.00000
2073,83.55351,0.03351,Yakından incele · bagfit,False,False,2.58000,2.27305,-1.35009,0.74000,0.00000,0.00000
2074,83.58718,0.03367,Yakından incele · bagfit,False,False,2.58000,2.27305,-1.35009,0.74000,0.00000,0.00000
2075,83.62119,0.03401,Yakından incele · bagfit,False,False,2.58000,2.27305,-1.35009,0.74000,0.00000,0.00000
2076,83.65487,0.03369,Yakından incele · bagfit,False,False,2.58000,2.27305,-1.35009,0.74000,0.00000,0.00000
2077,83.69964,0.04476,Yakından incele · bagfit,False,False,2.58000,2.27305,-1.35009,0.74000,0.00000,0.00000
2078,83.72125,0.02162,Yakından incele · bagfit,False,False,2.58000,2.27305,-1.35009,0.74000,0.00000,0.00000
2079,83.75465,0.03339,Yakından incele · bagfit,False,False,2.58000,2.27305,-1.35009,0.74000,0.00000,0.00000
2080,83.78922,0.03457,Yakından incele · bagfit,False,False,2.58000,2.27305,-1.35009,0.74000,0.00000,0.00000
2081,83.82227,0.03305,Yakından incele · bagfit,False,False,2.58000,2.27305,-1.35009,0.74000,0.00000,0.00000
2082,83.85987,0.03760,Yakından incele · bagfit,False,False,2.58000,2.27305,-1.35009,0.74000,0.00000,0.00000
2083,83.89143,0.03156,Yakından incele · bagfit,False,False,2.58000,2.27305,-1.35009,0.74000,0.00000,0.00000
2084,83.92225,0.03082,Yakından incele · bagfit,False,False,2.58000,2.27305,-1.35009,0.74000,0.00000,0.00000
2085,83.95513,0.03289,Yakından incele · bagfit,False,False,2.58000,2.27305,-1.35009,0.74000,0.00000,0.00000
2086,83.98814,0.03301,Yakından incele · bagfit,False,False,2.58000,2.27305,-1.35009,0.74000,0.00000,0.00000
2087,84.02136,0.03322,Yakından incele · bagfit,False,False,2.58000,2.27305,-1.35009,0.74000,0.00000,0.00000
2088,84.06592,0.04456,Yakından incele · bagfit,False,False,2.58000,2.27305,-1.35009,0.74000,0.00000,0.00000
2089,84.09003,0.02411,Yakından incele · bagfit,False,False,2.58000,2.27305,-1.35009,0.74000,0.00000,0.00000
2090,84.12244,0.03241,Yakından incele · bagfit,False,False,2.58000,2.27305,-1.35009,0.74000,0.00000,0.00000
2091,84.15423,0.03180,Yakından incele · bagfit,False,False,2.58000,2.27305,-1.35009,0.74000,0.00000,0.00000
2092,84.18852,0.03429,Yakından incele · bagfit,False,False,2.58000,2.27305,-1.35009,0.74000,0.00000,0.00000
2093,84.22122,0.03270,Yakından incele · bagfit,False,False,2.58000,2.27305,-1.35009,0.74000,0.00000,0.00000
2094,84.25459,0.03337,Yakından incele · bagfit,False,False,2.58000,2.27305,-1.35009,0.74000,0.00000,0.00000
2095,84.29982,0.04523,Yakından incele · bagfit,False,False,2.58000,2.27305,-1.35009,0.74000,0.00000,0.00000
2096,84.33080,0.03098,Yakından incele · bagfit,False,False,2.58000,2.27305,-1.35009,0.74000,0.00000,0.00000
2097,84.36340,0.03259,Yakından incele · bagfit,False,False,2.58000,2.27305,-1.35009,0.74000,0.00000,0.00000
2098,84.39661,0.03322,Yakından incele · bagfit,False,False,2.58000,2.27305,-1.35009,0.74000,0.00000,0.00000
2099,84.42970,0.03309,Yakından incele · bagfit,False,False,2.58000,2.27305,-1.35009,0.74000,0.00000,0.00000
2100,84.46385,0.03415,Yakından incele · bagfit,False,False,2.58000,2.27305,-1.35009,0.74000,0.00000,0.00000
2101,84.49813,0.03428,Yakından incele · bagfit,False,False,2.58000,2.27305,-1.35009,0.74000,0.00000,0.00000
2102,84.54135,0.04322,Yakından incele · bagfit,False,False,2.58000,2.27305,-1.35009,0.74000,0.00000,0.00000
2103,84.56351,0.02217,Yakından incele · bagfit,False,False,2.58000,2.27305,-1.35009,0.74000,0.00000,0.00000
2104,84.59646,0.03295,Yakından incele · bagfit,False,False,2.58000,2.27305,-1.35009,0.74000,0.00000,0.00000
2105,84.62950,0.03304,Yakından incele · bagfit,False,False,2.58000,2.27305,-1.35009,0.74000,0.00000,0.00000
2106,84.66525,0.03575,Yakından incele · bagfit,False,False,2.58000,2.27305,-1.35009,0.74000,0.00000,0.00000
2107,84.70006,0.03481,Yakından incele · bagfit,False,False,2.58000,2.27305,-1.35009,0.74000,0.00000,0.00000
2108,84.73377,0.03371,Yakından incele · bagfit,False,False,2.58000,2.27305,-1.35009,0.74000,0.00000,0.00000
2109,84.76921,0.03544,Yakından incele · bagfit,False,False,2.58000,2.27305,-1.35009,0.74000,0.00000,0.00000
2110,84.80522,0.03601,Yakından incele · bagfit,False,False,2.58000,2.27305,-1.35009,0.74000,0.00000,0.00000
2111,84.83160,0.02638,Yakından incele · bagfit,False,False,2.58000,2.27305,-1.35009,0.74000,0.00000,0.00000
2112,84.86341,0.03181,Yakından incele · bagfit,False,False,2.58000,2.27305,-1.35009,0.74000,0.00000,0.00000
2113,84.89899,0.03558,Yakından incele · bagfit,False,False,2.58000,2.27305,-1.35009,0.74000,0.00000,0.00000
2114,84.93132,0.03233,Yakından incele · bagfit,False,False,2.58000,2.27305,-1.35009,0.74000,0.00000,0.00000
2115,84.97386,0.04254,Yakından incele · bagfit,False,False,2.58000,2.27305,-1.35009,0.74000,0.00000,0.00000
2116,84.99556,0.02171,Yakından incele · bagfit,False,False,2.58000,2.27305,-1.35009,0.74000,0.00000,0.00000
2117,85.02942,0.03386,Yakından incele · bagfit,False,False,2.58000,2.27305,-1.35009,0.74000,0.00000,0.00000
2118,85.06248,0.03306,Yakından incele · bagfit,False,False,2.58000,2.27305,-1.35009,0.74000,0.00000,0.00000
2119,85.09576,0.03327,Yakından incele · bagfit,False,False,2.58000,2.27305,-1.35009,0.74000,0.00000,0.00000
2120,85.12980,0.03405,Yakından incele · bagfit,False,False,2.58000,2.27305,-1.35009,0.74000,0.00000,0.00000
2121,85.16577,0.03596,Yakından incele · bagfit,False,False,2.58000,2.27305,-1.35009,0.74000,0.00000,0.00000
2122,85.19629,0.03052,Yakından incele · bagfit,False,False,2.58000,2.27305,-1.35009,0.74000,0.00000,0.00000
2123,85.22872,0.03242,Yakından incele · bagfit,False,False,2.58000,2.27305,-1.35009,0.74000,0.00000,0.00000
2124,85.26278,0.03406,Yakından incele · bagfit,False,False,2.58000,2.27305,-1.35009,0.74000,0.00000,0.00000
2125,85.29696,0.03418,Yakından incele · bagfit,False,False,2.58000,2.27305,-1.35009,0.74000,0.00000,0.00000
2126,85.33063,0.03367,Yakından incele · bagfit,False,False,2.58000,2.27305,-1.35009,0.74000,0.00000,0.00000
2127,85.37435,0.04372,Yakından incele · bagfit,False,False,2.58000,2.27305,-1.35009,0.74000,0.00000,0.00000
2128,85.39737,0.02302,Yakından incele · bagfit,False,False,2.58000,2.27305,-1.35009,0.74000,0.00000,0.00000
2129,85.43091,0.03354,Yakından incele · bagfit,False,False,2.58000,2.27305,-1.35009,0.74000,0.00000,0.00000
2130,85.46282,0.03191,Yakından incele · bagfit,False,False,2.58000,2.27305,-1.35009,0.74000,0.00000,0.00000
2131,85.49619,0.03337,Yakından incele · bagfit,False,False,2.58000,2.27305,-1.35009,0.74000,0.00000,0.00000
2132,85.53030,0.03411,Yakından incele · bagfit,False,False,2.58000,2.27305,-1.35009,0.74000,0.00000,0.00000
2133,85.56308,0.03278,Yakından incele · bagfit,False,False,2.58000,2.27305,-1.35009,0.74000,0.00000,0.00000
2134,85.59922,0.03614,Yakından incele · bagfit,False,False,2.58000,2.27305,-1.35009,0.74000,0.00000,0.00000
2135,85.62894,0.02972,Yakından incele · bagfit,False,False,2.58000,2.27305,-1.35009,0.74000,0.00000,0.00000
2136,85.66297,0.03403,Yakından incele · bagfit,False,False,2.58000,2.27305,-1.35009,0.74000,0.00000,0.00000
2137,85.69704,0.03407,Yakından incele · bagfit,False,False,2.58000,2.27305,-1.35009,0.74000,0.00000,0.00000
2138,85.72969,0.03265,Yakından incele · bagfit,False,False,2.58000,2.27305,-1.35009,0.74000,0.00000,0.00000
2139,85.76363,0.03395,Yakından incele · bagfit,False,False,2.58000,2.27305,-1.35009,0.74000,0.00000,0.00000
2140,85.79718,0.03354,Yakından incele · bagfit,False,False,2.58000,2.27305,-1.35009,0.74000,0.00000,0.00000
2141,85.82925,0.03207,Yakından incele · bagfit,False,False,2.58000,2.27305,-1.35009,0.74000,0.00000,0.00000
2142,85.89338,0.06413,Yakından incele · bagfit,False,False,2.58000,2.27305,-1.35009,0.74000,0.00000,0.00000
2143,85.90139,0.00801,Yakından incele · bagfit,False,False,2.58000,2.27305,-1.35009,0.74000,0.00000,0.00000
2144,85.92916,0.02777,Yakından incele · bagfit,False,False,2.58000,2.27305,-1.35009,0.74000,0.00000,0.00000
2145,85.96332,0.03416,Yakından incele · bagfit,False,False,2.58000,2.27305,-1.35009,0.74000,0.00000,0.00000
2146,85.99758,0.03425,Yakından incele · bagfit,False,False,2.58000,2.27305,-1.35009,0.74000,0.00000,0.00000
2147,86.02993,0.03236,Yakından incele · bagfit,False,False,2.58000,2.27305,-1.35009,0.74000,0.00000,0.00000
2148,86.06497,0.03504,Yakından incele · bagfit,False,False,2.58000,2.27305,-1.35009,0.74000,0.00000,0.00000
2149,86.09606,0.03108,Yakından incele · bagfit,False,False,2.58000,2.27305,-1.35009,0.74000,0.00000,0.00000
2150,86.12933,0.03327,Yakından incele · bagfit,False,False,2.58000,2.27305,-1.35009,0.74000,0.00000,0.00000
2151,86.16360,0.03428,Yakından incele · bagfit,False,False,2.58000,2.27305,-1.35009,0.74000,0.00000,0.00000
2152,86.19638,0.03278,Yakından incele · bagfit,False,False,2.58000,2.27305,-1.35009,0.74000,0.00000,0.00000
2153,86.22956,0.03318,Yakından incele · bagfit,False,False,2.58000,2.27305,-1.35009,0.74000,0.00000,0.00000
2154,86.26314,0.03358,Yakından incele · bagfit,False,False,2.58000,2.27305,-1.35009,0.74000,0.00000,0.00000
2155,86.29553,0.03238,Yakından incele · bagfit,False,False,2.58000,2.27305,-1.35009,0.74000,0.00000,0.00000
2156,86.33002,0.03449,Yakından incele · bagfit,False,False,2.58000,2.27305,-1.35009,0.74000,0.00000,0.00000
2157,86.36413,0.03411,Yakından incele · bagfit,False,False,2.58000,2.27305,-1.35009,0.74000,0.00000,0.00000
2158,86.39731,0.03317,Yakından incele · bagfit,False,False,2.58000,2.27305,-1.35009,0.74000,0.00000,0.00000
2159,86.43131,0.03400,Yakından incele · bagfit,False,False,2.58000,2.27305,-1.35009,0.74000,0.00000,0.00000
2160,86.46395,0.03265,Yakından incele · bagfit,False,False,2.58000,2.27305,-1.35009,0.74000,0.00000,0.00000
2161,86.49677,0.03282,Yakından incele · bagfit,False,False,2.58000,2.27305,-1.35009,0.74000,0.00000,0.00000
2162,86.53062,0.03385,Yakından incele · bagfit,False,False,2.58000,2.27305,-1.35009,0.74000,0.00000,0.00000
2163,86.56367,0.03305,Yakından incele · bagfit,False,False,2.58000,2.27305,-1.35009,0.74000,0.00000,0.00000
2164,86.59717,0.03350,Yakından incele · bagfit,False,False,2.58000,2.27305,-1.35009,0.74000,0.00000,0.00000
2165,86.63034,0.03316,Yakından incele · bagfit,False,False,2.58000,2.27305,-1.35009,0.74000,0.00000,0.00000
2166,86.66293,0.03260,Yakından incele · bagfit,False,False,2.58000,2.27305,-1.35009,0.74000,0.00000,0.00000
2167,86.69616,0.03323,Yakından incele · bagfit,False,False,2.58000,2.27305,-1.35009,0.74000,0.00000,0.00000
2168,86.74233,0.04616,Yakından incele · bagfit,False,False,2.58000,2.27305,-1.35009,0.74000,0.00000,0.00000
2169,86.76304,0.02071,Yakından incele · bagfit,False,False,2.58000,2.27305,-1.35009,0.74000,0.00000,0.00000
2170,86.79689,0.03385,Yakından incele · bagfit,False,False,2.58000,2.27305,-1.35009,0.74000,0.00000,0.00000
2171,86.83008,0.03319,Yakından incele · bagfit,False,False,2.58000,2.27305,-1.35009,0.74000,0.00000,0.00000
2172,86.86365,0.03357,Yakından incele · bagfit,False,False,2.58000,2.27305,-1.35009,0.74000,0.00000,0.00000
2173,86.89695,0.03330,Yakından incele · bagfit,False,False,2.58000,2.27305,-1.35009,0.74000,0.00000,0.00000
2174,86.93082,0.03387,Yakından incele · bagfit,False,False,2.58000,2.27305,-1.35009,0.74000,0.00000,0.00000
2175,86.96275,0.03192,Yakından incele · bagfit,False,False,2.58000,2.27305,-1.35009,0.74000,0.00000,0.00000
2176,86.99587,0.03312,Yakından incele · bagfit,False,False,2.58000,2.27305,-1.35009,0.74000,0.00000,0.00000
2177,87.02995,0.03409,Yakından incele · bagfit,False,False,2.58000,2.27305,-1.35009,0.74000,0.00000,0.00000
2178,87.06274,0.03279,Yakından incele · bagfit,False,False,2.58000,2.27305,-1.35009,0.74000,0.00000,0.00000
2179,87.09629,0.03355,Yakından incele · bagfit,False,False,2.58000,2.27305,-1.35009,0.74000,0.00000,0.00000
2180,87.13014,0.03385,Yakından incele · bagfit,False,False,2.58000,2.27305,-1.35009,0.74000,0.00000,0.00000
2181,87.16238,0.03224,Yakından incele · bagfit,False,False,2.58000,2.27305,-1.35009,0.74000,0.00000,0.00000
2182,87.19593,0.03355,Yakından incele · bagfit,False,False,2.58000,2.27305,-1.35009,0.74000,0.00000,0.00000
2183,87.23119,0.03527,Yakından incele · bagfit,False,False,2.58000,2.27305,-1.35009,0.74000,0.00000,0.00000
2184,87.26516,0.03397,Yakından incele · bagfit,False,False,2.58000,2.27305,-1.35009,0.74000,0.00000,0.00000
2185,87.29647,0.03131,Yakından incele · bagfit,False,False,2.58000,2.27305,-1.35009,0.74000,0.00000,0.00000
2186,87.33258,0.03610,Yakından incele · bagfit,False,False,2.58000,2.27305,-1.35009,0.74000,0.00000,0.00000
2187,87.36639,0.03381,Yakından incele · bagfit,False,False,2.58000,2.27305,-1.35009,0.74000,0.00000,0.00000
2188,87.44286,0.07647,Ada ile odada gezin,True,False,2.49640,2.30645,-1.45214,0.77536,0.13608,2.30975
2189,87.45098,0.00812,Ada ile odada gezin,True,False,2.47838,2.31365,-1.47413,0.78298,0.02932,0.49732
2190,87.46866,0.01768,Ada ile odada gezin,True,False,2.43037,2.33283,-1.53273,0.80329,0.07815,1.32646
2191,87.49488,0.02622,Ada ile odada gezin,True,False,2.34877,2.36543,-1.63233,0.83780,0.13282,2.25418
2192,87.52817,0.03329,Ada ile odada gezin,True,False,2.22136,2.41633,-1.78785,0.89169,0.20740,3.52006
2193,87.56206,0.03390,Ada ile odada gezin,True,False,2.07218,2.47593,-1.96995,0.95479,0.24282,4.12179
2194,87.60357,0.04150,Ada ile odada gezin,True,False,1.85480,2.56277,-2.23528,1.04673,0.35383,6.00605
2195,87.63699,0.03342,Ada ile odada gezin,True,False,1.66185,2.63985,-2.47079,1.12834,0.31407,5.33086
2196,87.67073,0.03374,Ada ile odada gezin,True,False,1.44916,2.72482,-2.73041,1.21830,0.34620,5.87663
2197,87.70363,0.03291,Ada ile odada gezin,True,False,1.22094,2.81599,-3.00898,1.31483,0.37148,6.30575
2198,87.73684,0.03321,Ada ile odada gezin,True,False,0.98955,2.90842,-3.29141,1.41269,0.37663,6.39307
2199,87.77029,0.03345,Ada ile odada gezin,True,False,0.73894,3.00854,-3.59730,1.51869,0.40792,6.92419
2200,87.80305,0.03275,Ada ile odada gezin,True,False,0.48673,3.10930,-3.90516,1.62537,0.41054,6.96862
2201,87.83677,0.03372,Ada ile odada gezin,True,False,0.22713,3.21301,-4.22203,1.73517,0.42256,7.17286
2202,87.86977,0.03300,Ada ile odada gezin,True,False,-0.04073,3.32001,-4.54898,1.84846,0.43601,7.40105
2203,87.90336,0.03360,Ada ile odada gezin,True,False,-0.30107,3.42402,-4.86675,1.95857,0.42375,7.19293
2204,87.93712,0.03375,Ada ile odada gezin,True,False,-0.57268,3.53252,-5.19829,2.07345,0.44211,7.50456
2205,87.97003,0.03291,Ada ile odada gezin,True,False,-0.83121,3.63580,-5.51384,2.18280,0.42081,7.14288
2206,88.00328,0.03326,Ada ile odada gezin,True,False,-1.08766,3.73825,-5.82686,2.29126,0.41742,7.08542
2207,88.03686,0.03357,Ada ile odada gezin,True,False,-1.33833,3.83839,-6.13284,2.39729,0.40803,6.92600
2208,88.07033,0.03347,Ada ile odada gezin,True,False,-1.57879,3.93445,-6.42635,2.49899,0.39140,6.64367
2209,88.10445,0.03412,Ada ile odada gezin,True,False,-1.80868,4.02629,-6.70696,2.59623,0.37420,6.35178
2210,88.13837,0.03393,Ada ile odada gezin,True,False,-2.02682,4.11344,-6.97321,2.68849,0.35506,6.02701
2211,88.17016,0.03178,Ada ile odada gezin,True,False,-2.22675,4.19331,-7.21725,2.77305,0.32543,5.52417
2212,88.20251,0.03236,Ada ile odada gezin,True,False,-2.40039,4.26268,-7.42920,2.84649,0.28264,4.79764
2213,88.23708,0.03457,Ada ile odada gezin,True,False,-2.56442,4.32820,-7.62941,2.91587,0.26699,4.53179
2214,88.27040,0.03332,Ada ile odada gezin,True,False,-2.70612,4.38481,-7.80237,2.97580,0.23065,3.91490
2215,88.30292,0.03253,Ada ile odada gezin,True,False,-2.81898,4.42990,-7.94013,3.02354,0.18370,3.11793
2216,88.33661,0.03369,Ada ile odada gezin,True,False,-2.90737,4.46521,-8.04803,3.06093,0.14388,2.44186
2217,88.37092,0.03431,Ada ile odada gezin,True,False,-2.96819,4.48951,-8.12226,3.08665,0.09899,1.68000
2218,88.40441,0.03349,Ada ile odada gezin,True,False,-2.99747,4.50120,-8.15800,3.09903,0.04766,0.80794
2219,88.43767,0.03326,Ada ile odada gezin,False,False,-2.99976,4.50212,-8.16079,3.10000,0.00373,0.00000
2220,88.47310,0.03543,Ada ile odada gezin,False,False,-2.99976,4.50212,-8.16079,3.10000,0.00000,0.00000
2221,88.50351,0.03041,Ada ile odada gezin,False,False,-3.00231,4.50223,-8.15977,3.10000,0.00275,0.00000
2222,88.53734,0.03383,Ada ile odada gezin,False,False,-3.00801,4.50206,-8.15492,3.10000,0.00749,0.00000
2223,88.57078,0.03344,Ada ile odada gezin,False,False,-3.01546,4.50136,-8.14513,3.10000,0.01232,0.00000
2224,88.60407,0.03330,Ada ile odada gezin,False,False,-3.02468,4.49994,-8.12831,3.10000,0.01923,0.00000
2225,88.63746,0.03338,Ada ile odada gezin,False,False,-3.03623,4.49890,-8.11036,3.10000,0.02137,0.00000
2226,88.67095,0.03349,Ada ile odada gezin,False,False,-3.04952,4.49750,-8.08699,3.10000,0.02692,0.00000
2227,88.70381,0.03286,Ada ile odada gezin,False,False,-3.06400,4.49668,-8.06489,3.10000,0.02644,0.00000
2228,88.73692,0.03311,Ada ile odada gezin,False,False,-3.07945,4.49564,-8.03907,3.10000,0.03010,0.00000
2229,88.76949,0.03256,Ada ile odada gezin,False,False,-3.09523,4.49513,-8.01534,3.10000,0.02850,0.00000
2230,88.80341,0.03393,Ada ile odada gezin,False,False,-3.11189,4.49530,-7.99444,3.10000,0.02673,0.00000
2231,88.83739,0.03397,Ada ile odada gezin,False,False,-3.12802,4.49530,-7.97288,3.10000,0.02693,0.00000
2232,88.87095,0.03356,Ada ile odada gezin,False,False,-3.14442,4.49575,-7.95417,3.10000,0.02489,0.00000
2233,88.90398,0.03303,Ada ile odada gezin,False,False,-3.15949,4.49584,-7.93477,3.10000,0.02456,0.00000
2234,88.93635,0.03237,Ada ile odada gezin,False,False,-3.17444,4.49627,-7.91788,3.10000,0.02256,0.00000
2235,88.96970,0.03335,Ada ile odada gezin,False,False,-3.18920,4.49720,-7.90512,3.10000,0.01954,0.00000
2236,89.00382,0.03412,Ada ile odada gezin,False,False,-3.20330,4.49783,-7.89202,3.10000,0.01925,0.00000
2237,89.03688,0.03306,Ada ile odada gezin,False,False,-3.21766,4.49877,-7.88173,3.10000,0.01769,0.00000
2238,89.07039,0.03351,Ada ile odada gezin,False,False,-3.23230,4.50002,-7.87483,3.10000,0.01623,0.00000
2239,89.10373,0.03335,Ada ile odada gezin,False,False,-3.24767,4.50140,-7.87009,3.10000,0.01614,0.00000
2240,89.13684,0.03310,Ada ile odada gezin,False,False,-3.26246,4.50266,-7.86711,3.10000,0.01514,0.00000
2241,89.17060,0.03377,Ada ile odada gezin,False,False,-3.27753,4.50383,-7.86522,3.10000,0.01524,0.00000
2242,89.20335,0.03275,Ada ile odada gezin,False,False,-3.29236,4.50483,-7.86417,3.10000,0.01490,0.00000
2243,89.23712,0.03376,Ada ile odada gezin,False,False,-3.30671,4.50565,-7.86372,3.10000,0.01437,0.00000
2244,89.27052,0.03341,Ada ile odada gezin,False,False,-3.32143,4.50635,-7.86370,3.10000,0.01474,0.00000
2245,89.30363,0.03311,Ada ile odada gezin,False,False,-3.33519,4.50689,-7.86399,3.10000,0.01378,0.00000
2246,89.33667,0.03303,Ada ile odada gezin,False,False,-3.34931,4.50734,-7.86453,3.10000,0.01414,0.00000
2247,89.36954,0.03287,Ada ile odada gezin,False,False,-3.36273,4.50767,-7.86519,3.10000,0.01343,0.00000
2248,89.40324,0.03370,Ada ile odada gezin,False,False,-3.37633,4.50793,-7.86599,3.10000,0.01363,0.00000
2249,89.43678,0.03354,Ada ile odada gezin,False,False,-3.38991,4.50813,-7.86685,3.10000,0.01361,0.00000
2250,89.47050,0.03372,Ada ile odada gezin,False,False,-3.40313,4.50827,-7.86773,3.10000,0.01325,0.00000
2251,89.50383,0.03333,Ada ile odada gezin,False,False,-3.41611,4.50842,-7.86921,3.10000,0.01307,0.00000
2252,89.53717,0.03334,Ada ile odada gezin,False,False,-3.42865,4.50857,-7.87104,3.10000,0.01268,0.00000
2253,89.57058,0.03341,Ada ile odada gezin,False,False,-3.44166,4.50853,-7.87163,3.10000,0.01302,0.00000
2254,89.60380,0.03322,Ada ile odada gezin,False,False,-3.45554,4.50824,-7.86992,3.10000,0.01399,0.00000
2255,89.63709,0.03329,Ada ile odada gezin,False,False,-3.47037,4.50768,-7.86524,3.10000,0.01555,0.00000
2256,89.67028,0.03320,Ada ile odada gezin,False,False,-3.48360,4.50683,-7.85903,3.10000,0.01464,0.00000
2257,89.70387,0.03358,Ada ile odada gezin,False,False,-3.49794,4.50635,-7.85312,3.10000,0.01552,0.00000
2258,89.73746,0.03359,Ada ile odada gezin,False,False,-3.51391,4.50588,-7.84558,3.10000,0.01766,0.00000
2259,89.77034,0.03288,Ada ile odada gezin,False,False,-3.52760,4.50529,-7.83791,3.10000,0.01571,0.00000
2260,89.80326,0.03292,Ada ile odada gezin,False,False,-3.54289,4.50507,-7.83076,3.10000,0.01688,0.00000
2261,89.83745,0.03418,Ada ile odada gezin,False,False,-3.55890,4.50483,-7.82259,3.10000,0.01798,0.00000
2262,89.87153,0.03408,Ada ile odada gezin,False,False,-3.57680,4.50434,-7.81130,3.10000,0.02117,0.00000
2263,89.90412,0.03259,Ada ile odada gezin,False,False,-3.59207,4.50377,-7.80042,3.10000,0.01876,0.00000
2264,89.93698,0.03286,Ada ile odada gezin,False,False,-3.60842,4.50353,-7.79006,3.10000,0.01935,0.00000
2265,89.97079,0.03381,Ada ile odada gezin,False,False,-3.62519,4.50321,-7.77857,3.10000,0.02034,0.00000
2266,90.00368,0.03289,Ada ile odada gezin,False,False,-3.64244,4.50259,-7.76433,3.10000,0.02238,0.00000
2267,90.03569,0.03201,Ada ile odada gezin,False,False,-3.65681,4.50193,-7.75084,3.10000,0.01971,0.00000
2268,90.06970,0.03400,Ada ile odada gezin,False,False,-3.67013,4.50133,-7.73743,3.10000,0.01892,0.00000
2269,90.10360,0.03390,Ada ile odada gezin,False,False,-3.67900,4.50026,-7.72316,3.10000,0.01683,0.00000
2270,90.13712,0.03352,Ada ile odada gezin,False,False,-3.68471,4.49935,-7.71046,3.10000,0.01395,0.00000
2271,90.17094,0.03382,Ada ile odada gezin,False,False,-3.68845,4.49853,-7.69831,3.10000,0.01274,0.00000
2272,90.20377,0.03283,Ada ile odada gezin,False,False,-3.69089,4.49802,-7.68778,3.10000,0.01082,0.00000
2273,90.23679,0.03303,Ada ile odada gezin,False,False,-3.69242,4.49760,-7.67793,3.10000,0.00998,0.00000
2274,90.27166,0.03486,Ada ile odada gezin,False,False,-3.69344,4.49739,-7.66892,3.10000,0.00907,0.00000
2275,90.30465,0.03299,Ada ile odada gezin,False,False,-3.69414,4.49713,-7.65936,3.10000,0.00959,0.00000
2276,90.33742,0.03277,Ada ile odada gezin,False,False,-3.69452,4.49710,-7.65167,3.10000,0.00770,0.00000
2277,90.37179,0.03437,Ada ile odada gezin,False,False,-3.69482,4.49695,-7.64272,3.10000,0.00896,0.00000
2278,90.40453,0.03274,Ada ile odada gezin,False,False,-3.69497,4.49698,-7.63492,3.10000,0.00780,0.00000
2279,90.43780,0.03327,Ada ile odada gezin,False,False,-3.69510,4.49691,-7.62675,3.10000,0.00817,0.00000
2280,90.47129,0.03349,Ada ile odada gezin,False,False,-3.69522,4.49674,-7.61754,3.10000,0.00921,0.00000
2281,90.50371,0.03242,Ada ile odada gezin,False,False,-3.69525,4.49676,-7.60958,3.10000,0.00796,0.00000
2282,90.53682,0.03311,Ada ile odada gezin,False,False,-3.69530,4.49668,-7.60108,3.10000,0.00850,0.00000
2283,90.57073,0.03391,Ada ile odada gezin,False,False,-3.69530,4.49674,-7.59312,3.10000,0.00796,0.00000
2284,90.60368,0.03295,Ada ile odada gezin,False,False,-3.69534,4.49665,-7.58438,3.10000,0.00874,0.00000
2285,90.63652,0.03284,Ada ile odada gezin,False,False,-3.69543,4.49637,-7.57433,3.10000,0.01005,0.00000
2286,90.67022,0.03370,Ada ile odada gezin,False,False,-3.69548,4.49623,-7.56464,3.10000,0.00970,0.00000
2287,90.70448,0.03426,Ada ile odada gezin,False,False,-3.69552,4.49610,-7.55489,3.10000,0.00975,0.00000
2288,90.73735,0.03287,Ada ile odada gezin,False,False,-3.69555,4.49602,-7.54492,3.10000,0.00997,0.00000
2289,90.76943,0.03207,Ada ile odada gezin,False,False,-3.69556,4.49600,-7.53596,3.10000,0.00896,0.00000
2290,90.80420,0.03478,Ada ile odada gezin,False,False,-3.69557,4.49597,-7.52649,3.10000,0.00947,0.00000
2291,90.83802,0.03382,Ada ile odada gezin,False,False,-3.69558,4.49594,-7.51652,3.10000,0.00997,0.00000
2292,90.87050,0.03248,Ada ile odada gezin,False,False,-3.69559,4.49589,-7.50720,3.10000,0.00933,0.00000
2293,90.91383,0.04333,Ada ile odada gezin,False,False,-3.69567,4.49562,-7.49306,3.10000,0.01414,0.00000
2294,90.94678,0.03295,Ada ile odada gezin,False,False,-3.70501,4.49637,-7.48164,3.10000,0.01477,0.00000
2295,90.98049,0.03370,Ada ile odada gezin,False,False,-3.71833,4.49718,-7.46928,3.10000,0.01818,0.00000
2296,91.01388,0.03340,Ada ile odada gezin,False,False,-3.73862,4.49845,-7.45584,3.10000,0.02437,0.00000
2297,91.04540,0.03152,Ada ile odada gezin,False,False,-3.76163,4.50011,-7.44562,3.10000,0.02524,0.00000
2298,91.07883,0.03342,Ada ile odada gezin,False,False,-3.79325,4.50260,-7.43715,3.10000,0.03283,0.00000
2299,91.11269,0.03386,Ada ile odada gezin,False,False,-3.83103,4.50567,-7.43201,3.10000,0.03825,0.00000
2300,91.14720,0.03451,Ada ile odada gezin,False,False,-3.87523,4.50893,-7.42852,3.10000,0.04446,0.00000
2301,91.18045,0.03325,Ada ile odada gezin,False,False,-3.92346,4.51191,-7.42541,3.10000,0.04842,0.00000
2302,91.21357,0.03312,Ada ile odada gezin,False,False,-3.97185,4.51432,-7.42221,3.10000,0.04856,0.00000
2303,91.24777,0.03420,Ada ile odada gezin,False,False,-4.02614,4.51654,-7.41854,3.10000,0.05446,0.00000
2304,91.29145,0.04368,Ada ile odada gezin,False,False,-4.07807,4.51815,-7.41508,3.10000,0.05207,0.00000
2305,91.32556,0.03411,Ada ile odada gezin,False,False,-4.14945,4.51980,-7.41039,3.10000,0.07155,0.00000
2306,91.34943,0.02387,Ada ile odada gezin,False,False,-4.18148,4.51998,-7.40852,3.10000,0.03209,0.00000
2307,91.38044,0.03101,Ada ile odada gezin,False,False,-4.22443,4.52054,-7.40747,3.10000,0.04296,0.00000
2308,91.41379,0.03335,Ada ile odada gezin,False,False,-4.27299,4.52172,-7.41003,3.10000,0.04864,0.00000
2309,91.44702,0.03323,Ada ile odada gezin,False,False,-4.32083,4.52347,-7.41779,3.10000,0.04849,0.00000
2310,91.48143,0.03442,Ada ile odada gezin,False,False,-4.36942,4.52579,-7.43231,3.10000,0.05077,0.00000
2311,91.51384,0.03241,Ada ile odada gezin,False,False,-4.41649,4.52849,-7.45414,3.10000,0.05195,0.00000
2312,91.54556,0.03172,Ada ile odada gezin,False,False,-4.45907,4.53094,-7.47885,3.10000,0.04929,0.00000
2313,91.57823,0.03267,Ada ile odada gezin,False,False,-4.50323,4.53341,-7.50810,3.10000,0.05303,0.00000
2314,91.61225,0.03402,Ada ile odada gezin,False,False,-4.54650,4.53557,-7.53915,3.10000,0.05329,0.00000
2315,91.64688,0.03463,Ada ile odada gezin,False,False,-4.59202,4.53757,-7.57355,3.10000,0.05709,0.00000
2316,91.68121,0.03433,Ada ile odada gezin,False,False,-4.63560,4.53913,-7.60757,3.10000,0.05532,0.00000
2317,91.71402,0.03280,Ada ile odada gezin,False,False,-4.68029,4.54049,-7.64318,3.10000,0.05715,0.00000
2318,91.74658,0.03256,Ada ile odada gezin,False,False,-4.72158,4.54143,-7.67652,3.10000,0.05308,0.00000
2319,91.78022,0.03364,Ada ile odada gezin,False,False,-4.76603,4.54236,-7.71272,3.10000,0.05733,0.00000
2320,91.81397,0.03375,Ada ile odada gezin,False,False,-4.80944,4.54306,-7.74829,3.10000,0.05612,0.00000
2321,91.84713,0.03316,Ada ile odada gezin,False,False,-4.85361,4.54365,-7.78463,3.10000,0.05720,0.00000
2322,91.87939,0.03226,Ada ile odada gezin,False,False,-4.89549,4.54404,-7.81917,3.10000,0.05429,0.00000
2323,91.91303,0.03364,Ada ile odada gezin,False,False,-4.93905,4.54442,-7.85516,3.10000,0.05650,0.00000
2324,91.94675,0.03373,Ada ile odada gezin,False,False,-4.98353,4.54475,-7.89195,3.10000,0.05773,0.00000
2325,91.98065,0.03390,Ada ile odada gezin,False,False,-5.02659,4.54496,-7.92760,3.10000,0.05590,0.00000
2326,92.01451,0.03385,Ada ile odada gezin,False,False,-5.07174,4.54519,-7.96499,3.10000,0.05863,0.00000
2327,92.04822,0.03371,Ada ile odada gezin,False,False,-5.11389,4.54528,-7.99994,3.10000,0.05475,0.00000
2328,92.08145,0.03323,Ada ile odada gezin,False,False,-5.15985,4.54547,-8.03803,3.10000,0.05969,0.00000
2329,92.11329,0.03185,Ada ile odada gezin,False,False,-5.20048,4.54545,-8.07174,3.10000,0.05279,0.00000
2330,92.14762,0.03433,Ada ile odada gezin,False,False,-5.24494,4.54557,-8.10860,3.10000,0.05775,0.00000
2331,92.18060,0.03298,Ada ile odada gezin,False,False,-5.28947,4.54565,-8.14553,3.10000,0.05785,0.00000
2332,92.21396,0.03335,Ada ile odada gezin,False,False,-5.33148,4.54565,-8.18039,3.10000,0.05459,0.00000
2333,92.24757,0.03361,Ada ile odada gezin,False,False,-5.37636,4.54573,-8.21761,3.10000,0.05831,0.00000
2334,92.28030,0.03274,Ada ile odada gezin,False,False,-5.41944,4.54574,-8.25335,3.10000,0.05598,0.00000
2335,92.31337,0.03307,Ada ile odada gezin,False,False,-5.46274,4.54575,-8.28927,3.10000,0.05626,0.00000
2336,92.34675,0.03338,Ada ile odada gezin,False,False,-5.50576,4.54576,-8.32496,3.10000,0.05589,0.00000
2337,92.38066,0.03391,Ada ile odada gezin,False,False,-5.55051,4.54582,-8.36209,3.10000,0.05815,0.00000
2338,92.41348,0.03282,Ada ile odada gezin,False,False,-5.59338,4.54580,-8.39766,3.10000,0.05570,0.00000
2339,92.44631,0.03284,Ada ile odada gezin,False,False,-5.63703,4.54582,-8.43388,3.10000,0.05673,0.00000
2340,92.48016,0.03384,Ada ile odada gezin,False,False,-5.67983,4.54581,-8.46939,3.10000,0.05561,0.00000
2341,92.51394,0.03379,Ada ile odada gezin,False,False,-5.72534,4.54587,-8.50714,3.10000,0.05912,0.00000
2342,92.54701,0.03307,Ada ile odada gezin,False,False,-5.76657,4.54560,-8.54140,3.10000,0.05362,0.00000
2343,92.58062,0.03361,Ada ile odada gezin,False,False,-5.80825,4.54505,-8.57609,3.10000,0.05423,0.00000
2344,92.61346,0.03284,Ada ile odada gezin,False,False,-5.84683,4.54412,-8.60827,3.10000,0.05025,0.00000
2345,92.64625,0.03279,Ada ile odada gezin,False,False,-5.88211,4.54285,-8.63778,3.10000,0.04601,0.00000
2346,92.70885,0.06260,Ada ile odada gezin,False,False,-5.91614,4.54127,-8.66631,3.10000,0.04443,0.00000
2347,92.75354,0.04469,Ada ile odada gezin,False,False,-5.98280,4.53724,-8.72238,3.10000,0.08720,0.00000
2348,92.76104,0.00750,Ada ile odada gezin,False,False,-5.98789,4.53617,-8.72681,3.10000,0.00683,0.00000
2349,92.77975,0.01871,Ada ile odada gezin,False,False,-5.99679,4.53404,-8.73459,3.10000,0.01201,0.00000
2350,92.81385,0.03410,Ada ile odada gezin,False,False,-6.01009,4.52960,-8.74646,3.10000,0.01837,0.00000
2351,92.84752,0.03367,Ada ile odada gezin,False,False,-6.01865,4.52541,-8.75435,3.10000,0.01237,0.00000
2352,92.88107,0.03355,Ada ile odada gezin,False,False,-6.02465,4.52146,-8.76007,3.10000,0.00919,0.00000
2353,92.91357,0.03250,Ada ile odada gezin,False,False,-6.02871,4.51806,-8.76408,3.10000,0.00664,0.00000
2354,92.94590,0.03232,Ada ile odada gezin,False,False,-6.03151,4.51519,-8.76694,3.10000,0.00492,0.00000
2355,92.97913,0.03323,Ada ile odada gezin,False,False,-6.03353,4.51272,-8.76907,3.10000,0.00384,0.00000
2356,93.01335,0.03422,Ada ile odada gezin,False,False,-6.03498,4.51066,-8.77067,3.10000,0.00299,0.00000
2357,93.04693,0.03358,Ada ile odada gezin,False,False,-6.03605,4.50894,-8.77188,3.10000,0.00236,0.00000
2358,93.08007,0.03314,Ada ile odada gezin,False,False,-6.03678,4.50760,-8.77274,3.10000,0.00175,0.00000
2359,93.11391,0.03384,Ada ile odada gezin,False,False,-6.03735,4.50647,-8.77342,3.10000,0.00144,0.00000
2360,93.14744,0.03352,Ada ile odada gezin,False,False,-6.03775,4.50560,-8.77392,3.10000,0.00109,0.00000
2361,93.18084,0.03341,Ada ile odada gezin,False,False,-6.03811,4.50487,-8.77428,3.10000,0.00089,0.00000
2362,93.21373,0.03289,Ada ile odada gezin,False,False,-6.03832,4.50432,-8.77458,3.10000,0.00066,0.00000
2363,93.24696,0.03323,Ada ile odada gezin,False,False,-6.03849,4.50386,-8.77482,3.10000,0.00055,0.00000
2364,93.28000,0.03305,Ada ile odada gezin,False,False,-6.03863,4.50353,-8.77504,3.10000,0.00042,0.00000
2365,93.31359,0.03359,Ada ile odada gezin,False,False,-6.03872,4.50323,-8.77517,3.10000,0.00034,0.00000
2366,93.34622,0.03263,Ada ile odada gezin,False,False,-6.03879,4.50300,-8.77527,3.10000,0.00026,0.00000
2367,93.38037,0.03415,Ada ile odada gezin,False,False,-6.03885,4.50281,-8.77535,3.10000,0.00021,0.00000
2368,93.41385,0.03348,Ada ile odada gezin,False,False,-6.03889,4.50266,-8.77542,3.10000,0.00017,0.00000
2369,93.44647,0.03262,Ada ile odada gezin,False,False,-6.03893,4.50255,-8.77547,3.10000,0.00012,0.00000
2370,93.48070,0.03423,Ada ile odada gezin,False,False,-6.03896,4.50246,-8.77551,3.10000,0.00011,0.00000
2371,93.51371,0.03301,Ada ile odada gezin,False,False,-6.03898,4.50239,-8.77554,3.10000,0.00008,0.00000
2372,93.54815,0.03444,Ada ile odada gezin,False,False,-6.03899,4.50233,-8.77556,3.10000,0.00006,0.00000
2373,93.58048,0.03233,Ada ile odada gezin,False,False,-6.03901,4.50229,-8.77558,3.10000,0.00005,0.00000
2374,93.61237,0.03188,Ada ile odada gezin,False,False,-6.03902,4.50225,-8.77560,3.10000,0.00004,0.00000
2375,93.64571,0.03334,Ada ile odada gezin,False,False,-6.03903,4.50222,-8.77561,3.10000,0.00003,0.00000
2376,93.67947,0.03377,Ada ile odada gezin,False,False,-6.03903,4.50220,-8.77562,3.10000,0.00002,0.00000
2377,93.71339,0.03392,Ada ile odada gezin,False,False,-6.03906,4.50212,-8.77566,3.10000,0.00009,0.00000
2378,93.74649,0.03310,Ada ile odada gezin,False,False,-6.03906,4.50212,-8.77566,3.10000,0.00000,0.00000
2379,93.78076,0.03427,Ada ile odada gezin,False,False,-6.03906,4.50212,-8.77566,3.10000,0.00000,0.00000
2380,93.81433,0.03357,Ada ile odada gezin,False,False,-6.03906,4.50212,-8.77566,3.10000,0.00000,0.00000
2381,93.84704,0.03270,Ada ile odada gezin,False,False,-6.03906,4.50212,-8.77566,3.10000,0.00000,0.00000
2382,93.87977,0.03273,Ada ile odada gezin,False,False,-6.03906,4.50212,-8.77566,3.10000,0.00000,0.00000
2383,93.91388,0.03411,Ada ile odada gezin,False,False,-6.03906,4.50212,-8.77566,3.10000,0.00000,0.00000
2384,93.94836,0.03448,Ada ile odada gezin,False,False,-6.03906,4.50212,-8.77566,3.10000,0.00000,0.00000
2385,93.98016,0.03180,Ada ile odada gezin,False,False,-6.03906,4.50212,-8.77566,3.10000,0.00000,0.00000
2386,94.01252,0.03237,Ada ile odada gezin,False,False,-6.03906,4.50212,-8.77566,3.10000,0.00000,0.00000
2387,94.04676,0.03424,Ada ile odada gezin,False,False,-6.03906,4.50212,-8.77566,3.10000,0.00000,0.00000
2388,94.08078,0.03402,Ada ile odada gezin,False,False,-6.03906,4.50212,-8.77566,3.10000,0.00000,0.00000
2389,94.11340,0.03262,Ada ile odada gezin,False,False,-6.03906,4.50212,-8.77566,3.10000,0.00000,0.00000
2390,94.14742,0.03402,Ada ile odada gezin,False,False,-6.03906,4.50212,-8.77566,3.10000,0.00000,0.00000
2391,94.17961,0.03219,Ada ile odada gezin,False,False,-6.03906,4.50212,-8.77566,3.10000,0.00000,0.00000
2392,94.22125,0.04164,Ada ile odada gezin,False,False,-6.03906,4.50212,-8.77566,3.10000,0.00000,0.00000
2393,94.25498,0.03372,Ada ile odada gezin,False,False,-6.03906,4.50212,-8.77566,3.10000,0.00000,0.00000
2394,94.28826,0.03328,Ada ile odada gezin,False,False,-6.03906,4.50212,-8.77566,3.10000,0.00000,0.00000
2395,94.32222,0.03396,Ada ile odada gezin,False,False,-6.03906,4.50212,-8.77566,3.10000,0.00000,0.00000
2396,94.35670,0.03448,Ada ile odada gezin,False,False,-6.03906,4.50212,-8.77566,3.10000,0.00000,0.00000
2397,94.38953,0.03284,Ada ile odada gezin,False,False,-6.03906,4.50212,-8.77566,3.10000,0.00000,0.00000
2398,94.42163,0.03210,Ada ile odada gezin,False,False,-6.03906,4.50212,-8.77566,3.10000,0.00000,0.00000
2399,94.45502,0.03339,Ada ile odada gezin,False,False,-6.03906,4.50212,-8.77566,3.10000,0.00000,0.00000
2400,94.48966,0.03464,Ada ile odada gezin,False,False,-6.03906,4.50212,-8.77566,3.10000,0.00000,0.00000
2401,94.52239,0.03273,Ada ile odada gezin,False,False,-6.03906,4.50212,-8.77566,3.10000,0.00000,0.00000
2402,94.55525,0.03286,Ada ile odada gezin,False,False,-6.03906,4.50212,-8.77566,3.10000,0.00000,0.00000
2403,94.58913,0.03388,Ada ile odada gezin,False,False,-6.03906,4.50212,-8.77566,3.10000,0.00000,0.00000
2404,94.62183,0.03269,Ada ile odada gezin,False,False,-6.03906,4.50212,-8.77566,3.10000,0.00000,0.00000
2405,94.65593,0.03410,Ada ile odada gezin,False,False,-6.03906,4.50212,-8.77566,3.10000,0.00000,0.00000
2406,94.68844,0.03251,Ada ile odada gezin,False,False,-6.03906,4.50212,-8.77566,3.10000,0.00000,0.00000
2407,94.72092,0.03248,Ada ile odada gezin,False,False,-6.03906,4.50212,-8.77566,3.10000,0.00000,0.00000
2408,94.75572,0.03480,Ada ile odada gezin,False,False,-6.03906,4.50212,-8.77566,3.10000,0.00000,0.00000
2409,94.78841,0.03269,Ada ile odada gezin,False,False,-6.03906,4.50212,-8.77566,3.10000,0.00000,0.00000
2410,94.82215,0.03374,Ada ile odada gezin,False,False,-6.03906,4.50212,-8.77566,3.10000,0.00000,0.00000
2411,94.85550,0.03335,Ada ile odada gezin,False,False,-6.03906,4.50212,-8.77566,3.10000,0.00000,0.00000
2412,94.88826,0.03276,Ada ile odada gezin,False,False,-6.03906,4.50212,-8.77566,3.10000,0.00000,0.00000
2413,94.92165,0.03339,Ada ile odada gezin,False,False,-6.03906,4.50212,-8.77566,3.10000,0.00000,0.00000
2414,94.95554,0.03389,Ada ile odada gezin,False,False,-6.03906,4.50212,-8.77566,3.10000,0.00000,0.00000
2415,94.99039,0.03485,Ada ile odada gezin,False,False,-6.03906,4.50212,-8.77566,3.10000,0.00000,0.00000
2416,95.02298,0.03259,Ada ile odada gezin,False,False,-6.03906,4.50212,-8.77566,3.10000,0.00000,0.00000
2417,95.05459,0.03161,Ada ile odada gezin,False,False,-6.03906,4.50212,-8.77566,3.10000,0.00000,0.00000
2418,95.08806,0.03347,Ada ile odada gezin,False,False,-6.03906,4.50212,-8.77566,3.10000,0.00000,0.00000
2419,95.12189,0.03383,Ada ile odada gezin,False,False,-6.03906,4.50212,-8.77566,3.10000,0.00000,0.00000
2420,95.15515,0.03326,Ada ile odada gezin,False,False,-6.03906,4.50212,-8.77566,3.10000,0.00000,0.00000
2421,95.18764,0.03248,Ada ile odada gezin,False,False,-6.03906,4.50212,-8.77566,3.10000,0.00000,0.00000
2422,95.22173,0.03409,Ada ile odada gezin,False,False,-6.03906,4.50212,-8.77566,3.10000,0.00000,0.00000
2423,95.25554,0.03381,Ada ile odada gezin,False,False,-6.03906,4.50212,-8.77566,3.10000,0.00000,0.00000
2424,95.28802,0.03248,Ada ile odada gezin,False,False,-6.03906,4.50212,-8.77566,3.10000,0.00000,0.00000
2425,95.32164,0.03363,Ada ile odada gezin,False,False,-6.03906,4.50212,-8.77566,3.10000,0.00000,0.00000
2426,95.35519,0.03354,Ada ile odada gezin,False,False,-6.03906,4.50212,-8.77566,3.10000,0.00000,0.00000
2427,95.38852,0.03333,Ada ile odada gezin,False,False,-6.03906,4.50212,-8.77566,3.10000,0.00000,0.00000
2428,95.42234,0.03383,Ada ile odada gezin,False,False,-6.03906,4.50212,-8.77566,3.10000,0.00000,0.00000
2429,95.45751,0.03517,Ada ile odada gezin,False,False,-6.03906,4.50212,-8.77566,3.10000,0.00000,0.00000
2430,95.49052,0.03301,Ada ile odada gezin,False,False,-6.03906,4.50212,-8.77566,3.10000,0.00000,0.00000
2431,95.52153,0.03101,Ada ile odada gezin,False,False,-6.03906,4.50212,-8.77566,3.10000,0.00000,0.00000
2432,95.55459,0.03305,Ada ile odada gezin,False,False,-6.03906,4.50212,-8.77566,3.10000,0.00000,0.00000
2433,95.58956,0.03497,Ada ile odada gezin,False,False,-6.03906,4.50212,-8.77566,3.10000,0.00000,0.00000
2434,95.62321,0.03365,Ada ile odada gezin,False,False,-6.03906,4.50212,-8.77566,3.10000,0.00000,0.00000
2435,95.65460,0.03139,Ada ile odada gezin,False,False,-6.03906,4.50212,-8.77566,3.10000,0.00000,0.00000
2436,95.68742,0.03282,Ada ile odada gezin,False,False,-6.03906,4.50212,-8.77566,3.10000,0.00000,0.00000
2437,95.79747,0.11006,Ada ile odada gezin,False,False,-6.03906,4.50212,-8.77566,3.10000,0.00000,0.00000
2438,95.83164,0.03417,Ada ile odada gezin,False,False,-6.03906,4.50212,-8.77566,3.10000,0.00000,0.00000
2439,95.84671,0.01507,Ada ile odada gezin,False,False,-6.03906,4.50212,-8.77566,3.10000,0.00000,0.00000
2440,95.86429,0.01758,Ada ile odada gezin,False,False,-6.03906,4.50212,-8.77566,3.10000,0.00000,0.00000
2441,95.88782,0.02354,Ada ile odada gezin,False,False,-6.03906,4.50212,-8.77566,3.10000,0.00000,0.00000
2442,95.92089,0.03307,Ada ile odada gezin,False,False,-6.03906,4.50212,-8.77566,3.10000,0.00000,0.00000
2443,95.95395,0.03306,Ada ile odada gezin,False,False,-6.03906,4.50212,-8.77566,3.10000,0.00000,0.00000
2444,95.98843,0.03448,Ada ile odada gezin,False,False,-6.03906,4.50212,-8.77566,3.10000,0.00000,0.00000
2445,96.02237,0.03394,Ada ile odada gezin,False,False,-6.03906,4.50212,-8.77566,3.10000,0.00000,0.00000
2446,96.05513,0.03276,Ada ile odada gezin,False,False,-6.03906,4.50212,-8.77566,3.10000,0.00000,0.00000
2447,96.08874,0.03361,Ada ile odada gezin,False,False,-6.03906,4.50212,-8.77566,3.10000,0.00000,0.00000
2448,96.12221,0.03347,Ada ile odada gezin,False,False,-6.03906,4.50212,-8.77566,3.10000,0.00000,0.00000
2449,96.15589,0.03367,Ada ile odada gezin,False,False,-6.03906,4.50212,-8.77566,3.10000,0.00000,0.00000
2450,96.18848,0.03259,Ada ile odada gezin,False,False,-6.03906,4.50212,-8.77566,3.10000,0.00000,0.00000
2451,96.22158,0.03311,Ada ile odada gezin,False,False,-6.03906,4.50212,-8.77566,3.10000,0.00000,0.00000
2452,96.25557,0.03398,Ada ile odada gezin,False,False,-6.03906,4.50212,-8.77566,3.10000,0.00000,0.00000
2453,96.28881,0.03325,Ada ile odada gezin,False,False,-6.03906,4.50212,-8.77566,3.10000,0.00000,0.00000
2454,96.32258,0.03377,Ada ile odada gezin,False,False,-6.03906,4.50212,-8.77566,3.10000,0.00000,0.00000
2455,96.35632,0.03374,Ada ile odada gezin,False,False,-6.03906,4.50212,-8.77566,3.10000,0.00000,0.00000
2456,96.38901,0.03269,Ada ile odada gezin,False,False,-6.03906,4.50212,-8.77566,3.10000,0.00000,0.00000
2457,96.42201,0.03300,Ada ile odada gezin,False,False,-6.03906,4.50212,-8.77566,3.10000,0.00000,0.00000
2458,96.45579,0.03378,Ada ile odada gezin,False,False,-6.03906,4.50212,-8.77566,3.10000,0.00000,0.00000
2459,96.48948,0.03369,Ada ile odada gezin,False,False,-6.03906,4.50212,-8.77566,3.10000,0.00000,0.00000
2460,96.52287,0.03338,Ada ile odada gezin,False,False,-6.03906,4.50212,-8.77566,3.10000,0.00000,0.00000
2461,96.55568,0.03281,Ada ile odada gezin,False,False,-6.03906,4.50212,-8.77566,3.10000,0.00000,0.00000
2462,96.58957,0.03390,Ada ile odada gezin,False,False,-6.03906,4.50212,-8.77566,3.10000,0.00000,0.00000
2463,96.62277,0.03319,Ada ile odada gezin,False,False,-6.03906,4.50212,-8.77566,3.10000,0.00000,0.00000
2464,96.65561,0.03284,Ada ile odada gezin,False,False,-6.03906,4.50212,-8.77566,3.10000,0.00000,0.00000
2465,96.68843,0.03283,Ada ile odada gezin,False,False,-6.03906,4.50212,-8.77566,3.10000,0.00000,0.00000
2466,96.72177,0.03334,Ada ile odada gezin,False,False,-6.03906,4.50212,-8.77566,3.10000,0.00000,0.00000
2467,96.75541,0.03363,Ada ile odada gezin,False,False,-6.03906,4.50212,-8.77566,3.10000,0.00000,0.00000
2468,96.78800,0.03260,Ada ile odada gezin,False,False,-6.03906,4.50212,-8.77566,3.10000,0.00000,0.00000
2469,96.82181,0.03381,Ada ile odada gezin,False,False,-6.03906,4.50212,-8.77566,3.10000,0.00000,0.00000
2470,96.85509,0.03327,Ada ile odada gezin,False,False,-6.03906,4.50212,-8.77566,3.10000,0.00000,0.00000
2471,96.88798,0.03289,Ada ile odada gezin,False,False,-6.03906,4.50212,-8.77566,3.10000,0.00000,0.00000
2472,96.92251,0.03453,Ada ile odada gezin,False,False,-6.03906,4.50212,-8.77566,3.10000,0.00000,0.00000
2473,96.95612,0.03362,Ada ile odada gezin,False,False,-6.03906,4.50212,-8.77566,3.10000,0.00000,0.00000
2474,96.98816,0.03204,Ada ile odada gezin,False,False,-6.03906,4.50212,-8.77566,3.10000,0.00000,0.00000
2475,97.02058,0.03242,Ada ile odada gezin,False,False,-6.03906,4.50212,-8.77566,3.10000,0.00000,0.00000
2476,97.05503,0.03445,Ada ile odada gezin,False,False,-6.03906,4.50212,-8.77566,3.10000,0.00000,0.00000
2477,97.08902,0.03399,Ada ile odada gezin,False,False,-6.03906,4.50212,-8.77566,3.10000,0.00000,0.00000
2478,97.12196,0.03294,Ada ile odada gezin,False,False,-6.03906,4.50212,-8.77566,3.10000,0.00000,0.00000
2479,97.15493,0.03297,Ada ile odada gezin,False,False,-6.03906,4.50212,-8.77566,3.10000,0.00000,0.00000
2480,97.18788,0.03295,Ada ile odada gezin,False,False,-6.03906,4.50212,-8.77566,3.10000,0.00000,0.00000
2481,97.22203,0.03415,Ada ile odada gezin,False,False,-6.03906,4.50212,-8.77566,3.10000,0.00000,0.00000
2482,97.25507,0.03303,Ada ile odada gezin,False,False,-6.03906,4.50212,-8.77566,3.10000,0.00000,0.00000
2483,97.28856,0.03349,Ada ile odada gezin,False,False,-6.03906,4.50212,-8.77566,3.10000,0.00000,0.00000
2484,97.32195,0.03340,Ada ile odada gezin,False,False,-6.03906,4.50212,-8.77566,3.10000,0.00000,0.00000
2485,97.35556,0.03361,Ada ile odada gezin,False,False,-6.03906,4.50212,-8.77566,3.10000,0.00000,0.00000
2486,97.39010,0.03454,Ada ile odada gezin,False,False,-6.03906,4.50212,-8.77566,3.10000,0.00000,0.00000
2487,97.42197,0.03186,Ada ile odada gezin,False,False,-6.03906,4.50212,-8.77566,3.10000,0.00000,0.00000
2488,97.45517,0.03320,Ada ile odada gezin,False,False,-6.03906,4.50212,-8.77566,3.10000,0.00000,0.00000
2489,97.49028,0.03511,Ada ile odada gezin,False,False,-6.03906,4.50212,-8.77566,3.10000,0.00000,0.00000
2490,97.53091,0.04063,Ada ile odada gezin,False,False,-6.03906,4.50212,-8.77566,3.10000,0.00000,0.00000
2491,97.56321,0.03230,Ada ile odada gezin,False,False,-6.03906,4.50212,-8.77566,3.10000,0.00000,0.00000
2492,97.59569,0.03248,Ada ile odada gezin,False,False,-6.03906,4.50212,-8.77566,3.10000,0.00000,0.00000
2493,97.62937,0.03367,Ada ile odada gezin,False,False,-6.03906,4.50212,-8.77566,3.10000,0.00000,0.00000
2494,97.66280,0.03344,Ada ile odada gezin,False,False,-6.03906,4.50212,-8.77566,3.10000,0.00000,0.00000
2495,97.69623,0.03343,Ada ile odada gezin,False,False,-6.03906,4.50212,-8.77566,3.10000,0.00000,0.00000
2496,97.72955,0.03332,Ada ile odada gezin,False,False,-6.03906,4.50212,-8.77566,3.10000,0.00000,0.00000
2497,97.76313,0.03357,Ada ile odada gezin,False,False,-6.03906,4.50212,-8.77566,3.10000,0.00000,0.00000
2498,97.79714,0.03401,Ada ile odada gezin,False,False,-6.03906,4.50212,-8.77566,3.10000,0.00000,0.00000
2499,97.83017,0.03303,Ada ile odada gezin,False,False,-6.03906,4.50212,-8.77566,3.10000,0.00000,0.00000
2500,97.86379,0.03362,Ada ile odada gezin,False,False,-6.03906,4.50212,-8.77566,3.10000,0.00000,0.00000
2501,97.89693,0.03314,Ada ile odada gezin,False,False,-6.03906,4.50212,-8.77566,3.10000,0.00000,0.00000
2502,97.93117,0.03424,Ada ile odada gezin,False,False,-6.03906,4.50212,-8.77566,3.10000,0.00000,0.00000
2503,97.96412,0.03294,Ada ile odada gezin,False,False,-6.03906,4.50212,-8.77566,3.10000,0.00000,0.00000
2504,97.99645,0.03233,Ada ile odada gezin,False,False,-6.03906,4.50212,-8.77566,3.10000,0.00000,0.00000
2505,98.02947,0.03302,Ada ile odada gezin,False,False,-6.03906,4.50212,-8.77566,3.10000,0.00000,0.00000
2506,98.06223,0.03276,Ada ile odada gezin,False,False,-6.03906,4.50212,-8.77566,3.10000,0.00000,0.00000
2507,98.09563,0.03340,Ada ile odada gezin,False,False,-6.03906,4.50212,-8.77566,3.10000,0.00000,0.00000
2508,98.12900,0.03337,Ada ile odada gezin,False,False,-6.03906,4.50212,-8.77566,3.10000,0.00000,0.00000
2509,98.16282,0.03382,Ada ile odada gezin,False,False,-6.03906,4.50212,-8.77566,3.10000,0.00000,0.00000
2510,98.19610,0.03328,Ada ile odada gezin,False,False,-6.03906,4.50212,-8.77566,3.10000,0.00000,0.00000
2511,98.23018,0.03408,Ada ile odada gezin,False,False,-6.03906,4.50212,-8.77566,3.10000,0.00000,0.00000
2512,98.26397,0.03379,Ada ile odada gezin,False,False,-6.03906,4.50212,-8.77566,3.10000,0.00000,0.00000
2513,98.29565,0.03168,Ada ile odada gezin,False,False,-6.03906,4.50212,-8.77566,3.10000,0.00000,0.00000
2514,98.32880,0.03315,Ada ile odada gezin,False,False,-6.03906,4.50212,-8.77566,3.10000,0.00000,0.00000
2515,98.36380,0.03501,Ada ile odada gezin,False,False,-6.03906,4.50212,-8.77566,3.10000,0.00000,0.00000
2516,98.39678,0.03297,Ada ile odada gezin,False,False,-6.03906,4.50212,-8.77566,3.10000,0.00000,0.00000
2517,98.43023,0.03345,Ada ile odada gezin,False,False,-6.03906,4.50212,-8.77566,3.10000,0.00000,0.00000
2518,98.46491,0.03469,Ada ile odada gezin,False,False,-6.03906,4.50212,-8.77566,3.10000,0.00000,0.00000
2519,98.49795,0.03304,Ada ile odada gezin,False,False,-6.03906,4.50212,-8.77566,3.10000,0.00000,0.00000
2520,98.52962,0.03167,Ada ile odada gezin,False,False,-6.03906,4.50212,-8.77566,3.10000,0.00000,0.00000
2521,98.56227,0.03265,Ada ile odada gezin,False,False,-6.03906,4.50212,-8.77566,3.10000,0.00000,0.00000
2522,98.59705,0.03478,Ada ile odada gezin,False,False,-6.03906,4.50212,-8.77566,3.10000,0.00000,0.00000
2523,98.63054,0.03349,Ada ile odada gezin,False,False,-6.03906,4.50212,-8.77566,3.10000,0.00000,0.00000
2524,98.66323,0.03269,Ada ile odada gezin,False,False,-6.03906,4.50212,-8.77566,3.10000,0.00000,0.00000
2525,98.69616,0.03293,Ada ile odada gezin,False,False,-6.03906,4.50212,-8.77566,3.10000,0.00000,0.00000
2526,98.72915,0.03299,Ada ile odada gezin,False,False,-6.03906,4.50212,-8.77566,3.10000,0.00000,0.00000
2527,98.76293,0.03378,Ada ile odada gezin,False,False,-6.03906,4.50212,-8.77566,3.10000,0.00000,0.00000
2528,98.79704,0.03412,Ada ile odada gezin,False,False,-6.03906,4.50212,-8.77566,3.10000,0.00000,0.00000
2529,98.83131,0.03427,Ada ile odada gezin,False,False,-6.03906,4.50212,-8.77566,3.10000,0.00000,0.00000
2530,98.86440,0.03309,Ada ile odada gezin,False,False,-6.03906,4.50212,-8.77566,3.10000,0.00000,0.00000
2531,98.89734,0.03293,Ada ile odada gezin,False,False,-6.03906,4.50212,-8.77566,3.10000,0.00000,0.00000
2532,98.93020,0.03286,Ada ile odada gezin,False,False,-6.03906,4.50212,-8.77566,3.10000,0.00000,0.00000
2533,98.96345,0.03325,Ada ile odada gezin,False,False,-6.03906,4.50212,-8.77566,3.10000,0.00000,0.00000
2534,98.99646,0.03301,Ada ile odada gezin,False,False,-6.03906,4.50212,-8.77566,3.10000,0.00000,0.00000
2535,99.02924,0.03278,Ada ile odada gezin,False,False,-6.03906,4.50212,-8.77566,3.10000,0.00000,0.00000
2536,99.06308,0.03384,Ada ile odada gezin,False,False,-6.03906,4.50212,-8.77566,3.10000,0.00000,0.00000
2537,99.09752,0.03444,Ada ile odada gezin,False,False,-6.03906,4.50212,-8.77566,3.10000,0.00000,0.00000
2538,99.12992,0.03240,Ada ile odada gezin,False,False,-6.03906,4.50212,-8.77566,3.10000,0.00000,0.00000
2539,99.16324,0.03332,Ada ile odada gezin,False,False,-6.03906,4.50212,-8.77566,3.10000,0.00000,0.00000
2540,99.19626,0.03302,Ada ile odada gezin,False,False,-6.03906,4.50212,-8.77566,3.10000,0.00000,0.00000
2541,99.22854,0.03228,Ada ile odada gezin,False,False,-6.03906,4.50212,-8.77566,3.10000,0.00000,0.00000
2542,99.26234,0.03380,Ada ile odada gezin,False,False,-6.03906,4.50212,-8.77566,3.10000,0.00000,0.00000
2543,99.29666,0.03432,Ada ile odada gezin,False,False,-6.03906,4.50212,-8.77566,3.10000,0.00000,0.00000
2544,99.32983,0.03317,Ada ile odada gezin,False,False,-6.03906,4.50212,-8.77566,3.10000,0.00000,0.00000
2545,99.36318,0.03335,Ada ile odada gezin,False,False,-6.03906,4.50212,-8.77566,3.10000,0.00000,0.00000
2546,99.39717,0.03399,Ada ile odada gezin,False,False,-6.03906,4.50212,-8.77566,3.10000,0.00000,0.00000
2547,99.43028,0.03311,Ada ile odada gezin,False,False,-6.03906,4.50212,-8.77566,3.10000,0.00000,0.00000
2548,99.46300,0.03272,Ada ile odada gezin,False,False,-6.03906,4.50212,-8.77566,3.10000,0.00000,0.00000
2549,99.49697,0.03397,Ada ile odada gezin,False,False,-6.03906,4.50212,-8.77566,3.10000,0.00000,0.00000
2550,99.53116,0.03418,Ada ile odada gezin,False,False,-6.03906,4.50212,-8.77566,3.10000,0.00000,0.00000
2551,99.56399,0.03283,Ada ile odada gezin,False,False,-6.03906,4.50212,-8.77566,3.10000,0.00000,0.00000
2552,99.59692,0.03293,Ada ile odada gezin,False,False,-6.03906,4.50212,-8.77566,3.10000,0.00000,0.00000
2553,99.63054,0.03362,Ada ile odada gezin,False,False,-6.03906,4.50212,-8.77566,3.10000,0.00000,0.00000
2554,99.66496,0.03442,Ada ile odada gezin,False,False,-6.03906,4.50212,-8.77566,3.10000,0.00000,0.00000
2555,99.69730,0.03234,Ada ile odada gezin,False,False,-6.03906,4.50212,-8.77566,3.10000,0.00000,0.00000
2556,99.73042,0.03313,Ada ile odada gezin,False,False,-6.03906,4.50212,-8.77566,3.10000,0.00000,0.00000
2557,99.76415,0.03372,Ada ile odada gezin,False,False,-6.03906,4.50212,-8.77566,3.10000,0.00000,0.00000
2558,99.79686,0.03272,Ada ile odada gezin,False,False,-6.03906,4.50212,-8.77566,3.10000,0.00000,0.00000
2559,99.82918,0.03231,Ada ile odada gezin,False,False,-6.03906,4.50212,-8.77566,3.10000,0.00000,0.00000
2560,99.86319,0.03401,Ada ile odada gezin,False,False,-6.03906,4.50212,-8.77566,3.10000,0.00000,0.00000
2561,99.89663,0.03344,Ada ile odada gezin,False,False,-6.03906,4.50212,-8.77566,3.10000,0.00000,0.00000
2562,99.93002,0.03338,Ada ile odada gezin,False,False,-6.03906,4.50212,-8.77566,3.10000,0.00000,0.00000
2563,99.96359,0.03357,Ada ile odada gezin,False,False,-6.03906,4.50212,-8.77566,3.10000,0.00000,0.00000
2564,99.99665,0.03307,Ada ile odada gezin,False,False,-6.03906,4.50212,-8.77566,3.10000,0.00000,0.00000
2565,100.03012,0.03347,Ada ile odada gezin,False,False,-6.03906,4.50212,-8.77566,3.10000,0.00000,0.00000
2566,100.06398,0.03386,Ada ile odada gezin,False,False,-6.03906,4.50212,-8.77566,3.10000,0.00000,0.00000
2567,100.09719,0.03320,Ada ile odada gezin,False,False,-6.03906,4.50212,-8.77566,3.10000,0.00000,0.00000
2568,100.12955,0.03236,Ada ile odada gezin,False,False,-6.03906,4.50212,-8.77566,3.10000,0.00000,0.00000
2569,100.16284,0.03329,Ada ile odada gezin,False,False,-6.03906,4.50212,-8.77566,3.10000,0.00000,0.00000
2570,100.19667,0.03383,Ada ile odada gezin,False,False,-6.03906,4.50212,-8.77566,3.10000,0.00000,0.00000
2571,100.23142,0.03475,Ada ile odada gezin,False,False,-6.03906,4.50212,-8.77566,3.10000,0.00000,0.00000
2572,100.26413,0.03271,Ada ile odada gezin,False,False,-6.03906,4.50212,-8.77566,3.10000,0.00000,0.00000
2573,100.29628,0.03215,Ada ile odada gezin,False,False,-6.03906,4.50212,-8.77566,3.10000,0.00000,0.00000
2574,100.32928,0.03300,Ada ile odada gezin,False,False,-6.03906,4.50212,-8.77566,3.10000,0.00000,0.00000
2575,100.36319,0.03391,Ada ile odada gezin,False,False,-6.03906,4.50212,-8.77566,3.10000,0.00000,0.00000
2576,100.39718,0.03399,Ada ile odada gezin,False,False,-6.03906,4.50212,-8.77566,3.10000,0.00000,0.00000
2577,100.43010,0.03293,Ada ile odada gezin,False,False,-6.03906,4.50212,-8.77566,3.10000,0.00000,0.00000
2578,100.46356,0.03345,Ada ile odada gezin,False,False,-6.03906,4.50212,-8.77566,3.10000,0.00000,0.00000
2579,100.49731,0.03376,Ada ile odada gezin,False,False,-6.03906,4.50212,-8.77566,3.10000,0.00000,0.00000
2580,100.53024,0.03292,Ada ile odada gezin,False,False,-6.03906,4.50212,-8.77566,3.10000,0.00000,0.00000
2581,100.56362,0.03338,Ada ile odada gezin,False,False,-6.03906,4.50212,-8.77566,3.10000,0.00000,0.00000
2582,100.59696,0.03334,Ada ile odada gezin,False,False,-6.03906,4.50212,-8.77566,3.10000,0.00000,0.00000
2583,100.62957,0.03261,Ada ile odada gezin,False,False,-6.03906,4.50212,-8.77566,3.10000,0.00000,0.00000
2584,100.66358,0.03401,Ada ile odada gezin,False,False,-6.03906,4.50212,-8.77566,3.10000,0.00000,0.00000
2585,100.69739,0.03381,Ada ile odada gezin,False,False,-6.03906,4.50212,-8.77566,3.10000,0.00000,0.00000
2586,100.73047,0.03307,Ada ile odada gezin,False,False,-6.03906,4.50212,-8.77566,3.10000,0.00000,0.00000
2587,100.76380,0.03333,Ada ile odada gezin,False,False,-6.03906,4.50212,-8.77566,3.10000,0.00000,0.00000
2588,100.79716,0.03336,Ada ile odada gezin,False,False,-6.03906,4.50212,-8.77566,3.10000,0.00000,0.00000
2589,100.84020,0.04304,Ada ile odada gezin,False,False,-6.03906,4.50212,-8.77566,3.10000,0.00000,0.00000
2590,100.87341,0.03322,Ada ile odada gezin,False,False,-6.03906,4.50212,-8.77566,3.10000,0.00000,0.00000
2591,100.90561,0.03220,Ada ile odada gezin,False,False,-6.03906,4.50212,-8.77566,3.10000,0.00000,0.00000
2592,100.93836,0.03274,Ada ile odada gezin,False,False,-6.03906,4.50212,-8.77566,3.10000,0.00000,0.00000
2593,100.97241,0.03405,Ada ile odada gezin,False,False,-6.03906,4.50212,-8.77566,3.10000,0.00000,0.00000
2594,101.00514,0.03273,Ada ile odada gezin,False,False,-6.03906,4.50212,-8.77566,3.10000,0.00000,0.00000
2595,101.03824,0.03310,Ada ile odada gezin,False,False,-6.03906,4.50212,-8.77566,3.10000,0.00000,0.00000
2596,101.07191,0.03367,Ada ile odada gezin,False,False,-6.03906,4.50212,-8.77566,3.10000,0.00000,0.00000
2597,101.10564,0.03373,Ada ile odada gezin,False,False,-6.03906,4.50212,-8.77566,3.10000,0.00000,0.00000
2598,101.13840,0.03276,Ada ile odada gezin,False,False,-6.03906,4.50212,-8.77566,3.10000,0.00000,0.00000
2599,101.17074,0.03234,Ada ile odada gezin,False,False,-6.03906,4.50212,-8.77566,3.10000,0.00000,0.00000
2600,101.20522,0.03449,Ada ile odada gezin,False,False,-6.03906,4.50212,-8.77566,3.10000,0.00000,0.00000
2601,101.23961,0.03439,Ada ile odada gezin,False,False,-6.03906,4.50212,-8.77566,3.10000,0.00000,0.00000
2602,101.27290,0.03329,Ada ile odada gezin,False,False,-6.03906,4.50212,-8.77566,3.10000,0.00000,0.00000
2603,101.30605,0.03315,Ada ile odada gezin,False,False,-6.03906,4.50212,-8.77566,3.10000,0.00000,0.00000
2604,101.34013,0.03408,Ada ile odada gezin,False,False,-6.03906,4.50212,-8.77566,3.10000,0.00000,0.00000
2605,101.38496,0.04482,Ada ile odada gezin,False,False,-6.03906,4.50212,-8.77566,3.10000,0.00000,0.00000
2606,101.42160,0.03665,Ada ile odada gezin,False,False,-6.03906,4.50212,-8.77566,3.10000,0.00000,0.00000
2607,101.44113,0.01953,Ada ile odada gezin,False,False,-6.03909,4.50185,-8.77398,3.10000,0.00170,0.00000
2608,101.47495,0.03382,Ada ile odada gezin,False,False,-6.03921,4.50072,-8.76607,3.10000,0.00799,0.00000
2609,101.50938,0.03443,Ada ile odada gezin,False,False,-6.03938,4.49882,-8.75134,3.10000,0.01485,0.00000
2610,101.54347,0.03409,Ada ile odada gezin,False,False,-6.03956,4.49625,-8.72922,3.10000,0.02226,0.00000
2611,101.57627,0.03279,Ada ile odada gezin,False,False,-6.03971,4.49312,-8.69961,3.10000,0.02978,0.00000
2612,101.60793,0.03167,Ada ile odada gezin,False,False,-6.03984,4.48967,-8.66388,3.10000,0.03590,0.00000
2613,101.64155,0.03362,Ada ile odada gezin,False,False,-6.04008,4.48601,-8.62139,3.10000,0.04264,0.00000
2614,101.67500,0.03345,Ada ile odada gezin,False,False,-6.04038,4.48233,-8.57178,3.10000,0.04975,0.00000
2615,101.70727,0.03227,Ada ile odada gezin,False,False,-6.04061,4.47935,-8.52317,3.10000,0.04870,0.00000
2616,101.74155,0.03428,Ada ile odada gezin,False,False,-6.04082,4.47666,-8.47117,3.10000,0.05208,0.00000
2617,101.77567,0.03412,Ada ile odada gezin,False,False,-6.04121,4.47427,-8.41524,3.10000,0.05598,0.00000
2618,101.80864,0.03298,Ada ile odada gezin,False,False,-6.04167,4.47246,-8.36140,3.10000,0.05387,0.00000
2619,101.84160,0.03296,Ada ile odada gezin,False,False,-6.04219,4.47093,-8.30592,3.10000,0.05550,0.00000
2620,101.87483,0.03323,Ada ile odada gezin,False,False,-6.04271,4.46976,-8.25176,3.10000,0.05418,0.00000
2621,101.90838,0.03356,Ada ile odada gezin,False,False,-6.04327,4.46872,-8.19489,3.10000,0.05688,0.00000
2622,101.94217,0.03379,Ada ile odada gezin,False,False,-6.04380,4.46791,-8.13819,3.10000,0.05671,0.00000
2623,101.97434,0.03217,Ada ile odada gezin,False,False,-6.04715,4.46771,-8.08386,3.10000,0.05444,0.00000
2624,102.00800,0.03365,Ada ile odada gezin,False,False,-6.05506,4.46823,-8.03006,3.10000,0.05438,0.00000
2625,102.04163,0.03364,Ada ile odada gezin,False,False,-6.06867,4.46963,-7.97747,3.10000,0.05433,0.00000
2626,102.07498,0.03335,Ada ile odada gezin,False,False,-6.08693,4.47187,-7.93117,3.10000,0.04982,0.00000
2627,102.10804,0.03306,Ada ile odada gezin,False,False,-6.11136,4.47497,-7.88837,3.10000,0.04938,0.00000
2628,102.14017,0.03213,Ada ile odada gezin,False,False,-6.13898,4.47858,-7.85364,3.10000,0.04453,0.00000
2629,102.17566,0.03549,Ada ile odada gezin,False,False,-6.17669,4.48333,-7.82068,3.10000,0.05031,0.00000
2630,102.20514,0.02948,Ada ile odada gezin,False,False,-6.20911,4.48748,-7.80063,3.10000,0.03834,0.00000
2631,102.23932,0.03418,Ada ile odada gezin,False,False,-6.25360,4.49297,-7.78336,3.10000,0.04804,0.00000
2632,102.27184,0.03252,Ada ile odada gezin,False,False,-6.29760,4.49838,-7.77473,3.10000,0.04516,0.00000
2633,102.30555,0.03371,Ada ile odada gezin,False,False,-6.34023,4.50326,-7.77178,3.10000,0.04302,0.00000
2634,102.33989,0.03435,Ada ile odada gezin,False,False,-6.38439,4.50772,-7.77260,3.10000,0.04439,0.00000
2635,102.37257,0.03268,Ada ile odada gezin,False,False,-6.42405,4.51107,-7.77562,3.10000,0.03991,0.00000
2636,102.40667,0.03409,Ada ile odada gezin,False,False,-6.46139,4.51360,-7.77997,3.10000,0.03768,0.00000
2637,102.43995,0.03329,Ada ile odada gezin,False,False,-6.49524,4.51519,-7.78486,3.10000,0.03424,0.00000
2638,102.47371,0.03375,Ada ile odada gezin,False,False,-6.52158,4.51568,-7.78925,3.10000,0.02671,0.00000
2639,102.50731,0.03360,Ada ile odada gezin,False,False,-6.54263,4.51524,-7.79320,3.10000,0.02142,0.00000
2640,102.54101,0.03370,Ada ile odada gezin,False,False,-6.55555,4.51407,-7.79597,3.10000,0.01326,0.00000
2641,102.57449,0.03348,Ada ile odada gezin,False,False,-6.56475,4.51250,-7.79823,3.10000,0.00961,0.00000
2642,102.60534,0.03085,Ada ile odada gezin,False,False,-6.57029,4.51103,-7.79978,3.10000,0.00593,0.00000
2643,102.63900,0.03367,Ada ile odada gezin,False,False,-6.57418,4.50960,-7.80103,3.10000,0.00433,0.00000
2644,102.67312,0.03412,Ada ile odada gezin,False,False,-6.57689,4.50828,-7.80202,3.10000,0.00318,0.00000
2645,102.70576,0.03264,Ada ile odada gezin,False,False,-6.57869,4.50716,-7.80278,3.10000,0.00225,0.00000
2646,102.73837,0.03260,Ada ile odada gezin,False,False,-6.57989,4.50623,-7.80335,3.10000,0.00162,0.00000
2647,102.77238,0.03401,Ada ile odada gezin,False,False,-6.58074,4.50544,-7.80380,3.10000,0.00125,0.00000
2648,102.80658,0.03421,Ada ile odada gezin,False,False,-6.58133,4.50478,-7.80416,3.10000,0.00096,0.00000
2649,102.89665,0.09007,Ada ile odada gezin,False,False,-6.58219,4.50357,-7.80478,3.10000,0.00161,0.00000
2650,102.90384,0.00719,Ada ile odada gezin,False,False,-6.58170,4.50338,-7.80455,3.10000,0.00058,0.00000
2651,102.92003,0.01619,Ada ile odada gezin,False,False,-6.57893,4.50269,-7.80319,3.10000,0.00316,0.00000
2652,102.93839,0.01836,Ada ile odada gezin,False,False,-6.57371,4.50161,-7.80060,3.10000,0.00592,0.00000
2653,102.97105,0.03266,Ada ile odada gezin,False,False,-6.55552,4.49843,-7.79140,3.10000,0.02063,0.00000
2654,103.00387,0.03282,Ada ile odada gezin,False,False,-6.53233,4.49497,-7.77952,3.10000,0.02628,0.00000
2655,103.03857,0.03470,Ada ile odada gezin,False,False,-6.49924,4.49061,-7.76242,3.10000,0.03751,0.00000
2656,103.07265,0.03408,Ada ile odada gezin,False,False,-6.46125,4.48628,-7.74261,3.10000,0.04306,0.00000
2657,103.10716,0.03451,Ada ile odada gezin,False,False,-6.41897,4.48217,-7.72037,3.10000,0.04795,0.00000
2658,103.14013,0.03297,Ada ile odada gezin,False,False,-6.37379,4.47849,-7.69642,3.10000,0.05126,0.00000
2659,103.17166,0.03153,Ada ile odada gezin,False,False,-6.32989,4.47555,-7.67297,3.10000,0.04986,0.00000
2660,103.20451,0.03286,Ada ile odada gezin,False,False,-6.28400,4.47297,-7.64832,3.10000,0.05215,0.00000
2661,103.23846,0.03394,Ada ile odada gezin,False,False,-6.23569,4.47072,-7.62226,3.10000,0.05493,0.00000
2662,103.27243,0.03397,Ada ile odada gezin,False,False,-6.18687,4.46888,-7.59580,3.10000,0.05556,0.00000
2663,103.30533,0.03291,Ada ile odada gezin,False,False,-6.13768,4.46738,-7.56904,3.10000,0.05602,0.00000
2664,103.33866,0.03333,Ada ile odada gezin,False,False,-6.09011,4.46625,-7.54307,3.10000,0.05421,0.00000
2665,103.37292,0.03426,Ada ile odada gezin,False,False,-6.03962,4.46523,-7.51547,3.10000,0.05755,0.00000
2666,103.40573,0.03281,Ada ile odada gezin,False,False,-5.98999,4.46445,-7.48827,3.10000,0.05659,0.00000
2667,103.43833,0.03259,Ada ile odada gezin,False,False,-5.94205,4.46389,-7.46195,3.10000,0.05470,0.00000
2668,103.47174,0.03341,Ada ile odada gezin,False,False,-5.89260,4.46338,-7.43478,3.10000,0.05642,0.00000
2669,103.50586,0.03412,Ada ile odada gezin,False,False,-5.84306,4.46298,-7.40753,3.10000,0.05654,0.00000
2670,103.53871,0.03285,Ada ile odada gezin,False,False,-5.79225,4.46263,-7.37957,3.10000,0.05800,0.00000
2671,103.57126,0.03254,Ada ile odada gezin,False,False,-5.74484,4.46245,-7.35343,3.10000,0.05414,0.00000
2672,103.60521,0.03396,Ada ile odada gezin,False,False,-5.69475,4.46222,-7.32583,3.10000,0.05719,0.00000
2673,103.63818,0.03297,Ada ile odada gezin,False,False,-5.64456,4.46205,-7.29816,3.10000,0.05732,0.00000
2674,103.67162,0.03344,Ada ile odada gezin,False,False,-5.59604,4.46195,-7.27139,3.10000,0.05541,0.00000
2675,103.70676,0.03514,Ada ile odada gezin,False,False,-5.54527,4.46182,-7.24339,3.10000,0.05798,0.00000
2676,103.74074,0.03398,Ada ile odada gezin,False,False,-5.49390,4.46171,-7.21505,3.10000,0.05867,0.00000
2677,103.77319,0.03245,Ada ile odada gezin,False,False,-5.44517,4.46170,-7.18815,3.10000,0.05567,0.00000
2678,103.80630,0.03311,Ada ile odada gezin,False,False,-5.39642,4.46167,-7.16123,3.10000,0.05568,0.00000
2679,103.85094,0.04464,Ada ile odada gezin,False,False,-5.34636,4.46162,-7.13360,3.10000,0.05718,0.00000
2680,103.88346,0.03252,Ada ile odada gezin,False,False,-5.27739,4.46115,-7.09564,3.10000,0.07872,0.00000
2681,103.90569,0.02222,Ada ile odada gezin,False,False,-5.24789,4.46165,-7.07921,3.10000,0.03377,0.00000
2682,103.93984,0.03415,Ada ile odada gezin,False,False,-5.19739,4.46161,-7.05133,3.10000,0.05769,0.00000
2683,103.97264,0.03280,Ada ile odada gezin,False,False,-5.14716,4.46159,-7.02361,3.10000,0.05737,0.00000
2684,104.00497,0.03233,Ada ile odada gezin,False,False,-5.09950,4.46162,-6.99728,3.10000,0.05445,0.00000
2685,104.03783,0.03286,Ada ile odada gezin,False,False,-5.05008,4.46160,-6.96999,3.10000,0.05645,0.00000
2686,104.07113,0.03331,Ada ile odada gezin,False,False,-5.00098,4.46158,-6.94288,3.10000,0.05610,0.00000
2687,104.10525,0.03412,Ada ile odada gezin,False,False,-4.95080,4.46154,-6.91518,3.10000,0.05731,0.00000
2688,104.14664,0.04139,Ada ile odada gezin,False,False,-4.88737,4.46122,-6.88024,3.10000,0.07242,0.00000
2689,104.17983,0.03319,Ada ile odada gezin,False,False,-4.83769,4.46139,-6.85276,3.10000,0.05677,0.00000
2690,104.21229,0.03246,Ada ile odada gezin,False,False,-4.79028,4.46153,-6.82654,3.10000,0.05419,0.00000
2691,104.24580,0.03351,Ada ile odada gezin,False,False,-4.74043,4.46155,-6.79900,3.10000,0.05695,0.00000
2692,104.27992,0.03412,Ada ile odada gezin,False,False,-4.69140,4.46157,-6.77192,3.10000,0.05601,0.00000
2693,104.31378,0.03386,Ada ile odada gezin,False,False,-4.63963,4.46152,-6.74335,3.10000,0.05913,0.00000
2694,104.34604,0.03226,Ada ile odada gezin,False,False,-4.59198,4.46158,-6.71702,3.10000,0.05444,0.00000
2695,104.37943,0.03339,Ada ile odada gezin,False,False,-4.54238,4.46156,-6.68963,3.10000,0.05666,0.00000
2696,104.41242,0.03300,Ada ile odada gezin,False,False,-4.49279,4.46154,-6.66225,3.10000,0.05664,0.00000
2697,104.44555,0.03313,Ada ile odada gezin,False,False,-4.44359,4.46154,-6.63508,3.10000,0.05621,0.00000
2698,104.47908,0.03352,Ada ile odada gezin,False,False,-4.39431,4.46153,-6.60787,3.10000,0.05629,0.00000
2699,104.51259,0.03351,Ada ile odada gezin,False,False,-4.34384,4.46150,-6.58001,3.10000,0.05765,0.00000
2700,104.54561,0.03303,Ada ile odada gezin,False,False,-4.29491,4.46151,-6.55298,3.10000,0.05590,0.00000
2701,104.57961,0.03399,Ada ile odada gezin,False,False,-4.24509,4.46149,-6.52547,3.10000,0.05691,0.00000
2702,104.61326,0.03366,Ada ile odada gezin,False,False,-4.19450,4.46147,-6.49754,3.10000,0.05778,0.00000
2703,104.64546,0.03220,Ada ile odada gezin,False,False,-4.14549,4.46149,-6.47047,3.10000,0.05599,0.00000
2704,104.67812,0.03266,Ada ile odada gezin,False,False,-4.09733,4.46151,-6.44387,3.10000,0.05502,0.00000
2705,104.71323,0.03510,Ada ile odada gezin,False,False,-4.04665,4.46147,-6.41589,3.10000,0.05789,0.00000
2706,104.74696,0.03374,Ada ile odada gezin,False,False,-3.99515,4.46143,-6.38746,3.10000,0.05883,0.00000
2707,104.77977,0.03281,Ada ile odada gezin,False,False,-3.94737,4.46149,-6.36106,3.10000,0.05458,0.00000
2708,104.81323,0.03346,Ada ile odada gezin,False,False,-3.89653,4.46146,-6.33299,3.10000,0.05808,0.00000
2709,104.85363,0.04040,Yakından incele · bridge,True,False,-3.83611,4.45600,-6.29006,3.09345,0.07433,0.00000
2710,104.88698,0.03335,Yakından incele · bridge,True,False,-3.78667,4.43392,-6.22439,3.06714,0.08512,0.46140
2711,104.91345,0.02647,Yakından incele · bridge,True,False,-3.73856,4.41243,-6.16048,3.04154,0.08283,0.44937
2712,104.94773,0.03428,Yakından incele · bridge,True,False,-3.65369,4.37453,-6.04775,2.99637,0.14611,0.79327
2713,104.98015,0.03242,Yakından incele · bridge,True,False,-3.55197,4.32910,-5.91264,2.94224,0.17512,0.95120
2714,105.01148,0.03133,Yakından incele · bridge,True,False,-3.43524,4.27696,-5.75759,2.88013,0.20095,1.09073
2715,105.04494,0.03347,Yakından incele · bridge,True,False,-3.30385,4.21828,-5.58305,2.81020,0.22621,1.22779
2716,105.07998,0.03503,Yakından incele · bridge,True,False,-3.14744,4.14842,-5.37529,2.72697,0.26928,1.46230
2717,105.11358,0.03360,Yakından incele · bridge,True,False,-2.98038,4.07380,-5.15338,2.63807,0.28761,1.56219
2718,105.14583,0.03225,Yakından incele · bridge,True,False,-2.80678,3.99627,-4.92280,2.54569,0.29886,1.62265
2719,105.17910,0.03327,Yakından incele · bridge,True,False,-2.62639,3.91570,-4.68317,2.44969,0.31057,1.68605
2720,105.21261,0.03351,Yakından incele · bridge,True,False,-2.42777,3.82699,-4.41935,2.34400,0.34193,1.85703
2721,105.24660,0.03399,Yakından incele · bridge,True,False,-2.22988,3.73860,-4.15648,2.23869,0.34070,1.85070
2722,105.27981,0.03321,Yakından incele · bridge,True,False,-2.02390,3.64661,-3.88288,2.12907,0.35461,1.92573
2723,105.31274,0.03293,Yakından incele · bridge,True,False,-1.81985,3.55547,-3.61184,2.02049,0.35129,1.90776
2724,105.34682,0.03407,Yakından incele · bridge,True,False,-1.61002,3.46176,-3.33312,1.90883,0.36124,1.96157
2725,105.37942,0.03260,Yakından incele · bridge,True,False,-1.39905,3.36753,-3.05288,1.79656,0.36321,1.97232
2726,105.41184,0.03242,Yakından incele · bridge,True,False,-1.20104,3.27909,-2.78986,1.69118,0.34089,1.85155
2727,105.44605,0.03421,Yakından incele · bridge,True,False,-0.99523,3.18717,-2.51648,1.58166,0.35432,1.92451
2728,105.47985,0.03380,Yakından incele · bridge,True,False,-0.79819,3.09916,-2.25475,1.47681,0.33922,1.84265
2729,105.51300,0.03315,Yakından incele · bridge,True,False,-0.60620,3.01341,-1.99973,1.37464,0.33054,1.79575
2730,105.54609,0.03308,Yakından incele · bridge,True,False,-0.42924,2.93438,-1.76467,1.28047,0.30465,1.65465
2731,105.58002,0.03393,Yakından incele · bridge,True,False,-0.25459,2.85637,-1.53267,1.18752,0.30069,1.63323
2732,105.61276,0.03274,Yakından incele · bridge,True,False,-0.09916,2.78695,-1.32622,1.10481,0.26757,1.45317
2733,105.64576,0.03300,Yakından incele · bridge,True,False,0.04547,2.72235,-1.13410,1.02784,0.24901,1.35275
2734,105.67958,0.03382,Yakından incele · bridge,True,False,0.17201,2.66584,-0.96602,0.96051,0.21784,1.18364
2735,105.71362,0.03405,Yakından incele · bridge,True,False,0.28951,2.61336,-0.80994,0.89798,0.20230,1.09859
2736,105.74632,0.03270,Yakından incele · bridge,True,False,0.37721,2.57419,-0.69345,0.85131,0.15098,0.81948
2737,105.78006,0.03373,Yakından incele · bridge,True,False,0.45167,2.54093,-0.59454,0.81168,0.12820,0.69661
2738,105.81280,0.03275,Yakından incele · bridge,True,False,0.50058,2.51909,-0.52957,0.78565,0.08420,0.45628
2739,105.84660,0.03380,Yakından incele · bridge,True,False,0.52643,2.50754,-0.49524,0.77190,0.04449,0.24066
2740,105.87970,0.03310,Yakından incele · bridge,False,False,0.53000,2.50595,-0.49049,0.77000,0.00615,0.00000
2741,105.91796,0.03826,Yakından incele · bridge,False,False,0.53000,2.50595,-0.49049,0.77000,0.00000,0.00000
2742,105.95922,0.04126,Yakından incele · bridge,False,False,0.53000,2.50595,-0.49049,0.77000,0.00000,0.00000
2743,106.00169,0.04247,Yakından incele · bridge,False,False,0.53000,2.50595,-0.49049,0.77000,0.00000,0.00000
2744,106.02061,0.01892,Yakından incele · bridge,False,False,0.53000,2.50595,-0.49049,0.77000,0.00000,0.00000
2745,106.04764,0.02703,Yakından incele · bridge,False,False,0.53000,2.50595,-0.49049,0.77000,0.00000,0.00000
2746,106.07950,0.03186,Yakından incele · bridge,False,False,0.53000,2.50595,-0.49049,0.77000,0.00000,0.00000
2747,106.11290,0.03340,Yakından incele · bridge,False,False,0.53000,2.50595,-0.49049,0.77000,0.00000,0.00000
2748,106.14619,0.03329,Yakından incele · bridge,False,False,0.53000,2.50595,-0.49049,0.77000,0.00000,0.00000
2749,106.18053,0.03434,Yakından incele · bridge,False,False,0.53000,2.50595,-0.49049,0.77000,0.00000,0.00000
2750,106.21424,0.03371,Yakından incele · bridge,False,False,0.53000,2.50595,-0.49049,0.77000,0.00000,0.00000
2751,106.24611,0.03187,Yakından incele · bridge,False,False,0.53000,2.50595,-0.49049,0.77000,0.00000,0.00000
2752,106.27940,0.03329,Yakından incele · bridge,False,False,0.53000,2.50595,-0.49049,0.77000,0.00000,0.00000
2753,106.31174,0.03234,Yakından incele · bridge,False,False,0.53000,2.50595,-0.49049,0.77000,0.00000,0.00000
2754,106.34729,0.03555,Yakından incele · bridge,False,False,0.53000,2.50595,-0.49049,0.77000,0.00000,0.00000
2755,106.38139,0.03410,Yakından incele · bridge,False,False,0.53000,2.50595,-0.49049,0.77000,0.00000,0.00000
2756,106.41335,0.03195,Yakından incele · bridge,False,False,0.53000,2.50595,-0.49049,0.77000,0.00000,0.00000
2757,106.44644,0.03310,Yakından incele · bridge,False,False,0.53000,2.50595,-0.49049,0.77000,0.00000,0.00000
2758,106.48056,0.03411,Yakından incele · bridge,False,False,0.53000,2.50595,-0.49049,0.77000,0.00000,0.00000
2759,106.51374,0.03319,Yakından incele · bridge,False,False,0.53000,2.50595,-0.49049,0.77000,0.00000,0.00000
2760,106.54605,0.03231,Yakından incele · bridge,False,False,0.53000,2.50595,-0.49049,0.77000,0.00000,0.00000
2761,106.59257,0.04652,Yakından incele · bridge,False,False,0.53000,2.50595,-0.49049,0.77000,0.00000,0.00000
2762,106.61209,0.01951,Yakından incele · bridge,False,False,0.53000,2.50595,-0.49049,0.77000,0.00000,0.00000
2763,106.64582,0.03373,Yakından incele · bridge,False,False,0.53000,2.50595,-0.49049,0.77000,0.00000,0.00000
2764,106.67946,0.03364,Yakından incele · bridge,False,False,0.53000,2.50595,-0.49049,0.77000,0.00000,0.00000
2765,106.71350,0.03404,Yakından incele · bridge,False,False,0.53000,2.50595,-0.49049,0.77000,0.00000,0.00000
2766,106.74781,0.03431,Yakından incele · bridge,False,False,0.53000,2.50595,-0.49049,0.77000,0.00000,0.00000
2767,106.78080,0.03299,Yakından incele · bridge,False,False,0.53000,2.50595,-0.49049,0.77000,0.00000,0.00000
2768,106.81484,0.03404,Yakından incele · bridge,False,False,0.53000,2.50595,-0.49049,0.77000,0.00000,0.00000
2769,106.84686,0.03202,Yakından incele · bridge,False,False,0.53000,2.50595,-0.49049,0.77000,0.00000,0.00000
2770,106.87970,0.03284,Yakından incele · bridge,False,False,0.53000,2.50595,-0.49049,0.77000,0.00000,0.00000
2771,106.91384,0.03414,Yakından incele · bridge,False,False,0.53000,2.50595,-0.49049,0.77000,0.00000,0.00000
2772,106.94716,0.03333,Yakından incele · bridge,False,False,0.53000,2.50595,-0.49049,0.77000,0.00000,0.00000
2773,106.98039,0.03323,Yakından incele · bridge,False,False,0.53000,2.50595,-0.49049,0.77000,0.00000,0.00000
2774,107.01439,0.03400,Yakından incele · bridge,False,False,0.53000,2.50595,-0.49049,0.77000,0.00000,0.00000
2775,107.04712,0.03273,Yakından incele · bridge,False,False,0.53000,2.50595,-0.49049,0.77000,0.00000,0.00000
2776,107.07980,0.03268,Yakından incele · bridge,False,False,0.53000,2.50595,-0.49049,0.77000,0.00000,0.00000
2777,107.11312,0.03331,Yakından incele · bridge,False,False,0.53000,2.50595,-0.49049,0.77000,0.00000,0.00000
2778,107.14630,0.03318,Yakından incele · bridge,False,False,0.53000,2.50595,-0.49049,0.77000,0.00000,0.00000
2779,107.17990,0.03360,Yakından incele · bridge,False,False,0.53000,2.50595,-0.49049,0.77000,0.00000,0.00000
2780,107.21365,0.03375,Yakından incele · bridge,False,False,0.53000,2.50595,-0.49049,0.77000,0.00000,0.00000
2781,107.25930,0.04565,Yakından incele · bridge,False,False,0.53000,2.50595,-0.49049,0.77000,0.00000,0.00000
2782,107.27934,0.02003,Yakından incele · bridge,False,False,0.53000,2.50595,-0.49049,0.77000,0.00000,0.00000
2783,107.31236,0.03303,Yakından incele · bridge,False,False,0.53000,2.50595,-0.49049,0.77000,0.00000,0.00000
2784,107.34541,0.03305,Yakından incele · bridge,False,False,0.53000,2.50595,-0.49049,0.77000,0.00000,0.00000
2785,107.37949,0.03408,Yakından incele · bridge,False,False,0.53000,2.50595,-0.49049,0.77000,0.00000,0.00000
2786,107.41305,0.03356,Yakından incele · bridge,False,False,0.53000,2.50595,-0.49049,0.77000,0.00000,0.00000
2787,107.45318,0.04013,Yakından incele · bridge,False,False,0.53000,2.50595,-0.49049,0.77000,0.00000,0.00000
2788,107.48744,0.03426,Yakından incele · bridge,False,False,0.53000,2.50595,-0.49049,0.77000,0.00000,0.00000
2789,107.52170,0.03426,Yakından incele · bridge,False,False,0.53000,2.50595,-0.49049,0.77000,0.00000,0.00000
2790,107.55435,0.03265,Yakından incele · bridge,False,False,0.53000,2.50595,-0.49049,0.77000,0.00000,0.00000
2791,107.58726,0.03291,Yakından incele · bridge,False,False,0.53000,2.50595,-0.49049,0.77000,0.00000,0.00000
2792,107.62080,0.03354,Yakından incele · bridge,False,False,0.53000,2.50595,-0.49049,0.77000,0.00000,0.00000
2793,107.65437,0.03357,Yakından incele · bridge,False,False,0.53000,2.50595,-0.49049,0.77000,0.00000,0.00000
2794,107.68740,0.03303,Yakından incele · bridge,False,False,0.53000,2.50595,-0.49049,0.77000,0.00000,0.00000
2795,107.72076,0.03336,Yakından incele · bridge,False,False,0.53000,2.50595,-0.49049,0.77000,0.00000,0.00000
2796,107.75437,0.03362,Yakından incele · bridge,False,False,0.53000,2.50595,-0.49049,0.77000,0.00000,0.00000
2797,107.78804,0.03367,Yakından incele · bridge,False,False,0.53000,2.50595,-0.49049,0.77000,0.00000,0.00000
2798,107.82284,0.03479,Yakından incele · bridge,False,False,0.53000,2.50595,-0.49049,0.77000,0.00000,0.00000
2799,107.85766,0.03483,Yakından incele · bridge,False,False,0.53000,2.50595,-0.49049,0.77000,0.00000,0.00000
2800,107.89102,0.03335,Yakından incele · bridge,False,False,0.53000,2.50595,-0.49049,0.77000,0.00000,0.00000
2801,107.94629,0.05527,Yakından incele · bridge,False,False,0.53000,2.50595,-0.49049,0.77000,0.00000,0.00000
2802,107.95380,0.00752,Yakından incele · bridge,False,False,0.53000,2.50595,-0.49049,0.77000,0.00000,0.00000
2803,107.98797,0.03416,Yakından incele · bridge,False,False,0.53000,2.50595,-0.49049,0.77000,0.00000,0.00000
2804,108.02165,0.03368,Yakından incele · bridge,False,False,0.53000,2.50595,-0.49049,0.77000,0.00000,0.00000
2805,108.05415,0.03250,Yakından incele · bridge,False,False,0.53000,2.50595,-0.49049,0.77000,0.00000,0.00000
2806,108.08982,0.03567,Yakından incele · bridge,False,False,0.53000,2.50595,-0.49049,0.77000,0.00000,0.00000
2807,108.12699,0.03717,Yakından incele · bridge,False,False,0.53000,2.50595,-0.49049,0.77000,0.00000,0.00000
2808,108.16327,0.03628,Yakından incele · bridge,False,False,0.53000,2.50595,-0.49049,0.77000,0.00000,0.00000
2809,108.19188,0.02862,Yakından incele · bridge,False,False,0.53000,2.50595,-0.49049,0.77000,0.00000,0.00000
2810,108.22378,0.03190,Yakından incele · bridge,False,False,0.53000,2.50595,-0.49049,0.77000,0.00000,0.00000
2811,108.25743,0.03364,Yakından incele · bridge,False,False,0.53000,2.50595,-0.49049,0.77000,0.00000,0.00000
2812,108.28825,0.03083,Yakından incele · bridge,False,False,0.53000,2.50595,-0.49049,0.77000,0.00000,0.00000
2813,108.32014,0.03189,Yakından incele · bridge,False,False,0.53000,2.50595,-0.49049,0.77000,0.00000,0.00000
2814,108.35334,0.03319,Yakından incele · bridge,False,False,0.53000,2.50595,-0.49049,0.77000,0.00000,0.00000
2815,108.38786,0.03453,Yakından incele · bridge,False,False,0.53000,2.50595,-0.49049,0.77000,0.00000,0.00000
2816,108.42130,0.03344,Yakından incele · bridge,False,False,0.53000,2.50595,-0.49049,0.77000,0.00000,0.00000
2817,108.45406,0.03277,Yakından incele · bridge,False,False,0.53000,2.50595,-0.49049,0.77000,0.00000,0.00000
2818,108.48730,0.03323,Yakından incele · bridge,False,False,0.53000,2.50595,-0.49049,0.77000,0.00000,0.00000
2819,108.52044,0.03314,Yakından incele · bridge,False,False,0.53000,2.50595,-0.49049,0.77000,0.00000,0.00000
2820,108.55505,0.03461,Yakından incele · bridge,False,False,0.53000,2.50595,-0.49049,0.77000,0.00000,0.00000
2821,108.58824,0.03319,Yakından incele · bridge,False,False,0.53000,2.50595,-0.49049,0.77000,0.00000,0.00000
2822,108.62077,0.03253,Yakından incele · bridge,False,False,0.53000,2.50595,-0.49049,0.77000,0.00000,0.00000
2823,108.65425,0.03348,Yakından incele · bridge,False,False,0.53000,2.50595,-0.49049,0.77000,0.00000,0.00000
2824,108.68681,0.03256,Yakından incele · bridge,False,False,0.53000,2.50595,-0.49049,0.77000,0.00000,0.00000
2825,108.71975,0.03295,Yakından incele · bridge,False,False,0.53000,2.50595,-0.49049,0.77000,0.00000,0.00000
2826,108.75401,0.03425,Yakından incele · bridge,False,False,0.53000,2.50595,-0.49049,0.77000,0.00000,0.00000
2827,108.78852,0.03452,Yakından incele · bridge,False,False,0.53000,2.50595,-0.49049,0.77000,0.00000,0.00000
2828,108.82109,0.03256,Yakından incele · bridge,False,False,0.53000,2.50595,-0.49049,0.77000,0.00000,0.00000
2829,108.85348,0.03240,Yakından incele · bridge,False,False,0.53000,2.50595,-0.49049,0.77000,0.00000,0.00000
2830,108.88649,0.03301,Yakından incele · bridge,False,False,0.53000,2.50595,-0.49049,0.77000,0.00000,0.00000
2831,108.92074,0.03425,Yakından incele · bridge,False,False,0.53000,2.50595,-0.49049,0.77000,0.00000,0.00000
2832,108.95384,0.03310,Yakından incele · bridge,False,False,0.53000,2.50595,-0.49049,0.77000,0.00000,0.00000
2833,108.98666,0.03283,Yakından incele · bridge,False,False,0.53000,2.50595,-0.49049,0.77000,0.00000,0.00000
2834,109.02087,0.03421,Yakından incele · bridge,False,False,0.53000,2.50595,-0.49049,0.77000,0.00000,0.00000
2835,109.05411,0.03323,Yakından incele · bridge,False,False,0.53000,2.50595,-0.49049,0.77000,0.00000,0.00000
2836,109.08695,0.03284,Yakından incele · bridge,False,False,0.53000,2.50595,-0.49049,0.77000,0.00000,0.00000
2837,109.12038,0.03344,Yakından incele · bridge,False,False,0.53000,2.50595,-0.49049,0.77000,0.00000,0.00000
2838,109.15413,0.03375,Yakından incele · bridge,False,False,0.53000,2.50595,-0.49049,0.77000,0.00000,0.00000
2839,109.18748,0.03335,Yakından incele · bridge,False,False,0.53000,2.50595,-0.49049,0.77000,0.00000,0.00000
2840,109.22046,0.03299,Yakından incele · bridge,False,False,0.53000,2.50595,-0.49049,0.77000,0.00000,0.00000
2841,109.25380,0.03334,Yakından incele · bridge,False,False,0.53000,2.50595,-0.49049,0.77000,0.00000,0.00000
2842,109.28745,0.03365,Yakından incele · bridge,False,False,0.53000,2.50595,-0.49049,0.77000,0.00000,0.00000
2843,109.34926,0.06181,Ada ile odada gezin,True,False,0.51713,2.51195,-0.50779,0.77701,0.02238,0.00000
2844,109.38613,0.03687,Ada ile odada gezin,True,False,0.42431,2.55529,-0.63257,0.82759,0.16145,0.88823
2845,109.39408,0.00795,Ada ile odada gezin,True,False,0.40624,2.56373,-0.65688,0.83744,0.03144,0.17246
2846,109.42060,0.02652,Ada ile odada gezin,True,False,0.34126,2.59410,-0.74433,0.87295,0.11310,0.62307
2847,109.46331,0.04270,Yakından incele · cover,True,False,0.33986,2.58973,-0.74815,0.87439,0.00597,0.00000
2848,109.49796,0.03465,Yakından incele · cover,True,False,0.33436,2.57250,-0.76326,0.88009,0.02357,0.50202
2849,109.52166,0.02370,Yakından incele · cover,True,False,0.32912,2.55610,-0.77764,0.88551,0.02243,0.47642
2850,109.55366,0.03201,Yakından incele · cover,True,False,0.32092,2.53043,-0.80013,0.89398,0.03510,0.74860
2851,109.58837,0.03470,Yakından incele · cover,True,False,0.30997,2.49615,-0.83018,0.90531,0.04688,1.00092
2852,109.62248,0.03411,Yakından incele · cover,True,False,0.29697,2.45543,-0.86586,0.91876,0.05568,1.18958
2853,109.65557,0.03310,Yakından incele · cover,True,False,0.28257,2.41035,-0.90538,0.93365,0.06165,1.31758
2854,109.68788,0.03231,Yakından incele · cover,True,False,0.26667,2.36058,-0.94899,0.95009,0.06805,1.45425
2855,109.72017,0.03229,Yakından incele · cover,True,False,0.24975,2.30762,-0.99541,0.96759,0.07243,1.54759
2856,109.75394,0.03377,Yakından incele · cover,True,False,0.23145,2.25032,-1.04563,0.98652,0.07836,1.67440
2857,109.78755,0.03361,Yakından incele · cover,True,False,0.21140,2.18754,-1.10066,1.00726,0.08586,1.83499
2858,109.82171,0.03416,Yakından incele · cover,True,False,0.19135,2.12476,-1.15568,1.02799,0.08584,1.83456
2859,109.85567,0.03396,Yakından incele · cover,True,False,0.16944,2.05619,-1.21578,1.05065,0.09378,2.00420
2860,109.88834,0.03267,Yakından incele · cover,True,False,0.14857,1.99082,-1.27307,1.07224,0.08939,1.91022
2861,109.92079,0.03245,Yakından incele · cover,True,False,0.12656,1.92192,-1.33346,1.09500,0.09423,2.01355
2862,109.95366,0.03287,Yakından incele · cover,True,False,0.10528,1.85530,-1.39184,1.11701,0.09109,1.94715
2863,109.99132,0.03766,Yakından incele · cover,True,False,0.08268,1.78454,-1.45386,1.14038,0.09677,2.06802
2864,110.02413,0.03280,Yakından incele · cover,True,False,0.05915,1.71087,-1.51843,1.16472,0.10075,2.15331
2865,110.05378,0.02965,Yakından incele · cover,True,False,0.04016,1.65143,-1.57052,1.18436,0.08129,1.73726
2866,110.08856,0.03478,Yakından incele · cover,True,False,0.01952,1.58681,-1.62716,1.20570,0.08837,1.88838
2867,110.12215,0.03359,Yakından incele · cover,True,False,-0.00144,1.52118,-1.68468,1.22738,0.08975,1.91840
2868,110.15442,0.03227,Yakından incele · cover,True,False,-0.01953,1.46456,-1.73431,1.24609,0.07743,1.65512
2869,110.19219,0.03777,Yakından incele · cover,True,False,-0.03776,1.40748,-1.78433,1.26494,0.07805,1.66831
2870,110.22598,0.03379,Yakından incele · cover,True,False,-0.05639,1.34916,-1.83545,1.28421,0.07976,1.70497
2871,110.25442,0.02844,Yakından incele · cover,True,False,-0.06946,1.30824,-1.87131,1.29773,0.05596,1.19680
2872,110.28697,0.03255,Yakından incele · cover,True,False,-0.08280,1.26647,-1.90792,1.31153,0.05712,1.22075
2873,110.31989,0.03292,Yakından incele · cover,True,False,-0.09440,1.23014,-1.93976,1.32353,0.04968,1.06090
2874,110.35402,0.03413,Yakından incele · cover,True,False,-0.10412,1.19973,-1.96642,1.33357,0.04160,0.88911
2875,110.38841,0.03439,Yakından incele · cover,True,False,-0.11189,1.17540,-1.98774,1.34161,0.03326,0.70996
2876,110.42139,0.03298,Yakından incele · cover,True,False,-0.11704,1.15926,-2.00188,1.34694,0.02207,0.46814
2877,110.45402,0.03263,Yakından incele · cover,True,False,-0.11967,1.15102,-2.00911,1.34966,0.01127,0.23407
2878,110.48740,0.03338,Yakından incele · cover,False,False,-0.12000,1.15000,-2.01000,1.35000,0.00140,0.00000
2879,110.52553,0.03812,Yakından incele · cover,False,False,-0.12000,1.15000,-2.01000,1.35000,0.00000,0.00000
2880,110.58023,0.05471,Yakından incele · cover,False,False,-0.12000,1.15000,-2.01000,1.35000,0.00000,0.00000
2881,110.60844,0.02821,Yakından incele · cover,False,False,-0.12000,1.15000,-2.01000,1.35000,0.00000,0.00000
2882,110.62770,0.01926,Yakından incele · cover,False,False,-0.12000,1.15000,-2.01000,1.35000,0.00000,0.00000
2883,110.65691,0.02921,Yakından incele · cover,False,False,-0.12000,1.15000,-2.01000,1.35000,0.00000,0.00000
2884,110.68923,0.03231,Yakından incele · cover,False,False,-0.12000,1.15000,-2.01000,1.35000,0.00000,0.00000
2885,110.72257,0.03334,Yakından incele · cover,False,False,-0.12000,1.15000,-2.01000,1.35000,0.00000,0.00000
2886,110.76524,0.04267,Yakından incele · cover,False,False,-0.12000,1.15000,-2.01000,1.35000,0.00000,0.00000
2887,110.79796,0.03271,Yakından incele · cover,False,False,-0.12000,1.15000,-2.01000,1.35000,0.00000,0.00000
2888,110.83211,0.03416,Yakından incele · cover,False,False,-0.12000,1.15000,-2.01000,1.35000,0.00000,0.00000
2889,110.86625,0.03413,Yakından incele · cover,False,False,-0.12000,1.15000,-2.01000,1.35000,0.00000,0.00000
2890,110.89968,0.03344,Yakından incele · cover,False,False,-0.12000,1.15000,-2.01000,1.35000,0.00000,0.00000
2891,110.93341,0.03372,Yakından incele · cover,False,False,-0.12000,1.15000,-2.01000,1.35000,0.00000,0.00000
2892,110.96803,0.03463,Yakından incele · cover,False,False,-0.12000,1.15000,-2.01000,1.35000,0.00000,0.00000
2893,111.00079,0.03275,Yakından incele · cover,False,False,-0.12000,1.15000,-2.01000,1.35000,0.00000,0.00000
2894,111.04780,0.04701,Yakından incele · cover,False,False,-0.12000,1.15000,-2.01000,1.35000,0.00000,0.00000
2895,111.09859,0.05079,Yakından incele · cover,False,False,-0.12000,1.15000,-2.01000,1.35000,0.00000,0.00000
2896,111.12034,0.02175,Yakından incele · cover,False,False,-0.12000,1.15000,-2.01000,1.35000,0.00000,0.00000
2897,111.14154,0.02121,Yakından incele · cover,False,False,-0.12000,1.15000,-2.01000,1.35000,0.00000,0.00000
2898,111.17703,0.03549,Yakından incele · cover,False,False,-0.12000,1.15000,-2.01000,1.35000,0.00000,0.00000
2899,111.23984,0.06281,Yakından incele · cover,False,False,-0.12000,1.15000,-2.01000,1.35000,0.00000,0.00000
2900,111.25581,0.01597,Yakından incele · cover,False,False,-0.12000,1.15000,-2.01000,1.35000,0.00000,0.00000
2901,111.27779,0.02198,Yakından incele · cover,False,False,-0.12000,1.15000,-2.01000,1.35000,0.00000,0.00000
2902,111.31544,0.03765,Yakından incele · cover,False,False,-0.12000,1.15000,-2.01000,1.35000,0.00000,0.00000
2903,111.35965,0.04421,Yakından incele · cover,False,False,-0.12000,1.15000,-2.01000,1.35000,0.00000,0.00000
2904,111.36978,0.01012,Yakından incele · cover,False,False,-0.12000,1.15000,-2.01000,1.35000,0.00000,0.00000
2905,111.40141,0.03163,Yakından incele · cover,False,False,-0.12000,1.15000,-2.01000,1.35000,0.00000,0.00000
2906,111.43584,0.03444,Yakından incele · cover,False,False,-0.12000,1.15000,-2.01000,1.35000,0.00000,0.00000
2907,111.46858,0.03274,Yakından incele · cover,False,False,-0.12000,1.15000,-2.01000,1.35000,0.00000,0.00000
2908,111.50068,0.03210,Yakından incele · cover,False,False,-0.12000,1.15000,-2.01000,1.35000,0.00000,0.00000
2909,111.53466,0.03398,Yakından incele · cover,False,False,-0.12000,1.15000,-2.01000,1.35000,0.00000,0.00000
2910,111.56895,0.03429,Yakından incele · cover,False,False,-0.12000,1.15000,-2.01000,1.35000,0.00000,0.00000
2911,111.60237,0.03343,Yakından incele · cover,False,False,-0.12000,1.15000,-2.01000,1.35000,0.00000,0.00000
2912,111.63570,0.03332,Yakından incele · cover,False,False,-0.12000,1.15000,-2.01000,1.35000,0.00000,0.00000
2913,111.66843,0.03273,Yakından incele · cover,False,False,-0.12000,1.15000,-2.01000,1.35000,0.00000,0.00000
2914,111.70114,0.03271,Yakından incele · cover,False,False,-0.12000,1.15000,-2.01000,1.35000,0.00000,0.00000
2915,111.73541,0.03427,Yakından incele · cover,False,False,-0.12000,1.15000,-2.01000,1.35000,0.00000,0.00000
2916,111.76916,0.03376,Yakından incele · cover,False,False,-0.12000,1.15000,-2.01000,1.35000,0.00000,0.00000
2917,111.80137,0.03221,Yakından incele · cover,False,False,-0.12000,1.15000,-2.01000,1.35000,0.00000,0.00000
2918,111.83543,0.03406,Yakından incele · cover,False,False,-0.12000,1.15000,-2.01000,1.35000,0.00000,0.00000
2919,111.87186,0.03643,Yakından incele · cover,False,False,-0.12000,1.15000,-2.01000,1.35000,0.00000,0.00000
2920,111.92623,0.05437,Yakından incele · cover,False,False,-0.12000,1.15000,-2.01000,1.35000,0.00000,0.00000
2921,111.93733,0.01110,Yakından incele · cover,False,False,-0.12000,1.15000,-2.01000,1.35000,0.00000,0.00000
2922,111.96932,0.03200,Yakından incele · cover,False,False,-0.12000,1.15000,-2.01000,1.35000,0.00000,0.00000
2923,112.00150,0.03217,Yakından incele · cover,False,False,-0.12000,1.15000,-2.01000,1.35000,0.00000,0.00000
2924,112.03438,0.03288,Yakından incele · cover,False,False,-0.12000,1.15000,-2.01000,1.35000,0.00000,0.00000
2925,112.06820,0.03382,Yakından incele · cover,False,False,-0.12000,1.15000,-2.01000,1.35000,0.00000,0.00000
2926,112.10245,0.03425,Yakından incele · cover,False,False,-0.12000,1.15000,-2.01000,1.35000,0.00000,0.00000
2927,112.13615,0.03369,Yakından incele · cover,False,False,-0.12000,1.15000,-2.01000,1.35000,0.00000,0.00000
2928,112.17402,0.03787,Yakından incele · cover,False,False,-0.12000,1.15000,-2.01000,1.35000,0.00000,0.00000
2929,112.21947,0.04545,Yakından incele · cover,False,False,-0.12000,1.15000,-2.01000,1.35000,0.00000,0.00000
2930,112.23463,0.01516,Yakından incele · cover,False,False,-0.12000,1.15000,-2.01000,1.35000,0.00000,0.00000
2931,112.26791,0.03328,Yakından incele · cover,False,False,-0.12000,1.15000,-2.01000,1.35000,0.00000,0.00000
2932,112.30122,0.03332,Yakından incele · cover,False,False,-0.12000,1.15000,-2.01000,1.35000,0.00000,0.00000
2933,112.33490,0.03368,Yakından incele · cover,False,False,-0.12000,1.15000,-2.01000,1.35000,0.00000,0.00000
2934,112.37185,0.03695,Yakından incele · cover,False,False,-0.12000,1.15000,-2.01000,1.35000,0.00000,0.00000
2935,112.40961,0.03776,Yakından incele · cover,False,False,-0.12000,1.15000,-2.01000,1.35000,0.00000,0.00000
2936,112.43863,0.02902,Yakından incele · cover,False,False,-0.12000,1.15000,-2.01000,1.35000,0.00000,0.00000
2937,112.46889,0.03026,Yakından incele · cover,False,False,-0.12000,1.15000,-2.01000,1.35000,0.00000,0.00000
2938,112.50538,0.03649,Yakından incele · cover,False,False,-0.12000,1.15000,-2.01000,1.35000,0.00000,0.00000
2939,112.54383,0.03845,Yakından incele · cover,False,False,-0.12000,1.15000,-2.01000,1.35000,0.00000,0.00000
2940,112.58029,0.03646,Yakından incele · cover,False,False,-0.12000,1.15000,-2.01000,1.35000,0.00000,0.00000
2941,112.62715,0.04686,Yakından incele · cover,False,False,-0.12000,1.15000,-2.01000,1.35000,0.00000,0.00000
2942,112.64585,0.01870,Yakından incele · cover,False,False,-0.12000,1.15000,-2.01000,1.35000,0.00000,0.00000
2943,112.67173,0.02588,Yakından incele · cover,False,False,-0.12000,1.15000,-2.01000,1.35000,0.00000,0.00000
2944,112.70660,0.03487,Yakından incele · cover,False,False,-0.12000,1.15000,-2.01000,1.35000,0.00000,0.00000
2945,112.74238,0.03578,Yakından incele · cover,False,False,-0.12000,1.15000,-2.01000,1.35000,0.00000,0.00000
2946,112.77681,0.03442,Yakından incele · cover,False,False,-0.12000,1.15000,-2.01000,1.35000,0.00000,0.00000
2947,112.80619,0.02938,Yakından incele · cover,False,False,-0.12000,1.15000,-2.01000,1.35000,0.00000,0.00000
2948,112.83587,0.02968,Yakından incele · cover,False,False,-0.12000,1.15000,-2.01000,1.35000,0.00000,0.00000
2949,112.87490,0.03904,Yakından incele · cover,False,False,-0.12000,1.15000,-2.01000,1.35000,0.00000,0.00000
2950,112.92458,0.04968,Yakından incele · cover,False,False,-0.12000,1.15000,-2.01000,1.35000,0.00000,0.00000
2951,112.94804,0.02345,Yakından incele · cover,False,False,-0.12000,1.15000,-2.01000,1.35000,0.00000,0.00000
2952,112.98085,0.03281,Yakından incele · cover,False,False,-0.12000,1.15000,-2.01000,1.35000,0.00000,0.00000
2953,113.00226,0.02142,Yakından incele · cover,False,False,-0.12000,1.15000,-2.01000,1.35000,0.00000,0.00000
2954,113.03542,0.03316,Yakından incele · cover,False,False,-0.12000,1.15000,-2.01000,1.35000,0.00000,0.00000
2955,113.06780,0.03237,Yakından incele · cover,False,False,-0.12000,1.15000,-2.01000,1.35000,0.00000,0.00000
2956,113.10239,0.03459,Yakından incele · cover,False,False,-0.12000,1.15000,-2.01000,1.35000,0.00000,0.00000
2957,113.13495,0.03256,Yakından incele · cover,False,False,-0.12000,1.15000,-2.01000,1.35000,0.00000,0.00000
2958,113.16744,0.03249,Yakından incele · cover,False,False,-0.12000,1.15000,-2.01000,1.35000,0.00000,0.00000
2959,113.20129,0.03385,Yakından incele · cover,False,False,-0.12000,1.15000,-2.01000,1.35000,0.00000,0.00000
2960,113.23524,0.03395,Yakından incele · cover,False,False,-0.12000,1.15000,-2.01000,1.35000,0.00000,0.00000
2961,113.26908,0.03383,Yakından incele · cover,False,False,-0.12000,1.15000,-2.01000,1.35000,0.00000,0.00000
2962,113.30204,0.03297,Yakından incele · cover,False,False,-0.12000,1.15000,-2.01000,1.35000,0.00000,0.00000
2963,113.33524,0.03319,Yakından incele · cover,False,False,-0.12000,1.15000,-2.01000,1.35000,0.00000,0.00000
2964,113.36825,0.03301,Yakından incele · cover,False,False,-0.12000,1.15000,-2.01000,1.35000,0.00000,0.00000
2965,113.40109,0.03285,Yakından incele · cover,False,False,-0.12000,1.15000,-2.01000,1.35000,0.00000,0.00000
2966,113.43498,0.03388,Yakından incele · cover,False,False,-0.12000,1.15000,-2.01000,1.35000,0.00000,0.00000
2967,113.46858,0.03360,Yakından incele · cover,False,False,-0.12000,1.15000,-2.01000,1.35000,0.00000,0.00000
2968,113.50092,0.03234,Yakından incele · cover,False,False,-0.12000,1.15000,-2.01000,1.35000,0.00000,0.00000
2969,113.53370,0.03277,Yakından incele · cover,False,False,-0.12000,1.15000,-2.01000,1.35000,0.00000,0.00000
2970,113.56773,0.03404,Yakından incele · cover,False,False,-0.12000,1.15000,-2.01000,1.35000,0.00000,0.00000
2971,113.60134,0.03360,Yakından incele · cover,False,False,-0.12000,1.15000,-2.01000,1.35000,0.00000,0.00000
2972,113.63446,0.03312,Yakından incele · cover,False,False,-0.12000,1.15000,-2.01000,1.35000,0.00000,0.00000
2973,113.66794,0.03348,Yakından incele · cover,False,False,-0.12000,1.15000,-2.01000,1.35000,0.00000,0.00000
2974,113.70175,0.03381,Yakından incele · cover,False,False,-0.12000,1.15000,-2.01000,1.35000,0.00000,0.00000
2975,113.73503,0.03327,Yakından incele · cover,False,False,-0.12000,1.15000,-2.01000,1.35000,0.00000,0.00000
2976,113.76784,0.03282,Yakından incele · cover,False,False,-0.12000,1.15000,-2.01000,1.35000,0.00000,0.00000
2977,113.80078,0.03294,Yakından incele · cover,False,False,-0.12000,1.15000,-2.01000,1.35000,0.00000,0.00000
2978,113.83322,0.03244,Yakından incele · cover,False,False,-0.12000,1.15000,-2.01000,1.35000,0.00000,0.00000
2979,113.86750,0.03428,Yakından incele · cover,False,False,-0.12000,1.15000,-2.01000,1.35000,0.00000,0.00000
2980,113.90184,0.03434,Yakından incele · cover,False,False,-0.12000,1.15000,-2.01000,1.35000,0.00000,0.00000
2981,113.93565,0.03381,Yakından incele · cover,False,False,-0.12000,1.15000,-2.01000,1.35000,0.00000,0.00000
2982,113.97010,0.03445,Yakından incele · cover,False,False,-0.12000,1.15000,-2.01000,1.35000,0.00000,0.00000
2983,114.00972,0.03962,Yakından incele · cover,False,False,-0.12000,1.15000,-2.01000,1.35000,0.00000,0.00000
2984,114.04374,0.03402,Yakından incele · cover,False,False,-0.12000,1.15000,-2.01000,1.35000,0.00000,0.00000
2985,114.08276,0.03902,Yakından incele · cover,False,False,-0.12000,1.15000,-2.01000,1.35000,0.00000,0.00000
2986,114.11663,0.03387,Yakından incele · cover,False,False,-0.12000,1.15000,-2.01000,1.35000,0.00000,0.00000
2987,114.15167,0.03503,Yakından incele · cover,False,False,-0.12000,1.15000,-2.01000,1.35000,0.00000,0.00000
2988,114.18561,0.03395,Yakından incele · cover,False,False,-0.12000,1.15000,-2.01000,1.35000,0.00000,0.00000
2989,114.22267,0.03705,Yakından incele · cover,False,False,-0.12000,1.15000,-2.01000,1.35000,0.00000,0.00000
2990,114.25413,0.03146,Yakından incele · cover,False,False,-0.12000,1.15000,-2.01000,1.35000,0.00000,0.00000
2991,114.28405,0.02991,Yakından incele · cover,False,False,-0.12000,1.15000,-2.01000,1.35000,0.00000,0.00000
2992,114.31596,0.03191,Yakından incele · cover,False,False,-0.12000,1.15000,-2.01000,1.35000,0.00000,0.00000
2993,114.34733,0.03138,Yakından incele · cover,False,False,-0.12000,1.15000,-2.01000,1.35000,0.00000,0.00000
2994,114.37989,0.03256,Yakından incele · cover,False,False,-0.12000,1.15000,-2.01000,1.35000,0.00000,0.00000
2995,114.41268,0.03279,Yakından incele · cover,False,False,-0.12000,1.15000,-2.01000,1.35000,0.00000,0.00000
2996,114.44697,0.03429,Yakından incele · cover,False,False,-0.12000,1.15000,-2.01000,1.35000,0.00000,0.00000
2997,114.48121,0.03425,Yakından incele · cover,False,False,-0.12000,1.15000,-2.01000,1.35000,0.00000,0.00000
2998,114.51465,0.03344,Yakından incele · cover,False,False,-0.12000,1.15000,-2.01000,1.35000,0.00000,0.00000
2999,114.54751,0.03286,Yakından incele · cover,False,False,-0.12000,1.15000,-2.01000,1.35000,0.00000,0.00000
3000,114.58038,0.03288,Yakından incele · cover,False,False,-0.12000,1.15000,-2.01000,1.35000,0.00000,0.00000
3001,114.61351,0.03312,Yakından incele · cover,False,False,-0.12000,1.15000,-2.01000,1.35000,0.00000,0.00000
3002,114.64719,0.03368,Yakından incele · cover,False,False,-0.12000,1.15000,-2.01000,1.35000,0.00000,0.00000
3003,114.68011,0.03292,Yakından incele · cover,False,False,-0.12000,1.15000,-2.01000,1.35000,0.00000,0.00000
3004,114.71318,0.03307,Yakından incele · cover,False,False,-0.12000,1.15000,-2.01000,1.35000,0.00000,0.00000
3005,114.74763,0.03445,Yakından incele · cover,False,False,-0.12000,1.15000,-2.01000,1.35000,0.00000,0.00000
3006,114.78097,0.03334,Yakından incele · cover,False,False,-0.12000,1.15000,-2.01000,1.35000,0.00000,0.00000
3007,114.81390,0.03293,Yakından incele · cover,False,False,-0.12000,1.15000,-2.01000,1.35000,0.00000,0.00000
3008,114.84720,0.03330,Yakından incele · cover,False,False,-0.12000,1.15000,-2.01000,1.35000,0.00000,0.00000
3009,114.88042,0.03322,Yakından incele · cover,False,False,-0.12000,1.15000,-2.01000,1.35000,0.00000,0.00000
3010,114.91295,0.03253,Yakından incele · cover,False,False,-0.12000,1.15000,-2.01000,1.35000,0.00000,0.00000
3011,114.94587,0.03293,Yakından incele · cover,False,False,-0.12000,1.15000,-2.01000,1.35000,0.00000,0.00000
3012,114.98019,0.03432,Yakından incele · cover,False,False,-0.12000,1.15000,-2.01000,1.35000,0.00000,0.00000
3013,115.01463,0.03444,Yakından incele · cover,False,False,-0.12000,1.15000,-2.01000,1.35000,0.00000,0.00000
3014,115.04771,0.03307,Yakından incele · cover,False,False,-0.12000,1.15000,-2.01000,1.35000,0.00000,0.00000
3015,115.08022,0.03251,Yakından incele · cover,False,False,-0.12000,1.15000,-2.01000,1.35000,0.00000,0.00000
3016,115.11368,0.03346,Yakından incele · cover,False,False,-0.12000,1.15000,-2.01000,1.35000,0.00000,0.00000
3017,115.14735,0.03368,Yakından incele · cover,False,False,-0.12000,1.15000,-2.01000,1.35000,0.00000,0.00000
3018,115.17993,0.03257,Yakından incele · cover,False,False,-0.12000,1.15000,-2.01000,1.35000,0.00000,0.00000
3019,115.21331,0.03338,Yakından incele · cover,False,False,-0.12000,1.15000,-2.01000,1.35000,0.00000,0.00000
3020,115.24759,0.03428,Yakından incele · cover,False,False,-0.12000,1.15000,-2.01000,1.35000,0.00000,0.00000
3021,115.28035,0.03275,Yakından incele · cover,False,False,-0.12000,1.15000,-2.01000,1.35000,0.00000,0.00000
3022,115.31315,0.03280,Yakından incele · cover,False,False,-0.12000,1.15000,-2.01000,1.35000,0.00000,0.00000
3023,115.34694,0.03380,Yakından incele · cover,False,False,-0.12000,1.15000,-2.01000,1.35000,0.00000,0.00000
3024,115.38127,0.03432,Yakından incele · cover,False,False,-0.12000,1.15000,-2.01000,1.35000,0.00000,0.00000
3025,115.41472,0.03345,Yakından incele · cover,False,False,-0.12000,1.15000,-2.01000,1.35000,0.00000,0.00000
3026,115.44701,0.03229,Yakından incele · cover,False,False,-0.12000,1.15000,-2.01000,1.35000,0.00000,0.00000
3027,115.48087,0.03386,Yakından incele · cover,False,False,-0.12000,1.15000,-2.01000,1.35000,0.00000,0.00000
3028,115.51473,0.03387,Yakından incele · cover,False,False,-0.12000,1.15000,-2.01000,1.35000,0.00000,0.00000
3029,115.54780,0.03306,Yakından incele · cover,False,False,-0.12000,1.15000,-2.01000,1.35000,0.00000,0.00000
3030,115.58045,0.03266,Yakından incele · cover,False,False,-0.12000,1.15000,-2.01000,1.35000,0.00000,0.00000
3031,115.61362,0.03317,Yakından incele · cover,False,False,-0.12000,1.15000,-2.01000,1.35000,0.00000,0.00000
3032,115.64650,0.03288,Yakından incele · cover,False,False,-0.12000,1.15000,-2.01000,1.35000,0.00000,0.00000
3033,115.67983,0.03334,Yakından incele · cover,False,False,-0.12000,1.15000,-2.01000,1.35000,0.00000,0.00000
3034,115.71408,0.03425,Yakından incele · cover,False,False,-0.12000,1.15000,-2.01000,1.35000,0.00000,0.00000
3035,115.74846,0.03438,Yakından incele · cover,False,False,-0.12000,1.15000,-2.01000,1.35000,0.00000,0.00000
3036,115.91513,0.16666,Ada ile odada gezin,True,False,-0.13026,1.16072,-2.02112,1.35547,0.01855,0.00000
3037,115.94975,0.03463,Ada ile odada gezin,True,False,-0.44036,1.48107,-2.38889,1.52040,0.57796,1.59786
3038,115.95940,0.00965,Ada ile odada gezin,True,False,-0.47034,1.51181,-2.42513,1.53636,0.05619,0.00000
3039,115.97895,0.01954,Ada ile odada gezin,True,False,-0.53475,1.57829,-2.50397,1.57093,0.12159,0.33572
3040,115.99615,0.01721,Ada ile odada gezin,True,False,-0.58974,1.63530,-2.57188,1.60062,0.10433,0.28804
3041,116.01036,0.01421,Ada ile odada gezin,True,False,-0.64017,1.68774,-2.63453,1.62796,0.09601,0.26244
3042,116.04301,0.03265,Ada ile odada gezin,True,False,-0.75793,1.81096,-2.78243,1.69231,0.22567,0.62432
3043,116.07718,0.03417,Ada ile odada gezin,True,False,-0.88515,1.94428,-2.94279,1.76201,0.24428,0.67608
3044,116.11221,0.03502,Ada ile odada gezin,True,False,-1.02428,2.08956,-3.11739,1.83803,0.26637,0.73807
3045,116.14539,0.03318,Ada ile odada gezin,True,False,-1.16874,2.23998,-3.29797,1.91675,0.27588,0.76515
3046,116.17800,0.03261,Ada ile odada gezin,True,False,-1.31163,2.38847,-3.47606,1.99448,0.27236,0.75588
3047,116.21246,0.03445,Ada ile odada gezin,True,False,-1.46264,2.54517,-3.66382,2.07651,0.28743,0.79721
3048,116.24616,0.03371,Ada ile odada gezin,True,False,-1.61872,2.70696,-3.85752,2.16119,0.29674,0.82329
3049,116.27820,0.03204,Ada ile odada gezin,True,False,-1.77061,2.86430,-4.04575,2.24354,0.28855,0.80113
3050,116.31072,0.03251,Ada ile odada gezin,True,False,-1.91974,3.01873,-4.23038,2.32435,0.28315,0.78633
3051,116.34456,0.03384,Ada ile odada gezin,True,False,-2.07237,3.17675,-4.41920,2.40702,0.28969,0.80405
3052,116.39948,0.05491,Yakından incele · sibling,True,False,-2.06389,3.17008,-4.41450,2.40311,0.01177,0.00000
3053,116.43381,0.03434,Yakından incele · sibling,True,False,-2.01639,3.13272,-4.38815,2.38122,0.06593,0.41307
3054,116.44635,0.01254,Yakından incele · sibling,True,False,-1.99966,3.11956,-4.37887,2.37351,0.02323,0.00000
3055,116.47976,0.03341,Yakından incele · sibling,True,False,-1.94697,3.07812,-4.34964,2.34923,0.07312,0.45970
3056,116.51299,0.03323,Yakından incele · sibling,True,False,-1.88051,3.02584,-4.31277,2.31860,0.09225,0.58013
3057,116.54577,0.03278,Yakından incele · sibling,True,False,-1.80534,2.96672,-4.27108,2.28397,0.10433,0.65730
3058,116.57845,0.03268,Yakından incele · sibling,True,False,-1.71737,2.89752,-4.22228,2.24343,0.12210,0.76923
3059,116.61163,0.03318,Yakından incele · sibling,True,False,-1.62259,2.82297,-4.16970,2.19975,0.13155,0.83086
3060,116.64601,0.03438,Yakından incele · sibling,True,False,-1.51666,2.73966,-4.11094,2.15094,0.14703,0.93040
3061,116.67983,0.03381,Yakından incele · sibling,True,False,-1.40239,2.64978,-4.04755,2.09828,0.15860,1.00404
3062,116.71203,0.03220,Yakından incele · sibling,True,False,-1.28441,2.55698,-3.98211,2.04391,0.16375,1.03778
3063,116.74453,0.03250,Yakından incele · sibling,True,False,-1.16498,2.46304,-3.91586,1.98888,0.16576,1.05126
3064,116.77879,0.03426,Yakından incele · sibling,True,False,-1.03651,2.36200,-3.84460,1.92968,0.17830,1.13158
3065,116.81267,0.03388,Yakından incele · sibling,True,False,-0.90428,2.25800,-3.77125,1.86875,0.18352,1.16498
3066,116.84568,0.03301,Yakından incele · sibling,True,False,-0.77192,2.15389,-3.69782,1.80775,0.18371,1.16700
3067,116.87763,0.03194,Yakından incele · sibling,True,False,-0.64054,2.05055,-3.62494,1.74721,0.18235,1.15892
3068,116.91105,0.03343,Yakından incele · sibling,True,False,-0.51164,1.94916,-3.55344,1.68781,0.17891,1.13710
3069,116.94577,0.03472,Yakından incele · sibling,True,False,-0.37616,1.84260,-3.47829,1.62538,0.18804,1.19418
3070,116.97974,0.03397,Yakından incele · sibling,True,False,-0.24596,1.74020,-3.40606,1.56538,0.18070,1.14738
3071,117.01269,0.03294,Yakından incele · sibling,True,False,-0.12016,1.64125,-3.33628,1.50741,0.17461,1.10852
3072,117.04537,0.03268,Yakından incele · sibling,True,False,-0.00081,1.54737,-3.27008,1.45241,0.16564,1.04977
3073,117.07857,0.03320,Yakından incele · sibling,True,False,0.11282,1.45800,-3.20704,1.40005,0.15771,0.99857
3074,117.11202,0.03345,Yakından incele · sibling,True,False,0.22245,1.37176,-3.14622,1.34952,0.15217,0.96347
3075,117.14615,0.03413,Yakından incele · sibling,True,False,0.32235,1.29319,-3.09081,1.30349,0.13864,0.87670
3076,117.18037,0.03422,Yakından incele · sibling,True,False,0.41659,1.21907,-3.03854,1.26007,0.13080,0.82614
3077,117.21342,0.03305,Yakından incele · sibling,True,False,0.49805,1.15499,-2.99335,1.22253,0.11307,0.71217
3078,117.24636,0.03293,Yakından incele · sibling,True,False,0.56801,1.09997,-2.95454,1.19029,0.09710,0.61037
3079,117.28100,0.03465,Yakından incele · sibling,True,False,0.62646,1.05400,-2.92212,1.16335,0.08112,0.50976
3080,117.31441,0.03341,Yakından incele · sibling,True,False,0.67338,1.01709,-2.89609,1.14173,0.06513,0.40734
3081,117.34609,0.03168,Yakından incele · sibling,True,False,0.70287,0.99389,-2.87973,1.12814,0.04093,0.25334
3082,117.38982,0.04373,Yakından incele · sibling,True,False,0.72038,0.98012,-2.87002,1.12007,0.02430,0.00000
3083,117.42296,0.03314,Yakından incele · sibling,False,False,0.72053,0.98000,-2.86993,1.12000,0.00021,0.00000
3084,117.45874,0.03577,Yakından incele · sibling,False,False,0.72053,0.98000,-2.86993,1.12000,0.00000,0.00000
3085,117.49090,0.03216,Yakından incele · sibling,False,False,0.72053,0.98000,-2.86993,1.12000,0.00000,0.00000
3086,117.52393,0.03303,Yakından incele · sibling,False,False,0.72053,0.98000,-2.86993,1.12000,0.00000,0.00000
3087,117.55755,0.03362,Yakından incele · sibling,False,False,0.72053,0.98000,-2.86993,1.12000,0.00000,0.00000
3088,117.59101,0.03347,Yakından incele · sibling,False,False,0.72053,0.98000,-2.86993,1.12000,0.00000,0.00000
3089,117.62300,0.03199,Yakından incele · sibling,False,False,0.72053,0.98000,-2.86993,1.12000,0.00000,0.00000
3090,117.65541,0.03241,Yakından incele · sibling,False,False,0.72053,0.98000,-2.86993,1.12000,0.00000,0.00000
3091,117.68999,0.03458,Yakından incele · sibling,False,False,0.72053,0.98000,-2.86993,1.12000,0.00000,0.00000
3092,117.72400,0.03400,Yakından incele · sibling,False,False,0.72053,0.98000,-2.86993,1.12000,0.00000,0.00000
3093,117.75698,0.03299,Yakından incele · sibling,False,False,0.72053,0.98000,-2.86993,1.12000,0.00000,0.00000
3094,117.79002,0.03304,Yakından incele · sibling,False,False,0.72053,0.98000,-2.86993,1.12000,0.00000,0.00000
3095,117.82307,0.03305,Yakından incele · sibling,False,False,0.72053,0.98000,-2.86993,1.12000,0.00000,0.00000
3096,117.85756,0.03449,Yakından incele · sibling,False,False,0.72053,0.98000,-2.86993,1.12000,0.00000,0.00000
3097,117.89084,0.03328,Yakından incele · sibling,False,False,0.72053,0.98000,-2.86993,1.12000,0.00000,0.00000
3098,117.92360,0.03277,Yakından incele · sibling,False,False,0.72053,0.98000,-2.86993,1.12000,0.00000,0.00000
3099,117.95784,0.03424,Yakından incele · sibling,False,False,0.72053,0.98000,-2.86993,1.12000,0.00000,0.00000
3100,117.99136,0.03352,Yakından incele · sibling,False,False,0.72053,0.98000,-2.86993,1.12000,0.00000,0.00000
3101,118.02380,0.03244,Yakından incele · sibling,False,False,0.72053,0.98000,-2.86993,1.12000,0.00000,0.00000
3102,118.06040,0.03659,Yakından incele · sibling,False,False,0.72053,0.98000,-2.86993,1.12000,0.00000,0.00000
3103,118.09396,0.03356,Yakından incele · sibling,False,False,0.72053,0.98000,-2.86993,1.12000,0.00000,0.00000
3104,118.14357,0.04961,Yakından incele · sibling,False,False,0.72053,0.98000,-2.86993,1.12000,0.00000,0.00000
3105,118.15700,0.01343,Yakından incele · sibling,False,False,0.72053,0.98000,-2.86993,1.12000,0.00000,0.00000
3106,118.18967,0.03267,Yakından incele · sibling,False,False,0.72053,0.98000,-2.86993,1.12000,0.00000,0.00000
3107,118.22341,0.03374,Yakından incele · sibling,False,False,0.72053,0.98000,-2.86993,1.12000,0.00000,0.00000
3108,118.25695,0.03354,Yakından incele · sibling,False,False,0.72053,0.98000,-2.86993,1.12000,0.00000,0.00000
3109,118.29449,0.03754,Yakından incele · sibling,False,False,0.72053,0.98000,-2.86993,1.12000,0.00000,0.00000
3110,118.32863,0.03414,Yakından incele · sibling,False,False,0.72053,0.98000,-2.86993,1.12000,0.00000,0.00000
3111,118.35906,0.03043,Yakından incele · sibling,False,False,0.72053,0.98000,-2.86993,1.12000,0.00000,0.00000
3112,118.39172,0.03265,Yakından incele · sibling,False,False,0.72053,0.98000,-2.86993,1.12000,0.00000,0.00000
3113,118.42545,0.03373,Yakından incele · sibling,False,False,0.72053,0.98000,-2.86993,1.12000,0.00000,0.00000
3114,118.45793,0.03248,Yakından incele · sibling,False,False,0.72053,0.98000,-2.86993,1.12000,0.00000,0.00000
3115,118.48949,0.03156,Yakından incele · sibling,False,False,0.72053,0.98000,-2.86993,1.12000,0.00000,0.00000
3116,118.52278,0.03328,Yakından incele · sibling,False,False,0.72053,0.98000,-2.86993,1.12000,0.00000,0.00000
3117,118.55667,0.03389,Yakından incele · sibling,False,False,0.72053,0.98000,-2.86993,1.12000,0.00000,0.00000
3118,118.59015,0.03348,Yakından incele · sibling,False,False,0.72053,0.98000,-2.86993,1.12000,0.00000,0.00000
3119,118.62383,0.03368,Yakından incele · sibling,False,False,0.72053,0.98000,-2.86993,1.12000,0.00000,0.00000
3120,118.65771,0.03388,Yakından incele · sibling,False,False,0.72053,0.98000,-2.86993,1.12000,0.00000,0.00000
3121,118.68992,0.03221,Yakından incele · sibling,False,False,0.72053,0.98000,-2.86993,1.12000,0.00000,0.00000
3122,118.72313,0.03321,Yakından incele · sibling,False,False,0.72053,0.98000,-2.86993,1.12000,0.00000,0.00000
3123,118.75814,0.03501,Yakından incele · sibling,False,False,0.72053,0.98000,-2.86993,1.12000,0.00000,0.00000
3124,118.79114,0.03300,Yakından incele · sibling,False,False,0.72053,0.98000,-2.86993,1.12000,0.00000,0.00000
3125,118.82343,0.03229,Yakından incele · sibling,False,False,0.72053,0.98000,-2.86993,1.12000,0.00000,0.00000
3126,118.85642,0.03299,Yakından incele · sibling,False,False,0.72053,0.98000,-2.86993,1.12000,0.00000,0.00000
3127,118.88969,0.03327,Yakından incele · sibling,False,False,0.72053,0.98000,-2.86993,1.12000,0.00000,0.00000
3128,118.92379,0.03410,Yakından incele · sibling,False,False,0.72053,0.98000,-2.86993,1.12000,0.00000,0.00000
3129,118.95749,0.03370,Yakından incele · sibling,False,False,0.72053,0.98000,-2.86993,1.12000,0.00000,0.00000
3130,118.99047,0.03298,Yakından incele · sibling,False,False,0.72053,0.98000,-2.86993,1.12000,0.00000,0.00000
3131,119.02305,0.03258,Yakından incele · sibling,False,False,0.72053,0.98000,-2.86993,1.12000,0.00000,0.00000
3132,119.05651,0.03346,Yakından incele · sibling,False,False,0.72053,0.98000,-2.86993,1.12000,0.00000,0.00000
3133,119.09016,0.03365,Yakından incele · sibling,False,False,0.72053,0.98000,-2.86993,1.12000,0.00000,0.00000
3134,119.12374,0.03358,Yakından incele · sibling,False,False,0.72053,0.98000,-2.86993,1.12000,0.00000,0.00000
3135,119.15766,0.03392,Yakından incele · sibling,False,False,0.72053,0.98000,-2.86993,1.12000,0.00000,0.00000
3136,119.19077,0.03311,Yakından incele · sibling,False,False,0.72053,0.98000,-2.86993,1.12000,0.00000,0.00000
3137,119.25475,0.06399,Ada ile odada gezin,True,False,0.70845,0.99045,-2.87922,1.12587,0.01848,0.00000
3138,119.28711,0.03235,Ada ile odada gezin,True,False,0.62205,1.06516,-2.94563,1.16788,0.13213,0.65372
3139,119.30856,0.02146,Ada ile odada gezin,True,False,0.57577,1.10518,-2.98120,1.19037,0.07076,0.34943
3140,119.32291,0.01434,Ada ile odada gezin,True,False,0.54319,1.13335,-3.00624,1.20621,0.04983,0.24389
3141,119.35629,0.03338,Ada ile odada gezin,True,False,0.44540,1.21791,-3.08141,1.25374,0.14954,0.74335
3142,119.38867,0.03238,Ada ile odada gezin,True,False,0.33718,1.31149,-3.16459,1.30635,0.16550,0.82424
3143,119.42274,0.03406,Ada ile odada gezin,True,False,0.20994,1.42152,-3.26240,1.36821,0.19459,0.97075
3144,119.45588,0.03314,Ada ile odada gezin,True,False,0.06799,1.54426,-3.37150,1.43720,0.21706,1.08497
3145,119.48843,0.03255,Ada ile odada gezin,True,False,-0.08240,1.67430,-3.48709,1.51031,0.22998,1.15215
3146,119.52210,0.03367,Ada ile odada gezin,True,False,-0.24355,1.81366,-3.61096,1.58865,0.24644,1.23731
3147,119.55598,0.03388,Ada ile odada gezin,True,False,-0.41939,1.96571,-3.74612,1.67413,0.26890,1.35217
3148,119.58955,0.03357,Ada ile odada gezin,True,False,-0.59807,2.12021,-3.88346,1.76098,0.27324,1.37570
3149,119.62376,0.03421,Ada ile odada gezin,True,False,-0.78620,2.28289,-4.02806,1.85244,0.28769,1.44994
3150,119.65677,0.03301,Ada ile odada gezin,True,False,-0.97853,2.44919,-4.17589,1.94592,0.29410,1.48408
3151,119.68938,0.03260,Ada ile odada gezin,True,False,-1.16760,2.61269,-4.32122,2.03784,0.28914,1.45962
3152,119.72279,0.03342,Ada ile odada gezin,True,False,-1.36046,2.77945,-4.46945,2.13158,0.29492,1.48882
3153,119.75633,0.03354,Ada ile odada gezin,True,False,-1.55481,2.94751,-4.61884,2.22606,0.29721,1.50034
3154,119.78985,0.03351,Ada ile odada gezin,True,False,-1.74705,3.11374,-4.76660,2.31951,0.29398,1.48355
3155,119.82301,0.03316,Ada ile odada gezin,True,False,-1.93551,3.27671,-4.91146,2.41112,0.28819,1.45371
3156,119.85588,0.03287,Ada ile odada gezin,True,False,-2.11664,3.43333,-5.05068,2.49917,0.27699,1.39547
3157,119.88950,0.03362,Ada ile odada gezin,True,False,-2.29293,3.58577,-5.18619,2.58486,0.26958,1.35622
3158,119.92231,0.03282,Ada ile odada gezin,True,False,-2.46231,3.73223,-5.31638,2.66720,0.25902,1.30144
3159,119.95495,0.03264,Ada ile odada gezin,True,False,-2.61770,3.86660,-5.43581,2.74273,0.23762,1.19155
3160,119.98871,0.03376,Ada ile odada gezin,True,False,-2.76453,3.99356,-5.54867,2.81411,0.22454,1.12395
3161,120.02317,0.03446,Ada ile odada gezin,True,False,-2.90134,4.11186,-5.65383,2.88061,0.20921,1.04604
3162,120.05677,0.03360,Ada ile odada gezin,True,False,-3.02381,4.21776,-5.74796,2.94015,0.18728,0.93460
3163,120.09043,0.03366,Ada ile odada gezin,True,False,-3.12539,4.30561,-5.82605,2.98953,0.15535,0.77329
3164,120.12436,0.03393,Ada ile odada gezin,True,False,-3.21365,4.38192,-5.89388,3.03243,0.13496,0.67027
3165,120.15646,0.03210,Ada ile odada gezin,True,False,-3.27986,4.43918,-5.94478,3.06462,0.10125,0.50202
3166,120.18965,0.03319,Ada ile odada gezin,True,False,-3.32490,4.47812,-5.97939,3.08651,0.06887,0.34035
3167,120.22449,0.03484,Ada ile odada gezin,True,False,-3.34960,4.49948,-5.99838,3.09852,0.03777,0.18131
3168,120.25789,0.03340,Ada ile odada gezin,False,False,-3.35265,4.50212,-6.00072,3.10000,0.00467,0.00000
3169,120.29289,0.03500,Ada ile odada gezin,False,False,-3.35265,4.50212,-6.00072,3.10000,0.00000,0.00000
3170,120.32520,0.03231,Ada ile odada gezin,False,False,-3.35265,4.50212,-6.00072,3.10000,0.00000,0.00000
3171,120.35896,0.03377,Ada ile odada gezin,False,False,-3.35265,4.50212,-6.00072,3.10000,0.00000,0.00000
3172,120.39039,0.03143,Ada ile odada gezin,False,False,-3.35265,4.50212,-6.00072,3.10000,0.00000,0.00000
3173,120.42350,0.03310,Ada ile odada gezin,False,False,-3.35265,4.50212,-6.00072,3.10000,0.00000,0.00000
3174,120.45917,0.03567,Ada ile odada gezin,False,False,-3.35265,4.50212,-6.00072,3.10000,0.00000,0.00000
3175,120.49201,0.03284,Ada ile odada gezin,False,False,-3.35265,4.50212,-6.00072,3.10000,0.00000,0.00000
3176,120.52272,0.03071,Ada ile odada gezin,False,False,-3.35265,4.50212,-6.00072,3.10000,0.00000,0.00000
3177,120.55590,0.03318,Ada ile odada gezin,False,False,-3.35265,4.50212,-6.00072,3.10000,0.00000,0.00000
3178,120.58868,0.03278,Ada ile odada gezin,False,False,-3.35265,4.50212,-6.00072,3.10000,0.00000,0.00000
3179,120.64394,0.05526,Ada ile odada gezin,False,False,-3.35265,4.50212,-6.00072,3.10000,0.00000,0.00000
3180,120.68055,0.03660,Ada ile odada gezin,False,False,-3.35265,4.50212,-6.00072,3.10000,0.00000,0.00000
3181,120.69776,0.01721,Ada ile odada gezin,False,False,-3.35404,4.50238,-6.00135,3.10000,0.00155,0.00000
3182,120.73115,0.03339,Ada ile odada gezin,False,False,-3.36226,4.50375,-6.00510,3.10000,0.00914,0.00000
3183,120.76489,0.03374,Ada ile odada gezin,False,False,-3.37581,4.50580,-6.01159,3.10000,0.01516,0.00000
3184,120.79809,0.03320,Ada ile odada gezin,False,False,-3.39701,4.50874,-6.02212,3.10000,0.02386,0.00000
3185,120.83225,0.03415,Ada ile odada gezin,False,False,-3.42337,4.51209,-6.03559,3.10000,0.02979,0.00000
3186,120.86637,0.03413,Ada ile odada gezin,False,False,-3.45940,4.51632,-6.05438,3.10000,0.04086,0.00000
3187,120.89812,0.03175,Ada ile odada gezin,False,False,-3.49789,4.52026,-6.07478,3.10000,0.04374,0.00000
3188,120.93161,0.03349,Ada ile odada gezin,False,False,-3.53921,4.52389,-6.09692,3.10000,0.04701,0.00000
3189,120.96577,0.03417,Ada ile odada gezin,False,False,-3.58510,4.52734,-6.12172,3.10000,0.05228,0.00000
3190,120.99918,0.03341,Ada ile odada gezin,False,False,-3.63116,4.53019,-6.14681,3.10000,0.05252,0.00000
3191,121.03224,0.03306,Ada ile odada gezin,False,False,-3.67870,4.53262,-6.17287,3.10000,0.05427,0.00000
3192,121.06548,0.03324,Ada ile odada gezin,False,False,-3.72599,4.53458,-6.19893,3.10000,0.05403,0.00000
3193,121.09833,0.03285,Ada ile odada gezin,False,False,-3.77375,4.53620,-6.22535,3.10000,0.05461,0.00000
3194,121.13141,0.03308,Ada ile odada gezin,False,False,-3.82220,4.53754,-6.25223,3.10000,0.05542,0.00000
3195,121.16532,0.03391,Ada ile odada gezin,False,False,-3.87113,4.53863,-6.27946,3.10000,0.05601,0.00000
3196,121.19908,0.03376,Ada ile odada gezin,False,False,-3.92047,4.53952,-6.30697,3.10000,0.05649,0.00000
3197,121.23278,0.03370,Ada ile odada gezin,False,False,-3.97006,4.54023,-6.33468,3.10000,0.05681,0.00000
3198,121.26562,0.03283,Ada ile odada gezin,False,False,-4.01944,4.54079,-6.36230,3.10000,0.05658,0.00000
3199,121.29863,0.03301,Ada ile odada gezin,False,False,-4.06721,4.54118,-6.38907,3.10000,0.05476,0.00000
3200,121.33177,0.03314,Ada ile odada gezin,False,False,-4.11756,4.54158,-6.41729,3.10000,0.05772,0.00000
3201,121.36537,0.03360,Ada ile odada gezin,False,False,-4.16542,4.54182,-6.44415,3.10000,0.05489,0.00000
3202,121.39961,0.03425,Ada ile odada gezin,False,False,-4.21645,4.54210,-6.47278,3.10000,0.05851,0.00000
3203,121.43262,0.03301,Ada ile odada gezin,False,False,-4.26589,4.54227,-6.50055,3.10000,0.05670,0.00000
3204,121.46472,0.03210,Ada ile odada gezin,False,False,-4.31426,4.54238,-6.52773,3.10000,0.05549,0.00000
3205,121.49832,0.03360,Ada ile odada gezin,False,False,-4.36276,4.54248,-6.55499,3.10000,0.05563,0.00000
3206,121.53127,0.03295,Ada ile odada gezin,False,False,-4.41308,4.54260,-6.58326,3.10000,0.05771,0.00000
3207,121.56470,0.03343,Ada ile odada gezin,False,False,-4.46112,4.54264,-6.61028,3.10000,0.05512,0.00000
3208,121.59874,0.03404,Ada ile odada gezin,False,False,-4.51181,4.54274,-6.63877,3.10000,0.05815,0.00000
3209,121.63106,0.03232,Ada ile odada gezin,False,False,-4.56111,4.54277,-6.66649,3.10000,0.05656,0.00000
3210,121.66387,0.03281,Ada ile odada gezin,False,False,-4.60896,4.54277,-6.69341,3.10000,0.05490,0.00000
3211,121.69768,0.03381,Ada ile odada gezin,False,False,-4.65935,4.54283,-6.72174,3.10000,0.05781,0.00000
3212,121.73215,0.03447,Ada ile odada gezin,False,False,-4.70866,4.54285,-6.74948,3.10000,0.05657,0.00000
3213,121.76533,0.03318,Ada ile odada gezin,False,False,-4.75965,4.54290,-6.77815,3.10000,0.05850,0.00000
3214,121.79841,0.03308,Ada ile odada gezin,False,False,-4.80723,4.54286,-6.80493,3.10000,0.05460,0.00000
3215,121.83528,0.03688,Ada ile odada gezin,False,False,-4.85788,4.54290,-6.83341,3.10000,0.05811,0.00000
3216,121.86895,0.03366,Ada ile odada gezin,False,False,-4.91183,4.54300,-6.86373,3.10000,0.06188,0.00000
3217,121.89872,0.02977,Ada ile odada gezin,False,False,-4.95699,4.54286,-6.88917,3.10000,0.05183,0.00000
3218,121.93190,0.03318,Ada ile odada gezin,False,False,-5.00468,4.54284,-6.91601,3.10000,0.05473,0.00000
3219,121.96593,0.03403,Ada ile odada gezin,False,False,-5.05537,4.54290,-6.94451,3.10000,0.05815,0.00000
3220,121.99964,0.03371,Ada ile odada gezin,False,False,-5.10477,4.54291,-6.97230,3.10000,0.05669,0.00000
3221,122.03303,0.03339,Ada ile odada gezin,False,False,-5.15492,4.54292,-7.00050,3.10000,0.05753,0.00000
3222,122.06595,0.03292,Ada ile odada gezin,False,False,-5.20403,4.54291,-7.02813,3.10000,0.05635,0.00000
3223,122.09863,0.03268,Ada ile odada gezin,False,False,-5.25219,4.54289,-7.05523,3.10000,0.05526,0.00000
3224,122.13296,0.03433,Ada ile odada gezin,False,False,-5.30280,4.54286,-7.08332,3.10000,0.05788,0.00000
3225,122.16585,0.03289,Ada ile odada gezin,False,False,-5.35163,4.54280,-7.11036,3.10000,0.05582,0.00000
3226,122.19980,0.03395,Ada ile odada gezin,False,False,-5.40083,4.54276,-7.13754,3.10000,0.05621,0.00000
3227,122.23262,0.03281,Ada ile odada gezin,False,False,-5.45173,4.54277,-7.16563,3.10000,0.05813,0.00000
3228,122.26510,0.03248,Ada ile odada gezin,False,False,-5.49902,4.54270,-7.19176,3.10000,0.05403,0.00000
3229,122.29958,0.03448,Ada ile odada gezin,False,False,-5.54966,4.54273,-7.21971,3.10000,0.05784,0.00000
3230,122.33248,0.03289,Ada ile odada gezin,False,False,-5.59974,4.54276,-7.24759,3.10000,0.05732,0.00000
3231,122.36931,0.03684,Ada ile odada gezin,False,False,-5.64783,4.54273,-7.27433,3.10000,0.05502,0.00000
3232,122.40241,0.03310,Ada ile odada gezin,False,False,-5.70456,4.54290,-7.30576,3.10000,0.06485,0.00000
3233,122.43147,0.02906,Ada ile odada gezin,False,False,-5.74642,4.54268,-7.32904,3.10000,0.04790,0.00000
3234,122.46493,0.03346,Ada ile odada gezin,False,False,-5.79633,4.54273,-7.35693,3.10000,0.05718,0.00000
3235,122.49875,0.03382,Ada ile odada gezin,False,False,-5.84541,4.54275,-7.38431,3.10000,0.05619,0.00000
3236,122.53142,0.03267,Ada ile odada gezin,False,False,-5.89602,4.54279,-7.41250,3.10000,0.05794,0.00000
3237,122.56361,0.03220,Ada ile odada gezin,False,False,-5.94330,4.54274,-7.43884,3.10000,0.05412,0.00000
3238,122.59784,0.03422,Ada ile odada gezin,False,False,-5.99341,4.54280,-7.46695,3.10000,0.05745,0.00000
3239,122.63154,0.03370,Ada ile odada gezin,False,False,-6.04330,4.54282,-7.49490,3.10000,0.05718,0.00000
3240,122.66509,0.03355,Ada ile odada gezin,False,False,-6.09270,4.54283,-7.52254,3.10000,0.05661,0.00000
3241,122.69779,0.03270,Ada ile odada gezin,False,False,-6.14229,4.54283,-7.55028,3.10000,0.05681,0.00000
3242,122.73097,0.03318,Ada ile odada gezin,False,False,-6.19100,4.54283,-7.57776,3.10000,0.05593,0.00000
3243,122.76452,0.03355,Ada ile odada gezin,False,False,-6.24059,4.54286,-7.60568,3.10000,0.05691,0.00000
3244,122.79742,0.03291,Ada ile odada gezin,False,False,-6.28968,4.54286,-7.63331,3.10000,0.05634,0.00000
3245,122.83102,0.03359,Ada ile odada gezin,False,False,-6.33917,4.54289,-7.66139,3.10000,0.05690,0.00000
3246,122.86531,0.03430,Ada ile odada gezin,False,False,-6.38554,4.54243,-7.68783,3.10000,0.05338,0.00000
3247,122.89838,0.03306,Ada ile odada gezin,False,False,-6.42977,4.54134,-7.71287,3.10000,0.05084,0.00000
3248,122.93208,0.03370,Ada ile odada gezin,False,False,-6.46900,4.53996,-7.73508,3.10000,0.04510,0.00000
3249,122.96560,0.03352,Ada ile odada gezin,False,False,-6.50787,4.53841,-7.75643,3.10000,0.04437,0.00000
3250,122.99793,0.03233,Ada ile odada gezin,False,False,-6.54371,4.53690,-7.77618,3.10000,0.04096,0.00000
3251,123.03163,0.03370,Ada ile odada gezin,False,False,-6.57825,4.53552,-7.79569,3.10000,0.03969,0.00000
3252,123.06455,0.03293,Ada ile odada gezin,False,False,-6.61130,4.53414,-7.81469,3.10000,0.03815,0.00000
3253,123.09781,0.03325,Ada ile odada gezin,False,False,-6.64275,4.53289,-7.83311,3.10000,0.03647,0.00000
3254,123.13190,0.03409,Ada ile odada gezin,False,False,-6.67324,4.53172,-7.85087,3.10000,0.03530,0.00000
3255,123.16504,0.03314,Ada ile odada gezin,False,False,-6.70328,4.53068,-7.86913,3.10000,0.03517,0.00000
3256,123.19817,0.03313,Ada ile odada gezin,False,False,-6.73075,4.53020,-7.88946,3.10000,0.03419,0.00000
3257,123.23182,0.03366,Ada ile odada gezin,False,False,-6.75794,4.53015,-7.91337,3.10000,0.03620,0.00000
3258,123.26470,0.03287,Ada ile odada gezin,False,False,-6.78390,4.53029,-7.93856,3.10000,0.03617,0.00000
3259,123.29851,0.03381,Ada ile odada gezin,False,False,-6.81051,4.53056,-7.96465,3.10000,0.03727,0.00000
3260,123.33218,0.03367,Ada ile odada gezin,False,False,-6.83771,4.53083,-7.99150,3.10000,0.03822,0.00000
3261,123.36486,0.03268,Ada ile odada gezin,False,False,-6.86190,4.53107,-8.01920,3.10000,0.03678,0.00000
3262,123.39790,0.03304,Ada ile odada gezin,False,False,-6.88509,4.53138,-8.04928,3.10000,0.03798,0.00000
3263,123.43145,0.03355,Ada ile odada gezin,False,False,-6.90686,4.53146,-8.07888,3.10000,0.03675,0.00000
3264,123.46426,0.03281,Ada ile odada gezin,False,False,-6.92730,4.53133,-8.10824,3.10000,0.03577,0.00000
3265,123.49746,0.03320,Ada ile odada gezin,False,False,-6.94661,4.53110,-8.13716,3.10000,0.03477,0.00000
3266,123.53131,0.03385,Ada ile odada gezin,False,False,-6.96562,4.53085,-8.16647,3.10000,0.03494,0.00000
3267,123.56504,0.03374,Ada ile odada gezin,False,False,-6.98413,4.53063,-8.19634,3.10000,0.03514,0.00000
3268,123.59812,0.03308,Ada ile odada gezin,False,False,-7.00145,4.53026,-8.22510,3.10000,0.03357,0.00000
3269,123.63132,0.03320,Ada ile odada gezin,False,False,-7.01817,4.52985,-8.25344,3.10000,0.03291,0.00000
3270,123.66480,0.03347,Ada ile odada gezin,False,False,-7.03418,4.52937,-8.28093,3.10000,0.03182,0.00000
3271,123.69802,0.03323,Ada ile odada gezin,False,False,-7.05004,4.52889,-8.30841,3.10000,0.03173,0.00000
3272,123.73100,0.03298,Ada ile odada gezin,False,False,-7.06521,4.52827,-8.33415,3.10000,0.02987,0.00000
3273,123.76506,0.03406,Ada ile odada gezin,False,False,-7.07993,4.52755,-8.35872,3.10000,0.02866,0.00000
3274,123.79830,0.03323,Ada ile odada gezin,False,False,-7.09473,4.52682,-8.38325,3.10000,0.02865,0.00000
3275,123.83201,0.03372,Ada ile odada gezin,False,False,-7.10817,4.52602,-8.40533,3.10000,0.02586,0.00000
3276,123.86587,0.03386,Ada ile odada gezin,False,False,-7.12198,4.52523,-8.42797,3.10000,0.02653,0.00000
3277,123.89807,0.03220,Ada ile odada gezin,False,False,-7.13460,4.52451,-8.44874,3.10000,0.02431,0.00000
3278,123.93070,0.03263,Ada ile odada gezin,False,False,-7.14688,4.52382,-8.46926,3.10000,0.02392,0.00000
3279,123.96779,0.03708,Ada ile odada gezin,False,False,-7.15882,4.52318,-8.48955,3.10000,0.02356,0.00000
3280,124.01398,0.04619,Ada ile odada gezin,False,False,-7.17564,4.52264,-8.51880,3.10000,0.03374,0.00000
3281,124.04362,0.02964,Ada ile odada gezin,False,False,-7.18611,4.52195,-8.53788,3.10000,0.02178,0.00000
3282,124.07445,0.03083,Ada ile odada gezin,False,False,-7.19507,4.52136,-8.55498,3.10000,0.01931,0.00000
3283,124.10768,0.03323,Ada ile odada gezin,False,False,-7.20497,4.52088,-8.57471,3.10000,0.02208,0.00000
3284,124.14121,0.03353,Ada ile odada gezin,False,False,-7.21436,4.52067,-8.59459,3.10000,0.02198,0.00000
3285,124.17453,0.03333,Ada ile odada gezin,False,False,-7.22425,4.52112,-8.61964,3.10000,0.02693,0.00000
3286,124.20670,0.03216,Ada ile odada gezin,False,False,-7.23222,4.52204,-8.64809,3.10000,0.02956,0.00000
3287,124.23979,0.03309,Ada ile odada gezin,False,False,-7.23801,4.52345,-8.68315,3.10000,0.03557,0.00000
3288,124.27388,0.03409,Ada ile odada gezin,False,False,-7.24042,4.52519,-8.72541,3.10000,0.04236,0.00000
3289,124.30775,0.03387,Ada ile odada gezin,False,False,-7.23944,4.52694,-8.77299,3.10000,0.04763,0.00000
3290,124.34144,0.03370,Ada ile odada gezin,False,False,-7.23592,4.52848,-8.82322,3.10000,0.05037,0.00000
3291,124.37512,0.03368,Ada ile odada gezin,False,False,-7.23048,4.52977,-8.87561,3.10000,0.05270,0.00000
3292,124.40823,0.03311,Ada ile odada gezin,False,False,-7.22372,4.53079,-8.92859,3.10000,0.05342,0.00000
3293,124.44116,0.03292,Ada ile odada gezin,False,False,-7.21605,4.53161,-8.98249,3.10000,0.05444,0.00000
3294,124.47456,0.03341,Ada ile odada gezin,False,False,-7.20783,4.53228,-9.03680,3.10000,0.05494,0.00000
3295,124.50769,0.03312,Ada ile odada gezin,False,False,-7.19910,4.53283,-9.09244,3.10000,0.05632,0.00000
3296,124.54109,0.03340,Ada ile odada gezin,False,False,-7.19038,4.53323,-9.14684,3.10000,0.05509,0.00000
3297,124.57503,0.03394,Ada ile odada gezin,False,False,-7.18117,4.53360,-9.20353,3.10000,0.05744,0.00000
3298,124.60810,0.03306,Ada ile odada gezin,False,False,-7.17203,4.53387,-9.25944,3.10000,0.05665,0.00000
3299,124.64104,0.03294,Ada ile odada gezin,False,False,-7.16309,4.53406,-9.31391,3.10000,0.05520,0.00000
3300,124.67399,0.03294,Ada ile odada gezin,False,False,-7.15380,4.53424,-9.37025,3.10000,0.05710,0.00000
3301,124.70821,0.03422,Ada ile odada gezin,False,False,-7.14481,4.53436,-9.42480,3.10000,0.05529,0.00000
3302,124.74166,0.03345,Ada ile odada gezin,False,False,-7.13942,4.53188,-9.46331,3.10000,0.03896,0.00000
3303,124.77373,0.03207,Ada ile odada gezin,False,False,-7.13681,4.52860,-9.48669,3.10000,0.02375,0.00000
3304,124.80711,0.03338,Ada ile odada gezin,False,False,-7.13546,4.52485,-9.50346,3.10000,0.01723,0.00000
3305,124.83985,0.03274,Ada ile odada gezin,False,False,-7.13496,4.52129,-9.51457,3.10000,0.01168,0.00000
3306,124.87474,0.03489,Ada ile odada gezin,False,False,-7.13491,4.51805,-9.52219,3.10000,0.00829,0.00000
3307,124.90862,0.03388,Ada ile odada gezin,False,False,-7.13512,4.51503,-9.52775,3.10000,0.00633,0.00000
3308,124.94065,0.03202,Ada ile odada gezin,False,False,-7.13541,4.51275,-9.53116,3.10000,0.00411,0.00000
3309,124.97437,0.03372,Ada ile odada gezin,False,False,-7.13576,4.51068,-9.53377,3.10000,0.00335,0.00000
3310,125.00834,0.03398,Ada ile odada gezin,False,False,-7.13608,4.50903,-9.53556,3.10000,0.00246,0.00000
3311,125.04188,0.03354,Ada ile odada gezin,False,False,-7.13638,4.50763,-9.53688,3.10000,0.00195,0.00000
3312,125.07370,0.03181,Ada ile odada gezin,False,False,-7.13664,4.50655,-9.53778,3.10000,0.00143,0.00000
3313,125.10701,0.03332,Ada ile odada gezin,False,False,-7.13686,4.50567,-9.53845,3.10000,0.00112,0.00000
3314,125.14089,0.03387,Ada ile odada gezin,False,False,-7.13705,4.50493,-9.53896,3.10000,0.00092,0.00000
3315,125.17393,0.03305,Ada ile odada gezin,False,False,-7.13720,4.50436,-9.53933,3.10000,0.00070,0.00000
3316,125.20767,0.03374,Ada ile odada gezin,False,False,-7.13732,4.50389,-9.53961,3.10000,0.00056,0.00000
3317,125.24085,0.03318,Ada ile odada gezin,False,False,-7.13740,4.50355,-9.53990,3.10000,0.00045,0.00000
3318,125.27388,0.03303,Ada ile odada gezin,False,False,-7.13749,4.50325,-9.54003,3.10000,0.00034,0.00000
3319,125.30688,0.03300,Ada ile odada gezin,False,False,-7.13757,4.50302,-9.54014,3.10000,0.00027,0.00000
3320,125.34023,0.03335,Ada ile odada gezin,False,False,-7.13762,4.50283,-9.54022,3.10000,0.00021,0.00000
3321,125.37444,0.03421,Ada ile odada gezin,False,False,-7.13767,4.50268,-9.54028,3.10000,0.00017,0.00000
3322,125.40840,0.03396,Ada ile odada gezin,False,False,-7.13770,4.50256,-9.54034,3.10000,0.00014,0.00000
3323,125.44681,0.03841,Ada ile odada gezin,False,False,-7.13773,4.50247,-9.54038,3.10000,0.00010,0.00000
3324,125.48257,0.03576,Yakından incele · aftershock,True,False,-7.12278,4.49746,-9.52168,3.09203,0.02445,0.00000
3325,125.50661,0.02404,Yakından incele · aftershock,True,False,-7.10188,4.49061,-9.49555,3.08091,0.03416,0.00000
3326,125.53970,0.03309,Yakından incele · aftershock,True,False,-7.05722,4.47596,-9.43969,3.05715,0.07300,0.18975
3327,125.57196,0.03226,Yakından incele · aftershock,True,False,-6.99896,4.45685,-9.36684,3.02616,0.09522,0.24708
3328,125.61602,0.04406,Yakından incele · aftershock,True,False,-6.90379,4.42125,-9.24781,2.97553,0.15650,0.41117
3329,125.64291,0.02689,Yakından incele · aftershock,True,False,-6.83236,4.39648,-9.15847,2.93752,0.11704,0.30901
3330,125.67607,0.03316,Yakından incele · aftershock,True,False,-6.73165,4.35809,-9.03565,2.88386,0.16340,0.43879
3331,125.70866,0.03259,Yakından incele · aftershock,True,False,-6.62414,4.31362,-8.90713,2.82659,0.17336,0.46814
3332,125.74167,0.03301,Yakından incele · aftershock,True,False,-6.50281,4.26053,-8.76353,2.76210,0.19535,0.52786
3333,125.77585,0.03418,Yakından incele · aftershock,True,False,-6.37751,4.20118,-8.61756,2.69575,0.20131,0.54248
3334,125.81010,0.03425,Yakından incele · aftershock,True,False,-6.23349,4.12955,-8.45058,2.61972,0.23185,0.62307
3335,125.84271,0.03260,Yakından incele · aftershock,True,False,-6.09333,4.05210,-8.29105,2.54604,0.22605,0.60263
3336,125.87549,0.03279,Yakından incele · aftershock,True,False,-5.94746,3.96728,-8.12604,2.46957,0.23601,0.62682
3337,125.90837,0.03288,Yakından incele · aftershock,True,False,-5.79696,3.88167,-7.95449,2.39064,0.24373,0.64770
3338,125.94156,0.03319,Yakından incele · aftershock,True,False,-5.64609,3.81183,-7.77604,2.31082,0.24390,0.65491
3339,125.97580,0.03424,Yakından incele · aftershock,True,False,-5.49175,3.74038,-7.59348,2.22917,0.24951,0.66910
3340,126.01021,0.03440,Yakından incele · aftershock,True,False,-5.33536,3.66798,-7.40849,2.14643,0.25282,0.67839
3341,126.04259,0.03238,Yakından incele · aftershock,True,False,-5.18457,3.59818,-7.23015,2.06665,0.24375,0.65372
3342,126.07510,0.03251,Yakından incele · aftershock,True,False,-5.04126,3.53183,-7.06063,1.99083,0.23168,0.62055
3343,126.10902,0.03392,Yakından incele · aftershock,True,False,-4.89588,3.46453,-6.88867,1.91392,0.23502,0.63056
3344,126.14165,0.03263,Yakından incele · aftershock,True,False,-4.75502,3.39932,-6.72206,1.83939,0.22771,0.61166
3345,126.17492,0.03328,Yakından incele · aftershock,True,False,-4.62762,3.34034,-6.57137,1.77199,0.20596,0.55249
3346,126.20951,0.03458,Yakından incele · aftershock,True,False,-4.49756,3.28013,-6.41752,1.70318,0.21026,0.56232
3347,126.24251,0.03301,Yakından incele · aftershock,True,False,-4.38251,3.22687,-6.28145,1.64232,0.18598,0.49732
3348,126.27622,0.03371,Yakından incele · aftershock,True,False,-4.27697,3.17801,-6.15661,1.58648,0.17062,0.45628
3349,126.30940,0.03317,Yakından incele · aftershock,True,False,-4.18200,3.13405,-6.04428,1.53624,0.15352,0.40926
3350,126.34226,0.03286,Yakından incele · aftershock,True,False,-4.10189,3.09696,-5.94952,1.49385,0.12951,0.34492
3351,126.37554,0.03328,Yakından incele · aftershock,True,False,-4.03406,3.06556,-5.86929,1.45797,0.10966,0.29342
3352,126.40826,0.03272,Yakından incele · aftershock,True,False,-3.98180,3.04137,-5.80748,1.43032,0.08447,0.22381
3353,126.44133,0.03307,Yakından incele · aftershock,True,False,-3.94588,3.02474,-5.76499,1.41131,0.05807,0.00000
3354,126.47521,0.03387,Yakından incele · aftershock,True,False,-3.92692,3.01596,-5.74256,1.40128,0.03065,0.00000
3355,126.50922,0.03402,Yakından incele · aftershock,False,False,-3.92450,3.01484,-5.73970,1.40000,0.00392,0.00000
3356,126.54224,0.03302,Yakından incele · aftershock,False,False,-3.92450,3.01484,-5.73970,1.40000,0.00000,0.00000
3357,126.57547,0.03323,Yakından incele · aftershock,False,False,-3.92450,3.01484,-5.73970,1.40000,0.00000,0.00000
3358,126.61644,0.04097,Yakından incele · aftershock,False,False,-3.92450,3.01484,-5.73970,1.40000,0.00000,0.00000
3359,126.65933,0.04289,Yakından incele · aftershock,False,False,-3.92450,3.01484,-5.73970,1.40000,0.00000,0.00000
3360,126.67469,0.01537,Yakından incele · aftershock,False,False,-3.92450,3.01484,-5.73970,1.40000,0.00000,0.00000
3361,126.70766,0.03296,Yakından incele · aftershock,False,False,-3.92450,3.01484,-5.73970,1.40000,0.00000,0.00000
3362,126.74257,0.03491,Yakından incele · aftershock,False,False,-3.92450,3.01484,-5.73970,1.40000,0.00000,0.00000
3363,126.77637,0.03380,Yakından incele · aftershock,False,False,-3.92450,3.01484,-5.73970,1.40000,0.00000,0.00000
3364,126.80844,0.03207,Yakından incele · aftershock,False,False,-3.92450,3.01484,-5.73970,1.40000,0.00000,0.00000
3365,126.84217,0.03373,Yakından incele · aftershock,False,False,-3.92450,3.01484,-5.73970,1.40000,0.00000,0.00000
3366,126.87469,0.03252,Yakından incele · aftershock,False,False,-3.92450,3.01484,-5.73970,1.40000,0.00000,0.00000
3367,126.90811,0.03343,Yakından incele · aftershock,False,False,-3.92450,3.01484,-5.73970,1.40000,0.00000,0.00000
3368,126.94128,0.03316,Yakından incele · aftershock,False,False,-3.92450,3.01484,-5.73970,1.40000,0.00000,0.00000
3369,126.97483,0.03355,Yakından incele · aftershock,False,False,-3.92450,3.01484,-5.73970,1.40000,0.00000,0.00000
3370,127.00977,0.03495,Yakından incele · aftershock,False,False,-3.92450,3.01484,-5.73970,1.40000,0.00000,0.00000
3371,127.04379,0.03401,Yakından incele · aftershock,False,False,-3.92450,3.01484,-5.73970,1.40000,0.00000,0.00000
3372,127.07613,0.03234,Yakından incele · aftershock,False,False,-3.92450,3.01484,-5.73970,1.40000,0.00000,0.00000
3373,127.10830,0.03216,Yakından incele · aftershock,False,False,-3.92450,3.01484,-5.73970,1.40000,0.00000,0.00000
3374,127.14152,0.03322,Yakından incele · aftershock,False,False,-3.92450,3.01484,-5.73970,1.40000,0.00000,0.00000
3375,127.17514,0.03362,Yakından incele · aftershock,False,False,-3.92450,3.01484,-5.73970,1.40000,0.00000,0.00000
3376,127.20886,0.03372,Yakından incele · aftershock,False,False,-3.92450,3.01484,-5.73970,1.40000,0.00000,0.00000
3377,127.24189,0.03303,Yakından incele · aftershock,False,False,-3.92450,3.01484,-5.73970,1.40000,0.00000,0.00000
3378,127.27476,0.03287,Yakından incele · aftershock,False,False,-3.92450,3.01484,-5.73970,1.40000,0.00000,0.00000
3379,127.31789,0.04313,Yakından incele · aftershock,False,False,-3.92450,3.01484,-5.73970,1.40000,0.00000,0.00000
3380,127.35243,0.03454,Yakından incele · aftershock,False,False,-3.92450,3.01484,-5.73970,1.40000,0.00000,0.00000
3381,127.38662,0.03419,Yakından incele · aftershock,False,False,-3.92450,3.01484,-5.73970,1.40000,0.00000,0.00000
3382,127.42089,0.03427,Yakından incele · aftershock,False,False,-3.92450,3.01484,-5.73970,1.40000,0.00000,0.00000
3383,127.45324,0.03235,Yakından incele · aftershock,False,False,-3.92450,3.01484,-5.73970,1.40000,0.00000,0.00000
3384,127.48485,0.03162,Yakından incele · aftershock,False,False,-3.92450,3.01484,-5.73970,1.40000,0.00000,0.00000
3385,127.51832,0.03346,Yakından incele · aftershock,False,False,-3.92450,3.01484,-5.73970,1.40000,0.00000,0.00000
3386,127.55156,0.03324,Yakından incele · aftershock,False,False,-3.92450,3.01484,-5.73970,1.40000,0.00000,0.00000
3387,127.58556,0.03400,Yakından incele · aftershock,False,False,-3.92450,3.01484,-5.73970,1.40000,0.00000,0.00000
3388,127.61906,0.03350,Yakından incele · aftershock,False,False,-3.92450,3.01484,-5.73970,1.40000,0.00000,0.00000
3389,127.65329,0.03423,Yakından incele · aftershock,False,False,-3.92450,3.01484,-5.73970,1.40000,0.00000,0.00000
3390,127.68657,0.03328,Yakından incele · aftershock,False,False,-3.92450,3.01484,-5.73970,1.40000,0.00000,0.00000
3391,127.72006,0.03349,Yakından incele · aftershock,False,False,-3.92450,3.01484,-5.73970,1.40000,0.00000,0.00000
3392,127.75346,0.03340,Yakından incele · aftershock,False,False,-3.92450,3.01484,-5.73970,1.40000,0.00000,0.00000
3393,127.78586,0.03240,Yakından incele · aftershock,False,False,-3.92450,3.01484,-5.73970,1.40000,0.00000,0.00000
3394,127.82186,0.03600,Yakından incele · aftershock,False,False,-3.92450,3.01484,-5.73970,1.40000,0.00000,0.00000
3395,127.85510,0.03324,Yakından incele · aftershock,False,False,-3.92450,3.01484,-5.73970,1.40000,0.00000,0.00000
3396,127.88759,0.03249,Yakından incele · aftershock,False,False,-3.92450,3.01484,-5.73970,1.40000,0.00000,0.00000
3397,127.92193,0.03434,Yakından incele · aftershock,False,False,-3.92450,3.01484,-5.73970,1.40000,0.00000,0.00000
3398,127.96202,0.04010,Yakından incele · aftershock,False,False,-3.92450,3.01484,-5.73970,1.40000,0.00000,0.00000
3399,128.00049,0.03847,Yakından incele · aftershock,False,False,-3.92450,3.01484,-5.73970,1.40000,0.00000,0.00000
3400,128.02793,0.02744,Yakından incele · aftershock,False,False,-3.92450,3.01484,-5.73970,1.40000,0.00000,0.00000
3401,128.05423,0.02630,Yakından incele · aftershock,False,False,-3.92450,3.01484,-5.73970,1.40000,0.00000,0.00000
3402,128.09716,0.04293,Yakından incele · aftershock,False,False,-3.92450,3.01484,-5.73970,1.40000,0.00000,0.00000
3403,128.13301,0.03585,Ada ile odada gezin,True,False,-3.94311,3.02346,-5.76171,1.40985,0.03009,0.00000
3404,128.15330,0.02029,Ada ile odada gezin,True,False,-3.96221,3.03230,-5.78434,1.41996,0.03090,0.00000
3405,128.18581,0.03251,Ada ile odada gezin,True,False,-4.00749,3.05332,-5.83820,1.44395,0.07344,0.19383
3406,128.21861,0.03280,Ada ile odada gezin,True,False,-4.06501,3.08014,-5.90727,1.47451,0.09379,0.24708
3407,128.25133,0.03272,Ada ile odada gezin,True,False,-4.14119,3.11591,-6.00012,1.51515,0.12532,0.32865
3408,128.28347,0.03214,Ada ile odada gezin,True,False,-4.22406,3.15518,-6.10313,1.55961,0.13792,0.36262
3409,128.31696,0.03349,Ada ile odada gezin,True,False,-4.32259,3.20243,-6.22890,1.61287,0.16661,0.43521
3410,128.35140,0.03444,Ada ile odada gezin,True,False,-4.43006,3.25463,-6.37021,1.67145,0.18505,0.47970
3411,128.38617,0.03477,Ada ile odada gezin,True,False,-4.54907,3.31318,-6.53163,1.73691,0.20893,0.53668
3412,128.41992,0.03375,Ada ile odada gezin,True,False,-4.67438,3.37559,-6.70696,1.80646,0.22436,0.57061
3413,128.45250,0.03258,Ada ile odada gezin,True,False,-4.80155,3.43965,-6.89038,1.87768,0.23220,0.58282
3414,128.48448,0.03199,Ada ile odada gezin,True,False,-4.93267,3.50645,-7.08535,1.95178,0.24427,0.60652
3415,128.51653,0.03205,Ada ile odada gezin,True,False,-5.06495,3.57458,-7.28805,2.02722,0.25145,0.61802
3416,128.55119,0.03466,Ada ile odada gezin,True,False,-5.20141,3.64568,-7.50379,2.10581,0.26499,0.64407
3417,128.58531,0.03412,Ada ile odada gezin,True,False,-5.34508,3.72147,-7.73863,2.18942,0.28555,0.68528
3418,128.61765,0.03234,Ada ile odada gezin,True,False,-5.48069,3.79379,-7.96727,2.26912,0.27549,0.65372
3419,128.65074,0.03309,Ada ile odada gezin,True,False,-5.61427,3.86591,-8.20000,2.34849,0.27787,0.65132
3420,128.68541,0.03466,Ada ile odada gezin,True,False,-5.74918,3.93976,-8.44351,2.42961,0.28801,0.66558
3421,128.71927,0.03386,Ada ile odada gezin,True,False,-5.88096,4.01293,-8.69023,2.50985,0.28912,0.65849
3422,128.75268,0.03341,Ada ile odada gezin,True,False,-6.00392,4.08218,-8.92908,2.58570,0.27742,0.62181
3423,128.78473,0.03205,Ada ile odada gezin,True,False,-6.12217,4.14992,-9.16842,2.65973,0.27542,0.60780
3424,128.81831,0.03358,Ada ile odada gezin,True,False,-6.22804,4.21157,-9.39158,2.72701,0.25458,0.55107
3425,128.85272,0.03442,Ada ile odada gezin,True,False,-6.33472,4.27526,-9.62873,2.79621,0.26773,0.56648
3426,128.88464,0.03191,Ada ile odada gezin,True,False,-6.42607,4.33104,-9.84253,2.85667,0.23909,0.49416
3427,128.91839,0.03376,Ada ile odada gezin,True,False,-6.50620,4.38141,-10.04197,2.91105,0.22076,0.44411
3428,128.95224,0.03384,Ada ile odada gezin,True,False,-6.58026,4.42997,-10.24230,2.96313,0.21903,0.42428
3429,128.98825,0.03601,Ada ile odada gezin,True,False,-6.63760,4.46933,-10.41255,3.00516,0.18391,0.34264
3430,129.02494,0.03668,Ada ile odada gezin,True,False,-6.68753,4.50685,-10.58651,3.04470,0.18483,0.32143
3431,129.05631,0.03137,Ada ile odada gezin,True,False,-6.71819,4.53304,-10.72027,3.07202,0.13970,0.22029
3432,129.08619,0.02988,Ada ile odada gezin,True,False,-6.73296,4.54966,-10.81851,3.08899,0.10072,0.00000
3433,129.11918,0.03299,Ada ile odada gezin,True,False,-6.73390,4.56002,-10.90134,3.09876,0.08347,0.00000
3434,129.15419,0.03501,Ada ile odada gezin,False,False,-6.72066,4.56261,-10.95846,3.10000,0.05870,0.00000
3435,129.18716,0.03297,Ada ile odada gezin,False,False,-6.70421,4.56424,-11.01585,3.10000,0.05973,0.00000
3436,129.21753,0.03037,Ada ile odada gezin,False,False,-6.69019,4.56551,-11.06496,3.10000,0.05108,0.00000
3437,129.25174,0.03421,Ada ile odada gezin,False,False,-6.67386,4.55874,-11.11625,3.10000,0.05425,0.00000
3438,129.28474,0.03300,Ada ile odada gezin,False,False,-6.65588,4.54361,-11.16934,3.10000,0.05806,0.00000
3439,129.31759,0.03285,Ada ile odada gezin,False,False,-6.63944,4.52467,-11.21721,3.10000,0.05404,0.00000
3440,129.35193,0.03434,Ada ile odada gezin,False,False,-6.62126,4.49938,-11.27007,3.10000,0.06136,0.00000
3441,129.38480,0.03287,Ada ile odada gezin,False,False,-6.60413,4.47196,-11.32081,3.10000,0.06016,0.00000
3442,129.41818,0.03338,Ada ile odada gezin,False,False,-6.58754,4.44382,-11.37184,3.10000,0.06059,0.00000
3443,129.45171,0.03353,Ada ile odada gezin,False,False,-6.57092,4.41541,-11.42523,3.10000,0.06272,0.00000
3444,129.48865,0.03694,Ada ile odada gezin,False,False,-6.55476,4.38754,-11.47873,3.10000,0.06245,0.00000
3445,129.52343,0.03478,Ada ile odada gezin,False,False,-6.53724,4.35741,-11.53767,3.10000,0.06847,0.00000
3446,129.55309,0.02966,Ada ile odada gezin,False,False,-6.52239,4.33131,-11.58868,3.10000,0.05919,0.00000
3447,129.58470,0.03161,Ada ile odada gezin,False,False,-6.50818,4.30633,-11.63779,3.10000,0.05689,0.00000
3448,129.61868,0.03398,Ada ile odada gezin,False,False,-6.49209,4.27848,-11.69324,3.10000,0.06411,0.00000
3449,129.65213,0.03345,Ada ile odada gezin,False,False,-6.47648,4.25129,-11.74737,3.10000,0.06255,0.00000
3450,129.68502,0.03289,Ada ile odada gezin,False,False,-6.46079,4.22397,-11.80184,3.10000,0.06292,0.00000
3451,129.71771,0.03269,Ada ile odada gezin,False,False,-6.44544,4.19639,-11.85463,3.10000,0.06150,0.00000
3452,129.75076,0.03305,Ada ile odada gezin,False,False,-6.42952,4.16705,-11.90886,3.10000,0.06368,0.00000
3453,129.78413,0.03337,Ada ile odada gezin,False,False,-6.41430,4.14056,-11.96275,3.10000,0.06195,0.00000
3454,129.81861,0.03448,Ada ile odada gezin,False,False,-6.39941,4.11992,-12.01978,3.10000,0.06245,0.00000
3455,129.85222,0.03361,Ada ile odada gezin,False,False,-6.38497,4.10428,-12.07710,3.10000,0.06115,0.00000
3456,129.88483,0.03261,Ada ile odada gezin,False,False,-6.37098,4.09251,-12.13316,3.10000,0.05897,0.00000
3457,129.91779,0.03296,Ada ile odada gezin,False,False,-6.35701,4.08348,-12.18872,3.10000,0.05800,0.00000
3458,129.95215,0.03436,Ada ile odada gezin,False,False,-6.34258,4.07638,-12.24531,3.10000,0.05882,0.00000
3459,129.98594,0.03379,Ada ile odada gezin,False,False,-6.32761,4.07077,-12.30306,3.10000,0.05992,0.00000
3460,130.01890,0.03296,Ada ile odada gezin,False,False,-6.31317,4.06654,-12.35800,3.10000,0.05697,0.00000
3461,130.05119,0.03229,Ada ile odada gezin,False,False,-6.29836,4.06321,-12.41355,3.10000,0.05759,0.00000
3462,130.08373,0.03254,Ada ile odada gezin,False,False,-6.28393,4.06065,-12.46700,3.10000,0.05542,0.00000
3463,130.11771,0.03398,Ada ile odada gezin,False,False,-6.26862,4.05860,-12.52305,3.10000,0.05814,0.00000
3464,130.15208,0.03437,Ada ile odada gezin,False,False,-6.25338,4.05699,-12.57836,3.10000,0.05740,0.00000
3465,130.18553,0.03345,Ada ile odada gezin,False,False,-6.23760,4.05572,-12.63516,3.10000,0.05897,0.00000
3466,130.21809,0.03256,Ada ile odada gezin,False,False,-6.22269,4.05472,-12.68858,3.10000,0.05546,0.00000
3467,130.25157,0.03348,Ada ile odada gezin,False,False,-6.20734,4.05394,-12.74325,3.10000,0.05679,0.00000
3468,130.28444,0.03286,Ada ile odada gezin,False,False,-6.19184,4.05333,-12.79826,3.10000,0.05716,0.00000
3469,130.31655,0.03211,Ada ile odada gezin,False,False,-6.17674,4.05284,-12.85168,3.10000,0.05551,0.00000
3470,130.34983,0.03328,Ada ile odada gezin,False,False,-6.16150,4.05246,-12.90546,3.10000,0.05590,0.00000
3471,130.38407,0.03425,Ada ile odada gezin,False,False,-6.14575,4.05217,-12.96087,3.10000,0.05761,0.00000
3472,130.41838,0.03431,Ada ile odada gezin,False,False,-6.12991,4.05195,-13.01654,3.10000,0.05788,0.00000
3473,130.45219,0.03381,Ada ile odada gezin,False,False,-6.11413,4.05176,-13.07193,3.10000,0.05759,0.00000
3474,130.48507,0.03288,Ada ile odada gezin,False,False,-6.09867,4.05160,-13.12616,3.10000,0.05638,0.00000
3475,130.51745,0.03238,Ada ile odada gezin,False,False,-6.08323,4.05147,-13.18025,3.10000,0.05625,0.00000
3476,130.55110,0.03365,Ada ile odada gezin,False,False,-6.06808,4.05136,-13.23332,3.10000,0.05519,0.00000
3477,130.58471,0.03361,Ada ile odada gezin,False,False,-6.05185,4.05133,-13.29007,3.10000,0.05902,0.00000
3478,130.63531,0.05060,Ada ile odada gezin,False,False,-6.03174,4.05147,-13.36011,3.10000,0.07288,0.00000
3479,130.69275,0.05744,Ada ile odada gezin,False,False,-6.01736,4.04599,-13.41847,3.10000,0.06035,0.00000
3480,130.70253,0.00978,Ada ile odada gezin,False,False,-6.01642,4.04511,-13.42422,3.10000,0.00590,0.00000
3481,130.72629,0.02377,Ada ile odada gezin,False,False,-6.01565,4.04343,-13.44036,3.10000,0.01624,0.00000
3482,130.75855,0.03226,Ada ile odada gezin,False,False,-6.01743,4.04232,-13.46276,3.10000,0.02250,0.00000
3483,130.79281,0.03426,Ada ile odada gezin,False,False,-6.02210,4.04225,-13.48985,3.10000,0.02749,0.00000
3484,130.82612,0.03331,Ada ile odada gezin,False,False,-6.02957,4.04330,-13.52274,3.10000,0.03375,0.00000
3485,130.85937,0.03325,Ada ile odada gezin,False,False,-6.03907,4.04519,-13.55988,3.10000,0.03838,0.00000
3486,130.89284,0.03347,Ada ile odada gezin,False,False,-6.05112,4.04779,-13.60428,3.10000,0.04608,0.00000
3487,130.92624,0.03340,Ada ile odada gezin,False,False,-6.06405,4.05033,-13.65040,3.10000,0.04796,0.00000
3488,130.96072,0.03448,Ada ile odada gezin,False,False,-6.07826,4.05282,-13.70000,3.10000,0.05166,0.00000
3489,130.99364,0.03292,Ada ile odada gezin,False,False,-6.09340,4.05509,-13.75211,3.10000,0.05431,0.00000
3490,131.02642,0.03279,Ada ile odada gezin,False,False,-6.10794,4.05685,-13.80165,3.10000,0.05166,0.00000
3491,131.06059,0.03417,Ada ile odada gezin,False,False,-6.12376,4.05851,-13.85520,3.10000,0.05586,0.00000
3492,131.09421,0.03362,Ada ile odada gezin,False,False,-6.13965,4.05986,-13.90865,3.10000,0.05577,0.00000
3493,131.12637,0.03215,Ada ile odada gezin,False,False,-6.15562,4.06095,-13.96215,3.10000,0.05584,0.00000
3494,131.15921,0.03285,Ada ile odada gezin,False,False,-6.17097,4.06176,-14.01341,3.10000,0.05352,0.00000
3495,131.19288,0.03367,Ada ile odada gezin,False,False,-6.18741,4.06254,-14.06820,3.10000,0.05720,0.00000
3496,131.22573,0.03285,Ada ile odada gezin,False,False,-6.20362,4.06313,-14.12212,3.10000,0.05631,0.00000
3497,131.25897,0.03324,Ada ile odada gezin,False,False,-6.21943,4.06356,-14.17460,3.10000,0.05481,0.00000
3498,131.29248,0.03352,Ada ile odada gezin,False,False,-6.23613,4.06399,-14.23002,3.10000,0.05788,0.00000
3499,131.32571,0.03323,Ada ile odada gezin,False,False,-6.25214,4.06426,-14.28307,3.10000,0.05541,0.00000
3500,131.35886,0.03315,Ada ile odada gezin,False,False,-6.26876,4.06453,-14.33814,3.10000,0.05752,0.00000
3501,131.39239,0.03353,Ada ile odada gezin,False,False,-6.28475,4.06469,-14.39107,3.10000,0.05530,0.00000
3502,131.42590,0.03351,Ada ile odada gezin,False,False,-6.30157,4.06488,-14.44674,3.10000,0.05815,0.00000
3503,131.45935,0.03344,Ada ile odada gezin,False,False,-6.31779,4.06498,-14.50039,3.10000,0.05605,0.00000
3504,131.49298,0.03364,Ada ile odada gezin,False,False,-6.33425,4.06507,-14.55480,3.10000,0.05685,0.00000
3505,131.52632,0.03334,Ada ile odada gezin,False,False,-6.35071,4.06515,-14.60923,3.10000,0.05687,0.00000
3506,131.55989,0.03357,Ada ile odada gezin,False,False,-6.36708,4.06520,-14.66332,3.10000,0.05651,0.00000
3507,131.59344,0.03355,Ada ile odada gezin,False,False,-6.38357,4.06526,-14.71784,3.10000,0.05696,0.00000
3508,131.62690,0.03347,Ada ile odada gezin,False,False,-6.40001,4.06529,-14.77218,3.10000,0.05677,0.00000
3509,131.65941,0.03251,Ada ile odada gezin,False,False,-6.41647,4.06532,-14.82657,3.10000,0.05683,0.00000
3510,131.69236,0.03295,Ada ile odada gezin,False,False,-6.43241,4.06531,-14.87922,3.10000,0.05501,0.00000
3511,131.72669,0.03433,Ada ile odada gezin,False,False,-6.44904,4.06536,-14.93416,3.10000,0.05740,0.00000
3512,131.76079,0.03410,Ada ile odada gezin,False,False,-6.46583,4.06540,-14.98966,3.10000,0.05798,0.00000
3513,131.79476,0.03397,Ada ile odada gezin,False,False,-6.48225,4.06540,-15.04392,3.10000,0.05669,0.00000
3514,131.82739,0.03263,Ada ile odada gezin,False,False,-6.49895,4.06542,-15.09907,3.10000,0.05763,0.00000
3515,131.85907,0.03168,Ada ile odada gezin,False,False,-6.51473,4.06537,-15.15118,3.10000,0.05445,0.00000
3516,131.89270,0.03363,Ada ile odada gezin,False,False,-6.53089,4.06537,-15.20458,3.10000,0.05579,0.00000
3517,131.92674,0.03404,Ada ile odada gezin,False,False,-6.54764,4.06542,-15.25995,3.10000,0.05785,0.00000
3518,131.96009,0.03335,Ada ile odada gezin,False,False,-6.56415,4.06542,-15.31447,3.10000,0.05697,0.00000
3519,131.99343,0.03335,Ada ile odada gezin,False,False,-6.58049,4.06542,-15.36846,3.10000,0.05641,0.00000
3520,132.02733,0.03390,Ada ile odada gezin,False,False,-6.59703,4.06543,-15.42312,3.10000,0.05710,0.00000
3521,132.06035,0.03302,Ada ile odada gezin,False,False,-6.61362,4.06544,-15.47791,3.10000,0.05725,0.00000
3522,132.09295,0.03260,Ada ile odada gezin,False,False,-6.62966,4.06540,-15.53088,3.10000,0.05534,0.00000
3523,132.12592,0.03297,Ada ile odada gezin,False,False,-6.64601,4.06541,-15.58488,3.10000,0.05643,0.00000
3524,132.23028,0.10436,Ada ile odada gezin,False,False,-6.66237,4.06541,-15.63894,3.10000,0.05648,0.00000
3525,132.26661,0.03633,Ada ile odada gezin,False,False,-6.72399,4.06757,-15.84371,3.10000,0.21385,0.00000
3526,132.28537,0.01876,Ada ile odada gezin,False,False,-6.73129,4.06566,-15.86677,3.10000,0.02426,0.00000
3527,132.30299,0.01762,Ada ile odada gezin,False,False,-6.73794,4.06444,-15.88804,3.10000,0.02232,0.00000
3528,132.32655,0.02356,Ada ile odada gezin,False,False,-6.74813,4.06358,-15.92124,3.10000,0.03474,0.00000
3529,132.35917,0.03263,Ada ile odada gezin,False,False,-6.76352,4.06340,-15.97196,3.10000,0.05301,0.00000
3530,132.39299,0.03382,Ada ile odada gezin,False,False,-6.77889,4.06343,-16.02277,3.10000,0.05308,0.00000
3531,132.42704,0.03404,Ada ile odada gezin,False,False,-6.79552,4.06368,-16.07785,3.10000,0.05754,0.00000
3532,132.45938,0.03234,Ada ile odada gezin,False,False,-6.81130,4.06386,-16.13007,3.10000,0.05455,0.00000
3533,132.49297,0.03359,Ada ile odada gezin,False,False,-6.82717,4.06407,-16.18262,3.10000,0.05490,0.00000
3534,132.52627,0.03331,Ada ile odada gezin,False,False,-6.84385,4.06433,-16.23786,3.10000,0.05770,0.00000
3535,132.55947,0.03319,Ada ile odada gezin,False,False,-6.85967,4.06448,-16.29021,3.10000,0.05469,0.00000
3536,132.59304,0.03358,Ada ile odada gezin,False,False,-6.87649,4.06470,-16.34588,3.10000,0.05815,0.00000
3537,132.62588,0.03284,Ada ile odada gezin,False,False,-6.89237,4.06480,-16.39842,3.10000,0.05489,0.00000
3538,132.65954,0.03366,Ada ile odada gezin,False,False,-6.90896,4.06494,-16.45330,3.10000,0.05733,0.00000
3539,132.69252,0.03298,Ada ile odada gezin,False,False,-6.92529,4.06503,-16.50730,3.10000,0.05641,0.00000
3540,132.72557,0.03305,Ada ile odada gezin,False,False,-6.94149,4.06510,-16.56084,3.10000,0.05594,0.00000
3541,132.75883,0.03326,Ada ile odada gezin,False,False,-6.95797,4.06517,-16.61534,3.10000,0.05694,0.00000
3542,132.79265,0.03382,Ada ile odada gezin,False,False,-6.97434,4.06522,-16.66943,3.10000,0.05651,0.00000
3543,132.82702,0.03437,Ada ile odada gezin,False,False,-6.99091,4.06528,-16.72422,3.10000,0.05724,0.00000
3544,132.85961,0.03259,Ada ile odada gezin,False,False,-7.00770,4.06533,-16.77970,3.10000,0.05796,0.00000
3545,132.89245,0.03285,Ada ile odada gezin,False,False,-7.02334,4.06529,-16.83134,3.10000,0.05396,0.00000
3546,132.92625,0.03379,Ada ile odada gezin,False,False,-7.04026,4.06536,-16.88727,3.10000,0.05844,0.00000
3547,132.95887,0.03263,Ada ile odada gezin,False,False,-7.05638,4.06535,-16.94053,3.10000,0.05565,0.00000
3548,132.99228,0.03341,Ada ile odada gezin,False,False,-7.07273,4.06537,-16.99453,3.10000,0.05642,0.00000
3549,133.02593,0.03365,Ada ile odada gezin,False,False,-7.08928,4.06539,-17.04922,3.10000,0.05713,0.00000
3550,133.05988,0.03396,Ada ile odada gezin,False,False,-7.10575,4.06540,-17.10364,3.10000,0.05686,0.00000
3551,133.09365,0.03377,Ada ile odada gezin,False,False,-7.12245,4.06543,-17.15884,3.10000,0.05767,0.00000
3552,133.12672,0.03307,Ada ile odada gezin,False,False,-7.13877,4.06541,-17.21272,3.10000,0.05630,0.00000
3553,133.15957,0.03284,Ada ile odada gezin,False,False,-7.15512,4.06541,-17.26672,3.10000,0.05643,0.00000
3554,133.19358,0.03401,Ada ile odada gezin,False,False,-7.17133,4.06540,-17.32030,3.10000,0.05597,0.00000
3555,133.22729,0.03371,Ada ile odada gezin,False,False,-7.18838,4.06545,-17.37663,3.10000,0.05886,0.00000
3556,133.25930,0.03201,Ada ile odada gezin,False,False,-7.20431,4.06540,-17.42924,3.10000,0.05497,0.00000
3557,133.29342,0.03413,Ada ile odada gezin,False,False,-7.22059,4.06540,-17.48302,3.10000,0.05618,0.00000
3558,133.32735,0.03392,Ada ile odada gezin,False,False,-7.23745,4.06544,-17.53875,3.10000,0.05823,0.00000
3559,133.35990,0.03256,Ada ile odada gezin,False,False,-7.25377,4.06542,-17.59263,3.10000,0.05629,0.00000
3560,133.39344,0.03353,Ada ile odada gezin,False,False,-7.26985,4.06540,-17.64574,3.10000,0.05549,0.00000
3561,133.42883,0.03540,Ada ile odada gezin,False,False,-7.28676,4.06545,-17.70162,3.10000,0.05838,0.00000
3562,133.46647,0.03764,Ada ile odada gezin,False,False,-7.30400,4.06549,-17.75861,3.10000,0.05954,0.00000
3563,133.50033,0.03386,Ada ile odada gezin,False,False,-7.32196,4.06555,-17.81797,3.10000,0.06202,0.00000
3564,133.53041,0.03007,Ada ile odada gezin,False,False,-7.33691,4.06538,-17.86726,3.10000,0.05151,0.00000
3565,133.56275,0.03234,Ada ile odada gezin,False,False,-7.35281,4.06535,-17.91978,3.10000,0.05487,0.00000
3566,133.59844,0.03569,Ada ile odada gezin,False,False,-7.36923,4.06538,-17.97403,3.10000,0.05669,0.00000
3567,133.63645,0.03801,Ada ile odada gezin,False,False,-7.38703,4.06549,-18.03291,3.10000,0.06150,0.00000
3568,133.67327,0.03682,Ada ile odada gezin,False,False,-7.40483,4.06554,-18.09174,3.10000,0.06147,0.00000
3569,133.70388,0.03062,Ada ile odada gezin,False,False,-7.42141,4.06547,-18.14647,3.10000,0.05719,0.00000
3570,133.73203,0.02815,Ada ile odada gezin,False,False,-7.43629,4.06532,-18.19553,3.10000,0.05126,0.00000
3571,133.76144,0.02941,Ada ile odada gezin,False,False,-7.45105,4.06524,-18.24427,3.10000,0.05093,0.00000
3572,133.79410,0.03266,Ada ile odada gezin,False,False,-7.46712,4.06530,-18.29739,3.10000,0.05550,0.00000
3573,133.82698,0.03289,Ada ile odada gezin,False,False,-7.48352,4.06536,-18.35159,3.10000,0.05663,0.00000
3574,133.86012,0.03314,Ada ile odada gezin,False,False,-7.49977,4.06539,-18.40528,3.10000,0.05609,0.00000
3575,133.89383,0.03371,Ada ile odada gezin,False,False,-7.51630,4.06543,-18.45992,3.10000,0.05709,0.00000
3576,133.93663,0.04280,Ada ile odada gezin,False,False,-7.53847,4.06585,-18.53340,3.10000,0.07675,0.00000
3577,133.96920,0.03257,Ada ile odada gezin,False,False,-7.55414,4.06557,-18.58501,3.10000,0.05393,0.00000
3578,134.00262,0.03342,Ada ile odada gezin,False,False,-7.57054,4.06545,-18.63912,3.10000,0.05655,0.00000
3579,134.03549,0.03287,Ada ile odada gezin,False,False,-7.58685,4.06538,-18.69294,3.10000,0.05623,0.00000
3580,134.06891,0.03342,Ada ile odada gezin,False,False,-7.60273,4.06523,-18.74549,3.10000,0.05489,0.00000
3581,134.10266,0.03375,Ada ile odada gezin,False,False,-7.61906,4.06507,-18.79959,3.10000,0.05652,0.00000
3582,134.13568,0.03301,Ada ile odada gezin,False,False,-7.63499,4.06476,-18.85141,3.10000,0.05421,0.00000
3583,134.16927,0.03359,Ada ile odada gezin,False,False,-7.65185,4.06456,-18.90249,3.10000,0.05380,0.00000
3584,134.20373,0.03446,Ada ile odada gezin,False,False,-7.67011,4.06445,-18.95459,3.10000,0.05520,0.00000
3585,134.23635,0.03262,Ada ile odada gezin,False,False,-7.68899,4.06434,-19.00575,3.10000,0.05453,0.00000
3586,134.26927,0.03293,Ada ile odada gezin,False,False,-7.70779,4.06428,-19.05434,3.10000,0.05211,0.00000
3587,134.30265,0.03337,Ada ile odada gezin,False,False,-7.72867,4.06438,-19.10605,3.10000,0.05576,0.00000
3588,134.33605,0.03340,Ada ile odada gezin,False,False,-7.74853,4.06441,-19.15436,3.10000,0.05223,0.00000
3589,134.36976,0.03371,Ada ile odada gezin,False,False,-7.77005,4.06450,-19.20639,3.10000,0.05630,0.00000
3590,134.40308,0.03332,Ada ile odada gezin,False,False,-7.79067,4.06446,-19.25495,3.10000,0.05276,0.00000
3591,134.43559,0.03251,Ada ile odada gezin,False,False,-7.81236,4.06449,-19.30516,3.10000,0.05470,0.00000
3592,134.46803,0.03244,Ada ile odada gezin,False,False,-7.83256,4.06436,-19.35198,3.10000,0.05100,0.00000
3593,134.52348,0.05545,Ada ile odada gezin,False,False,-7.85381,4.06423,-19.40120,3.10000,0.05361,0.00000
3594,134.55713,0.03365,Ada ile odada gezin,False,False,-7.89103,4.06491,-19.48732,3.10000,0.09382,0.00000
3595,134.56898,0.01185,Ada ile odada gezin,False,False,-7.89673,4.06413,-19.50132,3.10000,0.01514,0.00000
3596,134.60223,0.03325,Ada ile odada gezin,False,False,-7.91102,4.06255,-19.54536,3.10000,0.04633,0.00000
3597,134.63515,0.03292,Ada ile odada gezin,False,False,-7.91977,4.06038,-19.58539,3.10000,0.04103,0.00000
3598,134.66922,0.03407,Ada ile odada gezin,False,False,-7.92269,4.05754,-19.62293,3.10000,0.03776,0.00000
3599,134.70225,0.03303,Ada ile odada gezin,False,False,-7.91897,4.05404,-19.65712,3.10000,0.03457,0.00000
3600,134.73591,0.03366,Ada ile odada gezin,False,False,-7.90907,4.05017,-19.68547,3.10000,0.03028,0.00000
3601,134.77005,0.03414,Ada ile odada gezin,False,False,-7.89040,4.04545,-19.71206,3.10000,0.03283,0.00000
3602,134.80217,0.03212,Ada ile odada gezin,False,False,-7.86745,4.04084,-19.73140,3.10000,0.03036,0.00000
3603,134.83717,0.03500,Ada ile odada gezin,False,False,-7.83464,4.03546,-19.74777,3.10000,0.03706,0.00000
3604,134.87070,0.03353,Ada ile odada gezin,False,False,-7.79545,4.02994,-19.75887,3.10000,0.04111,0.00000
3605,134.90309,0.03238,Ada ile odada gezin,False,False,-7.75097,4.02456,-19.76599,3.10000,0.04536,0.00000
3606,134.93701,0.03393,Ada ile odada gezin,False,False,-7.70361,4.01969,-19.77039,3.10000,0.04782,0.00000
3607,134.97068,0.03367,Ada ile odada gezin,False,False,-7.65086,4.01516,-19.77307,3.10000,0.05301,0.00000
3608,135.00262,0.03195,Ada ile odada gezin,False,False,-7.59912,4.01149,-19.77433,3.10000,0.05188,0.00000
3609,135.03573,0.03311,Ada ile odada gezin,False,False,-7.54717,4.00846,-19.77469,3.10000,0.05203,0.00000
3610,135.07075,0.03501,Ada ile odada gezin,False,False,-7.49095,4.00575,-19.77439,3.10000,0.05629,0.00000
3611,135.10398,0.03323,Ada ile odada gezin,False,False,-7.43392,4.00354,-19.77358,3.10000,0.05708,0.00000
3612,135.13767,0.03369,Ada ile odada gezin,False,False,-7.37981,4.00188,-19.77246,3.10000,0.05414,0.00000
3613,135.16991,0.03224,Ada ile odada gezin,False,False,-7.32258,4.00043,-19.77102,3.10000,0.05727,0.00000
3614,135.20184,0.03193,Ada ile odada gezin,False,False,-7.26989,3.99940,-19.76950,3.10000,0.05272,0.00000
3615,135.23616,0.03432,Ada ile odada gezin,False,False,-7.21284,3.99846,-19.76775,3.10000,0.05708,0.00000
3616,135.26962,0.03346,Ada ile odada gezin,False,False,-7.15501,3.99769,-19.76585,3.10000,0.05787,0.00000
3617,135.30245,0.03283,Ada ile odada gezin,False,False,-7.10017,3.99715,-19.76395,3.10000,0.05487,0.00000
3618,135.33570,0.03325,Ada ile odada gezin,False,False,-7.04314,3.99667,-19.76194,3.10000,0.05707,0.00000
3619,135.36974,0.03404,Ada ile odada gezin,False,False,-6.98705,3.99631,-19.75990,3.10000,0.05613,0.00000
3620,135.40299,0.03325,Ada ile odada gezin,False,False,-6.92900,3.99600,-19.75776,3.10000,0.05809,0.00000
3621,135.43521,0.03222,Ada ile odada gezin,False,False,-6.87418,3.99580,-19.75569,3.10000,0.05487,0.00000
3622,135.46902,0.03381,Ada ile odada gezin,False,False,-6.81799,3.99562,-19.75356,3.10000,0.05623,0.00000
3623,135.50273,0.03371,Ada ile odada gezin,False,False,-6.75965,3.99544,-19.75134,3.10000,0.05837,0.00000
3624,135.53505,0.03232,Ada ile odada gezin,False,False,-6.70466,3.99536,-19.74921,3.10000,0.05504,0.00000
3625,135.56863,0.03358,Ada ile odada gezin,False,False,-6.64856,3.99527,-19.74704,3.10000,0.05614,0.00000
3626,135.60300,0.03436,Ada ile odada gezin,False,False,-6.59044,3.99517,-19.74480,3.10000,0.05816,0.00000
3627,135.63596,0.03296,Ada ile odada gezin,False,False,-6.53356,3.99512,-19.74258,3.10000,0.05692,0.00000
3628,135.66934,0.03338,Ada ile odada gezin,False,False,-6.47810,3.99509,-19.74041,3.10000,0.05550,0.00000
3629,135.70299,0.03365,Ada ile odada gezin,False,False,-6.41989,3.99503,-19.73814,3.10000,0.05826,0.00000
3630,135.73549,0.03250,Ada ile odada gezin,False,False,-6.36469,3.99503,-19.73597,3.10000,0.05524,0.00000
3631,135.76911,0.03362,Ada ile odada gezin,False,False,-6.30824,3.99501,-19.73376,3.10000,0.05650,0.00000
3632,135.80300,0.03388,Ada ile odada gezin,False,False,-6.25036,3.99497,-19.73150,3.10000,0.05792,0.00000
3633,135.83664,0.03364,Ada ile odada gezin,False,False,-6.19408,3.99497,-19.72929,3.10000,0.05632,0.00000
3634,135.87030,0.03366,Ada ile odada gezin,False,False,-6.13639,3.99494,-19.72703,3.10000,0.05774,0.00000
3635,135.90288,0.03258,Ada ile odada gezin,False,False,-6.08066,3.99495,-19.72483,3.10000,0.05577,0.00000
3636,135.93553,0.03265,Ada ile odada gezin,False,False,-6.02481,3.99495,-19.72263,3.10000,0.05590,0.00000
3637,135.96900,0.03347,Ada ile odada gezin,False,False,-5.96786,3.99494,-19.72040,3.10000,0.05699,0.00000
3638,136.00275,0.03375,Ada ile odada gezin,False,False,-5.91214,3.99494,-19.71820,3.10000,0.05577,0.00000
3639,136.03746,0.03471,Ada ile odada gezin,False,False,-5.85338,3.99491,-19.71590,3.10000,0.05881,0.00000
3640,136.07064,0.03318,Ada ile odada gezin,False,False,-5.79656,3.99491,-19.71367,3.10000,0.05686,0.00000
3641,136.10627,0.03564,Ada ile odada gezin,False,False,-5.73929,3.99491,-19.71141,3.10000,0.05732,0.00000
3642,136.13812,0.03185,Ada ile odada gezin,False,False,-5.68030,3.99489,-19.70910,3.10000,0.05903,0.00000
3643,136.16891,0.03078,Ada ile odada gezin,False,False,-5.62910,3.99497,-19.70705,3.10000,0.05124,0.00000
3644,136.20255,0.03365,Ada ile odada gezin,False,False,-5.57163,3.99494,-19.70480,3.10000,0.05751,0.00000
3645,136.23634,0.03379,Ada ile odada gezin,False,False,-5.51514,3.99493,-19.70258,3.10000,0.05654,0.00000
3646,136.26982,0.03348,Ada ile odada gezin,False,False,-5.45741,3.99491,-19.70032,3.10000,0.05777,0.00000
3647,136.30220,0.03238,Ada ile odada gezin,False,False,-5.40159,3.99492,-19.69812,3.10000,0.05586,0.00000
3648,136.33615,0.03395,Ada ile odada gezin,False,False,-5.34638,3.99494,-19.69594,3.10000,0.05525,0.00000
3649,136.36985,0.03370,Ada ile odada gezin,False,False,-5.28649,3.99489,-19.69360,3.10000,0.05993,0.00000
3650,136.40290,0.03305,Ada ile odada gezin,False,False,-5.23281,3.99493,-19.69147,3.10000,0.05373,0.00000
3651,136.43642,0.03352,Ada ile odada gezin,False,False,-5.17379,3.99490,-19.68916,3.10000,0.05907,0.00000
3652,136.46900,0.03258,Ada ile odada gezin,False,False,-5.11904,3.99493,-19.68700,3.10000,0.05479,0.00000
3653,136.50268,0.03368,Ada ile odada gezin,False,False,-5.06198,3.99492,-19.68475,3.10000,0.05711,0.00000
3654,136.53623,0.03355,Ada ile odada gezin,False,False,-5.00490,3.99491,-19.68251,3.10000,0.05713,0.00000
3655,136.56980,0.03357,Ada ile odada gezin,False,False,-4.94861,3.99492,-19.68029,3.10000,0.05633,0.00000
3656,136.60299,0.03318,Ada ile odada gezin,False,False,-4.89088,3.99490,-19.67803,3.10000,0.05777,0.00000
3657,136.63559,0.03260,Ada ile odada gezin,False,False,-4.83496,3.99492,-19.67582,3.10000,0.05596,0.00000
3658,136.66867,0.03308,Ada ile odada gezin,False,False,-4.78049,3.99494,-19.67366,3.10000,0.05452,0.00000
3659,136.70185,0.03318,Ada ile odada gezin,False,False,-4.72158,3.99490,-19.67136,3.10000,0.05895,0.00000
3660,136.73493,0.03307,Ada ile odada gezin,False,False,-4.66792,3.99494,-19.66924,3.10000,0.05370,0.00000
3661,136.76908,0.03416,Ada ile odada gezin,False,False,-4.60828,3.99489,-19.66691,3.10000,0.05969,0.00000
3662,136.80167,0.03259,Ada ile odada gezin,False,False,-4.55358,3.99492,-19.66474,3.10000,0.05475,0.00000
3663,136.83547,0.03379,Ada ile odada gezin,False,False,-4.49601,3.99491,-19.66249,3.10000,0.05761,0.00000
3664,136.86868,0.03321,Ada ile odada gezin,False,False,-4.43983,3.99492,-19.66027,3.10000,0.05623,0.00000
3665,136.90198,0.03330,Ada ile odada gezin,False,False,-4.38257,3.99491,-19.65802,3.10000,0.05730,0.00000
3666,136.93604,0.03407,Ada ile odada gezin,False,False,-4.32708,3.99493,-19.65583,3.10000,0.05553,0.00000
3667,136.96906,0.03301,Ada ile odada gezin,False,False,-4.26778,3.99489,-19.65351,3.10000,0.05935,0.00000
3668,137.00142,0.03236,Ada ile odada gezin,False,False,-4.21469,3.99494,-19.65140,3.10000,0.05314,0.00000
3669,137.03581,0.03440,Ada ile odada gezin,False,False,-4.15606,3.99491,-19.64911,3.10000,0.05867,0.00000
3670,137.06958,0.03377,Ada ile odada gezin,False,False,-4.09963,3.99491,-19.64688,3.10000,0.05648,0.00000
3671,137.10256,0.03298,Ada ile odada gezin,False,False,-4.04173,3.99490,-19.64461,3.10000,0.05794,0.00000
3672,137.13592,0.03337,Ada ile odada gezin,False,False,-3.98663,3.99493,-19.64243,3.10000,0.05515,0.00000
3673,137.16949,0.03357,Ada ile odada gezin,False,False,-3.92848,3.99490,-19.64015,3.10000,0.05819,0.00000
3674,137.20272,0.03323,Ada ile odada gezin,False,False,-3.87361,3.99493,-19.63798,3.10000,0.05492,0.00000
3675,137.24634,0.04362,Ada ile odada gezin,False,False,-3.79556,3.99465,-19.63503,3.10000,0.07810,0.00000
3676,137.27955,0.03321,Ada ile odada gezin,False,False,-3.74079,3.99483,-19.63280,3.10000,0.05482,0.00000
3677,137.31252,0.03297,Ada ile odada gezin,False,False,-3.68443,3.99491,-19.63054,3.10000,0.05640,0.00000
3678,137.34569,0.03317,Ada ile odada gezin,False,False,-3.62929,3.99497,-19.62835,3.10000,0.05519,0.00000
3679,137.37930,0.03361,Ada ile odada gezin,False,False,-3.57201,3.99498,-19.62609,3.10000,0.05732,0.00000
3680,137.41242,0.03312,Ada ile odada gezin,False,False,-3.51609,3.99499,-19.62389,3.10000,0.05597,0.00000
3681,137.44623,0.03381,Ada ile odada gezin,False,False,-3.45954,3.99499,-19.62166,3.10000,0.05659,0.00000
3682,137.47980,0.03357,Ada ile odada gezin,False,False,-3.40191,3.99497,-19.61940,3.10000,0.05767,0.00000
3683,137.51296,0.03316,Ada ile odada gezin,False,False,-3.34628,3.99498,-19.61721,3.10000,0.05567,0.00000
3684,137.54635,0.03339,Ada ile odada gezin,False,False,-3.28931,3.99496,-19.61497,3.10000,0.05701,0.00000
3685,137.57917,0.03282,Ada ile odada gezin,False,False,-3.23287,3.99496,-19.61276,3.10000,0.05648,0.00000
3686,137.61338,0.03420,Ada ile odada gezin,False,False,-3.17695,3.99496,-19.61056,3.10000,0.05597,0.00000
3687,137.64707,0.03370,Ada ile odada gezin,False,False,-3.11765,3.99491,-19.60824,3.10000,0.05934,0.00000
3688,137.67956,0.03248,Ada ile odada gezin,False,False,-3.06340,3.99495,-19.60609,3.10000,0.05429,0.00000
3689,137.71287,0.03331,Ada ile odada gezin,False,False,-3.00621,3.99493,-19.60385,3.10000,0.05724,0.00000
3690,137.74527,0.03240,Ada ile odada gezin,False,False,-2.95024,3.99494,-19.60164,3.10000,0.05601,0.00000
3691,137.77953,0.03426,Ada ile odada gezin,False,False,-2.89459,3.99494,-19.59945,3.10000,0.05570,0.00000
3692,137.81345,0.03392,Ada ile odada gezin,False,False,-2.83460,3.99489,-19.59711,3.10000,0.06003,0.00000
3693,137.84496,0.03151,Ada ile odada gezin,False,False,-2.78092,3.99494,-19.59498,3.10000,0.05372,0.00000
3694,137.87869,0.03373,Ada ile odada gezin,False,False,-2.72492,3.99494,-19.59277,3.10000,0.05604,0.00000
3695,137.91303,0.03434,Ada ile odada gezin,False,False,-2.66622,3.99490,-19.59048,3.10000,0.05874,0.00000
3696,137.94625,0.03322,Ada ile odada gezin,False,False,-2.61019,3.99492,-19.58827,3.10000,0.05607,0.00000
3697,137.97874,0.03249,Ada ile odada gezin,False,False,-2.55334,3.99491,-19.58603,3.10000,0.05690,0.00000
3698,138.01250,0.03377,Ada ile odada gezin,False,False,-2.49866,3.99494,-19.58387,3.10000,0.05472,0.00000
3699,138.04596,0.03346,Ada ile odada gezin,False,False,-2.46018,3.99707,-19.58145,3.10000,0.03861,0.00000
3700,138.07744,0.03147,Ada ile odada gezin,False,False,-2.43692,3.99988,-19.57934,3.10000,0.02353,0.00000
3701,138.11154,0.03411,Ada ile odada gezin,False,False,-2.42094,4.00298,-19.57739,3.10000,0.01640,0.00000
3702,138.14601,0.03447,Ada ile odada gezin,False,False,-2.40990,4.00610,-19.57563,3.10000,0.01160,0.00000
3703,138.17875,0.03274,Ada ile odada gezin,False,False,-2.40277,4.00885,-19.57418,3.10000,0.00778,0.00000
3704,138.21207,0.03331,Ada ile odada gezin,False,False,-2.39812,4.01118,-19.57301,3.10000,0.00533,0.00000
3705,138.24616,0.03410,Ada ile odada gezin,False,False,-2.39481,4.01326,-19.57199,3.10000,0.00404,0.00000
3706,138.27886,0.03270,Ada ile odada gezin,False,False,-2.39263,4.01495,-19.57119,3.10000,0.00287,0.00000
3707,138.31192,0.03306,Ada ile odada gezin,False,False,-2.39115,4.01633,-19.57054,3.10000,0.00212,0.00000
3708,138.34537,0.03345,Ada ile odada gezin,False,False,-2.39009,4.01748,-19.57001,3.10000,0.00166,0.00000
3709,138.37943,0.03406,Ada ile odada gezin,False,False,-2.38936,4.01841,-19.56959,3.10000,0.00125,0.00000
3710,138.41292,0.03349,Ada ile odada gezin,False,False,-2.38883,4.01918,-19.56924,3.10000,0.00101,0.00000
3711,138.44528,0.03236,Ada ile odada gezin,False,False,-2.38847,4.01976,-19.56898,3.10000,0.00073,0.00000
3712,138.47917,0.03389,Ada ile odada gezin,False,False,-2.38821,4.02025,-19.56876,3.10000,0.00060,0.00000
3713,138.51267,0.03350,Ada ile odada gezin,False,False,-2.38801,4.02064,-19.56858,3.10000,0.00047,0.00000
3714,138.54566,0.03299,Ada ile odada gezin,False,False,-2.38784,4.02092,-19.56841,3.10000,0.00037,0.00000
3715,138.57811,0.03245,Ada ile odada gezin,False,False,-2.38771,4.02117,-19.56835,3.10000,0.00029,0.00000
3716,138.61151,0.03340,Ada ile odada gezin,False,False,-2.38765,4.02137,-19.56826,3.10000,0.00022,0.00000
3717,138.64616,0.03465,Ada ile odada gezin,False,False,-2.38760,4.02153,-19.56819,3.10000,0.00018,0.00000
3718,138.67929,0.03312,Ada ile odada gezin,False,False,-2.38756,4.02165,-19.56813,3.10000,0.00014,0.00000
3719,138.71164,0.03236,Ada ile odada gezin,False,False,-2.38753,4.02175,-19.56809,3.10000,0.00011,0.00000
3720,138.74602,0.03437,Ada ile odada gezin,False,False,-2.38751,4.02183,-19.56806,3.10000,0.00009,0.00000
3721,138.78023,0.03422,Ada ile odada gezin,False,False,-2.38749,4.02189,-19.56803,3.10000,0.00007,0.00000
3722,138.81380,0.03356,Ada ile odada gezin,False,False,-2.38748,4.02194,-19.56801,3.10000,0.00005,0.00000
3723,138.84624,0.03244,Ada ile odada gezin,False,False,-2.38747,4.02198,-19.56799,3.10000,0.00005,0.00000
3724,138.87819,0.03195,Ada ile odada gezin,False,False,-2.38746,4.02200,-19.56798,3.10000,0.00003,0.00000
3725,138.91180,0.03361,Ada ile odada gezin,False,False,-2.38745,4.02203,-19.56797,3.10000,0.00003,0.00000
3726,138.94680,0.03500,Ada ile odada gezin,False,False,-2.38744,4.02205,-19.56796,3.10000,0.00002,0.00000
3727,138.98179,0.03499,Ada ile odada gezin,False,False,-2.38742,4.02212,-19.56793,3.10000,0.00008,0.00000
3728,139.01323,0.03144,Ada ile odada gezin,False,False,-2.38742,4.02212,-19.56793,3.10000,0.00000,0.00000
3729,139.04614,0.03291,Ada ile odada gezin,False,False,-2.38742,4.02212,-19.56793,3.10000,0.00000,0.00000
3730,139.07950,0.03336,Ada ile odada gezin,False,False,-2.38742,4.02212,-19.56793,3.10000,0.00000,0.00000
3731,139.11265,0.03315,Ada ile odada gezin,False,False,-2.38742,4.02212,-19.56793,3.10000,0.00000,0.00000
3732,139.14942,0.03677,Yakından incele · hose,True,False,-2.39007,4.01271,-19.55872,3.09275,0.01343,0.00000
3733,139.18235,0.03294,Yakından incele · hose,True,False,-2.39908,3.98067,-19.52734,3.06806,0.04574,0.40154
3734,139.21266,0.03030,Yakından incele · hose,True,False,-2.41034,3.94063,-19.48813,3.03721,0.05716,0.50513
3735,139.24644,0.03379,Yakından incele · hose,True,False,-2.42812,3.87744,-19.42624,2.98851,0.09022,0.79721
3736,139.28027,0.03383,Yakından incele · hose,True,False,-2.44891,3.80352,-19.35386,2.93155,0.10553,0.93292
3737,139.31379,0.03352,Yakından incele · hose,True,False,-2.47494,3.71101,-19.26326,2.86026,0.13208,1.16834
3738,139.34628,0.03249,Yakından incele · hose,True,False,-2.50246,3.61317,-19.16744,2.78486,0.13969,1.23478
3739,139.37913,0.03285,Yakından incele · hose,True,False,-2.53424,3.50019,-19.05680,2.69781,0.16129,1.42544
3740,139.41146,0.03233,Yakından incele · hose,True,False,-2.56765,3.38139,-18.94045,2.60626,0.16961,1.49930
3741,139.44545,0.03399,Yakından incele · hose,True,False,-2.60423,3.25138,-18.81313,2.50607,0.18561,1.64040
3742,139.47973,0.03428,Yakından incele · hose,True,False,-2.64333,3.11237,-18.67699,2.39895,0.19847,1.75430
3743,139.51300,0.03327,Yakından incele · hose,True,False,-2.68448,2.96607,-18.53372,2.28621,0.20886,1.84604
3744,139.54514,0.03213,Yakından incele · hose,True,False,-2.72478,2.82281,-18.39342,2.17581,0.20453,1.80791
3745,139.57838,0.03324,Yakından incele · hose,True,False,-2.76705,2.67253,-18.24625,2.06001,0.21455,1.89624
3746,139.61359,0.03522,Yakından incele · hose,True,False,-2.81054,2.51793,-18.09484,1.94087,0.22071,1.95117
3747,139.64709,0.03350,Yakından incele · hose,True,False,-2.85625,2.35543,-17.93571,1.81566,0.23198,2.05091
3748,139.67926,0.03217,Yakından incele · hose,True,False,-2.89722,2.20978,-17.79307,1.70342,0.20794,1.83839
3749,139.71281,0.03355,Yakından incele · hose,True,False,-2.94109,2.05380,-17.64032,1.58322,0.22269,1.96914
3750,139.74577,0.03297,Yakından incele · hose,True,False,-2.98256,1.90639,-17.49596,1.46963,0.21045,1.86040
3751,139.77938,0.03361,Yakından incele · hose,True,False,-3.02370,1.76013,-17.35272,1.35692,0.20881,1.84562
3752,139.81239,0.03301,Yakından incele · hose,True,False,-3.06328,1.61944,-17.21494,1.24850,0.20086,1.77559
3753,139.84625,0.03386,Yakından incele · hose,True,False,-3.10059,1.48680,-17.08504,1.14629,0.18936,1.67487
3754,139.87988,0.03362,Yakından incele · hose,True,False,-3.13689,1.35775,-16.95866,1.04685,0.18424,1.62891
3755,139.91212,0.03224,Yakından incele · hose,True,False,-3.16930,1.24251,-16.84580,0.95804,0.16453,1.45371
3756,139.94534,0.03322,Yakından incele · hose,True,False,-3.19903,1.13682,-16.74230,0.87660,0.15089,1.33293
3757,139.97902,0.03368,Yakından incele · hose,True,False,-3.22592,1.04123,-16.64869,0.80294,0.13647,1.20592
3758,140.01285,0.03383,Yakından incele · hose,True,False,-3.24934,0.95799,-16.56717,0.73880,0.11883,1.04977
3759,140.04631,0.03346,Yakından incele · hose,True,False,-3.26871,0.88911,-16.49971,0.68571,0.09835,0.86862
3760,140.07902,0.03271,Yakından incele · hose,True,False,-3.28365,0.83602,-16.44772,0.64480,0.07579,0.66910
3761,140.11359,0.03457,Yakından incele · hose,True,False,-3.29385,0.79973,-16.41218,0.61684,0.05181,0.45628
3762,140.14830,0.03470,Yakından incele · hose,True,False,-3.29945,0.77983,-16.39269,0.60150,0.02841,0.25023
3763,140.17994,0.03164,Yakından incele · hose,False,False,-3.30000,0.77788,-16.39078,0.60000,0.00278,0.00000
3764,140.21474,0.03480,Yakından incele · hose,False,False,-3.30000,0.77788,-16.39078,0.60000,0.00000,0.00000
3765,140.24569,0.03095,Yakından incele · hose,False,False,-3.30000,0.77788,-16.39078,0.60000,0.00000,0.00000
3766,140.27936,0.03367,Yakından incele · hose,False,False,-3.30000,0.77788,-16.39078,0.60000,0.00000,0.00000
3767,140.31209,0.03274,Yakından incele · hose,False,False,-3.30000,0.77788,-16.39078,0.60000,0.00000,0.00000
3768,140.34479,0.03270,Yakından incele · hose,False,False,-3.30000,0.77788,-16.39078,0.60000,0.00000,0.00000
3769,140.37875,0.03396,Yakından incele · hose,False,False,-3.30000,0.77788,-16.39078,0.60000,0.00000,0.00000
3770,140.41266,0.03391,Yakından incele · hose,False,False,-3.30000,0.77788,-16.39078,0.60000,0.00000,0.00000
3771,140.44560,0.03294,Yakından incele · hose,False,False,-3.30000,0.77788,-16.39078,0.60000,0.00000,0.00000
3772,140.47862,0.03302,Yakından incele · hose,False,False,-3.30000,0.77788,-16.39078,0.60000,0.00000,0.00000
3773,140.51225,0.03362,Yakından incele · hose,False,False,-3.30000,0.77788,-16.39078,0.60000,0.00000,0.00000
3774,140.55375,0.04151,Yakından incele · hose,False,False,-3.30000,0.77788,-16.39078,0.60000,0.00000,0.00000
3775,140.58781,0.03405,Yakından incele · hose,False,False,-3.30000,0.77788,-16.39078,0.60000,0.00000,0.00000
3776,140.62172,0.03392,Yakından incele · hose,False,False,-3.30000,0.77788,-16.39078,0.60000,0.00000,0.00000
3777,140.65455,0.03283,Yakından incele · hose,False,False,-3.30000,0.77788,-16.39078,0.60000,0.00000,0.00000
3778,140.68725,0.03269,Yakından incele · hose,False,False,-3.30000,0.77788,-16.39078,0.60000,0.00000,0.00000
3779,140.72062,0.03338,Yakından incele · hose,False,False,-3.30000,0.77788,-16.39078,0.60000,0.00000,0.00000
3780,140.75424,0.03362,Yakından incele · hose,False,False,-3.30000,0.77788,-16.39078,0.60000,0.00000,0.00000
3781,140.78906,0.03482,Yakından incele · hose,False,False,-3.30000,0.77788,-16.39078,0.60000,0.00000,0.00000
3782,140.82189,0.03283,Yakından incele · hose,False,False,-3.30000,0.77788,-16.39078,0.60000,0.00000,0.00000
3783,140.85357,0.03168,Yakından incele · hose,False,False,-3.30000,0.77788,-16.39078,0.60000,0.00000,0.00000
3784,140.89066,0.03708,Yakından incele · hose,False,False,-3.30000,0.77788,-16.39078,0.60000,0.00000,0.00000
3785,140.92117,0.03052,Yakından incele · hose,False,False,-3.30000,0.77788,-16.39078,0.60000,0.00000,0.00000
3786,140.95988,0.03871,Yakından incele · hose,False,False,-3.30000,0.77788,-16.39078,0.60000,0.00000,0.00000
3787,140.99287,0.03299,Yakından incele · hose,False,False,-3.30000,0.77788,-16.39078,0.60000,0.00000,0.00000
3788,141.02104,0.02816,Yakından incele · hose,False,False,-3.30000,0.77788,-16.39078,0.60000,0.00000,0.00000
3789,141.05466,0.03363,Yakından incele · hose,False,False,-3.30000,0.77788,-16.39078,0.60000,0.00000,0.00000
3790,141.09001,0.03535,Yakından incele · hose,False,False,-3.30000,0.77788,-16.39078,0.60000,0.00000,0.00000
3791,141.12327,0.03326,Yakından incele · hose,False,False,-3.30000,0.77788,-16.39078,0.60000,0.00000,0.00000
3792,141.15573,0.03246,Yakından incele · hose,False,False,-3.30000,0.77788,-16.39078,0.60000,0.00000,0.00000
3793,141.18844,0.03271,Yakından incele · hose,False,False,-3.30000,0.77788,-16.39078,0.60000,0.00000,0.00000
3794,141.22059,0.03215,Yakından incele · hose,False,False,-3.30000,0.77788,-16.39078,0.60000,0.00000,0.00000
3795,141.25496,0.03437,Yakından incele · hose,False,False,-3.30000,0.77788,-16.39078,0.60000,0.00000,0.00000
3796,141.28889,0.03394,Yakından incele · hose,False,False,-3.30000,0.77788,-16.39078,0.60000,0.00000,0.00000
3797,141.32304,0.03414,Yakından incele · hose,False,False,-3.30000,0.77788,-16.39078,0.60000,0.00000,0.00000
3798,141.35687,0.03383,Yakından incele · hose,False,False,-3.30000,0.77788,-16.39078,0.60000,0.00000,0.00000
3799,141.38948,0.03261,Yakından incele · hose,False,False,-3.30000,0.77788,-16.39078,0.60000,0.00000,0.00000
3800,141.42136,0.03188,Yakından incele · hose,False,False,-3.30000,0.77788,-16.39078,0.60000,0.00000,0.00000
3801,141.45454,0.03318,Yakından incele · hose,False,False,-3.30000,0.77788,-16.39078,0.60000,0.00000,0.00000
3802,141.48820,0.03366,Yakından incele · hose,False,False,-3.30000,0.77788,-16.39078,0.60000,0.00000,0.00000
3803,141.52117,0.03297,Yakından incele · hose,False,False,-3.30000,0.77788,-16.39078,0.60000,0.00000,0.00000
3804,141.55631,0.03514,Yakından incele · fire1,True,False,-3.30926,0.78175,-16.37668,0.60585,0.01731,0.54822
3805,141.58755,0.03124,Yakından incele · fire1,True,False,-3.33331,0.79181,-16.34005,0.62104,0.04496,1.42434
3806,141.62069,0.03314,Yakından incele · fire1,True,False,-3.37199,0.80799,-16.28114,0.64547,0.07231,2.29104
3807,141.65474,0.03405,Yakından incele · fire1,True,False,-3.42655,0.83081,-16.19804,0.67993,0.10199,3.23281
3808,141.68730,0.03256,Yakından incele · fire1,True,False,-3.49293,0.85858,-16.09694,0.72185,0.12409,3.93325
3809,141.72005,0.03275,Yakından incele · fire1,True,False,-3.56946,0.89059,-15.98038,0.77018,0.14306,4.53421
3810,141.75362,0.03358,Yakından incele · fire1,True,False,-3.65859,0.92788,-15.84462,0.82648,0.16663,5.28157
3811,141.78726,0.03364,Yakından incele · fire1,True,False,-3.75710,0.96908,-15.69458,0.88869,0.18415,5.83693
3812,141.82076,0.03350,Yakından incele · fire1,True,False,-3.86455,1.01402,-15.53093,0.95656,0.20086,6.36680
3813,141.85363,0.03287,Yakından incele · fire1,True,False,-3.97890,1.06186,-15.35676,1.02878,0.21378,6.77614
3814,141.88759,0.03396,Yakından incele · fire1,True,False,-4.09786,1.11162,-15.17557,1.10391,0.22239,7.04918
3815,141.92195,0.03436,Yakından incele · fire1,True,False,-4.22740,1.16580,-14.97828,1.18572,0.24215,7.67525
3816,141.95448,0.03253,Yakından incele · fire1,True,False,-4.35756,1.22024,-14.78004,1.26793,0.24333,7.71261
3817,141.98706,0.03258,Yakından incele · fire1,True,False,-4.48703,1.27440,-14.58283,1.34971,0.24204,7.67198
3818,142.02103,0.03398,Yakından incele · fire1,True,False,-4.62290,1.33123,-14.37590,1.43552,0.25399,8.05081
3819,142.05431,0.03328,Yakından incele · fire1,True,False,-4.75931,1.38829,-14.16813,1.52167,0.25501,8.08305
3820,142.08723,0.03292,Yakından incele · fire1,True,False,-4.89375,1.44453,-13.96338,1.60658,0.25131,7.96561
3821,142.12105,0.03382,Yakından incele · fire1,True,False,-5.02730,1.50039,-13.75996,1.69093,0.24968,7.91392
3822,142.15457,0.03352,Yakından incele · fire1,True,False,-5.16091,1.55628,-13.55646,1.77531,0.24977,7.91688
3823,142.18991,0.03534,Yakından incele · fire1,True,False,-5.28747,1.60922,-13.36370,1.85525,0.23659,7.49924
3824,142.22332,0.03341,Yakından incele · fire1,True,False,-5.41952,1.66445,-13.16258,1.93864,0.24685,7.82433
3825,142.25425,0.03092,Yakından incele · fire1,True,False,-5.52903,1.71025,-12.99579,2.00781,0.20472,6.48875
3826,142.28807,0.03382,Yakından incele · fire1,True,False,-5.63901,1.75626,-12.82828,2.07727,0.20561,6.51717
3827,142.32238,0.03431,Yakından incele · fire1,True,False,-5.74413,1.80023,-12.66817,2.14366,0.19651,6.22866
3828,142.35540,0.03303,Yakından incele · fire1,True,False,-5.83787,1.83944,-12.52540,2.20287,0.17524,5.55456
3829,142.38817,0.03277,Yakından incele · fire1,True,False,-5.92078,1.87412,-12.39911,2.25523,0.15500,4.91277
3830,142.42118,0.03301,Yakından incele · fire1,True,False,-5.99212,1.90396,-12.29046,2.30029,0.13336,4.22700
3831,142.45437,0.03319,Yakından incele · fire1,True,False,-6.05267,1.92929,-12.19824,2.33853,0.11320,3.58812
3832,142.48737,0.03300,Yakından incele · fire1,True,False,-6.09872,1.94855,-12.12810,2.36762,0.08609,2.72859
3833,142.52035,0.03298,Yakından incele · fire1,True,False,-6.13130,1.96218,-12.07849,2.38819,0.06089,1.92979
3834,142.55364,0.03329,Yakından incele · fire1,True,False,-6.14771,1.96904,-12.05349,2.39855,0.03068,0.97156
3835,142.58760,0.03396,Yakından incele · fire1,False,False,-6.15000,1.97000,-12.05000,2.40000,0.00429,0.00000
3836,142.62344,0.03584,Yakından incele · fire1,False,False,-6.15000,1.97000,-12.05000,2.40000,0.00000,0.00000
3837,142.65683,0.03339,Yakından incele · fire1,False,False,-6.15000,1.97000,-12.05000,2.40000,0.00000,0.00000
3838,142.69025,0.03342,Yakından incele · fire1,False,False,-6.15000,1.97000,-12.05000,2.40000,0.00000,0.00000
3839,142.72377,0.03353,Yakından incele · fire1,False,False,-6.15000,1.97000,-12.05000,2.40000,0.00000,0.00000
3840,142.75719,0.03341,Yakından incele · fire1,False,False,-6.15000,1.97000,-12.05000,2.40000,0.00000,0.00000
3841,142.79090,0.03371,Yakından incele · fire1,False,False,-6.15000,1.97000,-12.05000,2.40000,0.00000,0.00000
3842,142.82288,0.03198,Yakından incele · fire1,False,False,-6.15000,1.97000,-12.05000,2.40000,0.00000,0.00000
3843,142.85580,0.03292,Yakından incele · fire1,False,False,-6.15000,1.97000,-12.05000,2.40000,0.00000,0.00000
3844,142.89073,0.03493,Yakından incele · fire1,False,False,-6.15000,1.97000,-12.05000,2.40000,0.00000,0.00000
3845,142.92354,0.03281,Yakından incele · fire1,False,False,-6.15000,1.97000,-12.05000,2.40000,0.00000,0.00000
3846,142.95547,0.03193,Yakından incele · fire1,False,False,-6.15000,1.97000,-12.05000,2.40000,0.00000,0.00000
3847,142.98959,0.03413,Yakından incele · fire1,False,False,-6.15000,1.97000,-12.05000,2.40000,0.00000,0.00000
3848,143.03665,0.04705,Yakından incele · fire1,False,False,-6.15000,1.97000,-12.05000,2.40000,0.00000,0.00000
3849,143.08074,0.04409,Yakından incele · fire1,False,False,-6.15000,1.97000,-12.05000,2.40000,0.00000,0.00000
3850,143.12055,0.03981,Yakından incele · fire1,False,False,-6.15000,1.97000,-12.05000,2.40000,0.00000,0.00000
3851,143.13538,0.01483,Yakından incele · fire1,False,False,-6.15000,1.97000,-12.05000,2.40000,0.00000,0.00000
3852,143.16188,0.02651,Yakından incele · fire1,False,False,-6.15000,1.97000,-12.05000,2.40000,0.00000,0.00000
3853,143.19474,0.03286,Yakından incele · fire1,False,False,-6.15000,1.97000,-12.05000,2.40000,0.00000,0.00000
3854,143.22936,0.03462,Yakından incele · fire1,False,False,-6.15000,1.97000,-12.05000,2.40000,0.00000,0.00000
3855,143.26217,0.03281,Yakından incele · fire1,False,False,-6.15000,1.97000,-12.05000,2.40000,0.00000,0.00000
3856,143.29566,0.03349,Yakından incele · fire1,False,False,-6.15000,1.97000,-12.05000,2.40000,0.00000,0.00000
3857,143.33237,0.03672,Yakından incele · fire1,False,False,-6.15000,1.97000,-12.05000,2.40000,0.00000,0.00000
3858,143.36238,0.03001,Yakından incele · fire1,False,False,-6.15000,1.97000,-12.05000,2.40000,0.00000,0.00000
3859,143.39726,0.03488,Yakından incele · fire1,False,False,-6.15000,1.97000,-12.05000,2.40000,0.00000,0.00000
3860,143.43057,0.03331,Yakından incele · fire1,False,False,-6.15000,1.97000,-12.05000,2.40000,0.00000,0.00000
3861,143.46313,0.03256,Yakından incele · fire1,False,False,-6.15000,1.97000,-12.05000,2.40000,0.00000,0.00000
3862,143.49614,0.03301,Yakından incele · fire1,False,False,-6.15000,1.97000,-12.05000,2.40000,0.00000,0.00000
3863,143.53036,0.03422,Yakından incele · fire1,False,False,-6.15000,1.97000,-12.05000,2.40000,0.00000,0.00000
3864,143.56429,0.03393,Yakından incele · fire1,False,False,-6.15000,1.97000,-12.05000,2.40000,0.00000,0.00000
3865,143.59659,0.03229,Yakından incele · fire1,False,False,-6.15000,1.97000,-12.05000,2.40000,0.00000,0.00000
3866,143.63098,0.03439,Yakından incele · fire1,False,False,-6.15000,1.97000,-12.05000,2.40000,0.00000,0.00000
3867,143.66421,0.03323,Yakından incele · fire1,False,False,-6.15000,1.97000,-12.05000,2.40000,0.00000,0.00000
3868,143.69765,0.03344,Yakından incele · fire1,False,False,-6.15000,1.97000,-12.05000,2.40000,0.00000,0.00000
3869,143.73075,0.03311,Yakından incele · fire1,False,False,-6.15000,1.97000,-12.05000,2.40000,0.00000,0.00000
3870,143.76369,0.03293,Yakından incele · fire1,False,False,-6.15000,1.97000,-12.05000,2.40000,0.00000,0.00000
3871,143.80187,0.03818,Yakından incele · fire1,False,False,-6.15000,1.97000,-12.05000,2.40000,0.00000,0.00000
3872,143.84187,0.04000,Yakından incele · fire1,False,False,-6.15000,1.97000,-12.05000,2.40000,0.00000,0.00000
3873,143.88818,0.04631,Yakından incele · fire1,False,False,-6.15000,1.97000,-12.05000,2.40000,0.00000,0.00000
3874,143.92134,0.03315,Yakından incele · fire1,False,False,-6.15000,1.97000,-12.05000,2.40000,0.00000,0.00000
3875,143.95443,0.03309,Yakından incele · fire1,False,False,-6.15000,1.97000,-12.05000,2.40000,0.00000,0.00000
3876,143.99651,0.04208,Yakından incele · fire1,False,False,-6.15000,1.97000,-12.05000,2.40000,0.00000,0.00000
3877,144.01085,0.01434,Yakından incele · fire1,False,False,-6.15000,1.97000,-12.05000,2.40000,0.00000,0.00000
3878,144.04824,0.03739,Yakından incele · fire1,False,False,-6.15000,1.97000,-12.05000,2.40000,0.00000,0.00000
3879,144.08207,0.03383,Yakından incele · fire1,False,False,-6.15000,1.97000,-12.05000,2.40000,0.00000,0.00000
3880,144.12192,0.03984,Yakından incele · fire1,False,False,-6.15000,1.97000,-12.05000,2.40000,0.00000,0.00000
3881,144.15427,0.03235,Yakından incele · fire1,False,False,-6.15000,1.97000,-12.05000,2.40000,0.00000,0.00000
3882,144.18045,0.02618,Yakından incele · fire1,False,False,-6.15000,1.97000,-12.05000,2.40000,0.00000,0.00000
3883,144.21254,0.03209,Yakından incele · fire1,False,False,-6.15000,1.97000,-12.05000,2.40000,0.00000,0.00000
3884,144.24525,0.03271,Yakından incele · fire1,False,False,-6.15000,1.97000,-12.05000,2.40000,0.00000,0.00000
3885,144.27891,0.03366,Yakından incele · fire1,False,False,-6.15000,1.97000,-12.05000,2.40000,0.00000,0.00000
3886,144.31149,0.03259,Yakından incele · fire1,False,False,-6.15000,1.97000,-12.05000,2.40000,0.00000,0.00000
3887,144.34437,0.03288,Yakından incele · fire1,False,False,-6.15000,1.97000,-12.05000,2.40000,0.00000,0.00000
3888,144.37919,0.03482,Yakından incele · fire1,False,False,-6.15000,1.97000,-12.05000,2.40000,0.00000,0.00000
3889,144.41333,0.03414,Yakından incele · fire1,False,False,-6.15000,1.97000,-12.05000,2.40000,0.00000,0.00000
3890,144.44512,0.03179,Yakından incele · fire1,False,False,-6.15000,1.97000,-12.05000,2.40000,0.00000,0.00000
3891,144.47861,0.03349,Yakından incele · fire1,False,False,-6.15000,1.97000,-12.05000,2.40000,0.00000,0.00000
3892,144.51332,0.03471,Yakından incele · fire1,False,False,-6.15000,1.97000,-12.05000,2.40000,0.00000,0.00000
3893,144.54578,0.03246,Yakından incele · fire1,False,False,-6.15000,1.97000,-12.05000,2.40000,0.00000,0.00000
3894,144.57832,0.03254,Yakından incele · fire1,False,False,-6.15000,1.97000,-12.05000,2.40000,0.00000,0.00000
3895,144.61177,0.03345,Yakından incele · fire1,False,False,-6.15000,1.97000,-12.05000,2.40000,0.00000,0.00000
3896,144.64455,0.03278,Yakından incele · fire1,False,False,-6.15000,1.97000,-12.05000,2.40000,0.00000,0.00000
3897,144.67663,0.03207,Yakından incele · fire1,False,False,-6.15000,1.97000,-12.05000,2.40000,0.00000,0.00000
3898,144.70970,0.03307,Yakından incele · fire1,False,False,-6.15000,1.97000,-12.05000,2.40000,0.00000,0.00000
3899,144.74382,0.03412,Yakından incele · fire1,False,False,-6.15000,1.97000,-12.05000,2.40000,0.00000,0.00000
3900,144.77708,0.03327,Yakından incele · fire1,False,False,-6.15000,1.97000,-12.05000,2.40000,0.00000,0.00000
3901,144.81061,0.03353,Yakından incele · fire1,False,False,-6.15000,1.97000,-12.05000,2.40000,0.00000,0.00000
3902,144.84403,0.03342,Yakından incele · fire1,False,False,-6.15000,1.97000,-12.05000,2.40000,0.00000,0.00000
3903,144.87715,0.03312,Yakından incele · fire1,False,False,-6.15000,1.97000,-12.05000,2.40000,0.00000,0.00000
3904,144.91040,0.03325,Yakından incele · fire1,False,False,-6.15000,1.97000,-12.05000,2.40000,0.00000,0.00000
3905,144.94340,0.03300,Yakından incele · fire1,False,False,-6.15000,1.97000,-12.05000,2.40000,0.00000,0.00000
3906,144.97674,0.03334,Yakından incele · fire1,False,False,-6.15000,1.97000,-12.05000,2.40000,0.00000,0.00000
3907,145.01130,0.03457,Yakından incele · fire1,False,False,-6.15000,1.97000,-12.05000,2.40000,0.00000,0.00000
3908,145.04496,0.03366,Yakından incele · fire1,False,False,-6.15000,1.97000,-12.05000,2.40000,0.00000,0.00000
3909,145.07728,0.03232,Yakından incele · fire1,False,False,-6.15000,1.97000,-12.05000,2.40000,0.00000,0.00000
3910,145.11108,0.03380,Yakından incele · fire1,False,False,-6.15000,1.97000,-12.05000,2.40000,0.00000,0.00000
3911,145.14400,0.03292,Yakından incele · fire1,False,False,-6.15000,1.97000,-12.05000,2.40000,0.00000,0.00000
3912,145.17641,0.03241,Yakından incele · fire1,False,False,-6.15000,1.97000,-12.05000,2.40000,0.00000,0.00000
3913,145.20992,0.03351,Yakından incele · fire1,False,False,-6.15000,1.97000,-12.05000,2.40000,0.00000,0.00000
3914,145.24352,0.03360,Yakından incele · fire1,False,False,-6.15000,1.97000,-12.05000,2.40000,0.00000,0.00000
3915,145.27669,0.03317,Yakından incele · fire1,False,False,-6.15000,1.97000,-12.05000,2.40000,0.00000,0.00000
3916,145.31066,0.03397,Yakından incele · fire1,False,False,-6.15000,1.97000,-12.05000,2.40000,0.00000,0.00000
3917,145.34421,0.03355,Yakından incele · fire1,False,False,-6.15000,1.97000,-12.05000,2.40000,0.00000,0.00000
3918,145.37714,0.03293,Yakından incele · fire1,False,False,-6.15000,1.97000,-12.05000,2.40000,0.00000,0.00000
3919,145.41088,0.03374,Yakından incele · fire1,False,False,-6.15000,1.97000,-12.05000,2.40000,0.00000,0.00000
3920,145.44395,0.03307,Yakından incele · fire1,False,False,-6.15000,1.97000,-12.05000,2.40000,0.00000,0.00000
3921,145.47663,0.03268,Yakından incele · fire1,False,False,-6.15000,1.97000,-12.05000,2.40000,0.00000,0.00000
3922,145.51032,0.03370,Yakından incele · fire1,False,False,-6.15000,1.97000,-12.05000,2.40000,0.00000,0.00000
3923,145.54450,0.03417,Yakından incele · fire1,False,False,-6.15000,1.97000,-12.05000,2.40000,0.00000,0.00000
3924,145.57836,0.03386,Yakından incele · fire1,False,False,-6.15000,1.97000,-12.05000,2.40000,0.00000,0.00000
3925,145.61091,0.03256,Yakından incele · fire1,False,False,-6.15000,1.97000,-12.05000,2.40000,0.00000,0.00000
3926,145.64377,0.03285,Yakından incele · fire1,False,False,-6.15000,1.97000,-12.05000,2.40000,0.00000,0.00000
3927,145.67846,0.03469,Yakından incele · fire1,False,False,-6.15000,1.97000,-12.05000,2.40000,0.00000,0.00000
3928,145.71152,0.03306,Yakından incele · fire1,False,False,-6.15000,1.97000,-12.05000,2.40000,0.00000,0.00000
3929,145.74454,0.03302,Yakından incele · fire1,False,False,-6.15000,1.97000,-12.05000,2.40000,0.00000,0.00000
3930,145.77883,0.03429,Yakından incele · fire1,False,False,-6.15000,1.97000,-12.05000,2.40000,0.00000,0.00000
3931,145.81149,0.03266,Yakından incele · fire1,False,False,-6.15000,1.97000,-12.05000,2.40000,0.00000,0.00000
3932,145.84379,0.03230,Yakından incele · fire1,False,False,-6.15000,1.97000,-12.05000,2.40000,0.00000,0.00000
3933,145.87781,0.03403,Yakından incele · fire1,False,False,-6.15000,1.97000,-12.05000,2.40000,0.00000,0.00000
3934,145.91084,0.03302,Yakından incele · fire1,False,False,-6.15000,1.97000,-12.05000,2.40000,0.00000,0.00000
3935,145.94483,0.03400,Yakından incele · fire1,False,False,-6.15000,1.97000,-12.05000,2.40000,0.00000,0.00000
3936,145.97921,0.03438,Yakından incele · fire1,False,False,-6.15000,1.97000,-12.05000,2.40000,0.00000,0.00000
3937,146.01120,0.03199,Yakından incele · fire1,False,False,-6.15000,1.97000,-12.05000,2.40000,0.00000,0.00000
3938,146.04380,0.03259,Yakından incele · fire1,False,False,-6.15000,1.97000,-12.05000,2.40000,0.00000,0.00000
3939,146.07697,0.03317,Yakından incele · fire1,False,False,-6.15000,1.97000,-12.05000,2.40000,0.00000,0.00000
3940,146.11030,0.03333,Yakından incele · fire1,False,False,-6.15000,1.97000,-12.05000,2.40000,0.00000,0.00000
3941,146.14483,0.03454,Yakından incele · fire1,False,False,-6.15000,1.97000,-12.05000,2.40000,0.00000,0.00000
3942,146.17777,0.03294,Yakından incele · fire1,False,False,-6.15000,1.97000,-12.05000,2.40000,0.00000,0.00000
3943,146.21094,0.03317,Yakından incele · fire1,False,False,-6.15000,1.97000,-12.05000,2.40000,0.00000,0.00000
3944,146.24494,0.03400,Yakından incele · fire1,False,False,-6.15000,1.97000,-12.05000,2.40000,0.00000,0.00000
3945,146.27812,0.03318,Yakından incele · fire1,False,False,-6.15000,1.97000,-12.05000,2.40000,0.00000,0.00000
3946,146.31282,0.03470,Yakından incele · fire1,False,False,-6.15000,1.97000,-12.05000,2.40000,0.00000,0.00000
3947,146.34694,0.03412,Yakından incele · fire1,False,False,-6.15000,1.97000,-12.05000,2.40000,0.00000,0.00000
3948,146.38068,0.03374,Yakından incele · fire1,False,False,-6.15000,1.97000,-12.05000,2.40000,0.00000,0.00000
3949,146.41345,0.03278,Yakından incele · fire1,False,False,-6.15000,1.97000,-12.05000,2.40000,0.00000,0.00000
3950,146.44676,0.03331,Yakından incele · fire1,False,False,-6.15000,1.97000,-12.05000,2.40000,0.00000,0.00000
3951,146.48029,0.03353,Yakından incele · fire1,False,False,-6.15000,1.97000,-12.05000,2.40000,0.00000,0.00000
3952,146.51261,0.03232,Yakından incele · fire1,False,False,-6.15000,1.97000,-12.05000,2.40000,0.00000,0.00000
3953,146.54507,0.03246,Yakından incele · fire1,False,False,-6.15000,1.97000,-12.05000,2.40000,0.00000,0.00000
3954,146.57821,0.03314,Yakından incele · fire1,False,False,-6.15000,1.97000,-12.05000,2.40000,0.00000,0.00000
3955,146.61209,0.03387,Yakından incele · fire1,False,False,-6.15000,1.97000,-12.05000,2.40000,0.00000,0.00000
3956,146.64493,0.03284,Yakından incele · fire1,False,False,-6.15000,1.97000,-12.05000,2.40000,0.00000,0.00000
3957,146.67772,0.03280,Yakından incele · fire1,False,False,-6.15000,1.97000,-12.05000,2.40000,0.00000,0.00000
3958,146.71030,0.03257,Yakından incele · fire1,False,False,-6.15000,1.97000,-12.05000,2.40000,0.00000,0.00000
3959,146.74346,0.03316,Yakından incele · fire1,False,False,-6.15000,1.97000,-12.05000,2.40000,0.00000,0.00000
3960,146.77670,0.03325,Yakından incele · fire1,False,False,-6.15000,1.97000,-12.05000,2.40000,0.00000,0.00000
3961,146.81001,0.03331,Yakından incele · fire1,False,False,-6.15000,1.97000,-12.05000,2.40000,0.00000,0.00000
3962,146.84361,0.03360,Yakından incele · fire1,False,False,-6.15000,1.97000,-12.05000,2.40000,0.00000,0.00000
3963,146.87823,0.03462,Yakından incele · fire1,False,False,-6.15000,1.97000,-12.05000,2.40000,0.00000,0.00000
3964,146.91307,0.03485,Yakından incele · fire1,False,False,-6.15000,1.97000,-12.05000,2.40000,0.00000,0.00000
3965,146.94612,0.03305,Yakından incele · fire1,False,False,-6.15000,1.97000,-12.05000,2.40000,0.00000,0.00000
3966,146.97816,0.03204,Yakından incele · fire1,False,False,-6.15000,1.97000,-12.05000,2.40000,0.00000,0.00000
3967,147.01073,0.03257,Yakından incele · fire1,False,False,-6.15000,1.97000,-12.05000,2.40000,0.00000,0.00000
3968,147.04332,0.03258,Yakından incele · fire1,False,False,-6.15000,1.97000,-12.05000,2.40000,0.00000,0.00000
3969,147.07670,0.03338,Yakından incele · fire1,False,False,-6.15000,1.97000,-12.05000,2.40000,0.00000,0.00000
3970,147.11005,0.03335,Yakından incele · fire1,False,False,-6.15000,1.97000,-12.05000,2.40000,0.00000,0.00000
3971,147.14507,0.03502,Yakından incele · fire1,False,False,-6.15000,1.97000,-12.05000,2.40000,0.00000,0.00000
3972,147.19173,0.04666,Yakından incele · fire1,False,False,-6.15000,1.97000,-12.05000,2.40000,0.00000,0.00000
3973,147.22522,0.03349,Yakından incele · fire1,False,False,-6.15000,1.97000,-12.05000,2.40000,0.00000,0.00000
3974,147.25787,0.03265,Yakından incele · fire1,False,False,-6.15000,1.97000,-12.05000,2.40000,0.00000,0.00000
3975,147.29120,0.03333,Yakından incele · fire1,False,False,-6.15000,1.97000,-12.05000,2.40000,0.00000,0.00000
3976,147.32394,0.03273,Yakından incele · fire1,False,False,-6.15000,1.97000,-12.05000,2.40000,0.00000,0.00000
3977,147.35734,0.03340,Yakından incele · fire1,False,False,-6.15000,1.97000,-12.05000,2.40000,0.00000,0.00000
3978,147.39091,0.03358,Yakından incele · fire1,False,False,-6.15000,1.97000,-12.05000,2.40000,0.00000,0.00000
3979,147.42546,0.03455,Yakından incele · fire1,False,False,-6.15000,1.97000,-12.05000,2.40000,0.00000,0.00000
3980,147.45794,0.03247,Yakından incele · fire1,False,False,-6.15000,1.97000,-12.05000,2.40000,0.00000,0.00000
3981,147.49077,0.03283,Yakından incele · fire1,False,False,-6.15000,1.97000,-12.05000,2.40000,0.00000,0.00000
3982,147.52446,0.03370,Yakından incele · fire1,False,False,-6.15000,1.97000,-12.05000,2.40000,0.00000,0.00000
3983,147.55773,0.03327,Yakından incele · fire1,False,False,-6.15000,1.97000,-12.05000,2.40000,0.00000,0.00000
3984,147.59198,0.03424,Yakından incele · fire1,False,False,-6.15000,1.97000,-12.05000,2.40000,0.00000,0.00000
3985,147.62469,0.03272,Yakından incele · fire1,False,False,-6.15000,1.97000,-12.05000,2.40000,0.00000,0.00000
3986,147.65833,0.03363,Yakından incele · fire1,False,False,-6.15000,1.97000,-12.05000,2.40000,0.00000,0.00000
3987,147.69097,0.03264,Yakından incele · fire1,False,False,-6.15000,1.97000,-12.05000,2.40000,0.00000,0.00000
3988,147.72432,0.03335,Yakından incele · fire1,False,False,-6.15000,1.97000,-12.05000,2.40000,0.00000,0.00000
3989,147.75850,0.03417,Yakından incele · fire1,False,False,-6.15000,1.97000,-12.05000,2.40000,0.00000,0.00000
3990,147.79128,0.03278,Yakından incele · fire1,False,False,-6.15000,1.97000,-12.05000,2.40000,0.00000,0.00000
3991,147.82408,0.03281,Yakından incele · fire1,False,False,-6.15000,1.97000,-12.05000,2.40000,0.00000,0.00000
3992,147.85753,0.03345,Yakından incele · fire1,False,False,-6.15000,1.97000,-12.05000,2.40000,0.00000,0.00000
3993,147.89108,0.03356,Yakından incele · fire1,False,False,-6.15000,1.97000,-12.05000,2.40000,0.00000,0.00000
3994,147.92509,0.03400,Yakından incele · fire1,False,False,-6.15000,1.97000,-12.05000,2.40000,0.00000,0.00000
3995,147.95909,0.03400,Yakından incele · fire1,False,False,-6.15000,1.97000,-12.05000,2.40000,0.00000,0.00000
3996,147.99186,0.03277,Yakından incele · fire1,False,False,-6.15000,1.97000,-12.05000,2.40000,0.00000,0.00000
3997,148.02441,0.03255,Yakından incele · fire1,False,False,-6.15000,1.97000,-12.05000,2.40000,0.00000,0.00000
3998,148.05814,0.03373,Yakından incele · fire1,False,False,-6.15000,1.97000,-12.05000,2.40000,0.00000,0.00000
3999,148.09136,0.03323,Yakından incele · fire1,False,False,-6.15000,1.97000,-12.05000,2.40000,0.00000,0.00000
4000,148.12423,0.03287,Yakından incele · fire1,False,False,-6.15000,1.97000,-12.05000,2.40000,0.00000,0.00000
4001,148.15733,0.03309,Yakından incele · fire1,False,False,-6.15000,1.97000,-12.05000,2.40000,0.00000,0.00000
4002,148.19138,0.03406,Yakından incele · fire1,False,False,-6.15000,1.97000,-12.05000,2.40000,0.00000,0.00000
4003,148.22523,0.03384,Yakından incele · fire1,False,False,-6.15000,1.97000,-12.05000,2.40000,0.00000,0.00000
4004,148.25885,0.03363,Yakından incele · fire1,False,False,-6.15000,1.97000,-12.05000,2.40000,0.00000,0.00000
4005,148.29190,0.03305,Yakından incele · fire1,False,False,-6.15000,1.97000,-12.05000,2.40000,0.00000,0.00000
4006,148.32473,0.03283,Yakından incele · fire1,False,False,-6.15000,1.97000,-12.05000,2.40000,0.00000,0.00000
4007,148.35809,0.03336,Yakından incele · fire1,False,False,-6.15000,1.97000,-12.05000,2.40000,0.00000,0.00000
4008,148.39208,0.03400,Yakından incele · fire1,False,False,-6.15000,1.97000,-12.05000,2.40000,0.00000,0.00000
4009,148.42597,0.03389,Yakından incele · fire1,False,False,-6.15000,1.97000,-12.05000,2.40000,0.00000,0.00000
4010,148.45867,0.03269,Yakından incele · fire1,False,False,-6.15000,1.97000,-12.05000,2.40000,0.00000,0.00000
4011,148.49142,0.03275,Yakından incele · fire1,False,False,-6.15000,1.97000,-12.05000,2.40000,0.00000,0.00000
4012,148.52399,0.03257,Yakından incele · fire1,False,False,-6.15000,1.97000,-12.05000,2.40000,0.00000,0.00000
4013,148.55820,0.03421,Yakından incele · fire1,False,False,-6.15000,1.97000,-12.05000,2.40000,0.00000,0.00000
4014,148.59227,0.03407,Yakından incele · fire1,False,False,-6.15000,1.97000,-12.05000,2.40000,0.00000,0.00000
4015,148.62527,0.03300,Yakından incele · fire1,False,False,-6.15000,1.97000,-12.05000,2.40000,0.00000,0.00000
4016,148.65803,0.03277,Yakından incele · fire1,False,False,-6.15000,1.97000,-12.05000,2.40000,0.00000,0.00000
4017,148.69086,0.03282,Yakından incele · fire1,False,False,-6.15000,1.97000,-12.05000,2.40000,0.00000,0.00000
4018,148.72467,0.03382,Yakından incele · fire1,False,False,-6.15000,1.97000,-12.05000,2.40000,0.00000,0.00000
4019,148.75773,0.03306,Yakından incele · fire1,False,False,-6.15000,1.97000,-12.05000,2.40000,0.00000,0.00000
4020,148.79096,0.03323,Yakından incele · fire1,False,False,-6.15000,1.97000,-12.05000,2.40000,0.00000,0.00000
4021,148.82424,0.03328,Yakından incele · fire1,False,False,-6.15000,1.97000,-12.05000,2.40000,0.00000,0.00000
4022,148.85823,0.03400,Yakından incele · fire1,False,False,-6.15000,1.97000,-12.05000,2.40000,0.00000,0.00000
4023,148.89111,0.03287,Yakından incele · fire1,False,False,-6.15000,1.97000,-12.05000,2.40000,0.00000,0.00000
4024,148.92540,0.03430,Yakından incele · fire1,False,False,-6.15000,1.97000,-12.05000,2.40000,0.00000,0.00000
4025,148.95815,0.03275,Yakından incele · fire1,False,False,-6.15000,1.97000,-12.05000,2.40000,0.00000,0.00000
4026,148.99089,0.03274,Yakından incele · fire1,False,False,-6.15000,1.97000,-12.05000,2.40000,0.00000,0.00000
4027,149.02499,0.03410,Yakından incele · fire1,False,False,-6.15000,1.97000,-12.05000,2.40000,0.00000,0.00000
4028,149.05778,0.03279,Yakından incele · fire1,False,False,-6.15000,1.97000,-12.05000,2.40000,0.00000,0.00000
4029,149.09210,0.03433,Yakından incele · fire1,False,False,-6.15000,1.97000,-12.05000,2.40000,0.00000,0.00000
4030,149.13735,0.04525,Yakından incele · fire1,False,False,-6.15000,1.97000,-12.05000,2.40000,0.00000,0.00000
4031,149.16963,0.03228,Yakından incele · fire1,False,False,-6.15000,1.97000,-12.05000,2.40000,0.00000,0.00000
4032,149.19094,0.02131,Yakından incele · fire1,False,False,-6.15000,1.97000,-12.05000,2.40000,0.00000,0.00000
4033,149.22298,0.03204,Yakından incele · fire1,False,False,-6.15000,1.97000,-12.05000,2.40000,0.00000,0.00000
4034,149.25641,0.03343,Yakından incele · fire1,False,False,-6.15000,1.97000,-12.05000,2.40000,0.00000,0.00000
4035,149.29054,0.03414,Yakından incele · fire1,False,False,-6.15000,1.97000,-12.05000,2.40000,0.00000,0.00000
4036,149.32327,0.03273,Yakından incele · fire1,False,False,-6.15000,1.97000,-12.05000,2.40000,0.00000,0.00000
4037,149.35745,0.03418,Yakından incele · fire1,False,False,-6.15000,1.97000,-12.05000,2.40000,0.00000,0.00000
4038,149.39040,0.03295,Yakından incele · fire1,False,False,-6.15000,1.97000,-12.05000,2.40000,0.00000,0.00000
4039,149.42323,0.03283,Yakından incele · fire1,False,False,-6.15000,1.97000,-12.05000,2.40000,0.00000,0.00000
4040,149.45593,0.03270,Yakından incele · fire1,False,False,-6.15000,1.97000,-12.05000,2.40000,0.00000,0.00000
4041,149.48880,0.03287,Yakından incele · fire1,False,False,-6.15000,1.97000,-12.05000,2.40000,0.00000,0.00000
4042,149.52328,0.03448,Yakından incele · fire1,False,False,-6.15000,1.97000,-12.05000,2.40000,0.00000,0.00000
4043,149.55686,0.03358,Yakından incele · fire1,False,False,-6.15000,1.97000,-12.05000,2.40000,0.00000,0.00000
4044,149.58892,0.03206,Yakından incele · fire1,False,False,-6.15000,1.97000,-12.05000,2.40000,0.00000,0.00000
4045,149.62317,0.03425,Yakından incele · fire1,False,False,-6.15000,1.97000,-12.05000,2.40000,0.00000,0.00000
4046,149.65626,0.03309,Yakından incele · fire1,False,False,-6.15000,1.97000,-12.05000,2.40000,0.00000,0.00000
4047,149.68989,0.03363,Yakından incele · fire1,False,False,-6.15000,1.97000,-12.05000,2.40000,0.00000,0.00000
4048,149.72393,0.03404,Yakından incele · fire1,False,False,-6.15000,1.97000,-12.05000,2.40000,0.00000,0.00000
4049,149.75703,0.03311,Yakından incele · fire1,False,False,-6.15000,1.97000,-12.05000,2.40000,0.00000,0.00000
4050,149.79017,0.03313,Yakından incele · fire1,False,False,-6.15000,1.97000,-12.05000,2.40000,0.00000,0.00000
4051,149.82413,0.03397,Yakından incele · fire1,False,False,-6.15000,1.97000,-12.05000,2.40000,0.00000,0.00000
4052,149.85723,0.03310,Yakından incele · fire1,False,False,-6.15000,1.97000,-12.05000,2.40000,0.00000,0.00000
4053,149.88979,0.03256,Yakından incele · fire1,False,False,-6.15000,1.97000,-12.05000,2.40000,0.00000,0.00000
4054,149.92372,0.03393,Yakından incele · fire1,False,False,-6.15000,1.97000,-12.05000,2.40000,0.00000,0.00000
4055,149.95716,0.03344,Yakından incele · fire1,False,False,-6.15000,1.97000,-12.05000,2.40000,0.00000,0.00000
4056,149.99088,0.03372,Yakından incele · fire1,False,False,-6.15000,1.97000,-12.05000,2.40000,0.00000,0.00000
4057,150.02425,0.03337,Yakından incele · fire1,False,False,-6.15000,1.97000,-12.05000,2.40000,0.00000,0.00000
4058,150.05783,0.03358,Yakından incele · fire1,False,False,-6.15000,1.97000,-12.05000,2.40000,0.00000,0.00000
4059,150.09110,0.03326,Yakından incele · fire1,False,False,-6.15000,1.97000,-12.05000,2.40000,0.00000,0.00000
4060,150.12400,0.03290,Yakından incele · fire1,False,False,-6.15000,1.97000,-12.05000,2.40000,0.00000,0.00000
4061,150.15680,0.03281,Yakından incele · fire1,False,False,-6.15000,1.97000,-12.05000,2.40000,0.00000,0.00000
4062,150.19046,0.03366,Yakından incele · fire1,False,False,-6.15000,1.97000,-12.05000,2.40000,0.00000,0.00000
4063,150.22421,0.03375,Yakından incele · fire1,False,False,-6.15000,1.97000,-12.05000,2.40000,0.00000,0.00000
4064,150.25732,0.03310,Yakından incele · fire1,False,False,-6.15000,1.97000,-12.05000,2.40000,0.00000,0.00000
4065,150.29036,0.03304,Yakından incele · fire1,False,False,-6.15000,1.97000,-12.05000,2.40000,0.00000,0.00000
4066,150.32299,0.03263,Yakından incele · fire1,False,False,-6.15000,1.97000,-12.05000,2.40000,0.00000,0.00000
4067,150.35663,0.03364,Yakından incele · fire1,False,False,-6.15000,1.97000,-12.05000,2.40000,0.00000,0.00000
4068,150.39055,0.03392,Yakından incele · fire1,False,False,-6.15000,1.97000,-12.05000,2.40000,0.00000,0.00000
4069,150.42427,0.03372,Yakından incele · fire1,False,False,-6.15000,1.97000,-12.05000,2.40000,0.00000,0.00000
4070,150.45816,0.03389,Yakından incele · fire1,False,False,-6.15000,1.97000,-12.05000,2.40000,0.00000,0.00000
4071,150.50306,0.04490,Yakından incele · fire1,False,False,-6.15000,1.97000,-12.05000,2.40000,0.00000,0.00000
4072,150.53554,0.03248,Yakından incele · fire1,False,False,-6.15000,1.97000,-12.05000,2.40000,0.00000,0.00000
4073,150.56988,0.03434,Yakından incele · fire1,False,False,-6.15000,1.97000,-12.05000,2.40000,0.00000,0.00000
4074,150.60382,0.03395,Yakından incele · fire1,False,False,-6.15000,1.97000,-12.05000,2.40000,0.00000,0.00000
4075,150.63724,0.03341,Yakından incele · fire1,False,False,-6.15000,1.97000,-12.05000,2.40000,0.00000,0.00000
4076,150.67097,0.03373,Yakından incele · fire1,False,False,-6.15000,1.97000,-12.05000,2.40000,0.00000,0.00000
4077,150.70344,0.03247,Yakından incele · fire1,False,False,-6.15000,1.97000,-12.05000,2.40000,0.00000,0.00000
4078,150.73587,0.03243,Yakından incele · fire1,False,False,-6.15000,1.97000,-12.05000,2.40000,0.00000,0.00000
4079,150.76967,0.03381,Yakından incele · fire1,False,False,-6.15000,1.97000,-12.05000,2.40000,0.00000,0.00000
4080,150.80341,0.03373,Yakından incele · fire1,False,False,-6.15000,1.97000,-12.05000,2.40000,0.00000,0.00000
4081,150.83671,0.03331,Yakından incele · fire1,False,False,-6.15000,1.97000,-12.05000,2.40000,0.00000,0.00000
4082,150.86950,0.03279,Yakından incele · fire1,False,False,-6.15000,1.97000,-12.05000,2.40000,0.00000,0.00000
4083,150.90269,0.03319,Yakından incele · fire1,False,False,-6.15000,1.97000,-12.05000,2.40000,0.00000,0.00000
4084,150.93652,0.03382,Yakından incele · fire1,False,False,-6.15000,1.97000,-12.05000,2.40000,0.00000,0.00000
4085,150.96907,0.03255,Yakından incele · fire1,False,False,-6.15000,1.97000,-12.05000,2.40000,0.00000,0.00000
4086,151.00150,0.03243,Yakından incele · fire1,False,False,-6.15000,1.97000,-12.05000,2.40000,0.00000,0.00000
4087,151.03505,0.03355,Yakından incele · fire1,False,False,-6.15000,1.97000,-12.05000,2.40000,0.00000,0.00000
4088,151.06911,0.03407,Yakından incele · fire1,False,False,-6.15000,1.97000,-12.05000,2.40000,0.00000,0.00000
4089,151.10278,0.03366,Yakından incele · fire1,False,False,-6.15000,1.97000,-12.05000,2.40000,0.00000,0.00000
4090,151.13647,0.03369,Yakından incele · fire1,False,False,-6.15000,1.97000,-12.05000,2.40000,0.00000,0.00000
4091,151.17038,0.03391,Yakından incele · fire1,False,False,-6.15000,1.97000,-12.05000,2.40000,0.00000,0.00000
4092,151.20349,0.03310,Yakından incele · fire1,False,False,-6.15000,1.97000,-12.05000,2.40000,0.00000,0.00000
4093,151.23656,0.03308,Yakından incele · fire1,False,False,-6.15000,1.97000,-12.05000,2.40000,0.00000,0.00000
4094,151.26943,0.03287,Yakından incele · fire1,False,False,-6.15000,1.97000,-12.05000,2.40000,0.00000,0.00000
4095,151.30269,0.03325,Yakından incele · fire1,False,False,-6.15000,1.97000,-12.05000,2.40000,0.00000,0.00000
4096,151.33626,0.03357,Yakından incele · fire1,False,False,-6.15000,1.97000,-12.05000,2.40000,0.00000,0.00000
4097,151.37068,0.03441,Yakından incele · fire1,False,False,-6.15000,1.97000,-12.05000,2.40000,0.00000,0.00000
4098,151.40312,0.03244,Yakından incele · fire1,False,False,-6.15000,1.97000,-12.05000,2.40000,0.00000,0.00000
4099,151.43593,0.03281,Yakından incele · fire1,False,False,-6.15000,1.97000,-12.05000,2.40000,0.00000,0.00000
4100,151.46987,0.03394,Yakından incele · fire1,False,False,-6.15000,1.97000,-12.05000,2.40000,0.00000,0.00000
4101,151.50241,0.03254,Yakından incele · fire1,False,False,-6.15000,1.97000,-12.05000,2.40000,0.00000,0.00000
4102,151.53583,0.03342,Yakından incele · fire1,False,False,-6.15000,1.97000,-12.05000,2.40000,0.00000,0.00000
4103,151.57003,0.03421,Yakından incele · fire1,False,False,-6.15000,1.97000,-12.05000,2.40000,0.00000,0.00000
4104,151.60327,0.03323,Yakından incele · fire1,False,False,-6.15000,1.97000,-12.05000,2.40000,0.00000,0.00000
4105,151.63747,0.03420,Yakından incele · fire1,False,False,-6.15000,1.97000,-12.05000,2.40000,0.00000,0.00000
4106,151.66967,0.03220,Yakından incele · fire1,False,False,-6.15000,1.97000,-12.05000,2.40000,0.00000,0.00000
4107,151.70277,0.03310,Yakından incele · fire1,False,False,-6.15000,1.97000,-12.05000,2.40000,0.00000,0.00000
4108,151.73737,0.03460,Yakından incele · fire1,False,False,-6.15000,1.97000,-12.05000,2.40000,0.00000,0.00000
4109,151.77027,0.03290,Yakından incele · fire1,False,False,-6.15000,1.97000,-12.05000,2.40000,0.00000,0.00000
4110,151.80353,0.03326,Yakından incele · fire1,False,False,-6.15000,1.97000,-12.05000,2.40000,0.00000,0.00000
4111,151.83683,0.03329,Yakından incele · fire1,False,False,-6.15000,1.97000,-12.05000,2.40000,0.00000,0.00000
4112,151.86915,0.03233,Yakından incele · fire1,False,False,-6.15000,1.97000,-12.05000,2.40000,0.00000,0.00000
4113,151.90206,0.03291,Yakından incele · fire1,False,False,-6.15000,1.97000,-12.05000,2.40000,0.00000,0.00000
4114,151.93576,0.03369,Yakından incele · fire1,False,False,-6.15000,1.97000,-12.05000,2.40000,0.00000,0.00000
4115,151.97003,0.03428,Yakından incele · fire1,False,False,-6.15000,1.97000,-12.05000,2.40000,0.00000,0.00000
4116,152.00319,0.03316,Yakından incele · fire1,False,False,-6.15000,1.97000,-12.05000,2.40000,0.00000,0.00000
4117,152.03648,0.03329,Yakından incele · fire1,False,False,-6.15000,1.97000,-12.05000,2.40000,0.00000,0.00000
4118,152.07047,0.03399,Yakından incele · fire1,False,False,-6.15000,1.97000,-12.05000,2.40000,0.00000,0.00000
4119,152.10349,0.03302,Yakından incele · fire1,False,False,-6.15000,1.97000,-12.05000,2.40000,0.00000,0.00000
4120,152.13637,0.03288,Yakından incele · fire1,False,False,-6.15000,1.97000,-12.05000,2.40000,0.00000,0.00000
4121,152.17010,0.03374,Yakından incele · fire1,False,False,-6.15000,1.97000,-12.05000,2.40000,0.00000,0.00000
4122,152.20383,0.03372,Yakından incele · fire1,False,False,-6.15000,1.97000,-12.05000,2.40000,0.00000,0.00000
4123,152.23668,0.03285,Yakından incele · fire1,False,False,-6.15000,1.97000,-12.05000,2.40000,0.00000,0.00000
4124,152.27307,0.03639,Yakından incele · fire1,False,False,-6.15000,1.97000,-12.05000,2.40000,0.00000,0.00000
4125,152.30652,0.03346,Yakından incele · fire1,False,False,-6.15000,1.97000,-12.05000,2.40000,0.00000,0.00000
4126,152.33619,0.02967,Yakından incele · fire1,False,False,-6.15000,1.97000,-12.05000,2.40000,0.00000,0.00000
4127,152.36927,0.03308,Yakından incele · fire1,False,False,-6.15000,1.97000,-12.05000,2.40000,0.00000,0.00000
4128,152.40292,0.03365,Yakından incele · fire1,False,False,-6.15000,1.97000,-12.05000,2.40000,0.00000,0.00000
4129,152.43632,0.03341,Yakından incele · fire1,False,False,-6.15000,1.97000,-12.05000,2.40000,0.00000,0.00000
4130,152.47012,0.03379,Yakından incele · fire1,False,False,-6.15000,1.97000,-12.05000,2.40000,0.00000,0.00000
4131,152.50448,0.03436,Yakından incele · fire1,False,False,-6.15000,1.97000,-12.05000,2.40000,0.00000,0.00000
4132,152.54056,0.03608,Yakından incele · fire1,False,False,-6.15000,1.97000,-12.05000,2.40000,0.00000,0.00000
4133,152.57402,0.03345,Yakından incele · fire1,False,False,-6.15000,1.97000,-12.05000,2.40000,0.00000,0.00000
4134,152.60430,0.03028,Yakından incele · fire1,False,False,-6.15000,1.97000,-12.05000,2.40000,0.00000,0.00000
4135,152.63613,0.03183,Yakından incele · fire1,False,False,-6.15000,1.97000,-12.05000,2.40000,0.00000,0.00000
4136,152.66904,0.03292,Yakından incele · fire1,False,False,-6.15000,1.97000,-12.05000,2.40000,0.00000,0.00000
4137,152.70240,0.03336,Yakından incele · fire1,False,False,-6.15000,1.97000,-12.05000,2.40000,0.00000,0.00000
4138,152.73731,0.03491,Yakından incele · fire1,False,False,-6.15000,1.97000,-12.05000,2.40000,0.00000,0.00000
4139,152.77091,0.03360,Yakından incele · fire1,False,False,-6.15000,1.97000,-12.05000,2.40000,0.00000,0.00000
4140,152.80211,0.03120,Yakından incele · fire1,False,False,-6.15000,1.97000,-12.05000,2.40000,0.00000,0.00000
4141,152.83528,0.03317,Yakından incele · fire1,False,False,-6.15000,1.97000,-12.05000,2.40000,0.00000,0.00000
4142,152.86996,0.03467,Yakından incele · fire1,False,False,-6.15000,1.97000,-12.05000,2.40000,0.00000,0.00000
4143,152.90402,0.03407,Yakından incele · fire1,False,False,-6.15000,1.97000,-12.05000,2.40000,0.00000,0.00000
4144,152.93673,0.03270,Yakından incele · fire1,False,False,-6.15000,1.97000,-12.05000,2.40000,0.00000,0.00000
4145,152.96947,0.03274,Yakından incele · fire1,False,False,-6.15000,1.97000,-12.05000,2.40000,0.00000,0.00000
4146,153.00215,0.03268,Yakından incele · fire1,False,False,-6.15000,1.97000,-12.05000,2.40000,0.00000,0.00000
4147,153.03652,0.03437,Yakından incele · fire1,False,False,-6.15000,1.97000,-12.05000,2.40000,0.00000,0.00000
4148,153.07015,0.03363,Yakından incele · fire1,False,False,-6.15000,1.97000,-12.05000,2.40000,0.00000,0.00000
4149,153.10276,0.03261,Yakından incele · fire1,False,False,-6.15000,1.97000,-12.05000,2.40000,0.00000,0.00000
4150,153.13640,0.03364,Yakından incele · fire1,False,False,-6.15000,1.97000,-12.05000,2.40000,0.00000,0.00000
4151,153.17062,0.03422,Yakından incele · fire1,False,False,-6.15000,1.97000,-12.05000,2.40000,0.00000,0.00000
4152,153.20360,0.03299,Yakından incele · fire1,False,False,-6.15000,1.97000,-12.05000,2.40000,0.00000,0.00000
4153,153.23616,0.03256,Yakından incele · fire1,False,False,-6.15000,1.97000,-12.05000,2.40000,0.00000,0.00000
4154,153.26953,0.03336,Yakından incele · fire1,False,False,-6.15000,1.97000,-12.05000,2.40000,0.00000,0.00000
4155,153.30360,0.03407,Yakından incele · fire1,False,False,-6.15000,1.97000,-12.05000,2.40000,0.00000,0.00000
4156,153.33751,0.03391,Yakından incele · fire1,False,False,-6.15000,1.97000,-12.05000,2.40000,0.00000,0.00000
4157,153.37008,0.03257,Yakından incele · fire1,False,False,-6.15000,1.97000,-12.05000,2.40000,0.00000,0.00000
4158,153.40216,0.03208,Yakından incele · fire1,False,False,-6.15000,1.97000,-12.05000,2.40000,0.00000,0.00000
4159,153.43629,0.03412,Yakından incele · fire1,False,False,-6.15000,1.97000,-12.05000,2.40000,0.00000,0.00000
4160,153.46944,0.03315,Yakından incele · fire1,False,False,-6.15000,1.97000,-12.05000,2.40000,0.00000,0.00000
4161,153.50667,0.03723,Yakından incele · fire1,False,False,-6.15000,1.97000,-12.05000,2.40000,0.00000,0.00000
4162,153.54025,0.03358,Yakından incele · fire1,False,False,-6.15000,1.97000,-12.05000,2.40000,0.00000,0.00000
4163,153.57034,0.03009,Yakından incele · fire1,False,False,-6.15000,1.97000,-12.05000,2.40000,0.00000,0.00000
4164,153.60483,0.03449,Yakından incele · fire1,False,False,-6.15000,1.97000,-12.05000,2.40000,0.00000,0.00000
4165,153.63895,0.03412,Yakından incele · fire1,False,False,-6.15000,1.97000,-12.05000,2.40000,0.00000,0.00000
4166,153.67204,0.03309,Yakından incele · fire1,False,False,-6.15000,1.97000,-12.05000,2.40000,0.00000,0.00000
4167,153.70513,0.03309,Yakından incele · fire1,False,False,-6.15000,1.97000,-12.05000,2.40000,0.00000,0.00000
4168,153.73849,0.03336,Yakından incele · fire1,False,False,-6.15000,1.97000,-12.05000,2.40000,0.00000,0.00000
4169,153.77150,0.03300,Yakından incele · fire1,False,False,-6.15000,1.97000,-12.05000,2.40000,0.00000,0.00000
4170,153.81796,0.04646,Yakından incele · fire1,False,False,-6.15000,1.97000,-12.05000,2.40000,0.00000,0.00000
4171,153.85118,0.03323,Yakından incele · fire1,False,False,-6.15000,1.97000,-12.05000,2.40000,0.00000,0.00000
4172,153.88399,0.03281,Yakından incele · fire1,False,False,-6.15000,1.97000,-12.05000,2.40000,0.00000,0.00000
4173,153.91852,0.03453,Yakından incele · fire1,False,False,-6.15000,1.97000,-12.05000,2.40000,0.00000,0.00000
4174,153.95254,0.03402,Yakından incele · fire1,False,False,-6.15000,1.97000,-12.05000,2.40000,0.00000,0.00000
4175,153.98850,0.03596,Yakından incele · fire1,False,False,-6.15000,1.97000,-12.05000,2.40000,0.00000,0.00000
4176,154.02429,0.03578,Yakından incele · fire1,False,False,-6.15000,1.97000,-12.05000,2.40000,0.00000,0.00000
4177,154.05572,0.03144,Yakından incele · fire1,False,False,-6.15000,1.97000,-12.05000,2.40000,0.00000,0.00000
4178,154.09019,0.03447,Yakından incele · fire1,False,False,-6.15000,1.97000,-12.05000,2.40000,0.00000,0.00000
4179,154.12336,0.03317,Yakından incele · fire1,False,False,-6.15000,1.97000,-12.05000,2.40000,0.00000,0.00000
4180,154.16907,0.04571,Yakından incele · fire1,False,False,-6.15000,1.97000,-12.05000,2.40000,0.00000,0.00000
4181,154.19738,0.02830,Yakından incele · fire1,False,False,-6.15000,1.97000,-12.05000,2.40000,0.00000,0.00000
4182,154.21748,0.02011,Yakından incele · fire1,False,False,-6.15000,1.97000,-12.05000,2.40000,0.00000,0.00000
4183,154.25052,0.03304,Yakından incele · fire1,False,False,-6.15000,1.97000,-12.05000,2.40000,0.00000,0.00000
4184,154.28391,0.03339,Yakından incele · fire1,False,False,-6.15000,1.97000,-12.05000,2.40000,0.00000,0.00000
4185,154.31790,0.03398,Yakından incele · fire1,False,False,-6.15000,1.97000,-12.05000,2.40000,0.00000,0.00000
4186,154.35041,0.03251,Yakından incele · fire1,False,False,-6.15000,1.97000,-12.05000,2.40000,0.00000,0.00000
4187,154.38305,0.03265,Yakından incele · fire1,False,False,-6.15000,1.97000,-12.05000,2.40000,0.00000,0.00000
4188,154.41760,0.03455,Yakından incele · fire1,False,False,-6.15000,1.97000,-12.05000,2.40000,0.00000,0.00000
4189,154.45030,0.03270,Yakından incele · fire1,False,False,-6.15000,1.97000,-12.05000,2.40000,0.00000,0.00000
4190,154.48360,0.03330,Yakından incele · fire1,False,False,-6.15000,1.97000,-12.05000,2.40000,0.00000,0.00000
4191,154.51787,0.03427,Yakından incele · fire1,False,False,-6.15000,1.97000,-12.05000,2.40000,0.00000,0.00000
4192,154.55098,0.03311,Yakından incele · fire1,False,False,-6.15000,1.97000,-12.05000,2.40000,0.00000,0.00000
4193,154.58439,0.03341,Yakından incele · fire1,False,False,-6.15000,1.97000,-12.05000,2.40000,0.00000,0.00000
4194,154.61672,0.03233,Yakından incele · fire1,False,False,-6.15000,1.97000,-12.05000,2.40000,0.00000,0.00000
4195,154.64917,0.03245,Yakından incele · fire1,False,False,-6.15000,1.97000,-12.05000,2.40000,0.00000,0.00000
4196,154.68417,0.03500,Yakından incele · fire1,False,False,-6.15000,1.97000,-12.05000,2.40000,0.00000,0.00000
4197,154.71768,0.03351,Yakından incele · fire1,False,False,-6.15000,1.97000,-12.05000,2.40000,0.00000,0.00000
4198,154.75022,0.03254,Yakından incele · fire1,False,False,-6.15000,1.97000,-12.05000,2.40000,0.00000,0.00000
4199,154.78403,0.03381,Yakından incele · fire1,False,False,-6.15000,1.97000,-12.05000,2.40000,0.00000,0.00000
4200,154.81728,0.03325,Yakından incele · fire1,False,False,-6.15000,1.97000,-12.05000,2.40000,0.00000,0.00000
4201,154.85033,0.03305,Yakından incele · fire1,False,False,-6.15000,1.97000,-12.05000,2.40000,0.00000,0.00000
4202,154.88425,0.03391,Yakından incele · fire1,False,False,-6.15000,1.97000,-12.05000,2.40000,0.00000,0.00000
4203,154.91722,0.03297,Yakından incele · fire1,False,False,-6.15000,1.97000,-12.05000,2.40000,0.00000,0.00000
4204,154.95045,0.03323,Yakından incele · fire1,False,False,-6.15000,1.97000,-12.05000,2.40000,0.00000,0.00000
4205,154.98319,0.03274,Yakından incele · fire1,False,False,-6.15000,1.97000,-12.05000,2.40000,0.00000,0.00000
4206,155.01733,0.03414,Yakından incele · fire1,False,False,-6.15000,1.97000,-12.05000,2.40000,0.00000,0.00000
4207,155.05066,0.03333,Yakından incele · fire1,False,False,-6.15000,1.97000,-12.05000,2.40000,0.00000,0.00000
4208,155.08450,0.03384,Yakından incele · fire1,False,False,-6.15000,1.97000,-12.05000,2.40000,0.00000,0.00000
4209,155.11790,0.03340,Yakından incele · fire1,False,False,-6.15000,1.97000,-12.05000,2.40000,0.00000,0.00000
4210,155.16293,0.04504,Yakından incele · fire1,False,False,-6.15000,1.97000,-12.05000,2.40000,0.00000,0.00000
4211,155.19660,0.03366,Yakından incele · fire1,False,False,-6.15000,1.97000,-12.05000,2.40000,0.00000,0.00000
4212,155.21705,0.02045,Yakından incele · fire1,False,False,-6.15000,1.97000,-12.05000,2.40000,0.00000,0.00000
4213,155.25120,0.03415,Yakından incele · fire1,False,False,-6.15000,1.97000,-12.05000,2.40000,0.00000,0.00000
4214,155.28498,0.03377,Yakından incele · fire1,False,False,-6.15000,1.97000,-12.05000,2.40000,0.00000,0.00000
4215,155.32089,0.03591,Yakından incele · fire1,False,False,-6.15000,1.97000,-12.05000,2.40000,0.00000,0.00000
4216,155.35662,0.03574,Yakından incele · fire1,False,False,-6.15000,1.97000,-12.05000,2.40000,0.00000,0.00000
4217,155.38671,0.03009,Yakından incele · fire1,False,False,-6.15000,1.97000,-12.05000,2.40000,0.00000,0.00000
4218,155.41683,0.03012,Yakından incele · fire1,False,False,-6.15000,1.97000,-12.05000,2.40000,0.00000,0.00000
4219,155.45132,0.03449,Yakından incele · fire1,False,False,-6.15000,1.97000,-12.05000,2.40000,0.00000,0.00000
4220,155.48478,0.03346,Yakından incele · fire1,False,False,-6.15000,1.97000,-12.05000,2.40000,0.00000,0.00000
4221,155.51811,0.03333,Yakından incele · fire1,False,False,-6.15000,1.97000,-12.05000,2.40000,0.00000,0.00000
4222,155.55180,0.03370,Yakından incele · fire1,False,False,-6.15000,1.97000,-12.05000,2.40000,0.00000,0.00000
4223,155.58464,0.03284,Yakından incele · fire1,False,False,-6.15000,1.97000,-12.05000,2.40000,0.00000,0.00000
4224,155.61777,0.03313,Yakından incele · fire1,False,False,-6.15000,1.97000,-12.05000,2.40000,0.00000,0.00000
4225,155.65139,0.03362,Yakından incele · fire1,False,False,-6.15000,1.97000,-12.05000,2.40000,0.00000,0.00000
4226,155.68459,0.03320,Yakından incele · fire1,False,False,-6.15000,1.97000,-12.05000,2.40000,0.00000,0.00000
4227,155.71759,0.03299,Yakından incele · fire1,False,False,-6.15000,1.97000,-12.05000,2.40000,0.00000,0.00000
4228,155.75089,0.03330,Yakından incele · fire1,False,False,-6.15000,1.97000,-12.05000,2.40000,0.00000,0.00000
4229,155.78435,0.03346,Yakından incele · fire1,False,False,-6.15000,1.97000,-12.05000,2.40000,0.00000,0.00000
4230,155.81794,0.03358,Yakından incele · fire1,False,False,-6.15000,1.97000,-12.05000,2.40000,0.00000,0.00000
4231,155.85084,0.03291,Yakından incele · fire1,False,False,-6.15000,1.97000,-12.05000,2.40000,0.00000,0.00000
4232,155.88439,0.03355,Yakından incele · fire1,False,False,-6.15000,1.97000,-12.05000,2.40000,0.00000,0.00000
4233,155.91804,0.03364,Yakından incele · fire1,False,False,-6.15000,1.97000,-12.05000,2.40000,0.00000,0.00000
4234,155.95040,0.03236,Yakından incele · fire1,False,False,-6.15000,1.97000,-12.05000,2.40000,0.00000,0.00000
4235,155.98428,0.03388,Yakından incele · fire1,False,False,-6.15000,1.97000,-12.05000,2.40000,0.00000,0.00000
4236,156.01763,0.03335,Yakından incele · fire1,False,False,-6.15000,1.97000,-12.05000,2.40000,0.00000,0.00000
4237,156.05087,0.03324,Yakından incele · fire1,False,False,-6.15000,1.97000,-12.05000,2.40000,0.00000,0.00000
4238,156.08404,0.03317,Yakından incele · fire1,False,False,-6.15000,1.97000,-12.05000,2.40000,0.00000,0.00000
4239,156.11736,0.03333,Yakından incele · fire1,False,False,-6.15000,1.97000,-12.05000,2.40000,0.00000,0.00000
4240,156.15005,0.03268,Yakından incele · fire1,False,False,-6.15000,1.97000,-12.05000,2.40000,0.00000,0.00000
4241,156.18421,0.03417,Yakından incele · fire1,False,False,-6.15000,1.97000,-12.05000,2.40000,0.00000,0.00000
4242,156.21840,0.03419,Yakından incele · fire1,False,False,-6.15000,1.97000,-12.05000,2.40000,0.00000,0.00000
4243,156.25088,0.03248,Yakından incele · fire1,False,False,-6.15000,1.97000,-12.05000,2.40000,0.00000,0.00000
4244,156.28322,0.03234,Yakından incele · fire1,False,False,-6.15000,1.97000,-12.05000,2.40000,0.00000,0.00000
4245,156.31785,0.03463,Yakından incele · fire1,False,False,-6.15000,1.97000,-12.05000,2.40000,0.00000,0.00000
4246,156.35169,0.03384,Yakından incele · fire1,False,False,-6.15000,1.97000,-12.05000,2.40000,0.00000,0.00000
4247,156.38520,0.03351,Yakından incele · fire1,False,False,-6.15000,1.97000,-12.05000,2.40000,0.00000,0.00000
4248,156.41793,0.03273,Yakından incele · fire1,False,False,-6.15000,1.97000,-12.05000,2.40000,0.00000,0.00000
4249,156.44994,0.03201,Yakından incele · fire1,False,False,-6.15000,1.97000,-12.05000,2.40000,0.00000,0.00000
4250,156.48363,0.03369,Yakından incele · fire1,False,False,-6.15000,1.97000,-12.05000,2.40000,0.00000,0.00000
4251,156.51778,0.03415,Yakından incele · fire1,False,False,-6.15000,1.97000,-12.05000,2.40000,0.00000,0.00000
4252,156.55053,0.03275,Yakından incele · fire1,False,False,-6.15000,1.97000,-12.05000,2.40000,0.00000,0.00000
4253,156.58421,0.03368,Yakından incele · fire1,False,False,-6.15000,1.97000,-12.05000,2.40000,0.00000,0.00000
4254,156.61769,0.03348,Yakından incele · fire1,False,False,-6.15000,1.97000,-12.05000,2.40000,0.00000,0.00000
4255,156.65048,0.03279,Yakından incele · fire1,False,False,-6.15000,1.97000,-12.05000,2.40000,0.00000,0.00000
4256,156.68308,0.03260,Yakından incele · fire1,False,False,-6.15000,1.97000,-12.05000,2.40000,0.00000,0.00000
4257,156.71670,0.03361,Yakından incele · fire1,False,False,-6.15000,1.97000,-12.05000,2.40000,0.00000,0.00000
4258,156.75069,0.03399,Yakından incele · fire1,False,False,-6.15000,1.97000,-12.05000,2.40000,0.00000,0.00000
4259,156.78630,0.03561,Yakından incele · fire1,False,False,-6.15000,1.97000,-12.05000,2.40000,0.00000,0.00000
4260,156.81865,0.03235,Yakından incele · fire1,False,False,-6.15000,1.97000,-12.05000,2.40000,0.00000,0.00000
4261,156.85011,0.03145,Yakından incele · fire1,False,False,-6.15000,1.97000,-12.05000,2.40000,0.00000,0.00000
4262,156.88515,0.03504,Yakından incele · fire1,False,False,-6.15000,1.97000,-12.05000,2.40000,0.00000,0.00000
4263,156.91679,0.03164,Yakından incele · fire1,False,False,-6.15000,1.97000,-12.05000,2.40000,0.00000,0.00000
4264,156.95010,0.03331,Yakından incele · fire1,False,False,-6.15000,1.97000,-12.05000,2.40000,0.00000,0.00000
4265,156.98420,0.03410,Yakından incele · fire1,False,False,-6.15000,1.97000,-12.05000,2.40000,0.00000,0.00000
4266,157.01735,0.03315,Yakından incele · fire1,False,False,-6.15000,1.97000,-12.05000,2.40000,0.00000,0.00000
4267,157.05031,0.03296,Yakından incele · fire1,False,False,-6.15000,1.97000,-12.05000,2.40000,0.00000,0.00000
4268,157.08405,0.03374,Yakından incele · fire1,False,False,-6.15000,1.97000,-12.05000,2.40000,0.00000,0.00000
4269,157.12978,0.04572,Yakından incele · fire1,False,False,-6.15000,1.97000,-12.05000,2.40000,0.00000,0.00000
4270,157.16325,0.03347,Yakından incele · fire1,False,False,-6.15000,1.97000,-12.05000,2.40000,0.00000,0.00000
4271,157.19698,0.03373,Yakından incele · fire1,False,False,-6.15000,1.97000,-12.05000,2.40000,0.00000,0.00000
4272,157.23023,0.03325,Yakından incele · fire1,False,False,-6.15000,1.97000,-12.05000,2.40000,0.00000,0.00000
4273,157.26332,0.03309,Yakından incele · fire1,False,False,-6.15000,1.97000,-12.05000,2.40000,0.00000,0.00000
4274,157.29715,0.03383,Yakından incele · fire1,False,False,-6.15000,1.97000,-12.05000,2.40000,0.00000,0.00000
4275,157.33074,0.03359,Yakından incele · fire1,False,False,-6.15000,1.97000,-12.05000,2.40000,0.00000,0.00000
4276,157.36419,0.03346,Yakından incele · fire1,False,False,-6.15000,1.97000,-12.05000,2.40000,0.00000,0.00000
4277,157.39724,0.03304,Yakından incele · fire1,False,False,-6.15000,1.97000,-12.05000,2.40000,0.00000,0.00000
4278,157.42956,0.03232,Yakından incele · fire1,False,False,-6.15000,1.97000,-12.05000,2.40000,0.00000,0.00000
4279,157.46325,0.03369,Yakından incele · fire1,False,False,-6.15000,1.97000,-12.05000,2.40000,0.00000,0.00000
4280,157.49734,0.03408,Yakından incele · fire1,False,False,-6.15000,1.97000,-12.05000,2.40000,0.00000,0.00000
4281,157.53064,0.03330,Yakından incele · fire1,False,False,-6.15000,1.97000,-12.05000,2.40000,0.00000,0.00000
4282,157.56348,0.03284,Yakından incele · fire1,False,False,-6.15000,1.97000,-12.05000,2.40000,0.00000,0.00000
4283,157.59718,0.03371,Yakından incele · fire1,False,False,-6.15000,1.97000,-12.05000,2.40000,0.00000,0.00000
4284,157.63150,0.03431,Yakından incele · fire1,False,False,-6.15000,1.97000,-12.05000,2.40000,0.00000,0.00000
4285,157.66373,0.03223,Yakından incele · fire1,False,False,-6.15000,1.97000,-12.05000,2.40000,0.00000,0.00000
4286,157.69658,0.03285,Yakından incele · fire1,False,False,-6.15000,1.97000,-12.05000,2.40000,0.00000,0.00000
4287,157.73014,0.03355,Yakından incele · fire1,False,False,-6.15000,1.97000,-12.05000,2.40000,0.00000,0.00000
4288,157.76350,0.03336,Yakından incele · fire1,False,False,-6.15000,1.97000,-12.05000,2.40000,0.00000,0.00000
4289,157.79719,0.03369,Yakından incele · fire1,False,False,-6.15000,1.97000,-12.05000,2.40000,0.00000,0.00000
4290,157.83071,0.03352,Yakından incele · fire1,False,False,-6.15000,1.97000,-12.05000,2.40000,0.00000,0.00000
4291,157.86318,0.03248,Yakından incele · fire1,False,False,-6.15000,1.97000,-12.05000,2.40000,0.00000,0.00000
4292,157.89657,0.03338,Yakından incele · fire1,False,False,-6.15000,1.97000,-12.05000,2.40000,0.00000,0.00000
4293,157.93111,0.03454,Yakından incele · fire1,False,False,-6.15000,1.97000,-12.05000,2.40000,0.00000,0.00000
4294,157.96441,0.03330,Yakından incele · fire1,False,False,-6.15000,1.97000,-12.05000,2.40000,0.00000,0.00000
4295,157.99764,0.03323,Yakından incele · fire1,False,False,-6.15000,1.97000,-12.05000,2.40000,0.00000,0.00000
4296,158.03039,0.03275,Yakından incele · fire1,False,False,-6.15000,1.97000,-12.05000,2.40000,0.00000,0.00000
4297,158.06314,0.03275,Yakından incele · fire1,False,False,-6.15000,1.97000,-12.05000,2.40000,0.00000,0.00000
4298,158.09746,0.03432,Yakından incele · fire1,False,False,-6.15000,1.97000,-12.05000,2.40000,0.00000,0.00000
4299,158.13100,0.03354,Yakından incele · fire1,False,False,-6.15000,1.97000,-12.05000,2.40000,0.00000,0.00000
4300,158.16370,0.03270,Yakından incele · fire1,False,False,-6.15000,1.97000,-12.05000,2.40000,0.00000,0.00000
4301,158.19739,0.03369,Yakından incele · fire1,False,False,-6.15000,1.97000,-12.05000,2.40000,0.00000,0.00000
4302,158.23066,0.03326,Yakından incele · fire1,False,False,-6.15000,1.97000,-12.05000,2.40000,0.00000,0.00000
4303,158.26416,0.03351,Yakından incele · fire1,False,False,-6.15000,1.97000,-12.05000,2.40000,0.00000,0.00000
4304,158.29765,0.03349,Yakından incele · fire1,False,False,-6.15000,1.97000,-12.05000,2.40000,0.00000,0.00000
4305,158.33048,0.03283,Yakından incele · fire1,False,False,-6.15000,1.97000,-12.05000,2.40000,0.00000,0.00000
4306,158.36341,0.03293,Yakından incele · fire1,False,False,-6.15000,1.97000,-12.05000,2.40000,0.00000,0.00000
4307,158.39724,0.03383,Yakından incele · fire1,False,False,-6.15000,1.97000,-12.05000,2.40000,0.00000,0.00000
4308,158.43096,0.03372,Yakından incele · fire1,False,False,-6.15000,1.97000,-12.05000,2.40000,0.00000,0.00000
4309,158.46417,0.03321,Yakından incele · fire1,False,False,-6.15000,1.97000,-12.05000,2.40000,0.00000,0.00000
4310,158.49776,0.03359,Yakından incele · fire1,False,False,-6.15000,1.97000,-12.05000,2.40000,0.00000,0.00000
4311,158.53059,0.03283,Yakından incele · fire1,False,False,-6.15000,1.97000,-12.05000,2.40000,0.00000,0.00000
4312,158.56394,0.03335,Yakından incele · fire1,False,False,-6.15000,1.97000,-12.05000,2.40000,0.00000,0.00000
4313,158.59752,0.03358,Yakından incele · fire1,False,False,-6.15000,1.97000,-12.05000,2.40000,0.00000,0.00000
4314,158.63108,0.03356,Yakından incele · fire1,False,False,-6.15000,1.97000,-12.05000,2.40000,0.00000,0.00000
4315,158.66299,0.03191,Yakından incele · fire1,False,False,-6.15000,1.97000,-12.05000,2.40000,0.00000,0.00000
4316,158.69646,0.03347,Yakından incele · fire1,False,False,-6.15000,1.97000,-12.05000,2.40000,0.00000,0.00000
4317,158.73008,0.03362,Yakından incele · fire1,False,False,-6.15000,1.97000,-12.05000,2.40000,0.00000,0.00000
4318,158.76340,0.03332,Yakından incele · fire1,False,False,-6.15000,1.97000,-12.05000,2.40000,0.00000,0.00000
4319,158.79729,0.03389,Yakından incele · fire1,False,False,-6.15000,1.97000,-12.05000,2.40000,0.00000,0.00000
4320,158.83030,0.03301,Yakından incele · fire1,False,False,-6.15000,1.97000,-12.05000,2.40000,0.00000,0.00000
4321,158.86420,0.03390,Yakından incele · fire1,False,False,-6.15000,1.97000,-12.05000,2.40000,0.00000,0.00000
4322,158.89778,0.03358,Yakından incele · fire1,False,False,-6.15000,1.97000,-12.05000,2.40000,0.00000,0.00000
4323,158.92988,0.03210,Yakından incele · fire1,False,False,-6.15000,1.97000,-12.05000,2.40000,0.00000,0.00000
4324,158.96335,0.03347,Yakından incele · fire1,False,False,-6.15000,1.97000,-12.05000,2.40000,0.00000,0.00000
4325,158.99710,0.03375,Yakından incele · fire1,False,False,-6.15000,1.97000,-12.05000,2.40000,0.00000,0.00000
4326,159.03095,0.03385,Yakından incele · fire1,False,False,-6.15000,1.97000,-12.05000,2.40000,0.00000,0.00000
4327,159.06434,0.03339,Yakından incele · fire1,False,False,-6.15000,1.97000,-12.05000,2.40000,0.00000,0.00000
4328,159.09726,0.03291,Yakından incele · fire1,False,False,-6.15000,1.97000,-12.05000,2.40000,0.00000,0.00000
4329,159.12970,0.03244,Yakından incele · fire1,False,False,-6.15000,1.97000,-12.05000,2.40000,0.00000,0.00000
4330,159.16303,0.03334,Yakından incele · fire1,False,False,-6.15000,1.97000,-12.05000,2.40000,0.00000,0.00000
4331,159.19705,0.03401,Yakından incele · fire1,False,False,-6.15000,1.97000,-12.05000,2.40000,0.00000,0.00000
4332,159.23021,0.03316,Yakından incele · fire1,False,False,-6.15000,1.97000,-12.05000,2.40000,0.00000,0.00000
4333,159.26374,0.03354,Yakından incele · fire1,False,False,-6.15000,1.97000,-12.05000,2.40000,0.00000,0.00000
4334,159.29734,0.03359,Yakından incele · fire1,False,False,-6.15000,1.97000,-12.05000,2.40000,0.00000,0.00000
4335,159.33104,0.03370,Yakından incele · fire1,False,False,-6.15000,1.97000,-12.05000,2.40000,0.00000,0.00000
4336,159.36338,0.03234,Yakından incele · fire1,False,False,-6.15000,1.97000,-12.05000,2.40000,0.00000,0.00000
4337,159.39624,0.03286,Yakından incele · fire1,False,False,-6.15000,1.97000,-12.05000,2.40000,0.00000,0.00000
4338,159.43029,0.03406,Yakından incele · fire1,False,False,-6.15000,1.97000,-12.05000,2.40000,0.00000,0.00000
4339,159.46454,0.03424,Yakından incele · fire1,False,False,-6.15000,1.97000,-12.05000,2.40000,0.00000,0.00000
4340,159.49770,0.03317,Yakından incele · fire1,False,False,-6.15000,1.97000,-12.05000,2.40000,0.00000,0.00000
4341,159.52980,0.03210,Yakından incele · fire1,False,False,-6.15000,1.97000,-12.05000,2.40000,0.00000,0.00000
4342,159.56240,0.03259,Yakından incele · fire1,False,False,-6.15000,1.97000,-12.05000,2.40000,0.00000,0.00000
4343,159.59694,0.03454,Yakından incele · fire1,False,False,-6.15000,1.97000,-12.05000,2.40000,0.00000,0.00000
4344,159.63047,0.03353,Yakından incele · fire1,False,False,-6.15000,1.97000,-12.05000,2.40000,0.00000,0.00000
4345,159.66324,0.03277,Yakından incele · fire1,False,False,-6.15000,1.97000,-12.05000,2.40000,0.00000,0.00000
4346,159.69668,0.03344,Yakından incele · fire1,False,False,-6.15000,1.97000,-12.05000,2.40000,0.00000,0.00000
4347,159.72947,0.03279,Yakından incele · fire1,False,False,-6.15000,1.97000,-12.05000,2.40000,0.00000,0.00000
4348,159.76321,0.03374,Yakından incele · fire1,False,False,-6.15000,1.97000,-12.05000,2.40000,0.00000,0.00000
4349,159.79720,0.03399,Yakından incele · fire1,False,False,-6.15000,1.97000,-12.05000,2.40000,0.00000,0.00000
4350,159.83044,0.03324,Yakından incele · fire1,False,False,-6.15000,1.97000,-12.05000,2.40000,0.00000,0.00000
4351,159.86375,0.03330,Yakından incele · fire1,False,False,-6.15000,1.97000,-12.05000,2.40000,0.00000,0.00000
4352,159.89658,0.03284,Yakından incele · fire1,False,False,-6.15000,1.97000,-12.05000,2.40000,0.00000,0.00000
4353,159.93011,0.03353,Yakından incele · fire1,False,False,-6.15000,1.97000,-12.05000,2.40000,0.00000,0.00000
4354,159.96441,0.03430,Yakından incele · fire1,False,False,-6.15000,1.97000,-12.05000,2.40000,0.00000,0.00000
4355,159.99736,0.03295,Yakından incele · fire1,False,False,-6.15000,1.97000,-12.05000,2.40000,0.00000,0.00000
4356,160.03046,0.03310,Yakından incele · fire1,False,False,-6.15000,1.97000,-12.05000,2.40000,0.00000,0.00000
4357,160.06380,0.03335,Yakından incele · fire1,False,False,-6.15000,1.97000,-12.05000,2.40000,0.00000,0.00000
4358,160.09734,0.03354,Yakından incele · fire1,False,False,-6.15000,1.97000,-12.05000,2.40000,0.00000,0.00000
4359,160.12998,0.03264,Yakından incele · fire1,False,False,-6.15000,1.97000,-12.05000,2.40000,0.00000,0.00000
4360,160.16248,0.03250,Yakından incele · fire1,False,False,-6.15000,1.97000,-12.05000,2.40000,0.00000,0.00000
4361,160.19655,0.03407,Yakından incele · fire1,False,False,-6.15000,1.97000,-12.05000,2.40000,0.00000,0.00000
4362,160.23192,0.03536,Yakından incele · fire1,False,False,-6.15000,1.97000,-12.05000,2.40000,0.00000,0.00000
4363,160.26460,0.03269,Yakından incele · fire1,False,False,-6.15000,1.97000,-12.05000,2.40000,0.00000,0.00000
4364,160.29694,0.03234,Yakından incele · fire1,False,False,-6.15000,1.97000,-12.05000,2.40000,0.00000,0.00000
4365,160.33072,0.03378,Yakından incele · fire1,False,False,-6.15000,1.97000,-12.05000,2.40000,0.00000,0.00000
4366,160.36467,0.03394,Yakından incele · fire1,False,False,-6.15000,1.97000,-12.05000,2.40000,0.00000,0.00000
4367,160.39724,0.03257,Yakından incele · fire1,False,False,-6.15000,1.97000,-12.05000,2.40000,0.00000,0.00000
4368,160.44256,0.04532,Yakından incele · fire1,False,False,-6.15000,1.97000,-12.05000,2.40000,0.00000,0.00000
4369,160.47678,0.03422,Yakından incele · fire1,False,False,-6.15000,1.97000,-12.05000,2.40000,0.00000,0.00000
4370,160.51089,0.03411,Yakından incele · fire1,False,False,-6.15000,1.97000,-12.05000,2.40000,0.00000,0.00000
4371,160.54443,0.03354,Yakından incele · fire1,False,False,-6.15000,1.97000,-12.05000,2.40000,0.00000,0.00000
4372,160.57705,0.03261,Yakından incele · fire1,False,False,-6.15000,1.97000,-12.05000,2.40000,0.00000,0.00000
4373,160.61002,0.03297,Yakından incele · fire1,False,False,-6.15000,1.97000,-12.05000,2.40000,0.00000,0.00000
4374,160.64361,0.03359,Yakından incele · fire1,False,False,-6.15000,1.97000,-12.05000,2.40000,0.00000,0.00000
4375,160.67711,0.03350,Yakından incele · fire1,False,False,-6.15000,1.97000,-12.05000,2.40000,0.00000,0.00000
4376,160.70925,0.03215,Yakından incele · fire1,False,False,-6.15000,1.97000,-12.05000,2.40000,0.00000,0.00000
4377,160.74252,0.03327,Yakından incele · fire1,False,False,-6.15000,1.97000,-12.05000,2.40000,0.00000,0.00000
4378,160.77703,0.03451,Yakından incele · fire1,False,False,-6.15000,1.97000,-12.05000,2.40000,0.00000,0.00000
4379,160.81098,0.03395,Yakından incele · fire1,False,False,-6.15000,1.97000,-12.05000,2.40000,0.00000,0.00000
4380,160.84359,0.03261,Yakından incele · fire1,False,False,-6.15000,1.97000,-12.05000,2.40000,0.00000,0.00000
4381,160.87650,0.03291,Yakından incele · fire1,False,False,-6.15000,1.97000,-12.05000,2.40000,0.00000,0.00000
4382,160.91125,0.03475,Yakından incele · fire1,False,False,-6.15000,1.97000,-12.05000,2.40000,0.00000,0.00000
4383,160.94452,0.03328,Yakından incele · fire1,False,False,-6.15000,1.97000,-12.05000,2.40000,0.00000,0.00000
4384,160.97777,0.03325,Yakından incele · fire1,False,False,-6.15000,1.97000,-12.05000,2.40000,0.00000,0.00000
4385,161.01174,0.03397,Yakından incele · fire1,False,False,-6.15000,1.97000,-12.05000,2.40000,0.00000,0.00000
4386,161.04430,0.03256,Yakından incele · fire1,False,False,-6.15000,1.97000,-12.05000,2.40000,0.00000,0.00000
4387,161.07676,0.03246,Yakından incele · fire1,False,False,-6.15000,1.97000,-12.05000,2.40000,0.00000,0.00000
4388,161.10915,0.03238,Yakından incele · fire1,False,False,-6.15000,1.97000,-12.05000,2.40000,0.00000,0.00000
4389,161.14506,0.03591,Yakından incele · fire1,False,False,-6.15000,1.97000,-12.05000,2.40000,0.00000,0.00000
4390,161.17768,0.03262,Yakından incele · fire2,True,False,-6.14182,1.97000,-12.05341,2.40000,0.00886,0.00000
4391,161.20708,0.02939,Yakından incele · fire2,True,False,-6.12337,1.97000,-12.06110,2.40000,0.01998,0.00000
4392,161.23805,0.03097,Yakından incele · fire2,True,False,-6.09153,1.97000,-12.07436,2.40000,0.03449,0.00000
4393,161.27027,0.03223,Yakından incele · fire2,True,False,-6.04966,1.97000,-12.09181,2.40000,0.04536,0.00000
4394,161.30450,0.03423,Yakından incele · fire2,True,False,-5.99398,1.97000,-12.11501,2.40000,0.06033,0.00000
4395,161.33870,0.03419,Yakından incele · fire2,True,False,-5.92764,1.97000,-12.14265,2.40000,0.07186,0.00000
4396,161.37220,0.03350,Yakından incele · fire2,True,False,-5.85381,1.97000,-12.17341,2.40000,0.07998,0.00000
4397,161.40439,0.03219,Yakından incele · fire2,True,False,-5.77088,1.97000,-12.20797,2.40000,0.08985,0.00000
4398,161.43618,0.03179,Yakından incele · fire2,True,False,-5.68525,1.97000,-12.24365,2.40000,0.09276,0.00000
4399,161.46973,0.03356,Yakından incele · fire2,True,False,-5.58960,1.97000,-12.28350,2.40000,0.10362,0.00000
4400,161.50300,0.03326,Yakından incele · fire2,True,False,-5.48800,1.97000,-12.32583,2.40000,0.11007,0.00000
4401,161.53662,0.03362,Yakından incele · fire2,True,False,-5.38416,1.97000,-12.36910,2.40000,0.11249,0.00000
4402,161.57064,0.03402,Yakından incele · fire2,True,False,-5.27261,1.97000,-12.41558,2.40000,0.12085,0.00000
4403,161.60348,0.03285,Yakından incele · fire2,True,False,-5.16061,1.97000,-12.46225,2.40000,0.12133,0.00000
4404,161.63684,0.03336,Yakından incele · fire2,True,False,-5.04987,1.97000,-12.50839,2.40000,0.11996,0.00000
4405,161.67067,0.03383,Yakından incele · fire2,True,False,-4.93256,1.97000,-12.55727,2.40000,0.12709,0.00000
4406,161.70421,0.03354,Yakından incele · fire2,True,False,-4.82004,1.97000,-12.60415,2.40000,0.12189,0.00000
4407,161.73761,0.03339,Yakından incele · fire2,True,False,-4.70477,1.97000,-12.65218,2.40000,0.12487,0.00000
4408,161.77032,0.03271,Yakından incele · fire2,True,False,-4.59510,1.97000,-12.69787,2.40000,0.11881,0.00000
4409,161.80451,0.03420,Yakından incele · fire2,True,False,-4.48781,1.97000,-12.74258,2.40000,0.11623,0.00000
4410,161.83736,0.03285,Yakından incele · fire2,True,False,-4.38059,1.97000,-12.78725,2.40000,0.11616,0.00000
4411,161.86997,0.03262,Yakından incele · fire2,True,False,-4.28541,1.97000,-12.82691,2.40000,0.10311,0.00000
4412,161.90417,0.03420,Yakından incele · fire2,True,False,-4.18904,1.97000,-12.86707,2.40000,0.10441,0.00000
4413,161.93713,0.03296,Yakından incele · fire2,True,False,-4.10185,1.97000,-12.90339,2.40000,0.09445,0.00000
4414,161.96938,0.03225,Yakından incele · fire2,True,False,-4.02281,1.97000,-12.93633,2.40000,0.08563,0.00000
4415,162.00350,0.03412,Yakından incele · fire2,True,False,-3.95274,1.97000,-12.96553,2.40000,0.07592,0.00000
4416,162.03834,0.03484,Yakından incele · fire2,True,False,-3.88786,1.97000,-12.99256,2.40000,0.07028,0.00000
4417,162.07097,0.03263,Yakından incele · fire2,True,False,-3.83644,1.97000,-13.01399,2.40000,0.05571,0.00000
4418,162.10333,0.03235,Yakından incele · fire2,True,False,-3.79667,1.97000,-13.03056,2.40000,0.04308,0.00000
4419,162.13684,0.03352,Yakından incele · fire2,True,False,-3.76840,1.97000,-13.04234,2.40000,0.03063,0.00000
4420,162.17140,0.03456,Yakından incele · fire2,True,False,-3.75260,1.97000,-13.04892,2.40000,0.01711,0.00000
4421,162.20431,0.03291,Yakından incele · fire2,False,False,-3.75000,1.97000,-13.05000,2.40000,0.00281,0.00000
4422,162.23668,0.03237,Yakından incele · fire2,False,False,-3.75000,1.97000,-13.05000,2.40000,0.00000,0.00000
4423,162.27014,0.03346,Yakından incele · fire2,False,False,-3.75000,1.97000,-13.05000,2.40000,0.00000,0.00000
4424,162.30477,0.03463,Yakından incele · fire2,False,False,-3.75000,1.97000,-13.05000,2.40000,0.00000,0.00000
4425,162.33768,0.03291,Yakından incele · fire2,False,False,-3.75000,1.97000,-13.05000,2.40000,0.00000,0.00000
4426,162.37042,0.03274,Yakından incele · fire2,False,False,-3.75000,1.97000,-13.05000,2.40000,0.00000,0.00000
4427,162.40410,0.03368,Yakından incele · fire2,False,False,-3.75000,1.97000,-13.05000,2.40000,0.00000,0.00000
4428,162.43707,0.03297,Yakından incele · fire2,False,False,-3.75000,1.97000,-13.05000,2.40000,0.00000,0.00000
4429,162.47053,0.03346,Yakından incele · fire2,False,False,-3.75000,1.97000,-13.05000,2.40000,0.00000,0.00000
4430,162.50504,0.03451,Yakından incele · fire2,False,False,-3.75000,1.97000,-13.05000,2.40000,0.00000,0.00000
4431,162.53915,0.03411,Yakından incele · fire2,False,False,-3.75000,1.97000,-13.05000,2.40000,0.00000,0.00000
4432,162.57177,0.03261,Yakından incele · fire2,False,False,-3.75000,1.97000,-13.05000,2.40000,0.00000,0.00000
4433,162.60452,0.03275,Yakından incele · fire2,False,False,-3.75000,1.97000,-13.05000,2.40000,0.00000,0.00000
4434,162.63704,0.03253,Yakından incele · fire2,False,False,-3.75000,1.97000,-13.05000,2.40000,0.00000,0.00000
4435,162.67104,0.03400,Yakından incele · fire2,False,False,-3.75000,1.97000,-13.05000,2.40000,0.00000,0.00000
4436,162.70475,0.03371,Yakından incele · fire2,False,False,-3.75000,1.97000,-13.05000,2.40000,0.00000,0.00000
4437,162.73729,0.03254,Yakından incele · fire2,False,False,-3.75000,1.97000,-13.05000,2.40000,0.00000,0.00000
4438,162.77205,0.03476,Yakından incele · fire2,False,False,-3.75000,1.97000,-13.05000,2.40000,0.00000,0.00000
4439,162.80587,0.03382,Yakından incele · fire2,False,False,-3.75000,1.97000,-13.05000,2.40000,0.00000,0.00000
4440,162.83932,0.03345,Yakından incele · fire2,False,False,-3.75000,1.97000,-13.05000,2.40000,0.00000,0.00000
4441,162.87316,0.03384,Yakından incele · fire2,False,False,-3.75000,1.97000,-13.05000,2.40000,0.00000,0.00000
4442,162.90672,0.03355,Yakından incele · fire2,False,False,-3.75000,1.97000,-13.05000,2.40000,0.00000,0.00000
4443,162.93975,0.03303,Yakından incele · fire2,False,False,-3.75000,1.97000,-13.05000,2.40000,0.00000,0.00000
4444,162.97346,0.03371,Yakından incele · fire2,False,False,-3.75000,1.97000,-13.05000,2.40000,0.00000,0.00000
4445,163.00633,0.03287,Yakından incele · fire2,False,False,-3.75000,1.97000,-13.05000,2.40000,0.00000,0.00000
4446,163.03908,0.03275,Yakından incele · fire2,False,False,-3.75000,1.97000,-13.05000,2.40000,0.00000,0.00000
4447,163.07272,0.03365,Yakından incele · fire2,False,False,-3.75000,1.97000,-13.05000,2.40000,0.00000,0.00000
4448,163.10519,0.03247,Yakından incele · fire2,False,False,-3.75000,1.97000,-13.05000,2.40000,0.00000,0.00000
4449,163.13912,0.03394,Yakından incele · fire2,False,False,-3.75000,1.97000,-13.05000,2.40000,0.00000,0.00000
4450,163.17269,0.03356,Yakından incele · fire2,False,False,-3.75000,1.97000,-13.05000,2.40000,0.00000,0.00000
4451,163.20563,0.03295,Yakından incele · fire2,False,False,-3.75000,1.97000,-13.05000,2.40000,0.00000,0.00000
4452,163.23849,0.03285,Yakından incele · fire2,False,False,-3.75000,1.97000,-13.05000,2.40000,0.00000,0.00000
4453,163.27177,0.03328,Yakından incele · fire2,False,False,-3.75000,1.97000,-13.05000,2.40000,0.00000,0.00000
4454,163.30549,0.03372,Yakından incele · fire2,False,False,-3.75000,1.97000,-13.05000,2.40000,0.00000,0.00000
4455,163.35165,0.04616,Yakından incele · fire2,False,False,-3.75000,1.97000,-13.05000,2.40000,0.00000,0.00000
4456,163.38879,0.03714,Yakından incele · fire2,False,False,-3.75000,1.97000,-13.05000,2.40000,0.00000,0.00000
4457,163.42690,0.03811,Yakından incele · fire2,False,False,-3.75000,1.97000,-13.05000,2.40000,0.00000,0.00000
4458,163.44614,0.01925,Yakından incele · fire2,False,False,-3.75000,1.97000,-13.05000,2.40000,0.00000,0.00000
4459,163.47811,0.03196,Yakından incele · fire2,False,False,-3.75000,1.97000,-13.05000,2.40000,0.00000,0.00000
4460,163.51090,0.03279,Yakından incele · fire2,False,False,-3.75000,1.97000,-13.05000,2.40000,0.00000,0.00000
4461,163.54385,0.03295,Yakından incele · fire2,False,False,-3.75000,1.97000,-13.05000,2.40000,0.00000,0.00000
4462,163.57623,0.03238,Yakından incele · fire2,False,False,-3.75000,1.97000,-13.05000,2.40000,0.00000,0.00000
4463,163.60918,0.03295,Yakından incele · fire2,False,False,-3.75000,1.97000,-13.05000,2.40000,0.00000,0.00000
4464,163.64279,0.03361,Yakından incele · fire2,False,False,-3.75000,1.97000,-13.05000,2.40000,0.00000,0.00000
4465,163.67655,0.03377,Yakından incele · fire2,False,False,-3.75000,1.97000,-13.05000,2.40000,0.00000,0.00000
4466,163.71011,0.03355,Yakından incele · fire2,False,False,-3.75000,1.97000,-13.05000,2.40000,0.00000,0.00000
4467,163.75819,0.04808,Yakından incele · fire2,False,False,-3.75000,1.97000,-13.05000,2.40000,0.00000,0.00000
4468,163.79182,0.03363,Yakından incele · fire2,False,False,-3.75000,1.97000,-13.05000,2.40000,0.00000,0.00000
4469,163.82341,0.03159,Yakından incele · fire2,False,False,-3.75000,1.97000,-13.05000,2.40000,0.00000,0.00000
4470,163.85644,0.03303,Yakından incele · fire2,False,False,-3.75000,1.97000,-13.05000,2.40000,0.00000,0.00000
4471,163.89013,0.03369,Yakından incele · fire2,False,False,-3.75000,1.97000,-13.05000,2.40000,0.00000,0.00000
4472,163.92374,0.03361,Yakından incele · fire2,False,False,-3.75000,1.97000,-13.05000,2.40000,0.00000,0.00000
4473,163.95698,0.03324,Yakından incele · fire2,False,False,-3.75000,1.97000,-13.05000,2.40000,0.00000,0.00000
4474,163.99046,0.03349,Yakından incele · fire2,False,False,-3.75000,1.97000,-13.05000,2.40000,0.00000,0.00000
4475,164.02372,0.03326,Yakından incele · fire2,False,False,-3.75000,1.97000,-13.05000,2.40000,0.00000,0.00000
4476,164.05729,0.03357,Yakından incele · fire2,False,False,-3.75000,1.97000,-13.05000,2.40000,0.00000,0.00000
4477,164.09040,0.03311,Yakından incele · fire2,False,False,-3.75000,1.97000,-13.05000,2.40000,0.00000,0.00000
4478,164.12361,0.03320,Yakından incele · fire2,False,False,-3.75000,1.97000,-13.05000,2.40000,0.00000,0.00000
4479,164.15699,0.03338,Yakından incele · fire2,False,False,-3.75000,1.97000,-13.05000,2.40000,0.00000,0.00000
4480,164.19041,0.03342,Yakından incele · fire2,False,False,-3.75000,1.97000,-13.05000,2.40000,0.00000,0.00000
4481,164.22372,0.03331,Yakından incele · fire2,False,False,-3.75000,1.97000,-13.05000,2.40000,0.00000,0.00000
4482,164.25741,0.03369,Yakından incele · fire2,False,False,-3.75000,1.97000,-13.05000,2.40000,0.00000,0.00000
4483,164.29031,0.03290,Yakından incele · fire2,False,False,-3.75000,1.97000,-13.05000,2.40000,0.00000,0.00000
4484,164.32393,0.03362,Yakından incele · fire2,False,False,-3.75000,1.97000,-13.05000,2.40000,0.00000,0.00000
4485,164.35731,0.03339,Yakından incele · fire2,False,False,-3.75000,1.97000,-13.05000,2.40000,0.00000,0.00000
4486,164.39061,0.03329,Yakından incele · fire2,False,False,-3.75000,1.97000,-13.05000,2.40000,0.00000,0.00000
4487,164.42370,0.03309,Yakından incele · fire2,False,False,-3.75000,1.97000,-13.05000,2.40000,0.00000,0.00000
4488,164.45711,0.03341,Yakından incele · fire2,False,False,-3.75000,1.97000,-13.05000,2.40000,0.00000,0.00000
4489,164.49139,0.03428,Yakından incele · fire2,False,False,-3.75000,1.97000,-13.05000,2.40000,0.00000,0.00000
4490,164.52568,0.03429,Yakından incele · fire2,False,False,-3.75000,1.97000,-13.05000,2.40000,0.00000,0.00000
4491,164.55852,0.03285,Yakından incele · fire2,False,False,-3.75000,1.97000,-13.05000,2.40000,0.00000,0.00000
4492,164.59067,0.03215,Yakından incele · fire2,False,False,-3.75000,1.97000,-13.05000,2.40000,0.00000,0.00000
4493,164.62417,0.03349,Yakından incele · fire2,False,False,-3.75000,1.97000,-13.05000,2.40000,0.00000,0.00000
4494,164.66282,0.03866,Yakından incele · fire2,False,False,-3.75000,1.97000,-13.05000,2.40000,0.00000,0.00000
4495,164.69766,0.03484,Yakından incele · fire2,False,False,-3.75000,1.97000,-13.05000,2.40000,0.00000,0.00000
4496,164.72789,0.03023,Yakından incele · fire2,False,False,-3.75000,1.97000,-13.05000,2.40000,0.00000,0.00000
4497,164.75838,0.03049,Yakından incele · fire2,False,False,-3.75000,1.97000,-13.05000,2.40000,0.00000,0.00000
4498,164.79115,0.03277,Yakından incele · fire2,False,False,-3.75000,1.97000,-13.05000,2.40000,0.00000,0.00000
4499,164.82824,0.03709,Yakından incele · fire2,False,False,-3.75000,1.97000,-13.05000,2.40000,0.00000,0.00000
4500,164.86198,0.03374,Yakından incele · fire2,False,False,-3.75000,1.97000,-13.05000,2.40000,0.00000,0.00000
4501,164.89210,0.03011,Yakından incele · fire2,False,False,-3.75000,1.97000,-13.05000,2.40000,0.00000,0.00000
4502,164.92209,0.02999,Yakından incele · fire2,False,False,-3.75000,1.97000,-13.05000,2.40000,0.00000,0.00000
4503,164.95585,0.03375,Yakından incele · fire2,False,False,-3.75000,1.97000,-13.05000,2.40000,0.00000,0.00000
4504,164.99001,0.03416,Yakından incele · fire2,False,False,-3.75000,1.97000,-13.05000,2.40000,0.00000,0.00000
4505,165.02349,0.03348,Yakından incele · fire2,False,False,-3.75000,1.97000,-13.05000,2.40000,0.00000,0.00000
4506,165.05635,0.03287,Yakından incele · fire2,False,False,-3.75000,1.97000,-13.05000,2.40000,0.00000,0.00000
4507,165.09028,0.03393,Yakından incele · fire2,False,False,-3.75000,1.97000,-13.05000,2.40000,0.00000,0.00000
4508,165.12379,0.03351,Yakından incele · fire2,False,False,-3.75000,1.97000,-13.05000,2.40000,0.00000,0.00000
4509,165.15676,0.03297,Yakından incele · fire2,False,False,-3.75000,1.97000,-13.05000,2.40000,0.00000,0.00000
4510,165.19060,0.03384,Yakından incele · fire2,False,False,-3.75000,1.97000,-13.05000,2.40000,0.00000,0.00000
4511,165.22401,0.03341,Yakından incele · fire2,False,False,-3.75000,1.97000,-13.05000,2.40000,0.00000,0.00000
4512,165.25711,0.03310,Yakından incele · fire2,False,False,-3.75000,1.97000,-13.05000,2.40000,0.00000,0.00000
4513,165.29039,0.03328,Yakından incele · fire2,False,False,-3.75000,1.97000,-13.05000,2.40000,0.00000,0.00000
4514,165.32423,0.03384,Yakından incele · fire2,False,False,-3.75000,1.97000,-13.05000,2.40000,0.00000,0.00000
4515,165.35719,0.03296,Yakından incele · fire2,False,False,-3.75000,1.97000,-13.05000,2.40000,0.00000,0.00000
4516,165.39008,0.03289,Yakından incele · fire2,False,False,-3.75000,1.97000,-13.05000,2.40000,0.00000,0.00000
4517,165.42434,0.03426,Yakından incele · fire2,False,False,-3.75000,1.97000,-13.05000,2.40000,0.00000,0.00000
4518,165.45737,0.03303,Yakından incele · fire2,False,False,-3.75000,1.97000,-13.05000,2.40000,0.00000,0.00000
4519,165.48999,0.03262,Yakından incele · fire2,False,False,-3.75000,1.97000,-13.05000,2.40000,0.00000,0.00000
4520,165.52352,0.03353,Yakından incele · fire2,False,False,-3.75000,1.97000,-13.05000,2.40000,0.00000,0.00000
4521,165.55696,0.03343,Yakından incele · fire2,False,False,-3.75000,1.97000,-13.05000,2.40000,0.00000,0.00000
4522,165.59034,0.03338,Yakından incele · fire2,False,False,-3.75000,1.97000,-13.05000,2.40000,0.00000,0.00000
4523,165.62447,0.03414,Yakından incele · fire2,False,False,-3.75000,1.97000,-13.05000,2.40000,0.00000,0.00000
4524,165.66011,0.03563,Yakından incele · fire2,False,False,-3.75000,1.97000,-13.05000,2.40000,0.00000,0.00000
4525,165.69445,0.03434,Yakından incele · fire2,False,False,-3.75000,1.97000,-13.05000,2.40000,0.00000,0.00000
4526,165.72611,0.03166,Yakından incele · fire2,False,False,-3.75000,1.97000,-13.05000,2.40000,0.00000,0.00000
4527,165.77442,0.04831,Yakından incele · fire2,False,False,-3.75000,1.97000,-13.05000,2.40000,0.00000,0.00000
4528,165.79446,0.02004,Yakından incele · fire2,False,False,-3.75000,1.97000,-13.05000,2.40000,0.00000,0.00000
4529,165.82712,0.03266,Yakından incele · fire2,False,False,-3.75000,1.97000,-13.05000,2.40000,0.00000,0.00000
4530,165.85660,0.02947,Yakından incele · fire2,False,False,-3.75000,1.97000,-13.05000,2.40000,0.00000,0.00000
4531,165.89470,0.03811,Yakından incele · fire2,False,False,-3.75000,1.97000,-13.05000,2.40000,0.00000,0.00000
4532,165.92742,0.03272,Yakından incele · fire2,False,False,-3.75000,1.97000,-13.05000,2.40000,0.00000,0.00000
4533,165.95734,0.02992,Yakından incele · fire2,False,False,-3.75000,1.97000,-13.05000,2.40000,0.00000,0.00000
4534,165.99038,0.03303,Yakından incele · fire2,False,False,-3.75000,1.97000,-13.05000,2.40000,0.00000,0.00000
4535,166.02394,0.03356,Yakından incele · fire2,False,False,-3.75000,1.97000,-13.05000,2.40000,0.00000,0.00000
4536,166.05745,0.03351,Yakından incele · fire2,False,False,-3.75000,1.97000,-13.05000,2.40000,0.00000,0.00000
4537,166.09083,0.03338,Yakından incele · fire2,False,False,-3.75000,1.97000,-13.05000,2.40000,0.00000,0.00000
4538,166.12621,0.03538,Yakından incele · fire2,False,False,-3.75000,1.97000,-13.05000,2.40000,0.00000,0.00000
4539,166.15990,0.03369,Yakından incele · fire2,False,False,-3.75000,1.97000,-13.05000,2.40000,0.00000,0.00000
4540,166.19047,0.03057,Yakından incele · fire2,False,False,-3.75000,1.97000,-13.05000,2.40000,0.00000,0.00000
4541,166.22444,0.03397,Yakından incele · fire2,False,False,-3.75000,1.97000,-13.05000,2.40000,0.00000,0.00000
4542,166.25802,0.03358,Yakından incele · fire2,False,False,-3.75000,1.97000,-13.05000,2.40000,0.00000,0.00000
4543,166.29009,0.03207,Yakından incele · fire2,False,False,-3.75000,1.97000,-13.05000,2.40000,0.00000,0.00000
4544,166.32586,0.03577,Yakından incele · fire2,False,False,-3.75000,1.97000,-13.05000,2.40000,0.00000,0.00000
4545,166.35898,0.03312,Yakından incele · fire2,False,False,-3.75000,1.97000,-13.05000,2.40000,0.00000,0.00000
4546,166.39127,0.03229,Yakından incele · fire2,False,False,-3.75000,1.97000,-13.05000,2.40000,0.00000,0.00000
4547,166.42513,0.03387,Yakından incele · fire2,False,False,-3.75000,1.97000,-13.05000,2.40000,0.00000,0.00000
4548,166.45753,0.03240,Yakından incele · fire2,False,False,-3.75000,1.97000,-13.05000,2.40000,0.00000,0.00000
4549,166.49052,0.03299,Yakından incele · fire2,False,False,-3.75000,1.97000,-13.05000,2.40000,0.00000,0.00000
4550,166.52691,0.03639,Yakından incele · fire2,False,False,-3.75000,1.97000,-13.05000,2.40000,0.00000,0.00000
4551,166.55698,0.03007,Yakından incele · fire2,False,False,-3.75000,1.97000,-13.05000,2.40000,0.00000,0.00000
4552,166.59120,0.03422,Yakından incele · fire2,False,False,-3.75000,1.97000,-13.05000,2.40000,0.00000,0.00000
4553,166.62487,0.03367,Yakından incele · fire2,False,False,-3.75000,1.97000,-13.05000,2.40000,0.00000,0.00000
4554,166.65830,0.03343,Yakından incele · fire2,False,False,-3.75000,1.97000,-13.05000,2.40000,0.00000,0.00000
4555,166.69175,0.03345,Yakından incele · fire2,False,False,-3.75000,1.97000,-13.05000,2.40000,0.00000,0.00000
4556,166.72510,0.03335,Yakından incele · fire2,False,False,-3.75000,1.97000,-13.05000,2.40000,0.00000,0.00000
4557,166.75862,0.03352,Yakından incele · fire2,False,False,-3.75000,1.97000,-13.05000,2.40000,0.00000,0.00000
4558,166.79160,0.03299,Yakından incele · fire2,False,False,-3.75000,1.97000,-13.05000,2.40000,0.00000,0.00000
4559,166.82566,0.03406,Yakından incele · fire2,False,False,-3.75000,1.97000,-13.05000,2.40000,0.00000,0.00000
4560,166.86088,0.03522,Yakından incele · fire2,False,False,-3.75000,1.97000,-13.05000,2.40000,0.00000,0.00000
4561,166.89403,0.03315,Yakından incele · fire2,False,False,-3.75000,1.97000,-13.05000,2.40000,0.00000,0.00000
4562,166.92911,0.03508,Yakından incele · fire2,False,False,-3.75000,1.97000,-13.05000,2.40000,0.00000,0.00000
4563,166.96509,0.03597,Yakından incele · fire2,False,False,-3.75000,1.97000,-13.05000,2.40000,0.00000,0.00000
4564,167.00155,0.03646,Yakından incele · fire2,False,False,-3.75000,1.97000,-13.05000,2.40000,0.00000,0.00000
4565,167.04169,0.04014,Yakından incele · fire2,False,False,-3.75000,1.97000,-13.05000,2.40000,0.00000,0.00000
4566,167.09518,0.05349,Yakından incele · fire2,False,False,-3.75000,1.97000,-13.05000,2.40000,0.00000,0.00000
4567,167.12810,0.03292,Yakından incele · fire2,False,False,-3.75000,1.97000,-13.05000,2.40000,0.00000,0.00000
4568,167.16747,0.03937,Yakından incele · fire2,False,False,-3.75000,1.97000,-13.05000,2.40000,0.00000,0.00000
4569,167.18417,0.01670,Yakından incele · fire2,False,False,-3.75000,1.97000,-13.05000,2.40000,0.00000,0.00000
4570,167.21853,0.03437,Yakından incele · fire2,False,False,-3.75000,1.97000,-13.05000,2.40000,0.00000,0.00000
4571,167.25219,0.03366,Yakından incele · fire2,False,False,-3.75000,1.97000,-13.05000,2.40000,0.00000,0.00000
4572,167.28096,0.02876,Yakından incele · fire2,False,False,-3.75000,1.97000,-13.05000,2.40000,0.00000,0.00000
4573,167.31235,0.03139,Yakından incele · fire2,False,False,-3.75000,1.97000,-13.05000,2.40000,0.00000,0.00000
4574,167.34544,0.03309,Yakından incele · fire2,False,False,-3.75000,1.97000,-13.05000,2.40000,0.00000,0.00000
4575,167.37722,0.03178,Yakından incele · fire2,False,False,-3.75000,1.97000,-13.05000,2.40000,0.00000,0.00000
4576,167.41045,0.03323,Yakından incele · fire2,False,False,-3.75000,1.97000,-13.05000,2.40000,0.00000,0.00000
4577,167.44402,0.03357,Yakından incele · fire2,False,False,-3.75000,1.97000,-13.05000,2.40000,0.00000,0.00000
4578,167.47767,0.03365,Yakından incele · fire2,False,False,-3.75000,1.97000,-13.05000,2.40000,0.00000,0.00000
4579,167.51149,0.03383,Yakından incele · fire2,False,False,-3.75000,1.97000,-13.05000,2.40000,0.00000,0.00000
4580,167.54414,0.03265,Yakından incele · fire2,False,False,-3.75000,1.97000,-13.05000,2.40000,0.00000,0.00000
4581,167.57631,0.03217,Yakından incele · fire2,False,False,-3.75000,1.97000,-13.05000,2.40000,0.00000,0.00000
4582,167.60917,0.03287,Yakından incele · fire2,False,False,-3.75000,1.97000,-13.05000,2.40000,0.00000,0.00000
4583,167.64288,0.03371,Yakından incele · fire2,False,False,-3.75000,1.97000,-13.05000,2.40000,0.00000,0.00000
4584,167.67740,0.03452,Yakından incele · fire2,False,False,-3.75000,1.97000,-13.05000,2.40000,0.00000,0.00000
4585,167.71145,0.03405,Yakından incele · fire2,False,False,-3.75000,1.97000,-13.05000,2.40000,0.00000,0.00000
4586,167.74370,0.03225,Yakından incele · fire2,False,False,-3.75000,1.97000,-13.05000,2.40000,0.00000,0.00000
4587,167.77532,0.03162,Yakından incele · fire2,False,False,-3.75000,1.97000,-13.05000,2.40000,0.00000,0.00000
4588,167.80922,0.03390,Yakından incele · fire2,False,False,-3.75000,1.97000,-13.05000,2.40000,0.00000,0.00000
4589,167.84355,0.03433,Yakından incele · fire2,False,False,-3.75000,1.97000,-13.05000,2.40000,0.00000,0.00000
4590,167.87675,0.03320,Yakından incele · fire2,False,False,-3.75000,1.97000,-13.05000,2.40000,0.00000,0.00000
4591,167.90947,0.03271,Yakından incele · fire2,False,False,-3.75000,1.97000,-13.05000,2.40000,0.00000,0.00000
4592,167.94405,0.03458,Yakından incele · fire2,False,False,-3.75000,1.97000,-13.05000,2.40000,0.00000,0.00000
4593,167.97636,0.03232,Yakından incele · fire2,False,False,-3.75000,1.97000,-13.05000,2.40000,0.00000,0.00000
4594,168.00984,0.03348,Yakından incele · fire2,False,False,-3.75000,1.97000,-13.05000,2.40000,0.00000,0.00000
4595,168.04504,0.03520,Yakından incele · fire2,False,False,-3.75000,1.97000,-13.05000,2.40000,0.00000,0.00000
4596,168.07719,0.03215,Yakından incele · fire2,False,False,-3.75000,1.97000,-13.05000,2.40000,0.00000,0.00000
4597,168.10888,0.03170,Yakından incele · fire2,False,False,-3.75000,1.97000,-13.05000,2.40000,0.00000,0.00000
4598,168.14287,0.03399,Yakından incele · fire2,False,False,-3.75000,1.97000,-13.05000,2.40000,0.00000,0.00000
4599,168.17729,0.03442,Yakından incele · fire2,False,False,-3.75000,1.97000,-13.05000,2.40000,0.00000,0.00000
4600,168.21083,0.03354,Yakından incele · fire2,False,False,-3.75000,1.97000,-13.05000,2.40000,0.00000,0.00000
4601,168.24398,0.03315,Yakından incele · fire2,False,False,-3.75000,1.97000,-13.05000,2.40000,0.00000,0.00000
4602,168.27743,0.03346,Yakından incele · fire2,False,False,-3.75000,1.97000,-13.05000,2.40000,0.00000,0.00000
4603,168.31048,0.03304,Yakından incele · fire2,False,False,-3.75000,1.97000,-13.05000,2.40000,0.00000,0.00000
4604,168.34291,0.03244,Yakından incele · fire2,False,False,-3.75000,1.97000,-13.05000,2.40000,0.00000,0.00000
4605,168.37573,0.03282,Yakından incele · fire2,False,False,-3.75000,1.97000,-13.05000,2.40000,0.00000,0.00000
4606,168.40922,0.03349,Yakından incele · fire2,False,False,-3.75000,1.97000,-13.05000,2.40000,0.00000,0.00000
4607,168.44233,0.03311,Yakından incele · fire2,False,False,-3.75000,1.97000,-13.05000,2.40000,0.00000,0.00000
4608,168.47624,0.03391,Yakından incele · fire2,False,False,-3.75000,1.97000,-13.05000,2.40000,0.00000,0.00000
4609,168.50986,0.03362,Yakından incele · fire2,False,False,-3.75000,1.97000,-13.05000,2.40000,0.00000,0.00000
4610,168.54307,0.03320,Yakından incele · fire2,False,False,-3.75000,1.97000,-13.05000,2.40000,0.00000,0.00000
4611,168.57560,0.03253,Yakından incele · fire2,False,False,-3.75000,1.97000,-13.05000,2.40000,0.00000,0.00000
4612,168.61097,0.03537,Yakından incele · fire2,False,False,-3.75000,1.97000,-13.05000,2.40000,0.00000,0.00000
4613,168.64503,0.03406,Yakından incele · fire2,False,False,-3.75000,1.97000,-13.05000,2.40000,0.00000,0.00000
4614,168.67687,0.03183,Yakından incele · fire2,False,False,-3.75000,1.97000,-13.05000,2.40000,0.00000,0.00000
4615,168.70996,0.03310,Yakından incele · fire2,False,False,-3.75000,1.97000,-13.05000,2.40000,0.00000,0.00000
4616,168.74307,0.03310,Yakından incele · fire2,False,False,-3.75000,1.97000,-13.05000,2.40000,0.00000,0.00000
4617,168.77736,0.03429,Yakından incele · fire2,False,False,-3.75000,1.97000,-13.05000,2.40000,0.00000,0.00000
4618,168.81106,0.03370,Yakından incele · fire2,False,False,-3.75000,1.97000,-13.05000,2.40000,0.00000,0.00000
4619,168.84316,0.03210,Yakından incele · fire2,False,False,-3.75000,1.97000,-13.05000,2.40000,0.00000,0.00000
4620,168.87671,0.03355,Yakından incele · fire2,False,False,-3.75000,1.97000,-13.05000,2.40000,0.00000,0.00000
4621,168.91042,0.03371,Yakından incele · fire2,False,False,-3.75000,1.97000,-13.05000,2.40000,0.00000,0.00000
4622,168.94337,0.03295,Yakından incele · fire2,False,False,-3.75000,1.97000,-13.05000,2.40000,0.00000,0.00000
4623,168.97534,0.03197,Yakından incele · fire2,False,False,-3.75000,1.97000,-13.05000,2.40000,0.00000,0.00000
4624,169.00977,0.03442,Yakından incele · fire2,False,False,-3.75000,1.97000,-13.05000,2.40000,0.00000,0.00000
4625,169.04505,0.03528,Yakından incele · fire2,False,False,-3.75000,1.97000,-13.05000,2.40000,0.00000,0.00000
4626,169.07770,0.03265,Yakından incele · fire2,False,False,-3.75000,1.97000,-13.05000,2.40000,0.00000,0.00000
4627,169.11078,0.03307,Yakından incele · fire2,False,False,-3.75000,1.97000,-13.05000,2.40000,0.00000,0.00000
4628,169.14452,0.03374,Yakından incele · fire2,False,False,-3.75000,1.97000,-13.05000,2.40000,0.00000,0.00000
4629,169.17791,0.03339,Yakından incele · fire2,False,False,-3.75000,1.97000,-13.05000,2.40000,0.00000,0.00000
4630,169.21034,0.03243,Yakından incele · fire2,False,False,-3.75000,1.97000,-13.05000,2.40000,0.00000,0.00000
4631,169.24369,0.03335,Yakından incele · fire2,False,False,-3.75000,1.97000,-13.05000,2.40000,0.00000,0.00000
4632,169.27740,0.03372,Yakından incele · fire2,False,False,-3.75000,1.97000,-13.05000,2.40000,0.00000,0.00000
4633,169.31001,0.03260,Yakından incele · fire2,False,False,-3.75000,1.97000,-13.05000,2.40000,0.00000,0.00000
4634,169.34257,0.03256,Yakından incele · fire2,False,False,-3.75000,1.97000,-13.05000,2.40000,0.00000,0.00000
4635,169.37649,0.03392,Yakından incele · fire2,False,False,-3.75000,1.97000,-13.05000,2.40000,0.00000,0.00000
4636,169.40973,0.03324,Yakından incele · fire2,False,False,-3.75000,1.97000,-13.05000,2.40000,0.00000,0.00000
4637,169.45510,0.04537,Yakından incele · fire2,False,False,-3.75000,1.97000,-13.05000,2.40000,0.00000,0.00000
4638,169.48793,0.03284,Yakından incele · fire2,False,False,-3.75000,1.97000,-13.05000,2.40000,0.00000,0.00000
4639,169.50906,0.02112,Yakından incele · fire2,False,False,-3.75000,1.97000,-13.05000,2.40000,0.00000,0.00000
4640,169.54319,0.03414,Yakından incele · fire2,False,False,-3.75000,1.97000,-13.05000,2.40000,0.00000,0.00000
4641,169.57695,0.03375,Yakından incele · fire2,False,False,-3.75000,1.97000,-13.05000,2.40000,0.00000,0.00000
4642,169.62388,0.04693,Yakından incele · fire2,False,False,-3.75000,1.97000,-13.05000,2.40000,0.00000,0.00000
4643,169.65758,0.03370,Yakından incele · fire2,False,False,-3.75000,1.97000,-13.05000,2.40000,0.00000,0.00000
4644,169.67953,0.02195,Yakından incele · fire2,False,False,-3.75000,1.97000,-13.05000,2.40000,0.00000,0.00000
4645,169.71577,0.03624,Yakından incele · fire2,False,False,-3.75000,1.97000,-13.05000,2.40000,0.00000,0.00000
4646,169.74720,0.03143,Yakından incele · fire2,False,False,-3.75000,1.97000,-13.05000,2.40000,0.00000,0.00000
4647,169.77637,0.02916,Yakından incele · fire2,False,False,-3.75000,1.97000,-13.05000,2.40000,0.00000,0.00000
4648,169.80987,0.03350,Yakından incele · fire2,False,False,-3.75000,1.97000,-13.05000,2.40000,0.00000,0.00000
4649,169.84273,0.03287,Yakından incele · fire2,False,False,-3.75000,1.97000,-13.05000,2.40000,0.00000,0.00000
4650,169.87575,0.03302,Yakından incele · fire2,False,False,-3.75000,1.97000,-13.05000,2.40000,0.00000,0.00000
4651,169.90997,0.03423,Yakından incele · fire2,False,False,-3.75000,1.97000,-13.05000,2.40000,0.00000,0.00000
4652,169.94331,0.03334,Yakından incele · fire2,False,False,-3.75000,1.97000,-13.05000,2.40000,0.00000,0.00000
4653,169.97644,0.03313,Yakından incele · fire2,False,False,-3.75000,1.97000,-13.05000,2.40000,0.00000,0.00000
4654,170.01048,0.03404,Yakından incele · fire2,False,False,-3.75000,1.97000,-13.05000,2.40000,0.00000,0.00000
4655,170.04410,0.03362,Yakından incele · fire2,False,False,-3.75000,1.97000,-13.05000,2.40000,0.00000,0.00000
4656,170.07777,0.03366,Yakından incele · fire2,False,False,-3.75000,1.97000,-13.05000,2.40000,0.00000,0.00000
4657,170.11071,0.03294,Yakından incele · fire2,False,False,-3.75000,1.97000,-13.05000,2.40000,0.00000,0.00000
4658,170.14345,0.03274,Yakından incele · fire2,False,False,-3.75000,1.97000,-13.05000,2.40000,0.00000,0.00000
4659,170.17537,0.03192,Yakından incele · fire2,False,False,-3.75000,1.97000,-13.05000,2.40000,0.00000,0.00000
4660,170.20917,0.03380,Yakından incele · fire2,False,False,-3.75000,1.97000,-13.05000,2.40000,0.00000,0.00000
4661,170.24252,0.03335,Yakından incele · fire2,False,False,-3.75000,1.97000,-13.05000,2.40000,0.00000,0.00000
4662,170.27654,0.03402,Yakından incele · fire2,False,False,-3.75000,1.97000,-13.05000,2.40000,0.00000,0.00000
4663,170.30961,0.03307,Yakından incele · fire2,False,False,-3.75000,1.97000,-13.05000,2.40000,0.00000,0.00000
4664,170.34297,0.03336,Yakından incele · fire2,False,False,-3.75000,1.97000,-13.05000,2.40000,0.00000,0.00000
4665,170.39147,0.04851,Yakından incele · fire2,False,False,-3.75000,1.97000,-13.05000,2.40000,0.00000,0.00000
4666,170.42379,0.03232,Yakından incele · fire2,False,False,-3.75000,1.97000,-13.05000,2.40000,0.00000,0.00000
4667,170.45690,0.03311,Yakından incele · fire2,False,False,-3.75000,1.97000,-13.05000,2.40000,0.00000,0.00000
4668,170.49015,0.03325,Yakından incele · fire2,False,False,-3.75000,1.97000,-13.05000,2.40000,0.00000,0.00000
4669,170.52427,0.03412,Yakından incele · fire2,False,False,-3.75000,1.97000,-13.05000,2.40000,0.00000,0.00000
4670,170.55678,0.03252,Yakından incele · fire2,False,False,-3.75000,1.97000,-13.05000,2.40000,0.00000,0.00000
4671,170.58977,0.03298,Yakından incele · fire2,False,False,-3.75000,1.97000,-13.05000,2.40000,0.00000,0.00000
4672,170.62379,0.03403,Yakından incele · fire2,False,False,-3.75000,1.97000,-13.05000,2.40000,0.00000,0.00000
4673,170.65689,0.03309,Yakından incele · fire2,False,False,-3.75000,1.97000,-13.05000,2.40000,0.00000,0.00000
4674,170.68988,0.03299,Yakından incele · fire2,False,False,-3.75000,1.97000,-13.05000,2.40000,0.00000,0.00000
4675,170.72357,0.03369,Yakından incele · fire2,False,False,-3.75000,1.97000,-13.05000,2.40000,0.00000,0.00000
4676,170.75752,0.03395,Yakından incele · fire2,False,False,-3.75000,1.97000,-13.05000,2.40000,0.00000,0.00000
4677,170.79027,0.03275,Yakından incele · fire2,False,False,-3.75000,1.97000,-13.05000,2.40000,0.00000,0.00000
4678,170.82416,0.03389,Yakından incele · fire2,False,False,-3.75000,1.97000,-13.05000,2.40000,0.00000,0.00000
4679,170.85792,0.03376,Yakından incele · fire2,False,False,-3.75000,1.97000,-13.05000,2.40000,0.00000,0.00000
4680,170.89048,0.03256,Yakından incele · fire2,False,False,-3.75000,1.97000,-13.05000,2.40000,0.00000,0.00000
4681,170.92461,0.03412,Yakından incele · fire2,False,False,-3.75000,1.97000,-13.05000,2.40000,0.00000,0.00000
4682,170.95778,0.03317,Yakından incele · fire2,False,False,-3.75000,1.97000,-13.05000,2.40000,0.00000,0.00000
4683,170.99146,0.03368,Yakından incele · fire2,False,False,-3.75000,1.97000,-13.05000,2.40000,0.00000,0.00000
4684,171.02472,0.03325,Yakından incele · fire2,False,False,-3.75000,1.97000,-13.05000,2.40000,0.00000,0.00000
4685,171.05768,0.03297,Yakından incele · fire2,False,False,-3.75000,1.97000,-13.05000,2.40000,0.00000,0.00000
4686,171.09107,0.03339,Yakından incele · fire2,False,False,-3.75000,1.97000,-13.05000,2.40000,0.00000,0.00000
4687,171.12495,0.03388,Yakından incele · fire2,False,False,-3.75000,1.97000,-13.05000,2.40000,0.00000,0.00000
4688,171.15858,0.03363,Yakından incele · fire2,False,False,-3.75000,1.97000,-13.05000,2.40000,0.00000,0.00000
4689,171.19136,0.03278,Yakından incele · fire2,False,False,-3.75000,1.97000,-13.05000,2.40000,0.00000,0.00000
4690,171.22421,0.03284,Yakından incele · fire2,False,False,-3.75000,1.97000,-13.05000,2.40000,0.00000,0.00000
4691,171.25660,0.03239,Yakından incele · fire2,False,False,-3.75000,1.97000,-13.05000,2.40000,0.00000,0.00000
4692,171.29095,0.03436,Yakından incele · fire2,False,False,-3.75000,1.97000,-13.05000,2.40000,0.00000,0.00000
4693,171.32491,0.03396,Yakından incele · fire2,False,False,-3.75000,1.97000,-13.05000,2.40000,0.00000,0.00000
4694,171.35761,0.03269,Yakından incele · fire2,False,False,-3.75000,1.97000,-13.05000,2.40000,0.00000,0.00000
4695,171.39049,0.03289,Yakından incele · fire2,False,False,-3.75000,1.97000,-13.05000,2.40000,0.00000,0.00000
4696,171.42395,0.03346,Yakından incele · fire2,False,False,-3.75000,1.97000,-13.05000,2.40000,0.00000,0.00000
4697,171.45757,0.03361,Yakından incele · fire2,False,False,-3.75000,1.97000,-13.05000,2.40000,0.00000,0.00000
4698,171.49056,0.03299,Yakından incele · fire2,False,False,-3.75000,1.97000,-13.05000,2.40000,0.00000,0.00000
4699,171.52435,0.03379,Yakından incele · fire2,False,False,-3.75000,1.97000,-13.05000,2.40000,0.00000,0.00000
4700,171.55727,0.03291,Yakından incele · fire2,False,False,-3.75000,1.97000,-13.05000,2.40000,0.00000,0.00000
4701,171.59048,0.03321,Yakından incele · fire2,False,False,-3.75000,1.97000,-13.05000,2.40000,0.00000,0.00000
4702,171.62373,0.03325,Yakından incele · fire2,False,False,-3.75000,1.97000,-13.05000,2.40000,0.00000,0.00000
4703,171.65693,0.03320,Yakından incele · fire2,False,False,-3.75000,1.97000,-13.05000,2.40000,0.00000,0.00000
4704,171.69021,0.03329,Yakından incele · fire2,False,False,-3.75000,1.97000,-13.05000,2.40000,0.00000,0.00000
4705,171.72309,0.03287,Yakından incele · fire2,False,False,-3.75000,1.97000,-13.05000,2.40000,0.00000,0.00000
4706,171.75683,0.03374,Yakından incele · fire2,False,False,-3.75000,1.97000,-13.05000,2.40000,0.00000,0.00000
4707,171.79120,0.03437,Yakından incele · fire2,False,False,-3.75000,1.97000,-13.05000,2.40000,0.00000,0.00000
4708,171.82408,0.03288,Yakından incele · fire2,False,False,-3.75000,1.97000,-13.05000,2.40000,0.00000,0.00000
4709,171.85731,0.03323,Yakından incele · fire2,False,False,-3.75000,1.97000,-13.05000,2.40000,0.00000,0.00000
4710,171.89096,0.03365,Yakından incele · fire2,False,False,-3.75000,1.97000,-13.05000,2.40000,0.00000,0.00000
4711,171.92371,0.03275,Yakından incele · fire2,False,False,-3.75000,1.97000,-13.05000,2.40000,0.00000,0.00000
4712,171.95670,0.03299,Yakından incele · fire2,False,False,-3.75000,1.97000,-13.05000,2.40000,0.00000,0.00000
4713,171.98962,0.03292,Yakından incele · fire2,False,False,-3.75000,1.97000,-13.05000,2.40000,0.00000,0.00000
4714,172.02308,0.03347,Yakından incele · fire2,False,False,-3.75000,1.97000,-13.05000,2.40000,0.00000,0.00000
4715,172.05702,0.03394,Yakından incele · fire2,False,False,-3.75000,1.97000,-13.05000,2.40000,0.00000,0.00000
4716,172.09105,0.03403,Yakından incele · fire2,False,False,-3.75000,1.97000,-13.05000,2.40000,0.00000,0.00000
4717,172.12421,0.03316,Yakından incele · fire2,False,False,-3.75000,1.97000,-13.05000,2.40000,0.00000,0.00000
4718,172.15726,0.03305,Yakından incele · fire2,False,False,-3.75000,1.97000,-13.05000,2.40000,0.00000,0.00000
4719,172.19068,0.03342,Yakından incele · fire2,False,False,-3.75000,1.97000,-13.05000,2.40000,0.00000,0.00000
4720,172.22388,0.03320,Yakından incele · fire2,False,False,-3.75000,1.97000,-13.05000,2.40000,0.00000,0.00000
4721,172.25718,0.03330,Yakından incele · fire2,False,False,-3.75000,1.97000,-13.05000,2.40000,0.00000,0.00000
4722,172.29029,0.03311,Yakından incele · fire2,False,False,-3.75000,1.97000,-13.05000,2.40000,0.00000,0.00000
4723,172.32399,0.03370,Yakından incele · fire2,False,False,-3.75000,1.97000,-13.05000,2.40000,0.00000,0.00000
4724,172.35681,0.03282,Yakından incele · fire2,False,False,-3.75000,1.97000,-13.05000,2.40000,0.00000,0.00000
4725,172.38954,0.03273,Yakından incele · fire2,False,False,-3.75000,1.97000,-13.05000,2.40000,0.00000,0.00000
4726,172.42376,0.03422,Yakından incele · fire2,False,False,-3.75000,1.97000,-13.05000,2.40000,0.00000,0.00000
4727,172.45727,0.03352,Yakından incele · fire2,False,False,-3.75000,1.97000,-13.05000,2.40000,0.00000,0.00000
4728,172.49040,0.03313,Yakından incele · fire2,False,False,-3.75000,1.97000,-13.05000,2.40000,0.00000,0.00000
4729,172.52346,0.03305,Yakından incele · fire2,False,False,-3.75000,1.97000,-13.05000,2.40000,0.00000,0.00000
4730,172.55772,0.03427,Yakından incele · fire2,False,False,-3.75000,1.97000,-13.05000,2.40000,0.00000,0.00000
4731,172.59007,0.03235,Yakından incele · fire2,False,False,-3.75000,1.97000,-13.05000,2.40000,0.00000,0.00000
4732,172.62331,0.03324,Yakından incele · fire2,False,False,-3.75000,1.97000,-13.05000,2.40000,0.00000,0.00000
4733,172.65724,0.03393,Yakından incele · fire2,False,False,-3.75000,1.97000,-13.05000,2.40000,0.00000,0.00000
4734,172.68995,0.03271,Yakından incele · fire2,False,False,-3.75000,1.97000,-13.05000,2.40000,0.00000,0.00000
4735,172.72328,0.03333,Yakından incele · fire2,False,False,-3.75000,1.97000,-13.05000,2.40000,0.00000,0.00000
4736,172.75669,0.03341,Yakından incele · fire2,False,False,-3.75000,1.97000,-13.05000,2.40000,0.00000,0.00000
4737,172.79012,0.03343,Yakından incele · fire2,False,False,-3.75000,1.97000,-13.05000,2.40000,0.00000,0.00000
4738,172.82378,0.03366,Yakından incele · fire2,False,False,-3.75000,1.97000,-13.05000,2.40000,0.00000,0.00000
4739,172.85661,0.03283,Yakından incele · fire2,False,False,-3.75000,1.97000,-13.05000,2.40000,0.00000,0.00000
4740,172.89022,0.03360,Yakından incele · fire2,False,False,-3.75000,1.97000,-13.05000,2.40000,0.00000,0.00000
4741,172.92428,0.03406,Yakından incele · fire2,False,False,-3.75000,1.97000,-13.05000,2.40000,0.00000,0.00000
4742,172.95688,0.03260,Yakından incele · fire2,False,False,-3.75000,1.97000,-13.05000,2.40000,0.00000,0.00000
4743,172.98971,0.03284,Yakından incele · fire2,False,False,-3.75000,1.97000,-13.05000,2.40000,0.00000,0.00000
4744,173.02333,0.03362,Yakından incele · fire2,False,False,-3.75000,1.97000,-13.05000,2.40000,0.00000,0.00000
4745,173.05587,0.03255,Yakından incele · fire2,False,False,-3.75000,1.97000,-13.05000,2.40000,0.00000,0.00000
4746,173.09038,0.03451,Yakından incele · fire2,False,False,-3.75000,1.97000,-13.05000,2.40000,0.00000,0.00000
4747,173.12408,0.03369,Yakından incele · fire2,False,False,-3.75000,1.97000,-13.05000,2.40000,0.00000,0.00000
4748,173.15751,0.03343,Yakından incele · fire2,False,False,-3.75000,1.97000,-13.05000,2.40000,0.00000,0.00000
4749,173.19123,0.03372,Yakından incele · fire2,False,False,-3.75000,1.97000,-13.05000,2.40000,0.00000,0.00000
4750,173.22353,0.03231,Yakından incele · fire2,False,False,-3.75000,1.97000,-13.05000,2.40000,0.00000,0.00000
4751,173.25739,0.03386,Yakından incele · fire2,False,False,-3.75000,1.97000,-13.05000,2.40000,0.00000,0.00000
4752,173.28989,0.03251,Yakından incele · fire2,False,False,-3.75000,1.97000,-13.05000,2.40000,0.00000,0.00000
4753,173.32363,0.03373,Yakından incele · fire2,False,False,-3.75000,1.97000,-13.05000,2.40000,0.00000,0.00000
4754,173.35671,0.03309,Yakından incele · fire2,False,False,-3.75000,1.97000,-13.05000,2.40000,0.00000,0.00000
4755,173.38933,0.03262,Yakından incele · fire2,False,False,-3.75000,1.97000,-13.05000,2.40000,0.00000,0.00000
4756,173.42401,0.03469,Yakından incele · fire2,False,False,-3.75000,1.97000,-13.05000,2.40000,0.00000,0.00000
4757,173.45730,0.03329,Yakından incele · fire2,False,False,-3.75000,1.97000,-13.05000,2.40000,0.00000,0.00000
4758,173.48957,0.03226,Yakından incele · fire2,False,False,-3.75000,1.97000,-13.05000,2.40000,0.00000,0.00000
4759,173.52378,0.03421,Yakından incele · fire2,False,False,-3.75000,1.97000,-13.05000,2.40000,0.00000,0.00000
4760,173.55880,0.03502,Yakından incele · fire2,False,False,-3.75000,1.97000,-13.05000,2.40000,0.00000,0.00000
4761,173.59116,0.03236,Yakından incele · fire2,False,False,-3.75000,1.97000,-13.05000,2.40000,0.00000,0.00000
4762,173.62403,0.03287,Yakından incele · fire2,False,False,-3.75000,1.97000,-13.05000,2.40000,0.00000,0.00000
4763,173.65772,0.03369,Yakından incele · fire2,False,False,-3.75000,1.97000,-13.05000,2.40000,0.00000,0.00000
4764,173.70396,0.04624,Yakından incele · fire2,False,False,-3.75000,1.97000,-13.05000,2.40000,0.00000,0.00000
4765,173.73683,0.03287,Yakından incele · fire2,False,False,-3.75000,1.97000,-13.05000,2.40000,0.00000,0.00000
4766,173.76907,0.03224,Yakından incele · fire2,False,False,-3.75000,1.97000,-13.05000,2.40000,0.00000,0.00000
4767,173.80218,0.03311,Yakından incele · fire2,False,False,-3.75000,1.97000,-13.05000,2.40000,0.00000,0.00000
4768,173.83532,0.03314,Yakından incele · fire2,False,False,-3.75000,1.97000,-13.05000,2.40000,0.00000,0.00000
4769,173.86914,0.03382,Yakından incele · fire2,False,False,-3.75000,1.97000,-13.05000,2.40000,0.00000,0.00000
4770,173.90339,0.03424,Yakından incele · fire2,False,False,-3.75000,1.97000,-13.05000,2.40000,0.00000,0.00000
4771,173.93655,0.03317,Yakından incele · fire2,False,False,-3.75000,1.97000,-13.05000,2.40000,0.00000,0.00000
4772,173.96944,0.03289,Yakından incele · fire2,False,False,-3.75000,1.97000,-13.05000,2.40000,0.00000,0.00000
4773,174.00285,0.03341,Yakından incele · fire2,False,False,-3.75000,1.97000,-13.05000,2.40000,0.00000,0.00000
4774,174.03603,0.03318,Yakından incele · fire2,False,False,-3.75000,1.97000,-13.05000,2.40000,0.00000,0.00000
4775,174.06932,0.03329,Yakından incele · fire2,False,False,-3.75000,1.97000,-13.05000,2.40000,0.00000,0.00000
4776,174.10311,0.03379,Yakından incele · fire2,False,False,-3.75000,1.97000,-13.05000,2.40000,0.00000,0.00000
4777,174.13752,0.03440,Yakından incele · fire2,False,False,-3.75000,1.97000,-13.05000,2.40000,0.00000,0.00000
4778,174.17038,0.03286,Yakından incele · fire2,False,False,-3.75000,1.97000,-13.05000,2.40000,0.00000,0.00000
4779,174.20190,0.03152,Yakından incele · fire2,False,False,-3.75000,1.97000,-13.05000,2.40000,0.00000,0.00000
4780,174.23618,0.03428,Yakından incele · fire2,False,False,-3.75000,1.97000,-13.05000,2.40000,0.00000,0.00000
4781,174.27037,0.03419,Yakından incele · fire2,False,False,-3.75000,1.97000,-13.05000,2.40000,0.00000,0.00000
4782,174.30338,0.03301,Yakından incele · fire2,False,False,-3.75000,1.97000,-13.05000,2.40000,0.00000,0.00000
4783,174.33752,0.03414,Yakından incele · fire2,False,False,-3.75000,1.97000,-13.05000,2.40000,0.00000,0.00000
4784,174.37098,0.03346,Yakından incele · fire2,False,False,-3.75000,1.97000,-13.05000,2.40000,0.00000,0.00000
4785,174.40353,0.03255,Yakından incele · fire2,False,False,-3.75000,1.97000,-13.05000,2.40000,0.00000,0.00000
4786,174.43703,0.03350,Yakından incele · fire2,False,False,-3.75000,1.97000,-13.05000,2.40000,0.00000,0.00000
4787,174.47022,0.03319,Yakından incele · fire2,False,False,-3.75000,1.97000,-13.05000,2.40000,0.00000,0.00000
4788,174.50293,0.03271,Yakından incele · fire2,False,False,-3.75000,1.97000,-13.05000,2.40000,0.00000,0.00000
4789,174.53604,0.03311,Yakından incele · fire2,False,False,-3.75000,1.97000,-13.05000,2.40000,0.00000,0.00000
4790,174.56973,0.03369,Yakından incele · fire2,False,False,-3.75000,1.97000,-13.05000,2.40000,0.00000,0.00000
4791,174.60310,0.03337,Yakından incele · fire2,False,False,-3.75000,1.97000,-13.05000,2.40000,0.00000,0.00000
4792,174.63696,0.03386,Yakından incele · fire2,False,False,-3.75000,1.97000,-13.05000,2.40000,0.00000,0.00000
4793,174.66980,0.03284,Yakından incele · fire2,False,False,-3.75000,1.97000,-13.05000,2.40000,0.00000,0.00000
4794,174.70346,0.03366,Yakından incele · fire2,False,False,-3.75000,1.97000,-13.05000,2.40000,0.00000,0.00000
4795,174.73709,0.03363,Yakından incele · fire2,False,False,-3.75000,1.97000,-13.05000,2.40000,0.00000,0.00000
4796,174.77055,0.03345,Yakından incele · fire2,False,False,-3.75000,1.97000,-13.05000,2.40000,0.00000,0.00000
4797,174.80267,0.03213,Yakından incele · fire2,False,False,-3.75000,1.97000,-13.05000,2.40000,0.00000,0.00000
4798,174.83697,0.03430,Yakından incele · fire2,False,False,-3.75000,1.97000,-13.05000,2.40000,0.00000,0.00000
4799,174.87091,0.03394,Yakından incele · fire2,False,False,-3.75000,1.97000,-13.05000,2.40000,0.00000,0.00000
4800,174.90479,0.03388,Yakından incele · fire2,False,False,-3.75000,1.97000,-13.05000,2.40000,0.00000,0.00000
4801,174.93832,0.03353,Yakından incele · fire2,False,False,-3.75000,1.97000,-13.05000,2.40000,0.00000,0.00000
4802,174.97032,0.03200,Yakından incele · fire2,False,False,-3.75000,1.97000,-13.05000,2.40000,0.00000,0.00000
4803,175.00336,0.03304,Yakından incele · fire2,False,False,-3.75000,1.97000,-13.05000,2.40000,0.00000,0.00000
4804,175.03670,0.03334,Yakından incele · fire2,False,False,-3.75000,1.97000,-13.05000,2.40000,0.00000,0.00000
4805,175.07074,0.03404,Yakından incele · fire2,False,False,-3.75000,1.97000,-13.05000,2.40000,0.00000,0.00000
4806,175.10372,0.03298,Yakından incele · fire2,False,False,-3.75000,1.97000,-13.05000,2.40000,0.00000,0.00000
4807,175.13711,0.03339,Yakından incele · fire2,False,False,-3.75000,1.97000,-13.05000,2.40000,0.00000,0.00000
4808,175.17002,0.03291,Yakından incele · fire2,False,False,-3.75000,1.97000,-13.05000,2.40000,0.00000,0.00000
4809,175.20467,0.03464,Yakından incele · fire2,False,False,-3.75000,1.97000,-13.05000,2.40000,0.00000,0.00000
4810,175.23755,0.03288,Yakından incele · fire2,False,False,-3.75000,1.97000,-13.05000,2.40000,0.00000,0.00000
4811,175.26982,0.03227,Yakından incele · fire2,False,False,-3.75000,1.97000,-13.05000,2.40000,0.00000,0.00000
4812,175.30334,0.03352,Yakından incele · fire2,False,False,-3.75000,1.97000,-13.05000,2.40000,0.00000,0.00000
4813,175.33672,0.03338,Yakından incele · fire2,False,False,-3.75000,1.97000,-13.05000,2.40000,0.00000,0.00000
4814,175.36986,0.03315,Yakından incele · fire2,False,False,-3.75000,1.97000,-13.05000,2.40000,0.00000,0.00000
4815,175.40268,0.03282,Yakından incele · fire2,False,False,-3.75000,1.97000,-13.05000,2.40000,0.00000,0.00000
4816,175.43544,0.03277,Yakından incele · fire2,False,False,-3.75000,1.97000,-13.05000,2.40000,0.00000,0.00000
4817,175.48078,0.04533,Yakından incele · fire2,False,False,-3.75000,1.97000,-13.05000,2.40000,0.00000,0.00000
4818,175.51451,0.03373,Yakından incele · fire2,False,False,-3.75000,1.97000,-13.05000,2.40000,0.00000,0.00000
4819,175.53589,0.02138,Yakından incele · fire2,False,False,-3.75000,1.97000,-13.05000,2.40000,0.00000,0.00000
4820,175.57009,0.03421,Yakından incele · fire2,False,False,-3.75000,1.97000,-13.05000,2.40000,0.00000,0.00000
4821,175.60504,0.03495,Yakından incele · fire2,False,False,-3.75000,1.97000,-13.05000,2.40000,0.00000,0.00000
4822,175.63803,0.03299,Yakından incele · fire2,False,False,-3.75000,1.97000,-13.05000,2.40000,0.00000,0.00000
4823,175.66954,0.03151,Yakından incele · fire2,False,False,-3.75000,1.97000,-13.05000,2.40000,0.00000,0.00000
4824,175.70307,0.03353,Yakından incele · fire2,False,False,-3.75000,1.97000,-13.05000,2.40000,0.00000,0.00000
4825,175.73666,0.03359,Yakından incele · fire2,False,False,-3.75000,1.97000,-13.05000,2.40000,0.00000,0.00000
4826,175.76982,0.03316,Yakından incele · fire2,False,False,-3.75000,1.97000,-13.05000,2.40000,0.00000,0.00000
4827,175.80334,0.03352,Yakından incele · fire2,False,False,-3.75000,1.97000,-13.05000,2.40000,0.00000,0.00000
4828,175.83651,0.03317,Yakından incele · fire2,False,False,-3.75000,1.97000,-13.05000,2.40000,0.00000,0.00000
4829,175.86961,0.03310,Yakından incele · fire2,False,False,-3.75000,1.97000,-13.05000,2.40000,0.00000,0.00000
4830,175.90265,0.03303,Yakından incele · fire2,False,False,-3.75000,1.97000,-13.05000,2.40000,0.00000,0.00000
4831,175.93556,0.03291,Yakından incele · fire2,False,False,-3.75000,1.97000,-13.05000,2.40000,0.00000,0.00000
4832,175.96978,0.03422,Yakından incele · fire2,False,False,-3.75000,1.97000,-13.05000,2.40000,0.00000,0.00000
4833,176.00371,0.03393,Yakından incele · fire2,False,False,-3.75000,1.97000,-13.05000,2.40000,0.00000,0.00000
4834,176.03640,0.03269,Yakından incele · fire2,False,False,-3.75000,1.97000,-13.05000,2.40000,0.00000,0.00000
4835,176.06989,0.03349,Yakından incele · fire2,False,False,-3.75000,1.97000,-13.05000,2.40000,0.00000,0.00000
4836,176.10239,0.03250,Yakından incele · fire2,False,False,-3.75000,1.97000,-13.05000,2.40000,0.00000,0.00000
4837,176.13572,0.03333,Yakından incele · fire2,False,False,-3.75000,1.97000,-13.05000,2.40000,0.00000,0.00000
4838,176.16878,0.03306,Yakından incele · fire2,False,False,-3.75000,1.97000,-13.05000,2.40000,0.00000,0.00000
4839,176.20281,0.03403,Yakından incele · fire2,False,False,-3.75000,1.97000,-13.05000,2.40000,0.00000,0.00000
4840,176.23657,0.03375,Yakından incele · fire2,False,False,-3.75000,1.97000,-13.05000,2.40000,0.00000,0.00000
4841,176.27008,0.03351,Yakından incele · fire2,False,False,-3.75000,1.97000,-13.05000,2.40000,0.00000,0.00000
4842,176.30349,0.03341,Yakından incele · fire2,False,False,-3.75000,1.97000,-13.05000,2.40000,0.00000,0.00000
4843,176.33646,0.03297,Yakından incele · fire2,False,False,-3.75000,1.97000,-13.05000,2.40000,0.00000,0.00000
4844,176.37002,0.03356,Yakından incele · fire2,False,False,-3.75000,1.97000,-13.05000,2.40000,0.00000,0.00000
4845,176.40381,0.03378,Yakından incele · fire2,False,False,-3.75000,1.97000,-13.05000,2.40000,0.00000,0.00000
4846,176.43695,0.03314,Yakından incele · fire2,False,False,-3.75000,1.97000,-13.05000,2.40000,0.00000,0.00000
4847,176.46932,0.03237,Yakından incele · fire2,False,False,-3.75000,1.97000,-13.05000,2.40000,0.00000,0.00000
4848,176.50305,0.03373,Yakından incele · fire2,False,False,-3.75000,1.97000,-13.05000,2.40000,0.00000,0.00000
4849,176.53674,0.03369,Yakından incele · fire2,False,False,-3.75000,1.97000,-13.05000,2.40000,0.00000,0.00000
4850,176.57051,0.03376,Yakından incele · fire2,False,False,-3.75000,1.97000,-13.05000,2.40000,0.00000,0.00000
4851,176.60397,0.03347,Yakından incele · fire2,False,False,-3.75000,1.97000,-13.05000,2.40000,0.00000,0.00000
4852,176.63703,0.03305,Yakından incele · fire2,False,False,-3.75000,1.97000,-13.05000,2.40000,0.00000,0.00000
4853,176.67007,0.03305,Yakından incele · fire2,False,False,-3.75000,1.97000,-13.05000,2.40000,0.00000,0.00000
4854,176.70324,0.03317,Yakından incele · fire2,False,False,-3.75000,1.97000,-13.05000,2.40000,0.00000,0.00000
4855,176.73699,0.03374,Yakından incele · fire2,False,False,-3.75000,1.97000,-13.05000,2.40000,0.00000,0.00000
4856,176.76964,0.03265,Yakından incele · fire2,False,False,-3.75000,1.97000,-13.05000,2.40000,0.00000,0.00000
4857,176.80347,0.03382,Yakından incele · fire2,False,False,-3.75000,1.97000,-13.05000,2.40000,0.00000,0.00000
4858,176.83609,0.03262,Yakından incele · fire2,False,False,-3.75000,1.97000,-13.05000,2.40000,0.00000,0.00000
4859,176.86957,0.03348,Yakından incele · fire2,False,False,-3.75000,1.97000,-13.05000,2.40000,0.00000,0.00000
4860,176.90347,0.03390,Yakından incele · fire2,False,False,-3.75000,1.97000,-13.05000,2.40000,0.00000,0.00000
4861,176.93657,0.03310,Yakından incele · fire2,False,False,-3.75000,1.97000,-13.05000,2.40000,0.00000,0.00000
4862,176.96968,0.03311,Yakından incele · fire2,False,False,-3.75000,1.97000,-13.05000,2.40000,0.00000,0.00000
4863,177.01535,0.04567,Yakından incele · fire2,False,False,-3.75000,1.97000,-13.05000,2.40000,0.00000,0.00000
4864,177.04889,0.03354,Yakından incele · fire2,False,False,-3.75000,1.97000,-13.05000,2.40000,0.00000,0.00000
4865,177.08164,0.03275,Yakından incele · fire2,False,False,-3.75000,1.97000,-13.05000,2.40000,0.00000,0.00000
4866,177.11486,0.03322,Yakından incele · fire2,False,False,-3.75000,1.97000,-13.05000,2.40000,0.00000,0.00000
4867,177.14954,0.03468,Yakından incele · fire2,False,False,-3.75000,1.97000,-13.05000,2.40000,0.00000,0.00000
4868,177.18272,0.03318,Yakından incele · fire2,False,False,-3.75000,1.97000,-13.05000,2.40000,0.00000,0.00000
4869,177.21631,0.03359,Yakından incele · fire2,False,False,-3.75000,1.97000,-13.05000,2.40000,0.00000,0.00000
4870,177.24980,0.03349,Yakından incele · fire2,False,False,-3.75000,1.97000,-13.05000,2.40000,0.00000,0.00000
4871,177.28308,0.03328,Yakından incele · fire2,False,False,-3.75000,1.97000,-13.05000,2.40000,0.00000,0.00000
4872,177.31495,0.03187,Yakından incele · fire2,False,False,-3.75000,1.97000,-13.05000,2.40000,0.00000,0.00000
4873,177.34816,0.03321,Yakından incele · fire2,False,False,-3.75000,1.97000,-13.05000,2.40000,0.00000,0.00000
4874,177.38261,0.03445,Yakından incele · fire2,False,False,-3.75000,1.97000,-13.05000,2.40000,0.00000,0.00000
4875,177.41623,0.03362,Yakından incele · fire2,False,False,-3.75000,1.97000,-13.05000,2.40000,0.00000,0.00000
4876,177.44882,0.03259,Yakından incele · fire2,False,False,-3.75000,1.97000,-13.05000,2.40000,0.00000,0.00000
4877,177.48183,0.03301,Yakından incele · fire2,False,False,-3.75000,1.97000,-13.05000,2.40000,0.00000,0.00000
4878,177.51627,0.03444,Yakından incele · fire2,False,False,-3.75000,1.97000,-13.05000,2.40000,0.00000,0.00000
4879,177.54932,0.03305,Yakından incele · fire2,False,False,-3.75000,1.97000,-13.05000,2.40000,0.00000,0.00000
4880,177.58137,0.03206,Yakından incele · fire2,False,False,-3.75000,1.97000,-13.05000,2.40000,0.00000,0.00000
4881,177.61438,0.03301,Yakından incele · fire2,False,False,-3.75000,1.97000,-13.05000,2.40000,0.00000,0.00000
4882,177.64889,0.03451,Yakından incele · fire2,False,False,-3.75000,1.97000,-13.05000,2.40000,0.00000,0.00000
4883,177.68207,0.03317,Yakından incele · fire2,False,False,-3.75000,1.97000,-13.05000,2.40000,0.00000,0.00000
4884,177.71584,0.03377,Yakından incele · fire2,False,False,-3.75000,1.97000,-13.05000,2.40000,0.00000,0.00000
4885,177.74959,0.03375,Yakından incele · fire2,False,False,-3.75000,1.97000,-13.05000,2.40000,0.00000,0.00000
4886,177.78246,0.03287,Yakından incele · fire2,False,False,-3.75000,1.97000,-13.05000,2.40000,0.00000,0.00000
4887,177.81577,0.03331,Yakından incele · fire2,False,False,-3.75000,1.97000,-13.05000,2.40000,0.00000,0.00000
4888,177.84901,0.03324,Yakından incele · fire2,False,False,-3.75000,1.97000,-13.05000,2.40000,0.00000,0.00000
4889,177.88177,0.03276,Yakından incele · fire2,False,False,-3.75000,1.97000,-13.05000,2.40000,0.00000,0.00000
4890,177.91496,0.03319,Yakından incele · fire2,False,False,-3.75000,1.97000,-13.05000,2.40000,0.00000,0.00000
4891,177.94941,0.03445,Yakından incele · fire2,False,False,-3.75000,1.97000,-13.05000,2.40000,0.00000,0.00000
4892,177.98393,0.03452,Yakından incele · fire2,False,False,-3.75000,1.97000,-13.05000,2.40000,0.00000,0.00000
4893,178.01582,0.03188,Yakından incele · fire2,False,False,-3.75000,1.97000,-13.05000,2.40000,0.00000,0.00000
4894,178.04918,0.03336,Yakından incele · fire2,False,False,-3.75000,1.97000,-13.05000,2.40000,0.00000,0.00000
4895,178.08182,0.03264,Yakından incele · fire2,False,False,-3.75000,1.97000,-13.05000,2.40000,0.00000,0.00000
4896,178.11553,0.03371,Yakından incele · fire2,False,False,-3.75000,1.97000,-13.05000,2.40000,0.00000,0.00000
4897,178.14846,0.03292,Yakından incele · fire2,False,False,-3.75000,1.97000,-13.05000,2.40000,0.00000,0.00000
4898,178.18192,0.03346,Yakından incele · fire2,False,False,-3.75000,1.97000,-13.05000,2.40000,0.00000,0.00000
4899,178.21622,0.03431,Yakından incele · fire2,False,False,-3.75000,1.97000,-13.05000,2.40000,0.00000,0.00000
4900,178.24960,0.03338,Yakından incele · fire2,False,False,-3.75000,1.97000,-13.05000,2.40000,0.00000,0.00000
4901,178.28274,0.03314,Yakından incele · fire2,False,False,-3.75000,1.97000,-13.05000,2.40000,0.00000,0.00000
4902,178.31621,0.03347,Yakından incele · fire2,False,False,-3.75000,1.97000,-13.05000,2.40000,0.00000,0.00000
4903,178.34948,0.03327,Yakından incele · fire2,False,False,-3.75000,1.97000,-13.05000,2.40000,0.00000,0.00000
4904,178.38254,0.03305,Yakından incele · fire2,False,False,-3.75000,1.97000,-13.05000,2.40000,0.00000,0.00000
4905,178.41550,0.03296,Yakından incele · fire2,False,False,-3.75000,1.97000,-13.05000,2.40000,0.00000,0.00000
4906,178.44963,0.03413,Yakından incele · fire2,False,False,-3.75000,1.97000,-13.05000,2.40000,0.00000,0.00000
4907,178.48426,0.03463,Yakından incele · fire2,False,False,-3.75000,1.97000,-13.05000,2.40000,0.00000,0.00000
4908,178.51642,0.03216,Yakından incele · fire2,False,False,-3.75000,1.97000,-13.05000,2.40000,0.00000,0.00000
4909,178.55187,0.03545,Yakından incele · fire2,False,False,-3.75000,1.97000,-13.05000,2.40000,0.00000,0.00000
4910,178.58500,0.03313,Yakından incele · fire2,False,False,-3.75000,1.97000,-13.05000,2.40000,0.00000,0.00000
4911,178.61612,0.03112,Yakından incele · fire2,False,False,-3.75000,1.97000,-13.05000,2.40000,0.00000,0.00000
4912,178.65039,0.03427,Yakından incele · fire2,False,False,-3.75000,1.97000,-13.05000,2.40000,0.00000,0.00000
4913,178.68331,0.03292,Yakından incele · fire2,False,False,-3.75000,1.97000,-13.05000,2.40000,0.00000,0.00000
4914,178.71706,0.03375,Yakından incele · fire2,False,False,-3.75000,1.97000,-13.05000,2.40000,0.00000,0.00000
4915,178.75075,0.03369,Yakından incele · fire2,False,False,-3.75000,1.97000,-13.05000,2.40000,0.00000,0.00000
4916,178.78454,0.03380,Yakından incele · fire2,False,False,-3.75000,1.97000,-13.05000,2.40000,0.00000,0.00000
4917,178.81783,0.03329,Yakından incele · fire2,False,False,-3.75000,1.97000,-13.05000,2.40000,0.00000,0.00000
4918,178.85045,0.03262,Yakından incele · fire2,False,False,-3.75000,1.97000,-13.05000,2.40000,0.00000,0.00000
4919,178.88287,0.03241,Yakından incele · fire2,False,False,-3.75000,1.97000,-13.05000,2.40000,0.00000,0.00000
4920,178.91651,0.03365,Yakından incele · fire2,False,False,-3.75000,1.97000,-13.05000,2.40000,0.00000,0.00000
4921,178.95068,0.03417,Yakından incele · fire2,False,False,-3.75000,1.97000,-13.05000,2.40000,0.00000,0.00000
4922,178.98467,0.03399,Yakından incele · fire2,False,False,-3.75000,1.97000,-13.05000,2.40000,0.00000,0.00000
4923,179.01757,0.03290,Yakından incele · fire2,False,False,-3.75000,1.97000,-13.05000,2.40000,0.00000,0.00000
4924,179.05021,0.03264,Yakından incele · fire2,False,False,-3.75000,1.97000,-13.05000,2.40000,0.00000,0.00000
4925,179.08546,0.03524,Yakından incele · fire2,False,False,-3.75000,1.97000,-13.05000,2.40000,0.00000,0.00000
4926,179.12289,0.03743,Yakından incele · fire2,False,False,-3.75000,1.97000,-13.05000,2.40000,0.00000,0.00000
4927,179.15600,0.03312,Yakından incele · fire2,False,False,-3.75000,1.97000,-13.05000,2.40000,0.00000,0.00000
4928,179.18915,0.03315,Yakından incele · fire2,False,False,-3.75000,1.97000,-13.05000,2.40000,0.00000,0.00000
4929,179.22280,0.03364,Yakından incele · fire2,False,False,-3.75000,1.97000,-13.05000,2.40000,0.00000,0.00000
4930,179.26956,0.04676,Yakından incele · fire2,False,False,-3.75000,1.97000,-13.05000,2.40000,0.00000,0.00000
4931,179.29799,0.02843,Yakından incele · fire2,False,False,-3.75000,1.97000,-13.05000,2.40000,0.00000,0.00000
4932,179.31589,0.01790,Yakından incele · fire2,False,False,-3.75000,1.97000,-13.05000,2.40000,0.00000,0.00000
4933,179.34858,0.03269,Yakından incele · fire2,False,False,-3.75000,1.97000,-13.05000,2.40000,0.00000,0.00000
4934,179.38299,0.03441,Yakından incele · fire2,False,False,-3.75000,1.97000,-13.05000,2.40000,0.00000,0.00000
4935,179.41661,0.03362,Yakından incele · fire2,False,False,-3.75000,1.97000,-13.05000,2.40000,0.00000,0.00000
4936,179.44858,0.03197,Yakından incele · fire2,False,False,-3.75000,1.97000,-13.05000,2.40000,0.00000,0.00000
4937,179.48124,0.03266,Yakından incele · fire2,False,False,-3.75000,1.97000,-13.05000,2.40000,0.00000,0.00000
4938,179.51529,0.03405,Yakından incele · fire2,False,False,-3.75000,1.97000,-13.05000,2.40000,0.00000,0.00000
4939,179.55003,0.03474,Yakından incele · fire2,False,False,-3.75000,1.97000,-13.05000,2.40000,0.00000,0.00000
4940,179.58339,0.03336,Yakından incele · fire2,False,False,-3.75000,1.97000,-13.05000,2.40000,0.00000,0.00000
4941,179.61553,0.03214,Yakından incele · fire2,False,False,-3.75000,1.97000,-13.05000,2.40000,0.00000,0.00000
4942,179.64820,0.03267,Yakından incele · fire2,False,False,-3.75000,1.97000,-13.05000,2.40000,0.00000,0.00000
4943,179.68254,0.03434,Yakından incele · fire2,False,False,-3.75000,1.97000,-13.05000,2.40000,0.00000,0.00000
4944,179.71619,0.03365,Yakından incele · fire2,False,False,-3.75000,1.97000,-13.05000,2.40000,0.00000,0.00000
4945,179.74930,0.03312,Yakından incele · fire2,False,False,-3.75000,1.97000,-13.05000,2.40000,0.00000,0.00000
4946,179.78204,0.03274,Yakından incele · fire2,False,False,-3.75000,1.97000,-13.05000,2.40000,0.00000,0.00000
4947,179.81508,0.03304,Yakından incele · fire2,False,False,-3.75000,1.97000,-13.05000,2.40000,0.00000,0.00000
4948,179.84947,0.03439,Yakından incele · fire2,False,False,-3.75000,1.97000,-13.05000,2.40000,0.00000,0.00000
4949,179.88279,0.03331,Yakından incele · fire2,False,False,-3.75000,1.97000,-13.05000,2.40000,0.00000,0.00000
4950,179.91586,0.03307,Yakından incele · fire2,False,False,-3.75000,1.97000,-13.05000,2.40000,0.00000,0.00000
4951,179.94823,0.03237,Yakından incele · fire2,False,False,-3.75000,1.97000,-13.05000,2.40000,0.00000,0.00000
4952,179.98126,0.03303,Yakından incele · fire2,False,False,-3.75000,1.97000,-13.05000,2.40000,0.00000,0.00000
4953,180.01530,0.03404,Yakından incele · fire2,False,False,-3.75000,1.97000,-13.05000,2.40000,0.00000,0.00000
4954,180.04873,0.03343,Yakından incele · fire2,False,False,-3.75000,1.97000,-13.05000,2.40000,0.00000,0.00000
4955,180.08340,0.03467,Yakından incele · fire2,False,False,-3.75000,1.97000,-13.05000,2.40000,0.00000,0.00000
4956,180.11614,0.03274,Yakından incele · fire2,False,False,-3.75000,1.97000,-13.05000,2.40000,0.00000,0.00000
4957,180.14810,0.03196,Yakından incele · fire2,False,False,-3.75000,1.97000,-13.05000,2.40000,0.00000,0.00000
4958,180.18212,0.03402,Yakından incele · fire2,False,False,-3.75000,1.97000,-13.05000,2.40000,0.00000,0.00000
4959,180.21544,0.03332,Yakından incele · fire2,False,False,-3.75000,1.97000,-13.05000,2.40000,0.00000,0.00000
4960,180.24898,0.03354,Yakından incele · fire2,False,False,-3.75000,1.97000,-13.05000,2.40000,0.00000,0.00000
4961,180.28300,0.03402,Yakından incele · fire2,False,False,-3.75000,1.97000,-13.05000,2.40000,0.00000,0.00000
4962,180.32842,0.04542,Yakından incele · fire2,False,False,-3.75000,1.97000,-13.05000,2.40000,0.00000,0.00000
4963,180.36205,0.03364,Yakından incele · fire2,False,False,-3.75000,1.97000,-13.05000,2.40000,0.00000,0.00000
4964,180.39523,0.03318,Yakından incele · fire2,False,False,-3.75000,1.97000,-13.05000,2.40000,0.00000,0.00000
4965,180.42836,0.03312,Yakından incele · fire2,False,False,-3.75000,1.97000,-13.05000,2.40000,0.00000,0.00000
4966,180.46178,0.03343,Yakından incele · fire2,False,False,-3.75000,1.97000,-13.05000,2.40000,0.00000,0.00000
4967,180.49560,0.03382,Yakından incele · fire2,False,False,-3.75000,1.97000,-13.05000,2.40000,0.00000,0.00000
4968,180.52894,0.03334,Yakından incele · fire2,False,False,-3.75000,1.97000,-13.05000,2.40000,0.00000,0.00000
4969,180.56199,0.03305,Yakından incele · fire2,False,False,-3.75000,1.97000,-13.05000,2.40000,0.00000,0.00000
4970,180.59537,0.03338,Yakından incele · fire2,False,False,-3.75000,1.97000,-13.05000,2.40000,0.00000,0.00000
4971,180.62914,0.03377,Yakından incele · fire2,False,False,-3.75000,1.97000,-13.05000,2.40000,0.00000,0.00000
4972,180.66217,0.03302,Yakından incele · fire2,False,False,-3.75000,1.97000,-13.05000,2.40000,0.00000,0.00000
4973,180.69494,0.03277,Yakından incele · fire2,False,False,-3.75000,1.97000,-13.05000,2.40000,0.00000,0.00000
4974,180.72872,0.03378,Yakından incele · fire2,False,False,-3.75000,1.97000,-13.05000,2.40000,0.00000,0.00000
4975,180.76158,0.03287,Yakından incele · fire2,False,False,-3.75000,1.97000,-13.05000,2.40000,0.00000,0.00000
4976,180.79457,0.03299,Yakından incele · fire2,False,False,-3.75000,1.97000,-13.05000,2.40000,0.00000,0.00000
4977,180.82777,0.03319,Yakından incele · fire2,False,False,-3.75000,1.97000,-13.05000,2.40000,0.00000,0.00000
4978,180.86154,0.03377,Yakından incele · fire2,False,False,-3.75000,1.97000,-13.05000,2.40000,0.00000,0.00000
4979,180.89446,0.03292,Yakından incele · fire2,False,False,-3.75000,1.97000,-13.05000,2.40000,0.00000,0.00000
4980,180.92798,0.03351,Yakından incele · fire2,False,False,-3.75000,1.97000,-13.05000,2.40000,0.00000,0.00000
4981,180.96190,0.03393,Yakından incele · fire2,False,False,-3.75000,1.97000,-13.05000,2.40000,0.00000,0.00000
4982,180.99546,0.03356,Yakından incele · fire2,False,False,-3.75000,1.97000,-13.05000,2.40000,0.00000,0.00000
4983,181.02867,0.03320,Yakından incele · fire2,False,False,-3.75000,1.97000,-13.05000,2.40000,0.00000,0.00000
4984,181.06223,0.03356,Yakından incele · fire2,False,False,-3.75000,1.97000,-13.05000,2.40000,0.00000,0.00000
4985,181.09506,0.03283,Yakından incele · fire2,False,False,-3.75000,1.97000,-13.05000,2.40000,0.00000,0.00000
4986,181.12848,0.03342,Yakından incele · fire2,False,False,-3.75000,1.97000,-13.05000,2.40000,0.00000,0.00000
4987,181.16168,0.03320,Yakından incele · fire2,False,False,-3.75000,1.97000,-13.05000,2.40000,0.00000,0.00000
4988,181.20333,0.04165,Yakından incele · fire2,False,False,-3.75000,1.97000,-13.05000,2.40000,0.00000,0.00000
4989,181.23455,0.03121,Yakından incele · fire2,False,False,-3.75000,1.97000,-13.05000,2.40000,0.00000,0.00000
4990,181.26030,0.02576,Yakından incele · fire2,False,False,-3.75000,1.97000,-13.05000,2.40000,0.00000,0.00000
4991,181.29472,0.03442,Yakından incele · fire2,False,False,-3.75000,1.97000,-13.05000,2.40000,0.00000,0.00000
4992,181.32837,0.03364,Yakından incele · fire2,False,False,-3.75000,1.97000,-13.05000,2.40000,0.00000,0.00000
4993,181.36130,0.03294,Yakından incele · fire2,False,False,-3.75000,1.97000,-13.05000,2.40000,0.00000,0.00000
4994,181.39506,0.03376,Yakından incele · fire2,False,False,-3.75000,1.97000,-13.05000,2.40000,0.00000,0.00000
4995,181.42774,0.03268,Yakından incele · fire2,False,False,-3.75000,1.97000,-13.05000,2.40000,0.00000,0.00000
4996,181.46223,0.03449,Yakından incele · fire2,False,False,-3.75000,1.97000,-13.05000,2.40000,0.00000,0.00000
4997,181.49450,0.03227,Yakından incele · fire3,True,False,-3.75400,1.97000,-13.05615,2.40000,0.00734,0.00000
4998,181.52444,0.02994,Yakından incele · fire3,True,False,-3.76432,1.97000,-13.07202,2.40000,0.01893,0.00000
4999,181.55635,0.03191,Yakından incele · fire3,True,False,-3.78099,1.97000,-13.09767,2.40000,0.03059,0.00000
5000,181.59069,0.03433,Yakından incele · fire3,True,False,-3.80499,1.97000,-13.13460,2.40000,0.04404,0.00000
5001,181.62437,0.03369,Yakından incele · fire3,True,False,-3.83549,1.97000,-13.18152,2.40000,0.05597,0.00000
5002,181.65651,0.03214,Yakından incele · fire3,True,False,-3.87024,1.97000,-13.23498,2.40000,0.06376,0.00000
5003,181.68969,0.03318,Yakından incele · fire3,True,False,-3.90955,1.97000,-13.29546,2.40000,0.07214,0.00000
5004,181.72322,0.03354,Yakından incele · fire3,True,False,-3.95507,1.97000,-13.36549,2.40000,0.08352,0.00000
5005,181.75649,0.03327,Yakından incele · fire3,True,False,-4.00246,1.97000,-13.43840,2.40000,0.08696,0.00000
5006,181.78972,0.03322,Yakından incele · fire3,True,False,-4.05506,1.97000,-13.51933,2.40000,0.09652,0.00000
5007,181.82204,0.03233,Yakından incele · fire3,True,False,-4.10875,1.97000,-13.60192,2.40000,0.09851,0.00000
5008,181.85566,0.03361,Yakından incele · fire3,True,False,-4.16533,1.97000,-13.68897,2.40000,0.10382,0.00000
5009,181.88992,0.03426,Yakından incele · fire3,True,False,-4.22544,1.97000,-13.78144,2.40000,0.11029,0.00000
5010,181.92242,0.03250,Yakından incele · fire3,True,False,-4.28655,1.97000,-13.87546,2.40000,0.11214,0.00000
5011,181.95540,0.03298,Yakından incele · fire3,True,False,-4.34577,1.97000,-13.96657,2.40000,0.10865,0.00000
5012,181.98886,0.03346,Yakından incele · fire3,True,False,-4.40933,1.97000,-14.06435,2.40000,0.11663,0.00000
5013,182.02154,0.03268,Yakından incele · fire3,True,False,-4.46944,1.97000,-14.15683,2.40000,0.11029,0.00000
5014,182.05529,0.03374,Yakından incele · fire3,True,False,-4.53120,1.97000,-14.25184,2.40000,0.11331,0.00000
5015,182.08977,0.03448,Yakından incele · fire3,True,False,-4.59166,1.97000,-14.34486,2.40000,0.11095,0.00000
5016,182.12334,0.03358,Yakından incele · fire3,True,False,-4.65193,1.97000,-14.43758,2.40000,0.11059,0.00000
5017,182.15514,0.03179,Yakından incele · fire3,True,False,-4.70690,1.97000,-14.52216,2.40000,0.10087,0.00000
5018,182.18874,0.03360,Yakından incele · fire3,True,False,-4.75995,1.97000,-14.60377,2.40000,0.09734,0.00000
5019,182.22297,0.03423,Yakından incele · fire3,True,False,-4.81217,1.97000,-14.68410,2.40000,0.09581,0.00000
5020,182.25585,0.03288,Yakından incele · fire3,True,False,-4.85978,1.97000,-14.75735,2.40000,0.08737,0.00000
5021,182.28900,0.03315,Yakından incele · fire3,True,False,-4.90187,1.97000,-14.82211,2.40000,0.07723,0.00000
5022,182.32276,0.03376,Yakından incele · fire3,True,False,-4.94140,1.97000,-14.88292,2.40000,0.07253,0.00000
5023,182.35625,0.03349,Yakından incele · fire3,True,False,-4.97471,1.97000,-14.93417,2.40000,0.06113,0.00000
5024,182.38885,0.03260,Yakından incele · fire3,True,False,-5.00303,1.97000,-14.97775,2.40000,0.05197,0.00000
5025,182.42080,0.03194,Yakından incele · fire3,True,False,-5.02438,1.97000,-15.01059,2.40000,0.03917,0.00000
5026,182.45529,0.03449,Yakından incele · fire3,True,False,-5.03980,1.97000,-15.03430,2.40000,0.02828,0.00000
5027,182.48956,0.03427,Yakından incele · fire3,True,False,-5.04864,1.97000,-15.04791,2.40000,0.01623,0.00000
5028,182.52232,0.03276,Yakından incele · fire3,False,False,-5.05000,1.97000,-15.05000,2.40000,0.00249,0.00000
5029,182.55680,0.03448,Yakından incele · fire3,False,False,-5.05000,1.97000,-15.05000,2.40000,0.00000,0.00000
5030,182.59011,0.03331,Yakından incele · fire3,False,False,-5.05000,1.97000,-15.05000,2.40000,0.00000,0.00000
5031,182.62219,0.03209,Yakından incele · fire3,False,False,-5.05000,1.97000,-15.05000,2.40000,0.00000,0.00000
5032,182.65602,0.03383,Yakından incele · fire3,False,False,-5.05000,1.97000,-15.05000,2.40000,0.00000,0.00000
5033,182.69011,0.03409,Yakından incele · fire3,False,False,-5.05000,1.97000,-15.05000,2.40000,0.00000,0.00000
5034,182.72271,0.03260,Yakından incele · fire3,False,False,-5.05000,1.97000,-15.05000,2.40000,0.00000,0.00000
5035,182.75624,0.03353,Yakından incele · fire3,False,False,-5.05000,1.97000,-15.05000,2.40000,0.00000,0.00000
5036,182.78986,0.03362,Yakından incele · fire3,False,False,-5.05000,1.97000,-15.05000,2.40000,0.00000,0.00000
5037,182.82338,0.03352,Yakından incele · fire3,False,False,-5.05000,1.97000,-15.05000,2.40000,0.00000,0.00000
5038,182.85728,0.03391,Yakından incele · fire3,False,False,-5.05000,1.97000,-15.05000,2.40000,0.00000,0.00000
5039,182.88944,0.03215,Yakından incele · fire3,False,False,-5.05000,1.97000,-15.05000,2.40000,0.00000,0.00000
5040,182.92378,0.03435,Yakından incele · fire3,False,False,-5.05000,1.97000,-15.05000,2.40000,0.00000,0.00000
5041,182.95687,0.03308,Yakından incele · fire3,False,False,-5.05000,1.97000,-15.05000,2.40000,0.00000,0.00000
5042,182.98893,0.03206,Yakından incele · fire3,False,False,-5.05000,1.97000,-15.05000,2.40000,0.00000,0.00000
5043,183.02371,0.03478,Yakından incele · fire3,False,False,-5.05000,1.97000,-15.05000,2.40000,0.00000,0.00000
5044,183.05818,0.03447,Yakından incele · fire3,False,False,-5.05000,1.97000,-15.05000,2.40000,0.00000,0.00000
5045,183.09188,0.03370,Yakından incele · fire3,False,False,-5.05000,1.97000,-15.05000,2.40000,0.00000,0.00000
5046,183.12421,0.03233,Yakından incele · fire3,False,False,-5.05000,1.97000,-15.05000,2.40000,0.00000,0.00000
5047,183.15730,0.03309,Yakından incele · fire3,False,False,-5.05000,1.97000,-15.05000,2.40000,0.00000,0.00000
5048,183.19110,0.03380,Yakından incele · fire3,False,False,-5.05000,1.97000,-15.05000,2.40000,0.00000,0.00000
5049,183.22417,0.03307,Yakından incele · fire3,False,False,-5.05000,1.97000,-15.05000,2.40000,0.00000,0.00000
5050,183.25726,0.03309,Yakından incele · fire3,False,False,-5.05000,1.97000,-15.05000,2.40000,0.00000,0.00000
5051,183.29125,0.03399,Yakından incele · fire3,False,False,-5.05000,1.97000,-15.05000,2.40000,0.00000,0.00000
5052,183.32503,0.03378,Yakından incele · fire3,False,False,-5.05000,1.97000,-15.05000,2.40000,0.00000,0.00000
5053,183.35743,0.03239,Yakından incele · fire3,False,False,-5.05000,1.97000,-15.05000,2.40000,0.00000,0.00000
5054,183.39055,0.03313,Yakından incele · fire3,False,False,-5.05000,1.97000,-15.05000,2.40000,0.00000,0.00000
5055,183.42349,0.03294,Yakından incele · fire3,False,False,-5.05000,1.97000,-15.05000,2.40000,0.00000,0.00000
5056,183.45714,0.03365,Yakından incele · fire3,False,False,-5.05000,1.97000,-15.05000,2.40000,0.00000,0.00000
5057,183.49161,0.03446,Yakından incele · fire3,False,False,-5.05000,1.97000,-15.05000,2.40000,0.00000,0.00000
5058,183.52453,0.03293,Yakından incele · fire3,False,False,-5.05000,1.97000,-15.05000,2.40000,0.00000,0.00000
5059,183.55626,0.03173,Yakından incele · fire3,False,False,-5.05000,1.97000,-15.05000,2.40000,0.00000,0.00000
5060,183.60310,0.04684,Yakından incele · fire3,False,False,-5.05000,1.97000,-15.05000,2.40000,0.00000,0.00000
5061,183.65205,0.04895,Yakından incele · fire3,False,False,-5.05000,1.97000,-15.05000,2.40000,0.00000,0.00000
5062,183.68681,0.03475,Yakından incele · fire3,False,False,-5.05000,1.97000,-15.05000,2.40000,0.00000,0.00000
5063,183.70613,0.01933,Yakından incele · fire3,False,False,-5.05000,1.97000,-15.05000,2.40000,0.00000,0.00000
5064,183.74021,0.03408,Yakından incele · fire3,False,False,-5.05000,1.97000,-15.05000,2.40000,0.00000,0.00000
5065,183.77373,0.03351,Yakından incele · fire3,False,False,-5.05000,1.97000,-15.05000,2.40000,0.00000,0.00000
5066,183.80769,0.03396,Yakından incele · fire3,False,False,-5.05000,1.97000,-15.05000,2.40000,0.00000,0.00000
5067,183.84032,0.03263,Yakından incele · fire3,False,False,-5.05000,1.97000,-15.05000,2.40000,0.00000,0.00000
5068,183.87301,0.03269,Yakından incele · fire3,False,False,-5.05000,1.97000,-15.05000,2.40000,0.00000,0.00000
5069,183.90646,0.03345,Yakından incele · fire3,False,False,-5.05000,1.97000,-15.05000,2.40000,0.00000,0.00000
5070,183.93974,0.03328,Yakından incele · fire3,False,False,-5.05000,1.97000,-15.05000,2.40000,0.00000,0.00000
5071,183.97283,0.03309,Yakından incele · fire3,False,False,-5.05000,1.97000,-15.05000,2.40000,0.00000,0.00000
5072,184.00587,0.03303,Yakından incele · fire3,False,False,-5.05000,1.97000,-15.05000,2.40000,0.00000,0.00000
5073,184.04069,0.03482,Yakından incele · fire3,False,False,-5.05000,1.97000,-15.05000,2.40000,0.00000,0.00000
5074,184.07765,0.03696,Yakından incele · fire3,False,False,-5.05000,1.97000,-15.05000,2.40000,0.00000,0.00000
5075,184.11229,0.03464,Yakından incele · fire3,False,False,-5.05000,1.97000,-15.05000,2.40000,0.00000,0.00000
5076,184.14599,0.03370,Yakından incele · fire3,False,False,-5.05000,1.97000,-15.05000,2.40000,0.00000,0.00000
5077,184.18049,0.03450,Yakından incele · fire3,False,False,-5.05000,1.97000,-15.05000,2.40000,0.00000,0.00000
5078,184.21440,0.03391,Yakından incele · fire3,False,False,-5.05000,1.97000,-15.05000,2.40000,0.00000,0.00000
5079,184.24329,0.02889,Yakından incele · fire3,False,False,-5.05000,1.97000,-15.05000,2.40000,0.00000,0.00000
5080,184.27701,0.03372,Yakından incele · fire3,False,False,-5.05000,1.97000,-15.05000,2.40000,0.00000,0.00000
5081,184.31223,0.03522,Yakından incele · fire3,False,False,-5.05000,1.97000,-15.05000,2.40000,0.00000,0.00000
5082,184.34489,0.03266,Yakından incele · fire3,False,False,-5.05000,1.97000,-15.05000,2.40000,0.00000,0.00000
5083,184.37653,0.03164,Yakından incele · fire3,False,False,-5.05000,1.97000,-15.05000,2.40000,0.00000,0.00000
5084,184.40865,0.03212,Yakından incele · fire3,False,False,-5.05000,1.97000,-15.05000,2.40000,0.00000,0.00000
5085,184.44167,0.03303,Yakından incele · fire3,False,False,-5.05000,1.97000,-15.05000,2.40000,0.00000,0.00000
5086,184.47810,0.03642,Yakından incele · fire3,False,False,-5.05000,1.97000,-15.05000,2.40000,0.00000,0.00000
5087,184.51203,0.03393,Yakından incele · fire3,False,False,-5.05000,1.97000,-15.05000,2.40000,0.00000,0.00000
5088,184.54508,0.03305,Yakından incele · fire3,False,False,-5.05000,1.97000,-15.05000,2.40000,0.00000,0.00000
5089,184.58351,0.03843,Yakından incele · fire3,False,False,-5.05000,1.97000,-15.05000,2.40000,0.00000,0.00000
5090,184.61321,0.02969,Yakından incele · fire3,False,False,-5.05000,1.97000,-15.05000,2.40000,0.00000,0.00000
5091,184.64073,0.02752,Yakından incele · fire3,False,False,-5.05000,1.97000,-15.05000,2.40000,0.00000,0.00000
5092,184.67785,0.03713,Yakından incele · fire3,False,False,-5.05000,1.97000,-15.05000,2.40000,0.00000,0.00000
5093,184.71814,0.04028,Yakından incele · fire3,False,False,-5.05000,1.97000,-15.05000,2.40000,0.00000,0.00000
5094,184.75090,0.03276,Yakından incele · fire3,False,False,-5.05000,1.97000,-15.05000,2.40000,0.00000,0.00000
5095,184.77932,0.02842,Yakından incele · fire3,False,False,-5.05000,1.97000,-15.05000,2.40000,0.00000,0.00000
5096,184.81024,0.03093,Yakından incele · fire3,False,False,-5.05000,1.97000,-15.05000,2.40000,0.00000,0.00000
5097,184.84732,0.03708,Yakından incele · fire3,False,False,-5.05000,1.97000,-15.05000,2.40000,0.00000,0.00000
5098,184.88252,0.03520,Yakından incele · fire3,False,False,-5.05000,1.97000,-15.05000,2.40000,0.00000,0.00000
5099,184.91982,0.03730,Yakından incele · fire3,False,False,-5.05000,1.97000,-15.05000,2.40000,0.00000,0.00000
5100,184.94918,0.02936,Yakından incele · fire3,False,False,-5.05000,1.97000,-15.05000,2.40000,0.00000,0.00000
5101,184.98391,0.03474,Yakından incele · fire3,False,False,-5.05000,1.97000,-15.05000,2.40000,0.00000,0.00000
5102,185.01463,0.03072,Yakından incele · fire3,False,False,-5.05000,1.97000,-15.05000,2.40000,0.00000,0.00000
5103,185.04328,0.02865,Yakından incele · fire3,False,False,-5.05000,1.97000,-15.05000,2.40000,0.00000,0.00000
5104,185.08558,0.04230,Yakından incele · fire3,False,False,-5.05000,1.97000,-15.05000,2.40000,0.00000,0.00000
5105,185.11562,0.03004,Yakından incele · fire3,False,False,-5.05000,1.97000,-15.05000,2.40000,0.00000,0.00000
5106,185.14225,0.02663,Yakından incele · fire3,False,False,-5.05000,1.97000,-15.05000,2.40000,0.00000,0.00000
5107,185.17398,0.03174,Yakından incele · fire3,False,False,-5.05000,1.97000,-15.05000,2.40000,0.00000,0.00000
5108,185.20566,0.03167,Yakından incele · fire3,False,False,-5.05000,1.97000,-15.05000,2.40000,0.00000,0.00000
5109,185.24001,0.03435,Yakından incele · fire3,False,False,-5.05000,1.97000,-15.05000,2.40000,0.00000,0.00000
5110,185.27285,0.03284,Yakından incele · fire3,False,False,-5.05000,1.97000,-15.05000,2.40000,0.00000,0.00000
5111,185.30648,0.03363,Yakından incele · fire3,False,False,-5.05000,1.97000,-15.05000,2.40000,0.00000,0.00000
5112,185.34031,0.03383,Yakından incele · fire3,False,False,-5.05000,1.97000,-15.05000,2.40000,0.00000,0.00000
5113,185.37240,0.03209,Yakından incele · fire3,False,False,-5.05000,1.97000,-15.05000,2.40000,0.00000,0.00000
5114,185.40618,0.03378,Yakından incele · fire3,False,False,-5.05000,1.97000,-15.05000,2.40000,0.00000,0.00000
5115,185.44051,0.03434,Yakından incele · fire3,False,False,-5.05000,1.97000,-15.05000,2.40000,0.00000,0.00000
5116,185.47313,0.03262,Yakından incele · fire3,False,False,-5.05000,1.97000,-15.05000,2.40000,0.00000,0.00000
5117,185.50641,0.03328,Yakından incele · fire3,False,False,-5.05000,1.97000,-15.05000,2.40000,0.00000,0.00000
5118,185.54032,0.03391,Yakından incele · fire3,False,False,-5.05000,1.97000,-15.05000,2.40000,0.00000,0.00000
5119,185.57373,0.03341,Yakından incele · fire3,False,False,-5.05000,1.97000,-15.05000,2.40000,0.00000,0.00000
5120,185.60708,0.03335,Yakından incele · fire3,False,False,-5.05000,1.97000,-15.05000,2.40000,0.00000,0.00000
5121,185.64056,0.03348,Yakından incele · fire3,False,False,-5.05000,1.97000,-15.05000,2.40000,0.00000,0.00000
5122,185.67392,0.03336,Yakından incele · fire3,False,False,-5.05000,1.97000,-15.05000,2.40000,0.00000,0.00000
5123,185.70677,0.03285,Yakından incele · fire3,False,False,-5.05000,1.97000,-15.05000,2.40000,0.00000,0.00000
5124,185.73971,0.03294,Yakından incele · fire3,False,False,-5.05000,1.97000,-15.05000,2.40000,0.00000,0.00000
5125,185.77346,0.03374,Yakından incele · fire3,False,False,-5.05000,1.97000,-15.05000,2.40000,0.00000,0.00000
5126,185.80654,0.03308,Yakından incele · fire3,False,False,-5.05000,1.97000,-15.05000,2.40000,0.00000,0.00000
5127,185.83977,0.03323,Yakından incele · fire3,False,False,-5.05000,1.97000,-15.05000,2.40000,0.00000,0.00000
5128,185.87330,0.03353,Yakından incele · fire3,False,False,-5.05000,1.97000,-15.05000,2.40000,0.00000,0.00000
5129,185.90986,0.03656,Yakından incele · fire3,False,False,-5.05000,1.97000,-15.05000,2.40000,0.00000,0.00000
5130,185.94250,0.03264,Yakından incele · fire3,False,False,-5.05000,1.97000,-15.05000,2.40000,0.00000,0.00000
5131,185.97256,0.03006,Yakından incele · fire3,False,False,-5.05000,1.97000,-15.05000,2.40000,0.00000,0.00000
5132,186.00537,0.03281,Yakından incele · fire3,False,False,-5.05000,1.97000,-15.05000,2.40000,0.00000,0.00000
5133,186.03914,0.03377,Yakından incele · fire3,False,False,-5.05000,1.97000,-15.05000,2.40000,0.00000,0.00000
5134,186.07297,0.03383,Yakından incele · fire3,False,False,-5.05000,1.97000,-15.05000,2.40000,0.00000,0.00000
5135,186.10628,0.03331,Yakından incele · fire3,False,False,-5.05000,1.97000,-15.05000,2.40000,0.00000,0.00000
5136,186.14051,0.03424,Yakından incele · fire3,False,False,-5.05000,1.97000,-15.05000,2.40000,0.00000,0.00000
5137,186.17396,0.03344,Yakından incele · fire3,False,False,-5.05000,1.97000,-15.05000,2.40000,0.00000,0.00000
5138,186.20641,0.03246,Yakından incele · fire3,False,False,-5.05000,1.97000,-15.05000,2.40000,0.00000,0.00000
5139,186.24019,0.03378,Yakından incele · fire3,False,False,-5.05000,1.97000,-15.05000,2.40000,0.00000,0.00000
5140,186.27308,0.03289,Yakından incele · fire3,False,False,-5.05000,1.97000,-15.05000,2.40000,0.00000,0.00000
5141,186.30657,0.03349,Yakından incele · fire3,False,False,-5.05000,1.97000,-15.05000,2.40000,0.00000,0.00000
5142,186.33972,0.03316,Yakından incele · fire3,False,False,-5.05000,1.97000,-15.05000,2.40000,0.00000,0.00000
5143,186.37227,0.03255,Yakından incele · fire3,False,False,-5.05000,1.97000,-15.05000,2.40000,0.00000,0.00000
5144,186.40623,0.03396,Yakından incele · fire3,False,False,-5.05000,1.97000,-15.05000,2.40000,0.00000,0.00000
5145,186.44124,0.03501,Yakından incele · fire3,False,False,-5.05000,1.97000,-15.05000,2.40000,0.00000,0.00000
5146,186.47354,0.03230,Yakından incele · fire3,False,False,-5.05000,1.97000,-15.05000,2.40000,0.00000,0.00000
5147,186.50586,0.03233,Yakından incele · fire3,False,False,-5.05000,1.97000,-15.05000,2.40000,0.00000,0.00000
5148,186.53886,0.03300,Yakından incele · fire3,False,False,-5.05000,1.97000,-15.05000,2.40000,0.00000,0.00000
5149,186.57288,0.03402,Yakından incele · fire3,False,False,-5.05000,1.97000,-15.05000,2.40000,0.00000,0.00000
5150,186.60913,0.03624,Yakından incele · fire3,False,False,-5.05000,1.97000,-15.05000,2.40000,0.00000,0.00000
5151,186.64238,0.03325,Yakından incele · fire3,False,False,-5.05000,1.97000,-15.05000,2.40000,0.00000,0.00000
5152,186.67319,0.03082,Yakından incele · fire3,False,False,-5.05000,1.97000,-15.05000,2.40000,0.00000,0.00000
5153,186.70622,0.03302,Yakından incele · fire3,False,False,-5.05000,1.97000,-15.05000,2.40000,0.00000,0.00000
5154,186.74154,0.03532,Yakından incele · fire3,False,False,-5.05000,1.97000,-15.05000,2.40000,0.00000,0.00000
5155,186.77445,0.03291,Yakından incele · fire3,False,False,-5.05000,1.97000,-15.05000,2.40000,0.00000,0.00000
5156,186.80633,0.03188,Yakından incele · fire3,False,False,-5.05000,1.97000,-15.05000,2.40000,0.00000,0.00000
5157,186.83970,0.03337,Yakından incele · fire3,False,False,-5.05000,1.97000,-15.05000,2.40000,0.00000,0.00000
5158,186.87316,0.03346,Yakından incele · fire3,False,False,-5.05000,1.97000,-15.05000,2.40000,0.00000,0.00000
5159,186.90724,0.03408,Yakından incele · fire3,False,False,-5.05000,1.97000,-15.05000,2.40000,0.00000,0.00000
5160,186.95343,0.04619,Yakından incele · fire3,False,False,-5.05000,1.97000,-15.05000,2.40000,0.00000,0.00000
5161,186.98605,0.03262,Yakından incele · fire3,False,False,-5.05000,1.97000,-15.05000,2.40000,0.00000,0.00000
5162,187.02018,0.03413,Yakından incele · fire3,False,False,-5.05000,1.97000,-15.05000,2.40000,0.00000,0.00000
5163,187.05710,0.03692,Yakından incele · fire3,False,False,-5.05000,1.97000,-15.05000,2.40000,0.00000,0.00000
5164,187.09007,0.03297,Yakından incele · fire3,False,False,-5.05000,1.97000,-15.05000,2.40000,0.00000,0.00000
5165,187.12002,0.02995,Yakından incele · fire3,False,False,-5.05000,1.97000,-15.05000,2.40000,0.00000,0.00000
5166,187.15318,0.03316,Yakından incele · fire3,False,False,-5.05000,1.97000,-15.05000,2.40000,0.00000,0.00000
5167,187.18648,0.03330,Yakından incele · fire3,False,False,-5.05000,1.97000,-15.05000,2.40000,0.00000,0.00000
5168,187.21956,0.03308,Yakından incele · fire3,False,False,-5.05000,1.97000,-15.05000,2.40000,0.00000,0.00000
5169,187.25322,0.03367,Yakından incele · fire3,False,False,-5.05000,1.97000,-15.05000,2.40000,0.00000,0.00000
5170,187.28567,0.03245,Yakından incele · fire3,False,False,-5.05000,1.97000,-15.05000,2.40000,0.00000,0.00000
5171,187.31870,0.03303,Yakından incele · fire3,False,False,-5.05000,1.97000,-15.05000,2.40000,0.00000,0.00000
5172,187.35294,0.03423,Yakından incele · fire3,False,False,-5.05000,1.97000,-15.05000,2.40000,0.00000,0.00000
5173,187.38694,0.03400,Yakından incele · fire3,False,False,-5.05000,1.97000,-15.05000,2.40000,0.00000,0.00000
5174,187.41973,0.03280,Yakından incele · fire3,False,False,-5.05000,1.97000,-15.05000,2.40000,0.00000,0.00000
5175,187.45335,0.03361,Yakından incele · fire3,False,False,-5.05000,1.97000,-15.05000,2.40000,0.00000,0.00000
5176,187.48660,0.03325,Yakından incele · fire3,False,False,-5.05000,1.97000,-15.05000,2.40000,0.00000,0.00000
5177,187.52021,0.03360,Yakından incele · fire3,False,False,-5.05000,1.97000,-15.05000,2.40000,0.00000,0.00000
5178,187.55308,0.03287,Yakından incele · fire3,False,False,-5.05000,1.97000,-15.05000,2.40000,0.00000,0.00000
5179,187.58622,0.03315,Yakından incele · fire3,False,False,-5.05000,1.97000,-15.05000,2.40000,0.00000,0.00000
5180,187.61917,0.03295,Yakından incele · fire3,False,False,-5.05000,1.97000,-15.05000,2.40000,0.00000,0.00000
5181,187.65395,0.03478,Yakından incele · fire3,False,False,-5.05000,1.97000,-15.05000,2.40000,0.00000,0.00000
5182,187.68794,0.03399,Yakından incele · fire3,False,False,-5.05000,1.97000,-15.05000,2.40000,0.00000,0.00000
5183,187.71889,0.03095,Yakından incele · fire3,False,False,-5.05000,1.97000,-15.05000,2.40000,0.00000,0.00000
5184,187.75148,0.03259,Yakından incele · fire3,False,False,-5.05000,1.97000,-15.05000,2.40000,0.00000,0.00000
5185,187.78585,0.03436,Yakından incele · fire3,False,False,-5.05000,1.97000,-15.05000,2.40000,0.00000,0.00000
5186,187.81968,0.03383,Yakından incele · fire3,False,False,-5.05000,1.97000,-15.05000,2.40000,0.00000,0.00000
5187,187.85341,0.03373,Yakından incele · fire3,False,False,-5.05000,1.97000,-15.05000,2.40000,0.00000,0.00000
5188,187.88674,0.03332,Yakından incele · fire3,False,False,-5.05000,1.97000,-15.05000,2.40000,0.00000,0.00000
5189,187.91995,0.03321,Yakından incele · fire3,False,False,-5.05000,1.97000,-15.05000,2.40000,0.00000,0.00000
5190,187.95251,0.03256,Yakından incele · fire3,False,False,-5.05000,1.97000,-15.05000,2.40000,0.00000,0.00000
5191,187.98581,0.03330,Yakından incele · fire3,False,False,-5.05000,1.97000,-15.05000,2.40000,0.00000,0.00000
5192,188.02045,0.03464,Yakından incele · fire3,False,False,-5.05000,1.97000,-15.05000,2.40000,0.00000,0.00000
5193,188.05351,0.03306,Yakından incele · fire3,False,False,-5.05000,1.97000,-15.05000,2.40000,0.00000,0.00000
5194,188.08555,0.03204,Yakından incele · fire3,False,False,-5.05000,1.97000,-15.05000,2.40000,0.00000,0.00000
5195,188.11913,0.03358,Yakından incele · fire3,False,False,-5.05000,1.97000,-15.05000,2.40000,0.00000,0.00000
5196,188.15292,0.03379,Yakından incele · fire3,False,False,-5.05000,1.97000,-15.05000,2.40000,0.00000,0.00000
5197,188.18644,0.03352,Yakından incele · fire3,False,False,-5.05000,1.97000,-15.05000,2.40000,0.00000,0.00000
5198,188.21901,0.03257,Yakından incele · fire3,False,False,-5.05000,1.97000,-15.05000,2.40000,0.00000,0.00000
5199,188.25275,0.03374,Yakından incele · fire3,False,False,-5.05000,1.97000,-15.05000,2.40000,0.00000,0.00000
5200,188.28604,0.03329,Yakından incele · fire3,False,False,-5.05000,1.97000,-15.05000,2.40000,0.00000,0.00000
5201,188.31978,0.03375,Yakından incele · fire3,False,False,-5.05000,1.97000,-15.05000,2.40000,0.00000,0.00000
5202,188.35321,0.03343,Yakından incele · fire3,False,False,-5.05000,1.97000,-15.05000,2.40000,0.00000,0.00000
5203,188.38578,0.03256,Yakından incele · fire3,False,False,-5.05000,1.97000,-15.05000,2.40000,0.00000,0.00000
5204,188.42012,0.03434,Yakından incele · fire3,False,False,-5.05000,1.97000,-15.05000,2.40000,0.00000,0.00000
5205,188.45359,0.03347,Yakından incele · fire3,False,False,-5.05000,1.97000,-15.05000,2.40000,0.00000,0.00000
5206,188.48711,0.03352,Yakından incele · fire3,False,False,-5.05000,1.97000,-15.05000,2.40000,0.00000,0.00000
5207,188.51998,0.03286,Yakından incele · fire3,False,False,-5.05000,1.97000,-15.05000,2.40000,0.00000,0.00000
5208,188.55358,0.03360,Yakından incele · fire3,False,False,-5.05000,1.97000,-15.05000,2.40000,0.00000,0.00000
5209,188.58651,0.03293,Yakından incele · fire3,False,False,-5.05000,1.97000,-15.05000,2.40000,0.00000,0.00000
5210,188.61940,0.03289,Yakından incele · fire3,False,False,-5.05000,1.97000,-15.05000,2.40000,0.00000,0.00000
5211,188.65256,0.03316,Yakından incele · fire3,False,False,-5.05000,1.97000,-15.05000,2.40000,0.00000,0.00000
5212,188.68711,0.03455,Yakından incele · fire3,False,False,-5.05000,1.97000,-15.05000,2.40000,0.00000,0.00000
5213,188.72026,0.03315,Yakından incele · fire3,False,False,-5.05000,1.97000,-15.05000,2.40000,0.00000,0.00000
5214,188.75359,0.03333,Yakından incele · fire3,False,False,-5.05000,1.97000,-15.05000,2.40000,0.00000,0.00000
5215,188.78709,0.03350,Yakından incele · fire3,False,False,-5.05000,1.97000,-15.05000,2.40000,0.00000,0.00000
5216,188.82064,0.03355,Yakından incele · fire3,False,False,-5.05000,1.97000,-15.05000,2.40000,0.00000,0.00000
5217,188.85446,0.03382,Yakından incele · fire3,False,False,-5.05000,1.97000,-15.05000,2.40000,0.00000,0.00000
5218,188.88735,0.03289,Yakından incele · fire3,False,False,-5.05000,1.97000,-15.05000,2.40000,0.00000,0.00000
5219,188.91915,0.03180,Yakından incele · fire3,False,False,-5.05000,1.97000,-15.05000,2.40000,0.00000,0.00000
5220,188.95192,0.03277,Yakından incele · fire3,False,False,-5.05000,1.97000,-15.05000,2.40000,0.00000,0.00000
5221,188.98582,0.03390,Yakından incele · fire3,False,False,-5.05000,1.97000,-15.05000,2.40000,0.00000,0.00000
5222,189.01947,0.03365,Yakından incele · fire3,False,False,-5.05000,1.97000,-15.05000,2.40000,0.00000,0.00000
5223,189.05351,0.03404,Yakından incele · fire3,False,False,-5.05000,1.97000,-15.05000,2.40000,0.00000,0.00000
5224,189.08656,0.03305,Yakından incele · fire3,False,False,-5.05000,1.97000,-15.05000,2.40000,0.00000,0.00000
5225,189.11990,0.03334,Yakından incele · fire3,False,False,-5.05000,1.97000,-15.05000,2.40000,0.00000,0.00000
5226,189.15292,0.03302,Yakından incele · fire3,False,False,-5.05000,1.97000,-15.05000,2.40000,0.00000,0.00000
5227,189.18630,0.03338,Yakından incele · fire3,False,False,-5.05000,1.97000,-15.05000,2.40000,0.00000,0.00000
5228,189.21980,0.03350,Yakından incele · fire3,False,False,-5.05000,1.97000,-15.05000,2.40000,0.00000,0.00000
5229,189.25550,0.03570,Yakından incele · fire3,False,False,-5.05000,1.97000,-15.05000,2.40000,0.00000,0.00000
5230,189.28660,0.03110,Yakından incele · fire3,False,False,-5.05000,1.97000,-15.05000,2.40000,0.00000,0.00000
5231,189.31935,0.03275,Yakından incele · fire3,False,False,-5.05000,1.97000,-15.05000,2.40000,0.00000,0.00000
5232,189.35142,0.03207,Yakından incele · fire3,False,False,-5.05000,1.97000,-15.05000,2.40000,0.00000,0.00000
5233,189.38544,0.03401,Yakından incele · fire3,False,False,-5.05000,1.97000,-15.05000,2.40000,0.00000,0.00000
5234,189.42483,0.03940,Yakından incele · fire3,False,False,-5.05000,1.97000,-15.05000,2.40000,0.00000,0.00000
5235,189.45913,0.03430,Yakından incele · fire3,False,False,-5.05000,1.97000,-15.05000,2.40000,0.00000,0.00000
5236,189.48795,0.02881,Yakından incele · fire3,False,False,-5.05000,1.97000,-15.05000,2.40000,0.00000,0.00000
5237,189.52208,0.03413,Yakından incele · fire3,False,False,-5.05000,1.97000,-15.05000,2.40000,0.00000,0.00000
5238,189.55388,0.03179,Yakından incele · fire3,False,False,-5.05000,1.97000,-15.05000,2.40000,0.00000,0.00000
5239,189.58670,0.03283,Yakından incele · fire3,False,False,-5.05000,1.97000,-15.05000,2.40000,0.00000,0.00000
5240,189.62036,0.03366,Yakından incele · fire3,False,False,-5.05000,1.97000,-15.05000,2.40000,0.00000,0.00000
5241,189.65365,0.03329,Yakından incele · fire3,False,False,-5.05000,1.97000,-15.05000,2.40000,0.00000,0.00000
5242,189.69889,0.04523,Yakından incele · fire3,False,False,-5.05000,1.97000,-15.05000,2.40000,0.00000,0.00000
5243,189.73468,0.03579,Yakından incele · fire3,False,False,-5.05000,1.97000,-15.05000,2.40000,0.00000,0.00000
5244,189.75655,0.02187,Yakından incele · fire3,False,False,-5.05000,1.97000,-15.05000,2.40000,0.00000,0.00000
5245,189.78823,0.03168,Yakından incele · fire3,False,False,-5.05000,1.97000,-15.05000,2.40000,0.00000,0.00000
5246,189.82031,0.03209,Yakından incele · fire3,False,False,-5.05000,1.97000,-15.05000,2.40000,0.00000,0.00000
5247,189.85627,0.03595,Yakından incele · fire3,False,False,-5.05000,1.97000,-15.05000,2.40000,0.00000,0.00000
5248,189.88973,0.03347,Yakından incele · fire3,False,False,-5.05000,1.97000,-15.05000,2.40000,0.00000,0.00000
5249,189.92147,0.03174,Yakından incele · fire3,False,False,-5.05000,1.97000,-15.05000,2.40000,0.00000,0.00000
5250,189.95494,0.03347,Yakından incele · fire3,False,False,-5.05000,1.97000,-15.05000,2.40000,0.00000,0.00000
5251,189.98759,0.03265,Yakından incele · fire3,False,False,-5.05000,1.97000,-15.05000,2.40000,0.00000,0.00000
5252,190.02094,0.03335,Yakından incele · fire3,False,False,-5.05000,1.97000,-15.05000,2.40000,0.00000,0.00000
5253,190.05401,0.03307,Yakından incele · fire3,False,False,-5.05000,1.97000,-15.05000,2.40000,0.00000,0.00000
5254,190.08640,0.03239,Yakından incele · fire3,False,False,-5.05000,1.97000,-15.05000,2.40000,0.00000,0.00000
5255,190.11994,0.03354,Yakından incele · fire3,False,False,-5.05000,1.97000,-15.05000,2.40000,0.00000,0.00000
5256,190.15308,0.03314,Yakından incele · fire3,False,False,-5.05000,1.97000,-15.05000,2.40000,0.00000,0.00000
5257,190.18667,0.03359,Yakından incele · fire3,False,False,-5.05000,1.97000,-15.05000,2.40000,0.00000,0.00000
5258,190.22019,0.03353,Yakından incele · fire3,False,False,-5.05000,1.97000,-15.05000,2.40000,0.00000,0.00000
5259,190.27482,0.05463,Yakından incele · fire3,False,False,-5.05000,1.97000,-15.05000,2.40000,0.00000,0.00000
5260,190.30730,0.03248,Yakından incele · fire3,False,False,-5.05000,1.97000,-15.05000,2.40000,0.00000,0.00000
5261,190.34091,0.03360,Yakından incele · fire3,False,False,-5.05000,1.97000,-15.05000,2.40000,0.00000,0.00000
5262,190.38503,0.04412,Yakından incele · fire3,False,False,-5.05000,1.97000,-15.05000,2.40000,0.00000,0.00000
5263,190.41298,0.02795,Yakından incele · fire3,False,False,-5.05000,1.97000,-15.05000,2.40000,0.00000,0.00000
5264,190.43346,0.02047,Yakından incele · fire3,False,False,-5.05000,1.97000,-15.05000,2.40000,0.00000,0.00000
5265,190.46688,0.03343,Yakından incele · fire3,False,False,-5.05000,1.97000,-15.05000,2.40000,0.00000,0.00000
5266,190.49996,0.03308,Yakından incele · fire3,False,False,-5.05000,1.97000,-15.05000,2.40000,0.00000,0.00000
5267,190.53366,0.03370,Yakından incele · fire3,False,False,-5.05000,1.97000,-15.05000,2.40000,0.00000,0.00000
5268,190.56764,0.03398,Yakından incele · fire3,False,False,-5.05000,1.97000,-15.05000,2.40000,0.00000,0.00000
5269,190.60100,0.03336,Yakından incele · fire3,False,False,-5.05000,1.97000,-15.05000,2.40000,0.00000,0.00000
5270,190.63449,0.03349,Yakından incele · fire3,False,False,-5.05000,1.97000,-15.05000,2.40000,0.00000,0.00000
5271,190.66774,0.03325,Yakından incele · fire3,False,False,-5.05000,1.97000,-15.05000,2.40000,0.00000,0.00000
5272,190.70063,0.03289,Yakından incele · fire3,False,False,-5.05000,1.97000,-15.05000,2.40000,0.00000,0.00000
5273,190.73356,0.03292,Yakından incele · fire3,False,False,-5.05000,1.97000,-15.05000,2.40000,0.00000,0.00000
5274,190.76747,0.03392,Yakından incele · fire3,False,False,-5.05000,1.97000,-15.05000,2.40000,0.00000,0.00000
5275,190.80101,0.03354,Yakından incele · fire3,False,False,-5.05000,1.97000,-15.05000,2.40000,0.00000,0.00000
5276,190.83395,0.03294,Yakından incele · fire3,False,False,-5.05000,1.97000,-15.05000,2.40000,0.00000,0.00000
5277,190.86617,0.03222,Yakından incele · fire3,False,False,-5.05000,1.97000,-15.05000,2.40000,0.00000,0.00000
5278,190.90049,0.03432,Yakından incele · fire3,False,False,-5.05000,1.97000,-15.05000,2.40000,0.00000,0.00000
5279,190.93446,0.03397,Yakından incele · fire3,False,False,-5.05000,1.97000,-15.05000,2.40000,0.00000,0.00000
5280,190.96769,0.03323,Yakından incele · fire3,False,False,-5.05000,1.97000,-15.05000,2.40000,0.00000,0.00000
5281,191.00079,0.03310,Yakından incele · fire3,False,False,-5.05000,1.97000,-15.05000,2.40000,0.00000,0.00000
5282,191.03302,0.03223,Yakından incele · fire3,False,False,-5.05000,1.97000,-15.05000,2.40000,0.00000,0.00000
5283,191.06578,0.03276,Yakından incele · fire3,False,False,-5.05000,1.97000,-15.05000,2.40000,0.00000,0.00000
5284,191.10032,0.03454,Yakından incele · fire3,False,False,-5.05000,1.97000,-15.05000,2.40000,0.00000,0.00000
5285,191.13362,0.03329,Yakından incele · fire3,False,False,-5.05000,1.97000,-15.05000,2.40000,0.00000,0.00000
5286,191.16633,0.03272,Yakından incele · fire3,False,False,-5.05000,1.97000,-15.05000,2.40000,0.00000,0.00000
5287,191.20011,0.03378,Yakından incele · fire3,False,False,-5.05000,1.97000,-15.05000,2.40000,0.00000,0.00000
5288,191.23342,0.03331,Yakından incele · fire3,False,False,-5.05000,1.97000,-15.05000,2.40000,0.00000,0.00000
5289,191.26688,0.03346,Yakından incele · fire3,False,False,-5.05000,1.97000,-15.05000,2.40000,0.00000,0.00000
5290,191.30052,0.03364,Yakından incele · fire3,False,False,-5.05000,1.97000,-15.05000,2.40000,0.00000,0.00000
5291,191.33373,0.03321,Yakından incele · fire3,False,False,-5.05000,1.97000,-15.05000,2.40000,0.00000,0.00000
5292,191.36658,0.03285,Yakından incele · fire3,False,False,-5.05000,1.97000,-15.05000,2.40000,0.00000,0.00000
5293,191.39951,0.03293,Yakından incele · fire3,False,False,-5.05000,1.97000,-15.05000,2.40000,0.00000,0.00000
5294,191.43347,0.03396,Yakından incele · fire3,False,False,-5.05000,1.97000,-15.05000,2.40000,0.00000,0.00000
5295,191.46727,0.03379,Yakından incele · fire3,False,False,-5.05000,1.97000,-15.05000,2.40000,0.00000,0.00000
5296,191.50057,0.03331,Yakından incele · fire3,False,False,-5.05000,1.97000,-15.05000,2.40000,0.00000,0.00000
5297,191.53352,0.03294,Yakından incele · fire3,False,False,-5.05000,1.97000,-15.05000,2.40000,0.00000,0.00000
5298,191.56701,0.03349,Yakından incele · fire3,False,False,-5.05000,1.97000,-15.05000,2.40000,0.00000,0.00000
5299,191.60026,0.03325,Yakından incele · fire3,False,False,-5.05000,1.97000,-15.05000,2.40000,0.00000,0.00000
5300,191.63358,0.03332,Yakından incele · fire3,False,False,-5.05000,1.97000,-15.05000,2.40000,0.00000,0.00000
5301,191.66729,0.03372,Yakından incele · fire3,False,False,-5.05000,1.97000,-15.05000,2.40000,0.00000,0.00000
5302,191.70003,0.03274,Yakından incele · fire3,False,False,-5.05000,1.97000,-15.05000,2.40000,0.00000,0.00000
5303,191.73386,0.03383,Yakından incele · fire3,False,False,-5.05000,1.97000,-15.05000,2.40000,0.00000,0.00000
5304,191.76793,0.03407,Yakından incele · fire3,False,False,-5.05000,1.97000,-15.05000,2.40000,0.00000,0.00000
5305,191.80086,0.03293,Yakından incele · fire3,False,False,-5.05000,1.97000,-15.05000,2.40000,0.00000,0.00000
5306,191.83375,0.03289,Yakından incele · fire3,False,False,-5.05000,1.97000,-15.05000,2.40000,0.00000,0.00000
5307,191.86712,0.03337,Yakından incele · fire3,False,False,-5.05000,1.97000,-15.05000,2.40000,0.00000,0.00000
5308,191.90115,0.03403,Yakından incele · fire3,False,False,-5.05000,1.97000,-15.05000,2.40000,0.00000,0.00000
5309,191.93449,0.03334,Yakından incele · fire3,False,False,-5.05000,1.97000,-15.05000,2.40000,0.00000,0.00000
5310,191.96798,0.03349,Yakından incele · fire3,False,False,-5.05000,1.97000,-15.05000,2.40000,0.00000,0.00000
5311,192.00049,0.03251,Yakından incele · fire3,False,False,-5.05000,1.97000,-15.05000,2.40000,0.00000,0.00000
5312,192.03393,0.03345,Yakından incele · fire3,False,False,-5.05000,1.97000,-15.05000,2.40000,0.00000,0.00000
5313,192.06805,0.03411,Yakından incele · fire3,False,False,-5.05000,1.97000,-15.05000,2.40000,0.00000,0.00000
5314,192.10157,0.03353,Yakından incele · fire3,False,False,-5.05000,1.97000,-15.05000,2.40000,0.00000,0.00000
5315,192.13452,0.03294,Yakından incele · fire3,False,False,-5.05000,1.97000,-15.05000,2.40000,0.00000,0.00000
5316,192.16784,0.03333,Yakından incele · fire3,False,False,-5.05000,1.97000,-15.05000,2.40000,0.00000,0.00000
5317,192.20125,0.03341,Yakından incele · fire3,False,False,-5.05000,1.97000,-15.05000,2.40000,0.00000,0.00000
5318,192.23388,0.03263,Yakından incele · fire3,False,False,-5.05000,1.97000,-15.05000,2.40000,0.00000,0.00000
5319,192.26696,0.03308,Yakından incele · fire3,False,False,-5.05000,1.97000,-15.05000,2.40000,0.00000,0.00000
5320,192.30122,0.03426,Yakından incele · fire3,False,False,-5.05000,1.97000,-15.05000,2.40000,0.00000,0.00000
5321,192.33509,0.03386,Yakından incele · fire3,False,False,-5.05000,1.97000,-15.05000,2.40000,0.00000,0.00000
5322,192.36769,0.03260,Yakından incele · fire3,False,False,-5.05000,1.97000,-15.05000,2.40000,0.00000,0.00000
5323,192.40053,0.03283,Yakından incele · fire3,False,False,-5.05000,1.97000,-15.05000,2.40000,0.00000,0.00000
5324,192.43399,0.03347,Yakından incele · fire3,False,False,-5.05000,1.97000,-15.05000,2.40000,0.00000,0.00000
5325,192.46712,0.03313,Yakından incele · fire3,False,False,-5.05000,1.97000,-15.05000,2.40000,0.00000,0.00000
5326,192.50282,0.03570,Yakından incele · fire3,False,False,-5.05000,1.97000,-15.05000,2.40000,0.00000,0.00000
5327,192.53516,0.03234,Yakından incele · fire3,False,False,-5.05000,1.97000,-15.05000,2.40000,0.00000,0.00000
5328,192.56629,0.03113,Yakından incele · fire3,False,False,-5.05000,1.97000,-15.05000,2.40000,0.00000,0.00000
5329,192.60091,0.03462,Yakından incele · fire3,False,False,-5.05000,1.97000,-15.05000,2.40000,0.00000,0.00000
5330,192.63424,0.03333,Yakından incele · fire3,False,False,-5.05000,1.97000,-15.05000,2.40000,0.00000,0.00000
5331,192.66677,0.03253,Yakından incele · fire3,False,False,-5.05000,1.97000,-15.05000,2.40000,0.00000,0.00000
5332,192.69988,0.03311,Yakından incele · fire3,False,False,-5.05000,1.97000,-15.05000,2.40000,0.00000,0.00000
5333,192.73363,0.03375,Yakından incele · fire3,False,False,-5.05000,1.97000,-15.05000,2.40000,0.00000,0.00000
5334,192.76643,0.03280,Yakından incele · fire3,False,False,-5.05000,1.97000,-15.05000,2.40000,0.00000,0.00000
5335,192.79916,0.03273,Yakından incele · fire3,False,False,-5.05000,1.97000,-15.05000,2.40000,0.00000,0.00000
5336,192.83247,0.03330,Yakından incele · fire3,False,False,-5.05000,1.97000,-15.05000,2.40000,0.00000,0.00000
5337,192.86558,0.03311,Yakından incele · fire3,False,False,-5.05000,1.97000,-15.05000,2.40000,0.00000,0.00000
5338,192.89958,0.03400,Yakından incele · fire3,False,False,-5.05000,1.97000,-15.05000,2.40000,0.00000,0.00000
5339,192.93336,0.03378,Yakından incele · fire3,False,False,-5.05000,1.97000,-15.05000,2.40000,0.00000,0.00000
5340,192.96694,0.03358,Yakından incele · fire3,False,False,-5.05000,1.97000,-15.05000,2.40000,0.00000,0.00000
5341,193.00039,0.03345,Yakından incele · fire3,False,False,-5.05000,1.97000,-15.05000,2.40000,0.00000,0.00000
5342,193.03334,0.03295,Yakından incele · fire3,False,False,-5.05000,1.97000,-15.05000,2.40000,0.00000,0.00000
5343,193.06686,0.03352,Yakından incele · fire3,False,False,-5.05000,1.97000,-15.05000,2.40000,0.00000,0.00000
5344,193.10075,0.03389,Yakından incele · fire3,False,False,-5.05000,1.97000,-15.05000,2.40000,0.00000,0.00000
5345,193.13415,0.03340,Yakından incele · fire3,False,False,-5.05000,1.97000,-15.05000,2.40000,0.00000,0.00000
5346,193.16731,0.03316,Yakından incele · fire3,False,False,-5.05000,1.97000,-15.05000,2.40000,0.00000,0.00000
5347,193.20110,0.03379,Yakından incele · fire3,False,False,-5.05000,1.97000,-15.05000,2.40000,0.00000,0.00000
5348,193.23389,0.03279,Yakından incele · fire3,False,False,-5.05000,1.97000,-15.05000,2.40000,0.00000,0.00000
5349,193.26697,0.03308,Yakından incele · fire3,False,False,-5.05000,1.97000,-15.05000,2.40000,0.00000,0.00000
5350,193.30084,0.03387,Yakından incele · fire3,False,False,-5.05000,1.97000,-15.05000,2.40000,0.00000,0.00000
5351,193.33475,0.03391,Yakından incele · fire3,False,False,-5.05000,1.97000,-15.05000,2.40000,0.00000,0.00000
5352,193.36739,0.03264,Yakından incele · fire3,False,False,-5.05000,1.97000,-15.05000,2.40000,0.00000,0.00000
5353,193.40053,0.03314,Yakından incele · fire3,False,False,-5.05000,1.97000,-15.05000,2.40000,0.00000,0.00000
5354,193.43354,0.03301,Yakından incele · fire3,False,False,-5.05000,1.97000,-15.05000,2.40000,0.00000,0.00000
5355,193.46612,0.03258,Yakından incele · fire3,False,False,-5.05000,1.97000,-15.05000,2.40000,0.00000,0.00000
5356,193.50066,0.03454,Yakından incele · fire3,False,False,-5.05000,1.97000,-15.05000,2.40000,0.00000,0.00000
5357,193.53412,0.03347,Yakından incele · fire3,False,False,-5.05000,1.97000,-15.05000,2.40000,0.00000,0.00000
5358,193.58001,0.04589,Yakından incele · fire3,False,False,-5.05000,1.97000,-15.05000,2.40000,0.00000,0.00000
5359,193.61333,0.03332,Yakından incele · fire3,False,False,-5.05000,1.97000,-15.05000,2.40000,0.00000,0.00000
5360,193.64728,0.03394,Yakından incele · fire3,False,False,-5.05000,1.97000,-15.05000,2.40000,0.00000,0.00000
5361,193.67988,0.03260,Yakından incele · fire3,False,False,-5.05000,1.97000,-15.05000,2.40000,0.00000,0.00000
5362,193.71312,0.03324,Yakından incele · fire3,False,False,-5.05000,1.97000,-15.05000,2.40000,0.00000,0.00000
5363,193.74742,0.03430,Yakından incele · fire3,False,False,-5.05000,1.97000,-15.05000,2.40000,0.00000,0.00000
5364,193.78021,0.03279,Yakından incele · fire3,False,False,-5.05000,1.97000,-15.05000,2.40000,0.00000,0.00000
5365,193.81323,0.03302,Yakından incele · fire3,False,False,-5.05000,1.97000,-15.05000,2.40000,0.00000,0.00000
5366,193.84718,0.03395,Yakından incele · fire3,False,False,-5.05000,1.97000,-15.05000,2.40000,0.00000,0.00000
5367,193.88019,0.03300,Yakından incele · fire3,False,False,-5.05000,1.97000,-15.05000,2.40000,0.00000,0.00000
5368,193.91297,0.03279,Yakından incele · fire3,False,False,-5.05000,1.97000,-15.05000,2.40000,0.00000,0.00000
5369,193.94587,0.03290,Yakından incele · fire3,False,False,-5.05000,1.97000,-15.05000,2.40000,0.00000,0.00000
5370,193.98008,0.03421,Yakından incele · fire3,False,False,-5.05000,1.97000,-15.05000,2.40000,0.00000,0.00000
5371,194.01359,0.03351,Yakından incele · fire3,False,False,-5.05000,1.97000,-15.05000,2.40000,0.00000,0.00000
5372,194.04685,0.03326,Yakından incele · fire3,False,False,-5.05000,1.97000,-15.05000,2.40000,0.00000,0.00000
5373,194.08035,0.03350,Yakından incele · fire3,False,False,-5.05000,1.97000,-15.05000,2.40000,0.00000,0.00000
5374,194.11353,0.03318,Yakından incele · fire3,False,False,-5.05000,1.97000,-15.05000,2.40000,0.00000,0.00000
5375,194.14613,0.03260,Yakından incele · fire3,False,False,-5.05000,1.97000,-15.05000,2.40000,0.00000,0.00000
5376,194.17998,0.03385,Yakından incele · fire3,False,False,-5.05000,1.97000,-15.05000,2.40000,0.00000,0.00000
5377,194.21348,0.03350,Yakından incele · fire3,False,False,-5.05000,1.97000,-15.05000,2.40000,0.00000,0.00000
5378,194.24690,0.03342,Yakından incele · fire3,False,False,-5.05000,1.97000,-15.05000,2.40000,0.00000,0.00000
5379,194.28076,0.03387,Yakından incele · fire3,False,False,-5.05000,1.97000,-15.05000,2.40000,0.00000,0.00000
5380,194.31339,0.03263,Yakından incele · fire3,False,False,-5.05000,1.97000,-15.05000,2.40000,0.00000,0.00000
5381,194.34717,0.03378,Yakından incele · fire3,False,False,-5.05000,1.97000,-15.05000,2.40000,0.00000,0.00000
5382,194.37997,0.03280,Yakından incele · fire3,False,False,-5.05000,1.97000,-15.05000,2.40000,0.00000,0.00000
5383,194.41429,0.03432,Yakından incele · fire3,False,False,-5.05000,1.97000,-15.05000,2.40000,0.00000,0.00000
5384,194.44784,0.03355,Yakından incele · fire3,False,False,-5.05000,1.97000,-15.05000,2.40000,0.00000,0.00000
5385,194.47962,0.03178,Yakından incele · fire3,False,False,-5.05000,1.97000,-15.05000,2.40000,0.00000,0.00000
5386,194.51420,0.03458,Yakından incele · fire3,False,False,-5.05000,1.97000,-15.05000,2.40000,0.00000,0.00000
5387,194.54697,0.03277,Yakından incele · fire3,False,False,-5.05000,1.97000,-15.05000,2.40000,0.00000,0.00000
5388,194.58053,0.03356,Yakından incele · fire3,False,False,-5.05000,1.97000,-15.05000,2.40000,0.00000,0.00000
5389,194.61439,0.03386,Yakından incele · fire3,False,False,-5.05000,1.97000,-15.05000,2.40000,0.00000,0.00000
5390,194.64704,0.03266,Yakından incele · fire3,False,False,-5.05000,1.97000,-15.05000,2.40000,0.00000,0.00000
5391,194.68022,0.03318,Yakından incele · fire3,False,False,-5.05000,1.97000,-15.05000,2.40000,0.00000,0.00000
5392,194.71320,0.03298,Yakından incele · fire3,False,False,-5.05000,1.97000,-15.05000,2.40000,0.00000,0.00000
5393,194.74684,0.03364,Yakından incele · fire3,False,False,-5.05000,1.97000,-15.05000,2.40000,0.00000,0.00000
5394,194.77959,0.03274,Yakından incele · fire3,False,False,-5.05000,1.97000,-15.05000,2.40000,0.00000,0.00000
5395,194.81371,0.03413,Yakından incele · fire3,False,False,-5.05000,1.97000,-15.05000,2.40000,0.00000,0.00000
5396,194.84726,0.03355,Yakından incele · fire3,False,False,-5.05000,1.97000,-15.05000,2.40000,0.00000,0.00000
5397,194.88007,0.03281,Yakından incele · fire3,False,False,-5.05000,1.97000,-15.05000,2.40000,0.00000,0.00000
5398,194.91406,0.03399,Yakından incele · fire3,False,False,-5.05000,1.97000,-15.05000,2.40000,0.00000,0.00000
5399,194.94698,0.03293,Yakından incele · fire3,False,False,-5.05000,1.97000,-15.05000,2.40000,0.00000,0.00000
5400,194.97998,0.03299,Yakından incele · fire3,False,False,-5.05000,1.97000,-15.05000,2.40000,0.00000,0.00000
5401,195.01354,0.03356,Yakından incele · fire3,False,False,-5.05000,1.97000,-15.05000,2.40000,0.00000,0.00000
5402,195.04667,0.03313,Yakından incele · fire3,False,False,-5.05000,1.97000,-15.05000,2.40000,0.00000,0.00000
5403,195.08042,0.03375,Yakından incele · fire3,False,False,-5.05000,1.97000,-15.05000,2.40000,0.00000,0.00000
5404,195.11376,0.03334,Yakından incele · fire3,False,False,-5.05000,1.97000,-15.05000,2.40000,0.00000,0.00000
5405,195.14725,0.03348,Yakından incele · fire3,False,False,-5.05000,1.97000,-15.05000,2.40000,0.00000,0.00000
5406,195.18069,0.03345,Yakından incele · fire3,False,False,-5.05000,1.97000,-15.05000,2.40000,0.00000,0.00000
5407,195.21332,0.03263,Yakından incele · fire3,False,False,-5.05000,1.97000,-15.05000,2.40000,0.00000,0.00000
5408,195.24628,0.03296,Yakından incele · fire3,False,False,-5.05000,1.97000,-15.05000,2.40000,0.00000,0.00000
5409,195.27991,0.03363,Yakından incele · fire3,False,False,-5.05000,1.97000,-15.05000,2.40000,0.00000,0.00000
5410,195.31383,0.03392,Yakından incele · fire3,False,False,-5.05000,1.97000,-15.05000,2.40000,0.00000,0.00000
5411,195.34680,0.03297,Yakından incele · fire3,False,False,-5.05000,1.97000,-15.05000,2.40000,0.00000,0.00000
5412,195.38023,0.03342,Yakından incele · fire3,False,False,-5.05000,1.97000,-15.05000,2.40000,0.00000,0.00000
5413,195.41369,0.03346,Yakından incele · fire3,False,False,-5.05000,1.97000,-15.05000,2.40000,0.00000,0.00000
5414,195.44739,0.03371,Yakından incele · fire3,False,False,-5.05000,1.97000,-15.05000,2.40000,0.00000,0.00000
5415,195.48041,0.03302,Yakından incele · fire3,False,False,-5.05000,1.97000,-15.05000,2.40000,0.00000,0.00000
5416,195.51334,0.03292,Yakından incele · fire3,False,False,-5.05000,1.97000,-15.05000,2.40000,0.00000,0.00000
5417,195.54699,0.03365,Yakından incele · fire3,False,False,-5.05000,1.97000,-15.05000,2.40000,0.00000,0.00000
5418,195.57983,0.03284,Yakından incele · fire3,False,False,-5.05000,1.97000,-15.05000,2.40000,0.00000,0.00000
5419,195.61375,0.03393,Yakından incele · fire3,False,False,-5.05000,1.97000,-15.05000,2.40000,0.00000,0.00000
5420,195.64618,0.03243,Yakından incele · fire3,False,False,-5.05000,1.97000,-15.05000,2.40000,0.00000,0.00000
5421,195.67949,0.03332,Yakından incele · fire3,False,False,-5.05000,1.97000,-15.05000,2.40000,0.00000,0.00000
5422,195.72498,0.04548,Yakından incele · fire3,False,False,-5.05000,1.97000,-15.05000,2.40000,0.00000,0.00000
5423,195.75961,0.03463,Yakından incele · fire3,False,False,-5.05000,1.97000,-15.05000,2.40000,0.00000,0.00000
5424,195.78089,0.02129,Yakından incele · fire3,False,False,-5.05000,1.97000,-15.05000,2.40000,0.00000,0.00000
5425,195.81401,0.03312,Yakından incele · fire3,False,False,-5.05000,1.97000,-15.05000,2.40000,0.00000,0.00000
5426,195.84768,0.03366,Yakından incele · fire3,False,False,-5.05000,1.97000,-15.05000,2.40000,0.00000,0.00000
5427,195.88020,0.03253,Yakından incele · fire3,False,False,-5.05000,1.97000,-15.05000,2.40000,0.00000,0.00000
5428,195.91396,0.03375,Yakından incele · fire3,False,False,-5.05000,1.97000,-15.05000,2.40000,0.00000,0.00000
5429,195.94710,0.03314,Yakından incele · fire3,False,False,-5.05000,1.97000,-15.05000,2.40000,0.00000,0.00000
5430,195.98095,0.03385,Yakından incele · fire3,False,False,-5.05000,1.97000,-15.05000,2.40000,0.00000,0.00000
5431,196.01408,0.03313,Yakından incele · fire3,False,False,-5.05000,1.97000,-15.05000,2.40000,0.00000,0.00000
5432,196.04718,0.03310,Yakından incele · fire3,False,False,-5.05000,1.97000,-15.05000,2.40000,0.00000,0.00000
5433,196.08073,0.03355,Yakından incele · fire3,False,False,-5.05000,1.97000,-15.05000,2.40000,0.00000,0.00000
5434,196.11406,0.03333,Yakından incele · fire3,False,False,-5.05000,1.97000,-15.05000,2.40000,0.00000,0.00000
5435,196.14706,0.03301,Yakından incele · fire3,False,False,-5.05000,1.97000,-15.05000,2.40000,0.00000,0.00000
5436,196.18032,0.03325,Yakından incele · fire3,False,False,-5.05000,1.97000,-15.05000,2.40000,0.00000,0.00000
5437,196.21302,0.03270,Yakından incele · fire3,False,False,-5.05000,1.97000,-15.05000,2.40000,0.00000,0.00000
5438,196.24578,0.03276,Yakından incele · fire3,False,False,-5.05000,1.97000,-15.05000,2.40000,0.00000,0.00000
5439,196.27944,0.03366,Yakından incele · fire3,False,False,-5.05000,1.97000,-15.05000,2.40000,0.00000,0.00000
5440,196.31291,0.03346,Yakından incele · fire3,False,False,-5.05000,1.97000,-15.05000,2.40000,0.00000,0.00000
5441,196.34648,0.03357,Yakından incele · fire3,False,False,-5.05000,1.97000,-15.05000,2.40000,0.00000,0.00000
5442,196.37970,0.03322,Yakından incele · fire3,False,False,-5.05000,1.97000,-15.05000,2.40000,0.00000,0.00000
5443,196.41311,0.03341,Yakından incele · fire3,False,False,-5.05000,1.97000,-15.05000,2.40000,0.00000,0.00000
5444,196.44655,0.03345,Yakından incele · fire3,False,False,-5.05000,1.97000,-15.05000,2.40000,0.00000,0.00000
5445,196.48081,0.03426,Yakından incele · fire3,False,False,-5.05000,1.97000,-15.05000,2.40000,0.00000,0.00000
5446,196.51385,0.03304,Yakından incele · fire3,False,False,-5.05000,1.97000,-15.05000,2.40000,0.00000,0.00000
5447,196.54668,0.03283,Yakından incele · fire3,False,False,-5.05000,1.97000,-15.05000,2.40000,0.00000,0.00000
5448,196.58088,0.03420,Yakından incele · fire3,False,False,-5.05000,1.97000,-15.05000,2.40000,0.00000,0.00000
5449,196.61905,0.03817,Yakından incele · fire3,False,False,-5.05000,1.97000,-15.05000,2.40000,0.00000,0.00000
5450,196.65117,0.03212,Yakından incele · fire3,False,False,-5.05000,1.97000,-15.05000,2.40000,0.00000,0.00000
5451,196.68103,0.02985,Yakından incele · fire3,False,False,-5.05000,1.97000,-15.05000,2.40000,0.00000,0.00000
5452,196.71352,0.03250,Yakından incele · fire3,False,False,-5.05000,1.97000,-15.05000,2.40000,0.00000,0.00000
5453,196.74727,0.03374,Yakından incele · fire3,False,False,-5.05000,1.97000,-15.05000,2.40000,0.00000,0.00000
5454,196.78080,0.03353,Yakından incele · fire3,False,False,-5.05000,1.97000,-15.05000,2.40000,0.00000,0.00000
5455,196.81297,0.03217,Yakından incele · fire3,False,False,-5.05000,1.97000,-15.05000,2.40000,0.00000,0.00000
5456,196.84632,0.03335,Yakından incele · fire3,False,False,-5.05000,1.97000,-15.05000,2.40000,0.00000,0.00000
5457,196.89366,0.04734,Yakından incele · fire3,False,False,-5.05000,1.97000,-15.05000,2.40000,0.00000,0.00000
5458,196.92781,0.03415,Yakından incele · fire3,False,False,-5.05000,1.97000,-15.05000,2.40000,0.00000,0.00000
5459,196.96015,0.03234,Yakından incele · fire3,False,False,-5.05000,1.97000,-15.05000,2.40000,0.00000,0.00000
5460,196.99410,0.03395,Yakından incele · fire3,False,False,-5.05000,1.97000,-15.05000,2.40000,0.00000,0.00000
5461,197.02815,0.03405,Yakından incele · fire3,False,False,-5.05000,1.97000,-15.05000,2.40000,0.00000,0.00000
5462,197.06139,0.03324,Yakından incele · fire3,False,False,-5.05000,1.97000,-15.05000,2.40000,0.00000,0.00000
5463,197.09386,0.03247,Yakından incele · fire3,False,False,-5.05000,1.97000,-15.05000,2.40000,0.00000,0.00000
5464,197.12654,0.03267,Yakından incele · fire3,False,False,-5.05000,1.97000,-15.05000,2.40000,0.00000,0.00000
5465,197.16034,0.03380,Yakından incele · fire3,False,False,-5.05000,1.97000,-15.05000,2.40000,0.00000,0.00000
5466,197.19378,0.03344,Yakından incele · fire3,False,False,-5.05000,1.97000,-15.05000,2.40000,0.00000,0.00000
5467,197.22626,0.03248,Yakından incele · fire3,False,False,-5.05000,1.97000,-15.05000,2.40000,0.00000,0.00000
5468,197.25992,0.03366,Yakından incele · fire3,False,False,-5.05000,1.97000,-15.05000,2.40000,0.00000,0.00000
5469,197.29401,0.03408,Yakından incele · fire3,False,False,-5.05000,1.97000,-15.05000,2.40000,0.00000,0.00000
5470,197.32662,0.03262,Yakından incele · fire3,False,False,-5.05000,1.97000,-15.05000,2.40000,0.00000,0.00000
5471,197.36036,0.03374,Yakından incele · fire3,False,False,-5.05000,1.97000,-15.05000,2.40000,0.00000,0.00000
5472,197.39343,0.03306,Yakından incele · fire3,False,False,-5.05000,1.97000,-15.05000,2.40000,0.00000,0.00000
5473,197.42718,0.03375,Yakından incele · fire3,False,False,-5.05000,1.97000,-15.05000,2.40000,0.00000,0.00000
5474,197.46090,0.03372,Yakından incele · fire3,False,False,-5.05000,1.97000,-15.05000,2.40000,0.00000,0.00000
5475,197.49398,0.03308,Yakından incele · fire3,False,False,-5.05000,1.97000,-15.05000,2.40000,0.00000,0.00000
5476,197.52747,0.03349,Yakından incele · fire3,False,False,-5.05000,1.97000,-15.05000,2.40000,0.00000,0.00000
5477,197.56057,0.03310,Yakından incele · fire3,False,False,-5.05000,1.97000,-15.05000,2.40000,0.00000,0.00000
5478,197.59411,0.03353,Yakından incele · fire3,False,False,-5.05000,1.97000,-15.05000,2.40000,0.00000,0.00000
5479,197.62768,0.03358,Yakından incele · fire3,False,False,-5.05000,1.97000,-15.05000,2.40000,0.00000,0.00000
5480,197.66078,0.03310,Yakından incele · fire3,False,False,-5.05000,1.97000,-15.05000,2.40000,0.00000,0.00000
5481,197.69258,0.03180,Yakından incele · fire3,False,False,-5.05000,1.97000,-15.05000,2.40000,0.00000,0.00000
5482,197.72578,0.03320,Yakından incele · fire3,False,False,-5.05000,1.97000,-15.05000,2.40000,0.00000,0.00000
5483,197.76001,0.03423,Yakından incele · fire3,False,False,-5.05000,1.97000,-15.05000,2.40000,0.00000,0.00000
5484,197.79383,0.03381,Yakından incele · fire3,False,False,-5.05000,1.97000,-15.05000,2.40000,0.00000,0.00000
5485,197.82799,0.03416,Yakından incele · fire3,False,False,-5.05000,1.97000,-15.05000,2.40000,0.00000,0.00000
5486,197.86073,0.03274,Yakından incele · fire3,False,False,-5.05000,1.97000,-15.05000,2.40000,0.00000,0.00000
5487,197.89393,0.03320,Yakından incele · fire3,False,False,-5.05000,1.97000,-15.05000,2.40000,0.00000,0.00000
5488,197.92751,0.03358,Yakından incele · fire3,False,False,-5.05000,1.97000,-15.05000,2.40000,0.00000,0.00000
5489,197.96062,0.03311,Yakından incele · fire3,False,False,-5.05000,1.97000,-15.05000,2.40000,0.00000,0.00000
5490,197.99288,0.03226,Yakından incele · fire3,False,False,-5.05000,1.97000,-15.05000,2.40000,0.00000,0.00000
5491,198.02680,0.03391,Yakından incele · fire3,False,False,-5.05000,1.97000,-15.05000,2.40000,0.00000,0.00000
5492,198.06100,0.03420,Yakından incele · fire3,False,False,-5.05000,1.97000,-15.05000,2.40000,0.00000,0.00000
5493,198.09300,0.03200,Yakından incele · fire3,False,False,-5.05000,1.97000,-15.05000,2.40000,0.00000,0.00000
5494,198.12536,0.03237,Yakından incele · fire3,False,False,-5.05000,1.97000,-15.05000,2.40000,0.00000,0.00000
5495,198.15903,0.03367,Yakından incele · fire3,False,False,-5.05000,1.97000,-15.05000,2.40000,0.00000,0.00000
5496,198.19311,0.03407,Yakından incele · fire3,False,False,-5.05000,1.97000,-15.05000,2.40000,0.00000,0.00000
5497,198.22640,0.03329,Yakından incele · fire3,False,False,-5.05000,1.97000,-15.05000,2.40000,0.00000,0.00000
5498,198.25878,0.03238,Yakından incele · fire3,False,False,-5.05000,1.97000,-15.05000,2.40000,0.00000,0.00000
5499,198.29279,0.03401,Yakından incele · fire3,False,False,-5.05000,1.97000,-15.05000,2.40000,0.00000,0.00000
5500,198.32806,0.03528,Yakından incele · fire3,False,False,-5.05000,1.97000,-15.05000,2.40000,0.00000,0.00000
5501,198.36129,0.03323,Yakından incele · fire3,False,False,-5.05000,1.97000,-15.05000,2.40000,0.00000,0.00000
5502,198.39280,0.03150,Yakından incele · fire3,False,False,-5.05000,1.97000,-15.05000,2.40000,0.00000,0.00000
5503,198.42568,0.03288,Yakından incele · fire3,False,False,-5.05000,1.97000,-15.05000,2.40000,0.00000,0.00000
5504,198.46013,0.03445,Yakından incele · fire3,False,False,-5.05000,1.97000,-15.05000,2.40000,0.00000,0.00000
5505,198.49401,0.03388,Yakından incele · fire3,False,False,-5.05000,1.97000,-15.05000,2.40000,0.00000,0.00000
5506,198.52708,0.03307,Yakından incele · fire3,False,False,-5.05000,1.97000,-15.05000,2.40000,0.00000,0.00000
5507,198.56051,0.03343,Yakından incele · fire3,False,False,-5.05000,1.97000,-15.05000,2.40000,0.00000,0.00000
5508,198.59422,0.03371,Yakından incele · fire3,False,False,-5.05000,1.97000,-15.05000,2.40000,0.00000,0.00000
5509,198.62667,0.03245,Yakından incele · fire3,False,False,-5.05000,1.97000,-15.05000,2.40000,0.00000,0.00000
5510,198.66007,0.03340,Yakından incele · fire3,False,False,-5.05000,1.97000,-15.05000,2.40000,0.00000,0.00000
5511,198.69363,0.03356,Yakından incele · fire3,False,False,-5.05000,1.97000,-15.05000,2.40000,0.00000,0.00000
5512,198.72712,0.03350,Yakından incele · fire3,False,False,-5.05000,1.97000,-15.05000,2.40000,0.00000,0.00000
5513,198.76108,0.03396,Yakından incele · fire3,False,False,-5.05000,1.97000,-15.05000,2.40000,0.00000,0.00000
5514,198.79387,0.03279,Yakından incele · fire3,False,False,-5.05000,1.97000,-15.05000,2.40000,0.00000,0.00000
5515,198.82739,0.03351,Yakından incele · fire3,False,False,-5.05000,1.97000,-15.05000,2.40000,0.00000,0.00000
5516,198.86051,0.03312,Yakından incele · fire3,False,False,-5.05000,1.97000,-15.05000,2.40000,0.00000,0.00000
5517,198.89410,0.03359,Yakından incele · fire3,False,False,-5.05000,1.97000,-15.05000,2.40000,0.00000,0.00000
5518,198.92729,0.03320,Yakından incele · fire3,False,False,-5.05000,1.97000,-15.05000,2.40000,0.00000,0.00000
5519,198.96012,0.03283,Yakından incele · fire3,False,False,-5.05000,1.97000,-15.05000,2.40000,0.00000,0.00000
5520,198.99317,0.03305,Yakından incele · fire3,False,False,-5.05000,1.97000,-15.05000,2.40000,0.00000,0.00000
5521,199.02661,0.03343,Yakından incele · fire3,False,False,-5.05000,1.97000,-15.05000,2.40000,0.00000,0.00000
5522,199.06009,0.03349,Yakından incele · fire3,False,False,-5.05000,1.97000,-15.05000,2.40000,0.00000,0.00000
5523,199.09461,0.03452,Yakından incele · fire3,False,False,-5.05000,1.97000,-15.05000,2.40000,0.00000,0.00000
5524,199.12764,0.03303,Yakından incele · fire3,False,False,-5.05000,1.97000,-15.05000,2.40000,0.00000,0.00000
5525,199.16019,0.03255,Yakından incele · fire3,False,False,-5.05000,1.97000,-15.05000,2.40000,0.00000,0.00000
5526,199.19354,0.03334,Yakından incele · fire3,False,False,-5.05000,1.97000,-15.05000,2.40000,0.00000,0.00000
5527,199.22728,0.03375,Yakından incele · fire3,False,False,-5.05000,1.97000,-15.05000,2.40000,0.00000,0.00000
5528,199.26179,0.03450,Yakından incele · fire3,False,False,-5.05000,1.97000,-15.05000,2.40000,0.00000,0.00000
5529,199.29464,0.03285,Yakından incele · fire3,False,False,-5.05000,1.97000,-15.05000,2.40000,0.00000,0.00000
5530,199.32741,0.03277,Yakından incele · fire3,False,False,-5.05000,1.97000,-15.05000,2.40000,0.00000,0.00000
5531,199.36071,0.03331,Yakından incele · fire3,False,False,-5.05000,1.97000,-15.05000,2.40000,0.00000,0.00000
5532,199.39391,0.03320,Yakından incele · fire3,False,False,-5.05000,1.97000,-15.05000,2.40000,0.00000,0.00000
5533,199.42771,0.03380,Yakından incele · fire3,False,False,-5.05000,1.97000,-15.05000,2.40000,0.00000,0.00000
5534,199.46091,0.03320,Yakından incele · fire3,False,False,-5.05000,1.97000,-15.05000,2.40000,0.00000,0.00000
5535,199.49422,0.03331,Yakından incele · fire3,False,False,-5.05000,1.97000,-15.05000,2.40000,0.00000,0.00000
5536,199.52811,0.03389,Yakından incele · fire3,False,False,-5.05000,1.97000,-15.05000,2.40000,0.00000,0.00000
5537,199.56033,0.03222,Yakından incele · fire3,False,False,-5.05000,1.97000,-15.05000,2.40000,0.00000,0.00000
5538,199.59273,0.03240,Yakından incele · fire3,False,False,-5.05000,1.97000,-15.05000,2.40000,0.00000,0.00000
5539,199.62689,0.03416,Yakından incele · fire3,False,False,-5.05000,1.97000,-15.05000,2.40000,0.00000,0.00000
5540,199.65967,0.03278,Yakından incele · fire3,False,False,-5.05000,1.97000,-15.05000,2.40000,0.00000,0.00000
5541,199.69237,0.03270,Yakından incele · fire3,False,False,-5.05000,1.97000,-15.05000,2.40000,0.00000,0.00000
5542,199.72669,0.03432,Yakından incele · fire3,False,False,-5.05000,1.97000,-15.05000,2.40000,0.00000,0.00000
5543,199.76063,0.03394,Yakından incele · fire3,False,False,-5.05000,1.97000,-15.05000,2.40000,0.00000,0.00000
5544,199.79352,0.03289,Yakından incele · fire3,False,False,-5.05000,1.97000,-15.05000,2.40000,0.00000,0.00000
5545,199.82796,0.03444,Yakından incele · fire3,False,False,-5.05000,1.97000,-15.05000,2.40000,0.00000,0.00000
5546,199.86134,0.03339,Yakından incele · fire3,False,False,-5.05000,1.97000,-15.05000,2.40000,0.00000,0.00000
5547,199.89400,0.03265,Yakından incele · fire3,False,False,-5.05000,1.97000,-15.05000,2.40000,0.00000,0.00000
5548,199.93005,0.03605,Yakından incele · fire3,False,False,-5.05000,1.97000,-15.05000,2.40000,0.00000,0.00000
5549,199.96249,0.03245,Yakından incele · fire3,False,False,-5.05000,1.97000,-15.05000,2.40000,0.00000,0.00000
5550,199.99747,0.03497,Yakından incele · fire3,False,False,-5.05000,1.97000,-15.05000,2.40000,0.00000,0.00000
5551,200.03016,0.03269,Yakından incele · fire3,False,False,-5.05000,1.97000,-15.05000,2.40000,0.00000,0.00000
5552,200.05968,0.02952,Yakından incele · fire3,False,False,-5.05000,1.97000,-15.05000,2.40000,0.00000,0.00000
5553,200.09735,0.03767,Yakından incele · fire3,False,False,-5.05000,1.97000,-15.05000,2.40000,0.00000,0.00000
5554,200.12770,0.03035,Yakından incele · fire3,False,False,-5.05000,1.97000,-15.05000,2.40000,0.00000,0.00000
5555,200.16273,0.03503,Yakından incele · fire3,False,False,-5.05000,1.97000,-15.05000,2.40000,0.00000,0.00000
5556,200.21041,0.04768,Yakından incele · fire3,False,False,-5.05000,1.97000,-15.05000,2.40000,0.00000,0.00000
5557,200.24282,0.03241,Yakından incele · fire3,False,False,-5.05000,1.97000,-15.05000,2.40000,0.00000,0.00000
5558,200.27538,0.03255,Yakından incele · fire3,False,False,-5.05000,1.97000,-15.05000,2.40000,0.00000,0.00000
5559,200.30864,0.03327,Yakından incele · fire3,False,False,-5.05000,1.97000,-15.05000,2.40000,0.00000,0.00000
5560,200.34071,0.03207,Yakından incele · fire3,False,False,-5.05000,1.97000,-15.05000,2.40000,0.00000,0.00000
5561,200.37413,0.03342,Yakından incele · fire3,False,False,-5.05000,1.97000,-15.05000,2.40000,0.00000,0.00000
5562,200.40867,0.03454,Yakından incele · fire3,False,False,-5.05000,1.97000,-15.05000,2.40000,0.00000,0.00000
5563,200.44208,0.03341,Yakından incele · fire3,False,False,-5.05000,1.97000,-15.05000,2.40000,0.00000,0.00000
5564,200.47892,0.03684,Yakından incele · fire3,False,False,-5.05000,1.97000,-15.05000,2.40000,0.00000,0.00000
5565,200.51366,0.03474,Yakından incele · fire3,False,False,-5.05000,1.97000,-15.05000,2.40000,0.00000,0.00000
5566,200.54780,0.03414,Yakından incele · fire3,False,False,-5.05000,1.97000,-15.05000,2.40000,0.00000,0.00000
5567,200.58164,0.03384,Yakından incele · fire3,False,False,-5.05000,1.97000,-15.05000,2.40000,0.00000,0.00000
5568,200.62416,0.04252,Yakından incele · fire3,False,False,-5.05000,1.97000,-15.05000,2.40000,0.00000,0.00000
5569,200.64097,0.01681,Yakından incele · fire3,False,False,-5.05000,1.97000,-15.05000,2.40000,0.00000,0.00000
5570,200.67453,0.03356,Yakından incele · fire3,False,False,-5.05000,1.97000,-15.05000,2.40000,0.00000,0.00000
5571,200.70773,0.03320,Yakından incele · fire3,False,False,-5.05000,1.97000,-15.05000,2.40000,0.00000,0.00000
5572,200.74013,0.03239,Yakından incele · fire3,False,False,-5.05000,1.97000,-15.05000,2.40000,0.00000,0.00000
5573,200.77281,0.03269,Yakından incele · fire3,False,False,-5.05000,1.97000,-15.05000,2.40000,0.00000,0.00000
5574,200.80701,0.03420,Yakından incele · fire3,False,False,-5.05000,1.97000,-15.05000,2.40000,0.00000,0.00000
5575,200.84108,0.03407,Yakından incele · fire3,False,False,-5.05000,1.97000,-15.05000,2.40000,0.00000,0.00000
5576,200.87410,0.03302,Yakından incele · fire3,False,False,-5.05000,1.97000,-15.05000,2.40000,0.00000,0.00000
5577,200.90750,0.03339,Yakından incele · fire3,False,False,-5.05000,1.97000,-15.05000,2.40000,0.00000,0.00000
5578,200.93991,0.03241,Yakından incele · fire3,False,False,-5.05000,1.97000,-15.05000,2.40000,0.00000,0.00000
5579,200.97417,0.03426,Yakından incele · fire3,False,False,-5.05000,1.97000,-15.05000,2.40000,0.00000,0.00000
5580,201.00784,0.03367,Yakından incele · fire3,False,False,-5.05000,1.97000,-15.05000,2.40000,0.00000,0.00000
5581,201.04022,0.03237,Yakından incele · fire3,False,False,-5.05000,1.97000,-15.05000,2.40000,0.00000,0.00000
5582,201.07334,0.03312,Yakından incele · fire3,False,False,-5.05000,1.97000,-15.05000,2.40000,0.00000,0.00000
5583,201.10693,0.03359,Yakından incele · fire3,False,False,-5.05000,1.97000,-15.05000,2.40000,0.00000,0.00000
5584,201.14134,0.03441,Yakından incele · fire3,False,False,-5.05000,1.97000,-15.05000,2.40000,0.00000,0.00000
5585,201.17417,0.03283,Yakından incele · fire3,False,False,-5.05000,1.97000,-15.05000,2.40000,0.00000,0.00000
5586,201.20619,0.03202,Yakından incele · fire3,False,False,-5.05000,1.97000,-15.05000,2.40000,0.00000,0.00000
5587,201.24018,0.03399,Yakından incele · fire3,False,False,-5.05000,1.97000,-15.05000,2.40000,0.00000,0.00000
5588,201.27446,0.03428,Yakından incele · fire3,False,False,-5.05000,1.97000,-15.05000,2.40000,0.00000,0.00000
5589,201.30696,0.03250,Yakından incele · fire3,False,False,-5.05000,1.97000,-15.05000,2.40000,0.00000,0.00000
5590,201.33973,0.03278,Yakından incele · fire3,False,False,-5.05000,1.97000,-15.05000,2.40000,0.00000,0.00000
5591,201.37357,0.03384,Yakından incele · fire3,False,False,-5.05000,1.97000,-15.05000,2.40000,0.00000,0.00000
5592,201.40748,0.03391,Yakından incele · fire3,False,False,-5.05000,1.97000,-15.05000,2.40000,0.00000,0.00000
5593,201.44096,0.03348,Yakından incele · fire3,False,False,-5.05000,1.97000,-15.05000,2.40000,0.00000,0.00000
5594,201.47355,0.03259,Yakından incele · fire3,False,False,-5.05000,1.97000,-15.05000,2.40000,0.00000,0.00000
5595,201.50671,0.03316,Yakından incele · fire3,False,False,-5.05000,1.97000,-15.05000,2.40000,0.00000,0.00000
5596,201.54004,0.03333,Yakından incele · fire3,False,False,-5.05000,1.97000,-15.05000,2.40000,0.00000,0.00000
5597,201.57375,0.03371,Yakından incele · fire3,False,False,-5.05000,1.97000,-15.05000,2.40000,0.00000,0.00000
5598,201.60738,0.03363,Yakından incele · fire3,False,False,-5.05000,1.97000,-15.05000,2.40000,0.00000,0.00000
5599,201.64100,0.03362,Yakından incele · fire3,False,False,-5.05000,1.97000,-15.05000,2.40000,0.00000,0.00000
5600,201.67401,0.03301,Yakından incele · fire3,False,False,-5.05000,1.97000,-15.05000,2.40000,0.00000,0.00000
5601,201.70749,0.03348,Yakından incele · fire3,False,False,-5.05000,1.97000,-15.05000,2.40000,0.00000,0.00000
5602,201.74298,0.03550,Yakından incele · hose,True,False,-5.04464,1.96635,-15.05411,2.39449,0.00768,0.51738
5603,201.77210,0.02911,Yakından incele · hose,True,False,-5.02921,1.95584,-15.06593,2.37861,0.02210,1.48882
5604,201.80072,0.02862,Yakından incele · hose,True,False,-5.00892,1.94201,-15.08148,2.35774,0.02906,1.95718
5605,201.83401,0.03329,Yakından incele · hose,True,False,-4.97684,1.92016,-15.10606,2.32475,0.04594,3.09551
5606,201.86733,0.03332,Yakından incele · hose,True,False,-4.93707,1.89307,-15.13652,2.28385,0.05695,3.83714
5607,201.90067,0.03334,Yakından incele · hose,True,False,-4.88974,1.86083,-15.17279,2.23516,0.06779,4.56724
5608,201.93352,0.03284,Yakından incele · hose,True,False,-4.83665,1.82467,-15.21346,2.18056,0.07603,5.12264
5609,201.96631,0.03279,Yakından incele · hose,True,False,-4.77684,1.78392,-15.25929,2.11903,0.08567,5.77231
5610,202.00014,0.03382,Yakından incele · hose,True,False,-4.71281,1.74030,-15.30835,2.05317,0.09170,6.17905
5611,202.03392,0.03378,Yakından incele · hose,True,False,-4.64130,1.69159,-15.36313,1.97962,0.10241,6.90074
5612,202.06699,0.03307,Yakından incele · hose,True,False,-4.56872,1.64215,-15.41874,1.90497,0.10393,7.00348
5613,202.10043,0.03345,Yakından incele · hose,True,False,-4.49144,1.58950,-15.47795,1.82548,0.11068,7.45808
5614,202.13439,0.03396,Yakından incele · hose,True,False,-4.41207,1.53543,-15.53876,1.74384,0.11368,7.65993
5615,202.16755,0.03316,Yakından incele · hose,True,False,-4.32862,1.47859,-15.60269,1.65801,0.11950,8.05236
5616,202.20016,0.03261,Yakından incele · hose,True,False,-4.24904,1.42437,-15.66367,1.57615,0.11398,7.68015
5617,202.23306,0.03290,Yakından incele · hose,True,False,-4.16435,1.36668,-15.72855,1.48904,0.12129,8.17258
5618,202.26626,0.03321,Yakından incele · hose,True,False,-4.08391,1.31189,-15.79018,1.40631,0.11520,7.76222
5619,202.30041,0.03415,Yakından incele · hose,True,False,-3.99880,1.25391,-15.85539,1.31876,0.12190,8.21350
5620,202.33386,0.03345,Yakından incele · hose,True,False,-3.91806,1.19891,-15.91725,1.23572,0.11562,7.79062
5621,202.36747,0.03361,Yakından incele · hose,True,False,-3.83881,1.14493,-15.97797,1.15421,0.11350,7.64795
5622,202.40060,0.03313,Yakından incele · hose,True,False,-3.76291,1.09322,-16.03612,1.07614,0.10870,7.32467
5623,202.43370,0.03310,Yakından incele · hose,True,False,-3.69009,1.04361,-16.09191,1.00123,0.10430,7.02782
5624,202.46715,0.03345,Yakından incele · hose,True,False,-3.62232,0.99745,-16.14383,0.93153,0.09705,6.53936
5625,202.50106,0.03391,Yakından incele · hose,True,False,-3.55686,0.95286,-16.19398,0.86420,0.09374,6.31654
5626,202.53420,0.03314,Yakından incele · hose,True,False,-3.49958,0.91384,-16.23787,0.80528,0.08204,5.52785
5627,202.56724,0.03304,Yakından incele · hose,True,False,-3.44705,0.87805,-16.27812,0.75125,0.07523,5.06948
5628,202.60047,0.03322,Yakından incele · hose,True,False,-3.40223,0.84752,-16.31246,0.70515,0.06419,4.32549
5629,202.63503,0.03457,Yakından incele · hose,True,False,-3.36402,0.82149,-16.34173,0.66585,0.05472,3.68690
5630,202.66846,0.03343,Yakından incele · hose,True,False,-3.33369,0.80083,-16.36497,0.63466,0.04343,2.92653
5631,202.70124,0.03278,Yakından incele · hose,True,False,-3.31323,0.78689,-16.38065,0.61361,0.02931,1.97430
5632,202.73417,0.03293,Yakından incele · hose,True,False,-3.30200,0.77924,-16.38925,0.60206,0.01608,1.08281
5633,202.76730,0.03313,Yakından incele · hose,False,False,-3.30000,0.77788,-16.39078,0.60000,0.00286,0.18975
5634,202.80103,0.03373,Yakından incele · hose,False,False,-3.30000,0.77788,-16.39078,0.60000,0.00000,0.00000
5635,202.83443,0.03340,Yakından incele · hose,False,False,-3.30000,0.77788,-16.39078,0.60000,0.00000,0.00000
5636,202.86846,0.03403,Yakından incele · hose,False,False,-3.30000,0.77788,-16.39078,0.60000,0.00000,0.00000
5637,202.91379,0.04533,Yakından incele · hose,False,False,-3.30000,0.77788,-16.39078,0.60000,0.00000,0.00000
5638,202.95011,0.03632,Yakından incele · hose,False,False,-3.30000,0.77788,-16.39078,0.60000,0.00000,0.00000
5639,202.96732,0.01721,Yakından incele · hose,False,False,-3.30000,0.77788,-16.39078,0.60000,0.00000,0.00000
5640,203.00102,0.03370,Yakından incele · hose,False,False,-3.30000,0.77788,-16.39078,0.60000,0.00000,0.00000
5641,203.03464,0.03362,Yakından incele · hose,False,False,-3.30000,0.77788,-16.39078,0.60000,0.00000,0.00000
5642,203.06785,0.03321,Yakından incele · hose,False,False,-3.30000,0.77788,-16.39078,0.60000,0.00000,0.00000
5643,203.10070,0.03285,Yakından incele · hose,False,False,-3.30000,0.77788,-16.39078,0.60000,0.00000,0.00000
5644,203.13459,0.03390,Yakından incele · hose,False,False,-3.30000,0.77788,-16.39078,0.60000,0.00000,0.00000
5645,203.16821,0.03362,Yakından incele · hose,False,False,-3.30000,0.77788,-16.39078,0.60000,0.00000,0.00000
5646,203.20287,0.03466,Yakından incele · hose,False,False,-3.30000,0.77788,-16.39078,0.60000,0.00000,0.00000
5647,203.23457,0.03169,Yakından incele · hose,False,False,-3.30000,0.77788,-16.39078,0.60000,0.00000,0.00000
5648,203.26589,0.03132,Yakından incele · hose,False,False,-3.30000,0.77788,-16.39078,0.60000,0.00000,0.00000
5649,203.30042,0.03453,Yakından incele · hose,False,False,-3.30000,0.77788,-16.39078,0.60000,0.00000,0.00000
5650,203.33450,0.03408,Yakından incele · hose,False,False,-3.30000,0.77788,-16.39078,0.60000,0.00000,0.00000
5651,203.36716,0.03266,Yakından incele · hose,False,False,-3.30000,0.77788,-16.39078,0.60000,0.00000,0.00000
5652,203.40072,0.03357,Yakından incele · hose,False,False,-3.30000,0.77788,-16.39078,0.60000,0.00000,0.00000
5653,203.43516,0.03444,Yakından incele · hose,False,False,-3.30000,0.77788,-16.39078,0.60000,0.00000,0.00000
5654,203.46858,0.03342,Yakından incele · hose,False,False,-3.30000,0.77788,-16.39078,0.60000,0.00000,0.00000
5655,203.51161,0.04303,Yakından incele · hose,False,False,-3.30000,0.77788,-16.39078,0.60000,0.00000,0.00000
5656,203.54373,0.03212,Yakından incele · hose,False,False,-3.30000,0.77788,-16.39078,0.60000,0.00000,0.00000
5657,203.57580,0.03207,Yakından incele · hose,False,False,-3.30000,0.77788,-16.39078,0.60000,0.00000,0.00000
5658,203.60910,0.03330,Yakından incele · hose,False,False,-3.30000,0.77788,-16.39078,0.60000,0.00000,0.00000
5659,203.64289,0.03379,Yakından incele · hose,False,False,-3.30000,0.77788,-16.39078,0.60000,0.00000,0.00000
5660,203.67806,0.03517,Yakından incele · hose,False,False,-3.30000,0.77788,-16.39078,0.60000,0.00000,0.00000
5661,203.71130,0.03324,Yakından incele · hose,False,False,-3.30000,0.77788,-16.39078,0.60000,0.00000,0.00000
5662,203.74399,0.03269,Yakından incele · hose,False,False,-3.30000,0.77788,-16.39078,0.60000,0.00000,0.00000
5663,203.77739,0.03339,Yakından incele · hose,False,False,-3.30000,0.77788,-16.39078,0.60000,0.00000,0.00000
5664,203.81031,0.03293,Yakından incele · hose,False,False,-3.30000,0.77788,-16.39078,0.60000,0.00000,0.00000
5665,203.84449,0.03418,Yakından incele · hose,False,False,-3.30000,0.77788,-16.39078,0.60000,0.00000,0.00000
5666,203.87801,0.03352,Yakından incele · hose,False,False,-3.30000,0.77788,-16.39078,0.60000,0.00000,0.00000
5667,203.91037,0.03236,Yakından incele · hose,False,False,-3.30000,0.77788,-16.39078,0.60000,0.00000,0.00000
5668,203.94355,0.03318,Yakından incele · hose,False,False,-3.30000,0.77788,-16.39078,0.60000,0.00000,0.00000
5669,203.97800,0.03445,Yakından incele · hose,False,False,-3.30000,0.77788,-16.39078,0.60000,0.00000,0.00000
5670,204.01255,0.03455,Yakından incele · hose,False,False,-3.30000,0.77788,-16.39078,0.60000,0.00000,0.00000
5671,204.04732,0.03477,Yakından incele · hose,False,False,-3.30000,0.77788,-16.39078,0.60000,0.00000,0.00000
5672,204.07972,0.03241,Yakından incele · hose,False,False,-3.30000,0.77788,-16.39078,0.60000,0.00000,0.00000
5673,204.11098,0.03125,Yakından incele · hose,False,False,-3.30000,0.77788,-16.39078,0.60000,0.00000,0.00000
5674,204.14531,0.03434,Yakından incele · hose,False,False,-3.30000,0.77788,-16.39078,0.60000,0.00000,0.00000
5675,204.17827,0.03295,Yakından incele · hose,False,False,-3.30000,0.77788,-16.39078,0.60000,0.00000,0.00000
5676,204.21186,0.03359,Yakından incele · hose,False,False,-3.30000,0.77788,-16.39078,0.60000,0.00000,0.00000
5677,204.24648,0.03463,Yakından incele · hose,False,False,-3.30000,0.77788,-16.39078,0.60000,0.00000,0.00000
5678,204.28112,0.03464,Yakından incele · hose,False,False,-3.30000,0.77788,-16.39078,0.60000,0.00000,0.00000
5679,204.31469,0.03356,Yakından incele · hose,False,False,-3.30000,0.77788,-16.39078,0.60000,0.00000,0.00000
5680,204.34746,0.03277,Yakından incele · hose,False,False,-3.30000,0.77788,-16.39078,0.60000,0.00000,0.00000
5681,204.37792,0.03046,Yakından incele · hose,False,False,-3.30000,0.77788,-16.39078,0.60000,0.00000,0.00000
5682,204.41017,0.03225,Yakından incele · hose,False,False,-3.30000,0.77788,-16.39078,0.60000,0.00000,0.00000
5683,204.44605,0.03588,Yakından incele · hose,False,False,-3.30000,0.77788,-16.39078,0.60000,0.00000,0.00000
5684,204.47886,0.03281,Yakından incele · hose,False,False,-3.30000,0.77788,-16.39078,0.60000,0.00000,0.00000
5685,204.51039,0.03153,Yakından incele · hose,False,False,-3.30000,0.77788,-16.39078,0.60000,0.00000,0.00000
5686,204.54461,0.03422,Yakından incele · hose,False,False,-3.30000,0.77788,-16.39078,0.60000,0.00000,0.00000
5687,204.57936,0.03475,Yakından incele · hose,False,False,-3.30000,0.77788,-16.39078,0.60000,0.00000,0.00000
5688,204.61144,0.03208,Yakından incele · hose,False,False,-3.30000,0.77788,-16.39078,0.60000,0.00000,0.00000
5689,204.64248,0.03104,Yakından incele · hose,False,False,-3.30000,0.77788,-16.39078,0.60000,0.00000,0.00000
5690,204.67684,0.03436,Yakından incele · hose,False,False,-3.30000,0.77788,-16.39078,0.60000,0.00000,0.00000
5691,204.71092,0.03407,Yakından incele · hose,False,False,-3.30000,0.77788,-16.39078,0.60000,0.00000,0.00000
5692,204.74399,0.03307,Yakından incele · hose,False,False,-3.30000,0.77788,-16.39078,0.60000,0.00000,0.00000
5693,204.77725,0.03326,Yakından incele · hose,False,False,-3.30000,0.77788,-16.39078,0.60000,0.00000,0.00000
5694,204.81084,0.03358,Yakından incele · hose,False,False,-3.30000,0.77788,-16.39078,0.60000,0.00000,0.00000
5695,204.84417,0.03333,Yakından incele · hose,False,False,-3.30000,0.77788,-16.39078,0.60000,0.00000,0.00000
5696,204.87797,0.03380,Yakından incele · hose,False,False,-3.30000,0.77788,-16.39078,0.60000,0.00000,0.00000
5697,204.91142,0.03345,Yakından incele · hose,False,False,-3.30000,0.77788,-16.39078,0.60000,0.00000,0.00000
5698,204.94411,0.03269,Yakından incele · hose,False,False,-3.30000,0.77788,-16.39078,0.60000,0.00000,0.00000
5699,204.97757,0.03346,Yakından incele · hose,False,False,-3.30000,0.77788,-16.39078,0.60000,0.00000,0.00000
5700,205.01119,0.03363,Yakından incele · hose,False,False,-3.30000,0.77788,-16.39078,0.60000,0.00000,0.00000
5701,205.04388,0.03268,Yakından incele · hose,False,False,-3.30000,0.77788,-16.39078,0.60000,0.00000,0.00000
5702,205.07715,0.03327,Yakından incele · hose,False,False,-3.30000,0.77788,-16.39078,0.60000,0.00000,0.00000
5703,205.11028,0.03313,Yakından incele · hose,False,False,-3.30000,0.77788,-16.39078,0.60000,0.00000,0.00000
5704,205.14319,0.03291,Yakından incele · hose,False,False,-3.30000,0.77788,-16.39078,0.60000,0.00000,0.00000
5705,205.17746,0.03426,Yakından incele · hose,False,False,-3.30000,0.77788,-16.39078,0.60000,0.00000,0.00000
5706,205.21138,0.03392,Yakından incele · hose,False,False,-3.30000,0.77788,-16.39078,0.60000,0.00000,0.00000
5707,205.24439,0.03302,Yakından incele · hose,False,False,-3.30000,0.77788,-16.39078,0.60000,0.00000,0.00000
5708,205.27763,0.03323,Yakından incele · hose,False,False,-3.30000,0.77788,-16.39078,0.60000,0.00000,0.00000
5709,205.31096,0.03333,Yakından incele · hose,False,False,-3.30000,0.77788,-16.39078,0.60000,0.00000,0.00000
5710,205.34411,0.03315,Yakından incele · hose,False,False,-3.30000,0.77788,-16.39078,0.60000,0.00000,0.00000
5711,205.37761,0.03350,Yakından incele · hose,False,False,-3.30000,0.77788,-16.39078,0.60000,0.00000,0.00000
5712,205.41047,0.03286,Yakından incele · hose,False,False,-3.30000,0.77788,-16.39078,0.60000,0.00000,0.00000
5713,205.44390,0.03344,Yakından incele · hose,False,False,-3.30000,0.77788,-16.39078,0.60000,0.00000,0.00000
5714,205.47755,0.03365,Yakından incele · hose,False,False,-3.30000,0.77788,-16.39078,0.60000,0.00000,0.00000
5715,205.51100,0.03345,Yakından incele · hose,False,False,-3.30000,0.77788,-16.39078,0.60000,0.00000,0.00000
5716,205.54443,0.03343,Yakından incele · hose,False,False,-3.30000,0.77788,-16.39078,0.60000,0.00000,0.00000
5717,205.57804,0.03360,Yakından incele · hose,False,False,-3.30000,0.77788,-16.39078,0.60000,0.00000,0.00000
5718,205.61197,0.03393,Yakından incele · hose,False,False,-3.30000,0.77788,-16.39078,0.60000,0.00000,0.00000
5719,205.64565,0.03368,Yakından incele · hose,False,False,-3.30000,0.77788,-16.39078,0.60000,0.00000,0.00000
5720,205.67823,0.03259,Yakından incele · hose,False,False,-3.30000,0.77788,-16.39078,0.60000,0.00000,0.00000
5721,205.71153,0.03329,Yakından incele · hose,False,False,-3.30000,0.77788,-16.39078,0.60000,0.00000,0.00000
5722,205.74446,0.03294,Yakından incele · hose,False,False,-3.30000,0.77788,-16.39078,0.60000,0.00000,0.00000
5723,205.77749,0.03303,Yakından incele · hose,False,False,-3.30000,0.77788,-16.39078,0.60000,0.00000,0.00000
5724,205.81004,0.03255,Yakından incele · hose,False,False,-3.30000,0.77788,-16.39078,0.60000,0.00000,0.00000
5725,205.84325,0.03322,Yakından incele · hose,False,False,-3.30000,0.77788,-16.39078,0.60000,0.00000,0.00000
5726,205.87718,0.03393,Yakından incele · hose,False,False,-3.30000,0.77788,-16.39078,0.60000,0.00000,0.00000
5727,205.91135,0.03416,Yakından incele · hose,False,False,-3.30000,0.77788,-16.39078,0.60000,0.00000,0.00000
5728,205.94526,0.03392,Yakından incele · hose,False,False,-3.30000,0.77788,-16.39078,0.60000,0.00000,0.00000
5729,205.97864,0.03337,Yakından incele · hose,False,False,-3.30000,0.77788,-16.39078,0.60000,0.00000,0.00000
5730,206.01074,0.03210,Yakından incele · hose,False,False,-3.30000,0.77788,-16.39078,0.60000,0.00000,0.00000
5731,206.04340,0.03266,Yakından incele · hose,False,False,-3.30000,0.77788,-16.39078,0.60000,0.00000,0.00000
5732,206.07727,0.03387,Yakından incele · hose,False,False,-3.30000,0.77788,-16.39078,0.60000,0.00000,0.00000
5733,206.11112,0.03386,Yakından incele · hose,False,False,-3.30000,0.77788,-16.39078,0.60000,0.00000,0.00000
5734,206.14414,0.03301,Yakından incele · hose,False,False,-3.30000,0.77788,-16.39078,0.60000,0.00000,0.00000
5735,206.17673,0.03259,Yakından incele · hose,False,False,-3.30000,0.77788,-16.39078,0.60000,0.00000,0.00000
5736,206.20978,0.03305,Yakından incele · hose,False,False,-3.30000,0.77788,-16.39078,0.60000,0.00000,0.00000
5737,206.24345,0.03367,Yakından incele · hose,False,False,-3.30000,0.77788,-16.39078,0.60000,0.00000,0.00000
5738,206.27742,0.03397,Yakından incele · hose,False,False,-3.30000,0.77788,-16.39078,0.60000,0.00000,0.00000
5739,206.31128,0.03386,Yakından incele · hose,False,False,-3.30000,0.77788,-16.39078,0.60000,0.00000,0.00000
5740,206.34408,0.03280,Yakından incele · hose,False,False,-3.30000,0.77788,-16.39078,0.60000,0.00000,0.00000
5741,206.37665,0.03257,Yakından incele · hose,False,False,-3.30000,0.77788,-16.39078,0.60000,0.00000,0.00000
5742,206.41038,0.03374,Yakından incele · hose,False,False,-3.30000,0.77788,-16.39078,0.60000,0.00000,0.00000
5743,206.44399,0.03360,Yakından incele · hose,False,False,-3.30000,0.77788,-16.39078,0.60000,0.00000,0.00000
5744,206.47696,0.03297,Yakından incele · hose,False,False,-3.30000,0.77788,-16.39078,0.60000,0.00000,0.00000
5745,206.51041,0.03345,Yakından incele · hose,False,False,-3.30000,0.77788,-16.39078,0.60000,0.00000,0.00000
5746,206.54350,0.03310,Yakından incele · hose,False,False,-3.30000,0.77788,-16.39078,0.60000,0.00000,0.00000
5747,206.57673,0.03323,Yakından incele · hose,False,False,-3.30000,0.77788,-16.39078,0.60000,0.00000,0.00000
5748,206.61105,0.03431,Yakından incele · hose,False,False,-3.30000,0.77788,-16.39078,0.60000,0.00000,0.00000
5749,206.64439,0.03335,Yakından incele · hose,False,False,-3.30000,0.77788,-16.39078,0.60000,0.00000,0.00000
5750,206.67720,0.03281,Yakından incele · hose,False,False,-3.30000,0.77788,-16.39078,0.60000,0.00000,0.00000
5751,206.71028,0.03308,Yakından incele · hose,False,False,-3.30000,0.77788,-16.39078,0.60000,0.00000,0.00000
5752,206.74386,0.03358,Yakından incele · hose,False,False,-3.30000,0.77788,-16.39078,0.60000,0.00000,0.00000
5753,206.77795,0.03409,Yakından incele · hose,False,False,-3.30000,0.77788,-16.39078,0.60000,0.00000,0.00000
5754,206.82049,0.04254,Yakından incele · hose,False,False,-3.30000,0.77788,-16.39078,0.60000,0.00000,0.00000
5755,206.85312,0.03263,Yakından incele · hose,False,False,-3.30000,0.77788,-16.39078,0.60000,0.00000,0.00000
5756,206.88597,0.03286,Yakından incele · hose,False,False,-3.30000,0.77788,-16.39078,0.60000,0.00000,0.00000
5757,206.91889,0.03291,Yakından incele · hose,False,False,-3.30000,0.77788,-16.39078,0.60000,0.00000,0.00000
5758,206.95195,0.03306,Yakından incele · hose,False,False,-3.30000,0.77788,-16.39078,0.60000,0.00000,0.00000
5759,206.98592,0.03398,Yakından incele · hose,False,False,-3.30000,0.77788,-16.39078,0.60000,0.00000,0.00000
5760,207.02232,0.03640,Yakından incele · hose,False,False,-3.30000,0.77788,-16.39078,0.60000,0.00000,0.00000
5761,207.05811,0.03579,Yakından incele · hose,False,False,-3.30000,0.77788,-16.39078,0.60000,0.00000,0.00000
5762,207.08832,0.03021,Yakından incele · hose,False,False,-3.30000,0.77788,-16.39078,0.60000,0.00000,0.00000
5763,207.11926,0.03094,Yakından incele · hose,False,False,-3.30000,0.77788,-16.39078,0.60000,0.00000,0.00000
5764,207.15268,0.03341,Yakından incele · hose,False,False,-3.30000,0.77788,-16.39078,0.60000,0.00000,0.00000
5765,207.18647,0.03380,Yakından incele · hose,False,False,-3.30000,0.77788,-16.39078,0.60000,0.00000,0.00000
5766,207.25238,0.06590,Yakından incele · hose,False,False,-3.30000,0.77788,-16.39078,0.60000,0.00000,0.00000
5767,207.28540,0.03303,Yakından incele · hose,False,False,-3.30000,0.77788,-16.39078,0.60000,0.00000,0.00000
5768,207.30606,0.02065,Yakından incele · hose,False,False,-3.30000,0.77788,-16.39078,0.60000,0.00000,0.00000
5769,207.31856,0.01251,Yakından incele · hose,False,False,-3.30000,0.77788,-16.39078,0.60000,0.00000,0.00000
5770,207.35172,0.03316,Yakından incele · hose,False,False,-3.30000,0.77788,-16.39078,0.60000,0.00000,0.00000
5771,207.38468,0.03296,Yakından incele · hose,False,False,-3.30000,0.77788,-16.39078,0.60000,0.00000,0.00000
5772,207.41892,0.03424,Yakından incele · hose,False,False,-3.30000,0.77788,-16.39078,0.60000,0.00000,0.00000
5773,207.45340,0.03448,Yakından incele · hose,False,False,-3.30000,0.77788,-16.39078,0.60000,0.00000,0.00000
5774,207.48688,0.03348,Yakından incele · hose,False,False,-3.30000,0.77788,-16.39078,0.60000,0.00000,0.00000
5775,207.51980,0.03292,Yakından incele · hose,False,False,-3.30000,0.77788,-16.39078,0.60000,0.00000,0.00000
5776,207.55298,0.03318,Yakından incele · hose,False,False,-3.30000,0.77788,-16.39078,0.60000,0.00000,0.00000
5777,207.58607,0.03310,Yakından incele · hose,False,False,-3.30000,0.77788,-16.39078,0.60000,0.00000,0.00000
5778,207.61934,0.03327,Yakından incele · hose,False,False,-3.30000,0.77788,-16.39078,0.60000,0.00000,0.00000
5779,207.65272,0.03337,Yakından incele · hose,False,False,-3.30000,0.77788,-16.39078,0.60000,0.00000,0.00000
5780,207.68590,0.03318,Yakından incele · hose,False,False,-3.30000,0.77788,-16.39078,0.60000,0.00000,0.00000
5781,207.71882,0.03293,Yakından incele · hose,False,False,-3.30000,0.77788,-16.39078,0.60000,0.00000,0.00000
5782,207.75250,0.03367,Yakından incele · hose,False,False,-3.30000,0.77788,-16.39078,0.60000,0.00000,0.00000
5783,207.78566,0.03316,Yakından incele · hose,False,False,-3.30000,0.77788,-16.39078,0.60000,0.00000,0.00000
5784,207.81904,0.03338,Yakından incele · hose,False,False,-3.30000,0.77788,-16.39078,0.60000,0.00000,0.00000
5785,207.85269,0.03365,Yakından incele · hose,False,False,-3.30000,0.77788,-16.39078,0.60000,0.00000,0.00000
5786,207.88622,0.03353,Yakından incele · hose,False,False,-3.30000,0.77788,-16.39078,0.60000,0.00000,0.00000
5787,207.91943,0.03321,Yakından incele · hose,False,False,-3.30000,0.77788,-16.39078,0.60000,0.00000,0.00000
5788,207.95258,0.03316,Yakından incele · hose,False,False,-3.30000,0.77788,-16.39078,0.60000,0.00000,0.00000
5789,207.98557,0.03298,Yakından incele · hose,False,False,-3.30000,0.77788,-16.39078,0.60000,0.00000,0.00000
5790,208.01888,0.03331,Yakından incele · hose,False,False,-3.30000,0.77788,-16.39078,0.60000,0.00000,0.00000
5791,208.05284,0.03397,Yakından incele · hose,False,False,-3.30000,0.77788,-16.39078,0.60000,0.00000,0.00000
5792,208.08567,0.03282,Yakından incele · hose,False,False,-3.30000,0.77788,-16.39078,0.60000,0.00000,0.00000
5793,208.11905,0.03338,Yakından incele · hose,False,False,-3.30000,0.77788,-16.39078,0.60000,0.00000,0.00000
5794,208.15337,0.03432,Yakından incele · hose,False,False,-3.30000,0.77788,-16.39078,0.60000,0.00000,0.00000
5795,208.18660,0.03324,Yakından incele · hose,False,False,-3.30000,0.77788,-16.39078,0.60000,0.00000,0.00000
5796,208.21887,0.03227,Yakından incele · hose,False,False,-3.30000,0.77788,-16.39078,0.60000,0.00000,0.00000
5797,208.25230,0.03343,Yakından incele · hose,False,False,-3.30000,0.77788,-16.39078,0.60000,0.00000,0.00000
5798,208.28565,0.03335,Yakından incele · hose,False,False,-3.30000,0.77788,-16.39078,0.60000,0.00000,0.00000
5799,208.31874,0.03309,Yakından incele · hose,False,False,-3.30000,0.77788,-16.39078,0.60000,0.00000,0.00000
5800,208.35276,0.03401,Yakından incele · hose,False,False,-3.30000,0.77788,-16.39078,0.60000,0.00000,0.00000
5801,208.39752,0.04476,Yakından incele · aid,True,False,-3.28088,0.80012,-16.37036,0.62337,0.03574,0.54392
5802,208.43007,0.03255,Yakından incele · aid,True,False,-3.20070,0.89338,-16.28474,0.72137,0.14985,2.29035
5803,208.45303,0.02297,Yakından incele · aid,True,False,-3.14055,0.96333,-16.22051,0.79488,0.11242,1.71778
5804,208.48736,0.03433,Yakından incele · aid,True,False,-3.01685,1.10722,-16.08841,0.94608,0.23121,3.53404
5805,208.51932,0.03196,Yakından incele · aid,True,False,-2.87155,1.27621,-15.93324,1.12366,0.27156,4.15113
5806,208.55214,0.03282,Yakından incele · aid,True,False,-2.70272,1.47258,-15.75295,1.33002,0.31555,4.82368
5807,208.58580,0.03367,Yakından incele · aid,True,False,-2.50513,1.70240,-15.54195,1.57151,0.36929,5.64516
5808,208.61916,0.03335,Yakından incele · aid,True,False,-2.28617,1.95707,-15.30812,1.83913,0.40924,6.25588
5809,208.65336,0.03420,Yakından incele · aid,True,False,-2.04998,2.23178,-15.05590,2.12781,0.44144,6.74812
5810,208.68747,0.03412,Yakından incele · aid,True,False,-1.78953,2.53471,-14.77778,2.44613,0.48677,7.44115
5811,208.71927,0.03179,Yakından incele · aid,True,False,-1.52690,2.84017,-14.49732,2.76712,0.49086,7.50373
5812,208.75262,0.03336,Yakından incele · aid,True,False,-1.25688,3.15424,-14.20896,3.09715,0.50468,7.71495
5813,208.78712,0.03449,Yakından incele · aid,True,False,-0.95969,3.49990,-13.89160,3.46039,0.55545,8.49122
5814,208.82012,0.03300,Yakından incele · aid,True,False,-0.66694,3.84039,-13.57897,3.81819,0.54715,8.36424
5815,208.85291,0.03279,Yakından incele · aid,True,False,-0.37140,4.18413,-13.26338,4.17940,0.55235,8.44385
5816,208.88576,0.03285,Yakından incele · aid,True,False,-0.07270,4.53156,-12.94439,4.54448,0.55829,8.53456
5817,208.91933,0.03357,Yakından incele · aid,True,False,0.22241,4.87479,-12.62926,4.90517,0.55155,8.43150
5818,208.95254,0.03322,Yakından incele · aid,True,False,0.52542,5.22723,-12.30567,5.27552,0.56634,8.65751
5819,208.98577,0.03323,Yakından incele · aid,True,False,0.80776,5.55562,-12.00416,5.62060,0.52770,8.06685
5820,209.01961,0.03384,Yakından incele · aid,True,False,1.09807,5.89328,-11.69415,5.97542,0.54259,8.29455
5821,209.05222,0.03261,Yakından incele · aid,True,False,1.36732,6.20643,-11.40663,6.30450,0.50321,7.69258
5822,209.08541,0.03319,Yakından incele · aid,True,False,1.62535,6.50655,-11.13108,6.61987,0.48227,7.37231
5823,209.12027,0.03486,Yakından incele · aid,True,False,1.87107,6.79235,-10.86867,6.92020,0.45925,7.02046
5824,209.15361,0.03334,Yakından incele · aid,True,False,2.10750,7.06734,-10.61620,7.20917,0.44188,6.75496
5825,209.18537,0.03176,Yakından incele · aid,True,False,2.30509,7.29716,-10.40519,7.45067,0.36930,5.64544
5826,209.21895,0.03358,Yakından incele · aid,True,False,2.49091,7.51328,-10.20676,7.67777,0.34728,5.30893
5827,209.25204,0.03309,Yakından incele · aid,True,False,2.65062,7.69904,-10.03621,7.87297,0.29850,4.56312
5828,209.28594,0.03390,Yakından incele · aid,True,False,2.78330,7.85336,-9.89453,8.03514,0.24798,3.79075
5829,209.31974,0.03380,Yakından incele · aid,True,False,2.88825,7.97543,-9.78245,8.16342,0.19616,2.99866
5830,209.35292,0.03318,Yakından incele · aid,True,False,2.95913,8.05787,-9.70676,8.25005,0.13247,2.02518
5831,209.38521,0.03229,Yakından incele · aid,True,False,2.99535,8.10000,-9.66808,8.29432,0.06770,1.03475
5832,209.41783,0.03262,Yakından incele · aid,False,False,3.00000,8.10541,-9.66311,8.30000,0.00869,0.00000
5833,209.46298,0.04515,Yakından incele · aid,False,False,3.00000,8.10541,-9.66311,8.30000,0.00000,0.00000
5834,209.48643,0.02345,Yakından incele · aid,False,False,3.00000,8.10541,-9.66311,8.30000,0.00000,0.00000
5835,209.51937,0.03294,Yakından incele · aid,False,False,3.00000,8.10541,-9.66311,8.30000,0.00000,0.00000
5836,209.55275,0.03338,Yakından incele · aid,False,False,3.00000,8.10541,-9.66311,8.30000,0.00000,0.00000
5837,209.58528,0.03253,Yakından incele · aid,False,False,3.00000,8.10541,-9.66311,8.30000,0.00000,0.00000
5838,209.61802,0.03274,Yakından incele · aid,False,False,3.00000,8.10541,-9.66311,8.30000,0.00000,0.00000
5839,209.65242,0.03441,Yakından incele · aid,False,False,3.00000,8.10541,-9.66311,8.30000,0.00000,0.00000
5840,209.68694,0.03452,Yakından incele · aid,False,False,3.00000,8.10541,-9.66311,8.30000,0.00000,0.00000
5841,209.72044,0.03350,Yakından incele · aid,False,False,3.00000,8.10541,-9.66311,8.30000,0.00000,0.00000
5842,209.75328,0.03283,Yakından incele · aid,False,False,3.00000,8.10541,-9.66311,8.30000,0.00000,0.00000
5843,209.78683,0.03356,Yakından incele · aid,False,False,3.00000,8.10541,-9.66311,8.30000,0.00000,0.00000
5844,209.82014,0.03330,Yakından incele · aid,False,False,3.00000,8.10541,-9.66311,8.30000,0.00000,0.00000
5845,209.85276,0.03262,Yakından incele · aid,False,False,3.00000,8.10541,-9.66311,8.30000,0.00000,0.00000
5846,209.88633,0.03358,Yakından incele · aid,False,False,3.00000,8.10541,-9.66311,8.30000,0.00000,0.00000
5847,209.92023,0.03389,Yakından incele · aid,False,False,3.00000,8.10541,-9.66311,8.30000,0.00000,0.00000
5848,209.95361,0.03338,Yakından incele · aid,False,False,3.00000,8.10541,-9.66311,8.30000,0.00000,0.00000
5849,209.98690,0.03329,Yakından incele · aid,False,False,3.00000,8.10541,-9.66311,8.30000,0.00000,0.00000
5850,210.02054,0.03364,Yakından incele · aid,False,False,3.00000,8.10541,-9.66311,8.30000,0.00000,0.00000
5851,210.05486,0.03432,Yakından incele · aid,False,False,3.00000,8.10541,-9.66311,8.30000,0.00000,0.00000
5852,210.08755,0.03269,Yakından incele · aid,False,False,3.00000,8.10541,-9.66311,8.30000,0.00000,0.00000
5853,210.15738,0.06983,Yakından incele · aid,False,False,3.00000,8.10541,-9.66311,8.30000,0.00000,0.00000
5854,210.16633,0.00895,Yakından incele · aid,False,False,3.00000,8.10541,-9.66311,8.30000,0.00000,0.00000
5855,210.19596,0.02963,Yakından incele · aid,False,False,3.00000,8.10541,-9.66311,8.30000,0.00000,0.00000
5856,210.22973,0.03378,Yakından incele · aid,False,False,3.00000,8.10541,-9.66311,8.30000,0.00000,0.00000
5857,210.26247,0.03274,Yakından incele · aid,False,False,3.00000,8.10541,-9.66311,8.30000,0.00000,0.00000
5858,210.29652,0.03405,Yakından incele · aid,False,False,3.00000,8.10541,-9.66311,8.30000,0.00000,0.00000
5859,210.33202,0.03549,Yakından incele · aid,False,False,3.00000,8.10541,-9.66311,8.30000,0.00000,0.00000
5860,210.36568,0.03366,Yakından incele · aid,False,False,3.00000,8.10541,-9.66311,8.30000,0.00000,0.00000
5861,210.39671,0.03103,Yakından incele · aid,False,False,3.00000,8.10541,-9.66311,8.30000,0.00000,0.00000
5862,210.42879,0.03208,Yakından incele · aid,False,False,3.00000,8.10541,-9.66311,8.30000,0.00000,0.00000
5863,210.46252,0.03373,Yakından incele · aid,False,False,3.00000,8.10541,-9.66311,8.30000,0.00000,0.00000
5864,210.49559,0.03307,Yakından incele · aid,False,False,3.00000,8.10541,-9.66311,8.30000,0.00000,0.00000
5865,210.52854,0.03296,Yakından incele · aid,False,False,3.00000,8.10541,-9.66311,8.30000,0.00000,0.00000
5866,210.56161,0.03306,Yakından incele · aid,False,False,3.00000,8.10541,-9.66311,8.30000,0.00000,0.00000
5867,210.59477,0.03317,Yakından incele · aid,False,False,3.00000,8.10541,-9.66311,8.30000,0.00000,0.00000
5868,210.62871,0.03394,Yakından incele · aid,False,False,3.00000,8.10541,-9.66311,8.30000,0.00000,0.00000
5869,210.66229,0.03357,Yakından incele · aid,False,False,3.00000,8.10541,-9.66311,8.30000,0.00000,0.00000
5870,210.69564,0.03335,Yakından incele · aid,False,False,3.00000,8.10541,-9.66311,8.30000,0.00000,0.00000
5871,210.72925,0.03361,Yakından incele · aid,False,False,3.00000,8.10541,-9.66311,8.30000,0.00000,0.00000
5872,210.76216,0.03291,Yakından incele · aid,False,False,3.00000,8.10541,-9.66311,8.30000,0.00000,0.00000
5873,210.79592,0.03375,Yakından incele · aid,False,False,3.00000,8.10541,-9.66311,8.30000,0.00000,0.00000
5874,210.84934,0.05343,Yakından incele · aid,False,False,3.00000,8.10541,-9.66311,8.30000,0.00000,0.00000
5875,210.86227,0.01293,Yakından incele · aid,False,False,3.00000,8.10541,-9.66311,8.30000,0.00000,0.00000
5876,210.89545,0.03318,Yakından incele · aid,False,False,3.00000,8.10541,-9.66311,8.30000,0.00000,0.00000
5877,210.92934,0.03389,Yakından incele · aid,False,False,3.00000,8.10541,-9.66311,8.30000,0.00000,0.00000
5878,210.96245,0.03311,Yakından incele · aid,False,False,3.00000,8.10541,-9.66311,8.30000,0.00000,0.00000
5879,210.99537,0.03292,Yakından incele · aid,False,False,3.00000,8.10541,-9.66311,8.30000,0.00000,0.00000
5880,211.02950,0.03413,Yakından incele · aid,False,False,3.00000,8.10541,-9.66311,8.30000,0.00000,0.00000
5881,211.06322,0.03372,Yakından incele · aid,False,False,3.00000,8.10541,-9.66311,8.30000,0.00000,0.00000
5882,211.09584,0.03262,Yakından incele · aid,False,False,3.00000,8.10541,-9.66311,8.30000,0.00000,0.00000
5883,211.12969,0.03384,Yakından incele · aid,False,False,3.00000,8.10541,-9.66311,8.30000,0.00000,0.00000
5884,211.16284,0.03316,Yakından incele · aid,False,False,3.00000,8.10541,-9.66311,8.30000,0.00000,0.00000
5885,211.19569,0.03284,Yakından incele · aid,False,False,3.00000,8.10541,-9.66311,8.30000,0.00000,0.00000
5886,211.22935,0.03367,Yakından incele · aid,False,False,3.00000,8.10541,-9.66311,8.30000,0.00000,0.00000
5887,211.26287,0.03352,Yakından incele · aid,False,False,3.00000,8.10541,-9.66311,8.30000,0.00000,0.00000
5888,211.29568,0.03280,Yakından incele · aid,False,False,3.00000,8.10541,-9.66311,8.30000,0.00000,0.00000
5889,211.32911,0.03343,Yakından incele · aid,False,False,3.00000,8.10541,-9.66311,8.30000,0.00000,0.00000
5890,211.36262,0.03351,Yakından incele · aid,False,False,3.00000,8.10541,-9.66311,8.30000,0.00000,0.00000
5891,211.39615,0.03354,Yakından incele · aid,False,False,3.00000,8.10541,-9.66311,8.30000,0.00000,0.00000
5892,211.42915,0.03300,Yakından incele · aid,False,False,3.00000,8.10541,-9.66311,8.30000,0.00000,0.00000
5893,211.46236,0.03320,Yakından incele · aid,False,False,3.00000,8.10541,-9.66311,8.30000,0.00000,0.00000
5894,211.49619,0.03383,Yakından incele · aid,False,False,3.00000,8.10541,-9.66311,8.30000,0.00000,0.00000
5895,211.54289,0.04670,Yakından incele · aid,False,False,3.00000,8.10541,-9.66311,8.30000,0.00000,0.00000
5896,211.56284,0.01995,Yakından incele · aid,False,False,3.00000,8.10541,-9.66311,8.30000,0.00000,0.00000
5897,211.59524,0.03240,Yakından incele · aid,False,False,3.00000,8.10541,-9.66311,8.30000,0.00000,0.00000
5898,211.62830,0.03306,Yakından incele · aid,False,False,3.00000,8.10541,-9.66311,8.30000,0.00000,0.00000
5899,211.66151,0.03321,Yakından incele · aid,False,False,3.00000,8.10541,-9.66311,8.30000,0.00000,0.00000
5900,211.69668,0.03517,Yakından incele · aid,False,False,3.00000,8.10541,-9.66311,8.30000,0.00000,0.00000
5901,211.73046,0.03378,Yakından incele · aid,False,False,3.00000,8.10541,-9.66311,8.30000,0.00000,0.00000
5902,211.76317,0.03272,Yakından incele · aid,False,False,3.00000,8.10541,-9.66311,8.30000,0.00000,0.00000
5903,211.79563,0.03246,Yakından incele · aid,False,False,3.00000,8.10541,-9.66311,8.30000,0.00000,0.00000
5904,211.82830,0.03266,Yakından incele · aid,False,False,3.00000,8.10541,-9.66311,8.30000,0.00000,0.00000
5905,211.86208,0.03378,Yakından incele · aid,False,False,3.00000,8.10541,-9.66311,8.30000,0.00000,0.00000
5906,211.89661,0.03453,Yakından incele · aid,False,False,3.00000,8.10541,-9.66311,8.30000,0.00000,0.00000
5907,211.92909,0.03248,Yakından incele · aid,False,False,3.00000,8.10541,-9.66311,8.30000,0.00000,0.00000
5908,211.96288,0.03379,Yakından incele · aid,False,False,3.00000,8.10541,-9.66311,8.30000,0.00000,0.00000
5909,211.99687,0.03399,Yakından incele · aid,False,False,3.00000,8.10541,-9.66311,8.30000,0.00000,0.00000
5910,212.02992,0.03304,Yakından incele · aid,False,False,3.00000,8.10541,-9.66311,8.30000,0.00000,0.00000
5911,212.06309,0.03317,Yakından incele · aid,False,False,3.00000,8.10541,-9.66311,8.30000,0.00000,0.00000
5912,212.09601,0.03292,Yakından incele · aid,False,False,3.00000,8.10541,-9.66311,8.30000,0.00000,0.00000
5913,212.12989,0.03388,Yakından incele · aid,False,False,3.00000,8.10541,-9.66311,8.30000,0.00000,0.00000
5914,212.16294,0.03305,Yakından incele · aid,False,False,3.00000,8.10541,-9.66311,8.30000,0.00000,0.00000
5915,212.19682,0.03389,Yakından incele · aid,False,False,3.00000,8.10541,-9.66311,8.30000,0.00000,0.00000
5916,212.22976,0.03293,Yakından incele · aid,False,False,3.00000,8.10541,-9.66311,8.30000,0.00000,0.00000
5917,212.26260,0.03285,Yakından incele · aid,False,False,3.00000,8.10541,-9.66311,8.30000,0.00000,0.00000
5918,212.29604,0.03343,Yakından incele · aid,False,False,3.00000,8.10541,-9.66311,8.30000,0.00000,0.00000
5919,212.32988,0.03385,Yakından incele · aid,False,False,3.00000,8.10541,-9.66311,8.30000,0.00000,0.00000
5920,212.36404,0.03415,Yakından incele · aid,False,False,3.00000,8.10541,-9.66311,8.30000,0.00000,0.00000
5921,212.39603,0.03200,Yakından incele · aid,False,False,3.00000,8.10541,-9.66311,8.30000,0.00000,0.00000
5922,212.42889,0.03285,Yakından incele · aid,False,False,3.00000,8.10541,-9.66311,8.30000,0.00000,0.00000
5923,212.46296,0.03408,Yakından incele · aid,False,False,3.00000,8.10541,-9.66311,8.30000,0.00000,0.00000
5924,212.49597,0.03300,Yakından incele · aid,False,False,3.00000,8.10541,-9.66311,8.30000,0.00000,0.00000
5925,212.52847,0.03250,Yakından incele · aid,False,False,3.00000,8.10541,-9.66311,8.30000,0.00000,0.00000
5926,212.56131,0.03285,Yakından incele · aid,False,False,3.00000,8.10541,-9.66311,8.30000,0.00000,0.00000
5927,212.59466,0.03335,Yakından incele · aid,False,False,3.00000,8.10541,-9.66311,8.30000,0.00000,0.00000
5928,212.62793,0.03327,Yakından incele · aid,False,False,3.00000,8.10541,-9.66311,8.30000,0.00000,0.00000
5929,212.66152,0.03358,Yakından incele · aid,False,False,3.00000,8.10541,-9.66311,8.30000,0.00000,0.00000
5930,212.69502,0.03350,Yakından incele · aid,False,False,3.00000,8.10541,-9.66311,8.30000,0.00000,0.00000
5931,212.72887,0.03385,Yakından incele · aid,False,False,3.00000,8.10541,-9.66311,8.30000,0.00000,0.00000
5932,212.76247,0.03361,Yakından incele · aid,False,False,3.00000,8.10541,-9.66311,8.30000,0.00000,0.00000
5933,212.79579,0.03332,Yakından incele · aid,False,False,3.00000,8.10541,-9.66311,8.30000,0.00000,0.00000
5934,212.82938,0.03359,Yakından incele · aid,False,False,3.00000,8.10541,-9.66311,8.30000,0.00000,0.00000
5935,212.86305,0.03367,Yakından incele · aid,False,False,3.00000,8.10541,-9.66311,8.30000,0.00000,0.00000
5936,212.89563,0.03258,Yakından incele · aid,False,False,3.00000,8.10541,-9.66311,8.30000,0.00000,0.00000
5937,212.92875,0.03312,Yakından incele · aid,False,False,3.00000,8.10541,-9.66311,8.30000,0.00000,0.00000
5938,212.96208,0.03333,Yakından incele · aid,False,False,3.00000,8.10541,-9.66311,8.30000,0.00000,0.00000
5939,212.99536,0.03328,Yakından incele · aid,False,False,3.00000,8.10541,-9.66311,8.30000,0.00000,0.00000
5940,213.02906,0.03371,Yakından incele · aid,False,False,3.00000,8.10541,-9.66311,8.30000,0.00000,0.00000
5941,213.06232,0.03326,Yakından incele · aid,False,False,3.00000,8.10541,-9.66311,8.30000,0.00000,0.00000
5942,213.09536,0.03303,Yakından incele · aid,False,False,3.00000,8.10541,-9.66311,8.30000,0.00000,0.00000
5943,213.12843,0.03308,Yakından incele · aid,False,False,3.00000,8.10541,-9.66311,8.30000,0.00000,0.00000
5944,213.16237,0.03394,Yakından incele · aid,False,False,3.00000,8.10541,-9.66311,8.30000,0.00000,0.00000
5945,213.19634,0.03397,Yakından incele · aid,False,False,3.00000,8.10541,-9.66311,8.30000,0.00000,0.00000
5946,213.22919,0.03285,Yakından incele · aid,False,False,3.00000,8.10541,-9.66311,8.30000,0.00000,0.00000
5947,213.26249,0.03329,Yakından incele · aid,False,False,3.00000,8.10541,-9.66311,8.30000,0.00000,0.00000
5948,213.29587,0.03338,Yakından incele · aid,False,False,3.00000,8.10541,-9.66311,8.30000,0.00000,0.00000
5949,213.32926,0.03339,Yakından incele · aid,False,False,3.00000,8.10541,-9.66311,8.30000,0.00000,0.00000
5950,213.36211,0.03285,Yakından incele · aid,False,False,3.00000,8.10541,-9.66311,8.30000,0.00000,0.00000
5951,213.39506,0.03295,Yakından incele · aid,False,False,3.00000,8.10541,-9.66311,8.30000,0.00000,0.00000
5952,213.43762,0.04256,Yakından incele · aid,False,False,3.00000,8.10541,-9.66311,8.30000,0.00000,0.00000
5953,213.47195,0.03433,Yakından incele · aid,False,False,3.00000,8.10541,-9.66311,8.30000,0.00000,0.00000
5954,213.50550,0.03355,Yakından incele · aid,False,False,3.00000,8.10541,-9.66311,8.30000,0.00000,0.00000
5955,213.53862,0.03312,Yakından incele · aid,False,False,3.00000,8.10541,-9.66311,8.30000,0.00000,0.00000
5956,213.57210,0.03348,Yakından incele · aid,False,False,3.00000,8.10541,-9.66311,8.30000,0.00000,0.00000
5957,213.60498,0.03288,Yakından incele · aid,False,False,3.00000,8.10541,-9.66311,8.30000,0.00000,0.00000
5958,213.63862,0.03364,Yakından incele · aid,False,False,3.00000,8.10541,-9.66311,8.30000,0.00000,0.00000
5959,213.67152,0.03290,Yakından incele · aid,False,False,3.00000,8.10541,-9.66311,8.30000,0.00000,0.00000
5960,213.70552,0.03400,Yakından incele · aid,False,False,3.00000,8.10541,-9.66311,8.30000,0.00000,0.00000
5961,213.73907,0.03355,Yakından incele · aid,False,False,3.00000,8.10541,-9.66311,8.30000,0.00000,0.00000
5962,213.77114,0.03208,Yakından incele · aid,False,False,3.00000,8.10541,-9.66311,8.30000,0.00000,0.00000
5963,213.80561,0.03447,Yakından incele · aid,False,False,3.00000,8.10541,-9.66311,8.30000,0.00000,0.00000
5964,213.83924,0.03364,Yakından incele · aid,False,False,3.00000,8.10541,-9.66311,8.30000,0.00000,0.00000
5965,213.87260,0.03336,Yakından incele · aid,False,False,3.00000,8.10541,-9.66311,8.30000,0.00000,0.00000
5966,213.90593,0.03333,Yakından incele · aid,False,False,3.00000,8.10541,-9.66311,8.30000,0.00000,0.00000
5967,213.93806,0.03212,Yakından incele · aid,False,False,3.00000,8.10541,-9.66311,8.30000,0.00000,0.00000
5968,213.97211,0.03405,Yakından incele · aid,False,False,3.00000,8.10541,-9.66311,8.30000,0.00000,0.00000
5969,214.00463,0.03252,Yakından incele · aid,False,False,3.00000,8.10541,-9.66311,8.30000,0.00000,0.00000
5970,214.03774,0.03311,Yakından incele · aid,False,False,3.00000,8.10541,-9.66311,8.30000,0.00000,0.00000
5971,214.07148,0.03374,Yakından incele · aid,False,False,3.00000,8.10541,-9.66311,8.30000,0.00000,0.00000
5972,214.10425,0.03277,Yakından incele · aid,False,False,3.00000,8.10541,-9.66311,8.30000,0.00000,0.00000
5973,214.13760,0.03335,Yakından incele · aid,False,False,3.00000,8.10541,-9.66311,8.30000,0.00000,0.00000
5974,214.17203,0.03443,Yakından incele · aid,False,False,3.00000,8.10541,-9.66311,8.30000,0.00000,0.00000
5975,214.20585,0.03382,Yakından incele · aid,False,False,3.00000,8.10541,-9.66311,8.30000,0.00000,0.00000
5976,214.23824,0.03239,Yakından incele · aid,False,False,3.00000,8.10541,-9.66311,8.30000,0.00000,0.00000
5977,214.27103,0.03280,Yakından incele · aid,False,False,3.00000,8.10541,-9.66311,8.30000,0.00000,0.00000
5978,214.30472,0.03369,Yakından incele · aid,False,False,3.00000,8.10541,-9.66311,8.30000,0.00000,0.00000
5979,214.34862,0.04390,Yakından incele · relief,True,False,3.00291,8.08709,-9.70214,8.28040,0.04321,0.46814
5980,214.38300,0.03437,Yakından incele · relief,True,False,3.01557,8.00727,-9.87224,8.19494,0.18833,2.03828
5981,214.40574,0.02274,Yakından incele · relief,True,False,3.02568,7.94349,-10.00815,8.12667,0.15047,1.62843
5982,214.43779,0.03205,Yakından incele · relief,True,False,3.04448,7.82495,-10.26077,7.99977,0.27968,3.02724
5983,214.47018,0.03239,Yakından incele · relief,True,False,3.06695,7.68324,-10.56276,7.84806,0.33434,3.61918
5984,214.50445,0.03427,Yakından incele · relief,True,False,3.09447,7.50976,-10.93244,7.66235,0.40929,4.43028
5985,214.53831,0.03386,Yakından incele · relief,True,False,3.12634,7.30877,-11.36074,7.44720,0.47419,5.13272
5986,214.57167,0.03336,Yakından incele · relief,True,False,3.16064,7.09250,-11.82162,7.21568,0.51025,5.52318
5987,214.60551,0.03384,Yakından incele · relief,True,False,3.19836,6.85469,-12.32841,6.96109,0.56108,6.07334
5988,214.63914,0.03363,Yakından incele · relief,True,False,3.23897,6.59862,-12.87410,6.68697,0.60415,6.53972
5989,214.67172,0.03258,Yakından incele · relief,True,False,3.28104,6.33332,-13.43944,6.40297,0.62591,6.77533
5990,214.70440,0.03268,Yakından incele · relief,True,False,3.32455,6.05896,-14.02410,6.10926,0.64730,7.00683
5991,214.73914,0.03474,Yakından incele · relief,True,False,3.36986,5.77330,-14.63286,5.80345,0.67398,7.29563
5992,214.77298,0.03383,Yakından incele · relief,True,False,3.41933,5.46137,-15.29758,5.46953,0.73593,7.96630
5993,214.80498,0.03200,Yakından incele · relief,True,False,3.46388,5.18047,-15.89618,5.16883,0.66273,7.17374
5994,214.84587,0.04090,Yakından incele · relief,True,False,3.51318,4.86962,-16.55861,4.83605,0.73340,7.93882
5995,214.87848,0.03260,Yakından incele · relief,True,False,3.56930,4.51574,-17.31273,4.45722,0.83491,9.03774
5996,214.90605,0.02757,Yakından incele · relief,True,False,3.60646,4.28142,-17.81207,4.20638,0.55284,5.98437
5997,214.94004,0.03399,Yakından incele · relief,True,False,3.65397,3.98186,-18.45044,3.88570,0.70676,7.65051
5998,214.97287,0.03283,Yakından incele · relief,True,False,3.69850,3.70109,-19.04876,3.58514,0.66241,7.17046
5999,215.00508,0.03221,Yakından incele · relief,True,False,3.74142,3.43048,-19.62544,3.29544,0.63846,6.91129
6000,215.03787,0.03278,Yakından incele · relief,True,False,3.78155,3.17740,-20.16476,3.02452,0.59710,6.46336
6001,215.07200,0.03414,Yakından incele · relief,True,False,3.82075,2.93027,-20.69138,2.75997,0.58304,6.31121
6002,215.10573,0.03373,Yakından incele · relief,True,False,3.85741,2.69910,-21.18400,2.51250,0.54540,5.90375
6003,215.13825,0.03252,Yakından incele · relief,True,False,3.89002,2.49347,-21.62220,2.29237,0.48514,5.25140
6004,215.17109,0.03285,Yakından incele · relief,True,False,3.91899,2.31082,-22.01144,2.09684,0.43094,4.66476
6005,215.20480,0.03371,Yakından incele · relief,True,False,3.94444,2.15036,-22.35337,1.92507,0.37857,4.09779
6006,215.23838,0.03357,Yakından incele · relief,True,False,3.96577,2.01583,-22.64006,1.78105,0.31740,3.43566
6007,215.27146,0.03308,Yakından incele · relief,True,False,3.98206,1.91312,-22.85895,1.67109,0.24234,2.62329
6008,215.30623,0.03477,Yakından incele · relief,True,False,3.99342,1.84148,-23.01162,1.59440,0.16903,1.82943
6009,215.33928,0.03305,Yakından incele · relief,True,False,3.99937,1.80400,-23.09148,1.55428,0.08842,0.95613
6010,215.37147,0.03220,Yakından incele · relief,False,False,4.00000,1.80000,-23.10000,1.55000,0.00943,0.00000
6011,215.40769,0.03621,Yakından incele · relief,False,False,4.00000,1.80000,-23.10000,1.55000,0.00000,0.00000
6012,215.43890,0.03122,Yakından incele · relief,False,False,4.00000,1.80000,-23.10000,1.55000,0.00000,0.00000
6013,215.47293,0.03402,Yakından incele · relief,False,False,4.00000,1.80000,-23.10000,1.55000,0.00000,0.00000
6014,215.50624,0.03331,Yakından incele · relief,False,False,4.00000,1.80000,-23.10000,1.55000,0.00000,0.00000
6015,215.53947,0.03323,Yakından incele · relief,False,False,4.00000,1.80000,-23.10000,1.55000,0.00000,0.00000
6016,215.57223,0.03276,Yakından incele · relief,False,False,4.00000,1.80000,-23.10000,1.55000,0.00000,0.00000
6017,215.60579,0.03356,Yakından incele · relief,False,False,4.00000,1.80000,-23.10000,1.55000,0.00000,0.00000
6018,215.63954,0.03375,Yakından incele · relief,False,False,4.00000,1.80000,-23.10000,1.55000,0.00000,0.00000
6019,215.67300,0.03346,Yakından incele · relief,False,False,4.00000,1.80000,-23.10000,1.55000,0.00000,0.00000
6020,215.70606,0.03306,Yakından incele · relief,False,False,4.00000,1.80000,-23.10000,1.55000,0.00000,0.00000
6021,215.73961,0.03355,Yakından incele · relief,False,False,4.00000,1.80000,-23.10000,1.55000,0.00000,0.00000
6022,215.77322,0.03362,Yakından incele · relief,False,False,4.00000,1.80000,-23.10000,1.55000,0.00000,0.00000
6023,215.80542,0.03220,Yakından incele · relief,False,False,4.00000,1.80000,-23.10000,1.55000,0.00000,0.00000
6024,215.83987,0.03445,Yakından incele · relief,False,False,4.00000,1.80000,-23.10000,1.55000,0.00000,0.00000
6025,215.87348,0.03360,Yakından incele · relief,False,False,4.00000,1.80000,-23.10000,1.55000,0.00000,0.00000
6026,215.90606,0.03259,Yakından incele · relief,False,False,4.00000,1.80000,-23.10000,1.55000,0.00000,0.00000
6027,215.94005,0.03398,Yakından incele · relief,False,False,4.00000,1.80000,-23.10000,1.55000,0.00000,0.00000
6028,215.97319,0.03314,Yakından incele · relief,False,False,4.00000,1.80000,-23.10000,1.55000,0.00000,0.00000
6029,216.00660,0.03341,Yakından incele · relief,False,False,4.00000,1.80000,-23.10000,1.55000,0.00000,0.00000
6030,216.03976,0.03316,Yakından incele · relief,False,False,4.00000,1.80000,-23.10000,1.55000,0.00000,0.00000
6031,216.18677,0.14701,Yakından incele · relief,False,False,4.00000,1.80000,-23.10000,1.55000,0.00000,0.00000
6032,216.19707,0.01029,Yakından incele · relief,False,False,4.00000,1.80000,-23.10000,1.55000,0.00000,0.00000
6033,216.21711,0.02004,Yakından incele · relief,False,False,4.00000,1.80000,-23.10000,1.55000,0.00000,0.00000
6034,216.23831,0.02120,Yakından incele · relief,False,False,4.00000,1.80000,-23.10000,1.55000,0.00000,0.00000
6035,216.27250,0.03419,Yakından incele · relief,False,False,4.00000,1.80000,-23.10000,1.55000,0.00000,0.00000
6036,216.30667,0.03418,Yakından incele · relief,False,False,4.00000,1.80000,-23.10000,1.55000,0.00000,0.00000
6037,216.33964,0.03296,Yakından incele · relief,False,False,4.00000,1.80000,-23.10000,1.55000,0.00000,0.00000
6038,216.37257,0.03293,Yakından incele · relief,False,False,4.00000,1.80000,-23.10000,1.55000,0.00000,0.00000
6039,216.40635,0.03379,Yakından incele · relief,False,False,4.00000,1.80000,-23.10000,1.55000,0.00000,0.00000
6040,216.44021,0.03386,Yakından incele · relief,False,False,4.00000,1.80000,-23.10000,1.55000,0.00000,0.00000
6041,216.47301,0.03280,Yakından incele · relief,False,False,4.00000,1.80000,-23.10000,1.55000,0.00000,0.00000
6042,216.50588,0.03287,Yakından incele · relief,False,False,4.00000,1.80000,-23.10000,1.55000,0.00000,0.00000
6043,216.53966,0.03377,Yakından incele · relief,False,False,4.00000,1.80000,-23.10000,1.55000,0.00000,0.00000
6044,216.57322,0.03357,Yakından incele · relief,False,False,4.00000,1.80000,-23.10000,1.55000,0.00000,0.00000
6045,216.60653,0.03331,Yakından incele · relief,False,False,4.00000,1.80000,-23.10000,1.55000,0.00000,0.00000
6046,216.63952,0.03299,Yakından incele · relief,False,False,4.00000,1.80000,-23.10000,1.55000,0.00000,0.00000
6047,216.67191,0.03239,Yakından incele · relief,False,False,4.00000,1.80000,-23.10000,1.55000,0.00000,0.00000
6048,216.70639,0.03448,Yakından incele · relief,False,False,4.00000,1.80000,-23.10000,1.55000,0.00000,0.00000
6049,216.75067,0.04428,Yakından incele · relief,False,False,4.00000,1.80000,-23.10000,1.55000,0.00000,0.00000
6050,216.78485,0.03418,Yakından incele · relief,False,False,4.00000,1.80000,-23.10000,1.55000,0.00000,0.00000
6051,216.81761,0.03275,Yakından incele · relief,False,False,4.00000,1.80000,-23.10000,1.55000,0.00000,0.00000
6052,216.89676,0.07915,Yakından incele · broadcast,True,False,4.00480,1.80651,-23.09146,1.53961,0.01176,0.59347
6053,216.90540,0.00864,Yakından incele · broadcast,True,False,4.00603,1.80817,-23.08927,1.53694,0.00302,0.00000
6054,216.92184,0.01645,Yakından incele · broadcast,True,False,4.00837,1.81135,-23.08511,1.53187,0.00573,0.28531
6055,216.94775,0.02591,Yakından incele · broadcast,True,False,4.01271,1.81723,-23.07739,1.52247,0.01064,0.53522
6056,216.98221,0.03446,Yakından incele · broadcast,True,False,4.01968,1.82668,-23.06499,1.50737,0.01708,0.86048
6057,217.01608,0.03387,Yakından incele · broadcast,True,False,4.02797,1.83793,-23.05022,1.48939,0.02033,1.02564
6058,217.04989,0.03381,Yakından incele · broadcast,True,False,4.03727,1.85054,-23.03368,1.46924,0.02279,1.15011
6059,217.08287,0.03298,Yakından incele · broadcast,True,False,4.04768,1.86466,-23.01515,1.44669,0.02551,1.28753
6060,217.11446,0.03159,Yakından incele · broadcast,True,False,4.05866,1.87954,-22.99562,1.42291,0.02690,1.35852
6061,217.14743,0.03298,Yakından incele · broadcast,True,False,4.07025,1.89526,-22.97500,1.39780,0.02840,1.43365
6062,217.18183,0.03440,Yakından incele · broadcast,True,False,4.08316,1.91277,-22.95202,1.36982,0.03164,1.59786
6063,217.21554,0.03371,Yakından incele · broadcast,True,False,4.09651,1.93087,-22.92827,1.34090,0.03271,1.65181
6064,217.24869,0.03316,Yakından incele · broadcast,True,False,4.11016,1.94938,-22.90398,1.31133,0.03345,1.68883
6065,217.28138,0.03269,Yakından incele · broadcast,True,False,4.12404,1.96820,-22.87928,1.28126,0.03401,1.71732
6066,217.31403,0.03265,Yakından incele · broadcast,True,False,4.13809,1.98726,-22.85427,1.25081,0.03444,1.73906
6067,217.34759,0.03357,Yakından incele · broadcast,True,False,4.15214,2.00631,-22.82927,1.22037,0.03443,1.73816
6068,217.38192,0.03433,Yakından incele · broadcast,True,False,4.16674,2.02611,-22.80329,1.18873,0.03578,1.80661
6069,217.41601,0.03409,Yakından incele · broadcast,True,False,4.18092,2.04534,-22.77806,1.15801,0.03474,1.75430
6070,217.44877,0.03276,Yakından incele · broadcast,True,False,4.19514,2.06463,-22.75275,1.12719,0.03486,1.75965
6071,217.48123,0.03246,Yakından incele · broadcast,True,False,4.20797,2.08203,-22.72992,1.09939,0.03145,1.58705
6072,217.51518,0.03395,Yakından incele · broadcast,True,False,4.22131,2.10011,-22.70619,1.07050,0.03268,1.64991
6073,217.54853,0.03335,Yakından incele · broadcast,True,False,4.23367,2.11688,-22.68419,1.04371,0.03030,1.53030
6074,217.58213,0.03360,Yakından incele · broadcast,True,False,4.24544,2.13284,-22.66324,1.01820,0.02885,1.45694
6075,217.61429,0.03216,Yakından incele · broadcast,True,False,4.25635,2.14762,-22.64384,0.99459,0.02671,1.34927
6076,217.64729,0.03300,Yakından incele · broadcast,True,False,4.26596,2.16066,-22.62674,0.97376,0.02355,1.19024
6077,217.68198,0.03469,Yakından incele · broadcast,True,False,4.27513,2.17310,-22.61041,0.95388,0.02248,1.13641
6078,217.71575,0.03377,Yakından incele · broadcast,True,False,4.28290,2.18363,-22.59659,0.93705,0.01904,0.96184
6079,217.74806,0.03230,Yakından incele · broadcast,True,False,4.28935,2.19238,-22.58511,0.92308,0.01581,0.79721
6080,217.77994,0.03189,Yakından incele · broadcast,True,False,4.29421,2.19897,-22.57646,0.91254,0.01192,0.60003
6081,217.81373,0.03378,Yakından incele · broadcast,True,False,4.29774,2.20376,-22.57018,0.90490,0.00865,0.43341
6082,217.84966,0.03594,Yakından incele · broadcast,True,False,4.29970,2.20642,-22.56669,0.90065,0.00480,0.24066
6083,217.88299,0.03333,Yakından incele · broadcast,False,False,4.30000,2.20682,-22.56616,0.90000,0.00073,0.00000
6084,217.92711,0.04412,Yakından incele · broadcast,False,False,4.30000,2.20682,-22.56616,0.90000,0.00000,0.00000
6085,217.94880,0.02169,Yakından incele · broadcast,False,False,4.30000,2.20682,-22.56616,0.90000,0.00000,0.00000
6086,217.98198,0.03318,Yakından incele · broadcast,False,False,4.30000,2.20682,-22.56616,0.90000,0.00000,0.00000
6087,218.01493,0.03294,Yakından incele · broadcast,False,False,4.30000,2.20682,-22.56616,0.90000,0.00000,0.00000
6088,218.04697,0.03204,Yakından incele · broadcast,False,False,4.30000,2.20682,-22.56616,0.90000,0.00000,0.00000
6089,218.08142,0.03445,Yakından incele · broadcast,False,False,4.30000,2.20682,-22.56616,0.90000,0.00000,0.00000
6090,218.11740,0.03598,Yakından incele · broadcast,False,False,4.30000,2.20682,-22.56616,0.90000,0.00000,0.00000
6091,218.15013,0.03273,Yakından incele · broadcast,False,False,4.30000,2.20682,-22.56616,0.90000,0.00000,0.00000
6092,218.18637,0.03624,Yakından incele · broadcast,False,False,4.30000,2.20682,-22.56616,0.90000,0.00000,0.00000
6093,218.21870,0.03233,Yakından incele · broadcast,False,False,4.30000,2.20682,-22.56616,0.90000,0.00000,0.00000
6094,218.25095,0.03225,Yakından incele · broadcast,False,False,4.30000,2.20682,-22.56616,0.90000,0.00000,0.00000
6095,218.28438,0.03344,Yakından incele · broadcast,False,False,4.30000,2.20682,-22.56616,0.90000,0.00000,0.00000
6096,218.31635,0.03197,Yakından incele · broadcast,False,False,4.30000,2.20682,-22.56616,0.90000,0.00000,0.00000
6097,218.35029,0.03394,Yakından incele · broadcast,False,False,4.30000,2.20682,-22.56616,0.90000,0.00000,0.00000
6098,218.38296,0.03266,Yakından incele · broadcast,False,False,4.30000,2.20682,-22.56616,0.90000,0.00000,0.00000
6099,218.41579,0.03283,Yakından incele · broadcast,False,False,4.30000,2.20682,-22.56616,0.90000,0.00000,0.00000
6100,218.44775,0.03197,Yakından incele · broadcast,False,False,4.30000,2.20682,-22.56616,0.90000,0.00000,0.00000
6101,218.48048,0.03273,Yakından incele · broadcast,False,False,4.30000,2.20682,-22.56616,0.90000,0.00000,0.00000
6102,218.51559,0.03511,Yakından incele · broadcast,False,False,4.30000,2.20682,-22.56616,0.90000,0.00000,0.00000
6103,218.54839,0.03280,Yakından incele · broadcast,False,False,4.30000,2.20682,-22.56616,0.90000,0.00000,0.00000
6104,218.57995,0.03156,Yakından incele · broadcast,False,False,4.30000,2.20682,-22.56616,0.90000,0.00000,0.00000
6105,218.61410,0.03415,Yakından incele · broadcast,False,False,4.30000,2.20682,-22.56616,0.90000,0.00000,0.00000
6106,218.64742,0.03331,Yakından incele · broadcast,False,False,4.30000,2.20682,-22.56616,0.90000,0.00000,0.00000
6107,218.67998,0.03256,Yakından incele · broadcast,False,False,4.30000,2.20682,-22.56616,0.90000,0.00000,0.00000
6108,218.71475,0.03477,Yakından incele · broadcast,False,False,4.30000,2.20682,-22.56616,0.90000,0.00000,0.00000
6109,218.74893,0.03417,Yakından incele · broadcast,False,False,4.30000,2.20682,-22.56616,0.90000,0.00000,0.00000
6110,218.78116,0.03224,Yakından incele · broadcast,False,False,4.30000,2.20682,-22.56616,0.90000,0.00000,0.00000
6111,218.81450,0.03334,Yakından incele · broadcast,False,False,4.30000,2.20682,-22.56616,0.90000,0.00000,0.00000
6112,218.84771,0.03320,Yakından incele · broadcast,False,False,4.30000,2.20682,-22.56616,0.90000,0.00000,0.00000
6113,218.88106,0.03335,Yakından incele · broadcast,False,False,4.30000,2.20682,-22.56616,0.90000,0.00000,0.00000
6114,218.91441,0.03336,Yakından incele · broadcast,False,False,4.30000,2.20682,-22.56616,0.90000,0.00000,0.00000
6115,218.94843,0.03401,Yakından incele · broadcast,False,False,4.30000,2.20682,-22.56616,0.90000,0.00000,0.00000
6116,218.98240,0.03397,Yakından incele · broadcast,False,False,4.30000,2.20682,-22.56616,0.90000,0.00000,0.00000
6117,219.01452,0.03212,Yakından incele · broadcast,False,False,4.30000,2.20682,-22.56616,0.90000,0.00000,0.00000
6118,219.04811,0.03360,Yakından incele · broadcast,False,False,4.30000,2.20682,-22.56616,0.90000,0.00000,0.00000
6119,219.08232,0.03421,Yakından incele · broadcast,False,False,4.30000,2.20682,-22.56616,0.90000,0.00000,0.00000
6120,219.11568,0.03336,Yakından incele · broadcast,False,False,4.30000,2.20682,-22.56616,0.90000,0.00000,0.00000
6121,219.14800,0.03232,Yakından incele · broadcast,False,False,4.30000,2.20682,-22.56616,0.90000,0.00000,0.00000
6122,219.18094,0.03294,Yakından incele · broadcast,False,False,4.30000,2.20682,-22.56616,0.90000,0.00000,0.00000
6123,219.21515,0.03421,Yakından incele · broadcast,False,False,4.30000,2.20682,-22.56616,0.90000,0.00000,0.00000
6124,219.25120,0.03605,Yakından incele · broadcast,False,False,4.30000,2.20682,-22.56616,0.90000,0.00000,0.00000
6125,219.28403,0.03283,Yakından incele · broadcast,False,False,4.30000,2.20682,-22.56616,0.90000,0.00000,0.00000
6126,219.31842,0.03439,Yakından incele · broadcast,False,False,4.30000,2.20682,-22.56616,0.90000,0.00000,0.00000
6127,219.35137,0.03295,Yakından incele · broadcast,False,False,4.30000,2.20682,-22.56616,0.90000,0.00000,0.00000
6128,219.38102,0.02965,Yakından incele · broadcast,False,False,4.30000,2.20682,-22.56616,0.90000,0.00000,0.00000
6129,219.41500,0.03399,Yakından incele · broadcast,False,False,4.30000,2.20682,-22.56616,0.90000,0.00000,0.00000
6130,219.44918,0.03418,Yakından incele · broadcast,False,False,4.30000,2.20682,-22.56616,0.90000,0.00000,0.00000
6131,219.48324,0.03406,Yakından incele · broadcast,False,False,4.30000,2.20682,-22.56616,0.90000,0.00000,0.00000
6132,219.51586,0.03263,Yakından incele · broadcast,False,False,4.30000,2.20682,-22.56616,0.90000,0.00000,0.00000
6133,219.54871,0.03285,Yakından incele · broadcast,False,False,4.30000,2.20682,-22.56616,0.90000,0.00000,0.00000
6134,219.58237,0.03366,Yakından incele · broadcast,False,False,4.30000,2.20682,-22.56616,0.90000,0.00000,0.00000
6135,219.61471,0.03234,Yakından incele · broadcast,False,False,4.30000,2.20682,-22.56616,0.90000,0.00000,0.00000
6136,219.64723,0.03252,Yakından incele · broadcast,False,False,4.30000,2.20682,-22.56616,0.90000,0.00000,0.00000
6137,219.68719,0.03996,Yakından incele · broadcast,False,False,4.30000,2.20682,-22.56616,0.90000,0.00000,0.00000
6138,219.72558,0.03839,Yakından incele · broadcast,False,False,4.30000,2.20682,-22.56616,0.90000,0.00000,0.00000
6139,219.75103,0.02544,Yakından incele · broadcast,False,False,4.30000,2.20682,-22.56616,0.90000,0.00000,0.00000
6140,219.78078,0.02976,Yakından incele · broadcast,False,False,4.30000,2.20682,-22.56616,0.90000,0.00000,0.00000
6141,219.81425,0.03347,Yakından incele · broadcast,False,False,4.30000,2.20682,-22.56616,0.90000,0.00000,0.00000
6142,219.84774,0.03349,Yakından incele · broadcast,False,False,4.30000,2.20682,-22.56616,0.90000,0.00000,0.00000
6143,219.88175,0.03401,Yakından incele · broadcast,False,False,4.30000,2.20682,-22.56616,0.90000,0.00000,0.00000
6144,219.91514,0.03339,Yakından incele · broadcast,False,False,4.30000,2.20682,-22.56616,0.90000,0.00000,0.00000
6145,219.94743,0.03229,Yakından incele · broadcast,False,False,4.30000,2.20682,-22.56616,0.90000,0.00000,0.00000
6146,219.98061,0.03319,Yakından incele · broadcast,False,False,4.30000,2.20682,-22.56616,0.90000,0.00000,0.00000
6147,220.01382,0.03321,Yakından incele · broadcast,False,False,4.30000,2.20682,-22.56616,0.90000,0.00000,0.00000
6148,220.05587,0.04205,Yakından incele · broadcast,False,False,4.30000,2.20682,-22.56616,0.90000,0.00000,0.00000
6149,220.11096,0.05509,Yakından incele · family,True,False,4.30534,2.20921,-22.57429,0.90179,0.01001,0.00000
6150,220.14371,0.03275,Yakından incele · family,True,False,4.33400,2.22202,-22.61797,0.91140,0.05380,0.00000
6151,220.15536,0.01165,Yakından incele · family,True,False,4.34355,2.22629,-22.63251,0.91460,0.01791,0.00000
6152,220.18879,0.03343,Yakından incele · family,True,False,4.37538,2.24052,-22.68102,0.92528,0.05974,0.00000
6153,220.22339,0.03460,Yakından incele · family,True,False,4.41557,2.25849,-22.74225,0.93875,0.07542,0.00000
6154,220.26018,0.03679,Yakından incele · family,True,False,4.46358,2.27995,-22.81539,0.95485,0.09008,0.00000
6155,220.29301,0.03282,Yakından incele · family,True,False,4.52118,2.30570,-22.90316,0.97416,0.10809,0.00000
6156,220.32223,0.02923,Yakından incele · family,True,False,4.57459,2.32958,-22.98454,0.99207,0.10023,0.00000
6157,220.35540,0.03316,Yakından incele · family,True,False,4.63661,2.35731,-23.07904,1.01287,0.11639,0.00000
6158,220.39027,0.03487,Yakından incele · family,True,False,4.70675,2.38866,-23.18590,1.03638,0.13161,0.00000
6159,220.42304,0.03277,Yakından incele · family,True,False,4.77995,2.42139,-23.29744,1.06093,0.13737,0.00000
6160,220.45583,0.03279,Yakından incele · family,True,False,4.85232,2.45374,-23.40771,1.08519,0.13581,0.00000
6161,220.48980,0.03397,Yakından incele · family,True,False,4.93221,2.48945,-23.52944,1.11198,0.14992,0.00000
6162,220.52261,0.03281,Yakından incele · family,True,False,5.00969,2.52409,-23.64749,1.13796,0.14539,0.00000
6163,220.55586,0.03325,Yakından incele · family,True,False,5.09125,2.56055,-23.77175,1.16530,0.15304,0.00000
6164,220.58878,0.03292,Yakından incele · family,True,False,5.17061,2.59603,-23.89267,1.19191,0.14893,0.00000
6165,220.62280,0.03402,Yakından incele · family,True,False,5.25165,2.63226,-24.01615,1.21908,0.15208,0.00000
6166,220.65636,0.03356,Yakından incele · family,True,False,5.33352,2.66886,-24.14090,1.24653,0.15363,0.00000
6167,220.68924,0.03289,Yakından incele · family,True,False,5.41028,2.70318,-24.25785,1.27227,0.14404,0.00000
6168,220.72269,0.03345,Yakından incele · family,True,False,5.48735,2.73763,-24.37527,1.29811,0.14461,0.00000
6169,220.75545,0.03276,Yakından incele · family,True,False,5.55992,2.77007,-24.48584,1.32244,0.13618,0.00000
6170,220.78901,0.03357,Yakından incele · family,True,False,5.63013,2.80146,-24.59281,1.34598,0.13175,0.00000
6171,220.82248,0.03347,Yakından incele · family,True,False,5.69638,2.83107,-24.69376,1.36820,0.12433,0.00000
6172,220.85704,0.03456,Yakından incele · family,True,False,5.75756,2.85842,-24.78698,1.38871,0.11481,0.00000
6173,220.89028,0.03324,Yakından incele · family,True,False,5.81556,2.88436,-24.87536,1.40816,0.10885,0.00000
6174,220.92183,0.03154,Yakından incele · family,True,False,5.86288,2.90551,-24.94745,1.42403,0.08879,0.00000
6175,220.95578,0.03396,Yakından incele · family,True,False,5.90589,2.92474,-25.01298,1.43845,0.08070,0.00000
6176,220.98991,0.03412,Yakından incele · family,True,False,5.94254,2.94112,-25.06883,1.45074,0.06879,0.00000
6177,221.02349,0.03358,Yakından incele · family,True,False,5.97036,2.95356,-25.11122,1.46006,0.05221,0.00000
6178,221.05732,0.03383,Yakından incele · family,True,False,5.98936,2.96205,-25.14016,1.46643,0.03564,0.00000
6179,221.08976,0.03244,Yakından incele · family,True,False,5.99888,2.96631,-25.15467,1.46963,0.01788,0.00000
6180,221.12235,0.03258,Yakından incele · family,False,False,6.00000,2.96681,-25.15638,1.47000,0.00210,0.00000
6181,221.30196,0.17962,Yakından incele · familyEfe,True,False,6.15054,2.81574,-24.99531,1.44452,0.26726,8.38146
6182,221.31109,0.00913,Yakından incele · familyEfe,True,False,6.16580,2.80043,-24.97898,1.44194,0.02710,0.84857
6183,221.33196,0.02086,Yakından incele · familyEfe,True,False,6.20180,2.76431,-24.94047,1.43585,0.06390,2.00342
6184,221.34873,0.01678,Yakından incele · familyEfe,True,False,6.23143,2.73457,-24.90877,1.43084,0.05260,1.64944
6185,221.36526,0.01653,Yakından incele · familyEfe,True,False,6.26428,2.70160,-24.87361,1.42528,0.05833,1.82900
6186,221.38939,0.02414,Yakından incele · familyEfe,True,False,6.31403,2.65169,-24.82039,1.41686,0.08831,2.76931
6187,221.42275,0.03336,Yakından incele · familyEfe,True,False,6.38654,2.57892,-24.74281,1.40459,0.12873,4.03736
6188,221.45719,0.03444,Yakından incele · familyEfe,True,False,6.46632,2.49886,-24.65745,1.39109,0.14163,4.44176
6189,221.49105,0.03386,Yakından incele · familyEfe,True,False,6.54939,2.41550,-24.56856,1.37703,0.14748,4.62498
6190,221.52380,0.03275,Yakından incele · familyEfe,True,False,6.63616,2.32843,-24.47573,1.36234,0.15404,4.83082
6191,221.55663,0.03283,Yakından incele · familyEfe,True,False,6.72313,2.24116,-24.38268,1.34763,0.15439,4.84182
6192,221.59042,0.03379,Yakından incele · familyEfe,True,False,6.81575,2.14821,-24.28358,1.33195,0.16444,5.15676
6193,221.62370,0.03328,Yakından incele · familyEfe,True,False,6.90717,2.05647,-24.18576,1.31648,0.16230,5.08983
6194,221.65625,0.03254,Yakından incele · familyEfe,True,False,6.99979,1.96353,-24.08667,1.30081,0.16442,5.15646
6195,221.68969,0.03344,Yakından incele · familyEfe,True,False,7.09071,1.87229,-23.98938,1.28542,0.16143,5.06237
6196,221.72463,0.03494,Yakından incele · familyEfe,True,False,7.18459,1.77808,-23.88894,1.26953,0.16666,5.22674
6197,221.75764,0.03301,Yakından incele · familyEfe,True,False,7.27621,1.68614,-23.79091,1.25403,0.16265,5.10104
6198,221.79029,0.03266,Yakından incele · familyEfe,True,False,7.36256,1.59949,-23.69852,1.23941,0.15329,4.80742
6199,221.82338,0.03309,Yakından incele · familyEfe,True,False,7.44549,1.51627,-23.60979,1.22538,0.14723,4.61685
6200,221.85672,0.03333,Yakından incele · familyEfe,True,False,7.52617,1.43531,-23.52347,1.21173,0.14323,4.49188
6201,221.88922,0.03250,Yakından incele · familyEfe,True,False,7.60158,1.35964,-23.44279,1.19896,0.13387,4.19838
6202,221.92239,0.03317,Yakından incele · familyEfe,True,False,7.67084,1.29014,-23.36869,1.18724,0.12295,3.85566
6203,221.95643,0.03403,Yakından incele · familyEfe,True,False,7.73558,1.22517,-23.29942,1.17629,0.11494,3.60445
6204,221.98930,0.03287,Yakından incele · familyEfe,True,False,7.79317,1.16738,-23.23780,1.16654,0.10224,3.20631
6205,222.02215,0.03285,Yakından incele · familyEfe,True,False,7.84170,1.11868,-23.18588,1.15833,0.08616,2.70178
6206,222.05627,0.03412,Yakından incele · familyEfe,True,False,7.88311,1.07712,-23.14156,1.15132,0.07353,2.30534
6207,222.09074,0.03447,Yakından incele · familyEfe,True,False,7.91562,1.04450,-23.10678,1.14582,0.05771,1.80964
6208,222.12347,0.03273,Yakından incele · familyEfe,True,False,7.93773,1.02232,-23.08313,1.14208,0.03925,1.23033
6209,222.15593,0.03246,Yakından incele · familyEfe,True,False,7.94852,1.01148,-23.07158,1.14025,0.01917,0.60003
6210,222.18880,0.03287,Yakından incele · familyEfe,False,False,7.95000,1.01000,-23.07000,1.14000,0.00262,0.00000
6211,222.22254,0.03374,Yakından incele · familyEfe,False,False,7.95000,1.01000,-23.07000,1.14000,0.00000,0.00000
6212,222.25687,0.03433,Yakından incele · familyEfe,False,False,7.95000,1.01000,-23.07000,1.14000,0.00000,0.00000
6213,222.28977,0.03291,Yakından incele · familyEfe,False,False,7.95000,1.01000,-23.07000,1.14000,0.00000,0.00000
6214,222.32253,0.03276,Yakından incele · familyEfe,False,False,7.95000,1.01000,-23.07000,1.14000,0.00000,0.00000
6215,222.35566,0.03313,Yakından incele · familyEfe,False,False,7.95000,1.01000,-23.07000,1.14000,0.00000,0.00000
6216,222.38984,0.03418,Yakından incele · familyEfe,False,False,7.95000,1.01000,-23.07000,1.14000,0.00000,0.00000
6217,222.42288,0.03304,Yakından incele · familyEfe,False,False,7.95000,1.01000,-23.07000,1.14000,0.00000,0.00000
6218,222.45605,0.03317,Yakından incele · familyEfe,False,False,7.95000,1.01000,-23.07000,1.14000,0.00000,0.00000
6219,222.48921,0.03316,Yakından incele · familyEfe,False,False,7.95000,1.01000,-23.07000,1.14000,0.00000,0.00000
6220,222.52279,0.03358,Yakından incele · familyEfe,False,False,7.95000,1.01000,-23.07000,1.14000,0.00000,0.00000
6221,222.55710,0.03432,Yakından incele · familyEfe,False,False,7.95000,1.01000,-23.07000,1.14000,0.00000,0.00000
6222,222.59002,0.03291,Yakından incele · familyEfe,False,False,7.95000,1.01000,-23.07000,1.14000,0.00000,0.00000
6223,222.62245,0.03243,Yakından incele · familyEfe,False,False,7.95000,1.01000,-23.07000,1.14000,0.00000,0.00000
6224,222.65529,0.03284,Yakından incele · familyEfe,False,False,7.95000,1.01000,-23.07000,1.14000,0.00000,0.00000
6225,222.68974,0.03445,Yakından incele · familyEfe,False,False,7.95000,1.01000,-23.07000,1.14000,0.00000,0.00000
6226,222.72249,0.03274,Yakından incele · familyEfe,False,False,7.95000,1.01000,-23.07000,1.14000,0.00000,0.00000
6227,222.75582,0.03333,Yakından incele · familyEfe,False,False,7.95000,1.01000,-23.07000,1.14000,0.00000,0.00000
6228,222.79006,0.03425,Yakından incele · familyEfe,False,False,7.95000,1.01000,-23.07000,1.14000,0.00000,0.00000
6229,222.82316,0.03310,Yakından incele · familyEfe,False,False,7.95000,1.01000,-23.07000,1.14000,0.00000,0.00000
6230,222.85675,0.03359,Yakından incele · familyEfe,False,False,7.95000,1.01000,-23.07000,1.14000,0.00000,0.00000
6231,222.88969,0.03294,Yakından incele · familyEfe,False,False,7.95000,1.01000,-23.07000,1.14000,0.00000,0.00000
6232,222.92238,0.03269,Yakından incele · familyEfe,False,False,7.95000,1.01000,-23.07000,1.14000,0.00000,0.00000
6233,222.95633,0.03395,Yakından incele · familyEfe,False,False,7.95000,1.01000,-23.07000,1.14000,0.00000,0.00000
6234,222.99022,0.03389,Yakından incele · familyEfe,False,False,7.95000,1.01000,-23.07000,1.14000,0.00000,0.00000
6235,223.02361,0.03339,Yakından incele · familyEfe,False,False,7.95000,1.01000,-23.07000,1.14000,0.00000,0.00000
6236,223.05660,0.03298,Yakından incele · familyEfe,False,False,7.95000,1.01000,-23.07000,1.14000,0.00000,0.00000
6237,223.08926,0.03267,Yakından incele · familyEfe,False,False,7.95000,1.01000,-23.07000,1.14000,0.00000,0.00000
6238,223.12254,0.03327,Yakından incele · familyEfe,False,False,7.95000,1.01000,-23.07000,1.14000,0.00000,0.00000
6239,223.15651,0.03397,Yakından incele · familyEfe,False,False,7.95000,1.01000,-23.07000,1.14000,0.00000,0.00000
6240,223.18999,0.03348,Yakından incele · familyEfe,False,False,7.95000,1.01000,-23.07000,1.14000,0.00000,0.00000
6241,223.22356,0.03357,Yakından incele · familyEfe,False,False,7.95000,1.01000,-23.07000,1.14000,0.00000,0.00000
6242,223.25560,0.03204,Yakından incele · familyEfe,False,False,7.95000,1.01000,-23.07000,1.14000,0.00000,0.00000
6243,223.28896,0.03336,Yakından incele · familyEfe,False,False,7.95000,1.01000,-23.07000,1.14000,0.00000,0.00000
6244,223.32308,0.03411,Yakından incele · familyEfe,False,False,7.95000,1.01000,-23.07000,1.14000,0.00000,0.00000
6245,223.36435,0.04128,Yakından incele · familyEfe,False,False,7.95000,1.01000,-23.07000,1.14000,0.00000,0.00000
6246,223.39848,0.03412,Yakından incele · familyEfe,False,False,7.95000,1.01000,-23.07000,1.14000,0.00000,0.00000
6247,223.43204,0.03356,Yakından incele · familyEfe,False,False,7.95000,1.01000,-23.07000,1.14000,0.00000,0.00000
6248,223.46490,0.03286,Yakından incele · familyEfe,False,False,7.95000,1.01000,-23.07000,1.14000,0.00000,0.00000
6249,223.49834,0.03344,Yakından incele · familyEfe,False,False,7.95000,1.01000,-23.07000,1.14000,0.00000,0.00000
6250,223.53161,0.03328,Yakından incele · familyEfe,False,False,7.95000,1.01000,-23.07000,1.14000,0.00000,0.00000
6251,223.56487,0.03326,Yakından incele · familyEfe,False,False,7.95000,1.01000,-23.07000,1.14000,0.00000,0.00000
6252,223.59787,0.03300,Yakından incele · familyEfe,False,False,7.95000,1.01000,-23.07000,1.14000,0.00000,0.00000
6253,223.63108,0.03320,Yakından incele · familyEfe,False,False,7.95000,1.01000,-23.07000,1.14000,0.00000,0.00000
6254,223.66441,0.03333,Yakından incele · familyEfe,False,False,7.95000,1.01000,-23.07000,1.14000,0.00000,0.00000
6255,223.69863,0.03421,Yakından incele · familyEfe,False,False,7.95000,1.01000,-23.07000,1.14000,0.00000,0.00000
6256,223.73320,0.03457,Yakından incele · familyEfe,False,False,7.95000,1.01000,-23.07000,1.14000,0.00000,0.00000
6257,223.76547,0.03227,Yakından incele · familyEfe,False,False,7.95000,1.01000,-23.07000,1.14000,0.00000,0.00000
6258,223.79752,0.03205,Yakından incele · familyEfe,False,False,7.95000,1.01000,-23.07000,1.14000,0.00000,0.00000
6259,223.83121,0.03369,Yakından incele · familyEfe,False,False,7.95000,1.01000,-23.07000,1.14000,0.00000,0.00000
6260,223.86564,0.03443,Yakından incele · familyEfe,False,False,7.95000,1.01000,-23.07000,1.14000,0.00000,0.00000
6261,223.89901,0.03337,Yakından incele · familyEfe,False,False,7.95000,1.01000,-23.07000,1.14000,0.00000,0.00000
6262,223.93114,0.03214,Yakından incele · familyEfe,False,False,7.95000,1.01000,-23.07000,1.14000,0.00000,0.00000
6263,223.96416,0.03301,Yakından incele · familyEfe,False,False,7.95000,1.01000,-23.07000,1.14000,0.00000,0.00000
6264,223.99803,0.03388,Yakından incele · familyEfe,False,False,7.95000,1.01000,-23.07000,1.14000,0.00000,0.00000
6265,224.03163,0.03359,Yakından incele · familyEfe,False,False,7.95000,1.01000,-23.07000,1.14000,0.00000,0.00000
6266,224.06551,0.03389,Yakından incele · familyEfe,False,False,7.95000,1.01000,-23.07000,1.14000,0.00000,0.00000
6267,224.09934,0.03383,Yakından incele · familyEfe,False,False,7.95000,1.01000,-23.07000,1.14000,0.00000,0.00000
6268,224.13154,0.03220,Yakından incele · familyEfe,False,False,7.95000,1.01000,-23.07000,1.14000,0.00000,0.00000
6269,224.16506,0.03352,Yakından incele · familyEfe,False,False,7.95000,1.01000,-23.07000,1.14000,0.00000,0.00000
6270,224.19874,0.03368,Yakından incele · familyEfe,False,False,7.95000,1.01000,-23.07000,1.14000,0.00000,0.00000
6271,224.23199,0.03325,Yakından incele · familyEfe,False,False,7.95000,1.01000,-23.07000,1.14000,0.00000,0.00000
6272,224.26501,0.03302,Yakından incele · familyEfe,False,False,7.95000,1.01000,-23.07000,1.14000,0.00000,0.00000
6273,224.29770,0.03268,Yakından incele · familyEfe,False,False,7.95000,1.01000,-23.07000,1.14000,0.00000,0.00000
6274,224.33088,0.03318,Yakından incele · familyEfe,False,False,7.95000,1.01000,-23.07000,1.14000,0.00000,0.00000
6275,224.36428,0.03341,Yakından incele · familyEfe,False,False,7.95000,1.01000,-23.07000,1.14000,0.00000,0.00000
6276,224.39748,0.03320,Yakından incele · familyEfe,False,False,7.95000,1.01000,-23.07000,1.14000,0.00000,0.00000
6277,224.43046,0.03298,Yakından incele · familyEfe,False,False,7.95000,1.01000,-23.07000,1.14000,0.00000,0.00000
6278,224.46427,0.03382,Yakından incele · familyEfe,False,False,7.95000,1.01000,-23.07000,1.14000,0.00000,0.00000
6279,224.49859,0.03431,Yakından incele · familyEfe,False,False,7.95000,1.01000,-23.07000,1.14000,0.00000,0.00000
6280,224.53224,0.03365,Yakından incele · familyEfe,False,False,7.95000,1.01000,-23.07000,1.14000,0.00000,0.00000
6281,224.56522,0.03298,Yakından incele · familyEfe,False,False,7.95000,1.01000,-23.07000,1.14000,0.00000,0.00000
6282,224.59906,0.03384,Yakından incele · familyEfe,False,False,7.95000,1.01000,-23.07000,1.14000,0.00000,0.00000
6283,224.63263,0.03357,Yakından incele · familyEfe,False,False,7.95000,1.01000,-23.07000,1.14000,0.00000,0.00000
6284,224.66689,0.03426,Yakından incele · familyEfe,False,False,7.95000,1.01000,-23.07000,1.14000,0.00000,0.00000
6285,224.70088,0.03399,Yakından incele · familyEfe,False,False,7.95000,1.01000,-23.07000,1.14000,0.00000,0.00000
6286,224.73487,0.03399,Yakından incele · familyEfe,False,False,7.95000,1.01000,-23.07000,1.14000,0.00000,0.00000
6287,224.76727,0.03239,Yakından incele · familyEfe,False,False,7.95000,1.01000,-23.07000,1.14000,0.00000,0.00000
6288,224.79764,0.03037,Yakından incele · familyEfe,False,False,7.95000,1.01000,-23.07000,1.14000,0.00000,0.00000
6289,224.83097,0.03333,Yakından incele · familyEfe,False,False,7.95000,1.01000,-23.07000,1.14000,0.00000,0.00000
6290,224.86445,0.03347,Yakından incele · familyEfe,False,False,7.95000,1.01000,-23.07000,1.14000,0.00000,0.00000
6291,224.89758,0.03313,Yakından incele · familyEfe,False,False,7.95000,1.01000,-23.07000,1.14000,0.00000,0.00000
6292,224.93043,0.03285,Yakından incele · familyEfe,False,False,7.95000,1.01000,-23.07000,1.14000,0.00000,0.00000
6293,224.96567,0.03525,Yakından incele · familyEfe,False,False,7.95000,1.01000,-23.07000,1.14000,0.00000,0.00000
6294,225.00028,0.03461,Yakından incele · familyEfe,False,False,7.95000,1.01000,-23.07000,1.14000,0.00000,0.00000
6295,225.03321,0.03292,Yakından incele · familyEfe,False,False,7.95000,1.01000,-23.07000,1.14000,0.00000,0.00000
6296,225.06680,0.03359,Yakından incele · familyEfe,False,False,7.95000,1.01000,-23.07000,1.14000,0.00000,0.00000
6297,225.10090,0.03410,Yakından incele · familyEfe,False,False,7.95000,1.01000,-23.07000,1.14000,0.00000,0.00000
6298,225.13380,0.03290,Yakından incele · familyEfe,False,False,7.95000,1.01000,-23.07000,1.14000,0.00000,0.00000
6299,225.16733,0.03353,Yakından incele · familyEfe,False,False,7.95000,1.01000,-23.07000,1.14000,0.00000,0.00000
6300,225.20086,0.03353,Yakından incele · familyEfe,False,False,7.95000,1.01000,-23.07000,1.14000,0.00000,0.00000
6301,225.23310,0.03225,Yakından incele · familyEfe,False,False,7.95000,1.01000,-23.07000,1.14000,0.00000,0.00000
6302,225.26626,0.03316,Yakından incele · familyEfe,False,False,7.95000,1.01000,-23.07000,1.14000,0.00000,0.00000
6303,225.30030,0.03404,Yakından incele · familyEfe,False,False,7.95000,1.01000,-23.07000,1.14000,0.00000,0.00000
6304,225.33360,0.03330,Yakından incele · familyEfe,False,False,7.95000,1.01000,-23.07000,1.14000,0.00000,0.00000
6305,225.36630,0.03269,Yakından incele · familyEfe,False,False,7.95000,1.01000,-23.07000,1.14000,0.00000,0.00000
6306,225.39941,0.03311,Yakından incele · familyEfe,False,False,7.95000,1.01000,-23.07000,1.14000,0.00000,0.00000
6307,225.43279,0.03339,Yakından incele · familyEfe,False,False,7.95000,1.01000,-23.07000,1.14000,0.00000,0.00000
6308,225.46622,0.03342,Yakından incele · familyEfe,False,False,7.95000,1.01000,-23.07000,1.14000,0.00000,0.00000
6309,225.50020,0.03399,Yakından incele · familyEfe,False,False,7.95000,1.01000,-23.07000,1.14000,0.00000,0.00000
6310,225.53323,0.03303,Yakından incele · familyEfe,False,False,7.95000,1.01000,-23.07000,1.14000,0.00000,0.00000
6311,225.56662,0.03339,Yakından incele · familyEfe,False,False,7.95000,1.01000,-23.07000,1.14000,0.00000,0.00000
6312,225.60071,0.03409,Yakından incele · familyEfe,False,False,7.95000,1.01000,-23.07000,1.14000,0.00000,0.00000
6313,225.63362,0.03291,Yakından incele · familyEfe,False,False,7.95000,1.01000,-23.07000,1.14000,0.00000,0.00000
6314,225.66609,0.03247,Yakından incele · familyEfe,False,False,7.95000,1.01000,-23.07000,1.14000,0.00000,0.00000
6315,225.69957,0.03348,Yakından incele · familyEfe,False,False,7.95000,1.01000,-23.07000,1.14000,0.00000,0.00000
6316,225.73320,0.03363,Yakından incele · familyEfe,False,False,7.95000,1.01000,-23.07000,1.14000,0.00000,0.00000
6317,225.76683,0.03363,Yakından incele · familyEfe,False,False,7.95000,1.01000,-23.07000,1.14000,0.00000,0.00000
6318,225.80016,0.03333,Yakından incele · familyEfe,False,False,7.95000,1.01000,-23.07000,1.14000,0.00000,0.00000
6319,225.83292,0.03276,Yakından incele · familyEfe,False,False,7.95000,1.01000,-23.07000,1.14000,0.00000,0.00000
6320,225.86615,0.03323,Yakından incele · familyEfe,False,False,7.95000,1.01000,-23.07000,1.14000,0.00000,0.00000
6321,225.90040,0.03425,Yakından incele · familyEfe,False,False,7.95000,1.01000,-23.07000,1.14000,0.00000,0.00000
6322,225.93321,0.03281,Yakından incele · familyEfe,False,False,7.95000,1.01000,-23.07000,1.14000,0.00000,0.00000
6323,225.97805,0.04484,Yakından incele · familyEfe,False,False,7.95000,1.01000,-23.07000,1.14000,0.00000,0.00000
6324,226.01104,0.03299,Yakından incele · familyEfe,False,False,7.95000,1.01000,-23.07000,1.14000,0.00000,0.00000
6325,226.03187,0.02083,Yakından incele · familyEfe,False,False,7.95000,1.01000,-23.07000,1.14000,0.00000,0.00000
6326,226.06543,0.03356,Yakından incele · familyEfe,False,False,7.95000,1.01000,-23.07000,1.14000,0.00000,0.00000
6327,226.09958,0.03415,Yakından incele · familyEfe,False,False,7.95000,1.01000,-23.07000,1.14000,0.00000,0.00000
6328,226.13194,0.03235,Yakından incele · familyEfe,False,False,7.95000,1.01000,-23.07000,1.14000,0.00000,0.00000
6329,226.16472,0.03279,Yakından incele · familyEfe,False,False,7.95000,1.01000,-23.07000,1.14000,0.00000,0.00000
6330,226.19779,0.03307,Yakından incele · familyEfe,False,False,7.95000,1.01000,-23.07000,1.14000,0.00000,0.00000
6331,226.23141,0.03362,Yakından incele · familyEfe,False,False,7.95000,1.01000,-23.07000,1.14000,0.00000,0.00000
6332,226.26567,0.03425,Yakından incele · familyEfe,False,False,7.95000,1.01000,-23.07000,1.14000,0.00000,0.00000
6333,226.29922,0.03356,Yakından incele · familyEfe,False,False,7.95000,1.01000,-23.07000,1.14000,0.00000,0.00000
6334,226.33262,0.03340,Yakından incele · familyEfe,False,False,7.95000,1.01000,-23.07000,1.14000,0.00000,0.00000
6335,226.36505,0.03243,Yakından incele · family,True,False,7.94422,1.01580,-23.07619,1.14098,0.01027,0.31898
6336,226.39843,0.03338,Yakından incele · family,True,False,7.92798,1.03210,-23.09356,1.14373,0.02882,0.90308
6337,226.43282,0.03439,Yakından incele · family,True,False,7.90029,1.05989,-23.12319,1.14841,0.04917,1.54151
6338,226.46672,0.03391,Yakından incele · family,True,False,7.86326,1.09704,-23.16280,1.15468,0.06572,2.06081
6339,226.50013,0.03341,Yakından incele · family,True,False,7.81729,1.14318,-23.21199,1.16246,0.08162,2.55956
6340,226.53202,0.03189,Yakından incele · family,True,False,7.76431,1.19634,-23.26867,1.17142,0.09405,2.94944
6341,226.56510,0.03308,Yakından incele · family,True,False,7.70539,1.25546,-23.33171,1.18140,0.10460,3.27993
6342,226.59885,0.03374,Yakından incele · family,True,False,7.63656,1.32453,-23.40536,1.19304,0.12220,3.83183
6343,226.63173,0.03289,Yakından incele · family,True,False,7.56427,1.39708,-23.48271,1.20528,0.12835,4.02493
6344,226.67472,0.04298,Yakından incele · family,True,False,7.46178,1.49993,-23.59237,1.22262,0.18195,5.70614
6345,226.70736,0.03265,Yakından incele · family,True,False,7.38014,1.58185,-23.67972,1.23644,0.14494,4.54507
6346,226.74145,0.03408,Yakından incele · family,True,False,7.29296,1.66933,-23.77299,1.25119,0.15476,4.85313
6347,226.77500,0.03355,Yakından incele · family,True,False,7.20174,1.76088,-23.87059,1.26663,0.16195,5.07889
6348,226.80813,0.03313,Yakından incele · family,True,False,7.11115,1.85178,-23.96752,1.28196,0.16082,5.04347
6349,226.84205,0.03392,Yakından incele · family,True,False,7.01776,1.94550,-24.06744,1.29776,0.16580,5.19955
6350,226.87535,0.03330,Yakından incele · family,True,False,6.92514,2.03844,-24.16653,1.31344,0.16442,5.15646
6351,226.90889,0.03354,Yakından incele · family,True,False,6.83254,2.13136,-24.26562,1.32911,0.16440,5.15570
6352,226.94203,0.03314,Yakından incele · family,True,False,6.74100,2.22323,-24.36356,1.34460,0.16251,5.09644
6353,226.97477,0.03274,Yakından incele · family,True,False,6.65211,2.31242,-24.45866,1.35964,0.15781,4.94866
6354,227.00778,0.03302,Yakından incele · family,True,False,6.56685,2.39798,-24.54988,1.37407,0.15135,4.74629
6355,227.04124,0.03345,Yakından incele · family,True,False,6.48287,2.48225,-24.63974,1.38828,0.14910,4.67566
6356,227.07472,0.03349,Yakından incele · family,True,False,6.40370,2.56170,-24.72444,1.40168,0.14055,4.40743
6357,227.10811,0.03339,Yakından incele · family,True,False,6.32901,2.63665,-24.80436,1.41432,0.13261,4.15847
6358,227.14192,0.03382,Yakından incele · family,True,False,6.26051,2.70539,-24.87765,1.42591,0.12161,3.81360
6359,227.17432,0.03240,Yakından incele · family,True,False,6.19736,2.76876,-24.94522,1.43660,0.11211,3.51583
6360,227.20752,0.03319,Yakından incele · family,True,False,6.14441,2.82189,-25.00187,1.44556,0.09399,2.94758
6361,227.24106,0.03354,Yakından incele · family,True,False,6.09526,2.87121,-25.05445,1.45388,0.08725,2.73633
6362,227.29512,0.05406,Yakından incele · family,True,False,6.05713,2.90948,-25.09526,1.46033,0.06771,2.12329
6363,227.32889,0.03377,Yakından incele · family,True,False,6.01446,2.95230,-25.14091,1.46755,0.07575,2.37557
6364,227.34082,0.01193,Yakından incele · family,True,False,6.00865,2.95813,-25.14713,1.46854,0.01031,0.32143
6365,227.37396,0.03314,Yakından incele · family,True,False,6.00032,2.96649,-25.15604,1.46995,0.01479,0.46309
6366,227.40795,0.03399,Yakından incele · family,False,False,6.00000,2.96681,-25.15638,1.47000,0.00057,0.00000
6367,227.44353,0.03558,Yakından incele · family,False,False,6.00000,2.96681,-25.15638,1.47000,0.00000,0.00000
6368,227.47483,0.03130,Yakından incele · family,False,False,6.00000,2.96681,-25.15638,1.47000,0.00000,0.00000
6369,227.50754,0.03271,Yakından incele · family,False,False,6.00000,2.96681,-25.15638,1.47000,0.00000,0.00000
6370,227.54078,0.03324,Yakından incele · family,False,False,6.00000,2.96681,-25.15638,1.47000,0.00000,0.00000
6371,227.57388,0.03311,Yakından incele · family,False,False,6.00000,2.96681,-25.15638,1.47000,0.00000,0.00000
6372,227.60734,0.03346,Yakından incele · family,False,False,6.00000,2.96681,-25.15638,1.47000,0.00000,0.00000
6373,227.64136,0.03402,Yakından incele · family,False,False,6.00000,2.96681,-25.15638,1.47000,0.00000,0.00000
6374,227.67494,0.03358,Yakından incele · family,False,False,6.00000,2.96681,-25.15638,1.47000,0.00000,0.00000
6375,227.70787,0.03294,Yakından incele · family,False,False,6.00000,2.96681,-25.15638,1.47000,0.00000,0.00000
6376,227.74113,0.03326,Yakından incele · family,False,False,6.00000,2.96681,-25.15638,1.47000,0.00000,0.00000
6377,227.77443,0.03330,Yakından incele · family,False,False,6.00000,2.96681,-25.15638,1.47000,0.00000,0.00000
6378,227.80793,0.03351,Yakından incele · family,False,False,6.00000,2.96681,-25.15638,1.47000,0.00000,0.00000
6379,227.84121,0.03328,Yakından incele · family,False,False,6.00000,2.96681,-25.15638,1.47000,0.00000,0.00000
6380,227.87476,0.03355,Yakından incele · family,False,False,6.00000,2.96681,-25.15638,1.47000,0.00000,0.00000
6381,227.90732,0.03255,Yakından incele · family,False,False,6.00000,2.96681,-25.15638,1.47000,0.00000,0.00000
6382,227.94122,0.03391,Yakından incele · family,False,False,6.00000,2.96681,-25.15638,1.47000,0.00000,0.00000
6383,227.97503,0.03380,Yakından incele · family,False,False,6.00000,2.96681,-25.15638,1.47000,0.00000,0.00000
6384,228.00830,0.03327,Yakından incele · family,False,False,6.00000,2.96681,-25.15638,1.47000,0.00000,0.00000
6385,228.04128,0.03298,Yakından incele · family,False,False,6.00000,2.96681,-25.15638,1.47000,0.00000,0.00000
6386,228.07461,0.03332,Yakından incele · family,False,False,6.00000,2.96681,-25.15638,1.47000,0.00000,0.00000
6387,228.12877,0.05416,Yakından incele · family,False,False,6.00000,2.96681,-25.15638,1.47000,0.00000,0.00000
6388,228.14236,0.01359,Yakından incele · family,False,False,6.00000,2.96681,-25.15638,1.47000,0.00000,0.00000
6389,228.17577,0.03341,Yakından incele · family,False,False,6.00000,2.96681,-25.15638,1.47000,0.00000,0.00000
6390,228.20774,0.03197,Yakından incele · family,False,False,6.00000,2.96681,-25.15638,1.47000,0.00000,0.00000
6391,228.24048,0.03274,Yakından incele · family,False,False,6.00000,2.96681,-25.15638,1.47000,0.00000,0.00000
6392,228.27470,0.03422,Yakından incele · family,False,False,6.00000,2.96681,-25.15638,1.47000,0.00000,0.00000
6393,228.31000,0.03530,Yakından incele · family,False,False,6.00000,2.96681,-25.15638,1.47000,0.00000,0.00000
6394,228.34329,0.03329,Yakından incele · family,False,False,6.00000,2.96681,-25.15638,1.47000,0.00000,0.00000
6395,228.37461,0.03132,Yakından incele · family,False,False,6.00000,2.96681,-25.15638,1.47000,0.00000,0.00000
6396,228.40753,0.03292,Yakından incele · family,False,False,6.00000,2.96681,-25.15638,1.47000,0.00000,0.00000
6397,228.44030,0.03277,Yakından incele · family,False,False,6.00000,2.96681,-25.15638,1.47000,0.00000,0.00000
6398,228.47538,0.03508,Yakından incele · family,False,False,6.00000,2.96681,-25.15638,1.47000,0.00000,0.00000
6399,228.50960,0.03421,Yakından incele · family,False,False,6.00000,2.96681,-25.15638,1.47000,0.00000,0.00000
6400,228.54161,0.03202,Yakından incele · family,False,False,6.00000,2.96681,-25.15638,1.47000,0.00000,0.00000
6401,228.57441,0.03280,Yakından incele · family,False,False,6.00000,2.96681,-25.15638,1.47000,0.00000,0.00000
6402,228.60742,0.03301,Yakından incele · family,False,False,6.00000,2.96681,-25.15638,1.47000,0.00000,0.00000
6403,228.64047,0.03305,Yakından incele · family,False,False,6.00000,2.96681,-25.15638,1.47000,0.00000,0.00000
6404,228.67454,0.03407,Yakından incele · family,False,False,6.00000,2.96681,-25.15638,1.47000,0.00000,0.00000
6405,228.70756,0.03302,Yakından incele · family,False,False,6.00000,2.96681,-25.15638,1.47000,0.00000,0.00000
6406,228.74079,0.03323,Yakından incele · family,False,False,6.00000,2.96681,-25.15638,1.47000,0.00000,0.00000
6407,228.77432,0.03352,Yakından incele · family,False,False,6.00000,2.96681,-25.15638,1.47000,0.00000,0.00000
6408,228.80711,0.03280,Yakından incele · family,False,False,6.00000,2.96681,-25.15638,1.47000,0.00000,0.00000
6409,228.83986,0.03275,Yakından incele · family,False,False,6.00000,2.96681,-25.15638,1.47000,0.00000,0.00000
6410,228.87331,0.03344,Yakından incele · family,False,False,6.00000,2.96681,-25.15638,1.47000,0.00000,0.00000
6411,228.90646,0.03316,Yakından incele · family,False,False,6.00000,2.96681,-25.15638,1.47000,0.00000,0.00000
6412,228.94065,0.03419,Yakından incele · family,False,False,6.00000,2.96681,-25.15638,1.47000,0.00000,0.00000
6413,228.97466,0.03401,Yakından incele · family,False,False,6.00000,2.96681,-25.15638,1.47000,0.00000,0.00000
6414,229.00929,0.03463,Yakından incele · family,False,False,6.00000,2.96681,-25.15638,1.47000,0.00000,0.00000
6415,229.04282,0.03353,Yakından incele · family,False,False,6.00000,2.96681,-25.15638,1.47000,0.00000,0.00000
6416,229.07494,0.03211,Yakından incele · family,False,False,6.00000,2.96681,-25.15638,1.47000,0.00000,0.00000
6417,229.10916,0.03422,Yakından incele · family,False,False,6.00000,2.96681,-25.15638,1.47000,0.00000,0.00000
6418,229.14400,0.03484,Yakından incele · family,False,False,6.00000,2.96681,-25.15638,1.47000,0.00000,0.00000
6419,229.18961,0.04562,Ada ile odada gezin,True,False,5.97852,2.97000,-25.16022,1.47493,0.02205,0.00000
6420,229.22028,0.03066,Ada ile odada gezin,True,False,5.88584,2.98378,-25.17683,1.49622,0.09516,0.53376
6421,229.23891,0.01863,Ada ile odada gezin,True,False,5.82643,2.99261,-25.18747,1.50986,0.06100,0.34264
6422,229.27225,0.03334,Ada ile odada gezin,True,False,5.69644,3.01194,-25.21076,1.53971,0.13347,0.74965
6423,229.30513,0.03288,Ada ile odada gezin,True,False,5.53266,3.03629,-25.24010,1.57732,0.16815,0.94460
6424,229.33907,0.03394,Ada ile odada gezin,True,False,5.34193,3.06464,-25.27426,1.62111,0.19583,1.10002
6425,229.37354,0.03447,Ada ile odada gezin,True,False,5.11811,3.09792,-25.31436,1.67251,0.22981,1.29117
6426,229.40553,0.03199,Ada ile odada gezin,True,False,4.86881,3.13498,-25.35901,1.72976,0.25597,1.43855
6427,229.43775,0.03221,Ada ile odada gezin,True,False,4.62203,3.17167,-25.40322,1.78643,0.25338,1.42324
6428,229.47137,0.03362,Ada ile odada gezin,True,False,4.32903,3.21523,-25.45571,1.85371,0.30083,1.68976
6429,229.50453,0.03316,Ada ile odada gezin,True,False,4.03755,3.25857,-25.50792,1.92064,0.29926,1.68140
6430,229.53842,0.03389,Ada ile odada gezin,True,False,3.71714,3.30620,-25.56532,1.99422,0.32898,1.84774
6431,229.57197,0.03355,Ada ile odada gezin,True,False,3.39833,3.35360,-25.62243,2.06743,0.32734,1.83839
6432,229.60507,0.03310,Ada ile odada gezin,True,False,3.06277,3.40349,-25.68254,2.14448,0.34453,1.93546
6433,229.63854,0.03347,Ada ile odada gezin,True,False,2.73488,3.45224,-25.74128,2.21978,0.33666,1.89087
6434,229.67150,0.03296,Ada ile odada gezin,True,False,2.38778,3.50384,-25.80346,2.29948,0.35638,2.00186
6435,229.70480,0.03331,Ada ile odada gezin,True,False,2.06207,3.55226,-25.86180,2.37428,0.33441,1.87882
6436,229.73845,0.03364,Ada ile odada gezin,True,False,1.71801,3.60342,-25.92343,2.45328,0.35326,1.98458
6437,229.77182,0.03337,Ada ile odada gezin,True,False,1.39533,3.65139,-25.98124,2.52738,0.33131,1.86082
6438,229.80585,0.03403,Ada ile odada gezin,True,False,1.07148,3.69954,-26.03925,2.60175,0.33250,1.86796
6439,229.83933,0.03348,Ada ile odada gezin,True,False,0.76071,3.74574,-26.09492,2.67311,0.31908,1.79226
6440,229.87264,0.03331,Ada ile odada gezin,True,False,0.46901,3.78911,-26.14717,2.74010,0.29951,1.68186
6441,229.90536,0.03271,Ada ile odada gezin,True,False,0.18994,3.83059,-26.19716,2.80418,0.28653,1.60909
6442,229.93948,0.03412,Ada ile odada gezin,True,False,-0.06340,3.86826,-26.24255,2.86236,0.26012,1.46016
6443,229.98150,0.04202,Ada ile odada gezin,True,False,-0.36137,3.91256,-26.29592,2.93078,0.30593,1.71824
6444,230.01440,0.03290,Ada ile odada gezin,True,False,-0.55969,3.94204,-26.33145,2.97632,0.20362,1.14260
6445,230.04739,0.03299,Ada ile odada gezin,True,False,-0.73561,3.96820,-26.36296,3.01672,0.18062,1.01335
6446,230.08010,0.03271,Ada ile odada gezin,True,False,-0.87740,3.98928,-26.38836,3.04927,0.14558,0.81661
6447,230.11322,0.03312,Ada ile odada gezin,True,False,-0.98738,4.00563,-26.40806,3.07453,0.11293,0.63304
6448,230.14690,0.03368,Ada ile odada gezin,True,False,-1.06136,4.01663,-26.42132,3.09152,0.07596,0.42612
6449,230.18046,0.03356,Ada ile odada gezin,True,False,-1.09607,4.02179,-26.42753,3.09949,0.03564,0.19782
6450,230.21429,0.03383,Ada ile odada gezin,False,False,-1.09830,4.02212,-26.42793,3.10000,0.00229,0.00000
6451,230.24908,0.03479,Ada ile odada gezin,False,False,-1.09830,4.02212,-26.42793,3.10000,0.00000,0.00000
6452,230.28312,0.03404,Yakından incele · reunionRoute2,True,False,-1.09518,4.02852,-26.38783,3.10936,0.04073,0.43160
6453,230.33172,0.04860,Yakından incele · reunionRoute2,True,False,-1.07946,4.06085,-26.18539,3.15660,0.20560,2.19329
6454,230.34869,0.01697,Yakından incele · reunionRoute2,True,False,-1.07109,4.07804,-26.07771,3.18173,0.10936,1.16700
6455,230.38096,0.03227,Yakından incele · reunionRoute2,True,False,-1.05066,4.12005,-25.81465,3.24312,0.26718,2.85038
6456,230.41368,0.03272,Yakından incele · reunionRoute2,True,False,-1.02618,4.17038,-25.49940,3.31669,0.32018,3.41578
6457,230.44750,0.03382,Yakından incele · reunionRoute2,True,False,-0.99566,4.23312,-25.10647,3.40838,0.39907,4.25727
6458,230.48014,0.03264,Yakından incele · reunionRoute2,True,False,-0.96224,4.30182,-24.67625,3.50878,0.43696,4.66174
6459,230.51325,0.03311,Yakından incele · reunionRoute2,True,False,-0.92450,4.37942,-24.19027,3.62219,0.49357,5.26599
6460,230.54681,0.03356,Yakından incele · reunionRoute2,True,False,-0.88407,4.46253,-23.66977,3.74366,0.52865,5.63989
6461,230.58057,0.03376,Yakından incele · reunionRoute2,True,False,-0.83927,4.55463,-23.09296,3.87827,0.58583,6.24999
6462,230.61356,0.03299,Yakından incele · reunionRoute2,True,False,-0.79339,4.64896,-22.50219,4.01613,0.60001,6.40151
6463,230.64691,0.03334,Yakından incele · reunionRoute2,True,False,-0.74506,4.74833,-21.87988,4.16136,0.63205,6.74324
6464,230.68045,0.03355,Yakından incele · reunionRoute2,True,False,-0.69501,4.85121,-21.23556,4.31172,0.65439,6.98153
6465,230.71360,0.03314,Yakından incele · reunionRoute2,True,False,-0.64376,4.95658,-20.57569,4.46571,0.67019,7.15012
6466,230.74614,0.03255,Yakından incele · reunionRoute2,True,False,-0.59224,5.06251,-19.91229,4.62053,0.67377,7.18846
6467,230.77921,0.03307,Yakından incele · reunionRoute2,True,False,-0.54084,5.16818,-19.25047,4.77497,0.67218,7.17133
6468,230.81358,0.03437,Yakından incele · reunionRoute2,True,False,-0.48816,5.27647,-18.57228,4.93324,0.68880,7.34869
6469,230.84813,0.03456,Yakından incele · reunionRoute2,True,False,-0.43523,5.38530,-17.89074,5.09229,0.69220,7.38494
6470,230.88149,0.03336,Yakından incele · reunionRoute2,True,False,-0.38404,5.49054,-17.23165,5.24610,0.66940,7.14157
6471,230.91354,0.03204,Yakından incele · reunionRoute2,True,False,-0.33490,5.59155,-16.59904,5.39372,0.64250,6.85463
6472,230.94634,0.03280,Yakından incele · reunionRoute2,True,False,-0.28897,5.68599,-16.00757,5.53175,0.60072,6.40885
6473,230.98102,0.03468,Yakından incele · reunionRoute2,True,False,-0.24228,5.78197,-15.40648,5.67203,0.61050,6.51320
6474,231.01514,0.03413,Yakından incele · reunionRoute2,True,False,-0.19888,5.87119,-14.84772,5.80242,0.56750,6.05449
6475,231.04716,0.03202,Yakından incele · reunionRoute2,True,False,-0.15869,5.95382,-14.33025,5.92318,0.52556,5.60689
6476,231.08000,0.03284,Yakından incele · reunionRoute2,True,False,-0.12426,6.02461,-13.88690,6.02665,0.45029,4.80400
6477,231.11357,0.03357,Yakından incele · reunionRoute2,True,False,-0.09040,6.09422,-13.45100,6.12837,0.44272,4.72314
6478,231.15926,0.04568,Yakından incele · reunionRoute2,True,False,-0.06311,6.15032,-13.09965,6.21036,0.35684,3.80682
6479,231.19354,0.03428,Yakından incele · reunionRoute2,True,False,-0.03135,6.21562,-12.69067,6.30580,0.41538,4.43152
6480,231.21430,0.02077,Yakından incele · reunionRoute2,True,False,-0.02063,6.23766,-12.55262,6.33802,0.14021,1.49512
6481,231.24790,0.03360,Yakından incele · reunionRoute2,True,False,-0.00774,6.26415,-12.38671,6.37674,0.16850,1.79793
6482,231.28064,0.03274,Yakından incele · reunionRoute2,True,False,-0.00101,6.27799,-12.30005,6.39696,0.08802,0.93878
6483,231.31478,0.03414,Yakından incele · reunionRoute2,False,False,0.00000,6.28007,-12.28703,6.40000,0.01323,0.00000
6484,231.35936,0.04458,Yakından incele · reunionRoute2,False,False,0.00000,6.28007,-12.28703,6.40000,0.00000,0.00000
6485,231.38394,0.02458,Yakından incele · reunionRoute2,False,False,0.00000,6.28007,-12.28703,6.40000,0.00000,0.00000
6486,231.43105,0.04711,Yakından incele · reunionRoute2,False,False,0.00000,6.28007,-12.28703,6.40000,0.00000,0.00000
6487,231.44736,0.01631,Yakından incele · reunionRoute2,False,False,0.00000,6.28007,-12.28703,6.40000,0.00000,0.00000
6488,231.47893,0.03158,Yakından incele · reunionRoute2,False,False,0.00000,6.28007,-12.28703,6.40000,0.00000,0.00000
6489,231.51324,0.03431,Yakından incele · reunionRoute2,False,False,0.00000,6.28007,-12.28703,6.40000,0.00000,0.00000
6490,231.54805,0.03481,Yakından incele · reunionRoute2,False,False,0.00000,6.28007,-12.28703,6.40000,0.00000,0.00000
6491,231.58047,0.03242,Yakından incele · reunionRoute2,False,False,0.00000,6.28007,-12.28703,6.40000,0.00000,0.00000
6492,231.61370,0.03323,Yakından incele · reunionRoute2,False,False,0.00000,6.28007,-12.28703,6.40000,0.00000,0.00000
6493,231.64768,0.03398,Yakından incele · reunionRoute2,False,False,0.00000,6.28007,-12.28703,6.40000,0.00000,0.00000
6494,231.68148,0.03380,Yakından incele · reunionRoute2,False,False,0.00000,6.28007,-12.28703,6.40000,0.00000,0.00000
6495,231.71506,0.03358,Yakından incele · reunionRoute2,False,False,0.00000,6.28007,-12.28703,6.40000,0.00000,0.00000
6496,231.74724,0.03219,Yakından incele · reunionRoute2,False,False,0.00000,6.28007,-12.28703,6.40000,0.00000,0.00000
6497,231.77974,0.03250,Yakından incele · reunionRoute2,False,False,0.00000,6.28007,-12.28703,6.40000,0.00000,0.00000
6498,231.81311,0.03336,Yakından incele · reunionRoute2,False,False,0.00000,6.28007,-12.28703,6.40000,0.00000,0.00000
6499,231.84692,0.03381,Yakından incele · reunionRoute2,False,False,0.00000,6.28007,-12.28703,6.40000,0.00000,0.00000
6500,231.87983,0.03291,Yakından incele · reunionRoute2,False,False,0.00000,6.28007,-12.28703,6.40000,0.00000,0.00000
6501,231.91320,0.03338,Yakından incele · reunionRoute2,False,False,0.00000,6.28007,-12.28703,6.40000,0.00000,0.00000
6502,231.94645,0.03324,Yakından incele · reunionRoute2,False,False,0.00000,6.28007,-12.28703,6.40000,0.00000,0.00000
6503,231.97997,0.03352,Yakından incele · reunionRoute2,False,False,0.00000,6.28007,-12.28703,6.40000,0.00000,0.00000
6504,232.01344,0.03347,Yakından incele · reunionRoute2,False,False,0.00000,6.28007,-12.28703,6.40000,0.00000,0.00000
6505,232.04626,0.03282,Yakından incele · reunionRoute2,False,False,0.00000,6.28007,-12.28703,6.40000,0.00000,0.00000
6506,232.08016,0.03390,Yakından incele · reunionRoute2,False,False,0.00000,6.28007,-12.28703,6.40000,0.00000,0.00000
6507,232.11364,0.03348,Yakından incele · reunionRoute2,False,False,0.00000,6.28007,-12.28703,6.40000,0.00000,0.00000
6508,232.14695,0.03331,Yakından incele · reunionRoute2,False,False,0.00000,6.28007,-12.28703,6.40000,0.00000,0.00000
6509,232.18045,0.03350,Yakından incele · reunionRoute2,False,False,0.00000,6.28007,-12.28703,6.40000,0.00000,0.00000
6510,232.21403,0.03358,Yakından incele · reunionRoute2,False,False,0.00000,6.28007,-12.28703,6.40000,0.00000,0.00000
6511,232.24693,0.03290,Yakından incele · reunionRoute2,False,False,0.00000,6.28007,-12.28703,6.40000,0.00000,0.00000
6512,232.27991,0.03298,Yakından incele · reunionRoute2,False,False,0.00000,6.28007,-12.28703,6.40000,0.00000,0.00000
6513,232.31357,0.03366,Yakından incele · reunionRoute2,False,False,0.00000,6.28007,-12.28703,6.40000,0.00000,0.00000
6514,232.34678,0.03321,Yakından incele · reunionRoute2,False,False,0.00000,6.28007,-12.28703,6.40000,0.00000,0.00000
6515,232.38022,0.03344,Yakından incele · reunionRoute2,False,False,0.00000,6.28007,-12.28703,6.40000,0.00000,0.00000
6516,232.41384,0.03362,Yakından incele · reunionRoute2,False,False,0.00000,6.28007,-12.28703,6.40000,0.00000,0.00000
6517,232.44701,0.03318,Yakından incele · reunionRoute2,False,False,0.00000,6.28007,-12.28703,6.40000,0.00000,0.00000
6518,232.48032,0.03331,Yakından incele · reunionRoute2,False,False,0.00000,6.28007,-12.28703,6.40000,0.00000,0.00000
6519,232.51372,0.03339,Yakından incele · reunionRoute2,False,False,0.00000,6.28007,-12.28703,6.40000,0.00000,0.00000
6520,232.54651,0.03279,Yakından incele · reunionRoute2,False,False,0.00000,6.28007,-12.28703,6.40000,0.00000,0.00000
6521,232.58111,0.03460,Yakından incele · reunionRoute2,False,False,0.00000,6.28007,-12.28703,6.40000,0.00000,0.00000
6522,232.61399,0.03289,Yakından incele · reunionRoute2,False,False,0.00000,6.28007,-12.28703,6.40000,0.00000,0.00000
6523,232.64778,0.03378,Yakından incele · reunionRoute2,False,False,0.00000,6.28007,-12.28703,6.40000,0.00000,0.00000
6524,232.68801,0.04023,Yakından incele · reunionRoute2,False,False,0.00000,6.28007,-12.28703,6.40000,0.00000,0.00000
6525,232.72229,0.03427,Yakından incele · reunionRoute2,False,False,0.00000,6.28007,-12.28703,6.40000,0.00000,0.00000
6526,232.75484,0.03255,Yakından incele · reunionRoute2,False,False,0.00000,6.28007,-12.28703,6.40000,0.00000,0.00000
6527,232.78591,0.03107,Yakından incele · reunionRoute2,False,False,0.00000,6.28007,-12.28703,6.40000,0.00000,0.00000
6528,232.81577,0.02986,Yakından incele · reunionRoute2,False,False,0.00000,6.28007,-12.28703,6.40000,0.00000,0.00000
6529,232.85122,0.03545,Yakından incele · reunionRoute2,False,False,0.00000,6.28007,-12.28703,6.40000,0.00000,0.00000
6530,232.88375,0.03253,Yakından incele · reunionRoute2,False,False,0.00000,6.28007,-12.28703,6.40000,0.00000,0.00000
6531,232.91806,0.03431,Yakından incele · reunionRoute2,False,False,0.00000,6.28007,-12.28703,6.40000,0.00000,0.00000
6532,232.95073,0.03268,Yakından incele · reunionRoute2,False,False,0.00000,6.28007,-12.28703,6.40000,0.00000,0.00000
6533,232.97980,0.02907,Yakından incele · reunionRoute2,False,False,0.00000,6.28007,-12.28703,6.40000,0.00000,0.00000
6534,233.01288,0.03308,Yakından incele · reunionRoute2,False,False,0.00000,6.28007,-12.28703,6.40000,0.00000,0.00000
6535,233.04661,0.03373,Yakından incele · reunionRoute2,False,False,0.00000,6.28007,-12.28703,6.40000,0.00000,0.00000
6536,233.08005,0.03344,Yakından incele · reunionRoute2,False,False,0.00000,6.28007,-12.28703,6.40000,0.00000,0.00000
6537,233.11343,0.03338,Yakından incele · reunionRoute2,False,False,0.00000,6.28007,-12.28703,6.40000,0.00000,0.00000
6538,233.14686,0.03343,Yakından incele · reunionRoute2,False,False,0.00000,6.28007,-12.28703,6.40000,0.00000,0.00000
6539,233.17990,0.03304,Yakından incele · reunionRoute2,False,False,0.00000,6.28007,-12.28703,6.40000,0.00000,0.00000
6540,233.21420,0.03430,Yakından incele · reunionRoute2,False,False,0.00000,6.28007,-12.28703,6.40000,0.00000,0.00000
6541,233.24845,0.03425,Yakından incele · reunionRoute2,False,False,0.00000,6.28007,-12.28703,6.40000,0.00000,0.00000
6542,233.28853,0.04009,Yakından incele · reunionRoute2,False,False,0.00000,6.28007,-12.28703,6.40000,0.00000,0.00000
6543,233.32184,0.03331,Yakından incele · reunionRoute2,False,False,0.00000,6.28007,-12.28703,6.40000,0.00000,0.00000
6544,233.35629,0.03445,Yakından incele · reunionRoute2,False,False,0.00000,6.28007,-12.28703,6.40000,0.00000,0.00000
6545,233.38908,0.03279,Yakından incele · reunionRoute2,False,False,0.00000,6.28007,-12.28703,6.40000,0.00000,0.00000
6546,233.42057,0.03149,Yakından incele · reunionRoute2,False,False,0.00000,6.28007,-12.28703,6.40000,0.00000,0.00000
6547,233.45361,0.03304,Yakından incele · reunionRoute2,False,False,0.00000,6.28007,-12.28703,6.40000,0.00000,0.00000
6548,233.48801,0.03440,Yakından incele · reunionRoute2,False,False,0.00000,6.28007,-12.28703,6.40000,0.00000,0.00000
6549,233.52166,0.03364,Yakından incele · reunionRoute2,False,False,0.00000,6.28007,-12.28703,6.40000,0.00000,0.00000
6550,233.55482,0.03317,Yakından incele · reunionRoute2,False,False,0.00000,6.28007,-12.28703,6.40000,0.00000,0.00000
6551,233.58889,0.03407,Yakından incele · reunionRoute2,False,False,0.00000,6.28007,-12.28703,6.40000,0.00000,0.00000
6552,233.62105,0.03216,Yakından incele · reunionRoute2,False,False,0.00000,6.28007,-12.28703,6.40000,0.00000,0.00000
6553,233.65513,0.03408,Yakından incele · reunionRoute2,False,False,0.00000,6.28007,-12.28703,6.40000,0.00000,0.00000
6554,233.69331,0.03818,Yakından incele · reunionRoute2,False,False,0.00000,6.28007,-12.28703,6.40000,0.00000,0.00000
6555,233.72677,0.03346,Yakından incele · reunionRoute2,False,False,0.00000,6.28007,-12.28703,6.40000,0.00000,0.00000
6556,233.75663,0.02986,Yakından incele · reunionRoute2,False,False,0.00000,6.28007,-12.28703,6.40000,0.00000,0.00000
6557,233.78931,0.03268,Yakından incele · reunionRoute2,False,False,0.00000,6.28007,-12.28703,6.40000,0.00000,0.00000
6558,233.82339,0.03409,Yakından incele · reunionRoute2,False,False,0.00000,6.28007,-12.28703,6.40000,0.00000,0.00000
6559,233.85660,0.03321,Yakından incele · reunionRoute2,False,False,0.00000,6.28007,-12.28703,6.40000,0.00000,0.00000
6560,233.88950,0.03290,Yakından incele · reunionRoute2,False,False,0.00000,6.28007,-12.28703,6.40000,0.00000,0.00000
6561,233.92284,0.03334,Yakından incele · reunionRoute2,False,False,0.00000,6.28007,-12.28703,6.40000,0.00000,0.00000
6562,233.95502,0.03218,Yakından incele · reunionRoute2,False,False,0.00000,6.28007,-12.28703,6.40000,0.00000,0.00000
6563,233.98738,0.03237,Yakından incele · reunionRoute2,False,False,0.00000,6.28007,-12.28703,6.40000,0.00000,0.00000
6564,234.02078,0.03339,Yakından incele · reunionRoute2,False,False,0.00000,6.28007,-12.28703,6.40000,0.00000,0.00000
6565,234.05521,0.03443,Yakından incele · reunionRoute2,False,False,0.00000,6.28007,-12.28703,6.40000,0.00000,0.00000
6566,234.08879,0.03358,Yakından incele · reunionRoute2,False,False,0.00000,6.28007,-12.28703,6.40000,0.00000,0.00000
6567,234.12131,0.03252,Yakından incele · reunionRoute2,False,False,0.00000,6.28007,-12.28703,6.40000,0.00000,0.00000
6568,234.15439,0.03308,Yakından incele · reunionRoute2,False,False,0.00000,6.28007,-12.28703,6.40000,0.00000,0.00000
6569,234.18830,0.03391,Yakından incele · reunionRoute2,False,False,0.00000,6.28007,-12.28703,6.40000,0.00000,0.00000
6570,234.22284,0.03454,Yakından incele · reunionRoute2,False,False,0.00000,6.28007,-12.28703,6.40000,0.00000,0.00000
6571,234.25596,0.03312,Yakından incele · reunionRoute2,False,False,0.00000,6.28007,-12.28703,6.40000,0.00000,0.00000
6572,234.28852,0.03256,Yakından incele · reunionRoute2,False,False,0.00000,6.28007,-12.28703,6.40000,0.00000,0.00000
6573,234.32083,0.03232,Yakından incele · reunionRoute2,False,False,0.00000,6.28007,-12.28703,6.40000,0.00000,0.00000
6574,234.35442,0.03359,Yakından incele · reunionRoute2,False,False,0.00000,6.28007,-12.28703,6.40000,0.00000,0.00000
6575,234.38784,0.03343,Yakından incele · reunionRoute2,False,False,0.00000,6.28007,-12.28703,6.40000,0.00000,0.00000
6576,234.42116,0.03332,Yakından incele · reunionRoute2,False,False,0.00000,6.28007,-12.28703,6.40000,0.00000,0.00000
6577,234.45403,0.03287,Yakından incele · reunionRoute2,False,False,0.00000,6.28007,-12.28703,6.40000,0.00000,0.00000
6578,234.48792,0.03389,Yakından incele · reunionRoute2,False,False,0.00000,6.28007,-12.28703,6.40000,0.00000,0.00000
6579,234.52239,0.03447,Yakından incele · reunionRoute2,False,False,0.00000,6.28007,-12.28703,6.40000,0.00000,0.00000
6580,234.55557,0.03317,Yakından incele · reunionRoute2,False,False,0.00000,6.28007,-12.28703,6.40000,0.00000,0.00000
6581,234.58847,0.03291,Yakından incele · reunionRoute2,False,False,0.00000,6.28007,-12.28703,6.40000,0.00000,0.00000
6582,234.62122,0.03274,Yakından incele · reunionRoute2,False,False,0.00000,6.28007,-12.28703,6.40000,0.00000,0.00000
6583,234.65507,0.03385,Yakından incele · reunionRoute2,False,False,0.00000,6.28007,-12.28703,6.40000,0.00000,0.00000
6584,234.68808,0.03301,Yakından incele · reunionRoute2,False,False,0.00000,6.28007,-12.28703,6.40000,0.00000,0.00000
6585,234.72121,0.03313,Yakından incele · reunionRoute2,False,False,0.00000,6.28007,-12.28703,6.40000,0.00000,0.00000
6586,234.75515,0.03394,Yakından incele · reunionRoute2,False,False,0.00000,6.28007,-12.28703,6.40000,0.00000,0.00000
6587,234.78801,0.03286,Yakından incele · reunionRoute2,False,False,0.00000,6.28007,-12.28703,6.40000,0.00000,0.00000
6588,234.82165,0.03364,Yakından incele · reunionRoute2,False,False,0.00000,6.28007,-12.28703,6.40000,0.00000,0.00000
6589,234.85514,0.03349,Yakından incele · reunionRoute2,False,False,0.00000,6.28007,-12.28703,6.40000,0.00000,0.00000
6590,234.89874,0.04360,Yakından incele · reunionApproach2,True,False,0.00131,6.27600,-12.30805,6.39564,0.02145,0.00000
6591,234.93171,0.03296,Yakından incele · reunionApproach2,True,False,0.00689,6.25862,-12.39772,6.37704,0.09151,0.57335
6592,234.95399,0.02229,Yakından incele · reunionApproach2,True,False,0.01133,6.24479,-12.46904,6.36224,0.07278,0.45284
6593,234.98728,0.03328,Yakından incele · reunionApproach2,True,False,0.01971,6.21867,-12.60380,6.33429,0.13752,0.85957
6594,235.02172,0.03444,Yakından incele · reunionApproach2,True,False,0.03021,6.18599,-12.77244,6.29931,0.17210,1.07628
6595,235.05698,0.03526,Yakından incele · reunionApproach2,True,False,0.04309,6.14584,-12.97954,6.25635,0.21135,1.32114
6596,235.08874,0.03176,Yakından incele · reunionApproach2,True,False,0.05710,6.10222,-13.20460,6.20966,0.22967,1.43529
6597,235.12013,0.03139,Yakından incele · reunionApproach2,True,False,0.07198,6.05589,-13.44364,6.16007,0.24395,1.52518
6598,235.15312,0.03299,Yakından incele · reunionApproach2,True,False,0.08857,6.00420,-13.71032,6.10475,0.27214,1.70222
6599,235.18731,0.03418,Yakından incele · reunionApproach2,True,False,0.10668,5.94777,-14.00141,6.04437,0.29706,1.85872
6600,235.22143,0.03412,Yakından incele · reunionApproach2,True,False,0.12614,5.88716,-14.31413,5.97950,0.31913,1.99638
6601,235.25500,0.03357,Yakından incele · reunionApproach2,True,False,0.14598,5.82538,-14.63289,5.91337,0.32530,2.03482
6602,235.28816,0.03316,Yakından incele · reunionApproach2,True,False,0.16668,5.76091,-14.96549,5.84438,0.33942,2.12329
6603,235.32179,0.03363,Yakından incele · reunionApproach2,True,False,0.18730,5.69668,-15.29687,5.77564,0.33818,2.11554
6604,235.35590,0.03411,Yakından incele · reunionApproach2,True,False,0.20915,5.62862,-15.64801,5.70280,0.35834,2.24130
6605,235.38878,0.03288,Yakından incele · reunionApproach2,True,False,0.23052,5.56205,-15.99144,5.63156,0.35047,2.19257
6606,235.42152,0.03275,Yakından incele · reunionApproach2,True,False,0.25157,5.49649,-16.32966,5.56139,0.34517,2.15948
6607,235.45488,0.03336,Yakından incele · reunionApproach2,True,False,0.27280,5.43037,-16.67080,5.49063,0.34813,2.17789
6608,235.48872,0.03384,Yakından incele · reunionApproach2,True,False,0.29342,5.36612,-17.00226,5.42187,0.33826,2.11628
6609,235.52290,0.03418,Yakından incele · reunionApproach2,True,False,0.31414,5.30161,-17.33510,5.35283,0.33967,2.12440
6610,235.55538,0.03248,Yakından incele · reunionApproach2,True,False,0.33366,5.24078,-17.64890,5.28773,0.32024,2.00225
6611,235.58838,0.03300,Yakından incele · reunionApproach2,True,False,0.35176,5.18442,-17.93969,5.22741,0.29675,1.85535
6612,235.62183,0.03345,Yakından incele · reunionApproach2,True,False,0.36934,5.12966,-18.22222,5.16880,0.28833,1.80271
6613,235.65513,0.03330,Yakından incele · reunionApproach2,True,False,0.38563,5.07894,-18.48390,5.11452,0.26705,1.67019
6614,235.68773,0.03260,Yakından incele · reunionApproach2,True,False,0.40025,5.03337,-18.71898,5.06575,0.23990,1.50086
6615,235.72126,0.03353,Yakından incele · reunionApproach2,True,False,0.41342,4.99237,-18.93049,5.02188,0.21586,1.35101
6616,235.76732,0.04605,Yakından incele · reunionApproach2,True,False,0.42501,4.95626,-19.11682,4.98323,0.19015,1.18958
6617,235.80067,0.03335,Yakından incele · reunionApproach2,True,False,0.43748,4.91741,-19.31725,4.94165,0.20454,1.27899
6618,235.82200,0.02133,Yakından incele · reunionApproach2,True,False,0.44193,4.90357,-19.38865,4.92684,0.07287,0.45456
6619,235.85488,0.03288,Yakından incele · reunionApproach2,True,False,0.44703,4.88768,-19.47062,4.90983,0.08365,0.52339
6620,235.88791,0.03303,Yakından incele · reunionApproach2,True,False,0.44962,4.87962,-19.51223,4.90120,0.04246,0.26541
6621,235.92346,0.03555,Yakından incele · reunionApproach2,False,False,0.44998,4.87849,-19.51802,4.90000,0.00591,0.00000
6622,235.96623,0.04277,Yakından incele · reunionApproach2,False,False,0.44998,4.87849,-19.51802,4.90000,0.00000,0.00000
6623,235.99647,0.03024,Yakından incele · reunionApproach2,False,False,0.44998,4.87849,-19.51802,4.90000,0.00000,0.00000
6624,236.04300,0.04653,Yakından incele · reunionApproach2,False,False,0.44998,4.87849,-19.51802,4.90000,0.00000,0.00000
6625,236.06632,0.02332,Yakından incele · reunionApproach2,False,False,0.44998,4.87849,-19.51802,4.90000,0.00000,0.00000
6626,236.09135,0.02504,Yakından incele · reunionApproach2,False,False,0.44998,4.87849,-19.51802,4.90000,0.00000,0.00000
6627,236.12191,0.03056,Yakından incele · reunionApproach2,False,False,0.44998,4.87849,-19.51802,4.90000,0.00000,0.00000
6628,236.15513,0.03322,Yakından incele · reunionApproach2,False,False,0.44998,4.87849,-19.51802,4.90000,0.00000,0.00000
6629,236.18855,0.03342,Yakından incele · reunionApproach2,False,False,0.44998,4.87849,-19.51802,4.90000,0.00000,0.00000
6630,236.22205,0.03350,Yakından incele · reunionApproach2,False,False,0.44998,4.87849,-19.51802,4.90000,0.00000,0.00000
6631,236.25602,0.03397,Yakından incele · reunionApproach2,False,False,0.44998,4.87849,-19.51802,4.90000,0.00000,0.00000
6632,236.28954,0.03352,Yakından incele · reunionApproach2,False,False,0.44998,4.87849,-19.51802,4.90000,0.00000,0.00000
6633,236.32384,0.03429,Yakından incele · reunionApproach2,False,False,0.44998,4.87849,-19.51802,4.90000,0.00000,0.00000
6634,236.35788,0.03405,Yakından incele · reunionApproach2,False,False,0.44998,4.87849,-19.51802,4.90000,0.00000,0.00000
6635,236.38932,0.03143,Yakından incele · reunionApproach2,False,False,0.44998,4.87849,-19.51802,4.90000,0.00000,0.00000
6636,236.42157,0.03225,Yakından incele · reunionApproach2,False,False,0.44998,4.87849,-19.51802,4.90000,0.00000,0.00000
6637,236.45708,0.03551,Yakından incele · reunionApproach2,False,False,0.44998,4.87849,-19.51802,4.90000,0.00000,0.00000
6638,236.49095,0.03387,Yakından incele · reunionApproach2,False,False,0.44998,4.87849,-19.51802,4.90000,0.00000,0.00000
6639,236.52183,0.03088,Yakından incele · reunionApproach2,False,False,0.44998,4.87849,-19.51802,4.90000,0.00000,0.00000
6640,236.55405,0.03222,Yakından incele · reunionApproach2,False,False,0.44998,4.87849,-19.51802,4.90000,0.00000,0.00000
6641,236.59771,0.04366,Yakından incele · reunionApproach2,False,False,0.44998,4.87849,-19.51802,4.90000,0.00000,0.00000
6642,236.63131,0.03360,Yakından incele · reunionApproach2,False,False,0.44998,4.87849,-19.51802,4.90000,0.00000,0.00000
6643,236.66453,0.03322,Yakından incele · reunionApproach2,False,False,0.44998,4.87849,-19.51802,4.90000,0.00000,0.00000
6644,236.69675,0.03222,Yakından incele · reunionApproach2,False,False,0.44998,4.87849,-19.51802,4.90000,0.00000,0.00000
6645,236.72998,0.03323,Yakından incele · reunionApproach2,False,False,0.44998,4.87849,-19.51802,4.90000,0.00000,0.00000
6646,236.76399,0.03401,Yakından incele · reunionApproach2,False,False,0.44998,4.87849,-19.51802,4.90000,0.00000,0.00000
6647,236.79680,0.03280,Yakından incele · reunionApproach2,False,False,0.44998,4.87849,-19.51802,4.90000,0.00000,0.00000
6648,236.82991,0.03312,Yakından incele · reunionApproach2,False,False,0.44998,4.87849,-19.51802,4.90000,0.00000,0.00000
6649,236.86387,0.03396,Yakından incele · reunionApproach2,False,False,0.44998,4.87849,-19.51802,4.90000,0.00000,0.00000
6650,236.89764,0.03377,Yakından incele · reunionApproach2,False,False,0.44998,4.87849,-19.51802,4.90000,0.00000,0.00000
6651,236.93232,0.03468,Yakından incele · reunionApproach2,False,False,0.44998,4.87849,-19.51802,4.90000,0.00000,0.00000
6652,236.96627,0.03395,Yakından incele · reunionApproach2,False,False,0.44998,4.87849,-19.51802,4.90000,0.00000,0.00000
6653,236.99849,0.03223,Yakından incele · reunionApproach2,False,False,0.44998,4.87849,-19.51802,4.90000,0.00000,0.00000
6654,237.03018,0.03168,Yakından incele · reunionApproach2,False,False,0.44998,4.87849,-19.51802,4.90000,0.00000,0.00000
6655,237.06322,0.03304,Yakından incele · reunionApproach2,False,False,0.44998,4.87849,-19.51802,4.90000,0.00000,0.00000
6656,237.09750,0.03428,Yakından incele · reunionApproach2,False,False,0.44998,4.87849,-19.51802,4.90000,0.00000,0.00000
6657,237.13095,0.03345,Yakından incele · reunionApproach2,False,False,0.44998,4.87849,-19.51802,4.90000,0.00000,0.00000
6658,237.16453,0.03358,Yakından incele · reunionApproach2,False,False,0.44998,4.87849,-19.51802,4.90000,0.00000,0.00000
6659,237.19990,0.03537,Yakından incele · reunionApproach2,False,False,0.44998,4.87849,-19.51802,4.90000,0.00000,0.00000
6660,237.23358,0.03368,Yakından incele · reunionApproach2,False,False,0.44998,4.87849,-19.51802,4.90000,0.00000,0.00000
6661,237.26569,0.03211,Yakından incele · reunionApproach2,False,False,0.44998,4.87849,-19.51802,4.90000,0.00000,0.00000
6662,237.29955,0.03387,Yakından incele · reunionApproach2,False,False,0.44998,4.87849,-19.51802,4.90000,0.00000,0.00000
6663,237.33179,0.03224,Yakından incele · reunionApproach2,False,False,0.44998,4.87849,-19.51802,4.90000,0.00000,0.00000
6664,237.36396,0.03217,Yakından incele · reunionApproach2,False,False,0.44998,4.87849,-19.51802,4.90000,0.00000,0.00000
6665,237.39825,0.03429,Yakından incele · reunionApproach2,False,False,0.44998,4.87849,-19.51802,4.90000,0.00000,0.00000
6666,237.43423,0.03598,Yakından incele · reunionApproach2,False,False,0.44998,4.87849,-19.51802,4.90000,0.00000,0.00000
6667,237.46971,0.03548,Yakından incele · reunionApproach2,False,False,0.44998,4.87849,-19.51802,4.90000,0.00000,0.00000
6668,237.50138,0.03167,Yakından incele · reunionApproach2,False,False,0.44998,4.87849,-19.51802,4.90000,0.00000,0.00000
6669,237.53219,0.03081,Yakından incele · reunionApproach2,False,False,0.44998,4.87849,-19.51802,4.90000,0.00000,0.00000
6670,237.56491,0.03272,Yakından incele · reunionApproach2,False,False,0.44998,4.87849,-19.51802,4.90000,0.00000,0.00000
6671,237.59987,0.03496,Yakından incele · reunionApproach2,False,False,0.44998,4.87849,-19.51802,4.90000,0.00000,0.00000
6672,237.63248,0.03260,Yakından incele · reunionApproach2,False,False,0.44998,4.87849,-19.51802,4.90000,0.00000,0.00000
6673,237.66353,0.03105,Yakından incele · reunionApproach2,False,False,0.44998,4.87849,-19.51802,4.90000,0.00000,0.00000
6674,237.69789,0.03436,Yakından incele · reunionApproach2,False,False,0.44998,4.87849,-19.51802,4.90000,0.00000,0.00000
6675,237.73130,0.03341,Yakından incele · reunionApproach2,False,False,0.44998,4.87849,-19.51802,4.90000,0.00000,0.00000
6676,237.76251,0.03121,Yakından incele · reunionApproach2,False,False,0.44998,4.87849,-19.51802,4.90000,0.00000,0.00000
6677,237.79641,0.03390,Yakından incele · reunionApproach2,False,False,0.44998,4.87849,-19.51802,4.90000,0.00000,0.00000
6678,237.83068,0.03428,Yakından incele · reunionApproach2,False,False,0.44998,4.87849,-19.51802,4.90000,0.00000,0.00000
6679,237.86489,0.03420,Yakından incele · reunionApproach2,False,False,0.44998,4.87849,-19.51802,4.90000,0.00000,0.00000
6680,237.89844,0.03355,Yakından incele · reunionApproach2,False,False,0.44998,4.87849,-19.51802,4.90000,0.00000,0.00000
6681,237.92978,0.03134,Yakından incele · reunionApproach2,False,False,0.44998,4.87849,-19.51802,4.90000,0.00000,0.00000
6682,237.96335,0.03357,Yakından incele · reunionApproach2,False,False,0.44998,4.87849,-19.51802,4.90000,0.00000,0.00000
6683,237.99785,0.03451,Yakından incele · reunionApproach2,False,False,0.44998,4.87849,-19.51802,4.90000,0.00000,0.00000
6684,238.03120,0.03335,Yakından incele · reunionApproach2,False,False,0.44998,4.87849,-19.51802,4.90000,0.00000,0.00000
6685,238.06429,0.03309,Yakından incele · reunionApproach2,False,False,0.44998,4.87849,-19.51802,4.90000,0.00000,0.00000
6686,238.09736,0.03306,Yakından incele · reunionApproach2,False,False,0.44998,4.87849,-19.51802,4.90000,0.00000,0.00000
6687,238.13070,0.03335,Yakından incele · reunionApproach2,False,False,0.44998,4.87849,-19.51802,4.90000,0.00000,0.00000
6688,238.16514,0.03444,Yakından incele · reunionApproach2,False,False,0.44998,4.87849,-19.51802,4.90000,0.00000,0.00000
6689,238.19859,0.03345,Yakından incele · reunionApproach2,False,False,0.44998,4.87849,-19.51802,4.90000,0.00000,0.00000
6690,238.23175,0.03316,Yakından incele · reunionApproach2,False,False,0.44998,4.87849,-19.51802,4.90000,0.00000,0.00000
6691,238.26419,0.03244,Yakından incele · reunionApproach2,False,False,0.44998,4.87849,-19.51802,4.90000,0.00000,0.00000
6692,238.29612,0.03193,Yakından incele · reunionApproach2,False,False,0.44998,4.87849,-19.51802,4.90000,0.00000,0.00000
6693,238.32995,0.03383,Yakından incele · reunionApproach2,False,False,0.44998,4.87849,-19.51802,4.90000,0.00000,0.00000
6694,238.36366,0.03371,Yakından incele · reunionApproach2,False,False,0.44998,4.87849,-19.51802,4.90000,0.00000,0.00000
6695,238.39775,0.03408,Yakından incele · reunionApproach2,False,False,0.44998,4.87849,-19.51802,4.90000,0.00000,0.00000
6696,238.43185,0.03411,Yakından incele · reunionApproach2,False,False,0.44998,4.87849,-19.51802,4.90000,0.00000,0.00000
6697,238.46401,0.03216,Yakından incele · reunionApproach2,False,False,0.44998,4.87849,-19.51802,4.90000,0.00000,0.00000
6698,238.49670,0.03269,Yakından incele · reunionApproach2,False,False,0.44998,4.87849,-19.51802,4.90000,0.00000,0.00000
6699,238.53037,0.03368,Yakından incele · reunionApproach2,False,False,0.44998,4.87849,-19.51802,4.90000,0.00000,0.00000
6700,238.56329,0.03292,Yakından incele · reunionApproach2,False,False,0.44998,4.87849,-19.51802,4.90000,0.00000,0.00000
6701,238.59687,0.03358,Yakından incele · reunionApproach2,False,False,0.44998,4.87849,-19.51802,4.90000,0.00000,0.00000
6702,238.63117,0.03430,Yakından incele · reunionApproach2,False,False,0.44998,4.87849,-19.51802,4.90000,0.00000,0.00000
6703,238.66501,0.03384,Yakından incele · reunionApproach2,False,False,0.44998,4.87849,-19.51802,4.90000,0.00000,0.00000
6704,238.69769,0.03268,Yakından incele · reunionApproach2,False,False,0.44998,4.87849,-19.51802,4.90000,0.00000,0.00000
6705,238.73101,0.03331,Yakından incele · reunionApproach2,False,False,0.44998,4.87849,-19.51802,4.90000,0.00000,0.00000
6706,238.76343,0.03243,Yakından incele · reunionApproach2,False,False,0.44998,4.87849,-19.51802,4.90000,0.00000,0.00000
6707,238.79604,0.03260,Yakından incele · reunionApproach2,False,False,0.44998,4.87849,-19.51802,4.90000,0.00000,0.00000
6708,238.83115,0.03511,Yakından incele · reunionApproach2,False,False,0.44998,4.87849,-19.51802,4.90000,0.00000,0.00000
6709,238.86412,0.03298,Yakından incele · reunionApproach2,False,False,0.44998,4.87849,-19.51802,4.90000,0.00000,0.00000
6710,238.89625,0.03212,Yakından incele · reunionApproach2,False,False,0.44998,4.87849,-19.51802,4.90000,0.00000,0.00000
6711,238.93004,0.03379,Yakından incele · reunionApproach2,False,False,0.44998,4.87849,-19.51802,4.90000,0.00000,0.00000
6712,238.96373,0.03369,Yakından incele · reunionApproach2,False,False,0.44998,4.87849,-19.51802,4.90000,0.00000,0.00000
6713,238.99815,0.03441,Yakından incele · reunionApproach2,False,False,0.44998,4.87849,-19.51802,4.90000,0.00000,0.00000
6714,239.03181,0.03366,Yakından incele · reunionApproach2,False,False,0.44998,4.87849,-19.51802,4.90000,0.00000,0.00000
6715,239.06498,0.03317,Yakından incele · reunionApproach2,False,False,0.44998,4.87849,-19.51802,4.90000,0.00000,0.00000
6716,239.09847,0.03349,Yakından incele · reunionApproach2,False,False,0.44998,4.87849,-19.51802,4.90000,0.00000,0.00000
6717,239.13197,0.03350,Yakından incele · reunionApproach2,False,False,0.44998,4.87849,-19.51802,4.90000,0.00000,0.00000
6718,239.16492,0.03295,Yakından incele · reunionApproach2,False,False,0.44998,4.87849,-19.51802,4.90000,0.00000,0.00000
6719,239.19720,0.03228,Yakından incele · reunionApproach2,False,False,0.44998,4.87849,-19.51802,4.90000,0.00000,0.00000
6720,239.22992,0.03273,Yakından incele · reunionApproach2,False,False,0.44998,4.87849,-19.51802,4.90000,0.00000,0.00000
6721,239.26372,0.03380,Yakından incele · reunionApproach2,False,False,0.44998,4.87849,-19.51802,4.90000,0.00000,0.00000
6722,239.29685,0.03312,Yakından incele · reunionApproach2,False,False,0.44998,4.87849,-19.51802,4.90000,0.00000,0.00000
6723,239.33382,0.03697,Yakından incele · reunionApproach2,False,False,0.44998,4.87849,-19.51802,4.90000,0.00000,0.00000
6724,239.36806,0.03425,Yakından incele · reunionApproach2,False,False,0.44998,4.87849,-19.51802,4.90000,0.00000,0.00000
6725,239.39808,0.03002,Yakından incele · reunionApproach2,False,False,0.44998,4.87849,-19.51802,4.90000,0.00000,0.00000
6726,239.43115,0.03307,Yakından incele · reunionApproach2,False,False,0.44998,4.87849,-19.51802,4.90000,0.00000,0.00000
6727,239.46485,0.03370,Yakından incele · reunionApproach2,False,False,0.44998,4.87849,-19.51802,4.90000,0.00000,0.00000
6728,239.49930,0.03446,Yakından incele · reunionApproach2,False,False,0.44998,4.87849,-19.51802,4.90000,0.00000,0.00000
6729,239.53399,0.03469,Yakından incele · reunionApproach2,False,False,0.44998,4.87849,-19.51802,4.90000,0.00000,0.00000
6730,239.56639,0.03240,Yakından incele · reunionApproach2,False,False,0.44998,4.87849,-19.51802,4.90000,0.00000,0.00000
6731,239.59772,0.03133,Yakından incele · reunionApproach2,False,False,0.44998,4.87849,-19.51802,4.90000,0.00000,0.00000
6732,239.63014,0.03242,Yakından incele · reunionApproach2,False,False,0.44998,4.87849,-19.51802,4.90000,0.00000,0.00000
6733,239.66346,0.03332,Yakından incele · reunionApproach2,False,False,0.44998,4.87849,-19.51802,4.90000,0.00000,0.00000
6734,239.69740,0.03394,Yakından incele · reunionApproach2,False,False,0.44998,4.87849,-19.51802,4.90000,0.00000,0.00000
6735,239.73014,0.03274,Yakından incele · reunionApproach2,False,False,0.44998,4.87849,-19.51802,4.90000,0.00000,0.00000
6736,239.76265,0.03252,Yakından incele · reunionApproach2,False,False,0.44998,4.87849,-19.51802,4.90000,0.00000,0.00000
6737,239.79674,0.03408,Yakından incele · reunionApproach2,False,False,0.44998,4.87849,-19.51802,4.90000,0.00000,0.00000
6738,239.83824,0.04150,Yakından incele · reunionApproach2,False,False,0.44998,4.87849,-19.51802,4.90000,0.00000,0.00000
6739,239.88341,0.04517,Yakından incele · reunion2,True,False,0.40001,4.85489,-19.53455,4.88443,0.05768,0.27976
6740,239.90612,0.02271,Yakından incele · reunion2,True,False,0.34939,4.83099,-19.55129,4.86866,0.05843,0.27976
6741,239.93903,0.03292,Yakından incele · reunion2,True,False,0.24394,4.78119,-19.58616,4.83580,0.12171,0.58550
6742,239.97223,0.03319,Yakından incele · reunion2,True,False,0.10886,4.71740,-19.63084,4.79371,0.15593,0.75069
6743,240.00537,0.03314,Yakından incele · reunion2,True,False,-0.06172,4.63684,-19.68725,4.74056,0.19690,0.94956
6744,240.03893,0.03356,Yakından incele · reunion2,True,False,-0.25451,4.54580,-19.75101,4.68049,0.22253,1.07337
6745,240.07293,0.03401,Yakından incele · reunion2,True,False,-0.47898,4.43980,-19.82525,4.61054,0.25910,1.24990
6746,240.10665,0.03372,Yakından incele · reunion2,True,False,-0.72320,4.32446,-19.90602,4.53444,0.28190,1.36025
6747,240.13871,0.03205,Yakından incele · reunion2,True,False,-0.98993,4.19850,-19.99423,4.45133,0.30789,1.48566
6748,240.17210,0.03339,Yakından incele · reunion2,True,False,-1.26228,4.06988,-20.08430,4.36647,0.31437,1.51694
6749,240.20562,0.03352,Yakından incele · reunion2,True,False,-1.56179,3.92844,-20.18336,4.27314,0.34572,1.66831
6750,240.23840,0.03278,Yakından incele · reunion2,True,False,-1.86660,3.78450,-20.28417,4.17817,0.35184,1.69807
6751,240.27152,0.03312,Yakından incele · reunion2,True,False,-2.18235,3.63539,-20.38859,4.07978,0.36446,1.75920
6752,240.30516,0.03364,Yakından incele · reunion2,True,False,-2.50757,3.48180,-20.49615,3.97844,0.37540,1.81224
6753,240.33826,0.03310,Yakından incele · reunion2,True,False,-2.83069,3.32921,-20.60301,3.87776,0.37298,1.80054
6754,240.37185,0.03359,Yakından incele · reunion2,True,False,-3.16142,3.17302,-20.71239,3.77471,0.38176,1.84265
6755,240.40414,0.03229,Yakından incele · reunion2,True,False,-3.48786,3.01886,-20.82035,3.67299,0.37681,1.81913
6756,240.43828,0.03414,Yakından incele · reunion2,True,False,-3.80148,2.87076,-20.92407,3.57527,0.36201,1.74759
6757,240.47210,0.03382,Yakından incele · reunion2,True,False,-4.13545,2.71304,-21.03453,3.47120,0.38550,1.86082
6758,240.50483,0.03273,Yakından incele · reunion2,True,False,-4.43060,2.57365,-21.13214,3.37923,0.34069,1.64469
6759,240.53810,0.03327,Yakından incele · reunion2,True,False,-4.73206,2.43129,-21.23184,3.28530,0.34797,1.67954
6760,240.57150,0.03339,Yakından incele · reunion2,True,False,-5.00913,2.30045,-21.32347,3.19897,0.31982,1.54405
6761,240.60581,0.03431,Yakından incele · reunion2,True,False,-5.27700,2.17395,-21.41206,3.11550,0.30920,1.49250
6762,240.63968,0.03387,Yakından incele · reunion2,True,False,-5.52260,2.05796,-21.49329,3.03897,0.28350,1.36828
6763,240.67262,0.03294,Yakından incele · reunion2,True,False,-5.74563,1.95264,-21.56705,2.96948,0.25744,1.24236
6764,240.70581,0.03319,Yakından incele · reunion2,True,False,-5.93833,1.86164,-21.63078,2.90944,0.22243,1.07337
6765,240.75107,0.04527,Yakından incele · reunion2,True,False,-6.10704,1.78196,-21.68657,2.85687,0.19474,0.93961
6766,240.78421,0.03314,Yakından incele · reunion2,True,False,-6.28614,1.69738,-21.74581,2.80106,0.20674,0.99779
6767,240.80525,0.02105,Yakından incele · reunion2,True,False,-6.34907,1.66766,-21.76662,2.78145,0.07264,0.35166
6768,240.83825,0.03300,Yakından incele · reunion2,True,False,-6.41761,1.63530,-21.78929,2.76009,0.07911,0.38155
6769,240.87136,0.03311,Yakından incele · reunion2,True,False,-6.44858,1.62067,-21.79953,2.75044,0.03574,0.16786
6770,240.90488,0.03352,Yakından incele · reunion2,False,False,-6.45000,1.62000,-21.80000,2.75000,0.00165,0.00000
6771,240.96128,0.05640,Yakından incele · reunion2,False,False,-6.45000,1.62000,-21.80000,2.75000,0.00000,0.00000
6772,240.97103,0.00975,Yakından incele · reunion2,False,False,-6.45000,1.62000,-21.80000,2.75000,0.00000,0.00000
6773,241.00518,0.03415,Yakından incele · reunion2,False,False,-6.45000,1.62000,-21.80000,2.75000,0.00000,0.00000
6774,241.03869,0.03351,Yakından incele · reunion2,False,False,-6.45000,1.62000,-21.80000,2.75000,0.00000,0.00000
6775,241.07104,0.03235,Yakından incele · reunion2,False,False,-6.45000,1.62000,-21.80000,2.75000,0.00000,0.00000
6776,241.10486,0.03381,Yakından incele · reunion2,False,False,-6.45000,1.62000,-21.80000,2.75000,0.00000,0.00000
6777,241.13792,0.03306,Yakından incele · reunion2,False,False,-6.45000,1.62000,-21.80000,2.75000,0.00000,0.00000
6778,241.17085,0.03293,Yakından incele · reunion2,False,False,-6.45000,1.62000,-21.80000,2.75000,0.00000,0.00000
6779,241.20454,0.03369,Yakından incele · reunion2,False,False,-6.45000,1.62000,-21.80000,2.75000,0.00000,0.00000
6780,241.23807,0.03353,Yakından incele · reunion2,False,False,-6.45000,1.62000,-21.80000,2.75000,0.00000,0.00000
6781,241.27085,0.03277,Yakından incele · reunion2,False,False,-6.45000,1.62000,-21.80000,2.75000,0.00000,0.00000
6782,241.30504,0.03419,Yakından incele · reunion2,False,False,-6.45000,1.62000,-21.80000,2.75000,0.00000,0.00000
6783,241.33846,0.03342,Yakından incele · reunion2,False,False,-6.45000,1.62000,-21.80000,2.75000,0.00000,0.00000
6784,241.37126,0.03280,Yakından incele · reunion2,False,False,-6.45000,1.62000,-21.80000,2.75000,0.00000,0.00000
6785,241.40446,0.03320,Yakından incele · reunion2,False,False,-6.45000,1.62000,-21.80000,2.75000,0.00000,0.00000
6786,241.43834,0.03388,Yakından incele · reunion2,False,False,-6.45000,1.62000,-21.80000,2.75000,0.00000,0.00000
6787,241.47181,0.03346,Yakından incele · reunion2,False,False,-6.45000,1.62000,-21.80000,2.75000,0.00000,0.00000
6788,241.50490,0.03309,Yakından incele · reunion2,False,False,-6.45000,1.62000,-21.80000,2.75000,0.00000,0.00000
6789,241.53826,0.03336,Yakından incele · reunion2,False,False,-6.45000,1.62000,-21.80000,2.75000,0.00000,0.00000
6790,241.57180,0.03355,Yakından incele · reunion2,False,False,-6.45000,1.62000,-21.80000,2.75000,0.00000,0.00000
6791,241.60481,0.03300,Yakından incele · reunion2,False,False,-6.45000,1.62000,-21.80000,2.75000,0.00000,0.00000
6792,241.63833,0.03352,Yakından incele · reunion2,False,False,-6.45000,1.62000,-21.80000,2.75000,0.00000,0.00000
6793,241.67134,0.03301,Yakından incele · reunion2,False,False,-6.45000,1.62000,-21.80000,2.75000,0.00000,0.00000
6794,241.70491,0.03357,Yakından incele · reunion2,False,False,-6.45000,1.62000,-21.80000,2.75000,0.00000,0.00000
6795,241.73790,0.03299,Yakından incele · reunion2,False,False,-6.45000,1.62000,-21.80000,2.75000,0.00000,0.00000
6796,241.77116,0.03326,Yakından incele · reunion2,False,False,-6.45000,1.62000,-21.80000,2.75000,0.00000,0.00000
6797,241.80530,0.03413,Yakından incele · reunion2,False,False,-6.45000,1.62000,-21.80000,2.75000,0.00000,0.00000
6798,241.83847,0.03317,Yakından incele · reunion2,False,False,-6.45000,1.62000,-21.80000,2.75000,0.00000,0.00000
6799,241.87132,0.03285,Yakından incele · reunion2,False,False,-6.45000,1.62000,-21.80000,2.75000,0.00000,0.00000
6800,241.90453,0.03321,Yakından incele · reunion2,False,False,-6.45000,1.62000,-21.80000,2.75000,0.00000,0.00000
6801,241.93713,0.03260,Yakından incele · reunion2,False,False,-6.45000,1.62000,-21.80000,2.75000,0.00000,0.00000
6802,241.97160,0.03447,Yakından incele · reunion2,False,False,-6.45000,1.62000,-21.80000,2.75000,0.00000,0.00000
6803,242.00468,0.03308,Yakından incele · reunion2,False,False,-6.45000,1.62000,-21.80000,2.75000,0.00000,0.00000
6804,242.03831,0.03363,Yakından incele · reunion2,False,False,-6.45000,1.62000,-21.80000,2.75000,0.00000,0.00000
6805,242.07153,0.03322,Yakından incele · reunion2,False,False,-6.45000,1.62000,-21.80000,2.75000,0.00000,0.00000
6806,242.10483,0.03330,Yakından incele · reunion2,False,False,-6.45000,1.62000,-21.80000,2.75000,0.00000,0.00000
6807,242.13750,0.03266,Yakından incele · reunion2,False,False,-6.45000,1.62000,-21.80000,2.75000,0.00000,0.00000
6808,242.17280,0.03531,Yakından incele · reunion2,False,False,-6.45000,1.62000,-21.80000,2.75000,0.00000,0.00000
6809,242.22090,0.04810,Yakından incele · reunion2,False,False,-6.45000,1.62000,-21.80000,2.75000,0.00000,0.00000
6810,242.23913,0.01822,Yakından incele · reunion2,False,False,-6.45000,1.62000,-21.80000,2.75000,0.00000,0.00000
6811,242.27208,0.03295,Yakından incele · reunion2,False,False,-6.45000,1.62000,-21.80000,2.75000,0.00000,0.00000
6812,242.30484,0.03276,Yakından incele · reunion2,False,False,-6.45000,1.62000,-21.80000,2.75000,0.00000,0.00000
6813,242.33945,0.03461,Yakından incele · reunion2,False,False,-6.45000,1.62000,-21.80000,2.75000,0.00000,0.00000
6814,242.37248,0.03303,Yakından incele · reunion2,False,False,-6.45000,1.62000,-21.80000,2.75000,0.00000,0.00000
6815,242.40432,0.03184,Yakından incele · reunion2,False,False,-6.45000,1.62000,-21.80000,2.75000,0.00000,0.00000
6816,242.43732,0.03299,Yakından incele · reunion2,False,False,-6.45000,1.62000,-21.80000,2.75000,0.00000,0.00000
6817,242.47148,0.03416,Yakından incele · reunion2,False,False,-6.45000,1.62000,-21.80000,2.75000,0.00000,0.00000
6818,242.50489,0.03341,Yakından incele · reunion2,False,False,-6.45000,1.62000,-21.80000,2.75000,0.00000,0.00000
6819,242.53823,0.03334,Yakından incele · reunion2,False,False,-6.45000,1.62000,-21.80000,2.75000,0.00000,0.00000
6820,242.57164,0.03341,Yakından incele · reunion2,False,False,-6.45000,1.62000,-21.80000,2.75000,0.00000,0.00000
6821,242.60539,0.03374,Yakından incele · reunion2,False,False,-6.45000,1.62000,-21.80000,2.75000,0.00000,0.00000
6822,242.63896,0.03357,Yakından incele · reunion2,False,False,-6.45000,1.62000,-21.80000,2.75000,0.00000,0.00000
6823,242.67193,0.03297,Yakından incele · reunion2,False,False,-6.45000,1.62000,-21.80000,2.75000,0.00000,0.00000
6824,242.70498,0.03305,Yakından incele · reunion2,False,False,-6.45000,1.62000,-21.80000,2.75000,0.00000,0.00000
6825,242.73802,0.03303,Yakından incele · reunion2,False,False,-6.45000,1.62000,-21.80000,2.75000,0.00000,0.00000
6826,242.77158,0.03356,Yakından incele · reunion2,False,False,-6.45000,1.62000,-21.80000,2.75000,0.00000,0.00000
6827,242.80488,0.03330,Yakından incele · reunion2,False,False,-6.45000,1.62000,-21.80000,2.75000,0.00000,0.00000
6828,242.83848,0.03361,Yakından incele · reunion2,False,False,-6.45000,1.62000,-21.80000,2.75000,0.00000,0.00000
6829,242.87258,0.03410,Yakından incele · reunion2,False,False,-6.45000,1.62000,-21.80000,2.75000,0.00000,0.00000
6830,242.90566,0.03307,Yakından incele · reunion2,False,False,-6.45000,1.62000,-21.80000,2.75000,0.00000,0.00000
6831,242.93781,0.03215,Yakından incele · reunion2,False,False,-6.45000,1.62000,-21.80000,2.75000,0.00000,0.00000
6832,242.97133,0.03352,Yakından incele · reunion2,False,False,-6.45000,1.62000,-21.80000,2.75000,0.00000,0.00000
6833,243.00561,0.03429,Yakından incele · reunion2,False,False,-6.45000,1.62000,-21.80000,2.75000,0.00000,0.00000
6834,243.03897,0.03336,Yakından incele · reunion2,False,False,-6.45000,1.62000,-21.80000,2.75000,0.00000,0.00000
6835,243.07196,0.03298,Yakından incele · reunion2,False,False,-6.45000,1.62000,-21.80000,2.75000,0.00000,0.00000
6836,243.10518,0.03323,Yakından incele · reunion2,False,False,-6.45000,1.62000,-21.80000,2.75000,0.00000,0.00000
6837,243.13846,0.03327,Yakından incele · reunion2,False,False,-6.45000,1.62000,-21.80000,2.75000,0.00000,0.00000
6838,243.17093,0.03247,Yakından incele · reunion2,False,False,-6.45000,1.62000,-21.80000,2.75000,0.00000,0.00000
6839,243.22797,0.05704,Yakından incele · reunion2,False,False,-6.45000,1.62000,-21.80000,2.75000,0.00000,0.00000
6840,243.26300,0.03503,Yakından incele · reunion2,False,False,-6.45000,1.62000,-21.80000,2.75000,0.00000,0.00000
6841,243.28257,0.01957,Yakından incele · reunion2,False,False,-6.45000,1.62000,-21.80000,2.75000,0.00000,0.00000
6842,243.31546,0.03289,Yakından incele · reunion2,False,False,-6.45000,1.62000,-21.80000,2.75000,0.00000,0.00000
6843,243.34629,0.03083,Yakından incele · reunion2,False,False,-6.45000,1.62000,-21.80000,2.75000,0.00000,0.00000
6844,243.38058,0.03429,Yakından incele · reunion2,False,False,-6.45000,1.62000,-21.80000,2.75000,0.00000,0.00000
6845,243.41554,0.03496,Yakından incele · reunion2,False,False,-6.45000,1.62000,-21.80000,2.75000,0.00000,0.00000
6846,243.44851,0.03297,Yakından incele · reunion2,False,False,-6.45000,1.62000,-21.80000,2.75000,0.00000,0.00000
6847,243.48579,0.03727,Yakından incele · reunion2,False,False,-6.45000,1.62000,-21.80000,2.75000,0.00000,0.00000
6848,243.52224,0.03646,Yakından incele · reunion2,False,False,-6.45000,1.62000,-21.80000,2.75000,0.00000,0.00000
6849,243.55984,0.03759,Yakından incele · reunion2,False,False,-6.45000,1.62000,-21.80000,2.75000,0.00000,0.00000
6850,243.58194,0.02210,Yakından incele · reunion2,False,False,-6.45000,1.62000,-21.80000,2.75000,0.00000,0.00000
6851,243.61357,0.03163,Yakından incele · reunion2,False,False,-6.45000,1.62000,-21.80000,2.75000,0.00000,0.00000
6852,243.64662,0.03305,Yakından incele · reunion2,False,False,-6.45000,1.62000,-21.80000,2.75000,0.00000,0.00000
6853,243.67991,0.03329,Yakından incele · reunion2,False,False,-6.45000,1.62000,-21.80000,2.75000,0.00000,0.00000
6854,243.71317,0.03326,Yakından incele · reunion2,False,False,-6.45000,1.62000,-21.80000,2.75000,0.00000,0.00000
6855,243.74645,0.03328,Yakından incele · reunion2,False,False,-6.45000,1.62000,-21.80000,2.75000,0.00000,0.00000
6856,243.77921,0.03276,Yakından incele · reunion2,False,False,-6.45000,1.62000,-21.80000,2.75000,0.00000,0.00000
6857,243.81244,0.03323,Yakından incele · reunion2,False,False,-6.45000,1.62000,-21.80000,2.75000,0.00000,0.00000
6858,243.84614,0.03370,Yakından incele · reunion2,False,False,-6.45000,1.62000,-21.80000,2.75000,0.00000,0.00000
6859,243.87926,0.03312,Yakından incele · reunion2,False,False,-6.45000,1.62000,-21.80000,2.75000,0.00000,0.00000
6860,243.91278,0.03352,Yakından incele · reunion2,False,False,-6.45000,1.62000,-21.80000,2.75000,0.00000,0.00000
6861,243.94645,0.03367,Yakından incele · reunion2,False,False,-6.45000,1.62000,-21.80000,2.75000,0.00000,0.00000
6862,243.97951,0.03306,Yakından incele · reunion2,False,False,-6.45000,1.62000,-21.80000,2.75000,0.00000,0.00000
6863,244.01274,0.03323,Yakından incele · reunion2,False,False,-6.45000,1.62000,-21.80000,2.75000,0.00000,0.00000
6864,244.04551,0.03277,Yakından incele · reunion2,False,False,-6.45000,1.62000,-21.80000,2.75000,0.00000,0.00000
6865,244.07899,0.03348,Yakından incele · reunion2,False,False,-6.45000,1.62000,-21.80000,2.75000,0.00000,0.00000
6866,244.11273,0.03374,Yakından incele · reunion2,False,False,-6.45000,1.62000,-21.80000,2.75000,0.00000,0.00000
6867,244.14641,0.03367,Yakından incele · reunion2,False,False,-6.45000,1.62000,-21.80000,2.75000,0.00000,0.00000
6868,244.18041,0.03400,Yakından incele · reunion2,False,False,-6.45000,1.62000,-21.80000,2.75000,0.00000,0.00000
6869,244.21327,0.03286,Yakından incele · reunion2,False,False,-6.45000,1.62000,-21.80000,2.75000,0.00000,0.00000
6870,244.24569,0.03242,Yakından incele · reunion2,False,False,-6.45000,1.62000,-21.80000,2.75000,0.00000,0.00000
6871,244.27874,0.03305,Yakından incele · reunion2,False,False,-6.45000,1.62000,-21.80000,2.75000,0.00000,0.00000
6872,244.31262,0.03387,Yakından incele · reunion2,False,False,-6.45000,1.62000,-21.80000,2.75000,0.00000,0.00000
6873,244.34614,0.03352,Yakından incele · reunion2,False,False,-6.45000,1.62000,-21.80000,2.75000,0.00000,0.00000
6874,244.38080,0.03466,Yakından incele · reunion2,False,False,-6.45000,1.62000,-21.80000,2.75000,0.00000,0.00000
6875,244.41540,0.03461,Yakından incele · reunion2,False,False,-6.45000,1.62000,-21.80000,2.75000,0.00000,0.00000
6876,244.44762,0.03222,Yakından incele · reunion2,False,False,-6.45000,1.62000,-21.80000,2.75000,0.00000,0.00000
6877,244.47971,0.03209,Yakından incele · reunion2,False,False,-6.45000,1.62000,-21.80000,2.75000,0.00000,0.00000
6878,244.51256,0.03285,Yakından incele · reunion2,False,False,-6.45000,1.62000,-21.80000,2.75000,0.00000,0.00000
6879,244.54623,0.03367,Yakından incele · reunion2,False,False,-6.45000,1.62000,-21.80000,2.75000,0.00000,0.00000
6880,244.58002,0.03379,Yakından incele · reunion2,False,False,-6.45000,1.62000,-21.80000,2.75000,0.00000,0.00000
6881,244.61324,0.03322,Yakından incele · reunion2,False,False,-6.45000,1.62000,-21.80000,2.75000,0.00000,0.00000
6882,244.64623,0.03299,Yakından incele · reunion2,False,False,-6.45000,1.62000,-21.80000,2.75000,0.00000,0.00000
6883,244.68287,0.03665,Yakından incele · reunion2,False,False,-6.45000,1.62000,-21.80000,2.75000,0.00000,0.00000
6884,244.71672,0.03385,Yakından incele · reunion2,False,False,-6.45000,1.62000,-21.80000,2.75000,0.00000,0.00000
6885,244.74634,0.02961,Yakından incele · reunion2,False,False,-6.45000,1.62000,-21.80000,2.75000,0.00000,0.00000
6886,244.77903,0.03270,Yakından incele · reunion2,False,False,-6.45000,1.62000,-21.80000,2.75000,0.00000,0.00000
6887,244.81251,0.03347,Yakından incele · reunion2,False,False,-6.45000,1.62000,-21.80000,2.75000,0.00000,0.00000
6888,244.84619,0.03369,Yakından incele · reunion2,False,False,-6.45000,1.62000,-21.80000,2.75000,0.00000,0.00000
6889,244.87965,0.03345,Yakından incele · reunion2,False,False,-6.45000,1.62000,-21.80000,2.75000,0.00000,0.00000
6890,244.91312,0.03348,Yakından incele · reunion2,False,False,-6.45000,1.62000,-21.80000,2.75000,0.00000,0.00000
6891,244.94627,0.03314,Yakından incele · reunion2,False,False,-6.45000,1.62000,-21.80000,2.75000,0.00000,0.00000
6892,244.97936,0.03309,Yakından incele · reunion2,False,False,-6.45000,1.62000,-21.80000,2.75000,0.00000,0.00000
6893,245.01260,0.03324,Yakından incele · reunion2,False,False,-6.45000,1.62000,-21.80000,2.75000,0.00000,0.00000
6894,245.04604,0.03344,Yakından incele · reunion2,False,False,-6.45000,1.62000,-21.80000,2.75000,0.00000,0.00000
6895,245.07939,0.03335,Yakından incele · reunion2,False,False,-6.45000,1.62000,-21.80000,2.75000,0.00000,0.00000
6896,245.11260,0.03321,Yakından incele · reunion2,False,False,-6.45000,1.62000,-21.80000,2.75000,0.00000,0.00000
6897,245.14535,0.03275,Yakından incele · reunion2,False,False,-6.45000,1.62000,-21.80000,2.75000,0.00000,0.00000
6898,245.17932,0.03397,Yakından incele · reunion2,False,False,-6.45000,1.62000,-21.80000,2.75000,0.00000,0.00000
6899,245.21317,0.03385,Yakından incele · reunion2,False,False,-6.45000,1.62000,-21.80000,2.75000,0.00000,0.00000
6900,245.24615,0.03298,Yakından incele · reunion2,False,False,-6.45000,1.62000,-21.80000,2.75000,0.00000,0.00000
6901,245.27875,0.03260,Yakından incele · reunion2,False,False,-6.45000,1.62000,-21.80000,2.75000,0.00000,0.00000
6902,245.31198,0.03323,Yakından incele · reunion2,False,False,-6.45000,1.62000,-21.80000,2.75000,0.00000,0.00000
6903,245.34616,0.03418,Yakından incele · reunion2,False,False,-6.45000,1.62000,-21.80000,2.75000,0.00000,0.00000
6904,245.37938,0.03322,Yakından incele · reunion2,False,False,-6.45000,1.62000,-21.80000,2.75000,0.00000,0.00000
6905,245.41225,0.03287,Yakından incele · reunion2,False,False,-6.45000,1.62000,-21.80000,2.75000,0.00000,0.00000
6906,245.44593,0.03368,Yakından incele · reunion2,False,False,-6.45000,1.62000,-21.80000,2.75000,0.00000,0.00000
6907,245.47982,0.03389,Yakından incele · reunion2,False,False,-6.45000,1.62000,-21.80000,2.75000,0.00000,0.00000
6908,245.51334,0.03352,Yakından incele · reunion2,False,False,-6.45000,1.62000,-21.80000,2.75000,0.00000,0.00000
6909,245.54618,0.03285,Yakından incele · reunion2,False,False,-6.45000,1.62000,-21.80000,2.75000,0.00000,0.00000
6910,245.57933,0.03315,Yakından incele · reunion2,False,False,-6.45000,1.62000,-21.80000,2.75000,0.00000,0.00000
6911,245.61370,0.03436,Yakından incele · reunion2,False,False,-6.45000,1.62000,-21.80000,2.75000,0.00000,0.00000
6912,245.64684,0.03315,Yakından incele · reunion2,False,False,-6.45000,1.62000,-21.80000,2.75000,0.00000,0.00000
6913,245.67926,0.03241,Yakından incele · reunion2,False,False,-6.45000,1.62000,-21.80000,2.75000,0.00000,0.00000
6914,245.71333,0.03407,Yakından incele · reunion2,False,False,-6.45000,1.62000,-21.80000,2.75000,0.00000,0.00000
6915,245.74660,0.03327,Yakından incele · reunion2,False,False,-6.45000,1.62000,-21.80000,2.75000,0.00000,0.00000
6916,245.78018,0.03358,Yakından incele · reunion2,False,False,-6.45000,1.62000,-21.80000,2.75000,0.00000,0.00000
6917,245.81458,0.03440,Yakından incele · reunion2,False,False,-6.45000,1.62000,-21.80000,2.75000,0.00000,0.00000
6918,245.84952,0.03494,Yakından incele · reunion2,False,False,-6.45000,1.62000,-21.80000,2.75000,0.00000,0.00000
6919,245.88420,0.03468,Yakından incele · reunion2,False,False,-6.45000,1.62000,-21.80000,2.75000,0.00000,0.00000
6920,245.91539,0.03119,Yakından incele · reunion2,False,False,-6.45000,1.62000,-21.80000,2.75000,0.00000,0.00000
6921,245.94648,0.03108,Yakından incele · reunion2,False,False,-6.45000,1.62000,-21.80000,2.75000,0.00000,0.00000
6922,245.97998,0.03351,Yakından incele · reunion2,False,False,-6.45000,1.62000,-21.80000,2.75000,0.00000,0.00000
6923,246.01345,0.03346,Yakından incele · reunion2,False,False,-6.45000,1.62000,-21.80000,2.75000,0.00000,0.00000
6924,246.04612,0.03267,Yakından incele · reunion2,False,False,-6.45000,1.62000,-21.80000,2.75000,0.00000,0.00000
6925,246.07905,0.03293,Yakından incele · reunion2,False,False,-6.45000,1.62000,-21.80000,2.75000,0.00000,0.00000
6926,246.11279,0.03374,Yakından incele · reunion2,False,False,-6.45000,1.62000,-21.80000,2.75000,0.00000,0.00000
6927,246.14587,0.03307,Yakından incele · reunion2,False,False,-6.45000,1.62000,-21.80000,2.75000,0.00000,0.00000
6928,246.17879,0.03292,Yakından incele · reunion2,False,False,-6.45000,1.62000,-21.80000,2.75000,0.00000,0.00000
6929,246.21290,0.03411,Yakından incele · reunion2,False,False,-6.45000,1.62000,-21.80000,2.75000,0.00000,0.00000
6930,246.24644,0.03355,Yakından incele · reunion2,False,False,-6.45000,1.62000,-21.80000,2.75000,0.00000,0.00000
6931,246.33796,0.09151,Yakından incele · reunion2,False,False,-6.45000,1.62000,-21.80000,2.75000,0.00000,0.00000
6932,246.34438,0.00642,Yakından incele · reunion2,False,False,-6.45000,1.62000,-21.80000,2.75000,0.00000,0.00000
6933,246.36051,0.01613,Yakından incele · reunion2,False,False,-6.45000,1.62000,-21.80000,2.75000,0.00000,0.00000
6934,246.37702,0.01651,Yakından incele · reunion2,False,False,-6.45000,1.62000,-21.80000,2.75000,0.00000,0.00000
6935,246.39455,0.01754,Yakından incele · reunion2,False,False,-6.45000,1.62000,-21.80000,2.75000,0.00000,0.00000
6936,246.41023,0.01568,Yakından incele · reunion2,False,False,-6.45000,1.62000,-21.80000,2.75000,0.00000,0.00000
6937,246.42733,0.01711,Yakından incele · reunion2,False,False,-6.45000,1.62000,-21.80000,2.75000,0.00000,0.00000
6938,246.44389,0.01655,Yakından incele · reunion2,False,False,-6.45000,1.62000,-21.80000,2.75000,0.00000,0.00000
6939,246.46077,0.01689,Yakından incele · reunion2,False,False,-6.45000,1.62000,-21.80000,2.75000,0.00000,0.00000
6940,246.47719,0.01642,Yakından incele · reunion2,False,False,-6.45000,1.62000,-21.80000,2.75000,0.00000,0.00000
6941,246.49427,0.01708,Yakından incele · reunion2,False,False,-6.45000,1.62000,-21.80000,2.75000,0.00000,0.00000
6942,246.51084,0.01656,Yakından incele · reunion2,False,False,-6.45000,1.62000,-21.80000,2.75000,0.00000,0.00000
6943,246.52754,0.01670,Yakından incele · reunion2,False,False,-6.45000,1.62000,-21.80000,2.75000,0.00000,0.00000
6944,246.54373,0.01619,Yakından incele · reunion2,False,False,-6.45000,1.62000,-21.80000,2.75000,0.00000,0.00000
6945,246.56070,0.01697,Yakından incele · reunion2,False,False,-6.45000,1.62000,-21.80000,2.75000,0.00000,0.00000
6946,246.57698,0.01628,Yakından incele · reunion2,False,False,-6.45000,1.62000,-21.80000,2.75000,0.00000,0.00000
6947,246.59421,0.01724,Yakından incele · reunion2,False,False,-6.45000,1.62000,-21.80000,2.75000,0.00000,0.00000
6948,246.61020,0.01599,Yakından incele · reunion2,False,False,-6.45000,1.62000,-21.80000,2.75000,0.00000,0.00000
6949,246.62703,0.01683,Yakından incele · reunion2,False,False,-6.45000,1.62000,-21.80000,2.75000,0.00000,0.00000
6950,246.64400,0.01697,Yakından incele · reunion2,False,False,-6.45000,1.62000,-21.80000,2.75000,0.00000,0.00000
6951,246.66007,0.01607,Yakından incele · reunion2,False,False,-6.45000,1.62000,-21.80000,2.75000,0.00000,0.00000
6952,246.67691,0.01684,Yakından incele · reunion2,False,False,-6.45000,1.62000,-21.80000,2.75000,0.00000,0.00000
6953,246.69442,0.01751,Yakından incele · reunion2,False,False,-6.45000,1.62000,-21.80000,2.75000,0.00000,0.00000
6954,246.71064,0.01622,Yakından incele · reunion2,False,False,-6.45000,1.62000,-21.80000,2.75000,0.00000,0.00000
6955,246.72799,0.01736,Yakından incele · reunion2,False,False,-6.45000,1.62000,-21.80000,2.75000,0.00000,0.00000
6956,246.74411,0.01611,Yakından incele · reunion2,False,False,-6.45000,1.62000,-21.80000,2.75000,0.00000,0.00000
6957,246.76129,0.01718,Yakından incele · reunion2,False,False,-6.45000,1.62000,-21.80000,2.75000,0.00000,0.00000
6958,246.77722,0.01594,Yakından incele · reunion2,False,False,-6.45000,1.62000,-21.80000,2.75000,0.00000,0.00000
6959,246.79395,0.01672,Yakından incele · reunion2,False,False,-6.45000,1.62000,-21.80000,2.75000,0.00000,0.00000
6960,246.81045,0.01651,Yakından incele · reunion2,False,False,-6.45000,1.62000,-21.80000,2.75000,0.00000,0.00000
6961,246.82842,0.01797,Yakından incele · reunion2,False,False,-6.45000,1.62000,-21.80000,2.75000,0.00000,0.00000
6962,246.84417,0.01575,Yakından incele · reunion2,False,False,-6.45000,1.62000,-21.80000,2.75000,0.00000,0.00000
6963,246.86042,0.01625,Yakından incele · reunion2,False,False,-6.45000,1.62000,-21.80000,2.75000,0.00000,0.00000
6964,246.87713,0.01671,Yakından incele · reunion2,False,False,-6.45000,1.62000,-21.80000,2.75000,0.00000,0.00000
6965,246.89485,0.01771,Yakından incele · reunion2,False,False,-6.45000,1.62000,-21.80000,2.75000,0.00000,0.00000
6966,246.91119,0.01634,Yakından incele · reunion2,False,False,-6.45000,1.62000,-21.80000,2.75000,0.00000,0.00000
6967,246.92734,0.01615,Yakından incele · reunion2,False,False,-6.45000,1.62000,-21.80000,2.75000,0.00000,0.00000
6968,246.94403,0.01669,Yakından incele · reunion2,False,False,-6.45000,1.62000,-21.80000,2.75000,0.00000,0.00000
6969,246.96013,0.01610,Yakından incele · reunion2,False,False,-6.45000,1.62000,-21.80000,2.75000,0.00000,0.00000
6970,246.97723,0.01710,Yakından incele · reunion2,False,False,-6.45000,1.62000,-21.80000,2.75000,0.00000,0.00000
6971,246.99418,0.01695,Yakından incele · reunion2,False,False,-6.45000,1.62000,-21.80000,2.75000,0.00000,0.00000
