frame,time,dt,camera,blending,ortho,x,y,z,size,step,rotationStep
0,77.19442,0.00000,AD · mahalle açılış kadrajı,False,True,-79.88000,2.50000,-7.60000,2.28000,0.00000,0.00000
1,77.21221,0.01779,AD · mahalle açılış kadrajı,False,True,-79.88000,2.50000,-7.60000,2.28000,0.00000,0.00000
2,82.17848,4.96627,Yakından incele · introCarry,False,True,-0.50000,5.35000,-5.05000,2.60000,79.47206,44.69931
3,82.55688,0.37841,Yakından incele · introCarry,False,True,-0.50000,5.35000,-5.05000,2.60000,0.00000,0.00000
4,82.56741,0.01053,Yakından incele · introCarry,False,True,-0.50000,5.35000,-5.05000,2.60000,0.00000,0.00000
5,82.58207,0.01465,Yakından incele · introCarry,False,True,-0.50000,5.35000,-5.05000,2.60000,0.00000,0.00000
6,82.59888,0.01682,Yakından incele · introCarry,False,True,-0.50000,5.35000,-5.05000,2.60000,0.00000,0.00000
7,82.61582,0.01694,Yakından incele · introCarry,False,True,-0.50000,5.35000,-5.05000,2.60000,0.00000,0.00000
8,82.63263,0.01681,Yakından incele · introCarry,False,True,-0.50000,5.35000,-5.05000,2.60000,0.00000,0.00000
9,82.64897,0.01634,Yakından incele · introCarry,False,True,-0.50000,5.35000,-5.05000,2.60000,0.00000,0.00000
10,82.66524,0.01626,Yakından incele · introCarry,False,True,-0.50000,5.35000,-5.05000,2.60000,0.00000,0.00000
11,82.68196,0.01673,Yakından incele · introCarry,False,True,-0.50000,5.35000,-5.05000,2.60000,0.00000,0.00000
12,82.69952,0.01756,Yakından incele · introCarry,False,True,-0.50000,5.35000,-5.05000,2.60000,0.00000,0.00000
13,82.71520,0.01568,Yakından incele · introCarry,False,True,-0.50000,5.35000,-5.05000,2.60000,0.00000,0.00000
14,82.73161,0.01640,Yakından incele · introCarry,False,True,-0.50000,5.35000,-5.05000,2.60000,0.00000,0.00000
15,82.74881,0.01720,Yakından incele · introCarry,False,True,-0.50000,5.35000,-5.05000,2.60000,0.00000,0.00000
16,82.76592,0.01712,Yakından incele · introCarry,False,True,-0.50000,5.35000,-5.05000,2.60000,0.00000,0.00000
17,82.78172,0.01580,Yakından incele · introCarry,False,True,-0.50000,5.35000,-5.05000,2.60000,0.00000,0.00000
18,82.79819,0.01647,Yakından incele · introCarry,False,True,-0.50000,5.35000,-5.05000,2.60000,0.00000,0.00000
19,82.81535,0.01716,Yakından incele · introCarry,False,True,-0.50000,5.35000,-5.05000,2.60000,0.00000,0.00000
20,82.83219,0.01684,Yakından incele · introCarry,False,True,-0.50000,5.35000,-5.05000,2.60000,0.00000,0.00000
21,82.84842,0.01623,Yakından incele · introCarry,False,True,-0.50000,5.35000,-5.05000,2.60000,0.00000,0.00000
22,82.86544,0.01702,Yakından incele · introCarry,False,True,-0.50000,5.35000,-5.05000,2.60000,0.00000,0.00000
23,82.88161,0.01618,Yakından incele · introCarry,False,True,-0.50000,5.35000,-5.05000,2.60000,0.00000,0.00000
24,82.90574,0.02412,Yakından incele · introCarry,False,True,-0.50000,5.35000,-5.05000,2.60000,0.00000,0.00000
25,82.91880,0.01307,Yakından incele · introCarry,False,True,-0.50000,5.35000,-5.05000,2.60000,0.00000,0.00000
26,82.92741,0.00860,Yakından incele · introCarry,False,True,-0.49990,5.34999,-5.04994,2.60000,0.00012,0.00000
27,82.94940,0.02199,Yakından incele · introCarry,False,True,-0.49882,5.34985,-5.04929,2.60000,0.00126,0.00000
28,82.96473,0.01533,Yakından incele · introCarry,False,True,-0.49734,5.34966,-5.04837,2.60000,0.00175,0.00000
29,82.98271,0.01799,Yakından incele · introCarry,False,True,-0.49466,5.34934,-5.04670,2.60000,0.00317,0.00000
30,82.99912,0.01641,Yakından incele · introCarry,False,True,-0.49132,5.34896,-5.04460,2.60000,0.00397,0.00000
31,83.01514,0.01602,Yakından incele · introCarry,False,True,-0.48647,5.34842,-5.04151,2.60000,0.00577,0.00000
32,83.03237,0.01722,Yakından incele · introCarry,False,True,-0.48026,5.34776,-5.03753,2.60000,0.00741,0.00000
33,83.04864,0.01627,Yakından incele · introCarry,False,True,-0.47297,5.34702,-5.03279,2.60000,0.00872,0.00000
34,83.06639,0.01775,Yakından incele · introCarry,False,True,-0.46380,5.34612,-5.02679,2.60000,0.01099,0.00000
35,83.08215,0.01575,Yakından incele · introCarry,False,True,-0.45357,5.34516,-5.02003,2.60000,0.01231,0.00000
36,83.09929,0.01714,Yakından incele · introCarry,False,True,-0.44156,5.34408,-5.01204,2.60000,0.01447,0.00000
37,83.11555,0.01626,Yakından incele · introCarry,False,True,-0.42822,5.34293,-5.00312,2.60000,0.01609,0.00000
38,83.13174,0.01619,Yakından incele · introCarry,False,True,-0.41362,5.34174,-4.99334,2.60000,0.01761,0.00000
39,83.14890,0.01716,Yakından incele · introCarry,False,True,-0.39701,5.34047,-4.98217,2.60000,0.02006,0.00000
40,83.16498,0.01607,Yakından incele · introCarry,False,True,-0.38017,5.33926,-4.97074,2.60000,0.02039,0.00000
41,83.18233,0.01736,Yakından incele · introCarry,False,True,-0.36184,5.33804,-4.95820,2.60000,0.02224,0.00000
42,83.19886,0.01653,Yakından incele · introCarry,False,True,-0.34334,5.33690,-4.94542,2.60000,0.02251,0.00000
43,83.21569,0.01683,Yakından incele · introCarry,False,True,-0.32382,5.33578,-4.93182,2.60000,0.02381,0.00000
44,83.23230,0.01661,Yakından incele · introCarry,False,True,-0.30361,5.33471,-4.91760,2.60000,0.02474,0.00000
45,83.24851,0.01621,Yakından incele · introCarry,False,True,-0.28434,5.33378,-4.90391,2.60000,0.02366,0.00000
46,83.26584,0.01732,Yakından incele · introCarry,False,True,-0.26319,5.33283,-4.88876,2.60000,0.02603,0.00000
47,83.28214,0.01630,Yakından incele · introCarry,False,True,-0.24251,5.33198,-4.87380,2.60000,0.02554,0.00000
48,83.29901,0.01687,Yakından incele · introCarry,False,True,-0.22147,5.33119,-4.85845,2.60000,0.02605,0.00000
49,83.31481,0.01580,Yakından incele · introCarry,False,True,-0.20134,5.33050,-4.84364,2.60000,0.02501,0.00000
50,83.33189,0.01708,Yakından incele · introCarry,False,True,-0.17980,5.32982,-4.82768,2.60000,0.02682,0.00000
51,83.34875,0.01686,Yakından incele · introCarry,False,True,-0.15821,5.32919,-4.81156,2.60000,0.02695,0.00000
52,83.36518,0.01643,Yakından incele · introCarry,False,True,-0.13725,5.32866,-4.79593,2.60000,0.02615,0.00000
53,83.38214,0.01695,Yakından incele · introCarry,False,True,-0.11544,5.32816,-4.77969,2.60000,0.02720,0.00000
54,83.39832,0.01619,Yakından incele · introCarry,False,True,-0.09364,5.32772,-4.76345,2.60000,0.02718,0.00000
55,83.41513,0.01681,Yakından incele · introCarry,False,True,-0.07198,5.32733,-4.74727,2.60000,0.02704,0.00000
56,83.43159,0.01646,Yakından incele · introCarry,False,True,-0.05015,5.32697,-4.73092,2.60000,0.02728,0.00000
57,83.44847,0.01688,Yakından incele · introCarry,False,True,-0.02800,5.32663,-4.71425,2.60000,0.02772,0.00000
58,83.46552,0.01705,Yakından incele · introCarry,False,True,-0.00560,5.32632,-4.69731,2.60000,0.02809,0.00000
59,83.48183,0.01631,Yakından incele · introCarry,False,True,0.01570,5.32602,-4.68075,2.60000,0.02698,0.00000
60,83.49929,0.01746,Yakından incele · introCarry,False,True,0.03723,5.32573,-4.66359,2.60000,0.02754,0.00000
61,83.53098,0.03169,Yakından incele · introCarry,False,True,0.05751,5.32551,-4.64705,2.60000,0.02617,0.00000
62,83.90453,0.37355,Yakından incele · introCarry,False,True,0.50216,5.33395,-4.24327,2.60000,0.60068,0.00000
63,83.91281,0.00828,Yakından incele · introCarry,False,True,0.50211,5.33503,-4.24162,2.60000,0.00198,0.00000
64,83.92900,0.01619,Yakından incele · introCarry,False,True,0.49923,5.33704,-4.24090,2.60000,0.00358,0.00000
65,83.94565,0.01665,Yakından incele · introCarry,False,True,0.49368,5.33924,-4.24224,2.60000,0.00612,0.00000
66,83.96259,0.01694,Yakından incele · introCarry,False,True,0.48552,5.34163,-4.24573,2.60000,0.00919,0.00000
67,83.97870,0.01611,Yakından incele · introCarry,False,True,0.47618,5.34391,-4.25061,2.60000,0.01078,0.00000
68,83.99548,0.01678,Yakından incele · introCarry,False,True,0.46451,5.34634,-4.25743,2.60000,0.01374,0.00000
69,84.01199,0.01651,Yakından incele · introCarry,False,True,0.45149,5.34872,-4.26560,2.60000,0.01555,0.00000
70,84.02949,0.01750,Yakından incele · introCarry,False,True,0.43686,5.35108,-4.27526,2.60000,0.01769,0.00000
71,84.04524,0.01575,Yakından incele · introCarry,False,True,0.42198,5.35321,-4.28536,2.60000,0.01810,0.00000
72,84.06248,0.01724,Yakından incele · introCarry,False,True,0.40538,5.35531,-4.29680,2.60000,0.02027,0.00000
73,84.07864,0.01616,Yakından incele · introCarry,False,True,0.38782,5.35726,-4.30896,2.60000,0.02145,0.00000
74,84.09594,0.01729,Yakından incele · introCarry,False,True,0.36912,5.35911,-4.32200,2.60000,0.02286,0.00000
75,84.11205,0.01611,Yakından incele · introCarry,False,True,0.35068,5.36073,-4.33496,2.60000,0.02260,0.00000
76,84.12905,0.01700,Yakından incele · introCarry,False,True,0.33060,5.36231,-4.34917,2.60000,0.02465,0.00000
77,84.14564,0.01659,Yakından incele · introCarry,False,True,0.31046,5.36373,-4.36355,2.60000,0.02479,0.00000
78,84.16283,0.01719,Yakından incele · introCarry,False,True,0.29006,5.36502,-4.37822,2.60000,0.02516,0.00000
79,84.17862,0.01579,Yakından incele · introCarry,False,True,0.26988,5.36617,-4.39285,2.60000,0.02495,0.00000
80,84.19530,0.01668,Yakından incele · introCarry,False,True,0.24882,5.36725,-4.40821,2.60000,0.02608,0.00000
81,84.21241,0.01711,Yakından incele · introCarry,False,True,0.22749,5.36823,-4.42388,2.60000,0.02649,0.00000
82,84.22872,0.01632,Yakından incele · introCarry,False,True,0.20615,5.36911,-4.43965,2.60000,0.02654,0.00000
83,84.24541,0.01669,Yakından incele · introCarry,False,True,0.18431,5.36993,-4.45589,2.60000,0.02723,0.00000
84,84.26237,0.01696,Yakından incele · introCarry,False,True,0.16245,5.37065,-4.47222,2.60000,0.02730,0.00000
85,84.27856,0.01619,Yakından incele · introCarry,False,True,0.14123,5.37128,-4.48817,2.60000,0.02655,0.00000
86,84.29531,0.01675,Yakından incele · introCarry,False,True,0.11936,5.37187,-4.50468,2.60000,0.02741,0.00000
87,84.31187,0.01657,Yakından incele · introCarry,False,True,0.09743,5.37240,-4.52130,2.60000,0.02752,0.00000
88,84.32829,0.01641,Yakından incele · introCarry,False,True,0.07543,5.37288,-4.53803,2.60000,0.02764,0.00000
89,84.34587,0.01758,Yakından incele · introCarry,False,True,0.05278,5.37332,-4.55532,2.60000,0.02850,0.00000
90,84.36220,0.01632,Yakından incele · introCarry,False,True,0.03076,5.37370,-4.57218,2.60000,0.02773,0.00000
91,84.37873,0.01653,Yakından incele · introCarry,False,True,0.00893,5.37404,-4.58896,2.60000,0.02754,0.00000
92,84.39582,0.01709,Yakından incele · introCarry,False,True,-0.01321,5.37434,-4.60601,2.60000,0.02794,0.00000
93,84.41240,0.01659,Yakından incele · introCarry,False,True,-0.03569,5.37463,-4.62336,2.60000,0.02840,0.00000
94,84.42839,0.01599,Yakından incele · introCarry,False,True,-0.05710,5.37486,-4.63993,2.60000,0.02708,0.00000
95,84.44505,0.01666,Yakından incele · introCarry,False,True,-0.07924,5.37508,-4.65709,2.60000,0.02802,0.00000
96,84.46251,0.01746,Yakından incele · introCarry,False,True,-0.10220,5.37529,-4.67492,2.60000,0.02907,0.00000
97,84.47865,0.01614,Yakından incele · introCarry,False,True,-0.12417,5.37546,-4.69201,2.60000,0.02784,0.00000
98,84.49574,0.01709,Yakından incele · introCarry,False,True,-0.14683,5.37562,-4.70965,2.60000,0.02871,0.00000
99,84.51198,0.01624,Yakından incele · introCarry,False,True,-0.16836,5.37575,-4.72646,2.60000,0.02731,0.00000
100,84.52846,0.01647,Yakından incele · introCarry,False,True,-0.19039,5.37588,-4.74366,2.60000,0.02795,0.00000
101,84.54589,0.01743,Yakından incele · introCarry,False,True,-0.21322,5.37600,-4.76150,2.60000,0.02898,0.00000
102,84.56339,0.01751,Yakından incele · introCarry,False,True,-0.23558,5.37610,-4.77899,2.60000,0.02839,0.00000
103,84.57904,0.01564,Yakından incele · introCarry,False,True,-0.25779,5.37618,-4.79638,2.60000,0.02821,0.00000
104,84.59573,0.01669,Yakından incele · introCarry,False,True,-0.27933,5.37625,-4.81327,2.60000,0.02737,0.00000
105,84.61228,0.01655,Yakından incele · introCarry,False,True,-0.30207,5.37633,-4.83110,2.60000,0.02890,0.00000
106,84.62891,0.01663,Yakından incele · introCarry,False,True,-0.32423,5.37639,-4.84848,2.60000,0.02816,0.00000
107,84.64572,0.01681,Yakından incele · introCarry,False,True,-0.34669,5.37645,-4.86611,2.60000,0.02855,0.00000
108,84.66285,0.01713,Yakından incele · introCarry,False,True,-0.36894,5.37650,-4.88359,2.60000,0.02829,0.00000
109,84.67920,0.01635,Yakından incele · introCarry,False,True,-0.39138,5.37655,-4.90122,2.60000,0.02854,0.00000
110,84.69558,0.01638,Yakından incele · introCarry,False,True,-0.41319,5.37658,-4.91837,2.60000,0.02775,0.00000
111,84.71186,0.01628,Yakından incele · introCarry,False,True,-0.43483,5.37661,-4.93540,2.60000,0.02753,0.00000
112,84.72856,0.01671,Yakından incele · introCarry,False,True,-0.45734,5.37665,-4.95309,2.60000,0.02863,0.00000
113,84.74574,0.01718,Yakından incele · introCarry,False,True,-0.48034,5.37668,-4.97118,2.60000,0.02926,0.00000
114,84.76270,0.01696,Yakından incele · introCarry,False,True,-0.50241,5.37671,-4.98855,2.60000,0.02809,0.00000
115,84.77895,0.01625,Yakından incele · introCarry,False,True,-0.52422,5.37672,-5.00572,2.60000,0.02775,0.00000
116,84.79659,0.01764,Yakından incele · introCarry,False,True,-0.54675,5.37675,-5.02346,2.60000,0.02868,0.00000
117,84.81196,0.01537,Yakından incele · introCarry,False,True,-0.56844,5.37676,-5.04055,2.60000,0.02761,0.00000
118,84.82910,0.01714,Yakından incele · introCarry,False,True,-0.59067,5.37677,-5.05805,2.60000,0.02830,0.00000
119,84.84577,0.01667,Yakından incele · introCarry,False,True,-0.61361,5.37680,-5.07611,2.60000,0.02920,0.00000
120,84.86232,0.01655,Yakından incele · introCarry,False,True,-0.63586,5.37681,-5.09364,2.60000,0.02833,0.00000
121,84.87888,0.01656,Yakından incele · introCarry,False,True,-0.65782,5.37681,-5.11094,2.60000,0.02795,0.00000
122,84.89538,0.01651,Yakından incele · introCarry,False,True,-0.67993,5.37682,-5.12836,2.60000,0.02815,0.00000
123,84.91248,0.01709,Yakından incele · introCarry,False,True,-0.70286,5.37684,-5.14643,2.60000,0.02920,0.00000
124,84.92876,0.01628,Yakından incele · introCarry,False,True,-0.72466,5.37684,-5.16361,2.60000,0.02776,0.00000
125,84.94552,0.01676,Yakından incele · introCarry,False,True,-0.74673,5.37685,-5.18101,2.60000,0.02810,0.00000
126,84.96239,0.01687,Yakından incele · introCarry,False,True,-0.76935,5.37686,-5.19883,2.60000,0.02880,0.00000
127,84.97894,0.01655,Yakından incele · introCarry,False,True,-0.79135,5.37686,-5.21617,2.60000,0.02801,0.00000
128,84.99568,0.01674,Yakından incele · introCarry,False,True,-0.81374,5.37686,-5.23382,2.60000,0.02852,0.00000
129,85.01203,0.01634,Yakından incele · introCarry,False,True,-0.83539,5.37686,-5.25089,2.60000,0.02757,0.00000
130,85.02928,0.01726,Yakından incele · introCarry,False,True,-0.85821,5.37687,-5.26888,2.60000,0.02906,0.00000
131,85.04525,0.01596,Yakından incele · introCarry,False,True,-0.87997,5.37687,-5.28603,2.60000,0.02771,0.00000
132,85.06177,0.01652,Yakından incele · introCarry,False,True,-0.90212,5.37688,-5.30349,2.60000,0.02820,0.00000
133,85.07849,0.01672,Yakından incele · introCarry,False,True,-0.92437,5.37688,-5.32104,2.60000,0.02834,0.00000
134,85.09588,0.01739,Yakından incele · introCarry,False,True,-0.94764,5.37689,-5.33936,2.60000,0.02962,0.00000
135,85.11208,0.01620,Yakından incele · introCarry,False,True,-0.96922,5.37689,-5.35639,2.60000,0.02749,0.00000
136,85.12894,0.01686,Yakından incele · introCarry,False,True,-0.99170,5.37689,-5.37411,2.60000,0.02862,0.00000
137,85.14589,0.01696,Yakından incele · introCarry,False,True,-1.01388,5.37689,-5.39160,2.60000,0.02825,0.00000
138,85.16185,0.01596,Yakından incele · introCarry,False,True,-1.03572,5.37689,-5.40882,2.60000,0.02781,0.00000
139,85.17910,0.01725,Yakından incele · introCarry,False,True,-1.05839,5.37689,-5.42669,2.60000,0.02887,0.00000
140,85.19518,0.01608,Yakından incele · introCarry,False,True,-1.08013,5.37689,-5.44384,2.60000,0.02769,0.00000
141,85.21218,0.01700,Yakından incele · introCarry,False,True,-1.10273,5.37690,-5.46165,2.60000,0.02878,0.00000
142,85.22906,0.01688,Yakından incele · introCarry,False,True,-1.12513,5.37690,-5.47931,2.60000,0.02852,0.00000
143,85.24570,0.01664,Yakından incele · introCarry,False,True,-1.14752,5.37690,-5.49696,2.60000,0.02851,0.00000
144,85.26217,0.01647,Yakından incele · introCarry,False,True,-1.16976,5.37690,-5.51450,2.60000,0.02833,0.00000
145,85.27930,0.01713,Yakından incele · introCarry,False,True,-1.19215,5.37690,-5.53215,2.60000,0.02851,0.00000
146,85.29563,0.01633,Yakından incele · introCarry,False,True,-1.21438,5.37690,-5.54968,2.60000,0.02831,0.00000
147,85.31204,0.01641,Yakından incele · introCarry,False,True,-1.23583,5.37689,-5.56661,2.60000,0.02733,0.00000
148,85.32886,0.01681,Yakından incele · introCarry,False,True,-1.25869,5.37690,-5.58463,2.60000,0.02911,0.00000
149,85.34509,0.01623,Yakından incele · introCarry,False,True,-1.28050,5.37690,-5.60183,2.60000,0.02777,0.00000
150,85.36180,0.01671,Yakından incele · introCarry,False,True,-1.30267,5.37690,-5.61931,2.60000,0.02823,0.00000
151,85.37849,0.01669,Yakından incele · introCarry,False,True,-1.32478,5.37690,-5.63674,2.60000,0.02815,0.00000
152,85.39563,0.01714,Yakından incele · introCarry,False,True,-1.34771,5.37690,-5.65481,2.60000,0.02920,0.00000
153,85.41249,0.01687,Yakından incele · introCarry,False,True,-1.37013,5.37691,-5.67249,2.60000,0.02855,0.00000
154,85.42931,0.01682,Yakından incele · introCarry,False,True,-1.39228,5.37690,-5.68996,2.60000,0.02821,0.00000
155,85.44509,0.01577,Yakından incele · introCarry,False,True,-1.41385,5.37690,-5.70698,2.60000,0.02748,0.00000
156,85.46178,0.01669,Yakından incele · introCarry,False,True,-1.43611,5.37690,-5.72453,2.60000,0.02835,0.00000
157,85.47916,0.01738,Yakından incele · introCarry,False,True,-1.45927,5.37691,-5.74278,2.60000,0.02949,0.00000
158,85.49558,0.01643,Yakından incele · introCarry,False,True,-1.48115,5.37690,-5.76004,2.60000,0.02786,0.00000
159,85.51212,0.01653,Yakından incele · introCarry,False,True,-1.50314,5.37690,-5.77738,2.60000,0.02801,0.00000
160,85.52861,0.01649,Yakından incele · introCarry,False,True,-1.52539,5.37690,-5.79492,2.60000,0.02833,0.00000
161,85.54527,0.01665,Yakından incele · introCarry,False,True,-1.54755,5.37690,-5.81240,2.60000,0.02823,0.00000
162,85.56217,0.01691,Yakından incele · introCarry,False,True,-1.56975,5.37690,-5.82991,2.60000,0.02827,0.00000
163,85.57873,0.01656,Yakından incele · introCarry,False,True,-1.59210,5.37690,-5.84752,2.60000,0.02845,0.00000
164,85.59557,0.01684,Yakından incele · introCarry,False,True,-1.61466,5.37690,-5.86531,2.60000,0.02873,0.00000
165,85.61228,0.01672,Yakından incele · introCarry,False,True,-1.63713,5.37691,-5.88303,2.60000,0.02862,0.00000
166,85.62858,0.01629,Yakından incele · introCarry,False,True,-1.65901,5.37690,-5.90028,2.60000,0.02786,0.00000
167,85.64570,0.01712,Yakından incele · introCarry,False,True,-1.68127,5.37690,-5.91784,2.60000,0.02835,0.00000
168,85.66220,0.01651,Yakından incele · introCarry,False,True,-1.70330,5.37690,-5.93521,2.60000,0.02806,0.00000
169,85.67888,0.01668,Yakından incele · introCarry,False,True,-1.72583,5.37690,-5.95297,2.60000,0.02868,0.00000
170,85.69518,0.01630,Yakından incele · introCarry,False,True,-1.74737,5.37688,-5.96999,2.60000,0.02745,0.00000
171,85.71141,0.01622,Yakından incele · introCarry,False,True,-1.76886,5.37683,-5.98701,2.60000,0.02742,0.00000
172,85.72860,0.01719,Yakından incele · introCarry,False,True,-1.79103,5.37674,-6.00461,2.60000,0.02831,0.00000
173,85.74528,0.01668,Yakından incele · introCarry,False,True,-1.81201,5.37660,-6.02135,2.60000,0.02683,0.00000
174,85.76244,0.01716,Yakından incele · introCarry,False,True,-1.83309,5.37641,-6.03825,2.60000,0.02702,0.00000
175,85.77874,0.01630,Yakından incele · introCarry,False,True,-1.85303,5.37617,-6.05431,2.60000,0.02561,0.00000
176,85.79543,0.01670,Yakından incele · introCarry,False,True,-1.87230,5.37587,-6.06992,2.60000,0.02480,0.00000
177,85.81216,0.01673,Yakından incele · introCarry,False,True,-1.89092,5.37552,-6.08510,2.60000,0.02403,0.00000
178,85.82865,0.01648,Yakından incele · introCarry,False,True,-1.90912,5.37512,-6.10001,2.60000,0.02353,0.00000
179,85.84543,0.01678,Yakından incele · introCarry,False,True,-1.92649,5.37468,-6.11434,2.60000,0.02253,0.00000
180,85.86206,0.01663,Yakından incele · introCarry,False,True,-1.94334,5.37418,-6.12832,2.60000,0.02190,0.00000
181,85.87875,0.01669,Yakından incele · introCarry,False,True,-1.95942,5.37365,-6.14176,2.60000,0.02096,0.00000
182,85.89610,0.01735,Yakından incele · introCarry,False,True,-1.97491,5.37306,-6.15479,2.60000,0.02025,0.00000
183,85.91238,0.01628,Yakından incele · introCarry,False,True,-1.98915,5.37246,-6.16688,2.60000,0.01869,0.00000
184,85.93827,0.02589,Yakından incele · intro,True,True,-2.00320,5.36937,-6.17535,2.59884,0.01670,0.00000
185,85.94801,0.00974,Yakından incele · intro,True,True,-2.00426,5.36167,-6.16506,2.59520,0.01290,0.40348
186,85.96349,0.01547,Yakından incele · intro,True,True,-2.00587,5.34985,-6.14924,2.58960,0.01981,0.62181
187,85.98080,0.01731,Yakından incele · intro,True,True,-2.00817,5.33307,-6.12677,2.58165,0.02814,0.88204
188,85.99686,0.01606,Yakından incele · intro,True,True,-2.01097,5.31257,-6.09935,2.57194,0.03435,1.07773
189,86.01386,0.01701,Yakından incele · intro,True,True,-2.01442,5.28729,-6.06551,2.55996,0.04238,1.32999
190,86.03021,0.01635,Yakından incele · intro,True,True,-2.01834,5.25858,-6.02709,2.54636,0.04812,1.51074
191,86.04722,0.01701,Yakından incele · intro,True,True,-2.02291,5.22516,-5.98237,2.53053,0.05602,1.75920
192,86.06363,0.01641,Yakından incele · intro,True,True,-2.02784,5.18908,-5.93407,2.51343,0.06049,1.89995
193,86.08042,0.01679,Yakından incele · intro,True,True,-2.03333,5.14894,-5.88036,2.49442,0.06727,2.11258
194,86.09712,0.01670,Yakından incele · intro,True,True,-2.03921,5.10587,-5.82272,2.47402,0.07220,2.26699
195,86.11340,0.01628,Yakından incele · intro,True,True,-2.04553,5.05968,-5.76090,2.45213,0.07743,2.43126
196,86.13033,0.01693,Yakından incele · intro,True,True,-2.05232,5.00999,-5.69440,2.42859,0.08329,2.61552
197,86.14699,0.01666,Yakından incele · intro,True,True,-2.05953,4.95720,-5.62375,2.40358,0.08849,2.77863
198,86.16392,0.01693,Yakından incele · intro,True,True,-2.06717,4.90130,-5.54895,2.37710,0.09369,2.94200
199,86.18101,0.01709,Yakından incele · intro,True,True,-2.07513,4.84308,-5.47103,2.34952,0.09760,3.06501
200,86.19713,0.01612,Yakından incele · intro,True,True,-2.08319,4.78406,-5.39205,2.32156,0.09892,3.10611
201,86.21455,0.01742,Yakından incele · intro,True,True,-2.09204,4.71935,-5.30545,2.29090,0.10847,3.40637
202,86.23030,0.01575,Yakından incele · intro,True,True,-2.10074,4.65568,-5.22023,2.26074,0.10674,3.35193
203,86.24814,0.01784,Yakından incele · intro,True,True,-2.10998,4.58804,-5.12971,2.22870,0.11337,3.56009
204,86.26379,0.01566,Yakından incele · intro,True,True,-2.11911,4.52128,-5.04036,2.19707,0.11191,3.51428
205,86.28076,0.01697,Yakından incele · intro,True,True,-2.12863,4.45162,-4.94715,2.16407,0.11675,3.66625
206,86.29758,0.01682,Yakından incele · intro,True,True,-2.13874,4.37763,-4.84812,2.12901,0.12403,3.89505
207,86.31420,0.01662,Yakından incele · intro,True,True,-2.14861,4.30537,-4.75142,2.09478,0.12112,3.80374
208,86.33043,0.01622,Yakından incele · intro,True,True,-2.15860,4.23227,-4.65359,2.06015,0.12253,3.84794
209,86.34726,0.01684,Yakından incele · intro,True,True,-2.16911,4.15539,-4.55070,2.02373,0.12886,4.04685
210,86.36393,0.01667,Yakından incele · intro,True,True,-2.17918,4.08173,-4.45212,1.98883,0.12347,3.87773
211,86.38072,0.01679,Yakından incele · intro,True,True,-2.18976,4.00430,-4.34850,1.95215,0.12979,4.07615
212,86.39794,0.01722,Yakından incele · intro,True,True,-2.20047,3.92593,-4.24362,1.91502,0.13136,4.12540
213,86.41362,0.01568,Yakından incele · intro,True,True,-2.21096,3.84914,-4.14085,1.87865,0.12871,4.04201
214,86.43120,0.01758,Yakından incele · intro,True,True,-2.22172,3.77044,-4.03553,1.84136,0.13192,4.14282
215,86.44693,0.01574,Yakından incele · intro,True,True,-2.23212,3.69430,-3.93363,1.80529,0.12763,4.00797
216,86.46428,0.01735,Yakından incele · intro,True,True,-2.24279,3.61622,-3.82914,1.76830,0.13088,4.11000
217,86.48041,0.01612,Yakından incele · intro,True,True,-2.25345,3.53826,-3.72481,1.73137,0.13067,4.10371
218,86.49775,0.01734,Yakından incele · intro,True,True,-2.26418,3.45968,-3.61965,1.69414,0.13171,4.13639
219,86.51396,0.01621,Yakından incele · intro,True,True,-2.27458,3.38362,-3.51785,1.65811,0.12751,4.00426
220,86.53103,0.01707,Yakından incele · intro,True,True,-2.28503,3.30718,-3.41556,1.62190,0.12812,4.02376
221,86.54686,0.01584,Yakından incele · intro,True,True,-2.29511,3.23338,-3.31679,1.58693,0.12370,3.88499
222,86.56441,0.01755,Yakından incele · intro,True,True,-2.30529,3.15892,-3.21714,1.55166,0.12480,3.91949
223,86.58083,0.01642,Yakından incele · intro,True,True,-2.31522,3.08621,-3.11984,1.51721,0.12188,3.82754
224,86.59774,0.01691,Yakından incele · intro,True,True,-2.32493,3.01521,-3.02482,1.48358,0.11901,3.73730
225,86.61349,0.01575,Yakından incele · intro,True,True,-2.33443,2.94566,-2.93174,1.45063,0.11659,3.66112
226,86.63031,0.01682,Yakından incele · intro,True,True,-2.34382,2.87700,-2.83985,1.41810,0.11509,3.61421
227,86.64713,0.01682,Yakından incele · intro,True,True,-2.35306,2.80932,-2.74927,1.38604,0.11344,3.56250
228,86.66338,0.01625,Yakından incele · intro,True,True,-2.36157,2.74707,-2.66596,1.35654,0.10435,3.27706
229,86.68044,0.01706,Yakından incele · intro,True,True,-2.37015,2.68430,-2.58196,1.32681,0.10522,3.30442
230,86.69768,0.01725,Yakından incele · intro,True,True,-2.37850,2.62318,-2.50016,1.29785,0.10245,3.21728
231,86.71346,0.01577,Yakından incele · intro,True,True,-2.38630,2.56609,-2.42376,1.27081,0.09569,3.00492
232,86.73166,0.01820,Yakından incele · intro,True,True,-2.39378,2.51138,-2.35055,1.24489,0.09170,2.87961
233,86.74780,0.01614,Yakından incele · intro,True,True,-2.40112,2.45768,-2.27867,1.21945,0.09002,2.82694
234,86.76397,0.01616,Yakından incele · intro,True,True,-2.40766,2.40981,-2.21462,1.19677,0.08023,2.51949
235,86.78035,0.01638,Yakından incele · intro,True,True,-2.41409,2.36274,-2.15162,1.17447,0.07891,2.47782
236,86.79771,0.01736,Yakından incele · intro,True,True,-2.42010,2.31880,-2.09281,1.15365,0.07365,2.31280
237,86.81413,0.01642,Yakından incele · intro,True,True,-2.42551,2.27921,-2.03983,1.13490,0.06635,2.08348
238,86.83036,0.01623,Yakından incele · intro,True,True,-2.43038,2.24355,-1.99211,1.11801,0.05978,1.87674
239,86.84693,0.01657,Yakından incele · intro,True,True,-2.43485,2.21088,-1.94839,1.10253,0.05475,1.71915
240,86.86363,0.01670,Yakından incele · intro,True,True,-2.43873,2.18247,-1.91037,1.08907,0.04763,1.49564
241,86.88047,0.01684,Yakından incele · intro,True,True,-2.44210,2.15782,-1.87737,1.07739,0.04133,1.29783
242,86.89694,0.01647,Yakından incele · intro,True,True,-2.44491,2.13726,-1.84986,1.06765,0.03446,1.08208
243,86.91364,0.01670,Yakından incele · intro,True,True,-2.44710,2.12119,-1.82836,1.06004,0.02694,0.84580
244,86.93045,0.01680,Yakından incele · intro,True,True,-2.44874,2.10926,-1.81239,1.05439,0.02000,0.62682
245,86.94684,0.01639,Yakından incele · intro,True,True,-2.44968,2.10233,-1.80311,1.05110,0.01162,0.36262
246,86.96387,0.01703,Yakından incele · intro,False,True,-2.45000,2.10000,-1.80000,1.05000,0.00390,0.00000
247,86.98055,0.01668,Yakından incele · intro,False,True,-2.45000,2.10000,-1.80000,1.05000,0.00000,0.00000
248,86.99679,0.01624,Yakından incele · intro,False,True,-2.45000,2.10000,-1.80000,1.05000,0.00000,0.00000
249,87.01425,0.01746,Yakından incele · intro,False,True,-2.45000,2.10000,-1.80000,1.05000,0.00000,0.00000
250,87.03008,0.01583,Yakından incele · intro,False,True,-2.45000,2.10000,-1.80000,1.05000,0.00000,0.00000
251,87.04727,0.01719,Yakından incele · intro,False,True,-2.45000,2.10000,-1.80000,1.05000,0.00000,0.00000
252,87.06382,0.01655,Yakından incele · intro,False,True,-2.45000,2.10000,-1.80000,1.05000,0.00000,0.00000
253,87.08136,0.01754,Yakından incele · intro,False,True,-2.45000,2.10000,-1.80000,1.05000,0.00000,0.00000
254,87.09678,0.01542,Yakından incele · intro,False,True,-2.45000,2.10000,-1.80000,1.05000,0.00000,0.00000
255,87.11341,0.01663,Yakından incele · intro,False,True,-2.45000,2.10000,-1.80000,1.05000,0.00000,0.00000
256,87.13060,0.01719,Yakından incele · intro,False,True,-2.45000,2.10000,-1.80000,1.05000,0.00000,0.00000
257,87.14896,0.01837,Yakından incele · intro,False,True,-2.45000,2.10000,-1.80000,1.05000,0.00000,0.00000
258,87.16377,0.01481,Yakından incele · intro,False,True,-2.45000,2.10000,-1.80000,1.05000,0.00000,0.00000
259,87.18080,0.01702,Yakından incele · intro,False,True,-2.45000,2.10000,-1.80000,1.05000,0.00000,0.00000
260,87.19730,0.01650,Yakından incele · intro,False,True,-2.45000,2.10000,-1.80000,1.05000,0.00000,0.00000
261,87.21394,0.01664,Yakından incele · intro,False,True,-2.45000,2.10000,-1.80000,1.05000,0.00000,0.00000
262,87.23040,0.01647,Yakından incele · intro,False,True,-2.45000,2.10000,-1.80000,1.05000,0.00000,0.00000
263,87.24729,0.01689,Yakından incele · intro,False,True,-2.45000,2.10000,-1.80000,1.05000,0.00000,0.00000
264,87.26341,0.01612,Yakından incele · intro,False,True,-2.45000,2.10000,-1.80000,1.05000,0.00000,0.00000
265,87.28113,0.01772,Yakından incele · intro,False,True,-2.45000,2.10000,-1.80000,1.05000,0.00000,0.00000
266,87.31057,0.02944,Yakından incele · intro,False,True,-2.45000,2.10000,-1.80000,1.05000,0.00000,0.00000
267,87.32575,0.01518,Yakından incele · intro,False,True,-2.45000,2.10000,-1.80000,1.05000,0.00000,0.00000
268,87.34218,0.01643,Yakından incele · intro,False,True,-2.45000,2.10000,-1.80000,1.05000,0.00000,0.00000
269,87.35961,0.01742,Yakından incele · intro,False,True,-2.45000,2.10000,-1.80000,1.05000,0.00000,0.00000
270,87.37655,0.01694,Yakından incele · intro,False,True,-2.45000,2.10000,-1.80000,1.05000,0.00000,0.00000
271,87.39224,0.01569,Yakından incele · intro,False,True,-2.45000,2.10000,-1.80000,1.05000,0.00000,0.00000
272,87.40975,0.01751,Yakından incele · intro,False,True,-2.45000,2.10000,-1.80000,1.05000,0.00000,0.00000
273,87.42628,0.01653,Yakından incele · intro,False,True,-2.45000,2.10000,-1.80000,1.05000,0.00000,0.00000
274,87.44285,0.01657,Yakından incele · intro,False,True,-2.45000,2.10000,-1.80000,1.05000,0.00000,0.00000
275,87.45905,0.01620,Yakından incele · intro,False,True,-2.45000,2.10000,-1.80000,1.05000,0.00000,0.00000
276,87.47674,0.01769,Yakından incele · intro,False,True,-2.45000,2.10000,-1.80000,1.05000,0.00000,0.00000
277,87.49231,0.01557,Yakından incele · intro,False,True,-2.45000,2.10000,-1.80000,1.05000,0.00000,0.00000
278,87.50910,0.01680,Yakından incele · intro,False,True,-2.45000,2.10000,-1.80000,1.05000,0.00000,0.00000
279,87.52542,0.01632,Yakından incele · intro,False,True,-2.45000,2.10000,-1.80000,1.05000,0.00000,0.00000
280,87.54359,0.01816,Yakından incele · intro,False,True,-2.45000,2.10000,-1.80000,1.05000,0.00000,0.00000
281,87.55998,0.01639,Yakından incele · intro,False,True,-2.45000,2.10000,-1.80000,1.05000,0.00000,0.00000
282,87.57594,0.01596,Yakından incele · intro,False,True,-2.45000,2.10000,-1.80000,1.05000,0.00000,0.00000
283,87.59237,0.01643,Yakından incele · intro,False,True,-2.45000,2.10000,-1.80000,1.05000,0.00000,0.00000
284,87.60896,0.01660,Yakından incele · intro,False,True,-2.45000,2.10000,-1.80000,1.05000,0.00000,0.00000
285,87.62618,0.01721,Yakından incele · intro,False,True,-2.45000,2.10000,-1.80000,1.05000,0.00000,0.00000
286,87.64260,0.01642,Yakından incele · intro,False,True,-2.45000,2.10000,-1.80000,1.05000,0.00000,0.00000
287,87.65952,0.01692,Yakından incele · intro,False,True,-2.45000,2.10000,-1.80000,1.05000,0.00000,0.00000
288,87.67602,0.01651,Yakından incele · intro,False,True,-2.45000,2.10000,-1.80000,1.05000,0.00000,0.00000
289,87.69438,0.01835,Yakından incele · intro,False,True,-2.45000,2.10000,-1.80000,1.05000,0.00000,0.00000
290,87.70983,0.01545,Yakından incele · intro,False,True,-2.45000,2.10000,-1.80000,1.05000,0.00000,0.00000
291,87.72625,0.01643,Yakından incele · intro,False,True,-2.45000,2.10000,-1.80000,1.05000,0.00000,0.00000
292,87.74324,0.01699,Yakından incele · intro,False,True,-2.45000,2.10000,-1.80000,1.05000,0.00000,0.00000
293,87.75894,0.01570,Yakından incele · intro,False,True,-2.45000,2.10000,-1.80000,1.05000,0.00000,0.00000
294,87.77645,0.01752,Yakından incele · intro,False,True,-2.45000,2.10000,-1.80000,1.05000,0.00000,0.00000
295,87.79291,0.01645,Yakından incele · intro,False,True,-2.45000,2.10000,-1.80000,1.05000,0.00000,0.00000
296,87.80947,0.01656,Yakından incele · intro,False,True,-2.45000,2.10000,-1.80000,1.05000,0.00000,0.00000
297,87.82644,0.01697,Yakından incele · intro,False,True,-2.45000,2.10000,-1.80000,1.05000,0.00000,0.00000
298,87.84269,0.01625,Yakından incele · intro,False,True,-2.45000,2.10000,-1.80000,1.05000,0.00000,0.00000
299,87.85941,0.01672,Yakından incele · intro,False,True,-2.45000,2.10000,-1.80000,1.05000,0.00000,0.00000
300,87.87617,0.01676,Yakından incele · intro,False,True,-2.45000,2.10000,-1.80000,1.05000,0.00000,0.00000
301,87.89201,0.01584,Yakından incele · intro,False,True,-2.45000,2.10000,-1.80000,1.05000,0.00000,0.00000
302,87.90948,0.01747,Yakından incele · intro,False,True,-2.45000,2.10000,-1.80000,1.05000,0.00000,0.00000
303,87.92603,0.01655,Yakından incele · intro,False,True,-2.45000,2.10000,-1.80000,1.05000,0.00000,0.00000
304,87.94240,0.01637,Yakından incele · intro,False,True,-2.45000,2.10000,-1.80000,1.05000,0.00000,0.00000
305,87.95921,0.01680,Yakından incele · intro,False,True,-2.45000,2.10000,-1.80000,1.05000,0.00000,0.00000
306,87.97632,0.01711,Yakından incele · intro,False,True,-2.45000,2.10000,-1.80000,1.05000,0.00000,0.00000
307,87.99329,0.01697,Yakından incele · intro,False,True,-2.45000,2.10000,-1.80000,1.05000,0.00000,0.00000
308,88.00957,0.01629,Yakından incele · intro,False,True,-2.45000,2.10000,-1.80000,1.05000,0.00000,0.00000
309,88.02621,0.01664,Yakından incele · intro,False,True,-2.45000,2.10000,-1.80000,1.05000,0.00000,0.00000
310,88.04230,0.01609,Yakından incele · intro,False,True,-2.45000,2.10000,-1.80000,1.05000,0.00000,0.00000
311,88.06009,0.01779,Yakından incele · intro,False,True,-2.45000,2.10000,-1.80000,1.05000,0.00000,0.00000
312,88.07596,0.01586,Yakından incele · intro,False,True,-2.45000,2.10000,-1.80000,1.05000,0.00000,0.00000
313,88.09313,0.01718,Yakından incele · intro,False,True,-2.45000,2.10000,-1.80000,1.05000,0.00000,0.00000
314,88.10955,0.01642,Yakından incele · intro,False,True,-2.45000,2.10000,-1.80000,1.05000,0.00000,0.00000
315,88.12694,0.01739,Yakından incele · intro,False,True,-2.45000,2.10000,-1.80000,1.05000,0.00000,0.00000
316,88.14347,0.01653,Yakından incele · intro,False,True,-2.45000,2.10000,-1.80000,1.05000,0.00000,0.00000
317,88.15968,0.01620,Yakından incele · intro,False,True,-2.45000,2.10000,-1.80000,1.05000,0.00000,0.00000
318,88.17627,0.01659,Yakından incele · intro,False,True,-2.45000,2.10000,-1.80000,1.05000,0.00000,0.00000
319,88.19440,0.01813,Yakından incele · introCarry,True,True,-2.44971,2.10248,-1.80340,1.05118,0.00422,0.00000
320,88.20989,0.01549,Yakından incele · introCarry,True,True,-2.44888,2.10954,-1.81309,1.05455,0.01201,0.37115
321,88.22687,0.01698,Yakından incele · introCarry,True,True,-2.44751,2.12120,-1.82909,1.06011,0.01984,0.61802
322,88.24391,0.01704,Yakından incele · introCarry,True,True,-2.44556,2.13778,-1.85186,1.06802,0.02824,0.87848
323,88.26037,0.01646,Yakından incele · introCarry,True,True,-2.44321,2.15774,-1.87925,1.07754,0.03397,1.05646
324,88.27680,0.01643,Yakından incele · introCarry,True,True,-2.44026,2.18287,-1.91374,1.08952,0.04277,1.33117
325,88.29347,0.01667,Yakından incele · introCarry,True,True,-2.43697,2.21081,-1.95208,1.10285,0.04756,1.48039
326,88.30985,0.01638,Yakından incele · introCarry,True,True,-2.43314,2.24339,-1.99681,1.11839,0.05547,1.72642
327,88.32749,0.01764,Yakından incele · introCarry,True,True,-2.42887,2.27974,-2.04669,1.13572,0.06188,1.92614
328,88.34385,0.01636,Yakından incele · introCarry,True,True,-2.42428,2.31871,-2.10018,1.15431,0.06634,2.06499
329,88.36117,0.01731,Yakından incele · introCarry,True,True,-2.41906,2.36312,-2.16113,1.17549,0.07559,2.35339
330,88.37684,0.01568,Yakından incele · introCarry,True,True,-2.41381,2.40779,-2.22244,1.19679,0.07605,2.36732
331,88.39404,0.01720,Yakından incele · introCarry,True,True,-2.40799,2.45725,-2.29033,1.22038,0.08420,2.62120
332,88.41161,0.01757,Yakından incele · introCarry,True,True,-2.40149,2.51254,-2.36622,1.24675,0.09411,2.92974
333,88.42126,0.00964,Yakından incele · introCarry,True,True,-2.39744,2.54696,-2.41346,1.26317,0.05859,1.82386
334,88.44290,0.02164,Yakından incele · introCarry,True,True,-2.38869,2.62145,-2.51569,1.29869,0.12679,3.94736
335,88.46002,0.01712,Yakından incele · introCarry,True,True,-2.38170,2.68083,-2.59720,1.32701,0.10109,3.14717
336,88.47696,0.01695,Yakından incele · introCarry,True,True,-2.37420,2.74466,-2.68479,1.35745,0.10864,3.38215
337,88.49311,0.01615,Yakından incele · introCarry,True,True,-2.36688,2.80693,-2.77027,1.38715,0.10601,3.30015
338,88.50975,0.01664,Yakından incele · introCarry,True,True,-2.35903,2.87369,-2.86190,1.41899,0.11364,3.53781
339,88.52670,0.01695,Yakından incele · introCarry,True,True,-2.35113,2.94084,-2.95405,1.45101,0.11429,3.55833
340,88.54540,0.01870,Yakından incele · introCarry,True,True,-2.34267,3.01283,-3.05286,1.48535,0.12255,3.81525
341,88.55524,0.00984,Yakından incele · introCarry,True,True,-2.33688,3.06208,-3.12046,1.50884,0.08384,2.60953
342,88.57686,0.02162,Yakından incele · introCarry,True,True,-2.32587,3.15570,-3.24896,1.55349,0.15937,4.96146
343,88.59375,0.01689,Yakından incele · introCarry,True,True,-2.31743,3.22748,-3.34747,1.58772,0.12218,3.80353
344,88.61079,0.01704,Yakından incele · introCarry,True,True,-2.30839,3.30434,-3.45297,1.62438,0.13084,4.07326
345,88.62729,0.01649,Yakından incele · introCarry,True,True,-2.29956,3.37940,-3.55599,1.66018,0.12777,3.97758
346,88.64504,0.01776,Yakından incele · introCarry,True,True,-2.29053,3.45621,-3.66141,1.69681,0.13075,4.07019
347,88.65519,0.01015,Yakından incele · introCarry,True,True,-2.28450,3.50749,-3.73179,1.72126,0.08729,2.71709
348,88.67724,0.02205,Yakından incele · introCarry,True,True,-2.27264,3.60838,-3.87026,1.76938,0.17174,5.34640
349,88.69337,0.01614,Yakından incele · introCarry,True,True,-2.26366,3.68476,-3.97509,1.80581,0.13001,4.04743
350,88.70999,0.01662,Yakından incele · introCarry,True,True,-2.25437,3.76379,-4.08356,1.84350,0.13453,4.18811
351,88.72700,0.01701,Yakından incele · introCarry,True,True,-2.24543,3.83982,-4.18792,1.87976,0.12943,4.02921
352,88.74330,0.01630,Yakından incele · introCarry,True,True,-2.23623,3.91802,-4.29525,1.91706,0.13312,4.14452
353,88.76012,0.01682,Yakından incele · introCarry,True,True,-2.22728,3.99415,-4.39973,1.95336,0.12958,4.03406
354,88.77677,0.01666,Yakından incele · introCarry,True,True,-2.21834,4.07015,-4.50405,1.98961,0.12938,4.02765
355,88.79400,0.01722,Yakından incele · introCarry,True,True,-2.20933,4.14677,-4.60920,2.02615,0.13041,4.05998
356,88.81037,0.01637,Yakından incele · introCarry,True,True,-2.20056,4.22140,-4.71164,2.06175,0.12705,3.95508
357,88.82811,0.01774,Yakından incele · introCarry,True,True,-2.19208,4.29348,-4.81056,2.09612,0.12269,3.81914
358,88.84345,0.01535,Yakından incele · introCarry,True,True,-2.18354,4.36612,-4.91027,2.13077,0.12367,3.84977
359,88.85971,0.01626,Yakından incele · introCarry,True,True,-2.17533,4.43596,-5.00612,2.16407,0.11887,3.70068
360,88.87635,0.01664,Yakından incele · introCarry,True,True,-2.16707,4.50620,-5.10252,2.19757,0.11957,3.72240
361,88.89366,0.01731,Yakından incele · introCarry,True,True,-2.15889,4.57577,-5.19801,2.23075,0.11843,3.68690
362,88.91010,0.01644,Yakından incele · introCarry,True,True,-2.15116,4.64148,-5.28820,2.26209,0.11186,3.48228
363,88.92743,0.01733,Yakından incele · introCarry,True,True,-2.14350,4.70667,-5.37767,2.29318,0.11096,3.45429
364,88.94316,0.01573,Yakından incele · introCarry,True,True,-2.13641,4.76699,-5.46046,2.32195,0.10268,3.19628
365,88.95985,0.01670,Yakından incele · introCarry,True,True,-2.12929,4.82751,-5.54353,2.35081,0.10303,3.20729
366,88.97686,0.01700,Yakından incele · introCarry,True,True,-2.12247,4.88552,-5.62314,2.37848,0.09874,3.07369
367,88.99345,0.01660,Yakından incele · introCarry,True,True,-2.11605,4.94009,-5.69805,2.40451,0.09290,2.89182
368,89.00987,0.01642,Yakından incele · introCarry,True,True,-2.11001,4.99147,-5.76857,2.42901,0.08746,2.72256
369,89.02649,0.01662,Yakından incele · introCarry,True,True,-2.10430,5.04002,-5.83519,2.45216,0.08263,2.57237
370,89.04383,0.01734,Yakından incele · introCarry,True,True,-2.09870,5.08762,-5.90053,2.47487,0.08103,2.52259
371,89.07224,0.02841,Yakından incele · introCarry,True,True,-2.09363,5.13079,-5.95978,2.49546,0.07349,2.28762
372,89.08293,0.01069,Yakından incele · introCarry,True,True,-2.08763,5.18177,-6.02974,2.51977,0.08677,2.70120
373,89.09887,0.01594,Yakından incele · introCarry,True,True,-2.08358,5.21625,-6.07708,2.53621,0.05871,1.82772
374,89.11541,0.01654,Yakından incele · introCarry,True,True,-2.07985,5.24793,-6.12056,2.55132,0.05392,1.67860
375,89.13190,0.01649,Yakından incele · introCarry,True,True,-2.07670,5.27479,-6.15742,2.56413,0.04572,1.42379
376,89.14856,0.01666,Yakından incele · introCarry,True,True,-2.07399,5.29780,-6.18900,2.57511,0.03917,1.21947
377,89.16475,0.01619,Yakından incele · introCarry,True,True,-2.07170,5.31727,-6.21572,2.58439,0.03313,1.03097
378,89.18247,0.01771,Yakından incele · introCarry,True,True,-2.06991,5.33247,-6.23659,2.59164,0.02588,0.80502
379,89.19837,0.01590,Yakından incele · introCarry,True,True,-2.06869,5.34286,-6.25085,2.59660,0.01768,0.54965
380,89.21571,0.01734,Yakından incele · introCarry,True,True,-2.06801,5.34871,-6.25887,2.59938,0.00995,0.30901
381,89.23188,0.01617,Yakından incele · introCarry,False,True,-2.06785,5.35000,-6.26065,2.60000,0.00220,0.00000
382,89.25464,0.02276,Yakından incele · introCarry,False,True,-2.06785,5.35000,-6.26065,2.60000,0.00000,0.00000
383,89.28444,0.02980,Yakından incele · introCarry,False,True,-2.06693,5.34982,-6.25977,2.60000,0.00128,0.00000
384,89.29617,0.01173,Yakından incele · introCarry,False,True,-2.06614,5.34966,-6.25901,2.60000,0.00110,0.00000
385,89.30748,0.01131,Yakından incele · introCarry,False,True,-2.06506,5.34946,-6.25797,2.60000,0.00152,0.00000
386,89.32830,0.02081,Yakından incele · introCarry,False,True,-2.06198,5.34889,-6.25498,2.60000,0.00433,0.00000
387,89.34635,0.01805,Yakından incele · introCarry,False,True,-2.05805,5.34820,-6.25112,2.60000,0.00555,0.00000
388,89.35775,0.01140,Yakından incele · introCarry,False,True,-2.05491,5.34768,-6.24798,2.60000,0.00447,0.00000
389,89.37931,0.02157,Yakından incele · introCarry,False,True,-2.04757,5.34648,-6.24065,2.60000,0.01044,0.00000
390,89.39069,0.01138,Yakından incele · introCarry,False,True,-2.04302,5.34579,-6.23602,2.60000,0.00653,0.00000
391,89.41231,0.02162,Yakından incele · introCarry,False,True,-2.03254,5.34422,-6.22535,2.60000,0.01504,0.00000
392,89.42362,0.01130,Yakından incele · introCarry,False,True,-2.02653,5.34339,-6.21911,2.60000,0.00870,0.00000
393,89.44616,0.02255,Yakından incele · introCarry,False,True,-2.01266,5.34146,-6.20476,2.60000,0.02005,0.00000
394,89.45752,0.01135,Yakından incele · introCarry,False,True,-2.00447,5.34042,-6.19615,2.60000,0.01193,0.00000
395,89.47811,0.02059,Yakından incele · introCarry,False,True,-1.98892,5.33846,-6.17978,2.60000,0.02267,0.00000
396,89.49450,0.01639,Yakından incele · introCarry,False,True,-1.97504,5.33685,-6.16496,2.60000,0.02036,0.00000
397,89.51147,0.01698,Yakından incele · introCarry,False,True,-1.96072,5.33530,-6.14953,2.60000,0.02111,0.00000
398,89.52907,0.01760,Yakından incele · introCarry,False,True,-1.94532,5.33375,-6.13276,2.60000,0.02282,0.00000
399,89.54050,0.01142,Yakından incele · introCarry,False,True,-1.93426,5.33274,-6.12057,2.60000,0.01649,0.00000
400,89.56143,0.02093,Yakından incele · introCarry,False,True,-1.91362,5.33087,-6.09780,2.60000,0.03079,0.00000
401,89.57804,0.01661,Yakından incele · introCarry,False,True,-1.89804,5.32965,-6.08034,2.60000,0.02344,0.00000
402,89.59545,0.01741,Yakından incele · introCarry,False,True,-1.88116,5.32842,-6.06131,2.60000,0.02547,0.00000
403,89.60677,0.01132,Yakından incele · introCarry,False,True,-1.86938,5.32767,-6.04787,2.60000,0.01788,0.00000
404,89.62790,0.02113,Yakından incele · introCarry,False,True,-1.84746,5.32623,-6.02291,2.60000,0.03325,0.00000
405,89.64462,0.01673,Yakından incele · introCarry,False,True,-1.83066,5.32531,-6.00353,2.60000,0.02566,0.00000
406,89.66125,0.01663,Yakından incele · introCarry,False,True,-1.81320,5.32443,-5.98328,2.60000,0.02674,0.00000
407,89.67802,0.01676,Yakından incele · introCarry,False,True,-1.79600,5.32365,-5.96321,2.60000,0.02645,0.00000
408,89.69450,0.01649,Yakından incele · introCarry,False,True,-1.77847,5.32292,-5.94267,2.60000,0.02701,0.00000
409,89.71078,0.01628,Yakından incele · introCarry,False,True,-1.76154,5.32229,-5.92272,2.60000,0.02617,0.00000
410,89.72712,0.01634,Yakından incele · introCarry,False,True,-1.74414,5.32169,-5.90214,2.60000,0.02696,0.00000
411,89.74535,0.01822,Yakından incele · introCarry,False,True,-1.72543,5.32109,-5.87995,2.60000,0.02904,0.00000
412,89.75697,0.01162,Yakından incele · introCarry,False,True,-1.71336,5.32081,-5.86549,2.60000,0.01884,0.00000
413,89.77804,0.02108,Yakından incele · introCarry,False,True,-1.69060,5.32013,-5.83845,2.60000,0.03535,0.00000
414,89.79458,0.01654,Yakından incele · introCarry,False,True,-1.67271,5.31973,-5.81698,2.60000,0.02795,0.00000
415,89.81197,0.01739,Yakından incele · introCarry,False,True,-1.65448,5.31936,-5.79506,2.60000,0.02851,0.00000
416,89.82328,0.01131,Yakından incele · introCarry,False,True,-1.64236,5.31920,-5.78036,2.60000,0.01905,0.00000
417,89.84508,0.02180,Yakından incele · introCarry,False,True,-1.61952,5.31873,-5.75293,2.60000,0.03570,0.00000
418,89.85719,0.01211,Yakından incele · introCarry,False,True,-1.60676,5.31861,-5.73740,2.60000,0.02010,0.00000
419,89.87872,0.02153,Yakından incele · introCarry,False,True,-1.58302,5.31818,-5.70876,2.60000,0.03720,0.00000
420,89.88978,0.01106,Yakından incele · introCarry,False,True,-1.57075,5.31812,-5.69375,2.60000,0.01939,0.00000
421,89.91265,0.02286,Yakından incele · introCarry,False,True,-1.54620,5.31774,-5.66406,2.60000,0.03852,0.00000
422,89.92453,0.01188,Yakından incele · introCarry,False,True,-1.53408,5.31772,-5.64919,2.60000,0.01919,0.00000
423,89.94553,0.02100,Yakından incele · introCarry,False,True,-1.51115,5.31745,-5.62134,2.60000,0.03608,0.00000
424,89.95673,0.01120,Yakından incele · introCarry,False,True,-1.49909,5.31744,-5.60650,2.60000,0.01912,0.00000
425,89.97839,0.02166,Yakından incele · introCarry,False,True,-1.47604,5.31721,-5.57846,2.60000,0.03630,0.00000
426,89.99517,0.01678,Yakından incele · introCarry,False,True,-1.45771,5.31712,-5.55601,2.60000,0.02898,0.00000
427,90.01202,0.01685,Yakından incele · introCarry,False,True,-1.43994,5.31706,-5.53423,2.60000,0.02810,0.00000
428,90.02333,0.01131,Yakından incele · introCarry,False,True,-1.42791,5.31708,-5.51939,2.60000,0.01911,0.00000
429,90.04540,0.02206,Yakından incele · introCarry,False,True,-1.40452,5.31687,-5.49089,2.60000,0.03687,0.00000
430,90.05779,0.01239,Yakından incele · introCarry,False,True,-1.39197,5.31691,-5.47540,2.60000,0.01993,0.00000
431,90.07887,0.02108,Yakından incele · introCarry,False,True,-1.36832,5.31672,-5.44654,2.60000,0.03731,0.00000
432,90.09096,0.01209,Yakından incele · introCarry,False,True,-1.35628,5.31678,-5.43165,2.60000,0.01915,0.00000
433,90.11178,0.02082,Yakından incele · introCarry,False,True,-1.33258,5.31661,-5.40271,2.60000,0.03741,0.00000
434,90.12854,0.01676,Yakından incele · introCarry,False,True,-1.31482,5.31661,-5.38086,2.60000,0.02816,0.00000
435,90.14533,0.01679,Yakından incele · introCarry,False,True,-1.29696,5.31659,-5.35889,2.60000,0.02831,0.00000
436,90.16068,0.01535,Yakından incele · introCarry,False,True,-1.28068,5.31660,-5.33883,2.60000,0.02584,0.00000
437,90.17866,0.01799,Yakından incele · introCarry,False,True,-1.26124,5.31655,-5.31499,2.60000,0.03076,0.00000
438,90.19530,0.01664,Yakından incele · introCarry,False,True,-1.24387,5.31654,-5.29361,2.60000,0.02754,0.00000
439,90.21545,0.02015,Yakından incele · introCarry,False,True,-1.22364,5.31648,-5.26879,2.60000,0.03202,0.00000
440,90.22927,0.01382,Yakından incele · introCarry,False,True,-1.20925,5.31652,-5.25102,2.60000,0.02287,0.00000
441,90.24348,0.01421,Yakından incele · introCarry,False,True,-1.19475,5.31655,-5.23313,2.60000,0.02303,0.00000
442,90.26448,0.02101,Yakından incele · introCarry,False,True,-1.17112,5.31641,-5.20426,2.60000,0.03730,0.00000
443,90.27776,0.01328,Yakından incele · introCarry,False,True,-1.15688,5.31645,-5.18666,2.60000,0.02264,0.00000
444,90.29294,0.01517,Yakından incele · introCarry,False,True,-1.14152,5.31648,-5.16772,2.60000,0.02439,0.00000
445,90.31307,0.02013,Yakından incele · introCarry,False,True,-1.11813,5.31635,-5.13910,2.60000,0.03696,0.00000
446,90.32702,0.01395,Yakından incele · introCarry,False,True,-1.10460,5.31643,-5.12234,2.60000,0.02154,0.00000
447,90.34055,0.01354,Yakından incele · introCarry,False,True,-1.09007,5.31651,-5.10434,2.60000,0.02314,0.00000
448,90.36566,0.02511,Yakından incele · introCarry,False,True,-1.06419,5.31650,-5.07250,2.60000,0.04103,0.00000
449,90.37982,0.01416,Yakından incele · introCarry,False,True,-1.04925,5.31671,-5.05381,2.60000,0.02393,0.00000
450,90.39282,0.01300,Yakından incele · introCarry,False,True,-1.03627,5.31696,-5.03748,2.60000,0.02086,0.00000
451,90.41465,0.02183,Yakından incele · introCarry,False,True,-1.01576,5.31727,-5.01179,2.60000,0.03288,0.00000
452,90.43235,0.01771,Yakından incele · introCarry,False,True,-0.99971,5.31768,-4.99147,2.60000,0.02589,0.00000
453,90.44490,0.01255,Yakından incele · introCarry,False,True,-0.98819,5.31808,-4.97710,2.60000,0.01842,0.00000
454,90.46434,0.01944,Yakından incele · introCarry,False,True,-0.97015,5.31867,-4.95596,2.60000,0.02780,0.00000
455,90.47721,0.01286,Yakından incele · introCarry,False,True,-0.95797,5.31921,-4.94241,2.60000,0.01823,0.00000
456,90.49890,0.02169,Yakından incele · introCarry,False,True,-0.93606,5.32013,-4.92078,2.60000,0.03081,0.00000
457,90.51162,0.01272,Yakından incele · introCarry,False,True,-0.92288,5.32084,-4.90874,2.60000,0.01786,0.00000
458,90.53332,0.02170,Yakından incele · introCarry,False,True,-0.90132,5.32196,-4.89175,2.60000,0.02748,0.00000
459,90.54602,0.01270,Yakından incele · introCarry,False,True,-0.88392,5.32297,-4.87960,2.60000,0.02125,0.00000
460,90.55964,0.01362,Yakından incele · introCarry,False,True,-0.86863,5.32390,-4.87009,2.60000,0.01802,0.00000
461,90.60566,0.04602,Yakından incele · introCarry,False,True,-0.79717,5.32748,-4.84019,2.60000,0.07755,0.00000
462,90.61740,0.01174,Yakından incele · introCarry,False,True,-0.78072,5.32857,-4.83379,2.60000,0.01769,0.00000
463,90.62860,0.01121,Yakından incele · introCarry,False,True,-0.76508,5.32956,-4.82838,2.60000,0.01657,0.00000
464,90.64037,0.01177,Yakından incele · introCarry,False,True,-0.74896,5.33054,-4.82336,2.60000,0.01691,0.00000
465,90.65804,0.01766,Yakından incele · introCarry,False,True,-0.72150,5.33205,-4.81611,2.60000,0.02844,0.00000
466,90.67496,0.01692,Yakından incele · introCarry,False,True,-0.69602,5.33336,-4.81018,2.60000,0.02620,0.00000
467,90.69202,0.01706,Yakından incele · introCarry,False,True,-0.67043,5.33460,-4.80488,2.60000,0.02616,0.00000
468,90.70344,0.01142,Yakından incele · introCarry,False,True,-0.65276,5.33542,-4.80149,2.60000,0.01801,0.00000
469,90.72885,0.02541,Yakından incele · introCarry,False,True,-0.61531,5.33691,-4.79534,2.60000,0.03798,0.00000
470,90.74119,0.01234,Yakından incele · introCarry,False,True,-0.59283,5.33778,-4.79189,2.60000,0.02276,0.00000
471,90.75227,0.01108,Yakından incele · introCarry,False,True,-0.57336,5.33849,-4.78911,2.60000,0.01968,0.00000
472,90.77678,0.02451,Yakından incele · introCarry,False,True,-0.53315,5.33973,-4.78410,2.60000,0.04054,0.00000
473,90.78879,0.01202,Yakından incele · introCarry,False,True,-0.51371,5.34031,-4.78177,2.60000,0.01958,0.00000
474,90.81038,0.02159,Yakından incele · introCarry,False,True,-0.47796,5.34124,-4.77793,2.60000,0.03597,0.00000
475,90.82246,0.01208,Yakından incele · introCarry,False,True,-0.45855,5.34173,-4.77593,2.60000,0.01952,0.00000
476,90.84199,0.01953,Yakından incele · introCarry,False,True,-0.42342,5.34248,-4.77262,2.60000,0.03529,0.00000
477,90.85489,0.01290,Yakından incele · introCarry,False,True,-0.40498,5.34286,-4.77094,2.60000,0.01852,0.00000
478,90.87762,0.02273,Yakından incele · introCarry,False,True,-0.36505,5.34355,-4.76761,2.60000,0.04007,0.00000
479,90.88823,0.01060,Yakından incele · introCarry,False,True,-0.34567,5.34388,-4.76603,2.60000,0.01945,0.00000
480,90.90799,0.01976,Yakından incele · introCarry,False,True,-0.31217,5.34436,-4.76348,2.60000,0.03359,0.00000
481,90.92470,0.01671,Yakından incele · introCarry,False,True,-0.28482,5.34472,-4.76147,2.60000,0.02743,0.00000
482,90.94311,0.01841,Yakından incele · introCarry,False,True,-0.25580,5.34506,-4.75943,2.60000,0.02910,0.00000
483,90.95484,0.01173,Yakından incele · introCarry,False,True,-0.23488,5.34529,-4.75799,2.60000,0.02097,0.00000
484,90.97460,0.01976,Yakından incele · introCarry,False,True,-0.19999,5.34561,-4.75571,2.60000,0.03497,0.00000
485,90.99245,0.01785,Yakından incele · introCarry,False,True,-0.17115,5.34586,-4.75387,2.60000,0.02889,0.00000
486,91.00367,0.01122,Yakından incele · introCarry,False,True,-0.15215,5.34602,-4.75267,2.60000,0.01904,0.00000
487,91.02569,0.02202,Yakından incele · introCarry,False,True,-0.11423,5.34627,-4.75039,2.60000,0.03799,0.00000
488,91.03805,0.01235,Yakından incele · introCarry,False,True,-0.09559,5.34639,-4.74927,2.60000,0.01867,0.00000
489,91.05796,0.01991,Yakından incele · introCarry,False,True,-0.05872,5.34658,-4.74714,2.60000,0.03694,0.00000
490,91.07572,0.01776,Yakından incele · introCarry,False,True,-0.03093,5.34672,-4.74556,2.60000,0.02784,0.00000
491,91.08667,0.01096,Yakından incele · introCarry,False,True,-0.01083,5.34682,-4.74441,2.60000,0.02013,0.00000
492,91.10948,0.02281,Yakından incele · introCarry,False,True,0.02682,5.34696,-4.74234,2.60000,0.03771,0.00000
493,91.12065,0.01117,Yakından incele · introCarry,False,True,0.04659,5.34704,-4.74125,2.60000,0.01980,0.00000
494,91.14359,0.02293,Yakından incele · introCarry,False,True,0.08381,5.34715,-4.73925,2.60000,0.03728,0.00000
495,91.15423,0.01065,Yakından incele · introCarry,False,True,0.10462,5.34721,-4.73813,2.60000,0.02084,0.00000
496,91.17720,0.02296,Yakından incele · introCarry,False,True,0.14208,5.34730,-4.73616,2.60000,0.03751,0.00000
497,91.18951,0.01231,Yakından incele · introCarry,False,True,0.16184,5.34735,-4.73511,2.60000,0.01979,0.00000
498,91.20987,0.02037,Yakından incele · introCarry,False,True,0.19627,5.34741,-4.73332,2.60000,0.03448,0.00000
499,91.22097,0.01110,Yakından incele · introCarry,False,True,0.21742,5.34746,-4.73222,2.60000,0.02118,0.00000
500,91.24209,0.02112,Yakından incele · introCarry,False,True,0.25306,5.34751,-4.73039,2.60000,0.03568,0.00000
501,91.25301,0.01092,Yakından incele · introCarry,False,True,0.27168,5.34754,-4.72943,2.60000,0.01865,0.00000
502,91.27425,0.02124,Yakından incele · introCarry,False,True,0.30886,5.34758,-4.72754,2.60000,0.03723,0.00000
503,91.29105,0.01680,Yakından incele · introCarry,False,True,0.33617,5.34762,-4.72614,2.60000,0.02734,0.00000
504,91.30762,0.01657,Yakından incele · introCarry,False,True,0.36390,5.34766,-4.72473,2.60000,0.02777,0.00000
505,91.32404,0.01641,Yakından incele · introCarry,False,True,0.39019,5.34769,-4.72339,2.60000,0.02632,0.00000
506,91.34226,0.01823,Yakından incele · introCarry,False,True,0.41768,5.34773,-4.72198,2.60000,0.02752,0.00000
507,91.35333,0.01106,Yakından incele · introCarry,False,True,0.43470,5.34776,-4.72110,2.60000,0.01704,0.00000
508,91.37429,0.02097,Yakından incele · introCarry,False,True,0.46743,5.34781,-4.71943,2.60000,0.03277,0.00000
509,91.40295,0.02865,Yakından incele · introCarry,False,True,0.49129,5.34785,-4.71820,2.60000,0.02389,0.00000
510,91.41526,0.01231,Yakından incele · introCarry,False,True,0.52598,5.34791,-4.71641,2.60000,0.03474,0.00000
511,91.42623,0.01097,Yakından incele · introCarry,False,True,0.53996,5.34798,-4.71585,2.60000,0.01399,0.00000
512,91.44712,0.02090,Yakından incele · introCarry,False,True,0.56770,5.34829,-4.71561,2.60000,0.02774,0.00000
513,91.46381,0.01669,Yakından incele · introCarry,False,True,0.58834,5.34869,-4.71625,2.60000,0.02066,0.00000
514,91.48066,0.01685,Yakından incele · introCarry,False,True,0.60837,5.34926,-4.71791,2.60000,0.02010,0.00000
515,91.49857,0.01791,Yakından incele · introCarry,False,True,0.62847,5.35004,-4.72088,2.60000,0.02033,0.00000
516,91.50914,0.01058,Yakından incele · introCarry,False,True,0.64058,5.35060,-4.72332,2.60000,0.01236,0.00000
517,91.53055,0.02141,Yakından incele · introCarry,False,True,0.66366,5.35202,-4.73028,2.60000,0.02415,0.00000
518,91.54675,0.01619,Yakından incele · introCarry,False,True,0.67992,5.35320,-4.73680,2.60000,0.01756,0.00000
519,91.56434,0.01759,Yakından incele · introCarry,False,True,0.69625,5.35463,-4.74530,2.60000,0.01846,0.00000
520,91.58023,0.01589,Yakından incele · introCarry,False,True,0.71068,5.35609,-4.75473,2.60000,0.01730,0.00000
521,91.59811,0.01788,Yakından incele · introCarry,False,True,0.72487,5.35778,-4.76637,2.60000,0.01843,0.00000
522,91.60937,0.01126,Yakından incele · introCarry,False,True,0.73334,5.35887,-4.77452,2.60000,0.01181,0.00000
523,91.63062,0.02126,Yakından incele · introCarry,False,True,0.74813,5.36127,-4.79294,2.60000,0.02374,0.00000
524,91.64799,0.01736,Yakından incele · introCarry,False,True,0.75805,5.36313,-4.80876,2.60000,0.01877,0.00000
525,91.65899,0.01101,Yakından incele · introCarry,False,True,0.76366,5.36428,-4.81953,2.60000,0.01220,0.00000
526,91.68093,0.02194,Yakından incele · introCarry,False,True,0.77310,5.36672,-4.84270,2.60000,0.02513,0.00000
527,91.69202,0.01108,Yakından incele · introCarry,False,True,0.77729,5.36784,-4.85510,2.60000,0.01314,0.00000
528,91.71455,0.02254,Yakından incele · introCarry,False,True,0.78446,5.37023,-4.88165,2.60000,0.02761,0.00000
529,91.72622,0.01167,Yakından incele · introCarry,False,True,0.78767,5.37113,-4.89427,2.60000,0.01305,0.00000
530,91.74780,0.02158,Yakından incele · introCarry,False,True,0.79386,5.37314,-4.92172,2.60000,0.02821,0.00000
531,91.75893,0.01113,Yakından incele · introCarry,False,True,0.79652,5.37395,-4.93542,2.60000,0.01398,0.00000
532,91.78161,0.02269,Yakından incele · introCarry,False,True,0.80071,5.37589,-4.96578,2.60000,0.03071,0.00000
533,91.79224,0.01062,Yakından incele · introCarry,False,True,0.80248,5.37655,-4.97963,2.60000,0.01397,0.00000
534,91.81494,0.02270,Yakından incele · introCarry,False,True,0.80575,5.37802,-5.00910,2.60000,0.02969,0.00000
535,91.82694,0.01200,Yakından incele · introCarry,False,True,0.80718,5.37856,-5.02450,2.60000,0.01547,0.00000
536,91.84828,0.02134,Yakından incele · introCarry,False,True,0.80894,5.37960,-5.05295,2.60000,0.02852,0.00000
537,91.85923,0.01096,Yakından incele · introCarry,False,True,0.80959,5.37995,-5.06798,2.60000,0.01505,0.00000
538,91.88104,0.02180,Yakından incele · introCarry,False,True,0.81006,5.38078,-5.09713,2.60000,0.02916,0.00000
539,91.89791,0.01687,Yakından incele · introCarry,False,True,0.80998,5.38126,-5.11923,2.60000,0.02210,0.00000
540,91.90997,0.01206,Yakından incele · introCarry,False,True,0.80972,5.38153,-5.13510,2.60000,0.01588,0.00000
541,91.93069,0.02072,Yakından incele · introCarry,False,True,0.80861,5.38218,-5.16468,2.60000,0.02960,0.00000
542,91.94762,0.01693,Yakından incele · introCarry,False,True,0.80785,5.38245,-5.18667,2.60000,0.02201,0.00000
543,91.96336,0.01574,Yakından incele · introCarry,False,True,0.80705,5.38270,-5.20839,2.60000,0.02174,0.00000
544,91.98019,0.01683,Yakından incele · introCarry,False,True,0.80606,5.38292,-5.23070,2.60000,0.02233,0.00000
545,91.99790,0.01772,Yakından incele · introCarry,False,True,0.80489,5.38305,-5.25364,2.60000,0.02297,0.00000
546,92.00888,0.01097,Yakından incele · introCarry,False,True,0.80412,5.38300,-5.26774,2.60000,0.01411,0.00000
547,92.03067,0.02179,Yakından incele · introCarry,False,True,0.80230,5.38313,-5.29658,2.60000,0.02890,0.00000
548,92.04680,0.01612,Yakından incele · introCarry,False,True,0.80085,5.38310,-5.31800,2.60000,0.02147,0.00000
549,92.06513,0.01833,Yakından incele · introCarry,False,True,0.79920,5.38308,-5.34024,2.60000,0.02230,0.00000
550,92.07686,0.01173,Yakından incele · introCarry,False,True,0.79806,5.38300,-5.35488,2.60000,0.01469,0.00000
551,92.09722,0.02036,Yakından incele · introCarry,False,True,0.79574,5.38312,-5.38298,2.60000,0.02820,0.00000
552,92.11353,0.01630,Yakından incele · introCarry,False,True,0.79392,5.38311,-5.40435,2.60000,0.02144,0.00000
553,92.13018,0.01665,Yakından incele · introCarry,False,True,0.79201,5.38312,-5.42596,2.60000,0.02169,0.00000
554,92.14780,0.01763,Yakından incele · introCarry,False,True,0.79001,5.38313,-5.44802,2.60000,0.02215,0.00000
555,92.16352,0.01572,Yakından incele · introCarry,False,True,0.78806,5.38313,-5.46901,2.60000,0.02109,0.00000
556,92.18138,0.01786,Yakından incele · introCarry,False,True,0.78595,5.38316,-5.49149,2.60000,0.02257,0.00000
557,92.19173,0.01035,Yakından incele · introCarry,False,True,0.78464,5.38309,-5.50591,2.60000,0.01448,0.00000
558,92.21300,0.02127,Yakından incele · introCarry,False,True,0.78217,5.38322,-5.53427,2.60000,0.02847,0.00000
559,92.22982,0.01682,Yakından incele · introCarry,False,True,0.78045,5.38322,-5.55599,2.60000,0.02178,0.00000
560,92.24781,0.01799,Yakından incele · introCarry,False,True,0.77900,5.38327,-5.57861,2.60000,0.02267,0.00000
561,92.26378,0.01597,Yakından incele · introCarry,False,True,0.77811,5.38334,-5.60031,2.60000,0.02172,0.00000
562,92.28066,0.01688,Yakından incele · introCarry,False,True,0.77782,5.38344,-5.62265,2.60000,0.02234,0.00000
563,92.29687,0.01621,Yakından incele · introCarry,False,True,0.77832,5.38357,-5.64442,2.60000,0.02178,0.00000
564,92.31401,0.01714,Yakından incele · introCarry,False,True,0.77994,5.38379,-5.66828,2.60000,0.02391,0.00000
565,92.32975,0.01574,Yakından incele · introCarry,False,True,0.78253,5.38400,-5.69044,2.60000,0.02232,0.00000
566,92.34775,0.01800,Yakından incele · introCarry,False,True,0.78682,5.38427,-5.71480,2.60000,0.02473,0.00000
567,92.36323,0.01549,Yakından incele · introCarry,False,True,0.79200,5.38448,-5.73707,2.60000,0.02287,0.00000
568,92.37988,0.01665,Yakından incele · introCarry,False,True,0.79876,5.38471,-5.76044,2.60000,0.02433,0.00000
569,92.39669,0.01681,Yakından incele · introCarry,False,True,0.80681,5.38494,-5.78424,2.60000,0.02512,0.00000
570,92.41266,0.01596,Yakından incele · introCarry,False,True,0.81558,5.38514,-5.80744,2.60000,0.02480,0.00000
571,92.42967,0.01702,Yakından incele · introCarry,False,True,0.82552,5.38535,-5.83146,2.60000,0.02600,0.00000
572,92.44729,0.01762,Yakından incele · introCarry,False,True,0.83662,5.38556,-5.85633,2.60000,0.02723,0.00000
573,92.46380,0.01651,Yakından incele · introCarry,False,True,0.84788,5.38570,-5.88010,2.60000,0.02631,0.00000
574,92.48018,0.01638,Yakından incele · introCarry,False,True,0.85983,5.38582,-5.90400,2.60000,0.02672,0.00000
575,92.49638,0.01620,Yakından incele · introCarry,False,True,0.87168,5.38588,-5.92658,2.60000,0.02550,0.00000
576,92.51310,0.01672,Yakından incele · introCarry,False,True,0.88475,5.38592,-5.95030,2.60000,0.02708,0.00000
577,92.52997,0.01686,Yakından incele · introCarry,False,True,0.89827,5.38592,-5.97376,2.60000,0.02708,0.00000
578,92.54649,0.01652,Yakından incele · introCarry,False,True,0.91223,5.38588,-5.99695,2.60000,0.02707,0.00000
579,92.56345,0.01696,Yakından incele · introCarry,False,True,0.92706,5.38581,-6.02050,2.60000,0.02783,0.00000
580,92.58035,0.01690,Yakından incele · introCarry,False,True,0.94169,5.38570,-6.04280,2.60000,0.02667,0.00000
581,92.59740,0.01705,Yakından incele · introCarry,False,True,0.95792,5.38558,-6.06643,2.60000,0.02867,0.00000
582,92.61280,0.01540,Yakından incele · introCarry,False,True,0.97332,5.38543,-6.08803,2.60000,0.02653,0.00000
583,92.62988,0.01709,Yakından incele · introCarry,False,True,0.99016,5.38527,-6.11081,2.60000,0.02833,0.00000
584,92.64696,0.01707,Yakından incele · introCarry,False,True,1.00705,5.38510,-6.13305,2.60000,0.02793,0.00000
585,92.66428,0.01733,Yakından incele · introCarry,False,True,1.02468,5.38494,-6.15574,2.60000,0.02874,0.00000
586,92.67960,0.01532,Yakından incele · introCarry,False,True,1.04138,5.38475,-6.17689,2.60000,0.02695,0.00000
587,92.69694,0.01734,Yakından incele · introCarry,False,True,1.05916,5.38453,-6.19911,2.60000,0.02845,0.00000
588,92.71487,0.01793,Yakından incele · introCarry,False,True,1.07662,5.38427,-6.22075,2.60000,0.02781,0.00000
589,92.72513,0.01026,Yakından incele · introCarry,False,True,1.08794,5.38400,-6.23481,2.60000,0.01805,0.00000
590,92.74795,0.02282,Yakından incele · introCarry,False,True,1.11069,5.38365,-6.26253,2.60000,0.03587,0.00000
591,92.75802,0.01007,Yakından incele · introCarry,False,True,1.12132,5.38332,-6.27567,2.60000,0.01690,0.00000
592,92.77992,0.02190,Yakından incele · introCarry,False,True,1.14266,5.38281,-6.30163,2.60000,0.03361,0.00000
593,92.79809,0.01816,Yakından incele · introCarry,False,True,1.15903,5.38226,-6.32167,2.60000,0.02589,0.00000
594,92.80844,0.01035,Yakından incele · introCarry,False,True,1.16872,5.38184,-6.33365,2.60000,0.01541,0.00000
595,92.83089,0.02246,Yakından incele · introCarry,False,True,1.18881,5.38111,-6.35817,2.60000,0.03170,0.00000
596,92.84666,0.01577,Yakından incele · introCarry,False,True,1.20254,5.38044,-6.37513,2.60000,0.02183,0.00000
597,92.86287,0.01620,Yakından incele · introCarry,False,True,1.21546,5.37974,-6.39115,2.60000,0.02059,0.00000
598,92.87977,0.01691,Yakından incele · introCarry,False,True,1.22872,5.37898,-6.40762,2.60000,0.02116,0.00000
599,92.89643,0.01665,Yakından incele · introCarry,False,True,1.24100,5.37820,-6.42296,2.60000,0.01967,0.00000
600,92.91306,0.01663,Yakından incele · introCarry,False,True,1.25257,5.37739,-6.43750,2.60000,0.01860,0.00000
601,92.92955,0.01649,Yakından incele · introCarry,False,True,1.26368,5.37654,-6.45154,2.60000,0.01792,0.00000
602,92.94701,0.01746,Yakından incele · introCarry,False,True,1.27446,5.37565,-6.46525,2.60000,0.01746,0.00000
603,92.96358,0.01657,Yakından incele · introCarry,False,True,1.28429,5.37475,-6.47786,2.60000,0.01602,0.00000
604,92.98361,0.02003,Yakından incele · introDrop,True,True,1.29493,5.37126,-6.48851,2.59886,0.01545,0.00000
605,92.99378,0.01017,Yakından incele · introDrop,True,True,1.29723,5.36583,-6.48480,2.59642,0.00696,0.00000
606,93.01294,0.01915,Yakından incele · introDrop,True,True,1.30276,5.35277,-6.47587,2.59055,0.01676,0.16786
607,93.03101,0.01807,Yakından incele · introDrop,True,True,1.30977,5.33620,-6.46454,2.58310,0.02127,0.21306
608,93.04607,0.01507,Yakından incele · introDrop,True,True,1.31802,5.31671,-6.45122,2.57434,0.02500,0.25023
609,93.06320,0.01712,Yakından incele · introDrop,True,True,1.32834,5.29234,-6.43456,2.56339,0.03127,0.31153
610,93.07980,0.01661,Yakından incele · introDrop,True,True,1.34052,5.26355,-6.41487,2.55045,0.03695,0.36903
611,93.09700,0.01720,Yakından incele · introDrop,True,True,1.35416,5.23134,-6.39285,2.53597,0.04133,0.41871
612,93.11314,0.01614,Yakından incele · introDrop,True,True,1.36896,5.19636,-6.36894,2.52025,0.04488,0.45284
613,93.12998,0.01685,Yakından incele · introDrop,True,True,1.38571,5.15681,-6.34190,2.50247,0.05076,0.51282
614,93.14705,0.01706,Yakından incele · introDrop,True,True,1.40395,5.11370,-6.31243,2.48309,0.05532,0.56232
615,93.16360,0.01655,Yakından incele · introDrop,True,True,1.42297,5.06877,-6.28171,2.46290,0.05765,0.58282
616,93.17970,0.01611,Yakından incele · introDrop,True,True,1.44313,5.02114,-6.24915,2.44149,0.06111,0.61548
617,93.19628,0.01657,Yakından incele · introDrop,True,True,1.46458,4.97048,-6.21452,2.41872,0.06501,0.65611
618,93.21353,0.01725,Yakından incele · introDrop,True,True,1.48827,4.91450,-6.17625,2.39356,0.07183,0.72631
619,93.23174,0.01821,Yakından incele · introDrop,True,True,1.51201,4.85842,-6.13791,2.36835,0.07197,0.72846
620,93.24204,0.01030,Yakından incele · introDrop,True,True,1.52984,4.81629,-6.10911,2.34942,0.05406,0.54536
621,93.26294,0.02089,Yakından incele · introDrop,True,True,1.56240,4.73937,-6.05652,2.31485,0.09870,0.99857
622,93.27949,0.01655,Yakından incele · introDrop,True,True,1.58972,4.67484,-6.01241,2.28584,0.08280,0.83649
623,93.29602,0.01653,Yakından incele · introDrop,True,True,1.61686,4.61072,-5.96857,2.25702,0.08228,0.83274
624,93.31268,0.01666,Yakından incele · introDrop,True,True,1.64545,4.54319,-5.92240,2.22667,0.08665,0.87670
625,93.32988,0.01720,Yakından incele · introDrop,True,True,1.67493,4.47353,-5.87478,2.19536,0.08939,0.90481
626,93.34609,0.01621,Yakından incele · introDrop,True,True,1.70367,4.40565,-5.82838,2.16485,0.08710,0.88204
627,93.36415,0.01806,Yakından incele · introDrop,True,True,1.73593,4.32944,-5.77628,2.13059,0.09780,0.98991
628,93.37925,0.01510,Yakından incele · introDrop,True,True,1.76464,4.26160,-5.72990,2.10010,0.08705,0.88026
629,93.39766,0.01841,Yakından incele · introDrop,True,True,1.79789,4.18304,-5.67620,2.06480,0.10080,1.01951
630,93.41317,0.01550,Yakından incele · introDrop,True,True,1.82781,4.11236,-5.62787,2.03303,0.09070,0.91685
631,93.43198,0.01881,Yakından incele · introDrop,True,True,1.86097,4.03403,-5.57432,1.99782,0.10051,1.01644
632,93.44233,0.01036,Yakından incele · introDrop,True,True,1.88306,3.98185,-5.53865,1.97436,0.06696,0.67608
633,93.46331,0.02098,Yakından incele · introDrop,True,True,1.92338,3.88660,-5.47354,1.93155,0.12222,1.23731
634,93.47967,0.01636,Yakından incele · introDrop,True,True,1.95622,3.80900,-5.42048,1.89668,0.09958,1.00793
635,93.49613,0.01645,Yakından incele · introDrop,True,True,1.98808,3.73375,-5.36904,1.86285,0.09656,0.97638
636,93.51264,0.01651,Yakından incele · introDrop,True,True,2.01977,3.65888,-5.31785,1.82920,0.09607,0.97236
637,93.53005,0.01741,Yakından incele · introDrop,True,True,2.05308,3.58018,-5.26405,1.79383,0.10099,1.02105
638,93.54636,0.01632,Yakından incele · introDrop,True,True,2.08480,3.50525,-5.21283,1.76015,0.09614,0.97236
639,93.56320,0.01684,Yakından incele · introDrop,True,True,2.11638,3.43065,-5.16183,1.72662,0.09572,0.96833
640,93.58008,0.01688,Yakından incele · introDrop,True,True,2.14788,3.35622,-5.11095,1.69317,0.09551,0.96590
641,93.59585,0.01577,Yakından incele · introDrop,True,True,2.17840,3.28413,-5.06166,1.66076,0.09250,0.93544
642,93.61337,0.01752,Yakından incele · introDrop,True,True,2.20995,3.20959,-5.01070,1.62726,0.09565,0.96752
643,93.62898,0.01561,Yakından incele · introDrop,True,True,2.23925,3.14036,-4.96338,1.59614,0.08883,0.89874
644,93.64703,0.01806,Yakından incele · introDrop,True,True,2.26912,3.06981,-4.91515,1.56444,0.09052,0.91514
645,93.66280,0.01576,Yakından incele · introDrop,True,True,2.29852,3.00034,-4.86766,1.53321,0.08914,0.90135
646,93.67994,0.01715,Yakından incele · introDrop,True,True,2.32705,2.93295,-4.82159,1.50292,0.08647,0.87401
647,93.69645,0.01651,Yakından incele · introDrop,True,True,2.35501,2.86690,-4.77643,1.47324,0.08475,0.85683
648,93.71356,0.01711,Yakından incele · introDrop,True,True,2.38146,2.80441,-4.73371,1.44514,0.08020,0.81180
649,93.72954,0.01598,Yakından incele · introDrop,True,True,2.40724,2.74351,-4.69208,1.41778,0.07814,0.79031
650,93.74734,0.01780,Yakından incele · introDrop,True,True,2.43268,2.68341,-4.65099,1.39076,0.07713,0.78134
651,93.76281,0.01547,Yakından incele · introDrop,True,True,2.45620,2.62784,-4.61300,1.36578,0.07130,0.72090
652,93.77957,0.01676,Yakından incele · introDrop,True,True,2.47837,2.57545,-4.57719,1.34224,0.06722,0.67839
653,93.79606,0.01648,Yakından incele · introDrop,True,True,2.50040,2.52343,-4.54162,1.31885,0.06676,0.67492
654,93.81329,0.01723,Yakından incele · introDrop,True,True,2.52137,2.47389,-4.50775,1.29659,0.06357,0.64285
655,93.82987,0.01658,Yakından incele · introDrop,True,True,2.54082,2.42793,-4.47633,1.27593,0.05897,0.59610
656,93.84728,0.01741,Yakından incele · introDrop,True,True,2.55905,2.38486,-4.44688,1.25657,0.05528,0.55953
657,93.86436,0.01708,Yakından incele · introDrop,True,True,2.57537,2.34632,-4.42054,1.23925,0.04946,0.50202
658,93.87969,0.01533,Yakından incele · introDrop,True,True,2.58997,2.31181,-4.39695,1.22374,0.04428,0.44762
659,93.89676,0.01707,Yakından incele · introDrop,True,True,2.60361,2.27959,-4.37492,1.20926,0.04134,0.41684
660,93.91357,0.01681,Yakından incele · introDrop,True,True,2.61558,2.25132,-4.35559,1.19655,0.03628,0.36477
661,93.92941,0.01584,Yakından incele · introDrop,True,True,2.62566,2.22749,-4.33930,1.18584,0.03057,0.30901
662,93.94721,0.01780,Yakından incele · introDrop,True,True,2.63459,2.20640,-4.32488,1.17636,0.02707,0.27411
663,93.96241,0.01520,Yakından incele · introDrop,True,True,2.64099,2.19128,-4.31455,1.16956,0.01940,0.18975
664,93.98088,0.01847,Yakından incele · introDrop,True,True,2.64620,2.17897,-4.30613,1.16403,0.01579,0.00000
665,93.99650,0.01562,Yakından incele · introDrop,True,True,2.64902,2.17232,-4.30158,1.16104,0.00854,0.00000
666,94.01273,0.01623,Yakından incele · introDrop,True,True,2.65000,2.17000,-4.30000,1.16000,0.00297,0.00000
667,94.02980,0.01707,Yakından incele · introDrop,False,True,2.65000,2.17000,-4.30000,1.16000,0.00000,0.00000
668,94.04560,0.01580,Yakından incele · introDrop,False,True,2.65000,2.17000,-4.30000,1.16000,0.00000,0.00000
669,94.07549,0.02989,Yakından incele · introDrop,False,True,2.65000,2.17000,-4.30000,1.16000,0.00000,0.00000
670,94.09198,0.01649,Yakından incele · introDrop,False,True,2.65000,2.17000,-4.30000,1.16000,0.00000,0.00000
671,94.10928,0.01730,Yakından incele · introDrop,False,True,2.65000,2.17000,-4.30000,1.16000,0.00000,0.00000
672,94.12520,0.01593,Yakından incele · introDrop,False,True,2.65000,2.17000,-4.30000,1.16000,0.00000,0.00000
673,94.14198,0.01678,Yakından incele · introDrop,False,True,2.65000,2.17000,-4.30000,1.16000,0.00000,0.00000
674,94.15899,0.01701,Yakından incele · introDrop,False,True,2.65000,2.17000,-4.30000,1.16000,0.00000,0.00000
675,94.17554,0.01656,Yakından incele · introDrop,False,True,2.65000,2.17000,-4.30000,1.16000,0.00000,0.00000
676,94.19181,0.01627,Yakından incele · introDrop,False,True,2.65000,2.17000,-4.30000,1.16000,0.00000,0.00000
677,94.20787,0.01606,Yakından incele · introDrop,False,True,2.65000,2.17000,-4.30000,1.16000,0.00000,0.00000
678,94.22474,0.01686,Yakından incele · introDrop,False,True,2.65000,2.17000,-4.30000,1.16000,0.00000,0.00000
679,94.24227,0.01753,Yakından incele · introDrop,False,True,2.65000,2.17000,-4.30000,1.16000,0.00000,0.00000
680,94.25858,0.01630,Yakından incele · introDrop,False,True,2.65000,2.17000,-4.30000,1.16000,0.00000,0.00000
681,94.27488,0.01630,Yakından incele · introDrop,False,True,2.65000,2.17000,-4.30000,1.16000,0.00000,0.00000
682,94.29169,0.01681,Yakından incele · introDrop,False,True,2.65000,2.17000,-4.30000,1.16000,0.00000,0.00000
683,94.30877,0.01708,Yakından incele · introDrop,False,True,2.65000,2.17000,-4.30000,1.16000,0.00000,0.00000
684,94.32474,0.01597,Yakından incele · introDrop,False,True,2.65000,2.17000,-4.30000,1.16000,0.00000,0.00000
685,94.34191,0.01717,Yakından incele · introDrop,False,True,2.65000,2.17000,-4.30000,1.16000,0.00000,0.00000
686,94.35843,0.01651,Yakından incele · introDrop,False,True,2.65000,2.17000,-4.30000,1.16000,0.00000,0.00000
687,94.37571,0.01728,Yakından incele · introDrop,False,True,2.65000,2.17000,-4.30000,1.16000,0.00000,0.00000
688,94.39167,0.01596,Yakından incele · introDrop,False,True,2.65000,2.17000,-4.30000,1.16000,0.00000,0.00000
689,94.40809,0.01642,Yakından incele · introDrop,False,True,2.65000,2.17000,-4.30000,1.16000,0.00000,0.00000
690,94.42556,0.01747,Yakından incele · introDrop,False,True,2.65000,2.17000,-4.30000,1.16000,0.00000,0.00000
691,94.44229,0.01674,Yakından incele · introDrop,False,True,2.65000,2.17000,-4.30000,1.16000,0.00000,0.00000
692,94.45828,0.01599,Yakından incele · introDrop,False,True,2.65000,2.17000,-4.30000,1.16000,0.00000,0.00000
693,94.47518,0.01690,Yakından incele · introDrop,False,True,2.65000,2.17000,-4.30000,1.16000,0.00000,0.00000
694,94.49149,0.01631,Yakından incele · introDrop,False,True,2.65000,2.17000,-4.30000,1.16000,0.00000,0.00000
695,94.50881,0.01732,Yakından incele · introDrop,False,True,2.65000,2.17000,-4.30000,1.16000,0.00000,0.00000
696,94.52491,0.01611,Yakından incele · introDrop,False,True,2.65000,2.17000,-4.30000,1.16000,0.00000,0.00000
697,94.54182,0.01691,Yakından incele · introDrop,False,True,2.65000,2.17000,-4.30000,1.16000,0.00000,0.00000
698,94.55872,0.01690,Yakından incele · introDrop,False,True,2.65000,2.17000,-4.30000,1.16000,0.00000,0.00000
699,94.57577,0.01705,Yakından incele · introDrop,False,True,2.65000,2.17000,-4.30000,1.16000,0.00000,0.00000
700,94.59221,0.01645,Yakından incele · introDrop,False,True,2.65000,2.17000,-4.30000,1.16000,0.00000,0.00000
701,94.60881,0.01660,Yakından incele · introDrop,False,True,2.65000,2.17000,-4.30000,1.16000,0.00000,0.00000
702,94.62548,0.01667,Yakından incele · introDrop,False,True,2.65000,2.17000,-4.30000,1.16000,0.00000,0.00000
703,94.64274,0.01725,Yakından incele · introDrop,False,True,2.65000,2.17000,-4.30000,1.16000,0.00000,0.00000
704,94.65924,0.01650,Yakından incele · introDrop,False,True,2.65000,2.17000,-4.30000,1.16000,0.00000,0.00000
705,94.67568,0.01644,Yakından incele · introDrop,False,True,2.65000,2.17000,-4.30000,1.16000,0.00000,0.00000
706,94.69312,0.01744,Yakından incele · introDrop,False,True,2.65000,2.17000,-4.30000,1.16000,0.00000,0.00000
707,94.70867,0.01555,Yakından incele · introDrop,False,True,2.65000,2.17000,-4.30000,1.16000,0.00000,0.00000
708,94.72581,0.01714,Yakından incele · introDrop,False,True,2.65000,2.17000,-4.30000,1.16000,0.00000,0.00000
709,94.74202,0.01621,Yakından incele · introDrop,False,True,2.65000,2.17000,-4.30000,1.16000,0.00000,0.00000
710,94.75800,0.01597,Yakından incele · introDrop,False,True,2.65000,2.17000,-4.30000,1.16000,0.00000,0.00000
711,94.77559,0.01759,Yakından incele · introDrop,False,True,2.65000,2.17000,-4.30000,1.16000,0.00000,0.00000
712,94.79125,0.01566,Yakından incele · introDrop,False,True,2.65000,2.17000,-4.30000,1.16000,0.00000,0.00000
713,94.80896,0.01771,Yakından incele · introDrop,False,True,2.65000,2.17000,-4.30000,1.16000,0.00000,0.00000
714,94.82518,0.01621,Yakından incele · introDrop,False,True,2.65000,2.17000,-4.30000,1.16000,0.00000,0.00000
715,94.84293,0.01775,Yakından incele · introDrop,False,True,2.65000,2.17000,-4.30000,1.16000,0.00000,0.00000
716,94.85795,0.01502,Yakından incele · introDrop,False,True,2.65000,2.17000,-4.30000,1.16000,0.00000,0.00000
717,94.87556,0.01761,Yakından incele · introDrop,False,True,2.65000,2.17000,-4.30000,1.16000,0.00000,0.00000
718,94.89132,0.01576,Yakından incele · introDrop,False,True,2.65000,2.17000,-4.30000,1.16000,0.00000,0.00000
719,94.90998,0.01867,Yakından incele · introDrop,False,True,2.65000,2.17000,-4.30000,1.16000,0.00000,0.00000
720,94.92407,0.01409,Yakından incele · introDrop,False,True,2.65000,2.17000,-4.30000,1.16000,0.00000,0.00000
721,94.94077,0.01670,Yakından incele · introDrop,False,True,2.65000,2.17000,-4.30000,1.16000,0.00000,0.00000
722,94.95787,0.01710,Yakından incele · introDrop,False,True,2.65000,2.17000,-4.30000,1.16000,0.00000,0.00000
723,94.97427,0.01640,Yakından incele · introDrop,False,True,2.65000,2.17000,-4.30000,1.16000,0.00000,0.00000
724,94.99064,0.01637,Yakından incele · introDrop,False,True,2.65000,2.17000,-4.30000,1.16000,0.00000,0.00000
725,95.00802,0.01738,Yakından incele · introDrop,False,True,2.65000,2.17000,-4.30000,1.16000,0.00000,0.00000
726,95.02465,0.01663,Yakından incele · introDrop,False,True,2.65000,2.17000,-4.30000,1.16000,0.00000,0.00000
727,95.04117,0.01651,Yakından incele · introDrop,False,True,2.65000,2.17000,-4.30000,1.16000,0.00000,0.00000
728,95.05733,0.01616,Yakından incele · introDrop,False,True,2.65000,2.17000,-4.30000,1.16000,0.00000,0.00000
729,95.07594,0.01862,Yakından incele · introDrop,False,True,2.65000,2.17000,-4.30000,1.16000,0.00000,0.00000
730,95.09143,0.01548,Yakından incele · introDrop,False,True,2.65000,2.17000,-4.30000,1.16000,0.00000,0.00000
731,95.10814,0.01671,Yakından incele · introDrop,False,True,2.65000,2.17000,-4.30000,1.16000,0.00000,0.00000
732,95.12402,0.01588,Yakından incele · introDrop,False,True,2.65000,2.17000,-4.30000,1.16000,0.00000,0.00000
733,95.14168,0.01765,Yakından incele · introDrop,False,True,2.65000,2.17000,-4.30000,1.16000,0.00000,0.00000
734,95.15796,0.01629,Yakından incele · introDrop,False,True,2.65000,2.17000,-4.30000,1.16000,0.00000,0.00000
735,95.17583,0.01787,Yakından incele · introDrop,False,True,2.65000,2.17000,-4.30000,1.16000,0.00000,0.00000
736,95.19220,0.01637,Yakından incele · introDrop,False,True,2.65000,2.17000,-4.30000,1.16000,0.00000,0.00000
737,95.20787,0.01567,Yakından incele · introDrop,False,True,2.65000,2.17000,-4.30000,1.16000,0.00000,0.00000
738,95.22463,0.01676,Yakından incele · introDrop,False,True,2.65000,2.17000,-4.30000,1.16000,0.00000,0.00000
739,95.24176,0.01713,Yakından incele · introDrop,False,True,2.65000,2.17000,-4.30000,1.16000,0.00000,0.00000
740,95.25807,0.01631,Yakından incele · introDrop,False,True,2.65000,2.17000,-4.30000,1.16000,0.00000,0.00000
741,95.27664,0.01857,Yakından incele · introDrop,False,True,2.65000,2.17000,-4.30000,1.16000,0.00000,0.00000
742,95.29133,0.01469,Yakından incele · introDrop,False,True,2.65000,2.17000,-4.30000,1.16000,0.00000,0.00000
743,95.30883,0.01750,Yakından incele · introDrop,False,True,2.65000,2.17000,-4.30000,1.16000,0.00000,0.00000
744,95.32515,0.01631,Yakından incele · introDrop,False,True,2.65000,2.17000,-4.30000,1.16000,0.00000,0.00000
745,95.34133,0.01618,Yakından incele · introDrop,False,True,2.65000,2.17000,-4.30000,1.16000,0.00000,0.00000
746,95.35799,0.01666,Yakından incele · introDrop,False,True,2.65000,2.17000,-4.30000,1.16000,0.00000,0.00000
747,95.37494,0.01695,Yakından incele · introDrop,False,True,2.65000,2.17000,-4.30000,1.16000,0.00000,0.00000
748,95.39173,0.01679,Yakından incele · introDrop,False,True,2.65000,2.17000,-4.30000,1.16000,0.00000,0.00000
749,95.40941,0.01768,Yakından incele · introDrop,False,True,2.65000,2.17000,-4.30000,1.16000,0.00000,0.00000
750,95.42598,0.01657,Yakından incele · introDrop,False,True,2.65000,2.17000,-4.30000,1.16000,0.00000,0.00000
751,95.44128,0.01530,Yakından incele · introDrop,False,True,2.65000,2.17000,-4.30000,1.16000,0.00000,0.00000
752,95.45809,0.01680,Yakından incele · introDrop,False,True,2.65000,2.17000,-4.30000,1.16000,0.00000,0.00000
753,95.47705,0.01896,Yakından incele · introDrop,False,True,2.65000,2.17000,-4.30000,1.16000,0.00000,0.00000
754,95.48646,0.00941,Yakından incele · introDrop,False,True,2.65000,2.17000,-4.30000,1.16000,0.00000,0.00000
755,95.50796,0.02150,Yakından incele · introDrop,False,True,2.65000,2.17000,-4.30000,1.16000,0.00000,0.00000
756,95.52611,0.01815,Yakından incele · introDrop,False,True,2.65000,2.17000,-4.30000,1.16000,0.00000,0.00000
757,95.54159,0.01548,Yakından incele · introDrop,False,True,2.65000,2.17000,-4.30000,1.16000,0.00000,0.00000
758,95.55787,0.01628,Yakından incele · introDrop,False,True,2.65000,2.17000,-4.30000,1.16000,0.00000,0.00000
759,95.57496,0.01710,Yakından incele · introDrop,False,True,2.65000,2.17000,-4.30000,1.16000,0.00000,0.00000
760,95.59073,0.01577,Yakından incele · introDrop,False,True,2.65000,2.17000,-4.30000,1.16000,0.00000,0.00000
761,95.60813,0.01740,Yakından incele · introDrop,False,True,2.65000,2.17000,-4.30000,1.16000,0.00000,0.00000
762,95.62434,0.01621,Yakından incele · introDrop,False,True,2.65000,2.17000,-4.30000,1.16000,0.00000,0.00000
763,95.64073,0.01640,Yakından incele · introDrop,False,True,2.65000,2.17000,-4.30000,1.16000,0.00000,0.00000
764,95.65735,0.01661,Yakından incele · introDrop,False,True,2.65000,2.17000,-4.30000,1.16000,0.00000,0.00000
765,95.67451,0.01716,Yakından incele · introDrop,False,True,2.65000,2.17000,-4.30000,1.16000,0.00000,0.00000
766,95.69096,0.01645,Yakından incele · introDrop,False,True,2.65000,2.17000,-4.30000,1.16000,0.00000,0.00000
767,95.70793,0.01696,Yakından incele · introDrop,False,True,2.65000,2.17000,-4.30000,1.16000,0.00000,0.00000
768,95.72436,0.01644,Yakından incele · introDrop,False,True,2.65000,2.17000,-4.30000,1.16000,0.00000,0.00000
769,95.76151,0.03715,Ada ile odada gezin,True,True,2.64608,2.17174,-4.30344,1.16144,0.00550,0.00000
770,95.77141,0.00990,Ada ile odada gezin,True,True,2.61986,2.18335,-4.32647,1.17110,0.03678,0.36477
771,95.78548,0.01407,Ada ile odada gezin,True,True,2.59640,2.19374,-4.34708,1.17975,0.03290,0.32385
772,95.80201,0.01653,Ada ile odada gezin,True,True,2.56496,2.20766,-4.37469,1.19133,0.04410,0.43521
773,95.82023,0.01822,Ada ile odada gezin,True,True,2.52647,2.22471,-4.40849,1.20551,0.05399,0.53522
774,95.83606,0.01584,Ada ile odada gezin,True,True,2.48101,2.24484,-4.44842,1.22225,0.06377,0.63180
775,95.85376,0.01770,Ada ile odada gezin,True,True,2.42936,2.26771,-4.49378,1.24128,0.07245,0.71873
776,95.86964,0.01587,Ada ile odada gezin,True,True,2.37223,2.29301,-4.54396,1.26233,0.08014,0.79426
777,95.88594,0.01630,Ada ile odada gezin,True,True,2.31119,2.32004,-4.59757,1.28482,0.08562,0.84857
778,95.90291,0.01697,Ada ile odada gezin,True,True,2.24129,2.35100,-4.65897,1.31057,0.09806,0.97236
779,95.91949,0.01658,Ada ile odada gezin,True,True,2.16813,2.38340,-4.72323,1.33752,0.10262,1.01798
780,95.93729,0.01780,Ada ile odada gezin,True,True,2.08938,2.41828,-4.79239,1.36653,0.11046,1.09645
781,95.95304,0.01575,Ada ile odada gezin,True,True,2.00674,2.45487,-4.86497,1.39697,0.11591,1.15079
782,95.96919,0.01615,Ada ile odada gezin,True,True,1.91799,2.49418,-4.94292,1.42967,0.12449,1.23605
783,95.98685,0.01766,Ada ile odada gezin,True,True,1.82512,2.53530,-5.02449,1.46388,0.13027,1.29299
784,96.00284,0.01599,Ada ile odada gezin,True,True,1.72892,2.57790,-5.10898,1.49932,0.13493,1.33879
785,96.02033,0.01749,Ada ile odada gezin,True,True,1.62929,2.62203,-5.19648,1.53602,0.13975,1.38703
786,96.03590,0.01557,Ada ile odada gezin,True,True,1.52601,2.66776,-5.28719,1.57407,0.14487,1.43855
787,96.05431,0.01840,Ada ile odada gezin,True,True,1.42114,2.71421,-5.37931,1.61271,0.14711,1.46016
788,96.06898,0.01467,Ada ile odada gezin,True,True,1.31304,2.76208,-5.47425,1.65253,0.15163,1.50555
789,96.08632,0.01734,Ada ile odada gezin,True,True,1.19961,2.81231,-5.57387,1.69432,0.15910,1.58013
790,96.10258,0.01626,Ada ile odada gezin,True,True,1.08401,2.86351,-5.67540,1.73690,0.16215,1.60957
791,96.11968,0.01710,Ada ile odada gezin,True,True,0.96663,2.91549,-5.77850,1.78015,0.16465,1.63418
792,96.13610,0.01642,Ada ile odada gezin,True,True,0.84763,2.96819,-5.88301,1.82398,0.16691,1.65701
793,96.15277,0.01667,Ada ile odada gezin,True,True,0.72781,3.02125,-5.98825,1.86812,0.16807,1.66878
794,96.16926,0.01650,Ada ile odada gezin,True,True,0.60577,3.07530,-6.09544,1.91308,0.17118,1.69946
795,96.18591,0.01665,Ada ile odada gezin,True,True,0.48345,3.12947,-6.20287,1.95814,0.17157,1.70222
796,96.20244,0.01653,Ada ile odada gezin,True,True,0.35916,3.18451,-6.31204,2.00393,0.17435,1.73004
797,96.21916,0.01672,Ada ile odada gezin,True,True,0.23373,3.24006,-6.42220,2.05014,0.17594,1.74580
798,96.23613,0.01697,Ada ile odada gezin,True,True,0.10837,3.29557,-6.53230,2.09632,0.17583,1.74491
799,96.25249,0.01636,Ada ile odada gezin,True,True,-0.01539,3.35038,-6.64100,2.14191,0.17360,1.72278
800,96.26926,0.01677,Ada ile odada gezin,True,True,-0.13941,3.40531,-6.74993,2.18760,0.17397,1.72642
801,96.28691,0.01765,Ada ile odada gezin,True,True,-0.26736,3.46197,-6.86230,2.23474,0.17946,1.78087
802,96.30293,0.01602,Ada ile odada gezin,True,True,-0.39067,3.51657,-6.97060,2.28016,0.17297,1.71641
803,96.31932,0.01639,Ada ile odada gezin,True,True,-0.51461,3.57146,-7.07946,2.32582,0.17385,1.72506
804,96.33574,0.01642,Ada ile odada gezin,True,True,-0.63547,3.62499,-7.18561,2.37035,0.16953,1.68279
805,96.35265,0.01691,Ada ile odada gezin,True,True,-0.75628,3.67849,-7.29171,2.41485,0.16946,1.68186
806,96.36880,0.01616,Ada ile odada gezin,True,True,-0.87474,3.73095,-7.39576,2.45850,0.16617,1.64897
807,96.38566,0.01686,Ada ile odada gezin,True,True,-0.99337,3.78349,-7.49995,2.50220,0.16640,1.65134
808,96.40257,0.01691,Ada ile odada gezin,True,True,-1.11129,3.83571,-7.60352,2.54564,0.16540,1.64135
809,96.41909,0.01652,Ada ile odada gezin,True,True,-1.22187,3.88467,-7.70064,2.58637,0.15510,1.53897
810,96.43580,0.01671,Ada ile odada gezin,True,True,-1.33318,3.93397,-7.79840,2.62738,0.15613,1.54962
811,96.45248,0.01668,Ada ile odada gezin,True,True,-1.44141,3.98190,-7.89346,2.66725,0.15181,1.50607
812,96.46873,0.01625,Ada ile odada gezin,True,True,-1.54506,4.02780,-7.98450,2.70544,0.14540,1.44236
813,96.48586,0.01714,Ada ile odada gezin,True,True,-1.64676,4.07284,-8.07382,2.74290,0.14264,1.41497
814,96.50275,0.01688,Ada ile odada gezin,True,True,-1.74696,4.11722,-8.16183,2.77981,0.14055,1.39435
815,96.51896,0.01621,Ada ile odada gezin,True,True,-1.83886,4.15791,-8.24254,2.81367,0.12890,1.27899
816,96.53612,0.01716,Ada ile odada gezin,True,True,-1.93014,4.19834,-8.32271,2.84730,0.12804,1.27040
817,96.55246,0.01635,Ada ile odada gezin,True,True,-2.01563,4.23620,-8.39780,2.87879,0.11992,1.19024
818,96.56953,0.01707,Ada ile odada gezin,True,True,-2.09730,4.27236,-8.46952,2.90888,0.11455,1.13641
819,96.58598,0.01645,Ada ile odada gezin,True,True,-2.17331,4.30603,-8.53628,2.93688,0.10662,1.05794
820,96.60354,0.01756,Ada ile odada gezin,True,True,-2.24393,4.33730,-8.59831,2.96289,0.09906,0.98197
821,96.61998,0.01644,Ada ile odada gezin,True,True,-2.30882,4.36604,-8.65530,2.98680,0.09102,0.90222
822,96.63606,0.01607,Ada ile odada gezin,True,True,-2.36994,4.39311,-8.70899,3.00932,0.08574,0.85041
823,96.65236,0.01630,Ada ile odada gezin,True,True,-2.42267,4.41646,-8.75529,3.02874,0.07396,0.73275
824,96.66927,0.01691,Ada ile odada gezin,True,True,-2.47132,4.43800,-8.79802,3.04666,0.06824,0.67608
825,96.68599,0.01672,Ada ile odada gezin,True,True,-2.51282,4.45638,-8.83448,3.06195,0.05822,0.57607
826,96.70263,0.01665,Ada ile odada gezin,True,True,-2.54772,4.47184,-8.86513,3.07481,0.04895,0.48618
827,96.71893,0.01630,Ada ile odada gezin,True,True,-2.57525,4.48403,-8.88931,3.08495,0.03861,0.38359
828,96.73594,0.01701,Ada ile odada gezin,True,True,-2.59661,4.49349,-8.90807,3.09282,0.02997,0.29342
829,96.75269,0.01675,Ada ile odada gezin,True,True,-2.61004,4.49943,-8.91986,3.09777,0.01883,0.18131
830,96.76949,0.01680,Ada ile odada gezin,True,True,-2.61590,4.50203,-8.92501,3.09993,0.00822,0.00000
831,96.78605,0.01656,Ada ile odada gezin,False,True,-2.61610,4.50212,-8.92519,3.10000,0.00028,0.00000
832,96.80135,0.01530,Ada ile odada gezin,False,True,-2.61610,4.50212,-8.92519,3.10000,0.00000,0.00000
833,96.82814,0.02679,Ada ile odada gezin,False,True,-2.61662,4.50208,-8.92455,3.10000,0.00082,0.00000
834,96.84497,0.01683,Ada ile odada gezin,False,True,-2.61755,4.50202,-8.92341,3.10000,0.00147,0.00000
835,96.86262,0.01764,Ada ile odada gezin,False,True,-2.61921,4.50191,-8.92138,3.10000,0.00262,0.00000
836,96.87840,0.01578,Ada ile odada gezin,False,True,-2.62153,4.50177,-8.91851,3.10000,0.00370,0.00000
837,96.89584,0.01744,Ada ile odada gezin,False,True,-2.62499,4.50156,-8.91424,3.10000,0.00550,0.00000
838,96.91139,0.01555,Ada ile odada gezin,False,True,-2.62909,4.50132,-8.90915,3.10000,0.00654,0.00000
839,96.92890,0.01751,Ada ile odada gezin,False,True,-2.63457,4.50101,-8.90234,3.10000,0.00875,0.00000
840,96.94620,0.01730,Ada ile odada gezin,False,True,-2.64132,4.50064,-8.89393,3.10000,0.01079,0.00000
841,96.96260,0.01640,Ada ile odada gezin,False,True,-2.64897,4.50024,-8.88437,3.10000,0.01225,0.00000
842,96.97957,0.01697,Ada ile odada gezin,False,True,-2.65813,4.49978,-8.87292,3.10000,0.01467,0.00000
843,96.99576,0.01619,Ada ile odada gezin,False,True,-2.66765,4.49933,-8.86101,3.10000,0.01526,0.00000
844,97.01228,0.01652,Ada ile odada gezin,False,True,-2.67881,4.49883,-8.84704,3.10000,0.01788,0.00000
845,97.03060,0.01832,Ada ile odada gezin,False,True,-2.69056,4.49834,-8.83229,3.10000,0.01886,0.00000
846,97.04588,0.01528,Ada ile odada gezin,False,True,-2.70223,4.49788,-8.81761,3.10000,0.01876,0.00000
847,97.06647,0.02059,Ada ile odada gezin,False,True,-2.71534,4.49740,-8.80108,3.10000,0.02110,0.00000
848,97.07757,0.01110,Ada ile odada gezin,False,True,-2.72557,4.49705,-8.78813,3.10000,0.01651,0.00000
849,97.09609,0.01852,Ada ile odada gezin,False,True,-2.74179,4.49652,-8.76758,3.10000,0.02618,0.00000
850,97.11371,0.01762,Ada ile odada gezin,False,True,-2.75592,4.49611,-8.74962,3.10000,0.02286,0.00000
851,97.13336,0.01966,Ada ile odada gezin,False,True,-2.76995,4.49574,-8.73174,3.10000,0.02273,0.00000
852,97.14552,0.01216,Ada ile odada gezin,False,True,-2.78056,4.49549,-8.71819,3.10000,0.01721,0.00000
853,97.16269,0.01717,Ada ile odada gezin,False,True,-2.79814,4.49510,-8.69583,3.10000,0.02844,0.00000
854,97.17855,0.01586,Ada ile odada gezin,False,True,-2.81178,4.49486,-8.67848,3.10000,0.02207,0.00000
855,97.19587,0.01732,Ada ile odada gezin,False,True,-2.82601,4.49464,-8.66042,3.10000,0.02300,0.00000
856,97.21195,0.01608,Ada ile odada gezin,False,True,-2.83982,4.49447,-8.64295,3.10000,0.02227,0.00000
857,97.22886,0.01690,Ada ile odada gezin,False,True,-2.85340,4.49434,-8.62578,3.10000,0.02189,0.00000
858,97.24536,0.01650,Ada ile odada gezin,False,True,-2.86739,4.49423,-8.60816,3.10000,0.02250,0.00000
859,97.26228,0.01692,Ada ile odada gezin,False,True,-2.88075,4.49414,-8.59132,3.10000,0.02149,0.00000
860,97.27892,0.01664,Ada ile odada gezin,False,True,-2.89415,4.49409,-8.57448,3.10000,0.02153,0.00000
861,97.29520,0.01629,Ada ile odada gezin,False,True,-2.90696,4.49405,-8.55834,3.10000,0.02060,0.00000
862,97.31149,0.01628,Ada ile odada gezin,False,True,-2.92004,4.49402,-8.54179,3.10000,0.02109,0.00000
863,97.32878,0.01730,Ada ile odada gezin,False,True,-2.93299,4.49400,-8.52543,3.10000,0.02087,0.00000
864,97.34578,0.01700,Ada ile odada gezin,False,True,-2.94584,4.49399,-8.50908,3.10000,0.02080,0.00000
865,97.36252,0.01674,Ada ile odada gezin,False,True,-2.95841,4.49398,-8.49294,3.10000,0.02045,0.00000
866,97.37797,0.01544,Ada ile odada gezin,False,True,-2.96995,4.49399,-8.47806,3.10000,0.01884,0.00000
867,97.39553,0.01756,Ada ile odada gezin,False,True,-2.98209,4.49399,-8.46229,3.10000,0.01990,0.00000
868,97.41191,0.01639,Ada ile odada gezin,False,True,-2.99398,4.49399,-8.44677,3.10000,0.01955,0.00000
869,97.42971,0.01779,Ada ile odada gezin,False,True,-3.00591,4.49401,-8.43117,3.10000,0.01964,0.00000
870,97.44570,0.01600,Ada ile odada gezin,False,True,-3.01709,4.49404,-8.41657,3.10000,0.01839,0.00000
871,97.46313,0.01743,Ada ile odada gezin,False,True,-3.02876,4.49406,-8.40128,3.10000,0.01923,0.00000
872,97.47861,0.01547,Ada ile odada gezin,False,True,-3.04007,4.49405,-8.38637,3.10000,0.01872,0.00000
873,97.49513,0.01653,Ada ile odada gezin,False,True,-3.05220,4.49398,-8.37026,3.10000,0.02017,0.00000
874,97.51233,0.01720,Ada ile odada gezin,False,True,-3.06498,4.49387,-8.35312,3.10000,0.02139,0.00000
875,97.52869,0.01636,Ada ile odada gezin,False,True,-3.07779,4.49369,-8.33564,3.10000,0.02167,0.00000
876,97.54490,0.01620,Ada ile odada gezin,False,True,-3.09088,4.49349,-8.31767,3.10000,0.02223,0.00000
877,97.56199,0.01710,Ada ile odada gezin,False,True,-3.10450,4.49326,-8.29886,3.10000,0.02322,0.00000
878,97.57860,0.01661,Ada ile odada gezin,False,True,-3.11893,4.49301,-8.27889,3.10000,0.02464,0.00000
879,97.59516,0.01655,Ada ile odada gezin,False,True,-3.13310,4.49276,-8.25918,3.10000,0.02427,0.00000
880,97.61244,0.01729,Ada ile odada gezin,False,True,-3.14776,4.49251,-8.23868,3.10000,0.02521,0.00000
881,97.62830,0.01586,Ada ile odada gezin,False,True,-3.16240,4.49226,-8.21814,3.10000,0.02523,0.00000
882,97.64550,0.01720,Ada ile odada gezin,False,True,-3.17712,4.49200,-8.19734,3.10000,0.02548,0.00000
883,97.66199,0.01649,Ada ile odada gezin,False,True,-3.19236,4.49173,-8.17550,3.10000,0.02663,0.00000
884,97.67858,0.01658,Ada ile odada gezin,False,True,-3.20684,4.49146,-8.15441,3.10000,0.02559,0.00000
885,97.69504,0.01646,Ada ile odada gezin,False,True,-3.22167,4.49116,-8.13232,3.10000,0.02660,0.00000
886,97.71258,0.01754,Ada ile odada gezin,False,True,-3.23661,4.49083,-8.10949,3.10000,0.02729,0.00000
887,97.72948,0.01690,Ada ile odada gezin,False,True,-3.25096,4.49048,-8.08693,3.10000,0.02674,0.00000
888,97.74566,0.01619,Ada ile odada gezin,False,True,-3.26537,4.49011,-8.06368,3.10000,0.02736,0.00000
889,97.76220,0.01653,Ada ile odada gezin,False,True,-3.27968,4.48973,-8.04004,3.10000,0.02763,0.00000
890,97.77907,0.01688,Ada ile odada gezin,False,True,-3.29369,4.48935,-8.01647,3.10000,0.02743,0.00000
891,97.79563,0.01655,Ada ile odada gezin,False,True,-3.30759,4.48899,-7.99271,3.10000,0.02752,0.00000
892,97.81239,0.01676,Ada ile odada gezin,False,True,-3.32143,4.48863,-7.96875,3.10000,0.02768,0.00000
893,97.82866,0.01627,Ada ile odada gezin,False,True,-3.33512,4.48830,-7.94478,3.10000,0.02761,0.00000
894,97.84730,0.01864,Ada ile odada gezin,False,True,-3.34941,4.48796,-7.91952,3.10000,0.02902,0.00000
895,97.86255,0.01524,Ada ile odada gezin,False,True,-3.36259,4.48768,-7.89604,3.10000,0.02693,0.00000
896,97.87885,0.01630,Ada ile odada gezin,False,True,-3.37638,4.48740,-7.87132,3.10000,0.02830,0.00000
897,97.89578,0.01693,Ada ile odada gezin,False,True,-3.38976,4.48715,-7.84719,3.10000,0.02759,0.00000
898,97.91235,0.01657,Ada ile odada gezin,False,True,-3.40354,4.48691,-7.82222,3.10000,0.02852,0.00000
899,97.92858,0.01622,Ada ile odada gezin,False,True,-3.41673,4.48670,-7.79823,3.10000,0.02738,0.00000
900,97.94564,0.01707,Ada ile odada gezin,False,True,-3.43084,4.48648,-7.77247,3.10000,0.02937,0.00000
901,97.96185,0.01620,Ada ile odada gezin,False,True,-3.44391,4.48631,-7.74852,3.10000,0.02728,0.00000
902,97.97960,0.01775,Ada ile odada gezin,False,True,-3.45754,4.48614,-7.72351,3.10000,0.02848,0.00000
903,97.99488,0.01528,Ada ile odada gezin,False,True,-3.47069,4.48600,-7.69933,3.10000,0.02753,0.00000
904,98.01232,0.01744,Ada ile odada gezin,False,True,-3.48440,4.48585,-7.67405,3.10000,0.02876,0.00000
905,98.02909,0.01677,Ada ile odada gezin,False,True,-3.49807,4.48572,-7.64884,3.10000,0.02867,0.00000
906,98.04568,0.01659,Ada ile odada gezin,False,True,-3.51141,4.48562,-7.62418,3.10000,0.02804,0.00000
907,98.06244,0.01676,Ada ile odada gezin,False,True,-3.52498,4.48551,-7.59907,3.10000,0.02855,0.00000
908,98.07835,0.01591,Ada ile odada gezin,False,True,-3.53799,4.48543,-7.57497,3.10000,0.02738,0.00000
909,98.09581,0.01746,Ada ile odada gezin,False,True,-3.55158,4.48534,-7.54978,3.10000,0.02862,0.00000
910,98.11188,0.01606,Ada ile odada gezin,False,True,-3.56490,4.48527,-7.52508,3.10000,0.02806,0.00000
911,98.12889,0.01701,Ada ile odada gezin,False,True,-3.57851,4.48520,-7.49982,3.10000,0.02870,0.00000
912,98.14733,0.01845,Ada ile odada gezin,False,True,-3.59254,4.48513,-7.47377,3.10000,0.02958,0.00000
913,98.16246,0.01513,Ada ile odada gezin,False,True,-3.60555,4.48509,-7.44959,3.10000,0.02746,0.00000
914,98.17903,0.01657,Ada ile odada gezin,False,True,-3.61904,4.48504,-7.42451,3.10000,0.02847,0.00000
915,98.19557,0.01654,Ada ile odada gezin,False,True,-3.63225,4.48500,-7.39994,3.10000,0.02790,0.00000
916,98.21226,0.01669,Ada ile odada gezin,False,True,-3.64581,4.48496,-7.37472,3.10000,0.02863,0.00000
917,98.22895,0.01669,Ada ile odada gezin,False,True,-3.65924,4.48492,-7.34975,3.10000,0.02835,0.00000
918,98.24562,0.01666,Ada ile odada gezin,False,True,-3.67247,4.48490,-7.32512,3.10000,0.02796,0.00000
919,98.26197,0.01636,Ada ile odada gezin,False,True,-3.68568,4.48487,-7.30053,3.10000,0.02792,0.00000
920,98.27853,0.01656,Ada ile odada gezin,False,True,-3.69904,4.48485,-7.27566,3.10000,0.02824,0.00000
921,98.29522,0.01669,Ada ile odada gezin,False,True,-3.71248,4.48482,-7.25064,3.10000,0.02839,0.00000
922,98.31249,0.01727,Ada ile odada gezin,False,True,-3.72634,4.48480,-7.22483,3.10000,0.02930,0.00000
923,98.32918,0.01668,Ada ile odada gezin,False,True,-3.73969,4.48478,-7.19997,3.10000,0.02822,0.00000
924,98.34549,0.01631,Ada ile odada gezin,False,True,-3.75267,4.48477,-7.17580,3.10000,0.02743,0.00000
925,98.36255,0.01706,Ada ile odada gezin,False,True,-3.76626,4.48475,-7.15049,3.10000,0.02872,0.00000
926,98.37862,0.01607,Ada ile odada gezin,False,True,-3.77944,4.48474,-7.12592,3.10000,0.02788,0.00000
927,98.39550,0.01689,Ada ile odada gezin,False,True,-3.79322,4.48473,-7.10026,3.10000,0.02912,0.00000
928,98.41218,0.01668,Ada ile odada gezin,False,True,-3.80637,4.48472,-7.07576,3.10000,0.02781,0.00000
929,98.42856,0.01638,Ada ile odada gezin,False,True,-3.81968,4.48471,-7.05095,3.10000,0.02816,0.00000
930,98.44662,0.01806,Ada ile odada gezin,False,True,-3.83345,4.48470,-7.02531,3.10000,0.02910,0.00000
931,98.46220,0.01558,Ada ile odada gezin,False,True,-3.84684,4.48470,-7.00035,3.10000,0.02833,0.00000
932,98.47914,0.01694,Ada ile odada gezin,False,True,-3.86004,4.48469,-6.97576,3.10000,0.02791,0.00000
933,98.49544,0.01630,Ada ile odada gezin,False,True,-3.87348,4.48469,-6.95070,3.10000,0.02843,0.00000
934,98.51195,0.01652,Ada ile odada gezin,False,True,-3.88653,4.48468,-6.92639,3.10000,0.02759,0.00000
935,98.52938,0.01743,Ada ile odada gezin,False,True,-3.90071,4.48467,-6.89997,3.10000,0.02998,0.00000
936,98.54624,0.01686,Ada ile odada gezin,False,True,-3.91406,4.48467,-6.87509,3.10000,0.02824,0.00000
937,98.56186,0.01562,Ada ile odada gezin,False,True,-3.92689,4.48467,-6.85118,3.10000,0.02714,0.00000
938,98.57939,0.01753,Ada ile odada gezin,False,True,-3.94064,4.48466,-6.82555,3.10000,0.02908,0.00000
939,98.59625,0.01686,Ada ile odada gezin,False,True,-3.95383,4.48466,-6.80097,3.10000,0.02789,0.00000
940,98.61270,0.01645,Ada ile odada gezin,False,True,-3.96708,4.48466,-6.77628,3.10000,0.02802,0.00000
941,98.62841,0.01571,Ada ile odada gezin,False,True,-3.98034,4.48466,-6.75155,3.10000,0.02806,0.00000
942,98.64527,0.01686,Ada ile odada gezin,False,True,-3.99381,4.48466,-6.72645,3.10000,0.02849,0.00000
943,98.66156,0.01629,Ada ile odada gezin,False,True,-4.00719,4.48466,-6.70153,3.10000,0.02829,0.00000
944,98.67875,0.01719,Ada ile odada gezin,False,True,-4.02095,4.48465,-6.67588,3.10000,0.02911,0.00000
945,98.69512,0.01637,Ada ile odada gezin,False,True,-4.03402,4.48465,-6.65152,3.10000,0.02765,0.00000
946,98.71209,0.01697,Ada ile odada gezin,False,True,-4.04775,4.48465,-6.62594,3.10000,0.02903,0.00000
947,98.72899,0.01690,Ada ile odada gezin,False,True,-4.06123,4.48465,-6.60080,3.10000,0.02852,0.00000
948,98.74541,0.01642,Ada ile odada gezin,False,True,-4.07435,4.48465,-6.57634,3.10000,0.02776,0.00000
949,98.76239,0.01698,Ada ile odada gezin,False,True,-4.08782,4.48465,-6.55125,3.10000,0.02848,0.00000
950,98.77921,0.01682,Ada ile odada gezin,False,True,-4.10125,4.48465,-6.52621,3.10000,0.02842,0.00000
951,98.79536,0.01615,Ada ile odada gezin,False,True,-4.11462,4.48465,-6.50132,3.10000,0.02825,0.00000
952,98.81253,0.01718,Ada ile odada gezin,False,True,-4.12795,4.48466,-6.47654,3.10000,0.02814,0.00000
953,98.82835,0.01582,Ada ile odada gezin,False,True,-4.14119,4.48467,-6.45192,3.10000,0.02795,0.00000
954,98.84560,0.01725,Ada ile odada gezin,False,True,-4.15508,4.48467,-6.42614,3.10000,0.02929,0.00000
955,98.86249,0.01689,Ada ile odada gezin,False,True,-4.16795,4.48469,-6.40226,3.10000,0.02712,0.00000
956,98.87848,0.01599,Ada ile odada gezin,False,True,-4.18146,4.48469,-6.37717,3.10000,0.02850,0.00000
957,98.89562,0.01714,Ada ile odada gezin,False,True,-4.19513,4.48469,-6.35180,3.10000,0.02882,0.00000
958,98.91235,0.01672,Ada ile odada gezin,False,True,-4.20878,4.48470,-6.32643,3.10000,0.02880,0.00000
959,98.92878,0.01644,Ada ile odada gezin,False,True,-4.22169,4.48471,-6.30245,3.10000,0.02724,0.00000
960,98.94512,0.01634,Ada ile odada gezin,False,True,-4.23494,4.48471,-6.27781,3.10000,0.02797,0.00000
961,98.96194,0.01682,Ada ile odada gezin,False,True,-4.24851,4.48471,-6.25261,3.10000,0.02862,0.00000
962,98.97835,0.01641,Ada ile odada gezin,False,True,-4.26172,4.48472,-6.22808,3.10000,0.02786,0.00000
963,98.99512,0.01677,Ada ile odada gezin,False,True,-4.27526,4.48472,-6.20293,3.10000,0.02857,0.00000
964,99.01202,0.01690,Ada ile odada gezin,False,True,-4.28880,4.48472,-6.17777,3.10000,0.02857,0.00000
965,99.02860,0.01658,Ada ile odada gezin,False,True,-4.30210,4.48472,-6.15307,3.10000,0.02805,0.00000
966,99.04529,0.01669,Ada ile odada gezin,False,True,-4.31553,4.48473,-6.12811,3.10000,0.02835,0.00000
967,99.06265,0.01736,Ada ile odada gezin,False,True,-4.32877,4.48473,-6.10349,3.10000,0.02795,0.00000
968,99.07851,0.01585,Ada ile odada gezin,False,True,-4.34205,4.48473,-6.07880,3.10000,0.02803,0.00000
969,99.09513,0.01662,Ada ile odada gezin,False,True,-4.35565,4.48473,-6.05353,3.10000,0.02870,0.00000
970,99.11179,0.01666,Ada ile odada gezin,False,True,-4.36890,4.48473,-6.02889,3.10000,0.02797,0.00000
971,99.12813,0.01635,Ada ile odada gezin,False,True,-4.38216,4.48473,-6.00425,3.10000,0.02799,0.00000
972,99.14574,0.01761,Ada ile odada gezin,False,True,-4.39551,4.48473,-5.97942,3.10000,0.02819,0.00000
973,99.16194,0.01620,Ada ile odada gezin,False,True,-4.40930,4.48473,-5.95378,3.10000,0.02912,0.00000
974,99.17883,0.01688,Ada ile odada gezin,False,True,-4.42273,4.48473,-5.92880,3.10000,0.02836,0.00000
975,99.19475,0.01592,Ada ile odada gezin,False,True,-4.43551,4.48474,-5.90497,3.10000,0.02704,0.00000
976,99.21166,0.01690,Ada ile odada gezin,False,True,-4.44893,4.48473,-5.87997,3.10000,0.02838,0.00000
977,99.22849,0.01684,Ada ile odada gezin,False,True,-4.46256,4.48472,-5.85455,3.10000,0.02884,0.00000
978,99.24543,0.01694,Ada ile odada gezin,False,True,-4.47591,4.48472,-5.82964,3.10000,0.02827,0.00000
979,99.26218,0.01675,Ada ile odada gezin,False,True,-4.48938,4.48472,-5.80449,3.10000,0.02853,0.00000
980,99.27956,0.01738,Ada ile odada gezin,False,True,-4.50271,4.48471,-5.77958,3.10000,0.02825,0.00000
981,99.29480,0.01524,Ada ile odada gezin,False,True,-4.51548,4.48471,-5.75569,3.10000,0.02709,0.00000
982,99.31211,0.01731,Ada ile odada gezin,False,True,-4.52920,4.48470,-5.72996,3.10000,0.02916,0.00000
983,99.32847,0.01636,Ada ile odada gezin,False,True,-4.54228,4.48468,-5.70531,3.10000,0.02791,0.00000
984,99.34565,0.01717,Ada ile odada gezin,False,True,-4.55578,4.48465,-5.67974,3.10000,0.02892,0.00000
985,99.36222,0.01657,Ada ile odada gezin,False,True,-4.56852,4.48458,-5.65473,3.10000,0.02807,0.00000
986,99.37843,0.01621,Ada ile odada gezin,False,True,-4.58024,4.48444,-5.63027,3.10000,0.02712,0.00000
987,99.39571,0.01728,Ada ile odada gezin,False,True,-4.59166,4.48420,-5.60418,3.10000,0.02848,0.00000
988,99.41207,0.01635,Ada ile odada gezin,False,True,-4.60150,4.48387,-5.57893,3.10000,0.02710,0.00000
989,99.42901,0.01694,Ada ile odada gezin,False,True,-4.60972,4.48348,-5.55457,3.10000,0.02571,0.00000
990,99.44543,0.01643,Ada ile odada gezin,False,True,-4.61712,4.48295,-5.52814,3.10000,0.02745,0.00000
991,99.46262,0.01719,Ada ile odada gezin,False,True,-4.62304,4.48243,-5.50288,3.10000,0.02595,0.00000
992,99.47901,0.01638,Ada ile odada gezin,False,True,-4.62812,4.48190,-5.47765,3.10000,0.02575,0.00000
993,99.49644,0.01743,Ada ile odada gezin,False,True,-4.63233,4.48141,-5.45307,3.10000,0.02494,0.00000
994,99.51293,0.01649,Ada ile odada gezin,False,True,-4.63584,4.48093,-5.42837,3.10000,0.02495,0.00000
995,99.52858,0.01565,Ada ile odada gezin,False,True,-4.63857,4.48049,-5.40456,3.10000,0.02397,0.00000
996,99.54518,0.01660,Ada ile odada gezin,False,True,-4.64086,4.48006,-5.38018,3.10000,0.02449,0.00000
997,99.56223,0.01705,Ada ile odada gezin,False,True,-4.64267,4.47968,-5.35614,3.10000,0.02411,0.00000
998,99.57854,0.01631,Ada ile odada gezin,False,True,-4.64410,4.47937,-5.33278,3.10000,0.02340,0.00000
999,99.59602,0.01748,Ada ile odada gezin,False,True,-4.64520,4.47907,-5.30866,3.10000,0.02415,0.00000
1000,99.61163,0.01561,Ada ile odada gezin,False,True,-4.64601,4.47885,-5.28625,3.10000,0.02242,0.00000
1001,99.62920,0.01756,Ada ile odada gezin,False,True,-4.64666,4.47867,-5.26311,3.10000,0.02315,0.00000
1002,99.64533,0.01613,Ada ile odada gezin,False,True,-4.64701,4.47854,-5.24087,3.10000,0.02225,0.00000
1003,99.66224,0.01691,Ada ile odada gezin,False,True,-4.64724,4.47845,-5.21891,3.10000,0.02196,0.00000
1004,99.67869,0.01645,Ada ile odada gezin,False,True,-4.64729,4.47840,-5.19708,3.10000,0.02183,0.00000
1005,99.69608,0.01739,Ada ile odada gezin,False,True,-4.64728,4.47839,-5.17562,3.10000,0.02146,0.00000
1006,99.71148,0.01540,Ada ile odada gezin,False,True,-4.64708,4.47842,-5.15486,3.10000,0.02076,0.00000
1007,99.72907,0.01759,Ada ile odada gezin,False,True,-4.64670,4.47847,-5.13347,3.10000,0.02140,0.00000
1008,99.74504,0.01597,Ada ile odada gezin,False,True,-4.64621,4.47856,-5.11397,3.10000,0.01951,0.00000
1009,99.76208,0.01703,Ada ile odada gezin,False,True,-4.64567,4.47866,-5.09344,3.10000,0.02054,0.00000
1010,99.77877,0.01670,Ada ile odada gezin,False,True,-4.64521,4.47881,-5.07371,3.10000,0.01973,0.00000
1011,99.79576,0.01698,Ada ile odada gezin,False,True,-4.64460,4.47896,-5.05397,3.10000,0.01975,0.00000
1012,99.81197,0.01621,Ada ile odada gezin,False,True,-4.64390,4.47913,-5.03502,3.10000,0.01897,0.00000
1013,99.82888,0.01691,Ada ile odada gezin,False,True,-4.64312,4.47932,-5.01679,3.10000,0.01825,0.00000
1014,99.84541,0.01653,Ada ile odada gezin,False,True,-4.64233,4.47953,-4.99771,3.10000,0.01909,0.00000
1015,99.86227,0.01686,Ada ile odada gezin,False,True,-4.64173,4.47977,-4.98017,3.10000,0.01756,0.00000
1016,99.87959,0.01732,Ada ile odada gezin,False,True,-4.64120,4.48003,-4.96150,3.10000,0.01868,0.00000
1017,99.89577,0.01618,Ada ile odada gezin,False,True,-4.64088,4.48031,-4.94373,3.10000,0.01778,0.00000
1018,99.91189,0.01612,Ada ile odada gezin,False,True,-4.64061,4.48060,-4.92690,3.10000,0.01684,0.00000
1019,99.92810,0.01622,Ada ile odada gezin,False,True,-4.64037,4.48090,-4.91032,3.10000,0.01658,0.00000
1020,99.94537,0.01727,Ada ile odada gezin,False,True,-4.64004,4.48121,-4.89303,3.10000,0.01729,0.00000
1021,99.96199,0.01662,Ada ile odada gezin,False,True,-4.63967,4.48149,-4.87691,3.10000,0.01614,0.00000
1022,99.98400,0.02201,Ada ile odada gezin,False,True,-4.63924,4.48182,-4.85568,3.10000,0.02123,0.00000
1023,99.99261,0.00861,Ada ile odada gezin,False,True,-4.63904,4.48202,-4.84779,3.10000,0.00789,0.00000
1024,100.01162,0.01901,Ada ile odada gezin,False,True,-4.63861,4.48234,-4.82960,3.10000,0.01820,0.00000
1025,100.02959,0.01797,Ada ile odada gezin,False,True,-4.63823,4.48265,-4.81345,3.10000,0.01616,0.00000
1026,100.04562,0.01603,Ada ile odada gezin,False,True,-4.63788,4.48295,-4.79879,3.10000,0.01467,0.00000
1027,100.06502,0.01941,Ada ile odada gezin,False,True,-4.63740,4.48326,-4.78195,3.10000,0.01685,0.00000
1028,100.08087,0.01585,Ada ile odada gezin,False,True,-4.63683,4.48353,-4.76812,3.10000,0.01384,0.00000
1029,100.09673,0.01586,Ada ile odada gezin,False,True,-4.63624,4.48380,-4.75490,3.10000,0.01324,0.00000
1030,100.11449,0.01776,Ada ile odada gezin,False,True,-4.63560,4.48409,-4.73970,3.10000,0.01521,0.00000
1031,100.13006,0.01557,Ada ile odada gezin,False,True,-4.63507,4.48436,-4.72666,3.10000,0.01306,0.00000
1032,100.14580,0.01574,Ada ile odada gezin,False,True,-4.63457,4.48462,-4.71401,3.10000,0.01267,0.00000
1033,100.16399,0.01819,Ada ile odada gezin,False,True,-4.63388,4.48489,-4.69929,3.10000,0.01473,0.00000
1034,100.17942,0.01543,Ada ile odada gezin,False,True,-4.63332,4.48515,-4.68707,3.10000,0.01224,0.00000
1035,100.22204,0.04262,Ada ile odada gezin,False,True,-4.63183,4.48547,-4.65125,3.10000,0.03585,0.00000
1036,100.23086,0.00882,Ada ile odada gezin,False,True,-4.63155,4.48570,-4.64482,3.10000,0.00644,0.00000
1037,100.23927,0.00841,Ada ile odada gezin,False,True,-4.63132,4.48591,-4.63865,3.10000,0.00618,0.00000
1038,100.25546,0.01619,Ada ile odada gezin,False,True,-4.63099,4.48624,-4.62700,3.10000,0.01166,0.00000
1039,100.27293,0.01748,Ada ile odada gezin,False,True,-4.63070,4.48655,-4.61486,3.10000,0.01215,0.00000
1040,100.28877,0.01584,Ada ile odada gezin,False,True,-4.63044,4.48684,-4.60367,3.10000,0.01119,0.00000
1041,100.30599,0.01722,Ada ile odada gezin,False,True,-4.63002,4.48712,-4.59196,3.10000,0.01172,0.00000
1042,100.32268,0.01668,Ada ile odada gezin,False,True,-4.62949,4.48738,-4.58066,3.10000,0.01132,0.00000
1043,100.34014,0.01747,Ada ile odada gezin,False,True,-4.62883,4.48762,-4.56945,3.10000,0.01123,0.00000
1044,100.35645,0.01631,Ada ile odada gezin,False,True,-4.62804,4.48785,-4.55874,3.10000,0.01074,0.00000
1045,100.37302,0.01657,Ada ile odada gezin,False,True,-4.62719,4.48807,-4.54817,3.10000,0.01061,0.00000
1046,100.38987,0.01685,Ada ile odada gezin,False,True,-4.62627,4.48828,-4.53747,3.10000,0.01074,0.00000
1047,100.40580,0.01593,Ada ile odada gezin,False,True,-4.62533,4.48847,-4.52745,3.10000,0.01006,0.00000
1048,100.42222,0.01642,Ada ile odada gezin,False,True,-4.62413,4.48864,-4.51740,3.10000,0.01012,0.00000
1049,100.43905,0.01683,Ada ile odada gezin,False,True,-4.62266,4.48879,-4.50726,3.10000,0.01025,0.00000
1050,100.45580,0.01674,Ada ile odada gezin,False,True,-4.62113,4.48895,-4.49732,3.10000,0.01006,0.00000
1051,100.47270,0.01690,Ada ile odada gezin,False,True,-4.61954,4.48909,-4.48757,3.10000,0.00988,0.00000
1052,100.48941,0.01671,Ada ile odada gezin,False,True,-4.61787,4.48924,-4.47791,3.10000,0.00980,0.00000
1053,100.50588,0.01647,Ada ile odada gezin,False,True,-4.61626,4.48938,-4.46865,3.10000,0.00941,0.00000
1054,100.52294,0.01706,Ada ile odada gezin,False,True,-4.61442,4.48951,-4.45931,3.10000,0.00952,0.00000
1055,100.53964,0.01670,Ada ile odada gezin,False,True,-4.61235,4.48963,-4.45019,3.10000,0.00935,0.00000
1056,100.55576,0.01612,Ada ile odada gezin,False,True,-4.60979,4.48971,-4.44150,3.10000,0.00905,0.00000
1057,100.57206,0.01630,Ada ile odada gezin,False,True,-4.60670,4.48973,-4.43275,3.10000,0.00928,0.00000
1058,100.58955,0.01748,Ada ile odada gezin,False,True,-4.60252,4.48967,-4.42371,3.10000,0.00996,0.00000
1059,100.60558,0.01603,Ada ile odada gezin,False,True,-4.59785,4.48957,-4.41523,3.10000,0.00968,0.00000
1060,100.62383,0.01825,Ada ile odada gezin,False,True,-4.59221,4.48942,-4.40628,3.10000,0.01058,0.00000
1061,100.64066,0.01683,Ada ile odada gezin,False,True,-4.58624,4.48927,-4.39765,3.10000,0.01049,0.00000
1062,100.65564,0.01498,Ada ile odada gezin,False,True,-4.58030,4.48913,-4.38963,3.10000,0.00999,0.00000
1063,100.67274,0.01710,Ada ile odada gezin,False,True,-4.57370,4.48897,-4.38123,3.10000,0.01068,0.00000
1064,100.68952,0.01678,Ada ile odada gezin,False,True,-4.56660,4.48879,-4.37262,3.10000,0.01116,0.00000
1065,100.70580,0.01628,Ada ile odada gezin,False,True,-4.55971,4.48865,-4.36455,3.10000,0.01061,0.00000
1066,100.72224,0.01645,Ada ile odada gezin,False,True,-4.55229,4.48846,-4.35613,3.10000,0.01123,0.00000
1067,100.73907,0.01683,Ada ile odada gezin,False,True,-4.54471,4.48830,-4.34772,3.10000,0.01132,0.00000
1068,100.75595,0.01687,Ada ile odada gezin,False,True,-4.53675,4.48810,-4.33908,3.10000,0.01175,0.00000
1069,100.77311,0.01717,Ada ile odada gezin,False,True,-4.52834,4.48783,-4.33014,3.10000,0.01227,0.00000
1070,100.78905,0.01593,Ada ile odada gezin,False,True,-4.51966,4.48748,-4.32104,3.10000,0.01258,0.00000
1071,100.80587,0.01683,Ada ile odada gezin,False,True,-4.50960,4.48697,-4.31066,3.10000,0.01447,0.00000
1072,100.82220,0.01632,Ada ile odada gezin,False,True,-4.49916,4.48636,-4.29998,3.10000,0.01494,0.00000
1073,100.84017,0.01797,Ada ile odada gezin,False,True,-4.48560,4.48555,-4.28793,3.10000,0.01816,0.00000
1074,100.85615,0.01598,Ada ile odada gezin,False,True,-4.47226,4.48478,-4.27711,3.10000,0.01719,0.00000
1075,100.87256,0.01641,Ada ile odada gezin,False,True,-4.45696,4.48396,-4.26599,3.10000,0.01894,0.00000
1076,100.88905,0.01649,Ada ile odada gezin,False,True,-4.44043,4.48316,-4.25537,3.10000,0.01966,0.00000
1077,100.90568,0.01663,Ada ile odada gezin,False,True,-4.42202,4.48240,-4.24510,3.10000,0.02109,0.00000
1078,100.92236,0.01668,Ada ile odada gezin,False,True,-4.40219,4.48170,-4.23566,3.10000,0.02198,0.00000
1079,100.93944,0.01708,Ada ile odada gezin,False,True,-4.38092,4.48110,-4.22722,3.10000,0.02289,0.00000
1080,100.95565,0.01621,Ada ile odada gezin,False,True,-4.35912,4.48060,-4.21997,3.10000,0.02298,0.00000
1081,100.97244,0.01679,Ada ile odada gezin,False,True,-4.33573,4.48017,-4.21333,3.10000,0.02432,0.00000
1082,100.98907,0.01663,Ada ile odada gezin,False,True,-4.31136,4.47979,-4.20733,3.10000,0.02510,0.00000
1083,101.00640,0.01733,Ada ile odada gezin,False,True,-4.28600,4.47946,-4.20183,3.10000,0.02594,0.00000
1084,101.02238,0.01598,Ada ile odada gezin,False,True,-4.26156,4.47921,-4.19705,3.10000,0.02491,0.00000
1085,101.03895,0.01657,Ada ile odada gezin,False,True,-4.23550,4.47897,-4.19242,3.10000,0.02647,0.00000
1086,101.05546,0.01651,Ada ile odada gezin,False,True,-4.20941,4.47877,-4.18816,3.10000,0.02644,0.00000
1087,101.07293,0.01747,Ada ile odada gezin,False,True,-4.18151,4.47858,-4.18394,3.10000,0.02821,0.00000
1088,101.08886,0.01594,Ada ile odada gezin,False,True,-4.15562,4.47844,-4.18025,3.10000,0.02615,0.00000
1089,101.10642,0.01756,Ada ile odada gezin,False,True,-4.12732,4.47830,-4.17643,3.10000,0.02855,0.00000
1090,101.12313,0.01671,Ada ile odada gezin,False,True,-4.10031,4.47819,-4.17295,3.10000,0.02724,0.00000
1091,101.13974,0.01661,Ada ile odada gezin,False,True,-4.07381,4.47811,-4.16966,3.10000,0.02670,0.00000
1092,101.15659,0.01685,Ada ile odada gezin,False,True,-4.04433,4.47800,-4.16613,3.10000,0.02969,0.00000
1093,101.17285,0.01626,Ada ile odada gezin,False,True,-4.01762,4.47794,-4.16300,3.10000,0.02689,0.00000
1094,101.18916,0.01631,Ada ile odada gezin,False,True,-3.99020,4.47788,-4.15987,3.10000,0.02761,0.00000
1095,101.20551,0.01635,Ada ile odada gezin,False,True,-3.96296,4.47783,-4.15682,3.10000,0.02740,0.00000
1096,101.22252,0.01702,Ada ile odada gezin,False,True,-3.93448,4.47778,-4.15369,3.10000,0.02865,0.00000
1097,101.23899,0.01647,Ada ile odada gezin,False,True,-3.90702,4.47774,-4.15070,3.10000,0.02762,0.00000
1098,101.25670,0.01771,Ada ile odada gezin,False,True,-3.87810,4.47770,-4.14760,3.10000,0.02909,0.00000
1099,101.27257,0.01587,Ada ile odada gezin,False,True,-3.85054,4.47767,-4.14466,3.10000,0.02771,0.00000
1100,101.28888,0.01631,Ada ile odada gezin,False,True,-3.82283,4.47764,-4.14173,3.10000,0.02786,0.00000
1101,101.30657,0.01769,Ada ile odada gezin,False,True,-3.79366,4.47761,-4.13867,3.10000,0.02933,0.00000
1102,101.32265,0.01607,Ada ile odada gezin,False,True,-3.76594,4.47759,-4.13578,3.10000,0.02788,0.00000
1103,101.33890,0.01626,Ada ile odada gezin,False,True,-3.73832,4.47758,-4.13290,3.10000,0.02776,0.00000
1104,101.35569,0.01679,Ada ile odada gezin,False,True,-3.71039,4.47756,-4.13001,3.10000,0.02808,0.00000
1105,101.37234,0.01664,Ada ile odada gezin,False,True,-3.68196,4.47755,-4.12707,3.10000,0.02858,0.00000
1106,101.38859,0.01625,Ada ile odada gezin,False,True,-3.65440,4.47754,-4.12423,3.10000,0.02771,0.00000
1107,101.40631,0.01773,Ada ile odada gezin,False,True,-3.62552,4.47752,-4.12126,3.10000,0.02903,0.00000
1108,101.42308,0.01676,Ada ile odada gezin,False,True,-3.59662,4.47751,-4.11830,3.10000,0.02905,0.00000
1109,101.43905,0.01597,Ada ile odada gezin,False,True,-3.56921,4.47750,-4.11548,3.10000,0.02755,0.00000
1110,101.45590,0.01685,Ada ile odada gezin,False,True,-3.54169,4.47750,-4.11266,3.10000,0.02767,0.00000
1111,101.47258,0.01668,Ada ile odada gezin,False,True,-3.51262,4.47749,-4.10969,3.10000,0.02922,0.00000
1112,101.48870,0.01612,Ada ile odada gezin,False,True,-3.48502,4.47749,-4.10686,3.10000,0.02774,0.00000
1113,101.50610,0.01740,Ada ile odada gezin,False,True,-3.45678,4.47748,-4.10398,3.10000,0.02838,0.00000
1114,101.52244,0.01634,Ada ile odada gezin,False,True,-3.42825,4.47747,-4.10106,3.10000,0.02869,0.00000
1115,101.53975,0.01731,Ada ile odada gezin,False,True,-3.39972,4.47747,-4.09815,3.10000,0.02867,0.00000
1116,101.55536,0.01561,Ada ile odada gezin,False,True,-3.37242,4.47747,-4.09536,3.10000,0.02744,0.00000
1117,101.57240,0.01703,Ada ile odada gezin,False,True,-3.34397,4.47746,-4.09246,3.10000,0.02860,0.00000
1118,101.58975,0.01735,Ada ile odada gezin,False,True,-3.31436,4.47745,-4.08944,3.10000,0.02976,0.00000
1119,101.60577,0.01602,Ada ile odada gezin,False,True,-3.28759,4.47746,-4.08670,3.10000,0.02691,0.00000
1120,101.62298,0.01721,Ada ile odada gezin,False,True,-3.25873,4.47745,-4.08376,3.10000,0.02900,0.00000
1121,101.63981,0.01683,Ada ile odada gezin,False,True,-3.23126,4.47746,-4.08096,3.10000,0.02761,0.00000
1122,101.65525,0.01545,Ada ile odada gezin,False,True,-3.20357,4.47746,-4.07813,3.10000,0.02784,0.00000
1123,101.67261,0.01736,Ada ile odada gezin,False,True,-3.17478,4.47745,-4.07520,3.10000,0.02894,0.00000
1124,101.68923,0.01662,Ada ile odada gezin,False,True,-3.14603,4.47745,-4.07227,3.10000,0.02889,0.00000
1125,101.70630,0.01707,Ada ile odada gezin,False,True,-3.11781,4.47745,-4.06939,3.10000,0.02837,0.00000
1126,101.72211,0.01581,Ada ile odada gezin,False,True,-3.09085,4.47745,-4.06664,3.10000,0.02709,0.00000
1127,101.73893,0.01682,Ada ile odada gezin,False,True,-3.06214,4.47745,-4.06371,3.10000,0.02886,0.00000
1128,101.75579,0.01686,Ada ile odada gezin,False,True,-3.03356,4.47744,-4.06080,3.10000,0.02873,0.00000
1129,101.77227,0.01648,Ada ile odada gezin,False,True,-3.00554,4.47744,-4.05794,3.10000,0.02817,0.00000
1130,101.78967,0.01740,Ada ile odada gezin,False,True,-2.97738,4.47744,-4.05507,3.10000,0.02831,0.00000
1131,101.80581,0.01613,Ada ile odada gezin,False,True,-2.94977,4.47745,-4.05225,3.10000,0.02775,0.00000
1132,101.82303,0.01722,Ada ile odada gezin,False,True,-2.92069,4.47744,-4.04929,3.10000,0.02923,0.00000
1133,101.83946,0.01643,Ada ile odada gezin,False,True,-2.89329,4.47745,-4.04649,3.10000,0.02754,0.00000
1134,101.85585,0.01639,Ada ile odada gezin,False,True,-2.86424,4.47744,-4.04354,3.10000,0.02920,0.00000
1135,101.87297,0.01712,Ada ile odada gezin,False,True,-2.83655,4.47744,-4.04071,3.10000,0.02783,0.00000
1136,101.88892,0.01595,Ada ile odada gezin,False,True,-2.80897,4.47745,-4.03790,3.10000,0.02773,0.00000
1137,101.90518,0.01626,Ada ile odada gezin,False,True,-2.78063,4.47744,-4.03501,3.10000,0.02848,0.00000
1138,101.92189,0.01671,Ada ile odada gezin,False,True,-2.75254,4.47744,-4.03214,3.10000,0.02823,0.00000
1139,101.93994,0.01804,Ada ile odada gezin,False,True,-2.72334,4.47744,-4.02917,3.10000,0.02936,0.00000
1140,101.95559,0.01565,Ada ile odada gezin,False,True,-2.69573,4.47744,-4.02635,3.10000,0.02775,0.00000
1141,101.97227,0.01669,Ada ile odada gezin,False,True,-2.66800,4.47744,-4.02352,3.10000,0.02788,0.00000
1142,101.98882,0.01655,Ada ile odada gezin,False,True,-2.63908,4.47744,-4.02058,3.10000,0.02906,0.00000
1143,102.00550,0.01668,Ada ile odada gezin,False,True,-2.61143,4.47744,-4.01776,3.10000,0.02780,0.00000
1144,102.02221,0.01670,Ada ile odada gezin,False,True,-2.58281,4.47744,-4.01484,3.10000,0.02877,0.00000
1145,102.03916,0.01695,Ada ile odada gezin,False,True,-2.55394,4.47745,-4.01189,3.10000,0.02902,0.00000
1146,102.07414,0.03498,Yakından incele · map,True,True,-2.52214,4.47654,-4.00471,3.09843,0.03261,0.00000
1147,102.08214,0.00800,Yakından incele · map,True,True,-2.49943,4.47121,-3.98058,3.08967,0.03357,0.28804
1148,102.09794,0.01580,Yakından incele · map,True,True,-2.47736,4.46604,-3.95712,3.08116,0.03263,0.27976
1149,102.11439,0.01645,Yakından incele · map,True,True,-2.44622,4.45873,-3.92403,3.06916,0.04602,0.39762
1150,102.13179,0.01739,Yakından incele · map,True,True,-2.40746,4.44964,-3.88284,3.05421,0.05729,0.49732
1151,102.14806,0.01627,Yakından incele · map,True,True,-2.36214,4.43901,-3.83467,3.03673,0.06699,0.58148
1152,102.16508,0.01702,Yakından incele · map,True,True,-2.31096,4.42700,-3.78028,3.01700,0.07564,0.65730
1153,102.18094,0.01586,Yakından incele · map,True,True,-2.25477,4.41383,-3.72056,2.99533,0.08304,0.72199
1154,102.19828,0.01734,Yakından incele · map,True,True,-2.19024,4.39869,-3.65198,2.97045,0.09538,0.82992
1155,102.21473,0.01645,Yakından incele · map,True,True,-2.11953,4.38210,-3.57684,2.94319,0.10450,0.90913
1156,102.23159,0.01686,Yakından incele · map,True,True,-2.04665,4.36501,-3.49938,2.91508,0.10772,0.93794
1157,102.24804,0.01645,Yakından incele · map,True,True,-1.96624,4.34614,-3.41392,2.88408,0.11885,1.03551
1158,102.26494,0.01690,Yakından incele · map,True,True,-1.88154,4.32628,-3.32390,2.85142,0.12519,1.09073
1159,102.28173,0.01679,Yakından incele · map,True,True,-1.78958,4.30471,-3.22618,2.81596,0.13591,1.18364
1160,102.29764,0.01592,Yakından incele · map,True,True,-1.69786,4.28319,-3.12870,2.78060,0.13557,1.18100
1161,102.31421,0.01657,Yakından incele · map,True,True,-1.60004,4.26025,-3.02473,2.74288,0.14458,1.25988
1162,102.33140,0.01719,Yakından incele · map,True,True,-1.49654,4.23597,-2.91474,2.70297,0.15297,1.33235
1163,102.34801,0.01661,Yakından incele · map,True,True,-1.38831,4.21058,-2.79972,2.66123,0.15997,1.39323
1164,102.36442,0.01642,Yakından incele · map,True,True,-1.28032,4.18525,-2.68495,2.61960,0.15960,1.38929
1165,102.38113,0.01671,Yakından incele · map,True,True,-1.16919,4.15918,-2.56684,2.57675,0.16426,1.43037
1166,102.39801,0.01688,Yakından incele · map,True,True,-1.05383,4.13213,-2.44425,2.53227,0.17049,1.48514
1167,102.41473,0.01671,Yakından incele · map,True,True,-0.93439,4.10411,-2.31731,2.48621,0.17654,1.53795
1168,102.43138,0.01665,Yakından incele · map,True,True,-0.81547,4.07621,-2.19092,2.44035,0.17577,1.53081
1169,102.44843,0.01705,Yakından incele · map,True,True,-0.69231,4.04733,-2.06004,2.39287,0.18202,1.58507
1170,102.46507,0.01664,Yakından incele · map,True,True,-0.56984,4.01860,-1.92988,2.34564,0.18102,1.57616
1171,102.48203,0.01696,Yakından incele · map,True,True,-0.44098,3.98837,-1.79293,2.29596,0.19046,1.65890
1172,102.49775,0.01572,Yakından incele · map,True,True,-0.31521,3.95887,-1.65926,2.24746,0.18589,1.61975
1173,102.51427,0.01652,Yakından incele · map,True,True,-0.18824,3.92909,-1.52433,2.19850,0.18766,1.63514
1174,102.53162,0.01736,Yakından incele · map,True,True,-0.05614,3.89810,-1.38393,2.14756,0.19525,1.70084
1175,102.54800,0.01638,Yakından incele · map,True,True,0.07209,3.86802,-1.24765,2.09812,0.18952,1.65134
1176,102.56412,0.01611,Yakından incele · map,True,True,0.19918,3.83821,-1.11259,2.04912,0.18784,1.63706
1177,102.58130,0.01718,Yakından incele · map,True,True,0.33029,3.80746,-0.97326,1.99856,0.19377,1.68883
1178,102.59755,0.01626,Yakından incele · map,True,True,0.45921,3.77722,-0.83624,1.94885,0.19055,1.66079
1179,102.61459,0.01703,Yakından incele · map,True,True,0.59017,3.74650,-0.69706,1.89836,0.19356,1.68651
1180,102.63120,0.01661,Yakından incele · map,True,True,0.71849,3.71640,-0.56069,1.84888,0.18965,1.65181
1181,102.64829,0.01710,Yakından incele · map,True,True,0.84278,3.68725,-0.42860,1.80095,0.18370,1.60031
1182,102.66456,0.01627,Yakından incele · map,True,True,0.97102,3.65716,-0.29231,1.75150,0.18954,1.65134
1183,102.68126,0.01670,Yakından incele · map,True,True,1.09536,3.62800,-0.16016,1.70356,0.18377,1.60128
1184,102.69781,0.01655,Yakından incele · map,True,True,1.21443,3.60007,-0.03362,1.65765,0.17598,1.53286
1185,102.71439,0.01658,Yakından incele · map,True,True,1.33518,3.57175,0.09470,1.61109,0.17846,1.55466
1186,102.73191,0.01753,Yakından incele · map,True,True,1.45526,3.54358,0.22232,1.56479,0.17748,1.54608
1187,102.74795,0.01604,Yakından incele · map,True,True,1.56964,3.51675,0.34388,1.52069,0.16905,1.47350
1188,102.76434,0.01639,Yakından incele · map,True,True,1.68053,3.49074,0.46174,1.47793,0.16390,1.42873
1189,102.78135,0.01701,Yakından incele · map,True,True,1.79084,3.46486,0.57897,1.43539,0.16304,1.41994
1190,102.79787,0.01652,Yakından incele · map,True,True,1.89722,3.43991,0.69202,1.39437,0.15722,1.36828
1191,102.81475,0.01688,Yakından incele · map,True,True,1.99811,3.41625,0.79924,1.35547,0.14912,1.29903
1192,102.83099,0.01624,Yakından incele · map,True,True,2.09571,3.39335,0.90297,1.31784,0.14426,1.25801
1193,102.84791,0.01692,Yakından incele · map,True,True,2.19017,3.37119,1.00336,1.28142,0.13961,1.21690
1194,102.86470,0.01679,Yakından incele · map,True,True,2.27826,3.35053,1.09698,1.24745,0.13020,1.13435
1195,102.88129,0.01659,Yakından incele · map,True,True,2.36498,3.33019,1.18914,1.21401,0.12817,1.11626
1196,102.89821,0.01691,Yakından incele · map,True,True,2.44476,3.31148,1.27393,1.18325,0.11792,1.02716
1197,102.91425,0.01605,Yakından incele · map,True,True,2.51739,3.29444,1.35112,1.15524,0.10735,0.93544
1198,102.93101,0.01676,Yakından incele · map,True,True,2.58700,3.27811,1.42510,1.12840,0.10288,0.89525
1199,102.94748,0.01647,Yakından incele · map,True,True,2.65024,3.26328,1.49231,1.10402,0.09347,0.81373
1200,102.96440,0.01692,Yakından incele · map,True,True,2.70835,3.24965,1.55406,1.08161,0.08589,0.74755
1201,102.98085,0.01645,Yakından incele · map,True,True,2.75829,3.23793,1.60714,1.06236,0.07381,0.64163
1202,102.99786,0.01701,Yakından incele · map,True,True,2.80407,3.22719,1.65579,1.04470,0.06767,0.58817
1203,103.01453,0.01667,Yakından incele · map,True,True,2.84213,3.21827,1.69624,1.03003,0.05625,0.48779
1204,103.03094,0.01640,Yakından incele · map,True,True,2.87190,3.21128,1.72788,1.01855,0.04400,0.38155
1205,103.04781,0.01688,Yakından incele · map,True,True,2.89551,3.20575,1.75297,1.00944,0.03490,0.30132
1206,103.06468,0.01687,Yakından incele · map,True,True,2.91131,3.20204,1.76976,1.00335,0.02335,0.19383
1207,103.08143,0.01675,Yakından incele · map,True,True,2.91918,3.20019,1.77812,1.00032,0.01163,0.00000
1208,103.09801,0.01658,Yakından incele · map,False,True,2.92000,3.20000,1.77900,1.00000,0.00122,0.00000
1209,103.11524,0.01722,Yakından incele · map,False,True,2.92000,3.20000,1.77900,1.00000,0.00000,0.00000
1210,103.12922,0.01398,Yakından incele · map,False,True,2.92000,3.20000,1.77900,1.00000,0.00000,0.00000
1211,103.14757,0.01835,Yakından incele · map,False,True,2.92000,3.20000,1.77900,1.00000,0.00000,0.00000
1212,103.16444,0.01687,Yakından incele · map,False,True,2.92000,3.20000,1.77900,1.00000,0.00000,0.00000
1213,103.18118,0.01675,Yakından incele · map,False,True,2.92000,3.20000,1.77900,1.00000,0.00000,0.00000
1214,103.19828,0.01710,Yakından incele · map,False,True,2.92000,3.20000,1.77900,1.00000,0.00000,0.00000
1215,103.21467,0.01639,Yakından incele · map,False,True,2.92000,3.20000,1.77900,1.00000,0.00000,0.00000
1216,103.23134,0.01667,Yakından incele · map,False,True,2.92000,3.20000,1.77900,1.00000,0.00000,0.00000
1217,103.24778,0.01644,Yakından incele · map,False,True,2.92000,3.20000,1.77900,1.00000,0.00000,0.00000
1218,103.26506,0.01728,Yakından incele · map,False,True,2.92000,3.20000,1.77900,1.00000,0.00000,0.00000
1219,103.28139,0.01632,Yakından incele · map,False,True,2.92000,3.20000,1.77900,1.00000,0.00000,0.00000
1220,103.29758,0.01619,Yakından incele · map,False,True,2.92000,3.20000,1.77900,1.00000,0.00000,0.00000
1221,103.31457,0.01699,Yakından incele · map,False,True,2.92000,3.20000,1.77900,1.00000,0.00000,0.00000
1222,103.33106,0.01649,Yakından incele · map,False,True,2.92000,3.20000,1.77900,1.00000,0.00000,0.00000
1223,103.34796,0.01689,Yakından incele · map,False,True,2.92000,3.20000,1.77900,1.00000,0.00000,0.00000
1224,103.36419,0.01623,Yakından incele · map,False,True,2.92000,3.20000,1.77900,1.00000,0.00000,0.00000
1225,103.38139,0.01721,Yakından incele · map,False,True,2.92000,3.20000,1.77900,1.00000,0.00000,0.00000
1226,103.39798,0.01659,Yakından incele · map,False,True,2.92000,3.20000,1.77900,1.00000,0.00000,0.00000
1227,103.41436,0.01637,Yakından incele · map,False,True,2.92000,3.20000,1.77900,1.00000,0.00000,0.00000
1228,103.43094,0.01659,Yakından incele · map,False,True,2.92000,3.20000,1.77900,1.00000,0.00000,0.00000
1229,103.44814,0.01720,Yakından incele · map,False,True,2.92000,3.20000,1.77900,1.00000,0.00000,0.00000
1230,103.46531,0.01717,Yakından incele · map,False,True,2.92000,3.20000,1.77900,1.00000,0.00000,0.00000
1231,103.48121,0.01590,Yakından incele · map,False,True,2.92000,3.20000,1.77900,1.00000,0.00000,0.00000
1232,103.49863,0.01742,Yakından incele · map,False,True,2.92000,3.20000,1.77900,1.00000,0.00000,0.00000
1233,103.51443,0.01580,Yakından incele · map,False,True,2.92000,3.20000,1.77900,1.00000,0.00000,0.00000
1234,103.53183,0.01740,Yakından incele · map,False,True,2.92000,3.20000,1.77900,1.00000,0.00000,0.00000
1235,103.54788,0.01605,Yakından incele · map,False,True,2.92000,3.20000,1.77900,1.00000,0.00000,0.00000
1236,103.56453,0.01664,Yakından incele · map,False,True,2.92000,3.20000,1.77900,1.00000,0.00000,0.00000
1237,103.58096,0.01644,Yakından incele · map,False,True,2.92000,3.20000,1.77900,1.00000,0.00000,0.00000
1238,103.59766,0.01670,Yakından incele · map,False,True,2.92000,3.20000,1.77900,1.00000,0.00000,0.00000
1239,103.61459,0.01693,Yakından incele · map,False,True,2.92000,3.20000,1.77900,1.00000,0.00000,0.00000
1240,103.63152,0.01693,Yakından incele · map,False,True,2.92000,3.20000,1.77900,1.00000,0.00000,0.00000
1241,103.64767,0.01616,Yakından incele · map,False,True,2.92000,3.20000,1.77900,1.00000,0.00000,0.00000
1242,103.66512,0.01745,Yakından incele · map,False,True,2.92000,3.20000,1.77900,1.00000,0.00000,0.00000
1243,103.68122,0.01610,Yakından incele · map,False,True,2.92000,3.20000,1.77900,1.00000,0.00000,0.00000
1244,103.69757,0.01635,Yakından incele · map,False,True,2.92000,3.20000,1.77900,1.00000,0.00000,0.00000
1245,103.71416,0.01658,Yakından incele · map,False,True,2.92000,3.20000,1.77900,1.00000,0.00000,0.00000
1246,103.73083,0.01668,Yakından incele · map,False,True,2.92000,3.20000,1.77900,1.00000,0.00000,0.00000
1247,103.74764,0.01680,Yakından incele · map,False,True,2.92000,3.20000,1.77900,1.00000,0.00000,0.00000
1248,103.76452,0.01689,Yakından incele · map,False,True,2.92000,3.20000,1.77900,1.00000,0.00000,0.00000
1249,103.78141,0.01689,Yakından incele · map,False,True,2.92000,3.20000,1.77900,1.00000,0.00000,0.00000
1250,103.79757,0.01616,Yakından incele · map,False,True,2.92000,3.20000,1.77900,1.00000,0.00000,0.00000
1251,103.81428,0.01671,Yakından incele · map,False,True,2.92000,3.20000,1.77900,1.00000,0.00000,0.00000
1252,103.83118,0.01690,Yakından incele · map,False,True,2.92000,3.20000,1.77900,1.00000,0.00000,0.00000
1253,103.84795,0.01676,Yakından incele · map,False,True,2.92000,3.20000,1.77900,1.00000,0.00000,0.00000
1254,103.86438,0.01644,Yakından incele · map,False,True,2.92000,3.20000,1.77900,1.00000,0.00000,0.00000
1255,103.88133,0.01695,Yakından incele · map,False,True,2.92000,3.20000,1.77900,1.00000,0.00000,0.00000
1256,103.89812,0.01680,Yakından incele · map,False,True,2.92000,3.20000,1.77900,1.00000,0.00000,0.00000
1257,103.91441,0.01629,Yakından incele · map,False,True,2.92000,3.20000,1.77900,1.00000,0.00000,0.00000
1258,103.93071,0.01630,Yakından incele · map,False,True,2.92000,3.20000,1.77900,1.00000,0.00000,0.00000
1259,103.95317,0.02246,Yakından incele · map,False,True,2.92000,3.20000,1.77900,1.00000,0.00000,0.00000
1260,103.96887,0.01570,Yakından incele · map,False,True,2.92000,3.20000,1.77900,1.00000,0.00000,0.00000
1261,103.98619,0.01732,Yakından incele · map,False,True,2.92000,3.20000,1.77900,1.00000,0.00000,0.00000
1262,104.00296,0.01677,Yakından incele · map,False,True,2.92000,3.20000,1.77900,1.00000,0.00000,0.00000
1263,104.01977,0.01681,Yakından incele · map,False,True,2.92000,3.20000,1.77900,1.00000,0.00000,0.00000
1264,104.03548,0.01570,Yakından incele · map,False,True,2.92000,3.20000,1.77900,1.00000,0.00000,0.00000
1265,104.05389,0.01842,Yakından incele · map,False,True,2.92000,3.20000,1.77900,1.00000,0.00000,0.00000
1266,104.07028,0.01639,Yakından incele · map,False,True,2.92000,3.20000,1.77900,1.00000,0.00000,0.00000
1267,104.08671,0.01644,Yakından incele · map,False,True,2.92000,3.20000,1.77900,1.00000,0.00000,0.00000
1268,104.10341,0.01669,Yakından incele · map,False,True,2.92000,3.20000,1.77900,1.00000,0.00000,0.00000
1269,104.11974,0.01634,Yakından incele · map,False,True,2.92000,3.20000,1.77900,1.00000,0.00000,0.00000
1270,104.13740,0.01765,Yakından incele · map,False,True,2.92000,3.20000,1.77900,1.00000,0.00000,0.00000
1271,104.15461,0.01721,Yakından incele · map,False,True,2.92000,3.20000,1.77900,1.00000,0.00000,0.00000
1272,104.16992,0.01531,Yakından incele · map,False,True,2.92000,3.20000,1.77900,1.00000,0.00000,0.00000
1273,104.18676,0.01684,Yakından incele · map,False,True,2.92000,3.20000,1.77900,1.00000,0.00000,0.00000
1274,104.20266,0.01590,Yakından incele · map,False,True,2.92000,3.20000,1.77900,1.00000,0.00000,0.00000
1275,104.22133,0.01867,Yakından incele · map,False,True,2.92000,3.20000,1.77900,1.00000,0.00000,0.00000
1276,104.23602,0.01469,Yakından incele · map,False,True,2.92000,3.20000,1.77900,1.00000,0.00000,0.00000
1277,104.25231,0.01629,Yakından incele · map,False,True,2.92000,3.20000,1.77900,1.00000,0.00000,0.00000
1278,104.26992,0.01761,Yakından incele · map,False,True,2.92000,3.20000,1.77900,1.00000,0.00000,0.00000
1279,104.28683,0.01691,Yakından incele · map,False,True,2.92000,3.20000,1.77900,1.00000,0.00000,0.00000
1280,104.30366,0.01683,Yakından incele · map,False,True,2.92000,3.20000,1.77900,1.00000,0.00000,0.00000
1281,104.32057,0.01691,Yakından incele · map,False,True,2.92000,3.20000,1.77900,1.00000,0.00000,0.00000
1282,104.33670,0.01613,Yakından incele · map,False,True,2.92000,3.20000,1.77900,1.00000,0.00000,0.00000
1283,104.35248,0.01578,Yakından incele · map,False,True,2.92000,3.20000,1.77900,1.00000,0.00000,0.00000
1284,104.37052,0.01804,Yakından incele · map,False,True,2.92000,3.20000,1.77900,1.00000,0.00000,0.00000
1285,104.38672,0.01620,Yakından incele · map,False,True,2.92000,3.20000,1.77900,1.00000,0.00000,0.00000
1286,104.40418,0.01746,Yakından incele · map,False,True,2.92000,3.20000,1.77900,1.00000,0.00000,0.00000
1287,104.42149,0.01731,Yakından incele · map,False,True,2.92000,3.20000,1.77900,1.00000,0.00000,0.00000
1288,104.43730,0.01581,Yakından incele · map,False,True,2.92000,3.20000,1.77900,1.00000,0.00000,0.00000
1289,104.45278,0.01548,Yakından incele · map,False,True,2.92000,3.20000,1.77900,1.00000,0.00000,0.00000
1290,104.46975,0.01697,Yakından incele · map,False,True,2.92000,3.20000,1.77900,1.00000,0.00000,0.00000
1291,104.48633,0.01657,Yakından incele · map,False,True,2.92000,3.20000,1.77900,1.00000,0.00000,0.00000
1292,104.50453,0.01820,Yakından incele · map,False,True,2.92000,3.20000,1.77900,1.00000,0.00000,0.00000
1293,104.52073,0.01620,Yakından incele · map,False,True,2.92000,3.20000,1.77900,1.00000,0.00000,0.00000
1294,104.53651,0.01579,Yakından incele · map,False,True,2.92000,3.20000,1.77900,1.00000,0.00000,0.00000
1295,104.55294,0.01642,Yakından incele · map,False,True,2.92000,3.20000,1.77900,1.00000,0.00000,0.00000
1296,104.56980,0.01687,Yakından incele · map,False,True,2.92000,3.20000,1.77900,1.00000,0.00000,0.00000
1297,104.58572,0.01591,Yakından incele · map,False,True,2.92000,3.20000,1.77900,1.00000,0.00000,0.00000
1298,104.60305,0.01733,Yakından incele · map,False,True,2.92000,3.20000,1.77900,1.00000,0.00000,0.00000
1299,104.61897,0.01592,Yakından incele · map,False,True,2.92000,3.20000,1.77900,1.00000,0.00000,0.00000
1300,104.63745,0.01848,Yakından incele · map,False,True,2.92000,3.20000,1.77900,1.00000,0.00000,0.00000
1301,104.65418,0.01674,Yakından incele · map,False,True,2.92000,3.20000,1.77900,1.00000,0.00000,0.00000
1302,104.66995,0.01577,Yakından incele · map,False,True,2.92000,3.20000,1.77900,1.00000,0.00000,0.00000
1303,104.68732,0.01737,Yakından incele · map,False,True,2.92000,3.20000,1.77900,1.00000,0.00000,0.00000
1304,104.70326,0.01594,Yakından incele · map,False,True,2.92000,3.20000,1.77900,1.00000,0.00000,0.00000
1305,104.71994,0.01669,Yakından incele · map,False,True,2.92000,3.20000,1.77900,1.00000,0.00000,0.00000
1306,104.73655,0.01661,Yakından incele · map,False,True,2.92000,3.20000,1.77900,1.00000,0.00000,0.00000
1307,104.75337,0.01682,Yakından incele · map,False,True,2.92000,3.20000,1.77900,1.00000,0.00000,0.00000
1308,104.77018,0.01680,Yakından incele · map,False,True,2.92000,3.20000,1.77900,1.00000,0.00000,0.00000
1309,104.78725,0.01707,Yakından incele · map,False,True,2.92000,3.20000,1.77900,1.00000,0.00000,0.00000
1310,104.80262,0.01537,Yakından incele · map,False,True,2.92000,3.20000,1.77900,1.00000,0.00000,0.00000
1311,104.82048,0.01787,Yakından incele · map,False,True,2.92000,3.20000,1.77900,1.00000,0.00000,0.00000
1312,104.83774,0.01726,Yakından incele · map,False,True,2.92000,3.20000,1.77900,1.00000,0.00000,0.00000
1313,104.85347,0.01573,Yakından incele · map,False,True,2.92000,3.20000,1.77900,1.00000,0.00000,0.00000
1314,104.86934,0.01587,Yakından incele · map,False,True,2.92000,3.20000,1.77900,1.00000,0.00000,0.00000
1315,104.88722,0.01788,Yakından incele · map,False,True,2.92000,3.20000,1.77900,1.00000,0.00000,0.00000
1316,104.90353,0.01631,Yakından incele · map,False,True,2.92000,3.20000,1.77900,1.00000,0.00000,0.00000
1317,104.91922,0.01569,Yakından incele · map,False,True,2.92000,3.20000,1.77900,1.00000,0.00000,0.00000
1318,104.93658,0.01736,Yakından incele · map,False,True,2.92000,3.20000,1.77900,1.00000,0.00000,0.00000
1319,104.95251,0.01593,Yakından incele · map,False,True,2.92000,3.20000,1.77900,1.00000,0.00000,0.00000
1320,104.96984,0.01733,Yakından incele · map,False,True,2.92000,3.20000,1.77900,1.00000,0.00000,0.00000
1321,104.98692,0.01708,Yakından incele · map,False,True,2.92000,3.20000,1.77900,1.00000,0.00000,0.00000
1322,105.00361,0.01670,Yakından incele · map,False,True,2.92000,3.20000,1.77900,1.00000,0.00000,0.00000
1323,105.02048,0.01686,Yakından incele · map,False,True,2.92000,3.20000,1.77900,1.00000,0.00000,0.00000
1324,105.03599,0.01551,Yakından incele · map,False,True,2.92000,3.20000,1.77900,1.00000,0.00000,0.00000
1325,105.05312,0.01714,Yakından incele · map,False,True,2.92000,3.20000,1.77900,1.00000,0.00000,0.00000
1326,105.06997,0.01685,Yakından incele · map,False,True,2.92000,3.20000,1.77900,1.00000,0.00000,0.00000
1327,105.08822,0.01825,Yakından incele · map,False,True,2.92000,3.20000,1.77900,1.00000,0.00000,0.00000
1328,105.10385,0.01563,Yakından incele · map,False,True,2.92000,3.20000,1.77900,1.00000,0.00000,0.00000
1329,105.12004,0.01620,Yakından incele · map,False,True,2.92000,3.20000,1.77900,1.00000,0.00000,0.00000
1330,105.13734,0.01729,Yakından incele · map,False,True,2.92000,3.20000,1.77900,1.00000,0.00000,0.00000
1331,105.15312,0.01578,Yakından incele · map,False,True,2.92000,3.20000,1.77900,1.00000,0.00000,0.00000
1332,105.17047,0.01735,Yakından incele · map,False,True,2.92000,3.20000,1.77900,1.00000,0.00000,0.00000
1333,105.18701,0.01654,Yakından incele · map,False,True,2.92000,3.20000,1.77900,1.00000,0.00000,0.00000
1334,105.20295,0.01594,Yakından incele · map,False,True,2.92000,3.20000,1.77900,1.00000,0.00000,0.00000
1335,105.22009,0.01714,Yakından incele · map,False,True,2.92000,3.20000,1.77900,1.00000,0.00000,0.00000
1336,105.23840,0.01830,Yakından incele · map,False,True,2.92000,3.20000,1.77900,1.00000,0.00000,0.00000
1337,105.25611,0.01771,Yakından incele · map,False,True,2.92000,3.20000,1.77900,1.00000,0.00000,0.00000
1338,105.26551,0.00941,Yakından incele · map,False,True,2.92000,3.20000,1.77900,1.00000,0.00000,0.00000
1339,105.28691,0.02140,Yakından incele · map,False,True,2.92000,3.20000,1.77900,1.00000,0.00000,0.00000
1340,105.30446,0.01755,Yakından incele · map,False,True,2.92000,3.20000,1.77900,1.00000,0.00000,0.00000
1341,105.32031,0.01585,Yakından incele · map,False,True,2.92000,3.20000,1.77900,1.00000,0.00000,0.00000
1342,105.33785,0.01753,Yakından incele · map,False,True,2.92000,3.20000,1.77900,1.00000,0.00000,0.00000
1343,105.35344,0.01559,Yakından incele · map,False,True,2.92000,3.20000,1.77900,1.00000,0.00000,0.00000
1344,105.36955,0.01611,Yakından incele · map,False,True,2.92000,3.20000,1.77900,1.00000,0.00000,0.00000
1345,105.38701,0.01746,Yakından incele · map,False,True,2.92000,3.20000,1.77900,1.00000,0.00000,0.00000
1346,105.40379,0.01678,Yakından incele · map,False,True,2.92000,3.20000,1.77900,1.00000,0.00000,0.00000
1347,105.41926,0.01546,Yakından incele · map,False,True,2.92000,3.20000,1.77900,1.00000,0.00000,0.00000
1348,105.43664,0.01739,Yakından incele · map,False,True,2.92000,3.20000,1.77900,1.00000,0.00000,0.00000
1349,105.45474,0.01810,Yakından incele · map,False,True,2.92000,3.20000,1.77900,1.00000,0.00000,0.00000
1350,105.48159,0.02685,Yakından incele · map,False,True,2.92000,3.20000,1.77900,1.00000,0.00000,0.00000
1351,105.49047,0.00887,Yakından incele · map,False,True,2.92000,3.20000,1.77900,1.00000,0.00000,0.00000
1352,105.50501,0.01454,Yakından incele · map,False,True,2.92000,3.20000,1.77900,1.00000,0.00000,0.00000
1353,105.51999,0.01498,Yakından incele · map,False,True,2.92000,3.20000,1.77900,1.00000,0.00000,0.00000
1354,105.53879,0.01880,Yakından incele · map,False,True,2.92000,3.20000,1.77900,1.00000,0.00000,0.00000
1355,105.55548,0.01669,Yakından incele · map,False,True,2.92000,3.20000,1.77900,1.00000,0.00000,0.00000
1356,105.57237,0.01690,Yakından incele · map,False,True,2.92000,3.20000,1.77900,1.00000,0.00000,0.00000
1357,105.58853,0.01615,Yakından incele · map,False,True,2.92000,3.20000,1.77900,1.00000,0.00000,0.00000
1358,105.60460,0.01607,Yakından incele · map,False,True,2.92000,3.20000,1.77900,1.00000,0.00000,0.00000
1359,105.62260,0.01801,Yakından incele · map,False,True,2.92000,3.20000,1.77900,1.00000,0.00000,0.00000
1360,105.63995,0.01734,Yakından incele · map,False,True,2.92000,3.20000,1.77900,1.00000,0.00000,0.00000
1361,105.65003,0.01008,Yakından incele · map,False,True,2.92000,3.20000,1.77900,1.00000,0.00000,0.00000
1362,105.67120,0.02117,Yakından incele · map,False,True,2.92000,3.20000,1.77900,1.00000,0.00000,0.00000
1363,105.68697,0.01578,Yakından incele · map,False,True,2.92000,3.20000,1.77900,1.00000,0.00000,0.00000
1364,105.70390,0.01693,Yakından incele · map,False,True,2.92000,3.20000,1.77900,1.00000,0.00000,0.00000
1365,105.71925,0.01535,Yakından incele · map,False,True,2.92000,3.20000,1.77900,1.00000,0.00000,0.00000
1366,105.73705,0.01780,Yakından incele · map,False,True,2.92000,3.20000,1.77900,1.00000,0.00000,0.00000
1367,105.75406,0.01701,Yakından incele · map,False,True,2.92000,3.20000,1.77900,1.00000,0.00000,0.00000
1368,105.77074,0.01668,Yakından incele · map,False,True,2.92000,3.20000,1.77900,1.00000,0.00000,0.00000
1369,105.78753,0.01678,Yakından incele · map,False,True,2.92000,3.20000,1.77900,1.00000,0.00000,0.00000
1370,105.80357,0.01604,Yakından incele · map,False,True,2.92000,3.20000,1.77900,1.00000,0.00000,0.00000
1371,105.82086,0.01729,Yakından incele · map,False,True,2.92000,3.20000,1.77900,1.00000,0.00000,0.00000
1372,105.83676,0.01590,Yakından incele · map,False,True,2.92000,3.20000,1.77900,1.00000,0.00000,0.00000
1373,105.85352,0.01676,Yakından incele · map,False,True,2.92000,3.20000,1.77900,1.00000,0.00000,0.00000
1374,105.87038,0.01686,Yakından incele · map,False,True,2.92000,3.20000,1.77900,1.00000,0.00000,0.00000
1375,105.88644,0.01606,Yakından incele · map,False,True,2.92000,3.20000,1.77900,1.00000,0.00000,0.00000
1376,105.90393,0.01749,Yakından incele · map,False,True,2.92000,3.20000,1.77900,1.00000,0.00000,0.00000
1377,105.91974,0.01581,Yakından incele · map,False,True,2.92000,3.20000,1.77900,1.00000,0.00000,0.00000
1378,105.93682,0.01708,Yakından incele · map,False,True,2.92000,3.20000,1.77900,1.00000,0.00000,0.00000
1379,105.95372,0.01690,Yakından incele · map,False,True,2.92000,3.20000,1.77900,1.00000,0.00000,0.00000
1380,105.96990,0.01618,Yakından incele · map,False,True,2.92000,3.20000,1.77900,1.00000,0.00000,0.00000
1381,105.98637,0.01647,Yakından incele · map,False,True,2.92000,3.20000,1.77900,1.00000,0.00000,0.00000
1382,106.00295,0.01658,Yakından incele · map,False,True,2.92000,3.20000,1.77900,1.00000,0.00000,0.00000
1383,106.01934,0.01640,Yakından incele · map,False,True,2.92000,3.20000,1.77900,1.00000,0.00000,0.00000
1384,106.03687,0.01753,Yakından incele · map,False,True,2.92000,3.20000,1.77900,1.00000,0.00000,0.00000
1385,106.05286,0.01600,Yakından incele · map,False,True,2.92000,3.20000,1.77900,1.00000,0.00000,0.00000
1386,106.06944,0.01658,Yakından incele · map,False,True,2.92000,3.20000,1.77900,1.00000,0.00000,0.00000
1387,106.08683,0.01739,Yakından incele · map,False,True,2.92000,3.20000,1.77900,1.00000,0.00000,0.00000
1388,106.10361,0.01677,Yakından incele · map,False,True,2.92000,3.20000,1.77900,1.00000,0.00000,0.00000
1389,106.11976,0.01615,Yakından incele · map,False,True,2.92000,3.20000,1.77900,1.00000,0.00000,0.00000
1390,106.13664,0.01688,Yakından incele · map,False,True,2.92000,3.20000,1.77900,1.00000,0.00000,0.00000
1391,106.15306,0.01642,Yakından incele · map,False,True,2.92000,3.20000,1.77900,1.00000,0.00000,0.00000
1392,106.17003,0.01696,Yakından incele · map,False,True,2.92000,3.20000,1.77900,1.00000,0.00000,0.00000
1393,106.18644,0.01642,Yakından incele · map,False,True,2.92000,3.20000,1.77900,1.00000,0.00000,0.00000
1394,106.20294,0.01650,Yakından incele · map,False,True,2.92000,3.20000,1.77900,1.00000,0.00000,0.00000
1395,106.22000,0.01706,Yakından incele · map,False,True,2.92000,3.20000,1.77900,1.00000,0.00000,0.00000
1396,106.23674,0.01673,Yakından incele · map,False,True,2.92000,3.20000,1.77900,1.00000,0.00000,0.00000
1397,106.25287,0.01613,Yakından incele · map,False,True,2.92000,3.20000,1.77900,1.00000,0.00000,0.00000
1398,106.27033,0.01747,Yakından incele · map,False,True,2.92000,3.20000,1.77900,1.00000,0.00000,0.00000
1399,106.28760,0.01726,Yakından incele · map,False,True,2.92000,3.20000,1.77900,1.00000,0.00000,0.00000
1400,106.30435,0.01675,Yakından incele · map,False,True,2.92000,3.20000,1.77900,1.00000,0.00000,0.00000
1401,106.32021,0.01586,Yakından incele · map,False,True,2.92000,3.20000,1.77900,1.00000,0.00000,0.00000
1402,106.33715,0.01694,Yakından incele · map,False,True,2.92000,3.20000,1.77900,1.00000,0.00000,0.00000
1403,106.35403,0.01689,Yakından incele · map,False,True,2.92000,3.20000,1.77900,1.00000,0.00000,0.00000
1404,106.36982,0.01578,Yakından incele · map,False,True,2.92000,3.20000,1.77900,1.00000,0.00000,0.00000
1405,106.38752,0.01770,Yakından incele · map,False,True,2.92000,3.20000,1.77900,1.00000,0.00000,0.00000
1406,106.40404,0.01652,Yakından incele · map,False,True,2.92000,3.20000,1.77900,1.00000,0.00000,0.00000
1407,106.42018,0.01614,Yakından incele · map,False,True,2.92000,3.20000,1.77900,1.00000,0.00000,0.00000
1408,106.43703,0.01685,Yakından incele · map,False,True,2.92000,3.20000,1.77900,1.00000,0.00000,0.00000
1409,106.45420,0.01717,Yakından incele · map,False,True,2.92000,3.20000,1.77900,1.00000,0.00000,0.00000
1410,106.47071,0.01651,Yakından incele · map,False,True,2.92000,3.20000,1.77900,1.00000,0.00000,0.00000
1411,106.48677,0.01606,Yakından incele · map,False,True,2.92000,3.20000,1.77900,1.00000,0.00000,0.00000
1412,106.50297,0.01620,Yakından incele · map,False,True,2.92000,3.20000,1.77900,1.00000,0.00000,0.00000
1413,106.52073,0.01777,Yakından incele · map,False,True,2.92000,3.20000,1.77900,1.00000,0.00000,0.00000
1414,106.53704,0.01631,Yakından incele · map,False,True,2.92000,3.20000,1.77900,1.00000,0.00000,0.00000
1415,106.55350,0.01645,Yakından incele · map,False,True,2.92000,3.20000,1.77900,1.00000,0.00000,0.00000
1416,106.56964,0.01615,Yakından incele · map,False,True,2.92000,3.20000,1.77900,1.00000,0.00000,0.00000
1417,106.58638,0.01673,Yakından incele · map,False,True,2.92000,3.20000,1.77900,1.00000,0.00000,0.00000
1418,106.60278,0.01641,Yakından incele · map,False,True,2.92000,3.20000,1.77900,1.00000,0.00000,0.00000
1419,106.62162,0.01883,Yakından incele · map,False,True,2.92000,3.20000,1.77900,1.00000,0.00000,0.00000
1420,106.63738,0.01576,Yakından incele · map,False,True,2.92000,3.20000,1.77900,1.00000,0.00000,0.00000
1421,106.65356,0.01619,Yakından incele · map,False,True,2.92000,3.20000,1.77900,1.00000,0.00000,0.00000
1422,106.66934,0.01578,Yakından incele · map,False,True,2.92000,3.20000,1.77900,1.00000,0.00000,0.00000
1423,106.68659,0.01724,Yakından incele · map,False,True,2.92000,3.20000,1.77900,1.00000,0.00000,0.00000
1424,106.70349,0.01690,Yakından incele · map,False,True,2.92000,3.20000,1.77900,1.00000,0.00000,0.00000
1425,106.72025,0.01676,Yakından incele · map,False,True,2.92000,3.20000,1.77900,1.00000,0.00000,0.00000
1426,106.73711,0.01686,Yakından incele · map,False,True,2.92000,3.20000,1.77900,1.00000,0.00000,0.00000
1427,106.75381,0.01670,Yakından incele · map,False,True,2.92000,3.20000,1.77900,1.00000,0.00000,0.00000
1428,106.76921,0.01540,Yakından incele · map,False,True,2.92000,3.20000,1.77900,1.00000,0.00000,0.00000
1429,106.78739,0.01818,Yakından incele · map,False,True,2.92000,3.20000,1.77900,1.00000,0.00000,0.00000
1430,106.80348,0.01609,Yakından incele · map,False,True,2.92000,3.20000,1.77900,1.00000,0.00000,0.00000
1431,106.82032,0.01684,Yakından incele · map,False,True,2.92000,3.20000,1.77900,1.00000,0.00000,0.00000
1432,106.83695,0.01663,Yakından incele · map,False,True,2.92000,3.20000,1.77900,1.00000,0.00000,0.00000
1433,106.85342,0.01647,Yakından incele · map,False,True,2.92000,3.20000,1.77900,1.00000,0.00000,0.00000
1434,106.87237,0.01895,Yakından incele · map,False,True,2.92000,3.20000,1.77900,1.00000,0.00000,0.00000
1435,106.88814,0.01577,Yakından incele · map,False,True,2.92000,3.20000,1.77900,1.00000,0.00000,0.00000
1436,106.90277,0.01463,Yakından incele · map,False,True,2.92000,3.20000,1.77900,1.00000,0.00000,0.00000
1437,106.92077,0.01800,Yakından incele · map,False,True,2.92000,3.20000,1.77900,1.00000,0.00000,0.00000
1438,106.93560,0.01484,Yakından incele · map,False,True,2.92000,3.20000,1.77900,1.00000,0.00000,0.00000
1439,106.95314,0.01754,Yakından incele · map,False,True,2.92000,3.20000,1.77900,1.00000,0.00000,0.00000
1440,106.96889,0.01574,Yakından incele · map,False,True,2.92000,3.20000,1.77900,1.00000,0.00000,0.00000
1441,106.99328,0.02439,Yakından incele · map,False,True,2.92000,3.20000,1.77900,1.00000,0.00000,0.00000
1442,107.00229,0.00901,Yakından incele · map,False,True,2.92000,3.20000,1.77900,1.00000,0.00000,0.00000
1443,107.02123,0.01894,Yakından incele · map,False,True,2.92000,3.20000,1.77900,1.00000,0.00000,0.00000
1444,107.03634,0.01511,Yakından incele · map,False,True,2.92000,3.20000,1.77900,1.00000,0.00000,0.00000
1445,107.05300,0.01666,Yakından incele · map,False,True,2.92000,3.20000,1.77900,1.00000,0.00000,0.00000
1446,107.06990,0.01690,Yakından incele · map,False,True,2.92000,3.20000,1.77900,1.00000,0.00000,0.00000
1447,107.08709,0.01719,Yakından incele · map,False,True,2.92000,3.20000,1.77900,1.00000,0.00000,0.00000
1448,107.10311,0.01602,Yakından incele · map,False,True,2.92000,3.20000,1.77900,1.00000,0.00000,0.00000
1449,107.12047,0.01736,Yakından incele · map,False,True,2.92000,3.20000,1.77900,1.00000,0.00000,0.00000
1450,107.13734,0.01687,Yakından incele · map,False,True,2.92000,3.20000,1.77900,1.00000,0.00000,0.00000
1451,107.15380,0.01646,Yakından incele · map,False,True,2.92000,3.20000,1.77900,1.00000,0.00000,0.00000
1452,107.16976,0.01596,Yakından incele · map,False,True,2.92000,3.20000,1.77900,1.00000,0.00000,0.00000
1453,107.18633,0.01657,Yakından incele · map,False,True,2.92000,3.20000,1.77900,1.00000,0.00000,0.00000
1454,107.20324,0.01691,Yakından incele · map,False,True,2.92000,3.20000,1.77900,1.00000,0.00000,0.00000
1455,107.22065,0.01741,Yakından incele · map,False,True,2.92000,3.20000,1.77900,1.00000,0.00000,0.00000
1456,107.23757,0.01692,Yakından incele · map,False,True,2.92000,3.20000,1.77900,1.00000,0.00000,0.00000
1457,107.25295,0.01538,Yakından incele · map,False,True,2.92000,3.20000,1.77900,1.00000,0.00000,0.00000
1458,107.27020,0.01724,Yakından incele · map,False,True,2.92000,3.20000,1.77900,1.00000,0.00000,0.00000
1459,107.28811,0.01792,Yakından incele · map,False,True,2.92000,3.20000,1.77900,1.00000,0.00000,0.00000
1460,107.30300,0.01488,Yakından incele · map,False,True,2.92000,3.20000,1.77900,1.00000,0.00000,0.00000
1461,107.31964,0.01665,Yakından incele · map,False,True,2.92000,3.20000,1.77900,1.00000,0.00000,0.00000
1462,107.33571,0.01606,Yakından incele · map,False,True,2.92000,3.20000,1.77900,1.00000,0.00000,0.00000
1463,107.35425,0.01854,Yakından incele · map,False,True,2.92000,3.20000,1.77900,1.00000,0.00000,0.00000
1464,107.37013,0.01588,Yakından incele · map,False,True,2.92000,3.20000,1.77900,1.00000,0.00000,0.00000
1465,107.38678,0.01665,Yakından incele · map,False,True,2.92000,3.20000,1.77900,1.00000,0.00000,0.00000
1466,107.40330,0.01652,Yakından incele · map,False,True,2.92000,3.20000,1.77900,1.00000,0.00000,0.00000
1467,107.42003,0.01673,Yakından incele · map,False,True,2.92000,3.20000,1.77900,1.00000,0.00000,0.00000
1468,107.43686,0.01684,Yakından incele · map,False,True,2.92000,3.20000,1.77900,1.00000,0.00000,0.00000
1469,107.45379,0.01693,Yakından incele · map,False,True,2.92000,3.20000,1.77900,1.00000,0.00000,0.00000
1470,107.47068,0.01689,Yakından incele · map,False,True,2.92000,3.20000,1.77900,1.00000,0.00000,0.00000
1471,107.48605,0.01536,Yakından incele · map,False,True,2.92000,3.20000,1.77900,1.00000,0.00000,0.00000
1472,107.50430,0.01826,Yakından incele · map,False,True,2.92000,3.20000,1.77900,1.00000,0.00000,0.00000
1473,107.51993,0.01563,Yakından incele · map,False,True,2.92000,3.20000,1.77900,1.00000,0.00000,0.00000
1474,107.53695,0.01702,Yakından incele · map,False,True,2.92000,3.20000,1.77900,1.00000,0.00000,0.00000
1475,107.55303,0.01607,Yakından incele · map,False,True,2.92000,3.20000,1.77900,1.00000,0.00000,0.00000
1476,107.57023,0.01720,Yakından incele · map,False,True,2.92000,3.20000,1.77900,1.00000,0.00000,0.00000
1477,107.58676,0.01653,Yakından incele · map,False,True,2.92000,3.20000,1.77900,1.00000,0.00000,0.00000
1478,107.60346,0.01670,Yakından incele · map,False,True,2.92000,3.20000,1.77900,1.00000,0.00000,0.00000
1479,107.62009,0.01663,Yakından incele · map,False,True,2.92000,3.20000,1.77900,1.00000,0.00000,0.00000
1480,107.63668,0.01659,Yakından incele · map,False,True,2.92000,3.20000,1.77900,1.00000,0.00000,0.00000
1481,107.65469,0.01800,Yakından incele · map,False,True,2.92000,3.20000,1.77900,1.00000,0.00000,0.00000
1482,107.66949,0.01480,Yakından incele · map,False,True,2.92000,3.20000,1.77900,1.00000,0.00000,0.00000
1483,107.68669,0.01720,Yakından incele · map,False,True,2.92000,3.20000,1.77900,1.00000,0.00000,0.00000
1484,107.70425,0.01756,Yakından incele · map,False,True,2.92000,3.20000,1.77900,1.00000,0.00000,0.00000
1485,107.72145,0.01721,Yakından incele · map,False,True,2.92000,3.20000,1.77900,1.00000,0.00000,0.00000
1486,107.73846,0.01701,Yakından incele · map,False,True,2.92000,3.20000,1.77900,1.00000,0.00000,0.00000
1487,107.75272,0.01426,Yakından incele · map,False,True,2.92000,3.20000,1.77900,1.00000,0.00000,0.00000
1488,107.76943,0.01671,Yakından incele · map,False,True,2.92000,3.20000,1.77900,1.00000,0.00000,0.00000
1489,107.78746,0.01802,Yakından incele · map,False,True,2.92000,3.20000,1.77900,1.00000,0.00000,0.00000
1490,107.80329,0.01583,Yakından incele · map,False,True,2.92000,3.20000,1.77900,1.00000,0.00000,0.00000
1491,107.82016,0.01687,Yakından incele · map,False,True,2.92000,3.20000,1.77900,1.00000,0.00000,0.00000
1492,107.83754,0.01737,Yakından incele · map,False,True,2.92000,3.20000,1.77900,1.00000,0.00000,0.00000
1493,107.85381,0.01627,Yakından incele · map,False,True,2.92000,3.20000,1.77900,1.00000,0.00000,0.00000
1494,107.87011,0.01631,Yakından incele · map,False,True,2.92000,3.20000,1.77900,1.00000,0.00000,0.00000
1495,107.88624,0.01613,Yakından incele · map,False,True,2.92000,3.20000,1.77900,1.00000,0.00000,0.00000
1496,107.90404,0.01780,Yakından incele · map,False,True,2.92000,3.20000,1.77900,1.00000,0.00000,0.00000
1497,107.91988,0.01585,Yakından incele · map,False,True,2.92000,3.20000,1.77900,1.00000,0.00000,0.00000
1498,107.93776,0.01787,Yakından incele · map,False,True,2.92000,3.20000,1.77900,1.00000,0.00000,0.00000
1499,107.95345,0.01570,Yakından incele · map,False,True,2.92000,3.20000,1.77900,1.00000,0.00000,0.00000
1500,107.97048,0.01702,Yakından incele · map,False,True,2.92000,3.20000,1.77900,1.00000,0.00000,0.00000
1501,107.98673,0.01625,Yakından incele · map,False,True,2.92000,3.20000,1.77900,1.00000,0.00000,0.00000
1502,108.00515,0.01842,Yakından incele · map,False,True,2.92000,3.20000,1.77900,1.00000,0.00000,0.00000
1503,108.02053,0.01538,Yakından incele · map,False,True,2.92000,3.20000,1.77900,1.00000,0.00000,0.00000
1504,108.03698,0.01645,Yakından incele · map,False,True,2.92000,3.20000,1.77900,1.00000,0.00000,0.00000
1505,108.05405,0.01707,Yakından incele · map,False,True,2.92000,3.20000,1.77900,1.00000,0.00000,0.00000
1506,108.07098,0.01694,Yakından incele · map,False,True,2.92000,3.20000,1.77900,1.00000,0.00000,0.00000
1507,108.08736,0.01637,Yakından incele · map,False,True,2.92000,3.20000,1.77900,1.00000,0.00000,0.00000
1508,108.10369,0.01633,Yakından incele · map,False,True,2.92000,3.20000,1.77900,1.00000,0.00000,0.00000
1509,108.12125,0.01756,Yakından incele · map,False,True,2.92000,3.20000,1.77900,1.00000,0.00000,0.00000
1510,108.13743,0.01618,Yakından incele · map,False,True,2.92000,3.20000,1.77900,1.00000,0.00000,0.00000
1511,108.15327,0.01585,Yakından incele · map,False,True,2.92000,3.20000,1.77900,1.00000,0.00000,0.00000
1512,108.17089,0.01762,Yakından incele · map,False,True,2.92000,3.20000,1.77900,1.00000,0.00000,0.00000
1513,108.18679,0.01590,Yakından incele · map,False,True,2.92000,3.20000,1.77900,1.00000,0.00000,0.00000
1514,108.20487,0.01808,Yakından incele · map,False,True,2.92000,3.20000,1.77900,1.00000,0.00000,0.00000
1515,108.21972,0.01486,Yakından incele · map,False,True,2.92000,3.20000,1.77900,1.00000,0.00000,0.00000
1516,108.23678,0.01706,Yakından incele · map,False,True,2.92000,3.20000,1.77900,1.00000,0.00000,0.00000
1517,108.25340,0.01662,Yakından incele · map,False,True,2.92000,3.20000,1.77900,1.00000,0.00000,0.00000
1518,108.26988,0.01648,Yakından incele · map,False,True,2.92000,3.20000,1.77900,1.00000,0.00000,0.00000
1519,108.28692,0.01704,Yakından incele · map,False,True,2.92000,3.20000,1.77900,1.00000,0.00000,0.00000
1520,108.30382,0.01691,Yakından incele · map,False,True,2.92000,3.20000,1.77900,1.00000,0.00000,0.00000
1521,108.31952,0.01569,Yakından incele · map,False,True,2.92000,3.20000,1.77900,1.00000,0.00000,0.00000
1522,108.33667,0.01715,Yakından incele · map,False,True,2.92000,3.20000,1.77900,1.00000,0.00000,0.00000
1523,108.35265,0.01598,Yakından incele · map,False,True,2.92000,3.20000,1.77900,1.00000,0.00000,0.00000
1524,108.37042,0.01777,Yakından incele · map,False,True,2.92000,3.20000,1.77900,1.00000,0.00000,0.00000
1525,108.38621,0.01579,Yakından incele · map,False,True,2.92000,3.20000,1.77900,1.00000,0.00000,0.00000
1526,108.40311,0.01690,Yakından incele · map,False,True,2.92000,3.20000,1.77900,1.00000,0.00000,0.00000
1527,108.41927,0.01616,Yakından incele · map,False,True,2.92000,3.20000,1.77900,1.00000,0.00000,0.00000
1528,108.43866,0.01940,Yakından incele · map,False,True,2.92000,3.20000,1.77900,1.00000,0.00000,0.00000
1529,108.45292,0.01426,Yakından incele · map,False,True,2.92000,3.20000,1.77900,1.00000,0.00000,0.00000
1530,108.46941,0.01649,Yakından incele · map,False,True,2.92000,3.20000,1.77900,1.00000,0.00000,0.00000
1531,108.48678,0.01737,Yakından incele · map,False,True,2.92000,3.20000,1.77900,1.00000,0.00000,0.00000
1532,108.50458,0.01780,Yakından incele · map,False,True,2.92000,3.20000,1.77900,1.00000,0.00000,0.00000
1533,108.52440,0.01982,Yakından incele · map,False,True,2.92000,3.20000,1.77900,1.00000,0.00000,0.00000
1534,108.53452,0.01012,Yakından incele · map,False,True,2.92000,3.20000,1.77900,1.00000,0.00000,0.00000
1535,108.55417,0.01964,Yakından incele · map,False,True,2.92000,3.20000,1.77900,1.00000,0.00000,0.00000
1536,108.56972,0.01555,Yakından incele · map,False,True,2.92000,3.20000,1.77900,1.00000,0.00000,0.00000
1537,108.58997,0.02025,Yakından incele · map,False,True,2.92000,3.20000,1.77900,1.00000,0.00000,0.00000
1538,108.60108,0.01111,Yakından incele · map,False,True,2.92000,3.20000,1.77900,1.00000,0.00000,0.00000
1539,108.62206,0.02098,Yakından incele · map,False,True,2.92000,3.20000,1.77900,1.00000,0.00000,0.00000
1540,108.63905,0.01699,Yakından incele · map,False,True,2.92000,3.20000,1.77900,1.00000,0.00000,0.00000
1541,108.65495,0.01590,Yakından incele · map,False,True,2.92000,3.20000,1.77900,1.00000,0.00000,0.00000
1542,108.67083,0.01589,Yakından incele · map,False,True,2.92000,3.20000,1.77900,1.00000,0.00000,0.00000
1543,108.71267,0.04184,Yakından incele · map,False,True,2.92000,3.20000,1.77900,1.00000,0.00000,0.00000
1544,108.72223,0.00956,Yakından incele · map,False,True,2.92000,3.20000,1.77900,1.00000,0.00000,0.00000
1545,108.73816,0.01593,Yakından incele · map,False,True,2.92000,3.20000,1.77900,1.00000,0.00000,0.00000
1546,108.75569,0.01753,Yakından incele · map,False,True,2.92000,3.20000,1.77900,1.00000,0.00000,0.00000
1547,108.77159,0.01589,Yakından incele · map,False,True,2.92000,3.20000,1.77900,1.00000,0.00000,0.00000
1548,108.78906,0.01747,Yakından incele · map,False,True,2.92000,3.20000,1.77900,1.00000,0.00000,0.00000
1549,108.80504,0.01598,Yakından incele · map,False,True,2.92000,3.20000,1.77900,1.00000,0.00000,0.00000
1550,108.82227,0.01723,Yakından incele · map,False,True,2.92000,3.20000,1.77900,1.00000,0.00000,0.00000
1551,108.83917,0.01689,Yakından incele · map,False,True,2.92000,3.20000,1.77900,1.00000,0.00000,0.00000
1552,108.85500,0.01583,Yakından incele · map,False,True,2.92000,3.20000,1.77900,1.00000,0.00000,0.00000
1553,108.87205,0.01705,Yakından incele · map,False,True,2.92000,3.20000,1.77900,1.00000,0.00000,0.00000
1554,108.88948,0.01743,Yakından incele · map,False,True,2.92000,3.20000,1.77900,1.00000,0.00000,0.00000
1555,108.90586,0.01639,Yakından incele · map,False,True,2.92000,3.20000,1.77900,1.00000,0.00000,0.00000
1556,108.92201,0.01615,Yakından incele · map,False,True,2.92000,3.20000,1.77900,1.00000,0.00000,0.00000
1557,108.93819,0.01618,Yakından incele · map,False,True,2.92000,3.20000,1.77900,1.00000,0.00000,0.00000
1558,108.95533,0.01714,Yakından incele · map,False,True,2.92000,3.20000,1.77900,1.00000,0.00000,0.00000
1559,108.97234,0.01701,Yakından incele · map,False,True,2.92000,3.20000,1.77900,1.00000,0.00000,0.00000
1560,108.98806,0.01572,Yakından incele · map,False,True,2.92000,3.20000,1.77900,1.00000,0.00000,0.00000
1561,109.00553,0.01747,Yakından incele · map,False,True,2.92000,3.20000,1.77900,1.00000,0.00000,0.00000
1562,109.02206,0.01653,Yakından incele · map,False,True,2.92000,3.20000,1.77900,1.00000,0.00000,0.00000
1563,109.03879,0.01673,Yakından incele · map,False,True,2.92000,3.20000,1.77900,1.00000,0.00000,0.00000
1564,109.05567,0.01688,Yakından incele · map,False,True,2.92000,3.20000,1.77900,1.00000,0.00000,0.00000
1565,109.07185,0.01618,Yakından incele · map,False,True,2.92000,3.20000,1.77900,1.00000,0.00000,0.00000
1566,109.08917,0.01732,Yakından incele · map,False,True,2.92000,3.20000,1.77900,1.00000,0.00000,0.00000
1567,109.10487,0.01569,Yakından incele · map,False,True,2.92000,3.20000,1.77900,1.00000,0.00000,0.00000
1568,109.12242,0.01756,Yakından incele · map,False,True,2.92000,3.20000,1.77900,1.00000,0.00000,0.00000
1569,109.13816,0.01574,Yakından incele · map,False,True,2.92000,3.20000,1.77900,1.00000,0.00000,0.00000
1570,109.15479,0.01663,Yakından incele · map,False,True,2.92000,3.20000,1.77900,1.00000,0.00000,0.00000
1571,109.17179,0.01700,Yakından incele · map,False,True,2.92000,3.20000,1.77900,1.00000,0.00000,0.00000
1572,109.18947,0.01768,Yakından incele · map,False,True,2.92000,3.20000,1.77900,1.00000,0.00000,0.00000
1573,109.20560,0.01613,Yakından incele · map,False,True,2.92000,3.20000,1.77900,1.00000,0.00000,0.00000
1574,109.22133,0.01573,Yakından incele · map,False,True,2.92000,3.20000,1.77900,1.00000,0.00000,0.00000
1575,109.23932,0.01799,Yakından incele · map,False,True,2.92000,3.20000,1.77900,1.00000,0.00000,0.00000
1576,109.25606,0.01674,Yakından incele · map,False,True,2.92000,3.20000,1.77900,1.00000,0.00000,0.00000
1577,109.27243,0.01637,Yakından incele · map,False,True,2.92000,3.20000,1.77900,1.00000,0.00000,0.00000
1578,109.28862,0.01619,Yakından incele · map,False,True,2.92000,3.20000,1.77900,1.00000,0.00000,0.00000
1579,109.30527,0.01665,Yakından incele · map,False,True,2.92000,3.20000,1.77900,1.00000,0.00000,0.00000
1580,109.32214,0.01687,Yakından incele · map,False,True,2.92000,3.20000,1.77900,1.00000,0.00000,0.00000
1581,109.33899,0.01685,Yakından incele · map,False,True,2.92000,3.20000,1.77900,1.00000,0.00000,0.00000
1582,109.35499,0.01600,Yakından incele · map,False,True,2.92000,3.20000,1.77900,1.00000,0.00000,0.00000
1583,109.37262,0.01763,Yakından incele · map,False,True,2.92000,3.20000,1.77900,1.00000,0.00000,0.00000
1584,109.38908,0.01646,Yakından incele · map,False,True,2.92000,3.20000,1.77900,1.00000,0.00000,0.00000
1585,109.40673,0.01766,Yakından incele · map,False,True,2.92000,3.20000,1.77900,1.00000,0.00000,0.00000
1586,109.42156,0.01483,Yakından incele · map,False,True,2.92000,3.20000,1.77900,1.00000,0.00000,0.00000
1587,109.43844,0.01687,Yakından incele · map,False,True,2.92000,3.20000,1.77900,1.00000,0.00000,0.00000
1588,109.45542,0.01698,Yakından incele · map,False,True,2.92000,3.20000,1.77900,1.00000,0.00000,0.00000
1589,109.47221,0.01679,Yakından incele · map,False,True,2.92000,3.20000,1.77900,1.00000,0.00000,0.00000
1590,109.48928,0.01707,Yakından incele · map,False,True,2.92000,3.20000,1.77900,1.00000,0.00000,0.00000
1591,109.50701,0.01773,Yakından incele · map,False,True,2.92000,3.20000,1.77900,1.00000,0.00000,0.00000
1592,109.52172,0.01471,Yakından incele · map,False,True,2.92000,3.20000,1.77900,1.00000,0.00000,0.00000
1593,109.53847,0.01674,Yakından incele · map,False,True,2.92000,3.20000,1.77900,1.00000,0.00000,0.00000
1594,109.55574,0.01727,Yakından incele · map,False,True,2.92000,3.20000,1.77900,1.00000,0.00000,0.00000
1595,109.57144,0.01571,Yakından incele · map,False,True,2.92000,3.20000,1.77900,1.00000,0.00000,0.00000
1596,109.58831,0.01687,Yakından incele · map,False,True,2.92000,3.20000,1.77900,1.00000,0.00000,0.00000
1597,109.60537,0.01707,Yakından incele · map,False,True,2.92000,3.20000,1.77900,1.00000,0.00000,0.00000
1598,109.62271,0.01734,Yakından incele · map,False,True,2.92000,3.20000,1.77900,1.00000,0.00000,0.00000
1599,109.63874,0.01603,Yakından incele · map,False,True,2.92000,3.20000,1.77900,1.00000,0.00000,0.00000
1600,109.65579,0.01705,Yakından incele · map,False,True,2.92000,3.20000,1.77900,1.00000,0.00000,0.00000
1601,109.67143,0.01564,Yakından incele · map,False,True,2.92000,3.20000,1.77900,1.00000,0.00000,0.00000
1602,109.68888,0.01745,Yakından incele · map,False,True,2.92000,3.20000,1.77900,1.00000,0.00000,0.00000
1603,109.70485,0.01598,Yakından incele · map,False,True,2.92000,3.20000,1.77900,1.00000,0.00000,0.00000
1604,109.72173,0.01688,Yakından incele · map,False,True,2.92000,3.20000,1.77900,1.00000,0.00000,0.00000
1605,109.73838,0.01666,Yakından incele · map,False,True,2.92000,3.20000,1.77900,1.00000,0.00000,0.00000
1606,109.75513,0.01675,Yakından incele · map,False,True,2.92000,3.20000,1.77900,1.00000,0.00000,0.00000
1607,109.77182,0.01668,Yakından incele · map,False,True,2.92000,3.20000,1.77900,1.00000,0.00000,0.00000
1608,109.78804,0.01623,Yakından incele · map,False,True,2.92000,3.20000,1.77900,1.00000,0.00000,0.00000
1609,109.80459,0.01654,Yakından incele · map,False,True,2.92000,3.20000,1.77900,1.00000,0.00000,0.00000
1610,109.82204,0.01745,Yakından incele · map,False,True,2.92000,3.20000,1.77900,1.00000,0.00000,0.00000
1611,109.83943,0.01740,Yakından incele · map,False,True,2.92000,3.20000,1.77900,1.00000,0.00000,0.00000
1612,109.85504,0.01561,Yakından incele · map,False,True,2.92000,3.20000,1.77900,1.00000,0.00000,0.00000
1613,109.87149,0.01645,Yakından incele · map,False,True,2.92000,3.20000,1.77900,1.00000,0.00000,0.00000
1614,109.88804,0.01655,Yakından incele · map,False,True,2.92000,3.20000,1.77900,1.00000,0.00000,0.00000
1615,109.90516,0.01712,Yakından incele · map,False,True,2.92000,3.20000,1.77900,1.00000,0.00000,0.00000
1616,109.92265,0.01750,Yakından incele · map,False,True,2.92000,3.20000,1.77900,1.00000,0.00000,0.00000
1617,109.93803,0.01538,Yakından incele · map,False,True,2.92000,3.20000,1.77900,1.00000,0.00000,0.00000
1618,109.95455,0.01652,Yakından incele · map,False,True,2.92000,3.20000,1.77900,1.00000,0.00000,0.00000
1619,109.97167,0.01711,Yakından incele · map,False,True,2.92000,3.20000,1.77900,1.00000,0.00000,0.00000
1620,109.98800,0.01634,Yakından incele · map,False,True,2.92000,3.20000,1.77900,1.00000,0.00000,0.00000
1621,110.00616,0.01816,Yakından incele · map,False,True,2.92000,3.20000,1.77900,1.00000,0.00000,0.00000
1622,110.02183,0.01566,Yakından incele · map,False,True,2.92000,3.20000,1.77900,1.00000,0.00000,0.00000
1623,110.03818,0.01635,Yakından incele · map,False,True,2.92000,3.20000,1.77900,1.00000,0.00000,0.00000
1624,110.05482,0.01664,Yakından incele · map,False,True,2.92000,3.20000,1.77900,1.00000,0.00000,0.00000
1625,110.07241,0.01759,Yakından incele · map,False,True,2.92000,3.20000,1.77900,1.00000,0.00000,0.00000
1626,110.08820,0.01578,Yakından incele · map,False,True,2.92000,3.20000,1.77900,1.00000,0.00000,0.00000
1627,110.10604,0.01784,Yakından incele · map,False,True,2.92000,3.20000,1.77900,1.00000,0.00000,0.00000
1628,110.12147,0.01543,Yakından incele · map,False,True,2.92000,3.20000,1.77900,1.00000,0.00000,0.00000
1629,110.13783,0.01636,Yakından incele · map,False,True,2.92000,3.20000,1.77900,1.00000,0.00000,0.00000
1630,110.15472,0.01689,Yakından incele · map,False,True,2.92000,3.20000,1.77900,1.00000,0.00000,0.00000
1631,110.17258,0.01786,Yakından incele · map,False,True,2.92000,3.20000,1.77900,1.00000,0.00000,0.00000
1632,110.18777,0.01519,Yakından incele · map,False,True,2.92000,3.20000,1.77900,1.00000,0.00000,0.00000
1633,110.20561,0.01785,Yakından incele · map,False,True,2.92000,3.20000,1.77900,1.00000,0.00000,0.00000
1634,110.22261,0.01700,Yakından incele · map,False,True,2.92000,3.20000,1.77900,1.00000,0.00000,0.00000
1635,110.23835,0.01575,Yakından incele · map,False,True,2.92000,3.20000,1.77900,1.00000,0.00000,0.00000
1636,110.25514,0.01678,Yakından incele · map,False,True,2.92000,3.20000,1.77900,1.00000,0.00000,0.00000
1637,110.27185,0.01672,Yakından incele · map,False,True,2.92000,3.20000,1.77900,1.00000,0.00000,0.00000
1638,110.28825,0.01639,Yakından incele · map,False,True,2.92000,3.20000,1.77900,1.00000,0.00000,0.00000
1639,110.30456,0.01632,Yakından incele · map,False,True,2.92000,3.20000,1.77900,1.00000,0.00000,0.00000
1640,110.32191,0.01734,Yakından incele · map,False,True,2.92000,3.20000,1.77900,1.00000,0.00000,0.00000
1641,110.33831,0.01640,Yakından incele · map,False,True,2.92000,3.20000,1.77900,1.00000,0.00000,0.00000
1642,110.35468,0.01637,Yakından incele · map,False,True,2.92000,3.20000,1.77900,1.00000,0.00000,0.00000
1643,110.37273,0.01806,Yakından incele · map,False,True,2.92000,3.20000,1.77900,1.00000,0.00000,0.00000
1644,110.38875,0.01602,Yakından incele · map,False,True,2.92000,3.20000,1.77900,1.00000,0.00000,0.00000
1645,110.40569,0.01694,Yakından incele · map,False,True,2.92000,3.20000,1.77900,1.00000,0.00000,0.00000
1646,110.42201,0.01632,Yakından incele · map,False,True,2.92000,3.20000,1.77900,1.00000,0.00000,0.00000
1647,110.43835,0.01634,Yakından incele · map,False,True,2.92000,3.20000,1.77900,1.00000,0.00000,0.00000
1648,110.45625,0.01790,Yakından incele · map,False,True,2.92000,3.20000,1.77900,1.00000,0.00000,0.00000
1649,110.47156,0.01531,Yakından incele · map,False,True,2.92000,3.20000,1.77900,1.00000,0.00000,0.00000
1650,110.48800,0.01644,Yakından incele · map,False,True,2.92000,3.20000,1.77900,1.00000,0.00000,0.00000
1651,110.50572,0.01772,Yakından incele · map,False,True,2.92000,3.20000,1.77900,1.00000,0.00000,0.00000
1652,110.52168,0.01596,Yakından incele · map,False,True,2.92000,3.20000,1.77900,1.00000,0.00000,0.00000
1653,110.53799,0.01630,Yakından incele · map,False,True,2.92000,3.20000,1.77900,1.00000,0.00000,0.00000
1654,110.55538,0.01739,Yakından incele · map,False,True,2.92000,3.20000,1.77900,1.00000,0.00000,0.00000
1655,110.57219,0.01681,Yakından incele · map,False,True,2.92000,3.20000,1.77900,1.21875,0.00000,0.00000
1656,110.58779,0.01560,Yakından incele · map,False,True,2.92000,3.20000,1.77900,1.21875,0.00000,0.00000
1657,110.60423,0.01644,Yakından incele · map,False,True,2.92000,3.20000,1.77900,1.21875,0.00000,0.00000
1658,110.62098,0.01676,Yakından incele · map,False,True,2.92000,3.20000,1.77900,1.21875,0.00000,0.00000
1659,110.63854,0.01755,Yakından incele · map,False,True,2.92000,3.20000,1.77900,1.21875,0.00000,0.00000
1660,110.65476,0.01623,Yakından incele · map,False,True,2.92000,3.20000,1.77900,1.21875,0.00000,0.00000
1661,110.67157,0.01681,Yakından incele · map,False,True,2.92000,3.20000,1.77900,1.21875,0.00000,0.00000
1662,110.68751,0.01594,Yakından incele · map,False,True,2.92000,3.20000,1.77900,1.21875,0.00000,0.00000
1663,110.70492,0.01741,Yakından incele · map,False,True,2.92000,3.20000,1.77900,1.21875,0.00000,0.00000
1664,110.72091,0.01599,Yakından incele · map,False,True,2.92000,3.20000,1.77900,1.21875,0.00000,0.00000
1665,110.73753,0.01663,Yakından incele · map,False,True,2.92000,3.20000,1.77900,1.21875,0.00000,0.00000
1666,110.75475,0.01722,Yakından incele · map,False,True,2.92000,3.20000,1.77900,1.21875,0.00000,0.00000
1667,110.77194,0.01719,Yakından incele · map,False,True,2.92000,3.20000,1.77900,1.21875,0.00000,0.00000
1668,110.78836,0.01643,Yakından incele · map,False,True,2.92000,3.20000,1.77900,1.21875,0.00000,0.00000
1669,110.80514,0.01677,Yakından incele · map,False,True,2.92000,3.20000,1.77900,1.21875,0.00000,0.00000
1670,110.82117,0.01603,Yakından incele · map,False,True,2.92000,3.20000,1.77900,1.21875,0.00000,0.00000
1671,110.83783,0.01666,Yakından incele · map,False,True,2.92000,3.20000,1.77900,1.21875,0.00000,0.00000
1672,110.85525,0.01742,Yakından incele · map,False,True,2.92000,3.20000,1.77900,1.21875,0.00000,0.00000
1673,110.87235,0.01710,Yakından incele · map,False,True,2.92000,3.20000,1.77900,1.21875,0.00000,0.00000
1674,110.88747,0.01511,Yakından incele · map,False,True,2.92000,3.20000,1.77900,1.21875,0.00000,0.00000
1675,110.90438,0.01691,Yakından incele · map,False,True,2.92000,3.20000,1.77900,1.21875,0.00000,0.00000
1676,110.92236,0.01798,Yakından incele · map,False,True,2.92000,3.20000,1.77900,1.21875,0.00000,0.00000
1677,110.93862,0.01626,Yakından incele · map,False,True,2.92000,3.20000,1.77900,1.21875,0.00000,0.00000
1678,110.95484,0.01622,Yakından incele · map,False,True,2.92000,3.20000,1.77900,1.21875,0.00000,0.00000
1679,110.97084,0.01601,Yakından incele · map,False,True,2.92000,3.20000,1.77900,1.21875,0.00000,0.00000
1680,110.98798,0.01714,Yakından incele · map,False,True,2.92000,3.20000,1.77900,1.21875,0.00000,0.00000
1681,111.00540,0.01742,Yakından incele · map,False,True,2.92000,3.20000,1.77900,1.21875,0.00000,0.00000
1682,111.02122,0.01583,Yakından incele · map,False,True,2.92000,3.20000,1.77900,1.21875,0.00000,0.00000
1683,111.03775,0.01652,Yakından incele · map,False,True,2.92000,3.20000,1.77900,1.21875,0.00000,0.00000
1684,111.05436,0.01662,Yakından incele · map,False,True,2.92000,3.20000,1.77900,1.21875,0.00000,0.00000
1685,111.07100,0.01664,Yakından incele · map,False,True,2.92000,3.20000,1.77900,1.21875,0.00000,0.00000
1686,111.08827,0.01726,Yakından incele · map,False,True,2.92000,3.20000,1.77900,1.21875,0.00000,0.00000
1687,111.10451,0.01624,Yakından incele · map,False,True,2.92000,3.20000,1.77900,1.21875,0.00000,0.00000
1688,111.12126,0.01675,Yakından incele · map,False,True,2.92000,3.20000,1.77900,1.21875,0.00000,0.00000
1689,111.13756,0.01630,Yakından incele · map,False,True,2.92000,3.20000,1.77900,1.21875,0.00000,0.00000
1690,111.15523,0.01766,Yakından incele · map,False,True,2.92000,3.20000,1.77900,1.21875,0.00000,0.00000
1691,111.17078,0.01555,Yakından incele · map,False,True,2.92000,3.20000,1.77900,1.21875,0.00000,0.00000
1692,111.18777,0.01699,Yakından incele · map,False,True,2.92000,3.20000,1.77900,1.21875,0.00000,0.00000
1693,111.20468,0.01691,Yakından incele · map,False,True,2.92000,3.20000,1.77900,1.21875,0.00000,0.00000
1694,111.22132,0.01664,Yakından incele · map,False,True,2.92000,3.20000,1.77900,1.21875,0.00000,0.00000
1695,111.23760,0.01628,Yakından incele · map,False,True,2.92000,3.20000,1.77900,1.21875,0.00000,0.00000
1696,111.25483,0.01723,Yakından incele · map,False,True,2.92000,3.20000,1.77900,1.21875,0.00000,0.00000
1697,111.27077,0.01594,Yakından incele · map,False,True,2.92000,3.20000,1.77900,1.21875,0.00000,0.00000
1698,111.28815,0.01738,Yakından incele · map,False,True,2.92000,3.20000,1.77900,1.21875,0.00000,0.00000
1699,111.30470,0.01654,Yakından incele · map,False,True,2.92000,3.20000,1.77900,1.21875,0.00000,0.00000
1700,111.32120,0.01651,Yakından incele · map,False,True,2.92000,3.20000,1.77900,1.21875,0.00000,0.00000
1701,111.33742,0.01621,Yakından incele · map,False,True,2.92000,3.20000,1.77900,1.21875,0.00000,0.00000
1702,111.35450,0.01708,Yakından incele · map,False,True,2.92000,3.20000,1.77900,1.21875,0.00000,0.00000
1703,111.37062,0.01612,Yakından incele · map,False,True,2.92000,3.20000,1.77900,1.21875,0.00000,0.00000
1704,111.39481,0.02419,Yakından incele · map,False,True,2.92000,3.20000,1.77900,1.21875,0.00000,0.00000
1705,111.41042,0.01561,Yakından incele · map,False,True,2.92000,3.20000,1.77900,1.21875,0.00000,0.00000
1706,111.42772,0.01731,Yakından incele · map,False,True,2.92000,3.20000,1.77900,1.21875,0.00000,0.00000
1707,111.44426,0.01654,Yakından incele · map,False,True,2.92000,3.20000,1.77900,1.21875,0.00000,0.00000
1708,111.46095,0.01669,Yakından incele · map,False,True,2.92000,3.20000,1.77900,1.21875,0.00000,0.00000
1709,111.47754,0.01659,Yakından incele · map,False,True,2.92000,3.20000,1.77900,1.21875,0.00000,0.00000
1710,111.49436,0.01682,Yakından incele · map,False,True,2.92000,3.20000,1.77900,1.21875,0.00000,0.00000
1711,111.51177,0.01742,Yakından incele · map,False,True,2.92000,3.20000,1.77900,1.21875,0.00000,0.00000
1712,111.52871,0.01693,Yakından incele · map,False,True,2.92000,3.20000,1.77900,1.21875,0.00000,0.00000
1713,111.54557,0.01686,Yakından incele · map,False,True,2.92000,3.20000,1.77900,1.21875,0.00000,0.00000
1714,111.56192,0.01635,Yakından incele · map,False,True,2.92000,3.20000,1.77900,1.21875,0.00000,0.00000
1715,111.57809,0.01617,Yakından incele · map,False,True,2.92000,3.20000,1.77900,1.21875,0.00000,0.00000
1716,111.59409,0.01600,Yakından incele · map,False,True,2.92000,3.20000,1.77900,1.21875,0.00000,0.00000
1717,111.61194,0.01785,Yakından incele · map,False,True,2.92000,3.20000,1.77900,1.21875,0.00000,0.00000
1718,111.62806,0.01612,Yakından incele · map,False,True,2.92000,3.20000,1.77900,1.21875,0.00000,0.00000
1719,111.64526,0.01720,Yakından incele · map,False,True,2.92000,3.20000,1.77900,1.21875,0.00000,0.00000
1720,111.66129,0.01603,Yakından incele · map,False,True,2.92000,3.20000,1.77900,1.21875,0.00000,0.00000
1721,111.67760,0.01631,Yakından incele · map,False,True,2.92000,3.20000,1.77900,1.21875,0.00000,0.00000
1722,111.69563,0.01803,Yakından incele · map,False,True,2.92000,3.20000,1.77900,1.21875,0.00000,0.00000
1723,111.71273,0.01710,Yakından incele · map,False,True,2.92000,3.20000,1.77900,1.21875,0.00000,0.00000
1724,111.72780,0.01507,Yakından incele · map,False,True,2.92000,3.20000,1.77900,1.21875,0.00000,0.00000
1725,111.74525,0.01745,Yakından incele · map,False,True,2.92000,3.20000,1.77900,1.21875,0.00000,0.00000
1726,111.76155,0.01630,Yakından incele · map,False,True,2.92000,3.20000,1.77900,1.21875,0.00000,0.00000
1727,111.77752,0.01597,Yakından incele · map,False,True,2.92000,3.20000,1.77900,1.21875,0.00000,0.00000
1728,111.79496,0.01744,Yakından incele · map,False,True,2.92000,3.20000,1.77900,1.21875,0.00000,0.00000
1729,111.81189,0.01694,Yakından incele · map,False,True,2.92000,3.20000,1.77900,1.21875,0.00000,0.00000
1730,111.82909,0.01720,Yakından incele · map,False,True,2.92000,3.20000,1.77900,1.21875,0.00000,0.00000
1731,111.84430,0.01521,Yakından incele · map,False,True,2.92000,3.20000,1.77900,1.21875,0.00000,0.00000
1732,111.86163,0.01733,Yakından incele · map,False,True,2.92000,3.20000,1.77900,1.21875,0.00000,0.00000
1733,111.87757,0.01595,Yakından incele · map,False,True,2.92000,3.20000,1.77900,1.21875,0.00000,0.00000
1734,111.89507,0.01749,Yakından incele · map,False,True,2.92000,3.20000,1.77900,1.21875,0.00000,0.00000
1735,111.91180,0.01673,Yakından incele · map,False,True,2.92000,3.20000,1.77900,1.21875,0.00000,0.00000
1736,111.92883,0.01703,Yakından incele · map,False,True,2.92000,3.20000,1.77900,1.21875,0.00000,0.00000
1737,111.94507,0.01624,Yakından incele · map,False,True,2.92000,3.20000,1.77900,1.21875,0.00000,0.00000
1738,111.96246,0.01739,Yakından incele · map,False,True,2.92000,3.20000,1.77900,1.21875,0.00000,0.00000
1739,111.97740,0.01495,Yakından incele · map,False,True,2.92000,3.20000,1.77900,1.21875,0.00000,0.00000
1740,111.99588,0.01847,Yakından incele · map,False,True,2.92000,3.20000,1.77900,1.21875,0.00000,0.00000
1741,112.01198,0.01610,Yakından incele · map,False,True,2.92000,3.20000,1.77900,1.21875,0.00000,0.00000
1742,112.02831,0.01632,Yakından incele · map,False,True,2.92000,3.20000,1.77900,1.21875,0.00000,0.00000
1743,112.04549,0.01718,Yakından incele · map,False,True,2.92000,3.20000,1.77900,1.21875,0.00000,0.00000
1744,112.06152,0.01604,Yakından incele · map,False,True,2.92000,3.20000,1.77900,1.21875,0.00000,0.00000
1745,112.07817,0.01664,Yakından incele · map,False,True,2.92000,3.20000,1.77900,1.21875,0.00000,0.00000
1746,112.09550,0.01734,Yakından incele · map,False,True,2.92000,3.20000,1.77900,1.21875,0.00000,0.00000
1747,112.11213,0.01662,Yakından incele · map,False,True,2.92000,3.20000,1.77900,1.21875,0.00000,0.00000
1748,112.12787,0.01574,Yakından incele · map,False,True,2.92000,3.20000,1.77900,1.21875,0.00000,0.00000
1749,112.14525,0.01738,Yakından incele · map,False,True,2.92000,3.20000,1.77900,1.21875,0.00000,0.00000
1750,112.16138,0.01613,Yakından incele · map,False,True,2.92000,3.20000,1.77900,1.21875,0.00000,0.00000
1751,112.17774,0.01635,Yakından incele · map,False,True,2.92000,3.20000,1.77900,1.21875,0.00000,0.00000
1752,112.19467,0.01693,Yakından incele · map,False,True,2.92000,3.20000,1.77900,1.21875,0.00000,0.00000
1753,112.21143,0.01676,Yakından incele · map,False,True,2.92000,3.20000,1.77900,1.21875,0.00000,0.00000
1754,112.22720,0.01577,Yakından incele · map,False,True,2.92000,3.20000,1.77900,1.21875,0.00000,0.00000
1755,112.24514,0.01794,Yakından incele · map,False,True,2.92000,3.20000,1.77900,1.21875,0.00000,0.00000
1756,112.26154,0.01640,Yakından incele · map,False,True,2.92000,3.20000,1.77900,1.21875,0.00000,0.00000
1757,112.27797,0.01643,Yakından incele · map,False,True,2.92000,3.20000,1.77900,1.21875,0.00000,0.00000
1758,112.29439,0.01642,Yakından incele · map,False,True,2.92000,3.20000,1.77900,1.21875,0.00000,0.00000
1759,112.31188,0.01749,Yakından incele · map,False,True,2.92000,3.20000,1.77900,1.21875,0.00000,0.00000
1760,112.32844,0.01657,Yakından incele · map,False,True,2.92000,3.20000,1.77900,1.21875,0.00000,0.00000
1761,112.34501,0.01657,Yakından incele · map,False,True,2.92000,3.20000,1.77900,1.21875,0.00000,0.00000
1762,112.36261,0.01760,Yakından incele · map,False,True,2.92000,3.20000,1.77900,1.21875,0.00000,0.00000
1763,112.37819,0.01558,Yakından incele · map,False,True,2.92000,3.20000,1.77900,1.21875,0.00000,0.00000
1764,112.39568,0.01749,Yakından incele · map,False,True,2.92000,3.20000,1.77900,1.21875,0.00000,0.00000
1765,112.41141,0.01573,Yakından incele · map,False,True,2.92000,3.20000,1.77900,1.21875,0.00000,0.00000
1766,112.42885,0.01744,Yakından incele · map,False,True,2.92000,3.20000,1.77900,1.21875,0.00000,0.00000
1767,112.44562,0.01677,Yakından incele · map,False,True,2.92000,3.20000,1.77900,1.21875,0.00000,0.00000
1768,112.46212,0.01650,Yakından incele · map,False,True,2.92000,3.20000,1.77900,1.21875,0.00000,0.00000
1769,112.47922,0.01710,Yakından incele · map,False,True,2.92000,3.20000,1.77900,1.21875,0.00000,0.00000
1770,112.49484,0.01561,Yakından incele · map,False,True,2.92000,3.20000,1.77900,1.21875,0.00000,0.00000
1771,112.51186,0.01702,Yakından incele · map,False,True,2.92000,3.20000,1.77900,1.21875,0.00000,0.00000
1772,112.52825,0.01639,Yakından incele · map,False,True,2.92000,3.20000,1.77900,1.21875,0.00000,0.00000
1773,112.54426,0.01601,Yakından incele · map,False,True,2.92000,3.20000,1.77900,1.21875,0.00000,0.00000
1774,112.56171,0.01745,Yakından incele · map,False,True,2.92000,3.20000,1.77900,1.21875,0.00000,0.00000
1775,112.57966,0.01796,Yakından incele · map,False,True,2.92000,3.20000,1.77900,1.21875,0.00000,0.00000
1776,112.59583,0.01617,Yakından incele · map,False,True,2.92000,3.20000,1.77900,1.21875,0.00000,0.00000
1777,112.61268,0.01684,Yakından incele · map,False,True,2.92000,3.20000,1.77900,1.21875,0.00000,0.00000
1778,112.62994,0.01726,Yakından incele · map,False,True,2.92000,3.20000,1.77900,1.21875,0.00000,0.00000
1779,112.64590,0.01597,Yakından incele · map,False,True,2.92000,3.20000,1.77900,1.21875,0.00000,0.00000
1780,112.66271,0.01680,Yakından incele · map,False,True,2.92000,3.20000,1.77900,1.21875,0.00000,0.00000
1781,112.67896,0.01626,Yakından incele · map,False,True,2.92000,3.20000,1.77900,1.21875,0.00000,0.00000
1782,112.69496,0.01599,Yakından incele · map,False,True,2.92000,3.20000,1.77900,1.21875,0.00000,0.00000
1783,112.71156,0.01661,Yakından incele · map,False,True,2.92000,3.20000,1.77900,1.21875,0.00000,0.00000
1784,112.72825,0.01668,Yakından incele · map,False,True,2.92000,3.20000,1.77900,1.21875,0.00000,0.00000
1785,112.74476,0.01651,Yakından incele · map,False,True,2.92000,3.20000,1.77900,1.21875,0.00000,0.00000
1786,112.76235,0.01759,Yakından incele · map,False,True,2.92000,3.20000,1.77900,1.21875,0.00000,0.00000
1787,112.77959,0.01725,Yakından incele · map,False,True,2.92000,3.20000,1.77900,1.21875,0.00000,0.00000
1788,112.79543,0.01584,Yakından incele · map,False,True,2.92000,3.20000,1.77900,1.21875,0.00000,0.00000
1789,112.81217,0.01674,Yakından incele · map,False,True,2.92000,3.20000,1.77900,1.21875,0.00000,0.00000
1790,112.82803,0.01587,Yakından incele · map,False,True,2.92000,3.20000,1.77900,1.21875,0.00000,0.00000
1791,112.84513,0.01710,Yakından incele · map,False,True,2.92000,3.20000,1.77900,1.21875,0.00000,0.00000
1792,112.86196,0.01683,Yakından incele · map,False,True,2.92000,3.20000,1.77900,1.21875,0.00000,0.00000
1793,112.87952,0.01756,Yakından incele · map,False,True,2.92000,3.20000,1.77900,1.21875,0.00000,0.00000
1794,112.89558,0.01605,Yakından incele · map,False,True,2.92000,3.20000,1.77900,1.21875,0.00000,0.00000
1795,112.91232,0.01674,Yakından incele · map,False,True,2.92000,3.20000,1.77900,1.21875,0.00000,0.00000
1796,112.92772,0.01540,Yakından incele · map,False,True,2.92000,3.20000,1.77900,1.21875,0.00000,0.00000
1797,112.94478,0.01706,Yakından incele · map,False,True,2.92000,3.20000,1.77900,1.21875,0.00000,0.00000
1798,112.96253,0.01775,Yakından incele · map,False,True,2.92000,3.20000,1.77900,1.21875,0.00000,0.00000
1799,112.97876,0.01623,Yakından incele · map,False,True,2.92000,3.20000,1.77900,1.21875,0.00000,0.00000
1800,113.00115,0.02239,Yakından incele · map,False,True,2.92000,3.20000,1.77900,1.21875,0.00000,0.00000
1801,113.01139,0.01024,Yakından incele · map,False,True,2.92000,3.20000,1.77900,1.21875,0.00000,0.00000
1802,113.02798,0.01659,Yakından incele · map,False,True,2.92000,3.20000,1.77900,1.21875,0.00000,0.00000
1803,113.04475,0.01677,Yakından incele · map,False,True,2.92000,3.20000,1.77900,1.21875,0.00000,0.00000
1804,113.06203,0.01729,Yakından incele · map,False,True,2.92000,3.20000,1.77900,1.21875,0.00000,0.00000
1805,113.07805,0.01602,Yakından incele · map,False,True,2.92000,3.20000,1.77900,1.21875,0.00000,0.00000
1806,113.09451,0.01646,Yakından incele · map,False,True,2.92000,3.20000,1.77900,1.21875,0.00000,0.00000
1807,113.11221,0.01770,Yakından incele · map,False,True,2.92000,3.20000,1.77900,1.21875,0.00000,0.00000
1808,113.12813,0.01592,Yakından incele · map,False,True,2.92000,3.20000,1.77900,1.21875,0.00000,0.00000
1809,113.14462,0.01649,Yakından incele · map,False,True,2.92000,3.20000,1.77900,1.21875,0.00000,0.00000
1810,113.16241,0.01778,Yakından incele · map,False,True,2.92000,3.20000,1.77900,1.21875,0.00000,0.00000
1811,113.17891,0.01651,Yakından incele · map,False,True,2.92000,3.20000,1.77900,1.21875,0.00000,0.00000
1812,113.19610,0.01718,Yakından incele · map,False,True,2.92000,3.20000,1.77900,1.21875,0.00000,0.00000
1813,113.21171,0.01561,Yakından incele · map,False,True,2.92000,3.20000,1.77900,1.21875,0.00000,0.00000
1814,113.22862,0.01691,Yakından incele · map,False,True,2.92000,3.20000,1.77900,1.21875,0.00000,0.00000
1815,113.24494,0.01632,Yakından incele · map,False,True,2.92000,3.20000,1.77900,1.21875,0.00000,0.00000
1816,113.26208,0.01714,Yakından incele · map,False,True,2.92000,3.20000,1.77900,1.21875,0.00000,0.00000
1817,113.27858,0.01650,Yakından incele · map,False,True,2.92000,3.20000,1.77900,1.21875,0.00000,0.00000
1818,113.29598,0.01740,Yakından incele · map,False,True,2.92000,3.20000,1.77900,1.21875,0.00000,0.00000
1819,113.31168,0.01570,Yakından incele · map,False,True,2.92000,3.20000,1.77900,1.21875,0.00000,0.00000
1820,113.32804,0.01636,Yakından incele · map,False,True,2.92000,3.20000,1.77900,1.21875,0.00000,0.00000
1821,113.34505,0.01701,Yakından incele · map,False,True,2.92000,3.20000,1.77900,1.21875,0.00000,0.00000
1822,113.36240,0.01735,Yakından incele · map,False,True,2.92000,3.20000,1.77900,1.21875,0.00000,0.00000
1823,113.37814,0.01574,Yakından incele · map,False,True,2.92000,3.20000,1.77900,1.21875,0.00000,0.00000
1824,113.39427,0.01613,Yakından incele · map,False,True,2.92000,3.20000,1.77900,1.21875,0.00000,0.00000
1825,113.41194,0.01767,Yakından incele · map,False,True,2.92000,3.20000,1.77900,1.21875,0.00000,0.00000
1826,113.42800,0.01606,Yakından incele · map,False,True,2.92000,3.20000,1.77900,1.21875,0.00000,0.00000
1827,113.44554,0.01754,Yakından incele · map,False,True,2.92000,3.20000,1.77900,1.21875,0.00000,0.00000
1828,113.46166,0.01612,Yakından incele · map,False,True,2.92000,3.20000,1.77900,1.21875,0.00000,0.00000
1829,113.47863,0.01697,Yakından incele · map,False,True,2.92000,3.20000,1.77900,1.21875,0.00000,0.00000
1830,113.49511,0.01648,Yakından incele · map,False,True,2.92000,3.20000,1.77900,1.21875,0.00000,0.00000
1831,113.51282,0.01771,Yakından incele · map,False,True,2.92000,3.20000,1.77900,1.21875,0.00000,0.00000
1832,113.52841,0.01559,Yakından incele · map,False,True,2.92000,3.20000,1.77900,1.21875,0.00000,0.00000
1833,113.54561,0.01720,Yakından incele · map,False,True,2.92000,3.20000,1.77900,1.21875,0.00000,0.00000
1834,113.56127,0.01566,Yakından incele · map,False,True,2.92000,3.20000,1.77900,1.21875,0.00000,0.00000
1835,113.57868,0.01741,Yakından incele · map,False,True,2.92000,3.20000,1.77900,1.21875,0.00000,0.00000
1836,113.59497,0.01629,Yakından incele · map,False,True,2.92000,3.20000,1.77900,1.21875,0.00000,0.00000
1837,113.61225,0.01727,Yakından incele · map,False,True,2.92000,3.20000,1.77900,1.21875,0.00000,0.00000
1838,113.62793,0.01569,Yakından incele · map,False,True,2.92000,3.20000,1.77900,1.21875,0.00000,0.00000
1839,113.64513,0.01720,Yakından incele · map,False,True,2.92000,3.20000,1.77900,1.21875,0.00000,0.00000
1840,113.66108,0.01595,Yakından incele · map,False,True,2.92000,3.20000,1.77900,1.21875,0.00000,0.00000
1841,113.67868,0.01761,Yakından incele · map,False,True,2.92000,3.20000,1.77900,1.21875,0.00000,0.00000
1842,113.69508,0.01640,Yakından incele · map,False,True,2.92000,3.20000,1.77900,1.21875,0.00000,0.00000
1843,113.71192,0.01684,Yakından incele · map,False,True,2.92000,3.20000,1.77900,1.21875,0.00000,0.00000
1844,113.72860,0.01668,Yakından incele · map,False,True,2.92000,3.20000,1.77900,1.21875,0.00000,0.00000
1845,113.74550,0.01690,Yakından incele · map,False,True,2.92000,3.20000,1.77900,1.21875,0.00000,0.00000
1846,113.76211,0.01662,Yakından incele · map,False,True,2.92000,3.20000,1.77900,1.21875,0.00000,0.00000
1847,113.77888,0.01677,Yakından incele · map,False,True,2.92000,3.20000,1.77900,1.21875,0.00000,0.00000
1848,113.79507,0.01619,Yakından incele · map,False,True,2.92000,3.20000,1.77900,1.21875,0.00000,0.00000
1849,113.81247,0.01740,Yakından incele · map,False,True,2.92000,3.20000,1.77900,1.21875,0.00000,0.00000
1850,113.82843,0.01595,Yakından incele · map,False,True,2.92000,3.20000,1.77900,1.21875,0.00000,0.00000
1851,113.84563,0.01720,Yakından incele · map,False,True,2.92000,3.20000,1.77900,1.21875,0.00000,0.00000
1852,113.86162,0.01599,Yakından incele · map,False,True,2.92000,3.20000,1.77900,1.21875,0.00000,0.00000
1853,113.87906,0.01744,Yakından incele · map,False,True,2.92000,3.20000,1.77900,1.21875,0.00000,0.00000
1854,113.89477,0.01571,Yakından incele · map,False,True,2.92000,3.20000,1.77900,1.21875,0.00000,0.00000
1855,113.91241,0.01764,Yakından incele · map,False,True,2.92000,3.20000,1.77900,1.21875,0.00000,0.00000
1856,113.92852,0.01611,Yakından incele · map,False,True,2.92000,3.20000,1.77900,1.21875,0.00000,0.00000
1857,113.94508,0.01656,Yakından incele · map,False,True,2.92000,3.20000,1.77900,1.21875,0.00000,0.00000
1858,113.96166,0.01658,Yakından incele · map,False,True,2.92000,3.20000,1.77900,1.21875,0.00000,0.00000
1859,113.97829,0.01662,Yakından incele · map,False,True,2.92000,3.20000,1.77900,1.21875,0.00000,0.00000
1860,113.99446,0.01617,Yakından incele · map,False,True,2.92000,3.20000,1.77900,1.21875,0.00000,0.00000
1861,114.01302,0.01857,Yakından incele · map,False,True,2.92000,3.20000,1.77900,1.21875,0.00000,0.00000
1862,114.02784,0.01482,Yakından incele · map,False,True,2.92000,3.20000,1.77900,1.21875,0.00000,0.00000
1863,114.04600,0.01815,Yakından incele · map,False,True,2.92000,3.20000,1.77900,1.21875,0.00000,0.00000
1864,114.06211,0.01612,Yakından incele · map,False,True,2.92000,3.20000,1.77900,1.21875,0.00000,0.00000
1865,114.07836,0.01625,Yakından incele · map,False,True,2.92000,3.20000,1.77900,1.21875,0.00000,0.00000
1866,114.09595,0.01759,Yakından incele · map,False,True,2.92000,3.20000,1.77900,1.21875,0.00000,0.00000
1867,114.11248,0.01653,Yakından incele · map,False,True,2.92000,3.20000,1.77900,1.21875,0.00000,0.00000
1868,114.12916,0.01669,Yakından incele · map,False,True,2.92000,3.20000,1.77900,1.21875,0.00000,0.00000
1869,114.14596,0.01680,Yakından incele · map,False,True,2.92000,3.20000,1.77900,1.21875,0.00000,0.00000
1870,114.16214,0.01618,Yakından incele · map,False,True,2.92000,3.20000,1.77900,1.21875,0.00000,0.00000
1871,114.17932,0.01717,Yakından incele · map,False,True,2.92000,3.20000,1.77900,1.21875,0.00000,0.00000
1872,114.19557,0.01625,Yakından incele · map,False,True,2.92000,3.20000,1.77900,1.21875,0.00000,0.00000
1873,114.21161,0.01604,Yakından incele · map,False,True,2.92000,3.20000,1.77900,1.21875,0.00000,0.00000
1874,114.22892,0.01731,Yakından incele · map,False,True,2.92000,3.20000,1.77900,1.21875,0.00000,0.00000
1875,114.24802,0.01910,Yakından incele · map,False,True,2.92000,3.20000,1.77900,1.21875,0.00000,0.00000
1876,114.25692,0.00889,Yakından incele · map,False,True,2.92000,3.20000,1.77900,1.21875,0.00000,0.00000
1877,114.28013,0.02322,Yakından incele · map,False,True,2.92000,3.20000,1.77900,1.21875,0.00000,0.00000
1878,114.29603,0.01590,Yakından incele · map,False,True,2.92000,3.20000,1.77900,1.21875,0.00000,0.00000
1879,114.31344,0.01741,Yakından incele · map,False,True,2.92000,3.20000,1.77900,1.21875,0.00000,0.00000
1880,114.32931,0.01587,Yakından incele · map,False,True,2.92000,3.20000,1.77900,1.21875,0.00000,0.00000
1881,114.34520,0.01589,Yakından incele · map,False,True,2.92000,3.20000,1.77900,1.21875,0.00000,0.00000
1882,114.36201,0.01680,Yakından incele · map,False,True,2.92000,3.20000,1.77900,1.21875,0.00000,0.00000
1883,114.37889,0.01689,Yakından incele · map,False,True,2.92000,3.20000,1.77900,1.21875,0.00000,0.00000
1884,114.39456,0.01566,Yakından incele · map,False,True,2.92000,3.20000,1.77900,1.21875,0.00000,0.00000
1885,114.41639,0.02183,Yakından incele · map,False,True,2.92000,3.20000,1.77900,1.21875,0.00000,0.00000
1886,114.42535,0.00896,Yakından incele · map,False,True,2.92000,3.20000,1.77900,1.21875,0.00000,0.00000
1887,114.44527,0.01991,Yakından incele · map,False,True,2.92000,3.20000,1.77900,1.21875,0.00000,0.00000
1888,114.46159,0.01633,Yakından incele · map,False,True,2.92000,3.20000,1.77900,1.21875,0.00000,0.00000
1889,114.47874,0.01715,Yakından incele · map,False,True,2.92000,3.20000,1.77900,1.21875,0.00000,0.00000
1890,114.49552,0.01677,Yakından incele · map,False,True,2.92000,3.20000,1.77900,1.21875,0.00000,0.00000
1891,114.51271,0.01719,Yakından incele · map,False,True,2.92000,3.20000,1.77900,1.21875,0.00000,0.00000
1892,114.52881,0.01610,Yakından incele · map,False,True,2.92000,3.20000,1.77900,1.21875,0.00000,0.00000
1893,114.54534,0.01653,Yakından incele · map,False,True,2.92000,3.20000,1.77900,1.21875,0.00000,0.00000
1894,114.56235,0.01701,Yakından incele · map,False,True,2.92000,3.20000,1.77900,1.21875,0.00000,0.00000
1895,114.57868,0.01633,Yakından incele · map,False,True,2.92000,3.20000,1.77900,1.21875,0.00000,0.00000
1896,114.59507,0.01639,Yakından incele · map,False,True,2.92000,3.20000,1.77900,1.21875,0.00000,0.00000
1897,114.61201,0.01694,Yakından incele · map,False,True,2.92000,3.20000,1.77900,1.21875,0.00000,0.00000
1898,114.62878,0.01677,Yakından incele · map,False,True,2.92000,3.20000,1.77900,1.21875,0.00000,0.00000
1899,114.64546,0.01668,Yakından incele · map,False,True,2.92000,3.20000,1.77900,1.21875,0.00000,0.00000
1900,114.66132,0.01586,Yakından incele · map,False,True,2.92000,3.20000,1.77900,1.21875,0.00000,0.00000
1901,114.67858,0.01726,Yakından incele · map,False,True,2.92000,3.20000,1.77900,1.21875,0.00000,0.00000
1902,114.69480,0.01622,Yakından incele · map,False,True,2.92000,3.20000,1.77900,1.21875,0.00000,0.00000
1903,114.71163,0.01683,Yakından incele · map,False,True,2.92000,3.20000,1.77900,1.21875,0.00000,0.00000
1904,114.72933,0.01769,Yakından incele · map,False,True,2.92000,3.20000,1.77900,1.21875,0.00000,0.00000
1905,114.74563,0.01630,Yakından incele · map,False,True,2.92000,3.20000,1.77900,1.21875,0.00000,0.00000
1906,114.76196,0.01633,Yakından incele · map,False,True,2.92000,3.20000,1.77900,1.21875,0.00000,0.00000
1907,114.77846,0.01650,Yakından incele · map,False,True,2.92000,3.20000,1.77900,1.21875,0.00000,0.00000
1908,114.79496,0.01650,Yakından incele · map,False,True,2.92000,3.20000,1.77900,1.21875,0.00000,0.00000
1909,114.81226,0.01730,Yakından incele · map,False,True,2.92000,3.20000,1.77900,1.21875,0.00000,0.00000
1910,114.82749,0.01523,Yakından incele · map,False,True,2.92000,3.20000,1.77900,1.21875,0.00000,0.00000
1911,114.84489,0.01740,Yakından incele · map,False,True,2.92000,3.20000,1.77900,1.21875,0.00000,0.00000
1912,114.86145,0.01656,Yakından incele · map,False,True,2.92000,3.20000,1.77900,1.21875,0.00000,0.00000
1913,114.87861,0.01716,Yakından incele · map,False,True,2.92000,3.20000,1.77900,1.21875,0.00000,0.00000
1914,114.89530,0.01669,Yakından incele · map,False,True,2.92000,3.20000,1.77900,1.21875,0.00000,0.00000
1915,114.91206,0.01675,Yakından incele · map,False,True,2.92000,3.20000,1.77900,1.21875,0.00000,0.00000
1916,114.92784,0.01579,Yakından incele · map,False,True,2.92000,3.20000,1.77900,1.21875,0.00000,0.00000
1917,114.94502,0.01718,Yakından incele · map,False,True,2.92000,3.20000,1.77900,1.21875,0.00000,0.00000
1918,114.96126,0.01623,Yakından incele · map,False,True,2.92000,3.20000,1.77900,1.21875,0.00000,0.00000
1919,114.97828,0.01702,Yakından incele · map,False,True,2.92000,3.20000,1.77900,1.21875,0.00000,0.00000
1920,114.99500,0.01672,Yakından incele · map,False,True,2.92000,3.20000,1.77900,1.21875,0.00000,0.00000
1921,115.01198,0.01697,Yakından incele · map,False,True,2.92000,3.20000,1.77900,1.21875,0.00000,0.00000
1922,115.02821,0.01623,Yakından incele · map,False,True,2.92000,3.20000,1.77900,1.21875,0.00000,0.00000
1923,115.04492,0.01671,Yakından incele · map,False,True,2.92000,3.20000,1.77900,1.21875,0.00000,0.00000
1924,115.06200,0.01707,Yakından incele · map,False,True,2.92000,3.20000,1.77900,1.21875,0.00000,0.00000
1925,115.07879,0.01680,Yakından incele · map,False,True,2.92000,3.20000,1.77900,1.21875,0.00000,0.00000
1926,115.09539,0.01660,Yakından incele · map,False,True,2.92000,3.20000,1.77900,1.21875,0.00000,0.00000
1927,115.11247,0.01708,Yakından incele · map,False,True,2.92000,3.20000,1.77900,1.21875,0.00000,0.00000
1928,115.12777,0.01530,Yakından incele · map,False,True,2.92000,3.20000,1.77900,1.21875,0.00000,0.00000
1929,115.14574,0.01797,Yakından incele · map,False,True,2.92000,3.20000,1.77900,1.21875,0.00000,0.00000
1930,115.16149,0.01575,Yakından incele · map,False,True,2.92000,3.20000,1.77900,1.21875,0.00000,0.00000
1931,115.17873,0.01724,Yakından incele · map,False,True,2.92000,3.20000,1.77900,1.21875,0.00000,0.00000
1932,115.19582,0.01708,Yakından incele · map,False,True,2.92000,3.20000,1.77900,1.21875,0.00000,0.00000
1933,115.21142,0.01560,Yakından incele · map,False,True,2.92000,3.20000,1.77900,1.21875,0.00000,0.00000
1934,115.22875,0.01733,Yakından incele · map,False,True,2.92000,3.20000,1.77900,1.21875,0.00000,0.00000
1935,115.24531,0.01656,Yakından incele · map,False,True,2.92000,3.20000,1.77900,1.21875,0.00000,0.00000
1936,115.26222,0.01691,Yakından incele · map,False,True,2.92000,3.20000,1.77900,1.21875,0.00000,0.00000
1937,115.27988,0.01766,Yakından incele · map,False,True,2.92000,3.20000,1.77900,1.21875,0.00000,0.00000
1938,115.29481,0.01493,Yakından incele · map,False,True,2.92000,3.20000,1.77900,1.21875,0.00000,0.00000
1939,115.31156,0.01675,Yakından incele · map,False,True,2.92000,3.20000,1.77900,1.21875,0.00000,0.00000
1940,115.32801,0.01645,Yakından incele · map,False,True,2.92000,3.20000,1.77900,1.21875,0.00000,0.00000
1941,115.34533,0.01732,Yakından incele · map,False,True,2.92000,3.20000,1.77900,1.21875,0.00000,0.00000
1942,115.36186,0.01653,Yakından incele · map,False,True,2.92000,3.20000,1.77900,1.21875,0.00000,0.00000
1943,115.37870,0.01683,Yakından incele · map,False,True,2.92000,3.20000,1.77900,1.21875,0.00000,0.00000
1944,115.39657,0.01788,Yakından incele · map,False,True,2.92000,3.20000,1.77900,1.21875,0.00000,0.00000
1945,115.41235,0.01578,Yakından incele · map,False,True,2.92000,3.20000,1.77900,1.21875,0.00000,0.00000
1946,115.42805,0.01570,Yakından incele · map,False,True,2.92000,3.20000,1.77900,1.21875,0.00000,0.00000
1947,115.44576,0.01771,Yakından incele · map,False,True,2.92000,3.20000,1.77900,1.21875,0.00000,0.00000
1948,115.46414,0.01838,Yakından incele · map,False,True,2.92000,3.20000,1.77900,1.21875,0.00000,0.00000
1949,115.47916,0.01502,Yakından incele · map,False,True,2.92000,3.20000,1.77900,1.21875,0.00000,0.00000
1950,115.49625,0.01709,Yakından incele · map,False,True,2.92000,3.20000,1.77900,1.21875,0.00000,0.00000
1951,115.51336,0.01711,Yakından incele · map,False,True,2.92000,3.20000,1.77900,1.21875,0.00000,0.00000
1952,115.52858,0.01522,Yakından incele · map,False,True,2.92000,3.20000,1.77900,1.21875,0.00000,0.00000
1953,115.54451,0.01593,Yakından incele · map,False,True,2.92000,3.20000,1.77900,1.21875,0.00000,0.00000
1954,115.56477,0.02026,Yakından incele · map,False,True,2.92000,3.20000,1.77900,1.21875,0.00000,0.00000
1955,115.57820,0.01343,Yakından incele · map,False,True,2.92000,3.20000,1.77900,1.21875,0.00000,0.00000
1956,115.59531,0.01711,Yakından incele · map,False,True,2.92000,3.20000,1.77900,1.21875,0.00000,0.00000
1957,115.61118,0.01587,Yakından incele · map,False,True,2.92000,3.20000,1.77900,1.21875,0.00000,0.00000
1958,115.62920,0.01802,Yakından incele · map,False,True,2.92000,3.20000,1.77900,1.21875,0.00000,0.00000
1959,115.64470,0.01550,Yakından incele · map,False,True,2.92000,3.20000,1.77900,1.21875,0.00000,0.00000
1960,115.66168,0.01698,Yakından incele · map,False,True,2.92000,3.20000,1.77900,1.21875,0.00000,0.00000
1961,115.67919,0.01751,Yakından incele · map,False,True,2.92000,3.20000,1.77900,1.21875,0.00000,0.00000
1962,115.69525,0.01606,Yakından incele · map,False,True,2.92000,3.20000,1.77900,1.21875,0.00000,0.00000
1963,115.71101,0.01576,Yakından incele · map,False,True,2.92000,3.20000,1.77900,1.21875,0.00000,0.00000
1964,115.72727,0.01626,Yakından incele · map,False,True,2.92000,3.20000,1.77900,1.21875,0.00000,0.00000
1965,115.74576,0.01849,Yakından incele · map,False,True,2.92000,3.20000,1.77900,1.21875,0.00000,0.00000
1966,115.76117,0.01541,Yakından incele · map,False,True,2.92000,3.20000,1.77900,1.21875,0.00000,0.00000
1967,115.77847,0.01730,Yakından incele · map,False,True,2.92000,3.20000,1.77900,1.21875,0.00000,0.00000
1968,115.79494,0.01646,Yakından incele · map,False,True,2.92000,3.20000,1.77900,1.21875,0.00000,0.00000
1969,115.81151,0.01658,Yakından incele · map,False,True,2.92000,3.20000,1.77900,1.21875,0.00000,0.00000
1970,115.82846,0.01694,Yakından incele · map,False,True,2.92000,3.20000,1.77900,1.21875,0.00000,0.00000
1971,115.84551,0.01705,Yakından incele · map,False,True,2.92000,3.20000,1.77900,1.21875,0.00000,0.00000
1972,115.86171,0.01620,Yakından incele · map,False,True,2.92000,3.20000,1.77900,1.21875,0.00000,0.00000
1973,115.87846,0.01676,Yakından incele · map,False,True,2.92000,3.20000,1.77900,1.21875,0.00000,0.00000
1974,115.89499,0.01653,Yakından incele · map,False,True,2.92000,3.20000,1.77900,1.21875,0.00000,0.00000
1975,115.91204,0.01705,Yakından incele · map,False,True,2.92000,3.20000,1.77900,1.21875,0.00000,0.00000
1976,115.92780,0.01577,Yakından incele · map,False,True,2.92000,3.20000,1.77900,1.21875,0.00000,0.00000
1977,115.94543,0.01762,Yakından incele · map,False,True,2.92000,3.20000,1.77900,1.21875,0.00000,0.00000
1978,115.96204,0.01661,Yakından incele · map,False,True,2.92000,3.20000,1.77900,1.21875,0.00000,0.00000
1979,115.97855,0.01651,Yakından incele · map,False,True,2.92000,3.20000,1.77900,1.21875,0.00000,0.00000
1980,115.99512,0.01657,Yakından incele · map,False,True,2.92000,3.20000,1.77900,1.21875,0.00000,0.00000
1981,116.01131,0.01620,Yakından incele · map,False,True,2.92000,3.20000,1.77900,1.21875,0.00000,0.00000
1982,116.02848,0.01716,Yakından incele · map,False,True,2.92000,3.20000,1.77900,1.21875,0.00000,0.00000
1983,116.04540,0.01693,Yakından incele · map,False,True,2.92000,3.20000,1.77900,1.21875,0.00000,0.00000
1984,116.06196,0.01656,Yakından incele · map,False,True,2.92000,3.20000,1.77900,1.21875,0.00000,0.00000
1985,116.07814,0.01618,Yakından incele · map,False,True,2.92000,3.20000,1.77900,1.21875,0.00000,0.00000
1986,116.09447,0.01633,Yakından incele · map,False,True,2.92000,3.20000,1.77900,1.21875,0.00000,0.00000
1987,116.11186,0.01739,Yakından incele · map,False,True,2.92000,3.20000,1.77900,1.21875,0.00000,0.00000
1988,116.12801,0.01616,Yakından incele · map,False,True,2.92000,3.20000,1.77900,1.21875,0.00000,0.00000
1989,116.14415,0.01614,Yakından incele · map,False,True,2.92000,3.20000,1.77900,1.21875,0.00000,0.00000
1990,116.16159,0.01743,Yakından incele · map,False,True,2.92000,3.20000,1.77900,1.21875,0.00000,0.00000
1991,116.17837,0.01679,Yakından incele · map,False,True,2.92000,3.20000,1.77900,1.21875,0.00000,0.00000
1992,116.19527,0.01690,Yakından incele · map,False,True,2.92000,3.20000,1.77900,1.21875,0.00000,0.00000
1993,116.21194,0.01667,Yakından incele · map,False,True,2.92000,3.20000,1.77900,1.21875,0.00000,0.00000
1994,116.22827,0.01634,Yakından incele · map,False,True,2.92000,3.20000,1.77900,1.21875,0.00000,0.00000
1995,116.24527,0.01700,Yakından incele · map,False,True,2.92000,3.20000,1.77900,1.21875,0.00000,0.00000
1996,116.26152,0.01625,Yakından incele · map,False,True,2.92000,3.20000,1.77900,1.21875,0.00000,0.00000
1997,116.27876,0.01724,Yakından incele · map,False,True,2.92000,3.20000,1.77900,1.21875,0.00000,0.00000
1998,116.29528,0.01652,Yakından incele · map,False,True,2.92000,3.20000,1.77900,1.21875,0.00000,0.00000
1999,116.31185,0.01657,Yakından incele · map,False,True,2.92000,3.20000,1.77900,1.21875,0.00000,0.00000
2000,116.32737,0.01552,Yakından incele · map,False,True,2.92000,3.20000,1.77900,1.21875,0.00000,0.00000
2001,116.34534,0.01797,Yakından incele · map,False,True,2.92000,3.20000,1.77900,1.21875,0.00000,0.00000
2002,116.36190,0.01656,Yakından incele · map,False,True,2.92000,3.20000,1.77900,1.21875,0.00000,0.00000
2003,116.37657,0.01467,Yakından incele · map,False,True,2.92000,3.20000,1.77900,1.21875,0.00000,0.00000
2004,116.39567,0.01910,Yakından incele · map,False,True,2.92000,3.20000,1.77900,1.21875,0.00000,0.00000
2005,116.41341,0.01773,Yakından incele · map,False,True,2.92000,3.20000,1.77900,1.21875,0.00000,0.00000
2006,116.44396,0.03055,Yakından incele · map,False,True,2.92000,3.20000,1.77900,1.21875,0.00000,0.00000
2007,116.45287,0.00891,Yakından incele · map,False,True,2.92000,3.20000,1.77900,1.21875,0.00000,0.00000
2008,116.46969,0.01682,Yakından incele · map,False,True,2.92000,3.20000,1.77900,1.21875,0.00000,0.00000
2009,116.48689,0.01720,Yakından incele · map,False,True,2.92000,3.20000,1.77900,1.21875,0.00000,0.00000
2010,116.50309,0.01620,Yakından incele · map,False,True,2.92000,3.20000,1.77900,1.21875,0.00000,0.00000
2011,116.52170,0.01862,Yakından incele · map,False,True,2.92000,3.20000,1.77900,1.21875,0.00000,0.00000
2012,116.53586,0.01416,Yakından incele · map,False,True,2.92000,3.20000,1.77900,1.21875,0.00000,0.00000
2013,116.55436,0.01850,Yakından incele · map,False,True,2.92000,3.20000,1.77900,1.21875,0.00000,0.00000
2014,116.57085,0.01648,Yakından incele · map,False,True,2.92000,3.20000,1.77900,1.21875,0.00000,0.00000
2015,116.58628,0.01543,Yakından incele · map,False,True,2.92000,3.20000,1.77900,1.21875,0.00000,0.00000
2016,116.60511,0.01884,Yakından incele · map,False,True,2.92000,3.20000,1.77900,1.21875,0.00000,0.00000
2017,116.62068,0.01557,Yakından incele · map,False,True,2.92000,3.20000,1.77900,1.21875,0.00000,0.00000
2018,116.63624,0.01556,Yakından incele · map,False,True,2.92000,3.20000,1.77900,1.21875,0.00000,0.00000
2019,116.65429,0.01805,Yakından incele · map,False,True,2.92000,3.20000,1.77900,1.21875,0.00000,0.00000
2020,116.67016,0.01587,Yakından incele · map,False,True,2.92000,3.20000,1.77900,1.21875,0.00000,0.00000
2021,116.70600,0.03585,Yakından incele · map,False,True,2.92000,3.20000,1.77900,1.21875,0.00000,0.00000
2022,116.71500,0.00900,Yakından incele · map,False,True,2.92000,3.20000,1.77900,1.21875,0.00000,0.00000
2023,116.72879,0.01379,Yakından incele · map,False,True,2.92000,3.20000,1.77900,1.21875,0.00000,0.00000
2024,116.74609,0.01731,Yakından incele · map,False,True,2.92000,3.20000,1.77900,1.21875,0.00000,0.00000
2025,116.76198,0.01589,Yakından incele · map,False,True,2.92000,3.20000,1.77900,1.21875,0.00000,0.00000
2026,116.78043,0.01845,Yakından incele · map,False,True,2.92000,3.20000,1.77900,1.21875,0.00000,0.00000
2027,116.79541,0.01497,Yakından incele · map,False,True,2.92000,3.20000,1.77900,1.21875,0.00000,0.00000
2028,116.81167,0.01626,Yakından incele · map,False,True,2.92000,3.20000,1.77900,1.21875,0.00000,0.00000
2029,116.82865,0.01699,Yakından incele · map,False,True,2.92000,3.20000,1.77900,1.21875,0.00000,0.00000
2030,116.84594,0.01728,Yakından incele · map,False,True,2.92000,3.20000,1.77900,1.21875,0.00000,0.00000
2031,116.86266,0.01672,Yakından incele · map,False,True,2.92000,3.20000,1.77900,1.21875,0.00000,0.00000
2032,116.87860,0.01594,Yakından incele · map,False,True,2.92000,3.20000,1.77900,1.21875,0.00000,0.00000
2033,116.89602,0.01741,Yakından incele · map,False,True,2.92000,3.20000,1.77900,1.21875,0.00000,0.00000
2034,116.91223,0.01622,Yakından incele · map,False,True,2.92000,3.20000,1.77900,1.21875,0.00000,0.00000
2035,116.92915,0.01691,Yakından incele · map,False,True,2.92000,3.20000,1.77900,1.21875,0.00000,0.00000
2036,116.94612,0.01697,Yakından incele · map,False,True,2.92000,3.20000,1.77900,1.21875,0.00000,0.00000
2037,116.96258,0.01647,Yakından incele · map,False,True,2.92000,3.20000,1.77900,1.21875,0.00000,0.00000
2038,116.97865,0.01606,Yakından incele · map,False,True,2.92000,3.20000,1.77900,1.21875,0.00000,0.00000
2039,116.99667,0.01803,Yakından incele · map,False,True,2.92000,3.20000,1.77900,1.21875,0.00000,0.00000
2040,117.01225,0.01558,Yakından incele · map,False,True,2.92000,3.20000,1.77900,1.21875,0.00000,0.00000
2041,117.02904,0.01679,Yakından incele · map,False,True,2.92000,3.20000,1.77900,1.21875,0.00000,0.00000
2042,117.04504,0.01600,Yakından incele · map,False,True,2.92000,3.20000,1.77900,1.21875,0.00000,0.00000
2043,117.06167,0.01663,Yakından incele · map,False,True,2.92000,3.20000,1.77900,1.21875,0.00000,0.00000
2044,117.07847,0.01680,Yakından incele · map,False,True,2.92000,3.20000,1.77900,1.21875,0.00000,0.00000
2045,117.09559,0.01712,Yakından incele · map,False,True,2.92000,3.20000,1.77900,1.21875,0.00000,0.00000
2046,117.11166,0.01607,Yakından incele · map,False,True,2.92000,3.20000,1.77900,1.21875,0.00000,0.00000
2047,117.12854,0.01688,Yakından incele · map,False,True,2.92000,3.20000,1.77900,1.21875,0.00000,0.00000
2048,117.14530,0.01676,Yakından incele · map,False,True,2.92000,3.20000,1.77900,1.21875,0.00000,0.00000
2049,117.16248,0.01718,Yakından incele · map,False,True,2.92000,3.20000,1.77900,1.21875,0.00000,0.00000
2050,117.17891,0.01643,Yakından incele · map,False,True,2.92000,3.20000,1.77900,1.21875,0.00000,0.00000
2051,117.19563,0.01672,Yakından incele · map,False,True,2.92000,3.20000,1.77900,1.21875,0.00000,0.00000
2052,117.21179,0.01616,Yakından incele · map,False,True,2.92000,3.20000,1.77900,1.21875,0.00000,0.00000
2053,117.22886,0.01707,Yakından incele · map,False,True,2.92000,3.20000,1.77900,1.21875,0.00000,0.00000
2054,117.24573,0.01687,Yakından incele · map,False,True,2.92000,3.20000,1.77900,1.21875,0.00000,0.00000
2055,117.26200,0.01627,Yakından incele · map,False,True,2.92000,3.20000,1.77900,1.21875,0.00000,0.00000
2056,117.27895,0.01695,Yakından incele · map,False,True,2.92000,3.20000,1.77900,1.21875,0.00000,0.00000
2057,117.29489,0.01594,Yakından incele · map,False,True,2.92000,3.20000,1.77900,1.21875,0.00000,0.00000
2058,117.31196,0.01707,Yakından incele · map,False,True,2.92000,3.20000,1.77900,1.21875,0.00000,0.00000
2059,117.32877,0.01682,Yakından incele · map,False,True,2.92000,3.20000,1.77900,1.21875,0.00000,0.00000
2060,117.34552,0.01674,Yakından incele · map,False,True,2.92000,3.20000,1.77900,1.21875,0.00000,0.00000
2061,117.36224,0.01672,Yakından incele · map,False,True,2.92000,3.20000,1.77900,1.21875,0.00000,0.00000
2062,117.37905,0.01681,Yakından incele · map,False,True,2.92000,3.20000,1.77900,1.21875,0.00000,0.00000
2063,117.39605,0.01700,Yakından incele · map,False,True,2.92000,3.20000,1.77900,1.21875,0.00000,0.00000
2064,117.41176,0.01572,Yakından incele · map,False,True,2.92000,3.20000,1.77900,1.21875,0.00000,0.00000
2065,117.42898,0.01721,Yakından incele · map,False,True,2.92000,3.20000,1.77900,1.21875,0.00000,0.00000
2066,117.44565,0.01668,Yakından incele · map,False,True,2.92000,3.20000,1.77900,1.21875,0.00000,0.00000
2067,117.46222,0.01656,Yakından incele · map,False,True,2.92000,3.20000,1.77900,1.21875,0.00000,0.00000
2068,117.47837,0.01616,Yakından incele · map,False,True,2.92000,3.20000,1.77900,1.21875,0.00000,0.00000
2069,117.49574,0.01736,Yakından incele · map,False,True,2.92000,3.20000,1.77900,1.21875,0.00000,0.00000
2070,117.51237,0.01663,Yakından incele · map,False,True,2.92000,3.20000,1.77900,1.21875,0.00000,0.00000
2071,117.52851,0.01615,Yakından incele · map,False,True,2.92000,3.20000,1.77900,1.21875,0.00000,0.00000
2072,117.54564,0.01712,Yakından incele · map,False,True,2.92000,3.20000,1.77900,1.21875,0.00000,0.00000
2073,117.56189,0.01625,Yakından incele · map,False,True,2.92000,3.20000,1.77900,1.21875,0.00000,0.00000
2074,117.57812,0.01623,Yakından incele · map,False,True,2.92000,3.20000,1.77900,1.21875,0.00000,0.00000
2075,117.59561,0.01749,Yakından incele · map,False,True,2.92000,3.20000,1.77900,1.21875,0.00000,0.00000
2076,117.61146,0.01585,Yakından incele · map,False,True,2.92000,3.20000,1.77900,1.21875,0.00000,0.00000
2077,117.62847,0.01701,Yakından incele · map,False,True,2.92000,3.20000,1.77900,1.21875,0.00000,0.00000
2078,117.64572,0.01725,Yakından incele · map,False,True,2.92000,3.20000,1.77900,1.21875,0.00000,0.00000
2079,117.66222,0.01649,Yakından incele · map,False,True,2.92000,3.20000,1.77900,1.21875,0.00000,0.00000
2080,117.67968,0.01746,Yakından incele · map,False,True,2.92000,3.20000,1.77900,1.21875,0.00000,0.00000
2081,117.69533,0.01565,Yakından incele · map,False,True,2.92000,3.20000,1.77900,1.21875,0.00000,0.00000
2082,117.71210,0.01677,Yakından incele · map,False,True,2.92000,3.20000,1.77900,1.21875,0.00000,0.00000
2083,117.72887,0.01677,Yakından incele · map,False,True,2.92000,3.20000,1.77900,1.21875,0.00000,0.00000
2084,117.74583,0.01696,Yakından incele · map,False,True,2.92000,3.20000,1.77900,1.21875,0.00000,0.00000
2085,117.76182,0.01600,Yakından incele · map,False,True,2.92000,3.20000,1.77900,1.21875,0.00000,0.00000
2086,117.77868,0.01686,Yakından incele · map,False,True,2.92000,3.20000,1.77900,1.21875,0.00000,0.00000
2087,117.79554,0.01686,Yakından incele · map,False,True,2.92000,3.20000,1.77900,1.21875,0.00000,0.00000
2088,117.81226,0.01672,Yakından incele · map,False,True,2.92000,3.20000,1.77900,1.21875,0.00000,0.00000
2089,117.82882,0.01656,Yakından incele · map,False,True,2.92000,3.20000,1.77900,1.21875,0.00000,0.00000
2090,117.84597,0.01714,Yakından incele · map,False,True,2.92000,3.20000,1.77900,1.21875,0.00000,0.00000
2091,117.86206,0.01609,Yakından incele · map,False,True,2.92000,3.20000,1.77900,1.21875,0.00000,0.00000
2092,117.87937,0.01731,Yakından incele · map,False,True,2.92000,3.20000,1.77900,1.21875,0.00000,0.00000
2093,117.89590,0.01653,Yakından incele · map,False,True,2.92000,3.20000,1.77900,1.21875,0.00000,0.00000
2094,117.91204,0.01613,Yakından incele · map,False,True,2.92000,3.20000,1.77900,1.21875,0.00000,0.00000
2095,117.92884,0.01680,Yakından incele · map,False,True,2.92000,3.20000,1.77900,1.21875,0.00000,0.00000
2096,117.94527,0.01643,Yakından incele · map,False,True,2.92000,3.20000,1.77900,1.21875,0.00000,0.00000
2097,117.96216,0.01689,Yakından incele · map,False,True,2.92000,3.20000,1.77900,1.21875,0.00000,0.00000
2098,117.97918,0.01702,Yakından incele · map,False,True,2.92000,3.20000,1.77900,1.21875,0.00000,0.00000
2099,117.99522,0.01604,Yakından incele · map,False,True,2.92000,3.20000,1.77900,1.21875,0.00000,0.00000
2100,118.01267,0.01745,Yakından incele · map,False,True,2.92000,3.20000,1.77900,1.25000,0.00000,0.00000
2101,118.02795,0.01527,Yakından incele · map,False,True,2.92000,3.20000,1.77900,1.25000,0.00000,0.00000
2102,118.04524,0.01730,Yakından incele · map,False,True,2.92000,3.20000,1.77900,1.25000,0.00000,0.00000
2103,118.06124,0.01599,Yakından incele · map,False,True,2.92000,3.20000,1.77900,1.25000,0.00000,0.00000
2104,118.07827,0.01703,Yakından incele · map,False,True,2.92000,3.20000,1.77900,1.25000,0.00000,0.00000
2105,118.09452,0.01625,Yakından incele · map,False,True,2.92000,3.20000,1.77900,1.25000,0.00000,0.00000
2106,118.11184,0.01732,Yakından incele · map,False,True,2.92000,3.20000,1.77900,1.25000,0.00000,0.00000
2107,118.12815,0.01631,Yakından incele · map,False,True,2.92000,3.20000,1.77900,1.25000,0.00000,0.00000
2108,118.14507,0.01692,Yakından incele · map,False,True,2.92000,3.20000,1.77900,1.25000,0.00000,0.00000
2109,118.16182,0.01675,Yakından incele · map,False,True,2.92000,3.20000,1.77900,1.25000,0.00000,0.00000
2110,118.17832,0.01650,Yakından incele · map,False,True,2.92000,3.20000,1.77900,1.25000,0.00000,0.00000
2111,118.19541,0.01709,Yakından incele · map,False,True,2.92000,3.20000,1.77900,1.25000,0.00000,0.00000
2112,118.21145,0.01604,Yakından incele · map,False,True,2.92000,3.20000,1.77900,1.25000,0.00000,0.00000
2113,118.22811,0.01666,Yakından incele · map,False,True,2.92000,3.20000,1.77900,1.25000,0.00000,0.00000
2114,118.24506,0.01695,Yakından incele · map,False,True,2.92000,3.20000,1.77900,1.25000,0.00000,0.00000
2115,118.26190,0.01684,Yakından incele · map,False,True,2.92000,3.20000,1.77900,1.25000,0.00000,0.00000
2116,118.27816,0.01625,Yakından incele · map,False,True,2.92000,3.20000,1.77900,1.25000,0.00000,0.00000
2117,118.29480,0.01664,Yakından incele · map,False,True,2.92000,3.20000,1.77900,1.25000,0.00000,0.00000
2118,118.31182,0.01703,Yakından incele · map,False,True,2.92000,3.20000,1.77900,1.25000,0.00000,0.00000
2119,118.32822,0.01640,Yakından incele · map,False,True,2.92000,3.20000,1.77900,1.25000,0.00000,0.00000
2120,118.34464,0.01642,Yakından incele · map,False,True,2.92000,3.20000,1.77900,1.25000,0.00000,0.00000
2121,118.36182,0.01718,Yakından incele · map,False,True,2.92000,3.20000,1.77900,1.25000,0.00000,0.00000
2122,118.37808,0.01626,Yakından incele · map,False,True,2.92000,3.20000,1.77900,1.25000,0.00000,0.00000
2123,118.39514,0.01706,Yakından incele · map,False,True,2.92000,3.20000,1.77900,1.25000,0.00000,0.00000
2124,118.41142,0.01628,Yakından incele · map,False,True,2.92000,3.20000,1.77900,1.25000,0.00000,0.00000
2125,118.42839,0.01698,Yakından incele · map,False,True,2.92000,3.20000,1.77900,1.25000,0.00000,0.00000
2126,118.44462,0.01623,Yakından incele · map,False,True,2.92000,3.20000,1.77900,1.25000,0.00000,0.00000
2127,118.46166,0.01704,Yakından incele · map,False,True,2.92000,3.20000,1.77900,1.25000,0.00000,0.00000
2128,118.47802,0.01636,Yakından incele · map,False,True,2.92000,3.20000,1.77900,1.25000,0.00000,0.00000
2129,118.49459,0.01657,Yakından incele · map,False,True,2.92000,3.20000,1.77900,1.25000,0.00000,0.00000
2130,118.51129,0.01670,Yakından incele · map,False,True,2.92000,3.20000,1.77900,1.25000,0.00000,0.00000
2131,118.52841,0.01712,Yakından incele · map,False,True,2.92000,3.20000,1.77900,1.25000,0.00000,0.00000
2132,118.54527,0.01685,Yakından incele · map,False,True,2.92000,3.20000,1.77900,1.25000,0.00000,0.00000
2133,118.56233,0.01707,Yakından incele · map,False,True,2.92000,3.20000,1.77900,1.25000,0.00000,0.00000
2134,118.57856,0.01623,Yakından incele · map,False,True,2.92000,3.20000,1.77900,1.25000,0.00000,0.00000
2135,118.59521,0.01665,Yakından incele · map,False,True,2.92000,3.20000,1.77900,1.25000,0.00000,0.00000
2136,118.61150,0.01629,Yakından incele · map,False,True,2.92000,3.20000,1.77900,1.25000,0.00000,0.00000
2137,118.62812,0.01662,Yakından incele · map,False,True,2.92000,3.20000,1.77900,1.25000,0.00000,0.00000
2138,118.64557,0.01745,Yakından incele · map,False,True,2.92000,3.20000,1.77900,1.25000,0.00000,0.00000
2139,118.66191,0.01635,Yakından incele · map,False,True,2.92000,3.20000,1.77900,1.25000,0.00000,0.00000
2140,118.67804,0.01612,Yakından incele · map,False,True,2.92000,3.20000,1.77900,1.25000,0.00000,0.00000
2141,118.69507,0.01703,Yakından incele · map,False,True,2.92000,3.20000,1.77900,1.25000,0.00000,0.00000
2142,118.71199,0.01692,Yakından incele · map,False,True,2.92000,3.20000,1.77900,1.25000,0.00000,0.00000
2143,118.72859,0.01659,Yakından incele · map,False,True,2.92000,3.20000,1.77900,1.25000,0.00000,0.00000
2144,118.74493,0.01635,Yakından incele · map,False,True,2.92000,3.20000,1.77900,1.25000,0.00000,0.00000
2145,118.76204,0.01710,Yakından incele · map,False,True,2.92000,3.20000,1.77900,1.25000,0.00000,0.00000
2146,118.77856,0.01653,Yakından incele · map,False,True,2.92000,3.20000,1.77900,1.25000,0.00000,0.00000
2147,118.79472,0.01616,Yakından incele · map,False,True,2.92000,3.20000,1.77900,1.25000,0.00000,0.00000
2148,118.81133,0.01661,Yakından incele · map,False,True,2.92000,3.20000,1.77900,1.25000,0.00000,0.00000
2149,118.83670,0.02537,Yakından incele · map,False,True,2.92000,3.20000,1.77900,1.25000,0.00000,0.00000
2150,118.85203,0.01533,Yakından incele · map,False,True,2.92000,3.20000,1.77900,1.25000,0.00000,0.00000
2151,118.86933,0.01730,Yakından incele · map,False,True,2.92000,3.20000,1.77900,1.25000,0.00000,0.00000
2152,118.88613,0.01680,Yakından incele · map,False,True,2.92000,3.20000,1.77900,1.25000,0.00000,0.00000
2153,118.90212,0.01599,Yakından incele · map,False,True,2.92000,3.20000,1.77900,1.25000,0.00000,0.00000
2154,118.91880,0.01667,Yakından incele · map,False,True,2.92000,3.20000,1.77900,1.25000,0.00000,0.00000
2155,118.93674,0.01794,Yakından incele · map,False,True,2.92000,3.20000,1.77900,1.25000,0.00000,0.00000
2156,118.95286,0.01611,Yakından incele · map,False,True,2.92000,3.20000,1.77900,1.25000,0.00000,0.00000
2157,118.97003,0.01717,Yakından incele · map,False,True,2.92000,3.20000,1.77900,1.25000,0.00000,0.00000
2158,118.98583,0.01580,Yakından incele · map,False,True,2.92000,3.20000,1.77900,1.25000,0.00000,0.00000
2159,119.00311,0.01728,Yakından incele · map,False,True,2.92000,3.20000,1.77900,1.25000,0.00000,0.00000
2160,119.01939,0.01628,Yakından incele · map,False,True,2.92000,3.20000,1.77900,1.25000,0.00000,0.00000
2161,119.03647,0.01708,Yakından incele · map,False,True,2.92000,3.20000,1.77900,1.25000,0.00000,0.00000
2162,119.05189,0.01542,Yakından incele · map,False,True,2.92000,3.20000,1.77900,1.25000,0.00000,0.00000
2163,119.06911,0.01722,Yakından incele · map,False,True,2.92000,3.20000,1.77900,1.25000,0.00000,0.00000
2164,119.08596,0.01685,Yakından incele · map,False,True,2.92000,3.20000,1.77900,1.25000,0.00000,0.00000
2165,119.10294,0.01698,Yakından incele · map,False,True,2.92000,3.20000,1.77900,1.25000,0.00000,0.00000
2166,119.11976,0.01682,Yakından incele · map,False,True,2.92000,3.20000,1.77900,1.25000,0.00000,0.00000
2167,119.13604,0.01628,Yakından incele · map,False,True,2.92000,3.20000,1.77900,1.25000,0.00000,0.00000
2168,119.15324,0.01720,Yakından incele · map,False,True,2.92000,3.20000,1.77900,1.25000,0.00000,0.00000
2169,119.17044,0.01720,Yakından incele · map,False,True,2.92000,3.20000,1.77900,1.25000,0.00000,0.00000
2170,119.18598,0.01554,Yakından incele · map,False,True,2.92000,3.20000,1.77900,1.25000,0.00000,0.00000
2171,119.20268,0.01670,Yakından incele · map,False,True,2.92000,3.20000,1.77900,1.25000,0.00000,0.00000
2172,119.21933,0.01666,Yakından incele · map,False,True,2.92000,3.20000,1.77900,1.25000,0.00000,0.00000
2173,119.23622,0.01688,Yakından incele · map,False,True,2.92000,3.20000,1.77900,1.25000,0.00000,0.00000
2174,119.25299,0.01678,Yakından incele · map,False,True,2.92000,3.20000,1.77900,1.25000,0.00000,0.00000
2175,119.26987,0.01688,Yakından incele · map,False,True,2.92000,3.20000,1.77900,1.25000,0.00000,0.00000
2176,119.28575,0.01588,Yakından incele · map,False,True,2.92000,3.20000,1.77900,1.25000,0.00000,0.00000
2177,119.30305,0.01729,Yakından incele · map,False,True,2.92000,3.20000,1.77900,1.25000,0.00000,0.00000
2178,119.32035,0.01730,Yakından incele · map,False,True,2.92000,3.20000,1.77900,1.25000,0.00000,0.00000
2179,119.33591,0.01556,Yakından incele · map,False,True,2.92000,3.20000,1.77900,1.25000,0.00000,0.00000
2180,119.35384,0.01793,Yakından incele · map,False,True,2.92000,3.20000,1.77900,1.25000,0.00000,0.00000
2181,119.36967,0.01583,Yakından incele · map,False,True,2.92000,3.20000,1.77900,1.25000,0.00000,0.00000
2182,119.38670,0.01703,Yakından incele · map,False,True,2.92000,3.20000,1.77900,1.25000,0.00000,0.00000
2183,119.40209,0.01539,Yakından incele · map,False,True,2.92000,3.20000,1.77900,1.25000,0.00000,0.00000
2184,119.42017,0.01808,Yakından incele · map,False,True,2.92000,3.20000,1.77900,1.25000,0.00000,0.00000
2185,119.43572,0.01555,Yakından incele · map,False,True,2.92000,3.20000,1.77900,1.25000,0.00000,0.00000
2186,119.45285,0.01713,Yakından incele · map,False,True,2.92000,3.20000,1.77900,1.25000,0.00000,0.00000
2187,119.46981,0.01696,Yakından incele · map,False,True,2.92000,3.20000,1.77900,1.25000,0.00000,0.00000
2188,119.48585,0.01604,Yakından incele · map,False,True,2.92000,3.20000,1.77900,1.25000,0.00000,0.00000
2189,119.50316,0.01732,Yakından incele · map,False,True,2.92000,3.20000,1.77900,1.25000,0.00000,0.00000
2190,119.51972,0.01656,Yakından incele · map,False,True,2.92000,3.20000,1.77900,1.25000,0.00000,0.00000
2191,119.53552,0.01580,Yakından incele · map,False,True,2.92000,3.20000,1.77900,1.25000,0.00000,0.00000
2192,119.55230,0.01678,Yakından incele · map,False,True,2.92000,3.20000,1.77900,1.25000,0.00000,0.00000
2193,119.56905,0.01675,Yakından incele · map,False,True,2.92000,3.20000,1.77900,1.25000,0.00000,0.00000
2194,119.58601,0.01696,Yakından incele · map,False,True,2.92000,3.20000,1.77900,1.25000,0.00000,0.00000
2195,119.60271,0.01669,Yakından incele · map,False,True,2.92000,3.20000,1.77900,1.25000,0.00000,0.00000
2196,119.61999,0.01728,Yakından incele · map,False,True,2.92000,3.20000,1.77900,1.25000,0.00000,0.00000
2197,119.63552,0.01553,Yakından incele · map,False,True,2.92000,3.20000,1.77900,1.25000,0.00000,0.00000
2198,119.65329,0.01777,Yakından incele · map,False,True,2.92000,3.20000,1.77900,1.25000,0.00000,0.00000
2199,119.66867,0.01538,Yakından incele · map,False,True,2.92000,3.20000,1.77900,1.25000,0.00000,0.00000
2200,119.68539,0.01672,Yakından incele · map,False,True,2.92000,3.20000,1.77900,1.25000,0.00000,0.00000
2201,119.70198,0.01659,Yakından incele · map,False,True,2.92000,3.20000,1.77900,1.25000,0.00000,0.00000
2202,119.71991,0.01793,Yakından incele · map,False,True,2.92000,3.20000,1.77900,1.25000,0.00000,0.00000
2203,119.73643,0.01652,Yakından incele · map,False,True,2.92000,3.20000,1.77900,1.25000,0.00000,0.00000
2204,119.75319,0.01675,Yakından incele · map,False,True,2.92000,3.20000,1.77900,1.25000,0.00000,0.00000
2205,119.76923,0.01605,Yakından incele · map,False,True,2.92000,3.20000,1.77900,1.25000,0.00000,0.00000
2206,119.78577,0.01654,Yakından incele · map,False,True,2.92000,3.20000,1.77900,1.25000,0.00000,0.00000
2207,119.80238,0.01661,Yakından incele · map,False,True,2.92000,3.20000,1.77900,1.25000,0.00000,0.00000
2208,119.81904,0.01666,Yakından incele · map,False,True,2.92000,3.20000,1.77900,1.25000,0.00000,0.00000
2209,119.83629,0.01725,Yakından incele · map,False,True,2.92000,3.20000,1.77900,1.25000,0.00000,0.00000
2210,119.85322,0.01693,Yakından incele · map,False,True,2.92000,3.20000,1.77900,1.25000,0.00000,0.00000
2211,119.86924,0.01602,Yakından incele · map,False,True,2.92000,3.20000,1.77900,1.25000,0.00000,0.00000
2212,119.88712,0.01788,Yakından incele · map,False,True,2.92000,3.20000,1.77900,1.25000,0.00000,0.00000
2213,119.90303,0.01591,Yakından incele · map,False,True,2.92000,3.20000,1.77900,1.25000,0.00000,0.00000
2214,119.92016,0.01713,Yakından incele · map,False,True,2.92000,3.20000,1.77900,1.25000,0.00000,0.00000
2215,119.93684,0.01669,Yakından incele · map,False,True,2.92000,3.20000,1.77900,1.25000,0.00000,0.00000
2216,119.95375,0.01691,Yakından incele · map,False,True,2.92000,3.20000,1.77900,1.25000,0.00000,0.00000
2217,119.96947,0.01572,Yakından incele · map,False,True,2.92000,3.20000,1.77900,1.25000,0.00000,0.00000
2218,119.98648,0.01701,Yakından incele · map,False,True,2.92000,3.20000,1.77900,1.25000,0.00000,0.00000
2219,120.00308,0.01659,Yakından incele · map,False,True,2.92000,3.20000,1.77900,1.25000,0.00000,0.00000
2220,120.01989,0.01681,Yakından incele · map,False,True,2.92000,3.20000,1.77900,1.25000,0.00000,0.00000
2221,120.03704,0.01715,Yakından incele · map,False,True,2.92000,3.20000,1.77900,1.25000,0.00000,0.00000
2222,120.05314,0.01609,Yakından incele · map,False,True,2.92000,3.20000,1.77900,1.25000,0.00000,0.00000
2223,120.07013,0.01700,Yakından incele · map,False,True,2.92000,3.20000,1.77900,1.25000,0.00000,0.00000
2224,120.08626,0.01613,Yakından incele · map,False,True,2.92000,3.20000,1.77900,1.25000,0.00000,0.00000
2225,120.10199,0.01573,Yakından incele · map,False,True,2.92000,3.20000,1.77900,1.25000,0.00000,0.00000
2226,120.12054,0.01855,Yakından incele · map,False,True,2.92000,3.20000,1.77900,1.25000,0.00000,0.00000
2227,120.13569,0.01515,Yakından incele · map,False,True,2.92000,3.20000,1.77900,1.25000,0.00000,0.00000
2228,120.15318,0.01749,Yakından incele · map,False,True,2.92000,3.20000,1.77900,1.25000,0.00000,0.00000
2229,120.16883,0.01564,Yakından incele · map,False,True,2.92000,3.20000,1.77900,1.25000,0.00000,0.00000
2230,120.18611,0.01729,Yakından incele · map,False,True,2.92000,3.20000,1.77900,1.25000,0.00000,0.00000
2231,120.20351,0.01740,Yakından incele · map,False,True,2.92000,3.20000,1.77900,1.25000,0.00000,0.00000
2232,120.21927,0.01576,Yakından incele · map,False,True,2.92000,3.20000,1.77900,1.25000,0.00000,0.00000
2233,120.23726,0.01799,Yakından incele · map,False,True,2.92000,3.20000,1.77900,1.25000,0.00000,0.00000
2234,120.25315,0.01589,Yakından incele · map,False,True,2.92000,3.20000,1.77900,1.25000,0.00000,0.00000
2235,120.26986,0.01671,Yakından incele · map,False,True,2.92000,3.20000,1.77900,1.25000,0.00000,0.00000
2236,120.28555,0.01569,Yakından incele · map,False,True,2.92000,3.20000,1.77900,1.25000,0.00000,0.00000
2237,120.30319,0.01764,Yakından incele · map,False,True,2.92000,3.20000,1.77900,1.25000,0.00000,0.00000
2238,120.31975,0.01656,Yakından incele · map,False,True,2.92000,3.20000,1.77900,1.25000,0.00000,0.00000
2239,120.33736,0.01760,Yakından incele · map,False,True,2.92000,3.20000,1.77900,1.25000,0.00000,0.00000
2240,120.35242,0.01507,Yakından incele · map,False,True,2.92000,3.20000,1.77900,1.25000,0.00000,0.00000
2241,120.36966,0.01723,Yakından incele · map,False,True,2.92000,3.20000,1.77900,1.25000,0.00000,0.00000
2242,120.38653,0.01688,Yakından incele · map,False,True,2.92000,3.20000,1.77900,1.25000,0.00000,0.00000
2243,120.40241,0.01588,Yakından incele · map,False,True,2.92000,3.20000,1.77900,1.25000,0.00000,0.00000
2244,120.41985,0.01744,Yakından incele · map,False,True,2.92000,3.20000,1.77900,1.25000,0.00000,0.00000
2245,120.43678,0.01692,Yakından incele · map,False,True,2.92000,3.20000,1.77900,1.25000,0.00000,0.00000
2246,120.45289,0.01611,Yakından incele · map,False,True,2.92000,3.20000,1.77900,1.25000,0.00000,0.00000
2247,120.46865,0.01576,Yakından incele · map,False,True,2.92000,3.20000,1.77900,1.25000,0.00000,0.00000
2248,120.48661,0.01797,Yakından incele · map,False,True,2.92000,3.20000,1.77900,1.25000,0.00000,0.00000
2249,120.50192,0.01531,Yakından incele · map,False,True,2.92000,3.20000,1.77900,1.25000,0.00000,0.00000
2250,120.51988,0.01796,Yakından incele · map,False,True,2.92000,3.20000,1.77900,1.25000,0.00000,0.00000
2251,120.53543,0.01555,Yakından incele · map,False,True,2.92000,3.20000,1.77900,1.25000,0.00000,0.00000
2252,120.55276,0.01733,Yakından incele · map,False,True,2.92000,3.20000,1.77900,1.25000,0.00000,0.00000
2253,120.56945,0.01668,Yakından incele · map,False,True,2.92000,3.20000,1.77900,1.25000,0.00000,0.00000
2254,120.58724,0.01780,Yakından incele · map,False,True,2.92000,3.20000,1.77900,1.25000,0.00000,0.00000
2255,120.60307,0.01582,Yakından incele · map,False,True,2.92000,3.20000,1.77900,1.25000,0.00000,0.00000
2256,120.61887,0.01580,Yakından incele · map,False,True,2.92000,3.20000,1.77900,1.25000,0.00000,0.00000
2257,120.63622,0.01735,Yakından incele · map,False,True,2.92000,3.20000,1.77900,1.25000,0.00000,0.00000
2258,120.65219,0.01597,Yakından incele · map,False,True,2.92000,3.20000,1.77900,1.25000,0.00000,0.00000
2259,120.66863,0.01644,Yakından incele · map,False,True,2.92000,3.20000,1.77900,1.25000,0.00000,0.00000
2260,120.68642,0.01779,Yakından incele · map,False,True,2.92000,3.20000,1.77900,1.25000,0.00000,0.00000
2261,120.70361,0.01720,Yakından incele · map,False,True,2.92000,3.20000,1.77900,1.25000,0.00000,0.00000
2262,120.72000,0.01638,Yakından incele · map,False,True,2.92000,3.20000,1.77900,1.25000,0.00000,0.00000
2263,120.73555,0.01555,Yakından incele · map,False,True,2.92000,3.20000,1.77900,1.25000,0.00000,0.00000
2264,120.75219,0.01663,Yakından incele · map,False,True,2.92000,3.20000,1.77900,1.25000,0.00000,0.00000
2265,120.76958,0.01740,Yakından incele · map,False,True,2.92000,3.20000,1.77900,1.25000,0.00000,0.00000
2266,120.78625,0.01666,Yakından incele · map,False,True,2.92000,3.20000,1.77900,1.25000,0.00000,0.00000
2267,120.80288,0.01663,Yakından incele · map,False,True,2.92000,3.20000,1.77900,1.25000,0.00000,0.00000
2268,120.81969,0.01681,Yakından incele · map,False,True,2.92000,3.20000,1.77900,1.25000,0.00000,0.00000
2269,120.83579,0.01610,Yakından incele · map,False,True,2.92000,3.20000,1.77900,1.25000,0.00000,0.00000
2270,120.85291,0.01713,Yakından incele · map,False,True,2.92000,3.20000,1.77900,1.25000,0.00000,0.00000
2271,120.87003,0.01711,Yakından incele · map,False,True,2.92000,3.20000,1.77900,1.25000,0.00000,0.00000
2272,120.88682,0.01679,Yakından incele · map,False,True,2.92000,3.20000,1.77900,1.25000,0.00000,0.00000
2273,120.90239,0.01557,Yakından incele · map,False,True,2.92000,3.20000,1.77900,1.25000,0.00000,0.00000
2274,120.92037,0.01798,Yakından incele · map,False,True,2.92000,3.20000,1.77900,1.25000,0.00000,0.00000
2275,120.93579,0.01542,Yakından incele · map,False,True,2.92000,3.20000,1.77900,1.25000,0.00000,0.00000
2276,120.95276,0.01697,Yakından incele · map,False,True,2.92000,3.20000,1.77900,1.25000,0.00000,0.00000
2277,120.96990,0.01715,Yakından incele · map,False,True,2.92000,3.20000,1.77900,1.25000,0.00000,0.00000
2278,120.98678,0.01688,Yakından incele · map,False,True,2.92000,3.20000,1.77900,1.25000,0.00000,0.00000
2279,121.00265,0.01586,Yakından incele · map,False,True,2.92000,3.20000,1.77900,1.25000,0.00000,0.00000
2280,121.02001,0.01737,Yakından incele · map,False,True,2.92000,3.20000,1.77900,1.25000,0.00000,0.00000
2281,121.03652,0.01651,Yakından incele · map,False,True,2.92000,3.20000,1.77900,1.25000,0.00000,0.00000
2282,121.05216,0.01564,Yakından incele · map,False,True,2.92000,3.20000,1.77900,1.25000,0.00000,0.00000
2283,121.06878,0.01662,Yakından incele · map,False,True,2.92000,3.20000,1.77900,1.25000,0.00000,0.00000
2284,121.08662,0.01783,Yakından incele · map,False,True,2.92000,3.20000,1.77900,1.25000,0.00000,0.00000
2285,121.10322,0.01661,Yakından incele · map,False,True,2.92000,3.20000,1.77900,1.25000,0.00000,0.00000
2286,121.11884,0.01562,Yakından incele · map,False,True,2.92000,3.20000,1.77900,1.25000,0.00000,0.00000
2287,121.13522,0.01638,Yakından incele · map,False,True,2.92000,3.20000,1.77900,1.25000,0.00000,0.00000
2288,121.15280,0.01759,Yakından incele · map,False,True,2.92000,3.20000,1.77900,1.25000,0.00000,0.00000
2289,121.16960,0.01680,Yakından incele · map,False,True,2.92000,3.20000,1.77900,1.25000,0.00000,0.00000
2290,121.18702,0.01742,Yakından incele · map,False,True,2.92000,3.20000,1.77900,1.25000,0.00000,0.00000
2291,121.20208,0.01506,Yakından incele · map,False,True,2.92000,3.20000,1.77900,1.25000,0.00000,0.00000
2292,121.22008,0.01800,Yakından incele · map,False,True,2.92000,3.20000,1.77900,1.25000,0.00000,0.00000
2293,121.23674,0.01665,Yakından incele · map,False,True,2.92000,3.20000,1.77900,1.25000,0.00000,0.00000
2294,121.25320,0.01647,Yakından incele · map,False,True,2.92000,3.20000,1.77900,1.25000,0.00000,0.00000
2295,121.26874,0.01554,Yakından incele · map,False,True,2.92000,3.20000,1.77900,1.25000,0.00000,0.00000
2296,121.28573,0.01699,Yakından incele · map,False,True,2.92000,3.20000,1.77900,1.25000,0.00000,0.00000
2297,121.30228,0.01656,Yakından incele · map,False,True,2.92000,3.20000,1.77900,1.25000,0.00000,0.00000
2298,121.31944,0.01716,Yakından incele · map,False,True,2.92000,3.20000,1.77900,1.25000,0.00000,0.00000
2299,121.33643,0.01699,Yakından incele · map,False,True,2.92000,3.20000,1.77900,1.25000,0.00000,0.00000
2300,121.35279,0.01636,Yakından incele · map,False,True,2.92000,3.20000,1.77900,1.25000,0.00000,0.00000
2301,121.36952,0.01673,Yakından incele · map,False,True,2.92000,3.20000,1.77900,1.25000,0.00000,0.00000
2302,121.38536,0.01584,Yakından incele · map,False,True,2.92000,3.20000,1.77900,1.25000,0.00000,0.00000
2303,121.40210,0.01674,Yakından incele · map,False,True,2.92000,3.20000,1.77900,1.25000,0.00000,0.00000
2304,121.41887,0.01677,Yakından incele · map,False,True,2.92000,3.20000,1.77900,1.25000,0.00000,0.00000
2305,121.43680,0.01793,Yakından incele · map,False,True,2.92000,3.20000,1.77900,1.25000,0.00000,0.00000
2306,121.45268,0.01587,Yakından incele · map,False,True,2.92000,3.20000,1.77900,1.25000,0.00000,0.00000
2307,121.46940,0.01672,Yakından incele · map,False,True,2.92000,3.20000,1.77900,1.25000,0.00000,0.00000
2308,121.48606,0.01667,Yakından incele · map,False,True,2.92000,3.20000,1.77900,1.25000,0.00000,0.00000
2309,121.50325,0.01719,Yakından incele · map,False,True,2.92000,3.20000,1.77900,1.25000,0.00000,0.00000
2310,121.51942,0.01617,Yakından incele · map,False,True,2.92000,3.20000,1.77900,1.25000,0.00000,0.00000
2311,121.53653,0.01711,Yakından incele · map,False,True,2.92000,3.20000,1.77900,1.25000,0.00000,0.00000
2312,121.55212,0.01559,Yakından incele · map,False,True,2.92000,3.20000,1.77900,1.25000,0.00000,0.00000
2313,121.57051,0.01840,Yakından incele · map,False,True,2.92000,3.20000,1.77900,1.25000,0.00000,0.00000
2314,121.58551,0.01499,Yakından incele · map,False,True,2.92000,3.20000,1.77900,1.25000,0.00000,0.00000
2315,121.60319,0.01768,Yakından incele · map,False,True,2.92000,3.20000,1.77900,1.25000,0.00000,0.00000
2316,121.61903,0.01584,Yakından incele · map,False,True,2.92000,3.20000,1.77900,1.25000,0.00000,0.00000
2317,121.63602,0.01699,Yakından incele · map,False,True,2.92000,3.20000,1.77900,1.25000,0.00000,0.00000
2318,121.65258,0.01656,Yakından incele · map,False,True,2.92000,3.20000,1.77900,1.25000,0.00000,0.00000
2319,121.67239,0.01981,Yakından incele · map,False,True,2.92000,3.20000,1.77900,1.25000,0.00000,0.00000
2320,121.68096,0.00857,Yakından incele · map,False,True,2.92000,3.20000,1.77900,1.25000,0.00000,0.00000
2321,121.70259,0.02163,Yakından incele · map,False,True,2.92000,3.20000,1.77900,1.25000,0.00000,0.00000
2322,121.72023,0.01764,Yakından incele · map,False,True,2.92000,3.20000,1.77900,1.25000,0.00000,0.00000
2323,121.73719,0.01696,Yakından incele · map,False,True,2.92000,3.20000,1.77900,1.25000,0.00000,0.00000
2324,121.75333,0.01614,Yakından incele · map,False,True,2.92000,3.20000,1.77900,1.25000,0.00000,0.00000
2325,121.77141,0.01808,Yakından incele · map,False,True,2.92000,3.20000,1.77900,1.25000,0.00000,0.00000
2326,121.78615,0.01474,Yakından incele · map,False,True,2.92000,3.20000,1.77900,1.25000,0.00000,0.00000
2327,121.80168,0.01553,Yakından incele · map,False,True,2.92000,3.20000,1.77900,1.25000,0.00000,0.00000
2328,121.81917,0.01749,Yakından incele · map,False,True,2.92000,3.20000,1.77900,1.25000,0.00000,0.00000
2329,121.83561,0.01645,Yakından incele · map,False,True,2.92000,3.20000,1.77900,1.25000,0.00000,0.00000
2330,121.85813,0.02252,Yakından incele · map,False,True,2.92000,3.20000,1.77900,1.25000,0.00000,0.00000
2331,121.86677,0.00864,Yakından incele · map,False,True,2.92000,3.20000,1.77900,1.25000,0.00000,0.00000
2332,121.88584,0.01906,Yakından incele · map,False,True,2.92000,3.20000,1.77900,1.25000,0.00000,0.00000
2333,121.90280,0.01697,Yakından incele · map,False,True,2.92000,3.20000,1.77900,1.25000,0.00000,0.00000
2334,121.91911,0.01630,Yakından incele · map,False,True,2.92000,3.20000,1.77900,1.25000,0.00000,0.00000
2335,121.93586,0.01675,Yakından incele · map,False,True,2.92000,3.20000,1.77900,1.25000,0.00000,0.00000
2336,121.95337,0.01751,Yakından incele · map,False,True,2.92000,3.20000,1.77900,1.25000,0.00000,0.00000
2337,121.96873,0.01535,Yakından incele · map,False,True,2.92000,3.20000,1.77900,1.25000,0.00000,0.00000
2338,121.98523,0.01650,Yakından incele · map,False,True,2.92000,3.20000,1.77900,1.25000,0.00000,0.00000
2339,122.00238,0.01716,Yakından incele · map,False,True,2.92000,3.20000,1.77900,1.25000,0.00000,0.00000
2340,122.02017,0.01778,Yakından incele · map,False,True,2.92000,3.20000,1.77900,1.25000,0.00000,0.00000
2341,122.03610,0.01593,Yakından incele · map,False,True,2.92000,3.20000,1.77900,1.25000,0.00000,0.00000
2342,122.05158,0.01548,Yakından incele · map,False,True,2.92000,3.20000,1.77900,1.25000,0.00000,0.00000
2343,122.06973,0.01815,Yakından incele · map,False,True,2.92000,3.20000,1.77900,1.25000,0.00000,0.00000
2344,122.08675,0.01702,Yakından incele · map,False,True,2.92000,3.20000,1.77900,1.25000,0.00000,0.00000
2345,122.10249,0.01574,Yakından incele · map,False,True,2.92000,3.20000,1.77900,1.25000,0.00000,0.00000
2346,122.11980,0.01732,Yakından incele · map,False,True,2.92000,3.20000,1.77900,1.25000,0.00000,0.00000
2347,122.13617,0.01636,Yakından incele · map,False,True,2.92000,3.20000,1.77900,1.25000,0.00000,0.00000
2348,122.15312,0.01695,Yakından incele · map,False,True,2.92000,3.20000,1.77900,1.25000,0.00000,0.00000
2349,122.16966,0.01654,Yakından incele · map,False,True,2.92000,3.20000,1.77900,1.25000,0.00000,0.00000
2350,122.18647,0.01682,Yakından incele · map,False,True,2.92000,3.20000,1.77900,1.25000,0.00000,0.00000
2351,122.20247,0.01599,Yakından incele · map,False,True,2.92000,3.20000,1.77900,1.25000,0.00000,0.00000
2352,122.22034,0.01787,Yakından incele · map,False,True,2.92000,3.20000,1.77900,1.25000,0.00000,0.00000
2353,122.23592,0.01558,Yakından incele · map,False,True,2.92000,3.20000,1.77900,1.25000,0.00000,0.00000
2354,122.25220,0.01628,Yakından incele · map,False,True,2.92000,3.20000,1.77900,1.25000,0.00000,0.00000
2355,122.26981,0.01762,Yakından incele · map,False,True,2.92000,3.20000,1.77900,1.25000,0.00000,0.00000
2356,122.28546,0.01565,Yakından incele · map,False,True,2.92000,3.20000,1.77900,1.25000,0.00000,0.00000
2357,122.30345,0.01799,Yakından incele · map,False,True,2.92000,3.20000,1.77900,1.25000,0.00000,0.00000
2358,122.31983,0.01638,Yakından incele · map,False,True,2.92000,3.20000,1.77900,1.25000,0.00000,0.00000
2359,122.33622,0.01639,Yakından incele · map,False,True,2.92000,3.20000,1.77900,1.25000,0.00000,0.00000
2360,122.35352,0.01730,Yakından incele · map,False,True,2.92000,3.20000,1.77900,1.25000,0.00000,0.00000
2361,122.36925,0.01573,Yakından incele · map,False,True,2.92000,3.20000,1.77900,1.25000,0.00000,0.00000
2362,122.38544,0.01619,Yakından incele · map,False,True,2.92000,3.20000,1.77900,1.25000,0.00000,0.00000
2363,122.40263,0.01719,Yakından incele · map,False,True,2.92000,3.20000,1.77900,1.25000,0.00000,0.00000
2364,122.41964,0.01701,Yakından incele · map,False,True,2.92000,3.20000,1.77900,1.25000,0.00000,0.00000
2365,122.43545,0.01580,Yakından incele · map,False,True,2.92000,3.20000,1.77900,1.25000,0.00000,0.00000
2366,122.45315,0.01771,Yakından incele · map,False,True,2.92000,3.20000,1.77900,1.25000,0.00000,0.00000
2367,122.46985,0.01669,Yakından incele · map,False,True,2.92000,3.20000,1.77900,1.25000,0.00000,0.00000
2368,122.48609,0.01624,Yakından incele · map,False,True,2.92000,3.20000,1.77900,1.25000,0.00000,0.00000
2369,122.50349,0.01741,Yakından incele · map,False,True,2.92000,3.20000,1.77900,1.25000,0.00000,0.00000
2370,122.51970,0.01621,Yakından incele · map,False,True,2.92000,3.20000,1.77900,1.25000,0.00000,0.00000
2371,122.53650,0.01680,Yakından incele · map,False,True,2.92000,3.20000,1.77900,1.25000,0.00000,0.00000
2372,122.55387,0.01737,Yakından incele · map,False,True,2.92000,3.20000,1.77900,1.25000,0.00000,0.00000
2373,122.56995,0.01607,Yakından incele · map,False,True,2.92000,3.20000,1.77900,1.25000,0.00000,0.00000
2374,122.58684,0.01689,Yakından incele · map,False,True,2.92000,3.20000,1.77900,1.25000,0.00000,0.00000
2375,122.60355,0.01671,Yakından incele · map,False,True,2.92000,3.20000,1.77900,1.25000,0.00000,0.00000
2376,122.61925,0.01571,Yakından incele · map,False,True,2.92000,3.20000,1.77900,1.25000,0.00000,0.00000
2377,122.63529,0.01603,Yakından incele · map,False,True,2.92000,3.20000,1.77900,1.25000,0.00000,0.00000
2378,122.65226,0.01697,Yakından incele · map,False,True,2.92000,3.20000,1.77900,1.25000,0.00000,0.00000
2379,122.66911,0.01685,Yakından incele · map,False,True,2.92000,3.20000,1.77900,1.25000,0.00000,0.00000
2380,122.68664,0.01753,Yakından incele · map,False,True,2.92000,3.20000,1.77900,1.25000,0.00000,0.00000
2381,122.70226,0.01562,Yakından incele · map,False,True,2.92000,3.20000,1.77900,1.25000,0.00000,0.00000
2382,122.71937,0.01711,Yakından incele · map,False,True,2.92000,3.20000,1.77900,1.25000,0.00000,0.00000
2383,122.73588,0.01651,Yakından incele · map,False,True,2.92000,3.20000,1.77900,1.25000,0.00000,0.00000
2384,122.75344,0.01756,Yakından incele · map,False,True,2.92000,3.20000,1.77900,1.25000,0.00000,0.00000
2385,122.76912,0.01569,Yakından incele · map,False,True,2.92000,3.20000,1.77900,1.25000,0.00000,0.00000
2386,122.78589,0.01677,Yakından incele · map,False,True,2.92000,3.20000,1.77900,1.25000,0.00000,0.00000
2387,122.80336,0.01747,Yakından incele · map,False,True,2.92000,3.20000,1.77900,1.25000,0.00000,0.00000
2388,122.82080,0.01744,Yakından incele · map,False,True,2.92000,3.20000,1.77900,1.25000,0.00000,0.00000
2389,122.83603,0.01523,Yakından incele · map,False,True,2.92000,3.20000,1.77900,1.25000,0.00000,0.00000
2390,122.85415,0.01812,Yakından incele · map,False,True,2.92000,3.20000,1.77900,1.25000,0.00000,0.00000
2391,122.87000,0.01585,Yakından incele · map,False,True,2.92000,3.20000,1.77900,1.25000,0.00000,0.00000
2392,122.88630,0.01630,Yakından incele · map,False,True,2.92000,3.20000,1.77900,1.25000,0.00000,0.00000
2393,122.90190,0.01560,Yakından incele · map,False,True,2.92000,3.20000,1.77900,1.25000,0.00000,0.00000
2394,122.92006,0.01816,Yakından incele · map,False,True,2.92000,3.20000,1.77900,1.25000,0.00000,0.00000
2395,122.93727,0.01721,Yakından incele · map,False,True,2.92000,3.20000,1.77900,1.25000,0.00000,0.00000
2396,122.95357,0.01630,Yakından incele · map,False,True,2.92000,3.20000,1.77900,1.25000,0.00000,0.00000
2397,122.97110,0.01753,Yakından incele · map,False,True,2.92000,3.20000,1.77900,1.25000,0.00000,0.00000
2398,122.98627,0.01517,Yakından incele · map,False,True,2.92000,3.20000,1.77900,1.25000,0.00000,0.00000
2399,123.00356,0.01729,Yakından incele · map,False,True,2.92000,3.20000,1.77900,1.25000,0.00000,0.00000
2400,123.01920,0.01564,Yakından incele · map,False,True,2.92000,3.20000,1.77900,1.25000,0.00000,0.00000
2401,123.03637,0.01717,Yakından incele · map,False,True,2.92000,3.20000,1.77900,1.25000,0.00000,0.00000
2402,123.05430,0.01793,Yakından incele · map,False,True,2.92000,3.20000,1.77900,1.25000,0.00000,0.00000
2403,123.06938,0.01509,Yakından incele · map,False,True,2.92000,3.20000,1.77900,1.25000,0.00000,0.00000
2404,123.08631,0.01692,Yakından incele · map,False,True,2.92000,3.20000,1.77900,1.25000,0.00000,0.00000
2405,123.10297,0.01666,Yakından incele · map,False,True,2.92000,3.20000,1.77900,1.25000,0.00000,0.00000
2406,123.11946,0.01649,Yakından incele · map,False,True,2.92000,3.20000,1.77900,1.25000,0.00000,0.00000
2407,123.13651,0.01705,Yakından incele · map,False,True,2.92000,3.20000,1.77900,1.25000,0.00000,0.00000
2408,123.15323,0.01672,Yakından incele · map,False,True,2.92000,3.20000,1.77900,1.25000,0.00000,0.00000
2409,123.16848,0.01525,Yakından incele · map,False,True,2.92000,3.20000,1.77900,1.25000,0.00000,0.00000
2410,123.18651,0.01803,Yakından incele · map,False,True,2.92000,3.20000,1.77900,1.25000,0.00000,0.00000
2411,123.20196,0.01545,Yakından incele · map,False,True,2.92000,3.20000,1.77900,1.25000,0.00000,0.00000
2412,123.21924,0.01728,Yakından incele · map,False,True,2.92000,3.20000,1.77900,1.25000,0.00000,0.00000
2413,123.23666,0.01742,Yakından incele · map,False,True,2.92000,3.20000,1.77900,1.25000,0.00000,0.00000
2414,123.25213,0.01547,Yakından incele · map,False,True,2.92000,3.20000,1.77900,1.25000,0.00000,0.00000
2415,123.26841,0.01628,Yakından incele · map,False,True,2.92000,3.20000,1.77900,1.25000,0.00000,0.00000
2416,123.28686,0.01846,Yakından incele · map,False,True,2.92000,3.20000,1.77900,1.25000,0.00000,0.00000
2417,123.30258,0.01571,Yakından incele · map,False,True,2.92000,3.20000,1.77900,1.25000,0.00000,0.00000
2418,123.31931,0.01673,Yakından incele · map,False,True,2.92000,3.20000,1.77900,1.25000,0.00000,0.00000
2419,123.33561,0.01630,Yakından incele · map,False,True,2.92000,3.20000,1.77900,1.25000,0.00000,0.00000
2420,123.35197,0.01636,Yakından incele · map,False,True,2.92000,3.20000,1.77900,1.25000,0.00000,0.00000
2421,123.36861,0.01664,Yakından incele · map,False,True,2.92000,3.20000,1.77900,1.25000,0.00000,0.00000
2422,123.38712,0.01851,Yakından incele · map,False,True,2.92000,3.20000,1.77900,1.25000,0.00000,0.00000
2423,123.40254,0.01542,Yakından incele · map,False,True,2.92000,3.20000,1.77900,1.25000,0.00000,0.00000
2424,123.42042,0.01789,Yakından incele · map,False,True,2.92000,3.20000,1.77900,1.25000,0.00000,0.00000
2425,123.43588,0.01546,Yakından incele · map,False,True,2.92000,3.20000,1.77900,1.25000,0.00000,0.00000
2426,123.45273,0.01685,Yakından incele · map,False,True,2.92000,3.20000,1.77900,1.25000,0.00000,0.00000
2427,123.46942,0.01668,Yakından incele · map,False,True,2.92000,3.20000,1.77900,1.25000,0.00000,0.00000
2428,123.48636,0.01694,Yakından incele · map,False,True,2.92000,3.20000,1.77900,1.25000,0.00000,0.00000
2429,123.50313,0.01677,Yakından incele · map,False,True,2.92000,3.20000,1.77900,1.25000,0.00000,0.00000
2430,123.51888,0.01575,Yakından incele · map,False,True,2.92000,3.20000,1.77900,1.25000,0.00000,0.00000
2431,123.53625,0.01737,Yakından incele · map,False,True,2.92000,3.20000,1.77900,1.25000,0.00000,0.00000
2432,123.55406,0.01781,Yakından incele · map,False,True,2.92000,3.20000,1.77900,1.25000,0.00000,0.00000
2433,123.56915,0.01509,Yakından incele · map,False,True,2.92000,3.20000,1.77900,1.25000,0.00000,0.00000
2434,123.58651,0.01737,Yakından incele · map,False,True,2.92000,3.20000,1.77900,1.25000,0.00000,0.00000
2435,123.60272,0.01620,Yakından incele · map,False,True,2.92000,3.20000,1.77900,1.25000,0.00000,0.00000
2436,123.61940,0.01669,Yakından incele · map,False,True,2.92000,3.20000,1.77900,1.25000,0.00000,0.00000
2437,123.63644,0.01703,Yakından incele · map,False,True,2.92000,3.20000,1.77900,1.25000,0.00000,0.00000
2438,123.65213,0.01569,Yakından incele · map,False,True,2.92000,3.20000,1.77900,1.25000,0.00000,0.00000
2439,123.66953,0.01740,Yakından incele · map,False,True,2.92000,3.20000,1.77900,1.25000,0.00000,0.00000
2440,123.68596,0.01643,Yakından incele · map,False,True,2.92000,3.20000,1.77900,1.25000,0.00000,0.00000
2441,123.70361,0.01764,Yakından incele · map,False,True,2.92000,3.20000,1.77900,1.25000,0.00000,0.00000
2442,123.72010,0.01649,Yakından incele · map,False,True,2.92000,3.20000,1.77900,1.25000,0.00000,0.00000
2443,123.73619,0.01609,Yakından incele · map,False,True,2.92000,3.20000,1.77900,1.25000,0.00000,0.00000
2444,123.75337,0.01718,Yakından incele · map,False,True,2.92000,3.20000,1.77900,1.25000,0.00000,0.00000
2445,123.76991,0.01654,Yakından incele · map,False,True,2.92000,3.20000,1.77900,1.25000,0.00000,0.00000
2446,123.78657,0.01666,Yakından incele · map,False,True,2.92000,3.20000,1.77900,1.25000,0.00000,0.00000
2447,123.80249,0.01592,Yakından incele · map,False,True,2.92000,3.20000,1.77900,1.25000,0.00000,0.00000
2448,123.81947,0.01697,Yakından incele · map,False,True,2.92000,3.20000,1.77900,1.25000,0.00000,0.00000
2449,123.83595,0.01648,Yakından incele · map,False,True,2.92000,3.20000,1.77900,1.25000,0.00000,0.00000
2450,123.85222,0.01627,Yakından incele · map,False,True,2.92000,3.20000,1.77900,1.25000,0.00000,0.00000
2451,123.86919,0.01697,Yakından incele · map,False,True,2.92000,3.20000,1.77900,1.25000,0.00000,0.00000
2452,123.88688,0.01769,Yakından incele · map,False,True,2.92000,3.20000,1.77900,1.25000,0.00000,0.00000
2453,123.90286,0.01598,Yakından incele · map,False,True,2.92000,3.20000,1.77900,1.25000,0.00000,0.00000
2454,123.91921,0.01635,Yakından incele · map,False,True,2.92000,3.20000,1.77900,1.25000,0.00000,0.00000
2455,123.93544,0.01623,Yakından incele · map,False,True,2.92000,3.20000,1.77900,1.25000,0.00000,0.00000
2456,123.95296,0.01752,Yakından incele · map,False,True,2.92000,3.20000,1.77900,1.25000,0.00000,0.00000
2457,123.96945,0.01649,Yakından incele · map,False,True,2.92000,3.20000,1.77900,1.25000,0.00000,0.00000
2458,123.98676,0.01731,Yakından incele · map,False,True,2.92000,3.20000,1.77900,1.25000,0.00000,0.00000
2459,124.00260,0.01583,Yakından incele · map,False,True,2.92000,3.20000,1.77900,1.25000,0.00000,0.00000
2460,124.01952,0.01692,Yakından incele · map,False,True,2.92000,3.20000,1.77900,1.25000,0.00000,0.00000
2461,124.03629,0.01677,Yakından incele · map,False,True,2.92000,3.20000,1.77900,1.25000,0.00000,0.00000
2462,124.05400,0.01771,Yakından incele · map,False,True,2.92000,3.20000,1.77900,1.25000,0.00000,0.00000
2463,124.06955,0.01555,Yakından incele · map,False,True,2.92000,3.20000,1.77900,1.25000,0.00000,0.00000
2464,124.08617,0.01662,Yakından incele · map,False,True,2.92000,3.20000,1.77900,1.25000,0.00000,0.00000
2465,124.10326,0.01710,Yakından incele · map,False,True,2.92000,3.20000,1.77900,1.25000,0.00000,0.00000
2466,124.11879,0.01553,Yakından incele · map,False,True,2.92000,3.20000,1.77900,1.25000,0.00000,0.00000
2467,124.13710,0.01830,Yakından incele · map,False,True,2.92000,3.20000,1.77900,1.25000,0.00000,0.00000
2468,124.15308,0.01598,Yakından incele · map,False,True,2.92000,3.20000,1.77900,1.25000,0.00000,0.00000
2469,124.17005,0.01697,Yakından incele · map,False,True,2.92000,3.20000,1.77900,1.25000,0.00000,0.00000
2470,124.18526,0.01521,Yakından incele · map,False,True,2.92000,3.20000,1.77900,1.25000,0.00000,0.00000
2471,124.20222,0.01696,Yakından incele · map,False,True,2.92000,3.20000,1.77900,1.25000,0.00000,0.00000
2472,124.22023,0.01802,Yakından incele · map,False,True,2.92000,3.20000,1.77900,1.25000,0.00000,0.00000
2473,124.23567,0.01543,Yakından incele · map,False,True,2.92000,3.20000,1.77900,1.25000,0.00000,0.00000
2474,124.25315,0.01748,Yakından incele · map,False,True,2.92000,3.20000,1.77900,1.25000,0.00000,0.00000
2475,124.26912,0.01597,Yakından incele · map,False,True,2.92000,3.20000,1.77900,1.25000,0.00000,0.00000
2476,124.28665,0.01754,Yakından incele · map,False,True,2.92000,3.20000,1.77900,1.25000,0.00000,0.00000
2477,124.30255,0.01589,Yakından incele · map,False,True,2.92000,3.20000,1.77900,1.25000,0.00000,0.00000
2478,124.31869,0.01615,Yakından incele · map,False,True,2.92000,3.20000,1.77900,1.25000,0.00000,0.00000
2479,124.33643,0.01774,Yakından incele · map,False,True,2.92000,3.20000,1.77900,1.25000,0.00000,0.00000
2480,124.35325,0.01682,Yakından incele · map,False,True,2.92000,3.20000,1.77900,1.25000,0.00000,0.00000
2481,124.36913,0.01588,Yakından incele · map,False,True,2.92000,3.20000,1.77900,1.25000,0.00000,0.00000
2482,124.38557,0.01643,Yakından incele · map,False,True,2.92000,3.20000,1.77900,1.25000,0.00000,0.00000
2483,124.40216,0.01660,Yakından incele · map,False,True,2.92000,3.20000,1.77900,1.25000,0.00000,0.00000
2484,124.41975,0.01758,Yakından incele · map,False,True,2.92000,3.20000,1.77900,1.25000,0.00000,0.00000
2485,124.43619,0.01644,Yakından incele · map,False,True,2.92000,3.20000,1.77900,1.25000,0.00000,0.00000
2486,124.45314,0.01695,Yakından incele · map,False,True,2.92000,3.20000,1.77900,1.25000,0.00000,0.00000
2487,124.47051,0.01737,Yakından incele · map,False,True,2.92000,3.20000,1.77900,1.25000,0.00000,0.00000
2488,124.48769,0.01719,Yakından incele · map,False,True,2.92000,3.20000,1.77900,1.25000,0.00000,0.00000
2489,124.50285,0.01516,Yakından incele · map,False,True,2.92000,3.20000,1.77900,1.25000,0.00000,0.00000
2490,124.52022,0.01736,Yakından incele · map,False,True,2.92000,3.20000,1.77900,1.25000,0.00000,0.00000
2491,124.53859,0.01838,Yakından incele · map,False,True,2.92000,3.20000,1.77900,1.25000,0.00000,0.00000
2492,124.55407,0.01547,Yakından incele · map,False,True,2.92000,3.20000,1.77900,1.25000,0.00000,0.00000
2493,124.57120,0.01713,Yakından incele · map,False,True,2.92000,3.20000,1.77900,1.25000,0.00000,0.00000
2494,124.58712,0.01592,Yakından incele · map,False,True,2.92000,3.20000,1.77900,1.25000,0.00000,0.00000
2495,124.60249,0.01537,Yakından incele · map,False,True,2.92000,3.20000,1.77900,1.25000,0.00000,0.00000
2496,124.62266,0.02017,Yakından incele · map,False,True,2.92000,3.20000,1.77900,1.25000,0.00000,0.00000
2497,124.63339,0.01073,Yakından incele · map,False,True,2.92000,3.20000,1.77900,1.25000,0.00000,0.00000
2498,124.65522,0.02183,Yakından incele · map,False,True,2.92000,3.20000,1.77900,1.25000,0.00000,0.00000
2499,124.67183,0.01661,Yakından incele · map,False,True,2.92000,3.20000,1.77900,1.25000,0.00000,0.00000
2500,124.68745,0.01562,Yakından incele · map,False,True,2.92000,3.20000,1.77900,1.25000,0.00000,0.00000
2501,124.70430,0.01684,Yakından incele · map,False,True,2.92000,3.20000,1.77900,1.25000,0.00000,0.00000
2502,124.72187,0.01758,Yakından incele · map,False,True,2.92000,3.20000,1.77900,1.25000,0.00000,0.00000
2503,124.73784,0.01597,Yakından incele · map,False,True,2.92000,3.20000,1.77900,1.25000,0.00000,0.00000
2504,124.77911,0.04127,Yakından incele · map,False,True,2.92000,3.20000,1.77900,1.25000,0.00000,0.00000
2505,124.78913,0.01002,Yakından incele · map,False,True,2.92000,3.20000,1.77900,1.25000,0.00000,0.00000
2506,124.79977,0.01065,Yakından incele · map,False,True,2.92000,3.20000,1.77900,1.25000,0.00000,0.00000
2507,124.81642,0.01665,Yakından incele · map,False,True,2.92000,3.20000,1.77900,1.25000,0.00000,0.00000
2508,124.83338,0.01696,Yakından incele · map,False,True,2.92000,3.20000,1.77900,1.25000,0.00000,0.00000
2509,124.84865,0.01527,Yakından incele · map,False,True,2.92000,3.20000,1.77900,1.25000,0.00000,0.00000
2510,124.86745,0.01879,Yakından incele · map,False,True,2.92000,3.20000,1.77900,1.25000,0.00000,0.00000
2511,124.88256,0.01511,Yakından incele · map,False,True,2.92000,3.20000,1.77900,1.25000,0.00000,0.00000
2512,124.89917,0.01661,Yakından incele · map,False,True,2.92000,3.20000,1.77900,1.25000,0.00000,0.00000
2513,124.91508,0.01591,Yakından incele · map,False,True,2.92000,3.20000,1.77900,1.25000,0.00000,0.00000
2514,124.93202,0.01695,Yakından incele · map,False,True,2.92000,3.20000,1.77900,1.25000,0.00000,0.00000
2515,124.94894,0.01692,Yakından incele · map,False,True,2.92000,3.20000,1.77900,1.25000,0.00000,0.00000
2516,124.96580,0.01686,Yakından incele · map,False,True,2.92000,3.20000,1.77900,1.25000,0.00000,0.00000
2517,124.98249,0.01670,Yakından incele · map,False,True,2.92000,3.20000,1.77900,1.25000,0.00000,0.00000
2518,124.99928,0.01679,Yakından incele · map,False,True,2.92000,3.20000,1.77900,1.25000,0.00000,0.00000
2519,125.01555,0.01627,Yakından incele · map,False,True,2.92000,3.20000,1.77900,1.25000,0.00000,0.00000
2520,125.03292,0.01737,Yakından incele · map,False,True,2.92000,3.20000,1.77900,1.25000,0.00000,0.00000
2521,125.04886,0.01594,Yakından incele · map,False,True,2.92000,3.20000,1.77900,1.25000,0.00000,0.00000
2522,125.06476,0.01590,Yakından incele · map,False,True,2.92000,3.20000,1.77900,1.25000,0.00000,0.00000
2523,125.08191,0.01715,Yakından incele · map,False,True,2.92000,3.20000,1.77900,1.25000,0.00000,0.00000
2524,125.09998,0.01808,Yakından incele · map,False,True,2.92000,3.20000,1.77900,1.25000,0.00000,0.00000
2525,125.11534,0.01535,Yakından incele · map,False,True,2.92000,3.20000,1.77900,1.25000,0.00000,0.00000
2526,125.13256,0.01723,Yakından incele · map,False,True,2.92000,3.20000,1.77900,1.25000,0.00000,0.00000
2527,125.14880,0.01624,Yakından incele · map,False,True,2.92000,3.20000,1.77900,1.25000,0.00000,0.00000
2528,125.16637,0.01757,Yakından incele · map,False,True,2.92000,3.20000,1.77900,1.25000,0.00000,0.00000
2529,125.18239,0.01602,Yakından incele · map,False,True,2.92000,3.20000,1.77900,1.25000,0.00000,0.00000
2530,125.19895,0.01656,Yakından incele · map,False,True,2.92000,3.20000,1.77900,1.25000,0.00000,0.00000
2531,125.21532,0.01637,Yakından incele · map,False,True,2.92000,3.20000,1.77900,1.25000,0.00000,0.00000
2532,125.23237,0.01705,Yakından incele · map,False,True,2.92000,3.20000,1.77900,1.25000,0.00000,0.00000
2533,125.24842,0.01605,Yakından incele · map,False,True,2.92000,3.20000,1.77900,1.25000,0.00000,0.00000
2534,125.26493,0.01651,Yakından incele · map,False,True,2.92000,3.20000,1.77900,1.25000,0.00000,0.00000
2535,125.28187,0.01694,Yakından incele · map,False,True,2.92000,3.20000,1.77900,1.25000,0.00000,0.00000
2536,125.29873,0.01686,Yakından incele · map,False,True,2.92000,3.20000,1.77900,1.25000,0.00000,0.00000
2537,125.31569,0.01696,Yakından incele · map,False,True,2.92000,3.20000,1.77900,1.25000,0.00000,0.00000
2538,125.33243,0.01674,Yakından incele · map,False,True,2.92000,3.20000,1.77900,1.25000,0.00000,0.00000
2539,125.34866,0.01623,Yakından incele · map,False,True,2.92000,3.20000,1.77900,1.25000,0.00000,0.00000
2540,125.36542,0.01676,Yakından incele · map,False,True,2.92000,3.20000,1.77900,1.25000,0.00000,0.00000
2541,125.38199,0.01657,Yakından incele · map,False,True,2.92000,3.20000,1.77900,1.25000,0.00000,0.00000
2542,125.39942,0.01743,Yakından incele · map,False,True,2.92000,3.20000,1.77900,1.25000,0.00000,0.00000
2543,125.41532,0.01590,Yakından incele · map,False,True,2.92000,3.20000,1.77900,1.25000,0.00000,0.00000
2544,125.43231,0.01699,Yakından incele · map,False,True,2.92000,3.20000,1.77900,1.25000,0.00000,0.00000
2545,125.45158,0.01927,Yakından incele · map,False,True,2.92000,3.20000,1.77900,1.00000,0.00000,0.00000
2546,125.46470,0.01312,Yakından incele · map,False,True,2.92000,3.20000,1.77900,1.00000,0.00000,0.00000
2547,125.48163,0.01693,Yakından incele · map,False,True,2.92000,3.20000,1.77900,1.00000,0.00000,0.00000
2548,125.49829,0.01666,Yakından incele · map,False,True,2.92000,3.20000,1.77900,1.00000,0.00000,0.00000
2549,125.51484,0.01655,Yakından incele · map,False,True,2.92000,3.20000,1.77900,1.00000,0.00000,0.00000
2550,125.53139,0.01654,Yakından incele · map,False,True,2.92000,3.20000,1.77900,1.00000,0.00000,0.00000
2551,125.54838,0.01700,Yakından incele · map,False,True,2.92000,3.20000,1.77900,1.00000,0.00000,0.00000
2552,125.56498,0.01660,Yakından incele · map,False,True,2.92000,3.20000,1.77900,1.00000,0.00000,0.00000
2553,125.58185,0.01687,Yakından incele · map,False,True,2.92000,3.20000,1.77900,1.00000,0.00000,0.00000
2554,125.59807,0.01622,Yakından incele · map,False,True,2.92000,3.20000,1.77900,1.00000,0.00000,0.00000
2555,125.61463,0.01656,Yakından incele · map,False,True,2.92000,3.20000,1.77900,1.00000,0.00000,0.00000
2556,125.63147,0.01684,Yakından incele · map,False,True,2.92000,3.20000,1.77900,1.00000,0.00000,0.00000
2557,125.64796,0.01650,Yakından incele · map,False,True,2.92000,3.20000,1.77900,1.00000,0.00000,0.00000
2558,125.66454,0.01658,Yakından incele · map,False,True,2.92000,3.20000,1.77900,1.00000,0.00000,0.00000
2559,125.68152,0.01697,Yakından incele · map,False,True,2.92000,3.20000,1.77900,1.00000,0.00000,0.00000
2560,125.69795,0.01644,Yakından incele · map,False,True,2.92000,3.20000,1.77900,1.00000,0.00000,0.00000
2561,125.71536,0.01740,Yakından incele · map,False,True,2.92000,3.20000,1.77900,1.00000,0.00000,0.00000
2562,125.73127,0.01591,Yakından incele · map,False,True,2.92000,3.20000,1.77900,1.00000,0.00000,0.00000
2563,125.74830,0.01703,Yakından incele · map,False,True,2.92000,3.20000,1.77900,1.00000,0.00000,0.00000
2564,125.76483,0.01653,Yakından incele · map,False,True,2.92000,3.20000,1.77900,1.00000,0.00000,0.00000
2565,125.78146,0.01663,Yakından incele · map,False,True,2.92000,3.20000,1.77900,1.00000,0.00000,0.00000
2566,125.79870,0.01723,Yakından incele · map,False,True,2.92000,3.20000,1.77900,1.00000,0.00000,0.00000
2567,125.81484,0.01614,Yakından incele · map,False,True,2.92000,3.20000,1.77900,1.00000,0.00000,0.00000
2568,125.83133,0.01650,Yakından incele · map,False,True,2.92000,3.20000,1.77900,1.00000,0.00000,0.00000
2569,125.84825,0.01692,Yakından incele · map,False,True,2.92000,3.20000,1.77900,1.00000,0.00000,0.00000
2570,125.86468,0.01643,Yakından incele · map,False,True,2.92000,3.20000,1.77900,1.00000,0.00000,0.00000
2571,125.88164,0.01696,Yakından incele · map,False,True,2.92000,3.20000,1.77900,1.00000,0.00000,0.00000
2572,125.89830,0.01666,Yakından incele · map,False,True,2.92000,3.20000,1.77900,1.00000,0.00000,0.00000
2573,125.91504,0.01673,Yakından incele · map,False,True,2.92000,3.20000,1.77900,1.00000,0.00000,0.00000
2574,125.93173,0.01669,Yakından incele · map,False,True,2.92000,3.20000,1.77900,1.00000,0.00000,0.00000
2575,125.94777,0.01604,Yakından incele · map,False,True,2.92000,3.20000,1.77900,1.00000,0.00000,0.00000
2576,125.96433,0.01656,Yakından incele · map,False,True,2.92000,3.20000,1.77900,1.00000,0.00000,0.00000
2577,125.98159,0.01725,Yakından incele · map,False,True,2.92000,3.20000,1.77900,1.00000,0.00000,0.00000
2578,125.99851,0.01692,Yakından incele · map,False,True,2.92000,3.20000,1.77900,1.00000,0.00000,0.00000
2579,126.01490,0.01640,Yakından incele · map,False,True,2.92000,3.20000,1.77900,1.00000,0.00000,0.00000
2580,126.03145,0.01655,Yakından incele · map,False,True,2.92000,3.20000,1.77900,1.00000,0.00000,0.00000
2581,126.04841,0.01696,Yakından incele · map,False,True,2.92000,3.20000,1.77900,1.00000,0.00000,0.00000
2582,126.06453,0.01612,Yakından incele · map,False,True,2.92000,3.20000,1.77900,1.00000,0.00000,0.00000
2583,126.08145,0.01692,Yakından incele · map,False,True,2.92000,3.20000,1.77900,1.00000,0.00000,0.00000
2584,126.09771,0.01626,Yakından incele · map,False,True,2.92000,3.20000,1.77900,1.00000,0.00000,0.00000
2585,126.11496,0.01725,Yakından incele · map,False,True,2.92000,3.20000,1.77900,1.00000,0.00000,0.00000
2586,126.13150,0.01654,Yakından incele · map,False,True,2.92000,3.20000,1.77900,1.00000,0.00000,0.00000
2587,126.14821,0.01672,Yakından incele · map,False,True,2.92000,3.20000,1.77900,1.00000,0.00000,0.00000
2588,126.16441,0.01620,Yakından incele · map,False,True,2.92000,3.20000,1.77900,1.00000,0.00000,0.00000
2589,126.18138,0.01697,Yakından incele · map,False,True,2.92000,3.20000,1.77900,1.00000,0.00000,0.00000
2590,126.19790,0.01652,Yakından incele · map,False,True,2.92000,3.20000,1.77900,1.00000,0.00000,0.00000
2591,126.21542,0.01752,Yakından incele · map,False,True,2.92000,3.20000,1.77900,1.00000,0.00000,0.00000
2592,126.23111,0.01569,Yakından incele · map,False,True,2.92000,3.20000,1.77900,1.00000,0.00000,0.00000
2593,126.24784,0.01673,Yakından incele · map,False,True,2.92000,3.20000,1.77900,1.00000,0.00000,0.00000
2594,126.26463,0.01679,Yakından incele · map,False,True,2.92000,3.20000,1.77900,1.00000,0.00000,0.00000
2595,126.28122,0.01659,Yakından incele · map,False,True,2.92000,3.20000,1.77900,1.00000,0.00000,0.00000
2596,126.29839,0.01717,Yakından incele · map,False,True,2.92000,3.20000,1.77900,1.00000,0.00000,0.00000
2597,126.31484,0.01644,Yakından incele · map,False,True,2.92000,3.20000,1.77900,1.00000,0.00000,0.00000
2598,126.33264,0.01781,Yakından incele · map,False,True,2.92000,3.20000,1.77900,1.00000,0.00000,0.00000
2599,126.34842,0.01577,Yakından incele · map,False,True,2.92000,3.20000,1.77900,1.00000,0.00000,0.00000
2600,126.36477,0.01635,Yakından incele · map,False,True,2.92000,3.20000,1.77900,1.00000,0.00000,0.00000
2601,126.38160,0.01682,Yakından incele · map,False,True,2.92000,3.20000,1.77900,1.00000,0.00000,0.00000
2602,126.39839,0.01679,Yakından incele · map,False,True,2.92000,3.20000,1.77900,1.00000,0.00000,0.00000
2603,126.41496,0.01657,Yakından incele · map,False,True,2.92000,3.20000,1.77900,1.00000,0.00000,0.00000
2604,126.43100,0.01603,Yakından incele · map,False,True,2.92000,3.20000,1.77900,1.00000,0.00000,0.00000
2605,126.44826,0.01727,Yakından incele · map,False,True,2.92000,3.20000,1.77900,1.00000,0.00000,0.00000
2606,126.46523,0.01696,Yakından incele · map,False,True,2.92000,3.20000,1.77900,1.00000,0.00000,0.00000
2607,126.48151,0.01628,Yakından incele · map,False,True,2.92000,3.20000,1.77900,1.00000,0.00000,0.00000
2608,126.49860,0.01709,Yakından incele · map,False,True,2.92000,3.20000,1.77900,1.00000,0.00000,0.00000
2609,126.51549,0.01689,Yakından incele · map,False,True,2.92000,3.20000,1.77900,1.00000,0.00000,0.00000
2610,126.53180,0.01631,Yakından incele · map,False,True,2.92000,3.20000,1.77900,1.00000,0.00000,0.00000
2611,126.54838,0.01658,Yakından incele · map,False,True,2.92000,3.20000,1.77900,1.00000,0.00000,0.00000
2612,126.56422,0.01585,Yakından incele · map,False,True,2.92000,3.20000,1.77900,1.00000,0.00000,0.00000
2613,126.58161,0.01738,Yakından incele · map,False,True,2.92000,3.20000,1.77900,1.00000,0.00000,0.00000
2614,126.59840,0.01679,Yakından incele · map,False,True,2.92000,3.20000,1.77900,1.00000,0.00000,0.00000
2615,126.61502,0.01662,Yakından incele · map,False,True,2.92000,3.20000,1.77900,1.00000,0.00000,0.00000
2616,126.63141,0.01639,Yakından incele · map,False,True,2.92000,3.20000,1.77900,1.00000,0.00000,0.00000
2617,126.64834,0.01693,Yakından incele · map,False,True,2.92000,3.20000,1.77900,1.00000,0.00000,0.00000
2618,126.66489,0.01656,Yakından incele · map,False,True,2.92000,3.20000,1.77900,1.00000,0.00000,0.00000
2619,126.68167,0.01677,Yakından incele · map,False,True,2.92000,3.20000,1.77900,1.00000,0.00000,0.00000
2620,126.69884,0.01717,Yakından incele · map,False,True,2.92000,3.20000,1.77900,1.00000,0.00000,0.00000
2621,126.71501,0.01617,Yakından incele · map,False,True,2.92000,3.20000,1.77900,1.00000,0.00000,0.00000
2622,126.73143,0.01641,Yakından incele · map,False,True,2.92000,3.20000,1.77900,1.00000,0.00000,0.00000
2623,126.74832,0.01690,Yakından incele · map,False,True,2.92000,3.20000,1.77900,1.00000,0.00000,0.00000
2624,126.76495,0.01663,Yakından incele · map,False,True,2.92000,3.20000,1.77900,1.00000,0.00000,0.00000
2625,126.78222,0.01727,Yakından incele · map,False,True,2.92000,3.20000,1.77900,1.00000,0.00000,0.00000
2626,126.79833,0.01611,Yakından incele · map,False,True,2.92000,3.20000,1.77900,1.00000,0.00000,0.00000
2627,126.81614,0.01781,Yakından incele · map,False,True,2.92000,3.20000,1.77900,1.00000,0.00000,0.00000
2628,126.83151,0.01536,Yakından incele · map,False,True,2.92000,3.20000,1.77900,1.00000,0.00000,0.00000
2629,126.84796,0.01646,Yakından incele · map,False,True,2.92000,3.20000,1.77900,1.00000,0.00000,0.00000
2630,126.86433,0.01637,Yakından incele · map,False,True,2.92000,3.20000,1.77900,1.00000,0.00000,0.00000
2631,126.88194,0.01760,Yakından incele · map,False,True,2.92000,3.20000,1.77900,1.00000,0.00000,0.00000
2632,126.89794,0.01600,Yakından incele · map,False,True,2.92000,3.20000,1.77900,1.00000,0.00000,0.00000
2633,126.91497,0.01703,Yakından incele · map,False,True,2.92000,3.20000,1.77900,1.00000,0.00000,0.00000
2634,126.93115,0.01619,Yakından incele · map,False,True,2.92000,3.20000,1.77900,1.00000,0.00000,0.00000
2635,126.94806,0.01691,Yakından incele · map,False,True,2.92000,3.20000,1.77900,1.00000,0.00000,0.00000
2636,126.96467,0.01661,Yakından incele · map,False,True,2.92000,3.20000,1.77900,1.00000,0.00000,0.00000
2637,126.98095,0.01629,Yakından incele · map,False,True,2.92000,3.20000,1.77900,1.00000,0.00000,0.00000
2638,126.99805,0.01709,Yakından incele · map,False,True,2.92000,3.20000,1.77900,1.00000,0.00000,0.00000
2639,127.01479,0.01674,Yakından incele · map,False,True,2.92000,3.20000,1.77900,1.00000,0.00000,0.00000
2640,127.03071,0.01592,Yakından incele · map,False,True,2.92000,3.20000,1.77900,1.00000,0.00000,0.00000
2641,127.04868,0.01798,Yakından incele · map,False,True,2.92000,3.20000,1.77900,1.00000,0.00000,0.00000
2642,127.06605,0.01737,Yakından incele · map,False,True,2.92000,3.20000,1.77900,1.00000,0.00000,0.00000
2643,127.08169,0.01564,Yakından incele · map,False,True,2.92000,3.20000,1.77900,1.00000,0.00000,0.00000
2644,127.09931,0.01762,Yakından incele · map,False,True,2.92000,3.20000,1.77900,1.00000,0.00000,0.00000
2645,127.11491,0.01561,Yakından incele · map,False,True,2.92000,3.20000,1.77900,1.00000,0.00000,0.00000
2646,127.13233,0.01742,Yakından incele · map,False,True,2.92000,3.20000,1.77900,1.00000,0.00000,0.00000
2647,127.14846,0.01613,Yakından incele · map,False,True,2.92000,3.20000,1.77900,1.00000,0.00000,0.00000
2648,127.16482,0.01636,Yakından incele · map,False,True,2.92000,3.20000,1.77900,1.00000,0.00000,0.00000
2649,127.18126,0.01644,Yakından incele · map,False,True,2.92000,3.20000,1.77900,1.00000,0.00000,0.00000
2650,127.19894,0.01768,Yakından incele · map,False,True,2.92000,3.20000,1.77900,1.00000,0.00000,0.00000
2651,127.21512,0.01619,Yakından incele · map,False,True,2.92000,3.20000,1.77900,1.00000,0.00000,0.00000
2652,127.23147,0.01635,Yakından incele · map,False,True,2.92000,3.20000,1.77900,1.00000,0.00000,0.00000
2653,127.24752,0.01605,Yakından incele · map,False,True,2.92000,3.20000,1.77900,1.00000,0.00000,0.00000
2654,127.26473,0.01722,Yakından incele · map,False,True,2.92000,3.20000,1.77900,1.00000,0.00000,0.00000
2655,127.28116,0.01642,Yakından incele · map,False,True,2.92000,3.20000,1.77900,1.00000,0.00000,0.00000
2656,127.29839,0.01724,Yakından incele · map,False,True,2.92000,3.20000,1.77900,1.00000,0.00000,0.00000
2657,127.31527,0.01687,Yakından incele · map,False,True,2.92000,3.20000,1.77900,1.00000,0.00000,0.00000
2658,127.33143,0.01616,Yakından incele · map,False,True,2.92000,3.20000,1.77900,1.00000,0.00000,0.00000
2659,127.34849,0.01706,Yakından incele · map,False,True,2.92000,3.20000,1.77900,1.00000,0.00000,0.00000
2660,127.36456,0.01607,Yakından incele · map,False,True,2.92000,3.20000,1.77900,1.00000,0.00000,0.00000
2661,127.38086,0.01630,Yakından incele · map,False,True,2.92000,3.20000,1.77900,1.00000,0.00000,0.00000
2662,127.39846,0.01760,Yakından incele · map,False,True,2.92000,3.20000,1.77900,1.00000,0.00000,0.00000
2663,127.41468,0.01623,Yakından incele · map,False,True,2.92000,3.20000,1.77900,1.00000,0.00000,0.00000
2664,127.43126,0.01657,Yakından incele · map,False,True,2.92000,3.20000,1.77900,1.00000,0.00000,0.00000
2665,127.44758,0.01632,Yakından incele · map,False,True,2.92000,3.20000,1.77900,1.00000,0.00000,0.00000
2666,127.46484,0.01726,Yakından incele · map,False,True,2.92000,3.20000,1.77900,1.00000,0.00000,0.00000
2667,127.48172,0.01688,Yakından incele · map,False,True,2.92000,3.20000,1.77900,1.00000,0.00000,0.00000
2668,127.49827,0.01655,Yakından incele · map,False,True,2.92000,3.20000,1.77900,1.00000,0.00000,0.00000
2669,127.51442,0.01615,Yakından incele · map,False,True,2.92000,3.20000,1.77900,1.00000,0.00000,0.00000
2670,127.53121,0.01679,Yakından incele · map,False,True,2.92000,3.20000,1.77900,1.00000,0.00000,0.00000
2671,127.54775,0.01654,Yakından incele · map,False,True,2.92000,3.20000,1.77900,1.00000,0.00000,0.00000
2672,127.56482,0.01707,Yakından incele · map,False,True,2.92000,3.20000,1.77900,1.00000,0.00000,0.00000
2673,127.58134,0.01651,Yakından incele · map,False,True,2.92000,3.20000,1.77900,1.00000,0.00000,0.00000
2674,127.59788,0.01655,Yakından incele · map,False,True,2.92000,3.20000,1.77900,1.00000,0.00000,0.00000
2675,127.61445,0.01656,Yakından incele · map,False,True,2.92000,3.20000,1.77900,1.00000,0.00000,0.00000
2676,127.63123,0.01679,Yakından incele · map,False,True,2.92000,3.20000,1.77900,1.00000,0.00000,0.00000
2677,127.64749,0.01626,Yakından incele · map,False,True,2.92000,3.20000,1.77900,1.00000,0.00000,0.00000
2678,127.66441,0.01692,Yakından incele · map,False,True,2.92000,3.20000,1.77900,1.00000,0.00000,0.00000
2679,127.68178,0.01737,Yakından incele · map,False,True,2.92000,3.20000,1.77900,1.00000,0.00000,0.00000
2680,127.69735,0.01557,Yakından incele · map,False,True,2.92000,3.20000,1.77900,1.00000,0.00000,0.00000
2681,127.71490,0.01755,Yakından incele · map,False,True,2.92000,3.20000,1.77900,1.00000,0.00000,0.00000
2682,127.73088,0.01598,Yakından incele · map,False,True,2.92000,3.20000,1.77900,1.00000,0.00000,0.00000
2683,127.74770,0.01682,Yakından incele · map,False,True,2.92000,3.20000,1.77900,1.00000,0.00000,0.00000
2684,127.76401,0.01631,Yakından incele · map,False,True,2.92000,3.20000,1.77900,1.00000,0.00000,0.00000
2685,127.78092,0.01691,Yakından incele · map,False,True,2.92000,3.20000,1.77900,1.00000,0.00000,0.00000
2686,127.79755,0.01663,Yakından incele · map,False,True,2.92000,3.20000,1.77900,1.00000,0.00000,0.00000
2687,127.81498,0.01743,Yakından incele · map,False,True,2.92000,3.20000,1.77900,1.00000,0.00000,0.00000
2688,127.83061,0.01563,Yakından incele · map,False,True,2.92000,3.20000,1.77900,1.00000,0.00000,0.00000
2689,127.84835,0.01774,Yakından incele · map,False,True,2.92000,3.20000,1.77900,1.00000,0.00000,0.00000
2690,127.86452,0.01616,Yakından incele · map,False,True,2.92000,3.20000,1.77900,1.00000,0.00000,0.00000
2691,127.88115,0.01663,Yakından incele · map,False,True,2.92000,3.20000,1.77900,1.00000,0.00000,0.00000
2692,127.89802,0.01687,Yakından incele · map,False,True,2.92000,3.20000,1.77900,1.00000,0.00000,0.00000
2693,127.91421,0.01620,Yakından incele · map,False,True,2.92000,3.20000,1.77900,1.00000,0.00000,0.00000
2694,127.93138,0.01717,Yakından incele · map,False,True,2.92000,3.20000,1.77900,1.00000,0.00000,0.00000
2695,127.94897,0.01759,Yakından incele · map,False,True,2.92000,3.20000,1.77900,1.00000,0.00000,0.00000
2696,127.96433,0.01536,Yakından incele · map,False,True,2.92000,3.20000,1.77900,1.00000,0.00000,0.00000
2697,127.98113,0.01680,Yakından incele · map,False,True,2.92000,3.20000,1.77900,1.00000,0.00000,0.00000
2698,127.99768,0.01655,Yakından incele · map,False,True,2.92000,3.20000,1.77900,1.00000,0.00000,0.00000
2699,128.01415,0.01647,Yakından incele · map,False,True,2.92000,3.20000,1.77900,1.00000,0.00000,0.00000
2700,128.03078,0.01663,Yakından incele · map,False,True,2.92000,3.20000,1.77900,1.00000,0.00000,0.00000
2701,128.04735,0.01657,Yakından incele · map,False,True,2.92000,3.20000,1.77900,1.00000,0.00000,0.00000
2702,128.06394,0.01659,Yakından incele · map,False,True,2.92000,3.20000,1.77900,1.00000,0.00000,0.00000
2703,128.08120,0.01726,Yakından incele · map,False,True,2.92000,3.20000,1.77900,1.00000,0.00000,0.00000
2704,128.09737,0.01617,Yakından incele · map,False,True,2.92000,3.20000,1.77900,1.00000,0.00000,0.00000
2705,128.11459,0.01722,Yakından incele · map,False,True,2.92000,3.20000,1.77900,1.00000,0.00000,0.00000
2706,128.13085,0.01626,Yakından incele · map,False,True,2.92000,3.20000,1.77900,1.00000,0.00000,0.00000
2707,128.14745,0.01660,Yakından incele · map,False,True,2.92000,3.20000,1.77900,1.00000,0.00000,0.00000
2708,128.16407,0.01662,Yakından incele · map,False,True,2.92000,3.20000,1.77900,1.00000,0.00000,0.00000
2709,128.18088,0.01681,Yakından incele · map,False,True,2.92000,3.20000,1.77900,1.00000,0.00000,0.00000
2710,128.19786,0.01698,Yakından incele · map,False,True,2.92000,3.20000,1.77900,1.00000,0.00000,0.00000
2711,128.21441,0.01656,Yakından incele · map,False,True,2.92000,3.20000,1.77900,1.00000,0.00000,0.00000
2712,128.23141,0.01699,Yakından incele · map,False,True,2.92000,3.20000,1.77900,1.00000,0.00000,0.00000
2713,128.24788,0.01647,Yakından incele · map,False,True,2.92000,3.20000,1.77900,1.00000,0.00000,0.00000
2714,128.26492,0.01705,Yakından incele · map,False,True,2.92000,3.20000,1.77900,1.00000,0.00000,0.00000
2715,128.28105,0.01612,Yakından incele · map,False,True,2.92000,3.20000,1.77900,1.00000,0.00000,0.00000
2716,128.29830,0.01725,Yakından incele · map,False,True,2.92000,3.20000,1.77900,1.00000,0.00000,0.00000
2717,128.31429,0.01599,Yakından incele · map,False,True,2.92000,3.20000,1.77900,1.00000,0.00000,0.00000
2718,128.33080,0.01652,Yakından incele · map,False,True,2.92000,3.20000,1.77900,1.00000,0.00000,0.00000
2719,128.34750,0.01670,Yakından incele · map,False,True,2.92000,3.20000,1.77900,1.00000,0.00000,0.00000
2720,128.36462,0.01712,Yakından incele · map,False,True,2.92000,3.20000,1.77900,1.00000,0.00000,0.00000
2721,128.38138,0.01675,Yakından incele · map,False,True,2.92000,3.20000,1.77900,1.00000,0.00000,0.00000
2722,128.39821,0.01684,Yakından incele · map,False,True,2.92000,3.20000,1.77900,1.00000,0.00000,0.00000
2723,128.41467,0.01646,Yakından incele · map,False,True,2.92000,3.20000,1.77900,1.00000,0.00000,0.00000
2724,128.43157,0.01690,Yakından incele · map,False,True,2.92000,3.20000,1.77900,1.00000,0.00000,0.00000
2725,128.44753,0.01596,Yakından incele · map,False,True,2.92000,3.20000,1.77900,1.00000,0.00000,0.00000
2726,128.46473,0.01720,Yakından incele · map,False,True,2.92000,3.20000,1.77900,1.00000,0.00000,0.00000
2727,128.48119,0.01646,Yakından incele · map,False,True,2.92000,3.20000,1.77900,1.00000,0.00000,0.00000
2728,128.49807,0.01688,Yakından incele · map,False,True,2.92000,3.20000,1.77900,1.00000,0.00000,0.00000
2729,128.51455,0.01648,Yakından incele · map,False,True,2.92000,3.20000,1.77900,1.00000,0.00000,0.00000
2730,128.53196,0.01741,Yakından incele · map,False,True,2.92000,3.20000,1.77900,1.00000,0.00000,0.00000
2731,128.54783,0.01587,Yakından incele · map,False,True,2.92000,3.20000,1.77900,1.00000,0.00000,0.00000
2732,128.56468,0.01685,Yakından incele · map,False,True,2.92000,3.20000,1.77900,1.00000,0.00000,0.00000
2733,128.58102,0.01634,Yakından incele · map,False,True,2.92000,3.20000,1.77900,1.00000,0.00000,0.00000
2734,128.59899,0.01796,Yakından incele · map,False,True,2.92000,3.20000,1.77900,1.00000,0.00000,0.00000
2735,128.61395,0.01497,Yakından incele · map,False,True,2.92000,3.20000,1.77900,1.00000,0.00000,0.00000
2736,128.63141,0.01746,Yakından incele · map,False,True,2.92000,3.20000,1.77900,1.00000,0.00000,0.00000
2737,128.64756,0.01615,Yakından incele · map,False,True,2.92000,3.20000,1.77900,1.00000,0.00000,0.00000
2738,128.66507,0.01751,Yakından incele · map,False,True,2.92000,3.20000,1.77900,1.00000,0.00000,0.00000
2739,128.68097,0.01590,Yakından incele · map,False,True,2.92000,3.20000,1.77900,1.00000,0.00000,0.00000
2740,128.69790,0.01694,Yakından incele · map,False,True,2.92000,3.20000,1.77900,1.00000,0.00000,0.00000
2741,128.71441,0.01650,Yakından incele · map,False,True,2.92000,3.20000,1.77900,1.00000,0.00000,0.00000
2742,128.73128,0.01687,Yakından incele · map,False,True,2.92000,3.20000,1.77900,1.00000,0.00000,0.00000
2743,128.74784,0.01656,Yakından incele · map,False,True,2.92000,3.20000,1.77900,1.00000,0.00000,0.00000
2744,128.76446,0.01662,Yakından incele · map,False,True,2.92000,3.20000,1.77900,1.00000,0.00000,0.00000
2745,128.78151,0.01705,Yakından incele · map,False,True,2.92000,3.20000,1.77900,1.00000,0.00000,0.00000
2746,128.79743,0.01592,Yakından incele · map,False,True,2.92000,3.20000,1.77900,1.00000,0.00000,0.00000
2747,128.81471,0.01728,Yakından incele · map,False,True,2.92000,3.20000,1.77900,1.00000,0.00000,0.00000
2748,128.83256,0.01785,Yakından incele · map,False,True,2.92000,3.20000,1.77900,1.00000,0.00000,0.00000
2749,128.84812,0.01556,Yakından incele · map,False,True,2.92000,3.20000,1.77900,1.00000,0.00000,0.00000
2750,128.86464,0.01652,Yakından incele · map,False,True,2.92000,3.20000,1.77900,1.00000,0.00000,0.00000
2751,128.88138,0.01674,Yakından incele · map,False,True,2.92000,3.20000,1.77900,1.00000,0.00000,0.00000
2752,128.89771,0.01633,Yakından incele · map,False,True,2.92000,3.20000,1.77900,1.00000,0.00000,0.00000
2753,128.91528,0.01756,Yakından incele · map,False,True,2.92000,3.20000,1.77900,1.00000,0.00000,0.00000
2754,128.93049,0.01521,Yakından incele · map,False,True,2.92000,3.20000,1.77900,1.00000,0.00000,0.00000
2755,128.94766,0.01717,Yakından incele · map,False,True,2.92000,3.20000,1.77900,1.00000,0.00000,0.00000
2756,128.96462,0.01697,Yakından incele · map,False,True,2.92000,3.20000,1.77900,1.00000,0.00000,0.00000
2757,128.98053,0.01590,Yakından incele · map,False,True,2.92000,3.20000,1.77900,1.00000,0.00000,0.00000
2758,128.99764,0.01711,Yakından incele · map,False,True,2.92000,3.20000,1.77900,1.00000,0.00000,0.00000
2759,129.01462,0.01697,Yakından incele · map,False,True,2.92000,3.20000,1.77900,1.00000,0.00000,0.00000
2760,129.03053,0.01592,Yakından incele · map,False,True,2.92000,3.20000,1.77900,1.00000,0.00000,0.00000
2761,129.04762,0.01708,Yakından incele · map,False,True,2.92000,3.20000,1.77900,1.00000,0.00000,0.00000
2762,129.06437,0.01675,Yakından incele · map,False,True,2.92000,3.20000,1.77900,1.00000,0.00000,0.00000
2763,129.08088,0.01651,Yakından incele · map,False,True,2.92000,3.20000,1.77900,1.00000,0.00000,0.00000
2764,129.09728,0.01640,Yakından incele · map,False,True,2.92000,3.20000,1.77900,1.00000,0.00000,0.00000
2765,129.11456,0.01728,Yakından incele · map,False,True,2.92000,3.20000,1.77900,1.00000,0.00000,0.00000
2766,129.13104,0.01647,Yakından incele · map,False,True,2.92000,3.20000,1.77900,1.00000,0.00000,0.00000
2767,129.14729,0.01626,Yakından incele · map,False,True,2.92000,3.20000,1.77900,1.00000,0.00000,0.00000
2768,129.16436,0.01707,Yakından incele · map,False,True,2.92000,3.20000,1.77900,1.00000,0.00000,0.00000
2769,129.18108,0.01672,Yakından incele · map,False,True,2.92000,3.20000,1.77900,1.00000,0.00000,0.00000
2770,129.19803,0.01695,Yakından incele · map,False,True,2.92000,3.20000,1.77900,1.00000,0.00000,0.00000
2771,129.21471,0.01668,Yakından incele · map,False,True,2.92000,3.20000,1.77900,1.00000,0.00000,0.00000
2772,129.23065,0.01593,Yakından incele · map,False,True,2.92000,3.20000,1.77900,1.00000,0.00000,0.00000
2773,129.24837,0.01773,Yakından incele · map,False,True,2.92000,3.20000,1.77900,1.00000,0.00000,0.00000
2774,129.26447,0.01610,Yakından incele · map,False,True,2.92000,3.20000,1.77900,1.00000,0.00000,0.00000
2775,129.28119,0.01672,Yakından incele · map,False,True,2.92000,3.20000,1.77900,1.00000,0.00000,0.00000
2776,129.29801,0.01681,Yakından incele · map,False,True,2.92000,3.20000,1.77900,1.00000,0.00000,0.00000
2777,129.31441,0.01640,Yakından incele · map,False,True,2.92000,3.20000,1.77900,1.00000,0.00000,0.00000
2778,129.33081,0.01640,Yakından incele · map,False,True,2.92000,3.20000,1.77900,1.00000,0.00000,0.00000
2779,129.34760,0.01679,Yakından incele · map,False,True,2.92000,3.20000,1.77900,1.00000,0.00000,0.00000
2780,129.36436,0.01677,Yakından incele · map,False,True,2.92000,3.20000,1.77900,1.00000,0.00000,0.00000
2781,129.38090,0.01654,Yakından incele · map,False,True,2.92000,3.20000,1.77900,1.00000,0.00000,0.00000
2782,129.39755,0.01665,Yakından incele · map,False,True,2.92000,3.20000,1.77900,1.00000,0.00000,0.00000
2783,129.41394,0.01639,Yakından incele · map,False,True,2.92000,3.20000,1.77900,1.00000,0.00000,0.00000
2784,129.43118,0.01724,Yakından incele · map,False,True,2.92000,3.20000,1.77900,1.00000,0.00000,0.00000
2785,129.44780,0.01662,Yakından incele · map,False,True,2.92000,3.20000,1.77900,1.00000,0.00000,0.00000
2786,129.46443,0.01663,Yakından incele · map,False,True,2.92000,3.20000,1.77900,1.00000,0.00000,0.00000
2787,129.48112,0.01669,Yakından incele · map,False,True,2.92000,3.20000,1.77900,1.00000,0.00000,0.00000
2788,129.49762,0.01650,Yakından incele · map,False,True,2.92000,3.20000,1.77900,1.00000,0.00000,0.00000
2789,129.51422,0.01660,Yakından incele · map,False,True,2.92000,3.20000,1.77900,1.00000,0.00000,0.00000
2790,129.53189,0.01767,Yakından incele · map,False,True,2.92000,3.20000,1.77900,1.00000,0.00000,0.00000
2791,129.54750,0.01560,Yakından incele · map,False,True,2.92000,3.20000,1.77900,1.00000,0.00000,0.00000
2792,129.56454,0.01704,Yakından incele · map,False,True,2.92000,3.20000,1.77900,1.00000,0.00000,0.00000
2793,129.58098,0.01645,Yakından incele · map,False,True,2.92000,3.20000,1.77900,1.00000,0.00000,0.00000
2794,129.59767,0.01669,Yakından incele · map,False,True,2.92000,3.20000,1.77900,1.00000,0.00000,0.00000
2795,129.61428,0.01661,Yakından incele · map,False,True,2.92000,3.20000,1.77900,1.00000,0.00000,0.00000
2796,129.63149,0.01721,Yakından incele · map,False,True,2.92000,3.20000,1.77900,1.00000,0.00000,0.00000
2797,129.64744,0.01595,Yakından incele · map,False,True,2.92000,3.20000,1.77900,1.00000,0.00000,0.00000
2798,129.66469,0.01724,Yakından incele · map,False,True,2.92000,3.20000,1.77900,1.00000,0.00000,0.00000
2799,129.68064,0.01595,Yakından incele · map,False,True,2.92000,3.20000,1.77900,1.00000,0.00000,0.00000
2800,129.69781,0.01718,Yakından incele · map,False,True,2.92000,3.20000,1.77900,1.00000,0.00000,0.00000
2801,129.71425,0.01644,Yakından incele · map,False,True,2.92000,3.20000,1.77900,1.00000,0.00000,0.00000
2802,129.73123,0.01697,Yakından incele · map,False,True,2.92000,3.20000,1.77900,1.00000,0.00000,0.00000
2803,129.74753,0.01630,Yakından incele · map,False,True,2.92000,3.20000,1.77900,1.00000,0.00000,0.00000
2804,129.76492,0.01739,Yakından incele · map,False,True,2.92000,3.20000,1.77900,1.00000,0.00000,0.00000
2805,129.78125,0.01632,Yakından incele · map,False,True,2.92000,3.20000,1.77900,1.00000,0.00000,0.00000
2806,129.79772,0.01647,Yakından incele · map,False,True,2.92000,3.20000,1.77900,1.00000,0.00000,0.00000
2807,129.81432,0.01660,Yakından incele · map,False,True,2.92000,3.20000,1.77900,1.00000,0.00000,0.00000
2808,129.83113,0.01681,Yakından incele · map,False,True,2.92000,3.20000,1.77900,1.00000,0.00000,0.00000
2809,129.84766,0.01653,Yakından incele · map,False,True,2.92000,3.20000,1.77900,1.00000,0.00000,0.00000
2810,129.86452,0.01686,Yakından incele · map,False,True,2.92000,3.20000,1.77900,1.00000,0.00000,0.00000
2811,129.88062,0.01610,Yakından incele · map,False,True,2.92000,3.20000,1.77900,1.00000,0.00000,0.00000
2812,129.89830,0.01768,Yakından incele · map,False,True,2.92000,3.20000,1.77900,1.00000,0.00000,0.00000
2813,129.91396,0.01566,Yakından incele · map,False,True,2.92000,3.20000,1.77900,1.00000,0.00000,0.00000
2814,129.93130,0.01734,Yakından incele · map,False,True,2.92000,3.20000,1.77900,1.00000,0.00000,0.00000
2815,129.94741,0.01611,Yakından incele · map,False,True,2.92000,3.20000,1.77900,1.00000,0.00000,0.00000
2816,129.96445,0.01704,Yakından incele · map,False,True,2.92000,3.20000,1.77900,1.00000,0.00000,0.00000
2817,129.98081,0.01637,Yakından incele · map,False,True,2.92000,3.20000,1.77900,1.00000,0.00000,0.00000
2818,129.99765,0.01683,Yakından incele · map,False,True,2.92000,3.20000,1.77900,1.00000,0.00000,0.00000
2819,130.01399,0.01634,Yakından incele · map,False,True,2.92000,3.20000,1.77900,1.00000,0.00000,0.00000
2820,130.03115,0.01716,Yakından incele · map,False,True,2.92000,3.20000,1.77900,1.00000,0.00000,0.00000
2821,130.04762,0.01646,Yakından incele · map,False,True,2.92000,3.20000,1.77900,1.00000,0.00000,0.00000
2822,130.06410,0.01648,Yakından incele · map,False,True,2.92000,3.20000,1.77900,1.00000,0.00000,0.00000
2823,130.08069,0.01660,Yakından incele · map,False,True,2.92000,3.20000,1.77900,1.00000,0.00000,0.00000
2824,130.09756,0.01687,Yakından incele · map,False,True,2.92000,3.20000,1.77900,1.00000,0.00000,0.00000
2825,130.11440,0.01684,Yakından incele · map,False,True,2.92000,3.20000,1.77900,1.00000,0.00000,0.00000
2826,130.13143,0.01703,Yakından incele · map,False,True,2.92000,3.20000,1.77900,1.00000,0.00000,0.00000
2827,130.14738,0.01595,Yakından incele · map,False,True,2.92000,3.20000,1.77900,1.00000,0.00000,0.00000
2828,130.16454,0.01717,Yakından incele · map,False,True,2.92000,3.20000,1.77900,1.00000,0.00000,0.00000
2829,130.18133,0.01679,Yakından incele · map,False,True,2.92000,3.20000,1.77900,1.00000,0.00000,0.00000
2830,130.19787,0.01654,Yakından incele · map,False,True,2.92000,3.20000,1.77900,1.00000,0.00000,0.00000
2831,130.21484,0.01698,Yakından incele · map,False,True,2.92000,3.20000,1.77900,1.00000,0.00000,0.00000
2832,130.23107,0.01623,Yakından incele · map,False,True,2.92000,3.20000,1.77900,1.00000,0.00000,0.00000
2833,130.24737,0.01630,Yakından incele · map,False,True,2.92000,3.20000,1.77900,1.00000,0.00000,0.00000
2834,130.26422,0.01685,Yakından incele · map,False,True,2.92000,3.20000,1.77900,1.00000,0.00000,0.00000
2835,130.28100,0.01678,Yakından incele · map,False,True,2.92000,3.20000,1.77900,1.00000,0.00000,0.00000
2836,130.29808,0.01708,Yakından incele · map,False,True,2.92000,3.20000,1.77900,1.00000,0.00000,0.00000
2837,130.31452,0.01644,Yakından incele · map,False,True,2.92000,3.20000,1.77900,1.00000,0.00000,0.00000
2838,130.33047,0.01595,Yakından incele · map,False,True,2.92000,3.20000,1.77900,1.00000,0.00000,0.00000
2839,130.34756,0.01709,Yakından incele · map,False,True,2.92000,3.20000,1.77900,1.00000,0.00000,0.00000
2840,130.36413,0.01656,Yakından incele · map,False,True,2.92000,3.20000,1.77900,1.00000,0.00000,0.00000
2841,130.38117,0.01704,Yakından incele · map,False,True,2.92000,3.20000,1.77900,1.00000,0.00000,0.00000
2842,130.39767,0.01651,Yakından incele · map,False,True,2.92000,3.20000,1.77900,1.00000,0.00000,0.00000
2843,130.41408,0.01640,Yakından incele · map,False,True,2.92000,3.20000,1.77900,1.00000,0.00000,0.00000
2844,130.43069,0.01661,Yakından incele · map,False,True,2.92000,3.20000,1.77900,1.00000,0.00000,0.00000
2845,130.44801,0.01732,Yakından incele · map,False,True,2.92000,3.20000,1.77900,1.00000,0.00000,0.00000
2846,130.46485,0.01684,Yakından incele · map,False,True,2.92000,3.20000,1.77900,1.00000,0.00000,0.00000
2847,130.48179,0.01695,Yakından incele · map,False,True,2.92000,3.20000,1.77900,1.00000,0.00000,0.00000
2848,130.49752,0.01573,Yakından incele · map,False,True,2.92000,3.20000,1.77900,1.00000,0.00000,0.00000
2849,130.51424,0.01672,Yakından incele · map,False,True,2.92000,3.20000,1.77900,1.00000,0.00000,0.00000
2850,130.53122,0.01698,Yakından incele · map,False,True,2.92000,3.20000,1.77900,1.00000,0.00000,0.00000
2851,130.54794,0.01671,Yakından incele · map,False,True,2.92000,3.20000,1.77900,1.00000,0.00000,0.00000
2852,130.56495,0.01701,Yakından incele · map,False,True,2.92000,3.20000,1.77900,1.00000,0.00000,0.00000
2853,130.58102,0.01607,Yakından incele · map,False,True,2.92000,3.20000,1.77900,1.00000,0.00000,0.00000
2854,130.59798,0.01695,Yakından incele · map,False,True,2.92000,3.20000,1.77900,1.00000,0.00000,0.00000
2855,130.61575,0.01777,Yakından incele · map,False,True,2.92000,3.20000,1.77900,1.00000,0.00000,0.00000
2856,130.63105,0.01530,Yakından incele · map,False,True,2.92000,3.20000,1.77900,1.00000,0.00000,0.00000
2857,130.64752,0.01647,Yakından incele · map,False,True,2.92000,3.20000,1.77900,1.00000,0.00000,0.00000
2858,130.66412,0.01660,Yakından incele · map,False,True,2.92000,3.20000,1.77900,1.00000,0.00000,0.00000
2859,130.68119,0.01707,Yakından incele · map,False,True,2.92000,3.20000,1.77900,1.00000,0.00000,0.00000
2860,130.69725,0.01606,Yakından incele · map,False,True,2.92000,3.20000,1.77900,1.00000,0.00000,0.00000
2861,130.71586,0.01862,Yakından incele · map,False,True,2.92000,3.20000,1.77900,1.00000,0.00000,0.00000
2862,130.73142,0.01556,Yakından incele · map,False,True,2.92000,3.20000,1.77900,1.00000,0.00000,0.00000
2863,130.74771,0.01628,Yakından incele · map,False,True,2.92000,3.20000,1.77900,1.00000,0.00000,0.00000
2864,130.76423,0.01652,Yakından incele · map,False,True,2.92000,3.20000,1.77900,1.00000,0.00000,0.00000
2865,130.78104,0.01681,Yakından incele · map,False,True,2.92000,3.20000,1.77900,1.00000,0.00000,0.00000
2866,130.79761,0.01657,Yakından incele · map,False,True,2.92000,3.20000,1.77900,1.00000,0.00000,0.00000
2867,130.81431,0.01670,Yakından incele · map,False,True,2.92000,3.20000,1.77900,1.00000,0.00000,0.00000
2868,130.83110,0.01679,Yakından incele · map,False,True,2.92000,3.20000,1.77900,1.00000,0.00000,0.00000
2869,130.84776,0.01666,Yakından incele · map,False,True,2.92000,3.20000,1.77900,1.00000,0.00000,0.00000
2870,130.86429,0.01653,Yakından incele · map,False,True,2.92000,3.20000,1.77900,1.00000,0.00000,0.00000
2871,130.88077,0.01647,Yakından incele · map,False,True,2.92000,3.20000,1.77900,1.00000,0.00000,0.00000
