frame,time,dt,camera,blending,ortho,x,y,z,size,step,rotationStep
0,436.02463,0.00000,Yakından incele · introCarry,False,False,-1.75000,2.70000,-5.85000,2.60000,0.00000,0.00000
1,436.03402,0.00939,Yakından incele · introCarry,False,False,-1.75000,2.70000,-5.85000,2.60000,0.00000,0.00000
2,436.04127,0.00725,Yakından incele · introCarry,False,False,-1.75000,2.70000,-5.85000,2.60000,0.00000,0.00000
3,436.05990,0.01863,Yakından incele · introCarry,False,False,-1.75000,2.70000,-5.85000,2.60000,0.00000,0.00000
4,436.07646,0.01656,Yakından incele · introCarry,False,False,-1.75000,2.70000,-5.85000,2.60000,0.00000,0.00000
5,436.09230,0.01584,Yakından incele · introCarry,False,False,-1.75000,2.70000,-5.85000,2.60000,0.00000,0.00000
6,436.10971,0.01741,Yakından incele · introCarry,False,False,-1.75000,2.70000,-5.85000,2.60000,0.00000,0.00000
7,436.12615,0.01644,Yakından incele · introCarry,False,False,-1.75000,2.70000,-5.85000,2.60000,0.00000,0.00000
8,436.14391,0.01776,Yakından incele · introCarry,False,False,-1.75000,2.70000,-5.85000,2.60000,0.00000,0.00000
9,436.15978,0.01587,Yakından incele · introCarry,False,False,-1.75000,2.70000,-5.85000,2.60000,0.00000,0.00000
10,436.17686,0.01708,Yakından incele · introCarry,False,False,-1.75000,2.70000,-5.85000,2.60000,0.00000,0.00000
11,436.19249,0.01563,Yakından incele · introCarry,False,False,-1.75000,2.70000,-5.85000,2.60000,0.00000,0.00000
12,436.21000,0.01751,Yakından incele · introCarry,False,False,-1.75000,2.70000,-5.85000,2.60000,0.00000,0.00000
13,436.22676,0.01676,Yakından incele · introCarry,False,False,-1.75000,2.70000,-5.85000,2.60000,0.00000,0.00000
14,436.24739,0.02063,Yakından incele · introCarry,False,False,-1.75000,2.70000,-5.85000,2.60000,0.00000,0.00000
15,436.26001,0.01262,Yakından incele · introCarry,False,False,-1.75000,2.70000,-5.85000,2.60000,0.00000,0.00000
16,436.27664,0.01663,Yakından incele · introCarry,False,False,-1.75000,2.70000,-5.85000,2.60000,0.00000,0.00000
17,436.29306,0.01642,Yakından incele · introCarry,False,False,-1.75000,2.70000,-5.85000,2.60000,0.00000,0.00000
18,436.31019,0.01713,Yakından incele · introCarry,False,False,-1.75000,2.70000,-5.85000,2.60000,0.00000,0.00000
19,436.32742,0.01723,Yakından incele · introCarry,False,False,-1.75000,2.70000,-5.85000,2.60000,0.00000,0.00000
20,436.34263,0.01521,Yakından incele · introCarry,False,False,-1.75000,2.70000,-5.85000,2.60000,0.00000,0.00000
21,436.36033,0.01770,Yakından incele · introCarry,False,False,-1.75000,2.70000,-5.85000,2.60000,0.00000,0.00000
22,436.38005,0.01972,Yakından incele · introCarry,False,False,-1.75000,2.70000,-5.85000,2.60000,0.00000,0.00000
23,436.44104,0.06098,Yakından incele · introCarry,False,False,-1.75000,2.70000,-5.85000,2.60000,0.00000,0.00000
24,436.46724,0.02620,Yakından incele · introCarry,False,False,-1.75000,2.70000,-5.85000,2.60000,0.00000,0.00000
25,436.48627,0.01903,Yakından incele · introCarry,False,False,-1.75000,2.70000,-5.85000,2.60000,0.00000,0.00000
26,436.52027,0.03400,Yakından incele · introCarry,False,False,-1.74864,2.69976,-5.84899,2.60000,0.00171,0.00000
27,436.55445,0.03419,Yakından incele · introCarry,False,False,-1.74407,2.69902,-5.84559,2.60000,0.00574,0.00000
28,436.58861,0.03415,Yakından incele · introCarry,False,False,-1.73433,2.69755,-5.83830,2.60000,0.01226,0.00000
29,436.62210,0.03350,Yakından incele · introCarry,False,False,-1.72016,2.69559,-5.82762,2.60000,0.01785,0.00000
30,436.65568,0.03358,Yakından incele · introCarry,False,False,-1.69894,2.69288,-5.81155,2.60000,0.02676,0.00000
31,436.68771,0.03202,Yakından incele · introCarry,False,False,-1.67280,2.68983,-5.79168,2.60000,0.03297,0.00000
32,436.71996,0.03225,Yakından incele · introCarry,False,False,-1.64092,2.68646,-5.76754,2.60000,0.04014,0.00000
33,436.75344,0.03348,Yakından incele · introCarry,False,False,-1.60526,2.68319,-5.74059,2.60000,0.04481,0.00000
34,436.78849,0.03506,Yakından incele · introCarry,False,False,-1.56545,2.68006,-5.71040,2.60000,0.05006,0.00000
35,436.82221,0.03372,Yakından incele · introCarry,False,False,-1.52324,2.67729,-5.67821,2.60000,0.05316,0.00000
36,436.85417,0.03196,Yakından incele · introCarry,False,False,-1.48304,2.67514,-5.64730,2.60000,0.05075,0.00000
37,436.88610,0.03193,Yakından incele · introCarry,False,False,-1.44140,2.67326,-5.61506,2.60000,0.05270,0.00000
38,436.91915,0.03305,Yakından incele · introCarry,False,False,-1.40034,2.67174,-5.58301,2.60000,0.05210,0.00000
39,436.95352,0.03437,Yakından incele · introCarry,False,False,-1.35637,2.67034,-5.54843,2.60000,0.05596,0.00000
40,436.98699,0.03347,Yakından incele · introCarry,False,False,-1.31228,2.66927,-5.51419,2.60000,0.05584,0.00000
41,437.02020,0.03321,Yakından incele · introCarry,False,False,-1.26919,2.66847,-5.48090,2.60000,0.05446,0.00000
42,437.05314,0.03295,Yakından incele · introCarry,False,False,-1.22497,2.66777,-5.44667,2.60000,0.05592,0.00000
43,437.08648,0.03334,Yakından incele · introCarry,False,False,-1.18210,2.66724,-5.41318,2.60000,0.05441,0.00000
44,437.13331,0.04684,Yakından incele · introCarry,False,False,-1.13914,2.66679,-5.37760,2.60000,0.05577,0.00000
45,437.16798,0.03467,Yakından incele · introCarry,False,False,-1.08082,2.66626,-5.32657,2.60000,0.07750,0.00000
46,437.18629,0.01831,Yakından incele · introCarry,False,False,-1.06277,2.66699,-5.31013,2.60000,0.02442,0.00000
47,437.21924,0.03295,Yakından incele · introCarry,False,False,-1.03305,2.66822,-5.28223,2.60000,0.04079,0.00000
48,437.25245,0.03321,Yakından incele · introCarry,False,False,-1.00782,2.67012,-5.25745,2.60000,0.03541,0.00000
49,437.28687,0.03442,Yakından incele · introCarry,False,False,-0.98893,2.67261,-5.23768,2.60000,0.02746,0.00000
50,437.32064,0.03377,Yakından incele · introCarry,False,False,-0.97540,2.67581,-5.22191,2.60000,0.02103,0.00000
51,437.35282,0.03218,Yakından incele · introCarry,False,False,-0.96906,2.67926,-5.21239,2.60000,0.01194,0.00000
52,437.38725,0.03443,Yakından incele · introCarry,False,False,-0.96891,2.68322,-5.20785,2.60000,0.00603,0.00000
53,437.42079,0.03353,Yakından incele · introCarry,False,False,-0.97576,2.68770,-5.20895,2.60000,0.00825,0.00000
54,437.45322,0.03243,Yakından incele · introCarry,False,False,-0.98823,2.69210,-5.21520,2.60000,0.01463,0.00000
55,437.48610,0.03289,Yakından incele · introCarry,False,False,-1.00819,2.69699,-5.22756,2.60000,0.02398,0.00000
56,437.51953,0.03342,Yakından incele · introCarry,False,False,-1.03362,2.70184,-5.24480,2.60000,0.03110,0.00000
57,437.55306,0.03353,Yakından incele · introCarry,False,False,-1.06726,2.70710,-5.26884,2.60000,0.04168,0.00000
58,437.58646,0.03340,Yakından incele · introCarry,False,False,-1.10266,2.71166,-5.29483,2.60000,0.04415,0.00000
59,437.62024,0.03378,Yakından incele · introCarry,False,False,-1.14345,2.71603,-5.32536,2.60000,0.05114,0.00000
60,437.65268,0.03244,Yakından incele · introCarry,False,False,-1.18282,2.71947,-5.35523,2.60000,0.04953,0.00000
61,437.68535,0.03266,Yakından incele · introCarry,False,False,-1.22492,2.72253,-5.38749,2.60000,0.05312,0.00000
62,437.71977,0.03442,Yakından incele · introCarry,False,False,-1.26725,2.72503,-5.42017,2.60000,0.05354,0.00000
63,437.75460,0.03484,Yakından incele · introCarry,False,False,-1.31199,2.72719,-5.45493,2.60000,0.05670,0.00000
64,437.78745,0.03285,Yakından incele · introCarry,False,False,-1.35634,2.72890,-5.48955,2.60000,0.05629,0.00000
65,437.82015,0.03270,Yakından incele · introCarry,False,False,-1.39861,2.73017,-5.52270,2.60000,0.05373,0.00000
66,437.85345,0.03331,Yakından incele · introCarry,False,False,-1.44320,2.73130,-5.55775,2.60000,0.05674,0.00000
67,437.88651,0.03306,Yakından incele · introCarry,False,False,-1.48649,2.73215,-5.59188,2.60000,0.05513,0.00000
68,437.91995,0.03344,Yakından incele · introCarry,False,False,-1.53117,2.73288,-5.62715,2.60000,0.05693,0.00000
69,437.95291,0.03296,Yakından incele · introCarry,False,False,-1.57496,2.73343,-5.66179,2.60000,0.05584,0.00000
70,437.98681,0.03390,Yakından incele · introCarry,False,False,-1.61909,2.73388,-5.69673,2.60000,0.05628,0.00000
71,438.02020,0.03339,Yakından incele · introCarry,False,False,-1.66432,2.73426,-5.73257,2.60000,0.05771,0.00000
72,438.05350,0.03330,Yakından incele · introCarry,False,False,-1.70767,2.73451,-5.76697,2.60000,0.05535,0.00000
73,438.08692,0.03341,Yakından incele · introCarry,False,False,-1.75299,2.73477,-5.80292,2.60000,0.05784,0.00000
74,438.12071,0.03380,Yakından incele · introCarry,False,False,-1.79640,2.73492,-5.83741,2.60000,0.05544,0.00000
75,438.15507,0.03435,Yakından incele · introCarry,False,False,-1.84269,2.73511,-5.87416,2.60000,0.05911,0.00000
76,438.18738,0.03232,Yakından incele · introCarry,False,False,-1.88609,2.73518,-5.90866,2.60000,0.05544,0.00000
77,438.21950,0.03212,Yakından incele · introCarry,False,False,-1.92970,2.73525,-5.94333,2.60000,0.05571,0.00000
78,438.25272,0.03321,Yakından incele · introCarry,False,False,-1.97302,2.73530,-5.97777,2.60000,0.05534,0.00000
79,438.28675,0.03404,Yakından incele · introCarry,False,False,-2.01813,2.73539,-6.01363,2.60000,0.05763,0.00000
80,438.31988,0.03312,Yakından incele · introCarry,False,False,-2.06292,2.73545,-6.04924,2.60000,0.05723,0.00000
81,438.35344,0.03357,Yakından incele · introCarry,False,False,-2.10654,2.73546,-6.08393,2.60000,0.05573,0.00000
82,438.38695,0.03351,Yakından incele · introCarry,False,False,-2.15203,2.73552,-6.12010,2.60000,0.05811,0.00000
83,438.41920,0.03224,Yakından incele · introCarry,False,False,-2.19532,2.73551,-6.15455,2.60000,0.05533,0.00000
84,438.45279,0.03360,Yakından incele · introCarry,False,False,-2.23912,2.73552,-6.18938,2.60000,0.05596,0.00000
85,438.48647,0.03368,Yakından incele · introCarry,False,False,-2.28443,2.73556,-6.22541,2.60000,0.05790,0.00000
86,438.51922,0.03275,Yakından incele · introCarry,False,False,-2.32839,2.73556,-6.26039,2.60000,0.05617,0.00000
87,438.55297,0.03375,Yakından incele · introCarry,False,False,-2.37214,2.73556,-6.29519,2.60000,0.05591,0.00000
88,438.58643,0.03346,Yakından incele · introCarry,False,False,-2.41776,2.73560,-6.33147,2.60000,0.05829,0.00000
89,438.61965,0.03321,Yakından incele · introCarry,False,False,-2.46108,2.73557,-6.36594,2.60000,0.05536,0.00000
90,438.65256,0.03292,Yakından incele · introCarry,False,False,-2.50638,2.73560,-6.40196,2.60000,0.05788,0.00000
91,438.68615,0.03359,Yakından incele · introCarry,False,False,-2.54915,2.73556,-6.43600,2.60000,0.05467,0.00000
92,438.72012,0.03397,Yakından incele · introCarry,False,False,-2.59527,2.73562,-6.47267,2.60000,0.05892,0.00000
93,438.75274,0.03262,Yakından incele · introCarry,False,False,-2.63886,2.73559,-6.50736,2.60000,0.05571,0.00000
94,438.78567,0.03293,Yakından incele · introCarry,False,False,-2.68289,2.73559,-6.54239,2.60000,0.05626,0.00000
95,438.81893,0.03326,Yakından incele · introCarry,False,False,-2.72692,2.73558,-6.57741,2.60000,0.05626,0.00000
96,438.85375,0.03482,Yakından incele · introCarry,False,False,-2.77149,2.73560,-6.61286,2.60000,0.05695,0.00000
97,438.88736,0.03361,Yakından incele · introCarry,False,False,-2.81797,2.73564,-6.64983,2.60000,0.05939,0.00000
98,438.91942,0.03206,Yakından incele · introCarry,False,False,-2.86056,2.73558,-6.68373,2.60000,0.05443,0.00000
99,438.95345,0.03403,Yakından incele · introCarry,False,False,-2.90446,2.73558,-6.71866,2.60000,0.05610,0.00000
100,438.98683,0.03338,Yakından incele · introCarry,False,False,-2.95057,2.73562,-6.75532,2.60000,0.05891,0.00000
101,439.01965,0.03282,Yakından incele · introCarry,False,False,-2.99315,2.73558,-6.78922,2.60000,0.05443,0.00000
102,439.05361,0.03396,Yakından incele · introCarry,False,False,-3.03833,2.73560,-6.82514,2.60000,0.05772,0.00000
103,439.08684,0.03323,Yakından incele · introCarry,False,False,-3.08170,2.73540,-6.85972,2.60000,0.05547,0.00000
104,439.12030,0.03346,Yakından incele · introCarry,False,False,-3.12243,2.73489,-6.89230,2.60000,0.05217,0.00000
105,439.15439,0.03409,Yakından incele · introCarry,False,False,-3.16185,2.73407,-6.92396,2.60000,0.05056,0.00000
106,439.18778,0.03339,Yakından incele · introCarry,False,False,-3.19814,2.73292,-6.95324,2.60000,0.04665,0.00000
107,439.21995,0.03217,Yakından incele · introCarry,False,False,-3.23036,2.73151,-6.97938,2.60000,0.04151,0.00000
108,439.25488,0.03492,Yakından incele · intro,True,False,-3.25335,2.72764,-6.98436,2.59558,0.02383,0.48295
109,439.29042,0.03555,Yakından incele · intro,True,False,-3.23364,2.72035,-6.92312,2.58110,0.06474,1.58359
110,439.32306,0.03263,Yakından incele · intro,True,False,-3.20406,2.70942,-6.83125,2.55937,0.09714,2.37656
111,439.35634,0.03329,Yakından incele · intro,True,False,-3.16471,2.69487,-6.70901,2.53045,0.12924,3.16255
112,439.38935,0.03301,Yakından incele · intro,True,False,-3.11422,2.67620,-6.55213,2.49335,0.16586,4.05863
113,439.42140,0.03205,Yakından incele · intro,True,False,-3.05807,2.65544,-6.37769,2.45209,0.18442,4.51275
114,439.45489,0.03349,Yakından incele · intro,True,False,-2.99245,2.63118,-6.17385,2.40387,0.21552,5.27386
115,439.48915,0.03426,Yakından incele · intro,True,False,-2.91866,2.60390,-5.94459,2.34964,0.24238,5.93154
116,439.52213,0.03298,Yakından incele · intro,True,False,-2.83808,2.57411,-5.69428,2.29044,0.26464,6.47631
117,439.55447,0.03234,Yakından incele · intro,True,False,-2.75585,2.54371,-5.43880,2.23001,0.27010,6.61011
118,439.58921,0.03474,Yakından incele · intro,True,False,-2.66658,2.51070,-5.16148,2.16441,0.29320,7.17527
119,439.62300,0.03379,Yakından incele · intro,True,False,-2.56896,2.47461,-4.85820,2.09268,0.32064,7.84662
120,439.65539,0.03240,Yakından incele · intro,True,False,-2.47619,2.44031,-4.57001,2.02451,0.30470,7.45640
121,439.68888,0.03349,Yakından incele · intro,True,False,-2.37685,2.40358,-4.26138,1.95151,0.32629,7.98516
122,439.72211,0.03323,Yakından incele · intro,True,False,-2.27797,2.36703,-3.95419,1.87885,0.32478,7.94799
123,439.76441,0.04230,Yakından incele · intro,True,False,-2.14906,2.31937,-3.55372,1.78413,0.42339,10.36117
124,439.79782,0.03340,Yakından incele · intro,True,False,-2.05057,2.28295,-3.24774,1.71175,0.32350,7.91669
125,439.83114,0.03332,Yakından incele · intro,True,False,-1.95017,2.24583,-2.93583,1.63798,0.32977,8.07005
126,439.86469,0.03356,Yakından incele · intro,True,False,-1.85486,2.21060,-2.63976,1.56795,0.31302,7.66023
127,439.89839,0.03369,Yakından incele · intro,True,False,-1.75962,2.17538,-2.34386,1.49796,0.31284,7.65553
128,439.93205,0.03366,Yakından incele · intro,True,False,-1.66988,2.14221,-2.06507,1.43202,0.29475,7.21293
129,439.96570,0.03365,Yakından incele · intro,True,False,-1.58326,2.11018,-1.79600,1.36837,0.28448,6.96164
130,439.99882,0.03312,Yakından incele · intro,True,False,-1.50329,2.08062,-1.54755,1.30961,0.26267,6.42788
131,440.03162,0.03280,Yakından incele · intro,True,False,-1.42946,2.05332,-1.31817,1.25535,0.24251,5.93471
132,440.06446,0.03284,Yakından incele · intro,True,False,-1.36310,2.02879,-1.11204,1.20659,0.21794,5.33321
133,440.09830,0.03384,Yakından incele · intro,True,False,-1.30369,2.00682,-0.92747,1.16294,0.19514,4.77523
134,440.13160,0.03330,Yakından incele · intro,True,False,-1.25191,1.98768,-0.76659,1.12488,0.17008,4.16205
135,440.16466,0.03306,Yakından incele · intro,True,False,-1.21076,1.97246,-0.63876,1.09465,0.13515,3.30702
136,440.19892,0.03426,Yakından incele · intro,True,False,-1.17925,1.96081,-0.54087,1.07149,0.10350,2.53250
137,440.23191,0.03299,Yakından incele · intro,True,False,-1.15865,1.95320,-0.47686,1.05635,0.06768,1.65512
138,440.26401,0.03210,Yakından incele · intro,True,False,-1.15026,1.95010,-0.45081,1.05019,0.02754,0.67376
139,440.29730,0.03329,Yakından incele · intro,False,False,-1.15000,1.95000,-0.45000,1.05000,0.00085,0.00000
140,440.33285,0.03555,Yakından incele · intro,False,False,-1.15000,1.95000,-0.45000,1.05000,0.00000,0.00000
141,440.36773,0.03488,Yakından incele · intro,False,False,-1.15000,1.95000,-0.45000,1.05000,0.00000,0.00000
142,440.50022,0.13249,Yakından incele · intro,False,False,-1.15000,1.95000,-0.45000,1.05000,0.00000,0.00000
143,440.50946,0.00924,Yakından incele · intro,False,False,-1.15000,1.95000,-0.45000,1.05000,0.00000,0.00000
144,440.51796,0.00850,Yakından incele · intro,False,False,-1.15000,1.95000,-0.45000,1.05000,0.00000,0.00000
145,440.54090,0.02294,Yakından incele · intro,False,False,-1.15000,1.95000,-0.45000,1.05000,0.00000,0.00000
146,440.56650,0.02559,Yakından incele · intro,False,False,-1.15000,1.95000,-0.45000,1.05000,0.00000,0.00000
147,440.59808,0.03158,Yakından incele · intro,False,False,-1.15000,1.95000,-0.45000,1.05000,0.00000,0.00000
148,440.63183,0.03376,Yakından incele · intro,False,False,-1.15000,1.95000,-0.45000,1.05000,0.00000,0.00000
149,440.66559,0.03376,Yakından incele · intro,False,False,-1.15000,1.95000,-0.45000,1.05000,0.00000,0.00000
150,440.71675,0.05116,Yakından incele · intro,False,False,-1.15000,1.95000,-0.45000,1.05000,0.00000,0.00000
151,440.73271,0.01596,Yakından incele · intro,False,False,-1.15000,1.95000,-0.45000,1.05000,0.00000,0.00000
152,440.76561,0.03289,Yakından incele · intro,False,False,-1.15000,1.95000,-0.45000,1.05000,0.00000,0.00000
153,440.79781,0.03220,Yakından incele · intro,False,False,-1.15000,1.95000,-0.45000,1.05000,0.00000,0.00000
154,440.83197,0.03416,Yakından incele · intro,False,False,-1.15000,1.95000,-0.45000,1.05000,0.00000,0.00000
155,440.86674,0.03477,Yakından incele · intro,False,False,-1.15000,1.95000,-0.45000,1.05000,0.00000,0.00000
156,440.89907,0.03233,Yakından incele · intro,False,False,-1.15000,1.95000,-0.45000,1.05000,0.00000,0.00000
157,440.93436,0.03530,Yakından incele · intro,False,False,-1.15000,1.95000,-0.45000,1.05000,0.00000,0.00000
158,440.96637,0.03200,Yakından incele · intro,False,False,-1.15000,1.95000,-0.45000,1.05000,0.00000,0.00000
159,440.99961,0.03324,Yakından incele · intro,False,False,-1.15000,1.95000,-0.45000,1.05000,0.00000,0.00000
160,441.03229,0.03268,Yakından incele · intro,False,False,-1.15000,1.95000,-0.45000,1.05000,0.00000,0.00000
161,441.06492,0.03263,Yakından incele · intro,False,False,-1.15000,1.95000,-0.45000,1.05000,0.00000,0.00000
162,441.09959,0.03467,Yakından incele · intro,False,False,-1.15000,1.95000,-0.45000,1.05000,0.00000,0.00000
163,441.13370,0.03410,Yakından incele · intro,False,False,-1.15000,1.95000,-0.45000,1.05000,0.00000,0.00000
164,441.16667,0.03297,Yakından incele · intro,False,False,-1.15000,1.95000,-0.45000,1.05000,0.00000,0.00000
165,441.19981,0.03315,Yakından incele · intro,False,False,-1.15000,1.95000,-0.45000,1.05000,0.00000,0.00000
166,441.23253,0.03271,Yakından incele · intro,False,False,-1.15000,1.95000,-0.45000,1.05000,0.00000,0.00000
167,441.26687,0.03434,Yakından incele · intro,False,False,-1.15000,1.95000,-0.45000,1.05000,0.00000,0.00000
168,441.30047,0.03360,Yakından incele · intro,False,False,-1.15000,1.95000,-0.45000,1.05000,0.00000,0.00000
169,441.33225,0.03179,Yakından incele · intro,False,False,-1.15000,1.95000,-0.45000,1.05000,0.00000,0.00000
170,441.36497,0.03272,Yakından incele · intro,False,False,-1.15000,1.95000,-0.45000,1.05000,0.00000,0.00000
171,441.39933,0.03436,Yakından incele · intro,False,False,-1.15000,1.95000,-0.45000,1.05000,0.00000,0.00000
172,441.43347,0.03413,Yakından incele · intro,False,False,-1.15000,1.95000,-0.45000,1.05000,0.00000,0.00000
173,441.46770,0.03423,Yakından incele · intro,False,False,-1.15000,1.95000,-0.45000,1.05000,0.00000,0.00000
174,441.49983,0.03213,Yakından incele · intro,False,False,-1.15000,1.95000,-0.45000,1.05000,0.00000,0.00000
175,441.53254,0.03271,Yakından incele · intro,False,False,-1.15000,1.95000,-0.45000,1.05000,0.00000,0.00000
176,441.56585,0.03331,Yakından incele · intro,False,False,-1.15000,1.95000,-0.45000,1.05000,0.00000,0.00000
177,441.60312,0.03727,Yakından incele · introCarry,True,False,-1.15752,1.95260,-0.47295,1.05538,0.02429,0.58684
178,441.63447,0.03135,Yakından incele · introCarry,True,False,-1.17595,1.95898,-0.52916,1.06856,0.05950,1.44182
179,441.66837,0.03391,Yakından incele · introCarry,True,False,-1.20643,1.96953,-0.62212,1.09036,0.09839,2.38412
180,441.70121,0.03284,Yakından incele · introCarry,True,False,-1.24786,1.98387,-0.74848,1.12000,0.13375,3.24127
181,441.73413,0.03292,Yakından incele · introCarry,True,False,-1.29813,2.00127,-0.90181,1.15595,0.16230,3.93345
182,441.76603,0.03190,Yakından incele · introCarry,True,False,-1.35717,2.02170,-1.08190,1.19818,0.19062,4.61956
183,441.79873,0.03269,Yakından incele · introCarry,True,False,-1.42260,2.04435,-1.28146,1.24498,0.21123,5.11897
184,441.83330,0.03458,Yakından incele · introCarry,True,False,-1.49917,2.07085,-1.51501,1.29975,0.24721,5.99091
185,441.86715,0.03385,Yakından incele · introCarry,True,False,-1.58076,2.09909,-1.76387,1.35811,0.26341,6.38375
186,441.89983,0.03268,Yakından incele · introCarry,True,False,-1.66877,2.12955,-2.03230,1.42106,0.28413,6.88575
187,441.93211,0.03228,Yakından incele · introCarry,True,False,-1.75769,2.16032,-2.30352,1.48466,0.28708,6.95703
188,441.96601,0.03390,Yakından incele · introCarry,True,False,-1.85327,2.19340,-2.59504,1.55302,0.30856,7.47769
189,441.99979,0.03378,Yakından incele · introCarry,True,False,-1.95397,2.22825,-2.90218,1.62505,0.32510,7.87860
190,442.03307,0.03328,Yakından incele · introCarry,True,False,-2.05430,2.26298,-3.20821,1.69682,0.32392,7.85012
191,442.06585,0.03278,Yakından incele · introCarry,True,False,-2.15719,2.29858,-3.52201,1.77041,0.33216,8.04964
192,442.09872,0.03287,Yakından incele · introCarry,True,False,-2.25825,2.33356,-3.83027,1.84270,0.32628,7.90738
193,442.13342,0.03470,Yakından incele · introCarry,True,False,-2.36191,2.36944,-4.14642,1.91683,0.33464,8.10985
194,442.16696,0.03354,Yakından incele · introCarry,True,False,-2.46736,2.40593,-4.46806,1.99226,0.34044,8.25033
195,442.19919,0.03223,Yakından incele · introCarry,True,False,-2.56452,2.43956,-4.76440,2.06175,0.31368,7.60162
196,442.23333,0.03414,Yakından incele · introCarry,True,False,-2.66109,2.47298,-5.05898,2.13083,0.31180,7.55615
197,442.26663,0.03330,Yakından incele · introCarry,True,False,-2.75849,2.50669,-5.35603,2.20050,0.31443,7.61994
198,442.29905,0.03242,Yakından incele · introCarry,True,False,-2.84356,2.53613,-5.61551,2.26134,0.27465,6.65592
199,442.33341,0.03436,Yakından incele · introCarry,True,False,-2.92970,2.56595,-5.87826,2.32296,0.27811,6.74010
200,442.36692,0.03351,Yakından incele · introCarry,True,False,-3.00817,2.59311,-6.11760,2.37909,0.25334,6.13964
201,442.39962,0.03270,Yakından incele · introCarry,True,False,-3.07949,2.61779,-6.33512,2.43010,0.23024,5.57945
202,442.43246,0.03284,Yakından incele · introCarry,True,False,-3.14159,2.63928,-6.52455,2.47452,0.20050,4.85861
203,442.47777,0.04532,Yakından incele · introCarry,True,False,-3.19723,2.65854,-6.69424,2.51431,0.17962,4.35256
204,442.51166,0.03388,Yakından incele · introCarry,True,False,-3.25652,2.67906,-6.87506,2.55672,0.19140,4.63800
205,442.53371,0.02205,Yakından incele · introCarry,True,False,-3.27891,2.68681,-6.94338,2.57274,0.07231,1.75117
206,442.56633,0.03263,Yakından incele · introCarry,True,False,-3.30304,2.69516,-7.01697,2.59000,0.07789,1.88672
207,442.59975,0.03342,Yakından incele · introCarry,True,False,-3.31541,2.69944,-7.05469,2.59884,0.03992,0.96590
208,442.63359,0.03384,Yakından incele · introCarry,False,False,-3.31703,2.70000,-7.05963,2.60000,0.00524,0.00000
209,442.67287,0.03928,Yakından incele · introCarry,False,False,-3.31703,2.70000,-7.05963,2.60000,0.00000,0.00000
210,442.72150,0.04863,Yakından incele · introCarry,False,False,-3.31013,2.69953,-7.05873,2.60000,0.00697,0.00000
211,442.73493,0.01343,Yakından incele · introCarry,False,False,-3.30711,2.69935,-7.05833,2.60000,0.00305,0.00000
212,442.76740,0.03247,Yakından incele · introCarry,False,False,-3.29300,2.69847,-7.05645,2.60000,0.01427,0.00000
213,442.80092,0.03353,Yakından incele · introCarry,False,False,-3.27098,2.69722,-7.05346,2.60000,0.02225,0.00000
214,442.83430,0.03337,Yakından incele · introCarry,False,False,-3.24153,2.69570,-7.04940,2.60000,0.02977,0.00000
215,442.86783,0.03354,Yakından incele · introCarry,False,False,-3.20287,2.69387,-7.04399,2.60000,0.03908,0.00000
216,442.90258,0.03475,Yakından incele · introCarry,False,False,-3.15905,2.69203,-7.03776,2.60000,0.04430,0.00000
217,442.93507,0.03249,Yakından incele · introCarry,False,False,-3.10906,2.69020,-7.03053,2.60000,0.05055,0.00000
218,442.96786,0.03280,Yakından incele · introCarry,False,False,-3.06151,2.68875,-7.02352,2.60000,0.04808,0.00000
219,443.00238,0.03451,Yakından incele · introCarry,False,False,-3.00602,2.68729,-7.01524,2.60000,0.05613,0.00000
220,443.03497,0.03259,Yakından incele · introCarry,False,False,-2.95310,2.68616,-7.00722,2.60000,0.05353,0.00000
221,443.08034,0.04538,Yakından incele · introCarry,False,False,-2.87521,2.68469,-6.99534,2.60000,0.07881,0.00000
222,443.11368,0.03334,Yakından incele · introCarry,False,False,-2.82259,2.68421,-6.98707,2.60000,0.05327,0.00000
223,443.14628,0.03260,Yakından incele · introCarry,False,False,-2.77340,2.68399,-6.97925,2.60000,0.04981,0.00000
224,443.17915,0.03287,Yakından incele · introCarry,False,False,-2.72636,2.68399,-6.97167,2.60000,0.04765,0.00000
225,443.21431,0.03516,Yakından incele · introCarry,False,False,-2.67937,2.68420,-6.96401,2.60000,0.04761,0.00000
226,443.24448,0.03017,Yakından incele · introCarry,False,False,-2.63862,2.68453,-6.95855,2.60000,0.04111,0.00000
227,443.27824,0.03376,Yakından incele · introCarry,False,False,-2.58963,2.68487,-6.95420,2.60000,0.04919,0.00000
228,443.31211,0.03387,Yakından incele · introCarry,False,False,-2.53611,2.68522,-6.95106,2.60000,0.05361,0.00000
229,443.34542,0.03331,Yakından incele · introCarry,False,False,-2.48354,2.68555,-6.94888,2.60000,0.05262,0.00000
230,443.37850,0.03308,Yakından incele · introCarry,False,False,-2.42790,2.68584,-6.94721,2.60000,0.05567,0.00000
231,443.41080,0.03230,Yakından incele · introCarry,False,False,-2.37408,2.68610,-6.94595,2.60000,0.05384,0.00000
232,443.44472,0.03391,Yakından incele · introCarry,False,False,-2.31861,2.68631,-6.94490,2.60000,0.05548,0.00000
233,443.47854,0.03382,Yakından incele · introCarry,False,False,-2.26082,2.68648,-6.94400,2.60000,0.05780,0.00000
234,443.51353,0.03499,Yakından incele · introCarry,False,False,-2.20507,2.68663,-6.94323,2.60000,0.05575,0.00000
235,443.55202,0.03849,Yakından incele · introCarry,False,False,-2.13387,2.68668,-6.94240,2.60000,0.07121,0.00000
236,443.59776,0.04574,Yakından incele · introCarry,False,False,-2.06064,2.68702,-6.94146,2.60000,0.07323,0.00000
237,443.61139,0.01363,Yakından incele · introCarry,False,False,-2.04324,2.68735,-6.94113,2.60000,0.01741,0.00000
238,443.64447,0.03308,Yakından incele · introCarry,False,False,-2.00234,2.68805,-6.94038,2.60000,0.04091,0.00000
239,443.67859,0.03411,Yakından incele · introCarry,False,False,-1.96771,2.68894,-6.93961,2.60000,0.03465,0.00000
240,443.71187,0.03328,Yakından incele · introCarry,False,False,-1.94070,2.69004,-6.93883,2.60000,0.02704,0.00000
241,443.74489,0.03302,Yakından incele · introCarry,False,False,-1.92293,2.69124,-6.93809,2.60000,0.01783,0.00000
242,443.77899,0.03410,Yakından incele · introCarry,False,False,-1.91085,2.69255,-6.93736,2.60000,0.01217,0.00000
243,443.81249,0.03350,Yakından incele · introCarry,False,False,-1.90309,2.69377,-6.93671,2.60000,0.00789,0.00000
244,443.84487,0.03239,Yakından incele · introCarry,False,False,-1.89816,2.69484,-6.93616,2.60000,0.00507,0.00000
245,443.87775,0.03287,Yakından incele · introCarry,False,False,-1.89495,2.69576,-6.93569,2.60000,0.00338,0.00000
246,443.91238,0.03464,Yakından incele · introCarry,False,False,-1.89280,2.69656,-6.93530,2.60000,0.00232,0.00000
247,443.94632,0.03394,Yakından incele · introCarry,False,False,-1.89135,2.69725,-6.93496,2.60000,0.00165,0.00000
248,443.97895,0.03262,Yakından incele · introCarry,False,False,-1.89047,2.69777,-6.93471,2.60000,0.00105,0.00000
249,444.01271,0.03377,Yakından incele · introCarry,False,False,-1.88986,2.69822,-6.93449,2.60000,0.00079,0.00000
250,444.04542,0.03271,Yakından incele · introCarry,False,False,-1.88946,2.69858,-6.93432,2.60000,0.00056,0.00000
251,444.07851,0.03308,Yakından incele · introCarry,False,False,-1.88920,2.69886,-6.93418,2.60000,0.00041,0.00000
252,444.11124,0.03273,Yakından incele · introCarry,False,False,-1.88902,2.69910,-6.93407,2.60000,0.00031,0.00000
253,444.14606,0.03482,Yakından incele · introCarry,False,False,-1.88889,2.69926,-6.93395,2.60000,0.00024,0.00000
254,444.18125,0.03519,Yakından incele · introCarry,False,False,-1.88881,2.69942,-6.93389,2.60000,0.00019,0.00000
255,444.22977,0.04852,Yakından incele · introCarry,False,False,-1.88874,2.69959,-6.93382,2.60000,0.00019,0.00000
256,444.24860,0.01883,Yakından incele · introCarry,False,False,-1.88723,2.69956,-6.93382,2.60000,0.00151,0.00000
257,444.28152,0.03293,Yakından incele · introCarry,False,False,-1.87886,2.69926,-6.93389,2.60000,0.00838,0.00000
258,444.31434,0.03281,Yakından incele · introCarry,False,False,-1.86437,2.69872,-6.93401,2.60000,0.01450,0.00000
259,444.34740,0.03307,Yakından incele · introCarry,False,False,-1.84251,2.69795,-6.93417,2.60000,0.02188,0.00000
260,444.38097,0.03357,Yakından incele · introCarry,False,False,-1.81279,2.69696,-6.93435,2.60000,0.02973,0.00000
261,444.41412,0.03314,Yakından incele · introCarry,False,False,-1.77419,2.69577,-6.93454,2.60000,0.03862,0.00000
262,444.44869,0.03458,Yakından incele · introCarry,False,False,-1.73039,2.69456,-6.93469,2.60000,0.04382,0.00000
263,444.48269,0.03400,Yakından incele · introCarry,False,False,-1.67850,2.69330,-6.93479,2.60000,0.05190,0.00000
264,444.51525,0.03256,Yakından incele · introCarry,False,False,-1.62885,2.69230,-6.93479,2.60000,0.04966,0.00000
265,444.54753,0.03228,Yakından incele · introCarry,False,False,-1.57510,2.69138,-6.93471,2.60000,0.05376,0.00000
266,444.58081,0.03328,Yakından incele · introCarry,False,False,-1.52302,2.69064,-6.93457,2.60000,0.05209,0.00000
267,444.61538,0.03457,Yakından incele · introCarry,False,False,-1.46517,2.68994,-6.93434,2.60000,0.05785,0.00000
268,444.64832,0.03294,Yakından incele · introCarry,False,False,-1.40978,2.68942,-6.93407,2.60000,0.05539,0.00000
269,444.68223,0.03391,Yakından incele · introCarry,False,False,-1.35385,2.68898,-6.93374,2.60000,0.05593,0.00000
270,444.71552,0.03329,Yakından incele · introCarry,False,False,-1.29674,2.68862,-6.93337,2.60000,0.05712,0.00000
271,444.74870,0.03319,Yakından incele · introCarry,False,False,-1.24114,2.68835,-6.93297,2.60000,0.05560,0.00000
272,444.78181,0.03310,Yakından incele · introCarry,False,False,-1.18408,2.68811,-6.93254,2.60000,0.05707,0.00000
273,444.81635,0.03454,Yakından incele · introCarry,False,False,-1.12768,2.68793,-6.93209,2.60000,0.05640,0.00000
274,444.84929,0.03295,Yakından incele · introCarry,False,False,-1.06978,2.68778,-6.93161,2.60000,0.05790,0.00000
275,444.88150,0.03221,Yakından incele · introCarry,False,False,-1.01526,2.68768,-6.93114,2.60000,0.05452,0.00000
276,444.91469,0.03319,Yakından incele · introCarry,False,False,-0.95825,2.68758,-6.93065,2.60000,0.05702,0.00000
277,444.94755,0.03286,Yakından incele · introCarry,False,False,-0.90206,2.68751,-6.93015,2.60000,0.05619,0.00000
278,444.98047,0.03292,Yakından incele · introCarry,False,False,-0.84780,2.68752,-6.92963,2.60000,0.05425,0.00000
279,445.01335,0.03288,Yakından incele · introCarry,False,False,-0.79451,2.68763,-6.92907,2.60000,0.05330,0.00000
280,445.04740,0.03405,Yakından incele · introCarry,False,False,-0.74553,2.68785,-6.92850,2.60000,0.04898,0.00000
281,445.09408,0.04669,Yakından incele · introCarry,False,False,-0.69651,2.68819,-6.92788,2.60000,0.04903,0.00000
282,445.12837,0.03428,Yakından incele · introCarry,False,False,-0.63390,2.68872,-6.92704,2.60000,0.06261,0.00000
283,445.14768,0.01931,Yakından incele · introCarry,False,False,-0.61226,2.68932,-6.92807,2.60000,0.02168,0.00000
284,445.18001,0.03232,Yakından incele · introCarry,False,False,-0.57006,2.69083,-6.93495,2.60000,0.04278,0.00000
285,445.21330,0.03330,Yakından incele · introCarry,False,False,-0.52966,2.69283,-6.94691,2.60000,0.04218,0.00000
286,445.24698,0.03367,Yakından incele · introCarry,False,False,-0.48366,2.69569,-6.96753,2.60000,0.05049,0.00000
287,445.27906,0.03209,Yakından incele · introCarry,False,False,-0.44119,2.69843,-6.99081,2.60000,0.04851,0.00000
288,445.31247,0.03341,Yakından incele · introCarry,False,False,-0.39672,2.70117,-7.01822,2.60000,0.05231,0.00000
289,445.34662,0.03415,Yakından incele · introCarry,False,False,-0.35106,2.70369,-7.04850,2.60000,0.05485,0.00000
290,445.37960,0.03298,Yakından incele · introCarry,False,False,-0.30615,2.70584,-7.07969,2.60000,0.05472,0.00000
291,445.41211,0.03251,Yakından incele · introCarry,False,False,-0.26171,2.70764,-7.11152,2.60000,0.05469,0.00000
292,445.44623,0.03412,Yakından incele · introCarry,False,False,-0.21759,2.70914,-7.14377,2.60000,0.05467,0.00000
293,445.48109,0.03486,Yakından incele · introCarry,False,False,-0.17143,2.71038,-7.17802,2.60000,0.05749,0.00000
294,445.51401,0.03291,Yakından incele · introCarry,False,False,-0.12996,2.71117,-7.20917,2.60000,0.05187,0.00000
295,445.54687,0.03286,Yakından incele · introCarry,False,False,-0.09136,2.71163,-7.23844,2.60000,0.04844,0.00000
296,445.57970,0.03283,Yakından incele · introCarry,False,False,-0.05567,2.71179,-7.26571,2.60000,0.04493,0.00000
297,445.61247,0.03277,Yakından incele · introCarry,False,False,-0.02287,2.71171,-7.29095,2.60000,0.04139,0.00000
298,445.64582,0.03336,Yakından incele · introCarry,False,False,0.00631,2.71141,-7.31356,2.60000,0.03691,0.00000
299,445.68198,0.03616,Yakından incele · introDrop,True,False,0.04258,2.70964,-7.32636,2.59552,0.03850,0.17246
300,445.71596,0.03398,Yakından incele · introDrop,True,False,0.07106,2.70576,-7.30149,2.58193,0.03801,0.52934
301,445.76733,0.05137,Yakından incele · introDrop,True,False,0.14352,2.69589,-7.23821,2.54734,0.09671,1.35159
302,445.77995,0.01263,Yakından incele · introDrop,True,False,0.16958,2.69234,-7.21545,2.53490,0.03478,0.48618
303,445.81225,0.03229,Yakından incele · introDrop,True,False,0.23710,2.68314,-7.15649,2.50268,0.09010,1.25988
304,445.84678,0.03453,Yakından incele · introDrop,True,False,0.32073,2.67175,-7.08345,2.46276,0.11162,1.56019
305,445.88136,0.03458,Yakından incele · introDrop,True,False,0.41809,2.65849,-6.99843,2.41629,0.12994,1.81612
306,445.91330,0.03194,Yakından incele · introDrop,True,False,0.52315,2.64418,-6.90668,2.36614,0.14021,1.95997
307,445.94645,0.03316,Yakından incele · introDrop,True,False,0.63128,2.62945,-6.81225,2.31452,0.14432,2.01705
308,445.98038,0.03392,Yakından incele · introDrop,True,False,0.75794,2.61220,-6.70164,2.25406,0.16904,2.36302
309,446.01237,0.03199,Yakından incele · introDrop,True,False,0.88121,2.59541,-6.59399,2.19523,0.16451,2.29956
310,446.04549,0.03312,Yakından incele · introDrop,True,False,1.01342,2.57740,-6.47853,2.13212,0.17645,2.46642
311,446.07990,0.03441,Yakından incele · introDrop,True,False,1.15138,2.55861,-6.35806,2.06627,0.18412,2.57358
312,446.11368,0.03378,Yakından incele · introDrop,True,False,1.29581,2.53894,-6.23192,1.99732,0.19276,2.69424
313,446.14624,0.03255,Yakından incele · introDrop,True,False,1.43703,2.51970,-6.10860,1.92992,0.18847,2.63460
314,446.17944,0.03320,Yakından incele · introDrop,True,False,1.57879,2.50039,-5.98480,1.86225,0.18919,2.64469
315,446.21335,0.03391,Yakından incele · introDrop,True,False,1.72431,2.48057,-5.85771,1.79279,0.19423,2.71508
316,446.24636,0.03301,Yakından incele · introDrop,True,False,1.86540,2.46135,-5.73451,1.72544,0.18829,2.63223
317,446.27955,0.03319,Yakından incele · introDrop,True,False,2.00350,2.44254,-5.61390,1.65952,0.18431,2.57662
318,446.31345,0.03389,Yakından incele · introDrop,True,False,2.13916,2.42406,-5.49543,1.59477,0.18105,2.53095
319,446.34719,0.03374,Yakından incele · introDrop,True,False,2.27210,2.40596,-5.37933,1.53131,0.17743,2.48035
320,446.39144,0.04424,Yakından incele · introDrop,True,False,2.43397,2.38391,-5.23797,1.45405,0.21603,3.01999
321,446.42491,0.03348,Yakından incele · introDrop,True,False,2.54965,2.36815,-5.13695,1.39883,0.15439,2.15803
322,446.45755,0.03264,Yakından incele · introDrop,True,False,2.65357,2.35400,-5.04620,1.34923,0.13870,1.93869
323,446.48953,0.03198,Yakından incele · introDrop,True,False,2.74881,2.34103,-4.96303,1.30377,0.12710,1.77647
324,446.52379,0.03426,Yakından incele · introDrop,True,False,2.83097,2.32983,-4.89127,1.26455,0.10966,1.53235
325,446.55800,0.03422,Yakından incele · introDrop,True,False,2.90867,2.31925,-4.82342,1.22746,0.10369,1.44886
326,446.58904,0.03103,Yakından incele · introDrop,True,False,2.96367,2.31176,-4.77539,1.20121,0.07340,1.02487
327,446.62338,0.03434,Yakından incele · introDrop,True,False,3.00835,2.30567,-4.73637,1.17988,0.05964,0.83274
328,446.65683,0.03345,Yakından incele · introDrop,True,False,3.03812,2.30162,-4.71037,1.16567,0.03973,0.55532
329,446.69128,0.03445,Yakından incele · introDrop,True,False,3.04970,2.30004,-4.70026,1.16014,0.01545,0.21306
330,446.72512,0.03384,Yakından incele · introDrop,False,False,3.05000,2.30000,-4.70000,1.16000,0.00040,0.00000
331,446.75856,0.03345,Yakından incele · introDrop,False,False,3.05000,2.30000,-4.70000,1.16000,0.00000,0.00000
332,446.79211,0.03354,Yakından incele · introDrop,False,False,3.05000,2.30000,-4.70000,1.16000,0.00000,0.00000
333,446.84351,0.05140,Yakından incele · introDrop,False,False,3.05000,2.30000,-4.70000,1.16000,0.00000,0.00000
334,446.86536,0.02185,Yakından incele · introDrop,False,False,3.05000,2.30000,-4.70000,1.16000,0.00000,0.00000
335,446.88985,0.02450,Yakından incele · introDrop,False,False,3.05000,2.30000,-4.70000,1.16000,0.00000,0.00000
336,446.92349,0.03363,Yakından incele · introDrop,False,False,3.05000,2.30000,-4.70000,1.16000,0.00000,0.00000
337,446.95720,0.03372,Yakından incele · introDrop,False,False,3.05000,2.30000,-4.70000,1.16000,0.00000,0.00000
338,446.98987,0.03266,Yakından incele · introDrop,False,False,3.05000,2.30000,-4.70000,1.16000,0.00000,0.00000
339,447.02299,0.03313,Yakından incele · introDrop,False,False,3.05000,2.30000,-4.70000,1.16000,0.00000,0.00000
340,447.05707,0.03408,Yakından incele · introDrop,False,False,3.05000,2.30000,-4.70000,1.16000,0.00000,0.00000
341,447.09054,0.03346,Yakından incele · introDrop,False,False,3.05000,2.30000,-4.70000,1.16000,0.00000,0.00000
342,447.12427,0.03373,Yakından incele · introDrop,False,False,3.05000,2.30000,-4.70000,1.16000,0.00000,0.00000
343,447.15776,0.03349,Yakından incele · introDrop,False,False,3.05000,2.30000,-4.70000,1.16000,0.00000,0.00000
344,447.19048,0.03272,Yakından incele · introDrop,False,False,3.05000,2.30000,-4.70000,1.16000,0.00000,0.00000
345,447.22341,0.03292,Yakından incele · introDrop,False,False,3.05000,2.30000,-4.70000,1.16000,0.00000,0.00000
346,447.25690,0.03350,Yakından incele · introDrop,False,False,3.05000,2.30000,-4.70000,1.16000,0.00000,0.00000
347,447.29067,0.03376,Yakından incele · introDrop,False,False,3.05000,2.30000,-4.70000,1.16000,0.00000,0.00000
348,447.32490,0.03423,Yakından incele · introDrop,False,False,3.05000,2.30000,-4.70000,1.16000,0.00000,0.00000
349,447.35752,0.03261,Yakından incele · introDrop,False,False,3.05000,2.30000,-4.70000,1.16000,0.00000,0.00000
350,447.39018,0.03266,Yakından incele · introDrop,False,False,3.05000,2.30000,-4.70000,1.16000,0.00000,0.00000
351,447.42682,0.03665,Yakından incele · introDrop,False,False,3.05000,2.30000,-4.70000,1.16000,0.00000,0.00000
352,447.45715,0.03033,Yakından incele · introDrop,False,False,3.05000,2.30000,-4.70000,1.16000,0.00000,0.00000
353,447.49002,0.03287,Yakından incele · introDrop,False,False,3.05000,2.30000,-4.70000,1.16000,0.00000,0.00000
354,447.52246,0.03244,Yakından incele · introDrop,False,False,3.05000,2.30000,-4.70000,1.16000,0.00000,0.00000
355,447.55617,0.03371,Yakından incele · introDrop,False,False,3.05000,2.30000,-4.70000,1.16000,0.00000,0.00000
356,447.59053,0.03436,Yakından incele · introDrop,False,False,3.05000,2.30000,-4.70000,1.16000,0.00000,0.00000
357,447.62390,0.03337,Yakından incele · introDrop,False,False,3.05000,2.30000,-4.70000,1.16000,0.00000,0.00000
358,447.65663,0.03273,Yakından incele · introDrop,False,False,3.05000,2.30000,-4.70000,1.16000,0.00000,0.00000
359,447.68931,0.03268,Yakından incele · introDrop,False,False,3.05000,2.30000,-4.70000,1.16000,0.00000,0.00000
360,447.72414,0.03482,Yakından incele · introDrop,False,False,3.05000,2.30000,-4.70000,1.16000,0.00000,0.00000
361,447.75791,0.03378,Yakından incele · introDrop,False,False,3.05000,2.30000,-4.70000,1.16000,0.00000,0.00000
362,447.79001,0.03209,Yakından incele · introDrop,False,False,3.05000,2.30000,-4.70000,1.16000,0.00000,0.00000
363,447.82363,0.03362,Yakından incele · introDrop,False,False,3.05000,2.30000,-4.70000,1.16000,0.00000,0.00000
364,447.85679,0.03316,Yakından incele · introDrop,False,False,3.05000,2.30000,-4.70000,1.16000,0.00000,0.00000
365,447.89032,0.03353,Yakından incele · introDrop,False,False,3.05000,2.30000,-4.70000,1.16000,0.00000,0.00000
366,447.92276,0.03244,Yakından incele · introDrop,False,False,3.05000,2.30000,-4.70000,1.16000,0.00000,0.00000
367,447.95577,0.03301,Yakından incele · introDrop,False,False,3.05000,2.30000,-4.70000,1.16000,0.00000,0.00000
368,447.98977,0.03400,Yakından incele · introDrop,False,False,3.05000,2.30000,-4.70000,1.16000,0.00000,0.00000
369,448.02353,0.03376,Yakından incele · introDrop,False,False,3.05000,2.30000,-4.70000,1.16000,0.00000,0.00000
370,448.05800,0.03447,Yakından incele · introDrop,False,False,3.05000,2.30000,-4.70000,1.16000,0.00000,0.00000
371,448.10940,0.05141,Yakından incele · introDrop,False,False,3.05000,2.30000,-4.70000,1.16000,0.00000,0.00000
372,448.14343,0.03402,Yakından incele · introDrop,False,False,3.05000,2.30000,-4.70000,1.16000,0.00000,0.00000
373,448.15714,0.01371,Yakından incele · introDrop,False,False,3.05000,2.30000,-4.70000,1.16000,0.00000,0.00000
374,448.19136,0.03422,Yakından incele · introDrop,False,False,3.05000,2.30000,-4.70000,1.16000,0.00000,0.00000
375,448.22508,0.03372,Yakından incele · introDrop,False,False,3.05000,2.30000,-4.70000,1.16000,0.00000,0.00000
376,448.25736,0.03229,Yakından incele · introDrop,False,False,3.05000,2.30000,-4.70000,1.16000,0.00000,0.00000
377,448.29087,0.03351,Yakından incele · introDrop,False,False,3.05000,2.30000,-4.70000,1.16000,0.00000,0.00000
378,448.32352,0.03265,Yakından incele · introDrop,False,False,3.05000,2.30000,-4.70000,1.16000,0.00000,0.00000
379,448.35722,0.03370,Yakından incele · introDrop,False,False,3.05000,2.30000,-4.70000,1.16000,0.00000,0.00000
380,448.38941,0.03219,Yakından incele · introDrop,False,False,3.05000,2.30000,-4.70000,1.16000,0.00000,0.00000
381,448.42296,0.03356,Yakından incele · introDrop,False,False,3.05000,2.30000,-4.70000,1.16000,0.00000,0.00000
382,448.45730,0.03433,Yakından incele · introDrop,False,False,3.05000,2.30000,-4.70000,1.16000,0.00000,0.00000
383,448.49085,0.03355,Yakından incele · introDrop,False,False,3.05000,2.30000,-4.70000,1.16000,0.00000,0.00000
384,448.52353,0.03268,Yakından incele · introDrop,False,False,3.05000,2.30000,-4.70000,1.16000,0.00000,0.00000
385,448.55665,0.03312,Yakından incele · introDrop,False,False,3.05000,2.30000,-4.70000,1.16000,0.00000,0.00000
386,448.59174,0.03510,Yakından incele · introDrop,False,False,3.05000,2.30000,-4.70000,1.16000,0.00000,0.00000
387,448.62510,0.03335,Yakından incele · introDrop,False,False,3.05000,2.30000,-4.70000,1.16000,0.00000,0.00000
388,448.66338,0.03829,Yakından incele · introDrop,False,False,3.05000,2.30000,-4.70000,1.16000,0.00000,0.00000
389,448.69629,0.03291,Yakından incele · introDrop,False,False,3.05000,2.30000,-4.70000,1.16000,0.00000,0.00000
390,448.72312,0.02683,Yakından incele · introDrop,False,False,3.05000,2.30000,-4.70000,1.16000,0.00000,0.00000
391,448.75599,0.03287,Yakından incele · introDrop,False,False,3.05000,2.30000,-4.70000,1.16000,0.00000,0.00000
392,448.78978,0.03379,Yakından incele · introDrop,False,False,3.05000,2.30000,-4.70000,1.16000,0.00000,0.00000
393,448.82272,0.03294,Yakından incele · introDrop,False,False,3.05000,2.30000,-4.70000,1.16000,0.00000,0.00000
394,448.85542,0.03270,Yakından incele · introDrop,False,False,3.05000,2.30000,-4.70000,1.16000,0.00000,0.00000
395,448.88857,0.03315,Yakından incele · introDrop,False,False,3.05000,2.30000,-4.70000,1.16000,0.00000,0.00000
396,448.92406,0.03550,Yakından incele · introDrop,False,False,3.05000,2.30000,-4.70000,1.16000,0.00000,0.00000
397,448.95763,0.03356,Yakından incele · introDrop,False,False,3.05000,2.30000,-4.70000,1.16000,0.00000,0.00000
398,448.99012,0.03249,Yakından incele · introDrop,False,False,3.05000,2.30000,-4.70000,1.16000,0.00000,0.00000
399,449.02265,0.03254,Yakından incele · introDrop,False,False,3.05000,2.30000,-4.70000,1.16000,0.00000,0.00000
400,449.05452,0.03187,Yakından incele · introDrop,False,False,3.05000,2.30000,-4.70000,1.16000,0.00000,0.00000
401,449.08835,0.03382,Yakından incele · introDrop,False,False,3.05000,2.30000,-4.70000,1.16000,0.00000,0.00000
402,449.12187,0.03352,Yakından incele · introDrop,False,False,3.05000,2.30000,-4.70000,1.16000,0.00000,0.00000
403,449.15505,0.03318,Yakından incele · introDrop,False,False,3.05000,2.30000,-4.70000,1.16000,0.00000,0.00000
404,449.18787,0.03282,Yakından incele · introDrop,False,False,3.05000,2.30000,-4.70000,1.16000,0.00000,0.00000
405,449.22137,0.03350,Yakından incele · introDrop,False,False,3.05000,2.30000,-4.70000,1.16000,0.00000,0.00000
406,449.25482,0.03345,Yakından incele · introDrop,False,False,3.05000,2.30000,-4.70000,1.16000,0.00000,0.00000
407,449.28818,0.03336,Yakından incele · introDrop,False,False,3.05000,2.30000,-4.70000,1.16000,0.00000,0.00000
408,449.32238,0.03421,Yakından incele · introDrop,False,False,3.05000,2.30000,-4.70000,1.16000,0.00000,0.00000
409,449.35492,0.03254,Yakından incele · introDrop,False,False,3.05000,2.30000,-4.70000,1.16000,0.00000,0.00000
410,449.38797,0.03305,Yakından incele · introDrop,False,False,3.05000,2.30000,-4.70000,1.16000,0.00000,0.00000
411,449.42157,0.03360,Yakından incele · introDrop,False,False,3.05000,2.30000,-4.70000,1.16000,0.00000,0.00000
412,449.45420,0.03263,Yakından incele · introDrop,False,False,3.05000,2.30000,-4.70000,1.16000,0.00000,0.00000
413,449.48783,0.03363,Yakından incele · introDrop,False,False,3.05000,2.30000,-4.70000,1.16000,0.00000,0.00000
414,449.52119,0.03336,Yakından incele · introDrop,False,False,3.05000,2.30000,-4.70000,1.16000,0.00000,0.00000
415,449.55347,0.03228,Yakından incele · introDrop,False,False,3.05000,2.30000,-4.70000,1.16000,0.00000,0.00000
416,449.58777,0.03429,Yakından incele · introDrop,False,False,3.05000,2.30000,-4.70000,1.16000,0.00000,0.00000
417,449.62246,0.03469,Yakından incele · introDrop,False,False,3.05000,2.30000,-4.70000,1.16000,0.00000,0.00000
418,449.65459,0.03213,Yakından incele · introDrop,False,False,3.05000,2.30000,-4.70000,1.16000,0.00000,0.00000
419,449.69811,0.04352,Yakından incele · introDrop,False,False,3.05000,2.30000,-4.70000,1.16000,0.00000,0.00000
420,449.73166,0.03355,Yakından incele · introDrop,False,False,3.05000,2.30000,-4.70000,1.16000,0.00000,0.00000
421,449.76498,0.03332,Yakından incele · introDrop,False,False,3.05000,2.30000,-4.70000,1.16000,0.00000,0.00000
422,449.79807,0.03309,Yakından incele · introDrop,False,False,3.05000,2.30000,-4.70000,1.16000,0.00000,0.00000
423,449.84841,0.05034,Ada ile odada gezin,True,False,3.03376,2.30630,-4.71210,1.16555,0.02121,0.18557
424,449.88187,0.03346,Ada ile odada gezin,True,False,2.94733,2.33984,-4.77648,1.19510,0.11287,1.01490
425,449.89671,0.01484,Ada ile odada gezin,True,False,2.90711,2.35545,-4.80644,1.20885,0.05252,0.46980
426,449.92925,0.03253,Ada ile odada gezin,True,False,2.80333,2.39573,-4.88375,1.24433,0.13554,1.22011
427,449.96299,0.03375,Ada ile odada gezin,True,False,2.67291,2.44634,-4.98090,1.28892,0.17031,1.53388
428,449.99627,0.03328,Ada ile odada gezin,True,False,2.51446,2.50783,-5.09893,1.34309,0.20693,1.86335
429,450.02884,0.03257,Ada ile odada gezin,True,False,2.34314,2.57431,-5.22655,1.40166,0.22374,2.01472
430,450.06217,0.03334,Ada ile odada gezin,True,False,2.14738,2.65028,-5.37238,1.46859,0.25565,2.30262
431,450.09569,0.03351,Ada ile odada gezin,True,False,1.93563,2.73245,-5.53012,1.54098,0.27654,2.49074
432,450.12885,0.03317,Ada ile odada gezin,True,False,1.70736,2.82104,-5.70016,1.61902,0.29811,2.68493
433,450.16128,0.03243,Ada ile odada gezin,True,False,1.47025,2.91305,-5.87679,1.70008,0.30966,2.78875
434,450.19423,0.03294,Ada ile odada gezin,True,False,1.22455,3.00840,-6.05982,1.78408,0.32087,2.88965
435,450.22827,0.03404,Ada ile odada gezin,True,False,0.96463,3.10927,-6.25344,1.87294,0.33943,3.05709
436,450.26236,0.03409,Ada ile odada gezin,True,False,0.69742,3.21296,-6.45249,1.96429,0.34896,3.14319
437,450.29536,0.03300,Ada ile odada gezin,True,False,0.42582,3.31837,-6.65481,2.05715,0.35470,3.19506
438,450.32785,0.03248,Ada ile odada gezin,True,False,0.16218,3.42068,-6.85120,2.14728,0.34430,3.10107
439,450.36107,0.03323,Ada ile odada gezin,True,False,-0.10768,3.52540,-7.05222,2.23954,0.35242,3.17417
440,450.39437,0.03330,Ada ile odada gezin,True,False,-0.37360,3.62859,-7.25031,2.33045,0.34728,3.12771
441,450.42803,0.03366,Ada ile odada gezin,True,False,-0.63665,3.73068,-7.44627,2.42038,0.34354,3.09424
442,450.46143,0.03340,Ada ile odada gezin,True,False,-0.89391,3.83051,-7.63790,2.50834,0.33597,3.02620
443,450.49487,0.03343,Ada ile odada gezin,True,False,-1.13798,3.92523,-7.81971,2.59178,0.31874,2.87090
444,450.52830,0.03343,Ada ile odada gezin,True,False,-1.37686,4.01793,-7.99766,2.67344,0.31197,2.80944
445,450.56236,0.03406,Ada ile odada gezin,True,False,-1.59450,4.10239,-8.15979,2.74785,0.28423,2.55986
446,450.59615,0.03379,Ada ile odada gezin,True,False,-1.80714,4.18491,-8.31819,2.82055,0.27769,2.50109
447,450.62846,0.03232,Ada ile odada gezin,True,False,-1.99075,4.25616,-8.45496,2.88332,0.23979,2.15948
448,450.66191,0.03345,Ada ile odada gezin,True,False,-2.15656,4.32051,-8.57848,2.94001,0.21655,1.94996
449,450.69642,0.03450,Ada ile odada gezin,True,False,-2.30439,4.37788,-8.68860,2.99055,0.19306,1.73816
450,450.73003,0.03361,Ada ile odada gezin,True,False,-2.42779,4.42577,-8.78053,3.03274,0.16115,1.45101
451,450.76302,0.03299,Ada ile odada gezin,True,False,-2.51988,4.46150,-8.84912,3.06422,0.12026,1.08281
452,450.79546,0.03244,Ada ile odada gezin,True,False,-2.58578,4.48708,-8.89821,3.08675,0.08606,0.77430
453,450.82830,0.03284,Ada ile odada gezin,True,False,-2.61911,4.50001,-8.92304,3.09814,0.04353,0.38967
454,450.86200,0.03370,Ada ile odada gezin,False,False,-2.62454,4.50212,-8.92709,3.10000,0.00710,0.00000
455,450.90172,0.03972,Ada ile odada gezin,False,False,-2.62454,4.50212,-8.92709,3.10000,0.00000,0.00000
456,450.94661,0.04489,Ada ile odada gezin,False,False,-2.62839,4.50179,-8.92221,3.10000,0.00622,0.00000
457,450.96255,0.01594,Ada ile odada gezin,False,False,-2.63055,4.50163,-8.91949,3.10000,0.00348,0.00000
458,450.99535,0.03279,Ada ile odada gezin,False,False,-2.63972,4.50095,-8.90800,3.10000,0.01472,0.00000
459,451.02923,0.03388,Ada ile odada gezin,False,False,-2.65324,4.50005,-8.89110,3.10000,0.02165,0.00000
460,451.06291,0.03369,Ada ile odada gezin,False,False,-2.67272,4.49887,-8.86668,3.10000,0.03126,0.00000
461,451.09529,0.03237,Ada ile odada gezin,False,False,-2.69516,4.49763,-8.83841,3.10000,0.03612,0.00000
462,451.12833,0.03304,Ada ile odada gezin,False,False,-2.72160,4.49632,-8.80488,3.10000,0.04271,0.00000
463,451.16168,0.03336,Ada ile odada gezin,False,False,-2.74961,4.49513,-8.76913,3.10000,0.04543,0.00000
464,451.19595,0.03427,Ada ile odada gezin,False,False,-2.77885,4.49412,-8.73170,3.10000,0.04751,0.00000
465,451.22962,0.03366,Ada ile odada gezin,False,False,-2.80880,4.49327,-8.69323,3.10000,0.04876,0.00000
466,451.26185,0.03224,Ada ile odada gezin,False,False,-2.83720,4.49265,-8.65640,3.10000,0.04651,0.00000
467,451.29501,0.03316,Ada ile odada gezin,False,False,-2.86456,4.49220,-8.62060,3.10000,0.04506,0.00000
468,451.32890,0.03389,Ada ile odada gezin,False,False,-2.89243,4.49184,-8.58386,3.10000,0.04612,0.00000
469,451.36141,0.03250,Ada ile odada gezin,False,False,-2.91923,4.49166,-8.54871,3.10000,0.04420,0.00000
470,451.39434,0.03293,Ada ile odada gezin,False,False,-2.94458,4.49165,-8.51573,3.10000,0.04160,0.00000
471,451.42829,0.03394,Ada ile odada gezin,False,False,-2.96991,4.49170,-8.48267,3.10000,0.04165,0.00000
472,451.46266,0.03437,Ada ile odada gezin,False,False,-2.99464,4.49173,-8.44993,3.10000,0.04103,0.00000
473,451.49612,0.03346,Ada ile odada gezin,False,False,-3.01896,4.49178,-8.41736,3.10000,0.04065,0.00000
474,451.52811,0.03199,Ada ile odada gezin,False,False,-3.04256,4.49167,-8.38533,3.10000,0.03979,0.00000
475,451.56184,0.03373,Ada ile odada gezin,False,False,-3.06922,4.49127,-8.34865,3.10000,0.04534,0.00000
476,451.59534,0.03350,Ada ile odada gezin,False,False,-3.09775,4.49079,-8.30919,3.10000,0.04870,0.00000
477,451.62798,0.03263,Ada ile odada gezin,False,False,-3.12653,4.49029,-8.26928,3.10000,0.04921,0.00000
478,451.66128,0.03331,Ada ile odada gezin,False,False,-3.15668,4.48978,-8.22737,3.10000,0.05163,0.00000
479,451.69492,0.03364,Ada ile odada gezin,False,False,-3.18749,4.48928,-8.18413,3.10000,0.05309,0.00000
480,451.72920,0.03428,Ada ile odada gezin,False,False,-3.21824,4.48879,-8.14032,3.10000,0.05353,0.00000
481,451.76271,0.03351,Ada ile odada gezin,False,False,-3.24952,4.48820,-8.09413,3.10000,0.05579,0.00000
482,451.79498,0.03227,Ada ile odada gezin,False,False,-3.27777,4.48755,-8.05016,3.10000,0.05227,0.00000
483,451.82821,0.03324,Ada ile odada gezin,False,False,-3.30655,4.48672,-8.00275,3.10000,0.05546,0.00000
484,451.86161,0.03339,Ada ile odada gezin,False,False,-3.33429,4.48590,-7.95525,3.10000,0.05502,0.00000
485,451.89503,0.03342,Ada ile odada gezin,False,False,-3.36234,4.48511,-7.90592,3.10000,0.05675,0.00000
486,451.92872,0.03369,Ada ile odada gezin,False,False,-3.38927,4.48445,-7.85771,3.10000,0.05523,0.00000
487,451.96290,0.03418,Ada ile odada gezin,False,False,-3.41729,4.48383,-7.80692,3.10000,0.05800,0.00000
488,451.99620,0.03330,Ada ile odada gezin,False,False,-3.44434,4.48334,-7.75745,3.10000,0.05639,0.00000
489,452.02892,0.03271,Ada ile odada gezin,False,False,-3.47126,4.48294,-7.70791,3.10000,0.05638,0.00000
490,452.06137,0.03245,Ada ile odada gezin,False,False,-3.49749,4.48262,-7.65943,3.10000,0.05512,0.00000
491,452.09513,0.03376,Ada ile odada gezin,False,False,-3.52424,4.48235,-7.60986,3.10000,0.05633,0.00000
492,452.12933,0.03420,Ada ile odada gezin,False,False,-3.55172,4.48210,-7.55884,3.10000,0.05795,0.00000
493,452.16310,0.03377,Ada ile odada gezin,False,False,-3.57853,4.48193,-7.50895,3.10000,0.05664,0.00000
494,452.19621,0.03312,Ada ile odada gezin,False,False,-3.60570,4.48178,-7.45836,3.10000,0.05743,0.00000
495,452.22990,0.03369,Ada ile odada gezin,False,False,-3.63195,4.48168,-7.40940,3.10000,0.05555,0.00000
496,452.26380,0.03390,Ada ile odada gezin,False,False,-3.65951,4.48157,-7.35800,3.10000,0.05832,0.00000
497,452.29614,0.03234,Ada ile odada gezin,False,False,-3.68584,4.48152,-7.30884,3.10000,0.05577,0.00000
498,452.32838,0.03224,Ada ile odada gezin,False,False,-3.71205,4.48147,-7.25988,3.10000,0.05553,0.00000
499,452.36231,0.03393,Ada ile odada gezin,False,False,-3.73839,4.48143,-7.21070,3.10000,0.05579,0.00000
500,452.39603,0.03372,Ada ile odada gezin,False,False,-3.76631,4.48136,-7.15857,3.10000,0.05914,0.00000
501,452.42885,0.03282,Ada ile odada gezin,False,False,-3.79201,4.48136,-7.11051,3.10000,0.05450,0.00000
502,452.46255,0.03370,Ada ile odada gezin,False,False,-3.81933,4.48132,-7.05947,3.10000,0.05789,0.00000
503,452.49558,0.03303,Ada ile odada gezin,False,False,-3.84584,4.48131,-7.00994,3.10000,0.05618,0.00000
504,452.52883,0.03325,Ada ile odada gezin,False,False,-3.87251,4.48129,-6.96008,3.10000,0.05654,0.00000
505,452.56200,0.03317,Ada ile odada gezin,False,False,-3.89930,4.48128,-6.91001,3.10000,0.05679,0.00000
506,452.59525,0.03325,Ada ile odada gezin,False,False,-3.92577,4.48127,-6.86052,3.10000,0.05612,0.00000
507,452.62810,0.03284,Ada ile odada gezin,False,False,-3.95272,4.48126,-6.81015,3.10000,0.05713,0.00000
508,452.66215,0.03405,Ada ile odada gezin,False,False,-3.97893,4.48126,-6.76113,3.10000,0.05559,0.00000
509,452.69624,0.03410,Ada ile odada gezin,False,False,-4.00681,4.48123,-6.70904,3.10000,0.05908,0.00000
510,452.72944,0.03319,Ada ile odada gezin,False,False,-4.03315,4.48125,-6.65978,3.10000,0.05586,0.00000
511,452.76241,0.03297,Ada ile odada gezin,False,False,-4.05985,4.48125,-6.60986,3.10000,0.05661,0.00000
512,452.79533,0.03292,Ada ile odada gezin,False,False,-4.08626,4.48125,-6.56048,3.10000,0.05600,0.00000
513,452.82945,0.03412,Ada ile odada gezin,False,False,-4.11312,4.48124,-6.51027,3.10000,0.05694,0.00000
514,452.86255,0.03310,Ada ile odada gezin,False,False,-4.14035,4.48123,-6.45937,3.10000,0.05773,0.00000
515,452.89535,0.03280,Ada ile odada gezin,False,False,-4.16633,4.48127,-6.41090,3.10000,0.05499,0.00000
516,452.92872,0.03337,Ada ile odada gezin,False,False,-4.19335,4.48128,-6.36060,3.10000,0.05710,0.00000
517,452.96211,0.03339,Ada ile odada gezin,False,False,-4.21983,4.48131,-6.31135,3.10000,0.05592,0.00000
518,453.00423,0.04211,Ada ile odada gezin,False,False,-4.25460,4.48118,-6.24689,3.10000,0.07323,0.00000
519,453.03830,0.03407,Ada ile odada gezin,False,False,-4.28155,4.48127,-6.19657,3.10000,0.05709,0.00000
520,453.07134,0.03304,Ada ile odada gezin,False,False,-4.30766,4.48133,-6.14774,3.10000,0.05537,0.00000
521,453.10440,0.03306,Ada ile odada gezin,False,False,-4.33412,4.48136,-6.09837,3.10000,0.05602,0.00000
522,453.13687,0.03247,Ada ile odada gezin,False,False,-4.36057,4.48138,-6.04906,3.10000,0.05595,0.00000
523,453.16992,0.03305,Ada ile odada gezin,False,False,-4.38667,4.48140,-6.00043,3.10000,0.05519,0.00000
524,453.20381,0.03389,Ada ile odada gezin,False,False,-4.41341,4.48140,-5.95062,3.10000,0.05653,0.00000
525,453.23666,0.03285,Ada ile odada gezin,False,False,-4.44065,4.48138,-5.89984,3.10000,0.05762,0.00000
526,453.26964,0.03298,Ada ile odada gezin,False,False,-4.46611,4.48141,-5.85229,3.10000,0.05394,0.00000
527,453.30328,0.03365,Ada ile odada gezin,False,False,-4.49358,4.48137,-5.80096,3.10000,0.05822,0.00000
528,453.33730,0.03401,Ada ile odada gezin,False,False,-4.51956,4.48137,-5.75230,3.10000,0.05517,0.00000
529,453.37056,0.03327,Ada ile odada gezin,False,False,-4.54725,4.48132,-5.70029,3.10000,0.05892,0.00000
530,453.40347,0.03291,Ada ile odada gezin,False,False,-4.57248,4.48129,-5.65247,3.10000,0.05408,0.00000
531,453.43818,0.03471,Ada ile odada gezin,False,False,-4.59867,4.48108,-5.60088,3.10000,0.05785,0.00000
532,453.47143,0.03325,Ada ile odada gezin,False,False,-4.62109,4.48044,-5.54884,3.10000,0.05667,0.00000
533,453.50299,0.03156,Ada ile odada gezin,False,False,-4.63717,4.47941,-5.49896,3.10000,0.05241,0.00000
534,453.53657,0.03358,Ada ile odada gezin,False,False,-4.64802,4.47814,-5.45001,3.10000,0.05016,0.00000
535,453.57122,0.03465,Ada ile odada gezin,False,False,-4.65604,4.47674,-5.39726,3.10000,0.05337,0.00000
536,453.60444,0.03322,Ada ile odada gezin,False,False,-4.66056,4.47564,-5.34906,3.10000,0.04842,0.00000
537,453.63707,0.03263,Ada ile odada gezin,False,False,-4.66314,4.47470,-5.30057,3.10000,0.04856,0.00000
538,453.66984,0.03277,Ada ile odada gezin,False,False,-4.66396,4.47408,-5.25590,3.10000,0.04469,0.00000
539,453.70475,0.03491,Ada ile odada gezin,False,False,-4.66356,4.47358,-5.20959,3.10000,0.04631,0.00000
540,453.73854,0.03379,Ada ile odada gezin,False,False,-4.66272,4.47339,-5.16457,3.10000,0.04502,0.00000
541,453.77074,0.03220,Ada ile odada gezin,False,False,-4.66136,4.47342,-5.12293,3.10000,0.04167,0.00000
542,453.80435,0.03362,Ada ile odada gezin,False,False,-4.65994,4.47364,-5.08285,3.10000,0.04011,0.00000
543,453.83776,0.03341,Ada ile odada gezin,False,False,-4.65830,4.47397,-5.04167,3.10000,0.04121,0.00000
544,453.87023,0.03247,Ada ile odada gezin,False,False,-4.65621,4.47440,-5.00474,3.10000,0.03700,0.00000
545,453.90303,0.03279,Ada ile odada gezin,False,False,-4.65363,4.47486,-4.96716,3.10000,0.03767,0.00000
546,453.93637,0.03335,Ada ile odada gezin,False,False,-4.65123,4.47540,-4.93218,3.10000,0.03507,0.00000
547,453.97052,0.03415,Ada ile odada gezin,False,False,-4.64879,4.47598,-4.89631,3.10000,0.03596,0.00000
548,454.00353,0.03300,Ada ile odada gezin,False,False,-4.64702,4.47670,-4.86260,3.10000,0.03377,0.00000
549,454.03684,0.03331,Ada ile odada gezin,False,False,-4.64530,4.47741,-4.83038,3.10000,0.03228,0.00000
550,454.07062,0.03378,Ada ile odada gezin,False,False,-4.64343,4.47812,-4.79857,3.10000,0.03188,0.00000
551,454.10430,0.03368,Ada ile odada gezin,False,False,-4.64187,4.47887,-4.76809,3.10000,0.03052,0.00000
552,454.13775,0.03345,Ada ile odada gezin,False,False,-4.64031,4.47961,-4.73875,3.10000,0.02939,0.00000
553,454.17047,0.03272,Ada ile odada gezin,False,False,-4.63911,4.48036,-4.71041,3.10000,0.02837,0.00000
554,454.20337,0.03290,Ada ile odada gezin,False,False,-4.63795,4.48110,-4.68379,3.10000,0.02666,0.00000
555,454.23742,0.03405,Ada ile odada gezin,False,False,-4.63631,4.48175,-4.65692,3.10000,0.02693,0.00000
556,454.27096,0.03355,Ada ile odada gezin,False,False,-4.63474,4.48239,-4.63138,3.10000,0.02559,0.00000
557,454.30397,0.03301,Ada ile odada gezin,False,False,-4.63333,4.48303,-4.60638,3.10000,0.02505,0.00000
558,454.33613,0.03216,Ada ile odada gezin,False,False,-4.63240,4.48369,-4.58318,3.10000,0.02323,0.00000
559,454.37034,0.03421,Ada ile odada gezin,False,False,-4.63106,4.48432,-4.56060,3.10000,0.02262,0.00000
560,454.40485,0.03451,Ada ile odada gezin,False,False,-4.62918,4.48488,-4.53759,3.10000,0.02310,0.00000
561,454.43722,0.03237,Ada ile odada gezin,False,False,-4.62714,4.48542,-4.51666,3.10000,0.02104,0.00000
562,454.46965,0.03244,Ada ile odada gezin,False,False,-4.62483,4.48590,-4.49667,3.10000,0.02012,0.00000
563,454.50308,0.03343,Ada ile odada gezin,False,False,-4.62133,4.48625,-4.47683,3.10000,0.02016,0.00000
564,454.53640,0.03332,Ada ile odada gezin,False,False,-4.61735,4.48659,-4.45782,3.10000,0.01942,0.00000
565,454.56993,0.03353,Ada ile odada gezin,False,False,-4.61289,4.48688,-4.43924,3.10000,0.01911,0.00000
566,454.60398,0.03405,Ada ile odada gezin,False,False,-4.60652,4.48701,-4.42127,3.10000,0.01907,0.00000
567,454.63653,0.03255,Ada ile odada gezin,False,False,-4.59613,4.48680,-4.40382,3.10000,0.02031,0.00000
568,454.66899,0.03246,Ada ile odada gezin,False,False,-4.58389,4.48654,-4.38835,3.10000,0.01972,0.00000
569,454.70451,0.03552,Ada ile odada gezin,False,False,-4.56907,4.48611,-4.37172,3.10000,0.02229,0.00000
570,454.73919,0.03468,Ada ile odada gezin,False,False,-4.55296,4.48572,-4.35443,3.10000,0.02363,0.00000
571,454.77085,0.03166,Ada ile odada gezin,False,False,-4.53835,4.48550,-4.33913,3.10000,0.02115,0.00000
572,454.80341,0.03256,Ada ile odada gezin,False,False,-4.52126,4.48482,-4.32165,3.10000,0.02446,0.00000
573,454.83708,0.03367,Ada ile odada gezin,False,False,-4.50083,4.48348,-4.30109,3.10000,0.02901,0.00000
574,454.87114,0.03407,Ada ile odada gezin,False,False,-4.47272,4.48155,-4.27886,3.10000,0.03589,0.00000
575,454.90443,0.03329,Ada ile odada gezin,False,False,-4.44030,4.47944,-4.25632,3.10000,0.03954,0.00000
576,454.93744,0.03301,Ada ile odada gezin,False,False,-4.40246,4.47752,-4.23545,3.10000,0.04326,0.00000
577,454.97029,0.03285,Ada ile odada gezin,False,False,-4.35989,4.47607,-4.21838,3.10000,0.04589,0.00000
578,455.00400,0.03371,Ada ile odada gezin,False,False,-4.31224,4.47505,-4.20521,3.10000,0.04945,0.00000
579,455.03718,0.03318,Ada ile odada gezin,False,False,-4.26061,4.47434,-4.19456,3.10000,0.05272,0.00000
580,455.07055,0.03337,Ada ile odada gezin,False,False,-4.20885,4.47390,-4.18594,3.10000,0.05247,0.00000
581,455.10513,0.03458,Ada ile odada gezin,False,False,-4.15356,4.47355,-4.17811,3.10000,0.05584,0.00000
582,455.13813,0.03300,Ada ile odada gezin,False,False,-4.09739,4.47331,-4.17101,3.10000,0.05663,0.00000
583,455.17049,0.03235,Ada ile odada gezin,False,False,-4.04393,4.47319,-4.16474,3.10000,0.05382,0.00000
584,455.20519,0.03470,Ada ile odada gezin,False,False,-3.98856,4.47308,-4.15858,3.10000,0.05572,0.00000
585,455.23887,0.03368,Ada ile odada gezin,False,False,-3.92789,4.47292,-4.15210,3.10000,0.06101,0.00000
586,455.27038,0.03151,Ada ile odada gezin,False,False,-3.87747,4.47297,-4.14677,3.10000,0.05070,0.00000
587,455.30478,0.03440,Ada ile odada gezin,False,False,-3.81794,4.47286,-4.14065,3.10000,0.05985,0.00000
588,455.33786,0.03308,Ada ile odada gezin,False,False,-3.76395,4.47287,-4.13510,3.10000,0.05427,0.00000
589,455.37094,0.03309,Ada ile odada gezin,False,False,-3.70581,4.47281,-4.12920,3.10000,0.05844,0.00000
590,455.40298,0.03204,Ada ile odada gezin,False,False,-3.65163,4.47283,-4.12370,3.10000,0.05446,0.00000
591,455.43694,0.03396,Ada ile odada gezin,False,False,-3.59563,4.47281,-4.11804,3.10000,0.05629,0.00000
592,455.47163,0.03469,Ada ile odada gezin,False,False,-3.53779,4.47277,-4.11222,3.10000,0.05813,0.00000
593,455.50482,0.03319,Ada ile odada gezin,False,False,-3.48011,4.47275,-4.10641,3.10000,0.05798,0.00000
594,455.53675,0.03193,Ada ile odada gezin,False,False,-3.42548,4.47278,-4.10089,3.10000,0.05491,0.00000
595,455.57106,0.03431,Ada ile odada gezin,False,False,-3.36961,4.47278,-4.09526,3.10000,0.05615,0.00000
596,455.60534,0.03428,Ada ile odada gezin,False,False,-3.31119,4.47274,-4.08939,3.10000,0.05872,0.00000
597,455.63828,0.03294,Ada ile odada gezin,False,False,-3.25517,4.47275,-4.08375,3.10000,0.05630,0.00000
598,455.67012,0.03185,Ada ile odada gezin,False,False,-3.19940,4.47276,-4.07813,3.10000,0.05605,0.00000
599,455.70256,0.03243,Ada ile odada gezin,False,False,-3.14510,4.47279,-4.07265,3.10000,0.05457,0.00000
600,455.73644,0.03388,Ada ile odada gezin,False,False,-3.08830,4.47276,-4.06694,3.10000,0.05709,0.00000
601,455.77024,0.03380,Ada ile odada gezin,False,False,-3.03089,4.47274,-4.06117,3.10000,0.05770,0.00000
602,455.80420,0.03396,Ada ile odada gezin,False,False,-2.97499,4.47275,-4.05554,3.10000,0.05618,0.00000
603,455.83819,0.03399,Ada ile odada gezin,False,False,-2.91674,4.47272,-4.04969,3.10000,0.05853,0.00000
604,455.87053,0.03233,Ada ile odada gezin,False,False,-2.86097,4.47274,-4.04407,3.10000,0.05605,0.00000
605,455.90329,0.03277,Ada ile odada gezin,False,False,-2.80579,4.47276,-4.03851,3.10000,0.05547,0.00000
606,455.93633,0.03304,Ada ile odada gezin,False,False,-2.74959,4.47276,-4.03285,3.10000,0.05648,0.00000
607,455.96952,0.03320,Ada ile odada gezin,False,False,-2.69360,4.47276,-4.02722,3.10000,0.05627,0.00000
608,456.00305,0.03353,Ada ile odada gezin,False,False,-2.63703,4.47275,-4.02153,3.10000,0.05686,0.00000
609,456.03744,0.03439,Ada ile odada gezin,False,False,-2.57989,4.47274,-4.01578,3.10000,0.05743,0.00000
610,456.07062,0.03318,Ada ile odada gezin,False,False,-2.52253,4.47273,-4.01001,3.10000,0.05765,0.00000
611,456.11985,0.04923,Yakından incele · map,True,False,-2.45367,4.46875,-3.99246,3.09406,0.07117,0.00000
612,456.15380,0.03395,Yakından incele · map,True,False,-2.37400,4.44704,-3.92932,3.06301,0.10394,0.55107
613,456.17007,0.01627,Yakından incele · map,True,False,-2.33234,4.43569,-3.89631,3.04677,0.05435,0.28804
614,456.20272,0.03265,Yakından incele · map,True,False,-2.23415,4.40894,-3.81851,3.00851,0.12810,0.68070
615,456.23721,0.03450,Yakından incele · map,True,False,-2.10822,4.37463,-3.71872,2.95944,0.16430,0.87222
616,456.27206,0.03485,Yakından incele · map,True,False,-1.95574,4.33309,-3.59789,2.90002,0.19893,1.05646
617,456.31220,0.04014,Yakından incele · map,True,False,-1.74458,4.27556,-3.43057,2.81773,0.27549,1.46337
618,456.34414,0.03194,Yakından incele · map,True,False,-1.56139,4.22564,-3.28540,2.74634,0.23901,1.26978
619,456.37779,0.03364,Yakından incele · map,True,False,-1.35634,4.16978,-3.12293,2.66644,0.26751,1.42104
620,456.41068,0.03290,Yakından incele · map,True,False,-1.13597,4.10974,-2.94830,2.58056,0.28752,1.52672
621,456.44453,0.03384,Yakından incele · map,True,False,-0.90862,4.04780,-2.76815,2.49197,0.29661,1.57516
622,456.47761,0.03308,Yakından incele · map,True,False,-0.66489,3.98139,-2.57502,2.39699,0.31798,1.68929
623,456.51108,0.03348,Yakından incele · map,True,False,-0.42022,3.91473,-2.38114,2.30164,0.31921,1.69623
624,456.54422,0.03314,Yakından incele · map,True,False,-0.16802,3.84602,-2.18129,2.20336,0.32904,1.74804
625,456.57717,0.03295,Yakından incele · map,True,False,0.08764,3.77636,-1.97871,2.10374,0.33355,1.77161
626,456.61077,0.03361,Yakından incele · map,True,False,0.33975,3.70768,-1.77894,2.00549,0.32891,1.74715
627,456.64444,0.03366,Yakından incele · map,True,False,0.60131,3.63641,-1.57167,1.90356,0.34126,1.81310
628,456.67802,0.03358,Yakından incele · map,True,False,0.85034,3.56857,-1.37435,1.80652,0.32489,1.72596
629,456.71098,0.03296,Yakından incele · map,True,False,1.10319,3.49968,-1.17399,1.70799,0.32988,1.75207
630,456.74384,0.03286,Yakından incele · map,True,False,1.33743,3.43586,-0.98837,1.61671,0.30561,1.62361
631,456.77776,0.03392,Yakından incele · map,True,False,1.57177,3.37202,-0.80268,1.52539,0.30572,1.62409
632,456.81082,0.03306,Yakından incele · map,True,False,1.79006,3.31254,-0.62971,1.44032,0.28480,1.51281
633,456.84452,0.03370,Yakından incele · map,True,False,1.99819,3.25584,-0.46478,1.35922,0.27154,1.44236
634,456.87823,0.03372,Yakından incele · map,True,False,2.18747,3.20427,-0.31480,1.28546,0.24694,1.31162
635,456.91144,0.03320,Yakından incele · map,True,False,2.36499,3.15590,-0.17413,1.21628,0.23161,1.23033
636,456.94477,0.03333,Yakından incele · map,True,False,2.51451,3.11517,-0.05565,1.15802,0.19506,1.03551
637,456.97767,0.03290,Yakından incele · map,True,False,2.64933,3.07843,0.05119,1.10548,0.17591,0.93376
638,457.01164,0.03397,Yakından incele · map,True,False,2.75489,3.04967,0.13483,1.06434,0.13772,0.73168
639,457.04478,0.03314,Yakından incele · map,True,False,2.84073,3.02629,0.20285,1.03089,0.11199,0.59479
640,457.07747,0.03268,Yakından incele · map,True,False,2.89329,3.01197,0.24450,1.01041,0.06857,0.36262
641,457.11143,0.03396,Yakından incele · map,True,False,2.91872,3.00504,0.26465,1.00050,0.03318,0.17694
642,457.14505,0.03362,Yakından incele · map,False,False,2.92000,3.00469,0.26566,1.00000,0.00168,0.00000
643,457.18298,0.03794,Yakından incele · map,False,False,2.92000,3.00469,0.26566,1.00000,0.00000,0.00000
644,457.21491,0.03192,Yakından incele · map,False,False,2.92000,3.00469,0.26566,1.00000,0.00000,0.00000
645,457.26184,0.04693,Yakından incele · map,False,False,2.92000,3.00469,0.26566,1.00000,0.00000,0.00000
646,457.27774,0.01590,Yakından incele · map,False,False,2.92000,3.00469,0.26566,1.00000,0.00000,0.00000
647,457.31055,0.03281,Yakından incele · map,False,False,2.92000,3.00469,0.26566,1.00000,0.00000,0.00000
648,457.34441,0.03386,Yakından incele · map,False,False,2.92000,3.00469,0.26566,1.00000,0.00000,0.00000
649,457.37811,0.03370,Yakından incele · map,False,False,2.92000,3.00469,0.26566,1.00000,0.00000,0.00000
650,457.41171,0.03360,Yakından incele · map,False,False,2.92000,3.00469,0.26566,1.00000,0.00000,0.00000
651,457.44493,0.03322,Yakından incele · map,False,False,2.92000,3.00469,0.26566,1.00000,0.00000,0.00000
652,457.47805,0.03312,Yakından incele · map,False,False,2.92000,3.00469,0.26566,1.00000,0.00000,0.00000
653,457.51098,0.03293,Yakından incele · map,False,False,2.92000,3.00469,0.26566,1.00000,0.00000,0.00000
654,457.54477,0.03380,Yakından incele · map,False,False,2.92000,3.00469,0.26566,1.00000,0.00000,0.00000
655,457.57897,0.03420,Yakından incele · map,False,False,2.92000,3.00469,0.26566,1.00000,0.00000,0.00000
656,457.61242,0.03345,Yakından incele · map,False,False,2.92000,3.00469,0.26566,1.00000,0.00000,0.00000
657,457.64595,0.03352,Yakından incele · map,False,False,2.92000,3.00469,0.26566,1.00000,0.00000,0.00000
658,457.67816,0.03221,Yakından incele · map,False,False,2.92000,3.00469,0.26566,1.00000,0.00000,0.00000
659,457.71188,0.03372,Yakından incele · map,False,False,2.92000,3.00469,0.26566,1.00000,0.00000,0.00000
660,457.74499,0.03311,Yakından incele · map,False,False,2.92000,3.00469,0.26566,1.00000,0.00000,0.00000
661,457.77838,0.03339,Yakından incele · map,False,False,2.92000,3.00469,0.26566,1.00000,0.00000,0.00000
662,457.81201,0.03363,Yakından incele · map,False,False,2.92000,3.00469,0.26566,1.00000,0.00000,0.00000
663,457.84672,0.03471,Yakından incele · map,False,False,2.92000,3.00469,0.26566,1.00000,0.00000,0.00000
664,457.87871,0.03200,Yakından incele · map,False,False,2.92000,3.00469,0.26566,1.00000,0.00000,0.00000
665,457.91234,0.03362,Yakından incele · map,False,False,2.92000,3.00469,0.26566,1.00000,0.00000,0.00000
666,457.94566,0.03333,Yakından incele · map,False,False,2.92000,3.00469,0.26566,1.00000,0.00000,0.00000
667,457.97816,0.03249,Yakından incele · map,False,False,2.92000,3.00469,0.26566,1.00000,0.00000,0.00000
668,458.01150,0.03334,Yakından incele · map,False,False,2.92000,3.00469,0.26566,1.00000,0.00000,0.00000
669,458.04522,0.03372,Yakından incele · map,False,False,2.92000,3.00469,0.26566,1.00000,0.00000,0.00000
670,458.07849,0.03327,Yakından incele · map,False,False,2.92000,3.00469,0.26566,1.00000,0.00000,0.00000
671,458.11232,0.03383,Yakından incele · map,False,False,2.92000,3.00469,0.26566,1.00000,0.00000,0.00000
672,458.14541,0.03310,Yakından incele · map,False,False,2.92000,3.00469,0.26566,1.00000,0.00000,0.00000
673,458.17795,0.03254,Yakından incele · map,False,False,2.92000,3.00469,0.26566,1.00000,0.00000,0.00000
674,458.21228,0.03433,Yakından incele · map,False,False,2.92000,3.00469,0.26566,1.00000,0.00000,0.00000
675,458.24557,0.03329,Yakından incele · map,False,False,2.92000,3.00469,0.26566,1.00000,0.00000,0.00000
676,458.27871,0.03314,Yakından incele · map,False,False,2.92000,3.00469,0.26566,1.00000,0.00000,0.00000
677,458.31087,0.03216,Yakından incele · map,False,False,2.92000,3.00469,0.26566,1.00000,0.00000,0.00000
678,458.34511,0.03423,Yakından incele · map,False,False,2.92000,3.00469,0.26566,1.00000,0.00000,0.00000
679,458.37914,0.03403,Yakından incele · map,False,False,2.92000,3.00469,0.26566,1.00000,0.00000,0.00000
680,458.41141,0.03227,Yakından incele · map,False,False,2.92000,3.00469,0.26566,1.00000,0.00000,0.00000
681,458.44561,0.03421,Yakından incele · map,False,False,2.92000,3.00469,0.26566,1.00000,0.00000,0.00000
682,458.47889,0.03328,Yakından incele · map,False,False,2.92000,3.00469,0.26566,1.00000,0.00000,0.00000
683,458.51366,0.03476,Yakından incele · map,False,False,2.92000,3.00469,0.26566,1.00000,0.00000,0.00000
684,458.54573,0.03207,Yakından incele · map,False,False,2.92000,3.00469,0.26566,1.00000,0.00000,0.00000
685,458.57921,0.03349,Yakından incele · map,False,False,2.92000,3.00469,0.26566,1.00000,0.00000,0.00000
686,458.61157,0.03236,Yakından incele · map,False,False,2.92000,3.00469,0.26566,1.00000,0.00000,0.00000
687,458.64428,0.03271,Yakından incele · map,False,False,2.92000,3.00469,0.26566,1.00000,0.00000,0.00000
688,458.67807,0.03378,Yakından incele · map,False,False,2.92000,3.00469,0.26566,1.00000,0.00000,0.00000
689,458.71184,0.03377,Yakından incele · map,False,False,2.92000,3.00469,0.26566,1.00000,0.00000,0.00000
690,458.74579,0.03395,Yakından incele · map,False,False,2.92000,3.00469,0.26566,1.00000,0.00000,0.00000
691,458.77887,0.03308,Yakından incele · map,False,False,2.92000,3.00469,0.26566,1.00000,0.00000,0.00000
692,458.81143,0.03256,Yakından incele · map,False,False,2.92000,3.00469,0.26566,1.00000,0.00000,0.00000
693,458.84478,0.03335,Yakından incele · map,False,False,2.92000,3.00469,0.26566,1.00000,0.00000,0.00000
694,458.87886,0.03408,Yakından incele · map,False,False,2.92000,3.00469,0.26566,1.00000,0.00000,0.00000
695,458.91148,0.03262,Yakından incele · map,False,False,2.92000,3.00469,0.26566,1.00000,0.00000,0.00000
696,458.94503,0.03356,Yakından incele · map,False,False,2.92000,3.00469,0.26566,1.00000,0.00000,0.00000
697,458.97908,0.03405,Yakından incele · map,False,False,2.92000,3.00469,0.26566,1.00000,0.00000,0.00000
698,459.01270,0.03363,Yakından incele · map,False,False,2.92000,3.00469,0.26566,1.00000,0.00000,0.00000
699,459.04591,0.03320,Yakından incele · map,False,False,2.92000,3.00469,0.26566,1.00000,0.00000,0.00000
700,459.07817,0.03227,Yakından incele · map,False,False,2.92000,3.00469,0.26566,1.00000,0.00000,0.00000
701,459.11161,0.03343,Yakından incele · map,False,False,2.92000,3.00469,0.26566,1.00000,0.00000,0.00000
702,459.14514,0.03353,Yakından incele · map,False,False,2.92000,3.00469,0.26566,1.00000,0.00000,0.00000
703,459.18102,0.03588,Yakından incele · map,False,False,2.92000,3.00469,0.26566,1.00000,0.00000,0.00000
704,459.21257,0.03155,Yakından incele · map,False,False,2.92000,3.00469,0.26566,1.00000,0.00000,0.00000
705,459.24537,0.03281,Yakından incele · map,False,False,2.92000,3.00469,0.26566,1.00000,0.00000,0.00000
706,459.27849,0.03311,Yakından incele · map,False,False,2.92000,3.00469,0.26566,1.00000,0.00000,0.00000
707,459.31189,0.03341,Yakından incele · map,False,False,2.92000,3.00469,0.26566,1.00000,0.00000,0.00000
708,459.34482,0.03292,Yakından incele · map,False,False,2.92000,3.00469,0.26566,1.00000,0.00000,0.00000
709,459.37842,0.03360,Yakından incele · map,False,False,2.92000,3.00469,0.26566,1.00000,0.00000,0.00000
710,459.41227,0.03385,Yakından incele · map,False,False,2.92000,3.00469,0.26566,1.00000,0.00000,0.00000
711,459.44546,0.03318,Yakından incele · map,False,False,2.92000,3.00469,0.26566,1.00000,0.00000,0.00000
712,459.47894,0.03348,Yakından incele · map,False,False,2.92000,3.00469,0.26566,1.00000,0.00000,0.00000
713,459.51238,0.03344,Yakından incele · map,False,False,2.92000,3.00469,0.26566,1.00000,0.00000,0.00000
714,459.54584,0.03347,Yakından incele · map,False,False,2.92000,3.00469,0.26566,1.00000,0.00000,0.00000
715,459.57927,0.03343,Yakından incele · map,False,False,2.92000,3.00469,0.26566,1.00000,0.00000,0.00000
716,459.62044,0.04117,Yakından incele · map,False,False,2.92000,3.00469,0.26566,1.00000,0.00000,0.00000
717,459.65388,0.03344,Yakından incele · map,False,False,2.92000,3.00469,0.26566,1.00000,0.00000,0.00000
718,459.68737,0.03349,Yakından incele · map,False,False,2.92000,3.00469,0.26566,1.00000,0.00000,0.00000
719,459.72023,0.03285,Yakından incele · map,False,False,2.92000,3.00469,0.26566,1.00000,0.00000,0.00000
720,459.75391,0.03368,Yakından incele · map,False,False,2.92000,3.00469,0.26566,1.00000,0.00000,0.00000
721,459.78755,0.03364,Yakından incele · map,False,False,2.92000,3.00469,0.26566,1.00000,0.00000,0.00000
722,459.82260,0.03505,Yakından incele · map,False,False,2.92000,3.00469,0.26566,1.00000,0.00000,0.00000
723,459.85728,0.03468,Yakından incele · map,False,False,2.92000,3.00469,0.26566,1.00000,0.00000,0.00000
724,459.88699,0.02971,Yakından incele · map,False,False,2.92000,3.00469,0.26566,1.00000,0.00000,0.00000
725,459.92033,0.03334,Yakından incele · map,False,False,2.92000,3.00469,0.26566,1.00000,0.00000,0.00000
726,459.95738,0.03704,Yakından incele · map,False,False,2.92000,3.00469,0.26566,1.00000,0.00000,0.00000
727,459.99010,0.03273,Yakından incele · map,False,False,2.92000,3.00469,0.26566,1.00000,0.00000,0.00000
728,460.02062,0.03052,Yakından incele · map,False,False,2.92000,3.00469,0.26566,1.00000,0.00000,0.00000
729,460.05420,0.03358,Yakından incele · map,False,False,2.92000,3.00469,0.26566,1.00000,0.00000,0.00000
730,460.08749,0.03330,Yakından incele · map,False,False,2.92000,3.00469,0.26566,1.00000,0.00000,0.00000
731,460.12152,0.03403,Yakından incele · map,False,False,2.92000,3.00469,0.26566,1.00000,0.00000,0.00000
732,460.15420,0.03268,Yakından incele · map,False,False,2.92000,3.00469,0.26566,1.00000,0.00000,0.00000
733,460.19924,0.04504,Yakından incele · map,False,False,2.92000,3.00469,0.26566,1.00000,0.00000,0.00000
734,460.22124,0.02200,Yakından incele · map,False,False,2.92000,3.00469,0.26566,1.00000,0.00000,0.00000
735,460.25500,0.03376,Yakından incele · map,False,False,2.92000,3.00469,0.26566,1.00000,0.00000,0.00000
736,460.28757,0.03256,Yakından incele · map,False,False,2.92000,3.00469,0.26566,1.00000,0.00000,0.00000
737,460.32040,0.03284,Yakından incele · map,False,False,2.92000,3.00469,0.26566,1.00000,0.00000,0.00000
738,460.35415,0.03375,Yakından incele · map,False,False,2.92000,3.00469,0.26566,1.00000,0.00000,0.00000
739,460.38784,0.03369,Yakından incele · map,False,False,2.92000,3.00469,0.26566,1.00000,0.00000,0.00000
740,460.42054,0.03270,Yakından incele · map,False,False,2.92000,3.00469,0.26566,1.00000,0.00000,0.00000
741,460.45356,0.03302,Yakından incele · map,False,False,2.92000,3.00469,0.26566,1.00000,0.00000,0.00000
742,460.48771,0.03415,Yakından incele · map,False,False,2.92000,3.00469,0.26566,1.00000,0.00000,0.00000
743,460.54262,0.05491,Ada ile odada gezin,True,False,2.87757,3.01672,0.23154,1.01687,0.05576,0.29608
744,460.55385,0.01123,Ada ile odada gezin,True,False,2.85887,3.02202,0.21649,1.02431,0.02458,0.00000
745,460.58871,0.03486,Ada ile odada gezin,True,False,2.78542,3.04285,0.15741,1.05353,0.09654,0.52039
746,460.62235,0.03364,Ada ile odada gezin,True,False,2.68052,3.07260,0.07303,1.09524,0.13787,0.74125
747,460.65426,0.03191,Ada ile odada gezin,True,False,2.56250,3.10607,-0.02191,1.14218,0.15512,0.83368
748,460.68776,0.03351,Ada ile odada gezin,True,False,2.41753,3.14719,-0.13853,1.19984,0.19055,1.02487
749,460.72113,0.03337,Ada ile odada gezin,True,False,2.25156,3.19426,-0.27203,1.26585,0.21814,1.17368
750,460.75388,0.03275,Ada ile odada gezin,True,False,2.07014,3.24571,-0.41797,1.33801,0.23845,1.28266
751,460.78673,0.03285,Ada ile odada gezin,True,False,1.87412,3.30130,-0.57565,1.41597,0.25764,1.38590
752,460.81998,0.03325,Ada ile odada gezin,True,False,1.66302,3.36117,-0.74546,1.49992,0.27746,1.49302
753,460.85344,0.03346,Ada ile odada gezin,True,False,1.43986,3.42445,-0.92497,1.58868,0.29331,1.57864
754,460.88675,0.03331,Ada ile odada gezin,True,False,1.20606,3.49076,-1.11304,1.68167,0.30729,1.65323
755,460.91954,0.03279,Ada ile odada gezin,True,False,0.96554,3.55897,-1.30652,1.77732,0.31612,1.70084
756,460.95243,0.03289,Ada ile odada gezin,True,False,0.72407,3.62745,-1.50075,1.87336,0.31737,1.70818
757,460.98584,0.03341,Ada ile odada gezin,True,False,0.47329,3.69857,-1.70249,1.97310,0.32962,1.77382
758,461.01930,0.03345,Ada ile odada gezin,True,False,0.22144,3.76999,-1.90508,2.07327,0.33102,1.78087
759,461.05327,0.03398,Ada ile odada gezin,True,False,-0.02859,3.84090,-2.10620,2.17271,0.32862,1.76808
760,461.08683,0.03356,Ada ile odada gezin,True,False,-0.28283,3.91300,-2.31072,2.27382,0.33416,1.79793
761,461.12037,0.03354,Ada ile odada gezin,True,False,-0.52240,3.98094,-2.50343,2.36910,0.31488,1.69438
762,461.15501,0.03464,Ada ile odada gezin,True,False,-0.76493,4.04973,-2.69852,2.46556,0.31877,1.71504
763,461.18824,0.03323,Ada ile odada gezin,True,False,-0.99774,4.11575,-2.88579,2.55815,0.30599,1.64611
764,461.21974,0.03150,Ada ile odada gezin,True,False,-1.20960,4.17583,-3.05621,2.64241,0.27845,1.49825
765,461.25327,0.03353,Ada ile odada gezin,True,False,-1.40944,4.23251,-3.21696,2.72189,0.26266,1.41331
766,461.28791,0.03465,Ada ile odada gezin,True,False,-1.60664,4.28843,-3.37559,2.80032,0.25919,1.39491
767,461.32081,0.03289,Ada ile odada gezin,True,False,-1.78015,4.33764,-3.51516,2.86933,0.22804,1.22715
768,461.35292,0.03211,Ada ile odada gezin,True,False,-1.93295,4.38097,-3.63808,2.93010,0.20084,1.07991
769,461.38766,0.03474,Ada ile odada gezin,True,False,-2.06545,4.41855,-3.74466,2.98280,0.17416,0.93627
770,461.42191,0.03425,Ada ile odada gezin,True,False,-2.18320,4.45194,-3.83938,3.02963,0.15476,0.83274
771,461.45344,0.03153,Ada ile odada gezin,True,False,-2.26569,4.47534,-3.90574,3.06244,0.10842,0.58282
772,461.48663,0.03319,Ada ile odada gezin,True,False,-2.32478,4.49209,-3.95326,3.08594,0.07765,0.41684
773,461.52035,0.03372,Ada ile odada gezin,True,False,-2.35617,4.50099,-3.97851,3.09842,0.04126,0.21670
774,461.55374,0.03339,Ada ile odada gezin,False,False,-2.36013,4.50212,-3.98170,3.10000,0.00521,0.00000
775,461.58921,0.03547,Ada ile odada gezin,False,False,-2.36013,4.50212,-3.98170,3.10000,0.00000,0.00000
776,461.62109,0.03188,Ada ile odada gezin,False,False,-2.36292,4.50225,-3.98064,3.10000,0.00298,0.00000
777,461.65447,0.03338,Ada ile odada gezin,False,False,-2.37094,4.50261,-3.97769,3.10000,0.00856,0.00000
778,461.68672,0.03225,Ada ile odada gezin,False,False,-2.38464,4.50319,-3.97280,3.10000,0.01456,0.00000
779,461.72044,0.03372,Ada ile odada gezin,False,False,-2.40411,4.50400,-3.96630,3.10000,0.02054,0.00000
780,461.75476,0.03431,Ada ile odada gezin,False,False,-2.43106,4.50507,-3.95771,3.10000,0.02831,0.00000
781,461.78837,0.03361,Ada ile odada gezin,False,False,-2.46159,4.50614,-3.94826,3.10000,0.03197,0.00000
782,461.82098,0.03261,Ada ile odada gezin,False,False,-2.49451,4.50715,-3.93834,3.10000,0.03439,0.00000
783,461.85311,0.03213,Ada ile odada gezin,False,False,-2.52775,4.50800,-3.92841,3.10000,0.03471,0.00000
784,461.88704,0.03392,Ada ile odada gezin,False,False,-2.56110,4.50859,-3.91815,3.10000,0.03490,0.00000
785,461.92169,0.03465,Ada ile odada gezin,False,False,-2.59587,4.50903,-3.90728,3.10000,0.03643,0.00000
786,461.95416,0.03247,Ada ile odada gezin,False,False,-2.62969,4.50936,-3.89677,3.10000,0.03542,0.00000
787,461.98641,0.03225,Ada ile odada gezin,False,False,-2.66071,4.50959,-3.88737,3.10000,0.03242,0.00000
788,462.02172,0.03531,Ada ile odada gezin,False,False,-2.69331,4.50975,-3.87752,3.10000,0.03405,0.00000
789,462.05590,0.03418,Ada ile odada gezin,False,False,-2.72678,4.50979,-3.86695,3.10000,0.03509,0.00000
790,462.08858,0.03269,Ada ile odada gezin,False,False,-2.75579,4.50968,-3.85737,3.10000,0.03055,0.00000
791,462.12098,0.03239,Ada ile odada gezin,False,False,-2.78646,4.50952,-3.84699,3.10000,0.03238,0.00000
792,462.15279,0.03182,Ada ile odada gezin,False,False,-2.81320,4.50921,-3.83710,3.10000,0.02852,0.00000
793,462.18666,0.03387,Ada ile odada gezin,False,False,-2.84168,4.50879,-3.82567,3.10000,0.03069,0.00000
794,462.22036,0.03370,Ada ile odada gezin,False,False,-2.86889,4.50832,-3.81403,3.10000,0.02959,0.00000
795,462.25402,0.03366,Ada ile odada gezin,False,False,-2.89518,4.50789,-3.80259,3.10000,0.02868,0.00000
796,462.28746,0.03343,Ada ile odada gezin,False,False,-2.92029,4.50767,-3.79261,3.10000,0.02702,0.00000
797,462.32118,0.03372,Ada ile odada gezin,False,False,-2.94456,4.50766,-3.78433,3.10000,0.02564,0.00000
798,462.35615,0.03497,Ada ile odada gezin,False,False,-2.96800,4.50775,-3.77720,3.10000,0.02451,0.00000
799,462.38982,0.03367,Ada ile odada gezin,False,False,-2.99186,4.50782,-3.77023,3.10000,0.02486,0.00000
800,462.42179,0.03197,Ada ile odada gezin,False,False,-3.01250,4.50790,-3.76478,3.10000,0.02134,0.00000
801,462.45699,0.03520,Ada ile odada gezin,False,False,-3.03406,4.50807,-3.76000,3.10000,0.02209,0.00000
802,462.48897,0.03198,Ada ile odada gezin,False,False,-3.05498,4.50818,-3.75554,3.10000,0.02139,0.00000
803,462.51964,0.03067,Ada ile odada gezin,False,False,-3.07298,4.50810,-3.75122,3.10000,0.01851,0.00000
804,462.55265,0.03301,Ada ile odada gezin,False,False,-3.09177,4.50796,-3.74635,3.10000,0.01941,0.00000
805,462.58720,0.03455,Ada ile odada gezin,False,False,-3.10996,4.50780,-3.74161,3.10000,0.01880,0.00000
806,462.62185,0.03465,Ada ile odada gezin,False,False,-3.12850,4.50770,-3.73719,3.10000,0.01906,0.00000
807,462.65535,0.03350,Ada ile odada gezin,False,False,-3.14517,4.50769,-3.73400,3.10000,0.01697,0.00000
808,462.68906,0.03371,Ada ile odada gezin,False,False,-3.16537,4.50823,-3.73239,3.10000,0.02027,0.00000
809,462.72053,0.03147,Ada ile odada gezin,False,False,-3.18754,4.50936,-3.73339,3.10000,0.02222,0.00000
810,462.75344,0.03292,Ada ile odada gezin,False,False,-3.21546,4.51117,-3.73680,3.10000,0.02819,0.00000
811,462.78777,0.03433,Ada ile odada gezin,False,False,-3.24921,4.51345,-3.74233,3.10000,0.03428,0.00000
812,462.82227,0.03450,Ada ile odada gezin,False,False,-3.28856,4.51600,-3.74969,3.10000,0.04011,0.00000
813,462.85473,0.03246,Ada ile odada gezin,False,False,-3.33048,4.51848,-3.75817,3.10000,0.04284,0.00000
814,462.88766,0.03293,Ada ile odada gezin,False,False,-3.37299,4.52071,-3.76734,3.10000,0.04354,0.00000
815,462.93205,0.04439,Ada ile odada gezin,False,False,-3.43688,4.52379,-3.78142,3.10000,0.06549,0.00000
816,462.97036,0.03831,Ada ile odada gezin,False,False,-3.48680,4.52558,-3.79270,3.10000,0.05121,0.00000
817,463.00215,0.03179,Ada ile odada gezin,False,False,-3.54304,4.52741,-3.80588,3.10000,0.05779,0.00000
818,463.03037,0.02821,Ada ile odada gezin,False,False,-3.58427,4.52834,-3.81554,3.10000,0.04236,0.00000
819,463.06683,0.03646,Ada ile odada gezin,False,False,-3.63770,4.52965,-3.82783,3.10000,0.05484,0.00000
820,463.09980,0.03297,Ada ile odada gezin,False,False,-3.69475,4.53084,-3.84087,3.10000,0.05853,0.00000
821,463.12988,0.03007,Ada ile odada gezin,False,False,-3.74345,4.53156,-3.85202,3.10000,0.04996,0.00000
822,463.16421,0.03433,Ada ile odada gezin,False,False,-3.79621,4.53229,-3.86401,3.10000,0.05411,0.00000
823,463.19723,0.03302,Ada ile odada gezin,False,False,-3.85427,4.53300,-3.87702,3.10000,0.05951,0.00000
824,463.22888,0.03165,Ada ile odada gezin,False,False,-3.90504,4.53337,-3.88827,3.10000,0.05200,0.00000
825,463.26232,0.03344,Ada ile odada gezin,False,False,-3.96092,4.53363,-3.89919,3.10000,0.05693,0.00000
826,463.29618,0.03385,Ada ile odada gezin,False,False,-4.01643,4.53370,-3.90912,3.10000,0.05640,0.00000
827,463.33026,0.03409,Ada ile odada gezin,False,False,-4.07315,4.53371,-3.91864,3.10000,0.05752,0.00000
828,463.36245,0.03219,Ada ile odada gezin,False,False,-4.12963,4.53365,-3.92772,3.10000,0.05720,0.00000
829,463.39533,0.03288,Ada ile odada gezin,False,False,-4.18262,4.53354,-3.93602,3.10000,0.05363,0.00000
830,463.42960,0.03426,Ada ile odada gezin,False,False,-4.24091,4.53351,-3.94494,3.10000,0.05897,0.00000
831,463.46274,0.03315,Ada ile odada gezin,False,False,-4.29655,4.53343,-3.95336,3.10000,0.05627,0.00000
832,463.49607,0.03333,Ada ile odada gezin,False,False,-4.35292,4.53336,-3.96181,3.10000,0.05701,0.00000
833,463.52923,0.03316,Ada ile odada gezin,False,False,-4.40822,4.53330,-3.97006,3.10000,0.05591,0.00000
834,463.56272,0.03349,Ada ile odada gezin,False,False,-4.46479,4.53326,-3.97846,3.10000,0.05719,0.00000
835,463.59629,0.03357,Ada ile odada gezin,False,False,-4.52053,4.53321,-3.98672,3.10000,0.05635,0.00000
836,463.62969,0.03340,Ada ile odada gezin,False,False,-4.57760,4.53320,-3.99515,3.10000,0.05770,0.00000
837,463.66294,0.03325,Ada ile odada gezin,False,False,-4.63264,4.53315,-4.00329,3.10000,0.05563,0.00000
838,463.69617,0.03322,Ada ile odada gezin,False,False,-4.68954,4.53314,-4.01168,3.10000,0.05752,0.00000
839,463.72876,0.03260,Ada ile odada gezin,False,False,-4.74446,4.53311,-4.01978,3.10000,0.05552,0.00000
840,463.76258,0.03382,Ada ile odada gezin,False,False,-4.80031,4.53309,-4.02801,3.10000,0.05645,0.00000
841,463.79647,0.03389,Ada ile odada gezin,False,False,-4.85755,4.53310,-4.03644,3.10000,0.05785,0.00000
842,463.82917,0.03270,Ada ile odada gezin,False,False,-4.91359,4.53309,-4.04470,3.10000,0.05665,0.00000
843,463.86290,0.03372,Ada ile odada gezin,False,False,-4.96832,4.53306,-4.05277,3.10000,0.05532,0.00000
844,463.89656,0.03366,Ada ile odada gezin,False,False,-5.02657,4.53309,-4.06133,3.10000,0.05887,0.00000
845,463.92932,0.03276,Ada ile odada gezin,False,False,-5.08103,4.53306,-4.06936,3.10000,0.05505,0.00000
846,463.96331,0.03399,Ada ile odada gezin,False,False,-5.13826,4.53307,-4.07778,3.10000,0.05785,0.00000
847,463.99683,0.03351,Ada ile odada gezin,False,False,-5.19393,4.53306,-4.08599,3.10000,0.05627,0.00000
848,464.02944,0.03262,Ada ile odada gezin,False,False,-5.25055,4.53306,-4.09432,3.10000,0.05723,0.00000
849,464.06207,0.03263,Ada ile odada gezin,False,False,-5.30451,4.53303,-4.10228,3.10000,0.05454,0.00000
850,464.11753,0.05546,Yakından incele · supplyWater,True,False,-5.35090,4.52779,-4.09550,3.09326,0.04717,0.00000
851,464.15166,0.03413,Yakından incele · supplyWater,True,False,-5.29064,4.49788,-4.00937,3.05494,0.10929,0.66910
852,464.17152,0.01986,Yakından incele · supplyWater,True,False,-5.25551,4.48044,-3.95916,3.03261,0.06371,0.38563
853,464.19589,0.02437,Yakından incele · supplyWater,True,False,-5.20616,4.45595,-3.88861,3.00123,0.08952,0.54680
854,464.22869,0.03280,Yakından incele · supplyWater,True,False,-5.12407,4.41520,-3.77127,2.94903,0.14888,0.91257
855,464.26144,0.03275,Yakından incele · supplyWater,True,False,-5.03033,4.36867,-3.63729,2.88943,0.17001,1.04229
856,464.29496,0.03352,Yakından incele · supplyWater,True,False,-4.92104,4.31443,-3.48107,2.81994,0.19822,1.21433
857,464.33048,0.03552,Yakından incele · supplyWater,True,False,-4.79970,4.25420,-3.30764,2.74279,0.22007,1.34869
858,464.36562,0.03513,Yakından incele · supplyWater,True,False,-4.66063,4.18517,-3.10885,2.65437,0.25223,1.54709
859,464.39716,0.03154,Yakından incele · supplyWater,True,False,-4.52115,4.11594,-2.90949,2.56568,0.25297,1.55163
860,464.42872,0.03157,Yakından incele · supplyWater,True,False,-4.37990,4.04582,-2.70758,2.47587,0.25620,1.57118
861,464.46182,0.03310,Yakından incele · supplyWater,True,False,-4.22694,3.96990,-2.48894,2.37861,0.27742,1.70130
862,464.49577,0.03395,Yakından incele · supplyWater,True,False,-4.06753,3.89077,-2.26109,2.27725,0.28911,1.77338
863,464.52953,0.03376,Yakından incele · supplyWater,True,False,-3.90151,3.80837,-2.02378,2.17169,0.30112,1.84689
864,464.56234,0.03281,Yakından incele · supplyWater,True,False,-3.73778,3.72710,-1.78975,2.06759,0.29695,1.82085
865,464.59532,0.03299,Yakından incele · supplyWater,True,False,-3.57298,3.64530,-1.55420,1.96281,0.29889,1.83285
866,464.62906,0.03374,Yakından incele · supplyWater,True,False,-3.40744,3.56313,-1.31758,1.85755,0.30024,1.84095
867,464.66300,0.03394,Yakından incele · supplyWater,True,False,-3.24152,3.48077,-1.08042,1.75205,0.30092,1.84519
868,464.69591,0.03291,Yakından incele · supplyWater,True,False,-3.07876,3.39999,-0.84777,1.64857,0.29519,1.80964
869,464.72922,0.03331,Yakından incele · supplyWater,True,False,-2.92595,3.32414,-0.62935,1.55141,0.27715,1.69900
870,464.76257,0.03335,Yakından incele · supplyWater,True,False,-2.77180,3.24762,-0.40900,1.45339,0.27959,1.71504
871,464.79529,0.03272,Yakından incele · supplyWater,True,False,-2.63027,3.17737,-0.20671,1.36340,0.25669,1.57467
872,464.82902,0.03373,Yakından incele · supplyWater,True,False,-2.49458,3.11002,-0.01275,1.27712,0.24610,1.50970
873,464.86237,0.03335,Yakından incele · supplyWater,True,False,-2.36788,3.04713,0.16834,1.19657,0.22979,1.40887
874,464.89575,0.03338,Yakından incele · supplyWater,True,False,-2.25364,2.99042,0.33164,1.12393,0.20721,1.27040
875,464.92948,0.03373,Yakından incele · supplyWater,True,False,-2.15071,2.93933,0.47877,1.05848,0.18668,1.14465
876,464.96329,0.03381,Yakından incele · supplyWater,True,False,-2.06175,2.89518,0.60592,1.00192,0.16133,0.98912
877,464.99659,0.03330,Yakından incele · supplyWater,True,False,-1.98777,2.85846,0.71166,0.95488,0.13418,0.82139
878,465.02930,0.03271,Yakından incele · supplyWater,True,False,-1.93126,2.83041,0.79243,0.91895,0.10249,0.62682
879,465.06325,0.03395,Yakından incele · supplyWater,True,False,-1.89280,2.81132,0.84741,0.89450,0.06976,0.42796
880,465.09705,0.03380,Yakından incele · supplyWater,True,False,-1.87219,2.80109,0.87687,0.88139,0.03739,0.22728
881,465.12922,0.03217,Yakından incele · supplyWater,False,False,-1.87000,2.80000,0.88000,0.88000,0.00397,0.00000
882,465.17042,0.04120,Yakından incele · supplyWater,False,False,-1.87000,2.80000,0.88000,0.88000,0.00000,0.00000
883,465.20025,0.02983,Yakından incele · supplyWater,False,False,-1.87000,2.80000,0.88000,0.88000,0.00000,0.00000
884,465.24914,0.04890,Yakından incele · supplyWater,False,False,-1.87000,2.80000,0.88000,0.88000,0.00000,0.00000
885,465.26283,0.01368,Yakından incele · supplyWater,False,False,-1.87000,2.80000,0.88000,0.88000,0.00000,0.00000
886,465.29618,0.03335,Yakından incele · supplyWater,False,False,-1.87000,2.80000,0.88000,0.88000,0.00000,0.00000
887,465.32978,0.03361,Yakından incele · supplyWater,False,False,-1.87000,2.80000,0.88000,0.88000,0.00000,0.00000
888,465.36367,0.03389,Yakından incele · supplyWater,False,False,-1.87000,2.80000,0.88000,0.88000,0.00000,0.00000
889,465.39694,0.03327,Yakından incele · supplyWater,False,False,-1.87000,2.80000,0.88000,0.88000,0.00000,0.00000
890,465.42962,0.03267,Yakından incele · supplyWater,False,False,-1.87000,2.80000,0.88000,0.88000,0.00000,0.00000
891,465.46333,0.03371,Yakından incele · supplyWater,False,False,-1.87000,2.80000,0.88000,0.88000,0.00000,0.00000
892,465.49646,0.03314,Yakından incele · supplyWater,False,False,-1.87000,2.80000,0.88000,0.88000,0.00000,0.00000
893,465.52923,0.03277,Yakından incele · supplyWater,False,False,-1.87000,2.80000,0.88000,0.88000,0.00000,0.00000
894,465.56408,0.03484,Yakından incele · supplyWater,False,False,-1.87000,2.80000,0.88000,0.88000,0.00000,0.00000
895,465.59822,0.03415,Yakından incele · supplyWater,False,False,-1.87000,2.80000,0.88000,0.88000,0.00000,0.00000
896,465.63024,0.03202,Yakından incele · supplyWater,False,False,-1.87000,2.80000,0.88000,0.88000,0.00000,0.00000
897,465.66280,0.03256,Yakından incele · supplyWater,False,False,-1.87000,2.80000,0.88000,0.88000,0.00000,0.00000
898,465.69633,0.03352,Yakından incele · supplyWater,False,False,-1.87000,2.80000,0.88000,0.88000,0.00000,0.00000
899,465.73010,0.03377,Yakından incele · supplyWater,False,False,-1.87000,2.80000,0.88000,0.88000,0.00000,0.00000
900,465.76411,0.03401,Yakından incele · supplyWater,False,False,-1.87000,2.80000,0.88000,0.88000,0.00000,0.00000
901,465.79788,0.03377,Yakından incele · supplyWater,False,False,-1.87000,2.80000,0.88000,0.88000,0.00000,0.00000
902,465.83230,0.03442,Yakından incele · supplyWater,False,False,-1.87000,2.80000,0.88000,0.88000,0.00000,0.00000
903,465.86218,0.02988,Yakından incele · supplyWater,False,False,-1.87000,2.80000,0.88000,0.88000,0.00000,0.00000
904,465.89561,0.03343,Yakından incele · supplyWater,False,False,-1.87000,2.80000,0.88000,0.88000,0.00000,0.00000
905,465.92987,0.03427,Yakından incele · supplyWater,False,False,-1.87000,2.80000,0.88000,0.88000,0.00000,0.00000
906,465.96256,0.03268,Yakından incele · supplyWater,False,False,-1.87000,2.80000,0.88000,0.88000,0.00000,0.00000
907,465.99530,0.03275,Yakından incele · supplyWater,False,False,-1.87000,2.80000,0.88000,0.88000,0.00000,0.00000
908,466.03005,0.03475,Yakından incele · supplyWater,False,False,-1.87000,2.80000,0.88000,0.88000,0.00000,0.00000
909,466.06333,0.03328,Yakından incele · supplyWater,False,False,-1.87000,2.80000,0.88000,0.88000,0.00000,0.00000
910,466.09607,0.03274,Yakından incele · supplyWater,False,False,-1.87000,2.80000,0.88000,0.88000,0.00000,0.00000
911,466.13067,0.03460,Yakından incele · supplyWater,False,False,-1.87000,2.80000,0.88000,0.88000,0.00000,0.00000
912,466.16406,0.03340,Yakından incele · supplyWater,False,False,-1.87000,2.80000,0.88000,0.88000,0.00000,0.00000
913,466.19690,0.03284,Yakından incele · supplyWater,False,False,-1.87000,2.80000,0.88000,0.88000,0.00000,0.00000
914,466.23935,0.04245,Yakından incele · supplyWater,False,False,-1.87000,2.80000,0.88000,0.88000,0.00000,0.00000
915,466.27245,0.03310,Yakından incele · supplyWater,False,False,-1.87000,2.80000,0.88000,0.88000,0.00000,0.00000
916,466.30558,0.03313,Yakından incele · supplyWater,False,False,-1.87000,2.80000,0.88000,0.88000,0.00000,0.00000
917,466.33888,0.03330,Yakından incele · supplyWater,False,False,-1.87000,2.80000,0.88000,0.88000,0.00000,0.00000
918,466.37279,0.03391,Yakından incele · supplyWater,False,False,-1.87000,2.80000,0.88000,0.88000,0.00000,0.00000
919,466.40591,0.03312,Yakından incele · supplyWater,False,False,-1.87000,2.80000,0.88000,0.88000,0.00000,0.00000
920,466.43867,0.03276,Yakından incele · supplyWater,False,False,-1.87000,2.80000,0.88000,0.88000,0.00000,0.00000
921,466.47279,0.03412,Yakından incele · supplyWater,False,False,-1.87000,2.80000,0.88000,0.88000,0.00000,0.00000
922,466.53862,0.06583,Ada ile odada gezin,True,False,-1.90974,2.81878,0.82463,0.90449,0.07070,0.42612
923,466.54658,0.00796,Ada ile odada gezin,True,False,-1.92153,2.82435,0.80821,0.91175,0.02097,0.00000
924,466.57181,0.02523,Ada ile odada gezin,True,False,-1.96186,2.84340,0.75202,0.93660,0.07174,0.43341
925,466.60507,0.03325,Ada ile odada gezin,True,False,-2.02828,2.87478,0.65949,0.97753,0.11815,0.71436
926,466.63873,0.03367,Ada ile odada gezin,True,False,-2.11353,2.91506,0.54072,1.03006,0.15164,0.91685
927,466.67161,0.03287,Ada ile odada gezin,True,False,-2.21122,2.96121,0.40462,1.09026,0.17378,1.05201
928,466.70560,0.03400,Ada ile odada gezin,True,False,-2.32352,3.01427,0.24816,1.15946,0.19976,1.20981
929,466.73973,0.03412,Ada ile odada gezin,True,False,-2.45027,3.07415,0.07158,1.23757,0.22546,1.36599
930,466.77265,0.03292,Ada ile odada gezin,True,False,-2.58541,3.13800,-0.11670,1.32084,0.24040,1.45640
931,466.80629,0.03365,Ada ile odada gezin,True,False,-2.72870,3.20570,-0.31633,1.40914,0.25488,1.54456
932,466.83946,0.03317,Ada ile odada gezin,True,False,-2.88352,3.27885,-0.53203,1.50454,0.27540,1.66878
933,466.87235,0.03288,Ada ile odada gezin,True,False,-3.03981,3.35269,-0.74977,1.60085,0.27801,1.68465
934,466.90496,0.03261,Ada ile odada gezin,True,False,-3.20418,3.43035,-0.97876,1.70214,0.29238,1.77161
935,466.93842,0.03346,Ada ile odada gezin,True,False,-3.36966,3.50853,-1.20931,1.80411,0.29436,1.78350
936,466.97232,0.03390,Ada ile odada gezin,True,False,-3.54196,3.58994,-1.44936,1.91028,0.30650,1.85703
937,467.00608,0.03376,Ada ile odada gezin,True,False,-3.71464,3.67152,-1.68993,2.01669,0.30716,1.86124
938,467.03905,0.03297,Ada ile odada gezin,True,False,-3.88674,3.75283,-1.92969,2.12274,0.30613,1.85535
939,467.07219,0.03314,Ada ile odada gezin,True,False,-4.05437,3.83203,-2.16324,2.22604,0.29820,1.80705
940,467.10614,0.03395,Ada ile odada gezin,True,False,-4.22097,3.91075,-2.39535,2.32870,0.29635,1.79619
941,467.13860,0.03246,Ada ile odada gezin,True,False,-4.38457,3.98804,-2.62327,2.42951,0.29101,1.76364
942,467.17145,0.03285,Ada ile odada gezin,True,False,-4.53577,4.05947,-2.83392,2.52268,0.26896,1.62987
943,467.20587,0.03443,Ada ile odada gezin,True,False,-4.68641,4.13065,-3.04379,2.61551,0.26797,1.62313
944,467.23943,0.03355,Ada ile odada gezin,True,False,-4.82846,4.19776,-3.24169,2.70304,0.25268,1.53081
945,467.27246,0.03304,Ada ile odada gezin,True,False,-4.95759,4.25877,-3.42160,2.78261,0.22970,1.39210
946,467.30601,0.03354,Ada ile odada gezin,True,False,-5.07675,4.31507,-3.58761,2.85604,0.21196,1.28449
947,467.33828,0.03227,Ada ile odada gezin,True,False,-5.18151,4.36456,-3.73356,2.92059,0.18635,1.12881
948,467.37186,0.03358,Ada ile odada gezin,True,False,-5.27133,4.40700,-3.85869,2.97594,0.15977,0.96671
949,467.40549,0.03363,Ada ile odada gezin,True,False,-5.34935,4.44386,-3.96739,3.02402,0.13879,0.83930
950,467.43837,0.03288,Ada ile odada gezin,True,False,-5.40785,4.47150,-4.04889,3.06006,0.10405,0.62807
951,467.47199,0.03362,Ada ile odada gezin,True,False,-5.44852,4.49071,-4.10555,3.08513,0.07235,0.43521
952,467.50589,0.03390,Ada ile odada gezin,True,False,-5.47000,4.50087,-4.13548,3.09837,0.03822,0.23070
953,467.53934,0.03345,Ada ile odada gezin,False,False,-5.47266,4.50212,-4.13918,3.10000,0.00472,0.00000
954,467.60176,0.06242,Yakından incele · supplyFood,True,False,-5.46017,4.49622,-4.12178,3.09231,0.02221,0.00000
955,467.63237,0.03061,Yakından incele · supplyFood,True,False,-5.39305,4.46451,-4.02828,3.05095,0.11939,0.72199
956,467.65284,0.02048,Yakından incele · supplyFood,True,False,-5.35864,4.44825,-3.98034,3.02975,0.06121,0.36903
957,467.67598,0.02313,Yakından incele · supplyFood,True,False,-5.30870,4.42465,-3.91075,2.99897,0.08885,0.53668
958,467.70872,0.03274,Yakından incele · supplyFood,True,False,-5.22580,4.38549,-3.79526,2.94788,0.14746,0.89262
959,467.74060,0.03188,Yakından incele · supplyFood,True,False,-5.12617,4.33842,-3.65645,2.88649,0.17723,1.07410
960,467.77185,0.03125,Yakından incele · supplyFood,True,False,-5.01863,4.28761,-3.50663,2.82022,0.19130,1.15959
961,467.80542,0.03357,Yakından incele · supplyFood,True,False,-4.89658,4.22994,-3.33660,2.74502,0.21710,1.31579
962,467.83846,0.03304,Yakından incele · supplyFood,True,False,-4.75871,4.16481,-3.14452,2.66006,0.24524,1.48566
963,467.87150,0.03304,Yakından incele · supplyFood,True,False,-4.61758,4.09813,-2.94789,2.57309,0.25106,1.52107
964,467.90453,0.03303,Yakından incele · supplyFood,True,False,-4.46439,4.02575,-2.73448,2.47870,0.27249,1.65134
965,467.93771,0.03318,Yakından incele · supplyFood,True,False,-4.30759,3.95167,-2.51602,2.38207,0.27892,1.68976
966,467.97149,0.03378,Yakından incele · supplyFood,True,False,-4.14234,3.87359,-2.28579,2.28024,0.29395,1.78087
967,468.00487,0.03338,Yakından incele · supplyFood,True,False,-3.97358,3.79386,-2.05069,2.17625,0.30019,1.81913
968,468.03835,0.03347,Yakından incele · supplyFood,True,False,-3.80276,3.71316,-1.81270,2.07099,0.30386,1.84180
969,468.07173,0.03338,Yakından incele · supplyFood,True,False,-3.63145,3.63222,-1.57403,1.96543,0.30472,1.84647
970,468.10633,0.03460,Yakından incele · supplyFood,True,False,-3.45855,3.55053,-1.33315,1.85888,0.30756,1.86335
971,468.13910,0.03277,Yakından incele · supplyFood,True,False,-3.28577,3.46890,-1.09244,1.75242,0.30734,1.86208
972,468.17215,0.03305,Yakından incele · supplyFood,True,False,-3.12530,3.39308,-0.86887,1.65353,0.28545,1.72913
973,468.20545,0.03330,Yakından incele · supplyFood,True,False,-2.95934,3.31467,-0.63766,1.55126,0.29522,1.78876
974,468.23801,0.03256,Yakından incele · supplyFood,True,False,-2.80853,3.24342,-0.42755,1.45833,0.26826,1.62602
975,468.27173,0.03372,Yakından incele · supplyFood,True,False,-2.65725,3.17194,-0.21678,1.36511,0.26911,1.63035
976,468.30516,0.03343,Yakından incele · supplyFood,True,False,-2.51730,3.10582,-0.02181,1.27887,0.24894,1.50763
977,468.33943,0.03427,Yakından incele · supplyFood,True,False,-2.38741,3.04446,0.15915,1.19883,0.23105,1.39995
978,468.37350,0.03407,Yakından incele · supplyFood,True,False,-2.26554,2.98688,0.32894,1.12374,0.21678,1.31341
979,468.40600,0.03251,Yakından incele · supplyFood,True,False,-2.16062,2.93731,0.47511,1.05908,0.18664,1.13158
980,468.43832,0.03232,Yakından incele · supplyFood,True,False,-2.07049,2.89472,0.60068,1.00355,0.16032,0.97156
981,468.47210,0.03378,Yakından incele · supplyFood,True,False,-1.99527,2.85918,0.70548,0.95719,0.13381,0.80987
982,468.50546,0.03337,Yakından incele · supplyFood,True,False,-1.93442,2.83044,0.79025,0.91970,0.10823,0.65611
983,468.53815,0.03269,Yakından incele · supplyFood,True,False,-1.89436,2.81151,0.84606,0.89501,0.07126,0.43160
984,468.57168,0.03353,Yakından incele · supplyFood,True,False,-1.87287,2.80136,0.87600,0.88177,0.03822,0.22381
985,468.60515,0.03347,Yakından incele · supplyFood,False,False,-1.87000,2.80000,0.88000,0.88000,0.00511,0.00000
986,468.64635,0.04121,Yakından incele · supplyFood,False,False,-1.87000,2.80000,0.88000,0.88000,0.00000,0.00000
987,468.67521,0.02886,Yakından incele · supplyFood,False,False,-1.87000,2.80000,0.88000,0.88000,0.00000,0.00000
988,468.72779,0.05258,Yakından incele · supplyFood,False,False,-1.87000,2.80000,0.88000,0.88000,0.00000,0.00000
989,468.74136,0.01356,Yakından incele · supplyFood,False,False,-1.87000,2.80000,0.88000,0.88000,0.00000,0.00000
990,468.77213,0.03077,Yakından incele · supplyFood,False,False,-1.87000,2.80000,0.88000,0.88000,0.00000,0.00000
991,468.80658,0.03446,Yakından incele · supplyFood,False,False,-1.87000,2.80000,0.88000,0.88000,0.00000,0.00000
992,468.84351,0.03693,Yakından incele · supplyFood,False,False,-1.87000,2.80000,0.88000,0.88000,0.00000,0.00000
993,468.87761,0.03410,Yakından incele · supplyFood,False,False,-1.87000,2.80000,0.88000,0.88000,0.00000,0.00000
994,468.90959,0.03198,Yakından incele · supplyFood,False,False,-1.87000,2.80000,0.88000,0.88000,0.00000,0.00000
995,468.94323,0.03364,Yakından incele · supplyFood,False,False,-1.87000,2.80000,0.88000,0.88000,0.00000,0.00000
996,468.97648,0.03325,Yakından incele · supplyFood,False,False,-1.87000,2.80000,0.88000,0.88000,0.00000,0.00000
997,469.01001,0.03353,Yakından incele · supplyFood,False,False,-1.87000,2.80000,0.88000,0.88000,0.00000,0.00000
998,469.04164,0.03163,Yakından incele · supplyFood,False,False,-1.87000,2.80000,0.88000,0.88000,0.00000,0.00000
999,469.07335,0.03171,Yakından incele · supplyFood,False,False,-1.87000,2.80000,0.88000,0.88000,0.00000,0.00000
1000,469.10795,0.03460,Yakından incele · supplyFood,False,False,-1.87000,2.80000,0.88000,0.88000,0.00000,0.00000
1001,469.14130,0.03334,Yakından incele · supplyFood,False,False,-1.87000,2.80000,0.88000,0.88000,0.00000,0.00000
1002,469.17282,0.03152,Yakından incele · supplyFood,False,False,-1.87000,2.80000,0.88000,0.88000,0.00000,0.00000
1003,469.20559,0.03278,Yakından incele · supplyFood,False,False,-1.87000,2.80000,0.88000,0.88000,0.00000,0.00000
1004,469.23944,0.03384,Yakından incele · supplyFood,False,False,-1.87000,2.80000,0.88000,0.88000,0.00000,0.00000
1005,469.27280,0.03337,Yakından incele · supplyFood,False,False,-1.87000,2.80000,0.88000,0.88000,0.00000,0.00000
1006,469.30685,0.03405,Yakından incele · supplyFood,False,False,-1.87000,2.80000,0.88000,0.88000,0.00000,0.00000
1007,469.33874,0.03188,Yakından incele · supplyFood,False,False,-1.87000,2.80000,0.88000,0.88000,0.00000,0.00000
1008,469.37323,0.03450,Yakından incele · supplyFood,False,False,-1.87000,2.80000,0.88000,0.88000,0.00000,0.00000
1009,469.40594,0.03271,Yakından incele · supplyFood,False,False,-1.87000,2.80000,0.88000,0.88000,0.00000,0.00000
1010,469.43800,0.03206,Yakından incele · supplyFood,False,False,-1.87000,2.80000,0.88000,0.88000,0.00000,0.00000
1011,469.47102,0.03302,Yakından incele · supplyFood,False,False,-1.87000,2.80000,0.88000,0.88000,0.00000,0.00000
1012,469.50513,0.03411,Yakından incele · supplyFood,False,False,-1.87000,2.80000,0.88000,0.88000,0.00000,0.00000
1013,469.54683,0.04170,Yakından incele · supplyFood,False,False,-1.87000,2.80000,0.88000,0.88000,0.00000,0.00000
1014,469.58093,0.03410,Yakından incele · supplyFood,False,False,-1.87000,2.80000,0.88000,0.88000,0.00000,0.00000
1015,469.61423,0.03330,Yakından incele · supplyFood,False,False,-1.87000,2.80000,0.88000,0.88000,0.00000,0.00000
1016,469.64640,0.03217,Yakından incele · supplyFood,False,False,-1.87000,2.80000,0.88000,0.88000,0.00000,0.00000
1017,469.68011,0.03371,Yakından incele · supplyFood,False,False,-1.87000,2.80000,0.88000,0.88000,0.00000,0.00000
1018,469.71481,0.03470,Yakından incele · supplyFood,False,False,-1.87000,2.80000,0.88000,0.88000,0.00000,0.00000
1019,469.74833,0.03352,Yakından incele · supplyFood,False,False,-1.87000,2.80000,0.88000,0.88000,0.00000,0.00000
1020,469.78181,0.03348,Yakından incele · supplyFood,False,False,-1.87000,2.80000,0.88000,0.88000,0.00000,0.00000
1021,469.81501,0.03320,Yakından incele · supplyFood,False,False,-1.87000,2.80000,0.88000,0.88000,0.00000,0.00000
1022,469.84695,0.03195,Yakından incele · supplyFood,False,False,-1.87000,2.80000,0.88000,0.88000,0.00000,0.00000
1023,469.88023,0.03327,Yakından incele · supplyFood,False,False,-1.87000,2.80000,0.88000,0.88000,0.00000,0.00000
1024,469.91353,0.03330,Yakından incele · supplyFood,False,False,-1.87000,2.80000,0.88000,0.88000,0.00000,0.00000
1025,469.94707,0.03354,Yakından incele · supplyFood,False,False,-1.87000,2.80000,0.88000,0.88000,0.00000,0.00000
1026,470.01262,0.06555,Ada ile odada gezin,True,False,-1.91055,2.81916,0.82351,0.90499,0.07213,0.43521
1027,470.02229,0.00967,Ada ile odada gezin,True,False,-1.92123,2.82420,0.80863,0.91157,0.01900,0.00000
1028,470.04940,0.02711,Ada ile odada gezin,True,False,-1.96479,2.84478,0.74794,0.93841,0.07749,0.46814
1029,470.08285,0.03345,Ada ile odada gezin,True,False,-2.03214,2.87660,0.65411,0.97991,0.11980,0.72415
1030,470.11542,0.03257,Ada ile odada gezin,True,False,-2.11859,2.91745,0.53367,1.03318,0.15378,0.93124
1031,470.14653,0.03111,Ada ile odada gezin,True,False,-2.21340,2.96225,0.40158,1.09161,0.16866,1.02181
1032,470.17879,0.03226,Ada ile odada gezin,True,False,-2.32299,3.01402,0.24891,1.15914,0.19493,1.18166
1033,470.21224,0.03345,Ada ile odada gezin,True,False,-2.44651,3.07238,0.07682,1.23525,0.21972,1.33117
1034,470.24609,0.03384,Ada ile odada gezin,True,False,-2.58307,3.13690,-0.11344,1.31940,0.24291,1.47137
1035,470.27942,0.03334,Ada ile odada gezin,True,False,-2.72762,3.20519,-0.31483,1.40848,0.25713,1.55818
1036,470.31260,0.03317,Ada ile odada gezin,True,False,-2.87963,3.27701,-0.52660,1.50214,0.27039,1.63849
1037,470.34604,0.03345,Ada ile odada gezin,True,False,-3.03889,3.35225,-0.74848,1.60028,0.28329,1.71687
1038,470.37961,0.03356,Ada ile odada gezin,True,False,-3.20278,3.42969,-0.97682,1.70128,0.29154,1.76675
1039,470.41278,0.03318,Ada ile odada gezin,True,False,-3.37253,3.50989,-1.21330,1.80588,0.30194,1.82943
1040,470.44595,0.03317,Ada ile odada gezin,True,False,-3.54009,3.58906,-1.44675,1.90913,0.29807,1.80618
1041,470.47923,0.03327,Ada ile odada gezin,True,False,-3.71360,3.67103,-1.68849,2.01605,0.30864,1.87089
1042,470.51245,0.03322,Ada ile odada gezin,True,False,-3.88226,3.75071,-1.92345,2.11998,0.30000,1.81784
1043,470.54597,0.03352,Ada ile odada gezin,True,False,-4.05365,3.83169,-2.16223,2.22559,0.30488,1.84731
1044,470.57907,0.03310,Ada ile odada gezin,True,False,-4.21885,3.90974,-2.39239,2.32739,0.29386,1.78043
1045,470.61283,0.03377,Ada ile odada gezin,True,False,-4.38056,3.98614,-2.61768,2.42703,0.28765,1.74311
1046,470.64626,0.03342,Ada ile odada gezin,True,False,-4.53865,4.06084,-2.83794,2.52446,0.28123,1.70406
1047,470.68035,0.03409,Ada ile odada gezin,True,False,-4.68601,4.13046,-3.04323,2.61526,0.26212,1.58803
1048,470.71418,0.03382,Ada ile odada gezin,True,False,-4.83037,4.19866,-3.24436,2.70422,0.25680,1.55617
1049,470.74915,0.03497,Ada ile odada gezin,True,False,-4.95850,4.25920,-3.42287,2.78317,0.22792,1.38138
1050,470.78181,0.03266,Ada ile odada gezin,True,False,-5.08307,4.31806,-3.59642,2.85994,0.22159,1.34346
1051,470.81288,0.03107,Ada ile odada gezin,True,False,-5.18107,4.36436,-3.73295,2.92032,0.17432,1.05720
1052,470.84693,0.03406,Ada ile odada gezin,True,False,-5.27232,4.40747,-3.86007,2.97655,0.16231,0.98436
1053,470.88048,0.03355,Ada ile odada gezin,True,False,-5.35055,4.44443,-3.96907,3.02476,0.13916,0.84395
1054,470.91320,0.03272,Ada ile odada gezin,True,False,-5.40786,4.47151,-4.04891,3.06007,0.10194,0.61802
1055,470.94612,0.03292,Ada ile odada gezin,True,False,-5.44903,4.49096,-4.10626,3.08544,0.07323,0.44235
1056,470.97942,0.03330,Ada ile odada gezin,True,False,-5.46976,4.50075,-4.13515,3.09822,0.03688,0.22029
1057,471.01483,0.03540,Ada ile odada gezin,False,False,-5.47266,4.50212,-4.13918,3.10000,0.00515,0.00000
1058,471.05451,0.03968,Ada ile odada gezin,False,False,-5.47266,4.50212,-4.13918,3.10000,0.00000,0.00000
1059,471.08503,0.03052,Ada ile odada gezin,False,False,-5.47001,4.50162,-4.13779,3.10000,0.00303,0.00000
1060,471.11866,0.03363,Ada ile odada gezin,False,False,-5.46309,4.50043,-4.13402,3.10000,0.00797,0.00000
1061,471.15073,0.03206,Ada ile odada gezin,False,False,-5.45061,4.49904,-4.13081,3.10000,0.01296,0.00000
1062,471.18479,0.03406,Ada ile odada gezin,False,False,-5.43848,4.49792,-4.12763,3.10000,0.01259,0.00000
1063,471.22077,0.03598,Ada ile odada gezin,False,False,-5.42190,4.49649,-4.12236,3.10000,0.01746,0.00000
1064,471.25034,0.02958,Ada ile odada gezin,False,False,-5.40823,4.49558,-4.11767,3.10000,0.01448,0.00000
1065,471.27985,0.02951,Ada ile odada gezin,False,False,-5.39594,4.49498,-4.11323,3.10000,0.01309,0.00000
1066,471.31233,0.03248,Ada ile odada gezin,False,False,-5.38263,4.49428,-4.10732,3.10000,0.01458,0.00000
1067,471.34603,0.03369,Ada ile odada gezin,False,False,-5.36886,4.49360,-4.10044,3.10000,0.01541,0.00000
1068,471.37976,0.03374,Ada ile odada gezin,False,False,-5.35492,4.49299,-4.09300,3.10000,0.01581,0.00000
1069,471.41262,0.03285,Ada ile odada gezin,False,False,-5.34114,4.49248,-4.08535,3.10000,0.01578,0.00000
1070,471.44569,0.03307,Ada ile odada gezin,False,False,-5.32749,4.49206,-4.07762,3.10000,0.01569,0.00000
1071,471.47935,0.03366,Ada ile odada gezin,False,False,-5.31345,4.49170,-4.06959,3.10000,0.01618,0.00000
1072,471.51299,0.03364,Ada ile odada gezin,False,False,-5.29947,4.49142,-4.06158,3.10000,0.01611,0.00000
1073,471.54643,0.03344,Ada ile odada gezin,False,False,-5.28527,4.49119,-4.05346,3.10000,0.01637,0.00000
1074,471.57965,0.03322,Ada ile odada gezin,False,False,-5.27134,4.49102,-4.04554,3.10000,0.01602,0.00000
1075,471.61271,0.03306,Ada ile odada gezin,False,False,-5.25710,4.49088,-4.03749,3.10000,0.01636,0.00000
1076,471.64597,0.03326,Ada ile odada gezin,False,False,-5.24323,4.49078,-4.02972,3.10000,0.01590,0.00000
1077,471.67948,0.03351,Ada ile odada gezin,False,False,-5.22867,4.49069,-4.02165,3.10000,0.01665,0.00000
1078,471.71247,0.03298,Ada ile odada gezin,False,False,-5.21466,4.49065,-4.01396,3.10000,0.01597,0.00000
1079,471.74625,0.03378,Ada ile odada gezin,False,False,-5.20024,4.49060,-4.00613,3.10000,0.01641,0.00000
1080,471.77939,0.03314,Ada ile odada gezin,False,False,-5.18572,4.49058,-3.99835,3.10000,0.01648,0.00000
1081,471.81277,0.03338,Ada ile odada gezin,False,False,-5.17158,4.49057,-3.99086,3.10000,0.01600,0.00000
1082,471.84654,0.03376,Ada ile odada gezin,False,False,-5.15690,4.49056,-3.98318,3.10000,0.01656,0.00000
1083,471.87935,0.03281,Ada ile odada gezin,False,False,-5.14211,4.49064,-3.97630,3.10000,0.01631,0.00000
1084,471.91212,0.03277,Ada ile odada gezin,False,False,-5.12799,4.49086,-3.97047,3.10000,0.01528,0.00000
1085,471.94605,0.03393,Ada ile odada gezin,False,False,-5.11392,4.49117,-3.96507,3.10000,0.01507,0.00000
1086,471.97967,0.03362,Ada ile odada gezin,False,False,-5.10018,4.49151,-3.95996,3.10000,0.01466,0.00000
1087,472.01329,0.03362,Ada ile odada gezin,False,False,-5.08725,4.49186,-3.95517,3.10000,0.01380,0.00000
1088,472.04679,0.03350,Ada ile odada gezin,False,False,-5.07446,4.49220,-3.95039,3.10000,0.01366,0.00000
1089,472.08024,0.03345,Ada ile odada gezin,False,False,-5.06267,4.49253,-3.94587,3.10000,0.01263,0.00000
1090,472.11438,0.03414,Ada ile odada gezin,False,False,-5.05081,4.49283,-3.94119,3.10000,0.01275,0.00000
1091,472.14676,0.03237,Ada ile odada gezin,False,False,-5.03959,4.49310,-3.93662,3.10000,0.01211,0.00000
1092,472.17966,0.03291,Ada ile odada gezin,False,False,-5.02892,4.49326,-3.93177,3.10000,0.01172,0.00000
1093,472.21359,0.03392,Ada ile odada gezin,False,False,-5.01813,4.49328,-3.92564,3.10000,0.01242,0.00000
1094,472.24665,0.03307,Ada ile odada gezin,False,False,-5.00794,4.49363,-3.92162,3.10000,0.01096,0.00000
1095,472.28017,0.03352,Ada ile odada gezin,False,False,-4.99889,4.49422,-3.91886,3.10000,0.00948,0.00000
1096,472.31460,0.03443,Ada ile odada gezin,False,False,-4.98929,4.49475,-3.91701,3.10000,0.00978,0.00000
1097,472.34834,0.03374,Ada ile odada gezin,False,False,-4.97699,4.49504,-3.91582,3.10000,0.01237,0.00000
1098,472.38448,0.03614,Ada ile odada gezin,False,False,-4.96386,4.49518,-3.91510,3.10000,0.01315,0.00000
1099,472.41896,0.03448,Ada ile odada gezin,False,False,-4.94515,4.49491,-3.91476,3.10000,0.01871,0.00000
1100,472.45130,0.03234,Ada ile odada gezin,False,False,-4.92921,4.49477,-3.91457,3.10000,0.01595,0.00000
1101,472.48397,0.03267,Ada ile odada gezin,False,False,-4.91284,4.49479,-3.91438,3.10000,0.01637,0.00000
1102,472.51411,0.03013,Ada ile odada gezin,False,False,-4.90109,4.49509,-3.91414,3.10000,0.01176,0.00000
1103,472.54606,0.03196,Ada ile odada gezin,False,False,-4.89097,4.49557,-3.91386,3.10000,0.01013,0.00000
1104,472.57940,0.03333,Ada ile odada gezin,False,False,-4.88167,4.49604,-3.91361,3.10000,0.00932,0.00000
1105,472.61315,0.03375,Ada ile odada gezin,False,False,-4.87005,4.49623,-3.91349,3.10000,0.01163,0.00000
1106,472.64643,0.03328,Ada ile odada gezin,False,False,-4.85516,4.49603,-3.91356,3.10000,0.01489,0.00000
1107,472.67921,0.03278,Ada ile odada gezin,False,False,-4.84068,4.49593,-3.91359,3.10000,0.01448,0.00000
1108,472.71231,0.03310,Ada ile odada gezin,False,False,-4.82828,4.49603,-3.91354,3.10000,0.01240,0.00000
1109,472.74621,0.03390,Ada ile odada gezin,False,False,-4.81631,4.49617,-3.91347,3.10000,0.01197,0.00000
1110,472.77993,0.03371,Ada ile odada gezin,False,False,-4.80436,4.49631,-3.91341,3.10000,0.01195,0.00000
1111,472.81283,0.03290,Ada ile odada gezin,False,False,-4.79308,4.49643,-3.91335,3.10000,0.01128,0.00000
1112,472.85498,0.04215,Ada ile odada gezin,False,False,-4.77662,4.49639,-3.91337,3.10000,0.01646,0.00000
1113,472.88893,0.03395,Ada ile odada gezin,False,False,-4.76433,4.49640,-3.91336,3.10000,0.01229,0.00000
1114,472.92237,0.03344,Ada ile odada gezin,False,False,-4.75072,4.49634,-3.91339,3.10000,0.01361,0.00000
1115,472.95512,0.03275,Ada ile odada gezin,False,False,-4.73455,4.49597,-3.91355,3.10000,0.01618,0.00000
1116,472.98817,0.03306,Ada ile odada gezin,False,False,-4.71559,4.49544,-3.91378,3.10000,0.01897,0.00000
1117,473.02124,0.03307,Ada ile odada gezin,False,False,-4.69523,4.49487,-3.91403,3.10000,0.02037,0.00000
1118,473.05561,0.03437,Ada ile odada gezin,False,False,-4.66999,4.49397,-3.91443,3.10000,0.02525,0.00000
1119,473.08885,0.03323,Ada ile odada gezin,False,False,-4.63865,4.49268,-3.91499,3.10000,0.03138,0.00000
1120,473.12153,0.03268,Ada ile odada gezin,False,False,-4.60742,4.49162,-3.91545,3.10000,0.03125,0.00000
1121,473.15493,0.03340,Ada ile odada gezin,False,False,-4.57221,4.49041,-3.91598,3.10000,0.03524,0.00000
1122,473.18811,0.03318,Ada ile odada gezin,False,False,-4.53103,4.48891,-3.91664,3.10000,0.04121,0.00000
1123,473.22161,0.03349,Ada ile odada gezin,False,False,-4.48702,4.48743,-3.91729,3.10000,0.04404,0.00000
1124,473.25487,0.03326,Ada ile odada gezin,False,False,-4.44017,4.48602,-3.91790,3.10000,0.04687,0.00000
1125,473.28821,0.03335,Ada ile odada gezin,False,False,-4.39236,4.48477,-3.91845,3.10000,0.04783,0.00000
1126,473.32152,0.03331,Ada ile odada gezin,False,False,-4.34261,4.48365,-3.91894,3.10000,0.04976,0.00000
1127,473.35499,0.03346,Ada ile odada gezin,False,False,-4.29181,4.48264,-3.91938,3.10000,0.05082,0.00000
1128,473.38851,0.03352,Ada ile odada gezin,False,False,-4.23868,4.48168,-3.91980,3.10000,0.05314,0.00000
1129,473.42136,0.03285,Ada ile odada gezin,False,False,-4.18554,4.48083,-3.92017,3.10000,0.05315,0.00000
1130,473.45449,0.03313,Ada ile odada gezin,False,False,-4.13125,4.48006,-3.92051,3.10000,0.05429,0.00000
1131,473.48829,0.03379,Ada ile odada gezin,False,False,-4.07566,4.47938,-3.92081,3.10000,0.05559,0.00000
1132,473.52146,0.03318,Ada ile odada gezin,False,False,-4.01902,4.47879,-3.92106,3.10000,0.05664,0.00000
1133,473.55510,0.03363,Ada ile odada gezin,False,False,-3.96351,4.47834,-3.92126,3.10000,0.05551,0.00000
1134,473.58891,0.03382,Ada ile odada gezin,False,False,-3.90743,4.47760,-3.91852,3.10000,0.05615,0.00000
1135,473.62236,0.03344,Ada ile odada gezin,False,False,-3.85218,4.47672,-3.91361,3.10000,0.05548,0.00000
1136,473.65527,0.03292,Ada ile odada gezin,False,False,-3.79691,4.47580,-3.90719,3.10000,0.05565,0.00000
1137,473.68834,0.03307,Ada ile odada gezin,False,False,-3.74225,4.47494,-3.89977,3.10000,0.05516,0.00000
1138,473.72192,0.03358,Ada ile odada gezin,False,False,-3.68656,4.47413,-3.89143,3.10000,0.05632,0.00000
1139,473.75952,0.03760,Ada ile odada gezin,False,False,-3.63091,4.47347,-3.88266,3.10000,0.05634,0.00000
1140,473.79543,0.03591,Ada ile odada gezin,False,False,-3.56902,4.47282,-3.87250,3.10000,0.06272,0.00000
1141,473.82498,0.02955,Ada ile odada gezin,False,False,-3.51808,4.47264,-3.86396,3.10000,0.05165,0.00000
1142,473.85518,0.03020,Ada ile odada gezin,False,False,-3.46896,4.47254,-3.85560,3.10000,0.04983,0.00000
1143,473.88906,0.03387,Ada ile odada gezin,False,False,-3.41612,4.47240,-3.84673,3.10000,0.05358,0.00000
1144,473.92214,0.03308,Ada ile odada gezin,False,False,-3.36178,4.47228,-3.83761,3.10000,0.05510,0.00000
1145,473.95540,0.03326,Ada ile odada gezin,False,False,-3.30973,4.47222,-3.82875,3.10000,0.05279,0.00000
1146,473.98951,0.03411,Ada ile odada gezin,False,False,-3.25585,4.47212,-3.81942,3.10000,0.05468,0.00000
1147,474.02814,0.03863,Ada ile odada gezin,False,False,-3.20161,4.47209,-3.80990,3.10000,0.05507,0.00000
1148,474.06169,0.03355,Ada ile odada gezin,False,False,-3.14078,4.47196,-3.79917,3.10000,0.06177,0.00000
1149,474.08909,0.02740,Ada ile odada gezin,False,False,-3.09656,4.47207,-3.79148,3.10000,0.04489,0.00000
1150,474.12152,0.03243,Ada ile odada gezin,False,False,-3.04386,4.47194,-3.78244,3.10000,0.05347,0.00000
1151,474.15435,0.03283,Ada ile odada gezin,False,False,-2.99011,4.47177,-3.77313,3.10000,0.05455,0.00000
1152,474.18734,0.03299,Ada ile odada gezin,False,False,-2.93601,4.47158,-3.76355,3.10000,0.05494,0.00000
1153,474.22118,0.03384,Ada ile odada gezin,False,False,-2.88153,4.47145,-3.75377,3.10000,0.05535,0.00000
1154,474.25462,0.03344,Ada ile odada gezin,False,False,-2.82667,4.47136,-3.74402,3.10000,0.05572,0.00000
1155,474.28787,0.03325,Ada ile odada gezin,False,False,-2.77309,4.47130,-3.73438,3.10000,0.05445,0.00000
1156,474.32148,0.03361,Ada ile odada gezin,False,False,-2.71832,4.47127,-3.72440,3.10000,0.05567,0.00000
1157,474.35504,0.03357,Ada ile odada gezin,False,False,-2.66538,4.47131,-3.71452,3.10000,0.05386,0.00000
1158,474.38845,0.03341,Ada ile odada gezin,False,False,-2.61235,4.47129,-3.70447,3.10000,0.05397,0.00000
1159,474.42167,0.03322,Ada ile odada gezin,False,False,-2.55856,4.47128,-3.69430,3.10000,0.05474,0.00000
1160,474.45532,0.03365,Ada ile odada gezin,False,False,-2.50602,4.47133,-3.68440,3.10000,0.05346,0.00000
1161,474.48863,0.03331,Ada ile odada gezin,False,False,-2.45292,4.47135,-3.67418,3.10000,0.05408,0.00000
1162,474.52160,0.03297,Ada ile odada gezin,False,False,-2.40049,4.47138,-3.66395,3.10000,0.05342,0.00000
1163,474.55489,0.03329,Ada ile odada gezin,False,False,-2.34876,4.47142,-3.65350,3.10000,0.05277,0.00000
1164,474.58801,0.03311,Ada ile odada gezin,False,False,-2.29735,4.47146,-3.64273,3.10000,0.05253,0.00000
1165,474.62111,0.03311,Ada ile odada gezin,False,False,-2.24658,4.47140,-3.63130,3.10000,0.05203,0.00000
1166,474.65491,0.03380,Ada ile odada gezin,False,False,-2.19547,4.47115,-3.61807,3.10000,0.05280,0.00000
1167,474.68829,0.03338,Ada ile odada gezin,False,False,-2.14431,4.47045,-3.60125,3.10000,0.05386,0.00000
1168,474.72093,0.03264,Ada ile odada gezin,False,False,-2.09492,4.46952,-3.58193,3.10000,0.05304,0.00000
1169,474.75528,0.03435,Ada ile odada gezin,False,False,-2.04493,4.46845,-3.55979,3.10000,0.05469,0.00000
1170,474.78879,0.03351,Ada ile odada gezin,False,False,-1.99490,4.46738,-3.53527,3.10000,0.05572,0.00000
1171,474.82184,0.03305,Ada ile odada gezin,False,False,-1.94710,4.46641,-3.50958,3.10000,0.05428,0.00000
1172,474.85540,0.03356,Ada ile odada gezin,False,False,-1.89985,4.46545,-3.48175,3.10000,0.05484,0.00000
1173,474.88848,0.03307,Ada ile odada gezin,False,False,-1.85367,4.46450,-3.45194,3.10000,0.05497,0.00000
1174,474.93647,0.04799,Ada ile odada gezin,False,False,-1.80797,4.46358,-3.42027,3.10000,0.05562,0.00000
1175,474.97154,0.03507,Ada ile odada gezin,False,False,-1.73731,4.46171,-3.36852,3.10000,0.08760,0.00000
1176,474.98789,0.01635,Ada ile odada gezin,False,False,-1.71785,4.46223,-3.35367,3.10000,0.02448,0.00000
1177,475.02100,0.03312,Ada ile odada gezin,False,False,-1.68065,4.46296,-3.32466,3.10000,0.04718,0.00000
1178,475.05517,0.03416,Ada ile odada gezin,False,False,-1.64683,4.46453,-3.29808,3.10000,0.04304,0.00000
1179,475.08940,0.03423,Ada ile odada gezin,False,False,-1.61855,4.46696,-3.27613,3.10000,0.03588,0.00000
1180,475.12183,0.03243,Ada ile odada gezin,False,False,-1.59639,4.47011,-3.25845,3.10000,0.02852,0.00000
1181,475.15404,0.03221,Ada ile odada gezin,False,False,-1.58148,4.47374,-3.24545,3.10000,0.02011,0.00000
1182,475.18701,0.03297,Ada ile odada gezin,False,False,-1.57301,4.47795,-3.23610,3.10000,0.01330,0.00000
1183,475.22046,0.03345,Ada ile odada gezin,False,False,-1.57130,4.48248,-3.23065,3.10000,0.00729,0.00000
1184,475.25504,0.03458,Ada ile odada gezin,False,False,-1.57611,4.48678,-3.22517,3.10000,0.00847,0.00000
1185,475.28809,0.03305,Ada ile odada gezin,False,False,-1.58582,4.49026,-3.21792,3.10000,0.01260,0.00000
1186,475.32107,0.03297,Ada ile odada gezin,False,False,-1.59773,4.49295,-3.20969,3.10000,0.01473,0.00000
1187,475.35553,0.03447,Ada ile odada gezin,False,False,-1.61150,4.49531,-3.20155,3.10000,0.01617,0.00000
1188,475.38857,0.03304,Ada ile odada gezin,False,False,-1.62511,4.49734,-3.19522,3.10000,0.01515,0.00000
1189,475.42124,0.03267,Ada ile odada gezin,False,False,-1.63803,4.49935,-3.19227,3.10000,0.01340,0.00000
1190,475.45493,0.03369,Ada ile odada gezin,False,False,-1.65024,4.50116,-3.19157,3.10000,0.01236,0.00000
1191,475.48853,0.03360,Ada ile odada gezin,False,False,-1.66191,4.50311,-3.19492,3.10000,0.01230,0.00000
1192,475.52167,0.03314,Ada ile odada gezin,False,False,-1.67179,4.50497,-3.20175,3.10000,0.01215,0.00000
1193,475.55478,0.03311,Ada ile odada gezin,False,False,-1.68100,4.50670,-3.21107,3.10000,0.01323,0.00000
1194,475.58779,0.03301,Ada ile odada gezin,False,False,-1.68976,4.50824,-3.22197,3.10000,0.01407,0.00000
1195,475.62115,0.03336,Ada ile odada gezin,False,False,-1.69828,4.50956,-3.23394,3.10000,0.01475,0.00000
1196,475.65408,0.03293,Ada ile odada gezin,False,False,-1.70682,4.51069,-3.24681,3.10000,0.01548,0.00000
1197,475.68780,0.03372,Ada ile odada gezin,False,False,-1.71505,4.51159,-3.25974,3.10000,0.01536,0.00000
1198,475.72136,0.03356,Ada ile odada gezin,False,False,-1.72434,4.51226,-3.27260,3.10000,0.01587,0.00000
1199,475.75453,0.03318,Ada ile odada gezin,False,False,-1.73279,4.51278,-3.28508,3.10000,0.01509,0.00000
1200,475.78823,0.03370,Ada ile odada gezin,False,False,-1.74229,4.51316,-3.29767,3.10000,0.01578,0.00000
1201,475.82121,0.03298,Ada ile odada gezin,False,False,-1.75115,4.51351,-3.31035,3.10000,0.01547,0.00000
1202,475.85404,0.03284,Ada ile odada gezin,False,False,-1.76036,4.51370,-3.32229,3.10000,0.01508,0.00000
1203,475.88818,0.03414,Ada ile odada gezin,False,False,-1.77002,4.51380,-3.33401,3.10000,0.01518,0.00000
1204,475.92105,0.03287,Ada ile odada gezin,False,False,-1.77981,4.51385,-3.34536,3.10000,0.01499,0.00000
1205,475.95383,0.03278,Ada ile odada gezin,False,False,-1.78947,4.51386,-3.35620,3.10000,0.01452,0.00000
1206,475.98780,0.03397,Ada ile odada gezin,False,False,-1.79938,4.51385,-3.36708,3.10000,0.01472,0.00000
1207,476.02177,0.03398,Ada ile odada gezin,False,False,-1.80974,4.51385,-3.37826,3.10000,0.01524,0.00000
1208,476.05484,0.03306,Ada ile odada gezin,False,False,-1.81949,4.51381,-3.38879,3.10000,0.01435,0.00000
1209,476.08807,0.03323,Ada ile odada gezin,False,False,-1.82984,4.51363,-3.39834,3.10000,0.01409,0.00000
1210,476.12069,0.03261,Ada ile odada gezin,False,False,-1.84002,4.51338,-3.40677,3.10000,0.01322,0.00000
1211,476.16260,0.04192,Ada ile odada gezin,False,False,-1.85334,4.51308,-3.41697,3.10000,0.01678,0.00000
1212,476.19664,0.03404,Ada ile odada gezin,False,False,-1.86385,4.51259,-3.42325,3.10000,0.01225,0.00000
1213,476.22961,0.03297,Ada ile odada gezin,False,False,-1.87490,4.51191,-3.42728,3.10000,0.01179,0.00000
1214,476.26371,0.03411,Ada ile odada gezin,False,False,-1.88552,4.51120,-3.42971,3.10000,0.01091,0.00000
1215,476.29716,0.03345,Ada ile odada gezin,False,False,-1.89709,4.51045,-3.43126,3.10000,0.01170,0.00000
1216,476.32917,0.03201,Ada ile odada gezin,False,False,-1.90717,4.50979,-3.43204,3.10000,0.01013,0.00000
1217,476.36345,0.03428,Ada ile odada gezin,False,False,-1.91775,4.50917,-3.43239,3.10000,0.01060,0.00000
1218,476.39680,0.03335,Ada ile odada gezin,False,False,-1.92825,4.50860,-3.43239,3.10000,0.01052,0.00000
1219,476.42946,0.03266,Ada ile odada gezin,False,False,-1.93729,4.50806,-3.43214,3.10000,0.00905,0.00000
1220,476.46276,0.03330,Ada ile odada gezin,False,False,-1.94551,4.50748,-3.43181,3.10000,0.00825,0.00000
1221,476.49642,0.03365,Ada ile odada gezin,False,False,-1.95425,4.50726,-3.43232,3.10000,0.00876,0.00000
1222,476.52975,0.03333,Ada ile odada gezin,False,False,-1.96574,4.50755,-3.43431,3.10000,0.01166,0.00000
1223,476.56307,0.03332,Ada ile odada gezin,False,False,-1.97998,4.50828,-3.43734,3.10000,0.01458,0.00000
1224,476.59674,0.03368,Ada ile odada gezin,False,False,-1.99544,4.50899,-3.44089,3.10000,0.01588,0.00000
1225,476.62950,0.03275,Ada ile odada gezin,False,False,-2.01300,4.50987,-3.44488,3.10000,0.01803,0.00000
1226,476.66295,0.03346,Ada ile odada gezin,False,False,-2.03021,4.51051,-3.44883,3.10000,0.01767,0.00000
1227,476.69645,0.03349,Ada ile odada gezin,False,False,-2.05019,4.51126,-3.45288,3.10000,0.02040,0.00000
1228,476.72984,0.03339,Ada ile odada gezin,False,False,-2.06895,4.51171,-3.45657,3.10000,0.01913,0.00000
1229,476.76322,0.03338,Ada ile odada gezin,False,False,-2.09043,4.51222,-3.45991,3.10000,0.02174,0.00000
1230,476.79632,0.03310,Ada ile odada gezin,False,False,-2.11370,4.51276,-3.46251,3.10000,0.02342,0.00000
1231,476.82993,0.03360,Ada ile odada gezin,False,False,-2.14222,4.51354,-3.46428,3.10000,0.02859,0.00000
1232,476.86263,0.03270,Ada ile odada gezin,False,False,-2.17095,4.51415,-3.46565,3.10000,0.02877,0.00000
1233,476.89601,0.03338,Ada ile odada gezin,False,False,-2.20354,4.51491,-3.46629,3.10000,0.03260,0.00000
1234,476.93006,0.03405,Ada ile odada gezin,False,False,-2.23730,4.51550,-3.46654,3.10000,0.03377,0.00000
1235,476.96292,0.03286,Ada ile odada gezin,False,False,-2.27268,4.51605,-3.46619,3.10000,0.03539,0.00000
1236,476.99595,0.03303,Ada ile odada gezin,False,False,-2.30580,4.51629,-3.46566,3.10000,0.03312,0.00000
1237,477.02911,0.03316,Ada ile odada gezin,False,False,-2.33610,4.51610,-3.46516,3.10000,0.03031,0.00000
1238,477.06210,0.03299,Ada ile odada gezin,False,False,-2.36522,4.51586,-3.46448,3.10000,0.02913,0.00000
1239,477.09560,0.03350,Ada ile odada gezin,False,False,-2.39631,4.51580,-3.46347,3.10000,0.03111,0.00000
1240,477.12929,0.03369,Ada ile odada gezin,False,False,-2.42885,4.51585,-3.46228,3.10000,0.03256,0.00000
1241,477.16271,0.03342,Ada ile odada gezin,False,False,-2.46507,4.51641,-3.46195,3.10000,0.03623,0.00000
1242,477.19618,0.03347,Ada ile odada gezin,False,False,-2.50516,4.51768,-3.46422,3.10000,0.04018,0.00000
1243,477.22973,0.03354,Ada ile odada gezin,False,False,-2.55011,4.51981,-3.47112,3.10000,0.04553,0.00000
1244,477.26294,0.03321,Ada ile odada gezin,False,False,-2.59618,4.52220,-3.48161,3.10000,0.04731,0.00000
1245,477.29644,0.03350,Ada ile odada gezin,False,False,-2.64487,4.52464,-3.49468,3.10000,0.05047,0.00000
1246,477.32928,0.03284,Ada ile odada gezin,False,False,-2.69456,4.52686,-3.50909,3.10000,0.05179,0.00000
1247,477.36270,0.03342,Ada ile odada gezin,False,False,-2.74439,4.52870,-3.52383,3.10000,0.05199,0.00000
1248,477.39594,0.03323,Ada ile odada gezin,False,False,-2.79616,4.53039,-3.54007,3.10000,0.05428,0.00000
1249,477.42937,0.03343,Ada ile odada gezin,False,False,-2.84644,4.53186,-3.55725,3.10000,0.05315,0.00000
1250,477.46295,0.03358,Ada ile odada gezin,False,False,-2.89924,4.53334,-3.57668,3.10000,0.05629,0.00000
1251,477.49596,0.03301,Ada ile odada gezin,False,False,-2.94964,4.53453,-3.59611,3.10000,0.05403,0.00000
1252,477.52898,0.03302,Ada ile odada gezin,False,False,-3.00193,4.53564,-3.61688,3.10000,0.05627,0.00000
1253,477.56195,0.03298,Ada ile odada gezin,False,False,-3.05280,4.53651,-3.63748,3.10000,0.05490,0.00000
1254,477.59603,0.03407,Ada ile odada gezin,False,False,-3.10501,4.53723,-3.65852,3.10000,0.05629,0.00000
1255,477.62959,0.03356,Ada ile odada gezin,False,False,-3.15834,4.53786,-3.68033,3.10000,0.05763,0.00000
1256,477.66284,0.03326,Ada ile odada gezin,False,False,-3.20949,4.53828,-3.70113,3.10000,0.05521,0.00000
1257,477.69685,0.03401,Ada ile odada gezin,False,False,-3.26234,4.53869,-3.72290,3.10000,0.05716,0.00000
1258,477.72941,0.03256,Ada ile odada gezin,False,False,-3.31480,4.53903,-3.74472,3.10000,0.05682,0.00000
1259,477.76256,0.03314,Ada ile odada gezin,False,False,-3.36514,4.53924,-3.76563,3.10000,0.05451,0.00000
1260,477.79667,0.03412,Ada ile odada gezin,False,False,-3.41883,4.53948,-3.78786,3.10000,0.05811,0.00000
1261,477.83017,0.03350,Ada ile odada gezin,False,False,-3.47113,4.53963,-3.80952,3.10000,0.05660,0.00000
1262,477.86384,0.03366,Ada ile odada gezin,False,False,-3.52351,4.53975,-3.83122,3.10000,0.05670,0.00000
1263,477.89637,0.03254,Ada ile odada gezin,False,False,-3.57616,4.53985,-3.85305,3.10000,0.05700,0.00000
1264,477.93012,0.03375,Ada ile odada gezin,False,False,-3.62641,4.53989,-3.87393,3.10000,0.05441,0.00000
1265,477.96403,0.03391,Ada ile odada gezin,False,False,-3.68183,4.54003,-3.89695,3.10000,0.06001,0.00000
1266,477.99640,0.03237,Ada ile odada gezin,False,False,-3.73144,4.54002,-3.91763,3.10000,0.05375,0.00000
1267,478.02918,0.03279,Ada ile odada gezin,False,False,-3.78437,4.54011,-3.93992,3.10000,0.05743,0.00000
1268,478.06292,0.03374,Ada ile odada gezin,False,False,-3.83523,4.54014,-3.96133,3.10000,0.05518,0.00000
1269,478.09753,0.03461,Ada ile odada gezin,False,False,-3.88920,4.54022,-3.98402,3.10000,0.05854,0.00000
1270,478.13031,0.03278,Ada ile odada gezin,False,False,-3.94181,4.54025,-4.00616,3.10000,0.05708,0.00000
1271,478.16259,0.03228,Ada ile odada gezin,False,False,-3.99233,4.54023,-4.02747,3.10000,0.05483,0.00000
1272,478.19635,0.03376,Ada ile odada gezin,False,False,-4.04412,4.54026,-4.04936,3.10000,0.05622,0.00000
1273,478.23056,0.03420,Ada ile odada gezin,False,False,-4.09754,4.54032,-4.07199,3.10000,0.05801,0.00000
1274,478.26422,0.03366,Ada ile odada gezin,False,False,-4.14993,4.54037,-4.09450,3.10000,0.05702,0.00000
1275,478.29671,0.03249,Ada ile odada gezin,False,False,-4.20180,4.54042,-4.11703,3.10000,0.05655,0.00000
1276,478.32863,0.03192,Ada ile odada gezin,False,False,-4.25211,4.54043,-4.13887,3.10000,0.05485,0.00000
1277,478.36259,0.03396,Ada ile odada gezin,False,False,-4.30340,4.54046,-4.16112,3.10000,0.05591,0.00000
1278,478.39692,0.03433,Ada ile odada gezin,False,False,-4.35692,4.54055,-4.18445,3.10000,0.05838,0.00000
1279,478.42997,0.03305,Ada ile odada gezin,False,False,-4.40868,4.54066,-4.20805,3.10000,0.05689,0.00000
1280,478.46304,0.03307,Ada ile odada gezin,False,False,-4.45712,4.54094,-4.23404,3.10000,0.05497,0.00000
1281,478.49657,0.03353,Ada ile odada gezin,False,False,-4.50324,4.54145,-4.26498,3.10000,0.05554,0.00000
1282,478.52981,0.03324,Ada ile odada gezin,False,False,-4.54366,4.54201,-4.29985,3.10000,0.05339,0.00000
1283,478.56272,0.03291,Ada ile odada gezin,False,False,-4.57881,4.54249,-4.33969,3.10000,0.05313,0.00000
1284,478.59600,0.03327,Ada ile odada gezin,False,False,-4.60616,4.54269,-4.38177,3.10000,0.05019,0.00000
1285,478.62996,0.03397,Ada ile odada gezin,False,False,-4.62748,4.54269,-4.43002,3.10000,0.05275,0.00000
1286,478.66362,0.03365,Ada ile odada gezin,False,False,-4.64044,4.54235,-4.47990,3.10000,0.05154,0.00000
1287,478.69717,0.03356,Ada ile odada gezin,False,False,-4.64742,4.54181,-4.53346,3.10000,0.05402,0.00000
1288,478.72963,0.03246,Ada ile odada gezin,False,False,-4.65045,4.54121,-4.58721,3.10000,0.05384,0.00000
1289,478.76278,0.03315,Ada ile odada gezin,False,False,-4.65087,4.54061,-4.64059,3.10000,0.05339,0.00000
1290,478.79705,0.03427,Ada ile odada gezin,False,False,-4.64966,4.54010,-4.69748,3.10000,0.05690,0.00000
1291,478.82987,0.03282,Ada ile odada gezin,False,False,-4.64744,4.53964,-4.75408,3.10000,0.05664,0.00000
1292,478.86281,0.03294,Ada ile odada gezin,False,False,-4.64469,4.53922,-4.80831,3.10000,0.05430,0.00000
1293,478.89740,0.03458,Ada ile odada gezin,False,False,-4.64127,4.53892,-4.86603,3.10000,0.05782,0.00000
1294,478.93084,0.03344,Ada ile odada gezin,False,False,-4.63754,4.53865,-4.92347,3.10000,0.05756,0.00000
1295,478.96334,0.03250,Ada ile odada gezin,False,False,-4.63375,4.53840,-4.97885,3.10000,0.05551,0.00000
1296,478.99582,0.03248,Ada ile odada gezin,False,False,-4.62977,4.53820,-5.03443,3.10000,0.05573,0.00000
1297,479.02887,0.03305,Ada ile odada gezin,False,False,-4.62562,4.53804,-5.09051,3.10000,0.05624,0.00000
1298,479.06430,0.03543,Ada ile odada gezin,False,False,-4.62135,4.53791,-5.14660,3.10000,0.05625,0.00000
1299,479.09834,0.03403,Ada ile odada gezin,False,False,-4.61633,4.53785,-5.20773,3.10000,0.06134,0.00000
1300,479.13033,0.03199,Ada ile odada gezin,False,False,-4.61186,4.53764,-5.26050,3.10000,0.05296,0.00000
1301,479.16315,0.03282,Ada ile odada gezin,False,False,-4.60676,4.53755,-5.31807,3.10000,0.05779,0.00000
1302,479.19682,0.03367,Ada ile odada gezin,False,False,-4.60187,4.53742,-5.37250,3.10000,0.05466,0.00000
1303,479.23124,0.03442,Ada ile odada gezin,False,False,-4.59643,4.53739,-5.43172,3.10000,0.05946,0.00000
1304,479.26375,0.03251,Ada ile odada gezin,False,False,-4.59129,4.53730,-5.48752,3.10000,0.05604,0.00000
1305,479.29644,0.03270,Ada ile odada gezin,False,False,-4.58616,4.53722,-5.54282,3.10000,0.05553,0.00000
1306,479.32972,0.03327,Ada ile odada gezin,False,False,-4.57827,4.53672,-5.59800,3.10000,0.05575,0.00000
1307,479.36439,0.03468,Ada ile odada gezin,False,False,-4.56614,4.53554,-5.65094,3.10000,0.05432,0.00000
1308,479.39749,0.03310,Ada ile odada gezin,False,False,-4.54817,4.53351,-5.70251,3.10000,0.05465,0.00000
1309,479.42924,0.03175,Ada ile odada gezin,False,False,-4.52737,4.53085,-5.74476,3.10000,0.04716,0.00000
1310,479.47173,0.04249,Ada ile odada gezin,False,False,-4.49020,4.52638,-5.79572,3.10000,0.06324,0.00000
1311,479.50536,0.03363,Ada ile odada gezin,False,False,-4.45769,4.52216,-5.82706,3.10000,0.04535,0.00000
1312,479.53962,0.03427,Ada ile odada gezin,False,False,-4.41911,4.51729,-5.85241,3.10000,0.04642,0.00000
1313,479.57243,0.03281,Ada ile odada gezin,False,False,-4.37581,4.51200,-5.87061,3.10000,0.04727,0.00000
1314,479.60521,0.03278,Ada ile odada gezin,False,False,-4.32986,4.50670,-5.88221,3.10000,0.04768,0.00000
1315,479.63933,0.03412,Ada ile odada gezin,False,False,-4.27961,4.50153,-5.88984,3.10000,0.05110,0.00000
1316,479.67341,0.03408,Ada ile odada gezin,False,False,-4.22658,4.49683,-5.89457,3.10000,0.05344,0.00000
1317,479.70636,0.03295,Ada ile odada gezin,False,False,-4.17277,4.49283,-5.89723,3.10000,0.05402,0.00000
1318,479.73971,0.03335,Ada ile odada gezin,False,False,-4.11967,4.48954,-5.89847,3.10000,0.05322,0.00000
1319,479.77335,0.03363,Ada ile odada gezin,False,False,-4.06359,4.48667,-5.89877,3.10000,0.05615,0.00000
1320,479.80633,0.03299,Ada ile odada gezin,False,False,-4.00900,4.48440,-5.89840,3.10000,0.05464,0.00000
1321,479.83932,0.03299,Ada ile odada gezin,False,False,-3.95339,4.48252,-5.89754,3.10000,0.05565,0.00000
1322,479.87239,0.03307,Ada ile odada gezin,False,False,-3.89801,4.48101,-5.89634,3.10000,0.05542,0.00000
1323,479.90648,0.03409,Ada ile odada gezin,False,False,-3.84173,4.47977,-5.89488,3.10000,0.05631,0.00000
1324,479.93999,0.03350,Ada ile odada gezin,False,False,-3.78416,4.47874,-5.89320,3.10000,0.05760,0.00000
1325,479.97234,0.03235,Ada ile odada gezin,False,False,-3.72886,4.47798,-5.89144,3.10000,0.05533,0.00000
1326,480.00622,0.03389,Ada ile odada gezin,False,False,-3.67354,4.47737,-5.88958,3.10000,0.05535,0.00000
1327,480.04315,0.03693,Ada ile odada gezin,False,False,-3.61449,4.47681,-5.88754,3.10000,0.05909,0.00000
1328,480.07743,0.03428,Ada ile odada gezin,False,False,-3.55385,4.47635,-5.88537,3.10000,0.06068,0.00000
1329,480.10915,0.03172,Ada ile odada gezin,False,False,-3.49994,4.47612,-5.88337,3.10000,0.05395,0.00000
1330,480.15407,0.04491,Ada ile odada gezin,False,False,-3.44443,4.47589,-5.88129,3.10000,0.05555,0.00000
1331,480.18839,0.03432,Ada ile odada gezin,False,False,-3.35921,4.47524,-5.87823,3.10000,0.08527,0.00000
1332,480.20621,0.01782,Ada ile odada gezin,False,False,-3.33293,4.47580,-5.87805,3.10000,0.02629,0.00000
1333,480.23977,0.03356,Ada ile odada gezin,False,False,-3.28119,4.47703,-5.88170,3.10000,0.05188,0.00000
1334,480.27433,0.03457,Ada ile odada gezin,False,False,-3.23322,4.47907,-5.89005,3.10000,0.04874,0.00000
1335,480.30760,0.03326,Ada ile odada gezin,False,False,-3.18807,4.48202,-5.90437,3.10000,0.04745,0.00000
1336,480.33921,0.03161,Ada ile odada gezin,False,False,-3.15102,4.48545,-5.92291,3.10000,0.04157,0.00000
1337,480.37270,0.03349,Ada ile odada gezin,False,False,-3.11784,4.48958,-5.94786,3.10000,0.04172,0.00000
1338,480.40660,0.03390,Ada ile odada gezin,False,False,-3.08910,4.49439,-5.97992,3.10000,0.04333,0.00000
1339,480.43933,0.03273,Ada ile odada gezin,False,False,-3.06655,4.49956,-6.01757,3.10000,0.04418,0.00000
1340,480.47217,0.03284,Ada ile odada gezin,False,False,-3.04966,4.50487,-6.06008,3.10000,0.04605,0.00000
1341,480.50581,0.03364,Ada ile odada gezin,False,False,-3.03605,4.51005,-6.10757,3.10000,0.04967,0.00000
1342,480.54035,0.03454,Ada ile odada gezin,False,False,-3.02496,4.51470,-6.15768,3.10000,0.05153,0.00000
1343,480.57455,0.03420,Ada ile odada gezin,False,False,-3.01519,4.51890,-6.21183,3.10000,0.05519,0.00000
1344,480.60660,0.03205,Ada ile odada gezin,False,False,-3.00718,4.52218,-6.26369,3.10000,0.05258,0.00000
1345,480.63897,0.03237,Ada ile odada gezin,False,False,-2.99992,4.52494,-6.31641,3.10000,0.05329,0.00000
1346,480.67217,0.03320,Ada ile odada gezin,False,False,-2.99308,4.52726,-6.37058,3.10000,0.05464,0.00000
1347,480.70698,0.03481,Ada ile odada gezin,False,False,-2.98655,4.52919,-6.42585,3.10000,0.05569,0.00000
1348,480.74054,0.03356,Ada ile odada gezin,False,False,-2.98000,4.53085,-6.48403,3.10000,0.05858,0.00000
1349,480.77296,0.03242,Ada ile odada gezin,False,False,-2.97425,4.53199,-6.53732,3.10000,0.05361,0.00000
1350,480.80651,0.03355,Ada ile odada gezin,False,False,-2.96832,4.53301,-6.59351,3.10000,0.05651,0.00000
1351,480.83994,0.03343,Ada ile odada gezin,False,False,-2.96254,4.53381,-6.64949,3.10000,0.05628,0.00000
1352,480.87299,0.03305,Ada ile odada gezin,False,False,-2.95680,4.53446,-6.70583,3.10000,0.05663,0.00000
1353,480.90609,0.03309,Ada ile odada gezin,False,False,-2.95123,4.53495,-6.76129,3.10000,0.05574,0.00000
1354,480.93955,0.03346,Ada ile odada gezin,False,False,-2.94560,4.53537,-6.81777,3.10000,0.05677,0.00000
1355,480.97282,0.03328,Ada ile odada gezin,False,False,-2.94004,4.53569,-6.87383,3.10000,0.05633,0.00000
1356,481.00606,0.03324,Ada ile odada gezin,False,False,-2.93448,4.53595,-6.93030,3.10000,0.05675,0.00000
1357,481.03938,0.03332,Ada ile odada gezin,False,False,-2.92900,4.53614,-6.98619,3.10000,0.05616,0.00000
1358,481.07264,0.03326,Ada ile odada gezin,False,False,-2.92343,4.53632,-7.04307,3.10000,0.05714,0.00000
1359,481.10632,0.03368,Ada ile odada gezin,False,False,-2.91798,4.53643,-7.09892,3.10000,0.05612,0.00000
1360,481.13979,0.03347,Ada ile odada gezin,False,False,-2.91238,4.53656,-7.15635,3.10000,0.05771,0.00000
1361,481.17215,0.03236,Ada ile odada gezin,False,False,-2.90701,4.53661,-7.21163,3.10000,0.05554,0.00000
1362,481.20550,0.03335,Ada ile odada gezin,False,False,-2.90160,4.53666,-7.26725,3.10000,0.05588,0.00000
1363,481.23879,0.03330,Ada ile odada gezin,False,False,-2.89603,4.53674,-7.32460,3.10000,0.05762,0.00000
1364,481.27330,0.03450,Ada ile odada gezin,False,False,-2.89067,4.53676,-7.37990,3.10000,0.05555,0.00000
1365,481.30688,0.03358,Ada ile odada gezin,False,False,-2.88484,4.53685,-7.43972,3.10000,0.06011,0.00000
1366,481.33967,0.03279,Ada ile odada gezin,False,False,-2.87971,4.53680,-7.49296,3.10000,0.05348,0.00000
1367,481.37350,0.03383,Ada ile odada gezin,False,False,-2.87403,4.53687,-7.55143,3.10000,0.05875,0.00000
1368,481.40706,0.03356,Ada ile odada gezin,False,False,-2.86862,4.53686,-7.60732,3.10000,0.05615,0.00000
1369,481.44041,0.03335,Ada ile odada gezin,False,False,-2.86311,4.53688,-7.66418,3.10000,0.05713,0.00000
1370,481.47306,0.03265,Ada ile odada gezin,False,False,-2.85772,4.53687,-7.71985,3.10000,0.05592,0.00000
1371,481.50577,0.03271,Ada ile odada gezin,False,False,-2.85232,4.53687,-7.77569,3.10000,0.05611,0.00000
1372,481.53946,0.03369,Ada ile odada gezin,False,False,-2.84691,4.53688,-7.83155,3.10000,0.05612,0.00000
1373,481.58797,0.04851,Ada ile odada gezin,False,False,-2.84132,4.53691,-7.88919,3.10000,0.05791,0.00000
1374,481.63746,0.04949,Ada ile odada gezin,False,False,-2.83243,4.53747,-7.97897,3.10000,0.09022,0.00000
1375,481.65604,0.01858,Ada ile odada gezin,False,False,-2.82765,4.53682,-8.03076,3.10000,0.05201,0.00000
1376,481.67292,0.01688,Ada ile odada gezin,False,False,-2.82570,4.53611,-8.05423,3.10000,0.02356,0.00000
1377,481.70589,0.03297,Ada ile odada gezin,False,False,-2.82161,4.53497,-8.10083,3.10000,0.04679,0.00000
1378,481.74522,0.03933,Ada ile odada gezin,False,False,-2.81748,4.53317,-8.14162,3.10000,0.04104,0.00000
1379,481.78342,0.03820,Ada ile odada gezin,False,False,-2.81194,4.53028,-8.18152,3.10000,0.04039,0.00000
1380,481.81154,0.02812,Ada ile odada gezin,False,False,-2.80701,4.52716,-8.20578,3.10000,0.02495,0.00000
1381,481.84060,0.02905,Ada ile odada gezin,False,False,-2.80194,4.52387,-8.22128,3.10000,0.01664,0.00000
1382,481.87301,0.03242,Ada ile odada gezin,False,False,-2.79780,4.52016,-8.23247,3.10000,0.01249,0.00000
1383,481.90598,0.03297,Ada ile odada gezin,False,False,-2.79389,4.51627,-8.23650,3.10000,0.00683,0.00000
1384,481.94012,0.03413,Ada ile odada gezin,False,False,-2.79277,4.51256,-8.23452,3.10000,0.00435,0.00000
1385,481.97306,0.03294,Ada ile odada gezin,False,False,-2.79248,4.50872,-8.22557,3.10000,0.00974,0.00000
1386,482.00606,0.03300,Ada ile odada gezin,False,False,-2.79193,4.50481,-8.21015,3.10000,0.01592,0.00000
1387,482.03976,0.03370,Ada ile odada gezin,False,False,-2.79036,4.50033,-8.18599,3.10000,0.02462,0.00000
1388,482.07282,0.03306,Ada ile odada gezin,False,False,-2.79120,4.49639,-8.15688,3.10000,0.02939,0.00000
1389,482.10656,0.03374,Ada ile odada gezin,False,False,-2.79167,4.49281,-8.12456,3.10000,0.03252,0.00000
1390,482.13991,0.03334,Ada ile odada gezin,False,False,-2.79058,4.48921,-8.08717,3.10000,0.03758,0.00000
1391,482.17249,0.03258,Ada ile odada gezin,False,False,-2.79147,4.48659,-8.05055,3.10000,0.03672,0.00000
1392,482.20597,0.03348,Ada ile odada gezin,False,False,-2.79151,4.48412,-8.01060,3.10000,0.04003,0.00000
1393,482.23943,0.03346,Ada ile odada gezin,False,False,-2.78968,4.48188,-7.97016,3.10000,0.04054,0.00000
1394,482.27317,0.03374,Ada ile odada gezin,False,False,-2.78935,4.48029,-7.92909,3.10000,0.04111,0.00000
1395,482.30631,0.03314,Ada ile odada gezin,False,False,-2.78787,4.47897,-7.88824,3.10000,0.04089,0.00000
1396,482.34013,0.03381,Ada ile odada gezin,False,False,-2.78809,4.47839,-7.84966,3.10000,0.03859,0.00000
1397,482.37368,0.03356,Ada ile odada gezin,False,False,-2.78681,4.47769,-7.80920,3.10000,0.04049,0.00000
1398,482.40582,0.03213,Ada ile odada gezin,False,False,-2.78660,4.47761,-7.77259,3.10000,0.03661,0.00000
1399,482.43957,0.03376,Ada ile odada gezin,False,False,-2.78480,4.47765,-7.73757,3.10000,0.03507,0.00000
1400,482.47380,0.03423,Ada ile odada gezin,False,False,-2.78011,4.47770,-7.70305,3.10000,0.03483,0.00000
1401,482.50636,0.03256,Ada ile odada gezin,False,False,-2.77304,4.47790,-7.67225,3.10000,0.03160,0.00000
1402,482.53917,0.03281,Ada ile odada gezin,False,False,-2.76458,4.47819,-7.64437,3.10000,0.02913,0.00000
1403,482.57303,0.03386,Ada ile odada gezin,False,False,-2.75383,4.47837,-7.61623,3.10000,0.03013,0.00000
1404,482.60621,0.03318,Ada ile odada gezin,False,False,-2.74287,4.47895,-7.59162,3.10000,0.02694,0.00000
1405,482.63905,0.03283,Ada ile odada gezin,False,False,-2.73180,4.47968,-7.56911,3.10000,0.02509,0.00000
1406,482.67297,0.03392,Ada ile odada gezin,False,False,-2.72060,4.48024,-7.54665,3.10000,0.02510,0.00000
1407,482.70601,0.03305,Ada ile odada gezin,False,False,-2.70936,4.48062,-7.52323,3.10000,0.02598,0.00000
1408,482.73949,0.03347,Ada ile odada gezin,False,False,-2.69915,4.48079,-7.49958,3.10000,0.02576,0.00000
1409,482.78233,0.04284,Ada ile odada gezin,False,False,-2.68644,4.48027,-7.46314,3.10000,0.03859,0.00000
1410,482.81525,0.03292,Ada ile odada gezin,False,False,-2.67810,4.47993,-7.43343,3.10000,0.03086,0.00000
1411,482.85070,0.03545,Ada ile odada gezin,False,False,-2.67190,4.47941,-7.40141,3.10000,0.03262,0.00000
1412,482.88438,0.03368,Ada ile odada gezin,False,False,-2.66787,4.47856,-7.36130,3.10000,0.04033,0.00000
1413,482.91775,0.03337,Ada ile odada gezin,False,False,-2.66775,4.47792,-7.32410,3.10000,0.03720,0.00000
1414,482.95114,0.03339,Ada ile odada gezin,False,False,-2.67304,4.47714,-7.27605,3.10000,0.04835,0.00000
1415,482.98265,0.03151,Ada ile odada gezin,False,False,-2.68221,4.47692,-7.23262,3.10000,0.04439,0.00000
1416,483.01858,0.03592,Ada ile odada gezin,False,False,-2.69640,4.47687,-7.18441,3.10000,0.05026,0.00000
1417,483.05222,0.03365,Ada ile odada gezin,False,False,-2.71507,4.47693,-7.13135,3.10000,0.05625,0.00000
1418,483.08301,0.03079,Ada ile odada gezin,False,False,-2.73366,4.47719,-7.08370,3.10000,0.05115,0.00000
1419,483.11496,0.03195,Ada ile odada gezin,False,False,-2.75365,4.47758,-7.03674,3.10000,0.05104,0.00000
1420,483.14820,0.03323,Ada ile odada gezin,False,False,-2.77706,4.47808,-6.98632,3.10000,0.05559,0.00000
1421,483.18215,0.03395,Ada ile odada gezin,False,False,-2.80154,4.47873,-6.93777,3.10000,0.05437,0.00000
1422,483.21504,0.03289,Ada ile odada gezin,False,False,-2.82902,4.47951,-6.88783,3.10000,0.05701,0.00000
1423,483.24739,0.03236,Ada ile odada gezin,False,False,-2.85623,4.48033,-6.84136,3.10000,0.05386,0.00000
1424,483.28179,0.03439,Ada ile odada gezin,False,False,-2.88570,4.48111,-6.79311,3.10000,0.05654,0.00000
1425,483.31563,0.03384,Ada ile odada gezin,False,False,-2.91676,4.48182,-6.74368,3.10000,0.05839,0.00000
1426,483.34896,0.03333,Ada ile odada gezin,False,False,-2.94668,4.48243,-6.69689,3.10000,0.05554,0.00000
1427,483.38223,0.03326,Ada ile odada gezin,False,False,-2.97787,4.48296,-6.64872,3.10000,0.05739,0.00000
1428,483.41485,0.03263,Ada ile odada gezin,False,False,-3.00824,4.48339,-6.60218,3.10000,0.05557,0.00000
1429,483.44904,0.03418,Ada ile odada gezin,False,False,-3.03923,4.48375,-6.55499,3.10000,0.05647,0.00000
1430,483.48295,0.03391,Ada ile odada gezin,False,False,-3.07190,4.48403,-6.50546,3.10000,0.05933,0.00000
1431,483.51505,0.03209,Ada ile odada gezin,False,False,-3.10177,4.48429,-6.46025,3.10000,0.05419,0.00000
1432,483.54861,0.03356,Ada ile odada gezin,False,False,-3.13311,4.48447,-6.41293,3.10000,0.05676,0.00000
1433,483.59571,0.04710,Ada ile odada gezin,False,False,-3.16475,4.48462,-6.36524,3.10000,0.05723,0.00000
1434,483.63503,0.03932,Ada ile odada gezin,False,False,-3.21737,4.48450,-6.28632,3.10000,0.09486,0.00000
1435,483.65057,0.01554,Ada ile odada gezin,False,False,-3.23061,4.48502,-6.26804,3.10000,0.02258,0.00000
1436,483.68341,0.03284,Ada ile odada gezin,False,False,-3.26657,4.48653,-6.22715,3.10000,0.05447,0.00000
1437,483.71594,0.03253,Ada ile odada gezin,False,False,-3.30474,4.48872,-6.19239,3.10000,0.05167,0.00000
1438,483.75048,0.03454,Ada ile odada gezin,False,False,-3.34948,4.49179,-6.16121,3.10000,0.05462,0.00000
1439,483.78439,0.03391,Ada ile odada gezin,False,False,-3.39745,4.49505,-6.13373,3.10000,0.05538,0.00000
1440,483.81644,0.03205,Ada ile odada gezin,False,False,-3.44635,4.49810,-6.10939,3.10000,0.05471,0.00000
1441,483.84884,0.03241,Ada ile odada gezin,False,False,-3.49416,4.50073,-6.08782,3.10000,0.05251,0.00000
1442,483.88295,0.03411,Ada ile odada gezin,False,False,-3.54646,4.50319,-6.06589,3.10000,0.05677,0.00000
1443,483.91567,0.03272,Ada ile odada gezin,False,False,-3.59845,4.50524,-6.04519,3.10000,0.05600,0.00000
1444,483.94912,0.03345,Ada ile odada gezin,False,False,-3.64887,4.50688,-6.02582,3.10000,0.05404,0.00000
1445,483.98300,0.03388,Ada ile odada gezin,False,False,-3.70381,4.50835,-6.00519,3.10000,0.05870,0.00000
1446,484.01618,0.03318,Ada ile odada gezin,False,False,-3.75528,4.50944,-5.98619,3.10000,0.05488,0.00000
1447,484.04924,0.03306,Ada ile odada gezin,False,False,-3.80944,4.51039,-5.96648,3.10000,0.05764,0.00000
1448,484.08281,0.03357,Ada ile odada gezin,False,False,-3.86009,4.51109,-5.94827,3.10000,0.05383,0.00000
1449,484.11665,0.03384,Ada ile odada gezin,False,False,-3.91651,4.51175,-5.92812,3.10000,0.05991,0.00000
1450,484.14877,0.03212,Ada ile odada gezin,False,False,-3.96668,4.51218,-5.91033,3.10000,0.05323,0.00000
1451,484.18253,0.03376,Ada ile odada gezin,False,False,-4.02045,4.51257,-5.89130,3.10000,0.05705,0.00000
1452,484.21627,0.03373,Ada ile odada gezin,False,False,-4.07447,4.51288,-5.87223,3.10000,0.05728,0.00000
1453,484.24928,0.03301,Ada ile odada gezin,False,False,-4.12722,4.51311,-5.85362,3.10000,0.05594,0.00000
1454,484.28298,0.03370,Ada ile odada gezin,False,False,-4.18063,4.51329,-5.83479,3.10000,0.05663,0.00000
1455,484.31623,0.03326,Ada ile odada gezin,False,False,-4.23401,4.51342,-5.81594,3.10000,0.05661,0.00000
1456,484.34901,0.03278,Ada ile odada gezin,False,False,-4.28615,4.51351,-5.79751,3.10000,0.05530,0.00000
1457,484.38267,0.03366,Ada ile odada gezin,False,False,-4.33941,4.51358,-5.77859,3.10000,0.05652,0.00000
1458,484.41622,0.03355,Ada ile odada gezin,False,False,-4.39351,4.51360,-5.75911,3.10000,0.05751,0.00000
1459,484.44865,0.03243,Ada ile odada gezin,False,False,-4.44402,4.51305,-5.73786,3.10000,0.05480,0.00000
1460,484.48171,0.03306,Ada ile odada gezin,False,False,-4.49208,4.51175,-5.71263,3.10000,0.05429,0.00000
1461,484.51506,0.03335,Ada ile odada gezin,False,False,-4.53719,4.50960,-5.68221,3.10000,0.05446,0.00000
1462,484.54840,0.03334,Ada ile odada gezin,False,False,-4.57647,4.50675,-5.64781,3.10000,0.05229,0.00000
1463,484.58176,0.03336,Ada ile odada gezin,False,False,-4.60968,4.50327,-5.60919,3.10000,0.05106,0.00000
1464,484.61535,0.03359,Ada ile odada gezin,False,False,-4.63585,4.49930,-5.56700,3.10000,0.04981,0.00000
1465,484.64833,0.03299,Ada ile odada gezin,False,False,-4.65478,4.49490,-5.52078,3.10000,0.05014,0.00000
1466,484.68375,0.03542,Ada ile odada gezin,False,False,-4.66600,4.49045,-5.47336,3.10000,0.04893,0.00000
1467,484.71760,0.03385,Ada ile odada gezin,False,False,-4.67296,4.48557,-5.41690,3.10000,0.05709,0.00000
1468,484.74866,0.03107,Ada ile odada gezin,False,False,-4.67586,4.48210,-5.36949,3.10000,0.04763,0.00000
1469,484.78178,0.03312,Ada ile odada gezin,False,False,-4.67690,4.47856,-5.31447,3.10000,0.05514,0.00000
1470,484.81469,0.03291,Ada ile odada gezin,False,False,-4.67650,4.47582,-5.26280,3.10000,0.05175,0.00000
1471,484.84869,0.03399,Ada ile odada gezin,False,False,-4.67503,4.47324,-5.20556,3.10000,0.05732,0.00000
1472,484.88273,0.03405,Ada ile odada gezin,False,False,-4.67299,4.47134,-5.15196,3.10000,0.05367,0.00000
1473,484.91815,0.03541,Ada ile odada gezin,False,False,-4.67028,4.46955,-5.09290,3.10000,0.05915,0.00000
1474,484.95072,0.03258,Ada ile odada gezin,False,False,-4.66737,4.46826,-5.03694,3.10000,0.05605,0.00000
1475,484.98274,0.03202,Ada ile odada gezin,False,False,-4.66430,4.46724,-4.98160,3.10000,0.05543,0.00000
1476,485.01515,0.03241,Ada ile odada gezin,False,False,-4.66122,4.46649,-4.92893,3.10000,0.05277,0.00000
1477,485.05141,0.03626,Ada ile odada gezin,False,False,-4.65771,4.46570,-4.87002,3.10000,0.05902,0.00000
1478,485.08432,0.03291,Ada ile odada gezin,False,False,-4.65413,4.46511,-4.81164,3.10000,0.05849,0.00000
1479,485.11517,0.03085,Ada ile odada gezin,False,False,-4.65075,4.46476,-4.75766,3.10000,0.05409,0.00000
1480,485.14837,0.03320,Ada ile odada gezin,False,False,-4.64740,4.46448,-4.70455,3.10000,0.05321,0.00000
1481,485.20163,0.05326,Yakından incele · flashlight,True,False,-4.63253,4.45516,-4.62124,3.09133,0.08514,0.22381
1482,485.23424,0.03261,Yakından incele · flashlight,True,False,-4.57852,4.41165,-4.50792,3.04904,0.13285,1.11626
1483,485.24879,0.01456,Yakından incele · flashlight,True,False,-4.55646,4.39388,-4.46164,3.03177,0.05427,0.45628
1484,485.28101,0.03222,Yakından incele · flashlight,True,False,-4.49141,4.34148,-4.32517,2.98085,0.16000,1.34463
1485,485.31305,0.03204,Yakından incele · flashlight,True,False,-4.41660,4.28122,-4.16823,2.92228,0.18401,1.54608
1486,485.34673,0.03368,Yakından incele · flashlight,True,False,-4.32310,4.20590,-3.97207,2.84908,0.22998,1.93303
1487,485.38046,0.03373,Yakından incele · flashlight,True,False,-4.21646,4.11999,-3.74834,2.76558,0.26232,2.20468
1488,485.41372,0.03326,Yakından incele · flashlight,True,False,-4.10170,4.02755,-3.50757,2.67574,0.28228,2.37260
1489,485.44690,0.03317,Yakından incele · flashlight,True,False,-3.97372,3.92445,-3.23907,2.57554,0.31481,2.64587
1490,485.48017,0.03328,Yakından incele · flashlight,True,False,-3.84068,3.81728,-2.95995,2.47138,0.32725,2.75088
1491,485.51457,0.03440,Yakından incele · flashlight,True,False,-3.69583,3.70059,-2.65605,2.35797,0.35630,2.99553
1492,485.54813,0.03356,Yakından incele · flashlight,True,False,-3.54443,3.57863,-2.33842,2.23944,0.37240,3.13071
1493,485.58048,0.03235,Yakından incele · flashlight,True,False,-3.39202,3.45586,-2.01868,2.12012,0.37489,3.15164
1494,485.61362,0.03314,Yakından incele · flashlight,True,False,-3.23778,3.33160,-1.69507,1.99936,0.37941,3.18942
1495,485.64684,0.03322,Yakından incele · flashlight,True,False,-3.07665,3.20181,-1.35703,1.87321,0.39633,3.33202
1496,485.68046,0.03362,Yakından incele · flashlight,True,False,-2.91825,3.07421,-1.02472,1.74920,0.38962,3.27539
1497,485.71443,0.03396,Yakından incele · flashlight,True,False,-2.75465,2.94242,-0.68149,1.62112,0.40242,3.38261
1498,485.74798,0.03355,Yakından incele · flashlight,True,False,-2.59556,2.81426,-0.34771,1.49656,0.39134,3.28994
1499,485.78088,0.03291,Yakından incele · flashlight,True,False,-2.44087,2.68964,-0.02316,1.37545,0.38051,3.19898
1500,485.81347,0.03259,Yakından incele · flashlight,True,False,-2.29033,2.56837,0.29267,1.25759,0.37029,3.11266
1501,485.84693,0.03345,Yakından incele · flashlight,True,False,-2.14710,2.45299,0.59315,1.14546,0.35230,2.96136
1502,485.88027,0.03334,Yakından incele · flashlight,True,False,-2.00486,2.33841,0.89158,1.03409,0.34988,2.94067
1503,485.91289,0.03262,Yakından incele · flashlight,True,False,-1.87656,2.23505,1.16075,0.93364,0.31559,2.65237
1504,485.94681,0.03393,Yakından incele · flashlight,True,False,-1.75517,2.13727,1.41541,0.83861,0.29858,2.50952
1505,485.98038,0.03356,Yakından incele · flashlight,True,False,-1.64184,2.04598,1.65318,0.74988,0.27877,2.34339
1506,486.01455,0.03417,Yakından incele · flashlight,True,False,-1.54457,1.96762,1.85724,0.67373,0.23925,2.01122
1507,486.04841,0.03387,Yakından incele · flashlight,True,False,-1.45478,1.89529,2.04563,0.60343,0.22087,1.85619
1508,486.08810,0.03968,Yakından incele · flashlight,True,False,-1.37310,1.82949,2.21698,0.53948,0.20090,1.68790
1509,486.12162,0.03352,Yakından incele · flashlight,True,False,-1.32129,1.78775,2.32569,0.49892,0.12745,1.07045
1510,486.15494,0.03332,Yakından incele · flashlight,True,False,-1.28751,1.76054,2.39656,0.47247,0.08309,0.69773
1511,486.18820,0.03327,Yakından incele · flashlight,True,False,-1.27227,1.74826,2.42854,0.46054,0.03749,0.31404
1512,486.22116,0.03296,Yakından incele · flashlight,False,False,-1.27158,1.74771,2.42998,0.46000,0.00169,0.00000
1513,486.25887,0.03771,Yakından incele · flashlight,False,False,-1.27158,1.74771,2.42998,0.46000,0.00000,0.00000
1514,486.29061,0.03174,Yakından incele · flashlight,False,False,-1.27158,1.74771,2.42998,0.46000,0.00000,0.00000
1515,486.33743,0.04682,Yakından incele · flashlight,False,False,-1.27158,1.74771,2.42998,0.46000,0.00000,0.00000
1516,486.35439,0.01696,Yakından incele · flashlight,False,False,-1.27158,1.74771,2.42998,0.46000,0.00000,0.00000
1517,486.38781,0.03342,Yakından incele · flashlight,False,False,-1.27158,1.74771,2.42998,0.46000,0.00000,0.00000
1518,486.42100,0.03319,Yakından incele · flashlight,False,False,-1.27158,1.74771,2.42998,0.46000,0.00000,0.00000
1519,486.45472,0.03373,Yakından incele · flashlight,False,False,-1.27158,1.74771,2.42998,0.46000,0.00000,0.00000
1520,486.48784,0.03312,Yakından incele · flashlight,False,False,-1.27158,1.74771,2.42998,0.46000,0.00000,0.00000
1521,486.52092,0.03307,Yakından incele · flashlight,False,False,-1.27158,1.74771,2.42998,0.46000,0.00000,0.00000
1522,486.55400,0.03308,Yakından incele · flashlight,False,False,-1.27158,1.74771,2.42998,0.46000,0.00000,0.00000
1523,486.58790,0.03390,Yakından incele · flashlight,False,False,-1.27158,1.74771,2.42998,0.46000,0.00000,0.00000
1524,486.62170,0.03380,Yakından incele · flashlight,False,False,-1.27158,1.74771,2.42998,0.46000,0.00000,0.00000
1525,486.65616,0.03446,Yakından incele · flashlight,False,False,-1.27158,1.74771,2.42998,0.46000,0.00000,0.00000
1526,486.68975,0.03359,Yakından incele · flashlight,False,False,-1.27158,1.74771,2.42998,0.46000,0.00000,0.00000
1527,486.72223,0.03248,Yakından incele · flashlight,False,False,-1.27158,1.74771,2.42998,0.46000,0.00000,0.00000
1528,486.75477,0.03254,Yakından incele · flashlight,False,False,-1.27158,1.74771,2.42998,0.46000,0.00000,0.00000
1529,486.78786,0.03309,Yakından incele · flashlight,False,False,-1.27158,1.74771,2.42998,0.46000,0.00000,0.00000
1530,486.82176,0.03390,Yakından incele · flashlight,False,False,-1.27158,1.74771,2.42998,0.46000,0.00000,0.00000
1531,486.85460,0.03284,Yakından incele · flashlight,False,False,-1.27158,1.74771,2.42998,0.46000,0.00000,0.00000
1532,486.88793,0.03333,Yakından incele · flashlight,False,False,-1.27158,1.74771,2.42998,0.46000,0.00000,0.00000
1533,486.93608,0.04815,Yakından incele · flashlight,False,False,-1.27158,1.74771,2.42998,0.46000,0.00000,0.00000
1534,486.95469,0.01862,Yakından incele · flashlight,False,False,-1.27158,1.74771,2.42998,0.46000,0.00000,0.00000
1535,486.98801,0.03332,Yakından incele · flashlight,False,False,-1.27158,1.74771,2.42998,0.46000,0.00000,0.00000
1536,487.02116,0.03314,Yakından incele · flashlight,False,False,-1.27158,1.74771,2.42998,0.46000,0.00000,0.00000
1537,487.05429,0.03314,Yakından incele · flashlight,False,False,-1.27158,1.74771,2.42998,0.46000,0.00000,0.00000
1538,487.08895,0.03466,Yakından incele · flashlight,False,False,-1.27158,1.74771,2.42998,0.46000,0.00000,0.00000
1539,487.12271,0.03376,Yakından incele · flashlight,False,False,-1.27158,1.74771,2.42998,0.46000,0.00000,0.00000
1540,487.15452,0.03181,Yakından incele · flashlight,False,False,-1.27158,1.74771,2.42998,0.46000,0.00000,0.00000
1541,487.18741,0.03289,Yakından incele · flashlight,False,False,-1.27158,1.74771,2.42998,0.46000,0.00000,0.00000
1542,487.22120,0.03379,Yakından incele · flashlight,False,False,-1.27158,1.74771,2.42998,0.46000,0.00000,0.00000
1543,487.25495,0.03375,Yakından incele · flashlight,False,False,-1.27158,1.74771,2.42998,0.46000,0.00000,0.00000
1544,487.28826,0.03331,Yakından incele · flashlight,False,False,-1.27158,1.74771,2.42998,0.46000,0.00000,0.00000
1545,487.32126,0.03300,Yakından incele · flashlight,False,False,-1.27158,1.74771,2.42998,0.46000,0.00000,0.00000
1546,487.35479,0.03353,Yakından incele · flashlight,False,False,-1.27158,1.74771,2.42998,0.46000,0.00000,0.00000
1547,487.39073,0.03593,Yakından incele · flashlight,False,False,-1.27158,1.74771,2.42998,0.46000,0.00000,0.00000
1548,487.42394,0.03321,Yakından incele · flashlight,False,False,-1.27158,1.74771,2.42998,0.46000,0.00000,0.00000
1549,487.45480,0.03086,Yakından incele · flashlight,False,False,-1.27158,1.74771,2.42998,0.46000,0.00000,0.00000
1550,487.48861,0.03380,Yakından incele · flashlight,False,False,-1.27158,1.74771,2.42998,0.46000,0.00000,0.00000
1551,487.52123,0.03262,Yakından incele · flashlight,False,False,-1.27158,1.74771,2.42998,0.46000,0.00000,0.00000
1552,487.55506,0.03383,Yakından incele · flashlight,False,False,-1.27158,1.74771,2.42998,0.46000,0.00000,0.00000
1553,487.60341,0.04836,Yakından incele · flashlight,False,False,-1.27158,1.74771,2.42998,0.46000,0.00000,0.00000
1554,487.62358,0.02016,Yakından incele · flashlight,False,False,-1.27158,1.74771,2.42998,0.46000,0.00000,0.00000
1555,487.65694,0.03336,Yakından incele · flashlight,False,False,-1.27158,1.74771,2.42998,0.46000,0.00000,0.00000
1556,487.68937,0.03243,Yakından incele · flashlight,False,False,-1.27158,1.74771,2.42998,0.46000,0.00000,0.00000
1557,487.72151,0.03213,Yakından incele · flashlight,False,False,-1.27158,1.74771,2.42998,0.46000,0.00000,0.00000
1558,487.75458,0.03308,Yakından incele · flashlight,False,False,-1.27158,1.74771,2.42998,0.46000,0.00000,0.00000
1559,487.78828,0.03370,Yakından incele · flashlight,False,False,-1.27158,1.74771,2.42998,0.46000,0.00000,0.00000
1560,487.82075,0.03246,Yakından incele · flashlight,False,False,-1.27158,1.74771,2.42998,0.46000,0.00000,0.00000
1561,487.85457,0.03382,Yakından incele · flashlight,False,False,-1.27158,1.74771,2.42998,0.46000,0.00000,0.00000
1562,487.88860,0.03404,Yakından incele · flashlight,False,False,-1.27158,1.74771,2.42998,0.46000,0.00000,0.00000
1563,487.92223,0.03363,Yakından incele · flashlight,False,False,-1.27158,1.74771,2.42998,0.46000,0.00000,0.00000
1564,487.95467,0.03244,Yakından incele · flashlight,False,False,-1.27158,1.74771,2.42998,0.46000,0.00000,0.00000
1565,487.98795,0.03328,Yakından incele · flashlight,False,False,-1.27158,1.74771,2.42998,0.46000,0.00000,0.00000
1566,488.02182,0.03388,Yakından incele · flashlight,False,False,-1.27158,1.74771,2.42998,0.46000,0.00000,0.00000
1567,488.05573,0.03391,Yakından incele · flashlight,False,False,-1.27158,1.74771,2.42998,0.46000,0.00000,0.00000
1568,488.08858,0.03285,Yakından incele · flashlight,False,False,-1.27158,1.74771,2.42998,0.46000,0.00000,0.00000
1569,488.12100,0.03242,Yakından incele · flashlight,False,False,-1.27158,1.74771,2.42998,0.46000,0.00000,0.00000
1570,488.15447,0.03347,Yakından incele · flashlight,False,False,-1.27158,1.74771,2.42998,0.46000,0.00000,0.00000
1571,488.18788,0.03341,Yakından incele · flashlight,False,False,-1.27158,1.74771,2.42998,0.46000,0.00000,0.00000
1572,488.22237,0.03449,Yakından incele · flashlight,False,False,-1.27158,1.74771,2.42998,0.46000,0.00000,0.00000
1573,488.27038,0.04802,Yakından incele · flashlight,False,False,-1.27158,1.74771,2.42998,0.46000,0.00000,0.00000
1574,488.28882,0.01844,Yakından incele · flashlight,False,False,-1.27158,1.74771,2.42998,0.46000,0.00000,0.00000
1575,488.32128,0.03245,Yakından incele · flashlight,False,False,-1.27158,1.74771,2.42998,0.46000,0.00000,0.00000
1576,488.35462,0.03335,Yakından incele · flashlight,False,False,-1.27158,1.74771,2.42998,0.46000,0.00000,0.00000
1577,488.38834,0.03372,Yakından incele · flashlight,False,False,-1.27158,1.74771,2.42998,0.46000,0.00000,0.00000
1578,488.42208,0.03374,Yakından incele · flashlight,False,False,-1.27158,1.74771,2.42998,0.46000,0.00000,0.00000
1579,488.45509,0.03301,Yakından incele · flashlight,False,False,-1.27158,1.74771,2.42998,0.46000,0.00000,0.00000
1580,488.48818,0.03309,Yakından incele · flashlight,False,False,-1.27158,1.74771,2.42998,0.46000,0.00000,0.00000
1581,488.52271,0.03453,Yakından incele · flashlight,False,False,-1.27158,1.74771,2.42998,0.46000,0.00000,0.00000
1582,488.55871,0.03600,Yakından incele · flashlight,False,False,-1.27158,1.74771,2.42998,0.46000,0.00000,0.00000
1583,488.59246,0.03376,Yakından incele · flashlight,False,False,-1.27158,1.74771,2.42998,0.46000,0.00000,0.00000
1584,488.62372,0.03125,Yakından incele · flashlight,False,False,-1.27158,1.74771,2.42998,0.46000,0.00000,0.00000
1585,488.66007,0.03635,Yakından incele · flashlight,False,False,-1.27158,1.74771,2.42998,0.46000,0.00000,0.00000
1586,488.69260,0.03253,Yakından incele · flashlight,False,False,-1.27158,1.74771,2.42998,0.46000,0.00000,0.00000
1587,488.72181,0.02922,Yakından incele · flashlight,False,False,-1.27158,1.74771,2.42998,0.46000,0.00000,0.00000
1588,488.75870,0.03689,Yakından incele · flashlight,False,False,-1.27158,1.74771,2.42998,0.46000,0.00000,0.00000
1589,488.79228,0.03358,Yakından incele · flashlight,False,False,-1.27158,1.74771,2.42998,0.46000,0.00000,0.00000
1590,488.82311,0.03083,Yakından incele · flashlight,False,False,-1.27158,1.74771,2.42998,0.46000,0.00000,0.00000
1591,488.85562,0.03251,Yakından incele · flashlight,False,False,-1.27158,1.74771,2.42998,0.46000,0.00000,0.00000
1592,488.88775,0.03212,Yakından incele · flashlight,False,False,-1.27158,1.74771,2.42998,0.46000,0.00000,0.00000
1593,488.97228,0.08453,Ada ile odada gezin,True,False,-1.33161,1.79701,2.30549,0.50725,0.14674,1.24677
1594,488.97991,0.00763,Ada ile odada gezin,True,False,-1.34472,1.80778,2.27830,0.51757,0.03204,0.26541
1595,488.99863,0.01872,Ada ile odada gezin,True,False,-1.37730,1.83453,2.21074,0.54322,0.07964,0.67492
1596,489.02085,0.02222,Ada ile odada gezin,True,False,-1.41947,1.86916,2.12329,0.57641,0.10307,0.87491
1597,489.05477,0.03392,Ada ile odada gezin,True,False,-1.49986,1.93519,1.95657,0.63969,0.19652,1.67113
1598,489.08833,0.03357,Ada ile odada gezin,True,False,-1.59105,2.01007,1.76747,0.71146,0.22289,1.89541
1599,489.12324,0.03491,Ada ile odada gezin,True,False,-1.69747,2.09747,1.54678,0.79523,0.26013,2.21248
1600,489.15633,0.03308,Ada ile odada gezin,True,False,-1.81689,2.19554,1.29913,0.88923,0.29191,2.48256
1601,489.18788,0.03155,Ada ile odada gezin,True,False,-1.93872,2.29559,1.04649,0.98513,0.29780,2.53250
1602,489.22122,0.03334,Ada ile odada gezin,True,False,-2.07075,2.40403,0.77267,1.08906,0.32275,2.74490
1603,489.25484,0.03362,Ada ile odada gezin,True,False,-2.21551,2.52291,0.47247,1.20300,0.35385,3.00934
1604,489.28827,0.03343,Ada ile odada gezin,True,False,-2.36261,2.64371,0.16744,1.31878,0.35955,3.05760
1605,489.32150,0.03323,Ada ile odada gezin,True,False,-2.51681,2.77035,-0.15235,1.44016,0.37694,3.20558
1606,489.35516,0.03366,Ada ile odada gezin,True,False,-2.67253,2.89823,-0.47528,1.56274,0.38064,3.23717
1607,489.39622,0.04105,Ada ile odada gezin,True,False,-2.87170,3.06180,-0.88831,1.71951,0.48685,4.14055
1608,489.42882,0.03260,Ada ile odada gezin,True,False,-3.02691,3.18926,-1.21017,1.84168,0.37938,3.22675
1609,489.46280,0.03398,Ada ile odada gezin,True,False,-3.18755,3.32119,-1.54331,1.96813,0.39268,3.34000
1610,489.49743,0.03463,Ada ile odada gezin,True,False,-3.34551,3.45092,-1.87089,2.09246,0.38612,3.28398
1611,489.53101,0.03358,Ada ile odada gezin,True,False,-3.50415,3.58120,-2.19987,2.21733,0.38777,3.29754
1612,489.56288,0.03188,Ada ile odada gezin,True,False,-3.64985,3.70085,-2.50201,2.33201,0.35613,3.02853
1613,489.59631,0.03342,Ada ile odada gezin,True,False,-3.79053,3.81639,-2.79376,2.44275,0.34390,2.92492
1614,489.63023,0.03392,Ada ile odada gezin,True,False,-3.93013,3.93103,-3.08325,2.55263,0.34122,2.90236
1615,489.66426,0.03403,Ada ile odada gezin,True,False,-4.05728,4.03545,-3.34692,2.65271,0.31080,2.64350
1616,489.69705,0.03279,Ada ile odada gezin,True,False,-4.17868,4.13515,-3.59868,2.74827,0.29675,2.52383
1617,489.72882,0.03178,Ada ile odada gezin,True,False,-4.28142,4.21953,-3.81175,2.82915,0.25115,2.13579
1618,489.76199,0.03317,Ada ile odada gezin,True,False,-4.37612,4.29729,-4.00812,2.90368,0.23146,1.96795
1619,489.79613,0.03414,Ada ile odada gezin,True,False,-4.45841,4.36488,-4.17879,2.96846,0.20116,1.71047
1620,489.83040,0.03428,Ada ile odada gezin,True,False,-4.52675,4.42100,-4.32050,3.02225,0.16704,1.41994
1621,489.86453,0.03413,Ada ile odada gezin,True,False,-4.57745,4.46264,-4.42564,3.06216,0.12394,1.05350
1622,489.89710,0.03257,Ada ile odada gezin,True,False,-4.61108,4.49025,-4.49538,3.08863,0.08220,0.69997
1623,489.92899,0.03189,Ada ile odada gezin,True,False,-4.62487,4.50158,-4.52398,3.09949,0.03372,0.28804
1624,489.96362,0.03462,Ada ile odada gezin,False,False,-4.62552,4.50212,-4.52534,3.10000,0.00160,0.00000
1625,489.99910,0.03548,Ada ile odada gezin,False,False,-4.62552,4.50212,-4.52534,3.10000,0.00000,0.00000
1626,490.03065,0.03155,Ada ile odada gezin,False,False,-4.62831,4.50228,-4.52448,3.10000,0.00293,0.00000
1627,490.06499,0.03434,Ada ile odada gezin,False,False,-4.63684,4.50273,-4.52186,3.10000,0.00893,0.00000
1628,490.09733,0.03235,Ada ile odada gezin,False,False,-4.65081,4.50341,-4.51761,3.10000,0.01462,0.00000
1629,490.13240,0.03506,Ada ile odada gezin,False,False,-4.67208,4.50437,-4.51118,3.10000,0.02224,0.00000
1630,490.16585,0.03345,Ada ile odada gezin,False,False,-4.70291,4.50563,-4.50191,3.10000,0.03222,0.00000
1631,490.19972,0.03388,Ada ile odada gezin,False,False,-4.73767,4.50693,-4.49153,3.10000,0.03631,0.00000
1632,490.23276,0.03303,Ada ile odada gezin,False,False,-4.78382,4.50849,-4.47783,3.10000,0.04816,0.00000
1633,490.26771,0.03495,Ada ile odada gezin,False,False,-4.82710,4.50973,-4.46510,3.10000,0.04513,0.00000
1634,490.30423,0.03652,Ada ile odada gezin,False,False,-4.88364,4.51115,-4.44858,3.10000,0.05892,0.00000
1635,490.33710,0.03287,Ada ile odada gezin,False,False,-4.93450,4.51217,-4.43386,3.10000,0.05296,0.00000
1636,490.36952,0.03242,Ada ile odada gezin,False,False,-4.98613,4.51302,-4.41900,3.10000,0.05373,0.00000
1637,490.39932,0.02980,Ada ile odada gezin,False,False,-5.03744,4.51372,-4.40431,3.10000,0.05338,0.00000
1638,490.42966,0.03034,Ada ile odada gezin,False,False,-5.08571,4.51425,-4.39056,3.10000,0.05020,0.00000
1639,490.46381,0.03415,Ada ile odada gezin,False,False,-5.13987,4.51478,-4.37516,3.10000,0.05631,0.00000
1640,490.49810,0.03429,Ada ile odada gezin,False,False,-5.19562,4.51523,-4.35937,3.10000,0.05794,0.00000
1641,490.53106,0.03296,Ada ile odada gezin,False,False,-5.25024,4.51556,-4.34395,3.10000,0.05676,0.00000
1642,490.56427,0.03320,Ada ile odada gezin,False,False,-5.30368,4.51582,-4.32890,3.10000,0.05552,0.00000
1643,490.59850,0.03424,Ada ile odada gezin,False,False,-5.35875,4.51604,-4.31341,3.10000,0.05720,0.00000
1644,490.65156,0.05305,Yakından incele · radio,True,False,-5.40535,4.50779,-4.27726,3.09188,0.05955,0.20558
1645,490.68371,0.03216,Yakından incele · radio,True,False,-5.35805,4.46352,-4.16936,3.04919,0.12585,1.12186
1646,490.69636,0.01264,Yakından incele · radio,True,False,-5.34052,4.44712,-4.12938,3.03337,0.04664,0.41307
1647,490.72902,0.03266,Yakından incele · radio,True,False,-5.28605,4.39615,-4.00514,2.98421,0.14492,1.29299
1648,490.76282,0.03380,Yakından incele · radio,True,False,-5.21860,4.33303,-3.85128,2.92334,0.17946,1.60177
1649,490.79710,0.03428,Yakından incele · radio,True,False,-5.13666,4.25635,-3.66437,2.84938,0.21802,1.94635
1650,490.83024,0.03314,Yakından incele · radio,True,False,-5.04476,4.17035,-3.45474,2.76644,0.24451,2.18220
1651,490.86335,0.03311,Yakından incele · radio,True,False,-4.94410,4.07615,-3.22514,2.67560,0.26781,2.39003
1652,490.89647,0.03312,Yakından incele · radio,True,False,-4.83451,3.97359,-2.97515,2.57669,0.29158,2.60232
1653,490.92927,0.03280,Yakından incele · radio,True,False,-4.71733,3.86393,-2.70786,2.47094,0.31178,2.78228
1654,490.96282,0.03355,Yakından incele · radio,True,False,-4.59467,3.74914,-2.42806,2.36023,0.32636,2.91286
1655,490.99705,0.03422,Yakından incele · radio,True,False,-4.46327,3.62618,-2.12833,2.24164,0.34960,3.12019
1656,491.03001,0.03296,Yakından incele · radio,True,False,-4.32745,3.49908,-1.81853,2.11907,0.36136,3.22530
1657,491.06326,0.03325,Yakından incele · radio,True,False,-4.19448,3.37464,-1.51521,1.99906,0.35378,3.15760
1658,491.09835,0.03509,Yakından incele · radio,True,False,-4.05176,3.24109,-1.18968,1.87026,0.37970,3.38863
1659,491.13191,0.03356,Yakından incele · radio,True,False,-3.90764,3.10621,-0.86092,1.74019,0.38347,3.42242
1660,491.16702,0.03511,Yakından incele · radio,True,False,-3.77238,2.97964,-0.55239,1.61812,0.35987,3.21192
1661,491.20389,0.03686,Yakından incele · radio,True,False,-3.62315,2.83999,-0.21201,1.48344,0.39702,3.54334
1662,491.23527,0.03138,Yakından incele · radio,True,False,-3.48418,2.70994,0.10501,1.35801,0.36977,3.29991
1663,491.26577,0.03049,Yakından incele · radio,True,False,-3.36365,2.59714,0.37994,1.24924,0.32068,2.86216
1664,491.30020,0.03444,Yakından incele · radio,True,False,-3.23495,2.47671,0.67349,1.13309,0.34240,3.05632
1665,491.33661,0.03640,Yakından incele · radio,True,False,-3.11257,2.36218,0.95266,1.02264,0.32562,2.90613
1666,491.36858,0.03197,Yakından incele · radio,True,False,-2.99114,2.24855,1.22965,0.91304,0.32308,2.88342
1667,491.39916,0.03058,Yakından incele · radio,True,False,-2.89775,2.16116,1.44266,0.82877,0.24845,2.21742
1668,491.43372,0.03456,Yakından incele · radio,True,False,-2.79695,2.06682,1.67260,0.73779,0.26821,2.39363
1669,491.46703,0.03331,Yakından incele · radio,True,False,-2.71168,1.98702,1.86711,0.66083,0.22687,2.02441
1670,491.49812,0.03108,Yakından incele · radio,True,False,-2.63889,1.91891,2.03315,0.59514,0.19367,1.72778
1671,491.52898,0.03086,Yakından incele · radio,True,False,-2.58003,1.86383,2.16740,0.54202,0.15659,1.39659
1672,491.56237,0.03339,Yakından incele · radio,True,False,-2.53246,1.81931,2.27591,0.49909,0.12657,1.12812
1673,491.59761,0.03523,Yakından incele · radio,True,False,-2.49803,1.78709,2.35445,0.46801,0.09162,0.81661
1674,491.63099,0.03339,Yakından incele · radio,True,False,-2.48013,1.77034,2.39528,0.45186,0.04762,0.42428
1675,491.66370,0.03271,Yakından incele · radio,False,False,-2.47807,1.76841,2.39998,0.45000,0.00548,0.00000
1676,491.70249,0.03879,Yakından incele · radio,False,False,-2.47807,1.76841,2.39998,0.45000,0.00000,0.00000
1677,491.73593,0.03344,Yakından incele · radio,False,False,-2.47807,1.76841,2.39998,0.45000,0.00000,0.00000
1678,491.78339,0.04746,Yakından incele · radio,False,False,-2.47807,1.76841,2.39998,0.45000,0.00000,0.00000
1679,491.79795,0.01455,Yakından incele · radio,False,False,-2.47807,1.76841,2.39998,0.45000,0.00000,0.00000
1680,491.83097,0.03303,Yakından incele · radio,False,False,-2.47807,1.76841,2.39998,0.45000,0.00000,0.00000
1681,491.86388,0.03291,Yakından incele · radio,False,False,-2.47807,1.76841,2.39998,0.45000,0.00000,0.00000
1682,491.89792,0.03404,Yakından incele · radio,False,False,-2.47807,1.76841,2.39998,0.45000,0.00000,0.00000
1683,491.93121,0.03329,Yakından incele · radio,False,False,-2.47807,1.76841,2.39998,0.45000,0.00000,0.00000
1684,491.96437,0.03317,Yakından incele · radio,False,False,-2.47807,1.76841,2.39998,0.45000,0.00000,0.00000
1685,491.99895,0.03458,Yakından incele · radio,False,False,-2.47807,1.76841,2.39998,0.45000,0.00000,0.00000
1686,492.03204,0.03309,Yakından incele · radio,False,False,-2.47807,1.76841,2.39998,0.45000,0.00000,0.00000
1687,492.06440,0.03236,Yakından incele · radio,False,False,-2.47807,1.76841,2.39998,0.45000,0.00000,0.00000
1688,492.09766,0.03326,Yakından incele · radio,False,False,-2.47807,1.76841,2.39998,0.45000,0.00000,0.00000
1689,492.13050,0.03284,Yakından incele · radio,False,False,-2.47807,1.76841,2.39998,0.45000,0.00000,0.00000
1690,492.16353,0.03303,Yakından incele · radio,False,False,-2.47807,1.76841,2.39998,0.45000,0.00000,0.00000
1691,492.19700,0.03347,Yakından incele · radio,False,False,-2.47807,1.76841,2.39998,0.45000,0.00000,0.00000
1692,492.23097,0.03397,Yakından incele · radio,False,False,-2.47807,1.76841,2.39998,0.45000,0.00000,0.00000
1693,492.26434,0.03337,Yakından incele · radio,False,False,-2.47807,1.76841,2.39998,0.45000,0.00000,0.00000
1694,492.29706,0.03272,Yakından incele · radio,False,False,-2.47807,1.76841,2.39998,0.45000,0.00000,0.00000
1695,492.33001,0.03295,Yakından incele · radio,False,False,-2.47807,1.76841,2.39998,0.45000,0.00000,0.00000
1696,492.39760,0.06759,Ada ile odada gezin,True,False,-2.51312,1.79994,2.32297,0.48056,0.09029,0.80308
1697,492.40476,0.00716,Ada ile odada gezin,True,False,-2.52232,1.80821,2.30278,0.48858,0.02368,0.20936
1698,492.42876,0.02400,Ada ile odada gezin,True,False,-2.55324,1.83602,2.23486,0.51554,0.07964,0.70886
1699,492.46303,0.03427,Ada ile odada gezin,True,False,-2.61080,1.88779,2.10843,0.56572,0.14825,1.31995
1700,492.49789,0.03485,Ada ile odada gezin,True,False,-2.68171,1.95157,1.95266,0.62755,0.18265,1.62650
1701,492.53013,0.03224,Ada ile odada gezin,True,False,-2.76854,2.02967,1.76193,0.70326,0.22365,1.99127
1702,492.56207,0.03194,Ada ile odada gezin,True,False,-2.85586,2.10820,1.57014,0.77938,0.22489,2.00264
1703,492.59621,0.03414,Ada ile odada gezin,True,False,-2.96403,2.20550,1.33251,0.87370,0.27863,2.48161
1704,492.62994,0.03374,Ada ile odada gezin,True,False,-3.07742,2.30748,1.08345,0.97256,0.29204,2.60111
1705,492.66416,0.03422,Ada ile odada gezin,True,False,-3.20053,2.41821,0.81303,1.07990,0.31708,2.82417
1706,492.70539,0.04123,Ada ile odada gezin,True,False,-3.36231,2.56372,0.45766,1.22095,0.41670,3.71166
1707,492.73833,0.03293,Ada ile odada gezin,True,False,-3.49556,2.68356,0.16497,1.33713,0.34320,3.05709
1708,492.77188,0.03355,Ada ile odada gezin,True,False,-3.63611,2.80997,-0.14375,1.45967,0.36200,3.22432
1709,492.80751,0.03563,Ada ile odada gezin,True,False,-3.77968,2.93911,-0.45913,1.58485,0.36981,3.29374
1710,492.84013,0.03262,Ada ile odada gezin,True,False,-3.93031,3.07459,-0.79000,1.71618,0.38797,3.45542
1711,492.87444,0.03432,Ada ile odada gezin,True,False,-4.06796,3.19839,-1.09236,1.83619,0.35453,3.15760
1712,492.90742,0.03297,Ada ile odada gezin,True,False,-4.22112,3.33614,-1.42878,1.96973,0.39448,3.51383
1713,492.94273,0.03531,Ada ile odada gezin,True,False,-4.35495,3.45651,-1.72275,2.08641,0.34470,3.07012
1714,492.97967,0.03694,Ada ile odada gezin,True,False,-4.50929,3.59533,-2.06177,2.22098,0.39752,3.54046
1715,493.01018,0.03052,Ada ile odada gezin,True,False,-4.64303,3.71562,-2.35555,2.33759,0.34448,3.06808
1716,493.04219,0.03201,Ada ile odada gezin,True,False,-4.76481,3.82515,-2.62305,2.44376,0.31366,2.79324
1717,493.07628,0.03409,Ada ile odada gezin,True,False,-4.88998,3.93773,-2.89799,2.55289,0.32238,2.87090
1718,493.11081,0.03453,Ada ile odada gezin,True,False,-5.00747,4.04340,-3.15606,2.65533,0.30261,2.69511
1719,493.14279,0.03198,Ada ile odada gezin,True,False,-5.11503,4.14014,-3.39232,2.74911,0.27703,2.46769
1720,493.17199,0.02920,Ada ile odada gezin,True,False,-5.20725,4.22309,-3.59489,2.82951,0.23753,2.11591
1721,493.20448,0.03249,Ada ile odada gezin,True,False,-5.28748,4.29525,-3.77113,2.89946,0.20665,1.84052
1722,493.23801,0.03353,Ada ile odada gezin,True,False,-5.36561,4.36552,-3.94274,2.96758,0.20124,1.79182
1723,493.27090,0.03289,Ada ile odada gezin,True,False,-5.42462,4.41859,-4.07236,3.01903,0.15198,1.35333
1724,493.30510,0.03420,Ada ile odada gezin,True,False,-5.47225,4.46144,-4.17699,3.06056,0.12269,1.09288
1725,493.33801,0.03291,Ada ile odada gezin,True,False,-5.50299,4.48908,-4.24452,3.08737,0.07918,0.70332
1726,493.37078,0.03278,Ada ile odada gezin,True,False,-5.51670,4.50141,-4.27462,3.09931,0.03530,0.30901
1727,493.40438,0.03359,Ada ile odada gezin,False,False,-5.51748,4.50212,-4.27635,3.10000,0.00203,0.00000
1728,493.44074,0.03636,Ada ile odada gezin,False,False,-5.51748,4.50212,-4.27635,3.10000,0.00000,0.00000
1729,493.47239,0.03165,Ada ile odada gezin,False,False,-5.51707,4.50252,-4.27928,3.10000,0.00299,0.00000
1730,493.50478,0.03240,Ada ile odada gezin,False,False,-5.51598,4.50352,-4.28712,3.10000,0.00798,0.00000
1731,493.53805,0.03327,Ada ile odada gezin,False,False,-5.51410,4.50514,-4.30113,3.10000,0.01423,0.00000
1732,493.57158,0.03353,Ada ile odada gezin,False,False,-5.50868,4.50668,-4.31952,3.10000,0.01923,0.00000
1733,493.60543,0.03385,Ada ile odada gezin,False,False,-5.50140,4.50858,-4.34398,3.10000,0.02560,0.00000
1734,493.63859,0.03316,Ada ile odada gezin,False,False,-5.49419,4.51082,-4.37336,3.10000,0.03033,0.00000
1735,493.67142,0.03282,Ada ile odada gezin,False,False,-5.48765,4.51322,-4.40660,3.10000,0.03396,0.00000
1736,493.70453,0.03311,Ada ile odada gezin,False,False,-5.47910,4.51503,-4.44120,3.10000,0.03569,0.00000
1737,493.73750,0.03298,Ada ile odada gezin,False,False,-5.47097,4.51669,-4.47677,3.10000,0.03652,0.00000
1738,493.77015,0.03265,Ada ile odada gezin,False,False,-5.46372,4.51831,-4.51457,3.10000,0.03852,0.00000
1739,493.80380,0.03365,Ada ile odada gezin,False,False,-5.45552,4.51919,-4.54986,3.10000,0.03624,0.00000
1740,493.83947,0.03567,Ada ile odada gezin,False,False,-5.44751,4.52018,-4.58873,3.10000,0.03970,0.00000
1741,493.87378,0.03432,Ada ile odada gezin,False,False,-5.43894,4.52049,-4.62467,3.10000,0.03694,0.00000
1742,493.90596,0.03218,Ada ile odada gezin,False,False,-5.43190,4.52082,-4.65957,3.10000,0.03560,0.00000
1743,493.94309,0.03713,Ada ile odada gezin,False,False,-5.42690,4.52105,-4.69225,3.10000,0.03307,0.00000
1744,493.97777,0.03468,Ada ile odada gezin,False,False,-5.42391,4.52138,-4.72849,3.10000,0.03636,0.00000
1745,494.00807,0.03030,Ada ile odada gezin,False,False,-5.42304,4.52149,-4.75714,3.10000,0.02867,0.00000
1746,494.04188,0.03381,Ada ile odada gezin,False,False,-5.42339,4.52161,-4.78598,3.10000,0.02884,0.00000
1747,494.07504,0.03317,Ada ile odada gezin,False,False,-5.42487,4.52177,-4.81667,3.10000,0.03073,0.00000
1748,494.10875,0.03370,Ada ile odada gezin,False,False,-5.42694,4.52184,-4.84405,3.10000,0.02746,0.00000
1749,494.14253,0.03378,Ada ile odada gezin,False,False,-5.42992,4.52199,-4.87474,3.10000,0.03084,0.00000
1750,494.17738,0.03485,Ada ile odada gezin,False,False,-5.43291,4.52202,-4.90129,3.10000,0.02672,0.00000
1751,494.21335,0.03596,Ada ile odada gezin,False,False,-5.43637,4.52228,-4.93385,3.10000,0.03274,0.00000
1752,494.24537,0.03203,Ada ile odada gezin,False,False,-5.43875,4.52261,-4.96444,3.10000,0.03069,0.00000
1753,494.27596,0.03058,Ada ile odada gezin,False,False,-5.43937,4.52303,-4.99669,3.10000,0.03226,0.00000
1754,494.30574,0.02978,Ada ile odada gezin,False,False,-5.43724,4.52350,-5.03129,3.10000,0.03467,0.00000
1755,494.33793,0.03219,Ada ile odada gezin,False,False,-5.43139,4.52387,-5.06855,3.10000,0.03771,0.00000
1756,494.37154,0.03361,Ada ile odada gezin,False,False,-5.41966,4.52410,-5.11145,3.10000,0.04448,0.00000
1757,494.40502,0.03347,Ada ile odada gezin,False,False,-5.40283,4.52398,-5.15529,3.10000,0.04696,0.00000
1758,494.43870,0.03369,Ada ile odada gezin,False,False,-5.38143,4.52368,-5.20154,3.10000,0.05096,0.00000
1759,494.47186,0.03316,Ada ile odada gezin,False,False,-5.35768,4.52329,-5.24775,3.10000,0.05196,0.00000
1760,494.50502,0.03316,Ada ile odada gezin,False,False,-5.33191,4.52284,-5.29438,3.10000,0.05328,0.00000
1761,494.53802,0.03300,Ada ile odada gezin,False,False,-5.30434,4.52230,-5.34124,3.10000,0.05437,0.00000
1762,494.57130,0.03327,Ada ile odada gezin,False,False,-5.27565,4.52166,-5.38706,3.10000,0.05406,0.00000
1763,494.60459,0.03329,Ada ile odada gezin,False,False,-5.24499,4.52091,-5.43286,3.10000,0.05512,0.00000
1764,494.63837,0.03378,Ada ile odada gezin,False,False,-5.21254,4.52006,-5.47802,3.10000,0.05562,0.00000
1765,494.67109,0.03272,Ada ile odada gezin,False,False,-5.17864,4.51920,-5.52303,3.10000,0.05635,0.00000
1766,494.70474,0.03365,Ada ile odada gezin,False,False,-5.14524,4.51842,-5.56604,3.10000,0.05447,0.00000
1767,494.73817,0.03343,Ada ile odada gezin,False,False,-5.10866,4.51772,-5.61213,3.10000,0.05884,0.00000
1768,494.77109,0.03292,Ada ile odada gezin,False,False,-5.07462,4.51713,-5.65448,3.10000,0.05434,0.00000
1769,494.80525,0.03416,Ada ile odada gezin,False,False,-5.03762,4.51662,-5.70003,3.10000,0.05868,0.00000
1770,494.83826,0.03301,Ada ile odada gezin,False,False,-5.00233,4.51620,-5.74322,3.10000,0.05578,0.00000
1771,494.87126,0.03299,Ada ile odada gezin,False,False,-4.96631,4.51586,-5.78709,3.10000,0.05677,0.00000
1772,494.90518,0.03392,Ada ile odada gezin,False,False,-4.93050,4.51558,-5.83056,3.10000,0.05632,0.00000
1773,494.93778,0.03260,Ada ile odada gezin,False,False,-4.89401,4.51536,-5.87475,3.10000,0.05731,0.00000
1774,494.97045,0.03267,Ada ile odada gezin,False,False,-4.85891,4.51517,-5.91721,3.10000,0.05509,0.00000
1775,495.00408,0.03363,Ada ile odada gezin,False,False,-4.82260,4.51503,-5.96106,3.10000,0.05693,0.00000
1776,495.03843,0.03435,Ada ile odada gezin,False,False,-4.78598,4.51492,-6.00524,3.10000,0.05739,0.00000
1777,495.07173,0.03330,Ada ile odada gezin,False,False,-4.74929,4.51483,-6.04948,3.10000,0.05747,0.00000
1778,495.10413,0.03240,Ada ile odada gezin,False,False,-4.71361,4.51475,-6.09250,3.10000,0.05589,0.00000
1779,495.13668,0.03255,Ada ile odada gezin,False,False,-4.67815,4.51468,-6.13522,3.10000,0.05552,0.00000
1780,495.17120,0.03452,Ada ile odada gezin,False,False,-4.64206,4.51464,-6.17869,3.10000,0.05651,0.00000
1781,495.20478,0.03358,Ada ile odada gezin,False,False,-4.60443,4.51462,-6.22400,3.10000,0.05889,0.00000
1782,495.23808,0.03329,Ada ile odada gezin,False,False,-4.56921,4.51458,-6.26642,3.10000,0.05514,0.00000
1783,495.27120,0.03313,Ada ile odada gezin,False,False,-4.53206,4.51456,-6.31113,3.10000,0.05813,0.00000
1784,495.30388,0.03268,Ada ile odada gezin,False,False,-4.49691,4.51453,-6.35345,3.10000,0.05501,0.00000
1785,495.33778,0.03390,Ada ile odada gezin,False,False,-4.46066,4.51452,-6.39708,3.10000,0.05673,0.00000
1786,495.37172,0.03394,Ada ile odada gezin,False,False,-4.42383,4.51451,-6.44141,3.10000,0.05763,0.00000
1787,495.40466,0.03293,Ada ile odada gezin,False,False,-4.38750,4.51450,-6.48514,3.10000,0.05685,0.00000
1788,495.43785,0.03319,Ada ile odada gezin,False,False,-4.35159,4.51449,-6.52835,3.10000,0.05618,0.00000
1789,495.47163,0.03378,Ada ile odada gezin,False,False,-4.31521,4.51449,-6.57214,3.10000,0.05693,0.00000
1790,495.50481,0.03319,Ada ile odada gezin,False,False,-4.27885,4.51448,-6.61589,3.10000,0.05689,0.00000
1791,495.53763,0.03282,Ada ile odada gezin,False,False,-4.24298,4.51448,-6.65906,3.10000,0.05613,0.00000
1792,495.57087,0.03324,Ada ile odada gezin,False,False,-4.20689,4.51447,-6.70249,3.10000,0.05647,0.00000
1793,495.60468,0.03381,Ada ile odada gezin,False,False,-4.17070,4.51447,-6.74604,3.10000,0.05663,0.00000
1794,495.63848,0.03380,Ada ile odada gezin,False,False,-4.13404,4.51448,-6.79015,3.10000,0.05735,0.00000
1795,495.67199,0.03352,Ada ile odada gezin,False,False,-4.09777,4.51447,-6.83380,3.10000,0.05675,0.00000
1796,495.70484,0.03285,Ada ile odada gezin,False,False,-4.06124,4.51447,-6.87776,3.10000,0.05716,0.00000
1797,495.73842,0.03358,Ada ile odada gezin,False,False,-4.02584,4.51446,-6.92037,3.10000,0.05539,0.00000
1798,495.77194,0.03351,Ada ile odada gezin,False,False,-3.98869,4.51447,-6.96506,3.10000,0.05812,0.00000
1799,495.80508,0.03315,Ada ile odada gezin,False,False,-3.95270,4.51447,-7.00838,3.10000,0.05632,0.00000
1800,495.83835,0.03327,Ada ile odada gezin,False,False,-3.91691,4.51446,-7.05145,3.10000,0.05601,0.00000
1801,495.87083,0.03248,Ada ile odada gezin,False,False,-3.88043,4.51447,-7.09534,3.10000,0.05707,0.00000
1802,495.90383,0.03300,Ada ile odada gezin,False,False,-3.84538,4.51446,-7.13753,3.10000,0.05485,0.00000
1803,495.93735,0.03352,Ada ile odada gezin,False,False,-3.80855,4.51447,-7.18184,3.10000,0.05761,0.00000
1804,495.97139,0.03404,Ada ile odada gezin,False,False,-3.77262,4.51447,-7.22508,3.10000,0.05622,0.00000
1805,496.01309,0.04170,Ada ile odada gezin,False,False,-3.72480,4.51457,-7.28254,3.10000,0.07475,0.00000
1806,496.04639,0.03330,Ada ile odada gezin,False,False,-3.69023,4.51450,-7.32419,3.10000,0.05413,0.00000
1807,496.07936,0.03297,Ada ile odada gezin,False,False,-3.65332,4.51448,-7.36863,3.10000,0.05778,0.00000
1808,496.11216,0.03280,Ada ile odada gezin,False,False,-3.61897,4.51444,-7.40999,3.10000,0.05375,0.00000
1809,496.14631,0.03415,Ada ile odada gezin,False,False,-3.58188,4.51445,-7.45462,3.10000,0.05804,0.00000
1810,496.17964,0.03333,Ada ile odada gezin,False,False,-3.54571,4.51444,-7.49815,3.10000,0.05660,0.00000
1811,496.21271,0.03307,Ada ile odada gezin,False,False,-3.50975,4.51444,-7.54142,3.10000,0.05626,0.00000
1812,496.24592,0.03322,Ada ile odada gezin,False,False,-3.47371,4.51444,-7.58479,3.10000,0.05639,0.00000
1813,496.27883,0.03291,Ada ile odada gezin,False,False,-3.43753,4.51445,-7.62832,3.10000,0.05660,0.00000
1814,496.31232,0.03349,Ada ile odada gezin,False,False,-3.40185,4.51445,-7.67126,3.10000,0.05583,0.00000
1815,496.34624,0.03392,Ada ile odada gezin,False,False,-3.36489,4.51446,-7.71572,3.10000,0.05782,0.00000
1816,496.37920,0.03296,Ada ile odada gezin,False,False,-3.32868,4.51446,-7.75930,3.10000,0.05666,0.00000
1817,496.41185,0.03265,Ada ile odada gezin,False,False,-3.29295,4.51445,-7.80230,3.10000,0.05590,0.00000
1818,496.44564,0.03380,Ada ile odada gezin,False,False,-3.25708,4.51446,-7.84545,3.10000,0.05611,0.00000
1819,496.47977,0.03413,Ada ile odada gezin,False,False,-3.21985,4.51447,-7.89026,3.10000,0.05826,0.00000
1820,496.51221,0.03244,Ada ile odada gezin,False,False,-3.18369,4.51447,-7.93377,3.10000,0.05657,0.00000
1821,496.54571,0.03350,Ada ile odada gezin,False,False,-3.14840,4.51446,-7.97623,3.10000,0.05521,0.00000
1822,496.57972,0.03402,Ada ile odada gezin,False,False,-3.11113,4.51447,-8.02107,3.10000,0.05831,0.00000
1823,496.61715,0.03743,Yakından incele · bag,True,False,-3.05860,4.50915,-8.04326,3.09525,0.05728,0.45111
1824,496.65030,0.03315,Yakından incele · bag,True,False,-3.00147,4.49081,-7.97048,3.07889,0.09432,1.55667
1825,496.68098,0.03068,Yakından incele · bag,True,False,-2.93229,4.46860,-7.88234,3.05907,0.11423,1.88506
1826,496.71476,0.03378,Yakından incele · bag,True,False,-2.81935,4.43234,-7.73846,3.02672,0.18647,3.07827
1827,496.74620,0.03144,Yakından incele · bag,True,False,-2.69293,4.39176,-7.57740,2.99050,0.20873,3.44589
1828,496.78039,0.03419,Yakından incele · bag,True,False,-2.53974,4.34258,-7.38224,2.94662,0.25293,4.17613
1829,496.81374,0.03335,Yakından incele · bag,True,False,-2.35581,4.28354,-7.14792,2.89393,0.30368,5.01420
1830,496.84583,0.03210,Yakından incele · bag,True,False,-2.16972,4.22380,-6.91084,2.84062,0.30726,5.07288
1831,496.87821,0.03238,Yakından incele · bag,True,False,-1.95529,4.15496,-6.63766,2.77920,0.35404,5.84537
1832,496.91173,0.03352,Yakından incele · bag,True,False,-1.73801,4.08521,-6.36085,2.71696,0.35875,5.92322
1833,496.94560,0.03387,Yakından incele · bag,True,False,-1.48762,4.00483,-6.04186,2.64523,0.41342,6.82589
1834,496.97843,0.03282,Yakından incele · bag,True,False,-1.24638,3.92738,-5.73452,2.57612,0.39832,6.57662
1835,497.01156,0.03313,Yakından incele · bag,True,False,-0.98399,3.84315,-5.40024,2.50096,0.43322,7.15274
1836,497.04516,0.03360,Yakından incele · bag,True,False,-0.72697,3.76064,-5.07279,2.42733,0.42437,7.00672
1837,497.07899,0.03384,Yakından incele · bag,True,False,-0.44989,3.67169,-4.71979,2.34795,0.45749,7.55346
1838,497.11182,0.03282,Yakından incele · bag,True,False,-0.18751,3.58746,-4.38553,2.27279,0.43320,7.15253
1839,497.14554,0.03373,Yakından incele · bag,True,False,0.08396,3.50031,-4.03968,2.19503,0.44822,7.40041
1840,497.17851,0.03297,Yakından incele · bag,True,False,0.35044,3.41476,-3.70018,2.11869,0.43999,7.26465
1841,497.21242,0.03390,Yakından incele · bag,True,False,0.60791,3.33211,-3.37216,2.04493,0.42511,7.01912
1842,497.24580,0.03339,Yakından incele · bag,True,False,0.86948,3.24814,-3.03893,1.97000,0.43188,7.13081
1843,497.27843,0.03262,Yakından incele · bag,True,False,1.10766,3.17168,-2.73550,1.90177,0.39324,6.49309
1844,497.31183,0.03340,Yakından incele · bag,True,False,1.34290,3.09616,-2.43580,1.83439,0.38841,6.41312
1845,497.34473,0.03290,Yakından incele · bag,True,False,1.56192,3.02585,-2.15677,1.77164,0.36162,5.97062
1846,497.37859,0.03387,Yakından incele · bag,True,False,1.76513,2.96061,-1.89788,1.71343,0.33552,5.53945
1847,497.41258,0.03399,Yakından incele · bag,True,False,1.95502,2.89965,-1.65596,1.65903,0.31353,5.17631
1848,497.44546,0.03288,Yakından incele · bag,True,False,2.12147,2.84622,-1.44391,1.61135,0.27483,4.53732
1849,497.47881,0.03335,Yakından incele · bag,True,False,2.26394,2.80048,-1.26240,1.57054,0.23524,3.88378
1850,497.51274,0.03392,Yakından incele · bag,True,False,2.38477,2.76169,-1.10846,1.53593,0.19950,3.29398
1851,497.54578,0.03304,Yakından incele · bag,True,False,2.47860,2.73157,-0.98893,1.50905,0.15491,2.55772
1852,497.57892,0.03314,Yakından incele · bag,True,False,2.54162,2.71134,-0.90864,1.49100,0.10406,1.71824
1853,497.61302,0.03410,Yakından incele · bag,True,False,2.57575,2.70038,-0.86516,1.48122,0.05635,0.93040
1854,497.64596,0.03294,Yakından incele · bag,False,False,2.58000,2.69902,-0.85975,1.48000,0.00702,0.00000
1855,497.68321,0.03725,Yakından incele · bag,False,False,2.58000,2.69902,-0.85975,1.48000,0.00000,0.00000
1856,497.71457,0.03136,Yakından incele · bag,False,False,2.58000,2.69902,-0.85975,1.48000,0.00000,0.00000
1857,497.76366,0.04908,Yakından incele · bag,False,False,2.58000,2.69902,-0.85975,1.48000,0.00000,0.00000
1858,497.77868,0.01502,Yakından incele · bag,False,False,2.58000,2.69902,-0.85975,1.48000,0.00000,0.00000
1859,497.81239,0.03371,Yakından incele · bag,False,False,2.58000,2.69902,-0.85975,1.48000,0.00000,0.00000
1860,497.84678,0.03439,Yakından incele · bag,False,False,2.58000,2.69902,-0.85975,1.48000,0.00000,0.00000
1861,497.87909,0.03230,Yakından incele · bag,False,False,2.58000,2.69902,-0.85975,1.48000,0.00000,0.00000
1862,497.91212,0.03304,Yakından incele · bag,False,False,2.58000,2.69902,-0.85975,1.48000,0.00000,0.00000
1863,497.94637,0.03425,Yakından incele · bag,False,False,2.58000,2.69902,-0.85975,1.48000,0.00000,0.00000
1864,497.97990,0.03353,Yakından incele · bag,False,False,2.58000,2.69902,-0.85975,1.48000,0.00000,0.00000
1865,498.01266,0.03276,Yakından incele · bag,False,False,2.58000,2.69902,-0.85975,1.48000,0.00000,0.00000
1866,498.04589,0.03323,Yakından incele · bag,False,False,2.58000,2.69902,-0.85975,1.48000,0.00000,0.00000
1867,498.07941,0.03352,Yakından incele · bag,False,False,2.58000,2.69902,-0.85975,1.48000,0.00000,0.00000
1868,498.11259,0.03318,Yakından incele · bag,False,False,2.58000,2.69902,-0.85975,1.48000,0.00000,0.00000
1869,498.14605,0.03346,Yakından incele · bag,False,False,2.58000,2.69902,-0.85975,1.48000,0.00000,0.00000
1870,498.17937,0.03332,Yakından incele · bag,False,False,2.58000,2.69902,-0.85975,1.48000,0.00000,0.00000
1871,498.21213,0.03276,Yakından incele · bag,False,False,2.58000,2.69902,-0.85975,1.48000,0.00000,0.00000
1872,498.24489,0.03277,Yakından incele · bag,False,False,2.58000,2.69902,-0.85975,1.48000,0.00000,0.00000
1873,498.27923,0.03433,Yakından incele · bag,False,False,2.58000,2.69902,-0.85975,1.48000,0.00000,0.00000
1874,498.31403,0.03481,Yakından incele · bag,False,False,2.58000,2.69902,-0.85975,1.48000,0.00000,0.00000
1875,498.36181,0.04777,Yakından incele · bag,False,False,2.58000,2.69902,-0.85975,1.48000,0.00000,0.00000
1876,498.37854,0.01673,Yakından incele · bag,False,False,2.58000,2.69902,-0.85975,1.48000,0.00000,0.00000
1877,498.41203,0.03349,Yakından incele · bag,False,False,2.58000,2.69902,-0.85975,1.48000,0.00000,0.00000
1878,498.44591,0.03388,Yakından incele · bag,False,False,2.58000,2.69902,-0.85975,1.48000,0.00000,0.00000
1879,498.47954,0.03363,Yakından incele · bag,False,False,2.58000,2.69902,-0.85975,1.48000,0.00000,0.00000
1880,498.51264,0.03310,Yakından incele · bag,False,False,2.58000,2.69902,-0.85975,1.48000,0.00000,0.00000
1881,498.54639,0.03375,Yakından incele · bag,False,False,2.58000,2.69902,-0.85975,1.48000,0.00000,0.00000
1882,498.58011,0.03372,Yakından incele · bag,False,False,2.58000,2.69902,-0.85975,1.48000,0.00000,0.00000
1883,498.61260,0.03249,Yakından incele · bag,False,False,2.58000,2.69902,-0.85975,1.48000,0.00000,0.00000
1884,498.64462,0.03202,Yakından incele · bag,False,False,2.58000,2.69902,-0.85975,1.48000,0.00000,0.00000
1885,498.67844,0.03382,Yakından incele · bag,False,False,2.58000,2.69902,-0.85975,1.48000,0.00000,0.00000
1886,498.71257,0.03413,Yakından incele · bag,False,False,2.58000,2.69902,-0.85975,1.48000,0.00000,0.00000
1887,498.74565,0.03309,Yakından incele · bag,False,False,2.58000,2.69902,-0.85975,1.48000,0.00000,0.00000
1888,498.77932,0.03366,Yakından incele · bag,False,False,2.58000,2.69902,-0.85975,1.48000,0.00000,0.00000
1889,498.81242,0.03310,Yakından incele · bag,False,False,2.58000,2.69902,-0.85975,1.48000,0.00000,0.00000
1890,498.84568,0.03326,Yakından incele · bag,False,False,2.58000,2.69902,-0.85975,1.48000,0.00000,0.00000
1891,498.87941,0.03373,Yakından incele · bag,False,False,2.58000,2.69902,-0.85975,1.48000,0.00000,0.00000
1892,498.91251,0.03310,Yakından incele · bag,False,False,2.58000,2.69902,-0.85975,1.48000,0.00000,0.00000
1893,498.94611,0.03360,Yakından incele · bag,False,False,2.58000,2.69902,-0.85975,1.48000,0.00000,0.00000
1894,498.97905,0.03294,Yakından incele · bag,False,False,2.58000,2.69902,-0.85975,1.48000,0.00000,0.00000
1895,499.01232,0.03327,Yakından incele · bag,False,False,2.58000,2.69902,-0.85975,1.48000,0.00000,0.00000
1896,499.06069,0.04837,Yakından incele · bag,False,False,2.58000,2.69902,-0.85975,1.48000,0.00000,0.00000
1897,499.07911,0.01842,Yakından incele · bag,False,False,2.58000,2.69902,-0.85975,1.48000,0.00000,0.00000
1898,499.11282,0.03371,Yakından incele · bag,False,False,2.58000,2.69902,-0.85975,1.48000,0.00000,0.00000
1899,499.14536,0.03254,Yakından incele · bag,False,False,2.58000,2.69902,-0.85975,1.48000,0.00000,0.00000
1900,499.17875,0.03339,Yakından incele · bag,False,False,2.58000,2.69902,-0.85975,1.48000,0.00000,0.00000
1901,499.21207,0.03333,Yakından incele · bag,False,False,2.58000,2.69902,-0.85975,1.48000,0.00000,0.00000
1902,499.24539,0.03332,Yakından incele · bag,False,False,2.58000,2.69902,-0.85975,1.48000,0.00000,0.00000
1903,499.27898,0.03359,Yakından incele · bag,False,False,2.58000,2.69902,-0.85975,1.48000,0.00000,0.00000
1904,499.32069,0.04171,Yakından incele · bag,False,False,2.58000,2.69902,-0.85975,1.48000,0.00000,0.00000
1905,499.35448,0.03378,Yakından incele · bag,False,False,2.58000,2.69902,-0.85975,1.48000,0.00000,0.00000
1906,499.38803,0.03355,Yakından incele · bag,False,False,2.58000,2.69902,-0.85975,1.48000,0.00000,0.00000
1907,499.42132,0.03329,Yakından incele · bag,False,False,2.58000,2.69902,-0.85975,1.48000,0.00000,0.00000
1908,499.45391,0.03259,Yakından incele · bag,False,False,2.58000,2.69902,-0.85975,1.48000,0.00000,0.00000
1909,499.48665,0.03274,Yakından incele · bag,False,False,2.58000,2.69902,-0.85975,1.48000,0.00000,0.00000
1910,499.52010,0.03345,Yakından incele · bag,False,False,2.58000,2.69902,-0.85975,1.48000,0.00000,0.00000
1911,499.55325,0.03315,Yakından incele · bag,False,False,2.58000,2.69902,-0.85975,1.48000,0.00000,0.00000
1912,499.58717,0.03392,Yakından incele · bag,False,False,2.58000,2.69902,-0.85975,1.48000,0.00000,0.00000
1913,499.62149,0.03433,Yakından incele · bag,False,False,2.58000,2.69902,-0.85975,1.48000,0.00000,0.00000
1914,499.65443,0.03294,Yakından incele · bag,False,False,2.58000,2.69902,-0.85975,1.48000,0.00000,0.00000
1915,499.68665,0.03221,Yakından incele · bag,False,False,2.58000,2.69902,-0.85975,1.48000,0.00000,0.00000
1916,499.73343,0.04679,Yakından incele · bag,False,False,2.58000,2.69902,-0.85975,1.48000,0.00000,0.00000
1917,499.75313,0.01970,Yakından incele · bag,False,False,2.58000,2.69902,-0.85975,1.48000,0.00000,0.00000
1918,499.78733,0.03420,Yakından incele · bag,False,False,2.58000,2.69902,-0.85975,1.48000,0.00000,0.00000
1919,499.82104,0.03371,Yakından incele · bag,False,False,2.58000,2.69902,-0.85975,1.48000,0.00000,0.00000
1920,499.85342,0.03238,Yakından incele · bag,False,False,2.58000,2.69902,-0.85975,1.48000,0.00000,0.00000
1921,499.88743,0.03400,Yakından incele · bag,False,False,2.58000,2.69902,-0.85975,1.48000,0.00000,0.00000
1922,499.92024,0.03281,Yakından incele · bag,False,False,2.58000,2.69902,-0.85975,1.48000,0.00000,0.00000
1923,499.95365,0.03341,Yakından incele · bag,False,False,2.58000,2.69902,-0.85975,1.48000,0.00000,0.00000
1924,499.98717,0.03352,Yakından incele · bag,False,False,2.58000,2.69902,-0.85975,1.48000,0.00000,0.00000
1925,500.02080,0.03362,Yakından incele · bag,False,False,2.58000,2.69902,-0.85975,1.48000,0.00000,0.00000
1926,500.05389,0.03309,Yakından incele · bag,False,False,2.58000,2.69902,-0.85975,1.48000,0.00000,0.00000
1927,500.08808,0.03419,Yakından incele · bag,False,False,2.58000,2.69902,-0.85975,1.48000,0.00000,0.00000
1928,500.12219,0.03411,Yakından incele · bag,False,False,2.58000,2.69902,-0.85975,1.48000,0.00000,0.00000
1929,500.15672,0.03453,Yakından incele · bag,False,False,2.58000,2.69902,-0.85975,1.48000,0.00000,0.00000
1930,500.18916,0.03244,Yakından incele · bag,False,False,2.58000,2.69902,-0.85975,1.48000,0.00000,0.00000
1931,500.22064,0.03148,Yakından incele · bag,False,False,2.58000,2.69902,-0.85975,1.48000,0.00000,0.00000
1932,500.25648,0.03584,Yakından incele · bag,False,False,2.58000,2.69902,-0.85975,1.48000,0.00000,0.00000
1933,500.28951,0.03303,Yakından incele · bag,False,False,2.58000,2.69902,-0.85975,1.48000,0.00000,0.00000
1934,500.32668,0.03717,Yakından incele · bag,False,False,2.58000,2.69902,-0.85975,1.48000,0.00000,0.00000
1935,500.36131,0.03463,Yakından incele · bag,False,False,2.58000,2.69902,-0.85975,1.48000,0.00000,0.00000
1936,500.41312,0.05181,Yakından incele · bag,False,False,2.58000,2.69902,-0.85975,1.48000,0.00000,0.00000
1937,500.42289,0.00977,Yakından incele · bag,False,False,2.58000,2.69902,-0.85975,1.48000,0.00000,0.00000
1938,500.45769,0.03480,Yakından incele · bag,False,False,2.58000,2.69902,-0.85975,1.48000,0.00000,0.00000
1939,500.49085,0.03316,Yakından incele · bag,False,False,2.58000,2.69902,-0.85975,1.48000,0.00000,0.00000
1940,500.52214,0.03129,Yakından incele · bag,False,False,2.58000,2.69902,-0.85975,1.48000,0.00000,0.00000
1941,500.55430,0.03216,Yakından incele · bag,False,False,2.58000,2.69902,-0.85975,1.48000,0.00000,0.00000
1942,500.58767,0.03337,Yakından incele · bag,False,False,2.58000,2.69902,-0.85975,1.48000,0.00000,0.00000
1943,500.62112,0.03345,Yakından incele · bag,False,False,2.58000,2.69902,-0.85975,1.48000,0.00000,0.00000
1944,500.65294,0.03182,Yakından incele · bag,False,False,2.58000,2.69902,-0.85975,1.48000,0.00000,0.00000
1945,500.68661,0.03367,Yakından incele · bag,False,False,2.58000,2.69902,-0.85975,1.48000,0.00000,0.00000
1946,500.72138,0.03477,Yakından incele · bag,False,False,2.58000,2.69902,-0.85975,1.48000,0.00000,0.00000
1947,500.75452,0.03314,Yakından incele · bag,False,False,2.58000,2.69902,-0.85975,1.48000,0.00000,0.00000
1948,500.78740,0.03289,Yakından incele · bag,False,False,2.58000,2.69902,-0.85975,1.48000,0.00000,0.00000
1949,500.82092,0.03352,Yakından incele · bag,False,False,2.58000,2.69902,-0.85975,1.48000,0.00000,0.00000
1950,500.85394,0.03302,Yakından incele · bag,False,False,2.58000,2.69902,-0.85975,1.48000,0.00000,0.00000
1951,500.88714,0.03320,Yakından incele · bag,False,False,2.58000,2.69902,-0.85975,1.48000,0.00000,0.00000
1952,500.92010,0.03297,Yakından incele · bag,False,False,2.58000,2.69902,-0.85975,1.48000,0.00000,0.00000
1953,500.95451,0.03441,Yakından incele · bag,False,False,2.58000,2.69902,-0.85975,1.48000,0.00000,0.00000
1954,500.98777,0.03326,Yakından incele · bag,False,False,2.58000,2.69902,-0.85975,1.48000,0.00000,0.00000
1955,501.02069,0.03292,Yakından incele · bag,False,False,2.58000,2.69902,-0.85975,1.48000,0.00000,0.00000
1956,501.05452,0.03383,Yakından incele · bag,False,False,2.58000,2.69902,-0.85975,1.48000,0.00000,0.00000
1957,501.10290,0.04838,Yakından incele · bag,False,False,2.58000,2.69902,-0.85975,1.48000,0.00000,0.00000
1958,501.12188,0.01898,Yakından incele · bag,False,False,2.58000,2.69902,-0.85975,1.48000,0.00000,0.00000
1959,501.15420,0.03232,Yakından incele · bag,False,False,2.58000,2.69902,-0.85975,1.48000,0.00000,0.00000
1960,501.18697,0.03278,Yakından incele · bag,False,False,2.58000,2.69902,-0.85975,1.48000,0.00000,0.00000
1961,501.22035,0.03337,Yakından incele · bag,False,False,2.58000,2.69902,-0.85975,1.48000,0.00000,0.00000
1962,501.25514,0.03479,Yakından incele · bag,False,False,2.58000,2.69902,-0.85975,1.48000,0.00000,0.00000
1963,501.28813,0.03298,Yakından incele · bag,False,False,2.58000,2.69902,-0.85975,1.48000,0.00000,0.00000
1964,501.32089,0.03277,Yakından incele · bag,False,False,2.58000,2.69902,-0.85975,1.48000,0.00000,0.00000
1965,501.35336,0.03247,Yakından incele · bag,False,False,2.58000,2.69902,-0.85975,1.48000,0.00000,0.00000
1966,501.38748,0.03412,Yakından incele · bag,False,False,2.58000,2.69902,-0.85975,1.48000,0.00000,0.00000
1967,501.42247,0.03499,Yakından incele · bag,False,False,2.58000,2.69902,-0.85975,1.48000,0.00000,0.00000
1968,501.45557,0.03310,Yakından incele · bag,False,False,2.58000,2.69902,-0.85975,1.48000,0.00000,0.00000
1969,501.48791,0.03234,Yakından incele · bag,False,False,2.58000,2.69902,-0.85975,1.48000,0.00000,0.00000
1970,501.52129,0.03339,Yakından incele · bag,False,False,2.58000,2.69902,-0.85975,1.48000,0.00000,0.00000
1971,501.55713,0.03583,Yakından incele · bag,False,False,2.58000,2.69902,-0.85975,1.48000,0.00000,0.00000
1972,501.58972,0.03260,Yakından incele · bag,False,False,2.58000,2.69902,-0.85975,1.48000,0.00000,0.00000
1973,501.62032,0.03060,Yakından incele · bag,False,False,2.58000,2.69902,-0.85975,1.48000,0.00000,0.00000
1974,501.65359,0.03326,Yakından incele · bag,False,False,2.58000,2.69902,-0.85975,1.48000,0.00000,0.00000
1975,501.68915,0.03556,Yakından incele · bag,False,False,2.58000,2.69902,-0.85975,1.48000,0.00000,0.00000
1976,501.72391,0.03477,Yakından incele · bag,False,False,2.58000,2.69902,-0.85975,1.48000,0.00000,0.00000
1977,501.77005,0.04614,Yakından incele · bag,False,False,2.58000,2.69902,-0.85975,1.48000,0.00000,0.00000
1978,501.78839,0.01834,Yakından incele · bag,False,False,2.58000,2.69902,-0.85975,1.48000,0.00000,0.00000
1979,501.82269,0.03430,Yakından incele · bag,False,False,2.58000,2.69902,-0.85975,1.48000,0.00000,0.00000
1980,501.85582,0.03313,Yakından incele · bag,False,False,2.58000,2.69902,-0.85975,1.48000,0.00000,0.00000
1981,501.88813,0.03231,Yakından incele · bag,False,False,2.58000,2.69902,-0.85975,1.48000,0.00000,0.00000
1982,501.92040,0.03227,Yakından incele · bag,False,False,2.58000,2.69902,-0.85975,1.48000,0.00000,0.00000
1983,501.95433,0.03392,Yakından incele · bag,False,False,2.58000,2.69902,-0.85975,1.48000,0.00000,0.00000
1984,501.98848,0.03415,Yakından incele · bag,False,False,2.58000,2.69902,-0.85975,1.48000,0.00000,0.00000
1985,502.02100,0.03252,Yakından incele · bag,False,False,2.58000,2.69902,-0.85975,1.48000,0.00000,0.00000
1986,502.05370,0.03270,Yakından incele · bag,False,False,2.58000,2.69902,-0.85975,1.48000,0.00000,0.00000
1987,502.08698,0.03328,Yakından incele · bag,False,False,2.58000,2.69902,-0.85975,1.48000,0.00000,0.00000
1988,502.12139,0.03441,Yakından incele · bag,False,False,2.58000,2.69902,-0.85975,1.48000,0.00000,0.00000
1989,502.15489,0.03350,Yakından incele · bag,False,False,2.58000,2.69902,-0.85975,1.48000,0.00000,0.00000
1990,502.18757,0.03267,Yakından incele · bag,False,False,2.58000,2.69902,-0.85975,1.48000,0.00000,0.00000
1991,502.21997,0.03240,Yakından incele · bag,False,False,2.58000,2.69902,-0.85975,1.48000,0.00000,0.00000
1992,502.25332,0.03335,Yakından incele · bag,False,False,2.58000,2.69902,-0.85975,1.48000,0.00000,0.00000
1993,502.28806,0.03474,Yakından incele · bag,False,False,2.58000,2.69902,-0.85975,1.48000,0.00000,0.00000
1994,502.32141,0.03335,Yakından incele · bag,False,False,2.58000,2.69902,-0.85975,1.48000,0.00000,0.00000
1995,502.35401,0.03260,Yakından incele · bag,False,False,2.58000,2.69902,-0.85975,1.48000,0.00000,0.00000
1996,502.38797,0.03396,Yakından incele · bag,False,False,2.58000,2.69902,-0.85975,1.48000,0.00000,0.00000
1997,502.43809,0.05012,Yakından incele · bag,False,False,2.58000,2.69902,-0.85975,1.48000,0.00000,0.00000
1998,502.45523,0.01714,Yakından incele · bag,False,False,2.58000,2.69902,-0.85975,1.48000,0.00000,0.00000
1999,502.48732,0.03209,Yakından incele · bag,False,False,2.58000,2.69902,-0.85975,1.48000,0.00000,0.00000
2000,502.52099,0.03367,Yakından incele · bag,False,False,2.58000,2.69902,-0.85975,1.48000,0.00000,0.00000
2001,502.55396,0.03297,Yakından incele · bag,False,False,2.58000,2.69902,-0.85975,1.48000,0.00000,0.00000
2002,502.58723,0.03328,Yakından incele · bag,False,False,2.58000,2.69902,-0.85975,1.48000,0.00000,0.00000
2003,502.62856,0.04133,Yakından incele · bag,False,False,2.58000,2.69902,-0.85975,1.48000,0.00000,0.00000
2004,502.66249,0.03393,Yakından incele · bag,False,False,2.58000,2.69902,-0.85975,1.48000,0.00000,0.00000
2005,502.69500,0.03251,Yakından incele · bag,False,False,2.58000,2.69902,-0.85975,1.48000,0.00000,0.00000
2006,502.72853,0.03352,Yakından incele · bag,False,False,2.58000,2.69902,-0.85975,1.48000,0.00000,0.00000
2007,502.76164,0.03311,Yakından incele · bag,False,False,2.58000,2.69902,-0.85975,1.48000,0.00000,0.00000
2008,502.79506,0.03342,Yakından incele · bag,False,False,2.58000,2.69902,-0.85975,1.48000,0.00000,0.00000
2009,502.82879,0.03373,Yakından incele · bag,False,False,2.58000,2.69902,-0.85975,1.48000,0.00000,0.00000
2010,502.86189,0.03311,Yakından incele · bag,False,False,2.58000,2.69902,-0.85975,1.48000,0.00000,0.00000
2011,502.89502,0.03313,Yakından incele · bag,False,False,2.58000,2.69902,-0.85975,1.48000,0.00000,0.00000
2012,502.92868,0.03366,Yakından incele · bag,False,False,2.58000,2.69902,-0.85975,1.48000,0.00000,0.00000
2013,502.96225,0.03356,Yakından incele · bag,False,False,2.58000,2.69902,-0.85975,1.48000,0.00000,0.00000
2014,502.99683,0.03458,Yakından incele · bag,False,False,2.58000,2.69902,-0.85975,1.48000,0.00000,0.00000
2015,503.03121,0.03438,Yakından incele · bag,False,False,2.58000,2.69902,-0.85975,1.48000,0.00000,0.00000
2016,503.06804,0.03683,Yakından incele · bag,False,False,2.58000,2.69902,-0.85975,1.48000,0.00000,0.00000
2017,503.11607,0.04804,Yakından incele · bag,False,False,2.58000,2.69902,-0.85975,1.48000,0.00000,0.00000
2018,503.13387,0.01780,Yakından incele · bag,False,False,2.58000,2.69902,-0.85975,1.48000,0.00000,0.00000
2019,503.16683,0.03295,Yakından incele · bag,False,False,2.58000,2.69902,-0.85975,1.48000,0.00000,0.00000
2020,503.19939,0.03257,Yakından incele · bag,False,False,2.58000,2.69902,-0.85975,1.48000,0.00000,0.00000
2021,503.23275,0.03335,Yakından incele · bag,False,False,2.58000,2.69902,-0.85975,1.48000,0.00000,0.00000
2022,503.26203,0.02928,Yakından incele · bag,False,False,2.58000,2.69902,-0.85975,1.48000,0.00000,0.00000
2023,503.29471,0.03268,Yakından incele · bag,False,False,2.58000,2.69902,-0.85975,1.48000,0.00000,0.00000
2024,503.32857,0.03386,Yakından incele · bag,False,False,2.58000,2.69902,-0.85975,1.48000,0.00000,0.00000
2025,503.36125,0.03268,Yakından incele · bag,False,False,2.58000,2.69902,-0.85975,1.48000,0.00000,0.00000
2026,503.39474,0.03349,Yakından incele · bag,False,False,2.58000,2.69902,-0.85975,1.48000,0.00000,0.00000
2027,503.42820,0.03346,Yakından incele · bag,False,False,2.58000,2.69902,-0.85975,1.48000,0.00000,0.00000
2028,503.46099,0.03279,Yakından incele · bag,False,False,2.58000,2.69902,-0.85975,1.48000,0.00000,0.00000
2029,503.49436,0.03337,Yakından incele · bag,False,False,2.58000,2.69902,-0.85975,1.48000,0.00000,0.00000
2030,503.52861,0.03425,Yakından incele · bag,False,False,2.58000,2.69902,-0.85975,1.48000,0.00000,0.00000
2031,503.56220,0.03359,Yakından incele · bag,False,False,2.58000,2.69902,-0.85975,1.48000,0.00000,0.00000
2032,503.59525,0.03305,Yakından incele · bag,False,False,2.58000,2.69902,-0.85975,1.48000,0.00000,0.00000
2033,503.62815,0.03290,Yakından incele · bag,False,False,2.58000,2.69902,-0.85975,1.48000,0.00000,0.00000
2034,503.66071,0.03256,Yakından incele · bag,False,False,2.58000,2.69902,-0.85975,1.48000,0.00000,0.00000
2035,503.69483,0.03413,Yakından incele · bag,False,False,2.58000,2.69902,-0.85975,1.48000,0.00000,0.00000
2036,503.72863,0.03380,Yakından incele · bag,False,False,2.58000,2.69902,-0.85975,1.48000,0.00000,0.00000
2037,503.76221,0.03358,Yakından incele · bag,False,False,2.58000,2.69902,-0.85975,1.48000,0.00000,0.00000
2038,503.83246,0.07026,Yakından incele · bagfit,True,False,2.58000,2.69345,-0.86615,1.47033,0.00849,0.00000
2039,503.83977,0.00730,Yakından incele · bagfit,True,False,2.58000,2.69221,-0.86758,1.46817,0.00190,0.00000
2040,503.86076,0.02100,Yakından incele · bagfit,True,False,2.58000,2.68834,-0.87204,1.46145,0.00590,0.00000
2041,503.89421,0.03345,Yakından incele · bagfit,True,False,2.58000,2.68025,-0.88135,1.44740,0.01233,0.00000
2042,503.92760,0.03339,Yakından incele · bagfit,True,False,2.58000,2.67044,-0.89264,1.43035,0.01496,0.00000
2043,503.96163,0.03404,Yakından incele · bagfit,True,False,2.58000,2.65864,-0.90623,1.40986,0.01799,0.00000
2044,503.99524,0.03360,Yakından incele · bagfit,True,False,2.58000,2.64527,-0.92162,1.38662,0.02039,0.00000
2045,504.02874,0.03351,Yakından incele · bagfit,True,False,2.58000,2.63059,-0.93852,1.36112,0.02239,0.00000
2046,504.06154,0.03279,Yakından incele · bagfit,True,False,2.58000,2.61450,-0.95704,1.33317,0.02453,0.00000
2047,504.09478,0.03324,Yakından incele · bagfit,True,False,2.58000,2.59779,-0.97627,1.30414,0.02548,0.00000
2048,504.12813,0.03336,Yakından incele · bagfit,True,False,2.58000,2.57940,-0.99744,1.27220,0.02803,0.00000
2049,504.16151,0.03337,Yakından incele · bagfit,True,False,2.58000,2.56100,-1.01862,1.24024,0.02806,0.00000
2050,504.19588,0.03438,Yakından incele · bagfit,True,False,2.58000,2.54111,-1.04152,1.20567,0.03034,0.00000
2051,504.22902,0.03314,Yakından incele · bagfit,True,False,2.58000,2.52112,-1.06453,1.17095,0.03048,0.00000
2052,504.26113,0.03211,Yakından incele · bagfit,True,False,2.58000,2.50126,-1.08740,1.13644,0.03028,0.00000
2053,504.29376,0.03263,Yakından incele · bagfit,True,False,2.58000,2.48143,-1.11022,1.10201,0.03023,0.00000
2054,504.32795,0.03420,Yakından incele · bagfit,True,False,2.58000,2.46100,-1.13374,1.06651,0.03116,0.00000
2055,504.36275,0.03479,Yakından incele · bagfit,True,False,2.58000,2.44063,-1.15719,1.03112,0.03107,0.00000
2056,504.39616,0.03342,Yakından incele · bagfit,True,False,2.58000,2.42066,-1.18018,0.99642,0.03045,0.00000
2057,504.43232,0.03616,Yakından incele · bagfit,True,False,2.58000,2.40179,-1.20189,0.96365,0.02876,0.00000
2058,504.46590,0.03358,Yakından incele · bagfit,True,False,2.58000,2.38145,-1.22531,0.92831,0.03102,0.00000
2059,504.49518,0.02929,Yakından incele · bagfit,True,False,2.58000,2.36583,-1.24329,0.90118,0.02381,0.00000
2060,504.52804,0.03286,Yakından incele · bagfit,True,False,2.58000,2.34940,-1.26221,0.87263,0.02506,0.00000
2061,504.56426,0.03622,Yakından incele · bagfit,True,False,2.58000,2.33403,-1.27989,0.84594,0.02343,0.00000
2062,504.59748,0.03322,Yakından incele · bagfit,True,False,2.58000,2.31904,-1.29715,0.81989,0.02286,0.00000
2063,504.62798,0.03050,Yakından incele · bagfit,True,False,2.58000,2.30755,-1.31038,0.79992,0.01753,0.00000
2064,504.66161,0.03363,Yakından incele · bagfit,True,False,2.58000,2.29675,-1.32281,0.78117,0.01646,0.00000
2065,504.69532,0.03371,Yakından incele · bagfit,True,False,2.58000,2.28765,-1.33329,0.76535,0.01388,0.00000
2066,504.72791,0.03259,Yakından incele · bagfit,True,False,2.58000,2.28068,-1.34131,0.75325,0.01062,0.00000
2067,504.76638,0.03847,Yakından incele · bagfit,True,False,2.58000,2.27589,-1.34682,0.74493,0.00730,0.00000
2068,504.80328,0.03690,Yakından incele · bagfit,True,False,2.58000,2.27321,-1.34991,0.74027,0.00409,0.00000
2069,504.83191,0.02863,Yakından incele · bagfit,False,False,2.58000,2.27305,-1.35009,0.74000,0.00023,0.00000
2070,504.86511,0.03319,Yakından incele · bagfit,False,False,2.58000,2.27305,-1.35009,0.74000,0.00000,0.00000
2071,504.89687,0.03177,Yakından incele · bagfit,False,False,2.58000,2.27305,-1.35009,0.74000,0.00000,0.00000
2072,504.94559,0.04871,Yakından incele · bagfit,False,False,2.58000,2.27305,-1.35009,0.74000,0.00000,0.00000
2073,504.96841,0.02282,Yakından incele · bagfit,False,False,2.58000,2.27305,-1.35009,0.74000,0.00000,0.00000
2074,504.99392,0.02551,Yakından incele · bagfit,False,False,2.58000,2.27305,-1.35009,0.74000,0.00000,0.00000
2075,505.02780,0.03389,Yakından incele · bagfit,False,False,2.58000,2.27305,-1.35009,0.74000,0.00000,0.00000
2076,505.06158,0.03378,Yakından incele · bagfit,False,False,2.58000,2.27305,-1.35009,0.74000,0.00000,0.00000
2077,505.09420,0.03262,Yakından incele · bagfit,False,False,2.58000,2.27305,-1.35009,0.74000,0.00000,0.00000
2078,505.14003,0.04583,Yakından incele · bagfit,False,False,2.58000,2.27305,-1.35009,0.74000,0.00000,0.00000
2079,505.16223,0.02220,Yakından incele · bagfit,False,False,2.58000,2.27305,-1.35009,0.74000,0.00000,0.00000
2080,505.19646,0.03422,Yakından incele · bagfit,False,False,2.58000,2.27305,-1.35009,0.74000,0.00000,0.00000
2081,505.22879,0.03233,Yakından incele · bagfit,False,False,2.58000,2.27305,-1.35009,0.74000,0.00000,0.00000
2082,505.26057,0.03178,Yakından incele · bagfit,False,False,2.58000,2.27305,-1.35009,0.74000,0.00000,0.00000
2083,505.29700,0.03643,Yakından incele · bagfit,False,False,2.58000,2.27305,-1.35009,0.74000,0.00000,0.00000
2084,505.32956,0.03256,Yakından incele · bagfit,False,False,2.58000,2.27305,-1.35009,0.74000,0.00000,0.00000
2085,505.36255,0.03299,Yakından incele · bagfit,False,False,2.58000,2.27305,-1.35009,0.74000,0.00000,0.00000
2086,505.39470,0.03215,Yakından incele · bagfit,False,False,2.58000,2.27305,-1.35009,0.74000,0.00000,0.00000
2087,505.42774,0.03304,Yakından incele · bagfit,False,False,2.58000,2.27305,-1.35009,0.74000,0.00000,0.00000
2088,505.46120,0.03346,Yakından incele · bagfit,False,False,2.58000,2.27305,-1.35009,0.74000,0.00000,0.00000
2089,505.50657,0.04537,Yakından incele · bagfit,False,False,2.58000,2.27305,-1.35009,0.74000,0.00000,0.00000
2090,505.52758,0.02102,Yakından incele · bagfit,False,False,2.58000,2.27305,-1.35009,0.74000,0.00000,0.00000
2091,505.56085,0.03327,Yakından incele · bagfit,False,False,2.58000,2.27305,-1.35009,0.74000,0.00000,0.00000
2092,505.59450,0.03366,Yakından incele · bagfit,False,False,2.58000,2.27305,-1.35009,0.74000,0.00000,0.00000
2093,505.62807,0.03357,Yakından incele · bagfit,False,False,2.58000,2.27305,-1.35009,0.74000,0.00000,0.00000
2094,505.66142,0.03334,Yakından incele · bagfit,False,False,2.58000,2.27305,-1.35009,0.74000,0.00000,0.00000
2095,505.69462,0.03320,Yakından incele · bagfit,False,False,2.58000,2.27305,-1.35009,0.74000,0.00000,0.00000
2096,505.72932,0.03470,Yakından incele · bagfit,False,False,2.58000,2.27305,-1.35009,0.74000,0.00000,0.00000
2097,505.76207,0.03275,Yakından incele · bagfit,False,False,2.58000,2.27305,-1.35009,0.74000,0.00000,0.00000
2098,505.79550,0.03343,Yakından incele · bagfit,False,False,2.58000,2.27305,-1.35009,0.74000,0.00000,0.00000
2099,505.82812,0.03262,Yakından incele · bagfit,False,False,2.58000,2.27305,-1.35009,0.74000,0.00000,0.00000
2100,505.86105,0.03293,Yakından incele · bagfit,False,False,2.58000,2.27305,-1.35009,0.74000,0.00000,0.00000
2101,505.89458,0.03354,Yakından incele · bagfit,False,False,2.58000,2.27305,-1.35009,0.74000,0.00000,0.00000
2102,505.93690,0.04232,Yakından incele · bagfit,False,False,2.58000,2.27305,-1.35009,0.74000,0.00000,0.00000
2103,505.98811,0.05121,Yakından incele · bagfit,False,False,2.58000,2.27305,-1.35009,0.74000,0.00000,0.00000
2104,506.00320,0.01508,Yakından incele · bagfit,False,False,2.58000,2.27305,-1.35009,0.74000,0.00000,0.00000
2105,506.03671,0.03351,Yakından incele · bagfit,False,False,2.58000,2.27305,-1.35009,0.74000,0.00000,0.00000
2106,506.06965,0.03294,Yakından incele · bagfit,False,False,2.58000,2.27305,-1.35009,0.74000,0.00000,0.00000
2107,506.10399,0.03434,Yakından incele · bagfit,False,False,2.58000,2.27305,-1.35009,0.74000,0.00000,0.00000
2108,506.14031,0.03632,Yakından incele · bagfit,False,False,2.58000,2.27305,-1.35009,0.74000,0.00000,0.00000
2109,506.17158,0.03126,Yakından incele · bagfit,False,False,2.58000,2.27305,-1.35009,0.74000,0.00000,0.00000
2110,506.20989,0.03831,Yakından incele · bagfit,False,False,2.58000,2.27305,-1.35009,0.74000,0.00000,0.00000
2111,506.24639,0.03650,Yakından incele · bagfit,False,False,2.58000,2.27305,-1.35009,0.74000,0.00000,0.00000
2112,506.27376,0.02738,Yakından incele · bagfit,False,False,2.58000,2.27305,-1.35009,0.74000,0.00000,0.00000
2113,506.30492,0.03116,Yakından incele · bagfit,False,False,2.58000,2.27305,-1.35009,0.74000,0.00000,0.00000
2114,506.34174,0.03682,Yakından incele · bagfit,False,False,2.58000,2.27305,-1.35009,0.74000,0.00000,0.00000
2115,506.38567,0.04393,Yakından incele · bagfit,False,False,2.58000,2.27305,-1.35009,0.74000,0.00000,0.00000
2116,506.40415,0.01847,Yakından incele · bagfit,False,False,2.58000,2.27305,-1.35009,0.74000,0.00000,0.00000
2117,506.43694,0.03279,Yakından incele · bagfit,False,False,2.58000,2.27305,-1.35009,0.74000,0.00000,0.00000
2118,506.47068,0.03374,Yakından incele · bagfit,False,False,2.58000,2.27305,-1.35009,0.74000,0.00000,0.00000
2119,506.50217,0.03149,Yakından incele · bagfit,False,False,2.58000,2.27305,-1.35009,0.74000,0.00000,0.00000
2120,506.53647,0.03430,Yakından incele · bagfit,False,False,2.58000,2.27305,-1.35009,0.74000,0.00000,0.00000
2121,506.57375,0.03728,Yakından incele · bagfit,False,False,2.58000,2.27305,-1.35009,0.74000,0.00000,0.00000
2122,506.60392,0.03017,Yakından incele · bagfit,False,False,2.58000,2.27305,-1.35009,0.74000,0.00000,0.00000
2123,506.63547,0.03155,Yakından incele · bagfit,False,False,2.58000,2.27305,-1.35009,0.74000,0.00000,0.00000
2124,506.67114,0.03567,Yakından incele · bagfit,False,False,2.58000,2.27305,-1.35009,0.74000,0.00000,0.00000
2125,506.70649,0.03535,Yakından incele · bagfit,False,False,2.58000,2.27305,-1.35009,0.74000,0.00000,0.00000
2126,506.73822,0.03173,Yakından incele · bagfit,False,False,2.58000,2.27305,-1.35009,0.74000,0.00000,0.00000
2127,506.78211,0.04389,Yakından incele · bagfit,False,False,2.58000,2.27305,-1.35009,0.74000,0.00000,0.00000
2128,506.80362,0.02151,Yakından incele · bagfit,False,False,2.58000,2.27305,-1.35009,0.74000,0.00000,0.00000
2129,506.83735,0.03373,Yakından incele · bagfit,False,False,2.58000,2.27305,-1.35009,0.74000,0.00000,0.00000
2130,506.86985,0.03250,Yakından incele · bagfit,False,False,2.58000,2.27305,-1.35009,0.74000,0.00000,0.00000
2131,506.90356,0.03371,Yakından incele · bagfit,False,False,2.58000,2.27305,-1.35009,0.74000,0.00000,0.00000
2132,506.93663,0.03307,Yakından incele · bagfit,False,False,2.58000,2.27305,-1.35009,0.74000,0.00000,0.00000
2133,506.96970,0.03307,Yakından incele · bagfit,False,False,2.58000,2.27305,-1.35009,0.74000,0.00000,0.00000
2134,507.00553,0.03583,Yakından incele · bagfit,False,False,2.58000,2.27305,-1.35009,0.74000,0.00000,0.00000
2135,507.03751,0.03198,Yakından incele · bagfit,False,False,2.58000,2.27305,-1.35009,0.74000,0.00000,0.00000
2136,507.07076,0.03325,Yakından incele · bagfit,False,False,2.58000,2.27305,-1.35009,0.74000,0.00000,0.00000
2137,507.10407,0.03332,Yakından incele · bagfit,False,False,2.58000,2.27305,-1.35009,0.74000,0.00000,0.00000
2138,507.13738,0.03331,Yakından incele · bagfit,False,False,2.58000,2.27305,-1.35009,0.74000,0.00000,0.00000
2139,507.17146,0.03408,Yakından incele · bagfit,False,False,2.58000,2.27305,-1.35009,0.74000,0.00000,0.00000
2140,507.20371,0.03225,Yakından incele · bagfit,False,False,2.58000,2.27305,-1.35009,0.74000,0.00000,0.00000
2141,507.23642,0.03271,Yakından incele · bagfit,False,False,2.58000,2.27305,-1.35009,0.74000,0.00000,0.00000
2142,507.30030,0.06387,Yakından incele · bagfit,False,False,2.58000,2.27305,-1.35009,0.74000,0.00000,0.00000
2143,507.30915,0.00886,Yakından incele · bagfit,False,False,2.58000,2.27305,-1.35009,0.74000,0.00000,0.00000
2144,507.33672,0.02756,Yakından incele · bagfit,False,False,2.58000,2.27305,-1.35009,0.74000,0.00000,0.00000
2145,507.37341,0.03670,Yakından incele · bagfit,False,False,2.58000,2.27305,-1.35009,0.74000,0.00000,0.00000
2146,507.40930,0.03588,Yakından incele · bagfit,False,False,2.58000,2.27305,-1.35009,0.74000,0.00000,0.00000
2147,507.44795,0.03865,Yakından incele · bagfit,False,False,2.58000,2.27305,-1.35009,0.74000,0.00000,0.00000
2148,507.47485,0.02691,Yakından incele · bagfit,False,False,2.58000,2.27305,-1.35009,0.74000,0.00000,0.00000
2149,507.50346,0.02861,Yakından incele · bagfit,False,False,2.58000,2.27305,-1.35009,0.74000,0.00000,0.00000
2150,507.53528,0.03182,Yakından incele · bagfit,False,False,2.58000,2.27305,-1.35009,0.74000,0.00000,0.00000
2151,507.56872,0.03344,Yakından incele · bagfit,False,False,2.58000,2.27305,-1.35009,0.74000,0.00000,0.00000
2152,507.60282,0.03410,Yakından incele · bagfit,False,False,2.58000,2.27305,-1.35009,0.74000,0.00000,0.00000
2153,507.63676,0.03394,Yakından incele · bagfit,False,False,2.58000,2.27305,-1.35009,0.74000,0.00000,0.00000
2154,507.66962,0.03287,Yakından incele · bagfit,False,False,2.58000,2.27305,-1.35009,0.74000,0.00000,0.00000
2155,507.70292,0.03330,Yakından incele · bagfit,False,False,2.58000,2.27305,-1.35009,0.74000,0.00000,0.00000
2156,507.73601,0.03309,Yakından incele · bagfit,False,False,2.58000,2.27305,-1.35009,0.74000,0.00000,0.00000
2157,507.76879,0.03278,Yakından incele · bagfit,False,False,2.58000,2.27305,-1.35009,0.74000,0.00000,0.00000
2158,507.80331,0.03452,Yakından incele · bagfit,False,False,2.58000,2.27305,-1.35009,0.74000,0.00000,0.00000
2159,507.83853,0.03522,Yakından incele · bagfit,False,False,2.58000,2.27305,-1.35009,0.74000,0.00000,0.00000
2160,507.87140,0.03287,Yakından incele · bagfit,False,False,2.58000,2.27305,-1.35009,0.74000,0.00000,0.00000
2161,507.90270,0.03129,Yakından incele · bagfit,False,False,2.58000,2.27305,-1.35009,0.74000,0.00000,0.00000
2162,507.93587,0.03318,Yakından incele · bagfit,False,False,2.58000,2.27305,-1.35009,0.74000,0.00000,0.00000
2163,507.97072,0.03484,Yakından incele · bagfit,False,False,2.58000,2.27305,-1.35009,0.74000,0.00000,0.00000
2164,508.00328,0.03257,Yakından incele · bagfit,False,False,2.58000,2.27305,-1.35009,0.74000,0.00000,0.00000
2165,508.03566,0.03238,Yakından incele · bagfit,False,False,2.58000,2.27305,-1.35009,0.74000,0.00000,0.00000
2166,508.06841,0.03275,Yakından incele · bagfit,False,False,2.58000,2.27305,-1.35009,0.74000,0.00000,0.00000
2167,508.11715,0.04874,Yakından incele · bagfit,False,False,2.58000,2.27305,-1.35009,0.74000,0.00000,0.00000
2168,508.13648,0.01933,Yakından incele · bagfit,False,False,2.58000,2.27305,-1.35009,0.74000,0.00000,0.00000
2169,508.16974,0.03326,Yakından incele · bagfit,False,False,2.58000,2.27305,-1.35009,0.74000,0.00000,0.00000
2170,508.20308,0.03333,Yakından incele · bagfit,False,False,2.58000,2.27305,-1.35009,0.74000,0.00000,0.00000
2171,508.23704,0.03396,Yakından incele · bagfit,False,False,2.58000,2.27305,-1.35009,0.74000,0.00000,0.00000
2172,508.27112,0.03408,Yakından incele · bagfit,False,False,2.58000,2.27305,-1.35009,0.74000,0.00000,0.00000
2173,508.30332,0.03220,Yakından incele · bagfit,False,False,2.58000,2.27305,-1.35009,0.74000,0.00000,0.00000
2174,508.33559,0.03227,Yakından incele · bagfit,False,False,2.58000,2.27305,-1.35009,0.74000,0.00000,0.00000
2175,508.36986,0.03427,Yakından incele · bagfit,False,False,2.58000,2.27305,-1.35009,0.74000,0.00000,0.00000
2176,508.40391,0.03405,Yakından incele · bagfit,False,False,2.58000,2.27305,-1.35009,0.74000,0.00000,0.00000
2177,508.43697,0.03306,Yakından incele · bagfit,False,False,2.58000,2.27305,-1.35009,0.74000,0.00000,0.00000
2178,508.46885,0.03188,Yakından incele · bagfit,False,False,2.58000,2.27305,-1.35009,0.74000,0.00000,0.00000
2179,508.50242,0.03357,Yakından incele · bagfit,False,False,2.58000,2.27305,-1.35009,0.74000,0.00000,0.00000
2180,508.53609,0.03367,Yakından incele · bagfit,False,False,2.58000,2.27305,-1.35009,0.74000,0.00000,0.00000
2181,508.56921,0.03312,Yakından incele · bagfit,False,False,2.58000,2.27305,-1.35009,0.74000,0.00000,0.00000
2182,508.60206,0.03285,Yakından incele · bagfit,False,False,2.58000,2.27305,-1.35009,0.74000,0.00000,0.00000
2183,508.63571,0.03364,Yakından incele · bagfit,False,False,2.58000,2.27305,-1.35009,0.74000,0.00000,0.00000
2184,508.66974,0.03404,Yakından incele · bagfit,False,False,2.58000,2.27305,-1.35009,0.74000,0.00000,0.00000
2185,508.70354,0.03379,Yakından incele · bagfit,False,False,2.58000,2.27305,-1.35009,0.74000,0.00000,0.00000
2186,508.73691,0.03337,Yakından incele · bagfit,False,False,2.58000,2.27305,-1.35009,0.74000,0.00000,0.00000
2187,508.81487,0.07797,Ada ile odada gezin,True,False,2.49343,2.30756,-1.45532,0.77653,0.14057,2.38609
2188,508.82250,0.00762,Ada ile odada gezin,True,False,2.47394,2.31532,-1.47902,0.78475,0.03165,0.53668
2189,508.83469,0.01219,Ada ile odada gezin,True,False,2.44015,2.32879,-1.52008,0.79901,0.05486,0.93124
2190,508.86827,0.03358,Ada ile odada gezin,True,False,2.33805,2.36948,-1.64419,0.84209,0.16578,2.81417
2191,508.90218,0.03391,Ada ile odada gezin,True,False,2.20572,2.42222,-1.80505,0.89793,0.21487,3.64719
2192,508.93558,0.03340,Ada ile odada gezin,True,False,2.05334,2.48295,-1.99028,0.96222,0.24742,4.19987
2193,508.97008,0.03450,Ada ile odada gezin,True,False,1.87849,2.55263,-2.20282,1.03600,0.28390,4.81946
2194,509.00465,0.03457,Ada ile odada gezin,True,False,1.67836,2.63239,-2.44609,1.12044,0.32495,5.51622
2195,509.03746,0.03281,Ada ile odada gezin,True,False,1.46946,2.71564,-2.70002,1.20859,0.33919,5.75805
2196,509.06965,0.03219,Ada ile odada gezin,True,False,1.24823,2.80381,-2.96895,1.30194,0.35922,6.09818
2197,509.10319,0.03354,Ada ile odada gezin,True,False,1.01673,2.89608,-3.25035,1.39962,0.37589,6.38105
2198,509.13690,0.03371,Ada ile odada gezin,True,False,0.76335,2.99706,-3.55835,1.50653,0.41141,6.98400
2199,509.16948,0.03258,Ada ile odada gezin,True,False,0.51273,3.09694,-3.86299,1.61228,0.40693,6.90800
2200,509.20213,0.03265,Ada ile odada gezin,True,False,0.25350,3.20025,-4.17811,1.72166,0.42093,7.14540
2201,509.24351,0.04137,Ada ile odada gezin,True,False,-0.07189,3.32993,-4.57364,1.85896,0.52833,8.96856
2202,509.27763,0.03412,Ada ile odada gezin,True,False,-0.34092,3.43715,-4.90067,1.97248,0.43684,7.41553
2203,509.31132,0.03369,Ada ile odada gezin,True,False,-0.61124,3.54488,-5.22926,2.08654,0.43892,7.45093
2204,509.34466,0.03334,Ada ile odada gezin,True,False,-0.87008,3.64804,-5.54390,2.19576,0.42028,7.13444
2205,509.37772,0.03306,Ada ile odada gezin,True,False,-1.12922,3.75132,-5.85890,2.30510,0.42077,7.14277
2206,509.41003,0.03231,Ada ile odada gezin,True,False,-1.37430,3.84899,-6.15681,2.40851,0.39793,6.75519
2207,509.44349,0.03346,Ada ile odada gezin,True,False,-1.61087,3.94327,-6.44438,2.50833,0.38413,6.52066
2208,509.47804,0.03455,Ada ile odada gezin,True,False,-1.84295,4.03577,-6.72649,2.60625,0.37682,6.39674
2209,509.51251,0.03447,Ada ile odada gezin,True,False,-2.06170,4.12295,-6.99239,2.69856,0.35519,6.02974
2210,509.54468,0.03217,Ada ile odada gezin,True,False,-2.26041,4.20214,-7.23394,2.78240,0.32264,5.47705
2211,509.57696,0.03228,Ada ile odada gezin,True,False,-2.43300,4.27092,-7.44374,2.85523,0.28024,4.75716
2212,509.61083,0.03386,Ada ile odada gezin,True,False,-2.59369,4.33497,-7.63907,2.92303,0.26092,4.42940
2213,509.64435,0.03353,Ada ile odada gezin,True,False,-2.73251,4.39029,-7.80780,2.98160,0.22539,3.82611
2214,509.67692,0.03256,Ada ile odada gezin,True,False,-2.84393,4.43469,-7.94325,3.02862,0.18092,3.07114
2215,509.71049,0.03358,Ada ile odada gezin,True,False,-2.92834,4.46834,-8.04586,3.06423,0.13706,2.32697
2216,509.74448,0.03398,Ada ile odada gezin,True,False,-2.98645,4.49150,-8.11650,3.08875,0.09436,1.60128
2217,509.77755,0.03307,Ada ile odada gezin,True,False,-3.01188,4.50163,-8.14740,3.09948,0.04128,0.69885
2218,509.81066,0.03312,Ada ile odada gezin,False,False,-3.01311,4.50212,-8.14890,3.10000,0.00200,0.00000
2219,509.84805,0.03739,Ada ile odada gezin,False,False,-3.01311,4.50212,-8.14890,3.10000,0.00000,0.00000
2220,509.87792,0.02987,Ada ile odada gezin,False,False,-3.01593,4.50224,-8.14776,3.10000,0.00304,0.00000
2221,509.91052,0.03259,Ada ile odada gezin,False,False,-3.02106,4.50206,-8.14322,3.10000,0.00685,0.00000
2222,509.94448,0.03397,Ada ile odada gezin,False,False,-3.03114,4.50201,-8.13588,3.10000,0.01247,0.00000
2223,509.97742,0.03294,Ada ile odada gezin,False,False,-3.04287,4.50151,-8.12439,3.10000,0.01643,0.00000
2224,510.01035,0.03293,Ada ile odada gezin,False,False,-3.05749,4.50132,-8.11219,3.10000,0.01905,0.00000
2225,510.04437,0.03402,Ada ile odada gezin,False,False,-3.07285,4.50077,-8.09677,3.10000,0.02177,0.00000
2226,510.07762,0.03325,Ada ile odada gezin,False,False,-3.08949,4.50054,-8.08179,3.10000,0.02239,0.00000
2227,510.11076,0.03314,Ada ile odada gezin,False,False,-3.10480,4.49997,-8.06519,3.10000,0.02259,0.00000
2228,510.14399,0.03322,Ada ile odada gezin,False,False,-3.12144,4.49979,-8.04928,3.10000,0.02303,0.00000
2229,510.17681,0.03282,Ada ile odada gezin,False,False,-3.13658,4.49930,-8.03215,3.10000,0.02286,0.00000
2230,510.21021,0.03340,Ada ile odada gezin,False,False,-3.15289,4.49919,-8.01604,3.10000,0.02293,0.00000
2231,510.24428,0.03407,Ada ile odada gezin,False,False,-3.16955,4.49952,-8.00225,3.10000,0.02163,0.00000
2232,510.27799,0.03371,Ada ile odada gezin,False,False,-3.18604,4.50019,-7.99133,3.10000,0.01979,0.00000
2233,510.31162,0.03363,Ada ile odada gezin,False,False,-3.20213,4.50102,-7.98279,3.10000,0.01824,0.00000
2234,510.34505,0.03343,Ada ile odada gezin,False,False,-3.21841,4.50199,-7.97629,3.10000,0.01755,0.00000
2235,510.37788,0.03283,Ada ile odada gezin,False,False,-3.23446,4.50293,-7.97121,3.10000,0.01686,0.00000
2236,510.41060,0.03272,Ada ile odada gezin,False,False,-3.25053,4.50378,-7.96692,3.10000,0.01666,0.00000
2237,510.44412,0.03352,Ada ile odada gezin,False,False,-3.26655,4.50450,-7.96307,3.10000,0.01649,0.00000
2238,510.47787,0.03376,Ada ile odada gezin,False,False,-3.28318,4.50510,-7.95931,3.10000,0.01706,0.00000
2239,510.51100,0.03312,Ada ile odada gezin,False,False,-3.29927,4.50556,-7.95573,3.10000,0.01649,0.00000
2240,510.54496,0.03397,Ada ile odada gezin,False,False,-3.31550,4.50593,-7.95225,3.10000,0.01660,0.00000
2241,510.57775,0.03278,Ada ile odada gezin,False,False,-3.33154,4.50623,-7.94895,3.10000,0.01638,0.00000
2242,510.61093,0.03318,Ada ile odada gezin,False,False,-3.34675,4.50644,-7.94599,3.10000,0.01549,0.00000
2243,510.64483,0.03390,Ada ile odada gezin,False,False,-3.36244,4.50663,-7.94309,3.10000,0.01596,0.00000
2244,510.67780,0.03297,Ada ile odada gezin,False,False,-3.37748,4.50677,-7.94044,3.10000,0.01527,0.00000
2245,510.71148,0.03368,Ada ile odada gezin,False,False,-3.39223,4.50687,-7.93797,3.10000,0.01496,0.00000
2246,510.74461,0.03313,Ada ile odada gezin,False,False,-3.40709,4.50695,-7.93557,3.10000,0.01506,0.00000
2247,510.77731,0.03269,Ada ile odada gezin,False,False,-3.42106,4.50699,-7.93339,3.10000,0.01414,0.00000
2248,510.81367,0.03637,Ada ile odada gezin,False,False,-3.43542,4.50702,-7.93118,3.10000,0.01453,0.00000
2249,510.84656,0.03288,Ada ile odada gezin,False,False,-3.45062,4.50705,-7.92885,3.10000,0.01538,0.00000
2250,510.87699,0.03044,Ada ile odada gezin,False,False,-3.46304,4.50702,-7.92696,3.10000,0.01256,0.00000
2251,510.91127,0.03428,Ada ile odada gezin,False,False,-3.47672,4.50700,-7.92483,3.10000,0.01384,0.00000
2252,510.94524,0.03397,Ada ile odada gezin,False,False,-3.49074,4.50697,-7.92258,3.10000,0.01421,0.00000
2253,510.97775,0.03251,Ada ile odada gezin,False,False,-3.50401,4.50691,-7.92038,3.10000,0.01345,0.00000
2254,511.01067,0.03292,Ada ile odada gezin,False,False,-3.51702,4.50685,-7.91812,3.10000,0.01320,0.00000
2255,511.04450,0.03382,Ada ile odada gezin,False,False,-3.53036,4.50677,-7.91568,3.10000,0.01356,0.00000
2256,511.07782,0.03332,Ada ile odada gezin,False,False,-3.54359,4.50669,-7.91311,3.10000,0.01348,0.00000
2257,511.11123,0.03341,Ada ile odada gezin,False,False,-3.55639,4.50658,-7.91048,3.10000,0.01306,0.00000
2258,511.14461,0.03339,Ada ile odada gezin,False,False,-3.56949,4.50647,-7.90759,3.10000,0.01342,0.00000
2259,511.17808,0.03346,Ada ile odada gezin,False,False,-3.58210,4.50637,-7.90475,3.10000,0.01292,0.00000
2260,511.21171,0.03363,Ada ile odada gezin,False,False,-3.59517,4.50629,-7.90180,3.10000,0.01340,0.00000
2261,511.24453,0.03282,Ada ile odada gezin,False,False,-3.60803,4.50601,-7.89736,3.10000,0.01361,0.00000
2262,511.27738,0.03285,Ada ile odada gezin,False,False,-3.62162,4.50544,-7.89014,3.10000,0.01540,0.00000
2263,511.31040,0.03302,Ada ile odada gezin,False,False,-3.63591,4.50454,-7.87941,3.10000,0.01788,0.00000
2264,511.34358,0.03318,Ada ile odada gezin,False,False,-3.64880,4.50357,-7.86787,3.10000,0.01733,0.00000
2265,511.37707,0.03349,Ada ile odada gezin,False,False,-3.66316,4.50291,-7.85586,3.10000,0.01872,0.00000
2266,511.41138,0.03431,Ada ile odada gezin,False,False,-3.67431,4.50199,-7.84337,3.10000,0.01677,0.00000
2267,511.44486,0.03349,Ada ile odada gezin,False,False,-3.68160,4.50083,-7.83055,3.10000,0.01480,0.00000
2268,511.47810,0.03324,Ada ile odada gezin,False,False,-3.68637,4.49975,-7.81826,3.10000,0.01323,0.00000
2269,511.51187,0.03377,Ada ile odada gezin,False,False,-3.68949,4.49884,-7.80662,3.10000,0.01208,0.00000
2270,511.54515,0.03328,Ada ile odada gezin,False,False,-3.69161,4.49804,-7.79486,3.10000,0.01198,0.00000
2271,511.57699,0.03185,Ada ile odada gezin,False,False,-3.69297,4.49741,-7.78371,3.10000,0.01125,0.00000
2272,511.61131,0.03432,Ada ile odada gezin,False,False,-3.69387,4.49692,-7.77294,3.10000,0.01081,0.00000
2273,511.64542,0.03411,Ada ile odada gezin,False,False,-3.69453,4.49645,-7.76117,3.10000,0.01180,0.00000
2274,511.67791,0.03249,Ada ile odada gezin,False,False,-3.69494,4.49614,-7.75046,3.10000,0.01072,0.00000
2275,511.71133,0.03342,Ada ile odada gezin,False,False,-3.69523,4.49585,-7.73937,3.10000,0.01110,0.00000
2276,511.74424,0.03290,Ada ile odada gezin,False,False,-3.69544,4.49560,-7.72801,3.10000,0.01137,0.00000
2277,511.77751,0.03327,Ada ile odada gezin,False,False,-3.69560,4.49534,-7.71661,3.10000,0.01140,0.00000
2278,511.81159,0.03408,Ada ile odada gezin,False,False,-3.69571,4.49517,-7.70484,3.10000,0.01177,0.00000
2279,511.84486,0.03328,Ada ile odada gezin,False,False,-3.69578,4.49506,-7.69357,3.10000,0.01127,0.00000
2280,511.87817,0.03331,Ada ile odada gezin,False,False,-3.69583,4.49496,-7.68229,3.10000,0.01129,0.00000
2281,511.91162,0.03345,Ada ile odada gezin,False,False,-3.69589,4.49482,-7.67047,3.10000,0.01182,0.00000
2282,511.94451,0.03289,Ada ile odada gezin,False,False,-3.69591,4.49477,-7.65903,3.10000,0.01144,0.00000
2283,511.97775,0.03324,Ada ile odada gezin,False,False,-3.69593,4.49474,-7.64788,3.10000,0.01115,0.00000
2284,512.01140,0.03365,Ada ile odada gezin,False,False,-3.69594,4.49469,-7.63626,3.10000,0.01162,0.00000
2285,512.04444,0.03304,Ada ile odada gezin,False,False,-3.69602,4.49444,-7.62337,3.10000,0.01290,0.00000
2286,512.07692,0.03248,Ada ile odada gezin,False,False,-3.69623,4.49377,-7.60729,3.10000,0.01609,0.00000
2287,512.11113,0.03422,Ada ile odada gezin,False,False,-3.69643,4.49309,-7.59022,3.10000,0.01708,0.00000
2288,512.14473,0.03359,Ada ile odada gezin,False,False,-3.69654,4.49274,-7.57376,3.10000,0.01647,0.00000
2289,512.17785,0.03313,Ada ile odada gezin,False,False,-3.69649,4.49289,-7.56084,3.10000,0.01292,0.00000
2290,512.21162,0.03377,Ada ile odada gezin,False,False,-3.69635,4.49336,-7.54994,3.10000,0.01090,0.00000
2291,512.24494,0.03332,Ada ile odada gezin,False,False,-3.69619,4.49392,-7.54040,3.10000,0.00956,0.00000
2292,512.27779,0.03284,Ada ile odada gezin,False,False,-3.69606,4.49433,-7.53088,3.10000,0.00954,0.00000
2293,512.31155,0.03377,Ada ile odada gezin,False,False,-3.69607,4.49429,-7.51886,3.10000,0.01202,0.00000
2294,512.34488,0.03332,Ada ile odada gezin,False,False,-3.69627,4.49363,-7.50241,3.10000,0.01647,0.00000
2295,512.37808,0.03320,Ada ile odada gezin,False,False,-3.70571,4.49354,-7.48265,3.10000,0.02190,0.00000
2296,512.41145,0.03337,Ada ile odada gezin,False,False,-3.72108,4.49379,-7.46062,3.10000,0.02686,0.00000
2297,512.44440,0.03295,Ada ile odada gezin,False,False,-3.74163,4.49471,-7.44007,3.10000,0.02908,0.00000
2298,512.47737,0.03297,Ada ile odada gezin,False,False,-3.76817,4.49645,-7.42199,3.10000,0.03216,0.00000
2299,512.51036,0.03299,Ada ile odada gezin,False,False,-3.80052,4.49893,-7.40744,3.10000,0.03555,0.00000
2300,512.55280,0.04244,Ada ile odada gezin,False,False,-3.85200,4.50309,-7.39429,3.10000,0.05330,0.00000
2301,512.58714,0.03434,Ada ile odada gezin,False,False,-3.89913,4.50677,-7.38764,3.10000,0.04774,0.00000
2302,512.62047,0.03333,Ada ile odada gezin,False,False,-3.94795,4.51024,-7.38385,3.10000,0.04909,0.00000
2303,512.65344,0.03297,Ada ile odada gezin,False,False,-3.99870,4.51341,-7.38186,3.10000,0.05089,0.00000
2304,512.68638,0.03294,Ada ile odada gezin,False,False,-4.04995,4.51608,-7.38108,3.10000,0.05132,0.00000
2305,512.73108,0.04470,Ada ile odada gezin,False,False,-4.10028,4.51817,-7.38116,3.10000,0.05038,0.00000
2306,512.76567,0.03459,Ada ile odada gezin,False,False,-4.17014,4.52037,-7.38222,3.10000,0.06991,0.00000
2307,512.78875,0.02309,Ada ile odada gezin,False,False,-4.19975,4.52068,-7.38304,3.10000,0.02962,0.00000
2308,512.81973,0.03097,Ada ile odada gezin,False,False,-4.23977,4.52138,-7.38573,3.10000,0.04012,0.00000
2309,512.85394,0.03421,Ada ile odada gezin,False,False,-4.28548,4.52271,-7.39273,3.10000,0.04626,0.00000
2310,512.88771,0.03377,Ada ile odada gezin,False,False,-4.33022,4.52454,-7.40507,3.10000,0.04644,0.00000
2311,512.92065,0.03294,Ada ile odada gezin,False,False,-4.37575,4.52700,-7.42463,3.10000,0.04962,0.00000
2312,512.95270,0.03205,Ada ile odada gezin,False,False,-4.41749,4.52945,-7.44796,3.10000,0.04788,0.00000
2313,512.98600,0.03330,Ada ile odada gezin,False,False,-4.46114,4.53203,-7.47630,3.10000,0.05211,0.00000
2314,513.01987,0.03387,Ada ile odada gezin,False,False,-4.50425,4.53436,-7.50688,3.10000,0.05290,0.00000
2315,513.05307,0.03320,Ada ile odada gezin,False,False,-4.54885,4.53649,-7.54031,3.10000,0.05578,0.00000
2316,513.08552,0.03245,Ada ile odada gezin,False,False,-4.59041,4.53812,-7.57254,3.10000,0.05262,0.00000
2317,513.11987,0.03435,Ada ile odada gezin,False,False,-4.63423,4.53962,-7.60727,3.10000,0.05593,0.00000
2318,513.15346,0.03359,Ada ile odada gezin,False,False,-4.67895,4.54090,-7.64324,3.10000,0.05741,0.00000
2319,513.18638,0.03292,Ada ile odada gezin,False,False,-4.72105,4.54181,-7.67743,3.10000,0.05424,0.00000
2320,513.22028,0.03390,Ada ile odada gezin,False,False,-4.76507,4.54265,-7.71339,3.10000,0.05684,0.00000
2321,513.25355,0.03327,Ada ile odada gezin,False,False,-4.80890,4.54330,-7.74936,3.10000,0.05670,0.00000
2322,513.28591,0.03236,Ada ile odada gezin,False,False,-4.85178,4.54379,-7.78465,3.10000,0.05554,0.00000
2323,513.31883,0.03293,Ada ile odada gezin,False,False,-4.89451,4.54419,-7.81988,3.10000,0.05538,0.00000
2324,513.35261,0.03378,Ada ile odada gezin,False,False,-4.93821,4.54454,-7.85595,3.10000,0.05666,0.00000
2325,513.38601,0.03340,Ada ile odada gezin,False,False,-4.98247,4.54484,-7.89252,3.10000,0.05742,0.00000
2326,513.41919,0.03318,Ada ile odada gezin,False,False,-5.02542,4.54502,-7.92804,3.10000,0.05573,0.00000
2327,513.45299,0.03380,Ada ile odada gezin,False,False,-5.06950,4.54521,-7.96450,3.10000,0.05720,0.00000
2328,513.48678,0.03379,Ada ile odada gezin,False,False,-5.11329,4.54535,-8.00074,3.10000,0.05684,0.00000
2329,513.52055,0.03377,Ada ile odada gezin,False,False,-5.15731,4.54546,-8.03717,3.10000,0.05714,0.00000
2330,513.55387,0.03332,Ada ile odada gezin,False,False,-5.20100,4.54553,-8.07334,3.10000,0.05672,0.00000
2331,513.58593,0.03206,Ada ile odada gezin,False,False,-5.24444,4.54559,-8.10932,3.10000,0.05640,0.00000
2332,513.61916,0.03323,Ada ile odada gezin,False,False,-5.28638,4.54560,-8.14405,3.10000,0.05446,0.00000
2333,513.65345,0.03429,Ada ile odada gezin,False,False,-5.33173,4.54571,-8.18160,3.10000,0.05888,0.00000
2334,513.68621,0.03277,Ada ile odada gezin,False,False,-5.37518,4.54572,-8.21758,3.10000,0.05641,0.00000
2335,513.71965,0.03343,Ada ile odada gezin,False,False,-5.41796,4.54573,-8.25303,3.10000,0.05556,0.00000
2336,513.75336,0.03372,Ada ile odada gezin,False,False,-5.46273,4.54578,-8.29010,3.10000,0.05813,0.00000
2337,513.78611,0.03274,Ada ile odada gezin,False,False,-5.50577,4.54578,-8.32575,3.10000,0.05589,0.00000
2338,513.81960,0.03350,Ada ile odada gezin,False,False,-5.54888,4.54578,-8.36146,3.10000,0.05597,0.00000
2339,513.85339,0.03379,Ada ile odada gezin,False,False,-5.59336,4.54582,-8.39830,3.10000,0.05776,0.00000
2340,513.88711,0.03372,Ada ile odada gezin,False,False,-5.63693,4.54582,-8.43439,3.10000,0.05657,0.00000
2341,513.92000,0.03289,Ada ile odada gezin,False,False,-5.68125,4.54584,-8.47110,3.10000,0.05755,0.00000
2342,513.95300,0.03300,Ada ile odada gezin,False,False,-5.72344,4.54579,-8.50606,3.10000,0.05480,0.00000
2343,513.98969,0.03669,Ada ile odada gezin,False,False,-5.76787,4.54562,-8.54289,3.10000,0.05771,0.00000
2344,514.02173,0.03204,Ada ile odada gezin,False,False,-5.81071,4.54506,-8.57848,3.10000,0.05570,0.00000
2345,514.05253,0.03080,Ada ile odada gezin,False,False,-5.84574,4.54410,-8.60768,3.10000,0.04562,0.00000
2346,514.08627,0.03374,Ada ile odada gezin,False,False,-5.88247,4.54286,-8.63834,3.10000,0.04786,0.00000
2347,514.14635,0.06008,Ada ile odada gezin,False,False,-5.91640,4.54128,-8.66674,3.10000,0.04428,0.00000
2348,514.18650,0.04016,Ada ile odada gezin,False,False,-5.97623,4.53762,-8.71699,3.10000,0.07822,0.00000
2349,514.19412,0.00761,Ada ile odada gezin,False,False,-5.98205,4.53651,-8.72202,3.10000,0.00776,0.00000
2350,514.21890,0.02478,Ada ile odada gezin,False,False,-5.99476,4.53375,-8.73306,3.10000,0.01706,0.00000
2351,514.25359,0.03470,Ada ile odada gezin,False,False,-6.00819,4.52941,-8.74501,3.10000,0.01849,0.00000
2352,514.28649,0.03290,Ada ile odada gezin,False,False,-6.01680,4.52529,-8.75292,3.10000,0.01239,0.00000
2353,514.31929,0.03280,Ada ile odada gezin,False,False,-6.02280,4.52143,-8.75861,3.10000,0.00913,0.00000
2354,514.35293,0.03363,Ada ile odada gezin,False,False,-6.02688,4.51807,-8.76263,3.10000,0.00664,0.00000
2355,514.38790,0.03497,Ada ile odada gezin,False,False,-6.02985,4.51507,-8.76565,3.10000,0.00519,0.00000
2356,514.42055,0.03265,Ada ile odada gezin,False,False,-6.03191,4.51257,-8.76783,3.10000,0.00391,0.00000
2357,514.45192,0.03137,Ada ile odada gezin,False,False,-6.03329,4.51063,-8.76933,3.10000,0.00281,0.00000
2358,514.48532,0.03341,Ada ile odada gezin,False,False,-6.03432,4.50897,-8.77050,3.10000,0.00227,0.00000
2359,514.52043,0.03511,Ada ile odada gezin,False,False,-6.03510,4.50757,-8.77141,3.10000,0.00185,0.00000
2360,514.55438,0.03394,Ada ile odada gezin,False,False,-6.03566,4.50646,-8.77209,3.10000,0.00142,0.00000
2361,514.58672,0.03234,Ada ile odada gezin,False,False,-6.03607,4.50557,-8.77259,3.10000,0.00111,0.00000
2362,514.61815,0.03144,Ada ile odada gezin,False,False,-6.03641,4.50489,-8.77293,3.10000,0.00083,0.00000
2363,514.65298,0.03483,Ada ile odada gezin,False,False,-6.03663,4.50432,-8.77324,3.10000,0.00068,0.00000
2364,514.68746,0.03447,Ada ile odada gezin,False,False,-6.03680,4.50385,-8.77349,3.10000,0.00057,0.00000
2365,514.72019,0.03274,Ada ile odada gezin,False,False,-6.03695,4.50352,-8.77371,3.10000,0.00042,0.00000
2366,514.75450,0.03430,Ada ile odada gezin,False,False,-6.03704,4.50322,-8.77383,3.10000,0.00033,0.00000
2367,514.78742,0.03292,Ada ile odada gezin,False,False,-6.03711,4.50298,-8.77394,3.10000,0.00027,0.00000
2368,514.81920,0.03178,Ada ile odada gezin,False,False,-6.03716,4.50281,-8.77401,3.10000,0.00019,0.00000
2369,514.85352,0.03431,Ada ile odada gezin,False,False,-6.03721,4.50266,-8.77408,3.10000,0.00017,0.00000
2370,514.88693,0.03342,Ada ile odada gezin,False,False,-6.03724,4.50255,-8.77413,3.10000,0.00013,0.00000
2371,514.91972,0.03279,Ada ile odada gezin,False,False,-6.03727,4.50246,-8.77417,3.10000,0.00010,0.00000
2372,514.95274,0.03302,Ada ile odada gezin,False,False,-6.03729,4.50239,-8.77420,3.10000,0.00008,0.00000
2373,514.98667,0.03393,Ada ile odada gezin,False,False,-6.03731,4.50233,-8.77422,3.10000,0.00006,0.00000
2374,515.01996,0.03330,Ada ile odada gezin,False,False,-6.03732,4.50228,-8.77424,3.10000,0.00005,0.00000
2375,515.05222,0.03226,Ada ile odada gezin,False,False,-6.03733,4.50225,-8.77426,3.10000,0.00004,0.00000
2376,515.08549,0.03327,Ada ile odada gezin,False,False,-6.03734,4.50222,-8.77427,3.10000,0.00003,0.00000
2377,515.11954,0.03406,Ada ile odada gezin,False,False,-6.03734,4.50220,-8.77428,3.10000,0.00002,0.00000
2378,515.15386,0.03432,Ada ile odada gezin,False,False,-6.03737,4.50212,-8.77432,3.10000,0.00009,0.00000
2379,515.18735,0.03349,Ada ile odada gezin,False,False,-6.03737,4.50212,-8.77432,3.10000,0.00000,0.00000
2380,515.21989,0.03254,Ada ile odada gezin,False,False,-6.03737,4.50212,-8.77432,3.10000,0.00000,0.00000
2381,515.25285,0.03296,Ada ile odada gezin,False,False,-6.03737,4.50212,-8.77432,3.10000,0.00000,0.00000
2382,515.28493,0.03208,Ada ile odada gezin,False,False,-6.03737,4.50212,-8.77432,3.10000,0.00000,0.00000
2383,515.31748,0.03256,Ada ile odada gezin,False,False,-6.03737,4.50212,-8.77432,3.10000,0.00000,0.00000
2384,515.35313,0.03564,Ada ile odada gezin,False,False,-6.03737,4.50212,-8.77432,3.10000,0.00000,0.00000
2385,515.38768,0.03455,Ada ile odada gezin,False,False,-6.03737,4.50212,-8.77432,3.10000,0.00000,0.00000
2386,515.41941,0.03173,Ada ile odada gezin,False,False,-6.03737,4.50212,-8.77432,3.10000,0.00000,0.00000
2387,515.45276,0.03335,Ada ile odada gezin,False,False,-6.03737,4.50212,-8.77432,3.10000,0.00000,0.00000
2388,515.48777,0.03501,Ada ile odada gezin,False,False,-6.03737,4.50212,-8.77432,3.10000,0.00000,0.00000
2389,515.52147,0.03370,Ada ile odada gezin,False,False,-6.03737,4.50212,-8.77432,3.10000,0.00000,0.00000
2390,515.55345,0.03198,Ada ile odada gezin,False,False,-6.03737,4.50212,-8.77432,3.10000,0.00000,0.00000
2391,515.58665,0.03320,Ada ile odada gezin,False,False,-6.03737,4.50212,-8.77432,3.10000,0.00000,0.00000
2392,515.62012,0.03347,Ada ile odada gezin,False,False,-6.03737,4.50212,-8.77432,3.10000,0.00000,0.00000
2393,515.65326,0.03314,Ada ile odada gezin,False,False,-6.03737,4.50212,-8.77432,3.10000,0.00000,0.00000
2394,515.68633,0.03307,Ada ile odada gezin,False,False,-6.03737,4.50212,-8.77432,3.10000,0.00000,0.00000
2395,515.71980,0.03347,Ada ile odada gezin,False,False,-6.03737,4.50212,-8.77432,3.10000,0.00000,0.00000
2396,515.75356,0.03376,Ada ile odada gezin,False,False,-6.03737,4.50212,-8.77432,3.10000,0.00000,0.00000
2397,515.78596,0.03240,Ada ile odada gezin,False,False,-6.03737,4.50212,-8.77432,3.10000,0.00000,0.00000
2398,515.81868,0.03272,Ada ile odada gezin,False,False,-6.03737,4.50212,-8.77432,3.10000,0.00000,0.00000
2399,515.86136,0.04268,Ada ile odada gezin,False,False,-6.03737,4.50212,-8.77432,3.10000,0.00000,0.00000
2400,515.89527,0.03391,Ada ile odada gezin,False,False,-6.03737,4.50212,-8.77432,3.10000,0.00000,0.00000
2401,515.92806,0.03279,Ada ile odada gezin,False,False,-6.03737,4.50212,-8.77432,3.10000,0.00000,0.00000
2402,515.96096,0.03290,Ada ile odada gezin,False,False,-6.03737,4.50212,-8.77432,3.10000,0.00000,0.00000
2403,515.99420,0.03324,Ada ile odada gezin,False,False,-6.03737,4.50212,-8.77432,3.10000,0.00000,0.00000
2404,516.02728,0.03309,Ada ile odada gezin,False,False,-6.03737,4.50212,-8.77432,3.10000,0.00000,0.00000
2405,516.06037,0.03309,Ada ile odada gezin,False,False,-6.03737,4.50212,-8.77432,3.10000,0.00000,0.00000
2406,516.09483,0.03446,Ada ile odada gezin,False,False,-6.03737,4.50212,-8.77432,3.10000,0.00000,0.00000
2407,516.12852,0.03369,Ada ile odada gezin,False,False,-6.03737,4.50212,-8.77432,3.10000,0.00000,0.00000
2408,516.16066,0.03214,Ada ile odada gezin,False,False,-6.03737,4.50212,-8.77432,3.10000,0.00000,0.00000
2409,516.19426,0.03360,Ada ile odada gezin,False,False,-6.03737,4.50212,-8.77432,3.10000,0.00000,0.00000
2410,516.22841,0.03414,Ada ile odada gezin,False,False,-6.03737,4.50212,-8.77432,3.10000,0.00000,0.00000
2411,516.26152,0.03311,Ada ile odada gezin,False,False,-6.03737,4.50212,-8.77432,3.10000,0.00000,0.00000
2412,516.29494,0.03342,Ada ile odada gezin,False,False,-6.03737,4.50212,-8.77432,3.10000,0.00000,0.00000
2413,516.32790,0.03296,Ada ile odada gezin,False,False,-6.03737,4.50212,-8.77432,3.10000,0.00000,0.00000
2414,516.36033,0.03243,Ada ile odada gezin,False,False,-6.03737,4.50212,-8.77432,3.10000,0.00000,0.00000
2415,516.39442,0.03409,Ada ile odada gezin,False,False,-6.03737,4.50212,-8.77432,3.10000,0.00000,0.00000
2416,516.42816,0.03374,Ada ile odada gezin,False,False,-6.03737,4.50212,-8.77432,3.10000,0.00000,0.00000
2417,516.46035,0.03219,Ada ile odada gezin,False,False,-6.03737,4.50212,-8.77432,3.10000,0.00000,0.00000
2418,516.49420,0.03385,Ada ile odada gezin,False,False,-6.03737,4.50212,-8.77432,3.10000,0.00000,0.00000
2419,516.52781,0.03361,Ada ile odada gezin,False,False,-6.03737,4.50212,-8.77432,3.10000,0.00000,0.00000
2420,516.56089,0.03308,Ada ile odada gezin,False,False,-6.03737,4.50212,-8.77432,3.10000,0.00000,0.00000
2421,516.59375,0.03286,Ada ile odada gezin,False,False,-6.03737,4.50212,-8.77432,3.10000,0.00000,0.00000
2422,516.62653,0.03278,Ada ile odada gezin,False,False,-6.03737,4.50212,-8.77432,3.10000,0.00000,0.00000
2423,516.66122,0.03469,Ada ile odada gezin,False,False,-6.03737,4.50212,-8.77432,3.10000,0.00000,0.00000
2424,516.69477,0.03354,Ada ile odada gezin,False,False,-6.03737,4.50212,-8.77432,3.10000,0.00000,0.00000
2425,516.72740,0.03263,Ada ile odada gezin,False,False,-6.03737,4.50212,-8.77432,3.10000,0.00000,0.00000
2426,516.76049,0.03309,Ada ile odada gezin,False,False,-6.03737,4.50212,-8.77432,3.10000,0.00000,0.00000
2427,516.79462,0.03413,Ada ile odada gezin,False,False,-6.03737,4.50212,-8.77432,3.10000,0.00000,0.00000
2428,516.82778,0.03316,Ada ile odada gezin,False,False,-6.03737,4.50212,-8.77432,3.10000,0.00000,0.00000
2429,516.86011,0.03233,Ada ile odada gezin,False,False,-6.03737,4.50212,-8.77432,3.10000,0.00000,0.00000
2430,516.89341,0.03331,Ada ile odada gezin,False,False,-6.03737,4.50212,-8.77432,3.10000,0.00000,0.00000
2431,516.92685,0.03344,Ada ile odada gezin,False,False,-6.03737,4.50212,-8.77432,3.10000,0.00000,0.00000
2432,516.96056,0.03371,Ada ile odada gezin,False,False,-6.03737,4.50212,-8.77432,3.10000,0.00000,0.00000
2433,516.99388,0.03333,Ada ile odada gezin,False,False,-6.03737,4.50212,-8.77432,3.10000,0.00000,0.00000
2434,517.02669,0.03281,Ada ile odada gezin,False,False,-6.03737,4.50212,-8.77432,3.10000,0.00000,0.00000
2435,517.06087,0.03417,Ada ile odada gezin,False,False,-6.03737,4.50212,-8.77432,3.10000,0.00000,0.00000
2436,517.09432,0.03345,Ada ile odada gezin,False,False,-6.03737,4.50212,-8.77432,3.10000,0.00000,0.00000
2437,517.12713,0.03281,Ada ile odada gezin,False,False,-6.03737,4.50212,-8.77432,3.10000,0.00000,0.00000
2438,517.17518,0.04804,Ada ile odada gezin,False,False,-6.03737,4.50212,-8.77432,3.10000,0.00000,0.00000
2439,517.21015,0.03497,Ada ile odada gezin,False,False,-6.03737,4.50212,-8.77432,3.10000,0.00000,0.00000
2440,517.22990,0.01975,Ada ile odada gezin,False,False,-6.03737,4.50212,-8.77432,3.10000,0.00000,0.00000
2441,517.26155,0.03165,Ada ile odada gezin,False,False,-6.03737,4.50212,-8.77432,3.10000,0.00000,0.00000
2442,517.29326,0.03170,Ada ile odada gezin,False,False,-6.03737,4.50212,-8.77432,3.10000,0.00000,0.00000
2443,517.32721,0.03396,Ada ile odada gezin,False,False,-6.03737,4.50212,-8.77432,3.10000,0.00000,0.00000
2444,517.36029,0.03307,Ada ile odada gezin,False,False,-6.03737,4.50212,-8.77432,3.10000,0.00000,0.00000
2445,517.39433,0.03405,Ada ile odada gezin,False,False,-6.03737,4.50212,-8.77432,3.10000,0.00000,0.00000
2446,517.42762,0.03329,Ada ile odada gezin,False,False,-6.03737,4.50212,-8.77432,3.10000,0.00000,0.00000
2447,517.46082,0.03320,Ada ile odada gezin,False,False,-6.03737,4.50212,-8.77432,3.10000,0.00000,0.00000
2448,517.49456,0.03375,Ada ile odada gezin,False,False,-6.03737,4.50212,-8.77432,3.10000,0.00000,0.00000
2449,517.52728,0.03271,Ada ile odada gezin,False,False,-6.03737,4.50212,-8.77432,3.10000,0.00000,0.00000
2450,517.56032,0.03304,Ada ile odada gezin,False,False,-6.03737,4.50212,-8.77432,3.10000,0.00000,0.00000
2451,517.59469,0.03437,Ada ile odada gezin,False,False,-6.03737,4.50212,-8.77432,3.10000,0.00000,0.00000
2452,517.62824,0.03355,Ada ile odada gezin,False,False,-6.03737,4.50212,-8.77432,3.10000,0.00000,0.00000
2453,517.66051,0.03227,Ada ile odada gezin,False,False,-6.03737,4.50212,-8.77432,3.10000,0.00000,0.00000
2454,517.69352,0.03301,Ada ile odada gezin,False,False,-6.03737,4.50212,-8.77432,3.10000,0.00000,0.00000
2455,517.72717,0.03365,Ada ile odada gezin,False,False,-6.03737,4.50212,-8.77432,3.10000,0.00000,0.00000
2456,517.76042,0.03325,Ada ile odada gezin,False,False,-6.03737,4.50212,-8.77432,3.10000,0.00000,0.00000
2457,517.79386,0.03344,Ada ile odada gezin,False,False,-6.03737,4.50212,-8.77432,3.10000,0.00000,0.00000
2458,517.82747,0.03361,Ada ile odada gezin,False,False,-6.03737,4.50212,-8.77432,3.10000,0.00000,0.00000
2459,517.86123,0.03376,Ada ile odada gezin,False,False,-6.03737,4.50212,-8.77432,3.10000,0.00000,0.00000
2460,517.89511,0.03388,Ada ile odada gezin,False,False,-6.03737,4.50212,-8.77432,3.10000,0.00000,0.00000
2461,517.92754,0.03243,Ada ile odada gezin,False,False,-6.03737,4.50212,-8.77432,3.10000,0.00000,0.00000
2462,517.96025,0.03271,Ada ile odada gezin,False,False,-6.03737,4.50212,-8.77432,3.10000,0.00000,0.00000
2463,517.99392,0.03366,Ada ile odada gezin,False,False,-6.03737,4.50212,-8.77432,3.10000,0.00000,0.00000
2464,518.02744,0.03353,Ada ile odada gezin,False,False,-6.03737,4.50212,-8.77432,3.10000,0.00000,0.00000
2465,518.06087,0.03343,Ada ile odada gezin,False,False,-6.03737,4.50212,-8.77432,3.10000,0.00000,0.00000
2466,518.09341,0.03254,Ada ile odada gezin,False,False,-6.03737,4.50212,-8.77432,3.10000,0.00000,0.00000
2467,518.12687,0.03346,Ada ile odada gezin,False,False,-6.03737,4.50212,-8.77432,3.10000,0.00000,0.00000
2468,518.16059,0.03372,Ada ile odada gezin,False,False,-6.03737,4.50212,-8.77432,3.10000,0.00000,0.00000
2469,518.19413,0.03354,Ada ile odada gezin,False,False,-6.03737,4.50212,-8.77432,3.10000,0.00000,0.00000
2470,518.22729,0.03315,Ada ile odada gezin,False,False,-6.03737,4.50212,-8.77432,3.10000,0.00000,0.00000
2471,518.26063,0.03335,Ada ile odada gezin,False,False,-6.03737,4.50212,-8.77432,3.10000,0.00000,0.00000
2472,518.29402,0.03338,Ada ile odada gezin,False,False,-6.03737,4.50212,-8.77432,3.10000,0.00000,0.00000
2473,518.32799,0.03397,Ada ile odada gezin,False,False,-6.03737,4.50212,-8.77432,3.10000,0.00000,0.00000
2474,518.36138,0.03339,Ada ile odada gezin,False,False,-6.03737,4.50212,-8.77432,3.10000,0.00000,0.00000
2475,518.39370,0.03232,Ada ile odada gezin,False,False,-6.03737,4.50212,-8.77432,3.10000,0.00000,0.00000
2476,518.42682,0.03312,Ada ile odada gezin,False,False,-6.03737,4.50212,-8.77432,3.10000,0.00000,0.00000
2477,518.46042,0.03360,Ada ile odada gezin,False,False,-6.03737,4.50212,-8.77432,3.10000,0.00000,0.00000
2478,518.49470,0.03428,Ada ile odada gezin,False,False,-6.03737,4.50212,-8.77432,3.10000,0.00000,0.00000
2479,518.52816,0.03346,Ada ile odada gezin,False,False,-6.03737,4.50212,-8.77432,3.10000,0.00000,0.00000
2480,518.56062,0.03246,Ada ile odada gezin,False,False,-6.03737,4.50212,-8.77432,3.10000,0.00000,0.00000
2481,518.59390,0.03328,Ada ile odada gezin,False,False,-6.03737,4.50212,-8.77432,3.10000,0.00000,0.00000
2482,518.62768,0.03378,Ada ile odada gezin,False,False,-6.03737,4.50212,-8.77432,3.10000,0.00000,0.00000
2483,518.66122,0.03354,Ada ile odada gezin,False,False,-6.03737,4.50212,-8.77432,3.10000,0.00000,0.00000
2484,518.69398,0.03277,Ada ile odada gezin,False,False,-6.03737,4.50212,-8.77432,3.10000,0.00000,0.00000
2485,518.72684,0.03286,Ada ile odada gezin,False,False,-6.03737,4.50212,-8.77432,3.10000,0.00000,0.00000
2486,518.76146,0.03462,Ada ile odada gezin,False,False,-6.03737,4.50212,-8.77432,3.10000,0.00000,0.00000
2487,518.79495,0.03349,Ada ile odada gezin,False,False,-6.03737,4.50212,-8.77432,3.10000,0.00000,0.00000
2488,518.82692,0.03196,Ada ile odada gezin,False,False,-6.03737,4.50212,-8.77432,3.10000,0.00000,0.00000
2489,518.86042,0.03351,Ada ile odada gezin,False,False,-6.03737,4.50212,-8.77432,3.10000,0.00000,0.00000
2490,518.89525,0.03482,Ada ile odada gezin,False,False,-6.03737,4.50212,-8.77432,3.10000,0.00000,0.00000
2491,518.92843,0.03318,Ada ile odada gezin,False,False,-6.03737,4.50212,-8.77432,3.10000,0.00000,0.00000
2492,518.96113,0.03270,Ada ile odada gezin,False,False,-6.03737,4.50212,-8.77432,3.10000,0.00000,0.00000
2493,518.99458,0.03345,Ada ile odada gezin,False,False,-6.03737,4.50212,-8.77432,3.10000,0.00000,0.00000
2494,519.02747,0.03289,Ada ile odada gezin,False,False,-6.03737,4.50212,-8.77432,3.10000,0.00000,0.00000
2495,519.06133,0.03386,Ada ile odada gezin,False,False,-6.03737,4.50212,-8.77432,3.10000,0.00000,0.00000
2496,519.09407,0.03273,Ada ile odada gezin,False,False,-6.03737,4.50212,-8.77432,3.10000,0.00000,0.00000
2497,519.12702,0.03295,Ada ile odada gezin,False,False,-6.03737,4.50212,-8.77432,3.10000,0.00000,0.00000
2498,519.17011,0.04309,Ada ile odada gezin,False,False,-6.03737,4.50212,-8.77432,3.10000,0.00000,0.00000
2499,519.20403,0.03392,Ada ile odada gezin,False,False,-6.03737,4.50212,-8.77432,3.10000,0.00000,0.00000
2500,519.23637,0.03234,Ada ile odada gezin,False,False,-6.03737,4.50212,-8.77432,3.10000,0.00000,0.00000
2501,519.26971,0.03334,Ada ile odada gezin,False,False,-6.03737,4.50212,-8.77432,3.10000,0.00000,0.00000
2502,519.30346,0.03376,Ada ile odada gezin,False,False,-6.03737,4.50212,-8.77432,3.10000,0.00000,0.00000
2503,519.33683,0.03337,Ada ile odada gezin,False,False,-6.03737,4.50212,-8.77432,3.10000,0.00000,0.00000
2504,519.37024,0.03341,Ada ile odada gezin,False,False,-6.03737,4.50212,-8.77432,3.10000,0.00000,0.00000
2505,519.40394,0.03370,Ada ile odada gezin,False,False,-6.03737,4.50212,-8.77432,3.10000,0.00000,0.00000
2506,519.43704,0.03310,Ada ile odada gezin,False,False,-6.03737,4.50212,-8.77432,3.10000,0.00000,0.00000
2507,519.46933,0.03228,Ada ile odada gezin,False,False,-6.03737,4.50212,-8.77432,3.10000,0.00000,0.00000
2508,519.50277,0.03345,Ada ile odada gezin,False,False,-6.03737,4.50212,-8.77432,3.10000,0.00000,0.00000
2509,519.53597,0.03319,Ada ile odada gezin,False,False,-6.03737,4.50212,-8.77432,3.10000,0.00000,0.00000
2510,519.57043,0.03446,Ada ile odada gezin,False,False,-6.03737,4.50212,-8.77432,3.10000,0.00000,0.00000
2511,519.60389,0.03346,Ada ile odada gezin,False,False,-6.03737,4.50212,-8.77432,3.10000,0.00000,0.00000
2512,519.63685,0.03296,Ada ile odada gezin,False,False,-6.03737,4.50212,-8.77432,3.10000,0.00000,0.00000
2513,519.67020,0.03335,Ada ile odada gezin,False,False,-6.03737,4.50212,-8.77432,3.10000,0.00000,0.00000
2514,519.70308,0.03289,Ada ile odada gezin,False,False,-6.03737,4.50212,-8.77432,3.10000,0.00000,0.00000
2515,519.73602,0.03294,Ada ile odada gezin,False,False,-6.03737,4.50212,-8.77432,3.10000,0.00000,0.00000
2516,519.76939,0.03337,Ada ile odada gezin,False,False,-6.03737,4.50212,-8.77432,3.10000,0.00000,0.00000
2517,519.80386,0.03447,Ada ile odada gezin,False,False,-6.03737,4.50212,-8.77432,3.10000,0.00000,0.00000
2518,519.83684,0.03299,Ada ile odada gezin,False,False,-6.03737,4.50212,-8.77432,3.10000,0.00000,0.00000
2519,519.86987,0.03302,Ada ile odada gezin,False,False,-6.03737,4.50212,-8.77432,3.10000,0.00000,0.00000
2520,519.90364,0.03378,Ada ile odada gezin,False,False,-6.03737,4.50212,-8.77432,3.10000,0.00000,0.00000
2521,519.93708,0.03343,Ada ile odada gezin,False,False,-6.03737,4.50212,-8.77432,3.10000,0.00000,0.00000
2522,519.96969,0.03261,Ada ile odada gezin,False,False,-6.03737,4.50212,-8.77432,3.10000,0.00000,0.00000
2523,520.00440,0.03471,Ada ile odada gezin,False,False,-6.03737,4.50212,-8.77432,3.10000,0.00000,0.00000
2524,520.03814,0.03374,Ada ile odada gezin,False,False,-6.03737,4.50212,-8.77432,3.10000,0.00000,0.00000
2525,520.06975,0.03161,Ada ile odada gezin,False,False,-6.03737,4.50212,-8.77432,3.10000,0.00000,0.00000
2526,520.10322,0.03347,Ada ile odada gezin,False,False,-6.03737,4.50212,-8.77432,3.10000,0.00000,0.00000
2527,520.13580,0.03258,Ada ile odada gezin,False,False,-6.03737,4.50212,-8.77432,3.10000,0.00000,0.00000
2528,520.16908,0.03328,Ada ile odada gezin,False,False,-6.03737,4.50212,-8.77432,3.10000,0.00000,0.00000
2529,520.20221,0.03313,Ada ile odada gezin,False,False,-6.03737,4.50212,-8.77432,3.10000,0.00000,0.00000
2530,520.23594,0.03373,Ada ile odada gezin,False,False,-6.03737,4.50212,-8.77432,3.10000,0.00000,0.00000
2531,520.26977,0.03384,Ada ile odada gezin,False,False,-6.03737,4.50212,-8.77432,3.10000,0.00000,0.00000
2532,520.30396,0.03418,Ada ile odada gezin,False,False,-6.03737,4.50212,-8.77432,3.10000,0.00000,0.00000
2533,520.33775,0.03380,Ada ile odada gezin,False,False,-6.03737,4.50212,-8.77432,3.10000,0.00000,0.00000
2534,520.36959,0.03183,Ada ile odada gezin,False,False,-6.03737,4.50212,-8.77432,3.10000,0.00000,0.00000
2535,520.40208,0.03249,Ada ile odada gezin,False,False,-6.03737,4.50212,-8.77432,3.10000,0.00000,0.00000
2536,520.43500,0.03293,Ada ile odada gezin,False,False,-6.03737,4.50212,-8.77432,3.10000,0.00000,0.00000
2537,520.46942,0.03442,Ada ile odada gezin,False,False,-6.03737,4.50212,-8.77432,3.10000,0.00000,0.00000
2538,520.50330,0.03388,Ada ile odada gezin,False,False,-6.03737,4.50212,-8.77432,3.10000,0.00000,0.00000
2539,520.53674,0.03343,Ada ile odada gezin,False,False,-6.03737,4.50212,-8.77432,3.10000,0.00000,0.00000
2540,520.57108,0.03435,Ada ile odada gezin,False,False,-6.03737,4.50212,-8.77432,3.10000,0.00000,0.00000
2541,520.60356,0.03248,Ada ile odada gezin,False,False,-6.03737,4.50212,-8.77432,3.10000,0.00000,0.00000
2542,520.63626,0.03270,Ada ile odada gezin,False,False,-6.03737,4.50212,-8.77432,3.10000,0.00000,0.00000
2543,520.66913,0.03287,Ada ile odada gezin,False,False,-6.03737,4.50212,-8.77432,3.10000,0.00000,0.00000
2544,520.70204,0.03291,Ada ile odada gezin,False,False,-6.03737,4.50212,-8.77432,3.10000,0.00000,0.00000
2545,520.73533,0.03329,Ada ile odada gezin,False,False,-6.03737,4.50212,-8.77432,3.10000,0.00000,0.00000
2546,520.76862,0.03329,Ada ile odada gezin,False,False,-6.03737,4.50212,-8.77432,3.10000,0.00000,0.00000
2547,520.80326,0.03464,Ada ile odada gezin,False,False,-6.03737,4.50212,-8.77432,3.10000,0.00000,0.00000
2548,520.83722,0.03396,Ada ile odada gezin,False,False,-6.03737,4.50212,-8.77432,3.10000,0.00000,0.00000
2549,520.86958,0.03236,Ada ile odada gezin,False,False,-6.03737,4.50212,-8.77432,3.10000,0.00000,0.00000
2550,520.90276,0.03318,Ada ile odada gezin,False,False,-6.03737,4.50212,-8.77432,3.10000,0.00000,0.00000
2551,520.93598,0.03322,Ada ile odada gezin,False,False,-6.03737,4.50212,-8.77432,3.10000,0.00000,0.00000
2552,520.97056,0.03459,Ada ile odada gezin,False,False,-6.03737,4.50212,-8.77432,3.10000,0.00000,0.00000
2553,521.00471,0.03414,Ada ile odada gezin,False,False,-6.03737,4.50212,-8.77432,3.10000,0.00000,0.00000
2554,521.03586,0.03116,Ada ile odada gezin,False,False,-6.03737,4.50212,-8.77432,3.10000,0.00000,0.00000
2555,521.06847,0.03260,Ada ile odada gezin,False,False,-6.03737,4.50212,-8.77432,3.10000,0.00000,0.00000
2556,521.10309,0.03462,Ada ile odada gezin,False,False,-6.03737,4.50212,-8.77432,3.10000,0.00000,0.00000
2557,521.13671,0.03362,Ada ile odada gezin,False,False,-6.03737,4.50212,-8.77432,3.10000,0.00000,0.00000
2558,521.16873,0.03202,Ada ile odada gezin,False,False,-6.03737,4.50212,-8.77432,3.10000,0.00000,0.00000
2559,521.20276,0.03403,Ada ile odada gezin,False,False,-6.03737,4.50212,-8.77432,3.10000,0.00000,0.00000
2560,521.23706,0.03430,Ada ile odada gezin,False,False,-6.03737,4.50212,-8.77432,3.10000,0.00000,0.00000
2561,521.27042,0.03335,Ada ile odada gezin,False,False,-6.03737,4.50212,-8.77432,3.10000,0.00000,0.00000
2562,521.30336,0.03295,Ada ile odada gezin,False,False,-6.03737,4.50212,-8.77432,3.10000,0.00000,0.00000
2563,521.33577,0.03240,Ada ile odada gezin,False,False,-6.03737,4.50212,-8.77432,3.10000,0.00000,0.00000
2564,521.36836,0.03259,Ada ile odada gezin,False,False,-6.03737,4.50212,-8.77432,3.10000,0.00000,0.00000
2565,521.40161,0.03325,Ada ile odada gezin,False,False,-6.03737,4.50212,-8.77432,3.10000,0.00000,0.00000
2566,521.43571,0.03410,Ada ile odada gezin,False,False,-6.03737,4.50212,-8.77432,3.10000,0.00000,0.00000
2567,521.46938,0.03367,Ada ile odada gezin,False,False,-6.03737,4.50212,-8.77432,3.10000,0.00000,0.00000
2568,521.50227,0.03289,Ada ile odada gezin,False,False,-6.03737,4.50212,-8.77432,3.10000,0.00000,0.00000
2569,521.53585,0.03358,Ada ile odada gezin,False,False,-6.03737,4.50212,-8.77432,3.10000,0.00000,0.00000
2570,521.56898,0.03314,Ada ile odada gezin,False,False,-6.03737,4.50212,-8.77432,3.10000,0.00000,0.00000
2571,521.60187,0.03289,Ada ile odada gezin,False,False,-6.03737,4.50212,-8.77432,3.10000,0.00000,0.00000
2572,521.63470,0.03283,Ada ile odada gezin,False,False,-6.03737,4.50212,-8.77432,3.10000,0.00000,0.00000
2573,521.66898,0.03428,Ada ile odada gezin,False,False,-6.03737,4.50212,-8.77432,3.10000,0.00000,0.00000
2574,521.70252,0.03354,Ada ile odada gezin,False,False,-6.03737,4.50212,-8.77432,3.10000,0.00000,0.00000
2575,521.73580,0.03328,Ada ile odada gezin,False,False,-6.03737,4.50212,-8.77432,3.10000,0.00000,0.00000
2576,521.77038,0.03458,Ada ile odada gezin,False,False,-6.03737,4.50212,-8.77432,3.10000,0.00000,0.00000
2577,521.80377,0.03339,Ada ile odada gezin,False,False,-6.03737,4.50212,-8.77432,3.10000,0.00000,0.00000
2578,521.83636,0.03259,Ada ile odada gezin,False,False,-6.03737,4.50212,-8.77432,3.10000,0.00000,0.00000
2579,521.86985,0.03349,Ada ile odada gezin,False,False,-6.03737,4.50212,-8.77432,3.10000,0.00000,0.00000
2580,521.90384,0.03398,Ada ile odada gezin,False,False,-6.03737,4.50212,-8.77432,3.10000,0.00000,0.00000
2581,521.93703,0.03319,Ada ile odada gezin,False,False,-6.03737,4.50212,-8.77432,3.10000,0.00000,0.00000
2582,521.96959,0.03257,Ada ile odada gezin,False,False,-6.03737,4.50212,-8.77432,3.10000,0.00000,0.00000
2583,522.00359,0.03400,Ada ile odada gezin,False,False,-6.03737,4.50212,-8.77432,3.10000,0.00000,0.00000
2584,522.03735,0.03376,Ada ile odada gezin,False,False,-6.03737,4.50212,-8.77432,3.10000,0.00000,0.00000
2585,522.07045,0.03310,Ada ile odada gezin,False,False,-6.03737,4.50212,-8.77432,3.10000,0.00000,0.00000
2586,522.10330,0.03285,Ada ile odada gezin,False,False,-6.03737,4.50212,-8.77432,3.10000,0.00000,0.00000
2587,522.13655,0.03326,Ada ile odada gezin,False,False,-6.03737,4.50212,-8.77432,3.10000,0.00000,0.00000
2588,522.17019,0.03363,Ada ile odada gezin,False,False,-6.03737,4.50212,-8.77432,3.10000,0.00000,0.00000
2589,522.20357,0.03339,Ada ile odada gezin,False,False,-6.03737,4.50212,-8.77432,3.10000,0.00000,0.00000
2590,522.23665,0.03307,Ada ile odada gezin,False,False,-6.03737,4.50212,-8.77432,3.10000,0.00000,0.00000
2591,522.26944,0.03279,Ada ile odada gezin,False,False,-6.03737,4.50212,-8.77432,3.10000,0.00000,0.00000
2592,522.30251,0.03307,Ada ile odada gezin,False,False,-6.03737,4.50212,-8.77432,3.10000,0.00000,0.00000
2593,522.33617,0.03367,Ada ile odada gezin,False,False,-6.03737,4.50212,-8.77432,3.10000,0.00000,0.00000
2594,522.36920,0.03302,Ada ile odada gezin,False,False,-6.03737,4.50212,-8.77432,3.10000,0.00000,0.00000
2595,522.40261,0.03341,Ada ile odada gezin,False,False,-6.03737,4.50212,-8.77432,3.10000,0.00000,0.00000
2596,522.43677,0.03417,Ada ile odada gezin,False,False,-6.03737,4.50212,-8.77432,3.10000,0.00000,0.00000
2597,522.47704,0.04027,Ada ile odada gezin,False,False,-6.03737,4.50212,-8.77432,3.10000,0.00000,0.00000
2598,522.51004,0.03299,Ada ile odada gezin,False,False,-6.03737,4.50212,-8.77432,3.10000,0.00000,0.00000
2599,522.54442,0.03438,Ada ile odada gezin,False,False,-6.03737,4.50212,-8.77432,3.10000,0.00000,0.00000
2600,522.57712,0.03270,Ada ile odada gezin,False,False,-6.03737,4.50212,-8.77432,3.10000,0.00000,0.00000
2601,522.60986,0.03274,Ada ile odada gezin,False,False,-6.03737,4.50212,-8.77432,3.10000,0.00000,0.00000
2602,522.64356,0.03370,Ada ile odada gezin,False,False,-6.03737,4.50212,-8.77432,3.10000,0.00000,0.00000
2603,522.67695,0.03339,Ada ile odada gezin,False,False,-6.03737,4.50212,-8.77432,3.10000,0.00000,0.00000
2604,522.71135,0.03441,Ada ile odada gezin,False,False,-6.03737,4.50212,-8.77432,3.10000,0.00000,0.00000
2605,522.75775,0.04640,Ada ile odada gezin,False,False,-6.03737,4.50212,-8.77432,3.10000,0.00000,0.00000
2606,522.79348,0.03573,Ada ile odada gezin,False,False,-6.03737,4.50212,-8.77432,3.10000,0.00000,0.00000
2607,522.81218,0.01869,Ada ile odada gezin,False,False,-6.03743,4.50189,-8.77287,3.10000,0.00147,0.00000
2608,522.84601,0.03383,Ada ile odada gezin,False,False,-6.03773,4.50075,-8.76480,3.10000,0.00815,0.00000
2609,522.87994,0.03393,Ada ile odada gezin,False,False,-6.03811,4.49894,-8.75062,3.10000,0.01430,0.00000
2610,522.91357,0.03363,Ada ile odada gezin,False,False,-6.03852,4.49640,-8.72877,3.10000,0.02201,0.00000
2611,522.94570,0.03212,Ada ile odada gezin,False,False,-6.03888,4.49335,-8.70002,3.10000,0.02891,0.00000
2612,522.97897,0.03327,Ada ile odada gezin,False,False,-6.03917,4.48988,-8.66429,3.10000,0.03590,0.00000
2613,523.01308,0.03411,Ada ile odada gezin,False,False,-6.03957,4.48596,-8.61903,3.10000,0.04543,0.00000
2614,523.04609,0.03302,Ada ile odada gezin,False,False,-6.04011,4.48253,-8.57216,3.10000,0.04700,0.00000
2615,523.07945,0.03335,Ada ile odada gezin,False,False,-6.04056,4.47940,-8.52159,3.10000,0.05066,0.00000
2616,523.11182,0.03237,Ada ile odada gezin,False,False,-6.04088,4.47671,-8.46967,3.10000,0.05200,0.00000
2617,523.14550,0.03368,Ada ile odada gezin,False,False,-6.04128,4.47448,-8.41696,3.10000,0.05276,0.00000
2618,523.17908,0.03359,Ada ile odada gezin,False,False,-6.04180,4.47251,-8.36076,3.10000,0.05623,0.00000
2619,523.21245,0.03337,Ada ile odada gezin,False,False,-6.04230,4.47102,-8.30650,3.10000,0.05429,0.00000
2620,523.24610,0.03365,Ada ile odada gezin,False,False,-6.04284,4.46974,-8.24990,3.10000,0.05661,0.00000
2621,523.27942,0.03332,Ada ile odada gezin,False,False,-6.04332,4.46878,-8.19519,3.10000,0.05472,0.00000
2622,523.31376,0.03434,Ada ile odada gezin,False,False,-6.04383,4.46793,-8.13762,3.10000,0.05758,0.00000
2623,523.34600,0.03225,Ada ile odada gezin,False,False,-6.04731,4.46770,-8.08194,3.10000,0.05579,0.00000
2624,523.37827,0.03227,Ada ile odada gezin,False,False,-6.05492,4.46825,-8.03010,3.10000,0.05240,0.00000
2625,523.41266,0.03439,Ada ile odada gezin,False,False,-6.06824,4.46963,-7.97840,3.10000,0.05340,0.00000
2626,523.44637,0.03371,Ada ile odada gezin,False,False,-6.08735,4.47193,-7.93017,3.10000,0.05193,0.00000
2627,523.47889,0.03252,Ada ile odada gezin,False,False,-6.11122,4.47498,-7.88836,3.10000,0.04824,0.00000
2628,523.51272,0.03383,Ada ile odada gezin,False,False,-6.14014,4.47872,-7.85232,3.10000,0.04636,0.00000
2629,523.54757,0.03485,Ada ile odada gezin,False,False,-6.17760,4.48346,-7.81989,3.10000,0.04978,0.00000
2630,523.57651,0.02894,Ada ile odada gezin,False,False,-6.21038,4.48765,-7.79987,3.10000,0.03863,0.00000
2631,523.61060,0.03409,Ada ile odada gezin,False,False,-6.25365,4.49300,-7.78323,3.10000,0.04667,0.00000
2632,523.64450,0.03390,Ada ile odada gezin,False,False,-6.29892,4.49857,-7.77461,3.10000,0.04642,0.00000
2633,523.67792,0.03341,Ada ile odada gezin,False,False,-6.34259,4.50355,-7.77182,3.10000,0.04404,0.00000
2634,523.71076,0.03284,Ada ile odada gezin,False,False,-6.38515,4.50781,-7.77269,3.10000,0.04278,0.00000
2635,523.74299,0.03223,Ada ile odada gezin,False,False,-6.42450,4.51112,-7.77571,3.10000,0.03960,0.00000
2636,523.77670,0.03371,Ada ile odada gezin,False,False,-6.46178,4.51365,-7.78006,3.10000,0.03761,0.00000
2637,523.81102,0.03433,Ada ile odada gezin,False,False,-6.49577,4.51524,-7.78498,3.10000,0.03439,0.00000
2638,523.84461,0.03359,Ada ile odada gezin,False,False,-6.52295,4.51574,-7.78952,3.10000,0.02756,0.00000
2639,523.87803,0.03341,Ada ile odada gezin,False,False,-6.54328,4.51530,-7.79334,3.10000,0.02069,0.00000
2640,523.91152,0.03350,Ada ile odada gezin,False,False,-6.55656,4.51409,-7.79619,3.10000,0.01363,0.00000
2641,523.94447,0.03295,Ada ile odada gezin,False,False,-6.56543,4.51257,-7.79837,3.10000,0.00926,0.00000
2642,523.97773,0.03326,Ada ile odada gezin,False,False,-6.57123,4.51103,-7.80000,3.10000,0.00622,0.00000
2643,524.01099,0.03326,Ada ile odada gezin,False,False,-6.57514,4.50958,-7.80126,3.10000,0.00436,0.00000
2644,524.04431,0.03332,Ada ile odada gezin,False,False,-6.57777,4.50829,-7.80223,3.10000,0.00309,0.00000
2645,524.07810,0.03379,Ada ile odada gezin,False,False,-6.57958,4.50715,-7.80298,3.10000,0.00226,0.00000
2646,524.11118,0.03308,Ada ile odada gezin,False,False,-6.58079,4.50621,-7.80356,3.10000,0.00164,0.00000
2647,524.14432,0.03314,Ada ile odada gezin,False,False,-6.58162,4.50542,-7.80402,3.10000,0.00123,0.00000
2648,524.17780,0.03348,Ada ile odada gezin,False,False,-6.58221,4.50477,-7.80437,3.10000,0.00094,0.00000
2649,524.24838,0.07059,Ada ile odada gezin,False,False,-6.58294,4.50377,-7.80488,3.10000,0.00134,0.00000
2650,524.25620,0.00782,Ada ile odada gezin,False,False,-6.58263,4.50356,-7.80476,3.10000,0.00039,0.00000
2651,524.27621,0.02001,Ada ile odada gezin,False,False,-6.57942,4.50273,-7.80319,3.10000,0.00367,0.00000
2652,524.30973,0.03352,Ada ile odada gezin,False,False,-6.56806,4.50053,-7.79749,3.10000,0.01289,0.00000
2653,524.34337,0.03364,Ada ile odada gezin,False,False,-6.54978,4.49756,-7.78819,3.10000,0.02073,0.00000
2654,524.37722,0.03385,Ada ile odada gezin,False,False,-6.52508,4.49408,-7.77548,3.10000,0.02799,0.00000
2655,524.41150,0.03428,Ada ile odada gezin,False,False,-6.49217,4.48993,-7.75843,3.10000,0.03730,0.00000
2656,524.44495,0.03345,Ada ile odada gezin,False,False,-6.45395,4.48571,-7.73846,3.10000,0.04332,0.00000
2657,524.47778,0.03283,Ada ile odada gezin,False,False,-6.41280,4.48183,-7.71679,3.10000,0.04667,0.00000
2658,524.51005,0.03227,Ada ile odada gezin,False,False,-6.36897,4.47833,-7.69354,3.10000,0.04974,0.00000
2659,524.54299,0.03294,Ada ile odada gezin,False,False,-6.32430,4.47536,-7.66968,3.10000,0.05073,0.00000
2660,524.57680,0.03382,Ada ile odada gezin,False,False,-6.27647,4.47269,-7.64399,3.10000,0.05436,0.00000
2661,524.61126,0.03445,Ada ile odada gezin,False,False,-6.22861,4.47053,-7.61815,3.10000,0.05443,0.00000
2662,524.64474,0.03348,Ada ile odada gezin,False,False,-6.17899,4.46869,-7.59126,3.10000,0.05647,0.00000
2663,524.67691,0.03217,Ada ile odada gezin,False,False,-6.13132,4.46731,-7.56531,3.10000,0.05430,0.00000
2664,524.71026,0.03335,Ada ile odada gezin,False,False,-6.08339,4.46617,-7.53915,3.10000,0.05461,0.00000
2665,524.74434,0.03407,Ada ile odada gezin,False,False,-6.03303,4.46517,-7.51162,3.10000,0.05740,0.00000
2666,524.77778,0.03344,Ada ile odada gezin,False,False,-5.98388,4.46442,-7.48468,3.10000,0.05606,0.00000
2667,524.81109,0.03331,Ada ile odada gezin,False,False,-5.93414,4.46381,-7.45739,3.10000,0.05674,0.00000
2668,524.84346,0.03237,Ada ile odada gezin,False,False,-5.88533,4.46334,-7.43056,3.10000,0.05570,0.00000
2669,524.87699,0.03353,Ada ile odada gezin,False,False,-5.83681,4.46298,-7.40387,3.10000,0.05538,0.00000
2670,524.91028,0.03328,Ada ile odada gezin,False,False,-5.78598,4.46263,-7.37590,3.10000,0.05801,0.00000
2671,524.94343,0.03315,Ada ile odada gezin,False,False,-5.73796,4.46243,-7.34944,3.10000,0.05483,0.00000
2672,524.97716,0.03373,Ada ile odada gezin,False,False,-5.68675,4.46218,-7.32123,3.10000,0.05847,0.00000
2673,525.00964,0.03248,Ada ile odada gezin,False,False,-5.63874,4.46207,-7.29475,3.10000,0.05483,0.00000
2674,525.04244,0.03280,Ada ile odada gezin,False,False,-5.58910,4.46194,-7.26738,3.10000,0.05669,0.00000
2675,525.07665,0.03421,Ada ile odada gezin,False,False,-5.54006,4.46185,-7.24032,3.10000,0.05601,0.00000
2676,525.11128,0.03463,Ada ile odada gezin,False,False,-5.48845,4.46172,-7.21186,3.10000,0.05893,0.00000
2677,525.14437,0.03310,Ada ile odada gezin,False,False,-5.43865,4.46167,-7.18438,3.10000,0.05689,0.00000
2678,525.17636,0.03198,Ada ile odada gezin,False,False,-5.39016,4.46166,-7.15761,3.10000,0.05539,0.00000
2679,525.22225,0.04589,Ada ile odada gezin,False,False,-5.34165,4.46164,-7.13083,3.10000,0.05541,0.00000
2680,525.25803,0.03578,Ada ile odada gezin,False,False,-5.26869,4.46107,-7.09070,3.10000,0.08327,0.00000
2681,525.27945,0.02143,Ada ile odada gezin,False,False,-5.23787,4.46159,-7.07354,3.10000,0.03527,0.00000
2682,525.31054,0.03108,Ada ile odada gezin,False,False,-5.19034,4.46166,-7.04728,3.10000,0.05430,0.00000
2683,525.34271,0.03217,Ada ile odada gezin,False,False,-5.14280,4.46168,-7.02102,3.10000,0.05431,0.00000
2684,525.37632,0.03361,Ada ile odada gezin,False,False,-5.09302,4.46163,-6.99355,3.10000,0.05685,0.00000
2685,525.41042,0.03410,Ada ile odada gezin,False,False,-5.04325,4.46159,-6.96608,3.10000,0.05686,0.00000
2686,525.44428,0.03385,Ada ile odada gezin,False,False,-4.99258,4.46155,-6.93811,3.10000,0.05787,0.00000
2687,525.47755,0.03328,Ada ile odada gezin,False,False,-4.94322,4.46155,-6.91086,3.10000,0.05638,0.00000
2688,525.51037,0.03282,Ada ile odada gezin,False,False,-4.89345,4.46153,-6.88338,3.10000,0.05686,0.00000
2689,525.54353,0.03316,Ada ile odada gezin,False,False,-4.84516,4.46155,-6.85671,3.10000,0.05517,0.00000
2690,525.57723,0.03371,Ada ile odada gezin,False,False,-4.79426,4.46150,-6.82862,3.10000,0.05814,0.00000
2691,525.61048,0.03325,Ada ile odada gezin,False,False,-4.74507,4.46151,-6.80146,3.10000,0.05619,0.00000
2692,525.64360,0.03312,Ada ile odada gezin,False,False,-4.69536,4.46150,-6.77402,3.10000,0.05678,0.00000
2693,525.67727,0.03366,Ada ile odada gezin,False,False,-4.64645,4.46151,-6.74701,3.10000,0.05587,0.00000
2694,525.71119,0.03392,Ada ile odada gezin,False,False,-4.59568,4.46147,-6.71899,3.10000,0.05800,0.00000
2695,525.74429,0.03310,Ada ile odada gezin,False,False,-4.54615,4.46148,-6.69164,3.10000,0.05658,0.00000
2696,525.78633,0.04203,Ada ile odada gezin,False,False,-4.48227,4.46117,-6.65645,3.10000,0.07294,0.00000
2697,525.82008,0.03375,Ada ile odada gezin,False,False,-4.43228,4.46135,-6.62880,3.10000,0.05712,0.00000
2698,525.85332,0.03325,Ada ile odada gezin,False,False,-4.38357,4.46148,-6.60187,3.10000,0.05566,0.00000
2699,525.88625,0.03293,Ada ile odada gezin,False,False,-4.33424,4.46153,-6.57461,3.10000,0.05635,0.00000
2700,525.91923,0.03298,Ada ile odada gezin,False,False,-4.28554,4.46157,-6.54772,3.10000,0.05563,0.00000
2701,525.95257,0.03334,Ada ile odada gezin,False,False,-4.23609,4.46157,-6.52041,3.10000,0.05650,0.00000
2702,525.98649,0.03393,Ada ile odada gezin,False,False,-4.18578,4.46155,-6.49264,3.10000,0.05746,0.00000
2703,526.02060,0.03411,Ada ile odada gezin,False,False,-4.13576,4.46153,-6.46502,3.10000,0.05714,0.00000
2704,526.05349,0.03288,Ada ile odada gezin,False,False,-4.08583,4.46153,-6.43746,3.10000,0.05704,0.00000
2705,526.08619,0.03271,Ada ile odada gezin,False,False,-4.03794,4.46156,-6.41100,3.10000,0.05471,0.00000
2706,526.11954,0.03335,Ada ile odada gezin,False,False,-3.98763,4.46152,-6.38324,3.10000,0.05745,0.00000
2707,526.15305,0.03351,Ada ile odada gezin,False,False,-3.93838,4.46152,-6.35604,3.10000,0.05626,0.00000
2708,526.18629,0.03325,Ada ile odada gezin,False,False,-3.88859,4.46150,-6.32856,3.10000,0.05688,0.00000
2709,526.22141,0.03512,Yakından incele · bridge,True,False,-3.82639,4.45576,-6.28424,3.09316,0.07659,0.00000
2710,526.25538,0.03397,Yakından incele · bridge,True,False,-3.78575,4.43757,-6.23019,3.07149,0.07002,0.37742
2711,526.28702,0.03164,Yakından incele · bridge,True,False,-3.72723,4.41138,-6.15236,3.04028,0.10085,0.54536
2712,526.31939,0.03237,Yakından incele · bridge,True,False,-3.64501,4.37458,-6.04301,2.99643,0.14168,0.76923
2713,526.35195,0.03256,Yakından incele · bridge,True,False,-3.54628,4.33039,-5.91170,2.94378,0.17012,0.92534
2714,526.38546,0.03351,Yakından incele · bridge,True,False,-3.42590,4.27651,-5.75160,2.87959,0.20743,1.12812
2715,526.41920,0.03374,Yakından incele · bridge,True,False,-3.28998,4.21568,-5.57085,2.80711,0.23419,1.27224
2716,526.45318,0.03398,Yakından incele · bridge,True,False,-3.13755,4.14745,-5.36812,2.72582,0.26266,1.42708
2717,526.48545,0.03227,Yakından incele · bridge,True,False,-2.97156,4.07316,-5.14736,2.63730,0.28601,1.55516
2718,526.51770,0.03225,Yakından incele · bridge,True,False,-2.80515,3.99868,-4.92605,2.54856,0.28674,1.55968
2719,526.55107,0.03337,Yakından incele · bridge,True,False,-2.61737,3.91463,-4.67631,2.44842,0.32356,1.75965
2720,526.58514,0.03408,Yakından incele · bridge,True,False,-2.42798,3.82987,-4.42443,2.34742,0.32634,1.77470
2721,526.62075,0.03560,Yakından incele · bridge,True,False,-2.22046,3.73699,-4.14844,2.23675,0.35758,1.94434
2722,526.65376,0.03301,Yakından incele · bridge,True,False,-2.00850,3.64212,-3.86655,2.12372,0.36523,1.98576
2723,526.68615,0.03239,Yakından incele · bridge,True,False,-1.81528,3.55564,-3.60958,2.02068,0.33292,1.81051
2724,526.72084,0.03469,Yakından incele · bridge,True,False,-1.59983,3.45921,-3.32304,1.90579,0.37125,2.01899
2725,526.75250,0.03166,Yakından incele · bridge,True,False,-1.38973,3.36517,-3.04362,1.79375,0.36202,1.96874
2726,526.78427,0.03178,Yakından incele · bridge,True,False,-1.19912,3.27986,-2.79012,1.69210,0.32844,1.78570
2727,526.81896,0.03469,Yakından incele · bridge,True,False,-0.99146,3.18691,-2.51394,1.58136,0.35781,1.94554
2728,526.85246,0.03351,Yakından incele · bridge,True,False,-0.79288,3.09804,-2.24985,1.47546,0.34217,1.86040
2729,526.88577,0.03330,Yakından incele · bridge,True,False,-0.60558,3.01420,-2.00075,1.37558,0.32274,1.75475
2730,526.91865,0.03289,Yakından incele · bridge,True,False,-0.42357,2.93274,-1.75868,1.27851,0.31363,1.70543
2731,526.95124,0.03259,Yakından incele · bridge,True,False,-0.25709,2.85823,-1.53728,1.18974,0.28685,1.55968
2732,526.98921,0.03797,Yakından incele · bridge,True,False,-0.09972,2.78780,-1.32799,1.10582,0.27117,1.47403
2733,527.02471,0.03550,Yakından incele · bridge,True,False,0.06444,2.71432,-1.10966,1.01827,0.28287,1.53744
2734,527.05457,0.02986,Yakından incele · bridge,True,False,0.18222,2.66160,-0.95302,0.95546,0.20295,1.10286
2735,527.08530,0.03074,Yakından incele · bridge,True,False,0.28764,2.61442,-0.81282,0.89925,0.18165,0.98674
2736,527.11827,0.03296,Yakından incele · bridge,True,False,0.37752,2.57420,-0.69329,0.85132,0.15487,0.84023
2737,527.15273,0.03446,Yakından incele · bridge,True,False,0.45104,2.54129,-0.59551,0.81211,0.12669,0.68870
2738,527.18683,0.03410,Yakından incele · bridge,True,False,0.50156,2.51867,-0.52831,0.78516,0.08706,0.47147
2739,527.22041,0.03359,Yakından incele · bridge,True,False,0.52681,2.50737,-0.49473,0.77170,0.04351,0.23070
2740,527.25312,0.03271,Yakından incele · bridge,False,False,0.53000,2.50595,-0.49049,0.77000,0.00549,0.00000
2741,527.29023,0.03711,Yakından incele · bridge,False,False,0.53000,2.50595,-0.49049,0.77000,0.00000,0.00000
2742,527.32124,0.03101,Yakından incele · bridge,False,False,0.53000,2.50595,-0.49049,0.77000,0.00000,0.00000
2743,527.36823,0.04699,Yakından incele · bridge,False,False,0.53000,2.50595,-0.49049,0.77000,0.00000,0.00000
2744,527.38475,0.01652,Yakından incele · bridge,False,False,0.53000,2.50595,-0.49049,0.77000,0.00000,0.00000
2745,527.41772,0.03297,Yakından incele · bridge,False,False,0.53000,2.50595,-0.49049,0.77000,0.00000,0.00000
2746,527.45197,0.03425,Yakından incele · bridge,False,False,0.53000,2.50595,-0.49049,0.77000,0.00000,0.00000
2747,527.48597,0.03400,Yakından incele · bridge,False,False,0.53000,2.50595,-0.49049,0.77000,0.00000,0.00000
2748,527.51946,0.03349,Yakından incele · bridge,False,False,0.53000,2.50595,-0.49049,0.77000,0.00000,0.00000
2749,527.55352,0.03406,Yakından incele · bridge,False,False,0.53000,2.50595,-0.49049,0.77000,0.00000,0.00000
2750,527.58652,0.03300,Yakından incele · bridge,False,False,0.53000,2.50595,-0.49049,0.77000,0.00000,0.00000
2751,527.62004,0.03352,Yakından incele · bridge,False,False,0.53000,2.50595,-0.49049,0.77000,0.00000,0.00000
2752,527.65278,0.03274,Yakından incele · bridge,False,False,0.53000,2.50595,-0.49049,0.77000,0.00000,0.00000
2753,527.68551,0.03273,Yakından incele · bridge,False,False,0.53000,2.50595,-0.49049,0.77000,0.00000,0.00000
2754,527.71860,0.03309,Yakından incele · bridge,False,False,0.53000,2.50595,-0.49049,0.77000,0.00000,0.00000
2755,527.75171,0.03310,Yakından incele · bridge,False,False,0.53000,2.50595,-0.49049,0.77000,0.00000,0.00000
2756,527.78501,0.03330,Yakından incele · bridge,False,False,0.53000,2.50595,-0.49049,0.77000,0.00000,0.00000
2757,527.81923,0.03422,Yakından incele · bridge,False,False,0.53000,2.50595,-0.49049,0.77000,0.00000,0.00000
2758,527.85291,0.03368,Yakından incele · bridge,False,False,0.53000,2.50595,-0.49049,0.77000,0.00000,0.00000
2759,527.88588,0.03297,Yakından incele · bridge,False,False,0.53000,2.50595,-0.49049,0.77000,0.00000,0.00000
2760,527.91997,0.03409,Yakından incele · bridge,False,False,0.53000,2.50595,-0.49049,0.77000,0.00000,0.00000
2761,527.96633,0.04636,Yakından incele · bridge,False,False,0.53000,2.50595,-0.49049,0.77000,0.00000,0.00000
2762,527.98622,0.01989,Yakından incele · bridge,False,False,0.53000,2.50595,-0.49049,0.77000,0.00000,0.00000
2763,528.01967,0.03345,Yakından incele · bridge,False,False,0.53000,2.50595,-0.49049,0.77000,0.00000,0.00000
2764,528.05295,0.03328,Yakından incele · bridge,False,False,0.53000,2.50595,-0.49049,0.77000,0.00000,0.00000
2765,528.08647,0.03352,Yakından incele · bridge,False,False,0.53000,2.50595,-0.49049,0.77000,0.00000,0.00000
2766,528.12009,0.03362,Yakından incele · bridge,False,False,0.53000,2.50595,-0.49049,0.77000,0.00000,0.00000
2767,528.15319,0.03310,Yakından incele · bridge,False,False,0.53000,2.50595,-0.49049,0.77000,0.00000,0.00000
2768,528.18601,0.03282,Yakından incele · bridge,False,False,0.53000,2.50595,-0.49049,0.77000,0.00000,0.00000
2769,528.21930,0.03329,Yakından incele · bridge,False,False,0.53000,2.50595,-0.49049,0.77000,0.00000,0.00000
2770,528.25330,0.03399,Yakından incele · bridge,False,False,0.53000,2.50595,-0.49049,0.77000,0.00000,0.00000
2771,528.28602,0.03272,Yakından incele · bridge,False,False,0.53000,2.50595,-0.49049,0.77000,0.00000,0.00000
2772,528.31946,0.03344,Yakından incele · bridge,False,False,0.53000,2.50595,-0.49049,0.77000,0.00000,0.00000
2773,528.35283,0.03337,Yakından incele · bridge,False,False,0.53000,2.50595,-0.49049,0.77000,0.00000,0.00000
2774,528.38727,0.03443,Yakından incele · bridge,False,False,0.53000,2.50595,-0.49049,0.77000,0.00000,0.00000
2775,528.42015,0.03289,Yakından incele · bridge,False,False,0.53000,2.50595,-0.49049,0.77000,0.00000,0.00000
2776,528.45118,0.03102,Yakından incele · bridge,False,False,0.53000,2.50595,-0.49049,0.77000,0.00000,0.00000
2777,528.48497,0.03379,Yakından incele · bridge,False,False,0.53000,2.50595,-0.49049,0.77000,0.00000,0.00000
2778,528.51964,0.03467,Yakından incele · bridge,False,False,0.53000,2.50595,-0.49049,0.77000,0.00000,0.00000
2779,528.55288,0.03324,Yakından incele · bridge,False,False,0.53000,2.50595,-0.49049,0.77000,0.00000,0.00000
2780,528.58637,0.03349,Yakından incele · bridge,False,False,0.53000,2.50595,-0.49049,0.77000,0.00000,0.00000
2781,528.63288,0.04651,Yakından incele · bridge,False,False,0.53000,2.50595,-0.49049,0.77000,0.00000,0.00000
2782,528.65211,0.01923,Yakından incele · bridge,False,False,0.53000,2.50595,-0.49049,0.77000,0.00000,0.00000
2783,528.68654,0.03443,Yakından incele · bridge,False,False,0.53000,2.50595,-0.49049,0.77000,0.00000,0.00000
2784,528.71976,0.03322,Yakından incele · bridge,False,False,0.53000,2.50595,-0.49049,0.77000,0.00000,0.00000
2785,528.75240,0.03264,Yakından incele · bridge,False,False,0.53000,2.50595,-0.49049,0.77000,0.00000,0.00000
2786,528.78565,0.03325,Yakından incele · bridge,False,False,0.53000,2.50595,-0.49049,0.77000,0.00000,0.00000
2787,528.81901,0.03336,Yakından incele · bridge,False,False,0.53000,2.50595,-0.49049,0.77000,0.00000,0.00000
2788,528.85290,0.03389,Yakından incele · bridge,False,False,0.53000,2.50595,-0.49049,0.77000,0.00000,0.00000
2789,528.88614,0.03324,Yakından incele · bridge,False,False,0.53000,2.50595,-0.49049,0.77000,0.00000,0.00000
2790,528.92023,0.03408,Yakından incele · bridge,False,False,0.53000,2.50595,-0.49049,0.77000,0.00000,0.00000
2791,528.95302,0.03280,Yakından incele · bridge,False,False,0.53000,2.50595,-0.49049,0.77000,0.00000,0.00000
2792,528.98578,0.03276,Yakından incele · bridge,False,False,0.53000,2.50595,-0.49049,0.77000,0.00000,0.00000
2793,529.01876,0.03297,Yakından incele · bridge,False,False,0.53000,2.50595,-0.49049,0.77000,0.00000,0.00000
2794,529.05235,0.03360,Yakından incele · bridge,False,False,0.53000,2.50595,-0.49049,0.77000,0.00000,0.00000
2795,529.09454,0.04218,Yakından incele · bridge,False,False,0.53000,2.50595,-0.49049,0.77000,0.00000,0.00000
2796,529.12784,0.03330,Yakından incele · bridge,False,False,0.53000,2.50595,-0.49049,0.77000,0.00000,0.00000
2797,529.16014,0.03230,Yakından incele · bridge,False,False,0.53000,2.50595,-0.49049,0.77000,0.00000,0.00000
2798,529.19285,0.03271,Yakından incele · bridge,False,False,0.53000,2.50595,-0.49049,0.77000,0.00000,0.00000
2799,529.22687,0.03402,Yakından incele · bridge,False,False,0.53000,2.50595,-0.49049,0.77000,0.00000,0.00000
2800,529.26117,0.03430,Yakından incele · bridge,False,False,0.53000,2.50595,-0.49049,0.77000,0.00000,0.00000
2801,529.30951,0.04835,Yakından incele · bridge,False,False,0.53000,2.50595,-0.49049,0.77000,0.00000,0.00000
2802,529.32603,0.01651,Yakından incele · bridge,False,False,0.53000,2.50595,-0.49049,0.77000,0.00000,0.00000
2803,529.35943,0.03340,Yakından incele · bridge,False,False,0.53000,2.50595,-0.49049,0.77000,0.00000,0.00000
2804,529.39368,0.03425,Yakından incele · bridge,False,False,0.53000,2.50595,-0.49049,0.77000,0.00000,0.00000
2805,529.42687,0.03319,Yakından incele · bridge,False,False,0.53000,2.50595,-0.49049,0.77000,0.00000,0.00000
2806,529.45984,0.03297,Yakından incele · bridge,False,False,0.53000,2.50595,-0.49049,0.77000,0.00000,0.00000
2807,529.49388,0.03403,Yakından incele · bridge,False,False,0.53000,2.50595,-0.49049,0.77000,0.00000,0.00000
2808,529.53018,0.03630,Yakından incele · bridge,False,False,0.53000,2.50595,-0.49049,0.77000,0.00000,0.00000
2809,529.56587,0.03569,Yakından incele · bridge,False,False,0.53000,2.50595,-0.49049,0.77000,0.00000,0.00000
2810,529.59520,0.02933,Yakından incele · bridge,False,False,0.53000,2.50595,-0.49049,0.77000,0.00000,0.00000
2811,529.62750,0.03230,Yakından incele · bridge,False,False,0.53000,2.50595,-0.49049,0.77000,0.00000,0.00000
2812,529.66371,0.03621,Yakından incele · bridge,False,False,0.53000,2.50595,-0.49049,0.77000,0.00000,0.00000
2813,529.69982,0.03612,Yakından incele · bridge,False,False,0.53000,2.50595,-0.49049,0.77000,0.00000,0.00000
2814,529.73446,0.03463,Yakından incele · bridge,False,False,0.53000,2.50595,-0.49049,0.77000,0.00000,0.00000
2815,529.76734,0.03289,Yakından incele · bridge,False,False,0.53000,2.50595,-0.49049,0.77000,0.00000,0.00000
2816,529.79710,0.02976,Yakından incele · bridge,False,False,0.53000,2.50595,-0.49049,0.77000,0.00000,0.00000
2817,529.82833,0.03123,Yakından incele · bridge,False,False,0.53000,2.50595,-0.49049,0.77000,0.00000,0.00000
2818,529.86194,0.03361,Yakından incele · bridge,False,False,0.53000,2.50595,-0.49049,0.77000,0.00000,0.00000
2819,529.89474,0.03280,Yakından incele · bridge,False,False,0.53000,2.50595,-0.49049,0.77000,0.00000,0.00000
2820,529.92649,0.03175,Yakından incele · bridge,False,False,0.53000,2.50595,-0.49049,0.77000,0.00000,0.00000
2821,529.96054,0.03405,Yakından incele · bridge,False,False,0.53000,2.50595,-0.49049,0.77000,0.00000,0.00000
2822,529.99411,0.03357,Yakından incele · bridge,False,False,0.53000,2.50595,-0.49049,0.77000,0.00000,0.00000
2823,530.02644,0.03233,Yakından incele · bridge,False,False,0.53000,2.50595,-0.49049,0.77000,0.00000,0.00000
2824,530.05945,0.03300,Yakından incele · bridge,False,False,0.53000,2.50595,-0.49049,0.77000,0.00000,0.00000
2825,530.09257,0.03313,Yakından incele · bridge,False,False,0.53000,2.50595,-0.49049,0.77000,0.00000,0.00000
2826,530.12602,0.03345,Yakından incele · bridge,False,False,0.53000,2.50595,-0.49049,0.77000,0.00000,0.00000
2827,530.16042,0.03440,Yakından incele · bridge,False,False,0.53000,2.50595,-0.49049,0.77000,0.00000,0.00000
2828,530.19343,0.03301,Yakından incele · bridge,False,False,0.53000,2.50595,-0.49049,0.77000,0.00000,0.00000
2829,530.22584,0.03241,Yakından incele · bridge,False,False,0.53000,2.50595,-0.49049,0.77000,0.00000,0.00000
2830,530.25904,0.03320,Yakından incele · bridge,False,False,0.53000,2.50595,-0.49049,0.77000,0.00000,0.00000
2831,530.29239,0.03335,Yakından incele · bridge,False,False,0.53000,2.50595,-0.49049,0.77000,0.00000,0.00000
2832,530.32719,0.03480,Yakından incele · bridge,False,False,0.53000,2.50595,-0.49049,0.77000,0.00000,0.00000
2833,530.36027,0.03308,Yakından incele · bridge,False,False,0.53000,2.50595,-0.49049,0.77000,0.00000,0.00000
2834,530.39308,0.03281,Yakından incele · bridge,False,False,0.53000,2.50595,-0.49049,0.77000,0.00000,0.00000
2835,530.42705,0.03398,Yakından incele · bridge,False,False,0.53000,2.50595,-0.49049,0.77000,0.00000,0.00000
2836,530.45969,0.03264,Yakından incele · bridge,False,False,0.53000,2.50595,-0.49049,0.77000,0.00000,0.00000
2837,530.49315,0.03346,Yakından incele · bridge,False,False,0.53000,2.50595,-0.49049,0.77000,0.00000,0.00000
2838,530.52720,0.03405,Yakından incele · bridge,False,False,0.53000,2.50595,-0.49049,0.77000,0.00000,0.00000
2839,530.56022,0.03302,Yakından incele · bridge,False,False,0.53000,2.50595,-0.49049,0.77000,0.00000,0.00000
2840,530.59313,0.03291,Yakından incele · bridge,False,False,0.53000,2.50595,-0.49049,0.77000,0.00000,0.00000
2841,530.62639,0.03326,Yakından incele · bridge,False,False,0.53000,2.50595,-0.49049,0.77000,0.00000,0.00000
2842,530.65970,0.03332,Yakından incele · bridge,False,False,0.53000,2.50595,-0.49049,0.77000,0.00000,0.00000
2843,530.71129,0.05159,Ada ile odada gezin,True,False,0.51769,2.51171,-0.50706,0.77672,0.02143,0.00000
2844,530.74933,0.03804,Ada ile odada gezin,True,False,0.44489,2.54577,-0.60506,0.81648,0.12674,0.69773
2845,530.76157,0.01224,Ada ile odada gezin,True,False,0.41889,2.55793,-0.64006,0.83068,0.04526,0.24389
2846,530.79629,0.03472,Yakından incele · cover,True,False,0.41738,2.55398,-0.64390,0.83214,0.00572,0.00000
2847,530.82968,0.03339,Yakından incele · cover,True,False,0.41234,2.54081,-0.65672,0.83700,0.01906,0.39762
2848,530.86013,0.03045,Yakından incele · cover,True,False,0.40543,2.52275,-0.67429,0.84366,0.02612,0.54822
2849,530.89277,0.03264,Yakından incele · cover,True,False,0.39542,2.49660,-0.69974,0.85331,0.03784,0.79623
2850,530.92680,0.03403,Yakından incele · cover,True,False,0.38310,2.46442,-0.73105,0.86517,0.04655,0.97958
2851,530.96128,0.03448,Yakından incele · cover,True,False,0.36798,2.42491,-0.76949,0.87975,0.05717,1.20397
2852,530.99401,0.03273,Yakından incele · cover,True,False,0.35112,2.38086,-0.81235,0.89599,0.06372,1.34171
2853,531.02716,0.03314,Yakından incele · cover,True,False,0.33288,2.33323,-0.85870,0.91356,0.06892,1.45101
2854,531.06104,0.03388,Yakından incele · cover,True,False,0.31256,2.28012,-0.91038,0.93315,0.07684,1.61782
2855,531.09417,0.03313,Yakından incele · cover,True,False,0.29074,2.22311,-0.96584,0.95418,0.08247,1.73636
2856,531.12761,0.03344,Yakından incele · cover,True,False,0.26832,2.16453,-1.02284,0.97579,0.08476,1.78438
2857,531.16132,0.03371,Yakından incele · cover,True,False,0.24399,2.10098,-1.08468,0.99923,0.09194,1.93586
2858,531.19384,0.03252,Yakından incele · cover,True,False,0.21992,2.03810,-1.14586,1.02242,0.09098,1.91554
2859,531.22631,0.03247,Yakından incele · cover,True,False,0.19492,1.97276,-1.20944,1.04652,0.09453,1.99049
2860,531.25959,0.03328,Yakından incele · cover,True,False,0.16986,1.90729,-1.27315,1.07067,0.09473,1.99481
2861,531.29361,0.03402,Yakından incele · cover,True,False,0.14389,1.83945,-1.33915,1.09570,0.09815,2.06650
2862,531.32687,0.03326,Yakından incele · cover,True,False,0.11806,1.77197,-1.40482,1.12059,0.09764,2.05587
2863,531.36008,0.03321,Yakından incele · cover,True,False,0.09291,1.70625,-1.46876,1.14483,0.09508,2.00147
2864,531.39384,0.03376,Yakından incele · cover,True,False,0.06805,1.64131,-1.53195,1.16878,0.09395,1.97786
2865,531.42643,0.03258,Yakından incele · cover,True,False,0.04344,1.57702,-1.59451,1.19249,0.09302,1.95878
2866,531.45933,0.03290,Yakından incele · cover,True,False,0.02096,1.51829,-1.65165,1.21416,0.08497,1.78920
2867,531.49358,0.03425,Yakından incele · cover,True,False,-0.00184,1.45870,-1.70963,1.23614,0.08622,1.81483
2868,531.52696,0.03338,Yakından incele · cover,True,False,-0.02282,1.40390,-1.76296,1.25635,0.07929,1.66878
2869,531.55980,0.03284,Yakından incele · cover,True,False,-0.04241,1.35271,-1.81276,1.27523,0.07405,1.55868
2870,531.59244,0.03265,Yakından incele · cover,True,False,-0.05982,1.30723,-1.85701,1.29201,0.06581,1.38477
2871,531.62613,0.03369,Yakından incele · cover,True,False,-0.07571,1.26572,-1.89740,1.30732,0.06005,1.26360
2872,531.65951,0.03337,Yakından incele · cover,True,False,-0.08972,1.22911,-1.93302,1.32082,0.05297,1.11486
2873,531.69308,0.03357,Yakından incele · cover,True,False,-0.10102,1.19959,-1.96175,1.33171,0.04271,0.89961
2874,531.72680,0.03372,Yakından incele · cover,True,False,-0.11015,1.17574,-1.98495,1.34051,0.03450,0.72631
2875,531.76009,0.03330,Yakından incele · cover,True,False,-0.11628,1.15972,-2.00055,1.34642,0.02319,0.48779
2876,531.79350,0.03341,Yakından incele · cover,True,False,-0.11955,1.15119,-2.00884,1.34956,0.01234,0.25944
2877,531.82702,0.03351,Yakından incele · cover,False,False,-0.12000,1.15000,-2.01000,1.35000,0.00172,0.00000
2878,531.86466,0.03764,Yakından incele · cover,False,False,-0.12000,1.15000,-2.01000,1.35000,0.00000,0.00000
2879,531.90094,0.03629,Yakından incele · cover,False,False,-0.12000,1.15000,-2.01000,1.35000,0.00000,0.00000
2880,531.95361,0.05266,Yakından incele · cover,False,False,-0.12000,1.15000,-2.01000,1.35000,0.00000,0.00000
2881,531.97773,0.02412,Yakından incele · cover,False,False,-0.12000,1.15000,-2.01000,1.35000,0.00000,0.00000
2882,532.00030,0.02257,Yakından incele · cover,False,False,-0.12000,1.15000,-2.01000,1.35000,0.00000,0.00000
2883,532.03008,0.02977,Yakından incele · cover,False,False,-0.12000,1.15000,-2.01000,1.35000,0.00000,0.00000
2884,532.06092,0.03084,Yakından incele · cover,False,False,-0.12000,1.15000,-2.01000,1.35000,0.00000,0.00000
2885,532.09328,0.03236,Yakından incele · cover,False,False,-0.12000,1.15000,-2.01000,1.35000,0.00000,0.00000
2886,532.12771,0.03443,Yakından incele · cover,False,False,-0.12000,1.15000,-2.01000,1.35000,0.00000,0.00000
2887,532.16399,0.03628,Yakından incele · cover,False,False,-0.12000,1.15000,-2.01000,1.35000,0.00000,0.00000
2888,532.19600,0.03201,Yakından incele · cover,False,False,-0.12000,1.15000,-2.01000,1.35000,0.00000,0.00000
2889,532.22610,0.03010,Yakından incele · cover,False,False,-0.12000,1.15000,-2.01000,1.35000,0.00000,0.00000
2890,532.25897,0.03287,Yakından incele · cover,False,False,-0.12000,1.15000,-2.01000,1.35000,0.00000,0.00000
2891,532.29242,0.03346,Yakından incele · cover,False,False,-0.12000,1.15000,-2.01000,1.35000,0.00000,0.00000
2892,532.32569,0.03327,Yakından incele · cover,False,False,-0.12000,1.15000,-2.01000,1.35000,0.00000,0.00000
2893,532.36471,0.03902,Yakından incele · cover,False,False,-0.12000,1.15000,-2.01000,1.35000,0.00000,0.00000
2894,532.42021,0.05550,Yakından incele · cover,False,False,-0.12000,1.15000,-2.01000,1.35000,0.00000,0.00000
2895,532.45080,0.03059,Yakından incele · cover,False,False,-0.12000,1.15000,-2.01000,1.35000,0.00000,0.00000
2896,532.47203,0.02123,Yakından incele · cover,False,False,-0.12000,1.15000,-2.01000,1.35000,0.00000,0.00000
2897,532.50515,0.03312,Yakından incele · cover,False,False,-0.12000,1.15000,-2.01000,1.35000,0.00000,0.00000
2898,532.54252,0.03737,Yakından incele · cover,False,False,-0.12000,1.15000,-2.01000,1.35000,0.00000,0.00000
2899,532.57769,0.03518,Yakından incele · cover,False,False,-0.12000,1.15000,-2.01000,1.35000,0.00000,0.00000
2900,532.61050,0.03281,Yakından incele · cover,False,False,-0.12000,1.15000,-2.01000,1.35000,0.00000,0.00000
2901,532.64522,0.03472,Yakından incele · cover,False,False,-0.12000,1.15000,-2.01000,1.35000,0.00000,0.00000
2902,532.69315,0.04793,Yakından incele · cover,False,False,-0.12000,1.15000,-2.01000,1.35000,0.00000,0.00000
2903,532.70697,0.01381,Yakından incele · cover,False,False,-0.12000,1.15000,-2.01000,1.35000,0.00000,0.00000
2904,532.73937,0.03240,Yakından incele · cover,False,False,-0.12000,1.15000,-2.01000,1.35000,0.00000,0.00000
2905,532.77301,0.03364,Yakından incele · cover,False,False,-0.12000,1.15000,-2.01000,1.35000,0.00000,0.00000
2906,532.80590,0.03289,Yakından incele · cover,False,False,-0.12000,1.15000,-2.01000,1.35000,0.00000,0.00000
2907,532.83976,0.03386,Yakından incele · cover,False,False,-0.12000,1.15000,-2.01000,1.35000,0.00000,0.00000
2908,532.87469,0.03494,Yakından incele · cover,False,False,-0.12000,1.15000,-2.01000,1.35000,0.00000,0.00000
2909,532.90959,0.03489,Yakından incele · cover,False,False,-0.12000,1.15000,-2.01000,1.35000,0.00000,0.00000
2910,532.94440,0.03482,Yakından incele · cover,False,False,-0.12000,1.15000,-2.01000,1.35000,0.00000,0.00000
2911,532.97628,0.03187,Yakından incele · cover,False,False,-0.12000,1.15000,-2.01000,1.35000,0.00000,0.00000
2912,533.00784,0.03156,Yakından incele · cover,False,False,-0.12000,1.15000,-2.01000,1.35000,0.00000,0.00000
2913,533.04010,0.03226,Yakından incele · cover,False,False,-0.12000,1.15000,-2.01000,1.35000,0.00000,0.00000
2914,533.08150,0.04140,Yakından incele · cover,False,False,-0.12000,1.15000,-2.01000,1.35000,0.00000,0.00000
2915,533.12242,0.04091,Yakından incele · cover,False,False,-0.12000,1.15000,-2.01000,1.35000,0.00000,0.00000
2916,533.15448,0.03206,Yakından incele · cover,False,False,-0.12000,1.15000,-2.01000,1.35000,0.00000,0.00000
2917,533.18097,0.02649,Yakından incele · cover,False,False,-0.12000,1.15000,-2.01000,1.35000,0.00000,0.00000
2918,533.23984,0.05887,Yakından incele · cover,False,False,-0.12000,1.15000,-2.01000,1.35000,0.00000,0.00000
2919,533.25174,0.01190,Yakından incele · cover,False,False,-0.12000,1.15000,-2.01000,1.35000,0.00000,0.00000
2920,533.27822,0.02649,Yakından incele · cover,False,False,-0.12000,1.15000,-2.01000,1.35000,0.00000,0.00000
2921,533.31002,0.03180,Yakından incele · cover,False,False,-0.12000,1.15000,-2.01000,1.35000,0.00000,0.00000
2922,533.34259,0.03257,Yakından incele · cover,False,False,-0.12000,1.15000,-2.01000,1.35000,0.00000,0.00000
2923,533.37501,0.03243,Yakından incele · cover,False,False,-0.12000,1.15000,-2.01000,1.35000,0.00000,0.00000
2924,533.40582,0.03080,Yakından incele · cover,False,False,-0.12000,1.15000,-2.01000,1.35000,0.00000,0.00000
2925,533.43883,0.03301,Yakından incele · cover,False,False,-0.12000,1.15000,-2.01000,1.35000,0.00000,0.00000
2926,533.47664,0.03781,Yakından incele · cover,False,False,-0.12000,1.15000,-2.01000,1.35000,0.00000,0.00000
2927,533.52295,0.04632,Yakından incele · cover,False,False,-0.12000,1.15000,-2.01000,1.35000,0.00000,0.00000
2928,533.54334,0.02039,Yakından incele · cover,False,False,-0.12000,1.15000,-2.01000,1.35000,0.00000,0.00000
2929,533.57717,0.03383,Yakından incele · cover,False,False,-0.12000,1.15000,-2.01000,1.35000,0.00000,0.00000
2930,533.60662,0.02945,Yakından incele · cover,False,False,-0.12000,1.15000,-2.01000,1.35000,0.00000,0.00000
2931,533.63993,0.03332,Yakından incele · cover,False,False,-0.12000,1.15000,-2.01000,1.35000,0.00000,0.00000
2932,533.67176,0.03183,Yakından incele · cover,False,False,-0.12000,1.15000,-2.01000,1.35000,0.00000,0.00000
2933,533.70918,0.03742,Yakından incele · cover,False,False,-0.12000,1.15000,-2.01000,1.35000,0.00000,0.00000
2934,533.74545,0.03627,Yakından incele · cover,False,False,-0.12000,1.15000,-2.01000,1.35000,0.00000,0.00000
2935,533.77379,0.02835,Yakından incele · cover,False,False,-0.12000,1.15000,-2.01000,1.35000,0.00000,0.00000
2936,533.80495,0.03115,Yakından incele · cover,False,False,-0.12000,1.15000,-2.01000,1.35000,0.00000,0.00000
2937,533.83822,0.03328,Yakından incele · cover,False,False,-0.12000,1.15000,-2.01000,1.35000,0.00000,0.00000
2938,533.87175,0.03352,Yakından incele · cover,False,False,-0.12000,1.15000,-2.01000,1.35000,0.00000,0.00000
2939,533.90831,0.03656,Yakından incele · cover,False,False,-0.12000,1.15000,-2.01000,1.35000,0.00000,0.00000
2940,533.93919,0.03088,Yakından incele · cover,False,False,-0.12000,1.15000,-2.01000,1.35000,0.00000,0.00000
2941,533.97301,0.03383,Yakından incele · cover,False,False,-0.12000,1.15000,-2.01000,1.35000,0.00000,0.00000
2942,534.00549,0.03247,Yakından incele · cover,False,False,-0.12000,1.15000,-2.01000,1.35000,0.00000,0.00000
2943,534.03780,0.03231,Yakından incele · cover,False,False,-0.12000,1.15000,-2.01000,1.35000,0.00000,0.00000
2944,534.07233,0.03453,Yakından incele · cover,False,False,-0.12000,1.15000,-2.01000,1.35000,0.00000,0.00000
2945,534.10636,0.03403,Yakından incele · cover,False,False,-0.12000,1.15000,-2.01000,1.35000,0.00000,0.00000
2946,534.14428,0.03792,Yakından incele · cover,False,False,-0.12000,1.15000,-2.01000,1.35000,0.00000,0.00000
2947,534.19703,0.05275,Yakından incele · cover,False,False,-0.12000,1.15000,-2.01000,1.35000,0.00000,0.00000
2948,534.21259,0.01557,Yakından incele · cover,False,False,-0.12000,1.15000,-2.01000,1.35000,0.00000,0.00000
2949,534.24253,0.02994,Yakından incele · cover,False,False,-0.12000,1.15000,-2.01000,1.35000,0.00000,0.00000
2950,534.28255,0.04002,Yakından incele · cover,False,False,-0.12000,1.15000,-2.01000,1.35000,0.00000,0.00000
2951,534.31164,0.02909,Yakından incele · cover,False,False,-0.12000,1.15000,-2.01000,1.35000,0.00000,0.00000
2952,534.33772,0.02608,Yakından incele · cover,False,False,-0.12000,1.15000,-2.01000,1.35000,0.00000,0.00000
2953,534.37345,0.03573,Yakından incele · cover,False,False,-0.12000,1.15000,-2.01000,1.35000,0.00000,0.00000
2954,534.40918,0.03573,Yakından incele · cover,False,False,-0.12000,1.15000,-2.01000,1.35000,0.00000,0.00000
2955,534.44119,0.03201,Yakından incele · cover,False,False,-0.12000,1.15000,-2.01000,1.35000,0.00000,0.00000
2956,534.47177,0.03057,Yakından incele · cover,False,False,-0.12000,1.15000,-2.01000,1.35000,0.00000,0.00000
2957,534.50371,0.03194,Yakından incele · cover,False,False,-0.12000,1.15000,-2.01000,1.35000,0.00000,0.00000
2958,534.53864,0.03493,Yakından incele · cover,False,False,-0.12000,1.15000,-2.01000,1.35000,0.00000,0.00000
2959,534.57187,0.03323,Yakından incele · cover,False,False,-0.12000,1.15000,-2.01000,1.35000,0.00000,0.00000
2960,534.60462,0.03276,Yakından incele · cover,False,False,-0.12000,1.15000,-2.01000,1.35000,0.00000,0.00000
2961,534.63813,0.03351,Yakından incele · cover,False,False,-0.12000,1.15000,-2.01000,1.35000,0.00000,0.00000
2962,534.67118,0.03305,Yakından incele · cover,False,False,-0.12000,1.15000,-2.01000,1.35000,0.00000,0.00000
2963,534.70514,0.03396,Yakından incele · cover,False,False,-0.12000,1.15000,-2.01000,1.35000,0.00000,0.00000
2964,534.73859,0.03345,Yakından incele · cover,False,False,-0.12000,1.15000,-2.01000,1.35000,0.00000,0.00000
2965,534.77144,0.03285,Yakından incele · cover,False,False,-0.12000,1.15000,-2.01000,1.35000,0.00000,0.00000
2966,534.80466,0.03322,Yakından incele · cover,False,False,-0.12000,1.15000,-2.01000,1.35000,0.00000,0.00000
2967,534.83901,0.03435,Yakından incele · cover,False,False,-0.12000,1.15000,-2.01000,1.35000,0.00000,0.00000
2968,534.87221,0.03320,Yakından incele · cover,False,False,-0.12000,1.15000,-2.01000,1.35000,0.00000,0.00000
2969,534.90429,0.03208,Yakından incele · cover,False,False,-0.12000,1.15000,-2.01000,1.35000,0.00000,0.00000
2970,534.93793,0.03364,Yakından incele · cover,False,False,-0.12000,1.15000,-2.01000,1.35000,0.00000,0.00000
2971,534.97161,0.03368,Yakından incele · cover,False,False,-0.12000,1.15000,-2.01000,1.35000,0.00000,0.00000
2972,535.00421,0.03260,Yakından incele · cover,False,False,-0.12000,1.15000,-2.01000,1.35000,0.00000,0.00000
2973,535.03781,0.03360,Yakından incele · cover,False,False,-0.12000,1.15000,-2.01000,1.35000,0.00000,0.00000
2974,535.07223,0.03442,Yakından incele · cover,False,False,-0.12000,1.15000,-2.01000,1.35000,0.00000,0.00000
2975,535.10532,0.03309,Yakından incele · cover,False,False,-0.12000,1.15000,-2.01000,1.35000,0.00000,0.00000
2976,535.13750,0.03218,Yakından incele · cover,False,False,-0.12000,1.15000,-2.01000,1.35000,0.00000,0.00000
2977,535.17102,0.03352,Yakından incele · cover,False,False,-0.12000,1.15000,-2.01000,1.35000,0.00000,0.00000
2978,535.20525,0.03423,Yakından incele · cover,False,False,-0.12000,1.15000,-2.01000,1.35000,0.00000,0.00000
2979,535.23926,0.03401,Yakından incele · cover,False,False,-0.12000,1.15000,-2.01000,1.35000,0.00000,0.00000
2980,535.27274,0.03348,Yakından incele · cover,False,False,-0.12000,1.15000,-2.01000,1.35000,0.00000,0.00000
2981,535.30641,0.03367,Yakından incele · cover,False,False,-0.12000,1.15000,-2.01000,1.35000,0.00000,0.00000
2982,535.34316,0.03675,Yakından incele · cover,False,False,-0.12000,1.15000,-2.01000,1.35000,0.00000,0.00000
2983,535.37832,0.03516,Yakından incele · cover,False,False,-0.12000,1.15000,-2.01000,1.35000,0.00000,0.00000
2984,535.40802,0.02970,Yakından incele · cover,False,False,-0.12000,1.15000,-2.01000,1.35000,0.00000,0.00000
2985,535.44177,0.03374,Yakından incele · cover,False,False,-0.12000,1.15000,-2.01000,1.35000,0.00000,0.00000
2986,535.48094,0.03918,Yakından incele · cover,False,False,-0.12000,1.15000,-2.01000,1.35000,0.00000,0.00000
2987,535.51415,0.03321,Yakından incele · cover,False,False,-0.12000,1.15000,-2.01000,1.35000,0.00000,0.00000
2988,535.54733,0.03317,Yakından incele · cover,False,False,-0.12000,1.15000,-2.01000,1.35000,0.00000,0.00000
2989,535.57760,0.03028,Yakından incele · cover,False,False,-0.12000,1.15000,-2.01000,1.35000,0.00000,0.00000
2990,535.60462,0.02702,Yakından incele · cover,False,False,-0.12000,1.15000,-2.01000,1.35000,0.00000,0.00000
2991,535.63771,0.03309,Yakından incele · cover,False,False,-0.12000,1.15000,-2.01000,1.35000,0.00000,0.00000
2992,535.67389,0.03617,Yakından incele · cover,False,False,-0.12000,1.15000,-2.01000,1.35000,0.00000,0.00000
2993,535.71794,0.04405,Yakından incele · cover,False,False,-0.12000,1.15000,-2.01000,1.35000,0.00000,0.00000
2994,535.74903,0.03109,Yakından incele · cover,False,False,-0.12000,1.15000,-2.01000,1.35000,0.00000,0.00000
2995,535.78241,0.03338,Yakından incele · cover,False,False,-0.12000,1.15000,-2.01000,1.35000,0.00000,0.00000
2996,535.81526,0.03284,Yakından incele · cover,False,False,-0.12000,1.15000,-2.01000,1.35000,0.00000,0.00000
2997,535.84902,0.03376,Yakından incele · cover,False,False,-0.12000,1.15000,-2.01000,1.35000,0.00000,0.00000
2998,535.88299,0.03397,Yakından incele · cover,False,False,-0.12000,1.15000,-2.01000,1.35000,0.00000,0.00000
2999,535.91665,0.03366,Yakından incele · cover,False,False,-0.12000,1.15000,-2.01000,1.35000,0.00000,0.00000
3000,535.94942,0.03277,Yakından incele · cover,False,False,-0.12000,1.15000,-2.01000,1.35000,0.00000,0.00000
3001,535.98291,0.03349,Yakından incele · cover,False,False,-0.12000,1.15000,-2.01000,1.35000,0.00000,0.00000
3002,536.01596,0.03306,Yakından incele · cover,False,False,-0.12000,1.15000,-2.01000,1.35000,0.00000,0.00000
3003,536.04903,0.03307,Yakından incele · cover,False,False,-0.12000,1.15000,-2.01000,1.35000,0.00000,0.00000
3004,536.08240,0.03336,Yakından incele · cover,False,False,-0.12000,1.15000,-2.01000,1.35000,0.00000,0.00000
3005,536.11545,0.03306,Yakından incele · cover,False,False,-0.12000,1.15000,-2.01000,1.35000,0.00000,0.00000
3006,536.14871,0.03326,Yakından incele · cover,False,False,-0.12000,1.15000,-2.01000,1.35000,0.00000,0.00000
3007,536.18200,0.03329,Yakından incele · cover,False,False,-0.12000,1.15000,-2.01000,1.35000,0.00000,0.00000
3008,536.21647,0.03447,Yakından incele · cover,False,False,-0.12000,1.15000,-2.01000,1.35000,0.00000,0.00000
3009,536.24999,0.03353,Yakından incele · cover,False,False,-0.12000,1.15000,-2.01000,1.35000,0.00000,0.00000
3010,536.28429,0.03429,Yakından incele · cover,False,False,-0.12000,1.15000,-2.01000,1.35000,0.00000,0.00000
3011,536.31852,0.03423,Yakından incele · cover,False,False,-0.12000,1.15000,-2.01000,1.35000,0.00000,0.00000
3012,536.35000,0.03148,Yakından incele · cover,False,False,-0.12000,1.15000,-2.01000,1.35000,0.00000,0.00000
3013,536.38216,0.03217,Yakından incele · cover,False,False,-0.12000,1.15000,-2.01000,1.35000,0.00000,0.00000
3014,536.41643,0.03426,Yakından incele · cover,False,False,-0.12000,1.15000,-2.01000,1.35000,0.00000,0.00000
3015,536.44898,0.03256,Yakından incele · cover,False,False,-0.12000,1.15000,-2.01000,1.35000,0.00000,0.00000
3016,536.48162,0.03264,Yakından incele · cover,False,False,-0.12000,1.15000,-2.01000,1.35000,0.00000,0.00000
3017,536.51492,0.03330,Yakından incele · cover,False,False,-0.12000,1.15000,-2.01000,1.35000,0.00000,0.00000
3018,536.54902,0.03410,Yakından incele · cover,False,False,-0.12000,1.15000,-2.01000,1.35000,0.00000,0.00000
3019,536.58255,0.03353,Yakından incele · cover,False,False,-0.12000,1.15000,-2.01000,1.35000,0.00000,0.00000
3020,536.61673,0.03418,Yakından incele · cover,False,False,-0.12000,1.15000,-2.01000,1.35000,0.00000,0.00000
3021,536.65000,0.03327,Yakından incele · cover,False,False,-0.12000,1.15000,-2.01000,1.35000,0.00000,0.00000
3022,536.68227,0.03228,Yakından incele · cover,False,False,-0.12000,1.15000,-2.01000,1.35000,0.00000,0.00000
3023,536.71506,0.03279,Yakından incele · cover,False,False,-0.12000,1.15000,-2.01000,1.35000,0.00000,0.00000
3024,536.74840,0.03334,Yakından incele · cover,False,False,-0.12000,1.15000,-2.01000,1.35000,0.00000,0.00000
3025,536.78199,0.03359,Yakından incele · cover,False,False,-0.12000,1.15000,-2.01000,1.35000,0.00000,0.00000
3026,536.81518,0.03319,Yakından incele · cover,False,False,-0.12000,1.15000,-2.01000,1.35000,0.00000,0.00000
3027,536.84880,0.03361,Yakından incele · cover,False,False,-0.12000,1.15000,-2.01000,1.35000,0.00000,0.00000
3028,536.88231,0.03352,Yakından incele · cover,False,False,-0.12000,1.15000,-2.01000,1.35000,0.00000,0.00000
3029,536.91537,0.03306,Yakından incele · cover,False,False,-0.12000,1.15000,-2.01000,1.35000,0.00000,0.00000
3030,536.94948,0.03410,Yakından incele · cover,False,False,-0.12000,1.15000,-2.01000,1.35000,0.00000,0.00000
3031,536.98251,0.03304,Yakından incele · cover,False,False,-0.12000,1.15000,-2.01000,1.35000,0.00000,0.00000
3032,537.01479,0.03227,Yakından incele · cover,False,False,-0.12000,1.15000,-2.01000,1.35000,0.00000,0.00000
3033,537.04921,0.03443,Yakından incele · cover,False,False,-0.12000,1.15000,-2.01000,1.35000,0.00000,0.00000
3034,537.11969,0.07048,Ada ile odada gezin,True,False,-0.12995,1.16030,-2.02014,1.35529,0.01755,0.00000
3035,537.15450,0.03481,Ada ile odada gezin,True,False,-0.21400,1.24809,-2.11589,1.40010,0.15472,0.43341
3036,537.17309,0.01859,Ada ile odada gezin,True,False,-0.24618,1.28164,-2.15403,1.41728,0.06013,0.16786
3037,537.18902,0.01594,Ada ile odada gezin,True,False,-0.28145,1.31839,-2.19630,1.43613,0.06620,0.18557
3038,537.21475,0.02572,Ada ile odada gezin,True,False,-0.33966,1.37901,-2.26683,1.46733,0.10971,0.30132
3039,537.24861,0.03386,Ada ile odada gezin,True,False,-0.43121,1.47427,-2.37894,1.51657,0.17328,0.47642
3040,537.28206,0.03345,Ada ile odada gezin,True,False,-0.53098,1.57786,-2.50186,1.57032,0.18919,0.52189
3041,537.31540,0.03335,Ada ile odada gezin,True,False,-0.64497,1.69588,-2.64259,1.63174,0.21617,0.59610
3042,537.34821,0.03281,Ada ile odada gezin,True,False,-0.76547,1.82020,-2.79113,1.69659,0.22812,0.62807
3043,537.38168,0.03347,Ada ile odada gezin,True,False,-0.89503,1.95351,-2.95057,1.76625,0.24491,0.67608
3044,537.41562,0.03394,Ada ile odada gezin,True,False,-1.03454,2.09678,-3.12194,1.84119,0.26336,0.72846
3045,537.44891,0.03329,Ada ile odada gezin,True,False,-1.17907,2.24500,-3.29922,1.91878,0.27255,0.75485
3046,537.48295,0.03404,Ada ile odada gezin,True,False,-1.32744,2.39705,-3.48099,1.99840,0.27960,0.77430
3047,537.51590,0.03295,Ada ile odada gezin,True,False,-1.48321,2.55659,-3.67163,2.08195,0.29336,0.81180
3048,537.54775,0.03185,Ada ile odada gezin,True,False,-1.63177,2.70871,-3.85331,2.16163,0.27967,0.77531
3049,537.58191,0.03416,Ada ile odada gezin,True,False,-1.78725,2.86793,-4.04336,2.24500,0.29265,0.81180
3050,537.61552,0.03361,Ada ile odada gezin,True,False,-1.94408,3.02854,-4.23496,2.32910,0.29513,0.81757
3051,537.67866,0.06315,Yakından incele · sibling,True,False,-1.93621,3.02245,-4.23089,2.32550,0.01075,0.00000
3052,537.71054,0.03187,Yakından incele · sibling,True,False,-1.88101,2.97978,-4.20235,2.30032,0.07538,0.49099
3053,537.72695,0.01642,Yakından incele · sibling,True,False,-1.85993,2.96348,-4.19144,2.29070,0.02879,0.18557
3054,537.74683,0.01987,Yakından incele · sibling,True,False,-1.82822,2.93898,-4.17505,2.27623,0.04330,0.28255
3055,537.78024,0.03342,Yakından incele · sibling,True,False,-1.76744,2.89199,-4.14362,2.24850,0.08301,0.54248
3056,537.81499,0.03474,Yakından incele · sibling,True,False,-1.69407,2.83527,-4.10567,2.21503,0.10020,0.65611
3057,537.85346,0.03847,Yakından incele · sibling,True,False,-1.60924,2.76970,-4.06180,2.17632,0.11585,0.75898
3058,537.88494,0.03148,Yakından incele · sibling,True,False,-1.50573,2.68968,-4.00827,2.12910,0.14136,0.92703
3059,537.91261,0.02768,Yakından incele · sibling,True,False,-1.42397,2.62648,-3.96599,2.09179,0.11166,0.73168
3060,537.94930,0.03668,Yakından incele · sibling,True,False,-1.31652,2.54343,-3.91043,2.04277,0.14673,0.96347
3061,537.98223,0.03293,Yakından incele · sibling,True,False,-1.19461,2.44918,-3.84738,1.98715,0.16649,1.09574
3062,538.01247,0.03024,Yakından incele · sibling,True,False,-1.08973,2.36811,-3.79314,1.93930,0.14323,0.94294
3063,538.04633,0.03386,Yakından incele · sibling,True,False,-0.96731,2.27348,-3.72984,1.88344,0.16718,1.10144
3064,538.07996,0.03364,Yakından incele · sibling,True,False,-0.84385,2.17804,-3.66599,1.82711,0.16861,1.11205
3065,538.11304,0.03308,Yakından incele · sibling,True,False,-0.71694,2.07994,-3.60036,1.76921,0.17331,1.14260
3066,538.14614,0.03310,Yakından incele · sibling,True,False,-0.59384,1.98479,-3.53670,1.71305,0.16811,1.10923
3067,538.17955,0.03341,Yakından incele · sibling,True,False,-0.46582,1.88582,-3.47050,1.65464,0.17483,1.15350
3068,538.21256,0.03301,Yakından incele · sibling,True,False,-0.34329,1.79110,-3.40713,1.59873,0.16734,1.10357
3069,538.24623,0.03367,Yakından incele · sibling,True,False,-0.21990,1.69572,-3.34332,1.54243,0.16851,1.10993
3070,538.28007,0.03384,Yakından incele · sibling,True,False,-0.10009,1.60310,-3.28136,1.48777,0.16362,1.07773
3071,538.31285,0.03278,Yakından incele · sibling,True,False,0.01576,1.51355,-3.22145,1.43492,0.15820,1.04079
3072,538.34539,0.03254,Yakından incele · sibling,True,False,0.12218,1.43129,-3.16642,1.38636,0.14534,0.95531
3073,538.38033,0.03494,Yakından incele · sibling,True,False,0.22627,1.35082,-3.11259,1.33887,0.14215,0.93376
3074,538.41386,0.03354,Yakından incele · sibling,True,False,0.32590,1.27381,-3.06107,1.29341,0.13606,0.89262
3075,538.44755,0.03369,Yakından incele · sibling,True,False,0.41033,1.20855,-3.01741,1.25489,0.11529,0.75485
3076,538.48206,0.03451,Yakından incele · sibling,True,False,0.49259,1.14496,-2.97487,1.21736,0.11234,0.73488
3077,538.51511,0.03305,Yakından incele · sibling,True,False,0.55796,1.09443,-2.94106,1.18754,0.08927,0.58282
3078,538.54794,0.03283,Yakından incele · sibling,True,False,0.61530,1.05010,-2.91141,1.16137,0.07831,0.50976
3079,538.58005,0.03211,Yakından incele · sibling,True,False,0.65728,1.01765,-2.88970,1.14222,0.05733,0.37115
3080,538.61413,0.03408,Yakından incele · sibling,True,False,0.68788,0.99399,-2.87387,1.12826,0.04179,0.27124
3081,538.64745,0.03332,Yakından incele · sibling,True,False,0.70387,0.98164,-2.86561,1.12097,0.02183,0.00000
3082,538.68086,0.03342,Yakından incele · sibling,False,False,0.70598,0.98000,-2.86451,1.12000,0.00289,0.00000
3083,538.71711,0.03625,Yakından incele · sibling,False,False,0.70598,0.98000,-2.86451,1.12000,0.00000,0.00000
3084,538.74751,0.03040,Yakından incele · sibling,False,False,0.70598,0.98000,-2.86451,1.12000,0.00000,0.00000
3085,538.77960,0.03209,Yakından incele · sibling,False,False,0.70598,0.98000,-2.86451,1.12000,0.00000,0.00000
3086,538.81346,0.03386,Yakından incele · sibling,False,False,0.70598,0.98000,-2.86451,1.12000,0.00000,0.00000
3087,538.84776,0.03430,Yakından incele · sibling,False,False,0.70598,0.98000,-2.86451,1.12000,0.00000,0.00000
3088,538.88047,0.03271,Yakından incele · sibling,False,False,0.70598,0.98000,-2.86451,1.12000,0.00000,0.00000
3089,538.91314,0.03267,Yakından incele · sibling,False,False,0.70598,0.98000,-2.86451,1.12000,0.00000,0.00000
3090,538.94683,0.03369,Yakından incele · sibling,False,False,0.70598,0.98000,-2.86451,1.12000,0.00000,0.00000
3091,538.98081,0.03398,Yakından incele · sibling,False,False,0.70598,0.98000,-2.86451,1.12000,0.00000,0.00000
3092,539.02346,0.04266,Yakından incele · sibling,False,False,0.70598,0.98000,-2.86451,1.12000,0.00000,0.00000
3093,539.05655,0.03308,Yakından incele · sibling,False,False,0.70598,0.98000,-2.86451,1.12000,0.00000,0.00000
3094,539.09003,0.03348,Yakından incele · sibling,False,False,0.70598,0.98000,-2.86451,1.12000,0.00000,0.00000
3095,539.12372,0.03369,Yakından incele · sibling,False,False,0.70598,0.98000,-2.86451,1.12000,0.00000,0.00000
3096,539.15622,0.03250,Yakından incele · sibling,False,False,0.70598,0.98000,-2.86451,1.12000,0.00000,0.00000
3097,539.18919,0.03297,Yakından incele · sibling,False,False,0.70598,0.98000,-2.86451,1.12000,0.00000,0.00000
3098,539.22327,0.03408,Yakından incele · sibling,False,False,0.70598,0.98000,-2.86451,1.12000,0.00000,0.00000
3099,539.25715,0.03388,Yakından incele · sibling,False,False,0.70598,0.98000,-2.86451,1.12000,0.00000,0.00000
3100,539.29048,0.03334,Yakından incele · sibling,False,False,0.70598,0.98000,-2.86451,1.12000,0.00000,0.00000
3101,539.32367,0.03319,Yakından incele · sibling,False,False,0.70598,0.98000,-2.86451,1.12000,0.00000,0.00000
3102,539.35660,0.03292,Yakından incele · sibling,False,False,0.70598,0.98000,-2.86451,1.12000,0.00000,0.00000
3103,539.40500,0.04840,Yakından incele · sibling,False,False,0.70598,0.98000,-2.86451,1.12000,0.00000,0.00000
3104,539.42334,0.01834,Yakından incele · sibling,False,False,0.70598,0.98000,-2.86451,1.12000,0.00000,0.00000
3105,539.45515,0.03181,Yakından incele · sibling,False,False,0.70598,0.98000,-2.86451,1.12000,0.00000,0.00000
3106,539.48899,0.03384,Yakından incele · sibling,False,False,0.70598,0.98000,-2.86451,1.12000,0.00000,0.00000
3107,539.52266,0.03367,Yakından incele · sibling,False,False,0.70598,0.98000,-2.86451,1.12000,0.00000,0.00000
3108,539.55495,0.03229,Yakından incele · sibling,False,False,0.70598,0.98000,-2.86451,1.12000,0.00000,0.00000
3109,539.58834,0.03339,Yakından incele · sibling,False,False,0.70598,0.98000,-2.86451,1.12000,0.00000,0.00000
3110,539.62191,0.03357,Yakından incele · sibling,False,False,0.70598,0.98000,-2.86451,1.12000,0.00000,0.00000
3111,539.65521,0.03330,Yakından incele · sibling,False,False,0.70598,0.98000,-2.86451,1.12000,0.00000,0.00000
3112,539.68857,0.03336,Yakından incele · sibling,False,False,0.70598,0.98000,-2.86451,1.12000,0.00000,0.00000
3113,539.72226,0.03369,Yakından incele · sibling,False,False,0.70598,0.98000,-2.86451,1.12000,0.00000,0.00000
3114,539.75610,0.03384,Yakından incele · sibling,False,False,0.70598,0.98000,-2.86451,1.12000,0.00000,0.00000
3115,539.79008,0.03398,Yakından incele · sibling,False,False,0.70598,0.98000,-2.86451,1.12000,0.00000,0.00000
3116,539.82279,0.03271,Yakından incele · sibling,False,False,0.70598,0.98000,-2.86451,1.12000,0.00000,0.00000
3117,539.85580,0.03301,Yakından incele · sibling,False,False,0.70598,0.98000,-2.86451,1.12000,0.00000,0.00000
3118,539.88879,0.03299,Yakından incele · sibling,False,False,0.70598,0.98000,-2.86451,1.12000,0.00000,0.00000
3119,539.92164,0.03285,Yakından incele · sibling,False,False,0.70598,0.98000,-2.86451,1.12000,0.00000,0.00000
3120,539.95701,0.03536,Yakından incele · sibling,False,False,0.70598,0.98000,-2.86451,1.12000,0.00000,0.00000
3121,539.99172,0.03471,Yakından incele · sibling,False,False,0.70598,0.98000,-2.86451,1.12000,0.00000,0.00000
3122,540.02600,0.03428,Yakından incele · sibling,False,False,0.70598,0.98000,-2.86451,1.12000,0.00000,0.00000
3123,540.05940,0.03339,Yakından incele · sibling,False,False,0.70598,0.98000,-2.86451,1.12000,0.00000,0.00000
3124,540.09350,0.03411,Yakından incele · sibling,False,False,0.70598,0.98000,-2.86451,1.12000,0.00000,0.00000
3125,540.12809,0.03458,Yakından incele · sibling,False,False,0.70598,0.98000,-2.86451,1.12000,0.00000,0.00000
3126,540.15912,0.03103,Yakından incele · sibling,False,False,0.70598,0.98000,-2.86451,1.12000,0.00000,0.00000
3127,540.18994,0.03083,Yakından incele · sibling,False,False,0.70598,0.98000,-2.86451,1.12000,0.00000,0.00000
3128,540.22250,0.03256,Yakından incele · sibling,False,False,0.70598,0.98000,-2.86451,1.12000,0.00000,0.00000
3129,540.25545,0.03295,Yakından incele · sibling,False,False,0.70598,0.98000,-2.86451,1.12000,0.00000,0.00000
3130,540.28890,0.03345,Yakından incele · sibling,False,False,0.70598,0.98000,-2.86451,1.12000,0.00000,0.00000
3131,540.32256,0.03366,Yakından incele · sibling,False,False,0.70598,0.98000,-2.86451,1.12000,0.00000,0.00000
3132,540.35587,0.03331,Yakından incele · sibling,False,False,0.70598,0.98000,-2.86451,1.12000,0.00000,0.00000
3133,540.38874,0.03287,Yakından incele · sibling,False,False,0.70598,0.98000,-2.86451,1.12000,0.00000,0.00000
3134,540.42137,0.03263,Yakından incele · sibling,False,False,0.70598,0.98000,-2.86451,1.12000,0.00000,0.00000
3135,540.45567,0.03430,Yakından incele · sibling,False,False,0.70598,0.98000,-2.86451,1.12000,0.00000,0.00000
3136,540.51119,0.05552,Ada ile odada gezin,True,False,0.69318,0.99103,-2.87430,1.12620,0.01953,0.00000
3137,540.54409,0.03290,Ada ile odada gezin,True,False,0.62314,1.05138,-2.92785,1.16013,0.10685,0.52786
3138,540.55471,0.01063,Ada ile odada gezin,True,False,0.60086,1.07057,-2.94488,1.17092,0.03397,0.16313
3139,540.58748,0.03277,Ada ile odada gezin,True,False,0.52562,1.13540,-3.00241,1.20736,0.11478,0.56924
3140,540.62107,0.03358,Ada ile odada gezin,True,False,0.42941,1.21831,-3.07597,1.25397,0.14677,0.72954
3141,540.65526,0.03419,Ada ile odada gezin,True,False,0.31822,1.31411,-3.16099,1.30782,0.16961,0.84487
3142,540.68904,0.03378,Ada ile odada gezin,True,False,0.18667,1.42745,-3.26156,1.37154,0.20067,1.00092
3143,540.72168,0.03265,Ada ile odada gezin,True,False,0.04819,1.54677,-3.36744,1.43862,0.21124,1.05498
3144,540.75498,0.03330,Ada ile odada gezin,True,False,-0.10543,1.67914,-3.48490,1.51303,0.23435,1.17302
3145,540.78776,0.03278,Ada ile odada gezin,True,False,-0.26888,1.81997,-3.60986,1.59220,0.24933,1.24990
3146,540.82122,0.03345,Ada ile odada gezin,True,False,-0.44047,1.96782,-3.74106,1.67532,0.26176,1.31460
3147,540.85490,0.03368,Ada ile odada gezin,True,False,-0.62191,2.12415,-3.87978,1.76320,0.27676,1.39210
3148,540.88839,0.03350,Ada ile odada gezin,True,False,-0.80899,2.28535,-4.02282,1.85382,0.28538,1.43692
3149,540.92178,0.03338,Ada ile odada gezin,True,False,-1.00019,2.45009,-4.16900,1.94643,0.29166,1.47031
3150,540.95452,0.03275,Ada ile odada gezin,True,False,-1.19311,2.61631,-4.31650,2.03987,0.29429,1.48408
3151,540.98830,0.03377,Ada ile odada gezin,True,False,-1.38554,2.78212,-4.46363,2.13308,0.29355,1.48039
3152,541.02180,0.03350,Ada ile odada gezin,True,False,-1.58388,2.95302,-4.61528,2.22915,0.30256,1.52569
3153,541.05440,0.03260,Ada ile odada gezin,True,False,-1.77233,3.11539,-4.75936,2.32044,0.28747,1.44886
3154,541.08810,0.03370,Ada ile odada gezin,True,False,-1.96168,3.27854,-4.90413,2.41215,0.28884,1.45532
3155,541.12200,0.03389,Ada ile odada gezin,True,False,-2.14666,3.43793,-5.04557,2.50175,0.28219,1.41994
3156,541.15553,0.03353,Ada ile odada gezin,True,False,-2.32473,3.59135,-5.18171,2.58800,0.27162,1.36485
3157,541.18806,0.03253,Ada ile odada gezin,True,False,-2.49218,3.73564,-5.30974,2.66911,0.25544,1.28144
3158,541.22181,0.03375,Ada ile odada gezin,True,False,-2.64994,3.87156,-5.43036,2.74553,0.24065,1.20527
3159,541.25533,0.03353,Ada ile odada gezin,True,False,-2.79835,3.99944,-5.54383,2.81741,0.22640,1.13227
3160,541.28830,0.03297,Ada ile odada gezin,True,False,-2.93258,4.11510,-5.64646,2.88243,0.20476,1.02181
3161,541.32255,0.03425,Ada ile odada gezin,True,False,-3.05157,4.21762,-5.73744,2.94007,0.18150,0.90395
3162,541.35650,0.03395,Ada ile odada gezin,True,False,-3.15892,4.31012,-5.81951,2.99206,0.16375,0.81469
3163,541.38941,0.03291,Ada ile odada gezin,True,False,-3.24297,4.38254,-5.88378,3.03278,0.12822,0.63673
3164,541.42220,0.03279,Ada ile odada gezin,True,False,-3.31008,4.44036,-5.93509,3.06528,0.10237,0.50668
3165,541.45585,0.03366,Ada ile odada gezin,True,False,-3.35496,4.47903,-5.96940,3.08702,0.06845,0.33804
3166,541.48901,0.03315,Ada ile odada gezin,True,False,-3.37907,4.49981,-5.98784,3.09870,0.03678,0.17694
3167,541.52242,0.03341,Ada ile odada gezin,False,False,-3.38175,4.50212,-5.98989,3.10000,0.00409,0.00000
3168,541.55775,0.03533,Ada ile odada gezin,False,False,-3.38175,4.50212,-5.98989,3.10000,0.00000,0.00000
3169,541.58871,0.03097,Ada ile odada gezin,False,False,-3.38175,4.50212,-5.98989,3.10000,0.00000,0.00000
3170,541.62221,0.03349,Ada ile odada gezin,False,False,-3.38175,4.50212,-5.98989,3.10000,0.00000,0.00000
3171,541.65600,0.03379,Ada ile odada gezin,False,False,-3.38175,4.50212,-5.98989,3.10000,0.00000,0.00000
3172,541.68960,0.03360,Ada ile odada gezin,False,False,-3.38175,4.50212,-5.98989,3.10000,0.00000,0.00000
3173,541.72227,0.03267,Ada ile odada gezin,False,False,-3.38175,4.50212,-5.98989,3.10000,0.00000,0.00000
3174,541.75455,0.03228,Ada ile odada gezin,False,False,-3.38175,4.50212,-5.98989,3.10000,0.00000,0.00000
3175,541.78812,0.03357,Ada ile odada gezin,False,False,-3.38175,4.50212,-5.98989,3.10000,0.00000,0.00000
3176,541.82191,0.03380,Ada ile odada gezin,False,False,-3.38175,4.50212,-5.98989,3.10000,0.00000,0.00000
3177,541.85524,0.03332,Ada ile odada gezin,False,False,-3.38175,4.50212,-5.98989,3.10000,0.00000,0.00000
3178,541.90265,0.04741,Ada ile odada gezin,False,False,-3.38175,4.50212,-5.98989,3.10000,0.00000,0.00000
3179,541.93904,0.03639,Ada ile odada gezin,False,False,-3.38175,4.50212,-5.98989,3.10000,0.00000,0.00000
3180,541.95504,0.01600,Ada ile odada gezin,False,False,-3.38285,4.50233,-5.99040,3.10000,0.00123,0.00000
3181,541.98834,0.03330,Ada ile odada gezin,False,False,-3.38960,4.50349,-5.99370,3.10000,0.00761,0.00000
3182,542.02239,0.03405,Ada ile odada gezin,False,False,-3.40219,4.50546,-6.00006,3.10000,0.01424,0.00000
3183,542.05578,0.03339,Ada ile odada gezin,False,False,-3.42092,4.50813,-6.00975,3.10000,0.02125,0.00000
3184,542.08932,0.03354,Ada ile odada gezin,False,False,-3.44628,4.51143,-6.02308,3.10000,0.02884,0.00000
3185,542.12325,0.03393,Ada ile odada gezin,False,False,-3.47866,4.51531,-6.04035,3.10000,0.03691,0.00000
3186,542.15613,0.03288,Ada ile odada gezin,False,False,-3.51729,4.51944,-6.06116,3.10000,0.04407,0.00000
3187,542.18871,0.03258,Ada ile odada gezin,False,False,-3.55718,4.52309,-6.08287,3.10000,0.04556,0.00000
3188,542.22199,0.03328,Ada ile odada gezin,False,False,-3.60176,4.52659,-6.10731,3.10000,0.05096,0.00000
3189,542.25620,0.03421,Ada ile odada gezin,False,False,-3.64691,4.52954,-6.13224,3.10000,0.05166,0.00000
3190,542.28961,0.03340,Ada ile odada gezin,False,False,-3.69524,4.53217,-6.15908,3.10000,0.05534,0.00000
3191,542.33120,0.04160,Ada ile odada gezin,False,False,-3.75593,4.53499,-6.19292,3.10000,0.06955,0.00000
3192,542.36533,0.03412,Ada ile odada gezin,False,False,-3.80411,4.53647,-6.21999,3.10000,0.05527,0.00000
3193,542.39812,0.03279,Ada ile odada gezin,False,False,-3.85284,4.53772,-6.24744,3.10000,0.05595,0.00000
3194,542.43080,0.03269,Ada ile odada gezin,False,False,-3.89910,4.53865,-6.27356,3.10000,0.05314,0.00000
3195,542.46435,0.03355,Ada ile odada gezin,False,False,-3.94861,4.53955,-6.30155,3.10000,0.05688,0.00000
3196,542.49801,0.03366,Ada ile odada gezin,False,False,-3.99686,4.54022,-6.32888,3.10000,0.05546,0.00000
3197,542.53209,0.03408,Ada ile odada gezin,False,False,-4.04688,4.54082,-6.35724,3.10000,0.05749,0.00000
3198,542.56561,0.03352,Ada ile odada gezin,False,False,-4.09608,4.54127,-6.38517,3.10000,0.05658,0.00000
3199,542.59880,0.03320,Ada ile odada gezin,False,False,-4.14547,4.54163,-6.41323,3.10000,0.05681,0.00000
3200,542.63226,0.03346,Ada ile odada gezin,False,False,-4.19352,4.54189,-6.44056,3.10000,0.05527,0.00000
3201,542.66516,0.03289,Ada ile odada gezin,False,False,-4.24420,4.54217,-6.46938,3.10000,0.05830,0.00000
3202,542.69722,0.03206,Ada ile odada gezin,False,False,-4.29066,4.54228,-6.49585,3.10000,0.05347,0.00000
3203,542.73226,0.03504,Ada ile odada gezin,False,False,-4.34082,4.54247,-6.52440,3.10000,0.05772,0.00000
3204,542.76641,0.03415,Ada ile odada gezin,False,False,-4.39252,4.54265,-6.55382,3.10000,0.05948,0.00000
3205,542.79839,0.03198,Ada ile odada gezin,False,False,-4.43992,4.54267,-6.58084,3.10000,0.05456,0.00000
3206,542.83207,0.03369,Ada ile odada gezin,False,False,-4.48827,4.54273,-6.60839,3.10000,0.05565,0.00000
3207,542.86535,0.03328,Ada ile odada gezin,False,False,-4.53922,4.54284,-6.63741,3.10000,0.05863,0.00000
3208,542.89879,0.03344,Ada ile odada gezin,False,False,-4.58617,4.54283,-6.66419,3.10000,0.05405,0.00000
3209,542.93216,0.03337,Ada ile odada gezin,False,False,-4.63831,4.54295,-6.69388,3.10000,0.06000,0.00000
3210,542.96492,0.03276,Ada ile odada gezin,False,False,-4.68429,4.54288,-6.72012,3.10000,0.05294,0.00000
3211,542.99907,0.03415,Ada ile odada gezin,False,False,-4.73597,4.54298,-6.74956,3.10000,0.05948,0.00000
3212,543.03159,0.03252,Ada ile odada gezin,False,False,-4.78394,4.54296,-6.77692,3.10000,0.05522,0.00000
3213,543.06443,0.03284,Ada ile odada gezin,False,False,-4.83293,4.54297,-6.80484,3.10000,0.05639,0.00000
3214,543.09861,0.03418,Ada ile odada gezin,False,False,-4.88169,4.54298,-6.83264,3.10000,0.05613,0.00000
3215,543.13266,0.03405,Ada ile odada gezin,False,False,-4.93340,4.54305,-6.86211,3.10000,0.05952,0.00000
3216,543.16467,0.03201,Ada ile odada gezin,False,False,-4.98104,4.54300,-6.88928,3.10000,0.05484,0.00000
3217,543.19824,0.03357,Ada ile odada gezin,False,False,-5.02919,4.54299,-6.91674,3.10000,0.05543,0.00000
3218,543.23198,0.03374,Ada ile odada gezin,False,False,-5.08002,4.54304,-6.94571,3.10000,0.05851,0.00000
3219,543.26452,0.03255,Ada ile odada gezin,False,False,-5.12825,4.54302,-6.97321,3.10000,0.05552,0.00000
3220,543.29839,0.03386,Ada ile odada gezin,False,False,-5.17759,4.54303,-7.00134,3.10000,0.05679,0.00000
3221,543.33193,0.03355,Ada ile odada gezin,False,False,-5.22731,4.54304,-7.02969,3.10000,0.05723,0.00000
3222,543.36590,0.03397,Ada ile odada gezin,False,False,-5.27699,4.54305,-7.05801,3.10000,0.05718,0.00000
3223,543.39970,0.03380,Ada ile odada gezin,False,False,-5.32629,4.54304,-7.08612,3.10000,0.05675,0.00000
3224,543.43238,0.03268,Ada ile odada gezin,False,False,-5.37687,4.54304,-7.11473,3.10000,0.05811,0.00000
3225,543.46437,0.03199,Ada ile odada gezin,False,False,-5.42302,4.54294,-7.14073,3.10000,0.05297,0.00000
3226,543.49750,0.03313,Ada ile odada gezin,False,False,-5.47346,4.54298,-7.16926,3.10000,0.05795,0.00000
3227,543.53088,0.03338,Ada ile odada gezin,False,False,-5.52111,4.54293,-7.19611,3.10000,0.05470,0.00000
3228,543.56492,0.03404,Ada ile odada gezin,False,False,-5.57267,4.54298,-7.22505,3.10000,0.05912,0.00000
3229,543.59781,0.03289,Ada ile odada gezin,False,False,-5.62093,4.54292,-7.25212,3.10000,0.05533,0.00000
3230,543.63134,0.03353,Ada ile odada gezin,False,False,-5.67073,4.54292,-7.28003,3.10000,0.05709,0.00000
3231,543.66474,0.03340,Ada ile odada gezin,False,False,-5.72006,4.54290,-7.30768,3.10000,0.05655,0.00000
3232,543.69760,0.03286,Ada ile odada gezin,False,False,-5.76957,4.54289,-7.33543,3.10000,0.05676,0.00000
3233,543.73102,0.03341,Ada ile odada gezin,False,False,-5.81778,4.54288,-7.36270,3.10000,0.05539,0.00000
3234,543.76507,0.03406,Ada ile odada gezin,False,False,-5.86844,4.54292,-7.39127,3.10000,0.05816,0.00000
3235,543.79829,0.03322,Ada ile odada gezin,False,False,-5.91790,4.54291,-7.41916,3.10000,0.05678,0.00000
3236,543.83147,0.03318,Ada ile odada gezin,False,False,-5.96717,4.54290,-7.44693,3.10000,0.05656,0.00000
3237,543.86606,0.03459,Ada ile odada gezin,False,False,-6.01538,4.54290,-7.47432,3.10000,0.05545,0.00000
3238,543.89921,0.03315,Ada ile odada gezin,False,False,-6.06783,4.54298,-7.50404,3.10000,0.06029,0.00000
3239,543.93183,0.03262,Ada ile odada gezin,False,False,-6.11350,4.54288,-7.52994,3.10000,0.05250,0.00000
3240,543.96532,0.03349,Ada ile odada gezin,False,False,-6.16562,4.54297,-7.55944,3.10000,0.05989,0.00000
3241,544.00024,0.03492,Ada ile odada gezin,False,False,-6.21192,4.54289,-7.58570,3.10000,0.05323,0.00000
3242,544.03728,0.03704,Ada ile odada gezin,False,False,-6.26689,4.54304,-7.61687,3.10000,0.06319,0.00000
3243,544.06729,0.03001,Ada ile odada gezin,False,False,-6.31622,4.54301,-7.64515,3.10000,0.05686,0.00000
3244,544.09842,0.03113,Ada ile odada gezin,False,False,-6.35914,4.54288,-7.66995,3.10000,0.04956,0.00000
3245,544.13234,0.03392,Ada ile odada gezin,False,False,-6.41158,4.54302,-7.70009,3.10000,0.06049,0.00000
3246,544.16391,0.03156,Ada ile odada gezin,False,False,-6.45752,4.54296,-7.72651,3.10000,0.05299,0.00000
3247,544.19714,0.03323,Ada ile odada gezin,False,False,-6.50683,4.54300,-7.75484,3.10000,0.05687,0.00000
3248,544.23145,0.03431,Ada ile odada gezin,False,False,-6.55550,4.54302,-7.78289,3.10000,0.05617,0.00000
3249,544.26520,0.03375,Ada ile odada gezin,False,False,-6.60690,4.54310,-7.81265,3.10000,0.05939,0.00000
3250,544.29795,0.03275,Ada ile odada gezin,False,False,-6.65365,4.54308,-7.84018,3.10000,0.05426,0.00000
3251,544.33186,0.03390,Ada ile odada gezin,False,False,-6.70376,4.54320,-7.87018,3.10000,0.05840,0.00000
3252,544.36489,0.03304,Ada ile odada gezin,False,False,-6.74807,4.54293,-7.89897,3.10000,0.05285,0.00000
3253,544.39814,0.03325,Ada ile odada gezin,False,False,-6.78888,4.54224,-7.92918,3.10000,0.05077,0.00000
3254,544.43111,0.03297,Ada ile odada gezin,False,False,-6.82186,4.54122,-7.95892,3.10000,0.04442,0.00000
3255,544.46504,0.03394,Ada ile odada gezin,False,False,-6.85159,4.54011,-7.99115,3.10000,0.04386,0.00000
3256,544.49849,0.03345,Ada ile odada gezin,False,False,-6.87803,4.53906,-8.02412,3.10000,0.04228,0.00000
3257,544.53177,0.03328,Ada ile odada gezin,False,False,-6.90169,4.53802,-8.05644,3.10000,0.04006,0.00000
3258,544.56611,0.03434,Ada ile odada gezin,False,False,-6.92371,4.53683,-8.08835,3.10000,0.03879,0.00000
3259,544.59876,0.03266,Ada ile odada gezin,False,False,-6.94444,4.53563,-8.11989,3.10000,0.03776,0.00000
3260,544.63082,0.03206,Ada ile odada gezin,False,False,-6.96271,4.53455,-8.14858,3.10000,0.03403,0.00000
3261,544.66463,0.03381,Ada ile odada gezin,False,False,-6.98164,4.53360,-8.17905,3.10000,0.03588,0.00000
3262,544.69796,0.03332,Ada ile odada gezin,False,False,-6.99949,4.53280,-8.20901,3.10000,0.03488,0.00000
3263,544.73166,0.03370,Ada ile odada gezin,False,False,-7.01657,4.53199,-8.23845,3.10000,0.03404,0.00000
3264,544.76472,0.03306,Ada ile odada gezin,False,False,-7.03318,4.53122,-8.26765,3.10000,0.03360,0.00000
3265,544.79764,0.03292,Ada ile odada gezin,False,False,-7.04867,4.53045,-8.29521,3.10000,0.03163,0.00000
3266,544.83109,0.03345,Ada ile odada gezin,False,False,-7.06420,4.52966,-8.32263,3.10000,0.03152,0.00000
3267,544.86457,0.03348,Ada ile odada gezin,False,False,-7.07907,4.52883,-8.34846,3.10000,0.02982,0.00000
3268,544.89847,0.03390,Ada ile odada gezin,False,False,-7.09358,4.52795,-8.37338,3.10000,0.02885,0.00000
3269,544.93152,0.03305,Ada ile odada gezin,False,False,-7.10781,4.52704,-8.39725,3.10000,0.02780,0.00000
3270,544.96450,0.03298,Ada ile odada gezin,False,False,-7.12085,4.52613,-8.41912,3.10000,0.02548,0.00000
3271,544.99761,0.03311,Ada ile odada gezin,False,False,-7.13399,4.52528,-8.44135,3.10000,0.02584,0.00000
3272,545.03078,0.03317,Ada ile odada gezin,False,False,-7.14622,4.52453,-8.46225,3.10000,0.02422,0.00000
3273,545.06607,0.03529,Ada ile odada gezin,False,False,-7.15852,4.52381,-8.48373,3.10000,0.02477,0.00000
3274,545.10026,0.03419,Ada ile odada gezin,False,False,-7.17053,4.52314,-8.50517,3.10000,0.02458,0.00000
3275,545.13192,0.03166,Ada ile odada gezin,False,False,-7.18148,4.52256,-8.52518,3.10000,0.02282,0.00000
3276,545.16545,0.03354,Ada ile odada gezin,False,False,-7.19181,4.52206,-8.54456,3.10000,0.02197,0.00000
3277,545.19939,0.03394,Ada ile odada gezin,False,False,-7.20281,4.52166,-8.56593,3.10000,0.02404,0.00000
3278,545.23160,0.03220,Ada ile odada gezin,False,False,-7.21247,4.52129,-8.58555,3.10000,0.02188,0.00000
3279,545.26563,0.03403,Ada ile odada gezin,False,False,-7.22222,4.52144,-8.60877,3.10000,0.02518,0.00000
3280,545.29894,0.03331,Ada ile odada gezin,False,False,-7.23092,4.52219,-8.63783,3.10000,0.03034,0.00000
3281,545.33160,0.03266,Ada ile odada gezin,False,False,-7.23686,4.52330,-8.67012,3.10000,0.03285,0.00000
3282,545.36621,0.03462,Ada ile odada gezin,False,False,-7.24002,4.52498,-8.71231,3.10000,0.04234,0.00000
3283,545.39872,0.03251,Ada ile odada gezin,False,False,-7.23975,4.52663,-8.75755,3.10000,0.04527,0.00000
3284,545.43193,0.03321,Ada ile odada gezin,False,False,-7.23698,4.52814,-8.80570,3.10000,0.04826,0.00000
3285,545.46570,0.03377,Ada ile odada gezin,False,False,-7.23216,4.52953,-8.85803,3.10000,0.05257,0.00000
3286,545.49951,0.03380,Ada ile odada gezin,False,False,-7.22585,4.53065,-8.91140,3.10000,0.05375,0.00000
3287,545.53200,0.03249,Ada ile odada gezin,False,False,-7.21842,4.53153,-8.96582,3.10000,0.05494,0.00000
3288,545.56395,0.03196,Ada ile odada gezin,False,False,-7.21074,4.53217,-9.01800,3.10000,0.05274,0.00000
3289,545.59817,0.03422,Ada ile odada gezin,False,False,-7.20229,4.53273,-9.07268,3.10000,0.05533,0.00000
3290,545.64114,0.04296,Ada ile odada gezin,False,False,-7.19020,4.53362,-9.14773,3.10000,0.07603,0.00000
3291,545.67445,0.03331,Ada ile odada gezin,False,False,-7.18160,4.53374,-9.20131,3.10000,0.05427,0.00000
3292,545.70773,0.03329,Ada ile odada gezin,False,False,-7.17248,4.53391,-9.25734,3.10000,0.05676,0.00000
3293,545.73983,0.03210,Ada ile odada gezin,False,False,-7.16359,4.53404,-9.31163,3.10000,0.05502,0.00000
3294,545.77291,0.03308,Ada ile odada gezin,False,False,-7.15470,4.53416,-9.36566,3.10000,0.05475,0.00000
3295,545.80837,0.03546,Ada ile odada gezin,False,False,-7.14533,4.53432,-9.42241,3.10000,0.05752,0.00000
3296,545.84352,0.03515,Ada ile odada gezin,False,False,-7.13995,4.53182,-9.46089,3.10000,0.03894,0.00000
3297,545.87554,0.03203,Ada ile odada gezin,False,False,-7.13727,4.52836,-9.48508,3.10000,0.02458,0.00000
3298,545.90649,0.03094,Ada ile odada gezin,False,False,-7.13603,4.52481,-9.50068,3.10000,0.01605,0.00000
3299,545.93894,0.03245,Ada ile odada gezin,False,False,-7.13553,4.52130,-9.51164,3.10000,0.01151,0.00000
3300,545.97312,0.03418,Ada ile odada gezin,False,False,-7.13549,4.51804,-9.51932,3.10000,0.00835,0.00000
3301,546.00660,0.03348,Ada ile odada gezin,False,False,-7.13569,4.51512,-9.52472,3.10000,0.00615,0.00000
3302,546.03907,0.03246,Ada ile odada gezin,False,False,-7.13598,4.51275,-9.52828,3.10000,0.00429,0.00000
3303,546.07291,0.03384,Ada ile odada gezin,False,False,-7.13632,4.51073,-9.53084,3.10000,0.00328,0.00000
3304,546.10651,0.03360,Ada ile odada gezin,False,False,-7.13665,4.50903,-9.53268,3.10000,0.00253,0.00000
3305,546.13913,0.03262,Ada ile odada gezin,False,False,-7.13695,4.50767,-9.53396,3.10000,0.00189,0.00000
3306,546.17339,0.03426,Ada ile odada gezin,False,False,-7.13720,4.50657,-9.53489,3.10000,0.00146,0.00000
3307,546.20753,0.03414,Ada ile odada gezin,False,False,-7.13743,4.50564,-9.53560,3.10000,0.00119,0.00000
3308,546.23942,0.03189,Ada ile odada gezin,False,False,-7.13762,4.50493,-9.53609,3.10000,0.00088,0.00000
3309,546.27295,0.03353,Ada ile odada gezin,False,False,-7.13777,4.50437,-9.53645,3.10000,0.00068,0.00000
3310,546.30687,0.03392,Ada ile odada gezin,False,False,-7.13790,4.50389,-9.53674,3.10000,0.00058,0.00000
3311,546.34011,0.03324,Ada ile odada gezin,False,False,-7.13797,4.50356,-9.53703,3.10000,0.00044,0.00000
3312,546.37329,0.03318,Ada ile odada gezin,False,False,-7.13807,4.50325,-9.53716,3.10000,0.00035,0.00000
3313,546.40936,0.03607,Ada ile odada gezin,False,False,-7.13814,4.50301,-9.53727,3.10000,0.00027,0.00000
3314,546.44482,0.03546,Yakından incele · aftershock,True,False,-7.12529,4.49856,-9.52121,3.09314,0.02104,0.00000
3315,546.47158,0.02676,Yakından incele · aftershock,True,False,-7.10174,4.49085,-9.49176,3.08062,0.03849,0.00000
3316,546.50514,0.03356,Yakından incele · aftershock,True,False,-7.05772,4.47641,-9.43670,3.05722,0.07196,0.18557
3317,546.53872,0.03358,Yakından incele · aftershock,True,False,-6.99813,4.45688,-9.36217,3.02554,0.09740,0.25641
3318,546.57682,0.03810,Yakından incele · aftershock,True,False,-6.91607,4.42581,-9.25954,2.98193,0.13502,0.35608
3319,546.60905,0.03224,Yakından incele · aftershock,True,False,-6.83106,4.39634,-9.15322,2.93674,0.13929,0.36691
3320,546.64250,0.03345,Yakından incele · aftershock,True,False,-6.73038,4.35727,-9.03125,2.88318,0.16291,0.43701
3321,546.67589,0.03339,Yakından incele · aftershock,True,False,-6.61908,4.31115,-8.89848,2.82405,0.17928,0.48295
3322,546.70946,0.03358,Yakından incele · aftershock,True,False,-6.49885,4.25786,-8.75699,2.76035,0.19317,0.52189
3323,546.74264,0.03318,Yakından incele · aftershock,True,False,-6.36801,4.19603,-8.60476,2.69130,0.21004,0.56648
3324,546.77571,0.03307,Yakından incele · aftershock,True,False,-6.23289,4.12695,-8.44949,2.62029,0.21711,0.58148
3325,546.80921,0.03350,Yakından incele · aftershock,True,False,-6.08890,4.04868,-8.28545,2.54483,0.23188,0.61802
3326,546.84168,0.03246,Yakından incele · aftershock,True,False,-5.93954,3.96144,-8.11720,2.46686,0.24130,0.63919
3327,546.87441,0.03274,Yakından incele · aftershock,True,False,-5.79319,3.88156,-7.94955,2.39023,0.23644,0.62807
3328,546.90885,0.03444,Yakından incele · aftershock,True,False,-5.63759,3.80969,-7.76587,2.30812,0.25123,0.67492
3329,546.94249,0.03363,Yakından incele · aftershock,True,False,-5.48329,3.73842,-7.58372,2.22670,0.24913,0.66793
3330,546.97635,0.03386,Yakından incele · aftershock,True,False,-5.32879,3.66706,-7.40132,2.14517,0.24946,0.66910
3331,547.00903,0.03268,Yakından incele · aftershock,True,False,-5.17742,3.59715,-7.22263,2.06529,0.24440,0.65491
3332,547.04109,0.03207,Yakından incele · aftershock,True,False,-5.03261,3.53026,-7.05168,1.98887,0.23381,0.62682
3333,547.07497,0.03388,Yakından incele · aftershock,True,False,-4.88955,3.46419,-6.88280,1.91338,0.23098,0.61929
3334,547.10915,0.03418,Yakından incele · aftershock,True,False,-4.74655,3.39814,-6.71398,1.83792,0.23089,0.61929
3335,547.14241,0.03326,Yakından incele · aftershock,True,False,-4.61410,3.33696,-6.55762,1.76802,0.21386,0.57198
3336,547.17551,0.03310,Yakından incele · aftershock,True,False,-4.48935,3.27934,-6.41035,1.70219,0.20142,0.53814
3337,547.20852,0.03301,Yakından incele · aftershock,True,False,-4.37393,3.22603,-6.27410,1.64128,0.18635,0.49732
3338,547.24142,0.03290,Yakından incele · aftershock,True,False,-4.26895,3.17754,-6.15017,1.58589,0.16950,0.45284
3339,547.27447,0.03305,Yakından incele · aftershock,True,False,-4.17523,3.13425,-6.03953,1.53643,0.15132,0.40154
3340,547.30868,0.03421,Yakından incele · aftershock,True,False,-4.09401,3.09674,-5.94365,1.49357,0.13114,0.34943
3341,547.34230,0.03362,Yakından incele · aftershock,True,False,-4.02415,3.06447,-5.86118,1.45670,0.11280,0.29871
3342,547.37515,0.03285,Yakından incele · aftershock,True,False,-3.97335,3.04101,-5.80121,1.42990,0.08203,0.21670
3343,547.40843,0.03328,Yakından incele · aftershock,True,False,-3.93677,3.02411,-5.75803,1.41059,0.05906,0.00000
3344,547.44178,0.03335,Yakından incele · aftershock,True,False,-3.91900,3.01590,-5.73705,1.40122,0.02869,0.00000
3345,547.47631,0.03454,Yakından incele · aftershock,False,False,-3.91670,3.01484,-5.73433,1.40000,0.00372,0.00000
3346,547.50907,0.03276,Yakından incele · aftershock,False,False,-3.91670,3.01484,-5.73433,1.40000,0.00000,0.00000
3347,547.54256,0.03349,Yakından incele · aftershock,False,False,-3.91670,3.01484,-5.73433,1.40000,0.00000,0.00000
3348,547.58299,0.04043,Yakından incele · aftershock,False,False,-3.91670,3.01484,-5.73433,1.40000,0.00000,0.00000
3349,547.62656,0.04357,Yakından incele · aftershock,False,False,-3.91670,3.01484,-5.73433,1.40000,0.00000,0.00000
3350,547.64193,0.01536,Yakından incele · aftershock,False,False,-3.91670,3.01484,-5.73433,1.40000,0.00000,0.00000
3351,547.67444,0.03252,Yakından incele · aftershock,False,False,-3.91670,3.01484,-5.73433,1.40000,0.00000,0.00000
3352,547.70886,0.03441,Yakından incele · aftershock,False,False,-3.91670,3.01484,-5.73433,1.40000,0.00000,0.00000
3353,547.74264,0.03378,Yakından incele · aftershock,False,False,-3.91670,3.01484,-5.73433,1.40000,0.00000,0.00000
3354,547.77590,0.03326,Yakından incele · aftershock,False,False,-3.91670,3.01484,-5.73433,1.40000,0.00000,0.00000
3355,547.81001,0.03410,Yakından incele · aftershock,False,False,-3.91670,3.01484,-5.73433,1.40000,0.00000,0.00000
3356,547.84232,0.03231,Yakından incele · aftershock,False,False,-3.91670,3.01484,-5.73433,1.40000,0.00000,0.00000
3357,547.87418,0.03187,Yakından incele · aftershock,False,False,-3.91670,3.01484,-5.73433,1.40000,0.00000,0.00000
3358,547.90737,0.03319,Yakından incele · aftershock,False,False,-3.91670,3.01484,-5.73433,1.40000,0.00000,0.00000
3359,547.94090,0.03353,Yakından incele · aftershock,False,False,-3.91670,3.01484,-5.73433,1.40000,0.00000,0.00000
3360,547.97668,0.03578,Yakından incele · aftershock,False,False,-3.91670,3.01484,-5.73433,1.40000,0.00000,0.00000
3361,548.00994,0.03326,Yakından incele · aftershock,False,False,-3.91670,3.01484,-5.73433,1.40000,0.00000,0.00000
3362,548.04186,0.03192,Yakından incele · aftershock,False,False,-3.91670,3.01484,-5.73433,1.40000,0.00000,0.00000
3363,548.07574,0.03388,Yakından incele · aftershock,False,False,-3.91670,3.01484,-5.73433,1.40000,0.00000,0.00000
3364,548.10892,0.03319,Yakından incele · aftershock,False,False,-3.91670,3.01484,-5.73433,1.40000,0.00000,0.00000
3365,548.14195,0.03303,Yakından incele · aftershock,False,False,-3.91670,3.01484,-5.73433,1.40000,0.00000,0.00000
3366,548.17637,0.03442,Yakından incele · aftershock,False,False,-3.91670,3.01484,-5.73433,1.40000,0.00000,0.00000
3367,548.20927,0.03290,Yakından incele · aftershock,False,False,-3.91670,3.01484,-5.73433,1.40000,0.00000,0.00000
3368,548.24130,0.03203,Yakından incele · aftershock,False,False,-3.91670,3.01484,-5.73433,1.40000,0.00000,0.00000
3369,548.27465,0.03335,Yakından incele · aftershock,False,False,-3.91670,3.01484,-5.73433,1.40000,0.00000,0.00000
3370,548.30856,0.03391,Yakından incele · aftershock,False,False,-3.91670,3.01484,-5.73433,1.40000,0.00000,0.00000
3371,548.34233,0.03377,Yakından incele · aftershock,False,False,-3.91670,3.01484,-5.73433,1.40000,0.00000,0.00000
3372,548.37517,0.03285,Yakından incele · aftershock,False,False,-3.91670,3.01484,-5.73433,1.40000,0.00000,0.00000
3373,548.40740,0.03223,Yakından incele · aftershock,False,False,-3.91670,3.01484,-5.73433,1.40000,0.00000,0.00000
3374,548.44107,0.03367,Yakından incele · aftershock,False,False,-3.91670,3.01484,-5.73433,1.40000,0.00000,0.00000
3375,548.47507,0.03400,Yakından incele · aftershock,False,False,-3.91670,3.01484,-5.73433,1.40000,0.00000,0.00000
3376,548.50862,0.03354,Yakından incele · aftershock,False,False,-3.91670,3.01484,-5.73433,1.40000,0.00000,0.00000
3377,548.54149,0.03287,Yakından incele · aftershock,False,False,-3.91670,3.01484,-5.73433,1.40000,0.00000,0.00000
3378,548.57450,0.03301,Yakından incele · aftershock,False,False,-3.91670,3.01484,-5.73433,1.40000,0.00000,0.00000
3379,548.60856,0.03407,Yakından incele · aftershock,False,False,-3.91670,3.01484,-5.73433,1.40000,0.00000,0.00000
3380,548.64222,0.03366,Yakından incele · aftershock,False,False,-3.91670,3.01484,-5.73433,1.40000,0.00000,0.00000
3381,548.67534,0.03311,Yakından incele · aftershock,False,False,-3.91670,3.01484,-5.73433,1.40000,0.00000,0.00000
3382,548.70900,0.03366,Yakından incele · aftershock,False,False,-3.91670,3.01484,-5.73433,1.40000,0.00000,0.00000
3383,548.74336,0.03436,Yakından incele · aftershock,False,False,-3.91670,3.01484,-5.73433,1.40000,0.00000,0.00000
3384,548.77612,0.03276,Yakından incele · aftershock,False,False,-3.91670,3.01484,-5.73433,1.40000,0.00000,0.00000
3385,548.80852,0.03240,Yakından incele · aftershock,False,False,-3.91670,3.01484,-5.73433,1.40000,0.00000,0.00000
3386,548.84341,0.03489,Yakından incele · aftershock,False,False,-3.91670,3.01484,-5.73433,1.40000,0.00000,0.00000
3387,548.87831,0.03490,Yakından incele · aftershock,False,False,-3.91670,3.01484,-5.73433,1.40000,0.00000,0.00000
3388,548.91472,0.03641,Yakından incele · aftershock,False,False,-3.91670,3.01484,-5.73433,1.40000,0.00000,0.00000
3389,548.96053,0.04581,Yakından incele · aftershock,False,False,-3.91670,3.01484,-5.73433,1.40000,0.00000,0.00000
3390,548.99708,0.03655,Yakından incele · aftershock,False,False,-3.91670,3.01484,-5.73433,1.40000,0.00000,0.00000
3391,549.02656,0.02949,Yakından incele · aftershock,False,False,-3.91670,3.01484,-5.73433,1.40000,0.00000,0.00000
3392,549.06427,0.03770,Yakından incele · aftershock,False,False,-3.91670,3.01484,-5.73433,1.40000,0.00000,0.00000
3393,549.09841,0.03415,Ada ile odada gezin,True,False,-3.93511,3.02334,-5.75607,1.40972,0.02974,0.00000
3394,549.11886,0.02045,Ada ile odada gezin,True,False,-3.95378,3.03196,-5.77813,1.41957,0.03015,0.00000
3395,549.15252,0.03365,Ada ile odada gezin,True,False,-3.99900,3.05290,-5.83183,1.44347,0.07326,0.18975
3396,549.18585,0.03334,Ada ile odada gezin,True,False,-4.05933,3.08096,-5.90414,1.47544,0.09826,0.25944
3397,549.21875,0.03290,Ada ile odada gezin,True,False,-4.13362,3.11575,-5.99450,1.51497,0.12204,0.32143
3398,549.25064,0.03189,Ada ile odada gezin,True,False,-4.22001,3.15658,-6.10174,1.56121,0.14364,0.37742
3399,549.28450,0.03385,Ada ile odada gezin,True,False,-4.31482,3.20192,-6.22249,1.61231,0.16008,0.41871
3400,549.31812,0.03363,Ada ile odada gezin,True,False,-4.42788,3.25672,-6.37101,1.67380,0.19453,0.50358
3401,549.35086,0.03273,Ada ile odada gezin,True,False,-4.53947,3.31144,-6.52191,1.73499,0.19550,0.50046
3402,549.38438,0.03353,Ada ile odada gezin,True,False,-4.66530,3.37392,-6.69748,1.80463,0.22486,0.57061
3403,549.41760,0.03322,Ada ile odada gezin,True,False,-4.79191,3.43751,-6.87953,1.87532,0.23069,0.57878
3404,549.45207,0.03447,Ada ile odada gezin,True,False,-4.92663,3.50595,-7.07940,1.95124,0.25056,0.62181
3405,549.48529,0.03322,Ada ile odada gezin,True,False,-5.06590,3.57753,-7.29265,2.03049,0.26457,0.65011
3406,549.51765,0.03236,Ada ile odada gezin,True,False,-5.20009,3.64723,-7.50436,2.10754,0.26016,0.63180
3407,549.55068,0.03303,Ada ile odada gezin,True,False,-5.33856,3.72002,-7.72993,2.18787,0.27451,0.65730
3408,549.58379,0.03311,Ada ile odada gezin,True,False,-5.47548,3.79283,-7.96022,2.26811,0.27763,0.65730
3409,549.61697,0.03317,Ada ile odada gezin,True,False,-5.61153,3.86610,-8.19677,2.34872,0.28255,0.66086
3410,549.65114,0.03417,Ada ile odada gezin,True,False,-5.74464,3.93871,-8.43624,2.42850,0.28344,0.65372
3411,549.68545,0.03431,Ada ile odada gezin,True,False,-5.87773,4.01238,-8.68479,2.50930,0.29141,0.66086
3412,549.71881,0.03336,Ada ile odada gezin,True,False,-6.00236,4.08237,-8.92633,2.58594,0.28066,0.62807
3413,549.75164,0.03283,Ada ile odada gezin,True,False,-6.11978,4.14940,-9.16322,2.65921,0.27276,0.60133
3414,549.78529,0.03365,Ada ile odada gezin,True,False,-6.22909,4.21292,-9.39342,2.72851,0.26263,0.56648
3415,549.81883,0.03354,Ada ile odada gezin,True,False,-6.33310,4.27474,-9.62365,2.79572,0.26009,0.54965
3416,549.85181,0.03298,Ada ile odada gezin,True,False,-6.42527,4.33085,-9.83881,2.85653,0.24070,0.49732
3417,549.88447,0.03266,Ada ile odada gezin,True,False,-6.50776,4.38260,-10.04404,2.91238,0.22716,0.45799
3418,549.91764,0.03317,Ada ile odada gezin,True,False,-6.57827,4.42851,-10.23329,2.96169,0.20712,0.40348
3419,549.95219,0.03455,Ada ile odada gezin,True,False,-6.63788,4.46938,-10.41013,3.00528,0.19104,0.35608
3420,549.98779,0.03560,Ada ile odada gezin,True,False,-6.68523,4.50447,-10.57219,3.04235,0.17244,0.30132
3421,550.02051,0.03272,Ada ile odada gezin,True,False,-6.71744,4.53170,-10.71033,3.07072,0.14443,0.23070
3422,550.05334,0.03283,Ada ile odada gezin,True,False,-6.73337,4.54944,-10.81460,3.08881,0.10696,0.00000
3423,550.09050,0.03715,Ada ile odada gezin,True,False,-6.73409,4.56023,-10.90147,3.09894,0.08754,0.00000
3424,550.12445,0.03395,Ada ile odada gezin,False,False,-6.71917,4.56283,-10.96294,3.10000,0.06331,0.00000
3425,550.15356,0.02912,Ada ile odada gezin,False,False,-6.70487,4.56412,-11.01305,3.10000,0.05213,0.00000
3426,550.18434,0.03078,Ada ile odada gezin,False,False,-6.69104,4.56538,-11.06146,3.10000,0.05035,0.00000
3427,550.21785,0.03351,Ada ile odada gezin,False,False,-6.67424,4.55883,-11.11450,3.10000,0.05603,0.00000
3428,550.25104,0.03319,Ada ile odada gezin,False,False,-6.65722,4.54494,-11.16501,3.10000,0.05508,0.00000
3429,550.28507,0.03403,Ada ile odada gezin,False,False,-6.63969,4.52509,-11.21595,3.10000,0.05741,0.00000
3430,550.31925,0.03418,Ada ile odada gezin,False,False,-6.62192,4.50048,-11.26773,3.10000,0.06002,0.00000
3431,550.35201,0.03276,Ada ile odada gezin,False,False,-6.60454,4.47283,-11.31914,3.10000,0.06091,0.00000
3432,550.38466,0.03264,Ada ile odada gezin,False,False,-6.58821,4.44510,-11.36931,3.10000,0.05961,0.00000
3433,550.41812,0.03347,Ada ile odada gezin,False,False,-6.57177,4.41700,-11.42205,3.10000,0.06198,0.00000
3434,550.45205,0.03393,Ada ile odada gezin,False,False,-6.55566,4.38924,-11.47532,3.10000,0.06219,0.00000
3435,550.48593,0.03387,Ada ile odada gezin,False,False,-6.53955,4.36137,-11.52957,3.10000,0.06308,0.00000
3436,550.51886,0.03293,Ada ile odada gezin,False,False,-6.52361,4.33368,-11.58399,3.10000,0.06310,0.00000
3437,550.55127,0.03242,Ada ile odada gezin,False,False,-6.50858,4.30739,-11.63581,3.10000,0.06002,0.00000
3438,550.58453,0.03326,Ada ile odada gezin,False,False,-6.49282,4.28000,-11.69023,3.10000,0.06293,0.00000
3439,550.61907,0.03454,Ada ile odada gezin,False,False,-6.47732,4.25297,-11.74399,3.10000,0.06214,0.00000
3440,550.65332,0.03424,Ada ile odada gezin,False,False,-6.46103,4.22468,-11.80050,3.10000,0.06526,0.00000
3441,550.68609,0.03278,Ada ile odada gezin,False,False,-6.44554,4.19684,-11.85381,3.10000,0.06211,0.00000
3442,550.71832,0.03222,Ada ile odada gezin,False,False,-6.42978,4.16775,-11.90757,3.10000,0.06312,0.00000
3443,550.75160,0.03328,Ada ile odada gezin,False,False,-6.41487,4.14150,-11.96024,3.10000,0.06071,0.00000
3444,550.78560,0.03400,Ada ile odada gezin,False,False,-6.39971,4.12039,-12.01820,3.10000,0.06352,0.00000
3445,550.81821,0.03261,Ada ile odada gezin,False,False,-6.38572,4.10497,-12.07378,3.10000,0.05935,0.00000
3446,550.85142,0.03321,Ada ile odada gezin,False,False,-6.37174,4.09307,-12.12979,3.10000,0.05895,0.00000
3447,550.88415,0.03273,Ada ile odada gezin,False,False,-6.35750,4.08381,-12.18640,3.10000,0.05911,0.00000
3448,550.91800,0.03385,Ada ile odada gezin,False,False,-6.34346,4.07674,-12.24160,3.10000,0.05739,0.00000
3449,550.95253,0.03452,Ada ile odada gezin,False,False,-6.32835,4.07103,-12.29990,3.10000,0.06050,0.00000
3450,550.98511,0.03258,Ada ile odada gezin,False,False,-6.31371,4.06671,-12.35563,3.10000,0.05778,0.00000
3451,551.01719,0.03208,Ada ile odada gezin,False,False,-6.29924,4.06338,-12.40999,3.10000,0.05635,0.00000
3452,551.05072,0.03354,Ada ile odada gezin,False,False,-6.28458,4.06077,-12.46431,3.10000,0.05632,0.00000
3453,551.08437,0.03365,Ada ile odada gezin,False,False,-6.26909,4.05868,-12.52105,3.10000,0.05885,0.00000
3454,551.11708,0.03271,Ada ile odada gezin,False,False,-6.25422,4.05706,-12.57508,3.10000,0.05607,0.00000
3455,551.15082,0.03374,Ada ile odada gezin,False,False,-6.23902,4.05579,-12.62987,3.10000,0.05687,0.00000
3456,551.18532,0.03450,Ada ile odada gezin,False,False,-6.22337,4.05478,-12.68587,3.10000,0.05815,0.00000
3457,551.21797,0.03265,Ada ile odada gezin,False,False,-6.20771,4.05399,-12.74166,3.10000,0.05796,0.00000
3458,551.25034,0.03237,Ada ile odada gezin,False,False,-6.19293,4.05335,-12.79420,3.10000,0.05458,0.00000
3459,551.28389,0.03355,Ada ile odada gezin,False,False,-6.17739,4.05287,-12.84916,3.10000,0.05711,0.00000
3460,551.31731,0.03343,Ada ile odada gezin,False,False,-6.16181,4.05249,-12.90413,3.10000,0.05714,0.00000
3461,551.35135,0.03403,Ada ile odada gezin,False,False,-6.14625,4.05218,-12.95894,3.10000,0.05698,0.00000
3462,551.38502,0.03367,Ada ile odada gezin,False,False,-6.13054,4.05195,-13.01417,3.10000,0.05742,0.00000
3463,551.41792,0.03290,Ada ile odada gezin,False,False,-6.11501,4.05175,-13.06870,3.10000,0.05669,0.00000
3464,551.45070,0.03279,Ada ile odada gezin,False,False,-6.09970,4.05159,-13.12240,3.10000,0.05584,0.00000
3465,551.48415,0.03344,Ada ile odada gezin,False,False,-6.08420,4.05148,-13.17672,3.10000,0.05649,0.00000
3466,551.51881,0.03466,Ada ile odada gezin,False,False,-6.06845,4.05139,-13.23186,3.10000,0.05735,0.00000
3467,551.55337,0.03456,Ada ile odada gezin,False,False,-6.05222,4.05135,-13.28865,3.10000,0.05906,0.00000
3468,551.58958,0.03620,Ada ile odada gezin,False,False,-6.03682,4.05126,-13.34256,3.10000,0.05607,0.00000
3469,551.64099,0.05141,Ada ile odada gezin,False,False,-6.02352,4.04707,-13.39528,3.10000,0.05453,0.00000
3470,551.65076,0.00977,Ada ile odada gezin,False,False,-6.02229,4.04621,-13.40179,3.10000,0.00668,0.00000
3471,551.68606,0.03530,Ada ile odada gezin,False,False,-6.02084,4.04392,-13.42627,3.10000,0.02463,0.00000
3472,551.71899,0.03293,Ada ile odada gezin,False,False,-6.02265,4.04269,-13.44998,3.10000,0.02381,0.00000
3473,551.75139,0.03239,Ada ile odada gezin,False,False,-6.02717,4.04255,-13.47666,3.10000,0.02707,0.00000
3474,551.78542,0.03404,Ada ile odada gezin,False,False,-6.03419,4.04344,-13.50806,3.10000,0.03219,0.00000
3475,551.82219,0.03677,Ada ile odada gezin,False,False,-6.04432,4.04548,-13.54796,3.10000,0.04121,0.00000
3476,551.85582,0.03363,Ada ile odada gezin,False,False,-6.05727,4.04825,-13.59588,3.10000,0.04972,0.00000
3477,551.88730,0.03148,Ada ile odada gezin,False,False,-6.06906,4.05043,-13.63807,3.10000,0.04386,0.00000
3478,551.92007,0.03277,Ada ile odada gezin,False,False,-6.08336,4.05293,-13.68828,3.10000,0.05227,0.00000
3479,551.95094,0.03088,Ada ile odada gezin,False,False,-6.09735,4.05496,-13.73664,3.10000,0.05039,0.00000
3480,551.98714,0.03619,Ada ile odada gezin,False,False,-6.11189,4.05677,-13.78646,3.10000,0.05193,0.00000
3481,552.02374,0.03660,Ada ile odada gezin,False,False,-6.13001,4.05883,-13.84814,3.10000,0.06432,0.00000
3482,552.05353,0.02979,Ada ile odada gezin,False,False,-6.14438,4.05987,-13.89665,3.10000,0.05060,0.00000
3483,552.08550,0.03197,Ada ile odada gezin,False,False,-6.15931,4.06084,-13.94686,3.10000,0.05240,0.00000
3484,552.11933,0.03383,Ada ile odada gezin,False,False,-6.17553,4.06179,-14.00133,3.10000,0.05684,0.00000
3485,552.15180,0.03247,Ada ile odada gezin,False,False,-6.19158,4.06252,-14.05506,3.10000,0.05608,0.00000
3486,552.18474,0.03294,Ada ile odada gezin,False,False,-6.20729,4.06307,-14.10756,3.10000,0.05480,0.00000
3487,552.21865,0.03391,Ada ile odada gezin,False,False,-6.22364,4.06358,-14.16212,3.10000,0.05697,0.00000
3488,552.26071,0.04206,Ada ile odada gezin,False,False,-6.24514,4.06443,-14.23398,3.10000,0.07501,0.00000
3489,552.29336,0.03265,Ada ile odada gezin,False,False,-6.26084,4.06445,-14.28610,3.10000,0.05444,0.00000
3490,552.32648,0.03313,Ada ile odada gezin,False,False,-6.27696,4.06455,-14.33966,3.10000,0.05593,0.00000
3491,552.36039,0.03390,Ada ile odada gezin,False,False,-6.29320,4.06467,-14.39363,3.10000,0.05636,0.00000
3492,552.39378,0.03340,Ada ile odada gezin,False,False,-6.30954,4.06479,-14.44796,3.10000,0.05673,0.00000
3493,552.42706,0.03328,Ada ile odada gezin,False,False,-6.32572,4.06489,-14.50170,3.10000,0.05613,0.00000
3494,552.45986,0.03279,Ada ile odada gezin,False,False,-6.34203,4.06498,-14.55590,3.10000,0.05660,0.00000
3495,552.49372,0.03386,Ada ile odada gezin,False,False,-6.35833,4.06506,-14.61003,3.10000,0.05654,0.00000
3496,552.52780,0.03408,Ada ile odada gezin,False,False,-6.37476,4.06513,-14.66458,3.10000,0.05696,0.00000
3497,552.56089,0.03309,Ada ile odada gezin,False,False,-6.39139,4.06521,-14.71982,3.10000,0.05769,0.00000
3498,552.59357,0.03268,Ada ile odada gezin,False,False,-6.40723,4.06520,-14.77238,3.10000,0.05489,0.00000
3499,552.62801,0.03444,Ada ile odada gezin,False,False,-6.42379,4.06527,-14.82738,3.10000,0.05744,0.00000
3500,552.66144,0.03343,Ada ile odada gezin,False,False,-6.44038,4.06531,-14.88248,3.10000,0.05755,0.00000
3501,552.69416,0.03272,Ada ile odada gezin,False,False,-6.45649,4.06531,-14.93594,3.10000,0.05583,0.00000
3502,552.72794,0.03377,Ada ile odada gezin,False,False,-6.47289,4.06533,-14.99039,3.10000,0.05687,0.00000
3503,552.76069,0.03275,Ada ile odada gezin,False,False,-6.48926,4.06535,-15.04473,3.10000,0.05676,0.00000
3504,552.79408,0.03339,Ada ile odada gezin,False,False,-6.50534,4.06534,-15.09808,3.10000,0.05572,0.00000
3505,552.82728,0.03320,Ada ile odada gezin,False,False,-6.52186,4.06537,-15.15293,3.10000,0.05728,0.00000
3506,552.86122,0.03393,Ada ile odada gezin,False,False,-6.53808,4.06537,-15.20678,3.10000,0.05624,0.00000
3507,552.89459,0.03337,Ada ile odada gezin,False,False,-6.55477,4.06541,-15.26219,3.10000,0.05787,0.00000
3508,552.92811,0.03352,Ada ile odada gezin,False,False,-6.57108,4.06540,-15.31632,3.10000,0.05653,0.00000
3509,552.96070,0.03259,Ada ile odada gezin,False,False,-6.58724,4.06538,-15.36993,3.10000,0.05600,0.00000
3510,552.99330,0.03260,Ada ile odada gezin,False,False,-6.60346,4.06538,-15.42377,3.10000,0.05623,0.00000
3511,553.02677,0.03348,Ada ile odada gezin,False,False,-6.61958,4.06538,-15.47727,3.10000,0.05587,0.00000
3512,553.06024,0.03347,Ada ile odada gezin,False,False,-6.63613,4.06541,-15.53222,3.10000,0.05739,0.00000
3513,553.09324,0.03300,Ada ile odada gezin,False,False,-6.65246,4.06541,-15.58642,3.10000,0.05660,0.00000
3514,553.14217,0.04893,Ada ile odada gezin,False,False,-6.66875,4.06540,-15.64047,3.10000,0.05646,0.00000
3515,553.17801,0.03584,Ada ile odada gezin,False,False,-6.69478,4.06612,-15.72725,3.10000,0.09060,0.00000
3516,553.19548,0.01747,Ada ile odada gezin,False,False,-6.70255,4.06545,-15.75266,3.10000,0.02658,0.00000
3517,553.22816,0.03268,Ada ile odada gezin,False,False,-6.71867,4.06532,-15.80609,3.10000,0.05581,0.00000
3518,553.26034,0.03219,Ada ile odada gezin,False,False,-6.73459,4.06525,-15.85890,3.10000,0.05516,0.00000
3519,553.29405,0.03371,Ada ile odada gezin,False,False,-6.75065,4.06523,-15.91217,3.10000,0.05563,0.00000
3520,553.32788,0.03383,Ada ile odada gezin,False,False,-6.76733,4.06527,-15.96757,3.10000,0.05786,0.00000
3521,553.36107,0.03318,Ada ile odada gezin,False,False,-6.78349,4.06527,-16.02121,3.10000,0.05602,0.00000
3522,553.39489,0.03382,Ada ile odada gezin,False,False,-6.80009,4.06531,-16.07631,3.10000,0.05754,0.00000
3523,553.42711,0.03222,Ada ile odada gezin,False,False,-6.81620,4.06530,-16.12977,3.10000,0.05583,0.00000
3524,553.46062,0.03351,Ada ile odada gezin,False,False,-6.83229,4.06530,-16.18317,3.10000,0.05578,0.00000
3525,553.49389,0.03327,Ada ile odada gezin,False,False,-6.84888,4.06535,-16.23827,3.10000,0.05754,0.00000
3526,553.52750,0.03361,Ada ile odada gezin,False,False,-6.86490,4.06533,-16.29144,3.10000,0.05553,0.00000
3527,553.56068,0.03318,Ada ile odada gezin,False,False,-6.88169,4.06539,-16.34717,3.10000,0.05821,0.00000
3528,553.59447,0.03379,Ada ile odada gezin,False,False,-6.89758,4.06535,-16.39988,3.10000,0.05505,0.00000
3529,553.62840,0.03393,Ada ile odada gezin,False,False,-6.91467,4.06542,-16.45665,3.10000,0.05929,0.00000
3530,553.66074,0.03234,Ada ile odada gezin,False,False,-6.93052,4.06537,-16.50924,3.10000,0.05493,0.00000
3531,553.69393,0.03319,Ada ile odada gezin,False,False,-6.94680,4.06538,-16.56328,3.10000,0.05644,0.00000
3532,553.72712,0.03318,Ada ile odada gezin,False,False,-6.96316,4.06539,-16.61757,3.10000,0.05671,0.00000
3533,553.76039,0.03327,Ada ile odada gezin,False,False,-6.97952,4.06540,-16.67187,3.10000,0.05671,0.00000
3534,553.79416,0.03377,Ada ile odada gezin,False,False,-6.99567,4.06539,-16.72547,3.10000,0.05598,0.00000
3535,553.82816,0.03400,Ada ile odada gezin,False,False,-7.01249,4.06543,-16.78130,3.10000,0.05831,0.00000
3536,553.86157,0.03341,Ada ile odada gezin,False,False,-7.02873,4.06541,-16.83519,3.10000,0.05629,0.00000
3537,553.89411,0.03254,Ada ile odada gezin,False,False,-7.04519,4.06541,-16.88982,3.10000,0.05705,0.00000
3538,553.92690,0.03279,Ada ile odada gezin,False,False,-7.06101,4.06537,-16.94229,3.10000,0.05481,0.00000
3539,553.96056,0.03366,Ada ile odada gezin,False,False,-7.07760,4.06541,-16.99739,3.10000,0.05755,0.00000
3540,553.99389,0.03333,Ada ile odada gezin,False,False,-7.09387,4.06540,-17.05139,3.10000,0.05640,0.00000
3541,554.02749,0.03359,Ada ile odada gezin,False,False,-7.11026,4.06541,-17.10580,3.10000,0.05682,0.00000
3542,554.06093,0.03344,Ada ile odada gezin,False,False,-7.12674,4.06542,-17.16048,3.10000,0.05711,0.00000
3543,554.09360,0.03267,Ada ile odada gezin,False,False,-7.14302,4.06541,-17.21452,3.10000,0.05644,0.00000
3544,554.12697,0.03337,Ada ile odada gezin,False,False,-7.15919,4.06540,-17.26816,3.10000,0.05602,0.00000
3545,554.16100,0.03404,Ada ile odada gezin,False,False,-7.17580,4.06542,-17.32330,3.10000,0.05758,0.00000
3546,554.19489,0.03389,Ada ile odada gezin,False,False,-7.19212,4.06541,-17.37746,3.10000,0.05657,0.00000
3547,554.22807,0.03318,Ada ile odada gezin,False,False,-7.20875,4.06543,-17.43269,3.10000,0.05768,0.00000
3548,554.26081,0.03274,Ada ile odada gezin,False,False,-7.22479,4.06540,-17.48589,3.10000,0.05557,0.00000
3549,554.29410,0.03329,Ada ile odada gezin,False,False,-7.24106,4.06540,-17.53989,3.10000,0.05639,0.00000
3550,554.32703,0.03293,Ada ile odada gezin,False,False,-7.25759,4.06541,-17.59475,3.10000,0.05730,0.00000
3551,554.36028,0.03325,Ada ile odada gezin,False,False,-7.27353,4.06538,-17.64764,3.10000,0.05523,0.00000
3552,554.39496,0.03468,Ada ile odada gezin,False,False,-7.29020,4.06542,-17.70298,3.10000,0.05779,0.00000
3553,554.42921,0.03425,Ada ile odada gezin,False,False,-7.30698,4.06544,-17.75869,3.10000,0.05819,0.00000
3554,554.46386,0.03465,Ada ile odada gezin,False,False,-7.32350,4.06544,-17.81352,3.10000,0.05726,0.00000
3555,554.49894,0.03508,Ada ile odada gezin,False,False,-7.34031,4.06545,-17.86933,3.10000,0.05829,0.00000
3556,554.53097,0.03203,Ada ile odada gezin,False,False,-7.35703,4.06545,-17.92480,3.10000,0.05793,0.00000
3557,554.56276,0.03179,Ada ile odada gezin,False,False,-7.37230,4.06535,-17.97541,3.10000,0.05287,0.00000
3558,554.59676,0.03399,Ada ile odada gezin,False,False,-7.38884,4.06538,-18.03036,3.10000,0.05738,0.00000
3559,554.63233,0.03557,Ada ile odada gezin,False,False,-7.40556,4.06542,-18.08584,3.10000,0.05795,0.00000
3560,554.66458,0.03225,Ada ile odada gezin,False,False,-7.42262,4.06545,-18.14248,3.10000,0.05915,0.00000
3561,554.69438,0.02980,Ada ile odada gezin,False,False,-7.43747,4.06533,-18.19170,3.10000,0.05142,0.00000
3562,554.72754,0.03316,Ada ile odada gezin,False,False,-7.45343,4.06534,-18.24467,3.10000,0.05532,0.00000
3563,554.76057,0.03303,Ada ile odada gezin,False,False,-7.47009,4.06540,-18.29999,3.10000,0.05777,0.00000
3564,554.79367,0.03310,Ada ile odada gezin,False,False,-7.48602,4.06538,-18.35287,3.10000,0.05523,0.00000
3565,554.82739,0.03371,Ada ile odada gezin,False,False,-7.50275,4.06543,-18.40842,3.10000,0.05801,0.00000
3566,554.86132,0.03394,Ada ile odada gezin,False,False,-7.51891,4.06541,-18.46206,3.10000,0.05602,0.00000
3567,554.89412,0.03279,Ada ile odada gezin,False,False,-7.53576,4.06545,-18.51798,3.10000,0.05841,0.00000
3568,554.92702,0.03290,Ada ile odada gezin,False,False,-7.55138,4.06538,-18.56980,3.10000,0.05413,0.00000
3569,554.96128,0.03426,Ada ile odada gezin,False,False,-7.56813,4.06543,-18.62539,3.10000,0.05805,0.00000
3570,554.99421,0.03293,Ada ile odada gezin,False,False,-7.58467,4.06543,-18.68031,3.10000,0.05735,0.00000
3571,555.02698,0.03278,Ada ile odada gezin,False,False,-7.60021,4.06531,-18.73254,3.10000,0.05450,0.00000
3572,555.06051,0.03353,Ada ile odada gezin,False,False,-7.61682,4.06527,-18.78698,3.10000,0.05692,0.00000
3573,555.09428,0.03377,Ada ile odada gezin,False,False,-7.63412,4.06527,-18.84037,3.10000,0.05612,0.00000
3574,555.12746,0.03318,Ada ile odada gezin,False,False,-7.65247,4.06527,-18.89368,3.10000,0.05638,0.00000
3575,555.16079,0.03333,Ada ile odada gezin,False,False,-7.67073,4.06516,-18.94473,3.10000,0.05421,0.00000
3576,555.19470,0.03391,Ada ile odada gezin,False,False,-7.69015,4.06504,-18.99701,3.10000,0.05577,0.00000
3577,555.22771,0.03301,Ada ile odada gezin,False,False,-7.70963,4.06494,-19.04737,3.10000,0.05401,0.00000
3578,555.26098,0.03326,Ada ile odada gezin,False,False,-7.72995,4.06491,-19.09797,3.10000,0.05452,0.00000
3579,555.29388,0.03291,Ada ile odada gezin,False,False,-7.75051,4.06489,-19.14842,3.10000,0.05447,0.00000
3580,555.32662,0.03273,Ada ile odada gezin,False,False,-7.77071,4.06482,-19.19774,3.10000,0.05330,0.00000
3581,555.36089,0.03427,Ada ile odada gezin,False,False,-7.79170,4.06476,-19.24771,3.10000,0.05420,0.00000
3582,555.39432,0.03343,Ada ile odada gezin,False,False,-7.81338,4.06473,-19.29845,3.10000,0.05517,0.00000
3583,555.42753,0.03321,Ada ile odada gezin,False,False,-7.83392,4.06458,-19.34661,3.10000,0.05235,0.00000
3584,555.46091,0.03339,Ada ile odada gezin,False,False,-7.85512,4.06439,-19.39625,3.10000,0.05398,0.00000
3585,555.51143,0.05051,Ada ile odada gezin,False,False,-7.87546,4.06419,-19.44374,3.10000,0.05167,0.00000
3586,555.54514,0.03371,Ada ile odada gezin,False,False,-7.89868,4.06377,-19.52350,3.10000,0.08307,0.00000
3587,555.56988,0.02474,Ada ile odada gezin,False,False,-7.90498,4.06214,-19.55608,3.10000,0.03322,0.00000
3588,555.60335,0.03348,Ada ile odada gezin,False,False,-7.90753,4.05973,-19.59838,3.10000,0.04245,0.00000
3589,555.63699,0.03363,Ada ile odada gezin,False,False,-7.90355,4.05658,-19.63849,3.10000,0.04043,0.00000
3590,555.67035,0.03336,Ada ile odada gezin,False,False,-7.89330,4.05289,-19.67305,3.10000,0.03624,0.00000
3591,555.70386,0.03351,Ada ile odada gezin,False,False,-7.87592,4.04856,-19.70383,3.10000,0.03561,0.00000
3592,555.73768,0.03382,Ada ile odada gezin,False,False,-7.85275,4.04390,-19.72863,3.10000,0.03426,0.00000
3593,555.77086,0.03318,Ada ile odada gezin,False,False,-7.82088,4.03855,-19.74953,3.10000,0.03849,0.00000
3594,555.80292,0.03206,Ada ile odada gezin,False,False,-7.78582,4.03336,-19.76355,3.10000,0.03811,0.00000
3595,555.83740,0.03448,Ada ile odada gezin,False,False,-7.74227,4.02766,-19.77325,3.10000,0.04498,0.00000
3596,555.87065,0.03325,Ada ile odada gezin,False,False,-7.69251,4.02210,-19.77956,3.10000,0.05047,0.00000
3597,555.90276,0.03211,Ada ile odada gezin,False,False,-7.64479,4.01760,-19.78306,3.10000,0.04806,0.00000
3598,555.93604,0.03328,Ada ile odada gezin,False,False,-7.59176,4.01341,-19.78510,3.10000,0.05323,0.00000
3599,555.97004,0.03400,Ada ile odada gezin,False,False,-7.53917,4.00998,-19.78591,3.10000,0.05270,0.00000
3600,556.00384,0.03381,Ada ile odada gezin,False,False,-7.48207,4.00692,-19.78588,3.10000,0.05719,0.00000
3601,556.03632,0.03248,Ada ile odada gezin,False,False,-7.42909,4.00465,-19.78526,3.10000,0.05303,0.00000
3602,556.06994,0.03362,Ada ile odada gezin,False,False,-7.37323,4.00268,-19.78419,3.10000,0.05590,0.00000
3603,556.10390,0.03396,Ada ile odada gezin,False,False,-7.31710,4.00109,-19.78280,3.10000,0.05617,0.00000
3604,556.13750,0.03360,Ada ile odada gezin,False,False,-7.25955,3.99978,-19.78114,3.10000,0.05759,0.00000
3605,556.16949,0.03198,Ada ile odada gezin,False,False,-7.20513,3.99882,-19.77939,3.10000,0.05445,0.00000
3606,556.20388,0.03440,Ada ile odada gezin,False,False,-7.14964,3.99802,-19.77749,3.10000,0.05553,0.00000
3607,556.23757,0.03368,Ada ile odada gezin,False,False,-7.08982,3.99728,-19.77536,3.10000,0.05987,0.00000
3608,556.26964,0.03207,Ada ile odada gezin,False,False,-7.03693,3.99685,-19.77337,3.10000,0.05292,0.00000
3609,556.30362,0.03398,Ada ile odada gezin,False,False,-6.97950,3.99641,-19.77118,3.10000,0.05748,0.00000
3610,556.33716,0.03354,Ada ile odada gezin,False,False,-6.92239,3.99607,-19.76896,3.10000,0.05716,0.00000
3611,556.37011,0.03295,Ada ile odada gezin,False,False,-6.86638,3.99582,-19.76674,3.10000,0.05605,0.00000
3612,556.40418,0.03407,Ada ile odada gezin,False,False,-6.80996,3.99562,-19.76448,3.10000,0.05646,0.00000
3613,556.43750,0.03332,Ada ile odada gezin,False,False,-6.75184,3.99543,-19.76214,3.10000,0.05817,0.00000
3614,556.46967,0.03218,Ada ile odada gezin,False,False,-6.69683,3.99533,-19.75989,3.10000,0.05506,0.00000
3615,556.50320,0.03353,Ada ile odada gezin,False,False,-6.64080,3.99523,-19.75760,3.10000,0.05607,0.00000
3616,556.53697,0.03377,Ada ile odada gezin,False,False,-6.58331,3.99513,-19.75525,3.10000,0.05754,0.00000
3617,556.57066,0.03369,Ada ile odada gezin,False,False,-6.52636,3.99507,-19.75290,3.10000,0.05700,0.00000
3618,556.60369,0.03303,Ada ile odada gezin,False,False,-6.46990,3.99502,-19.75057,3.10000,0.05651,0.00000
3619,556.63688,0.03318,Ada ile odada gezin,False,False,-6.41362,3.99499,-19.74824,3.10000,0.05633,0.00000
3620,556.67004,0.03316,Ada ile odada gezin,False,False,-6.35703,3.99495,-19.74589,3.10000,0.05663,0.00000
3621,556.70357,0.03353,Ada ile odada gezin,False,False,-6.30087,3.99493,-19.74356,3.10000,0.05621,0.00000
3622,556.73731,0.03374,Ada ile odada gezin,False,False,-6.24320,3.99490,-19.74117,3.10000,0.05773,0.00000
3623,556.77070,0.03339,Ada ile odada gezin,False,False,-6.18674,3.99489,-19.73882,3.10000,0.05651,0.00000
3624,556.80351,0.03281,Ada ile odada gezin,False,False,-6.13011,3.99488,-19.73647,3.10000,0.05667,0.00000
3625,556.83630,0.03279,Ada ile odada gezin,False,False,-6.07462,3.99488,-19.73415,3.10000,0.05554,0.00000
3626,556.86943,0.03313,Ada ile odada gezin,False,False,-6.01792,3.99487,-19.73180,3.10000,0.05675,0.00000
3627,556.90350,0.03407,Ada ile odada gezin,False,False,-5.96163,3.99486,-19.72945,3.10000,0.05634,0.00000
3628,556.93723,0.03372,Ada ile odada gezin,False,False,-5.90308,3.99483,-19.72703,3.10000,0.05859,0.00000
3629,556.97045,0.03323,Ada ile odada gezin,False,False,-5.84782,3.99485,-19.72472,3.10000,0.05531,0.00000
3630,557.00341,0.03296,Ada ile odada gezin,False,False,-5.78968,3.99483,-19.72230,3.10000,0.05819,0.00000
3631,557.03690,0.03349,Ada ile odada gezin,False,False,-5.73565,3.99486,-19.72004,3.10000,0.05408,0.00000
3632,557.07128,0.03438,Ada ile odada gezin,False,False,-5.67584,3.99481,-19.71757,3.10000,0.05986,0.00000
3633,557.10399,0.03271,Ada ile odada gezin,False,False,-5.62060,3.99484,-19.71525,3.10000,0.05529,0.00000
3634,557.13648,0.03249,Ada ile odada gezin,False,False,-5.56385,3.99484,-19.71289,3.10000,0.05681,0.00000
3635,557.16988,0.03340,Ada ile odada gezin,False,False,-5.50883,3.99486,-19.71059,3.10000,0.05506,0.00000
3636,557.20443,0.03455,Ada ile odada gezin,False,False,-5.45037,3.99482,-19.70816,3.10000,0.05851,0.00000
3637,557.23720,0.03276,Ada ile odada gezin,False,False,-5.39339,3.99482,-19.70579,3.10000,0.05702,0.00000
3638,557.27016,0.03297,Ada ile odada gezin,False,False,-5.33841,3.99485,-19.70349,3.10000,0.05503,0.00000
3639,557.30356,0.03340,Ada ile odada gezin,False,False,-5.28056,3.99483,-19.70109,3.10000,0.05790,0.00000
3640,557.33646,0.03290,Ada ile odada gezin,False,False,-5.22551,3.99485,-19.69878,3.10000,0.05511,0.00000
3641,557.37022,0.03375,Ada ile odada gezin,False,False,-5.16830,3.99483,-19.69641,3.10000,0.05725,0.00000
3642,557.40372,0.03350,Ada ile odada gezin,False,False,-5.11108,3.99482,-19.69403,3.10000,0.05727,0.00000
3643,557.43680,0.03308,Ada ile odada gezin,False,False,-5.05473,3.99483,-19.69167,3.10000,0.05640,0.00000
3644,557.46953,0.03274,Ada ile odada gezin,False,False,-4.99856,3.99484,-19.68933,3.10000,0.05622,0.00000
3645,557.50265,0.03311,Ada ile odada gezin,False,False,-4.94258,3.99484,-19.68700,3.10000,0.05602,0.00000
3646,557.53744,0.03479,Ada ile odada gezin,False,False,-4.88575,3.99483,-19.68463,3.10000,0.05689,0.00000
3647,557.57074,0.03331,Ada ile odada gezin,False,False,-4.82577,3.99479,-19.68215,3.10000,0.06002,0.00000
3648,557.60242,0.03167,Ada ile odada gezin,False,False,-4.77310,3.99486,-19.67993,3.10000,0.05272,0.00000
3649,557.63690,0.03448,Ada ile odada gezin,False,False,-4.71600,3.99484,-19.67756,3.10000,0.05714,0.00000
3650,557.67046,0.03355,Ada ile odada gezin,False,False,-4.65681,3.99480,-19.67510,3.10000,0.05925,0.00000
3651,557.70352,0.03306,Ada ile odada gezin,False,False,-4.60304,3.99485,-19.67284,3.10000,0.05382,0.00000
3652,557.73681,0.03330,Ada ile odada gezin,False,False,-4.54368,3.99481,-19.67039,3.10000,0.05941,0.00000
3653,557.76987,0.03305,Ada ile odada gezin,False,False,-4.49031,3.99486,-19.66814,3.10000,0.05341,0.00000
3654,557.80433,0.03446,Ada ile odada gezin,False,False,-4.43052,3.99481,-19.66567,3.10000,0.05984,0.00000
3655,557.83653,0.03220,Ada ile odada gezin,False,False,-4.37536,3.99484,-19.66336,3.10000,0.05521,0.00000
3656,557.86953,0.03300,Ada ile odada gezin,False,False,-4.31975,3.99485,-19.66104,3.10000,0.05567,0.00000
3657,557.90368,0.03414,Ada ile odada gezin,False,False,-4.26263,3.99483,-19.65866,3.10000,0.05716,0.00000
3658,557.93685,0.03317,Ada ile odada gezin,False,False,-4.20465,3.99482,-19.65625,3.10000,0.05804,0.00000
3659,557.96985,0.03301,Ada ile odada gezin,False,False,-4.15012,3.99485,-19.65397,3.10000,0.05457,0.00000
3660,558.00374,0.03388,Ada ile odada gezin,False,False,-4.09154,3.99482,-19.65154,3.10000,0.05863,0.00000
3661,558.03645,0.03271,Ada ile odada gezin,False,False,-4.03608,3.99484,-19.64922,3.10000,0.05550,0.00000
3662,558.07010,0.03365,Ada ile odada gezin,False,False,-3.97952,3.99484,-19.64687,3.10000,0.05661,0.00000
3663,558.10371,0.03361,Ada ile odada gezin,False,False,-3.92241,3.99483,-19.64449,3.10000,0.05716,0.00000
3664,558.13736,0.03365,Ada ile odada gezin,False,False,-3.86535,3.99482,-19.64211,3.10000,0.05712,0.00000
3665,558.17031,0.03294,Ada ile odada gezin,False,False,-3.80875,3.99483,-19.63975,3.10000,0.05665,0.00000
3666,558.20287,0.03257,Ada ile odada gezin,False,False,-3.75299,3.99484,-19.63742,3.10000,0.05581,0.00000
3667,558.23552,0.03265,Ada ile odada gezin,False,False,-3.69711,3.99485,-19.63509,3.10000,0.05593,0.00000
3668,558.26954,0.03402,Ada ile odada gezin,False,False,-3.64097,3.99484,-19.63275,3.10000,0.05619,0.00000
3669,558.30343,0.03389,Ada ile odada gezin,False,False,-3.58226,3.99481,-19.63032,3.10000,0.05877,0.00000
3670,558.33671,0.03328,Ada ile odada gezin,False,False,-3.52644,3.99483,-19.62799,3.10000,0.05587,0.00000
3671,558.37072,0.03401,Ada ile odada gezin,False,False,-3.46970,3.99483,-19.62562,3.10000,0.05678,0.00000
3672,558.40376,0.03303,Ada ile odada gezin,False,False,-3.41120,3.99481,-19.62319,3.10000,0.05855,0.00000
3673,558.43585,0.03210,Ada ile odada gezin,False,False,-3.35766,3.99486,-19.62094,3.10000,0.05359,0.00000
3674,558.46969,0.03384,Ada ile odada gezin,False,False,-3.30029,3.99484,-19.61856,3.10000,0.05741,0.00000
3675,558.50334,0.03365,Ada ile odada gezin,False,False,-3.24328,3.99483,-19.61619,3.10000,0.05707,0.00000
3676,558.53642,0.03308,Ada ile odada gezin,False,False,-3.18672,3.99483,-19.61383,3.10000,0.05661,0.00000
3677,558.56895,0.03253,Ada ile odada gezin,False,False,-3.13060,3.99484,-19.61149,3.10000,0.05617,0.00000
3678,558.60242,0.03346,Ada ile odada gezin,False,False,-3.07475,3.99484,-19.60916,3.10000,0.05590,0.00000
3679,558.63672,0.03430,Ada ile odada gezin,False,False,-3.01714,3.99482,-19.60677,3.10000,0.05766,0.00000
3680,558.67016,0.03345,Ada ile odada gezin,False,False,-2.95927,3.99481,-19.60436,3.10000,0.05792,0.00000
3681,558.70274,0.03258,Ada ile odada gezin,False,False,-2.90411,3.99484,-19.60205,3.10000,0.05521,0.00000
3682,558.73610,0.03336,Ada ile odada gezin,False,False,-2.84760,3.99484,-19.59969,3.10000,0.05656,0.00000
3683,558.76978,0.03368,Ada ile odada gezin,False,False,-2.79055,3.99483,-19.59732,3.10000,0.05709,0.00000
3684,558.80292,0.03314,Ada ile odada gezin,False,False,-2.73395,3.99483,-19.59496,3.10000,0.05665,0.00000
3685,558.83638,0.03346,Ada ile odada gezin,False,False,-2.67679,3.99482,-19.59258,3.10000,0.05721,0.00000
3686,558.87909,0.04270,Ada ile odada gezin,False,False,-2.60300,3.99461,-19.58960,3.10000,0.07386,0.00000
3687,558.91192,0.03283,Ada ile odada gezin,False,False,-2.54581,3.99474,-19.58716,3.10000,0.05724,0.00000
3688,558.94617,0.03425,Ada ile odada gezin,False,False,-2.49205,3.99485,-19.58487,3.10000,0.05381,0.00000
3689,558.98058,0.03440,Ada ile odada gezin,False,False,-2.45346,3.99708,-19.58232,3.10000,0.03874,0.00000
3690,559.01329,0.03272,Ada ile odada gezin,False,False,-2.43036,3.99996,-19.58013,3.10000,0.02338,0.00000
3691,559.04664,0.03334,Ada ile odada gezin,False,False,-2.41456,4.00313,-19.57813,3.10000,0.01624,0.00000
3692,559.07892,0.03228,Ada ile odada gezin,False,False,-2.40413,4.00614,-19.57641,3.10000,0.01099,0.00000
3693,559.11229,0.03337,Ada ile odada gezin,False,False,-2.39729,4.00881,-19.57500,3.10000,0.00748,0.00000
3694,559.14627,0.03399,Ada ile odada gezin,False,False,-2.39245,4.01126,-19.57376,3.10000,0.00556,0.00000
3695,559.17892,0.03264,Ada ile odada gezin,False,False,-2.38929,4.01327,-19.57277,3.10000,0.00387,0.00000
3696,559.21163,0.03271,Ada ile odada gezin,False,False,-2.38714,4.01495,-19.57197,3.10000,0.00284,0.00000
3697,559.24608,0.03445,Ada ile odada gezin,False,False,-2.38566,4.01634,-19.57132,3.10000,0.00213,0.00000
3698,559.28017,0.03409,Ada ile odada gezin,False,False,-2.38458,4.01753,-19.57077,3.10000,0.00170,0.00000
3699,559.31185,0.03167,Ada ile odada gezin,False,False,-2.38388,4.01843,-19.57035,3.10000,0.00121,0.00000
3700,559.34429,0.03244,Ada ile odada gezin,False,False,-2.38337,4.01917,-19.57002,3.10000,0.00096,0.00000
3701,559.37787,0.03358,Ada ile odada gezin,False,False,-2.38301,4.01976,-19.56976,3.10000,0.00074,0.00000
3702,559.41213,0.03426,Ada ile odada gezin,False,False,-2.38274,4.02025,-19.56953,3.10000,0.00061,0.00000
3703,559.44508,0.03295,Ada ile odada gezin,False,False,-2.38255,4.02064,-19.56936,3.10000,0.00046,0.00000
3704,559.47796,0.03288,Ada ile odada gezin,False,False,-2.38238,4.02092,-19.56919,3.10000,0.00037,0.00000
3705,559.51126,0.03330,Ada ile odada gezin,False,False,-2.38224,4.02117,-19.56912,3.10000,0.00029,0.00000
3706,559.54704,0.03577,Ada ile odada gezin,False,False,-2.38218,4.02137,-19.56903,3.10000,0.00023,0.00000
3707,559.58727,0.04023,Ada ile odada gezin,False,False,-2.38213,4.02154,-19.56896,3.10000,0.00019,0.00000
3708,559.61860,0.03133,Ada ile odada gezin,False,False,-2.38209,4.02167,-19.56890,3.10000,0.00016,0.00000
3709,559.64598,0.02738,Ada ile odada gezin,False,False,-2.38207,4.02175,-19.56887,3.10000,0.00009,0.00000
3710,559.67943,0.03345,Ada ile odada gezin,False,False,-2.38205,4.02183,-19.56883,3.10000,0.00009,0.00000
3711,559.71274,0.03331,Ada ile odada gezin,False,False,-2.38203,4.02189,-19.56881,3.10000,0.00007,0.00000
3712,559.74653,0.03380,Ada ile odada gezin,False,False,-2.38201,4.02194,-19.56879,3.10000,0.00006,0.00000
3713,559.77908,0.03254,Ada ile odada gezin,False,False,-2.38200,4.02198,-19.56877,3.10000,0.00004,0.00000
3714,559.81112,0.03204,Ada ile odada gezin,False,False,-2.38199,4.02201,-19.56876,3.10000,0.00003,0.00000
3715,559.84489,0.03377,Ada ile odada gezin,False,False,-2.38199,4.02203,-19.56875,3.10000,0.00003,0.00000
3716,559.87988,0.03499,Ada ile odada gezin,False,False,-2.38198,4.02205,-19.56874,3.10000,0.00002,0.00000
3717,559.91270,0.03282,Ada ile odada gezin,False,False,-2.38196,4.02212,-19.56871,3.10000,0.00008,0.00000
3718,559.94494,0.03224,Ada ile odada gezin,False,False,-2.38196,4.02212,-19.56871,3.10000,0.00000,0.00000
3719,559.97769,0.03274,Ada ile odada gezin,False,False,-2.38196,4.02212,-19.56871,3.10000,0.00000,0.00000
3720,560.01382,0.03613,Ada ile odada gezin,False,False,-2.38196,4.02212,-19.56871,3.10000,0.00000,0.00000
3721,560.04786,0.03404,Ada ile odada gezin,False,False,-2.38196,4.02212,-19.56871,3.10000,0.00000,0.00000
3722,560.08068,0.03282,Yakından incele · hose,True,False,-2.38442,4.01344,-19.56021,3.09331,0.01239,0.00000
3723,560.11429,0.03361,Yakından incele · hose,True,False,-2.39245,3.98506,-19.53240,3.07144,0.04054,0.35388
3724,560.14612,0.03183,Yakından incele · hose,True,False,-2.40469,3.94179,-19.49002,3.03810,0.06179,0.54536
3725,560.17975,0.03363,Yakından incele · hose,True,False,-2.42153,3.88230,-19.43174,2.99225,0.08497,0.75069
3726,560.21444,0.03470,Yakından incele · hose,True,False,-2.44318,3.80577,-19.35678,2.93328,0.10929,0.96509
3727,560.24749,0.03305,Yakından incele · hose,True,False,-2.46879,3.71529,-19.26815,2.86356,0.12922,1.14191
3728,560.27888,0.03139,Yakından incele · hose,True,False,-2.49647,3.61746,-19.17232,2.78817,0.13971,1.23415
3729,560.31111,0.03223,Yakından incele · hose,True,False,-2.52714,3.50906,-19.06614,2.70464,0.15481,1.36714
3730,560.34500,0.03389,Yakından incele · hose,True,False,-2.56118,3.38877,-18.94831,2.61195,0.17179,1.51798
3731,560.37873,0.03373,Yakından incele · hose,True,False,-2.59865,3.25637,-18.81861,2.50991,0.18910,1.67113
3732,560.41144,0.03272,Yakından incele · hose,True,False,-2.63722,3.12006,-18.68509,2.40488,0.19466,1.72051
3733,560.44427,0.03282,Yakından incele · hose,True,False,-2.67692,2.97976,-18.54765,2.29676,0.20038,1.77073
3734,560.47784,0.03357,Yakından incele · hose,True,False,-2.71860,2.83246,-18.40337,2.18326,0.21036,1.85914
3735,560.51166,0.03382,Yakından incele · hose,True,False,-2.76181,2.67977,-18.25380,2.06559,0.21807,1.92736
3736,560.54583,0.03418,Yakından incele · hose,True,False,-2.80539,2.52575,-18.10293,1.94691,0.21996,1.94393
3737,560.57932,0.03348,Yakından incele · hose,True,False,-2.84991,2.36844,-17.94883,1.82568,0.22467,1.98537
3738,560.61166,0.03235,Yakından incele · hose,True,False,-2.89289,2.21655,-17.80004,1.70863,0.21693,1.91677
3739,560.64545,0.03379,Yakından incele · hose,True,False,-2.93557,2.06572,-17.65229,1.59240,0.21541,1.90324
3740,560.67874,0.03329,Yakından incele · hose,True,False,-2.97907,1.91200,-17.50172,1.47395,0.21953,1.93990
3741,560.71158,0.03284,Yakından incele · hose,True,False,-3.01918,1.77025,-17.36287,1.36472,0.20244,1.78876
3742,560.74552,0.03394,Yakından incele · hose,True,False,-3.05966,1.62721,-17.22275,1.25449,0.20428,1.80531
3743,560.77975,0.03423,Yakından incele · hose,True,False,-3.09772,1.49272,-17.09101,1.15085,0.19207,1.69761
3744,560.81334,0.03359,Yakından incele · hose,True,False,-3.13434,1.36330,-16.96424,1.05112,0.18483,1.63323
3745,560.84582,0.03248,Yakından incele · hose,True,False,-3.16707,1.24765,-16.85095,0.96200,0.16517,1.45908
3746,560.87927,0.03344,Yakından incele · hose,True,False,-3.19713,1.14141,-16.74688,0.88013,0.15173,1.33996
3747,560.91256,0.03329,Yakından incele · hose,True,False,-3.22478,1.04371,-16.65117,0.80484,0.13953,1.23288
3748,560.94652,0.03396,Yakından incele · hose,True,False,-3.24780,0.96236,-16.57149,0.74216,0.11617,1.02640
3749,560.97985,0.03334,Yakından incele · hose,True,False,-3.26808,0.89069,-16.50129,0.68693,0.10235,0.90308
3750,561.01193,0.03208,Yakından incele · hose,True,False,-3.28277,0.83876,-16.45042,0.64691,0.07417,0.65372
3751,561.04495,0.03302,Yakından incele · hose,True,False,-3.29342,0.80112,-16.41355,0.61791,0.05375,0.47313
3752,561.07883,0.03388,Yakından incele · hose,True,False,-3.29911,0.78104,-16.39387,0.60243,0.02869,0.24708
3753,561.11243,0.03360,Yakından incele · hose,False,False,-3.30000,0.77788,-16.39078,0.60000,0.00451,0.00000
3754,561.14846,0.03603,Yakından incele · hose,False,False,-3.30000,0.77788,-16.39078,0.60000,0.00000,0.00000
3755,561.17981,0.03135,Yakından incele · hose,False,False,-3.30000,0.77788,-16.39078,0.60000,0.00000,0.00000
3756,561.21228,0.03247,Yakından incele · hose,False,False,-3.30000,0.77788,-16.39078,0.60000,0.00000,0.00000
3757,561.24485,0.03257,Yakından incele · hose,False,False,-3.30000,0.77788,-16.39078,0.60000,0.00000,0.00000
3758,561.27864,0.03379,Yakından incele · hose,False,False,-3.30000,0.77788,-16.39078,0.60000,0.00000,0.00000
3759,561.31296,0.03432,Yakından incele · hose,False,False,-3.30000,0.77788,-16.39078,0.60000,0.00000,0.00000
3760,561.34665,0.03369,Yakından incele · hose,False,False,-3.30000,0.77788,-16.39078,0.60000,0.00000,0.00000
3761,561.38059,0.03394,Yakından incele · hose,False,False,-3.30000,0.77788,-16.39078,0.60000,0.00000,0.00000
3762,561.41341,0.03282,Yakından incele · hose,False,False,-3.30000,0.77788,-16.39078,0.60000,0.00000,0.00000
3763,561.44554,0.03213,Yakından incele · hose,False,False,-3.30000,0.77788,-16.39078,0.60000,0.00000,0.00000
3764,561.47848,0.03294,Yakından incele · hose,False,False,-3.30000,0.77788,-16.39078,0.60000,0.00000,0.00000
3765,561.51199,0.03351,Yakından incele · hose,False,False,-3.30000,0.77788,-16.39078,0.60000,0.00000,0.00000
3766,561.54670,0.03471,Yakından incele · hose,False,False,-3.30000,0.77788,-16.39078,0.60000,0.00000,0.00000
3767,561.57983,0.03313,Yakından incele · hose,False,False,-3.30000,0.77788,-16.39078,0.60000,0.00000,0.00000
3768,561.61349,0.03366,Yakından incele · hose,False,False,-3.30000,0.77788,-16.39078,0.60000,0.00000,0.00000
3769,561.64670,0.03321,Yakından incele · hose,False,False,-3.30000,0.77788,-16.39078,0.60000,0.00000,0.00000
3770,561.67959,0.03288,Yakından incele · hose,False,False,-3.30000,0.77788,-16.39078,0.60000,0.00000,0.00000
3771,561.71303,0.03345,Yakından incele · hose,False,False,-3.30000,0.77788,-16.39078,0.60000,0.00000,0.00000
3772,561.74598,0.03295,Yakından incele · hose,False,False,-3.30000,0.77788,-16.39078,0.60000,0.00000,0.00000
3773,561.78059,0.03461,Yakından incele · hose,False,False,-3.30000,0.77788,-16.39078,0.60000,0.00000,0.00000
3774,561.81660,0.03600,Yakından incele · hose,False,False,-3.30000,0.77788,-16.39078,0.60000,0.00000,0.00000
3775,561.84620,0.02960,Yakından incele · hose,False,False,-3.30000,0.77788,-16.39078,0.60000,0.00000,0.00000
3776,561.88054,0.03434,Yakından incele · hose,False,False,-3.30000,0.77788,-16.39078,0.60000,0.00000,0.00000
3777,561.91287,0.03233,Yakından incele · hose,False,False,-3.30000,0.77788,-16.39078,0.60000,0.00000,0.00000
3778,561.94633,0.03346,Yakından incele · hose,False,False,-3.30000,0.77788,-16.39078,0.60000,0.00000,0.00000
3779,561.98084,0.03451,Yakından incele · hose,False,False,-3.30000,0.77788,-16.39078,0.60000,0.00000,0.00000
3780,562.01323,0.03239,Yakından incele · hose,False,False,-3.30000,0.77788,-16.39078,0.60000,0.00000,0.00000
3781,562.04573,0.03250,Yakından incele · hose,False,False,-3.30000,0.77788,-16.39078,0.60000,0.00000,0.00000
3782,562.08024,0.03451,Yakından incele · hose,False,False,-3.30000,0.77788,-16.39078,0.60000,0.00000,0.00000
3783,562.11367,0.03344,Yakından incele · hose,False,False,-3.30000,0.77788,-16.39078,0.60000,0.00000,0.00000
3784,562.14597,0.03230,Yakından incele · hose,False,False,-3.30000,0.77788,-16.39078,0.60000,0.00000,0.00000
3785,562.19013,0.04416,Yakından incele · hose,False,False,-3.30000,0.77788,-16.39078,0.60000,0.00000,0.00000
3786,562.22438,0.03424,Yakından incele · hose,False,False,-3.30000,0.77788,-16.39078,0.60000,0.00000,0.00000
3787,562.25721,0.03283,Yakından incele · hose,False,False,-3.30000,0.77788,-16.39078,0.60000,0.00000,0.00000
3788,562.28960,0.03239,Yakından incele · hose,False,False,-3.30000,0.77788,-16.39078,0.60000,0.00000,0.00000
3789,562.32275,0.03315,Yakından incele · hose,False,False,-3.30000,0.77788,-16.39078,0.60000,0.00000,0.00000
3790,562.35709,0.03433,Yakından incele · hose,False,False,-3.30000,0.77788,-16.39078,0.60000,0.00000,0.00000
3791,562.39095,0.03386,Yakından incele · hose,False,False,-3.30000,0.77788,-16.39078,0.60000,0.00000,0.00000
3792,562.42293,0.03198,Yakından incele · hose,False,False,-3.30000,0.77788,-16.39078,0.60000,0.00000,0.00000
3793,562.45536,0.03244,Yakından incele · hose,False,False,-3.30000,0.77788,-16.39078,0.60000,0.00000,0.00000
3794,562.49107,0.03571,Yakından incele · fire1,True,False,-3.31497,0.78168,-16.37696,0.60573,0.02073,0.48618
3795,562.52463,0.03356,Yakından incele · fire1,True,False,-3.35618,0.79213,-16.33890,0.62151,0.05706,1.34637
3796,562.55719,0.03256,Yakından incele · fire1,True,False,-3.42300,0.80908,-16.27719,0.64710,0.09252,2.18435
3797,562.58932,0.03213,Yakından incele · fire1,True,False,-3.50898,0.83089,-16.19777,0.68004,0.11907,2.81111
3798,562.62196,0.03264,Yakından incele · fire1,True,False,-3.61823,0.85860,-16.09687,0.72188,0.15128,3.57194
3799,562.65577,0.03381,Yakından incele · fire1,True,False,-3.74574,0.89094,-15.97911,0.77071,0.17655,4.16882
3800,562.68961,0.03384,Yakından incele · fire1,True,False,-3.89508,0.92882,-15.84119,0.82790,0.20678,4.88240
3801,562.72213,0.03252,Yakından incele · fire1,True,False,-4.05689,0.96986,-15.69174,0.88987,0.22405,5.29002
3802,562.75483,0.03270,Yakından incele · fire1,True,False,-4.23036,1.01386,-15.53153,0.95631,0.24021,5.67159
3803,562.78914,0.03431,Yakından incele · fire1,True,False,-4.41785,1.06141,-15.35837,1.02811,0.25961,6.12968
3804,562.82383,0.03469,Yakından incele · fire1,True,False,-4.62488,1.11393,-15.16716,1.10740,0.28668,6.76897
3805,562.85652,0.03269,Yakından incele · fire1,True,False,-4.83119,1.16626,-14.97662,1.18641,0.28567,6.74521
3806,562.88914,0.03261,Yakından incele · fire1,True,False,-5.04386,1.22020,-14.78020,1.26786,0.29448,6.95331
3807,562.92213,0.03300,Yakından incele · fire1,True,False,-5.25939,1.27487,-14.58115,1.35040,0.29843,7.04662
3808,562.95591,0.03378,Yakından incele · fire1,True,False,-5.48383,1.33179,-14.37386,1.43636,0.31078,7.33781
3809,562.98983,0.03392,Yakından incele · fire1,True,False,-5.70675,1.38833,-14.16798,1.52173,0.30867,7.28812
3810,563.02379,0.03396,Yakından incele · fire1,True,False,-5.93546,1.44635,-13.95675,1.60933,0.31669,7.47759
3811,563.05631,0.03252,Yakından incele · fire1,True,False,-6.15473,1.50196,-13.75424,1.69330,0.30361,7.16860
3812,563.08918,0.03287,Yakından incele · fire1,True,False,-6.36809,1.55608,-13.55719,1.77501,0.29543,6.97569
3813,563.12441,0.03522,Yakından incele · fire1,True,False,-6.57903,1.60958,-13.36236,1.85580,0.29209,6.89677
3814,563.15793,0.03353,Yakından incele · fire1,True,False,-6.79393,1.66409,-13.16389,1.93810,0.29757,7.02603
3815,563.19033,0.03240,Yakından incele · fire1,True,False,-6.97713,1.71056,-12.99469,2.00826,0.25367,5.98947
3816,563.22350,0.03317,Yakından incele · fire1,True,False,-7.16428,1.75803,-12.82185,2.07994,0.25913,6.11843
3817,563.25506,0.03156,Yakından incele · fire1,True,False,-7.32814,1.79959,-12.67051,2.14269,0.22690,5.35752
3818,563.28834,0.03327,Yakından incele · fire1,True,False,-7.47945,1.83797,-12.53076,2.20064,0.20952,4.94724
3819,563.32261,0.03427,Yakından incele · fire1,True,False,-7.62028,1.87369,-12.40070,2.25457,0.19500,4.60395
3820,563.35635,0.03374,Yakından incele · fire1,True,False,-7.74135,1.90440,-12.28888,2.30094,0.16764,3.95785
3821,563.38854,0.03219,Yakından incele · fire1,True,False,-7.83958,1.92931,-12.19816,2.33856,0.13601,3.21094
3822,563.42170,0.03316,Yakından incele · fire1,True,False,-7.91462,1.94834,-12.12886,2.36730,0.10391,2.45306
3823,563.45563,0.03392,Yakından incele · fire1,True,False,-7.96935,1.96223,-12.07831,2.38826,0.07578,1.78920
3824,563.48882,0.03320,Yakından incele · fire1,True,False,-7.99640,1.96909,-12.05332,2.39862,0.03746,0.88558
3825,563.52293,0.03411,Yakından incele · fire1,False,False,-8.00000,1.97000,-12.05000,2.40000,0.00498,0.00000
3826,563.55761,0.03469,Yakından incele · fire1,False,False,-8.00000,1.97000,-12.05000,2.40000,0.00000,0.00000
3827,563.59091,0.03329,Yakından incele · fire1,False,False,-8.00000,1.97000,-12.05000,2.40000,0.00000,0.00000
3828,563.62455,0.03365,Yakından incele · fire1,False,False,-8.00000,1.97000,-12.05000,2.40000,0.00000,0.00000
3829,563.65694,0.03239,Yakından incele · fire1,False,False,-8.00000,1.97000,-12.05000,2.40000,0.00000,0.00000
3830,563.69021,0.03326,Yakından incele · fire1,False,False,-8.00000,1.97000,-12.05000,2.40000,0.00000,0.00000
3831,563.72309,0.03288,Yakından incele · fire1,False,False,-8.00000,1.97000,-12.05000,2.40000,0.00000,0.00000
3832,563.75705,0.03396,Yakından incele · fire1,False,False,-8.00000,1.97000,-12.05000,2.40000,0.00000,0.00000
3833,563.79089,0.03384,Yakından incele · fire1,False,False,-8.00000,1.97000,-12.05000,2.40000,0.00000,0.00000
3834,563.82312,0.03223,Yakından incele · fire1,False,False,-8.00000,1.97000,-12.05000,2.40000,0.00000,0.00000
3835,563.85756,0.03444,Yakından incele · fire1,False,False,-8.00000,1.97000,-12.05000,2.40000,0.00000,0.00000
3836,563.89216,0.03460,Yakından incele · fire1,False,False,-8.00000,1.97000,-12.05000,2.40000,0.00000,0.00000
3837,563.92495,0.03279,Yakından incele · fire1,False,False,-8.00000,1.97000,-12.05000,2.40000,0.00000,0.00000
3838,563.97210,0.04715,Yakından incele · fire1,False,False,-8.00000,1.97000,-12.05000,2.40000,0.00000,0.00000
3839,564.01251,0.04041,Yakından incele · fire1,False,False,-8.00000,1.97000,-12.05000,2.40000,0.00000,0.00000
3840,564.05070,0.03819,Yakından incele · fire1,False,False,-8.00000,1.97000,-12.05000,2.40000,0.00000,0.00000
3841,564.06568,0.01498,Yakından incele · fire1,False,False,-8.00000,1.97000,-12.05000,2.40000,0.00000,0.00000
3842,564.09859,0.03292,Yakından incele · fire1,False,False,-8.00000,1.97000,-12.05000,2.40000,0.00000,0.00000
3843,564.13170,0.03310,Yakından incele · fire1,False,False,-8.00000,1.97000,-12.05000,2.40000,0.00000,0.00000
3844,564.16361,0.03192,Yakından incele · fire1,False,False,-8.00000,1.97000,-12.05000,2.40000,0.00000,0.00000
3845,564.19670,0.03308,Yakından incele · fire1,False,False,-8.00000,1.97000,-12.05000,2.40000,0.00000,0.00000
3846,564.22947,0.03277,Yakından incele · fire1,False,False,-8.00000,1.97000,-12.05000,2.40000,0.00000,0.00000
3847,564.26232,0.03285,Yakından incele · fire1,False,False,-8.00000,1.97000,-12.05000,2.40000,0.00000,0.00000
3848,564.29602,0.03370,Yakından incele · fire1,False,False,-8.00000,1.97000,-12.05000,2.40000,0.00000,0.00000
3849,564.32901,0.03299,Yakından incele · fire1,False,False,-8.00000,1.97000,-12.05000,2.40000,0.00000,0.00000
3850,564.36268,0.03368,Yakından incele · fire1,False,False,-8.00000,1.97000,-12.05000,2.40000,0.00000,0.00000
3851,564.39673,0.03405,Yakından incele · fire1,False,False,-8.00000,1.97000,-12.05000,2.40000,0.00000,0.00000
3852,564.42914,0.03241,Yakından incele · fire1,False,False,-8.00000,1.97000,-12.05000,2.40000,0.00000,0.00000
3853,564.46303,0.03389,Yakından incele · fire1,False,False,-8.00000,1.97000,-12.05000,2.40000,0.00000,0.00000
3854,564.49594,0.03291,Yakından incele · fire1,False,False,-8.00000,1.97000,-12.05000,2.40000,0.00000,0.00000
3855,564.52904,0.03310,Yakından incele · fire1,False,False,-8.00000,1.97000,-12.05000,2.40000,0.00000,0.00000
3856,564.56276,0.03372,Yakından incele · fire1,False,False,-8.00000,1.97000,-12.05000,2.40000,0.00000,0.00000
3857,564.59608,0.03332,Yakından incele · fire1,False,False,-8.00000,1.97000,-12.05000,2.40000,0.00000,0.00000
3858,564.62972,0.03364,Yakından incele · fire1,False,False,-8.00000,1.97000,-12.05000,2.40000,0.00000,0.00000
3859,564.66362,0.03390,Yakından incele · fire1,False,False,-8.00000,1.97000,-12.05000,2.40000,0.00000,0.00000
3860,564.69561,0.03199,Yakından incele · fire1,False,False,-8.00000,1.97000,-12.05000,2.40000,0.00000,0.00000
3861,564.72878,0.03317,Yakından incele · fire1,False,False,-8.00000,1.97000,-12.05000,2.40000,0.00000,0.00000
3862,564.76184,0.03307,Yakından incele · fire1,False,False,-8.00000,1.97000,-12.05000,2.40000,0.00000,0.00000
3863,564.79536,0.03351,Yakından incele · fire1,False,False,-8.00000,1.97000,-12.05000,2.40000,0.00000,0.00000
3864,564.82954,0.03419,Yakından incele · fire1,False,False,-8.00000,1.97000,-12.05000,2.40000,0.00000,0.00000
3865,564.86350,0.03396,Yakından incele · fire1,False,False,-8.00000,1.97000,-12.05000,2.40000,0.00000,0.00000
3866,564.89674,0.03324,Yakından incele · fire1,False,False,-8.00000,1.97000,-12.05000,2.40000,0.00000,0.00000
3867,564.93063,0.03388,Yakından incele · fire1,False,False,-8.00000,1.97000,-12.05000,2.40000,0.00000,0.00000
3868,564.96347,0.03284,Yakından incele · fire1,False,False,-8.00000,1.97000,-12.05000,2.40000,0.00000,0.00000
3869,565.00470,0.04123,Yakından incele · fire1,False,False,-8.00000,1.97000,-12.05000,2.40000,0.00000,0.00000
3870,565.04746,0.04276,Yakından incele · fire1,False,False,-8.00000,1.97000,-12.05000,2.40000,0.00000,0.00000
3871,565.07423,0.02677,Yakından incele · fire1,False,False,-8.00000,1.97000,-12.05000,2.40000,0.00000,0.00000
3872,565.10139,0.02716,Yakından incele · fire1,False,False,-8.00000,1.97000,-12.05000,2.40000,0.00000,0.00000
3873,565.12958,0.02819,Yakından incele · fire1,False,False,-8.00000,1.97000,-12.05000,2.40000,0.00000,0.00000
3874,565.16153,0.03195,Yakından incele · fire1,False,False,-8.00000,1.97000,-12.05000,2.40000,0.00000,0.00000
3875,565.19602,0.03449,Yakından incele · fire1,False,False,-8.00000,1.97000,-12.05000,2.40000,0.00000,0.00000
3876,565.23080,0.03478,Yakından incele · fire1,False,False,-8.00000,1.97000,-12.05000,2.40000,0.00000,0.00000
3877,565.26355,0.03275,Yakından incele · fire1,False,False,-8.00000,1.97000,-12.05000,2.40000,0.00000,0.00000
3878,565.29617,0.03262,Yakından incele · fire1,False,False,-8.00000,1.97000,-12.05000,2.40000,0.00000,0.00000
3879,565.32980,0.03362,Yakından incele · fire1,False,False,-8.00000,1.97000,-12.05000,2.40000,0.00000,0.00000
3880,565.36385,0.03405,Yakından incele · fire1,False,False,-8.00000,1.97000,-12.05000,2.40000,0.00000,0.00000
3881,565.39802,0.03417,Yakından incele · fire1,False,False,-8.00000,1.97000,-12.05000,2.40000,0.00000,0.00000
3882,565.43113,0.03311,Yakından incele · fire1,False,False,-8.00000,1.97000,-12.05000,2.40000,0.00000,0.00000
3883,565.46361,0.03247,Yakından incele · fire1,False,False,-8.00000,1.97000,-12.05000,2.40000,0.00000,0.00000
3884,565.51112,0.04751,Yakından incele · fire1,False,False,-8.00000,1.97000,-12.05000,2.40000,0.00000,0.00000
3885,565.54454,0.03342,Yakından incele · fire1,False,False,-8.00000,1.97000,-12.05000,2.40000,0.00000,0.00000
3886,565.57931,0.03477,Yakından incele · fire1,False,False,-8.00000,1.97000,-12.05000,2.40000,0.00000,0.00000
3887,565.61288,0.03358,Yakından incele · fire1,False,False,-8.00000,1.97000,-12.05000,2.40000,0.00000,0.00000
3888,565.64618,0.03330,Yakından incele · fire1,False,False,-8.00000,1.97000,-12.05000,2.40000,0.00000,0.00000
3889,565.67978,0.03360,Yakından incele · fire1,False,False,-8.00000,1.97000,-12.05000,2.40000,0.00000,0.00000
3890,565.71319,0.03340,Yakından incele · fire1,False,False,-8.00000,1.97000,-12.05000,2.40000,0.00000,0.00000
3891,565.74505,0.03186,Yakından incele · fire1,False,False,-8.00000,1.97000,-12.05000,2.40000,0.00000,0.00000
3892,565.77669,0.03164,Yakından incele · fire1,False,False,-8.00000,1.97000,-12.05000,2.40000,0.00000,0.00000
3893,565.81077,0.03408,Yakından incele · fire1,False,False,-8.00000,1.97000,-12.05000,2.40000,0.00000,0.00000
3894,565.84596,0.03519,Yakından incele · fire1,False,False,-8.00000,1.97000,-12.05000,2.40000,0.00000,0.00000
3895,565.87990,0.03394,Yakından incele · fire1,False,False,-8.00000,1.97000,-12.05000,2.40000,0.00000,0.00000
3896,565.91208,0.03218,Yakından incele · fire1,False,False,-8.00000,1.97000,-12.05000,2.40000,0.00000,0.00000
3897,565.94446,0.03237,Yakından incele · fire1,False,False,-8.00000,1.97000,-12.05000,2.40000,0.00000,0.00000
3898,565.97724,0.03278,Yakından incele · fire1,False,False,-8.00000,1.97000,-12.05000,2.40000,0.00000,0.00000
3899,566.01187,0.03463,Yakından incele · fire1,False,False,-8.00000,1.97000,-12.05000,2.40000,0.00000,0.00000
3900,566.04586,0.03399,Yakından incele · fire1,False,False,-8.00000,1.97000,-12.05000,2.40000,0.00000,0.00000
3901,566.07768,0.03182,Yakından incele · fire1,False,False,-8.00000,1.97000,-12.05000,2.40000,0.00000,0.00000
3902,566.11034,0.03266,Yakından incele · fire1,False,False,-8.00000,1.97000,-12.05000,2.40000,0.00000,0.00000
3903,566.14926,0.03891,Yakından incele · fire1,False,False,-8.00000,1.97000,-12.05000,2.40000,0.00000,0.00000
3904,566.18499,0.03574,Yakından incele · fire1,False,False,-8.00000,1.97000,-12.05000,2.40000,0.00000,0.00000
3905,566.21442,0.02942,Yakından incele · fire1,False,False,-8.00000,1.97000,-12.05000,2.40000,0.00000,0.00000
3906,566.24416,0.02975,Yakından incele · fire1,False,False,-8.00000,1.97000,-12.05000,2.40000,0.00000,0.00000
3907,566.27695,0.03278,Yakından incele · fire1,False,False,-8.00000,1.97000,-12.05000,2.40000,0.00000,0.00000
3908,566.31098,0.03403,Yakından incele · fire1,False,False,-8.00000,1.97000,-12.05000,2.40000,0.00000,0.00000
3909,566.34476,0.03378,Yakından incele · fire1,False,False,-8.00000,1.97000,-12.05000,2.40000,0.00000,0.00000
3910,566.38216,0.03740,Yakından incele · fire1,False,False,-8.00000,1.97000,-12.05000,2.40000,0.00000,0.00000
3911,566.41228,0.03013,Yakından incele · fire1,False,False,-8.00000,1.97000,-12.05000,2.40000,0.00000,0.00000
3912,566.44571,0.03343,Yakından incele · fire1,False,False,-8.00000,1.97000,-12.05000,2.40000,0.00000,0.00000
3913,566.47790,0.03218,Yakından incele · fire1,False,False,-8.00000,1.97000,-12.05000,2.40000,0.00000,0.00000
3914,566.51191,0.03401,Yakından incele · fire1,False,False,-8.00000,1.97000,-12.05000,2.40000,0.00000,0.00000
3915,566.54566,0.03375,Yakından incele · fire1,False,False,-8.00000,1.97000,-12.05000,2.40000,0.00000,0.00000
3916,566.57938,0.03372,Yakından incele · fire1,False,False,-8.00000,1.97000,-12.05000,2.40000,0.00000,0.00000
3917,566.61288,0.03350,Yakından incele · fire1,False,False,-8.00000,1.97000,-12.05000,2.40000,0.00000,0.00000
3918,566.64612,0.03324,Yakından incele · fire1,False,False,-8.00000,1.97000,-12.05000,2.40000,0.00000,0.00000
3919,566.67876,0.03264,Yakından incele · fire1,False,False,-8.00000,1.97000,-12.05000,2.40000,0.00000,0.00000
3920,566.71152,0.03276,Yakından incele · fire1,False,False,-8.00000,1.97000,-12.05000,2.40000,0.00000,0.00000
3921,566.74636,0.03484,Yakından incele · fire1,False,False,-8.00000,1.97000,-12.05000,2.40000,0.00000,0.00000
3922,566.78079,0.03443,Yakından incele · fire1,False,False,-8.00000,1.97000,-12.05000,2.40000,0.00000,0.00000
3923,566.81456,0.03377,Yakından incele · fire1,False,False,-8.00000,1.97000,-12.05000,2.40000,0.00000,0.00000
3924,566.85353,0.03897,Yakından incele · fire1,False,False,-8.00000,1.97000,-12.05000,2.40000,0.00000,0.00000
3925,566.88592,0.03239,Yakından incele · fire1,False,False,-8.00000,1.97000,-12.05000,2.40000,0.00000,0.00000
3926,566.91987,0.03395,Yakından incele · fire1,False,False,-8.00000,1.97000,-12.05000,2.40000,0.00000,0.00000
3927,566.96635,0.04649,Yakından incele · fire1,False,False,-8.00000,1.97000,-12.05000,2.40000,0.00000,0.00000
3928,566.99334,0.02699,Yakından incele · fire1,False,False,-8.00000,1.97000,-12.05000,2.40000,0.00000,0.00000
3929,567.01206,0.01872,Yakından incele · fire1,False,False,-8.00000,1.97000,-12.05000,2.40000,0.00000,0.00000
3930,567.04481,0.03274,Yakından incele · fire1,False,False,-8.00000,1.97000,-12.05000,2.40000,0.00000,0.00000
3931,567.07805,0.03324,Yakından incele · fire1,False,False,-8.00000,1.97000,-12.05000,2.40000,0.00000,0.00000
3932,567.11149,0.03344,Yakından incele · fire1,False,False,-8.00000,1.97000,-12.05000,2.40000,0.00000,0.00000
3933,567.14488,0.03340,Yakından incele · fire1,False,False,-8.00000,1.97000,-12.05000,2.40000,0.00000,0.00000
3934,567.17784,0.03295,Yakından incele · fire1,False,False,-8.00000,1.97000,-12.05000,2.40000,0.00000,0.00000
3935,567.21126,0.03342,Yakından incele · fire1,False,False,-8.00000,1.97000,-12.05000,2.40000,0.00000,0.00000
3936,567.24388,0.03262,Yakından incele · fire1,False,False,-8.00000,1.97000,-12.05000,2.40000,0.00000,0.00000
3937,567.27783,0.03395,Yakından incele · fire1,False,False,-8.00000,1.97000,-12.05000,2.40000,0.00000,0.00000
3938,567.31153,0.03370,Yakından incele · fire1,False,False,-8.00000,1.97000,-12.05000,2.40000,0.00000,0.00000
3939,567.34495,0.03342,Yakından incele · fire1,False,False,-8.00000,1.97000,-12.05000,2.40000,0.00000,0.00000
3940,567.37803,0.03308,Yakından incele · fire1,False,False,-8.00000,1.97000,-12.05000,2.40000,0.00000,0.00000
3941,567.41096,0.03293,Yakından incele · fire1,False,False,-8.00000,1.97000,-12.05000,2.40000,0.00000,0.00000
3942,567.44458,0.03362,Yakından incele · fire1,False,False,-8.00000,1.97000,-12.05000,2.40000,0.00000,0.00000
3943,567.47758,0.03300,Yakından incele · fire1,False,False,-8.00000,1.97000,-12.05000,2.40000,0.00000,0.00000
3944,567.51120,0.03362,Yakından incele · fire1,False,False,-8.00000,1.97000,-12.05000,2.40000,0.00000,0.00000
3945,567.54413,0.03293,Yakından incele · fire1,False,False,-8.00000,1.97000,-12.05000,2.40000,0.00000,0.00000
3946,567.57704,0.03291,Yakından incele · fire1,False,False,-8.00000,1.97000,-12.05000,2.40000,0.00000,0.00000
3947,567.61077,0.03373,Yakından incele · fire1,False,False,-8.00000,1.97000,-12.05000,2.40000,0.00000,0.00000
3948,567.64450,0.03374,Yakından incele · fire1,False,False,-8.00000,1.97000,-12.05000,2.40000,0.00000,0.00000
3949,567.67788,0.03338,Yakından incele · fire1,False,False,-8.00000,1.97000,-12.05000,2.40000,0.00000,0.00000
3950,567.71063,0.03275,Yakından incele · fire1,False,False,-8.00000,1.97000,-12.05000,2.40000,0.00000,0.00000
3951,567.74461,0.03398,Yakından incele · fire1,False,False,-8.00000,1.97000,-12.05000,2.40000,0.00000,0.00000
3952,567.77733,0.03271,Yakından incele · fire1,False,False,-8.00000,1.97000,-12.05000,2.40000,0.00000,0.00000
3953,567.81051,0.03318,Yakından incele · fire1,False,False,-8.00000,1.97000,-12.05000,2.40000,0.00000,0.00000
3954,567.84485,0.03434,Yakından incele · fire1,False,False,-8.00000,1.97000,-12.05000,2.40000,0.00000,0.00000
3955,567.87773,0.03288,Yakından incele · fire1,False,False,-8.00000,1.97000,-12.05000,2.40000,0.00000,0.00000
3956,567.91142,0.03369,Yakından incele · fire1,False,False,-8.00000,1.97000,-12.05000,2.40000,0.00000,0.00000
3957,567.94471,0.03329,Yakından incele · fire1,False,False,-8.00000,1.97000,-12.05000,2.40000,0.00000,0.00000
3958,567.97763,0.03292,Yakından incele · fire1,False,False,-8.00000,1.97000,-12.05000,2.40000,0.00000,0.00000
3959,568.01118,0.03355,Yakından incele · fire1,False,False,-8.00000,1.97000,-12.05000,2.40000,0.00000,0.00000
3960,568.04462,0.03344,Yakından incele · fire1,False,False,-8.00000,1.97000,-12.05000,2.40000,0.00000,0.00000
3961,568.07922,0.03459,Yakından incele · fire1,False,False,-8.00000,1.97000,-12.05000,2.40000,0.00000,0.00000
3962,568.11170,0.03248,Yakından incele · fire1,False,False,-8.00000,1.97000,-12.05000,2.40000,0.00000,0.00000
3963,568.14547,0.03378,Yakından incele · fire1,False,False,-8.00000,1.97000,-12.05000,2.40000,0.00000,0.00000
3964,568.17828,0.03281,Yakından incele · fire1,False,False,-8.00000,1.97000,-12.05000,2.40000,0.00000,0.00000
3965,568.21109,0.03281,Yakından incele · fire1,False,False,-8.00000,1.97000,-12.05000,2.40000,0.00000,0.00000
3966,568.24453,0.03344,Yakından incele · fire1,False,False,-8.00000,1.97000,-12.05000,2.40000,0.00000,0.00000
3967,568.27740,0.03287,Yakından incele · fire1,False,False,-8.00000,1.97000,-12.05000,2.40000,0.00000,0.00000
3968,568.31078,0.03339,Yakından incele · fire1,False,False,-8.00000,1.97000,-12.05000,2.40000,0.00000,0.00000
3969,568.34512,0.03434,Yakından incele · fire1,False,False,-8.00000,1.97000,-12.05000,2.40000,0.00000,0.00000
3970,568.37817,0.03305,Yakından incele · fire1,False,False,-8.00000,1.97000,-12.05000,2.40000,0.00000,0.00000
3971,568.41090,0.03274,Yakından incele · fire1,False,False,-8.00000,1.97000,-12.05000,2.40000,0.00000,0.00000
3972,568.44437,0.03347,Yakından incele · fire1,False,False,-8.00000,1.97000,-12.05000,2.40000,0.00000,0.00000
3973,568.47730,0.03293,Yakından incele · fire1,False,False,-8.00000,1.97000,-12.05000,2.40000,0.00000,0.00000
3974,568.50965,0.03235,Yakından incele · fire1,False,False,-8.00000,1.97000,-12.05000,2.40000,0.00000,0.00000
3975,568.54391,0.03426,Yakından incele · fire1,False,False,-8.00000,1.97000,-12.05000,2.40000,0.00000,0.00000
3976,568.57782,0.03391,Yakından incele · fire1,False,False,-8.00000,1.97000,-12.05000,2.40000,0.00000,0.00000
3977,568.61121,0.03339,Yakından incele · fire1,False,False,-8.00000,1.97000,-12.05000,2.40000,0.00000,0.00000
3978,568.64467,0.03346,Yakından incele · fire1,False,False,-8.00000,1.97000,-12.05000,2.40000,0.00000,0.00000
3979,568.67778,0.03311,Yakından incele · fire1,False,False,-8.00000,1.97000,-12.05000,2.40000,0.00000,0.00000
3980,568.71201,0.03423,Yakından incele · fire1,False,False,-8.00000,1.97000,-12.05000,2.40000,0.00000,0.00000
3981,568.74417,0.03216,Yakından incele · fire1,False,False,-8.00000,1.97000,-12.05000,2.40000,0.00000,0.00000
3982,568.77775,0.03358,Yakından incele · fire1,False,False,-8.00000,1.97000,-12.05000,2.40000,0.00000,0.00000
3983,568.82607,0.04832,Yakından incele · fire1,False,False,-8.00000,1.97000,-12.05000,2.40000,0.00000,0.00000
3984,568.85912,0.03305,Yakından incele · fire1,False,False,-8.00000,1.97000,-12.05000,2.40000,0.00000,0.00000
3985,568.89226,0.03314,Yakından incele · fire1,False,False,-8.00000,1.97000,-12.05000,2.40000,0.00000,0.00000
3986,568.92527,0.03301,Yakından incele · fire1,False,False,-8.00000,1.97000,-12.05000,2.40000,0.00000,0.00000
3987,568.95871,0.03344,Yakından incele · fire1,False,False,-8.00000,1.97000,-12.05000,2.40000,0.00000,0.00000
3988,568.99158,0.03287,Yakından incele · fire1,False,False,-8.00000,1.97000,-12.05000,2.40000,0.00000,0.00000
3989,569.02551,0.03393,Yakından incele · fire1,False,False,-8.00000,1.97000,-12.05000,2.40000,0.00000,0.00000
3990,569.05860,0.03309,Yakından incele · fire1,False,False,-8.00000,1.97000,-12.05000,2.40000,0.00000,0.00000
3991,569.09251,0.03391,Yakından incele · fire1,False,False,-8.00000,1.97000,-12.05000,2.40000,0.00000,0.00000
3992,569.12635,0.03384,Yakından incele · fire1,False,False,-8.00000,1.97000,-12.05000,2.40000,0.00000,0.00000
3993,569.15981,0.03345,Yakından incele · fire1,False,False,-8.00000,1.97000,-12.05000,2.40000,0.00000,0.00000
3994,569.19316,0.03336,Yakından incele · fire1,False,False,-8.00000,1.97000,-12.05000,2.40000,0.00000,0.00000
3995,569.22612,0.03295,Yakından incele · fire1,False,False,-8.00000,1.97000,-12.05000,2.40000,0.00000,0.00000
3996,569.25936,0.03325,Yakından incele · fire1,False,False,-8.00000,1.97000,-12.05000,2.40000,0.00000,0.00000
3997,569.29255,0.03318,Yakından incele · fire1,False,False,-8.00000,1.97000,-12.05000,2.40000,0.00000,0.00000
3998,569.32581,0.03327,Yakından incele · fire1,False,False,-8.00000,1.97000,-12.05000,2.40000,0.00000,0.00000
3999,569.35895,0.03313,Yakından incele · fire1,False,False,-8.00000,1.97000,-12.05000,2.40000,0.00000,0.00000
4000,569.39291,0.03397,Yakından incele · fire1,False,False,-8.00000,1.97000,-12.05000,2.40000,0.00000,0.00000
4001,569.42594,0.03302,Yakından incele · fire1,False,False,-8.00000,1.97000,-12.05000,2.40000,0.00000,0.00000
4002,569.45811,0.03217,Yakından incele · fire1,False,False,-8.00000,1.97000,-12.05000,2.40000,0.00000,0.00000
4003,569.49205,0.03394,Yakından incele · fire1,False,False,-8.00000,1.97000,-12.05000,2.40000,0.00000,0.00000
4004,569.52543,0.03338,Yakından incele · fire1,False,False,-8.00000,1.97000,-12.05000,2.40000,0.00000,0.00000
4005,569.55958,0.03415,Yakından incele · fire1,False,False,-8.00000,1.97000,-12.05000,2.40000,0.00000,0.00000
4006,569.59226,0.03268,Yakından incele · fire1,False,False,-8.00000,1.97000,-12.05000,2.40000,0.00000,0.00000
4007,569.62570,0.03344,Yakından incele · fire1,False,False,-8.00000,1.97000,-12.05000,2.40000,0.00000,0.00000
4008,569.65950,0.03379,Yakından incele · fire1,False,False,-8.00000,1.97000,-12.05000,2.40000,0.00000,0.00000
4009,569.69286,0.03337,Yakından incele · fire1,False,False,-8.00000,1.97000,-12.05000,2.40000,0.00000,0.00000
4010,569.72645,0.03359,Yakından incele · fire1,False,False,-8.00000,1.97000,-12.05000,2.40000,0.00000,0.00000
4011,569.75983,0.03338,Yakından incele · fire1,False,False,-8.00000,1.97000,-12.05000,2.40000,0.00000,0.00000
4012,569.79369,0.03386,Yakından incele · fire1,False,False,-8.00000,1.97000,-12.05000,2.40000,0.00000,0.00000
4013,569.82593,0.03224,Yakından incele · fire1,False,False,-8.00000,1.97000,-12.05000,2.40000,0.00000,0.00000
4014,569.85978,0.03385,Yakından incele · fire1,False,False,-8.00000,1.97000,-12.05000,2.40000,0.00000,0.00000
4015,569.89265,0.03287,Yakından incele · fire1,False,False,-8.00000,1.97000,-12.05000,2.40000,0.00000,0.00000
4016,569.92551,0.03286,Yakından incele · fire1,False,False,-8.00000,1.97000,-12.05000,2.40000,0.00000,0.00000
4017,569.95912,0.03360,Yakından incele · fire1,False,False,-8.00000,1.97000,-12.05000,2.40000,0.00000,0.00000
4018,569.99348,0.03437,Yakından incele · fire1,False,False,-8.00000,1.97000,-12.05000,2.40000,0.00000,0.00000
4019,570.02646,0.03298,Yakından incele · fire1,False,False,-8.00000,1.97000,-12.05000,2.40000,0.00000,0.00000
4020,570.07229,0.04583,Yakından incele · fire1,False,False,-8.00000,1.97000,-12.05000,2.40000,0.00000,0.00000
4021,570.10520,0.03291,Yakından incele · fire1,False,False,-8.00000,1.97000,-12.05000,2.40000,0.00000,0.00000
4022,570.12543,0.02023,Yakından incele · fire1,False,False,-8.00000,1.97000,-12.05000,2.40000,0.00000,0.00000
4023,570.15878,0.03335,Yakından incele · fire1,False,False,-8.00000,1.97000,-12.05000,2.40000,0.00000,0.00000
4024,570.19427,0.03549,Yakından incele · fire1,False,False,-8.00000,1.97000,-12.05000,2.40000,0.00000,0.00000
4025,570.22749,0.03322,Yakından incele · fire1,False,False,-8.00000,1.97000,-12.05000,2.40000,0.00000,0.00000
4026,570.25931,0.03182,Yakından incele · fire1,False,False,-8.00000,1.97000,-12.05000,2.40000,0.00000,0.00000
4027,570.29291,0.03360,Yakından incele · fire1,False,False,-8.00000,1.97000,-12.05000,2.40000,0.00000,0.00000
4028,570.32564,0.03273,Yakından incele · fire1,False,False,-8.00000,1.97000,-12.05000,2.40000,0.00000,0.00000
4029,570.35882,0.03317,Yakından incele · fire1,False,False,-8.00000,1.97000,-12.05000,2.40000,0.00000,0.00000
4030,570.39212,0.03331,Yakından incele · fire1,False,False,-8.00000,1.97000,-12.05000,2.40000,0.00000,0.00000
4031,570.42596,0.03383,Yakından incele · fire1,False,False,-8.00000,1.97000,-12.05000,2.40000,0.00000,0.00000
4032,570.45982,0.03387,Yakından incele · fire1,False,False,-8.00000,1.97000,-12.05000,2.40000,0.00000,0.00000
4033,570.49258,0.03276,Yakından incele · fire1,False,False,-8.00000,1.97000,-12.05000,2.40000,0.00000,0.00000
4034,570.52588,0.03329,Yakından incele · fire1,False,False,-8.00000,1.97000,-12.05000,2.40000,0.00000,0.00000
4035,570.56028,0.03441,Yakından incele · fire1,False,False,-8.00000,1.97000,-12.05000,2.40000,0.00000,0.00000
4036,570.59282,0.03254,Yakından incele · fire1,False,False,-8.00000,1.97000,-12.05000,2.40000,0.00000,0.00000
4037,570.62564,0.03282,Yakından incele · fire1,False,False,-8.00000,1.97000,-12.05000,2.40000,0.00000,0.00000
4038,570.65975,0.03411,Yakından incele · fire1,False,False,-8.00000,1.97000,-12.05000,2.40000,0.00000,0.00000
4039,570.69314,0.03339,Yakından incele · fire1,False,False,-8.00000,1.97000,-12.05000,2.40000,0.00000,0.00000
4040,570.72651,0.03337,Yakından incele · fire1,False,False,-8.00000,1.97000,-12.05000,2.40000,0.00000,0.00000
4041,570.76022,0.03371,Yakından incele · fire1,False,False,-8.00000,1.97000,-12.05000,2.40000,0.00000,0.00000
4042,570.79270,0.03249,Yakından incele · fire1,False,False,-8.00000,1.97000,-12.05000,2.40000,0.00000,0.00000
4043,570.82631,0.03361,Yakından incele · fire1,False,False,-8.00000,1.97000,-12.05000,2.40000,0.00000,0.00000
4044,570.85871,0.03239,Yakından incele · fire1,False,False,-8.00000,1.97000,-12.05000,2.40000,0.00000,0.00000
4045,570.89283,0.03413,Yakından incele · fire1,False,False,-8.00000,1.97000,-12.05000,2.40000,0.00000,0.00000
4046,570.92586,0.03303,Yakından incele · fire1,False,False,-8.00000,1.97000,-12.05000,2.40000,0.00000,0.00000
4047,570.95924,0.03338,Yakından incele · fire1,False,False,-8.00000,1.97000,-12.05000,2.40000,0.00000,0.00000
4048,570.99297,0.03373,Yakından incele · fire1,False,False,-8.00000,1.97000,-12.05000,2.40000,0.00000,0.00000
4049,571.02603,0.03307,Yakından incele · fire1,False,False,-8.00000,1.97000,-12.05000,2.40000,0.00000,0.00000
4050,571.05843,0.03240,Yakından incele · fire1,False,False,-8.00000,1.97000,-12.05000,2.40000,0.00000,0.00000
4051,571.09230,0.03387,Yakından incele · fire1,False,False,-8.00000,1.97000,-12.05000,2.40000,0.00000,0.00000
4052,571.12558,0.03328,Yakından incele · fire1,False,False,-8.00000,1.97000,-12.05000,2.40000,0.00000,0.00000
4053,571.15962,0.03403,Yakından incele · fire1,False,False,-8.00000,1.97000,-12.05000,2.40000,0.00000,0.00000
4054,571.19383,0.03421,Yakından incele · fire1,False,False,-8.00000,1.97000,-12.05000,2.40000,0.00000,0.00000
4055,571.22662,0.03279,Yakından incele · fire1,False,False,-8.00000,1.97000,-12.05000,2.40000,0.00000,0.00000
4056,571.25954,0.03292,Yakından incele · fire1,False,False,-8.00000,1.97000,-12.05000,2.40000,0.00000,0.00000
4057,571.29222,0.03268,Yakından incele · fire1,False,False,-8.00000,1.97000,-12.05000,2.40000,0.00000,0.00000
4058,571.32606,0.03384,Yakından incele · fire1,False,False,-8.00000,1.97000,-12.05000,2.40000,0.00000,0.00000
4059,571.35875,0.03270,Yakından incele · fire1,False,False,-8.00000,1.97000,-12.05000,2.40000,0.00000,0.00000
4060,571.39224,0.03349,Yakından incele · fire1,False,False,-8.00000,1.97000,-12.05000,2.40000,0.00000,0.00000
4061,571.42570,0.03346,Yakından incele · fire1,False,False,-8.00000,1.97000,-12.05000,2.40000,0.00000,0.00000
4062,571.46059,0.03490,Yakından incele · fire1,False,False,-8.00000,1.97000,-12.05000,2.40000,0.00000,0.00000
4063,571.49285,0.03225,Yakından incele · fire1,False,False,-8.00000,1.97000,-12.05000,2.40000,0.00000,0.00000
4064,571.52541,0.03256,Yakından incele · fire1,False,False,-8.00000,1.97000,-12.05000,2.40000,0.00000,0.00000
4065,571.55904,0.03363,Yakından incele · fire1,False,False,-8.00000,1.97000,-12.05000,2.40000,0.00000,0.00000
4066,571.59250,0.03346,Yakından incele · fire1,False,False,-8.00000,1.97000,-12.05000,2.40000,0.00000,0.00000
4067,571.62628,0.03378,Yakından incele · fire1,False,False,-8.00000,1.97000,-12.05000,2.40000,0.00000,0.00000
4068,571.65935,0.03307,Yakından incele · fire1,False,False,-8.00000,1.97000,-12.05000,2.40000,0.00000,0.00000
4069,571.69263,0.03328,Yakından incele · fire1,False,False,-8.00000,1.97000,-12.05000,2.40000,0.00000,0.00000
4070,571.72627,0.03365,Yakından incele · fire1,False,False,-8.00000,1.97000,-12.05000,2.40000,0.00000,0.00000
4071,571.75907,0.03280,Yakından incele · fire1,False,False,-8.00000,1.97000,-12.05000,2.40000,0.00000,0.00000
4072,571.79311,0.03404,Yakından incele · fire1,False,False,-8.00000,1.97000,-12.05000,2.40000,0.00000,0.00000
4073,571.82546,0.03235,Yakından incele · fire1,False,False,-8.00000,1.97000,-12.05000,2.40000,0.00000,0.00000
4074,571.85884,0.03338,Yakından incele · fire1,False,False,-8.00000,1.97000,-12.05000,2.40000,0.00000,0.00000
4075,571.89290,0.03406,Yakından incele · fire1,False,False,-8.00000,1.97000,-12.05000,2.40000,0.00000,0.00000
4076,571.92569,0.03279,Yakından incele · fire1,False,False,-8.00000,1.97000,-12.05000,2.40000,0.00000,0.00000
4077,571.95994,0.03425,Yakından incele · fire1,False,False,-8.00000,1.97000,-12.05000,2.40000,0.00000,0.00000
4078,571.99245,0.03252,Yakından incele · fire1,False,False,-8.00000,1.97000,-12.05000,2.40000,0.00000,0.00000
4079,572.02518,0.03273,Yakından incele · fire1,False,False,-8.00000,1.97000,-12.05000,2.40000,0.00000,0.00000
4080,572.05813,0.03295,Yakından incele · fire1,False,False,-8.00000,1.97000,-12.05000,2.40000,0.00000,0.00000
4081,572.09163,0.03350,Yakından incele · fire1,False,False,-8.00000,1.97000,-12.05000,2.40000,0.00000,0.00000
4082,572.14015,0.04852,Yakından incele · fire1,False,False,-8.00000,1.97000,-12.05000,2.40000,0.00000,0.00000
4083,572.17319,0.03303,Yakından incele · fire1,False,False,-8.00000,1.97000,-12.05000,2.40000,0.00000,0.00000
4084,572.20673,0.03354,Yakından incele · fire1,False,False,-8.00000,1.97000,-12.05000,2.40000,0.00000,0.00000
4085,572.24057,0.03384,Yakından incele · fire1,False,False,-8.00000,1.97000,-12.05000,2.40000,0.00000,0.00000
4086,572.27285,0.03228,Yakından incele · fire1,False,False,-8.00000,1.97000,-12.05000,2.40000,0.00000,0.00000
4087,572.30483,0.03198,Yakından incele · fire1,False,False,-8.00000,1.97000,-12.05000,2.40000,0.00000,0.00000
4088,572.33944,0.03460,Yakından incele · fire1,False,False,-8.00000,1.97000,-12.05000,2.40000,0.00000,0.00000
4089,572.37419,0.03476,Yakından incele · fire1,False,False,-8.00000,1.97000,-12.05000,2.40000,0.00000,0.00000
4090,572.40685,0.03266,Yakından incele · fire1,False,False,-8.00000,1.97000,-12.05000,2.40000,0.00000,0.00000
4091,572.43908,0.03223,Yakından incele · fire1,False,False,-8.00000,1.97000,-12.05000,2.40000,0.00000,0.00000
4092,572.47203,0.03295,Yakından incele · fire1,False,False,-8.00000,1.97000,-12.05000,2.40000,0.00000,0.00000
4093,572.50591,0.03388,Yakından incele · fire1,False,False,-8.00000,1.97000,-12.05000,2.40000,0.00000,0.00000
4094,572.53968,0.03376,Yakından incele · fire1,False,False,-8.00000,1.97000,-12.05000,2.40000,0.00000,0.00000
4095,572.57191,0.03223,Yakından incele · fire1,False,False,-8.00000,1.97000,-12.05000,2.40000,0.00000,0.00000
4096,572.60556,0.03366,Yakından incele · fire1,False,False,-8.00000,1.97000,-12.05000,2.40000,0.00000,0.00000
4097,572.64014,0.03458,Yakından incele · fire1,False,False,-8.00000,1.97000,-12.05000,2.40000,0.00000,0.00000
4098,572.67377,0.03363,Yakından incele · fire1,False,False,-8.00000,1.97000,-12.05000,2.40000,0.00000,0.00000
4099,572.70608,0.03230,Yakından incele · fire1,False,False,-8.00000,1.97000,-12.05000,2.40000,0.00000,0.00000
4100,572.73825,0.03218,Yakından incele · fire1,False,False,-8.00000,1.97000,-12.05000,2.40000,0.00000,0.00000
4101,572.77159,0.03333,Yakından incele · fire1,False,False,-8.00000,1.97000,-12.05000,2.40000,0.00000,0.00000
4102,572.80569,0.03410,Yakından incele · fire1,False,False,-8.00000,1.97000,-12.05000,2.40000,0.00000,0.00000
4103,572.83956,0.03388,Yakından incele · fire1,False,False,-8.00000,1.97000,-12.05000,2.40000,0.00000,0.00000
4104,572.87180,0.03223,Yakından incele · fire1,False,False,-8.00000,1.97000,-12.05000,2.40000,0.00000,0.00000
4105,572.90501,0.03321,Yakından incele · fire1,False,False,-8.00000,1.97000,-12.05000,2.40000,0.00000,0.00000
4106,572.93917,0.03417,Yakından incele · fire1,False,False,-8.00000,1.97000,-12.05000,2.40000,0.00000,0.00000
4107,572.97255,0.03338,Yakından incele · fire1,False,False,-8.00000,1.97000,-12.05000,2.40000,0.00000,0.00000
4108,573.00619,0.03364,Yakından incele · fire1,False,False,-8.00000,1.97000,-12.05000,2.40000,0.00000,0.00000
4109,573.04023,0.03404,Yakından incele · fire1,False,False,-8.00000,1.97000,-12.05000,2.40000,0.00000,0.00000
4110,573.07377,0.03354,Yakından incele · fire1,False,False,-8.00000,1.97000,-12.05000,2.40000,0.00000,0.00000
4111,573.10648,0.03272,Yakından incele · fire1,False,False,-8.00000,1.97000,-12.05000,2.40000,0.00000,0.00000
4112,573.13864,0.03216,Yakından incele · fire1,False,False,-8.00000,1.97000,-12.05000,2.40000,0.00000,0.00000
4113,573.17161,0.03297,Yakından incele · fire1,False,False,-8.00000,1.97000,-12.05000,2.40000,0.00000,0.00000
4114,573.20520,0.03360,Yakından incele · fire1,False,False,-8.00000,1.97000,-12.05000,2.40000,0.00000,0.00000
4115,573.23922,0.03402,Yakından incele · fire1,False,False,-8.00000,1.97000,-12.05000,2.40000,0.00000,0.00000
4116,573.27322,0.03400,Yakından incele · fire1,False,False,-8.00000,1.97000,-12.05000,2.40000,0.00000,0.00000
4117,573.30637,0.03315,Yakından incele · fire1,False,False,-8.00000,1.97000,-12.05000,2.40000,0.00000,0.00000
4118,573.34072,0.03434,Yakından incele · fire1,False,False,-8.00000,1.97000,-12.05000,2.40000,0.00000,0.00000
4119,573.37380,0.03308,Yakından incele · fire1,False,False,-8.00000,1.97000,-12.05000,2.40000,0.00000,0.00000
4120,573.40547,0.03167,Yakından incele · fire1,False,False,-8.00000,1.97000,-12.05000,2.40000,0.00000,0.00000
4121,573.43827,0.03279,Yakından incele · fire1,False,False,-8.00000,1.97000,-12.05000,2.40000,0.00000,0.00000
4122,573.47245,0.03418,Yakından incele · fire1,False,False,-8.00000,1.97000,-12.05000,2.40000,0.00000,0.00000
4123,573.50660,0.03415,Yakından incele · fire1,False,False,-8.00000,1.97000,-12.05000,2.40000,0.00000,0.00000
4124,573.53975,0.03315,Yakından incele · fire1,False,False,-8.00000,1.97000,-12.05000,2.40000,0.00000,0.00000
4125,573.57170,0.03195,Yakından incele · fire1,False,False,-8.00000,1.97000,-12.05000,2.40000,0.00000,0.00000
4126,573.60589,0.03419,Yakından incele · fire1,False,False,-8.00000,1.97000,-12.05000,2.40000,0.00000,0.00000
4127,573.64040,0.03451,Yakından incele · fire1,False,False,-8.00000,1.97000,-12.05000,2.40000,0.00000,0.00000
4128,573.67374,0.03334,Yakından incele · fire1,False,False,-8.00000,1.97000,-12.05000,2.40000,0.00000,0.00000
4129,573.70609,0.03234,Yakından incele · fire1,False,False,-8.00000,1.97000,-12.05000,2.40000,0.00000,0.00000
4130,573.73931,0.03322,Yakından incele · fire1,False,False,-8.00000,1.97000,-12.05000,2.40000,0.00000,0.00000
4131,573.77298,0.03367,Yakından incele · fire1,False,False,-8.00000,1.97000,-12.05000,2.40000,0.00000,0.00000
4132,573.80522,0.03224,Yakından incele · fire1,False,False,-8.00000,1.97000,-12.05000,2.40000,0.00000,0.00000
4133,573.83875,0.03353,Yakından incele · fire1,False,False,-8.00000,1.97000,-12.05000,2.40000,0.00000,0.00000
4134,573.87258,0.03384,Yakından incele · fire1,False,False,-8.00000,1.97000,-12.05000,2.40000,0.00000,0.00000
4135,573.90613,0.03355,Yakından incele · fire1,False,False,-8.00000,1.97000,-12.05000,2.40000,0.00000,0.00000
4136,573.93984,0.03371,Yakından incele · fire1,False,False,-8.00000,1.97000,-12.05000,2.40000,0.00000,0.00000
4137,573.97301,0.03317,Yakından incele · fire1,False,False,-8.00000,1.97000,-12.05000,2.40000,0.00000,0.00000
4138,574.00578,0.03277,Yakından incele · fire1,False,False,-8.00000,1.97000,-12.05000,2.40000,0.00000,0.00000
4139,574.03869,0.03291,Yakından incele · fire1,False,False,-8.00000,1.97000,-12.05000,2.40000,0.00000,0.00000
4140,574.07217,0.03348,Yakından incele · fire1,False,False,-8.00000,1.97000,-12.05000,2.40000,0.00000,0.00000
4141,574.10546,0.03329,Yakından incele · fire1,False,False,-8.00000,1.97000,-12.05000,2.40000,0.00000,0.00000
4142,574.13866,0.03320,Yakından incele · fire1,False,False,-8.00000,1.97000,-12.05000,2.40000,0.00000,0.00000
4143,574.17252,0.03386,Yakından incele · fire1,False,False,-8.00000,1.97000,-12.05000,2.40000,0.00000,0.00000
4144,574.20578,0.03326,Yakından incele · fire1,False,False,-8.00000,1.97000,-12.05000,2.40000,0.00000,0.00000
4145,574.23817,0.03239,Yakından incele · fire1,False,False,-8.00000,1.97000,-12.05000,2.40000,0.00000,0.00000
4146,574.27247,0.03429,Yakından incele · fire1,False,False,-8.00000,1.97000,-12.05000,2.40000,0.00000,0.00000
4147,574.30629,0.03383,Yakından incele · fire1,False,False,-8.00000,1.97000,-12.05000,2.40000,0.00000,0.00000
4148,574.33884,0.03255,Yakından incele · fire1,False,False,-8.00000,1.97000,-12.05000,2.40000,0.00000,0.00000
4149,574.37227,0.03343,Yakından incele · fire1,False,False,-8.00000,1.97000,-12.05000,2.40000,0.00000,0.00000
4150,574.40557,0.03330,Yakından incele · fire1,False,False,-8.00000,1.97000,-12.05000,2.40000,0.00000,0.00000
4151,574.43843,0.03285,Yakından incele · fire1,False,False,-8.00000,1.97000,-12.05000,2.40000,0.00000,0.00000
4152,574.47160,0.03317,Yakından incele · fire1,False,False,-8.00000,1.97000,-12.05000,2.40000,0.00000,0.00000
4153,574.50499,0.03339,Yakından incele · fire1,False,False,-8.00000,1.97000,-12.05000,2.40000,0.00000,0.00000
4154,574.53830,0.03331,Yakından incele · fire1,False,False,-8.00000,1.97000,-12.05000,2.40000,0.00000,0.00000
4155,574.57211,0.03381,Yakından incele · fire1,False,False,-8.00000,1.97000,-12.05000,2.40000,0.00000,0.00000
4156,574.60697,0.03486,Yakından incele · fire1,False,False,-8.00000,1.97000,-12.05000,2.40000,0.00000,0.00000
4157,574.63916,0.03219,Yakından incele · fire1,False,False,-8.00000,1.97000,-12.05000,2.40000,0.00000,0.00000
4158,574.67180,0.03265,Yakından incele · fire1,False,False,-8.00000,1.97000,-12.05000,2.40000,0.00000,0.00000
4159,574.70590,0.03410,Yakından incele · fire1,False,False,-8.00000,1.97000,-12.05000,2.40000,0.00000,0.00000
4160,574.73907,0.03317,Yakından incele · fire1,False,False,-8.00000,1.97000,-12.05000,2.40000,0.00000,0.00000
4161,574.77195,0.03288,Yakından incele · fire1,False,False,-8.00000,1.97000,-12.05000,2.40000,0.00000,0.00000
4162,574.80550,0.03355,Yakından incele · fire1,False,False,-8.00000,1.97000,-12.05000,2.40000,0.00000,0.00000
4163,574.84043,0.03493,Yakından incele · fire1,False,False,-8.00000,1.97000,-12.05000,2.40000,0.00000,0.00000
4164,574.87313,0.03270,Yakından incele · fire1,False,False,-8.00000,1.97000,-12.05000,2.40000,0.00000,0.00000
4165,574.90521,0.03207,Yakından incele · fire1,False,False,-8.00000,1.97000,-12.05000,2.40000,0.00000,0.00000
4166,574.93958,0.03437,Yakından incele · fire1,False,False,-8.00000,1.97000,-12.05000,2.40000,0.00000,0.00000
4167,574.97234,0.03276,Yakından incele · fire1,False,False,-8.00000,1.97000,-12.05000,2.40000,0.00000,0.00000
4168,575.00532,0.03299,Yakından incele · fire1,False,False,-8.00000,1.97000,-12.05000,2.40000,0.00000,0.00000
4169,575.03982,0.03450,Yakından incele · fire1,False,False,-8.00000,1.97000,-12.05000,2.40000,0.00000,0.00000
4170,575.07461,0.03479,Yakından incele · fire1,False,False,-8.00000,1.97000,-12.05000,2.40000,0.00000,0.00000
4171,575.10624,0.03162,Yakından incele · fire1,False,False,-8.00000,1.97000,-12.05000,2.40000,0.00000,0.00000
4172,575.13876,0.03252,Yakından incele · fire1,False,False,-8.00000,1.97000,-12.05000,2.40000,0.00000,0.00000
4173,575.17366,0.03490,Yakından incele · fire1,False,False,-8.00000,1.97000,-12.05000,2.40000,0.00000,0.00000
4174,575.20777,0.03412,Yakından incele · fire1,False,False,-8.00000,1.97000,-12.05000,2.40000,0.00000,0.00000
4175,575.23942,0.03165,Yakından incele · fire1,False,False,-8.00000,1.97000,-12.05000,2.40000,0.00000,0.00000
4176,575.27245,0.03304,Yakından incele · fire1,False,False,-8.00000,1.97000,-12.05000,2.40000,0.00000,0.00000
4177,575.30601,0.03355,Yakından incele · fire1,False,False,-8.00000,1.97000,-12.05000,2.40000,0.00000,0.00000
4178,575.33870,0.03269,Yakından incele · fire1,False,False,-8.00000,1.97000,-12.05000,2.40000,0.00000,0.00000
4179,575.37278,0.03408,Yakından incele · fire1,False,False,-8.00000,1.97000,-12.05000,2.40000,0.00000,0.00000
4180,575.40669,0.03391,Yakından incele · fire1,False,False,-8.00000,1.97000,-12.05000,2.40000,0.00000,0.00000
4181,575.45466,0.04797,Yakından incele · fire1,False,False,-8.00000,1.97000,-12.05000,2.40000,0.00000,0.00000
4182,575.48699,0.03233,Yakından incele · fire1,False,False,-8.00000,1.97000,-12.05000,2.40000,0.00000,0.00000
4183,575.52261,0.03562,Yakından incele · fire1,False,False,-8.00000,1.97000,-12.05000,2.40000,0.00000,0.00000
4184,575.55539,0.03278,Yakından incele · fire1,False,False,-8.00000,1.97000,-12.05000,2.40000,0.00000,0.00000
4185,575.59068,0.03530,Yakından incele · fire1,False,False,-8.00000,1.97000,-12.05000,2.40000,0.00000,0.00000
4186,575.62241,0.03173,Yakından incele · fire1,False,False,-8.00000,1.97000,-12.05000,2.40000,0.00000,0.00000
4187,575.65460,0.03219,Yakından incele · fire1,False,False,-8.00000,1.97000,-12.05000,2.40000,0.00000,0.00000
4188,575.68809,0.03349,Yakından incele · fire1,False,False,-8.00000,1.97000,-12.05000,2.40000,0.00000,0.00000
4189,575.72069,0.03259,Yakından incele · fire1,False,False,-8.00000,1.97000,-12.05000,2.40000,0.00000,0.00000
4190,575.75460,0.03392,Yakından incele · fire1,False,False,-8.00000,1.97000,-12.05000,2.40000,0.00000,0.00000
4191,575.78948,0.03488,Yakından incele · fire1,False,False,-8.00000,1.97000,-12.05000,2.40000,0.00000,0.00000
4192,575.82161,0.03212,Yakından incele · fire1,False,False,-8.00000,1.97000,-12.05000,2.40000,0.00000,0.00000
4193,575.86052,0.03891,Yakından incele · fire1,False,False,-8.00000,1.97000,-12.05000,2.40000,0.00000,0.00000
4194,575.89631,0.03580,Yakından incele · fire1,False,False,-8.00000,1.97000,-12.05000,2.40000,0.00000,0.00000
4195,575.92843,0.03212,Yakından incele · fire1,False,False,-8.00000,1.97000,-12.05000,2.40000,0.00000,0.00000
4196,575.97517,0.04673,Yakından incele · fire1,False,False,-8.00000,1.97000,-12.05000,2.40000,0.00000,0.00000
4197,575.98916,0.01399,Yakından incele · fire1,False,False,-8.00000,1.97000,-12.05000,2.40000,0.00000,0.00000
4198,576.02045,0.03129,Yakından incele · fire1,False,False,-8.00000,1.97000,-12.05000,2.40000,0.00000,0.00000
4199,576.05447,0.03402,Yakından incele · fire1,False,False,-8.00000,1.97000,-12.05000,2.40000,0.00000,0.00000
4200,576.09942,0.04495,Yakından incele · fire1,False,False,-8.00000,1.97000,-12.05000,2.40000,0.00000,0.00000
4201,576.13097,0.03155,Yakından incele · fire1,False,False,-8.00000,1.97000,-12.05000,2.40000,0.00000,0.00000
4202,576.15211,0.02115,Yakından incele · fire1,False,False,-8.00000,1.97000,-12.05000,2.40000,0.00000,0.00000
4203,576.18625,0.03414,Yakından incele · fire1,False,False,-8.00000,1.97000,-12.05000,2.40000,0.00000,0.00000
4204,576.21970,0.03344,Yakından incele · fire1,False,False,-8.00000,1.97000,-12.05000,2.40000,0.00000,0.00000
4205,576.25217,0.03247,Yakından incele · fire1,False,False,-8.00000,1.97000,-12.05000,2.40000,0.00000,0.00000
4206,576.28485,0.03269,Yakından incele · fire1,False,False,-8.00000,1.97000,-12.05000,2.40000,0.00000,0.00000
4207,576.32002,0.03517,Yakından incele · fire1,False,False,-8.00000,1.97000,-12.05000,2.40000,0.00000,0.00000
4208,576.35340,0.03338,Yakından incele · fire1,False,False,-8.00000,1.97000,-12.05000,2.40000,0.00000,0.00000
4209,576.38528,0.03188,Yakından incele · fire1,False,False,-8.00000,1.97000,-12.05000,2.40000,0.00000,0.00000
4210,576.41919,0.03391,Yakından incele · fire1,False,False,-8.00000,1.97000,-12.05000,2.40000,0.00000,0.00000
4211,576.45196,0.03277,Yakından incele · fire1,False,False,-8.00000,1.97000,-12.05000,2.40000,0.00000,0.00000
4212,576.48586,0.03390,Yakından incele · fire1,False,False,-8.00000,1.97000,-12.05000,2.40000,0.00000,0.00000
4213,576.51978,0.03392,Yakından incele · fire1,False,False,-8.00000,1.97000,-12.05000,2.40000,0.00000,0.00000
4214,576.55253,0.03275,Yakından incele · fire1,False,False,-8.00000,1.97000,-12.05000,2.40000,0.00000,0.00000
4215,576.58650,0.03397,Yakından incele · fire1,False,False,-8.00000,1.97000,-12.05000,2.40000,0.00000,0.00000
4216,576.62014,0.03364,Yakından incele · fire1,False,False,-8.00000,1.97000,-12.05000,2.40000,0.00000,0.00000
4217,576.65281,0.03267,Yakından incele · fire1,False,False,-8.00000,1.97000,-12.05000,2.40000,0.00000,0.00000
4218,576.68577,0.03295,Yakından incele · fire1,False,False,-8.00000,1.97000,-12.05000,2.40000,0.00000,0.00000
4219,576.71989,0.03412,Yakından incele · fire1,False,False,-8.00000,1.97000,-12.05000,2.40000,0.00000,0.00000
4220,576.75277,0.03288,Yakından incele · fire1,False,False,-8.00000,1.97000,-12.05000,2.40000,0.00000,0.00000
4221,576.78726,0.03449,Yakından incele · fire1,False,False,-8.00000,1.97000,-12.05000,2.40000,0.00000,0.00000
4222,576.82079,0.03353,Yakından incele · fire1,False,False,-8.00000,1.97000,-12.05000,2.40000,0.00000,0.00000
4223,576.85282,0.03202,Yakından incele · fire1,False,False,-8.00000,1.97000,-12.05000,2.40000,0.00000,0.00000
4224,576.88623,0.03341,Yakından incele · fire1,False,False,-8.00000,1.97000,-12.05000,2.40000,0.00000,0.00000
4225,576.91997,0.03374,Yakından incele · fire1,False,False,-8.00000,1.97000,-12.05000,2.40000,0.00000,0.00000
4226,576.95296,0.03299,Yakından incele · fire1,False,False,-8.00000,1.97000,-12.05000,2.40000,0.00000,0.00000
4227,576.98527,0.03231,Yakından incele · fire1,False,False,-8.00000,1.97000,-12.05000,2.40000,0.00000,0.00000
4228,577.01860,0.03332,Yakından incele · fire1,False,False,-8.00000,1.97000,-12.05000,2.40000,0.00000,0.00000
4229,577.05279,0.03420,Yakından incele · fire1,False,False,-8.00000,1.97000,-12.05000,2.40000,0.00000,0.00000
4230,577.08554,0.03275,Yakından incele · fire1,False,False,-8.00000,1.97000,-12.05000,2.40000,0.00000,0.00000
4231,577.11910,0.03356,Yakından incele · fire1,False,False,-8.00000,1.97000,-12.05000,2.40000,0.00000,0.00000
4232,577.15287,0.03377,Yakından incele · fire1,False,False,-8.00000,1.97000,-12.05000,2.40000,0.00000,0.00000
4233,577.18561,0.03274,Yakından incele · fire1,False,False,-8.00000,1.97000,-12.05000,2.40000,0.00000,0.00000
4234,577.21867,0.03306,Yakından incele · fire1,False,False,-8.00000,1.97000,-12.05000,2.40000,0.00000,0.00000
4235,577.25269,0.03401,Yakından incele · fire1,False,False,-8.00000,1.97000,-12.05000,2.40000,0.00000,0.00000
4236,577.28554,0.03285,Yakından incele · fire1,False,False,-8.00000,1.97000,-12.05000,2.40000,0.00000,0.00000
4237,577.31901,0.03347,Yakından incele · fire1,False,False,-8.00000,1.97000,-12.05000,2.40000,0.00000,0.00000
4238,577.35276,0.03375,Yakından incele · fire1,False,False,-8.00000,1.97000,-12.05000,2.40000,0.00000,0.00000
4239,577.38610,0.03334,Yakından incele · fire1,False,False,-8.00000,1.97000,-12.05000,2.40000,0.00000,0.00000
4240,577.41961,0.03351,Yakından incele · fire1,False,False,-8.00000,1.97000,-12.05000,2.40000,0.00000,0.00000
4241,577.45372,0.03411,Yakından incele · fire1,False,False,-8.00000,1.97000,-12.05000,2.40000,0.00000,0.00000
4242,577.48681,0.03309,Yakından incele · fire1,False,False,-8.00000,1.97000,-12.05000,2.40000,0.00000,0.00000
4243,577.51973,0.03291,Yakından incele · fire1,False,False,-8.00000,1.97000,-12.05000,2.40000,0.00000,0.00000
4244,577.55282,0.03309,Yakından incele · fire1,False,False,-8.00000,1.97000,-12.05000,2.40000,0.00000,0.00000
4245,577.58614,0.03332,Yakından incele · fire1,False,False,-8.00000,1.97000,-12.05000,2.40000,0.00000,0.00000
4246,577.61957,0.03342,Yakından incele · fire1,False,False,-8.00000,1.97000,-12.05000,2.40000,0.00000,0.00000
4247,577.65313,0.03357,Yakından incele · fire1,False,False,-8.00000,1.97000,-12.05000,2.40000,0.00000,0.00000
4248,577.68599,0.03286,Yakından incele · fire1,False,False,-8.00000,1.97000,-12.05000,2.40000,0.00000,0.00000
4249,577.71945,0.03347,Yakından incele · fire1,False,False,-8.00000,1.97000,-12.05000,2.40000,0.00000,0.00000
4250,577.75277,0.03331,Yakından incele · fire1,False,False,-8.00000,1.97000,-12.05000,2.40000,0.00000,0.00000
4251,577.78603,0.03326,Yakından incele · fire1,False,False,-8.00000,1.97000,-12.05000,2.40000,0.00000,0.00000
4252,577.81981,0.03378,Yakından incele · fire1,False,False,-8.00000,1.97000,-12.05000,2.40000,0.00000,0.00000
4253,577.85324,0.03343,Yakından incele · fire1,False,False,-8.00000,1.97000,-12.05000,2.40000,0.00000,0.00000
4254,577.88645,0.03321,Yakından incele · fire1,False,False,-8.00000,1.97000,-12.05000,2.40000,0.00000,0.00000
4255,577.91964,0.03319,Yakından incele · fire1,False,False,-8.00000,1.97000,-12.05000,2.40000,0.00000,0.00000
4256,577.95224,0.03260,Yakından incele · fire1,False,False,-8.00000,1.97000,-12.05000,2.40000,0.00000,0.00000
4257,577.98581,0.03357,Yakından incele · fire1,False,False,-8.00000,1.97000,-12.05000,2.40000,0.00000,0.00000
4258,578.01962,0.03381,Yakından incele · fire1,False,False,-8.00000,1.97000,-12.05000,2.40000,0.00000,0.00000
4259,578.05240,0.03278,Yakından incele · fire1,False,False,-8.00000,1.97000,-12.05000,2.40000,0.00000,0.00000
4260,578.08487,0.03247,Yakından incele · fire1,False,False,-8.00000,1.97000,-12.05000,2.40000,0.00000,0.00000
4261,578.12000,0.03514,Yakından incele · fire1,False,False,-8.00000,1.97000,-12.05000,2.40000,0.00000,0.00000
4262,578.15282,0.03282,Yakından incele · fire1,False,False,-8.00000,1.97000,-12.05000,2.40000,0.00000,0.00000
4263,578.18496,0.03214,Yakından incele · fire1,False,False,-8.00000,1.97000,-12.05000,2.40000,0.00000,0.00000
4264,578.21848,0.03352,Yakından incele · fire1,False,False,-8.00000,1.97000,-12.05000,2.40000,0.00000,0.00000
4265,578.25209,0.03362,Yakından incele · fire1,False,False,-8.00000,1.97000,-12.05000,2.40000,0.00000,0.00000
4266,578.28545,0.03335,Yakından incele · fire1,False,False,-8.00000,1.97000,-12.05000,2.40000,0.00000,0.00000
4267,578.31916,0.03371,Yakından incele · fire1,False,False,-8.00000,1.97000,-12.05000,2.40000,0.00000,0.00000
4268,578.35238,0.03323,Yakından incele · fire1,False,False,-8.00000,1.97000,-12.05000,2.40000,0.00000,0.00000
4269,578.38590,0.03352,Yakından incele · fire1,False,False,-8.00000,1.97000,-12.05000,2.40000,0.00000,0.00000
4270,578.41937,0.03347,Yakından incele · fire1,False,False,-8.00000,1.97000,-12.05000,2.40000,0.00000,0.00000
4271,578.45269,0.03332,Yakından incele · fire1,False,False,-8.00000,1.97000,-12.05000,2.40000,0.00000,0.00000
4272,578.48626,0.03357,Yakından incele · fire1,False,False,-8.00000,1.97000,-12.05000,2.40000,0.00000,0.00000
4273,578.51971,0.03345,Yakından incele · fire1,False,False,-8.00000,1.97000,-12.05000,2.40000,0.00000,0.00000
4274,578.55334,0.03363,Yakından incele · fire1,False,False,-8.00000,1.97000,-12.05000,2.40000,0.00000,0.00000
4275,578.58605,0.03271,Yakından incele · fire1,False,False,-8.00000,1.97000,-12.05000,2.40000,0.00000,0.00000
4276,578.61907,0.03302,Yakından incele · fire1,False,False,-8.00000,1.97000,-12.05000,2.40000,0.00000,0.00000
4277,578.65195,0.03288,Yakından incele · fire1,False,False,-8.00000,1.97000,-12.05000,2.40000,0.00000,0.00000
4278,578.68491,0.03295,Yakından incele · fire1,False,False,-8.00000,1.97000,-12.05000,2.40000,0.00000,0.00000
4279,578.71861,0.03370,Yakından incele · fire1,False,False,-8.00000,1.97000,-12.05000,2.40000,0.00000,0.00000
4280,578.76398,0.04537,Yakından incele · fire1,False,False,-8.00000,1.97000,-12.05000,2.40000,0.00000,0.00000
4281,578.79772,0.03374,Yakından incele · fire1,False,False,-8.00000,1.97000,-12.05000,2.40000,0.00000,0.00000
4282,578.83160,0.03387,Yakından incele · fire1,False,False,-8.00000,1.97000,-12.05000,2.40000,0.00000,0.00000
4283,578.86397,0.03238,Yakından incele · fire1,False,False,-8.00000,1.97000,-12.05000,2.40000,0.00000,0.00000
4284,578.89794,0.03396,Yakından incele · fire1,False,False,-8.00000,1.97000,-12.05000,2.40000,0.00000,0.00000
4285,578.93236,0.03442,Yakından incele · fire1,False,False,-8.00000,1.97000,-12.05000,2.40000,0.00000,0.00000
4286,578.96505,0.03269,Yakından incele · fire1,False,False,-8.00000,1.97000,-12.05000,2.40000,0.00000,0.00000
4287,578.99828,0.03323,Yakından incele · fire1,False,False,-8.00000,1.97000,-12.05000,2.40000,0.00000,0.00000
4288,579.03151,0.03323,Yakından incele · fire1,False,False,-8.00000,1.97000,-12.05000,2.40000,0.00000,0.00000
4289,579.06580,0.03429,Yakından incele · fire1,False,False,-8.00000,1.97000,-12.05000,2.40000,0.00000,0.00000
4290,579.09862,0.03281,Yakından incele · fire1,False,False,-8.00000,1.97000,-12.05000,2.40000,0.00000,0.00000
4291,579.13092,0.03230,Yakından incele · fire1,False,False,-8.00000,1.97000,-12.05000,2.40000,0.00000,0.00000
4292,579.16484,0.03393,Yakından incele · fire1,False,False,-8.00000,1.97000,-12.05000,2.40000,0.00000,0.00000
4293,579.19849,0.03365,Yakından incele · fire1,False,False,-8.00000,1.97000,-12.05000,2.40000,0.00000,0.00000
4294,579.23199,0.03349,Yakından incele · fire1,False,False,-8.00000,1.97000,-12.05000,2.40000,0.00000,0.00000
4295,579.26506,0.03307,Yakından incele · fire1,False,False,-8.00000,1.97000,-12.05000,2.40000,0.00000,0.00000
4296,579.29856,0.03350,Yakından incele · fire1,False,False,-8.00000,1.97000,-12.05000,2.40000,0.00000,0.00000
4297,579.33133,0.03277,Yakından incele · fire1,False,False,-8.00000,1.97000,-12.05000,2.40000,0.00000,0.00000
4298,579.36423,0.03290,Yakından incele · fire1,False,False,-8.00000,1.97000,-12.05000,2.40000,0.00000,0.00000
4299,579.39888,0.03464,Yakından incele · fire1,False,False,-8.00000,1.97000,-12.05000,2.40000,0.00000,0.00000
4300,579.43238,0.03350,Yakından incele · fire1,False,False,-8.00000,1.97000,-12.05000,2.40000,0.00000,0.00000
4301,579.46486,0.03248,Yakından incele · fire1,False,False,-8.00000,1.97000,-12.05000,2.40000,0.00000,0.00000
4302,579.49897,0.03411,Yakından incele · fire1,False,False,-8.00000,1.97000,-12.05000,2.40000,0.00000,0.00000
4303,579.53142,0.03245,Yakından incele · fire1,False,False,-8.00000,1.97000,-12.05000,2.40000,0.00000,0.00000
4304,579.56408,0.03266,Yakından incele · fire1,False,False,-8.00000,1.97000,-12.05000,2.40000,0.00000,0.00000
4305,579.59833,0.03424,Yakından incele · fire1,False,False,-8.00000,1.97000,-12.05000,2.40000,0.00000,0.00000
4306,579.63173,0.03340,Yakından incele · fire1,False,False,-8.00000,1.97000,-12.05000,2.40000,0.00000,0.00000
4307,579.66472,0.03299,Yakından incele · fire1,False,False,-8.00000,1.97000,-12.05000,2.40000,0.00000,0.00000
4308,579.69760,0.03288,Yakından incele · fire1,False,False,-8.00000,1.97000,-12.05000,2.40000,0.00000,0.00000
4309,579.73110,0.03350,Yakından incele · fire1,False,False,-8.00000,1.97000,-12.05000,2.40000,0.00000,0.00000
4310,579.76442,0.03333,Yakından incele · fire1,False,False,-8.00000,1.97000,-12.05000,2.40000,0.00000,0.00000
4311,579.79784,0.03341,Yakından incele · fire1,False,False,-8.00000,1.97000,-12.05000,2.40000,0.00000,0.00000
4312,579.83237,0.03454,Yakından incele · fire1,False,False,-8.00000,1.97000,-12.05000,2.40000,0.00000,0.00000
4313,579.86563,0.03326,Yakından incele · fire1,False,False,-8.00000,1.97000,-12.05000,2.40000,0.00000,0.00000
4314,579.89804,0.03241,Yakından incele · fire1,False,False,-8.00000,1.97000,-12.05000,2.40000,0.00000,0.00000
4315,579.93165,0.03361,Yakından incele · fire1,False,False,-8.00000,1.97000,-12.05000,2.40000,0.00000,0.00000
4316,579.96575,0.03411,Yakından incele · fire1,False,False,-8.00000,1.97000,-12.05000,2.40000,0.00000,0.00000
4317,579.99880,0.03305,Yakından incele · fire1,False,False,-8.00000,1.97000,-12.05000,2.40000,0.00000,0.00000
4318,580.03208,0.03328,Yakından incele · fire1,False,False,-8.00000,1.97000,-12.05000,2.40000,0.00000,0.00000
4319,580.06469,0.03261,Yakından incele · fire1,False,False,-8.00000,1.97000,-12.05000,2.40000,0.00000,0.00000
4320,580.09850,0.03381,Yakından incele · fire1,False,False,-8.00000,1.97000,-12.05000,2.40000,0.00000,0.00000
4321,580.13234,0.03384,Yakından incele · fire1,False,False,-8.00000,1.97000,-12.05000,2.40000,0.00000,0.00000
4322,580.16470,0.03236,Yakından incele · fire1,False,False,-8.00000,1.97000,-12.05000,2.40000,0.00000,0.00000
4323,580.19740,0.03271,Yakından incele · fire1,False,False,-8.00000,1.97000,-12.05000,2.40000,0.00000,0.00000
4324,580.23133,0.03392,Yakından incele · fire1,False,False,-8.00000,1.97000,-12.05000,2.40000,0.00000,0.00000
4325,580.26483,0.03350,Yakından incele · fire1,False,False,-8.00000,1.97000,-12.05000,2.40000,0.00000,0.00000
4326,580.29815,0.03332,Yakından incele · fire1,False,False,-8.00000,1.97000,-12.05000,2.40000,0.00000,0.00000
4327,580.33197,0.03381,Yakından incele · fire1,False,False,-8.00000,1.97000,-12.05000,2.40000,0.00000,0.00000
4328,580.36578,0.03381,Yakından incele · fire1,False,False,-8.00000,1.97000,-12.05000,2.40000,0.00000,0.00000
4329,580.39837,0.03259,Yakından incele · fire1,False,False,-8.00000,1.97000,-12.05000,2.40000,0.00000,0.00000
4330,580.43154,0.03317,Yakından incele · fire1,False,False,-8.00000,1.97000,-12.05000,2.40000,0.00000,0.00000
4331,580.46545,0.03391,Yakından incele · fire1,False,False,-8.00000,1.97000,-12.05000,2.40000,0.00000,0.00000
4332,580.49807,0.03261,Yakından incele · fire1,False,False,-8.00000,1.97000,-12.05000,2.40000,0.00000,0.00000
4333,580.53115,0.03309,Yakından incele · fire1,False,False,-8.00000,1.97000,-12.05000,2.40000,0.00000,0.00000
4334,580.56483,0.03368,Yakından incele · fire1,False,False,-8.00000,1.97000,-12.05000,2.40000,0.00000,0.00000
4335,580.59814,0.03331,Yakından incele · fire1,False,False,-8.00000,1.97000,-12.05000,2.40000,0.00000,0.00000
4336,580.63102,0.03288,Yakından incele · fire1,False,False,-8.00000,1.97000,-12.05000,2.40000,0.00000,0.00000
4337,580.66545,0.03443,Yakından incele · fire1,False,False,-8.00000,1.97000,-12.05000,2.40000,0.00000,0.00000
4338,580.69880,0.03336,Yakından incele · fire1,False,False,-8.00000,1.97000,-12.05000,2.40000,0.00000,0.00000
4339,580.73131,0.03250,Yakından incele · fire1,False,False,-8.00000,1.97000,-12.05000,2.40000,0.00000,0.00000
4340,580.76434,0.03303,Yakından incele · fire1,False,False,-8.00000,1.97000,-12.05000,2.40000,0.00000,0.00000
4341,580.79762,0.03329,Yakından incele · fire1,False,False,-8.00000,1.97000,-12.05000,2.40000,0.00000,0.00000
4342,580.83067,0.03305,Yakından incele · fire1,False,False,-8.00000,1.97000,-12.05000,2.40000,0.00000,0.00000
4343,580.86565,0.03498,Yakından incele · fire1,False,False,-8.00000,1.97000,-12.05000,2.40000,0.00000,0.00000
4344,580.89979,0.03414,Yakından incele · fire1,False,False,-8.00000,1.97000,-12.05000,2.40000,0.00000,0.00000
4345,580.93155,0.03176,Yakından incele · fire1,False,False,-8.00000,1.97000,-12.05000,2.40000,0.00000,0.00000
4346,580.96432,0.03277,Yakından incele · fire1,False,False,-8.00000,1.97000,-12.05000,2.40000,0.00000,0.00000
4347,580.99845,0.03413,Yakından incele · fire1,False,False,-8.00000,1.97000,-12.05000,2.40000,0.00000,0.00000
4348,581.03201,0.03356,Yakından incele · fire1,False,False,-8.00000,1.97000,-12.05000,2.40000,0.00000,0.00000
4349,581.06508,0.03307,Yakından incele · fire1,False,False,-8.00000,1.97000,-12.05000,2.40000,0.00000,0.00000
4350,581.09798,0.03290,Yakından incele · fire1,False,False,-8.00000,1.97000,-12.05000,2.40000,0.00000,0.00000
4351,581.13143,0.03345,Yakından incele · fire1,False,False,-8.00000,1.97000,-12.05000,2.40000,0.00000,0.00000
4352,581.16552,0.03409,Yakından incele · fire1,False,False,-8.00000,1.97000,-12.05000,2.40000,0.00000,0.00000
4353,581.19942,0.03390,Yakından incele · fire1,False,False,-8.00000,1.97000,-12.05000,2.40000,0.00000,0.00000
4354,581.23135,0.03194,Yakından incele · fire1,False,False,-8.00000,1.97000,-12.05000,2.40000,0.00000,0.00000
4355,581.26373,0.03237,Yakından incele · fire1,False,False,-8.00000,1.97000,-12.05000,2.40000,0.00000,0.00000
4356,581.29814,0.03442,Yakından incele · fire1,False,False,-8.00000,1.97000,-12.05000,2.40000,0.00000,0.00000
4357,581.33139,0.03325,Yakından incele · fire1,False,False,-8.00000,1.97000,-12.05000,2.40000,0.00000,0.00000
4358,581.36336,0.03197,Yakından incele · fire1,False,False,-8.00000,1.97000,-12.05000,2.40000,0.00000,0.00000
4359,581.39760,0.03424,Yakından incele · fire1,False,False,-8.00000,1.97000,-12.05000,2.40000,0.00000,0.00000
4360,581.43180,0.03420,Yakından incele · fire1,False,False,-8.00000,1.97000,-12.05000,2.40000,0.00000,0.00000
4361,581.46476,0.03296,Yakından incele · fire1,False,False,-8.00000,1.97000,-12.05000,2.40000,0.00000,0.00000
4362,581.49835,0.03359,Yakından incele · fire1,False,False,-8.00000,1.97000,-12.05000,2.40000,0.00000,0.00000
4363,581.53110,0.03275,Yakından incele · fire1,False,False,-8.00000,1.97000,-12.05000,2.40000,0.00000,0.00000
4364,581.56410,0.03300,Yakından incele · fire1,False,False,-8.00000,1.97000,-12.05000,2.40000,0.00000,0.00000
4365,581.59836,0.03427,Yakından incele · fire1,False,False,-8.00000,1.97000,-12.05000,2.40000,0.00000,0.00000
4366,581.63215,0.03379,Yakından incele · fire1,False,False,-8.00000,1.97000,-12.05000,2.40000,0.00000,0.00000
4367,581.66433,0.03218,Yakından incele · fire1,False,False,-8.00000,1.97000,-12.05000,2.40000,0.00000,0.00000
4368,581.69742,0.03309,Yakından incele · fire1,False,False,-8.00000,1.97000,-12.05000,2.40000,0.00000,0.00000
4369,581.73154,0.03412,Yakından incele · fire1,False,False,-8.00000,1.97000,-12.05000,2.40000,0.00000,0.00000
4370,581.76481,0.03327,Yakından incele · fire1,False,False,-8.00000,1.97000,-12.05000,2.40000,0.00000,0.00000
4371,581.79822,0.03340,Yakından incele · fire1,False,False,-8.00000,1.97000,-12.05000,2.40000,0.00000,0.00000
4372,581.83225,0.03403,Yakından incele · fire1,False,False,-8.00000,1.97000,-12.05000,2.40000,0.00000,0.00000
4373,581.86541,0.03316,Yakından incele · fire1,False,False,-8.00000,1.97000,-12.05000,2.40000,0.00000,0.00000
4374,581.89811,0.03270,Yakından incele · fire1,False,False,-8.00000,1.97000,-12.05000,2.40000,0.00000,0.00000
4375,581.93155,0.03344,Yakından incele · fire1,False,False,-8.00000,1.97000,-12.05000,2.40000,0.00000,0.00000
4376,581.96523,0.03368,Yakından incele · fire1,False,False,-8.00000,1.97000,-12.05000,2.40000,0.00000,0.00000
4377,581.99756,0.03233,Yakından incele · fire1,False,False,-8.00000,1.97000,-12.05000,2.40000,0.00000,0.00000
4378,582.03060,0.03304,Yakından incele · fire1,False,False,-8.00000,1.97000,-12.05000,2.40000,0.00000,0.00000
4379,582.07808,0.04748,Yakından incele · fire1,False,False,-8.00000,1.97000,-12.05000,2.40000,0.00000,0.00000
4380,582.10979,0.03171,Yakından incele · fire2,True,False,-7.99235,1.97000,-12.05319,2.40000,0.00828,0.00000
4381,582.13991,0.03012,Yakından incele · fire2,True,False,-7.97399,1.97000,-12.06084,2.40000,0.01989,0.00000
4382,582.17282,0.03291,Yakından incele · fire2,True,False,-7.94198,1.97000,-12.07418,2.40000,0.03468,0.00000
4383,582.20649,0.03367,Yakından incele · fire2,True,False,-7.89804,1.97000,-12.09248,2.40000,0.04760,0.00000
4384,582.24011,0.03361,Yakından incele · fire2,True,False,-7.84215,1.97000,-12.11577,2.40000,0.06055,0.00000
4385,582.27267,0.03257,Yakından incele · fire2,True,False,-7.77743,1.97000,-12.14274,2.40000,0.07012,0.00000
4386,582.30460,0.03192,Yakından incele · fire2,True,False,-7.70450,1.97000,-12.17312,2.40000,0.07900,0.00000
4387,582.33783,0.03323,Yakından incele · fire2,True,False,-7.62452,1.97000,-12.20645,2.40000,0.08665,0.00000
4388,582.37172,0.03389,Yakından incele · fire2,True,False,-7.53349,1.97000,-12.24438,2.40000,0.09861,0.00000
4389,582.40532,0.03360,Yakından incele · fire2,True,False,-7.43776,1.97000,-12.28427,2.40000,0.10370,0.00000
4390,582.43834,0.03302,Yakından incele · fire2,True,False,-7.33606,1.97000,-12.32664,2.40000,0.11018,0.00000
4391,582.47144,0.03310,Yakından incele · fire2,True,False,-7.23213,1.97000,-12.36994,2.40000,0.11259,0.00000
4392,582.50503,0.03359,Yakından incele · fire2,True,False,-7.12248,1.97000,-12.41564,2.40000,0.11880,0.00000
4393,582.53829,0.03325,Yakından incele · fire2,True,False,-7.01008,1.97000,-12.46247,2.40000,0.12177,0.00000
4394,582.57079,0.03250,Yakından incele · fire2,True,False,-6.89819,1.97000,-12.50909,2.40000,0.12122,0.00000
4395,582.60413,0.03334,Yakından incele · fire2,True,False,-6.78474,1.97000,-12.55636,2.40000,0.12290,0.00000
4396,582.63822,0.03409,Yakından incele · fire2,True,False,-6.67009,1.97000,-12.60413,2.40000,0.12419,0.00000
4397,582.67157,0.03335,Yakından incele · fire2,True,False,-6.55460,1.97000,-12.65225,2.40000,0.12512,0.00000
4398,582.70408,0.03251,Yakından incele · fire2,True,False,-6.44646,1.97000,-12.69731,2.40000,0.11716,0.00000
4399,582.73711,0.03303,Yakından incele · fire2,True,False,-6.33822,1.97000,-12.74241,2.40000,0.11725,0.00000
4400,582.77077,0.03366,Yakından incele · fire2,True,False,-6.23475,1.97000,-12.78552,2.40000,0.11209,0.00000
4401,582.80478,0.03401,Yakından incele · fire2,True,False,-6.13341,1.97000,-12.82775,2.40000,0.10979,0.00000
4402,582.83827,0.03350,Yakından incele · fire2,True,False,-6.03941,1.97000,-12.86691,2.40000,0.10183,0.00000
4403,582.87216,0.03388,Yakından incele · fire2,True,False,-5.95155,1.97000,-12.90352,2.40000,0.09519,0.00000
4404,582.90476,0.03260,Yakından incele · fire2,True,False,-5.87098,1.97000,-12.93709,2.40000,0.08728,0.00000
4405,582.93734,0.03259,Yakından incele · fire2,True,False,-5.80189,1.97000,-12.96588,2.40000,0.07485,0.00000
4406,582.97114,0.03380,Yakından incele · fire2,True,False,-5.73922,1.97000,-12.99199,2.40000,0.06790,0.00000
4407,583.00468,0.03353,Yakından incele · fire2,True,False,-5.68701,1.97000,-13.01375,2.40000,0.05656,0.00000
4408,583.03790,0.03322,Yakından incele · fire2,True,False,-5.64658,1.97000,-13.03059,2.40000,0.04380,0.00000
4409,583.07098,0.03308,Yakından incele · fire2,True,False,-5.61811,1.97000,-13.04246,2.40000,0.03085,0.00000
4410,583.10393,0.03295,Yakından incele · fire2,True,False,-5.60274,1.97000,-13.04886,2.40000,0.01665,0.00000
4411,583.13791,0.03398,Yakından incele · fire2,False,False,-5.60000,1.97000,-13.05000,2.40000,0.00296,0.00000
4412,583.17101,0.03310,Yakından incele · fire2,False,False,-5.60000,1.97000,-13.05000,2.40000,0.00000,0.00000
4413,583.20459,0.03358,Yakından incele · fire2,False,False,-5.60000,1.97000,-13.05000,2.40000,0.00000,0.00000
4414,583.23833,0.03374,Yakından incele · fire2,False,False,-5.60000,1.97000,-13.05000,2.40000,0.00000,0.00000
4415,583.27182,0.03349,Yakından incele · fire2,False,False,-5.60000,1.97000,-13.05000,2.40000,0.00000,0.00000
4416,583.30518,0.03336,Yakından incele · fire2,False,False,-5.60000,1.97000,-13.05000,2.40000,0.00000,0.00000
4417,583.33842,0.03324,Yakından incele · fire2,False,False,-5.60000,1.97000,-13.05000,2.40000,0.00000,0.00000
4418,583.37203,0.03361,Yakından incele · fire2,False,False,-5.60000,1.97000,-13.05000,2.40000,0.00000,0.00000
4419,583.40508,0.03305,Yakından incele · fire2,False,False,-5.60000,1.97000,-13.05000,2.40000,0.00000,0.00000
4420,583.43901,0.03393,Yakından incele · fire2,False,False,-5.60000,1.97000,-13.05000,2.40000,0.00000,0.00000
4421,583.47324,0.03424,Yakından incele · fire2,False,False,-5.60000,1.97000,-13.05000,2.40000,0.00000,0.00000
4422,583.50636,0.03311,Yakından incele · fire2,False,False,-5.60000,1.97000,-13.05000,2.40000,0.00000,0.00000
4423,583.53942,0.03306,Yakından incele · fire2,False,False,-5.60000,1.97000,-13.05000,2.40000,0.00000,0.00000
4424,583.57216,0.03274,Yakından incele · fire2,False,False,-5.60000,1.97000,-13.05000,2.40000,0.00000,0.00000
4425,583.60450,0.03234,Yakından incele · fire2,False,False,-5.60000,1.97000,-13.05000,2.40000,0.00000,0.00000
4426,583.63763,0.03313,Yakından incele · fire2,False,False,-5.60000,1.97000,-13.05000,2.40000,0.00000,0.00000
4427,583.67131,0.03367,Yakından incele · fire2,False,False,-5.60000,1.97000,-13.05000,2.40000,0.00000,0.00000
4428,583.70701,0.03571,Yakından incele · fire2,False,False,-5.60000,1.97000,-13.05000,2.40000,0.00000,0.00000
4429,583.74085,0.03384,Yakından incele · fire2,False,False,-5.60000,1.97000,-13.05000,2.40000,0.00000,0.00000
4430,583.77360,0.03275,Yakından incele · fire2,False,False,-5.60000,1.97000,-13.05000,2.40000,0.00000,0.00000
4431,583.80685,0.03325,Yakından incele · fire2,False,False,-5.60000,1.97000,-13.05000,2.40000,0.00000,0.00000
4432,583.84059,0.03374,Yakından incele · fire2,False,False,-5.60000,1.97000,-13.05000,2.40000,0.00000,0.00000
4433,583.87234,0.03175,Yakından incele · fire2,False,False,-5.60000,1.97000,-13.05000,2.40000,0.00000,0.00000
4434,583.90619,0.03386,Yakından incele · fire2,False,False,-5.60000,1.97000,-13.05000,2.40000,0.00000,0.00000
4435,583.94036,0.03416,Yakından incele · fire2,False,False,-5.60000,1.97000,-13.05000,2.40000,0.00000,0.00000
4436,583.97261,0.03225,Yakından incele · fire2,False,False,-5.60000,1.97000,-13.05000,2.40000,0.00000,0.00000
4437,584.00640,0.03379,Yakından incele · fire2,False,False,-5.60000,1.97000,-13.05000,2.40000,0.00000,0.00000
4438,584.04024,0.03384,Yakından incele · fire2,False,False,-5.60000,1.97000,-13.05000,2.40000,0.00000,0.00000
4439,584.07255,0.03231,Yakından incele · fire2,False,False,-5.60000,1.97000,-13.05000,2.40000,0.00000,0.00000
4440,584.10535,0.03280,Yakından incele · fire2,False,False,-5.60000,1.97000,-13.05000,2.40000,0.00000,0.00000
4441,584.13937,0.03403,Yakından incele · fire2,False,False,-5.60000,1.97000,-13.05000,2.40000,0.00000,0.00000
4442,584.17340,0.03403,Yakından incele · fire2,False,False,-5.60000,1.97000,-13.05000,2.40000,0.00000,0.00000
4443,584.20581,0.03240,Yakından incele · fire2,False,False,-5.60000,1.97000,-13.05000,2.40000,0.00000,0.00000
4444,584.24007,0.03426,Yakından incele · fire2,False,False,-5.60000,1.97000,-13.05000,2.40000,0.00000,0.00000
4445,584.28627,0.04620,Yakından incele · fire2,False,False,-5.60000,1.97000,-13.05000,2.40000,0.00000,0.00000
4446,584.32333,0.03706,Yakından incele · fire2,False,False,-5.60000,1.97000,-13.05000,2.40000,0.00000,0.00000
4447,584.36034,0.03701,Yakından incele · fire2,False,False,-5.60000,1.97000,-13.05000,2.40000,0.00000,0.00000
4448,584.37741,0.01706,Yakından incele · fire2,False,False,-5.60000,1.97000,-13.05000,2.40000,0.00000,0.00000
4449,584.41044,0.03304,Yakından incele · fire2,False,False,-5.60000,1.97000,-13.05000,2.40000,0.00000,0.00000
4450,584.44386,0.03341,Yakından incele · fire2,False,False,-5.60000,1.97000,-13.05000,2.40000,0.00000,0.00000
4451,584.47700,0.03314,Yakından incele · fire2,False,False,-5.60000,1.97000,-13.05000,2.40000,0.00000,0.00000
4452,584.51067,0.03367,Yakından incele · fire2,False,False,-5.60000,1.97000,-13.05000,2.40000,0.00000,0.00000
4453,584.54396,0.03329,Yakından incele · fire2,False,False,-5.60000,1.97000,-13.05000,2.40000,0.00000,0.00000
4454,584.57766,0.03371,Yakından incele · fire2,False,False,-5.60000,1.97000,-13.05000,2.40000,0.00000,0.00000
4455,584.61171,0.03404,Yakından incele · fire2,False,False,-5.60000,1.97000,-13.05000,2.40000,0.00000,0.00000
4456,584.64419,0.03248,Yakından incele · fire2,False,False,-5.60000,1.97000,-13.05000,2.40000,0.00000,0.00000
4457,584.67867,0.03448,Yakından incele · fire2,False,False,-5.60000,1.97000,-13.05000,2.40000,0.00000,0.00000
4458,584.71192,0.03324,Yakından incele · fire2,False,False,-5.60000,1.97000,-13.05000,2.40000,0.00000,0.00000
4459,584.74432,0.03240,Yakından incele · fire2,False,False,-5.60000,1.97000,-13.05000,2.40000,0.00000,0.00000
4460,584.77738,0.03306,Yakından incele · fire2,False,False,-5.60000,1.97000,-13.05000,2.40000,0.00000,0.00000
4461,584.81141,0.03403,Yakından incele · fire2,False,False,-5.60000,1.97000,-13.05000,2.40000,0.00000,0.00000
4462,584.84399,0.03258,Yakından incele · fire2,False,False,-5.60000,1.97000,-13.05000,2.40000,0.00000,0.00000
4463,584.87691,0.03292,Yakından incele · fire2,False,False,-5.60000,1.97000,-13.05000,2.40000,0.00000,0.00000
4464,584.91061,0.03370,Yakından incele · fire2,False,False,-5.60000,1.97000,-13.05000,2.40000,0.00000,0.00000
4465,584.94458,0.03397,Yakından incele · fire2,False,False,-5.60000,1.97000,-13.05000,2.40000,0.00000,0.00000
4466,584.97850,0.03392,Yakından incele · fire2,False,False,-5.60000,1.97000,-13.05000,2.40000,0.00000,0.00000
4467,585.01046,0.03196,Yakından incele · fire2,False,False,-5.60000,1.97000,-13.05000,2.40000,0.00000,0.00000
4468,585.04338,0.03292,Yakından incele · fire2,False,False,-5.60000,1.97000,-13.05000,2.40000,0.00000,0.00000
4469,585.07757,0.03420,Yakından incele · fire2,False,False,-5.60000,1.97000,-13.05000,2.40000,0.00000,0.00000
4470,585.11258,0.03501,Yakından incele · fire2,False,False,-5.60000,1.97000,-13.05000,2.40000,0.00000,0.00000
4471,585.14640,0.03382,Yakından incele · fire2,False,False,-5.60000,1.97000,-13.05000,2.40000,0.00000,0.00000
4472,585.17759,0.03119,Yakından incele · fire2,False,False,-5.60000,1.97000,-13.05000,2.40000,0.00000,0.00000
4473,585.21043,0.03284,Yakından incele · fire2,False,False,-5.60000,1.97000,-13.05000,2.40000,0.00000,0.00000
4474,585.24479,0.03435,Yakından incele · fire2,False,False,-5.60000,1.97000,-13.05000,2.40000,0.00000,0.00000
4475,585.27775,0.03296,Yakından incele · fire2,False,False,-5.60000,1.97000,-13.05000,2.40000,0.00000,0.00000
4476,585.31037,0.03262,Yakından incele · fire2,False,False,-5.60000,1.97000,-13.05000,2.40000,0.00000,0.00000
4477,585.34559,0.03522,Yakından incele · fire2,False,False,-5.60000,1.97000,-13.05000,2.40000,0.00000,0.00000
4478,585.39330,0.04772,Yakından incele · fire2,False,False,-5.60000,1.97000,-13.05000,2.40000,0.00000,0.00000
4479,585.43663,0.04333,Yakından incele · fire2,False,False,-5.60000,1.97000,-13.05000,2.40000,0.00000,0.00000
4480,585.47396,0.03733,Yakından incele · fire2,False,False,-5.60000,1.97000,-13.05000,2.40000,0.00000,0.00000
4481,585.50133,0.02737,Yakından incele · fire2,False,False,-5.60000,1.97000,-13.05000,2.40000,0.00000,0.00000
4482,585.52981,0.02848,Yakından incele · fire2,False,False,-5.60000,1.97000,-13.05000,2.40000,0.00000,0.00000
4483,585.56556,0.03575,Yakından incele · fire2,False,False,-5.60000,1.97000,-13.05000,2.40000,0.00000,0.00000
4484,585.60085,0.03528,Yakından incele · fire2,False,False,-5.60000,1.97000,-13.05000,2.40000,0.00000,0.00000
4485,585.63113,0.03029,Yakından incele · fire2,False,False,-5.60000,1.97000,-13.05000,2.40000,0.00000,0.00000
4486,585.66440,0.03327,Yakından incele · fire2,False,False,-5.60000,1.97000,-13.05000,2.40000,0.00000,0.00000
4487,585.70417,0.03977,Yakından incele · fire2,False,False,-5.60000,1.97000,-13.05000,2.40000,0.00000,0.00000
4488,585.73354,0.02937,Yakından incele · fire2,False,False,-5.60000,1.97000,-13.05000,2.40000,0.00000,0.00000
4489,585.75628,0.02274,Yakından incele · fire2,False,False,-5.60000,1.97000,-13.05000,2.40000,0.00000,0.00000
4490,585.79090,0.03462,Yakından incele · fire2,False,False,-5.60000,1.97000,-13.05000,2.40000,0.00000,0.00000
4491,585.82331,0.03241,Yakından incele · fire2,False,False,-5.60000,1.97000,-13.05000,2.40000,0.00000,0.00000
4492,585.85694,0.03363,Yakından incele · fire2,False,False,-5.60000,1.97000,-13.05000,2.40000,0.00000,0.00000
4493,585.88967,0.03273,Yakından incele · fire2,False,False,-5.60000,1.97000,-13.05000,2.40000,0.00000,0.00000
4494,585.92347,0.03380,Yakından incele · fire2,False,False,-5.60000,1.97000,-13.05000,2.40000,0.00000,0.00000
4495,585.95714,0.03367,Yakından incele · fire2,False,False,-5.60000,1.97000,-13.05000,2.40000,0.00000,0.00000
4496,585.99025,0.03311,Yakından incele · fire2,False,False,-5.60000,1.97000,-13.05000,2.40000,0.00000,0.00000
4497,586.02384,0.03359,Yakından incele · fire2,False,False,-5.60000,1.97000,-13.05000,2.40000,0.00000,0.00000
4498,586.05710,0.03325,Yakından incele · fire2,False,False,-5.60000,1.97000,-13.05000,2.40000,0.00000,0.00000
4499,586.09075,0.03365,Yakından incele · fire2,False,False,-5.60000,1.97000,-13.05000,2.40000,0.00000,0.00000
4500,586.12390,0.03315,Yakından incele · fire2,False,False,-5.60000,1.97000,-13.05000,2.40000,0.00000,0.00000
4501,586.15676,0.03286,Yakından incele · fire2,False,False,-5.60000,1.97000,-13.05000,2.40000,0.00000,0.00000
4502,586.18988,0.03313,Yakından incele · fire2,False,False,-5.60000,1.97000,-13.05000,2.40000,0.00000,0.00000
4503,586.22262,0.03274,Yakından incele · fire2,False,False,-5.60000,1.97000,-13.05000,2.40000,0.00000,0.00000
4504,586.25587,0.03325,Yakından incele · fire2,False,False,-5.60000,1.97000,-13.05000,2.40000,0.00000,0.00000
4505,586.28896,0.03309,Yakından incele · fire2,False,False,-5.60000,1.97000,-13.05000,2.40000,0.00000,0.00000
4506,586.32349,0.03453,Yakından incele · fire2,False,False,-5.60000,1.97000,-13.05000,2.40000,0.00000,0.00000
4507,586.35743,0.03394,Yakından incele · fire2,False,False,-5.60000,1.97000,-13.05000,2.40000,0.00000,0.00000
4508,586.39007,0.03264,Yakından incele · fire2,False,False,-5.60000,1.97000,-13.05000,2.40000,0.00000,0.00000
4509,586.42337,0.03330,Yakından incele · fire2,False,False,-5.60000,1.97000,-13.05000,2.40000,0.00000,0.00000
4510,586.45772,0.03435,Yakından incele · fire2,False,False,-5.60000,1.97000,-13.05000,2.40000,0.00000,0.00000
4511,586.49018,0.03246,Yakından incele · fire2,False,False,-5.60000,1.97000,-13.05000,2.40000,0.00000,0.00000
4512,586.52363,0.03346,Yakından incele · fire2,False,False,-5.60000,1.97000,-13.05000,2.40000,0.00000,0.00000
4513,586.55759,0.03396,Yakından incele · fire2,False,False,-5.60000,1.97000,-13.05000,2.40000,0.00000,0.00000
4514,586.58954,0.03195,Yakından incele · fire2,False,False,-5.60000,1.97000,-13.05000,2.40000,0.00000,0.00000
4515,586.62279,0.03324,Yakından incele · fire2,False,False,-5.60000,1.97000,-13.05000,2.40000,0.00000,0.00000
4516,586.65691,0.03412,Yakından incele · fire2,False,False,-5.60000,1.97000,-13.05000,2.40000,0.00000,0.00000
4517,586.68986,0.03295,Yakından incele · fire2,False,False,-5.60000,1.97000,-13.05000,2.40000,0.00000,0.00000
4518,586.72248,0.03261,Yakından incele · fire2,False,False,-5.60000,1.97000,-13.05000,2.40000,0.00000,0.00000
4519,586.75596,0.03348,Yakından incele · fire2,False,False,-5.60000,1.97000,-13.05000,2.40000,0.00000,0.00000
4520,586.79071,0.03476,Yakından incele · fire2,False,False,-5.60000,1.97000,-13.05000,2.40000,0.00000,0.00000
4521,586.82437,0.03365,Yakından incele · fire2,False,False,-5.60000,1.97000,-13.05000,2.40000,0.00000,0.00000
4522,586.85714,0.03277,Yakından incele · fire2,False,False,-5.60000,1.97000,-13.05000,2.40000,0.00000,0.00000
4523,586.88991,0.03277,Yakından incele · fire2,False,False,-5.60000,1.97000,-13.05000,2.40000,0.00000,0.00000
4524,586.92347,0.03356,Yakından incele · fire2,False,False,-5.60000,1.97000,-13.05000,2.40000,0.00000,0.00000
4525,586.95706,0.03359,Yakından incele · fire2,False,False,-5.60000,1.97000,-13.05000,2.40000,0.00000,0.00000
4526,586.99014,0.03307,Yakından incele · fire2,False,False,-5.60000,1.97000,-13.05000,2.40000,0.00000,0.00000
4527,587.02324,0.03310,Yakından incele · fire2,False,False,-5.60000,1.97000,-13.05000,2.40000,0.00000,0.00000
4528,587.05679,0.03356,Yakından incele · fire2,False,False,-5.60000,1.97000,-13.05000,2.40000,0.00000,0.00000
4529,587.09028,0.03349,Yakından incele · fire2,False,False,-5.60000,1.97000,-13.05000,2.40000,0.00000,0.00000
4530,587.12244,0.03216,Yakından incele · fire2,False,False,-5.60000,1.97000,-13.05000,2.40000,0.00000,0.00000
4531,587.15615,0.03371,Yakından incele · fire2,False,False,-5.60000,1.97000,-13.05000,2.40000,0.00000,0.00000
4532,587.19202,0.03587,Yakından incele · fire2,False,False,-5.60000,1.97000,-13.05000,2.40000,0.00000,0.00000
4533,587.22600,0.03398,Yakından incele · fire2,False,False,-5.60000,1.97000,-13.05000,2.40000,0.00000,0.00000
4534,587.25711,0.03112,Yakından incele · fire2,False,False,-5.60000,1.97000,-13.05000,2.40000,0.00000,0.00000
4535,587.28927,0.03216,Yakından incele · fire2,False,False,-5.60000,1.97000,-13.05000,2.40000,0.00000,0.00000
4536,587.32236,0.03308,Yakından incele · fire2,False,False,-5.60000,1.97000,-13.05000,2.40000,0.00000,0.00000
4537,587.35634,0.03398,Yakından incele · fire2,False,False,-5.60000,1.97000,-13.05000,2.40000,0.00000,0.00000
4538,587.39090,0.03456,Yakından incele · fire2,False,False,-5.60000,1.97000,-13.05000,2.40000,0.00000,0.00000
4539,587.42420,0.03330,Yakından incele · fire2,False,False,-5.60000,1.97000,-13.05000,2.40000,0.00000,0.00000
4540,587.45721,0.03301,Yakından incele · fire2,False,False,-5.60000,1.97000,-13.05000,2.40000,0.00000,0.00000
4541,587.49023,0.03302,Yakından incele · fire2,False,False,-5.60000,1.97000,-13.05000,2.40000,0.00000,0.00000
4542,587.52268,0.03245,Yakından incele · fire2,False,False,-5.60000,1.97000,-13.05000,2.40000,0.00000,0.00000
4543,587.55672,0.03404,Yakından incele · fire2,False,False,-5.60000,1.97000,-13.05000,2.40000,0.00000,0.00000
4544,587.59131,0.03458,Yakından incele · fire2,False,False,-5.60000,1.97000,-13.05000,2.40000,0.00000,0.00000
4545,587.62439,0.03308,Yakından incele · fire2,False,False,-5.60000,1.97000,-13.05000,2.40000,0.00000,0.00000
4546,587.65659,0.03220,Yakından incele · fire2,False,False,-5.60000,1.97000,-13.05000,2.40000,0.00000,0.00000
4547,587.68915,0.03257,Yakından incele · fire2,False,False,-5.60000,1.97000,-13.05000,2.40000,0.00000,0.00000
4548,587.72347,0.03432,Yakından incele · fire2,False,False,-5.60000,1.97000,-13.05000,2.40000,0.00000,0.00000
4549,587.75737,0.03390,Yakından incele · fire2,False,False,-5.60000,1.97000,-13.05000,2.40000,0.00000,0.00000
4550,587.79056,0.03319,Yakından incele · fire2,False,False,-5.60000,1.97000,-13.05000,2.40000,0.00000,0.00000
4551,587.82378,0.03323,Yakından incele · fire2,False,False,-5.60000,1.97000,-13.05000,2.40000,0.00000,0.00000
4552,587.85659,0.03281,Yakından incele · fire2,False,False,-5.60000,1.97000,-13.05000,2.40000,0.00000,0.00000
4553,587.89010,0.03351,Yakından incele · fire2,False,False,-5.60000,1.97000,-13.05000,2.40000,0.00000,0.00000
4554,587.92271,0.03261,Yakından incele · fire2,False,False,-5.60000,1.97000,-13.05000,2.40000,0.00000,0.00000
4555,587.95675,0.03404,Yakından incele · fire2,False,False,-5.60000,1.97000,-13.05000,2.40000,0.00000,0.00000
4556,587.99088,0.03413,Yakından incele · fire2,False,False,-5.60000,1.97000,-13.05000,2.40000,0.00000,0.00000
4557,588.02374,0.03286,Yakından incele · fire2,False,False,-5.60000,1.97000,-13.05000,2.40000,0.00000,0.00000
4558,588.05670,0.03297,Yakından incele · fire2,False,False,-5.60000,1.97000,-13.05000,2.40000,0.00000,0.00000
4559,588.08873,0.03202,Yakından incele · fire2,False,False,-5.60000,1.97000,-13.05000,2.40000,0.00000,0.00000
4560,588.12319,0.03447,Yakından incele · fire2,False,False,-5.60000,1.97000,-13.05000,2.40000,0.00000,0.00000
4561,588.16347,0.04027,Yakından incele · fire2,False,False,-5.60000,1.97000,-13.05000,2.40000,0.00000,0.00000
4562,588.20097,0.03750,Yakından incele · fire2,False,False,-5.60000,1.97000,-13.05000,2.40000,0.00000,0.00000
4563,588.22713,0.02616,Yakından incele · fire2,False,False,-5.60000,1.97000,-13.05000,2.40000,0.00000,0.00000
4564,588.25670,0.02957,Yakından incele · fire2,False,False,-5.60000,1.97000,-13.05000,2.40000,0.00000,0.00000
4565,588.29145,0.03475,Yakından incele · fire2,False,False,-5.60000,1.97000,-13.05000,2.40000,0.00000,0.00000
4566,588.32484,0.03339,Yakından incele · fire2,False,False,-5.60000,1.97000,-13.05000,2.40000,0.00000,0.00000
4567,588.35802,0.03318,Yakından incele · fire2,False,False,-5.60000,1.97000,-13.05000,2.40000,0.00000,0.00000
4568,588.39086,0.03284,Yakından incele · fire2,False,False,-5.60000,1.97000,-13.05000,2.40000,0.00000,0.00000
4569,588.42401,0.03315,Yakından incele · fire2,False,False,-5.60000,1.97000,-13.05000,2.40000,0.00000,0.00000
4570,588.45676,0.03275,Yakından incele · fire2,False,False,-5.60000,1.97000,-13.05000,2.40000,0.00000,0.00000
4571,588.49099,0.03423,Yakından incele · fire2,False,False,-5.60000,1.97000,-13.05000,2.40000,0.00000,0.00000
4572,588.52436,0.03336,Yakından incele · fire2,False,False,-5.60000,1.97000,-13.05000,2.40000,0.00000,0.00000
4573,588.55807,0.03372,Yakından incele · fire2,False,False,-5.60000,1.97000,-13.05000,2.40000,0.00000,0.00000
4574,588.59080,0.03272,Yakından incele · fire2,False,False,-5.60000,1.97000,-13.05000,2.40000,0.00000,0.00000
4575,588.62426,0.03347,Yakından incele · fire2,False,False,-5.60000,1.97000,-13.05000,2.40000,0.00000,0.00000
4576,588.65808,0.03381,Yakından incele · fire2,False,False,-5.60000,1.97000,-13.05000,2.40000,0.00000,0.00000
4577,588.70439,0.04631,Yakından incele · fire2,False,False,-5.60000,1.97000,-13.05000,2.40000,0.00000,0.00000
4578,588.73704,0.03265,Yakından incele · fire2,False,False,-5.60000,1.97000,-13.05000,2.40000,0.00000,0.00000
4579,588.76995,0.03290,Yakından incele · fire2,False,False,-5.60000,1.97000,-13.05000,2.40000,0.00000,0.00000
4580,588.80322,0.03327,Yakından incele · fire2,False,False,-5.60000,1.97000,-13.05000,2.40000,0.00000,0.00000
4581,588.83572,0.03250,Yakından incele · fire2,False,False,-5.60000,1.97000,-13.05000,2.40000,0.00000,0.00000
4582,588.86908,0.03336,Yakından incele · fire2,False,False,-5.60000,1.97000,-13.05000,2.40000,0.00000,0.00000
4583,588.90375,0.03466,Yakından incele · fire2,False,False,-5.60000,1.97000,-13.05000,2.40000,0.00000,0.00000
4584,588.93779,0.03405,Yakından incele · fire2,False,False,-5.60000,1.97000,-13.05000,2.40000,0.00000,0.00000
4585,588.97016,0.03237,Yakından incele · fire2,False,False,-5.60000,1.97000,-13.05000,2.40000,0.00000,0.00000
4586,589.00326,0.03310,Yakından incele · fire2,False,False,-5.60000,1.97000,-13.05000,2.40000,0.00000,0.00000
4587,589.03591,0.03265,Yakından incele · fire2,False,False,-5.60000,1.97000,-13.05000,2.40000,0.00000,0.00000
4588,589.06955,0.03364,Yakından incele · fire2,False,False,-5.60000,1.97000,-13.05000,2.40000,0.00000,0.00000
4589,589.10336,0.03381,Yakından incele · fire2,False,False,-5.60000,1.97000,-13.05000,2.40000,0.00000,0.00000
4590,589.13647,0.03311,Yakından incele · fire2,False,False,-5.60000,1.97000,-13.05000,2.40000,0.00000,0.00000
4591,589.17085,0.03438,Yakından incele · fire2,False,False,-5.60000,1.97000,-13.05000,2.40000,0.00000,0.00000
4592,589.20396,0.03310,Yakından incele · fire2,False,False,-5.60000,1.97000,-13.05000,2.40000,0.00000,0.00000
4593,589.23697,0.03301,Yakından incele · fire2,False,False,-5.60000,1.97000,-13.05000,2.40000,0.00000,0.00000
4594,589.27021,0.03324,Yakından incele · fire2,False,False,-5.60000,1.97000,-13.05000,2.40000,0.00000,0.00000
4595,589.30355,0.03333,Yakından incele · fire2,False,False,-5.60000,1.97000,-13.05000,2.40000,0.00000,0.00000
4596,589.33707,0.03353,Yakından incele · fire2,False,False,-5.60000,1.97000,-13.05000,2.40000,0.00000,0.00000
4597,589.37076,0.03368,Yakından incele · fire2,False,False,-5.60000,1.97000,-13.05000,2.40000,0.00000,0.00000
4598,589.40438,0.03362,Yakından incele · fire2,False,False,-5.60000,1.97000,-13.05000,2.40000,0.00000,0.00000
4599,589.43645,0.03207,Yakından incele · fire2,False,False,-5.60000,1.97000,-13.05000,2.40000,0.00000,0.00000
4600,589.46955,0.03311,Yakından incele · fire2,False,False,-5.60000,1.97000,-13.05000,2.40000,0.00000,0.00000
4601,589.50350,0.03394,Yakından incele · fire2,False,False,-5.60000,1.97000,-13.05000,2.40000,0.00000,0.00000
4602,589.53727,0.03377,Yakından incele · fire2,False,False,-5.60000,1.97000,-13.05000,2.40000,0.00000,0.00000
4603,589.57040,0.03313,Yakından incele · fire2,False,False,-5.60000,1.97000,-13.05000,2.40000,0.00000,0.00000
4604,589.60317,0.03278,Yakından incele · fire2,False,False,-5.60000,1.97000,-13.05000,2.40000,0.00000,0.00000
4605,589.63654,0.03337,Yakından incele · fire2,False,False,-5.60000,1.97000,-13.05000,2.40000,0.00000,0.00000
4606,589.67053,0.03399,Yakından incele · fire2,False,False,-5.60000,1.97000,-13.05000,2.40000,0.00000,0.00000
4607,589.70433,0.03380,Yakından incele · fire2,False,False,-5.60000,1.97000,-13.05000,2.40000,0.00000,0.00000
4608,589.73643,0.03209,Yakından incele · fire2,False,False,-5.60000,1.97000,-13.05000,2.40000,0.00000,0.00000
4609,589.76944,0.03301,Yakından incele · fire2,False,False,-5.60000,1.97000,-13.05000,2.40000,0.00000,0.00000
4610,589.80370,0.03427,Yakından incele · fire2,False,False,-5.60000,1.97000,-13.05000,2.40000,0.00000,0.00000
4611,589.83710,0.03340,Yakından incele · fire2,False,False,-5.60000,1.97000,-13.05000,2.40000,0.00000,0.00000
4612,589.87066,0.03356,Yakından incele · fire2,False,False,-5.60000,1.97000,-13.05000,2.40000,0.00000,0.00000
4613,589.90395,0.03329,Yakından incele · fire2,False,False,-5.60000,1.97000,-13.05000,2.40000,0.00000,0.00000
4614,589.93750,0.03354,Yakından incele · fire2,False,False,-5.60000,1.97000,-13.05000,2.40000,0.00000,0.00000
4615,589.97073,0.03324,Yakından incele · fire2,False,False,-5.60000,1.97000,-13.05000,2.40000,0.00000,0.00000
4616,590.00388,0.03314,Yakından incele · fire2,False,False,-5.60000,1.97000,-13.05000,2.40000,0.00000,0.00000
4617,590.03755,0.03367,Yakından incele · fire2,False,False,-5.60000,1.97000,-13.05000,2.40000,0.00000,0.00000
4618,590.07021,0.03266,Yakından incele · fire2,False,False,-5.60000,1.97000,-13.05000,2.40000,0.00000,0.00000
4619,590.10268,0.03247,Yakından incele · fire2,False,False,-5.60000,1.97000,-13.05000,2.40000,0.00000,0.00000
4620,590.13705,0.03437,Yakından incele · fire2,False,False,-5.60000,1.97000,-13.05000,2.40000,0.00000,0.00000
4621,590.17022,0.03317,Yakından incele · fire2,False,False,-5.60000,1.97000,-13.05000,2.40000,0.00000,0.00000
4622,590.20143,0.03121,Yakından incele · fire2,False,False,-5.60000,1.97000,-13.05000,2.40000,0.00000,0.00000
4623,590.23582,0.03439,Yakından incele · fire2,False,False,-5.60000,1.97000,-13.05000,2.40000,0.00000,0.00000
4624,590.27063,0.03481,Yakından incele · fire2,False,False,-5.60000,1.97000,-13.05000,2.40000,0.00000,0.00000
4625,590.30295,0.03233,Yakından incele · fire2,False,False,-5.60000,1.97000,-13.05000,2.40000,0.00000,0.00000
4626,590.33660,0.03364,Yakından incele · fire2,False,False,-5.60000,1.97000,-13.05000,2.40000,0.00000,0.00000
4627,590.38329,0.04669,Yakından incele · fire2,False,False,-5.60000,1.97000,-13.05000,2.40000,0.00000,0.00000
4628,590.41577,0.03248,Yakından incele · fire2,False,False,-5.60000,1.97000,-13.05000,2.40000,0.00000,0.00000
4629,590.43614,0.02037,Yakından incele · fire2,False,False,-5.60000,1.97000,-13.05000,2.40000,0.00000,0.00000
4630,590.47077,0.03464,Yakından incele · fire2,False,False,-5.60000,1.97000,-13.05000,2.40000,0.00000,0.00000
4631,590.50490,0.03412,Yakından incele · fire2,False,False,-5.60000,1.97000,-13.05000,2.40000,0.00000,0.00000
4632,590.53955,0.03465,Yakından incele · fire2,False,False,-5.60000,1.97000,-13.05000,2.40000,0.00000,0.00000
4633,590.57311,0.03356,Yakından incele · fire2,False,False,-5.60000,1.97000,-13.05000,2.40000,0.00000,0.00000
4634,590.60819,0.03509,Yakından incele · fire2,False,False,-5.60000,1.97000,-13.05000,2.40000,0.00000,0.00000
4635,590.64172,0.03353,Yakından incele · fire2,False,False,-5.60000,1.97000,-13.05000,2.40000,0.00000,0.00000
4636,590.67202,0.03030,Yakından incele · fire2,False,False,-5.60000,1.97000,-13.05000,2.40000,0.00000,0.00000
4637,590.70692,0.03490,Yakından incele · fire2,False,False,-5.60000,1.97000,-13.05000,2.40000,0.00000,0.00000
4638,590.73894,0.03202,Yakından incele · fire2,False,False,-5.60000,1.97000,-13.05000,2.40000,0.00000,0.00000
4639,590.77155,0.03261,Yakından incele · fire2,False,False,-5.60000,1.97000,-13.05000,2.40000,0.00000,0.00000
4640,590.80482,0.03326,Yakından incele · fire2,False,False,-5.60000,1.97000,-13.05000,2.40000,0.00000,0.00000
4641,590.83855,0.03373,Yakından incele · fire2,False,False,-5.60000,1.97000,-13.05000,2.40000,0.00000,0.00000
4642,590.87134,0.03280,Yakından incele · fire2,False,False,-5.60000,1.97000,-13.05000,2.40000,0.00000,0.00000
4643,590.90563,0.03429,Yakından incele · fire2,False,False,-5.60000,1.97000,-13.05000,2.40000,0.00000,0.00000
4644,590.93819,0.03256,Yakından incele · fire2,False,False,-5.60000,1.97000,-13.05000,2.40000,0.00000,0.00000
4645,590.97090,0.03271,Yakından incele · fire2,False,False,-5.60000,1.97000,-13.05000,2.40000,0.00000,0.00000
4646,591.00404,0.03314,Yakından incele · fire2,False,False,-5.60000,1.97000,-13.05000,2.40000,0.00000,0.00000
4647,591.03862,0.03459,Yakından incele · fire2,False,False,-5.60000,1.97000,-13.05000,2.40000,0.00000,0.00000
4648,591.07895,0.04033,Yakından incele · fire2,False,False,-5.60000,1.97000,-13.05000,2.40000,0.00000,0.00000
4649,591.11403,0.03508,Yakından incele · fire2,False,False,-5.60000,1.97000,-13.05000,2.40000,0.00000,0.00000
4650,591.14574,0.03171,Yakından incele · fire2,False,False,-5.60000,1.97000,-13.05000,2.40000,0.00000,0.00000
4651,591.17887,0.03313,Yakından incele · fire2,False,False,-5.60000,1.97000,-13.05000,2.40000,0.00000,0.00000
4652,591.22046,0.04159,Yakından incele · fire2,False,False,-5.60000,1.97000,-13.05000,2.40000,0.00000,0.00000
4653,591.23746,0.01700,Yakından incele · fire2,False,False,-5.60000,1.97000,-13.05000,2.40000,0.00000,0.00000
4654,591.27054,0.03308,Yakından incele · fire2,False,False,-5.60000,1.97000,-13.05000,2.40000,0.00000,0.00000
4655,591.30514,0.03460,Yakından incele · fire2,False,False,-5.60000,1.97000,-13.05000,2.40000,0.00000,0.00000
4656,591.33928,0.03414,Yakından incele · fire2,False,False,-5.60000,1.97000,-13.05000,2.40000,0.00000,0.00000
4657,591.37054,0.03126,Yakından incele · fire2,False,False,-5.60000,1.97000,-13.05000,2.40000,0.00000,0.00000
4658,591.40371,0.03317,Yakından incele · fire2,False,False,-5.60000,1.97000,-13.05000,2.40000,0.00000,0.00000
4659,591.43829,0.03458,Yakından incele · fire2,False,False,-5.60000,1.97000,-13.05000,2.40000,0.00000,0.00000
4660,591.47141,0.03312,Yakından incele · fire2,False,False,-5.60000,1.97000,-13.05000,2.40000,0.00000,0.00000
4661,591.50374,0.03232,Yakından incele · fire2,False,False,-5.60000,1.97000,-13.05000,2.40000,0.00000,0.00000
4662,591.53675,0.03301,Yakından incele · fire2,False,False,-5.60000,1.97000,-13.05000,2.40000,0.00000,0.00000
4663,591.57007,0.03333,Yakından incele · fire2,False,False,-5.60000,1.97000,-13.05000,2.40000,0.00000,0.00000
4664,591.60460,0.03453,Yakından incele · fire2,False,False,-5.60000,1.97000,-13.05000,2.40000,0.00000,0.00000
4665,591.63823,0.03363,Yakından incele · fire2,False,False,-5.60000,1.97000,-13.05000,2.40000,0.00000,0.00000
4666,591.67023,0.03200,Yakından incele · fire2,False,False,-5.60000,1.97000,-13.05000,2.40000,0.00000,0.00000
4667,591.70465,0.03442,Yakından incele · fire2,False,False,-5.60000,1.97000,-13.05000,2.40000,0.00000,0.00000
4668,591.73799,0.03334,Yakından incele · fire2,False,False,-5.60000,1.97000,-13.05000,2.40000,0.00000,0.00000
4669,591.77035,0.03236,Yakından incele · fire2,False,False,-5.60000,1.97000,-13.05000,2.40000,0.00000,0.00000
4670,591.80376,0.03341,Yakından incele · fire2,False,False,-5.60000,1.97000,-13.05000,2.40000,0.00000,0.00000
4671,591.83781,0.03405,Yakından incele · fire2,False,False,-5.60000,1.97000,-13.05000,2.40000,0.00000,0.00000
4672,591.87580,0.03799,Yakından incele · fire2,False,False,-5.60000,1.97000,-13.05000,2.40000,0.00000,0.00000
4673,591.90916,0.03336,Yakından incele · fire2,False,False,-5.60000,1.97000,-13.05000,2.40000,0.00000,0.00000
4674,591.93821,0.02905,Yakından incele · fire2,False,False,-5.60000,1.97000,-13.05000,2.40000,0.00000,0.00000
4675,591.97146,0.03326,Yakından incele · fire2,False,False,-5.60000,1.97000,-13.05000,2.40000,0.00000,0.00000
4676,592.01843,0.04697,Yakından incele · fire2,False,False,-5.60000,1.97000,-13.05000,2.40000,0.00000,0.00000
4677,592.05220,0.03377,Yakından incele · fire2,False,False,-5.60000,1.97000,-13.05000,2.40000,0.00000,0.00000
4678,592.08529,0.03309,Yakından incele · fire2,False,False,-5.60000,1.97000,-13.05000,2.40000,0.00000,0.00000
4679,592.11812,0.03283,Yakından incele · fire2,False,False,-5.60000,1.97000,-13.05000,2.40000,0.00000,0.00000
4680,592.15187,0.03375,Yakından incele · fire2,False,False,-5.60000,1.97000,-13.05000,2.40000,0.00000,0.00000
4681,592.18599,0.03411,Yakından incele · fire2,False,False,-5.60000,1.97000,-13.05000,2.40000,0.00000,0.00000
4682,592.21900,0.03302,Yakından incele · fire2,False,False,-5.60000,1.97000,-13.05000,2.40000,0.00000,0.00000
4683,592.25095,0.03195,Yakından incele · fire2,False,False,-5.60000,1.97000,-13.05000,2.40000,0.00000,0.00000
4684,592.28459,0.03364,Yakından incele · fire2,False,False,-5.60000,1.97000,-13.05000,2.40000,0.00000,0.00000
4685,592.31909,0.03450,Yakından incele · fire2,False,False,-5.60000,1.97000,-13.05000,2.40000,0.00000,0.00000
4686,592.35194,0.03285,Yakından incele · fire2,False,False,-5.60000,1.97000,-13.05000,2.40000,0.00000,0.00000
4687,592.38482,0.03288,Yakından incele · fire2,False,False,-5.60000,1.97000,-13.05000,2.40000,0.00000,0.00000
4688,592.41864,0.03382,Yakından incele · fire2,False,False,-5.60000,1.97000,-13.05000,2.40000,0.00000,0.00000
4689,592.45177,0.03313,Yakından incele · fire2,False,False,-5.60000,1.97000,-13.05000,2.40000,0.00000,0.00000
4690,592.48465,0.03288,Yakından incele · fire2,False,False,-5.60000,1.97000,-13.05000,2.40000,0.00000,0.00000
4691,592.51911,0.03447,Yakından incele · fire2,False,False,-5.60000,1.97000,-13.05000,2.40000,0.00000,0.00000
4692,592.55251,0.03340,Yakından incele · fire2,False,False,-5.60000,1.97000,-13.05000,2.40000,0.00000,0.00000
4693,592.58495,0.03244,Yakından incele · fire2,False,False,-5.60000,1.97000,-13.05000,2.40000,0.00000,0.00000
4694,592.61887,0.03392,Yakından incele · fire2,False,False,-5.60000,1.97000,-13.05000,2.40000,0.00000,0.00000
4695,592.65287,0.03400,Yakından incele · fire2,False,False,-5.60000,1.97000,-13.05000,2.40000,0.00000,0.00000
4696,592.68567,0.03280,Yakından incele · fire2,False,False,-5.60000,1.97000,-13.05000,2.40000,0.00000,0.00000
4697,592.71939,0.03372,Yakından incele · fire2,False,False,-5.60000,1.97000,-13.05000,2.40000,0.00000,0.00000
4698,592.75233,0.03294,Yakından incele · fire2,False,False,-5.60000,1.97000,-13.05000,2.40000,0.00000,0.00000
4699,592.78484,0.03251,Yakından incele · fire2,False,False,-5.60000,1.97000,-13.05000,2.40000,0.00000,0.00000
4700,592.81840,0.03356,Yakından incele · fire2,False,False,-5.60000,1.97000,-13.05000,2.40000,0.00000,0.00000
4701,592.85247,0.03406,Yakından incele · fire2,False,False,-5.60000,1.97000,-13.05000,2.40000,0.00000,0.00000
4702,592.88514,0.03267,Yakından incele · fire2,False,False,-5.60000,1.97000,-13.05000,2.40000,0.00000,0.00000
4703,592.91868,0.03354,Yakından incele · fire2,False,False,-5.60000,1.97000,-13.05000,2.40000,0.00000,0.00000
4704,592.95203,0.03334,Yakından incele · fire2,False,False,-5.60000,1.97000,-13.05000,2.40000,0.00000,0.00000
4705,592.98519,0.03317,Yakından incele · fire2,False,False,-5.60000,1.97000,-13.05000,2.40000,0.00000,0.00000
4706,593.01804,0.03285,Yakından incele · fire2,False,False,-5.60000,1.97000,-13.05000,2.40000,0.00000,0.00000
4707,593.05087,0.03284,Yakından incele · fire2,False,False,-5.60000,1.97000,-13.05000,2.40000,0.00000,0.00000
4708,593.08450,0.03362,Yakından incele · fire2,False,False,-5.60000,1.97000,-13.05000,2.40000,0.00000,0.00000
4709,593.11810,0.03360,Yakından incele · fire2,False,False,-5.60000,1.97000,-13.05000,2.40000,0.00000,0.00000
4710,593.15208,0.03399,Yakından incele · fire2,False,False,-5.60000,1.97000,-13.05000,2.40000,0.00000,0.00000
4711,593.18504,0.03296,Yakından incele · fire2,False,False,-5.60000,1.97000,-13.05000,2.40000,0.00000,0.00000
4712,593.21834,0.03330,Yakından incele · fire2,False,False,-5.60000,1.97000,-13.05000,2.40000,0.00000,0.00000
4713,593.25234,0.03400,Yakından incele · fire2,False,False,-5.60000,1.97000,-13.05000,2.40000,0.00000,0.00000
4714,593.28574,0.03341,Yakından incele · fire2,False,False,-5.60000,1.97000,-13.05000,2.40000,0.00000,0.00000
4715,593.31921,0.03346,Yakından incele · fire2,False,False,-5.60000,1.97000,-13.05000,2.40000,0.00000,0.00000
4716,593.35265,0.03344,Yakından incele · fire2,False,False,-5.60000,1.97000,-13.05000,2.40000,0.00000,0.00000
4717,593.38537,0.03272,Yakından incele · fire2,False,False,-5.60000,1.97000,-13.05000,2.40000,0.00000,0.00000
4718,593.41841,0.03304,Yakından incele · fire2,False,False,-5.60000,1.97000,-13.05000,2.40000,0.00000,0.00000
4719,593.45250,0.03409,Yakından incele · fire2,False,False,-5.60000,1.97000,-13.05000,2.40000,0.00000,0.00000
4720,593.48591,0.03341,Yakından incele · fire2,False,False,-5.60000,1.97000,-13.05000,2.40000,0.00000,0.00000
4721,593.51949,0.03358,Yakından incele · fire2,False,False,-5.60000,1.97000,-13.05000,2.40000,0.00000,0.00000
4722,593.55235,0.03286,Yakından incele · fire2,False,False,-5.60000,1.97000,-13.05000,2.40000,0.00000,0.00000
4723,593.58581,0.03346,Yakından incele · fire2,False,False,-5.60000,1.97000,-13.05000,2.40000,0.00000,0.00000
4724,593.61926,0.03345,Yakından incele · fire2,False,False,-5.60000,1.97000,-13.05000,2.40000,0.00000,0.00000
4725,593.65148,0.03222,Yakından incele · fire2,False,False,-5.60000,1.97000,-13.05000,2.40000,0.00000,0.00000
4726,593.68571,0.03423,Yakından incele · fire2,False,False,-5.60000,1.97000,-13.05000,2.40000,0.00000,0.00000
4727,593.71914,0.03343,Yakından incele · fire2,False,False,-5.60000,1.97000,-13.05000,2.40000,0.00000,0.00000
4728,593.75229,0.03315,Yakından incele · fire2,False,False,-5.60000,1.97000,-13.05000,2.40000,0.00000,0.00000
4729,593.78567,0.03338,Yakından incele · fire2,False,False,-5.60000,1.97000,-13.05000,2.40000,0.00000,0.00000
4730,593.81892,0.03325,Yakından incele · fire2,False,False,-5.60000,1.97000,-13.05000,2.40000,0.00000,0.00000
4731,593.85192,0.03300,Yakından incele · fire2,False,False,-5.60000,1.97000,-13.05000,2.40000,0.00000,0.00000
4732,593.88453,0.03261,Yakından incele · fire2,False,False,-5.60000,1.97000,-13.05000,2.40000,0.00000,0.00000
4733,593.91866,0.03412,Yakından incele · fire2,False,False,-5.60000,1.97000,-13.05000,2.40000,0.00000,0.00000
4734,593.95176,0.03310,Yakından incele · fire2,False,False,-5.60000,1.97000,-13.05000,2.40000,0.00000,0.00000
4735,593.98393,0.03217,Yakından incele · fire2,False,False,-5.60000,1.97000,-13.05000,2.40000,0.00000,0.00000
4736,594.01729,0.03336,Yakından incele · fire2,False,False,-5.60000,1.97000,-13.05000,2.40000,0.00000,0.00000
4737,594.05195,0.03467,Yakından incele · fire2,False,False,-5.60000,1.97000,-13.05000,2.40000,0.00000,0.00000
4738,594.08522,0.03327,Yakından incele · fire2,False,False,-5.60000,1.97000,-13.05000,2.40000,0.00000,0.00000
4739,594.11904,0.03382,Yakından incele · fire2,False,False,-5.60000,1.97000,-13.05000,2.40000,0.00000,0.00000
4740,594.15248,0.03344,Yakından incele · fire2,False,False,-5.60000,1.97000,-13.05000,2.40000,0.00000,0.00000
4741,594.18421,0.03173,Yakından incele · fire2,False,False,-5.60000,1.97000,-13.05000,2.40000,0.00000,0.00000
4742,594.21791,0.03370,Yakından incele · fire2,False,False,-5.60000,1.97000,-13.05000,2.40000,0.00000,0.00000
4743,594.25135,0.03344,Yakından incele · fire2,False,False,-5.60000,1.97000,-13.05000,2.40000,0.00000,0.00000
4744,594.28563,0.03427,Yakından incele · fire2,False,False,-5.60000,1.97000,-13.05000,2.40000,0.00000,0.00000
4745,594.31815,0.03253,Yakından incele · fire2,False,False,-5.60000,1.97000,-13.05000,2.40000,0.00000,0.00000
4746,594.35137,0.03322,Yakından incele · fire2,False,False,-5.60000,1.97000,-13.05000,2.40000,0.00000,0.00000
4747,594.38542,0.03405,Yakından incele · fire2,False,False,-5.60000,1.97000,-13.05000,2.40000,0.00000,0.00000
4748,594.41813,0.03271,Yakından incele · fire2,False,False,-5.60000,1.97000,-13.05000,2.40000,0.00000,0.00000
4749,594.45151,0.03338,Yakından incele · fire2,False,False,-5.60000,1.97000,-13.05000,2.40000,0.00000,0.00000
4750,594.48442,0.03291,Yakından incele · fire2,False,False,-5.60000,1.97000,-13.05000,2.40000,0.00000,0.00000
4751,594.51813,0.03370,Yakından incele · fire2,False,False,-5.60000,1.97000,-13.05000,2.40000,0.00000,0.00000
4752,594.55173,0.03361,Yakından incele · fire2,False,False,-5.60000,1.97000,-13.05000,2.40000,0.00000,0.00000
4753,594.58499,0.03326,Yakından incele · fire2,False,False,-5.60000,1.97000,-13.05000,2.40000,0.00000,0.00000
4754,594.61754,0.03255,Yakından incele · fire2,False,False,-5.60000,1.97000,-13.05000,2.40000,0.00000,0.00000
4755,594.65230,0.03476,Yakından incele · fire2,False,False,-5.60000,1.97000,-13.05000,2.40000,0.00000,0.00000
4756,594.68528,0.03299,Yakından incele · fire2,False,False,-5.60000,1.97000,-13.05000,2.40000,0.00000,0.00000
4757,594.71800,0.03271,Yakından incele · fire2,False,False,-5.60000,1.97000,-13.05000,2.40000,0.00000,0.00000
4758,594.75243,0.03443,Yakından incele · fire2,False,False,-5.60000,1.97000,-13.05000,2.40000,0.00000,0.00000
4759,594.78507,0.03264,Yakından incele · fire2,False,False,-5.60000,1.97000,-13.05000,2.40000,0.00000,0.00000
4760,594.81747,0.03240,Yakından incele · fire2,False,False,-5.60000,1.97000,-13.05000,2.40000,0.00000,0.00000
4761,594.85123,0.03377,Yakından incele · fire2,False,False,-5.60000,1.97000,-13.05000,2.40000,0.00000,0.00000
4762,594.88486,0.03363,Yakından incele · fire2,False,False,-5.60000,1.97000,-13.05000,2.40000,0.00000,0.00000
4763,594.91883,0.03397,Yakından incele · fire2,False,False,-5.60000,1.97000,-13.05000,2.40000,0.00000,0.00000
4764,594.95220,0.03338,Yakından incele · fire2,False,False,-5.60000,1.97000,-13.05000,2.40000,0.00000,0.00000
4765,594.98554,0.03334,Yakından incele · fire2,False,False,-5.60000,1.97000,-13.05000,2.40000,0.00000,0.00000
4766,595.01884,0.03330,Yakından incele · fire2,False,False,-5.60000,1.97000,-13.05000,2.40000,0.00000,0.00000
4767,595.05208,0.03323,Yakından incele · fire2,False,False,-5.60000,1.97000,-13.05000,2.40000,0.00000,0.00000
4768,595.08578,0.03371,Yakından incele · fire2,False,False,-5.60000,1.97000,-13.05000,2.40000,0.00000,0.00000
4769,595.11854,0.03275,Yakından incele · fire2,False,False,-5.60000,1.97000,-13.05000,2.40000,0.00000,0.00000
4770,595.15152,0.03298,Yakından incele · fire2,False,False,-5.60000,1.97000,-13.05000,2.40000,0.00000,0.00000
4771,595.18607,0.03455,Yakından incele · fire2,False,False,-5.60000,1.97000,-13.05000,2.40000,0.00000,0.00000
4772,595.21993,0.03386,Yakından incele · fire2,False,False,-5.60000,1.97000,-13.05000,2.40000,0.00000,0.00000
4773,595.25186,0.03193,Yakından incele · fire2,False,False,-5.60000,1.97000,-13.05000,2.40000,0.00000,0.00000
4774,595.28347,0.03161,Yakından incele · fire2,False,False,-5.60000,1.97000,-13.05000,2.40000,0.00000,0.00000
4775,595.33241,0.04894,Yakından incele · fire2,False,False,-5.60000,1.97000,-13.05000,2.40000,0.00000,0.00000
4776,595.36677,0.03436,Yakından incele · fire2,False,False,-5.60000,1.97000,-13.05000,2.40000,0.00000,0.00000
4777,595.39981,0.03304,Yakından incele · fire2,False,False,-5.60000,1.97000,-13.05000,2.40000,0.00000,0.00000
4778,595.43215,0.03234,Yakından incele · fire2,False,False,-5.60000,1.97000,-13.05000,2.40000,0.00000,0.00000
4779,595.46511,0.03296,Yakından incele · fire2,False,False,-5.60000,1.97000,-13.05000,2.40000,0.00000,0.00000
4780,595.49938,0.03428,Yakından incele · fire2,False,False,-5.60000,1.97000,-13.05000,2.40000,0.00000,0.00000
4781,595.53289,0.03350,Yakından incele · fire2,False,False,-5.60000,1.97000,-13.05000,2.40000,0.00000,0.00000
4782,595.56627,0.03338,Yakından incele · fire2,False,False,-5.60000,1.97000,-13.05000,2.40000,0.00000,0.00000
4783,595.60016,0.03389,Yakından incele · fire2,False,False,-5.60000,1.97000,-13.05000,2.40000,0.00000,0.00000
4784,595.63300,0.03284,Yakından incele · fire2,False,False,-5.60000,1.97000,-13.05000,2.40000,0.00000,0.00000
4785,595.66658,0.03358,Yakından incele · fire2,False,False,-5.60000,1.97000,-13.05000,2.40000,0.00000,0.00000
4786,595.69912,0.03254,Yakından incele · fire2,False,False,-5.60000,1.97000,-13.05000,2.40000,0.00000,0.00000
4787,595.73280,0.03368,Yakından incele · fire2,False,False,-5.60000,1.97000,-13.05000,2.40000,0.00000,0.00000
4788,595.76683,0.03403,Yakından incele · fire2,False,False,-5.60000,1.97000,-13.05000,2.40000,0.00000,0.00000
4789,595.79943,0.03261,Yakından incele · fire2,False,False,-5.60000,1.97000,-13.05000,2.40000,0.00000,0.00000
4790,595.83263,0.03320,Yakından incele · fire2,False,False,-5.60000,1.97000,-13.05000,2.40000,0.00000,0.00000
4791,595.86566,0.03303,Yakından incele · fire2,False,False,-5.60000,1.97000,-13.05000,2.40000,0.00000,0.00000
4792,595.90011,0.03445,Yakından incele · fire2,False,False,-5.60000,1.97000,-13.05000,2.40000,0.00000,0.00000
4793,595.93317,0.03306,Yakından incele · fire2,False,False,-5.60000,1.97000,-13.05000,2.40000,0.00000,0.00000
4794,595.96643,0.03326,Yakından incele · fire2,False,False,-5.60000,1.97000,-13.05000,2.40000,0.00000,0.00000
4795,595.99971,0.03328,Yakından incele · fire2,False,False,-5.60000,1.97000,-13.05000,2.40000,0.00000,0.00000
4796,596.03276,0.03305,Yakından incele · fire2,False,False,-5.60000,1.97000,-13.05000,2.40000,0.00000,0.00000
4797,596.06688,0.03412,Yakından incele · fire2,False,False,-5.60000,1.97000,-13.05000,2.40000,0.00000,0.00000
4798,596.09941,0.03253,Yakından incele · fire2,False,False,-5.60000,1.97000,-13.05000,2.40000,0.00000,0.00000
4799,596.13317,0.03376,Yakından incele · fire2,False,False,-5.60000,1.97000,-13.05000,2.40000,0.00000,0.00000
4800,596.16627,0.03311,Yakından incele · fire2,False,False,-5.60000,1.97000,-13.05000,2.40000,0.00000,0.00000
4801,596.19969,0.03342,Yakından incele · fire2,False,False,-5.60000,1.97000,-13.05000,2.40000,0.00000,0.00000
4802,596.23291,0.03321,Yakından incele · fire2,False,False,-5.60000,1.97000,-13.05000,2.40000,0.00000,0.00000
4803,596.26591,0.03300,Yakından incele · fire2,False,False,-5.60000,1.97000,-13.05000,2.40000,0.00000,0.00000
4804,596.29887,0.03296,Yakından incele · fire2,False,False,-5.60000,1.97000,-13.05000,2.40000,0.00000,0.00000
4805,596.33274,0.03387,Yakından incele · fire2,False,False,-5.60000,1.97000,-13.05000,2.40000,0.00000,0.00000
4806,596.36719,0.03445,Yakından incele · fire2,False,False,-5.60000,1.97000,-13.05000,2.40000,0.00000,0.00000
4807,596.41304,0.04584,Yakından incele · fire2,False,False,-5.60000,1.97000,-13.05000,2.40000,0.00000,0.00000
4808,596.44626,0.03322,Yakından incele · fire2,False,False,-5.60000,1.97000,-13.05000,2.40000,0.00000,0.00000
4809,596.46623,0.01997,Yakından incele · fire2,False,False,-5.60000,1.97000,-13.05000,2.40000,0.00000,0.00000
4810,596.49895,0.03272,Yakından incele · fire2,False,False,-5.60000,1.97000,-13.05000,2.40000,0.00000,0.00000
4811,596.53355,0.03460,Yakından incele · fire2,False,False,-5.60000,1.97000,-13.05000,2.40000,0.00000,0.00000
4812,596.56814,0.03458,Yakından incele · fire2,False,False,-5.60000,1.97000,-13.05000,2.40000,0.00000,0.00000
4813,596.60101,0.03287,Yakından incele · fire2,False,False,-5.60000,1.97000,-13.05000,2.40000,0.00000,0.00000
4814,596.63358,0.03257,Yakından incele · fire2,False,False,-5.60000,1.97000,-13.05000,2.40000,0.00000,0.00000
4815,596.66617,0.03260,Yakından incele · fire2,False,False,-5.60000,1.97000,-13.05000,2.40000,0.00000,0.00000
4816,596.69949,0.03332,Yakından incele · fire2,False,False,-5.60000,1.97000,-13.05000,2.40000,0.00000,0.00000
4817,596.73455,0.03506,Yakından incele · fire2,False,False,-5.60000,1.97000,-13.05000,2.40000,0.00000,0.00000
4818,596.76692,0.03237,Yakından incele · fire2,False,False,-5.60000,1.97000,-13.05000,2.40000,0.00000,0.00000
4819,596.79920,0.03228,Yakından incele · fire2,False,False,-5.60000,1.97000,-13.05000,2.40000,0.00000,0.00000
4820,596.83331,0.03411,Yakından incele · fire2,False,False,-5.60000,1.97000,-13.05000,2.40000,0.00000,0.00000
4821,596.86608,0.03277,Yakından incele · fire2,False,False,-5.60000,1.97000,-13.05000,2.40000,0.00000,0.00000
4822,596.89980,0.03372,Yakından incele · fire2,False,False,-5.60000,1.97000,-13.05000,2.40000,0.00000,0.00000
4823,596.93426,0.03446,Yakından incele · fire2,False,False,-5.60000,1.97000,-13.05000,2.40000,0.00000,0.00000
4824,596.96740,0.03314,Yakından incele · fire2,False,False,-5.60000,1.97000,-13.05000,2.40000,0.00000,0.00000
4825,596.99953,0.03213,Yakından incele · fire2,False,False,-5.60000,1.97000,-13.05000,2.40000,0.00000,0.00000
4826,597.03238,0.03285,Yakından incele · fire2,False,False,-5.60000,1.97000,-13.05000,2.40000,0.00000,0.00000
4827,597.06634,0.03396,Yakından incele · fire2,False,False,-5.60000,1.97000,-13.05000,2.40000,0.00000,0.00000
4828,597.09927,0.03293,Yakından incele · fire2,False,False,-5.60000,1.97000,-13.05000,2.40000,0.00000,0.00000
4829,597.13204,0.03277,Yakından incele · fire2,False,False,-5.60000,1.97000,-13.05000,2.40000,0.00000,0.00000
4830,597.16684,0.03480,Yakından incele · fire2,False,False,-5.60000,1.97000,-13.05000,2.40000,0.00000,0.00000
4831,597.19972,0.03287,Yakından incele · fire2,False,False,-5.60000,1.97000,-13.05000,2.40000,0.00000,0.00000
4832,597.23344,0.03372,Yakından incele · fire2,False,False,-5.60000,1.97000,-13.05000,2.40000,0.00000,0.00000
4833,597.26754,0.03411,Yakından incele · fire2,False,False,-5.60000,1.97000,-13.05000,2.40000,0.00000,0.00000
4834,597.29887,0.03132,Yakından incele · fire2,False,False,-5.60000,1.97000,-13.05000,2.40000,0.00000,0.00000
4835,597.33217,0.03330,Yakından incele · fire2,False,False,-5.60000,1.97000,-13.05000,2.40000,0.00000,0.00000
4836,597.36509,0.03292,Yakından incele · fire2,False,False,-5.60000,1.97000,-13.05000,2.40000,0.00000,0.00000
4837,597.40000,0.03491,Yakından incele · fire2,False,False,-5.60000,1.97000,-13.05000,2.40000,0.00000,0.00000
4838,597.43460,0.03460,Yakından incele · fire2,False,False,-5.60000,1.97000,-13.05000,2.40000,0.00000,0.00000
4839,597.46736,0.03276,Yakından incele · fire2,False,False,-5.60000,1.97000,-13.05000,2.40000,0.00000,0.00000
4840,597.50108,0.03371,Yakından incele · fire2,False,False,-5.60000,1.97000,-13.05000,2.40000,0.00000,0.00000
4841,597.53307,0.03199,Yakından incele · fire2,False,False,-5.60000,1.97000,-13.05000,2.40000,0.00000,0.00000
4842,597.56618,0.03311,Yakından incele · fire2,False,False,-5.60000,1.97000,-13.05000,2.40000,0.00000,0.00000
4843,597.59995,0.03377,Yakından incele · fire2,False,False,-5.60000,1.97000,-13.05000,2.40000,0.00000,0.00000
4844,597.63303,0.03308,Yakından incele · fire2,False,False,-5.60000,1.97000,-13.05000,2.40000,0.00000,0.00000
4845,597.66612,0.03309,Yakından incele · fire2,False,False,-5.60000,1.97000,-13.05000,2.40000,0.00000,0.00000
4846,597.69956,0.03344,Yakından incele · fire2,False,False,-5.60000,1.97000,-13.05000,2.40000,0.00000,0.00000
4847,597.73209,0.03253,Yakından incele · fire2,False,False,-5.60000,1.97000,-13.05000,2.40000,0.00000,0.00000
4848,597.76598,0.03390,Yakından incele · fire2,False,False,-5.60000,1.97000,-13.05000,2.40000,0.00000,0.00000
4849,597.79946,0.03348,Yakından incele · fire2,False,False,-5.60000,1.97000,-13.05000,2.40000,0.00000,0.00000
4850,597.83215,0.03269,Yakından incele · fire2,False,False,-5.60000,1.97000,-13.05000,2.40000,0.00000,0.00000
4851,597.86567,0.03351,Yakından incele · fire2,False,False,-5.60000,1.97000,-13.05000,2.40000,0.00000,0.00000
4852,597.89917,0.03350,Yakından incele · fire2,False,False,-5.60000,1.97000,-13.05000,2.40000,0.00000,0.00000
4853,597.93205,0.03288,Yakından incele · fire2,False,False,-5.60000,1.97000,-13.05000,2.40000,0.00000,0.00000
4854,597.96576,0.03371,Yakından incele · fire2,False,False,-5.60000,1.97000,-13.05000,2.40000,0.00000,0.00000
4855,597.99909,0.03332,Yakından incele · fire2,False,False,-5.60000,1.97000,-13.05000,2.40000,0.00000,0.00000
4856,598.03288,0.03380,Yakından incele · fire2,False,False,-5.60000,1.97000,-13.05000,2.40000,0.00000,0.00000
4857,598.06763,0.03475,Yakından incele · fire2,False,False,-5.60000,1.97000,-13.05000,2.40000,0.00000,0.00000
4858,598.09994,0.03230,Yakından incele · fire2,False,False,-5.60000,1.97000,-13.05000,2.40000,0.00000,0.00000
4859,598.13319,0.03325,Yakından incele · fire2,False,False,-5.60000,1.97000,-13.05000,2.40000,0.00000,0.00000
4860,598.16658,0.03340,Yakından incele · fire2,False,False,-5.60000,1.97000,-13.05000,2.40000,0.00000,0.00000
4861,598.19956,0.03298,Yakından incele · fire2,False,False,-5.60000,1.97000,-13.05000,2.40000,0.00000,0.00000
4862,598.23271,0.03315,Yakından incele · fire2,False,False,-5.60000,1.97000,-13.05000,2.40000,0.00000,0.00000
4863,598.26678,0.03406,Yakından incele · fire2,False,False,-5.60000,1.97000,-13.05000,2.40000,0.00000,0.00000
4864,598.29970,0.03292,Yakından incele · fire2,False,False,-5.60000,1.97000,-13.05000,2.40000,0.00000,0.00000
4865,598.33272,0.03302,Yakından incele · fire2,False,False,-5.60000,1.97000,-13.05000,2.40000,0.00000,0.00000
4866,598.36623,0.03351,Yakından incele · fire2,False,False,-5.60000,1.97000,-13.05000,2.40000,0.00000,0.00000
4867,598.39902,0.03279,Yakından incele · fire2,False,False,-5.60000,1.97000,-13.05000,2.40000,0.00000,0.00000
4868,598.43299,0.03398,Yakından incele · fire2,False,False,-5.60000,1.97000,-13.05000,2.40000,0.00000,0.00000
4869,598.46628,0.03329,Yakından incele · fire2,False,False,-5.60000,1.97000,-13.05000,2.40000,0.00000,0.00000
4870,598.49968,0.03340,Yakından incele · fire2,False,False,-5.60000,1.97000,-13.05000,2.40000,0.00000,0.00000
4871,598.53391,0.03423,Yakından incele · fire2,False,False,-5.60000,1.97000,-13.05000,2.40000,0.00000,0.00000
4872,598.56614,0.03223,Yakından incele · fire2,False,False,-5.60000,1.97000,-13.05000,2.40000,0.00000,0.00000
4873,598.59861,0.03248,Yakından incele · fire2,False,False,-5.60000,1.97000,-13.05000,2.40000,0.00000,0.00000
4874,598.64782,0.04921,Yakından incele · fire2,False,False,-5.60000,1.97000,-13.05000,2.40000,0.00000,0.00000
4875,598.68194,0.03412,Yakından incele · fire2,False,False,-5.60000,1.97000,-13.05000,2.40000,0.00000,0.00000
4876,598.71473,0.03278,Yakından incele · fire2,False,False,-5.60000,1.97000,-13.05000,2.40000,0.00000,0.00000
4877,598.74777,0.03304,Yakından incele · fire2,False,False,-5.60000,1.97000,-13.05000,2.40000,0.00000,0.00000
4878,598.78094,0.03318,Yakından incele · fire2,False,False,-5.60000,1.97000,-13.05000,2.40000,0.00000,0.00000
4879,598.81337,0.03243,Yakından incele · fire2,False,False,-5.60000,1.97000,-13.05000,2.40000,0.00000,0.00000
4880,598.84688,0.03351,Yakından incele · fire2,False,False,-5.60000,1.97000,-13.05000,2.40000,0.00000,0.00000
4881,598.88101,0.03413,Yakından incele · fire2,False,False,-5.60000,1.97000,-13.05000,2.40000,0.00000,0.00000
4882,598.91411,0.03310,Yakından incele · fire2,False,False,-5.60000,1.97000,-13.05000,2.40000,0.00000,0.00000
4883,598.94668,0.03257,Yakından incele · fire2,False,False,-5.60000,1.97000,-13.05000,2.40000,0.00000,0.00000
4884,598.98076,0.03408,Yakından incele · fire2,False,False,-5.60000,1.97000,-13.05000,2.40000,0.00000,0.00000
4885,599.01346,0.03270,Yakından incele · fire2,False,False,-5.60000,1.97000,-13.05000,2.40000,0.00000,0.00000
4886,599.04639,0.03293,Yakından incele · fire2,False,False,-5.60000,1.97000,-13.05000,2.40000,0.00000,0.00000
4887,599.08065,0.03425,Yakından incele · fire2,False,False,-5.60000,1.97000,-13.05000,2.40000,0.00000,0.00000
4888,599.11506,0.03441,Yakından incele · fire2,False,False,-5.60000,1.97000,-13.05000,2.40000,0.00000,0.00000
4889,599.14781,0.03275,Yakından incele · fire2,False,False,-5.60000,1.97000,-13.05000,2.40000,0.00000,0.00000
4890,599.18093,0.03312,Yakından incele · fire2,False,False,-5.60000,1.97000,-13.05000,2.40000,0.00000,0.00000
4891,599.21418,0.03325,Yakından incele · fire2,False,False,-5.60000,1.97000,-13.05000,2.40000,0.00000,0.00000
4892,599.24751,0.03333,Yakından incele · fire2,False,False,-5.60000,1.97000,-13.05000,2.40000,0.00000,0.00000
4893,599.28133,0.03382,Yakından incele · fire2,False,False,-5.60000,1.97000,-13.05000,2.40000,0.00000,0.00000
4894,599.31391,0.03258,Yakından incele · fire2,False,False,-5.60000,1.97000,-13.05000,2.40000,0.00000,0.00000
4895,599.34759,0.03368,Yakından incele · fire2,False,False,-5.60000,1.97000,-13.05000,2.40000,0.00000,0.00000
4896,599.38136,0.03378,Yakından incele · fire2,False,False,-5.60000,1.97000,-13.05000,2.40000,0.00000,0.00000
4897,599.41410,0.03274,Yakından incele · fire2,False,False,-5.60000,1.97000,-13.05000,2.40000,0.00000,0.00000
4898,599.44774,0.03363,Yakından incele · fire2,False,False,-5.60000,1.97000,-13.05000,2.40000,0.00000,0.00000
4899,599.48031,0.03257,Yakından incele · fire2,False,False,-5.60000,1.97000,-13.05000,2.40000,0.00000,0.00000
4900,599.51416,0.03385,Yakından incele · fire2,False,False,-5.60000,1.97000,-13.05000,2.40000,0.00000,0.00000
4901,599.54791,0.03375,Yakından incele · fire2,False,False,-5.60000,1.97000,-13.05000,2.40000,0.00000,0.00000
4902,599.58150,0.03359,Yakından incele · fire2,False,False,-5.60000,1.97000,-13.05000,2.40000,0.00000,0.00000
4903,599.61456,0.03307,Yakından incele · fire2,False,False,-5.60000,1.97000,-13.05000,2.40000,0.00000,0.00000
4904,599.64729,0.03272,Yakından incele · fire2,False,False,-5.60000,1.97000,-13.05000,2.40000,0.00000,0.00000
4905,599.68137,0.03409,Yakından incele · fire2,False,False,-5.60000,1.97000,-13.05000,2.40000,0.00000,0.00000
4906,599.71553,0.03416,Yakından incele · fire2,False,False,-5.60000,1.97000,-13.05000,2.40000,0.00000,0.00000
4907,599.74849,0.03295,Yakından incele · fire2,False,False,-5.60000,1.97000,-13.05000,2.40000,0.00000,0.00000
4908,599.78203,0.03354,Yakından incele · fire2,False,False,-5.60000,1.97000,-13.05000,2.40000,0.00000,0.00000
4909,599.81494,0.03291,Yakından incele · fire2,False,False,-5.60000,1.97000,-13.05000,2.40000,0.00000,0.00000
4910,599.84785,0.03291,Yakından incele · fire2,False,False,-5.60000,1.97000,-13.05000,2.40000,0.00000,0.00000
4911,599.88079,0.03293,Yakından incele · fire2,False,False,-5.60000,1.97000,-13.05000,2.40000,0.00000,0.00000
4912,599.91454,0.03376,Yakından incele · fire2,False,False,-5.60000,1.97000,-13.05000,2.40000,0.00000,0.00000
4913,599.94828,0.03373,Yakından incele · fire2,False,False,-5.60000,1.97000,-13.05000,2.40000,0.00000,0.00000
4914,599.98099,0.03271,Yakından incele · fire2,False,False,-5.60000,1.97000,-13.05000,2.40000,0.00000,0.00000
4915,600.01404,0.03305,Yakından incele · fire2,False,False,-5.60000,1.97000,-13.05000,2.40000,0.00000,0.00000
4916,600.04747,0.03344,Yakından incele · fire2,False,False,-5.60000,1.97000,-13.05000,2.40000,0.00000,0.00000
4917,600.08008,0.03260,Yakından incele · fire2,False,False,-5.60000,1.97000,-13.05000,2.40000,0.00000,0.00000
4918,600.11452,0.03444,Yakından incele · fire2,False,False,-5.60000,1.97000,-13.05000,2.40000,0.00000,0.00000
4919,600.14839,0.03387,Yakından incele · fire2,False,False,-5.60000,1.97000,-13.05000,2.40000,0.00000,0.00000
4920,600.18144,0.03305,Yakından incele · fire2,False,False,-5.60000,1.97000,-13.05000,2.40000,0.00000,0.00000
4921,600.21516,0.03372,Yakından incele · fire2,False,False,-5.60000,1.97000,-13.05000,2.40000,0.00000,0.00000
4922,600.24870,0.03355,Yakından incele · fire2,False,False,-5.60000,1.97000,-13.05000,2.40000,0.00000,0.00000
4923,600.28093,0.03222,Yakından incele · fire2,False,False,-5.60000,1.97000,-13.05000,2.40000,0.00000,0.00000
4924,600.31466,0.03373,Yakından incele · fire2,False,False,-5.60000,1.97000,-13.05000,2.40000,0.00000,0.00000
4925,600.34863,0.03397,Yakından incele · fire2,False,False,-5.60000,1.97000,-13.05000,2.40000,0.00000,0.00000
4926,600.38125,0.03262,Yakından incele · fire2,False,False,-5.60000,1.97000,-13.05000,2.40000,0.00000,0.00000
4927,600.41430,0.03305,Yakından incele · fire2,False,False,-5.60000,1.97000,-13.05000,2.40000,0.00000,0.00000
4928,600.45214,0.03783,Yakından incele · fire2,False,False,-5.60000,1.97000,-13.05000,2.40000,0.00000,0.00000
4929,600.48224,0.03011,Yakından incele · fire2,False,False,-5.60000,1.97000,-13.05000,2.40000,0.00000,0.00000
4930,600.51572,0.03347,Yakından incele · fire2,False,False,-5.60000,1.97000,-13.05000,2.40000,0.00000,0.00000
4931,600.55137,0.03566,Yakından incele · fire2,False,False,-5.60000,1.97000,-13.05000,2.40000,0.00000,0.00000
4932,600.58243,0.03105,Yakından incele · fire2,False,False,-5.60000,1.97000,-13.05000,2.40000,0.00000,0.00000
4933,600.61433,0.03190,Yakından incele · fire2,False,False,-5.60000,1.97000,-13.05000,2.40000,0.00000,0.00000
4934,600.64811,0.03379,Yakından incele · fire2,False,False,-5.60000,1.97000,-13.05000,2.40000,0.00000,0.00000
4935,600.68258,0.03447,Yakından incele · fire2,False,False,-5.60000,1.97000,-13.05000,2.40000,0.00000,0.00000
4936,600.71636,0.03378,Yakından incele · fire2,False,False,-5.60000,1.97000,-13.05000,2.40000,0.00000,0.00000
4937,600.74893,0.03257,Yakından incele · fire2,False,False,-5.60000,1.97000,-13.05000,2.40000,0.00000,0.00000
4938,600.78325,0.03432,Yakından incele · fire2,False,False,-5.60000,1.97000,-13.05000,2.40000,0.00000,0.00000
4939,600.82213,0.03888,Yakından incele · fire2,False,False,-5.60000,1.97000,-13.05000,2.40000,0.00000,0.00000
4940,600.85511,0.03297,Yakından incele · fire2,False,False,-5.60000,1.97000,-13.05000,2.40000,0.00000,0.00000
4941,600.88816,0.03306,Yakından incele · fire2,False,False,-5.60000,1.97000,-13.05000,2.40000,0.00000,0.00000
4942,600.93612,0.04796,Yakından incele · fire2,False,False,-5.60000,1.97000,-13.05000,2.40000,0.00000,0.00000
4943,600.94976,0.01364,Yakından incele · fire2,False,False,-5.60000,1.97000,-13.05000,2.40000,0.00000,0.00000
4944,600.98113,0.03137,Yakından incele · fire2,False,False,-5.60000,1.97000,-13.05000,2.40000,0.00000,0.00000
4945,601.01490,0.03376,Yakından incele · fire2,False,False,-5.60000,1.97000,-13.05000,2.40000,0.00000,0.00000
4946,601.04816,0.03326,Yakından incele · fire2,False,False,-5.60000,1.97000,-13.05000,2.40000,0.00000,0.00000
4947,601.08130,0.03314,Yakından incele · fire2,False,False,-5.60000,1.97000,-13.05000,2.40000,0.00000,0.00000
4948,601.11400,0.03270,Yakından incele · fire2,False,False,-5.60000,1.97000,-13.05000,2.40000,0.00000,0.00000
4949,601.14793,0.03393,Yakından incele · fire2,False,False,-5.60000,1.97000,-13.05000,2.40000,0.00000,0.00000
4950,601.18103,0.03310,Yakından incele · fire2,False,False,-5.60000,1.97000,-13.05000,2.40000,0.00000,0.00000
4951,601.21565,0.03463,Yakından incele · fire2,False,False,-5.60000,1.97000,-13.05000,2.40000,0.00000,0.00000
4952,601.24764,0.03199,Yakından incele · fire2,False,False,-5.60000,1.97000,-13.05000,2.40000,0.00000,0.00000
4953,601.28174,0.03410,Yakından incele · fire2,False,False,-5.60000,1.97000,-13.05000,2.40000,0.00000,0.00000
4954,601.31535,0.03360,Yakından incele · fire2,False,False,-5.60000,1.97000,-13.05000,2.40000,0.00000,0.00000
4955,601.34782,0.03247,Yakından incele · fire2,False,False,-5.60000,1.97000,-13.05000,2.40000,0.00000,0.00000
4956,601.38051,0.03270,Yakından incele · fire2,False,False,-5.60000,1.97000,-13.05000,2.40000,0.00000,0.00000
4957,601.41458,0.03406,Yakından incele · fire2,False,False,-5.60000,1.97000,-13.05000,2.40000,0.00000,0.00000
4958,601.44829,0.03372,Yakından incele · fire2,False,False,-5.60000,1.97000,-13.05000,2.40000,0.00000,0.00000
4959,601.48055,0.03226,Yakından incele · fire2,False,False,-5.60000,1.97000,-13.05000,2.40000,0.00000,0.00000
4960,601.51421,0.03366,Yakından incele · fire2,False,False,-5.60000,1.97000,-13.05000,2.40000,0.00000,0.00000
4961,601.54764,0.03343,Yakından incele · fire2,False,False,-5.60000,1.97000,-13.05000,2.40000,0.00000,0.00000
4962,601.58140,0.03376,Yakından incele · fire2,False,False,-5.60000,1.97000,-13.05000,2.40000,0.00000,0.00000
4963,601.61499,0.03359,Yakından incele · fire2,False,False,-5.60000,1.97000,-13.05000,2.40000,0.00000,0.00000
4964,601.64715,0.03216,Yakından incele · fire2,False,False,-5.60000,1.97000,-13.05000,2.40000,0.00000,0.00000
4965,601.68046,0.03331,Yakından incele · fire2,False,False,-5.60000,1.97000,-13.05000,2.40000,0.00000,0.00000
4966,601.71459,0.03413,Yakından incele · fire2,False,False,-5.60000,1.97000,-13.05000,2.40000,0.00000,0.00000
4967,601.74824,0.03365,Yakından incele · fire2,False,False,-5.60000,1.97000,-13.05000,2.40000,0.00000,0.00000
4968,601.78131,0.03307,Yakından incele · fire2,False,False,-5.60000,1.97000,-13.05000,2.40000,0.00000,0.00000
4969,601.81496,0.03365,Yakından incele · fire2,False,False,-5.60000,1.97000,-13.05000,2.40000,0.00000,0.00000
4970,601.84842,0.03346,Yakından incele · fire2,False,False,-5.60000,1.97000,-13.05000,2.40000,0.00000,0.00000
4971,601.88099,0.03257,Yakından incele · fire2,False,False,-5.60000,1.97000,-13.05000,2.40000,0.00000,0.00000
4972,601.91413,0.03315,Yakından incele · fire2,False,False,-5.60000,1.97000,-13.05000,2.40000,0.00000,0.00000
4973,601.96235,0.04822,Yakından incele · fire2,False,False,-5.60000,1.97000,-13.05000,2.40000,0.00000,0.00000
4974,601.99505,0.03270,Yakından incele · fire2,False,False,-5.60000,1.97000,-13.05000,2.40000,0.00000,0.00000
4975,602.02879,0.03374,Yakından incele · fire2,False,False,-5.60000,1.97000,-13.05000,2.40000,0.00000,0.00000
4976,602.06170,0.03291,Yakından incele · fire2,False,False,-5.60000,1.97000,-13.05000,2.40000,0.00000,0.00000
4977,602.09526,0.03357,Yakından incele · fire2,False,False,-5.60000,1.97000,-13.05000,2.40000,0.00000,0.00000
4978,602.12874,0.03348,Yakından incele · fire2,False,False,-5.60000,1.97000,-13.05000,2.40000,0.00000,0.00000
4979,602.16281,0.03407,Yakından incele · fire2,False,False,-5.60000,1.97000,-13.05000,2.40000,0.00000,0.00000
4980,602.19646,0.03365,Yakından incele · fire2,False,False,-5.60000,1.97000,-13.05000,2.40000,0.00000,0.00000
4981,602.22912,0.03266,Yakından incele · fire2,False,False,-5.60000,1.97000,-13.05000,2.40000,0.00000,0.00000
4982,602.26194,0.03282,Yakından incele · fire2,False,False,-5.60000,1.97000,-13.05000,2.40000,0.00000,0.00000
4983,602.29513,0.03319,Yakından incele · fire2,False,False,-5.60000,1.97000,-13.05000,2.40000,0.00000,0.00000
4984,602.32892,0.03378,Yakından incele · fire2,False,False,-5.60000,1.97000,-13.05000,2.40000,0.00000,0.00000
4985,602.36219,0.03327,Yakından incele · fire2,False,False,-5.60000,1.97000,-13.05000,2.40000,0.00000,0.00000
4986,602.39553,0.03335,Yakından incele · fire2,False,False,-5.60000,1.97000,-13.05000,2.40000,0.00000,0.00000
4987,602.42691,0.03138,Yakından incele · fire3,True,False,-5.60389,1.97000,-13.05598,2.40000,0.00713,0.00000
4988,602.45517,0.02825,Yakından incele · fire3,True,False,-5.61327,1.97000,-13.07041,2.40000,0.01721,0.00000
4989,602.48716,0.03199,Yakından incele · fire3,True,False,-5.62981,1.97000,-13.09585,2.40000,0.03035,0.00000
4990,602.52101,0.03385,Yakından incele · fire3,True,False,-5.65299,1.97000,-13.13153,2.40000,0.04255,0.00000
4991,602.55591,0.03490,Yakından incele · fire3,True,False,-5.68327,1.97000,-13.17811,2.40000,0.05556,0.00000
4992,602.59011,0.03420,Yakından incele · fire3,True,False,-5.71874,1.97000,-13.23268,2.40000,0.06508,0.00000
4993,602.62275,0.03264,Yakından incele · fire3,True,False,-5.75936,1.97000,-13.29517,2.40000,0.07453,0.00000
4994,602.65417,0.03142,Yakından incele · fire3,True,False,-5.80198,1.97000,-13.36074,2.40000,0.07820,0.00000
4995,602.68698,0.03282,Yakından incele · fire3,True,False,-5.84925,1.97000,-13.43346,2.40000,0.08673,0.00000
4996,602.72083,0.03384,Yakından incele · fire3,True,False,-5.90103,1.97000,-13.51312,2.40000,0.09501,0.00000
4997,602.75448,0.03365,Yakından incele · fire3,True,False,-5.95608,1.97000,-13.59782,2.40000,0.10101,0.00000
4998,602.78790,0.03342,Yakından incele · fire3,True,False,-6.01375,1.97000,-13.68653,2.40000,0.10581,0.00000
4999,602.82128,0.03338,Yakından incele · fire3,True,False,-6.07194,1.97000,-13.77606,2.40000,0.10678,0.00000
5000,602.85494,0.03366,Yakından incele · fire3,True,False,-6.13318,1.97000,-13.87028,2.40000,0.11237,0.00000
5001,602.89027,0.03532,Yakından incele · fire3,True,False,-6.19470,1.97000,-13.96492,2.40000,0.11287,0.00000
5002,602.92293,0.03266,Yakından incele · fire3,True,False,-6.25970,1.97000,-14.06493,2.40000,0.11928,0.00000
5003,602.95385,0.03092,Yakından incele · fire3,True,False,-6.31725,1.97000,-14.15346,2.40000,0.10559,0.00000
5004,602.98762,0.03377,Yakından incele · fire3,True,False,-6.37820,1.97000,-14.24723,2.40000,0.11184,0.00000
5005,603.02163,0.03402,Yakından incele · fire3,True,False,-6.43962,1.97000,-14.34173,2.40000,0.11270,0.00000
5006,603.05497,0.03333,Yakından incele · fire3,True,False,-6.49831,1.97000,-14.43202,2.40000,0.10770,0.00000
5007,603.08762,0.03265,Yakından incele · fire3,True,False,-6.55468,1.97000,-14.51873,2.40000,0.10342,0.00000
5008,603.12036,0.03275,Yakından incele · fire3,True,False,-6.60791,1.97000,-14.60062,2.40000,0.09767,0.00000
5009,603.15395,0.03358,Yakından incele · fire3,True,False,-6.65897,1.97000,-14.67919,2.40000,0.09370,0.00000
5010,603.18785,0.03390,Yakından incele · fire3,True,False,-6.70683,1.97000,-14.75282,2.40000,0.08781,0.00000
5011,603.22145,0.03360,Yakından incele · fire3,True,False,-6.75082,1.97000,-14.82049,2.40000,0.08071,0.00000
5012,603.25408,0.03263,Yakından incele · fire3,True,False,-6.78933,1.97000,-14.87974,2.40000,0.07067,0.00000
5013,603.28708,0.03300,Yakından incele · fire3,True,False,-6.82292,1.97000,-14.93142,2.40000,0.06164,0.00000
5014,603.32071,0.03364,Yakından incele · fire3,True,False,-6.85145,1.97000,-14.97531,2.40000,0.05235,0.00000
5015,603.35412,0.03341,Yakından incele · fire3,True,False,-6.87377,1.97000,-15.00965,2.40000,0.04096,0.00000
5016,603.38812,0.03399,Yakından incele · fire3,True,False,-6.88958,1.97000,-15.03397,2.40000,0.02901,0.00000
5017,603.42191,0.03379,Yakından incele · fire3,True,False,-6.89840,1.97000,-15.04753,2.40000,0.01618,0.00000
5018,603.45485,0.03294,Yakından incele · fire3,False,False,-6.90000,1.97000,-15.05000,2.40000,0.00294,0.00000
5019,603.48879,0.03395,Yakından incele · fire3,False,False,-6.90000,1.97000,-15.05000,2.40000,0.00000,0.00000
5020,603.52194,0.03315,Yakından incele · fire3,False,False,-6.90000,1.97000,-15.05000,2.40000,0.00000,0.00000
5021,603.55390,0.03196,Yakından incele · fire3,False,False,-6.90000,1.97000,-15.05000,2.40000,0.00000,0.00000
5022,603.58738,0.03348,Yakından incele · fire3,False,False,-6.90000,1.97000,-15.05000,2.40000,0.00000,0.00000
5023,603.62133,0.03395,Yakından incele · fire3,False,False,-6.90000,1.97000,-15.05000,2.40000,0.00000,0.00000
5024,603.65434,0.03301,Yakından incele · fire3,False,False,-6.90000,1.97000,-15.05000,2.40000,0.00000,0.00000
5025,603.68785,0.03352,Yakından incele · fire3,False,False,-6.90000,1.97000,-15.05000,2.40000,0.00000,0.00000
5026,603.72164,0.03379,Yakından incele · fire3,False,False,-6.90000,1.97000,-15.05000,2.40000,0.00000,0.00000
5027,603.75542,0.03378,Yakından incele · fire3,False,False,-6.90000,1.97000,-15.05000,2.40000,0.00000,0.00000
5028,603.78822,0.03280,Yakından incele · fire3,False,False,-6.90000,1.97000,-15.05000,2.40000,0.00000,0.00000
5029,603.82104,0.03281,Yakından incele · fire3,False,False,-6.90000,1.97000,-15.05000,2.40000,0.00000,0.00000
5030,603.85435,0.03331,Yakından incele · fire3,False,False,-6.90000,1.97000,-15.05000,2.40000,0.00000,0.00000
5031,603.88759,0.03324,Yakından incele · fire3,False,False,-6.90000,1.97000,-15.05000,2.40000,0.00000,0.00000
5032,603.92122,0.03363,Yakından incele · fire3,False,False,-6.90000,1.97000,-15.05000,2.40000,0.00000,0.00000
5033,603.95605,0.03483,Yakından incele · fire3,False,False,-6.90000,1.97000,-15.05000,2.40000,0.00000,0.00000
5034,603.98996,0.03390,Yakından incele · fire3,False,False,-6.90000,1.97000,-15.05000,2.40000,0.00000,0.00000
5035,604.02396,0.03400,Yakından incele · fire3,False,False,-6.90000,1.97000,-15.05000,2.40000,0.00000,0.00000
5036,604.05630,0.03234,Yakından incele · fire3,False,False,-6.90000,1.97000,-15.05000,2.40000,0.00000,0.00000
5037,604.08907,0.03277,Yakından incele · fire3,False,False,-6.90000,1.97000,-15.05000,2.40000,0.00000,0.00000
5038,604.12405,0.03498,Yakından incele · fire3,False,False,-6.90000,1.97000,-15.05000,2.40000,0.00000,0.00000
5039,604.15819,0.03415,Yakından incele · fire3,False,False,-6.90000,1.97000,-15.05000,2.40000,0.00000,0.00000
5040,604.19046,0.03226,Yakından incele · fire3,False,False,-6.90000,1.97000,-15.05000,2.40000,0.00000,0.00000
5041,604.22302,0.03256,Yakından incele · fire3,False,False,-6.90000,1.97000,-15.05000,2.40000,0.00000,0.00000
5042,604.25567,0.03265,Yakından incele · fire3,False,False,-6.90000,1.97000,-15.05000,2.40000,0.00000,0.00000
5043,604.28873,0.03306,Yakından incele · fire3,False,False,-6.90000,1.97000,-15.05000,2.40000,0.00000,0.00000
5044,604.32208,0.03335,Yakından incele · fire3,False,False,-6.90000,1.97000,-15.05000,2.40000,0.00000,0.00000
5045,604.35567,0.03358,Yakından incele · fire3,False,False,-6.90000,1.97000,-15.05000,2.40000,0.00000,0.00000
5046,604.38887,0.03320,Yakından incele · fire3,False,False,-6.90000,1.97000,-15.05000,2.40000,0.00000,0.00000
5047,604.42273,0.03386,Yakından incele · fire3,False,False,-6.90000,1.97000,-15.05000,2.40000,0.00000,0.00000
5048,604.45717,0.03444,Yakından incele · fire3,False,False,-6.90000,1.97000,-15.05000,2.40000,0.00000,0.00000
5049,604.49028,0.03311,Yakından incele · fire3,False,False,-6.90000,1.97000,-15.05000,2.40000,0.00000,0.00000
5050,604.53600,0.04571,Yakından incele · fire3,False,False,-6.90000,1.97000,-15.05000,2.40000,0.00000,0.00000
5051,604.57502,0.03903,Yakından incele · fire3,False,False,-6.90000,1.97000,-15.05000,2.40000,0.00000,0.00000
5052,604.61198,0.03696,Yakından incele · fire3,False,False,-6.90000,1.97000,-15.05000,2.40000,0.00000,0.00000
5053,604.62841,0.01643,Yakından incele · fire3,False,False,-6.90000,1.97000,-15.05000,2.40000,0.00000,0.00000
5054,604.66048,0.03207,Yakından incele · fire3,False,False,-6.90000,1.97000,-15.05000,2.40000,0.00000,0.00000
5055,604.69487,0.03439,Yakından incele · fire3,False,False,-6.90000,1.97000,-15.05000,2.40000,0.00000,0.00000
5056,604.72967,0.03480,Yakından incele · fire3,False,False,-6.90000,1.97000,-15.05000,2.40000,0.00000,0.00000
5057,604.76287,0.03320,Yakından incele · fire3,False,False,-6.90000,1.97000,-15.05000,2.40000,0.00000,0.00000
5058,604.79642,0.03355,Yakından incele · fire3,False,False,-6.90000,1.97000,-15.05000,2.40000,0.00000,0.00000
5059,604.82866,0.03224,Yakından incele · fire3,False,False,-6.90000,1.97000,-15.05000,2.40000,0.00000,0.00000
5060,604.86188,0.03322,Yakından incele · fire3,False,False,-6.90000,1.97000,-15.05000,2.40000,0.00000,0.00000
5061,604.89576,0.03389,Yakından incele · fire3,False,False,-6.90000,1.97000,-15.05000,2.40000,0.00000,0.00000
5062,604.92763,0.03187,Yakından incele · fire3,False,False,-6.90000,1.97000,-15.05000,2.40000,0.00000,0.00000
5063,604.96021,0.03258,Yakından incele · fire3,False,False,-6.90000,1.97000,-15.05000,2.40000,0.00000,0.00000
5064,604.99343,0.03322,Yakından incele · fire3,False,False,-6.90000,1.97000,-15.05000,2.40000,0.00000,0.00000
5065,605.02787,0.03444,Yakından incele · fire3,False,False,-6.90000,1.97000,-15.05000,2.40000,0.00000,0.00000
5066,605.06177,0.03390,Yakından incele · fire3,False,False,-6.90000,1.97000,-15.05000,2.40000,0.00000,0.00000
5067,605.09550,0.03373,Yakından incele · fire3,False,False,-6.90000,1.97000,-15.05000,2.40000,0.00000,0.00000
5068,605.12916,0.03366,Yakından incele · fire3,False,False,-6.90000,1.97000,-15.05000,2.40000,0.00000,0.00000
5069,605.16212,0.03296,Yakından incele · fire3,False,False,-6.90000,1.97000,-15.05000,2.40000,0.00000,0.00000
5070,605.19442,0.03229,Yakından incele · fire3,False,False,-6.90000,1.97000,-15.05000,2.40000,0.00000,0.00000
5071,605.22899,0.03458,Yakından incele · fire3,False,False,-6.90000,1.97000,-15.05000,2.40000,0.00000,0.00000
5072,605.27544,0.04645,Yakından incele · fire3,False,False,-6.90000,1.97000,-15.05000,2.40000,0.00000,0.00000
5073,605.30862,0.03318,Yakından incele · fire3,False,False,-6.90000,1.97000,-15.05000,2.40000,0.00000,0.00000
5074,605.34243,0.03381,Yakından incele · fire3,False,False,-6.90000,1.97000,-15.05000,2.40000,0.00000,0.00000
5075,605.37534,0.03291,Yakından incele · fire3,False,False,-6.90000,1.97000,-15.05000,2.40000,0.00000,0.00000
5076,605.40794,0.03260,Yakından incele · fire3,False,False,-6.90000,1.97000,-15.05000,2.40000,0.00000,0.00000
5077,605.44101,0.03307,Yakından incele · fire3,False,False,-6.90000,1.97000,-15.05000,2.40000,0.00000,0.00000
5078,605.47446,0.03344,Yakından incele · fire3,False,False,-6.90000,1.97000,-15.05000,2.40000,0.00000,0.00000
5079,605.50813,0.03367,Yakından incele · fire3,False,False,-6.90000,1.97000,-15.05000,2.40000,0.00000,0.00000
5080,605.54118,0.03305,Yakından incele · fire3,False,False,-6.90000,1.97000,-15.05000,2.40000,0.00000,0.00000
5081,605.57516,0.03398,Yakından incele · fire3,False,False,-6.90000,1.97000,-15.05000,2.40000,0.00000,0.00000
5082,605.60898,0.03382,Yakından incele · fire3,False,False,-6.90000,1.97000,-15.05000,2.40000,0.00000,0.00000
5083,605.64180,0.03282,Yakından incele · fire3,False,False,-6.90000,1.97000,-15.05000,2.40000,0.00000,0.00000
5084,605.67527,0.03347,Yakından incele · fire3,False,False,-6.90000,1.97000,-15.05000,2.40000,0.00000,0.00000
5085,605.71049,0.03522,Yakından incele · fire3,False,False,-6.90000,1.97000,-15.05000,2.40000,0.00000,0.00000
5086,605.74457,0.03408,Yakından incele · fire3,False,False,-6.90000,1.97000,-15.05000,2.40000,0.00000,0.00000
5087,605.77887,0.03430,Yakından incele · fire3,False,False,-6.90000,1.97000,-15.05000,2.40000,0.00000,0.00000
5088,605.81600,0.03713,Yakından incele · fire3,False,False,-6.90000,1.97000,-15.05000,2.40000,0.00000,0.00000
5089,605.85285,0.03685,Yakından incele · fire3,False,False,-6.90000,1.97000,-15.05000,2.40000,0.00000,0.00000
5090,605.88767,0.03482,Yakından incele · fire3,False,False,-6.90000,1.97000,-15.05000,2.40000,0.00000,0.00000
5091,605.91957,0.03191,Yakından incele · fire3,False,False,-6.90000,1.97000,-15.05000,2.40000,0.00000,0.00000
5092,605.95792,0.03835,Yakından incele · fire3,False,False,-6.90000,1.97000,-15.05000,2.40000,0.00000,0.00000
5093,605.99478,0.03687,Yakından incele · fire3,False,False,-6.90000,1.97000,-15.05000,2.40000,0.00000,0.00000
5094,606.02002,0.02524,Yakından incele · fire3,False,False,-6.90000,1.97000,-15.05000,2.40000,0.00000,0.00000
5095,606.04510,0.02508,Yakından incele · fire3,False,False,-6.90000,1.97000,-15.05000,2.40000,0.00000,0.00000
5096,606.07508,0.02998,Yakından incele · fire3,False,False,-6.90000,1.97000,-15.05000,2.40000,0.00000,0.00000
5097,606.10858,0.03350,Yakından incele · fire3,False,False,-6.90000,1.97000,-15.05000,2.40000,0.00000,0.00000
5098,606.14279,0.03421,Yakından incele · fire3,False,False,-6.90000,1.97000,-15.05000,2.40000,0.00000,0.00000
5099,606.17541,0.03262,Yakından incele · fire3,False,False,-6.90000,1.97000,-15.05000,2.40000,0.00000,0.00000
5100,606.20805,0.03264,Yakından incele · fire3,False,False,-6.90000,1.97000,-15.05000,2.40000,0.00000,0.00000
5101,606.24234,0.03429,Yakından incele · fire3,False,False,-6.90000,1.97000,-15.05000,2.40000,0.00000,0.00000
5102,606.27693,0.03459,Yakından incele · fire3,False,False,-6.90000,1.97000,-15.05000,2.40000,0.00000,0.00000
5103,606.30830,0.03137,Yakından incele · fire3,False,False,-6.90000,1.97000,-15.05000,2.40000,0.00000,0.00000
5104,606.34189,0.03359,Yakından incele · fire3,False,False,-6.90000,1.97000,-15.05000,2.40000,0.00000,0.00000
5105,606.37591,0.03402,Yakından incele · fire3,False,False,-6.90000,1.97000,-15.05000,2.40000,0.00000,0.00000
5106,606.40824,0.03233,Yakından incele · fire3,False,False,-6.90000,1.97000,-15.05000,2.40000,0.00000,0.00000
5107,606.44128,0.03304,Yakından incele · fire3,False,False,-6.90000,1.97000,-15.05000,2.40000,0.00000,0.00000
5108,606.47515,0.03387,Yakından incele · fire3,False,False,-6.90000,1.97000,-15.05000,2.40000,0.00000,0.00000
5109,606.50835,0.03320,Yakından incele · fire3,False,False,-6.90000,1.97000,-15.05000,2.40000,0.00000,0.00000
5110,606.54158,0.03323,Yakından incele · fire3,False,False,-6.90000,1.97000,-15.05000,2.40000,0.00000,0.00000
5111,606.57512,0.03354,Yakından incele · fire3,False,False,-6.90000,1.97000,-15.05000,2.40000,0.00000,0.00000
5112,606.60830,0.03318,Yakından incele · fire3,False,False,-6.90000,1.97000,-15.05000,2.40000,0.00000,0.00000
5113,606.64197,0.03367,Yakından incele · fire3,False,False,-6.90000,1.97000,-15.05000,2.40000,0.00000,0.00000
5114,606.67576,0.03379,Yakından incele · fire3,False,False,-6.90000,1.97000,-15.05000,2.40000,0.00000,0.00000
5115,606.70869,0.03293,Yakından incele · fire3,False,False,-6.90000,1.97000,-15.05000,2.40000,0.00000,0.00000
5116,606.74166,0.03298,Yakından incele · fire3,False,False,-6.90000,1.97000,-15.05000,2.40000,0.00000,0.00000
5117,606.77469,0.03303,Yakından incele · fire3,False,False,-6.90000,1.97000,-15.05000,2.40000,0.00000,0.00000
5118,606.80832,0.03363,Yakından incele · fire3,False,False,-6.90000,1.97000,-15.05000,2.40000,0.00000,0.00000
5119,606.84156,0.03325,Yakından incele · fire3,False,False,-6.90000,1.97000,-15.05000,2.40000,0.00000,0.00000
5120,606.87453,0.03296,Yakından incele · fire3,False,False,-6.90000,1.97000,-15.05000,2.40000,0.00000,0.00000
5121,606.90834,0.03382,Yakından incele · fire3,False,False,-6.90000,1.97000,-15.05000,2.40000,0.00000,0.00000
5122,606.94208,0.03374,Yakından incele · fire3,False,False,-6.90000,1.97000,-15.05000,2.40000,0.00000,0.00000
5123,606.97547,0.03338,Yakından incele · fire3,False,False,-6.90000,1.97000,-15.05000,2.40000,0.00000,0.00000
5124,607.00876,0.03329,Yakından incele · fire3,False,False,-6.90000,1.97000,-15.05000,2.40000,0.00000,0.00000
5125,607.04119,0.03243,Yakından incele · fire3,False,False,-6.90000,1.97000,-15.05000,2.40000,0.00000,0.00000
5126,607.07491,0.03372,Yakından incele · fire3,False,False,-6.90000,1.97000,-15.05000,2.40000,0.00000,0.00000
5127,607.11077,0.03586,Yakından incele · fire3,False,False,-6.90000,1.97000,-15.05000,2.40000,0.00000,0.00000
5128,607.14508,0.03431,Yakından incele · fire3,False,False,-6.90000,1.97000,-15.05000,2.40000,0.00000,0.00000
5129,607.17864,0.03356,Yakından incele · fire3,False,False,-6.90000,1.97000,-15.05000,2.40000,0.00000,0.00000
5130,607.21620,0.03756,Yakından incele · fire3,False,False,-6.90000,1.97000,-15.05000,2.40000,0.00000,0.00000
5131,607.24450,0.02830,Yakından incele · fire3,False,False,-6.90000,1.97000,-15.05000,2.40000,0.00000,0.00000
5132,607.27512,0.03062,Yakından incele · fire3,False,False,-6.90000,1.97000,-15.05000,2.40000,0.00000,0.00000
5133,607.30978,0.03466,Yakından incele · fire3,False,False,-6.90000,1.97000,-15.05000,2.40000,0.00000,0.00000
5134,607.34333,0.03355,Yakından incele · fire3,False,False,-6.90000,1.97000,-15.05000,2.40000,0.00000,0.00000
5135,607.37552,0.03219,Yakından incele · fire3,False,False,-6.90000,1.97000,-15.05000,2.40000,0.00000,0.00000
5136,607.40805,0.03252,Yakından incele · fire3,False,False,-6.90000,1.97000,-15.05000,2.40000,0.00000,0.00000
5137,607.44125,0.03320,Yakından incele · fire3,False,False,-6.90000,1.97000,-15.05000,2.40000,0.00000,0.00000
5138,607.47515,0.03390,Yakından incele · fire3,False,False,-6.90000,1.97000,-15.05000,2.40000,0.00000,0.00000
5139,607.50800,0.03285,Yakından incele · fire3,False,False,-6.90000,1.97000,-15.05000,2.40000,0.00000,0.00000
5140,607.54131,0.03331,Yakından incele · fire3,False,False,-6.90000,1.97000,-15.05000,2.40000,0.00000,0.00000
5141,607.57474,0.03343,Yakından incele · fire3,False,False,-6.90000,1.97000,-15.05000,2.40000,0.00000,0.00000
5142,607.60794,0.03320,Yakından incele · fire3,False,False,-6.90000,1.97000,-15.05000,2.40000,0.00000,0.00000
5143,607.64135,0.03342,Yakından incele · fire3,False,False,-6.90000,1.97000,-15.05000,2.40000,0.00000,0.00000
5144,607.67458,0.03323,Yakından incele · fire3,False,False,-6.90000,1.97000,-15.05000,2.40000,0.00000,0.00000
5145,607.70741,0.03283,Yakından incele · fire3,False,False,-6.90000,1.97000,-15.05000,2.40000,0.00000,0.00000
5146,607.74122,0.03381,Yakından incele · fire3,False,False,-6.90000,1.97000,-15.05000,2.40000,0.00000,0.00000
5147,607.77461,0.03339,Yakından incele · fire3,False,False,-6.90000,1.97000,-15.05000,2.40000,0.00000,0.00000
5148,607.80845,0.03384,Yakından incele · fire3,False,False,-6.90000,1.97000,-15.05000,2.40000,0.00000,0.00000
5149,607.84221,0.03376,Yakından incele · fire3,False,False,-6.90000,1.97000,-15.05000,2.40000,0.00000,0.00000
5150,607.87474,0.03253,Yakından incele · fire3,False,False,-6.90000,1.97000,-15.05000,2.40000,0.00000,0.00000
5151,607.90847,0.03373,Yakından incele · fire3,False,False,-6.90000,1.97000,-15.05000,2.40000,0.00000,0.00000
5152,607.94168,0.03321,Yakından incele · fire3,False,False,-6.90000,1.97000,-15.05000,2.40000,0.00000,0.00000
5153,607.97431,0.03263,Yakından incele · fire3,False,False,-6.90000,1.97000,-15.05000,2.40000,0.00000,0.00000
5154,608.00822,0.03391,Yakından incele · fire3,False,False,-6.90000,1.97000,-15.05000,2.40000,0.00000,0.00000
5155,608.04127,0.03305,Yakından incele · fire3,False,False,-6.90000,1.97000,-15.05000,2.40000,0.00000,0.00000
5156,608.07481,0.03354,Yakından incele · fire3,False,False,-6.90000,1.97000,-15.05000,2.40000,0.00000,0.00000
5157,608.10846,0.03364,Yakından incele · fire3,False,False,-6.90000,1.97000,-15.05000,2.40000,0.00000,0.00000
5158,608.14087,0.03241,Yakından incele · fire3,False,False,-6.90000,1.97000,-15.05000,2.40000,0.00000,0.00000
5159,608.17481,0.03394,Yakından incele · fire3,False,False,-6.90000,1.97000,-15.05000,2.40000,0.00000,0.00000
5160,608.20883,0.03402,Yakından incele · fire3,False,False,-6.90000,1.97000,-15.05000,2.40000,0.00000,0.00000
5161,608.24097,0.03215,Yakından incele · fire3,False,False,-6.90000,1.97000,-15.05000,2.40000,0.00000,0.00000
5162,608.27428,0.03331,Yakından incele · fire3,False,False,-6.90000,1.97000,-15.05000,2.40000,0.00000,0.00000
5163,608.30803,0.03375,Yakından incele · fire3,False,False,-6.90000,1.97000,-15.05000,2.40000,0.00000,0.00000
5164,608.34242,0.03439,Yakından incele · fire3,False,False,-6.90000,1.97000,-15.05000,2.40000,0.00000,0.00000
5165,608.37731,0.03489,Yakından incele · fire3,False,False,-6.90000,1.97000,-15.05000,2.40000,0.00000,0.00000
5166,608.41067,0.03336,Yakından incele · fire3,False,False,-6.90000,1.97000,-15.05000,2.40000,0.00000,0.00000
5167,608.44174,0.03107,Yakından incele · fire3,False,False,-6.90000,1.97000,-15.05000,2.40000,0.00000,0.00000
5168,608.47475,0.03301,Yakından incele · fire3,False,False,-6.90000,1.97000,-15.05000,2.40000,0.00000,0.00000
5169,608.50785,0.03310,Yakından incele · fire3,False,False,-6.90000,1.97000,-15.05000,2.40000,0.00000,0.00000
5170,608.54262,0.03477,Yakından incele · fire3,False,False,-6.90000,1.97000,-15.05000,2.40000,0.00000,0.00000
5171,608.59042,0.04780,Yakından incele · fire3,False,False,-6.90000,1.97000,-15.05000,2.40000,0.00000,0.00000
5172,608.62242,0.03200,Yakından incele · fire3,False,False,-6.90000,1.97000,-15.05000,2.40000,0.00000,0.00000
5173,608.65606,0.03365,Yakından incele · fire3,False,False,-6.90000,1.97000,-15.05000,2.40000,0.00000,0.00000
5174,608.68979,0.03372,Yakından incele · fire3,False,False,-6.90000,1.97000,-15.05000,2.40000,0.00000,0.00000
5175,608.72427,0.03449,Yakından incele · fire3,False,False,-6.90000,1.97000,-15.05000,2.40000,0.00000,0.00000
5176,608.75787,0.03360,Yakından incele · fire3,False,False,-6.90000,1.97000,-15.05000,2.40000,0.00000,0.00000
5177,608.78983,0.03196,Yakından incele · fire3,False,False,-6.90000,1.97000,-15.05000,2.40000,0.00000,0.00000
5178,608.82307,0.03324,Yakından incele · fire3,False,False,-6.90000,1.97000,-15.05000,2.40000,0.00000,0.00000
5179,608.85619,0.03312,Yakından incele · fire3,False,False,-6.90000,1.97000,-15.05000,2.40000,0.00000,0.00000
5180,608.88909,0.03291,Yakından incele · fire3,False,False,-6.90000,1.97000,-15.05000,2.40000,0.00000,0.00000
5181,608.92191,0.03282,Yakından incele · fire3,False,False,-6.90000,1.97000,-15.05000,2.40000,0.00000,0.00000
5182,608.95621,0.03430,Yakından incele · fire3,False,False,-6.90000,1.97000,-15.05000,2.40000,0.00000,0.00000
5183,608.99038,0.03417,Yakından incele · fire3,False,False,-6.90000,1.97000,-15.05000,2.40000,0.00000,0.00000
5184,609.02281,0.03243,Yakından incele · fire3,False,False,-6.90000,1.97000,-15.05000,2.40000,0.00000,0.00000
5185,609.05487,0.03206,Yakından incele · fire3,False,False,-6.90000,1.97000,-15.05000,2.40000,0.00000,0.00000
5186,609.08801,0.03315,Yakından incele · fire3,False,False,-6.90000,1.97000,-15.05000,2.40000,0.00000,0.00000
5187,609.12102,0.03301,Yakından incele · fire3,False,False,-6.90000,1.97000,-15.05000,2.40000,0.00000,0.00000
5188,609.15434,0.03332,Yakından incele · fire3,False,False,-6.90000,1.97000,-15.05000,2.40000,0.00000,0.00000
5189,609.18902,0.03468,Yakından incele · fire3,False,False,-6.90000,1.97000,-15.05000,2.40000,0.00000,0.00000
5190,609.22287,0.03386,Yakından incele · fire3,False,False,-6.90000,1.97000,-15.05000,2.40000,0.00000,0.00000
5191,609.25637,0.03350,Yakından incele · fire3,False,False,-6.90000,1.97000,-15.05000,2.40000,0.00000,0.00000
5192,609.28824,0.03187,Yakından incele · fire3,False,False,-6.90000,1.97000,-15.05000,2.40000,0.00000,0.00000
5193,609.32184,0.03360,Yakından incele · fire3,False,False,-6.90000,1.97000,-15.05000,2.40000,0.00000,0.00000
5194,609.35609,0.03425,Yakından incele · fire3,False,False,-6.90000,1.97000,-15.05000,2.40000,0.00000,0.00000
5195,609.38879,0.03270,Yakından incele · fire3,False,False,-6.90000,1.97000,-15.05000,2.40000,0.00000,0.00000
5196,609.42150,0.03271,Yakından incele · fire3,False,False,-6.90000,1.97000,-15.05000,2.40000,0.00000,0.00000
5197,609.45582,0.03432,Yakından incele · fire3,False,False,-6.90000,1.97000,-15.05000,2.40000,0.00000,0.00000
5198,609.48960,0.03378,Yakından incele · fire3,False,False,-6.90000,1.97000,-15.05000,2.40000,0.00000,0.00000
5199,609.52165,0.03206,Yakından incele · fire3,False,False,-6.90000,1.97000,-15.05000,2.40000,0.00000,0.00000
5200,609.55471,0.03305,Yakından incele · fire3,False,False,-6.90000,1.97000,-15.05000,2.40000,0.00000,0.00000
5201,609.58877,0.03406,Yakından incele · fire3,False,False,-6.90000,1.97000,-15.05000,2.40000,0.00000,0.00000
5202,609.62279,0.03403,Yakından incele · fire3,False,False,-6.90000,1.97000,-15.05000,2.40000,0.00000,0.00000
5203,609.65508,0.03229,Yakından incele · fire3,False,False,-6.90000,1.97000,-15.05000,2.40000,0.00000,0.00000
5204,609.68820,0.03312,Yakından incele · fire3,False,False,-6.90000,1.97000,-15.05000,2.40000,0.00000,0.00000
5205,609.72297,0.03477,Yakından incele · fire3,False,False,-6.90000,1.97000,-15.05000,2.40000,0.00000,0.00000
5206,609.75530,0.03234,Yakından incele · fire3,False,False,-6.90000,1.97000,-15.05000,2.40000,0.00000,0.00000
5207,609.78811,0.03281,Yakından incele · fire3,False,False,-6.90000,1.97000,-15.05000,2.40000,0.00000,0.00000
5208,609.82159,0.03348,Yakından incele · fire3,False,False,-6.90000,1.97000,-15.05000,2.40000,0.00000,0.00000
5209,609.85469,0.03310,Yakından incele · fire3,False,False,-6.90000,1.97000,-15.05000,2.40000,0.00000,0.00000
5210,609.88998,0.03529,Yakından incele · fire3,False,False,-6.90000,1.97000,-15.05000,2.40000,0.00000,0.00000
5211,609.92396,0.03398,Yakından incele · fire3,False,False,-6.90000,1.97000,-15.05000,2.40000,0.00000,0.00000
5212,609.95602,0.03206,Yakından incele · fire3,False,False,-6.90000,1.97000,-15.05000,2.40000,0.00000,0.00000
5213,609.98839,0.03237,Yakından incele · fire3,False,False,-6.90000,1.97000,-15.05000,2.40000,0.00000,0.00000
5214,610.02141,0.03302,Yakından incele · fire3,False,False,-6.90000,1.97000,-15.05000,2.40000,0.00000,0.00000
5215,610.05551,0.03410,Yakından incele · fire3,False,False,-6.90000,1.97000,-15.05000,2.40000,0.00000,0.00000
5216,610.08972,0.03421,Yakından incele · fire3,False,False,-6.90000,1.97000,-15.05000,2.40000,0.00000,0.00000
5217,610.12203,0.03231,Yakından incele · fire3,False,False,-6.90000,1.97000,-15.05000,2.40000,0.00000,0.00000
5218,610.15501,0.03297,Yakından incele · fire3,False,False,-6.90000,1.97000,-15.05000,2.40000,0.00000,0.00000
5219,610.18937,0.03436,Yakından incele · fire3,False,False,-6.90000,1.97000,-15.05000,2.40000,0.00000,0.00000
5220,610.22137,0.03201,Yakından incele · fire3,False,False,-6.90000,1.97000,-15.05000,2.40000,0.00000,0.00000
5221,610.25417,0.03279,Yakından incele · fire3,False,False,-6.90000,1.97000,-15.05000,2.40000,0.00000,0.00000
5222,610.28788,0.03371,Yakından incele · fire3,False,False,-6.90000,1.97000,-15.05000,2.40000,0.00000,0.00000
5223,610.32124,0.03336,Yakından incele · fire3,False,False,-6.90000,1.97000,-15.05000,2.40000,0.00000,0.00000
5224,610.35475,0.03351,Yakından incele · fire3,False,False,-6.90000,1.97000,-15.05000,2.40000,0.00000,0.00000
5225,610.38994,0.03519,Yakından incele · fire3,False,False,-6.90000,1.97000,-15.05000,2.40000,0.00000,0.00000
5226,610.42339,0.03346,Yakından incele · fire3,False,False,-6.90000,1.97000,-15.05000,2.40000,0.00000,0.00000
5227,610.45498,0.03158,Yakından incele · fire3,False,False,-6.90000,1.97000,-15.05000,2.40000,0.00000,0.00000
5228,610.48931,0.03433,Yakından incele · fire3,False,False,-6.90000,1.97000,-15.05000,2.40000,0.00000,0.00000
5229,610.52363,0.03431,Yakından incele · fire3,False,False,-6.90000,1.97000,-15.05000,2.40000,0.00000,0.00000
5230,610.55630,0.03267,Yakından incele · fire3,False,False,-6.90000,1.97000,-15.05000,2.40000,0.00000,0.00000
5231,610.59021,0.03391,Yakından incele · fire3,False,False,-6.90000,1.97000,-15.05000,2.40000,0.00000,0.00000
5232,610.63494,0.04473,Yakından incele · fire3,False,False,-6.90000,1.97000,-15.05000,2.40000,0.00000,0.00000
5233,610.66909,0.03415,Yakından incele · fire3,False,False,-6.90000,1.97000,-15.05000,2.40000,0.00000,0.00000
5234,610.69052,0.02143,Yakından incele · fire3,False,False,-6.90000,1.97000,-15.05000,2.40000,0.00000,0.00000
5235,610.72202,0.03150,Yakından incele · fire3,False,False,-6.90000,1.97000,-15.05000,2.40000,0.00000,0.00000
5236,610.75605,0.03404,Yakından incele · fire3,False,False,-6.90000,1.97000,-15.05000,2.40000,0.00000,0.00000
5237,610.79002,0.03397,Yakından incele · fire3,False,False,-6.90000,1.97000,-15.05000,2.40000,0.00000,0.00000
5238,610.82206,0.03204,Yakından incele · fire3,False,False,-6.90000,1.97000,-15.05000,2.40000,0.00000,0.00000
5239,610.85531,0.03326,Yakından incele · fire3,False,False,-6.90000,1.97000,-15.05000,2.40000,0.00000,0.00000
5240,610.88914,0.03383,Yakından incele · fire3,False,False,-6.90000,1.97000,-15.05000,2.40000,0.00000,0.00000
5241,610.92141,0.03227,Yakından incele · fire3,False,False,-6.90000,1.97000,-15.05000,2.40000,0.00000,0.00000
5242,610.95610,0.03469,Yakından incele · fire3,False,False,-6.90000,1.97000,-15.05000,2.40000,0.00000,0.00000
5243,610.99008,0.03398,Yakından incele · fire3,False,False,-6.90000,1.97000,-15.05000,2.40000,0.00000,0.00000
5244,611.02293,0.03284,Yakından incele · fire3,False,False,-6.90000,1.97000,-15.05000,2.40000,0.00000,0.00000
5245,611.05667,0.03374,Yakından incele · fire3,False,False,-6.90000,1.97000,-15.05000,2.40000,0.00000,0.00000
5246,611.08886,0.03219,Yakından incele · fire3,False,False,-6.90000,1.97000,-15.05000,2.40000,0.00000,0.00000
5247,611.12149,0.03263,Yakından incele · fire3,False,False,-6.90000,1.97000,-15.05000,2.40000,0.00000,0.00000
5248,611.15448,0.03299,Yakından incele · fire3,False,False,-6.90000,1.97000,-15.05000,2.40000,0.00000,0.00000
5249,611.20263,0.04815,Yakından incele · fire3,False,False,-6.90000,1.97000,-15.05000,2.40000,0.00000,0.00000
5250,611.23967,0.03703,Yakından incele · fire3,False,False,-6.90000,1.97000,-15.05000,2.40000,0.00000,0.00000
5251,611.26471,0.02504,Yakından incele · fire3,False,False,-6.90000,1.97000,-15.05000,2.40000,0.00000,0.00000
5252,611.30187,0.03717,Yakından incele · fire3,False,False,-6.90000,1.97000,-15.05000,2.40000,0.00000,0.00000
5253,611.33136,0.02949,Yakından incele · fire3,False,False,-6.90000,1.97000,-15.05000,2.40000,0.00000,0.00000
5254,611.36106,0.02970,Yakından incele · fire3,False,False,-6.90000,1.97000,-15.05000,2.40000,0.00000,0.00000
5255,611.39336,0.03230,Yakından incele · fire3,False,False,-6.90000,1.97000,-15.05000,2.40000,0.00000,0.00000
5256,611.42699,0.03363,Yakından incele · fire3,False,False,-6.90000,1.97000,-15.05000,2.40000,0.00000,0.00000
5257,611.46270,0.03571,Yakından incele · fire3,False,False,-6.90000,1.97000,-15.05000,2.40000,0.00000,0.00000
5258,611.49687,0.03417,Yakından incele · fire3,False,False,-6.90000,1.97000,-15.05000,2.40000,0.00000,0.00000
5259,611.52735,0.03048,Yakından incele · fire3,False,False,-6.90000,1.97000,-15.05000,2.40000,0.00000,0.00000
5260,611.56118,0.03383,Yakından incele · fire3,False,False,-6.90000,1.97000,-15.05000,2.40000,0.00000,0.00000
5261,611.59436,0.03318,Yakından incele · fire3,False,False,-6.90000,1.97000,-15.05000,2.40000,0.00000,0.00000
5262,611.62885,0.03448,Yakından incele · fire3,False,False,-6.90000,1.97000,-15.05000,2.40000,0.00000,0.00000
5263,611.66197,0.03313,Yakından incele · fire3,False,False,-6.90000,1.97000,-15.05000,2.40000,0.00000,0.00000
5264,611.69445,0.03248,Yakından incele · fire3,False,False,-6.90000,1.97000,-15.05000,2.40000,0.00000,0.00000
5265,611.72765,0.03319,Yakından incele · fire3,False,False,-6.90000,1.97000,-15.05000,2.40000,0.00000,0.00000
5266,611.76174,0.03409,Yakından incele · fire3,False,False,-6.90000,1.97000,-15.05000,2.40000,0.00000,0.00000
5267,611.79490,0.03316,Yakından incele · fire3,False,False,-6.90000,1.97000,-15.05000,2.40000,0.00000,0.00000
5268,611.82923,0.03433,Yakından incele · fire3,False,False,-6.90000,1.97000,-15.05000,2.40000,0.00000,0.00000
5269,611.86249,0.03326,Yakından incele · fire3,False,False,-6.90000,1.97000,-15.05000,2.40000,0.00000,0.00000
5270,611.91323,0.05075,Yakından incele · fire3,False,False,-6.90000,1.97000,-15.05000,2.40000,0.00000,0.00000
5271,611.94497,0.03173,Yakından incele · fire3,False,False,-6.90000,1.97000,-15.05000,2.40000,0.00000,0.00000
5272,611.98041,0.03544,Yakından incele · fire3,False,False,-6.90000,1.97000,-15.05000,2.40000,0.00000,0.00000
5273,612.01461,0.03420,Yakından incele · fire3,False,False,-6.90000,1.97000,-15.05000,2.40000,0.00000,0.00000
5274,612.04758,0.03296,Yakından incele · fire3,False,False,-6.90000,1.97000,-15.05000,2.40000,0.00000,0.00000
5275,612.08016,0.03258,Yakından incele · fire3,False,False,-6.90000,1.97000,-15.05000,2.40000,0.00000,0.00000
5276,612.11513,0.03498,Yakından incele · fire3,False,False,-6.90000,1.97000,-15.05000,2.40000,0.00000,0.00000
5277,612.14951,0.03438,Yakından incele · fire3,False,False,-6.90000,1.97000,-15.05000,2.40000,0.00000,0.00000
5278,612.18086,0.03135,Yakından incele · fire3,False,False,-6.90000,1.97000,-15.05000,2.40000,0.00000,0.00000
5279,612.21239,0.03152,Yakından incele · fire3,False,False,-6.90000,1.97000,-15.05000,2.40000,0.00000,0.00000
5280,612.24591,0.03352,Yakından incele · fire3,False,False,-6.90000,1.97000,-15.05000,2.40000,0.00000,0.00000
5281,612.27965,0.03374,Yakından incele · fire3,False,False,-6.90000,1.97000,-15.05000,2.40000,0.00000,0.00000
5282,612.31381,0.03415,Yakından incele · fire3,False,False,-6.90000,1.97000,-15.05000,2.40000,0.00000,0.00000
5283,612.34693,0.03312,Yakından incele · fire3,False,False,-6.90000,1.97000,-15.05000,2.40000,0.00000,0.00000
5284,612.37867,0.03174,Yakından incele · fire3,False,False,-6.90000,1.97000,-15.05000,2.40000,0.00000,0.00000
5285,612.41232,0.03366,Yakından incele · fire3,False,False,-6.90000,1.97000,-15.05000,2.40000,0.00000,0.00000
5286,612.44532,0.03299,Yakından incele · fire3,False,False,-6.90000,1.97000,-15.05000,2.40000,0.00000,0.00000
5287,612.47894,0.03362,Yakından incele · fire3,False,False,-6.90000,1.97000,-15.05000,2.40000,0.00000,0.00000
5288,612.51279,0.03385,Yakından incele · fire3,False,False,-6.90000,1.97000,-15.05000,2.40000,0.00000,0.00000
5289,612.54594,0.03316,Yakından incele · fire3,False,False,-6.90000,1.97000,-15.05000,2.40000,0.00000,0.00000
5290,612.57986,0.03392,Yakından incele · fire3,False,False,-6.90000,1.97000,-15.05000,2.40000,0.00000,0.00000
5291,612.61666,0.03680,Yakından incele · fire3,False,False,-6.90000,1.97000,-15.05000,2.40000,0.00000,0.00000
5292,612.65017,0.03350,Yakından incele · fire3,False,False,-6.90000,1.97000,-15.05000,2.40000,0.00000,0.00000
5293,612.68166,0.03149,Yakından incele · fire3,False,False,-6.90000,1.97000,-15.05000,2.40000,0.00000,0.00000
5294,612.71791,0.03625,Yakından incele · fire3,False,False,-6.90000,1.97000,-15.05000,2.40000,0.00000,0.00000
5295,612.75163,0.03372,Yakından incele · fire3,False,False,-6.90000,1.97000,-15.05000,2.40000,0.00000,0.00000
5296,612.78300,0.03137,Yakından incele · fire3,False,False,-6.90000,1.97000,-15.05000,2.40000,0.00000,0.00000
5297,612.81653,0.03353,Yakından incele · fire3,False,False,-6.90000,1.97000,-15.05000,2.40000,0.00000,0.00000
5298,612.85118,0.03464,Yakından incele · fire3,False,False,-6.90000,1.97000,-15.05000,2.40000,0.00000,0.00000
5299,612.88194,0.03076,Yakından incele · fire3,False,False,-6.90000,1.97000,-15.05000,2.40000,0.00000,0.00000
5300,612.91677,0.03483,Yakından incele · fire3,False,False,-6.90000,1.97000,-15.05000,2.40000,0.00000,0.00000
5301,612.95022,0.03345,Yakından incele · fire3,False,False,-6.90000,1.97000,-15.05000,2.40000,0.00000,0.00000
5302,612.98325,0.03303,Yakından incele · fire3,False,False,-6.90000,1.97000,-15.05000,2.40000,0.00000,0.00000
5303,613.01503,0.03178,Yakından incele · fire3,False,False,-6.90000,1.97000,-15.05000,2.40000,0.00000,0.00000
5304,613.05207,0.03704,Yakından incele · fire3,False,False,-6.90000,1.97000,-15.05000,2.40000,0.00000,0.00000
5305,613.08509,0.03302,Yakından incele · fire3,False,False,-6.90000,1.97000,-15.05000,2.40000,0.00000,0.00000
5306,613.11773,0.03264,Yakından incele · fire3,False,False,-6.90000,1.97000,-15.05000,2.40000,0.00000,0.00000
5307,613.15047,0.03273,Yakından incele · fire3,False,False,-6.90000,1.97000,-15.05000,2.40000,0.00000,0.00000
5308,613.18284,0.03237,Yakından incele · fire3,False,False,-6.90000,1.97000,-15.05000,2.40000,0.00000,0.00000
5309,613.21598,0.03314,Yakından incele · fire3,False,False,-6.90000,1.97000,-15.05000,2.40000,0.00000,0.00000
5310,613.24855,0.03257,Yakından incele · fire3,False,False,-6.90000,1.97000,-15.05000,2.40000,0.00000,0.00000
5311,613.28340,0.03485,Yakından incele · fire3,False,False,-6.90000,1.97000,-15.05000,2.40000,0.00000,0.00000
5312,613.31640,0.03300,Yakından incele · fire3,False,False,-6.90000,1.97000,-15.05000,2.40000,0.00000,0.00000
5313,613.34801,0.03160,Yakından incele · fire3,False,False,-6.90000,1.97000,-15.05000,2.40000,0.00000,0.00000
5314,613.37981,0.03181,Yakından incele · fire3,False,False,-6.90000,1.97000,-15.05000,2.40000,0.00000,0.00000
5315,613.41640,0.03659,Yakından incele · fire3,False,False,-6.90000,1.97000,-15.05000,2.40000,0.00000,0.00000
5316,613.44730,0.03090,Yakından incele · fire3,False,False,-6.90000,1.97000,-15.05000,2.40000,0.00000,0.00000
5317,613.47862,0.03132,Yakından incele · fire3,False,False,-6.90000,1.97000,-15.05000,2.40000,0.00000,0.00000
5318,613.52629,0.04767,Yakından incele · fire3,False,False,-6.90000,1.97000,-15.05000,2.40000,0.00000,0.00000
5319,613.54064,0.01436,Yakından incele · fire3,False,False,-6.90000,1.97000,-15.05000,2.40000,0.00000,0.00000
5320,613.57486,0.03422,Yakından incele · fire3,False,False,-6.90000,1.97000,-15.05000,2.40000,0.00000,0.00000
5321,613.60744,0.03258,Yakından incele · fire3,False,False,-6.90000,1.97000,-15.05000,2.40000,0.00000,0.00000
5322,613.64074,0.03330,Yakından incele · fire3,False,False,-6.90000,1.97000,-15.05000,2.40000,0.00000,0.00000
5323,613.67455,0.03382,Yakından incele · fire3,False,False,-6.90000,1.97000,-15.05000,2.40000,0.00000,0.00000
5324,613.70768,0.03313,Yakından incele · fire3,False,False,-6.90000,1.97000,-15.05000,2.40000,0.00000,0.00000
5325,613.74083,0.03315,Yakından incele · fire3,False,False,-6.90000,1.97000,-15.05000,2.40000,0.00000,0.00000
5326,613.77468,0.03385,Yakından incele · fire3,False,False,-6.90000,1.97000,-15.05000,2.40000,0.00000,0.00000
5327,613.80851,0.03383,Yakından incele · fire3,False,False,-6.90000,1.97000,-15.05000,2.40000,0.00000,0.00000
5328,613.84111,0.03260,Yakından incele · fire3,False,False,-6.90000,1.97000,-15.05000,2.40000,0.00000,0.00000
5329,613.87505,0.03394,Yakından incele · fire3,False,False,-6.90000,1.97000,-15.05000,2.40000,0.00000,0.00000
5330,613.90913,0.03408,Yakından incele · fire3,False,False,-6.90000,1.97000,-15.05000,2.40000,0.00000,0.00000
5331,613.94140,0.03227,Yakından incele · fire3,False,False,-6.90000,1.97000,-15.05000,2.40000,0.00000,0.00000
5332,613.97449,0.03309,Yakından incele · fire3,False,False,-6.90000,1.97000,-15.05000,2.40000,0.00000,0.00000
5333,614.00870,0.03421,Yakından incele · fire3,False,False,-6.90000,1.97000,-15.05000,2.40000,0.00000,0.00000
5334,614.04194,0.03324,Yakından incele · fire3,False,False,-6.90000,1.97000,-15.05000,2.40000,0.00000,0.00000
5335,614.07568,0.03374,Yakından incele · fire3,False,False,-6.90000,1.97000,-15.05000,2.40000,0.00000,0.00000
5336,614.10879,0.03311,Yakından incele · fire3,False,False,-6.90000,1.97000,-15.05000,2.40000,0.00000,0.00000
5337,614.14137,0.03258,Yakından incele · fire3,False,False,-6.90000,1.97000,-15.05000,2.40000,0.00000,0.00000
5338,614.17436,0.03299,Yakından incele · fire3,False,False,-6.90000,1.97000,-15.05000,2.40000,0.00000,0.00000
5339,614.20772,0.03336,Yakından incele · fire3,False,False,-6.90000,1.97000,-15.05000,2.40000,0.00000,0.00000
5340,614.24185,0.03412,Yakından incele · fire3,False,False,-6.90000,1.97000,-15.05000,2.40000,0.00000,0.00000
5341,614.27548,0.03364,Yakından incele · fire3,False,False,-6.90000,1.97000,-15.05000,2.40000,0.00000,0.00000
5342,614.30801,0.03253,Yakından incele · fire3,False,False,-6.90000,1.97000,-15.05000,2.40000,0.00000,0.00000
5343,614.34103,0.03302,Yakından incele · fire3,False,False,-6.90000,1.97000,-15.05000,2.40000,0.00000,0.00000
5344,614.37418,0.03315,Yakından incele · fire3,False,False,-6.90000,1.97000,-15.05000,2.40000,0.00000,0.00000
5345,614.40844,0.03427,Yakından incele · fire3,False,False,-6.90000,1.97000,-15.05000,2.40000,0.00000,0.00000
5346,614.44234,0.03390,Yakından incele · fire3,False,False,-6.90000,1.97000,-15.05000,2.40000,0.00000,0.00000
5347,614.47719,0.03485,Yakından incele · fire3,False,False,-6.90000,1.97000,-15.05000,2.40000,0.00000,0.00000
5348,614.50933,0.03214,Yakından incele · fire3,False,False,-6.90000,1.97000,-15.05000,2.40000,0.00000,0.00000
5349,614.54023,0.03090,Yakından incele · fire3,False,False,-6.90000,1.97000,-15.05000,2.40000,0.00000,0.00000
5350,614.57512,0.03489,Yakından incele · fire3,False,False,-6.90000,1.97000,-15.05000,2.40000,0.00000,0.00000
5351,614.60839,0.03327,Yakından incele · fire3,False,False,-6.90000,1.97000,-15.05000,2.40000,0.00000,0.00000
5352,614.64177,0.03338,Yakından incele · fire3,False,False,-6.90000,1.97000,-15.05000,2.40000,0.00000,0.00000
5353,614.67415,0.03238,Yakından incele · fire3,False,False,-6.90000,1.97000,-15.05000,2.40000,0.00000,0.00000
5354,614.70774,0.03359,Yakından incele · fire3,False,False,-6.90000,1.97000,-15.05000,2.40000,0.00000,0.00000
5355,614.74198,0.03424,Yakından incele · fire3,False,False,-6.90000,1.97000,-15.05000,2.40000,0.00000,0.00000
5356,614.77550,0.03352,Yakından incele · fire3,False,False,-6.90000,1.97000,-15.05000,2.40000,0.00000,0.00000
5357,614.80892,0.03342,Yakından incele · fire3,False,False,-6.90000,1.97000,-15.05000,2.40000,0.00000,0.00000
5358,614.84181,0.03289,Yakından incele · fire3,False,False,-6.90000,1.97000,-15.05000,2.40000,0.00000,0.00000
5359,614.87462,0.03281,Yakından incele · fire3,False,False,-6.90000,1.97000,-15.05000,2.40000,0.00000,0.00000
5360,614.90844,0.03382,Yakından incele · fire3,False,False,-6.90000,1.97000,-15.05000,2.40000,0.00000,0.00000
5361,614.94145,0.03301,Yakından incele · fire3,False,False,-6.90000,1.97000,-15.05000,2.40000,0.00000,0.00000
5362,614.97591,0.03446,Yakından incele · fire3,False,False,-6.90000,1.97000,-15.05000,2.40000,0.00000,0.00000
5363,615.00884,0.03293,Yakından incele · fire3,False,False,-6.90000,1.97000,-15.05000,2.40000,0.00000,0.00000
5364,615.04081,0.03197,Yakından incele · fire3,False,False,-6.90000,1.97000,-15.05000,2.40000,0.00000,0.00000
5365,615.07446,0.03365,Yakından incele · fire3,False,False,-6.90000,1.97000,-15.05000,2.40000,0.00000,0.00000
5366,615.10858,0.03412,Yakından incele · fire3,False,False,-6.90000,1.97000,-15.05000,2.40000,0.00000,0.00000
5367,615.14117,0.03259,Yakından incele · fire3,False,False,-6.90000,1.97000,-15.05000,2.40000,0.00000,0.00000
5368,615.17478,0.03361,Yakından incele · fire3,False,False,-6.90000,1.97000,-15.05000,2.40000,0.00000,0.00000
5369,615.22303,0.04825,Yakından incele · fire3,False,False,-6.90000,1.97000,-15.05000,2.40000,0.00000,0.00000
5370,615.25585,0.03282,Yakından incele · fire3,False,False,-6.90000,1.97000,-15.05000,2.40000,0.00000,0.00000
5371,615.28895,0.03310,Yakından incele · fire3,False,False,-6.90000,1.97000,-15.05000,2.40000,0.00000,0.00000
5372,615.32219,0.03325,Yakından incele · fire3,False,False,-6.90000,1.97000,-15.05000,2.40000,0.00000,0.00000
5373,615.35510,0.03290,Yakından incele · fire3,False,False,-6.90000,1.97000,-15.05000,2.40000,0.00000,0.00000
5374,615.38750,0.03241,Yakından incele · fire3,False,False,-6.90000,1.97000,-15.05000,2.40000,0.00000,0.00000
5375,615.42146,0.03396,Yakından incele · fire3,False,False,-6.90000,1.97000,-15.05000,2.40000,0.00000,0.00000
5376,615.45525,0.03379,Yakından incele · fire3,False,False,-6.90000,1.97000,-15.05000,2.40000,0.00000,0.00000
5377,615.48768,0.03243,Yakından incele · fire3,False,False,-6.90000,1.97000,-15.05000,2.40000,0.00000,0.00000
5378,615.52092,0.03324,Yakından incele · fire3,False,False,-6.90000,1.97000,-15.05000,2.40000,0.00000,0.00000
5379,615.55497,0.03406,Yakından incele · fire3,False,False,-6.90000,1.97000,-15.05000,2.40000,0.00000,0.00000
5380,615.58968,0.03471,Yakından incele · fire3,False,False,-6.90000,1.97000,-15.05000,2.40000,0.00000,0.00000
5381,615.62284,0.03316,Yakından incele · fire3,False,False,-6.90000,1.97000,-15.05000,2.40000,0.00000,0.00000
5382,615.65565,0.03281,Yakından incele · fire3,False,False,-6.90000,1.97000,-15.05000,2.40000,0.00000,0.00000
5383,615.68859,0.03294,Yakından incele · fire3,False,False,-6.90000,1.97000,-15.05000,2.40000,0.00000,0.00000
5384,615.72177,0.03318,Yakından incele · fire3,False,False,-6.90000,1.97000,-15.05000,2.40000,0.00000,0.00000
5385,615.75475,0.03298,Yakından incele · fire3,False,False,-6.90000,1.97000,-15.05000,2.40000,0.00000,0.00000
5386,615.78892,0.03416,Yakından incele · fire3,False,False,-6.90000,1.97000,-15.05000,2.40000,0.00000,0.00000
5387,615.82274,0.03382,Yakından incele · fire3,False,False,-6.90000,1.97000,-15.05000,2.40000,0.00000,0.00000
5388,615.85467,0.03194,Yakından incele · fire3,False,False,-6.90000,1.97000,-15.05000,2.40000,0.00000,0.00000
5389,615.88830,0.03363,Yakından incele · fire3,False,False,-6.90000,1.97000,-15.05000,2.40000,0.00000,0.00000
5390,615.92133,0.03303,Yakından incele · fire3,False,False,-6.90000,1.97000,-15.05000,2.40000,0.00000,0.00000
5391,615.95455,0.03322,Yakından incele · fire3,False,False,-6.90000,1.97000,-15.05000,2.40000,0.00000,0.00000
5392,615.98823,0.03368,Yakından incele · fire3,False,False,-6.90000,1.97000,-15.05000,2.40000,0.00000,0.00000
5393,616.02231,0.03408,Yakından incele · fire3,False,False,-6.90000,1.97000,-15.05000,2.40000,0.00000,0.00000
5394,616.05629,0.03398,Yakından incele · fire3,False,False,-6.90000,1.97000,-15.05000,2.40000,0.00000,0.00000
5395,616.08914,0.03286,Yakından incele · fire3,False,False,-6.90000,1.97000,-15.05000,2.40000,0.00000,0.00000
5396,616.12181,0.03267,Yakından incele · fire3,False,False,-6.90000,1.97000,-15.05000,2.40000,0.00000,0.00000
5397,616.15554,0.03373,Yakından incele · fire3,False,False,-6.90000,1.97000,-15.05000,2.40000,0.00000,0.00000
5398,616.18825,0.03271,Yakından incele · fire3,False,False,-6.90000,1.97000,-15.05000,2.40000,0.00000,0.00000
5399,616.22270,0.03445,Yakından incele · fire3,False,False,-6.90000,1.97000,-15.05000,2.40000,0.00000,0.00000
5400,616.25705,0.03435,Yakından incele · fire3,False,False,-6.90000,1.97000,-15.05000,2.40000,0.00000,0.00000
5401,616.28898,0.03193,Yakından incele · fire3,False,False,-6.90000,1.97000,-15.05000,2.40000,0.00000,0.00000
5402,616.32131,0.03233,Yakından incele · fire3,False,False,-6.90000,1.97000,-15.05000,2.40000,0.00000,0.00000
5403,616.35444,0.03312,Yakından incele · fire3,False,False,-6.90000,1.97000,-15.05000,2.40000,0.00000,0.00000
5404,616.38763,0.03320,Yakından incele · fire3,False,False,-6.90000,1.97000,-15.05000,2.40000,0.00000,0.00000
5405,616.42217,0.03454,Yakından incele · fire3,False,False,-6.90000,1.97000,-15.05000,2.40000,0.00000,0.00000
5406,616.45675,0.03458,Yakından incele · fire3,False,False,-6.90000,1.97000,-15.05000,2.40000,0.00000,0.00000
5407,616.48835,0.03160,Yakından incele · fire3,False,False,-6.90000,1.97000,-15.05000,2.40000,0.00000,0.00000
5408,616.52289,0.03454,Yakından incele · fire3,False,False,-6.90000,1.97000,-15.05000,2.40000,0.00000,0.00000
5409,616.55630,0.03341,Yakından incele · fire3,False,False,-6.90000,1.97000,-15.05000,2.40000,0.00000,0.00000
5410,616.58816,0.03185,Yakından incele · fire3,False,False,-6.90000,1.97000,-15.05000,2.40000,0.00000,0.00000
5411,616.62079,0.03263,Yakından incele · fire3,False,False,-6.90000,1.97000,-15.05000,2.40000,0.00000,0.00000
5412,616.66616,0.04537,Yakından incele · fire3,False,False,-6.90000,1.97000,-15.05000,2.40000,0.00000,0.00000
5413,616.69953,0.03337,Yakından incele · fire3,False,False,-6.90000,1.97000,-15.05000,2.40000,0.00000,0.00000
5414,616.72067,0.02114,Yakından incele · fire3,False,False,-6.90000,1.97000,-15.05000,2.40000,0.00000,0.00000
5415,616.75508,0.03441,Yakından incele · fire3,False,False,-6.90000,1.97000,-15.05000,2.40000,0.00000,0.00000
5416,616.78867,0.03359,Yakından incele · fire3,False,False,-6.90000,1.97000,-15.05000,2.40000,0.00000,0.00000
5417,616.82103,0.03236,Yakından incele · fire3,False,False,-6.90000,1.97000,-15.05000,2.40000,0.00000,0.00000
5418,616.85442,0.03339,Yakından incele · fire3,False,False,-6.90000,1.97000,-15.05000,2.40000,0.00000,0.00000
5419,616.88751,0.03308,Yakından incele · fire3,False,False,-6.90000,1.97000,-15.05000,2.40000,0.00000,0.00000
5420,616.92142,0.03392,Yakından incele · fire3,False,False,-6.90000,1.97000,-15.05000,2.40000,0.00000,0.00000
5421,616.95476,0.03334,Yakından incele · fire3,False,False,-6.90000,1.97000,-15.05000,2.40000,0.00000,0.00000
5422,616.98712,0.03236,Yakından incele · fire3,False,False,-6.90000,1.97000,-15.05000,2.40000,0.00000,0.00000
5423,617.02075,0.03363,Yakından incele · fire3,False,False,-6.90000,1.97000,-15.05000,2.40000,0.00000,0.00000
5424,617.05467,0.03391,Yakından incele · fire3,False,False,-6.90000,1.97000,-15.05000,2.40000,0.00000,0.00000
5425,617.08950,0.03483,Yakından incele · fire3,False,False,-6.90000,1.97000,-15.05000,2.40000,0.00000,0.00000
5426,617.12097,0.03147,Yakından incele · fire3,False,False,-6.90000,1.97000,-15.05000,2.40000,0.00000,0.00000
5427,617.15344,0.03246,Yakından incele · fire3,False,False,-6.90000,1.97000,-15.05000,2.40000,0.00000,0.00000
5428,617.18811,0.03467,Yakından incele · fire3,False,False,-6.90000,1.97000,-15.05000,2.40000,0.00000,0.00000
5429,617.22243,0.03433,Yakından incele · fire3,False,False,-6.90000,1.97000,-15.05000,2.40000,0.00000,0.00000
5430,617.25438,0.03195,Yakından incele · fire3,False,False,-6.90000,1.97000,-15.05000,2.40000,0.00000,0.00000
5431,617.28805,0.03367,Yakından incele · fire3,False,False,-6.90000,1.97000,-15.05000,2.40000,0.00000,0.00000
5432,617.32281,0.03476,Yakından incele · fire3,False,False,-6.90000,1.97000,-15.05000,2.40000,0.00000,0.00000
5433,617.35447,0.03167,Yakından incele · fire3,False,False,-6.90000,1.97000,-15.05000,2.40000,0.00000,0.00000
5434,617.39034,0.03587,Yakından incele · fire3,False,False,-6.90000,1.97000,-15.05000,2.40000,0.00000,0.00000
5435,617.42302,0.03268,Yakından incele · fire3,False,False,-6.90000,1.97000,-15.05000,2.40000,0.00000,0.00000
5436,617.45475,0.03173,Yakından incele · fire3,False,False,-6.90000,1.97000,-15.05000,2.40000,0.00000,0.00000
5437,617.48734,0.03258,Yakından incele · fire3,False,False,-6.90000,1.97000,-15.05000,2.40000,0.00000,0.00000
5438,617.52090,0.03357,Yakından incele · fire3,False,False,-6.90000,1.97000,-15.05000,2.40000,0.00000,0.00000
5439,617.55502,0.03412,Yakından incele · fire3,False,False,-6.90000,1.97000,-15.05000,2.40000,0.00000,0.00000
5440,617.58851,0.03349,Yakından incele · fire3,False,False,-6.90000,1.97000,-15.05000,2.40000,0.00000,0.00000
5441,617.62176,0.03325,Yakından incele · fire3,False,False,-6.90000,1.97000,-15.05000,2.40000,0.00000,0.00000
5442,617.65517,0.03341,Yakından incele · fire3,False,False,-6.90000,1.97000,-15.05000,2.40000,0.00000,0.00000
5443,617.68885,0.03369,Yakından incele · fire3,False,False,-6.90000,1.97000,-15.05000,2.40000,0.00000,0.00000
5444,617.72090,0.03205,Yakından incele · fire3,False,False,-6.90000,1.97000,-15.05000,2.40000,0.00000,0.00000
5445,617.75451,0.03361,Yakından incele · fire3,False,False,-6.90000,1.97000,-15.05000,2.40000,0.00000,0.00000
5446,617.78805,0.03354,Yakından incele · fire3,False,False,-6.90000,1.97000,-15.05000,2.40000,0.00000,0.00000
5447,617.82094,0.03289,Yakından incele · fire3,False,False,-6.90000,1.97000,-15.05000,2.40000,0.00000,0.00000
5448,617.85483,0.03389,Yakından incele · fire3,False,False,-6.90000,1.97000,-15.05000,2.40000,0.00000,0.00000
5449,617.88937,0.03454,Yakından incele · fire3,False,False,-6.90000,1.97000,-15.05000,2.40000,0.00000,0.00000
5450,617.92252,0.03315,Yakından incele · fire3,False,False,-6.90000,1.97000,-15.05000,2.40000,0.00000,0.00000
5451,617.95417,0.03165,Yakından incele · fire3,False,False,-6.90000,1.97000,-15.05000,2.40000,0.00000,0.00000
5452,617.98827,0.03410,Yakından incele · fire3,False,False,-6.90000,1.97000,-15.05000,2.40000,0.00000,0.00000
5453,618.02179,0.03351,Yakından incele · fire3,False,False,-6.90000,1.97000,-15.05000,2.40000,0.00000,0.00000
5454,618.05400,0.03222,Yakından incele · fire3,False,False,-6.90000,1.97000,-15.05000,2.40000,0.00000,0.00000
5455,618.08831,0.03431,Yakından incele · fire3,False,False,-6.90000,1.97000,-15.05000,2.40000,0.00000,0.00000
5456,618.12114,0.03283,Yakından incele · fire3,False,False,-6.90000,1.97000,-15.05000,2.40000,0.00000,0.00000
5457,618.15490,0.03376,Yakından incele · fire3,False,False,-6.90000,1.97000,-15.05000,2.40000,0.00000,0.00000
5458,618.18936,0.03446,Yakından incele · fire3,False,False,-6.90000,1.97000,-15.05000,2.40000,0.00000,0.00000
5459,618.22269,0.03333,Yakından incele · fire3,False,False,-6.90000,1.97000,-15.05000,2.40000,0.00000,0.00000
5460,618.25581,0.03312,Yakından incele · fire3,False,False,-6.90000,1.97000,-15.05000,2.40000,0.00000,0.00000
5461,618.28862,0.03280,Yakından incele · fire3,False,False,-6.90000,1.97000,-15.05000,2.40000,0.00000,0.00000
5462,618.32120,0.03259,Yakından incele · fire3,False,False,-6.90000,1.97000,-15.05000,2.40000,0.00000,0.00000
5463,618.35559,0.03439,Yakından incele · fire3,False,False,-6.90000,1.97000,-15.05000,2.40000,0.00000,0.00000
5464,618.38994,0.03435,Yakından incele · fire3,False,False,-6.90000,1.97000,-15.05000,2.40000,0.00000,0.00000
5465,618.42256,0.03262,Yakından incele · fire3,False,False,-6.90000,1.97000,-15.05000,2.40000,0.00000,0.00000
5466,618.45506,0.03250,Yakından incele · fire3,False,False,-6.90000,1.97000,-15.05000,2.40000,0.00000,0.00000
5467,618.48801,0.03295,Yakından incele · fire3,False,False,-6.90000,1.97000,-15.05000,2.40000,0.00000,0.00000
5468,618.53551,0.04751,Yakından incele · fire3,False,False,-6.90000,1.97000,-15.05000,2.40000,0.00000,0.00000
5469,618.56934,0.03383,Yakından incele · fire3,False,False,-6.90000,1.97000,-15.05000,2.40000,0.00000,0.00000
5470,618.60216,0.03282,Yakından incele · fire3,False,False,-6.90000,1.97000,-15.05000,2.40000,0.00000,0.00000
5471,618.63568,0.03352,Yakından incele · fire3,False,False,-6.90000,1.97000,-15.05000,2.40000,0.00000,0.00000
5472,618.66873,0.03305,Yakından incele · fire3,False,False,-6.90000,1.97000,-15.05000,2.40000,0.00000,0.00000
5473,618.70177,0.03304,Yakından incele · fire3,False,False,-6.90000,1.97000,-15.05000,2.40000,0.00000,0.00000
5474,618.73525,0.03348,Yakından incele · fire3,False,False,-6.90000,1.97000,-15.05000,2.40000,0.00000,0.00000
5475,618.76909,0.03383,Yakından incele · fire3,False,False,-6.90000,1.97000,-15.05000,2.40000,0.00000,0.00000
5476,618.80255,0.03346,Yakından incele · fire3,False,False,-6.90000,1.97000,-15.05000,2.40000,0.00000,0.00000
5477,618.83531,0.03277,Yakından incele · fire3,False,False,-6.90000,1.97000,-15.05000,2.40000,0.00000,0.00000
5478,618.86895,0.03364,Yakından incele · fire3,False,False,-6.90000,1.97000,-15.05000,2.40000,0.00000,0.00000
5479,618.90314,0.03418,Yakından incele · fire3,False,False,-6.90000,1.97000,-15.05000,2.40000,0.00000,0.00000
5480,618.93632,0.03318,Yakından incele · fire3,False,False,-6.90000,1.97000,-15.05000,2.40000,0.00000,0.00000
5481,618.96941,0.03309,Yakından incele · fire3,False,False,-6.90000,1.97000,-15.05000,2.40000,0.00000,0.00000
5482,619.00146,0.03205,Yakından incele · fire3,False,False,-6.90000,1.97000,-15.05000,2.40000,0.00000,0.00000
5483,619.03512,0.03366,Yakından incele · fire3,False,False,-6.90000,1.97000,-15.05000,2.40000,0.00000,0.00000
5484,619.06936,0.03424,Yakından incele · fire3,False,False,-6.90000,1.97000,-15.05000,2.40000,0.00000,0.00000
5485,619.10187,0.03251,Yakından incele · fire3,False,False,-6.90000,1.97000,-15.05000,2.40000,0.00000,0.00000
5486,619.13550,0.03363,Yakından incele · fire3,False,False,-6.90000,1.97000,-15.05000,2.40000,0.00000,0.00000
5487,619.16897,0.03347,Yakından incele · fire3,False,False,-6.90000,1.97000,-15.05000,2.40000,0.00000,0.00000
5488,619.20254,0.03357,Yakından incele · fire3,False,False,-6.90000,1.97000,-15.05000,2.40000,0.00000,0.00000
5489,619.23597,0.03343,Yakından incele · fire3,False,False,-6.90000,1.97000,-15.05000,2.40000,0.00000,0.00000
5490,619.26895,0.03298,Yakından incele · fire3,False,False,-6.90000,1.97000,-15.05000,2.40000,0.00000,0.00000
5491,619.30221,0.03327,Yakından incele · fire3,False,False,-6.90000,1.97000,-15.05000,2.40000,0.00000,0.00000
5492,619.33549,0.03327,Yakından incele · fire3,False,False,-6.90000,1.97000,-15.05000,2.40000,0.00000,0.00000
5493,619.36880,0.03331,Yakından incele · fire3,False,False,-6.90000,1.97000,-15.05000,2.40000,0.00000,0.00000
5494,619.40197,0.03317,Yakından incele · fire3,False,False,-6.90000,1.97000,-15.05000,2.40000,0.00000,0.00000
5495,619.43521,0.03324,Yakından incele · fire3,False,False,-6.90000,1.97000,-15.05000,2.40000,0.00000,0.00000
5496,619.46893,0.03372,Yakından incele · fire3,False,False,-6.90000,1.97000,-15.05000,2.40000,0.00000,0.00000
5497,619.50286,0.03393,Yakından incele · fire3,False,False,-6.90000,1.97000,-15.05000,2.40000,0.00000,0.00000
5498,619.53628,0.03342,Yakından incele · fire3,False,False,-6.90000,1.97000,-15.05000,2.40000,0.00000,0.00000
5499,619.56927,0.03299,Yakından incele · fire3,False,False,-6.90000,1.97000,-15.05000,2.40000,0.00000,0.00000
5500,619.60271,0.03344,Yakından incele · fire3,False,False,-6.90000,1.97000,-15.05000,2.40000,0.00000,0.00000
5501,619.63554,0.03283,Yakından incele · fire3,False,False,-6.90000,1.97000,-15.05000,2.40000,0.00000,0.00000
5502,619.66975,0.03420,Yakından incele · fire3,False,False,-6.90000,1.97000,-15.05000,2.40000,0.00000,0.00000
5503,619.70274,0.03299,Yakından incele · fire3,False,False,-6.90000,1.97000,-15.05000,2.40000,0.00000,0.00000
5504,619.73530,0.03256,Yakından incele · fire3,False,False,-6.90000,1.97000,-15.05000,2.40000,0.00000,0.00000
5505,619.76883,0.03353,Yakından incele · fire3,False,False,-6.90000,1.97000,-15.05000,2.40000,0.00000,0.00000
5506,619.80187,0.03305,Yakından incele · fire3,False,False,-6.90000,1.97000,-15.05000,2.40000,0.00000,0.00000
5507,619.83647,0.03459,Yakından incele · fire3,False,False,-6.90000,1.97000,-15.05000,2.40000,0.00000,0.00000
5508,619.86987,0.03340,Yakından incele · fire3,False,False,-6.90000,1.97000,-15.05000,2.40000,0.00000,0.00000
5509,619.90219,0.03232,Yakından incele · fire3,False,False,-6.90000,1.97000,-15.05000,2.40000,0.00000,0.00000
5510,619.93613,0.03394,Yakından incele · fire3,False,False,-6.90000,1.97000,-15.05000,2.40000,0.00000,0.00000
5511,619.96911,0.03298,Yakından incele · fire3,False,False,-6.90000,1.97000,-15.05000,2.40000,0.00000,0.00000
5512,620.00230,0.03319,Yakından incele · fire3,False,False,-6.90000,1.97000,-15.05000,2.40000,0.00000,0.00000
5513,620.03576,0.03345,Yakından incele · fire3,False,False,-6.90000,1.97000,-15.05000,2.40000,0.00000,0.00000
5514,620.06871,0.03295,Yakından incele · fire3,False,False,-6.90000,1.97000,-15.05000,2.40000,0.00000,0.00000
5515,620.11400,0.04529,Yakından incele · fire3,False,False,-6.90000,1.97000,-15.05000,2.40000,0.00000,0.00000
5516,620.14479,0.03080,Yakından incele · fire3,False,False,-6.90000,1.97000,-15.05000,2.40000,0.00000,0.00000
5517,620.17090,0.02610,Yakından incele · fire3,False,False,-6.90000,1.97000,-15.05000,2.40000,0.00000,0.00000
5518,620.20166,0.03076,Yakından incele · fire3,False,False,-6.90000,1.97000,-15.05000,2.40000,0.00000,0.00000
5519,620.23500,0.03335,Yakından incele · fire3,False,False,-6.90000,1.97000,-15.05000,2.40000,0.00000,0.00000
5520,620.26877,0.03377,Yakından incele · fire3,False,False,-6.90000,1.97000,-15.05000,2.40000,0.00000,0.00000
5521,620.30235,0.03357,Yakından incele · fire3,False,False,-6.90000,1.97000,-15.05000,2.40000,0.00000,0.00000
5522,620.33584,0.03349,Yakından incele · fire3,False,False,-6.90000,1.97000,-15.05000,2.40000,0.00000,0.00000
5523,620.36945,0.03361,Yakından incele · fire3,False,False,-6.90000,1.97000,-15.05000,2.40000,0.00000,0.00000
5524,620.40248,0.03303,Yakından incele · fire3,False,False,-6.90000,1.97000,-15.05000,2.40000,0.00000,0.00000
5525,620.43694,0.03445,Yakından incele · fire3,False,False,-6.90000,1.97000,-15.05000,2.40000,0.00000,0.00000
5526,620.46982,0.03288,Yakından incele · fire3,False,False,-6.90000,1.97000,-15.05000,2.40000,0.00000,0.00000
5527,620.50330,0.03349,Yakından incele · fire3,False,False,-6.90000,1.97000,-15.05000,2.40000,0.00000,0.00000
5528,620.53623,0.03292,Yakından incele · fire3,False,False,-6.90000,1.97000,-15.05000,2.40000,0.00000,0.00000
5529,620.56903,0.03280,Yakından incele · fire3,False,False,-6.90000,1.97000,-15.05000,2.40000,0.00000,0.00000
5530,620.60259,0.03356,Yakından incele · fire3,False,False,-6.90000,1.97000,-15.05000,2.40000,0.00000,0.00000
5531,620.63586,0.03327,Yakından incele · fire3,False,False,-6.90000,1.97000,-15.05000,2.40000,0.00000,0.00000
5532,620.66984,0.03397,Yakından incele · fire3,False,False,-6.90000,1.97000,-15.05000,2.40000,0.00000,0.00000
5533,620.70369,0.03385,Yakından incele · fire3,False,False,-6.90000,1.97000,-15.05000,2.40000,0.00000,0.00000
5534,620.73639,0.03270,Yakından incele · fire3,False,False,-6.90000,1.97000,-15.05000,2.40000,0.00000,0.00000
5535,620.77000,0.03361,Yakından incele · fire3,False,False,-6.90000,1.97000,-15.05000,2.40000,0.00000,0.00000
5536,620.80260,0.03259,Yakından incele · fire3,False,False,-6.90000,1.97000,-15.05000,2.40000,0.00000,0.00000
5537,620.83594,0.03334,Yakından incele · fire3,False,False,-6.90000,1.97000,-15.05000,2.40000,0.00000,0.00000
5538,620.86980,0.03386,Yakından incele · fire3,False,False,-6.90000,1.97000,-15.05000,2.40000,0.00000,0.00000
5539,620.90245,0.03265,Yakından incele · fire3,False,False,-6.90000,1.97000,-15.05000,2.40000,0.00000,0.00000
5540,620.93534,0.03290,Yakından incele · fire3,False,False,-6.90000,1.97000,-15.05000,2.40000,0.00000,0.00000
5541,620.96846,0.03312,Yakından incele · fire3,False,False,-6.90000,1.97000,-15.05000,2.40000,0.00000,0.00000
5542,621.00297,0.03451,Yakından incele · fire3,False,False,-6.90000,1.97000,-15.05000,2.40000,0.00000,0.00000
5543,621.03542,0.03245,Yakından incele · fire3,False,False,-6.90000,1.97000,-15.05000,2.40000,0.00000,0.00000
5544,621.06982,0.03440,Yakından incele · fire3,False,False,-6.90000,1.97000,-15.05000,2.40000,0.00000,0.00000
5545,621.10315,0.03333,Yakından incele · fire3,False,False,-6.90000,1.97000,-15.05000,2.40000,0.00000,0.00000
5546,621.13556,0.03241,Yakından incele · fire3,False,False,-6.90000,1.97000,-15.05000,2.40000,0.00000,0.00000
5547,621.16973,0.03417,Yakından incele · fire3,False,False,-6.90000,1.97000,-15.05000,2.40000,0.00000,0.00000
5548,621.20305,0.03332,Yakından incele · fire3,False,False,-6.90000,1.97000,-15.05000,2.40000,0.00000,0.00000
5549,621.23621,0.03316,Yakından incele · fire3,False,False,-6.90000,1.97000,-15.05000,2.40000,0.00000,0.00000
5550,621.26842,0.03221,Yakından incele · fire3,False,False,-6.90000,1.97000,-15.05000,2.40000,0.00000,0.00000
5551,621.30142,0.03300,Yakından incele · fire3,False,False,-6.90000,1.97000,-15.05000,2.40000,0.00000,0.00000
5552,621.33491,0.03349,Yakından incele · fire3,False,False,-6.90000,1.97000,-15.05000,2.40000,0.00000,0.00000
5553,621.36873,0.03382,Yakından incele · fire3,False,False,-6.90000,1.97000,-15.05000,2.40000,0.00000,0.00000
5554,621.40188,0.03315,Yakından incele · fire3,False,False,-6.90000,1.97000,-15.05000,2.40000,0.00000,0.00000
5555,621.43586,0.03397,Yakından incele · fire3,False,False,-6.90000,1.97000,-15.05000,2.40000,0.00000,0.00000
5556,621.46937,0.03351,Yakından incele · fire3,False,False,-6.90000,1.97000,-15.05000,2.40000,0.00000,0.00000
5557,621.50288,0.03351,Yakından incele · fire3,False,False,-6.90000,1.97000,-15.05000,2.40000,0.00000,0.00000
5558,621.53602,0.03314,Yakından incele · fire3,False,False,-6.90000,1.97000,-15.05000,2.40000,0.00000,0.00000
5559,621.56892,0.03290,Yakından incele · fire3,False,False,-6.90000,1.97000,-15.05000,2.40000,0.00000,0.00000
5560,621.60255,0.03364,Yakından incele · fire3,False,False,-6.90000,1.97000,-15.05000,2.40000,0.00000,0.00000
5561,621.63580,0.03325,Yakından incele · fire3,False,False,-6.90000,1.97000,-15.05000,2.40000,0.00000,0.00000
5562,621.66919,0.03339,Yakından incele · fire3,False,False,-6.90000,1.97000,-15.05000,2.40000,0.00000,0.00000
5563,621.70263,0.03344,Yakından incele · fire3,False,False,-6.90000,1.97000,-15.05000,2.40000,0.00000,0.00000
5564,621.73536,0.03273,Yakından incele · fire3,False,False,-6.90000,1.97000,-15.05000,2.40000,0.00000,0.00000
5565,621.76818,0.03282,Yakından incele · fire3,False,False,-6.90000,1.97000,-15.05000,2.40000,0.00000,0.00000
5566,621.80249,0.03431,Yakından incele · fire3,False,False,-6.90000,1.97000,-15.05000,2.40000,0.00000,0.00000
5567,621.85048,0.04799,Yakından incele · fire3,False,False,-6.90000,1.97000,-15.05000,2.40000,0.00000,0.00000
5568,621.88358,0.03310,Yakından incele · fire3,False,False,-6.90000,1.97000,-15.05000,2.40000,0.00000,0.00000
5569,621.91527,0.03170,Yakından incele · fire3,False,False,-6.90000,1.97000,-15.05000,2.40000,0.00000,0.00000
5570,621.94798,0.03270,Yakından incele · fire3,False,False,-6.90000,1.97000,-15.05000,2.40000,0.00000,0.00000
5571,621.98331,0.03533,Yakından incele · fire3,False,False,-6.90000,1.97000,-15.05000,2.40000,0.00000,0.00000
5572,622.01601,0.03270,Yakından incele · fire3,False,False,-6.90000,1.97000,-15.05000,2.40000,0.00000,0.00000
5573,622.04787,0.03186,Yakından incele · fire3,False,False,-6.90000,1.97000,-15.05000,2.40000,0.00000,0.00000
5574,622.08057,0.03270,Yakından incele · fire3,False,False,-6.90000,1.97000,-15.05000,2.40000,0.00000,0.00000
5575,622.11402,0.03345,Yakından incele · fire3,False,False,-6.90000,1.97000,-15.05000,2.40000,0.00000,0.00000
5576,622.14808,0.03407,Yakından incele · fire3,False,False,-6.90000,1.97000,-15.05000,2.40000,0.00000,0.00000
5577,622.18195,0.03386,Yakından incele · fire3,False,False,-6.90000,1.97000,-15.05000,2.40000,0.00000,0.00000
5578,622.21512,0.03318,Yakından incele · fire3,False,False,-6.90000,1.97000,-15.05000,2.40000,0.00000,0.00000
5579,622.24896,0.03384,Yakından incele · fire3,False,False,-6.90000,1.97000,-15.05000,2.40000,0.00000,0.00000
5580,622.28231,0.03335,Yakından incele · fire3,False,False,-6.90000,1.97000,-15.05000,2.40000,0.00000,0.00000
5581,622.31668,0.03437,Yakından incele · fire3,False,False,-6.90000,1.97000,-15.05000,2.40000,0.00000,0.00000
5582,622.34874,0.03206,Yakından incele · fire3,False,False,-6.90000,1.97000,-15.05000,2.40000,0.00000,0.00000
5583,622.38533,0.03659,Yakından incele · fire3,False,False,-6.90000,1.97000,-15.05000,2.40000,0.00000,0.00000
5584,622.41620,0.03086,Yakından incele · fire3,False,False,-6.90000,1.97000,-15.05000,2.40000,0.00000,0.00000
5585,622.45157,0.03537,Yakından incele · fire3,False,False,-6.90000,1.97000,-15.05000,2.40000,0.00000,0.00000
5586,622.48480,0.03323,Yakından incele · fire3,False,False,-6.90000,1.97000,-15.05000,2.40000,0.00000,0.00000
5587,622.51687,0.03208,Yakından incele · fire3,False,False,-6.90000,1.97000,-15.05000,2.40000,0.00000,0.00000
5588,622.54956,0.03268,Yakından incele · fire3,False,False,-6.90000,1.97000,-15.05000,2.40000,0.00000,0.00000
5589,622.58392,0.03437,Yakından incele · fire3,False,False,-6.90000,1.97000,-15.05000,2.40000,0.00000,0.00000
5590,622.61745,0.03352,Yakından incele · fire3,False,False,-6.90000,1.97000,-15.05000,2.40000,0.00000,0.00000
5591,622.65163,0.03418,Yakından incele · fire3,False,False,-6.90000,1.97000,-15.05000,2.40000,0.00000,0.00000
5592,622.68506,0.03343,Yakından incele · hose,True,False,-6.88877,1.96628,-15.05418,2.39438,0.01255,0.47642
5593,622.71271,0.02766,Yakından incele · hose,True,False,-6.86074,1.95700,-15.06462,2.38037,0.03132,1.19549
5594,622.74271,0.03000,Yakından incele · hose,True,False,-6.81744,1.94266,-15.08075,2.35872,0.04837,1.84774
5595,622.77907,0.03636,Yakından incele · hose,True,False,-6.75255,1.92117,-15.10492,2.32628,0.07250,2.76988
5596,622.81553,0.03646,Yakından incele · hose,True,False,-6.66308,1.89155,-15.13824,2.28154,0.09996,3.81914
5597,622.84614,0.03061,Yakından incele · hose,True,False,-6.56529,1.85916,-15.17466,2.23265,0.10926,4.17407
5598,622.87759,0.03145,Yakından incele · hose,True,False,-6.46303,1.82530,-15.21275,2.18151,0.11426,4.36495
5599,622.91143,0.03384,Yakından incele · hose,True,False,-6.33740,1.78370,-15.25954,2.11870,0.14037,5.36220
5600,622.94372,0.03229,Yakından incele · hose,True,False,-6.20478,1.73978,-15.30893,2.05239,0.14817,5.66026
5601,622.97681,0.03309,Yakından incele · hose,True,False,-6.06621,1.69390,-15.36054,1.98311,0.15483,5.91449
5602,623.01046,0.03365,Yakından incele · hose,True,False,-5.91025,1.64225,-15.41862,1.90513,0.17425,6.65698
5603,623.04398,0.03352,Yakından incele · hose,True,False,-5.75585,1.59112,-15.47613,1.82793,0.17251,6.59054
5604,623.07802,0.03404,Yakından incele · hose,True,False,-5.58800,1.53554,-15.53864,1.74400,0.18754,7.16434
5605,623.11070,0.03268,Yakından incele · hose,True,False,-5.42157,1.48043,-15.60063,1.66079,0.18596,7.10396
5606,623.14329,0.03258,Yakından incele · hose,True,False,-5.25307,1.42463,-15.66338,1.57653,0.18827,7.19238
5607,623.17663,0.03335,Yakından incele · hose,True,False,-5.08410,1.36867,-15.72631,1.49205,0.18879,7.21217
5608,623.22304,0.04641,Yakından incele · hose,True,False,-4.91140,1.31149,-15.79063,1.40570,0.19295,7.37114
5609,623.25612,0.03308,Yakından incele · hose,True,False,-4.67796,1.23418,-15.87757,1.28898,0.26083,9.96433
5610,623.27579,0.01967,Yakından incele · hose,True,False,-4.57646,1.20057,-15.91538,1.23823,0.11341,4.33273
5611,623.30855,0.03276,Yakından incele · hose,True,False,-4.41605,1.14745,-15.97512,1.15802,0.17923,6.84731
5612,623.34109,0.03254,Yakından incele · hose,True,False,-4.26089,1.09607,-16.03291,1.08044,0.17336,6.62313
5613,623.37439,0.03330,Yakından incele · hose,True,False,-4.11300,1.04710,-16.08799,1.00650,0.16523,6.31245
5614,623.40857,0.03418,Yakından incele · hose,True,False,-3.96949,0.99958,-16.14144,0.93474,0.16035,6.12598
5615,623.44228,0.03371,Yakından incele · hose,True,False,-3.83565,0.95526,-16.19129,0.86782,0.14954,5.71300
5616,623.47579,0.03351,Yakından incele · hose,True,False,-3.71601,0.91564,-16.23585,0.80800,0.13368,5.10703
5617,623.50914,0.03335,Yakından incele · hose,True,False,-3.60739,0.87967,-16.27630,0.75370,0.12135,4.63614
5618,623.54204,0.03289,Yakından incele · hose,True,False,-3.51352,0.84859,-16.31126,0.70676,0.10489,4.00700
5619,623.57587,0.03383,Yakından incele · hose,True,False,-3.43536,0.82270,-16.34037,0.66768,0.08733,3.33624
5620,623.60973,0.03386,Yakından incele · hose,True,False,-3.37269,0.80195,-16.36371,0.63635,0.07002,2.67470
5621,623.64217,0.03244,Yakından incele · hose,True,False,-3.32891,0.78745,-16.38002,0.61445,0.04892,1.86880
5622,623.67565,0.03349,Yakından incele · hose,True,False,-3.30490,0.77950,-16.38896,0.60245,0.02682,1.02487
5623,623.70971,0.03405,Yakından incele · hose,False,False,-3.30000,0.77788,-16.39078,0.60000,0.00547,0.20936
5624,623.74184,0.03214,Yakından incele · hose,False,False,-3.30000,0.77788,-16.39078,0.60000,0.00000,0.00000
5625,623.77483,0.03299,Yakından incele · hose,False,False,-3.30000,0.77788,-16.39078,0.60000,0.00000,0.00000
5626,623.80880,0.03396,Yakından incele · hose,False,False,-3.30000,0.77788,-16.39078,0.60000,0.00000,0.00000
5627,623.85442,0.04562,Yakından incele · hose,False,False,-3.30000,0.77788,-16.39078,0.60000,0.00000,0.00000
5628,623.89123,0.03681,Yakından incele · hose,False,False,-3.30000,0.77788,-16.39078,0.60000,0.00000,0.00000
5629,623.91018,0.01896,Yakından incele · hose,False,False,-3.30000,0.77788,-16.39078,0.60000,0.00000,0.00000
5630,623.94273,0.03255,Yakından incele · hose,False,False,-3.30000,0.77788,-16.39078,0.60000,0.00000,0.00000
5631,623.97584,0.03311,Yakından incele · hose,False,False,-3.30000,0.77788,-16.39078,0.60000,0.00000,0.00000
5632,624.01051,0.03467,Yakından incele · hose,False,False,-3.30000,0.77788,-16.39078,0.60000,0.00000,0.00000
5633,624.04344,0.03293,Yakından incele · hose,False,False,-3.30000,0.77788,-16.39078,0.60000,0.00000,0.00000
5634,624.07576,0.03231,Yakından incele · hose,False,False,-3.30000,0.77788,-16.39078,0.60000,0.00000,0.00000
5635,624.10987,0.03411,Yakından incele · hose,False,False,-3.30000,0.77788,-16.39078,0.60000,0.00000,0.00000
5636,624.14270,0.03283,Yakından incele · hose,False,False,-3.30000,0.77788,-16.39078,0.60000,0.00000,0.00000
5637,624.17527,0.03256,Yakından incele · hose,False,False,-3.30000,0.77788,-16.39078,0.60000,0.00000,0.00000
5638,624.20898,0.03371,Yakından incele · hose,False,False,-3.30000,0.77788,-16.39078,0.60000,0.00000,0.00000
5639,624.24170,0.03272,Yakından incele · hose,False,False,-3.30000,0.77788,-16.39078,0.60000,0.00000,0.00000
5640,624.27503,0.03333,Yakından incele · hose,False,False,-3.30000,0.77788,-16.39078,0.60000,0.00000,0.00000
5641,624.30837,0.03335,Yakından incele · hose,False,False,-3.30000,0.77788,-16.39078,0.60000,0.00000,0.00000
5642,624.34218,0.03380,Yakından incele · hose,False,False,-3.30000,0.77788,-16.39078,0.60000,0.00000,0.00000
5643,624.37553,0.03336,Yakından incele · hose,False,False,-3.30000,0.77788,-16.39078,0.60000,0.00000,0.00000
5644,624.40914,0.03361,Yakından incele · hose,False,False,-3.30000,0.77788,-16.39078,0.60000,0.00000,0.00000
5645,624.44242,0.03327,Yakından incele · hose,False,False,-3.30000,0.77788,-16.39078,0.60000,0.00000,0.00000
5646,624.47487,0.03245,Yakından incele · hose,False,False,-3.30000,0.77788,-16.39078,0.60000,0.00000,0.00000
5647,624.50816,0.03329,Yakından incele · hose,False,False,-3.30000,0.77788,-16.39078,0.60000,0.00000,0.00000
5648,624.54164,0.03348,Yakından incele · hose,False,False,-3.30000,0.77788,-16.39078,0.60000,0.00000,0.00000
5649,624.57528,0.03364,Yakından incele · hose,False,False,-3.30000,0.77788,-16.39078,0.60000,0.00000,0.00000
5650,624.60962,0.03434,Yakından incele · hose,False,False,-3.30000,0.77788,-16.39078,0.60000,0.00000,0.00000
5651,624.64269,0.03307,Yakından incele · hose,False,False,-3.30000,0.77788,-16.39078,0.60000,0.00000,0.00000
5652,624.67542,0.03273,Yakından incele · hose,False,False,-3.30000,0.77788,-16.39078,0.60000,0.00000,0.00000
5653,624.70880,0.03339,Yakından incele · hose,False,False,-3.30000,0.77788,-16.39078,0.60000,0.00000,0.00000
5654,624.74168,0.03288,Yakından incele · hose,False,False,-3.30000,0.77788,-16.39078,0.60000,0.00000,0.00000
5655,624.77553,0.03385,Yakından incele · hose,False,False,-3.30000,0.77788,-16.39078,0.60000,0.00000,0.00000
5656,624.80989,0.03436,Yakından incele · hose,False,False,-3.30000,0.77788,-16.39078,0.60000,0.00000,0.00000
5657,624.84358,0.03369,Yakından incele · hose,False,False,-3.30000,0.77788,-16.39078,0.60000,0.00000,0.00000
5658,624.87589,0.03230,Yakından incele · hose,False,False,-3.30000,0.77788,-16.39078,0.60000,0.00000,0.00000
5659,624.90941,0.03353,Yakından incele · hose,False,False,-3.30000,0.77788,-16.39078,0.60000,0.00000,0.00000
5660,624.94344,0.03403,Yakından incele · hose,False,False,-3.30000,0.77788,-16.39078,0.60000,0.00000,0.00000
5661,624.97670,0.03326,Yakından incele · hose,False,False,-3.30000,0.77788,-16.39078,0.60000,0.00000,0.00000
5662,625.00942,0.03272,Yakından incele · hose,False,False,-3.30000,0.77788,-16.39078,0.60000,0.00000,0.00000
5663,625.04173,0.03231,Yakından incele · hose,False,False,-3.30000,0.77788,-16.39078,0.60000,0.00000,0.00000
5664,625.07505,0.03332,Yakından incele · hose,False,False,-3.30000,0.77788,-16.39078,0.60000,0.00000,0.00000
5665,625.11011,0.03506,Yakından incele · hose,False,False,-3.30000,0.77788,-16.39078,0.60000,0.00000,0.00000
5666,625.15490,0.04479,Yakından incele · hose,False,False,-3.30000,0.77788,-16.39078,0.60000,0.00000,0.00000
5667,625.19239,0.03749,Yakından incele · hose,False,False,-3.30000,0.77788,-16.39078,0.60000,0.00000,0.00000
5668,625.22687,0.03448,Yakından incele · hose,False,False,-3.30000,0.77788,-16.39078,0.60000,0.00000,0.00000
5669,625.26235,0.03548,Yakından incele · hose,False,False,-3.30000,0.77788,-16.39078,0.60000,0.00000,0.00000
5670,625.29882,0.03647,Yakından incele · hose,False,False,-3.30000,0.77788,-16.39078,0.60000,0.00000,0.00000
5671,625.32489,0.02607,Yakından incele · hose,False,False,-3.30000,0.77788,-16.39078,0.60000,0.00000,0.00000
5672,625.35320,0.02831,Yakından incele · hose,False,False,-3.30000,0.77788,-16.39078,0.60000,0.00000,0.00000
5673,625.38577,0.03257,Yakından incele · hose,False,False,-3.30000,0.77788,-16.39078,0.60000,0.00000,0.00000
5674,625.41842,0.03265,Yakından incele · hose,False,False,-3.30000,0.77788,-16.39078,0.60000,0.00000,0.00000
5675,625.45166,0.03324,Yakından incele · hose,False,False,-3.30000,0.77788,-16.39078,0.60000,0.00000,0.00000
5676,625.48500,0.03334,Yakından incele · hose,False,False,-3.30000,0.77788,-16.39078,0.60000,0.00000,0.00000
5677,625.51843,0.03343,Yakından incele · hose,False,False,-3.30000,0.77788,-16.39078,0.60000,0.00000,0.00000
5678,625.55196,0.03352,Yakından incele · hose,False,False,-3.30000,0.77788,-16.39078,0.60000,0.00000,0.00000
5679,625.58520,0.03324,Yakından incele · hose,False,False,-3.30000,0.77788,-16.39078,0.60000,0.00000,0.00000
5680,625.61807,0.03287,Yakından incele · hose,False,False,-3.30000,0.77788,-16.39078,0.60000,0.00000,0.00000
5681,625.65181,0.03374,Yakından incele · hose,False,False,-3.30000,0.77788,-16.39078,0.60000,0.00000,0.00000
5682,625.68464,0.03283,Yakından incele · hose,False,False,-3.30000,0.77788,-16.39078,0.60000,0.00000,0.00000
5683,625.71903,0.03439,Yakından incele · hose,False,False,-3.30000,0.77788,-16.39078,0.60000,0.00000,0.00000
5684,625.75199,0.03297,Yakından incele · hose,False,False,-3.30000,0.77788,-16.39078,0.60000,0.00000,0.00000
5685,625.78466,0.03267,Yakından incele · hose,False,False,-3.30000,0.77788,-16.39078,0.60000,0.00000,0.00000
5686,625.81850,0.03384,Yakından incele · hose,False,False,-3.30000,0.77788,-16.39078,0.60000,0.00000,0.00000
5687,625.85119,0.03269,Yakından incele · hose,False,False,-3.30000,0.77788,-16.39078,0.60000,0.00000,0.00000
5688,625.88468,0.03350,Yakından incele · hose,False,False,-3.30000,0.77788,-16.39078,0.60000,0.00000,0.00000
5689,625.91876,0.03408,Yakından incele · hose,False,False,-3.30000,0.77788,-16.39078,0.60000,0.00000,0.00000
5690,625.95220,0.03344,Yakından incele · hose,False,False,-3.30000,0.77788,-16.39078,0.60000,0.00000,0.00000
5691,625.98555,0.03336,Yakından incele · hose,False,False,-3.30000,0.77788,-16.39078,0.60000,0.00000,0.00000
5692,626.01840,0.03284,Yakından incele · hose,False,False,-3.30000,0.77788,-16.39078,0.60000,0.00000,0.00000
5693,626.05131,0.03291,Yakından incele · hose,False,False,-3.30000,0.77788,-16.39078,0.60000,0.00000,0.00000
5694,626.08435,0.03304,Yakından incele · hose,False,False,-3.30000,0.77788,-16.39078,0.60000,0.00000,0.00000
5695,626.11809,0.03374,Yakından incele · hose,False,False,-3.30000,0.77788,-16.39078,0.60000,0.00000,0.00000
5696,626.15171,0.03362,Yakından incele · hose,False,False,-3.30000,0.77788,-16.39078,0.60000,0.00000,0.00000
5697,626.18468,0.03297,Yakından incele · hose,False,False,-3.30000,0.77788,-16.39078,0.60000,0.00000,0.00000
5698,626.21816,0.03348,Yakından incele · hose,False,False,-3.30000,0.77788,-16.39078,0.60000,0.00000,0.00000
5699,626.25100,0.03284,Yakından incele · hose,False,False,-3.30000,0.77788,-16.39078,0.60000,0.00000,0.00000
5700,626.28441,0.03341,Yakından incele · hose,False,False,-3.30000,0.77788,-16.39078,0.60000,0.00000,0.00000
5701,626.31816,0.03375,Yakından incele · hose,False,False,-3.30000,0.77788,-16.39078,0.60000,0.00000,0.00000
5702,626.35088,0.03272,Yakından incele · hose,False,False,-3.30000,0.77788,-16.39078,0.60000,0.00000,0.00000
5703,626.38403,0.03316,Yakından incele · hose,False,False,-3.30000,0.77788,-16.39078,0.60000,0.00000,0.00000
5704,626.41741,0.03338,Yakından incele · hose,False,False,-3.30000,0.77788,-16.39078,0.60000,0.00000,0.00000
5705,626.45079,0.03337,Yakından incele · hose,False,False,-3.30000,0.77788,-16.39078,0.60000,0.00000,0.00000
5706,626.48486,0.03408,Yakından incele · hose,False,False,-3.30000,0.77788,-16.39078,0.60000,0.00000,0.00000
5707,626.51841,0.03355,Yakından incele · hose,False,False,-3.30000,0.77788,-16.39078,0.60000,0.00000,0.00000
5708,626.55198,0.03357,Yakından incele · hose,False,False,-3.30000,0.77788,-16.39078,0.60000,0.00000,0.00000
5709,626.58496,0.03298,Yakından incele · hose,False,False,-3.30000,0.77788,-16.39078,0.60000,0.00000,0.00000
5710,626.61849,0.03353,Yakından incele · hose,False,False,-3.30000,0.77788,-16.39078,0.60000,0.00000,0.00000
5711,626.65188,0.03339,Yakından incele · hose,False,False,-3.30000,0.77788,-16.39078,0.60000,0.00000,0.00000
5712,626.68418,0.03230,Yakından incele · hose,False,False,-3.30000,0.77788,-16.39078,0.60000,0.00000,0.00000
5713,626.71712,0.03294,Yakından incele · hose,False,False,-3.30000,0.77788,-16.39078,0.60000,0.00000,0.00000
5714,626.75069,0.03357,Yakından incele · hose,False,False,-3.30000,0.77788,-16.39078,0.60000,0.00000,0.00000
5715,626.78456,0.03387,Yakından incele · hose,False,False,-3.30000,0.77788,-16.39078,0.60000,0.00000,0.00000
5716,626.81888,0.03432,Yakından incele · hose,False,False,-3.30000,0.77788,-16.39078,0.60000,0.00000,0.00000
5717,626.85202,0.03314,Yakından incele · hose,False,False,-3.30000,0.77788,-16.39078,0.60000,0.00000,0.00000
5718,626.88503,0.03301,Yakından incele · hose,False,False,-3.30000,0.77788,-16.39078,0.60000,0.00000,0.00000
5719,626.91868,0.03364,Yakından incele · hose,False,False,-3.30000,0.77788,-16.39078,0.60000,0.00000,0.00000
5720,626.95148,0.03280,Yakından incele · hose,False,False,-3.30000,0.77788,-16.39078,0.60000,0.00000,0.00000
5721,626.98474,0.03326,Yakından incele · hose,False,False,-3.30000,0.77788,-16.39078,0.60000,0.00000,0.00000
5722,627.01756,0.03282,Yakından incele · hose,False,False,-3.30000,0.77788,-16.39078,0.60000,0.00000,0.00000
5723,627.05052,0.03296,Yakından incele · hose,False,False,-3.30000,0.77788,-16.39078,0.60000,0.00000,0.00000
5724,627.08419,0.03366,Yakından incele · hose,False,False,-3.30000,0.77788,-16.39078,0.60000,0.00000,0.00000
5725,627.11793,0.03374,Yakından incele · hose,False,False,-3.30000,0.77788,-16.39078,0.60000,0.00000,0.00000
5726,627.15156,0.03364,Yakından incele · hose,False,False,-3.30000,0.77788,-16.39078,0.60000,0.00000,0.00000
5727,627.18443,0.03286,Yakından incele · hose,False,False,-3.30000,0.77788,-16.39078,0.60000,0.00000,0.00000
5728,627.21734,0.03291,Yakından incele · hose,False,False,-3.30000,0.77788,-16.39078,0.60000,0.00000,0.00000
5729,627.25044,0.03309,Yakından incele · hose,False,False,-3.30000,0.77788,-16.39078,0.60000,0.00000,0.00000
5730,627.28381,0.03337,Yakından incele · hose,False,False,-3.30000,0.77788,-16.39078,0.60000,0.00000,0.00000
5731,627.31710,0.03329,Yakından incele · hose,False,False,-3.30000,0.77788,-16.39078,0.60000,0.00000,0.00000
5732,627.35071,0.03361,Yakından incele · hose,False,False,-3.30000,0.77788,-16.39078,0.60000,0.00000,0.00000
5733,627.38423,0.03351,Yakından incele · hose,False,False,-3.30000,0.77788,-16.39078,0.60000,0.00000,0.00000
5734,627.41715,0.03292,Yakından incele · hose,False,False,-3.30000,0.77788,-16.39078,0.60000,0.00000,0.00000
5735,627.45103,0.03389,Yakından incele · hose,False,False,-3.30000,0.77788,-16.39078,0.60000,0.00000,0.00000
5736,627.48532,0.03429,Yakından incele · hose,False,False,-3.30000,0.77788,-16.39078,0.60000,0.00000,0.00000
5737,627.51822,0.03290,Yakından incele · hose,False,False,-3.30000,0.77788,-16.39078,0.60000,0.00000,0.00000
5738,627.55111,0.03289,Yakından incele · hose,False,False,-3.30000,0.77788,-16.39078,0.60000,0.00000,0.00000
5739,627.58462,0.03351,Yakından incele · hose,False,False,-3.30000,0.77788,-16.39078,0.60000,0.00000,0.00000
5740,627.61846,0.03383,Yakından incele · hose,False,False,-3.30000,0.77788,-16.39078,0.60000,0.00000,0.00000
5741,627.65132,0.03286,Yakından incele · hose,False,False,-3.30000,0.77788,-16.39078,0.60000,0.00000,0.00000
5742,627.68490,0.03358,Yakından incele · hose,False,False,-3.30000,0.77788,-16.39078,0.60000,0.00000,0.00000
5743,627.71941,0.03451,Yakından incele · hose,False,False,-3.30000,0.77788,-16.39078,0.60000,0.00000,0.00000
5744,627.75191,0.03250,Yakından incele · hose,False,False,-3.30000,0.77788,-16.39078,0.60000,0.00000,0.00000
5745,627.78441,0.03250,Yakından incele · hose,False,False,-3.30000,0.77788,-16.39078,0.60000,0.00000,0.00000
5746,627.81814,0.03373,Yakından incele · hose,False,False,-3.30000,0.77788,-16.39078,0.60000,0.00000,0.00000
5747,627.85222,0.03408,Yakından incele · hose,False,False,-3.30000,0.77788,-16.39078,0.60000,0.00000,0.00000
5748,627.88500,0.03277,Yakından incele · hose,False,False,-3.30000,0.77788,-16.39078,0.60000,0.00000,0.00000
5749,627.91851,0.03351,Yakından incele · hose,False,False,-3.30000,0.77788,-16.39078,0.60000,0.00000,0.00000
5750,627.95234,0.03384,Yakından incele · hose,False,False,-3.30000,0.77788,-16.39078,0.60000,0.00000,0.00000
5751,627.98431,0.03197,Yakından incele · hose,False,False,-3.30000,0.77788,-16.39078,0.60000,0.00000,0.00000
5752,628.01794,0.03362,Yakından incele · hose,False,False,-3.30000,0.77788,-16.39078,0.60000,0.00000,0.00000
5753,628.05086,0.03293,Yakından incele · hose,False,False,-3.30000,0.77788,-16.39078,0.60000,0.00000,0.00000
5754,628.08405,0.03318,Yakından incele · hose,False,False,-3.30000,0.77788,-16.39078,0.60000,0.00000,0.00000
5755,628.11812,0.03407,Yakından incele · hose,False,False,-3.30000,0.77788,-16.39078,0.60000,0.00000,0.00000
5756,628.15117,0.03305,Yakından incele · hose,False,False,-3.30000,0.77788,-16.39078,0.60000,0.00000,0.00000
5757,628.20638,0.05521,Yakından incele · hose,False,False,-3.30000,0.77788,-16.39078,0.60000,0.00000,0.00000
5758,628.24003,0.03365,Yakından incele · hose,False,False,-3.30000,0.77788,-16.39078,0.60000,0.00000,0.00000
5759,628.26158,0.02155,Yakından incele · hose,False,False,-3.30000,0.77788,-16.39078,0.60000,0.00000,0.00000
5760,628.28478,0.02319,Yakından incele · hose,False,False,-3.30000,0.77788,-16.39078,0.60000,0.00000,0.00000
5761,628.31856,0.03378,Yakından incele · hose,False,False,-3.30000,0.77788,-16.39078,0.60000,0.00000,0.00000
5762,628.35045,0.03190,Yakından incele · hose,False,False,-3.30000,0.77788,-16.39078,0.60000,0.00000,0.00000
5763,628.38478,0.03432,Yakından incele · hose,False,False,-3.30000,0.77788,-16.39078,0.60000,0.00000,0.00000
5764,628.41885,0.03407,Yakından incele · hose,False,False,-3.30000,0.77788,-16.39078,0.60000,0.00000,0.00000
5765,628.46018,0.04134,Yakından incele · hose,False,False,-3.30000,0.77788,-16.39078,0.60000,0.00000,0.00000
5766,628.49317,0.03299,Yakından incele · hose,False,False,-3.30000,0.77788,-16.39078,0.60000,0.00000,0.00000
5767,628.52669,0.03352,Yakından incele · hose,False,False,-3.30000,0.77788,-16.39078,0.60000,0.00000,0.00000
5768,628.55967,0.03298,Yakından incele · hose,False,False,-3.30000,0.77788,-16.39078,0.60000,0.00000,0.00000
5769,628.59260,0.03293,Yakından incele · hose,False,False,-3.30000,0.77788,-16.39078,0.60000,0.00000,0.00000
5770,628.62583,0.03322,Yakından incele · hose,False,False,-3.30000,0.77788,-16.39078,0.60000,0.00000,0.00000
5771,628.65876,0.03294,Yakından incele · hose,False,False,-3.30000,0.77788,-16.39078,0.60000,0.00000,0.00000
5772,628.69246,0.03370,Yakından incele · hose,False,False,-3.30000,0.77788,-16.39078,0.60000,0.00000,0.00000
5773,628.72751,0.03506,Yakından incele · hose,False,False,-3.30000,0.77788,-16.39078,0.60000,0.00000,0.00000
5774,628.76117,0.03366,Yakından incele · hose,False,False,-3.30000,0.77788,-16.39078,0.60000,0.00000,0.00000
5775,628.79336,0.03219,Yakından incele · hose,False,False,-3.30000,0.77788,-16.39078,0.60000,0.00000,0.00000
5776,628.82646,0.03310,Yakından incele · hose,False,False,-3.30000,0.77788,-16.39078,0.60000,0.00000,0.00000
5777,628.85907,0.03261,Yakından incele · hose,False,False,-3.30000,0.77788,-16.39078,0.60000,0.00000,0.00000
5778,628.89272,0.03365,Yakından incele · hose,False,False,-3.30000,0.77788,-16.39078,0.60000,0.00000,0.00000
5779,628.92616,0.03344,Yakından incele · hose,False,False,-3.30000,0.77788,-16.39078,0.60000,0.00000,0.00000
5780,628.95919,0.03303,Yakından incele · hose,False,False,-3.30000,0.77788,-16.39078,0.60000,0.00000,0.00000
5781,628.99273,0.03354,Yakından incele · hose,False,False,-3.30000,0.77788,-16.39078,0.60000,0.00000,0.00000
5782,629.02620,0.03347,Yakından incele · hose,False,False,-3.30000,0.77788,-16.39078,0.60000,0.00000,0.00000
5783,629.05920,0.03300,Yakından incele · hose,False,False,-3.30000,0.77788,-16.39078,0.60000,0.00000,0.00000
5784,629.09217,0.03297,Yakından incele · hose,False,False,-3.30000,0.77788,-16.39078,0.60000,0.00000,0.00000
5785,629.12650,0.03433,Yakından incele · hose,False,False,-3.30000,0.77788,-16.39078,0.60000,0.00000,0.00000
5786,629.16104,0.03455,Yakından incele · hose,False,False,-3.30000,0.77788,-16.39078,0.60000,0.00000,0.00000
5787,629.19369,0.03264,Yakından incele · hose,False,False,-3.30000,0.77788,-16.39078,0.60000,0.00000,0.00000
5788,629.22652,0.03283,Yakından incele · hose,False,False,-3.30000,0.77788,-16.39078,0.60000,0.00000,0.00000
5789,629.26071,0.03420,Yakından incele · hose,False,False,-3.30000,0.77788,-16.39078,0.60000,0.00000,0.00000
5790,629.29323,0.03252,Yakından incele · hose,False,False,-3.30000,0.77788,-16.39078,0.60000,0.00000,0.00000
5791,629.33171,0.03848,Yakından incele · aid,True,False,-3.28193,0.79890,-16.37148,0.62209,0.03378,0.51434
5792,629.36517,0.03346,Yakından incele · aid,True,False,-3.21584,0.87577,-16.30091,0.70286,0.12351,1.88755
5793,629.39295,0.02778,Yakından incele · aid,True,False,-3.14084,0.96300,-16.22082,0.79453,0.14018,2.14238
5794,629.42642,0.03347,Yakından incele · aid,True,False,-3.02288,1.10020,-16.09484,0.93871,0.22047,3.37009
5795,629.46081,0.03439,Yakından incele · aid,True,False,-2.87536,1.27178,-15.93731,1.11901,0.27571,4.21457
5796,629.49467,0.03385,Yakından incele · aid,True,False,-2.69847,1.47752,-15.74841,1.33521,0.33061,5.05386
5797,629.52709,0.03243,Yakından incele · aid,True,False,-2.50272,1.70520,-15.53938,1.57445,0.36586,5.59263
5798,629.55921,0.03212,Yakından incele · aid,True,False,-2.29063,1.95188,-15.31289,1.83368,0.39640,6.05953
5799,629.59279,0.03358,Yakından incele · aid,True,False,-2.05661,2.22406,-15.06299,2.11969,0.43738,6.68609
5800,629.62739,0.03460,Yakından incele · aid,True,False,-1.79954,2.52307,-14.78846,2.43390,0.48048,7.34496
5801,629.66009,0.03270,Yakından incele · aid,True,False,-1.52874,2.83804,-14.49928,2.76488,0.50613,7.73715
5802,629.69271,0.03262,Yakından incele · aid,True,False,-1.25975,3.15089,-14.21203,3.09363,0.50273,7.68504
5803,629.72767,0.03496,Yakından incele · aid,True,False,-0.96890,3.48918,-13.90143,3.44913,0.54361,8.31003
5804,629.76123,0.03357,Yakından incele · aid,True,False,-0.66672,3.84065,-13.57874,3.81845,0.56477,8.63358
5805,629.79386,0.03263,Yakından incele · aid,True,False,-0.37355,4.18164,-13.26567,4.17678,0.54794,8.37632
5806,629.82611,0.03225,Yakından incele · aid,True,False,-0.07522,4.52862,-12.94709,4.54140,0.55757,8.52354
5807,629.85940,0.03329,Yakından incele · aid,True,False,0.21583,4.86713,-12.63629,4.89712,0.54397,8.31559
5808,629.89394,0.03454,Yakından incele · aid,True,False,0.51866,5.21936,-12.31290,5.26725,0.56600,8.65235
5809,629.92664,0.03270,Yakından incele · aid,True,False,0.81409,5.56297,-11.99741,5.62833,0.55216,8.44079
5810,629.95877,0.03212,Yakından incele · aid,True,False,1.08704,5.88045,-11.70593,5.96194,0.51015,7.79866
5811,629.99328,0.03452,Yakından incele · aid,True,False,1.35972,6.19759,-11.41474,6.29521,0.50963,7.79072
5812,630.02666,0.03338,Yakından incele · aid,True,False,1.62935,6.51121,-11.12680,6.62476,0.50395,7.70377
5813,630.05950,0.03284,Yakından incele · aid,True,False,1.86513,6.78544,-10.87502,6.91293,0.44066,6.73639
5814,630.09402,0.03452,Yakından incele · aid,True,False,2.09836,7.05671,-10.62596,7.19800,0.43592,6.66380
5815,630.12707,0.03305,Yakından incele · aid,True,False,2.30919,7.30193,-10.40081,7.45568,0.39404,6.02376
5816,630.15992,0.03285,Yakından incele · aid,True,False,2.48770,7.50955,-10.21019,7.67385,0.33363,5.10012
5817,630.19366,0.03374,Yakından incele · aid,True,False,2.65146,7.70002,-10.03531,7.87401,0.30607,4.67884
5818,630.22663,0.03298,Yakından incele · aid,True,False,2.78333,7.85340,-9.89449,8.03518,0.24647,3.76755
5819,630.25948,0.03285,Yakından incele · aid,True,False,2.88631,7.97318,-9.78451,8.16105,0.19248,2.94227
5820,630.29293,0.03344,Yakından incele · aid,True,False,2.95750,8.05597,-9.70850,8.24806,0.13305,2.03328
5821,630.32683,0.03391,Yakından incele · aid,True,False,2.99520,8.09982,-9.66824,8.29413,0.07045,1.07628
5822,630.36062,0.03379,Yakından incele · aid,False,False,3.00000,8.10541,-9.66311,8.30000,0.00898,0.00000
5823,630.39859,0.03797,Yakından incele · aid,False,False,3.00000,8.10541,-9.66311,8.30000,0.00000,0.00000
5824,630.42593,0.02733,Yakından incele · aid,False,False,3.00000,8.10541,-9.66311,8.30000,0.00000,0.00000
5825,630.45935,0.03342,Yakından incele · aid,False,False,3.00000,8.10541,-9.66311,8.30000,0.00000,0.00000
5826,630.49340,0.03405,Yakından incele · aid,False,False,3.00000,8.10541,-9.66311,8.30000,0.00000,0.00000
5827,630.52629,0.03289,Yakından incele · aid,False,False,3.00000,8.10541,-9.66311,8.30000,0.00000,0.00000
5828,630.56015,0.03386,Yakından incele · aid,False,False,3.00000,8.10541,-9.66311,8.30000,0.00000,0.00000
5829,630.59422,0.03407,Yakından incele · aid,False,False,3.00000,8.10541,-9.66311,8.30000,0.00000,0.00000
5830,630.62671,0.03249,Yakından incele · aid,False,False,3.00000,8.10541,-9.66311,8.30000,0.00000,0.00000
5831,630.66026,0.03355,Yakından incele · aid,False,False,3.00000,8.10541,-9.66311,8.30000,0.00000,0.00000
5832,630.69369,0.03343,Yakından incele · aid,False,False,3.00000,8.10541,-9.66311,8.30000,0.00000,0.00000
5833,630.72641,0.03272,Yakından incele · aid,False,False,3.00000,8.10541,-9.66311,8.30000,0.00000,0.00000
5834,630.76063,0.03422,Yakından incele · aid,False,False,3.00000,8.10541,-9.66311,8.30000,0.00000,0.00000
5835,630.79405,0.03342,Yakından incele · aid,False,False,3.00000,8.10541,-9.66311,8.30000,0.00000,0.00000
5836,630.82727,0.03322,Yakından incele · aid,False,False,3.00000,8.10541,-9.66311,8.30000,0.00000,0.00000
5837,630.86078,0.03350,Yakından incele · aid,False,False,3.00000,8.10541,-9.66311,8.30000,0.00000,0.00000
5838,630.89315,0.03238,Yakından incele · aid,False,False,3.00000,8.10541,-9.66311,8.30000,0.00000,0.00000
5839,630.92728,0.03413,Yakından incele · aid,False,False,3.00000,8.10541,-9.66311,8.30000,0.00000,0.00000
5840,630.96136,0.03408,Yakından incele · aid,False,False,3.00000,8.10541,-9.66311,8.30000,0.00000,0.00000
5841,630.99445,0.03309,Yakından incele · aid,False,False,3.00000,8.10541,-9.66311,8.30000,0.00000,0.00000
5842,631.02750,0.03305,Yakından incele · aid,False,False,3.00000,8.10541,-9.66311,8.30000,0.00000,0.00000
5843,631.07909,0.05159,Yakından incele · aid,False,False,3.00000,8.10541,-9.66311,8.30000,0.00000,0.00000
5844,631.09325,0.01416,Yakından incele · aid,False,False,3.00000,8.10541,-9.66311,8.30000,0.00000,0.00000
5845,631.12795,0.03470,Yakından incele · aid,False,False,3.00000,8.10541,-9.66311,8.30000,0.00000,0.00000
5846,631.16263,0.03467,Yakından incele · aid,False,False,3.00000,8.10541,-9.66311,8.30000,0.00000,0.00000
5847,631.19386,0.03123,Yakından incele · aid,False,False,3.00000,8.10541,-9.66311,8.30000,0.00000,0.00000
5848,631.22635,0.03249,Yakından incele · aid,False,False,3.00000,8.10541,-9.66311,8.30000,0.00000,0.00000
5849,631.26004,0.03369,Yakından incele · aid,False,False,3.00000,8.10541,-9.66311,8.30000,0.00000,0.00000
5850,631.29341,0.03337,Yakından incele · aid,False,False,3.00000,8.10541,-9.66311,8.30000,0.00000,0.00000
5851,631.32645,0.03304,Yakından incele · aid,False,False,3.00000,8.10541,-9.66311,8.30000,0.00000,0.00000
5852,631.35907,0.03262,Yakından incele · aid,False,False,3.00000,8.10541,-9.66311,8.30000,0.00000,0.00000
5853,631.39258,0.03350,Yakından incele · aid,False,False,3.00000,8.10541,-9.66311,8.30000,0.00000,0.00000
5854,631.42616,0.03358,Yakından incele · aid,False,False,3.00000,8.10541,-9.66311,8.30000,0.00000,0.00000
5855,631.45976,0.03360,Yakından incele · aid,False,False,3.00000,8.10541,-9.66311,8.30000,0.00000,0.00000
5856,631.49350,0.03375,Yakından incele · aid,False,False,3.00000,8.10541,-9.66311,8.30000,0.00000,0.00000
5857,631.52667,0.03316,Yakından incele · aid,False,False,3.00000,8.10541,-9.66311,8.30000,0.00000,0.00000
5858,631.55956,0.03289,Yakından incele · aid,False,False,3.00000,8.10541,-9.66311,8.30000,0.00000,0.00000
5859,631.59320,0.03364,Yakından incele · aid,False,False,3.00000,8.10541,-9.66311,8.30000,0.00000,0.00000
5860,631.62727,0.03408,Yakından incele · aid,False,False,3.00000,8.10541,-9.66311,8.30000,0.00000,0.00000
5861,631.66107,0.03380,Yakından incele · aid,False,False,3.00000,8.10541,-9.66311,8.30000,0.00000,0.00000
5862,631.69373,0.03266,Yakından incele · aid,False,False,3.00000,8.10541,-9.66311,8.30000,0.00000,0.00000
5863,631.72669,0.03296,Yakından incele · aid,False,False,3.00000,8.10541,-9.66311,8.30000,0.00000,0.00000
5864,631.78725,0.06056,Yakından incele · aid,False,False,3.00000,8.10541,-9.66311,8.30000,0.00000,0.00000
5865,631.80522,0.01797,Yakından incele · aid,False,False,3.00000,8.10541,-9.66311,8.30000,0.00000,0.00000
5866,631.83816,0.03294,Yakından incele · aid,False,False,3.00000,8.10541,-9.66311,8.30000,0.00000,0.00000
5867,631.86971,0.03154,Yakından incele · aid,False,False,3.00000,8.10541,-9.66311,8.30000,0.00000,0.00000
5868,631.90242,0.03272,Yakından incele · aid,False,False,3.00000,8.10541,-9.66311,8.30000,0.00000,0.00000
5869,631.93635,0.03393,Yakından incele · aid,False,False,3.00000,8.10541,-9.66311,8.30000,0.00000,0.00000
5870,631.97052,0.03418,Yakından incele · aid,False,False,3.00000,8.10541,-9.66311,8.30000,0.00000,0.00000
5871,632.00408,0.03355,Yakından incele · aid,False,False,3.00000,8.10541,-9.66311,8.30000,0.00000,0.00000
5872,632.03625,0.03217,Yakından incele · aid,False,False,3.00000,8.10541,-9.66311,8.30000,0.00000,0.00000
5873,632.06929,0.03304,Yakından incele · aid,False,False,3.00000,8.10541,-9.66311,8.30000,0.00000,0.00000
5874,632.10328,0.03399,Yakından incele · aid,False,False,3.00000,8.10541,-9.66311,8.30000,0.00000,0.00000
5875,632.13636,0.03309,Yakından incele · aid,False,False,3.00000,8.10541,-9.66311,8.30000,0.00000,0.00000
5876,632.16973,0.03336,Yakından incele · aid,False,False,3.00000,8.10541,-9.66311,8.30000,0.00000,0.00000
5877,632.20307,0.03335,Yakından incele · aid,False,False,3.00000,8.10541,-9.66311,8.30000,0.00000,0.00000
5878,632.23663,0.03356,Yakından incele · aid,False,False,3.00000,8.10541,-9.66311,8.30000,0.00000,0.00000
5879,632.27019,0.03356,Yakından incele · aid,False,False,3.00000,8.10541,-9.66311,8.30000,0.00000,0.00000
5880,632.30393,0.03374,Yakından incele · aid,False,False,3.00000,8.10541,-9.66311,8.30000,0.00000,0.00000
5881,632.33668,0.03275,Yakından incele · aid,False,False,3.00000,8.10541,-9.66311,8.30000,0.00000,0.00000
5882,632.36971,0.03303,Yakından incele · aid,False,False,3.00000,8.10541,-9.66311,8.30000,0.00000,0.00000
5883,632.40356,0.03385,Yakından incele · aid,False,False,3.00000,8.10541,-9.66311,8.30000,0.00000,0.00000
5884,632.43698,0.03341,Yakından incele · aid,False,False,3.00000,8.10541,-9.66311,8.30000,0.00000,0.00000
5885,632.48316,0.04618,Yakından incele · aid,False,False,3.00000,8.10541,-9.66311,8.30000,0.00000,0.00000
5886,632.50329,0.02013,Yakından incele · aid,False,False,3.00000,8.10541,-9.66311,8.30000,0.00000,0.00000
5887,632.53641,0.03312,Yakından incele · aid,False,False,3.00000,8.10541,-9.66311,8.30000,0.00000,0.00000
5888,632.56960,0.03319,Yakından incele · aid,False,False,3.00000,8.10541,-9.66311,8.30000,0.00000,0.00000
5889,632.60268,0.03308,Yakından incele · aid,False,False,3.00000,8.10541,-9.66311,8.30000,0.00000,0.00000
5890,632.63626,0.03358,Yakından incele · aid,False,False,3.00000,8.10541,-9.66311,8.30000,0.00000,0.00000
5891,632.67040,0.03414,Yakından incele · aid,False,False,3.00000,8.10541,-9.66311,8.30000,0.00000,0.00000
5892,632.70331,0.03291,Yakından incele · aid,False,False,3.00000,8.10541,-9.66311,8.30000,0.00000,0.00000
5893,632.73554,0.03223,Yakından incele · aid,False,False,3.00000,8.10541,-9.66311,8.30000,0.00000,0.00000
5894,632.76861,0.03307,Yakından incele · aid,False,False,3.00000,8.10541,-9.66311,8.30000,0.00000,0.00000
5895,632.80291,0.03430,Yakından incele · aid,False,False,3.00000,8.10541,-9.66311,8.30000,0.00000,0.00000
5896,632.83669,0.03377,Yakından incele · aid,False,False,3.00000,8.10541,-9.66311,8.30000,0.00000,0.00000
5897,632.86955,0.03286,Yakından incele · aid,False,False,3.00000,8.10541,-9.66311,8.30000,0.00000,0.00000
5898,632.90203,0.03248,Yakından incele · aid,False,False,3.00000,8.10541,-9.66311,8.30000,0.00000,0.00000
5899,632.93552,0.03349,Yakından incele · aid,False,False,3.00000,8.10541,-9.66311,8.30000,0.00000,0.00000
5900,632.96962,0.03409,Yakından incele · aid,False,False,3.00000,8.10541,-9.66311,8.30000,0.00000,0.00000
5901,633.00293,0.03332,Yakından incele · aid,False,False,3.00000,8.10541,-9.66311,8.30000,0.00000,0.00000
5902,633.03587,0.03294,Yakından incele · aid,False,False,3.00000,8.10541,-9.66311,8.30000,0.00000,0.00000
5903,633.06828,0.03241,Yakından incele · aid,False,False,3.00000,8.10541,-9.66311,8.30000,0.00000,0.00000
5904,633.10162,0.03334,Yakından incele · aid,False,False,3.00000,8.10541,-9.66311,8.30000,0.00000,0.00000
5905,633.13651,0.03490,Yakından incele · aid,False,False,3.00000,8.10541,-9.66311,8.30000,0.00000,0.00000
5906,633.17034,0.03382,Yakından incele · aid,False,False,3.00000,8.10541,-9.66311,8.30000,0.00000,0.00000
5907,633.20279,0.03246,Yakından incele · aid,False,False,3.00000,8.10541,-9.66311,8.30000,0.00000,0.00000
5908,633.23644,0.03364,Yakından incele · aid,False,False,3.00000,8.10541,-9.66311,8.30000,0.00000,0.00000
5909,633.26997,0.03353,Yakından incele · aid,False,False,3.00000,8.10541,-9.66311,8.30000,0.00000,0.00000
5910,633.30264,0.03267,Yakından incele · aid,False,False,3.00000,8.10541,-9.66311,8.30000,0.00000,0.00000
5911,633.33674,0.03410,Yakından incele · aid,False,False,3.00000,8.10541,-9.66311,8.30000,0.00000,0.00000
5912,633.37010,0.03336,Yakından incele · aid,False,False,3.00000,8.10541,-9.66311,8.30000,0.00000,0.00000
5913,633.40307,0.03297,Yakından incele · aid,False,False,3.00000,8.10541,-9.66311,8.30000,0.00000,0.00000
5914,633.43706,0.03399,Yakından incele · aid,False,False,3.00000,8.10541,-9.66311,8.30000,0.00000,0.00000
5915,633.47034,0.03329,Yakından incele · aid,False,False,3.00000,8.10541,-9.66311,8.30000,0.00000,0.00000
5916,633.50324,0.03289,Yakından incele · aid,False,False,3.00000,8.10541,-9.66311,8.30000,0.00000,0.00000
5917,633.53610,0.03286,Yakından incele · aid,False,False,3.00000,8.10541,-9.66311,8.30000,0.00000,0.00000
5918,633.56981,0.03372,Yakından incele · aid,False,False,3.00000,8.10541,-9.66311,8.30000,0.00000,0.00000
5919,633.60281,0.03299,Yakından incele · aid,False,False,3.00000,8.10541,-9.66311,8.30000,0.00000,0.00000
5920,633.63611,0.03331,Yakından incele · aid,False,False,3.00000,8.10541,-9.66311,8.30000,0.00000,0.00000
5921,633.66905,0.03294,Yakından incele · aid,False,False,3.00000,8.10541,-9.66311,8.30000,0.00000,0.00000
5922,633.70301,0.03396,Yakından incele · aid,False,False,3.00000,8.10541,-9.66311,8.30000,0.00000,0.00000
5923,633.73741,0.03440,Yakından incele · aid,False,False,3.00000,8.10541,-9.66311,8.30000,0.00000,0.00000
5924,633.77061,0.03320,Yakından incele · aid,False,False,3.00000,8.10541,-9.66311,8.30000,0.00000,0.00000
5925,633.80330,0.03269,Yakından incele · aid,False,False,3.00000,8.10541,-9.66311,8.30000,0.00000,0.00000
5926,633.83565,0.03235,Yakından incele · aid,False,False,3.00000,8.10541,-9.66311,8.30000,0.00000,0.00000
5927,633.86909,0.03344,Yakından incele · aid,False,False,3.00000,8.10541,-9.66311,8.30000,0.00000,0.00000
5928,633.90224,0.03316,Yakından incele · aid,False,False,3.00000,8.10541,-9.66311,8.30000,0.00000,0.00000
5929,633.93536,0.03312,Yakından incele · aid,False,False,3.00000,8.10541,-9.66311,8.30000,0.00000,0.00000
5930,633.96946,0.03410,Yakından incele · aid,False,False,3.00000,8.10541,-9.66311,8.30000,0.00000,0.00000
5931,634.00285,0.03339,Yakından incele · aid,False,False,3.00000,8.10541,-9.66311,8.30000,0.00000,0.00000
5932,634.03618,0.03333,Yakından incele · aid,False,False,3.00000,8.10541,-9.66311,8.30000,0.00000,0.00000
5933,634.06906,0.03288,Yakından incele · aid,False,False,3.00000,8.10541,-9.66311,8.30000,0.00000,0.00000
5934,634.10262,0.03356,Yakından incele · aid,False,False,3.00000,8.10541,-9.66311,8.30000,0.00000,0.00000
5935,634.13650,0.03387,Yakından incele · aid,False,False,3.00000,8.10541,-9.66311,8.30000,0.00000,0.00000
5936,634.16965,0.03316,Yakından incele · aid,False,False,3.00000,8.10541,-9.66311,8.30000,0.00000,0.00000
5937,634.20337,0.03372,Yakından incele · aid,False,False,3.00000,8.10541,-9.66311,8.30000,0.00000,0.00000
5938,634.23715,0.03378,Yakından incele · aid,False,False,3.00000,8.10541,-9.66311,8.30000,0.00000,0.00000
5939,634.27032,0.03317,Yakından incele · aid,False,False,3.00000,8.10541,-9.66311,8.30000,0.00000,0.00000
5940,634.30257,0.03225,Yakından incele · aid,False,False,3.00000,8.10541,-9.66311,8.30000,0.00000,0.00000
5941,634.33630,0.03372,Yakından incele · aid,False,False,3.00000,8.10541,-9.66311,8.30000,0.00000,0.00000
5942,634.36937,0.03308,Yakından incele · aid,False,False,3.00000,8.10541,-9.66311,8.30000,0.00000,0.00000
5943,634.40259,0.03321,Yakından incele · aid,False,False,3.00000,8.10541,-9.66311,8.30000,0.00000,0.00000
5944,634.43590,0.03331,Yakından incele · aid,False,False,3.00000,8.10541,-9.66311,8.30000,0.00000,0.00000
5945,634.46996,0.03406,Yakından incele · aid,False,False,3.00000,8.10541,-9.66311,8.30000,0.00000,0.00000
5946,634.50312,0.03316,Yakından incele · aid,False,False,3.00000,8.10541,-9.66311,8.30000,0.00000,0.00000
5947,634.53666,0.03354,Yakından incele · aid,False,False,3.00000,8.10541,-9.66311,8.30000,0.00000,0.00000
5948,634.56976,0.03310,Yakından incele · aid,False,False,3.00000,8.10541,-9.66311,8.30000,0.00000,0.00000
5949,634.60300,0.03324,Yakından incele · aid,False,False,3.00000,8.10541,-9.66311,8.30000,0.00000,0.00000
5950,634.63627,0.03327,Yakından incele · aid,False,False,3.00000,8.10541,-9.66311,8.30000,0.00000,0.00000
5951,634.66968,0.03341,Yakından incele · aid,False,False,3.00000,8.10541,-9.66311,8.30000,0.00000,0.00000
5952,634.70258,0.03290,Yakından incele · aid,False,False,3.00000,8.10541,-9.66311,8.30000,0.00000,0.00000
5953,634.73662,0.03403,Yakından incele · aid,False,False,3.00000,8.10541,-9.66311,8.30000,0.00000,0.00000
5954,634.76990,0.03329,Yakından incele · aid,False,False,3.00000,8.10541,-9.66311,8.30000,0.00000,0.00000
5955,634.80295,0.03305,Yakından incele · aid,False,False,3.00000,8.10541,-9.66311,8.30000,0.00000,0.00000
5956,634.83692,0.03397,Yakından incele · aid,False,False,3.00000,8.10541,-9.66311,8.30000,0.00000,0.00000
5957,634.86977,0.03285,Yakından incele · aid,False,False,3.00000,8.10541,-9.66311,8.30000,0.00000,0.00000
5958,634.90288,0.03312,Yakından incele · aid,False,False,3.00000,8.10541,-9.66311,8.30000,0.00000,0.00000
5959,634.93666,0.03377,Yakından incele · aid,False,False,3.00000,8.10541,-9.66311,8.30000,0.00000,0.00000
5960,634.96943,0.03278,Yakından incele · aid,False,False,3.00000,8.10541,-9.66311,8.30000,0.00000,0.00000
5961,635.00260,0.03317,Yakından incele · aid,False,False,3.00000,8.10541,-9.66311,8.30000,0.00000,0.00000
5962,635.03627,0.03367,Yakından incele · aid,False,False,3.00000,8.10541,-9.66311,8.30000,0.00000,0.00000
5963,635.07876,0.04249,Yakından incele · aid,False,False,3.00000,8.10541,-9.66311,8.30000,0.00000,0.00000
5964,635.11213,0.03337,Yakından incele · aid,False,False,3.00000,8.10541,-9.66311,8.30000,0.00000,0.00000
5965,635.14574,0.03361,Yakından incele · aid,False,False,3.00000,8.10541,-9.66311,8.30000,0.00000,0.00000
5966,635.17948,0.03374,Yakından incele · aid,False,False,3.00000,8.10541,-9.66311,8.30000,0.00000,0.00000
5967,635.21276,0.03328,Yakından incele · aid,False,False,3.00000,8.10541,-9.66311,8.30000,0.00000,0.00000
5968,635.24576,0.03300,Yakından incele · aid,False,False,3.00000,8.10541,-9.66311,8.30000,0.00000,0.00000
5969,635.27909,0.03333,Yakından incele · aid,False,False,3.00000,8.10541,-9.66311,8.30000,0.00000,0.00000
5970,635.31165,0.03256,Yakından incele · aid,False,False,3.00000,8.10541,-9.66311,8.30000,0.00000,0.00000
5971,635.35001,0.03836,Yakından incele · relief,True,False,3.00099,8.09914,-9.67646,8.29330,0.01478,0.00000
5972,635.38357,0.03355,Yakından incele · relief,True,False,3.00438,8.07777,-9.72201,8.27041,0.05043,0.54536
5973,635.41285,0.02929,Yakından incele · relief,True,False,3.00865,8.05084,-9.77939,8.24159,0.06352,0.68756
5974,635.44544,0.03258,Yakından incele · relief,True,False,3.01498,8.01097,-9.86436,8.19890,0.09408,1.01721
5975,635.47942,0.03399,Yakından incele · relief,True,False,3.02299,7.96047,-9.97197,8.14485,0.11914,1.28935
5976,635.51325,0.03382,Yakından incele · relief,True,False,3.03294,7.89774,-10.10565,8.07769,0.14800,1.60177
5977,635.54514,0.03189,Yakından incele · relief,True,False,3.04402,7.82784,-10.25462,8.00286,0.16493,1.78482
5978,635.57950,0.03436,Yakından incele · relief,True,False,3.05638,7.74994,-10.42061,7.91947,0.18378,1.98891
5979,635.61331,0.03380,Yakından incele · relief,True,False,3.07119,7.65656,-10.61962,7.81950,0.22033,2.38445
5980,635.64587,0.03257,Yakından incele · relief,True,False,3.08590,7.56377,-10.81734,7.72018,0.21891,2.36930
5981,635.67959,0.03372,Yakından incele · relief,True,False,3.10305,7.45562,-11.04782,7.60439,0.25517,2.76195
5982,635.71254,0.03295,Yakından incele · relief,True,False,3.12029,7.34695,-11.27940,7.48806,0.25639,2.77524
5983,635.74708,0.03454,Yakından incele · relief,True,False,3.13946,7.22603,-11.53707,7.35862,0.28528,3.08817
5984,635.78063,0.03355,Yakından incele · relief,True,False,3.15998,7.09667,-11.81274,7.22014,0.30520,3.30371
5985,635.81310,0.03247,Yakından incele · relief,True,False,3.18026,6.96880,-12.08524,7.08325,0.30169,3.26558
5986,635.84644,0.03334,Yakından incele · relief,True,False,3.20215,6.83078,-12.37935,6.93550,0.32563,3.52473
5987,635.87970,0.03325,Yakından incele · relief,True,False,3.22462,6.68908,-12.68131,6.78381,0.33431,3.61854
5988,635.91324,0.03354,Yakından incele · relief,True,False,3.24810,6.54107,-12.99672,6.62536,0.34920,3.77979
5989,635.94615,0.03291,Yakından incele · relief,True,False,3.27239,6.38786,-13.32322,6.46135,0.36147,3.91270
5990,635.97970,0.03356,Yakından incele · relief,True,False,3.29632,6.23696,-13.64478,6.29981,0.35602,3.85383
5991,636.01285,0.03315,Yakından incele · relief,True,False,3.32243,6.07238,-13.99552,6.12362,0.38831,4.20323
5992,636.04502,0.03217,Yakından incele · relief,True,False,3.34688,5.91822,-14.32402,5.95860,0.36370,3.93683
5993,636.07933,0.03431,Yakından incele · relief,True,False,3.37337,5.75115,-14.68005,5.77975,0.39417,4.26682
5994,636.11273,0.03340,Yakından incele · relief,True,False,3.40000,5.58323,-15.03790,5.59998,0.39618,4.28841
5995,636.14573,0.03300,Yakından incele · relief,True,False,3.42652,5.41605,-15.39416,5.42102,0.39443,4.26957
5996,636.17943,0.03371,Yakından incele · relief,True,False,3.45333,5.24701,-15.75438,5.24006,0.39881,4.31698
5997,636.21334,0.03390,Yakından incele · relief,True,False,3.48064,5.07476,-16.12146,5.05566,0.40640,4.39925
5998,636.24605,0.03271,Yakından incele · relief,True,False,3.50782,4.90342,-16.48658,4.87224,0.40424,4.37588
5999,636.27956,0.03351,Yakından incele · relief,True,False,3.53408,4.73780,-16.83951,4.69495,0.39074,4.22978
6000,636.31315,0.03360,Yakından incele · relief,True,False,3.56193,4.56218,-17.21375,4.50695,0.41434,4.48508
6001,636.34553,0.03238,Yakından incele · relief,True,False,3.58779,4.39917,-17.56114,4.33244,0.38460,4.16337
6002,636.37944,0.03391,Yakından incele · relief,True,False,3.61448,4.23085,-17.91983,4.15225,0.39712,4.29881
6003,636.41384,0.03440,Yakından incele · relief,True,False,3.64133,4.06154,-18.28063,3.97100,0.39945,4.32386
6004,636.44613,0.03229,Yakından incele · relief,True,False,3.66739,3.89722,-18.63080,3.79510,0.38768,4.19633
6005,636.47884,0.03271,Yakından incele · relief,True,False,3.69155,3.74494,-18.95532,3.63207,0.35929,3.88901
6006,636.51341,0.03457,Yakından incele · relief,True,False,3.71725,3.58285,-19.30074,3.45855,0.38242,4.13942
6007,636.54663,0.03322,Yakından incele · relief,True,False,3.74175,3.42839,-19.62989,3.29320,0.36442,3.94458
6008,636.57912,0.03250,Yakından incele · relief,True,False,3.76495,3.28206,-19.94171,3.13656,0.34522,3.73667
6009,636.61209,0.03297,Yakından incele · relief,True,False,3.78783,3.13784,-20.24904,2.98218,0.34026,3.68286
6010,636.64628,0.03419,Yakından incele · relief,True,False,3.80989,2.99871,-20.54553,2.83324,0.32825,3.55282
6011,636.68017,0.03389,Yakından incele · relief,True,False,3.83175,2.86087,-20.83928,2.68567,0.32523,3.52028
6012,636.71301,0.03284,Yakından incele · relief,True,False,3.85198,2.73331,-21.11111,2.54911,0.30095,3.25766
6013,636.74595,0.03294,Yakından incele · relief,True,False,3.87113,2.61260,-21.36834,2.41990,0.28478,3.08233
6014,636.77957,0.03362,Yakından incele · relief,True,False,3.88939,2.49745,-21.61373,2.29663,0.27168,2.94067
6015,636.81376,0.03418,Yakından incele · relief,True,False,3.90671,2.38822,-21.84650,2.17969,0.25771,2.78959
6016,636.84687,0.03311,Yakından incele · relief,True,False,3.92293,2.28595,-22.06444,2.07021,0.24129,2.61193
6017,636.87915,0.03228,Yakından incele · relief,True,False,3.93712,2.19651,-22.25504,1.97447,0.21101,2.28385
6018,636.91189,0.03275,Yakından incele · relief,True,False,3.95043,2.11254,-22.43398,1.88458,0.19811,2.14420
6019,636.94626,0.03437,Yakından incele · relief,True,False,3.96210,2.03900,-22.59069,1.80585,0.17350,1.87799
6020,636.98097,0.03471,Yakından incele · relief,True,False,3.97311,1.96958,-22.73863,1.73154,0.16378,1.77294
6021,637.01271,0.03174,Yakından incele · relief,True,False,3.98159,1.91611,-22.85258,1.67429,0.12616,1.36485
6022,637.04588,0.03317,Yakından incele · relief,True,False,3.98868,1.87137,-22.94790,1.62641,0.10554,1.14191
6023,637.07987,0.03399,Yakından incele · relief,True,False,3.99422,1.83646,-23.02232,1.58903,0.08239,0.89087
6024,637.11345,0.03357,Yakından incele · relief,True,False,3.99795,1.81292,-23.07248,1.56383,0.05554,0.60003
6025,637.14853,0.03509,Yakından incele · relief,True,False,3.99982,1.80117,-23.09752,1.55125,0.02772,0.29608
6026,637.18101,0.03248,Yakından incele · relief,False,False,4.00000,1.80000,-23.10000,1.55000,0.00275,0.00000
6027,637.21633,0.03532,Yakından incele · relief,False,False,4.00000,1.80000,-23.10000,1.55000,0.00000,0.00000
6028,637.24649,0.03016,Yakından incele · relief,False,False,4.00000,1.80000,-23.10000,1.55000,0.00000,0.00000
6029,637.28003,0.03355,Yakından incele · relief,False,False,4.00000,1.80000,-23.10000,1.55000,0.00000,0.00000
6030,637.31458,0.03455,Yakından incele · relief,False,False,4.00000,1.80000,-23.10000,1.55000,0.00000,0.00000
6031,637.34745,0.03286,Yakından incele · relief,False,False,4.00000,1.80000,-23.10000,1.55000,0.00000,0.00000
6032,637.38012,0.03268,Yakından incele · relief,False,False,4.00000,1.80000,-23.10000,1.55000,0.00000,0.00000
6033,637.41379,0.03366,Yakından incele · relief,False,False,4.00000,1.80000,-23.10000,1.55000,0.00000,0.00000
6034,637.44661,0.03282,Yakından incele · relief,False,False,4.00000,1.80000,-23.10000,1.55000,0.00000,0.00000
6035,637.48014,0.03354,Yakından incele · relief,False,False,4.00000,1.80000,-23.10000,1.55000,0.00000,0.00000
6036,637.51349,0.03335,Yakından incele · relief,False,False,4.00000,1.80000,-23.10000,1.55000,0.00000,0.00000
6037,637.54630,0.03281,Yakından incele · relief,False,False,4.00000,1.80000,-23.10000,1.55000,0.00000,0.00000
6038,637.57976,0.03346,Yakından incele · relief,False,False,4.00000,1.80000,-23.10000,1.55000,0.00000,0.00000
6039,637.61336,0.03360,Yakından incele · relief,False,False,4.00000,1.80000,-23.10000,1.55000,0.00000,0.00000
6040,637.64584,0.03248,Yakından incele · relief,False,False,4.00000,1.80000,-23.10000,1.55000,0.00000,0.00000
6041,637.68070,0.03486,Yakından incele · relief,False,False,4.00000,1.80000,-23.10000,1.55000,0.00000,0.00000
6042,637.71508,0.03438,Yakından incele · relief,False,False,4.00000,1.80000,-23.10000,1.55000,0.00000,0.00000
6043,637.74716,0.03207,Yakından incele · relief,False,False,4.00000,1.80000,-23.10000,1.55000,0.00000,0.00000
6044,637.77942,0.03226,Yakından incele · relief,False,False,4.00000,1.80000,-23.10000,1.55000,0.00000,0.00000
6045,637.81330,0.03388,Yakından incele · relief,False,False,4.00000,1.80000,-23.10000,1.55000,0.00000,0.00000
6046,637.84722,0.03392,Yakından incele · relief,False,False,4.00000,1.80000,-23.10000,1.55000,0.00000,0.00000
6047,637.89717,0.04995,Yakından incele · relief,False,False,4.00000,1.80000,-23.10000,1.55000,0.00000,0.00000
6048,637.91246,0.01530,Yakından incele · relief,False,False,4.00000,1.80000,-23.10000,1.55000,0.00000,0.00000
6049,637.94635,0.03389,Yakından incele · relief,False,False,4.00000,1.80000,-23.10000,1.55000,0.00000,0.00000
6050,637.98054,0.03419,Yakından incele · relief,False,False,4.00000,1.80000,-23.10000,1.55000,0.00000,0.00000
6051,638.01459,0.03405,Yakından incele · relief,False,False,4.00000,1.80000,-23.10000,1.55000,0.00000,0.00000
6052,638.04721,0.03262,Yakından incele · relief,False,False,4.00000,1.80000,-23.10000,1.55000,0.00000,0.00000
6053,638.07970,0.03249,Yakından incele · relief,False,False,4.00000,1.80000,-23.10000,1.55000,0.00000,0.00000
6054,638.11301,0.03331,Yakından incele · relief,False,False,4.00000,1.80000,-23.10000,1.55000,0.00000,0.00000
6055,638.14530,0.03229,Yakından incele · relief,False,False,4.00000,1.80000,-23.10000,1.55000,0.00000,0.00000
6056,638.17962,0.03431,Yakından incele · relief,False,False,4.00000,1.80000,-23.10000,1.55000,0.00000,0.00000
6057,638.21350,0.03388,Yakından incele · relief,False,False,4.00000,1.80000,-23.10000,1.55000,0.00000,0.00000
6058,638.24631,0.03282,Yakından incele · relief,False,False,4.00000,1.80000,-23.10000,1.55000,0.00000,0.00000
6059,638.27959,0.03327,Yakından incele · relief,False,False,4.00000,1.80000,-23.10000,1.55000,0.00000,0.00000
6060,638.31198,0.03239,Yakından incele · relief,False,False,4.00000,1.80000,-23.10000,1.55000,0.00000,0.00000
6061,638.34585,0.03387,Yakından incele · relief,False,False,4.00000,1.80000,-23.10000,1.55000,0.00000,0.00000
6062,638.38850,0.04265,Yakından incele · relief,False,False,4.00000,1.80000,-23.10000,1.55000,0.00000,0.00000
6063,638.42257,0.03406,Yakından incele · relief,False,False,4.00000,1.80000,-23.10000,1.55000,0.00000,0.00000
6064,638.45623,0.03366,Yakından incele · relief,False,False,4.00000,1.80000,-23.10000,1.55000,0.00000,0.00000
6065,638.48923,0.03300,Yakından incele · relief,False,False,4.00000,1.80000,-23.10000,1.55000,0.00000,0.00000
6066,638.52219,0.03296,Yakından incele · relief,False,False,4.00000,1.80000,-23.10000,1.55000,0.00000,0.00000
6067,638.58760,0.06542,Yakından incele · broadcast,True,False,4.00334,1.80453,-23.09406,1.54276,0.00819,0.41307
6068,638.59702,0.00941,Yakından incele · broadcast,True,False,4.00440,1.80597,-23.09217,1.54047,0.00260,0.00000
6069,638.62141,0.02439,Yakından incele · broadcast,True,False,4.00757,1.81027,-23.08653,1.53359,0.00777,0.38967
6070,638.65638,0.03497,Yakından incele · broadcast,True,False,4.01326,1.81798,-23.07641,1.52128,0.01393,0.70109
6071,638.69025,0.03387,Yakından incele · broadcast,True,False,4.02055,1.82787,-23.06343,1.50548,0.01787,0.90222
6072,638.72228,0.03203,Yakından incele · broadcast,True,False,4.02859,1.83878,-23.04912,1.48805,0.01971,0.99464
6073,638.75494,0.03265,Yakından incele · broadcast,True,False,4.03781,1.85127,-23.03272,1.46808,0.02258,1.13985
6074,638.78865,0.03372,Yakından incele · broadcast,True,False,4.04811,1.86524,-23.01439,1.44576,0.02525,1.27409
6075,638.82128,0.03263,Yakından incele · broadcast,True,False,4.05954,1.88074,-22.99405,1.42100,0.02800,1.41331
6076,638.85355,0.03226,Yakından incele · broadcast,True,False,4.07112,1.89644,-22.97345,1.39591,0.02838,1.43256
6077,638.88753,0.03398,Yakından incele · broadcast,True,False,4.08384,1.91370,-22.95081,1.36834,0.03118,1.57417
6078,638.92120,0.03367,Yakından incele · broadcast,True,False,4.09727,1.93191,-22.92691,1.33924,0.03292,1.66220
6079,638.95379,0.03259,Yakından incele · broadcast,True,False,4.11088,1.95036,-22.90269,1.30976,0.03335,1.68372
6080,638.98731,0.03352,Yakından incele · broadcast,True,False,4.12462,1.96900,-22.87824,1.27999,0.03367,1.69992
6081,639.02162,0.03432,Yakından incele · broadcast,True,False,4.13912,1.98866,-22.85244,1.24857,0.03554,1.79444
6082,639.05531,0.03368,Yakından incele · broadcast,True,False,4.15358,2.00826,-22.82671,1.21725,0.03543,1.78920
6083,639.08835,0.03305,Yakından incele · broadcast,True,False,4.16775,2.02748,-22.80150,1.18655,0.03472,1.75341
6084,639.12135,0.03300,Yakından incele · broadcast,True,False,4.18179,2.04651,-22.77652,1.15613,0.03440,1.73681
6085,639.15428,0.03293,Yakından incele · broadcast,True,False,4.19562,2.06527,-22.75191,1.12617,0.03389,1.71139
6086,639.18743,0.03315,Yakından incele · broadcast,True,False,4.20890,2.08328,-22.72828,1.09739,0.03255,1.64326
6087,639.22131,0.03388,Yakından incele · broadcast,True,False,4.22203,2.10108,-22.70491,1.06894,0.03218,1.62458
6088,639.25458,0.03327,Yakından incele · broadcast,True,False,4.23447,2.11796,-22.68277,1.04198,0.03050,1.53948
6089,639.28826,0.03368,Yakından incele · broadcast,True,False,4.24615,2.13380,-22.66198,1.01667,0.02863,1.44507
6090,639.32137,0.03310,Yakından incele · broadcast,True,False,4.25703,2.14855,-22.64263,0.99311,0.02665,1.34521
6091,639.35463,0.03327,Yakından incele · broadcast,True,False,4.26677,2.16175,-22.62530,0.97201,0.02386,1.20397
6092,639.38774,0.03310,Yakından incele · broadcast,True,False,4.27574,2.17392,-22.60933,0.95257,0.02199,1.10923
6093,639.42094,0.03321,Yakından incele · broadcast,True,False,4.28316,2.18398,-22.59613,0.93649,0.01818,0.91770
6094,639.45488,0.03394,Yakından incele · broadcast,True,False,4.28969,2.19283,-22.58451,0.92235,0.01600,0.80697
6095,639.48801,0.03313,Yakından incele · broadcast,True,False,4.29459,2.19948,-22.57579,0.91173,0.01201,0.60522
6096,639.52282,0.03481,Yakından incele · broadcast,True,False,4.29799,2.20409,-22.56974,0.90436,0.00833,0.42244
6097,639.55599,0.03317,Yakından incele · broadcast,True,False,4.29981,2.20657,-22.56650,0.90041,0.00447,0.22728
6098,639.58773,0.03174,Yakından incele · broadcast,False,False,4.30000,2.20682,-22.56616,0.90000,0.00046,0.00000
6099,639.63138,0.04365,Yakından incele · broadcast,False,False,4.30000,2.20682,-22.56616,0.90000,0.00000,0.00000
6100,639.65741,0.02604,Yakından incele · broadcast,False,False,4.30000,2.20682,-22.56616,0.90000,0.00000,0.00000
6101,639.69259,0.03518,Yakından incele · broadcast,False,False,4.30000,2.20682,-22.56616,0.90000,0.00000,0.00000
6102,639.72695,0.03435,Yakından incele · broadcast,False,False,4.30000,2.20682,-22.56616,0.90000,0.00000,0.00000
6103,639.75640,0.02945,Yakından incele · broadcast,False,False,4.30000,2.20682,-22.56616,0.90000,0.00000,0.00000
6104,639.79197,0.03558,Yakından incele · broadcast,False,False,4.30000,2.20682,-22.56616,0.90000,0.00000,0.00000
6105,639.82425,0.03228,Yakından incele · broadcast,False,False,4.30000,2.20682,-22.56616,0.90000,0.00000,0.00000
6106,639.85565,0.03140,Yakından incele · broadcast,False,False,4.30000,2.20682,-22.56616,0.90000,0.00000,0.00000
6107,639.89423,0.03858,Yakından incele · broadcast,False,False,4.30000,2.20682,-22.56616,0.90000,0.00000,0.00000
6108,639.92800,0.03377,Yakından incele · broadcast,False,False,4.30000,2.20682,-22.56616,0.90000,0.00000,0.00000
6109,639.95913,0.03113,Yakından incele · broadcast,False,False,4.30000,2.20682,-22.56616,0.90000,0.00000,0.00000
6110,639.99425,0.03512,Yakından incele · broadcast,False,False,4.30000,2.20682,-22.56616,0.90000,0.00000,0.00000
6111,640.02954,0.03529,Yakından incele · broadcast,False,False,4.30000,2.20682,-22.56616,0.90000,0.00000,0.00000
6112,640.05957,0.03002,Yakından incele · broadcast,False,False,4.30000,2.20682,-22.56616,0.90000,0.00000,0.00000
6113,640.08769,0.02812,Yakından incele · broadcast,False,False,4.30000,2.20682,-22.56616,0.90000,0.00000,0.00000
6114,640.12017,0.03248,Yakından incele · broadcast,False,False,4.30000,2.20682,-22.56616,0.90000,0.00000,0.00000
6115,640.15430,0.03413,Yakından incele · broadcast,False,False,4.30000,2.20682,-22.56616,0.90000,0.00000,0.00000
6116,640.18816,0.03386,Yakından incele · broadcast,False,False,4.30000,2.20682,-22.56616,0.90000,0.00000,0.00000
6117,640.22066,0.03250,Yakından incele · broadcast,False,False,4.30000,2.20682,-22.56616,0.90000,0.00000,0.00000
6118,640.25452,0.03386,Yakından incele · broadcast,False,False,4.30000,2.20682,-22.56616,0.90000,0.00000,0.00000
6119,640.28826,0.03374,Yakından incele · broadcast,False,False,4.30000,2.20682,-22.56616,0.90000,0.00000,0.00000
6120,640.32063,0.03237,Yakından incele · broadcast,False,False,4.30000,2.20682,-22.56616,0.90000,0.00000,0.00000
6121,640.35437,0.03374,Yakından incele · broadcast,False,False,4.30000,2.20682,-22.56616,0.90000,0.00000,0.00000
6122,640.38785,0.03348,Yakından incele · broadcast,False,False,4.30000,2.20682,-22.56616,0.90000,0.00000,0.00000
6123,640.42081,0.03296,Yakından incele · broadcast,False,False,4.30000,2.20682,-22.56616,0.90000,0.00000,0.00000
6124,640.45346,0.03266,Yakından incele · broadcast,False,False,4.30000,2.20682,-22.56616,0.90000,0.00000,0.00000
6125,640.48706,0.03359,Yakından incele · broadcast,False,False,4.30000,2.20682,-22.56616,0.90000,0.00000,0.00000
6126,640.52065,0.03360,Yakından incele · broadcast,False,False,4.30000,2.20682,-22.56616,0.90000,0.00000,0.00000
6127,640.55383,0.03318,Yakından incele · broadcast,False,False,4.30000,2.20682,-22.56616,0.90000,0.00000,0.00000
6128,640.58722,0.03339,Yakından incele · broadcast,False,False,4.30000,2.20682,-22.56616,0.90000,0.00000,0.00000
6129,640.62019,0.03296,Yakından incele · broadcast,False,False,4.30000,2.20682,-22.56616,0.90000,0.00000,0.00000
6130,640.65322,0.03304,Yakından incele · broadcast,False,False,4.30000,2.20682,-22.56616,0.90000,0.00000,0.00000
6131,640.68644,0.03321,Yakından incele · broadcast,False,False,4.30000,2.20682,-22.56616,0.90000,0.00000,0.00000
6132,640.72078,0.03434,Yakından incele · broadcast,False,False,4.30000,2.20682,-22.56616,0.90000,0.00000,0.00000
6133,640.75483,0.03405,Yakından incele · broadcast,False,False,4.30000,2.20682,-22.56616,0.90000,0.00000,0.00000
6134,640.78980,0.03497,Yakından incele · broadcast,False,False,4.30000,2.20682,-22.56616,0.90000,0.00000,0.00000
6135,640.82338,0.03358,Yakından incele · broadcast,False,False,4.30000,2.20682,-22.56616,0.90000,0.00000,0.00000
6136,640.85636,0.03298,Yakından incele · broadcast,False,False,4.30000,2.20682,-22.56616,0.90000,0.00000,0.00000
6137,640.89009,0.03374,Yakından incele · broadcast,False,False,4.30000,2.20682,-22.56616,0.90000,0.00000,0.00000
6138,640.92258,0.03248,Yakından incele · broadcast,False,False,4.30000,2.20682,-22.56616,0.90000,0.00000,0.00000
6139,640.95673,0.03415,Yakından incele · broadcast,False,False,4.30000,2.20682,-22.56616,0.90000,0.00000,0.00000
6140,640.98898,0.03225,Yakından incele · broadcast,False,False,4.30000,2.20682,-22.56616,0.90000,0.00000,0.00000
6141,641.02108,0.03211,Yakından incele · broadcast,False,False,4.30000,2.20682,-22.56616,0.90000,0.00000,0.00000
6142,641.05615,0.03506,Yakından incele · broadcast,False,False,4.30000,2.20682,-22.56616,0.90000,0.00000,0.00000
6143,641.09204,0.03590,Yakından incele · broadcast,False,False,4.30000,2.20682,-22.56616,0.90000,0.00000,0.00000
6144,641.12669,0.03464,Yakından incele · broadcast,False,False,4.30000,2.20682,-22.56616,0.90000,0.00000,0.00000
6145,641.15698,0.03029,Yakından incele · broadcast,False,False,4.30000,2.20682,-22.56616,0.90000,0.00000,0.00000
6146,641.18661,0.02963,Yakından incele · broadcast,False,False,4.30000,2.20682,-22.56616,0.90000,0.00000,0.00000
6147,641.22006,0.03346,Yakından incele · broadcast,False,False,4.30000,2.20682,-22.56616,0.90000,0.00000,0.00000
6148,641.25385,0.03378,Yakından incele · broadcast,False,False,4.30000,2.20682,-22.56616,0.90000,0.00000,0.00000
6149,641.28732,0.03347,Yakından incele · broadcast,False,False,4.30000,2.20682,-22.56616,0.90000,0.00000,0.00000
6150,641.32102,0.03371,Yakından incele · broadcast,False,False,4.30000,2.20682,-22.56616,0.90000,0.00000,0.00000
6151,641.35433,0.03331,Yakından incele · broadcast,False,False,4.30000,2.20682,-22.56616,0.90000,0.00000,0.00000
6152,641.38743,0.03310,Yakından incele · broadcast,False,False,4.30000,2.20682,-22.56616,0.90000,0.00000,0.00000
6153,641.42070,0.03327,Yakından incele · broadcast,False,False,4.30000,2.20682,-22.56616,0.90000,0.00000,0.00000
6154,641.45376,0.03306,Yakından incele · broadcast,False,False,4.30000,2.20682,-22.56616,0.90000,0.00000,0.00000
6155,641.48744,0.03368,Yakından incele · broadcast,False,False,4.30000,2.20682,-22.56616,0.90000,0.00000,0.00000
6156,641.52183,0.03439,Yakından incele · broadcast,False,False,4.30000,2.20682,-22.56616,0.90000,0.00000,0.00000
6157,641.55448,0.03265,Yakından incele · broadcast,False,False,4.30000,2.20682,-22.56616,0.90000,0.00000,0.00000
6158,641.58670,0.03222,Yakından incele · broadcast,False,False,4.30000,2.20682,-22.56616,0.90000,0.00000,0.00000
6159,641.62153,0.03483,Yakından incele · broadcast,False,False,4.30000,2.20682,-22.56616,0.90000,0.00000,0.00000
6160,641.65549,0.03396,Yakından incele · broadcast,False,False,4.30000,2.20682,-22.56616,0.90000,0.00000,0.00000
6161,641.69680,0.04131,Yakından incele · broadcast,False,False,4.30000,2.20682,-22.56616,0.90000,0.00000,0.00000
6162,641.72980,0.03301,Yakından incele · broadcast,False,False,4.30000,2.20682,-22.56616,0.90000,0.00000,0.00000
6163,641.76308,0.03328,Yakından incele · broadcast,False,False,4.30000,2.20682,-22.56616,0.90000,0.00000,0.00000
6164,641.81308,0.05000,Yakından incele · family,True,False,4.30477,2.20895,-22.57342,0.90160,0.00895,0.00000
6165,641.84721,0.03413,Yakından incele · family,True,False,4.33043,2.22042,-22.61252,0.91020,0.04815,0.00000
6166,641.86363,0.01643,Yakından incele · family,True,False,4.34318,2.22613,-22.63195,0.91448,0.02394,0.00000
6167,641.89603,0.03240,Yakından incele · family,True,False,4.37514,2.24041,-22.68065,0.92519,0.05997,0.00000
6168,641.92889,0.03285,Yakından incele · family,True,False,4.41329,2.25747,-22.73877,0.93798,0.07158,0.00000
6169,641.96234,0.03346,Yakından incele · family,True,False,4.46078,2.27870,-22.81113,0.95391,0.08912,0.00000
6170,641.99599,0.03364,Yakından incele · family,True,False,4.51238,2.30177,-22.88975,0.97121,0.09683,0.00000
6171,642.02964,0.03366,Yakından incele · family,True,False,4.57342,2.32906,-22.98276,0.99168,0.11455,0.00000
6172,642.06249,0.03284,Yakından incele · family,True,False,4.63461,2.35641,-23.07600,1.01219,0.11483,0.00000
6173,642.09645,0.03396,Yakından incele · family,True,False,4.70478,2.38778,-23.18290,1.03572,0.13166,0.00000
6174,642.12982,0.03337,Yakından incele · family,True,False,4.77596,2.41960,-23.29136,1.05959,0.13359,0.00000
6175,642.16271,0.03289,Yakından incele · family,True,False,4.85141,2.45333,-23.40632,1.08489,0.14158,0.00000
6176,642.19552,0.03282,Yakından incele · family,True,False,4.92740,2.48730,-23.52210,1.11036,0.14259,0.00000
6177,642.22924,0.03372,Yakından incele · family,True,False,5.00688,2.52283,-23.64320,1.13701,0.14915,0.00000
6178,642.26298,0.03374,Yakından incele · family,True,False,5.08786,2.55903,-23.76659,1.16416,0.15196,0.00000
6179,642.29613,0.03315,Yakından incele · family,True,False,5.16995,2.59573,-23.89167,1.19169,0.15405,0.00000
6180,642.32936,0.03323,Yakından incele · family,True,False,5.24825,2.63074,-24.01097,1.21794,0.14694,0.00000
6181,642.36374,0.03437,Yakından incele · family,True,False,5.33061,2.66756,-24.13646,1.24556,0.15454,0.00000
6182,642.39724,0.03351,Yakından incele · family,True,False,5.40895,2.70258,-24.25582,1.27182,0.14700,0.00000
6183,642.42991,0.03267,Yakından incele · family,True,False,5.48617,2.73710,-24.37348,1.29772,0.14491,0.00000
6184,642.46302,0.03311,Yakından incele · family,True,False,5.55706,2.76879,-24.48149,1.32149,0.13303,0.00000
6185,642.49669,0.03367,Yakından incele · family,True,False,5.62951,2.80118,-24.59188,1.34578,0.13596,0.00000
6186,642.52914,0.03245,Yakından incele · family,True,False,5.69429,2.83014,-24.69058,1.36750,0.12156,0.00000
6187,642.56299,0.03385,Yakından incele · family,True,False,5.75531,2.85742,-24.78356,1.38796,0.11450,0.00000
6188,642.59797,0.03499,Yakından incele · family,True,False,5.81269,2.88307,-24.87097,1.40719,0.10766,0.00000
6189,642.63134,0.03336,Yakından incele · family,True,False,5.86379,2.90592,-24.94884,1.42433,0.09591,0.00000
6190,642.66402,0.03268,Yakından incele · family,True,False,5.90585,2.92472,-25.01292,1.43843,0.07891,0.00000
6191,642.69686,0.03284,Yakından incele · family,True,False,5.94178,2.94078,-25.06767,1.45048,0.06744,0.00000
6192,642.72989,0.03303,Yakından incele · family,True,False,5.96924,2.95306,-25.10951,1.45969,0.05152,0.00000
6193,642.76332,0.03343,Yakından incele · family,True,False,5.98873,2.96177,-25.13921,1.46622,0.03658,0.00000
6194,642.79778,0.03447,Yakından incele · family,True,False,5.99865,2.96620,-25.15432,1.46955,0.01860,0.00000
6195,642.83125,0.03347,Yakından incele · family,False,False,6.00000,2.96681,-25.15638,1.47000,0.00254,0.00000
6196,642.87104,0.03978,Yakından incele · familyEfe,True,False,6.00836,2.95842,-25.14743,1.46859,0.01484,0.46309
6197,642.89587,0.02483,Yakından incele · familyEfe,True,False,6.02158,2.94516,-25.13329,1.46635,0.02346,0.73488
6198,642.92946,0.03359,Yakından incele · familyEfe,True,False,6.04803,2.91861,-25.10499,1.46187,0.04697,1.47243
6199,642.96378,0.03432,Yakından incele · familyEfe,True,False,6.08495,2.88156,-25.06549,1.45562,0.06554,2.05511
6200,642.99661,0.03283,Yakından incele · familyEfe,True,False,6.13071,2.83565,-25.01653,1.44788,0.08124,2.54729
6201,643.03019,0.03358,Yakından incele · familyEfe,True,False,6.18230,2.78388,-24.96133,1.43915,0.09159,2.87172
6202,643.06428,0.03409,Yakından incele · familyEfe,True,False,6.24521,2.72074,-24.89402,1.42850,0.11170,3.50267
6203,643.09764,0.03336,Yakından incele · familyEfe,True,False,6.31213,2.65359,-24.82241,1.41718,0.11881,3.72597
6204,643.13062,0.03298,Yakından incele · familyEfe,True,False,6.38479,2.58068,-24.74468,1.40488,0.12898,4.04491
6205,643.16376,0.03314,Yakından incele · familyEfe,True,False,6.46271,2.50249,-24.66131,1.39170,0.13833,4.33814
6206,643.20314,0.03938,Yakından incele · familyEfe,True,False,6.54483,2.42008,-24.57345,1.37780,0.14579,4.57204
6207,643.23745,0.03432,Yakından incele · familyEfe,True,False,6.64659,2.31796,-24.46457,1.36058,0.18066,5.66579
6208,643.26451,0.02706,Yakından incele · familyEfe,True,False,6.72209,2.24220,-24.38379,1.34780,0.13402,4.20323
6209,643.29732,0.03281,Yakından incele · familyEfe,True,False,6.80992,2.15406,-24.28981,1.33294,0.15594,4.89025
6210,643.33087,0.03356,Yakından incele · familyEfe,True,False,6.90413,2.05952,-24.18901,1.31699,0.16725,5.24498
6211,643.36388,0.03301,Yakından incele · familyEfe,True,False,6.99628,1.96705,-24.09042,1.30140,0.16359,5.13028
6212,643.39679,0.03291,Yakından incele · familyEfe,True,False,7.08782,1.87519,-23.99248,1.28591,0.16251,5.09659
6213,643.43031,0.03352,Yakından incele · familyEfe,True,False,7.17945,1.78324,-23.89444,1.27040,0.16267,5.10120
6214,643.46363,0.03332,Yakından incele · familyEfe,True,False,7.27065,1.69173,-23.79687,1.25497,0.16191,5.07735
6215,643.49815,0.03452,Yakından incele · familyEfe,True,False,7.35634,1.60573,-23.70518,1.24047,0.15214,4.77097
6216,643.53224,0.03409,Yakından incele · familyEfe,True,False,7.44629,1.51546,-23.60893,1.22524,0.15969,5.00779
6217,643.56860,0.03637,Yakından incele · familyEfe,True,False,7.52465,1.43683,-23.52509,1.21198,0.13911,4.36244
6218,643.60073,0.03212,Yakından incele · familyEfe,True,False,7.60704,1.35416,-23.43694,1.19804,0.14627,4.58708
6219,643.62944,0.02871,Yakından incele · familyEfe,True,False,7.66849,1.29249,-23.37120,1.18764,0.10909,3.42104
6220,643.66242,0.03298,Yakından incele · familyEfe,True,False,7.73198,1.22879,-23.30327,1.17690,0.11271,3.53449
6221,643.69631,0.03389,Yakından incele · familyEfe,True,False,7.79044,1.17011,-23.24072,1.16700,0.10380,3.25501
6222,643.72974,0.03343,Yakından incele · familyEfe,True,False,7.84018,1.12020,-23.18750,1.15859,0.08830,2.76875
6223,643.76273,0.03299,Yakından incele · familyEfe,True,False,7.88165,1.07859,-23.14314,1.15157,0.07362,2.30839
6224,643.79562,0.03289,Yakından incele · familyEfe,True,False,7.91379,1.04634,-23.10875,1.14613,0.05706,1.78876
6225,643.82943,0.03382,Yakından incele · familyEfe,True,False,7.93640,1.02365,-23.08455,1.14230,0.04015,1.25864
6226,643.86406,0.03463,Yakından incele · familyEfe,True,False,7.94829,1.01172,-23.07183,1.14029,0.02110,0.66204
6227,643.89735,0.03328,Yakından incele · familyEfe,False,False,7.95000,1.01000,-23.07000,1.14000,0.00304,0.00000
6228,643.93002,0.03268,Yakından incele · familyEfe,False,False,7.95000,1.01000,-23.07000,1.14000,0.00000,0.00000
6229,643.96316,0.03313,Yakından incele · familyEfe,False,False,7.95000,1.01000,-23.07000,1.14000,0.00000,0.00000
6230,643.99622,0.03306,Yakından incele · familyEfe,False,False,7.95000,1.01000,-23.07000,1.14000,0.00000,0.00000
6231,644.03107,0.03485,Yakından incele · familyEfe,False,False,7.95000,1.01000,-23.07000,1.14000,0.00000,0.00000
6232,644.06449,0.03343,Yakından incele · familyEfe,False,False,7.95000,1.01000,-23.07000,1.14000,0.00000,0.00000
6233,644.09736,0.03287,Yakından incele · familyEfe,False,False,7.95000,1.01000,-23.07000,1.14000,0.00000,0.00000
6234,644.13041,0.03305,Yakından incele · familyEfe,False,False,7.95000,1.01000,-23.07000,1.14000,0.00000,0.00000
6235,644.16452,0.03411,Yakından incele · familyEfe,False,False,7.95000,1.01000,-23.07000,1.14000,0.00000,0.00000
6236,644.19727,0.03274,Yakından incele · familyEfe,False,False,7.95000,1.01000,-23.07000,1.14000,0.00000,0.00000
6237,644.22975,0.03249,Yakından incele · familyEfe,False,False,7.95000,1.01000,-23.07000,1.14000,0.00000,0.00000
6238,644.26323,0.03348,Yakından incele · familyEfe,False,False,7.95000,1.01000,-23.07000,1.14000,0.00000,0.00000
6239,644.29627,0.03303,Yakından incele · familyEfe,False,False,7.95000,1.01000,-23.07000,1.14000,0.00000,0.00000
6240,644.33047,0.03421,Yakından incele · familyEfe,False,False,7.95000,1.01000,-23.07000,1.14000,0.00000,0.00000
6241,644.36395,0.03348,Yakından incele · familyEfe,False,False,7.95000,1.01000,-23.07000,1.14000,0.00000,0.00000
6242,644.39713,0.03318,Yakından incele · familyEfe,False,False,7.95000,1.01000,-23.07000,1.14000,0.00000,0.00000
6243,644.42939,0.03226,Yakından incele · familyEfe,False,False,7.95000,1.01000,-23.07000,1.14000,0.00000,0.00000
6244,644.46272,0.03333,Yakından incele · familyEfe,False,False,7.95000,1.01000,-23.07000,1.14000,0.00000,0.00000
6245,644.49685,0.03413,Yakından incele · familyEfe,False,False,7.95000,1.01000,-23.07000,1.14000,0.00000,0.00000
6246,644.53078,0.03393,Yakından incele · familyEfe,False,False,7.95000,1.01000,-23.07000,1.14000,0.00000,0.00000
6247,644.56310,0.03232,Yakından incele · familyEfe,False,False,7.95000,1.01000,-23.07000,1.14000,0.00000,0.00000
6248,644.59607,0.03297,Yakından incele · familyEfe,False,False,7.95000,1.01000,-23.07000,1.14000,0.00000,0.00000
6249,644.63002,0.03395,Yakından incele · familyEfe,False,False,7.95000,1.01000,-23.07000,1.14000,0.00000,0.00000
6250,644.66329,0.03327,Yakından incele · familyEfe,False,False,7.95000,1.01000,-23.07000,1.14000,0.00000,0.00000
6251,644.69614,0.03285,Yakından incele · familyEfe,False,False,7.95000,1.01000,-23.07000,1.14000,0.00000,0.00000
6252,644.73033,0.03418,Yakından incele · familyEfe,False,False,7.95000,1.01000,-23.07000,1.14000,0.00000,0.00000
6253,644.76367,0.03334,Yakından incele · familyEfe,False,False,7.95000,1.01000,-23.07000,1.14000,0.00000,0.00000
6254,644.79699,0.03332,Yakından incele · familyEfe,False,False,7.95000,1.01000,-23.07000,1.14000,0.00000,0.00000
6255,644.82927,0.03228,Yakından incele · familyEfe,False,False,7.95000,1.01000,-23.07000,1.14000,0.00000,0.00000
6256,644.86478,0.03551,Yakından incele · familyEfe,False,False,7.95000,1.01000,-23.07000,1.14000,0.00000,0.00000
6257,644.89833,0.03354,Yakından incele · familyEfe,False,False,7.95000,1.01000,-23.07000,1.14000,0.00000,0.00000
6258,644.92964,0.03131,Yakından incele · familyEfe,False,False,7.95000,1.01000,-23.07000,1.14000,0.00000,0.00000
6259,644.96329,0.03365,Yakından incele · familyEfe,False,False,7.95000,1.01000,-23.07000,1.14000,0.00000,0.00000
6260,645.00553,0.04224,Yakından incele · familyEfe,False,False,7.95000,1.01000,-23.07000,1.14000,0.00000,0.00000
6261,645.03889,0.03336,Yakından incele · familyEfe,False,False,7.95000,1.01000,-23.07000,1.14000,0.00000,0.00000
6262,645.07183,0.03294,Yakından incele · familyEfe,False,False,7.95000,1.01000,-23.07000,1.14000,0.00000,0.00000
6263,645.10614,0.03432,Yakından incele · familyEfe,False,False,7.95000,1.01000,-23.07000,1.14000,0.00000,0.00000
6264,645.13876,0.03262,Yakından incele · familyEfe,False,False,7.95000,1.01000,-23.07000,1.14000,0.00000,0.00000
6265,645.17112,0.03236,Yakından incele · familyEfe,False,False,7.95000,1.01000,-23.07000,1.14000,0.00000,0.00000
6266,645.20427,0.03315,Yakından incele · familyEfe,False,False,7.95000,1.01000,-23.07000,1.14000,0.00000,0.00000
6267,645.23805,0.03377,Yakından incele · familyEfe,False,False,7.95000,1.01000,-23.07000,1.14000,0.00000,0.00000
6268,645.27267,0.03462,Yakından incele · familyEfe,False,False,7.95000,1.01000,-23.07000,1.14000,0.00000,0.00000
6269,645.30551,0.03284,Yakından incele · familyEfe,False,False,7.95000,1.01000,-23.07000,1.14000,0.00000,0.00000
6270,645.33869,0.03318,Yakından incele · familyEfe,False,False,7.95000,1.01000,-23.07000,1.14000,0.00000,0.00000
6271,645.37274,0.03405,Yakından incele · familyEfe,False,False,7.95000,1.01000,-23.07000,1.14000,0.00000,0.00000
6272,645.40622,0.03348,Yakından incele · familyEfe,False,False,7.95000,1.01000,-23.07000,1.14000,0.00000,0.00000
6273,645.43960,0.03338,Yakından incele · familyEfe,False,False,7.95000,1.01000,-23.07000,1.14000,0.00000,0.00000
6274,645.47298,0.03339,Yakından incele · familyEfe,False,False,7.95000,1.01000,-23.07000,1.14000,0.00000,0.00000
6275,645.50553,0.03255,Yakından incele · familyEfe,False,False,7.95000,1.01000,-23.07000,1.14000,0.00000,0.00000
6276,645.53819,0.03265,Yakından incele · familyEfe,False,False,7.95000,1.01000,-23.07000,1.14000,0.00000,0.00000
6277,645.57252,0.03434,Yakından incele · familyEfe,False,False,7.95000,1.01000,-23.07000,1.14000,0.00000,0.00000
6278,645.60687,0.03434,Yakından incele · familyEfe,False,False,7.95000,1.01000,-23.07000,1.14000,0.00000,0.00000
6279,645.64030,0.03344,Yakından incele · familyEfe,False,False,7.95000,1.01000,-23.07000,1.14000,0.00000,0.00000
6280,645.67282,0.03252,Yakından incele · familyEfe,False,False,7.95000,1.01000,-23.07000,1.14000,0.00000,0.00000
6281,645.70593,0.03311,Yakından incele · familyEfe,False,False,7.95000,1.01000,-23.07000,1.14000,0.00000,0.00000
6282,645.73919,0.03326,Yakından incele · familyEfe,False,False,7.95000,1.01000,-23.07000,1.14000,0.00000,0.00000
6283,645.77288,0.03369,Yakından incele · familyEfe,False,False,7.95000,1.01000,-23.07000,1.14000,0.00000,0.00000
6284,645.80647,0.03359,Yakından incele · familyEfe,False,False,7.95000,1.01000,-23.07000,1.14000,0.00000,0.00000
6285,645.83952,0.03305,Yakından incele · familyEfe,False,False,7.95000,1.01000,-23.07000,1.14000,0.00000,0.00000
6286,645.87254,0.03302,Yakından incele · familyEfe,False,False,7.95000,1.01000,-23.07000,1.14000,0.00000,0.00000
6287,645.90549,0.03295,Yakından incele · familyEfe,False,False,7.95000,1.01000,-23.07000,1.14000,0.00000,0.00000
6288,645.93942,0.03393,Yakından incele · familyEfe,False,False,7.95000,1.01000,-23.07000,1.14000,0.00000,0.00000
6289,645.97230,0.03288,Yakından incele · familyEfe,False,False,7.95000,1.01000,-23.07000,1.14000,0.00000,0.00000
6290,646.00580,0.03350,Yakından incele · familyEfe,False,False,7.95000,1.01000,-23.07000,1.14000,0.00000,0.00000
6291,646.03912,0.03332,Yakından incele · familyEfe,False,False,7.95000,1.01000,-23.07000,1.14000,0.00000,0.00000
6292,646.07202,0.03290,Yakından incele · familyEfe,False,False,7.95000,1.01000,-23.07000,1.14000,0.00000,0.00000
6293,646.10567,0.03364,Yakından incele · familyEfe,False,False,7.95000,1.01000,-23.07000,1.14000,0.00000,0.00000
6294,646.13867,0.03300,Yakından incele · familyEfe,False,False,7.95000,1.01000,-23.07000,1.14000,0.00000,0.00000
6295,646.17181,0.03314,Yakından incele · familyEfe,False,False,7.95000,1.01000,-23.07000,1.14000,0.00000,0.00000
6296,646.20615,0.03434,Yakından incele · familyEfe,False,False,7.95000,1.01000,-23.07000,1.14000,0.00000,0.00000
6297,646.23957,0.03342,Yakından incele · familyEfe,False,False,7.95000,1.01000,-23.07000,1.14000,0.00000,0.00000
6298,646.27286,0.03329,Yakından incele · familyEfe,False,False,7.95000,1.01000,-23.07000,1.14000,0.00000,0.00000
6299,646.30585,0.03299,Yakından incele · familyEfe,False,False,7.95000,1.01000,-23.07000,1.14000,0.00000,0.00000
6300,646.33813,0.03228,Yakından incele · familyEfe,False,False,7.95000,1.01000,-23.07000,1.14000,0.00000,0.00000
6301,646.37204,0.03391,Yakından incele · familyEfe,False,False,7.95000,1.01000,-23.07000,1.14000,0.00000,0.00000
6302,646.40502,0.03298,Yakından incele · familyEfe,False,False,7.95000,1.01000,-23.07000,1.14000,0.00000,0.00000
6303,646.43817,0.03315,Yakından incele · familyEfe,False,False,7.95000,1.01000,-23.07000,1.14000,0.00000,0.00000
6304,646.47237,0.03420,Yakından incele · familyEfe,False,False,7.95000,1.01000,-23.07000,1.14000,0.00000,0.00000
6305,646.50536,0.03299,Yakından incele · familyEfe,False,False,7.95000,1.01000,-23.07000,1.14000,0.00000,0.00000
6306,646.53926,0.03390,Yakından incele · familyEfe,False,False,7.95000,1.01000,-23.07000,1.14000,0.00000,0.00000
6307,646.57342,0.03416,Yakından incele · familyEfe,False,False,7.95000,1.01000,-23.07000,1.14000,0.00000,0.00000
6308,646.60649,0.03307,Yakından incele · familyEfe,False,False,7.95000,1.01000,-23.07000,1.14000,0.00000,0.00000
6309,646.64032,0.03382,Yakından incele · familyEfe,False,False,7.95000,1.01000,-23.07000,1.14000,0.00000,0.00000
6310,646.67400,0.03368,Yakından incele · familyEfe,False,False,7.95000,1.01000,-23.07000,1.14000,0.00000,0.00000
6311,646.70750,0.03351,Yakından incele · familyEfe,False,False,7.95000,1.01000,-23.07000,1.14000,0.00000,0.00000
6312,646.74193,0.03442,Yakından incele · familyEfe,False,False,7.95000,1.01000,-23.07000,1.14000,0.00000,0.00000
6313,646.77506,0.03313,Yakından incele · familyEfe,False,False,7.95000,1.01000,-23.07000,1.14000,0.00000,0.00000
6314,646.80727,0.03221,Yakından incele · familyEfe,False,False,7.95000,1.01000,-23.07000,1.14000,0.00000,0.00000
6315,646.84096,0.03368,Yakından incele · familyEfe,False,False,7.95000,1.01000,-23.07000,1.14000,0.00000,0.00000
6316,646.87411,0.03316,Yakından incele · familyEfe,False,False,7.95000,1.01000,-23.07000,1.14000,0.00000,0.00000
6317,646.90638,0.03227,Yakından incele · familyEfe,False,False,7.95000,1.01000,-23.07000,1.14000,0.00000,0.00000
6318,646.94003,0.03366,Yakından incele · familyEfe,False,False,7.95000,1.01000,-23.07000,1.14000,0.00000,0.00000
6319,646.97419,0.03415,Yakından incele · familyEfe,False,False,7.95000,1.01000,-23.07000,1.14000,0.00000,0.00000
6320,647.00821,0.03402,Yakından incele · familyEfe,False,False,7.95000,1.01000,-23.07000,1.14000,0.00000,0.00000
6321,647.04078,0.03257,Yakından incele · familyEfe,False,False,7.95000,1.01000,-23.07000,1.14000,0.00000,0.00000
6322,647.07367,0.03289,Yakından incele · familyEfe,False,False,7.95000,1.01000,-23.07000,1.14000,0.00000,0.00000
6323,647.10717,0.03350,Yakından incele · familyEfe,False,False,7.95000,1.01000,-23.07000,1.14000,0.00000,0.00000
6324,647.14064,0.03348,Yakından incele · familyEfe,False,False,7.95000,1.01000,-23.07000,1.14000,0.00000,0.00000
6325,647.17378,0.03313,Yakından incele · familyEfe,False,False,7.95000,1.01000,-23.07000,1.14000,0.00000,0.00000
6326,647.20731,0.03353,Yakından incele · familyEfe,False,False,7.95000,1.01000,-23.07000,1.14000,0.00000,0.00000
6327,647.24104,0.03374,Yakından incele · familyEfe,False,False,7.95000,1.01000,-23.07000,1.14000,0.00000,0.00000
6328,647.27440,0.03336,Yakından incele · familyEfe,False,False,7.95000,1.01000,-23.07000,1.14000,0.00000,0.00000
6329,647.30750,0.03310,Yakından incele · familyEfe,False,False,7.95000,1.01000,-23.07000,1.14000,0.00000,0.00000
6330,647.34093,0.03344,Yakından incele · familyEfe,False,False,7.95000,1.01000,-23.07000,1.14000,0.00000,0.00000
6331,647.37413,0.03320,Yakından incele · familyEfe,False,False,7.95000,1.01000,-23.07000,1.14000,0.00000,0.00000
6332,647.40764,0.03351,Yakından incele · familyEfe,False,False,7.95000,1.01000,-23.07000,1.14000,0.00000,0.00000
6333,647.44039,0.03275,Yakından incele · familyEfe,False,False,7.95000,1.01000,-23.07000,1.14000,0.00000,0.00000
6334,647.47411,0.03372,Yakından incele · familyEfe,False,False,7.95000,1.01000,-23.07000,1.14000,0.00000,0.00000
6335,647.51925,0.04514,Yakından incele · familyEfe,False,False,7.95000,1.01000,-23.07000,1.14000,0.00000,0.00000
6336,647.55069,0.03143,Yakından incele · familyEfe,False,False,7.95000,1.01000,-23.07000,1.14000,0.00000,0.00000
6337,647.57062,0.01993,Yakından incele · familyEfe,False,False,7.95000,1.01000,-23.07000,1.14000,0.00000,0.00000
6338,647.60572,0.03510,Yakından incele · familyEfe,False,False,7.95000,1.01000,-23.07000,1.14000,0.00000,0.00000
6339,647.63970,0.03398,Yakından incele · familyEfe,False,False,7.95000,1.01000,-23.07000,1.14000,0.00000,0.00000
6340,647.67227,0.03257,Yakından incele · familyEfe,False,False,7.95000,1.01000,-23.07000,1.14000,0.00000,0.00000
6341,647.70592,0.03365,Yakından incele · familyEfe,False,False,7.95000,1.01000,-23.07000,1.14000,0.00000,0.00000
6342,647.73939,0.03347,Yakından incele · familyEfe,False,False,7.95000,1.01000,-23.07000,1.14000,0.00000,0.00000
6343,647.77278,0.03339,Yakından incele · familyEfe,False,False,7.95000,1.01000,-23.07000,1.14000,0.00000,0.00000
6344,647.80633,0.03355,Yakından incele · familyEfe,False,False,7.95000,1.01000,-23.07000,1.14000,0.00000,0.00000
6345,647.84038,0.03406,Yakından incele · familyEfe,False,False,7.95000,1.01000,-23.07000,1.14000,0.00000,0.00000
6346,647.87302,0.03263,Yakından incele · familyEfe,False,False,7.95000,1.01000,-23.07000,1.14000,0.00000,0.00000
6347,647.90494,0.03192,Yakından incele · family,True,False,7.94477,1.01524,-23.07559,1.14088,0.00928,0.28531
6348,647.93896,0.03402,Yakından incele · family,True,False,7.92822,1.03186,-23.09331,1.14369,0.02939,0.92025
6349,647.97213,0.03317,Yakından incele · family,True,False,7.90140,1.05877,-23.12200,1.14823,0.04762,1.49250
6350,648.00637,0.03424,Yakından incele · family,True,False,7.86520,1.09510,-23.16074,1.15435,0.06427,2.01511
6351,648.04106,0.03469,Yakından incele · family,True,False,7.81859,1.14187,-23.21060,1.16224,0.08274,2.59449
6352,648.07438,0.03332,Yakından incele · family,True,False,7.76449,1.19616,-23.26849,1.17140,0.09605,3.01168
6353,648.10596,0.03158,Yakından incele · family,True,False,7.70453,1.25632,-23.33263,1.18154,0.10643,3.33765
6354,648.13923,0.03327,Yakından incele · family,True,False,7.63963,1.32145,-23.40207,1.19252,0.11522,3.61356
6355,648.17262,0.03339,Yakından incele · family,True,False,7.56470,1.39664,-23.48224,1.20520,0.13302,4.17182
6356,648.20592,0.03329,Yakından incele · family,True,False,7.48838,1.47323,-23.56390,1.21812,0.13549,4.24917
6357,648.23944,0.03352,Yakından incele · family,True,False,7.40456,1.55735,-23.65359,1.23231,0.14882,4.66694
6358,648.27268,0.03324,Yakından incele · family,True,False,7.31978,1.64242,-23.74430,1.24665,0.15051,4.71999
6359,648.31603,0.04335,Yakından incele · family,True,False,7.20287,1.75974,-23.86939,1.26644,0.20756,6.50936
6360,648.34940,0.03336,Yakından incele · family,True,False,7.11306,1.84986,-23.96548,1.28164,0.15943,5.00013
6361,648.38216,0.03276,Yakından incele · family,True,False,7.01873,1.94452,-24.06640,1.29760,0.16746,5.25154
6362,648.41578,0.03363,Yakından incele · family,True,False,6.92910,2.03447,-24.16230,1.31277,0.15913,4.99025
6363,648.45060,0.03481,Yakından incele · family,True,False,6.83314,2.13076,-24.26497,1.32901,0.17037,5.34289
6364,648.48403,0.03344,Yakından incele · family,True,False,6.74132,2.22290,-24.36321,1.34455,0.16300,5.11178
6365,648.51698,0.03295,Yakından incele · family,True,False,6.65198,2.31255,-24.45880,1.35967,0.15861,4.97407
6366,648.55028,0.03330,Yakından incele · family,True,False,6.56579,2.39904,-24.55102,1.37425,0.15301,4.79846
6367,648.58369,0.03341,Yakından incele · family,True,False,6.48249,2.48263,-24.64014,1.38835,0.14788,4.63766
6368,648.61557,0.03187,Yakından incele · family,True,False,6.40308,2.56232,-24.72510,1.40179,0.14098,4.42109
6369,648.64784,0.03227,Yakından incele · family,True,False,6.33184,2.63381,-24.80133,1.41384,0.12648,3.96635
6370,648.68181,0.03397,Yakından incele · family,True,False,6.26242,2.70348,-24.87561,1.42559,0.12325,3.86539
6371,648.71512,0.03331,Yakından incele · family,True,False,6.19928,2.76683,-24.94316,1.43628,0.11208,3.51494
6372,648.74775,0.03263,Yakından incele · family,True,False,6.14448,2.82182,-25.00179,1.44555,0.09729,3.05145
6373,648.78124,0.03350,Yakından incele · family,True,False,6.09752,2.86895,-25.05204,1.45350,0.08338,2.61522
6374,648.83034,0.04910,Yakından incele · family,True,False,6.05782,2.90879,-25.09452,1.46022,0.07048,2.21000
6375,648.86405,0.03371,Yakından incele · family,True,False,6.01780,2.94895,-25.13734,1.46699,0.07105,2.22799
6376,648.88119,0.01714,Yakından incele · family,True,False,6.00899,2.95778,-25.14676,1.46848,0.01562,0.48939
6377,648.91450,0.03332,Yakından incele · family,True,False,6.00040,2.96641,-25.15595,1.46993,0.01526,0.47806
6378,648.94821,0.03371,Yakından incele · family,False,False,6.00000,2.96681,-25.15638,1.47000,0.00070,0.00000
6379,648.98371,0.03551,Yakından incele · family,False,False,6.00000,2.96681,-25.15638,1.47000,0.00000,0.00000
6380,649.01393,0.03021,Yakından incele · family,False,False,6.00000,2.96681,-25.15638,1.47000,0.00000,0.00000
6381,649.04806,0.03413,Yakından incele · family,False,False,6.00000,2.96681,-25.15638,1.47000,0.00000,0.00000
6382,649.08155,0.03349,Yakından incele · family,False,False,6.00000,2.96681,-25.15638,1.47000,0.00000,0.00000
6383,649.11489,0.03334,Yakından incele · family,False,False,6.00000,2.96681,-25.15638,1.47000,0.00000,0.00000
6384,649.14938,0.03449,Yakından incele · family,False,False,6.00000,2.96681,-25.15638,1.47000,0.00000,0.00000
6385,649.18333,0.03394,Yakından incele · family,False,False,6.00000,2.96681,-25.15638,1.47000,0.00000,0.00000
6386,649.21574,0.03242,Yakından incele · family,False,False,6.00000,2.96681,-25.15638,1.47000,0.00000,0.00000
6387,649.24854,0.03279,Yakından incele · family,False,False,6.00000,2.96681,-25.15638,1.47000,0.00000,0.00000
6388,649.28143,0.03289,Yakından incele · family,False,False,6.00000,2.96681,-25.15638,1.47000,0.00000,0.00000
6389,649.31434,0.03291,Yakından incele · family,False,False,6.00000,2.96681,-25.15638,1.47000,0.00000,0.00000
6390,649.34754,0.03320,Yakından incele · family,False,False,6.00000,2.96681,-25.15638,1.47000,0.00000,0.00000
6391,649.38168,0.03414,Yakından incele · family,False,False,6.00000,2.96681,-25.15638,1.47000,0.00000,0.00000
6392,649.41496,0.03327,Yakından incele · family,False,False,6.00000,2.96681,-25.15638,1.47000,0.00000,0.00000
6393,649.44826,0.03330,Yakından incele · family,False,False,6.00000,2.96681,-25.15638,1.47000,0.00000,0.00000
6394,649.48156,0.03330,Yakından incele · family,False,False,6.00000,2.96681,-25.15638,1.47000,0.00000,0.00000
6395,649.51485,0.03329,Yakından incele · family,False,False,6.00000,2.96681,-25.15638,1.47000,0.00000,0.00000
6396,649.54859,0.03374,Yakından incele · family,False,False,6.00000,2.96681,-25.15638,1.47000,0.00000,0.00000
6397,649.58190,0.03331,Yakından incele · family,False,False,6.00000,2.96681,-25.15638,1.47000,0.00000,0.00000
6398,649.61517,0.03327,Yakından incele · family,False,False,6.00000,2.96681,-25.15638,1.47000,0.00000,0.00000
6399,649.66412,0.04895,Yakından incele · family,False,False,6.00000,2.96681,-25.15638,1.47000,0.00000,0.00000
6400,649.68141,0.01730,Yakından incele · family,False,False,6.00000,2.96681,-25.15638,1.47000,0.00000,0.00000
6401,649.71400,0.03258,Yakından incele · family,False,False,6.00000,2.96681,-25.15638,1.47000,0.00000,0.00000
6402,649.74796,0.03396,Yakından incele · family,False,False,6.00000,2.96681,-25.15638,1.47000,0.00000,0.00000
6403,649.78206,0.03410,Yakından incele · family,False,False,6.00000,2.96681,-25.15638,1.47000,0.00000,0.00000
6404,649.81528,0.03322,Yakından incele · family,False,False,6.00000,2.96681,-25.15638,1.47000,0.00000,0.00000
6405,649.84748,0.03219,Yakından incele · family,False,False,6.00000,2.96681,-25.15638,1.47000,0.00000,0.00000
6406,649.88047,0.03299,Yakından incele · family,False,False,6.00000,2.96681,-25.15638,1.47000,0.00000,0.00000
6407,649.91480,0.03433,Yakından incele · family,False,False,6.00000,2.96681,-25.15638,1.47000,0.00000,0.00000
6408,649.94832,0.03352,Yakından incele · family,False,False,6.00000,2.96681,-25.15638,1.47000,0.00000,0.00000
6409,649.98110,0.03279,Yakından incele · family,False,False,6.00000,2.96681,-25.15638,1.47000,0.00000,0.00000
6410,650.01423,0.03312,Yakından incele · family,False,False,6.00000,2.96681,-25.15638,1.47000,0.00000,0.00000
6411,650.04779,0.03356,Yakından incele · family,False,False,6.00000,2.96681,-25.15638,1.47000,0.00000,0.00000
6412,650.08128,0.03349,Yakından incele · family,False,False,6.00000,2.96681,-25.15638,1.47000,0.00000,0.00000
6413,650.11366,0.03238,Yakından incele · family,False,False,6.00000,2.96681,-25.15638,1.47000,0.00000,0.00000
6414,650.14791,0.03425,Yakından incele · family,False,False,6.00000,2.96681,-25.15638,1.47000,0.00000,0.00000
6415,650.18167,0.03376,Yakından incele · family,False,False,6.00000,2.96681,-25.15638,1.47000,0.00000,0.00000
6416,650.21449,0.03282,Yakından incele · family,False,False,6.00000,2.96681,-25.15638,1.47000,0.00000,0.00000
6417,650.24876,0.03426,Yakından incele · family,False,False,6.00000,2.96681,-25.15638,1.47000,0.00000,0.00000
6418,650.28249,0.03373,Yakından incele · family,False,False,6.00000,2.96681,-25.15638,1.47000,0.00000,0.00000
6419,650.31574,0.03325,Yakından incele · family,False,False,6.00000,2.96681,-25.15638,1.47000,0.00000,0.00000
6420,650.34857,0.03283,Yakından incele · family,False,False,6.00000,2.96681,-25.15638,1.47000,0.00000,0.00000
6421,650.38114,0.03257,Yakından incele · family,False,False,6.00000,2.96681,-25.15638,1.47000,0.00000,0.00000
6422,650.41503,0.03390,Yakından incele · family,False,False,6.00000,2.96681,-25.15638,1.47000,0.00000,0.00000
6423,650.44782,0.03279,Yakından incele · family,False,False,6.00000,2.96681,-25.15638,1.47000,0.00000,0.00000
6424,650.48104,0.03323,Yakından incele · family,False,False,6.00000,2.96681,-25.15638,1.47000,0.00000,0.00000
6425,650.51470,0.03366,Yakından incele · family,False,False,6.00000,2.96681,-25.15638,1.47000,0.00000,0.00000
6426,650.54801,0.03331,Yakından incele · family,False,False,6.00000,2.96681,-25.15638,1.47000,0.00000,0.00000
6427,650.58165,0.03364,Yakından incele · family,False,False,6.00000,2.96681,-25.15638,1.47000,0.00000,0.00000
6428,650.61423,0.03258,Yakından incele · family,False,False,6.00000,2.96681,-25.15638,1.47000,0.00000,0.00000
6429,650.64755,0.03333,Yakından incele · family,False,False,6.00000,2.96681,-25.15638,1.47000,0.00000,0.00000
6430,650.68206,0.03450,Yakından incele · family,False,False,6.00000,2.96681,-25.15638,1.47000,0.00000,0.00000
6431,650.72829,0.04623,Ada ile odada gezin,True,False,5.97853,2.97001,-25.16032,1.47494,0.02206,0.00000
6432,650.75899,0.03070,Ada ile odada gezin,True,False,5.88420,2.98406,-25.17764,1.49665,0.09693,0.54536
6433,650.77853,0.01955,Ada ile odada gezin,True,False,5.82585,2.99275,-25.18835,1.51008,0.05996,0.33804
6434,650.81258,0.03405,Ada ile odada gezin,True,False,5.69051,3.01292,-25.21319,1.54122,0.13907,0.78234
6435,650.84587,0.03329,Ada ile odada gezin,True,False,5.52781,3.03716,-25.24306,1.57866,0.16719,0.94044
6436,650.88027,0.03440,Ada ile odada gezin,True,False,5.33199,3.06633,-25.27901,1.62372,0.20122,1.13158
6437,650.91383,0.03356,Ada ile odada gezin,True,False,5.10955,3.09947,-25.31984,1.67491,0.22857,1.28510
6438,650.94655,0.03272,Ada ile odada gezin,True,False,4.86457,3.13597,-25.36481,1.73129,0.25173,1.41552
6439,650.97922,0.03267,Ada ile odada gezin,True,False,4.60575,3.17453,-25.41232,1.79085,0.26595,1.49616
6440,651.01316,0.03394,Ada ile odada gezin,True,False,4.31963,3.21716,-25.46485,1.85669,0.29401,1.65371
6441,651.04613,0.03296,Ada ile odada gezin,True,False,4.02062,3.26171,-25.51974,1.92550,0.30725,1.72778
6442,651.07929,0.03317,Ada ile odada gezin,True,False,3.70904,3.30813,-25.57693,1.99720,0.32017,1.80054
6443,651.11268,0.03339,Ada ile odada gezin,True,False,3.38822,3.35593,-25.63583,2.07103,0.32966,1.85450
6444,651.14571,0.03303,Ada ile odada gezin,True,False,3.05661,3.40534,-25.69670,2.14734,0.34076,1.91677
6445,651.17925,0.03354,Ada ile odada gezin,True,False,2.72491,3.45476,-25.75759,2.22367,0.34084,1.91718
6446,651.21257,0.03331,Ada ile odada gezin,True,False,2.38262,3.50575,-25.82043,2.30244,0.35173,1.97865
6447,651.24683,0.03426,Ada ile odada gezin,True,False,2.04851,3.55553,-25.88176,2.37932,0.34332,1.93141
6448,651.27993,0.03310,Ada ile odada gezin,True,False,1.70913,3.60610,-25.94406,2.45742,0.34874,1.96157
6449,651.31224,0.03231,Ada ile odada gezin,True,False,1.38934,3.65374,-26.00277,2.53101,0.32861,1.84816
6450,651.34495,0.03272,Ada ile odada gezin,True,False,1.07407,3.70071,-26.06064,2.60356,0.32396,1.82257
6451,651.37868,0.03372,Ada ile odada gezin,True,False,0.76850,3.74624,-26.11673,2.67388,0.31400,1.76631
6452,651.41269,0.03401,Ada ile odada gezin,True,False,0.47126,3.79052,-26.17130,2.74228,0.30543,1.71824
6453,651.44573,0.03304,Ada ile odada gezin,True,False,0.19460,3.83174,-26.22209,2.80595,0.28430,1.59933
6454,651.47883,0.03310,Ada ile odada gezin,True,False,-0.06087,3.86980,-26.26898,2.86474,0.26251,1.47615
6455,651.51309,0.03426,Ada ile odada gezin,True,False,-0.29468,3.90464,-26.31190,2.91854,0.24025,1.35101
6456,651.54633,0.03324,Ada ile odada gezin,True,False,-0.50801,3.93642,-26.35106,2.96764,0.21922,1.23288
6457,651.58003,0.03370,Ada ile odada gezin,True,False,-0.68399,3.96264,-26.38337,3.00813,0.18083,1.01644
6458,651.62223,0.04220,Ada ile odada gezin,True,False,-0.87309,3.99081,-26.41808,3.05165,0.19431,1.09216
6459,651.65435,0.03213,Ada ile odada gezin,True,False,-0.97730,4.00634,-26.43721,3.07563,0.10708,0.60133
6460,651.68761,0.03326,Ada ile odada gezin,True,False,-1.04922,4.01706,-26.45041,3.09218,0.07390,0.41496
6461,651.72060,0.03300,Ada ile odada gezin,True,False,-1.08152,4.02187,-26.45634,3.09961,0.03318,0.18131
6462,651.75395,0.03335,Ada ile odada gezin,False,False,-1.08321,4.02212,-26.45665,3.10000,0.00174,0.00000
6463,651.78893,0.03498,Ada ile odada gezin,False,False,-1.08321,4.02212,-26.45665,3.10000,0.00000,0.00000
6464,651.82366,0.03472,Yakından incele · reunionRoute2,True,False,-1.08000,4.02881,-26.41463,3.10979,0.04267,0.45111
6465,651.87218,0.04853,Yakından incele · reunionRoute2,True,False,-1.06448,4.06115,-26.21172,3.15704,0.20606,2.19400
6466,651.88938,0.01719,Yakından incele · reunionRoute2,True,False,-1.05597,4.07891,-26.10029,3.18300,0.11316,1.20527
6467,651.92177,0.03239,Yakından incele · reunionRoute2,True,False,-1.03587,4.12080,-25.83736,3.24423,0.26700,2.84295
6468,651.95480,0.03303,Yakından incele · reunionRoute2,True,False,-1.01120,4.17221,-25.51474,3.31936,0.32762,3.48856
6469,651.98782,0.03302,Yakından incele · reunionRoute2,True,False,-0.98140,4.23434,-25.12488,3.41016,0.39591,4.21606
6470,652.02107,0.03325,Yakından incele · reunionRoute2,True,False,-0.94855,4.30281,-24.69519,3.51023,0.43635,4.64677
6471,652.05449,0.03342,Yakından incele · reunionRoute2,True,False,-0.91054,4.38204,-24.19802,3.62602,0.50487,5.37649
6472,652.08755,0.03306,Yakından incele · reunionRoute2,True,False,-0.87081,4.46486,-23.67826,3.74707,0.52782,5.62056
6473,652.12123,0.03368,Yakından incele · reunionRoute2,True,False,-0.82714,4.55589,-23.10700,3.88011,0.58011,6.17740
6474,652.15446,0.03323,Yakından incele · reunionRoute2,True,False,-0.78123,4.65159,-22.50645,4.01997,0.60986,6.49418
6475,652.18822,0.03376,Yakından incele · reunionRoute2,True,False,-0.73373,4.75061,-21.88508,4.16469,0.63100,6.71939
6476,652.22055,0.03233,Yakından incele · reunionRoute2,True,False,-0.68371,4.85488,-21.23071,4.31708,0.66451,7.07613
6477,652.25298,0.03243,Yakından incele · reunionRoute2,True,False,-0.63549,4.95539,-20.60000,4.46397,0.64049,6.82038
6478,652.28685,0.03387,Yakından incele · reunionRoute2,True,False,-0.58336,5.06405,-19.91807,4.62279,0.69250,7.37433
6479,652.32060,0.03375,Yakından incele · reunionRoute2,True,False,-0.53204,5.17103,-19.24673,4.77914,0.68175,7.25991
6480,652.35483,0.03423,Yakından incele · reunionRoute2,True,False,-0.47971,5.28011,-18.56223,4.93855,0.69511,7.40210
6481,652.38872,0.03389,Yakından incele · reunionRoute2,True,False,-0.42802,5.38785,-17.88609,5.09602,0.68662,7.31150
6482,652.42160,0.03287,Yakından incele · reunionRoute2,True,False,-0.37790,5.49234,-17.23040,5.24873,0.66585,7.09050
6483,652.45366,0.03206,Yakından incele · reunionRoute2,True,False,-0.32999,5.59221,-16.60367,5.39469,0.63644,6.77730
6484,652.48693,0.03328,Yakından incele · reunionRoute2,True,False,-0.28393,5.68822,-16.00117,5.53501,0.61184,6.51513
6485,652.52168,0.03474,Yakından incele · reunionRoute2,True,False,-0.23828,5.78337,-15.40405,5.67407,0.60637,6.45705
6486,652.55507,0.03340,Yakından incele · reunionRoute2,True,False,-0.19515,5.87329,-14.83977,5.80549,0.57303,6.10190
6487,652.58703,0.03196,Yakından incele · reunionRoute2,True,False,-0.15683,5.95316,-14.33855,5.92222,0.50898,5.42000
6488,652.62030,0.03327,Yakından incele · reunionRoute2,True,False,-0.12169,6.02640,-13.87894,6.02926,0.46673,4.97013
6489,652.65435,0.03404,Yakından incele · reunionRoute2,True,False,-0.08909,6.09437,-13.45238,6.12860,0.43317,4.61278
6490,652.70055,0.04621,Yakından incele · reunionRoute2,True,False,-0.06117,6.15256,-13.08720,6.21365,0.37085,3.94914
6491,652.73473,0.03417,Yakından incele · reunionRoute2,True,False,-0.03048,6.21653,-12.68579,6.30713,0.40762,4.34067
6492,652.75533,0.02061,Yakından incele · reunionRoute2,True,False,-0.01984,6.23872,-12.54656,6.33956,0.14139,1.50451
6493,652.78963,0.03430,Yakından incele · reunionRoute2,True,False,-0.00749,6.26446,-12.38498,6.37719,0.16408,1.74625
6494,652.82299,0.03336,Yakından incele · reunionRoute2,True,False,-0.00081,6.27839,-12.29761,6.39754,0.08872,0.94377
6495,652.85596,0.03297,Yakından incele · reunionRoute2,False,False,0.00000,6.28007,-12.28703,6.40000,0.01075,0.00000
6496,652.89911,0.04315,Yakından incele · reunionRoute2,False,False,0.00000,6.28007,-12.28703,6.40000,0.00000,0.00000
6497,652.92464,0.02553,Yakından incele · reunionRoute2,False,False,0.00000,6.28007,-12.28703,6.40000,0.00000,0.00000
6498,652.97241,0.04777,Yakından incele · reunionRoute2,False,False,0.00000,6.28007,-12.28703,6.40000,0.00000,0.00000
6499,652.98734,0.01493,Yakından incele · reunionRoute2,False,False,0.00000,6.28007,-12.28703,6.40000,0.00000,0.00000
6500,653.02130,0.03395,Yakından incele · reunionRoute2,False,False,0.00000,6.28007,-12.28703,6.40000,0.00000,0.00000
6501,653.05533,0.03404,Yakından incele · reunionRoute2,False,False,0.00000,6.28007,-12.28703,6.40000,0.00000,0.00000
6502,653.08857,0.03324,Yakından incele · reunionRoute2,False,False,0.00000,6.28007,-12.28703,6.40000,0.00000,0.00000
6503,653.12163,0.03306,Yakından incele · reunionRoute2,False,False,0.00000,6.28007,-12.28703,6.40000,0.00000,0.00000
6504,653.15557,0.03394,Yakından incele · reunionRoute2,False,False,0.00000,6.28007,-12.28703,6.40000,0.00000,0.00000
6505,653.18854,0.03297,Yakından incele · reunionRoute2,False,False,0.00000,6.28007,-12.28703,6.40000,0.00000,0.00000
6506,653.22301,0.03447,Yakından incele · reunionRoute2,False,False,0.00000,6.28007,-12.28703,6.40000,0.00000,0.00000
6507,653.25589,0.03288,Yakından incele · reunionRoute2,False,False,0.00000,6.28007,-12.28703,6.40000,0.00000,0.00000
6508,653.28786,0.03197,Yakından incele · reunionRoute2,False,False,0.00000,6.28007,-12.28703,6.40000,0.00000,0.00000
6509,653.32179,0.03393,Yakından incele · reunionRoute2,False,False,0.00000,6.28007,-12.28703,6.40000,0.00000,0.00000
6510,653.35419,0.03240,Yakından incele · reunionRoute2,False,False,0.00000,6.28007,-12.28703,6.40000,0.00000,0.00000
6511,653.38796,0.03377,Yakından incele · reunionRoute2,False,False,0.00000,6.28007,-12.28703,6.40000,0.00000,0.00000
6512,653.42109,0.03313,Yakından incele · reunionRoute2,False,False,0.00000,6.28007,-12.28703,6.40000,0.00000,0.00000
6513,653.45426,0.03317,Yakından incele · reunionRoute2,False,False,0.00000,6.28007,-12.28703,6.40000,0.00000,0.00000
6514,653.48879,0.03453,Yakından incele · reunionRoute2,False,False,0.00000,6.28007,-12.28703,6.40000,0.00000,0.00000
6515,653.52231,0.03352,Yakından incele · reunionRoute2,False,False,0.00000,6.28007,-12.28703,6.40000,0.00000,0.00000
6516,653.55462,0.03231,Yakından incele · reunionRoute2,False,False,0.00000,6.28007,-12.28703,6.40000,0.00000,0.00000
6517,653.58773,0.03311,Yakından incele · reunionRoute2,False,False,0.00000,6.28007,-12.28703,6.40000,0.00000,0.00000
6518,653.62127,0.03354,Yakından incele · reunionRoute2,False,False,0.00000,6.28007,-12.28703,6.40000,0.00000,0.00000
6519,653.65538,0.03411,Yakından incele · reunionRoute2,False,False,0.00000,6.28007,-12.28703,6.40000,0.00000,0.00000
6520,653.68872,0.03334,Yakından incele · reunionRoute2,False,False,0.00000,6.28007,-12.28703,6.40000,0.00000,0.00000
6521,653.72133,0.03260,Yakından incele · reunionRoute2,False,False,0.00000,6.28007,-12.28703,6.40000,0.00000,0.00000
6522,653.75441,0.03308,Yakından incele · reunionRoute2,False,False,0.00000,6.28007,-12.28703,6.40000,0.00000,0.00000
6523,653.78747,0.03306,Yakından incele · reunionRoute2,False,False,0.00000,6.28007,-12.28703,6.40000,0.00000,0.00000
6524,653.82038,0.03291,Yakından incele · reunionRoute2,False,False,0.00000,6.28007,-12.28703,6.40000,0.00000,0.00000
6525,653.85511,0.03472,Yakından incele · reunionRoute2,False,False,0.00000,6.28007,-12.28703,6.40000,0.00000,0.00000
6526,653.88887,0.03377,Yakından incele · reunionRoute2,False,False,0.00000,6.28007,-12.28703,6.40000,0.00000,0.00000
6527,653.92140,0.03252,Yakından incele · reunionRoute2,False,False,0.00000,6.28007,-12.28703,6.40000,0.00000,0.00000
6528,653.95489,0.03350,Yakından incele · reunionRoute2,False,False,0.00000,6.28007,-12.28703,6.40000,0.00000,0.00000
6529,653.98810,0.03320,Yakından incele · reunionRoute2,False,False,0.00000,6.28007,-12.28703,6.40000,0.00000,0.00000
6530,654.02138,0.03329,Yakından incele · reunionRoute2,False,False,0.00000,6.28007,-12.28703,6.40000,0.00000,0.00000
6531,654.05579,0.03441,Yakından incele · reunionRoute2,False,False,0.00000,6.28007,-12.28703,6.40000,0.00000,0.00000
6532,654.09093,0.03514,Yakından incele · reunionRoute2,False,False,0.00000,6.28007,-12.28703,6.40000,0.00000,0.00000
6533,654.12381,0.03288,Yakından incele · reunionRoute2,False,False,0.00000,6.28007,-12.28703,6.40000,0.00000,0.00000
6534,654.15655,0.03274,Yakından incele · reunionRoute2,False,False,0.00000,6.28007,-12.28703,6.40000,0.00000,0.00000
6535,654.19101,0.03446,Yakından incele · reunionRoute2,False,False,0.00000,6.28007,-12.28703,6.40000,0.00000,0.00000
6536,654.22474,0.03373,Yakından incele · reunionRoute2,False,False,0.00000,6.28007,-12.28703,6.40000,0.00000,0.00000
6537,654.26032,0.03559,Yakından incele · reunionRoute2,False,False,0.00000,6.28007,-12.28703,6.40000,0.00000,0.00000
6538,654.29342,0.03310,Yakından incele · reunionRoute2,False,False,0.00000,6.28007,-12.28703,6.40000,0.00000,0.00000
6539,654.32798,0.03456,Yakından incele · reunionRoute2,False,False,0.00000,6.28007,-12.28703,6.40000,0.00000,0.00000
6540,654.36463,0.03664,Yakından incele · reunionRoute2,False,False,0.00000,6.28007,-12.28703,6.40000,0.00000,0.00000
6541,654.39456,0.02994,Yakından incele · reunionRoute2,False,False,0.00000,6.28007,-12.28703,6.40000,0.00000,0.00000
6542,654.42511,0.03054,Yakından incele · reunionRoute2,False,False,0.00000,6.28007,-12.28703,6.40000,0.00000,0.00000
6543,654.45694,0.03183,Yakından incele · reunionRoute2,False,False,0.00000,6.28007,-12.28703,6.40000,0.00000,0.00000
6544,654.48780,0.03086,Yakından incele · reunionRoute2,False,False,0.00000,6.28007,-12.28703,6.40000,0.00000,0.00000
6545,654.52149,0.03369,Yakından incele · reunionRoute2,False,False,0.00000,6.28007,-12.28703,6.40000,0.00000,0.00000
6546,654.55748,0.03599,Yakından incele · reunionRoute2,False,False,0.00000,6.28007,-12.28703,6.40000,0.00000,0.00000
6547,654.59093,0.03345,Yakından incele · reunionRoute2,False,False,0.00000,6.28007,-12.28703,6.40000,0.00000,0.00000
6548,654.62193,0.03100,Yakından incele · reunionRoute2,False,False,0.00000,6.28007,-12.28703,6.40000,0.00000,0.00000
6549,654.65455,0.03262,Yakından incele · reunionRoute2,False,False,0.00000,6.28007,-12.28703,6.40000,0.00000,0.00000
6550,654.68831,0.03376,Yakından incele · reunionRoute2,False,False,0.00000,6.28007,-12.28703,6.40000,0.00000,0.00000
6551,654.72241,0.03410,Yakından incele · reunionRoute2,False,False,0.00000,6.28007,-12.28703,6.40000,0.00000,0.00000
6552,654.75484,0.03243,Yakından incele · reunionRoute2,False,False,0.00000,6.28007,-12.28703,6.40000,0.00000,0.00000
6553,654.78824,0.03340,Yakından incele · reunionRoute2,False,False,0.00000,6.28007,-12.28703,6.40000,0.00000,0.00000
6554,654.82225,0.03401,Yakından incele · reunionRoute2,False,False,0.00000,6.28007,-12.28703,6.40000,0.00000,0.00000
6555,654.85548,0.03323,Yakından incele · reunionRoute2,False,False,0.00000,6.28007,-12.28703,6.40000,0.00000,0.00000
6556,654.88914,0.03366,Yakından incele · reunionRoute2,False,False,0.00000,6.28007,-12.28703,6.40000,0.00000,0.00000
6557,654.93046,0.04132,Yakından incele · reunionRoute2,False,False,0.00000,6.28007,-12.28703,6.40000,0.00000,0.00000
6558,654.96291,0.03245,Yakından incele · reunionRoute2,False,False,0.00000,6.28007,-12.28703,6.40000,0.00000,0.00000
6559,654.99637,0.03347,Yakından incele · reunionRoute2,False,False,0.00000,6.28007,-12.28703,6.40000,0.00000,0.00000
6560,655.03041,0.03404,Yakından incele · reunionRoute2,False,False,0.00000,6.28007,-12.28703,6.40000,0.00000,0.00000
6561,655.06332,0.03291,Yakından incele · reunionRoute2,False,False,0.00000,6.28007,-12.28703,6.40000,0.00000,0.00000
6562,655.09572,0.03240,Yakından incele · reunionRoute2,False,False,0.00000,6.28007,-12.28703,6.40000,0.00000,0.00000
6563,655.12914,0.03342,Yakından incele · reunionRoute2,False,False,0.00000,6.28007,-12.28703,6.40000,0.00000,0.00000
6564,655.16306,0.03392,Yakından incele · reunionRoute2,False,False,0.00000,6.28007,-12.28703,6.40000,0.00000,0.00000
6565,655.19722,0.03416,Yakından incele · reunionRoute2,False,False,0.00000,6.28007,-12.28703,6.40000,0.00000,0.00000
6566,655.23076,0.03354,Yakından incele · reunionRoute2,False,False,0.00000,6.28007,-12.28703,6.40000,0.00000,0.00000
6567,655.26356,0.03280,Yakından incele · reunionRoute2,False,False,0.00000,6.28007,-12.28703,6.40000,0.00000,0.00000
6568,655.29792,0.03436,Yakından incele · reunionRoute2,False,False,0.00000,6.28007,-12.28703,6.40000,0.00000,0.00000
6569,655.33200,0.03408,Yakından incele · reunionRoute2,False,False,0.00000,6.28007,-12.28703,6.40000,0.00000,0.00000
6570,655.36532,0.03332,Yakından incele · reunionRoute2,False,False,0.00000,6.28007,-12.28703,6.40000,0.00000,0.00000
6571,655.39860,0.03329,Yakından incele · reunionRoute2,False,False,0.00000,6.28007,-12.28703,6.40000,0.00000,0.00000
6572,655.43073,0.03213,Yakından incele · reunionRoute2,False,False,0.00000,6.28007,-12.28703,6.40000,0.00000,0.00000
6573,655.46491,0.03418,Yakından incele · reunionRoute2,False,False,0.00000,6.28007,-12.28703,6.40000,0.00000,0.00000
6574,655.49788,0.03296,Yakından incele · reunionRoute2,False,False,0.00000,6.28007,-12.28703,6.40000,0.00000,0.00000
6575,655.52938,0.03150,Yakından incele · reunionRoute2,False,False,0.00000,6.28007,-12.28703,6.40000,0.00000,0.00000
6576,655.56375,0.03437,Yakından incele · reunionRoute2,False,False,0.00000,6.28007,-12.28703,6.40000,0.00000,0.00000
6577,655.59706,0.03330,Yakından incele · reunionRoute2,False,False,0.00000,6.28007,-12.28703,6.40000,0.00000,0.00000
6578,655.62967,0.03262,Yakından incele · reunionRoute2,False,False,0.00000,6.28007,-12.28703,6.40000,0.00000,0.00000
6579,655.66266,0.03299,Yakından incele · reunionRoute2,False,False,0.00000,6.28007,-12.28703,6.40000,0.00000,0.00000
6580,655.69588,0.03322,Yakından incele · reunionRoute2,False,False,0.00000,6.28007,-12.28703,6.40000,0.00000,0.00000
6581,655.72963,0.03375,Yakından incele · reunionRoute2,False,False,0.00000,6.28007,-12.28703,6.40000,0.00000,0.00000
6582,655.76393,0.03430,Yakından incele · reunionRoute2,False,False,0.00000,6.28007,-12.28703,6.40000,0.00000,0.00000
6583,655.79629,0.03236,Yakından incele · reunionRoute2,False,False,0.00000,6.28007,-12.28703,6.40000,0.00000,0.00000
6584,655.82890,0.03261,Yakından incele · reunionRoute2,False,False,0.00000,6.28007,-12.28703,6.40000,0.00000,0.00000
6585,655.86292,0.03402,Yakından incele · reunionRoute2,False,False,0.00000,6.28007,-12.28703,6.40000,0.00000,0.00000
6586,655.89604,0.03312,Yakından incele · reunionRoute2,False,False,0.00000,6.28007,-12.28703,6.40000,0.00000,0.00000
6587,655.92951,0.03347,Yakından incele · reunionRoute2,False,False,0.00000,6.28007,-12.28703,6.40000,0.00000,0.00000
6588,655.96271,0.03320,Yakından incele · reunionRoute2,False,False,0.00000,6.28007,-12.28703,6.40000,0.00000,0.00000
6589,655.99568,0.03298,Yakından incele · reunionRoute2,False,False,0.00000,6.28007,-12.28703,6.40000,0.00000,0.00000
6590,656.02983,0.03415,Yakından incele · reunionRoute2,False,False,0.00000,6.28007,-12.28703,6.40000,0.00000,0.00000
6591,656.06332,0.03349,Yakından incele · reunionRoute2,False,False,0.00000,6.28007,-12.28703,6.40000,0.00000,0.00000
6592,656.09581,0.03249,Yakından incele · reunionRoute2,False,False,0.00000,6.28007,-12.28703,6.40000,0.00000,0.00000
6593,656.13006,0.03425,Yakından incele · reunionRoute2,False,False,0.00000,6.28007,-12.28703,6.40000,0.00000,0.00000
6594,656.16358,0.03352,Yakından incele · reunionRoute2,False,False,0.00000,6.28007,-12.28703,6.40000,0.00000,0.00000
6595,656.19666,0.03308,Yakından incele · reunionRoute2,False,False,0.00000,6.28007,-12.28703,6.40000,0.00000,0.00000
6596,656.23091,0.03425,Yakından incele · reunionRoute2,False,False,0.00000,6.28007,-12.28703,6.40000,0.00000,0.00000
6597,656.26380,0.03289,Yakından incele · reunionRoute2,False,False,0.00000,6.28007,-12.28703,6.40000,0.00000,0.00000
6598,656.29664,0.03283,Yakından incele · reunionRoute2,False,False,0.00000,6.28007,-12.28703,6.40000,0.00000,0.00000
6599,656.33014,0.03350,Yakından incele · reunionRoute2,False,False,0.00000,6.28007,-12.28703,6.40000,0.00000,0.00000
6600,656.36286,0.03272,Yakından incele · reunionRoute2,False,False,0.00000,6.28007,-12.28703,6.40000,0.00000,0.00000
6601,656.39646,0.03360,Yakından incele · reunionRoute2,False,False,0.00000,6.28007,-12.28703,6.40000,0.00000,0.00000
6602,656.43161,0.03515,Yakından incele · reunionApproach2,True,False,0.00137,6.27582,-12.30899,6.39545,0.02241,0.00000
6603,656.46591,0.03430,Yakından incele · reunionApproach2,True,False,0.00559,6.26267,-12.37679,6.38138,0.06920,0.43160
6604,656.49753,0.03162,Yakından incele · reunionApproach2,True,False,0.01170,6.24362,-12.47509,6.36099,0.10032,0.62557
6605,656.53067,0.03314,Yakından incele · reunionApproach2,True,False,0.02007,6.21755,-12.60960,6.33309,0.13727,0.85683
6606,656.56513,0.03447,Yakından incele · reunionApproach2,True,False,0.03072,6.18439,-12.78068,6.29760,0.17458,1.09144
6607,656.60173,0.03660,Yakından incele · reunionApproach2,True,False,0.04358,6.14432,-12.98737,6.25472,0.21094,1.31936
6608,656.63354,0.03181,Yakından incele · reunionApproach2,True,False,0.05847,6.09794,-13.22668,6.20508,0.24422,1.52774
6609,656.66275,0.02921,Yakından incele · reunionApproach2,True,False,0.07253,6.05416,-13.45255,6.15822,0.23050,1.44127
6610,656.69570,0.03295,Yakından incele · reunionApproach2,True,False,0.08903,6.00277,-13.71768,6.10322,0.27057,1.69253
6611,656.72943,0.03373,Yakından incele · reunionApproach2,True,False,0.10730,5.94586,-14.01128,6.04232,0.29962,1.87465
6612,656.76271,0.03328,Yakından incele · reunionApproach2,True,False,0.12630,5.88669,-14.31657,5.97899,0.31155,1.94876
6613,656.79631,0.03360,Yakından incele · reunionApproach2,True,False,0.14623,5.82460,-14.63691,5.91254,0.32691,2.04518
6614,656.82987,0.03355,Yakından incele · reunionApproach2,True,False,0.16678,5.76060,-14.96708,5.84405,0.33694,2.10738
6615,656.86258,0.03271,Yakından incele · reunionApproach2,True,False,0.18793,5.69471,-15.30702,5.77353,0.34692,2.16997
6616,656.89597,0.03339,Yakından incele · reunionApproach2,True,False,0.20871,5.63000,-15.64085,5.70428,0.34068,2.13102
6617,656.93012,0.03415,Yakından incele · reunionApproach2,True,False,0.23055,5.56197,-15.99183,5.63147,0.35818,2.23990
6618,656.96333,0.03321,Yakından incele · reunionApproach2,True,False,0.25205,5.49500,-16.33738,5.55979,0.35263,2.20539
6619,656.99627,0.03294,Yakından incele · reunionApproach2,True,False,0.27300,5.42975,-16.67401,5.48996,0.34354,2.14858
6620,657.03049,0.03423,Yakından incele · reunionApproach2,True,False,0.29395,5.36448,-17.01074,5.42011,0.34363,2.14931
6621,657.06359,0.03310,Yakından incele · reunionApproach2,True,False,0.31425,5.30124,-17.33697,5.35244,0.33293,2.08273
6622,657.09611,0.03251,Yakından incele · reunionApproach2,True,False,0.33343,5.24150,-17.64521,5.28850,0.31456,1.96715
6623,657.12857,0.03247,Yakından incele · reunionApproach2,True,False,0.35184,5.18416,-17.94104,5.22713,0.30190,1.88797
6624,657.16251,0.03394,Yakından incele · reunionApproach2,True,False,0.36924,5.12997,-18.22058,5.16914,0.28528,1.78482
6625,657.19593,0.03342,Yakından incele · reunionApproach2,True,False,0.38563,5.07892,-18.48399,5.11450,0.26881,1.68186
6626,657.22983,0.03390,Yakından incele · reunionApproach2,True,False,0.40049,5.03264,-18.72275,5.06497,0.24366,1.52415
6627,657.26308,0.03325,Yakından incele · reunionApproach2,True,False,0.41374,4.99136,-18.93571,5.02080,0.21733,1.35910
6628,657.30847,0.04538,Yakından incele · reunionApproach2,True,False,0.42507,4.95607,-19.11779,4.98303,0.18581,1.16229
6629,657.34198,0.03351,Yakından incele · reunionApproach2,True,False,0.43757,4.91713,-19.31868,4.94135,0.20501,1.28205
6630,657.36308,0.02110,Yakından incele · reunionApproach2,True,False,0.44193,4.90356,-19.38868,4.92683,0.07144,0.44411
6631,657.39685,0.03377,Yakından incele · reunionApproach2,True,False,0.44707,4.88757,-19.47121,4.90971,0.08423,0.52637
6632,657.43031,0.03347,Yakından incele · reunionApproach2,True,False,0.44966,4.87950,-19.51284,4.90107,0.04248,0.26244
6633,657.46290,0.03259,Yakından incele · reunionApproach2,False,False,0.44998,4.87849,-19.51802,4.90000,0.00529,0.00000
6634,657.50624,0.04334,Yakından incele · reunionApproach2,False,False,0.44998,4.87849,-19.51802,4.90000,0.00000,0.00000
6635,657.53480,0.02856,Yakından incele · reunionApproach2,False,False,0.44998,4.87849,-19.51802,4.90000,0.00000,0.00000
6636,657.58079,0.04598,Yakından incele · reunionApproach2,False,False,0.44998,4.87849,-19.51802,4.90000,0.00000,0.00000
6637,657.59557,0.01479,Yakından incele · reunionApproach2,False,False,0.44998,4.87849,-19.51802,4.90000,0.00000,0.00000
6638,657.62965,0.03408,Yakından incele · reunionApproach2,False,False,0.44998,4.87849,-19.51802,4.90000,0.00000,0.00000
6639,657.66327,0.03362,Yakından incele · reunionApproach2,False,False,0.44998,4.87849,-19.51802,4.90000,0.00000,0.00000
6640,657.69582,0.03255,Yakından incele · reunionApproach2,False,False,0.44998,4.87849,-19.51802,4.90000,0.00000,0.00000
6641,657.72954,0.03372,Yakından incele · reunionApproach2,False,False,0.44998,4.87849,-19.51802,4.90000,0.00000,0.00000
6642,657.76281,0.03327,Yakından incele · reunionApproach2,False,False,0.44998,4.87849,-19.51802,4.90000,0.00000,0.00000
6643,657.79636,0.03355,Yakından incele · reunionApproach2,False,False,0.44998,4.87849,-19.51802,4.90000,0.00000,0.00000
6644,657.82972,0.03336,Yakından incele · reunionApproach2,False,False,0.44998,4.87849,-19.51802,4.90000,0.00000,0.00000
6645,657.86345,0.03373,Yakından incele · reunionApproach2,False,False,0.44998,4.87849,-19.51802,4.90000,0.00000,0.00000
6646,657.89759,0.03414,Yakından incele · reunionApproach2,False,False,0.44998,4.87849,-19.51802,4.90000,0.00000,0.00000
6647,657.93032,0.03274,Yakından incele · reunionApproach2,False,False,0.44998,4.87849,-19.51802,4.90000,0.00000,0.00000
6648,657.96304,0.03272,Yakından incele · reunionApproach2,False,False,0.44998,4.87849,-19.51802,4.90000,0.00000,0.00000
6649,657.99610,0.03305,Yakından incele · reunionApproach2,False,False,0.44998,4.87849,-19.51802,4.90000,0.00000,0.00000
6650,658.02943,0.03333,Yakından incele · reunionApproach2,False,False,0.44998,4.87849,-19.51802,4.90000,0.00000,0.00000
6651,658.06284,0.03341,Yakından incele · reunionApproach2,False,False,0.44998,4.87849,-19.51802,4.90000,0.00000,0.00000
6652,658.09619,0.03335,Yakından incele · reunionApproach2,False,False,0.44998,4.87849,-19.51802,4.90000,0.00000,0.00000
6653,658.13000,0.03381,Yakından incele · reunionApproach2,False,False,0.44998,4.87849,-19.51802,4.90000,0.00000,0.00000
6654,658.16274,0.03274,Yakından incele · reunionApproach2,False,False,0.44998,4.87849,-19.51802,4.90000,0.00000,0.00000
6655,658.19630,0.03356,Yakından incele · reunionApproach2,False,False,0.44998,4.87849,-19.51802,4.90000,0.00000,0.00000
6656,658.23847,0.04217,Yakından incele · reunionApproach2,False,False,0.44998,4.87849,-19.51802,4.90000,0.00000,0.00000
6657,658.27162,0.03315,Yakından incele · reunionApproach2,False,False,0.44998,4.87849,-19.51802,4.90000,0.00000,0.00000
6658,658.30435,0.03273,Yakından incele · reunionApproach2,False,False,0.44998,4.87849,-19.51802,4.90000,0.00000,0.00000
6659,658.33763,0.03328,Yakından incele · reunionApproach2,False,False,0.44998,4.87849,-19.51802,4.90000,0.00000,0.00000
6660,658.37145,0.03382,Yakından incele · reunionApproach2,False,False,0.44998,4.87849,-19.51802,4.90000,0.00000,0.00000
6661,658.40522,0.03377,Yakından incele · reunionApproach2,False,False,0.44998,4.87849,-19.51802,4.90000,0.00000,0.00000
6662,658.43781,0.03259,Yakından incele · reunionApproach2,False,False,0.44998,4.87849,-19.51802,4.90000,0.00000,0.00000
6663,658.47032,0.03251,Yakından incele · reunionApproach2,False,False,0.44998,4.87849,-19.51802,4.90000,0.00000,0.00000
6664,658.50436,0.03404,Yakından incele · reunionApproach2,False,False,0.44998,4.87849,-19.51802,4.90000,0.00000,0.00000
6665,658.54124,0.03689,Yakından incele · reunionApproach2,False,False,0.44998,4.87849,-19.51802,4.90000,0.00000,0.00000
6666,658.57392,0.03268,Yakından incele · reunionApproach2,False,False,0.44998,4.87849,-19.51802,4.90000,0.00000,0.00000
6667,658.60426,0.03034,Yakından incele · reunionApproach2,False,False,0.44998,4.87849,-19.51802,4.90000,0.00000,0.00000
6668,658.63753,0.03327,Yakından incele · reunionApproach2,False,False,0.44998,4.87849,-19.51802,4.90000,0.00000,0.00000
6669,658.67081,0.03328,Yakından incele · reunionApproach2,False,False,0.44998,4.87849,-19.51802,4.90000,0.00000,0.00000
6670,658.70471,0.03390,Yakından incele · reunionApproach2,False,False,0.44998,4.87849,-19.51802,4.90000,0.00000,0.00000
6671,658.74030,0.03559,Yakından incele · reunionApproach2,False,False,0.44998,4.87849,-19.51802,4.90000,0.00000,0.00000
6672,658.77379,0.03349,Yakından incele · reunionApproach2,False,False,0.44998,4.87849,-19.51802,4.90000,0.00000,0.00000
6673,658.80675,0.03296,Yakından incele · reunionApproach2,False,False,0.44998,4.87849,-19.51802,4.90000,0.00000,0.00000
6674,658.84075,0.03400,Yakından incele · reunionApproach2,False,False,0.44998,4.87849,-19.51802,4.90000,0.00000,0.00000
6675,658.87289,0.03214,Yakından incele · reunionApproach2,False,False,0.44998,4.87849,-19.51802,4.90000,0.00000,0.00000
6676,658.90622,0.03333,Yakından incele · reunionApproach2,False,False,0.44998,4.87849,-19.51802,4.90000,0.00000,0.00000
6677,658.94152,0.03530,Yakından incele · reunionApproach2,False,False,0.44998,4.87849,-19.51802,4.90000,0.00000,0.00000
6678,658.97300,0.03148,Yakından incele · reunionApproach2,False,False,0.44998,4.87849,-19.51802,4.90000,0.00000,0.00000
6679,659.00626,0.03326,Yakından incele · reunionApproach2,False,False,0.44998,4.87849,-19.51802,4.90000,0.00000,0.00000
6680,659.04181,0.03555,Yakından incele · reunionApproach2,False,False,0.44998,4.87849,-19.51802,4.90000,0.00000,0.00000
6681,659.07264,0.03083,Yakından incele · reunionApproach2,False,False,0.44998,4.87849,-19.51802,4.90000,0.00000,0.00000
6682,659.10382,0.03118,Yakından incele · reunionApproach2,False,False,0.44998,4.87849,-19.51802,4.90000,0.00000,0.00000
6683,659.13721,0.03339,Yakından incele · reunionApproach2,False,False,0.44998,4.87849,-19.51802,4.90000,0.00000,0.00000
6684,659.17033,0.03312,Yakından incele · reunionApproach2,False,False,0.44998,4.87849,-19.51802,4.90000,0.00000,0.00000
6685,659.20302,0.03269,Yakından incele · reunionApproach2,False,False,0.44998,4.87849,-19.51802,4.90000,0.00000,0.00000
6686,659.23797,0.03496,Yakından incele · reunionApproach2,False,False,0.44998,4.87849,-19.51802,4.90000,0.00000,0.00000
6687,659.27304,0.03507,Yakından incele · reunionApproach2,False,False,0.44998,4.87849,-19.51802,4.90000,0.00000,0.00000
6688,659.30574,0.03269,Yakından incele · reunionApproach2,False,False,0.44998,4.87849,-19.51802,4.90000,0.00000,0.00000
6689,659.33759,0.03186,Yakından incele · reunionApproach2,False,False,0.44998,4.87849,-19.51802,4.90000,0.00000,0.00000
6690,659.37167,0.03408,Yakından incele · reunionApproach2,False,False,0.44998,4.87849,-19.51802,4.90000,0.00000,0.00000
6691,659.40507,0.03340,Yakından incele · reunionApproach2,False,False,0.44998,4.87849,-19.51802,4.90000,0.00000,0.00000
6692,659.43767,0.03260,Yakından incele · reunionApproach2,False,False,0.44998,4.87849,-19.51802,4.90000,0.00000,0.00000
6693,659.47194,0.03427,Yakından incele · reunionApproach2,False,False,0.44998,4.87849,-19.51802,4.90000,0.00000,0.00000
6694,659.50597,0.03403,Yakından incele · reunionApproach2,False,False,0.44998,4.87849,-19.51802,4.90000,0.00000,0.00000
6695,659.53874,0.03278,Yakından incele · reunionApproach2,False,False,0.44998,4.87849,-19.51802,4.90000,0.00000,0.00000
6696,659.57168,0.03294,Yakından incele · reunionApproach2,False,False,0.44998,4.87849,-19.51802,4.90000,0.00000,0.00000
6697,659.60432,0.03264,Yakından incele · reunionApproach2,False,False,0.44998,4.87849,-19.51802,4.90000,0.00000,0.00000
6698,659.63826,0.03393,Yakından incele · reunionApproach2,False,False,0.44998,4.87849,-19.51802,4.90000,0.00000,0.00000
6699,659.67230,0.03404,Yakından incele · reunionApproach2,False,False,0.44998,4.87849,-19.51802,4.90000,0.00000,0.00000
6700,659.70489,0.03259,Yakından incele · reunionApproach2,False,False,0.44998,4.87849,-19.51802,4.90000,0.00000,0.00000
6701,659.73850,0.03360,Yakından incele · reunionApproach2,False,False,0.44998,4.87849,-19.51802,4.90000,0.00000,0.00000
6702,659.77208,0.03358,Yakından incele · reunionApproach2,False,False,0.44998,4.87849,-19.51802,4.90000,0.00000,0.00000
6703,659.80504,0.03296,Yakından incele · reunionApproach2,False,False,0.44998,4.87849,-19.51802,4.90000,0.00000,0.00000
6704,659.83866,0.03362,Yakından incele · reunionApproach2,False,False,0.44998,4.87849,-19.51802,4.90000,0.00000,0.00000
6705,659.87501,0.03635,Yakından incele · reunionApproach2,False,False,0.44998,4.87849,-19.51802,4.90000,0.00000,0.00000
6706,659.91154,0.03654,Yakından incele · reunionApproach2,False,False,0.44998,4.87849,-19.51802,4.90000,0.00000,0.00000
6707,659.94641,0.03487,Yakından incele · reunionApproach2,False,False,0.44998,4.87849,-19.51802,4.90000,0.00000,0.00000
6708,659.97768,0.03126,Yakından incele · reunionApproach2,False,False,0.44998,4.87849,-19.51802,4.90000,0.00000,0.00000
6709,660.00850,0.03082,Yakından incele · reunionApproach2,False,False,0.44998,4.87849,-19.51802,4.90000,0.00000,0.00000
6710,660.04026,0.03176,Yakından incele · reunionApproach2,False,False,0.44998,4.87849,-19.51802,4.90000,0.00000,0.00000
6711,660.07238,0.03212,Yakından incele · reunionApproach2,False,False,0.44998,4.87849,-19.51802,4.90000,0.00000,0.00000
6712,660.10545,0.03307,Yakından incele · reunionApproach2,False,False,0.44998,4.87849,-19.51802,4.90000,0.00000,0.00000
6713,660.13824,0.03280,Yakından incele · reunionApproach2,False,False,0.44998,4.87849,-19.51802,4.90000,0.00000,0.00000
6714,660.17122,0.03298,Yakından incele · reunionApproach2,False,False,0.44998,4.87849,-19.51802,4.90000,0.00000,0.00000
6715,660.20494,0.03372,Yakından incele · reunionApproach2,False,False,0.44998,4.87849,-19.51802,4.90000,0.00000,0.00000
6716,660.23853,0.03359,Yakından incele · reunionApproach2,False,False,0.44998,4.87849,-19.51802,4.90000,0.00000,0.00000
6717,660.27142,0.03288,Yakından incele · reunionApproach2,False,False,0.44998,4.87849,-19.51802,4.90000,0.00000,0.00000
6718,660.30447,0.03305,Yakından incele · reunionApproach2,False,False,0.44998,4.87849,-19.51802,4.90000,0.00000,0.00000
6719,660.33840,0.03394,Yakından incele · reunionApproach2,False,False,0.44998,4.87849,-19.51802,4.90000,0.00000,0.00000
6720,660.37234,0.03393,Yakından incele · reunionApproach2,False,False,0.44998,4.87849,-19.51802,4.90000,0.00000,0.00000
6721,660.40492,0.03258,Yakından incele · reunionApproach2,False,False,0.44998,4.87849,-19.51802,4.90000,0.00000,0.00000
6722,660.43762,0.03270,Yakından incele · reunionApproach2,False,False,0.44998,4.87849,-19.51802,4.90000,0.00000,0.00000
6723,660.47150,0.03388,Yakından incele · reunionApproach2,False,False,0.44998,4.87849,-19.51802,4.90000,0.00000,0.00000
6724,660.50488,0.03338,Yakından incele · reunionApproach2,False,False,0.44998,4.87849,-19.51802,4.90000,0.00000,0.00000
6725,660.53769,0.03280,Yakından incele · reunionApproach2,False,False,0.44998,4.87849,-19.51802,4.90000,0.00000,0.00000
6726,660.57223,0.03454,Yakından incele · reunionApproach2,False,False,0.44998,4.87849,-19.51802,4.90000,0.00000,0.00000
6727,660.60677,0.03454,Yakından incele · reunionApproach2,False,False,0.44998,4.87849,-19.51802,4.90000,0.00000,0.00000
6728,660.64087,0.03411,Yakından incele · reunionApproach2,False,False,0.44998,4.87849,-19.51802,4.90000,0.00000,0.00000
6729,660.67421,0.03334,Yakından incele · reunionApproach2,False,False,0.44998,4.87849,-19.51802,4.90000,0.00000,0.00000
6730,660.70583,0.03162,Yakından incele · reunionApproach2,False,False,0.44998,4.87849,-19.51802,4.90000,0.00000,0.00000
6731,660.73767,0.03185,Yakından incele · reunionApproach2,False,False,0.44998,4.87849,-19.51802,4.90000,0.00000,0.00000
6732,660.77185,0.03418,Yakından incele · reunionApproach2,False,False,0.44998,4.87849,-19.51802,4.90000,0.00000,0.00000
6733,660.80555,0.03369,Yakından incele · reunionApproach2,False,False,0.44998,4.87849,-19.51802,4.90000,0.00000,0.00000
6734,660.83787,0.03232,Yakından incele · reunionApproach2,False,False,0.44998,4.87849,-19.51802,4.90000,0.00000,0.00000
6735,660.87150,0.03363,Yakından incele · reunionApproach2,False,False,0.44998,4.87849,-19.51802,4.90000,0.00000,0.00000
6736,660.90392,0.03242,Yakından incele · reunionApproach2,False,False,0.44998,4.87849,-19.51802,4.90000,0.00000,0.00000
6737,660.93677,0.03285,Yakından incele · reunionApproach2,False,False,0.44998,4.87849,-19.51802,4.90000,0.00000,0.00000
6738,660.97078,0.03401,Yakından incele · reunionApproach2,False,False,0.44998,4.87849,-19.51802,4.90000,0.00000,0.00000
6739,661.00356,0.03278,Yakından incele · reunionApproach2,False,False,0.44998,4.87849,-19.51802,4.90000,0.00000,0.00000
6740,661.03728,0.03372,Yakından incele · reunionApproach2,False,False,0.44998,4.87849,-19.51802,4.90000,0.00000,0.00000
6741,661.07182,0.03454,Yakından incele · reunionApproach2,False,False,0.44998,4.87849,-19.51802,4.90000,0.00000,0.00000
6742,661.10383,0.03201,Yakından incele · reunionApproach2,False,False,0.44998,4.87849,-19.51802,4.90000,0.00000,0.00000
6743,661.13696,0.03313,Yakından incele · reunionApproach2,False,False,0.44998,4.87849,-19.51802,4.90000,0.00000,0.00000
6744,661.17161,0.03466,Yakından incele · reunionApproach2,False,False,0.44998,4.87849,-19.51802,4.90000,0.00000,0.00000
6745,661.20432,0.03271,Yakından incele · reunionApproach2,False,False,0.44998,4.87849,-19.51802,4.90000,0.00000,0.00000
6746,661.23703,0.03271,Yakından incele · reunionApproach2,False,False,0.44998,4.87849,-19.51802,4.90000,0.00000,0.00000
6747,661.27091,0.03388,Yakından incele · reunionApproach2,False,False,0.44998,4.87849,-19.51802,4.90000,0.00000,0.00000
6748,661.30453,0.03362,Yakından incele · reunionApproach2,False,False,0.44998,4.87849,-19.51802,4.90000,0.00000,0.00000
6749,661.33758,0.03305,Yakından incele · reunionApproach2,False,False,0.44998,4.87849,-19.51802,4.90000,0.00000,0.00000
6750,661.37121,0.03363,Yakından incele · reunionApproach2,False,False,0.44998,4.87849,-19.51802,4.90000,0.00000,0.00000
6751,661.40538,0.03417,Yakından incele · reunionApproach2,False,False,0.44998,4.87849,-19.51802,4.90000,0.00000,0.00000
6752,661.43888,0.03349,Yakından incele · reunion2,True,False,0.42978,4.86895,-19.52470,4.89371,0.02332,0.00000
6753,661.47209,0.03321,Yakından incele · reunion2,True,False,0.36949,4.84048,-19.54464,4.87492,0.06959,0.33338
6754,661.50680,0.03472,Yakından incele · reunion2,True,False,0.27534,4.79602,-19.57578,4.84558,0.10868,0.52489
6755,661.54881,0.04201,Yakından incele · reunion2,True,False,0.09747,4.71202,-19.63461,4.79016,0.20531,0.99149
6756,661.57992,0.03111,Yakından incele · reunion2,True,False,-0.06102,4.63717,-19.68702,4.74077,0.18295,0.88292
6757,661.61350,0.03359,Yakından incele · reunion2,True,False,-0.25667,4.54478,-19.75173,4.67981,0.22583,1.08929
6758,661.64780,0.03430,Yakından incele · reunion2,True,False,-0.47954,4.43953,-19.82543,4.61037,0.25725,1.24110
6759,661.68091,0.03311,Yakından incele · reunion2,True,False,-0.72838,4.32202,-19.90773,4.53283,0.28724,1.38590
6760,661.71293,0.03201,Yakından incele · reunion2,True,False,-0.98584,4.20043,-19.99288,4.45261,0.29719,1.43365
6761,661.74684,0.03391,Yakından incele · reunion2,True,False,-1.26084,4.07056,-20.08383,4.36692,0.31743,1.53132
6762,661.78019,0.03335,Yakından incele · reunion2,True,False,-1.56867,3.92519,-20.18563,4.27100,0.35532,1.71459
6763,661.81314,0.03295,Yakından incele · reunion2,True,False,-1.86392,3.78576,-20.28328,4.17900,0.34081,1.64421
6764,661.84666,0.03352,Yakından incele · reunion2,True,False,-2.18638,3.63348,-20.38992,4.07853,0.37221,1.79619
6765,661.87899,0.03233,Yakından incele · reunion2,True,False,-2.50680,3.48216,-20.49590,3.97868,0.36987,1.78482
6766,661.91271,0.03373,Yakından incele · reunion2,True,False,-2.82717,3.33087,-20.60185,3.87886,0.36980,1.78438
6767,661.94651,0.03379,Yakından incele · reunion2,True,False,-3.16731,3.17024,-20.71434,3.77287,0.39262,1.89500
6768,661.97965,0.03315,Yakından incele · reunion2,True,False,-3.48678,3.01937,-20.82000,3.67333,0.36876,1.77955
6769,662.01270,0.03305,Yakından incele · reunion2,True,False,-3.81514,2.86430,-20.92859,3.57101,0.37903,1.82900
6770,662.04527,0.03256,Yakından incele · reunion2,True,False,-4.12454,2.71819,-21.03092,3.47460,0.35713,1.72324
6771,662.07904,0.03377,Yakından incele · reunion2,True,False,-4.43086,2.57353,-21.13223,3.37915,0.35359,1.70635
6772,662.11277,0.03374,Yakından incele · reunion2,True,False,-4.73428,2.43025,-21.23257,3.28461,0.35023,1.68976
6773,662.14557,0.03280,Yakından incele · reunion2,True,False,-5.00870,2.30065,-21.32333,3.19910,0.31676,1.52877
6774,662.17936,0.03378,Yakından incele · reunion2,True,False,-5.27394,2.17539,-21.41105,3.11646,0.30616,1.47827
6775,662.21335,0.03399,Yakından incele · reunion2,True,False,-5.52039,2.05901,-21.49256,3.03966,0.28448,1.37285
6776,662.24682,0.03347,Yakından incele · reunion2,True,False,-5.74493,1.95297,-21.56682,2.96970,0.25919,1.25053
6777,662.29098,0.04416,Yakından incele · reunion2,True,False,-5.93755,1.86200,-21.63052,2.90968,0.22234,1.07264
6778,662.32457,0.03359,Yakından incele · reunion2,True,False,-6.15710,1.75832,-21.70313,2.84127,0.25342,1.22268
6779,662.34614,0.02157,Yakından incele · reunion2,True,False,-6.24391,1.71732,-21.73184,2.81422,0.10021,0.48133
6780,662.37997,0.03383,Yakından incele · reunion2,True,False,-6.34851,1.66793,-21.76643,2.78163,0.12073,0.58148
6781,662.41352,0.03355,Yakından incele · reunion2,True,False,-6.41857,1.63484,-21.78960,2.75979,0.08087,0.38765
6782,662.44627,0.03274,Yakından incele · reunion2,True,False,-6.44869,1.62062,-21.79957,2.75041,0.03477,0.00000
6783,662.48542,0.03916,Yakından incele · reunion2,False,False,-6.45000,1.62000,-21.80000,2.75000,0.00151,0.00000
6784,662.53673,0.05131,Yakından incele · reunion2,False,False,-6.45000,1.62000,-21.80000,2.75000,0.00000,0.00000
6785,662.54589,0.00916,Yakından incele · reunion2,False,False,-6.45000,1.62000,-21.80000,2.75000,0.00000,0.00000
6786,662.57820,0.03231,Yakından incele · reunion2,False,False,-6.45000,1.62000,-21.80000,2.75000,0.00000,0.00000
6787,662.61224,0.03404,Yakından incele · reunion2,False,False,-6.45000,1.62000,-21.80000,2.75000,0.00000,0.00000
6788,662.64626,0.03402,Yakından incele · reunion2,False,False,-6.45000,1.62000,-21.80000,2.75000,0.00000,0.00000
6789,662.67964,0.03338,Yakından incele · reunion2,False,False,-6.45000,1.62000,-21.80000,2.75000,0.00000,0.00000
6790,662.71274,0.03310,Yakından incele · reunion2,False,False,-6.45000,1.62000,-21.80000,2.75000,0.00000,0.00000
6791,662.74566,0.03292,Yakından incele · reunion2,False,False,-6.45000,1.62000,-21.80000,2.75000,0.00000,0.00000
6792,662.77899,0.03333,Yakından incele · reunion2,False,False,-6.45000,1.62000,-21.80000,2.75000,0.00000,0.00000
6793,662.81225,0.03326,Yakından incele · reunion2,False,False,-6.45000,1.62000,-21.80000,2.75000,0.00000,0.00000
6794,662.84578,0.03353,Yakından incele · reunion2,False,False,-6.45000,1.62000,-21.80000,2.75000,0.00000,0.00000
6795,662.87947,0.03369,Yakından incele · reunion2,False,False,-6.45000,1.62000,-21.80000,2.75000,0.00000,0.00000
6796,662.91211,0.03264,Yakından incele · reunion2,False,False,-6.45000,1.62000,-21.80000,2.75000,0.00000,0.00000
6797,662.94568,0.03357,Yakından incele · reunion2,False,False,-6.45000,1.62000,-21.80000,2.75000,0.00000,0.00000
6798,662.97924,0.03356,Yakından incele · reunion2,False,False,-6.45000,1.62000,-21.80000,2.75000,0.00000,0.00000
6799,663.01300,0.03376,Yakından incele · reunion2,False,False,-6.45000,1.62000,-21.80000,2.75000,0.00000,0.00000
6800,663.04665,0.03365,Yakından incele · reunion2,False,False,-6.45000,1.62000,-21.80000,2.75000,0.00000,0.00000
6801,663.07992,0.03327,Yakından incele · reunion2,False,False,-6.45000,1.62000,-21.80000,2.75000,0.00000,0.00000
6802,663.11270,0.03278,Yakından incele · reunion2,False,False,-6.45000,1.62000,-21.80000,2.75000,0.00000,0.00000
6803,663.14541,0.03271,Yakından incele · reunion2,False,False,-6.45000,1.62000,-21.80000,2.75000,0.00000,0.00000
6804,663.17863,0.03322,Yakından incele · reunion2,False,False,-6.45000,1.62000,-21.80000,2.75000,0.00000,0.00000
6805,663.21329,0.03466,Yakından incele · reunion2,False,False,-6.45000,1.62000,-21.80000,2.75000,0.00000,0.00000
6806,663.24828,0.03499,Yakından incele · reunion2,False,False,-6.45000,1.62000,-21.80000,2.75000,0.00000,0.00000
6807,663.28081,0.03253,Yakından incele · reunion2,False,False,-6.45000,1.62000,-21.80000,2.75000,0.00000,0.00000
6808,663.31219,0.03138,Yakından incele · reunion2,False,False,-6.45000,1.62000,-21.80000,2.75000,0.00000,0.00000
6809,663.34596,0.03376,Yakından incele · reunion2,False,False,-6.45000,1.62000,-21.80000,2.75000,0.00000,0.00000
6810,663.38098,0.03502,Yakından incele · reunion2,False,False,-6.45000,1.62000,-21.80000,2.75000,0.00000,0.00000
6811,663.41430,0.03332,Yakından incele · reunion2,False,False,-6.45000,1.62000,-21.80000,2.75000,0.00000,0.00000
6812,663.44657,0.03228,Yakından incele · reunion2,False,False,-6.45000,1.62000,-21.80000,2.75000,0.00000,0.00000
6813,663.48066,0.03408,Yakından incele · reunion2,False,False,-6.45000,1.62000,-21.80000,2.75000,0.00000,0.00000
6814,663.51265,0.03199,Yakından incele · reunion2,False,False,-6.45000,1.62000,-21.80000,2.75000,0.00000,0.00000
6815,663.54484,0.03219,Yakından incele · reunion2,False,False,-6.45000,1.62000,-21.80000,2.75000,0.00000,0.00000
6816,663.57853,0.03369,Yakından incele · reunion2,False,False,-6.45000,1.62000,-21.80000,2.75000,0.00000,0.00000
6817,663.61288,0.03435,Yakından incele · reunion2,False,False,-6.45000,1.62000,-21.80000,2.75000,0.00000,0.00000
6818,663.64592,0.03305,Yakından incele · reunion2,False,False,-6.45000,1.62000,-21.80000,2.75000,0.00000,0.00000
6819,663.67869,0.03276,Yakından incele · reunion2,False,False,-6.45000,1.62000,-21.80000,2.75000,0.00000,0.00000
6820,663.71257,0.03388,Yakından incele · reunion2,False,False,-6.45000,1.62000,-21.80000,2.75000,0.00000,0.00000
6821,663.75031,0.03774,Yakından incele · reunion2,False,False,-6.45000,1.62000,-21.80000,2.75000,0.00000,0.00000
6822,663.80075,0.05044,Yakından incele · reunion2,False,False,-6.45000,1.62000,-21.80000,2.75000,0.00000,0.00000
6823,663.81738,0.01663,Yakından incele · reunion2,False,False,-6.45000,1.62000,-21.80000,2.75000,0.00000,0.00000
6824,663.84786,0.03047,Yakından incele · reunion2,False,False,-6.45000,1.62000,-21.80000,2.75000,0.00000,0.00000
6825,663.87876,0.03090,Yakından incele · reunion2,False,False,-6.45000,1.62000,-21.80000,2.75000,0.00000,0.00000
6826,663.91423,0.03547,Yakından incele · reunion2,False,False,-6.45000,1.62000,-21.80000,2.75000,0.00000,0.00000
6827,663.94815,0.03392,Yakından incele · reunion2,False,False,-6.45000,1.62000,-21.80000,2.75000,0.00000,0.00000
6828,663.97937,0.03122,Yakından incele · reunion2,False,False,-6.45000,1.62000,-21.80000,2.75000,0.00000,0.00000
6829,664.01202,0.03264,Yakından incele · reunion2,False,False,-6.45000,1.62000,-21.80000,2.75000,0.00000,0.00000
6830,664.04545,0.03343,Yakından incele · reunion2,False,False,-6.45000,1.62000,-21.80000,2.75000,0.00000,0.00000
6831,664.07901,0.03356,Yakından incele · reunion2,False,False,-6.45000,1.62000,-21.80000,2.75000,0.00000,0.00000
6832,664.11204,0.03302,Yakından incele · reunion2,False,False,-6.45000,1.62000,-21.80000,2.75000,0.00000,0.00000
6833,664.14538,0.03335,Yakından incele · reunion2,False,False,-6.45000,1.62000,-21.80000,2.75000,0.00000,0.00000
6834,664.17930,0.03391,Yakından incele · reunion2,False,False,-6.45000,1.62000,-21.80000,2.75000,0.00000,0.00000
6835,664.21245,0.03315,Yakından incele · reunion2,False,False,-6.45000,1.62000,-21.80000,2.75000,0.00000,0.00000
6836,664.24573,0.03328,Yakından incele · reunion2,False,False,-6.45000,1.62000,-21.80000,2.75000,0.00000,0.00000
6837,664.27963,0.03390,Yakından incele · reunion2,False,False,-6.45000,1.62000,-21.80000,2.75000,0.00000,0.00000
6838,664.31328,0.03365,Yakından incele · reunion2,False,False,-6.45000,1.62000,-21.80000,2.75000,0.00000,0.00000
6839,664.34572,0.03245,Yakından incele · reunion2,False,False,-6.45000,1.62000,-21.80000,2.75000,0.00000,0.00000
6840,664.37902,0.03329,Yakından incele · reunion2,False,False,-6.45000,1.62000,-21.80000,2.75000,0.00000,0.00000
6841,664.41317,0.03416,Yakından incele · reunion2,False,False,-6.45000,1.62000,-21.80000,2.75000,0.00000,0.00000
6842,664.44695,0.03378,Yakından incele · reunion2,False,False,-6.45000,1.62000,-21.80000,2.75000,0.00000,0.00000
6843,664.47934,0.03239,Yakından incele · reunion2,False,False,-6.45000,1.62000,-21.80000,2.75000,0.00000,0.00000
6844,664.51220,0.03286,Yakından incele · reunion2,False,False,-6.45000,1.62000,-21.80000,2.75000,0.00000,0.00000
6845,664.54533,0.03313,Yakından incele · reunion2,False,False,-6.45000,1.62000,-21.80000,2.75000,0.00000,0.00000
6846,664.57893,0.03361,Yakından incele · reunion2,False,False,-6.45000,1.62000,-21.80000,2.75000,0.00000,0.00000
6847,664.61241,0.03347,Yakından incele · reunion2,False,False,-6.45000,1.62000,-21.80000,2.75000,0.00000,0.00000
6848,664.64633,0.03392,Yakından incele · reunion2,False,False,-6.45000,1.62000,-21.80000,2.75000,0.00000,0.00000
6849,664.67964,0.03331,Yakından incele · reunion2,False,False,-6.45000,1.62000,-21.80000,2.75000,0.00000,0.00000
6850,664.71224,0.03261,Yakından incele · reunion2,False,False,-6.45000,1.62000,-21.80000,2.75000,0.00000,0.00000
6851,664.74570,0.03346,Yakından incele · reunion2,False,False,-6.45000,1.62000,-21.80000,2.75000,0.00000,0.00000
6852,664.77976,0.03406,Yakından incele · reunion2,False,False,-6.45000,1.62000,-21.80000,2.75000,0.00000,0.00000
6853,664.82774,0.04798,Yakından incele · reunion2,False,False,-6.45000,1.62000,-21.80000,2.75000,0.00000,0.00000
6854,664.87209,0.04435,Yakından incele · reunion2,False,False,-6.45000,1.62000,-21.80000,2.75000,0.00000,0.00000
6855,664.89062,0.01853,Yakından incele · reunion2,False,False,-6.45000,1.62000,-21.80000,2.75000,0.00000,0.00000
6856,664.92048,0.02987,Yakından incele · reunion2,False,False,-6.45000,1.62000,-21.80000,2.75000,0.00000,0.00000
6857,664.95317,0.03269,Yakından incele · reunion2,False,False,-6.45000,1.62000,-21.80000,2.75000,0.00000,0.00000
6858,664.98817,0.03500,Yakından incele · reunion2,False,False,-6.45000,1.62000,-21.80000,2.75000,0.00000,0.00000
6859,665.02367,0.03550,Yakından incele · reunion2,False,False,-6.45000,1.62000,-21.80000,2.75000,0.00000,0.00000
6860,665.05583,0.03216,Yakından incele · reunion2,False,False,-6.45000,1.62000,-21.80000,2.75000,0.00000,0.00000
6861,665.08965,0.03381,Yakından incele · reunion2,False,False,-6.45000,1.62000,-21.80000,2.75000,0.00000,0.00000
6862,665.12515,0.03550,Yakından incele · reunion2,False,False,-6.45000,1.62000,-21.80000,2.75000,0.00000,0.00000
6863,665.17073,0.04559,Yakından incele · reunion2,False,False,-6.45000,1.62000,-21.80000,2.75000,0.00000,0.00000
6864,665.19152,0.02079,Yakından incele · reunion2,False,False,-6.45000,1.62000,-21.80000,2.75000,0.00000,0.00000
6865,665.22381,0.03230,Yakından incele · reunion2,False,False,-6.45000,1.62000,-21.80000,2.75000,0.00000,0.00000
6866,665.25218,0.02837,Yakından incele · reunion2,False,False,-6.45000,1.62000,-21.80000,2.75000,0.00000,0.00000
6867,665.28604,0.03386,Yakından incele · reunion2,False,False,-6.45000,1.62000,-21.80000,2.75000,0.00000,0.00000
6868,665.32004,0.03400,Yakından incele · reunion2,False,False,-6.45000,1.62000,-21.80000,2.75000,0.00000,0.00000
6869,665.35349,0.03344,Yakından incele · reunion2,False,False,-6.45000,1.62000,-21.80000,2.75000,0.00000,0.00000
6870,665.38672,0.03323,Yakından incele · reunion2,False,False,-6.45000,1.62000,-21.80000,2.75000,0.00000,0.00000
6871,665.42025,0.03353,Yakından incele · reunion2,False,False,-6.45000,1.62000,-21.80000,2.75000,0.00000,0.00000
6872,665.45341,0.03317,Yakından incele · reunion2,False,False,-6.45000,1.62000,-21.80000,2.75000,0.00000,0.00000
6873,665.48673,0.03332,Yakından incele · reunion2,False,False,-6.45000,1.62000,-21.80000,2.75000,0.00000,0.00000
6874,665.51989,0.03316,Yakından incele · reunion2,False,False,-6.45000,1.62000,-21.80000,2.75000,0.00000,0.00000
6875,665.55316,0.03327,Yakından incele · reunion2,False,False,-6.45000,1.62000,-21.80000,2.75000,0.00000,0.00000
6876,665.58690,0.03374,Yakından incele · reunion2,False,False,-6.45000,1.62000,-21.80000,2.75000,0.00000,0.00000
6877,665.61955,0.03264,Yakından incele · reunion2,False,False,-6.45000,1.62000,-21.80000,2.75000,0.00000,0.00000
6878,665.65312,0.03357,Yakından incele · reunion2,False,False,-6.45000,1.62000,-21.80000,2.75000,0.00000,0.00000
6879,665.68698,0.03386,Yakından incele · reunion2,False,False,-6.45000,1.62000,-21.80000,2.75000,0.00000,0.00000
6880,665.71977,0.03278,Yakından incele · reunion2,False,False,-6.45000,1.62000,-21.80000,2.75000,0.00000,0.00000
6881,665.75357,0.03380,Yakından incele · reunion2,False,False,-6.45000,1.62000,-21.80000,2.75000,0.00000,0.00000
6882,665.78739,0.03382,Yakından incele · reunion2,False,False,-6.45000,1.62000,-21.80000,2.75000,0.00000,0.00000
6883,665.82041,0.03302,Yakından incele · reunion2,False,False,-6.45000,1.62000,-21.80000,2.75000,0.00000,0.00000
6884,665.85346,0.03305,Yakından incele · reunion2,False,False,-6.45000,1.62000,-21.80000,2.75000,0.00000,0.00000
6885,665.88702,0.03356,Yakından incele · reunion2,False,False,-6.45000,1.62000,-21.80000,2.75000,0.00000,0.00000
6886,665.92048,0.03346,Yakından incele · reunion2,False,False,-6.45000,1.62000,-21.80000,2.75000,0.00000,0.00000
6887,665.95335,0.03287,Yakından incele · reunion2,False,False,-6.45000,1.62000,-21.80000,2.75000,0.00000,0.00000
6888,665.98974,0.03639,Yakından incele · reunion2,False,False,-6.45000,1.62000,-21.80000,2.75000,0.00000,0.00000
6889,666.02357,0.03383,Yakından incele · reunion2,False,False,-6.45000,1.62000,-21.80000,2.75000,0.00000,0.00000
6890,666.05425,0.03068,Yakından incele · reunion2,False,False,-6.45000,1.62000,-21.80000,2.75000,0.00000,0.00000
6891,666.08677,0.03252,Yakından incele · reunion2,False,False,-6.45000,1.62000,-21.80000,2.75000,0.00000,0.00000
6892,666.12002,0.03325,Yakından incele · reunion2,False,False,-6.45000,1.62000,-21.80000,2.75000,0.00000,0.00000
6893,666.15758,0.03756,Yakından incele · reunion2,False,False,-6.45000,1.62000,-21.80000,2.75000,0.00000,0.00000
6894,666.19182,0.03423,Yakından incele · reunion2,False,False,-6.45000,1.62000,-21.80000,2.75000,0.00000,0.00000
6895,666.22559,0.03377,Yakından incele · reunion2,False,False,-6.45000,1.62000,-21.80000,2.75000,0.00000,0.00000
6896,666.26262,0.03703,Yakından incele · reunion2,False,False,-6.45000,1.62000,-21.80000,2.75000,0.00000,0.00000
6897,666.29433,0.03171,Yakından incele · reunion2,False,False,-6.45000,1.62000,-21.80000,2.75000,0.00000,0.00000
6898,666.32278,0.02845,Yakından incele · reunion2,False,False,-6.45000,1.62000,-21.80000,2.75000,0.00000,0.00000
6899,666.35317,0.03038,Yakından incele · reunion2,False,False,-6.45000,1.62000,-21.80000,2.75000,0.00000,0.00000
6900,666.38672,0.03356,Yakından incele · reunion2,False,False,-6.45000,1.62000,-21.80000,2.75000,0.00000,0.00000
6901,666.42026,0.03354,Yakından incele · reunion2,False,False,-6.45000,1.62000,-21.80000,2.75000,0.00000,0.00000
6902,666.45304,0.03278,Yakından incele · reunion2,False,False,-6.45000,1.62000,-21.80000,2.75000,0.00000,0.00000
6903,666.48627,0.03323,Yakından incele · reunion2,False,False,-6.45000,1.62000,-21.80000,2.75000,0.00000,0.00000
6904,666.52026,0.03400,Yakından incele · reunion2,False,False,-6.45000,1.62000,-21.80000,2.75000,0.00000,0.00000
6905,666.55328,0.03302,Yakından incele · reunion2,False,False,-6.45000,1.62000,-21.80000,2.75000,0.00000,0.00000
6906,666.58675,0.03347,Yakından incele · reunion2,False,False,-6.45000,1.62000,-21.80000,2.75000,0.00000,0.00000
6907,666.62028,0.03353,Yakından incele · reunion2,False,False,-6.45000,1.62000,-21.80000,2.75000,0.00000,0.00000
6908,666.65369,0.03341,Yakından incele · reunion2,False,False,-6.45000,1.62000,-21.80000,2.75000,0.00000,0.00000
6909,666.68680,0.03311,Yakından incele · reunion2,False,False,-6.45000,1.62000,-21.80000,2.75000,0.00000,0.00000
6910,666.71960,0.03280,Yakından incele · reunion2,False,False,-6.45000,1.62000,-21.80000,2.75000,0.00000,0.00000
6911,666.75272,0.03312,Yakından incele · reunion2,False,False,-6.45000,1.62000,-21.80000,2.75000,0.00000,0.00000
6912,666.78650,0.03379,Yakından incele · reunion2,False,False,-6.45000,1.62000,-21.80000,2.75000,0.00000,0.00000
6913,666.81959,0.03309,Yakından incele · reunion2,False,False,-6.45000,1.62000,-21.80000,2.75000,0.00000,0.00000
6914,666.85271,0.03312,Yakından incele · reunion2,False,False,-6.45000,1.62000,-21.80000,2.75000,0.00000,0.00000
6915,666.88737,0.03465,Yakından incele · reunion2,False,False,-6.45000,1.62000,-21.80000,2.75000,0.00000,0.00000
6916,666.92170,0.03434,Yakından incele · reunion2,False,False,-6.45000,1.62000,-21.80000,2.75000,0.00000,0.00000
6917,666.95364,0.03194,Yakından incele · reunion2,False,False,-6.45000,1.62000,-21.80000,2.75000,0.00000,0.00000
6918,666.98770,0.03406,Yakından incele · reunion2,False,False,-6.45000,1.62000,-21.80000,2.75000,0.00000,0.00000
6919,667.02119,0.03349,Yakından incele · reunion2,False,False,-6.45000,1.62000,-21.80000,2.75000,0.00000,0.00000
6920,667.05316,0.03197,Yakından incele · reunion2,False,False,-6.45000,1.62000,-21.80000,2.75000,0.00000,0.00000
6921,667.08709,0.03393,Yakından incele · reunion2,False,False,-6.45000,1.62000,-21.80000,2.75000,0.00000,0.00000
6922,667.12042,0.03333,Yakından incele · reunion2,False,False,-6.45000,1.62000,-21.80000,2.75000,0.00000,0.00000
6923,667.15374,0.03332,Yakından incele · reunion2,False,False,-6.45000,1.62000,-21.80000,2.75000,0.00000,0.00000
6924,667.18754,0.03380,Yakından incele · reunion2,False,False,-6.45000,1.62000,-21.80000,2.75000,0.00000,0.00000
6925,667.22036,0.03282,Yakından incele · reunion2,False,False,-6.45000,1.62000,-21.80000,2.75000,0.00000,0.00000
6926,667.25444,0.03407,Yakından incele · reunion2,False,False,-6.45000,1.62000,-21.80000,2.75000,0.00000,0.00000
6927,667.28916,0.03472,Yakından incele · reunion2,False,False,-6.45000,1.62000,-21.80000,2.75000,0.00000,0.00000
6928,667.32242,0.03326,Yakından incele · reunion2,False,False,-6.45000,1.62000,-21.80000,2.75000,0.00000,0.00000
6929,667.35518,0.03275,Yakından incele · reunion2,False,False,-6.45000,1.62000,-21.80000,2.75000,0.00000,0.00000
6930,667.39114,0.03596,Yakından incele · reunion2,False,False,-6.45000,1.62000,-21.80000,2.75000,0.00000,0.00000
6931,667.42345,0.03231,Yakından incele · reunion2,False,False,-6.45000,1.62000,-21.80000,2.75000,0.00000,0.00000
6932,667.45293,0.02948,Yakından incele · reunion2,False,False,-6.45000,1.62000,-21.80000,2.75000,0.00000,0.00000
6933,667.48644,0.03351,Yakından incele · reunion2,False,False,-6.45000,1.62000,-21.80000,2.75000,0.00000,0.00000
6934,667.52091,0.03447,Yakından incele · reunion2,False,False,-6.45000,1.62000,-21.80000,2.75000,0.00000,0.00000
6935,667.55777,0.03686,Yakından incele · reunion2,False,False,-6.45000,1.62000,-21.80000,2.75000,0.00000,0.00000
6936,667.59114,0.03338,Yakından incele · reunion2,False,False,-6.45000,1.62000,-21.80000,2.75000,0.00000,0.00000
6937,667.62065,0.02951,Yakından incele · reunion2,False,False,-6.45000,1.62000,-21.80000,2.75000,0.00000,0.00000
6938,667.65398,0.03332,Yakından incele · reunion2,False,False,-6.45000,1.62000,-21.80000,2.75000,0.00000,0.00000
6939,667.68730,0.03333,Yakından incele · reunion2,False,False,-6.45000,1.62000,-21.80000,2.75000,0.00000,0.00000
6940,667.71994,0.03264,Yakından incele · reunion2,False,False,-6.45000,1.62000,-21.80000,2.75000,0.00000,0.00000
6941,667.75329,0.03335,Yakından incele · reunion2,False,False,-6.45000,1.62000,-21.80000,2.75000,0.00000,0.00000
6942,667.78676,0.03347,Yakından incele · reunion2,False,False,-6.45000,1.62000,-21.80000,2.75000,0.00000,0.00000
6943,667.81932,0.03257,Yakından incele · reunion2,False,False,-6.45000,1.62000,-21.80000,2.75000,0.00000,0.00000
6944,667.85299,0.03367,Yakından incele · reunion2,False,False,-6.45000,1.62000,-21.80000,2.75000,0.00000,0.00000
6945,667.94471,0.09172,Yakından incele · reunion2,False,False,-6.45000,1.62000,-21.80000,2.75000,0.00000,0.00000
6946,667.95155,0.00684,Yakından incele · reunion2,False,False,-6.45000,1.62000,-21.80000,2.75000,0.00000,0.00000
6947,667.97188,0.02032,Yakından incele · reunion2,False,False,-6.45000,1.62000,-21.80000,2.75000,0.00000,0.00000
6948,667.98930,0.01742,Yakından incele · reunion2,False,False,-6.45000,1.62000,-21.80000,2.75000,0.00000,0.00000
6949,668.00679,0.01750,Yakından incele · reunion2,False,False,-6.45000,1.62000,-21.80000,2.75000,0.00000,0.00000
6950,668.02258,0.01578,Yakından incele · reunion2,False,False,-6.45000,1.62000,-21.80000,2.75000,0.00000,0.00000
6951,668.05094,0.02837,Yakından incele · reunion2,False,False,-6.45000,1.62000,-21.80000,2.75000,0.00000,0.00000
6952,668.05723,0.00628,Yakından incele · reunion2,False,False,-6.45000,1.62000,-21.80000,2.75000,0.00000,0.00000
6953,668.07213,0.01490,Yakından incele · reunion2,False,False,-6.45000,1.62000,-21.80000,2.75000,0.00000,0.00000
6954,668.08857,0.01644,Yakından incele · reunion2,False,False,-6.45000,1.62000,-21.80000,2.75000,0.00000,0.00000
6955,668.10543,0.01687,Yakından incele · reunion2,False,False,-6.45000,1.62000,-21.80000,2.75000,0.00000,0.00000
6956,668.12209,0.01666,Yakından incele · reunion2,False,False,-6.45000,1.62000,-21.80000,2.75000,0.00000,0.00000
6957,668.13894,0.01685,Yakından incele · reunion2,False,False,-6.45000,1.62000,-21.80000,2.75000,0.00000,0.00000
6958,668.15605,0.01711,Yakından incele · reunion2,False,False,-6.45000,1.62000,-21.80000,2.75000,0.00000,0.00000
6959,668.17211,0.01606,Yakından incele · reunion2,False,False,-6.45000,1.62000,-21.80000,2.75000,0.00000,0.00000
6960,668.18894,0.01683,Yakından incele · reunion2,False,False,-6.45000,1.62000,-21.80000,2.75000,0.00000,0.00000
6961,668.20526,0.01631,Yakından incele · reunion2,False,False,-6.45000,1.62000,-21.80000,2.75000,0.00000,0.00000
6962,668.22186,0.01660,Yakından incele · reunion2,False,False,-6.45000,1.62000,-21.80000,2.75000,0.00000,0.00000
6963,668.23818,0.01632,Yakından incele · reunion2,False,False,-6.45000,1.62000,-21.80000,2.75000,0.00000,0.00000
6964,668.25561,0.01743,Yakından incele · reunion2,False,False,-6.45000,1.62000,-21.80000,2.75000,0.00000,0.00000
6965,668.27196,0.01635,Yakından incele · reunion2,False,False,-6.45000,1.62000,-21.80000,2.75000,0.00000,0.00000
6966,668.28902,0.01706,Yakından incele · reunion2,False,False,-6.45000,1.62000,-21.80000,2.75000,0.00000,0.00000
6967,668.30553,0.01651,Yakından incele · reunion2,False,False,-6.45000,1.62000,-21.80000,2.75000,0.00000,0.00000
6968,668.32205,0.01652,Yakından incele · reunion2,False,False,-6.45000,1.62000,-21.80000,2.75000,0.00000,0.00000
6969,668.33898,0.01693,Yakından incele · reunion2,False,False,-6.45000,1.62000,-21.80000,2.75000,0.00000,0.00000
6970,668.35504,0.01607,Yakından incele · reunion2,False,False,-6.45000,1.62000,-21.80000,2.75000,0.00000,0.00000
6971,668.37208,0.01704,Yakından incele · reunion2,False,False,-6.45000,1.62000,-21.80000,2.75000,0.00000,0.00000
6972,668.38903,0.01694,Yakından incele · reunion2,False,False,-6.45000,1.62000,-21.80000,2.75000,0.00000,0.00000
6973,668.40567,0.01664,Yakından incele · reunion2,False,False,-6.45000,1.62000,-21.80000,2.75000,0.00000,0.00000
6974,668.42242,0.01675,Yakından incele · reunion2,False,False,-6.45000,1.62000,-21.80000,2.75000,0.00000,0.00000
6975,668.43847,0.01605,Yakından incele · reunion2,False,False,-6.45000,1.62000,-21.80000,2.75000,0.00000,0.00000
6976,668.45512,0.01665,Yakından incele · reunion2,False,False,-6.45000,1.62000,-21.80000,2.75000,0.00000,0.00000
6977,668.47367,0.01856,Yakından incele · reunion2,False,False,-6.45000,1.62000,-21.80000,2.75000,0.00000,0.00000
6978,668.48892,0.01525,Yakından incele · reunion2,False,False,-6.45000,1.62000,-21.80000,2.75000,0.00000,0.00000
6979,668.50563,0.01671,Yakından incele · reunion2,False,False,-6.45000,1.62000,-21.80000,2.75000,0.00000,0.00000
6980,668.52293,0.01730,Yakından incele · reunion2,False,False,-6.45000,1.62000,-21.80000,2.75000,0.00000,0.00000
6981,668.53994,0.01701,Yakından incele · reunion2,False,False,-6.45000,1.62000,-21.80000,2.75000,0.00000,0.00000
6982,668.55583,0.01589,Yakından incele · reunion2,False,False,-6.45000,1.62000,-21.80000,2.75000,0.00000,0.00000
6983,668.57233,0.01650,Yakından incele · reunion2,False,False,-6.45000,1.62000,-21.80000,2.75000,0.00000,0.00000
6984,668.59129,0.01896,Yakından incele · reunion2,False,False,-6.45000,1.62000,-21.80000,2.75000,0.00000,0.00000
6985,668.60538,0.01409,Yakından incele · reunion2,False,False,-6.45000,1.62000,-21.80000,2.75000,0.00000,0.00000
6986,668.62169,0.01632,Yakından incele · reunion2,False,False,-6.45000,1.62000,-21.80000,2.75000,0.00000,0.00000
6987,668.63835,0.01665,Yakından incele · reunion2,False,False,-6.45000,1.62000,-21.80000,2.75000,0.00000,0.00000
6988,668.65553,0.01719,Yakından incele · reunion2,False,False,-6.45000,1.62000,-21.80000,2.75000,0.00000,0.00000
6989,668.67168,0.01615,Yakından incele · reunion2,False,False,-6.45000,1.62000,-21.80000,2.75000,0.00000,0.00000
6990,668.68909,0.01742,Yakından incele · reunion2,False,False,-6.45000,1.62000,-21.80000,2.75000,0.00000,0.00000
6991,668.70543,0.01634,Yakından incele · reunion2,False,False,-6.45000,1.62000,-21.80000,2.75000,0.00000,0.00000
6992,668.72245,0.01701,Yakından incele · reunion2,False,False,-6.45000,1.62000,-21.80000,2.75000,0.00000,0.00000
6993,668.73851,0.01607,Yakından incele · reunion2,False,False,-6.45000,1.62000,-21.80000,2.75000,0.00000,0.00000
6994,668.75593,0.01742,Yakından incele · reunion2,False,False,-6.45000,1.62000,-21.80000,2.75000,0.00000,0.00000
6995,668.77356,0.01764,Yakından incele · reunion2,False,False,-6.45000,1.62000,-21.80000,2.75000,0.00000,0.00000
6996,668.78953,0.01597,Yakından incele · reunion2,False,False,-6.45000,1.62000,-21.80000,2.75000,0.00000,0.00000
6997,668.80556,0.01603,Yakından incele · reunion2,False,False,-6.45000,1.62000,-21.80000,2.75000,0.00000,0.00000
6998,668.82246,0.01690,Yakından incele · reunion2,False,False,-6.45000,1.62000,-21.80000,2.75000,0.00000,0.00000
6999,668.83897,0.01652,Yakından incele · reunion2,False,False,-6.45000,1.62000,-21.80000,2.75000,0.00000,0.00000
7000,668.85620,0.01722,Yakından incele · reunion2,False,False,-6.45000,1.62000,-21.80000,2.75000,0.00000,0.00000
7001,668.87193,0.01573,Yakından incele · reunion2,False,False,-6.45000,1.62000,-21.80000,2.75000,0.00000,0.00000
7002,668.88939,0.01746,Yakından incele · reunion2,False,False,-6.45000,1.62000,-21.80000,2.75000,0.00000,0.00000
7003,668.90590,0.01650,Yakından incele · reunion2,False,False,-6.45000,1.62000,-21.80000,2.75000,0.00000,0.00000
7004,668.92272,0.01683,Yakından incele · reunion2,False,False,-6.45000,1.62000,-21.80000,2.75000,0.00000,0.00000
7005,668.93898,0.01626,Yakından incele · reunion2,False,False,-6.45000,1.62000,-21.80000,2.75000,0.00000,0.00000
7006,668.95535,0.01637,Yakından incele · reunion2,False,False,-6.45000,1.62000,-21.80000,2.75000,0.00000,0.00000
7007,668.97288,0.01753,Yakından incele · reunion2,False,False,-6.45000,1.62000,-21.80000,2.75000,0.00000,0.00000
7008,668.98896,0.01608,Yakından incele · reunion2,False,False,-6.45000,1.62000,-21.80000,2.75000,0.00000,0.00000
7009,669.00579,0.01684,Yakından incele · reunion2,False,False,-6.45000,1.62000,-21.80000,2.75000,0.00000,0.00000
7010,669.02216,0.01636,Yakından incele · reunion2,False,False,-6.45000,1.62000,-21.80000,2.75000,0.00000,0.00000
7011,669.03975,0.01759,Yakından incele · reunion2,False,False,-6.45000,1.62000,-21.80000,2.75000,0.00000,0.00000
7012,669.05580,0.01606,Yakından incele · reunion2,False,False,-6.45000,1.62000,-21.80000,2.75000,0.00000,0.00000
7013,669.07244,0.01664,Yakından incele · reunion2,False,False,-6.45000,1.62000,-21.80000,2.75000,0.00000,0.00000
7014,669.08920,0.01676,Yakından incele · reunion2,False,False,-6.45000,1.62000,-21.80000,2.75000,0.00000,0.00000
7015,669.10532,0.01612,Yakından incele · reunion2,False,False,-6.45000,1.62000,-21.80000,2.75000,0.00000,0.00000
7016,669.12230,0.01698,Yakından incele · reunion2,False,False,-6.45000,1.62000,-21.80000,2.75000,0.00000,0.00000
7017,669.13865,0.01635,Yakından incele · reunion2,False,False,-6.45000,1.62000,-21.80000,2.75000,0.00000,0.00000
7018,669.15561,0.01696,Yakından incele · reunion2,False,False,-6.45000,1.62000,-21.80000,2.75000,0.00000,0.00000
7019,669.17295,0.01734,Yakından incele · reunion2,False,False,-6.45000,1.62000,-21.80000,2.75000,0.00000,0.00000
7020,669.18887,0.01591,Yakından incele · reunion2,False,False,-6.45000,1.62000,-21.80000,2.75000,0.00000,0.00000
7021,669.20556,0.01669,Yakından incele · reunion2,False,False,-6.45000,1.62000,-21.80000,2.75000,0.00000,0.00000
7022,669.22287,0.01732,Yakından incele · reunion2,False,False,-6.45000,1.62000,-21.80000,2.75000,0.00000,0.00000
7023,669.23943,0.01656,Yakından incele · reunion2,False,False,-6.45000,1.62000,-21.80000,2.75000,0.00000,0.00000
7024,669.25594,0.01651,Yakından incele · reunion2,False,False,-6.45000,1.62000,-21.80000,2.75000,0.00000,0.00000
7025,669.27218,0.01624,Yakından incele · reunion2,False,False,-6.45000,1.62000,-21.80000,2.75000,0.00000,0.00000
7026,669.29002,0.01784,Yakından incele · reunion2,False,False,-6.45000,1.62000,-21.80000,2.75000,0.00000,0.00000
7027,669.30585,0.01583,Yakından incele · reunion2,False,False,-6.45000,1.62000,-21.80000,2.75000,0.00000,0.00000
7028,669.32243,0.01658,Yakından incele · reunion2,False,False,-6.45000,1.62000,-21.80000,2.75000,0.00000,0.00000
7029,669.33876,0.01634,Yakından incele · reunion2,False,False,-6.45000,1.62000,-21.80000,2.75000,0.00000,0.00000
7030,669.35493,0.01617,Yakından incele · reunion2,False,False,-6.45000,1.62000,-21.80000,2.75000,0.00000,0.00000
7031,669.37319,0.01825,Yakından incele · reunion2,False,False,-6.45000,1.62000,-21.80000,2.75000,0.00000,0.00000
7032,669.38863,0.01544,Yakından incele · reunion2,False,False,-6.45000,1.62000,-21.80000,2.75000,0.00000,0.00000
7033,669.40559,0.01697,Yakından incele · reunion2,False,False,-6.45000,1.62000,-21.80000,2.75000,0.00000,0.00000
7034,669.42169,0.01609,Yakından incele · reunion2,False,False,-6.45000,1.62000,-21.80000,2.75000,0.00000,0.00000
7035,669.43907,0.01738,Yakından incele · reunion2,False,False,-6.45000,1.62000,-21.80000,2.75000,0.00000,0.00000
7036,669.45576,0.01670,Yakından incele · reunion2,False,False,-6.45000,1.62000,-21.80000,2.75000,0.00000,0.00000
7037,669.47259,0.01683,Yakından incele · reunion2,False,False,-6.45000,1.62000,-21.80000,2.75000,0.00000,0.00000
7038,669.48915,0.01656,Yakından incele · reunion2,False,False,-6.45000,1.62000,-21.80000,2.75000,0.00000,0.00000
7039,669.50609,0.01694,Yakından incele · reunion2,False,False,-6.45000,1.62000,-21.80000,2.75000,0.00000,0.00000
7040,669.52259,0.01649,Yakından incele · reunion2,False,False,-6.45000,1.62000,-21.80000,2.75000,0.00000,0.00000
7041,669.53808,0.01549,Yakından incele · reunion2,False,False,-6.45000,1.62000,-21.80000,2.75000,0.00000,0.00000
7042,669.55510,0.01702,Yakından incele · reunion2,False,False,-6.45000,1.62000,-21.80000,2.75000,0.00000,0.00000
7043,669.57220,0.01710,Yakından incele · reunion2,False,False,-6.45000,1.62000,-21.80000,2.75000,0.00000,0.00000
7044,669.58887,0.01667,Yakından incele · reunion2,False,False,-6.45000,1.62000,-21.80000,2.75000,0.00000,0.00000
7045,669.60526,0.01639,Yakından incele · reunion2,False,False,-6.45000,1.62000,-21.80000,2.75000,0.00000,0.00000
7046,669.62237,0.01711,Yakından incele · reunion2,False,False,-6.45000,1.62000,-21.80000,2.75000,0.00000,0.00000
7047,669.63878,0.01640,Yakından incele · reunion2,False,False,-6.45000,1.62000,-21.80000,2.75000,0.00000,0.00000
7048,669.65530,0.01653,Yakından incele · reunion2,False,False,-6.45000,1.62000,-21.80000,2.75000,0.00000,0.00000
7049,669.67214,0.01683,Yakından incele · reunion2,False,False,-6.45000,1.62000,-21.80000,2.75000,0.00000,0.00000
7050,669.68877,0.01664,Yakından incele · reunion2,False,False,-6.45000,1.62000,-21.80000,2.75000,0.00000,0.00000
7051,669.70562,0.01685,Yakından incele · reunion2,False,False,-6.45000,1.62000,-21.80000,2.75000,0.00000,0.00000
7052,669.72215,0.01652,Yakından incele · reunion2,False,False,-6.45000,1.62000,-21.80000,2.75000,0.00000,0.00000
7053,669.73909,0.01694,Yakından incele · reunion2,False,False,-6.45000,1.62000,-21.80000,2.75000,0.00000,0.00000
7054,669.75531,0.01623,Yakından incele · reunion2,False,False,-6.45000,1.62000,-21.80000,2.75000,0.00000,0.00000
7055,669.77234,0.01703,Yakından incele · reunion2,False,False,-6.45000,1.62000,-21.80000,2.75000,0.00000,0.00000
7056,669.78861,0.01627,Yakından incele · reunion2,False,False,-6.45000,1.62000,-21.80000,2.75000,0.00000,0.00000
7057,669.80568,0.01707,Yakından incele · reunion2,False,False,-6.45000,1.62000,-21.80000,2.75000,0.00000,0.00000
7058,669.82176,0.01608,Yakından incele · reunion2,False,False,-6.45000,1.62000,-21.80000,2.75000,0.00000,0.00000
7059,669.83863,0.01687,Yakından incele · reunion2,False,False,-6.45000,1.62000,-21.80000,2.75000,0.00000,0.00000
7060,669.85540,0.01677,Yakından incele · reunion2,False,False,-6.45000,1.62000,-21.80000,2.75000,0.00000,0.00000
7061,669.87222,0.01683,Yakından incele · reunion2,False,False,-6.45000,1.62000,-21.80000,2.75000,0.00000,0.00000
7062,669.88849,0.01626,Yakından incele · reunion2,False,False,-6.45000,1.62000,-21.80000,2.75000,0.00000,0.00000
7063,669.90538,0.01689,Yakından incele · reunion2,False,False,-6.45000,1.62000,-21.80000,2.75000,0.00000,0.00000
7064,669.92223,0.01686,Yakından incele · reunion2,False,False,-6.45000,1.62000,-21.80000,2.75000,0.00000,0.00000
7065,669.93974,0.01751,Yakından incele · reunion2,False,False,-6.45000,1.62000,-21.80000,2.75000,0.00000,0.00000
7066,669.95603,0.01629,Yakından incele · reunion2,False,False,-6.45000,1.62000,-21.80000,2.75000,0.00000,0.00000
7067,669.97177,0.01573,Yakından incele · reunion2,False,False,-6.45000,1.62000,-21.80000,2.75000,0.00000,0.00000
7068,669.98848,0.01671,Yakından incele · reunion2,False,False,-6.45000,1.62000,-21.80000,2.75000,0.00000,0.00000
7069,670.00584,0.01736,Yakından incele · reunion2,False,False,-6.45000,1.62000,-21.80000,2.75000,0.00000,0.00000
7070,670.02200,0.01616,Yakından incele · reunion2,False,False,-6.45000,1.62000,-21.80000,2.75000,0.00000,0.00000
7071,670.03905,0.01706,Yakından incele · reunion2,False,False,-6.45000,1.62000,-21.80000,2.75000,0.00000,0.00000
7072,670.05591,0.01685,Yakından incele · reunion2,False,False,-6.45000,1.62000,-21.80000,2.75000,0.00000,0.00000
7073,670.07203,0.01613,Yakından incele · reunion2,False,False,-6.45000,1.62000,-21.80000,2.75000,0.00000,0.00000
7074,670.08979,0.01776,Yakından incele · reunion2,False,False,-6.45000,1.62000,-21.80000,2.75000,0.00000,0.00000
7075,670.10520,0.01540,Yakından incele · reunion2,False,False,-6.45000,1.62000,-21.80000,2.75000,0.00000,0.00000
7076,670.12223,0.01704,Yakından incele · reunion2,False,False,-6.45000,1.62000,-21.80000,2.75000,0.00000,0.00000
7077,670.13897,0.01673,Yakından incele · reunion2,False,False,-6.45000,1.62000,-21.80000,2.75000,0.00000,0.00000
7078,670.15505,0.01609,Yakından incele · reunion2,False,False,-6.45000,1.62000,-21.80000,2.75000,0.00000,0.00000
7079,670.17209,0.01704,Yakından incele · reunion2,False,False,-6.45000,1.62000,-21.80000,2.75000,0.00000,0.00000
7080,670.18895,0.01686,Yakından incele · reunion2,False,False,-6.45000,1.62000,-21.80000,2.75000,0.00000,0.00000
7081,670.20631,0.01736,Yakından incele · reunion2,False,False,-6.45000,1.62000,-21.80000,2.75000,0.00000,0.00000
7082,670.22239,0.01608,Yakından incele · reunion2,False,False,-6.45000,1.62000,-21.80000,2.75000,0.00000,0.00000
7083,670.23877,0.01638,Yakından incele · reunion2,False,False,-6.45000,1.62000,-21.80000,2.75000,0.00000,0.00000
7084,670.25545,0.01668,Yakından incele · reunion2,False,False,-6.45000,1.62000,-21.80000,2.75000,0.00000,0.00000
7085,670.27253,0.01708,Yakından incele · reunion2,False,False,-6.45000,1.62000,-21.80000,2.75000,0.00000,0.00000
7086,670.28861,0.01609,Yakından incele · reunion2,False,False,-6.45000,1.62000,-21.80000,2.75000,0.00000,0.00000
7087,670.30598,0.01736,Yakından incele · reunion2,False,False,-6.45000,1.62000,-21.80000,2.75000,0.00000,0.00000
7088,670.32188,0.01590,Yakından incele · reunion2,False,False,-6.45000,1.62000,-21.80000,2.75000,0.00000,0.00000
7089,670.33873,0.01685,Yakından incele · reunion2,False,False,-6.45000,1.62000,-21.80000,2.75000,0.00000,0.00000
7090,670.35529,0.01657,Yakından incele · reunion2,False,False,-6.45000,1.62000,-21.80000,2.75000,0.00000,0.00000
7091,670.37218,0.01689,Yakından incele · reunion2,False,False,-6.45000,1.62000,-21.80000,2.75000,0.00000,0.00000
7092,670.38885,0.01667,Yakından incele · reunion2,False,False,-6.45000,1.62000,-21.80000,2.75000,0.00000,0.00000
7093,670.40488,0.01603,Yakından incele · reunion2,False,False,-6.45000,1.62000,-21.80000,2.75000,0.00000,0.00000
7094,670.42279,0.01792,Yakından incele · reunion2,False,False,-6.45000,1.62000,-21.80000,2.75000,0.00000,0.00000
7095,670.43893,0.01614,Yakından incele · reunion2,False,False,-6.45000,1.62000,-21.80000,2.75000,0.00000,0.00000
7096,670.45563,0.01669,Yakından incele · reunion2,False,False,-6.45000,1.62000,-21.80000,2.75000,0.00000,0.00000
7097,670.47243,0.01680,Yakından incele · reunion2,False,False,-6.45000,1.62000,-21.80000,2.75000,0.00000,0.00000
7098,670.48872,0.01629,Yakından incele · reunion2,False,False,-6.45000,1.62000,-21.80000,2.75000,0.00000,0.00000
7099,670.50553,0.01682,Yakından incele · reunion2,False,False,-6.45000,1.62000,-21.80000,2.75000,0.00000,0.00000
7100,670.52190,0.01636,Yakından incele · reunion2,False,False,-6.45000,1.62000,-21.80000,2.75000,0.00000,0.00000
7101,670.53890,0.01700,Yakından incele · reunion2,False,False,-6.45000,1.62000,-21.80000,2.75000,0.00000,0.00000
7102,670.55541,0.01651,Yakından incele · reunion2,False,False,-6.45000,1.62000,-21.80000,2.75000,0.00000,0.00000
7103,670.57253,0.01712,Yakından incele · reunion2,False,False,-6.45000,1.62000,-21.80000,2.75000,0.00000,0.00000
7104,670.58888,0.01635,Yakından incele · reunion2,False,False,-6.45000,1.62000,-21.80000,2.75000,0.00000,0.00000
7105,670.60588,0.01700,Yakından incele · reunion2,False,False,-6.45000,1.62000,-21.80000,2.75000,0.00000,0.00000
7106,670.62186,0.01598,Yakından incele · reunion2,False,False,-6.45000,1.62000,-21.80000,2.75000,0.00000,0.00000
7107,670.63875,0.01689,Yakından incele · reunion2,False,False,-6.45000,1.62000,-21.80000,2.75000,0.00000,0.00000
7108,670.65646,0.01771,Yakından incele · reunion2,False,False,-6.45000,1.62000,-21.80000,2.75000,0.00000,0.00000
7109,670.67239,0.01593,Yakından incele · reunion2,False,False,-6.45000,1.62000,-21.80000,2.75000,0.00000,0.00000
7110,670.68884,0.01645,Yakından incele · reunion2,False,False,-6.45000,1.62000,-21.80000,2.75000,0.00000,0.00000
7111,670.70583,0.01699,Yakından incele · reunion2,False,False,-6.45000,1.62000,-21.80000,2.75000,0.00000,0.00000
7112,670.72249,0.01667,Yakından incele · reunion2,False,False,-6.45000,1.62000,-21.80000,2.75000,0.00000,0.00000
7113,670.73873,0.01624,Yakından incele · reunion2,False,False,-6.45000,1.62000,-21.80000,2.75000,0.00000,0.00000
7114,670.75593,0.01719,Yakından incele · reunion2,False,False,-6.45000,1.62000,-21.80000,2.75000,0.00000,0.00000
7115,670.77188,0.01596,Yakından incele · reunion2,False,False,-6.45000,1.62000,-21.80000,2.75000,0.00000,0.00000
7116,670.78888,0.01699,Yakından incele · reunion2,False,False,-6.45000,1.62000,-21.80000,2.75000,0.00000,0.00000
7117,670.80518,0.01630,Yakından incele · reunion2,False,False,-6.45000,1.62000,-21.80000,2.75000,0.00000,0.00000
7118,670.82253,0.01736,Yakından incele · reunion2,False,False,-6.45000,1.62000,-21.80000,2.75000,0.00000,0.00000
7119,670.83890,0.01636,Yakından incele · reunion2,False,False,-6.45000,1.62000,-21.80000,2.75000,0.00000,0.00000
7120,670.85544,0.01654,Yakından incele · reunion2,False,False,-6.45000,1.62000,-21.80000,2.75000,0.00000,0.00000
7121,670.87185,0.01641,Yakından incele · reunion2,False,False,-6.45000,1.62000,-21.80000,2.75000,0.00000,0.00000
7122,670.88855,0.01670,Yakından incele · reunion2,False,False,-6.45000,1.62000,-21.80000,2.75000,0.00000,0.00000
7123,670.90506,0.01650,Yakından incele · reunion2,False,False,-6.45000,1.62000,-21.80000,2.75000,0.00000,0.00000
7124,670.92297,0.01791,Yakından incele · reunion2,False,False,-6.45000,1.62000,-21.80000,2.75000,0.00000,0.00000
7125,670.93814,0.01517,Yakından incele · reunion2,False,False,-6.45000,1.62000,-21.80000,2.75000,0.00000,0.00000
7126,670.95490,0.01675,Yakından incele · reunion2,False,False,-6.45000,1.62000,-21.80000,2.75000,0.00000,0.00000
7127,670.97197,0.01707,Yakından incele · reunion2,False,False,-6.45000,1.62000,-21.80000,2.75000,0.00000,0.00000
7128,670.98936,0.01739,Yakından incele · reunion2,False,False,-6.45000,1.62000,-21.80000,2.75000,0.00000,0.00000
7129,671.00505,0.01570,Yakından incele · reunion2,False,False,-6.45000,1.62000,-21.80000,2.75000,0.00000,0.00000
7130,671.02209,0.01704,Yakından incele · reunion2,False,False,-6.45000,1.62000,-21.80000,2.75000,0.00000,0.00000
7131,671.03818,0.01609,Yakından incele · reunion2,False,False,-6.45000,1.62000,-21.80000,2.75000,0.00000,0.00000
7132,671.05550,0.01732,Yakından incele · reunion2,False,False,-6.45000,1.62000,-21.80000,2.75000,0.00000,0.00000
7133,671.07200,0.01650,Yakından incele · reunion2,False,False,-6.45000,1.62000,-21.80000,2.75000,0.00000,0.00000
7134,671.08910,0.01710,Yakından incele · reunion2,False,False,-6.45000,1.62000,-21.80000,2.75000,0.00000,0.00000
7135,671.10551,0.01640,Yakından incele · reunion2,False,False,-6.45000,1.62000,-21.80000,2.75000,0.00000,0.00000
7136,671.12309,0.01758,Yakından incele · reunion2,False,False,-6.45000,1.62000,-21.80000,2.75000,0.00000,0.00000
7137,671.13857,0.01548,Yakından incele · reunion2,False,False,-6.45000,1.62000,-21.80000,2.75000,0.00000,0.00000
7138,671.15516,0.01659,Yakından incele · reunion2,False,False,-6.45000,1.62000,-21.80000,2.75000,0.00000,0.00000
7139,671.17270,0.01754,Yakından incele · reunion2,False,False,-6.45000,1.62000,-21.80000,2.75000,0.00000,0.00000
7140,671.18893,0.01623,Yakından incele · reunion2,False,False,-6.45000,1.62000,-21.80000,2.75000,0.00000,0.00000
7141,671.20484,0.01591,Yakından incele · reunion2,False,False,-6.45000,1.62000,-21.80000,2.75000,0.00000,0.00000
7142,671.22238,0.01754,Yakından incele · reunion2,False,False,-6.45000,1.62000,-21.80000,2.75000,0.00000,0.00000
7143,671.23818,0.01579,Yakından incele · reunion2,False,False,-6.45000,1.62000,-21.80000,2.75000,0.00000,0.00000
7144,671.25555,0.01738,Yakından incele · reunion2,False,False,-6.45000,1.62000,-21.80000,2.75000,0.00000,0.00000
7145,671.27131,0.01576,Yakından incele · reunion2,False,False,-6.45000,1.62000,-21.80000,2.75000,0.00000,0.00000
7146,671.28882,0.01750,Yakından incele · reunion2,False,False,-6.45000,1.62000,-21.80000,2.75000,0.00000,0.00000
7147,671.30526,0.01645,Yakından incele · reunion2,False,False,-6.45000,1.62000,-21.80000,2.75000,0.00000,0.00000
7148,671.32152,0.01625,Yakından incele · reunion2,False,False,-6.45000,1.62000,-21.80000,2.75000,0.00000,0.00000
7149,671.33881,0.01730,Yakından incele · reunion2,False,False,-6.45000,1.62000,-21.80000,2.75000,0.00000,0.00000
7150,671.35529,0.01647,Yakından incele · reunion2,False,False,-6.45000,1.62000,-21.80000,2.75000,0.00000,0.00000
7151,671.37202,0.01673,Yakından incele · reunion2,False,False,-6.45000,1.62000,-21.80000,2.75000,0.00000,0.00000
7152,671.38887,0.01685,Yakından incele · reunion2,False,False,-6.45000,1.62000,-21.80000,2.75000,0.00000,0.00000
7153,671.40480,0.01594,Yakından incele · reunion2,False,False,-6.45000,1.62000,-21.80000,2.75000,0.00000,0.00000
7154,671.42180,0.01700,Yakından incele · reunion2,False,False,-6.45000,1.62000,-21.80000,2.75000,0.00000,0.00000
7155,671.43924,0.01744,Yakından incele · reunion2,False,False,-6.45000,1.62000,-21.80000,2.75000,0.00000,0.00000
7156,671.45569,0.01644,Yakından incele · reunion2,False,False,-6.45000,1.62000,-21.80000,2.75000,0.00000,0.00000
7157,671.47226,0.01658,Yakından incele · reunion2,False,False,-6.45000,1.62000,-21.80000,2.75000,0.00000,0.00000
7158,671.48801,0.01574,Yakından incele · reunion2,False,False,-6.45000,1.62000,-21.80000,2.75000,0.00000,0.00000
7159,671.50556,0.01756,Yakından incele · reunion2,False,False,-6.45000,1.62000,-21.80000,2.75000,0.00000,0.00000
7160,671.52118,0.01562,Yakından incele · reunion2,False,False,-6.45000,1.62000,-21.80000,2.75000,0.00000,0.00000
7161,671.53852,0.01734,Yakından incele · reunion2,False,False,-6.45000,1.62000,-21.80000,2.75000,0.00000,0.00000
7162,671.55452,0.01600,Yakından incele · reunion2,False,False,-6.45000,1.62000,-21.80000,2.75000,0.00000,0.00000
7163,671.57171,0.01719,Yakından incele · reunion2,False,False,-6.45000,1.62000,-21.80000,2.75000,0.00000,0.00000
7164,671.58897,0.01726,Yakından incele · reunion2,False,False,-6.45000,1.62000,-21.80000,2.75000,0.00000,0.00000
7165,671.60536,0.01640,Yakından incele · reunion2,False,False,-6.45000,1.62000,-21.80000,2.75000,0.00000,0.00000
7166,671.62123,0.01587,Yakından incele · reunion2,False,False,-6.45000,1.62000,-21.80000,2.75000,0.00000,0.00000
7167,671.63929,0.01806,Yakından incele · reunion2,False,False,-6.45000,1.62000,-21.80000,2.75000,0.00000,0.00000
7168,671.65490,0.01560,Yakından incele · reunion2,False,False,-6.45000,1.62000,-21.80000,2.75000,0.00000,0.00000
7169,671.67226,0.01737,Yakından incele · reunion2,False,False,-6.45000,1.62000,-21.80000,2.75000,0.00000,0.00000
7170,671.68869,0.01643,Yakından incele · reunion2,False,False,-6.45000,1.62000,-21.80000,2.75000,0.00000,0.00000
7171,671.70571,0.01702,Yakından incele · reunion2,False,False,-6.45000,1.62000,-21.80000,2.75000,0.00000,0.00000
7172,671.72276,0.01705,Yakından incele · reunion2,False,False,-6.45000,1.62000,-21.80000,2.75000,0.00000,0.00000
7173,671.73834,0.01558,Yakından incele · reunion2,False,False,-6.45000,1.62000,-21.80000,2.75000,0.00000,0.00000
7174,671.75547,0.01713,Yakından incele · reunion2,False,False,-6.45000,1.62000,-21.80000,2.75000,0.00000,0.00000
7175,671.77214,0.01667,Yakından incele · reunion2,False,False,-6.45000,1.62000,-21.80000,2.75000,0.00000,0.00000
7176,671.78881,0.01667,Yakından incele · reunion2,False,False,-6.45000,1.62000,-21.80000,2.75000,0.00000,0.00000
7177,671.80521,0.01640,Yakından incele · reunion2,False,False,-6.45000,1.62000,-21.80000,2.75000,0.00000,0.00000
7178,671.82158,0.01637,Yakından incele · reunion2,False,False,-6.45000,1.62000,-21.80000,2.75000,0.00000,0.00000
7179,671.83826,0.01667,Yakından incele · reunion2,False,False,-6.45000,1.62000,-21.80000,2.75000,0.00000,0.00000
7180,671.85469,0.01644,Yakından incele · reunion2,False,False,-6.45000,1.62000,-21.80000,2.75000,0.00000,0.00000
7181,671.87153,0.01684,Yakından incele · reunion2,False,False,-6.45000,1.62000,-21.80000,2.75000,0.00000,0.00000
7182,671.88846,0.01692,Yakından incele · reunion2,False,False,-6.45000,1.62000,-21.80000,2.75000,0.00000,0.00000
7183,671.90538,0.01693,Yakından incele · reunion2,False,False,-6.45000,1.62000,-21.80000,2.75000,0.00000,0.00000
7184,671.92117,0.01578,Yakından incele · reunion2,False,False,-6.45000,1.62000,-21.80000,2.75000,0.00000,0.00000
7185,671.93836,0.01719,Yakından incele · reunion2,False,False,-6.45000,1.62000,-21.80000,2.75000,0.00000,0.00000
7186,671.95472,0.01636,Yakından incele · reunion2,False,False,-6.45000,1.62000,-21.80000,2.75000,0.00000,0.00000
7187,671.97128,0.01656,Yakından incele · reunion2,False,False,-6.45000,1.62000,-21.80000,2.75000,0.00000,0.00000
7188,671.98851,0.01723,Yakından incele · reunion2,False,False,-6.45000,1.62000,-21.80000,2.75000,0.00000,0.00000
7189,672.00481,0.01630,Yakından incele · reunion2,False,False,-6.45000,1.62000,-21.80000,2.75000,0.00000,0.00000
7190,672.02211,0.01730,Yakından incele · reunion2,False,False,-6.45000,1.62000,-21.80000,2.75000,0.00000,0.00000
7191,672.03861,0.01650,Yakından incele · reunion2,False,False,-6.45000,1.62000,-21.80000,2.75000,0.00000,0.00000
7192,672.05455,0.01594,Yakından incele · reunion2,False,False,-6.45000,1.62000,-21.80000,2.75000,0.00000,0.00000
7193,672.07172,0.01717,Yakından incele · reunion2,False,False,-6.45000,1.62000,-21.80000,2.75000,0.00000,0.00000
7194,672.08862,0.01690,Yakından incele · reunion2,False,False,-6.45000,1.62000,-21.80000,2.75000,0.00000,0.00000
7195,672.10494,0.01633,Yakından incele · reunion2,False,False,-6.45000,1.62000,-21.80000,2.75000,0.00000,0.00000
7196,672.12128,0.01634,Yakından incele · reunion2,False,False,-6.45000,1.62000,-21.80000,2.75000,0.00000,0.00000
7197,672.13843,0.01715,Yakından incele · reunion2,False,False,-6.45000,1.62000,-21.80000,2.75000,0.00000,0.00000
7198,672.15505,0.01662,Yakından incele · reunion2,False,False,-6.45000,1.62000,-21.80000,2.75000,0.00000,0.00000
7199,672.17201,0.01697,Yakından incele · reunion2,False,False,-6.45000,1.62000,-21.80000,2.75000,0.00000,0.00000
7200,672.18877,0.01676,Yakından incele · reunion2,False,False,-6.45000,1.62000,-21.80000,2.75000,0.00000,0.00000
7201,672.20484,0.01607,Yakından incele · reunion2,False,False,-6.45000,1.62000,-21.80000,2.75000,0.00000,0.00000
7202,672.22134,0.01650,Yakından incele · reunion2,False,False,-6.45000,1.62000,-21.80000,2.75000,0.00000,0.00000
7203,672.23822,0.01688,Yakından incele · reunion2,False,False,-6.45000,1.62000,-21.80000,2.75000,0.00000,0.00000
7204,672.25543,0.01721,Yakından incele · reunion2,False,False,-6.45000,1.62000,-21.80000,2.75000,0.00000,0.00000
7205,672.27222,0.01679,Yakından incele · reunion2,False,False,-6.45000,1.62000,-21.80000,2.75000,0.00000,0.00000
7206,672.28832,0.01610,Yakından incele · reunion2,False,False,-6.45000,1.62000,-21.80000,2.75000,0.00000,0.00000
7207,672.30498,0.01666,Yakından incele · reunion2,False,False,-6.45000,1.62000,-21.80000,2.75000,0.00000,0.00000
7208,672.32156,0.01658,Yakından incele · reunion2,False,False,-6.45000,1.62000,-21.80000,2.75000,0.00000,0.00000
7209,672.33818,0.01662,Yakından incele · reunion2,False,False,-6.45000,1.62000,-21.80000,2.75000,0.00000,0.00000
7210,672.35549,0.01731,Yakından incele · reunion2,False,False,-6.45000,1.62000,-21.80000,2.75000,0.00000,0.00000
7211,672.37223,0.01674,Yakından incele · reunion2,False,False,-6.45000,1.62000,-21.80000,2.75000,0.00000,0.00000
7212,672.38852,0.01629,Yakından incele · reunion2,False,False,-6.45000,1.62000,-21.80000,2.75000,0.00000,0.00000
7213,672.40499,0.01647,Yakından incele · reunion2,False,False,-6.45000,1.62000,-21.80000,2.75000,0.00000,0.00000
7214,672.42180,0.01681,Yakından incele · reunion2,False,False,-6.45000,1.62000,-21.80000,2.75000,0.00000,0.00000
7215,672.43826,0.01646,Yakından incele · reunion2,False,False,-6.45000,1.62000,-21.80000,2.75000,0.00000,0.00000
7216,672.45492,0.01666,Yakından incele · reunion2,False,False,-6.45000,1.62000,-21.80000,2.75000,0.00000,0.00000
7217,672.47155,0.01663,Yakından incele · reunion2,False,False,-6.45000,1.62000,-21.80000,2.75000,0.00000,0.00000
7218,672.48820,0.01666,Yakından incele · reunion2,False,False,-6.45000,1.62000,-21.80000,2.75000,0.00000,0.00000
7219,672.50518,0.01698,Yakından incele · reunion2,False,False,-6.45000,1.62000,-21.80000,2.75000,0.00000,0.00000
7220,672.52109,0.01591,Yakından incele · reunion2,False,False,-6.45000,1.62000,-21.80000,2.75000,0.00000,0.00000
7221,672.53905,0.01795,Yakından incele · reunion2,False,False,-6.45000,1.62000,-21.80000,2.75000,0.00000,0.00000
7222,672.55507,0.01602,Yakından incele · reunion2,False,False,-6.45000,1.62000,-21.80000,2.75000,0.00000,0.00000
7223,672.57213,0.01705,Yakından incele · reunion2,False,False,-6.45000,1.62000,-21.80000,2.75000,0.00000,0.00000
7224,672.58848,0.01636,Yakından incele · reunion2,False,False,-6.45000,1.62000,-21.80000,2.75000,0.00000,0.00000
7225,672.60494,0.01646,Yakından incele · reunion2,False,False,-6.45000,1.62000,-21.80000,2.75000,0.00000,0.00000
7226,672.62136,0.01642,Yakından incele · reunion2,False,False,-6.45000,1.62000,-21.80000,2.75000,0.00000,0.00000
7227,672.63927,0.01791,Yakından incele · reunion2,False,False,-6.45000,1.62000,-21.80000,2.75000,0.00000,0.00000
7228,672.65509,0.01582,Yakından incele · reunion2,False,False,-6.45000,1.62000,-21.80000,2.75000,0.00000,0.00000
7229,672.67210,0.01701,Yakından incele · reunion2,False,False,-6.45000,1.62000,-21.80000,2.75000,0.00000,0.00000
7230,672.68856,0.01647,Yakından incele · reunion2,False,False,-6.45000,1.62000,-21.80000,2.75000,0.00000,0.00000
7231,672.70484,0.01627,Yakından incele · reunion2,False,False,-6.45000,1.62000,-21.80000,2.75000,0.00000,0.00000
7232,672.72166,0.01683,Yakından incele · reunion2,False,False,-6.45000,1.62000,-21.80000,2.75000,0.00000,0.00000
7233,672.73827,0.01661,Yakından incele · reunion2,False,False,-6.45000,1.62000,-21.80000,2.75000,0.00000,0.00000
7234,672.75482,0.01655,Yakından incele · reunion2,False,False,-6.45000,1.62000,-21.80000,2.75000,0.00000,0.00000
7235,672.77154,0.01671,Yakından incele · reunion2,False,False,-6.45000,1.62000,-21.80000,2.75000,0.00000,0.00000
7236,672.78798,0.01644,Yakından incele · reunion2,False,False,-6.45000,1.62000,-21.80000,2.75000,0.00000,0.00000
7237,672.80496,0.01698,Yakından incele · reunion2,False,False,-6.45000,1.62000,-21.80000,2.75000,0.00000,0.00000
7238,672.82154,0.01657,Yakından incele · reunion2,False,False,-6.45000,1.62000,-21.80000,2.75000,0.00000,0.00000
7239,672.83853,0.01700,Yakından incele · reunion2,False,False,-6.45000,1.62000,-21.80000,2.75000,0.00000,0.00000
7240,672.85510,0.01656,Yakından incele · reunion2,False,False,-6.45000,1.62000,-21.80000,2.75000,0.00000,0.00000
7241,672.87161,0.01651,Yakından incele · reunion2,False,False,-6.45000,1.62000,-21.80000,2.75000,0.00000,0.00000
7242,672.88856,0.01696,Yakından incele · reunion2,False,False,-6.45000,1.62000,-21.80000,2.75000,0.00000,0.00000
7243,672.90508,0.01652,Yakından incele · reunion2,False,False,-6.45000,1.62000,-21.80000,2.75000,0.00000,0.00000
7244,672.92130,0.01622,Yakından incele · reunion2,False,False,-6.45000,1.62000,-21.80000,2.75000,0.00000,0.00000
7245,672.93826,0.01696,Yakından incele · reunion2,False,False,-6.45000,1.62000,-21.80000,2.75000,0.00000,0.00000
7246,672.95517,0.01692,Yakından incele · reunion2,False,False,-6.45000,1.62000,-21.80000,2.75000,0.00000,0.00000
7247,672.97167,0.01649,Yakından incele · reunion2,False,False,-6.45000,1.62000,-21.80000,2.75000,0.00000,0.00000
7248,672.98826,0.01659,Yakından incele · reunion2,False,False,-6.45000,1.62000,-21.80000,2.75000,0.00000,0.00000
7249,673.00547,0.01721,Yakından incele · reunion2,False,False,-6.45000,1.62000,-21.80000,2.75000,0.00000,0.00000
7250,673.02175,0.01627,Yakından incele · reunion2,False,False,-6.45000,1.62000,-21.80000,2.75000,0.00000,0.00000
7251,673.03878,0.01703,Yakından incele · reunion2,False,False,-6.45000,1.62000,-21.80000,2.75000,0.00000,0.00000
7252,673.05505,0.01628,Yakından incele · reunion2,False,False,-6.45000,1.62000,-21.80000,2.75000,0.00000,0.00000
7253,673.07219,0.01713,Yakından incele · reunion2,False,False,-6.45000,1.62000,-21.80000,2.75000,0.00000,0.00000
7254,673.08886,0.01667,Yakından incele · reunion2,False,False,-6.45000,1.62000,-21.80000,2.75000,0.00000,0.00000
7255,673.10528,0.01643,Yakından incele · reunion2,False,False,-6.45000,1.62000,-21.80000,2.75000,0.00000,0.00000
7256,673.12159,0.01631,Yakından incele · reunion2,False,False,-6.45000,1.62000,-21.80000,2.75000,0.00000,0.00000
7257,673.13820,0.01661,Yakından incele · reunion2,False,False,-6.45000,1.62000,-21.80000,2.75000,0.00000,0.00000
7258,673.15451,0.01631,Yakından incele · reunion2,False,False,-6.45000,1.62000,-21.80000,2.75000,0.00000,0.00000
7259,673.17207,0.01756,Yakından incele · reunion2,False,False,-6.45000,1.62000,-21.80000,2.75000,0.00000,0.00000
7260,673.18867,0.01660,Yakından incele · reunion2,False,False,-6.45000,1.62000,-21.80000,2.75000,0.00000,0.00000
7261,673.20497,0.01630,Yakından incele · reunion2,False,False,-6.45000,1.62000,-21.80000,2.75000,0.00000,0.00000
7262,673.22144,0.01647,Yakından incele · reunion2,False,False,-6.45000,1.62000,-21.80000,2.75000,0.00000,0.00000
7263,673.23876,0.01732,Yakından incele · reunion2,False,False,-6.45000,1.62000,-21.80000,2.75000,0.00000,0.00000
7264,673.25471,0.01595,Yakından incele · reunion2,False,False,-6.45000,1.62000,-21.80000,2.75000,0.00000,0.00000
7265,673.27227,0.01756,Yakından incele · reunion2,False,False,-6.45000,1.62000,-21.80000,2.75000,0.00000,0.00000
7266,673.28848,0.01622,Yakından incele · reunion2,False,False,-6.45000,1.62000,-21.80000,2.75000,0.00000,0.00000
7267,673.30466,0.01617,Yakından incele · reunion2,False,False,-6.45000,1.62000,-21.80000,2.75000,0.00000,0.00000
7268,673.32197,0.01732,Yakından incele · reunion2,False,False,-6.45000,1.62000,-21.80000,2.75000,0.00000,0.00000
7269,673.33879,0.01681,Yakından incele · reunion2,False,False,-6.45000,1.62000,-21.80000,2.75000,0.00000,0.00000
7270,673.35496,0.01617,Yakından incele · reunion2,False,False,-6.45000,1.62000,-21.80000,2.75000,0.00000,0.00000
7271,673.37292,0.01796,Yakından incele · reunion2,False,False,-6.45000,1.62000,-21.80000,2.75000,0.00000,0.00000
7272,673.38873,0.01581,Yakından incele · reunion2,False,False,-6.45000,1.62000,-21.80000,2.75000,0.00000,0.00000
7273,673.40485,0.01612,Yakından incele · reunion2,False,False,-6.45000,1.62000,-21.80000,2.75000,0.00000,0.00000
7274,673.42203,0.01718,Yakından incele · reunion2,False,False,-6.45000,1.62000,-21.80000,2.75000,0.00000,0.00000
7275,673.43895,0.01692,Yakından incele · reunion2,False,False,-6.45000,1.62000,-21.80000,2.75000,0.00000,0.00000
7276,673.45493,0.01598,Yakından incele · reunion2,False,False,-6.45000,1.62000,-21.80000,2.75000,0.00000,0.00000
7277,673.47222,0.01729,Yakından incele · reunion2,False,False,-6.45000,1.62000,-21.80000,2.75000,0.00000,0.00000
7278,673.48780,0.01558,Yakından incele · reunion2,False,False,-6.45000,1.62000,-21.80000,2.75000,0.00000,0.00000
7279,673.50503,0.01723,Yakından incele · reunion2,False,False,-6.45000,1.62000,-21.80000,2.75000,0.00000,0.00000
7280,673.52263,0.01761,Yakından incele · reunion2,False,False,-6.45000,1.62000,-21.80000,2.75000,0.00000,0.00000
7281,673.53900,0.01637,Yakından incele · reunion2,False,False,-6.45000,1.62000,-21.80000,2.75000,0.00000,0.00000
7282,673.55439,0.01539,Yakından incele · reunion2,False,False,-6.45000,1.62000,-21.80000,2.75000,0.00000,0.00000
7283,673.57234,0.01795,Yakından incele · reunion2,False,False,-6.45000,1.62000,-21.80000,2.75000,0.00000,0.00000
7284,673.58874,0.01640,Yakından incele · reunion2,False,False,-6.45000,1.62000,-21.80000,2.75000,0.00000,0.00000
7285,673.60560,0.01686,Yakından incele · reunion2,False,False,-6.45000,1.62000,-21.80000,2.75000,0.00000,0.00000
7286,673.62087,0.01527,Yakından incele · reunion2,False,False,-6.45000,1.62000,-21.80000,2.75000,0.00000,0.00000
7287,673.63824,0.01737,Yakından incele · reunion2,False,False,-6.45000,1.62000,-21.80000,2.75000,0.00000,0.00000
7288,673.65509,0.01684,Yakından incele · reunion2,False,False,-6.45000,1.62000,-21.80000,2.75000,0.00000,0.00000
7289,673.67192,0.01684,Yakından incele · reunion2,False,False,-6.45000,1.62000,-21.80000,2.75000,0.00000,0.00000
7290,673.68785,0.01592,Yakından incele · reunion2,False,False,-6.45000,1.62000,-21.80000,2.75000,0.00000,0.00000
7291,673.70501,0.01716,Yakından incele · reunion2,False,False,-6.45000,1.62000,-21.80000,2.75000,0.00000,0.00000
7292,673.72107,0.01605,Yakından incele · reunion2,False,False,-6.45000,1.62000,-21.80000,2.75000,0.00000,0.00000
7293,673.73819,0.01712,Yakından incele · reunion2,False,False,-6.45000,1.62000,-21.80000,2.75000,0.00000,0.00000
7294,673.75508,0.01689,Yakından incele · reunion2,False,False,-6.45000,1.62000,-21.80000,2.75000,0.00000,0.00000
7295,673.77195,0.01687,Yakından incele · reunion2,False,False,-6.45000,1.62000,-21.80000,2.75000,0.00000,0.00000
7296,673.78875,0.01680,Yakından incele · reunion2,False,False,-6.45000,1.62000,-21.80000,2.75000,0.00000,0.00000
7297,673.80458,0.01583,Yakından incele · reunion2,False,False,-6.45000,1.62000,-21.80000,2.75000,0.00000,0.00000
7298,673.82160,0.01703,Yakından incele · reunion2,False,False,-6.45000,1.62000,-21.80000,2.75000,0.00000,0.00000
7299,673.83808,0.01647,Yakından incele · reunion2,False,False,-6.45000,1.62000,-21.80000,2.75000,0.00000,0.00000
7300,673.85581,0.01773,Yakından incele · reunion2,False,False,-6.45000,1.62000,-21.80000,2.75000,0.00000,0.00000
7301,673.87148,0.01567,Yakından incele · reunion2,False,False,-6.45000,1.62000,-21.80000,2.75000,0.00000,0.00000
7302,673.88833,0.01686,Yakından incele · reunion2,False,False,-6.45000,1.62000,-21.80000,2.75000,0.00000,0.00000
7303,673.90530,0.01697,Yakından incele · reunion2,False,False,-6.45000,1.62000,-21.80000,2.75000,0.00000,0.00000
7304,673.92183,0.01652,Yakından incele · reunion2,False,False,-6.45000,1.62000,-21.80000,2.75000,0.00000,0.00000
7305,673.93826,0.01643,Yakından incele · reunion2,False,False,-6.45000,1.62000,-21.80000,2.75000,0.00000,0.00000
7306,673.95476,0.01650,Yakından incele · reunion2,False,False,-6.45000,1.62000,-21.80000,2.75000,0.00000,0.00000
7307,673.97127,0.01651,Yakından incele · reunion2,False,False,-6.45000,1.62000,-21.80000,2.75000,0.00000,0.00000
7308,673.98892,0.01765,Yakından incele · reunion2,False,False,-6.45000,1.62000,-21.80000,2.75000,0.00000,0.00000
7309,674.00471,0.01579,Yakından incele · reunion2,False,False,-6.45000,1.62000,-21.80000,2.75000,0.00000,0.00000
7310,674.02191,0.01720,Yakından incele · reunion2,False,False,-6.45000,1.62000,-21.80000,2.75000,0.00000,0.00000
7311,674.03791,0.01600,Yakından incele · reunion2,False,False,-6.45000,1.62000,-21.80000,2.75000,0.00000,0.00000
7312,674.05583,0.01792,Yakından incele · reunion2,False,False,-6.45000,1.62000,-21.80000,2.75000,0.00000,0.00000
7313,674.07124,0.01541,Yakından incele · reunion2,False,False,-6.45000,1.62000,-21.80000,2.75000,0.00000,0.00000
7314,674.08861,0.01737,Yakından incele · reunion2,False,False,-6.45000,1.62000,-21.80000,2.75000,0.00000,0.00000
7315,674.10518,0.01657,Yakından incele · reunion2,False,False,-6.45000,1.62000,-21.80000,2.75000,0.00000,0.00000
7316,674.12161,0.01643,Yakından incele · reunion2,False,False,-6.45000,1.62000,-21.80000,2.75000,0.00000,0.00000
7317,674.13829,0.01668,Yakından incele · reunion2,False,False,-6.45000,1.62000,-21.80000,2.75000,0.00000,0.00000
7318,674.15513,0.01683,Yakından incele · reunion2,False,False,-6.45000,1.62000,-21.80000,2.75000,0.00000,0.00000
7319,674.17135,0.01622,Yakından incele · reunion2,False,False,-6.45000,1.62000,-21.80000,2.75000,0.00000,0.00000
7320,674.18830,0.01695,Yakından incele · reunion2,False,False,-6.45000,1.62000,-21.80000,2.75000,0.00000,0.00000
7321,674.20485,0.01655,Yakından incele · reunion2,False,False,-6.45000,1.62000,-21.80000,2.75000,0.00000,0.00000
7322,674.22179,0.01694,Yakından incele · reunion2,False,False,-6.45000,1.62000,-21.80000,2.75000,0.00000,0.00000
7323,674.23784,0.01606,Yakından incele · reunion2,False,False,-6.45000,1.62000,-21.80000,2.75000,0.00000,0.00000
7324,674.25501,0.01717,Yakından incele · reunion2,False,False,-6.45000,1.62000,-21.80000,2.75000,0.00000,0.00000
7325,674.27150,0.01649,Yakından incele · reunion2,False,False,-6.45000,1.62000,-21.80000,2.75000,0.00000,0.00000
7326,674.28886,0.01736,Yakından incele · reunion2,False,False,-6.45000,1.62000,-21.80000,2.75000,0.00000,0.00000
7327,674.30498,0.01612,Yakından incele · reunion2,False,False,-6.45000,1.62000,-21.80000,2.75000,0.00000,0.00000
7328,674.32181,0.01683,Yakından incele · reunion2,False,False,-6.45000,1.62000,-21.80000,2.75000,0.00000,0.00000
7329,674.33808,0.01626,Yakından incele · reunion2,False,False,-6.45000,1.62000,-21.80000,2.75000,0.00000,0.00000
7330,674.35535,0.01728,Yakından incele · reunion2,False,False,-6.45000,1.62000,-21.80000,2.75000,0.00000,0.00000
7331,674.37122,0.01586,Yakından incele · reunion2,False,False,-6.45000,1.62000,-21.80000,2.75000,0.00000,0.00000
7332,674.38855,0.01733,Yakından incele · reunion2,False,False,-6.45000,1.62000,-21.80000,2.75000,0.00000,0.00000
7333,674.40479,0.01624,Yakından incele · reunion2,False,False,-6.45000,1.62000,-21.80000,2.75000,0.00000,0.00000
7334,674.42134,0.01655,Yakından incele · reunion2,False,False,-6.45000,1.62000,-21.80000,2.75000,0.00000,0.00000
7335,674.43883,0.01749,Yakından incele · reunion2,False,False,-6.45000,1.62000,-21.80000,2.75000,0.00000,0.00000
7336,674.45608,0.01725,Yakından incele · reunion2,False,False,-6.45000,1.62000,-21.80000,2.75000,0.00000,0.00000
7337,674.47167,0.01559,Yakından incele · reunion2,False,False,-6.45000,1.62000,-21.80000,2.75000,0.00000,0.00000
7338,674.48828,0.01661,Yakından incele · reunion2,False,False,-6.45000,1.62000,-21.80000,2.75000,0.00000,0.00000
7339,674.50524,0.01696,Yakından incele · reunion2,False,False,-6.45000,1.62000,-21.80000,2.75000,0.00000,0.00000
7340,674.52172,0.01648,Yakından incele · reunion2,False,False,-6.45000,1.62000,-21.80000,2.75000,0.00000,0.00000
7341,674.53889,0.01717,Yakından incele · reunion2,False,False,-6.45000,1.62000,-21.80000,2.75000,0.00000,0.00000
7342,674.55542,0.01653,Yakından incele · reunion2,False,False,-6.45000,1.62000,-21.80000,2.75000,0.00000,0.00000
7343,674.57174,0.01632,Yakından incele · reunion2,False,False,-6.45000,1.62000,-21.80000,2.75000,0.00000,0.00000
7344,674.58986,0.01812,Yakından incele · reunion2,False,False,-6.45000,1.62000,-21.80000,2.75000,0.00000,0.00000
7345,674.60677,0.01691,Yakından incele · reunion2,False,False,-6.45000,1.62000,-21.80000,2.75000,0.00000,0.00000
7346,674.62240,0.01563,Yakından incele · reunion2,False,False,-6.45000,1.62000,-21.80000,2.75000,0.00000,0.00000
7347,674.63999,0.01759,Yakından incele · reunion2,False,False,-6.45000,1.62000,-21.80000,2.75000,0.00000,0.00000
7348,674.65563,0.01563,Yakından incele · reunion2,False,False,-6.45000,1.62000,-21.80000,2.75000,0.00000,0.00000
7349,674.67228,0.01666,Yakından incele · reunion2,False,False,-6.45000,1.62000,-21.80000,2.75000,0.00000,0.00000
7350,674.68948,0.01720,Yakından incele · reunion2,False,False,-6.45000,1.62000,-21.80000,2.75000,0.00000,0.00000
7351,674.71322,0.02374,Yakından incele · reunion2,False,False,-6.45000,1.62000,-21.80000,2.75000,0.00000,0.00000
7352,674.71984,0.00662,Yakından incele · reunion2,False,False,-6.45000,1.62000,-21.80000,2.75000,0.00000,0.00000
7353,674.73858,0.01875,Yakından incele · reunion2,False,False,-6.45000,1.62000,-21.80000,2.75000,0.00000,0.00000
7354,674.75559,0.01701,Yakından incele · reunion2,False,False,-6.45000,1.62000,-21.80000,2.75000,0.00000,0.00000
7355,674.77173,0.01614,Yakından incele · reunion2,False,False,-6.45000,1.62000,-21.80000,2.75000,0.00000,0.00000
7356,674.78931,0.01758,Yakından incele · reunion2,False,False,-6.45000,1.62000,-21.80000,2.75000,0.00000,0.00000
7357,674.80578,0.01648,Yakından incele · reunion2,False,False,-6.45000,1.62000,-21.80000,2.75000,0.00000,0.00000
