# Blender 5.2.0 LTS
# www.blender.org
mtllib RescueWorker_MeshyPro.mtl
o RescueWorker
v 0.000481 0.955592 0.161718
v 0.000275 1.012500 0.164355
v -0.037793 0.958009 0.159081
v 0.036475 0.955592 0.159960
v 0.028345 1.014259 0.163477
v 0.000205 0.923732 0.167871
v 0.174903 0.631055 -0.048779
v 0.181933 0.562500 -0.045264
v 0.109424 0.585351 -0.072071
v 0.095362 0.669726 -0.077343
v 0.161719 0.686427 -0.059327
v 0.217089 0.653906 0.016809
v 0.217969 0.573046 0.016919
v -0.031860 1.413281 0.166112
v -0.048119 1.392188 0.161718
v -0.021424 1.399219 0.167871
v -0.080420 1.406250 0.153809
v -0.017689 1.416796 0.169629
v -0.030982 1.441406 0.156444
v -0.058887 1.434375 0.152050
v -0.152051 0.809912 0.112499
v -0.190723 0.753223 0.060645
v -0.167872 0.747949 0.105907
v -0.136231 0.742677 0.126563
v -0.112500 0.809473 0.132715
v -0.183692 0.811232 0.061962
v 0.170509 1.553906 -0.105029
v 0.131836 1.610156 -0.155568
v 0.171387 1.610156 -0.101514
v 0.130079 1.546875 -0.164356
v 0.175781 1.529296 -0.039770
v 0.154688 1.494141 -0.103712
v 0.183692 1.571485 -0.048560
v 0.186329 0.091406 0.179297
v 0.167872 0.091406 0.136230
v 0.153808 0.059766 0.168749
v 0.200390 0.087891 0.204785
v 0.223241 0.101954 0.175782
v 0.204786 0.098439 0.126562
v 0.174024 0.063281 0.199511
v -0.172265 1.242774 -0.018129
v -0.189844 1.211134 -0.066797
v -0.200390 1.219922 -0.020544
v -0.132714 1.253321 -0.018017
v -0.130079 1.248047 -0.060206
v -0.166991 1.235742 -0.066358
v -0.188085 1.200586 0.035157
v -0.166991 1.223439 0.038233
v -0.184570 0.823095 0.150292
v -0.185449 0.861110 0.155566
v -0.188964 0.841553 0.134472
v -0.180176 0.826172 0.132715
v -0.115137 0.822217 0.148535
v -0.135351 0.860669 0.185449
v -0.133594 0.817384 0.186328
v 0.101074 1.490625 0.051855
v 0.075146 1.462500 0.049657
v 0.069433 1.497656 0.043505
v 0.085693 1.529296 0.056688
v 0.114259 1.522266 0.077782
v 0.126562 1.490625 0.080419
v 0.113378 1.455469 0.073828
v 0.268945 0.056250 0.099316
v 0.253125 0.024610 0.058447
v 0.253125 0.066796 0.055810
v 0.279491 0.028125 0.125682
v 0.242579 0.091406 0.106347
v 0.277735 0.056250 0.133593
v -0.054272 1.235742 -0.097120
v -0.052954 1.174219 -0.107666
v -0.119531 1.216406 -0.094922
v 0.001010 1.174219 -0.108105
v -0.052076 1.284961 -0.085255
v 0.000851 1.233985 -0.100636
v -0.074707 1.276172 -0.058447
v -0.186329 0.488672 -0.043507
v -0.216211 0.446485 0.003488
v -0.217969 0.490430 0.012524
v -0.115137 0.539649 -0.070752
v -0.124805 0.476367 -0.066358
v -0.181055 0.560742 -0.045922
v -0.188964 0.446485 -0.045483
v 0.034936 1.360546 0.158203
v 0.035815 1.353515 0.152929
v 0.047900 1.360546 0.154687
v 0.037134 1.371094 0.161718
v 0.029003 1.364062 0.165234
v 0.029662 1.360546 0.161718
v 0.059765 0.918238 -0.104590
v 0.056689 0.965918 -0.093165
v 0.108545 0.968116 -0.077343
v 0.066796 0.848144 -0.119532
v 0.000756 0.847266 -0.123926
v 0.122168 0.919226 -0.083496
v 0.000803 0.917250 -0.108545
v -0.201269 1.638281 0.063721
v -0.168750 1.655860 0.126562
v -0.179296 1.687500 0.079541
v -0.217089 1.620704 -0.022413
v -0.223241 1.592579 0.042846
v -0.196875 1.606641 0.115136
v -0.193359 1.683984 0.007361
v -0.420117 0.842872 -0.020105
v -0.407812 0.854077 0.020654
v -0.423634 0.874293 -0.018568
v -0.413086 0.873524 -0.057569
v -0.411329 0.838477 -0.052736
v -0.432421 0.827052 -0.020764
v -0.409570 0.832763 0.008074
v 0.018787 1.698046 0.224121
v -0.010766 1.659375 0.224121
v 0.025049 1.683984 0.205663
v -0.021863 1.666406 0.239941
v 0.061963 1.694531 0.181054
v 0.059766 1.712110 0.191602
v 0.030762 1.750781 0.174023
v -0.017798 1.726171 0.209179
v 0.464062 0.683790 -0.057568
v 0.460546 0.699610 -0.057568
v 0.464062 0.696973 -0.056031
v 0.444726 0.720704 -0.047242
v 0.444726 0.696095 -0.068116
v 0.481641 0.664454 -0.050098
v 0.485156 0.666211 -0.034059
v 0.474610 0.682031 -0.054492
v 0.471094 0.682031 -0.034937
v 0.467579 0.681153 -0.063282
v 0.450000 0.677637 -0.073389
v 0.464062 0.677637 -0.064599
v -0.034717 1.353515 0.152929
v -0.027027 1.350000 0.158203
v -0.028784 1.353515 0.153809
v -0.030103 1.364062 0.164355
v -0.037573 1.360546 0.156444
v -0.029884 1.360546 0.161718
v -0.044604 1.353515 0.149413
v -0.032960 1.346485 0.152050
v -0.145899 0.056250 0.145020
v -0.141504 0.028125 0.116895
v -0.141504 0.059766 0.116015
v -0.167872 0.091406 0.136231
v -0.153808 0.056250 0.169630
v -0.152930 0.031641 0.167871
v 0.270704 1.110939 -0.022083
v 0.226759 1.179492 -0.020325
v 0.211817 1.165430 0.032520
v 0.258399 1.105665 -0.064599
v 0.251366 1.100391 0.026477
v 0.316406 1.037110 -0.022193
v 0.307616 1.029199 -0.061964
v 0.370899 0.783985 0.019225
v 0.362110 0.775196 -0.012196
v 0.388476 0.807275 -0.025599
v 0.400781 0.800684 0.025709
v 0.365625 0.802442 0.017907
v 0.353320 0.792774 -0.012635
v -0.136231 1.501171 -0.161719
v -0.119531 1.560938 -0.211818
v -0.090967 1.504688 -0.197755
v -0.174024 1.483594 -0.132715
v -0.188964 1.508204 -0.123047
v -0.117774 1.473046 -0.166993
v -0.175781 1.553906 -0.175782
v -0.247851 0.295312 0.036474
v -0.222363 0.341016 0.039770
v -0.228515 0.333985 -0.012579
v -0.210938 0.253125 0.073389
v -0.210938 0.295312 0.079541
v -0.249610 0.291797 -0.016590
v -0.237305 0.249610 0.032739
v 0.054713 1.281445 -0.083937
v 0.076025 1.276171 -0.057569
v 0.056030 1.235742 -0.096242
v 0.054272 1.335939 -0.085255
v 0.080860 1.327149 -0.054273
v 0.001359 1.284961 -0.096242
v 0.406055 0.756738 0.030102
v 0.407812 0.736524 0.043286
v 0.413086 0.742677 0.019335
v 0.399024 0.778711 0.017578
v 0.390235 0.756738 0.034716
v 0.397266 0.737403 0.045923
v 0.423634 0.756738 0.010491
v 0.420116 0.745312 0.012963
v -0.066796 1.747265 -0.065480
v 0.001017 1.764844 -0.000343
v 0.000769 1.754296 -0.074267
v -0.060204 1.719140 -0.124806
v -0.110741 1.712110 -0.101075
v -0.106787 1.733204 -0.006620
v -0.143262 1.698046 -0.038014
v -0.399024 0.750586 -0.065480
v -0.379689 0.780470 -0.059327
v -0.377930 0.776954 -0.033179
v -0.407812 0.750586 -0.033179
v -0.423634 0.731251 -0.066358
v -0.418360 0.731251 -0.075587
v -0.402540 0.755860 -0.073389
v 0.091845 1.448438 0.127441
v 0.099756 1.437891 0.105029
v 0.109424 1.466016 0.126562
v 0.081299 1.466016 0.144139
v 0.062402 1.462500 0.144139
v 0.072949 1.430860 0.105029
v 0.070312 1.441406 0.128319
v 0.107665 0.031641 0.019225
v 0.114259 0.014062 0.041529
v 0.120411 0.031641 0.042407
v 0.104589 0.031641 -0.024611
v 0.104589 0.000000 -0.024830
v 0.112061 0.000000 0.037572
v 0.113378 0.031641 0.019666
v 0.106787 0.000000 0.020983
v -0.178418 1.030958 0.141504
v -0.170509 1.063476 0.121288
v -0.172265 1.013379 0.122167
v -0.188964 1.042384 0.147657
v -0.176661 0.972071 0.143261
v -0.126562 1.026562 0.170508
v -0.467579 0.696973 0.006920
v -0.481641 0.682912 0.006427
v -0.471094 0.682912 0.000555
v -0.450000 0.718946 0.005410
v -0.460546 0.725098 0.006261
v -0.478125 0.701367 0.004285
v -0.448242 0.712793 -0.002204
v 0.005218 1.430860 -0.172267
v -0.058009 1.441406 -0.164356
v -0.046802 1.476562 -0.205666
v 0.012964 1.385156 -0.118654
v -0.049000 1.392189 -0.110303
v -0.003501 1.469531 -0.217090
v 0.058887 1.483594 -0.199513
v 0.065479 1.430860 -0.162599
v 0.240820 0.000000 0.224121
v 0.272461 0.000000 0.203026
v 0.239062 0.028125 0.224121
v 0.200390 0.000000 0.224121
v 0.198634 0.028125 0.222362
v -0.132714 1.055567 0.010547
v -0.130957 1.073144 0.009723
v -0.130957 1.074903 -0.041968
v -0.146777 1.024805 0.054712
v -0.134473 1.076661 0.048999
v -0.129199 1.066992 -0.046364
v -0.137110 1.022168 -0.042407
v -0.142384 1.023046 0.013182
v -0.086134 0.274220 -0.052735
v -0.153808 0.263672 -0.090528
v -0.149414 0.309375 -0.091846
v -0.057568 0.284766 0.000433
v -0.077783 0.242579 -0.000804
v -0.081738 0.309375 -0.048999
v -0.086134 0.235547 -0.057568
v 0.171387 1.202344 0.077343
v 0.174902 1.183009 0.101074
v 0.160839 1.151367 0.077782
v 0.128320 1.207617 0.083935
v 0.168750 1.223439 0.040209
v 0.177539 1.177735 0.061962
v 0.191601 1.202344 0.035815
v 0.318165 0.811231 -0.049879
v 0.300586 0.832763 -0.007005
v 0.302344 0.836720 -0.047242
v 0.342774 0.820460 -0.080420
v 0.363866 0.805957 -0.068995
v 0.328711 0.798927 -0.046142
v -0.095362 1.511719 0.148535
v -0.113378 1.504688 0.133593
v -0.108985 1.497656 0.135352
v -0.105030 1.532812 0.154687
v -0.123046 1.515235 0.136230
v -0.094043 1.508204 0.146776
v -0.072509 1.518750 0.156444
v -0.210939 0.144141 -0.033618
v -0.230274 0.084375 -0.014721
v -0.217969 0.144141 -0.002953
v -0.178418 0.140625 -0.054492
v -0.214454 0.105469 -0.045483
v 0.065918 1.147851 0.127441
v 0.040430 1.167189 0.122167
v 0.048119 1.111817 0.144139
v 0.076025 1.110939 0.145020
v 0.090088 1.172461 0.115136
v 0.038891 1.204101 0.091846
v 0.442969 0.694336 -0.084815
v 0.435939 0.704004 -0.083937
v 0.450000 0.709278 -0.071632
v 0.457031 0.695214 -0.073389
v 0.448242 0.688184 -0.083496
v 0.437695 0.688184 -0.080860
v -0.010053 1.487110 0.112499
v -0.018677 1.458985 0.108983
v -0.010546 1.494141 0.082617
v -0.028125 1.508204 0.133593
v -0.023731 1.487110 0.132715
v -0.015491 1.518750 0.110303
v -0.082177 0.970753 0.198633
v -0.072070 0.968116 0.161718
v -0.067237 0.999317 0.166112
v -0.081299 1.031836 0.197754
v -0.126562 0.969434 0.172264
v -0.116015 0.965918 0.144139
v 0.133594 1.740235 0.034496
v 0.173144 1.701562 0.064599
v 0.164356 1.708594 0.008624
v 0.101954 1.743750 0.000487
v 0.125683 1.736719 0.073388
v 0.127442 1.750781 -0.037794
v 0.044824 0.486915 0.072949
v 0.034717 0.483399 0.019666
v 0.053833 0.439454 0.068554
v 0.030982 0.566016 0.080859
v 0.020765 0.564259 0.020544
v 0.082616 0.488671 0.110303
v 0.087012 0.442969 0.101953
v -0.226758 1.399219 -0.119532
v -0.202149 1.371094 -0.149416
v -0.220606 1.364062 -0.108545
v -0.223241 1.434375 -0.120410
v -0.209180 1.406250 -0.159962
v -0.228515 1.413281 -0.083496
v -0.223241 1.392189 -0.078224
v -0.492189 0.678516 0.004971
v -0.485156 0.673242 0.002114
v -0.488671 0.685547 0.004339
v 0.003791 1.381640 -0.060206
v -0.039551 1.357031 -0.065041
v 0.014173 1.357031 -0.068117
v -0.087012 1.402735 -0.040431
v 0.105030 1.392188 -0.047462
v 0.086134 1.409766 -0.050099
v 0.351562 0.947900 0.021862
v 0.367384 0.953394 -0.022523
v 0.316406 1.001074 0.024169
v 0.341015 0.886871 0.033837
v 0.383204 0.893985 0.019446
v 0.302344 0.939991 0.040209
v 0.399024 0.903955 -0.020984
v 0.275976 0.971631 0.042407
v -0.085253 1.683984 -0.185450
v -0.091406 1.736719 -0.140626
v -0.038012 1.719140 -0.181056
v -0.137988 1.620704 -0.174904
v -0.043945 1.648829 -0.214453
v -0.102393 1.624219 -0.210059
v -0.186329 0.812110 -0.003407
v -0.157324 0.750586 -0.071191
v -0.196875 0.757617 -0.005549
v -0.148536 0.810351 -0.066358
v 0.123046 1.518750 0.135352
v 0.140625 1.515235 0.110303
v 0.130957 1.536329 0.135352
v 0.096680 1.515235 0.148535
v 0.114259 1.504688 0.135352
v 0.105469 1.532812 0.153809
v 0.130957 1.501171 0.118651
v 0.152930 0.140625 -0.053614
v 0.180176 0.140625 -0.053394
v 0.183692 0.108985 -0.069434
v 0.149414 0.108985 -0.069873
v 0.119531 0.105469 -0.046142
v 0.127442 0.140625 -0.031422
v -0.124805 1.207617 0.085693
v -0.097997 1.241016 0.034276
v -0.126561 1.235742 0.039331
v -0.136231 1.179492 0.116014
v -0.108545 1.179492 0.125682
v -0.094921 1.172461 0.115136
v -0.075586 1.212891 0.066797
v -0.168750 1.202345 0.079980
v -0.404296 0.800245 -0.053175
v -0.390235 0.788818 -0.065480
v -0.411329 0.762891 -0.072510
v -0.425391 0.769922 -0.059327
v -0.397266 0.826172 -0.048999
v -0.390235 0.820900 -0.059327
v -0.435939 0.769922 -0.032081
v -0.409570 0.803760 -0.026258
v 0.057568 1.511719 0.145898
v 0.070753 1.515235 0.146776
v 0.049219 1.529296 0.131834
v 0.030982 1.508204 0.133593
v 0.048339 1.501171 0.146776
v 0.072509 1.487110 0.150292
v 0.481641 0.676759 -0.010767
v 0.488671 0.684668 -0.012745
v 0.492189 0.679394 -0.009888
v 0.467579 0.695214 -0.015162
v 0.492189 0.671485 -0.007224
v 0.474610 0.682911 -0.000852
v 0.488671 0.673242 0.001648
v -0.009009 1.371094 0.183691
v -0.006701 1.392188 0.177538
v -0.020214 1.371094 0.174901
v 0.000247 1.367579 0.184569
v -0.000041 1.388671 0.178417
v -0.009063 1.360546 0.178417
v -0.181933 0.133594 0.081737
v -0.167872 0.130079 0.009887
v -0.142384 0.133594 0.070752
v -0.139747 0.161720 0.069433
v -0.179296 0.165235 0.082617
v -0.219726 0.133594 0.061084
v 0.138866 1.099512 -0.087452
v 0.134473 1.070509 -0.043727
v 0.129199 1.075781 -0.040431
v 0.148536 1.090723 -0.087452
v 0.156445 1.140821 -0.100196
v 0.181055 1.142579 -0.091846
v 0.134473 1.103906 -0.086133
v 0.000151 0.793653 0.156444
v -0.000617 0.840235 0.028344
v 0.069872 0.791894 0.148535
v -0.072949 0.791016 0.147657
v 0.064161 0.704004 0.181054
v 0.000241 0.702247 0.185449
v -0.064161 0.704004 0.178417
v -0.203027 1.462500 -0.038672
v -0.184570 1.458985 -0.077344
v -0.173144 1.462500 -0.054932
v -0.208301 1.483594 0.027685
v -0.233789 1.518750 -0.004231
v -0.179296 1.466016 -0.027467
v -0.212695 1.494141 -0.068556
v -0.407812 0.737403 0.043505
v -0.411329 0.729492 0.031859
v -0.411329 0.716309 0.052294
v -0.397266 0.737403 0.047020
v -0.407812 0.756739 0.029883
v -0.413086 0.741797 0.020434
v -0.402540 0.716309 0.056688
v 0.055591 1.743750 0.052514
v 0.107226 1.729688 -0.006483
v 0.068994 1.743750 -0.066358
v -0.053613 1.743750 0.051855
v 0.001964 1.750781 0.059764
v 0.222363 0.341016 0.040209
v 0.212695 0.295312 0.078661
v 0.249610 0.291796 0.036694
v 0.224122 0.383204 0.045922
v 0.198634 0.333985 0.073389
v 0.233790 0.386719 -0.006729
v 0.230274 0.333985 -0.011921
v -0.097119 1.374610 -0.223243
v -0.072070 1.353515 -0.189844
v -0.123926 1.357031 -0.197755
v -0.052735 1.381640 -0.213575
v -0.118652 1.406250 -0.239941
v -0.072509 1.399219 -0.234669
v -0.105909 0.000000 0.021094
v -0.103711 0.000000 -0.025269
v -0.106348 0.028125 0.017029
v -0.111622 0.000000 0.038012
v -0.239062 0.000000 -0.020983
v 0.127442 1.025684 0.170508
v 0.083057 0.971631 0.197754
v 0.126562 0.968994 0.170508
v 0.191601 1.041504 0.148535
v 0.134473 1.040625 0.182812
v 0.082177 1.030079 0.199511
v 0.177539 0.971192 0.142383
v 0.178418 1.030079 0.142383
v 0.159961 0.710156 -0.064599
v 0.196875 0.757617 -0.005302
v 0.205665 0.706641 -0.001999
v 0.093604 0.691699 -0.082617
v 0.091845 0.709278 -0.099318
v 0.157324 0.750586 -0.071191
v -0.109863 1.466016 0.128319
v -0.113378 1.437891 0.131834
v -0.092725 1.455469 0.136230
v -0.120411 1.483594 0.119531
v -0.132714 1.458985 0.104590
v -0.113378 1.487110 0.127441
v -0.100195 1.469531 0.134471
v -0.439454 0.686427 -0.080861
v -0.450000 0.675879 -0.072071
v -0.448242 0.682031 -0.082617
v -0.432422 0.696973 -0.080861
v -0.446485 0.694336 -0.068556
v -0.448242 0.688184 -0.083057
v -0.441211 0.693458 -0.083937
v 0.028784 1.350000 0.157324
v 0.034497 1.344726 0.152050
v 0.030542 1.353515 0.153809
v 0.421875 0.842433 -0.021644
v 0.414844 0.873413 -0.057569
v 0.421875 0.874512 -0.017907
v 0.406055 0.854297 0.021203
v 0.411329 0.832763 0.009284
v 0.432421 0.826613 -0.021754
v 0.413086 0.838037 -0.052516
v -0.047241 1.620704 0.231151
v -0.067237 1.687500 0.153809
v 0.017579 1.712110 0.132715
v -0.211817 0.781348 0.013843
v -0.221485 0.710156 0.014941
v -0.205664 0.776954 0.072069
v -0.188086 0.832324 0.067675
v -0.199512 0.840674 0.013513
v -0.196875 0.786622 -0.044166
v -0.205664 0.712793 -0.044166
v 0.128320 1.532812 -0.207422
v 0.149414 1.490625 -0.179297
v 0.103271 1.476562 -0.192481
v 0.080420 1.511719 -0.216212
v 0.165235 1.536329 -0.152051
v 0.092725 1.560938 -0.225880
v 0.139747 1.585546 -0.188087
v 0.155567 0.116016 0.078222
v 0.183692 0.144141 0.065917
v 0.150293 0.140625 0.062401
v 0.189844 0.123046 0.076904
v 0.161719 0.094921 0.101514
v 0.132714 0.080860 0.055371
v -0.166991 1.177735 -0.093165
v -0.212695 1.170704 -0.064160
v -0.151171 1.198829 -0.097120
v -0.225000 1.179492 -0.019886
v -0.222363 0.165235 0.061084
v -0.265430 0.207422 0.036255
v -0.237305 0.165235 0.028344
v -0.230274 0.221485 0.084813
v -0.179296 0.189845 0.095801
v -0.237305 0.130079 0.025268
v 0.045263 1.284961 -0.059327
v 0.000432 1.290235 -0.071191
v 0.001112 1.228711 -0.022742
v 0.063281 1.277930 -0.027687
v 0.046582 1.341211 -0.070313
v 0.073388 1.334180 -0.041968
v 0.395509 0.712793 0.053173
v 0.397266 0.705762 0.045264
v 0.399024 0.704884 0.056688
v 0.400781 0.717189 0.055371
v 0.390235 0.732129 0.041309
v 0.391992 0.726857 0.034057
v 0.402540 0.707519 0.060645
v -0.065918 1.497656 0.043944
v -0.071192 1.466016 0.049877
v -0.099317 1.490625 0.051635
v -0.083057 1.529296 0.058447
v -0.044604 1.515235 0.055370
v -0.038891 1.480079 0.053173
v -0.054932 0.966357 -0.093165
v 0.000715 0.965479 -0.095801
v -0.119531 0.918128 -0.083496
v -0.105908 0.967677 -0.076904
v -0.100634 1.024805 -0.081739
v -0.052295 1.030079 -0.096242
v -0.058009 0.918897 -0.104590
v 0.151171 1.729688 0.100633
v 0.164356 1.683984 0.130956
v 0.185449 1.652344 0.045922
v 0.174903 1.641796 0.102392
v 0.219726 0.490430 0.012743
v 0.188964 0.490430 -0.042627
v -0.084814 1.371094 0.143261
v -0.052295 1.371094 0.155566
v -0.036256 1.378125 0.162597
v -0.448242 0.717189 -0.019227
v -0.432422 0.731251 -0.039992
v -0.435939 0.723340 -0.003516
v -0.457031 0.713672 -0.018129
v -0.450000 0.715430 -0.029663
v -0.464062 0.695215 -0.014009
v 0.050317 1.462500 0.144139
v 0.069433 1.458985 0.143261
v 0.067237 1.483594 0.095800
v 0.043506 1.458985 0.139745
v 0.033619 1.469531 0.141504
v 0.216211 0.066796 -0.053175
v 0.183692 0.031641 -0.072510
v 0.185449 0.070312 -0.075587
v 0.233789 0.031641 -0.019886
v 0.214454 0.031641 -0.053175
v 0.216211 0.105469 -0.047901
v 0.232031 0.087891 -0.014612
v -0.020435 1.226954 0.097118
v -0.026807 1.265625 0.116014
v -0.058448 1.237500 0.074267
v -0.041089 1.205860 0.090087
v 0.000803 1.202344 0.101953
v -0.023621 1.233985 0.091846
v 0.000742 1.195312 0.096240
v -0.140625 0.458790 0.114258
v -0.182812 0.569531 0.101075
v -0.184570 0.474610 0.092285
v -0.144140 0.435939 0.107227
v -0.087012 0.446485 0.101953
v -0.135351 0.495704 0.118652
v -0.082177 0.488672 0.108984
v 0.120411 1.335938 0.049657
v 0.125683 1.350000 0.033837
v 0.123926 1.337695 0.033617
v 0.133594 1.337695 0.040209
v 0.053613 0.922412 0.159081
v 0.072070 0.934058 0.193359
v 0.062842 0.957129 0.158203
v 0.000549 0.879236 0.170508
v 0.052515 0.880445 0.160840
v 0.058448 0.877369 0.169629
v -0.235546 1.571485 -0.044166
v -0.219726 1.557422 -0.105469
v -0.488671 0.666211 -0.026367
v -0.478125 0.678516 -0.023950
v -0.488671 0.669727 -0.028346
v -0.485156 0.664455 -0.040431
v -0.481641 0.664455 -0.034059
v -0.488671 0.669727 -0.040431
v 0.000508 1.348242 0.169629
v -0.009283 1.342969 0.166112
v 0.000481 1.342969 0.168749
v 0.010327 1.342969 0.166112
v 0.010602 1.350000 0.167871
v 0.000810 1.353515 0.165234
v -0.009229 1.350000 0.167871
v 0.384961 0.785742 -0.065040
v 0.379689 0.779589 -0.058447
v 0.367384 0.805957 -0.056031
v 0.400781 0.754982 -0.074708
v 0.409570 0.762891 -0.074708
v 0.397265 0.796290 -0.063721
v 0.374414 0.811671 -0.063721
v -0.090527 1.529296 0.130956
v -0.083936 1.511719 0.145019
v -0.068116 1.539844 0.130956
v -0.092725 1.501171 0.144139
v -0.109424 1.511719 0.126562
v -0.117774 1.518750 0.104590
v -0.097558 1.539844 0.105468
v -0.039551 0.722461 0.137109
v -0.000234 0.739161 0.152050
v -0.044165 0.809034 0.145020
v -0.094921 0.732129 0.136230
v -0.036475 0.702247 0.120410
v 0.000680 0.710156 0.138867
v 0.194238 1.434375 -0.039551
v 0.181933 1.406250 -0.025050
v 0.181933 1.437891 -0.045703
v 0.198634 1.466016 -0.037135
v 0.158204 1.455469 0.003158
v 0.246094 0.000000 0.007525
v 0.244336 0.017579 0.006371
v 0.123046 0.014062 0.062401
v -0.188086 1.037989 -0.089209
v -0.136231 1.063476 -0.048999
v -0.166113 1.015137 -0.050099
v -0.230274 1.081055 -0.092285
v -0.148536 1.091601 -0.089648
v -0.232031 0.983058 -0.089209
v -0.272461 1.012061 -0.097559
v -0.325195 0.841114 0.023401
v -0.314649 0.925159 0.037353
v -0.360351 0.857153 0.032520
v -0.330469 0.798927 -0.004917
v -0.304101 0.834961 -0.006537
v -0.349805 0.809912 0.026916
v -0.284766 0.895744 0.031639
v 0.127442 1.666406 -0.133594
v 0.071192 1.613671 -0.190724
v 0.113379 1.705079 -0.102392
v 0.175781 1.645312 -0.057130
v 0.067677 1.676954 -0.167871
v 0.495704 0.678516 0.003707
v 0.495704 0.679394 -0.003516
v 0.492189 0.684668 0.004037
v 0.485156 0.683790 0.006371
v 0.495704 0.673242 -0.003187
v -0.033838 1.348242 -0.049440
v 0.001346 1.381640 -0.090089
v 0.000947 1.350000 -0.061964
v 0.000515 1.323634 -0.059327
v -0.034717 1.323634 -0.045484
v -0.061963 1.346485 -0.006676
v -0.042628 1.385156 -0.080420
v -0.148536 0.105469 -0.068556
v -0.116016 0.063281 -0.054053
v -0.147656 0.066796 -0.076026
v -0.182812 0.105469 -0.068995
v -0.152052 0.140625 -0.053394
v -0.184570 0.066796 -0.076465
v -0.118653 0.105469 -0.047681
v 0.119531 1.135547 0.116014
v 0.108545 1.088964 0.147657
v 0.140625 1.098634 0.105468
v 0.136231 1.153125 0.135352
v 0.099317 1.147851 0.153809
v 0.149414 1.140821 0.089209
v 0.174902 1.156641 0.116895
v 0.191601 0.753223 0.060645
v 0.183692 0.811231 0.061084
v 0.187207 0.811671 -0.003146
v -0.134473 1.536329 0.190721
v -0.103271 1.578516 0.227636
v -0.145899 1.560938 0.206542
v -0.130957 1.617188 0.141504
v -0.091406 1.575000 0.216210
v -0.155567 1.515235 0.140624
v -0.178418 1.515235 0.149413
v -0.444726 0.725098 -0.069873
v -0.448242 0.709278 -0.070752
v -0.453516 0.725977 -0.053834
v -0.441211 0.736525 -0.070313
v -0.428906 0.724220 -0.079980
v -0.435939 0.706641 -0.081300
v -0.448242 0.740040 -0.053614
v 0.025488 1.483594 0.132715
v 0.011151 1.487110 0.110303
v 0.020545 1.458985 0.108983
v 0.033179 1.462500 0.130078
v 0.045704 1.487110 0.146776
v 0.219726 0.144141 -0.003380
v 0.213574 0.144141 0.047460
v 0.235546 0.084375 0.018895
v 0.212695 0.144141 -0.034718
v -0.025268 1.341211 0.153809
v -0.016479 1.342969 0.161718
v -0.017579 1.350000 0.165234
v -0.015930 1.353515 0.160840
v -0.017908 0.629297 0.084813
v -0.070312 0.571290 0.120410
v -0.029003 0.566016 0.078661
v -0.055811 0.646876 0.124804
v -0.009394 0.680274 0.085693
v -0.008843 0.624024 0.020105
v -0.005108 0.666211 0.019115
v 0.144140 1.434375 0.019885
v 0.162598 1.395704 -0.005522
v 0.163476 1.406250 -0.028565
v 0.067237 1.031836 0.186328
v 0.062842 0.991406 0.164355
v 0.072509 0.968116 0.165234
v 0.116015 0.965479 0.145020
v -0.154688 1.747265 0.028783
v -0.114258 1.771875 -0.025928
v -0.154688 1.736719 -0.052516
v -0.138866 1.733204 0.108105
v -0.111621 1.775390 0.034496
v -0.239062 0.000000 0.224121
v -0.198634 0.000000 0.224121
v -0.198634 0.028125 0.224121
v -0.239062 0.031641 0.223243
v -0.270704 0.000000 0.203907
v 0.046802 1.214649 0.067236
v 0.000871 1.244531 0.061523
v 0.021863 1.198829 0.078661
v 0.072070 1.233985 0.026697
v 0.030542 1.251562 0.049657
v 0.404296 0.724220 0.029444
v 0.411329 0.730372 0.032520
v 0.414844 0.711036 0.044384
v 0.407812 0.704884 0.039990
v 0.399024 0.734766 0.019666
v -0.124805 1.416796 -0.106788
v -0.363867 0.804199 -0.034718
v -0.363867 0.804638 -0.012470
v -0.367384 0.807275 -0.056251
v 0.093164 1.508204 0.147657
v 0.073388 1.511719 0.153809
v 0.073388 1.518750 0.156444
v 0.108106 1.497656 0.134471
v 0.080420 0.348046 -0.045044
v 0.064161 0.319921 0.006646
v 0.076905 0.390235 -0.039551
v 0.137988 0.407812 -0.071191
v 0.144140 0.351562 -0.082178
v 0.081299 0.309375 -0.048560
v -0.209180 1.165430 0.030102
v -0.181055 1.126759 0.053173
v -0.172265 1.160156 0.063282
v -0.268945 1.110939 -0.022742
v -0.249610 1.100391 0.025597
v -0.464062 0.713672 -0.040211
v -0.464062 0.696095 -0.055812
v -0.474610 0.697852 -0.039770
v -0.457031 0.727735 -0.036694
v -0.471094 0.700489 -0.022413
v 0.000466 1.469531 0.166992
v 0.011810 1.444921 0.169629
v 0.014008 1.466016 0.160840
v 0.019006 1.494141 0.166992
v -0.000110 1.497656 0.171386
v -0.010876 1.444921 0.168749
v 0.000385 1.448438 0.174901
v -0.013568 1.466016 0.161718
v -0.019336 1.494141 0.166992
v 0.159961 0.158204 -0.080861
v 0.110302 0.158204 -0.041748
v 0.159961 0.182812 -0.091846
v 0.217969 0.133594 -0.050538
v 0.161719 0.130079 -0.080861
v 0.217969 0.165235 -0.054273
v -0.090966 1.265625 -0.015602
v -0.078662 1.258595 0.031200
v -0.128320 0.580079 0.126563
v 0.153808 1.364062 0.012853
v 0.145899 1.364062 0.008403
v 0.116894 0.942628 0.142383
v 0.177539 0.926476 0.141504
v 0.151171 0.935595 0.113379
v 0.126562 0.925818 0.173145
v 0.146777 0.965479 0.101514
v 0.111182 0.959766 0.135352
v -0.171387 1.606641 -0.101514
v -0.181055 1.571485 -0.049660
v -0.174902 1.645312 -0.056251
v -0.130079 1.613671 -0.156446
v -0.170509 1.550391 -0.103712
v -0.124805 1.669921 -0.133594
v -0.242579 0.091406 0.107666
v -0.228516 0.098439 0.076904
v -0.251367 0.063281 0.056689
v -0.205665 0.098439 0.127441
v -0.194238 0.108985 0.096240
v -0.254884 0.091406 0.157325
v -0.268945 0.059766 0.097559
v -0.277735 0.059766 0.133594
v 0.137110 1.061720 -0.048120
v 0.137988 1.064357 0.007910
v 0.404296 0.700488 0.059765
v 0.409570 0.701367 0.058886
v 0.400781 0.699610 0.051855
v -0.026366 1.451954 0.079102
v -0.031201 1.466016 0.129199
v -0.041308 1.437891 0.106346
v -0.323439 0.850123 -0.078663
v -0.304101 0.836720 -0.045923
v -0.342774 0.819141 -0.079541
v -0.284766 0.910822 -0.086133
v -0.261915 0.884839 -0.050099
v -0.356836 0.875171 -0.088770
v -0.372656 0.846168 -0.095361
v 0.121289 1.522266 0.105907
v 0.117774 1.490625 0.126562
v 0.129199 1.487110 0.104590
v 0.093164 1.529296 0.130078
v 0.111182 1.511719 0.128319
v 0.099317 1.539844 0.105907
v 0.078662 0.239062 0.000282
v 0.088769 0.189844 0.046581
v 0.097997 0.242579 0.044605
v 0.086134 0.274219 -0.052955
v 0.086573 0.232031 -0.057129
v 0.068994 0.196875 -0.005000
v 0.058009 0.281250 0.000989
v -0.138866 1.154884 0.135352
v -0.173144 1.156641 0.116895
v -0.121289 1.137305 0.115136
v -0.105908 1.153125 0.151172
v -0.460546 0.684668 -0.057569
v -0.460547 0.676759 -0.064160
v -0.457031 0.675879 -0.075587
v 0.016699 1.353515 0.160840
v 0.016369 1.360546 0.170508
v 0.008789 1.357031 0.163477
v 0.018677 1.350000 0.164355
v 0.390235 0.822656 -0.008459
v 0.406055 0.795411 -0.004285
v 0.411329 0.803321 -0.025489
v 0.399024 0.827930 -0.025379
v 0.376171 0.812549 -0.000789
v 0.393750 0.793653 0.006069
v -0.062841 1.617188 0.241699
v 0.001147 0.701367 0.117773
v 0.034936 0.700488 0.121288
v 0.000178 0.683790 0.089648
v 0.010931 0.681153 0.086572
v 0.179296 1.487110 -0.148535
v 0.200391 1.469531 -0.079102
v 0.169629 1.444921 -0.104590
v 0.205665 1.518750 -0.117773
v 0.142384 1.448438 -0.142383
v 0.142384 0.063281 0.116895
v 0.146777 0.059766 0.145020
v -0.137110 1.097754 -0.086572
v -0.138866 1.063476 0.007635
v -0.275976 0.971192 0.041748
v -0.351562 0.948120 0.021313
v -0.383204 0.893738 0.018895
v 0.065918 1.768360 -0.052736
v 0.025818 1.785938 -0.101953
v 0.030762 1.800000 -0.053175
v 0.105909 1.757812 -0.085255
v 0.049659 1.761329 -0.103712
v 0.072949 1.761329 -0.007471
v 0.035595 1.789454 -0.001580
v 0.474610 0.701367 -0.013128
v 0.481641 0.701367 -0.006839
v 0.492189 0.688184 -0.007278
v -0.039332 1.409766 -0.223243
v -0.072070 1.423829 -0.241700
v -0.036475 1.434375 -0.227638
v -0.018896 1.406250 -0.198633
v -0.034717 1.385156 -0.196876
v -0.237305 0.130079 -0.017248
v -0.217089 0.133594 -0.050318
v -0.159961 0.130079 -0.082178
v -0.108546 0.130079 -0.041968
v -0.105908 0.130079 -0.000076
v -0.116016 0.126562 0.034496
v 0.017359 1.342969 0.161718
v 0.026698 1.339454 0.154687
v 0.035595 0.809034 -0.109425
v 0.035375 0.741796 -0.116016
v 0.000598 0.808155 -0.101075
v 0.093164 0.747070 -0.109425
v 0.090088 0.809912 -0.101953
v -0.173144 1.497656 0.086572
v -0.180176 1.483594 0.027904
v -0.147656 1.617188 0.083495
v -0.200390 1.494141 0.091846
v -0.029003 1.251562 0.048779
v -0.044824 1.214649 0.065917
v 0.000837 1.284961 0.055151
v -0.019885 1.198829 0.077782
v 0.000391 1.188281 0.084813
v 0.381445 0.745312 0.029224
v 0.386719 0.747949 0.008074
v 0.377930 0.762012 0.013073
v -0.137988 1.444921 -0.066797
v -0.123926 1.409766 -0.003709
v -0.137988 1.441406 -0.024721
v -0.102393 1.430860 -0.105910
v -0.082616 1.392189 -0.060645
v -0.151171 1.476562 -0.023511
v -0.152930 1.494141 -0.105029
v -0.182812 0.933839 0.015380
v -0.150293 0.971631 -0.036035
v -0.171387 0.916370 -0.038233
v -0.192481 0.891816 0.012523
v -0.181933 0.890828 0.064160
v -0.162598 0.962403 0.056249
v -0.164356 0.968116 0.013733
v 0.130079 1.599610 0.142382
v 0.116894 1.687500 0.037352
v 0.149415 1.627735 0.021532
v 0.113379 1.641796 0.151172
v 0.152930 1.546875 0.107227
v 0.152051 1.613671 0.141504
v 0.131836 1.652344 0.159081
v 0.131836 0.439454 -0.065480
v 0.071631 0.432421 -0.036474
v 0.126562 0.485156 -0.065040
v 0.189844 0.450000 -0.045703
v 0.193360 0.425391 -0.048560
v -0.091845 1.334180 0.066797
v -0.054491 1.323634 0.046361
v -0.062842 1.320117 0.079980
v -0.086134 1.332421 0.096239
v -0.115137 1.357031 0.051855
v -0.092286 1.346485 0.035376
v -0.425391 0.718067 -0.077784
v -0.432422 0.720704 -0.065040
v 0.060205 1.437891 0.074706
v 0.087890 1.441406 0.070751
v 0.118652 1.458985 0.104590
v 0.239062 0.000000 -0.021974
v 0.237305 0.031641 -0.020764
v -0.037354 1.014259 0.164355
v 0.001147 1.054689 0.165234
v -0.122168 0.186329 0.086133
v -0.096680 0.239062 0.043944
v -0.130957 0.239062 0.077783
v -0.087451 0.186329 0.047460
v 0.167872 1.237500 -0.065919
v 0.134473 1.255079 -0.017358
v 0.174902 1.244531 -0.018348
v 0.153808 1.195312 -0.095801
v 0.119531 1.218164 -0.096242
v 0.189844 1.212891 -0.066797
v 0.130957 1.251562 -0.061084
v 0.078662 0.867262 0.216210
v 0.075586 0.840235 0.206542
v 0.090527 0.858253 0.216210
v 0.094043 0.864625 0.231151
v 0.072070 0.902581 0.204785
v -0.170509 1.497656 0.004475
v -0.156445 1.497656 0.003872
v -0.178418 1.490625 -0.031202
v -0.188964 1.487110 -0.026258
v -0.157324 1.458985 0.000857
v -0.152051 1.480079 0.026696
v -0.404296 0.795851 -0.004202
v -0.379689 0.816065 -0.000845
v -0.390235 0.823976 -0.007966
v -0.393750 0.792774 0.007251
v -0.399024 0.777833 0.017248
v -0.435939 0.765528 -0.008240
v -0.421875 0.756739 0.012194
v 0.048780 1.610156 -0.210938
v 0.018457 1.571485 -0.239941
v 0.011976 1.652344 -0.216212
v 0.052296 1.673438 -0.183691
v 0.104589 1.613671 -0.212696
v 0.050098 1.560938 -0.222364
v 0.181055 0.232031 0.099755
v 0.212695 0.249610 0.073828
v 0.170509 0.288281 0.106347
v -0.044604 1.341211 -0.071632
v -0.077783 1.325390 -0.054273
v -0.072070 1.334180 -0.042847
v 0.001127 1.344726 -0.085694
v -0.051637 1.337695 -0.086133
v -0.043067 1.284961 -0.060206
v -0.105030 0.052735 -0.024610
v -0.121290 0.031641 -0.052735
v -0.108106 0.101954 -0.017358
v 0.261914 0.994922 0.044605
v 0.180176 1.032714 0.040429
v 0.224122 0.968116 0.034276
v 0.302344 1.023047 0.025048
v 0.214454 1.067872 0.047020
v 0.351562 0.792774 -0.041748
v 0.358594 0.776954 -0.045922
v -0.080420 1.462500 0.143261
v -0.108545 1.466016 0.125682
v -0.090088 1.448438 0.126562
v -0.070753 1.487110 0.150292
v -0.091845 1.473046 0.143261
v -0.061963 1.466016 0.143261
v -0.467579 0.696095 -0.020764
v -0.481641 0.683790 -0.023950
v -0.467579 0.682912 -0.033839
v 0.010382 1.409766 0.196874
v 0.000907 1.427344 0.188085
v 0.000686 1.413281 0.203907
v -0.000315 1.399219 0.200389
v 0.020984 1.406250 0.180175
v 0.018896 1.416796 0.169629
v 0.009724 1.423829 0.182812
v 0.009448 1.399219 0.193359
v 0.390235 0.900292 -0.061523
v 0.399024 0.866601 -0.083496
v -0.004120 1.775390 0.137108
v -0.047021 1.750781 0.169629
v 0.003845 1.800000 0.036913
v -0.041747 1.789454 0.087450
v 0.033619 1.789454 0.091406
v -0.195997 0.870117 0.162597
v -0.188964 0.893682 0.140624
v 0.158204 1.494141 0.003790
v 0.154688 1.480079 -0.024170
v 0.192481 1.490625 -0.022742
v 0.182812 1.490625 -0.032300
v 0.159961 1.522266 0.039111
v 0.171387 1.494141 0.005519
v 0.154688 1.483594 0.025597
v 0.106787 0.158204 -0.001216
v 0.113378 0.161719 0.036913
v 0.122168 0.186329 0.085254
v 0.140625 0.161719 0.069432
v -0.258399 1.105665 -0.064599
v -0.181933 1.142579 -0.092724
v -0.305860 1.028321 -0.062843
v -0.495704 0.680275 -0.002521
v -0.492189 0.675879 -0.001601
v -0.488671 0.689062 -0.007169
v -0.488671 0.678516 -0.009174
v 0.035595 1.346485 -0.048999
v 0.046363 1.385156 -0.079541
v 0.002266 1.420312 -0.142383
v 0.163476 0.888630 0.106347
v 0.189844 0.892530 0.140624
v 0.195997 0.904779 0.163477
v -0.074707 1.792969 -0.017578
v -0.051856 1.792969 -0.072071
v -0.109863 1.754296 -0.094922
v -0.091406 0.710156 -0.099757
v -0.092286 0.747071 -0.109425
v -0.035156 0.740918 -0.115138
v -0.035156 0.708399 -0.096681
v -0.159082 0.710156 -0.065040
v -0.093164 0.693458 -0.082617
v 0.122168 1.483594 0.116894
v 0.133594 1.458985 0.104590
v 0.133594 1.483594 0.101074
v 0.119531 1.490625 0.123925
v 0.114259 1.487110 0.126562
v 0.109863 1.466016 0.128319
v 0.116015 0.130079 0.034276
v 0.166113 0.126562 0.009393
v 0.142384 0.133594 0.070312
v 0.107226 0.130079 -0.000550
v -0.085693 1.077540 0.210937
v -0.110302 1.088086 0.150292
v -0.129199 1.075781 0.180175
v -0.074707 1.089845 0.177538
v -0.086573 1.040625 0.215331
v -0.068555 1.071387 0.188085
v -0.372656 0.776954 -0.001848
v -0.372656 0.809473 -0.003077
v -0.377930 0.786622 0.004256
v 0.054713 1.525781 0.172264
v 0.050098 1.539844 0.181932
v 0.038232 1.518750 0.173145
v 0.054491 1.515235 0.156444
v 0.077344 1.532812 0.167870
v 0.079981 1.553906 0.173145
v 0.485156 0.671485 -0.051636
v 0.485156 0.684668 -0.040211
v 0.492189 0.669726 -0.040870
v 0.488671 0.664454 -0.040650
v -0.016589 1.304296 0.123925
v -0.020875 1.309570 0.068114
v 0.000288 1.307812 0.068554
v 0.000749 1.302539 0.130078
v -0.013788 1.304296 0.142383
v -0.047241 1.314844 0.103710
v -0.038891 1.316601 0.124804
v -0.133594 0.024610 0.112499
v -0.131836 0.028125 0.061084
v 0.166991 1.013379 -0.049440
v 0.168750 1.015137 0.006261
v 0.189844 1.037110 -0.088770
v 0.230274 0.983497 -0.088331
v 0.205664 0.956690 -0.047242
v 0.101954 0.693457 0.134472
v 0.045704 0.675879 0.122167
v 0.108985 0.648634 0.133593
v 0.096241 0.731250 0.136230
v 0.168750 0.691699 0.109862
v 0.136231 0.741796 0.125682
v -0.196875 1.448439 -0.161719
v -0.210058 1.458985 -0.112940
v -0.161719 1.434375 -0.201270
v -0.182811 1.480079 -0.148535
v -0.404297 0.700489 0.060645
v -0.402540 0.698732 0.050977
v -0.399024 0.704884 0.057129
v -0.402540 0.707519 0.060205
v -0.411329 0.701367 0.058008
v 0.027905 1.455469 0.078661
v 0.040869 1.476562 0.052514
v 0.043726 1.437891 0.107227
v 0.258399 0.028125 0.055810
v 0.237305 0.031641 0.008679
v 0.281250 0.028125 0.097998
v -0.054052 1.105665 -0.104151
v -0.108985 1.161915 -0.105468
v 0.000783 1.106543 -0.105909
v -0.076464 0.390235 -0.038892
v -0.130079 0.435939 -0.066797
v -0.070312 0.432422 -0.036255
v -0.056250 0.386720 0.018127
v -0.063720 0.319921 0.005576
v -0.079540 0.348047 -0.044824
v -0.136231 0.407812 -0.072510
v 0.135351 1.177735 0.117773
v 0.358594 0.875940 -0.089209
v 0.381445 0.893875 -0.080420
v 0.323438 0.849683 -0.079980
v 0.284765 0.909778 -0.087891
v 0.372656 0.845509 -0.095361
v 0.330469 0.926477 -0.093605
v -0.113378 1.522266 0.078221
v -0.125683 1.490625 0.080419
v -0.214454 0.066796 -0.053833
v 0.036036 1.228711 0.094922
v 0.076025 1.212891 0.067675
v 0.061085 1.239259 0.071630
v 0.025817 1.232226 0.092285
v 0.029884 1.265625 0.116014
v 0.064161 1.276171 0.096240
v 0.464062 0.725976 -0.038452
v 0.457031 0.740040 -0.037135
v 0.464062 0.723339 -0.016041
v 0.457031 0.726857 -0.054273
v 0.478125 0.698732 -0.039991
v 0.474610 0.700488 -0.022083
v -0.032299 1.494141 0.156444
v -0.026807 1.466016 0.147657
v -0.052954 1.504688 0.152050
v -0.037793 1.490625 0.147657
v -0.055372 1.515235 0.155566
v -0.038232 1.518750 0.173145
v -0.161719 0.969873 0.121288
v -0.146777 0.966796 0.101953
v -0.111622 0.960205 0.135352
v 0.160839 1.705079 -0.069434
v 0.181055 1.662890 -0.009284
v 0.183692 1.680469 -0.069874
v 0.150293 1.673438 -0.122169
v 0.118653 1.722656 -0.134474
v 0.018787 0.629297 0.085254
v 0.058009 0.631055 0.124804
v -0.198633 1.402735 -0.039551
v -0.162598 1.388671 -0.037355
v -0.164356 1.420312 -0.037355
v -0.202149 1.378125 -0.045703
v -0.195996 1.434375 -0.047901
v -0.210938 1.423829 -0.055592
v -0.215332 1.406250 -0.055151
v -0.425391 0.822656 -0.058888
v -0.391992 0.827930 -0.073828
v -0.404296 0.811232 -0.079102
v -0.386719 0.808156 -0.025269
v -0.103271 1.698046 0.027685
v 0.034278 1.736719 0.045044
v 0.067677 1.694531 0.129199
v 0.226759 0.573046 0.021423
v 0.228516 0.643360 0.022962
v 0.210938 0.574805 0.063721
v 0.218848 0.495704 0.062841
v 0.232031 0.497461 0.017688
v -0.016259 1.395704 0.183691
v -0.005877 1.392188 0.188085
v -0.009614 1.399219 0.195117
v -0.020875 1.406250 0.181054
v -0.016589 1.392188 0.170508
v -0.111622 0.158204 0.037133
v -0.104589 0.161719 -0.001174
v 0.232031 1.081055 -0.091407
v 0.272461 1.011622 -0.096681
v 0.122168 0.778711 0.152929
v 0.130957 0.704004 0.155566
v 0.173144 0.779589 0.125682
v 0.107665 0.819141 0.153809
v 0.060205 0.771680 0.173145
v 0.159082 0.823095 0.119532
v -0.183692 1.469531 -0.045484
v -0.178418 1.437891 -0.047681
v -0.194238 1.466016 -0.041968
v -0.170509 0.284766 0.105908
v -0.164356 0.326954 0.101075
v -0.181055 0.235547 0.097559
v -0.115137 0.281250 0.093603
v 0.090527 1.320117 -0.000838
v 0.100195 1.306055 -0.004039
v 0.090967 1.293750 0.053173
v 0.079101 1.302539 0.050536
v 0.070312 1.267384 0.018456
v 0.457031 0.737403 -0.007966
v 0.467579 0.725098 -0.007251
v 0.435939 0.769922 -0.034498
v 0.435939 0.765528 -0.007168
v 0.464062 0.724220 0.005410
v 0.448242 0.734766 0.005410
v 0.001140 1.617188 -0.203907
v 0.001271 1.676954 -0.181056
v -0.066796 1.676954 -0.168751
v 0.001737 1.546875 -0.209181
v -0.068555 1.613671 -0.191602
v -0.218848 0.707519 0.073828
v -0.183692 0.791016 0.053392
v 0.062402 1.434375 0.153809
v 0.033179 1.409766 0.165234
v 0.075146 1.402735 0.157324
v 0.092286 1.434375 0.145019
v 0.067676 1.451954 0.140624
v 0.033838 1.441406 0.152929
v 0.108545 0.031641 -0.024170
v 0.121289 0.028125 -0.050757
v 0.118652 0.031641 -0.055151
v 0.119531 0.000000 -0.056031
v -0.163476 1.086329 0.125682
v -0.141503 1.075781 0.090966
v -0.184570 1.076661 0.146776
v -0.149414 1.023046 0.091407
v -0.239062 0.161719 -0.015272
v 0.000549 1.112696 0.153809
v 0.049658 1.052052 0.156444
v 0.000776 1.165430 0.127441
v -0.042408 1.113574 0.150292
v -0.047241 1.052052 0.155566
v 0.428906 0.720704 -0.080860
v 0.432421 0.698732 -0.081300
v 0.425391 0.718067 -0.079102
v 0.423634 0.733887 -0.079541
v 0.439454 0.738281 -0.069434
v 0.446485 0.724220 -0.069873
v 0.416601 0.731250 -0.076465
v -0.068994 1.441406 0.128319
v -0.070312 1.430860 0.104590
v -0.048119 1.448438 0.128319
v -0.070753 0.910383 0.200390
v -0.059326 0.879236 0.168749
v -0.052735 0.922522 0.159081
v -0.071631 0.934717 0.191602
v -0.078662 0.869458 0.216210
v -0.091845 0.907690 0.229395
v 0.196875 1.613671 0.031420
v 0.194238 1.624219 -0.026148
v 0.188086 1.599610 0.081737
v 0.216211 1.571485 -0.018129
v 0.204786 1.560938 0.046801
v 0.155567 0.365625 0.098437
v 0.094482 0.407812 0.094922
v 0.109863 0.358594 0.090087
v 0.188964 0.428906 0.083935
v 0.145019 0.425391 0.105468
v 0.112500 0.326954 0.091407
v 0.202149 0.376171 0.083056
v 0.161719 0.333985 0.095361
v -0.167872 1.325390 -0.088331
v -0.135351 1.328906 -0.140626
v -0.100634 1.328906 -0.142383
v -0.185449 1.341211 -0.123047
v -0.110302 1.344726 -0.088770
v -0.148536 1.335938 -0.065919
v -0.180176 1.328906 -0.066797
v -0.195116 1.335938 -0.088770
v -0.418360 0.746192 0.014062
v -0.441211 0.727735 0.006015
v -0.409570 0.737403 0.009174
v 0.069433 1.546875 -0.195118
v 0.066357 1.483594 -0.175782
v 0.002540 1.480079 -0.188087
v 0.122168 1.487110 -0.145020
v 0.254884 0.094921 0.157324
v 0.256640 0.087891 0.189843
v 0.277735 0.063281 0.168749
v -0.067676 1.267384 0.018237
v -0.076025 1.304296 0.050536
v -0.044604 1.283204 0.092724
v -0.061085 1.277930 -0.028785
v -0.049219 1.235742 0.058447
v -0.087890 1.320117 -0.001470
v -0.160839 0.687305 -0.060206
v -0.203027 0.705763 -0.004285
v -0.094921 0.669726 -0.077784
v -0.172265 0.629297 -0.052516
v -0.191601 0.636329 -0.028126
v 0.090967 1.330664 0.073828
v 0.116015 1.357031 0.053392
v 0.120411 1.360546 0.090965
v 0.083057 1.330664 0.098876
v 0.063281 1.318360 0.078221
v 0.090527 1.346485 0.120410
v 0.092286 1.342969 0.038891
v 0.053833 1.030079 -0.096242
v 0.000220 1.031836 -0.100196
v -0.164356 1.613671 0.168749
v -0.128320 1.680469 0.166992
v -0.379689 0.830567 0.036913
v -0.022741 1.778906 -0.128321
v -0.014173 1.800000 -0.058447
v 0.025708 1.757812 -0.145020
v 0.179296 0.645117 0.104151
v 0.128320 0.578320 0.127441
v 0.183692 0.569531 0.100194
v 0.192481 0.639844 0.105468
v 0.205665 0.650391 0.065917
v -0.100195 1.374610 0.014721
v -0.123926 1.392188 0.029004
v -0.222363 0.295312 -0.067675
v -0.156445 0.228516 -0.095361
v -0.220606 0.242579 -0.065479
v 0.180176 1.126759 0.053392
v 0.146777 1.114454 0.058447
v 0.144140 1.086329 0.043066
v 0.196875 0.787500 -0.044605
v 0.140625 0.787500 -0.097120
v 0.186329 0.849683 -0.043287
v 0.212695 0.781348 0.013733
v 0.205665 0.711915 -0.044605
v 0.199512 0.840674 0.012633
v 0.146777 0.711915 -0.098877
v -0.118652 1.490625 0.124804
v -0.130079 1.501171 0.117773
v -0.233789 0.390235 -0.005988
v -0.223241 0.383204 0.045483
v -0.210058 0.428906 0.051416
v -0.203027 0.455274 0.055810
v 0.016918 1.364062 0.174901
v 0.009338 1.360546 0.178417
v 0.421875 0.767286 -0.066797
v 0.406055 0.802442 -0.048999
v -0.047021 1.501171 0.146776
v -0.056250 1.511719 0.146776
v -0.046363 1.529296 0.133593
v -0.088769 0.813867 0.212694
v -0.076464 0.820019 0.159081
v -0.068555 0.834522 0.168749
v -0.090088 0.858692 0.215331
v -0.076025 0.841553 0.206542
v 0.146777 1.469531 0.054053
v 0.144140 1.455469 0.075584
v 0.152051 1.508204 0.069873
v 0.144140 1.487110 0.085693
v 0.133594 0.028125 0.111181
v 0.140625 0.028125 0.114258
v 0.129199 0.031641 0.061962
v 0.126562 0.000000 0.089648
v 0.131836 0.000000 0.126562
v 0.152930 0.024610 0.168749
v 0.147656 0.024610 0.171386
v -0.284766 0.031641 0.169630
v -0.268945 0.031641 0.197755
v -0.281250 0.028125 0.170508
v -0.286524 0.028125 0.134472
v -0.288281 0.000000 0.132715
v -0.286524 0.000000 0.169630
v -0.274219 0.024610 0.203027
v 0.078223 1.256836 -0.020984
v 0.056250 1.263867 0.026697
v 0.448242 0.712793 -0.004285
v 0.471094 0.697851 0.006371
v 0.453515 0.718067 0.004724
v 0.450000 0.716308 -0.028455
v 0.460546 0.712793 -0.018568
v 0.439454 0.722461 -0.003351
v -0.123926 1.448439 -0.236426
v -0.076025 1.458985 -0.238184
v 0.169629 0.794092 -0.024060
v 0.182812 0.789259 0.052734
v 0.105908 0.795411 -0.085254
v -0.103271 0.794970 -0.087452
v 0.000275 0.795411 -0.106349
v -0.153808 0.787500 0.108544
v 0.153808 0.787500 0.108105
v -0.170509 0.795412 -0.023072
v 0.111622 1.550391 0.157324
v 0.117774 1.582031 0.144139
v 0.082177 1.592579 0.165234
v 0.209180 0.323439 -0.055151
v 0.209180 0.376171 -0.054932
v 0.222363 0.298829 -0.067676
v 0.150293 0.309375 -0.090968
v -0.058887 1.328906 0.122167
v -0.062842 1.350000 0.140624
v -0.089210 1.348242 0.119531
v -0.040649 1.335938 0.141504
v -0.029884 1.321875 0.140624
v -0.376171 0.811671 -0.063282
v 0.050537 1.469531 0.145898
v 0.049439 1.448438 0.129199
v 0.239062 0.165235 0.027136
v 0.223241 0.165235 0.060645
v 0.237305 0.133594 0.024499
v 0.267189 0.207421 0.034496
v 0.240820 0.165235 -0.016919
v 0.267189 0.203906 -0.018897
v 0.239062 0.133594 -0.018129
v -0.013459 1.335938 0.155566
v 0.000000 1.334180 0.157324
v -0.226759 0.571290 0.020325
v -0.218848 0.495704 0.063721
v -0.210058 0.574805 0.064160
v -0.232031 0.495704 0.019115
v -0.230274 0.643360 0.022632
v -0.218848 0.571290 0.016259
v 0.075146 1.392189 -0.122169
v 0.124805 1.416796 -0.112940
v 0.075586 1.374610 -0.072511
v 0.047461 1.016016 0.161718
v -0.195116 1.606641 -0.095801
v -0.181055 1.673438 -0.073828
v -0.464062 0.680275 -0.062403
v -0.460546 0.697852 -0.057569
v -0.453516 0.695215 -0.074267
v -0.460547 0.680275 -0.076904
v 0.358594 0.947022 -0.063721
v 0.330469 1.014259 -0.020105
v -0.094043 1.764844 0.098876
v -0.091406 1.729688 0.168749
v -0.058887 1.698046 0.220605
v -0.059765 0.829689 0.168749
v -0.059765 0.772559 0.172265
v -0.122168 0.778711 0.152929
v 0.223242 1.525781 -0.064600
v 0.217969 1.529296 -0.000104
v 0.213574 1.483594 -0.047901
v 0.208301 1.571485 -0.088770
v 0.199512 0.070312 0.214453
v 0.237305 0.031641 0.219727
v 0.235546 0.070312 0.216210
v 0.199512 0.031641 0.218847
v 0.232031 0.091406 0.204785
v -0.142384 0.868580 0.197754
v -0.094482 0.865284 0.229395
v -0.139747 0.904560 0.197754
v 0.092286 1.676954 0.129199
v -0.027686 1.388671 -0.130078
v -0.062842 1.371094 -0.097999
v -0.072949 1.339454 -0.131837
v -0.015710 1.402735 -0.162599
v -0.027686 1.416796 -0.130078
v -0.064161 1.409766 -0.095801
v -0.025817 1.381640 -0.169630
v -0.039551 1.360546 -0.145020
v -0.111622 0.084375 0.021203
v -0.111622 0.031641 0.015490
v -0.108106 0.031641 -0.024940
v 0.164356 1.086329 0.126562
v 0.084814 1.077540 0.210937
v 0.129199 1.074903 0.181054
v 0.185449 1.076661 0.145898
v 0.073829 1.089845 0.176660
v 0.076905 0.711036 -0.130078
v 0.000851 0.709278 -0.136230
v 0.074268 0.783985 -0.124806
v -0.142384 1.451954 0.078661
v -0.141503 1.413281 0.060644
v -0.137110 1.406250 0.092285
v -0.145899 1.455469 0.052075
v -0.135351 1.483594 0.098876
v -0.130957 1.420312 0.115136
v -0.142384 1.487110 0.083056
v 0.027466 1.466016 0.146776
v 0.217969 0.031641 -0.058008
v 0.217969 0.000000 -0.056251
v 0.187207 0.000000 -0.078224
v 0.187207 0.031641 -0.079102
v -0.076464 1.039747 0.160840
v -0.056689 1.057324 0.157324
v -0.112500 0.323439 0.091407
v -0.082177 0.323439 0.051197
v -0.110741 0.358595 0.091407
v -0.159961 0.351562 0.096240
v -0.077344 0.291797 0.053393
v 0.214454 1.170704 -0.064599
v 0.204786 1.221680 -0.019995
v 0.323438 0.839357 0.023291
v 0.284765 0.893794 0.031859
v 0.261914 0.882312 -0.001909
v 0.330469 0.798047 -0.004670
v -0.181055 1.582031 -0.160840
v -0.068555 1.560938 -0.217090
v -0.222363 0.119531 0.061084
v -0.188964 0.123046 0.076026
v -0.233790 0.084375 0.020215
v -0.213574 0.144141 0.047240
v -0.181933 0.144141 0.065478
v 0.055152 1.174219 -0.108105
v 0.111182 1.160156 -0.105029
v 0.055152 1.104786 -0.103272
v 0.413086 0.716308 0.052734
v -0.056250 1.437891 0.075145
v -0.086573 1.441406 0.070751
v -0.105469 1.462500 0.064599
v -0.326954 0.803321 -0.047022
v -0.263671 0.884400 -0.001466
v 0.099756 1.666406 0.155566
v 0.084814 1.691015 0.155566
v 0.047900 0.432421 0.020325
v 0.062402 0.481641 -0.038892
v -0.112500 1.406250 0.136230
v -0.116015 1.381640 0.122167
v -0.263671 0.203906 -0.018678
v -0.000014 1.357031 0.179297
v 0.399024 0.751464 -0.063721
v 0.376171 0.776954 -0.033618
v 0.363866 0.804199 -0.034498
v -0.069872 1.515235 0.145898
v -0.050317 1.014259 0.166992
v -0.064600 0.958448 0.157324
v 0.071192 0.573046 0.122167
v 0.009997 0.625781 0.021203
v -0.105469 1.381640 -0.051197
v -0.153808 1.420312 -0.039992
v -0.391992 0.726857 0.032959
v -0.383204 0.745312 0.029663
v -0.390235 0.733009 0.041309
v -0.395509 0.712793 0.052953
v -0.397266 0.704884 0.045483
v -0.402540 0.725098 0.029004
v -0.386720 0.747949 0.008788
v 0.097558 1.451954 -0.167871
v 0.284765 0.024610 0.170508
v 0.268945 0.028125 0.197754
v 0.272461 0.028125 0.201270
v 0.284765 0.000000 0.169629
v 0.288281 0.000000 0.130956
v 0.284765 0.028125 0.132715
v 0.281250 0.031641 0.168749
v -0.045263 1.265625 -0.067237
v -0.076464 1.256836 -0.020984
v -0.058008 1.281445 -0.012689
v 0.000832 1.293750 -0.065041
v 0.000508 1.263867 -0.081300
v -0.037573 1.293750 -0.052736
v -0.144140 0.351562 -0.083496
v -0.207421 0.376172 -0.055371
v -0.210058 0.323439 -0.055371
v 0.060205 1.332421 0.123925
v 0.039112 1.316601 0.124804
v 0.048339 1.314844 0.102831
v 0.042188 1.334180 0.141504
v 0.030103 1.320117 0.140624
v 0.065039 1.350000 0.141504
v 0.190723 0.895826 0.012414
v 0.173144 0.912964 -0.038453
v 0.152930 0.971192 -0.037135
v 0.164356 0.961963 0.057129
v 0.181933 0.892145 0.064599
v 0.166113 0.965918 0.013623
v -0.087451 1.655860 0.219727
v -0.124805 1.627735 0.202148
v 0.041747 1.539844 0.108983
v 0.017249 1.515235 0.111181
v 0.070753 1.546875 0.108544
v 0.032080 1.532812 0.083935
v 0.070312 1.536329 0.130956
v 0.242579 0.249610 -0.017358
v 0.220606 0.256641 -0.064160
v 0.253125 0.291796 -0.017578
v 0.240820 0.249610 0.032520
v 0.226759 0.225000 -0.068556
v -0.013019 1.314844 0.152929
v -0.114259 0.014062 0.041529
v -0.242579 0.014062 0.007525
v -0.246094 0.000000 0.007086
v -0.119531 0.031641 0.039551
v -0.123927 0.014062 0.065039
v 0.319921 1.007226 -0.062843
v 0.305860 0.949659 -0.099757
v 0.288281 0.987451 -0.099318
v 0.180176 0.705762 0.128319
v -0.144140 1.430860 0.009557
v -0.189844 1.430860 -0.044386
v -0.160839 1.392188 -0.008076
v -0.136231 1.409766 0.026696
v -0.178418 1.402735 -0.031642
v -0.178418 0.645117 0.104590
v -0.190723 0.571290 0.101514
v -0.197754 0.490430 0.097998
v -0.191601 0.639845 0.106347
v 0.055591 1.320117 0.048120
v 0.050756 1.325390 0.032959
v 0.021424 1.309570 0.054712
v 0.022192 1.311329 0.067675
v 0.423634 0.819141 0.010108
v 0.390235 0.818262 0.025048
v 0.001071 1.729688 -0.133594
v -0.360351 0.776074 -0.013899
v -0.351562 0.794971 -0.013294
v -0.370899 0.784864 0.018786
v -0.351562 0.794531 -0.041968
v -0.358594 0.777833 -0.045703
v 0.093604 1.473046 0.143261
v 0.098438 1.483594 0.143261
v 0.117774 0.066796 -0.054712
v 0.149414 0.070312 -0.076904
v 0.106348 0.056250 -0.024611
v 0.108985 0.101954 -0.018129
v -0.143262 1.085449 0.042407
v -0.145899 1.114454 0.057568
v -0.214454 1.067872 0.047460
v -0.414845 0.711037 0.044383
v 0.045484 1.515235 0.054272
v 0.072070 1.543360 0.077343
v 0.012469 1.494141 0.081298
v 0.220606 0.130079 0.061084
v 0.181933 0.133594 0.081298
v 0.180176 0.165235 0.083056
v -0.043945 1.364062 -0.182813
v 0.000542 0.671485 0.017139
v 0.000412 0.696973 -0.038892
v 0.005823 0.664454 0.018127
v 0.022082 1.402735 0.167871
v 0.025817 1.385156 0.166112
v 0.051637 1.378125 0.159081
v 0.240820 0.968994 -0.087891
v 0.224122 0.936695 -0.050538
v 0.253125 0.953833 -0.086572
v -0.120411 1.624219 0.129199
v -0.147656 1.603125 0.097998
v -0.117774 1.582031 0.144139
v -0.085692 1.638281 0.152050
v -0.089210 1.669921 0.134471
v -0.082616 1.592579 0.164355
v -0.131835 1.648829 0.106786
v -0.183692 0.031641 -0.072949
v -0.151171 0.031641 -0.072071
v -0.216211 0.031641 -0.058447
v -0.212695 0.031641 -0.052735
v -0.186329 0.031641 -0.079541
v 0.063281 1.088086 0.159081
v 0.066357 1.070509 0.183691
v -0.009119 1.427344 0.183691
v -0.009724 1.409766 0.197754
v -0.162598 0.888959 0.105468
v -0.150293 0.937134 0.114258
v -0.176661 0.925928 0.141504
v -0.167872 0.836720 0.103270
v 0.077783 0.362110 0.058447
v 0.063720 0.397266 0.062841
v -0.122168 1.371094 -0.057130
v -0.114259 1.402735 -0.063721
v -0.193360 1.346485 -0.051636
v -0.159082 1.350000 -0.046364
v 0.036695 1.323634 -0.045703
v 0.187207 0.860010 0.155566
v 0.135351 0.859790 0.185449
v 0.185449 0.822656 0.149413
v 0.197753 0.869897 0.162597
v 0.189844 0.841552 0.134472
v -0.069872 1.543360 0.077343
v -0.075586 0.711036 -0.130958
v -0.072949 0.783985 -0.124806
v 0.000220 0.783107 -0.130958
v 0.136231 1.406250 0.092724
v 0.141503 1.413281 0.061084
v 0.131836 1.420312 0.115136
v -0.103271 1.099512 0.132715
v -0.138866 1.098634 0.104590
v -0.397266 0.829248 -0.026587
v 0.085693 1.638281 0.152929
v 0.041747 1.613671 0.175782
v 0.089210 1.669921 0.137108
v 0.040869 1.662890 0.162596
v 0.121290 1.620704 0.129199
v 0.446485 0.682031 -0.082617
v 0.460546 0.680274 -0.077343
v 0.457031 0.676759 -0.076026
v -0.049439 1.325390 0.032739
v -0.020326 1.311329 0.055151
v -0.199512 0.070312 0.215332
v -0.199512 0.084375 0.205664
v -0.232031 0.091406 0.205664
v -0.235546 0.070312 0.217969
v -0.237305 0.031641 0.220606
v -0.175781 0.063281 0.200390
v -0.199512 0.028125 0.217969
v 0.102393 1.241016 0.034716
v 0.130079 1.237500 0.039331
v 0.094921 1.265625 -0.014667
v 0.080860 1.256836 0.032300
v 0.045043 0.809473 0.145898
v 0.038671 0.722461 0.137987
v 0.113378 0.809473 0.132715
v 0.000432 0.807275 0.152929
v -0.220606 1.437891 -0.080420
v -0.201269 1.458985 -0.073828
v -0.267189 0.070312 0.195996
v -0.277735 0.066796 0.169630
v -0.256641 0.087891 0.189844
v 0.000673 1.306055 0.061084
v 0.024170 1.286719 0.047460
v -0.022412 1.286719 0.047460
v 0.349805 0.808155 0.027136
v 0.381445 0.830128 0.036474
v 0.358594 0.855177 0.032080
v -0.127442 1.546875 -0.164356
v -0.119531 1.487110 -0.146779
v -0.067237 1.546875 -0.196876
v 0.150293 0.031641 -0.071191
v -0.179296 1.033595 0.040429
v -0.134473 1.085449 0.041529
v -0.332226 0.926808 -0.094044
v -0.360351 0.948120 -0.062843
v -0.305860 0.950098 -0.099757
v -0.383204 0.894727 -0.080861
v 0.096241 1.729688 0.099316
v 0.085254 1.733204 0.145898
v 0.097558 1.715625 0.131834
v 0.120411 1.733204 0.099316
v 0.094921 1.736719 0.059325
v 0.082177 1.764844 0.098876
v 0.492189 0.669726 -0.028345
v 0.485156 0.683790 -0.025269
v 0.065918 0.831885 0.168749
v 0.090088 0.813428 0.212694
v -0.157323 1.596094 -0.014941
v -0.448242 0.734766 0.005959
v 0.105030 1.427344 -0.105910
v 0.061524 1.423829 -0.130958
v 0.265430 0.066796 0.195996
v -0.054491 1.263867 0.026916
v -0.069872 1.232226 0.025928
v -0.060644 0.481641 -0.037354
v -0.052735 0.571290 -0.044605
v -0.034936 0.483399 0.020325
v -0.046143 0.432422 0.020764
v 0.117774 1.381640 0.121288
v 0.086573 1.371094 0.142383
v 0.112500 1.406250 0.137108
v 0.244336 0.942628 0.030322
v 0.207421 0.956690 0.003158
v 0.225000 0.934497 0.000706
v -0.258399 0.024610 0.055151
v -0.237305 0.028125 0.007910
v -0.235546 0.031641 -0.021093
v -0.258399 0.007031 0.041088
v 0.039991 1.016894 0.176660
v -0.001003 1.017774 0.164355
v -0.000344 1.016894 0.174901
v 0.040869 1.017774 0.162597
v -0.000727 0.950976 0.174023
v 0.041967 0.951416 0.174901
v -0.043726 1.458985 0.138867
v -0.034277 1.469531 0.142383
v -0.050098 1.466016 0.143261
v -0.067237 1.458985 0.144139
v -0.067237 1.455469 0.140624
v -0.158204 0.823536 0.116014
v 0.178418 1.560938 -0.012965
v 0.177540 1.624219 -0.016261
v 0.166113 1.610156 0.048120
v 0.157324 1.564454 0.073388
v 0.077783 0.291796 0.053833
v 0.114259 0.284766 0.092724
v 0.082616 0.326954 0.051855
v -0.165235 1.388671 -0.197755
v -0.161719 1.353515 -0.173145
v -0.453516 0.738281 -0.007608
v -0.453516 0.740040 -0.036474
v -0.000302 1.613671 0.181054
v 0.041089 1.567969 0.183691
v -0.000205 1.662890 0.167870
v -0.170509 0.028125 0.205664
v -0.168750 0.000000 0.207422
v -0.147656 0.024610 0.170508
v -0.173144 0.028125 0.200390
v 0.168750 0.747949 0.105907
v 0.199512 0.701367 0.061084
v 0.152051 0.809473 0.112499
v -0.212695 0.645117 0.069432
v -0.204786 0.650391 0.066358
v -0.216211 0.652149 0.017798
v 0.083936 1.392189 -0.059767
v 0.127442 1.409766 -0.003241
v 0.101954 1.374610 0.014611
v 0.062402 1.346485 -0.006785
v 0.140625 1.448438 -0.066797
v 0.056689 1.792969 0.048559
v -0.012690 1.800000 0.004146
v -0.066796 1.792969 0.035596
v -0.140625 0.787500 -0.097120
v -0.187207 0.850122 -0.042627
v -0.147656 0.711915 -0.099757
v -0.131836 0.850781 -0.093165
v 0.146777 1.529296 0.097559
v 0.110302 0.130079 -0.041529
v 0.096241 0.182812 -0.057569
v -0.173144 1.183009 0.101953
v -0.217089 0.161719 -0.053394
v -0.230274 0.193360 -0.070312
v -0.158204 0.182812 -0.094044
v -0.159961 0.161719 -0.081739
v 0.014612 1.306055 0.142383
v 0.000200 1.304296 0.146776
v 0.017908 1.304296 0.123047
v 0.014393 1.314844 0.152929
v 0.432421 0.733009 -0.039111
v 0.430665 0.719824 -0.065479
v 0.421875 0.732129 -0.067236
v 0.407812 0.748829 -0.032739
v 0.411329 0.739161 0.009447
v -0.053174 1.525781 0.171386
v -0.050756 1.539844 0.181932
v -0.076464 1.536329 0.167870
v 0.142384 1.634766 -0.162599
v 0.169629 1.613671 -0.110743
v 0.174024 1.571485 -0.128321
v 0.186329 1.634766 -0.086133
v 0.109863 1.673438 -0.181934
v 0.185449 0.485156 0.092285
v 0.137110 0.490430 0.117773
v 0.185449 0.451759 0.087011
v 0.209180 0.488671 0.060205
v 0.141503 0.451759 0.112499
v 0.199512 0.492189 0.098437
v -0.413086 0.704004 0.050757
v -0.407812 0.704884 0.040429
v 0.267188 0.000000 0.060205
v 0.258399 0.014062 0.039770
v 0.283009 0.000000 0.094922
v -0.102393 1.089845 -0.094922
v -0.196875 0.337500 0.074267
v 0.020214 1.371094 0.174023
v 0.008514 1.371094 0.183691
v -0.035815 0.809034 -0.109425
v 0.000027 0.740040 -0.103712
v -0.141503 1.567969 0.116014
v -0.146777 1.532812 0.097118
v -0.130957 1.532812 0.133593
v -0.154688 1.564454 0.074267
v -0.471094 0.682031 -0.054273
v 0.031860 1.494141 0.155566
v 0.035815 1.490625 0.147657
v 0.224122 0.119531 0.061523
v -0.134473 1.039747 0.182812
v -0.076905 0.358595 0.057569
v -0.063720 0.397266 0.062402
v -0.094043 0.407812 0.094483
v 0.169628 1.175976 -0.091407
v 0.142384 1.151367 -0.101953
v 0.092286 0.906372 0.231151
v -0.175781 1.560938 -0.014119
v -0.174024 1.529296 -0.038892
v -0.159082 1.522266 0.039550
v -0.162597 1.610156 0.049877
v -0.175781 1.624219 -0.016810
v 0.060205 1.281445 -0.013019
v 0.047241 1.265625 -0.066797
v 0.478125 0.701367 0.004861
v -0.048119 1.508204 -0.225001
v -0.025158 1.575000 -0.239941
v -0.004945 1.515235 -0.239941
v -0.205664 0.958009 0.003433
v -0.244336 0.943507 0.031200
v -0.225000 0.936256 0.001482
v -0.223241 0.969434 0.034935
v -0.203906 0.957568 -0.047901
v -0.167872 1.017774 0.005959
v 0.114259 1.676954 0.162596
v 0.047021 0.643360 -0.047901
v 0.054052 0.573046 -0.045264
v 0.038232 0.686427 -0.054932
v -0.131836 1.381640 0.051855
v -0.118652 1.364062 0.090526
v -0.478125 0.664455 -0.049440
v -0.481641 0.669727 -0.051855
v -0.481641 0.683790 -0.039111
v 0.008075 1.392188 0.176660
v 0.017359 1.392188 0.169629
v 0.017579 1.395704 0.181054
v 0.001332 1.392188 0.189843
v -0.091406 1.708594 0.097118
v -0.137988 1.680469 0.066358
v -0.105030 1.722656 0.047020
v -0.037793 1.715625 0.124804
v 0.000563 0.772559 0.180175
v 0.000419 0.828369 0.171386
v 0.058448 0.826612 0.169629
v 0.209180 1.490625 -0.008459
v 0.199512 1.490625 0.023291
v 0.173144 1.487110 0.020873
v 0.193360 1.487110 -0.021644
v -0.139747 1.151367 -0.102392
v -0.133594 1.102149 -0.087452
v -0.152930 1.140821 -0.101075
v -0.383204 0.773439 0.017358
v -0.390235 0.756739 0.035815
v -0.376171 0.761134 0.013513
v 0.143262 1.698046 -0.039331
v 0.061524 1.719140 -0.123047
v -0.045263 1.295509 0.029224
v -0.052515 1.313086 -0.006895
v -0.150293 0.000000 -0.076904
v -0.185449 0.000000 -0.077784
v -0.148536 0.031641 -0.079541
v -0.117774 0.028125 -0.055811
v -0.117774 0.000000 -0.055811
v 0.141503 1.074903 0.091407
v 0.172266 1.063476 0.123047
v 0.150293 1.023046 0.091846
v 0.133594 1.076661 0.049218
v 0.138866 1.107422 0.074706
v 0.035375 0.708399 -0.096242
v -0.088330 1.434375 0.145898
v -0.254884 0.028125 0.058886
v -0.267189 0.000000 0.059765
v -0.281250 0.024610 0.098877
v -0.159961 1.451954 -0.049879
v -0.180176 1.476562 -0.089209
v -0.089210 0.809473 -0.101953
v 0.176661 1.557422 0.105907
v 0.163476 1.571485 -0.011262
v 0.174024 1.501171 0.065917
v 0.057128 0.390235 0.017248
v -0.383204 0.759376 -0.016151
v 0.058009 1.511719 0.154687
v 0.488671 0.666211 -0.028236
v -0.021314 1.276171 0.110303
v -0.061085 1.276171 0.096240
v -0.115137 0.634571 0.131835
v 0.137110 1.388671 0.019775
v 0.138866 1.406250 0.030541
v 0.125683 1.395704 0.031200
v 0.161719 0.969433 0.122167
v 0.174024 1.012500 0.123047
v -0.175781 1.603125 -0.130078
v -0.203906 1.560938 -0.137111
v -0.143262 1.694531 -0.124806
v 0.105469 1.719140 0.045703
v 0.093165 1.708594 0.097559
v 0.039112 1.712110 0.125682
v 0.210938 0.428906 0.051855
v 0.206543 0.455274 0.055151
v -0.125683 0.140625 -0.032080
v -0.114259 0.140625 -0.011701
v 0.374414 0.789698 -0.078223
v 0.407812 0.810791 -0.078223
v -0.129199 1.483594 0.109423
v -0.240820 0.249610 -0.016919
v 0.048119 1.283204 0.092285
v 0.023951 1.274415 0.109862
v 0.053393 1.233985 0.058447
v -0.044165 1.487110 0.145019
v -0.168750 0.691699 0.108545
v -0.197753 0.700489 0.061523
v 0.148536 1.437891 -0.051416
v 0.193360 1.466016 -0.044386
v 0.138866 1.487110 -0.072511
v 0.125683 1.402735 -0.080420
v 0.170509 1.434375 -0.076904
v 0.143262 0.000000 0.171386
v 0.168750 0.000000 0.205663
v -0.399024 0.904394 -0.021205
v 0.195116 0.105469 0.094922
v 0.228515 0.098439 0.075585
v -0.369140 0.954713 -0.021205
v -0.330469 1.015138 -0.020654
v -0.319921 1.008107 -0.063282
v -0.388476 0.901869 -0.060645
v -0.065918 0.196875 -0.005192
v -0.108106 0.154689 -0.042187
v 0.098878 1.174219 0.130078
v 0.095801 1.188281 0.110303
v 0.132714 0.851220 -0.093165
v -0.139747 1.515235 0.109423
v -0.147656 1.494141 0.059764
v -0.116894 0.943946 0.142383
v -0.214454 1.378125 -0.061964
v -0.485156 0.683790 -0.012965
v -0.481641 0.676759 -0.010713
v -0.471094 0.701367 -0.013733
v -0.478125 0.702247 -0.005576
v -0.068994 1.111817 0.145898
v 0.024390 1.525781 0.182812
v -0.145019 0.000000 0.172265
v 0.144140 1.022168 0.012743
v 0.147656 1.023927 0.055151
v 0.139747 1.022168 -0.043287
v 0.133594 1.054689 0.010381
v -0.217089 0.000000 -0.056909
v -0.232031 0.031641 -0.018787
v -0.042188 1.017774 0.161718
v -0.041967 1.016894 0.175782
v -0.097558 1.437891 0.103709
v -0.054272 0.881763 0.159960
v 0.196875 1.522266 0.058886
v 0.132714 0.232031 0.076026
v 0.132714 0.246094 0.078661
v 0.181055 0.186329 0.094483
v -0.105908 0.608204 -0.074267
v 0.120411 1.374610 0.035596
v 0.133594 1.381640 0.053612
v -0.397266 0.867262 -0.083937
v 0.062842 1.764844 0.136230
v 0.213574 0.645117 0.068554
v 0.142384 0.868580 0.198633
v 0.134473 0.816064 0.185449
v -0.201269 0.376172 0.082178
v -0.188086 0.425391 0.085254
v -0.149414 0.397266 0.101953
v 0.039332 1.291992 -0.052736
v 0.054491 1.313086 -0.006703
v 0.046802 1.297265 0.028783
v -0.261914 0.995802 0.044605
v -0.302344 1.023927 0.025048
v -0.316406 1.001074 0.024169
v 0.001195 1.313086 0.155566
v 0.363866 0.804638 -0.012196
v 0.372656 0.776954 -0.001840
v 0.379689 0.785742 0.004614
v -0.079540 1.553906 0.174023
v -0.041528 1.567969 0.183691
v -0.113378 1.546875 0.153809
v 0.130957 0.031641 0.048999
v -0.195116 0.904916 0.163477
v -0.125683 0.927137 0.173145
v 0.087012 1.747265 0.044824
v -0.014942 1.441406 -0.166993
v -0.013898 1.437891 -0.199513
v -0.125683 0.140625 0.035596
v -0.130079 0.077344 0.055151
v -0.148536 0.140625 0.061523
v 0.086134 1.040625 0.214453
v 0.149414 0.810791 -0.065919
v -0.464062 0.725098 -0.007608
v -0.460546 0.723340 -0.015053
v 0.153808 0.267189 -0.090968
v 0.157324 0.228516 -0.094044
v -0.104589 0.693458 0.133593
v 0.130079 1.068750 -0.046364
v 0.103711 1.088964 -0.094483
v 0.103271 1.024805 -0.081739
v 0.409570 0.700488 0.050757
v 0.414844 0.704884 0.051636
v 0.411329 0.708399 0.057129
v -0.223241 0.937793 -0.049659
v -0.251366 0.954272 -0.087452
v 0.132714 1.648829 0.106786
v 0.149415 1.603125 0.096679
v 0.138867 1.680469 0.067236
v 0.232031 0.221485 0.084374
v -0.096240 1.306055 -0.003119
v -0.103711 0.031641 -0.025269
v 0.222363 0.710156 0.014831
v 0.206543 0.777832 0.072069
v 0.218848 0.707519 0.073828
v -0.208301 0.488672 0.060206
v 0.425390 0.822217 -0.058888
v 0.393750 0.827052 -0.073389
v 0.001325 1.715625 0.128319
v 0.113378 0.087891 0.021972
v 0.127442 0.140625 0.036255
v 0.116015 0.140625 -0.012196
v 0.383204 0.772559 0.016370
v -0.099317 1.501171 -0.175782
v -0.145899 1.483594 -0.192481
v -0.135351 1.501171 -0.154688
v -0.116894 1.494141 -0.210059
v -0.056250 1.490625 -0.203907
v 0.138867 1.705079 0.144139
v -0.137110 1.392188 0.017797
v -0.446485 0.720704 -0.047681
v 0.242579 0.031641 0.008020
v -0.225000 1.539844 0.079980
v -0.279492 0.028125 0.126563
v 0.140625 0.904093 0.198633
v -0.126561 1.490625 0.103270
v -0.117774 1.458985 0.101953
v 0.087890 1.462500 0.139745
v -0.186329 0.091406 0.179297
v -0.221485 0.098439 0.175782
v 0.150293 1.353515 0.003131
v 0.217089 0.446485 0.003268
v -0.116015 1.490625 0.126562
v -0.097119 1.487110 0.143261
v -0.172265 0.777833 0.124804
v -0.316406 1.037110 -0.021864
v -0.043506 1.167189 0.123047
v -0.090967 1.139062 0.131835
v -0.043286 0.486915 0.071630
v -0.019555 0.564259 0.019666
v -0.052076 0.439454 0.067676
v 0.163476 1.371094 -0.005412
v 0.157324 1.357031 0.008239
v -0.149414 1.683984 0.012633
v -0.021863 1.462500 -0.200392
v -0.168750 1.177735 0.063282
v -0.159082 1.153126 0.076465
v -0.488671 0.671485 -0.006456
v 0.388476 0.821778 -0.058888
v 0.395509 0.826613 -0.048340
v 0.187207 1.469531 -0.043507
v 0.016479 1.715625 -0.179297
v 0.057568 1.729688 -0.134474
v -0.420117 0.819141 0.009447
v -0.162598 0.094921 0.100195
v -0.030323 1.532812 0.083935
v 0.094921 1.455469 0.136230
v 0.116015 1.441406 0.130956
v 0.100634 1.469531 0.135352
v 0.471094 0.696095 -0.021534
v -0.068994 1.480079 0.096239
v -0.088769 1.291992 0.052734
v -0.146777 1.140821 0.089648
v -0.137988 1.107422 0.073389
v 0.084814 1.515235 0.145898
v 0.094921 1.504688 0.145019
v 0.478125 0.680274 -0.024501
v -0.013019 1.357031 0.170508
v -0.007690 1.353515 0.163477
v -0.018457 1.364062 0.172264
v -0.125683 0.028125 0.036694
v -0.192481 0.421875 -0.049879
v 0.260156 0.883631 -0.050757
v 0.013898 1.334180 0.156444
v -0.040430 1.539844 0.109862
v -0.068994 1.550391 0.108105
v 0.150293 1.683984 0.012304
v -0.363867 0.803321 0.017797
v -0.388476 0.818702 0.023950
v -0.397266 0.802003 0.024828
v 0.134473 1.085449 0.042187
v 0.187207 0.832324 0.067675
v 0.168750 0.836280 0.103270
v 0.441211 0.728613 0.005849
v -0.043506 1.466016 -0.223243
v -0.071631 1.487110 -0.222364
v 0.193360 0.573046 0.102392
v 0.000288 1.564454 0.185449
v -0.040649 1.613671 0.174023
v 0.141503 1.441406 -0.023621
v 0.170509 0.028125 0.203026
v -0.137988 1.458985 -0.026917
v -0.046582 0.643360 -0.047901
v -0.063281 1.480079 -0.176660
v -0.037354 0.687305 -0.055371
v 0.000886 0.716308 -0.080420
v 0.151171 0.000000 -0.077343
v 0.148536 0.031641 -0.079102
v -0.154689 0.116016 0.078222
v 0.384961 0.758497 -0.016699
v -0.024610 1.529296 0.181932
v -0.130079 0.703126 0.155566
v -0.181933 0.706641 0.128319
v 0.048560 1.501171 0.151172
v -0.132714 0.000000 0.127441
v -0.374415 0.791016 -0.078224
v -0.363867 0.807275 -0.068995
v -0.019555 1.357031 0.166112
v -0.127442 0.000000 0.090966
v -0.049219 1.473046 0.145019
v -0.045704 0.950098 0.163477
v -0.044165 0.952515 0.174901
v -0.002320 0.949219 0.164355
v -0.193359 1.557422 0.160840
v 0.001071 1.339454 -0.102392
v -0.166113 1.494141 -0.123926
v -0.413086 0.709278 0.057129
v -0.042408 1.662890 0.160840
v 0.044165 0.948339 0.162597
v -0.206543 1.348242 -0.072511
v -0.283009 0.000000 0.097559
v 0.001759 1.197070 0.080859
v 0.142384 1.567969 0.116894
v -0.073388 1.511719 0.152929
v -0.290039 0.987013 -0.099318
v -0.058009 1.423829 -0.132715
v -0.239062 0.969434 -0.089648
v 0.173144 0.028125 0.198633
v -0.000549 1.529296 0.182812
v -0.159082 1.406250 -0.029224
v 0.149414 1.518750 -0.061523
v -0.066357 0.848585 -0.118653
v 0.232031 0.193360 -0.071632
v 0.129199 1.073144 0.010162
v -0.086134 1.462500 0.139745
v -0.001030 0.983509 0.164645
v 0.168408 0.141784 0.002334
v -0.166875 0.142773 0.002152
v 0.379804 0.815445 -0.034255
v -0.379788 0.815471 -0.031355
vn -0.0256 -0.0536 0.9982
vn -0.0333 -0.0144 0.9993
vn -0.0640 0.0722 0.9953
vn 0.0821 0.0191 0.9964
vn 0.0881 0.0149 0.9960
vn 0.0439 0.0301 0.9986
vn 0.1254 0.1027 0.9868
vn -0.1288 0.1058 0.9860
vn 0.0341 -0.0461 0.9984
vn 0.7257 0.0327 -0.6872
vn 0.3431 -0.0130 -0.9392
vn 0.7159 0.0202 -0.6979
vn -0.1961 -0.0756 -0.9777
vn -0.0654 -0.1656 -0.9840
vn 0.5079 -0.0093 -0.8614
vn 0.5857 -0.0917 -0.8054
vn 0.9219 0.1063 -0.3726
vn 0.6397 0.0383 -0.7677
vn 0.8671 0.4499 -0.2137
vn -0.2150 -0.0375 0.9759
vn -0.6025 0.0545 0.7962
vn -0.2528 0.0787 0.9643
vn -0.2663 0.0591 0.9621
vn -0.3074 -0.1499 0.9397
vn -0.2504 0.1940 0.9485
vn -0.7407 0.2588 0.6199
vn -0.3994 0.4141 0.8179
vn -0.1956 0.3826 0.9030
vn -0.4232 0.2396 0.8738
vn -0.8583 0.1320 0.4958
vn -0.7306 0.1149 0.6730
vn -0.7021 0.1009 0.7049
vn -0.4973 0.0639 0.8652
vn -0.4530 0.0792 0.8880
vn -0.8431 0.0901 0.5302
vn 0.8146 0.0401 -0.5787
vn 0.8068 0.0243 -0.5903
vn 0.8222 -0.0497 -0.5671
vn 0.7350 -0.2032 -0.6469
vn 0.9608 -0.2769 0.0148
vn 0.9362 -0.3362 -0.1023
vn 0.9695 -0.1579 -0.1875
vn 0.7730 -0.3974 -0.4945
vn 0.9796 0.0426 -0.1965
vn 0.9966 -0.0552 -0.0614
vn -0.6036 0.7715 0.2009
vn -0.8410 0.3906 0.3744
vn -0.5613 0.7811 0.2736
vn -0.3478 0.7349 0.5822
vn 0.0223 0.9853 0.1694
vn -0.4089 0.8750 0.2592
vn -0.0791 0.9844 0.1570
vn -0.6660 0.2382 0.7069
vn 0.0014 0.9979 -0.0650
vn -0.7033 0.5913 0.3946
vn -0.6872 0.5068 -0.5206
vn -0.7540 0.6554 0.0440
vn -0.5230 0.8515 0.0361
vn -0.2753 0.9512 0.1397
vn -0.2561 0.8770 -0.4066
vn -0.4259 0.7383 -0.5230
vn -0.7228 0.4588 0.5168
vn -0.5854 0.7121 0.3877
vn -0.8913 -0.3430 0.2966
vn -0.9134 -0.2174 -0.3441
vn -0.7110 -0.6318 0.3088
vn -0.4656 -0.8124 -0.3511
vn -0.1992 -0.9464 0.2541
vn -0.4787 -0.5036 0.7192
vn -0.4776 -0.5939 0.6474
vn 0.1886 -0.4069 -0.8938
vn -0.0190 0.0880 -0.9959
vn 0.5186 -0.0376 -0.8542
vn 0.5179 0.7178 -0.4653
vn 0.6920 0.6157 -0.3768
vn 0.6118 0.3330 -0.7175
vn -0.0056 0.4907 -0.8713
vn 0.9301 -0.0819 -0.3580
vn 0.6915 -0.5287 -0.4923
vn 0.7264 0.2284 -0.6482
vn 0.9379 -0.0216 -0.3463
vn 0.8639 0.4466 -0.2330
vn 0.9141 0.3141 -0.2563
vn 0.6605 0.7309 -0.1718
vn 0.6078 0.7441 -0.2773
vn 0.9237 0.2604 -0.2809
vn 0.7682 0.6041 -0.2117
vn 0.9211 0.3604 -0.1474
vn 0.5320 0.8465 -0.0197
vn -0.0330 0.1015 -0.9943
vn -0.0825 0.1667 -0.9826
vn -0.0511 0.1741 -0.9834
vn -0.0001 0.0906 -0.9959
vn -0.1282 0.1621 -0.9784
vn 0.0098 0.1539 -0.9880
vn -0.2262 0.6847 -0.6928
vn -0.3470 0.7863 -0.5112
vn -0.4539 0.5147 -0.7274
vn -0.7989 0.3132 -0.5134
vn -0.6605 0.0439 -0.7495
vn -0.9875 0.0736 -0.1394
vn -0.9885 -0.0419 -0.1450
vn -0.6481 0.0424 -0.7604
vn -0.0451 -0.0551 -0.9975
vn 0.0486 -0.0309 -0.9983
vn -0.5547 0.0145 -0.8319
vn -0.5438 0.0691 -0.8364
vn 0.2759 -0.6086 0.7440
vn 0.3090 -0.3840 0.8701
vn 0.4100 -0.4808 0.7750
vn 0.3576 -0.2866 0.8888
vn 0.5374 -0.4800 0.6934
vn 0.3554 -0.6158 0.7032
vn 0.1691 0.1028 -0.9802
vn 0.5007 0.1314 -0.8556
vn 0.2166 0.2283 -0.9492
vn 0.2091 0.1597 -0.9648
vn 0.0629 0.1790 -0.9818
vn 0.1452 0.2203 -0.9646
vn 0.5452 0.2433 -0.8022
vn 0.4503 0.2097 -0.8679
vn 0.0618 0.2142 -0.9748
vn 0.0522 0.2459 -0.9679
vn -0.8314 0.3686 0.4159
vn -0.9080 0.3175 0.2734
vn -0.8956 0.3405 0.2863
vn -0.9107 0.3908 -0.1339
vn -0.9709 0.2229 0.0874
vn -0.9310 0.3513 0.0993
vn -0.9191 0.2754 0.2817
vn -0.8797 0.3198 0.3519
vn -0.9194 0.3585 0.1617
vn -0.9294 0.3669 -0.0390
vn -0.9420 -0.1139 0.3157
vn -0.9406 -0.1208 0.3172
vn -0.9404 0.2534 0.2267
vn -0.9269 0.2744 -0.2561
vn -0.8959 0.2637 -0.3574
vn -0.9632 -0.0889 -0.2535
vn -0.7223 0.6465 -0.2455
vn -0.9834 0.1523 0.0990
vn -0.7547 0.2520 0.6058
vn -0.8314 0.0475 -0.5536
vn 0.6116 -0.7866 0.0847
vn 0.6067 -0.7838 0.1322
vn 0.4513 0.0472 0.8911
vn 0.2157 0.0593 0.9747
vn 0.3656 -0.9178 0.1551
vn 0.4904 -0.7724 0.4037
vn 0.6149 -0.1097 0.7810
vn 0.6628 0.3010 0.6856
vn 0.4126 0.6150 0.6720
vn -0.0415 0.6753 0.7364
vn 0.0957 0.7485 0.6562
vn 0.9306 0.2068 -0.3019
vn 0.5422 0.2591 -0.7993
vn 0.9278 -0.1178 -0.3541
vn -0.6529 -0.6360 0.4114
vn -0.6771 -0.4218 0.6031
vn -0.5541 -0.5317 0.6406
vn 0.0106 -0.7577 -0.6526
vn -0.5803 -0.7720 0.2594
vn -0.7362 -0.6671 -0.1140
vn 0.5010 0.2690 -0.8226
vn -0.7657 -0.5885 0.2595
vn 0.4669 0.1401 -0.8731
vn 0.7577 -0.2734 0.5926
vn -0.5069 -0.8075 0.3017
vn 0.2789 -0.9599 0.0282
vn 0.4511 -0.6716 0.5877
vn -0.8371 -0.5004 0.2212
vn -0.5364 0.1032 0.8376
vn -0.3562 0.2746 0.8931
vn -0.4095 0.1222 0.9041
vn -0.5487 -0.4139 0.7264
vn -0.4234 -0.4108 0.8074
vn -0.3374 -0.6009 0.7246
vn -0.4022 -0.6256 0.6685
vn -0.2886 -0.7352 0.6134
vn -0.3259 -0.4675 0.8217
vn -0.4775 -0.3627 0.8003
vn -0.3677 -0.3685 0.8538
vn 0.8987 0.4107 0.1539
vn 0.9097 0.3592 0.2084
vn 0.9463 0.2216 0.2355
vn 0.6164 0.7508 0.2373
vn 0.9090 0.2972 0.2921
vn 0.9175 0.3317 0.2193
vn 0.8657 0.4930 0.0866
vn 0.7100 0.2767 0.6475
vn 0.7908 0.4978 0.3561
vn 0.8006 0.5208 -0.2963
vn 0.6705 0.4221 0.6101
vn 0.8404 0.5261 0.1301
vn 0.8473 0.5279 -0.0584
vn 0.7947 0.4448 0.4131
vn 0.7332 0.4482 -0.5114
vn 0.6976 0.4293 -0.5736
vn -0.3983 -0.9098 0.1167
vn 0.6830 -0.7193 -0.1268
vn -0.2482 -0.7899 0.5607
vn 0.1705 -0.2388 0.9560
vn -0.1970 -0.5840 0.7875
vn -0.6740 -0.6873 0.2707
vn -0.3278 -0.3825 -0.8639
vn -0.4474 -0.3373 -0.8283
vn -0.5586 -0.3000 -0.7733
vn -0.7453 -0.3801 -0.5478
vn -0.7677 -0.3210 -0.5546
vn -0.5947 -0.0457 -0.8026
vn -0.4529 -0.4565 -0.7658
vn -0.5369 -0.1986 -0.8199
vn -0.6688 -0.2083 -0.7137
vn -0.5424 0.0425 -0.8390
vn -0.4777 -0.5425 -0.6910
vn -0.7510 -0.4135 -0.5148
vn -0.9099 0.1620 0.3818
vn -0.9864 0.1252 -0.1066
vn -0.8317 0.4394 0.3394
vn -0.6861 0.1146 0.7184
vn -0.6656 -0.1077 0.7385
vn -0.9401 -0.0291 0.3395
vn -0.9845 0.0608 -0.1647
vn -0.9452 0.2297 0.2321
vn -0.8683 0.3758 -0.3237
vn -0.6380 0.2857 0.7150
vn 0.8652 0.2242 -0.4486
vn 0.7822 0.1829 -0.5956
vn 0.7828 0.0756 -0.6176
vn 0.4339 0.5727 -0.6955
vn 0.7090 0.5382 -0.4557
vn 0.5161 -0.0165 -0.8564
vn 0.0146 0.0857 -0.9962
vn 0.1498 0.1725 -0.9735
vn 0.2615 -0.0638 -0.9631
vn 0.0478 0.1919 -0.9803
vn 0.9002 0.2292 -0.3703
vn 0.6803 0.4098 0.6076
vn 0.9472 0.1908 0.2576
vn 0.4478 0.5145 0.7313
vn -0.0378 0.6239 0.7806
vn 0.0558 0.6040 0.7950
vn 0.0230 0.4844 0.8746
vn 0.5105 0.1204 0.8514
vn 0.6332 0.5262 0.5676
vn 0.7294 0.0912 0.6780
vn 0.6113 -0.6792 0.4062
vn 0.5243 -0.3382 0.7815
vn 0.0237 0.9897 -0.1413
vn 0.0164 0.9470 -0.3207
vn -0.1365 0.9466 -0.2921
vn -0.2792 0.7640 -0.5817
vn -0.5710 0.7077 -0.4161
vn -0.4496 0.8742 -0.1834
vn -0.5978 0.8013 0.0220
vn -0.2834 0.9583 0.0364
vn -0.1953 0.8298 -0.5228
vn -0.7217 0.6858 -0.0940
vn 0.7623 -0.3152 -0.5653
vn 0.7261 -0.6697 -0.1558
vn 0.7958 -0.5767 -0.1847
vn 0.6050 -0.7711 -0.1983
vn 0.6749 -0.6663 0.3170
vn 0.6766 -0.3821 -0.6294
vn 0.6992 -0.7142 -0.0327
vn 0.6485 -0.1794 -0.7398
vn 0.5896 -0.7879 0.1780
vn 0.2841 -0.0349 -0.9582
vn 0.4159 -0.8817 0.2228
vn 0.6376 -0.4509 0.6246
vn 0.3383 -0.6814 0.6490
vn 0.3414 -0.5831 0.7372
vn 0.0498 -0.6141 0.7877
vn 0.0724 -0.9799 0.1857
vn -0.0270 -0.7971 0.6033
vn -0.5752 -0.1550 0.8032
vn -0.5377 0.8040 0.2540
vn -0.8696 0.4411 0.2218
vn -0.6824 0.7194 -0.1300
vn -0.5887 -0.8059 -0.0638
vn -0.5311 -0.6909 0.4906
vn -0.3900 0.8920 0.2287
vn -0.7058 -0.6970 0.1269
vn -0.8090 0.0978 -0.5796
vn -0.8634 -0.0868 -0.4971
vn -0.9632 -0.2633 0.0540
vn -0.8590 -0.4540 0.2367
vn -0.9952 -0.0936 0.0268
vn -0.4574 -0.5114 0.7275
vn 0.3078 -0.4668 0.8291
vn 0.6703 -0.6694 0.3204
vn 0.5902 -0.4707 0.6559
vn 0.0336 -0.0229 0.9992
vn -0.1660 0.2710 0.9482
vn 0.0821 0.0028 0.9966
vn -0.6896 0.4904 0.5328
vn -0.6321 0.4145 0.6547
vn -0.1969 0.1117 0.9741
vn 0.7485 -0.5515 0.3681
vn 0.6677 -0.4960 0.5551
vn -0.2072 0.1650 0.9643
vn -0.2661 -0.7091 -0.6530
vn -0.3321 -0.6022 -0.7260
vn -0.0902 -0.7464 -0.6593
vn 0.0188 -0.8312 -0.5556
vn -0.1631 -0.8060 -0.5690
vn 0.0223 -0.7018 -0.7120
vn -0.0841 -0.6837 -0.7249
vn 0.3368 -0.6795 -0.6518
vn 0.1784 -0.6671 -0.7233
vn 0.1315 -0.5574 -0.8198
vn -0.2356 -0.7378 -0.6326
vn 0.5048 -0.7099 0.4912
vn 0.2500 0.5831 0.7730
vn 0.1695 -0.3006 0.9386
vn -0.1853 -0.7046 0.6850
vn -0.2841 0.2935 0.9128
vn -0.3813 -0.9239 -0.0314
vn 0.1325 -0.9320 -0.3373
vn -0.9938 0.0968 -0.0538
vn -0.9622 0.2626 -0.0719
vn -0.9901 0.0812 -0.1142
vn -0.9732 0.1941 -0.1237
vn -0.9160 -0.1768 -0.3601
vn -0.8988 0.1514 -0.4114
vn -0.9401 0.3216 -0.1131
vn -0.9457 0.2931 -0.1407
vn -0.8977 -0.4290 0.1008
vn 0.0718 0.0423 -0.9965
vn 0.0817 0.1497 -0.9853
vn 0.7613 -0.0677 -0.6448
vn 0.9669 -0.2310 -0.1084
vn 0.9965 -0.0275 0.0792
vn 0.7091 0.0702 -0.7016
vn 0.7452 -0.0291 -0.6662
vn 0.7522 0.4938 0.4363
vn 0.9079 -0.4127 0.0737
vn 0.8914 0.1941 0.4095
vn 0.0892 0.7892 0.6076
vn 0.2572 0.8503 0.4591
vn 0.0916 0.8303 0.5497
vn 0.1783 0.8610 0.4764
vn 0.7616 0.0579 0.6455
vn 0.7962 0.4212 0.4344
vn 0.8485 0.3309 0.4130
vn 0.7041 -0.2809 0.6522
vn 0.6430 0.6832 0.3462
vn -0.7546 -0.5925 0.2820
vn -0.7553 -0.5513 -0.3545
vn -0.8054 -0.5350 -0.2552
vn -0.6726 -0.3930 -0.6270
vn -0.1957 -0.5624 -0.8034
vn -0.3424 -0.4527 -0.8233
vn -0.3436 -0.6971 -0.6293
vn -0.2656 -0.7277 -0.6324
vn -0.7612 -0.6483 0.0135
vn -0.5004 -0.4501 0.7397
vn -0.4398 -0.3495 0.8273
vn -0.3432 -0.4250 0.8376
vn -0.4302 -0.3420 0.8354
vn -0.4877 -0.4433 0.7521
vn -0.2029 -0.4728 0.8575
vn -0.2018 -0.5332 0.8216
vn -0.9606 0.2288 -0.1577
vn -0.7158 0.6960 -0.0578
vn -0.3525 0.9294 -0.1098
vn -0.3496 0.3640 -0.8633
vn -0.7240 0.2341 -0.6489
vn -0.7467 0.2562 -0.6139
vn -0.9162 0.1387 -0.3760
vn 0.2084 0.5035 0.8385
vn -0.0612 0.3544 0.9331
vn 0.0677 0.4783 0.8756
vn -0.0221 0.5011 0.8651
vn -0.4832 0.5421 0.6875
vn 0.2700 0.5034 0.8208
vn 0.0474 0.0994 -0.9939
vn 0.7063 0.3285 -0.6271
vn 0.2433 0.1304 -0.9611
vn 0.7325 0.3846 -0.5617
vn 0.2319 -0.0008 -0.9727
vn -0.6761 -0.4997 -0.5415
vn 0.9432 -0.3092 -0.1214
vn 0.9432 -0.3092 -0.1213
vn 0.9557 -0.2827 -0.0823
vn 0.6786 0.2024 0.7061
vn 0.6772 -0.1301 0.7242
vn 0.9004 0.0499 0.4322
vn 0.9523 0.2844 0.1104
vn 0.6967 -0.4426 0.5645
vn 0.8622 0.2004 -0.4653
vn 0.1702 -0.6471 0.7432
vn 0.5835 0.0474 0.8107
vn 0.2348 -0.6190 0.7495
vn 0.6174 -0.4305 0.6584
vn -0.4854 -0.1788 0.8558
vn -0.3886 -0.6532 0.6498
vn -0.1117 -0.9722 0.2058
vn 0.6306 0.7749 -0.0421
vn 0.7199 0.6940 0.0072
vn 0.4342 0.8956 0.0970
vn 0.2517 0.9589 0.1310
vn 0.2032 0.9768 0.0674
vn 0.2360 0.9636 0.1255
vn -0.9761 -0.2090 -0.0598
vn -0.9040 -0.2226 0.3649
vn -0.8630 -0.1980 0.4648
vn -0.8136 -0.1975 0.5469
vn -0.9773 -0.1627 -0.1358
vn -0.4330 -0.1877 0.8816
vn -0.5301 -0.2018 0.8236
vn -0.8547 -0.2917 -0.4293
vn -0.9292 -0.3695 0.0110
vn -0.9673 -0.1372 -0.2132
vn -0.9325 0.2942 -0.2095
vn -0.8996 0.0047 -0.4367
vn -0.9829 0.0538 0.1762
vn -0.9550 -0.1952 0.2232
vn -0.4606 -0.6908 0.5573
vn 0.1341 -0.8749 0.4653
vn -0.6767 0.4995 0.5409
vn -0.5366 0.3379 0.7732
vn -0.1399 -0.9367 0.3209
vn 0.0650 -0.9857 0.1554
vn -0.0107 -0.2508 0.9680
vn 0.0101 -0.4108 0.9117
vn 0.0285 -0.4825 0.8754
vn -0.1262 0.0131 0.9919
vn 0.8436 0.5336 0.0603
vn 0.6071 0.3471 0.7148
vn 0.5647 0.3258 0.7583
vn 0.1963 0.0352 0.9799
vn 0.5928 0.3147 0.7413
vn 0.0507 -0.0326 0.9982
vn 0.8363 0.5153 0.1872
vn 0.0892 -0.0294 0.9956
vn -0.5359 0.5814 -0.6122
vn -0.3041 0.5093 -0.8051
vn -0.4428 0.4773 -0.7590
vn -0.6769 0.3706 -0.6360
vn -0.1993 0.3125 -0.9288
vn -0.3838 0.2541 -0.8878
vn -0.7367 0.0456 -0.6746
vn -0.9634 0.1145 -0.2423
vn -0.9208 0.1855 -0.3431
vn -0.9857 0.1530 0.0709
vn -0.6329 0.1488 -0.7598
vn 0.8857 -0.1782 0.4286
vn 0.7821 -0.1317 0.6091
vn 0.6743 -0.3034 0.6733
vn 0.3809 -0.3607 0.8513
vn 0.5035 -0.3827 0.7746
vn 0.5092 -0.3772 0.7736
vn 0.3686 -0.4588 0.8085
vn 0.7626 -0.3347 0.5536
vn 0.8172 -0.2793 0.5042
vn 0.7892 -0.1973 0.5816
vn 0.6216 -0.3578 0.6969
vn 0.5855 -0.3080 0.7499
vn 0.3376 0.4151 -0.8449
vn 0.3018 0.3104 -0.9014
vn -0.3091 0.4612 -0.8317
vn -0.3095 0.2767 -0.9097
vn -0.7585 0.3077 -0.5745
vn -0.7961 0.3332 -0.5052
vn -0.3058 0.7992 0.5175
vn -0.1961 0.8854 0.4215
vn -0.1168 0.8472 0.5183
vn -0.2583 0.6464 0.7180
vn 0.1126 0.7539 0.6473
vn 0.1136 0.7979 0.5920
vn 0.2697 0.6537 0.7071
vn 0.0334 0.7818 0.6226
vn 0.1414 0.7949 0.5900
vn -0.1729 0.7538 0.6340
vn -0.8002 0.4877 0.3492
vn -0.3212 0.4823 -0.8150
vn -0.1538 0.2852 -0.9460
vn -0.6809 0.5221 -0.5136
vn -0.4640 0.4746 -0.7480
vn -0.7127 0.2957 -0.6361
vn -0.3003 0.4926 -0.8168
vn -0.6502 0.2267 -0.7252
vn -0.7977 0.5978 -0.0791
vn -0.7607 0.6424 0.0933
vn -0.7529 0.6044 -0.2605
vn -0.1212 0.0668 -0.9904
vn -0.7561 0.5854 -0.2927
vn -0.9024 0.4108 0.1301
vn -0.2736 0.9457 -0.1752
vn -0.9319 0.2882 -0.2202
vn -0.0727 0.4122 0.9082
vn -0.3895 0.6263 0.6753
vn -0.2504 0.3470 0.9038
vn -0.4919 0.4869 0.7218
vn -0.2130 0.2066 0.9550
vn 0.0507 -0.0422 0.9978
vn 0.3459 -0.1609 -0.9244
vn 0.6659 -0.1096 -0.7380
vn -0.1823 -0.6843 -0.7060
vn -0.0070 -0.2368 -0.9715
vn 0.2418 -0.8543 -0.4601
vn -0.6846 -0.6098 0.3993
vn -0.7442 -0.6415 -0.1859
vn -0.7669 -0.6220 -0.1579
vn -0.1298 -0.9573 0.2584
vn -0.5755 -0.8121 0.0958
vn -0.5248 -0.4842 0.7001
vn -0.6011 0.0068 0.7991
vn -0.3067 0.0104 0.9517
vn -0.1348 -0.0811 0.9876
vn -0.0065 -0.3343 0.9424
vn -0.4264 -0.4155 0.8035
vn -0.0114 -0.9999 0.0124
vn 0.4671 -0.5948 0.6542
vn 0.0255 -0.5722 0.8197
vn 0.4137 -0.1391 0.8997
vn -0.1699 -0.2118 0.9624
vn -0.5016 -0.5752 0.6462
vn -0.8376 -0.4776 -0.2654
vn 0.0296 -0.9327 -0.3595
vn -0.6855 -0.5760 -0.4453
vn -0.5318 -0.3058 -0.7897
vn 0.0792 -0.1165 -0.9900
vn 0.3256 0.0318 -0.9450
vn -0.0421 -0.2016 -0.9786
vn -0.0340 -0.2711 -0.9620
vn -0.0489 -0.0538 -0.9974
vn 0.4578 -0.7305 -0.5067
vn -0.0623 -0.9381 -0.3407
vn -0.2536 -0.5259 -0.8118
vn -0.0854 -0.5762 -0.8128
vn 0.2541 -0.5134 -0.8197
vn 0.0748 -0.9370 -0.3412
vn 0.1077 -0.5694 -0.8150
vn 0.3070 -0.9410 0.1425
vn 0.1204 -0.1043 0.9872
vn -0.2691 -0.9531 0.1384
vn -0.1334 -0.1248 0.9832
vn -0.5033 -0.7768 0.3785
vn -0.4451 -0.7383 0.5067
vn -0.3810 -0.9161 0.1252
vn -0.2349 -0.9422 0.2391
vn -0.8824 -0.4700 -0.0206
vn 0.0248 -0.9678 0.2506
vn -0.7647 -0.5149 -0.3875
vn -0.7441 -0.5655 -0.3557
vn -0.7770 -0.5412 -0.3216
vn -0.9023 -0.4078 -0.1399
vn -0.9735 -0.1124 -0.1991
vn -0.7890 0.4143 0.4537
vn -0.7276 0.3602 0.5839
vn -0.0363 0.4814 0.8757
vn -0.6322 0.3500 0.6912
vn -0.9344 -0.3418 0.1007
vn 0.0889 0.4201 0.9031
vn 0.3117 0.9105 0.2717
vn 0.4766 0.8774 0.0539
vn 0.2644 0.9593 0.0993
vn 0.2504 0.9118 -0.3253
vn -0.2867 0.9174 0.2759
vn -0.1224 0.9253 0.3589
vn -0.2205 0.9625 0.1581
vn -0.3376 0.9309 0.1391
vn 0.4441 0.8929 -0.0739
vn 0.1489 0.9174 0.3691
vn 0.6527 0.3339 0.6800
vn 0.8303 0.4347 0.3489
vn 0.9084 0.1641 0.3846
vn 0.9284 0.0511 0.3680
vn 0.6852 0.0711 0.7249
vn 0.9783 0.1273 -0.1634
vn 0.9787 0.1033 -0.1777
vn 0.2343 -0.7756 -0.5861
vn -0.1446 -0.7369 -0.6603
vn 0.0553 -0.6673 -0.7428
vn 0.4393 -0.6204 -0.6497
vn -0.2962 -0.2336 -0.9261
vn 0.2389 -0.4219 -0.8746
vn 0.5887 -0.8059 -0.0626
vn 0.9099 0.3407 0.2365
vn 0.7058 -0.6958 0.1331
vn 0.5292 -0.6769 0.5116
vn -0.4238 -0.8881 -0.1778
vn -0.2994 -0.5664 0.7678
vn 0.3754 -0.6636 0.6471
vn 0.4996 -0.1901 0.8451
vn 0.8524 -0.4651 0.2390
vn 0.5155 -0.1505 0.8436
vn 0.4433 -0.5119 0.7358
vn -0.0087 -0.5458 0.8379
vn 0.2894 -0.8580 0.4244
vn 0.9941 -0.1031 0.0334
vn 0.9546 -0.2894 0.0700
vn 0.4502 -0.5128 0.7310
vn 0.9613 0.1281 -0.2438
vn 0.9792 0.1510 -0.1359
vn 0.8348 0.0369 -0.5493
vn 0.0703 -0.5198 -0.8514
vn 0.1974 -0.5121 -0.8359
vn 0.5082 -0.2628 -0.8202
vn 0.4523 -0.1147 -0.8845
vn 0.7393 0.0417 -0.6721
vn 0.9212 0.0493 -0.3860
vn -0.5790 0.1982 0.7908
vn -0.4281 0.1032 0.8978
vn -0.5999 -0.0066 0.8000
vn -0.7101 -0.1726 0.6826
vn -0.8273 0.0402 0.5604
vn -0.6174 -0.2124 0.7574
vn -0.5072 -0.1026 0.8557
vn 0.6050 -0.7897 -0.1018
vn 0.0503 -0.5400 -0.8402
vn 0.6778 -0.5547 -0.4826
vn 0.8770 -0.3866 -0.2853
vn 0.6936 -0.3992 0.5996
vn -0.2549 0.0989 -0.9619
vn -0.1381 0.1411 -0.9803
vn 0.4903 0.1362 0.8609
vn 0.3970 -0.2962 0.8687
vn 0.2317 0.1595 0.9596
vn 0.1114 -0.7365 0.6672
vn 0.2521 0.6183 0.7444
vn 0.1677 -0.2987 0.9395
vn 0.8990 0.2851 -0.3325
vn 0.9302 0.3232 -0.1739
vn 0.9528 0.1620 -0.2567
vn 0.6922 0.1387 0.7083
vn 0.7548 0.2120 0.6207
vn 0.9077 0.1745 0.3816
vn 0.8229 0.3438 0.4523
vn 0.9361 0.1195 0.3310
vn 0.8441 0.2478 -0.4755
vn 0.9611 0.1334 -0.2420
vn 0.7275 -0.6861 0.0007
vn 0.4298 -0.8089 -0.4012
vn 0.2687 -0.9153 -0.2999
vn -0.9880 0.1518 -0.0286
vn -0.9726 0.2114 0.0968
vn -0.9819 0.1844 -0.0424
vn -0.9588 0.2086 0.1930
vn -0.9873 0.1587 0.0082
vn -0.8610 0.1317 -0.4912
vn -0.9019 0.1116 -0.4174
vn 0.5752 -0.3885 -0.7199
vn 0.2305 -0.5567 -0.7981
vn 0.6272 -0.1854 -0.7565
vn 0.1889 -0.4621 -0.8665
vn 0.7773 0.1260 -0.6164
vn -0.0366 -0.2500 -0.9675
vn 0.2212 0.0516 -0.9739
vn 0.4352 -0.0395 -0.8995
vn 0.8537 0.0636 -0.5169
vn 0.6975 0.1857 -0.6921
vn 0.0968 0.7854 0.6113
vn -0.4637 0.7176 0.5197
vn -0.4435 0.4705 0.7628
vn 0.1561 0.5835 0.7969
vn -0.5438 0.5455 0.6377
vn -0.8216 0.1669 0.5450
vn -0.4066 0.1709 -0.8975
vn -0.6692 0.3227 -0.6693
vn -0.2775 0.3418 -0.8978
vn -0.8673 0.4967 0.0333
vn -0.7915 -0.5118 0.3341
vn -0.9408 -0.3011 0.1558
vn -0.6918 -0.2908 0.6609
vn -0.4757 -0.2807 0.8337
vn -0.2171 -0.3537 0.9098
vn -0.7693 -0.5826 0.2622
vn -0.1387 0.4326 0.8909
vn 0.2205 0.7880 0.5748
vn -0.4302 0.4516 0.7817
vn -0.5285 0.7138 0.4596
vn -0.1911 0.7277 0.6588
vn -0.6988 0.1529 0.6988
vn -0.8071 0.2774 0.5212
vn -0.7649 -0.5364 -0.3567
vn -0.9175 -0.3817 0.1119
vn -0.9550 -0.2952 0.0287
vn -0.1312 0.4250 0.8956
vn -0.6117 0.2685 0.7441
vn -0.6391 0.2000 0.7427
vn -0.9314 -0.1931 0.3085
vn -0.7871 -0.5119 -0.3441
vn -0.2248 0.1172 0.9673
vn -0.7242 -0.3007 0.6206
vn -0.0463 -0.4174 -0.9075
vn -0.5032 0.0445 -0.8630
vn -0.0951 -0.0297 -0.9950
vn 0.0966 0.4575 -0.8840
vn 0.4926 0.2939 -0.8191
vn 0.2496 0.2965 -0.9218
vn 0.5733 -0.1384 -0.8076
vn 0.1899 -0.2114 -0.9588
vn -0.4254 0.3274 -0.8437
vn -0.0547 0.0480 -0.9973
vn -0.0501 0.2463 -0.9679
vn -0.1959 0.1171 -0.9736
vn -0.4812 0.2524 -0.8395
vn -0.5458 0.1067 -0.8311
vn -0.5540 -0.0587 -0.8304
vn -0.1493 -0.0935 -0.9844
vn -0.1898 0.2414 -0.9517
vn 0.6064 0.6562 0.4492
vn 0.6907 0.2689 0.6713
vn 0.8864 0.4047 0.2246
vn 0.3376 0.9384 -0.0737
vn 0.9650 0.2481 0.0850
vn 0.9116 0.4064 -0.0617
vn 0.9770 0.1943 0.0880
vn 0.9446 0.0850 0.3171
vn 0.9486 0.0235 0.3156
vn 0.7289 -0.3385 -0.5951
vn 0.9890 -0.0252 -0.1455
vn 0.6476 0.0437 -0.7607
vn 0.6502 0.0357 -0.7589
vn -0.0265 -0.0639 -0.9976
vn -0.3366 -0.2164 0.9165
vn -0.3468 -0.1987 0.9166
vn -0.3208 -0.3496 0.8802
vn -0.4858 -0.2305 0.8431
vn -0.3149 -0.2078 0.9261
vn -0.3818 0.0728 0.9214
vn -0.5432 -0.1934 0.8170
vn -0.1969 -0.1052 0.9748
vn 0.6213 -0.7816 -0.0559
vn 0.5964 -0.7868 -0.1590
vn 0.5694 -0.8203 -0.0546
vn 0.6263 -0.7549 -0.1949
vn 0.2629 -0.5570 0.7878
vn 0.6742 -0.6943 0.2519
vn 0.2398 -0.4011 -0.8841
vn -0.2108 -0.0733 -0.9748
vn 0.4714 -0.5102 -0.7194
vn 0.7839 -0.6012 -0.1552
vn 0.0511 0.8876 0.4579
vn 0.1817 0.8764 0.4460
vn 0.1174 -0.0498 0.9918
vn -0.1145 -0.5228 0.8447
vn -0.0650 -0.1455 0.9872
vn 0.5163 0.0603 0.8543
vn 0.6870 0.3769 0.6213
vn 0.3170 0.5337 -0.7841
vn 0.2142 0.0309 -0.9763
vn 0.6532 0.0417 -0.7560
vn 0.6497 0.7204 -0.2428
vn 0.2768 0.9474 -0.1608
vn 0.8894 0.0119 -0.4571
vn 0.7126 0.2506 -0.6553
vn 0.5320 -0.0266 -0.8463
vn 0.9216 0.1589 -0.3541
vn 0.9756 0.0545 -0.2125
vn -0.1143 -0.4536 0.8839
vn -0.6875 -0.0833 0.7214
vn -0.0596 -0.0021 0.9982
vn -0.2760 -0.0497 0.9599
vn 0.1943 0.9557 0.2211
vn 0.7301 0.5763 0.3671
vn 0.9400 0.2618 -0.2189
vn -0.5054 0.1478 0.8501
vn 0.4451 0.8955 0.0040
vn 0.8224 0.5377 -0.1859
vn -0.1542 -0.0596 0.9862
vn -0.3657 -0.3505 0.8622
vn -0.4403 -0.0611 0.8958
vn -0.0894 -0.1756 0.9804
vn 0.3195 -0.2694 0.9085
vn 0.1442 -0.3112 0.9393
vn -0.2537 -0.0688 0.9648
vn 0.5262 -0.1939 0.8280
vn 0.4408 -0.1837 0.8786
vn 0.1698 -0.1604 0.9723
vn -0.4921 -0.1859 0.8504
vn 0.1579 -0.1482 0.9763
vn -0.5338 0.7125 0.4554
vn -0.3486 -0.8889 -0.2971
vn -0.7396 -0.3537 0.5726
vn 0.4505 -0.8730 0.1870
vn -0.3364 0.0945 0.9370
vn -0.5112 0.6163 0.5990
vn -0.0938 0.0772 0.9926
vn 0.1635 0.0596 0.9847
vn -0.2432 0.0532 0.9685
vn -0.8986 -0.0697 0.4332
vn -0.3800 0.0487 0.9237
vn 0.1822 0.0264 0.9829
vn -0.9216 0.0610 0.3832
vn -0.9200 0.0862 -0.3822
vn -0.9888 0.0882 -0.1204
vn -0.9185 -0.2630 -0.2953
vn -0.9903 -0.1309 0.0460
vn 0.1967 -0.3242 0.9253
vn -0.8417 0.2029 0.5005
vn -0.6321 -0.1111 0.7668
vn -0.5242 -0.8221 -0.2220
vn 0.3999 -0.9076 0.1280
vn -0.5372 -0.8430 -0.0290
vn -0.9484 -0.0491 -0.3133
vn 0.6129 -0.5565 0.5609
vn -1.0000 -0.0000 -0.0000
vn -0.2931 -0.5022 0.8135
vn -0.0016 -0.5178 0.8555
vn -0.0016 0.0899 0.9960
vn 0.2962 -0.4696 0.8317
vn 0.2472 0.3730 0.8943
vn -0.0417 0.6563 0.7534
vn -0.1963 0.4957 0.8460
vn -0.8509 -0.3652 -0.3775
vn -0.8794 0.1944 -0.4346
vn -0.4411 -0.1374 -0.8869
vn -0.6486 -0.1680 -0.7423
vn -0.8163 -0.4121 -0.4047
vn -0.3601 0.1172 -0.9255
vn 0.0246 0.3077 -0.9512
vn 0.3012 0.4429 -0.8445
vn -0.4586 0.4722 -0.7528
vn 0.3347 0.2397 -0.9113
vn -0.3321 0.4922 0.8046
vn -0.0596 0.7614 0.6455
vn -0.5253 0.5791 0.6235
vn -0.5405 0.3914 0.7448
vn -0.6123 0.5065 0.6070
vn -0.6610 0.6080 0.4398
vn -0.4635 0.8710 0.1631
vn -0.2224 -0.1787 0.9585
vn -0.1753 -0.0694 0.9821
vn -0.1801 -0.3943 0.9012
vn -0.0866 -0.1824 0.9794
vn 0.1267 -0.5477 0.8270
vn -0.1362 -0.6938 0.7071
vn 0.7987 -0.6012 -0.0249
vn -0.0259 -0.4481 -0.8936
vn 0.8779 -0.4573 -0.1421
vn 0.8857 0.1554 -0.4374
vn 0.7507 -0.2407 0.6152
vn 0.9763 -0.1220 -0.1790
vn -0.0017 0.0770 -0.9970
vn 0.8098 -0.0803 0.5812
vn 0.8006 -0.3522 0.4848
vn 0.9605 -0.2755 -0.0383
vn -0.8125 -0.5757 0.0915
vn 0.8010 -0.4905 -0.3432
vn 0.7909 -0.5232 -0.3174
vn 0.4588 -0.3094 -0.8329
vn -0.0799 0.0819 -0.9934
vn 0.2422 -0.3013 -0.9223
vn 0.6077 -0.4555 -0.6506
vn 0.1473 -0.0786 -0.9860
vn -0.2248 0.1925 -0.9552
vn 0.1294 -0.1035 -0.9862
vn 0.0925 0.0195 -0.9955
vn -0.0439 -0.0690 0.9967
vn -0.0250 0.0665 0.9975
vn 0.4315 -0.3425 0.8346
vn 0.6745 -0.4678 0.5712
vn 0.6359 -0.5233 0.5673
vn 0.2754 -0.3374 0.9002
vn 0.4538 -0.4580 0.7644
vn 0.5668 0.2016 -0.7988
vn 0.3558 0.2029 -0.9122
vn 0.6605 0.4427 -0.6064
vn 0.6277 0.6142 -0.4783
vn 0.7953 0.4799 -0.3704
vn 0.3469 0.4285 -0.8343
vn 0.8007 0.3471 -0.4883
vn 0.8856 0.4547 0.0946
vn 0.7425 0.4703 0.4769
vn 0.5268 0.0938 0.8448
vn -0.0335 -0.1686 0.9851
vn -0.2254 -0.4597 0.8590
vn 0.8582 -0.5088 -0.0683
vn 0.9430 0.0399 -0.3305
vn 0.8323 -0.4403 0.3368
vn -0.0011 -0.7148 -0.6993
vn -0.0117 -0.6642 -0.7474
vn -0.3872 -0.6410 -0.6627
vn -0.3481 -0.1119 -0.9308
vn -0.7875 -0.0680 -0.6126
vn -0.5329 -0.0985 -0.8404
vn -0.3335 -0.0884 -0.9386
vn -0.5894 -0.6790 -0.4376
vn -0.3393 -0.7495 -0.5685
vn -0.8485 -0.1496 -0.5076
vn 0.7912 0.0429 -0.6100
vn 0.3569 -0.0062 -0.9341
vn 0.2985 0.2592 -0.9185
vn -0.2950 0.2979 -0.9079
vn 0.2992 0.4115 -0.8609
vn -0.2004 0.0445 -0.9787
vn 0.7416 0.2903 -0.6048
vn 0.5119 0.5154 0.6873
vn 0.8821 0.0574 0.4676
vn 0.5969 -0.3973 0.6970
vn 0.4093 0.0384 0.9116
vn -0.1358 0.0241 0.9904
vn 0.8180 -0.5155 0.2552
vn 0.7468 -0.4427 0.4963
vn 0.9836 0.1532 0.0955
vn 0.9855 0.1538 0.0715
vn 0.9247 0.1734 -0.3388
vn 0.9855 0.1539 0.0714
vn -0.1913 -0.2900 0.9377
vn -0.3646 -0.2056 0.9082
vn 0.4222 -0.8262 0.3730
vn 0.6721 -0.4332 -0.6005
vn 0.6927 -0.7211 -0.0073
vn 0.6702 -0.7417 0.0262
vn 0.9127 -0.3145 -0.2607
vn 0.3416 -0.8673 0.3621
vn -0.6410 -0.1389 0.7549
vn -0.2608 -0.8136 0.5197
vn -0.7145 0.3131 -0.6256
vn -0.8569 0.2899 -0.4263
vn -0.7220 0.2336 -0.6513
vn -0.6267 0.3529 -0.6948
vn -0.0340 0.1057 -0.9938
vn -0.1347 0.1600 -0.9779
vn -0.8577 0.3782 -0.3483
vn -0.9479 -0.0157 0.3181
vn -0.8496 -0.4898 0.1955
vn -0.7131 -0.0982 0.6942
vn -0.5994 -0.4729 0.6458
vn -0.5775 -0.1306 0.8059
vn -0.5781 0.1040 0.8093
vn -0.7489 0.1431 0.6471
vn 0.5595 0.8093 0.1789
vn 0.9330 0.3597 -0.0040
vn 0.7204 0.6921 -0.0451
vn 0.9706 0.2279 -0.0779
vn 0.9630 0.1612 -0.2161
vn 0.3584 0.9276 -0.1053
vn 0.9181 0.2605 -0.2988
vn -0.4724 -0.4272 0.7709
vn -0.4682 -0.5560 0.6868
vn -0.4650 0.1169 0.8776
vn -0.3975 0.3408 0.8520
vn 0.5305 -0.1880 0.8266
vn 0.7823 -0.1968 0.5910
vn 0.6861 -0.1886 0.7027
vn 0.3187 -0.1314 0.9387
vn 0.3012 -0.1217 0.9457
vn 0.6763 -0.1714 0.7164
vn 0.8621 -0.3543 0.3624
vn 0.6912 -0.1277 0.7113
vn 0.9463 -0.1466 0.2882
vn 0.9741 -0.1379 -0.1793
vn 0.8644 -0.4601 -0.2028
vn 0.9712 -0.1803 0.1557
vn 0.8763 -0.1008 0.4712
vn 0.4787 -0.8690 0.1252
vn -0.2677 -0.6155 -0.7413
vn -0.7800 -0.1369 0.6106
vn -0.6873 -0.2393 0.6858
vn -0.2144 -0.7729 0.5972
vn 0.1058 -0.9740 0.2005
vn -0.5147 0.8461 -0.1384
vn -0.7436 0.6206 -0.2487
vn -0.7354 0.6775 -0.0131
vn -0.7990 0.4831 0.3580
vn -0.6707 0.6254 0.3989
vn -0.6857 0.6809 0.2575
vn -0.8720 0.4880 -0.0385
vn -0.8654 0.4797 0.1452
vn -0.5053 0.8625 -0.0281
vn -0.4526 0.8671 0.2082
vn 0.2979 -0.5515 0.7792
vn 0.1747 0.5737 0.8002
vn -0.1829 -0.3114 0.9325
vn -0.2552 0.7253 0.6394
vn -0.2848 -0.8336 0.4732
vn -0.0141 0.3693 0.9292
vn 0.1153 0.3948 0.9115
vn 0.3226 0.4958 0.8063
vn 0.5690 0.4238 0.7047
vn 0.4477 0.3024 0.8415
vn 0.5458 -0.4711 -0.6929
vn 0.6367 -0.2970 -0.7116
vn 0.1378 -0.5272 -0.8385
vn -0.0364 -0.6052 -0.7952
vn -0.1445 -0.7385 -0.6585
vn -0.2971 -0.7036 -0.6455
vn 0.9461 0.1951 0.2584
vn 0.9000 -0.4232 -0.1050
vn 0.9932 0.0840 -0.0803
vn 0.8903 -0.4256 -0.1620
vn 0.9546 0.2740 -0.1168
vn 0.0734 -0.6217 0.7798
vn 0.0249 -0.7677 0.6403
vn 0.1721 -0.5916 0.7877
vn 0.2420 -0.5113 0.8246
vn 0.2392 -0.5578 0.7948
vn -0.9997 0.0037 0.0240
vn -0.7579 -0.0044 -0.6524
vn -0.7252 0.0473 -0.6869
vn -0.4849 0.0842 -0.8705
vn -0.5052 0.0894 -0.8584
vn -0.7829 0.0387 -0.6210
vn -0.4537 -0.1467 0.8790
vn -0.6483 -0.0380 0.7604
vn -0.7313 0.2272 0.6431
vn -0.8348 0.5180 0.1863
vn -0.5739 0.2869 0.7670
vn -0.7013 0.4043 0.5871
vn -0.4257 0.1794 0.8869
vn -0.8323 0.5494 -0.0731
vn -0.6431 0.2494 -0.7240
vn -0.7480 0.3804 -0.5438
vn -0.8205 0.4297 -0.3771
vn -0.8484 0.4800 -0.2233
vn -0.7868 0.3686 -0.4950
vn -0.7666 0.3413 0.5440
vn -0.9197 0.3881 -0.0590
vn -0.8630 0.5042 0.0325
vn -0.8580 0.5103 0.0584
vn 0.5906 0.2882 0.7537
vn 0.4581 0.3008 0.8365
vn 0.0032 0.3262 0.9453
vn 0.3344 -0.2933 0.8956
vn 0.1589 -0.3081 0.9380
vn 0.2708 -0.2040 0.9408
vn -0.6005 0.3015 0.7407
vn 0.0263 0.4805 0.8766
vn -0.3942 0.2449 0.8858
vn -0.1644 -0.2823 0.9451
vn -0.3623 -0.3360 0.8694
vn -0.2422 -0.1948 0.9505
vn 0.6179 -0.1649 0.7687
vn -0.5405 -0.2845 0.7918
vn -0.4827 -0.4958 -0.7220
vn -0.4907 -0.3603 -0.7933
vn -0.5839 -0.3309 -0.7413
vn 0.3855 -0.6669 -0.6377
vn -0.2101 -0.6066 -0.7668
vn -0.0870 -0.0054 -0.9962
vn -0.6130 -0.0224 -0.7898
vn 0.4238 -0.3692 -0.8271
vn 0.6353 -0.3029 -0.7104
vn 0.4284 -0.2399 -0.8712
vn 0.6660 -0.0875 -0.7408
vn -0.5394 0.7988 0.2663
vn -0.3833 0.5513 0.7410
vn -0.8889 0.2366 0.3923
vn -0.1562 -0.0635 0.9857
vn 0.7848 -0.1281 0.6064
vn 0.4071 0.6536 0.6380
vn -0.3903 0.8731 0.2921
vn -0.7151 0.5884 -0.3773
vn -0.7862 0.0678 -0.6142
vn 0.6609 0.7394 -0.1286
vn 0.8058 0.5659 0.1745
vn 0.4132 0.7386 0.5326
vn 0.3013 0.8340 0.4622
vn 0.7094 -0.0752 0.7007
vn 0.4340 -0.5799 0.6895
vn -0.9992 -0.0296 -0.0276
vn -0.9861 0.1652 0.0149
vn -0.9482 0.0250 -0.3167
vn -0.8070 0.0238 -0.5901
vn -0.9185 -0.1177 -0.3774
vn -0.8252 0.5061 -0.2508
vn -0.6612 0.4370 -0.6098
vn -0.8050 0.3495 -0.4794
vn -0.5964 0.2492 -0.7630
vn -0.5538 0.8270 0.0973
vn -0.8321 0.4702 -0.2941
vn -0.5589 0.8246 -0.0871
vn -0.2302 0.9694 0.0850
vn -0.2215 0.9123 0.3445
vn -0.6215 0.7791 -0.0814
vn -0.9012 0.3181 -0.2943
vn -0.9100 0.3915 -0.1365
vn -0.8665 -0.3890 -0.3129
vn -0.8268 -0.5551 0.0909
vn 0.5072 -0.6149 0.6038
vn -0.3312 -0.6287 0.7036
vn -0.1103 -0.9931 0.0397
vn 0.9286 -0.3349 -0.1602
vn 0.5865 -0.4479 0.6749
vn 0.5756 -0.6302 0.5211
vn 0.6820 -0.7313 -0.0034
vn 0.7577 -0.5761 -0.3066
vn 0.3733 -0.6010 -0.7067
vn 0.4659 -0.3135 -0.8274
vn 0.3704 -0.3423 -0.8635
vn 0.6761 -0.5912 -0.4397
vn 0.2307 -0.0836 -0.9694
vn 0.1977 -0.2500 -0.9478
vn 0.8811 -0.0649 0.4685
vn 0.9803 -0.0684 0.1855
vn 0.9603 0.2091 0.1844
vn 0.4515 0.6217 0.6400
vn 0.6831 0.3000 0.6659
vn 0.7453 0.4074 0.5278
vn 0.9137 0.3362 -0.2284
vn 0.7563 0.6538 0.0233
vn 0.4484 0.8938 0.0012
vn 0.5588 0.6985 0.4471
vn 0.7461 0.1797 0.6411
vn -0.8984 -0.0517 0.4360
vn -0.7811 -0.1662 0.6019
vn -0.9954 -0.0426 0.0856
vn -0.7610 -0.0702 -0.6449
vn -0.7845 0.0180 -0.6198
vn -0.9633 -0.2643 -0.0460
vn -0.9656 -0.2458 -0.0852
vn -0.4130 0.1083 0.9043
vn -0.4305 0.0570 0.9008
vn -0.4417 -0.5373 0.7185
vn 0.2733 -0.0675 0.9596
vn 0.6992 -0.2600 0.6660
vn 0.0346 -0.4750 0.8793
vn 0.4395 -0.7101 0.5501
vn -0.3344 -0.8961 0.2919
vn -0.0418 -0.7254 -0.6870
vn -0.4256 -0.9028 -0.0614
vn 0.3766 0.6596 0.6505
vn 0.3238 -0.7847 0.5287
vn 0.1780 -0.9218 0.3444
vn 0.1833 -0.7690 0.6125
vn 0.2243 0.5574 0.7994
vn 0.4925 0.1201 0.8620
vn 0.3822 -0.6776 0.6283
vn 0.3289 -0.6873 0.6476
vn 0.6238 0.5668 0.5381
vn 0.7797 0.6010 0.1757
vn 0.7728 0.5072 0.3814
vn 0.7666 0.3810 0.5170
vn 0.1697 0.9123 0.3726
vn 0.0944 0.8078 0.5818
vn -0.4744 0.5901 0.6533
vn 0.1775 0.3741 0.9102
vn 0.5456 0.4273 0.7210
vn 0.1593 -0.3451 0.9249
vn 0.7160 -0.6456 0.2656
vn 0.5678 -0.4481 0.6905
vn 0.6570 -0.4687 -0.5905
vn -0.1478 -0.5533 0.8197
vn 0.1075 -0.6846 0.7209
vn -0.0656 -0.8743 0.4809
vn -0.1258 -0.9266 0.3544
vn -0.2830 -0.8103 0.5131
vn 0.3078 -0.7883 0.5328
vn 0.1913 -0.9164 0.3515
vn 0.0393 -0.8725 0.4870
vn 0.7437 -0.3378 -0.5769
vn 0.8075 -0.4649 -0.3630
vn 0.6094 -0.6750 -0.4161
vn 0.7751 0.0941 -0.6248
vn 0.4465 -0.6768 -0.5853
vn -0.4395 0.8274 0.3497
vn -0.9000 0.3835 0.2071
vn -0.9405 0.2520 0.2280
vn 0.5673 -0.4397 -0.6963
vn 0.8371 -0.5341 0.1181
vn 0.3099 -0.2908 0.9052
vn -0.0693 -0.0453 0.9966
vn -0.1948 0.0584 0.9791
vn -0.5928 0.3366 0.7316
vn -0.5978 0.3151 0.7372
vn -0.5269 0.3772 0.7617
vn 0.3853 0.8439 -0.3734
vn 0.2413 0.9505 -0.1960
vn 0.5008 0.8250 -0.2619
vn 0.1762 0.9700 0.1672
vn 0.5432 0.8352 0.0860
vn 0.4968 0.7584 -0.4219
vn 0.6108 0.7910 -0.0359
vn 0.3268 0.8366 -0.4397
vn 0.4621 0.8764 0.1359
vn 0.4176 0.9077 -0.0398
vn 0.5269 0.2374 -0.8161
vn 0.7784 0.5731 -0.2560
vn 0.4626 0.3760 -0.8029
vn 0.8211 0.1625 -0.5471
vn -0.0787 -0.1275 -0.9887
vn 0.8234 0.5524 -0.1299
vn 0.1861 -0.0767 -0.9795
vn 0.6151 0.0391 -0.7875
vn 0.5510 -0.3690 -0.7485
vn 0.8383 -0.3502 -0.4178
vn 0.6821 -0.5590 -0.4715
vn -0.7957 -0.5845 -0.1592
vn -0.6770 -0.3701 -0.6362
vn 0.2077 -0.6156 -0.7602
vn 0.7692 -0.4940 -0.4053
vn -0.0324 -0.9995 -0.0028
vn -0.0000 -1.0000 -0.0000
vn -0.0085 -0.9986 -0.0531
vn 0.2803 -0.9242 0.2594
vn -0.3850 -0.6888 -0.6143
vn 0.4615 -0.4507 0.7641
vn 0.4617 -0.3741 0.8043
vn -0.1244 -0.1094 -0.9862
vn -0.2822 0.0676 -0.9570
vn 0.0012 0.1069 -0.9943
vn 0.3273 -0.0022 -0.9449
vn 0.3302 0.1274 -0.9353
vn 0.9755 -0.2097 -0.0667
vn 0.9155 -0.3772 -0.1400
vn 0.7775 -0.6289 -0.0040
vn 0.1652 -0.9634 0.2111
vn -0.6845 -0.6199 0.3837
vn -0.4584 0.2849 0.8418
vn -0.3448 0.4881 0.8018
vn -0.0047 -0.0025 1.0000
vn -0.1474 0.3903 0.9088
vn -0.0215 0.3826 0.9237
vn -0.7415 -0.6177 -0.2619
vn -0.9449 -0.2689 0.1866
vn -0.7621 0.2561 0.5947
vn -0.9512 0.0580 0.3032
vn -0.6615 0.2019 0.7223
vn 0.0506 -0.8324 -0.5519
vn -0.1050 -0.3679 -0.9239
vn -0.9293 -0.3674 -0.0382
vn -0.5283 -0.7456 -0.4062
vn -0.5725 -0.7385 -0.3563
vn -0.6433 -0.7092 -0.2884
vn -0.5079 0.0133 -0.8613
vn -0.9271 -0.3700 -0.0598
vn -0.7043 -0.5563 -0.4410
vn -0.6524 -0.7145 -0.2528
vn -0.8372 0.3053 -0.4537
vn -0.7863 0.3211 -0.5278
vn -0.8897 0.4342 -0.1407
vn -0.9732 0.2266 -0.0387
vn -0.9578 0.2068 0.1996
vn -0.9328 0.2333 -0.2748
vn -0.9159 0.2793 0.2884
vn -0.9536 0.2198 0.2056
vn -0.9239 0.2786 0.2623
vn -0.8741 0.4754 0.1000
vn -0.8926 0.4357 -0.1156
vn -0.8783 -0.4151 -0.2371
vn -0.9386 -0.2866 -0.1921
vn -0.7875 -0.5803 0.2078
vn -0.6966 -0.4980 0.5165
vn -0.8487 -0.4812 -0.2194
vn -0.4361 -0.4302 0.7904
vn -0.5628 -0.6081 0.5599
vn 0.6907 -0.1934 0.6968
vn 0.4597 -0.1570 0.8741
vn 0.2030 -0.1439 0.9686
vn -0.6076 -0.1226 -0.7847
vn -0.0328 -0.0299 -0.9990
vn -0.0619 0.0024 -0.9981
vn 0.6245 0.1775 -0.7606
vn 0.6048 0.2508 -0.7559
vn 0.3003 0.1891 -0.9349
vn -0.4548 0.0388 -0.8897
vn 0.5387 0.0638 -0.8401
vn -0.8145 -0.0904 -0.5731
vn 0.3070 0.2208 -0.9257
vn -0.3224 -0.9298 -0.1774
vn -0.3574 -0.9321 -0.0584
vn -0.5407 -0.8365 -0.0884
vn -0.5771 -0.7901 0.2066
vn -0.6790 -0.7329 -0.0433
vn -0.5669 -0.7697 -0.2935
vn -0.4283 -0.8525 -0.2997
vn -0.3616 -0.9003 -0.2423
vn -0.4179 -0.8479 -0.3262
vn 0.8611 -0.3744 -0.3441
vn 0.6888 -0.5423 0.4812
vn -0.1990 -0.8894 -0.4115
vn 0.1054 -0.9849 -0.1375
vn 0.7672 -0.4430 0.4639
vn 0.3053 -0.7329 -0.6080
vn 0.6275 -0.7629 -0.1559
vn 0.9003 -0.4335 0.0398
vn 0.4192 -0.8911 -0.1737
vn 0.7832 0.5603 -0.2696
vn 0.0375 0.0479 0.9982
vn 0.0326 -0.0215 0.9992
vn -0.1025 0.0761 0.9918
vn 0.1485 -0.2313 0.9615
vn 0.3992 -0.6753 0.6202
vn 0.3053 -0.4282 0.8506
vn 0.8158 -0.1601 0.5557
vn 0.6965 -0.1305 0.7056
vn 0.7095 0.1981 0.6763
vn 0.6182 -0.6923 0.3721
vn 0.8948 -0.0496 0.4436
vn 0.1750 0.1824 0.9675
vn 0.2939 0.9455 -0.1401
vn 0.5603 0.8223 -0.0993
vn 0.4105 0.7536 -0.5134
vn 0.3162 0.2450 -0.9165
vn 0.1610 0.3999 -0.9023
vn 0.6388 0.4984 -0.5860
vn 0.2429 0.7647 -0.5969
vn -0.7616 -0.2122 0.6124
vn 0.0773 -0.5335 0.8422
vn -0.7365 -0.2226 0.6388
vn -0.1510 -0.3671 0.9179
vn -0.8117 0.0092 0.5840
vn -0.5765 0.8158 0.0458
vn -0.0658 0.8253 -0.5609
vn -0.6213 0.6609 0.4209
vn -0.9153 0.3663 0.1677
vn -0.7958 -0.2483 0.5523
vn -0.9179 -0.0436 0.3943
vn 0.2436 0.6170 0.7483
vn -0.2358 0.8348 0.4975
vn -0.5776 0.4935 0.6503
vn -0.0645 0.5368 0.8413
vn -0.1952 0.5920 0.7819
vn -0.7230 0.5704 0.3898
vn -0.6239 0.5664 0.5385
vn -0.5923 0.5225 0.6134
vn -0.6140 0.5236 0.5907
vn 0.2427 0.1614 -0.9566
vn 0.3053 0.3048 -0.9022
vn 0.2229 0.2935 -0.9296
vn 0.1247 0.4739 -0.8717
vn 0.3511 0.3151 -0.8817
vn 0.1698 -0.0778 -0.9824
vn 0.0475 -0.0002 0.9989
vn 0.6997 0.1683 0.6943
vn 0.6550 -0.0485 0.7541
vn 0.1546 0.0988 0.9830
vn 0.9315 -0.0088 0.3637
vn 0.0638 -0.1043 0.9925
vn -0.8144 0.4313 -0.3882
vn 0.0622 0.9182 0.3913
vn 0.0196 0.8428 0.5379
vn 0.2425 0.2225 0.9443
vn 0.0070 0.9782 0.2073
vn -0.4322 0.5976 -0.6753
vn 0.6013 0.2279 0.7658
vn 0.9637 -0.0361 -0.2644
vn 0.6935 0.3745 -0.6155
vn 0.9685 0.1557 -0.1943
vn -0.1148 -0.1395 0.9835
vn -0.3676 -0.3591 0.8579
vn 0.1076 0.0023 0.9942
vn 0.5985 0.3709 0.7101
vn 0.1936 0.0993 0.9760
vn -0.6294 -0.7763 0.0359
vn -0.1465 -0.9886 -0.0363
vn -0.5876 -0.3807 0.7139
vn -0.2386 -0.6943 0.6790
vn -0.2107 -0.5012 0.8393
vn -0.1304 -0.1999 0.9711
vn -0.4139 -0.2808 0.8659
vn 0.0738 -0.5471 0.8338
vn 0.3007 -0.3007 0.9051
vn -0.7186 0.2720 0.6400
vn 0.7105 -0.5016 0.4936
vn 0.1065 0.6504 0.7521
vn 0.0375 0.7466 0.6642
vn 0.7038 0.5359 0.4664
vn 0.0329 -0.2447 0.9690
vn 0.0487 -0.4966 0.8666
vn 0.6285 -0.2723 0.7286
vn 0.7639 0.5256 0.3744
vn 0.7289 0.3391 0.5947
vn 0.6860 0.4287 0.5879
vn 0.5890 -0.5790 0.5638
vn 0.7899 -0.2309 0.5681
vn 0.7077 0.5651 -0.4241
vn 0.7627 0.6191 -0.1870
vn 0.6296 0.1440 -0.7635
vn -0.2729 0.8105 0.5183
vn -0.0572 0.8921 0.4481
vn -0.0526 0.9892 0.1366
vn -0.1941 0.9393 0.2830
vn 0.1908 0.9371 0.2922
vn 0.0971 0.9947 0.0331
vn 0.0504 0.9421 0.3315
vn 0.1432 0.8944 0.4236
vn -0.7893 -0.4597 0.4070
vn -0.9328 -0.0744 -0.3527
vn 0.5394 0.0111 -0.8420
vn 0.6426 0.7642 0.0548
vn 0.7219 0.6731 0.1607
vn 0.0963 0.7741 -0.6257
vn 0.9662 -0.2094 0.1504
vn 0.6180 0.5308 0.5799
vn 0.9119 0.0819 0.4021
vn -0.9543 -0.2834 0.0951
vn -0.8252 -0.3430 0.4489
vn -0.6228 -0.6905 0.3679
vn -0.6710 0.2228 0.7072
vn -0.4510 -0.3934 0.8011
vn -0.3281 -0.4175 0.8474
vn -0.7153 -0.6988 0.0032
vn -0.6630 0.4666 -0.5854
vn -0.3129 0.1110 -0.9433
vn -0.7206 0.4697 -0.5099
vn -0.7096 0.4226 -0.5638
vn -0.5422 0.3508 -0.7635
vn -0.8645 0.5019 -0.0266
vn -0.7373 -0.6755 -0.0096
vn -0.7579 -0.6363 -0.1441
vn -0.7967 0.4651 -0.3860
vn -0.7355 0.1266 -0.6656
vn -0.5509 -0.4135 -0.7249
vn 0.2957 -0.6448 -0.7048
vn 0.2889 -0.7413 -0.6058
vn 0.0431 -0.7770 -0.6281
vn 0.9092 0.2838 -0.3048
vn 0.8059 0.3053 -0.5072
vn 0.5927 0.7654 0.2508
vn -0.4503 0.8865 -0.1066
vn -0.4327 0.8570 -0.2800
vn -0.5254 0.7564 -0.3896
vn -0.3580 0.0507 -0.9324
vn -0.5024 -0.2303 -0.8334
vn 0.0577 -0.4163 -0.9074
vn 0.2134 -0.7014 -0.6801
vn -0.1846 -0.4718 -0.8622
vn -0.5054 -0.2679 -0.8202
vn -0.4534 -0.1147 -0.8839
vn -0.0724 -0.5220 -0.8499
vn -0.1233 -0.2542 -0.9593
vn 0.8836 0.0259 0.4676
vn 0.8233 -0.1833 0.5372
vn 0.7569 -0.2513 0.6033
vn 0.6164 -0.4291 0.6603
vn 0.6657 -0.1996 0.7191
vn 0.7021 -0.1902 0.6862
vn 0.6591 -0.3936 0.6408
vn 0.6286 0.0126 0.7777
vn 0.7412 0.1177 0.6609
vn 0.0102 -0.9995 0.0297
vn -0.5043 -0.5699 0.6487
vn -0.7499 -0.5880 0.3031
vn -0.8358 -0.5485 0.0257
vn -0.1792 0.9413 0.2861
vn -0.3391 0.7757 0.5323
vn -0.2161 0.9433 0.2518
vn 0.3325 0.8235 0.4596
vn -0.3164 0.8770 0.3615
vn 0.3034 0.8574 0.4157
vn 0.1095 -0.2569 0.9602
vn 0.8710 -0.2749 0.4072
vn 0.1603 0.1129 0.9806
vn 0.8387 0.4526 0.3029
vn -0.5674 0.1258 0.8138
vn 0.9700 -0.2074 0.1272
vn 0.7054 0.5336 0.4666
vn 0.6380 0.2217 0.7374
vn 0.2737 -0.2963 0.9150
vn 0.3932 -0.5778 0.7152
vn 0.3100 -0.5907 0.7450
vn 0.2447 -0.5672 0.7864
vn 0.3619 -0.4402 0.8217
vn 0.3485 -0.2338 0.9077
vn 0.7951 0.4365 -0.4210
vn 0.9498 -0.2227 -0.2199
vn 0.6842 -0.0693 -0.7260
vn 0.4576 -0.8715 -0.1761
vn -0.2274 -0.9693 -0.0935
vn -0.0807 -0.9929 -0.0876
vn -0.2822 -0.9588 0.0331
vn 0.0047 -0.9971 0.0765
vn -0.3884 -0.8448 0.3681
vn -0.2990 -0.9532 0.0454
vn -0.4070 -0.9021 0.1434
vn -0.5004 -0.7911 0.3517
vn 0.0499 -0.9942 -0.0948
vn 0.0483 -0.9987 -0.0188
vn -0.0707 -0.9939 -0.0846
vn -0.5897 -0.7397 0.3243
vn 0.4305 0.9010 0.0540
vn 0.8368 0.5280 0.1449
vn -0.8086 -0.5427 0.2271
vn -0.7895 -0.5230 -0.3211
vn -0.4570 -0.2963 -0.8386
vn -0.6122 -0.4549 -0.6467
vn -0.8068 -0.5533 -0.2070
vn -0.3861 -0.1358 0.9124
vn 0.0770 -0.0075 0.9970
vn 0.0604 -0.0382 0.9974
vn 0.0998 -0.1680 0.9807
vn 0.5994 0.0444 0.7992
vn 0.3446 -0.0081 0.9387
vn -0.7563 0.6526 -0.0453
vn -0.8258 0.4197 -0.3768
vn -0.6502 0.2349 -0.7225
vn -0.6980 -0.0556 -0.7139
vn -0.6334 0.3531 -0.6886
vn -0.5403 0.5168 -0.6640
vn -0.6443 0.7578 -0.1030
vn -0.0946 -0.9950 -0.0323
vn 0.7296 -0.2482 0.6372
vn 0.2944 -0.5752 0.7632
vn 0.2001 0.1581 0.9669
vn -0.6253 -0.5329 0.5700
vn -0.0104 -0.7102 -0.7039
vn -0.4635 -0.7432 -0.4825
vn -0.3570 -0.5928 -0.7219
vn -0.3128 -0.9408 0.1304
vn -0.3022 -0.5836 -0.7537
vn 0.4979 0.8606 -0.1066
vn 0.6356 0.7707 -0.0455
vn 0.8068 0.5262 -0.2688
vn -0.4505 0.8588 0.2440
vn 0.9593 0.0380 -0.2798
vn 0.8974 -0.0275 -0.4404
vn 0.7976 0.5495 -0.2487
vn -0.0567 -0.0834 -0.9949
vn -0.0756 0.0140 -0.9970
vn -0.0457 0.0247 -0.9987
vn 0.0210 -0.0527 -0.9984
vn -0.0310 -0.0633 -0.9975
vn -0.1480 0.3520 -0.9242
vn 0.0965 0.1413 -0.9852
vn 0.8133 -0.1077 -0.5717
vn 0.7663 -0.0080 -0.6424
vn 0.9811 -0.1926 0.0167
vn 0.9998 0.0034 0.0207
vn 0.7812 0.0352 -0.6233
vn 0.1066 0.1718 -0.9793
vn 0.1973 0.6696 0.7161
vn 0.4789 0.3970 -0.7830
vn 0.0317 0.1952 -0.9802
vn -0.5017 -0.4313 -0.7498
vn -0.3510 -0.3407 -0.8722
vn -0.1080 -0.1978 -0.9743
vn 0.0965 -0.2352 -0.9671
vn -0.3028 -0.0666 -0.9507
vn -0.3270 -0.2895 -0.8996
vn 0.2551 0.1132 -0.9603
vn -0.0766 -0.1286 -0.9887
vn 0.2996 0.0841 -0.9504
vn -0.7791 0.3363 -0.5290
vn -0.9423 0.0081 -0.3347
vn -0.9458 0.3113 0.0923
vn -0.7211 0.6922 -0.0279
vn -0.5790 0.7959 -0.1773
vn -0.5789 0.7959 -0.1774
vn -0.4057 0.8571 -0.3174
vn -0.6709 0.0594 -0.7392
vn 0.1464 0.5570 0.8175
vn 0.7010 -0.1079 0.7050
vn 0.6523 -0.0848 0.7532
vn -0.9189 0.3063 0.2487
vn -0.1089 0.4992 0.8597
vn -0.0463 -0.3743 0.9262
vn 0.0972 -0.4815 0.8710
vn 0.7048 -0.4333 0.5617
vn 0.5464 -0.3450 0.7632
vn 0.8989 0.4359 0.0455
vn 0.8747 0.3312 0.3539
vn 0.8978 0.4337 0.0766
vn 0.7310 0.2102 -0.6492
vn 0.7793 0.3238 -0.5365
vn 0.8658 0.3414 -0.3658
vn 0.7896 0.5406 -0.2904
vn 0.6692 0.3940 -0.6300
vn 0.6733 0.3832 -0.6323
vn 0.6786 0.1908 0.7093
vn 0.8841 0.4490 0.1295
vn -0.6637 -0.1993 0.7210
vn -0.5788 -0.4337 0.6905
vn -0.4232 -0.6753 0.6041
vn -0.6537 -0.4695 0.5935
vn -0.3698 -0.3690 0.8527
vn -0.3521 -0.5520 0.7559
vn -0.2529 -0.6065 0.7538
vn -0.5351 -0.5589 0.6335
vn -0.5223 -0.5615 0.6419
vn -0.6443 -0.4988 0.5797
vn -0.5159 -0.4021 0.7564
vn -0.1967 -0.9680 0.1559
vn -0.3054 -0.8512 0.4267
vn -0.9858 -0.0237 -0.1664
vn -0.8066 -0.1842 -0.5616
vn 0.9232 0.3815 0.0459
vn 0.8957 0.4088 -0.1751
vn 0.7819 0.6087 -0.1345
vn 0.7928 0.3737 -0.4815
vn 0.5997 0.5303 -0.5993
vn 0.8097 0.4174 -0.4124
vn 0.7396 0.6531 -0.1628
vn 0.6848 0.6806 -0.2603
vn 0.7343 0.4284 -0.5266
vn -0.8862 -0.3010 0.3521
vn -0.9152 -0.1514 0.3736
vn -0.7089 -0.1384 0.6916
vn -0.6986 -0.1506 0.6995
vn -0.2818 -0.0952 0.9547
vn 0.1225 -0.0289 0.9920
vn -0.1734 0.0103 0.9848
vn 0.2135 0.0119 0.9769
vn 0.1274 0.1965 0.9722
vn -0.1309 0.1326 0.9825
vn -0.5383 -0.2154 0.8147
vn -0.1375 -0.2260 0.9644
vn -0.5418 0.0347 0.8398
vn -0.6190 0.3728 0.6913
vn -0.6999 0.3297 0.6336
vn -0.2111 0.4473 0.8691
vn -0.8341 0.0184 0.5514
vn -0.4443 0.0330 -0.8953
vn -0.6719 0.1360 -0.7281
vn -0.9657 -0.2088 -0.1540
vn -0.3310 -0.2758 -0.9025
vn -0.4870 -0.8665 0.1095
vn -0.5925 -0.8014 -0.0814
vn 0.4394 -0.8723 -0.2146
vn 0.2889 -0.9346 -0.2073
vn -0.4579 -0.8541 -0.2465
vn -0.4083 -0.9110 -0.0586
vn -0.2196 -0.9448 -0.2434
vn 0.9473 0.1911 -0.2572
vn 0.9152 0.0084 0.4029
vn 0.9767 0.0509 -0.2087
vn 0.8856 -0.3236 0.3330
vn 0.8100 -0.4393 -0.3886
vn -0.3140 -0.8945 0.3181
vn -0.6083 -0.7247 0.3238
vn -0.5451 -0.5234 0.6550
vn -0.8668 -0.3112 0.3897
vn -0.7092 -0.2508 0.6589
vn 0.7693 -0.0994 0.6311
vn 0.9654 -0.2337 0.1157
vn 0.8044 -0.5253 0.2774
vn 0.9708 -0.0901 0.2222
vn 0.5357 0.3426 -0.7718
vn 0.0715 0.0885 -0.9935
vn 0.2186 0.1742 -0.9601
vn -0.0878 0.0245 -0.9958
vn 0.4628 0.3777 -0.8020
vn 0.2233 0.1682 -0.9601
vn 0.1268 -0.9770 0.1716
vn 0.4746 0.0816 0.8764
vn 0.3741 0.0966 0.9224
vn 0.2431 -0.6310 0.7367
vn 0.2453 0.0752 0.9665
vn 0.4331 0.1775 0.8837
vn 0.7488 0.2630 0.6084
vn 0.7871 -0.5233 0.3267
vn 0.1599 0.1076 0.9812
vn 0.0659 0.3341 -0.9402
vn 0.1672 -0.0973 -0.9811
vn -0.8166 0.2180 -0.5345
vn -0.1860 0.1781 0.9663
vn -0.0409 -0.0560 0.9976
vn -0.0691 0.0726 0.9950
vn -0.3098 -0.1316 0.9416
vn 0.3719 -0.1275 0.9195
vn 0.1742 -0.4023 0.8988
vn 0.3465 -0.0777 0.9348
vn 0.9788 0.1981 -0.0514
vn 0.3803 0.9039 0.1957
vn -0.1760 0.9237 0.3404
vn 0.8632 0.3152 0.3944
vn -0.3235 0.9265 0.1923
vn -0.8735 0.3468 0.3415
vn -0.9244 0.3563 -0.1360
vn 0.8336 0.5354 -0.1360
vn 0.7025 0.3621 -0.6127
vn 0.7591 0.6460 -0.0808
vn 0.8004 0.5915 -0.0972
vn 0.7079 0.5685 0.4192
vn 0.7599 0.5606 0.3290
vn 0.7913 0.5551 -0.2563
vn 0.8180 0.5728 0.0518
vn 0.5101 0.3829 0.7702
vn 0.6296 0.4962 0.5978
vn 0.1866 0.1646 0.9685
vn 0.2713 0.4070 0.8722
vn 0.4904 0.7356 0.4673
vn 0.9025 0.4289 0.0388
vn 0.0982 0.2150 -0.9717
vn 0.1824 0.3508 -0.9185
vn -0.1665 0.3525 -0.9209
vn 0.0113 -0.0537 -0.9985
vn -0.1760 0.0731 -0.9817
vn -0.4219 0.2727 -0.8646
vn -0.3448 0.5591 -0.7540
vn -0.1801 0.3385 -0.9236
vn -0.9809 0.1876 0.0523
vn 0.8176 -0.4631 0.3422
vn 0.7867 -0.6131 0.0716
vn 0.8896 -0.4508 0.0736
vn 0.9148 -0.3996 -0.0589
vn 0.1771 0.1071 0.9783
vn 0.3153 -0.1060 0.9430
vn 0.1373 0.2783 0.9506
vn 0.3742 0.1530 0.9146
vn 0.3383 0.2763 0.8996
vn 0.2136 0.4492 0.8675
vn 0.1957 0.1778 0.9644
vn 0.1162 0.5734 0.8110
vn 0.0601 0.3607 0.9307
vn -0.8969 0.3902 -0.2083
vn -0.6013 0.6077 -0.5188
vn -0.1748 0.9726 -0.1534
vn -0.4098 0.8151 -0.4094
vn -0.0000 1.0000 -0.0000
vn -0.6752 -0.4630 -0.5742
vn -0.6387 -0.7061 -0.3058
vn -0.6217 0.7325 -0.2772
vn -0.9048 0.2011 -0.3754
vn -0.7255 0.6275 0.2827
vn -0.9547 0.0929 -0.2827
vn -0.9056 -0.2923 -0.3073
vn -0.1970 0.1928 0.9613
vn 0.1987 0.2025 0.9589
vn 0.1463 0.4097 0.9004
vn 0.0307 0.4787 0.8774
vn 0.0054 0.2777 0.9607
vn -0.0584 0.2843 0.9570
vn -0.0215 0.1170 0.9929
vn -0.0087 0.1931 0.9811
vn 0.1851 0.1917 0.9638
vn -0.8859 -0.3701 -0.2795
vn -0.8838 -0.4337 -0.1757
vn -0.0555 0.1003 -0.9934
vn 0.1226 0.1916 -0.9738
vn 0.6422 0.4242 -0.6384
vn 0.6168 0.2994 -0.7280
vn -0.6578 -0.3888 -0.6451
vn 0.0412 -0.9699 0.2399
vn 0.2475 -0.9326 0.2627
vn 0.0246 -0.7728 0.6341
vn 0.2224 -0.6555 0.7217
vn 0.9210 -0.0541 0.3858
vn 0.4739 0.1243 0.8717
vn 0.8699 0.1269 0.4766
vn 0.3561 0.7133 0.6036
vn 0.7467 -0.1821 0.6397
vn 0.8371 -0.0558 0.5442
vn 0.8741 0.0187 0.4855
vn 0.0495 0.7698 0.6363
vn 0.3794 0.0285 0.9248
vn 0.9563 0.2697 0.1128
vn 0.9624 0.2714 0.0129
vn 0.9272 0.1142 0.3567
vn 0.9475 0.2978 0.1162
vn 0.9413 0.0915 0.3249
vn -0.4594 -0.2477 0.8530
vn -0.5366 -0.1414 0.8319
vn 0.0746 -0.0546 0.9957
vn 0.6359 0.0510 0.7701
vn 0.1685 -0.1539 0.9736
vn -0.4790 0.0065 0.8778
vn 0.6451 -0.0034 0.7641
vn 0.1629 0.0231 0.9864
vn -0.1751 -0.9398 -0.2935
vn 0.1974 -0.9801 -0.0191
vn -0.0313 -0.9993 0.0213
vn -0.3357 -0.8962 -0.2902
vn 0.2844 -0.9205 0.2679
vn 0.2288 -0.9025 0.3649
vn -0.0139 -0.9017 0.4322
vn -0.3551 -0.9233 -0.1461
vn -0.0612 -0.3081 0.9494
vn -0.3967 -0.8033 0.4441
vn -0.6044 -0.3223 0.7286
vn -0.5295 0.0957 0.8429
vn 0.4496 0.1106 -0.8864
vn 0.3179 -0.0772 -0.9450
vn 0.1965 -0.2952 -0.9350
vn 0.0755 -0.3002 -0.9509
vn 0.5808 -0.4094 -0.7036
vn 0.3889 -0.5125 -0.7656
vn 0.4525 -0.3036 -0.8385
vn 0.8233 0.5287 0.2065
vn 0.9232 0.3353 0.1880
vn 0.8030 0.5900 -0.0842
vn 0.1995 0.9798 -0.0135
vn 0.3966 0.8161 0.4203
vn 0.1303 0.9865 -0.0995
vn 0.1218 0.9387 0.3225
vn 0.7703 0.5957 -0.2275
vn 0.9085 0.3205 -0.2680
vn 0.5573 0.7484 0.3598
vn 0.5921 0.7553 0.2811
vn 0.5988 0.7396 0.3072
vn 0.8582 0.3307 0.3926
vn 0.0294 0.9178 0.3959
vn 0.8814 0.4192 0.2176
vn 0.2959 0.9306 0.2156
vn 0.7949 0.5232 -0.3071
vn -0.5671 -0.0579 -0.8216
vn -0.9044 0.0835 -0.4185
vn 0.0736 -0.1477 -0.9863
vn -0.4349 -0.0136 -0.9004
vn -0.8141 0.0572 -0.5779
vn 0.6649 -0.7349 -0.1332
vn 0.6711 -0.7313 0.1221
vn 0.5591 -0.8284 -0.0355
vn 0.4200 -0.8978 0.1326
vn 0.4265 -0.8970 -0.1161
vn 0.5251 -0.7341 0.4305
vn 0.5827 -0.7381 0.3401
vn 0.7230 -0.6521 0.2283
vn 0.4828 -0.8416 -0.2419
vn 0.6090 -0.7493 0.2602
vn 0.0459 0.1060 -0.9933
vn 0.1960 -0.0905 -0.9764
vn -0.0720 -0.0860 -0.9937
vn 0.0713 -0.0654 -0.9953
vn -0.7437 0.3425 0.5741
vn -0.7167 0.4017 0.5701
vn -0.7733 0.4135 0.4806
vn -0.6822 0.4452 0.5800
vn -0.2369 -0.2001 0.9507
vn -0.5155 0.1802 0.8377
vn -0.6664 -0.3374 0.6648
vn -0.6990 0.5316 0.4784
vn -0.0181 0.8160 -0.5777
vn -0.0503 0.9868 -0.1542
vn 0.4420 0.6610 -0.6063
vn 0.1670 -0.0613 0.9841
vn 0.4239 0.1751 0.8886
vn 0.6233 0.0454 0.7806
vn 0.0676 -0.0630 0.9957
vn 0.4927 0.3424 0.8000
vn 0.6784 0.6292 0.3793
vn -0.4568 -0.8890 -0.0327
vn -0.6839 -0.6427 -0.3453
vn -0.7424 -0.5483 -0.3850
vn -0.6999 -0.5150 -0.4949
vn -0.6636 -0.5367 -0.5211
vn -0.7030 -0.6386 -0.3129
vn -0.5435 -0.7326 -0.4097
vn -0.6868 -0.6559 -0.3132
vn -0.6777 -0.5495 -0.4887
vn -0.6382 -0.5642 -0.5239
vn -0.6916 0.1892 -0.6971
vn -0.0328 0.0763 -0.9965
vn -0.6575 0.1543 -0.7375
vn 0.7260 -0.4498 0.5202
vn 0.3013 -0.4791 0.8244
vn 0.2563 -0.3212 0.9117
vn 0.3924 0.1299 0.9106
vn -0.2059 -0.4723 0.8570
vn -0.0907 -0.1341 0.9868
vn -0.0981 -0.1633 0.9817
vn 0.4003 0.1596 0.9024
vn 0.5231 0.0317 0.8517
vn 0.5418 0.0965 -0.8350
vn 0.8536 0.1726 -0.4915
vn 0.8553 0.1335 -0.5006
vn 0.9799 0.1941 -0.0470
vn 0.8609 -0.4294 -0.2729
vn 0.9854 0.1701 0.0018
vn 0.1360 -0.9712 -0.1956
vn -0.6428 -0.2179 0.7344
vn -0.4799 -0.6000 0.6400
vn -0.7582 -0.2775 0.5900
vn -0.6538 -0.3079 0.6912
vn -0.6476 -0.2142 0.7313
vn -0.8068 0.2763 -0.5222
vn -0.9625 0.1468 -0.2282
vn -0.9556 0.2946 -0.0068
vn -0.9221 0.0575 0.3828
vn -0.8654 0.1846 0.4658
vn -0.9416 -0.0509 0.3329
vn -0.9540 0.2205 0.2033
vn 0.5678 -0.4490 0.6899
vn 0.4058 -0.7172 0.5665
vn 0.5306 -0.4602 0.7118
vn 0.5667 0.4128 -0.7130
vn -0.0045 0.1272 -0.9919
vn 0.5955 0.5178 -0.6142
vn 0.7157 0.5787 -0.3910
vn 0.3692 0.0944 0.9245
vn 0.1733 0.2120 0.9618
vn 0.6314 0.6825 0.3680
vn 0.3846 0.6092 0.6936
vn 0.5328 0.4607 0.7099
vn 0.2671 0.4775 0.8370
vn -0.1220 -0.4046 0.9063
vn 0.6438 -0.4056 0.6489
vn 0.4342 -0.7656 0.4747
vn -0.0636 -0.5153 0.8546
vn 0.7806 -0.2091 0.5891
vn 0.9817 -0.0675 0.1781
vn 0.9874 -0.1384 0.0764
vn 0.9870 -0.1253 0.1011
vn 0.9626 -0.2041 0.1780
vn 0.9574 -0.2112 0.1971
vn 0.9637 -0.2001 0.1765
vn 0.9154 -0.0990 0.3901
vn 0.9619 -0.2243 0.1566
vn -0.8136 0.5525 0.1813
vn -0.0324 0.9967 0.0741
vn -0.6439 0.7473 0.1642
vn -0.9795 0.1220 0.1605
vn -0.9640 -0.1682 0.2059
vn -0.9778 0.1060 0.1809
vn -0.6594 0.7063 0.2573
vn -0.5171 0.8395 0.1669
vn -0.9376 0.3308 0.1074
vn -0.7100 0.6507 0.2694
vn -0.6505 0.4612 -0.6035
vn -0.8443 0.5325 -0.0608
vn -0.4943 0.8435 0.2103
vn -0.5061 0.8609 -0.0526
vn -0.6995 0.7100 0.0811
vn -0.4437 0.8900 -0.1049
vn -0.9819 -0.1822 -0.0519
vn -0.9650 -0.0020 0.2624
vn -0.8910 0.2366 0.3875
vn 0.8282 0.5523 0.0952
vn 0.8256 0.4708 0.3110
vn 0.8372 0.4432 0.3204
vn 0.5859 0.2273 0.7778
vn 0.5690 0.4237 0.7048
vn -0.2715 -0.2192 0.9371
vn -0.3733 -0.2518 0.8929
vn -0.7088 -0.5851 0.3942
vn -0.4846 -0.8599 -0.1603
vn -0.0475 -0.4573 -0.8880
vn -0.5888 -0.7381 -0.3295
vn -0.2840 -0.3590 0.8891
vn -0.4872 -0.7584 0.4329
vn -0.5383 -0.5510 0.6377
vn -0.7388 -0.6571 -0.1493
vn -0.4011 0.2645 -0.8770
vn 0.1125 0.3272 -0.9382
vn -0.6403 -0.6880 0.3414
vn -0.7363 -0.6765 0.0109
vn -0.1792 -0.9698 0.1653
vn -0.3262 -0.6853 0.6512
vn 0.3152 -0.6858 0.6560
vn 0.1035 -0.6124 0.7838
vn 0.1724 -0.9698 0.1723
vn 0.1772 -0.9430 -0.2816
vn 0.2046 -0.9504 -0.2343
vn 0.2045 -0.9504 -0.2343
vn 0.2313 -0.9549 -0.1862
vn -0.5889 -0.7370 -0.3318
vn -0.4547 -0.8315 -0.3190
vn -0.2135 -0.9526 -0.2166
vn -0.1812 -0.9446 -0.2736
vn 0.5848 -0.7226 0.3686
vn -0.1126 -0.6135 0.7816
vn 0.6617 -0.0050 0.7497
vn 0.7366 0.1578 0.6577
vn 0.5456 0.2297 0.8059
vn 0.4368 0.1888 0.8795
vn 0.3867 0.1637 0.9076
vn 0.4555 0.1535 0.8769
vn 0.4155 -0.2937 0.8609
vn 0.6495 0.1349 -0.7483
vn 0.6860 0.0030 -0.7276
vn 0.6056 0.2739 -0.7472
vn 0.3776 0.2862 -0.8806
vn 0.5004 0.4830 -0.7185
vn 0.3484 0.1100 -0.9309
vn 0.7996 0.5299 -0.2826
vn 0.4605 0.2449 -0.8532
vn -0.4439 -0.6358 0.6315
vn -0.5581 -0.6805 0.4748
vn -0.4837 -0.7321 0.4797
vn -0.4301 -0.6388 0.6379
vn -0.5955 -0.4563 0.6612
vn -0.4546 -0.4429 0.7727
vn -0.5526 -0.4663 0.6908
vn -0.4973 -0.6976 0.5157
vn 0.4983 0.4289 -0.7535
vn 0.4843 -0.1635 -0.8595
vn 0.5125 0.0147 -0.8586
vn 0.0691 0.2083 -0.9756
vn -0.4191 -0.6182 0.6649
vn -0.2389 -0.5951 0.7674
vn -0.4400 -0.4615 0.7703
vn 0.0243 -0.2519 0.9675
vn -0.0651 -0.1647 0.9842
vn -0.1300 -0.0303 0.9911
vn 0.6983 -0.2974 0.6510
vn 0.7888 -0.5747 0.2182
vn 0.9537 -0.1994 0.2250
vn 0.7385 -0.4690 0.4844
vn 0.8186 -0.4616 -0.3418
vn 0.8194 -0.5624 -0.1104
vn 0.8276 -0.5602 0.0350
vn 0.8080 -0.5730 -0.1372
vn 0.9632 -0.0434 -0.2652
vn 0.8285 -0.5588 0.0368
vn -0.2788 -0.5210 0.8067
vn -0.0647 -0.5268 0.8475
vn -0.8752 -0.3352 0.3487
vn -0.9025 0.0026 0.4307
vn -0.9776 0.0417 -0.2064
vn -0.7850 -0.4810 -0.3903
vn -0.9304 0.2298 -0.2855
vn -0.6363 0.0261 -0.7710
vn 0.2671 -0.8084 -0.5245
vn 0.4424 -0.7710 -0.4581
vn 0.3066 -0.9191 -0.2475
vn -0.2979 -0.0543 0.9530
vn -0.8148 0.4248 -0.3946
vn -0.8963 0.3604 -0.2585
vn -0.9804 0.1674 0.1043
vn -0.9778 -0.1488 0.1475
vn -0.8751 0.3693 -0.3129
vn -0.9170 -0.3315 -0.2218
vn 0.3964 -0.8916 0.2191
vn 0.7931 0.5125 -0.3291
vn 0.7012 0.4762 -0.5306
vn 0.8527 0.5223 0.0095
vn -0.4078 0.8505 0.3323
vn -0.5344 0.6204 0.5740
vn -0.3349 0.5252 0.7823
vn -0.0175 -0.0018 0.9998
vn -0.3150 0.0944 0.9444
vn -0.4035 0.1984 0.8932
vn 0.9707 -0.1250 0.2053
vn 0.7980 -0.5842 0.1480
vn 0.9891 -0.0585 -0.1350
vn 0.9216 0.2809 -0.2679
vn 0.9778 0.2089 0.0146
vn 0.8266 -0.5474 -0.1305
vn 0.9492 -0.0879 -0.3022
vn -0.2162 0.2937 0.9311
vn 0.2758 0.3681 0.8879
vn 0.2703 0.3034 0.9137
vn -0.2886 0.5749 0.7656
vn 0.2076 0.6809 0.7024
vn -0.4593 -0.6005 0.6545
vn -0.0442 -0.4229 0.9051
vn -0.5438 0.0266 0.8388
vn -0.5137 -0.8259 -0.2325
vn -0.7462 -0.6654 -0.0206
vn 0.6110 -0.3487 0.7107
vn 0.5869 -0.6365 0.5004
vn 0.8219 -0.3256 0.4674
vn 0.9401 -0.2391 0.2428
vn 0.8339 -0.0000 0.5519
vn 0.6375 -0.0160 0.7703
vn 0.8842 -0.4508 0.1219
vn 0.7696 -0.5209 0.3693
vn 0.9873 0.0899 0.1310
vn 0.7012 0.6879 0.1872
vn 0.7538 0.6538 0.0655
vn 0.9895 -0.0814 0.1198
vn 0.9078 -0.0199 0.4189
vn 0.6774 0.6618 -0.3213
vn 0.6222 0.7292 -0.2849
vn 0.8057 0.5798 -0.1213
vn 0.1791 0.9372 0.2993
vn 0.2275 0.9398 0.2550
vn 0.3483 0.7690 0.5360
vn 0.7134 0.6422 0.2805
vn -0.4226 0.7343 0.5312
vn -0.3336 0.8482 0.4114
vn -0.3053 0.5646 0.7668
vn 0.2400 0.9356 0.2589
vn 0.0787 0.0747 -0.9941
vn 0.1230 -0.7275 0.6750
vn 0.2600 0.0941 -0.9610
vn -0.0687 -0.3274 0.9424
vn -0.9759 -0.2173 0.0207
vn -0.9434 -0.2507 0.2169
vn -0.9786 -0.0537 0.1988
vn -0.9925 -0.0778 0.0947
vn -0.9944 -0.1055 -0.0093
vn -0.9627 -0.0228 0.2696
vn -0.8897 -0.1408 0.4343
vn -0.8612 0.0969 0.4989
vn -0.8629 -0.1095 0.4934
vn -0.9617 -0.1088 0.2515
vn 0.6796 0.0514 0.7317
vn 0.6569 0.2735 0.7026
vn 0.5206 0.2400 0.8194
vn 0.4208 0.4161 0.8061
vn 0.6526 -0.5642 -0.5058
vn 0.3985 -0.7191 -0.5693
vn 0.5828 0.5465 -0.6014
vn -0.0001 0.9478 -0.3188
vn 0.5654 -0.0229 -0.8245
vn 0.8184 -0.1605 0.5518
vn 0.2222 -0.0055 0.9750
vn 0.5000 0.0542 0.8643
vn 0.8599 -0.0537 0.5076
vn 0.4528 -0.1445 0.8798
vn -0.1658 -0.0017 0.9862
vn 0.8582 0.1099 0.5015
vn 0.6496 0.4389 -0.6208
vn 0.6903 0.3830 -0.6139
vn 0.7781 0.6280 0.0116
vn -0.4674 -0.4396 0.7670
vn -0.4572 -0.4492 0.7675
vn -0.7708 -0.6225 0.1355
vn -0.6326 -0.5051 0.5871
vn -0.5321 -0.8467 0.0046
vn -0.3833 -0.8939 0.2324
vn -0.7584 -0.6516 0.0183
vn -0.6998 0.4231 -0.5756
vn -0.6413 0.5038 -0.5787
vn -0.4261 0.1402 -0.8938
vn -0.1011 0.0563 -0.9933
vn -0.3243 -0.1894 -0.9268
vn -0.7991 0.5524 0.2374
vn -0.1650 0.5891 0.7910
vn -0.6976 0.5223 0.4905
vn -0.9394 0.3424 -0.0162
vn -0.5730 0.7966 0.1927
vn -0.0982 0.7791 0.6192
vn 0.0155 0.0294 -0.9994
vn 0.0900 -0.0005 -0.9959
vn 0.1036 -0.1079 -0.9888
vn 0.0597 0.0858 -0.9945
vn 0.1610 0.5114 -0.8441
vn 0.0460 -0.0728 -0.9963
vn 0.7909 0.3211 0.5209
vn 0.9647 0.2177 0.1485
vn 0.3801 -0.7009 -0.6035
vn 0.9985 -0.0008 0.0547
vn 0.1039 -0.7871 -0.6081
vn -0.3778 -0.7758 -0.5054
vn 0.3472 -0.5179 -0.7818
vn 0.5605 -0.4125 -0.7181
vn 0.3218 -0.5603 -0.7632
vn -0.6226 -0.4516 -0.6391
vn 0.6226 -0.6754 -0.3952
vn 0.7643 -0.6448 -0.0035
vn 0.8010 -0.5980 -0.0267
vn -0.6799 -0.4473 0.5811
vn -0.0579 -0.4425 0.8949
vn -0.9480 -0.2305 -0.2193
vn -0.7211 -0.1571 -0.6748
vn -0.5654 0.0994 0.8188
vn -0.6347 -0.1140 0.7643
vn -0.5032 -0.4229 0.7536
vn -0.4795 0.0071 0.8775
vn -0.7623 -0.3967 0.5114
vn -0.6234 0.5564 0.5494
vn -0.8137 0.5565 0.1682
vn -0.8703 0.4244 -0.2500
vn -0.8438 -0.5255 -0.1089
vn -0.2507 -0.4278 0.8684
vn -0.2828 -0.8634 0.4178
vn -0.2327 -0.9197 0.3162
vn -0.3717 -0.9055 0.2046
vn 0.3298 -0.7264 0.6030
vn 0.2573 -0.4261 0.8673
vn -0.7537 -0.6546 -0.0583
vn -0.7594 -0.6332 -0.1493
vn -0.9876 0.0018 -0.1572
vn -0.8959 -0.4102 -0.1704
vn -0.3894 0.0953 0.9161
vn -0.0094 0.0072 0.9999
vn -0.1564 0.1261 0.9796
vn -0.0616 0.1559 0.9858
vn 0.0178 0.5356 0.8443
vn 0.1128 0.0117 0.9936
vn -0.0155 0.1152 0.9932
vn -0.4295 -0.1825 0.8844
vn -0.9732 -0.1495 -0.1748
vn -0.9703 -0.1843 0.1566
vn -0.9735 -0.1687 -0.1544
vn -0.4118 -0.1469 0.8994
vn -0.6911 -0.1854 0.6986
vn -0.6890 -0.1815 0.7016
vn -0.6469 -0.6902 -0.3243
vn -0.2114 -0.7481 0.6290
vn -0.3385 -0.8133 -0.4732
vn -0.4937 -0.6059 -0.6238
vn -0.6398 -0.7304 -0.2394
vn -0.6355 -0.7347 -0.2373
vn 0.9364 -0.1701 0.3070
vn 0.9453 -0.1582 0.2852
vn 0.7725 -0.5446 -0.3265
vn 0.9600 -0.2761 0.0467
vn 0.7303 -0.5803 -0.3604
vn 0.3639 -0.6033 -0.7096
vn 0.3374 -0.7425 -0.5786
vn 0.7043 -0.6193 -0.3470
vn 0.2578 -0.6612 -0.7045
vn 0.2941 -0.6527 -0.6982
vn 0.0909 -0.6005 -0.7944
vn 0.3244 0.8730 0.3643
vn 0.7058 0.5771 0.4108
vn 0.7023 0.6823 0.2030
vn 0.5186 -0.8314 0.1996
vn 0.9959 -0.0032 0.0905
vn 0.9852 -0.1674 -0.0354
vn 0.9509 0.2764 0.1390
vn 0.7412 0.6705 -0.0327
vn 0.8961 0.4246 0.1295
vn 0.8844 0.2345 0.4035
vn -0.7955 0.6053 -0.0259
vn -0.9074 0.4062 -0.1078
vn -0.7843 0.5223 -0.3347
vn 0.0023 0.3675 -0.9300
vn 0.0018 0.4779 -0.8784
vn -0.2541 0.4820 -0.8385
vn -0.8933 0.2687 -0.3603
vn -0.2824 0.3784 -0.8815
vn -0.3195 0.2195 -0.9218
vn 0.1070 0.1761 -0.9785
vn -0.6174 0.2820 -0.7344
vn 0.0529 0.1173 -0.9917
vn 0.5151 0.0630 -0.8548
vn -0.7042 0.0352 -0.7091
vn 0.5458 -0.7654 0.3409
vn 0.3949 -0.9009 0.1799
vn 0.5222 -0.7021 0.4841
vn 0.4640 -0.5715 0.6768
vn 0.5789 -0.6180 0.5319
vn 0.4086 -0.7514 0.5181
vn 0.3943 -0.7018 0.5933
vn 0.4140 -0.8002 0.4339
vn 0.4092 -0.5911 0.6951
vn 0.8251 0.2973 -0.4805
vn 0.8577 0.2780 -0.4324
vn 0.9367 0.3301 -0.1167
vn 0.9527 0.2227 0.2067
vn 0.9301 0.2617 0.2577
vn 0.9496 0.2581 0.1781
vn 0.7847 0.2122 -0.5824
vn 0.9793 0.1783 -0.0957
vn 0.9337 0.3396 -0.1138
vn 0.9709 0.1264 0.2032
vn 0.9417 0.3295 0.0680
vn -0.5122 0.2613 0.8181
vn -0.5571 0.2733 0.7842
vn -0.6025 0.6048 0.5208
vn -0.3455 0.8827 0.3184
vn -0.2473 0.9681 0.0402
vn -0.2744 0.9133 -0.3010
vn -0.0126 0.7736 0.6336
vn -0.8030 0.5475 -0.2353
vn -0.9036 0.4110 0.1207
vn -0.7035 0.7069 0.0731
vn 0.6678 0.0251 -0.7439
vn 0.9738 0.0357 -0.2247
vn 0.9536 0.1462 -0.2630
vn 0.9436 0.2304 0.2379
vn 0.6149 0.2082 -0.7607
vn 0.8647 0.4249 -0.2678
vn -0.3432 -0.3893 0.8548
vn -0.9823 -0.1871 -0.0063
vn -0.7988 -0.2962 0.5236
vn 0.5747 -0.1437 0.8057
vn 0.4601 0.8455 0.2711
vn 0.8629 -0.4969 0.0924
vn 0.2254 0.0941 -0.9697
vn 0.1279 0.0889 -0.9878
vn 0.6764 0.4210 -0.6044
vn 0.1306 -0.9762 0.1729
vn -0.4324 -0.3532 -0.8296
vn -0.9707 -0.2232 0.0891
vn -0.8867 -0.1075 0.4496
vn -0.9651 -0.2611 0.0198
vn -0.4433 -0.8857 0.1378
vn -0.8220 -0.2041 0.5317
vn -0.5144 -0.7127 -0.4769
vn -0.4175 0.1814 0.8904
vn -0.5012 -0.0308 0.8648
vn -0.5763 -0.3356 0.7452
vn -0.5056 0.3276 0.7981
vn 0.7525 -0.6583 -0.0188
vn 0.4064 -0.8342 -0.3728
vn 0.2873 -0.9361 -0.2031
vn 0.5928 -0.7081 0.3835
vn 0.1942 -0.9752 -0.1065
vn 0.2552 -0.9669 0.0015
vn 0.4885 -0.8549 -0.1747
vn 0.3120 -0.0577 0.9483
vn 0.6784 0.1407 0.7211
vn 0.5121 -0.8278 -0.2292
vn 0.4081 -0.9074 -0.1002
vn -0.1225 0.7251 -0.6777
vn 0.0094 0.8166 -0.5772
vn 0.0529 0.6918 -0.7202
vn 0.6573 -0.7092 0.2549
vn 0.2124 -0.8063 0.5520
vn 0.4129 -0.9058 0.0954
vn 0.7222 -0.6816 -0.1177
vn 0.1391 -0.9624 -0.2333
vn 0.5319 -0.4724 0.7028
vn 0.6575 -0.2607 0.7069
vn 0.4719 0.0096 0.8816
vn 0.2157 -0.1582 0.9636
vn 0.1170 -0.2328 0.9655
vn -0.3458 -0.0188 -0.9381
vn -0.7978 0.0529 -0.6007
vn -0.9912 -0.0284 -0.1294
vn -0.9649 0.1669 -0.2025
vn 0.1513 -0.4740 0.8674
vn -0.3980 -0.5299 0.7488
vn -0.0826 -0.3214 0.9433
vn -0.4181 0.1502 0.8959
vn 0.1022 -0.1306 0.9861
vn -0.6657 -0.4189 0.6176
vn -0.6516 -0.4968 -0.5733
vn -0.9459 -0.1457 -0.2899
vn -0.2346 0.4361 -0.8688
vn -0.2624 -0.0562 -0.9633
vn -0.2180 0.7338 -0.6434
vn -0.9269 0.0404 -0.3732
vn -0.7060 0.2623 -0.6578
vn -0.2931 0.8847 -0.3624
vn -0.2957 0.7572 -0.5824
vn -0.7328 -0.0769 -0.6761
vn -0.0519 -0.5664 0.8225
vn 0.5274 -0.5804 0.6205
vn 0.1676 -0.2236 0.9602
vn 0.6468 -0.6544 -0.3917
vn 0.0092 -0.8900 -0.4559
vn 0.3372 -0.9398 0.0548
vn 0.4165 -0.8850 -0.2082
vn 0.4403 -0.8807 -0.1746
vn 0.3891 -0.8966 -0.2115
vn 0.2805 -0.9461 0.1620
vn -0.1907 -0.9680 0.1633
vn -0.5290 -0.7637 -0.3701
vn -0.8911 -0.4127 -0.1889
vn -0.7964 -0.6036 -0.0378
vn 0.6656 -0.7423 -0.0780
vn 0.4513 -0.8082 -0.3782
vn 0.6701 -0.0656 0.7393
vn 0.3160 -0.0277 0.9483
vn 0.2614 -0.0510 0.9639
vn 0.7792 0.0991 0.6189
vn 0.2420 -0.0782 0.9671
vn 0.3062 -0.2185 0.9266
vn 0.4195 0.3214 0.8490
vn -0.2970 -0.2375 -0.9249
vn -0.3936 -0.3107 -0.8652
vn -0.6944 -0.5330 -0.4835
vn -0.7283 -0.5898 -0.3490
vn -0.3740 -0.2862 -0.8822
vn -0.8826 0.1218 0.4540
vn -0.7444 0.1460 0.6516
vn -0.6807 0.2533 0.6874
vn -0.6088 0.3325 0.7203
vn -0.6172 0.3395 0.7098
vn -0.3889 0.2037 0.8985
vn -0.4623 0.2014 0.8635
vn -0.5894 0.1728 0.7892
vn -0.8303 0.2573 0.4943
vn -0.5380 0.2513 0.8046
vn 0.2057 0.7042 -0.6796
vn -0.3424 0.5241 -0.7798
vn -0.5772 0.5490 -0.6045
vn -0.2793 0.9469 -0.1591
vn -0.5709 -0.0541 -0.8192
vn -0.0000 0.9470 -0.3212
vn -0.5545 0.1639 0.8159
vn -0.8579 0.1686 0.4854
vn -0.8895 0.3118 0.3339
vn -0.5645 0.4805 0.6712
vn -0.7824 0.4564 0.4238
vn -0.5733 0.5582 0.5998
vn -0.6687 0.4768 0.5706
vn -0.9100 0.3667 0.1937
vn -0.7745 0.5499 0.3126
vn -0.8927 0.1505 0.4247
vn -0.9114 0.2870 -0.2949
vn -0.6660 0.7362 -0.1201
vn -0.8546 0.1393 0.5003
vn -0.9754 -0.2173 0.0379
vn -0.9913 0.1071 -0.0766
vn -0.8971 0.1199 0.4253
vn -0.8044 0.3206 -0.5002
vn -0.7933 -0.2930 0.5337
vn -0.7952 -0.2703 0.5428
vn -0.8618 -0.3028 0.4069
vn -0.3238 -0.2684 0.9072
vn 0.4852 -0.3162 0.8152
vn 0.4623 0.0686 0.8841
vn 0.4190 -0.0557 0.9063
vn -0.4963 -0.3137 0.8095
vn -0.1241 -0.2358 0.9638
vn 0.4991 0.1399 0.8552
vn 0.4498 -0.3731 0.8115
vn -0.2380 -0.0465 0.9702
vn 0.3450 -0.1081 -0.9324
vn 0.3382 0.0990 -0.9359
vn 0.1796 0.0358 -0.9831
vn -0.3282 0.2120 -0.9205
vn 0.3399 -0.0991 -0.9352
vn 0.4788 -0.4960 0.7244
vn 0.7789 -0.5191 0.3519
vn 0.8931 -0.3433 0.2908
vn 0.8036 -0.5342 0.2625
vn 0.9280 -0.0603 -0.3678
vn 0.9165 -0.2387 -0.3210
vn 0.0070 0.8988 -0.4383
vn 0.2524 0.7263 -0.6394
vn -0.1230 0.8353 -0.5359
vn -0.0666 0.0862 -0.9940
vn -0.2558 0.1007 -0.9615
vn -0.0802 0.0941 -0.9923
vn -0.0827 0.0703 -0.9941
vn 0.2003 -0.3584 0.9118
vn 0.0575 -0.3269 0.9433
vn 0.0759 0.0903 -0.9930
vn 0.0817 0.0717 -0.9941
vn 0.9779 -0.0916 0.1881
vn 0.9923 -0.0909 0.0839
vn 0.9578 -0.0123 0.2870
vn -0.9902 -0.0465 0.1314
vn -0.4869 0.5213 0.7009
vn -0.5406 0.5111 0.6682
vn -0.7851 0.6111 -0.1009
vn -0.2019 0.9745 0.0976
vn 0.2527 0.2116 0.9441
vn 0.4665 0.2637 0.8443
vn 0.5267 0.4445 0.7245
vn 0.2777 0.4650 0.8406
vn 0.6056 0.2549 0.7538
vn 0.6536 -0.2852 -0.7011
vn 0.1511 -0.9099 -0.3864
vn -0.1257 -0.6166 -0.7772
vn -0.3604 -0.8988 -0.2496
vn -0.2913 -0.9391 -0.1824
vn -0.3032 -0.9425 -0.1407
vn 0.3607 0.7491 0.5557
vn -0.1574 0.7422 0.6515
vn 0.2552 0.3014 0.9187
vn -0.2507 0.3081 0.9177
vn -0.2055 0.5127 0.8336
vn 0.6765 0.3142 0.6661
vn 0.2640 0.8067 0.5287
vn 0.3623 0.6269 0.6897
vn 0.1724 0.8127 0.5566
vn 0.1951 0.8852 0.4224
vn 0.6126 0.7754 0.1530
vn 0.8933 0.0830 0.4417
vn 0.2052 -0.1788 0.9623
vn 0.1715 -0.3801 0.9089
vn 0.1669 -0.0724 0.9833
vn 0.1894 0.0026 0.9819
vn 0.1563 -0.0143 0.9876
vn -0.8678 0.4029 0.2910
vn -0.6085 0.6692 0.4265
vn -0.6156 0.5807 0.5328
vn -0.6924 0.3217 0.6458
vn -0.8933 0.3211 0.3145
vn -0.4828 0.8187 0.3108
vn 0.4021 -0.0597 0.9136
vn 0.3113 -0.7261 0.6131
vn 0.0118 -0.7675 0.6409
vn -0.1473 -0.9882 0.0427
vn -0.5556 -0.4786 0.6799
vn -0.4814 -0.0585 0.8746
vn 0.1827 -0.9671 0.1772
vn 0.0393 -0.9722 0.2307
vn -0.3756 -0.2512 0.8921
vn -0.2385 -0.4974 0.8341
vn 0.3190 -0.2577 0.9121
vn 0.0180 0.0650 0.9977
vn -0.7734 -0.2709 -0.5731
vn -0.8586 -0.2727 -0.4341
vn -0.8031 -0.1585 -0.5744
vn -0.4735 0.0851 -0.8767
vn -0.4010 -0.2039 -0.8931
vn -0.4722 -0.1128 -0.8742
vn -0.4599 -0.4059 -0.7898
vn -0.8363 0.0207 -0.5478
vn 0.7735 -0.2625 0.5768
vn -0.0736 0.8314 -0.5508
vn 0.4725 -0.3590 0.8049
vn 0.5286 -0.7144 0.4585
vn -0.5422 -0.6818 0.4912
vn -0.7115 0.4823 -0.5110
vn -0.2265 0.0870 -0.9701
vn -0.2420 0.0971 -0.9654
vn 0.1341 -0.2206 -0.9661
vn -0.0795 -0.0637 -0.9948
vn -0.5597 0.3454 -0.7532
vn 0.8135 0.3148 0.4891
vn 0.3271 0.7083 0.6256
vn 0.4415 0.8299 0.3410
vn -0.0309 0.9879 0.1520
vn 0.4309 0.8966 0.1023
vn 0.6945 0.7008 0.1628
vn 0.7686 0.6329 0.0931
vn 0.9112 0.3669 0.1872
vn 0.0038 0.8800 0.4749
vn 0.8584 -0.2013 0.4718
vn 0.7148 0.3666 -0.5955
vn 0.8736 0.4814 0.0714
vn 0.6955 0.2429 0.6763
vn 0.8953 0.4448 0.0261
vn 0.7125 0.2099 0.6695
vn 0.2805 0.9021 0.3279
vn 0.2589 0.9502 0.1735
vn 0.3325 0.9427 -0.0275
vn -0.6382 -0.3932 0.6619
vn -0.3650 -0.7587 0.5396
vn -0.0013 -0.9867 0.1623
vn -0.0018 -0.9725 0.2330
vn 0.9774 -0.1926 0.0867
vn 0.9750 -0.2168 -0.0493
vn 0.9807 -0.1952 0.0106
vn 0.9717 -0.1790 0.1544
vn -0.1922 0.1518 0.9696
vn 0.5568 -0.5862 0.5885
vn 0.5568 -0.5863 0.5885
vn 0.5550 -0.5950 0.5814
vn 0.2066 -0.8400 0.5017
vn 0.5946 -0.5604 -0.5765
vn 0.3182 -0.5851 -0.7459
vn 0.1833 -0.5993 -0.7793
vn 0.5559 0.2773 0.7836
vn 0.8888 0.2762 0.3657
vn -0.8093 0.5069 0.2968
vn -0.7956 0.6053 -0.0258
vn -0.8525 0.4040 0.3317
vn 0.7739 -0.1374 -0.6182
vn 0.7079 -0.1492 -0.6904
vn 0.9732 -0.1867 -0.1340
vn 0.9546 -0.2062 -0.2151
vn 0.6270 -0.1194 -0.7698
vn 0.8981 -0.2970 0.3245
vn 0.8221 -0.0753 0.5643
vn 0.8718 -0.2664 0.4111
vn 0.4868 -0.3792 0.7869
vn 0.6035 -0.5274 0.5981
vn 0.6416 -0.4622 0.6122
vn 0.7016 -0.5549 0.4470
vn 0.6379 0.0101 0.7701
vn 0.5443 -0.2829 0.7898
vn 0.8972 -0.3222 0.3021
vn -0.4583 -0.4120 0.7875
vn -0.6414 -0.5366 0.5483
vn -0.6401 -0.5241 0.5618
vn -0.6438 -0.4981 0.5810
vn -0.3043 -0.2745 0.9122
vn -0.2670 0.2555 0.9292
vn -0.3962 0.2499 0.8835
vn -0.8106 0.4906 -0.3197
vn -0.8777 0.4460 -0.1752
vn -0.7621 0.6168 -0.1966
vn -0.3434 -0.7961 -0.4983
vn -0.0036 0.9965 0.0834
vn -0.0325 0.6721 0.7397
vn -0.0294 0.4171 0.9084
vn 0.6861 0.3844 -0.6176
vn -0.0289 0.7261 -0.6870
vn 0.6952 0.7134 0.0881
vn -0.0238 -0.4259 0.9045
vn -0.0089 -0.6517 0.7584
vn 0.8900 -0.4038 0.2117
vn 0.7930 0.3181 -0.5196
vn 0.9133 0.0489 -0.4044
vn -0.5116 0.0298 0.8587
vn -0.2046 -0.1396 0.9688
vn 0.2023 -0.3805 0.9024
vn 0.0541 -0.2999 0.9524
vn -0.1129 0.0830 0.9901
vn -0.1732 0.6279 0.7588
vn -0.1261 -0.0839 0.9885
vn -0.6053 0.2897 0.7414
vn -0.8824 -0.2911 0.3697
vn 0.9690 0.2012 0.1435
vn 0.9493 0.1575 0.2722
vn 0.9739 -0.0556 0.2202
vn 0.9590 -0.0660 0.2755
vn 0.9678 -0.1196 0.2216
vn 0.9822 -0.1235 0.1415
vn 0.9880 0.0217 0.1528
vn -0.9382 0.1008 0.3310
vn -0.8606 0.0969 0.5000
vn -0.3329 -0.0570 0.9412
vn -0.8608 -0.0539 0.5061
vn -0.7688 -0.4081 0.4923
vn -0.6426 -0.4553 0.6163
vn -0.5929 -0.7136 -0.3733
vn -0.6071 -0.7183 -0.3398
vn -0.6243 -0.5664 -0.5380
vn -0.5730 -0.4018 -0.7143
vn -0.4616 -0.6702 -0.5811
vn -0.8074 0.5270 0.2653
vn -0.8587 0.4697 -0.2050
vn -0.8635 0.5034 0.0307
vn -0.8440 0.5173 -0.1415
vn 0.1226 0.1675 0.9782
vn 0.2556 0.1665 0.9523
vn 0.1137 0.4918 0.8632
vn -0.0842 0.3944 0.9151
vn -0.0227 0.2587 0.9657
vn 0.1202 0.2566 0.9590
vn 0.5410 -0.6806 0.4942
vn 0.7375 0.5102 0.4425
vn 0.4533 0.7320 0.5086
vn 0.6341 0.5742 0.5179
vn -0.6936 -0.5194 0.4991
vn -0.7132 -0.4970 0.4942
vn -0.4611 -0.3501 0.8154
vn -0.4691 -0.7401 0.4818
vn 0.8811 0.1167 0.4584
vn 0.8597 0.1441 0.4900
vn 0.7668 0.1152 0.6315
vn 0.8492 0.1092 0.5166
vn 0.7662 0.0811 0.6375
vn 0.6220 0.0971 0.7770
vn 0.4876 0.0557 0.8713
vn 0.8776 0.1378 0.4591
vn -0.5639 -0.1919 0.8032
vn -0.6741 0.6390 0.3704
vn -0.8303 0.5063 -0.2330
vn -0.7494 0.5625 0.3493
vn 0.1676 -0.8461 -0.5060
vn 0.6887 -0.5870 -0.4256
vn 0.6477 -0.6884 -0.3266
vn 0.4739 -0.7497 -0.4619
vn 0.6413 -0.6586 -0.3937
vn 0.7864 -0.5865 -0.1937
vn 0.5912 -0.7138 -0.3755
vn 0.2735 -0.7660 -0.5817
vn 0.5152 -0.7788 -0.3578
vn 0.6709 -0.7049 -0.2304
vn 0.5285 0.3557 0.7708
vn 0.5168 0.8555 -0.0326
vn -0.1093 0.9934 0.0340
vn -0.2389 0.9633 0.1222
vn 0.2174 0.9754 0.0368
vn -0.8529 0.1726 -0.4928
vn -0.5647 0.1116 -0.8177
vn -0.3956 0.0688 -0.9158
vn -0.6861 0.0855 -0.7224
vn -0.3730 0.0914 -0.9233
vn -0.4901 0.1768 -0.8535
vn 0.9392 -0.0982 0.3290
vn 0.9608 -0.1169 0.2515
vn 0.9457 -0.1414 0.2926
vn -0.7255 -0.6861 -0.0544
vn -0.9786 -0.1891 -0.0809
vn -0.8449 -0.5299 -0.0733
vn -0.6416 -0.3694 -0.6722
vn -0.4384 -0.6924 -0.5730
vn -0.2736 0.4742 0.8368
vn -0.9792 0.2028 -0.0022
vn -0.1687 0.7564 0.6319
vn -0.4985 -0.0508 -0.8654
vn 0.0998 -0.3474 -0.9324
vn -0.3672 -0.4939 -0.7882
vn -0.7553 -0.5088 -0.4131
vn -0.7252 -0.2430 -0.6442
vn 0.0532 -0.5065 -0.8606
vn -0.4423 -0.0975 -0.8915
vn 0.0346 -0.8536 0.5198
vn 0.3668 -0.8201 0.4391
vn 0.4364 -0.8593 0.2668
vn 0.2713 -0.9616 0.0410
vn 0.3868 -0.4887 0.7821
vn 0.5847 -0.4838 0.6512
vn -0.6782 -0.7342 -0.0319
vn -0.6451 -0.7424 0.1806
vn -0.6560 -0.7492 -0.0920
vn -0.7304 -0.5243 0.4378
vn -0.6776 -0.6449 0.3535
vn -0.4896 -0.8463 0.2101
vn -0.0129 -0.9690 0.2467
vn -0.5505 -0.8239 -0.1347
vn -0.4499 -0.8654 -0.2208
vn -0.5998 -0.7937 -0.1014
vn -0.5608 -0.8160 -0.1402
vn -0.2714 -0.3317 0.9035
vn -0.3763 -0.4317 0.8198
vn -0.3270 -0.6428 0.6927
vn -0.9167 0.2566 0.3062
vn 0.8948 0.0728 -0.4405
vn 0.8842 0.2184 -0.4129
vn 0.8178 0.2348 -0.5255
vn 0.8615 0.1129 -0.4951
vn 0.4332 0.5143 -0.7401
vn 0.2799 -0.0848 0.9563
vn 0.2058 -0.4653 0.8609
vn 0.8194 -0.1196 0.5606
vn 0.8844 -0.1179 0.4516
vn 0.8053 -0.0925 0.5856
vn 0.1768 -0.1436 0.9737
vn 0.4971 -0.1353 0.8571
vn 0.4787 -0.1021 0.8720
vn 0.4886 -0.8597 0.1491
vn 0.5057 -0.4151 0.7563
vn 0.0698 -0.1294 0.9891
vn 0.5548 0.0003 0.8320
vn 0.5417 -0.2968 0.7864
vn 0.5121 -0.5492 0.6604
vn 0.5176 -0.5517 0.6539
vn 0.4765 -0.6509 0.5909
vn -0.7936 -0.5913 -0.1437
vn 0.8756 -0.4646 0.1322
vn 0.6069 -0.7514 -0.2589
vn -0.6278 -0.5890 -0.5088
vn 0.3274 -0.6529 -0.6831
vn 0.8622 0.1965 -0.4670
vn 0.8852 0.1494 -0.4405
vn -0.0384 -0.9823 -0.1834
vn 0.6552 -0.4607 -0.5988
vn 0.4269 -0.8158 -0.3902
vn 0.8856 -0.3843 -0.2607
vn 0.9392 0.2581 -0.2263
vn -0.0307 -0.0760 -0.9966
vn -0.0919 -0.1524 -0.9840
vn -0.4338 -0.3151 -0.8441
vn -0.1120 -0.1060 -0.9880
vn -0.6947 0.0598 0.7168
vn 0.6044 0.0444 0.7955
vn 0.5328 -0.1836 0.8261
vn 0.1502 0.0678 -0.9863
vn -0.0008 0.0981 -0.9952
vn 0.2674 0.0590 -0.9618
vn 0.3095 0.0342 -0.9503
vn 0.1503 0.0678 -0.9863
vn -0.3091 -0.2350 -0.9215
vn -0.9458 -0.0990 0.3093
vn -0.8536 -0.0616 0.5172
vn -0.8931 0.0266 0.4491
vn -0.9592 -0.0658 0.2748
vn -0.5000 0.1398 -0.8547
vn 0.4549 -0.5478 -0.7022
vn -0.4915 0.1211 -0.8624
vn 0.7120 -0.2927 0.6383
vn 0.7772 -0.2650 0.5708
vn 0.7017 0.5123 0.4951
vn -0.4182 -0.5790 0.6999
vn 0.7908 -0.2775 0.5455
vn 0.8566 -0.2964 0.4223
vn 0.4584 -0.2367 0.8567
vn 0.4110 0.1718 -0.8953
vn 0.1782 -0.0853 -0.9803
vn -0.0555 0.7722 0.6329
vn -0.8834 0.1599 0.4405
vn -0.9732 -0.2274 0.0327
vn -0.9806 -0.0742 0.1816
vn -0.9623 -0.1993 0.1851
vn -0.9698 -0.0678 0.2341
vn -0.9702 0.0853 0.2269
vn -0.9769 0.1461 0.1557
vn 0.3684 -0.0216 0.9294
vn 0.8024 0.5962 -0.0268
vn 0.6974 0.6244 -0.3518
vn 0.5845 0.3961 0.7081
vn -0.2579 0.0730 -0.9634
vn 0.1199 -0.2393 -0.9635
vn -0.3379 -0.2003 -0.9196
vn -0.4335 -0.3647 -0.8241
vn 0.0540 -0.4452 -0.8938
vn -0.4807 0.0619 -0.8747
vn 0.4968 -0.4594 0.7363
vn 0.7482 -0.6325 0.2002
vn 0.6835 -0.5895 0.4304
vn 0.3587 -0.3494 0.8656
vn 0.7306 -0.5926 -0.3391
vn 0.6929 -0.4615 0.5540
vn 0.8165 -0.5377 -0.2102
vn 0.8129 -0.5387 0.2213
vn 0.8441 -0.5352 0.0335
vn 0.0475 0.1322 0.9901
vn -0.7534 -0.1147 -0.6474
vn -0.6778 -0.1612 -0.7173
vn -0.4714 -0.6366 -0.6103
vn -0.8812 -0.4475 -0.1520
vn -0.8525 -0.4162 -0.3163
vn -0.8417 -0.4965 0.2121
vn 0.0189 -0.7783 -0.6277
vn -0.6717 -0.1336 -0.7287
vn -0.8005 0.4413 -0.4055
vn 0.5616 0.2409 0.7916
vn 0.6006 0.2507 0.7592
vn 0.0253 0.2986 0.9540
vn 0.3506 -0.7820 0.5154
vn 0.4385 -0.7704 0.4628
vn 0.2147 -0.9347 0.2835
vn 0.1547 -0.8793 0.4504
vn 0.6141 0.4645 -0.6380
vn -0.7650 0.5506 0.3340
vn -0.6490 0.5277 0.5480
vn -0.5255 0.6948 0.4910
vn -0.5475 0.7886 0.2800
vn -0.2235 0.7401 0.6343
vn -0.4560 0.5313 0.7140
vn -0.0850 0.1084 0.9905
vn -0.1740 0.0917 0.9805
vn -0.1297 0.0748 0.9887
vn -0.0896 0.1149 0.9893
vn 0.1178 0.0737 0.9903
vn 0.1309 0.0673 0.9891
vn 0.0763 0.1116 0.9908
vn 0.0844 0.1128 0.9900
vn 0.6106 -0.6891 0.3903
vn 0.5316 -0.8291 0.1735
vn -0.2911 -0.9282 0.2319
vn -0.1821 -0.8914 0.4151
vn -0.1105 -0.0359 -0.9932
vn 0.1239 -0.2740 -0.9537
vn -0.1197 -0.0139 -0.9927
vn -0.2577 -0.5721 -0.7787
vn -0.3358 -0.3118 -0.8889
vn 0.7848 0.1965 0.5878
vn 0.9362 -0.0335 0.3500
vn 0.7870 0.2776 0.5510
vn 0.4483 0.4775 0.7557
vn -0.2560 0.6572 0.7090
vn -0.1166 0.6225 0.7739
vn 0.1873 0.6918 0.6973
vn 0.9531 0.0337 0.3006
vn 0.5616 0.8085 -0.1760
vn 0.7395 0.6670 -0.0907
vn 0.6724 0.7001 -0.2406
vn 0.2702 0.7972 -0.5398
vn 0.4071 0.7623 -0.5032
vn 0.2806 0.7179 -0.6371
vn 0.9153 0.4016 -0.0305
vn -0.9634 0.0759 -0.2572
vn -0.9603 0.1207 0.2515
vn -0.8711 -0.1757 0.4585
vn -0.9807 -0.1516 0.1232
vn -0.8274 -0.0278 0.5609
vn -0.7092 0.2010 0.6757
vn -0.9445 0.2609 0.1997
vn 0.0124 -0.0699 -0.9975
vn 0.2137 0.5250 -0.8239
vn 0.4057 -0.0638 -0.9118
vn 0.6194 0.5140 -0.5935
vn 0.7561 -0.0000 -0.6545
vn 0.4062 -0.8944 -0.1870
vn -0.3063 -0.8395 -0.4487
vn 0.8001 0.0979 -0.5918
vn 0.9006 0.1835 -0.3940
vn 0.9528 0.1043 -0.2852
vn 0.9748 0.1745 -0.1386
vn 0.9934 0.0227 -0.1127
vn -0.2140 -0.7364 -0.6418
vn -0.4350 0.2987 0.8495
vn -0.4745 0.1122 0.8731
vn -0.8738 0.3548 -0.3326
vn -0.6636 -0.5414 -0.5161
vn -0.7914 -0.4146 -0.4491
vn -0.8084 0.4571 -0.3709
vn -0.7934 0.5427 -0.2756
vn -0.7796 0.5360 -0.3239
vn -0.7051 -0.6654 -0.2450
vn 0.0349 0.4720 0.8809
vn 0.0350 0.4720 0.8809
vn -0.5330 0.8150 0.2274
vn -0.2127 0.7755 0.5945
vn -0.2866 0.6651 0.6896
vn -0.3291 0.1282 -0.9356
vn 0.7001 -0.2683 0.6618
vn -0.9618 -0.2380 -0.1350
vn -0.0124 -0.7310 0.6823
vn -0.9817 -0.1902 0.0082
vn -0.7537 0.0697 -0.6535
vn -0.9256 0.1947 -0.3245
vn -0.5993 -0.5741 0.5580
vn -0.4049 -0.5161 0.7548
vn -0.3168 -0.4476 0.8363
vn -0.3184 -0.4368 0.8413
vn -0.3215 -0.4350 0.8411
vn 0.9000 -0.4008 -0.1711
vn 0.2078 -0.6460 0.7345
vn 0.2312 -0.8568 0.4609
vn 0.4370 0.2416 0.8664
vn 0.9797 0.0330 -0.1978
vn 0.5049 0.6873 0.5223
vn -0.2443 0.6806 0.6907
vn 0.3669 0.9229 -0.1170
vn -0.2233 -0.0411 0.9739
vn 0.8859 -0.3940 0.2448
vn 0.5924 -0.7261 -0.3491
vn 0.0388 -0.9793 0.1985
vn 0.1906 -0.9700 0.1507
vn 0.8710 -0.0917 -0.4827
vn 0.7946 -0.2154 -0.5676
vn 0.9902 -0.0294 -0.1366
vn 0.9039 0.2648 0.3360
vn -0.8572 0.1913 -0.4781
vn -0.7577 0.5261 -0.3861
vn -0.8118 0.3171 -0.4904
vn -0.7213 0.4624 -0.5157
vn -0.7833 0.3098 -0.5389
vn 0.7248 0.1742 0.6666
vn 0.6230 0.2296 0.7478
vn 0.5892 0.7755 0.2266
vn 0.4643 0.8172 0.3416
vn 0.1901 0.8785 0.4383
vn 0.8950 0.1670 0.4136
vn 0.8937 0.0885 0.4399
vn 0.6078 -0.0554 0.7922
vn 0.5548 0.0002 0.8320
vn 0.8018 0.3226 -0.5030
vn 0.9684 0.1794 -0.1734
vn 0.3640 -0.2623 -0.8937
vn 0.0871 -0.7627 -0.6409
vn -0.5342 -0.6671 -0.5192
vn 0.5243 -0.8473 0.0844
vn -0.7865 -0.1817 0.5903
vn -0.9657 0.0950 -0.2415
vn -0.6289 0.2751 -0.7272
vn -0.6882 0.3011 -0.6601
vn -0.4214 0.3117 0.8516
vn -0.1915 0.5244 0.8297
vn 0.2114 0.7006 0.6815
vn -0.8867 0.3189 -0.3349
vn 0.1574 0.7318 0.6631
vn -0.7003 0.7011 -0.1345
vn 0.2224 0.8113 0.5407
vn -0.9451 0.1103 -0.3077
vn 0.4080 -0.1391 0.9023
vn -0.6141 0.0403 0.7882
vn -0.8526 0.1106 0.5107
vn -0.8247 0.1679 0.5401
vn -0.6265 0.0641 0.7768
vn -0.9600 0.1571 0.2316
vn 0.3631 -0.7080 0.6058
vn -0.5740 -0.1222 0.8097
vn 0.0557 -0.3248 0.9441
vn 0.5920 -0.7966 0.1223
vn 0.5677 -0.8162 0.1075
vn 0.4249 -0.4863 0.7635
vn -0.0976 0.2863 0.9532
vn 0.3967 -0.3775 0.8367
vn 0.6759 -0.7297 0.1034
vn -0.7944 0.1418 0.5907
vn -0.8507 -0.3344 0.4056
vn -0.4660 -0.6850 0.5600
vn -0.7556 0.6138 -0.2289
vn -0.6814 0.5945 0.4268
vn -0.8274 -0.4753 -0.2991
vn -0.6269 -0.7212 0.2945
vn 0.1407 0.9139 0.3808
vn 0.1988 0.7300 0.6539
vn 0.5193 0.8377 0.1691
vn -0.8491 0.5228 0.0757
vn -0.8393 0.5436 0.0044
vn -0.6668 0.4422 -0.5999
vn -0.8226 0.4863 -0.2946
vn 0.9488 -0.3150 -0.0250
vn 0.6750 -0.7311 0.0992
vn 0.6920 -0.4940 -0.5264
vn 0.9941 -0.0379 0.1015
vn 0.9960 -0.0442 -0.0778
vn -0.3104 0.7289 0.6102
vn -0.2453 0.6744 0.6965
vn 0.5275 0.1589 -0.8346
vn -0.9421 -0.1780 0.2841
vn -0.8800 -0.2059 0.4281
vn -0.9612 -0.1446 0.2350
vn -0.9727 -0.1338 0.1898
vn -0.9733 -0.1476 0.1757
vn 0.8870 0.0326 0.4606
vn -0.7736 -0.5391 0.3330
vn -0.7429 -0.5349 0.4025
vn -0.8371 -0.5359 0.1096
vn -0.6342 0.2519 0.7310
vn -0.7215 0.1343 0.6793
vn -0.3796 0.7802 0.4973
vn 0.7161 0.3193 -0.6206
vn 0.7555 0.2577 -0.6023
vn 0.7129 0.3317 -0.6178
vn 0.8606 0.3155 -0.3998
vn 0.6778 0.2639 -0.6862
vn -0.8651 -0.2766 0.4184
vn 0.2783 -0.7050 -0.6524
vn -0.0841 -0.2369 -0.9679
vn -0.0455 -0.0073 -0.9989
vn 0.4698 -0.4894 -0.7347
vn -0.7780 0.5484 -0.3066
vn -0.6588 0.3671 -0.6567
vn -0.5832 0.2579 -0.7703
vn 0.0665 -0.0184 0.9976
vn -0.0585 -0.1956 0.9789
vn -0.1194 0.9774 -0.1742
vn -0.1367 0.9901 -0.0321
vn -0.2443 0.9690 0.0363
vn -0.0569 0.9984 0.0013
vn 0.3497 -0.5563 -0.7538
vn 0.0280 -0.9988 -0.0403
vn 0.6120 -0.6833 -0.3983
vn -0.0700 0.4435 0.8935
vn 0.5747 0.2816 0.7684
vn 0.1654 -0.0087 0.9862
vn 0.2409 -0.3511 0.9048
vn 0.2706 -0.9452 0.1826
vn 0.9580 0.2796 -0.0640
vn 0.9497 0.3127 -0.0147
vn 0.9391 0.3312 -0.0916
vn 0.8977 0.1699 -0.4065
vn 0.9467 0.3001 -0.1173
vn 0.9750 0.2210 -0.0246
vn 0.9591 0.2570 -0.1189
vn -0.6537 -0.5516 -0.5182
vn -0.7829 0.5625 -0.2658
vn -0.6714 0.3742 -0.6397
vn -0.6960 0.7159 0.0558
vn 0.0439 0.7260 -0.6863
vn 0.0186 0.4217 0.9065
vn 0.0157 0.6722 0.7402
vn 0.0018 0.9965 0.0831
vn 0.2406 -0.9638 -0.1152
vn -0.2262 -0.9175 -0.3271
vn -0.4354 -0.7547 0.4907
vn -0.5102 -0.8329 0.2143
vn -0.2348 -0.8511 0.4696
vn 0.3179 0.0448 0.9471
vn 0.4195 0.0037 0.9078
vn 0.7451 -0.5117 0.4277
vn 0.9653 0.0159 0.2606
vn -0.4362 -0.1754 0.8826
vn -0.4366 -0.1345 0.8895
vn -0.6447 -0.3274 0.6908
vn -0.6556 0.0793 0.7510
vn 0.1073 -0.3256 0.9394
vn -0.1507 0.2290 0.9617
vn -0.4383 -0.1030 0.8929
vn -0.3429 -0.8617 -0.3741
vn -0.0225 -0.8951 -0.4452
vn -0.3657 -0.6695 -0.6465
vn -0.2239 -0.8559 -0.4662
vn -0.5837 0.3965 0.7085
vn -0.3526 -0.0005 -0.9358
vn 0.1520 -0.0786 -0.9853
vn 0.6815 -0.1130 -0.7231
vn 0.4286 -0.1037 -0.8975
vn 0.7217 -0.4821 -0.4967
vn 0.8766 -0.4429 -0.1882
vn 0.7540 -0.5916 -0.2854
vn 0.8858 -0.4611 0.0522
vn 0.6384 -0.5949 -0.4884
vn 0.7374 -0.6223 -0.2627
vn 0.8390 -0.5337 -0.1060
vn -0.6496 0.1346 -0.7482
vn 0.7038 0.6098 0.3643
vn 0.5842 0.6139 0.5309
vn 0.2652 0.9076 0.3254
vn 0.7727 0.5313 0.3474
vn -0.5940 -0.1891 0.7819
vn 0.7929 -0.3766 0.4790
vn 0.6740 -0.4203 0.6076
vn 0.4925 -0.4995 0.7127
vn 0.4192 -0.7375 0.5295
vn -0.9363 -0.3176 0.1499
vn -0.9825 -0.1793 0.0511
vn -0.9193 -0.3930 0.0185
vn -0.6475 -0.0114 0.7620
vn -0.6000 0.0403 0.7990
vn -0.1238 -0.0830 0.9888
vn 0.8999 0.1996 -0.3878
vn 0.9929 -0.0130 -0.1184
vn 0.9762 0.2154 0.0235
vn 0.4905 0.5026 -0.7119
vn 0.5161 0.4241 -0.7442
vn 0.8419 0.4279 -0.3288
vn 0.8589 -0.0025 0.5121
vn 0.8226 0.1994 0.5326
vn 0.2900 0.6101 0.7374
vn 0.5908 0.5044 0.6297
vn -0.0775 0.6189 0.7816
vn -0.1796 0.2670 -0.9468
vn 0.5081 -0.8295 -0.2318
vn 0.5741 -0.7552 -0.3164
vn 0.6153 -0.7459 -0.2550
vn 0.7978 -0.5828 -0.1546
vn 0.1125 -0.1373 0.9841
vn -0.1988 0.1062 0.9743
vn -0.1134 -0.0040 0.9935
vn -0.6005 0.3766 0.7054
vn -0.6009 0.3373 0.7247
vn 0.0214 -0.3706 0.9286
vn -0.9250 -0.1659 0.3418
vn -0.5528 0.0914 0.8283
vn -0.9349 0.2138 0.2834
vn -0.9648 0.2630 -0.0052
vn -0.9260 -0.3745 -0.0479
vn -0.1088 -0.0330 0.9935
vn -0.4180 -0.1399 0.8976
vn -0.5296 0.1644 0.8322
vn -0.5105 -0.1080 0.8531
vn -0.2093 0.1777 0.9616
vn -0.3124 0.2069 0.9271
vn -0.9834 0.1182 -0.1379
vn -0.9870 0.1331 0.0898
vn -0.9877 0.1233 0.0964
vn -0.7764 0.0722 0.6261
vn -0.8798 0.1249 0.4587
vn -0.4786 0.8546 0.2016
vn 0.1864 0.9821 0.0253
vn -0.9882 0.0383 0.1485
vn -0.5967 0.7624 0.2504
vn -0.3070 0.8297 0.4661
vn 0.7518 0.6594 -0.0012
vn 0.9863 0.1063 0.1259
vn 0.9409 0.0197 0.3380
vn 0.9891 -0.1421 0.0388
vn 0.9586 0.0458 -0.2810
vn 0.8007 -0.5533 -0.2295
vn 0.9373 -0.0053 0.3484
vn 0.8668 0.0913 0.4902
vn 0.9562 0.1799 0.2310
vn 0.4275 0.8994 0.0915
vn 0.5775 0.7591 0.3005
vn 0.4621 0.7164 0.5227
vn 0.7953 0.1847 0.5773
vn -0.1996 -0.2795 0.9392
vn 0.5516 0.1123 0.8265
vn 0.6366 0.1446 -0.7575
vn -0.5846 -0.3167 0.7469
vn -0.6754 0.5141 0.5287
vn -0.8398 0.5244 -0.1407
vn -0.7660 0.6128 0.1942
vn -0.9372 0.3468 -0.0373
vn -0.9251 0.3672 0.0966
vn -0.8335 0.5045 -0.2253
vn -0.6939 0.5551 -0.4587
vn -0.5588 0.7238 0.4048
vn 0.4444 -0.5281 0.7236
vn 0.4815 -0.5906 0.6475
vn 0.3527 0.0139 -0.9356
vn 0.3599 0.0929 -0.9284
vn -0.7684 0.0728 0.6358
vn -0.0748 -0.0393 0.9964
vn -0.1219 -0.0078 0.9925
vn 0.3602 -0.0823 0.9292
vn 0.9724 -0.2332 0.0109
vn -0.3957 0.8077 -0.4370
vn -0.8191 0.5699 -0.0652
vn -0.1140 0.8293 0.5471
vn 0.5797 -0.3572 -0.7324
vn 0.9481 -0.0602 -0.3123
vn 0.5505 -0.0454 -0.8336
vn 0.3832 -0.9105 -0.1553
vn 0.9110 -0.4108 0.0363
vn 0.6618 0.2475 0.7076
vn 0.4389 -0.8736 -0.2102
vn 0.6787 -0.5733 -0.4590
vn 0.7842 -0.5756 -0.2316
vn 0.5931 -0.4516 -0.6666
vn 0.1880 -0.1731 -0.9668
vn 0.5708 -0.5070 -0.6459
vn 0.5078 0.5792 0.6377
vn 0.6569 0.4510 0.6042
vn 0.7874 0.1572 0.5960
vn 0.8718 0.1277 0.4729
vn 0.8727 0.2238 0.4339
vn 0.6707 0.5248 0.5242
vn 0.9184 0.2799 0.2796
vn -0.9752 -0.2205 -0.0184
vn -0.7007 -0.6827 0.2074
vn 0.6073 0.5651 0.5584
vn 0.4893 -0.3052 0.8170
vn 0.2661 -0.1105 0.9576
vn -0.9320 0.3319 -0.1456
vn 0.7952 0.6007 -0.0826
vn 0.2926 -0.9362 0.1948
vn 0.9710 0.2175 0.0995
vn 0.3005 -0.9534 -0.0248
vn -0.1819 0.3371 0.9237
vn -0.2484 -0.0087 0.9686
vn -0.6955 -0.3855 -0.6064
vn -0.9118 -0.1918 0.3630
vn -0.8301 0.0191 -0.5573
vn -0.5232 -0.8388 0.1508
vn 0.5880 -0.0259 0.8085
vn 0.5557 0.2283 0.7994
vn 0.4455 0.0331 -0.8946
vn 0.8520 0.0060 -0.5235
vn -0.0578 0.7640 0.6427
vn 0.2106 0.5898 0.7796
vn 0.1109 0.5942 0.7966
vn 0.1139 0.8836 0.4542
vn -0.2298 -0.0080 0.9732
vn -0.3437 -0.0171 0.9389
vn -0.6791 0.6346 0.3689
vn -0.4124 0.9065 0.0907
vn -0.9163 0.1431 0.3740
vn -0.9874 0.0622 0.1458
vn -0.9180 -0.0141 0.3964
vn -0.8671 -0.0204 0.4977
vn -0.9628 0.2025 -0.1791
vn -0.4139 0.1647 -0.8953
vn -0.5171 0.3788 0.7675
vn -0.9103 0.4063 0.0787
vn -0.3280 0.5419 0.7738
vn -0.8117 0.2485 0.5285
vn -0.9672 -0.1296 0.2184
vn -0.8176 0.2461 0.5205
vn -0.3085 0.6587 0.6863
vn -0.8162 0.2444 0.5236
vn -0.3878 0.5537 0.7369
vn -0.5442 0.7009 -0.4611
vn -0.3182 0.8905 -0.3254
vn -0.1647 0.9635 -0.2110
vn -0.1991 0.8184 -0.5391
vn 0.3271 0.8603 -0.3909
vn 0.2827 0.6539 0.7018
vn -0.6842 -0.1127 -0.7205
vn -0.2152 -0.9507 0.2233
vn 0.6600 -0.6590 0.3607
vn 0.7206 -0.4303 0.5436
vn -0.2261 -0.7491 0.6227
vn 0.5016 0.8585 -0.1065
vn 0.1030 0.2370 0.9660
vn -0.1648 0.0571 0.9847
vn -0.9455 -0.0841 0.3145
vn -0.9713 -0.1861 0.1480
vn -0.7177 0.6724 -0.1811
vn 0.3342 0.6900 0.6420
vn 0.0114 0.9853 0.1704
vn 0.8246 0.0357 0.5646
vn 0.5503 0.0259 0.8346
vn -0.9683 0.0640 0.2417
vn -0.8664 -0.4969 0.0492
vn -0.2019 0.2103 -0.9566
vn -0.4919 0.2112 -0.8446
vn -0.7710 0.2305 -0.5936
vn 0.6145 -0.7687 0.1775
vn 0.5157 -0.8462 -0.1338
vn 0.5797 -0.7970 -0.1697
vn 0.6318 -0.7684 -0.1016
vn 0.0012 0.1281 0.9918
vn -0.0803 0.8834 0.4618
vn 0.1605 0.0134 0.9869
vn 0.2438 -0.3934 0.8865
vn 0.4679 0.8333 0.2944
vn -0.0194 0.9889 0.1473
vn 0.2070 -0.9300 -0.3036
vn -0.1069 -0.5789 -0.8084
vn 0.5601 0.8114 -0.1671
vn 0.9682 0.2359 -0.0834
vn -0.6315 -0.7670 0.1139
vn -0.5246 -0.2905 -0.8003
vn -0.7373 -0.6736 0.0517
vn -0.9037 -0.0912 0.4184
vn -0.7291 -0.5099 0.4565
vn -0.5406 -0.1950 0.8184
vn -0.6682 -0.2282 0.7081
vn 0.8853 -0.4458 0.1321
vn 0.8537 -0.4983 0.1511
vn 0.9823 -0.1587 0.0996
vn 0.8515 -0.2628 0.4537
vn 0.6966 0.5841 0.4166
vn -0.7387 0.2767 0.6146
vn -0.9692 0.1262 0.2115
vn -0.8259 0.2191 0.5194
vn -0.1897 -0.4143 0.8902
vn -0.8325 0.5422 0.1141
vn -0.6643 0.4440 0.6013
vn -0.8163 0.3412 -0.4661
vn -0.6203 0.4391 -0.6499
vn 0.4443 0.3250 -0.8348
vn -0.1021 0.5332 0.8398
vn -0.0736 0.0596 0.9955
vn 0.9806 -0.1901 -0.0475
vn 0.8635 -0.1981 0.4639
vn 0.9082 -0.2053 0.3646
vn 0.8807 -0.4395 0.1767
vn 0.7383 0.5332 -0.4132
vn -0.1591 -0.0067 0.9872
vn 0.3377 0.8002 0.4957
vn -0.8517 0.4790 0.2125
vn -0.9361 0.2767 0.2172
vn -0.9340 0.1643 0.3173
vn -0.9128 0.2424 0.3287
vn 0.8005 0.3835 -0.4606
vn -0.5132 0.0314 -0.8577
vn -0.4792 0.0230 -0.8774
vn -0.4666 -0.0414 -0.8835
vn -0.8499 0.1124 0.5149
vn -0.9165 -0.3506 0.1929
vn -0.4079 -0.8173 -0.4071
vn 0.1904 0.9373 -0.2918
vn 0.8255 0.3917 -0.4063
vn 0.1296 0.7579 -0.6394
vn -0.1750 -0.0110 0.9845
vn -0.2223 -0.1786 0.9585
vn 0.0471 0.2827 -0.9581
vn -0.9871 0.0146 0.1593
vn 0.0606 -0.2431 -0.9681
vn 0.1432 0.4661 -0.8731
vn 0.2915 0.5474 -0.7845
vn 0.4796 0.4835 -0.7323
vn 0.0509 0.6712 -0.7395
vn 0.4499 0.6388 -0.6241
vn 0.0100 -0.4108 0.9117
vn 0.8036 -0.0092 -0.5951
vn 0.0723 0.0138 -0.9973
vn -0.7709 -0.1793 0.6112
vn 0.9638 0.0012 -0.2667
vn 0.7472 0.5879 0.3100
vn 0.6694 0.7106 0.2167
vn 0.8267 0.5125 0.2323
vn 0.9834 -0.0133 0.1808
vn -0.6856 -0.4825 0.5451
vn -0.8329 -0.5526 0.0290
vn 0.9826 0.1508 0.1084
vn -0.7093 0.1655 -0.6852
vn -0.6130 0.6397 -0.4637
vn 0.2260 0.6127 -0.7573
vn 0.7997 0.4235 -0.4256
vn 0.4129 0.8801 -0.2345
vn 0.5978 0.1744 0.7824
vn 0.3457 0.0547 0.9367
vn 0.3729 0.1466 0.9162
vn -0.5306 -0.1906 0.8259
vn -0.5756 -0.0613 -0.8154
vn 0.0952 0.4755 0.8746
vn 0.1720 0.6296 0.7577
vn -0.0444 0.5969 0.8011
vn -0.4399 -0.4173 0.7952
vn -0.1643 -0.3043 0.9383
vn -0.1584 -0.1816 0.9705
vn -0.3322 0.8587 0.3903
vn -0.1879 0.0228 0.9819
vn 0.9330 0.3496 -0.0849
vn -0.9570 -0.2566 0.1354
vn -0.8479 0.4761 0.2333
vn -0.8302 0.5256 -0.1857
vn -0.9473 -0.3169 0.0469
vn 0.6080 0.2290 0.7602
vn 0.3311 0.9216 -0.2024
vn -0.2461 -0.0619 -0.9673
vn -0.8382 0.0269 -0.5447
vn -0.3252 -0.0491 -0.9444
vn -0.7775 0.0393 -0.6277
vn 0.8685 -0.3726 -0.3268
vn -0.0564 0.5754 -0.8160
vn -0.2922 0.6736 -0.6788
vn -0.9808 0.1733 -0.0892
vn -0.6458 -0.5003 0.5768
vn -0.7075 -0.7006 -0.0930
vn -0.8158 -0.5193 0.2547
vn -0.9150 -0.3563 0.1893
vn -0.9355 -0.0516 0.3496
vn 0.6831 0.4655 -0.5628
vn 0.2234 0.4091 0.8847
vn 0.4643 0.2179 0.8585
vn 0.2792 0.8520 0.4429
vn -0.4799 -0.5358 0.6947
vn -0.1756 -0.2641 0.9484
vn -0.3563 -0.7607 0.5426
vn -0.0632 -0.9052 0.4202
vn -0.6021 -0.4078 0.6864
vn -0.5057 -0.5273 0.6828
vn 0.6884 0.6180 0.3798
vn -0.1264 -0.1034 -0.9866
vn 0.2583 -0.0132 0.9660
vn 0.5585 -0.5774 0.5956
vn 0.1684 -0.3268 -0.9300
vn 0.0658 0.0023 -0.9978
vn -0.3078 0.2258 -0.9243
vn -0.2995 0.2091 -0.9309
vn -0.7214 -0.6047 -0.3376
vn -0.6129 -0.2384 0.7533
vn 0.2275 -0.4065 0.8849
vn 0.4611 0.8501 0.2545
vn 0.0578 0.9967 0.0565
vn 0.6634 0.7079 0.2424
vn 0.6860 0.7055 0.1781
vn -0.8944 0.4472 -0.0000
vn 0.7939 -0.2713 0.5441
vn -0.3398 -0.8959 0.2863
vn -0.4726 -0.4667 0.7475
vn -0.3356 -0.0707 0.9394
vn 0.2587 -0.5843 0.7692
vn 0.3276 -0.9349 0.1366
vn 0.1581 -0.8998 0.4066
vn -0.3474 -0.4877 0.8009
vn -0.1882 -0.6350 0.7493
vn -0.7762 -0.6244 -0.0875
vn -0.9500 -0.2698 0.1575
vn 0.4293 -0.7398 0.5180
vn -0.0364 -0.4769 0.8782
vn 0.9173 -0.3807 0.1164
vn 0.8531 -0.4785 0.2081
vn -0.5308 0.1296 0.8376
vn -0.6470 0.1794 0.7411
vn -0.6285 0.1964 0.7526
vn -0.8754 0.2638 0.4051
vn 0.4064 -0.7911 -0.4571
vn 0.9903 0.1030 -0.0933
vn 0.8698 0.1515 0.4696
vn 0.9068 0.1010 0.4094
vn 0.9789 -0.2027 0.0250
vn 0.8953 0.1731 0.4104
vn -0.2148 0.9765 0.0166
vn 0.0613 0.9978 0.0258
vn 0.2434 0.9368 0.2513
vn 0.0924 0.9325 0.3490
vn 0.4861 0.8487 0.2083
vn 0.6407 -0.0154 0.7676
vn -0.0363 -0.3623 0.9314
vn 0.1966 0.7049 -0.6816
vn 0.5196 0.4695 -0.7138
vn 0.7198 -0.5680 0.3991
vn -0.9817 -0.1305 -0.1389
vn 0.4528 -0.0221 0.8913
vn -0.8540 0.1490 -0.4984
vn -0.7906 0.2693 -0.5499
vn 0.0006 0.0890 0.9960
vn -0.0560 0.1290 0.9901
vn -0.2156 0.2474 0.9446
vn -0.2701 0.2122 0.9392
vn 0.0352 0.0893 0.9954
vn -0.1772 0.0045 0.9842
vn -0.0871 -0.4532 -0.8871
vn 0.4461 -0.1646 -0.8797
vn -0.4925 0.7302 0.4736
vn -0.5921 0.7274 0.3468
vn 0.7066 -0.5246 0.4749
vn 0.7227 -0.5053 0.4715
vn -0.9561 0.0940 -0.2775
vn -0.9133 0.0663 -0.4018
vn 0.1845 -0.1915 -0.9640
vn 0.1472 -0.0953 -0.9845
vn 0.4988 -0.7536 -0.4281
vn -0.5638 -0.1919 0.8033
vn -0.0709 -0.2933 0.9534
vn -0.3669 -0.1597 0.9164
vn 0.5459 -0.4015 0.7354
vn -0.5855 -0.3038 0.7516
vn 0.1177 -0.4601 0.8801
vn -0.1451 0.7012 0.6980
vn -0.6661 0.2507 0.7024
vn -0.4261 -0.0980 0.8993
vn -0.6395 0.2636 -0.7222
vn 0.6815 -0.1552 -0.7152
vn 0.9716 -0.1730 -0.1612
vn 0.9471 -0.2964 0.1227
vn -0.7834 -0.6216 0.0003
vn -0.7821 -0.6225 0.0273
vn -0.6200 0.4231 0.6608
vn -0.6210 0.4057 0.6706
vn -0.9710 0.0646 -0.2304
vn 0.8835 0.4458 0.1441
vn 0.9941 0.1080 0.0130
vn -0.6022 -0.7459 -0.2846
vn -0.6954 -0.5489 -0.4639
vn -0.3495 -0.4888 -0.7993
vn -0.4601 -0.5892 -0.6642
vn 0.3990 -0.7763 -0.4880
vn 0.4636 -0.6452 -0.6072
vn -0.1914 0.5383 -0.8207
vn -0.0107 -0.4773 -0.8787
vn -0.3902 -0.3706 -0.8428
vn -0.9507 0.3094 -0.0202
vn -0.5426 0.3627 -0.7577
vn -0.1625 0.2471 -0.9552
vn -0.3872 -0.2011 -0.8998
vn 0.4265 0.4587 0.7796
vn 0.5188 0.5157 0.6818
vn -0.6950 -0.6795 -0.2353
vn -0.9577 -0.2665 0.1088
vn -0.0986 -0.2412 0.9654
vn 0.9243 0.1742 -0.3396
vn -0.1587 -0.9756 0.1518
vn -0.3689 0.0845 0.9256
vn -0.4731 0.0936 0.8760
vn 0.5754 -0.7573 -0.3088
vn -0.8376 0.1398 0.5281
vn 0.9417 -0.3300 -0.0657
vn 0.0458 -0.0765 -0.9960
vn 0.9716 -0.2365 -0.0030
vn -0.9174 0.3071 -0.2532
vn 0.4783 -0.7372 0.4773
vn 0.4291 -0.6297 0.6476
vn -0.7853 0.3518 0.5094
vn 0.9584 -0.1927 0.2107
vn 0.8621 0.4107 0.2969
vn 0.9572 0.1213 0.2628
vn 0.8223 0.1513 0.5486
vn 0.8874 -0.0284 -0.4602
vn 0.8436 -0.0367 -0.5357
vn 0.3142 -0.1115 -0.9428
vn 0.3395 -0.4662 -0.8170
vn -0.7107 -0.7008 0.0617
vn 0.8268 -0.2504 -0.5037
vn -0.4309 -0.6748 0.5991
vn 0.1278 -0.8790 -0.4594
vn 0.9462 0.2620 0.1898
vn 0.9168 -0.3698 0.1505
vn 0.9798 0.0873 0.1802
vn 0.8621 0.5028 0.0639
vn -0.9693 -0.1520 0.1935
vn 0.5925 -0.8048 -0.0345
vn 0.8071 -0.5904 0.0058
vn 0.2099 -0.8397 -0.5009
vn 0.5448 -0.3565 0.7590
vn -0.1193 -0.1411 0.9828
vn 0.5474 -0.5581 0.6236
vn 0.3363 -0.2791 0.8994
vn 0.0355 -0.3026 0.9524
vn 0.1884 -0.5457 0.8165
vn -0.9035 -0.3988 0.1570
vn -0.4435 -0.4417 -0.7799
vn -0.0029 -0.7754 -0.6314
vn -0.4295 -0.5607 -0.7079
vn -0.6701 -0.0055 -0.7422
vn 0.4723 -0.7463 -0.4690
vn 0.4705 -0.4414 0.7640
vn 0.3312 -0.4784 0.8133
vn -0.8421 -0.0572 0.5363
vn -0.6751 0.3196 0.6649
vn 0.2911 0.5329 -0.7945
vn -0.2650 0.5369 -0.8009
vn 0.9155 -0.3773 -0.1400
vn 0.8808 -0.4732 0.0149
vn 0.8390 -0.5337 -0.1059
vn -0.8466 0.4928 0.2012
vn 0.8214 0.3185 0.4731
vn 0.4623 0.0642 0.8844
vn -0.5758 0.8142 -0.0745
vn -0.7560 0.2061 0.6213
vn 0.7954 0.5416 0.2722
vn -0.7680 -0.5200 -0.3738
vn -0.2771 0.4100 0.8690
vn -0.3620 0.3246 0.8739
vn -0.8943 0.0012 -0.4474
vn 0.4365 -0.4486 -0.7799
vn -0.8483 -0.4742 0.2356
vn -0.7060 -0.6802 -0.1974
vn 0.0136 0.9965 -0.0828
vn -0.2229 0.9179 0.3282
vn -0.6056 0.7179 0.3433
vn -0.5856 0.7663 0.2644
vn -0.6210 -0.7361 -0.2693
vn 0.1475 -0.9606 -0.2356
vn -0.2361 -0.7566 -0.6098
vn 0.5480 0.2576 0.7958
vn 0.8837 0.0270 0.4672
vn 0.8289 0.5269 0.1877
vn -0.2454 0.3882 0.8883
vn -0.1186 -0.9212 0.3707
vn -0.2688 -0.8764 0.3996
vn -0.9674 0.1556 -0.1997
vn -0.9561 0.2758 0.0987
vn 0.4092 -0.8334 -0.3714
vn 0.5644 -0.7653 -0.3095
vn 0.5441 -0.7647 -0.3453
vn 0.4930 -0.8695 0.0307
vn -0.8392 0.4114 -0.3557
vn -0.4349 -0.8441 -0.3136
vn 0.9979 -0.0184 -0.0628
vn -0.5517 -0.6254 -0.5518
vn -0.1361 -0.8695 0.4748
vn 0.0858 -0.8519 0.5166
vn 0.2689 -0.7454 0.6100
vn -0.1040 -0.3988 0.9111
vn 0.5640 -0.3752 -0.7356
vn 0.8698 -0.2366 0.4329
vn -0.0752 -0.8900 -0.4496
vn -0.1582 0.0820 -0.9840
vn 0.9552 0.2189 0.1993
vn 0.8322 0.2142 0.5114
vn -0.2659 -0.6029 -0.7522
vn -0.1551 -0.5110 -0.8455
vn -0.2588 -0.8115 -0.5240
vn -0.1608 -0.5991 -0.7844
vn -0.4128 -0.7737 -0.4806
vn 0.6045 -0.4612 -0.6495
vn 0.6750 -0.3270 -0.6614
vn 0.1473 -0.1102 -0.9829
vn -0.4810 -0.0547 -0.8750
vn 0.5831 0.7964 -0.1605
vn -0.5281 0.1632 0.8333
vn 0.7266 -0.6341 -0.2646
vn -0.5679 0.6991 0.4344
vn -0.9324 0.0145 0.3611
vn 0.2500 0.9543 0.1640
vn -0.4371 -0.6380 -0.6339
vn -0.4089 -0.7732 -0.4846
vn -0.8849 -0.4298 0.1797
vn -0.0410 -0.3399 0.9396
vn -0.0040 -0.1527 0.9883
vn -0.0326 -0.2090 0.9774
vn -0.0120 -0.0635 0.9979
vn -0.8946 -0.1233 0.4295
vn -0.8460 -0.2365 0.4779
vn -0.0733 -0.3305 0.9410
vn 0.4068 -0.5210 -0.7504
vn -0.8711 -0.4473 0.2030
vn -0.7234 0.6895 0.0355
vn -0.9853 -0.0507 0.1632
vn -0.8654 -0.3761 0.3310
vn -0.5741 -0.1222 0.8096
vn -0.8160 -0.5779 0.0138
vn 0.1819 0.0798 0.9801
vn -0.7381 -0.6747 -0.0082
vn 0.0364 -0.9859 -0.1631
vn 0.0701 -0.0947 -0.9930
vn -0.7200 -0.4531 -0.5256
vn 0.2656 -0.9511 0.1578
vn 0.2655 -0.9511 0.1578
vn -0.8172 -0.3724 -0.4399
vn 0.8460 0.0993 0.5238
vn 0.8033 0.1550 0.5751
vn -0.1889 0.1545 -0.9698
vn 0.7173 -0.5661 -0.4062
vn 0.5068 -0.1059 -0.8555
vn 0.3143 -0.1751 -0.9330
vn 0.2959 -0.6045 -0.7396
vn -0.8188 0.3275 -0.4715
vn 0.9355 0.1148 0.3341
vn 0.9155 0.2104 -0.3429
vn 0.8736 0.4378 -0.2124
vn -0.8148 0.1687 0.5547
vn -0.2604 -0.9520 0.1610
vn 0.7710 -0.4138 -0.4841
vn -0.7483 0.5974 0.2883
vn -0.9485 -0.2257 0.2221
vn -0.9374 -0.1578 0.3104
vn 0.3758 -0.8841 0.2777
vn 0.9857 -0.1538 -0.0691
vn 0.9901 -0.1337 -0.0434
vn 0.7046 0.7032 0.0956
vn 0.3263 -0.2548 -0.9103
vn -0.0389 -0.5091 -0.8598
vn 0.8776 -0.4784 0.0312
vn 0.7848 -0.2813 0.5523
vn -0.4953 0.0587 -0.8668
vn -0.0555 0.4322 -0.9001
vn 0.1877 -0.2296 0.9550
vn 0.9378 -0.1217 0.3251
vn -0.0953 -0.3851 0.9179
vn -0.9020 -0.1140 0.4163
vn -0.5210 0.1006 -0.8476
vn 0.2534 0.8734 0.4160
vn 0.0772 0.2286 0.9705
vn 0.0040 -0.4201 0.9075
vn -0.0074 -0.6443 0.7648
vn -0.0311 -0.9825 0.1837
vn 0.0065 -0.9841 0.1778
vn 0.4327 -0.4100 0.8029
vn -0.1600 -0.2361 0.9585
vn -0.7801 -0.4316 0.4529
vn 0.6680 0.2912 0.6849
vn -0.8361 0.0072 0.5486
vn -0.7753 0.6240 0.0975
vn -0.7152 0.6810 0.1573
vn -0.2644 -0.4914 -0.8298
vn -0.7495 0.5397 -0.3833
vn -0.2320 -0.8754 0.4242
vn 0.2627 0.7586 0.5963
vn -0.4198 0.8809 -0.2185
vn -0.3525 0.7812 0.5153
vn 0.7461 -0.5420 -0.3867
vn 0.8693 0.0033 0.4943
vn -0.7776 0.0745 0.6243
vn -0.8160 -0.2750 0.5084
vn 0.7685 0.6368 -0.0627
vn -0.8651 -0.1009 0.4913
vn -0.8921 -0.0008 0.4519
vn -0.8256 0.1286 0.5494
vn -0.0382 -0.7844 -0.6191
vn -0.9290 0.3109 0.2008
vn 0.5894 0.7462 -0.3094
vn -0.2501 -0.0572 0.9665
vn 0.0771 0.9135 0.3995
vn 0.3938 0.7519 0.5288
vn 0.2597 0.8555 0.4480
vn -0.3899 -0.0925 0.9162
vn 0.9508 -0.3008 0.0743
vn -0.1328 -0.4045 0.9049
vn -0.8690 -0.2609 0.4204
vn -0.2700 0.8124 0.5168
vn -0.4483 0.6528 0.6107
vn 0.4233 -0.8968 0.1289
vn 0.6951 0.6424 0.3226
vn 0.6218 0.6372 0.4554
vn 0.8496 -0.0074 0.5273
vn 0.1859 -0.5974 -0.7801
vn 0.9506 -0.0206 -0.3099
vn -0.2485 -0.4102 0.8775
vn 0.6039 -0.5528 0.5742
vn -0.6148 0.7155 0.3317
vn 0.4541 0.7764 -0.4370
vn 0.7469 0.6172 -0.2474
vn -0.9949 -0.1013 -0.0017
vn 0.0539 -0.7220 0.6898
vn 0.7416 -0.6545 -0.1471
vn 0.9774 -0.1926 0.0868
vn 0.9539 -0.1840 0.2372
vn 0.4556 0.8634 -0.2167
vn -0.8195 -0.2602 0.5105
vn 0.9650 0.2283 -0.1292
vn 0.4855 -0.8730 -0.0455
vn 0.1987 -0.9766 -0.0826
vn 0.1768 -0.9837 -0.0332
vn -0.0694 0.1760 -0.9819
vn -0.0596 0.2143 -0.9749
vn 0.9825 0.0861 -0.1654
vn -0.0449 -0.6716 0.7396
vn -0.6073 -0.7565 0.2425
vn -0.6044 -0.7295 0.3203
vn 0.5730 -0.0192 0.8194
vn 0.9624 0.1383 0.2338
vn 0.4897 -0.8610 -0.1370
vn 0.9616 0.2492 0.1146
vn 0.0464 -0.0391 0.9982
vn 0.8353 -0.2413 -0.4941
vn 0.0711 -0.7303 -0.6794
vn -0.1745 -0.1144 -0.9780
vn -0.6062 -0.7784 0.1630
vn 0.0439 -0.0098 -0.9990
vn -0.0422 -0.0003 -0.9991
vn -0.0072 0.9998 -0.0187
vn -0.0374 0.9992 -0.0107
vn -0.0427 0.9986 -0.0298
vn -0.0168 0.9998 -0.0140
vn 0.0380 0.9992 -0.0117
vn 0.0376 0.9983 -0.0455
vn 0.0306 0.9992 -0.0258
vn 0.0136 0.9993 -0.0350
vn -0.5615 0.8275 -0.0035
vn -0.5830 0.8125 0.0069
vn 0.5933 0.8047 -0.0182
vn 0.5099 0.8591 -0.0445
vn 0.5550 0.8305 -0.0461
vt 0.385055 0.656178
vt 0.360789 0.664918
vt 0.363297 0.650504
vt 0.720038 0.774903
vt 0.698580 0.777904
vt 0.717008 0.762970
vt 0.724039 0.754279
vt 0.357510 0.642021
vt 0.696403 0.768852
vt 0.491444 0.497001
vt 0.459158 0.499428
vt 0.471441 0.468926
vt 0.421711 0.487942
vt 0.411256 0.512573
vt 0.395741 0.488050
vt 0.390390 0.505314
vt 0.371478 0.480628
vt 0.505462 0.481352
vt 0.493800 0.447581
vt 0.923441 0.842867
vt 0.932234 0.828620
vt 0.938456 0.831925
vt 0.921701 0.840462
vt 0.899449 0.850993
vt 0.887374 0.837102
vt 0.943118 0.822908
vt 0.887685 0.816817
vt 0.907036 0.821234
vt 0.958770 0.835183
vt 0.602685 0.007135
vt 0.620939 0.005805
vt 0.624947 0.028535
vt 0.634620 0.005150
vt 0.640833 0.029929
vt 0.603539 0.028101
vt 0.193161 0.936121
vt 0.178535 0.914772
vt 0.197203 0.903555
vt 0.215149 0.924881
vt 0.071113 0.716150
vt 0.043837 0.725902
vt 0.047950 0.699053
vt 0.218422 0.892571
vt 0.043346 0.681749
vt 0.067677 0.697867
vt 0.360575 0.297490
vt 0.345946 0.319045
vt 0.336313 0.295892
vt 0.791051 0.125491
vt 0.807958 0.135260
vt 0.782579 0.138591
vt 0.358010 0.275807
vt 0.773415 0.121935
vt 0.801059 0.158480
vt 0.333978 0.310276
vt 0.207207 0.591675
vt 0.194521 0.590630
vt 0.194644 0.581459
vt 0.196074 0.571298
vt 0.207800 0.572146
vt 0.206740 0.582500
vt 0.178492 0.588862
vt 0.178368 0.580289
vt 0.817025 0.636427
vt 0.802139 0.639035
vt 0.802434 0.631617
vt 0.795753 0.633504
vt 0.787994 0.610515
vt 0.822194 0.611657
vt 0.805319 0.609157
vt 0.446806 0.870844
vt 0.439905 0.849717
vt 0.461473 0.846657
vt 0.067117 0.008391
vt 0.070825 0.017602
vt 0.058553 0.013319
vt 0.442519 0.829229
vt 0.485618 0.849707
vt 0.473961 0.870814
vt 0.481881 0.838310
vt 0.367733 0.206996
vt 0.371153 0.229091
vt 0.354180 0.229217
vt 0.450132 0.567638
vt 0.453462 0.535462
vt 0.466024 0.555181
vt 0.488507 0.558874
vt 0.466577 0.570662
vt 0.357466 0.252418
vt 0.814440 0.046878
vt 0.795920 0.051180
vt 0.801471 0.036250
vt 0.822780 0.035194
vt 0.792218 0.026714
vt 0.810562 0.025783
vt 0.617011 0.984158
vt 0.602056 0.984139
vt 0.609461 0.964935
vt 0.591122 0.966717
vt 0.596868 0.954903
vt 0.297514 0.479055
vt 0.293545 0.461553
vt 0.319275 0.461553
vt 0.348852 0.439904
vt 0.345816 0.464362
vt 0.320365 0.432674
vt 0.319906 0.478455
vt 0.418352 0.751777
vt 0.427305 0.743638
vt 0.425226 0.754982
vt 0.434929 0.755712
vt 0.428887 0.762604
vt 0.425174 0.760423
vt 0.887081 0.266858
vt 0.872993 0.272642
vt 0.883779 0.253163
vt 0.240187 0.441388
vt 0.262658 0.452165
vt 0.239430 0.464266
vt 0.869673 0.257786
vt 0.213723 0.461088
vt 0.256460 0.475767
vt 0.897486 0.248236
vt 0.186913 0.125575
vt 0.165891 0.124233
vt 0.170857 0.104316
vt 0.871216 0.897364
vt 0.889520 0.891302
vt 0.894484 0.905190
vt 0.173434 0.084444
vt 0.192952 0.105326
vt 0.144440 0.107998
vt 0.881598 0.915865
vt 0.371762 0.647956
vt 0.354951 0.629415
vt 0.373184 0.623512
vt 0.072687 0.938547
vt 0.083755 0.920815
vt 0.089549 0.942979
vt 0.368908 0.598696
vt 0.383129 0.615164
vt 0.386100 0.642513
vt 0.101274 0.929469
vt 0.188304 0.256133
vt 0.176128 0.252686
vt 0.178083 0.245253
vt 0.193278 0.250642
vt 0.089649 0.110781
vt 0.105623 0.100835
vt 0.088600 0.116191
vt 0.104759 0.108474
vt 0.104356 0.127866
vt 0.185977 0.230908
vt 0.165294 0.223404
vt 0.025221 0.186039
vt 0.029294 0.185742
vt 0.022926 0.200516
vt 0.748580 0.164431
vt 0.733802 0.181756
vt 0.708136 0.175278
vt 0.121090 0.510008
vt 0.104266 0.501677
vt 0.147013 0.496984
vt 0.036754 0.208271
vt 0.110279 0.483076
vt 0.143328 0.513921
vt 0.014205 0.204363
vt 0.716035 0.186842
vt 0.704473 0.187803
vt 0.013788 0.208021
vt 0.168772 0.449597
vt 0.160529 0.218765
vt 0.164498 0.220518
vt 0.164498 0.224932
vt 0.292577 0.982123
vt 0.288521 0.985066
vt 0.285519 0.982963
vt 0.290716 0.981618
vt 0.286208 0.980427
vt 0.283606 0.987146
vt 0.159148 0.225424
vt 0.166628 0.232356
vt 0.480981 0.038576
vt 0.467044 0.044894
vt 0.466559 0.027962
vt 0.447712 0.030888
vt 0.464979 0.014645
vt 0.477603 0.013926
vt 0.669080 0.295007
vt 0.668758 0.276320
vt 0.689682 0.281603
vt 0.928464 0.191726
vt 0.952064 0.195640
vt 0.932057 0.202783
vt 0.513516 0.152349
vt 0.543679 0.169019
vt 0.514289 0.172382
vt 0.575682 0.028796
vt 0.576665 0.008903
vt 0.590561 0.008317
vt 0.544147 0.182703
vt 0.513491 0.187219
vt 0.724281 0.482657
vt 0.700954 0.489160
vt 0.716234 0.465601
vt 0.700023 0.452916
vt 0.723004 0.456597
vt 0.733006 0.477011
vt 0.069562 0.444736
vt 0.049286 0.441900
vt 0.054654 0.424343
vt 0.625312 0.982817
vt 0.632497 0.995260
vt 0.602051 0.988826
vt 0.044066 0.426401
vt 0.054902 0.408260
vt 0.825880 0.880165
vt 0.808566 0.879542
vt 0.821871 0.860023
vt 0.839868 0.866596
vt 0.472983 0.192843
vt 0.489460 0.197940
vt 0.479014 0.210686
vt 0.515332 0.376261
vt 0.501360 0.381465
vt 0.497495 0.361768
vt 0.500308 0.341669
vt 0.517797 0.357793
vt 0.482306 0.339938
vt 0.460522 0.206948
vt 0.871424 0.500878
vt 0.846543 0.496554
vt 0.858716 0.492387
vt 0.936603 0.780189
vt 0.943612 0.783573
vt 0.938656 0.793951
vt 0.802081 0.016499
vt 0.810392 0.005614
vt 0.925537 0.791734
vt 0.819150 0.014274
vt 0.876935 0.481987
vt 0.944408 0.505010
vt 0.927550 0.492888
vt 0.942377 0.485213
vt 0.945309 0.464227
vt 0.957276 0.484802
vt 0.954724 0.503419
vt 0.701580 0.954418
vt 0.672244 0.960656
vt 0.687745 0.943040
vt 0.704116 0.937053
vt 0.708692 0.944695
vt 0.167418 0.905464
vt 0.163704 0.932832
vt 0.139122 0.926703
vt 0.071074 0.844608
vt 0.086344 0.849670
vt 0.073769 0.862972
vt 0.089724 0.877891
vt 0.063790 0.884890
vt 0.137333 0.951043
vt 0.100517 0.864636
vt 0.879805 0.033272
vt 0.903491 0.031200
vt 0.879581 0.065752
vt 0.909673 0.066499
vt 0.671075 0.897828
vt 0.663564 0.900711
vt 0.657207 0.882568
vt 0.870531 0.064670
vt 0.675613 0.871086
vt 0.650928 0.885272
vt 0.365302 0.880962
vt 0.342509 0.884004
vt 0.351963 0.871622
vt 0.337319 0.863891
vt 0.339849 0.852123
vt 0.372352 0.865103
vt 0.357626 0.858603
vt 0.696010 0.080440
vt 0.694643 0.074164
vt 0.709673 0.072558
vt 0.738604 0.073583
vt 0.735529 0.085112
vt 0.702528 0.083194
vt 0.707381 0.070751
vt 0.711465 0.083129
vt 0.116481 0.580887
vt 0.133139 0.581739
vt 0.127977 0.590490
vt 0.122614 0.592411
vt 0.145756 0.591309
vt 0.126243 0.613276
vt 0.048761 0.093641
vt 0.041409 0.084411
vt 0.055229 0.076136
vt 0.495752 0.639071
vt 0.487671 0.634479
vt 0.488514 0.613717
vt 0.521611 0.933311
vt 0.502452 0.960106
vt 0.495507 0.950050
vt 0.043839 0.048166
vt 0.055210 0.047333
vt 0.482449 0.965963
vt 0.024809 0.435818
vt 0.034752 0.450273
vt 0.010401 0.450340
vt 0.903436 0.735816
vt 0.912144 0.720734
vt 0.921151 0.744247
vt 0.025442 0.461204
vt 0.010329 0.475687
vt 0.910608 0.757448
vt 0.926480 0.765748
vt 0.006188 0.421762
vt 0.814676 0.073350
vt 0.802442 0.089906
vt 0.798977 0.081791
vt 0.780680 0.083222
vt 0.780715 0.094992
vt 0.575667 0.351945
vt 0.591282 0.346961
vt 0.577836 0.355358
vt 0.130062 0.554036
vt 0.109098 0.552628
vt 0.115845 0.540511
vt 0.592983 0.349933
vt 0.592260 0.362868
vt 0.128666 0.540993
vt 0.577924 0.365016
vt 0.105931 0.540055
vt 0.504102 0.293006
vt 0.486277 0.294609
vt 0.492563 0.265555
vt 0.482955 0.245112
vt 0.500571 0.242887
vt 0.477266 0.265510
vt 0.508004 0.263591
vt 0.021149 0.887590
vt 0.028975 0.897409
vt 0.012381 0.888606
vt 0.017157 0.873891
vt 0.899538 0.549658
vt 0.912019 0.550197
vt 0.907853 0.563120
vt 0.650084 0.267706
vt 0.649470 0.279816
vt 0.638379 0.268557
vt 0.018790 0.895562
vt 0.635627 0.281789
vt 0.821409 0.850681
vt 0.839205 0.842813
vt 0.842461 0.858646
vt 0.864836 0.855000
vt 0.096333 0.362923
vt 0.113679 0.361232
vt 0.108176 0.385155
vt 0.119815 0.382113
vt 0.842308 0.865268
vt 0.071495 0.274614
vt 0.068033 0.273913
vt 0.071354 0.262130
vt 0.083299 0.258134
vt 0.078729 0.274710
vt 0.069335 0.262665
vt 0.068227 0.249555
vt 0.607020 0.856123
vt 0.579453 0.852771
vt 0.583092 0.839191
vt 0.792660 0.233560
vt 0.807944 0.253984
vt 0.786313 0.252852
vt 0.816280 0.271935
vt 0.042775 0.851842
vt 0.057283 0.867312
vt 0.045082 0.861844
vt 0.053749 0.873802
vt 0.035341 0.862907
vt 0.029034 0.847528
vt 0.738196 0.202125
vt 0.729203 0.215758
vt 0.728278 0.199843
vt 0.716281 0.208161
vt 0.721663 0.197729
vt 0.729045 0.193257
vt 0.277444 0.021704
vt 0.297726 0.002699
vt 0.295870 0.021704
vt 0.561778 0.540518
vt 0.559211 0.553123
vt 0.544673 0.552361
vt 0.546400 0.533244
vt 0.544894 0.570031
vt 0.527727 0.545416
vt 0.358938 0.681033
vt 0.375870 0.681249
vt 0.367447 0.693790
vt 0.391842 0.693711
vt 0.383486 0.720178
vt 0.358284 0.707647
vt 0.347370 0.699717
vt 0.917199 0.256495
vt 0.919358 0.238677
vt 0.933810 0.245726
vt 0.944095 0.235303
vt 0.935903 0.258075
vt 0.935797 0.222766
vt 0.428139 0.288315
vt 0.408406 0.268388
vt 0.428139 0.266052
vt 0.460922 0.261825
vt 0.461722 0.286882
vt 0.424801 0.244530
vt 0.406256 0.249170
vt 0.622573 0.654654
vt 0.623361 0.676115
vt 0.606558 0.670655
vt 0.590098 0.667714
vt 0.605643 0.649554
vt 0.599571 0.687590
vt 0.609808 0.690283
vt 0.045183 0.113826
vt 0.040527 0.100851
vt 0.486094 0.971996
vt 0.478521 0.975970
vt 0.897382 0.714362
vt 0.889909 0.727247
vt 0.885264 0.721092
vt 0.892114 0.695619
vt 0.872529 0.748645
vt 0.870457 0.740295
vt 0.579058 0.166414
vt 0.554716 0.150985
vt 0.578219 0.149492
vt 0.594153 0.132043
vt 0.599901 0.146447
vt 0.570577 0.132560
vt 0.599485 0.162597
vt 0.555146 0.131825
vt 0.672471 0.756428
vt 0.662631 0.772458
vt 0.652786 0.762670
vt 0.638814 0.748305
vt 0.641607 0.777757
vt 0.635632 0.762181
vt 0.685548 0.637550
vt 0.714170 0.640775
vt 0.712359 0.661485
vt 0.736669 0.664424
vt 0.684899 0.660222
vt 0.637275 0.833198
vt 0.632086 0.840900
vt 0.629507 0.836336
vt 0.387320 0.896733
vt 0.372281 0.895714
vt 0.372818 0.885472
vt 0.390802 0.884640
vt 0.219208 0.978294
vt 0.221898 0.989086
vt 0.204985 0.982834
vt 0.358177 0.891340
vt 0.623494 0.841487
vt 0.245117 0.647815
vt 0.232474 0.661625
vt 0.233840 0.636408
vt 0.219983 0.648617
vt 0.208294 0.632034
vt 0.223889 0.617779
vt 0.181655 0.560927
vt 0.180465 0.568963
vt 0.167031 0.568847
vt 0.891221 0.631046
vt 0.882714 0.638371
vt 0.882539 0.623319
vt 0.875480 0.641452
vt 0.863818 0.622581
vt 0.866230 0.605730
vt 0.894331 0.613623
vt 0.165217 0.580018
vt 0.828891 0.019975
vt 0.839080 0.001121
vt 0.840148 0.027857
vt 0.644314 0.889253
vt 0.631411 0.898805
vt 0.620911 0.881519
vt 0.474854 0.974305
vt 0.473511 0.981102
vt 0.461155 0.976605
vt 0.066620 0.627437
vt 0.027762 0.625097
vt 0.032080 0.600609
vt 0.458035 0.987352
vt 0.065748 0.601179
vt 0.771886 0.047802
vt 0.763881 0.019004
vt 0.779161 0.032430
vt 0.532986 0.754125
vt 0.550694 0.751558
vt 0.537816 0.761989
vt 0.550869 0.771787
vt 0.538224 0.772504
vt 0.520847 0.767774
vt 0.838186 0.971885
vt 0.835008 0.980199
vt 0.825466 0.967570
vt 0.842901 0.944736
vt 0.827261 0.982396
vt 0.869074 0.068628
vt 0.846394 0.058279
vt 0.867997 0.053418
vt 0.817233 0.984147
vt 0.807563 0.969188
vt 0.039711 0.961109
vt 0.037863 0.986124
vt 0.026950 0.977535
vt 0.017647 0.975809
vt 0.031682 0.958023
vt 0.022159 0.988870
vt 0.177716 0.778898
vt 0.171387 0.810606
vt 0.155185 0.806998
vt 0.163923 0.825182
vt 0.144395 0.814636
vt 0.145591 0.792135
vt 0.869189 0.310379
vt 0.868770 0.307783
vt 0.883708 0.314129
vt 0.881690 0.318179
vt 0.673908 0.336774
vt 0.676835 0.328075
vt 0.685892 0.346191
vt 0.684095 0.347757
vt 0.689051 0.344863
vt 0.884103 0.312462
vt 0.863784 0.615124
vt 0.842689 0.566116
vt 0.868082 0.565999
vt 0.854958 0.432234
vt 0.881867 0.478148
vt 0.839381 0.453674
vt 0.845116 0.532237
vt 0.868285 0.531307
vt 0.826154 0.415431
vt 0.811410 0.433487
vt 0.153166 0.065885
vt 0.155875 0.056753
vt 0.168198 0.060055
vt 0.187411 0.042263
vt 0.195479 0.060791
vt 0.164672 0.050773
vt 0.660697 0.988958
vt 0.651165 0.969461
vt 0.671462 0.970819
vt 0.173169 0.076017
vt 0.528952 0.694156
vt 0.545043 0.709457
vt 0.522979 0.705215
vt 0.521158 0.715479
vt 0.501982 0.699975
vt 0.513900 0.684959
vt 0.544416 0.717094
vt 0.974636 0.077049
vt 0.965257 0.100265
vt 0.951650 0.067778
vt 0.189384 0.933865
vt 0.906542 0.311293
vt 0.899598 0.326931
vt 0.883594 0.317315
vt 0.900701 0.287897
vt 0.942733 0.096962
vt 0.969690 0.060624
vt 0.324962 0.331776
vt 0.330538 0.352575
vt 0.309835 0.346734
vt 0.292719 0.347277
vt 0.309227 0.330042
vt 0.294567 0.367931
vt 0.316553 0.366004
vt 0.628886 0.072106
vt 0.615516 0.081692
vt 0.614182 0.071361
vt 0.624602 0.060815
vt 0.599952 0.069533
vt 0.613716 0.060952
vt 0.638200 0.493132
vt 0.659270 0.478269
vt 0.660317 0.489880
vt 0.668723 0.490731
vt 0.662374 0.545242
vt 0.713670 0.801291
vt 0.724411 0.813940
vt 0.702115 0.825389
vt 0.961641 0.424684
vt 0.959719 0.440861
vt 0.954388 0.437265
vt 0.691092 0.804605
vt 0.733397 0.831519
vt 0.943858 0.417740
vt 0.957293 0.421790
vt 0.693905 0.829128
vt 0.734081 0.685742
vt 0.737786 0.704293
vt 0.709469 0.704293
vt 0.408295 0.519001
vt 0.406362 0.526340
vt 0.387134 0.512192
vt 0.380819 0.523345
vt 0.706193 0.689675
vt 0.368094 0.498145
vt 0.771817 0.894593
vt 0.778745 0.903273
vt 0.767416 0.905971
vt 0.759475 0.913614
vt 0.751519 0.901501
vt 0.764528 0.916011
vt 0.772961 0.907311
vt 0.693326 0.933552
vt 0.684957 0.933754
vt 0.683924 0.928092
vt 0.678643 0.921852
vt 0.691094 0.919760
vt 0.680923 0.932773
vt 0.678585 0.927990
vt 0.153400 0.175379
vt 0.146867 0.173116
vt 0.159015 0.170862
vt 0.417097 0.756192
vt 0.157892 0.174633
vt 0.148389 0.157808
vt 0.104165 0.295691
vt 0.122938 0.276094
vt 0.136418 0.294113
vt 0.703812 0.416564
vt 0.692615 0.431558
vt 0.677657 0.418105
vt 0.684188 0.395220
vt 0.667037 0.421317
vt 0.122204 0.310076
vt 0.147564 0.300143
vt 0.200246 0.261807
vt 0.184885 0.283103
vt 0.168453 0.275557
vt 0.518171 0.057824
vt 0.524455 0.081871
vt 0.504646 0.082338
vt 0.518088 0.107015
vt 0.497445 0.105140
vt 0.483473 0.080294
vt 0.495923 0.054733
vt 0.290916 0.867135
vt 0.307649 0.876795
vt 0.285735 0.887711
vt 0.304826 0.895196
vt 0.269477 0.867745
vt 0.755284 0.343562
vt 0.740693 0.336571
vt 0.752784 0.327125
vt 0.264165 0.892730
vt 0.738471 0.316281
vt 0.909967 0.601631
vt 0.922476 0.608194
vt 0.915166 0.618254
vt 0.903397 0.609534
vt 0.906889 0.628786
vt 0.927559 0.633923
vt 0.218803 0.593638
vt 0.206333 0.605208
vt 0.219043 0.585183
vt 0.193538 0.602860
vt 0.105412 0.780023
vt 0.128821 0.776119
vt 0.131350 0.794436
vt 0.109460 0.809755
vt 0.136564 0.823068
vt 0.144805 0.775896
vt 0.933072 0.757893
vt 0.942433 0.739248
vt 0.948183 0.760087
vt 0.956771 0.754960
vt 0.940824 0.774696
vt 0.951794 0.773998
vt 0.342370 0.004204
vt 0.367340 0.012188
vt 0.342370 0.020707
vt 0.069477 0.948870
vt 0.065634 0.939929
vt 0.073393 0.940377
vt 0.951504 0.521393
vt 0.960563 0.508425
vt 0.956739 0.526030
vt 0.092338 0.944954
vt 0.089468 0.952451
vt 0.951805 0.530910
vt 0.957369 0.534423
vt 0.455935 0.922968
vt 0.445142 0.936048
vt 0.441331 0.920655
vt 0.496758 0.501974
vt 0.510144 0.522482
vt 0.492451 0.524711
vt 0.502146 0.542208
vt 0.449908 0.908107
vt 0.426716 0.930433
vt 0.629217 0.394150
vt 0.626997 0.407553
vt 0.617580 0.386586
vt 0.605084 0.396555
vt 0.604481 0.381545
vt 0.606405 0.366975
vt 0.622160 0.372486
vt 0.617699 0.401998
vt 0.161975 0.089291
vt 0.150714 0.072225
vt 0.181268 0.078738
vt 0.928670 0.267567
vt 0.634513 0.219745
vt 0.615342 0.218209
vt 0.626504 0.207413
vt 0.645714 0.208480
vt 0.640827 0.195199
vt 0.524676 0.505713
vt 0.413668 0.395421
vt 0.418485 0.369925
vt 0.447996 0.373117
vt 0.466050 0.342838
vt 0.927670 0.864951
vt 0.903970 0.865557
vt 0.289708 0.992923
vt 0.296223 0.987828
vt 0.299210 0.995328
vt 0.057108 0.992788
vt 0.060326 0.968150
vt 0.074689 0.992060
vt 0.862618 0.705341
vt 0.885396 0.709876
vt 0.864925 0.732864
vt 0.880263 0.725749
vt 0.863793 0.752435
vt 0.853621 0.734414
vt 0.528501 0.979896
vt 0.539878 0.966617
vt 0.550143 0.970975
vt 0.556050 0.985996
vt 0.793999 0.974263
vt 0.821433 0.992768
vt 0.788125 0.984765
vt 0.958015 0.562566
vt 0.952274 0.576317
vt 0.952649 0.563486
vt 0.958502 0.553036
vt 0.921213 0.550124
vt 0.200926 0.690798
vt 0.216525 0.676170
vt 0.230008 0.690207
vt 0.708674 0.151909
vt 0.731250 0.155132
vt 0.727495 0.167425
vt 0.248505 0.674785
vt 0.213476 0.701507
vt 0.254138 0.693256
vt 0.704141 0.170670
vt 0.567108 0.512560
vt 0.569222 0.527887
vt 0.553433 0.525754
vt 0.581105 0.458279
vt 0.592446 0.446323
vt 0.591984 0.462909
vt 0.552113 0.523522
vt 0.551137 0.530790
vt 0.597577 0.446830
vt 0.594659 0.468120
vt 0.615016 0.598279
vt 0.604951 0.567279
vt 0.623282 0.557227
vt 0.443829 0.152273
vt 0.425659 0.145041
vt 0.443640 0.144652
vt 0.630588 0.570256
vt 0.435282 0.485512
vt 0.440634 0.472212
vt 0.457170 0.490852
vt 0.905284 0.368619
vt 0.883226 0.375634
vt 0.884806 0.366105
vt 0.461519 0.478404
vt 0.779959 0.059864
vt 0.785218 0.049729
vt 0.786379 0.053077
vt 0.791469 0.052961
vt 0.729923 0.769279
vt 0.739538 0.777374
vt 0.725344 0.784244
vt 0.731394 0.741990
vt 0.764145 0.755484
vt 0.767726 0.754156
vt 0.769264 0.768669
vt 0.748828 0.766801
vt 0.739215 0.755761
vt 0.847715 0.882548
vt 0.866510 0.882871
vt 0.857462 0.862566
vt 0.878427 0.866076
vt 0.815178 0.771969
vt 0.800301 0.784001
vt 0.797760 0.780914
vt 0.831706 0.464446
vt 0.834144 0.451983
vt 0.844260 0.460383
vt 0.832329 0.476318
vt 0.794469 0.771496
vt 0.788572 0.787672
vt 0.150431 0.206886
vt 0.149528 0.198577
vt 0.153374 0.197751
vt 0.147677 0.191307
vt 0.157919 0.190163
vt 0.161204 0.197346
vt 0.156973 0.204212
vt 0.725196 0.964600
vt 0.710126 0.981191
vt 0.712702 0.961525
vt 0.320582 0.114734
vt 0.335134 0.140317
vt 0.327139 0.143139
vt 0.312047 0.119123
vt 0.315401 0.149171
vt 0.703731 0.976994
vt 0.699644 0.959880
vt 0.014246 0.042572
vt 0.024222 0.029984
vt 0.024869 0.041268
vt 0.012739 0.048666
vt 0.023928 0.053176
vt 0.036817 0.054674
vt 0.037858 0.041378
vt 0.324622 0.741321
vt 0.339995 0.719411
vt 0.339570 0.752442
vt 0.360879 0.751727
vt 0.337047 0.763609
vt 0.324378 0.754055
vt 0.927470 0.928967
vt 0.936596 0.940715
vt 0.929137 0.942950
vt 0.075076 0.759204
vt 0.095861 0.753983
vt 0.071920 0.769005
vt 0.063896 0.769993
vt 0.903954 0.926276
vt 0.700213 0.136625
vt 0.692709 0.139665
vt 0.686903 0.078684
vt 0.590614 0.342814
vt 0.577318 0.332411
vt 0.587591 0.322431
vt 0.600881 0.308760
vt 0.601995 0.333349
vt 0.566470 0.316866
vt 0.151311 0.505649
vt 0.168306 0.509572
vt 0.144624 0.529029
vt 0.584375 0.304455
vt 0.866948 0.192632
vt 0.908750 0.193854
vt 0.905237 0.213776
vt 0.923917 0.231901
vt 0.903307 0.232599
vt 0.925501 0.212179
vt 0.870356 0.213923
vt 0.349520 0.806545
vt 0.369111 0.816527
vt 0.339705 0.822777
vt 0.331681 0.836825
vt 0.313928 0.809271
vt 0.358104 0.834537
vt 0.329420 0.800522
vt 0.902550 0.084225
vt 0.890610 0.083045
vt 0.896702 0.076899
vt 0.882195 0.078770
vt 0.890324 0.066636
vt 0.829380 0.988634
vt 0.835800 0.992826
vt 0.826130 0.995275
vt 0.965274 0.937337
vt 0.957837 0.928279
vt 0.963714 0.919887
vt 0.149019 0.989603
vt 0.138955 0.980506
vt 0.149805 0.980452
vt 0.156894 0.985544
vt 0.966796 0.906049
vt 0.974155 0.928539
vt 0.139630 0.963035
vt 0.831719 0.196953
vt 0.833502 0.216524
vt 0.813219 0.217360
vt 0.812914 0.235552
vt 0.793339 0.218300
vt 0.833839 0.235292
vt 0.809507 0.199157
vt 0.057154 0.881963
vt 0.049671 0.897199
vt 0.043390 0.886193
vt 0.035924 0.881085
vt 0.042573 0.874421
vt 0.037973 0.895888
vt 0.029850 0.888537
vt 0.758197 0.683765
vt 0.755443 0.662577
vt 0.731937 0.665802
vt 0.491177 0.814679
vt 0.488406 0.837149
vt 0.473885 0.836711
vt 0.440423 0.813994
vt 0.484585 0.810924
vt 0.238869 0.089184
vt 0.274576 0.103106
vt 0.240741 0.110407
vt 0.232927 0.118812
vt 0.229938 0.089710
vt 0.664902 0.928526
vt 0.649262 0.930604
vt 0.657056 0.920973
vt 0.651820 0.915147
vt 0.664797 0.909520
vt 0.672086 0.920329
vt 0.641959 0.922634
vt 0.799218 0.933036
vt 0.788895 0.948340
vt 0.783452 0.927558
vt 0.776169 0.939584
vt 0.769630 0.920609
vt 0.774386 0.909787
vt 0.788340 0.912647
vt 0.903870 0.588263
vt 0.875043 0.583640
vt 0.913544 0.569148
vt 0.889399 0.564750
vt 0.915619 0.544522
vt 0.923268 0.559877
vt 0.274947 0.685130
vt 0.153594 0.221190
vt 0.153235 0.212399
vt 0.157532 0.210632
vt 0.161812 0.210075
vt 0.450629 0.440057
vt 0.427608 0.435001
vt 0.434014 0.410012
vt 0.664152 0.620697
vt 0.654907 0.592910
vt 0.680542 0.608524
vt 0.350736 0.609047
vt 0.367863 0.620821
vt 0.350224 0.620095
vt 0.329513 0.621739
vt 0.329450 0.608782
vt 0.346823 0.642084
vt 0.907019 0.912755
vt 0.925247 0.917181
vt 0.931866 0.923492
vt 0.691705 0.795161
vt 0.710809 0.787888
vt 0.721925 0.790415
vt 0.733730 0.806700
vt 0.700531 0.735089
vt 0.683861 0.728836
vt 0.703375 0.715467
vt 0.234579 0.175983
vt 0.214161 0.186788
vt 0.213793 0.160881
vt 0.687094 0.702587
vt 0.705036 0.691994
vt 0.715260 0.728394
vt 0.196049 0.164685
vt 0.241410 0.745260
vt 0.231661 0.746661
vt 0.240692 0.726137
vt 0.229664 0.724752
vt 0.247435 0.706425
vt 0.869354 0.948272
vt 0.848066 0.954435
vt 0.848119 0.941711
vt 0.846997 0.922797
vt 0.864590 0.934733
vt 0.084369 0.971441
vt 0.066250 0.966793
vt 0.084656 0.963107
vt 0.066239 0.958854
vt 0.096995 0.966130
vt 0.026607 0.406875
vt 0.734965 0.039531
vt 0.714092 0.036778
vt 0.732091 0.026373
vt 0.709909 0.021233
vt 0.730376 0.013293
vt 0.398019 0.907352
vt 0.371096 0.937357
vt 0.386401 0.901538
vt 0.400938 0.903854
vt 0.372458 0.901515
vt 0.308558 0.253483
vt 0.281990 0.232096
vt 0.298057 0.231006
vt 0.276192 0.205009
vt 0.301269 0.203089
vt 0.312481 0.231791
vt 0.165666 0.604187
vt 0.166553 0.594803
vt 0.178703 0.600121
vt 0.613021 0.282793
vt 0.619562 0.267680
vt 0.635052 0.275278
vt 0.639021 0.259228
vt 0.627826 0.290877
vt 0.775570 0.478106
vt 0.793770 0.495179
vt 0.772332 0.507401
vt 0.760383 0.527042
vt 0.749030 0.512174
vt 0.843529 0.768437
vt 0.880628 0.788253
vt 0.861297 0.792371
vt 0.839219 0.786426
vt 0.969966 0.802591
vt 0.983524 0.807816
vt 0.978891 0.815889
vt 0.968631 0.525851
vt 0.982213 0.522644
vt 0.984552 0.542296
vt 0.962957 0.820132
vt 0.965714 0.810793
vt 0.976863 0.824635
vt 0.780241 0.875333
vt 0.768108 0.873659
vt 0.780814 0.862891
vt 0.976710 0.546978
vt 0.773730 0.858360
vt 0.200011 0.887817
vt 0.219993 0.875055
vt 0.223499 0.882256
vt 0.030556 0.778974
vt 0.039223 0.811320
vt 0.024981 0.815136
vt 0.031965 0.847465
vt 0.558022 0.904378
vt 0.530217 0.911905
vt 0.553668 0.897829
vt 0.528086 0.902041
vt 0.196206 0.560327
vt 0.176356 0.549188
vt 0.184223 0.555281
vt 0.636299 0.600730
vt 0.401085 0.004960
vt 0.387541 0.012694
vt 0.378131 0.004112
vt 0.383059 0.015915
vt 0.368107 0.013765
vt 0.766700 0.810446
vt 0.756015 0.818369
vt 0.745529 0.801242
vt 0.756524 0.794593
vt 0.749662 0.818827
vt 0.738089 0.804301
vt 0.059478 0.367304
vt 0.042329 0.378668
vt 0.042710 0.362177
vt 0.029151 0.348711
vt 0.054340 0.351822
vt 0.114699 0.853235
vt 0.094251 0.836014
vt 0.118253 0.835700
vt 0.103126 0.821942
vt 0.607963 0.171091
vt 0.600407 0.146845
vt 0.626323 0.164844
vt 0.633566 0.186514
vt 0.615134 0.188916
vt 0.653746 0.163532
vt 0.623100 0.141727
vt 0.641722 0.141514
vt 0.868358 0.313561
vt 0.851958 0.312069
vt 0.945502 0.533701
vt 0.949914 0.534627
vt 0.950405 0.539632
vt 0.269635 0.003636
vt 0.559290 0.566634
vt 0.551040 0.587503
vt 0.958444 0.339289
vt 0.972466 0.356066
vt 0.952293 0.358220
vt 0.029092 0.291817
vt 0.037869 0.267366
vt 0.047966 0.282459
vt 0.072115 0.311072
vt 0.045463 0.319496
vt 0.066567 0.270737
vt 0.056756 0.256788
vt 0.512878 0.861719
vt 0.498272 0.858811
vt 0.509921 0.845169
vt 0.526343 0.732968
vt 0.508967 0.736729
vt 0.504052 0.721749
vt 0.070849 0.027250
vt 0.078087 0.020372
vt 0.080664 0.012707
vt 0.085677 0.017199
vt 0.496853 0.742871
vt 0.148641 0.881432
vt 0.142753 0.861859
vt 0.161665 0.858493
vt 0.180483 0.841911
vt 0.184319 0.858686
vt 0.168011 0.874520
vt 0.156803 0.839507
vt 0.906780 0.636105
vt 0.895735 0.640931
vt 0.895315 0.653997
vt 0.886171 0.647788
vt 0.892207 0.030918
vt 0.866564 0.030978
vt 0.879495 0.009498
vt 0.867441 0.016844
vt 0.688760 0.939612
vt 0.870685 0.003325
vt 0.162975 0.184867
vt 0.673339 0.037151
vt 0.682344 0.042404
vt 0.677059 0.048655
vt 0.164033 0.191442
vt 0.156801 0.183778
vt 0.663603 0.048324
vt 0.666408 0.058355
vt 0.267928 0.173125
vt 0.285054 0.165223
vt 0.285238 0.192250
vt 0.133575 0.026219
vt 0.120396 0.036179
vt 0.113584 0.026450
vt 0.102902 0.022548
vt 0.108510 0.007528
vt 0.118215 0.007939
vt 0.501378 0.789487
vt 0.496093 0.782486
vt 0.502521 0.766816
vt 0.451813 0.768221
vt 0.720952 0.595122
vt 0.724017 0.610174
vt 0.715470 0.606198
vt 0.702598 0.606203
vt 0.702499 0.602528
vt 0.320063 0.777288
vt 0.317603 0.775417
vt 0.323398 0.763174
vt 0.282499 0.852796
vt 0.274120 0.825191
vt 0.297883 0.833313
vt 0.263497 0.847013
vt 0.304553 0.850089
vt 0.378232 0.293023
vt 0.376997 0.314771
vt 0.360578 0.317673
vt 0.603863 0.337188
vt 0.574372 0.349630
vt 0.253571 0.491752
vt 0.237653 0.512926
vt 0.238946 0.492128
vt 0.223316 0.488622
vt 0.227928 0.467351
vt 0.900827 0.172211
vt 0.132863 0.683223
vt 0.138045 0.701363
vt 0.120816 0.704401
vt 0.942725 0.207996
vt 0.956302 0.217441
vt 0.120233 0.684449
vt 0.954614 0.232259
vt 0.102616 0.697516
vt 0.971245 0.216099
vt 0.969424 0.232623
vt 0.882466 0.123482
vt 0.880562 0.110030
vt 0.903809 0.103374
vt 0.843682 0.980908
vt 0.892459 0.130042
vt 0.897841 0.096209
vt 0.608809 0.055564
vt 0.615613 0.044601
vt 0.620215 0.051364
vt 0.628311 0.046797
vt 0.630618 0.055534
vt 0.150098 0.758733
vt 0.161023 0.744242
vt 0.370125 0.955380
vt 0.402843 0.947334
vt 0.404972 0.987951
vt 0.211314 0.786855
vt 0.201469 0.794037
vt 0.190674 0.802314
vt 0.364799 0.988772
vt 0.142116 0.188794
vt 0.140333 0.185319
vt 0.657910 0.693906
vt 0.646764 0.665123
vt 0.659871 0.665979
vt 0.678912 0.690274
vt 0.679911 0.667173
vt 0.235965 0.046990
vt 0.277912 0.081303
vt 0.224890 0.066327
vt 0.185576 0.984285
vt 0.204358 0.959915
vt 0.198022 0.986705
vt 0.212599 0.066630
vt 0.882328 0.955037
vt 0.871565 0.970048
vt 0.882641 0.936486
vt 0.858250 0.967308
vt 0.849672 0.963901
vt 0.114879 0.966736
vt 0.107558 0.951714
vt 0.115028 0.940402
vt 0.125196 0.954065
vt 0.096717 0.939018
vt 0.287320 0.954731
vt 0.322351 0.947176
vt 0.341731 0.951973
vt 0.395158 0.036874
vt 0.416009 0.040551
vt 0.394757 0.055339
vt 0.337060 0.932707
vt 0.363263 0.935743
vt 0.151442 0.033971
vt 0.125630 0.005652
vt 0.151442 0.003649
vt 0.417648 0.064968
vt 0.590649 0.377690
vt 0.590758 0.393375
vt 0.576484 0.391072
vt 0.202419 0.030022
vt 0.211530 0.014241
vt 0.215985 0.036279
vt 0.202429 0.050832
vt 0.177923 0.555375
vt 0.152695 0.555390
vt 0.167080 0.542489
vt 0.566885 0.387615
vt 0.577488 0.381181
vt 0.698693 0.183094
vt 0.699858 0.202058
vt 0.665726 0.200800
vt 0.120414 0.064350
vt 0.087802 0.044478
vt 0.122669 0.044807
vt 0.672043 0.218001
vt 0.658988 0.202640
vt 0.134191 0.046437
vt 0.129479 0.065506
vt 0.405305 0.313601
vt 0.421302 0.342825
vt 0.402545 0.340989
vt 0.265650 0.388820
vt 0.276195 0.390020
vt 0.265789 0.413179
vt 0.263454 0.204668
vt 0.401707 0.366449
vt 0.265447 0.230854
vt 0.277640 0.414603
vt 0.889064 0.402566
vt 0.902568 0.421303
vt 0.880633 0.437197
vt 0.903204 0.441065
vt 0.867997 0.447116
vt 0.862818 0.432177
vt 0.696043 0.046081
vt 0.704465 0.029376
vt 0.709026 0.047700
vt 0.669837 0.909598
vt 0.677877 0.904216
vt 0.393313 0.867195
vt 0.387921 0.884004
vt 0.353929 0.894574
vt 0.460781 0.885437
vt 0.483319 0.891073
vt 0.493363 0.874771
vt 0.713096 0.137362
vt 0.709501 0.150500
vt 0.382323 0.670815
vt 0.909689 0.366258
vt 0.926101 0.369861
vt 0.912686 0.375481
vt 0.401498 0.659198
vt 0.609804 0.930242
vt 0.585534 0.924597
vt 0.594727 0.909422
vt 0.500084 0.225891
vt 0.498814 0.208321
vt 0.520470 0.203016
vt 0.570715 0.903311
vt 0.523234 0.221642
vt 0.618023 0.901559
vt 0.625059 0.312484
vt 0.637569 0.303675
vt 0.642220 0.320048
vt 0.656053 0.332248
vt 0.642948 0.339397
vt 0.652234 0.316364
vt 0.630301 0.327155
vt 0.778457 0.743517
vt 0.792182 0.747071
vt 0.789631 0.752283
vt 0.797703 0.750747
vt 0.790371 0.765813
vt 0.331367 0.904093
vt 0.326888 0.918322
vt 0.325055 0.905487
vt 0.322829 0.916474
vt 0.307075 0.908966
vt 0.315511 0.896058
vt 0.746402 0.046302
vt 0.753613 0.041383
vt 0.759107 0.060286
vt 0.747112 0.062024
vt 0.745934 0.072624
vt 0.065515 0.649207
vt 0.026025 0.646623
vt 0.058689 0.671866
vt 0.030358 0.671887
vt 0.734245 0.360875
vt 0.707991 0.357433
vt 0.722482 0.347414
vt 0.702329 0.338063
vt 0.726284 0.326763
vt 0.738146 0.349727
vt 0.272264 0.562451
vt 0.293534 0.554415
vt 0.293011 0.571518
vt 0.324354 0.312365
vt 0.314587 0.565928
vt 0.273182 0.575413
vt 0.577772 0.956865
vt 0.572592 0.956243
vt 0.577549 0.943330
vt 0.562649 0.926225
vt 0.580954 0.927498
vt 0.582924 0.944232
vt 0.558689 0.942470
vt 0.837534 0.180512
vt 0.849246 0.197317
vt 0.808027 0.182508
vt 0.517969 0.113827
vt 0.542841 0.114577
vt 0.545300 0.132350
vt 0.545303 0.151569
vt 0.515366 0.131968
vt 0.741947 0.491830
vt 0.732855 0.501600
vt 0.947041 0.648637
vt 0.941120 0.664987
vt 0.926365 0.658107
vt 0.911997 0.646210
vt 0.929837 0.648089
vt 0.915804 0.665358
vt 0.840611 0.762984
vt 0.819651 0.775965
vt 0.820102 0.758919
vt 0.950242 0.803879
vt 0.937551 0.797989
vt 0.942484 0.791186
vt 0.047849 0.923328
vt 0.041445 0.935181
vt 0.031482 0.924050
vt 0.949468 0.781186
vt 0.957948 0.786714
vt 0.953423 0.797207
vt 0.029643 0.935830
vt 0.017173 0.930300
vt 0.079312 0.291395
vt 0.095199 0.265074
vt 0.093861 0.313191
vt 0.189003 0.213559
vt 0.170877 0.205308
vt 0.160040 0.172022
vt 0.177727 0.185565
vt 0.973479 0.262685
vt 0.982248 0.242040
vt 0.986715 0.276522
vt 0.970724 0.291241
vt 0.823710 0.637274
vt 0.825450 0.649051
vt 0.071454 0.741116
vt 0.085124 0.735403
vt 0.080886 0.750487
vt 0.077119 0.748963
vt 0.101915 0.724862
vt 0.087326 0.740908
vt 0.096654 0.739545
vt 0.082236 0.479210
vt 0.098111 0.471881
vt 0.108486 0.482423
vt 0.129402 0.886679
vt 0.112595 0.458152
vt 0.123943 0.465104
vt 0.170361 0.894706
vt 0.607818 0.295519
vt 0.614692 0.317994
vt 0.185684 0.512200
vt 0.178495 0.542741
vt 0.163418 0.537158
vt 0.482756 0.981942
vt 0.036220 0.106785
vt 0.031171 0.109672
vt 0.496087 0.978769
vt 0.492289 0.988706
vt 0.025977 0.105437
vt 0.948321 0.932184
vt 0.954696 0.944606
vt 0.976035 0.951773
vt 0.775399 0.821890
vt 0.783312 0.815717
vt 0.780368 0.809200
vt 0.712350 0.743035
vt 0.703943 0.756070
vt 0.683172 0.746135
vt 0.657282 0.637832
vt 0.658044 0.623567
vt 0.293995 0.572601
vt 0.297673 0.584432
vt 0.282087 0.589830
vt 0.262286 0.598098
vt 0.258006 0.587058
vt 0.284217 0.598217
vt 0.279985 0.577592
vt 0.237923 0.958986
vt 0.232671 0.972558
vt 0.222560 0.967241
vt 0.238008 0.836772
vt 0.237587 0.832586
vt 0.244083 0.837154
vt 0.216797 0.968990
vt 0.245558 0.822145
vt 0.262404 0.836001
vt 0.072774 0.441709
vt 0.099845 0.454357
vt 0.086499 0.463992
vt 0.072601 0.467922
vt 0.091009 0.591824
vt 0.099080 0.606047
vt 0.084095 0.615137
vt 0.884756 0.681123
vt 0.893972 0.674948
vt 0.889485 0.693956
vt 0.399508 0.701690
vt 0.410962 0.692892
vt 0.412192 0.703467
vt 0.883857 0.690469
vt 0.408193 0.727426
vt 0.725762 0.056404
vt 0.741130 0.044855
vt 0.734037 0.058150
vt 0.425905 0.900920
vt 0.421734 0.916216
vt 0.416473 0.906449
vt 0.407347 0.913866
vt 0.407567 0.894495
vt 0.414440 0.882822
vt 0.114025 0.532217
vt 0.109252 0.516493
vt 0.120918 0.516549
vt 0.110143 0.510260
vt 0.915503 0.393521
vt 0.920704 0.380285
vt 0.943380 0.408254
vt 0.110050 0.223467
vt 0.124020 0.225195
vt 0.119613 0.238208
vt 0.922739 0.421003
vt 0.937431 0.424109
vt 0.019133 0.781314
vt 0.051106 0.758599
vt 0.054164 0.769932
vt 0.136710 0.245923
vt 0.486887 0.040196
vt 0.495516 0.053672
vt 0.846860 0.328288
vt 0.862711 0.328929
vt 0.875412 0.333401
vt 0.869603 0.350165
vt 0.857309 0.346215
vt 0.713801 0.587802
vt 0.718617 0.562170
vt 0.732244 0.571075
vt 0.744309 0.579489
vt 0.737041 0.541736
vt 0.751803 0.563913
vt 0.576464 0.666673
vt 0.585585 0.644019
vt 0.063333 0.481967
vt 0.043270 0.492594
vt 0.042975 0.476057
vt 0.044166 0.463161
vt 0.568073 0.644788
vt 0.566322 0.714271
vt 0.557343 0.726211
vt 0.557429 0.719422
vt 0.552337 0.720245
vt 0.557265 0.713844
vt 0.448201 0.894697
vt 0.401055 0.845365
vt 0.421315 0.855270
vt 0.375197 0.846444
vt 0.414820 0.877617
vt 0.677008 0.150021
vt 0.693910 0.148915
vt 0.675211 0.153016
vt 0.857799 0.999826
vt 0.880339 0.996615
vt 0.880889 0.999826
vt 0.688485 0.169083
vt 0.674642 0.169421
vt 0.442558 0.557511
vt 0.253855 0.585556
vt 0.232501 0.586167
vt 0.241050 0.575931
vt 0.835973 0.045327
vt 0.263273 0.578694
vt 0.220552 0.575440
vt 0.348135 0.155931
vt 0.371356 0.155364
vt 0.371662 0.170069
vt 0.393557 0.166925
vt 0.390172 0.191822
vt 0.370051 0.185157
vt 0.347615 0.165639
vt 0.028584 0.877460
vt 0.073796 0.305651
vt 0.070272 0.326765
vt 0.860393 0.839802
vt 0.859036 0.800344
vt 0.882979 0.837281
vt 0.091366 0.335964
vt 0.070689 0.357493
vt 0.582487 0.215870
vt 0.584476 0.198637
vt 0.596143 0.210373
vt 0.493761 0.990824
vt 0.522007 0.975114
vt 0.524032 0.990824
vt 0.428684 0.947031
vt 0.448538 0.953412
vt 0.427889 0.959225
vt 0.945619 0.174051
vt 0.948022 0.184458
vt 0.936565 0.177935
vt 0.930474 0.189955
vt 0.831187 0.254120
vt 0.017512 0.857827
vt 0.013778 0.850454
vt 0.022925 0.843467
vt 0.609077 0.426546
vt 0.598237 0.429144
vt 0.602943 0.423691
vt 0.610032 0.409498
vt 0.008693 0.839523
vt 0.601611 0.398615
vt 0.301485 0.043843
vt 0.335335 0.041139
vt 0.314911 0.060887
vt 0.706384 0.221385
vt 0.730737 0.236093
vt 0.720976 0.247298
vt 0.733553 0.253946
vt 0.054845 0.187032
vt 0.049698 0.151160
vt 0.348648 0.073181
vt 0.333445 0.091398
vt 0.765423 0.851074
vt 0.758991 0.872885
vt 0.743627 0.870352
vt 0.754579 0.862962
vt 0.742503 0.876603
vt 0.057154 0.233007
vt 0.060582 0.244280
vt 0.049861 0.239340
vt 0.766137 0.882584
vt 0.332547 0.713486
vt 0.341622 0.698501
vt 0.339888 0.717688
vt 0.349611 0.725369
vt 0.149621 0.572208
vt 0.148193 0.581550
vt 0.623100 0.229985
vt 0.610266 0.241398
vt 0.603164 0.235653
vt 0.713825 0.291894
vt 0.695871 0.297234
vt 0.705434 0.274240
vt 0.595604 0.219717
vt 0.583362 0.244331
vt 0.596411 0.251222
vt 0.469253 0.541337
vt 0.474646 0.525870
vt 0.484715 0.543580
vt 0.491374 0.530659
vt 0.569381 0.402338
vt 0.547677 0.406612
vt 0.562314 0.386001
vt 0.175484 0.033939
vt 0.164809 0.028716
vt 0.175893 0.019416
vt 0.618197 0.708058
vt 0.617495 0.727810
vt 0.607031 0.712760
vt 0.587051 0.707280
vt 0.592240 0.699458
vt 0.164345 0.015151
vt 0.603974 0.702257
vt 0.111430 0.915229
vt 0.110122 0.934842
vt 0.386187 0.591230
vt 0.119596 0.923141
vt 0.136985 0.942890
vt 0.416344 0.608012
vt 0.170469 0.331264
vt 0.147659 0.297285
vt 0.084619 0.076873
vt 0.104537 0.086501
vt 0.088516 0.095415
vt 0.499629 0.451914
vt 0.525105 0.465316
vt 0.509702 0.478538
vt 0.541667 0.490591
vt 0.526047 0.499794
vt 0.041305 0.951354
vt 0.050951 0.955720
vt 0.048275 0.943502
vt 0.063632 0.954526
vt 0.050602 0.968523
vt 0.185337 0.820324
vt 0.549405 0.915019
vt 0.565824 0.922065
vt 0.554895 0.930673
vt 0.517596 0.202091
vt 0.890962 0.340472
vt 0.894741 0.328031
vt 0.885850 0.352679
vt 0.900825 0.344745
vt 0.541219 0.198799
vt 0.819407 0.535072
vt 0.798213 0.509610
vt 0.819051 0.507845
vt 0.771972 0.716088
vt 0.747856 0.723536
vt 0.762643 0.702128
vt 0.765184 0.677539
vt 0.783528 0.693513
vt 0.844684 0.507550
vt 0.325332 0.927138
vt 0.318534 0.935423
vt 0.322458 0.925723
vt 0.443462 0.193989
vt 0.444138 0.209707
vt 0.512937 0.392445
vt 0.501299 0.392997
vt 0.519245 0.412642
vt 0.430226 0.222972
vt 0.424739 0.207544
vt 0.895437 0.494569
vt 0.882797 0.478962
vt 0.897946 0.488466
vt 0.916179 0.499493
vt 0.919427 0.494323
vt 0.900210 0.467589
vt 0.917897 0.476599
vt 0.852046 0.128607
vt 0.857052 0.140601
vt 0.836400 0.138692
vt 0.273387 0.132802
vt 0.252967 0.142170
vt 0.238417 0.117615
vt 0.765242 0.269319
vt 0.730569 0.279402
vt 0.839547 0.116053
vt 0.228786 0.126592
vt 0.729343 0.965035
vt 0.742132 0.974704
vt 0.730377 0.980542
vt 0.319769 0.028136
vt 0.387771 0.828845
vt 0.376363 0.845328
vt 0.790833 0.968210
vt 0.785138 0.993152
vt 0.761786 0.989314
vt 0.398358 0.807071
vt 0.408000 0.837986
vt 0.085996 0.810934
vt 0.076457 0.828037
vt 0.073620 0.804185
vt 0.538726 0.061195
vt 0.778172 0.358589
vt 0.831407 0.350432
vt 0.795390 0.372903
vt 0.817560 0.382228
vt 0.466969 0.765604
vt 0.467802 0.728568
vt 0.493114 0.743496
vt 0.256969 0.774709
vt 0.251817 0.797588
vt 0.238016 0.780926
vt 0.234041 0.794649
vt 0.222356 0.772912
vt 0.495969 0.768604
vt 0.165553 0.645837
vt 0.175528 0.658937
vt 0.164129 0.646558
vt 0.173743 0.661576
vt 0.738311 0.072142
vt 0.159186 0.668381
vt 0.748337 0.092972
vt 0.107978 0.581898
vt 0.110216 0.567496
vt 0.112334 0.590925
vt 0.129802 0.566568
vt 0.134756 0.756065
vt 0.071632 0.864618
vt 0.065389 0.855352
vt 0.832943 0.680060
vt 0.844347 0.657824
vt 0.851038 0.679186
vt 0.865788 0.672355
vt 0.871102 0.692387
vt 0.854151 0.699331
vt 0.841568 0.704387
vt 0.738388 0.196815
vt 0.756079 0.203041
vt 0.754477 0.207727
vt 0.764968 0.214707
vt 0.753688 0.228329
vt 0.741383 0.222573
vt 0.769640 0.208542
vt 0.946357 0.687846
vt 0.923690 0.699957
vt 0.932136 0.677258
vt 0.918479 0.683507
vt 0.343067 0.644827
vt 0.350988 0.659034
vt 0.336976 0.657564
vt 0.341071 0.667895
vt 0.821670 0.580475
vt 0.799809 0.569646
vt 0.828467 0.570816
vt 0.325548 0.659186
vt 0.840777 0.583477
vt 0.640988 0.229436
vt 0.629311 0.240279
vt 0.651859 0.220241
vt 0.643092 0.247781
vt 0.655144 0.234677
vt 0.270208 0.290650
vt 0.292121 0.292185
vt 0.292595 0.310662
vt 0.269717 0.330526
vt 0.266264 0.311814
vt 0.305290 0.291876
vt 0.292022 0.330323
vt 0.305948 0.312077
vt 0.317924 0.978841
vt 0.308407 0.970222
vt 0.336494 0.967666
vt 0.335508 0.981495
vt 0.322174 0.953849
vt 0.337597 0.956492
vt 0.344802 0.964888
vt 0.345049 0.973468
vt 0.497104 0.651159
vt 0.514875 0.674571
vt 0.505073 0.679396
vt 0.495492 0.681752
vt 0.359337 0.789094
vt 0.378740 0.797889
vt 0.387275 0.778973
vt 0.406197 0.786572
vt 0.232411 0.907548
vt 0.250150 0.924680
vt 0.233263 0.943913
vt 0.494921 0.593843
vt 0.475900 0.584971
vt 0.490406 0.578828
vt 0.829782 0.136715
vt 0.825280 0.120486
vt 0.828523 0.160089
vt 0.604735 0.518382
vt 0.592155 0.495093
vt 0.622439 0.505276
vt 0.923249 0.737328
vt 0.924854 0.723840
vt 0.936351 0.713929
vt 0.553115 0.955283
vt 0.565168 0.970125
vt 0.546182 0.967935
vt 0.623827 0.533878
vt 0.612650 0.480721
vt 0.263069 0.605637
vt 0.241360 0.606113
vt 0.285257 0.606575
vt 0.261118 0.624786
vt 0.251321 0.624867
vt 0.950822 0.967481
vt 0.965682 0.963614
vt 0.958459 0.981571
vt 0.964567 0.988065
vt 0.956886 0.991651
vt 0.935166 0.836342
vt 0.931333 0.842666
vt 0.924438 0.843881
vt 0.947351 0.977898
vt 0.977916 0.969582
vt 0.901270 0.259925
vt 0.893913 0.283272
vt 0.637914 0.381407
vt 0.042911 0.685489
vt 0.046599 0.698853
vt 0.026609 0.690786
vt 0.208530 0.122324
vt 0.195313 0.146713
vt 0.240750 0.192671
vt 0.227406 0.208211
vt 0.925627 0.192983
vt 0.924516 0.174484
vt 0.936814 0.174988
vt 0.921515 0.150790
vt 0.145874 0.667249
vt 0.152829 0.693525
vt 0.122997 0.666957
vt 0.562002 0.435721
vt 0.528692 0.428199
vt 0.521329 0.412919
vt 0.545463 0.453446
vt 0.526856 0.434263
vt 0.510788 0.436294
vt 0.274087 0.932749
vt 0.273239 0.944280
vt 0.606353 0.758195
vt 0.584100 0.747269
vt 0.597983 0.734322
vt 0.990790 0.900917
vt 0.982419 0.919159
vt 0.978438 0.897555
vt 0.931398 0.861692
vt 0.948730 0.847002
vt 0.954215 0.861692
vt 0.616326 0.743926
vt 0.496795 0.320938
vt 0.518057 0.290885
vt 0.517777 0.318130
vt 0.039202 0.906885
vt 0.039091 0.915434
vt 0.026670 0.908027
vt 0.949238 0.297053
vt 0.961718 0.303187
vt 0.943722 0.314029
vt 0.683521 0.012566
vt 0.702964 0.016973
vt 0.689657 0.024873
vt 0.673817 0.254363
vt 0.659245 0.260344
vt 0.219250 0.411846
vt 0.188643 0.431712
vt 0.189009 0.408714
vt 0.166285 0.402876
vt 0.187858 0.380859
vt 0.166783 0.426345
vt 0.218121 0.383885
vt 0.925627 0.461294
vt 0.916294 0.463113
vt 0.915756 0.458086
vt 0.073748 0.285460
vt 0.756012 0.920076
vt 0.761826 0.917240
vt 0.766140 0.923237
vt 0.511426 0.157028
vt 0.493239 0.179247
vt 0.491598 0.159025
vt 0.474601 0.178198
vt 0.473951 0.161239
vt 0.275832 0.476342
vt 0.278578 0.487043
vt 0.671043 0.032168
vt 0.679203 0.028799
vt 0.661718 0.043664
vt 0.779925 0.241710
vt 0.787723 0.230039
vt 0.300054 0.122266
vt 0.302637 0.156633
vt 0.575486 0.544825
vt 0.580247 0.537953
vt 0.012569 0.004807
vt 0.015749 0.022819
vt 0.004156 0.017577
vt 0.008566 0.031142
vt 0.785990 0.593261
vt 0.790831 0.584226
vt 0.803359 0.592462
vt 0.821441 0.587799
vt 0.809109 0.584590
vt 0.254929 0.965138
vt 0.289677 0.968020
vt 0.262758 0.978090
vt 0.117304 0.727511
vt 0.125947 0.734494
vt 0.111946 0.741377
vt 0.241545 0.979243
vt 0.274294 0.993375
vt 0.378873 0.333721
vt 0.396952 0.346611
vt 0.380021 0.337379
vt 0.386976 0.350837
vt 0.370232 0.352699
vt 0.397354 0.352421
vt 0.347401 0.336220
vt 0.687377 0.071968
vt 0.675799 0.066266
vt 0.343712 0.340017
vt 0.622337 0.304590
vt 0.191983 0.545831
vt 0.673189 0.131088
vt 0.658994 0.126276
vt 0.658695 0.123685
vt 0.642008 0.119309
vt 0.642470 0.103304
vt 0.660849 0.108516
vt 0.675662 0.127347
vt 0.497897 0.034442
vt 0.482577 0.024164
vt 0.491857 0.016914
vt 0.861044 0.919804
vt 0.861177 0.089657
vt 0.829347 0.104815
vt 0.823694 0.091587
vt 0.869943 0.160746
vt 0.878771 0.151873
vt 0.887650 0.160173
vt 0.741790 0.963544
vt 0.739112 0.950336
vt 0.746898 0.957512
vt 0.888520 0.178407
vt 0.590949 0.058046
vt 0.601590 0.046312
vt 0.192467 0.348950
vt 0.163621 0.336479
vt 0.233927 0.293933
vt 0.226410 0.351376
vt 0.785619 0.303733
vt 0.778002 0.265967
vt 0.832684 0.278348
vt 0.016451 0.578559
vt 0.025886 0.547697
vt 0.065400 0.599184
vt 0.043817 0.534013
vt 0.051554 0.549485
vt 0.074035 0.550210
vt 0.071755 0.615503
vt 0.100454 0.570887
vt 0.803368 0.334782
vt 0.258573 0.331377
vt 0.625151 0.846369
vt 0.631970 0.854056
vt 0.621954 0.860160
vt 0.521075 0.015833
vt 0.509080 0.014227
vt 0.507747 0.006009
vt 0.394517 0.873523
vt 0.298924 0.388739
vt 0.320906 0.384360
vt 0.357674 0.558248
vt 0.389653 0.563759
vt 0.360864 0.569729
vt 0.309132 0.414536
vt 0.340653 0.578232
vt 0.391366 0.579557
vt 0.936653 0.452722
vt 0.915951 0.454931
vt 0.929367 0.436899
vt 0.942642 0.446856
vt 0.140071 0.232384
vt 0.152582 0.235885
vt 0.150478 0.256020
vt 0.946028 0.427755
vt 0.471586 0.989719
vt 0.456197 0.994684
vt 0.866527 0.032493
vt 0.637834 0.872369
vt 0.766003 0.948285
vt 0.756679 0.935106
vt 0.763963 0.930446
vt 0.513910 0.785080
vt 0.522861 0.787342
vt 0.532952 0.780764
vt 0.110524 0.413274
vt 0.087363 0.412534
vt 0.098035 0.402722
vt 0.116836 0.388602
vt 0.509073 0.907254
vt 0.497454 0.926529
vt 0.489446 0.899435
vt 0.070448 0.406376
vt 0.079381 0.395392
vt 0.475023 0.917875
vt 0.146419 0.214802
vt 0.142841 0.205386
vt 0.590065 0.577888
vt 0.596297 0.602634
vt 0.579149 0.604541
vt 0.575587 0.580310
vt 0.587677 0.625953
vt 0.574287 0.606605
vt 0.896053 0.751517
vt 0.890632 0.766094
vt 0.883164 0.743638
vt 0.700142 0.784804
vt 0.847614 0.899818
vt 0.858580 0.914146
vt 0.849889 0.038411
vt 0.863230 0.021256
vt 0.840889 0.012444
vt 0.862231 0.003277
vt 0.691175 0.039453
vt 0.599563 0.178288
vt 0.580540 0.182080
vt 0.553673 0.168602
vt 0.196222 0.186351
vt 0.205438 0.210224
vt 0.203802 0.233169
vt 0.786443 0.584124
vt 0.769247 0.585297
vt 0.771739 0.610979
vt 0.075180 0.170914
vt 0.096927 0.159834
vt 0.097026 0.178309
vt 0.101164 0.198711
vt 0.075661 0.188757
vt 0.110493 0.158385
vt 0.117093 0.182630
vt 0.787752 0.115951
vt 0.802787 0.092262
vt 0.806018 0.110455
vt 0.781868 0.098025
vt 0.808074 0.121517
vt 0.828091 0.611634
vt 0.826886 0.587960
vt 0.841724 0.611967
vt 0.808631 0.003076
vt 0.785854 0.032511
vt 0.778558 0.003076
vt 0.108508 0.076079
vt 0.923228 0.025560
vt 0.918739 0.037894
vt 0.909718 0.021724
vt 0.899853 0.018583
vt 0.909117 0.013962
vt 0.923081 0.014833
vt 0.900300 0.027659
vt 0.909407 0.031126
vt 0.813783 0.162229
vt 0.659057 0.475692
vt 0.635015 0.478493
vt 0.635223 0.470373
vt 0.657535 0.456471
vt 0.848916 0.181116
vt 0.973902 0.420581
vt 0.980154 0.415225
vt 0.985560 0.430963
vt 0.984491 0.450291
vt 0.974014 0.440673
vt 0.969223 0.425677
vt 0.063890 0.873463
vt 0.667567 0.796966
vt 0.668915 0.806143
vt 0.650344 0.801102
vt 0.947656 0.619656
vt 0.953372 0.587258
vt 0.966935 0.605649
vt 0.249027 0.385420
vt 0.249079 0.412075
vt 0.266724 0.369212
vt 0.570964 0.768610
vt 0.580460 0.787599
vt 0.551704 0.784063
vt 0.724879 0.893063
vt 0.725538 0.877439
vt 0.738269 0.894044
vt 0.745265 0.912170
vt 0.760735 0.885831
vt 0.577548 0.803260
vt 0.736309 0.913801
vt 0.964654 0.552704
vt 0.985244 0.558945
vt 0.978151 0.786579
vt 0.971706 0.569294
vt 0.729868 0.138711
vt 0.744168 0.131811
vt 0.732919 0.153106
vt 0.741662 0.164928
vt 0.196975 0.692277
vt 0.194860 0.705961
vt 0.746301 0.145016
vt 0.393785 0.684239
vt 0.400010 0.679459
vt 0.425353 0.191947
vt 0.407955 0.189247
vt 0.426495 0.179094
vt 0.443423 0.184460
vt 0.406435 0.200756
vt 0.688071 0.309022
vt 0.667108 0.312714
vt 0.650926 0.299158
vt 0.797991 0.858038
vt 0.785758 0.828337
vt 0.805954 0.817475
vt 0.805427 0.871204
vt 0.754075 0.500682
vt 0.743500 0.470257
vt 0.765545 0.482904
vt 0.830155 0.888438
vt 0.820803 0.898142
vt 0.620358 0.756890
vt 0.617226 0.772251
vt 0.060811 0.458409
vt 0.588387 0.893221
vt 0.557785 0.883316
vt 0.581208 0.883482
vt 0.602527 0.871157
vt 0.571989 0.874014
vt 0.554213 0.872915
vt 0.832245 0.024234
vt 0.660800 0.349715
vt 0.668159 0.375399
vt 0.646830 0.365114
vt 0.626448 0.354901
vt 0.846729 0.034084
vt 0.941690 0.523047
vt 0.931796 0.506632
vt 0.094044 0.979640
vt 0.934331 0.526189
vt 0.473815 0.918515
vt 0.469510 0.931814
vt 0.471828 0.903571
vt 0.509327 0.565118
vt 0.481633 0.547170
vt 0.458986 0.939675
vt 0.018017 0.274320
vt 0.022862 0.330761
vt 0.010753 0.298703
vt 0.118539 0.075592
vt 0.116407 0.090188
vt 0.406568 0.288417
vt 0.426371 0.314799
vt 0.574087 0.820241
vt 0.591703 0.814615
vt 0.619847 0.815232
vt 0.604257 0.831659
vt 0.601821 0.801547
vt 0.527711 0.376477
vt 0.540220 0.357080
vt 0.537437 0.336999
vt 0.110131 0.754160
vt 0.014167 0.987032
vt 0.297396 0.971982
vt 0.290912 0.967560
vt 0.297273 0.967712
vt 0.688639 0.025914
vt 0.683145 0.017193
vt 0.329850 0.112789
vt 0.355578 0.139378
vt 0.713147 0.994873
vt 0.729295 0.979823
vt 0.602786 0.541281
vt 0.590608 0.551640
vt 0.596667 0.535813
vt 0.588059 0.534845
vt 0.012597 0.036154
vt 0.380304 0.675524
vt 0.355895 0.676448
vt 0.459494 0.238079
vt 0.455038 0.520145
vt 0.479854 0.509090
vt 0.462121 0.501974
vt 0.582281 0.426889
vt 0.589268 0.394973
vt 0.599816 0.415886
vt 0.626239 0.941700
vt 0.908711 0.698063
vt 0.926696 0.704122
vt 0.879594 0.007028
vt 0.901799 0.003298
vt 0.896840 0.030764
vt 0.945275 0.711647
vt 0.947052 0.690488
vt 0.967282 0.704497
vt 0.660733 0.941759
vt 0.036331 0.145855
vt 0.032330 0.161473
vt 0.022904 0.159161
vt 0.023056 0.179642
vt 0.013590 0.178626
vt 0.012820 0.158330
vt 0.005403 0.137042
vt 0.025775 0.131539
vt 0.316282 0.866251
vt 0.331255 0.866084
vt 0.320583 0.888694
vt 0.822422 0.088462
vt 0.821071 0.085143
vt 0.830694 0.075261
vt 0.825588 0.057863
vt 0.450173 0.591532
vt 0.436853 0.577546
vt 0.458017 0.589310
vt 0.449733 0.572176
vt 0.460910 0.587259
vt 0.469901 0.599261
vt 0.110302 0.980174
vt 0.118442 0.971491
vt 0.119345 0.992301
vt 0.865762 0.979284
vt 0.870304 0.972063
vt 0.881302 0.976457
vt 0.128388 0.985603
vt 0.876415 0.981512
vt 0.321457 0.170593
vt 0.344414 0.184790
vt 0.484777 0.321996
vt 0.470016 0.296423
vt 0.463841 0.269873
vt 0.465331 0.324112
vt 0.033756 0.738489
vt 0.018605 0.743517
vt 0.024016 0.724853
vt 0.040399 0.724646
vt 0.045132 0.735445
vt 0.940326 0.843664
vt 0.943889 0.837932
vt 0.002452 0.724971
vt 0.030550 0.709997
vt 0.854564 0.260379
vt 0.857388 0.278127
vt 0.843308 0.256265
vt 0.948606 0.390256
vt 0.931064 0.383477
vt 0.932931 0.376348
vt 0.187221 0.455965
vt 0.166830 0.447702
vt 0.842344 0.276695
vt 0.146375 0.445008
vt 0.833011 0.269738
vt 0.521725 0.800108
vt 0.515379 0.825511
vt 0.568532 0.768713
vt 0.564935 0.743275
vt 0.556334 0.730670
vt 0.583113 0.738355
vt 0.542352 0.738236
vt 0.828594 0.916755
vt 0.804915 0.916060
vt 0.821809 0.900882
vt 0.353058 0.540029
vt 0.334900 0.558158
vt 0.331469 0.540908
vt 0.311379 0.545694
vt 0.351472 0.526166
vt 0.327201 0.519327
vt 0.132412 0.218096
vt 0.681891 0.545797
vt 0.675451 0.544417
vt 0.675045 0.488382
vt 0.673568 0.479979
vt 0.686895 0.486173
vt 0.572197 0.202563
vt 0.554643 0.201543
vt 0.553992 0.184330
vt 0.799399 0.538855
vt 0.809095 0.569266
vt 0.289961 0.896771
vt 0.293884 0.913380
vt 0.313636 0.931959
vt 0.292186 0.935504
vt 0.282436 0.923500
vt 0.302751 0.935599
vt 0.620234 0.624816
vt 0.612109 0.599444
vt 0.602418 0.574573
vt 0.615497 0.622358
vt 0.267363 0.028979
vt 0.271033 0.009865
vt 0.275020 0.025893
vt 0.281770 0.039285
vt 0.287503 0.022821
vt 0.287641 0.037687
vt 0.948125 0.994190
vt 0.708176 0.443284
vt 0.684079 0.438663
vt 0.989758 0.014151
vt 0.962454 0.047572
vt 0.964083 0.005809
vt 0.651842 0.433461
vt 0.061208 0.826754
vt 0.159958 0.956291
vt 0.153304 0.981674
vt 0.448240 0.636794
vt 0.427426 0.640483
vt 0.440322 0.624752
vt 0.458289 0.618186
vt 0.447958 0.605991
vt 0.333507 0.871925
vt 0.327033 0.877809
vt 0.504934 0.758261
vt 0.503297 0.766277
vt 0.507692 0.774844
vt 0.203787 0.662303
vt 0.192195 0.645920
vt 0.177256 0.636656
vt 0.198771 0.619077
vt 0.096858 0.548017
vt 0.092956 0.554375
vt 0.082372 0.548656
vt 0.625310 0.252843
vt 0.086762 0.529438
vt 0.156738 0.606300
vt 0.534202 0.687755
vt 0.549825 0.702953
vt 0.423574 0.838057
vt 0.425154 0.863799
vt 0.429164 0.817555
vt 0.816131 0.940725
vt 0.844744 0.933141
vt 0.574707 0.721555
vt 0.603809 0.726452
vt 0.824188 0.966937
vt 0.105174 0.439075
vt 0.100268 0.421795
vt 0.117023 0.437493
vt 0.635472 0.062918
vt 0.055883 0.225612
vt 0.033593 0.223534
vt 0.043858 0.209061
vt 0.303219 0.960918
vt 0.290332 0.963976
vt 0.968601 0.858827
vt 0.950283 0.847633
vt 0.970409 0.848573
vt 0.295940 0.794090
vt 0.674328 0.614883
vt 0.432277 0.537941
vt 0.450869 0.529153
vt 0.450520 0.531894
vt 0.330378 0.606153
vt 0.315642 0.592724
vt 0.890004 0.988876
vt 0.905398 0.994450
vt 0.882820 0.999921
vt 0.877011 0.986296
vt 0.445037 0.768052
vt 0.443173 0.744370
vt 0.959485 0.776350
vt 0.549118 0.220616
vt 0.555312 0.219295
vt 0.566117 0.235029
vt 0.557544 0.238037
vt 0.562811 0.218518
vt 0.940056 0.142300
vt 0.956410 0.128593
vt 0.956899 0.152815
vt 0.969790 0.155501
vt 0.969173 0.163100
vt 0.963578 0.732690
vt 0.942272 0.733445
vt 0.943991 0.713799
vt 0.949565 0.158254
vt 0.969355 0.130982
vt 0.851171 0.217698
vt 0.852272 0.236780
vt 0.640490 0.558641
vt 0.642733 0.560827
vt 0.632740 0.570547
vt 0.850316 0.252400
vt 0.855578 0.235208
vt 0.865726 0.245193
vt 0.685704 0.785667
vt 0.675933 0.795239
vt 0.670638 0.788550
vt 0.061769 0.869778
vt 0.068975 0.870086
vt 0.935550 0.806300
vt 0.948941 0.811272
vt 0.934177 0.819305
vt 0.323762 0.713444
vt 0.301493 0.727795
vt 0.304659 0.717995
vt 0.313611 0.704303
vt 0.780007 0.652731
vt 0.789816 0.642615
vt 0.806707 0.655837
vt 0.798730 0.668448
vt 0.298535 0.711213
vt 0.288618 0.274277
vt 0.255931 0.272780
vt 0.273135 0.272839
vt 0.255017 0.290956
vt 0.032249 0.485956
vt 0.041975 0.480341
vt 0.041317 0.499511
vt 0.634454 0.705374
vt 0.635881 0.723607
vt 0.162480 0.050823
vt 0.027875 0.500098
vt 0.118882 0.834616
vt 0.852200 0.991307
vt 0.854090 0.984438
vt 0.863685 0.988251
vt 0.873061 0.989835
vt 0.861001 0.995213
vt 0.804287 0.728579
vt 0.800089 0.701709
vt 0.814125 0.704884
vt 0.820059 0.707364
vt 0.827816 0.698305
vt 0.805627 0.695420
vt 0.049873 0.027869
vt 0.067019 0.017662
vt 0.059917 0.034998
vt 0.041513 0.362668
vt 0.041349 0.385172
vt 0.017969 0.362668
vt 0.425026 0.071686
vt 0.395502 0.073626
vt 0.386033 0.052515
vt 0.749844 0.307016
vt 0.744337 0.278267
vt 0.265540 0.433910
vt 0.279488 0.426619
vt 0.258019 0.934434
vt 0.273223 0.946438
vt 0.242388 0.935911
vt 0.153625 0.627384
vt 0.890511 0.667505
vt 0.904524 0.665212
vt 0.102016 0.572859
vt 0.758897 0.030873
vt 0.518811 0.038188
vt 0.534839 0.025875
vt 0.546866 0.028829
vt 0.536383 0.044082
vt 0.540237 0.010063
vt 0.712076 0.193854
vt 0.712997 0.190553
vt 0.720318 0.192578
vt 0.696519 0.027046
vt 0.706982 0.013893
vt 0.710159 0.012290
vt 0.201698 0.745610
vt 0.198360 0.729295
vt 0.209713 0.744837
vt 0.209777 0.727947
vt 0.228710 0.726077
vt 0.210216 0.758901
vt 0.228863 0.747208
vt 0.918333 0.532435
vt 0.904157 0.524160
vt 0.900764 0.533736
vt 0.889244 0.509655
vt 0.907038 0.514480
vt 0.735221 0.616763
vt 0.732591 0.598622
vt 0.762385 0.614204
vt 0.176971 0.035383
vt 0.180848 0.006813
vt 0.204321 0.015512
vt 0.757383 0.630832
vt 0.586508 0.686407
vt 0.571253 0.684909
vt 0.224874 0.706866
vt 0.204164 0.710014
vt 0.199581 0.698001
vt 0.194020 0.714048
vt 0.877616 0.926832
vt 0.884816 0.921522
vt 0.888380 0.930239
vt 0.898160 0.929521
vt 0.897874 0.934535
vt 0.891736 0.943083
vt 0.888544 0.920045
vt 0.890469 0.927733
vt 0.756644 0.435001
vt 0.732649 0.449752
vt 0.716116 0.434826
vt 0.734531 0.419663
vt 0.059108 0.327579
vt 0.066242 0.340678
vt 0.042056 0.335290
vt 0.946654 0.619925
vt 0.970186 0.641234
vt 0.948512 0.641165
vt 0.948008 0.661050
vt 0.688174 0.622456
vt 0.329801 0.894171
vt 0.188904 0.675265
vt 0.095465 0.529246
vt 0.103474 0.539782
vt 0.103381 0.549148
vt 0.193395 0.479580
vt 0.170963 0.485364
vt 0.175723 0.474000
vt 0.158256 0.475453
vt 0.176130 0.454147
vt 0.191877 0.458614
vt 0.126862 0.105798
vt 0.130758 0.096112
vt 0.143170 0.103730
vt 0.938303 0.266115
vt 0.945720 0.253990
vt 0.945980 0.266133
vt 0.956446 0.265554
vt 0.948941 0.280925
vt 0.150008 0.099441
vt 0.096453 0.514723
vt 0.136279 0.539726
vt 0.930389 0.994335
vt 0.919118 0.970525
vt 0.935809 0.973906
vt 0.927065 0.954827
vt 0.879778 0.539042
vt 0.882002 0.524224
vt 0.868745 0.518820
vt 0.763531 0.735920
vt 0.780260 0.735728
vt 0.201819 0.022371
vt 0.179734 0.035031
vt 0.348935 0.043986
vt 0.326594 0.027151
vt 0.365609 0.014479
vt 0.379115 0.023188
vt 0.489750 0.649640
vt 0.034100 0.391096
vt 0.044192 0.401926
vt 0.034100 0.401790
vt 0.503639 0.646582
vt 0.249699 0.885040
vt 0.264506 0.899568
vt 0.271897 0.937309
vt 0.824990 0.108333
vt 0.486474 0.596530
vt 0.106451 0.967670
vt 0.060794 0.115087
vt 0.057849 0.123347
vt 0.047493 0.115087
vt 0.375340 0.426607
vt 0.373988 0.462671
vt 0.399210 0.463870
vt 0.396760 0.481265
vt 0.372047 0.479843
vt 0.297596 0.819183
vt 0.279978 0.816691
vt 0.294874 0.795786
vt 0.441796 0.710606
vt 0.417341 0.695912
vt 0.451284 0.678392
vt 0.426124 0.658951
vt 0.275018 0.796231
vt 0.475065 0.692703
vt 0.318681 0.796843
vt 0.557864 0.117462
vt 0.549460 0.103842
vt 0.558463 0.105005
vt 0.581518 0.102559
vt 0.582844 0.117057
vt 0.210287 0.251250
vt 0.536011 0.789065
vt 0.698382 0.554343
vt 0.679527 0.552693
vt 0.665374 0.557023
vt 0.695257 0.546127
vt 0.081494 0.980526
vt 0.084547 0.979954
vt 0.085950 0.995084
vt 0.451950 0.986498
vt 0.459336 0.977088
vt 0.455078 0.990305
vt 0.106079 0.980771
vt 0.109015 0.995872
vt 0.425260 0.993375
vt 0.709776 0.219192
vt 0.704243 0.194801
vt 0.760341 0.849027
vt 0.764002 0.840570
vt 0.903171 0.796265
vt 0.914463 0.801957
vt 0.898667 0.801254
vt 0.759748 0.837878
vt 0.913763 0.805274
vt 0.885001 0.798974
vt 0.784455 0.632979
vt 0.680458 0.850537
vt 0.662394 0.852682
vt 0.674487 0.833897
vt 0.651886 0.842539
vt 0.656920 0.828619
vt 0.082758 0.702286
vt 0.081759 0.681285
vt 0.320467 0.249553
vt 0.316626 0.270271
vt 0.321497 0.290178
vt 0.302871 0.272318
vt 0.135331 0.841778
vt 0.119155 0.853987
vt 0.035084 0.520645
vt 0.025912 0.516321
vt 0.041251 0.507086
vt 0.063386 0.500932
vt 0.056974 0.516723
vt 0.093955 0.655657
vt 0.632696 0.930293
vt 0.617023 0.939501
vt 0.616306 0.911259
vt 0.507154 0.042209
vt 0.506980 0.029461
vt 0.530689 0.056756
vt 0.938275 0.346249
vt 0.952500 0.352174
vt 0.947172 0.363831
vt 0.247204 0.758070
vt 0.243267 0.774739
vt 0.231783 0.762115
vt 0.227950 0.763888
vt 0.832335 0.341633
vt 0.840660 0.325470
vt 0.699725 0.001748
vt 0.684700 0.000038
vt 0.450245 0.004125
vt 0.450245 0.025184
vt 0.431920 0.003478
vt 0.754387 0.524448
vt 0.757756 0.550023
vt 0.428548 0.026283
vt 0.418057 0.003102
vt 0.765428 0.531513
vt 0.141035 0.046076
vt 0.604155 0.631469
vt 0.586079 0.634981
vt 0.602468 0.627405
vt 0.935453 0.905474
vt 0.930757 0.887323
vt 0.963443 0.890110
vt 0.944284 0.950396
vt 0.942280 0.868749
vt 0.963174 0.918084
vt 0.964796 0.863354
vt 0.962741 0.961039
vt 0.950598 0.966273
vt 0.935494 0.970773
vt 0.720376 0.390457
vt 0.966693 0.249270
vt 0.161867 0.159829
vt 0.180917 0.166973
vt 0.984999 0.234045
vt 0.474970 0.102778
vt 0.451148 0.073042
vt 0.595736 0.003613
vt 0.599803 0.027395
vt 0.576608 0.029941
vt 0.466017 0.050873
vt 0.422617 0.050070
vt 0.446350 0.100456
vt 0.642108 0.835665
vt 0.647503 0.827754
vt 0.641170 0.823760
vt 0.056851 0.470442
vt 0.066321 0.484218
vt 0.065208 0.497010
vt 0.191653 0.878938
vt 0.072630 0.816916
vt 0.903041 0.625823
vt 0.159361 0.583967
vt 0.152397 0.582095
vt 0.538896 0.314125
vt 0.535155 0.285896
vt 0.551411 0.304161
vt 0.130885 0.731761
vt 0.147437 0.739540
vt 0.544361 0.282633
vt 0.156876 0.715969
vt 0.119441 0.215424
vt 0.109927 0.209583
vt 0.052319 0.746677
vt 0.041122 0.752252
vt 0.121751 0.200928
vt 0.109454 0.192010
vt 0.764598 0.153174
vt 0.774643 0.170828
vt 0.782062 0.140018
vt 0.759442 0.188953
vt 0.771359 0.198059
vt 0.792452 0.174027
vt 0.712593 0.934390
vt 0.754803 0.927678
vt 0.388705 0.095050
vt 0.354898 0.105017
vt 0.347501 0.081868
vt 0.071429 0.231456
vt 0.077628 0.243713
vt 0.065599 0.237403
vt 0.160515 0.572034
vt 0.734048 0.289175
vt 0.746775 0.295877
vt 0.724373 0.306111
vt 0.729086 0.278886
vt 0.709405 0.314063
vt 0.579490 0.468444
vt 0.560570 0.482321
vt 0.392110 0.425961
vt 0.410000 0.414840
vt 0.405186 0.430528
vt 0.402826 0.226407
vt 0.394958 0.207141
vt 0.408151 0.202924
vt 0.543698 0.497239
vt 0.553768 0.481477
vt 0.418523 0.222880
vt 0.939646 0.015573
vt 0.943055 0.027694
vt 0.020384 0.495338
vt 0.019032 0.480075
vt 0.934457 0.035870
vt 0.556301 0.707487
vt 0.019218 0.186879
vt 0.009967 0.186398
vt 0.558763 0.698819
vt 0.004276 0.177342
vt 0.436975 0.537575
vt 0.429016 0.543703
vt 0.081519 0.051302
vt 0.083637 0.113731
vt 0.073211 0.114035
vt 0.428601 0.562205
vt 0.053627 0.112902
vt 0.082772 0.122336
vt 0.277043 0.586923
vt 0.246716 0.595915
vt 0.606270 0.349773
vt 0.625723 0.356160
vt 0.458170 0.191176
vt 0.663949 0.029561
vt 0.674207 0.019391
vt 0.635670 0.637918
vt 0.638943 0.663293
vt 0.625048 0.664885
vt 0.621919 0.639564
vt 0.643226 0.689748
vt 0.928881 0.115348
vt 0.945205 0.111104
vt 0.941105 0.126523
vt 0.924537 0.131346
vt 0.795334 0.469674
vt 0.781363 0.461270
vt 0.771135 0.476913
vt 0.961834 0.534788
vt 0.956649 0.538999
vt 0.890091 0.601041
vt 0.391950 0.723505
vt 0.409484 0.176473
vt 0.408692 0.161664
vt 0.424666 0.159594
vt 0.664045 0.329052
vt 0.669007 0.340530
vt 0.754487 0.770200
vt 0.745491 0.767129
vt 0.070366 0.361802
vt 0.067914 0.373313
vt 0.086253 0.377759
vt 0.082690 0.393668
vt 0.068373 0.395935
vt 0.053698 0.383553
vt 0.534229 0.405598
vt 0.487683 0.038470
vt 0.500647 0.053752
vt 0.868811 0.097984
vt 0.728546 0.373342
vt 0.745816 0.371495
vt 0.747719 0.385851
vt 0.042807 0.456663
vt 0.761705 0.373494
vt 0.729971 0.389207
vt 0.252893 0.513980
vt 0.265142 0.516523
vt 0.264595 0.526592
vt 0.251557 0.525529
vt 0.282351 0.526659
vt 0.261716 0.550882
vt 0.556519 0.326235
vt 0.561305 0.339317
vt 0.542234 0.332150
vt 0.124935 0.076977
vt 0.440272 0.494203
vt 0.430693 0.514095
vt 0.425094 0.526815
vt 0.589475 0.761557
vt 0.571688 0.748639
vt 0.606305 0.781031
vt 0.820912 0.464402
vt 0.820390 0.470401
vt 0.813047 0.485875
vt 0.646904 0.017338
vt 0.655591 0.008243
vt 0.013770 0.968787
vt 0.027430 0.948640
vt 0.020402 0.938711
vt 0.018249 0.946682
vt 0.036599 0.945348
vt 0.600897 0.186484
vt 0.931148 0.290125
vt 0.946845 0.298799
vt 0.927128 0.308597
vt 0.914785 0.296573
vt 0.924985 0.326843
vt 0.942183 0.314776
vt 0.765595 0.563864
vt 0.806526 0.400258
vt 0.792261 0.416857
vt 0.780400 0.562652
vt 0.866348 0.505872
vt 0.760313 0.735694
vt 0.732595 0.740190
vt 0.743969 0.750229
vt 0.069865 0.154824
vt 0.082412 0.156994
vt 0.068139 0.145863
vt 0.086982 0.150425
vt 0.228713 0.593742
vt 0.233940 0.602325
vt 0.226765 0.599422
vt 0.605213 0.338053
vt 0.613021 0.338815
vt 0.050777 0.147126
vt 0.039723 0.126904
vt 0.052155 0.124255
vt 0.733701 0.069904
vt 0.477129 0.709871
vt 0.499097 0.717014
vt 0.475875 0.725861
vt 0.723436 0.070516
vt 0.706806 0.890525
vt 0.692038 0.870563
vt 0.711041 0.872236
vt 0.184755 0.956419
vt 0.205829 0.953392
vt 0.187923 0.979079
vt 0.692723 0.853044
vt 0.129705 0.967412
vt 0.122935 0.958894
vt 0.913395 0.939771
vt 0.919144 0.948073
vt 0.904168 0.947883
vt 0.896924 0.960011
vt 0.912685 0.962074
vt 0.869798 0.233691
vt 0.855354 0.216751
vt 0.868487 0.212579
vt 0.852244 0.197057
vt 0.865821 0.192203
vt 0.625984 0.499444
vt 0.629028 0.537570
vt 0.623894 0.520030
vt 0.967751 0.417947
vt 0.975142 0.408944
vt 0.961371 0.404230
vt 0.979616 0.398405
vt 0.984832 0.407993
vt 0.415151 0.537133
vt 0.786405 0.895976
vt 0.584255 0.833547
vt 0.699993 0.556891
vt 0.592477 0.114566
vt 0.603724 0.109807
vt 0.600056 0.123192
vt 0.624598 0.116526
vt 0.601848 0.125971
vt 0.062160 0.946047
vt 0.152017 0.027331
vt 0.556991 0.670659
vt 0.547862 0.692795
vt 0.153066 0.007641
vt 0.659025 0.661318
vt 0.665440 0.220535
vt 0.704386 0.224750
vt 0.677670 0.234794
vt 0.277534 0.255690
vt 0.177159 0.827743
vt 0.156777 0.825709
vt 0.626247 0.797096
vt 0.637417 0.813161
vt 0.168126 0.247404
vt 0.634476 0.829046
vt 0.277811 0.994038
vt 0.710175 0.055119
vt 0.404650 0.914215
vt 0.099428 0.507981
vt 0.318166 0.027618
vt 0.299094 0.043621
vt 0.315321 0.019903
vt 0.341475 0.017213
vt 0.299285 0.010268
vt 0.643958 0.621138
vt 0.914057 0.902932
vt 0.920639 0.897120
vt 0.922128 0.903712
vt 0.742189 0.823570
vt 0.955176 0.414786
vt 0.944266 0.410667
vt 0.945376 0.403376
vt 0.938169 0.399817
vt 0.838575 0.884134
vt 0.836122 0.898702
vt 0.828905 0.914985
vt 0.660620 0.741758
vt 0.639180 0.734679
vt 0.040977 0.162106
vt 0.525768 0.722186
vt 0.980625 0.093614
vt 0.994897 0.084235
vt 0.996260 0.063368
vt 0.273527 0.346077
vt 0.262933 0.345843
vt 0.259969 0.330940
vt 0.788745 0.198413
vt 0.785515 0.186069
vt 0.126691 0.332035
vt 0.127345 0.354440
vt 0.138286 0.369348
vt 0.162061 0.336047
vt 0.752486 0.912841
vt 0.517400 0.338617
vt 0.611044 0.408070
vt 0.619712 0.405051
vt 0.662677 0.088479
vt 0.670346 0.087127
vt 0.663949 0.108224
vt 0.936375 0.482045
vt 0.674384 0.112823
vt 0.624786 0.422377
vt 0.914975 0.463501
vt 0.900481 0.461623
vt 0.914975 0.458716
vt 0.934374 0.464842
vt 0.573439 0.553202
vt 0.390853 0.775689
vt 0.413771 0.772628
vt 0.412786 0.782666
vt 0.624466 0.638548
vt 0.596415 0.646128
vt 0.100170 0.150302
vt 0.102253 0.128594
vt 0.114805 0.134737
vt 0.750316 0.965474
vt 0.765407 0.949847
vt 0.770214 0.962323
vt 0.791522 0.965204
vt 0.753669 0.981042
vt 0.118045 0.143882
vt 0.331472 0.354910
vt 0.342803 0.353033
vt 0.760153 0.077018
vt 0.752219 0.068646
vt 0.832534 0.046317
vt 0.333043 0.421880
vt 0.058060 0.925965
vt 0.901695 0.149602
vt 0.802212 0.962625
vt 0.774387 0.961403
vt 0.372002 0.272896
vt 0.382222 0.270446
vt 0.375207 0.253076
vt 0.208014 0.483724
vt 0.202644 0.507936
vt 0.187796 0.503952
vt 0.199060 0.461722
vt 0.520273 0.241906
vt 0.542077 0.240812
vt 0.541588 0.256850
vt 0.540362 0.925963
vt 0.530934 0.912839
vt 0.029542 0.865369
vt 0.034986 0.868525
vt 0.216442 0.435685
vt 0.927134 0.098729
vt 0.933361 0.107049
vt 0.909889 0.111270
vt 0.724377 0.915461
vt 0.725324 0.931124
vt 0.920652 0.522483
vt 0.378746 0.081926
vt 0.366899 0.038742
vt 0.390432 0.027565
vt 0.871455 0.817635
vt 0.872281 0.802386
vt 0.336638 0.693364
vt 0.240770 0.852039
vt 0.252743 0.868078
vt 0.236615 0.875358
vt 0.096898 0.222973
vt 0.106080 0.220984
vt 0.617137 0.698469
vt 0.027959 0.094372
vt 0.020562 0.092993
vt 0.016454 0.071177
vt 0.025974 0.069144
vt 0.510390 0.966919
vt 0.499873 0.985890
vt 0.520812 0.972866
vt 0.749895 0.402368
vt 0.773350 0.856416
vt 0.163788 0.683215
vt 0.179313 0.699454
vt 0.179297 0.149163
vt 0.160704 0.715303
vt 0.304901 0.570633
vt 0.072155 0.777344
vt 0.053544 0.403550
vt 0.877019 0.670093
vt 0.874445 0.689436
vt 0.440195 0.889493
vt 0.432965 0.917560
vt 0.257695 0.773490
vt 0.264349 0.695890
vt 0.965421 0.395338
vt 0.954889 0.379674
vt 0.970740 0.385459
vt 0.864722 0.291367
vt 0.847785 0.293842
vt 0.851210 0.303706
vt 0.979947 0.387454
vt 0.643880 0.545342
vt 0.666322 0.558424
vt 0.411250 0.952252
vt 0.406263 0.949577
vt 0.424389 0.943589
vt 0.945771 0.029636
vt 0.962304 0.031349
vt 0.961068 0.034530
vt 0.943310 0.713050
vt 0.983522 0.967713
vt 0.974011 0.995175
vt 0.969706 0.976346
vt 0.489502 0.953571
vt 0.483569 0.939084
vt 0.497534 0.940212
vt 0.796639 0.569338
vt 0.804177 0.557909
vt 0.053775 0.159450
vt 0.054060 0.175614
vt 0.252467 0.564660
vt 0.251745 0.560504
vt 0.123377 0.864657
vt 0.125563 0.867894
vt 0.125933 0.438221
vt 0.139266 0.460198
vt 0.258931 0.552490
vt 0.323255 0.993382
vt 0.304346 0.985854
vt 0.072625 0.516286
vt 0.067360 0.528549
vt 0.891043 0.974452
vt 0.351634 0.412360
vt 0.284281 0.627886
vt 0.305227 0.636568
vt 0.289131 0.644415
vt 0.919916 0.888090
vt 0.911273 0.889969
vt 0.914596 0.878841
vt 0.901883 0.875323
vt 0.923646 0.872104
vt 0.197837 0.303914
vt 0.316160 0.071867
vt 0.091792 0.906999
vt 0.131437 0.124868
vt 0.119764 0.119612
vt 0.962273 0.277422
vt 0.512432 0.439933
vt 0.055313 0.935377
vt 0.479242 0.224737
vt 0.486019 0.204756
vt 0.809737 0.732458
vt 0.789237 0.720162
vt 0.085653 0.365763
vt 0.325759 0.885127
vt 0.344606 0.910628
vt 0.459489 0.177194
vt 0.459533 0.159618
vt 0.442742 0.166923
vt 0.226848 0.041485
vt 0.249311 0.034074
vt 0.245981 0.049795
vt 0.857281 0.968247
vt 0.855323 0.974973
vt 0.846202 0.966150
vt 0.264993 0.042208
vt 0.262611 0.058259
vt 0.245671 0.179107
vt 0.237492 0.152968
vt 0.260753 0.184122
vt 0.705269 0.374783
vt 0.949436 0.070001
vt 0.923263 0.041964
vt 0.947520 0.047448
vt 0.948743 0.031731
vt 0.244801 0.553988
vt 0.227679 0.553064
vt 0.235187 0.523289
vt 0.217198 0.519834
vt 0.219435 0.510272
vt 0.127659 0.208983
vt 0.091054 0.006193
vt 0.098838 0.006502
vt 0.094599 0.029970
vt 0.095346 0.043342
vt 0.077407 0.044138
vt 0.079154 0.219583
vt 0.086404 0.237848
vt 0.107147 0.239295
vt 0.091707 0.257244
vt 0.978339 0.750608
vt 0.981540 0.732155
vt 0.716264 0.621338
vt 0.741579 0.622925
vt 0.739033 0.642676
vt 0.393498 0.754075
vt 0.413461 0.755754
vt 0.690378 0.071292
vt 0.677386 0.060824
vt 0.402641 0.333728
vt 0.298780 0.702650
vt 0.326714 0.686742
vt 0.949413 0.249059
vt 0.627342 0.029710
vt 0.641041 0.031790
vt 0.637455 0.042381
vt 0.621833 0.036747
vt 0.639183 0.052726
vt 0.681763 0.460575
vt 0.666449 0.436875
vt 0.512495 0.836407
vt 0.540287 0.827629
vt 0.535593 0.851302
vt 0.540874 0.865816
vt 0.513845 0.877867
vt 0.683483 0.806180
vt 0.679643 0.834522
vt 0.705244 0.667451
vt 0.768202 0.920368
vt 0.091292 0.668858
vt 0.530258 0.947520
vt 0.536210 0.929444
vt 0.896228 0.791705
vt 0.871382 0.766259
vt 0.893206 0.770281
vt 0.881198 0.763252
vt 0.479725 0.641567
vt 0.421802 0.935901
vt 0.411724 0.932500
vt 0.381888 0.544316
vt 0.379707 0.528506
vt 0.588833 0.508054
vt 0.362342 0.769015
vt 0.366622 0.789410
vt 0.342684 0.784922
vt 0.902393 0.898476
vt 0.693894 0.769628
vt 0.609009 0.890501
vt 0.604283 0.194256
vt 0.888017 0.303982
vt 0.869955 0.305095
vt 0.879521 0.287874
vt 0.941102 0.536502
vt 0.939375 0.531410
vt 0.944745 0.528757
vt 0.972322 0.323430
vt 0.957633 0.337506
vt 0.953453 0.317299
vt 0.282830 0.517090
vt 0.284290 0.495785
vt 0.301255 0.498148
vt 0.153534 0.493806
vt 0.299870 0.514386
vt 0.566501 0.033231
vt 0.554402 0.010927
vt 0.638795 0.863083
vt 0.648485 0.854977
vt 0.647537 0.868460
vt 0.573345 0.012467
vt 0.660202 0.874133
vt 0.258663 0.253515
vt 0.889135 0.464148
vt 0.288539 0.543317
vt 0.135877 0.412038
vt 0.144728 0.432927
vt 0.569763 0.973849
vt 0.634870 0.480271
vt 0.165341 0.373430
vt 0.145684 0.398019
vt 0.144508 0.366328
vt 0.927538 0.820666
vt 0.931397 0.805033
vt 0.569306 0.575296
vt 0.274128 0.462820
vt 0.554334 0.603779
vt 0.587592 0.572667
vt 0.650893 0.043380
vt 0.647615 0.026677
vt 0.113017 0.330907
vt 0.132921 0.317473
vt 0.920244 0.337734
vt 0.556303 0.054427
vt 0.554171 0.065931
vt 0.992348 0.052068
vt 0.376947 0.741537
vt 0.377016 0.757747
vt 0.936495 0.604384
vt 0.951705 0.590161
vt 0.943657 0.630737
vt 0.181248 0.605681
vt 0.697158 0.047492
vt 0.707197 0.049229
vt 0.217776 0.606503
vt 0.219290 0.605007
vt 0.231283 0.705877
vt 0.660488 0.147406
vt 0.241526 0.192283
vt 0.388636 0.149693
vt 0.394294 0.129991
vt 0.398565 0.138964
vt 0.962129 0.465826
vt 0.133061 0.946875
vt 0.255603 0.196220
vt 0.573237 0.048880
vt 0.568333 0.035292
vt 0.581798 0.030457
vt 0.583427 0.042564
vt 0.600189 0.028628
vt 0.141298 0.082686
vt 0.463983 0.317222
vt 0.280652 0.934124
vt 0.692371 0.900467
vt 0.703978 0.920555
vt 0.354610 0.845131
vt 0.693802 0.146462
vt 0.398175 0.675764
vt 0.350108 0.629094
vt 0.195445 0.075997
vt 0.901144 0.873713
vt 0.637561 0.122089
vt 0.926125 0.747433
vt 0.928607 0.772595
vt 0.832733 0.711236
vt 0.821132 0.739996
vt 0.454201 0.962093
vt 0.470571 0.953316
vt 0.419255 0.126895
vt 0.443052 0.128473
vt 0.469635 0.128412
vt 0.687371 0.890038
vt 0.940941 0.097931
vt 0.907341 0.095206
vt 0.701665 0.893553
vt 0.956477 0.578838
vt 0.802504 0.966053
vt 0.236666 0.810042
vt 0.231443 0.798580
vt 0.191481 0.755897
vt 0.186055 0.736493
vt 0.781318 0.021986
vt 0.394078 0.028424
vt 0.961988 0.118242
vt 0.268517 0.366592
vt 0.326108 0.088613
vt 0.789473 0.221091
vt 0.790694 0.211821
vt 0.460416 0.971874
vt 0.480199 0.960432
vt 0.929870 0.637848
vt 0.945878 0.631129
vt 0.756575 0.409765
vt 0.802073 0.437634
vt 0.886335 0.976411
vt 0.900430 0.985325
vt 0.699189 0.371303
vt 0.764493 0.634218
vt 0.512406 0.129430
vt 0.759273 0.655392
vt 0.335926 0.294100
vt 0.199974 0.516560
vt 0.209594 0.551033
vt 0.663837 0.942843
vt 0.672659 0.935926
vt 0.261126 0.657275
vt 0.859580 0.651844
vt 0.882197 0.656411
vt 0.404001 0.431320
vt 0.419890 0.466315
vt 0.415859 0.481857
vt 0.392828 0.014805
vt 0.389583 0.017638
vt 0.806839 0.764079
vt 0.766423 0.792792
vt 0.921246 0.276745
vt 0.946240 0.272671
vt 0.922476 0.150943
vt 0.940504 0.174784
vt 0.614671 0.030658
vt 0.206954 0.823894
vt 0.210214 0.840066
vt 0.214392 0.856652
vt 0.167559 0.589432
vt 0.161364 0.595356
vt 0.031743 0.101816
vt 0.687040 0.981909
vt 0.680133 0.961651
vt 0.692944 0.976082
vt 0.322836 0.715315
vt 0.072182 0.757490
vt 0.681986 0.044379
vt 0.614415 0.326443
vt 0.092774 0.630837
vt 0.112531 0.649455
vt 0.092102 0.651512
vt 0.682479 0.322724
vt 0.110413 0.671088
vt 0.399915 0.934970
vt 0.353869 0.953786
vt 0.393333 0.633196
vt 0.396887 0.388940
vt 0.451825 0.069450
vt 0.445633 0.051226
vt 0.684757 0.479009
vt 0.696381 0.458029
vt 0.538872 0.087567
vt 0.841534 0.345156
vt 0.760943 0.702712
vt 0.578644 0.069650
vt 0.557878 0.054814
vt 0.613317 0.340571
vt 0.531723 0.519806
vt 0.032928 0.005482
vt 0.259732 0.813711
vt 0.243387 0.810040
vt 0.238287 0.818646
vt 0.118041 0.614267
vt 0.626723 0.550779
vt 0.829366 0.656537
vt 0.587559 0.425226
vt 0.838623 0.643124
vt 0.355598 0.073733
vt 0.349773 0.046244
vt 0.728670 0.837392
vt 0.758113 0.826856
vt 0.792859 0.550159
vt 0.073910 0.211552
vt 0.193857 0.548691
vt 0.557046 0.983916
vt 0.583412 0.980370
vt 0.182049 0.544692
vt 0.549701 0.726395
vt 0.074631 0.003254
vt 0.603920 0.935616
vt 0.567650 0.634656
vt 0.259815 0.640520
vt 0.557524 0.635182
vt 0.249873 0.017657
vt 0.133086 0.640093
vt 0.158696 0.639959
vt 0.492416 0.123808
vt 0.147360 0.597567
vt 0.152826 0.589312
vt 0.154019 0.599040
vt 0.152616 0.606127
vt 0.145936 0.604900
vt 0.475255 0.994684
vt 0.525754 0.748339
vt 0.516282 0.749910
vt 0.525847 0.723185
vt 0.088981 0.485372
vt 0.910930 0.966136
vt 0.293582 0.973670
vt 0.290167 0.971290
vt 0.033209 0.992770
vt 0.295878 0.976910
vt 0.672937 0.476552
vt 0.534189 0.231253
vt 0.761828 0.577041
vt 0.042108 0.388110
vt 0.763377 0.352783
vt 0.345195 0.480648
vt 0.326722 0.157665
vt 0.326721 0.150714
vt 0.832097 0.808913
vt 0.089252 0.272900
vt 0.139870 0.195578
vt 0.024221 0.014102
vt 0.035471 0.027638
vt 0.994903 0.103611
vt 0.980277 0.114369
vt 0.820199 0.790802
vt 0.839989 0.486634
vt 0.666097 0.237146
vt 0.051913 0.147117
vt 0.405016 0.660918
vt 0.404824 0.650842
vt 0.427714 0.653915
vt 0.454624 0.650112
vt 0.433613 0.662952
vt 0.408916 0.642101
vt 0.934315 0.209628
vt 0.746906 0.021669
vt 0.749767 0.001208
vt 0.761888 0.010784
vt 0.681727 0.010125
vt 0.676607 0.013092
vt 0.044771 0.905083
vt 0.042977 0.914961
vt 0.606697 0.549169
vt 0.615683 0.532203
vt 0.621062 0.544238
vt 0.428152 0.970342
vt 0.680811 0.142552
vt 0.814819 0.684258
vt 0.790456 0.675100
vt 0.814931 0.669900
vt 0.792887 0.686817
vt 0.780582 0.833588
vt 0.178437 0.717161
vt 0.167426 0.750450
vt 0.428226 0.044305
vt 0.428244 0.027218
vt 0.177023 0.774198
vt 0.276829 0.049171
vt 0.730183 0.956003
vt 0.597787 0.037223
vt 0.607582 0.037030
vt 0.267502 0.494582
vt 0.711935 0.871113
vt 0.540995 0.454836
vt 0.510709 0.187485
vt 0.513317 0.167497
vt 0.982327 0.769061
vt 0.960258 0.771580
vt 0.956772 0.340548
vt 0.957522 0.753376
vt 0.982995 0.787472
vt 0.364327 0.992163
vt 0.340299 0.985521
vt 0.354058 0.960557
vt 0.945279 0.919052
vt 0.059179 0.758467
vt 0.767380 0.099339
vt 0.751604 0.097992
vt 0.538406 0.339400
vt 0.555229 0.345742
vt 0.687436 0.572887
vt 0.700966 0.570333
vt 0.681765 0.360505
vt 0.689041 0.385189
vt 0.932491 0.541366
vt 0.134226 0.021085
vt 0.156225 0.039848
vt 0.761823 0.333804
vt 0.298793 0.978806
vt 0.982400 0.508605
vt 0.853271 0.634735
vt 0.561165 0.536311
vt 0.460016 0.144593
vt 0.538219 0.954329
vt 0.304128 0.613534
vt 0.327974 0.642201
vt 0.893872 0.889710
vt 0.567793 0.253043
vt 0.560592 0.254578
vt 0.223081 0.230022
vt 0.539750 0.826334
vt 0.672257 0.574310
vt 0.677378 0.869773
vt 0.684975 0.834249
vt 0.023500 0.528704
vt 0.949045 0.844652
vt 0.928355 0.862516
vt 0.924875 0.844652
vt 0.968182 0.663284
vt 0.946191 0.683659
vt 0.308882 0.581166
vt 0.303779 0.598679
vt 0.185770 0.678177
vt 0.184210 0.704193
vt 0.174934 0.684383
vt 0.150704 0.540493
vt 0.077797 0.897997
vt 0.090944 0.885694
vt 0.106322 0.897775
vt 0.536760 0.878748
vt 0.534710 0.892661
vt 0.370153 0.123521
vt 0.381391 0.142050
vt 0.058063 0.226617
vt 0.618036 0.252086
vt 0.842620 0.396490
vt 0.820294 0.380686
vt 0.833689 0.364946
vt 0.858227 0.382278
vt 0.739873 0.643473
vt 0.055202 0.748802
vt 0.852419 0.053867
vt 0.391987 0.149805
vt 0.638869 0.936901
vt 0.408623 0.933267
vt 0.406051 0.923129
vt 0.597004 0.523913
vt 0.276906 0.693147
vt 0.276660 0.784738
vt 0.515127 0.596024
vt 0.523879 0.575437
vt 0.528135 0.582562
vt 0.745431 0.517109
vt 0.230364 0.027273
vt 0.227401 0.016571
vt 0.128358 0.907783
vt 0.136743 0.913668
vt 0.444579 0.588356
vt 0.146820 0.903202
vt 0.291981 0.976622
vt 0.696395 0.483780
vt 0.502719 0.592498
vt 0.497735 0.606014
vt 0.479506 0.600627
vt 0.695662 0.472695
vt 0.710799 0.905660
vt 0.473049 0.626340
vt 0.478806 0.663804
vt 0.016501 0.261078
vt 0.361913 0.901072
vt 0.364057 0.904736
vt 0.564308 0.580305
vt 0.577146 0.561308
vt 0.584815 0.565511
vt 0.906035 0.667478
vt 0.405939 0.976152
vt 0.410343 0.975027
vt 0.419280 0.986254
vt 0.086312 0.505724
vt 0.583395 0.079643
vt 0.318299 0.838602
vt 0.127772 0.176296
vt 0.045359 0.706230
vt 0.217078 0.100642
vt 0.217447 0.139779
vt 0.926485 0.776861
vt 0.586814 0.925858
vt 0.280544 0.044441
vt 0.212996 0.464116
vt 0.205298 0.775880
vt 0.412998 0.028418
vt 0.553946 0.651322
vt 0.551629 0.711959
vt 0.884221 0.610063
vt 0.587986 0.232424
vt 0.943885 0.331072
vt 0.952543 0.318468
vt 0.647120 0.573314
vt 0.429020 0.987782
vt 0.631912 0.693943
vt 0.624121 0.100780
vt 0.656810 0.044343
vt 0.604810 0.448401
vt 0.651202 0.458424
vt 0.649378 0.414412
vt 0.224485 0.064872
vt 0.205611 0.055010
vt 0.224485 0.025113
vt 0.390790 0.116187
vt 0.702598 0.927805
vt 0.706500 0.915238
vt 0.527777 0.004735
vt 0.640295 0.847345
vt 0.305690 0.524005
vt 0.161240 0.203734
vt 0.168055 0.205286
vt 0.289137 0.975153
vt 0.235191 0.625179
vt 0.221359 0.609904
vt 0.880956 0.759539
vt 0.758028 0.940752
vt 0.322321 0.825513
vt 0.737202 0.984268
vt 0.668173 0.716542
vt 0.728707 0.010629
vt 0.423965 0.942504
vt 0.128420 0.373210
vt 0.729707 0.873168
vt 0.715333 0.871257
vt 0.704122 0.862825
vt 0.065427 0.252319
vt 0.876465 0.408090
vt 0.894101 0.927720
vt 0.676877 0.080129
vt 0.058557 0.044416
vt 0.170681 0.499246
vt 0.145504 0.422404
vt 0.782502 0.664687
vt 0.965258 0.685766
vt 0.989243 0.665332
vt 0.988457 0.940275
vt 0.984407 0.688667
vt 0.397886 0.019425
vt 0.300845 0.521109
vt 0.301741 0.526334
vt 0.151777 0.500367
vt 0.683765 0.941487
vt 0.678406 0.990661
vt 0.110616 0.257780
vt 0.125007 0.148275
vt 0.767254 0.103605
vt 0.836305 0.642525
vt 0.083188 0.004726
vt 0.412596 0.551909
vt 0.418716 0.542489
vt 0.198380 0.047377
vt 0.045459 0.207839
vt 0.047842 0.198163
vt 0.055497 0.208154
vt 0.064923 0.203276
vt 0.582775 0.534312
vt 0.528955 0.673091
vt 0.672240 0.061046
vt 0.057645 0.247446
vt 0.301643 0.942373
vt 0.889868 0.856377
vt 0.667886 0.165195
vt 0.062410 0.114597
vt 0.088717 0.127683
vt 0.799823 0.785125
vt 0.682978 0.773189
vt 0.640473 0.686942
vt 0.556750 0.068703
vt 0.968351 0.703507
vt 0.948781 0.689906
vt 0.968351 0.689477
vt 0.954499 0.063524
vt 0.973574 0.036345
vt 0.993137 0.050558
vt 0.077919 0.518712
vt 0.764036 0.656343
vt 0.989858 0.016293
vt 0.420314 0.098456
vt 0.524106 0.929827
vt 0.351663 0.512241
vt 0.379546 0.508983
vt 0.359294 0.498735
vt 0.655325 0.707721
vt 0.389396 0.203334
vt 0.469941 0.246020
vt 0.672332 0.966987
vt 0.862028 0.349000
vt 0.877796 0.368950
vt 0.896097 0.396898
vt 0.392637 0.298090
vt 0.711402 0.924607
vt 0.906672 0.124638
vt 0.681920 0.000869
vt 0.679706 0.008655
vt 0.672227 0.012441
vt 0.686210 0.885259
vt 0.680050 0.704515
vt 0.407810 0.547294
vt 0.777336 0.394666
vt 0.408794 0.146561
vt 0.096692 0.796807
vt 0.114864 0.617695
vt 0.254313 0.312927
vt 0.396685 0.410924
vt 0.910845 0.680780
vt 0.678126 0.115785
vt 0.203889 0.807887
vt 0.088371 0.005586
vt 0.761129 0.988074
vt 0.961456 0.008469
vt 0.945169 0.005348
vt 0.961846 0.005124
vt 0.109151 0.979725
vt 0.419863 0.724368
vt 0.903001 0.985564
vt 0.895915 0.965060
vt 0.907943 0.990599
vt 0.758154 0.123878
vt 0.109980 0.876223
vt 0.098870 0.890026
vt 0.649777 0.706005
vt 0.070140 0.907509
vt 0.167115 0.209205
vt 0.610947 0.208835
vt 0.547123 0.631620
vt 0.313641 0.683742
vt 0.231244 0.873067
vt 0.931499 0.508717
vt 0.956286 0.114270
vt 0.945396 0.104111
vt 0.865812 0.599808
vt 0.258867 0.470106
vt 0.263756 0.489419
vt 0.473486 0.155384
vt 0.425594 0.971815
vt 0.045185 0.401450
vt 0.850556 0.180569
vt 0.926491 0.800046
vt 0.918738 0.766878
vt 0.698088 0.838136
vt 0.699585 0.828354
vt 0.936882 0.795586
vt 0.897645 0.974151
vt 0.777584 0.894038
vt 0.749957 0.925047
vt 0.211060 0.826096
vt 0.351366 0.912330
vt 0.062305 0.916340
vt 0.057638 0.922501
vt 0.052083 0.916340
vt 0.521904 0.572466
vt 0.533712 0.557717
vt 0.216918 0.778412
vt 0.989464 0.967746
vt 0.372096 0.195759
vt 0.046205 0.226898
vt 0.870734 0.234739
vt 0.333845 0.335173
vt 0.089116 0.679065
vt 0.096000 0.715807
vt 0.099523 0.561292
vt 0.345639 0.952221
vt 0.646494 0.059705
vt 0.384642 0.028757
vt 0.909203 0.368620
vt 0.910321 0.375661
vt 0.892424 0.374071
vt 0.936166 0.101101
vt 0.985014 0.389159
vt 0.851319 0.308730
vt 0.010437 0.770214
vt 0.000233 0.744880
vt 0.395227 0.103813
vt 0.396884 0.132442
vt 0.054543 0.672813
vt 0.352779 0.960852
vt 0.056062 0.243707
vt 0.049958 0.249288
vt 0.049988 0.242636
vt 0.700143 0.854070
vt 0.494609 0.431689
vt 0.955820 0.860552
vt 0.351534 0.487188
vt 0.363747 0.595738
vt 0.058095 0.185307
vt 0.467729 0.605328
vt 0.033716 0.255410
vt 0.419168 0.814051
vt 0.056804 0.249484
vt 0.426293 0.963358
vt 0.439879 0.971547
vt 0.948458 0.567180
vt 0.930088 0.583071
vt 0.938988 0.560963
vt 0.952185 0.580818
vt 0.558202 0.844096
vt 0.574572 0.824089
vt 0.549054 0.821958
vt 0.563919 0.819031
vt 0.107021 0.042411
vt 0.697229 0.994778
vt 0.745688 0.024584
vt 0.487881 0.986930
vt 0.762122 0.014158
s 1
usemtl Material_1
f 2/1/1 3/2/2 1/3/3
f 4/4/4 5/5/5 1/6/6
f 6/7/7 4/4/4 1/6/6
f 3/2/2 6/8/8 1/3/3
f 5/5/5 2/9/9 1/6/6
f 8/10/10 9/11/11 7/12/12
f 9/13/13 10/14/14 7/15/15
f 11/16/16 12/17/17 7/15/15
f 13/18/18 8/10/10 7/12/12
f 12/19/19 13/18/18 7/12/12
f 10/14/14 11/16/16 7/15/15
f 15/20/20 16/21/21 14/22/22
f 17/23/23 15/24/24 14/25/25
f 16/21/21 18/26/26 14/22/22
f 19/27/27 20/28/28 14/25/25
f 18/26/26 19/29/29 14/22/22
f 20/28/28 17/23/23 14/25/25
f 22/30/30 23/31/31 21/32/32
f 24/33/33 25/34/34 21/32/32
f 26/35/35 22/30/30 21/32/32
f 23/31/31 24/33/33 21/32/32
f 28/36/36 29/37/37 27/38/38
f 30/39/39 28/36/36 27/38/38
f 31/40/40 32/41/41 27/42/42
f 32/43/43 30/39/39 27/38/38
f 29/44/44 33/45/45 27/42/42
f 33/45/45 31/40/40 27/42/42
f 35/46/46 36/47/47 34/48/48
f 37/49/49 38/50/50 34/51/51
f 39/52/52 35/46/46 34/48/48
f 40/53/53 37/49/49 34/51/51
f 38/50/50 39/54/54 34/51/51
f 36/47/47 40/55/55 34/48/48
f 42/56/56 43/57/57 41/58/58
f 44/59/59 45/60/60 41/58/58
f 46/61/61 42/56/56 41/58/58
f 43/57/57 47/62/62 41/58/58
f 47/62/62 48/63/63 41/58/58
f 45/60/60 46/61/61 41/58/58
f 48/63/63 44/59/59 41/58/58
f 50/64/64 51/65/65 49/66/66
f 52/67/67 53/68/68 49/66/66
f 54/69/69 50/64/64 49/66/66
f 51/65/65 52/67/67 49/66/66
f 53/68/68 55/70/70 49/66/66
f 55/70/70 54/69/69 49/66/66
f 57/71/71 58/72/72 56/73/73
f 59/74/74 60/75/75 56/76/76
f 58/72/72 59/77/77 56/73/73
f 61/78/78 62/79/79 56/73/73
f 62/79/79 57/71/71 56/73/73
f 60/80/80 61/78/78 56/73/73
f 64/81/81 65/82/82 63/83/83
f 66/84/84 64/85/85 63/86/86
f 67/87/87 68/88/88 63/86/86
f 68/88/88 66/84/84 63/86/86
f 65/82/82 67/89/89 63/83/83
f 70/90/90 71/91/91 69/92/92
f 72/93/93 70/90/90 69/92/92
f 73/94/94 74/95/95 69/92/92
f 71/96/96 45/97/97 69/98/98
f 74/95/95 72/93/93 69/92/92
f 75/99/99 73/100/100 69/98/98
f 45/97/97 75/99/99 69/98/98
f 77/101/101 78/102/102 76/103/103
f 79/104/104 80/105/105 76/103/103
f 78/102/102 81/106/106 76/103/103
f 81/106/106 79/104/104 76/103/103
f 82/107/107 77/101/101 76/103/103
f 80/105/105 82/107/107 76/103/103
f 84/108/108 85/109/109 83/110/110
f 86/111/111 87/112/112 83/110/110
f 87/112/112 88/113/113 83/110/110
f 88/113/113 84/108/108 83/110/110
f 85/109/109 86/111/111 83/110/110
f 90/114/114 91/115/115 89/116/116
f 92/117/117 93/118/118 89/119/119
f 91/115/115 94/120/120 89/116/116
f 94/121/121 92/117/117 89/119/119
f 93/118/118 95/122/122 89/119/119
f 95/123/123 90/114/114 89/116/116
f 97/124/124 98/125/125 96/126/126
f 99/127/127 100/128/128 96/129/129
f 100/130/130 101/131/131 96/126/126
f 98/125/125 102/132/132 96/126/126
f 102/133/133 99/127/127 96/129/129
f 101/131/131 97/124/124 96/126/126
f 104/134/134 105/135/135 103/136/136
f 105/137/137 106/138/138 103/139/139
f 107/140/140 108/141/141 103/136/136
f 108/141/141 109/142/142 103/136/136
f 109/142/142 104/134/134 103/136/136
f 106/138/138 107/143/143 103/139/139
f 111/144/144 112/145/145 110/146/146
f 113/147/147 111/144/144 110/146/146
f 112/148/148 114/149/149 110/150/150
f 115/151/151 116/152/152 110/150/150
f 114/149/149 115/151/151 110/150/150
f 117/153/153 113/147/147 110/146/146
f 116/154/154 117/153/153 110/146/146
f 119/155/155 120/156/156 118/157/157
f 121/158/158 122/159/159 118/160/160
f 123/161/161 124/162/162 118/163/163
f 120/156/156 125/164/164 118/157/157
f 124/162/162 126/165/165 118/163/163
f 125/166/166 123/161/161 118/163/163
f 127/167/167 119/155/155 118/157/157
f 122/159/159 128/168/168 118/160/160
f 128/168/168 129/169/169 118/160/160
f 129/170/170 127/167/167 118/157/157
f 126/165/165 121/171/171 118/163/163
f 131/172/172 132/173/173 130/174/174
f 133/175/175 134/176/176 130/177/177
f 135/178/178 133/175/175 130/177/177
f 132/179/179 135/178/178 130/177/177
f 134/176/176 136/180/180 130/177/177
f 137/181/181 131/172/172 130/174/174
f 136/182/182 137/181/181 130/174/174
f 139/183/183 140/184/184 138/185/185
f 140/184/184 141/186/186 138/185/185
f 141/186/186 142/187/187 138/185/185
f 142/187/187 143/188/188 138/185/185
f 143/188/188 139/183/183 138/185/185
f 145/189/189 146/190/190 144/191/191
f 147/192/192 145/193/192 144/194/192
f 148/195/193 149/196/194 144/197/195
f 146/198/196 148/199/196 144/200/196
f 150/201/197 147/202/198 144/197/195
f 149/196/194 150/201/197 144/197/195
f 152/203/199 153/204/200 151/205/201
f 154/206/202 155/207/203 151/205/201
f 155/207/203 156/208/204 151/205/201
f 153/204/200 154/206/202 151/205/201
f 156/208/204 152/203/199 151/205/201
f 158/209/205 159/210/206 157/211/207
f 160/212/208 161/213/209 157/214/210
f 159/210/206 162/215/211 157/211/207
f 162/215/211 160/216/212 157/211/207
f 163/217/213 158/218/214 157/219/215
f 161/220/216 163/217/213 157/219/215
f 165/221/217 166/222/218 164/223/219
f 167/224/220 168/225/221 164/226/222
f 169/227/223 170/228/224 164/226/222
f 166/229/225 169/227/223 164/226/222
f 170/228/224 167/224/220 164/226/222
f 168/230/226 165/221/217 164/223/219
f 172/231/227 173/232/228 171/233/229
f 174/234/230 175/235/231 171/236/232
f 74/95/95 176/237/233 171/238/234
f 176/239/235 174/234/230 171/236/232
f 173/240/236 74/95/95 171/238/234
f 175/241/237 172/231/227 171/233/229
f 178/242/238 179/243/239 177/244/240
f 180/245/241 181/246/242 177/244/240
f 181/246/242 182/247/243 177/244/240
f 183/248/244 180/249/245 177/250/246
f 182/247/243 178/242/238 177/244/240
f 179/251/247 184/252/248 177/250/246
f 184/252/248 183/248/244 177/250/246
f 186/253/249 187/254/250 185/255/251
f 188/256/252 189/257/253 185/258/254
f 190/259/255 186/260/256 185/258/254
f 187/254/250 188/261/257 185/255/251
f 191/262/258 190/259/255 185/258/254
f 189/257/253 191/262/258 185/258/254
f 193/263/259 194/264/260 192/265/261
f 194/264/260 195/266/262 192/265/261
f 196/267/263 197/268/264 192/269/265
f 198/270/266 193/263/259 192/265/261
f 195/271/267 196/267/263 192/269/265
f 197/268/264 198/272/268 192/269/265
f 200/273/269 201/274/270 199/275/271
f 202/276/272 203/277/273 199/275/271
f 201/274/270 202/276/272 199/275/271
f 204/278/274 200/273/269 199/275/271
f 203/277/273 205/279/275 199/275/271
f 205/279/275 204/278/274 199/275/271
f 207/280/276 208/281/277 206/282/278
f 209/283/279 210/284/280 206/282/278
f 211/285/281 207/280/276 206/282/278
f 212/286/282 209/283/279 206/282/278
f 210/284/280 213/287/283 206/282/278
f 213/287/283 211/285/281 206/282/278
f 208/281/277 212/286/282 206/282/278
f 215/288/284 216/289/285 214/290/286
f 217/291/287 215/288/284 214/290/286
f 216/289/285 218/292/288 214/290/286
f 218/292/288 219/293/289 214/290/286
f 219/293/289 217/291/287 214/290/286
f 221/294/290 222/295/291 220/296/292
f 223/297/293 224/298/294 220/299/295
f 224/300/296 225/301/297 220/302/298
f 226/303/299 223/304/300 220/296/292
f 225/301/297 221/305/301 220/302/298
f 222/295/291 226/303/299 220/296/292
f 228/306/302 229/307/303 227/308/304
f 230/309/305 231/310/306 227/311/307
f 232/312/308 233/313/309 227/308/304
f 234/314/310 230/309/305 227/311/307
f 229/307/303 232/312/308 227/308/304
f 233/315/311 234/314/310 227/311/307
f 231/316/312 228/306/302 227/308/304
f 236/317/313 237/318/314 235/319/315
f 238/320/316 236/317/313 235/319/315
f 237/318/314 239/321/317 235/319/315
f 239/321/317 238/320/316 235/319/315
f 241/322/318 242/323/319 240/324/320
f 243/325/321 244/326/322 240/327/323
f 245/328/324 246/329/325 240/324/320
f 247/330/326 243/325/321 240/327/323
f 242/323/319 245/328/324 240/324/320
f 246/329/325 247/331/327 240/324/320
f 244/326/322 241/332/328 240/327/323
f 249/333/329 250/334/330 248/335/331
f 251/336/332 252/337/333 248/335/331
f 250/334/330 253/338/334 248/335/331
f 253/338/334 251/336/332 248/335/331
f 252/337/333 254/339/335 248/335/331
f 254/339/335 249/333/329 248/335/331
f 256/340/336 257/341/337 255/342/338
f 258/343/339 256/340/336 255/342/338
f 259/344/340 258/345/341 255/346/342
f 260/347/343 261/348/344 255/349/345
f 257/341/337 260/350/346 255/342/338
f 261/348/344 259/351/347 255/349/345
f 263/352/348 264/353/349 262/354/350
f 264/353/349 265/355/351 262/354/350
f 265/356/352 266/357/353 262/358/354
f 266/357/353 267/359/355 262/358/354
f 267/360/356 263/352/348 262/354/350
f 269/361/357 270/362/358 268/363/359
f 271/364/360 272/365/361 268/363/359
f 273/366/362 274/367/363 268/363/359
f 272/365/361 269/361/357 268/363/359
f 274/367/363 271/364/360 268/363/359
f 270/362/358 273/366/362 268/363/359
f 276/368/364 277/369/365 275/370/366
f 278/371/367 279/372/368 275/373/369
f 279/372/368 276/374/370 275/373/369
f 281/375/371 282/376/372 280/377/373
f 283/378/374 284/379/375 280/377/373
f 284/379/375 285/380/376 280/377/373
f 285/380/376 281/375/371 280/377/373
f 287/381/377 288/382/378 286/383/379
f 289/384/380 290/385/381 286/383/379
f 288/382/378 289/384/380 286/383/379
f 291/386/382 287/381/377 286/383/379
f 290/385/381 291/386/382 286/383/379
f 293/387/383 294/388/384 292/389/385
f 295/390/386 296/391/387 292/392/388
f 297/393/389 295/390/386 292/392/388
f 296/391/387 293/394/390 292/392/388
f 294/395/391 297/393/389 292/392/388
f 299/396/392 300/397/393 298/398/394
f 301/399/395 219/400/396 298/398/394
f 302/401/397 303/402/398 298/398/394
f 300/397/393 301/399/395 298/398/394
f 303/402/398 299/396/392 298/398/394
f 219/400/396 302/401/397 298/398/394
f 305/403/399 306/404/400 304/405/401
f 307/406/402 308/407/403 304/405/401
f 308/407/403 305/403/399 304/405/401
f 309/408/404 307/406/402 304/405/401
f 306/404/400 309/408/404 304/405/401
f 311/409/405 312/410/406 310/411/407
f 313/412/408 314/413/409 310/411/407
f 315/414/410 313/412/408 310/411/407
f 314/413/409 311/409/405 310/411/407
f 312/410/406 316/415/411 310/411/407
f 316/415/411 315/414/410 310/411/407
f 318/416/412 319/417/413 317/418/414
f 320/419/415 321/420/416 317/418/414
f 322/421/417 320/419/415 317/418/414
f 319/417/413 323/422/418 317/418/414
f 323/422/418 322/421/417 317/418/414
f 321/420/416 318/416/412 317/418/414
f 324/423/419 325/424/420 221/294/290
f 326/425/421 324/426/422 221/305/301
f 325/424/420 222/295/291 221/294/290
f 225/301/297 326/425/421 221/305/301
f 328/427/423 329/428/424 327/429/425
f 330/430/426 328/427/423 327/429/425
f 329/428/424 331/431/427 327/429/425
f 331/431/427 332/432/428 327/429/425
f 334/433/429 335/434/430 333/435/431
f 336/436/432 337/437/433 333/435/431
f 338/438/434 336/436/432 333/435/431
f 337/437/433 339/439/435 333/435/431
f 335/434/430 340/440/436 333/435/431
f 339/439/435 334/433/429 333/435/431
f 340/440/436 338/438/434 333/435/431
f 342/441/437 343/442/438 341/443/439
f 344/444/440 342/441/437 341/443/439
f 343/442/438 345/445/441 341/443/439
f 346/446/442 344/444/440 341/443/439
f 345/445/441 346/446/442 341/443/439
f 348/447/443 349/448/444 347/449/445
f 349/448/444 26/450/446 347/449/445
f 350/451/447 348/447/443 347/449/445
f 352/452/448 353/453/449 351/454/450
f 354/455/451 355/456/452 351/457/453
f 356/458/454 354/455/451 351/457/453
f 357/459/455 352/460/456 351/461/457
f 355/456/452 357/462/458 351/457/453
f 353/453/449 356/463/459 351/454/450
f 359/464/460 360/465/461 358/466/462
f 360/465/461 361/467/463 358/466/462
f 362/468/464 363/469/465 358/466/462
f 361/467/463 362/468/464 358/466/462
f 365/470/466 366/471/467 364/472/468
f 367/473/469 368/474/470 364/475/471
f 368/474/470 369/476/472 364/475/471
f 370/477/473 365/478/474 364/475/471
f 371/479/475 367/473/469 364/475/471
f 366/471/467 371/480/476 364/472/468
f 369/476/472 370/477/473 364/475/471
f 373/481/477 374/482/477 372/483/477
f 374/484/478 375/485/479 372/486/480
f 376/487/481 377/488/482 372/489/483
f 378/490/484 379/491/485 372/492/486
f 377/488/482 373/493/487 372/489/483
f 375/494/488 378/490/484 372/492/486
f 379/495/489 376/496/490 372/497/491
f 381/498/492 382/499/493 380/500/494
f 382/499/493 383/501/495 380/500/494
f 384/502/496 385/503/497 380/500/494
f 383/501/495 384/502/496 380/500/494
f 385/503/497 381/498/492 380/500/494
f 387/504/498 388/505/499 386/506/500
f 389/507/501 387/504/498 386/506/500
f 388/505/499 390/508/502 386/506/500
f 391/509/503 389/510/504 386/511/505
f 390/508/502 392/512/506 386/506/500
f 392/512/506 391/513/507 386/506/500
f 394/514/508 395/515/509 393/516/510
f 396/517/511 397/518/512 393/516/510
f 398/519/513 396/517/511 393/516/510
f 397/518/512 394/514/508 393/516/510
f 395/515/509 398/519/513 393/516/510
f 400/520/514 401/521/515 399/522/516
f 401/521/515 402/523/517 399/522/516
f 403/524/518 404/525/519 399/522/516
f 402/523/517 403/524/518 399/522/516
f 404/525/519 400/520/514 399/522/516
f 406/526/520 407/527/521 405/528/522
f 408/529/523 406/526/520 405/528/522
f 409/530/524 410/531/525 405/532/526
f 411/533/527 409/530/524 405/532/526
f 410/531/525 408/534/528 405/532/526
f 407/527/521 411/535/529 405/528/522
f 413/536/530 414/537/531 412/538/532
f 415/539/533 413/540/534 412/541/535
f 416/542/536 417/543/537 412/538/532
f 418/544/538 415/539/533 412/541/535
f 414/537/531 416/542/536 412/538/532
f 417/545/539 418/544/538 412/541/535
f 420/546/540 421/547/541 419/548/542
f 422/549/543 423/550/544 419/548/542
f 421/547/541 424/551/545 419/548/542
f 425/552/546 420/553/547 419/554/548
f 424/551/545 422/549/543 419/548/542
f 423/550/544 425/555/549 419/548/542
f 427/556/550 428/557/551 426/558/552
f 429/559/553 430/560/554 426/558/552
f 431/561/555 427/556/550 426/558/552
f 428/557/551 432/562/556 426/558/552
f 432/562/556 429/559/553 426/558/552
f 430/560/554 431/561/555 426/558/552
f 433/563/557 434/564/558 186/565/559
f 435/566/560 187/254/250 186/253/249
f 436/567/561 437/568/562 186/569/563
f 190/570/564 436/567/561 186/569/563
f 434/564/558 435/571/565 186/565/559
f 437/572/566 433/563/557 186/565/559
f 439/573/567 440/574/568 438/575/569
f 441/576/570 442/577/571 438/575/569
f 443/578/572 441/576/570 438/575/569
f 442/577/571 439/573/567 438/575/569
f 440/574/568 444/579/573 438/575/569
f 444/579/573 443/578/572 438/575/569
f 446/580/574 447/581/575 445/582/576
f 448/583/577 446/580/574 445/582/576
f 449/584/578 450/585/579 445/582/576
f 447/581/575 449/584/578 445/582/576
f 450/585/579 448/583/577 445/582/576
f 452/586/580 453/587/581 451/588/582
f 453/587/581 454/589/583 451/588/582
f 454/589/583 455/590/584 451/588/582
f 455/590/584 452/586/580 451/588/582
f 457/591/585 458/592/586 456/593/587
f 459/594/588 460/595/589 456/596/590
f 461/597/591 457/591/585 456/593/587
f 458/592/586 462/598/592 456/593/587
f 462/599/593 463/600/594 456/596/590
f 463/600/594 459/594/588 456/596/590
f 460/601/595 461/597/591 456/593/587
f 465/602/596 466/603/597 464/604/598
f 467/605/599 468/606/600 464/607/601
f 468/606/600 469/608/602 464/607/601
f 11/16/16 467/605/599 464/607/601
f 469/609/603 465/602/596 464/604/598
f 466/610/604 11/16/16 464/607/601
f 471/611/605 472/612/606 470/613/607
f 473/614/608 474/615/609 470/613/607
f 474/615/609 471/611/605 470/613/607
f 475/616/610 473/614/608 470/613/607
f 472/612/606 476/617/611 470/613/607
f 476/617/611 475/616/610 470/613/607
f 478/618/612 479/619/613 477/620/614
f 480/621/615 481/622/616 477/620/614
f 481/622/616 478/618/612 477/620/614
f 482/623/617 483/624/618 477/620/614
f 483/624/618 480/621/615 477/620/614
f 479/619/613 482/623/617 477/620/614
f 484/625/619 485/626/620 84/627/621
f 88/113/113 486/628/622 84/108/108
f 486/629/623 484/625/619 84/627/621
f 485/626/620 85/630/624 84/627/621
f 488/631/625 489/632/626 487/633/627
f 490/634/628 491/635/629 487/636/630
f 489/637/631 490/634/628 487/636/630
f 491/635/629 492/638/632 487/636/630
f 493/639/633 488/631/625 487/633/627
f 492/640/634 493/639/633 487/633/627
f 494/641/635 495/642/636 111/144/144
f 496/643/637 112/145/145 111/144/144
f 113/147/147 494/641/635 111/144/144
f 495/642/636 496/643/637 111/144/144
f 498/644/638 499/645/639 497/646/640
f 500/647/641 501/648/642 497/646/640
f 502/649/643 503/650/644 497/646/640
f 501/648/642 502/649/643 497/646/640
f 503/650/644 498/644/638 497/646/640
f 499/645/639 500/647/641 497/646/640
f 505/651/645 506/652/646 504/653/647
f 506/652/646 507/654/648 504/653/647
f 508/655/649 505/651/645 504/653/647
f 507/656/650 509/657/651 504/658/652
f 510/659/653 508/655/649 504/653/647
f 509/657/651 510/660/654 504/658/652
f 512/661/655 513/662/656 511/663/657
f 514/664/658 512/661/655 511/663/657
f 515/665/659 514/664/658 511/663/657
f 513/662/656 516/666/660 511/663/657
f 516/666/660 515/665/659 511/663/657
f 517/667/661 518/668/662 42/56/56
f 46/61/61 519/669/663 42/56/56
f 518/668/662 520/670/664 42/56/56
f 520/670/664 43/57/57 42/56/56
f 519/669/663 517/667/661 42/56/56
f 522/671/665 523/672/666 521/673/667
f 524/674/668 522/671/665 521/673/667
f 525/675/669 524/674/668 521/673/667
f 523/672/666 526/676/670 521/673/667
f 403/524/518 525/675/669 521/673/667
f 404/525/519 403/524/518 521/673/667
f 526/676/670 404/525/519 521/673/667
f 528/677/671 529/678/672 527/679/673
f 529/678/672 530/680/674 527/679/673
f 531/681/675 528/677/671 527/679/673
f 532/682/676 531/681/675 527/679/673
f 530/683/677 532/684/677 527/685/677
f 534/686/678 535/687/679 533/688/680
f 536/689/681 537/690/682 533/691/683
f 537/692/684 538/693/685 533/688/680
f 539/694/686 536/689/681 533/691/683
f 535/695/687 539/694/686 533/691/683
f 538/693/685 534/686/678 533/688/680
f 541/696/688 542/697/689 540/698/690
f 543/699/691 544/700/692 540/701/693
f 544/700/692 545/702/694 540/701/693
f 545/703/695 541/696/688 540/698/690
f 542/697/689 543/704/696 540/698/690
f 547/705/697 95/706/698 546/707/699
f 548/708/700 549/709/701 546/707/699
f 550/710/702 551/711/703 546/707/699
f 552/712/704 548/708/700 546/707/699
f 551/711/703 547/705/697 546/707/699
f 549/709/701 550/710/702 546/707/699
f 95/706/698 552/712/704 546/707/699
f 553/713/705 554/714/706 305/715/707
f 308/407/403 553/716/708 305/403/399
f 555/717/709 306/718/710 305/719/711
f 556/720/712 555/717/709 305/719/711
f 554/721/713 556/720/712 305/719/711
f 13/18/18 557/722/714 8/10/10
f 557/723/715 558/724/716 8/725/717
f 558/724/716 9/726/718 8/725/717
f 559/727/719 560/728/720 15/24/24
f 17/23/23 559/727/719 15/24/24
f 560/729/721 561/730/722 15/731/723
f 561/732/724 16/733/725 15/734/726
f 563/735/727 564/736/728 562/737/729
f 564/736/728 226/738/730 562/737/729
f 565/739/731 566/740/732 562/737/729
f 567/741/733 565/742/734 562/743/735
f 226/744/736 567/741/733 562/743/735
f 566/740/732 563/735/727 562/737/729
f 569/745/737 570/746/737 568/747/738
f 571/748/739 569/749/740 568/750/741
f 572/751/742 571/748/739 568/750/741
f 570/752/743 572/751/742 568/750/741
f 574/753/744 575/754/745 573/755/746
f 576/756/747 577/757/748 573/758/749
f 575/754/745 360/465/461 573/755/746
f 360/465/461 578/759/750 573/755/746
f 577/760/751 574/753/744 573/755/746
f 578/759/750 579/761/752 573/755/746
f 579/762/753 576/756/747 573/758/749
f 581/763/754 582/764/755 580/765/756
f 583/766/757 584/767/758 580/768/759
f 585/769/760 581/763/754 580/765/756
f 582/764/755 583/770/761 580/765/756
f 584/767/758 586/771/762 580/768/759
f 586/771/762 585/772/763 580/768/759
f 588/773/764 589/774/765 587/775/766
f 590/776/767 591/777/768 587/778/769
f 592/779/770 588/773/764 587/775/766
f 591/780/771 593/781/772 587/782/773
f 589/783/774 590/784/774 587/785/774
f 593/781/772 592/786/775 587/782/773
f 595/787/776 596/788/777 594/789/778
f 596/788/777 597/790/779 594/789/778
f 597/790/779 595/787/776 594/789/778
f 4/4/4 6/7/7 598/791/780
f 599/792/781 600/793/782 598/791/780
f 6/7/7 601/794/783 598/791/780
f 602/795/784 603/796/785 598/797/786
f 601/798/787 602/795/784 598/797/786
f 600/793/782 4/4/4 598/791/780
f 603/799/788 599/792/781 598/791/780
f 99/127/127 605/800/789 604/801/790
f 100/128/128 99/127/127 604/801/790
f 605/800/789 425/802/791 604/801/790
f 425/802/791 423/803/792 604/801/790
f 423/803/792 100/128/128 604/801/790
f 607/804/793 608/805/794 606/806/795
f 609/807/796 610/808/797 606/809/798
f 611/810/799 609/807/796 606/809/798
f 610/811/800 607/804/793 606/806/795
f 608/805/794 611/812/801 606/806/795
f 613/813/802 614/814/803 612/815/804
f 615/816/805 616/817/806 612/815/804
f 617/818/807 618/819/808 612/815/804
f 614/814/803 615/816/805 612/815/804
f 618/819/808 613/813/802 612/815/804
f 616/817/806 617/818/807 612/815/804
f 620/820/809 621/821/810 619/822/811
f 622/823/812 620/824/813 619/825/814
f 623/826/815 622/823/812 619/825/814
f 624/827/816 623/826/815 619/825/814
f 625/828/817 624/829/818 619/822/811
f 621/821/810 625/828/817 619/822/811
f 627/830/819 628/831/820 626/832/821
f 629/833/822 627/830/819 626/832/821
f 630/834/823 629/833/822 626/832/821
f 631/835/824 630/834/823 626/832/821
f 632/836/825 631/835/824 626/832/821
f 628/831/820 632/836/825 626/832/821
f 634/837/826 635/838/827 633/839/828
f 636/840/829 637/841/830 633/839/828
f 638/842/831 634/837/826 633/839/828
f 635/838/827 636/840/829 633/839/828
f 637/841/830 638/842/831 633/839/828
f 640/843/832 641/844/833 639/845/834
f 642/846/835 643/847/836 639/848/837
f 641/849/838 642/846/835 639/848/837
f 643/850/839 640/843/832 639/845/834
f 644/851/840 645/852/841 207/280/276
f 211/285/281 644/851/840 207/280/276
f 645/852/841 646/853/842 207/280/276
f 646/853/842 208/281/277 207/280/276
f 648/854/843 649/855/844 647/856/845
f 650/857/846 651/858/847 647/856/845
f 649/855/844 652/859/848 647/856/845
f 652/860/849 653/861/850 647/862/851
f 651/858/847 648/854/843 647/856/845
f 653/863/852 650/857/846 647/856/845
f 655/864/853 656/865/854 654/866/855
f 657/867/856 658/868/857 654/866/855
f 656/865/854 659/869/858 654/866/855
f 659/869/858 657/867/856 654/866/855
f 660/870/859 655/864/853 654/866/855
f 658/868/857 660/870/859 654/866/855
f 28/871/860 662/872/861 661/873/862
f 663/874/863 664/875/864 661/873/862
f 665/876/865 663/874/863 661/873/862
f 29/877/866 28/871/860 661/873/862
f 664/875/864 29/877/866 661/873/862
f 662/872/861 665/876/865 661/873/862
f 667/878/867 668/879/868 666/880/869
f 669/881/870 392/882/871 666/880/869
f 670/883/872 667/884/873 666/885/874
f 392/512/506 670/883/872 666/885/874
f 668/879/868 669/881/870 666/880/869
f 672/886/875 673/887/876 671/888/877
f 674/889/878 675/890/879 671/891/880
f 673/892/881 674/889/878 671/891/880
f 676/893/882 677/894/883 671/888/877
f 677/894/883 672/886/875 671/888/877
f 675/890/879 676/895/884 671/891/880
f 679/896/885 680/897/886 678/898/887
f 681/899/888 682/900/889 678/898/887
f 683/901/890 681/899/888 678/898/887
f 680/897/886 683/901/890 678/898/887
f 682/900/889 684/902/891 678/898/887
f 684/902/891 679/896/885 678/898/887
f 686/903/892 687/904/893 685/905/894
f 688/906/895 689/907/896 685/905/894
f 283/378/374 686/903/892 685/905/894
f 690/908/897 691/909/898 685/905/894
f 691/909/898 688/906/895 685/905/894
f 689/907/896 283/378/374 685/905/894
f 687/904/893 690/908/897 685/905/894
f 692/910/899 466/603/597 465/602/596
f 693/911/900 692/910/899 465/602/596
f 694/912/901 693/911/902 465/602/596
f 469/609/603 694/912/901 465/602/596
f 696/913/903 697/914/904 695/915/905
f 698/916/906 699/917/907 695/915/905
f 700/918/908 698/919/909 695/920/910
f 697/921/911 701/922/912 695/920/910
f 701/922/912 700/918/908 695/920/910
f 699/917/907 696/913/903 695/915/905
f 703/923/913 704/924/914 702/925/915
f 705/926/916 706/927/917 702/925/915
f 706/927/917 707/928/918 702/925/915
f 708/929/919 705/926/916 702/925/915
f 704/924/914 708/929/919 702/925/915
f 707/928/918 703/923/913 702/925/915
f 710/930/920 711/931/921 709/932/922
f 711/931/921 712/933/923 709/932/922
f 713/934/924 384/935/925 709/932/922
f 384/935/925 383/936/926 709/932/922
f 383/936/926 710/930/920 709/932/922
f 712/933/923 713/934/924 709/932/922
f 715/937/927 716/938/928 714/939/929
f 716/938/928 579/940/930 714/939/929
f 578/941/931 717/942/932 714/939/929
f 579/761/752 578/759/750 714/943/933
f 718/944/934 719/945/935 131/172/172
f 719/945/935 720/946/936 131/172/172
f 720/946/936 721/947/937 131/172/172
f 721/947/937 132/173/173 131/172/172
f 137/181/181 718/944/934 131/172/172
f 723/948/938 724/949/939 722/950/940
f 725/951/941 723/952/942 722/953/943
f 726/954/944 725/955/945 722/956/946
f 727/957/947 728/958/948 722/956/946
f 724/959/949 727/957/947 722/956/946
f 728/958/948 726/954/944 722/956/946
f 729/960/950 730/961/951 640/843/832
f 643/850/839 729/960/950 640/843/832
f 730/961/951 731/962/952 640/843/832
f 731/962/952 641/844/833 640/843/832
f 732/963/953 733/964/954 457/591/585
f 733/964/954 734/965/955 457/591/585
f 461/597/591 732/963/953 457/591/585
f 734/965/955 735/966/956 457/591/585
f 735/966/956 458/592/586 457/591/585
f 737/967/957 738/968/958 736/969/959
f 98/970/960 739/971/961 736/972/962
f 738/968/958 102/973/963 736/969/959
f 102/973/963 98/974/964 736/969/959
f 740/975/965 737/967/957 736/969/959
f 739/971/961 740/976/966 736/972/962
f 742/977/967 743/978/968 741/979/969
f 744/980/970 745/981/971 741/979/969
f 743/978/968 744/980/970 741/979/969
f 745/981/971 742/977/967 741/979/969
f 747/982/972 748/983/973 746/984/974
f 749/985/975 750/986/976 746/984/974
f 750/986/976 747/982/972 746/984/974
f 752/987/977 753/988/978 751/989/979
f 534/686/678 538/693/685 751/989/979
f 754/990/980 534/686/678 751/989/979
f 753/988/978 754/990/980 751/989/979
f 755/991/981 752/987/977 751/989/979
f 538/693/685 755/991/981 751/989/979
f 756/992/982 162/215/211 228/306/302
f 162/215/211 229/307/303 228/306/302
f 231/316/312 756/992/982 228/306/302
f 758/993/983 194/994/984 757/995/985
f 193/996/986 759/997/987 757/995/985
f 194/994/984 193/996/986 757/995/985
f 761/998/988 570/999/989 760/1000/990
f 354/455/451 762/1001/991 760/1000/990
f 763/1002/992 354/455/451 760/1000/990
f 762/1001/991 761/998/988 760/1000/990
f 570/999/989 763/1002/992 760/1000/990
f 765/1003/993 766/1004/994 764/1005/995
f 767/1006/996 768/1007/997 764/1005/995
f 768/1007/997 769/1008/998 764/1005/995
f 769/1008/998 765/1003/993 764/1005/995
f 766/1004/994 767/1006/996 764/1005/995
f 771/1009/999 772/1010/1000 770/1011/1001
f 773/1012/1002 774/1013/1003 770/1014/1004
f 774/1013/1003 771/1015/1005 770/1014/1004
f 47/62/62 520/670/664 770/1011/1001
f 520/1016/1006 773/1012/1002 770/1014/1004
f 772/1010/1000 47/62/62 770/1011/1001
f 776/1017/1007 777/1018/1008 775/1019/1009
f 778/1020/1010 704/1021/1011 775/1019/1009
f 779/1022/1012 778/1023/1013 775/1024/1014
f 704/1021/1011 776/1017/1007 775/1019/1009
f 777/1025/1015 779/1022/1012 775/1024/1014
f 781/1026/1016 782/1027/1017 780/1028/1018
f 783/1029/1019 784/1030/1020 780/1031/1021
f 785/1032/1022 786/1033/1023 780/1028/1018
f 787/1034/1024 785/1032/1022 780/1028/1018
f 784/1035/1025 788/1036/1026 780/1037/1027
f 782/1038/1028 783/1029/1019 780/1031/1021
f 788/1036/1026 787/1039/1029 780/1037/1027
f 786/1033/1023 781/1026/1016 780/1028/1018
f 790/1040/1030 791/1041/1031 789/1042/1032
f 792/1043/1033 793/1044/1034 789/1045/1035
f 793/1044/1034 790/1046/1036 789/1045/1035
f 791/1047/1037 794/1048/1038 789/1049/1039
f 794/1048/1038 792/1050/1040 789/1049/1039
f 795/1051/1041 366/471/467 365/470/466
f 370/1052/1042 796/1053/1043 365/470/466
f 796/1053/1043 795/1051/1041 365/470/466
f 797/1054/1044 592/779/770 723/952/942
f 725/951/941 797/1054/1044 723/952/942
f 592/786/775 593/781/772 723/948/938
f 593/781/772 724/949/939 723/948/938
f 597/1055/1045 798/1056/1046 595/1057/1047
f 799/1058/1048 596/1059/1049 595/1057/1047
f 798/1056/1046 799/1058/1048 595/1057/1047
f 801/1060/1050 802/1061/1051 800/1062/1052
f 599/792/781 803/1063/1053 800/1062/1052
f 804/1064/1054 805/1065/1055 800/1062/1052
f 805/1065/1055 600/793/782 800/1062/1052
f 600/793/782 599/792/781 800/1062/1052
f 803/1063/1053 801/1060/1050 800/1062/1052
f 802/1061/1051 804/1064/1054 800/1062/1052
f 807/1066/1056 808/1067/1057 806/1068/1058
f 809/1069/1059 810/1070/1060 806/1068/1058
f 808/1071/1061 811/1072/1062 806/1073/1063
f 810/1070/1060 807/1066/1056 806/1068/1058
f 811/1072/1062 809/1074/1064 806/1073/1063
f 813/1075/1065 814/1076/1066 812/1077/1067
f 815/1078/1068 816/1079/1069 812/1077/1067
f 817/1080/1070 815/1078/1068 812/1077/1067
f 814/1076/1066 818/1081/1071 812/1077/1067
f 818/1081/1071 819/1082/1072 812/1077/1067
f 819/1082/1072 817/1080/1070 812/1077/1067
f 816/1079/1069 813/1075/1065 812/1077/1067
f 408/529/523 820/1083/1073 406/526/520
f 821/1084/1074 407/527/521 406/526/520
f 820/1083/1073 821/1084/1074 406/526/520
f 823/1085/1075 539/694/686 822/1086/1076
f 824/1087/1077 823/1085/1075 822/1086/1076
f 539/694/686 535/695/687 822/1086/1076
f 535/695/687 824/1087/1077 822/1086/1076
f 825/1088/1078 294/388/384 293/387/383
f 296/391/387 826/1089/1079 293/394/390
f 826/1089/1079 827/1090/1080 293/394/390
f 827/1091/1081 825/1092/1081 293/1093/1081
f 829/1094/1082 830/1095/1083 828/1096/1084
f 831/1097/1085 832/1098/1086 828/1096/1084
f 833/1099/1087 831/1097/1085 828/1096/1084
f 832/1098/1086 829/1094/1082 828/1096/1084
f 834/1100/1088 833/1099/1087 828/1096/1084
f 830/1095/1083 834/1100/1088 828/1096/1084
f 836/1101/1089 837/1102/1090 835/1103/1091
f 838/1104/1092 839/1105/1093 835/1106/1094
f 837/1102/1090 61/78/78 835/1103/1091
f 61/1107/1095 60/75/75 835/1108/1096
f 840/1109/1097 838/1110/1098 835/1108/1096
f 839/1105/1093 836/1111/1099 835/1106/1094
f 60/75/75 840/1109/1097 835/1108/1096
f 842/1112/1100 843/1113/1101 841/1114/1102
f 844/1115/1103 845/1116/1104 841/1114/1102
f 845/1116/1104 846/1117/1105 841/1114/1102
f 847/1118/1106 844/1115/1103 841/1114/1102
f 843/1113/1101 847/1118/1106 841/1114/1102
f 846/1117/1105 842/1112/1100 841/1114/1102
f 367/473/469 849/1119/1107 848/1120/1108
f 850/1121/1109 851/1122/1110 848/1120/1108
f 368/474/470 367/473/469 848/1120/1108
f 851/1122/1110 368/474/470 848/1120/1108
f 849/1119/1107 850/1121/1109 848/1120/1108
f 481/1123/1111 852/1124/1112 478/1125/1113
f 852/1124/1112 853/1126/1114 478/1125/1113
f 854/1127/1115 479/619/613 478/618/612
f 853/1126/1114 854/1128/1116 478/1125/1113
f 484/625/619 486/629/623 855/1129/1117
f 856/1130/1118 857/1131/1119 855/1132/1120
f 857/1133/1121 616/817/806 855/1129/1117
f 858/1134/1122 484/625/619 855/1129/1117
f 88/1135/1123 856/1130/1118 855/1132/1120
f 486/1136/1124 88/1135/1123 855/1132/1120
f 616/817/806 858/1134/1122 855/1129/1117
f 860/1137/1125 861/1138/1126 859/1139/1127
f 861/1140/1128 862/1141/1129 859/1142/1130
f 863/1143/1131 864/1144/1132 859/1142/1130
f 864/1144/1132 860/1145/1133 859/1142/1130
f 865/1146/1134 699/917/907 494/1147/1135
f 113/1148/1136 865/1146/1134 494/1147/1135
f 699/917/907 495/1149/1137 494/1147/1135
f 867/1150/1138 638/1151/1139 866/1152/1140
f 868/1153/1141 869/1154/1142 866/1152/1140
f 869/1154/1142 867/1150/1138 866/1152/1140
f 726/1155/1143 868/1156/1144 866/1157/1145
f 638/842/831 637/841/830 866/1157/1145
f 637/841/830 726/1155/1143 866/1157/1145
f 505/651/645 508/655/649 870/1158/1146
f 871/1159/1147 872/1160/1148 870/1158/1146
f 508/655/649 873/1161/1149 870/1158/1146
f 873/1161/1149 871/1159/1147 870/1158/1146
f 872/1160/1148 874/1162/1150 870/1158/1146
f 874/1162/1150 505/651/645 870/1158/1146
f 39/52/52 515/1163/1151 35/46/46
f 875/1164/1152 876/1165/1153 35/46/46
f 876/1165/1153 36/47/47 35/46/46
f 515/1163/1151 875/1164/1152 35/46/46
f 877/1166/1154 242/323/319 648/854/843
f 878/1167/1155 649/855/844 648/854/843
f 242/323/319 878/1167/1155 648/854/843
f 651/858/847 877/1166/1154 648/854/843
f 660/1168/1156 879/1169/1157 655/1170/1158
f 879/1169/1157 880/1171/1159 655/1170/1158
f 880/1171/1159 881/1172/1160 655/1170/1158
f 881/1173/1161 656/865/854 655/864/853
f 883/1174/1162 884/1175/1163 882/1176/1164
f 307/406/402 885/1177/1165 882/1178/1166
f 886/1179/1167 883/1174/1162 882/1176/1164
f 887/1180/1168 307/406/402 882/1178/1166
f 885/1181/1169 886/1179/1167 882/1176/1164
f 884/1182/1170 888/1183/1171 882/1178/1166
f 888/1183/1171 887/1180/1168 882/1178/1166
f 889/1184/1172 890/1185/1173 387/1186/1174
f 891/1187/1175 388/505/499 387/504/498
f 389/1188/1176 889/1184/1172 387/1186/1174
f 890/1185/1173 891/1189/1177 387/1186/1174
f 893/1190/1178 894/1191/1179 892/1192/1180
f 448/583/577 450/585/579 892/1192/1180
f 895/1193/1181 896/1194/1182 892/1192/1180
f 896/1194/1182 448/583/577 892/1192/1180
f 894/1191/1179 895/1193/1181 892/1192/1180
f 450/585/579 893/1190/1178 892/1192/1180
f 897/1195/1183 898/1196/1184 400/520/514
f 899/1197/1185 900/1198/1186 400/1199/1187
f 404/525/519 526/676/670 400/520/514
f 900/1200/1188 901/1201/1189 400/520/514
f 901/1201/1189 902/1202/1190 400/520/514
f 898/1203/1191 899/1197/1185 400/1199/1187
f 526/676/670 897/1195/1183 400/520/514
f 902/1202/1190 401/521/515 400/520/514
f 858/1134/1122 903/1204/1192 484/625/619
f 903/1204/1192 904/1205/1193 484/625/619
f 904/1205/1193 485/626/620 484/625/619
f 906/1206/1194 907/1207/1195 905/1208/1196
f 908/1209/1197 906/1206/1194 905/1208/1196
f 909/1210/1198 908/1209/1197 905/1208/1196
f 911/1211/1199 912/1212/1200 910/1213/1201
f 698/919/909 700/918/908 910/1213/1201
f 700/918/908 701/922/912 910/1213/1201
f 913/1214/1202 911/1215/1202 910/1216/1202
f 701/922/912 913/1217/1203 910/1213/1201
f 912/1212/1200 698/919/909 910/1213/1201
f 914/1218/1204 915/1219/1205 747/982/972
f 750/986/976 916/1220/1206 747/982/972
f 917/1221/1207 918/1222/1208 747/982/972
f 915/1219/1205 917/1221/1207 747/982/972
f 916/1220/1206 914/1218/1204 747/982/972
f 918/1222/1208 748/983/973 747/982/972
f 920/1223/1209 755/991/981 919/1224/1210
f 181/1225/1211 921/1226/1212 919/1224/1210
f 182/1227/1213 181/1225/1211 919/1224/1210
f 537/692/684 182/1227/1213 919/1224/1210
f 755/991/981 538/693/685 919/1224/1210
f 921/1226/1212 920/1223/1209 919/1224/1210
f 538/693/685 537/692/684 919/1224/1210
f 923/1228/1214 924/1229/1215 922/1230/1216
f 925/1231/1217 926/1232/1218 922/1233/1219
f 927/1234/1220 928/1235/1221 922/1230/1216
f 924/1229/1215 927/1234/1220 922/1230/1216
f 928/1236/1222 925/1237/1222 922/1238/1222
f 926/1232/1218 923/1239/1223 922/1233/1219
f 930/1240/1224 931/1241/1225 929/1242/1226
f 932/1243/1227 933/1244/1228 929/1245/1227
f 931/1246/1229 932/1243/1227 929/1245/1227
f 933/1247/1230 934/1248/1231 929/1249/1232
f 934/1250/1233 935/1251/1234 929/1242/1226
f 935/1251/1234 930/1240/1224 929/1242/1226
f 937/1252/1235 938/1253/1236 936/1254/1237
f 939/1255/1238 937/1256/1239 936/1257/1240
f 940/1258/1241 941/1259/1242 936/1254/1237
f 938/1253/1236 940/1258/1241 936/1254/1237
f 941/1260/1243 942/1261/1244 936/1257/1240
f 942/1261/1244 939/1255/1238 936/1257/1240
f 944/1262/1245 945/1263/1246 943/1264/1247
f 946/1265/1248 947/1266/1249 943/1267/1250
f 767/1006/996 766/1004/994 943/1268/1251
f 945/1263/1246 946/1269/1252 943/1264/1247
f 766/1004/994 944/1270/1253 943/1268/1251
f 947/1266/1249 767/1271/1254 943/1267/1250
f 949/1272/1255 950/1273/1256 948/1274/1257
f 950/1273/1256 951/1275/1258 948/1274/1257
f 952/1276/1259 953/1277/1260 948/1274/1257
f 953/1278/1261 949/1279/1262 948/1280/1263
f 951/1275/1258 952/1276/1259 948/1274/1257
f 954/1281/1264 955/1282/1265 480/621/615
f 483/624/618 707/928/918 480/621/615
f 955/1282/1265 481/622/616 480/621/615
f 707/928/918 954/1281/1264 480/621/615
f 956/1283/1266 957/1284/1267 200/273/269
f 204/278/274 956/1283/1266 200/273/269
f 958/1285/1268 201/274/270 200/273/269
f 957/1286/1269 62/79/79 200/1287/1270
f 62/79/79 958/1288/1271 200/1287/1270
f 211/285/281 959/1289/1272 644/851/840
f 959/1289/1272 960/1290/1273 644/851/840
f 960/1290/1273 645/852/841 644/851/840
f 961/1291/1274 3/2/2 2/1/1
f 5/1292/1275 962/1293/1275 2/1294/1275
f 962/1295/1276 961/1291/1274 2/1/1
f 525/1296/1277 402/1297/1278 963/1298/1279
f 964/1299/1280 965/1300/1281 963/1301/1282
f 402/1297/1278 966/1302/1283 963/1298/1279
f 966/1303/1284 964/1299/1280 963/1301/1282
f 965/1304/1285 525/1296/1277 963/1298/1279
f 968/1305/1286 969/1306/1287 967/1307/1288
f 970/1308/1289 971/1309/1290 967/1307/1288
f 969/1306/1287 972/1310/1291 967/1307/1288
f 972/1310/1291 970/1308/1289 967/1307/1288
f 971/1309/1290 973/1311/1292 967/1307/1288
f 973/1311/1292 968/1305/1286 967/1307/1288
f 975/1312/1293 976/1313/1294 974/1314/1295
f 977/1315/1296 978/1316/1297 974/1314/1295
f 976/1313/1294 977/1315/1296 974/1314/1295
f 978/1316/1297 603/796/785 974/1314/1295
f 603/796/785 975/1312/1293 974/1314/1295
f 980/1317/1298 981/1318/1299 979/1319/1300
f 982/1320/1301 983/1321/1302 979/1319/1300
f 981/1318/1299 982/1320/1301 979/1319/1300
f 983/1321/1302 984/1322/1303 979/1319/1300
f 984/1322/1303 980/1317/1298 979/1319/1300
f 986/1323/1304 987/1324/1305 985/1325/1306
f 987/1324/1305 379/495/489 985/1325/1306
f 988/1326/1307 986/1323/1304 985/1325/1306
f 989/1327/1308 988/1326/1307 985/1325/1306
f 379/491/485 990/1328/1309 985/1329/1310
f 991/1330/1311 989/1331/1312 985/1329/1310
f 990/1328/1309 991/1330/1311 985/1329/1310
f 993/1332/1313 994/1333/1314 992/1334/1315
f 995/1335/1316 996/1336/1317 992/1334/1315
f 996/1336/1317 509/657/651 992/1334/1315
f 994/1333/1314 995/1335/1316 992/1334/1315
f 509/657/651 997/1337/1318 992/1334/1315
f 997/1337/1318 993/1332/1313 992/1334/1315
f 998/1338/1319 999/1339/1320 439/1340/1321
f 442/577/571 1000/1341/1322 439/573/567
f 999/1339/1320 440/1342/1323 439/1340/1321
f 1000/1343/1324 998/1338/1319 439/1340/1321
f 1002/1344/1325 1003/1345/1326 1001/1346/1327
f 528/1347/1328 1004/1348/1329 1001/1346/1327
f 1004/1348/1329 1005/1349/1330 1001/1346/1327
f 1005/1349/1330 1002/1344/1325 1001/1346/1327
f 1003/1345/1326 1006/1350/1331 1001/1346/1327
f 1006/1350/1331 528/1347/1328 1001/1346/1327
f 1007/1351/1332 1008/1352/1333 679/896/885
f 1009/1353/1334 1007/1351/1332 679/896/885
f 684/902/891 1009/1353/1334 679/896/885
f 1008/1352/1333 680/897/886 679/896/885
f 1011/1354/1335 1012/1355/1336 1010/1356/1337
f 1013/1357/1338 1014/1358/1339 1010/1356/1337
f 1014/1358/1339 1011/1354/1335 1010/1356/1337
f 335/434/430 1013/1357/1338 1010/1356/1337
f 1012/1355/1336 340/440/436 1010/1356/1337
f 340/440/436 335/434/430 1010/1356/1337
f 1015/1359/1340 1016/1360/1341 152/203/199
f 1016/1360/1341 153/204/200 152/203/199
f 156/208/204 1015/1359/1340 152/203/199
f 1018/1361/1342 1019/1362/1343 1017/1363/1344
f 1020/1364/1345 1021/1365/1346 1017/1363/1344
f 1019/1362/1343 1022/1366/1347 1017/1363/1344
f 1022/1366/1347 1020/1364/1345 1017/1363/1344
f 1021/1365/1346 1018/1361/1342 1017/1363/1344
f 1023/1367/1348 1024/1368/1349 607/804/793
f 1024/1368/1349 608/805/794 607/804/793
f 1025/1369/1350 1023/1367/1348 607/804/793
f 610/811/800 1025/1369/1350 607/804/793
f 1027/1370/1351 1028/1371/1352 1026/1372/1353
f 1028/1373/1354 1029/1374/1355 1026/1375/1356
f 1030/1376/1357 1031/1377/1358 1026/1372/1353
f 1032/1378/1359 1027/1370/1351 1026/1372/1353
f 1031/1377/1358 1032/1378/1359 1026/1372/1353
f 1029/1374/1355 1033/1379/1360 1026/1375/1356
f 1033/1379/1360 1030/1380/1361 1026/1375/1356
f 1034/1381/1362 339/1382/1363 488/631/625
f 493/639/633 1035/1383/1364 488/631/625
f 339/1382/1363 489/632/626 488/631/625
f 1035/1383/1364 1034/1381/1362 488/631/625
f 1037/1384/1365 117/153/153 1036/1385/1366
f 1038/1386/1367 1039/1387/1368 1036/1385/1366
f 1040/1388/1369 1038/1389/1370 1036/1390/1371
f 117/153/153 116/154/154 1036/1385/1366
f 116/1391/1372 1040/1388/1369 1036/1390/1371
f 1039/1387/1368 1037/1384/1365 1036/1385/1366
f 1041/1392/1373 1042/1393/1374 50/64/64
f 54/69/69 1041/1392/1373 50/64/64
f 1042/1393/1374 51/65/65 50/64/64
f 1044/1394/1375 31/40/40 1043/1395/1376
f 1045/1396/1377 1046/1397/1378 1043/1395/1376
f 31/40/40 1047/1398/1379 1043/1395/1376
f 1048/1399/1380 1045/1396/1377 1043/1395/1376
f 1047/1398/1379 1049/1400/1381 1043/1395/1376
f 1046/1397/1378 1044/1394/1375 1043/1395/1376
f 1049/1400/1381 1048/1399/1380 1043/1395/1376
f 1050/1401/1382 1051/1402/1383 842/1403/1384
f 1052/1404/1385 843/1113/1101 842/1112/1100
f 1051/1402/1383 1053/1405/1386 842/1403/1384
f 1053/1405/1386 1052/1406/1387 842/1403/1384
f 846/1117/1105 1050/1407/1388 842/1112/1100
f 1054/1408/1389 1055/1409/1390 650/857/846
f 1055/1409/1390 651/858/847 650/857/846
f 1056/1410/1391 1054/1411/1392 650/1412/1393
f 653/861/850 1056/1410/1391 650/1412/1393
f 324/426/422 326/425/421 1057/1413/1394
f 1058/1414/1395 324/423/419 1057/1415/1396
f 326/425/421 1059/1416/1397 1057/1413/1394
f 1059/1416/1397 1060/1417/1398 1057/1413/1394
f 1060/1418/1399 1058/1414/1395 1057/1415/1396
f 1061/1419/1400 673/887/876 672/886/875
f 1062/1420/1401 1061/1419/1400 672/886/875
f 677/894/883 1063/1421/1402 672/886/875
f 1063/1421/1402 1062/1420/1401 672/886/875
f 1064/1422/1403 802/1061/1051 801/1060/1050
f 1065/1423/1404 1064/1422/1403 801/1060/1050
f 803/1063/1053 1066/1424/1405 801/1060/1050
f 1066/1424/1405 1065/1423/1404 801/1060/1050
f 1067/1425/1406 1068/1426/1407 737/967/957
f 1069/1427/1408 738/968/958 737/967/957
f 740/975/965 1067/1425/1406 737/967/957
f 1068/1426/1407 1069/1427/1408 737/967/957
f 348/447/443 1071/1428/1409 1070/1429/1410
f 1072/1430/1411 1073/1431/1412 1070/1432/1413
f 1074/1433/1414 348/1434/1415 1070/1432/1413
f 1073/1431/1412 1075/1435/1416 1070/1432/1413
f 1071/1436/1417 1072/1430/1411 1070/1432/1413
f 1075/1435/1416 1074/1433/1414 1070/1432/1413
f 1077/1437/1418 1078/1438/1419 1076/1439/1420
f 1079/1440/1421 1080/1441/1422 1076/1442/1423
f 357/459/455 1079/1443/1424 1076/1439/1420
f 1080/1441/1422 1081/1444/1425 1076/1442/1423
f 1078/1438/1419 357/459/455 1076/1439/1420
f 1081/1444/1425 1077/1445/1426 1076/1442/1423
f 1083/1446/1427 1084/1447/1428 1082/1448/1429
f 1050/1401/1382 1085/1449/1430 1082/1448/1429
f 1085/1449/1430 1083/1446/1427 1082/1448/1429
f 1084/1447/1428 1051/1402/1383 1082/1448/1429
f 1051/1402/1383 1050/1401/1382 1082/1448/1429
f 1087/1450/1431 1088/1451/1432 1086/1452/1433
f 1089/1453/1434 1087/1454/1435 1086/1455/1436
f 1090/1456/1437 1091/1457/1438 1086/1458/1439
f 1091/1459/1440 1089/1453/1434 1086/1455/1436
f 1088/1460/1441 1090/1456/1437 1086/1458/1439
f 1092/1461/1442 194/994/984 758/993/983
f 1093/1462/1443 1094/1463/1444 758/993/983
f 1094/1463/1444 1092/1461/1442 758/993/983
f 1096/1464/1445 1097/1465/1446 1095/1466/1447
f 1097/1465/1446 1098/1467/1448 1095/1466/1447
f 762/1001/991 1099/1468/1449 1095/1466/1447
f 1099/1468/1449 1100/1469/1450 1095/1466/1447
f 1100/1469/1450 1096/1464/1445 1095/1466/1447
f 1098/1467/1448 762/1001/991 1095/1466/1447
f 1102/1470/1451 1103/1471/1452 1101/1472/1453
f 1104/1473/1454 123/161/161 1101/1472/1453
f 123/161/161 125/166/166 1101/1472/1453
f 125/166/166 1102/1470/1451 1101/1472/1453
f 1103/1471/1452 1104/1473/1454 1101/1472/1453
f 1106/1474/1455 1107/1475/1456 1105/1476/1457
f 1108/1477/1458 1109/1478/1459 1105/1479/1460
f 1110/1480/1461 1106/1474/1455 1105/1476/1457
f 1111/1481/1462 1110/1480/1461 1105/1476/1457
f 1107/1482/1463 1108/1483/1464 1105/1484/1465
f 1109/1478/1459 1111/1485/1466 1105/1479/1460
f 1112/1486/1467 1113/1487/1468 139/183/183
f 1113/1487/1468 140/184/184 139/183/183
f 143/188/188 1112/1486/1467 139/183/183
f 1115/1488/1469 821/1084/1074 1114/1489/1470
f 1116/1490/1471 1117/1491/1472 1114/1489/1470
f 1117/1491/1472 1118/1492/1473 1114/1489/1470
f 821/1084/1074 820/1083/1073 1114/1489/1470
f 1118/1492/1473 1115/1488/1469 1114/1489/1470
f 820/1083/1073 1116/1490/1471 1114/1489/1470
f 1120/1493/1474 1121/1494/1475 1119/1495/1476
f 867/1150/1138 1120/1493/1474 1119/1495/1476
f 1122/1496/1477 867/1150/1138 1119/1495/1476
f 1121/1494/1475 1123/1497/1478 1119/1495/1476
f 1123/1497/1478 1124/1498/1479 1119/1495/1476
f 1124/1498/1479 1122/1496/1477 1119/1495/1476
f 320/419/415 1126/1499/1480 1125/1500/1481
f 1127/1501/1482 321/1502/1483 1125/1503/1484
f 1128/1504/1485 1127/1501/1482 1125/1503/1484
f 1126/1499/1480 1128/1505/1486 1125/1500/1481
f 321/420/416 320/419/415 1125/1500/1481
f 1130/1506/1487 1131/1507/1488 1129/1508/1489
f 1131/1507/1488 1132/1509/1490 1129/1508/1489
f 1133/1510/1491 1130/1506/1487 1129/1508/1489
f 1132/1509/1490 1133/1510/1491 1129/1508/1489
f 57/71/71 957/1286/1269 956/1511/1492
f 1134/1512/1493 1135/1513/1494 956/1283/1266
f 204/278/274 1136/1514/1495 956/1283/1266
f 1136/1514/1495 1134/1512/1493 956/1283/1266
f 1135/1513/1494 57/1515/1496 956/1283/1266
f 1137/1516/1497 1138/1517/1498 64/1518/1499
f 1139/1519/1500 1137/1520/1500 64/1521/1500
f 716/1522/1501 65/1523/1502 64/1518/1499
f 66/84/84 1139/1524/1503 64/85/85
f 1138/1517/1498 716/1522/1501 64/1518/1499
f 1140/1525/1504 1141/1526/1505 70/1527/1506
f 72/93/93 1142/1528/1507 70/90/90
f 1142/1529/1508 1140/1525/1504 70/1527/1506
f 1141/1526/1505 71/1530/1509 70/1527/1506
f 1144/1531/1510 1145/1532/1511 1143/1533/1512
f 1146/1534/1513 1147/1535/1514 1143/1533/1512
f 1145/1532/1511 1146/1534/1513 1143/1533/1512
f 1147/1535/1514 1148/1536/1515 1143/1533/1512
f 1148/1536/1515 1149/1537/1516 1143/1533/1512
f 1149/1537/1516 1144/1531/1510 1143/1533/1512
f 1150/1538/1517 691/909/898 256/340/336
f 258/343/339 1150/1538/1517 256/340/336
f 691/909/898 257/341/337 256/340/336
f 1152/1539/1518 1035/1383/1364 1151/1540/1519
f 1153/1541/1520 1154/1542/1521 1151/1543/1522
f 1155/1544/1523 1153/1545/1524 1151/1540/1519
f 1154/1546/1525 1156/1547/1526 1151/1548/1527
f 1035/1383/1364 1155/1544/1523 1151/1540/1519
f 1156/1549/1528 1152/1550/1528 1151/1551/1528
f 543/704/696 542/697/689 1157/1552/1529
f 1158/1553/1530 631/1554/1531 1157/1552/1529
f 631/1555/1532 632/1556/1533 1157/1557/1534
f 632/1556/1533 543/1558/1535 1157/1557/1534
f 542/697/689 1158/1553/1530 1157/1552/1529
f 683/901/890 1159/1559/1536 681/899/888
f 278/371/367 682/900/889 681/899/888
f 279/372/368 278/371/367 681/899/888
f 1159/1559/1536 279/372/368 681/899/888
f 1161/1560/1537 1162/1561/1538 1160/1562/1539
f 1163/1563/1540 285/1564/1541 1160/1565/1542
f 1164/1566/1543 1163/1563/1540 1160/1565/1542
f 285/380/376 1161/1560/1537 1160/1562/1539
f 1162/1561/1538 1165/1567/1544 1160/1562/1539
f 1165/1568/1545 1164/1566/1543 1160/1565/1542
f 1167/1569/1546 1168/1570/1547 1166/1571/1548
f 120/1572/1549 1169/1573/1550 1166/1574/1551
f 1169/1573/1550 1167/1575/1552 1166/1574/1551
f 1170/1576/1553 120/156/156 1166/1577/1554
f 1171/1578/1555 1170/1579/1556 1166/1571/1548
f 1168/1570/1547 1171/1578/1555 1166/1571/1548
f 1173/1580/1557 787/1039/1029 1172/1581/1558
f 1174/1582/1559 1175/1583/1560 1172/1581/1558
f 1175/1583/1560 1173/1580/1557 1172/1581/1558
f 787/1039/1029 788/1036/1026 1172/1581/1558
f 1176/1584/1561 1174/1582/1559 1172/1581/1558
f 1177/1585/1562 1176/1586/1563 1172/1587/1564
f 788/1036/1026 1177/1588/1565 1172/1581/1558
f 1179/1589/1566 1180/1590/1567 1178/1591/1568
f 1180/1590/1567 303/402/398 1178/1591/1568
f 303/402/398 218/1592/1569 1178/1591/1568
f 216/289/285 1179/1593/1570 1178/1594/1571
f 218/292/288 216/289/285 1178/1594/1571
f 1182/1595/1572 1183/1596/1573 1181/1597/1574
f 1184/1598/1575 1185/1599/1576 1181/1600/1577
f 309/1601/1578 306/718/710 1181/1597/1574
f 306/718/710 1182/1595/1572 1181/1597/1574
f 1185/1602/1579 309/1601/1578 1181/1597/1574
f 1183/1596/1573 1184/1603/1580 1181/1597/1574
f 867/1150/1138 869/1154/1142 1120/1493/1474
f 869/1604/1581 1186/1605/1582 1120/1606/1583
f 1186/1605/1582 1187/1607/1584 1120/1606/1583
f 1187/1608/1585 1121/1609/1586 1120/1610/1587
f 1189/1611/1588 1190/1612/1589 1188/1613/1590
f 1191/1614/1591 1189/1615/1592 1188/1616/1593
f 1192/1617/1594 1193/1618/1595 1188/1616/1593
f 1190/1612/1589 1192/1619/1596 1188/1613/1590
f 1194/1620/1597 1191/1614/1591 1188/1616/1593
f 1193/1618/1595 1194/1620/1597 1188/1616/1593
f 107/143/143 1196/1621/1598 1195/1622/1599
f 108/141/141 107/140/140 1195/1623/1600
f 1197/1624/1601 1198/1625/1602 1195/1622/1599
f 1196/1621/1598 1197/1624/1601 1195/1622/1599
f 1198/1626/1603 108/141/141 1195/1623/1600
f 1199/1627/1604 1200/1628/1605 496/643/637
f 495/642/636 1199/1627/1604 496/643/637
f 1200/1629/1606 1201/1630/1607 496/1631/1608
f 114/149/149 112/148/148 496/1631/1608
f 1201/1630/1607 114/149/149 496/1631/1608
f 1203/1632/1609 1204/1633/1610 1202/1634/1611
f 1205/1635/1612 1206/1636/1613 1202/1634/1611
f 1204/1633/1610 1205/1635/1612 1202/1634/1611
f 1206/1636/1613 13/18/18 1202/1634/1611
f 13/18/18 1203/1632/1609 1202/1634/1611
f 394/514/508 1208/1637/1614 1207/1638/1615
f 1208/1637/1614 1209/1639/1616 1207/1638/1615
f 1210/1640/1617 1211/1641/1618 1207/1638/1615
f 1211/1641/1618 394/514/508 1207/1638/1615
f 1209/1639/1616 1210/1640/1617 1207/1638/1615
f 401/521/515 902/1202/1190 1212/1642/1619
f 1213/1643/1620 966/1302/1283 1212/1644/1621
f 402/523/517 401/521/515 1212/1642/1619
f 966/1302/1283 402/1297/1278 1212/1644/1621
f 902/1645/1622 1213/1643/1620 1212/1644/1621
f 147/202/198 150/201/197 1214/1646/1623
f 1116/1490/1471 408/529/523 1214/1647/1624
f 408/529/523 410/1648/1625 1214/1647/1624
f 1215/1649/1626 1116/1490/1471 1214/1647/1624
f 410/1648/1625 147/1650/1627 1214/1647/1624
f 150/201/197 1215/1651/1628 1214/1646/1623
f 1217/1652/1629 1218/1653/1630 1216/1654/1631
f 1219/1655/1632 1220/1656/1633 1216/1657/1634
f 1218/1658/1635 1221/1659/1636 1216/1657/1634
f 416/542/536 1217/1652/1629 1216/1654/1631
f 1221/1659/1636 1219/1655/1632 1216/1657/1634
f 1220/1660/1637 416/542/536 1216/1654/1631
f 981/1318/1299 927/1234/1220 1222/1661/1638
f 1223/1662/1639 1224/1663/1640 1222/1661/1638
f 927/1234/1220 1223/1662/1639 1222/1661/1638
f 1224/1663/1640 981/1318/1299 1222/1661/1638
f 1226/1664/1641 168/230/226 1225/1665/1642
f 167/224/220 1227/1666/1643 1225/1667/1644
f 1227/1666/1643 965/1668/1645 1225/1667/1644
f 965/1669/1646 1228/1670/1647 1225/1665/1642
f 168/225/221 167/224/220 1225/1667/1644
f 1228/1670/1647 1226/1664/1641 1225/1665/1642
f 1230/1671/1648 532/1672/1649 1229/1673/1650
f 1231/1674/1651 1230/1671/1648 1229/1673/1650
f 1232/1675/1652 1231/1674/1651 1229/1673/1650
f 532/1672/1649 530/1676/1653 1229/1673/1650
f 530/1676/1653 1233/1677/1654 1229/1673/1650
f 1233/1677/1654 1232/1675/1652 1229/1673/1650
f 1235/1678/1655 1168/1679/1656 1234/1680/1657
f 1236/1681/1658 1237/1682/1659 1234/1683/1660
f 1167/1575/1552 1236/1684/1661 1234/1685/1662
f 1238/1686/1663 1235/1678/1655 1234/1680/1657
f 1237/1682/1659 1239/1687/1664 1234/1683/1660
f 1239/1688/1665 1238/1689/1666 1234/1690/1667
f 1168/1570/1547 1167/1569/1546 1234/1691/1668
f 665/876/865 662/872/861 1240/1692/1669
f 1241/1693/1670 665/876/865 1240/1692/1669
f 1242/1694/1671 1241/1695/1671 1240/1696/1671
f 1243/1697/1672 1244/1698/1673 1240/1692/1669
f 1244/1699/1674 1242/1700/1675 1240/1701/1676
f 662/872/861 1243/1697/1672 1240/1692/1669
f 1245/1702/1677 499/645/639 498/644/638
f 503/1703/1678 1246/1704/1679 498/1705/1680
f 1246/1704/1679 1245/1706/1681 498/1705/1680
f 1248/1707/1682 1249/1708/1683 1247/1709/1684
f 1249/1710/1685 1250/1711/1686 1247/1712/1687
f 1250/1711/1686 1251/1713/1688 1247/1712/1687
f 1251/1713/1688 1252/1714/1689 1247/1712/1687
f 1252/1715/1690 1248/1707/1682 1247/1709/1684
f 1253/1716/1691 1254/1717/1692 209/1718/1693
f 1254/1717/1692 1255/1719/1694 209/1718/1693
f 212/286/282 1253/1720/1695 209/283/279
f 1255/1719/1694 1256/1721/1696 209/1718/1693
f 1256/1722/1697 210/284/280 209/283/279
f 1257/1723/1698 1258/1724/1699 215/288/284
f 217/291/287 1259/1725/1700 215/288/284
f 1260/1726/1701 216/289/285 215/288/284
f 1258/1724/1699 1260/1726/1701 215/288/284
f 1259/1725/1700 1257/1723/1698 215/288/284
f 523/672/666 1261/1727/1702 897/1195/1183
f 1261/1727/1702 898/1196/1184 897/1195/1183
f 526/676/670 523/672/666 897/1195/1183
f 1263/1728/1703 282/376/372 1262/1729/1704
f 282/1730/1705 1264/1731/1706 1262/1732/1707
f 1265/1733/1708 1266/1734/1709 1262/1732/1707
f 1264/1731/1706 1265/1733/1708 1262/1732/1707
f 962/1735/1710 1263/1736/1711 1262/1732/1707
f 1266/1734/1709 962/1735/1710 1262/1732/1707
f 1268/1737/1712 1269/1738/1713 1267/1739/1714
f 1270/1740/1715 1271/1741/1716 1267/1739/1714
f 1271/1741/1716 1272/1742/1717 1267/1739/1714
f 287/381/377 1268/1737/1712 1267/1739/1714
f 1272/1742/1717 287/381/377 1267/1739/1714
f 1269/1738/1713 1273/1743/1718 1267/1739/1714
f 1273/1743/1718 1270/1740/1715 1267/1739/1714
f 1275/1744/1719 827/1745/1720 1274/1746/1721
f 1276/1747/1722 1022/1366/1347 1274/1746/1721
f 1019/1362/1343 1275/1744/1719 1274/1746/1721
f 827/1745/1720 1276/1747/1722 1274/1746/1721
f 1022/1366/1347 1019/1362/1343 1274/1746/1721
f 1278/1748/1723 1279/1749/1724 1277/1750/1725
f 1279/1749/1724 1280/1751/1726 1277/1750/1725
f 1281/1752/1727 1278/1753/1728 1277/1754/1729
f 1280/1751/1726 1282/1755/1730 1277/1750/1725
f 1282/1756/1731 1281/1752/1727 1277/1754/1729
f 1182/1595/1572 555/717/709 1283/1757/1732
f 1284/1758/1733 1182/1595/1572 1283/1757/1732
f 555/717/709 1285/1759/1734 1283/1757/1732
f 1286/1760/1735 1284/1758/1733 1283/1757/1732
f 1285/1759/1734 1287/1761/1736 1283/1757/1732
f 1287/1761/1736 1286/1760/1735 1283/1757/1732
f 1289/1762/1737 1290/1763/1738 1288/1764/1739
f 1291/1765/1740 1292/1766/1741 1288/1764/1739
f 1290/1763/1738 1293/1767/1742 1288/1764/1739
f 1294/1768/1743 1291/1765/1740 1288/1764/1739
f 1292/1766/1741 1289/1762/1737 1288/1764/1739
f 1293/1767/1742 1295/1769/1744 1288/1764/1739
f 1295/1769/1744 1294/1768/1743 1288/1764/1739
f 1297/1770/1745 1298/1771/1746 1296/1772/1747
f 1299/1773/1748 1297/1770/1745 1296/1772/1747
f 1298/1771/1746 1300/1774/1749 1296/1772/1747
f 1301/1775/1750 1302/1776/1751 1296/1772/1747
f 1300/1774/1749 1301/1775/1750 1296/1772/1747
f 1302/1776/1751 1303/1777/1752 1296/1772/1747
f 1303/1777/1752 1299/1773/1748 1296/1772/1747
f 1305/1778/1753 1306/1779/1754 1304/1780/1755
f 431/561/555 430/560/554 1304/1780/1755
f 1306/1779/1754 431/561/555 1304/1780/1755
f 991/1781/1756 1305/1778/1753 1304/1780/1755
f 430/560/554 991/1781/1756 1304/1780/1755
f 28/871/860 30/1782/1757 1307/1783/1758
f 1308/1784/1759 1309/1785/1760 1307/1783/1758
f 1310/1786/1761 1308/1787/1762 1307/1788/1763
f 30/39/39 1310/1786/1761 1307/1788/1763
f 1243/1697/1672 662/872/861 1307/1783/1758
f 1309/1785/1760 1243/1697/1672 1307/1783/1758
f 662/872/861 28/871/860 1307/1783/1758
f 1312/1789/1764 1313/1790/1765 1311/1791/1766
f 39/54/54 38/50/50 1311/1792/1767
f 38/50/50 1312/1793/1768 1311/1792/1767
f 67/1794/1769 39/54/54 1311/1792/1767
f 68/88/88 67/87/87 1311/1791/1766
f 1313/1790/1765 68/88/88 1311/1791/1766
f 1315/1795/1770 1316/1796/1771 1314/1797/1772
f 529/678/672 1317/1798/1773 1314/1799/1774
f 1318/1800/1775 529/678/672 1314/1799/1774
f 1317/1801/1776 1319/1802/1777 1314/1803/1778
f 1319/1804/1779 1315/1795/1770 1314/1797/1772
f 1316/1796/1771 1318/1805/1780 1314/1797/1772
f 1074/1433/1414 1075/1435/1416 1320/1806/1781
f 1321/1807/1782 1074/1433/1414 1320/1806/1781
f 1322/1808/1783 1323/1809/1784 1320/1806/1781
f 1323/1809/1784 1324/1810/1785 1320/1806/1781
f 1324/1810/1785 1321/1807/1782 1320/1806/1781
f 1075/1435/1416 1322/1808/1783 1320/1806/1781
f 1326/1811/1786 1327/1812/1787 1325/1813/1788
f 1328/1814/1789 1329/1815/1790 1325/1813/1788
f 1330/1816/1791 1328/1817/1792 1325/1818/1793
f 1329/1815/1790 1331/1819/1794 1325/1813/1788
f 1327/1812/1787 1330/1820/1795 1325/1813/1788
f 1331/1819/1794 1326/1811/1786 1325/1813/1788
f 90/114/114 95/123/123 547/1821/1796
f 1332/1822/1797 90/114/114 547/1821/1796
f 551/711/703 1333/1823/1798 547/705/697
f 1333/1824/1799 1332/1825/1799 547/1826/1799
f 1334/1827/1800 1335/1828/1801 97/124/124
f 739/971/961 98/970/960 97/1829/1802
f 1335/1830/1803 739/971/961 97/1829/1802
f 101/131/131 1334/1827/1800 97/124/124
f 1336/1831/1804 656/865/854 104/1832/1805
f 656/865/854 881/1173/1161 104/1832/1805
f 109/1833/1806 1336/1831/1804 104/1832/1805
f 881/1173/1161 105/1834/1807 104/1832/1805
f 1337/1835/1808 1338/1836/1809 883/1174/1162
f 886/1179/1167 1339/1837/1810 883/1174/1162
f 1338/1836/1809 884/1175/1163 883/1174/1162
f 1339/1837/1810 1337/1835/1808 883/1174/1162
f 1121/1609/1586 1341/1838/1811 1340/1839/1812
f 1123/1840/1813 1121/1609/1586 1340/1839/1812
f 1342/1841/1814 1343/1842/1815 1340/1839/1812
f 1341/1838/1811 1342/1841/1814 1340/1839/1812
f 1344/1843/1816 1123/1840/1813 1340/1839/1812
f 1343/1842/1815 1344/1843/1816 1340/1839/1812
f 1346/1844/1817 923/1228/1214 1345/1845/1818
f 952/1846/1819 1346/1847/1820 1345/1848/1821
f 923/1849/1822 926/1850/1823 1345/1851/1824
f 676/1852/1825 953/1853/1825 1345/1854/1825
f 953/1855/1826 952/1846/1819 1345/1848/1821
f 926/1850/1823 676/893/882 1345/1851/1824
f 1347/1856/1827 250/334/330 249/333/329
f 1348/1857/1828 1349/1858/1829 249/333/329
f 1349/1858/1829 1347/1856/1827 249/333/329
f 254/339/335 1348/1857/1828 249/333/329
f 1351/1859/1830 1352/1860/1831 1350/1861/1832
f 1014/1862/1833 148/1863/1833 1350/1864/1833
f 1352/1865/1834 1014/1866/1835 1350/1867/1836
f 148/1868/1837 146/190/190 1350/1869/1838
f 260/350/346 1351/1859/1830 1350/1861/1832
f 146/190/190 260/347/343 1350/1869/1838
f 1354/1870/1839 1355/1871/1840 1353/1872/1841
f 1356/1873/1842 1357/1874/1843 1353/1872/1841
f 1355/1871/1840 1358/1875/1844 1353/1872/1841
f 1358/1875/1844 1356/1873/1842 1353/1872/1841
f 1359/1876/1845 1354/1870/1839 1353/1872/1841
f 1357/1874/1843 1359/1876/1845 1353/1872/1841
f 1360/1877/1846 270/1878/1846 269/1879/1846
f 272/365/361 1361/1880/1847 269/361/357
f 1361/1881/1848 1360/1882/1849 269/1883/1850
f 82/1884/1851 1362/1885/1852 77/1886/1853
f 1363/1887/1854 1364/1888/1855 77/1886/1853
f 1365/1889/1856 78/102/102 77/101/101
f 1362/1885/1852 1363/1887/1854 77/1886/1853
f 1364/1890/1857 1365/1889/1856 77/101/101
f 1366/1891/1858 1367/1892/1859 856/1130/1118
f 87/1893/1860 1366/1891/1858 856/1130/1118
f 88/1135/1123 87/1893/1860 856/1130/1118
f 1367/1892/1859 857/1131/1119 856/1130/1118
f 1236/1684/1661 1271/1741/1716 1368/1894/1861
f 1270/1740/1715 623/1895/1862 1368/1894/1861
f 1271/1741/1716 1270/1740/1715 1368/1894/1861
f 623/826/815 624/827/816 1368/1896/1863
f 624/827/816 1369/1897/1864 1368/1896/1863
f 1369/1897/1864 1236/1681/1658 1368/1896/1863
f 1370/1898/1865 296/391/387 295/390/386
f 1371/1899/1866 1370/1898/1865 295/390/386
f 297/1900/1867 1372/1901/1868 295/1902/1869
f 1372/1901/1868 1371/1903/1870 295/1902/1869
f 1374/1904/1871 1375/1905/1872 1373/1906/1873
f 1376/1907/1874 55/70/70 1373/1906/1873
f 53/68/68 1374/1904/1871 1373/1906/1873
f 1377/1908/1875 1376/1907/1874 1373/1906/1873
f 55/70/70 53/68/68 1373/1906/1873
f 1375/1905/1872 1377/1908/1875 1373/1906/1873
f 1379/1909/1876 729/1910/1877 1378/1911/1878
f 1380/1912/1879 1381/1913/1880 1378/1914/1881
f 1381/1915/1882 1379/1909/1876 1378/1911/1878
f 729/1910/1877 1049/1916/1883 1378/1911/1878
f 1047/1398/1379 1380/1912/1879 1378/1914/1881
f 1049/1400/1381 1047/1398/1379 1378/1914/1881
f 1383/1917/1884 1384/1918/1885 1382/1919/1886
f 1385/1920/1887 1386/1921/1888 1382/1919/1886
f 646/1922/1889 1385/1920/1887 1382/1919/1886
f 1387/1923/1890 1383/1917/1884 1382/1919/1886
f 1384/1924/1891 646/853/842 1382/1925/1892
f 1388/1926/1893 1387/1923/1890 1382/1919/1886
f 1386/1921/1888 1388/1926/1893 1382/1919/1886
f 773/1012/1002 520/1016/1006 1054/1408/1389
f 518/1927/1894 1055/1409/1390 1054/1408/1389
f 520/1016/1006 518/1927/1894 1054/1408/1389
f 1056/1410/1391 773/1928/1895 1054/1411/1392
f 1390/1929/1896 1391/1930/1897 1389/1931/1898
f 1392/1932/1899 1393/1933/1900 1389/1931/1898
f 1393/1933/1900 1394/1934/1901 1389/1931/1898
f 1395/1935/1902 1390/1929/1896 1389/1931/1898
f 1391/1930/1897 1392/1932/1899 1389/1931/1898
f 1394/1934/1901 1395/1935/1902 1389/1931/1898
f 1396/1936/1903 1397/1937/1904 749/1938/1905
f 1397/1939/1906 750/986/976 749/985/1907
f 1399/1940/1908 1400/1941/1909 1398/1942/1910
f 1401/1943/1911 1402/1944/1912 1398/1945/1913
f 389/510/504 391/509/503 1398/1942/1910
f 391/509/503 1399/1940/1908 1398/1942/1910
f 1402/1944/1912 389/1188/1176 1398/1945/1913
f 1400/1946/1914 1403/1947/1915 1398/1948/1916
f 1403/1949/1917 1401/1943/1911 1398/1945/1913
f 449/584/578 1404/1950/1918 893/1190/1178
f 1405/1951/1919 894/1191/1179 893/1190/1178
f 450/585/579 449/584/578 893/1190/1178
f 1404/1950/1918 1405/1951/1919 893/1190/1178
f 1406/1952/1920 1407/1953/1921 413/1954/1922
f 1408/1955/1923 1406/1952/1920 413/1954/1922
f 1409/1956/1924 1410/1957/1925 413/1958/1926
f 415/1959/1927 1411/1960/1928 413/1961/1929
f 1411/1960/1928 1246/1962/1930 413/1961/1929
f 1407/1963/1931 1412/1964/1932 413/1965/1933
f 1412/1964/1932 414/1966/1934 413/1965/1933
f 1246/1704/1679 1413/1967/1935 413/1958/1926
f 1410/1968/1936 1408/1955/1923 413/1954/1922
f 1413/1967/1935 1409/1956/1924 413/1958/1926
f 356/463/459 353/453/449 1414/1969/1937
f 1415/1970/1938 1416/1971/1939 1414/1969/1937
f 1416/1972/1940 1100/1973/1941 1414/1974/1942
f 1099/1468/1449 356/458/454 1414/1975/1943
f 1100/1469/1450 1099/1468/1449 1414/1975/1943
f 353/453/449 1415/1970/1938 1414/1969/1937
f 1418/1976/1944 444/579/573 1417/1977/1945
f 1419/1978/1946 1420/1979/1947 1417/1980/1948
f 768/1981/1949 1418/1976/1944 1417/1977/1945
f 444/1982/1950 1419/1978/1946 1417/1980/1948
f 1420/1979/1947 768/1983/1951 1417/1980/1948
f 1422/1984/1952 1423/1985/1953 1421/1986/1954
f 1423/1985/1953 951/1275/1258 1421/1986/1954
f 1424/1987/1955 1422/1984/1952 1421/1986/1954
f 1110/1480/1461 1111/1481/1462 1421/1986/1954
f 1425/1988/1956 1424/1989/1957 1421/1990/1958
f 1111/1481/1462 1425/1991/1959 1421/1986/1954
f 951/1275/1258 1110/1480/1461 1421/1986/1954
f 1426/1992/1960 193/1993/1961 373/493/487
f 193/263/259 198/270/266 373/1994/1962
f 377/488/482 1426/1992/1960 373/493/487
f 198/272/268 374/484/478 373/1995/1963
f 1428/1996/1964 203/1997/1965 1427/1998/1966
f 203/1999/1967 385/503/497 1427/2000/1968
f 713/934/924 712/933/923 1427/1998/1966
f 385/503/497 713/2001/1969 1427/2000/1968
f 712/933/923 1428/1996/1964 1427/1998/1966
f 1430/2002/1970 1431/2003/1971 1429/2004/1972
f 1432/2005/1973 1430/2002/1970 1429/2004/1972
f 1433/2006/1974 1434/2007/1975 1429/2008/1976
f 1431/2003/1971 1435/2009/1977 1429/2004/1972
f 1435/2009/1977 1433/2010/1978 1429/2004/1972
f 1434/2007/1975 1432/2011/1979 1429/2008/1976
f 719/945/935 1436/2012/1980 613/813/802
f 720/946/936 719/945/935 613/813/802
f 1436/2012/1980 1437/2013/1981 613/813/802
f 618/819/808 720/946/936 613/813/802
f 1437/2013/1981 614/814/803 613/813/802
f 1439/2014/1982 1440/2015/1983 1438/2016/1984
f 1441/2017/1985 1439/2014/1982 1438/2016/1984
f 1440/2015/1983 1442/2018/1986 1438/2016/1984
f 1442/2018/1986 1443/2019/1987 1438/2016/1984
f 1443/2019/1987 1441/2017/1985 1438/2016/1984
f 230/309/305 234/314/310 1444/2020/1988
f 234/314/310 1445/2021/1989 1444/2020/1988
f 1446/2022/1990 230/309/305 1444/2020/1988
f 1445/2021/1989 1446/2022/1990 1444/2020/1988
f 1447/2023/1991 5/5/5 4/4/4
f 600/793/782 1447/2023/1991 4/4/4
f 1448/2024/1992 605/800/789 99/127/127
f 102/133/133 1449/2025/1993 99/127/127
f 1449/2025/1993 1448/2024/1992 99/127/127
f 852/1124/1112 1451/2026/1994 1450/2027/1995
f 1451/2026/1994 1452/2028/1996 1450/2027/1995
f 1453/2029/1997 853/1126/1114 1450/2027/1995
f 1452/2028/1996 1453/2029/1997 1450/2027/1995
f 853/1126/1114 852/1124/1112 1450/2027/1995
f 617/818/807 616/817/806 857/1133/1121
f 1367/1892/1859 617/2030/1998 857/1131/1119
f 1034/2031/1999 1454/2032/2000 334/433/429
f 1454/2032/2000 1455/2033/2001 334/433/429
f 339/439/435 1034/2031/1999 334/433/429
f 1455/2033/2001 335/434/430 334/433/429
f 1456/2034/2002 1457/2035/2003 1037/1384/1365
f 1457/2035/2003 1458/2036/2004 1037/1384/1365
f 1458/2036/2004 117/153/153 1037/1384/1365
f 1039/1387/1368 1456/2034/2002 1037/1384/1365
f 1459/2037/2005 1375/1905/1872 1374/1904/1871
f 1460/2038/2006 1459/2037/2005 1374/1904/1871
f 53/68/68 1461/2039/2007 1374/1904/1871
f 1461/2039/2007 1460/2038/2006 1374/1904/1871
f 1463/2040/2008 1464/2041/2009 1462/2042/2010
f 1465/2043/2011 1286/2044/2012 1462/2042/2010
f 871/2045/2013 873/2046/2014 1462/2042/2010
f 1464/2041/2009 871/2045/2013 1462/2042/2010
f 1286/2044/2012 1463/2040/2008 1462/2042/2010
f 873/2046/2014 1465/2043/2011 1462/2042/2010
f 37/49/49 40/53/53 1466/2047/2015
f 1467/2048/2016 1468/2049/2017 1466/2047/2015
f 1469/2050/2018 1467/2048/2016 1466/2047/2015
f 1468/2049/2017 1470/2051/2019 1466/2047/2015
f 40/53/53 1469/2050/2018 1466/2047/2015
f 1470/2051/2019 37/49/49 1466/2047/2015
f 795/1051/1041 45/60/60 44/59/59
f 366/471/467 795/1051/1041 44/59/59
f 48/63/63 366/471/467 44/59/59
f 1041/1392/1373 54/69/69 1471/2052/2020
f 54/69/69 1376/1907/1874 1471/2052/2020
f 1376/1907/1874 1472/2053/2021 1471/2052/2020
f 1472/2053/2021 1473/2054/2022 1471/2052/2020
f 1473/2054/2022 1041/1392/1373 1471/2052/2020
f 1474/2055/2023 1200/2056/2023 937/2057/2023
f 939/1255/1238 1474/2058/2024 937/1256/1239
f 891/1189/1177 668/879/868 667/878/867
f 388/505/499 891/1187/1175 667/884/873
f 670/883/872 388/505/499 667/884/873
f 1476/2059/2025 1477/2060/2026 1475/2061/2027
f 1478/2062/2028 1479/2063/2029 1475/2061/2027
f 1480/2064/2030 1476/2059/2025 1475/2061/2027
f 1479/2063/2029 1480/2064/2030 1475/2061/2027
f 1481/2065/2031 1478/2062/2028 1475/2061/2027
f 1482/2066/2032 1481/2065/2031 1475/2061/2027
f 1477/2060/2026 1482/2066/2032 1475/2061/2027
f 1009/1353/1334 1483/2067/2033 1007/1351/1332
f 1484/2068/2034 1485/2069/2035 1007/2070/2036
f 1483/2071/2037 1484/2068/2034 1007/2070/2036
f 1485/2072/2038 1008/1352/1333 1007/1351/1332
f 1486/2073/2039 687/2074/2040 686/2075/2041
f 1487/2076/2042 1488/2077/2043 686/2075/2041
f 1489/2078/2044 1486/2073/2039 686/2075/2041
f 283/378/374 1490/2079/2045 686/903/892
f 1488/2077/2043 1489/2078/2044 686/2075/2041
f 1490/2080/2046 1487/2081/2047 686/2082/2048
f 1492/2083/2049 1493/2084/2049 1491/2085/2049
f 1354/1870/1839 1359/1876/1845 1491/2086/2050
f 1408/1955/1923 1410/1968/1936 1491/2086/2050
f 1359/1876/1845 1408/1955/1923 1491/2086/2050
f 1493/2087/2051 1354/1870/1839 1491/2086/2050
f 1410/1968/1936 1492/2088/2052 1491/2086/2050
f 1495/2089/2053 1496/2090/2054 1494/2091/2055
f 1497/2092/2056 1495/2093/2057 1494/2094/2058
f 474/615/609 1498/2095/2059 1494/2094/2058
f 1499/2096/2060 474/615/609 1494/2094/2058
f 1496/2090/2054 1499/2097/2061 1494/2091/2055
f 1500/2098/2062 1497/2092/2056 1494/2094/2058
f 1498/2095/2059 1500/2098/2062 1494/2094/2058
f 1025/1369/1350 566/740/732 1023/1367/1348
f 565/739/731 779/1022/1012 1023/1367/1348
f 779/1022/1012 1024/1368/1349 1023/1367/1348
f 566/740/732 565/739/731 1023/1367/1348
f 1501/2099/2063 782/1038/1028 781/2100/2064
f 1032/1378/1359 1031/1377/1358 781/1026/1016
f 1031/1377/1358 1252/2101/2065 781/1026/1016
f 786/1033/1023 1032/1378/1359 781/1026/1016
f 1252/2102/2066 1501/2099/2063 781/2100/2064
f 1503/2103/2067 1504/2104/2068 1502/2105/2069
f 574/2106/1695 577/757/748 1502/2105/2069
f 1505/2107/2070 574/753/744 1502/2108/1695
f 577/757/748 960/1290/1273 1502/2105/2069
f 960/1290/1273 1503/2103/2067 1502/2105/2069
f 1504/2104/2068 1505/2109/2071 1502/2105/2069
f 301/399/395 300/397/393 1506/2110/2072
f 300/397/393 1507/2111/2073 1506/2110/2072
f 1091/1457/1438 301/399/395 1506/2110/2072
f 1507/2111/2073 1091/1457/1438 1506/2110/2072
f 1226/1664/1641 1228/1670/1647 1508/2112/2074
f 1509/2113/2075 1510/2114/2076 1508/2112/2074
f 1510/2114/2076 1511/2115/2077 1508/2112/2074
f 1512/2116/2078 1509/2113/2075 1508/2112/2074
f 1511/2115/2077 1226/1664/1641 1508/2112/2074
f 1228/1670/1647 1512/2116/2078 1508/2112/2074
f 147/2117/2079 1513/2118/2080 145/189/189
f 1513/2118/2080 1514/2119/2081 145/189/189
f 1514/2119/2081 261/348/344 145/189/189
f 261/348/344 146/190/190 145/189/189
f 1515/2120/2082 1516/2121/2083 263/352/348
f 1516/2121/2083 1517/2122/2084 263/352/348
f 1518/2123/2085 1515/2120/2082 263/352/348
f 1517/2122/2084 264/353/349 263/352/348
f 267/2124/2086 1518/2125/2087 263/2126/2088
f 1519/2127/2089 344/2128/2090 158/218/214
f 344/444/440 346/446/442 158/2129/2091
f 346/446/442 1520/2130/2092 158/2129/2091
f 163/217/213 1519/2127/2089 158/218/214
f 1520/2131/2093 159/210/206 158/209/205
f 813/2132/2094 1522/2133/2095 1521/2134/2096
f 1523/2135/2097 813/2132/2094 1521/2134/2096
f 1524/2136/2098 1523/2135/2097 1521/2134/2096
f 1522/2133/2095 1525/2137/2099 1521/2134/2096
f 1525/2137/2099 1524/2136/2098 1521/2134/2096
f 72/93/93 173/240/236 1526/2138/2100
f 1142/1528/1507 72/93/93 1526/2138/2100
f 1527/2139/2101 1528/2140/2102 1526/2141/2103
f 173/2142/2104 971/1309/1290 1526/2141/2103
f 971/1309/1290 1527/2139/2101 1526/2141/2103
f 1528/2143/2105 1142/1528/1507 1526/2138/2100
f 178/242/238 1529/2144/2106 752/2145/2107
f 755/991/981 179/2146/2108 752/987/977
f 179/243/239 178/242/238 752/2145/2107
f 1529/2144/2106 753/2147/2109 752/2145/2107
f 1530/2148/2110 1531/2149/2111 541/696/688
f 825/2150/2112 1530/2148/2110 541/696/688
f 545/702/694 825/2151/2113 541/2152/2114
f 1531/2149/2111 1532/2153/2115 541/696/688
f 1532/2153/2115 542/697/689 541/696/688
f 1533/2154/2116 830/1095/1083 829/1094/1082
f 832/1098/1086 1534/2155/2117 829/1094/1082
f 658/2156/2118 1533/2154/2116 829/1094/1082
f 1534/2155/2117 658/2156/2118 829/1094/1082
f 939/1255/1238 1535/2157/2119 1474/2058/2024
f 1536/2158/2120 1201/1630/1607 1474/2058/2024
f 1535/2157/2119 1536/2158/2120 1474/2058/2024
f 1201/1630/1607 1200/1629/1606 1474/2058/2024
f 1537/2159/2121 312/410/406 311/409/405
f 314/413/409 1538/2160/2122 311/409/405
f 1538/2160/2122 1537/2159/2121 311/409/405
f 471/2161/2123 1499/2097/2061 1539/2162/2124
f 559/2163/2125 17/2164/2126 1539/2162/2124
f 17/2164/2126 471/2161/2123 1539/2162/2124
f 1499/2097/2061 1540/2165/2127 1539/2162/2124
f 1540/2165/2127 559/2163/2125 1539/2162/2124
f 524/2166/2128 170/228/224 522/2167/2129
f 170/228/224 1541/2168/2130 522/2167/2129
f 1541/2169/2131 523/672/666 522/671/665
f 396/517/511 398/519/513 1542/2170/2132
f 398/2171/2133 617/2172/2134 1542/2173/2135
f 617/2030/1998 1367/1892/1859 1542/2174/2136
f 1367/1892/1859 396/2175/2137 1542/2174/2136
f 1543/2176/2138 1544/2177/2139 620/824/813
f 622/823/812 1543/2176/2138 620/824/813
f 1545/2178/2140 621/821/810 620/820/809
f 1544/2179/2141 1545/2178/2140 620/820/809
f 629/2180/2142 1020/2181/2143 627/2182/2144
f 1020/2181/2143 1546/2183/2145 627/2182/2144
f 1546/2184/2146 628/831/820 627/830/819
f 1547/2185/2147 300/397/393 299/396/392
f 1180/1590/1567 1548/2186/2148 299/396/392
f 303/402/398 1180/1590/1567 299/396/392
f 1548/2186/2148 1547/2185/2147 299/396/392
f 1284/1758/1733 1183/1596/1573 1182/1595/1572
f 306/718/710 555/717/709 1182/1595/1572
f 315/414/410 1549/2187/2149 313/412/408
f 1186/1605/1582 1550/2188/2150 313/2189/2151
f 1550/2188/2150 314/2190/2152 313/2189/2151
f 1549/2191/2153 1186/2192/2154 313/2193/2155
f 420/553/547 160/212/208 756/2194/2156
f 328/427/423 1551/2195/2157 756/2196/2158
f 160/2197/2159 162/2198/2159 756/2199/2159
f 1551/2200/2160 1552/2201/2160 756/2202/2160
f 1552/2203/2161 420/553/547 756/2194/2156
f 231/310/306 328/427/423 756/2196/2158
f 1554/2204/2162 1555/2205/2163 1553/2206/2164
f 1556/2207/2165 1557/2208/2166 1553/2206/2164
f 1558/2209/2167 1306/2210/2168 1553/2206/2164
f 1557/2208/2166 1558/2209/2167 1553/2206/2164
f 1306/2210/2168 1559/2211/2169 1553/2206/2164
f 1559/2211/2169 1554/2204/2162 1553/2206/2164
f 1555/2205/2163 1556/2207/2165 1553/2206/2164
f 505/651/645 874/1162/1150 1560/2212/2170
f 234/2213/2171 233/2214/2172 1560/2212/2170
f 506/652/646 505/651/645 1560/2212/2170
f 233/2214/2172 506/652/646 1560/2212/2170
f 874/1162/1150 234/2213/2171 1560/2212/2170
f 1562/2215/2173 1563/2216/2174 1561/2217/2175
f 1563/2216/2174 1564/2218/2176 1561/2217/2175
f 1564/2219/2177 1565/2220/2178 1561/2221/2179
f 1565/2220/2178 1566/2222/2180 1561/2221/2179
f 1567/2223/2181 1562/2224/2182 1561/2221/2179
f 1566/2222/2180 1567/2223/2181 1561/2221/2179
f 1569/2225/2183 1570/2226/2184 1568/2227/2185
f 1571/2228/2186 1572/2229/2187 1568/2230/2188
f 1570/2226/2184 1573/2231/2189 1568/2227/2185
f 1573/2232/2190 1571/2228/2186 1568/2230/2188
f 1575/2233/2191 1149/1537/1516 1574/2234/2192
f 250/334/330 1576/2235/2193 1574/2236/2194
f 1148/2237/2195 253/338/334 1574/2236/2194
f 1576/2235/2193 1575/2238/2196 1574/2236/2194
f 253/338/334 250/334/330 1574/2236/2194
f 1149/1537/1516 1148/1536/1515 1574/2234/2192
f 1578/2239/2197 1579/2240/2198 1577/2241/2199
f 1580/2242/2200 1581/2243/2201 1577/2241/2199
f 1328/1817/1792 1330/1816/1791 1577/2244/2202
f 1330/1816/1791 1582/2245/2203 1577/2244/2202
f 1579/2240/2198 1328/2246/2204 1577/2241/2199
f 1582/2247/2205 1580/2242/2200 1577/2241/2199
f 1581/2243/2201 1578/2239/2197 1577/2241/2199
f 1584/2248/2206 1585/2249/2207 1583/2250/2208
f 1586/2251/2209 1587/2252/2210 1583/2253/2211
f 1355/1871/1840 1584/2254/2212 1583/2255/2213
f 1585/2249/2207 1588/2256/2214 1583/2250/2208
f 1358/1875/1844 1355/1871/1840 1583/2255/2213
f 1587/2257/2215 1358/1875/1844 1583/2255/2213
f 1588/2256/2214 1586/2258/2216 1583/2250/2208
f 865/1146/1134 1589/2259/2217 696/913/903
f 1589/2259/2217 1590/2260/2218 696/913/903
f 699/917/907 865/1146/1134 696/913/903
f 1590/2260/2218 697/914/904 696/913/903
f 705/926/916 375/485/479 374/484/478
f 706/927/917 705/926/916 374/484/478
f 198/272/268 197/268/264 374/484/478
f 197/268/264 706/927/917 374/484/478
f 1592/2261/2219 382/499/493 1591/2262/2220
f 1593/2263/2221 1594/2264/2222 1591/2262/2220
f 382/499/493 1595/2265/2223 1591/2262/2220
f 1595/2265/2223 1593/2263/2221 1591/2262/2220
f 1594/2266/2224 1592/2267/2225 1591/2268/2226
f 1597/2269/2227 1598/2270/2228 1596/2271/2229
f 1598/2270/2228 1599/2272/2230 1596/2271/2229
f 1600/2273/2231 1597/2269/2227 1596/2271/2229
f 1599/2272/2230 1434/2274/2232 1596/2271/2229
f 1434/2274/2232 1600/2273/2231 1596/2271/2229
f 1424/1989/1957 1425/1988/1956 718/944/934
f 1436/2012/1980 719/945/935 718/944/934
f 1601/2275/2233 1436/2012/1980 718/944/934
f 1425/1988/1956 1601/2275/2233 718/944/934
f 137/181/181 1424/1989/1957 718/944/934
f 1603/2276/2234 1604/2277/2235 1602/2278/2236
f 453/587/581 1605/2279/2237 1602/2278/2236
f 1605/2279/2237 1606/2280/2238 1602/2278/2236
f 1606/2280/2238 1603/2276/2234 1602/2278/2236
f 1604/2277/2235 454/589/583 1602/2278/2236
f 454/589/583 453/587/581 1602/2278/2236
f 1608/2281/2239 1609/2282/2240 1607/2283/2241
f 1454/2032/2000 1608/2281/2239 1607/2283/2241
f 1215/1651/1628 150/201/197 1607/2283/2241
f 1609/2282/2240 1215/1651/1628 1607/2283/2241
f 1455/2033/2001 1454/2032/2000 1607/2283/2241
f 150/201/197 1455/2033/2001 1607/2283/2241
f 1610/2284/2242 1218/1653/1630 1217/1652/1629
f 1412/2285/2243 1610/2284/2242 1217/1652/1629
f 416/542/536 414/537/531 1217/1652/1629
f 414/537/531 1412/2285/2243 1217/1652/1629
f 1497/2286/2244 984/1322/1303 1611/2287/2245
f 983/1321/1302 1612/2288/2246 1611/2287/2245
f 1613/2289/2247 1614/2290/2248 1611/2287/2245
f 984/1322/1303 983/1321/1302 1611/2287/2245
f 1612/2288/2246 1615/2291/2249 1611/2287/2245
f 1614/2290/2248 1497/2286/2244 1611/2287/2245
f 1615/2291/2249 1613/2289/2247 1611/2287/2245
f 797/1054/1044 1616/2292/2250 588/773/764
f 1617/2293/2251 1618/2294/2252 588/773/764
f 592/779/770 797/1054/1044 588/773/764
f 1619/2295/2253 1617/2293/2251 588/773/764
f 1618/2294/2252 589/774/765 588/773/764
f 1616/2292/2250 1619/2295/2253 588/773/764
f 1621/2296/2254 1331/2297/2255 1620/2298/2256
f 1622/2299/2257 1621/2296/2254 1620/2298/2256
f 1329/2300/2258 1623/2301/2259 1620/2298/2256
f 1623/2301/2259 1622/2299/2257 1620/2298/2256
f 1331/1819/1794 1329/1815/1790 1620/2302/2260
f 491/635/629 1625/2303/2261 1624/2304/2262
f 154/2305/2263 153/2306/2263 1624/2307/2263
f 153/2308/2264 492/638/632 1624/2304/2262
f 1625/2303/2261 154/206/202 1624/2304/2262
f 492/638/632 491/635/629 1624/2304/2262
f 1241/2309/2265 1242/1700/1675 188/256/252
f 187/254/250 1626/2310/2266 188/261/257
f 1242/1700/1675 189/257/253 188/256/252
f 1626/2310/2266 1241/2311/2267 188/261/257
f 1628/2312/2268 1629/2313/2269 1627/2314/2270
f 1630/2315/2271 1628/2312/2268 1627/2314/2270
f 1631/2316/2272 1630/2315/2271 1627/2314/2270
f 1198/1626/1603 1631/2316/2272 1627/2314/2270
f 1629/2313/2269 1198/1626/1603 1627/2314/2270
f 202/276/272 201/274/270 1632/2317/2273
f 201/274/270 1633/2318/2274 1632/2317/2273
f 1633/2319/2275 385/503/497 1632/2320/2276
f 385/503/497 202/2321/2277 1632/2320/2276
f 1635/2322/2278 1254/1717/1692 1634/2323/2279
f 1254/1717/1692 1636/2324/2280 1634/2323/2279
f 1637/2325/2281 362/468/464 1634/2323/2279
f 362/468/464 361/467/463 1634/2323/2279
f 361/467/463 1635/2322/2278 1634/2323/2279
f 1636/2324/2280 1637/2325/2281 1634/2323/2279
f 1638/2326/2282 1639/2327/2283 771/2328/2284
f 774/1013/1003 1640/2329/2285 771/1015/1005
f 1640/2330/2286 1638/2326/2282 771/2328/2284
f 1639/2331/2287 772/1010/1000 771/1009/999
f 1558/2332/2288 1641/2333/2289 427/556/550
f 431/561/555 1558/2332/2288 427/556/550
f 1641/2333/2289 428/557/551 427/556/550
f 59/77/77 58/72/72 1642/2334/2290
f 58/72/72 1135/2335/2291 1642/2334/2290
f 1643/2336/2292 59/77/77 1642/2334/2290
f 1644/2337/2293 1594/2266/2224 1642/2338/2294
f 1594/2264/2222 1643/2339/2295 1642/2340/2296
f 1135/2341/2297 1644/2337/2293 1642/2338/2294
f 1646/2342/2298 1083/1446/1427 1645/2343/2299
f 1083/1446/1427 1431/2003/1971 1645/2343/2299
f 1430/2002/1970 1647/2344/2300 1645/2343/2299
f 1647/2344/2300 1646/2342/2298 1645/2343/2299
f 1431/2003/1971 1430/2002/1970 1645/2343/2299
f 448/583/577 1648/2345/2301 446/580/574
f 1298/2346/2302 447/2347/2302 446/2348/2302
f 1477/2349/2303 1298/1771/1746 446/2350/2304
f 1648/2351/2305 1477/2352/2305 446/2353/2306
f 868/1156/1144 726/1155/1143 1649/2354/2307
f 869/1154/1142 868/1153/1141 1649/2355/2308
f 1650/2356/2309 1651/2357/2310 1649/2358/2311
f 1651/2357/2310 869/1604/1581 1649/2358/2311
f 726/954/944 728/958/948 1649/2359/2312
f 728/958/948 1650/2360/2313 1649/2359/2312
f 1652/2361/2314 1653/2362/2315 1248/2363/2316
f 1031/2364/2317 1652/2361/2314 1248/2363/2316
f 1653/2365/2318 1654/2366/2319 1248/1707/1682
f 1654/2366/2319 1249/1708/1683 1248/1707/1682
f 1252/2101/2065 1031/1377/1358 1248/2367/2320
f 1117/2368/2321 1215/1651/1628 1655/2369/2322
f 1656/2370/2323 1118/2371/2324 1655/2369/2322
f 1657/2372/2325 1656/2370/2323 1655/2369/2322
f 1215/1651/1628 1609/2282/2240 1655/2369/2322
f 1609/2282/2240 1657/2372/2325 1655/2369/2322
f 1118/2371/2324 1117/2368/2321 1655/2369/2322
f 1659/2373/2326 1660/2374/2327 1658/2375/2328
f 1661/2376/2329 1662/2377/2330 1658/2375/2328
f 1663/2378/2331 1661/2379/2332 1658/2380/2333
f 1664/2381/2334 1659/2373/2326 1658/2375/2328
f 1660/2374/2327 1663/2382/2335 1658/2375/2328
f 1662/2377/2330 1664/2381/2334 1658/2375/2328
f 683/901/890 1666/2383/2336 1665/2384/2337
f 1667/2385/2338 1668/2386/2339 1665/2387/1695
f 1668/2388/2340 1159/1559/1536 1665/2384/2337
f 1666/2383/2336 1669/2389/2341 1665/2384/2337
f 1159/1559/1536 683/901/890 1665/2384/2337
f 1669/2389/2341 1667/2390/1695 1665/2384/2337
f 1263/2391/2342 1671/2392/2343 1670/2393/2344
f 282/376/372 1263/1728/1703 1670/2394/2345
f 1490/2079/2045 283/378/374 1670/2394/2345
f 1671/2395/2346 1490/2079/2045 1670/2394/2345
f 1235/1678/1655 890/1185/1173 889/1184/1172
f 389/1188/1176 1402/1944/1912 889/1184/1172
f 1402/1944/1912 1168/1679/1656 889/1184/1172
f 1168/1679/1656 1235/1678/1655 889/1184/1172
f 1673/2396/2347 1027/1370/1351 1672/2397/2348
f 785/1032/1022 18/26/26 1672/2397/2348
f 1027/1370/1351 786/1033/1023 1672/2397/2348
f 18/26/26 1210/2398/2349 1672/2397/2348
f 1210/2398/2349 1673/2396/2347 1672/2397/2348
f 786/1033/1023 785/1032/1022 1672/2397/2348
f 1675/2399/2350 933/2400/2351 1674/2401/2352
f 1676/2402/2353 1675/2399/2350 1674/2401/2352
f 500/2403/2354 1677/2404/2355 1674/2405/2356
f 933/2406/2357 500/2403/2354 1674/2405/2356
f 51/65/65 1042/1393/1374 1674/2405/2356
f 1677/2404/2355 51/65/65 1674/2405/2356
f 1042/2407/2358 1676/2402/2353 1674/2401/2352
f 1678/2408/2359 1290/1763/1738 1289/1762/1737
f 312/2409/2360 1679/2410/2361 1289/1762/1737
f 1292/1766/1741 316/2411/2362 1289/1762/1737
f 316/2411/2362 312/2409/2360 1289/1762/1737
f 1679/2410/2361 1678/2408/2359 1289/1762/1737
f 1680/2412/2363 1681/2413/2364 1189/2414/2365
f 1191/1614/1591 1682/2415/2366 1189/1615/1592
f 1682/2415/2366 1683/2416/2367 1189/1615/1592
f 1681/2417/2368 1190/1612/1589 1189/1611/1588
f 1683/2418/2369 1680/2412/2363 1189/2414/2365
f 525/675/669 1227/2419/2370 524/674/668
f 167/224/220 170/228/224 524/2166/2128
f 1227/1666/1643 167/224/220 524/2166/2128
f 1061/2420/2371 1684/2421/2372 674/2422/2373
f 1571/2228/2186 675/2423/2374 674/2422/2373
f 673/2424/2375 1061/2420/2371 674/2422/2373
f 1684/2421/2372 1571/2228/2186 674/2422/2373
f 1686/2425/2376 1687/2426/2377 1685/2427/2378
f 1688/2428/2379 1686/2425/2376 1685/2427/2378
f 1065/2429/2380 1688/2428/2379 1685/2427/2378
f 1689/2430/2381 1065/2429/2380 1685/2427/2378
f 1687/2426/2377 1689/2430/2381 1685/2427/2378
f 1690/2431/2382 544/2432/2383 543/2433/2384
f 632/836/825 1690/2431/2382 543/2433/2384
f 1691/2434/2385 1692/2435/2385 1492/2436/2385
f 1692/2437/2386 1693/2438/2387 1492/2439/2388
f 1410/1957/1925 1691/2440/2389 1492/2441/2390
f 1693/2442/2391 1493/2087/2051 1492/2443/2392
f 1694/2444/2393 1695/2445/2394 1379/1909/1876
f 1381/1915/1882 1077/1437/1418 1379/1909/1876
f 1695/2445/2394 729/1910/1877 1379/1909/1876
f 1077/1437/1418 1696/2446/2395 1379/1909/1876
f 1696/2446/2395 1694/2444/2393 1379/1909/1876
f 212/2447/2396 1636/2324/2280 1253/1716/1691
f 1636/2324/2280 1254/1717/1692 1253/1716/1691
f 1089/1453/1434 1697/2448/2397 1087/1454/1435
f 1257/1723/1698 1259/1725/1700 1087/1450/1431
f 1697/2448/2397 1698/2449/2398 1087/1454/1435
f 1698/2450/2399 1257/1723/1698 1087/1450/1431
f 1259/1725/1700 1088/1451/1432 1087/1450/1431
f 379/495/489 1699/2451/2400 376/496/490
f 1701/2452/2401 1416/1972/1940 1700/2453/2402
f 1702/2454/2403 1703/2455/2404 1700/2453/2402
f 1704/2456/2405 1702/2454/2403 1700/2453/2402
f 1416/1972/1940 1704/2456/2405 1700/2453/2402
f 1703/2455/2404 1701/2452/2401 1700/2453/2402
f 1706/2457/2406 1707/2458/2407 1705/2459/2408
f 128/168/168 291/386/382 1705/2459/2408
f 291/386/382 290/385/381 1705/2459/2408
f 1707/2458/2407 128/168/168 1705/2459/2408
f 290/385/381 1706/2457/2406 1705/2459/2408
f 1106/1474/1455 950/1273/1256 949/1272/1255
f 1708/2460/2409 1709/2461/2410 949/1279/1262
f 1709/2461/2410 1106/2462/2411 949/1279/1262
f 953/1278/1261 1708/2460/2409 949/1279/1262
f 1711/2463/2412 1712/2464/2413 1710/2465/2414
f 1713/2466/2415 1714/2467/2416 1710/2465/2414
f 1715/2468/2417 1711/2463/2412 1710/2465/2414
f 1716/2469/2418 1715/2468/2417 1710/2465/2414
f 1712/2464/2413 1713/2466/2415 1710/2465/2414
f 1714/2467/2416 1716/2469/2418 1710/2465/2414
f 1161/2470/2419 258/345/341 1717/2471/2420
f 1718/2472/2421 1719/2473/2422 1717/2471/2420
f 1719/2473/2422 1720/2474/2423 1717/2471/2420
f 258/345/341 1718/2472/2421 1717/2471/2420
f 1720/2474/2423 1161/2470/2419 1717/2471/2420
f 634/2475/2424 1722/2476/2425 1721/2477/2426
f 1122/2478/2427 1723/2479/2427 1721/2480/2427
f 1724/2481/2428 634/2475/2424 1721/2477/2426
f 1722/2476/2425 1122/1496/1477 1721/2477/2426
f 320/419/415 322/421/417 1725/2482/2429
f 322/421/417 1194/1620/1597 1725/2482/2429
f 1726/2483/2430 1126/1499/1480 1725/2482/2429
f 1126/1499/1480 320/419/415 1725/2482/2429
f 1194/1620/1597 1193/1618/1595 1725/2482/2429
f 1193/1618/1595 1726/2483/2430 1725/2482/2429
f 1390/2484/2431 1714/2467/2416 1727/2485/2432
f 1713/2466/2415 1712/2464/2413 1727/2485/2432
f 1728/2486/2433 1390/2484/2431 1727/2485/2432
f 1712/2464/2413 1729/2487/2434 1727/2485/2432
f 1714/2467/2416 1713/2466/2415 1727/2485/2432
f 1729/2487/2434 1728/2486/2433 1727/2485/2432
f 1731/2488/2435 1622/2489/2436 1730/2490/2437
f 1106/2491/2438 1709/2492/2439 1730/2490/2437
f 916/1220/1206 1731/2488/2435 1730/2490/2437
f 1732/2493/2440 916/1220/1206 1730/2490/2437
f 1622/2489/2436 1623/2494/2441 1730/2490/2437
f 1709/2492/2439 1732/2493/2440 1730/2490/2437
f 1623/2494/2441 1107/2495/2442 1730/2490/2437
f 1107/2495/2442 1106/2491/2438 1730/2490/2437
f 1515/2496/2443 1518/2125/2087 1733/2497/2444
f 155/207/203 1734/2498/2445 1733/2497/2444
f 1518/2125/2087 155/207/203 1733/2497/2444
f 1734/2498/2445 1735/2499/2446 1733/2497/2444
f 1735/2499/2446 1515/2496/2443 1733/2497/2444
f 1737/2500/2447 928/2501/2448 1736/2502/2449
f 809/2503/2450 1738/2504/2451 1736/2505/2452
f 810/1070/1060 809/1069/1059 1736/2502/2449
f 1738/2504/2451 1737/2506/2453 1736/2505/2452
f 928/2501/2448 810/1070/1060 1736/2502/2449
f 1074/2507/2454 349/448/444 348/447/443
f 350/451/447 1071/1428/1409 348/447/443
f 201/274/270 958/1285/1268 836/2508/2455
f 958/1288/1271 837/1102/1090 836/1101/1089
f 1633/2318/2274 201/274/270 836/2508/2455
f 839/1105/1093 1633/2319/2275 836/1111/1099
f 575/754/745 1739/2509/2456 1635/2322/2278
f 361/467/463 575/754/745 1635/2322/2278
f 1739/2509/2456 1254/1717/1692 1635/2322/2278
f 1740/2510/2457 878/2511/2458 1638/2326/2282
f 878/2511/2458 1741/2512/2459 1638/2326/2282
f 1640/2330/2286 1740/2510/2457 1638/2326/2282
f 1741/2512/2459 1639/2327/2283 1638/2326/2282
f 1743/2513/2460 1744/2514/2461 1742/2515/2462
f 831/2516/2463 833/2517/2464 1742/2515/2462
f 833/2517/2464 1745/2518/2465 1742/2515/2462
f 1744/2514/2461 831/2516/2463 1742/2515/2462
f 1745/2518/2465 1743/2513/2460 1742/2515/2462
f 1747/2519/2466 1748/2520/2467 1746/2521/2468
f 1749/2522/2469 1750/2523/2470 1746/2524/2471
f 1751/2525/2472 1747/2526/2473 1746/2524/2471
f 1750/2523/2470 1751/2525/2472 1746/2524/2471
f 1748/2520/2467 1749/2527/2474 1746/2521/2468
f 1752/2528/2475 1103/1471/1452 1102/1470/1451
f 125/166/166 1170/2529/2476 1102/1470/1451
f 1170/2530/2477 1753/2531/2478 1102/2532/2479
f 1753/2531/2478 1752/2533/2480 1102/2532/2479
f 397/518/512 1208/1637/1614 394/514/508
f 1211/1641/1618 395/515/509 394/514/508
f 1718/2472/2421 969/2534/2481 968/2535/2482
f 1719/2473/2422 1718/2472/2421 968/2535/2482
f 973/2536/2483 1719/2473/2422 968/2535/2482
f 1754/2537/2484 1755/2538/2485 975/1312/1293
f 1755/2538/2485 976/1313/1294 975/1312/1293
f 603/796/785 1754/2537/2484 975/1312/1293
f 913/2539/2486 422/549/543 911/2540/2487
f 422/549/543 424/551/545 911/2540/2487
f 1756/2541/2488 912/2542/2489 911/2543/2490
f 424/2544/2491 1756/2541/2488 911/2543/2490
f 1757/2545/2492 223/297/293 1305/1778/1753
f 223/2546/2493 564/2547/2494 1305/2548/2495
f 564/2549/2496 1306/1779/1754 1305/1778/1753
f 991/1781/1756 1757/2545/2492 1305/1778/1753
f 1310/1786/1761 1758/2550/2497 1308/1787/1762
f 1759/2551/2498 1309/2552/2499 1308/1787/1762
f 1758/2550/2497 1759/2551/2498 1308/1787/1762
f 1760/2553/2500 1467/2048/2016 1562/2215/2173
f 1467/2048/2016 237/318/314 1562/2215/2173
f 237/318/314 1563/2216/2174 1562/2215/2173
f 1567/2223/2181 1313/1790/1765 1562/2224/2182
f 1313/1790/1765 1760/2554/2501 1562/2224/2182
f 1761/2555/2502 1570/2226/2184 1569/2225/2503
f 1762/2556/2504 1761/2557/2504 1569/2558/2504
f 79/104/104 1764/2559/2505 1763/2560/2506
f 1764/2559/2505 1765/2561/2507 1763/2560/2506
f 1765/2561/2507 1766/2562/2508 1763/2560/2506
f 1145/2563/2509 80/105/105 1763/2560/2506
f 80/105/105 79/104/104 1763/2560/2506
f 1766/2562/2508 1145/2563/2509 1763/2560/2506
f 1694/2564/2510 1696/2565/2511 1767/2566/2512
f 1768/2567/2513 1330/2568/2514 1767/2569/2515
f 1330/2568/2514 1327/2570/2516 1767/2569/2515
f 1696/2565/2511 1769/2571/2517 1767/2566/2512
f 1769/2572/2518 1768/2567/2513 1767/2569/2515
f 1327/2573/2519 1694/2564/2510 1767/2566/2512
f 338/438/434 340/440/436 1770/2574/2520
f 1771/2575/2521 1772/2576/2522 1770/2574/2520
f 1772/2576/2522 1517/2577/2523 1770/2574/2520
f 1516/2578/2524 338/438/434 1770/2574/2520
f 1012/1355/1336 1771/2575/2521 1770/2574/2520
f 340/440/436 1012/1355/1336 1770/2574/2520
f 1517/2577/2523 1516/2578/2524 1770/2574/2520
f 113/147/147 1458/2036/2004 865/2579/2525
f 1458/2580/2526 1589/2259/2217 865/1146/1134
f 1773/2581/2527 1774/2582/2528 1603/2276/2234
f 1775/2583/2529 1604/2277/2235 1603/2276/2234
f 1606/2280/2238 1776/2584/2530 1603/2276/2234
f 1776/2584/2530 1773/2581/2527 1603/2276/2234
f 1774/2582/2528 1775/2583/2529 1603/2276/2234
f 1778/2585/2531 1779/2586/2532 1777/2587/2533
f 1780/2588/2534 1778/2589/2535 1777/2590/2536
f 1781/2591/2537 1782/2592/2538 1777/2587/2533
f 1779/2586/2532 1781/2591/2537 1777/2587/2533
f 1782/2593/2539 1780/2588/2534 1777/2590/2536
f 1169/1573/1550 120/1572/1549 119/2594/2540
f 127/2595/2541 289/384/380 119/2594/2540
f 289/384/380 288/382/378 119/2594/2540
f 288/382/378 1169/1573/1550 119/2594/2540
f 1173/1580/1557 1784/2596/2542 1783/2597/2543
f 1785/2598/2544 1786/2599/2545 1783/2600/2546
f 1784/2596/2542 1785/2601/2547 1783/2597/2543
f 1787/2602/2548 20/28/28 1783/2600/2546
f 1786/2599/2545 1787/2602/2548 1783/2600/2546
f 19/27/27 1173/2603/2549 1783/2600/2546
f 20/28/28 19/27/27 1783/2600/2546
f 1788/2604/2550 53/68/68 52/67/67
f 51/65/65 1788/2604/2550 52/67/67
f 1790/2605/2551 1791/2606/2552 1789/2607/2553
f 1792/2608/2554 1047/2609/2555 1789/2607/2553
f 31/40/40 33/45/45 1789/2610/2556
f 1791/2606/2552 1792/2608/2554 1789/2607/2553
f 33/45/45 1790/2611/2557 1789/2610/2556
f 1047/1398/1379 31/40/40 1789/2610/2556
f 765/1003/993 847/2612/2558 1793/2613/2559
f 1794/2614/2560 1293/1767/1742 1793/2613/2559
f 1293/1767/1742 1795/2615/2561 1793/2613/2559
f 1795/2615/2561 765/1003/993 1793/2613/2559
f 847/1118/1106 843/1113/1101 1793/2616/2562
f 843/1113/1101 1794/2617/2563 1793/2616/2562
f 1299/2618/2564 319/2619/2565 318/2620/2566
f 1796/2621/2567 1797/2622/2568 318/2620/2566
f 321/1502/1483 1796/2621/2567 318/2620/2566
f 1797/2622/2568 1299/2618/2564 318/2620/2566
f 1798/2623/2569 990/1328/1309 378/490/484
f 1799/2624/2570 1798/2625/2571 378/2626/2572
f 375/485/479 1799/2624/2570 378/2626/2572
f 990/1328/1309 379/491/485 378/490/484
f 1800/2627/2573 1801/2628/2574 1701/2452/2401
f 1703/2455/2404 1802/2629/2575 1701/2452/2401
f 1802/2630/2576 1800/2631/2577 1701/2632/2578
f 1801/2628/2574 1416/1972/1940 1701/2452/2401
f 443/578/572 444/579/573 1418/1976/1944
f 767/1271/1254 947/1266/1249 1418/1976/1944
f 768/1981/1949 767/1271/1254 1418/1976/1944
f 947/1266/1249 443/578/572 1418/1976/1944
f 1106/1474/1455 1110/1480/1461 950/1273/1256
f 1110/1480/1461 951/1275/1258 950/1273/1256
f 1804/2633/2579 1805/2634/2580 1803/2635/2581
f 742/977/967 1804/2633/2579 1803/2635/2581
f 1716/2469/2418 743/978/968 1803/2635/2581
f 1806/2636/2582 1716/2469/2418 1803/2635/2581
f 1805/2634/2580 1806/2636/2582 1803/2635/2581
f 743/978/968 742/977/967 1803/2635/2581
f 1115/1488/1469 1012/2637/2583 1011/2638/2584
f 1014/1866/1835 1352/1865/1834 1011/2639/2585
f 1352/1865/1834 821/2640/2586 1011/2639/2585
f 821/1084/1074 1115/1488/1469 1011/2638/2584
f 692/2641/2587 693/2642/2588 1807/2643/2589
f 1123/1497/1478 1808/2644/2590 1807/2645/2591
f 693/2642/2588 1809/2646/2592 1807/2643/2589
f 1124/1498/1479 1123/1497/1478 1807/2645/2591
f 1809/2646/2592 1124/2647/2593 1807/2643/2589
f 1808/2644/2590 692/2648/2594 1807/2645/2591
f 1552/2649/2595 421/547/541 420/546/540
f 425/552/546 161/213/209 420/553/547
f 161/213/209 160/212/208 420/553/547
f 1811/2650/2596 1812/2651/2597 1810/2652/2598
f 1812/2651/2597 1442/2018/1986 1810/2652/2598
f 1440/2015/1983 1619/2295/2253 1810/2652/2598
f 1619/2295/2253 1811/2650/2596 1810/2652/2598
f 1442/2018/1986 1440/2015/1983 1810/2652/2598
f 1814/2653/2599 1815/2654/2600 1813/2655/2601
f 1061/1419/1400 1062/1420/1401 1813/2656/2602
f 1815/2654/2600 1816/2657/2603 1813/2655/2601
f 1817/2658/2604 1814/2653/2599 1813/2655/2601
f 1816/2657/2603 1061/2659/2605 1813/2655/2601
f 1759/2660/2606 1758/2661/2607 1813/2656/2602
f 1758/2661/2607 1817/2662/2608 1813/2656/2602
f 1062/1420/1401 1759/2660/2606 1813/2656/2602
f 489/637/631 337/2663/2609 490/634/628
f 337/2663/2609 1735/2499/2446 490/634/628
f 1734/2498/2445 491/635/629 490/634/628
f 1735/2499/2446 1734/2498/2445 490/634/628
f 1818/2664/2610 888/1183/1171 1038/1389/1370
f 1040/1388/1369 1818/2664/2610 1038/1389/1370
f 1819/2665/2611 1820/2666/2612 1038/1386/1367
f 1820/2666/2612 1039/1387/1368 1038/1386/1367
f 888/1183/1171 1819/2667/2613 1038/1389/1370
f 502/649/643 1822/2668/2614 1821/2669/2615
f 1691/2670/2616 1823/2671/2616 1821/2672/2616
f 1823/2673/2617 502/649/643 1821/2669/2615
f 1692/2437/2386 1691/2674/2618 1821/2669/2615
f 1822/2668/2614 1824/2675/2619 1821/2669/2615
f 1824/2675/2619 1692/2437/2386 1821/2669/2615
f 1792/2608/2554 1825/2676/2620 1380/2677/2621
f 1825/2676/2620 1381/2678/2622 1380/2677/2621
f 1047/2609/2555 1792/2608/2554 1380/2677/2621
f 1826/2679/2623 1085/1449/1430 790/2680/2624
f 1050/1401/1382 1827/2681/2625 790/2680/2624
f 1827/2682/2626 791/1041/1031 790/1040/1030
f 1085/1449/1430 1050/1401/1382 790/2680/2624
f 793/1044/1034 1826/2683/2627 790/1046/1036
f 1828/2684/2628 849/1119/1107 367/473/469
f 371/480/476 1828/2685/2629 367/2686/2630
f 1830/2687/2631 1831/2688/2632 1829/2689/2633
f 1261/1727/1702 1830/2690/2634 1829/2691/2635
f 898/1196/1184 1261/1727/1702 1829/2691/2635
f 1831/2688/2632 1832/2692/2636 1829/2689/2633
f 1832/2693/2637 898/1196/1184 1829/2691/2635
f 1834/2694/2638 1108/1477/1458 1833/2695/2639
f 1578/2239/2197 1581/2243/2201 1833/2696/2640
f 1108/1483/1464 1835/2697/2641 1833/2696/2640
f 1836/2698/2642 1834/2694/2638 1833/2695/2639
f 1835/2697/2641 1578/2239/2197 1833/2696/2640
f 1581/2699/2643 1836/2698/2642 1833/2695/2639
f 121/158/158 1401/2700/2644 1837/2701/2645
f 1401/2700/2644 1403/2702/2646 1837/2701/2645
f 1838/2703/2647 121/158/158 1837/2701/2645
f 1839/2704/2648 1838/2703/2647 1837/2701/2645
f 1840/2705/2649 1839/2704/2648 1837/2701/2645
f 1403/1947/1915 1841/2706/2650 1837/2707/2651
f 1841/2708/2652 1840/2709/2653 1837/2710/2654
f 1843/2711/2655 1844/2712/2656 1842/2713/2657
f 1176/1586/1563 1177/1585/1562 1842/2713/2657
f 1177/1585/1562 1843/2711/2655 1842/2713/2657
f 1844/2712/2656 274/367/363 1842/2713/2657
f 274/367/363 1176/1586/1563 1842/2713/2657
f 1675/2399/2350 1180/1590/1567 1179/1589/1566
f 1260/1726/1701 934/1248/1231 1179/1593/1570
f 216/289/285 1260/1726/1701 1179/1593/1570
f 934/1248/1231 1675/2714/2658 1179/1593/1570
f 1846/2715/2659 1847/2716/2660 1845/2717/2661
f 1184/1598/1575 1848/2718/2662 1845/2717/2661
f 996/1336/1317 1849/2719/2663 1845/2717/2661
f 1848/2718/2662 1846/2715/2659 1845/2717/2661
f 1849/2719/2663 1184/1598/1575 1845/2717/2661
f 510/660/654 996/1336/1317 1845/2717/2661
f 1847/2716/2660 510/660/654 1845/2717/2661
f 1342/1841/1814 1851/2720/2664 1850/2721/2665
f 1852/2722/2666 1853/2723/2667 1850/2724/2668
f 1854/2725/2669 1852/2726/2670 1850/2727/2671
f 1853/2728/2672 1855/2729/2673 1850/2721/2665
f 1855/2729/2673 1342/1841/1814 1850/2721/2665
f 1851/2730/2674 1854/2725/2669 1850/2727/2671
f 1476/2059/2025 1681/2731/2675 1680/2732/2676
f 1301/2733/2677 1300/2734/2678 1680/2412/2363
f 1300/2735/2679 1476/2059/2025 1680/2732/2676
f 1683/2418/2369 1301/2733/2677 1680/2412/2363
f 1133/1510/1491 1856/2736/2680 1130/1506/1487
f 1557/2208/2166 1131/2737/2681 1130/2738/2682
f 1856/2736/2680 1857/2739/2683 1130/1506/1487
f 1857/2740/2684 1557/2208/2166 1130/2738/2682
f 1135/2335/2291 58/72/72 57/71/71
f 62/79/79 957/1286/1269 57/71/71
f 1137/2741/2685 1139/1524/1503 1858/2742/2686
f 1385/2743/2687 1859/2744/2688 1858/2745/2689
f 1139/1524/1503 1860/2746/2690 1858/2742/2686
f 1860/2747/1188 1385/2743/2687 1858/2745/2689
f 1859/2744/2688 1137/2748/2691 1858/2745/2689
f 1142/1529/1508 1333/2749/2692 1140/1525/1504
f 1861/2750/2693 1141/1526/1505 1140/1525/1504
f 551/711/703 1861/2751/2694 1140/2752/2695
f 1333/1823/1798 551/711/703 1140/2752/2695
f 1363/1887/1854 1362/1885/1852 165/221/217
f 1862/2753/2696 1363/1887/1854 165/221/217
f 1362/1885/1852 166/222/218 165/221/217
f 168/230/226 1862/2753/2696 165/221/217
f 1863/2754/2697 1864/2755/2698 1366/1891/1858
f 87/1893/1860 1863/2754/2697 1366/1891/1858
f 1864/2755/2698 1367/1892/1859 1366/1891/1858
f 1072/2756/2699 1865/2757/2700 907/2758/2701
f 1866/2759/2702 1072/2756/2703 907/2758/2701
f 906/1206/1194 1866/2760/2704 907/1207/1195
f 1868/2761/2705 1869/2762/2706 1867/2763/2707
f 1659/2373/2326 1870/2764/2708 1867/2763/2707
f 1869/2762/2706 1660/2374/2327 1867/2763/2707
f 1870/2764/2708 1868/2761/2705 1867/2763/2707
f 1660/2374/2327 1659/2373/2326 1867/2763/2707
f 1871/2765/2709 777/1018/1008 776/1017/1007
f 852/2766/2710 1871/2765/2709 776/1017/1007
f 1451/2767/2711 852/2766/2710 776/1017/1007
f 704/1021/1011 1451/2767/2711 776/1017/1007
f 571/748/739 572/751/742 1501/2099/2063
f 1872/2768/2712 782/1038/1028 1501/2099/2063
f 572/751/742 1873/2769/2713 1501/2099/2063
f 1873/2769/2713 1872/2768/2712 1501/2099/2063
f 1252/2102/2066 571/748/739 1501/2099/2063
f 1874/2770/2714 716/938/928 715/937/927
f 512/661/655 1874/2770/2714 715/937/927
f 1875/2771/2715 219/400/396 301/399/395
f 1090/1456/1437 1875/2771/2715 301/399/395
f 1091/1457/1438 1090/1456/1437 301/399/395
f 1509/2113/2075 1146/1534/1513 1876/2772/2716
f 1146/1534/1513 1877/2773/2717 1876/2772/2716
f 1510/2114/2076 1509/2113/2075 1876/2772/2716
f 1878/2774/2718 1510/2114/2076 1876/2772/2716
f 1877/2773/2717 1878/2774/2718 1876/2772/2716
f 1879/2775/2719 1880/2776/2720 970/1308/1289
f 1527/2139/2101 971/1309/1290 970/1308/1289
f 972/1310/1291 1879/2775/2719 970/1308/1289
f 1880/2776/2720 1527/2139/2101 970/1308/1289
f 1881/2777/2721 803/1063/1053 599/792/781
f 978/2778/2722 1881/2777/2721 599/792/781
f 603/799/788 978/2778/2722 599/792/781
f 807/1066/1056 1883/2779/2723 1882/2780/2724
f 1884/2781/2725 1870/2782/2726 1882/2780/2724
f 1883/2779/2723 1884/2781/2725 1882/2780/2724
f 1885/2783/2727 1886/2784/2728 1882/2780/2724
f 1870/2782/2726 1885/2783/2727 1882/2780/2724
f 1886/2784/2728 807/1066/1056 1882/2780/2724
f 403/524/518 402/523/517 525/675/669
f 965/1668/1645 1227/1666/1643 525/2785/2729
f 1887/2786/2730 1397/1937/1904 1396/1936/1903
f 1888/2787/2731 1887/2786/2730 1396/1936/1903
f 1238/1686/1663 1889/2788/2732 1235/1678/1655
f 1889/2788/2732 890/1185/1173 1235/1678/1655
f 1891/2789/2733 1892/2790/2734 1890/2791/2735
f 232/312/308 229/307/303 1890/2792/2736
f 1892/2790/2734 232/2793/2737 1890/2791/2735
f 159/210/206 1520/2131/2093 1890/2792/2736
f 229/307/303 159/210/206 1890/2792/2736
f 1520/2794/2738 1891/2789/2733 1890/2791/2735
f 1894/2795/2739 1895/2796/2740 1893/2797/2741
f 1896/2798/2742 1894/2795/2739 1893/2797/2741
f 1895/2796/2740 1897/2799/2743 1893/2797/2741
f 1898/2800/2744 1896/2798/2742 1893/2797/2741
f 1897/2801/2745 1898/2802/2746 1893/2803/2747
f 1899/2804/2748 1535/2157/2119 939/1255/1238
f 942/1261/1244 1899/2804/2748 939/1255/1238
f 9/13/13 1901/2805/2749 1900/2806/2750
f 1901/2805/2749 1550/2188/2150 1900/2806/2750
f 1651/2357/2310 1902/2807/2751 1900/2806/2750
f 1550/2188/2150 1651/2357/2310 1900/2806/2750
f 1902/2807/2751 10/14/14 1900/2806/2750
f 10/14/14 9/13/13 1900/2806/2750
f 1346/1847/1820 952/1846/1819 1903/2808/2752
f 1495/2089/2053 1614/2809/2753 1903/2808/2752
f 952/1846/1819 1904/2810/2754 1903/2808/2752
f 1496/2090/2054 1495/2089/2053 1903/2808/2752
f 1614/2809/2753 1346/1847/1820 1903/2808/2752
f 1904/2810/2754 1496/2090/2054 1903/2808/2752
f 1905/2811/2755 1906/2812/2756 1871/2765/2709
f 852/2766/2710 1905/2811/2755 1871/2765/2709
f 1907/2813/2757 777/1018/1008 1871/2765/2709
f 1906/2812/2756 1907/2813/2757 1871/2765/2709
f 1863/2754/2697 1909/2814/2758 1908/2815/2759
f 397/518/512 1864/2816/2760 1908/2817/2761
f 1910/2818/2762 1033/1379/1360 1908/2817/2761
f 1864/2755/2698 1863/2754/2697 1908/2815/2759
f 1909/2819/2763 1910/2818/2762 1908/2817/2761
f 1911/2820/2764 397/518/512 1908/2817/2761
f 1033/1379/1360 1911/2820/2764 1908/2817/2761
f 1034/1381/1362 1035/1383/1364 1152/1539/1518
f 1454/2032/2000 1034/2031/1999 1152/2821/2765
f 1156/1547/1526 1454/2032/2000 1152/2821/2765
f 1913/2822/2766 1664/2823/2767 1912/2824/2768
f 436/567/561 1914/2825/2769 1912/2824/2768
f 1915/2826/2770 436/567/561 1912/2824/2768
f 1664/2823/2767 1662/2827/2771 1912/2824/2768
f 1662/2827/2771 1915/2826/2770 1912/2824/2768
f 1914/2825/2769 1913/2822/2766 1912/2824/2768
f 1459/2037/2005 1460/2038/2006 1916/2828/2772
f 1460/2829/2773 417/545/539 1916/2830/2774
f 1917/2831/2775 1459/2037/2005 1916/2828/2772
f 417/543/537 1220/1660/1637 1916/2832/2776
f 1220/1656/1633 1918/2833/2777 1916/2834/2778
f 1918/2833/2777 1917/2835/2779 1916/2834/2778
f 1463/2040/2008 1920/2836/2780 1919/2837/2781
f 1464/2041/2009 1463/2040/2008 1919/2837/2781
f 1921/2838/2782 1922/2839/2783 1919/2837/2781
f 1922/2839/2783 1464/2041/2009 1919/2837/2781
f 1920/2836/2780 1921/2838/2782 1919/2837/2781
f 1647/2344/2300 1053/1405/1386 1646/2342/2298
f 1084/1447/1428 1083/1446/1427 1646/2342/2298
f 1053/1405/1386 1084/1447/1428 1646/2342/2298
f 517/667/661 519/669/663 1923/2840/2784
f 1924/2841/2785 1925/2842/2786 1923/2840/2784
f 1861/2751/2694 1924/2843/2787 1923/2844/2788
f 1925/2842/2786 517/667/661 1923/2840/2784
f 1141/1526/1505 1861/2750/2693 1923/2840/2784
f 519/669/663 1141/1526/1505 1923/2840/2784
f 1927/2845/2789 1928/2846/2790 1926/2847/2791
f 988/1326/1307 989/1327/1308 1926/2848/2792
f 989/2849/2793 1927/2850/2794 1926/2851/2795
f 1094/1463/1444 988/1326/1307 1926/2848/2792
f 1928/2852/2796 1094/1463/1444 1926/2848/2792
f 435/2853/2797 1929/2854/2798 663/2855/2799
f 1930/2856/2800 435/566/560 663/2857/2801
f 665/2858/2802 1930/2856/2800 663/2857/2801
f 1929/2854/2798 664/2859/2803 663/2855/2799
f 1312/1793/1768 1470/2051/2019 1760/2553/2500
f 1468/2049/2017 1467/2048/2016 1760/2553/2500
f 1470/2051/2019 1468/2049/2017 1760/2553/2500
f 1313/1790/1765 1312/1789/1764 1760/2554/2501
f 1932/2860/2804 1570/2226/2184 1931/2861/2805
f 1708/2862/2806 1932/2863/2807 1931/2864/2808
f 1761/2865/2809 1732/2493/2440 1931/2864/2808
f 1570/2866/2810 1761/2865/2809 1931/2864/2808
f 1732/2493/2440 1709/2492/2439 1931/2864/2808
f 1709/2492/2439 1708/2862/2806 1931/2864/2808
f 1934/2867/2811 1935/2868/2812 1933/2869/2813
f 1936/2870/2814 1937/2871/2815 1933/2869/2813
f 1937/2872/2816 1934/2873/2817 1933/2874/1188
f 1935/2868/2812 1936/2870/2814 1933/2869/2813
f 1486/2073/2039 1939/2875/2818 1938/2876/2819
f 1940/2877/2820 1941/2878/2821 1938/2876/2819
f 1939/2875/2818 1940/2877/2820 1938/2876/2819
f 1941/2878/2821 1942/2879/2822 1938/2876/2819
f 1942/2879/2822 687/2074/2040 1938/2876/2819
f 687/2074/2040 1486/2073/2039 1938/2876/2819
f 11/16/16 10/14/14 467/605/599
f 1943/2880/2823 468/606/600 467/605/599
f 1902/2807/2751 1943/2880/2823 467/605/599
f 10/14/14 1902/2807/2751 467/605/599
f 1944/2881/2824 472/612/606 471/611/605
f 17/2164/2126 1944/2882/2825 471/2161/2123
f 474/615/609 1499/2096/2060 471/611/605
f 1945/2883/2826 1774/2582/2528 1773/2581/2527
f 1776/2884/2827 1946/2885/2828 1773/2886/2829
f 1946/2885/2828 1947/2887/2830 1773/2886/2829
f 1947/2887/2830 1945/2888/2831 1773/2886/2829
f 74/95/95 173/240/236 72/93/93
f 824/2889/2832 535/687/679 534/686/678
f 754/990/980 824/2889/2832 534/686/678
f 1192/1619/1596 1190/1612/1589 1948/2890/2833
f 1190/1612/1589 1681/2417/2368 1948/2890/2834
f 1949/2891/2835 1726/2483/2430 1948/2892/2836
f 1726/2893/2837 1192/1619/1596 1948/2890/2833
f 1865/2757/2700 1071/1428/1409 1950/2894/2838
f 1071/1428/1409 350/451/447 1950/2894/2838
f 1951/2895/2839 941/1259/1242 940/1258/1241
f 938/1253/1236 1952/2896/2840 940/1258/1241
f 1952/2896/2840 1953/2897/2841 940/1258/1241
f 1953/2897/2841 1951/2895/2839 940/1258/1241
f 1954/2898/2842 766/1004/994 765/1003/993
f 769/2899/2843 847/1118/1106 765/2900/2844
f 1795/2615/2561 1954/2898/2842 765/1003/993
f 559/2163/2125 1423/2901/2845 1422/2902/2846
f 1424/1989/1957 136/182/182 1422/2903/2847
f 560/2904/2848 559/2163/2125 1422/2902/2846
f 136/180/180 560/729/721 1422/2905/2849
f 1955/2906/2850 194/994/984 1092/1461/1442
f 1094/1463/1444 1928/2852/2796 1092/1461/1442
f 1928/2852/2796 1955/2906/2850 1092/1461/1442
f 1956/2907/2851 570/999/989 761/998/988
f 762/1001/991 1098/1467/1448 761/998/988
f 1098/1467/1448 1956/2907/2851 761/998/988
f 124/162/162 123/161/161 1104/1473/1454
f 1103/1471/1452 1957/2908/2852 1104/1473/1454
f 1957/2908/2852 124/162/162 1104/1473/1454
f 581/2909/2853 585/2910/2854 1958/2911/2855
f 1959/2912/2856 581/2909/2853 1958/2911/2855
f 585/2910/2854 1316/2913/2857 1958/2911/2855
f 1316/2913/2857 1959/2912/2856 1958/2911/2855
f 725/951/941 1960/2914/2858 797/1054/1044
f 1960/2914/2858 1616/2292/2250 797/1054/1044
f 1962/2915/2859 1963/2916/2860 1961/2917/2861
f 1814/2653/2599 730/961/951 1961/2917/2861
f 730/961/951 1962/2915/2859 1961/2917/2861
f 1963/2916/2860 1814/2653/2599 1961/2917/2861
f 1964/2918/2862 805/1065/1055 804/1064/1054
f 1965/2919/2863 1964/2920/2864 804/2921/2865
f 1586/2251/2209 1940/2877/2820 804/2921/2865
f 1940/2877/2820 1965/2919/2863 804/2921/2865
f 802/2922/2866 1586/2251/2209 804/2921/2865
f 1519/2127/2089 1967/2923/2867 1966/2924/2868
f 344/2128/2090 1519/2127/2089 1966/2924/2868
f 1448/2024/1992 1968/2925/2869 1966/2924/2868
f 1967/2923/2867 1448/2024/1992 1966/2924/2868
f 1968/2926/2870 344/444/440 1966/2927/2871
f 1554/2204/2162 1927/2845/2789 429/2928/2872
f 1927/2850/2794 430/560/554 429/559/553
f 432/562/556 1555/2929/2873 429/559/553
f 1555/2205/2163 1554/2204/2162 429/2928/2872
f 1969/2930/2874 434/564/558 433/563/557
f 1970/2931/2875 1969/2930/2874 433/563/557
f 437/572/566 1971/2932/2876 433/563/557
f 1971/2932/2876 1970/2931/2875 433/563/557
f 1972/2933/2877 1973/2934/2878 1291/1765/1740
f 1294/1768/1743 1972/2933/2877 1291/1765/1740
f 1852/2935/2879 1292/1766/1741 1291/1765/1740
f 1973/2934/2878 1852/2935/2879 1291/1765/1740
f 1480/2064/2030 1681/2731/2880 1476/2059/2025
f 1300/2735/2679 1477/2060/2026 1476/2059/2025
f 684/902/891 1974/2936/2881 1009/1353/1334
f 1974/2936/2881 1975/2937/2882 1009/1353/1334
f 1975/2937/2882 1483/2067/2033 1009/1353/1334
f 1489/2078/2044 1939/2875/2818 1486/2073/2039
f 266/357/353 1977/2938/2883 1976/2939/2884
f 1016/2940/2885 266/357/353 1976/2939/2884
f 153/2941/2886 1016/2940/2885 1976/2939/2884
f 1977/2938/2883 153/2941/2886 1976/2939/2884
f 1360/1882/1849 1978/2942/2887 473/614/608
f 1978/2942/2887 474/615/609 473/614/608
f 475/616/610 1360/1882/1849 473/614/608
f 1979/2943/2888 169/227/223 1347/1856/1827
f 169/227/223 166/229/225 1347/1856/1827
f 166/229/225 1576/2235/2193 1347/1856/1827
f 1576/2235/2193 250/334/330 1347/1856/1827
f 1349/1858/1829 1979/2943/2888 1347/1856/1827
f 1163/1563/1540 1981/2944/2889 1980/2945/2890
f 1981/2946/2891 1164/2947/2892 1980/2948/2893
f 1232/1675/1652 1233/1677/1654 1980/2949/2894
f 1164/2947/2892 1165/2950/2895 1980/2948/2893
f 1982/2951/2896 1163/1563/1540 1980/2945/2890
f 1165/2952/2897 1232/2953/2897 1980/2954/2897
f 1233/1677/1654 1982/2955/2898 1980/2949/2894
f 1167/1575/1552 1271/1741/1716 1236/1684/1661
f 861/1138/1126 1237/1682/1659 1236/1681/1658
f 1369/1897/1864 861/1138/1126 1236/1681/1658
f 1371/1899/1866 1020/2181/2143 1370/1898/1865
f 1020/2181/2143 1983/2956/2899 1370/1898/1865
f 1983/2956/2899 296/391/387 1370/1898/1865
f 1619/2295/2253 1616/2292/2250 1811/2650/2596
f 1984/2957/2900 1985/2958/2901 1811/2959/2902
f 1616/2292/2250 1984/2960/2903 1811/2650/2596
f 1985/2961/2904 1812/2651/2597 1811/2650/2596
f 1987/2962/2905 1988/2963/2906 1986/2964/2907
f 1989/2965/2908 1990/2966/2909 1986/2967/2910
f 1988/2968/2911 331/2969/2912 1986/2967/2910
f 1990/2970/2913 1987/2962/2905 1986/2964/2907
f 331/2969/2912 1989/2965/2908 1986/2967/2910
f 1992/2971/2914 1388/1926/1893 1991/2972/2915
f 1564/2218/2176 1992/2973/2916 1991/2974/1188
f 1388/1926/1893 1386/1921/1888 1991/2972/2915
f 1565/2975/1188 1564/2218/2176 1991/2974/1188
f 1386/1921/1888 1565/2976/1188 1991/2972/2915
f 1993/2977/2917 106/138/138 105/137/137
f 881/1173/1161 1993/2978/2918 105/1834/1807
f 711/931/921 1644/2337/2293 1134/2979/2919
f 1644/2337/2293 1135/2341/2297 1134/2979/2919
f 1136/2980/2920 711/931/921 1134/2979/2919
f 39/52/52 67/89/89 1994/2981/2921
f 514/2982/2922 515/1163/1151 1994/2981/2921
f 67/89/89 1995/2983/2923 1994/2981/2921
f 515/1163/1151 39/52/52 1994/2981/2921
f 1995/2983/2923 514/2982/2922 1994/2981/2921
f 1996/2984/2924 1997/2985/2925 1743/2513/2460
f 1998/2986/2926 1744/2514/2461 1743/2513/2460
f 1997/2985/2925 1998/2986/2926 1743/2513/2460
f 1745/2518/2465 1999/2987/2927 1743/2513/2460
f 1999/2987/2927 1996/2984/2924 1743/2513/2460
f 2000/2988/2928 966/1303/1284 1213/2989/2929
f 2001/2990/2930 2000/2988/2928 1213/2989/2929
f 901/2991/2931 2001/2992/2932 1213/1643/1620
f 902/1645/1622 901/2991/2931 1213/1643/1620
f 2003/2993/2933 284/379/375 2002/2994/2934
f 688/906/895 1150/1538/1517 2002/2994/2934
f 284/379/375 689/907/896 2002/2994/2934
f 1150/1538/1517 2003/2993/2933 2002/2994/2934
f 689/907/896 688/906/895 2002/2994/2934
f 2004/2995/2935 1355/1871/1840 1354/1870/1839
f 1493/2087/2051 2004/2995/2935 1354/1870/1839
f 1500/2996/2936 2005/2997/2937 1868/2761/2705
f 1870/2764/2708 2006/2998/2938 1868/2761/2705
f 2006/2999/2939 1500/2098/2062 1868/3000/2940
f 2005/2997/2937 1869/2762/2706 1868/2761/2705
f 680/897/886 1666/2383/2336 683/901/890
f 2003/2993/2933 258/343/339 1161/1560/1537
f 284/379/375 2003/2993/2933 1161/1560/1537
f 1720/2474/2423 1162/3001/2941 1161/2470/2419
f 285/380/376 284/379/375 1161/1560/1537
f 1838/2703/2647 122/159/159 121/158/158
f 126/3002/2942 1401/3003/2943 121/3004/2944
f 785/3005/2945 787/3006/2946 1173/2603/2549
f 1175/1583/1560 1784/2596/2542 1173/1580/1557
f 19/27/27 785/3005/2945 1173/2603/2549
f 1676/2402/2353 2007/3007/2947 1675/2399/2350
f 2007/3007/2947 1180/1590/1567 1675/2399/2350
f 934/1248/1231 933/1247/1230 1675/2714/2658
f 1465/3008/2948 1847/3009/2949 1846/3010/2950
f 1848/3011/2951 1465/2043/2011 1846/3012/2952
f 1854/2725/2669 1851/2730/2674 315/414/410
f 316/415/411 1854/2725/2669 315/414/410
f 1851/2730/2674 1549/2187/2149 315/414/410
f 2008/3013/2953 1682/2415/2366 1191/1614/1591
f 1194/1620/1597 2008/3013/2953 1191/1614/1591
f 2010/3014/2954 1060/1418/1399 2009/3015/2955
f 2011/3016/2956 567/3017/2957 2009/3015/2955
f 1059/1416/1397 2012/3018/2958 2009/3019/2959
f 567/3017/2957 2010/3014/2954 2009/3015/2955
f 1060/1417/1398 1059/1416/1397 2009/3019/2959
f 2012/3018/2958 2011/3020/2960 2009/3019/2959
f 1446/2022/1990 329/428/424 230/309/305
f 329/428/424 231/310/306 230/309/305
f 338/438/434 1516/2578/2524 336/436/432
f 1515/2496/2443 1735/2499/2446 336/3021/2961
f 1516/2121/2083 1515/2120/2082 336/3022/2962
f 1735/2499/2446 337/2663/2609 336/3021/2961
f 1338/1836/1809 1068/3023/2963 1067/3024/2964
f 740/976/966 1820/2666/2612 1067/3025/2965
f 1819/3026/2966 1338/1836/1809 1067/3024/2964
f 1820/2666/2612 1819/2665/2611 1067/3025/2965
f 1866/3027/2967 1073/1431/1412 1072/1430/1411
f 1071/1428/1409 1865/2757/2700 1072/2756/2699
f 1381/2678/2622 1825/2676/2620 352/452/448
f 1825/2676/2620 353/453/449 352/452/448
f 357/459/455 1078/1438/1419 352/460/456
f 1078/1438/1419 1381/1915/1882 352/460/456
f 1826/2683/2627 793/1044/1034 1083/3028/2968
f 792/3029/2969 1435/2009/1977 1083/1446/1427
f 1085/1449/1430 1826/2679/2623 1083/1446/1427
f 793/1044/1034 792/1043/1033 1083/3028/2968
f 1435/2009/1977 1431/2003/1971 1083/1446/1427
f 2013/3030/2970 1697/2448/2397 1089/1453/1434
f 1091/1459/1440 1507/3031/2971 1089/1453/1434
f 1507/3031/2971 2013/3030/2970 1089/1453/1434
f 988/1326/1307 1094/1463/1444 986/1323/1304
f 1094/1463/1444 1093/1462/1443 986/1323/1304
f 1801/3032/2972 2014/3033/2973 1096/1464/1445
f 1100/1469/1450 1801/3032/2972 1096/1464/1445
f 2014/3033/2973 1097/1465/1446 1096/1464/1445
f 742/977/967 745/981/971 1804/2633/2579
f 2015/3034/2974 1805/2634/2580 1804/2633/2579
f 1394/3035/1188 2015/3034/2974 1804/2633/2579
f 745/981/971 1394/3035/1188 1804/2633/2579
f 2017/3036/2975 1588/3037/2976 2016/3038/2977
f 1585/2249/2207 2018/3039/2978 2016/3040/2979
f 2018/3039/2978 2019/3041/2980 2016/3040/2979
f 2019/3042/2981 2017/3036/2975 2016/3038/2977
f 1588/2256/2214 1585/2249/2207 2016/3040/2979
f 1122/1496/1477 1722/2476/2425 867/1150/1138
f 1722/2476/2425 638/1151/1139 867/1150/1138
f 1667/2385/2338 2020/3043/2982 1775/2583/2529
f 1668/2386/2339 1667/2385/2338 1775/2583/2529
f 2021/3044/2983 1668/2386/2339 1775/2583/2529
f 2020/3043/2982 455/590/584 1775/2583/2529
f 1774/2582/2528 2021/3044/2983 1775/2583/2529
f 455/590/584 1604/2277/2235 1775/2583/2529
f 2022/3045/2984 2023/3046/2985 1778/3047/2986
f 2023/3048/2987 1779/3049/2988 1778/3050/2989
f 1838/2703/2647 1269/1738/1713 1268/1737/1712
f 287/381/377 291/386/382 1268/1737/1712
f 122/159/159 1838/2703/2647 1268/1737/1712
f 291/386/382 122/159/159 1268/1737/1712
f 1530/3051/2990 827/1745/1720 1275/1744/1719
f 2024/3052/2991 1530/3053/2991 1275/3054/2991
f 1019/3055/2992 2024/3056/2993 1275/3057/2994
f 1281/1752/1727 1377/1908/1875 1278/1753/1728
f 1459/2037/2005 2025/3058/2995 1278/1753/1728
f 2025/3058/2995 1279/3059/2996 1278/1753/1728
f 1377/1908/1875 1375/1905/1872 1278/1753/1728
f 1375/1905/1872 1459/2037/2005 1278/1753/1728
f 2026/3060/2997 1920/2836/2780 1463/2040/2008
f 1286/2044/2012 1287/3061/2998 1463/2040/2008
f 1287/3061/2998 2026/3060/2997 1463/2040/2008
f 998/1338/1319 2028/3062/2999 2027/3063/3000
f 2028/3064/3001 843/1113/1101 2027/3065/3002
f 1052/1406/1387 2029/3066/3003 2027/3067/3004
f 2029/3068/3005 998/1338/1319 2027/3063/3000
f 843/1113/1101 1052/1404/1385 2027/3065/3002
f 1299/1773/1748 1797/3069/3006 1297/1770/1745
f 447/3070/3007 1298/1771/1746 1297/1770/1745
f 1797/2622/2568 447/3071/3008 1297/3072/3009
f 1559/2211/2169 1928/2846/2790 1554/2204/2162
f 1928/2846/2790 1927/2845/2789 1554/2204/2162
f 30/39/39 32/43/43 1310/1786/1761
f 32/43/43 1758/2550/2497 1310/1786/1761
f 236/317/313 1564/2218/2176 1563/2216/2174
f 237/318/314 236/317/313 1563/2216/2174
f 1761/2865/2809 1762/3073/3010 914/1218/1204
f 916/1220/1206 1732/2493/2440 914/1218/1204
f 1732/2493/2440 1761/2865/2809 914/1218/1204
f 1762/3073/3010 915/1219/1205 914/1218/1204
f 81/106/106 2030/3074/3011 79/104/104
f 2030/3075/3012 1764/3076/3013 79/3077/3014
f 2031/3078/3015 2032/3079/3016 1326/3080/3017
f 2032/3079/3016 1327/3081/3018 1326/3080/3017
f 1331/3082/3019 2031/3078/3015 1326/3080/3017
f 2004/2995/2935 94/121/121 1584/2254/2212
f 1355/1871/1840 2004/2995/2935 1584/2254/2212
f 94/120/120 1585/2249/2207 1584/2248/2206
f 1199/1627/1604 495/642/636 698/3083/3020
f 495/1149/1137 699/917/907 698/916/906
f 912/1212/1200 1199/3084/3021 698/919/909
f 2033/3085/3022 1196/1621/1598 107/143/143
f 106/138/138 2033/3085/3022 107/143/143
f 1747/2519/2466 1751/3086/3023 2034/3087/3024
f 115/151/151 1747/2519/2466 2034/3087/3024
f 1040/1388/1369 116/1391/1372 2034/3088/3025
f 1751/2525/2472 1040/1388/1369 2034/3088/3025
f 116/152/152 115/151/151 2034/3087/3024
f 13/18/18 12/19/19 1203/1632/1609
f 12/19/19 2035/3089/3026 1203/1632/1609
f 2035/3089/3026 1204/1633/1610 1203/1632/1609
f 1028/1371/1352 1027/1370/1351 1673/2396/2347
f 1029/1374/1355 1028/1373/1354 1673/3090/3027
f 1210/1640/1617 1209/1639/1616 1673/3090/3027
f 1209/1639/1616 1029/1374/1355 1673/3090/3027
f 251/336/332 1512/3091/3028 964/1299/1280
f 1512/3091/3028 1228/3092/3029 964/1299/1280
f 966/1303/1284 252/337/333 964/1299/1280
f 252/337/333 251/336/332 964/1299/1280
f 1228/3092/3029 965/1300/1281 964/1299/1280
f 410/531/525 1513/2118/2080 147/2117/2079
f 2036/3093/3030 976/1313/1294 1686/2425/2376
f 1688/2428/2379 2036/3093/3030 1686/2425/2376
f 976/1313/1294 2037/3094/3031 1686/2425/2376
f 2037/3094/3031 1687/2426/2377 1686/2425/2376
f 1884/2781/2725 1883/2779/2723 980/3095/3032
f 984/1322/1303 1884/3096/3033 980/1317/1298
f 927/1234/1220 981/1318/1299 980/1317/1298
f 1883/3097/3034 927/1234/1220 980/1317/1298
f 1363/1887/1854 1862/2753/2696 2038/3098/3035
f 1862/2753/2696 1511/2115/2077 2038/3098/3035
f 2039/3099/3036 1364/1888/1855 2038/3098/3035
f 2040/3100/3037 2039/3099/3036 2038/3098/3035
f 1511/2115/2077 2040/3100/3037 2038/3098/3035
f 1364/1888/1855 1363/1887/1854 2038/3098/3035
f 2041/3101/3038 2042/3102/3039 1887/3103/3040
f 1888/3104/3041 2041/3105/3042 1887/3106/3043
f 2042/3102/3039 2043/3107/3044 1887/3103/3040
f 2043/3107/3044 1397/3108/3045 1887/3103/3040
f 180/3109/3046 183/3110/3047 860/1137/1125
f 183/3110/3047 1237/1682/1659 860/1137/1125
f 1237/1682/1659 861/1138/1126 860/1137/1125
f 864/3111/3048 180/3109/3046 860/1137/1125
f 993/1332/1313 1892/2790/2734 1891/2789/2733
f 345/3112/3049 993/1332/1313 1891/2789/2733
f 1520/2794/2738 345/3112/3049 1891/2789/2733
f 1306/3113/3050 195/266/262 1955/3114/3051
f 195/266/262 194/264/260 1955/3114/3051
f 1559/3115/3052 1306/3113/3050 1955/3114/3051
f 1928/3116/3053 1559/3115/3052 1955/3114/3051
f 385/503/497 203/1999/1967 202/2321/2277
f 1739/2509/2456 1255/1719/1694 1254/1717/1692
f 1740/3117/3054 1640/3118/3055 2044/3119/3056
f 1896/2798/2742 1740/3117/3054 2044/3119/3056
f 1640/3118/3055 2045/3120/3057 2044/3119/3056
f 879/1169/1157 1896/2798/2742 2044/3119/3056
f 2045/3120/3057 2046/3121/3058 2044/3119/3056
f 2046/3121/3058 879/1169/1157 2044/3119/3056
f 852/2766/2710 610/808/797 1905/2811/2755
f 609/807/796 1906/2812/2756 1905/2811/2755
f 610/808/797 609/807/796 1905/2811/2755
f 2047/3122/3059 1601/2275/2233 1834/2694/2638
f 1836/2698/2642 2047/3122/3059 1834/2694/2638
f 1601/2275/2233 1109/1478/1459 1834/2694/2638
f 1109/1478/1459 1108/1477/1458 1834/2694/2638
f 2049/3123/3060 2050/3124/3061 2048/3125/3062
f 2050/3124/3061 863/1143/1131 2048/3125/3062
f 1545/3126/3063 1544/3127/3064 2048/3125/3062
f 1544/3127/3064 2049/3123/3060 2048/3125/3062
f 1843/2711/2655 2052/3128/3065 2051/3129/3066
f 1663/3130/3067 2053/3131/3068 2051/3129/3066
f 2052/3132/3069 1663/2378/2331 2051/3133/3070
f 1844/2712/2656 1843/2711/2655 2051/3129/3066
f 2053/3131/3068 1844/2712/2656 2051/3129/3066
f 1321/3134/3071 1985/3135/3072 22/3136/3073
f 26/450/446 349/448/444 22/3136/3073
f 349/448/444 1321/3134/3071 22/3136/3073
f 1985/2958/2901 23/3137/3074 22/3138/3075
f 2054/3139/3076 1384/1924/1891 1383/3140/3077
f 875/1164/1152 2054/3141/3078 1383/1917/1884
f 876/1165/1153 875/1164/1152 1383/1917/1884
f 1387/1923/1890 876/1165/1153 1383/1917/1884
f 878/1167/1155 1898/2802/2746 649/855/844
f 1898/2802/2746 1897/2801/2745 649/855/844
f 1897/2801/2745 652/859/848 649/855/844
f 2055/3142/3079 2056/3143/3080 1676/2402/2353
f 1042/2407/2358 2055/3142/3079 1676/2402/2353
f 2056/3143/3080 2007/3007/2947 1676/2402/2353
f 887/1180/1168 2057/3144/3081 307/406/402
f 2057/3144/3081 1750/2523/2470 307/406/402
f 309/408/404 885/1177/1165 307/406/402
f 1750/2523/2470 308/407/403 307/406/402
f 890/1185/1173 668/879/868 891/1189/1177
f 2058/3145/3082 1479/3146/3083 1478/3147/3084
f 895/1193/1181 2059/3148/3085 1478/3147/3084
f 2059/3148/3085 2058/3145/3082 1478/3147/3084
f 1481/3149/3086 895/1193/1181 1478/3147/3084
f 2061/3150/3087 1483/2071/2037 2060/3151/3088
f 1483/3152/3089 1975/3153/3090 2060/3154/3091
f 2062/3155/3092 2061/3156/3093 2060/3154/3091
f 2063/3157/3094 1488/3158/3095 1487/2081/2047
f 1490/2080/2046 1671/2392/2343 1487/2081/2047
f 1671/2392/2343 2063/3157/3094 1487/2081/2047
f 694/912/901 469/609/603 2064/3159/3096
f 469/609/603 908/1209/1197 2064/3159/3096
f 908/1209/1197 909/1210/1198 2064/3159/3096
f 475/616/610 270/3160/3097 1360/1882/1849
f 1361/1881/1848 1978/2942/2887 1360/1882/1849
f 1757/3161/3098 990/1328/1309 1798/2623/2569
f 2065/3162/3099 224/300/296 1798/3163/3100
f 1799/3164/3101 2066/3165/3102 1798/3166/3103
f 2066/3165/3102 2065/3167/3104 1798/3166/3103
f 224/298/294 1757/2545/2492 1798/3168/3105
f 783/3169/3106 1872/3170/3107 1097/1465/1446
f 1872/3170/3107 1098/1467/1448 1097/1465/1446
f 2014/3033/2973 783/3169/3106 1097/1465/1446
f 2067/3171/3108 1419/1978/1946 1597/2269/2227
f 1419/1978/1946 1598/2270/2228 1597/2269/2227
f 2068/3172/3109 2067/3171/3108 1597/2269/2227
f 1600/2273/2231 2068/3172/3109 1597/2269/2227
f 1959/3173/3110 582/764/755 581/763/754
f 2069/3174/3111 1960/3175/3112 725/3176/3113
f 726/1155/1143 637/841/830 725/3176/3113
f 637/841/830 2069/3174/3111 725/3176/3113
f 729/960/950 1695/3177/3114 1962/2915/2859
f 1695/3177/3114 2032/3079/3016 1962/2915/2859
f 730/961/951 729/960/950 1962/2915/2859
f 2032/3079/3016 1963/2916/2860 1962/2915/2859
f 1965/2919/2863 462/599/593 1964/2920/2864
f 462/598/592 735/966/956 1964/2918/2862
f 735/966/956 805/1065/1055 1964/2918/2862
f 342/441/437 1968/2926/2870 1069/1427/1408
f 1337/3178/3115 342/441/437 1069/1427/1408
f 1968/2926/2870 738/968/958 1069/1427/1408
f 1068/1426/1407 1337/3178/3115 1069/1427/1408
f 1523/2135/2097 814/3179/3116 813/2132/2094
f 816/1079/1069 1522/3180/3117 813/1075/1065
f 2071/3181/3118 411/535/529 2070/3182/3119
f 411/535/529 407/527/521 2070/3182/3119
f 2018/3039/2978 2072/3183/3120 2070/3182/3119
f 2019/3041/2980 2018/3039/2978 2070/3182/3119
f 2072/3183/3120 2071/3181/3118 2070/3182/3119
f 407/527/521 2019/3041/2980 2070/3182/3119
f 824/1087/1077 2073/3184/3121 823/1085/1075
f 2074/3185/3122 2075/3186/3123 823/1085/1075
f 2073/3184/3121 2074/3185/3122 823/1085/1075
f 2075/3186/3123 539/694/686 823/1085/1075
f 825/3187/3124 827/3188/3124 1530/3189/3124
f 2024/3056/2993 1531/2149/2111 1530/2148/2110
f 2076/3190/3125 832/3191/3126 831/3192/3127
f 1744/2514/2461 2077/3193/3128 831/2516/2463
f 2077/3194/3129 2076/3190/3125 831/3192/3127
f 1970/3195/3130 1702/2454/2403 2078/3196/3131
f 1702/2454/2403 1704/2456/2405 2078/3196/3131
f 1704/3197/3132 2079/3198/3133 2078/3199/3134
f 2080/3200/3135 1970/3195/3130 2078/3196/3131
f 1791/2606/2552 2080/3201/3136 2078/3199/3134
f 2079/3198/3133 1791/2606/2552 2078/3199/3134
f 1537/2159/2121 1538/2160/2122 944/1262/1245
f 1954/2898/2842 1537/3202/3137 944/1270/1253
f 1538/2160/2122 945/1263/1246 944/1262/1245
f 766/1004/994 1954/2898/2842 944/1270/1253
f 559/2163/2125 1540/2165/2127 1423/2901/2845
f 1540/2165/2127 1904/2810/2754 1423/2901/2845
f 1904/3203/3138 951/1275/1258 1423/1985/1953
f 224/298/294 223/297/293 1757/2545/2492
f 991/1330/1311 990/1328/1309 1757/3161/3098
f 345/3112/3049 994/1333/1314 993/1332/1313
f 997/1337/1318 1892/2790/2734 993/1332/1313
f 2081/3204/3139 999/1339/1320 998/1338/1319
f 2029/3066/3003 2081/3205/3140 998/3206/3141
f 1000/1343/1324 2028/3062/2999 998/1338/1319
f 2082/3207/3142 1003/1345/1326 1002/1344/1325
f 73/100/100 75/99/99 1002/1344/1325
f 1005/1349/1330 73/100/100 1002/1344/1325
f 75/99/99 2082/3207/3142 1002/1344/1325
f 1934/2873/2817 1937/2872/2816 452/586/580
f 1937/2872/2816 2083/3208/3143 452/586/580
f 2083/3208/3143 453/587/581 452/586/580
f 2020/3043/2982 1934/2873/2817 452/586/580
f 455/590/584 2020/3043/2982 452/586/580
f 463/600/594 462/599/593 1965/2919/2863
f 1940/2877/2820 1939/2875/2818 1965/2919/2863
f 1939/2875/2818 463/600/594 1965/2919/2863
f 1406/1952/1920 1357/1874/1843 2084/3209/3144
f 1356/1873/1842 2085/3210/3145 2084/3209/3144
f 1407/1953/1921 1406/1952/1920 2084/3209/3144
f 2085/3210/3145 2086/3211/3146 2084/3209/3144
f 1357/1874/1843 1356/1873/1842 2084/3209/3144
f 2086/3211/3146 1407/1953/1921 2084/3209/3144
f 17/23/23 20/28/28 1944/3212/3147
f 1787/2602/2548 472/3213/3148 1944/3212/3147
f 20/28/28 1787/2602/2548 1944/3212/3147
f 1441/2017/1985 1443/2019/1987 78/3214/3149
f 1365/1889/1856 2087/3215/3150 78/102/102
f 1443/2019/1987 81/3216/3151 78/3214/3149
f 2087/3217/3152 1441/2017/1985 78/3214/3149
f 86/3218/3153 1653/3219/3154 1863/2754/2697
f 87/1893/1860 86/3218/3153 1863/2754/2697
f 1653/3219/3154 1909/2814/2758 1863/2754/2697
f 2089/3220/3155 493/639/633 2088/3221/3156
f 153/2941/2886 1977/2938/2883 2088/3221/3156
f 493/639/633 492/640/634 2088/3221/3156
f 492/640/634 153/2941/2886 2088/3221/3156
f 1977/2938/2883 2089/3220/3155 2088/3221/3156
f 1915/2826/2770 1802/2630/2576 2090/3222/3157
f 1802/2629/2575 1971/3223/3158 2090/3224/3159
f 437/568/562 1915/2826/2770 2090/3222/3157
f 1971/2932/2876 437/572/566 2090/3225/3160
f 636/840/829 25/3226/3161 24/3227/3162
f 2069/3174/3111 636/840/829 24/3227/3162
f 23/3137/3074 1984/2957/2900 24/3227/3162
f 1984/2957/2900 2069/3174/3111 24/3227/3162
f 871/2045/2013 1464/2041/2009 1987/2962/2905
f 1464/2041/2009 1922/2839/2783 1987/2962/2905
f 1922/2839/2783 1988/2963/2906 1987/2962/2905
f 1990/2970/2913 871/2045/2013 1987/2962/2905
f 2092/3228/3163 2093/3229/3164 2091/3230/3165
f 1637/2325/2281 1636/2324/2280 2091/3231/3166
f 212/286/282 516/3232/3167 2091/3233/3168
f 2093/3234/3169 1637/2325/2281 2091/3231/3166
f 1636/2324/2280 212/2447/2396 2091/3231/3166
f 516/666/660 2092/3228/3163 2091/3230/3165
f 1055/3235/3170 518/668/662 517/667/661
f 1925/2842/2786 1055/3235/3170 517/667/661
f 1395/3236/3171 744/980/970 1390/2484/2431
f 1728/3237/3172 1391/1930/1897 1390/1929/1896
f 744/980/970 1714/2467/2416 1390/2484/2431
f 1397/1939/1906 1731/2488/2435 750/986/976
f 1731/2488/2435 916/1220/1206 750/986/976
f 180/3109/3046 864/3111/3048 2094/3238/3173
f 2050/3239/3174 921/3240/3175 2094/3241/3176
f 181/246/242 180/245/241 2094/3242/3177
f 921/1226/1212 181/1225/1211 2094/3243/3178
f 864/3111/3048 2050/3244/3179 2094/3238/3173
f 2096/3245/3180 2097/3246/3181 2095/3247/3182
f 2098/3248/3183 2096/3245/3180 2095/3247/3182
f 2099/3249/3184 2098/3248/3183 2095/3247/3182
f 548/708/700 931/1241/1225 930/1240/1224
f 247/331/327 246/329/325 930/1240/1224
f 549/709/701 548/708/700 930/1240/1224
f 246/329/325 549/709/701 930/1240/1224
f 935/1251/1234 247/331/327 930/1240/1224
f 553/713/705 1749/2527/2474 2100/3250/3185
f 1749/2527/2474 1748/2520/2467 2100/3250/3185
f 1899/2804/2748 554/714/706 2100/3250/3185
f 554/714/706 553/713/705 2100/3250/3185
f 1748/2520/2467 1899/2804/2748 2100/3250/3185
f 945/1263/1246 1538/2160/2122 9/726/718
f 1538/2160/2122 1901/3251/3186 9/726/718
f 558/724/716 945/1263/1246 9/726/718
f 1614/2290/2248 2101/3252/3187 1346/1844/1817
f 2101/3252/3187 923/1228/1214 1346/1844/1817
f 2102/3253/3188 852/3254/3189 481/622/616
f 955/1282/1265 2102/3253/3188 481/622/616
f 205/279/275 203/277/273 1428/3255/3190
f 1136/1514/1495 205/279/275 1428/3255/3190
f 712/933/923 1136/2980/2920 1428/1996/1964
f 645/852/841 960/1290/1273 2103/3256/3191
f 1137/1516/1497 645/852/841 2103/3256/3191
f 576/756/747 1138/1517/1498 2103/3256/3191
f 1138/1517/1498 1137/1516/1497 2103/3256/3191
f 960/1290/1273 576/756/747 2103/3256/3191
f 1547/2185/2147 3/2/2 961/1291/1274
f 962/1295/1276 1266/3257/3192 961/1291/1274
f 1266/3257/3192 1547/2185/2147 961/1291/1274
f 1862/2753/2696 168/230/226 1226/1664/1641
f 1511/2115/2077 1862/2753/2696 1226/1664/1641
f 172/231/227 175/241/237 1230/1671/1648
f 1719/2473/2422 172/231/227 1230/1671/1648
f 1231/1674/1651 1720/2474/2423 1230/1671/1648
f 1720/2474/2423 1719/2473/2422 1230/1671/1648
f 175/241/237 532/1672/1649 1230/1671/1648
f 1279/1749/1724 601/3258/3193 6/8/8
f 3/2/2 1279/1749/1724 6/8/8
f 2104/3259/3194 101/131/131 100/130/130
f 423/803/792 2104/3260/3195 100/128/128
f 1391/1930/1897 2105/3261/3196 1392/1932/1899
f 2105/3261/3196 1947/2887/2830 1392/1932/1899
f 1947/2887/2830 1393/1933/1900 1392/1932/1899
f 1006/3262/3197 529/678/672 528/677/671
f 531/681/675 1004/3263/3198 528/677/671
f 1688/2428/2379 1066/3264/3199 2036/3093/3030
f 977/1315/1296 976/1313/1294 2036/3093/3030
f 1066/3264/3199 2106/3265/3200 2036/3093/3030
f 2106/3265/3200 977/1315/1296 2036/3093/3030
f 2107/3266/3201 631/1554/1531 1158/1553/1530
f 2108/3267/3202 2107/3266/3201 1158/1553/1530
f 542/697/689 1532/2153/2115 1158/1553/1530
f 1532/2153/2115 2108/3267/3202 1158/1553/1530
f 552/3268/3203 1824/2675/2619 548/3269/3204
f 1824/2675/2619 931/3270/3205 548/3269/3204
f 308/407/403 1749/2522/2469 553/716/708
f 1954/2898/2842 1679/2410/2361 1537/3202/3137
f 1679/2410/2361 312/2409/2360 1537/3202/3137
f 2102/3253/3188 955/1282/1265 563/3271/3206
f 196/267/263 195/271/267 563/3271/3206
f 1306/3113/3050 564/3272/3207 563/3273/3208
f 195/266/262 1306/3113/3050 563/3273/3208
f 955/1282/1265 196/267/263 563/3271/3206
f 566/3274/3209 2102/3253/3188 563/3271/3206
f 571/748/739 1251/3275/3210 569/749/740
f 2109/3276/3211 570/746/737 569/745/737
f 1251/1713/1688 2109/3277/3212 569/3278/3213
f 210/284/280 1504/2104/2068 1503/2103/2067
f 959/1289/1272 210/284/280 1503/2103/2067
f 960/1290/1273 959/1289/1272 1503/2103/2067
f 1715/2468/2417 2110/3279/3214 1711/2463/2412
f 2110/3279/3214 2111/3280/3215 1711/2463/2412
f 2111/3280/3215 1712/2464/2413 1711/2463/2412
f 2112/3281/3216 597/790/779 596/788/777
f 799/1058/1048 2112/3282/3217 596/1059/1049
f 1754/2537/2484 603/796/785 602/795/784
f 601/798/787 1917/2835/2779 602/795/784
f 1917/2835/2779 1918/2833/2777 602/795/784
f 1918/2833/2777 1754/2537/2484 602/795/784
f 1448/2024/1992 1967/2923/2867 605/800/789
f 1967/2923/2867 161/220/216 605/800/789
f 161/220/216 425/802/791 605/800/789
f 989/2849/2793 430/560/554 1927/2850/2794
f 1930/2856/2800 187/254/250 435/566/560
f 434/564/558 1929/3283/3218 435/571/565
f 443/578/572 2113/3284/3219 441/576/570
f 1972/2933/2877 1294/1768/1743 441/576/570
f 1294/1768/1743 442/577/571 441/576/570
f 2113/3284/3219 1972/2933/2877 441/576/570
f 896/1194/1182 1648/2345/2301 448/583/577
f 1484/2068/2034 1605/2279/2237 453/587/581
f 2083/3208/3143 1484/2068/2034 453/587/581
f 1489/2078/2044 460/595/589 459/594/588
f 463/600/594 1939/2875/2818 459/594/588
f 1939/2875/2818 1489/2078/2044 459/594/588
f 1839/3285/3220 1840/2709/2653 1543/2176/2138
f 622/3286/3221 1273/1743/1718 1543/3287/3222
f 1840/2709/2653 1544/2177/2139 1543/2176/2138
f 1273/1743/1718 1839/2704/2648 1543/3287/3222
f 2114/3288/3223 2108/3267/3202 1018/3289/3224
f 2115/3290/3225 2114/3291/3226 1018/1361/1342
f 2108/3267/3202 2024/3056/2993 1018/3289/3224
f 2024/3056/2993 1019/3055/2992 1018/3289/3224
f 1021/1365/1346 2115/3290/3225 1018/1361/1342
f 2102/3292/3227 1025/3293/3228 852/2766/2710
f 1025/3293/3228 610/808/797 852/2766/2710
f 1030/3294/3229 1909/3295/3230 1652/2361/2314
f 1031/2364/2317 1030/3294/3229 1652/2361/2314
f 1909/3295/3230 1653/2362/2315 1652/2361/2314
f 339/3296/3231 337/2663/2609 489/637/631
f 117/153/153 1458/2036/2004 113/147/147
f 2116/3297/3232 1788/2604/2550 500/2403/2354
f 1788/2604/2550 1677/2404/2355 500/2403/2354
f 933/3298/3233 501/648/642 500/647/641
f 499/3299/3234 2116/3297/3232 500/2403/2354
f 2028/3300/3235 1000/1341/1322 1794/2614/2560
f 1295/1769/1744 1293/1767/1742 1794/2614/2560
f 1000/1341/1322 1295/1769/1744 1794/2614/2560
f 843/1113/1101 2028/3064/3001 1794/2617/2563
f 2117/3301/3236 774/3302/3237 773/1928/1895
f 1056/1410/1391 2117/3301/3236 773/1928/1895
f 1451/3303/3238 704/924/914 703/923/913
f 1452/3304/3239 1451/3303/3238 703/923/913
f 483/624/618 1452/3304/3239 703/923/913
f 707/928/918 483/624/618 703/923/913
f 1592/2267/2225 1644/2337/2293 710/930/920
f 1644/2337/2293 711/931/921 710/930/920
f 383/936/926 1592/2267/2225 710/930/920
f 578/759/750 359/464/460 717/3305/3240
f 1265/1733/1708 2118/3306/3241 2013/3030/2970
f 1507/3031/2971 1265/1733/1708 2013/3030/2970
f 2118/3306/3241 369/476/472 2013/3030/2970
f 2119/3307/3242 1697/2448/2397 2013/3030/2970
f 369/476/472 2119/3307/3242 2013/3030/2970
f 1765/2561/2507 2121/3308/3243 2120/3309/3244
f 591/780/771 2122/3310/3245 2120/3309/3244
f 724/949/939 593/781/772 2120/3309/3244
f 2121/3308/3243 724/949/939 2120/3309/3244
f 593/781/772 591/780/771 2120/3309/3244
f 2122/3310/3245 1765/2561/2507 2120/3309/3244
f 2124/3311/3246 2112/3282/3217 2123/3312/3247
f 2112/3282/3217 799/1058/1048 2123/3312/3247
f 799/1058/1048 798/1056/1046 2123/3312/3247
f 798/1056/1046 2124/3311/3246 2123/3312/3247
f 977/1315/1296 2106/3265/3200 1881/3313/3248
f 978/1316/1297 977/1315/1296 1881/3313/3248
f 2106/3314/3249 803/1063/1053 1881/2777/2721
f 2125/3315/3250 1885/3316/3251 1913/2822/2766
f 1885/3317/3252 1664/2381/2334 1913/3318/3253
f 1914/2825/2769 2125/3315/3250 1913/2822/2766
f 1586/2251/2209 1588/3037/2976 2017/3036/2975
f 2019/3042/2981 1941/2878/2821 2017/3036/2975
f 1940/2877/2820 1586/2251/2209 2017/3036/2975
f 1941/2878/2821 1940/2877/2820 2017/3036/2975
f 1238/1686/1663 1400/1941/1909 1399/1940/1908
f 391/509/503 669/881/870 1399/1940/1908
f 1889/2788/2732 1238/1686/1663 1399/1940/1908
f 669/881/870 1889/2788/2732 1399/1940/1908
f 2059/3148/3085 2126/3319/3254 2058/3145/3082
f 501/648/642 1822/2668/2614 502/649/643
f 1823/2673/2617 503/650/644 502/649/643
f 356/458/454 762/1001/991 354/455/451
f 763/1002/992 355/456/452 354/455/451
f 844/1115/1103 1420/3320/3255 2067/3321/3256
f 845/1116/1104 844/1115/1103 2067/3321/3256
f 2068/3322/3257 845/1116/1104 2067/3321/3256
f 1420/1979/1947 1419/1978/1946 2067/3171/3108
f 47/62/62 772/1010/1000 2127/3323/3258
f 371/480/476 48/63/63 2127/3323/3258
f 772/1010/1000 2128/3324/3259 2127/3323/3258
f 2128/3324/3259 371/480/476 2127/3323/3258
f 48/63/63 47/62/62 2127/3323/3258
f 567/3017/2957 222/295/291 2010/3014/2954
f 2129/3325/3260 1060/1418/1399 2010/3014/2954
f 325/424/420 2129/3325/3260 2010/3014/2954
f 222/295/291 325/424/420 2010/3014/2954
f 1367/1892/1859 1864/2755/2698 396/2175/2137
f 1864/2816/2760 397/518/512 396/517/511
f 2131/3326/3261 1369/3327/3262 2130/3328/3263
f 624/829/818 625/828/817 2130/3328/3263
f 1369/3327/3262 624/829/818 2130/3328/3263
f 1372/1901/1868 1546/2184/2146 1371/1903/1870
f 1546/2183/2145 1020/2181/2143 1371/1899/1866
f 638/1151/1139 1722/2476/2425 634/2475/2424
f 1724/3329/3264 635/838/827 634/837/3265
f 641/849/838 2132/3330/3266 642/846/835
f 1045/1396/1377 643/847/836 642/846/835
f 2132/3330/3266 1046/1397/1378 642/846/835
f 1046/1397/1378 1045/1396/1377 642/846/835
f 875/3331/3267 516/3232/3167 2054/3139/3076
f 212/286/282 208/281/277 2054/3139/3076
f 208/281/277 1384/1924/1891 2054/3139/3076
f 516/3232/3167 212/286/282 2054/3139/3076
f 1924/2843/2787 242/323/319 877/1166/1154
f 1925/3332/3268 1924/2843/2787 877/1166/1154
f 651/858/847 1925/3332/3268 877/1166/1154
f 1699/2451/2400 379/495/489 987/1324/1305
f 994/3333/3269 2133/3334/3270 995/3335/3271
f 1849/2719/2663 996/1336/1317 995/1335/1316
f 2134/3336/3272 1849/2719/2663 995/1335/1316
f 2133/3334/3270 2134/3337/3273 995/3335/3271
f 1204/1633/1610 1855/2729/2673 1205/1635/1612
f 1853/2728/2672 1206/1636/1613 1205/1635/1612
f 1855/2729/2673 1853/2728/2672 1205/1635/1612
f 330/430/3274 1551/2195/2157 328/427/423
f 231/310/306 329/428/424 328/427/423
f 2001/3338/3275 900/1198/1186 899/1197/1185
f 898/1203/1191 1832/3339/3276 899/1197/1185
f 1832/3339/3276 2001/3338/3275 899/1197/1185
f 1150/1538/1517 258/343/339 2003/2993/2933
f 1408/1955/1923 1359/1876/1845 1406/1952/1920
f 1359/1876/1845 1357/1874/1843 1406/1952/1920
f 2135/3340/3277 109/142/142 108/141/141
f 1198/1626/1603 2135/3340/3277 108/141/141
f 945/1263/1246 558/724/716 946/1269/1252
f 2113/3284/3219 947/1266/1249 946/1265/1248
f 558/724/716 2113/3341/3278 946/1269/1252
f 137/181/181 136/182/182 1424/1989/1957
f 2061/3342/3279 2136/3343/3280 140/184/184
f 2136/3343/3280 141/186/186 140/184/184
f 1113/3344/3281 2061/3150/3087 140/3345/3282
f 1771/2575/2521 1012/1355/1336 1115/3346/3283
f 1118/1492/1473 1771/3347/3284 1115/1488/1469
f 1808/3348/3285 466/603/597 692/910/899
f 1127/3349/3286 1128/3350/3287 2096/3245/3180
f 1128/3350/3287 2097/3246/3181 2096/3245/3180
f 1404/1950/1918 1127/3349/3286 2096/3245/3180
f 2098/3248/3183 1404/1950/1918 2096/3245/3180
f 1719/2473/2422 973/2536/2483 172/231/227
f 973/1311/1292 173/2142/2104 172/3351/3288
f 536/689/681 1529/2144/2106 178/242/238
f 182/247/243 536/689/681 178/242/238
f 2137/3352/3289 294/395/391 544/700/692
f 1690/2431/2382 2137/3353/3290 544/2432/2383
f 294/395/391 545/702/694 544/700/692
f 1321/3134/3071 349/448/444 1074/2507/2454
f 2139/3354/3291 1081/1444/1425 2138/3355/3292
f 1250/1711/1686 2139/3354/3291 2138/3355/3292
f 2140/3356/3293 2109/3277/3212 2138/3355/3292
f 2109/3277/3212 1251/1713/1688 2138/3355/3292
f 1251/1713/1688 1250/1711/1686 2138/3355/3292
f 1081/1444/1425 2140/3356/3293 2138/3355/3292
f 213/287/283 959/1289/1272 211/285/281
f 217/291/287 219/293/289 1875/3357/3294
f 1090/1456/1437 1088/1460/1441 1875/2771/2715
f 1088/1451/1432 1259/1725/1700 1875/3357/3294
f 1259/1725/1700 217/291/287 1875/3357/3294
f 1934/2873/2817 2020/3043/2982 1667/2385/2338
f 1669/3358/3295 1934/2873/2817 1667/2385/2338
f 1264/1731/1706 282/1730/1705 281/3359/3296
f 285/1564/1541 584/767/758 281/3360/3297
f 584/3361/3298 1264/1731/1706 281/3359/3296
f 2141/3362/3299 1402/3363/3300 1401/3003/2943
f 126/3002/2942 2141/3362/3299 1401/3003/2943
f 1784/2596/2542 2142/3364/3301 1785/2601/2547
f 2142/3364/3301 1786/3365/3302 1785/2601/2547
f 3/2/2 1548/2186/2148 1279/1749/1724
f 2025/3058/2995 601/3366/3303 1279/3059/2996
f 1548/2186/2148 1280/1751/1726 1279/1749/1724
f 1284/3367/3304 1286/2044/2012 1465/2043/2011
f 1848/3011/2951 1284/3367/3304 1465/2043/2011
f 873/1161/1149 1847/3009/2949 1465/3008/2948
f 1470/2051/2019 38/50/50 37/49/49
f 795/1051/1041 796/1053/1043 2082/3368/3305
f 2143/3369/3306 1319/1802/1777 2082/3207/3142
f 75/99/99 795/3370/3307 2082/3207/3142
f 796/1053/1043 2143/3371/3308 2082/3368/3305
f 1319/1802/1777 1003/1345/1326 2082/3207/3142
f 1131/2737/2681 1557/2208/2166 1556/2207/2165
f 1132/1509/1490 1131/1507/1488 1556/3372/3309
f 432/562/556 1132/1509/1490 1556/3372/3309
f 1555/2929/2873 432/562/556 1556/3372/3309
f 1643/3373/3310 840/1109/1097 59/74/74
f 840/1109/1097 60/75/75 59/74/74
f 1432/2005/1973 2081/3205/3140 1430/2002/1970
f 2081/3205/3140 2029/3066/3003 1430/2002/1970
f 2029/3066/3003 1647/2344/2300 1430/2002/1970
f 1005/1349/1330 176/3374/3311 73/100/100
f 176/237/233 74/95/95 73/94/94
f 1443/2019/1987 1324/3375/3312 81/3216/3151
f 1323/1809/1784 2030/3075/3012 81/3376/3313
f 1324/3375/3312 1323/3377/3314 81/3216/3151
f 1654/2366/2319 1653/2365/2318 86/111/111
f 85/109/109 1654/2366/2319 86/111/111
f 1332/1822/1797 2072/3183/3120 90/114/114
f 2072/3183/3120 91/115/115 90/114/114
f 1058/1414/1395 325/424/420 324/423/419
f 1816/3378/3315 1331/2297/2255 1621/2296/2254
f 1622/2299/2257 2043/3107/3044 1621/2296/2254
f 2042/3102/3039 1816/3378/3315 1621/2296/2254
f 2043/3107/3044 2042/3102/3039 1621/2296/2254
f 1337/1835/1808 343/3379/3316 342/3380/3317
f 344/444/440 1968/2926/2870 342/441/437
f 932/3381/3318 1822/2668/2614 501/648/642
f 933/3298/3233 932/3381/3318 501/648/642
f 1099/1468/1449 762/1001/991 356/458/454
f 850/3382/3319 849/3383/3320 2144/3384/3321
f 2145/3385/3322 1698/3386/3323 2144/3384/3321
f 1698/3386/3323 850/3382/3319 2144/3384/3321
f 2128/3324/3259 2145/3385/3322 2144/3384/3321
f 849/3383/3320 2128/3324/3259 2144/3384/3321
f 759/3387/3324 193/1993/1961 1426/1992/1960
f 1595/2265/2223 2146/3388/3325 838/1104/1092
f 2147/3389/3326 839/1105/1093 838/1104/1092
f 840/3390/3327 1595/2265/2223 838/1104/1092
f 2146/3388/3325 2147/3389/3326 838/1104/1092
f 2148/3391/3328 1957/2908/2852 1752/2528/2475
f 1957/2908/2852 1103/1471/1452 1752/2528/2475
f 1753/2531/2478 2148/3392/3329 1752/2533/2480
f 2149/3393/3330 2150/3394/3331 398/2171/2133
f 395/515/509 2151/3395/3332 398/519/513
f 2151/3396/3333 2149/3393/3330 398/2171/2133
f 2150/3394/3331 617/2172/2134 398/2171/2133
f 1484/2068/2034 2152/3397/3334 1605/2279/2237
f 2152/3397/3334 1113/3344/3281 1605/2279/2237
f 1113/3344/3281 1606/2280/2238 1605/2279/2237
f 1215/1651/1628 1117/2368/2321 1116/3398/3335
f 820/1083/1073 408/529/523 1116/1490/1471
f 1124/1498/1479 1723/3399/3336 1122/1496/1477
f 1726/2483/2430 1193/1618/1595 1192/1617/1594
f 226/3400/3337 564/2547/2494 223/2546/2493
f 1892/2790/2734 233/3401/3338 232/2793/2737
f 1469/2050/2018 237/318/314 1467/2048/2016
f 878/1167/1155 242/323/319 241/322/318
f 1741/2512/2459 878/2511/2458 241/332/328
f 244/326/322 1741/2512/2459 241/332/328
f 82/107/107 80/105/105 1144/3402/3339
f 80/105/105 1145/2563/2509 1144/3402/3339
f 2153/3403/3340 82/3404/3341 1144/1531/1510
f 1149/1537/1516 2153/3403/3340 1144/1531/1510
f 2124/3311/3246 798/1056/1046 597/1055/1045
f 2112/3282/3217 2124/3311/3246 597/1055/1045
f 1153/1541/1520 265/355/351 264/353/349
f 2154/3405/3342 1153/1541/1520 264/353/349
f 1517/2122/2084 2154/3405/3342 264/353/349
f 1869/3406/3343 272/365/361 271/364/360
f 1844/2712/2656 2053/3131/3068 271/364/360
f 274/367/363 1844/2712/2656 271/364/360
f 2053/3131/3068 1869/3406/3343 271/364/360
f 170/228/224 169/227/223 1979/2943/2888
f 1541/2168/2130 170/228/224 1979/2943/2888
f 1349/1858/1829 1541/2168/2130 1979/2943/2888
f 2047/3122/3059 1836/2698/2642 2155/3407/3344
f 615/816/805 1437/2013/1981 2155/3407/3344
f 903/1204/1192 615/816/805 2155/3407/3344
f 1437/2013/1981 2047/3122/3059 2155/3407/3344
f 1836/2698/2642 904/1205/1193 2155/3407/3344
f 904/1205/1193 903/1204/1192 2155/3407/3344
f 1273/1743/1718 623/1895/1862 1270/1740/1715
f 297/1900/1867 2137/3353/3290 2156/3408/3345
f 2137/3353/3290 2157/3409/3346 2156/3408/3345
f 1372/1901/1868 297/1900/1867 2156/3408/3345
f 628/831/820 1372/1901/1868 2156/3408/3345
f 2157/3409/3346 628/831/820 2156/3408/3345
f 218/1592/1569 303/402/398 302/401/397
f 219/400/396 218/1592/1569 302/401/397
f 1970/2931/2875 2080/3410/3347 1969/2930/2874
f 2080/3410/3347 2158/3411/3348 1969/2930/2874
f 2158/3411/3348 434/564/558 1969/2930/2874
f 323/422/418 1194/1620/1597 322/421/417
f 1024/1368/1349 777/1025/1015 1907/3412/3349
f 1906/2812/2756 611/810/799 1907/2813/2757
f 611/810/799 608/3413/3349 1907/2813/2757
f 608/805/794 1024/1368/1349 1907/3412/3349
f 1911/2820/2764 1208/1637/1614 397/518/512
f 1454/2032/2000 1156/1547/1526 1608/2281/2239
f 1657/2372/2325 1609/2282/2240 1608/2281/2239
f 1154/1546/1525 1657/2372/2325 1608/2281/2239
f 1156/1547/1526 1154/1546/1525 1608/2281/2239
f 740/976/966 739/971/961 1456/2034/2002
f 739/971/961 1457/2035/2003 1456/2034/2002
f 1820/2666/2612 740/976/966 1456/2034/2002
f 1039/1387/1368 1820/2666/2612 1456/2034/2002
f 1282/1756/1731 1472/2053/2021 1281/1752/1727
f 1376/1907/1874 1377/1908/1875 1281/1752/1727
f 1472/2053/2021 1376/1907/1874 1281/1752/1727
f 1951/2895/2839 1953/2897/2841 2026/3414/3350
f 1921/2838/2782 1920/2836/2780 2026/3060/2997
f 1953/3415/3351 1921/2838/2782 2026/3060/2997
f 1287/1761/1736 1951/2895/2839 2026/3414/3350
f 45/60/60 519/669/663 46/61/61
f 1336/3416/3352 2160/3417/3353 2159/3418/3354
f 657/3419/3355 659/3420/3356 2159/3418/3354
f 2160/3417/3353 2161/3421/3357 2159/3418/3354
f 659/869/858 1336/1831/1804 2159/3422/3358
f 1628/2312/2268 657/3419/3355 2159/3418/3354
f 2161/3421/3357 1629/2313/2269 2159/3418/3354
f 1629/2313/2269 1628/2312/2268 2159/3418/3354
f 665/2858/2802 1241/2311/2267 1930/2856/2800
f 1241/2311/2267 1626/2310/2266 1930/2856/2800
f 1626/2310/2266 187/254/250 1930/2856/2800
f 38/50/50 1470/2051/2019 1312/1793/1768
f 1708/3423/3359 676/3424/3359 1932/3425/3360
f 1573/2231/2189 1570/2226/2184 1932/2860/2804
f 676/895/884 675/890/879 1932/2860/2804
f 675/890/879 1573/2231/2189 1932/2860/2804
f 1008/1352/1333 1666/2383/2336 680/897/886
f 2162/3426/3361 1352/1865/1834 1351/3427/3362
f 690/908/897 1942/3428/3363 1351/1859/1830
f 260/350/346 257/341/337 1351/1859/1830
f 1942/3428/3363 2162/3429/3364 1351/1859/1830
f 257/341/337 690/908/897 1351/1859/1830
f 2107/3266/3201 2108/3267/3202 2114/3288/3223
f 2115/3430/3365 630/3431/3366 2114/3432/3367
f 630/3433/3368 2107/3266/3201 2114/3288/3223
f 1252/2102/2066 1251/3275/3210 571/748/739
f 1137/1516/1497 1859/3434/3369 645/852/841
f 1859/3434/3369 646/853/842 645/852/841
f 1507/2111/2073 300/397/393 1547/2185/2147
f 1548/2186/2148 3/2/2 1547/2185/2147
f 1266/3257/3192 1507/2111/2073 1547/2185/2147
f 1512/2116/2078 1147/1535/1514 1509/2113/2075
f 1147/1535/1514 1146/1534/1513 1509/2113/2075
f 409/530/524 1880/2776/2720 1879/2775/2719
f 972/1310/1291 1513/2118/2080 1879/2775/2719
f 410/531/525 409/530/524 1879/2775/2719
f 1513/2118/2080 410/531/525 1879/2775/2719
f 1065/2429/2380 1689/2430/2381 1064/3435/3370
f 2163/3436/3371 1587/3437/3372 1064/3435/3370
f 1689/2430/2381 2164/3438/3373 1064/3435/3370
f 1587/3439/3374 802/1061/1051 1064/1422/1403
f 2164/3438/3373 2163/3436/3371 1064/3435/3370
f 810/1070/1060 1883/2779/2723 807/1066/1056
f 1886/2784/2728 808/1067/1057 807/1066/1056
f 817/3440/3375 2111/3280/3215 815/3441/3376
f 141/186/186 816/3442/3377 815/3443/3378
f 2110/3279/3214 141/3444/3379 815/3441/3376
f 2111/3280/3215 2110/3279/3214 815/3441/3376
f 2043/3107/3044 1731/3445/3380 1397/3108/3045
f 183/248/244 184/252/248 2165/3446/3381
f 1400/1946/1914 1239/1688/1665 2165/3446/3381
f 1403/1947/1915 1400/1946/1914 2165/3446/3381
f 184/252/248 1841/2706/2650 2165/3446/3381
f 1841/2706/2650 1403/1947/1915 2165/3446/3381
f 1239/1688/1665 183/248/244 2165/3446/3381
f 1405/1951/1919 2167/3447/3382 2166/3448/3383
f 2126/3319/3254 894/1191/1179 2166/3448/3383
f 894/1191/1179 1405/1951/1919 2166/3448/3383
f 2167/3447/3382 2099/3249/3184 2166/3448/3383
f 2099/3249/3184 2126/3319/3254 2166/3448/3383
f 1896/2798/2742 879/1169/1157 1894/2795/2739
f 660/1168/1156 1534/3449/3384 1894/2795/2739
f 879/1169/1157 660/1168/1156 1894/2795/2739
f 1534/3449/3384 1895/2796/2740 1894/2795/2739
f 1747/2519/2466 114/149/149 1536/2158/2120
f 1899/2804/2748 1748/2520/2467 1536/2158/2120
f 114/149/149 1201/1630/1607 1536/2158/2120
f 1535/2157/2119 1899/2804/2748 1536/2158/2120
f 1748/2520/2467 1747/2519/2466 1536/2158/2120
f 314/2190/2152 1550/2188/2150 1901/2805/2749
f 1538/2160/2122 314/413/409 1901/3251/3186
f 1497/2092/2056 1614/3450/3385 1495/2093/2057
f 659/869/858 656/865/854 1336/1831/1804
f 109/142/142 2160/3417/3353 1336/3416/3352
f 887/1180/1168 888/1183/1171 1818/2664/2610
f 2057/3144/3081 887/1180/1168 1818/2664/2610
f 1040/1388/1369 1751/2525/2472 1818/2664/2610
f 1751/2525/2472 2057/3144/3081 1818/2664/2610
f 2168/3451/3386 1855/2729/2673 1204/1633/1610
f 1343/1842/1815 2168/3451/3386 1204/1633/1610
f 2035/3089/3026 1343/1842/1815 1204/1633/1610
f 2001/2990/2930 254/339/335 2000/2988/2928
f 252/337/333 966/1303/1284 2000/2988/2928
f 254/339/335 252/337/333 2000/2988/2928
f 691/909/898 1150/1538/1517 688/906/895
f 1153/1545/1524 1155/1544/1523 265/356/352
f 1155/1544/1523 266/357/353 265/356/352
f 630/3433/3368 631/1554/1531 2107/3266/3201
f 166/222/218 1362/1885/1852 1575/3452/3387
f 2153/3403/3340 1149/1537/1516 1575/2233/2191
f 1362/1885/1852 2153/3453/3388 1575/3452/3387
f 1576/2235/2193 166/229/225 1575/2238/2196
f 1835/2697/2641 1579/2240/2198 1578/2239/2197
f 1169/1573/1550 1271/1741/1716 1167/1575/1552
f 2052/3132/3069 2169/3454/3389 1800/3455/3390
f 1802/2630/2576 2170/3456/3391 1800/2631/2577
f 2170/3457/3392 2052/3132/3069 1800/3455/3390
f 2169/3454/3389 1801/3458/3393 1800/3455/3390
f 2069/3174/3111 637/841/830 636/840/829
f 635/3459/3394 25/3460/3394 636/3461/3394
f 1044/1394/1375 2132/3330/3266 641/849/838
f 731/962/952 2171/3462/3395 641/844/833
f 2171/3463/3396 1044/1394/1375 641/849/838
f 1564/2218/2176 236/317/313 1992/2973/2916
f 236/317/313 238/320/316 1992/2973/2916
f 238/320/316 239/321/317 1992/2973/2916
f 2172/3464/3397 1388/3465/3398 1992/2973/2916
f 239/321/317 2172/3464/3397 1992/2973/2916
f 1896/3466/3399 1898/2802/2746 1740/3467/3400
f 1898/2802/2746 878/1167/1155 1740/3467/3400
f 1523/3468/3401 1774/2582/2528 1945/2883/2826
f 814/3469/3402 1523/3468/3401 1945/2883/2826
f 2105/3261/3196 818/1081/1071 1945/2888/2831
f 818/1081/1071 814/1076/1066 1945/2888/2831
f 1947/2887/2830 2105/3261/3196 1945/2888/2831
f 1527/2139/2101 1880/2776/2720 2071/3470/3403
f 1332/3471/3404 1528/2140/2102 2071/3470/3403
f 2072/3183/3120 1332/1822/1797 2071/3181/3118
f 1880/2776/2720 411/533/527 2071/3470/3403
f 1528/2140/2102 1527/2139/2101 2071/3470/3403
f 754/3472/3405 2073/3184/3121 824/1087/1077
f 1552/2649/3406 330/3473/3407 2173/3474/3408
f 421/547/541 1552/2649/3406 2173/3474/3408
f 1691/2440/2389 1410/1957/1925 1409/1956/1924
f 1823/3475/3409 1691/2440/2389 1409/1956/1924
f 1413/1967/1935 1823/3475/3409 1409/1956/1924
f 1285/1759/1734 941/1259/1242 1951/2895/2839
f 1287/1761/1736 1285/1759/1734 1951/2895/2839
f 516/666/660 513/662/656 2092/3228/3163
f 135/178/178 2151/3396/3333 133/175/175
f 395/3476/3410 561/730/722 133/175/175
f 561/730/722 134/176/176 133/175/175
f 2151/3396/3333 395/3476/3410 133/175/175
f 782/1038/1028 1872/2768/2712 783/1029/1019
f 2014/3477/3411 784/1030/1020 783/1029/1019
f 1433/2010/1978 1435/2009/1977 792/3029/2969
f 794/1048/1038 1433/2006/1974 792/1050/1040
f 370/477/473 369/476/472 583/3478/3412
f 582/764/755 370/3479/3413 583/770/761
f 2118/3306/3241 584/3361/3298 583/3478/3412
f 369/476/472 2118/3306/3241 583/3478/3412
f 589/3480/3414 2039/3099/3036 590/776/767
f 1878/2774/2718 591/777/768 590/776/767
f 2039/3099/3036 2040/3100/3037 590/776/767
f 2040/3100/3037 1878/2774/2718 590/776/767
f 1817/2658/2604 2171/3462/3395 1814/2653/2599
f 731/962/952 730/961/951 1814/2653/2599
f 2171/3462/3395 731/962/952 1814/2653/2599
f 1963/2916/2860 1815/2654/2600 1814/2653/2599
f 802/2922/2866 1587/2252/2210 1586/2251/2209
f 163/217/213 1967/2923/2867 1519/2127/2089
f 2011/3020/2960 2012/3018/2958 2065/3162/3099
f 2066/3481/3415 2011/3020/2960 2065/3162/3099
f 2012/3018/2958 225/301/297 2065/3162/3099
f 225/301/297 224/300/296 2065/3162/3099
f 997/1337/1318 233/3401/3338 1892/2790/2734
f 75/99/99 45/97/97 795/3370/3307
f 2174/3482/3416 727/957/947 1764/3076/3013
f 727/957/947 2121/3483/3417 1764/3076/3013
f 2121/3308/3243 1765/2561/2507 1764/2559/2505
f 2030/3075/3012 2174/3482/3416 1764/3076/3013
f 2032/3079/3016 1695/3177/3114 1694/3484/3418
f 1327/3081/3018 2032/3079/3016 1694/3484/3418
f 1118/2371/2324 1772/3485/3419 1771/3486/3420
f 1457/2035/2003 1335/1830/1803 1589/3487/3421
f 1458/2036/2004 1457/2035/2003 1589/3487/3421
f 1335/3488/3422 1590/2260/2218 1589/2259/2217
f 1524/2136/2098 277/369/365 1523/2135/2097
f 276/3489/3423 1774/2582/2528 1523/3468/3401
f 277/369/365 276/368/364 1523/2135/2097
f 1447/2023/1991 733/964/954 732/963/953
f 1263/2391/2342 1447/2023/1991 732/963/953
f 461/597/591 2063/3157/3094 732/963/953
f 2063/3157/3094 1671/2392/2343 732/963/953
f 1671/2392/2343 1263/2391/2342 732/963/953
f 1170/1576/1553 125/164/164 120/156/156
f 1175/1583/1560 2142/3364/3301 1784/2596/2542
f 2007/3007/2947 2056/3143/3080 1280/1751/1726
f 2056/3143/3080 1282/1755/1730 1280/1751/1726
f 1548/2186/2148 2007/3007/2947 1280/1751/1726
f 664/2859/2803 2158/3490/3424 1790/2605/2551
f 2158/3490/3424 1791/2606/2552 1790/2605/2551
f 33/3491/3425 664/2859/2803 1790/2605/2551
f 1954/2898/2842 1795/2615/2561 1678/2408/2359
f 1679/2410/2361 1954/2898/2842 1678/2408/2359
f 1795/2615/2561 1290/1763/1738 1678/2408/2359
f 1303/3492/3426 319/2619/2565 1299/2618/2564
f 2043/3107/3044 1622/2299/2257 1731/3445/3380
f 925/3493/3427 928/3494/3427 1737/3495/3427
f 2175/3496/3428 925/3497/3429 1737/2506/2453
f 1738/2504/2451 2175/3496/3428 1737/2506/2453
f 2177/3498/3430 1650/2360/2313 2176/3499/3431
f 2174/3482/3416 1322/1808/1783 2176/3499/3431
f 1650/2360/2313 728/958/948 2176/3499/3431
f 1073/1431/1412 2177/3498/3430 2176/3499/3431
f 1322/1808/1783 1075/1435/1416 2176/3499/3431
f 728/958/948 2174/3482/3416 2176/3499/3431
f 1075/1435/1416 1073/1431/1412 2176/3499/3431
f 1250/1711/1686 1769/2571/2517 2139/3354/3291
f 1077/1445/1426 1081/1444/1425 2139/3354/3291
f 1696/2565/2511 1077/1445/1426 2139/3354/3291
f 1769/2571/2517 1696/2565/2511 2139/3354/3291
f 2179/3500/3432 1504/3501/3433 2178/3502/3434
f 1255/1719/1694 2179/3500/3432 2178/3502/3434
f 1256/1721/1696 1255/1719/1694 2178/3502/3434
f 1504/3501/3433 1256/1721/1696 2178/3502/3434
f 1260/1726/1701 244/326/322 243/325/321
f 247/330/326 935/3503/3435 243/325/321
f 934/1248/1231 1260/1726/1701 243/325/321
f 935/3503/3435 934/1248/1231 243/325/321
f 2033/3085/3022 1745/3504/3436 833/3505/3437
f 834/3506/3438 2033/3085/3022 833/3505/3437
f 1703/2455/2404 1702/2454/2403 1970/3195/3130
f 1971/3223/3158 1703/2455/2404 1970/3195/3130
f 2148/3391/3328 126/165/165 124/162/162
f 1957/2908/2852 2148/3391/3328 124/162/162
f 618/819/808 721/947/937 720/946/936
f 2061/3156/3093 2062/3155/3092 2180/3507/3439
f 2136/3508/3440 2061/3156/3093 2180/3507/3439
f 1522/2133/2095 2136/3508/3440 2180/3507/3439
f 1525/2137/2099 1522/2133/2095 2180/3507/3439
f 2062/3155/3092 1525/2137/2099 2180/3507/3439
f 1219/1655/1632 1755/2538/2485 1754/2537/2484
f 1918/2833/2777 1219/1655/1632 1754/2537/2484
f 981/1318/1299 1224/1663/1640 982/1320/1301
f 1224/1663/1640 983/1321/1302 982/1320/1301
f 611/810/799 1906/2812/2756 609/807/796
f 1437/2013/1981 1601/2275/2233 2047/3122/3059
f 2181/3509/3441 921/3240/3175 2049/3510/3442
f 921/3240/3175 2050/3239/3174 2049/3510/3442
f 1544/2177/2139 2181/3509/3441 2049/3510/3442
f 1177/1585/1562 2182/3511/3443 1843/2711/2655
f 2182/3511/3443 2052/3128/3065 1843/2711/2655
f 2007/3007/2947 1548/2186/2148 1180/1590/1567
f 1849/2719/2663 1185/1599/1576 1184/1598/1575
f 1183/1596/1573 1848/3512/3444 1184/1603/1580
f 1187/1608/1585 1341/1838/1811 1121/1609/1586
f 2183/3513/3445 1461/3514/3446 2116/3515/3447
f 2184/3516/3448 2183/3513/3445 2116/3515/3447
f 499/3299/3234 2184/3517/3449 2116/3297/3232
f 1461/2039/2007 1788/2604/2550 2116/3297/3232
f 1817/3518/3450 32/41/41 1044/1394/1375
f 32/41/41 31/40/40 1044/1394/1375
f 2171/3463/3396 1817/3518/3450 1044/1394/1375
f 1046/1397/1378 2132/3330/3266 1044/1394/1375
f 1528/2143/2105 1333/3519/3451 1142/1528/1507
f 1145/1532/1511 1766/3520/3452 1146/1534/1513
f 1766/3520/3452 1877/2773/2717 1146/1534/1513
f 92/117/117 94/121/121 2004/2995/2935
f 1493/2087/2051 92/117/117 2004/2995/2935
f 1664/2381/2334 1885/3317/3252 1659/2373/2326
f 1885/3317/3252 1870/2764/2708 1659/2373/2326
f 375/485/479 708/929/919 1799/2624/2570
f 778/1023/1013 2066/3165/3102 1799/3164/3101
f 708/929/919 778/3521/3453 1799/2624/2570
f 1873/3522/3454 2185/3523/3455 1872/3170/3107
f 2185/3523/3455 1098/1467/1448 1872/3170/3107
f 444/1982/1950 1598/2270/2228 1419/1978/1946
f 1959/3173/3110 1316/1796/1771 1315/1795/1770
f 2143/3524/3456 1959/3173/3110 1315/1795/1770
f 1319/1804/1779 2143/3524/3456 1315/1795/1770
f 1393/3525/1188 2186/3526/1188 2015/3034/2974
f 2186/3527/3457 1805/3528/3458 2015/3529/3459
f 1394/3035/1188 1393/3525/1188 2015/3034/2974
f 335/434/430 1455/2033/2001 1013/1357/1338
f 148/195/193 1014/1358/1339 1013/1357/1338
f 1455/2033/2001 149/196/194 1013/1357/1338
f 149/196/194 148/195/193 1013/1357/1338
f 1344/3530/3460 1808/2644/2590 1123/1497/1478
f 1441/2017/1985 2087/3217/3152 1439/2014/1982
f 1618/2294/2252 1440/2015/1983 1439/2014/1982
f 2087/3217/3152 1618/2294/2252 1439/2014/1982
f 1816/3378/3315 1684/3531/3461 1061/3532/3462
f 1065/2429/2380 1066/3264/3199 1688/2428/2379
f 190/570/564 1914/2825/2769 436/567/561
f 1915/2826/2770 437/568/562 436/567/561
f 1197/1624/1601 2188/3533/3463 2187/3534/3464
f 1631/2316/2272 1198/1626/1603 2187/3535/3465
f 1198/1625/1602 1197/1624/1601 2187/3534/3464
f 2188/3533/3463 1631/3536/3466 2187/3534/3464
f 958/1288/1271 61/78/78 837/1102/1090
f 846/1117/1105 1827/2682/2626 1050/1407/1388
f 1698/2450/2399 1258/1724/1699 1257/1723/1698
f 708/929/919 375/485/479 705/926/916
f 383/501/495 382/499/493 1592/2261/2219
f 1594/2266/2224 1644/2337/2293 1592/2267/2225
f 947/1266/1249 2113/3284/3219 443/578/572
f 132/179/179 2189/3537/3467 135/178/178
f 2189/3537/3467 2151/3396/3333 135/178/178
f 2190/3538/3468 1776/2584/2530 1606/2280/2238
f 1112/3539/3469 2190/3540/3470 1606/3541/3471
f 1113/3344/3281 1112/3542/3472 1606/2280/2238
f 1219/1655/1632 2037/3094/3031 1755/2538/2485
f 2037/3094/3031 976/1313/1294 1755/2538/2485
f 1500/2098/2062 2006/2999/2939 1497/2092/2056
f 2006/2999/2939 984/3543/3473 1497/2092/2056
f 1440/2015/1983 1618/2294/2252 1617/2293/2251
f 1619/2295/2253 1440/2015/1983 1617/2293/2251
f 2031/3078/3015 1331/3082/3019 1815/2654/2600
f 1963/2916/2860 2031/3078/3015 1815/2654/2600
f 1331/3082/3019 1816/2657/2603 1815/2654/2600
f 1734/2498/2445 1625/2303/2261 491/635/629
f 1339/1837/1810 2133/3334/3270 1337/1835/1808
f 1068/3023/2963 1338/1836/1809 1337/1835/1808
f 2133/3334/3270 343/3379/3316 1337/1835/1808
f 657/3419/3355 1630/2315/2271 1533/3544/3474
f 658/3545/3475 657/3419/3355 1533/3544/3474
f 1630/3546/3476 830/1095/1083 1533/2154/2116
f 1079/3547/3477 355/456/452 763/1002/992
f 570/999/989 1080/3548/3478 763/1002/992
f 1080/3548/3478 1079/3547/3477 763/1002/992
f 845/1116/1104 2068/3322/3257 1827/2682/2626
f 2068/3322/3257 791/1041/1031 1827/2682/2626
f 846/1117/1105 845/1116/1104 1827/2682/2626
f 2117/3301/3236 2045/3120/3057 774/3302/3237
f 2045/3120/3057 1640/3118/3055 774/3302/3237
f 1541/2169/2131 1261/1727/1702 523/672/666
f 858/1134/1122 616/817/806 615/816/805
f 614/814/803 1437/2013/1981 615/816/805
f 903/1204/1192 858/1134/1122 615/816/805
f 1839/2704/2648 1269/1738/1713 1838/2703/2647
f 1276/3549/3479 826/1089/1079 2191/3550/3480
f 1020/2181/2143 1022/3551/3481 2191/3550/3480
f 826/1089/1079 1983/2956/2899 2191/3550/3480
f 1983/2956/2899 1020/2181/2143 2191/3550/3480
f 1022/1366/1347 1276/1747/1722 2191/3552/3482
f 2193/3553/3483 2022/3045/2984 2192/3554/3484
f 2194/3555/3485 2193/3553/3483 2192/3554/3484
f 1848/3512/3444 1183/1596/1573 1284/1758/1733
f 2113/3284/3219 1973/2934/2878 1972/2933/2877
f 1127/3349/3286 1404/1950/1918 449/584/578
f 447/3071/3008 1796/2621/2567 449/3556/3486
f 1796/3557/3487 1127/3349/3286 449/584/578
f 431/561/555 1306/1779/1754 1558/2332/2288
f 1557/2208/2166 1857/2740/2684 1558/2209/2167
f 1857/2739/2683 1641/2333/2289 1558/2332/2288
f 874/1162/1150 1445/3558/3488 234/2213/2171
f 550/710/702 246/329/325 245/328/324
f 1924/2843/2787 1861/2751/2694 245/328/324
f 1861/2751/2694 550/710/702 245/328/324
f 242/323/319 1924/2843/2787 245/328/324
f 1974/2936/2881 684/902/891 682/900/889
f 904/1205/1193 1581/2699/2643 1580/3559/3489
f 485/626/620 904/1205/1193 1580/3559/3489
f 1582/2247/2205 85/3560/3490 1580/2242/2200
f 85/630/624 485/626/620 1580/3559/3489
f 1334/1827/1800 2195/3561/3491 697/921/911
f 2195/3561/3491 701/922/912 697/921/911
f 1590/3562/3492 1334/1827/1800 697/921/911
f 2129/3325/3260 325/424/420 1058/1414/1395
f 1060/1418/1399 2129/3325/3260 1058/1414/1395
f 174/234/230 2196/3563/3493 1004/3263/3198
f 2196/3564/3494 1005/1349/1330 1004/1348/1329
f 531/681/675 174/234/230 1004/3263/3198
f 912/1212/3495 1756/3565/3496 1199/3084/3497
f 1078/1438/1419 1077/1437/1418 1381/1915/1882
f 2093/3234/3169 363/469/465 1637/2325/2281
f 363/469/465 362/468/464 1637/2325/2281
f 1697/2448/2397 2119/3307/3242 850/1121/1109
f 1698/2449/2398 1697/2448/2397 850/1121/1109
f 2119/3307/3242 851/1122/1110 850/1121/1109
f 1993/3566/3498 880/1171/1159 1996/2984/2924
f 880/1171/1159 2046/3121/3058 1996/2984/2924
f 2046/3121/3058 1997/2985/2925 1996/2984/2924
f 1999/2987/2927 1993/3566/3498 1996/2984/2924
f 115/151/151 114/149/149 1747/2519/2466
f 1716/2469/2418 1806/2636/2582 1715/2468/2417
f 1806/2636/2582 142/3567/3499 1715/2468/2417
f 142/3567/3499 2110/3279/3214 1715/2468/2417
f 258/345/341 259/344/340 1718/2472/2421
f 259/344/340 969/2534/2481 1718/2472/2421
f 1124/2647/2593 1809/2646/2592 1723/3568/3500
f 1128/1505/1486 1126/1499/1480 1949/2891/2835
f 1126/1499/1480 1726/2483/2430 1949/2891/2835
f 2197/3569/3501 1128/1505/1486 1949/2891/2835
f 1133/1510/1491 1132/1509/1490 2198/3570/3502
f 1856/2736/2680 1133/1510/1491 2198/3570/3502
f 428/557/551 1641/2333/2289 2198/3570/3502
f 1132/1509/1490 432/562/556 2198/3570/3502
f 432/562/556 428/557/551 2198/3570/3502
f 1641/2333/2289 1856/2736/2680 2198/3570/3502
f 512/661/655 514/664/658 1874/2770/2714
f 514/664/658 1995/3571/3503 1874/2770/2714
f 1995/3571/3503 716/938/928 1874/2770/2714
f 1141/1526/1505 519/669/663 71/1530/1509
f 519/669/663 45/60/60 71/1530/1509
f 2122/3310/3245 1766/2562/2508 1765/2561/2507
f 1768/2567/2513 1769/2572/2518 1249/1708/1683
f 1769/2571/2517 1250/1711/1686 1249/1710/1685
f 1654/2366/2319 1768/2567/2513 1249/1708/1683
f 1772/3485/3419 1118/2371/2324 1656/2370/2323
f 1657/2372/2325 1154/1546/1525 1656/2370/2323
f 1154/1546/1525 2154/3572/3504 1656/2370/2323
f 2154/3572/3504 1772/3485/3419 1656/2370/2323
f 1663/2378/2331 2170/3457/3392 1661/2379/2332
f 2170/3456/3391 2199/3573/3505 1661/3574/3506
f 2199/3573/3505 1662/2827/2771 1661/3574/3506
f 2021/3044/2983 1159/3575/3507 1668/2386/2339
f 1782/2593/2539 2200/3576/3508 1780/2588/2534
f 19/29/29 18/26/26 785/1032/1022
f 1628/2312/2268 1630/2315/2271 657/3419/3355
f 510/660/654 509/657/651 996/1336/1317
f 1795/2615/2561 1293/1767/1742 1290/1763/1738
f 319/417/413 2201/3577/3509 2008/3013/2953
f 323/422/418 319/417/413 2008/3013/2953
f 1194/1620/1597 323/422/418 2008/3013/2953
f 2201/3577/3509 1682/2415/2366 2008/3013/2953
f 2202/3578/3510 2186/3579/1188 1393/1933/1900
f 1947/2887/2830 2202/3578/3510 1393/1933/1900
f 1006/3262/3197 1317/1798/1773 529/678/672
f 2203/3580/3511 1982/2951/2896 529/3581/3512
f 1318/1805/1780 2203/3580/3511 529/3581/3512
f 1982/2951/2896 1233/3582/3513 529/3581/3512
f 1233/3583/3514 530/3584/3514 529/3585/3514
f 2181/3509/3441 1841/2708/2652 920/3586/3515
f 921/3240/3175 2181/3509/3441 920/3586/3515
f 1841/2706/2650 755/3587/3516 920/3588/3517
f 1404/1950/1918 2098/3248/3183 1405/1951/1919
f 2098/3248/3183 2167/3447/3382 1405/1951/1919
f 931/3270/3205 1822/2668/2614 932/3381/3318
f 1704/2456/2405 1416/1972/1940 1415/3589/3518
f 2204/3590/3519 2079/3198/3133 1415/1970/1938
f 353/453/449 2204/3590/3519 1415/1970/1938
f 2079/3198/3133 1704/3197/3132 1415/1970/1938
f 951/1275/1258 1904/3203/3138 952/1276/1259
f 1595/2265/2223 382/499/493 381/498/492
f 385/503/497 2146/3388/3325 381/498/492
f 2146/3388/3325 1595/2265/2223 381/498/492
f 1599/2272/2230 2081/3204/3139 1432/3591/3520
f 1434/2274/2232 1599/2272/2230 1432/3591/3520
f 721/947/937 2150/3592/3521 2149/3593/3522
f 2151/3396/3333 2189/3537/3467 2149/3393/3330
f 2189/3537/3467 721/3594/3523 2149/3393/3330
f 1321/1807/1782 1324/1810/1785 1812/3595/3524
f 1443/2019/1987 1442/2018/1986 1812/2651/2597
f 1324/3375/3312 1443/2019/1987 1812/2651/2597
f 1985/3596/3525 1321/1807/1782 1812/3595/3524
f 1446/2022/1990 1445/2021/1989 1989/3597/3526
f 872/3598/3527 1990/2966/2909 1989/2965/2908
f 1445/3558/3488 872/1160/1148 1989/3599/3528
f 331/2969/2912 1446/3600/3529 1989/2965/2908
f 1447/2023/1991 600/793/782 733/964/954
f 600/793/782 734/965/955 733/964/954
f 1968/2926/2870 1449/3601/3530 738/968/958
f 1449/3601/3530 102/973/963 738/968/958
f 2135/3340/3277 2161/3421/3357 2160/3417/3353
f 109/142/142 2135/3340/3277 2160/3417/3353
f 885/1181/1169 2134/3337/3273 886/1179/1167
f 2134/3337/3273 1339/1837/1810 886/1179/1167
f 1341/1838/1811 1851/2720/2664 1342/1841/1814
f 2168/3451/3386 1343/1842/1815 1342/1841/1814
f 1855/2729/2673 2168/3451/3386 1342/1841/1814
f 953/3602/3531 676/3424/3359 1708/3423/3359
f 901/3603/3532 900/1198/1186 2001/3338/3275
f 1831/2688/2632 254/339/335 2001/2990/2930
f 1832/2692/2636 1831/2688/2632 2001/2990/2930
f 266/357/353 1016/2940/2885 1015/3604/3533
f 1518/2125/2087 267/2124/2086 1015/1359/1340
f 267/359/355 266/357/353 1015/3604/3533
f 156/208/204 1518/2125/2087 1015/1359/1340
f 2142/3364/3301 2205/3605/3534 273/3606/3535
f 270/3607/3536 2142/3364/3301 273/3606/3535
f 2205/3608/3537 274/367/363 273/366/362
f 1169/1573/1550 1272/1742/1717 1271/1741/1716
f 294/395/391 2137/3352/3289 297/393/389
f 415/539/533 418/544/538 2183/3513/3445
f 1411/3609/3538 415/539/533 2183/3513/3445
f 418/544/538 1461/3514/3446 2183/3513/3445
f 2184/3516/3448 1411/3609/3538 2183/3513/3445
f 643/850/839 1049/3610/3539 729/960/950
f 646/853/842 1859/3434/3369 1385/3611/3540
f 1860/2747/1188 1386/3612/1188 1385/2743/2687
f 2206/3613/3541 1744/2514/2461 1998/2986/2926
f 1997/2985/2925 1056/1410/1391 1998/2986/2926
f 1056/1410/1391 653/861/850 1998/2986/2926
f 653/861/850 2206/3613/3541 1998/2986/2926
f 2066/3481/3415 565/742/734 2011/3020/2960
f 565/742/734 567/741/733 2011/3020/2960
f 1032/1378/1359 786/1033/1023 1027/1370/1351
f 1505/2107/2070 1739/2509/2456 574/753/744
f 1739/2509/2456 575/754/745 574/753/744
f 1878/2774/2718 2040/3100/3037 1510/2114/2076
f 2040/3100/3037 1511/2115/2077 1510/2114/2076
f 259/351/347 1514/2119/2081 969/1306/1287
f 1514/2119/2081 972/1310/1291 969/1306/1287
f 1356/1873/1842 1358/1875/1844 2163/3614/3542
f 1218/1658/1635 2085/3615/3543 2163/3436/3371
f 1358/1875/1844 1587/2257/2215 2163/3614/3542
f 2085/3210/3145 1356/1873/1842 2163/3614/3542
f 1221/1659/1636 1218/1658/1635 2163/3436/3371
f 2164/3438/3373 1221/1659/1636 2163/3436/3371
f 1239/1688/1665 1400/1946/1914 1238/1689/1666
f 925/3497/3429 2175/3496/3428 2207/3616/3544
f 2175/3496/3428 1309/3617/3545 2207/3616/3544
f 677/894/883 926/1850/1823 2207/3618/3546
f 1309/3617/3545 1063/3619/3547 2207/3616/3544
f 1063/1421/1402 677/894/883 2207/3618/3546
f 926/1232/1218 925/1231/1217 2207/3620/3548
f 2076/3190/3125 2077/3194/3129 2208/3621/3549
f 652/3622/3550 1897/2799/2743 2208/3621/3549
f 2077/3193/3128 2206/3613/3541 2208/3623/3551
f 2206/3613/3541 653/861/850 2208/3623/3551
f 1897/2799/2743 2076/3190/3125 2208/3621/3549
f 653/861/850 652/860/849 2208/3623/3551
f 308/407/403 1750/2523/2470 1749/2522/2469
f 1452/3304/3239 482/623/617 1453/3624/3552
f 854/1128/1116 853/1126/1114 1453/2029/1997
f 482/623/617 479/619/613 1453/3624/3552
f 479/619/613 854/1127/1115 1453/3624/3552
f 1107/1482/1463 1835/2697/2641 1108/1483/1464
f 862/3625/3553 1369/3327/3262 2131/3326/3261
f 2052/3132/3069 2170/3457/3392 1663/2378/2331
f 1660/3626/3554 2053/3131/3068 1663/3130/3067
f 1990/2970/2913 872/3627/3555 871/2045/2013
f 40/53/53 2209/3628/3556 1469/2050/2018
f 2172/3464/3397 239/321/317 1469/2050/2018
f 2209/3628/3556 2172/3464/3397 1469/2050/2018
f 239/321/317 237/318/314 1469/2050/2018
f 2055/3629/3557 1042/1393/1374 1041/1392/1373
f 1473/2054/2022 2055/3629/3557 1041/1392/1373
f 1593/3630/3558 840/1109/1097 1643/3373/3310
f 1594/2264/2222 1593/2263/2221 1643/2339/2295
f 1599/2272/2230 999/1339/1320 2081/3204/3139
f 2196/3564/3494 176/3374/3311 1005/1349/1330
f 455/590/584 454/589/583 1604/2277/2235
f 1263/2391/2342 5/5/5 1447/2023/1991
f 1866/3631/3559 1943/2880/2823 2177/3632/3560
f 1073/1431/1412 1866/3027/2967 2177/3498/3430
f 1943/2880/2823 1902/2807/2751 2177/3632/3560
f 1902/2807/2751 1650/2356/2309 2177/3632/3560
f 2104/3259/3194 422/3633/3561 913/1217/1203
f 701/922/912 2195/3561/3491 913/1217/1203
f 2195/3561/3491 2104/3259/3194 913/1217/1203
f 778/1023/1013 779/1022/1012 2066/3165/3102
f 779/1022/1012 565/739/731 2066/3165/3102
f 784/3634/3562 2014/3635/3563 2210/3636/3564
f 2182/3511/3443 784/3634/3562 2210/3636/3564
f 2014/3635/3563 2169/3637/3565 2210/3636/3564
f 2169/3637/3565 2182/3511/3443 2210/3636/3564
f 578/759/750 360/465/461 359/464/460
f 2143/3524/3456 796/3638/3566 1959/3173/3110
f 796/3638/3566 582/764/755 1959/3173/3110
f 2202/3639/1188 2190/3540/3470 2186/3527/3457
f 2190/3540/3470 1112/3539/3469 2186/3527/3457
f 1112/3539/3469 1805/3528/3458 2186/3527/3457
f 1651/2357/2310 1186/1605/1582 869/1604/1581
f 1796/2621/2567 321/1502/1483 1127/1501/1482
f 531/681/675 175/235/231 174/234/230
f 176/239/235 2196/3563/3493 174/234/230
f 1625/2303/2261 155/207/203 154/206/202
f 1819/3026/2966 884/1175/1163 1338/1836/1809
f 1413/1967/1935 503/1703/1678 1823/3475/3409
f 1541/2168/2130 1349/1858/1829 1830/2687/2631
f 1348/1857/1828 1831/2688/2632 1830/2687/2631
f 1261/1727/1702 1541/2169/2131 1830/2690/2634
f 1349/1858/1829 1348/1857/1828 1830/2687/2631
f 1164/2947/2892 1981/2946/2891 1163/3640/3567
f 2203/3580/3511 586/771/762 1163/1563/1540
f 1982/2951/2896 2203/3580/3511 1163/1563/1540
f 586/771/762 285/1564/1541 1163/1563/1540
f 1273/1743/1718 1269/1738/1713 1839/2704/2648
f 1176/1586/1563 2205/3608/3537 1174/3641/3568
f 2142/3364/3301 1175/1583/1560 1174/1582/1559
f 2205/3605/3534 2142/3364/3301 1174/1582/1559
f 1549/2191/2153 1851/2720/2664 1341/1838/1811
f 1187/1608/1585 1549/2191/2153 1341/1838/1811
f 1613/2289/2247 2211/3642/3569 923/1228/1214
f 2101/3252/3187 1613/2289/2247 923/1228/1214
f 2211/3642/3569 924/1229/1215 923/1228/1214
f 205/279/275 1136/1514/1495 204/278/274
f 66/84/84 1566/2222/2180 1139/1524/1503
f 1565/2220/2178 1860/2746/2690 1139/1524/1503
f 1566/2222/2180 1565/2220/2178 1139/1524/1503
f 1861/2751/2694 551/711/703 550/710/702
f 549/709/701 246/329/325 550/710/702
f 1493/2087/2051 1693/2442/2391 92/117/117
f 1693/2442/2391 93/118/118 92/117/117
f 2195/3561/3491 101/131/131 2104/3259/3194
f 423/803/792 422/3643/3570 2104/3260/3195
f 1728/3237/3172 1729/3644/3571 817/1080/1070
f 1729/2487/2434 2111/3280/3215 817/3440/3375
f 819/1082/1072 1728/3237/3172 817/1080/1070
f 2041/3105/3042 1888/3104/3041 1571/2228/2186
f 1888/3104/3041 1572/2229/2187 1571/2228/2186
f 1573/2232/2190 675/2423/2374 1571/2228/2186
f 1684/2421/2372 2041/3105/3042 1571/2228/2186
f 864/1144/1132 863/1143/1131 2050/3124/3061
f 229/307/303 162/215/211 159/210/206
f 1255/1719/1694 1739/2509/2456 2179/3500/3432
f 1505/2107/2070 1504/3501/3433 2179/3500/3432
f 1739/2509/2456 1505/2107/2070 2179/3500/3432
f 1258/1724/1699 244/326/322 1260/1726/1701
f 670/883/872 390/508/502 388/505/499
f 1911/2820/2764 1209/1639/1616 1208/1637/1614
f 2152/3397/3334 1483/2071/2037 2061/3150/3087
f 1113/3344/3281 2152/3397/3334 2061/3150/3087
f 411/533/527 1880/2776/2720 409/530/524
f 1221/1659/1636 2037/3094/3031 1219/1655/1632
f 1918/2833/2777 1220/1656/1633 1219/1655/1632
f 1921/2838/2782 1952/3645/3572 2212/3646/3573
f 1922/2839/2783 1921/2838/2782 2212/3646/3573
f 1988/2963/3574 1922/2839/2783 2212/3646/3573
f 2030/3075/3012 1322/1808/1783 2174/3482/3416
f 728/958/948 727/957/947 2174/3482/3416
f 2154/3405/3342 1517/2122/2084 1772/3647/3575
f 739/971/961 1335/1830/1803 1457/2035/2003
f 279/372/368 1159/1559/1536 276/374/370
f 1159/3575/3507 2021/3044/2983 276/3489/3423
f 2021/3044/2983 1774/2582/2528 276/3489/3423
f 962/3648/3576 5/5/5 1263/2391/2342
f 1272/1742/1717 288/382/378 287/381/377
f 827/1090/1080 826/1089/1079 1276/3549/3479
f 55/70/70 1376/1907/1874 54/69/69
f 1303/3649/3577 2201/3577/3509 319/417/413
f 1946/2885/2828 2190/3650/3578 2202/3578/3510
f 1947/2887/2830 1946/2885/2828 2202/3578/3510
f 1333/3651/3579 1528/3652/3579 1332/3653/3579
f 1407/3654/3580 2086/3655/3581 1610/3656/3582
f 1412/1964/1932 1407/1963/1931 1610/3657/3583
f 2085/3615/3543 1218/1658/1635 1610/3658/3584
f 2086/3655/3581 2085/3659/3585 1610/3656/3582
f 1224/1663/1640 1612/2288/2246 983/1321/1302
f 2213/3660/3586 1693/2438/2387 1692/2437/2386
f 1824/2675/2619 2213/3660/3586 1692/2437/2386
f 2204/3590/3519 1825/2676/2620 1792/2608/2554
f 1791/2606/2552 2079/3198/3133 1792/2608/2554
f 2079/3198/3133 2204/3590/3519 1792/2608/2554
f 769/2899/2843 1420/3320/3255 844/1115/1103
f 847/1118/1106 769/2899/2843 844/1115/1103
f 851/1122/1110 369/476/472 368/474/470
f 1098/1467/1448 2185/3523/3455 1956/2907/2851
f 2185/3523/3455 570/999/989 1956/2907/2851
f 1433/2006/1974 794/1048/1038 2214/3661/3587
f 1600/2273/2231 1434/2274/2232 2214/3662/3588
f 791/3663/3589 1600/2273/2231 2214/3662/3588
f 794/3664/3590 791/3663/3589 2214/3662/3588
f 1434/2007/1975 1433/2006/1974 2214/3661/3587
f 2203/3580/3511 1318/1805/1780 585/772/763
f 1318/1805/1780 1316/1796/1771 585/772/763
f 586/771/762 2203/3580/3511 585/772/763
f 1963/2916/2860 2032/3079/3016 2031/3078/3015
f 734/965/955 600/793/782 805/1065/1055
f 735/966/956 734/965/955 805/1065/1055
f 1449/3601/3530 1968/2926/2870 1448/3665/3591
f 392/882/871 669/881/870 391/509/503
f 1481/3149/3086 896/1194/1182 895/1193/1181
f 894/1191/1179 2059/3148/3085 895/1193/1181
f 1147/1535/1514 1512/2116/2078 251/3666/3592
f 253/338/334 1147/3667/3593 251/336/332
f 1488/2077/2043 460/595/589 1489/2078/2044
f 2089/3220/3155 1977/2938/2883 266/357/353
f 1155/1544/1523 2089/3220/3155 266/357/353
f 2115/3430/3365 1020/2181/2143 629/2180/2142
f 630/3431/3366 2115/3430/3365 629/2180/2142
f 2153/3453/3388 1362/1885/1852 82/1884/1851
f 1369/3327/3262 862/3625/3553 861/3668/3594
f 2182/3511/3443 2169/3637/3565 2052/3128/3065
f 2184/3516/3448 499/3669/3595 1245/3670/3596
f 1246/3671/3597 2184/3516/3448 1245/3670/3596
f 233/2214/2172 507/654/648 506/652/646
f 515/1163/1151 516/3672/3598 875/1164/1152
f 1997/2985/2925 2045/3120/3057 2117/3301/3236
f 1056/1410/1391 1997/2985/2925 2117/3301/3236
f 483/624/618 482/623/617 1452/3304/3239
f 1136/2980/2920 712/933/923 711/931/921
f 960/1290/1273 577/757/748 576/756/747
f 579/762/753 1138/1517/1498 576/756/747
f 1514/2119/2081 1513/2118/2080 972/1310/1291
f 984/3543/3473 2006/2999/2939 1884/3673/3599
f 2006/2998/2938 1870/2764/2708 1884/3674/3600
f 744/980/970 743/978/968 1716/2469/2418
f 1714/2467/2416 744/980/970 1716/2469/2418
f 821/2640/2586 1352/1865/1834 2162/3426/3361
f 2215/3675/3601 821/2640/2586 2162/3426/3361
f 1941/3676/3602 2215/3675/3601 2162/3426/3361
f 1942/3677/3603 1941/3676/3602 2162/3426/3361
f 669/881/870 668/879/868 1889/2788/2732
f 668/879/868 890/1185/1173 1889/2788/2732
f 2059/3148/3085 894/1191/1179 2126/3319/3254
f 1895/2796/2740 832/3191/3126 2076/3190/3125
f 1897/2799/2743 1895/2796/2740 2076/3190/3125
f 2101/3252/3187 1614/2290/2248 1613/2289/2247
f 1615/2291/2249 2211/3642/3569 1613/2289/2247
f 779/1022/1012 777/1025/1015 1024/1368/1349
f 1917/2831/2775 2025/3058/2995 1459/2037/2005
f 1048/1399/1380 643/847/836 1045/1396/1377
f 1797/2622/2568 1796/2621/2567 447/3071/3008
f 1295/1769/1744 442/577/571 1294/1768/1743
f 1317/1801/1776 1006/1350/1331 1003/1345/1326
f 1319/1802/1777 1317/1801/1776 1003/1345/1326
f 1936/2870/2814 1935/2868/2812 1666/2383/2336
f 1935/2868/2812 1669/2389/2341 1666/2383/2336
f 1008/1352/1333 1936/2870/2814 1666/2383/2336
f 689/907/896 284/379/375 283/378/374
f 1902/2807/2751 1651/2357/2310 1650/2356/2309
f 2150/3592/3521 618/819/808 617/818/807
f 2184/3516/3448 1246/3671/3597 1411/3609/3538
f 510/659/653 1847/3009/2949 508/655/649
f 1847/3009/2949 873/1161/1149 508/655/649
f 1387/1923/1890 36/47/47 876/1165/1153
f 520/670/664 47/62/62 43/57/57
f 434/3678/3604 2158/3490/3424 1929/2854/2798
f 2158/3490/3424 664/2859/2803 1929/2854/2798
f 670/883/872 392/512/506 390/508/502
f 1481/3149/3086 1648/2345/2301 896/1194/1182
f 1483/2071/2037 2152/3397/3334 1484/2068/2034
f 2083/3208/3143 1485/2069/2035 1484/2068/2034
f 460/601/595 2063/3157/3094 461/597/591
f 906/1206/1194 908/1209/1197 468/3679/3605
f 1943/2880/2823 906/3680/3606 468/606/600
f 908/1209/1197 469/609/603 468/3679/3605
f 1978/2942/2887 1498/2095/2059 474/615/609
f 566/3681/3607 1025/3293/3228 2102/3292/3227
f 570/752/743 1873/2769/2713 572/751/742
f 361/467/463 360/465/461 575/754/745
f 582/764/755 796/3638/3566 370/3479/3413
f 1878/2774/2718 2122/3682/3608 591/777/768
f 1244/1699/1674 1738/3683/3609 809/1074/1064
f 811/1072/1062 1244/1699/1674 809/1074/1064
f 1684/3531/3461 2042/3102/3039 2041/3101/3038
f 182/247/243 537/690/682 536/689/681
f 539/694/686 2075/3186/3123 536/689/681
f 2075/3186/3123 1529/2144/2106 536/689/681
f 1690/2431/2382 2157/3409/3346 2137/3353/3290
f 2206/3613/3541 2077/3193/3128 1744/2514/2461
f 1550/2188/2150 1186/1605/1582 1651/2357/2310
f 1496/2090/2054 1540/2165/2127 1499/2097/2061
f 1198/1626/1603 2161/3421/3357 2135/3340/3277
f 343/3379/3316 2133/3334/3270 994/3333/3269
f 345/3684/3610 343/3379/3316 994/3333/3269
f 1854/3685/3611 1292/1766/1741 1852/2935/2879
f 1973/3686/3612 1853/2723/2667 1852/2722/2666
f 330/430/3274 1552/3687/3613 1551/2195/2157
f 687/904/893 1942/3428/3363 690/908/897
f 257/341/337 691/909/898 690/908/897
f 1021/1365/1346 1020/1364/1345 2115/3290/3225
f 288/382/378 1272/1742/1717 1169/1573/1550
f 1984/2957/2900 1960/3175/3112 2069/3174/3111
f 1048/1399/1380 1049/1400/1381 643/847/836
f 1384/1924/1891 208/281/277 646/853/842
f 1394/1934/1901 745/3688/3614 1395/1935/1902
f 745/981/971 744/980/970 1395/3236/3171
f 2074/3185/3122 2073/3184/3121 754/3472/3405
f 753/2147/2109 2074/3185/3122 754/3472/3405
f 1824/2675/2619 1822/2668/2614 931/3270/3205
f 556/720/712 554/721/713 941/1259/1242
f 1285/1759/1734 556/720/712 941/1259/1242
f 554/714/706 942/1261/1244 941/1260/1243
f 1420/3320/3255 769/2899/2843 768/3689/3615
f 954/1281/1264 707/928/918 706/927/917
f 197/268/264 954/1281/1264 706/927/917
f 1595/3690/3616 840/1109/1097 1593/3630/3558
f 1601/2275/2233 1437/2013/1981 1436/2012/1980
f 331/2969/2912 1988/2968/2911 332/3691/3617
f 1779/3049/2988 2023/3048/2987 1781/3692/3618
f 2193/3693/3619 2194/3694/3620 1781/3692/3618
f 2023/3048/2987 2193/3693/3619 1781/3692/3618
f 2194/3695/3621 1782/2592/2538 1781/2591/2537
f 1582/3696/3622 1330/2568/2514 1768/2567/2513
f 1654/2366/2319 1582/3696/3622 1768/2567/2513
f 1669/2389/2341 1935/2868/2812 1934/2867/2811
f 2148/3392/3329 1753/2531/2478 2141/3697/3623
f 126/3698/3624 2148/3392/3329 2141/3697/3623
f 1171/1578/1555 1402/3363/3300 2141/3362/3299
f 1753/2531/2478 1171/3699/3625 2141/3697/3623
f 51/65/65 1677/2404/2355 1788/2604/2550
f 1461/2039/2007 53/68/68 1788/2604/2550
f 36/3700/3626 2209/3628/3556 40/53/53
f 2125/3701/3627 1914/3702/3628 190/259/255
f 191/262/258 2125/3701/3627 190/259/255
f 906/1206/1194 1943/3703/3629 1866/2760/2704
f 1999/3704/3630 106/138/138 1993/2977/2917
f 881/1172/1160 880/1171/1159 1993/3566/3498
f 1706/2457/2406 289/384/380 127/2595/2541
f 129/169/169 1706/2457/2406 127/2595/2541
f 721/947/937 2189/3705/3631 132/173/173
f 1522/3180/3117 816/1079/1069 2136/3706/3632
f 816/3442/3377 141/186/186 2136/3343/3280
f 2197/3569/3501 2097/3707/3633 1128/1505/1486
f 623/1895/1862 1273/1743/1718 622/3286/3221
f 2056/3143/3080 1473/3708/3634 1282/1755/1730
f 1473/2054/2022 1472/2053/2021 1282/1756/1731
f 556/720/712 1285/1759/1734 555/717/709
f 316/2411/2362 1292/1766/1741 1854/3685/3611
f 1758/2550/2497 32/43/43 1817/3709/3635
f 1232/1675/1652 1165/3710/3636 1231/1674/1651
f 1165/3710/3636 1720/2474/2423 1231/1674/1651
f 2053/3711/3637 1660/2374/2327 1869/2762/2706
f 2005/2997/2937 272/3712/3638 1869/2762/2706
f 557/722/714 13/18/18 1206/1636/1613
f 1853/2728/2672 557/722/714 1206/1636/1613
f 1211/1641/1618 561/732/724 395/515/509
f 927/1234/1220 924/1229/1215 1223/1662/1639
f 1612/2288/2246 1224/1663/1640 1223/1662/1639
f 924/1229/1215 2211/3642/3569 1223/1662/1639
f 2211/3642/3569 1615/2291/2249 1223/1662/1639
f 1615/2291/2249 1612/2288/2246 1223/1662/1639
f 2042/3102/3039 1684/3531/3461 1816/3378/3315
f 371/480/476 2128/3324/3259 1828/2685/2629
f 2128/3324/3259 849/3383/3320 1828/2685/2629
f 819/1082/1072 1391/1930/1897 1728/3237/3172
f 1625/2303/2261 1734/2498/2445 155/207/203
f 1518/2125/2087 156/208/204 155/207/203
f 942/1261/1244 554/714/706 1899/2804/2748
f 466/610/604 12/17/17 11/16/16
f 1904/2810/2754 1540/2165/2127 1496/2090/2054
f 954/1281/1264 197/268/264 196/267/263
f 955/1282/1265 954/1281/1264 196/267/263
f 1138/1517/1498 579/762/753 716/1522/1501
f 1995/3571/3503 65/3713/3639 716/938/928
f 1264/1731/1706 2118/3306/3241 1265/1733/1708
f 1507/3031/2971 1266/1734/1709 1265/1733/1708
f 589/3714/3640 2087/3215/3150 1365/1889/1856
f 2039/3715/3641 589/3714/3640 1365/1889/1856
f 1364/1888/1855 2039/3099/3036 1365/3716/3642
f 331/431/427 329/428/424 1446/2022/1990
f 1782/2593/2539 2194/3717/3643 2200/3576/3508
f 2125/3701/3627 191/262/258 808/1071/1061
f 191/262/258 189/257/253 808/1071/1061
f 189/257/253 811/1072/1062 808/1071/1061
f 1886/2784/2728 2125/3718/3644 808/1067/1057
f 991/1781/1756 430/560/554 989/2849/2793
f 2083/3719/3645 1937/2871/2815 1936/2870/2814
f 1008/1352/1333 2083/3719/3645 1936/2870/2814
f 1787/2602/2548 1786/2599/2545 2216/3720/3646
f 1786/2599/2545 2142/3721/3647 2216/3720/3646
f 2142/3364/3301 476/3722/3648 2216/3723/3649
f 472/3213/3148 1787/2602/2548 2216/3720/3646
f 476/3724/3650 472/3213/3148 2216/3720/3646
f 1030/1380/1361 1033/1379/1360 1910/2818/2762
f 1909/3295/3230 1030/3294/3229 1910/3725/3651
f 1155/1544/1523 1035/1383/1364 2089/3220/3155
f 1035/1383/1364 493/639/633 2089/3220/3155
f 1662/2827/2771 2199/3573/3505 1915/2826/2770
f 2199/3573/3505 1802/2630/2576 1915/2826/2770
f 958/1288/1271 62/79/79 61/78/78
f 1053/1405/1386 2029/3066/3003 1052/1406/1387
f 2182/3726/3652 788/1036/1026 784/1035/1025
f 345/445/441 1520/2130/2092 346/446/442
f 753/2147/2109 2075/3186/3123 2074/3185/3122
f 545/702/694 294/395/391 825/2151/2113
f 1895/2796/2740 1534/3449/3384 832/3191/3126
f 353/453/449 1825/2676/2620 2204/3590/3519
f 134/176/176 561/730/722 560/729/721
f 136/180/180 134/176/176 560/729/721
f 274/367/363 2205/3608/3537 1176/1586/1563
f 1473/3708/3634 2056/3143/3080 2055/3142/3079
f 1751/2525/2472 1750/2523/2470 2057/3144/3081
f 1498/2095/2059 2005/3727/3653 1500/2098/2062
f 834/3506/3438 1196/1621/1598 2033/3085/3022
f 106/138/138 1999/3704/3630 2033/3085/3022
f 1999/3704/3630 1745/3504/3436 2033/3085/3022
f 561/732/724 1211/1641/1618 16/733/725
f 1210/2398/2349 18/26/26 16/21/21
f 1211/1641/1618 1210/1640/1617 16/733/725
f 2111/3280/3215 1729/2487/2434 1712/2464/2413
f 1239/1687/1664 1237/1682/1659 183/3110/3047
f 1413/1967/1935 1246/1704/1679 503/1703/1678
f 570/3728/3654 2109/3277/3212 2140/3356/3293
f 1080/3548/3478 570/999/989 2140/3729/3655
f 1081/1444/1425 1080/1441/1422 2140/3356/3293
f 2190/3650/3578 1946/2885/2828 1776/2884/2827
f 291/386/382 128/168/168 122/159/159
f 2025/3058/2995 1917/2831/2775 601/3366/3303
f 2029/3066/3003 1053/1405/1386 1647/2344/2300
f 1477/2349/2303 1300/1774/1749 1298/1771/1746
f 233/3401/3338 997/1337/1318 507/656/650
f 997/1337/1318 509/657/651 507/656/650
f 68/88/88 1567/2223/2181 66/84/84
f 1567/2223/2181 1566/2222/2180 66/84/84
f 1579/3730/3656 1329/3731/3656 1328/3732/3656
f 91/115/115 2018/3039/2978 1585/2249/2207
f 94/120/120 91/115/115 1585/2249/2207
f 101/131/131 2195/3561/3491 1334/1827/1800
f 1590/3562/3492 1335/1828/1801 1334/1827/1800
f 2012/3018/2958 1059/1416/1397 326/425/421
f 225/301/297 2012/3018/2958 326/425/421
f 735/966/956 462/598/592 458/592/586
f 2119/3307/3242 369/476/472 851/1122/1110
f 1801/2628/2574 1100/1973/1941 1416/1972/1940
f 129/169/169 1707/2458/2407 1706/2457/2406
f 290/385/381 289/384/380 1706/2457/2406
f 1805/3528/3458 143/3733/3657 1806/3734/3658
f 143/3735/3659 142/3567/3499 1806/2636/2582
f 1641/2333/2289 1857/2739/2683 1856/2736/2680
f 1062/1420/1401 1063/1421/1402 1759/2660/2606
f 1063/1421/1402 1309/3736/3660 1759/2660/2606
f 253/3737/3661 1148/1536/1515 1147/1535/1514
f 2154/3405/3342 1154/1542/1521 1153/1541/1520
f 1171/1578/1555 1168/1570/1547 1402/3363/3300
f 788/3738/3662 2182/3511/3443 1177/1585/1562
f 658/868/857 1534/3739/3663 660/870/859
f 2134/3336/3272 1185/1599/1576 1849/2719/2663
f 1549/2191/2153 1187/1608/1585 1186/2192/2154
f 1388/1926/1893 2209/3740/3664 1387/1923/1890
f 2209/3740/3664 36/47/47 1387/1923/1890
f 1983/2956/2899 826/1089/1079 296/391/387
f 1185/3741/3665 885/1181/1169 309/3742/3666
f 2087/3217/3152 589/774/765 1618/2294/2252
f 1244/1699/1674 811/1072/1062 1242/1700/1675
f 811/1072/1062 189/257/253 1242/1700/1675
f 357/462/458 355/456/452 1079/3547/3477
f 2145/3385/3322 2128/3324/3259 1639/2331/2287
f 2128/3324/3259 772/1010/1000 1639/2331/2287
f 1741/2512/2459 2145/3743/3667 1639/2327/2283
f 1196/1621/1598 2188/3533/3463 1197/1624/1601
f 440/1342/1323 1599/2272/2230 1598/2270/2228
f 444/1982/1950 440/1342/1323 1598/2270/2228
f 2150/3592/3521 721/947/937 618/819/808
f 91/115/115 2072/3183/3120 2018/3039/2978
f 1220/1660/1637 417/543/537 416/542/536
f 584/3361/3298 2118/3306/3241 1264/1731/1706
f 2181/3509/3441 1544/2177/2139 1840/2709/2653
f 1841/2708/2652 2181/3509/3441 1840/2709/2653
f 1683/3744/3668 1302/1776/1751 1301/1775/1750
f 1921/2838/2782 1953/3415/3351 1952/3645/3572
f 1482/3745/3669 1648/2345/2301 1481/3149/3086
f 724/959/949 2121/3483/3417 727/957/947
f 1971/3223/3158 1802/2629/2575 1703/2455/2404
f 1707/2458/2407 129/169/169 128/168/168
f 1112/3539/3469 143/3733/3657 1805/3528/3458
f 1756/2541/3670 424/2544/2491 421/3746/3671
f 532/3747/3672 175/3748/3672 531/3749/3672
f 632/836/825 2157/3409/3346 1690/2431/2382
f 959/1289/1272 213/287/283 210/284/280
f 1256/1722/1697 1504/2104/2068 210/284/280
f 628/831/820 2157/3409/3346 632/836/825
f 1460/2829/2773 1461/3514/3446 418/544/538
f 417/545/539 1460/2829/2773 418/544/538
f 1925/3332/3268 651/858/847 1055/1409/1390
f 2046/3121/3058 880/1171/1159 879/1169/1157
f 1185/3741/3665 2134/3337/3273 885/1181/1169
f 254/339/335 1831/2688/2632 1348/1857/1828
f 2005/2997/2937 1361/3750/3673 272/3712/3638
f 708/929/919 704/924/914 778/3521/3453
f 385/503/497 384/502/496 713/2001/1969
f 1886/2784/2728 1885/2783/2727 2125/3718/3644
f 819/1082/1072 2105/3261/3196 1391/1930/1897
f 2215/3751/3674 1941/2878/2821 2019/3042/2981
f 407/527/521 2215/3752/3675 2019/3041/2980
f 366/471/467 48/63/63 371/480/476
f 1295/1769/1744 1000/1341/1322 442/577/571
f 2083/3719/3645 1008/1352/1333 1485/2072/2038
f 1531/2149/2111 2024/3056/2993 2108/3267/3202
f 1532/2153/2115 1531/2149/2111 2108/3267/3202
f 1579/2240/2198 1623/3753/3676 1329/3754/3677
f 2199/3573/3505 2170/3456/3391 1802/2630/2576
f 1883/3097/3034 928/1235/1221 927/1234/1220
f 93/3755/3678 2213/3660/3586 552/3268/3203
f 95/3756/3679 93/3755/3678 552/3268/3203
f 2213/3660/3586 1824/2675/2619 552/3268/3203
f 1853/2723/2667 1973/3686/3612 557/723/715
f 2113/3341/3278 558/724/716 557/723/715
f 1973/3686/3612 2113/3341/3278 557/723/715
f 226/303/299 222/295/291 567/3017/2957
f 2193/3553/3483 2023/3046/2985 2022/3045/2984
f 1165/3710/3636 1162/3001/2941 1720/2474/2423
f 163/217/213 161/220/216 1967/2923/2867
f 1221/1659/1636 2164/3438/3373 1689/2430/2381
f 1687/2426/2377 1221/1659/1636 1689/2430/2381
f 810/1070/1060 928/2501/2448 1883/2779/2723
f 2030/3075/3012 1323/1809/1784 1322/1808/1783
f 2110/3279/3214 142/3567/3499 141/3444/3379
f 2215/3752/3675 407/527/521 821/1084/1074
f 2185/3523/3455 1873/3522/3454 570/999/989
f 65/82/82 1995/2983/2923 67/89/89
f 586/771/762 584/767/758 285/1564/1541
f 1171/3699/3625 1753/2531/2478 1170/2530/2477
f 664/3757/3680 33/45/45 29/44/44
f 1302/1776/1751 1683/3744/3668 1682/3758/3681
f 2201/3759/3682 1302/3760/3682 1682/3761/3683
f 999/1339/1320 1599/2272/2230 440/1342/1323
f 1633/2319/2275 839/1105/1093 2147/3389/3326
f 385/503/497 1633/2319/2275 2147/3389/3326
f 2146/3388/3325 385/503/497 2147/3389/3326
f 1581/2699/2643 904/1205/1193 1836/2698/2642
f 475/3762/3684 476/3722/3648 2142/3364/3301
f 270/3607/3536 475/3762/3684 2142/3364/3301
f 12/19/19 1808/3763/3685 1344/1843/1816
f 1343/1842/1815 2035/3089/3026 1344/1843/1816
f 2035/3089/3026 12/19/19 1344/1843/1816
f 1835/2697/2641 1623/3753/3676 1579/2240/2198
f 1741/2512/2459 244/326/322 2145/3743/3667
f 1258/1724/1699 1698/2450/2399 2145/3743/3667
f 244/326/322 1258/1724/1699 2145/3743/3667
f 261/348/344 1514/2119/2081 259/351/347
f 1687/2426/2377 2037/3094/3031 1221/1659/1636
f 973/1311/1292 971/1309/1290 173/2142/2104
f 1529/2144/2106 2075/3186/3123 753/2147/2109
f 1791/2606/2552 2158/3490/3424 2080/3201/3136
f 1477/2352/2305 1648/2351/2305 1482/3764/3686
f 460/601/595 1488/3158/3095 2063/3157/3094
f 1361/1881/1848 1498/2095/2059 1978/2942/2887
f 1841/2706/2650 179/251/247 755/3587/3516
f 1600/2273/2231 791/3663/3589 2068/3172/3109
f 1425/1988/1956 1109/1478/1459 1601/2275/2233
f 1877/2773/2717 2122/3682/3608 1878/2774/2718
f 2134/3337/3273 2133/3334/3270 1339/1837/1810
f 628/831/820 1546/2184/2146 1372/1901/1868
f 1985/2958/2901 1984/2957/2900 23/3137/3074
f 1198/1626/1603 1629/2313/2269 2161/3421/3357
f 1819/2667/2613 888/1183/1171 884/1182/1170
f 1616/2292/2250 1960/2914/2858 1984/2960/2903
f 1445/3558/3488 874/1162/1150 872/1160/1148
f 2172/3464/3397 2209/3628/3556 1388/3465/3398
f 2046/3121/3058 2045/3120/3057 1997/2985/2925
f 819/1082/1072 818/1081/1071 2105/3261/3196
f 1693/2438/2387 2213/3660/3586 93/3755/3678
f 1209/1639/1616 1911/2820/2764 1029/1374/1355
f 1911/2820/2764 1033/1379/1360 1029/1374/1355
f 1053/1405/1386 1051/1402/1383 1084/1447/1428
f 1313/1790/1765 1567/2223/2181 68/88/88
f 1808/3765/3687 12/17/17 466/610/604
f 1766/3520/3452 2122/3682/3608 1877/2773/2717
f 2106/3314/3249 1066/1424/1405 803/1063/1053
f 1841/2706/2650 184/252/248 179/251/247
f 1738/2504/2451 1309/3617/3545 2175/3496/3428
f 1565/2220/2178 1386/3766/1188 1860/2746/2690
f 2169/3637/3565 2014/3635/3563 1801/3767/3688
f 1111/1485/1466 1109/1478/1459 1425/1988/1956
f 150/201/197 149/196/194 1455/2033/2001
f 1631/2316/2272 2188/3768/3689 1630/2315/2271
f 2188/3769/3690 830/1095/1083 1630/3546/3476
f 1738/3770/3691 1244/1698/1673 1243/1697/1672
f 1309/1785/1760 1738/3770/3691 1243/1697/1672
f 2201/3759/3682 1303/3771/3692 1302/3760/3682
f 926/1850/1823 677/894/883 676/893/882
f 2005/3727/3653 1498/2095/2059 1361/1881/1848
f 1107/1482/1463 1623/3753/3676 1835/2697/2641
f 2188/3533/3463 1196/1621/1598 834/3506/3438
f 830/1095/1083 2188/3769/3690 834/1100/1088
f 146/190/190 261/348/344 260/347/343
f 1654/2366/2319 85/109/109 1582/3696/3622
f 2098/3248/3183 2099/3249/3184 2167/3447/3382
f 1670/2394/2345 283/378/374 282/376/372
f 283/378/374 280/377/373 282/376/372
f 1778/3047/2986 2217/3772/3693 2022/3045/2984
f 1780/2588/2534 2217/3773/3694 1778/2589/2535
f 2200/3576/3508 2217/3773/3694 1780/2588/2534
f 2194/3717/3643 2217/3773/3694 2200/3576/3508
f 2192/3554/3484 2217/3772/3693 2194/3555/3485
f 2022/3045/2984 2217/3772/3693 2192/3554/3484
f 358/3774/3695 2218/3775/3696 359/3776/3697
f 363/3777/3698 2218/3775/3696 358/3774/3695
f 2093/3229/3164 2218/3775/3696 363/3777/3698
f 2092/3228/3163 2218/3775/3696 2093/3229/3164
f 513/662/656 2218/3775/3696 2092/3228/3163
f 512/661/655 2218/3775/3696 513/662/656
f 715/937/927 2218/3775/3696 512/661/655
f 714/939/929 2218/3775/3696 715/937/927
f 717/942/932 2218/3775/3696 714/939/929
f 359/3776/3697 2218/3775/3696 717/942/932
f 275/370/366 2219/3778/3699 278/3779/3700
f 277/369/365 2219/3778/3699 275/370/366
f 1524/2136/2098 2219/3778/3699 277/369/365
f 1525/2137/2099 2219/3778/3699 1524/2136/2098
f 2062/3155/3092 2219/3778/3699 1525/2137/2099
f 2060/3154/3091 2219/3778/3699 2062/3155/3092
f 1975/3153/3090 2219/3778/3699 2060/3154/3091
f 1974/3780/3701 2219/3778/3699 1975/3153/3090
f 682/3781/3702 2219/3778/3699 1974/3780/3701
f 278/3779/3700 2219/3778/3699 682/3781/3702
f 859/1142/1130 2220/3782/3703 863/1143/1131
f 862/1141/1129 2220/3782/3703 859/1142/1130
f 2131/3326/3261 2220/3783/3704 862/3625/3553
f 2130/3328/3263 2220/3783/3704 2131/3326/3261
f 625/828/817 2220/3783/3704 2130/3328/3263
f 621/821/810 2220/3783/3704 625/828/817
f 1545/2178/2140 2220/3783/3704 621/821/810
f 2048/3125/3062 2220/3782/3703 1545/3126/3063
f 863/1143/1131 2220/3782/3703 2048/3125/3062
f 757/995/985 2221/3784/3705 758/993/983
f 759/997/987 2221/3784/3705 757/995/985
f 1426/1992/1960 2221/3785/3706 759/3387/3324
f 377/488/482 2221/3785/3706 1426/1992/1960
f 376/496/490 2221/3784/3705 377/3786/3707
f 1699/2451/2400 2221/3784/3705 376/496/490
f 987/1324/1305 2221/3784/3705 1699/2451/2400
f 986/1323/1304 2221/3784/3705 987/1324/1305
f 1093/1462/1443 2221/3784/3705 986/1323/1304
f 758/993/983 2221/3784/3705 1093/1462/1443
