# Blender 5.2.0 LTS
# www.blender.org
mtllib Firefighter_MeshyPro.mtl
o Firefighter
v 0.000206 1.072265 0.017469
v 0.103712 1.088086 0.043725
v 0.101075 1.108302 -0.002500
v 0.059327 1.047656 0.097119
v -0.104590 1.087207 0.043067
v -0.061523 1.047656 0.097119
v -0.102392 1.107421 -0.003489
v 0.058447 1.117969 -0.061085
v -0.000782 1.118848 -0.073829
v -0.000570 0.990967 0.120411
v -0.058886 1.116211 -0.059766
v 0.153809 0.536134 -0.064600
v 0.152051 0.569531 -0.068555
v 0.186328 0.574805 -0.016040
v 0.090528 0.544921 -0.090088
v 0.194239 0.539649 -0.016040
v 0.199511 0.495704 -0.016259
v 0.158203 0.504491 -0.059765
v 0.090087 0.513281 -0.073829
v -0.057568 1.330664 0.194238
v -0.061523 1.342969 0.195116
v -0.086572 1.335938 0.192481
v -0.061962 1.321875 0.193360
v -0.029663 1.335938 0.187207
v -0.156446 0.882972 0.029662
v -0.083935 0.957568 -0.014722
v -0.095361 0.965918 0.028015
v -0.228516 0.793213 0.016699
v -0.145898 0.876600 -0.016918
v -0.253124 0.806835 0.041088
v -0.175782 0.903391 0.062841
v 0.176660 1.536329 -0.131836
v 0.096240 1.525781 -0.195997
v 0.097559 1.592579 -0.130079
v 0.210938 1.462500 -0.125683
v 0.158203 1.451954 -0.193360
v 0.194239 1.553906 -0.068555
v 0.154687 0.098438 0.180176
v 0.140626 0.098438 0.130957
v 0.133593 0.066796 0.181933
v 0.182812 0.094921 0.211817
v 0.199511 0.108985 0.167872
v 0.186328 0.112500 0.116894
v 0.149413 0.066796 0.210938
v -0.172266 1.260351 0.053393
v -0.216211 1.225195 0.020104
v -0.188965 1.219921 0.036255
v -0.167871 1.256836 0.090088
v -0.169629 1.297265 0.084814
v -0.167871 1.241015 0.051636
v -0.172266 1.302539 0.051415
v -0.177538 1.295508 0.037793
v -0.386718 0.597656 0.056030
v -0.397266 0.557226 0.053832
v -0.383203 0.581836 0.042847
v -0.374413 0.624024 0.042847
v -0.400782 0.604689 0.061085
v -0.409569 0.571290 0.070752
v -0.399023 0.564259 0.066796
v 0.117773 1.385156 0.094043
v 0.089648 1.374610 0.064600
v 0.095361 1.399219 0.095362
v 0.132715 1.360546 0.091406
v 0.107227 1.342969 0.061524
v 0.125684 1.388671 0.130079
v 0.099755 1.406250 0.130079
v 0.265431 0.066796 0.100634
v 0.249609 0.028125 0.041308
v 0.244336 0.073829 0.045923
v 0.272461 0.024610 0.100195
v 0.237304 0.108985 0.077344
v 0.242578 0.098438 0.109424
v 0.274218 0.063281 0.158204
v -0.000192 1.172461 -0.080421
v 0.036035 1.170704 -0.072510
v 0.040870 1.170704 -0.083936
v -0.041529 1.168945 -0.083497
v -0.037133 1.170704 -0.072510
v -0.000233 1.170704 -0.093604
v -0.210059 0.421875 -0.020104
v -0.217090 0.425391 -0.014503
v -0.203027 0.493945 -0.016150
v -0.210938 0.358594 -0.028784
v -0.159962 0.421875 -0.065918
v -0.160840 0.358594 -0.075146
v 0.081300 1.306055 0.192481
v 0.089209 1.335938 0.155567
v 0.063282 1.307811 0.196875
v 0.098877 1.290235 0.191601
v 0.100196 1.306055 0.184570
v 0.068115 1.295508 0.203906
v 0.055810 1.029199 -0.113379
v 0.123926 1.073144 -0.078223
v 0.125684 1.023046 -0.105909
v -0.000172 1.027442 -0.116016
v -0.000330 1.082812 -0.097998
v -0.000811 0.950976 -0.124805
v 0.060206 0.952735 -0.123046
v 0.050318 1.081055 -0.094043
v -0.232031 1.515235 0.086573
v -0.228516 1.511719 0.152051
v -0.186328 1.529296 0.188964
v -0.251367 1.483594 0.075585
v -0.199511 1.564454 0.127442
v -0.228516 1.571485 0.058887
v -0.253124 1.476562 -0.003213
v -0.328711 0.895633 -0.026476
v -0.314648 0.884729 -0.084375
v -0.328711 0.863744 -0.088769
v -0.348047 0.872644 -0.028345
v -0.321679 0.877259 0.026037
v -0.270703 0.977344 -0.018128
v -0.335742 0.856714 0.022192
v -0.256641 0.966357 -0.076464
v 0.071630 1.585546 0.256640
v 0.070752 1.582031 0.237305
v 0.068115 1.589061 0.237305
v -0.076904 1.585546 0.253125
v -0.079102 1.560938 0.258399
v 0.072950 1.560938 0.260156
v 0.068554 1.596094 0.247851
v 0.455273 0.557226 -0.060205
v 0.465821 0.558984 -0.018457
v 0.446484 0.574805 -0.019226
v 0.435938 0.573046 -0.061085
v 0.444727 0.557226 -0.084375
v 0.455273 0.530859 -0.082616
v 0.469337 0.527344 -0.058448
v 0.479883 0.525586 -0.022522
v -0.036035 1.332421 0.194238
v -0.030541 1.337695 0.198633
v -0.049877 1.353515 0.197753
v -0.090526 1.335938 0.158204
v -0.037353 1.314844 0.195116
v -0.121289 0.066797 0.133594
v -0.116895 0.028125 0.131836
v -0.105908 0.024610 0.074268
v -0.139746 0.105469 0.105469
v -0.145020 0.098439 0.131836
v -0.111182 0.066796 0.084814
v -0.137989 0.066797 0.181933
v 0.249609 1.283204 -0.011480
v 0.246093 1.313086 -0.012139
v 0.174023 1.291991 0.038012
v 0.233789 1.248046 -0.010546
v 0.242578 1.283204 -0.023071
v 0.239063 1.249805 0.000556
v 0.188965 0.797607 0.017798
v 0.177539 0.871655 -0.051856
v 0.176660 0.867481 0.014503
v 0.170508 0.861329 0.082616
v 0.137109 0.712793 -0.094482
v 0.139746 0.802003 -0.084814
v 0.196876 0.711914 0.026917
v 0.187206 0.712793 -0.040869
v 0.176660 0.784863 0.090527
v -0.106787 1.451954 -0.232031
v -0.009888 1.483594 -0.247851
v -0.007305 1.413281 -0.260156
v -0.098876 1.525781 -0.200391
v -0.109423 1.367579 -0.225000
v -0.182812 1.480079 -0.161719
v -0.152929 1.409765 -0.199512
v -0.483398 0.504492 0.018786
v -0.479883 0.504492 0.030981
v -0.490429 0.500976 0.030981
v -0.490429 0.504492 0.015930
v -0.490429 0.515040 0.011865
v -0.486913 0.500976 0.019226
v -0.479883 0.525586 0.016149
v 0.068115 1.328906 -0.253125
v -0.000775 1.353515 -0.260156
v 0.120410 1.371094 -0.237305
v 0.130078 1.334180 -0.223241
v 0.145898 1.313086 -0.256641
v -0.001043 1.325390 -0.258399
v 0.073828 1.307811 -0.283009
v 0.376172 0.671484 0.026917
v 0.362109 0.696094 0.024280
v 0.337501 0.673241 0.013183
v 0.390234 0.636329 0.049658
v 0.406054 0.688183 0.011426
v 0.369141 0.624024 0.042847
v 0.355078 0.643359 0.006016
v -0.089209 1.627734 -0.047680
v -0.001235 1.645312 -0.048339
v -0.000955 1.610156 -0.145899
v -0.142382 1.606640 0.022412
v -0.075145 1.634765 0.056250
v -0.095361 1.592579 -0.134473
v -0.156446 1.589061 -0.063281
v -0.145898 0.631055 -0.098438
v -0.189843 0.711914 -0.039991
v -0.139746 0.712793 -0.094043
v -0.071630 0.631055 -0.124805
v -0.072949 0.553711 -0.133594
v -0.197754 0.629296 -0.040649
v -0.155566 0.553711 -0.104150
v 0.128321 1.357031 0.163476
v 0.131837 1.334180 0.161719
v 0.145898 1.334180 0.126562
v 0.142383 1.364062 0.128320
v 0.123047 1.381640 0.155567
v 0.106788 1.374610 0.176661
v 0.109864 1.344726 0.182812
v 0.104590 1.353515 0.184570
v 0.073389 0.031640 -0.005108
v 0.079980 0.031640 -0.043067
v 0.076026 0.028125 -0.043286
v 0.069434 -0.000000 -0.005274
v 0.078223 -0.000000 0.023290
v 0.085254 0.028125 0.025927
v 0.080419 0.028125 -0.004147
v -0.101074 1.184765 0.194238
v -0.072069 1.174219 0.197753
v -0.072510 1.200585 0.213574
v -0.099755 1.209375 0.205664
v -0.134472 1.191796 0.170509
v -0.081739 1.151366 0.178418
v -0.116895 1.161914 0.160839
v -0.486913 0.574805 0.013183
v -0.497461 0.532617 0.018786
v -0.479883 0.574805 0.037573
v -0.486913 0.530860 0.011097
v -0.483398 0.592384 0.009943
v -0.472852 0.566016 0.008460
v 0.000289 1.423829 -0.215332
v -0.098876 1.420312 -0.190723
v -0.093602 1.497656 -0.178418
v 0.000179 1.508204 -0.196875
v -0.000179 1.328906 -0.188086
v 0.098877 1.420312 -0.188964
v 0.093164 1.497656 -0.177540
v 0.225001 0.014062 0.246094
v 0.222364 0.045704 0.242579
v 0.186328 0.042188 0.244336
v 0.260157 0.014062 0.228516
v 0.258398 0.042188 0.225000
v 0.185449 0.014062 0.247851
v -0.100635 1.126759 0.085692
v -0.112060 1.142579 0.049658
v -0.111621 1.124122 0.093164
v -0.039550 1.096875 0.126562
v -0.070312 1.100390 0.132714
v -0.102392 0.253125 -0.090967
v -0.170508 0.168750 -0.097997
v -0.167871 0.260156 -0.094921
v -0.114258 0.168750 -0.095362
v -0.102392 0.351562 -0.076025
v -0.059325 0.253125 -0.058009
v -0.071630 0.165235 -0.059326
v 0.161718 1.279688 0.119531
v 0.156446 1.314844 0.118652
v 0.154688 1.293750 0.137988
v 0.165234 1.256836 0.090527
v 0.166992 1.295508 0.085253
v 0.165234 1.242774 0.135351
v 0.156446 1.265625 0.150293
v 0.132715 0.873302 -0.085693
v 0.173145 0.949878 -0.091845
v 0.176660 0.967676 -0.005933
v -0.121288 1.458985 0.196875
v -0.092285 1.522265 0.184570
v -0.131836 1.532812 0.137109
v -0.120410 1.423829 0.203027
v -0.085254 1.458985 0.218847
v -0.145020 1.455469 0.166991
v -0.145898 1.423829 0.175781
v -0.196874 0.119531 -0.061963
v -0.224121 0.119531 -0.017579
v -0.216212 0.172266 -0.027027
v -0.203907 0.070312 -0.065918
v -0.224999 0.073829 -0.027576
v -0.167871 0.119531 -0.079981
v -0.164355 0.165235 -0.079101
v -0.192480 0.165235 -0.060205
v 0.044605 1.195311 0.214454
v 0.049218 1.197070 0.221485
v 0.035376 1.200585 0.232031
v 0.030761 1.198829 0.225000
v 0.035157 1.232226 0.188085
v 0.068115 1.214649 0.159082
v 0.050099 1.195311 0.209180
v 0.458789 0.583594 -0.090527
v 0.446484 0.643359 -0.049878
v 0.476367 0.587109 -0.056689
v 0.451758 0.567774 -0.092725
v 0.439453 0.588866 -0.093164
v 0.465821 0.571289 -0.089649
v 0.432422 0.639844 -0.081738
v -0.006756 1.378125 0.134473
v -0.003748 1.339454 0.163476
v 0.005603 1.348241 0.131836
v -0.032739 1.402734 0.135351
v -0.014777 1.374610 0.165235
v -0.013074 1.378125 0.100195
v -0.036474 1.399219 0.101513
v -0.049657 1.093359 0.137110
v -0.030322 1.042384 0.116894
v -0.023730 1.074024 0.130079
v -0.058886 1.057323 0.106347
v 0.161718 1.698046 0.039551
v 0.195117 1.631250 0.075585
v 0.217968 1.624219 0.016808
v 0.181054 1.687500 -0.014942
v 0.124804 1.733204 0.017028
v 0.137109 1.705079 0.076464
v 0.051636 0.471094 0.122168
v 0.126562 0.404296 0.126562
v 0.115136 0.476366 0.135351
v 0.009339 0.500976 0.062842
v 0.014392 0.469336 0.064600
v 0.063721 0.393750 0.112061
v 0.046581 0.520312 0.127442
v -0.202148 1.337695 -0.036036
v -0.178419 1.302539 -0.023400
v -0.202148 1.353515 -0.013129
v -0.221483 1.395704 -0.073829
v -0.207422 1.367579 -0.122168
v -0.217968 1.367579 -0.014008
v -0.199511 1.293750 -0.067677
v -0.427148 0.550195 0.059326
v -0.423633 0.569531 0.066357
v -0.427148 0.564259 0.049658
v -0.427148 0.551954 0.072070
v -0.423633 0.543165 0.060644
v -0.425391 0.546680 0.071631
v -0.416602 0.546680 0.052295
v 0.060645 1.335938 0.049658
v 0.061962 1.381640 0.068555
v 0.081739 1.293750 0.066357
v 0.057569 1.288476 0.066796
v 0.018127 1.325390 0.072949
v 0.019337 1.353515 0.075146
v 0.031202 1.300781 0.071631
v 0.101953 1.311329 0.062402
v 0.037133 1.374610 0.070752
v 0.184571 1.066992 0.006728
v 0.181934 1.067872 -0.039332
v 0.136230 1.091601 -0.032519
v 0.137109 1.086329 0.017028
v 0.181934 1.049414 0.043286
v -0.044165 1.687500 -0.244336
v -0.042626 1.736719 -0.196875
v 0.039990 1.736719 -0.197754
v -0.045263 1.634765 -0.281250
v -0.041528 1.648829 -0.179296
v 0.041529 1.687500 -0.242579
v -0.064599 1.008545 -0.014722
v -0.091407 0.968555 -0.056250
v -0.068115 1.020411 -0.047241
v 0.193359 1.518750 0.224121
v 0.210059 1.522265 0.240820
v 0.132715 1.532812 0.256640
v 0.239063 1.497656 0.168750
v 0.260157 1.504688 0.184570
v 0.000604 1.603125 -0.047900
v 0.159961 0.165235 -0.078662
v 0.189843 0.165235 -0.059765
v 0.195117 0.119531 -0.061963
v 0.165234 0.119531 -0.079981
v 0.125684 0.161719 -0.077783
v -0.070752 1.214649 0.157324
v -0.081298 1.200585 0.151171
v -0.085693 1.232226 0.086573
v -0.037572 1.232226 0.187207
v -0.047461 1.195311 0.213574
v -0.053394 1.195311 0.210058
v -0.370898 0.689062 -0.080421
v -0.386718 0.667969 -0.079540
v -0.400782 0.715430 -0.069873
v -0.344532 0.669726 -0.063281
v 0.092285 1.522265 0.182811
v 0.084815 1.458985 0.219726
v 0.121289 1.458985 0.196875
v 0.131837 1.532812 0.137109
v 0.108105 1.571485 0.121289
v 0.041748 1.518750 0.213573
v 0.048560 1.575000 0.165234
v 0.483398 0.502734 0.018457
v 0.479883 0.525585 0.015271
v 0.490431 0.509765 0.012195
v 0.486914 0.499219 0.030103
v 0.479883 0.504491 0.031640
v 0.490431 0.499219 0.018457
v -0.016590 1.277930 0.286524
v -0.028014 1.260351 0.268945
v -0.014997 1.263866 0.283009
v -0.001297 1.293750 0.283009
v -0.016370 1.291991 0.275976
v -0.001909 1.281445 0.290039
v -0.030322 1.274414 0.274219
v -0.170508 0.144141 0.072070
v -0.137989 0.144141 0.066796
v -0.163477 0.175781 0.065918
v -0.206544 0.144141 0.057568
v -0.182813 0.119531 0.101074
v -0.202148 0.175781 0.050317
v 0.082617 1.167188 -0.054492
v 0.074706 1.167188 -0.048561
v 0.114258 1.156640 -0.008953
v 0.041968 1.120606 -0.081738
v 0.108984 1.112695 -0.021973
v 0.082617 1.114454 -0.058448
v 0.046581 0.678516 0.158204
v 0.097559 0.602930 0.146777
v 0.093605 0.682031 0.145019
v -0.004161 0.678516 0.171387
v 0.044825 0.595899 0.156445
v -0.295312 1.402734 -0.011261
v -0.298828 1.364062 -0.083936
v -0.281249 1.360546 -0.079540
v -0.293554 1.441406 0.047900
v -0.318163 1.406250 -0.011866
v -0.432422 0.641601 0.031640
v -0.409569 0.689942 0.011810
v -0.451758 0.643360 0.005686
v -0.465819 0.597656 0.034936
v -0.432422 0.604689 0.041967
v -0.393749 0.634570 0.049219
v 0.085255 1.627734 -0.045043
v -0.001002 1.648829 0.064161
v 0.073389 1.631250 0.061524
v 0.225001 0.369140 0.032738
v 0.211816 0.365625 0.092286
v 0.214453 0.358594 0.030103
v 0.220605 0.372656 -0.017689
v 0.217968 0.425390 0.039112
v -0.071630 1.328906 -0.253125
v -0.069434 1.360546 -0.256641
v -0.149413 1.311329 -0.256641
v -0.131836 1.334180 -0.225000
v -0.076904 1.306055 -0.283009
v -0.072950 0.000000 -0.005108
v -0.079102 0.031641 -0.045263
v -0.077343 0.028125 -0.006565
v -0.084815 0.000000 0.025268
v -0.239063 0.000000 -0.027576
v -0.078222 0.000000 -0.046363
v -0.212696 0.000000 -0.068555
v 0.057129 1.197070 0.212695
v 0.055810 1.209375 0.225000
v 0.078663 0.616992 -0.095362
v 0.148535 0.622265 -0.069872
v 0.183691 0.624024 -0.016479
v -0.134472 1.350000 0.161719
v -0.136230 1.332421 0.156445
v -0.141504 1.360546 0.152930
v -0.145020 1.341211 0.145019
v -0.130956 1.371094 0.166991
v -0.124804 1.357031 0.171387
v -0.458788 0.518555 -0.081738
v -0.469336 0.508009 -0.058009
v -0.465819 0.508009 -0.078662
v -0.462304 0.511524 -0.083497
v -0.472852 0.525586 -0.050537
v -0.455273 0.532617 -0.081299
v -0.465819 0.518555 -0.087891
v 0.065480 1.316601 0.192481
v 0.076904 1.313086 0.190723
v 0.086133 1.335938 0.193360
v 0.054273 1.295508 0.182812
v 0.060206 1.325390 0.194238
v 0.034937 1.314844 0.187207
v 0.404297 0.774317 -0.032519
v 0.393751 0.764649 0.017359
v 0.437696 0.699609 0.015820
v 0.348047 0.834082 0.021973
v 0.448242 0.704003 -0.032080
v 0.388477 0.764649 -0.083497
v 0.362109 0.847705 -0.030762
v -0.000550 1.557421 0.230274
v 0.047462 1.557421 0.217969
v -0.000665 1.613671 0.160839
v -0.048779 1.557421 0.217089
v -0.000562 1.522265 0.233789
v -0.199511 0.710156 0.027356
v -0.210059 0.629296 0.028564
v -0.183691 0.704003 0.092725
v -0.177538 0.785741 0.090527
v -0.189843 0.796729 0.020765
v 0.118654 1.525781 -0.260156
v 0.106349 1.589061 -0.246094
v 0.165234 1.546875 -0.217969
v 0.126563 1.448438 -0.251367
v 0.066797 1.525781 -0.279492
v 0.177539 1.469531 -0.210058
v 0.066358 1.592579 -0.260156
v 0.136230 0.105469 0.105469
v 0.181054 0.119531 0.101954
v 0.108544 0.066796 0.086134
v 0.118653 0.066796 0.133594
v 0.135352 0.144140 0.067237
v 0.112501 0.126562 0.053174
v -0.183691 1.214649 0.028015
v -0.210059 1.221680 0.009668
v -0.153809 1.237500 0.027356
v -0.161718 1.226954 0.043286
v -0.490429 0.506250 0.037573
v -0.486913 0.513281 0.039771
v -0.472852 0.527344 0.033618
v 0.395508 0.604688 0.061963
v 0.421876 0.569531 0.065479
v 0.414843 0.604688 0.052954
v 0.383203 0.595899 0.055591
v 0.407813 0.569531 0.070312
v -0.096679 1.402734 0.096240
v -0.093163 1.371094 0.064161
v -0.120410 1.385156 0.094482
v -0.065919 1.413281 0.133594
v -0.067236 1.406250 0.097997
v -0.099755 1.406250 0.131835
v -0.051855 1.081055 -0.094482
v -0.042627 1.120606 -0.080860
v -0.123047 1.073144 -0.076464
v -0.083496 1.115332 -0.058887
v -0.056249 1.028320 -0.114259
v 0.210059 1.564454 0.104589
v 0.235547 1.564454 0.036914
v 0.159962 1.641796 0.124805
v 0.194239 0.551954 -0.037134
v 0.135352 0.695214 -0.050756
v 0.145898 0.550195 -0.093164
v 0.204785 0.555469 -0.041747
v 0.217090 0.555469 0.031201
v 0.206544 0.550195 0.032519
v 0.168751 0.696094 0.020435
v -0.065478 1.309570 0.195996
v -0.071191 1.297265 0.204786
v -0.083496 1.306055 0.192481
v -0.362109 0.636329 -0.017250
v -0.333984 0.667969 -0.021094
v -0.356836 0.643360 0.007196
v -0.402538 0.602930 -0.017028
v -0.388477 0.608204 -0.058009
v -0.365624 0.606445 0.024390
v -0.367383 0.641601 -0.057129
v 0.065039 1.360546 0.197753
v 0.080859 1.367579 0.194238
v 0.079541 1.381640 0.196875
v 0.057569 1.374610 0.200390
v 0.041748 1.364062 0.201269
v 0.047901 1.353515 0.198633
v 0.207422 0.031640 -0.066357
v 0.210937 -0.000000 -0.067676
v 0.171386 0.031640 -0.088769
v 0.203907 0.031640 -0.063720
v 0.230273 0.031640 -0.028564
v 0.170508 0.031640 -0.082177
v -0.046581 1.160156 0.181933
v -0.042627 1.197070 0.197753
v -0.054931 1.200585 0.186329
v -0.086572 1.207616 0.138866
v -0.089209 1.163671 0.101954
v -0.001772 1.160156 0.201269
v -0.186328 0.073829 0.228515
v -0.217090 0.098439 0.210058
v -0.221484 0.070312 0.228515
v -0.188965 0.045704 0.239061
v -0.157325 0.038672 0.222363
v -0.185450 0.094922 0.212695
v -0.153809 0.070312 0.213574
v 0.130956 1.307811 0.093164
v 0.138867 1.306055 0.128320
v 0.137109 1.334180 0.090527
v 0.114258 1.284960 0.095801
v -0.000948 1.044140 0.122168
v -0.000350 1.057323 0.116894
v -0.000762 1.030957 0.142384
v 0.028126 1.042384 0.116015
v 0.021974 1.074024 0.132714
v -0.249608 1.543359 -0.061085
v -0.226757 1.620704 -0.016479
v -0.233788 1.606640 -0.069873
v -0.244336 1.518750 -0.104589
v -0.223242 1.585546 -0.125683
v -0.244336 1.557421 0.006728
v -0.500977 0.500976 -0.002830
v -0.493946 0.500976 0.002279
v -0.490429 0.523829 0.003323
v -0.500977 0.530860 -0.021973
v -0.500977 0.499219 -0.023841
v -0.497461 0.530860 -0.001573
v -0.493946 0.493945 0.000432
v -0.493946 0.490430 -0.003681
v -0.001236 1.228710 0.247851
v -0.023071 1.230469 0.242579
v -0.018346 1.204101 0.240820
v 0.016151 1.205859 0.240820
v 0.020105 1.228710 0.244336
v -0.001345 1.205859 0.242579
v -0.019556 1.251561 0.239061
v 0.015931 1.251561 0.239061
v -0.002238 1.246289 0.242579
v 0.267188 0.780469 -0.102393
v 0.297071 0.698731 -0.067237
v 0.246093 0.766406 -0.070753
v 0.288282 0.836280 -0.112061
v 0.307617 0.808155 -0.111622
v 0.242578 0.819580 -0.102832
v 0.316407 0.712793 -0.097558
v 0.355078 0.740918 -0.104150
v -0.043066 1.518750 0.213573
v -0.049877 1.578515 0.164356
v -0.108544 1.571485 0.122168
v -0.099316 0.601171 0.146777
v -0.160840 0.616992 0.116015
v -0.163477 0.558985 0.114259
v -0.107227 0.539649 0.140625
v -0.047901 0.594141 0.155567
v -0.094483 0.682911 0.147656
v 0.217090 1.367579 -0.013678
v 0.215331 1.350000 0.043726
v 0.199511 1.341211 0.032738
v 0.230273 1.416796 -0.000068
v 0.199511 1.337695 -0.034497
v 0.217968 1.388671 -0.072509
v 0.200391 1.353515 -0.011810
v 0.093163 0.024610 0.025598
v 0.100196 0.073829 0.050317
v 0.080859 0.077344 0.009504
v 0.098437 0.028125 0.074268
v 0.103272 0.028125 0.073829
v -0.147656 1.297265 -0.249610
v -0.195995 1.311329 -0.190723
v -0.211816 1.311329 -0.203028
v -0.075586 1.288476 -0.274219
v -0.137989 1.302539 -0.230274
v -0.160840 1.066113 0.022192
v -0.202148 1.037988 0.041967
v -0.167871 1.013378 0.071192
v -0.120410 1.076661 -0.007197
v -0.166992 1.075781 -0.012195
v -0.137989 1.050293 0.048999
v 0.031861 1.655859 -0.226759
v 0.000714 1.596094 -0.272461
v -0.023950 1.662890 -0.228516
v 0.054932 1.701562 -0.175781
v 0.065919 1.648829 -0.226759
v 0.003461 1.712109 -0.177540
v 0.486914 0.511524 0.038891
v 0.493946 0.532616 0.037793
v 0.479883 0.529101 0.041528
v 0.472852 0.527344 0.033838
v 0.490431 0.504491 0.036695
v -0.014116 1.293750 0.099317
v -0.010821 1.288476 0.132714
v -0.035596 1.269140 0.129199
v -0.022522 1.334180 0.068994
v -0.001160 1.320116 0.098438
v -0.036694 1.272656 0.097997
v -0.036913 1.300781 0.068115
v -0.131837 0.116016 -0.079540
v -0.129200 0.165235 -0.079101
v -0.135352 0.070312 -0.086573
v -0.173145 0.073829 -0.086134
v -0.100196 0.073829 -0.068116
v -0.102392 0.119531 -0.060205
v -0.100196 0.165235 -0.061085
v 0.052295 1.195311 0.192481
v 0.089648 1.202344 0.137988
v 0.053394 1.232226 0.196875
v -0.001511 1.228710 0.217969
v -0.001579 1.195311 0.211817
v 0.167871 0.687305 -0.016150
v 0.169629 0.689062 0.053174
v 0.131837 0.689062 -0.063720
v -0.144141 1.402734 0.173144
v -0.115136 1.399219 0.196875
v -0.087891 1.406250 0.217969
v -0.077343 1.416796 0.228515
v -0.439453 0.641601 -0.082177
v -0.413086 0.629296 -0.090088
v -0.441211 0.590625 -0.092286
v -0.458788 0.581836 -0.089649
v -0.413086 0.689942 -0.068994
v -0.448242 0.643360 -0.049878
v 0.006537 1.381640 0.138866
v 0.004670 1.344726 0.167871
v 0.014721 1.374610 0.166991
v 0.012416 1.381640 0.105030
v -0.005988 1.350000 0.140625
v 0.035376 1.399219 0.103271
v 0.031641 1.402734 0.137988
v 0.242578 0.172265 0.007911
v 0.218848 0.263671 -0.048560
v 0.232032 0.260156 0.016259
v 0.214453 0.144140 0.056250
v 0.237304 0.144140 0.006728
v 0.218848 0.168750 0.063720
v 0.223242 0.172265 -0.056689
v -0.035596 1.260351 0.233789
v -0.040209 1.221680 0.233789
v -0.048999 0.522070 0.126562
v -0.117773 0.476367 0.134473
v -0.053834 0.471094 0.120411
v -0.000604 0.525586 0.114259
v -0.052075 0.537891 0.143262
v -0.011921 0.502735 0.062842
v 0.209181 1.346484 -0.013073
v 0.166114 1.291991 -0.001278
v 0.174903 1.344726 0.000571
v 0.237304 1.313086 -0.023400
v 0.232032 1.335938 -0.009394
v 0.212696 1.350000 -0.003901
v 0.019227 1.114454 0.178418
v 0.052295 1.124122 0.162598
v 0.049218 1.135546 0.189844
v 0.022852 1.120606 0.194238
v -0.001243 1.110938 0.182812
v 0.021642 1.113574 0.137988
v -0.000811 1.112695 0.137110
v -0.139745 1.705079 0.075585
v -0.166114 1.698046 0.038671
v -0.190721 1.638281 0.083496
v -0.162596 1.645312 0.122168
v -0.088330 1.743750 0.062841
v -0.127441 1.736719 0.016589
v -0.105029 1.712109 0.104589
v -0.261914 0.042189 0.226758
v -0.224999 0.045704 0.242579
v -0.224121 0.049220 0.235546
v -0.281249 0.038672 0.200390
v -0.265429 0.014062 0.228515
v -0.226758 0.017579 0.246094
v -0.256641 0.045704 0.220606
v 0.098877 1.126759 0.087890
v 0.110742 1.123241 0.094921
v 0.110742 1.142579 0.049878
v 0.038672 1.096875 0.127442
v 0.068554 1.101269 0.133594
v 0.420117 0.583594 0.036695
v 0.400782 0.580079 0.027576
v 0.418359 0.587109 0.017028
v 0.420117 0.588866 0.048560
v 0.423633 0.566015 0.047680
v 0.406054 0.560741 0.042847
v 0.423633 0.588866 0.034717
v -0.172266 1.458985 -0.115137
v -0.089648 1.334180 -0.158204
v -0.156446 0.883960 -0.064161
v -0.182812 0.906096 -0.098439
v -0.218847 0.787500 -0.021973
v -0.223242 0.798046 -0.068994
v 0.088331 1.501171 0.190722
v 0.123926 1.490625 0.164356
v 0.095361 1.518750 0.201269
v 0.047462 1.525781 0.221484
v 0.041090 1.504688 0.212695
v 0.055810 0.249610 -0.057568
v 0.043946 0.246094 -0.010327
v 0.053175 0.341015 -0.049878
v 0.098437 0.351562 -0.075586
v 0.100196 0.253125 -0.090967
v 0.068554 0.165235 -0.059326
v 0.057568 0.165235 -0.013239
v -0.155566 1.291991 0.137988
v -0.137109 1.279688 0.172265
v -0.134472 1.300781 0.159960
v -0.144141 1.314844 0.146777
v -0.151172 1.314844 0.135351
v -0.165234 1.281445 0.118652
v -0.159081 1.267383 0.151171
v -0.160840 1.309570 0.116894
v -0.476367 0.587110 -0.055591
v -0.479883 0.574805 -0.056031
v -0.490429 0.574805 -0.019226
v -0.486913 0.590625 -0.019775
v -0.465819 0.571290 -0.088330
v 0.040431 1.367579 0.210058
v 0.021423 1.344726 0.215332
v 0.036035 1.374610 0.220606
v 0.054273 1.381640 0.212695
v 0.168751 0.144140 -0.089649
v 0.220605 0.144140 -0.052735
v 0.145898 0.165235 -0.003818
v 0.111621 0.165235 -0.096680
v 0.167871 0.168750 -0.097558
v 0.116895 0.144140 -0.088769
v -0.063282 1.179491 0.156445
v -0.087891 1.188281 0.083057
v -0.074706 0.544921 0.186329
v -0.071630 0.692579 0.148536
v -0.002843 0.690820 0.169628
v -0.078222 0.546680 0.195997
v -0.146777 0.551954 0.157324
v -0.001318 0.544921 0.201269
v -0.152051 0.546680 0.137988
v 0.189843 1.339454 0.083057
v 0.228516 1.409765 0.063720
v 0.212696 1.374610 0.102393
v -0.137989 1.715625 -0.098439
v -0.135352 1.729688 -0.041967
v -0.052514 1.754296 -0.071631
v -0.053614 1.733204 -0.122168
v -0.132715 1.680469 -0.157324
v -0.185449 1.648829 -0.138867
v -0.188965 1.676954 -0.070753
v -0.277734 0.024610 0.101074
v -0.256641 0.024610 0.038452
v -0.284766 0.028125 0.100195
v -0.253124 0.028125 0.040649
v -0.286523 0.031641 0.158204
v -0.277734 0.063281 0.159082
v -0.268946 0.066796 0.101513
v 0.103272 1.160156 -0.005465
v 0.122169 1.139062 0.051195
v 0.421876 0.551954 0.072949
v 0.423633 0.550195 0.058887
v 0.000014 1.348241 0.097997
v -0.038013 1.371094 0.069433
v 0.004175 1.318359 0.132714
v -0.133593 0.874622 -0.085693
v -0.173145 0.950317 -0.090528
v -0.130956 0.953613 -0.108106
v -0.065478 0.802881 -0.113378
v -0.137989 0.802881 -0.085253
v -0.065038 0.871985 -0.113378
v -0.177538 0.872204 -0.051415
v 0.152051 1.466015 0.135351
v 0.175782 1.469531 0.126561
v 0.158203 1.494140 0.143262
v 0.141504 1.480079 0.143262
v 0.158203 1.427344 0.135351
v 0.051855 0.253125 0.045043
v 0.034278 0.341015 -0.005218
v -0.101953 1.290235 0.192481
v -0.101074 1.306055 0.183692
v -0.120410 1.293750 0.178418
v -0.107666 1.276171 0.201269
v -0.483398 0.497461 -0.022192
v -0.486913 0.490430 -0.022412
v -0.476367 0.495704 -0.057568
v 0.033179 1.314844 0.195116
v 0.032739 1.332421 0.193360
v 0.027465 1.309570 0.201269
v 0.026807 1.337695 0.199512
v 0.404297 0.725976 -0.029443
v 0.391992 0.718945 0.006455
v 0.418359 0.695214 -0.027137
v 0.407813 0.689062 -0.068994
v 0.397266 0.713671 -0.070312
v -0.069434 1.557421 0.253125
v -0.076465 1.564454 0.293555
v -0.001731 1.553906 0.261914
v -0.065478 1.589061 0.230274
v -0.130956 1.582031 0.203906
v -0.130956 1.546875 0.230274
v -0.148535 1.557421 0.268945
v -0.173145 0.696973 0.019226
v -0.198633 0.551954 -0.037354
v -0.142383 0.696094 -0.052295
v -0.150294 0.696094 0.096241
v -0.210938 0.551954 0.032299
v 0.217968 1.420312 -0.140625
v 0.240821 1.444921 -0.067237
v 0.244337 1.395704 -0.078223
v 0.181054 1.402734 -0.191601
v 0.219727 1.367579 -0.133594
v 0.210938 1.487109 -0.158204
v 0.182813 1.348241 -0.183692
v -0.104590 1.158399 -0.005521
v -0.122169 1.139062 0.050976
v -0.211816 1.052930 -0.012910
v -0.260157 0.965478 0.042408
v 0.041749 1.792969 -0.090528
v 0.039551 1.771875 -0.144141
v -0.041968 1.771875 -0.145019
v -0.041968 1.792969 -0.091406
v 0.042188 1.800000 -0.033619
v 0.036914 1.729688 -0.055372
v 0.490431 0.530859 0.010163
v 0.465821 0.557226 0.011207
v 0.472852 0.564258 0.007141
v 0.497462 0.530859 0.017908
v 0.486914 0.573046 0.013513
v -0.000960 1.444921 -0.288281
v -0.126562 1.374610 -0.237305
v -0.067675 1.444921 -0.277735
v -0.151172 0.165235 -0.003625
v -0.161718 0.140625 0.077783
v -0.216212 0.144141 0.056689
v -0.072950 0.137110 -0.014612
v -0.080420 0.137110 0.026588
v -0.240819 0.144141 0.006784
v -0.223242 0.147656 -0.051856
v -0.102392 0.137110 0.066796
v -0.172266 0.140625 -0.090088
v -0.119532 0.140625 -0.087451
v -0.083935 0.140625 -0.057128
v 0.057569 1.233984 0.225000
v 0.037133 1.221680 0.235546
v 0.096681 1.209375 0.207421
v 0.092724 1.242774 0.213574
v 0.032520 1.260351 0.233789
v 0.037133 1.270899 0.226758
v 0.063721 1.272656 0.219726
v 0.068554 1.200585 0.214454
v 0.063721 0.873193 -0.114259
v 0.063721 0.801562 -0.114259
v -0.000323 0.800244 -0.118652
v -0.000013 0.872534 -0.118652
v 0.130078 0.952735 -0.108106
v -0.189843 1.409765 0.131835
v -0.161718 1.381640 0.123926
v -0.159081 1.434375 0.135351
v -0.165234 1.469531 0.126561
v -0.193359 1.371094 0.119531
v -0.216211 1.374610 0.099756
v -0.184569 1.473046 0.117774
v -0.211816 1.409765 0.114258
v 0.083935 1.168945 0.076025
v 0.088770 1.216406 0.085693
v 0.079980 1.163671 0.121289
v 0.358593 0.648633 0.041308
v 0.356837 0.742676 0.045704
v 0.311133 0.712793 0.040649
v 0.365626 0.645116 0.039991
v 0.404297 0.671484 0.046143
v 0.293554 0.696094 0.012690
v 0.339258 0.632811 0.013952
v 0.402539 0.676758 0.049439
v -0.168749 1.515235 -0.092286
v -0.183691 1.518750 0.010272
v -0.157324 1.550390 -0.047900
v -0.186328 1.480079 -0.065918
v -0.090526 1.560938 -0.126562
v -0.090967 1.080176 -0.032739
v -0.048779 1.156640 -0.047461
v -0.046581 1.075781 -0.065479
v -0.095800 1.133789 0.016259
v -0.087450 1.170704 -0.017250
v -0.101074 1.069628 0.008350
v 0.180176 1.532812 0.195996
v 0.125684 1.578515 0.204786
v 0.128321 1.543359 0.232031
v 0.205664 1.539844 0.228515
v 0.221484 1.515235 0.151171
v 0.177539 1.571485 0.155567
v 0.159081 0.358594 -0.076464
v 0.165234 0.260156 -0.095362
v 0.158203 0.421875 -0.065918
v 0.208300 0.358594 -0.029223
v 0.099316 0.411329 -0.072509
v -0.105029 1.293750 0.171387
v -0.081739 1.288476 0.177539
v -0.093603 1.313086 0.187207
v -0.101514 1.318359 0.184570
v -0.119532 1.299024 0.161719
v -0.099755 1.267383 0.134473
v -0.075145 1.269140 0.153808
v -0.446484 0.557226 -0.083497
v -0.432422 0.578320 -0.082617
v -0.441211 0.573047 -0.058887
v -0.462304 0.534375 -0.089649
v -0.451758 0.567774 -0.091845
v -0.455273 0.557226 -0.060205
v 0.139746 1.357031 0.153808
v 0.148535 1.367579 0.145899
v 0.137109 1.385156 0.167872
v 0.127441 1.374610 0.166991
v 0.131837 1.350000 0.160839
v 0.145020 1.337695 0.143262
v 0.240821 -0.000000 0.004313
v 0.240821 0.031640 0.003845
v 0.240821 0.014062 0.004916
v 0.235547 -0.000000 -0.027027
v -0.022852 1.112695 0.137988
v -0.021203 1.111817 0.177539
v -0.049657 1.121484 0.172265
v -0.036474 1.125000 0.081738
v -0.001023 1.117089 0.089649
v -0.052075 1.121484 0.131836
v -0.125684 0.168750 0.057128
v -0.117773 0.126562 0.054272
v -0.096679 0.168750 0.037573
v 0.178419 1.302539 -0.021973
v 0.137989 1.251561 -0.030982
v 0.196876 1.293750 -0.073388
v 0.173145 1.339454 -0.007141
v 0.150294 1.288476 -0.010876
v 0.066797 0.855616 0.159961
v 0.078224 0.780469 0.171387
v 0.125684 0.857153 0.126562
v 0.057569 0.931201 0.148536
v -0.001167 0.855176 0.180176
v -0.000796 0.777832 0.191601
v 0.125684 0.933399 0.116894
v -0.219727 1.476562 0.065039
v -0.228516 1.483594 -0.017908
v -0.228516 1.420312 -0.001003
v -0.177538 1.532812 0.110741
v -0.198632 1.546875 0.049878
v -0.230273 1.413281 0.059765
v -0.423633 0.696094 -0.026037
v -0.365624 0.696973 0.024280
v -0.395508 0.720704 0.007196
v -0.379687 0.671485 0.028344
v 0.045044 1.582031 -0.300586
v 0.044166 1.553906 -0.242579
v 0.049438 1.525781 -0.309375
v -0.047900 1.582031 -0.304101
v 0.041968 1.634765 -0.283009
v 0.039331 1.599609 -0.218848
v -0.053833 1.525781 -0.312891
v 0.189843 0.418360 0.100195
v 0.191602 0.351562 0.090527
v 0.206544 0.418360 0.099317
v -0.076904 1.214649 -0.040430
v -0.104590 1.219921 -0.054492
v -0.058447 1.197070 -0.078223
v -0.117773 1.248046 -0.020875
v -0.032520 1.190039 -0.059326
v -0.101953 0.028125 -0.067237
v -0.083057 0.028125 -0.043286
v -0.099755 0.028125 -0.072509
v -0.101514 0.000000 -0.072949
v 0.134474 1.167188 0.136231
v 0.150294 1.183008 0.097558
v 0.157325 1.204101 0.135351
v 0.109425 1.163671 0.169628
v 0.095801 1.140820 0.138866
v 0.129200 1.191796 0.173144
v 0.119532 1.154884 0.106348
v 0.335742 0.624024 -0.024061
v 0.342773 0.629296 -0.068116
v 0.341016 0.625781 -0.023512
v 0.286523 0.691698 -0.025488
v 0.346289 0.631055 0.012800
v -0.084815 1.367579 0.194238
v -0.068554 1.364062 0.197753
v -0.082617 1.381640 0.196875
v -0.107227 1.381640 0.186329
v -0.104151 1.367579 0.186329
v -0.479883 0.523829 0.001092
v -0.465819 0.560742 -0.018128
v -0.486913 0.497461 -0.001723
v -0.469337 0.557226 0.003845
v 0.014063 1.293750 0.277734
v 0.027685 1.274414 0.270704
v 0.027685 1.284960 0.261914
v 0.012304 1.304296 0.249610
v 0.013843 1.277930 0.286524
v -0.001126 1.309570 0.251366
v 0.312891 0.885278 -0.083497
v 0.217968 0.938452 -0.104589
v 0.253126 0.966357 -0.077344
v 0.277734 0.859351 -0.108545
v 0.326953 0.896099 -0.026807
v 0.323437 0.863525 -0.088769
v -0.062401 1.701562 0.190722
v -0.067236 1.659375 0.215332
v 0.060645 1.701562 0.190722
v 0.051855 1.747265 0.152930
v -0.052514 1.747265 0.153808
v -0.063721 1.659375 0.182811
v -0.146776 0.703125 0.151171
v -0.142383 0.776074 0.139747
v -0.092285 0.699610 0.189844
v -0.087450 0.775195 0.177539
v -0.140624 0.702247 0.146777
v 0.183691 1.518750 0.010875
v 0.158203 1.553906 -0.047900
v 0.126563 1.589061 -0.005136
v 0.161718 1.546875 0.059326
v 0.167871 1.515235 -0.092286
v 0.174023 1.462500 0.064600
v 0.180176 1.409765 0.019885
v 0.186328 1.480079 -0.064161
v 0.065919 0.165235 0.036036
v 0.094922 0.165235 0.077783
v 0.087452 0.249610 0.086573
v 0.076904 0.137110 0.027796
v 0.068995 0.140625 -0.015601
v -0.261913 1.332421 -0.148536
v -0.260156 1.350000 -0.154689
v -0.244336 1.332421 -0.139747
v -0.211816 1.328906 -0.210058
v -0.500977 0.506250 0.031201
v -0.493946 0.532617 0.037573
v -0.497461 0.506250 0.020435
v 0.122169 1.033594 0.094043
v 0.178419 1.021289 0.069433
v 0.126563 1.062598 0.064161
v 0.055810 1.035351 0.119531
v 0.124804 0.984375 0.106348
v 0.058008 1.057323 0.106787
v -0.195117 1.564454 -0.007141
v -0.144141 1.589061 0.104150
v -0.071191 0.692579 -0.093164
v -0.148535 0.550195 -0.093164
v -0.070752 0.550195 -0.121289
v 0.045264 0.692579 -0.100634
v 0.158203 1.378125 0.130957
v 0.157325 1.342969 0.120411
v 0.081300 0.116015 0.004972
v 0.078663 0.165235 0.001895
v 0.083935 0.119531 -0.033838
v 0.094483 0.116015 0.045263
v 0.078223 0.073829 -0.037134
v 0.094483 0.168750 0.037793
v -0.058886 1.207616 0.225000
v -0.037794 1.200585 0.232031
v -0.060645 1.232226 0.225000
v -0.060205 1.195311 0.212695
v -0.052075 1.198829 0.222363
v -0.242578 0.758497 -0.026147
v -0.295312 0.696094 0.012414
v -0.291797 0.691699 -0.025598
v -0.247852 0.767286 -0.070753
v -0.247852 0.764649 0.012139
v -0.233788 0.771680 -0.025598
v 0.075147 1.416796 0.226758
v 0.117773 1.423829 0.203027
v 0.041090 1.455469 0.235546
v 0.486914 0.508008 -0.060205
v 0.500977 0.532616 -0.021643
v 0.500977 0.500976 -0.023841
v 0.472852 0.516796 -0.086573
v 0.486914 0.534375 -0.058887
v 0.483398 0.495704 -0.061085
v 0.472852 0.509765 -0.082616
v 0.493946 0.490430 -0.023180
v -0.000940 1.237500 0.195116
v -0.015655 1.200585 0.233789
v -0.039990 1.263866 0.088329
v 0.013514 1.200585 0.233789
v -0.001716 1.200585 0.235546
v 0.038013 1.263866 0.087890
v -0.109864 0.028125 0.131836
v -0.131837 0.028125 0.184570
v 0.096681 1.085449 0.064161
v 0.112501 1.103027 0.025378
v 0.191602 0.569531 0.052295
v 0.186328 0.622265 0.053174
v 0.198633 0.537890 0.049658
v 0.156446 0.616991 0.116015
v 0.160840 0.558985 0.115137
v 0.167871 0.532616 0.116015
v -0.185449 1.402734 -0.192481
v -0.224999 1.367579 -0.134473
v -0.223242 1.420312 -0.141504
v -0.129199 1.451954 -0.253125
v -0.187206 1.348241 -0.184570
v -0.181934 1.469531 -0.211817
v -0.425391 0.592384 0.049219
v 0.065039 1.406250 0.099756
v 0.254883 0.028125 0.039332
v 0.237304 0.028125 0.005767
v -0.083496 1.167188 -0.054052
v -0.000075 1.122363 -0.087891
v -0.047901 0.400781 -0.049000
v -0.100635 0.411329 -0.073388
v -0.037133 0.337500 -0.005108
v -0.056249 0.341016 -0.050098
v -0.038892 0.485156 -0.054713
v -0.027795 0.400781 -0.004010
v 0.131837 1.302539 0.159961
v 0.131837 1.325390 0.159082
v 0.122169 1.311329 0.166113
v 0.117773 1.293750 0.179296
v 0.135352 1.279688 0.173144
v 0.144141 1.314844 0.145899
v 0.115136 0.987451 -0.091406
v 0.162599 1.018652 -0.098438
v 0.179297 0.904423 -0.099317
v -0.123047 1.585546 0.067237
v -0.149413 1.560938 0.045704
v -0.159961 1.469531 0.113378
v -0.166114 1.529296 0.060204
v -0.226758 0.172266 -0.055372
v 0.060206 1.179491 0.155567
v 0.085694 1.188281 0.083936
v 0.056690 1.149610 0.076905
v 0.012965 1.151366 0.170509
v 0.037133 1.198829 0.217089
v 0.078224 1.200585 0.150293
v 0.451758 0.645116 -0.021643
v 0.483398 0.590625 -0.019555
v -0.041748 1.455469 0.233789
v -0.000679 1.451954 0.240820
v -0.000426 1.518750 0.224121
v -0.037353 1.406250 0.235546
v -0.127441 1.063476 0.064161
v -0.097998 1.086329 0.064161
v -0.114258 1.103027 0.025707
v -0.183691 1.049414 0.042627
v -0.179297 1.020411 0.069433
v -0.123047 1.033594 0.093603
v -0.137989 1.086329 0.018018
v 0.137109 1.712109 -0.097998
v 0.130957 1.683984 -0.156445
v 0.053395 1.736719 -0.122168
v 0.049879 1.757812 -0.071631
v 0.133593 1.729688 -0.041748
v 0.181054 1.645312 -0.138867
v 0.187206 1.676954 -0.071192
v 0.071191 0.544921 0.188086
v -0.001284 0.546680 0.211817
v 0.067236 0.691699 0.150293
v 0.139746 0.546680 0.152051
v 0.074706 0.548438 0.197753
v -0.195996 1.342969 0.079540
v -0.166114 1.350000 0.073388
v -0.203026 1.344726 0.030542
v -0.174901 1.348241 0.027356
v -0.218847 1.353515 0.041528
v -0.391992 0.764649 -0.083497
v -0.409569 0.775195 -0.032080
v -0.365624 0.847485 -0.030323
v -0.449999 0.704003 -0.030762
v -0.437696 0.692579 -0.076905
v -0.348047 0.838037 -0.088330
v -0.358593 0.740918 -0.105030
v 0.000179 1.719140 0.131835
v 0.053394 1.715625 0.128320
v 0.001978 1.754296 0.072509
v -0.053833 1.719140 0.126561
v -0.059766 1.662890 0.181055
v -0.001428 1.669921 0.189844
v 0.058008 1.662890 0.182811
v -0.043285 1.750781 0.068115
v 0.210937 0.490430 -0.011480
v 0.207422 0.492188 0.047241
v 0.215331 0.486914 0.046363
v 0.215331 0.428906 -0.013678
v -0.032080 1.286719 0.253125
v -0.030322 1.284960 0.263671
v -0.014777 1.304296 0.251366
v -0.039331 1.283204 0.240820
v -0.040429 1.269140 0.244336
v -0.026257 1.297265 0.237305
v -0.093603 0.119531 0.029884
v -0.081298 0.165235 0.001147
v 0.191602 1.313086 -0.189844
v 0.258398 1.332421 -0.147656
v 0.240821 1.330664 -0.139747
v 0.144141 1.295508 -0.247851
v 0.208301 1.309570 -0.202149
v 0.135352 1.300781 -0.230274
v 0.143261 0.688183 0.113378
v -0.206543 1.539844 -0.055372
v -0.216211 1.466015 -0.113379
v -0.204785 0.108985 0.168750
v -0.159081 0.098439 0.180176
v -0.256641 0.098439 0.161719
v -0.246093 0.098439 0.199512
v -0.189843 0.116016 0.116015
v 0.091846 1.269140 0.098438
v 0.439453 0.691698 0.011371
v 0.444727 0.696972 -0.031640
v 0.349804 0.725976 -0.028564
v -0.042626 1.599609 -0.217969
v -0.046581 1.550390 -0.244336
v -0.188086 0.624024 -0.017028
v -0.189843 0.573046 -0.016699
v -0.190722 0.622266 0.053393
v -0.154687 0.567774 -0.070312
v -0.169629 0.689942 -0.016040
v -0.152050 0.624024 -0.070312
v -0.173145 0.689062 0.053393
v 0.084376 1.406250 0.217089
v 0.059327 1.395704 0.225000
v 0.081739 1.392188 0.209180
v 0.112501 1.395704 0.196875
v 0.100196 0.031640 -0.066796
v 0.097559 0.073829 -0.068116
v 0.130956 0.073829 -0.086573
v 0.133593 0.031640 -0.083497
v 0.096681 0.031640 -0.072070
v -0.051416 1.154884 0.202149
v -0.048340 1.168945 0.204786
v -0.060645 1.190039 0.204786
v -0.051416 1.137305 0.192481
v -0.230273 0.116016 0.037134
v -0.223242 0.175781 0.013513
v -0.230273 0.073829 0.005796
v 0.017029 1.195311 0.225000
v -0.017248 1.151366 0.169628
v -0.001950 1.195311 0.226759
v 0.019117 1.188281 0.228515
v 0.367383 0.643359 -0.093604
v 0.362109 0.645116 -0.097997
v 0.402539 0.669726 -0.103711
v 0.404297 0.664454 -0.100634
v 0.348047 0.629296 -0.068994
v -0.068995 1.402734 0.164356
v -0.079980 1.385156 0.181933
v -0.054492 1.378125 0.185448
v -0.039331 1.392188 0.166113
v -0.095800 1.395704 0.166113
v -0.058008 0.983057 0.137988
v -0.058447 1.035351 0.119531
v -0.059766 0.930542 0.149414
v -0.001504 0.931201 0.166991
v -0.127441 0.984375 0.105908
v -0.000728 0.983057 0.152930
v 0.237304 1.515235 0.059765
v 0.258398 1.448438 0.012249
v 0.249609 1.476562 -0.003845
v 0.247852 1.487109 0.083496
v 0.132715 0.344531 0.115137
v 0.198633 0.481640 0.108106
v 0.174903 0.483399 0.113378
v -0.153809 1.290235 -0.010876
v -0.172266 1.341211 -0.007800
v -0.141504 1.255079 -0.032739
v -0.369141 0.648634 0.040649
v -0.342773 0.634570 0.013293
v -0.362109 0.648634 0.041967
v -0.406054 0.671485 0.045923
v -0.349804 0.632812 0.013952
v -0.353319 0.726856 -0.028345
v 0.052734 1.476562 -0.253125
v 0.247852 0.070312 0.215332
v 0.253126 0.042188 0.220606
v 0.268946 0.066796 0.195116
v 0.242578 0.098438 0.199512
v 0.214453 0.098438 0.210058
v 0.218848 0.073829 0.228515
v -0.090526 1.216406 0.086133
v -0.086572 1.167188 0.072948
v 0.122169 1.360546 0.171387
v 0.099755 1.367579 0.186329
v 0.134474 1.335938 0.156445
v 0.000014 1.070509 -0.076905
v 0.001704 1.147851 -0.065479
v 0.047242 1.076661 -0.065040
v -0.293554 1.494140 0.108545
v -0.261913 1.518750 0.175781
v -0.210059 1.539844 0.228515
v -0.351562 0.834521 0.022082
v -0.397266 0.766406 0.017138
v -0.360352 0.743555 0.045704
v -0.318163 0.808155 0.046143
v 0.037574 1.701562 -0.127442
v 0.145020 0.550195 0.159082
v 0.185450 0.548438 0.099756
v 0.193359 0.553711 0.100634
v 0.142383 0.629296 0.152930
v 0.077783 0.624024 0.189844
v -0.139746 1.335938 0.090966
v -0.142383 1.364062 0.129198
v -0.135352 1.360546 0.091845
v -0.147657 1.335938 0.127442
v -0.109864 1.342969 0.061085
v -0.105907 1.311329 0.062402
v -0.134472 1.307811 0.091406
v 0.122169 1.283204 0.131836
v 0.125684 1.309570 0.161719
v 0.096240 1.269140 0.141503
v 0.152931 0.881982 -0.064161
v 0.087452 0.967676 -0.055811
v 0.220605 0.796728 -0.068994
v 0.142383 0.876159 -0.017028
v 0.217090 0.785741 -0.023071
v -0.163477 1.413281 0.121289
v -0.223242 0.369141 -0.019116
v -0.216212 0.358594 0.030982
v -0.228516 0.365625 0.032519
v -0.221484 0.425391 0.039771
v 0.023511 1.295508 0.237305
v 0.036694 1.283204 0.242579
v 0.034278 1.288476 0.218847
v 0.020435 1.314844 0.219726
v 0.010767 1.316601 0.230274
v 0.434181 0.686426 -0.076905
v 0.435938 0.693457 -0.079101
v -0.000391 1.578515 0.173144
v 0.000179 1.610156 0.110302
v -0.084374 0.701366 0.181933
v -0.001372 0.696094 0.199512
v -0.080419 0.780469 0.172265
v -0.145020 0.627539 0.152930
v -0.080859 0.624024 0.188964
v 0.167871 1.392188 0.093604
v 0.173145 1.348241 0.036914
v 0.166992 1.348241 0.093604
v 0.162599 1.413281 0.121289
v 0.114258 0.024610 0.132714
v -0.166992 1.293750 -0.002664
v -0.237304 1.246289 -0.010987
v -0.295313 0.007031 0.158204
v -0.123926 0.003516 0.189844
v -0.286523 0.007031 0.200390
v -0.291797 0.031641 0.158204
v -0.103271 0.000000 0.130957
v -0.290039 0.000000 0.097558
v 0.075147 1.140820 0.066357
v 0.079102 1.103027 0.052295
v 0.090968 1.142579 0.030981
v 0.094044 1.168945 0.041967
v 0.105908 1.153125 0.078662
v 0.080859 1.135546 0.101513
v 0.035596 1.124122 0.083057
v 0.393751 0.557226 0.052735
v 0.379688 0.581835 0.042408
v 0.374414 0.604688 -0.002020
v -0.065038 1.420312 -0.253125
v -0.055151 1.476562 -0.254884
v -0.066797 1.416796 -0.295312
v -0.076465 1.378125 -0.279492
v -0.076904 1.371094 -0.253125
v -0.081739 1.056445 -0.008404
v -0.077782 1.012500 0.017359
v 0.256641 1.518750 0.176661
v 0.146778 1.536329 0.279491
v -0.044166 1.276171 0.158204
v -0.055590 1.295508 0.181933
v -0.083496 1.313086 0.189844
v -0.391992 0.616992 -0.081299
v 0.068115 1.402734 0.164356
v 0.037794 1.392188 0.166113
v 0.053834 1.378125 0.186329
v 0.079980 1.381640 0.183692
v 0.096681 1.395704 0.161719
v 0.065480 1.413281 0.132714
v 0.486914 0.488671 -0.004120
v 0.483398 0.497460 -0.022412
v 0.486914 0.490430 -0.023180
v 0.493946 0.492188 -0.000488
v 0.483398 0.497460 -0.000556
v 0.493946 0.488671 -0.002966
v -0.033837 1.197070 0.225000
v -0.217968 0.486915 0.045263
v -0.210059 0.490430 0.046363
v -0.200391 0.481641 0.108106
v -0.208301 0.421875 0.099756
v 0.077344 1.350000 -0.263671
v 0.076904 1.360546 -0.246094
v 0.074706 1.335938 -0.256641
v 0.072950 1.367579 -0.251367
v -0.079541 1.346484 -0.261915
v 0.073828 1.364062 -0.270704
v -0.020983 1.072265 0.117774
v 0.020325 1.074024 0.119531
v -0.182812 1.691015 -0.015930
v -0.216211 1.631250 0.032960
v -0.472852 0.516796 -0.087012
v -0.472852 0.506250 -0.081299
v -0.486913 0.506250 -0.058887
v -0.486913 0.534375 -0.059326
v -0.469336 0.511524 -0.084375
v -0.472852 0.537891 -0.088330
v 0.030761 1.339454 0.188964
v 0.012084 1.306055 0.166113
v 0.179297 1.014259 -0.094921
v 0.180176 1.053808 -0.072509
v 0.065480 1.662890 0.216210
v -0.071191 1.599609 0.244335
v -0.067236 1.610156 0.217089
v 0.237304 1.515235 -0.104589
v 0.182812 0.073829 0.226759
v 0.186328 0.042188 0.237305
v 0.153809 0.035156 0.221485
v -0.160840 1.209375 0.063720
v -0.152929 1.186524 0.085692
v -0.166114 1.223438 0.099756
v -0.135352 1.193555 0.041528
v -0.127441 0.933619 0.116894
v -0.174901 0.981738 0.084375
v -0.173145 0.933179 0.086133
v -0.128319 0.857812 0.126562
v -0.068554 0.856494 0.161719
v 0.123926 1.585546 0.066357
v 0.060206 1.610156 0.105469
v 0.071630 1.617188 0.007635
v 0.497462 0.506250 0.031201
v 0.500977 0.506250 0.019116
v 0.493946 0.499219 0.028784
v -0.000157 1.216406 -0.092286
v 0.000082 1.256836 -0.128320
v 0.076904 1.269140 -0.103711
v 0.062843 1.219921 -0.063281
v 0.001043 1.186524 -0.072949
v -0.060645 1.221680 -0.067237
v -0.075145 1.267383 -0.104150
v -0.081298 0.073829 -0.039332
v -0.079980 0.073829 -0.003652
v -0.083496 0.028125 -0.005686
v -0.087011 0.116016 -0.035156
v 0.057569 1.190039 0.205664
v 0.045264 1.168945 0.203906
v 0.069434 1.175976 0.200390
v 0.043286 1.183008 0.210058
v 0.069434 0.632812 -0.124805
v 0.001648 0.551954 -0.135351
v -0.000562 0.631055 -0.128320
v 0.143261 0.631055 -0.099317
v 0.065919 0.713671 -0.119531
v 0.071630 0.553711 -0.133594
v -0.449999 0.576562 -0.019336
v -0.421874 0.585351 0.016918
v -0.446484 0.574805 0.009338
v 0.010823 1.353515 0.224122
v 0.074267 -0.000000 -0.044604
v 0.173145 -0.000000 -0.088769
v -0.025489 1.118848 0.193360
v -0.025379 1.139062 0.209180
v -0.000982 1.117969 0.202149
v -0.089648 0.249610 0.086134
v -0.042627 0.337500 0.055591
v -0.077343 0.337500 0.101513
v -0.069434 0.161719 0.036256
v -0.055810 0.249610 0.043726
v -0.136230 0.341016 0.114259
v -0.097120 0.161719 0.076905
v -0.150294 0.256641 0.094482
v 0.171386 0.932960 0.086573
v -0.121288 1.529296 -0.260156
v -0.065038 1.525781 -0.281250
v -0.116016 1.596094 -0.240820
v -0.056249 1.603125 -0.261915
v -0.168749 1.546875 -0.217969
v -0.239063 0.108985 0.076905
v -0.247852 0.073829 0.046582
v 0.073389 1.214649 -0.131836
v 0.002087 1.205859 -0.149415
v -0.000323 1.262109 -0.211817
v 0.160840 1.302539 -0.155567
v 0.145898 1.241015 -0.102393
v 0.081300 1.270899 -0.191601
v 0.062403 1.197070 -0.078662
v 0.002253 1.188281 -0.094921
v 0.428907 0.602930 0.040649
v -0.065478 1.381640 0.067676
v -0.064599 1.335938 0.047680
v -0.179297 1.014259 -0.094482
v -0.177538 0.968115 -0.006235
v 0.120410 1.585546 0.145019
v 0.108105 1.553906 0.187207
v 0.159081 1.536329 0.135351
v 0.138867 1.606640 0.063720
v 0.061523 1.606640 0.154688
v 0.187206 1.546875 0.079540
v 0.025159 0.397265 -0.003735
v 0.036035 0.483399 -0.055152
v 0.046142 0.400781 -0.049439
v 0.039550 0.337500 0.055591
v 0.029443 0.393750 0.060644
v 0.009942 0.474610 -0.006867
v -0.125684 1.311329 0.164356
v -0.493946 0.499219 0.019555
v -0.001435 1.263866 0.288281
v 0.012416 1.262109 0.283009
v -0.001092 1.253320 0.275976
v -0.087450 1.364062 0.188964
v -0.073828 1.360546 0.192481
v 0.230273 1.603125 -0.066357
v -0.249608 1.395704 -0.076905
v -0.339258 0.625781 -0.024280
v 0.065039 1.444921 -0.275976
v -0.000308 1.525781 -0.290040
v 0.286523 0.031640 0.156445
v 0.277734 0.042188 0.198634
v 0.283008 0.010546 0.203027
v 0.291797 0.003515 0.157324
v 0.279492 0.028125 0.098438
v 0.281251 0.028125 0.156445
v -0.001257 1.139062 0.066796
v -0.058886 1.147851 0.076025
v -0.000714 1.204101 0.008570
v 0.101514 1.293750 0.174024
v 0.072071 1.269140 0.157324
v 0.078663 1.290235 0.179296
v 0.090087 1.313086 0.188964
v 0.099755 1.316601 0.185449
v 0.061523 1.008985 -0.014393
v 0.064599 1.017774 -0.046143
v 0.079541 0.958008 -0.013568
v 0.074706 1.012500 0.016589
v 0.079541 1.055567 -0.008899
v -0.149413 1.536329 0.279491
v -0.077343 1.550390 0.305859
v -0.210937 1.522265 0.240820
v -0.135352 1.532812 0.256640
v -0.071191 1.543359 0.279491
v -0.407812 0.669726 -0.103711
v -0.319922 0.712793 -0.097998
v -0.365624 0.646875 -0.097119
v -0.406054 0.664454 -0.099756
v -0.370898 0.643360 -0.093604
v 0.000494 1.624219 0.008789
v 0.469337 0.506250 -0.060205
v 0.479883 0.525585 0.001381
v -0.065038 1.274414 0.222363
v -0.039990 1.272656 0.226758
v -0.034937 1.258594 0.247851
v -0.097559 0.000000 0.068555
v -0.088331 0.028125 0.024829
v -0.101514 0.028125 0.073388
v -0.260157 0.000000 0.036256
v -0.246093 0.014062 0.004450
v 0.207422 1.221680 0.010492
v 0.211816 1.223438 0.022192
v 0.145898 0.696094 0.099756
v -0.251367 0.073829 0.217089
v 0.062843 1.265625 0.098438
v -0.039550 1.698046 -0.129199
v -0.038233 1.726171 -0.054713
v -0.180175 0.803320 -0.036695
v 0.092724 1.357031 0.189844
v 0.080420 1.360546 0.191601
v 0.128321 0.116015 -0.078223
v 0.099316 0.116015 -0.059765
v -0.166992 1.242774 0.134473
v -0.159961 1.202344 0.133594
v -0.142383 1.223438 0.175781
v -0.448242 0.588867 0.039771
v -0.441211 0.576562 0.026697
v -0.428907 0.588867 0.034277
v -0.465819 0.567774 0.042847
v -0.458789 0.560742 0.032519
v 0.000206 1.610156 -0.084814
v 0.086572 1.596094 -0.072949
v 0.000097 1.571485 -0.147656
v -0.070312 1.613671 0.007140
v -0.083935 1.596094 -0.075586
v 0.159081 0.140625 0.077344
v -0.071630 1.295508 -0.254884
v -0.001840 1.291991 -0.263671
v -0.007964 0.508009 -0.006399
v -0.000480 0.527344 -0.062842
v -0.001257 0.511524 -0.008185
v -0.034057 0.523829 -0.068116
v -0.015326 0.471094 0.063720
v -0.012360 0.474610 -0.006811
v 0.111621 1.334180 0.181055
v 0.108545 1.321875 0.182812
v -0.120410 1.652344 0.155567
v -0.205664 0.031641 -0.063720
v -0.228516 0.031641 -0.026257
v 0.023291 1.139062 0.210058
v 0.048779 1.151366 0.200390
v 0.019666 1.160156 0.212695
v 0.490431 0.573046 0.001093
v 0.497462 0.530859 -0.001676
v 0.479883 0.590625 0.010822
v 0.490431 0.576561 -0.020545
v -0.000906 1.392188 0.237305
v -0.013074 1.353515 0.225000
v -0.001270 1.353515 0.226758
v 0.035157 1.406250 0.237305
v -0.034276 1.378125 0.226758
v 0.030102 1.378125 0.228515
v -0.101953 1.026562 0.040649
v -0.123047 0.984375 0.061524
v 0.150294 1.592579 -0.213574
v 0.166992 1.617188 -0.184570
v 0.195117 1.564454 -0.175781
v 0.121289 1.648829 -0.195997
v -0.218846 1.353515 -0.004230
v -0.174901 1.344726 0.001256
v -0.216211 1.348241 -0.013074
v -0.175782 1.344726 0.020214
v -0.235547 1.339454 -0.010656
v -0.493946 0.500976 0.030981
v 0.036914 1.188281 -0.058887
v 0.001016 1.184765 -0.065918
v 0.082178 1.212890 -0.042847
v 0.140626 0.776074 0.139747
v 0.133593 0.780469 0.134473
v 0.085694 0.776074 0.176661
v 0.145020 0.703125 0.151171
v 0.181934 0.705762 0.091845
v -0.124804 1.592579 -0.007197
v -0.060645 1.606640 0.105030
v -0.000399 0.550195 -0.122168
v 0.069434 0.550195 -0.120411
v 0.188087 1.371094 0.123046
v 0.186328 1.402734 0.136231
v 0.159081 1.381640 0.127442
v 0.162599 1.348241 0.076025
v -0.220605 0.939551 -0.105469
v -0.281249 0.860009 -0.108985
v -0.291797 0.837158 -0.112061
v 0.061523 1.659375 0.185448
v 0.045483 1.698046 0.131835
v -0.016590 1.299024 0.159961
v 0.130956 1.170704 0.065918
v 0.130956 1.193555 0.033619
v 0.159081 1.205859 0.064161
v 0.038892 1.030079 0.067237
v 0.039551 1.085449 0.071631
v -0.000179 1.083692 0.078662
v -0.000872 1.017774 0.071631
v 0.083057 1.049414 0.049658
v -0.247852 1.448438 -0.068116
v -0.217968 1.490625 -0.159961
v -0.261913 1.448438 0.006235
v -0.483398 0.529101 0.042627
v 0.033398 1.272656 0.100634
v 0.034057 1.269140 0.132714
v 0.009888 1.293750 0.105030
v 0.065039 1.260351 0.130079
v 0.249609 0.805079 0.041528
v 0.172266 0.902540 0.062842
v 0.152051 0.883192 0.029884
v 0.246093 0.764649 0.012580
v 0.267188 0.780469 0.037573
v 0.288282 0.834521 0.049439
v 0.312891 0.808155 0.045263
v 0.225001 0.791455 0.018567
v -0.183691 1.536329 -0.130079
v -0.002389 1.546875 -0.213574
v -0.080419 0.620509 -0.097558
v -0.134472 0.689942 -0.063720
v -0.041529 0.550195 -0.098438
v -0.093163 0.546680 -0.090527
v -0.001565 0.620509 -0.100195
v -0.064599 0.689942 -0.083936
v 0.104151 1.381640 0.187207
v 0.133593 0.031640 -0.088769
v 0.134473 -0.000000 -0.089210
v -0.107666 1.144336 0.123046
v -0.076465 1.132031 0.155567
v -0.123047 1.161914 0.076025
v -0.083935 1.135546 0.097558
v -0.140624 1.168945 0.122168
v -0.118651 0.987890 -0.091406
v -0.166114 1.018652 -0.098439
v 0.044605 1.750781 0.068115
v 0.104151 1.708594 0.105908
v 0.117773 1.652344 0.158204
v 0.500977 0.499219 -0.003242
v 0.490431 0.525586 0.002747
v -0.013733 1.318359 0.228515
v -0.001401 1.320116 0.233789
v -0.023730 1.316601 0.221485
v -0.024389 1.346484 0.216210
v -0.222364 0.172266 0.062842
v -0.160840 0.168750 0.086573
v 0.116016 1.248046 -0.021314
v 0.108105 1.219921 -0.058448
v 0.082617 0.701366 0.181055
v -0.312891 1.458985 0.043286
v -0.404297 0.580079 0.028784
v -0.421874 0.583594 0.037134
v 0.062404 1.420312 -0.253125
v 0.063721 1.420312 -0.293555
v 0.056251 1.469531 -0.305860
v -0.078663 1.142579 0.066357
v -0.081739 1.135546 0.052076
v -0.091846 1.167188 0.041308
v -0.002265 0.562500 -0.093604
v 0.029663 0.520312 -0.068116
v 0.005439 0.508009 -0.006784
v -0.001092 1.567969 0.304101
v -0.002170 1.546875 0.312890
v -0.242578 0.031641 0.003269
v -0.239063 0.028125 0.004999
v -0.233789 0.031641 -0.030323
v -0.244337 0.000000 0.002966
v 0.019995 1.174219 0.223241
v 0.041090 1.191796 0.218848
v -0.000975 1.172461 0.225000
v -0.001489 1.161914 0.215332
v 0.465821 0.534375 -0.091406
v 0.428907 0.578320 -0.084375
v -0.036913 1.360546 0.187207
v -0.067236 1.353515 0.194238
v -0.135352 0.779589 0.135351
v 0.090968 1.560938 -0.125683
v -0.449999 0.697851 -0.031641
v -0.437696 0.687305 -0.077344
v -0.439453 0.700488 0.016918
v -0.439453 0.691699 0.011646
v 0.458789 0.516796 -0.082616
v 0.462304 0.518555 -0.087451
v 0.465821 0.511524 -0.083936
v 0.462304 0.511524 -0.081299
v -0.151172 0.010547 0.228515
v -0.127441 0.031641 0.188086
v -0.153809 0.035156 0.226759
v -0.188965 0.014062 0.247851
v 0.164355 1.223438 0.100195
v 0.188087 0.629296 0.095801
v 0.207422 0.629296 0.028784
v 0.138867 0.701366 0.146777
v -0.201270 0.537891 0.049000
v -0.196874 0.539649 -0.017359
v -0.177539 0.483399 0.114259
v 0.076465 1.350000 -0.240820
v -0.043946 1.800000 0.017469
v 0.044166 1.800000 0.015820
v -0.042626 1.729688 0.071631
v -0.047461 1.789454 0.089210
v -0.043724 1.800000 -0.034717
v -0.038013 1.736719 0.003103
v -0.001099 0.714551 -0.122168
v -0.068995 0.714551 -0.118652
v 0.160840 1.466015 0.113378
v 0.143261 1.455469 0.166113
v 0.082178 0.165235 -0.034277
v 0.097120 0.165235 -0.060644
v -0.129199 1.253320 0.190722
v -0.483398 0.495704 -0.059766
v 0.043286 1.198829 0.195997
v 0.043066 1.160156 0.181933
v -0.001696 1.197070 0.213574
v 0.083496 1.205859 0.139747
v 0.358593 0.636329 -0.018457
v 0.384962 0.608204 -0.058887
v 0.397266 0.608204 -0.016918
v 0.363867 0.641601 -0.057128
v 0.360352 0.608204 0.023180
v 0.330468 0.667969 -0.022192
v -0.061962 1.395704 0.225000
v -0.083496 1.392188 0.208301
v -0.054931 1.381640 0.214454
v -0.083056 1.049414 0.049439
v -0.040209 1.086329 0.070752
v -0.081298 1.102149 0.050756
v -0.040648 1.030079 0.066796
v 0.219727 1.582031 -0.123046
v -0.178419 1.364062 0.013403
v -0.174901 1.346484 -0.035815
v -0.406054 0.544921 0.060204
v -0.411328 0.560742 0.043945
v 0.254883 0.003515 0.034058
v -0.194239 0.351562 0.090088
v -0.214453 0.365625 0.090088
v -0.209179 0.260156 0.072070
v -0.233789 0.263671 0.015930
v 0.037574 1.270899 0.244336
v 0.024389 1.262109 0.268945
v 0.032520 1.258594 0.247851
v 0.086572 1.036231 -0.067237
v -0.300586 1.476562 0.116894
v -0.316406 1.441406 0.050537
v -0.275977 1.473046 0.108984
v -0.263672 1.501171 0.184570
v -0.242578 1.497656 0.168750
v 0.058008 1.335938 0.195997
v 0.036474 1.360546 0.188085
v 0.228516 0.070312 0.006179
v 0.218848 0.119531 -0.024610
v 0.221484 0.123046 0.004835
v 0.225001 0.031640 -0.027137
v 0.223242 0.073829 -0.027027
v -0.032520 0.393750 0.060205
v 0.254883 1.350000 -0.153808
v 0.206544 1.328906 -0.210058
v 0.291797 1.381640 -0.087012
v 0.295313 1.360546 -0.082616
v 0.055810 0.983057 0.137988
v -0.246093 0.098439 0.110741
v 0.107666 1.191796 0.016479
v 0.152931 1.237500 0.027356
v 0.100635 1.144336 0.001978
v 0.086133 1.183008 -0.024720
v 0.112501 1.226954 -0.018787
v 0.465821 0.595899 0.034936
v 0.479883 0.574805 0.038452
v 0.448242 0.641601 0.006289
v -0.060644 1.469531 -0.307617
v -0.126562 1.059082 -0.070753
v -0.155566 1.070509 -0.049439
v 0.062403 1.589061 0.230274
v 0.065919 1.557421 0.253125
v 0.036694 0.550195 -0.097558
v -0.001462 0.618750 0.205664
v 0.311133 1.441406 0.051415
v 0.272462 1.473046 0.105908
v 0.288282 1.441406 0.046582
v 0.311133 1.406250 -0.011975
v 0.309376 1.420312 -0.018347
v 0.307617 1.458985 0.041747
v 0.295313 1.476562 0.117774
v 0.158203 0.168750 0.086573
v 0.101074 0.137110 0.065479
v -0.174901 1.255079 -0.090088
v -0.140624 1.226954 -0.107665
v -0.314648 0.715430 0.041967
v -0.268946 0.781348 0.037793
v -0.138867 0.000000 -0.088769
v -0.175782 0.000000 -0.089649
v -0.136230 0.031641 -0.090088
v 0.048340 1.121484 0.131836
v 0.079102 1.151366 0.178418
v 0.082617 0.695214 -0.084375
v -0.110303 1.346484 0.182811
v -0.129199 1.357031 0.164356
v -0.132715 1.337695 0.163476
v -0.105029 1.353515 0.184570
v -0.112499 1.335938 0.181933
v -0.001387 1.286719 -0.286524
v 0.072950 1.288476 -0.275976
v -0.001592 1.304296 -0.295312
v 0.395508 0.566015 0.066357
v -0.175782 1.350000 0.037134
v -0.181054 1.406250 0.019994
v -0.186328 1.413281 -0.054492
v -0.054712 0.915052 -0.121289
v 0.207422 1.473046 0.092725
v 0.213575 1.406250 0.114259
v -0.036913 1.291991 0.218847
v -0.094922 1.244531 0.214454
v -0.341016 0.673241 0.014393
v 0.476367 0.495704 -0.058009
v 0.465821 0.506250 -0.079981
v -0.056249 1.197070 0.192481
v -0.171386 0.532617 0.115137
v -0.130078 0.404296 0.125683
v 0.173145 1.344726 0.017249
v 0.176660 1.360546 0.013513
v 0.105029 1.110058 0.016149
v 0.102831 1.070509 0.008899
v -0.168749 1.617188 -0.186329
v -0.200391 1.567969 -0.175781
v -0.152050 1.596094 -0.215332
v -0.122168 1.648829 -0.200391
v -0.406054 0.678516 0.049219
v 0.039770 1.726171 0.072948
v 0.037133 1.736719 0.002554
v 0.043286 1.792969 0.071192
v 0.047022 1.778906 0.102393
v 0.406054 0.539649 0.066357
v 0.402539 0.544921 0.058448
v 0.414843 0.546680 0.052295
v 0.413087 0.541406 0.073829
v 0.404297 0.548438 0.071192
v 0.414843 0.539649 0.064600
v -0.087011 0.077344 0.028784
v -0.082178 0.116016 -0.001532
v 0.094922 1.184765 0.196875
v -0.125684 1.388671 0.132714
v -0.109423 1.378125 0.174024
v 0.041090 1.277930 0.162598
v 0.009118 1.290235 0.139747
v 0.381446 0.667969 -0.078662
v 0.367383 0.689062 -0.080420
v 0.390234 0.618750 -0.082177
v 0.341016 0.667969 -0.063720
v 0.409571 0.629296 -0.090967
v -0.043505 1.504688 0.212695
v -0.049657 1.522265 0.221484
v -0.092285 1.501171 0.191601
v -0.000130 1.501171 0.223241
v -0.195117 0.569531 0.051415
v 0.151172 1.374610 -0.192481
v 0.088770 1.451954 -0.233790
v 0.070313 1.360546 -0.239062
v 0.202148 1.360546 -0.123926
v 0.118653 -0.000000 0.190723
v 0.147657 0.007031 0.228515
v 0.123047 0.031640 0.188964
v 0.105907 0.024610 0.131836
v 0.098437 -0.000000 0.129199
v -0.003997 1.320116 0.106787
v -0.181934 1.053808 -0.072070
v -0.181934 1.067872 -0.039991
v -0.137109 1.090723 -0.031641
v -0.126562 1.023926 -0.105469
v -0.083935 0.165235 -0.035375
v 0.105029 1.274414 0.200390
v -0.149413 1.469531 0.140625
v 0.479883 0.574805 -0.056689
v -0.045044 1.364062 0.202149
v -0.061084 1.378125 0.201269
v -0.219727 0.939112 0.072949
v 0.049218 0.537891 0.143262
v 0.104590 0.539649 0.140625
v -0.000823 0.539649 0.150293
v -0.462304 0.558985 0.011370
v 0.072950 1.335938 -0.242579
v 0.174023 0.980860 0.083936
v -0.054712 1.764844 -0.015162
v -0.000508 1.768359 -0.015162
v 0.214453 0.172265 -0.025708
v 0.220605 0.172265 0.012800
v 0.072950 1.546875 0.304101
v 0.145020 1.557421 0.270704
v 0.067236 1.543359 0.277734
v 0.072950 1.564454 0.293555
v -0.001277 1.543359 0.286524
v -0.031420 1.311329 0.202149
v -0.297069 1.381640 -0.088330
v -0.314648 1.423829 -0.017579
v -0.209179 0.035156 -0.068116
v -0.001187 1.137305 0.214454
v -0.022522 1.161914 0.213574
v 0.124804 0.168750 0.058009
v 0.161718 0.175781 0.066796
v -0.171386 1.318359 -0.151171
v -0.115136 1.297265 -0.190723
v -0.092285 0.513281 -0.073829
v -0.154688 0.523829 -0.064161
v 0.123926 1.059961 -0.070312
v -0.309374 0.808155 -0.111622
v 0.444727 0.574805 0.010053
v 0.458789 0.558984 0.032519
v -0.060206 0.165235 -0.012690
v -0.173145 1.462500 0.065478
v -0.411328 0.541406 0.066796
v -0.406054 0.548439 0.071192
v -0.416602 0.541406 0.073829
v -0.418359 0.539649 0.064161
v -0.300587 0.698731 -0.067237
v 0.097559 -0.000000 -0.072509
v -0.005439 1.318359 0.140625
v -0.078222 1.557421 0.249609
v -0.075586 1.578515 0.237305
v 0.072950 1.553906 0.251366
v 0.128321 0.031640 0.185449
v -0.115136 1.154884 -0.008953
v -0.110303 1.113574 -0.021534
v -0.076465 1.167188 -0.048339
v 0.051856 1.761329 -0.014503
v 0.087011 1.743750 0.064161
v -0.005149 1.360546 -0.254884
v -0.078221 1.265625 -0.192481
v -0.103271 0.073829 0.051415
v -0.139746 1.385156 0.167871
v -0.160840 1.378125 0.130079
v -0.455273 0.645117 -0.021424
v -0.409569 0.726856 -0.028125
v 0.174023 1.346484 0.032080
v -0.246093 0.820460 -0.103271
v 0.251367 0.094921 0.160839
v -0.109864 1.225195 -0.018348
v -0.132715 1.279688 -0.050098
v -0.106788 1.190039 0.017798
v -0.052294 1.191796 -0.051415
v -0.137109 0.031641 -0.083497
v -0.096679 1.357031 0.188085
v -0.066358 1.606640 0.146777
v -0.146776 0.688183 0.113378
v 0.225001 1.490625 -0.052735
v 0.223242 1.490625 0.024609
v -0.275977 0.035156 0.200390
v 0.084376 1.232226 0.087451
v 0.290039 1.494140 0.108545
v 0.152051 0.551954 -0.103711
v -0.141504 1.307811 0.127442
v -0.022742 1.186524 0.228515
v -0.044824 1.193555 0.217089
v -0.022742 1.174219 0.224122
v -0.021862 1.195311 0.225000
v -0.040870 1.198829 0.216211
v -0.001284 1.188281 0.233789
v -0.191602 0.418360 0.099756
v 0.132715 1.279688 -0.049000
v 0.173145 1.344726 -0.035595
v 0.088770 0.700488 0.189844
v -0.090087 1.037109 -0.067677
v 0.207422 0.421875 -0.018567
v -0.342773 0.625781 -0.023181
v -0.346289 0.631055 -0.068116
v -0.351562 0.631055 -0.068116
v 0.068995 1.357031 0.194238
v 0.061523 1.348241 0.195116
v 0.170508 1.300781 0.051637
v 0.169629 1.258594 0.052076
v 0.001648 1.757812 -0.074268
v -0.077343 1.335938 -0.258399
v -0.076465 1.337695 -0.242579
v -0.079980 1.360546 -0.246094
v 0.127441 1.253320 0.191601
v 0.140626 1.223438 0.177539
v 0.346289 0.872204 -0.029223
v 0.332227 0.856055 0.023731
v 0.344532 0.838037 -0.087890
v -0.244336 1.249805 -0.000742
v -0.256641 1.283204 -0.013403
v -0.003172 1.350000 0.107665
v -0.045922 1.183008 0.208301
v -0.068115 0.393750 0.110741
v 0.091846 1.081055 -0.033180
v 0.465821 0.569531 0.043286
v 0.143261 1.423829 0.175781
v -0.130078 1.314844 0.162598
v -0.126562 1.284960 0.129199
v 0.016809 1.253320 0.261914
v -0.001326 0.592384 0.161719
v 0.293554 1.406250 -0.013678
v 0.166992 0.144140 0.071631
v 0.203028 0.144140 0.058448
v -0.184569 1.067872 0.006069
v 0.037794 1.648829 -0.179296
v 0.421876 0.543164 0.059326
v 0.420117 0.544921 0.070753
v -0.061962 1.288476 0.065039
v -0.065478 1.265625 0.093603
v -0.095800 1.270899 0.096240
v -0.086133 1.291991 0.064161
v 0.092724 0.965918 0.028345
v -0.195117 1.522265 0.224121
v -0.002253 1.592579 0.240820
v -0.071191 1.313086 0.191601
v -0.036913 1.311329 0.183692
v 0.180176 1.216406 0.029003
v 0.182813 1.218164 0.037134
v 0.160840 1.228710 0.044165
v 0.194239 0.631055 -0.041967
v 0.068995 1.293750 -0.254884
v 0.430664 0.639844 0.031640
v 0.442968 0.587109 0.039991
v 0.091407 -0.000000 0.068116
v -0.173145 0.028125 -0.082616
v -0.174023 0.031641 -0.089649
v 0.244337 1.536329 -0.046363
v -0.118651 1.284960 0.094043
v -0.209179 0.555469 -0.041308
v -0.414843 0.550195 0.077344
v 0.157325 1.066992 0.023070
v 0.116016 1.076661 -0.007636
v 0.135352 1.049414 0.048999
v 0.164355 1.074024 -0.011646
v 0.163477 1.013379 0.070311
v 0.200391 1.037988 0.041747
v -0.054931 1.701562 -0.178418
v 0.171386 0.073829 -0.085693
v -0.270703 0.781348 -0.101513
v 0.137109 1.508204 0.168750
v 0.493946 0.499219 0.000941
v -0.001731 1.246289 0.261914
v -0.019336 1.251561 0.261914
v -0.095361 0.028125 0.024280
v 0.220605 0.042188 0.235546
v 0.152051 1.071387 -0.048780
v 0.195117 1.045019 -0.067676
v -0.099755 1.518750 0.200390
v -0.123925 1.550390 0.174902
v -0.145020 1.508204 0.164356
v -0.131836 1.487109 0.162597
v -0.490429 0.490430 -0.002967
v -0.000631 0.509766 0.065479
v -0.486913 0.573047 0.001600
v -0.048779 1.698046 0.130957
v 0.207422 0.260156 0.072070
v 0.146778 0.253125 0.095801
v -0.247852 1.283204 -0.024829
v -0.239062 1.314844 -0.025159
v -0.290038 0.836719 0.049658
v 0.413087 0.550195 0.076464
v -0.066797 1.260351 0.126562
v 0.090968 1.241015 0.144140
v 0.091407 1.207616 0.076464
v 0.061523 0.690820 -0.083497
v -0.150294 1.367579 0.145019
v -0.047462 0.249610 -0.010273
v 0.216212 0.939112 0.071631
v 0.119532 0.983936 0.060204
v -0.270703 0.070312 0.198634
v 0.439453 0.576561 0.026037
v -0.154687 1.346484 -0.098878
v -0.166992 1.392188 0.092725
v -0.222364 0.260156 -0.049439
v 0.150294 0.038671 0.225000
v 0.177539 1.346484 0.003159
v -0.072069 1.585546 0.233789
v 0.472852 0.536133 -0.087890
v 0.194239 1.560938 -0.008131
v 0.144141 1.606640 -0.020655
v 0.074706 0.337500 0.101954
v -0.493946 0.490430 -0.022522
v -0.056249 1.232226 0.196875
v 0.185450 1.409765 -0.054052
v 0.493946 0.499219 0.018238
v -0.066358 1.212890 -0.135351
v -0.163477 1.497656 0.139746
v 0.165234 1.239258 0.051196
v 0.153809 1.348241 -0.097997
v 0.318163 0.876379 0.025927
v 0.256641 0.965479 0.041747
v -0.169629 1.348241 0.092725
v -0.158203 1.344726 0.121289
v -0.178419 0.867701 0.015491
v -0.244337 0.175781 0.007580
v -0.080419 1.360546 -0.268945
v 0.099316 1.026562 0.039771
v 0.090087 1.335938 -0.158204
v 0.221484 0.133594 0.038232
v 0.209181 1.053808 -0.013129
v 0.469337 0.558984 0.003159
v -0.171386 0.862207 0.083936
v -0.251367 1.311329 -0.014393
v 0.060645 1.146094 -0.048561
v -0.109864 1.325390 0.182812
v 0.239063 0.758497 -0.025708
v -0.190722 0.629296 0.096241
v -0.196874 0.553711 0.099756
v 0.201270 0.073829 -0.065479
v 0.277734 1.360546 -0.079540
v 0.267188 0.977344 -0.018677
v 0.047462 1.093359 0.137988
v -0.091846 1.202344 0.137110
v -0.092724 1.242774 0.145019
v 0.142383 1.402734 0.173144
v 0.284766 -0.000000 0.096680
v -0.059766 0.954713 -0.122168
v -0.219727 0.553711 0.031201
v -0.197754 1.045019 -0.068116
v 0.200391 0.175781 0.049658
v -0.088330 1.253320 0.068115
v -0.093603 1.209375 0.075585
v -0.095361 1.253320 0.098877
v 0.170508 1.455469 -0.114259
v -0.001516 0.689942 -0.086573
v 0.080419 0.140625 -0.057128
v 0.091846 1.253320 0.087451
v 0.365979 0.694758 -0.027844
v -0.370531 0.694640 -0.027078
vn -0.8056 0.5876 0.0752
vn -0.7373 0.6025 0.3055
vn -0.2410 0.8729 0.4243
vn -0.7217 0.6178 -0.3123
vn 0.5156 0.8392 0.1731
vn 0.6389 0.7116 -0.2923
vn 0.2452 0.8624 0.4430
vn 0.2343 0.9012 0.3645
vn -0.4345 0.7280 0.5303
vn -0.0844 0.8872 0.4536
vn -0.1717 0.9015 0.3972
vn -0.7110 0.6020 -0.3634
vn -0.4114 0.5282 -0.7428
vn -0.4504 0.7023 0.5513
vn 0.1579 0.9053 0.3943
vn -0.8207 0.3248 0.4700
vn 0.4404 0.7030 0.5585
vn 0.0693 0.8889 0.4528
vn 0.6228 -0.0078 -0.7823
vn 0.9494 0.1167 -0.2916
vn 0.5942 -0.0635 -0.8018
vn 0.2444 -0.2166 -0.9452
vn 0.9126 0.1776 -0.3682
vn 0.7445 0.0451 -0.6661
vn 0.3908 -0.0193 -0.9203
vn 0.0842 -0.3455 -0.9346
vn -0.0944 -0.0366 0.9949
vn -0.2370 -0.0279 0.9711
vn -0.0747 -0.0795 0.9940
vn 0.0084 -0.1850 0.9827
vn 0.4479 -0.0452 0.8929
vn 0.2277 0.0881 0.9697
vn 0.2627 -0.1127 0.9583
vn 0.2752 -0.2230 0.9352
vn 0.8372 -0.5469 0.0058
vn 0.7085 -0.5122 0.4855
vn 0.7327 -0.5430 0.4104
vn 0.7002 -0.5939 0.3963
vn 0.7661 -0.6362 0.0915
vn 0.5924 -0.5748 0.5644
vn 0.7937 -0.5996 -0.1027
vn 0.3276 -0.3782 0.8658
vn 0.2020 -0.3660 0.9084
vn 0.6250 -0.4475 0.6396
vn 0.4860 0.5285 -0.6961
vn 0.4908 0.7061 -0.5104
vn 0.6455 0.5158 -0.5633
vn 0.8369 0.3422 -0.4271
vn 0.6380 0.3577 -0.6819
vn 0.8023 0.5478 -0.2374
vn -0.5410 0.7913 0.2850
vn -0.8772 0.3558 0.3225
vn -0.4879 0.8223 0.2928
vn -0.4063 0.7390 0.5374
vn -0.1774 0.9671 0.1825
vn -0.2033 0.9535 0.2223
vn -0.6802 0.3756 0.6295
vn -0.6203 0.0334 0.7836
vn -0.2697 -0.4558 0.8482
vn -0.8755 -0.0556 0.4800
vn -0.9964 -0.0539 0.0650
vn -0.9848 0.0121 0.1733
vn -0.8962 -0.3079 0.3194
vn -0.9809 0.0004 0.1945
vn -0.9296 0.0751 0.3609
vn 0.8244 -0.2429 0.5113
vn 0.8744 -0.3739 0.3092
vn 0.6789 -0.0093 0.7341
vn 0.7134 0.1032 0.6932
vn 0.2141 0.2880 0.9334
vn 0.4020 0.1554 0.9023
vn 0.7951 -0.1911 0.5756
vn 0.8524 -0.5213 -0.0410
vn 0.7572 -0.0696 0.6495
vn 0.4704 0.1059 0.8761
vn 0.2400 0.6324 -0.7365
vn 0.3405 0.7884 -0.5122
vn 0.6004 0.6429 -0.4756
vn 0.7482 0.5153 -0.4178
vn 0.5731 0.4056 -0.7120
vn 0.7696 0.6273 -0.1189
vn 0.5287 0.8208 -0.2161
vn 0.7916 0.5485 -0.2694
vn 0.9062 0.2847 -0.3128
vn 0.9142 0.3547 -0.1959
vn 0.5201 0.8475 -0.1066
vn 0.6582 0.7321 0.1753
vn 0.5744 0.8140 0.0864
vn 0.9155 0.3990 -0.0520
vn -0.1785 0.7285 0.6614
vn 0.2613 0.6765 -0.6885
vn -0.0171 0.9367 0.3497
vn -0.1860 0.6227 -0.7600
vn 0.1599 0.5586 0.8138
vn 0.0044 0.1269 0.9919
vn -0.0168 0.6231 -0.7819
vn -0.9110 0.1280 -0.3922
vn -0.8608 0.3913 -0.3254
vn -0.5884 0.1014 -0.8022
vn -0.8308 0.0315 -0.5557
vn -0.5625 0.1230 -0.8176
vn -0.6434 0.1149 -0.7569
vn -0.4045 0.1375 -0.9041
vn -0.4156 0.1572 -0.8959
vn -0.6711 0.1057 -0.7338
vn 0.4549 -0.0496 0.8892
vn 0.2086 0.6921 0.6910
vn 0.3067 0.5618 0.7683
vn 0.4028 0.4413 0.8019
vn 0.3767 0.4777 0.7936
vn 0.3472 0.5055 0.7898
vn 0.2467 0.5611 -0.7901
vn 0.1995 0.2818 -0.9385
vn 0.1123 0.2471 -0.9625
vn 0.0351 0.3093 -0.9503
vn 0.0599 0.3327 -0.9411
vn 0.0600 0.3328 -0.9411
vn 0.0332 0.0545 -0.9980
vn 0.0432 0.1137 -0.9926
vn 0.1189 0.0253 -0.9926
vn 0.0850 0.3560 -0.9306
vn 0.2329 0.3613 -0.9029
vn -0.2751 0.9374 -0.2136
vn -0.5591 0.8280 0.0424
vn -0.8670 0.4630 0.1842
vn -0.5731 0.7872 -0.2280
vn -0.8754 0.2935 0.3841
vn -0.9311 0.2195 0.2914
vn -0.9582 0.2664 0.1040
vn -0.4879 0.4196 -0.7654
vn -0.5706 0.5161 -0.6388
vn -0.7645 0.5738 -0.2938
vn -0.6008 0.4510 -0.6600
vn -0.7945 0.6048 -0.0540
vn -0.7660 0.6425 0.0219
vn -0.7505 0.4449 0.4887
vn -0.8061 0.5916 -0.0131
vn -0.8064 0.5825 -0.1017
vn -0.7010 0.5047 0.5038
vn -0.5986 0.3365 0.7269
vn -0.6276 0.2816 0.7258
vn -0.8149 0.5044 0.2856
vn -0.6234 0.5077 -0.5947
vn -0.6216 0.5002 -0.6029
vn 0.9311 0.3492 -0.1058
vn 0.9765 0.1858 -0.1088
vn 0.8322 0.5055 0.2278
vn -0.9081 0.2915 0.3007
vn -0.8460 -0.2520 0.4698
vn -0.0231 0.2115 0.9771
vn -0.0114 0.1408 0.9900
vn 0.7184 0.1360 0.6822
vn 0.8487 0.3626 0.3850
vn -0.0182 0.6369 0.7707
vn 0.9975 0.0458 -0.0536
vn -0.7741 -0.5934 0.2206
vn -0.6264 -0.7560 0.1899
vn -0.7913 -0.5510 0.2649
vn -0.6710 -0.7313 0.1218
vn -0.7861 -0.5190 -0.3356
vn -0.7667 -0.5479 0.3345
vn -0.9542 -0.2554 -0.1557
vn -0.9037 -0.2113 0.3723
vn -0.6269 -0.7557 0.1897
vn -0.8926 -0.3738 -0.2521
vn -0.9311 -0.2394 0.2751
vn -0.7823 -0.0939 0.6158
vn -0.3400 -0.3674 0.8657
vn -0.5286 -0.1464 0.8362
vn -0.5110 -0.4567 0.7282
vn -0.5498 -0.1946 0.8123
vn -0.5460 0.0826 0.8337
vn -0.5935 0.3539 0.7228
vn 0.7579 0.6245 0.1885
vn 0.5601 0.8226 0.0981
vn 0.9069 0.3388 0.2507
vn 0.4870 0.7812 0.3906
vn 0.6110 0.7507 0.2513
vn 0.9321 0.3064 0.1931
vn 0.8816 0.3142 0.3522
vn 0.9585 0.2851 -0.0013
vn 0.5274 0.1675 0.8330
vn 0.9880 -0.1285 0.0854
vn 0.4837 -0.6161 -0.6216
vn 0.4663 -0.1170 -0.8768
vn 0.8677 -0.3145 0.3850
vn 0.8338 -0.1100 -0.5410
vn 0.9910 0.1121 0.0726
vn 0.9827 0.1077 -0.1504
vn 0.8926 0.0855 0.4426
vn 0.6914 0.1640 -0.7036
vn 0.6091 -0.0030 -0.7931
vn 0.9956 0.0867 0.0343
vn 0.8907 0.1783 -0.4182
vn 0.8727 0.2512 0.4187
vn -0.2100 0.1610 -0.9643
vn -0.2781 -0.1144 -0.9537
vn -0.3558 0.0129 -0.9345
vn -0.4058 0.4231 -0.8101
vn -0.2482 0.4446 -0.8606
vn -0.5014 0.3103 -0.8077
vn -0.4637 -0.2279 -0.8562
vn -0.6560 0.2253 -0.7204
vn -0.7357 0.0504 -0.6754
vn -0.6581 -0.1614 -0.7355
vn 0.7318 -0.6086 0.3067
vn 0.3040 -0.9120 0.2756
vn 0.7258 -0.6553 -0.2092
vn -0.0714 -0.4170 -0.9061
vn -0.1047 -0.1892 -0.9763
vn 0.5601 -0.4795 -0.6756
vn 0.2617 -0.9139 0.3105
vn 0.3390 -0.8908 -0.3025
vn 0.5134 -0.1719 -0.8407
vn 0.8179 -0.3294 -0.4717
vn 0.1618 -0.1284 -0.9784
vn 0.4557 -0.1435 -0.8785
vn 0.1900 0.4656 -0.8644
vn 0.3650 0.5451 -0.7548
vn 0.3152 0.6808 -0.6612
vn 0.0464 0.6165 -0.7860
vn 0.0619 0.8374 -0.5431
vn -0.2906 0.5808 0.7605
vn -0.8585 0.3268 0.3951
vn -0.0116 0.1000 0.9949
vn -0.0187 0.4463 0.8947
vn 0.2118 0.5373 0.8164
vn -0.4444 0.2330 0.8650
vn -0.7405 0.0951 0.6653
vn 0.5241 0.3596 0.7720
vn -0.8923 -0.2142 0.3974
vn -0.3232 -0.3962 0.8594
vn -0.1938 0.9627 -0.1887
vn -0.2078 0.8642 -0.4582
vn -0.3035 0.9240 -0.2327
vn -0.4202 0.9036 0.0839
vn -0.3247 0.9333 0.1534
vn -0.3812 0.9244 -0.0110
vn -0.3472 0.7808 -0.5194
vn -0.5766 0.7865 -0.2213
vn -0.5410 0.8369 -0.0829
vn -0.1961 0.9798 -0.0398
vn -0.9223 0.1039 -0.3723
vn -0.6506 0.0946 -0.7535
vn -0.7311 0.0914 -0.6761
vn -0.1879 0.0915 -0.9779
vn -0.1980 -0.5621 -0.8030
vn -0.5116 0.1064 -0.8526
vn -0.3313 0.0778 -0.9403
vn -0.7455 0.1133 -0.6568
vn -0.7433 0.0765 -0.6646
vn -0.5325 -0.5590 -0.6356
vn 0.7668 -0.0020 0.6419
vn 0.9209 0.0995 0.3769
vn 0.7822 0.1428 0.6065
vn 0.9191 0.0855 0.3847
vn 0.6607 0.5587 0.5013
vn 0.4717 0.5215 0.7110
vn 0.7781 0.3371 0.5300
vn 0.6784 0.0927 0.7288
vn 0.8581 0.3144 0.4061
vn 0.5470 0.2433 0.8010
vn 0.5746 0.2384 0.7829
vn -0.7828 0.3830 -0.4903
vn -0.8271 0.4524 -0.3335
vn -0.8794 0.4647 -0.1035
vn -0.9217 -0.3764 -0.0938
vn -0.8422 -0.4588 0.2833
vn -0.4167 0.8914 0.1779
vn -0.4028 0.8724 0.2769
vn -0.7143 -0.6644 0.2198
vn 0.4327 0.9013 -0.0207
vn 0.4376 0.8960 0.0760
vn -0.2113 -0.3822 0.8996
vn -0.2998 -0.4701 0.8301
vn -0.4124 -0.4707 0.7800
vn -0.4826 -0.2966 0.8241
vn -0.6022 -0.2946 0.7420
vn -0.3975 -0.5705 0.7187
vn -0.4958 -0.5892 0.6380
vn -0.7342 -0.4925 0.4673
vn -0.5991 -0.6943 0.3988
vn -0.5614 -0.5346 0.6317
vn -0.9354 0.1411 -0.3242
vn -0.9313 0.2896 0.2212
vn -0.7605 0.1480 -0.6322
vn -0.2682 0.0057 -0.9633
vn -0.9106 0.3497 0.2203
vn -0.9245 -0.3633 -0.1150
vn -0.8896 0.0956 -0.4466
vn -0.2925 0.0453 -0.9552
vn -0.6206 0.3072 0.7215
vn -0.5923 0.0105 -0.8056
vn -0.4037 0.3568 -0.8424
vn -0.2273 0.1887 -0.9554
vn -0.2206 0.4284 -0.8762
vn -0.2694 -0.3171 -0.9093
vn -0.2693 -0.3171 -0.9094
vn -0.2231 -0.2679 -0.9373
vn 0.4796 -0.1277 -0.8682
vn 0.2798 -0.3120 -0.9079
vn 0.2465 0.0340 -0.9686
vn 0.3619 0.2999 -0.8827
vn 0.2303 0.4268 -0.8746
vn 0.0763 0.9457 0.3158
vn -0.0067 0.5273 0.8497
vn 0.2479 -0.1254 0.9606
vn 0.5112 -0.6008 0.6146
vn 0.3800 0.7975 0.4687
vn 0.0471 -0.8324 0.5522
vn 0.0443 0.9198 0.3898
vn 0.0660 0.9065 0.4170
vn 0.1046 0.9068 0.4085
vn 0.4059 0.3289 -0.8527
vn 0.7443 0.2805 -0.6060
vn 0.0380 0.7135 0.6996
vn 0.4681 0.7637 0.4447
vn 0.9876 0.1414 -0.0688
vn 0.7297 0.6570 0.1893
vn 0.9592 0.1574 -0.2350
vn 0.0636 0.0317 -0.9975
vn -0.2398 0.1409 -0.9605
vn 0.4176 0.0372 -0.9079
vn 0.0467 0.0454 -0.9979
vn 0.3084 0.0810 -0.9478
vn 0.7782 -0.0092 -0.6279
vn 0.6244 -0.0617 -0.7786
vn 0.6423 -0.0505 -0.7648
vn 0.9468 0.0285 0.3207
vn 0.9565 0.1497 0.2503
vn 0.9821 0.0964 0.1617
vn 0.9972 -0.0375 0.0652
vn 0.9858 0.0011 0.1677
vn 0.9991 0.0403 0.0126
vn 0.8259 0.2594 0.5006
vn 0.8718 0.1562 0.4642
vn 0.9521 0.1815 0.2462
vn 0.9436 -0.0462 0.3280
vn 0.4646 -0.1064 -0.8791
vn 0.5552 -0.3536 -0.7528
vn 0.9987 -0.0490 0.0102
vn 0.9993 0.0077 0.0375
vn 0.9997 0.0173 -0.0170
vn 0.8069 -0.1175 -0.5788
vn -0.5136 0.4917 0.7032
vn -0.6867 0.4854 0.5411
vn -0.6359 0.3845 0.6691
vn -0.6065 -0.1040 0.7882
vn -0.4420 0.1331 0.8871
vn -0.6826 0.1430 0.7166
vn -0.7545 0.3444 0.5586
vn -0.7798 0.1876 0.5972
vn -0.7513 0.0484 0.6582
vn -0.4093 0.3513 0.8420
vn -0.9585 0.0758 -0.2749
vn -0.8938 0.0844 -0.4404
vn -0.7485 0.0743 -0.6590
vn -0.7233 0.0896 -0.6847
vn -0.8596 0.1165 -0.4976
vn -0.7611 0.1483 -0.6315
vn -0.5386 0.1579 -0.8276
vn -0.2739 0.0396 -0.9609
vn -0.1261 0.0554 -0.9905
vn -0.5268 0.0569 -0.8481
vn -0.6873 0.0938 -0.7203
vn -0.8450 0.1297 -0.5187
vn -0.5557 0.0852 -0.8270
vn 0.3022 -0.8561 0.4193
vn 0.1962 -0.7412 0.6419
vn -0.3253 -0.9315 -0.1629
vn -0.2956 -0.9311 -0.2136
vn -0.5262 -0.6540 -0.5436
vn -0.6752 -0.5971 -0.4330
vn -0.6459 -0.6080 -0.4617
vn 0.8127 0.4626 -0.3542
vn 0.8305 0.4064 -0.3809
vn 0.5397 0.3105 -0.7825
vn -0.1605 -0.1299 -0.9784
vn -0.0971 -0.0420 -0.9944
vn 0.6286 0.1777 -0.7572
vn 0.3837 0.3573 -0.8515
vn 0.8240 -0.0172 0.5663
vn 0.8759 0.3313 0.3509
vn 0.9002 0.3039 0.3118
vn 0.4767 0.8743 0.0918
vn 0.5594 0.6803 0.4736
vn 0.7518 0.6576 -0.0475
vn 0.9058 0.3894 -0.1670
vn 0.7333 0.5536 -0.3947
vn 0.7623 0.2175 0.6096
vn 0.4674 0.7942 -0.3883
vn 0.1850 0.3751 0.9083
vn -0.1285 0.3498 0.9280
vn 0.3623 0.1224 0.9240
vn -0.0317 -0.3788 0.9249
vn -0.3495 -0.5549 0.7549
vn 0.7174 0.5604 0.4138
vn -0.5131 -0.4775 0.7133
vn 0.7935 0.4877 0.3642
vn 0.8374 0.4892 0.2439
vn 0.7275 0.6461 0.2307
vn 0.7104 0.6956 0.1070
vn 0.5316 0.8385 0.1195
vn 0.6130 0.6901 0.3846
vn 0.1017 -0.1379 0.9852
vn -0.0105 -0.1142 0.9934
vn -0.5551 -0.1579 0.8167
vn -0.9142 -0.1378 0.3810
vn -0.9374 -0.1691 0.3043
vn -0.5431 -0.2187 0.8107
vn -0.5603 -0.1449 0.8155
vn -0.6500 -0.4483 0.6136
vn -0.6171 -0.4212 0.6647
vn -0.8229 -0.4165 0.3865
vn -0.9719 -0.2067 -0.1131
vn -0.9810 -0.1698 -0.0939
vn -0.9589 -0.2783 -0.0548
vn -0.9643 -0.2541 -0.0742
vn -0.9960 -0.0830 0.0322
vn -0.5685 -0.8219 0.0346
vn -0.6614 -0.7345 0.1522
vn -0.6066 -0.6542 0.4518
vn -0.7174 -0.5473 0.4310
vn -0.7942 0.2927 0.5324
vn -0.8633 -0.2026 -0.4623
vn -0.9423 -0.2536 -0.2184
vn -0.7430 0.0905 0.6632
vn -0.6515 -0.6981 -0.2970
vn -0.7267 -0.5417 0.4224
vn -0.1387 -0.7127 -0.6876
vn -0.0395 0.5311 -0.8464
vn -0.1115 0.3825 -0.9172
vn 0.1984 -0.4468 -0.8724
vn 0.0577 -0.3424 -0.9378
vn 0.1603 -0.1353 -0.9778
vn 0.2114 0.2103 -0.9545
vn 0.4840 0.0393 -0.8742
vn -0.6866 -0.1564 -0.7100
vn -0.7374 0.0705 -0.6718
vn -0.4203 -0.1361 -0.8971
vn -0.4890 -0.5132 -0.7053
vn 0.4826 -0.3340 -0.8097
vn -0.6575 0.3415 -0.6716
vn -0.5071 0.5406 -0.6712
vn -0.4515 0.1998 -0.8696
vn -0.1337 -0.7039 -0.6976
vn -0.1878 0.3799 -0.9058
vn 0.9147 0.3861 -0.1194
vn 0.3989 0.8741 -0.2773
vn 0.9580 0.2864 -0.0141
vn 0.4849 0.8130 0.3223
vn 0.4027 0.7405 0.5381
vn 0.4120 0.8739 0.2580
vn 0.9957 -0.0855 0.0353
vn 0.3925 0.9153 0.0904
vn -0.0077 0.6942 -0.7197
vn 0.4580 0.6159 -0.6410
vn 0.0081 0.6485 -0.7611
vn -0.9990 0.0043 0.0436
vn -0.9992 -0.0052 0.0392
vn -0.9993 -0.0052 0.0374
vn 0.5707 0.5145 -0.6400
vn -0.9992 -0.0118 0.0370
vn -0.0059 0.5296 -0.8482
vn 0.9813 -0.0683 0.1797
vn 0.8521 -0.2393 0.4654
vn 0.9342 -0.3543 0.0413
vn 0.7513 -0.4345 -0.4967
vn 0.9577 0.2189 -0.1867
vn 0.7902 -0.2057 -0.5773
vn 0.3617 -0.6503 0.6681
vn -0.1491 -0.9846 0.0916
vn -0.1368 -0.9797 0.1464
vn -0.1829 -0.9500 0.2529
vn 0.7915 -0.1855 0.5823
vn -0.2001 -0.9591 0.2002
vn -0.4991 -0.8444 0.1947
vn -0.0521 -0.9655 0.2553
vn -0.2383 -0.9639 -0.1192
vn 0.5317 0.1018 -0.8408
vn 0.0981 0.0601 -0.9934
vn -0.2034 0.0037 -0.9791
vn 0.2534 0.0571 -0.9657
vn 0.5145 0.0840 -0.8534
vn 0.0982 0.0601 -0.9934
vn 0.2535 0.0571 -0.9656
vn 0.9763 0.0306 -0.2145
vn 0.8717 -0.3774 0.3127
vn 0.8219 -0.4875 -0.2947
vn 0.6477 -0.6961 -0.3097
vn 0.5322 -0.6526 -0.5394
vn 0.6250 -0.6590 -0.4184
vn 0.3942 -0.8584 -0.3282
vn 0.8012 -0.3253 -0.5023
vn 0.9032 0.0875 -0.4202
vn 0.0473 -0.1416 -0.9888
vn -0.0322 0.6757 -0.7365
vn 0.4965 0.4860 -0.7192
vn 0.7794 0.0498 -0.6245
vn 0.4386 0.2248 0.8701
vn 0.6658 0.2889 0.6879
vn 0.5057 0.5051 0.6994
vn 0.7345 0.4474 0.5102
vn 0.5934 0.6025 0.5337
vn 0.2951 0.4879 0.8215
vn 0.3566 0.6117 0.7061
vn -0.5959 -0.1951 -0.7790
vn 0.0831 -0.2740 -0.9581
vn -0.6467 -0.5915 -0.4815
vn -0.2856 -0.9268 0.2438
vn -0.6904 -0.6237 0.3665
vn -0.1706 -0.8920 -0.4186
vn -0.6607 -0.5209 0.5405
vn -0.3835 -0.5215 0.7622
vn -0.5201 0.1159 0.8462
vn -0.1237 0.7001 0.7032
vn -0.5221 0.6800 0.5147
vn -0.0451 0.1119 0.9927
vn -0.8560 0.0475 0.5147
vn 0.3916 0.3566 0.8482
vn 0.0201 0.2242 0.9743
vn -0.1219 0.3743 0.9193
vn -0.3114 0.7442 0.5909
vn -0.1391 0.8824 0.4494
vn -0.2298 0.7880 0.5711
vn -0.5477 0.2581 0.7959
vn -0.7605 0.3998 0.5117
vn 0.1086 0.7348 0.6695
vn -0.1638 0.8648 0.4746
vn 0.3637 0.8411 -0.4003
vn 0.1122 0.9824 0.1496
vn 0.3015 0.1153 -0.9465
vn 0.8646 0.3681 -0.3420
vn 0.5550 0.5470 -0.6268
vn 0.8188 0.0552 -0.5714
vn 0.5034 0.0646 -0.8616
vn 0.9413 -0.0131 -0.3372
vn 0.3042 0.0176 0.9524
vn 0.4179 0.0689 0.9059
vn 0.2343 -0.0053 0.9721
vn 0.1867 -0.0666 0.9802
vn 0.1630 -0.1159 0.9798
vn -0.7002 -0.7108 0.0671
vn -0.0195 -0.8746 0.4845
vn -0.1910 -0.8485 0.4935
vn -0.1416 -0.8267 0.5446
vn -0.9099 -0.4005 0.1079
vn 0.5302 -0.6939 0.4872
vn 0.5383 -0.7127 0.4498
vn 0.5302 -0.6939 0.4873
vn 0.5212 -0.6739 0.5237
vn -0.6912 0.5671 0.4480
vn -0.7490 0.5624 0.3504
vn -0.6623 0.5302 0.5293
vn -0.7610 0.5328 0.3702
vn -0.4656 0.3731 0.8025
vn -0.4794 0.4221 0.7694
vn -0.3623 0.2511 0.8976
vn -0.2380 0.1752 0.9553
vn -0.0068 0.4293 0.9031
vn -0.2151 0.5038 0.8366
vn -0.2902 0.4774 0.8294
vn 0.2836 0.9022 -0.3250
vn 0.2095 0.9172 -0.3389
vn 0.2000 0.9220 -0.3317
vn -0.1905 0.9594 0.2082
vn -0.1831 0.9826 -0.0303
vn 0.2818 0.9547 0.0960
vn 0.2679 0.9634 -0.0020
vn 0.2141 0.9766 -0.0205
vn 0.2324 0.9647 0.1240
vn 0.7260 -0.3644 0.5832
vn 0.6268 -0.7709 0.1137
vn 0.9791 -0.1804 0.0939
vn 0.9723 -0.2084 0.1059
vn 0.8064 -0.4505 -0.3831
vn 0.7164 -0.6889 -0.1105
vn 0.9170 0.1258 -0.3784
vn 0.9917 0.0841 0.0975
vn -0.2201 -0.1761 -0.9594
vn -0.0590 0.4350 -0.8985
vn -0.1924 0.5218 -0.8311
vn -0.3236 0.6455 -0.6918
vn -0.3750 0.4172 -0.8279
vn -0.0737 0.8229 -0.5634
vn 0.6210 0.7382 -0.2635
vn 0.3587 0.9310 0.0682
vn 0.9221 -0.3799 -0.0735
vn 0.6140 0.7558 0.2273
vn 0.8277 -0.4827 0.2864
vn 0.7101 -0.6472 0.2774
vn -0.0000 -1.0000 -0.0000
vn 0.4990 -0.8370 -0.2247
vn -0.6909 -0.6708 -0.2696
vn -0.6810 -0.1841 -0.7088
vn 0.4398 -0.8061 0.3959
vn 0.5093 -0.3944 0.7649
vn 0.2218 0.0701 -0.9726
vn 0.6515 0.1395 -0.7457
vn 0.9423 0.1436 -0.3025
vn -0.4863 0.0072 0.8738
vn -0.2927 -0.0709 0.9536
vn -0.6095 -0.2307 0.7585
vn -0.7822 -0.0821 0.6176
vn -0.7914 -0.0746 0.6067
vn -0.7388 -0.0449 0.6724
vn -0.4193 -0.4300 0.7995
vn 0.9103 -0.3274 0.2535
vn 0.5816 -0.7760 -0.2443
vn 0.9190 -0.2677 0.2895
vn 0.5584 -0.8093 -0.1824
vn 0.5223 -0.6081 -0.5979
vn 0.9214 -0.3041 -0.2421
vn 0.9471 -0.1862 0.2615
vn 0.9351 -0.3091 -0.1730
vn 0.8581 -0.2891 0.4243
vn 0.2940 -0.2486 -0.9229
vn 0.0800 -0.3283 0.9412
vn 0.2434 -0.0391 0.9691
vn -0.0168 -0.2728 0.9619
vn -0.0402 -0.4964 0.8671
vn -0.0594 -0.1974 0.9785
vn -0.1439 -0.3146 0.9383
vn 0.6177 0.3855 0.6855
vn 0.6869 0.4605 0.5623
vn 0.8414 0.5375 0.0555
vn 0.6890 0.4303 0.5832
vn 0.8120 0.5165 0.2718
vn 0.8555 0.5092 0.0939
vn 0.8364 0.5271 -0.1507
vn 0.7261 0.4048 -0.5558
vn 0.8516 0.5241 0.0068
vn 0.7102 0.4342 -0.5541
vn 0.1538 0.7658 0.6244
vn 0.1506 0.8310 0.5355
vn 0.1592 0.7672 0.6213
vn -0.1858 0.8315 0.5236
vn -0.1901 0.7707 0.6081
vn -0.1696 0.7656 0.6205
vn 0.2592 -0.1716 0.9504
vn 0.3529 0.2472 0.9024
vn 0.2471 0.0963 0.9642
vn -0.3716 0.2789 0.8855
vn -0.2514 -0.1859 0.9499
vn -0.2625 0.0961 0.9601
vn -0.9857 0.0955 -0.1390
vn -0.9938 0.1074 -0.0293
vn -0.9570 0.1211 0.2635
vn -0.8962 -0.1294 0.4244
vn -0.9610 0.1290 0.2447
vn -0.9751 0.1385 -0.1733
vn -0.9778 0.1326 -0.1623
vn -0.9769 0.1248 -0.1737
vn -0.9738 0.1233 0.1912
vn -0.9911 0.1304 -0.0272
vn -0.9025 0.0793 0.4234
vn -0.8372 0.2883 0.4648
vn -0.9671 0.0793 0.2415
vn 0.5706 0.2823 -0.7712
vn 0.6229 0.1572 -0.7664
vn 0.5236 0.0988 -0.8462
vn 0.5159 -0.1168 -0.8486
vn 0.3078 0.0250 -0.9511
vn 0.6559 -0.0538 -0.7530
vn 0.3370 0.2638 -0.9038
vn 0.2324 0.4188 -0.8778
vn 0.4335 0.4078 -0.8036
vn 0.3405 0.2666 -0.9017
vn -0.1890 0.8467 0.4973
vn -0.5550 0.7296 0.3996
vn -0.9526 0.2330 0.1956
vn -0.8917 0.3774 0.2498
vn -0.3810 0.3648 0.8496
vn -0.6720 0.2023 0.7123
vn -0.7550 0.4131 0.5092
vn -0.1619 0.6919 0.7036
vn -0.8836 0.2696 0.3828
vn -0.0507 -0.8711 -0.4884
vn -0.1830 -0.5758 -0.7969
vn -0.0258 -0.9453 -0.3252
vn -0.4459 -0.8948 -0.0202
vn 0.3718 -0.9074 0.1962
vn -0.2720 -0.7233 -0.6348
vn -0.3522 -0.9099 0.2193
vn 0.0863 -0.4833 0.8712
vn 0.1693 -0.2599 0.9507
vn 0.8864 -0.3797 0.2648
vn -0.3748 0.0414 0.9262
vn 0.7546 0.3175 0.5743
vn 0.6434 0.2480 0.7242
vn 0.3501 0.3495 0.8691
vn -0.7651 -0.1259 0.6314
vn -0.4815 0.0394 0.8755
vn -0.2859 0.2218 0.9322
vn 0.3890 0.3895 0.8349
vn 0.3079 0.3205 0.8958
vn -0.2647 0.6043 -0.7515
vn -0.6258 0.6389 -0.4474
vn -0.3707 0.7608 -0.5327
vn 0.0636 0.9940 0.0887
vn 0.1758 0.9412 -0.2885
vn -0.1511 0.9769 -0.1514
vn -0.1258 0.7346 -0.6668
vn -0.2973 0.9323 0.2059
vn -0.5712 0.8087 -0.1408
vn -0.1363 0.1812 -0.9740
vn -0.0022 0.2879 -0.9577
vn -0.0756 0.3404 -0.9372
vn -0.4170 0.6539 -0.6313
vn -0.5600 0.4621 -0.6876
vn -0.3716 0.4814 -0.7939
vn -0.1018 0.2710 -0.9572
vn -0.2446 0.5765 -0.7796
vn -0.1718 0.3584 -0.9176
vn -0.5184 0.1470 -0.8424
vn -0.0504 0.3327 -0.9417
vn 0.8700 0.3865 0.3061
vn 0.9610 0.2121 0.1777
vn 0.8798 0.3407 0.3314
vn 0.6685 0.5560 0.4939
vn 0.7881 0.3849 0.4804
vn 0.8831 0.3607 0.3002
vn -0.7196 -0.2831 0.6340
vn -0.2112 -0.9150 0.3437
vn -0.3920 -0.8935 0.2192
vn 0.7669 -0.5715 -0.2920
vn 0.6980 -0.7045 -0.1284
vn -0.4196 -0.9062 0.0513
vn -0.9168 -0.2770 0.2876
vn -0.3134 0.5725 0.7577
vn -0.1079 0.6943 0.7115
vn -0.1878 0.6841 0.7048
vn -0.3378 0.5981 0.7267
vn 0.7404 -0.6676 -0.0778
vn 0.9495 -0.1961 0.2448
vn 0.7717 -0.6213 -0.1361
vn 0.6058 -0.7511 -0.2625
vn 0.7513 -0.6593 -0.0311
vn 0.8965 -0.4430 -0.0029
vn 0.7819 -0.5962 -0.1822
vn 0.3414 -0.5311 0.7755
vn 0.2736 -0.3857 0.8811
vn 0.2782 -0.1518 0.9484
vn 0.3185 -0.5394 0.7795
vn 0.3913 -0.5489 0.7386
vn 0.1841 -0.0858 0.9792
vn 0.1264 -0.1443 0.9814
vn 0.3316 -0.5003 0.7999
vn 0.1313 -0.1149 0.9847
vn 0.6930 -0.1653 -0.7017
vn 0.5069 0.0604 -0.8599
vn 0.7072 0.1077 -0.6988
vn 0.4602 0.7118 -0.5306
vn 0.5173 0.8463 -0.1272
vn -0.0000 1.0000 -0.0000
vn 0.2231 0.8873 -0.4037
vn 0.8497 0.1163 -0.5142
vn -0.6968 -0.2182 0.6833
vn -0.7654 -0.2237 0.6034
vn -0.9506 -0.1642 0.2634
vn -0.9813 -0.1287 0.1430
vn -0.8432 -0.3152 0.4355
vn -0.3592 -0.3139 0.8789
vn -0.3738 -0.3312 0.8663
vn -0.8256 -0.2267 0.5168
vn -0.1003 0.7521 0.6514
vn -0.1956 0.3922 0.8988
vn 0.2143 0.4369 0.8736
vn 0.1765 0.4539 0.8734
vn 0.4693 0.4700 0.7476
vn 0.1728 0.8185 0.5479
vn 0.4202 0.3751 0.8263
vn 0.9644 -0.1237 -0.2335
vn 0.8764 -0.4290 -0.2187
vn 0.8280 -0.3817 -0.4107
vn 0.8669 -0.0298 -0.4976
vn 0.6195 -0.5970 -0.5098
vn 0.7279 0.6682 -0.1540
vn 0.1363 0.3159 0.9390
vn 0.2394 0.5853 0.7747
vn 0.2395 0.1721 0.9555
vn -0.1640 0.3087 0.9369
vn -0.2341 0.5791 0.7809
vn -0.3727 0.0706 0.9253
vn -0.7203 0.5530 -0.4189
vn -0.9154 0.4024 0.0021
vn -0.9030 0.3971 -0.1643
vn -0.9679 0.2442 -0.0591
vn -0.9554 0.0493 -0.2910
vn -0.9988 0.0242 -0.0429
vn -0.9906 0.0975 -0.0962
vn -0.9200 0.1807 -0.3478
vn -0.9616 0.2737 0.0180
vn -0.9933 0.1010 0.0563
vn -0.8461 0.3514 -0.4008
vn -0.0941 -0.1453 0.9849
vn -0.1448 -0.0526 0.9881
vn -0.8479 -0.1768 0.4998
vn -0.9817 0.1396 0.1296
vn -0.9109 -0.4123 0.0162
vn -0.7532 0.1116 0.6482
vn -0.1453 -0.4953 0.8565
vn -0.5615 -0.7861 0.2584
vn -0.3136 0.0422 0.9486
vn -0.3209 -0.1202 0.9395
vn -0.1914 0.1245 0.9736
vn 0.1600 -0.1771 0.9711
vn 0.2504 0.1081 0.9621
vn 0.1423 0.1239 0.9820
vn 0.0838 -0.5454 0.8340
vn 0.1834 -0.5447 0.8183
vn 0.0975 -0.2242 0.9697
vn -0.2745 -0.0955 0.9568
vn 0.3988 -0.5220 0.7540
vn 0.3664 -0.7879 0.4950
vn -0.3404 -0.8098 0.4777
vn -0.1193 -0.6556 0.7456
vn -0.0301 -0.5460 0.8373
vn -0.0774 -0.2238 0.9716
vn -0.6084 -0.4907 -0.6237
vn 0.1926 0.1755 -0.9655
vn 0.1937 0.0885 -0.9771
vn -0.1230 -0.1476 -0.9814
vn -0.4135 -0.2477 -0.8762
vn 0.0057 0.0882 -0.9961
vn -0.4341 -0.2827 -0.8554
vn -0.7178 -0.5294 -0.4523
vn -0.3350 -0.2575 -0.9063
vn -0.7265 -0.5174 -0.4522
vn -0.3721 -0.3325 -0.8666
vn 0.1692 0.0767 -0.9826
vn 0.2542 0.0728 -0.9644
vn -0.2860 0.4730 0.8334
vn -0.3519 0.6035 0.7155
vn -0.6129 0.5920 0.5234
vn -0.7180 0.0739 0.6921
vn -0.6340 0.0843 0.7687
vn -0.3380 -0.0202 0.9409
vn -0.1934 -0.1616 0.9677
vn -0.1511 -0.1238 0.9807
vn -0.3557 0.0264 0.9342
vn 0.9177 -0.3961 -0.0293
vn 0.4564 -0.8585 -0.2340
vn 0.7621 -0.6266 -0.1629
vn 0.9726 -0.2316 -0.0214
vn 0.8509 -0.5193 0.0798
vn 0.9677 -0.2054 -0.1460
vn 0.8775 -0.4728 0.0807
vn 0.9956 -0.0644 -0.0680
vn 0.6071 -0.6626 0.4385
vn 0.3848 -0.8916 -0.2387
vn -0.9754 0.0462 0.2156
vn -0.9319 -0.0440 0.3601
vn -0.9502 -0.0221 0.3109
vn -0.9598 -0.0328 0.2788
vn -0.9873 -0.0499 0.1512
vn -0.2569 0.9657 0.0362
vn -0.0065 0.9974 -0.0713
vn 0.2709 0.9590 -0.0834
vn -0.9774 0.0697 0.1998
vn -0.0884 -0.9740 0.2086
vn -0.3470 -0.9295 -0.1251
vn -0.2891 -0.8898 -0.3532
vn -0.4678 -0.4413 -0.7658
vn -0.2466 -0.4495 -0.8586
vn -0.1013 -0.9886 -0.1116
vn 0.0088 -0.9576 0.2878
vn -0.2844 0.7947 0.5362
vn 0.0966 0.3889 0.9162
vn -0.1730 0.8445 0.5068
vn 0.2425 0.9367 0.2526
vn -0.2421 0.9219 0.3025
vn 0.2380 0.6951 0.6784
vn 0.0682 0.4061 -0.9113
vn -0.0027 0.6398 -0.7685
vn 0.1287 0.6041 -0.7864
vn 0.2505 0.6994 -0.6695
vn 0.2731 0.5898 -0.7600
vn -0.0081 0.7215 -0.6923
vn 0.0753 0.8511 -0.5196
vn 0.2504 0.7520 -0.6098
vn 0.1664 0.6956 -0.6989
vn 0.4778 0.0701 0.8757
vn 0.2561 0.0026 0.9667
vn 0.3332 -0.0621 0.9408
vn -0.8895 -0.3824 0.2503
vn -0.9077 -0.3068 0.2863
vn -0.6073 -0.3055 0.7334
vn 0.1446 -0.5812 0.8008
vn -0.3869 -0.4456 0.8073
vn -0.6653 -0.2988 0.6842
vn 0.3990 -0.0855 0.9129
vn 0.7703 -0.6291 0.1042
vn 0.4450 -0.8896 0.1027
vn 0.7316 -0.5548 -0.3963
vn 0.6598 -0.0645 -0.7487
vn 0.8478 -0.3344 -0.4116
vn 0.4397 -0.8327 -0.3365
vn 0.5152 -0.5219 -0.6798
vn 0.1865 0.0023 -0.9825
vn 0.3120 0.0740 -0.9472
vn 0.2239 -0.0048 -0.9746
vn 0.0029 0.0689 -0.9976
vn 0.4850 0.0789 -0.8710
vn 0.5425 0.0638 -0.8377
vn 0.5399 -0.0316 -0.8412
vn 0.5398 -0.0316 -0.8412
vn 0.8268 -0.0907 0.5551
vn 0.6228 -0.1107 0.7745
vn 0.5299 -0.1333 0.8375
vn 0.3479 -0.1462 0.9261
vn 0.3328 -0.1715 0.9273
vn 0.5298 -0.1333 0.8376
vn 0.9696 0.2426 -0.0307
vn 0.8850 0.2407 -0.3984
vn 0.4772 0.2184 -0.8512
vn -0.6579 -0.2753 0.7010
vn -0.5053 -0.4711 0.7231
vn -0.4579 -0.4492 0.7672
vn -0.3693 -0.1306 0.9201
vn 0.0510 0.2253 -0.9730
vn 0.0948 0.0962 -0.9908
vn -0.4546 0.3586 -0.8153
vn 0.1084 -0.0622 -0.9922
vn -0.5786 0.2813 -0.7656
vn -0.6612 0.5059 -0.5540
vn -0.8384 0.4612 -0.2904
vn -0.8896 0.3091 0.3362
vn -0.6331 0.6055 0.4823
vn -0.7790 0.6242 0.0594
vn -0.7759 0.5298 -0.3424
vn -0.9104 0.3963 -0.1184
vn -0.4457 0.8187 -0.3620
vn -0.8446 0.3565 0.3994
vn -0.4527 0.8837 0.1186
vn 0.9656 0.1032 -0.2386
vn 0.9726 0.0988 0.2104
vn 0.9955 -0.0608 0.0731
vn 0.5315 -0.7674 0.3587
vn 0.6954 -0.7168 -0.0511
vn 0.6907 -0.1419 0.7091
vn 0.8545 -0.0743 -0.5141
vn -0.3144 0.1590 0.9359
vn -0.4164 -0.0148 0.9091
vn 0.0262 -0.1198 0.9925
vn 0.5537 -0.1586 0.8175
vn 0.5626 -0.1514 0.8127
vn 0.2145 -0.8724 0.4392
vn -0.0060 -0.5997 0.8002
vn 0.1424 -0.6642 0.7339
vn 0.3154 -0.8910 0.3266
vn -0.1685 -0.0462 0.9846
vn 0.9133 -0.1108 0.3919
vn 0.1739 -0.3265 -0.9291
vn 0.5329 -0.0592 -0.8441
vn -0.1122 0.2480 -0.9623
vn 0.3014 0.2738 -0.9134
vn 0.7862 0.6003 0.1470
vn 0.1402 0.9054 -0.4007
vn 0.4319 0.7744 -0.4623
vn -0.1663 0.9404 -0.2967
vn 0.4310 -0.8596 0.2744
vn 0.4999 -0.6995 0.5107
vn 0.3313 -0.9250 0.1862
vn 0.3813 -0.7639 0.5206
vn 0.2024 -0.9578 0.2041
vn 0.2973 -0.9540 0.0385
vn 0.0404 -0.9986 -0.0342
vn 0.1598 -0.9854 -0.0584
vn 0.0381 -0.9990 0.0240
vn 0.1616 -0.9862 -0.0364
vn -0.7162 0.6493 0.2561
vn -0.7703 0.4952 0.4018
vn -0.6031 0.6953 0.3909
vn -0.6545 0.5189 0.5499
vn -0.3450 0.8821 0.3207
vn -0.5326 0.8197 0.2108
vn -0.4182 0.7406 0.5259
vn -0.1500 0.5859 0.7964
vn -0.2066 0.7325 0.6487
vn -0.4904 0.5970 0.6350
vn -0.5908 0.7897 0.1651
vn -0.5036 -0.5686 0.6505
vn -0.1989 -0.0645 0.9779
vn -0.4179 0.7475 0.5163
vn -0.8333 0.2547 -0.4907
vn 0.3302 0.7387 0.5877
vn 0.1354 0.9104 0.3909
vn -0.0643 0.9074 0.4152
vn -0.6086 0.2152 -0.7638
vn 0.2023 0.5062 0.8384
vn -0.3969 0.7427 0.5392
vn -0.9886 0.1350 -0.0661
vn -0.0479 -0.7617 -0.6462
vn 0.0779 -0.9559 -0.2831
vn 0.5435 -0.7326 -0.4098
vn 0.9656 -0.0608 0.2528
vn 0.9415 -0.0560 -0.3324
vn 0.9057 -0.3191 -0.2790
vn 0.3587 -0.4421 -0.8222
vn 0.1898 -0.9810 0.0408
vn -0.0493 -0.5908 -0.8053
vn 0.4009 -0.6407 0.6548
vn -0.7337 -0.0717 -0.6757
vn -0.7565 -0.3004 -0.5809
vn -0.3142 -0.3646 -0.8765
vn 0.3896 -0.2353 -0.8904
vn 0.7080 -0.4975 -0.5013
vn 0.7584 -0.6512 -0.0282
vn 0.7275 -0.5535 -0.4055
vn 0.7276 -0.5424 -0.4201
vn 0.4603 -0.3008 -0.8353
vn 0.4346 -0.5469 0.7155
vn 0.4536 -0.2323 0.8604
vn 0.3220 -0.5354 0.7808
vn 0.3127 -0.2616 0.9131
vn 0.2872 -0.4380 0.8518
vn -0.9875 -0.1050 -0.1172
vn -0.8083 -0.0378 -0.5875
vn -0.8218 -0.0363 -0.5686
vn -0.3154 0.0832 -0.9453
vn -0.3554 0.0421 -0.9338
vn -0.7756 -0.0876 -0.6251
vn -0.9816 -0.1569 -0.1088
vn -0.6866 0.3696 0.6260
vn -0.7284 0.2659 0.6314
vn -0.8039 0.2898 0.5194
vn -0.8092 0.0913 0.5804
vn -0.8462 0.1133 0.5206
vn -0.9378 0.2169 0.2712
vn -0.8571 0.1782 0.4833
vn -0.9328 0.1204 0.3396
vn -0.9788 0.0917 0.1831
vn -0.9026 0.1918 0.3855
vn -0.8872 0.0840 0.4536
vn -0.8985 0.2293 -0.3744
vn -0.9246 0.2736 -0.2649
vn -0.8430 0.3781 -0.3827
vn -0.8435 0.4670 -0.2654
vn -0.5847 0.1825 -0.7905
vn -0.9350 0.1975 -0.2947
vn 0.7631 -0.2438 0.5985
vn 0.6056 -0.5302 0.5934
vn 0.6714 -0.5955 0.4410
vn 0.5271 -0.7588 0.3826
vn 0.5549 -0.4493 0.7002
vn 0.4351 -0.6917 0.5763
vn 0.5308 -0.6290 0.5680
vn 0.4857 -0.6367 0.5989
vn 0.4437 -0.8447 -0.2992
vn 0.0655 -0.9975 -0.0277
vn -0.0694 -0.9729 0.2206
vn -0.2136 -0.3743 -0.9024
vn 0.2971 -0.2825 -0.9121
vn 0.1919 -0.3109 -0.9309
vn 0.1184 -0.9724 0.2010
vn 0.5638 -0.2344 -0.7920
vn -0.4215 -0.3886 -0.8193
vn 0.7600 0.5719 -0.3089
vn 0.9115 0.3273 0.2492
vn 0.7099 0.6690 -0.2202
vn 0.4444 -0.2353 -0.8644
vn 0.2372 -0.2250 -0.9450
vn 0.1412 -0.8516 -0.5049
vn -0.2500 -0.6187 0.7448
vn -0.5238 -0.5346 0.6632
vn 0.0561 -0.9594 -0.2766
vn 0.2788 -0.8852 -0.3724
vn 0.0687 -0.9797 0.1883
vn 0.0185 -0.9997 -0.0143
vn 0.6011 -0.7784 0.1808
vn 0.9769 -0.1090 0.1837
vn 0.7180 -0.6298 0.2964
vn 0.7896 -0.3383 0.5119
vn -0.5116 0.8502 -0.1243
vn -0.2260 0.9362 -0.2691
vn -0.4857 0.8039 -0.3433
vn -0.2358 0.8658 -0.4414
vn -0.4580 0.7076 -0.5382
vn -0.7216 0.5528 -0.4168
vn -0.7601 0.6315 -0.1535
vn -0.1173 0.9923 -0.0394
vn -0.0352 0.9990 -0.0288
vn -0.6152 0.7660 -0.1867
vn -0.8656 0.3860 -0.3188
vn -0.3884 0.9206 -0.0400
vn -0.9295 0.3682 -0.0221
vn -0.9053 0.3738 -0.2019
vn 0.3595 0.9073 0.2179
vn 0.3295 0.9398 0.0904
vn -0.4718 0.8046 0.3606
vn -0.6408 0.5467 0.5390
vn 0.2564 0.9307 0.2610
vn -0.9875 0.0504 0.1493
vn 0.0206 0.3120 0.9498
vn 0.7134 0.0328 0.7000
vn 0.8880 0.1879 0.4197
vn 0.9683 -0.1964 -0.1546
vn 0.9278 -0.2156 -0.3044
vn 0.5724 0.2495 -0.7811
vn 0.7523 0.1276 -0.6464
vn 0.9973 -0.0460 0.0567
vn 0.9989 -0.0454 -0.0154
vn 0.9861 -0.0474 -0.1590
vn 0.5229 0.5738 -0.6303
vn 0.6877 0.3481 -0.6371
vn 0.9868 -0.0436 -0.1558
vn 0.9017 0.4059 -0.1489
vn -0.8126 -0.1215 -0.5700
vn -0.2626 -0.0685 -0.9625
vn -0.3567 -0.2440 -0.9018
vn -0.2209 0.0325 -0.9747
vn -0.5434 0.0318 -0.8389
vn -0.4677 -0.1090 -0.8771
vn -0.2004 -0.0815 -0.9763
vn -0.7956 -0.1045 -0.5967
vn -0.5658 -0.3435 -0.7496
vn -0.3713 -0.2420 -0.8964
vn 0.6620 0.0390 0.7485
vn 0.4893 -0.1879 0.8516
vn 0.3181 -0.3205 0.8922
vn 0.4892 -0.1880 0.8517
vn 0.2647 -0.3143 0.9117
vn 0.0925 0.0145 0.9956
vn 0.3582 0.1437 0.9225
vn 0.3398 0.0541 0.9390
vn -0.9515 -0.1597 0.2630
vn -0.9835 -0.1136 -0.1411
vn -0.4169 0.5475 0.7256
vn -0.4889 0.4473 0.7489
vn -0.4299 0.4996 0.7521
vn -0.5895 0.4520 0.6695
vn -0.5407 0.3360 0.7712
vn -0.4110 0.5973 0.6887
vn -0.3901 0.5517 0.7372
vn 0.9444 -0.2230 0.2418
vn 0.6675 -0.7384 0.0959
vn 0.4421 -0.8923 -0.0911
vn 0.5513 -0.2278 0.8026
vn 0.3802 0.4765 0.7927
vn 0.6573 0.4288 0.6198
vn 0.1452 0.6157 0.7745
vn 0.4678 0.3611 0.8067
vn 0.7311 -0.1397 0.6678
vn 0.6081 -0.2093 0.7658
vn 0.0706 0.5157 0.8539
vn 0.2289 0.8519 0.4710
vn 0.8906 0.4289 0.1513
vn 0.4432 0.8884 -0.1197
vn 0.7704 0.3074 -0.5586
vn 0.0609 0.6532 -0.7548
vn -0.0917 0.9330 0.3481
vn -0.0008 0.9916 0.1293
vn -0.1647 0.9289 0.3316
vn -0.2182 0.5892 0.7780
vn -0.5137 0.5535 0.6555
vn -0.3479 0.9055 0.2430
vn -0.2696 0.9396 0.2107
vn 0.4351 -0.8791 0.1947
vn 0.7135 -0.2663 0.6481
vn 0.9223 -0.2700 0.2765
vn 0.8052 -0.2245 -0.5489
vn 0.4884 -0.8435 -0.2236
vn 0.9234 -0.2656 -0.2770
vn 0.4837 -0.8711 0.0855
vn 0.9224 -0.2699 0.2763
vn 0.9561 0.0918 -0.2783
vn 0.6637 0.5722 -0.4817
vn 0.8861 -0.0131 -0.4633
vn 0.8206 -0.0838 -0.5653
vn 0.8227 -0.1108 -0.5576
vn 0.6258 0.5067 -0.5929
vn 0.8387 0.0123 -0.5444
vn 0.8621 -0.0044 -0.5067
vn 0.8473 -0.0500 -0.5288
vn 0.9526 0.0204 -0.3035
vn 0.5984 0.4923 -0.6321
vn 0.9887 0.0847 0.1238
vn 0.5528 0.7782 0.2980
vn -0.9393 0.2654 0.2172
vn -0.9071 -0.0374 0.4193
vn -0.3084 0.9507 -0.0317
vn -0.6320 0.7748 0.0149
vn -0.5773 0.6410 0.5058
vn -0.6635 0.4616 0.5888
vn -0.4362 0.3396 0.8333
vn 0.7240 0.5954 -0.3484
vn 0.0050 0.9011 -0.4335
vn 0.5775 0.7776 -0.2486
vn 0.0022 0.9787 -0.2054
vn 0.7339 0.6736 -0.0877
vn 0.9979 -0.0642 0.0042
vn -0.2956 -0.2393 -0.9249
vn 0.4165 -0.1651 -0.8940
vn 0.0326 -0.0730 -0.9968
vn 0.9142 0.0755 -0.3981
vn 0.2331 -0.0903 -0.9682
vn -0.3141 -0.2570 -0.9139
vn 0.7356 0.1143 -0.6677
vn 0.8535 0.2557 -0.4540
vn -0.0686 -0.1788 -0.9815
vn -0.1154 -0.2653 -0.9572
vn -0.5049 -0.1801 -0.8442
vn -0.3004 -0.2191 -0.9283
vn -0.1780 -0.7760 0.6051
vn -0.5481 -0.7494 0.3715
vn -0.0769 -0.9969 -0.0156
vn 0.5341 -0.8454 -0.0042
vn 0.4693 -0.8525 0.2303
vn -0.7079 -0.7034 -0.0637
vn -0.4549 -0.8417 -0.2908
vn 0.1860 -0.8334 0.5205
vn 0.0238 -0.9630 0.2683
vn 0.3404 -0.8828 -0.3237
vn 0.4925 -0.8315 -0.2571
vn 0.4597 0.0515 0.8866
vn 0.4744 -0.0339 0.8797
vn 0.3935 0.0634 0.9171
vn 0.3361 -0.1320 0.9325
vn 0.3480 0.0553 0.9358
vn 0.7475 -0.1886 0.6369
vn 0.8358 0.1234 0.5350
vn 0.2993 0.3098 0.9025
vn 0.2326 -0.4534 0.8604
vn 0.4606 -0.3210 0.8276
vn 0.4659 -0.1234 0.8762
vn 0.3984 -0.4080 0.8215
vn 0.2163 0.0317 -0.9758
vn 0.1955 -0.0707 -0.9782
vn 0.0683 0.0134 -0.9976
vn 0.0692 -0.0535 -0.9962
vn 0.0695 -0.1065 -0.9919
vn 0.2622 -0.0677 -0.9626
vn 0.2081 -0.0983 -0.9732
vn 0.3716 -0.2407 -0.8966
vn 0.0846 -0.4837 0.8711
vn -0.3081 0.0168 0.9512
vn -0.3797 -0.0433 0.9241
vn -0.4395 0.1675 0.8825
vn -0.2929 -0.5658 0.7708
vn -0.8004 -0.3506 0.4863
vn -0.4932 0.2277 0.8396
vn -0.7617 -0.0108 0.6479
vn 0.9906 -0.1154 0.0736
vn 0.9603 -0.1753 0.2168
vn 0.9906 -0.1158 0.0731
vn 0.1521 0.1154 0.9816
vn -0.3894 -0.2450 0.8879
vn -0.3874 -0.2588 0.8849
vn -0.1214 -0.6605 0.7410
vn 0.3324 -0.3319 0.8828
vn -0.0233 -0.5282 0.8488
vn -0.6242 -0.4220 0.6575
vn -0.6057 -0.4240 0.6733
vn 0.5764 -0.2982 0.7608
vn -0.1973 -0.8619 0.4671
vn 0.1871 0.1844 0.9649
vn -0.9583 0.2731 -0.0841
vn -0.7500 0.5987 -0.2812
vn -0.8330 0.4238 -0.3556
vn -0.6838 0.3109 -0.6601
vn -0.8854 0.1605 -0.4362
vn -0.9755 0.1248 -0.1810
vn -0.5870 0.7014 -0.4044
vn -0.4075 0.5906 -0.6965
vn -0.5809 0.5326 -0.6155
vn -0.6029 0.0588 -0.7956
vn -0.5752 0.1630 -0.8016
vn -0.7601 0.1394 -0.6347
vn -0.9927 -0.1012 -0.0660
vn -0.8138 -0.1271 -0.5670
vn -0.7602 0.1394 -0.6346
vn -0.6030 0.0587 -0.7956
vn -0.9760 0.0527 0.2111
vn -0.9702 -0.0164 0.2416
vn -0.9716 0.1060 -0.2118
vn 0.4803 0.5772 0.6605
vn 0.2601 0.9607 0.0966
vn 0.3772 0.9056 0.1938
vn 0.4102 0.8898 0.2003
vn 0.5237 0.8516 0.0217
vn 0.7537 0.4913 0.4365
vn 0.7183 0.5256 0.4559
vn 0.5913 0.6017 0.5370
vn 0.0984 0.9539 -0.2834
vn 0.7642 0.1682 -0.6227
vn 0.2374 0.1383 -0.9615
vn 0.3622 0.1669 -0.9170
vn 0.4066 0.1557 -0.9002
vn 0.8742 0.0387 -0.4840
vn -0.1183 0.0921 -0.9887
vn -0.1946 -0.4618 0.8654
vn -0.3407 -0.3100 0.8876
vn -0.4799 -0.3831 0.7893
vn -0.4814 -0.2930 0.8261
vn -0.6246 -0.6577 0.4210
vn -0.4046 -0.8806 0.2468
vn -0.4075 -0.7645 0.4995
vn -0.5669 -0.3519 0.7448
vn -0.1862 -0.8428 0.5049
vn -0.1215 -0.7858 0.6065
vn 0.6603 -0.5727 -0.4858
vn 0.6482 -0.7442 0.1611
vn 0.8435 -0.4669 -0.2655
vn 0.2942 -0.1572 -0.9427
vn 0.1981 -0.1362 -0.9707
vn 0.8092 -0.4969 0.3135
vn 0.7840 -0.2173 0.5815
vn 0.5899 -0.4384 0.6781
vn 0.5892 -0.3165 0.7434
vn 0.7016 -0.0524 0.7107
vn 0.5495 -0.2289 0.8035
vn 0.7265 -0.1214 0.6763
vn 0.7640 -0.0781 0.6404
vn 0.7524 -0.1452 0.6425
vn 0.5103 -0.3096 0.8023
vn 0.5676 0.8229 -0.0245
vn 0.9563 -0.0304 0.2909
vn 0.9469 -0.2779 0.1616
vn 0.0802 -0.7220 0.6872
vn 0.7492 -0.6502 -0.1261
vn -0.0023 -0.9984 -0.0572
vn -0.0009 -0.9998 -0.0222
vn -0.1477 -0.9855 -0.0834
vn -0.2179 -0.9628 0.1596
vn -0.4479 -0.8308 0.3304
vn -0.3204 -0.9472 -0.0077
vn -0.3069 -0.9503 -0.0528
vn -0.0916 -0.9871 -0.1311
vn -0.4238 -0.8893 0.1718
vn -0.3257 -0.9444 -0.0449
vn 0.7448 0.1851 0.6411
vn 0.4656 0.1128 0.8778
vn 0.7485 -0.0076 0.6631
vn 0.5484 -0.6644 0.5079
vn 0.8751 -0.4709 0.1112
vn 0.6606 -0.4508 0.6003
vn 0.9284 -0.2990 0.2205
vn 0.6518 -0.4084 0.6391
vn 0.3930 -0.2939 0.8713
vn 0.4741 -0.4534 0.7547
vn 0.4154 0.3866 0.8234
vn 0.5869 0.1113 0.8020
vn 0.3559 0.1636 0.9201
vn 0.2796 0.1768 0.9437
vn 0.2805 0.1592 0.9466
vn 0.2598 0.1615 0.9521
vn 0.4882 0.1098 0.8658
vn 0.4702 0.1384 0.8716
vn 0.3626 0.1877 0.9128
vn 0.4091 0.1850 0.8935
vn -0.9656 0.2406 0.0986
vn -0.9940 0.0974 0.0494
vn -0.9307 0.2122 0.2981
vn -0.8256 0.2639 0.4988
vn -0.8343 0.5070 0.2167
vn -0.9757 0.1492 0.1605
vn -0.8707 0.2207 0.4395
vn -0.7476 0.0716 0.6603
vn -0.8323 0.5543 -0.0013
vn 0.3072 0.5928 0.7445
vn -0.2145 0.8523 0.4770
vn -0.5095 0.3632 0.7800
vn 0.1335 -0.0397 0.9903
vn 0.4110 0.4015 0.8185
vn -0.8865 0.4280 0.1759
vn 0.9960 0.0740 0.0510
vn 0.7297 0.1608 -0.6646
vn 0.7327 0.1919 -0.6529
vn 0.0183 0.2906 -0.9567
vn 0.7252 0.3232 -0.6080
vn 0.9979 0.0381 0.0516
vn 0.0355 0.1535 -0.9875
vn 0.2237 -0.1265 0.9664
vn 0.3955 -0.3524 0.8482
vn 0.6569 -0.0528 0.7521
vn -0.4399 -0.8469 0.2988
vn -0.3458 -0.9326 0.1031
vn -0.3734 -0.8668 0.3306
vn -0.3974 -0.7745 0.4921
vn -0.4005 -0.8899 0.2184
vn 0.1186 0.8757 -0.4681
vn -0.5716 0.7823 0.2477
vn 0.4092 0.6966 -0.5894
vn 0.5478 -0.5667 -0.6154
vn 0.7994 -0.6008 0.0008
vn 0.8626 -0.4292 0.2679
vn 0.7061 -0.6671 0.2373
vn 0.5692 -0.7163 0.4037
vn 0.4790 -0.8613 0.1695
vn 0.7607 -0.4597 0.4582
vn 0.5543 -0.8281 -0.0836
vn -0.7565 -0.4925 -0.4303
vn -0.8165 -0.5770 -0.0176
vn 0.0727 -0.9538 -0.2916
vn 0.2078 -0.9780 -0.0162
vn 0.1484 -0.9845 0.0933
vn -0.7972 -0.5661 0.2098
vn -0.8071 -0.5890 -0.0403
vn -0.0061 -0.9545 0.2981
vn -0.7953 -0.5703 0.2054
vn -0.3129 -0.5186 0.7957
vn -0.2386 -0.1428 0.9606
vn -0.2796 -0.5380 0.7952
vn -0.3264 -0.5601 0.7614
vn -0.4476 -0.3731 0.8127
vn -0.3845 -0.0964 0.9181
vn -0.3773 -0.0825 0.9224
vn -0.3408 -0.5336 0.7740
vn 0.8573 -0.4720 0.2055
vn 0.9557 -0.2682 0.1210
vn -0.0576 -0.0815 0.9950
vn 0.6563 -0.2720 0.7038
vn 0.6182 -0.2993 0.7268
vn 0.9461 -0.3072 0.1023
vn 0.8052 -0.2966 0.5136
vn 0.9051 -0.3948 0.1581
vn 0.8700 0.0231 0.4925
vn 0.8067 0.5025 0.3110
vn 0.6240 0.5856 0.5173
vn 0.6078 0.7591 0.2330
vn 0.2880 0.4620 0.8388
vn 0.5817 0.0133 0.8133
vn 0.3824 0.8728 0.3033
vn -0.1626 0.8855 0.4352
vn 0.1520 0.8837 0.4427
vn 0.1359 0.1752 -0.9751
vn 0.6163 0.5071 -0.6025
vn 0.6108 0.4970 -0.6164
vn 0.0695 0.1292 -0.9892
vn 0.3827 0.3189 -0.8671
vn 0.8065 0.5824 -0.1021
vn 0.5948 0.4579 -0.6607
vn 0.6176 0.4549 -0.6416
vn 0.1410 0.1554 -0.9777
vn 0.7989 0.5946 -0.0905
vn -0.8680 0.2851 0.4066
vn -0.0000 0.5039 0.8638
vn -0.7268 0.4063 0.5537
vn 0.0066 0.6275 0.7786
vn -0.8597 0.4535 0.2350
vn -0.7296 0.5183 0.4463
vn -0.9751 0.0533 -0.2153
vn 0.7331 0.4748 0.4870
vn 0.9336 0.3266 0.1473
vn -0.0000 0.6373 0.7707
vn -0.9939 0.0237 -0.1074
vn -0.7117 0.1503 0.6863
vn -0.6221 -0.4378 0.6491
vn 0.0469 -0.7713 0.6347
vn 0.0436 0.1478 0.9880
vn -0.5481 -0.6632 0.5097
vn 0.7843 0.5896 -0.1929
vn 0.7700 0.6363 0.0467
vn 0.9331 0.3556 -0.0544
vn 0.7495 0.6615 0.0242
vn 0.8671 0.4350 0.2427
vn 0.9482 0.2697 0.1677
vn 0.8034 0.4204 -0.4218
vn 0.9640 0.0981 0.2470
vn 0.9873 -0.0188 0.1580
vn 0.9708 0.1751 -0.1642
vn 0.9984 -0.0281 0.0496
vn -0.8925 -0.1850 0.4114
vn -0.9297 -0.3666 -0.0352
vn -0.8773 -0.3023 0.3729
vn -0.4979 -0.3300 0.8020
vn -0.4979 -0.1506 0.8541
vn -0.4916 -0.8417 0.2232
vn -0.5560 -0.8311 -0.0036
vn -0.5563 0.5631 -0.6111
vn -0.7253 -0.6242 -0.2903
vn 0.0777 -0.8820 0.4648
vn -0.6940 0.1939 -0.6934
vn -0.5782 -0.7833 -0.2284
vn -0.8916 -0.3229 0.3175
vn -0.8815 0.1665 0.4419
vn -0.8027 -0.3299 -0.4969
vn 0.4143 0.6067 0.6785
vn 0.4482 0.6527 0.6109
vn 0.3976 0.6285 0.6685
vn 0.2728 0.4595 0.8453
vn 0.4041 0.2340 0.8843
vn 0.3746 0.3131 0.8727
vn 0.6241 0.2908 0.7252
vn 0.3156 0.1751 0.9326
vn 0.4239 0.2538 0.8694
vn -0.8197 0.5596 0.1220
vn -0.6815 0.7144 0.1589
vn -0.6553 0.7450 -0.1248
vn -0.7413 0.6166 0.2651
vn -0.4122 0.8779 0.2439
vn 0.2746 -0.8621 0.4259
vn 0.0694 -0.8372 0.5425
vn 0.2945 -0.2139 0.9314
vn 0.0376 -0.1734 0.9841
vn 0.8599 -0.0725 0.5052
vn 0.8855 -0.1000 0.4537
vn 0.9091 -0.1057 0.4030
vn 0.8805 -0.1509 0.4493
vn 0.9116 -0.1388 0.3869
vn -0.9959 -0.0414 0.0808
vn -0.9952 -0.0485 -0.0847
vn -0.9756 -0.0128 0.2194
vn -0.9299 -0.0123 0.3676
vn -0.9924 0.0651 0.1047
vn -0.9251 0.0798 -0.3711
vn -0.9944 0.0492 -0.0938
vn -0.7632 0.0561 0.6437
vn -0.6571 0.0785 0.7497
vn -0.2263 -0.6760 0.7014
vn -0.3699 -0.1192 0.9214
vn -0.3491 -0.1175 0.9297
vn -0.3551 -0.0230 0.9345
vn -0.4076 -0.0291 0.9127
vn -0.1554 -0.8093 0.5665
vn -0.4686 -0.4819 0.7404
vn -0.2346 -0.8471 0.4768
vn -0.2778 -0.7854 0.5531
vn -0.4892 -0.1281 0.8627
vn 0.7911 -0.5949 0.1420
vn 0.8015 -0.5980 -0.0062
vn 0.7975 -0.5865 0.1416
vn 0.7867 -0.5814 -0.2076
vn 0.6933 -0.5215 -0.4973
vn 0.8152 -0.5791 0.0055
vn 0.6714 -0.5031 0.5441
vn 0.7808 -0.6243 0.0268
vn 0.7205 -0.4968 0.4838
vn 0.4090 0.0581 0.9107
vn 0.5055 0.0653 0.8603
vn 0.2207 0.1961 0.9554
vn 0.9326 0.0905 -0.3495
vn 0.8818 -0.2624 -0.3918
vn 0.8871 -0.1753 -0.4269
vn 0.6137 -0.1995 -0.7640
vn 0.9175 0.1001 -0.3850
vn 0.4214 -0.7748 -0.4712
vn 0.3427 -0.5171 -0.7843
vn 0.4873 -0.8247 -0.2871
vn 0.1293 -0.9832 -0.1286
vn 0.1635 -0.7440 -0.6479
vn 0.3848 -0.8763 -0.2898
vn 0.2592 -0.9250 -0.2778
vn 0.0997 -0.9569 -0.2727
vn -0.1188 -0.9865 -0.1124
vn -0.1547 -0.7429 -0.6513
vn 0.0208 -0.9892 0.1452
vn -0.1949 -0.9337 -0.3004
vn 0.0206 -0.9773 0.2109
vn -0.0013 -0.9710 -0.2392
vn 0.5295 0.8433 0.0922
vn 0.3059 0.9511 0.0416
vn 0.9077 -0.4101 0.0888
vn 0.8747 -0.0047 0.4846
vn 0.9476 -0.3172 0.0390
vn 0.8766 0.3941 0.2761
vn 0.9755 -0.1404 -0.1693
vn 0.2309 0.8941 0.3838
vn 0.9901 0.1325 -0.0455
vn 0.9849 0.1612 -0.0636
vn 0.9758 0.2106 -0.0592
vn 0.8145 0.0895 0.5732
vn 0.6360 0.0877 0.7667
vn 0.8861 0.1376 0.4426
vn 0.8922 0.1620 0.4215
vn 0.6679 0.1117 0.7358
vn 0.8901 0.1379 0.4344
vn -0.6294 0.5088 -0.5874
vn -0.8969 0.0059 -0.4423
vn -0.8106 -0.0508 -0.5834
vn -0.5219 -0.1880 -0.8320
vn -0.7007 -0.1090 -0.7051
vn -0.6321 0.1565 -0.7589
vn -0.8078 -0.0591 -0.5865
vn -0.7157 -0.0344 -0.6976
vn -0.5048 -0.0677 -0.8606
vn -0.7361 -0.1522 -0.6595
vn -0.8169 -0.1203 -0.5641
vn -0.3210 0.3484 0.8807
vn -0.9143 -0.0488 0.4022
vn -0.4697 0.3427 0.8136
vn 0.0974 0.7727 -0.6272
vn -0.1620 0.9436 -0.2888
vn -0.2599 0.7666 -0.5872
vn 0.1953 0.9801 -0.0364
vn 0.4620 0.8785 -0.1218
vn 0.6195 0.7552 -0.2145
vn 0.2574 0.9627 -0.0837
vn 0.9212 0.1488 -0.3596
vn -0.5861 0.6131 -0.5297
vn -0.4608 0.6361 -0.6189
vn 0.1642 0.9136 0.3720
vn -0.0067 0.0292 -0.9996
vn 0.1085 0.0744 -0.9913
vn 0.6395 -0.0505 -0.7671
vn 0.9817 -0.1264 -0.1427
vn 0.8051 -0.0442 -0.5915
vn 0.7082 -0.1193 -0.6958
vn 0.9663 -0.1685 -0.1944
vn 0.7831 -0.1257 -0.6090
vn 0.9765 -0.1413 -0.1629
vn 0.2055 -0.0443 -0.9777
vn 0.3511 0.1890 0.9171
vn 0.3849 0.4259 0.8188
vn 0.5571 0.0319 0.8298
vn 0.6252 0.3952 0.6730
vn 0.6805 0.3554 0.6408
vn 0.7030 0.2706 0.6577
vn 0.6954 0.3117 0.6475
vn 0.8248 0.1067 0.5552
vn 0.7410 0.0258 0.6710
vn -0.4577 -0.0685 -0.8865
vn 0.0447 0.3586 -0.9324
vn -0.4687 -0.2800 -0.8378
vn -0.3730 -0.2436 -0.8953
vn -0.7514 0.6282 0.2021
vn -0.7823 0.5950 0.1842
vn -0.8444 0.4133 0.3407
vn -0.9219 0.2180 0.3203
vn -0.9034 0.2796 0.3251
vn -0.7400 0.5784 0.3434
vn -0.9000 0.3214 0.2944
vn 0.0466 -0.2761 -0.9600
vn 0.0464 -0.2758 -0.9601
vn 0.0450 -0.2730 -0.9609
vn -0.8584 -0.0765 -0.5072
vn -0.6052 -0.0767 -0.7923
vn -0.6060 -0.1800 -0.7749
vn -0.6016 0.0442 -0.7976
vn -0.9093 0.3427 0.2361
vn -0.5574 0.8016 0.2162
vn -0.7032 0.6742 -0.2257
vn -0.4598 0.7302 -0.5054
vn -0.2864 0.8479 -0.4462
vn -0.4448 0.8166 -0.3678
vn -0.9725 0.0591 -0.2251
vn -0.8989 0.1333 -0.4174
vn -0.3689 0.9100 -0.1894
vn 0.8128 0.5824 0.0118
vn 0.8480 0.5298 0.0134
vn 0.8142 0.5169 -0.2643
vn 0.4931 0.4408 -0.7500
vn 0.6218 0.4984 -0.6041
vn 0.8534 0.4784 -0.2069
vn 0.8646 0.5003 -0.0455
vn -0.2218 0.2733 0.9360
vn -0.1438 0.2405 0.9599
vn -0.1901 0.3983 0.8973
vn -0.1820 -0.1649 0.9694
vn -0.1190 -0.0191 0.9927
vn -0.2158 0.0661 0.9742
vn -0.4728 0.6092 0.6367
vn -0.5866 0.7183 0.3741
vn -0.4533 0.6442 0.6161
vn -0.4118 0.7354 0.5382
vn -0.6029 0.3670 0.7084
vn -0.3979 0.4973 0.7710
vn -0.3733 0.5460 0.7500
vn -0.5232 0.8063 0.2760
vn 0.4796 0.6919 -0.5397
vn 0.2103 0.8721 -0.4419
vn 0.5161 0.7884 -0.3348
vn 0.2122 0.9524 -0.2190
vn 0.5200 0.8413 -0.1475
vn 0.7443 0.5332 -0.4021
vn 0.7495 0.6348 -0.1876
vn 0.1220 -0.7788 0.6153
vn -0.1003 -0.8279 -0.5519
vn -0.2155 -0.7371 -0.6405
vn -0.4073 -0.2508 -0.8782
vn -0.4795 -0.2500 -0.8412
vn -0.0208 -0.9979 0.0608
vn 0.3427 -0.7273 0.5947
vn 0.1719 -0.9442 0.2810
vn -0.2151 -0.2292 -0.9493
vn 0.1838 -0.3144 0.9313
vn 0.2737 -0.9211 0.2768
vn 0.2964 -0.7903 0.5363
vn 0.0477 -0.9891 0.1394
vn -0.0715 -0.9953 0.0655
vn 0.1645 -0.9852 0.0489
vn 0.0477 -0.9891 0.1393
vn 0.2737 -0.9212 0.2767
vn -0.6429 -0.6596 0.3894
vn -0.9271 -0.3561 0.1171
vn -0.4665 -0.8838 0.0353
vn -0.8465 0.5245 0.0914
vn -0.8393 0.5437 0.0019
vn -0.7214 0.4096 -0.5584
vn -0.9039 0.3801 -0.1963
vn -0.8602 0.5075 0.0509
vn -0.7252 0.3991 -0.5611
vn -0.7314 0.2766 -0.6234
vn -0.6336 0.4038 -0.6599
vn -0.2430 0.0730 -0.9673
vn -0.1896 0.0799 -0.9786
vn 0.2273 0.8200 0.5252
vn 0.1111 0.9384 0.3271
vn 0.0902 0.8556 0.5097
vn -0.2390 0.7695 0.5922
vn -0.2696 0.6353 0.7237
vn -0.1051 0.8042 0.5850
vn -0.1823 0.6220 0.7615
vn 0.1648 0.6160 0.7703
vn 0.2696 0.6305 0.7279
vn 0.1289 0.7354 0.6653
vn -0.1420 0.9234 0.3565
vn -0.1054 0.9353 0.3378
vn 0.2383 0.7079 0.6649
vn 0.6875 0.7255 0.0299
vn 0.8607 0.4952 0.1183
vn 0.8402 0.4790 -0.2542
vn 0.7243 0.3036 -0.6190
vn 0.9963 0.0621 -0.0587
vn 0.7135 0.0807 -0.6960
vn -0.7963 0.5169 0.3141
vn -0.5921 0.7500 0.2946
vn -0.7970 0.5386 0.2732
vn -0.9081 0.3815 0.1725
vn -0.9826 -0.0508 0.1789
vn -0.6891 0.6944 0.2071
vn 0.8647 0.0398 0.5007
vn 0.9906 -0.0287 0.1340
vn 0.7424 -0.5737 -0.3460
vn -0.1007 -0.8819 0.4605
vn -0.1508 -0.8772 0.4559
vn 0.2849 -0.8963 -0.3398
vn 0.2713 -0.9620 -0.0300
vn 0.0217 -0.9520 0.3053
vn -0.2335 -0.5844 0.7772
vn -0.3053 -0.5879 0.7491
vn -0.3786 -0.5959 0.7082
vn 0.0551 -0.9378 0.3427
vn -0.4773 -0.6313 0.6113
vn -0.0005 -0.9626 0.2711
vn 0.4890 0.0853 0.8681
vn 0.5216 0.1279 0.8435
vn 0.8875 0.2013 0.4145
vn 0.8917 0.2229 0.3938
vn 0.8875 0.2013 0.4144
vn -0.9895 -0.1316 -0.0604
vn -0.9958 -0.0236 -0.0882
vn -0.9252 0.3787 0.0260
vn -0.9325 0.3304 -0.1460
vn -0.9719 0.2166 -0.0923
vn -0.9237 0.1747 -0.3410
vn -0.9917 0.0022 -0.1282
vn -0.0507 0.9834 0.1742
vn 0.1623 0.9583 0.2353
vn -0.5661 0.8238 0.0294
vn -0.4236 0.8153 0.3948
vn -0.2511 0.9680 0.0053
vn 0.5554 0.7815 0.2842
vn 0.1499 0.9673 0.2045
vn 0.1784 0.9675 0.1795
vn 0.2017 -0.8466 -0.4925
vn 0.2768 -0.7183 -0.6383
vn 0.3946 -0.6648 -0.6343
vn 0.9633 -0.2600 0.0668
vn 0.9762 -0.1534 0.1531
vn 0.9805 0.1404 0.1375
vn 0.2092 -0.7111 -0.6713
vn 0.6092 -0.7914 0.0500
vn -0.1873 -0.9128 -0.3630
vn -0.2897 -0.9550 0.0642
vn 0.7413 -0.1963 0.6418
vn 0.7405 -0.1791 0.6478
vn -0.9966 0.0575 0.0592
vn -0.9954 0.0734 0.0609
vn -0.9986 0.0239 0.0479
vn -0.9485 0.0950 -0.3023
vn -0.9910 0.1253 -0.0465
vn -0.9398 0.1491 -0.3076
vn -0.6663 -0.0268 -0.7452
vn -0.8771 0.2648 -0.4008
vn -0.6012 0.1245 -0.7893
vn -0.9643 0.2620 -0.0374
vn 0.3806 -0.2541 0.8891
vn 0.4078 -0.5136 0.7550
vn 0.4487 -0.3965 0.8009
vn 0.3531 -0.6485 0.6744
vn 0.4939 -0.4742 0.7288
vn 0.6272 -0.1876 0.7559
vn -0.6764 0.0653 -0.7336
vn -0.2306 0.0057 -0.9730
vn -0.5304 0.5535 -0.6421
vn -0.0954 0.8932 -0.4394
vn -0.4135 0.7154 -0.5632
vn -0.3049 -0.1107 0.9459
vn -0.3105 -0.1587 0.9373
vn -0.1654 -0.5123 0.8427
vn -0.5477 -0.5538 0.6271
vn -0.5107 -0.5377 0.6709
vn -0.5350 -0.4052 0.7414
vn -0.4501 -0.3190 0.8341
vn -0.9176 0.3751 0.1317
vn -0.9629 0.1908 0.1909
vn -0.9856 0.0652 -0.1558
vn -0.9575 0.1444 -0.2497
vn -0.9892 0.0661 -0.1312
vn -0.9515 0.1835 -0.2471
vn 0.0183 0.7776 -0.6285
vn 0.2453 0.7833 -0.5712
vn -0.1153 0.9819 0.1505
vn -0.0555 0.7985 -0.5994
vn 0.2538 0.1527 0.9551
vn 0.3740 0.4605 0.8050
vn 0.1631 0.4796 0.8622
vn -0.3542 0.7407 -0.5709
vn 0.1314 0.5924 0.7949
vn 0.1963 -0.8063 -0.5580
vn 0.3214 -0.6809 -0.6581
vn 0.1001 -0.8227 -0.5596
vn 0.2350 -0.6443 0.7277
vn 0.6506 -0.3794 0.6578
vn 0.4085 -0.3545 -0.8411
vn 0.1049 -0.4748 -0.8738
vn 0.9272 -0.1587 0.3392
vn -0.0539 -0.9447 -0.3234
vn -0.1483 0.5395 0.8288
vn 0.1861 0.5892 0.7863
vn 0.0018 0.8515 0.5243
vn 0.3755 0.7407 0.5572
vn -0.3904 0.7197 0.5741
vn -0.2695 0.4601 0.8460
vn -0.3189 0.2509 0.9140
vn -0.3636 0.1948 0.9110
vn -0.2719 0.2111 0.9389
vn -0.4005 0.2305 0.8868
vn -0.2455 0.2329 0.9410
vn 0.6401 0.7030 -0.3100
vn 0.9821 0.1764 0.0654
vn 0.9566 0.2703 0.1090
vn 0.6051 0.7693 -0.2051
vn 0.1096 -0.1795 0.9776
vn 0.2183 0.5686 0.7931
vn 0.6116 0.2697 0.7437
vn 0.2039 -0.1493 0.9675
vn 0.0521 -0.1310 0.9900
vn 0.3758 -0.0757 0.9236
vn -0.5461 -0.4701 0.6934
vn -0.4164 -0.2824 0.8642
vn -0.5782 -0.6379 0.5086
vn 0.1463 -0.8899 0.4321
vn -0.1322 -0.6335 0.7624
vn 0.0024 -0.7475 0.6642
vn -0.3766 -0.4094 0.8310
vn 0.1930 -0.9116 0.3630
vn -0.6065 -0.7938 0.0458
vn -0.9293 -0.1799 -0.3227
vn -0.6706 -0.4098 -0.6184
vn -0.1901 -0.7176 -0.6700
vn 0.9894 0.1397 0.0401
vn 0.7289 0.0253 -0.6842
vn 0.9938 0.1055 0.0340
vn 0.4417 0.6246 0.6440
vn 0.8027 0.5338 0.2659
vn 0.5059 0.4244 0.7510
vn 0.4653 0.7968 0.3855
vn 0.1118 0.7542 0.6471
vn 0.2067 0.3798 0.9017
vn -0.9938 -0.0539 -0.0969
vn -0.9995 -0.0284 -0.0113
vn 0.3810 -0.5123 0.7696
vn 0.2170 -0.7167 0.6628
vn 0.1368 -0.0552 0.9891
vn 0.5039 -0.0154 0.8636
vn 0.4374 0.5807 0.6866
vn 0.2696 -0.7160 0.6440
vn -0.2594 0.1738 -0.9500
vn -0.0707 0.0333 -0.9969
vn -0.2198 0.1473 -0.9644
vn 0.2244 0.1376 -0.9647
vn -0.5877 0.8041 -0.0891
vn -0.6307 0.7498 0.2000
vn -0.3568 0.9331 -0.0441
vn -0.6839 0.4154 0.5998
vn -0.6540 0.4190 0.6298
vn -0.2742 0.1563 0.9489
vn -0.2448 0.1624 0.9559
vn 0.9995 -0.0221 0.0217
vn 0.9047 0.3603 -0.2274
vn 0.0002 0.8319 -0.5549
vn -0.1083 -0.9918 -0.0684
vn 0.7822 -0.4432 0.4379
vn 0.5554 -0.4923 0.6702
vn 0.6882 0.0857 0.7205
vn 0.4842 0.0779 0.8715
vn -0.9613 0.1861 -0.2032
vn -0.8729 0.1722 -0.4566
vn -0.8782 0.0146 -0.4781
vn -0.9765 -0.0680 -0.2047
vn -0.5072 0.0537 -0.8601
vn -0.5136 -0.2880 -0.8083
vn -0.8508 -0.3379 -0.4024
vn 0.0480 -0.2788 -0.9592
vn 0.7992 -0.3344 -0.4995
vn 0.5964 -0.3190 -0.7366
vn 0.5111 -0.8531 -0.1049
vn 0.6745 -0.7152 -0.1830
vn 0.6656 -0.7396 0.0998
vn 0.8831 -0.4046 0.2373
vn 0.7351 -0.5286 0.4246
vn 0.4528 -0.8215 0.3467
vn -0.7564 -0.4331 -0.4902
vn -0.7154 -0.4989 -0.4892
vn -0.7023 -0.5387 -0.4654
vn -0.7264 -0.5618 -0.3960
vn -0.7943 -0.6002 -0.0944
vn -0.7768 -0.6285 -0.0400
vn -0.7675 -0.6362 0.0786
vn -0.9575 0.0980 0.2713
vn -0.9657 0.0192 0.2588
vn -0.9518 0.1035 0.2889
vn -0.9513 -0.0064 0.3081
vn -0.9501 -0.2879 0.1201
vn -0.8916 -0.4363 -0.1208
vn -0.8435 -0.4159 -0.3398
vn -0.9876 0.1274 -0.0922
vn -0.9901 0.1149 -0.0802
vn 0.9075 0.3969 0.1374
vn 0.6655 0.7284 0.1627
vn 0.6893 0.5622 0.4569
vn 0.8692 0.2744 0.4114
vn 0.7619 0.5244 0.3801
vn 0.6393 0.4105 0.6502
vn 0.5877 0.7030 0.4006
vn 0.6428 0.5563 0.5266
vn 0.8567 -0.3362 -0.3911
vn 0.9168 -0.3970 -0.0429
vn 0.8767 -0.3790 -0.2963
vn 0.7284 -0.3634 -0.5808
vn -0.1270 -0.8648 0.4858
vn -0.1611 0.6293 0.7603
vn 0.1774 0.6342 0.7526
vn -0.0803 0.9350 0.3454
vn -0.1985 0.8696 0.4520
vn -0.0795 0.8906 0.4477
vn 0.1766 0.4069 0.8962
vn 0.2045 0.8411 0.5007
vn 0.0886 0.8726 0.4804
vn 0.1357 0.8844 0.4465
vn -0.2079 0.0953 0.9735
vn 0.0480 0.1065 0.9931
vn -0.0151 -0.0939 0.9955
vn -0.6429 0.0786 0.7619
vn -0.3471 0.0710 0.9351
vn 0.9903 -0.0964 0.0996
vn 0.9880 -0.0410 0.1486
vn 0.9832 -0.0293 0.1800
vn 0.9600 -0.0318 0.2783
vn 0.9842 -0.0197 0.1762
vn 0.9672 0.0113 0.2538
vn -0.8326 0.5228 0.1829
vn -0.4242 0.8957 0.1333
vn -0.7545 0.1413 0.6410
vn -0.1758 -0.3227 -0.9300
vn -0.4435 -0.6402 -0.6273
vn -0.6246 -0.7461 0.2309
vn -0.0158 -0.9959 0.0885
vn -0.6959 -0.6245 0.3547
vn -0.9386 -0.3430 0.0376
vn -0.5923 0.8051 -0.0304
vn 0.7535 -0.6318 0.1819
vn 0.8976 -0.1741 0.4051
vn -0.0296 -0.9983 0.0492
vn -0.9319 -0.2958 -0.2100
vn -0.0203 -0.9933 0.1134
vn -0.7794 -0.6266 0.0048
vn -0.9277 0.1899 -0.3214
vn 0.7226 -0.0831 0.6863
vn 0.8805 -0.0814 0.4669
vn 0.7944 -0.2044 0.5720
vn 0.4131 -0.7801 -0.4699
vn 0.4476 -0.8411 -0.3036
vn 0.4157 -0.8610 -0.2930
vn 0.3895 -0.9120 -0.1283
vn 0.2560 -0.9556 -0.1461
vn 0.8856 -0.2629 0.3830
vn 0.3471 -0.2591 0.9013
vn -0.6022 -0.6399 -0.4774
vn -0.5061 -0.5633 -0.6531
vn -0.1047 -0.8395 -0.5331
vn -0.8283 -0.5254 0.1944
vn -0.5607 -0.6932 -0.4529
vn -0.3489 -0.8496 -0.3956
vn -0.9844 0.1739 0.0265
vn -0.9101 0.0190 -0.4138
vn -0.9751 0.2195 0.0308
vn -0.8648 -0.0500 -0.4996
vn -0.9655 0.2578 0.0382
vn 0.7567 0.6141 0.2242
vn 0.8283 0.0635 0.5567
vn 0.7064 0.5159 0.4846
vn 0.3463 -0.4740 0.8096
vn 0.5517 0.8313 0.0681
vn 0.7283 0.4651 0.5033
vn 0.6508 0.0982 -0.7529
vn 0.9876 0.1525 0.0381
vn 0.3794 -0.7829 0.4930
vn 0.2990 -0.5806 0.7573
vn 0.0916 -0.7499 0.6552
vn 0.0816 -0.7614 0.6431
vn -0.0736 -0.5042 0.8605
vn -0.1556 -0.3531 0.9225
vn -0.7555 0.3354 -0.5627
vn 0.5559 -0.3786 -0.7400
vn 0.5792 -0.5930 -0.5594
vn 0.7255 -0.0514 -0.6863
vn -0.3638 0.7441 0.5603
vn -0.1649 0.5909 0.7897
vn 0.0326 0.8504 0.5251
vn 0.1935 0.5776 0.7931
vn 0.4034 0.7762 0.4846
vn -0.0441 0.9967 0.0685
vn 0.3072 0.9332 0.1866
vn -0.9632 -0.2687 -0.0103
vn -0.8955 -0.4433 -0.0409
vn -0.9129 -0.4077 -0.0205
vn -0.0000 -0.9958 -0.0919
vn 0.3133 -0.9459 -0.0842
vn -0.1023 -0.8901 0.4440
vn 0.1553 -0.3988 0.9038
vn -0.1486 -0.2050 0.9674
vn -0.9683 -0.2497 -0.0000
vn 0.5511 -0.7753 0.3086
vn 0.2484 -0.9587 -0.1388
vn -0.6845 0.7276 0.0452
vn -0.8667 0.4971 0.0420
vn -0.9947 0.0640 -0.0805
vn -0.5890 0.7697 0.2462
vn -0.9726 0.0635 0.2237
vn -0.6396 -0.0619 0.7662
vn -0.9756 0.0364 0.2165
vn -0.9573 0.0882 0.2752
vn 0.9972 0.0569 -0.0493
vn 0.8213 -0.5332 -0.2027
vn 0.8298 -0.1216 -0.5446
vn 0.9469 0.3058 -0.0988
vn -0.0000 -0.4473 -0.8944
vn 0.7265 -0.1534 -0.6699
vn 0.4085 0.3684 -0.8351
vn -0.4085 0.6398 -0.6510
vn 0.1738 0.0117 -0.9847
vn -0.7234 0.6882 -0.0549
vn -0.9410 0.3107 0.1344
vn -0.8553 0.4705 0.2168
vn -0.9005 0.4228 0.1019
vn -0.7765 0.6193 0.1164
vn -0.3034 -0.6907 -0.6564
vn -0.8816 -0.2040 -0.4256
vn -0.8627 -0.1432 -0.4850
vn -0.9303 0.1043 -0.3517
vn 0.0315 -0.5742 -0.8181
vn -0.0547 -0.4756 -0.8780
vn -0.3012 -0.2873 -0.9092
vn -0.5852 0.0450 -0.8096
vn -0.9007 0.0811 -0.4268
vn -0.4770 0.0524 0.8773
vn -0.5998 0.2091 0.7723
vn -0.7279 -0.0759 0.6815
vn -0.7032 -0.3291 0.6302
vn -0.5002 -0.2617 0.8254
vn -0.9260 -0.1923 0.3250
vn 0.8000 0.0635 -0.5966
vn 0.5159 0.6161 -0.5952
vn 0.7273 0.4388 0.5278
vn -0.0201 0.5485 0.8359
vn -0.7571 0.3251 0.5666
vn -0.0175 0.4375 0.8991
vn -0.8680 0.2851 0.4065
vn -0.9919 -0.0045 -0.1266
vn -0.9920 -0.0045 -0.1265
vn 0.9552 0.0364 -0.2936
vn 0.9922 -0.0083 -0.1244
vn 0.9638 -0.0858 -0.2523
vn 0.9666 0.1365 -0.2169
vn -0.4632 0.3277 0.8235
vn -0.0409 0.8524 0.5213
vn -0.0352 0.5001 0.8652
vn -0.3573 0.8760 0.3240
vn -0.0585 0.8147 0.5769
vn -0.2065 0.9722 0.1105
vn -0.8430 -0.4982 -0.2028
vn -0.9796 -0.2003 -0.0134
vn -0.8825 -0.4142 -0.2226
vn -0.6134 -0.6145 -0.4960
vn -0.4899 0.1019 0.8658
vn -0.5577 0.0607 0.8278
vn -0.4753 0.1414 0.8684
vn -0.5171 0.1508 0.8426
vn -0.3509 0.1628 0.9221
vn -0.5018 0.1151 0.8573
vn -0.5556 0.1115 0.8239
vn -0.4174 0.1969 0.8871
vn 0.3368 0.8146 0.4723
vn 0.4737 0.7652 0.4360
vn 0.5162 0.7822 0.3489
vn 0.8092 0.4392 0.3903
vn 0.7172 0.6605 0.2221
vn 0.4660 0.8827 0.0606
vn 0.3326 0.9390 0.0870
vn 0.4422 0.8927 0.0872
vn 0.1790 0.9773 0.1131
vn 0.7227 0.5904 0.3593
vn 0.8647 -0.0102 0.5022
vn 0.8720 -0.1922 0.4502
vn 0.8913 -0.3457 -0.2934
vn 0.4290 -0.8609 0.2735
vn 0.0726 -0.6557 -0.7515
vn 0.3263 -0.6326 -0.7023
vn 0.3266 -0.6299 -0.7046
vn 0.4646 -0.6375 -0.6145
vn 0.4827 -0.5264 -0.6999
vn 0.1312 -0.5917 -0.7954
vn 0.0103 -0.3295 -0.9441
vn -0.3651 -0.5147 -0.7757
vn -0.5212 -0.5951 -0.6117
vn -0.4616 -0.6414 -0.6128
vn -0.3374 -0.6539 -0.6771
vn -0.3162 -0.6302 -0.7091
vn 0.9990 0.0157 0.0430
vn 0.9851 -0.0982 0.1412
vn 0.9560 0.0586 -0.2875
vn 0.8191 0.0359 -0.5725
vn 0.8463 0.0815 -0.5264
vn 0.9146 -0.0231 -0.4036
vn 0.9472 0.0787 -0.3107
vn 0.3041 -0.2486 0.9197
vn 0.2576 -0.4357 0.8624
vn 0.1228 -0.4488 0.8852
vn 0.5197 -0.3676 0.7712
vn 0.4455 -0.2185 0.8682
vn 0.0141 -0.7058 0.7083
vn 0.0351 -0.5949 -0.8030
vn 0.0454 0.0769 -0.9960
vn 0.1860 0.0905 -0.9784
vn 0.3295 0.0780 -0.9409
vn 0.5133 0.0982 -0.8525
vn 0.1415 0.0729 -0.9873
vn 0.1903 -0.5857 -0.7879
vn 0.2087 -0.8370 0.5059
vn 0.4106 -0.9093 -0.0680
vn 0.5603 -0.8243 -0.0814
vn 0.5660 -0.8157 -0.1194
vn 0.4850 -0.8582 -0.1682
vn 0.5125 -0.8485 0.1322
vn 0.6036 -0.7711 0.2026
vn 0.7971 -0.5515 0.2459
vn 0.6967 -0.6790 0.2314
vn 0.6570 -0.7498 -0.0786
vn 0.4481 -0.1912 0.8733
vn -0.5109 -0.8307 -0.2213
vn 0.0032 -0.8308 -0.5565
vn 0.6392 -0.6646 -0.3870
vn 0.4872 0.0271 -0.8729
vn -0.3368 -0.3670 0.8671
vn -0.3249 -0.7927 0.5159
vn -0.1112 -0.9672 0.2283
vn -0.2307 -0.7096 0.6658
vn 0.9193 -0.1899 0.3446
vn 0.5864 -0.2152 0.7809
vn 0.5200 -0.2173 0.8261
vn 0.8734 -0.3190 0.3680
vn 0.8977 -0.1736 0.4051
vn 0.6145 -0.1485 0.7748
vn 0.9524 -0.1626 0.2577
vn 0.9122 -0.1861 0.3651
vn 0.7663 -0.1975 0.6114
vn -0.1085 -0.1684 0.9797
vn 0.5020 -0.2987 0.8116
vn 0.1045 -0.2434 0.9643
vn -0.0333 -0.0892 0.9955
vn 0.9986 -0.0202 0.0493
vn 0.9042 -0.0346 0.4258
vn -0.5176 0.1076 -0.8488
vn -0.3006 0.0376 -0.9530
vn -0.4443 0.3950 -0.8041
vn -0.3345 0.5224 -0.7844
vn -0.3487 0.2859 -0.8926
vn -0.7136 0.1166 -0.6907
vn -0.3242 0.2639 -0.9084
vn -0.5827 0.2681 -0.7672
vn -0.7462 0.6641 -0.0475
vn -0.9246 0.3535 -0.1418
vn -0.9027 0.2056 -0.3779
vn 0.0208 -0.7422 -0.6698
vn 0.0190 -0.6443 -0.7646
vn 0.3865 -0.7426 -0.5469
vn 0.5762 -0.5570 -0.5981
vn 0.5805 -0.7830 -0.2236
vn 0.3895 -0.5451 -0.7424
vn 0.4351 -0.8922 -0.1213
vn 0.3069 -0.9514 -0.0244
vn -0.0007 -0.9775 -0.2108
vn 0.1997 -0.9375 -0.2848
vn 0.0157 -0.9516 -0.3070
vn 0.5064 -0.0776 0.8588
vn -0.0121 0.5368 -0.8436
vn 0.0871 0.4007 -0.9120
vn -0.5691 0.4182 -0.7080
vn -0.0964 -0.1595 -0.9825
vn -0.2401 0.2453 -0.9393
vn -0.8132 0.0398 -0.5806
vn -0.9992 0.0166 -0.0353
vn -0.9992 -0.0401 -0.0038
vn 0.6009 0.3381 0.7243
vn 0.7537 0.2524 0.6069
vn 0.7084 0.4498 0.5439
vn 0.4593 0.8792 0.1263
vn 0.3259 0.8945 0.3061
vn 0.3653 0.8081 0.4621
vn 0.3522 0.6966 0.6251
vn 0.8176 0.4811 0.3162
vn 0.7211 0.6481 0.2448
vn 0.7192 0.5704 0.3968
vn 0.3642 0.8879 0.2809
vn 0.7758 0.2535 0.5779
vn -0.7036 -0.1263 -0.6993
vn -0.7688 -0.1356 -0.6249
vn -0.9649 -0.1716 -0.1987
vn -0.9188 -0.1962 0.3425
vn -0.9251 -0.2091 0.3168
vn -0.9700 -0.1714 -0.1723
vn -0.9719 -0.1528 -0.1788
vn -0.3732 0.3981 0.8380
vn -0.3864 -0.7834 -0.4868
vn 0.2675 -0.4492 0.8525
vn -0.0305 -0.4710 0.8816
vn -0.1738 -0.8011 0.5728
vn -0.4995 -0.3267 -0.8024
vn -0.7571 -0.5854 -0.2899
vn -0.2849 0.4464 0.8482
vn -0.0827 0.3751 0.9233
vn 0.1762 0.4462 -0.8774
vn 0.8110 0.5767 0.0986
vn 0.8112 0.5844 -0.0208
vn 0.8638 0.5039 -0.0000
vn 0.8615 0.4834 -0.1551
vn 0.5112 0.8591 0.0251
vn 0.8331 0.4846 0.2667
vn 0.9861 0.1189 -0.1163
vn 0.6078 0.6880 0.3965
vn 0.9796 0.1916 -0.0604
vn -0.1726 0.8644 -0.4722
vn -0.6666 0.5523 -0.5006
vn 0.6151 -0.4287 0.6617
vn 0.3783 -0.2617 0.8879
vn 0.6126 -0.4634 0.6403
vn 0.7908 -0.5865 0.1751
vn 0.8147 -0.5737 -0.0850
vn 0.0962 -0.9892 0.1109
vn 0.1692 -0.0346 -0.9850
vn 0.2498 -0.1551 -0.9558
vn 0.1810 -0.1575 -0.9708
vn 0.7958 0.4283 0.4281
vn 0.7159 -0.5962 0.3633
vn 0.7772 0.6200 -0.1075
vn 0.9012 -0.4319 0.0372
vn 0.5716 0.7941 -0.2065
vn 0.1931 0.9480 -0.2532
vn 0.5536 0.8026 0.2224
vn 0.2408 0.9555 -0.1705
vn 0.1311 0.9730 0.1899
vn -0.2265 0.9090 0.3498
vn 0.5408 0.0654 0.8386
vn 0.0034 0.9930 -0.1183
vn -0.4772 -0.1347 0.8684
vn 0.2635 -0.8766 0.4026
vn 0.4982 -0.7284 0.4704
vn 0.0913 -0.6053 0.7908
vn 0.0898 -0.7318 0.6756
vn 0.3258 -0.5423 0.7744
vn 0.2709 -0.3219 0.9072
vn 0.6419 -0.2755 0.7156
vn 0.5516 -0.4125 0.7250
vn 0.5892 -0.3246 0.7399
vn 0.3917 -0.2075 0.8964
vn -0.9263 -0.3303 -0.1812
vn -0.9314 -0.3092 0.1919
vn -0.9716 -0.1183 0.2047
vn -0.8473 0.0085 0.5310
vn -0.6753 0.5320 0.5108
vn -0.7050 0.6706 -0.2307
vn -0.8655 0.4808 -0.1407
vn -0.9330 0.3598 0.0092
vn -0.2227 -0.3666 0.9033
vn -0.3501 -0.4517 0.8206
vn -0.0520 -0.8988 0.4353
vn 0.1492 -0.9873 0.0547
vn -0.4884 0.7493 0.4473
vn 0.0762 -0.9933 0.0867
vn 0.3404 -0.2659 -0.9019
vn 0.4920 -0.3417 -0.8008
vn -0.0950 0.0490 -0.9943
vn -0.5683 -0.4043 -0.7166
vn -0.7044 -0.2541 -0.6627
vn -0.5281 -0.6152 -0.5853
vn -0.2517 -0.6330 -0.7320
vn -0.0013 -0.7061 -0.7081
vn -0.0009 -0.7823 -0.6229
vn -0.1731 -0.5544 -0.8141
vn 0.0553 0.9924 0.1102
vn 0.0111 0.9905 0.1373
vn -0.9055 -0.3509 0.2388
vn -0.6513 -0.7532 0.0920
vn -0.9169 -0.2907 0.2736
vn -0.9469 -0.2494 0.2030
vn -0.9660 -0.2585 -0.0000
vn -0.2340 0.2999 0.9248
vn -0.9966 -0.0598 -0.0565
vn -0.7906 -0.6080 -0.0721
vn -0.4355 -0.8992 -0.0427
vn -0.7404 -0.6555 0.1489
vn -0.1272 0.4265 0.8955
vn 0.6372 0.7458 0.1943
vn 0.1732 0.9802 0.0957
vn 0.8899 -0.3807 0.2513
vn 0.3683 0.9282 0.0526
vn 0.7588 -0.6452 0.0891
vn -0.0837 -0.9962 -0.0246
vn -0.6327 -0.5650 -0.5296
vn -0.8269 -0.2783 -0.4887
vn 0.0746 -0.9238 -0.3755
vn 0.0046 -0.8545 -0.5194
vn 0.6474 -0.6614 0.3787
vn -0.8789 -0.2402 -0.4121
vn -0.3573 -0.9265 -0.1179
vn -0.5147 0.3909 0.7631
vn -0.0643 -0.9258 -0.3726
vn 0.2255 -0.9695 -0.0958
vn 0.4841 0.2632 0.8345
vn -0.9991 -0.0329 0.0255
vn -0.9993 -0.0186 0.0339
vn -0.9984 -0.0550 0.0104
vn -0.9130 0.0636 -0.4030
vn 0.1681 0.3492 0.9219
vn 0.1756 0.2321 0.9567
vn 0.2747 0.1621 0.9478
vn 0.4010 0.0366 0.9153
vn 0.3273 0.3852 0.8628
vn 0.4568 0.2702 0.8476
vn -0.8450 0.0890 -0.5273
vn -0.3181 0.0868 -0.9441
vn -0.6519 0.0979 -0.7519
vn -0.8793 -0.1626 0.4477
vn -0.7987 -0.0780 0.5966
vn -0.9160 -0.0250 0.4003
vn -0.9998 0.0049 0.0214
vn -0.9825 -0.1724 0.0712
vn 0.3817 -0.7305 0.5663
vn -0.2472 -0.7961 0.5524
vn 0.2330 -0.5227 0.8201
vn -0.4825 -0.2153 0.8490
vn 0.6047 -0.4038 0.6865
vn 0.7687 -0.5920 0.2421
vn 0.5989 -0.4030 0.6921
vn -0.1806 0.1716 0.9685
vn -0.0840 0.1033 0.9911
vn 0.6063 -0.7687 0.2037
vn 0.3693 0.8581 -0.3567
vn 0.2145 0.8265 -0.5205
vn 0.1649 0.9404 -0.2973
vn -0.2164 0.9637 -0.1564
vn -0.1424 0.9789 -0.1466
vn -0.1760 0.9427 -0.2833
vn -0.3602 0.8611 -0.3590
vn 0.2365 0.9557 -0.1753
vn -0.2237 0.7584 -0.6122
vn 0.0949 0.9844 -0.1482
vn 0.1109 -0.7285 0.6760
vn 0.1524 -0.5761 0.8030
vn 0.2286 -0.5799 0.7820
vn 0.1517 -0.5761 0.8032
vn -0.0012 -0.9659 0.2588
vn 0.0108 -0.9404 0.3398
vn 0.0745 -0.5687 0.8192
vn 0.2523 -0.8564 -0.4505
vn 0.4647 -0.8791 -0.1063
vn 0.5096 -0.8133 -0.2808
vn 0.2758 -0.6358 -0.7209
vn 0.4944 -0.8686 -0.0333
vn 0.9363 -0.1648 0.3102
vn 0.9825 -0.1186 -0.1437
vn 0.5651 -0.3323 -0.7551
vn 0.9664 -0.1776 -0.1857
vn 0.7082 -0.0895 0.7003
vn 0.4105 -0.0142 0.9117
vn 0.4329 -0.0294 0.9010
vn 0.3969 -0.0548 0.9162
vn 0.6454 -0.3029 0.7012
vn 0.5645 0.7913 -0.2350
vn 0.3868 0.6832 -0.6194
vn 0.3737 0.4827 -0.7920
vn -0.5151 0.5594 0.6494
vn -0.7077 0.3985 0.5834
vn -0.5007 0.5306 0.6840
vn -0.5393 0.0284 -0.8416
vn -0.3629 0.8137 -0.4541
vn -0.6005 0.7190 -0.3500
vn 0.3371 -0.3433 0.8766
vn 0.4713 -0.4169 0.7773
vn 0.3693 -0.0809 0.9258
vn 0.1804 -0.2033 0.9623
vn 0.3685 -0.3093 0.8767
vn 0.4889 -0.4169 0.7663
vn 0.7300 0.0829 0.6784
vn 0.9874 0.1213 0.1014
vn 0.9055 0.2337 0.3542
vn 0.9027 0.3768 0.2080
vn 0.7897 0.1437 0.5965
vn 0.9390 0.3393 0.0551
vn 0.8941 0.4421 0.0718
vn 0.2324 -0.0219 0.9724
vn 0.8768 0.4700 0.1015
vn -0.3366 -0.0885 0.9375
vn 0.0336 -0.0298 0.9990
vn -0.0461 -0.2568 0.9654
vn 0.2130 -0.0302 0.9766
vn -0.1189 -0.1862 0.9753
vn 0.2091 -0.2074 0.9556
vn 0.0229 -0.0588 0.9980
vn 0.0738 -0.1894 0.9791
vn -0.3053 -0.4466 0.8410
vn 0.3559 -0.4272 0.8311
vn 0.1418 -0.2806 0.9493
vn -0.3761 -0.3556 0.8556
vn 0.3050 -0.4412 0.8440
vn 0.5115 0.0159 0.8591
vn 0.5664 0.3141 0.7619
vn 0.6208 0.3841 -0.6834
vn 0.7146 0.2738 -0.6437
vn 0.5776 0.3792 -0.7229
vn 0.4470 0.5476 -0.7073
vn 0.5611 0.2590 -0.7862
vn 0.8288 0.1731 -0.5320
vn 0.7910 0.1351 -0.5968
vn 0.7173 0.2952 -0.6311
vn -0.6958 0.6833 -0.2213
vn -0.0910 0.8431 -0.5300
vn -0.1596 0.9862 -0.0435
vn -0.6978 0.5456 0.4641
vn -0.6781 0.6914 0.2494
vn -0.3286 -0.9061 0.2665
vn -0.3378 -0.5193 0.7850
vn -0.0300 -0.9921 -0.1215
vn 0.2511 -0.9668 -0.0480
vn 0.4306 -0.8592 0.2763
vn 0.5138 0.5781 0.6338
vn 0.2576 0.8863 0.3848
vn 0.5077 0.6939 0.5106
vn 0.6321 -0.4057 0.6602
vn 0.7855 -0.3193 0.5301
vn 0.7098 0.1505 0.6882
vn -0.0831 0.1505 0.9851
vn 0.9040 0.0673 0.4221
vn -0.3032 0.9481 0.0954
vn -0.3812 0.9195 0.0959
vn -0.4143 0.8923 0.1792
vn -0.2706 0.9252 0.2659
vn -0.7491 0.6608 0.0467
vn -0.4486 0.8027 0.3929
vn 0.0075 -0.8009 0.5987
vn -0.0339 -0.5911 -0.8059
vn -0.0500 0.0784 -0.9957
vn -0.1483 -0.8353 0.5293
vn -0.0152 -0.7971 0.6036
vn 0.5422 -0.6472 0.5359
vn 0.2702 -0.5948 0.7571
vn 0.3287 -0.1365 0.9345
vn -0.1428 -0.4916 0.8590
vn -0.3590 -0.8914 0.2769
vn -0.3817 -0.7329 0.5631
vn -0.2210 -0.8247 0.5206
vn -0.9991 -0.0426 0.0074
vn -0.3433 -0.1363 0.9293
vn -0.3870 0.3331 -0.8598
vn -0.1248 0.1699 -0.9775
vn -0.0380 0.0992 -0.9943
vn -0.0819 0.1324 -0.9878
vn 0.9796 0.0263 -0.1992
vn 0.7437 0.3139 0.5903
vn 0.8487 0.3626 0.3849
vn 0.9951 0.0140 -0.0979
vn 0.9579 -0.0009 -0.2872
vn 0.8895 -0.4052 0.2111
vn 0.6580 -0.5014 0.5618
vn 0.5072 -0.8219 -0.2593
vn 0.6709 -0.6863 -0.2808
vn 0.6007 -0.6196 -0.5052
vn 0.6288 -0.6672 -0.3992
vn 0.8746 -0.4252 -0.2331
vn 0.8693 -0.4836 -0.1022
vn 0.3445 -0.1275 0.9301
vn 0.1946 -0.2148 0.9571
vn 0.2894 -0.0791 0.9539
vn 0.1417 -0.1065 0.9842
vn 0.6072 -0.0159 0.7944
vn -0.9032 -0.0334 -0.4278
vn -0.9651 -0.0499 -0.2570
vn -0.5709 0.6773 -0.4641
vn -0.9544 0.2376 -0.1805
vn -0.9621 0.1309 -0.2392
vn -0.8997 -0.0465 -0.4341
vn -0.3427 0.1347 0.9297
vn 0.1823 -0.0884 0.9793
vn 0.0897 -0.1963 0.9764
vn -0.4449 -0.0603 0.8935
vn 0.6093 -0.2316 0.7584
vn 0.6742 -0.3103 0.6702
vn -0.4535 -0.8811 0.1345
vn -0.7570 -0.5685 -0.3222
vn -0.4341 -0.8421 -0.3201
vn -0.1114 -0.9936 -0.0180
vn -0.1973 -0.3537 0.9143
vn -0.5952 -0.5648 0.5717
vn -0.3027 -0.3906 0.8694
vn -0.6321 -0.5361 0.5595
vn -0.3883 -0.3678 0.8449
vn 0.2136 -0.0125 0.9769
vn 0.1068 -0.0547 0.9928
vn -0.6717 -0.6047 0.4279
vn -0.3439 0.6687 -0.6593
vn -0.5598 0.7072 -0.4319
vn -0.2285 0.7022 -0.6743
vn -0.4819 0.2403 -0.8426
vn -0.2002 0.0890 -0.9757
vn 0.0490 -0.3554 -0.9334
vn -0.1898 -0.2806 -0.9409
vn 0.0124 0.0690 -0.9975
vn -0.1152 0.2135 -0.9701
vn 0.4454 -0.4113 0.7953
vn 0.5805 -0.1093 0.8069
vn -0.2625 -0.3175 -0.9112
vn -0.1125 0.5657 -0.8169
vn -0.0000 0.8944 -0.4473
vn -0.4835 -0.8374 0.2548
vn -0.5066 -0.8617 0.0297
vn -0.5298 -0.8139 -0.2383
vn -0.3731 -0.9113 -0.1741
vn -0.7225 -0.6796 0.1271
vn 0.1330 -0.0577 -0.9894
vn 0.4581 -0.0755 -0.8857
vn -0.0486 0.3624 -0.9308
vn 0.1822 0.9121 0.3673
vn 0.4197 0.7303 0.5390
vn 0.5189 0.5311 0.6698
vn 0.4766 0.6577 0.5833
vn 0.8233 -0.1692 0.5417
vn 0.1982 -0.0352 0.9795
vn -0.1150 0.5601 0.8204
vn -0.5832 0.4106 0.7009
vn -0.8311 0.2941 0.4720
vn -0.7212 0.5316 0.4441
vn -0.7073 -0.2559 0.6590
vn -0.4764 0.7573 0.4466
vn -0.7001 -0.1261 0.7028
vn -0.1198 -0.2002 0.9724
vn 0.3865 -0.6686 0.6353
vn 0.3521 -0.7807 0.5163
vn 0.5483 -0.6644 0.5079
vn 0.5514 -0.8308 0.0754
vn 0.6315 -0.7538 0.1813
vn 0.6555 -0.7332 0.1809
vn 0.2117 0.0992 0.9723
vn 0.0036 -0.0924 0.9957
vn -0.0352 0.1052 0.9938
vn 0.2439 0.0917 0.9655
vn -0.6504 0.7128 -0.2624
vn -0.7567 0.6259 -0.1891
vn 0.0917 -0.8164 -0.5702
vn -0.6585 -0.6645 -0.3533
vn -0.0719 -0.9952 -0.0666
vn 0.9850 0.1693 0.0321
vn 0.9114 0.0414 -0.4095
vn 0.7316 -0.0060 -0.6818
vn -0.7592 -0.5040 0.4117
vn -0.5947 -0.8016 -0.0604
vn -0.8172 -0.5630 -0.1231
vn 0.2224 -0.5024 -0.8356
vn -0.3550 -0.6374 -0.6839
vn -0.5353 -0.7995 -0.2725
vn -0.3257 -0.8391 -0.4357
vn -0.5146 -0.8499 -0.1136
vn -0.2384 -0.4846 -0.8416
vn 0.9089 -0.2045 0.3635
vn 0.9036 -0.2145 0.3709
vn 0.5851 0.8020 0.1203
vn 0.6277 0.7751 0.0714
vn -0.0990 0.9091 0.4046
vn -0.1345 0.0312 0.9904
vn -0.7069 0.6778 -0.2022
vn -0.6143 0.7695 -0.1750
vn 0.1384 0.9722 0.1891
vn -0.6828 0.6882 -0.2452
vn -0.9383 -0.3251 -0.1180
vn -0.6736 0.5120 -0.5330
vn -0.7910 0.6038 -0.0983
vn -0.9769 -0.1391 0.1620
vn 0.4262 -0.4262 0.7979
vn 0.5817 -0.0681 0.8105
vn 0.1647 -0.4086 0.8977
vn 0.1010 -0.4583 0.8830
vn 0.0838 -0.6382 0.7653
vn 0.1177 -0.6742 0.7292
vn -0.1331 -0.1279 -0.9828
vn -0.6254 -0.5613 -0.5420
vn 0.3152 0.1787 0.9320
vn 0.1721 0.2182 0.9606
vn -0.0707 0.1395 0.9877
vn -0.4855 0.7216 0.4936
vn -0.4088 0.7621 0.5021
vn -0.2692 0.8775 0.3970
vn 0.4899 0.8483 -0.2009
vn 0.5625 0.7554 -0.3361
vn 0.5909 0.6006 -0.5386
vn 0.4010 0.7773 -0.4848
vn -0.9115 -0.1792 0.3703
vn -0.7535 -0.1886 0.6299
vn -0.1773 -0.9574 0.2280
vn 0.4576 -0.6277 0.6297
vn 0.4302 -0.6138 0.6619
vn 0.3855 -0.6020 0.6992
vn -0.9996 0.0040 -0.0280
vn -0.9627 0.0383 -0.2680
vn -0.9975 -0.0420 0.0559
vn 0.1126 -0.8590 0.4995
vn 0.2858 -0.9574 0.0419
vn -0.9731 -0.0805 0.2157
vn 0.1864 -0.9013 -0.3910
vn -0.9674 -0.1303 0.2172
vn 0.3558 0.6977 0.6217
vn 0.1456 0.8597 0.4896
vn -0.8927 -0.4138 -0.1785
vn -0.2159 -0.3449 -0.9135
vn -0.3166 -0.5505 -0.7725
vn -0.7573 -0.5800 -0.3003
vn 0.1998 -0.9257 0.3211
vn 0.5949 0.7600 0.2617
vn 0.8231 0.1325 0.5523
vn 0.4477 0.4389 0.7791
vn 0.1940 -0.3564 0.9140
vn 0.1221 -0.8850 0.4493
vn 0.7253 0.5237 0.4469
vn 0.9892 -0.1464 -0.0057
vn 0.9443 -0.3290 0.0079
vn 0.9220 -0.2587 0.2880
vn 0.9579 0.1178 0.2617
vn 0.9195 0.1027 0.3793
vn 0.5665 -0.6260 0.5360
vn 0.7787 0.0929 0.6205
vn 0.6044 0.0869 0.7919
vn 0.9607 0.1099 0.2551
vn -0.9676 -0.0646 -0.2439
vn -0.9809 0.1850 -0.0601
vn -0.9841 0.1576 -0.0819
vn -0.1180 0.9804 0.1580
vn -0.7563 0.0962 0.6471
vn -0.8962 0.1294 0.4244
vn -0.8873 0.1399 0.4395
vn 0.9861 -0.1623 0.0347
vn 0.4017 0.2474 0.8817
vn 0.3881 0.2664 0.8823
vn -0.3099 -0.1733 0.9348
vn -0.1213 -0.0747 0.9898
vn 0.9296 0.3681 -0.0178
vn 0.7417 0.6700 -0.0297
vn -0.9944 -0.0610 -0.0863
vn -0.6193 0.7594 0.1994
vn -0.8616 0.5075 0.0024
vn -0.7390 0.6737 -0.0031
vn -0.0054 0.9907 0.1357
vn -0.9957 -0.0844 -0.0395
vn -0.0802 0.0142 -0.9967
vn -0.0653 0.0516 -0.9965
vn -0.2497 0.0773 -0.9652
vn 0.8385 0.2518 0.4833
vn 0.8977 0.2647 0.3522
vn 0.9262 0.2025 0.3180
vn 0.9766 0.0199 0.2141
vn 0.9532 0.0757 0.2928
vn 0.9406 0.0808 0.3297
vn -0.9945 -0.0392 -0.0967
vn -0.8557 0.0526 -0.5148
vn -0.8617 -0.0380 -0.5060
vn -0.8690 -0.0476 -0.4925
vn -0.6646 0.0743 0.7435
vn 0.4042 -0.6467 -0.6468
vn -0.3157 -0.8460 -0.4297
vn 0.3753 -0.3186 0.8704
vn 0.3577 -0.2960 0.8857
vn 0.8081 -0.2053 0.5520
vn -0.7691 -0.6232 -0.1419
vn -0.5501 -0.7736 -0.3146
vn -0.7702 -0.6068 -0.1964
vn -0.8042 -0.4559 -0.3814
vn -0.9318 -0.3600 0.0461
vn -0.7431 -0.6670 -0.0546
vn -0.3753 -0.6477 0.6630
vn -0.3705 -0.5129 0.7744
vn -0.4183 -0.7333 0.5360
vn -0.3508 -0.1174 0.9291
vn -0.7472 -0.0395 0.6634
vn -0.6195 -0.0172 0.7848
vn -0.2520 -0.0777 0.9646
vn 0.6635 0.5032 -0.5536
vn 0.8238 0.4041 -0.3976
vn 0.9171 0.2005 -0.3445
vn 0.8009 0.3456 -0.4890
vn 0.4372 0.6165 -0.6548
vn 0.9602 0.0830 0.2668
vn -0.9898 -0.1422 0.0001
vn -0.9746 -0.1973 -0.1057
vn 0.1180 0.2703 -0.9555
vn -0.5701 -0.0253 -0.8212
vn -0.9010 -0.3539 -0.2509
vn 0.4235 -0.7237 -0.5449
vn 0.4050 -0.6160 -0.6757
vn 0.8045 -0.5939 -0.0094
vn -0.1062 -0.5367 -0.8371
vn 0.3454 -0.6141 -0.7096
vn 0.8512 -0.3386 -0.4011
vn 0.6084 -0.6057 -0.5128
vn 0.9092 0.0873 -0.4071
vn -0.4215 -0.3491 0.8369
vn -0.6951 -0.4084 0.5916
vn -0.5251 -0.8431 0.1159
vn -0.7935 0.0225 0.6082
vn -0.7096 -0.0228 0.7043
vn -0.9867 0.1550 0.0485
vn -0.8601 -0.4648 0.2101
vn 0.9785 -0.1090 0.1752
vn 0.7080 -0.4830 0.5152
vn 0.7419 -0.6452 0.1822
vn -0.4406 0.1981 -0.8756
vn -0.7939 -0.2051 -0.5725
vn -0.8381 -0.5452 0.0166
vn -0.6522 0.6926 -0.3082
vn -0.5638 -0.6956 0.4453
vn 0.2214 -0.9120 0.3453
vn -0.7522 -0.4735 0.4582
vn -0.7587 -0.2626 0.5961
vn 0.2170 -0.9463 0.2396
vn -0.9309 0.2132 -0.2966
vn -0.9445 0.1863 -0.2706
vn -0.2359 0.1041 0.9662
vn -0.4352 0.1548 0.8869
vn -0.2247 -0.1073 0.9685
vn -0.0287 -0.1067 0.9939
vn -0.2698 -0.2128 0.9391
vn 0.9341 0.1184 -0.3367
vn 0.9625 0.1222 -0.2423
vn 0.9598 0.1301 -0.2489
vn 0.6824 0.6826 -0.2616
vn 0.9245 0.0904 -0.3703
vn -0.1367 -0.9424 0.3054
vn 0.9231 -0.2113 0.3212
vn 0.6807 0.2430 -0.6911
vn 0.5389 0.5837 -0.6074
vn 0.6381 0.5490 -0.5398
vn 0.7650 -0.6420 0.0520
vn 0.3215 0.2465 0.9143
vn 0.2781 0.2051 0.9384
vn 0.2941 0.1646 0.9415
vn -0.7015 0.6795 -0.2147
vn -0.8433 0.5213 -0.1304
vn -0.7160 0.6935 -0.0800
vn -0.2906 0.9438 0.1574
vn -0.3417 0.8353 0.4308
vn 0.9289 -0.2295 0.2907
vn 0.7944 -0.5972 -0.1109
vn 0.2861 -0.5499 -0.7847
vn 0.5654 -0.3866 -0.7286
vn 0.6322 -0.4816 -0.6069
vn 0.9688 0.0253 -0.2467
vn 0.8359 -0.0630 -0.5453
vn 0.9887 -0.1182 -0.0925
vn 0.9484 0.0112 0.3168
vn 0.6432 -0.2900 -0.7087
vn 0.7039 -0.4662 -0.5358
vn 0.8269 -0.4508 -0.3361
vn 0.7008 -0.5232 -0.4850
vn 0.4990 0.4376 0.7480
vn 0.7651 0.3607 0.5335
vn 0.7253 0.5437 0.4223
vn 0.8452 0.5170 0.1354
vn 0.7654 0.5695 0.2998
vn -0.9893 0.1227 0.0792
vn -0.9902 0.1166 0.0765
vn -0.9877 0.1313 0.0854
vn 0.0146 -0.2288 -0.9734
vn -0.9872 0.1350 0.0848
vn 0.0244 -0.0790 -0.9966
vn 0.0339 -0.0974 -0.9947
vn 0.4381 0.8546 -0.2788
vn 0.1372 0.7641 -0.6303
vn -0.1821 0.9283 -0.3242
vn 0.0829 0.9740 -0.2109
vn 0.2337 0.5862 0.7757
vn 0.1786 0.9337 0.3105
vn 0.6336 0.4478 0.6309
vn 0.4844 0.5011 0.7171
vn 0.2226 0.5205 0.8243
vn -0.0507 -0.3434 -0.9378
vn -0.7870 0.0149 0.6168
vn -0.7941 0.0233 0.6074
vn -0.8517 0.0066 0.5240
vn -0.2319 0.0953 0.9681
vn 0.2719 0.0853 0.9585
vn -0.2003 0.0808 0.9764
vn 0.1862 0.0854 0.9788
vn -0.2560 -0.9070 0.3344
vn -0.2742 -0.8587 0.4329
vn 0.7227 -0.5848 0.3684
vn 0.4092 -0.7937 0.4502
vn 0.8568 0.4411 -0.2670
vn 0.6693 0.6900 -0.2758
vn 0.7394 -0.4919 0.4597
vn 0.1159 -0.1609 0.9801
vn -0.1795 -0.9336 0.3101
vn -0.4799 -0.6760 0.5593
vn -0.4556 -0.7625 0.4593
vn -0.5482 -0.7731 0.3192
vn -0.7264 -0.6503 -0.2223
vn -0.4860 -0.8450 -0.2231
vn 0.3850 -0.2100 0.8987
vn 0.3701 -0.2312 0.8998
vn -0.1457 0.1295 0.9808
vn 0.4063 -0.6239 0.6676
vn 0.5556 -0.7878 -0.2657
vn 0.0034 -0.8358 -0.5490
vn 0.1519 0.5392 -0.8283
vn 0.2668 -0.3575 -0.8950
vn 0.3201 -0.9466 -0.0386
vn 0.4037 -0.8993 0.1684
vn 0.4789 -0.7766 0.4093
vn 0.5446 -0.6235 0.5610
vn -0.4109 -0.2226 0.8841
vn -0.7643 0.1780 0.6198
vn -0.8229 -0.0187 0.5679
vn -0.5447 0.0945 0.8333
vn -0.4923 0.1617 0.8553
vn -0.5643 -0.0309 0.8250
vn -0.8135 0.4851 -0.3208
vn -0.8871 0.1851 -0.4228
vn -0.8940 0.1649 -0.4166
vn 0.1068 -0.9791 -0.1729
vn -0.0003 -0.7577 -0.6526
vn 0.0050 -0.4471 -0.8945
vn 0.2557 -0.3937 -0.8829
vn -0.8767 -0.2686 0.3992
vn -0.9165 -0.2717 0.2935
vn -0.6900 -0.1494 0.7083
vn -0.3392 0.1408 0.9301
vn -0.3487 0.1873 0.9183
vn -0.9918 -0.1219 0.0380
vn -0.9940 -0.0430 0.1004
vn -0.9939 -0.0973 0.0528
vn -0.9973 -0.0300 0.0678
vn -0.9848 -0.1363 -0.1081
vn -0.9884 -0.0409 0.1462
vn -0.0784 -0.1619 -0.9837
vn -0.0803 -0.0811 -0.9935
vn -0.1302 -0.0627 -0.9895
vn -0.2289 -0.1225 -0.9657
vn 0.8381 0.2404 0.4897
vn 0.8335 -0.0085 0.5525
vn 0.6866 0.2796 0.6711
vn -0.1889 0.4742 0.8599
vn -0.2434 0.5493 0.7994
vn -0.3665 0.5033 0.7826
vn -0.3181 -0.0763 0.9450
vn -0.5251 0.0684 0.8483
vn -0.4285 0.1950 0.8822
vn 0.8045 0.1818 0.5654
vn 0.6356 -0.4818 0.6032
vn 0.9859 0.1639 -0.0326
vn 0.2540 0.0039 0.9672
vn -0.4422 -0.7841 -0.4356
vn -0.4301 -0.8999 -0.0716
vn -0.3487 -0.1429 0.9263
vn -0.5379 -0.1232 0.8340
vn -0.3334 -0.1701 0.9273
vn -0.6664 0.1176 0.7363
vn -0.0939 -0.1397 0.9857
vn -0.3274 -0.1115 0.9383
vn 0.9834 -0.1621 0.0817
vn 0.9490 0.3083 0.0656
vn 0.9934 0.0046 0.1149
vn 0.8839 0.1248 0.4508
vn 0.8380 0.2119 0.5028
vn 0.4077 0.3404 0.8473
vn -0.1399 0.9901 -0.0148
vn 0.7215 0.6883 0.0761
vn 0.8153 -0.0352 0.5780
vn 0.8591 -0.0525 0.5091
vn -0.7300 0.3291 -0.5990
vn -0.6641 0.4631 -0.5870
vn -0.6092 0.3659 -0.7036
vn -0.4325 0.5838 -0.6870
vn -0.6933 0.4471 0.5652
vn -0.1959 0.1896 0.9621
vn -0.7596 -0.3346 0.5578
vn -0.7625 -0.3043 0.5710
vn -0.5885 -0.3642 0.7218
vn 0.9957 -0.0889 -0.0278
vn 0.9953 -0.0736 -0.0625
vn 0.9927 -0.0583 -0.1054
vn 0.9755 0.2161 0.0401
vn 0.9889 -0.0670 -0.1323
vn -0.7124 -0.6635 -0.2289
vn -0.0182 -0.6653 -0.7463
vn -0.6657 -0.7227 -0.1859
vn 0.0022 -0.7055 0.7087
vn -0.5426 -0.2112 0.8130
vn -0.2622 -0.9536 0.1478
vn -0.8200 -0.2256 0.5260
vn 0.3490 -0.6660 -0.6593
vn 0.2412 -0.9676 -0.0740
vn 0.9160 -0.0637 0.3960
vn 0.9982 0.0503 0.0332
vn 0.4398 -0.5529 0.7078
vn 0.5833 -0.3860 0.7147
vn 0.4229 -0.4791 0.7691
vn 0.2466 0.0733 -0.9663
vn 0.7274 0.0949 -0.6797
vn -0.8295 0.5462 0.1166
vn -0.7762 0.4661 0.4245
vn -0.7802 0.6250 -0.0248
vn -0.5762 0.7332 0.3611
vn -0.7638 0.5261 -0.3740
vn -0.4362 0.6281 0.6444
vn -0.2177 -0.9162 0.3363
vn -0.4567 -0.7456 0.4852
vn -0.7343 -0.6446 0.2130
vn -0.4826 0.4734 -0.7368
vn -0.0251 -0.1639 -0.9862
vn -0.7787 -0.2869 -0.5579
vn -0.7221 -0.0798 -0.6872
vn -0.5583 -0.6213 -0.5498
vn -0.7722 0.0252 -0.6349
vn -0.0795 0.1243 -0.9891
vn -0.1274 0.2154 -0.9682
vn -0.4728 -0.3002 -0.8285
vn 0.1080 0.2995 -0.9480
vn -0.3073 -0.2707 0.9123
vn -0.2562 -0.4817 0.8381
vn -0.3255 -0.5241 0.7870
vn -0.2458 -0.4375 0.8650
vn -0.8866 0.1247 0.4454
vn 0.3764 0.1467 -0.9148
vn 0.4969 0.1582 -0.8533
vn 0.5119 -0.1493 -0.8460
vn 0.5134 -0.3357 -0.7898
vn 0.3440 -0.1887 -0.9198
vn 0.7922 -0.0788 -0.6051
vn 0.8785 -0.1748 -0.4446
vn 0.7795 -0.1450 -0.6094
vn 0.7633 -0.2104 -0.6108
vn -0.7058 0.1400 0.6944
vn -0.5667 0.7982 0.2041
vn -0.9060 -0.1580 0.3927
vn 0.0582 -0.9802 0.1894
vn 0.0519 -0.9870 0.1524
vn -0.6167 0.7791 0.1124
vn -0.7716 -0.6132 0.1688
vn 0.0191 -0.9998 -0.0063
vn -0.6748 0.4298 0.6000
vn -0.8716 -0.1859 -0.4536
vn -0.9214 0.3749 -0.1021
vn -0.3821 0.8802 -0.2816
vn -0.5194 0.6205 -0.5875
vn -0.1994 0.2893 -0.9362
vn 0.8440 -0.0508 -0.5339
vn 0.8474 -0.0553 -0.5281
vn 0.9936 -0.0363 -0.1072
vn 0.9955 -0.0625 -0.0719
vn 0.4291 0.4450 0.7861
vn 0.3834 0.5580 0.7359
vn 0.3280 -0.2464 -0.9120
vn -0.6627 0.0704 0.7455
vn 0.9354 -0.2043 0.2887
vn 0.9353 -0.2043 0.2888
vn 0.8267 -0.2819 0.4869
vn 0.9603 -0.1754 0.2169
vn 0.8919 0.2061 -0.4025
vn 0.9181 0.2818 -0.2787
vn 0.9210 0.2074 -0.3298
vn 0.9006 0.3583 -0.2459
vn 0.8691 0.4492 -0.2071
vn -0.1748 -0.3095 0.9347
vn -0.2180 -0.2886 0.9323
vn -0.2180 -0.2887 0.9323
vn -0.1818 -0.1465 0.9724
vn -0.6466 -0.5346 0.5441
vn -0.7364 -0.5475 0.3974
vn -0.3902 -0.6370 0.6647
vn -0.6009 -0.6568 0.4555
vn -0.2608 -0.2671 0.9277
vn 0.1565 -0.0860 0.9839
vn 0.1565 -0.0859 0.9839
vn 0.5999 -0.3792 0.7045
vn -0.2813 -0.8442 0.4563
vn -0.1651 -0.6213 0.7660
vn -0.0393 -0.6552 0.7544
vn 0.1919 -0.1517 0.9696
vn 0.1220 -0.1465 0.9817
vn 0.0184 -0.9314 0.3636
vn 0.1276 -0.2096 0.9694
vn 0.1288 -0.2105 0.9691
vn -0.5054 -0.8439 -0.1800
vn -0.3442 -0.9191 -0.1919
vn 0.1442 -0.9682 0.2044
vn -0.5816 -0.7864 -0.2083
vn 0.1738 -0.1426 -0.9744
vn 0.5111 -0.3488 -0.7856
vn 0.2799 -0.2358 -0.9306
vn 0.6010 -0.7957 0.0751
vn 0.9951 -0.0902 0.0410
vn 0.9965 -0.0730 0.0399
vn 0.4657 0.1590 0.8705
vn -0.5139 0.8572 -0.0335
vn -0.2653 0.9532 -0.1452
vn -0.1839 0.9696 0.1616
vn -0.0778 0.9828 0.1675
vn -0.0636 0.9806 -0.1856
vn 0.0538 0.0506 -0.9973
vn 0.0402 0.0737 -0.9965
vn -0.1447 0.0766 -0.9865
vn -0.0516 0.0731 -0.9960
vn 0.9311 0.0702 -0.3580
vn 0.8039 0.0547 -0.5922
vn 0.9548 0.0612 -0.2910
vn 0.9880 0.1226 -0.0935
vn 0.9872 0.1280 0.0947
vn 0.3069 0.8936 0.3274
vn 0.2022 -0.4637 0.8626
vn -0.0923 -0.9918 0.0881
vn 0.1103 0.9063 0.4080
vn 0.1371 -0.0547 0.9890
vn 0.0160 -0.9913 0.1307
vn -0.6685 0.4701 0.5763
vn -0.6867 0.5515 0.4736
vn -0.2135 0.7264 0.6533
vn 0.6894 -0.5940 0.4146
vn -0.5106 -0.2652 -0.8179
vn -0.9273 -0.2623 -0.2672
vn -0.6539 0.5361 -0.5339
vn -0.6860 0.5938 -0.4205
vn -0.1053 0.9905 -0.0887
vn 0.1680 -0.2232 0.9602
vn -0.1788 -0.2465 0.9525
vn -0.2967 -0.2941 0.9085
vn -0.0810 -0.4772 0.8750
vn 0.2449 -0.7176 0.6520
vn 0.0766 0.0490 -0.9959
vn -0.9237 0.0340 0.3816
vn -0.9158 0.1484 0.3731
vn -0.7543 0.5291 0.3887
vn -0.2576 0.1640 0.9522
vn -0.2432 0.1543 0.9576
vn -0.4303 0.1705 0.8865
vn 0.6627 0.5976 -0.4513
vn 0.6843 0.5516 -0.4770
vn 0.0843 0.2188 0.9721
vn -0.4670 0.1254 0.8753
vn -0.7548 -0.1811 -0.6305
vn -0.6799 -0.2436 -0.6917
vn -0.6423 -0.4920 -0.5877
vn -0.7510 -0.4365 -0.4954
vn -0.8367 -0.3804 -0.3940
vn -0.4119 -0.2887 -0.8643
vn -0.8630 -0.3252 -0.3866
vn 0.4109 -0.3449 0.8439
vn 0.2355 0.3476 -0.9076
vn 0.3270 0.4100 -0.8515
vn 0.2478 0.4386 -0.8639
vn 0.2501 0.6913 -0.6778
vn 0.2502 0.6913 -0.6779
vn 0.2669 0.6742 -0.6886
vn -0.0104 -0.3094 -0.9509
vn 0.1020 -0.0127 -0.9947
vn -0.4583 0.0390 -0.8880
vn -0.5644 -0.0506 -0.8239
vn -0.1239 0.0059 -0.9923
vn 0.9570 0.1472 -0.2499
vn 0.0199 0.6100 -0.7921
vn -0.3969 0.8682 -0.2977
vn -0.4357 0.8872 0.1518
vn -0.6717 0.5719 0.4708
vn -0.3973 0.2273 -0.8891
vn -0.2643 0.1268 -0.9561
vn 0.0045 0.8478 0.5303
vn 0.7512 0.5894 0.2972
vn -0.8909 -0.3361 -0.3055
vn -0.7195 -0.5301 -0.4486
vn -0.5126 -0.8549 -0.0799
vn -0.3584 -0.9281 -0.1010
vn -0.7514 -0.5588 0.3510
vn 0.9442 -0.3189 -0.0819
vn 0.7609 -0.1852 -0.6219
vn -0.9662 0.0792 0.2453
vn -0.9267 0.3309 0.1779
vn -0.5836 0.7955 -0.1633
vn -0.6651 0.7038 -0.2496
vn -0.7837 0.6209 -0.0175
vn -0.9988 -0.0196 0.0445
vn -0.9836 -0.0075 0.1803
vn 0.6917 -0.3721 0.6189
vn 0.5353 -0.5687 0.6246
vn 0.6482 -0.6889 0.3245
vn -0.2932 -0.8131 0.5028
vn -0.1875 -0.9774 -0.0974
vn 0.2402 -0.9422 -0.2338
vn 0.2916 -0.7746 -0.5612
vn 0.4292 -0.8386 0.3353
vn 0.4803 -0.7454 0.4623
vn -0.9930 0.0936 0.0715
vn 0.7273 -0.5239 -0.4434
vn 0.7586 -0.5970 -0.2610
vn 0.3712 -0.1573 0.9151
vn 0.4394 -0.1922 0.8775
vn -0.5681 -0.5529 -0.6096
vn -0.7692 -0.6372 -0.0476
vn -0.8321 -0.4638 0.3041
vn -0.8246 -0.2874 0.4873
vn -0.9450 -0.3256 -0.0312
vn -0.8254 -0.4383 0.3559
vn -0.6316 -0.5609 0.5352
vn -0.4210 -0.5796 0.6977
vn -0.4234 -0.5286 0.7358
vn -0.9674 -0.0168 0.2528
vn -0.9875 -0.1225 0.0996
vn -0.8272 -0.0144 0.5618
vn -0.9757 0.1551 -0.1550
vn -0.7380 -0.6488 0.1857
vn -0.0043 -0.9286 0.3711
vn -0.8460 -0.2521 0.4697
vn -0.7380 -0.6487 0.1857
vn 0.7232 -0.5393 0.4315
vn 0.7231 -0.5393 0.4315
vn -0.0254 -0.7806 0.6245
vn -0.9776 0.2010 -0.0624
vn -0.9877 0.1405 -0.0692
vn -0.8488 0.1582 -0.5045
vn 0.6481 -0.1483 -0.7470
vn 0.5452 0.2470 -0.8011
vn -0.6121 0.7604 0.2172
vn -0.7805 0.3248 -0.5341
vn -0.4912 0.8690 -0.0608
vn -0.9912 -0.0849 -0.1019
vn -0.9818 -0.1899 -0.0068
vn -0.9873 -0.0994 -0.1236
vn 0.3910 0.7449 0.5405
vn 0.0721 0.9300 0.3603
vn -0.3671 0.9091 0.1969
vn -0.9944 -0.0963 0.0434
vn -0.8337 0.1140 0.5403
vn -0.9990 -0.0073 0.0448
vn -0.9988 -0.0349 0.0343
vn -0.4203 0.2715 0.8658
vn 0.0237 0.9898 -0.1402
vn 0.2381 0.9689 -0.0679
vn 0.2211 0.9703 0.0978
vn 0.3568 0.8816 0.3091
vn 0.1296 0.9796 0.1535
vn 0.9388 0.2857 0.1922
vn -0.4543 -0.1070 -0.8844
vn -0.3279 -0.5245 -0.7857
vn -0.4301 -0.4585 -0.7777
vn -0.1046 -0.3819 -0.9182
vn 0.1841 -0.4422 -0.8778
vn 0.1976 -0.2702 -0.9423
vn 0.2222 0.0300 -0.9745
vn 0.8502 0.2076 0.4837
vn 0.9357 0.1377 0.3249
vn 0.9829 0.0317 0.1811
vn 0.8817 -0.0174 0.4715
vn 0.7991 0.1095 0.5911
vn 0.3796 -0.1902 0.9054
vn 0.3809 -0.2046 0.9017
vn -0.2063 -0.1689 0.9638
vn -0.5329 -0.4330 0.7270
vn -0.9228 -0.1096 0.3694
vn -0.9031 -0.1526 0.4014
vn -0.8047 -0.2639 0.5318
vn -0.8517 0.5118 -0.1127
vn -0.4273 0.8962 -0.1191
vn 0.1133 0.1316 0.9848
vn 0.1235 0.0206 0.9921
vn -0.1592 -0.6128 0.7741
vn -0.2335 -0.9713 -0.0455
vn 0.7893 -0.4465 0.4215
vn -0.9021 0.3024 -0.3077
vn 0.3469 -0.3640 -0.8644
vn 0.2776 0.7343 -0.6195
vn 0.2090 0.3954 -0.8944
vn 0.4060 -0.2478 -0.8796
vn -0.6388 -0.0363 -0.7685
vn -0.6958 0.3096 0.6480
vn -0.8493 0.5169 0.1075
vn 0.0102 0.2424 -0.9701
vn -0.1305 0.2423 -0.9614
vn -0.1454 0.2555 -0.9558
vn 0.1711 0.2559 -0.9514
vn -0.0923 0.5233 -0.8472
vn 0.1297 0.9847 0.1164
vn 0.5571 0.8303 0.0134
vn 0.2621 0.9576 0.1193
vn -0.7332 -0.5205 -0.4377
vn -0.6879 -0.5345 -0.4910
vn -0.6667 -0.5619 -0.4897
vn -0.6291 -0.3042 -0.7154
vn -0.6927 -0.4488 -0.5646
vn -0.6158 -0.5781 -0.5353
vn -0.9603 -0.2578 -0.1067
vn 0.7844 -0.0420 -0.6189
vn 0.1231 0.9282 -0.3512
vn 0.4756 -0.4745 0.7407
vn -0.2556 0.1990 0.9461
vn -0.3551 0.1924 0.9148
vn -0.4813 0.2871 0.8282
vn 0.6681 -0.1960 -0.7178
vn 0.5767 0.3574 -0.7346
vn 0.1387 0.9309 0.3380
vn -0.2424 0.8874 0.3921
vn -0.7950 0.1934 0.5750
vn -0.8888 0.2339 0.3941
vn -0.8919 0.1613 0.4226
vn 0.9947 0.0052 -0.1028
vn 0.9959 0.0873 0.0226
vn 0.9487 0.2556 0.1864
vn 0.9784 0.1383 0.1539
vn 0.9959 0.0826 0.0365
vn -0.3821 0.5778 -0.7212
vn -0.6236 -0.2903 -0.7258
vn -0.6034 0.7820 0.1561
vn -0.8869 -0.3471 0.3048
vn 0.9355 -0.1697 -0.3100
vn 0.6801 -0.3921 -0.6194
vn -0.3519 -0.0420 -0.9351
vn 0.6050 0.7912 -0.0889
vn 0.1085 0.9535 -0.2812
vn 0.5646 -0.4617 -0.6841
vn -0.8995 -0.4001 -0.1755
vn -0.9206 -0.1592 0.3566
vn 0.6641 -0.7334 -0.1449
vn -0.4181 0.5298 0.7379
vn -0.5700 -0.0773 0.8180
vn -0.5668 -0.3817 0.7301
vn -0.4111 0.1681 0.8960
vn -0.0650 -0.3356 0.9398
vn -0.1191 -0.4103 0.9041
vn -0.1572 0.0686 0.9852
vn -0.3297 0.3789 0.8647
vn -0.3821 0.6559 0.6510
vn -0.2463 0.1213 0.9616
vn 0.1871 0.9741 -0.1269
vn -0.3594 -0.1236 0.9250
vn -0.2351 -0.1380 0.9621
vn -0.4029 -0.1447 0.9037
vn 0.7382 -0.5063 -0.4458
vn 0.8967 -0.3512 -0.2695
vn 0.2487 0.2295 0.9410
vn 0.2193 -0.8838 0.4133
vn -0.9823 0.1736 -0.0702
vn 0.0564 -0.8705 0.4889
vn -0.9833 0.1683 -0.0688
vn -0.1768 -0.9763 -0.1245
vn -0.0626 -0.7578 0.6495
vn -0.9807 0.0172 0.1947
vn 0.4831 0.3753 -0.7910
vn 0.7974 0.3979 0.4538
vn 0.6390 0.0779 -0.7653
vn 0.7124 0.0766 -0.6975
vn 0.0346 -0.9490 -0.3135
vn 0.0088 -0.9999 -0.0113
vn -0.0000 -0.9601 -0.2795
vn -0.9946 -0.1034 0.0080
vn -0.9203 -0.1643 0.3550
vn 0.0425 0.3774 0.9251
vn 0.1286 0.1659 0.9777
vn -0.1586 0.2408 0.9575
vn -0.1756 0.2039 0.9631
vn -0.1677 0.2382 0.9566
vn 0.0891 0.0362 0.9954
vn 0.7760 0.4421 0.4499
vn 0.5233 0.6907 0.4991
vn 0.9698 -0.0520 0.2384
vn 0.9867 -0.0110 0.1621
vn 0.9216 -0.0425 0.3859
vn -0.1919 0.4551 -0.8695
vn -0.8797 0.1199 -0.4601
vn 0.1211 -0.0858 0.9889
vn -0.0200 0.9500 -0.3115
vn 0.0062 -0.8418 -0.5398
vn -0.6522 -0.7486 0.1193
vn -0.7474 -0.6163 -0.2480
vn -0.9904 -0.1197 0.0697
vn -0.7072 -0.3519 -0.6133
vn 0.6507 0.0949 0.7534
vn 0.5258 0.0393 0.8497
vn 0.5681 -0.1038 0.8164
vn 0.8016 -0.0563 0.5952
vn 0.6006 -0.3187 0.7333
vn -0.1795 0.1866 0.9659
vn -0.2087 0.1290 0.9694
vn 0.7151 0.4753 0.5125
vn 0.8019 0.5934 -0.0695
vn 0.6306 0.4017 -0.6641
vn 0.1015 0.9061 0.4106
vn 0.0020 0.9916 0.1295
vn -0.8511 -0.3559 0.3860
vn -0.5307 0.1682 0.8307
vn -0.9894 -0.1424 0.0267
vn -0.8653 0.4013 -0.3004
vn 0.7781 0.1324 -0.6140
vn 0.8377 0.1223 -0.5322
vn -0.3728 -0.5249 0.7651
vn -0.4901 -0.3750 0.7869
vn 0.5377 -0.2121 0.8160
vn 0.9514 -0.2301 -0.2048
vn 0.9671 -0.0071 -0.2543
vn 0.8579 0.0828 -0.5071
vn 0.9935 0.0894 -0.0699
vn 0.2136 0.1826 0.9597
vn 0.4524 0.0165 -0.8917
vn 0.8546 -0.0139 0.5192
vn 0.7295 0.0465 0.6824
vn 0.8109 0.1710 0.5597
vn -0.5264 -0.0303 -0.8497
vn -0.7754 -0.5090 0.3738
vn -0.6997 -0.7022 0.1317
vn -0.6918 -0.2403 0.6809
vn 0.3269 -0.8485 0.4162
vn 0.3972 -0.8832 0.2495
vn 0.4785 -0.5643 0.6727
vn 0.1633 -0.2280 0.9599
vn -0.1044 -0.5018 0.8586
vn -0.1353 -0.1632 0.9773
vn 0.1240 -0.1580 0.9796
vn -0.1957 -0.0818 0.9773
vn 0.7241 -0.6417 0.2530
vn -0.1591 -0.7995 0.5792
vn -0.3075 -0.8334 0.4593
vn 0.0860 0.5151 0.8528
vn 0.5194 0.4957 0.6961
vn 0.0575 0.7881 0.6129
vn -0.9542 0.2968 -0.0365
vn -0.4114 0.8767 0.2495
vn -0.9960 -0.0869 0.0192
vn -0.5287 0.8463 0.0655
vn 0.9989 -0.0132 0.0449
vn 0.7241 -0.5125 0.4615
vn 0.6990 -0.6635 -0.2667
vn 0.1125 -0.8820 -0.4576
vn -0.1425 -0.7883 -0.5986
vn 0.0487 -0.7992 -0.5990
vn -0.0983 -0.8177 -0.5672
vn 0.2678 -0.3178 -0.9096
vn 0.1272 -0.3345 -0.9338
vn -0.2799 -0.4952 -0.8225
vn -0.8536 -0.4270 -0.2985
vn -0.8344 -0.1924 0.5164
vn -0.7330 -0.5361 0.4188
vn -0.7079 -0.4983 0.5006
vn 0.1822 -0.9815 0.0581
vn 0.1919 -0.9644 0.1818
vn -0.7355 0.3878 0.5555
vn 0.2670 -0.9446 0.1910
vn -0.9647 0.0219 -0.2626
vn -0.2239 0.5286 0.8188
vn -0.1706 0.4701 0.8660
vn -0.1692 0.5073 0.8450
vn 0.1668 0.4739 0.8646
vn 0.1655 0.5081 0.8452
vn 0.2106 0.0726 -0.9749
vn -0.1956 -0.0522 -0.9793
vn -0.0996 -0.0219 -0.9948
vn 0.1117 -0.0027 -0.9937
vn 0.6874 0.1299 -0.7146
vn 0.6923 0.0536 -0.7196
vn -0.0415 -0.3011 0.9527
vn 0.1894 -0.3801 0.9054
vn 0.4617 -0.3527 0.8139
vn 0.1957 -0.3335 0.9222
vn 0.1553 0.6950 0.7020
vn 0.7674 0.4057 0.4965
vn 0.8770 0.2918 0.3817
vn 0.0653 -0.6262 0.7769
vn 0.3912 -0.9179 -0.0661
vn -0.4839 -0.8705 0.0894
vn 0.3768 -0.8279 0.4155
vn -0.0745 -0.9248 -0.3731
vn 0.0745 -0.8689 -0.4894
vn 0.9864 0.0867 -0.1396
vn 0.9637 0.1283 0.2339
vn 0.9766 0.1263 -0.1741
vn 0.8686 0.1143 -0.4821
vn 0.9764 0.1206 -0.1789
vn -0.2230 -0.0292 -0.9744
vn -0.5832 0.0034 0.8123
vn -0.9726 0.1051 0.2075
vn 0.0034 -0.9700 0.2432
vn -0.0875 -0.5672 0.8189
vn -0.1589 -0.5730 0.8040
vn 0.1906 0.2242 0.9557
vn 0.4130 0.2523 0.8751
vn 0.1343 0.2079 0.9689
vn 0.1729 0.1130 0.9784
vn -0.2672 -0.5350 0.8014
vn -0.1090 0.9878 0.1112
vn -0.9154 -0.3081 0.2589
vn 0.0834 -0.9962 -0.0245
vn 0.0909 0.9953 -0.0342
vn -0.3873 0.5360 -0.7501
vn -0.6344 -0.7386 -0.2279
vn -0.5554 -0.8155 0.1628
vn -0.2181 -0.1261 0.9678
vn -0.3669 -0.6497 0.6658
vn -0.0480 0.5132 0.8569
vn 0.9830 0.1432 -0.1147
vn -0.5897 -0.6069 -0.5329
vn -0.4119 -0.9033 -0.1203
vn -0.6806 -0.7165 -0.1531
vn -0.8367 -0.5402 0.0898
vn -0.3834 -0.7145 -0.5853
vn -0.1892 -0.9654 -0.1794
vn -0.1767 -0.9764 -0.1244
vn -0.5469 -0.7501 -0.3719
vn -0.0390 0.0483 -0.9981
vn -0.0273 0.2130 -0.9767
vn -0.8541 0.3374 0.3959
vn -0.8570 0.3432 0.3845
vn -0.3898 -0.0454 0.9198
vn -0.1793 0.8940 0.4107
vn -0.2618 0.6774 0.6874
vn 0.1722 0.8471 0.5027
vn 0.2696 0.9317 0.2433
vn -0.0866 0.4855 0.8699
vn 0.3067 0.7937 0.5254
vn -0.3851 0.6000 -0.7013
vn -0.3025 0.7358 -0.6059
vn -0.1487 0.8634 -0.4822
vn -0.1250 0.7465 -0.6535
vn -0.0051 0.0766 -0.9970
vn -0.1429 0.9561 -0.2558
vn 0.4016 -0.3055 -0.8634
vn 0.6355 -0.2196 0.7402
vn 0.4797 -0.5469 0.6862
vn 0.2074 -0.1179 0.9711
vn 0.9223 -0.3851 -0.0332
vn -0.3984 -0.8437 0.3599
vn -0.2574 -0.8596 0.4415
vn -0.2892 -0.9573 0.0053
vn -0.2869 -0.9579 0.0075
vn 0.3470 -0.9150 0.2059
vn -0.2224 0.9746 -0.0279
vn 0.4664 -0.4325 -0.7716
vn 0.3606 -0.0315 0.9322
vn -0.9815 -0.1812 -0.0614
vn 0.9805 0.1964 0.0088
vn 0.9127 0.0057 -0.4085
vn 0.9810 0.1929 0.0204
vn 0.7383 -0.1357 -0.6607
vn 0.0933 0.9514 0.2935
vn -0.2062 -0.1689 0.9638
vn 0.9113 0.0125 0.4116
vn 0.9008 0.1520 0.4068
vn -0.2062 0.9533 -0.2206
vn -0.0644 0.9812 -0.1821
vn 0.3436 0.8631 -0.3702
vn 0.4825 0.6919 -0.5370
vn -0.6071 0.4491 0.6556
vn -0.6605 -0.1544 0.7348
vn -0.4826 -0.1622 0.8607
vn -0.4757 -0.4422 0.7603
vn 0.4236 -0.8286 0.3660
vn 0.5181 -0.8502 0.0937
vn -0.8435 -0.4534 0.2878
vn -0.7523 -0.5160 0.4097
vn -0.7861 -0.4608 0.4120
vn 0.4617 -0.8439 0.2734
vn -0.4165 -0.8488 0.3257
vn -0.6034 -0.7584 0.2463
vn -0.8585 -0.3119 -0.4071
vn -0.9328 0.0860 -0.3500
vn -0.9256 0.1805 0.3327
vn -0.9589 0.2191 0.1804
vn 0.3722 0.5186 0.7697
vn 0.0326 0.8573 0.5138
vn 0.3750 0.7975 0.4726
vn -0.9875 -0.0106 -0.1575
vn -0.8597 0.4534 0.2350
vn 0.0312 0.8776 0.4784
vn -0.5537 0.1420 0.8205
vn -0.3069 0.8457 0.4366
vn 0.9398 0.1802 0.2904
vn 0.5850 -0.0056 0.8110
vn 0.1160 -0.0925 0.9889
vn -0.3946 -0.1111 -0.9121
vn -0.2474 0.2726 -0.9298
vn -0.0892 -0.0275 0.9956
vn -0.2133 -0.0186 0.9768
vn -0.2379 -0.0572 0.9696
vn 0.0453 -0.0902 0.9949
vn 0.1354 -0.9907 -0.0163
vn -0.0649 0.4287 -0.9011
vn 0.8179 -0.1175 0.5632
vn 0.9990 -0.0381 0.0253
vn 0.1278 0.1941 -0.9726
vn -0.8277 -0.2111 0.5199
vn -0.7591 -0.2973 0.5791
vn -0.5649 -0.3984 0.7226
vn -0.5685 -0.2653 0.7787
vn -0.5011 -0.3590 0.7874
vn -0.2610 -0.6385 0.7240
vn -0.0839 -0.6711 0.7366
vn 0.9878 -0.1478 -0.0497
vn 0.9872 -0.1049 -0.1199
vn 0.3757 0.6050 -0.7020
vn 0.6300 -0.2443 -0.7372
vn -0.1456 -0.0623 0.9874
vn 0.2437 -0.0377 0.9691
vn -0.6282 -0.4385 0.6427
vn -0.6000 -0.3656 0.7116
vn -0.8327 0.4223 0.3580
vn -0.6172 -0.7750 0.1362
vn -0.4754 -0.8765 -0.0760
vn -0.5613 -0.8276 0.0073
vn -0.5254 -0.8508 -0.0111
vn -0.5131 -0.8255 0.2350
vn -0.1573 -0.8796 -0.4489
vn -0.9921 0.1056 0.0671
vn 0.9975 0.0557 -0.0445
vn -0.9807 -0.1396 -0.1370
vn -0.5598 -0.3589 -0.7469
vn -0.5095 0.0670 0.8578
vn 0.0161 0.9630 0.2689
vn -0.6804 -0.2079 -0.7028
vn -0.6081 -0.5750 -0.5474
vn -0.6989 -0.5529 -0.4538
vn -0.9194 -0.2179 -0.3275
vn -0.9131 -0.1945 -0.3583
vn 0.5582 0.3022 0.7727
vn -0.9871 0.0003 0.1600
vn -0.7577 0.1715 -0.6297
vn -0.6385 0.0836 -0.7650
vn -0.0709 -0.7201 0.6903
vn 0.1716 -0.9497 0.2621
vn 0.2581 -0.4279 0.8662
vn 0.9338 -0.0681 -0.3512
vn -0.4749 0.1298 0.8704
vn -0.3832 0.8509 0.3593
vn -0.5580 -0.7011 -0.4440
vn 0.5049 0.3518 -0.7882
vn 0.0847 0.3123 -0.9462
vn 0.7128 -0.0182 0.7011
vn 0.7957 0.0262 0.6051
vn 0.5953 -0.0653 -0.8009
vn -0.3592 -0.3138 0.8789
vn -0.3443 -0.2963 0.8909
vn -0.1375 -0.1483 0.9793
vn 0.4764 -0.8075 0.3480
vn -0.6335 0.2541 -0.7309
vn -0.7935 0.0710 -0.6044
vn -0.7861 0.0527 -0.6159
vn -0.9737 0.1761 0.1448
vn -0.9852 0.1322 0.1087
vn -0.8616 0.5025 0.0722
vn -0.5240 -0.2553 0.8125
vn -0.1561 -0.0202 -0.9875
vn -0.1453 -0.0295 -0.9890
vn -0.9011 -0.1867 0.3912
vn -0.4564 -0.7491 -0.4803
vn -0.5428 -0.6252 -0.5608
vn 0.7530 0.0163 0.6578
vn 0.0471 0.9952 -0.0863
vn -0.0079 0.5323 0.8465
vn -0.8816 0.4090 0.2358
vn -0.6958 0.5621 0.4471
vn -0.9690 0.1841 -0.1648
vn -0.9116 0.3421 -0.2279
vn 0.7136 0.1081 -0.6922
vn 0.6588 -0.0652 -0.7495
vn 0.1614 0.2567 0.9529
vn 0.4258 0.5242 0.7375
vn -0.2867 0.1625 0.9441
vn -0.2560 0.1880 0.9482
vn 0.8249 0.5441 0.1534
vn 0.4587 0.8883 0.0237
vn 0.6677 0.7433 0.0417
vn 0.6830 0.7255 -0.0844
vn 0.8512 0.5235 -0.0384
vn 0.9122 0.3939 -0.1129
vn 0.9208 0.3896 0.0209
vn -0.5861 -0.2357 0.7752
vn -0.7780 -0.2161 0.5899
vn -0.5450 -0.7949 -0.2666
vn -0.2116 -0.7282 0.6519
vn -0.6482 -0.6923 -0.3170
vn -0.3625 0.7248 -0.5859
vn -0.5629 -0.8256 -0.0386
vn -0.6631 -0.7485 -0.0122
vn 0.5326 -0.8460 -0.0247
vn -0.5143 -0.7097 0.4816
vn 0.4777 -0.8681 0.1347
vn -0.4572 -0.8423 -0.2855
vn -0.2852 -0.9585 -0.0000
vn -0.7059 -0.1073 0.7002
vn -0.8037 -0.5560 0.2120
vn -0.5664 -0.3910 0.7255
vn -0.0224 -0.9973 0.0699
vn 0.1799 -0.0451 0.9827
vn 0.9963 -0.0710 -0.0484
vn 0.9772 -0.1748 -0.1205
vn 0.9935 -0.1135 0.0043
vn 0.9813 -0.1328 -0.1396
vn 0.9966 -0.0413 0.0711
vn 0.3356 -0.7846 -0.5213
vn -0.1807 -0.9460 -0.2691
vn -0.2011 -0.7354 -0.6471
vn -0.7055 -0.0941 0.7024
vn -0.8194 0.1324 0.5578
vn -0.6134 -0.3613 0.7023
vn -0.6857 -0.3225 0.6525
vn -0.5408 -0.3291 0.7741
vn -0.6348 -0.2951 0.7141
vn -0.0867 -0.2234 -0.9709
vn -0.1400 -0.9541 0.2649
vn -0.2431 -0.9562 -0.1627
vn 0.9031 -0.2896 0.3170
vn 0.4752 -0.1645 0.8644
vn -0.8329 0.1230 -0.5396
vn -0.8195 -0.0220 -0.5726
vn -0.8096 -0.0290 -0.5862
vn 0.7054 -0.5403 -0.4588
vn 0.6276 -0.5632 -0.5375
vn -0.1610 -0.0969 0.9822
vn 0.6021 0.3043 0.7382
vn 0.7413 0.4439 0.5034
vn 0.6641 0.4524 0.5952
vn 0.4616 0.2552 0.8496
vn 0.4256 0.3238 0.8450
vn 0.3880 -0.3228 -0.8633
vn 0.8269 0.5621 -0.0146
vn 0.8126 0.5348 0.2316
vn 0.5176 0.8028 0.2960
vn -0.5917 -0.1257 0.7963
vn -0.6111 -0.2764 0.7417
vn -0.5426 0.0697 -0.8371
vn 0.8360 0.1166 -0.5361
vn 0.4532 0.1056 -0.8851
vn 0.5853 0.1425 -0.7982
vn -0.8943 0.4407 0.0779
vn -0.6324 0.7706 -0.0792
vn -0.9872 0.0592 0.1478
vn -0.9714 -0.0693 0.2273
vn -0.9887 0.0087 0.1497
vn -0.9156 -0.0539 0.3984
vn -0.9226 -0.1646 0.3488
vn 0.5452 -0.1565 0.8236
vn -0.9984 -0.0570 -0.0022
vn -0.9930 0.1171 -0.0149
vn -0.3590 0.0140 -0.9332
vn -0.5964 -0.3798 -0.7071
vn -0.0446 0.0422 -0.9981
vn -0.9963 -0.0365 0.0783
vn -0.1078 0.1704 0.9795
vn 0.0700 0.3032 0.9504
vn 0.4161 0.0751 -0.9062
vn 0.9801 0.1845 -0.0730
vn 0.9776 0.2078 0.0330
vn 0.9589 0.2838 0.0053
vn 0.9695 0.2296 0.0852
vn 0.9818 0.0199 0.1886
vn 0.0020 -0.5148 -0.8573
vn -0.9250 0.0115 -0.3798
vn -0.9565 0.2912 0.0184
vn -0.7037 -0.3524 -0.6169
vn -0.0000 -0.4472 -0.8944
vn -0.8347 -0.0814 0.5446
vn -0.3861 -0.2011 0.9003
vn -0.9149 -0.1672 0.3674
vn -0.5681 0.3172 0.7594
vn -0.6154 0.0543 0.7864
vn 0.1534 -0.9778 -0.1426
vn -0.2990 -0.6254 -0.7207
vn 0.0047 -0.6383 -0.7698
vn 0.3088 -0.6229 -0.7187
vn -0.3153 -0.6374 -0.7031
vn 0.5505 0.1050 0.8282
vn 0.5522 0.0603 0.8315
vn -0.0120 0.4276 0.9039
vn 0.9611 -0.0379 0.2735
vn 0.6891 0.6680 0.2809
vn -0.8661 0.3068 -0.3946
vn 0.3919 0.7018 0.5949
vn 0.3213 0.8580 0.4008
vn 0.9201 0.3529 0.1701
vn 0.8263 0.5628 0.0199
vn 0.9310 0.3384 -0.1369
vn -0.3171 -0.8512 -0.4182
vn 0.6250 0.7803 0.0208
vn 0.4120 0.9092 0.0604
vn -0.7604 0.3695 0.5341
vn -0.4243 0.7132 0.5579
vn -0.6007 0.6167 0.5087
vn -0.3851 -0.7998 0.4605
vn -0.8435 0.0264 0.5364
vn -0.9025 -0.0357 0.4292
vn -0.9946 -0.0277 0.1000
vn -0.9795 0.1661 0.1140
vn -0.9997 0.0134 0.0213
vn -0.1399 -0.1903 0.9717
vn 0.1082 -0.1898 0.9758
vn -0.9443 0.3185 -0.0824
vn -0.7992 0.5921 0.1034
vn 0.3516 0.0689 -0.9336
vn 0.2765 0.1711 -0.9457
vn 0.9962 -0.0869 0.0083
vn 0.0228 -0.3834 -0.9233
vn 0.0193 -0.3733 -0.9275
vn 0.7384 0.6035 -0.3009
vn 0.5072 0.7957 -0.3310
vn -0.4851 -0.1800 0.8557
vn 0.7477 -0.4993 -0.4377
vn 0.5833 -0.4822 -0.6537
vn 0.1020 -0.9876 -0.1197
vn -0.4689 0.2591 0.8444
vn 0.9995 -0.0198 0.0244
vn -0.1795 -0.9778 -0.1085
vn 0.9452 -0.1933 0.2632
vn 0.9761 -0.1996 0.0854
vn -0.7866 -0.6174 0.0082
vn -0.8152 -0.5792 0.0065
vn 0.3040 0.5021 0.8097
vn -0.8793 0.1048 0.4645
vn -0.7094 -0.5461 0.4455
vn -0.6173 0.7763 0.1275
vn -0.9590 -0.2548 0.1239
vn 0.4369 -0.7316 0.5233
vn 0.3176 -0.9432 -0.0975
vn 0.7011 -0.5412 -0.4643
vn 0.5349 0.0315 -0.8443
vn 0.7242 0.0918 -0.6834
vn 0.4565 0.3006 0.8374
vn 0.6753 0.2090 0.7074
vn 0.6593 0.5647 0.4963
vn -0.0226 -0.9841 -0.1760
vn -0.2156 -0.7966 0.5648
vn -0.5419 0.7406 -0.3973
vn 0.6226 0.4391 0.6478
vn -0.9980 0.0057 -0.0631
vn -0.9738 -0.2212 -0.0530
vn -0.8872 -0.4573 -0.0615
vn 0.5756 0.3365 0.7453
vn 0.7938 0.5142 0.3246
vn 0.8063 0.5915 -0.0082
vn -0.3764 0.7316 0.5684
vn -0.4695 0.4191 0.7771
vn 0.1863 0.9593 -0.2121
vn -0.3811 -0.3337 -0.8622
vn -0.0918 -0.7486 0.6566
vn -0.6968 0.5939 0.4022
vn -0.6126 0.7867 0.0766
vn -0.4290 0.5248 0.7352
vn 0.3161 -0.4741 0.8217
vn 0.3624 -0.5472 0.7545
vn -0.8332 -0.0965 0.5445
vn -0.8233 -0.1262 0.5534
vn 0.5685 0.6392 0.5179
vn -0.0118 -0.9999 -0.0015
vn -0.9973 -0.0736 -0.0022
vn 0.0016 0.9924 -0.1230
vn 0.9328 -0.0176 0.3601
vn 0.7570 -0.2560 0.6012
vn 0.7682 -0.3841 0.5121
vn -0.3483 -0.1820 0.9196
vn -0.9904 0.1340 -0.0348
vn -0.2075 -0.1828 0.9610
vn 0.8560 0.1590 -0.4918
vn 0.7418 -0.6358 -0.2133
vn 0.6608 0.0602 0.7481
vn 0.2273 0.1348 0.9644
vn -0.0076 -0.0482 -0.9988
vn -0.0956 0.0213 -0.9952
vn 0.0310 -0.0778 -0.9965
vn 0.0034 -0.7995 0.6007
vn 0.0265 0.3906 -0.9202
vn 0.2903 0.4638 0.8370
vn 0.7600 -0.5207 -0.3889
vn 0.4995 -0.3567 -0.7894
vn 0.8344 -0.3729 -0.4058
vn -0.1782 0.8543 -0.4883
vn 0.2535 0.5941 -0.7634
vn -0.2473 0.5947 -0.7650
vn 0.9915 -0.0916 -0.0924
vn -0.6890 0.1418 0.7108
vn -0.6999 0.0514 0.7124
vn -0.4575 0.3135 0.8321
vn -0.9994 0.0321 -0.0100
vn 0.5567 0.7063 -0.4373
vn 0.4765 0.7251 -0.4971
vn 0.9971 -0.0765 0.0055
vn -0.5648 -0.4934 0.6615
vn -0.5730 -0.3664 0.7331
vn 0.9629 -0.1313 -0.2359
vn 0.3844 0.3525 0.8532
vn -0.6238 -0.0287 0.7811
vn -0.5416 -0.1185 0.8323
vn 0.6946 0.5825 0.4222
vn -0.9782 0.1365 -0.1565
vn -0.9827 0.1208 -0.1400
vn -0.9032 -0.3240 0.2816
vn -0.2216 0.4846 -0.8462
vn -0.4805 0.6959 -0.5337
vn 0.6760 -0.2454 0.6949
vn 0.6972 0.2808 0.6595
vn -0.5175 -0.5682 -0.6398
vn -0.9718 0.0788 -0.2221
vn -0.0443 0.9596 -0.2777
vn 0.2802 -0.3235 0.9038
vn 0.4754 0.8240 -0.3083
vn 0.3929 0.8608 -0.3235
vn -0.0605 0.8670 -0.4946
vn 0.0405 0.8673 -0.4962
vn 0.9352 -0.0711 0.3469
vn 0.0094 0.0634 -0.9979
vn -0.8605 -0.1921 0.4718
vn -0.7234 -0.1447 0.6751
vn -0.8764 -0.0753 0.4757
vn -0.8715 -0.1743 0.4584
vn 0.3526 0.3640 0.8621
vn 0.8014 -0.3562 0.4805
vn 0.7454 0.0730 -0.6626
vn -0.9692 0.1003 -0.2251
vn 0.1229 -0.9572 -0.2620
vn -0.0463 -0.9463 -0.3201
vn 0.0089 -0.9981 -0.0603
vn -0.6296 0.7716 0.0908
vn -0.9654 -0.0440 -0.2570
vn 0.5920 0.0364 -0.8051
vn -0.6516 -0.3772 0.6581
vn -0.2465 -0.6322 0.7345
vn 0.8744 -0.1580 -0.4588
vn 0.8562 -0.2276 -0.4639
vn 0.6216 -0.5652 -0.5424
vn 0.6925 -0.2124 -0.6895
vn -0.0337 -0.9987 -0.0387
vn -0.9540 0.1780 0.2414
vn -0.9364 0.2829 0.2077
vn -0.8236 0.0394 -0.5658
vn 0.8030 0.0934 0.5886
vn 0.5200 0.4254 0.7407
vn -0.4960 0.0276 -0.8679
vn -0.8826 0.1104 0.4570
vn -0.9777 0.0948 0.1874
vn 0.8165 0.2306 -0.5293
vn 0.6445 0.4052 -0.6484
vn 0.0452 0.1923 -0.9803
vn -0.0410 0.1924 -0.9805
vn -0.8336 -0.0809 -0.5464
vn 0.7363 -0.0701 -0.6730
vn 0.9941 -0.0275 -0.1048
vn 0.5568 -0.3351 -0.7601
vn -0.2720 -0.3069 0.9120
vn 0.2303 0.9332 0.2758
vn -0.8595 -0.5035 0.0881
vn -0.1274 -0.1265 0.9838
vn -0.5669 -0.2212 0.7936
vn -0.7890 -0.4773 0.3870
vn -0.9812 -0.1387 0.1341
vn -0.9837 -0.1733 -0.0485
vn -0.4106 -0.9091 -0.0705
vn -0.5940 -0.3511 -0.7238
vn -0.8736 -0.4398 -0.2082
vn -0.5544 0.4014 -0.7290
vn -0.9971 -0.0625 0.0427
vn 0.7200 0.0589 -0.6914
vn 0.5739 0.0826 -0.8148
vn -0.6323 -0.7679 0.1028
vn -0.9967 -0.0791 0.0182
vn 0.2476 0.1453 0.9579
vn -0.5476 -0.8188 0.1724
vn -0.3575 -0.7221 -0.5923
vn 0.0195 -0.2397 -0.9707
vn -0.7230 0.0644 -0.6878
vn 0.9428 0.0072 0.3332
vn 0.9438 0.0966 0.3162
vn 0.9697 0.2424 -0.0306
vn -0.0555 0.9127 -0.4049
vn -0.0784 0.9206 -0.3825
vn 0.5319 0.1552 -0.8325
vn 0.1250 -0.1871 -0.9744
vn 0.9735 0.0486 0.2234
vn 0.9751 0.0693 0.2106
vn 0.5217 0.7894 -0.3235
vn -0.9973 0.0123 0.0718
vn 0.3163 0.4985 0.8071
vn -0.6612 -0.6439 0.3850
vn -0.9933 -0.1048 0.0494
vn 0.9998 -0.0127 0.0127
vn 0.8072 -0.5016 -0.3111
vn 0.3739 -0.1210 0.9196
vn -0.1514 -0.1033 0.9831
vn 0.2334 0.7078 -0.6668
vn -0.9993 -0.0267 0.0255
vn 0.2264 0.6220 -0.7495
vn -0.2377 -0.7451 0.6231
vn -0.9870 0.1310 -0.0925
vn 0.2244 -0.2994 0.9274
vn -0.0724 0.9814 -0.1778
vn 0.6681 0.5498 0.5014
vn -0.2020 -0.9791 -0.0245
vn -0.8103 -0.5343 0.2407
vn -0.3381 0.4792 0.8100
vn 0.0099 -0.9983 0.0567
vn -0.1896 -0.9805 -0.0514
vn 0.1727 -0.1195 -0.9777
vn 0.9136 -0.3886 -0.1196
vn -0.3660 0.2563 0.8946
vn 0.1899 -0.8815 -0.4324
vn -0.6306 0.7715 -0.0847
vn 0.6316 0.7706 -0.0849
vt 0.053806 0.939279
vt 0.035707 0.934766
vt 0.054951 0.899438
vt 0.080785 0.926943
vt 0.548157 0.051428
vt 0.523630 0.036991
vt 0.552186 0.016522
vt 0.567154 0.050378
vt 0.961881 0.672257
vt 0.969228 0.696696
vt 0.926222 0.700459
vt 0.829215 0.321420
vt 0.844576 0.324803
vt 0.840207 0.357879
vt 0.586099 0.033974
vt 0.935979 0.655618
vt 0.512595 0.010528
vt 0.586715 0.011579
vt 0.347437 0.715796
vt 0.341855 0.730964
vt 0.338005 0.713167
vt 0.348477 0.696340
vt 0.331399 0.728635
vt 0.323041 0.724393
vt 0.330306 0.709781
vt 0.338852 0.692722
vt 0.883321 0.168782
vt 0.868250 0.159196
vt 0.887536 0.161384
vt 0.886628 0.154383
vt 0.875231 0.556019
vt 0.876891 0.543040
vt 0.882034 0.547529
vt 0.885640 0.549816
vt 0.343084 0.228466
vt 0.344389 0.218064
vt 0.372856 0.222988
vt 0.899603 0.226392
vt 0.928245 0.215972
vt 0.929407 0.228654
vt 0.372111 0.234235
vt 0.899392 0.235729
vt 0.931956 0.239812
vt 0.374091 0.213418
vt 0.131924 0.546883
vt 0.149535 0.572570
vt 0.117811 0.578163
vt 0.090901 0.575070
vt 0.099944 0.547849
vt 0.120747 0.600532
vt 0.765985 0.732622
vt 0.750720 0.712092
vt 0.766324 0.710394
vt 0.772046 0.692203
vt 0.785215 0.706222
vt 0.785730 0.732121
vt 0.754464 0.699223
vt 0.889129 0.813739
vt 0.892609 0.826664
vt 0.882311 0.837094
vt 0.883252 0.851679
vt 0.867966 0.848615
vt 0.890205 0.837185
vt 0.866739 0.835842
vt 0.869609 0.830408
vt 0.797392 0.982846
vt 0.798802 0.975550
vt 0.805117 0.975693
vt 0.807927 0.966672
vt 0.810081 0.976342
vt 0.807987 0.984271
vt 0.556692 0.969490
vt 0.556632 0.959418
vt 0.580744 0.973236
vt 0.557088 0.978326
vt 0.127800 0.015695
vt 0.114128 0.023974
vt 0.111018 0.013801
vt 0.111524 0.002204
vt 0.128769 0.001141
vt 0.096476 0.016961
vt 0.100643 0.028828
vt 0.351498 0.400471
vt 0.348863 0.383418
vt 0.370819 0.381497
vt 0.374842 0.396944
vt 0.355827 0.367046
vt 0.368578 0.366736
vt 0.392237 0.377585
vt 0.093330 0.209752
vt 0.098109 0.208471
vt 0.094465 0.224514
vt 0.093660 0.241085
vt 0.093439 0.239563
vt 0.072922 0.224823
vt 0.099721 0.225234
vt 0.010040 0.096276
vt 0.012851 0.117532
vt 0.007165 0.095326
vt 0.725501 0.398114
vt 0.709256 0.407901
vt 0.709374 0.405095
vt 0.704089 0.385542
vt 0.721126 0.376663
vt 0.987802 0.515536
vt 0.962123 0.528082
vt 0.967605 0.508973
vt 0.776452 0.854572
vt 0.794354 0.818645
vt 0.800726 0.830298
vt 0.815894 0.837689
vt 0.805339 0.844157
vt 0.804778 0.816340
vt 0.468446 0.828609
vt 0.466481 0.844636
vt 0.449488 0.841065
vt 0.961528 0.407583
vt 0.969106 0.384258
vt 0.984273 0.413939
vt 0.437729 0.862520
vt 0.436269 0.840239
vt 0.454021 0.865258
vt 0.989399 0.391083
vt 0.450007 0.825644
vt 0.376652 0.646519
vt 0.365699 0.656517
vt 0.373690 0.629274
vt 0.382799 0.625313
vt 0.357972 0.638218
vt 0.356549 0.622438
vt 0.378863 0.605654
vt 0.893767 0.171924
vt 0.889242 0.173279
vt 0.895101 0.158450
vt 0.645872 0.415882
vt 0.649629 0.447972
vt 0.634508 0.449295
vt 0.367202 0.318452
vt 0.350116 0.293442
vt 0.371274 0.304524
vt 0.652585 0.475247
vt 0.895412 0.260247
vt 0.899545 0.260312
vt 0.896266 0.273198
vt 0.355615 0.280531
vt 0.377889 0.290790
vt 0.515227 0.940225
vt 0.514462 0.939360
vt 0.517347 0.938099
vt 0.115349 0.980817
vt 0.114862 0.975251
vt 0.148205 0.980647
vt 0.003965 0.190445
vt 0.005889 0.225630
vt 0.000120 0.225630
vt 0.516219 0.935511
vt 0.554192 0.948616
vt 0.000282 0.230186
vt 0.461293 0.582690
vt 0.441748 0.594700
vt 0.420363 0.562026
vt 0.945630 0.901107
vt 0.955834 0.890842
vt 0.957629 0.903657
vt 0.416804 0.533500
vt 0.437795 0.547625
vt 0.410160 0.578985
vt 0.969764 0.891780
vt 0.473766 0.559664
vt 0.361694 0.077287
vt 0.362700 0.062211
vt 0.367843 0.073743
vt 0.963182 0.598066
vt 0.989266 0.606541
vt 0.959157 0.609123
vt 0.959701 0.617257
vt 0.381551 0.073881
vt 0.790111 0.470103
vt 0.810966 0.463113
vt 0.794282 0.486115
vt 0.810771 0.499893
vt 0.797657 0.501788
vt 0.813928 0.481604
vt 0.773390 0.492155
vt 0.868695 0.500607
vt 0.860364 0.527639
vt 0.857009 0.502174
vt 0.847417 0.497982
vt 0.859655 0.497190
vt 0.847805 0.502998
vt 0.672496 0.685362
vt 0.655361 0.683713
vt 0.655458 0.664045
vt 0.639263 0.678071
vt 0.685526 0.642520
vt 0.684309 0.666084
vt 0.651011 0.640010
vt 0.666836 0.637985
vt 0.636665 0.660059
vt 0.892194 0.009057
vt 0.884559 0.025430
vt 0.866584 0.004069
vt 0.396942 0.920239
vt 0.371751 0.907778
vt 0.396942 0.899491
vt 0.855080 0.022144
vt 0.421884 0.911275
vt 0.413060 0.891218
vt 0.848953 0.006685
vt 0.344442 0.018700
vt 0.335645 0.017614
vt 0.347387 0.007696
vt 0.680045 0.920781
vt 0.688452 0.925330
vt 0.672716 0.923513
vt 0.676404 0.906719
vt 0.676206 0.917993
vt 0.690087 0.935036
vt 0.364248 0.015364
vt 0.603790 0.001570
vt 0.607974 0.031019
vt 0.597788 0.018060
vt 0.598907 0.034497
vt 0.588749 0.034741
vt 0.597061 0.001493
vt 0.588999 0.019008
vt 0.052950 0.356110
vt 0.037982 0.353726
vt 0.056778 0.347624
vt 0.050489 0.666537
vt 0.040064 0.650720
vt 0.051449 0.653170
vt 0.058291 0.666077
vt 0.072380 0.363901
vt 0.063986 0.653117
vt 0.056370 0.646906
vt 0.179231 0.934823
vt 0.156046 0.941720
vt 0.172149 0.916732
vt 0.397557 0.066050
vt 0.385019 0.050002
vt 0.411576 0.047906
vt 0.151228 0.921446
vt 0.160012 0.903804
vt 0.175343 0.896198
vt 0.193761 0.922215
vt 0.781045 0.088007
vt 0.799272 0.082245
vt 0.798835 0.098946
vt 0.244824 0.274600
vt 0.236303 0.293590
vt 0.223447 0.266682
vt 0.236942 0.249391
vt 0.200505 0.261071
vt 0.203686 0.245936
vt 0.213375 0.286332
vt 0.217532 0.173761
vt 0.213607 0.211106
vt 0.195152 0.168480
vt 0.184325 0.205106
vt 0.138480 0.416098
vt 0.149376 0.413782
vt 0.144208 0.425099
vt 0.209200 0.142900
vt 0.128904 0.427988
vt 0.178790 0.142728
vt 0.200563 0.137265
vt 0.307348 0.580587
vt 0.310098 0.585573
vt 0.296695 0.592898
vt 0.304799 0.608738
vt 0.535094 0.680732
vt 0.532159 0.662262
vt 0.540559 0.654053
vt 0.543271 0.672900
vt 0.537453 0.650284
vt 0.544748 0.628639
vt 0.724802 0.022441
vt 0.723183 0.038214
vt 0.707083 0.023890
vt 0.706976 0.040051
vt 0.684512 0.028838
vt 0.717457 0.006875
vt 0.700468 0.000249
vt 0.912666 0.566483
vt 0.920640 0.577872
vt 0.903991 0.579996
vt 0.702880 0.919090
vt 0.739402 0.910719
vt 0.732773 0.934499
vt 0.699384 0.930998
vt 0.180546 0.566005
vt 0.190408 0.580463
vt 0.179971 0.577423
vt 0.724889 0.946275
vt 0.161343 0.580424
vt 0.631979 0.087706
vt 0.645488 0.067397
vt 0.657948 0.110647
vt 0.673443 0.094466
vt 0.008431 0.810793
vt 0.032108 0.835237
vt 0.006254 0.835676
vt 0.746660 0.950908
vt 0.768530 0.974522
vt 0.744959 0.975232
vt 0.727941 0.950850
vt 0.724417 0.973395
vt 0.429719 0.362866
vt 0.442303 0.357069
vt 0.438603 0.374538
vt 0.426662 0.383058
vt 0.420963 0.375070
vt 0.455386 0.380982
vt 0.080065 0.405775
vt 0.067308 0.418835
vt 0.066356 0.413690
vt 0.510859 0.053874
vt 0.533381 0.065085
vt 0.043446 0.420474
vt 0.035831 0.410950
vt 0.199548 0.691095
vt 0.172160 0.679425
vt 0.188480 0.677664
vt 0.767451 0.349590
vt 0.751880 0.362338
vt 0.746154 0.342182
vt 0.214087 0.959239
vt 0.197530 0.972232
vt 0.198143 0.931623
vt 0.715277 0.359371
vt 0.733613 0.329671
vt 0.753062 0.318635
vt 0.758939 0.327165
vt 0.179814 0.856573
vt 0.173443 0.849934
vt 0.179205 0.844135
vt 0.189268 0.834296
vt 0.192511 0.847374
vt 0.172569 0.831359
vt 0.264444 0.073648
vt 0.281582 0.079550
vt 0.263206 0.087887
vt 0.285548 0.095985
vt 0.690094 0.683580
vt 0.685223 0.694913
vt 0.502497 0.849849
vt 0.518384 0.870660
vt 0.501125 0.875543
vt 0.483145 0.865248
vt 0.856927 0.963253
vt 0.868551 0.955704
vt 0.865130 0.976560
vt 0.144152 0.140356
vt 0.126715 0.156909
vt 0.127950 0.137500
vt 0.873108 0.973703
vt 0.129901 0.119949
vt 0.144691 0.123172
vt 0.856185 0.979227
vt 0.493272 0.561583
vt 0.496762 0.577462
vt 0.471485 0.570465
vt 0.565323 0.184562
vt 0.554487 0.173919
vt 0.584562 0.168284
vt 0.595274 0.171217
vt 0.635733 0.816664
vt 0.615957 0.802870
vt 0.628280 0.799236
vt 0.479391 0.583213
vt 0.571250 0.158300
vt 0.465251 0.587987
vt 0.176801 0.783559
vt 0.170930 0.792830
vt 0.175210 0.779861
vt 0.168598 0.788716
vt 0.153048 0.769411
vt 0.165328 0.747438
vt 0.177997 0.776537
vt 0.927939 0.848360
vt 0.955782 0.857625
vt 0.951524 0.875529
vt 0.954702 0.883481
vt 0.943048 0.880682
vt 0.954322 0.876239
vt 0.922698 0.864717
vt 0.867496 0.569049
vt 0.851670 0.568985
vt 0.848475 0.556403
vt 0.109557 0.676908
vt 0.130001 0.679757
vt 0.119484 0.690082
vt 0.127012 0.703000
vt 0.105696 0.698319
vt 0.857937 0.555550
vt 0.097112 0.686595
vt 0.035696 0.416753
vt 0.383623 0.141872
vt 0.372824 0.141656
vt 0.366865 0.134451
vt 0.028776 0.434068
vt 0.025093 0.409608
vt 0.616278 0.999997
vt 0.613067 0.988987
vt 0.631801 0.994953
vt 0.165464 0.271788
vt 0.148022 0.271484
vt 0.162021 0.249254
vt 0.145868 0.249639
vt 0.161848 0.233934
vt 0.174247 0.247516
vt 0.712920 0.557028
vt 0.710292 0.580857
vt 0.691384 0.577311
vt 0.668749 0.584867
vt 0.670611 0.574698
vt 0.692521 0.552900
vt 0.689787 0.592823
vt 0.036864 0.907020
vt 0.025005 0.926289
vt 0.021693 0.915779
vt 0.024451 0.861654
vt 0.023896 0.875340
vt 0.006121 0.866200
vt 0.008768 0.856510
vt 0.000152 0.878186
vt 0.640614 0.994646
vt 0.642385 0.990447
vt 0.647298 0.995548
vt 0.021776 0.894320
vt 0.961660 0.264500
vt 0.968204 0.252399
vt 0.974940 0.263329
vt 0.971900 0.271665
vt 0.979341 0.265739
vt 0.975663 0.272375
vt 0.980929 0.258138
vt 0.132578 0.026242
vt 0.148023 0.013749
vt 0.983956 0.856521
vt 0.986674 0.863991
vt 0.970486 0.865293
vt 0.957083 0.856098
vt 0.967072 0.850064
vt 0.735833 0.070978
vt 0.746690 0.063927
vt 0.751983 0.086997
vt 0.729226 0.081930
vt 0.977349 0.850862
vt 0.136304 0.350527
vt 0.123474 0.359877
vt 0.119127 0.338662
vt 0.730383 0.095404
vt 0.140893 0.032488
vt 0.487663 0.829314
vt 0.480433 0.819337
vt 0.499127 0.824017
vt 0.622480 0.910617
vt 0.606581 0.931151
vt 0.602634 0.920975
vt 0.509181 0.825418
vt 0.607569 0.902790
vt 0.125301 0.474591
vt 0.100803 0.474591
vt 0.125608 0.454314
vt 0.233084 0.342798
vt 0.213237 0.352976
vt 0.219982 0.338029
vt 0.100199 0.454856
vt 0.205444 0.335196
vt 0.125751 0.435225
vt 0.145859 0.433691
vt 0.129308 0.450028
vt 0.126809 0.434417
vt 0.343460 0.238945
vt 0.151510 0.423232
vt 0.329332 0.240257
vt 0.622658 0.720304
vt 0.638034 0.730348
vt 0.622181 0.725837
vt 0.808767 0.308745
vt 0.813242 0.299390
vt 0.825827 0.312406
vt 0.795777 0.394080
vt 0.612018 0.715401
vt 0.618205 0.801194
vt 0.549056 0.999827
vt 0.535049 0.989683
vt 0.557590 0.989657
vt 0.331413 0.528553
vt 0.319574 0.518684
vt 0.334756 0.511943
vt 0.345585 0.526652
vt 0.708436 0.853748
vt 0.680940 0.849393
vt 0.709555 0.846642
vt 0.176509 0.485975
vt 0.226954 0.494177
vt 0.205300 0.503658
vt 0.233917 0.516020
vt 0.230622 0.517674
vt 0.201730 0.512315
vt 0.080964 0.544693
vt 0.066547 0.529853
vt 0.080731 0.530630
vt 0.093169 0.521609
vt 0.505792 0.966627
vt 0.508120 0.957330
vt 0.522081 0.964754
vt 0.528941 0.952940
vt 0.538524 0.957698
vt 0.518251 0.977382
vt 0.534557 0.974362
vt 0.725791 0.900710
vt 0.743489 0.899032
vt 0.751378 0.909549
vt 0.759382 0.911663
vt 0.754121 0.918815
vt 0.755225 0.907429
vt 0.075492 0.272325
vt 0.079831 0.285666
vt 0.070518 0.290327
vt 0.060993 0.302209
vt 0.057849 0.289948
vt 0.072942 0.300868
vt 0.066649 0.277999
vt 0.565059 0.555953
vt 0.551190 0.565791
vt 0.550458 0.554670
vt 0.823529 0.542439
vt 0.811368 0.520674
vt 0.826742 0.526781
vt 0.532625 0.566338
vt 0.533283 0.555174
vt 0.554380 0.542724
vt 0.085981 0.193105
vt 0.088764 0.190311
vt 0.072258 0.175003
vt 0.114764 0.197388
vt 0.115423 0.503212
vt 0.110943 0.525661
vt 0.095435 0.498526
vt 0.107227 0.180116
vt 0.114805 0.480381
vt 0.146282 0.949088
vt 0.146999 0.973181
vt 0.132102 0.973181
vt 0.116193 0.974362
vt 0.129858 0.948132
vt 0.393507 0.226728
vt 0.391315 0.231568
vt 0.376274 0.212382
vt 0.366272 0.199487
vt 0.377261 0.207817
vt 0.300678 0.263647
vt 0.265626 0.178764
vt 0.282483 0.170903
vt 0.303227 0.165497
vt 0.733050 0.839758
vt 0.722249 0.819452
vt 0.734912 0.822130
vt 0.171972 0.524482
vt 0.159637 0.559402
vt 0.146750 0.519070
vt 0.000631 0.795124
vt 0.018671 0.767220
vt 0.026410 0.795124
vt 0.138986 0.546014
vt 0.814630 0.967926
vt 0.826323 0.953260
vt 0.826653 0.967168
vt 0.250465 0.027032
vt 0.276714 0.000091
vt 0.275192 0.029196
vt 0.377435 0.032331
vt 0.404743 0.024088
vt 0.954384 0.928079
vt 0.988309 0.927988
vt 0.987337 0.951200
vt 0.951787 0.949882
vt 0.736717 0.538098
vt 0.748927 0.527136
vt 0.752304 0.529981
vt 0.631827 0.423268
vt 0.634946 0.411819
vt 0.635881 0.424588
vt 0.766982 0.528247
vt 0.755590 0.548990
vt 0.620276 0.877845
vt 0.637466 0.886954
vt 0.619572 0.885885
vt 0.601941 0.895721
vt 0.602740 0.884924
vt 0.618522 0.895435
vt 0.553927 0.830465
vt 0.540222 0.841027
vt 0.530516 0.836423
vt 0.667894 0.322604
vt 0.666533 0.293475
vt 0.672542 0.308642
vt 0.740594 0.264691
vt 0.543651 0.824772
vt 0.547640 0.766385
vt 0.521238 0.199924
vt 0.538556 0.212837
vt 0.526770 0.284865
vt 0.181362 0.779142
vt 0.180058 0.788644
vt 0.369513 0.700719
vt 0.362773 0.720362
vt 0.356016 0.736518
vt 0.421756 0.698632
vt 0.423295 0.742294
vt 0.408798 0.704441
vt 0.402375 0.692367
vt 0.414119 0.688517
vt 0.395423 0.702792
vt 0.400557 0.713697
vt 0.783100 0.217426
vt 0.790456 0.232401
vt 0.783111 0.239746
vt 0.653633 0.778588
vt 0.655260 0.780926
vt 0.654650 0.783894
vt 0.767657 0.216611
vt 0.657164 0.789705
vt 0.644319 0.786044
vt 0.657846 0.782452
vt 0.458625 0.106691
vt 0.475122 0.102268
vt 0.460274 0.115596
vt 0.441889 0.119104
vt 0.466797 0.121218
vt 0.453259 0.132372
vt 0.498282 0.413126
vt 0.468409 0.410512
vt 0.500438 0.393424
vt 0.516176 0.726479
vt 0.529619 0.695626
vt 0.548928 0.703822
vt 0.468814 0.391707
vt 0.569667 0.710942
vt 0.536890 0.735862
vt 0.501735 0.372746
vt 0.276244 0.943943
vt 0.265312 0.962653
vt 0.264933 0.941949
vt 0.353099 0.041686
vt 0.340112 0.061344
vt 0.332540 0.051183
vt 0.020060 0.247378
vt 0.014607 0.259959
vt 0.012395 0.249148
vt 0.976890 0.966617
vt 0.986622 0.956970
vt 0.987779 0.964697
vt 0.774427 0.104463
vt 0.765823 0.092385
vt 0.852436 0.733545
vt 0.830701 0.750534
vt 0.830283 0.732249
vt 0.025050 0.563393
vt 0.025773 0.582808
vt 0.003234 0.582808
vt 0.750799 0.075917
vt 0.763995 0.068524
vt 0.490722 0.043687
vt 0.469705 0.056081
vt 0.481421 0.025164
vt 0.661134 0.032393
vt 0.648760 0.046220
vt 0.645387 0.030369
vt 0.626777 0.032015
vt 0.645997 0.017168
vt 0.630062 0.048140
vt 0.662446 0.019444
vt 0.392087 0.790106
vt 0.379139 0.797010
vt 0.371897 0.789246
vt 0.786090 0.740437
vt 0.768103 0.744414
vt 0.749353 0.752246
vt 0.750176 0.732534
vt 0.652720 0.605471
vt 0.638501 0.603106
vt 0.641539 0.580323
vt 0.785387 0.758138
vt 0.624577 0.572886
vt 0.466798 0.229817
vt 0.445641 0.241675
vt 0.454764 0.227339
vt 0.897273 0.833778
vt 0.895600 0.824967
vt 0.902299 0.828649
vt 0.457632 0.223130
vt 0.337170 0.025795
vt 0.343240 0.029756
vt 0.359935 0.031071
vt 0.071865 0.200680
vt 0.181361 0.906823
vt 0.211832 0.901832
vt 0.207250 0.916002
vt 0.060162 0.676660
vt 0.055630 0.685297
vt 0.054655 0.676404
vt 0.049537 0.678395
vt 0.177448 0.917268
vt 0.975613 0.143960
vt 0.971205 0.161304
vt 0.960573 0.155165
vt 0.101085 0.663260
vt 0.086071 0.676996
vt 0.078384 0.665603
vt 0.952745 0.145643
vt 0.095018 0.648513
vt 0.952509 0.167692
vt 0.112799 0.243670
vt 0.135048 0.220162
vt 0.129534 0.247110
vt 0.027228 0.064175
vt 0.038434 0.079395
vt 0.019221 0.084493
vt 0.234601 0.604662
vt 0.247718 0.585316
vt 0.250924 0.604884
vt 0.030297 0.092507
vt 0.252045 0.617595
vt 0.797680 0.265947
vt 0.778269 0.260405
vt 0.794301 0.248875
vt 0.182093 0.268897
vt 0.169833 0.291753
vt 0.149268 0.289437
vt 0.289313 0.687022
vt 0.292803 0.644729
vt 0.312622 0.650630
vt 0.313511 0.647216
vt 0.331647 0.653245
vt 0.330504 0.656002
vt 0.313161 0.696020
vt 0.472329 0.746721
vt 0.460040 0.765131
vt 0.460944 0.750297
vt 0.458600 0.739487
vt 0.797885 0.944375
vt 0.803088 0.954060
vt 0.794540 0.953163
vt 0.785396 0.962452
vt 0.780758 0.949695
vt 0.800582 0.965623
vt 0.787891 0.942619
vt 0.742393 0.842549
vt 0.745975 0.830474
vt 0.732149 0.842404
vt 0.315728 0.401806
vt 0.312133 0.411494
vt 0.308423 0.409345
vt 0.743345 0.813698
vt 0.751004 0.818244
vt 0.735847 0.825010
vt 0.185989 0.402110
vt 0.170996 0.423993
vt 0.177620 0.403624
vt 0.829234 0.648533
vt 0.811990 0.660374
vt 0.828087 0.647194
vt 0.841592 0.634144
vt 0.841245 0.636387
vt 0.171000 0.383057
vt 0.445290 0.005679
vt 0.452807 0.009185
vt 0.439675 0.024366
vt 0.094202 0.954959
vt 0.113422 0.943862
vt 0.111007 0.978815
vt 0.415637 0.985323
vt 0.422598 0.940566
vt 0.448051 0.961773
vt 0.476199 0.024186
vt 0.870137 0.360194
vt 0.881653 0.366014
vt 0.871450 0.375700
vt 0.881933 0.381545
vt 0.875705 0.393194
vt 0.862144 0.369703
vt 0.863149 0.385400
vt 0.974948 0.825243
vt 0.988443 0.828471
vt 0.981832 0.837991
vt 0.969580 0.836624
vt 0.989337 0.843194
vt 0.372016 0.149811
vt 0.375743 0.150508
vt 0.835336 0.290059
vt 0.849446 0.290394
vt 0.841179 0.296905
vt 0.380451 0.158232
vt 0.848566 0.302762
vt 0.838386 0.301784
vt 0.928388 0.093829
vt 0.935533 0.084119
vt 0.948119 0.090812
vt 0.309609 0.946896
vt 0.290169 0.968387
vt 0.296418 0.945973
vt 0.307722 0.927743
vt 0.939992 0.103470
vt 0.278636 0.950175
vt 0.943572 0.073748
vt 0.376737 0.847380
vt 0.358234 0.847380
vt 0.377776 0.840509
vt 0.355232 0.823280
vt 0.388237 0.827291
vt 0.353710 0.839760
vt 0.382550 0.847380
vt 0.386523 0.845671
vt 0.157346 0.044518
vt 0.160888 0.026199
vt 0.173958 0.043312
vt 0.802200 0.942083
vt 0.795785 0.935193
vt 0.803816 0.934447
vt 0.161116 0.808183
vt 0.166088 0.802955
vt 0.163189 0.818189
vt 0.160123 0.060120
vt 0.794283 0.925905
vt 0.801714 0.927186
vt 0.172857 0.053190
vt 0.253986 0.511310
vt 0.260838 0.507560
vt 0.268158 0.510999
vt 0.261284 0.982918
vt 0.246477 0.952001
vt 0.261284 0.944974
vt 0.578297 0.761592
vt 0.581020 0.748065
vt 0.600782 0.752033
vt 0.240380 0.826924
vt 0.229311 0.823576
vt 0.240708 0.815634
vt 0.250139 0.816320
vt 0.501367 0.336786
vt 0.501349 0.322037
vt 0.533381 0.336471
vt 0.501693 0.355221
vt 0.587688 0.715331
vt 0.844997 0.967484
vt 0.847721 0.949914
vt 0.863415 0.946528
vt 0.260746 0.891186
vt 0.260746 0.875457
vt 0.279575 0.887917
vt 0.277823 0.871131
vt 0.293783 0.886814
vt 0.279652 0.910088
vt 0.665966 0.174199
vt 0.658835 0.179540
vt 0.639924 0.175356
vt 0.645764 0.152301
vt 0.093919 0.029760
vt 0.077843 0.034603
vt 0.087328 0.021905
vt 0.076039 0.014734
vt 0.092806 0.022832
vt 0.639189 0.181890
vt 0.094884 0.822867
vt 0.102231 0.836357
vt 0.082426 0.848890
vt 0.104439 0.855299
vt 0.084542 0.863104
vt 0.516541 0.652991
vt 0.516798 0.649962
vt 0.531636 0.656072
vt 0.076688 0.830448
vt 0.140242 0.259894
vt 0.137390 0.261046
vt 0.136074 0.248756
vt 0.133656 0.248982
vt 0.132707 0.237149
vt 0.138315 0.237203
vt 0.139476 0.249059
vt 0.169200 0.484702
vt 0.150157 0.480428
vt 0.172949 0.467447
vt 0.175639 0.448915
vt 0.183576 0.462653
vt 0.161365 0.464703
vt 0.417112 0.780559
vt 0.430507 0.806086
vt 0.412422 0.808499
vt 0.403111 0.825570
vt 0.397553 0.807673
vt 0.435703 0.824516
vt 0.303282 0.483679
vt 0.302745 0.468914
vt 0.322741 0.472440
vt 0.250201 0.037324
vt 0.250672 0.028624
vt 0.262174 0.029624
vt 0.211242 0.092715
vt 0.223504 0.086443
vt 0.223694 0.090375
vt 0.768765 0.908704
vt 0.771777 0.916213
vt 0.215083 0.097008
vt 0.266865 0.029468
vt 0.881986 0.594001
vt 0.897346 0.598105
vt 0.879613 0.609652
vt 0.865864 0.628235
vt 0.863257 0.608603
vt 0.894494 0.613164
vt 0.882939 0.628948
vt 0.629215 0.823635
vt 0.608180 0.818224
vt 0.587134 0.811537
vt 0.596210 0.796223
vt 0.586339 0.828763
vt 0.606287 0.834783
vt 0.625589 0.837746
vt 0.032267 0.124797
vt 0.049857 0.155795
vt 0.032267 0.156230
vt 0.049307 0.183666
vt 0.033244 0.183293
vt 0.371444 0.760086
vt 0.376290 0.741714
vt 0.382448 0.723245
vt 0.154520 0.123147
vt 0.156091 0.140420
vt 0.151398 0.157240
vt 0.145860 0.163580
vt 0.680888 0.847677
vt 0.674561 0.829124
vt 0.685798 0.824764
vt 0.670029 0.810149
vt 0.673568 0.802871
vt 0.697769 0.843717
vt 0.698975 0.819546
vt 0.179061 0.373190
vt 0.167655 0.378899
vt 0.160524 0.369022
vt 0.148422 0.362207
vt 0.168607 0.357862
vt 0.134991 0.371704
vt 0.562541 0.989721
vt 0.572111 0.999425
vt 0.550573 0.999763
vt 0.148177 0.376951
vt 0.860777 0.590403
vt 0.852714 0.619303
vt 0.829182 0.588417
vt 0.811334 0.599309
vt 0.820355 0.580005
vt 0.817542 0.608225
vt 0.835530 0.562659
vt 0.146109 0.065020
vt 0.142830 0.036085
vt 0.531667 0.583415
vt 0.513158 0.588646
vt 0.509249 0.574058
vt 0.308171 0.865349
vt 0.292918 0.871207
vt 0.294159 0.866793
vt 0.306603 0.849889
vt 0.275843 0.853794
vt 0.490479 0.586133
vt 0.855746 0.467737
vt 0.877275 0.469925
vt 0.882135 0.487269
vt 0.870275 0.495091
vt 0.879708 0.499334
vt 0.396032 0.997208
vt 0.401878 0.999335
vt 0.395444 0.999787
vt 0.386305 0.997740
vt 0.313665 0.814380
vt 0.301307 0.791541
vt 0.333777 0.784827
vt 0.321350 0.775597
vt 0.343970 0.769302
vt 0.339154 0.815650
vt 0.589758 0.077599
vt 0.581102 0.077770
vt 0.581102 0.062172
vt 0.371499 0.782673
vt 0.267748 0.323486
vt 0.282087 0.309638
vt 0.277080 0.330433
vt 0.291922 0.316941
vt 0.273093 0.346570
vt 0.261071 0.336859
vt 0.285205 0.338716
vt 0.891347 0.369776
vt 0.889172 0.368167
vt 0.898502 0.356742
vt 0.901959 0.343995
vt 0.906818 0.361773
vt 0.898068 0.372355
vt 0.895407 0.355441
vt 0.066859 0.956673
vt 0.569505 0.931092
vt 0.551069 0.939207
vt 0.564979 0.927015
vt 0.093487 0.945715
vt 0.580263 0.908328
vt 0.574924 0.897039
vt 0.043411 0.956847
vt 0.831203 0.729770
vt 0.812461 0.726174
vt 0.823212 0.712513
vt 0.199324 0.895028
vt 0.179896 0.894819
vt 0.194330 0.884612
vt 0.171935 0.886163
vt 0.817853 0.710674
vt 0.846365 0.713763
vt 0.198665 0.881370
vt 0.619845 0.071434
vt 0.604975 0.095892
vt 0.032304 0.811835
vt 0.368530 0.257042
vt 0.371881 0.246047
vt 0.898637 0.216606
vt 0.926955 0.202919
vt 0.897577 0.205022
vt 0.927097 0.190050
vt 0.035324 0.276101
vt 0.025184 0.269437
vt 0.030290 0.267440
vt 0.021510 0.258349
vt 0.026446 0.256467
vt 0.609102 0.325072
vt 0.631727 0.344546
vt 0.603777 0.339574
vt 0.629526 0.361943
vt 0.598599 0.355955
vt 0.578049 0.330620
vt 0.584134 0.315887
vt 0.939389 0.419340
vt 0.941937 0.406424
vt 0.958719 0.409082
vt 0.949636 0.397804
vt 0.956740 0.396687
vt 0.971319 0.411811
vt 0.956374 0.423980
vt 0.861041 0.859908
vt 0.871711 0.861970
vt 0.865176 0.868097
vt 0.856188 0.866785
vt 0.685006 0.789640
vt 0.690025 0.781514
vt 0.688117 0.794241
vt 0.703145 0.791122
vt 0.672715 0.797653
vt 0.388887 0.985980
vt 0.376282 0.988781
vt 0.369751 0.959642
vt 0.857536 0.104960
vt 0.869845 0.085472
vt 0.874522 0.090707
vt 0.880695 0.076655
vt 0.881248 0.097909
vt 0.318297 0.414504
vt 0.311950 0.420315
vt 0.317024 0.423505
vt 0.817692 0.556394
vt 0.785833 0.578784
vt 0.792779 0.547341
vt 0.776734 0.008420
vt 0.799762 0.007724
vt 0.799762 0.018295
vt 0.768925 0.552752
vt 0.825226 0.023630
vt 0.778573 0.017696
vt 0.207625 0.527113
vt 0.684562 0.866055
vt 0.714481 0.862828
vt 0.916813 0.787304
vt 0.918651 0.810486
vt 0.877408 0.794848
vt 0.874447 0.795525
vt 0.873331 0.773811
vt 0.878441 0.814010
vt 0.876966 0.769534
vt 0.298339 0.015393
vt 0.283843 0.023212
vt 0.282943 0.016470
vt 0.674653 0.149604
vt 0.296022 0.000742
vt 0.696577 0.167353
vt 0.901192 0.077701
vt 0.887739 0.062944
vt 0.908570 0.066497
vt 0.896839 0.051095
vt 0.918386 0.055291
vt 0.928305 0.065038
vt 0.918631 0.077755
vt 0.897696 0.282977
vt 0.908375 0.307084
vt 0.904324 0.306561
vt 0.894748 0.283286
vt 0.906590 0.327957
vt 0.890953 0.328154
vt 0.883748 0.307928
vt 0.925614 0.629536
vt 0.951786 0.634306
vt 0.950478 0.639210
vt 0.969043 0.650969
vt 0.434608 0.996925
vt 0.433820 0.992555
vt 0.456014 0.999934
vt 0.927472 0.630333
vt 0.669411 0.033015
vt 0.679152 0.016655
vt 0.687619 0.026481
vt 0.687758 0.010785
vt 0.699333 0.014094
vt 0.848959 0.641970
vt 0.854342 0.618403
vt 0.588079 0.975018
vt 0.589275 0.988688
vt 0.572389 0.976056
vt 0.088077 0.704070
vt 0.110898 0.712459
vt 0.573352 0.988928
vt 0.970547 0.440370
vt 0.986389 0.455456
vt 0.970547 0.455473
vt 0.213947 0.567366
vt 0.209805 0.584530
vt 0.199387 0.579098
vt 0.811549 0.056123
vt 0.793103 0.060160
vt 0.791294 0.041131
vt 0.804863 0.041111
vt 0.777446 0.045760
vt 0.779598 0.030252
vt 0.795851 0.025232
vt 0.029360 0.718392
vt 0.022488 0.725161
vt 0.023171 0.717439
vt 0.019640 0.721001
vt 0.724043 0.146008
vt 0.720741 0.127663
vt 0.731868 0.131370
vt 0.612419 0.307355
vt 0.641182 0.330451
vt 0.451828 0.726935
vt 0.456706 0.709844
vt 0.465654 0.727223
vt 0.930016 0.411598
vt 0.917441 0.422880
vt 0.917580 0.413480
vt 0.477831 0.727748
vt 0.779363 0.185877
vt 0.784661 0.182889
vt 0.792603 0.211328
vt 0.766294 0.807136
vt 0.778341 0.803448
vt 0.829691 0.100701
vt 0.803910 0.082336
vt 0.831707 0.093703
vt 0.849415 0.094406
vt 0.844922 0.088556
vt 0.814381 0.078972
vt 0.062661 0.368541
vt 0.070890 0.387100
vt 0.059914 0.382856
vt 0.054907 0.402172
vt 0.050132 0.393512
vt 0.322650 0.179938
vt 0.313184 0.164513
vt 0.326541 0.171594
vt 0.330730 0.163997
vt 0.344784 0.170967
vt 0.340863 0.174904
vt 0.338965 0.184395
vt 0.192673 0.285589
vt 0.193294 0.327925
vt 0.170867 0.325620
vt 0.917314 0.756703
vt 0.877480 0.736370
vt 0.918672 0.733301
vt 0.175028 0.284581
vt 0.390495 0.471864
vt 0.381257 0.481080
vt 0.370772 0.465975
vt 0.356065 0.458804
vt 0.360685 0.444199
vt 0.363617 0.478795
vt 0.776448 0.182762
vt 0.779881 0.156633
vt 0.796134 0.169852
vt 0.377198 0.450909
vt 0.348560 0.471788
vt 0.199745 0.698322
vt 0.187199 0.696922
vt 0.165868 0.679250
vt 0.166172 0.655174
vt 0.318793 0.278254
vt 0.326699 0.286091
vt 0.319578 0.296890
vt 0.344196 0.306939
vt 0.315793 0.307479
vt 0.046443 0.217705
vt 0.023531 0.217705
vt 0.047223 0.201520
vt 0.023693 0.201514
vt 0.052009 0.186131
vt 0.067546 0.199867
vt 0.214727 0.071444
vt 0.218728 0.065346
vt 0.224817 0.085492
vt 0.746512 0.881082
vt 0.732071 0.882516
vt 0.703705 0.898296
vt 0.740224 0.845331
vt 0.223448 0.058203
vt 0.637642 0.879828
vt 0.638353 0.855650
vt 0.604997 0.874391
vt 0.622386 0.855944
vt 0.667760 0.243990
vt 0.647499 0.237070
vt 0.669069 0.210392
vt 0.702396 0.210320
vt 0.698445 0.226089
vt 0.634976 0.220183
vt 0.637190 0.195400
vt 0.688825 0.239823
vt 0.660078 0.180336
vt 0.683851 0.180657
vt 0.698790 0.193984
vt 0.788592 0.938870
vt 0.782973 0.945424
vt 0.778745 0.936095
vt 0.766298 0.948699
vt 0.763861 0.940518
vt 0.785803 0.923714
vt 0.780437 0.921211
vt 0.770080 0.926600
vt 0.090156 0.747691
vt 0.096045 0.734554
vt 0.107088 0.746663
vt 0.096322 0.752199
vt 0.705154 0.667529
vt 0.707346 0.690644
vt 0.719399 0.670211
vt 0.723887 0.684202
vt 0.719556 0.703508
vt 0.470864 0.865153
vt 0.451858 0.875706
vt 0.701091 0.703146
vt 0.412743 0.889649
vt 0.391070 0.895380
vt 0.398471 0.880731
vt 0.375817 0.895256
vt 0.414646 0.875819
vt 0.412850 0.863322
vt 0.372236 0.887071
vt 0.398036 0.869062
vt 0.332415 0.985835
vt 0.314853 0.968424
vt 0.332415 0.967094
vt 0.497719 0.432776
vt 0.497186 0.453715
vt 0.466809 0.451165
vt 0.214637 0.916755
vt 0.202173 0.920566
vt 0.215021 0.914588
vt 0.494964 0.467675
vt 0.465245 0.465229
vt 0.201157 0.919099
vt 0.225247 0.914842
vt 0.467100 0.430998
vt 0.917046 0.273009
vt 0.939434 0.280002
vt 0.935611 0.295792
vt 0.943298 0.331398
vt 0.925982 0.309649
vt 0.919366 0.294516
vt 0.963366 0.278717
vt 0.665894 0.057717
vt 0.664768 0.041081
vt 0.048573 0.612697
vt 0.072427 0.624775
vt 0.060953 0.638450
vt 0.037477 0.639152
vt 0.035676 0.622942
vt 0.255196 0.912759
vt 0.249520 0.933943
vt 0.240554 0.911021
vt 0.645762 0.700395
vt 0.642774 0.710303
vt 0.628480 0.706250
vt 0.624611 0.715276
vt 0.804434 0.277710
vt 0.812076 0.265176
vt 0.816215 0.271674
vt 0.631689 0.695050
vt 0.619724 0.698492
vt 0.595255 0.400028
vt 0.593635 0.376523
vt 0.626625 0.381735
vt 0.645979 0.384719
vt 0.630392 0.403172
vt 0.645764 0.364536
vt 0.876437 0.124800
vt 0.867620 0.142281
vt 0.859527 0.125239
vt 0.861252 0.144297
vt 0.367708 0.924972
vt 0.348067 0.912628
vt 0.368466 0.913331
vt 0.846341 0.125247
vt 0.352272 0.895799
vt 0.371013 0.898284
vt 0.662522 0.810145
vt 0.652167 0.807926
vt 0.661743 0.799697
vt 0.661200 0.788213
vt 0.667401 0.800860
vt 0.651627 0.799170
vt 0.308597 0.364533
vt 0.317572 0.372979
vt 0.306077 0.368875
vt 0.587827 0.141142
vt 0.611288 0.144554
vt 0.603259 0.156279
vt 0.619889 0.165231
vt 0.596880 0.170541
vt 0.312604 0.376802
vt 0.801600 0.671642
vt 0.793684 0.669884
vt 0.789926 0.666251
vt 0.726289 0.668721
vt 0.798987 0.655947
vt 0.940471 0.624755
vt 0.923403 0.620912
vt 0.938072 0.616579
vt 0.466221 0.798053
vt 0.487464 0.815379
vt 0.460075 0.826038
vt 0.958364 0.605773
vt 0.958310 0.620196
vt 0.922946 0.608498
vt 0.938086 0.604553
vt 0.578803 0.556742
vt 0.568094 0.568356
vt 0.582943 0.576170
vt 0.934577 0.814203
vt 0.959040 0.790850
vt 0.962112 0.813281
vt 0.977250 0.807444
vt 0.984264 0.817553
vt 0.975745 0.824532
vt 0.953915 0.822032
vt 0.604334 0.667600
vt 0.621093 0.681242
vt 0.604080 0.688344
vt 0.587490 0.700644
vt 0.591743 0.687853
vt 0.584576 0.671148
vt 0.609894 0.695222
vt 0.861581 0.238324
vt 0.836910 0.248354
vt 0.835418 0.228205
vt 0.053408 0.312353
vt 0.060013 0.327188
vt 0.038402 0.326687
vt 0.018073 0.322326
vt 0.029327 0.310470
vt 0.049514 0.338141
vt 0.038587 0.347350
vt 0.025343 0.335470
vt 0.716754 0.837192
vt 0.067870 0.491795
vt 0.058280 0.502355
vt 0.049603 0.494459
vt 0.066269 0.481346
vt 0.815125 0.955424
vt 0.045086 0.518318
vt 0.072635 0.426343
vt 0.081087 0.406522
vt 0.090802 0.420390
vt 0.126360 0.418176
vt 0.097920 0.435284
vt 0.076992 0.441048
vt 0.127165 0.401222
vt 0.734155 0.557327
vt 0.730844 0.532886
vt 0.740104 0.553219
vt 0.131807 0.842974
vt 0.150849 0.849746
vt 0.134958 0.853194
vt 0.124852 0.857483
vt 0.150846 0.861095
vt 0.565298 0.822745
vt 0.554380 0.832922
vt 0.563219 0.820782
vt 0.551805 0.814779
vt 0.525813 0.098802
vt 0.516273 0.084872
vt 0.532901 0.083129
vt 0.540928 0.068006
vt 0.550729 0.080304
vt 0.527776 0.065986
vt 0.541447 0.093847
vt 0.469603 0.321417
vt 0.469910 0.304261
vt 0.244203 0.927740
vt 0.234147 0.920550
vt 0.235088 0.919328
vt 0.501909 0.290458
vt 0.501858 0.305380
vt 0.224634 0.916773
vt 0.472106 0.289461
vt 0.388431 0.757496
vt 0.380176 0.753573
vt 0.388945 0.747641
vt 0.166324 0.154747
vt 0.166213 0.140190
vt 0.172833 0.153288
vt 0.173491 0.143684
vt 0.391419 0.733481
vt 0.730784 0.205589
vt 0.752328 0.178029
vt 0.322530 0.856171
vt 0.356942 0.855902
vt 0.378803 0.854124
vt 0.330608 0.878773
vt 0.329568 0.860792
vt 0.381103 0.870568
vt 0.793345 0.908320
vt 0.788289 0.906748
vt 0.792919 0.898273
vt 0.780958 0.899006
vt 0.797427 0.893561
vt 0.799398 0.901964
vt 0.781264 0.893064
vt 0.035630 0.293586
vt 0.054452 0.311334
vt 0.894226 0.501298
vt 0.899290 0.512911
vt 0.876409 0.521239
vt 0.228602 0.830316
vt 0.217843 0.830095
vt 0.526583 0.757821
vt 0.556070 0.757113
vt 0.549350 0.765456
vt 0.228546 0.858207
vt 0.882168 0.534364
vt 0.305837 0.034449
vt 0.267516 0.043881
vt 0.295543 0.028445
vt 0.144808 0.711076
vt 0.128482 0.731970
vt 0.122054 0.716745
vt 0.112354 0.713029
vt 0.452908 0.929497
vt 0.438167 0.932062
vt 0.433501 0.899567
vt 0.301863 0.027074
vt 0.812931 0.766975
vt 0.830148 0.768665
vt 0.830238 0.785336
vt 0.812548 0.789837
vt 0.832636 0.769385
vt 0.101166 0.353581
vt 0.122064 0.356891
vt 0.099814 0.377792
vt 0.704628 0.936081
vt 0.692682 0.953929
vt 0.682274 0.942768
vt 0.082185 0.347960
vt 0.671786 0.959655
vt 0.656034 0.951794
vt 0.076070 0.362904
vt 0.070240 0.398852
vt 0.739623 0.634677
vt 0.743253 0.588299
vt 0.752595 0.609491
vt 0.769514 0.618583
vt 0.771592 0.652773
vt 0.758996 0.597158
vt 0.752526 0.583470
vt 0.415400 0.230144
vt 0.413762 0.234380
vt 0.410784 0.239177
vt 0.434855 0.231740
vt 0.432430 0.235553
vt 0.684432 0.907725
vt 0.705185 0.901969
vt 0.684128 0.916141
vt 0.608491 0.947436
vt 0.632149 0.930352
vt 0.632409 0.948129
vt 0.855179 0.282345
vt 0.868252 0.255588
vt 0.878061 0.271360
vt 0.658586 0.948898
vt 0.860641 0.288639
vt 0.892706 0.257696
vt 0.037072 0.297837
vt 0.020080 0.291107
vt 0.161551 0.887033
vt 0.007588 0.309845
vt 0.377555 0.073058
vt 0.212793 0.290355
vt 0.235269 0.296948
vt 0.219388 0.335386
vt 0.250462 0.348956
vt 0.408085 0.999766
vt 0.391614 0.994465
vt 0.403684 0.992722
vt 0.173432 0.867296
vt 0.181105 0.866448
vt 0.172330 0.877126
vt 0.177337 0.878646
vt 0.614877 0.633831
vt 0.594101 0.625217
vt 0.610595 0.614874
vt 0.120546 0.840635
vt 0.119948 0.858846
vt 0.123112 0.875341
vt 0.103802 0.874580
vt 0.631680 0.623998
vt 0.629190 0.603781
vt 0.244281 0.517199
vt 0.255810 0.521459
vt 0.248205 0.526835
vt 0.125063 0.042831
vt 0.131128 0.029389
vt 0.730579 0.037651
vt 0.730263 0.045550
vt 0.734387 0.043057
vt 0.739439 0.047676
vt 0.723490 0.055334
vt 0.559301 0.469013
vt 0.560133 0.454179
vt 0.592092 0.456975
vt 0.876430 0.212895
vt 0.887426 0.205543
vt 0.889178 0.216832
vt 0.892760 0.226641
vt 0.893108 0.216557
vt 0.878522 0.229307
vt 0.496034 0.966942
vt 0.500154 0.956769
vt 0.503350 0.976718
vt 0.475658 0.480847
vt 0.484144 0.508392
vt 0.451678 0.509319
vt 0.427501 0.518920
vt 0.438543 0.493074
vt 0.452394 0.520271
vt 0.432946 0.521340
vt 0.484181 0.519855
vt 0.251538 0.508622
vt 0.243045 0.482902
vt 0.837267 0.900716
vt 0.837267 0.948684
vt 0.820068 0.897586
vt 0.162656 0.797375
vt 0.138292 0.785342
vt 0.257868 0.505862
vt 0.368534 0.985406
vt 0.356053 0.947532
vt 0.368534 0.940983
vt 0.159436 0.805290
vt 0.801238 0.948288
vt 0.790275 0.467019
vt 0.766803 0.477638
vt 0.660501 0.913648
vt 0.647777 0.925329
vt 0.651634 0.899189
vt 0.637049 0.907973
vt 0.645579 0.884852
vt 0.552288 0.942679
vt 0.349124 0.752973
vt 0.334994 0.748717
vt 0.327731 0.745775
vt 0.257905 0.131270
vt 0.253052 0.116220
vt 0.271863 0.112222
vt 0.276121 0.125984
vt 0.251072 0.109068
vt 0.270220 0.103537
vt 0.421959 0.220054
vt 0.424978 0.207340
vt 0.439436 0.208366
vt 0.605601 0.854422
vt 0.585833 0.868587
vt 0.585204 0.882507
vt 0.568958 0.879057
vt 0.118597 0.114295
vt 0.112062 0.096978
vt 0.135291 0.108478
vt 0.143068 0.118924
vt 0.956159 0.274306
vt 0.949908 0.246007
vt 0.933595 0.259562
vt 0.119463 0.035413
vt 0.123008 0.383497
vt 0.116382 0.367584
vt 0.794510 0.683000
vt 0.803566 0.673062
vt 0.796310 0.684691
vt 0.351835 0.402546
vt 0.810821 0.701088
vt 0.051721 0.090791
vt 0.042007 0.104618
vt 0.045840 0.106102
vt 0.118981 0.222797
vt 0.699715 0.367872
vt 0.691348 0.350956
vt 0.694641 0.333141
vt 0.707487 0.344578
vt 0.458463 0.604924
vt 0.484055 0.620923
vt 0.470217 0.626880
vt 0.491524 0.638104
vt 0.454165 0.633309
vt 0.639004 0.148652
vt 0.656751 0.140970
vt 0.659043 0.149827
vt 0.282459 0.046325
vt 0.285320 0.059781
vt 0.270324 0.055169
vt 0.269256 0.046723
vt 0.258207 0.060378
vt 0.258858 0.048080
vt 0.912614 0.480624
vt 0.916580 0.493851
vt 0.888998 0.489950
vt 0.240103 0.854284
vt 0.565749 0.963081
vt 0.570956 0.954062
vt 0.584712 0.973859
vt 0.598442 0.961991
vt 0.605521 0.974337
vt 0.871581 0.936486
vt 0.580504 0.953395
vt 0.020828 0.916791
vt 0.008735 0.892924
vt 0.020828 0.893497
vt 0.622407 0.201396
vt 0.620794 0.179114
vt 0.493624 0.989606
vt 0.516635 0.999878
vt 0.487872 0.999570
vt 0.593910 0.174005
vt 0.129783 0.288417
vt 0.111616 0.293284
vt 0.117865 0.261465
vt 0.218243 0.761217
vt 0.186027 0.777349
vt 0.184932 0.756995
vt 0.128706 0.262295
vt 0.174644 0.744271
vt 0.096502 0.256483
vt 0.240084 0.244958
vt 0.250725 0.210077
vt 0.266457 0.217413
vt 0.284723 0.228000
vt 0.264283 0.255258
vt 0.959886 0.839458
vt 0.264286 0.174549
vt 0.846399 0.982110
vt 0.837439 0.984395
vt 0.835455 0.969299
vt 0.148700 0.182702
vt 0.125937 0.197428
vt 0.126372 0.178165
vt 0.439797 0.025586
vt 0.455085 0.027249
vt 0.437924 0.037955
vt 0.446726 0.056533
vt 0.435005 0.063760
vt 0.423849 0.038634
vt 0.420357 0.015208
vt 0.457094 0.037442
vt 0.298242 0.446773
vt 0.284903 0.471466
vt 0.279933 0.446509
vt 0.269694 0.474024
vt 0.263406 0.447987
vt 0.297438 0.428331
vt 0.276373 0.428071
vt 0.563043 0.533688
vt 0.559677 0.533712
vt 0.558050 0.510268
vt 0.508101 0.520715
vt 0.536919 0.496455
vt 0.526412 0.157004
vt 0.525583 0.178599
vt 0.522756 0.177740
vt 0.511911 0.534470
vt 0.560572 0.505429
vt 0.187399 0.958434
vt 0.178128 0.976797
vt 0.176258 0.959409
vt 0.175844 0.941721
vt 0.186032 0.941739
vt 0.430545 0.863168
vt 0.430116 0.844254
vt 0.168960 0.944852
vt 0.707505 0.442011
vt 0.665031 0.446141
vt 0.705281 0.414185
vt 0.535557 0.364396
vt 0.567213 0.364811
vt 0.567062 0.386212
vt 0.534094 0.383324
vt 0.662088 0.415344
vt 0.703491 0.387345
vt 0.565312 0.404022
vt 0.199814 0.237760
vt 0.191535 0.210616
vt 0.208664 0.226030
vt 0.293480 0.350294
vt 0.312593 0.339370
vt 0.296412 0.363974
vt 0.320561 0.352146
vt 0.026873 0.790614
vt 0.040155 0.786298
vt 0.032894 0.807187
vt 0.276213 0.357774
vt 0.276987 0.369735
vt 0.044660 0.803317
vt 0.966577 0.081518
vt 0.969171 0.081048
vt 0.971957 0.096850
vt 0.968962 0.099051
vt 0.986164 0.078976
vt 0.987045 0.104772
vt 0.055901 0.275495
vt 0.038777 0.282968
vt 0.050974 0.269865
vt 0.049476 0.259449
vt 0.060279 0.258245
vt 0.037524 0.267385
vt 0.593204 0.561808
vt 0.599634 0.584889
vt 0.355595 0.495236
vt 0.356556 0.502379
vt 0.341353 0.507527
vt 0.151851 0.205867
vt 0.160557 0.197201
vt 0.165884 0.203253
vt 0.170869 0.581397
vt 0.187644 0.670068
vt 0.170869 0.670982
vt 0.172250 0.192512
vt 0.370143 0.597363
vt 0.157774 0.210385
vt 0.166729 0.952067
vt 0.164992 0.974043
vt 0.263941 0.150013
vt 0.280801 0.144103
vt 0.015705 0.845783
vt 0.026496 0.836386
vt 0.672331 0.965724
vt 0.658525 0.970343
vt 0.653372 0.952372
vt 0.633730 0.969011
vt 0.626092 0.949162
vt 0.857965 0.348909
vt 0.849373 0.363893
vt 0.873437 0.333152
vt 0.875121 0.349405
vt 0.846281 0.329990
vt 0.775374 0.507632
vt 0.802449 0.521599
vt 0.778948 0.525812
vt 0.716605 0.114009
vt 0.734020 0.106149
vt 0.724161 0.124136
vt 0.844998 0.040445
vt 0.817731 0.030621
vt 0.822195 0.027280
vt 0.905882 0.918736
vt 0.876405 0.900606
vt 0.909363 0.893104
vt 0.897252 0.875167
vt 0.190360 0.929277
vt 0.191993 0.931238
vt 0.243709 0.349306
vt 0.237044 0.362351
vt 0.226214 0.356903
vt 0.220825 0.462507
vt 0.207364 0.481979
vt 0.206728 0.462507
vt 0.221851 0.444758
vt 0.187809 0.462751
vt 0.206288 0.444735
vt 0.188275 0.481960
vt 0.337499 0.409268
vt 0.327135 0.414699
vt 0.331991 0.403461
vt 0.323941 0.403057
vt 0.326296 0.388350
vt 0.339916 0.387016
vt 0.314764 0.559731
vt 0.331330 0.555305
vt 0.321353 0.576590
vt 0.338728 0.572752
vt 0.322993 0.578916
vt 0.737028 0.016882
vt 0.737698 0.022811
vt 0.731097 0.033240
vt 0.520629 0.824973
vt 0.503523 0.800570
vt 0.536154 0.806266
vt 0.518703 0.791142
vt 0.516988 0.551220
vt 0.514226 0.571203
vt 0.932627 0.653351
vt 0.918757 0.657859
vt 0.928324 0.640125
vt 0.904678 0.644757
vt 0.930791 0.728538
vt 0.927898 0.703610
vt 0.988977 0.726506
vt 0.255088 0.523597
vt 0.273254 0.580413
vt 0.257831 0.586288
vt 0.083189 0.775888
vt 0.087078 0.764746
vt 0.086357 0.775716
vt 0.198556 0.779875
vt 0.086561 0.785086
vt 0.249300 0.937210
vt 0.247228 0.950209
vt 0.247422 0.937761
vt 0.855689 0.872870
vt 0.844199 0.890543
vt 0.006465 0.406892
vt 0.003390 0.406384
vt 0.001547 0.385319
vt 0.842765 0.907287
vt 0.243606 0.929090
vt 0.125378 0.648592
vt 0.131566 0.659212
vt 0.114292 0.656039
vt 0.122162 0.668253
vt 0.110930 0.643692
vt 0.393740 0.140189
vt 0.406588 0.155822
vt 0.421663 0.168715
vt 0.406478 0.183774
vt 0.422743 0.135962
vt 0.391896 0.170747
vt 0.762576 0.286862
vt 0.760050 0.278173
vt 0.780568 0.274585
vt 0.784147 0.284399
vt 0.712236 0.538798
vt 0.250486 0.089891
vt 0.247788 0.095941
vt 0.234262 0.083337
vt 0.748945 0.560879
vt 0.729424 0.578554
vt 0.048692 0.905209
vt 0.037706 0.923684
vt 0.052056 0.888331
vt 0.212350 0.919181
vt 0.222412 0.918046
vt 0.223323 0.919759
vt 0.233999 0.924929
vt 0.213462 0.920812
vt 0.536268 0.900533
vt 0.561658 0.878464
vt 0.569658 0.894604
vt 0.567134 0.916263
vt 0.340590 0.895065
vt 0.330861 0.881228
vt 0.354526 0.883000
vt 0.419633 0.372881
vt 0.405165 0.372272
vt 0.412474 0.364076
vt 0.402501 0.357045
vt 0.403434 0.345874
vt 0.420411 0.355241
vt 0.114111 0.932552
vt 0.094442 0.934252
vt 0.596560 0.131779
vt 0.586098 0.102869
vt 0.630890 0.106879
vt 0.626560 0.149303
vt 0.674560 0.114507
vt 0.744196 0.857043
vt 0.236179 0.777416
vt 0.253042 0.747265
vt 0.254125 0.775340
vt 0.607008 0.955990
vt 0.627343 0.985205
vt 0.607008 0.988927
vt 0.393586 0.635202
vt 0.385849 0.653946
vt 0.371857 0.666732
vt 0.707424 0.469635
vt 0.666328 0.474991
vt 0.706695 0.500226
vt 0.667788 0.499601
vt 0.066388 0.221580
vt 0.046405 0.235724
vt 0.023188 0.235311
vt 0.523284 0.138383
vt 0.525297 0.136745
vt 0.528984 0.157050
vt 0.550388 0.159771
vt 0.546231 0.179612
vt 0.019969 0.420358
vt 0.025446 0.432845
vt 0.017632 0.437176
vt 0.011134 0.425536
vt 0.028270 0.448177
vt 0.019288 0.455196
vt 0.008828 0.442372
vt 0.008716 0.914765
vt 0.708675 0.192173
vt 0.693065 0.175927
vt 0.057372 0.615672
vt 0.046516 0.603586
vt 0.061911 0.588191
vt 0.049638 0.576702
vt 0.073040 0.567399
vt 0.076682 0.598989
vt 0.909151 0.469259
vt 0.884853 0.478789
vt 0.250736 0.825749
vt 0.252371 0.853229
vt 0.881809 0.467453
vt 0.261877 0.825023
vt 0.264742 0.852920
vt 0.104125 0.932323
vt 0.108227 0.909064
vt 0.127522 0.927840
vt 0.131682 0.914858
vt 0.726934 0.418639
vt 0.724892 0.421000
vt 0.721044 0.405029
vt 0.716486 0.429185
vt 0.054991 0.000717
vt 0.043529 0.011802
vt 0.031138 0.000717
vt 0.782651 0.913112
vt 0.778307 0.907217
vt 0.815356 0.115744
vt 0.837147 0.113735
vt 0.818353 0.118242
vt 0.836737 0.118221
vt 0.820923 0.124102
vt 0.774578 0.916315
vt 0.873701 0.045830
vt 0.843712 0.045017
vt 0.873733 0.041262
vt 0.897342 0.029093
vt 0.875910 0.866309
vt 0.836617 0.950409
vt 0.535030 0.985420
vt 0.067241 0.958772
vt 0.055970 0.975680
vt 0.050282 0.964283
vt 0.516960 0.986975
vt 0.769441 0.969807
vt 0.788092 0.972310
vt 0.773942 0.980411
vt 0.833972 0.811542
vt 0.812877 0.792109
vt 0.832430 0.787916
vt 0.852202 0.771791
vt 0.853476 0.791664
vt 0.286842 0.160055
vt 0.285492 0.134303
vt 0.313097 0.148028
vt 0.326888 0.157068
vt 0.309146 0.165229
vt 0.326047 0.142363
vt 0.732813 0.730848
vt 0.734219 0.754597
vt 0.621708 0.585110
vt 0.461142 0.266843
vt 0.480577 0.238458
vt 0.471305 0.222886
vt 0.926566 0.411064
vt 0.915560 0.355005
vt 0.927880 0.331236
vt 0.911897 0.329723
vt 0.788547 0.455548
vt 0.760292 0.465826
vt 0.708304 0.441932
vt 0.781007 0.802145
vt 0.710219 0.810525
vt 0.774696 0.777851
vt 0.789913 0.794277
vt 0.035128 0.688745
vt 0.052046 0.691598
vt 0.042151 0.701954
vt 0.550815 0.120101
vt 0.547728 0.104352
vt 0.560938 0.107615
vt 0.558197 0.094026
vt 0.576725 0.099531
vt 0.057514 0.700688
vt 0.026232 0.707943
vt 0.857007 0.715096
vt 0.846570 0.731742
vt 0.804347 0.759494
vt 0.066218 0.676844
vt 0.074469 0.664145
vt 0.072957 0.678106
vt 0.601394 0.102111
vt 0.601212 0.072944
vt 0.606355 0.083426
vt 0.611379 0.065257
vt 0.613745 0.073931
vt 0.163150 0.437889
vt 0.145938 0.444857
vt 0.613839 0.707455
vt 0.639276 0.724686
vt 0.812821 0.294711
vt 0.826553 0.294646
vt 0.579911 0.397322
vt 0.596592 0.421058
vt 0.900165 0.582860
vt 0.899387 0.566048
vt 0.908252 0.565508
vt 0.359756 0.879876
vt 0.891608 0.131509
vt 0.874693 0.144020
vt 0.057559 0.537986
vt 0.665163 0.833109
vt 0.102134 0.524811
vt 0.371924 0.990644
vt 0.379513 0.999274
vt 0.365605 0.999342
vt 0.157621 0.384985
vt 0.162467 0.395837
vt 0.148071 0.393809
vt 0.155442 0.403938
vt 0.142933 0.404591
vt 0.135925 0.387848
vt 0.129792 0.401307
vt 0.960540 0.524264
vt 0.961098 0.530212
vt 0.943739 0.529317
vt 0.916132 0.171094
vt 0.911260 0.168057
vt 0.934155 0.164108
vt 0.929529 0.157513
vt 0.936284 0.152531
vt 0.941813 0.521622
vt 0.928747 0.160460
vt 0.242411 0.513399
vt 0.030740 0.116640
vt 0.031408 0.112177
vt 0.022446 0.095495
vt 0.048935 0.119179
vt 0.580217 0.593511
vt 0.562207 0.595263
vt 0.577709 0.575569
vt 0.056430 0.109529
vt 0.741581 0.020880
vt 0.741407 0.009842
vt 0.743407 0.014167
vt 0.743181 0.022296
vt 0.777469 0.000238
vt 0.745645 0.017282
vt 0.370180 0.143166
vt 0.842688 0.307507
vt 0.348057 0.148525
vt 0.911474 0.087795
vt 0.266517 0.281486
vt 0.269601 0.302357
vt 0.257748 0.296808
vt 0.254198 0.318104
vt 0.796573 0.231862
vt 0.806908 0.208340
vt 0.803025 0.238905
vt 0.826384 0.222728
vt 0.656556 0.778910
vt 0.655859 0.776259
vt 0.658925 0.779776
vt 0.665036 0.786127
vt 0.674209 0.776291
vt 0.485918 0.913939
vt 0.454042 0.927658
vt 0.453669 0.905355
vt 0.465520 0.877588
vt 0.487812 0.892578
vt 0.432378 0.897966
vt 0.479290 0.847646
vt 0.481513 0.835460
vt 0.457308 0.938549
vt 0.491048 0.938889
vt 0.314962 0.013741
vt 0.341899 0.045848
vt 0.310652 0.015484
vt 0.770938 0.135861
vt 0.785451 0.102876
vt 0.795620 0.126477
vt 0.409580 0.477568
vt 0.764694 0.685730
vt 0.435554 0.352220
vt 0.411263 0.331686
vt 0.744078 0.691731
vt 0.401916 0.334073
vt 0.754207 0.679186
vt 0.911267 0.852048
vt 0.896339 0.856981
vt 0.902383 0.843327
vt 0.915179 0.838013
vt 0.436309 0.125309
vt 0.446841 0.127721
vt 0.444603 0.148501
vt 0.066451 0.863735
vt 0.068230 0.837483
vt 0.084121 0.872751
vt 0.462659 0.144890
vt 0.439739 0.175101
vt 0.782191 0.959663
vt 0.769244 0.952639
vt 0.777748 0.941972
vt 0.697618 0.974785
vt 0.706510 0.954150
vt 0.937745 0.019903
vt 0.920863 0.023800
vt 0.929340 0.002095
vt 0.907802 0.000002
vt 0.548252 0.948914
vt 0.772009 0.887253
vt 0.761831 0.898214
vt 0.755311 0.899666
vt 0.762238 0.906064
vt 0.980981 0.477440
vt 0.983156 0.465104
vt 0.989261 0.478192
vt 0.247363 0.678768
vt 0.260844 0.703269
vt 0.236218 0.716933
vt 0.246085 0.729904
vt 0.215425 0.726995
vt 0.030847 0.598568
vt 0.017956 0.583905
vt 0.047425 0.585367
vt 0.174608 0.042022
vt 0.155887 0.016324
vt 0.174608 0.005549
vt 0.084107 0.145620
vt 0.083211 0.165845
vt 0.068830 0.148555
vt 0.054385 0.150693
vt 0.054205 0.132177
vt 0.066832 0.168831
vt 0.067180 0.130438
vt 0.072809 0.757928
vt 0.076780 0.746516
vt 0.083766 0.753163
vt 0.080138 0.760435
vt 0.086557 0.757251
vt 0.089043 0.753806
vt 0.252196 0.634152
vt 0.255367 0.609381
vt 0.271485 0.614730
vt 0.287781 0.597296
vt 0.295480 0.617591
vt 0.267196 0.593623
vt 0.270974 0.636505
vt 0.436978 0.884331
vt 0.018934 0.042492
vt 0.036041 0.039762
vt 0.037702 0.058877
vt 0.455063 0.958449
vt 0.456044 0.986969
vt 0.425779 0.979726
vt 0.637832 0.831627
vt 0.636646 0.807994
vt 0.745741 0.236851
vt 0.716193 0.215857
vt 0.052922 0.057835
vt 0.864041 0.115043
vt 0.324921 0.596539
vt 0.359868 0.587796
vt 0.374812 0.604696
vt 0.185269 0.381716
vt 0.260651 0.387842
vt 0.178898 0.423608
vt 0.496862 0.776298
vt 0.479224 0.789879
vt 0.457437 0.782748
vt 0.470497 0.770502
vt 0.509541 0.631629
vt 0.526332 0.626532
vt 0.533959 0.651781
vt 0.706620 0.233808
vt 0.721846 0.261463
vt 0.701050 0.278410
vt 0.712660 0.303733
vt 0.682247 0.318373
vt 0.704223 0.289962
vt 0.543443 0.622109
vt 0.692853 0.249896
vt 0.059281 0.000200
vt 0.085436 0.000478
vt 0.084921 0.018828
vt 0.669606 0.285684
vt 0.527781 0.853006
vt 0.635574 0.692877
vt 0.092062 0.108048
vt 0.084835 0.092438
vt 0.941575 0.039301
vt 0.932469 0.025223
vt 0.954906 0.032203
vt 0.098135 0.124744
vt 0.072755 0.097715
vt 0.083330 0.122193
vt 0.520122 0.539852
vt 0.984419 0.869349
vt 0.973618 0.883280
vt 0.967008 0.869349
vt 0.902469 0.661910
vt 0.945429 0.779350
vt 0.932741 0.777468
vt 0.948317 0.767511
vt 0.940760 0.750026
vt 0.955432 0.756171
vt 0.933322 0.763022
vt 0.958055 0.765639
vt 0.201200 0.700543
vt 0.201200 0.725640
vt 0.178440 0.700856
vt 0.178855 0.730351
vt 0.211293 0.885194
vt 0.965950 0.136220
vt 0.983784 0.125701
vt 0.988903 0.147002
vt 0.035044 0.463821
vt 0.039974 0.447324
vt 0.227903 0.573788
vt 0.198352 0.553194
vt 0.213338 0.546966
vt 0.018033 0.274728
vt 0.024011 0.290275
vt 0.011104 0.284594
vt 0.956498 0.905876
vt 0.940677 0.902011
vt 0.721469 0.971033
vt 0.714973 0.987779
vt 0.708176 0.977231
vt 0.041552 0.740851
vt 0.038965 0.762432
vt 0.019159 0.751816
vt 0.708524 0.952631
vt 0.025636 0.736449
vt 0.632054 0.570507
vt 0.640373 0.542632
vt 0.654652 0.546351
vt 0.675292 0.530938
vt 0.673849 0.549791
vt 0.649049 0.571458
vt 0.657359 0.527644
vt 0.439533 0.706760
vt 0.679818 0.916228
vt 0.091711 0.297491
vt 0.084186 0.292680
vt 0.092014 0.283056
vt 0.470179 0.336284
vt 0.533692 0.323770
vt 0.132404 0.640378
vt 0.138038 0.648553
vt 0.509930 0.046260
vt 0.025146 0.404691
vt 0.260195 0.428096
vt 0.258837 0.404678
vt 0.283196 0.404999
vt 0.145900 0.230254
vt 0.961612 0.065022
vt 0.956984 0.101473
vt 0.267394 0.091190
vt 0.319444 0.746345
vt 0.436922 0.223475
vt 0.404266 0.212354
vt 0.565140 0.288623
vt 0.535646 0.304882
vt 0.535151 0.290456
vt 0.529351 0.466628
vt 0.528825 0.451656
vt 0.203017 0.924011
vt 0.645895 0.000082
vt 0.626692 0.016170
vt 0.626582 0.000139
vt 0.410162 0.380748
vt 0.416566 0.390995
vt 0.397441 0.391345
vt 0.399747 0.401912
vt 0.375577 0.399859
vt 0.395178 0.390654
vt 0.689350 0.884867
vt 0.728518 0.879050
vt 0.661393 0.896235
vt 0.096220 0.310383
vt 0.640035 0.870138
vt 0.702079 0.897778
vt 0.121746 0.332250
vt 0.093460 0.601898
vt 0.088379 0.577758
vt 0.440865 0.100668
vt 0.418372 0.097040
vt 0.444512 0.084575
vt 0.459821 0.096851
vt 0.242546 0.171087
vt 0.238955 0.135721
vt 0.261871 0.146670
vt 0.462842 0.089411
vt 0.944579 0.317135
vt 0.970246 0.318943
vt 0.951931 0.326892
vt 0.957428 0.338118
vt 0.938979 0.340174
vt 0.407303 0.948775
vt 0.415536 0.927067
vt 0.425051 0.937249
vt 0.321173 0.183802
vt 0.337492 0.189402
vt 0.353861 0.189394
vt 0.334614 0.194648
vt 0.355703 0.184304
vt 0.320132 0.189900
vt 0.563656 0.422635
vt 0.532768 0.419823
vt 0.532459 0.401101
vt 0.983331 0.030112
vt 0.986569 0.048939
vt 0.980985 0.031466
vt 0.987384 0.014156
vt 0.189015 0.941152
vt 0.190902 0.941705
vt 0.189812 0.954263
vt 0.902593 0.031045
vt 0.892000 0.004938
vt 0.447813 0.535424
vt 0.483081 0.526766
vt 0.481669 0.534025
vt 0.946775 0.500527
vt 0.968323 0.503664
vt 0.122487 0.075474
vt 0.054042 0.248005
vt 0.065784 0.249267
vt 0.080751 0.250258
vt 0.069822 0.258219
vt 0.140646 0.075317
vt 0.661478 0.312183
vt 0.647498 0.319635
vt 0.647724 0.302308
vt 0.811058 0.460726
vt 0.809337 0.448766
vt 0.803388 0.377178
vt 0.826616 0.380724
vt 0.585395 0.264421
vt 0.906930 0.691087
vt 0.923007 0.686333
vt 0.932784 0.747456
vt 0.833668 0.492659
vt 0.829263 0.499833
vt 0.483752 0.151165
vt 0.518370 0.119865
vt 0.885019 0.354358
vt 0.713230 0.101046
vt 0.697999 0.120919
vt 0.529932 0.416202
vt 0.191876 0.335395
vt 0.198229 0.350472
vt 0.181517 0.354729
vt 0.777588 0.064113
vt 0.508017 0.105819
vt 0.492816 0.105760
vt 0.491021 0.097011
vt 0.490177 0.088357
vt 0.159900 0.414517
vt 0.197046 0.124397
vt 0.298832 0.562645
vt 0.321099 0.538567
vt 0.307685 0.541651
vt 0.969665 0.457099
vt 0.943784 0.449482
vt 0.969367 0.434140
vt 0.886907 0.869069
vt 0.009052 0.737691
vt 0.024498 0.735616
vt 0.018077 0.750113
vt 0.945731 0.224911
vt 0.952371 0.235344
vt 0.939764 0.229961
vt 0.940117 0.238871
vt 0.031633 0.012749
vt 0.037268 0.019087
vt 0.017698 0.022108
vt 0.144472 0.561219
vt 0.154836 0.579131
vt 0.026245 0.031516
vt 0.026570 0.962020
vt 0.049440 0.985607
vt 0.028733 0.986743
vt 0.966819 0.529778
vt 0.982309 0.529039
vt 0.982309 0.549539
vt 0.963783 0.548081
vt 0.003135 0.966086
vt 0.981123 0.565475
vt 0.002137 0.986154
vt 0.792596 0.609196
vt 0.644275 0.838632
vt 0.554921 0.872577
vt 0.550186 0.855223
vt 0.145585 0.228360
vt 0.141338 0.238302
vt 0.548514 0.837488
vt 0.238673 0.402725
vt 0.251383 0.397570
vt 0.252822 0.399168
vt 0.238925 0.412165
vt 0.270404 0.391396
vt 0.494040 0.594748
vt 0.470920 0.591817
vt 0.249672 0.415940
vt 0.474332 0.601074
vt 0.219463 0.146087
vt 0.484739 0.084234
vt 0.477293 0.081715
vt 0.467858 0.083256
vt 0.231892 0.143484
vt 0.140051 0.515200
vt 0.131040 0.540000
vt 0.093998 0.548162
vt 0.302243 0.326030
vt 0.298734 0.295427
vt 0.319104 0.312229
vt 0.579417 0.187448
vt 0.552327 0.197980
vt 0.537604 0.188073
vt 0.304203 0.762653
vt 0.287977 0.781596
vt 0.274470 0.769933
vt 0.290156 0.749756
vt 0.063930 0.754754
vt 0.070277 0.771588
vt 0.917954 0.129894
vt 0.900348 0.135274
vt 0.905672 0.099153
vt 0.209653 0.053956
vt 0.211591 0.067530
vt 0.885735 0.103173
vt 0.883946 0.091300
vt 0.924623 0.098384
vt 0.200275 0.065720
vt 0.346384 0.105538
vt 0.344166 0.114642
vt 0.313169 0.115401
vt 0.342048 0.123455
vt 0.153396 0.200100
vt 0.332272 0.427246
vt 0.335355 0.450539
vt 0.324452 0.442468
vt 0.162190 0.184804
vt 0.884816 0.104741
vt 0.891633 0.129654
vt 0.324827 0.094122
vt 0.320364 0.427625
vt 0.135228 0.466532
vt 0.150264 0.455399
vt 0.362772 0.823134
vt 0.346546 0.817802
vt 0.364454 0.808103
vt 0.380727 0.822875
vt 0.356250 0.804183
vt 0.750266 0.160067
vt 0.753346 0.176948
vt 0.742391 0.178704
vt 0.448532 0.952680
vt 0.439405 0.950630
vt 0.440031 0.949436
vt 0.449279 0.947013
vt 0.434257 0.948104
vt 0.678567 0.906919
vt 0.680156 0.898492
vt 0.212635 0.723342
vt 0.211741 0.708712
vt 0.212521 0.687205
vt 0.621095 0.664528
vt 0.604974 0.665702
vt 0.621236 0.662367
vt 0.625646 0.476994
vt 0.637100 0.457767
vt 0.648311 0.480567
vt 0.637282 0.504549
vt 0.633573 0.639972
vt 0.097273 0.968944
vt 0.102447 0.984789
vt 0.083942 0.988886
vt 0.072661 0.973292
vt 0.555931 0.947353
vt 0.069113 0.988557
vt 0.253663 0.302671
vt 0.255454 0.299344
vt 0.264241 0.278386
vt 0.270318 0.640392
vt 0.251235 0.637841
vt 0.701387 0.181675
vt 0.707235 0.168372
vt 0.709686 0.152770
vt 0.719572 0.163957
vt 0.302259 0.024014
vt 0.313455 0.009056
vt 0.728830 0.182769
vt 0.084893 0.879020
vt 0.526121 0.780076
vt 0.902111 0.161692
vt 0.899842 0.177943
vt 0.894757 0.183797
vt 0.359900 0.269888
vt 0.452539 0.938466
vt 0.497993 0.943977
vt 0.493880 0.951253
vt 0.432838 0.947703
vt 0.865259 0.590791
vt 0.883074 0.579694
vt 0.536478 0.110403
vt 0.199784 0.787501
vt 0.201979 0.803073
vt 0.190532 0.801600
vt 0.195108 0.814072
vt 0.183996 0.807698
vt 0.018772 0.694976
vt 0.006687 0.703710
vt 0.006082 0.678863
vt 0.969418 0.653596
vt 0.975923 0.673038
vt 0.962985 0.673394
vt 0.023004 0.672999
vt 0.327357 0.947122
vt 0.308817 0.967740
vt 0.386794 0.192200
vt 0.390342 0.184808
vt 0.405359 0.198926
vt 0.330417 0.966051
vt 0.144065 0.605814
vt 0.136371 0.605336
vt 0.351613 0.039607
vt 0.343402 0.044883
vt 0.520465 0.997812
vt 0.497367 0.990003
vt 0.525167 0.989669
vt 0.141609 0.582956
vt 0.696830 0.079698
vt 0.714841 0.070380
vt 0.710847 0.084445
vt 0.698310 0.100795
vt 0.287476 0.853856
vt 0.276831 0.852931
vt 0.280294 0.822844
vt 0.270883 0.816038
vt 0.279215 0.815423
vt 0.291425 0.822164
vt 0.291077 0.814083
vt 0.272129 0.824327
vt 0.130225 0.923855
vt 0.139855 0.901410
vt 0.134314 0.945716
vt 0.187353 0.445268
vt 0.206340 0.423532
vt 0.225456 0.412229
vt 0.226905 0.426626
vt 0.205715 0.401736
vt 0.186303 0.423262
vt 0.318234 0.389817
vt 0.308001 0.379654
vt 0.343126 0.585086
vt 0.340634 0.574841
vt 0.355039 0.569880
vt 0.927064 0.596313
vt 0.936808 0.581123
vt 0.952514 0.568291
vt 0.948866 0.587986
vt 0.933437 0.565592
vt 0.382566 0.268943
vt 0.342302 0.250337
vt 0.338889 0.263758
vt 0.184825 0.220347
vt 0.186116 0.244743
vt 0.055146 0.783936
vt 0.196226 0.263654
vt 0.922946 0.153157
vt 0.926423 0.131999
vt 0.371152 0.121168
vt 0.374137 0.109504
vt 0.377079 0.098848
vt 0.394225 0.109289
vt 0.353139 0.093271
vt 0.390475 0.124178
vt 0.642264 0.247740
vt 0.666672 0.255772
vt 0.933385 0.822582
vt 0.922095 0.826118
vt 0.963722 0.759396
vt 0.967426 0.754250
vt 0.929558 0.793637
vt 0.614270 0.530114
vt 0.612777 0.497252
vt 0.639698 0.507719
vt 0.642082 0.539746
vt 0.387128 0.606001
vt 0.400505 0.616381
vt 0.969971 0.227734
vt 0.959122 0.238251
vt 0.956896 0.224094
vt 0.338570 0.907594
vt 0.325282 0.904645
vt 0.322257 0.893204
vt 0.967017 0.586312
vt 0.961101 0.585320
vt 0.969820 0.573748
vt 0.221846 0.401364
vt 0.345786 0.676819
vt 0.341097 0.658860
vt 0.349437 0.668893
vt 0.342712 0.658473
vt 0.362133 0.673693
vt 0.045749 0.558025
vt 0.067599 0.553471
vt 0.628983 0.897571
vt 0.154102 0.504319
vt 0.307510 0.172546
vt 0.305455 0.177169
vt 0.906864 0.681744
vt 0.921859 0.677295
vt 0.923682 0.679328
vt 0.535347 0.190507
vt 0.514530 0.187988
vt 0.521298 0.178760
vt 0.931581 0.669076
vt 0.516697 0.184069
vt 0.077798 0.774447
vt 0.084296 0.763604
vt 0.076867 0.784846
vt 0.296249 0.732540
vt 0.281747 0.737375
vt 0.289577 0.723158
vt 0.970284 0.884845
vt 0.943003 0.889177
vt 0.866180 0.547109
vt 0.874300 0.537855
vt 0.878224 0.174604
vt 0.489151 0.078702
vt 0.487236 0.081599
vt 0.505729 0.098435
vt 0.008438 0.949186
vt 0.025470 0.937643
vt 0.096520 0.319701
vt 0.044271 0.959675
vt 0.646420 0.312426
vt 0.615630 0.291606
vt 0.143465 0.270682
vt 0.371467 0.326959
vt 0.416796 0.250624
vt 0.215993 0.716967
vt 0.222589 0.620039
vt 0.234182 0.716967
vt 0.005958 0.179750
vt 0.000051 0.199118
vt 0.003528 0.180179
vt 0.505993 0.917512
vt 0.524877 0.932065
vt 0.003866 0.160421
vt 0.547510 0.932336
vt 0.000422 0.162591
vt 0.001003 0.271931
vt 0.279884 0.962450
vt 0.426254 0.530862
vt 0.423846 0.526145
vt 0.429673 0.525992
vt 0.430645 0.529164
vt 0.915131 0.589420
vt 0.764493 0.475837
vt 0.743731 0.478444
vt 0.879478 0.395869
vt 0.893718 0.383414
vt 0.897086 0.400300
vt 0.749425 0.487671
vt 0.184652 0.822429
vt 0.509300 0.098921
vt 0.520702 0.117333
vt 0.548106 0.121025
vt 0.549969 0.139890
vt 0.622848 0.476665
vt 0.615033 0.452743
vt 0.600695 0.473878
vt 0.570681 0.137274
vt 0.040409 0.872318
vt 0.023482 0.133517
vt 0.007911 0.132554
vt 0.050709 0.123613
vt 0.259900 0.854587
vt 0.240618 0.868706
vt 0.239457 0.855670
vt 0.740230 0.017773
vt 0.497865 0.718405
vt 0.509498 0.688725
vt 0.528019 0.454511
vt 0.527819 0.433892
vt 0.053933 0.432945
vt 0.046525 0.421537
vt 0.073966 0.419321
vt 0.108566 0.746330
vt 0.123632 0.752321
vt 0.113915 0.768767
vt 0.098362 0.790676
vt 0.100639 0.775492
vt 0.136665 0.780050
vt 0.098638 0.760683
vt 0.826637 0.048192
vt 0.834746 0.071017
vt 0.818204 0.075848
vt 0.510736 0.949292
vt 0.518555 0.939415
vt 0.675754 0.971873
vt 0.307962 0.117813
vt 0.328044 0.121034
vt 0.348871 0.130107
vt 0.599746 0.642437
vt 0.121369 0.885335
vt 0.137133 0.886697
vt 0.608711 0.999903
vt 0.591078 0.994299
vt 0.612227 0.989080
vt 0.931065 0.435032
vt 0.794345 0.237010
vt 0.798464 0.211089
vt 0.062053 0.480868
vt 0.032494 0.508616
vt 0.012559 0.480868
vt 0.018055 0.155218
vt 0.004059 0.143258
vt 0.031494 0.136720
vt 0.478315 0.000531
vt 0.510669 0.014133
vt 0.478315 0.020000
vt 0.087380 0.648662
vt 0.081287 0.660757
vt 0.073241 0.653941
vt 0.080886 0.643086
vt 0.065898 0.665296
vt 0.070052 0.644223
vt 0.159515 0.157015
vt 0.156429 0.169551
vt 0.165111 0.170407
vt 0.281673 0.930394
vt 0.265372 0.929119
vt 0.271833 0.912484
vt 0.288648 0.912649
vt 0.314577 0.430942
vt 0.304918 0.408073
vt 0.746344 0.139255
vt 0.734952 0.162980
vt 0.313360 0.446844
vt 0.978259 0.058792
vt 0.453925 0.947755
vt 0.456825 0.957513
vt 0.494806 0.277784
vt 0.477337 0.283531
vt 0.466637 0.292279
vt 0.985404 0.218807
vt 0.988789 0.237585
vt 0.544876 0.962220
vt 0.978105 0.244585
vt 0.551005 0.949065
vt 0.351066 0.411906
vt 0.952686 0.150944
vt 0.939151 0.153330
vt 0.949698 0.141229
vt 0.561381 0.616969
vt 0.566652 0.612049
vt 0.577989 0.625299
vt 0.764024 0.423847
vt 0.730115 0.436385
vt 0.760231 0.405921
vt 0.580750 0.622168
vt 0.785763 0.916802
vt 0.796418 0.912265
vt 0.790104 0.919429
vt 0.926818 0.476348
vt 0.925247 0.467900
vt 0.911363 0.458415
vt 0.400965 0.923503
vt 0.405692 0.617773
vt 0.404851 0.637539
vt 0.398550 0.636017
vt 0.391180 0.656502
vt 0.399911 0.654844
vt 0.860672 0.192924
vt 0.859161 0.223374
vt 0.489958 0.929220
vt 0.473104 0.928432
vt 0.499019 0.901027
vt 0.474636 0.123338
vt 0.477729 0.139116
vt 0.842800 0.691140
vt 0.835404 0.703363
vt 0.818907 0.684976
vt 0.814120 0.661686
vt 0.828928 0.675113
vt 0.737319 0.039617
vt 0.503411 0.615998
vt 0.341391 0.478177
vt 0.357975 0.490102
vt 0.378417 0.494229
vt 0.376462 0.499926
vt 0.844752 0.265923
vt 0.817662 0.258192
vt 0.804340 0.239645
vt 0.152767 0.889247
vt 0.861778 0.301414
vt 0.866175 0.314146
vt 0.802127 0.545707
vt 0.813457 0.543465
vt 0.203023 0.777338
vt 0.207014 0.795901
vt 0.829384 0.471390
vt 0.814420 0.463272
vt 0.813596 0.452635
vt 0.898467 0.941762
vt 0.891533 0.961280
vt 0.877944 0.946707
vt 0.893294 0.929947
vt 0.282346 0.713662
vt 0.286574 0.693023
vt 0.297344 0.702062
vt 0.831518 0.447848
vt 0.206463 0.036010
vt 0.222572 0.041857
vt 0.176364 0.038170
vt 0.246029 0.168489
vt 0.235100 0.203097
vt 0.228894 0.949700
vt 0.245237 0.938953
vt 0.242175 0.953258
vt 0.480568 0.025026
vt 0.451830 0.006923
vt 0.464033 0.000512
vt 0.237427 0.966439
vt 0.309515 0.862062
vt 0.318004 0.853866
vt 0.186160 0.434492
vt 0.325647 0.260079
vt 0.324183 0.270872
vt 0.313979 0.269588
vt 0.660705 0.707759
vt 0.658038 0.716076
vt 0.067968 0.764471
vt 0.051181 0.763220
vt 0.035517 0.766469
vt 0.355668 0.682976
vt 0.424643 0.680588
vt 0.941769 0.389336
vt 0.948478 0.383680
vt 0.812424 0.814180
vt 0.586169 0.497834
vt 0.855366 0.813616
vt 0.586141 0.527313
vt 0.789589 0.309631
vt 0.771574 0.311695
vt 0.771464 0.305236
vt 0.753023 0.308679
vt 0.752816 0.303880
vt 0.771025 0.299688
vt 0.791520 0.302122
vt 0.795214 0.620360
vt 0.771942 0.607183
vt 0.062889 0.887993
vt 0.063936 0.869905
vt 0.116370 0.838159
vt 0.130031 0.812384
vt 0.147437 0.816603
vt 0.598366 0.303456
vt 0.567316 0.304038
vt 0.566499 0.324820
vt 0.663890 0.836323
vt 0.862758 0.945495
vt 0.558161 0.780643
vt 0.569046 0.803091
vt 0.557853 0.798958
vt 0.570631 0.081072
vt 0.567844 0.069416
vt 0.553116 0.063353
vt 0.280359 0.812506
vt 0.267752 0.682555
vt 0.829943 0.165500
vt 0.831439 0.151642
vt 0.849670 0.162411
vt 0.852224 0.168091
vt 0.850121 0.154929
vt 0.905940 0.679815
vt 0.806201 0.814538
vt 0.811564 0.808928
vt 0.147670 0.216900
vt 0.138587 0.225658
vt 0.135671 0.224883
vt 0.139152 0.213667
vt 0.066177 0.685396
vt 0.062260 0.685838
vt 0.876893 0.723700
vt 0.883949 0.713788
vt 0.901771 0.720696
vt 0.067458 0.878393
vt 0.074329 0.881016
vt 0.064111 0.886291
vt 0.462533 0.939459
vt 0.473486 0.953218
vt 0.065758 0.903968
vt 0.814334 0.027265
vt 0.820572 0.036505
vt 0.203726 0.606660
vt 0.197420 0.606751
vt 0.041829 0.720287
vt 0.695849 0.146095
vt 0.031594 0.707273
vt 0.135274 0.090849
vt 0.113362 0.096485
vt 0.493134 0.752232
vt 0.099297 0.048997
vt 0.908565 0.440355
vt 0.891976 0.424361
vt 0.083491 0.490586
vt 0.089999 0.481722
vt 0.094661 0.501067
vt 0.347189 0.426391
vt 0.434501 0.527230
vt 0.453330 0.526523
vt 0.051157 0.793337
vt 0.079193 0.810668
vt 0.051157 0.809756
vt 0.260307 0.868013
vt 0.538736 0.603787
vt 0.549692 0.578870
vt 0.278705 0.153093
vt 0.278825 0.159769
vt 0.212524 0.863757
vt 0.210776 0.844755
vt 0.219047 0.862607
vt 0.231776 0.864718
vt 0.265550 0.172121
vt 0.272269 0.158234
vt 0.047859 0.678049
vt 0.037845 0.667059
vt 0.948717 0.062337
vt 0.937648 0.055758
vt 0.942647 0.048800
vt 0.928819 0.046810
vt 0.536340 0.345482
vt 0.535745 0.325619
vt 0.244635 0.934558
vt 0.242415 0.936230
vt 0.235774 0.923796
vt 0.037239 0.439349
vt 0.060531 0.446800
vt 0.045341 0.457176
vt 0.062033 0.456145
vt 0.047766 0.475021
vt 0.863605 0.706321
vt 0.855326 0.701578
vt 0.869079 0.700916
vt 0.674805 0.008483
vt 0.667217 0.010206
vt 0.675077 0.001364
vt 0.874339 0.704754
vt 0.690872 0.000034
vt 0.679878 0.004839
vt 0.099249 0.142054
vt 0.083561 0.128810
vt 0.066286 0.722633
vt 0.080073 0.713571
vt 0.081729 0.734095
vt 0.705682 0.644343
vt 0.686336 0.623965
vt 0.974844 0.179336
vt 0.954818 0.192225
vt 0.963122 0.175207
vt 0.092233 0.634344
vt 0.982877 0.164082
vt 0.113220 0.633059
vt 0.684488 0.096393
vt 0.685914 0.066495
vt 0.703230 0.058971
vt 0.037130 0.393327
vt 0.033519 0.405005
vt 0.092943 0.643028
vt 0.088772 0.635644
vt 0.019257 0.389248
vt 0.027652 0.382954
vt 0.919147 0.874479
vt 0.895024 0.872216
vt 0.915846 0.885017
vt 0.283941 0.263158
vt 0.975595 0.958887
vt 0.975663 0.954334
vt 0.963571 0.955767
vt 0.985269 0.951932
vt 0.241582 0.877405
vt 0.796679 0.868657
vt 0.798341 0.848897
vt 0.818127 0.855352
vt 0.833233 0.849555
vt 0.818188 0.879205
vt 0.054303 0.064902
vt 0.081437 0.049570
vt 0.073333 0.069973
vt 0.093464 0.065247
vt 0.730347 0.687349
vt 0.733302 0.707204
vt 0.719789 0.705909
vt 0.467982 0.390942
vt 0.453229 0.440278
vt 0.728382 0.731949
vt 0.712402 0.737387
vt 0.652068 0.701046
vt 0.566594 0.344913
vt 0.724320 0.056252
vt 0.245135 0.564169
vt 0.256260 0.572929
vt 0.239836 0.571389
vt 0.231154 0.586866
vt 0.424435 0.990529
vt 0.410163 0.999956
vt 0.403808 0.990529
vt 0.054132 0.114759
vt 0.620878 0.578852
vt 0.614488 0.596226
vt 0.817754 0.853854
vt 0.829193 0.834707
vt 0.475832 0.875637
vt 0.378242 0.903699
vt 0.311113 0.985808
vt 0.287515 0.969717
vt 0.959552 0.859363
vt 0.451464 0.451550
vt 0.414795 0.472950
vt 0.411294 0.463577
vt 0.446289 0.441354
vt 0.564416 0.989694
vt 0.574278 0.990641
vt 0.573283 0.996285
vt 0.381119 0.999899
vt 0.376616 0.989585
vt 0.393039 0.991239
vt 0.321886 0.075478
vt 0.340989 0.072793
vt 0.169491 0.165080
vt 0.175762 0.172661
vt 0.585810 0.990046
vt 0.129154 0.501146
vt 0.932950 0.742913
vt 0.934964 0.729295
vt 0.957385 0.734974
vt 0.585312 0.010660
vt 0.550892 0.015508
vt 0.555634 0.001017
vt 0.206931 0.125910
vt 0.218647 0.119420
vt 0.221209 0.122387
vt 0.235523 0.117661
vt 0.225465 0.138031
vt 0.214472 0.133236
vt 0.115194 0.931570
vt 0.130498 0.929994
vt 0.631621 0.989120
vt 0.634336 0.999864
vt 0.188076 0.929062
vt 0.456014 0.998351
vt 0.433320 0.991255
vt 0.454943 0.989631
vt 0.399457 0.018599
vt 0.391789 0.026405
vt 0.370716 0.010847
vt 0.739362 0.012292
vt 0.517317 0.831897
vt 0.523314 0.843418
vt 0.884106 0.246335
vt 0.894427 0.088670
vt 0.881352 0.075961
vt 0.253397 0.356769
vt 0.254488 0.370492
vt 0.871834 0.068663
vt 0.722359 0.645044
vt 0.250035 0.589408
vt 0.257968 0.256515
vt 0.276304 0.261670
vt 0.725293 0.618984
vt 0.735393 0.641769
vt 0.718158 0.635072
vt 0.708779 0.617700
vt 0.702132 0.628349
vt 0.641328 0.720051
vt 0.655598 0.729922
vt 0.653380 0.736424
vt 0.657172 0.725612
vt 0.674041 0.729085
vt 0.670828 0.733660
vt 0.383735 0.081397
vt 0.399621 0.093365
vt 0.412419 0.066295
vt 0.586978 0.936760
vt 0.483386 0.502620
vt 0.478392 0.129378
vt 0.394923 0.222244
vt 0.379083 0.204111
vt 0.549884 0.200120
vt 0.314226 0.743994
vt 0.487073 0.758979
vt 0.511037 0.762054
vt 0.502766 0.745699
vt 0.330734 0.756652
vt 0.469021 0.354456
vt 0.804746 0.149054
vt 0.804222 0.167205
vt 0.534572 0.991093
vt 0.545770 0.999576
vt 0.519328 0.999894
vt 0.066297 0.813779
vt 0.033269 0.816697
vt 0.037239 0.841496
vt 0.409212 0.486570
vt 0.399004 0.500009
vt 0.665196 0.618049
vt 0.647915 0.618426
vt 0.822879 0.009260
vt 0.828050 0.026460
vt 0.130499 0.781368
vt 0.110408 0.783171
vt 0.365494 0.980914
vt 0.333555 0.963337
vt 0.354304 0.946477
vt 0.842514 0.037493
vt 0.114551 0.817391
vt 0.891672 0.235297
vt 0.779576 0.888000
vt 0.778760 0.860712
vt 0.763209 0.881852
vt 0.487122 0.972065
vt 0.457113 0.999893
vt 0.456764 0.972065
vt 0.237530 0.428536
vt 0.440031 0.606898
vt 0.262190 0.448148
vt 0.234062 0.445886
vt 0.437777 0.640207
vt 0.958634 0.825551
vt 0.931495 0.490686
vt 0.382871 0.928158
vt 0.356594 0.173879
vt 0.359842 0.158274
vt 0.644367 0.390151
vt 0.661343 0.388051
vt 0.090953 0.469851
vt 0.062390 0.472587
vt 0.208426 0.082850
vt 0.189948 0.091283
vt 0.176361 0.102084
vt 0.185529 0.087183
vt 0.194574 0.102569
vt 0.715035 0.213086
vt 0.339544 0.481060
vt 0.596459 0.948451
vt 0.578536 0.939873
vt 0.954363 0.533605
vt 0.944498 0.544257
vt 0.933565 0.533359
vt 0.889414 0.274743
vt 0.605812 0.933024
vt 0.544900 0.970083
vt 0.536932 0.971632
vt 0.539936 0.966189
vt 0.981429 0.276073
vt 0.983615 0.268149
vt 0.988015 0.268822
vt 0.988288 0.259619
vt 0.203469 0.678745
vt 0.217899 0.666624
vt 0.252344 0.358201
vt 0.561953 0.437602
vt 0.595350 0.439781
vt 0.310965 0.399261
vt 0.311913 0.390640
vt 0.330604 0.589235
vt 0.943977 0.553096
vt 0.924302 0.553012
vt 0.905119 0.556191
vt 0.907682 0.864588
vt 0.707598 0.045118
vt 0.692911 0.049269
vt 0.498532 0.875487
vt 0.674156 0.059485
vt 0.244722 0.972732
vt 0.230111 0.973177
vt 0.223857 0.959130
vt 0.111533 0.980388
vt 0.112765 0.975098
vt 0.114553 0.941625
vt 0.003256 0.263028
vt 0.000750 0.263028
vt 0.003073 0.229358
vt 0.230897 0.480744
vt 0.221987 0.481378
vt 0.230215 0.463423
vt 0.613581 0.049846
vt 0.601557 0.050372
vt 0.735750 0.708561
vt 0.050526 0.069788
vt 0.063932 0.077136
vt 0.121236 0.690276
vt 0.144846 0.674074
vt 0.136564 0.698281
vt 0.054126 0.092610
vt 0.066139 0.080287
vt 0.080929 0.070880
vt 0.420261 0.089950
vt 0.421202 0.067511
vt 0.210060 0.529338
vt 0.219272 0.530360
vt 0.412376 0.051133
vt 0.255031 0.489715
vt 0.253623 0.474932
vt 0.163896 0.210849
vt 0.178303 0.230262
vt 0.170637 0.197982
vt 0.249771 0.051518
vt 0.878478 0.037388
vt 0.929128 0.791612
vt 0.923304 0.794503
vt 0.917901 0.776353
vt 0.835188 0.895811
vt 0.810631 0.896721
vt 0.797690 0.892616
vt 0.597351 0.545524
vt 0.608755 0.559207
vt 0.604389 0.573332
vt 0.107509 0.151628
vt 0.110524 0.140164
vt 0.176078 0.803475
vt 0.170264 0.809338
vt 0.254436 0.680219
vt 0.163216 0.123144
vt 0.112744 0.894678
vt 0.131406 0.906010
vt 0.130704 0.898211
vt 0.711423 0.817410
vt 0.056552 0.515461
vt 0.501663 0.985972
vt 0.492309 0.977009
vt 0.875704 0.815573
vt 0.288891 0.029880
vt 0.671778 0.945084
vt 0.873986 0.286629
vt 0.846984 0.697691
vt 0.075627 0.691673
vt 0.963438 0.124250
vt 0.898699 0.193059
vt 0.648816 0.345713
vt 0.936437 0.400999
vt 0.192242 0.518873
vt 0.412654 0.757932
vt 0.426760 0.750794
vt 0.414169 0.999978
vt 0.428028 0.989506
vt 0.435105 0.999978
vt 0.393757 0.766134
vt 0.429347 0.783467
vt 0.384798 0.343603
vt 0.388380 0.363505
vt 0.365824 0.345093
vt 0.438910 0.280813
vt 0.425546 0.258701
vt 0.417998 0.239302
vt 0.039198 0.606087
vt 0.017708 0.616724
vt 0.410329 0.296863
vt 0.022417 0.628410
vt 0.054392 0.172370
vt 0.571557 0.805053
vt 0.061665 0.737228
vt 0.862815 0.178019
vt 0.857903 0.171678
vt 0.843112 0.182989
vt 0.001940 0.429904
vt 0.469011 0.372711
vt 0.266847 0.986443
vt 0.361768 0.056447
vt 0.262676 0.910752
vt 0.244017 0.910321
vt 0.241913 0.891738
vt 0.054368 0.022539
vt 0.059618 0.003637
vt 0.059198 0.727021
vt 0.057341 0.709024
vt 0.073480 0.714002
vt 0.582674 0.889683
vt 0.581186 0.894234
vt 0.898710 0.342889
vt 0.145975 0.283300
vt 0.869860 0.933390
vt 0.887445 0.932936
vt 0.231130 0.749779
vt 0.791658 0.296254
vt 0.823365 0.284161
vt 0.293559 0.641140
vt 0.002389 0.430947
vt 0.811540 0.126365
vt 0.654810 0.833858
vt 0.171636 0.391808
vt 0.742717 0.034674
vt 0.754062 0.030459
vt 0.753818 0.035001
vt 0.297920 0.586080
vt 0.289882 0.597192
vt 0.291056 0.577123
vt 0.752972 0.038058
vt 0.742801 0.036609
vt 0.277097 0.587483
vt 0.287851 0.569733
vt 0.769129 0.440634
vt 0.557592 0.597181
vt 0.552290 0.646248
vt 0.854893 0.444370
vt 0.877455 0.457564
vt 0.826567 0.275577
vt 0.410945 0.620573
vt 0.368286 0.193363
vt 0.420584 0.609150
vt 0.413558 0.606596
vt 0.218154 0.735981
vt 0.616893 0.495260
vt 0.083704 0.928256
vt 0.327763 0.249057
vt 0.808238 0.247837
vt 0.987433 0.107967
vt 0.958893 0.112426
vt 0.193873 0.931976
vt 0.203773 0.924664
vt 0.194632 0.933189
vt 0.546479 0.867864
vt 0.524642 0.868068
vt 0.166989 0.405844
vt 0.490261 0.114142
vt 0.988242 0.693100
vt 0.972517 0.676485
vt 0.980677 0.675278
vt 0.483612 0.120319
vt 0.760323 0.499175
vt 0.757450 0.512683
vt 0.190978 0.866127
vt 0.205549 0.848015
vt 0.204460 0.833101
vt 0.851830 0.311364
vt 0.322670 0.924953
vt 0.665101 0.528051
vt 0.271762 0.487441
vt 0.699963 0.141539
vt 0.672859 0.110233
vt 0.677346 0.108880
vt 0.671594 0.106460
vt 0.678632 0.104720
vt 0.666503 0.325481
vt 0.669810 0.345995
vt 0.304856 0.059645
vt 0.322335 0.041765
vt 0.338390 0.061295
vt 0.312591 0.080902
vt 0.096071 0.708158
vt 0.971008 0.696950
vt 0.963686 0.674107
vt 0.511547 0.736423
vt 0.532222 0.746706
vt 0.559915 0.744165
vt 0.674912 0.724585
vt 0.673233 0.716259
vt 0.484479 0.235754
vt 0.521569 0.224653
vt 0.495717 0.245200
vt 0.157184 0.350901
vt 0.856758 0.673801
vt 0.870607 0.688047
vt 0.735033 0.038310
vt 0.739871 0.031021
vt 0.521038 0.610472
vt 0.983470 0.772546
vt 0.921226 0.921391
vt 0.929013 0.938554
vt 0.909461 0.930510
vt 0.223222 0.032913
vt 0.867524 0.648293
vt 0.338228 0.369936
vt 0.349907 0.377780
vt 0.503471 0.948075
vt 0.305414 0.520478
vt 0.374977 0.935165
vt 0.349320 0.931718
vt 0.837364 0.135994
vt 0.807046 0.913441
vt 0.798578 0.917121
vt 0.802828 0.908316
vt 0.804905 0.898852
vt 0.306889 0.872309
vt 0.306511 0.886954
vt 0.115685 0.947981
vt 0.304963 0.910383
vt 0.398013 0.504429
vt 0.395738 0.509189
vt 0.753296 0.313801
vt 0.666214 0.607056
vt 0.683846 0.615153
vt 0.672180 0.594599
vt 0.251591 0.554044
vt 0.462092 0.054561
vt 0.249729 0.544851
vt 0.475164 0.036110
vt 0.078719 0.459696
vt 0.679078 0.011450
vt 0.685308 0.006902
vt 0.907848 0.621286
vt 0.917064 0.631373
vt 0.897242 0.636013
vt 0.904548 0.643893
vt 0.027094 0.479491
vt 0.019463 0.472984
vt 0.016621 0.464729
vt 0.133850 0.256869
vt 0.976002 0.334388
vt 0.884416 0.454445
vt 0.908157 0.448132
vt 0.349836 0.194998
vt 0.366549 0.201981
vt 0.376758 0.670800
vt 0.401403 0.672992
vt 0.532106 0.383807
vt 0.330705 0.325963
vt 0.349508 0.333116
vt 0.340152 0.339209
vt 0.018161 0.760164
vt 0.020741 0.770041
vt 0.318683 0.702757
vt 0.623174 0.544171
vt 0.613203 0.574577
vt 0.606034 0.542967
vt 0.018304 0.367372
vt 0.001006 0.359655
vt 0.024533 0.348201
vt 0.978332 0.124482
vt 0.882659 0.146222
vt 0.902337 0.148663
vt 0.886003 0.562940
vt 0.901654 0.556837
vt 0.827499 0.516801
vt 0.578615 0.533602
vt 0.595720 0.531466
vt 0.207413 0.820998
vt 0.201285 0.817471
vt 0.207780 0.819242
vt 0.822802 0.487773
vt 0.824581 0.484795
vt 0.206016 0.813518
vt 0.662116 0.618975
vt 0.570666 0.119088
vt 0.336348 0.630470
vt 0.317564 0.624137
vt 0.345358 0.617732
vt 0.104193 0.079996
vt 0.635643 0.280818
vt 0.609214 0.261805
vt 0.150598 0.218613
vt 0.219217 0.657798
vt 0.203995 0.665478
vt 0.225942 0.864856
vt 0.240684 0.889646
vt 0.210478 0.024881
vt 0.203837 0.021894
vt 0.203512 0.871577
vt 0.092182 0.951525
vt 0.514463 0.672259
vt 0.440892 0.705971
vt 0.611186 0.728897
vt 0.564672 0.203268
vt 0.563094 0.206284
vt 0.915403 0.897819
vt 0.509175 0.052989
vt 0.483314 0.020822
vt 0.509175 0.015614
vt 0.175453 0.160505
vt 0.390478 0.766582
vt 0.388053 0.133633
vt 0.765474 0.115057
vt 0.002994 0.450459
vt 0.323720 0.924036
vt 0.330217 0.940419
vt 0.356349 0.945862
vt 0.000086 0.459626
vt 0.211446 0.748830
vt 0.191636 0.281626
vt 0.214195 0.619120
vt 0.237209 0.619156
vt 0.339558 0.630302
vt 0.280179 0.289302
vt 0.971915 0.281331
vt 0.931762 0.353964
vt 0.952395 0.366760
vt 0.946083 0.379399
vt 0.927933 0.371486
vt 0.976542 0.370764
vt 0.963527 0.389925
vt 0.916146 0.026762
vt 0.906894 0.041382
vt 0.896919 0.033278
vt 0.450650 0.819187
vt 0.348780 0.547987
vt 0.756063 0.049315
vt 0.885494 0.196000
vt 0.029258 0.280740
vt 0.037555 0.282619
vt 0.928570 0.152102
vt 0.905396 0.160054
vt 0.084463 0.266933
vt 0.095567 0.272102
vt 0.174839 0.068352
vt 0.185243 0.059814
vt 0.805637 0.919939
vt 0.660792 0.317563
vt 0.149659 0.203777
vt 0.239738 0.134528
vt 0.000306 0.846143
vt 0.940466 0.294191
vt 0.945171 0.295014
vt 0.938909 0.307386
vt 0.949183 0.309214
vt 0.426946 0.361705
vt 0.246487 0.053539
vt 0.247562 0.074422
vt 0.390529 0.954593
vt 0.372580 0.939984
vt 0.933365 0.499469
vt 0.921726 0.505282
vt 0.957941 0.969177
vt 0.950674 0.961340
vt 0.963646 0.960416
vt 0.952466 0.953772
vt 0.387245 0.848447
vt 0.398921 0.837804
vt 0.150697 0.651557
vt 0.163961 0.620116
vt 0.144168 0.617151
vt 0.309867 0.851568
vt 0.198933 0.112369
vt 0.197417 0.115725
vt 0.798845 0.178834
vt 0.823847 0.175377
vt 0.318994 0.842920
vt 0.319103 0.825526
vt 0.839921 0.127335
vt 0.383641 0.132798
vt 0.382213 0.140092
vt 0.113850 0.728573
vt 0.148008 0.756684
vt 0.034871 0.867012
vt 0.505110 0.100524
vt 0.682613 0.125891
vt 0.832980 0.640619
vt 0.801953 0.650417
vt 0.491168 0.249715
vt 0.494630 0.261736
vt 0.891401 0.248756
vt 0.900403 0.247336
vt 0.934329 0.254119
vt 0.672774 0.014555
vt 0.912308 0.604345
vt 0.576574 0.788833
vt 0.890361 0.965167
vt 0.928868 0.966145
vt 0.890361 0.988263
vt 0.011566 0.660039
vt 0.039010 0.650489
vt 0.034831 0.664984
vt 0.392724 0.704918
vt 0.120549 0.890518
vt 0.125386 0.887487
vt 0.175419 0.117877
vt 0.170370 0.125861
vt 0.534977 0.770591
vt 0.519145 0.751045
vt 0.509570 0.736305
vt 0.728963 0.303522
vt 0.718629 0.321078
vt 0.592007 0.051739
vt 0.587466 0.054500
vt 0.971604 0.651432
vt 0.952977 0.633495
vt 0.975917 0.638159
vt 0.301146 0.855020
vt 0.882547 0.444182
vt 0.258718 0.981292
vt 0.246045 0.987311
vt 0.246039 0.954101
vt 0.886222 0.343441
vt 0.181206 0.111143
vt 0.169817 0.117094
vt 0.142815 0.116961
vt 0.162151 0.092152
vt 0.800859 0.704424
vt 0.786261 0.755385
vt 0.228473 0.930406
vt 0.001789 0.269891
vt 0.647055 0.581861
vt 0.336678 0.675082
vt 0.441059 0.697482
vt 0.144400 0.765280
vt 0.509094 0.056670
vt 0.508636 0.096059
vt 0.492408 0.080500
vt 0.416881 0.334449
vt 0.447802 0.313758
vt 0.466047 0.971408
vt 0.486124 0.968104
vt 0.300874 0.041202
vt 0.096755 0.899700
vt 0.757237 0.385015
vt 0.773937 0.379892
vt 0.420326 0.120776
vt 0.085385 0.617285
vt 0.025301 0.247031
vt 0.056311 0.043076
vt 0.742930 0.671665
vt 0.742180 0.690239
vt 0.925949 0.850047
vt 0.091266 0.536957
vt 0.136034 0.199913
vt 0.635581 0.442552
vt 0.598572 0.439722
vt 0.835260 0.537194
vt 0.393712 0.962092
vt 0.556621 0.578339
vt 0.365240 0.997254
vt 0.366576 0.990227
vt 0.369863 0.990892
vt 0.953685 0.051083
vt 0.118294 0.131429
vt 0.097011 0.138534
vt 0.306185 0.824431
vt 0.302631 0.848132
vt 0.198631 0.562185
vt 0.192190 0.572187
vt 0.098200 0.063770
vt 0.077046 0.076353
vt 0.023969 0.639931
vt 0.932287 0.833775
vt 0.923659 0.829651
vt 0.637488 0.168361
vt 0.370142 0.956316
vt 0.014338 0.056285
vt 0.011581 0.088194
vt 0.006549 0.088669
vt 0.009027 0.091808
vt 0.111184 0.982261
vt 0.971275 0.881018
vt 0.414827 0.513950
vt 0.863545 0.535983
vt 0.139695 0.667323
vt 0.418799 0.203558
vt 0.085910 0.819298
vt 0.062094 0.750470
vt 0.981282 0.909560
vt 0.984160 0.890062
vt 0.139487 0.622831
vt 0.116706 0.620684
vt 0.094648 0.601162
vt 0.089824 0.626377
vt 0.693034 0.533361
vt 0.684294 0.517093
vt 0.223272 0.972351
vt 0.199362 0.930509
vt 0.223272 0.920989
vt 0.155107 0.308342
vt 0.144373 0.713108
vt 0.961270 0.561331
vt 0.335408 0.640365
vt 0.337048 0.638012
vt 0.269265 0.387826
vt 0.915846 0.592844
vt 0.479170 0.674265
vt 0.789448 0.179984
vt 0.395056 0.833257
vt 0.079571 0.793542
vt 0.533754 0.290926
vt 0.277661 0.802784
vt 0.303455 0.182705
vt 0.231046 0.100961
vt 0.035652 0.518949
vt 0.042029 0.525554
vt 0.030466 0.519369
vt 0.033104 0.540519
vt 0.020265 0.526791
vt 0.755074 0.905174
vt 0.188864 0.756510
vt 0.942176 0.790896
vt 0.015759 0.333922
vt 0.007861 0.335540
vt 0.945856 0.950587
vt 0.943321 0.957065
vt 0.021453 0.339125
vt 0.016850 0.341644
vt 0.413350 0.520998
vt 0.343441 0.895354
vt 0.925686 0.611938
vt 0.200672 0.825695
vt 0.811873 0.499426
vt 0.628627 0.984064
vt 0.610093 0.957938
vt 0.438965 0.885044
vt 0.884302 0.432090
vt 0.851172 0.414941
vt 0.320155 0.010453
vt 0.334327 0.001706
vt 0.334240 0.034849
vt 0.303460 0.819855
vt 0.885136 0.547789
vt 0.910533 0.540571
vt 0.915555 0.553314
vt 0.936207 0.545790
vt 0.596218 0.425136
vt 0.096232 0.003916
vt 0.085828 0.014940
vt 0.127974 0.413843
vt 0.917315 0.461087
vt 0.678589 0.046419
vt 0.987969 0.047372
vt 0.770208 0.546688
vt 0.772534 0.543759
vt 0.644752 0.414139
vt 0.037065 0.250960
vt 0.647254 0.322680
vt 0.097503 0.881446
vt 0.848385 0.850139
vt 0.849556 0.829095
vt 0.847617 0.861059
vt 0.835365 0.862679
vt 0.541780 0.977273
vt 0.179741 0.338300
vt 0.761766 0.050185
vt 0.572078 0.344751
vt 0.754143 0.014129
vt 0.569511 0.361766
vt 0.625942 0.232285
vt 0.872803 0.178076
vt 0.883759 0.192676
vt 0.352134 0.134251
vt 0.739667 0.119457
vt 0.753352 0.260654
vt 0.772359 0.246882
vt 0.734662 0.094654
vt 0.761715 0.557656
vt 0.656389 0.044108
vt 0.614525 0.067572
vt 0.616620 0.074334
vt 0.675230 0.102530
vt 0.677950 0.062768
vt 0.261233 0.939637
vt 0.279528 0.943217
vt 0.252672 0.947767
vt 0.957946 0.351627
vt 0.979428 0.350785
vt 0.303626 0.263358
vt 0.967578 0.490558
vt 0.966673 0.476084
vt 0.970166 0.461871
vt 0.980925 0.489677
vt 0.867195 0.213978
vt 0.878204 0.231128
vt 0.496387 0.905031
vt 0.603374 0.978352
vt 0.751733 0.489147
vt 0.645467 0.986241
vt 0.341456 0.353668
vt 0.359435 0.344080
vt 0.697558 0.611881
vt 0.702189 0.595157
vt 0.719301 0.604019
vt 0.165727 0.833280
vt 0.926915 0.518124
vt 0.936310 0.510868
vt 0.939111 0.970731
vt 0.969116 0.984363
vt 0.949143 0.985317
vt 0.181344 0.085703
vt 0.965287 0.041351
vt 0.987366 0.054620
vt 0.956550 0.064076
vt 0.747126 0.053308
vt 0.197592 0.533329
vt 0.177375 0.020845
vt 0.184064 0.003212
vt 0.203195 0.032341
vt 0.714928 0.516842
vt 0.498876 0.255883
vt 0.502459 0.272297
vt 0.276616 0.735958
vt 0.283051 0.756446
vt 0.853913 0.925548
vt 0.564443 0.051291
vt 0.980470 0.294746
vt 0.158589 0.417732
vt 0.315893 0.247608
vt 0.854255 0.148232
vt 0.530534 0.434454
vt 0.870378 0.199937
vt 0.590850 0.095919
vt 0.341165 0.319381
vt 0.070643 0.242795
vt 0.312554 0.918766
vt 0.304880 0.108934
vt 0.283337 0.119539
vt 0.261311 0.817969
vt 0.259737 0.803386
vt 0.760490 0.921631
vt 0.851512 0.751850
vt 0.871932 0.754121
vt 0.732449 0.754632
vt 0.722229 0.755732
vt 0.055000 0.042736
vt 0.054159 0.035472
vt 0.048764 0.028336
vt 0.852957 0.648123
vt 0.841499 0.660332
vt 0.887676 0.501799
vt 0.218083 0.833328
vt 0.176300 0.021669
vt 0.954903 0.141033
vt 0.938938 0.139864
vt 0.954903 0.062773
vt 0.375231 0.504759
vt 0.043574 0.059817
vt 0.067793 0.782716
vt 0.245165 0.988005
vt 0.231373 0.988792
vt 0.215526 0.974373
vt 0.302350 0.815815
vt 0.314956 0.815335
vt 0.905263 0.526447
vt 0.753414 0.676698
vt 0.817091 0.980914
vt 0.116952 0.394675
vt 0.224242 0.737494
vt 0.442282 0.168039
vt 0.573082 0.884061
vt 0.577646 0.885115
vt 0.580542 0.898668
vt 0.860415 0.304786
vt 0.594149 0.896251
vt 0.111087 0.812162
vt 0.110618 0.792245
vt 0.930798 0.531647
vt 0.705756 0.001062
vt 0.168787 0.344062
vt 0.027970 0.183845
vt 0.346786 0.151684
vt 0.327248 0.370779
vt 0.312488 0.358221
vt 0.094677 0.027182
vt 0.020498 0.366661
vt 0.294747 0.934892
vt 0.961047 0.837623
vt 0.376954 0.410469
vt 0.060832 0.109437
vt 0.071277 0.248633
vt 0.198773 0.623391
vt 0.213143 0.603508
vt 0.431158 0.871887
vt 0.162669 0.337408
vt 0.353375 0.567312
vt 0.072630 0.310590
vt 0.954030 0.743663
vt 0.924863 0.748263
vt 0.969184 0.758259
vt 0.374329 0.186791
vt 0.491284 0.075890
vt 0.491856 0.038281
vt 0.509216 0.054520
vt 0.978436 0.582628
vt 0.131084 0.484796
vt 0.956883 0.006029
vt 0.975582 0.024652
vt 0.520472 0.253261
vt 0.851605 0.823714
vt 0.295759 0.498451
vt 0.298242 0.555070
vt 0.072455 0.184220
vt 0.186307 0.119453
vt 0.198999 0.110549
vt 0.741093 0.188882
vt 0.753294 0.933014
vt 0.177017 0.129014
vt 0.383336 0.729240
vt 0.216811 0.236445
vt 0.045693 0.562998
vt 0.046841 0.583221
vt 0.874841 0.735207
vt 0.372072 0.926377
vt 0.333913 0.274690
vt 0.033216 0.287697
vt 0.684018 0.622334
vt 0.923772 0.809166
vt 0.003540 0.879989
vt 0.026505 0.878981
vt 0.020313 0.892176
vt 0.573733 0.786762
vt 0.862438 0.080057
vt 0.231909 0.030455
vt 0.248256 0.001035
vt 0.637693 0.897706
vt 0.586928 0.000859
vt 0.097056 0.167620
vt 0.379453 0.680691
vt 0.110774 0.880412
vt 0.399892 0.681844
vt 0.845355 0.869286
vt 0.837538 0.867967
vt 0.237499 0.919320
vt 0.515003 0.063250
vt 0.320607 0.609419
vt 0.603101 0.226749
vt 0.644156 0.187079
vt 0.949270 0.218310
vt 0.681625 0.771499
vt 0.339729 0.473198
vt 0.472175 0.025204
vt 0.911403 0.309430
vt 0.855269 0.525995
vt 0.510658 0.877579
vt 0.501448 0.895871
vt 0.036976 0.559668
vt 0.053650 0.537393
vt 0.882716 0.397749
vt 0.073376 0.548105
vt 0.430796 0.797042
vt 0.357232 0.608110
vt 0.343181 0.614491
vt 0.736053 0.049155
vt 0.076390 0.091118
vt 0.677798 0.136739
vt 0.553870 0.214041
vt 0.452368 0.079513
vt 0.445197 0.058664
vt 0.061211 0.350665
vt 0.070563 0.311714
vt 0.400396 0.687865
vt 0.186281 0.403916
vt 0.344799 0.945531
vt 0.737098 0.926621
vt 0.021840 0.554576
vt 0.768191 0.951757
vt 0.291891 0.945488
vt 0.933574 0.942585
vt 0.964448 0.475491
vt 0.933351 0.129266
vt 0.941097 0.470763
vt 0.945986 0.473450
vt 0.397463 0.845149
vt 0.407705 0.819887
vt 0.753457 0.567220
vt 0.759757 0.023823
vt 0.743469 0.569943
vt 0.424404 0.927675
vt 0.030902 0.139848
vt 0.031969 0.181133
vt 0.015602 0.161698
vt 0.912614 0.964939
vt 0.942286 0.957534
vt 0.970270 0.457770
vt 0.169947 0.360034
vt 0.083971 0.786084
vt 0.138849 0.083218
vt 0.182531 0.821769
vt 0.303461 0.926304
vt 0.242923 0.464440
vt 0.327839 0.348660
vt 0.344322 0.359372
vt 0.288388 0.501365
vt 0.880279 0.053337
vt 0.866537 0.661001
vt 0.660729 0.363786
vt 0.121632 0.153116
vt 0.115716 0.174174
vt 0.216025 0.011832
vt 0.485849 0.939866
vt 0.037252 0.665252
vt 0.029129 0.875509
vt 0.242740 0.537939
vt 0.369568 0.956960
vt 0.391073 0.958379
vt 0.389906 0.984953
vt 0.653133 0.846075
vt 0.598327 0.459020
vt 0.302761 0.913958
vt 0.487151 0.999542
vt 0.030900 0.509023
vt 0.001148 0.508125
vt 0.021770 0.495984
vt 0.708686 0.947509
vt 0.193579 0.867170
vt 0.014983 0.094941
vt 0.013892 0.714513
vt 0.272722 0.502683
vt 0.216529 0.201530
vt 0.280936 0.034811
vt 0.025784 0.348425
vt 0.411666 0.016062
vt 0.405504 0.475024
vt 0.572936 0.997523
vt 0.592813 0.997822
vt 0.572936 0.999973
vt 0.884713 0.185247
vt 0.055412 0.003216
vt 0.410614 0.123933
vt 0.965339 0.197888
vt 0.043629 0.373791
vt 0.077719 0.509996
s 1
usemtl Material_1
f 2/1/1 3/2/2 1/3/3
f 4/4/4 2/1/1 1/3/3
f 5/5/5 6/6/6 1/7/7
f 7/8/8 5/5/5 1/7/7
f 8/9/9 9/10/10 1/11/11
f 10/12/12 4/13/13 1/14/14
f 11/15/15 7/8/8 1/7/7
f 3/16/16 8/9/9 1/11/11
f 6/6/6 10/17/17 1/7/7
f 9/18/18 11/15/15 1/7/7
f 13/19/19 14/20/20 12/21/21
f 15/22/22 13/19/19 12/21/21
f 14/20/20 16/23/23 12/21/21
f 17/24/24 18/25/25 12/21/21
f 19/26/26 15/22/22 12/21/21
f 16/23/23 17/24/24 12/21/21
f 18/25/25 19/26/26 12/21/21
f 21/27/27 22/28/28 20/29/29
f 22/28/28 23/30/30 20/29/29
f 24/31/31 21/32/32 20/33/33
f 23/34/34 24/31/31 20/33/33
f 26/35/35 27/36/36 25/37/37
f 28/38/38 29/39/39 25/40/40
f 29/41/41 26/35/35 25/37/37
f 30/42/42 28/38/38 25/40/40
f 31/43/43 30/42/42 25/40/40
f 27/36/36 31/44/44 25/37/37
f 33/45/45 34/46/46 32/47/47
f 35/48/48 36/49/49 32/47/47
f 34/46/46 37/50/50 32/47/47
f 36/49/49 33/45/45 32/47/47
f 37/50/50 35/48/48 32/47/47
f 39/51/51 40/52/52 38/53/53
f 41/54/54 42/55/55 38/53/53
f 42/55/55 43/56/56 38/53/53
f 44/57/57 41/54/54 38/53/53
f 40/52/52 44/57/57 38/53/53
f 43/56/56 39/51/51 38/53/53
f 46/58/58 47/59/59 45/60/60
f 48/61/61 49/62/62 45/60/60
f 50/63/63 48/61/61 45/60/60
f 51/64/64 52/65/65 45/60/60
f 47/59/59 50/63/63 45/60/60
f 52/65/65 46/58/58 45/60/60
f 49/62/62 51/64/64 45/60/60
f 54/66/66 55/67/67 53/68/68
f 55/67/67 56/69/69 53/68/68
f 57/70/70 58/71/71 53/68/68
f 59/72/72 54/73/73 53/74/74
f 58/75/75 59/72/72 53/74/74
f 56/69/69 57/70/70 53/68/68
f 61/76/76 62/77/77 60/78/78
f 63/79/79 64/80/80 60/78/78
f 64/80/80 61/76/76 60/78/78
f 65/81/81 63/79/79 60/78/78
f 62/77/77 66/82/82 60/78/78
f 66/82/82 65/81/81 60/78/78
f 68/83/83 69/84/84 67/85/85
f 70/86/86 68/83/83 67/85/85
f 71/87/87 72/88/88 67/85/85
f 73/89/89 70/86/86 67/85/85
f 72/88/88 73/89/89 67/85/85
f 69/84/84 71/87/87 67/85/85
f 75/90/90 76/91/91 74/92/92
f 77/93/93 78/94/94 74/92/92
f 78/94/94 9/95/95 74/92/92
f 79/96/96 77/93/93 74/92/92
f 9/95/95 75/90/90 74/92/92
f 76/91/91 79/96/96 74/92/92
f 81/97/97 82/98/98 80/99/99
f 83/100/100 81/101/101 80/102/102
f 84/103/103 85/104/104 80/102/102
f 85/104/104 83/100/100 80/102/102
f 82/105/105 84/106/105 80/107/105
f 87/108/106 88/109/107 86/110/108
f 89/111/109 90/112/110 86/110/108
f 90/112/110 87/108/106 86/110/108
f 88/109/107 91/113/111 86/110/108
f 91/113/111 89/111/109 86/110/108
f 93/114/112 94/115/113 92/116/114
f 95/117/115 96/118/116 92/119/117
f 97/120/118 95/121/119 92/116/114
f 94/115/113 98/122/120 92/116/114
f 98/122/120 97/120/118 92/116/114
f 96/118/116 99/123/121 92/119/117
f 99/124/122 93/114/112 92/116/114
f 101/125/123 102/126/124 100/127/125
f 103/128/126 101/125/123 100/127/125
f 102/126/124 104/129/127 100/127/125
f 105/130/128 106/131/129 100/127/125
f 104/129/127 105/130/128 100/127/125
f 106/131/129 103/128/126 100/127/125
f 108/132/130 109/133/131 107/134/132
f 109/135/133 110/136/134 107/137/135
f 111/138/136 112/139/137 107/140/138
f 110/136/134 113/141/139 107/137/135
f 113/142/140 111/143/141 107/144/142
f 114/145/143 108/146/144 107/140/138
f 112/139/137 114/145/143 107/140/138
f 116/147/145 117/148/146 115/149/147
f 118/150/148 119/151/149 115/152/150
f 119/153/151 120/154/152 115/155/152
f 121/156/153 118/157/154 115/149/147
f 120/154/152 116/158/155 115/155/152
f 117/148/146 121/156/153 115/149/147
f 123/159/156 124/160/157 122/161/158
f 125/162/159 126/163/160 122/164/161
f 127/165/162 128/166/163 122/161/158
f 124/160/157 125/167/164 122/161/158
f 126/163/160 127/168/165 122/164/161
f 129/169/166 123/159/156 122/161/158
f 128/166/163 129/169/166 122/161/158
f 131/170/167 132/171/168 130/172/169
f 132/173/170 133/174/171 130/175/171
f 133/174/171 134/176/172 130/175/171
f 134/177/173 131/170/167 130/172/169
f 136/178/174 137/179/175 135/180/176
f 138/181/177 139/182/178 135/180/176
f 137/179/175 140/183/179 135/180/176
f 139/182/178 141/184/180 135/180/176
f 141/184/180 136/178/174 135/180/176
f 140/183/179 138/181/177 135/180/176
f 143/185/181 144/186/182 142/187/183
f 145/188/184 146/189/185 142/187/183
f 144/186/182 147/190/186 142/187/183
f 147/190/186 145/188/184 142/187/183
f 146/189/185 143/185/181 142/187/183
f 149/191/187 150/192/188 148/193/189
f 150/192/188 151/194/190 148/193/189
f 152/195/191 153/196/192 148/193/189
f 154/197/193 155/198/194 148/193/189
f 156/199/195 154/197/193 148/193/189
f 153/196/192 149/191/187 148/193/189
f 151/194/190 156/199/195 148/193/189
f 155/198/194 152/195/191 148/193/189
f 158/200/196 159/201/197 157/202/198
f 160/203/199 158/204/200 157/205/201
f 159/201/197 161/206/202 157/202/198
f 162/207/203 160/203/199 157/205/201
f 163/208/204 162/207/203 157/205/201
f 161/206/202 163/209/205 157/202/198
f 165/210/206 166/211/207 164/212/208
f 167/213/209 168/214/210 164/215/211
f 166/216/212 169/217/213 164/215/211
f 169/217/213 167/213/209 164/215/211
f 168/214/210 170/218/214 164/215/211
f 170/219/215 165/210/206 164/212/208
f 172/220/216 173/221/217 171/222/218
f 174/223/219 175/224/220 171/222/218
f 176/225/221 172/220/216 171/222/218
f 175/224/220 177/226/222 171/222/218
f 177/226/222 176/225/221 171/222/218
f 173/221/217 174/223/219 171/222/218
f 179/227/223 180/228/224 178/229/225
f 181/230/226 182/231/227 178/232/228
f 183/233/229 181/230/226 178/232/228
f 182/234/230 179/227/223 178/229/225
f 184/235/231 183/233/229 178/232/228
f 180/236/232 184/235/231 178/232/228
f 186/237/233 187/238/234 185/239/235
f 188/240/236 189/241/237 185/242/238
f 190/243/239 191/244/240 185/239/235
f 191/244/240 188/245/241 185/239/235
f 189/246/242 186/237/233 185/239/235
f 187/238/234 190/243/239 185/239/235
f 193/247/243 194/248/244 192/249/245
f 195/250/246 196/251/247 192/252/248
f 194/253/249 195/250/246 192/252/248
f 197/254/250 193/255/251 192/252/248
f 198/256/252 197/254/250 192/252/248
f 196/251/247 198/256/252 192/252/248
f 200/257/253 201/258/254 199/259/255
f 201/258/254 202/260/256 199/259/255
f 203/261/257 204/262/258 199/263/259
f 205/264/260 200/257/253 199/259/255
f 202/265/261 203/261/257 199/263/259
f 204/266/262 206/267/263 199/259/255
f 206/267/263 205/264/260 199/259/255
f 208/268/264 209/269/265 207/270/266
f 209/269/265 210/271/267 207/270/266
f 211/272/268 212/273/269 207/274/270
f 210/275/271 211/272/268 207/274/270
f 212/273/269 213/276/272 207/274/270
f 213/276/272 208/277/273 207/274/270
f 215/278/274 216/279/275 214/280/276
f 216/279/275 217/281/277 214/280/276
f 217/281/277 218/282/278 214/280/276
f 219/283/279 215/278/274 214/280/276
f 220/284/280 219/283/279 214/280/276
f 218/285/281 220/286/282 214/287/283
f 222/288/284 223/289/285 221/290/286
f 224/291/287 222/288/284 221/290/286
f 225/292/288 226/293/289 221/294/290
f 226/295/291 224/291/287 221/290/286
f 223/296/292 225/292/288 221/294/290
f 228/297/293 229/298/294 227/299/295
f 229/298/294 230/300/296 227/299/295
f 231/301/297 228/302/298 227/303/299
f 232/304/300 231/305/301 227/306/302
f 233/307/303 232/304/300 227/306/302
f 230/308/304 233/307/303 227/306/302
f 235/309/305 236/310/306 234/311/307
f 237/312/308 238/313/309 234/311/307
f 239/314/310 237/312/308 234/311/307
f 238/313/309 235/309/305 234/311/307
f 236/310/306 239/314/310 234/311/307
f 241/315/311 242/316/312 240/317/313
f 243/318/314 6/6/6 240/319/315
f 244/320/316 243/321/317 240/317/313
f 5/322/318 241/323/319 240/324/320
f 242/316/312 244/320/316 240/317/313
f 6/6/6 5/5/5 240/319/315
f 246/325/321 247/326/322 245/327/323
f 248/328/324 246/329/324 245/330/324
f 249/331/325 250/332/326 245/327/323
f 247/326/322 249/331/325 245/327/323
f 250/332/326 251/333/327 245/327/323
f 251/333/327 248/334/328 245/327/323
f 253/335/329 254/336/330 252/337/331
f 255/338/332 256/339/333 252/337/331
f 257/340/334 255/338/332 252/337/331
f 256/339/333 253/335/329 252/337/331
f 254/341/335 258/342/336 252/343/337
f 258/342/336 257/344/338 252/343/337
f 259/345/339 260/346/340 149/191/187
f 261/347/341 150/348/342 149/349/343
f 153/196/192 259/345/339 149/191/187
f 260/350/344 261/347/341 149/349/343
f 263/351/345 264/352/346 262/353/347
f 265/354/348 266/355/349 262/356/350
f 264/352/346 267/357/351 262/353/347
f 267/358/352 268/359/353 262/356/350
f 268/359/353 265/354/348 262/356/350
f 266/360/354 263/351/345 262/353/347
f 270/361/355 271/362/356 269/363/357
f 272/364/358 273/365/359 269/366/360
f 274/367/361 272/364/358 269/366/360
f 275/368/362 274/369/363 269/370/364
f 271/362/356 276/371/365 269/363/357
f 273/365/359 270/372/366 269/366/360
f 276/371/365 275/373/367 269/363/357
f 278/374/368 279/375/369 277/376/370
f 280/377/371 281/378/372 277/376/370
f 281/378/372 282/379/373 277/376/370
f 283/380/374 278/374/368 277/376/370
f 279/375/369 280/377/371 277/376/370
f 282/379/373 283/380/374 277/376/370
f 285/381/375 286/382/376 284/383/377
f 287/384/378 288/385/379 284/383/377
f 286/382/376 289/386/380 284/383/377
f 288/385/379 290/387/381 284/383/377
f 290/387/381 285/381/375 284/383/377
f 289/386/380 287/384/378 284/383/377
f 292/388/382 293/389/383 291/390/384
f 294/391/385 295/392/386 291/393/387
f 293/394/388 296/395/389 291/393/387
f 295/396/390 292/388/382 291/390/384
f 297/397/391 294/391/385 291/393/387
f 296/395/389 297/397/391 291/393/387
f 243/321/317 244/320/316 298/398/392
f 299/399/393 300/400/394 298/401/395
f 244/320/316 301/402/396 298/398/392
f 300/403/397 243/321/317 298/398/392
f 301/404/398 299/405/398 298/406/398
f 303/407/399 304/408/400 302/409/401
f 305/410/402 306/411/403 302/409/401
f 306/411/403 307/412/404 302/409/401
f 304/408/400 305/410/402 302/409/401
f 307/412/404 303/407/399 302/409/401
f 309/413/405 310/414/406 308/415/407
f 311/416/408 312/417/409 308/415/407
f 313/418/410 309/413/405 308/415/407
f 312/417/409 313/418/410 308/415/407
f 314/419/411 311/416/408 308/415/407
f 310/414/406 314/419/411 308/415/407
f 316/420/412 317/421/413 315/422/414
f 318/423/415 319/424/416 315/425/417
f 320/426/418 318/423/415 315/425/417
f 319/424/416 321/427/419 315/425/417
f 317/428/420 320/429/421 315/430/422
f 321/431/423 316/420/412 315/422/414
f 323/432/424 324/433/425 322/434/426
f 325/435/427 323/432/424 322/434/426
f 326/436/428 327/437/429 322/434/426
f 328/438/430 326/436/428 322/434/426
f 327/437/429 325/435/427 322/434/426
f 324/433/425 328/438/430 322/434/426
f 330/439/431 61/76/76 329/440/432
f 331/441/433 332/442/434 329/443/435
f 61/444/436 64/445/437 329/443/435
f 333/446/438 334/447/439 329/448/440
f 335/449/441 333/446/438 329/448/440
f 336/450/442 331/441/433 329/443/435
f 334/451/443 337/452/444 329/453/445
f 64/445/437 336/450/442 329/443/435
f 332/454/446 335/449/441 329/448/440
f 337/455/447 330/439/431 329/440/432
f 339/456/448 340/457/449 338/458/450
f 341/459/451 342/460/452 338/461/453
f 261/347/341 339/456/448 338/458/450
f 342/462/454 261/347/341 338/458/450
f 340/463/455 341/459/451 338/461/453
f 344/464/456 345/465/457 343/466/458
f 346/467/459 347/468/460 343/469/461
f 345/465/457 348/470/462 343/466/458
f 347/468/460 344/471/463 343/469/461
f 348/470/462 346/472/464 343/466/458
f 349/473/465 27/474/466 26/475/467
f 29/41/41 350/476/468 26/35/35
f 351/477/469 349/473/465 26/475/467
f 350/476/468 351/478/470 26/35/35
f 353/479/471 354/480/472 352/481/473
f 355/482/474 356/483/475 352/484/476
f 357/485/477 355/482/474 352/484/476
f 356/486/478 353/479/471 352/481/473
f 354/480/472 357/487/479 352/481/473
f 359/488/480 360/489/480 358/490/480
f 361/491/481 362/492/482 358/493/483
f 360/494/484 361/491/485 358/493/486
f 364/495/487 365/496/488 363/497/489
f 365/498/490 366/499/491 363/500/492
f 366/499/491 367/501/493 363/500/492
f 368/502/494 364/503/495 363/500/492
f 367/501/493 368/502/494 363/500/492
f 370/504/496 371/505/497 369/506/498
f 372/507/499 370/504/496 369/506/498
f 374/508/500 375/509/501 373/510/502
f 376/511/503 377/512/504 373/510/502
f 375/509/501 376/511/503 373/510/502
f 378/513/505 374/508/500 373/510/502
f 379/514/506 378/513/505 373/510/502
f 377/512/504 379/514/506 373/510/502
f 381/515/507 382/516/508 380/517/509
f 383/518/510 384/519/511 380/517/509
f 382/516/508 385/520/512 380/517/509
f 385/520/512 383/518/510 380/517/509
f 384/519/511 381/515/507 380/517/509
f 387/521/513 388/522/514 386/523/515
f 389/524/516 390/525/517 386/523/515
f 388/522/514 391/526/518 386/523/515
f 391/526/518 389/524/516 386/523/515
f 392/527/519 387/521/513 386/523/515
f 390/525/517 392/527/519 386/523/515
f 394/528/520 395/529/521 393/530/522
f 396/531/523 397/532/524 393/533/525
f 398/534/526 396/535/527 393/530/522
f 395/529/521 398/534/526 393/530/522
f 397/536/528 394/528/520 393/530/522
f 75/90/90 400/537/529 399/538/530
f 400/537/529 401/539/531 399/538/530
f 402/540/532 76/91/91 399/538/530
f 403/541/533 404/542/534 399/543/535
f 404/544/536 402/540/532 399/538/530
f 401/545/537 403/541/533 399/543/535
f 76/91/91 75/90/90 399/538/530
f 406/546/538 407/547/539 405/548/540
f 408/549/541 409/550/542 405/548/540
f 409/550/542 406/546/538 405/548/540
f 411/551/543 412/552/544 410/553/545
f 413/554/546 414/555/547 410/553/545
f 357/556/548 413/557/549 410/558/550
f 412/559/551 357/556/548 410/558/550
f 414/555/547 411/551/543 410/553/545
f 416/560/552 417/561/553 415/562/554
f 417/563/555 418/564/556 415/565/557
f 419/566/558 420/567/558 415/568/558
f 418/564/556 419/569/559 415/565/557
f 420/570/560 416/571/561 415/572/562
f 421/573/563 187/574/564 186/575/565
f 189/241/237 422/576/566 186/577/567
f 423/578/568 421/579/569 186/580/570
f 422/581/571 423/578/568 186/580/570
f 425/582/572 426/583/573 424/584/574
f 426/585/575 427/586/576 424/587/577
f 427/588/578 428/589/579 424/584/574
f 428/589/579 425/582/572 424/584/574
f 430/590/580 176/591/581 429/592/582
f 431/593/583 432/594/584 429/592/582
f 176/591/581 433/595/585 429/592/582
f 433/595/585 431/593/583 429/592/582
f 432/594/584 430/590/580 429/592/582
f 435/596/586 436/597/587 434/598/588
f 436/599/589 437/600/590 434/601/591
f 437/600/590 438/602/592 434/601/591
f 439/603/593 435/596/586 434/598/588
f 440/604/592 439/603/593 434/598/588
f 438/605/594 440/606/595 434/607/592
f 283/380/374 441/608/596 278/374/368
f 441/608/596 442/609/597 278/374/368
f 442/609/597 279/375/369 278/374/368
f 15/22/22 443/610/598 13/19/19
f 443/610/598 444/611/599 13/19/19
f 444/611/599 445/612/600 13/19/19
f 445/612/600 14/20/20 13/19/19
f 447/613/601 133/614/602 446/615/603
f 448/616/604 449/617/605 446/615/603
f 450/618/606 448/616/604 446/615/603
f 449/617/605 447/613/601 446/615/603
f 133/614/602 451/619/607 446/615/603
f 451/619/607 450/618/606 446/615/603
f 453/620/608 454/621/609 452/622/610
f 454/623/611 455/624/612 452/625/613
f 456/626/614 453/620/608 452/622/610
f 457/627/615 456/628/616 452/625/613
f 455/624/612 458/629/617 452/625/613
f 458/629/617 457/627/615 452/625/613
f 460/630/618 461/631/619 459/632/620
f 462/633/621 460/630/618 459/632/620
f 461/631/619 463/634/622 459/632/620
f 464/635/623 462/633/621 459/632/620
f 463/634/622 464/635/623 459/632/620
f 466/636/624 467/637/625 465/638/626
f 468/639/627 466/640/628 465/641/629
f 467/637/625 469/642/630 465/638/626
f 470/643/631 471/644/632 465/641/629
f 469/642/630 470/645/633 465/638/626
f 471/644/632 468/639/627 465/641/629
f 473/646/634 474/647/635 472/648/636
f 474/649/637 475/650/638 472/651/639
f 476/652/640 473/653/641 472/654/642
f 475/655/643 476/656/644 472/657/645
f 193/247/243 197/658/646 477/659/647
f 478/660/648 479/661/649 477/662/650
f 197/663/651 478/664/652 477/665/653
f 480/666/654 481/667/655 477/659/647
f 481/667/655 193/247/243 477/659/647
f 479/668/656 480/669/657 477/670/658
f 483/671/659 484/672/660 482/673/661
f 485/674/662 486/675/663 482/673/661
f 487/676/664 485/674/662 482/673/661
f 484/672/660 487/676/664 482/673/661
f 486/675/663 488/677/665 482/673/661
f 488/678/666 483/679/667 482/680/668
f 39/51/51 490/681/669 489/682/670
f 491/683/671 492/684/672 489/682/670
f 492/684/672 39/51/51 489/682/670
f 493/685/673 494/686/674 489/687/675
f 490/681/669 493/688/676 489/682/670
f 494/686/674 491/689/677 489/687/675
f 496/690/678 497/691/679 495/692/680
f 498/693/681 47/59/59 495/694/682
f 497/695/683 498/693/681 495/694/682
f 47/696/684 496/690/678 495/692/680
f 499/697/685 166/211/207 165/210/206
f 500/698/686 499/697/685 165/210/206
f 501/699/687 500/698/686 165/210/206
f 170/219/215 501/699/687 165/210/206
f 8/700/688 400/537/529 75/90/90
f 9/95/95 8/700/688 75/90/90
f 503/701/689 504/702/690 502/703/691
f 505/704/692 506/705/693 502/706/694
f 504/707/695 181/230/226 502/706/694
f 181/230/226 183/233/229 502/706/694
f 183/233/229 505/704/692 502/706/694
f 506/708/696 503/701/689 502/703/691
f 508/709/697 509/710/698 507/711/699
f 510/712/700 511/713/701 507/714/702
f 511/715/703 508/709/697 507/711/699
f 512/716/704 510/712/700 507/714/702
f 509/710/698 512/717/705 507/711/699
f 514/718/706 96/719/707 513/720/708
f 515/721/709 516/722/710 513/723/711
f 517/724/712 515/725/713 513/726/714
f 516/722/710 514/727/715 513/723/711
f 96/728/716 517/724/712 513/726/714
f 518/729/717 519/730/718 303/731/719
f 520/732/720 518/733/721 303/407/399
f 519/734/722 304/408/400 303/407/399
f 307/412/404 520/732/720 303/407/399
f 522/735/723 523/736/724 521/737/725
f 523/736/724 524/738/726 521/737/725
f 525/739/727 526/740/728 521/737/725
f 527/741/729 522/735/723 521/737/725
f 524/738/726 525/739/727 521/737/725
f 526/740/728 527/741/729 521/737/725
f 529/742/730 134/743/731 528/744/732
f 133/614/602 530/745/733 528/744/732
f 134/743/731 133/614/602 528/744/732
f 530/745/733 529/742/730 528/744/732
f 532/746/734 533/747/735 531/748/736
f 534/749/737 535/750/738 531/748/736
f 536/751/739 534/749/737 531/748/736
f 533/747/735 536/751/739 531/748/736
f 535/750/738 537/752/740 531/748/736
f 537/752/740 532/746/734 531/748/736
f 87/108/106 539/753/741 538/754/742
f 539/753/741 540/755/743 538/754/742
f 540/756/744 541/757/745 538/758/746
f 542/759/747 543/760/748 538/754/742
f 541/761/749 542/759/747 538/754/742
f 543/760/748 87/108/106 538/754/742
f 545/762/750 546/763/751 544/764/752
f 547/765/753 548/766/754 544/767/755
f 546/768/755 549/769/756 544/767/755
f 548/770/757 545/762/750 544/764/752
f 549/769/756 547/765/753 544/767/755
f 551/771/758 552/772/759 550/773/759
f 553/774/760 554/775/761 550/776/762
f 555/777/763 551/778/763 550/779/764
f 552/772/759 553/780/765 550/773/759
f 557/781/766 558/782/767 556/783/768
f 559/784/769 560/785/770 556/783/768
f 561/786/771 557/781/766 556/783/768
f 558/782/767 559/784/769 556/783/768
f 560/785/770 562/787/772 556/783/768
f 562/787/772 561/786/771 556/783/768
f 201/788/773 564/789/774 563/790/775
f 336/450/442 565/791/776 563/790/775
f 564/789/774 566/792/777 563/790/775
f 566/792/777 336/450/442 563/790/775
f 565/791/776 201/788/773 563/790/775
f 568/793/778 300/400/394 567/794/779
f 569/795/780 570/796/781 567/797/782
f 299/399/393 569/798/783 567/794/779
f 570/796/781 571/799/784 567/797/782
f 300/400/394 299/399/393 567/794/779
f 571/799/784 568/800/785 567/797/782
f 573/801/786 574/802/787 572/803/788
f 575/804/789 106/805/790 572/806/791
f 576/807/792 575/804/789 572/806/791
f 577/808/793 573/801/786 572/803/788
f 106/805/790 577/809/794 572/806/791
f 574/802/787 576/810/795 572/803/788
f 579/811/796 580/812/797 578/813/798
f 581/814/799 582/815/800 578/813/798
f 580/812/797 583/816/801 578/813/798
f 584/817/802 579/811/796 578/813/798
f 582/815/800 585/818/803 578/813/798
f 585/818/803 584/817/802 578/813/798
f 583/816/801 581/814/799 578/813/798
f 587/819/804 588/820/805 586/821/806
f 589/822/807 590/823/808 586/824/809
f 591/825/810 589/826/811 586/827/812
f 592/828/813 587/819/804 586/821/806
f 593/829/814 594/830/815 586/824/809
f 594/831/816 592/828/813 586/821/806
f 590/823/808 593/829/814 586/824/809
f 588/832/817 591/833/818 586/834/819
f 596/835/820 597/836/820 595/837/820
f 598/838/821 599/839/822 595/840/823
f 600/841/824 598/842/825 595/843/826
f 597/844/827 600/841/824 595/843/826
f 601/845/828 596/846/829 595/847/830
f 602/848/831 601/845/828 595/847/830
f 599/839/822 602/849/832 595/840/823
f 603/850/833 604/851/834 263/351/345
f 605/852/835 264/352/346 263/351/345
f 604/851/834 605/852/835 263/351/345
f 266/360/354 603/850/833 263/351/345
f 607/853/836 608/854/837 606/855/838
f 609/856/839 610/857/840 606/855/838
f 610/857/840 611/858/841 606/855/838
f 608/854/837 609/856/839 606/855/838
f 611/858/841 607/853/836 606/855/838
f 613/859/842 614/860/843 612/861/844
f 615/862/845 613/859/842 612/861/844
f 616/863/846 617/864/847 612/865/848
f 617/864/847 615/866/849 612/865/848
f 618/867/850 616/863/846 612/865/848
f 614/860/843 618/868/851 612/861/844
f 491/869/852 620/870/853 619/871/854
f 621/872/855 213/873/856 619/871/854
f 622/874/857 623/875/858 619/876/859
f 623/877/860 491/869/852 619/871/854
f 212/273/269 622/874/857 619/876/859
f 213/276/272 212/273/269 619/876/859
f 620/870/853 621/872/855 619/871/854
f 625/878/861 626/879/862 624/880/863
f 431/881/864 433/882/865 624/880/863
f 627/883/866 628/884/867 624/880/863
f 626/879/862 431/881/864 624/880/863
f 433/882/865 627/883/866 624/880/863
f 628/884/867 625/878/861 624/880/863
f 630/885/868 631/886/869 629/887/870
f 632/888/871 633/889/872 629/887/870
f 633/889/872 630/885/868 629/887/870
f 631/886/869 634/890/873 629/887/870
f 634/890/873 632/888/871 629/887/870
f 636/891/874 637/892/875 635/893/876
f 638/894/877 639/895/878 635/893/876
f 637/892/875 640/896/879 635/893/876
f 639/895/878 488/678/666 635/893/876
f 640/897/880 638/898/881 635/899/882
f 488/678/666 636/891/874 635/893/876
f 642/900/883 643/901/884 641/902/885
f 644/903/886 384/904/887 641/905/888
f 384/519/511 645/906/889 641/907/890
f 643/908/891 644/903/886 641/905/888
f 645/909/892 642/900/883 641/902/885
f 647/910/893 648/911/894 646/912/895
f 649/913/896 650/914/897 646/912/895
f 651/915/898 652/916/899 646/912/895
f 650/914/897 647/910/893 646/912/895
f 648/911/894 651/915/898 646/912/895
f 652/916/899 649/913/896 646/912/895
f 274/369/363 654/917/900 653/918/901
f 655/919/902 656/920/903 653/918/901
f 657/921/904 655/919/902 653/918/901
f 658/922/905 657/921/904 653/918/901
f 654/917/900 659/923/906 653/918/901
f 659/923/907 658/922/905 653/918/901
f 656/920/903 274/369/363 653/918/901
f 661/924/908 662/925/909 660/926/910
f 663/927/911 664/928/912 660/926/913
f 662/925/909 663/927/911 660/926/910
f 666/929/914 445/612/600 665/930/915
f 444/611/599 667/931/916 665/930/915
f 445/612/600 444/611/599 665/930/915
f 668/932/917 669/933/918 265/354/348
f 670/934/919 671/935/920 265/354/348
f 268/359/353 668/932/917 265/354/348
f 669/933/918 670/934/919 265/354/348
f 671/935/920 266/355/349 265/354/348
f 370/936/921 673/937/922 672/938/923
f 674/939/924 675/940/925 672/938/923
f 676/941/926 370/936/921 672/938/923
f 675/940/925 677/942/927 672/938/923
f 677/942/927 676/941/926 672/938/923
f 673/937/922 674/939/924 672/938/923
f 679/943/928 680/944/929 678/945/930
f 681/946/931 682/947/932 678/945/930
f 683/948/933 681/946/931 678/945/930
f 682/949/934 679/950/934 678/951/934
f 680/944/929 684/952/935 678/945/930
f 684/952/935 683/948/933 678/945/930
f 686/953/936 687/954/937 685/955/938
f 688/956/939 689/957/940 685/955/938
f 690/958/941 688/956/939 685/955/938
f 691/959/942 686/953/936 685/955/938
f 689/957/940 691/959/942 685/955/938
f 687/954/937 690/958/941 685/955/938
f 692/960/943 693/961/944 587/819/804
f 693/961/944 588/820/805 587/819/804
f 592/828/813 692/960/943 587/819/804
f 695/962/945 696/963/946 694/964/947
f 697/965/948 698/966/949 694/967/950
f 699/968/951 697/965/948 694/967/950
f 609/856/839 695/969/952 694/967/950
f 698/966/949 609/856/839 694/967/950
f 696/963/946 699/970/953 694/964/947
f 701/971/954 702/972/955 700/973/956
f 703/974/957 701/971/954 700/973/956
f 704/975/958 703/974/957 700/973/956
f 705/976/959 704/977/960 700/978/959
f 702/979/961 705/976/959 700/978/959
f 707/980/962 708/981/963 706/982/964
f 709/983/965 710/984/966 706/982/964
f 711/985/967 707/980/962 706/982/964
f 712/986/968 711/987/969 706/988/970
f 708/981/963 709/983/965 706/982/964
f 710/984/966 712/989/971 706/982/964
f 714/990/972 715/991/973 713/992/974
f 715/991/973 716/993/975 713/992/974
f 717/994/976 718/995/977 713/992/974
f 716/993/975 719/996/978 713/992/974
f 718/995/977 714/990/972 713/992/974
f 719/996/978 717/994/976 713/992/974
f 721/997/979 722/998/980 720/999/981
f 723/1000/982 724/1001/983 720/999/981
f 725/1002/984 721/997/979 720/999/981
f 722/998/980 726/1003/985 720/999/981
f 724/1001/983 725/1002/984 720/999/981
f 726/1003/985 723/1000/982 720/999/981
f 2/1/1 4/4/4 727/1004/986
f 728/1005/987 729/1006/988 727/1007/989
f 4/4/4 730/1008/990 727/1004/986
f 731/1009/991 728/1005/987 727/1007/989
f 730/1010/992 731/1009/991 727/1007/989
f 729/1011/993 2/1/1 727/1004/986
f 733/1012/994 734/1013/995 732/1014/996
f 735/1015/997 736/1016/998 732/1017/999
f 736/1016/998 737/1018/1000 732/1017/999
f 734/1013/995 738/1019/1001 732/1014/996
f 737/1020/1002 733/1012/994 732/1014/996
f 738/1021/1003 735/1015/997 732/1017/999
f 739/1022/1004 229/298/294 228/297/293
f 740/1023/1005 739/1022/1004 228/297/293
f 231/301/297 740/1024/1006 228/302/298
f 742/1025/1007 350/476/468 741/1026/1008
f 29/39/39 743/1027/1009 741/1028/1010
f 743/1027/1009 744/1029/1011 741/1028/1010
f 744/1029/1011 742/1030/1012 741/1028/1010
f 350/476/468 29/41/41 741/1026/1008
f 746/1031/1013 747/1032/1014 745/1033/1015
f 747/1032/1014 748/1034/1016 745/1033/1015
f 748/1034/1016 749/1035/1017 745/1033/1015
f 751/1036/1018 752/1037/1019 750/1038/1020
f 752/1037/1019 753/1039/1021 750/1038/1020
f 753/1039/1021 754/1040/1022 750/1038/1020
f 755/1041/1023 756/1042/1024 750/1038/1020
f 756/1042/1024 751/1036/1018 750/1038/1020
f 754/1040/1022 755/1041/1023 750/1038/1020
f 758/1043/1025 759/1044/1026 757/1045/1027
f 760/1046/1028 761/1047/1029 757/1045/1027
f 762/1048/1030 763/1049/1031 757/1045/1027
f 764/1050/1032 762/1051/1033 757/1052/1034
f 763/1049/1031 758/1043/1025 757/1045/1027
f 759/1044/1026 760/1046/1028 757/1045/1027
f 761/1053/1035 764/1050/1032 757/1052/1034
f 766/1054/1036 767/1055/1037 765/1056/1038
f 768/1057/1039 677/942/927 765/1056/1038
f 769/1058/1040 766/1054/1036 765/1056/1038
f 767/1059/1041 768/1060/1041 765/1061/1041
f 675/940/925 769/1058/1040 765/1056/1038
f 677/942/927 675/940/925 765/1056/1038
f 771/1062/1042 542/1063/1043 770/1064/1044
f 542/1063/1043 541/1065/1045 770/1064/1044
f 772/1066/1046 771/1062/1042 770/1064/1044
f 541/757/745 773/1067/1047 770/1068/1048
f 773/1067/1047 772/1069/1049 770/1068/1048
f 775/1070/1050 776/1071/1051 774/1072/1052
f 777/1073/1053 778/1074/1054 774/1075/1055
f 776/1071/1051 779/1076/1056 774/1072/1052
f 778/1074/1054 775/1077/1057 774/1075/1055
f 779/1078/1058 777/1073/1053 774/1075/1055
f 368/502/494 780/1079/1059 364/503/495
f 781/1080/1060 365/496/488 364/495/487
f 780/1081/1061 781/1080/1060 364/495/487
f 783/1082/1062 784/1083/1063 782/1084/1064
f 785/1085/1065 786/1086/1066 782/1084/1064
f 784/1083/1063 787/1087/1067 782/1084/1064
f 787/1087/1067 785/1085/1065 782/1084/1064
f 786/1086/1066 788/1088/1068 782/1084/1064
f 788/1088/1068 783/1082/1062 782/1084/1064
f 789/1089/1069 614/1090/1070 613/1091/1071
f 615/862/845 790/1092/1072 613/859/842
f 791/1093/1073 789/1089/1069 613/1091/1071
f 790/1092/1072 791/1094/1074 613/859/842
f 729/1011/993 3/2/2 2/1/1
f 793/1095/1075 794/1096/1076 792/1097/1077
f 795/1098/1078 796/1099/1079 792/1097/1077
f 797/1100/1080 798/1101/1081 792/1097/1077
f 798/1101/1081 793/1095/1075 792/1097/1077
f 794/1096/1076 795/1098/1078 792/1097/1077
f 796/1099/1079 797/1100/1080 792/1097/1077
f 800/1102/1082 801/1103/1083 799/1104/1084
f 802/1105/1085 800/1102/1082 799/1104/1084
f 803/1106/1086 804/1107/1087 799/1104/1084
f 805/1108/1088 802/1105/1085 799/1104/1084
f 804/1107/1087 805/1108/1088 799/1104/1084
f 801/1103/1083 803/1106/1086 799/1104/1084
f 807/1109/1089 401/1110/1090 806/1111/1091
f 400/1112/1092 3/16/16 806/1111/1091
f 729/1113/1093 807/1114/1093 806/1115/1093
f 401/1110/1090 400/1112/1092 806/1111/1091
f 3/16/16 729/1116/1094 806/1111/1091
f 735/1015/997 504/702/690 503/701/689
f 736/1016/998 735/1015/997 503/701/689
f 506/1117/1095 808/1118/1096 503/1119/1097
f 808/1118/1096 809/1120/1098 503/1119/1097
f 809/1120/1098 736/1121/1099 503/1119/1097
f 649/913/896 811/1122/1100 810/1123/1101
f 293/1124/1102 812/1125/1103 810/1126/1104
f 811/1127/1105 296/395/389 810/1128/1106
f 812/1125/1103 650/1129/1107 810/1126/1104
f 650/914/897 649/913/896 810/1123/1101
f 296/1130/1108 293/1131/1108 810/1132/1108
f 814/1133/1109 815/1134/1110 813/1135/1111
f 816/1136/1112 817/1137/1113 813/1138/1114
f 818/1139/1115 816/1136/1112 813/1138/1114
f 819/1140/1116 814/1141/1117 813/1138/1114
f 817/1137/1113 819/1140/1116 813/1138/1114
f 815/1142/1118 818/1139/1115 813/1138/1114
f 821/1143/1119 822/1144/1120 820/1145/1121
f 822/1144/1122 823/1146/1123 820/1145/1121
f 824/1147/1124 821/1148/1125 820/1149/1126
f 825/1150/1127 826/1151/1128 751/1036/1018
f 826/1151/1128 752/1037/1019 751/1036/1018
f 756/1042/1024 825/1150/1127 751/1036/1018
f 828/1152/1129 829/1153/1130 827/1154/1131
f 829/1155/1132 830/1156/1133 827/1157/1134
f 529/742/730 530/745/733 827/1154/1131
f 830/1158/1135 529/742/730 827/1154/1131
f 530/745/733 828/1152/1129 827/1154/1131
f 456/626/614 831/1159/1136 453/620/608
f 831/1159/1136 832/1160/1137 453/620/608
f 832/1160/1137 833/1161/1138 453/620/608
f 833/1161/1138 454/621/609 453/620/608
f 87/108/106 835/1162/1139 834/1163/1140
f 836/1164/1141 91/1165/1142 834/1166/1143
f 837/1167/1144 836/1164/1141 834/1166/1143
f 835/1168/1145 837/1167/1144 834/1166/1143
f 88/109/107 87/108/106 834/1163/1140
f 91/1165/1142 88/1169/1146 834/1166/1143
f 839/1170/1147 840/1171/1148 838/1172/1149
f 840/1171/1148 841/1173/1150 838/1172/1149
f 841/1173/1150 842/1174/1151 838/1172/1149
f 844/1175/1152 845/1176/1153 843/1177/1154
f 846/1178/1155 847/1179/1156 843/1177/1154
f 845/1176/1153 846/1178/1155 843/1177/1154
f 847/1179/1156 848/1180/1157 843/1177/1154
f 849/1181/1158 844/1175/1152 843/1177/1154
f 848/1180/1157 849/1181/1158 843/1177/1154
f 851/1182/1159 852/1183/1160 850/1184/1161
f 853/1185/1162 854/1186/1163 850/1187/1164
f 854/1188/1165 851/1182/1159 850/1184/1166
f 856/1189/1167 857/1190/1168 855/1191/1169
f 858/1192/1170 487/1193/1171 855/1191/1169
f 857/1190/1168 859/1194/1172 855/1191/1169
f 487/1195/1173 860/1196/1174 855/1197/1175
f 860/1198/1176 856/1189/1167 855/1191/1169
f 861/1199/1177 858/1192/1170 855/1191/1169
f 859/1194/1172 861/1199/1177 855/1191/1169
f 492/684/672 40/52/52 39/51/51
f 43/56/56 490/681/669 39/51/51
f 5/322/318 7/1200/1178 241/323/319
f 7/1200/1178 862/1201/1179 241/323/319
f 862/1201/1179 863/1202/1180 241/323/319
f 863/1202/1180 242/1203/1181 241/323/319
f 633/1204/1182 864/1205/1183 630/1206/1184
f 864/1205/1183 865/1207/1185 630/1206/1184
f 865/1207/1185 631/1208/1186 630/1206/1184
f 867/1209/1187 868/1210/1188 866/1211/1189
f 868/1210/1188 869/1212/1190 866/1211/1189
f 869/1212/1190 870/1213/1191 866/1211/1189
f 870/1213/1191 871/1214/1192 866/1211/1189
f 871/1214/1192 867/1209/1187 866/1211/1189
f 873/1215/1193 874/1216/1194 872/1217/1195
f 875/1218/1196 382/516/508 872/1219/1197
f 381/515/507 873/1220/1198 872/1219/1197
f 382/516/508 381/515/507 872/1219/1197
f 876/1221/1199 875/1218/1196 872/1219/1197
f 874/1216/1194 876/1222/1200 872/1217/1195
f 172/1223/1201 176/591/581 430/590/580
f 877/1224/1202 172/1223/1201 430/590/580
f 878/1225/1203 879/1226/1204 430/590/580
f 432/594/584 878/1225/1203 430/590/580
f 879/1226/1204 877/1224/1202 430/590/580
f 881/1227/1205 882/1228/1206 880/1229/1207
f 883/1230/1208 884/1231/1209 880/1229/1207
f 885/1232/1210 886/1233/1211 880/1229/1207
f 887/1234/1212 881/1227/1205 880/1229/1207
f 886/1233/1211 888/1235/1213 880/1229/1207
f 889/1236/1214 890/1237/1215 880/1229/1207
f 882/1228/1206 885/1232/1210 880/1229/1207
f 890/1237/1215 883/1230/1208 880/1229/1207
f 888/1235/1213 889/1236/1214 880/1229/1207
f 884/1231/1209 887/1234/1212 880/1229/1207
f 892/1238/1216 442/1239/1217 891/1240/1218
f 893/1241/1219 894/1242/1220 891/1240/1218
f 895/1243/1221 892/1238/1216 891/1240/1218
f 896/1244/1222 895/1243/1221 891/1240/1218
f 894/1242/1220 897/1245/1223 891/1240/1218
f 898/1246/1224 893/1247/1225 891/1248/1226
f 897/1245/1223 896/1244/1222 891/1240/1218
f 442/1249/1227 898/1246/1224 891/1248/1226
f 259/345/339 900/1250/1228 899/1251/1229
f 901/1252/1230 902/1253/1231 899/1251/1229
f 902/1253/1231 98/1254/1232 899/1251/1229
f 98/122/120 903/1255/1233 899/1256/1234
f 900/1250/1228 901/1252/1230 899/1251/1229
f 903/1257/1235 259/345/339 899/1251/1229
f 905/1258/1236 906/1259/1237 904/1260/1238
f 906/1259/1237 907/1261/1239 904/1260/1238
f 908/1262/1240 905/1258/1236 904/1260/1238
f 909/1263/1241 908/1262/1240 904/1260/1238
f 910/1264/1242 911/1265/1243 904/1260/1238
f 911/1265/1243 909/1263/1241 904/1260/1238
f 907/1261/1239 910/1264/1242 904/1260/1238
f 913/1266/1244 914/1267/1245 912/1268/1246
f 916/1269/1247 917/1270/1248 915/1271/1249
f 918/1272/1250 919/1273/1251 915/1274/1252
f 920/1275/1253 921/1276/1254 915/1271/1249
f 919/1273/1251 922/1277/1255 915/1274/1252
f 921/1278/1256 918/1272/1250 915/1274/1252
f 917/1270/1248 920/1275/1253 915/1271/1249
f 922/1279/1257 916/1269/1247 915/1271/1249
f 924/1280/1258 925/1281/1259 923/1282/1260
f 229/1283/1261 739/1284/1262 923/1282/1260
f 739/1284/1262 926/1285/1263 923/1282/1260
f 926/1285/1263 924/1280/1258 923/1282/1260
f 925/1281/1259 927/1286/1264 923/1282/1260
f 927/1287/1265 229/298/294 923/1288/1266
f 929/1289/1267 930/1290/1268 928/1291/1269
f 931/1292/1270 932/1293/1271 928/1291/1272
f 932/1293/1271 929/1289/1273 928/1291/1272
f 933/1294/1274 931/1295/1275 928/1296/1276
f 935/1297/1277 936/1298/1278 934/1299/1279
f 936/1298/1278 937/1300/1280 934/1299/1279
f 938/1301/1281 939/1302/1282 934/1303/1283
f 939/1304/1284 935/1297/1277 934/1299/1279
f 937/1300/1280 938/1305/1285 934/1299/1279
f 686/1306/1286 941/1307/1287 940/1308/1288
f 942/1309/1289 943/1310/1290 940/1308/1288
f 753/1039/1021 944/1311/1291 940/1308/1288
f 941/1307/1287 753/1039/1021 940/1308/1288
f 944/1311/1291 942/1309/1289 940/1308/1288
f 943/1310/1290 686/1306/1286 940/1308/1288
f 946/1312/1292 947/1313/1293 945/1314/1294
f 947/1313/1293 948/1315/1295 945/1314/1294
f 949/1316/1296 950/1317/1297 945/1318/1298
f 948/1315/1295 949/1319/1299 945/1314/1294
f 951/1320/1300 946/1321/1301 945/1318/1298
f 950/1317/1297 951/1320/1300 945/1318/1298
f 953/1322/1302 954/1323/1303 952/1324/1304
f 457/627/615 955/1325/1305 952/1324/1304
f 956/1326/1306 953/1322/1302 952/1324/1304
f 954/1323/1303 957/1327/1307 952/1324/1304
f 955/1325/1305 956/1326/1306 952/1324/1304
f 957/1327/1307 457/627/615 952/1324/1304
f 959/1328/1308 960/1329/1309 958/1330/1310
f 961/1331/1311 962/1332/1312 958/1333/1313
f 962/1332/1312 963/1334/1314 958/1333/1313
f 963/1334/1314 959/1335/1315 958/1333/1313
f 960/1329/1309 961/1336/1316 958/1330/1310
f 965/1337/1317 966/1338/1318 964/1339/1319
f 211/1340/1320 967/1341/1321 964/1339/1319
f 966/1338/1318 211/1340/1320 964/1339/1319
f 967/1341/1321 548/766/754 964/1339/1319
f 548/766/754 965/1337/1317 964/1339/1319
f 712/1342/1322 969/1343/1323 968/1344/1324
f 969/1345/1325 970/1346/1326 968/1347/1327
f 971/1348/1328 972/1349/1329 968/1344/1324
f 970/1350/1330 973/1351/1331 968/1344/1324
f 972/1349/1329 712/1342/1322 968/1344/1324
f 973/1351/1331 971/1348/1328 968/1344/1324
f 394/528/520 975/1352/1332 974/1353/1333
f 975/1352/1332 976/1354/1334 974/1353/1333
f 395/529/521 394/528/520 974/1353/1333
f 978/1355/1335 979/1356/1336 977/1357/1337
f 616/1358/1338 618/1359/1339 977/1357/1337
f 980/1360/1340 981/1361/1341 977/1357/1337
f 618/1359/1339 980/1360/1340 977/1357/1337
f 979/1356/1336 616/1358/1338 977/1357/1337
f 981/1361/1341 978/1355/1335 977/1357/1337
f 983/1362/1342 984/1363/1343 982/1364/1344
f 985/1365/1345 986/1366/1346 982/1364/1344
f 987/1367/1347 983/1362/1342 982/1364/1344
f 984/1363/1343 988/1368/1348 982/1364/1344
f 986/1366/1346 987/1367/1347 982/1364/1344
f 988/1369/1349 985/1370/1350 982/1371/1351
f 990/1372/1352 991/1373/1353 989/1374/1354
f 992/1375/1355 993/1376/1356 989/1374/1354
f 991/1373/1353 994/1377/1357 989/1374/1354
f 994/1377/1357 911/1378/1358 989/1374/1354
f 993/1376/1356 990/1372/1352 989/1374/1354
f 910/1379/1359 992/1375/1355 989/1374/1354
f 911/1378/1358 910/1379/1359 989/1374/1354
f 995/1380/1360 417/561/553 416/560/552
f 996/1381/1361 997/1382/1362 416/1383/1363
f 998/1384/1364 996/1381/1361 416/1383/1363
f 420/570/560 998/1385/1365 416/571/561
f 997/1382/1362 995/1386/1366 416/1383/1363
f 1000/1387/1367 1001/1388/1368 999/1389/1369
f 1002/1390/1370 1003/1391/1371 999/1389/1369
f 1003/1391/1371 1004/1392/1372 999/1389/1369
f 1004/1392/1372 1000/1387/1367 999/1389/1369
f 1001/1388/1368 1005/1393/1373 999/1389/1369
f 1005/1393/1373 1002/1390/1370 999/1389/1369
f 1006/1394/1374 1007/1395/1375 425/582/572
f 428/589/579 1008/1396/1376 425/582/572
f 1008/1396/1376 1006/1394/1374 425/582/572
f 1007/1395/1375 426/583/573 425/582/572
f 1010/1397/1377 1011/1398/1378 1009/1399/1379
f 1012/1400/1380 1010/1397/1377 1009/1399/1379
f 1011/1398/1378 1013/1401/1381 1009/1399/1379
f 1014/1402/1382 1015/1403/1383 435/596/586
f 1016/1404/1384 1014/1402/1382 435/596/586
f 1015/1403/1383 436/597/587 435/596/586
f 1017/1405/1385 1016/1404/1384 435/596/586
f 439/603/593 1017/1405/1385 435/596/586
f 1019/1406/1386 1020/1407/1387 1018/1408/1388
f 1021/1409/1389 1022/1410/1390 1018/1408/1388
f 1020/1407/1387 1023/1411/1391 1018/1408/1388
f 1023/1411/1391 1021/1409/1389 1018/1408/1388
f 1024/1412/1392 1019/1406/1386 1018/1408/1388
f 1022/1410/1390 1024/1412/1392 1018/1408/1388
f 596/846/829 1026/1413/1393 1025/1414/1394
f 1026/1415/1395 1027/1416/1396 1025/1417/1397
f 920/1418/1398 1028/1419/1399 1025/1414/1394
f 1029/1420/1400 921/1278/1256 1025/1417/1397
f 1028/1419/1399 596/846/829 1025/1414/1394
f 1027/1416/1396 1029/1420/1400 1025/1417/1397
f 921/1421/1401 920/1418/1398 1025/1414/1394
f 1031/1422/1402 1032/1423/1403 1030/1424/1404
f 1032/1425/1405 1033/1426/1406 1030/1427/1407
f 1033/1426/1406 1034/1428/1408 1030/1427/1407
f 133/614/602 1031/1422/1402 1030/1424/1404
f 1034/1429/1409 133/614/602 1030/1424/1404
f 456/626/614 1036/1430/1410 1035/1431/1411
f 831/1159/1136 456/626/614 1035/1431/1411
f 226/1432/1412 580/812/797 1035/1433/1413
f 580/812/797 1037/1434/1414 1035/1433/1413
f 1036/1435/1415 1038/1436/1416 1035/1433/1413
f 1038/1436/1416 226/1432/1412 1035/1433/1413
f 1037/1434/1414 831/1437/1417 1035/1433/1413
f 1040/1438/1418 1041/1439/1419 1039/1440/1420
f 1041/1439/1419 1042/1441/1421 1039/1440/1420
f 389/1442/1422 1043/1443/1423 1039/1440/1420
f 1042/1441/1421 1044/1444/1424 1039/1440/1420
f 1044/1445/1425 389/524/516 1039/1446/1426
f 1043/1443/1423 1040/1438/1418 1039/1440/1420
f 1046/1447/1427 1047/1448/1428 1045/1449/1429
f 598/842/825 1048/1450/1430 1045/1451/1431
f 1049/1452/1432 1050/1453/1433 1045/1454/1434
f 1050/1453/1433 598/838/821 1045/1454/1434
f 1048/1450/1430 1046/1455/1435 1045/1451/1431
f 1047/1448/1428 1049/1456/1436 1045/1449/1429
f 1052/1457/1437 1053/1458/1438 1051/1459/1439
f 1054/1460/1440 1055/1461/1441 1051/1462/1442
f 1055/1461/1441 1056/1463/1443 1051/1462/1442
f 1053/1464/1444 1054/1465/1445 1051/1466/1446
f 1056/1467/1447 1052/1457/1437 1051/1459/1439
f 1058/1468/1448 479/661/649 1057/1469/1449
f 1059/1470/1450 1060/1471/1451 1057/1469/1449
f 479/661/649 1061/1472/1452 1057/1469/1449
f 1060/1471/1451 1058/1468/1448 1057/1469/1449
f 1061/1472/1452 1059/1470/1450 1057/1469/1449
f 1063/1473/1453 1064/1474/1454 1062/1475/1455
f 1064/1476/1456 1065/1477/1457 1062/1478/1458
f 1066/1479/1459 1063/1473/1453 1062/1475/1455
f 1067/1480/1460 1068/1481/1461 1062/1478/1458
f 1069/1482/1462 1066/1479/1459 1062/1475/1455
f 1065/1477/1457 1067/1480/1460 1062/1478/1458
f 1068/1483/1463 1069/1482/1462 1062/1475/1455
f 825/1484/1464 756/1485/1465 1070/1486/1466
f 1071/1487/1467 1072/1488/1468 1070/1486/1466
f 1073/1489/1469 1071/1487/1467 1070/1486/1466
f 1072/1488/1468 825/1484/1464 1070/1486/1466
f 756/1485/1465 1074/1490/1470 1070/1486/1466
f 1074/1490/1470 1073/1489/1469 1070/1486/1466
f 411/551/543 1076/1491/1471 1075/1492/1472
f 1077/1493/1473 411/551/543 1075/1492/1472
f 1078/1494/1474 626/1495/1475 1075/1492/1472
f 626/1495/1475 1077/1493/1473 1075/1492/1472
f 1076/1491/1471 1078/1494/1474 1075/1492/1472
f 224/291/287 168/214/210 222/288/284
f 1079/1496/1476 1080/1497/1477 222/288/284
f 1080/1497/1477 223/289/285 222/288/284
f 1081/1498/1478 1079/1496/1476 222/288/284
f 168/214/210 1081/1498/1478 222/288/284
f 1083/1499/1479 1084/1500/1480 1082/1501/1481
f 1085/1502/1482 1086/1503/1483 1082/1504/1484
f 1084/1500/1480 1087/1505/1485 1082/1501/1481
f 1087/1506/1486 1085/1502/1482 1082/1504/1484
f 1086/1503/1483 1083/1507/1487 1082/1504/1484
f 1088/1508/1488 993/1376/1356 188/1509/1489
f 191/244/240 1088/1510/1490 188/245/241
f 993/1376/1356 1089/1511/1491 188/1509/1489
f 1089/1512/1492 189/241/237 188/240/236
f 1091/1513/1493 1092/1514/1494 1090/1515/1495
f 852/1183/1160 1091/1513/1493 1090/1515/1495
f 1092/1514/1494 1093/1516/1496 1090/1515/1495
f 1094/1517/1497 960/1518/1497 959/1519/1497
f 963/1520/1498 1095/1521/1499 959/1522/1500
f 1095/1521/1499 1094/1523/1501 959/1522/1500
f 1097/1524/1502 1098/1525/1503 1096/1526/1504
f 621/872/855 1099/1527/1505 1096/1528/1506
f 1098/1529/1507 1100/1530/1508 1096/1528/1506
f 1100/1530/1508 621/872/855 1096/1528/1506
f 1101/1531/1509 1097/1524/1502 1096/1526/1504
f 1099/1532/1510 1101/1531/1509 1096/1526/1504
f 1103/1533/1511 693/1534/1512 1102/1535/1513
f 693/961/944 1104/1536/1514 1102/1537/1515
f 216/279/275 1105/1538/1516 1102/1539/1517
f 1106/1540/1518 1103/1541/1519 1102/1539/1517
f 1104/1542/1520 216/279/275 1102/1539/1517
f 1105/1538/1516 1106/1540/1518 1102/1539/1517
f 1108/1543/1521 1109/1544/1522 1107/1545/1523
f 1109/1546/1524 1110/1547/1525 1107/1548/1526
f 28/38/38 1111/1549/1527 1107/1548/1526
f 1112/1550/1528 28/38/38 1107/1548/1526
f 1111/1549/1527 1108/1551/1529 1107/1548/1526
f 744/1029/1011 1112/1550/1528 1107/1548/1526
f 1110/1547/1525 744/1029/1011 1107/1548/1526
f 1113/1552/1530 1114/1553/1531 374/508/500
f 1115/1554/1532 1113/1552/1530 374/508/500
f 378/513/505 1115/1554/1532 374/508/500
f 1114/1553/1531 375/509/501 374/508/500
f 1117/1555/1533 1118/1556/1534 1116/1557/1535
f 1119/1558/1536 1120/1559/1537 1116/1557/1535
f 1120/1559/1537 1117/1555/1533 1116/1557/1535
f 1121/1560/1538 1122/1561/1539 1116/1557/1535
f 1118/1556/1534 1123/1562/1540 1116/1557/1535
f 1122/1561/1539 1119/1558/1536 1116/1557/1535
f 1123/1562/1540 1121/1560/1538 1116/1557/1535
f 1125/1563/1541 366/499/491 1124/1564/1542
f 366/1565/1543 1126/1566/1544 1124/1567/1545
f 281/378/372 1127/1568/1546 1124/1569/1547
f 1128/1570/1548 1125/1563/1541 1124/1564/1542
f 1129/1571/1549 281/1572/1549 1124/1573/1549
f 1127/1568/1546 1128/1574/1550 1124/1569/1547
f 1126/1566/1544 1129/1575/1551 1124/1567/1545
f 1130/1576/1552 137/179/175 136/178/174
f 141/184/180 1131/1577/1553 136/178/174
f 1131/1577/1553 1130/1576/1552 136/178/174
f 728/1578/1554 1132/1579/1555 807/1580/1556
f 1132/1579/1555 1133/1581/1557 807/1580/1556
f 1133/1581/1557 401/1582/1558 807/1580/1556
f 729/1006/988 728/1005/987 807/1583/1559
f 14/20/20 1135/1584/1560 1134/1585/1561
f 1136/1586/1562 14/20/20 1134/1585/1561
f 1137/1587/1563 1138/1588/1564 1134/1589/1565
f 1135/1590/1566 1137/1587/1563 1134/1589/1565
f 1138/1588/1564 1139/1591/1567 1134/1589/1565
f 1139/1591/1567 1136/1592/1568 1134/1589/1565
f 1141/1593/1569 1142/1594/1570 1140/1595/1571
f 1143/1596/1572 878/1225/1203 1140/1597/1573
f 1144/1598/1574 1141/1599/1575 1140/1597/1573
f 1145/1600/1576 1143/1601/1577 1140/1602/1578
f 1142/1603/1579 1145/1600/1576 1140/1602/1578
f 878/1225/1203 1144/1598/1574 1140/1597/1573
f 325/435/427 58/1604/1580 323/432/424
f 1146/1605/1581 324/433/425 323/432/424
f 57/1606/1582 1146/1605/1581 323/432/424
f 58/1604/1580 57/1606/1582 323/432/424
f 1147/1607/1583 61/76/76 330/439/431
f 683/948/933 1147/1608/1584 330/1609/1585
f 337/452/444 683/948/933 330/1609/1585
f 1148/1610/1586 1149/1611/1587 68/1612/1588
f 70/86/86 1148/1613/1589 68/83/83
f 1149/1611/1587 69/1614/1590 68/1612/1588
f 514/727/715 1150/1615/1591 77/1616/1592
f 1150/1615/1591 78/1617/1593 77/1616/1592
f 79/96/96 1151/1618/1594 77/93/93
f 1151/1618/1594 514/718/706 77/93/93
f 249/331/325 1153/1619/1595 1152/1620/1596
f 1154/1621/1597 1155/1622/1598 1152/1620/1596
f 1156/1623/1599 1157/1624/1600 1152/1625/1601
f 1155/1622/1598 249/331/325 1152/1620/1596
f 1157/1624/1600 1154/1626/1602 1152/1625/1601
f 1153/1627/1603 1156/1623/1599 1152/1625/1601
f 1159/1628/1604 1160/1629/1605 1158/1630/1606
f 1161/1631/1607 1162/1632/1608 1158/1633/1609
f 1160/1634/1610 1161/1631/1607 1158/1633/1609
f 1162/1632/1608 254/341/335 1158/1633/1609
f 254/341/335 1163/1635/1611 1158/1633/1609
f 1163/1635/1611 1159/1636/1612 1158/1633/1609
f 1164/1637/1613 1165/1638/1614 1046/1447/1427
f 1166/1639/1615 1164/1637/1613 1046/1447/1427
f 1048/1450/1430 1166/1640/1616 1046/1455/1435
f 1165/1638/1614 1047/1448/1428 1046/1447/1427
f 1167/1641/1617 1168/1642/1618 264/1643/1619
f 1169/1644/1620 267/1645/1621 264/1643/1619
f 605/852/835 1167/1646/1622 264/352/346
f 1170/1647/1623 1169/1644/1620 264/1643/1619
f 1168/1642/1618 1170/1647/1623 264/1643/1619
f 248/1648/1624 888/1649/1625 246/1650/1626
f 886/1233/1211 1171/1651/1627 246/1652/1628
f 888/1653/1629 886/1654/1629 246/1655/1629
f 1171/1651/1627 247/1656/1630 246/1652/1628
f 1173/1657/1631 1174/1658/1632 1172/1659/1633
f 1175/1660/1634 1176/1661/1635 1172/1662/1636
f 1177/1663/1637 1173/1657/1631 1172/1659/1633
f 283/380/374 1177/1664/1638 1172/1662/1636
f 1176/1661/1635 283/380/374 1172/1662/1636
f 1174/1658/1632 1175/1665/1639 1172/1659/1633
f 840/1666/1640 1178/1667/1641 285/1668/1642
f 290/1669/1643 841/1670/1644 285/1668/1642
f 1179/1671/1645 286/382/376 285/381/375
f 1178/1667/1641 1179/1672/1646 285/1668/1642
f 841/1670/1644 840/1666/1640 285/1668/1642
f 603/850/833 266/360/354 1180/1673/1647
f 1181/1674/1648 1182/1675/1649 1180/1673/1647
f 1182/1675/1649 603/850/833 1180/1673/1647
f 1183/1676/1650 1181/1677/1651 1180/1678/1652
f 266/355/349 671/935/920 1180/1678/1652
f 671/935/920 1183/1676/1650 1180/1678/1652
f 1185/1679/1653 1186/1680/1654 1184/1681/1655
f 1187/1682/1656 1188/1683/1657 1184/1681/1655
f 1188/1683/1657 1189/1684/1658 1184/1681/1655
f 301/1685/1659 1185/1679/1653 1184/1681/1655
f 1190/1686/1660 1187/1682/1656 1184/1681/1655
f 1189/1684/1658 301/1685/1659 1184/1681/1655
f 1186/1680/1654 1190/1686/1660 1184/1681/1655
f 1192/1687/1661 1193/1688/1662 1191/1689/1663
f 1194/1690/1664 1195/1691/1665 1191/1689/1663
f 1196/1692/1666 1192/1687/1661 1191/1689/1663
f 1197/1693/1667 1196/1692/1666 1191/1689/1663
f 1193/1688/1662 1194/1690/1664 1191/1689/1663
f 1195/1691/1665 1197/1693/1667 1191/1689/1663
f 1199/1694/1668 787/1695/1669 1198/1696/1670
f 1200/1697/1671 1201/1698/1672 1198/1696/1670
f 1201/1699/1673 1202/1700/1674 1198/1701/1675
f 784/1702/1676 1200/1697/1671 1198/1696/1670
f 787/1695/1669 784/1702/1676 1198/1696/1670
f 1202/1703/1677 1199/1694/1668 1198/1696/1670
f 1204/1704/1678 908/1705/1679 1203/1706/1680
f 1205/1707/1681 1206/1708/1682 1203/1706/1683
f 1206/1708/1682 1204/1704/1684 1203/1706/1683
f 908/1262/1240 909/1263/1241 1203/1709/1685
f 909/1263/1241 1207/1710/1686 1203/1709/1685
f 1207/1711/1687 1205/1707/1681 1203/1706/1683
f 1209/1712/1688 1210/1713/1689 1208/1714/1690
f 1211/1715/1691 1209/1716/1692 1208/1717/1693
f 1212/1718/1694 1211/1715/1691 1208/1717/1693
f 1213/1719/1695 1214/1720/1696 1208/1714/1690
f 1214/1721/1697 1212/1718/1694 1208/1717/1693
f 1210/1713/1689 1213/1719/1695 1208/1714/1690
f 1216/1722/1698 1217/1723/1699 1215/1724/1700
f 1218/1725/1701 1219/1726/1702 1215/1727/1703
f 1219/1726/1702 1220/1728/1704 1215/1727/1703
f 1220/1729/1705 1221/1730/1706 1215/1731/1707
f 1222/1732/1708 1218/1725/1701 1215/1727/1703
f 1217/1733/1709 1222/1732/1708 1215/1727/1703
f 1221/1730/1706 1216/1734/1710 1215/1731/1707
f 1224/1735/1711 1225/1736/1712 1223/1737/1713
f 17/1738/1714 1224/1735/1711 1223/1737/1713
f 428/1739/1715 1226/1740/1716 1223/1737/1713
f 1226/1740/1716 17/1738/1714 1223/1737/1713
f 1225/1736/1712 428/1739/1715 1223/1737/1713
f 1228/1741/1717 1229/1742/1718 1227/1743/1719
f 1230/1744/1720 1231/1745/1721 1227/1743/1719
f 1231/1745/1721 1228/1741/1717 1227/1743/1719
f 1229/1742/1718 1232/1746/1722 1227/1743/1719
f 1232/1746/1722 1230/1744/1720 1227/1743/1719
f 1233/1747/1723 1234/1748/1724 976/1354/1334
f 975/1352/1332 1233/1747/1723 976/1354/1334
f 1236/1749/1725 1237/1750/1726 1235/1751/1727
f 1238/1752/1728 1239/1753/1729 1235/1754/1730
f 357/1755/1731 1240/1756/1732 1235/1757/1733
f 1239/1753/1729 1236/1758/1734 1235/1754/1730
f 1237/1750/1726 357/1759/1735 1235/1751/1727
f 1240/1760/1736 1238/1752/1728 1235/1754/1730
f 407/547/539 1137/1761/1737 1241/1762/1738
f 1137/1587/1563 1135/1590/1566 1241/1763/1739
f 1135/1590/1566 666/1764/1740 1241/1763/1741
f 318/423/415 991/1765/1742 990/1766/1743
f 1088/1767/1744 1242/1768/1745 990/1769/1746
f 1243/1770/1747 318/1771/1748 990/1769/1746
f 1242/1768/1745 1243/1770/1747 990/1769/1746
f 993/1376/1356 1088/1508/1488 990/1372/1352
f 557/781/766 561/786/771 1244/1772/1749
f 561/786/771 1245/1773/1750 1244/1772/1749
f 1246/1774/1751 1247/1775/1752 1244/1772/1749
f 1248/1776/1753 1246/1774/1751 1244/1772/1749
f 1247/1775/1752 557/781/766 1244/1772/1749
f 1245/1777/1754 1248/1778/1755 1244/1779/1756
f 1249/1780/1757 332/454/446 331/1781/1758
f 336/450/442 566/792/777 331/441/433
f 566/1782/1759 1249/1780/1757 331/1781/1758
f 1251/1783/1760 467/1784/1761 1250/1785/1762
f 919/1786/1763 1252/1787/1764 1250/1788/1765
f 1252/1787/1764 1251/1789/1766 1250/1788/1765
f 467/1790/1767 922/1277/1255 1250/1791/1768
f 922/1277/1255 919/1273/1251 1250/1791/1768
f 1002/1792/1769 1254/1793/1770 1253/1794/1771
f 346/467/459 1002/1792/1769 1253/1794/1771
f 347/468/460 346/467/459 1253/1794/1771
f 1256/1795/1772 1257/1796/1773 1255/1797/1774
f 1258/1798/1775 1256/1795/1772 1255/1797/1774
f 1259/1799/1776 1260/1800/1777 1255/1797/1774
f 1260/1800/1777 1258/1798/1775 1255/1797/1774
f 1261/1801/1778 1259/1799/1776 1255/1797/1774
f 1257/1796/1773 1261/1801/1778 1255/1797/1774
f 1113/1802/1779 1263/1803/1780 1262/1804/1781
f 1263/1803/1780 1264/1805/1782 1262/1804/1781
f 1265/1806/1783 1114/1807/1784 1262/1804/1781
f 1114/1807/1784 1113/1802/1779 1262/1804/1781
f 1264/1805/1782 1265/1806/1783 1262/1804/1781
f 1267/1808/1785 1268/1809/1786 1266/1810/1787
f 208/268/264 1267/1808/1785 1266/1810/1787
f 209/269/265 208/268/264 1266/1810/1787
f 1269/1811/1788 1270/1812/1789 1266/1810/1787
f 1270/1812/1789 209/269/265 1266/1810/1787
f 1268/1809/1786 1269/1811/1788 1266/1810/1787
f 1271/1813/1790 1272/1814/1791 215/278/274
f 1272/1814/1791 1273/1815/1792 215/278/274
f 219/1816/1793 1274/1817/1794 215/1818/1795
f 1273/1815/1792 216/279/275 215/278/274
f 1274/1817/1794 1271/1819/1796 215/1818/1795
f 1275/1820/1797 1276/1821/1798 270/361/355
f 1276/1821/1798 271/362/356 270/361/355
f 273/1822/1799 1277/1823/1800 270/1824/1801
f 1277/1823/1800 1275/1825/1802 270/1824/1801
f 1175/1826/1803 1279/1827/1803 1278/1828/1803
f 1279/1829/1804 1280/1830/1805 1278/1831/1806
f 1281/1832/1807 1176/1833/1808 1278/1834/1809
f 1176/1661/1635 1175/1660/1634 1278/1835/1810
f 1280/1836/1811 1281/1832/1807 1278/1834/1809
f 1283/1837/1812 1284/1838/1813 1282/1839/1814
f 1026/1415/1395 1283/1837/1812 1282/1839/1814
f 1285/1840/1815 1252/1787/1764 1282/1841/1816
f 1284/1842/1817 1285/1843/1817 1282/1844/1818
f 1252/1787/1764 1286/1845/1819 1282/1841/1816
f 1286/1846/1820 1026/1415/1395 1282/1839/1814
f 1288/1847/1821 1289/1848/1822 1287/1849/1823
f 510/712/700 512/716/704 1287/1849/1823
f 1289/1848/1822 1290/1850/1824 1287/1849/1823
f 1291/1851/1825 1288/1847/1821 1287/1849/1823
f 512/716/704 1291/1851/1825 1287/1849/1823
f 1290/1850/1824 510/712/700 1287/1849/1823
f 569/798/783 1293/1852/1826 1292/1853/1827
f 1294/1854/1828 1295/1855/1829 1292/1853/1827
f 1293/1852/1826 1296/1856/1830 1292/1853/1827
f 1297/1857/1831 569/798/783 1292/1853/1827
f 1296/1856/1830 1294/1854/1828 1292/1853/1827
f 1295/1855/1829 1297/1857/1831 1292/1853/1827
f 1299/1858/1832 1300/1859/1833 1298/1860/1834
f 518/729/717 1301/1861/1835 1298/1860/1834
f 1301/1861/1835 1299/1858/1832 1298/1860/1834
f 519/730/718 518/729/717 1298/1860/1834
f 1300/1859/1833 519/730/718 1298/1860/1834
f 309/413/405 1302/1862/1836 1006/1394/1374
f 1303/1863/1837 1304/1864/1838 1006/1865/1839
f 1008/1396/1376 1303/1866/1840 1006/1394/1374
f 1304/1867/1841 309/413/405 1006/1394/1374
f 1302/1862/1836 1007/1395/1375 1006/1394/1374
f 1305/1868/1842 1306/1869/1843 316/420/412
f 1306/1869/1843 317/421/413 316/420/412
f 1307/1870/1844 1305/1868/1842 316/420/412
f 321/431/423 1307/1870/1844 316/420/412
f 1309/1871/1845 1310/1872/1846 1308/1873/1847
f 1310/1872/1846 1311/1874/1848 1308/1873/1847
f 1312/1875/1849 1309/1871/1845 1308/1873/1847
f 1313/1876/1850 1312/1877/1851 1308/1878/1852
f 1311/1879/1853 1313/1876/1850 1308/1878/1852
f 1314/1880/1854 1001/1881/1855 1000/1882/1856
f 1316/1883/1857 1317/1884/1858 1315/1885/1859
f 1318/1886/1860 1319/1887/1861 1315/1885/1859
f 1320/1888/1862 1316/1883/1857 1315/1885/1859
f 1317/1884/1858 1318/1886/1860 1315/1885/1859
f 1319/1887/1861 1320/1888/1862 1315/1885/1859
f 1322/1889/1863 554/775/761 1321/1890/1864
f 554/775/761 553/774/760 1321/1890/1864
f 851/1182/1159 198/256/252 1091/1513/1493
f 198/256/252 196/251/247 1091/1513/1493
f 852/1183/1160 851/1182/1159 1091/1513/1493
f 196/251/247 1092/1514/1494 1091/1513/1493
f 1323/1891/1865 1324/1892/1866 87/1893/1867
f 1159/1628/1604 1325/1894/1868 87/1893/1867
f 962/1332/1312 1323/1891/1865 87/1893/1867
f 90/1895/1869 1160/1629/1605 87/1893/1867
f 1324/1896/1870 539/753/741 87/108/106
f 1160/1629/1605 1159/1628/1604 87/1893/1867
f 1325/1894/1868 962/1332/1312 87/1893/1867
f 543/760/748 835/1162/1139 87/108/106
f 930/1897/1871 1327/1898/1872 1326/1899/1873
f 1327/1900/1874 1328/1901/1874 1326/1902/1874
f 103/128/126 1329/1903/1875 101/125/123
f 1329/1903/1875 1330/1904/1876 101/125/123
f 1331/1905/1877 102/126/124 101/125/123
f 1330/1904/1876 1331/1905/1877 101/125/123
f 1209/1712/1688 1333/1906/1878 1332/1907/1879
f 1334/1908/1880 1335/1909/1881 1332/1907/1879
f 1335/1909/1881 113/141/139 1332/1907/1879
f 1333/1906/1878 1334/1908/1880 1332/1907/1879
f 113/141/139 1210/1713/1689 1332/1907/1879
f 1210/1713/1689 1209/1712/1688 1332/1907/1879
f 1336/1910/1882 345/1911/1883 867/1209/1187
f 344/1912/1884 868/1210/1188 867/1209/1187
f 871/1214/1192 1336/1910/1882 867/1209/1187
f 345/1911/1883 344/1912/1884 867/1209/1187
f 1338/1913/1885 1339/1914/1886 1337/1915/1887
f 1340/1916/1888 1341/1917/1889 1337/1915/1887
f 1201/1699/1673 1338/1913/1885 1337/1915/1887
f 1339/1914/1886 1340/1916/1888 1337/1915/1887
f 1341/1917/1889 1202/1700/1674 1337/1915/1887
f 1202/1700/1674 1201/1699/1673 1337/1915/1887
f 1343/1918/1890 1344/1919/1891 1342/1920/1892
f 1345/1921/1893 1343/1918/1890 1342/1920/1892
f 1346/1922/1894 1347/1923/1895 1342/1920/1892
f 1348/1924/1896 1345/1921/1893 1342/1920/1892
f 1347/1923/1895 1348/1924/1896 1342/1920/1892
f 1344/1919/1891 1346/1922/1894 1342/1920/1892
f 889/1925/1897 888/1649/1625 248/1648/1624
f 251/1926/1898 889/1236/1214 248/1927/1899
f 1249/1928/1900 566/1929/1901 1349/1930/1902
f 564/1931/1903 1350/1932/1904 1349/1930/1902
f 566/1929/1901 564/1931/1903 1349/1930/1902
f 1350/1932/1904 1351/1933/1905 1349/1930/1902
f 1351/1933/1905 1249/1928/1900 1349/1930/1902
f 1353/1934/1906 1166/1639/1615 1352/1935/1907
f 1166/1640/1616 1354/1936/1908 1352/1937/1909
f 1355/1938/1910 1353/1934/1906 1352/1935/1907
f 1356/1939/1911 1355/1940/1912 1352/1937/1909
f 1354/1936/1908 1356/1939/1911 1352/1937/1909
f 1169/1941/1913 1357/1942/1914 267/1943/1915
f 1357/1942/1914 268/1944/1916 267/1943/1915
f 1359/1945/1917 1360/1946/1918 1358/1947/1919
f 81/101/101 83/100/100 1358/1947/1919
f 1360/1946/1918 1361/1948/1920 1358/1947/1919
f 83/100/100 1359/1945/1917 1358/1947/1919
f 1361/1949/1921 81/1950/1921 1358/1951/1921
f 1041/1439/1419 1363/1952/1922 1362/1953/1923
f 1364/1954/1924 1365/1955/1925 1362/1956/1926
f 1042/1441/1421 1041/1439/1419 1362/1953/1923
f 1365/1955/1925 1366/1957/1927 1362/1956/1926
f 1366/1957/1927 1042/1958/1928 1362/1956/1926
f 1363/1952/1922 1364/1959/1929 1362/1953/1923
f 1368/1960/1930 469/1961/1931 1367/1962/1932
f 1285/1963/1933 1368/1960/1930 1367/1962/1932
f 1251/1789/1766 1252/1787/1764 1367/1964/1934
f 1252/1787/1764 1285/1840/1815 1367/1964/1934
f 469/1961/1931 1251/1783/1760 1367/1962/1932
f 603/850/833 1182/1675/1649 1369/1965/1935
f 378/513/505 379/514/506 1369/1966/1936
f 1370/1967/1937 604/1968/1938 1369/1969/1939
f 1182/1970/1940 378/513/505 1369/1966/1936
f 379/1971/1941 1370/1972/1942 1369/1973/1943
f 604/851/834 603/850/833 1369/1965/1935
f 1372/1974/1944 1373/1975/1945 1371/1976/1946
f 1373/1975/1945 1060/1471/1451 1371/1976/1946
f 1374/1977/1947 1375/1978/1948 1371/1976/1946
f 1059/1470/1450 1061/1472/1452 1371/1976/1946
f 1375/1978/1948 1372/1974/1944 1371/1976/1946
f 1060/1471/1451 1059/1470/1450 1371/1976/1946
f 1061/1472/1452 1374/1977/1947 1371/1976/1946
f 1377/1979/1949 1068/1980/1950 1376/1981/1951
f 1094/1982/1952 1378/1983/1953 1376/1981/1951
f 1378/1983/1953 1377/1979/1949 1376/1981/1951
f 1379/1984/1954 1094/1982/1952 1376/1981/1951
f 1068/1980/1950 1379/1984/1954 1376/1981/1951
f 1380/1985/1955 492/684/672 491/683/671
f 623/1986/1956 1380/1985/1955 491/683/671
f 494/686/674 620/1987/1957 491/689/677
f 1381/1988/1958 497/691/679 496/690/678
f 1382/1989/1959 1381/1988/1958 496/690/678
f 46/1990/1960 1382/1989/1959 496/690/678
f 47/696/684 46/1990/1960 496/690/678
f 1384/1991/1961 1385/1992/1962 1383/1993/1963
f 1386/1994/1964 801/1103/1083 1383/1993/1963
f 1387/1995/1965 1384/1996/1966 1383/1997/1967
f 1388/1998/1968 1387/1999/1969 1383/2000/1970
f 1385/1992/1962 1386/1994/1964 1383/1993/1963
f 801/2001/1971 1388/1998/1968 1383/2000/1970
f 1390/2002/1972 1391/2003/1973 1389/2004/1974
f 1392/2005/1975 1393/2006/1976 1389/2007/1977
f 1393/2006/1976 1394/2008/1978 1389/2007/1977
f 1394/2008/1978 1395/2009/1979 1389/2007/1977
f 1391/2003/1973 1392/2010/1980 1389/2004/1974
f 1395/2011/1981 1390/2002/1972 1389/2004/1974
f 1396/2012/1982 1397/2013/1983 733/1012/994
f 737/1020/1002 1396/2012/1982 733/1012/994
f 1398/2014/1984 734/1013/995 733/1012/994
f 1397/2015/1985 1398/2016/1986 733/2017/1987
f 1400/2018/1988 1401/2019/1989 1399/2020/1990
f 1402/2021/1991 1403/2022/1992 1399/2020/1990
f 1401/2019/1989 1402/2021/1991 1399/2020/1990
f 1404/2023/1993 1405/2024/1994 349/473/465
f 351/477/469 1404/2023/1993 349/473/465
f 1405/2024/1994 27/474/466 349/473/465
f 1406/2025/1995 937/1300/1280 353/479/471
f 1407/2026/1996 354/480/472 353/479/471
f 356/483/475 1406/2027/1997 353/2028/1998
f 937/1300/1280 1407/2026/1996 353/479/471
f 691/2029/1999 941/1307/1287 686/1306/1286
f 943/1310/1290 687/2030/2000 686/1306/1286
f 1408/2031/2001 1409/2032/2002 946/2033/2003
f 951/1320/1300 1408/2034/2004 946/1321/1301
f 1409/2035/2005 1410/2036/2006 946/1312/1292
f 1410/2036/2006 947/1313/1293 946/1312/1292
f 676/2037/2007 371/505/497 370/504/496
f 1411/2038/2008 673/937/922 370/936/921
f 372/507/499 537/2039/2009 370/504/496
f 537/2040/2010 1411/2041/2010 370/2042/2010
f 1413/2043/2011 1414/2044/2012 1412/2045/2013
f 1415/2046/2014 1416/2047/2015 1412/2045/2013
f 1417/2048/2016 1413/2043/2011 1412/2045/2013
f 1414/2044/2012 1415/2046/2014 1412/2045/2013
f 1416/2047/2015 66/2049/2017 1412/2045/2013
f 66/2049/2017 1417/2048/2016 1412/2045/2013
f 1419/2050/2018 1420/2051/2019 1418/2052/2020
f 1420/2053/2021 1123/2054/2022 1418/2055/2023
f 1421/2056/2024 1422/2057/2025 1418/2055/2023
f 1422/2058/2026 1419/2050/2018 1418/2052/2020
f 1423/2059/2027 1421/2056/2024 1418/2055/2023
f 1123/2054/2022 1423/2059/2027 1418/2055/2023
f 1103/1533/1511 1424/2060/2028 1125/1563/1541
f 1128/1570/1548 588/832/817 1125/1563/1541
f 588/832/817 1103/1533/1511 1125/1563/1541
f 1424/2060/2028 366/499/491 1125/1563/1541
f 1426/2061/2029 82/98/98 1425/2062/2030
f 81/97/97 1361/2063/2031 1425/2062/2030
f 1427/2064/2032 1426/2061/2029 1425/2062/2030
f 1361/2065/2033 1428/2066/2034 1425/2067/2035
f 1428/2068/2036 1427/2064/2032 1425/2062/2030
f 82/98/98 81/97/97 1425/2062/2030
f 1430/2069/2037 1431/2070/2038 1429/2071/2039
f 1432/2072/2040 1430/2069/2037 1429/2071/2039
f 1431/2070/2038 1433/2073/2041 1429/2071/2039
f 1433/2073/2041 1434/2074/2042 1429/2071/2039
f 1434/2074/2042 1432/2072/2040 1429/2071/2039
f 4/13/13 10/12/12 568/800/785
f 1435/2075/2043 300/400/394 568/793/778
f 1436/2076/2044 4/13/13 568/800/785
f 10/2077/2045 1435/2075/2043 568/793/778
f 571/799/784 1436/2076/2044 568/800/785
f 1437/2078/2046 798/1101/1081 573/801/786
f 577/2079/2047 1438/2080/2048 573/2081/2049
f 798/1101/1081 574/802/787 573/801/786
f 1438/2080/2048 1437/2082/2050 573/2081/2049
f 1440/2083/2051 1441/2084/2052 1439/2085/2053
f 1441/2084/2052 1442/2086/2054 1439/2085/2053
f 1443/2087/2055 1440/2088/2056 1439/2089/2057
f 1444/2090/2058 458/629/617 1439/2089/2057
f 458/629/617 1443/2087/2055 1439/2089/2057
f 1442/2091/2059 1444/2090/2058 1439/2089/2057
f 1445/2092/2060 680/2093/2061 679/2094/2062
f 1446/2095/2063 464/2096/2064 679/2094/2062
f 682/2097/2065 1446/2095/2063 679/2094/2062
f 464/2096/2064 1445/2092/2060 679/2094/2062
f 261/347/341 1447/2098/2066 339/456/448
f 1448/2099/2067 340/457/449 339/456/448
f 1447/2098/2066 1448/2099/2067 339/456/448
f 1449/2100/2068 1053/1464/1444 1052/2101/2069
f 1450/2102/2070 1449/2103/2071 1052/1457/2072
f 1451/2104/2073 1450/2102/2070 1052/1457/2072
f 1056/1467/1447 1451/2104/2074 1052/1457/1437
f 788/1088/1068 853/1185/1162 783/1082/1062
f 1452/2105/2075 1300/2106/2076 856/2107/2077
f 860/1196/1174 1452/2105/2075 856/2107/2077
f 1300/2108/2078 857/1190/1168 856/1189/1167
f 41/54/54 44/57/57 1453/2109/2079
f 1454/2110/2080 1320/1888/1862 1453/2111/2081
f 44/57/57 1455/2112/2082 1453/2109/2079
f 1320/1888/1862 1319/1887/1861 1453/2111/2081
f 1319/1887/1861 41/2113/2083 1453/2111/2081
f 1455/2112/2082 1454/2114/2084 1453/2109/2079
f 1457/2115/2085 1458/2116/2086 1456/2117/2087
f 498/693/681 1459/2118/2088 1456/2117/2087
f 50/63/63 498/693/681 1456/2117/2087
f 1458/2116/2086 50/63/63 1456/2117/2087
f 1459/2118/2088 1457/2115/2085 1456/2117/2087
f 1461/2119/2089 1462/2120/2090 1460/2121/2091
f 1294/1854/1828 1296/1856/1830 1460/2121/2091
f 1463/2122/2092 1464/2123/2093 1460/2124/2094
f 1462/2120/2090 1463/2125/2095 1460/2121/2091
f 1464/2126/2096 1294/1854/1828 1460/2121/2091
f 1296/1856/1830 1461/2119/2089 1460/2121/2091
f 1466/2127/2097 377/2128/2098 1465/2129/2099
f 376/2130/2100 1065/1477/1457 1465/2131/2101
f 1064/2132/2102 1467/2133/2103 1465/2134/2104
f 1467/2133/2103 1466/2135/2105 1465/2134/2104
f 377/512/504 376/511/503 1465/2136/2106
f 1065/1477/1457 1064/1476/1456 1465/2131/2101
f 875/1218/1196 642/2137/2107 1468/2138/2108
f 642/2137/2107 645/906/889 1468/2138/2108
f 1469/2139/2109 875/1218/1196 1468/2138/2108
f 1470/2140/2110 1469/2139/2109 1468/2138/2108
f 645/906/889 1470/2140/2110 1468/2138/2108
f 1472/2141/2111 1473/2142/2112 1471/2143/2113
f 1473/2144/2114 1474/2145/2115 1471/2146/2116
f 1475/2147/2117 1476/2148/2118 1471/2146/2116
f 1476/2149/2119 1477/2150/2120 1471/2151/2121
f 1477/2152/2122 1472/2153/2122 1471/2154/2122
f 1474/2145/2115 1475/2147/2117 1471/2146/2116
f 1479/2155/2123 1480/2156/2124 1478/2157/2125
f 657/2158/2126 658/2159/2127 1478/2157/2125
f 1480/2156/2124 1015/2160/2128 1478/2157/2125
f 658/2159/2127 1481/2161/2129 1478/2157/2125
f 1015/2160/2128 657/2158/2126 1478/2157/2125
f 1481/2161/2129 1479/2155/2123 1478/2157/2125
f 1483/2162/2130 1484/2163/2131 1482/2164/2132
f 1485/2165/2133 1483/2162/2130 1482/2164/2132
f 283/2166/2134 1485/2165/2133 1482/2164/2132
f 1484/2163/2131 898/1246/1224 1482/2164/2132
f 898/1246/1224 441/2167/2135 1482/2164/2132
f 441/2167/2135 283/2166/2134 1482/2164/2132
f 1487/2168/2136 1488/2169/2137 1486/2170/2138
f 152/2171/2139 1489/2172/2140 1486/2170/2138
f 1490/2173/2141 152/2171/2139 1486/2170/2138
f 1489/2172/2140 1491/2174/2142 1486/2170/2138
f 1488/2169/2137 1490/2173/2141 1486/2170/2138
f 1491/2174/2142 1487/2168/2136 1486/2170/2138
f 908/1262/1240 1204/2175/2143 905/1258/1236
f 1493/2176/2144 1494/2177/2145 1492/2178/2146
f 534/2179/2147 1493/2180/2147 1492/2181/2147
f 954/1323/1303 534/2182/2148 1492/2183/2149
f 1036/1430/1410 957/2184/2150 1492/2185/2151
f 957/1327/1307 954/1323/1303 1492/2183/2149
f 1494/2177/2145 1036/2186/2152 1492/2178/2146
f 837/1167/1144 542/1063/1043 771/1062/1042
f 1365/1955/1925 837/1167/1144 771/1062/1042
f 1366/1957/1927 1365/1955/1925 771/1062/1042
f 772/1066/1046 1495/2187/2153 771/1062/1042
f 1495/2187/2153 1366/1957/1927 771/1062/1042
f 1496/2188/2154 1497/2189/2155 545/2190/592
f 967/2191/2156 210/2192/592 545/762/750
f 210/271/267 1496/2188/2154 545/2190/592
f 548/770/757 967/2191/2156 545/762/750
f 1497/2193/2157 546/763/751 545/762/750
f 1499/2194/2158 1274/1817/1794 1498/2195/2159
f 969/1345/1325 710/2196/2160 1498/2195/2159
f 970/1346/1326 969/1345/1325 1498/2195/2159
f 710/2196/2160 1500/2197/2161 1498/2195/2159
f 1500/2197/2161 1499/2194/2158 1498/2195/2159
f 1274/1817/1794 970/1346/1326 1498/2195/2159
f 1502/2198/2162 1503/2199/2163 1501/2200/2164
f 1504/2201/2165 1505/2202/2166 1501/2203/2167
f 1505/2204/2168 1502/2205/2169 1501/2206/2170
f 1503/2199/2163 1506/2207/2171 1501/2200/2164
f 1507/2208/2172 1504/2201/2165 1501/2203/2167
f 1506/2209/2173 1508/2210/2173 1501/2211/2173
f 1508/2212/2174 1507/2208/2172 1501/2203/2167
f 703/974/957 704/975/958 143/185/181
f 704/975/958 144/186/182 143/185/181
f 146/189/185 703/974/957 143/185/181
f 261/347/341 1509/2213/2175 150/348/342
f 1509/2214/2176 151/194/190 150/192/188
f 1143/1601/1577 1145/1600/1576 1510/2215/2177
f 1511/2216/2178 1143/1601/1577 1510/2215/2177
f 1512/2217/2179 1513/2218/2180 1510/2219/2181
f 1145/1600/1576 1514/2220/2182 1510/2215/2177
f 1513/2221/2183 1511/2216/2178 1510/2215/2177
f 1514/2220/2182 1512/2222/2184 1510/2215/2177
f 1515/2223/2185 396/535/527 1275/1820/1797
f 396/535/527 1276/1821/1798 1275/1820/1797
f 1516/2224/2186 1515/2225/2186 1275/2226/2186
f 1277/1823/1800 1516/2227/2187 1275/1825/1802
f 1518/2228/2188 1519/2229/2189 1517/2230/2190
f 1520/2231/2191 1521/2232/2192 1517/2230/2190
f 1519/2229/2189 1522/2233/2193 1517/2230/2190
f 1521/2232/2192 1523/2234/2194 1517/2230/2190
f 1523/2235/2195 1524/2236/2196 1517/2237/2197
f 1524/2236/2196 1518/2238/2198 1517/2237/2197
f 1522/2233/2193 1520/2231/2191 1517/2230/2190
f 1525/2239/2199 504/702/690 735/1015/997
f 738/1021/1003 1525/2239/2199 735/1015/997
f 1526/2240/2200 1527/2241/2201 508/709/697
f 1346/2242/2202 509/710/698 508/709/697
f 511/715/703 1526/2240/2200 508/709/697
f 1527/2243/2203 1346/1922/1894 508/2244/2204
f 1528/2245/2205 815/1134/1110 814/1133/1109
f 819/2246/2206 1529/2247/2207 814/1133/1109
f 1529/2247/2207 1528/2245/2205 814/1133/1109
f 1531/2248/2208 1532/2249/2209 1530/2250/2210
f 1533/2251/2211 423/578/568 1530/2252/2212
f 1534/2253/2213 1531/2254/2214 1530/2255/2213
f 1535/2256/2215 1533/2257/2216 1530/2258/2217
f 423/2259/2218 1534/2253/2213 1530/2255/2213
f 1532/2260/2219 1535/2256/2215 1530/2258/2217
f 1537/2261/2220 1538/2262/2221 1536/2263/2222
f 1539/2264/2223 1540/2265/2224 1536/2263/2222
f 1541/2266/2225 1537/2261/2220 1536/2263/2222
f 1540/2265/2224 1541/2266/2225 1536/2263/2222
f 826/2267/2226 1539/2264/2223 1536/2263/2222
f 1538/2262/2221 826/2267/2226 1536/2263/2222
f 1542/2268/2227 829/1153/1130 828/1152/1129
f 133/614/602 1542/2268/2227 828/1152/1129
f 530/745/733 133/614/602 828/1152/1129
f 169/217/213 1543/2269/2228 167/213/209
f 1081/1498/1478 168/214/210 167/213/209
f 1543/2269/2228 1081/1498/1478 167/213/209
f 1545/2270/2229 391/526/518 1544/2271/2230
f 1546/2272/2231 1545/2270/2229 1544/2271/2230
f 388/522/514 1546/2272/2231 1544/2271/2230
f 391/526/518 388/522/514 1544/2271/2230
f 1283/2273/2232 1026/1413/1393 596/846/829
f 1028/1419/1399 597/2274/2233 596/846/829
f 601/845/828 1283/2273/2232 596/846/829
f 1291/1851/1825 1547/2275/2234 1288/1847/1821
f 1547/2275/2234 1548/2276/2235 1288/1847/1821
f 1548/2276/2235 1289/1848/1822 1288/1847/1821
f 1435/2277/2236 6/6/6 243/318/314
f 300/403/397 1435/2278/2237 243/321/317
f 1197/1693/1667 1195/1691/1665 305/2279/2238
f 304/2280/2239 1549/2281/2240 305/2279/2238
f 1195/2282/2241 306/411/403 305/410/402
f 1549/2281/2240 1197/1693/1667 305/2279/2238
f 1303/2283/2242 1225/1736/1712 1224/1735/1711
f 17/1738/1714 16/2284/2243 1224/1735/1711
f 1136/1592/1568 1304/1864/1838 1224/2285/2244
f 1304/1864/1838 1303/1863/1837 1224/2285/2244
f 16/23/23 1136/1586/1562 1224/2286/2245
f 1144/2287/2246 1076/1491/1471 1141/1593/1569
f 1550/2288/2247 1142/1594/1570 1141/1593/1569
f 1076/1491/1471 1550/2288/2247 1141/1593/1569
f 1108/2289/2248 1310/2290/2249 1309/2291/2250
f 1109/1544/1522 1108/1543/1521 1309/2292/2251
f 1551/2293/2252 1109/1544/1522 1309/2292/2251
f 1312/1875/1849 1551/2294/2253 1309/1871/1845
f 1553/2295/2254 486/675/663 1552/2296/2255
f 485/674/662 173/221/217 1552/2296/2255
f 877/2297/2256 1553/2295/2254 1552/2296/2255
f 486/675/663 485/674/662 1552/2296/2255
f 1555/2298/2257 1556/2299/2258 1554/2300/2259
f 1556/2299/2258 1557/2301/2260 1554/2300/2259
f 1558/2302/2261 1559/2303/2262 1554/2300/2259
f 1559/2303/2262 1317/1884/1858 1554/2300/2259
f 1317/1884/1858 1555/2298/2257 1554/2300/2259
f 1557/2301/2260 1558/2302/2261 1554/2300/2259
f 1561/2304/2263 1279/2305/2264 1560/2306/2265
f 1175/1665/1639 1174/1658/1632 1560/2307/2266
f 1562/2308/2267 1561/2304/2263 1560/2306/2265
f 1279/2305/2264 1175/2309/2268 1560/2306/2265
f 1174/1658/1632 1562/2310/2269 1560/2307/2266
f 247/326/322 85/104/104 249/331/325
f 1155/1622/1598 250/332/326 249/331/325
f 85/104/104 1153/1619/1595 249/331/325
f 1564/2311/2270 1351/1933/1905 1563/2312/2271
f 1565/2313/2272 1564/2314/2273 1563/2315/2274
f 1566/2316/2275 1565/2313/2272 1563/2315/2274
f 1350/2317/2276 1567/2318/2277 1563/2319/2278
f 1351/1933/1905 1350/1932/1904 1563/2312/2271
f 1567/2320/2279 1566/2316/2275 1563/2315/2274
f 1569/2321/2280 1570/2322/2281 1568/2323/2282
f 1570/2322/2281 1571/2324/2283 1568/2323/2282
f 1571/2324/2283 1572/2325/2284 1568/2323/2282
f 1572/2326/2285 1569/2327/2286 1568/2328/2287
f 1574/2329/2288 849/1181/1158 1573/2330/2289
f 1575/2331/2290 1576/2332/2291 1573/2330/2289
f 1331/2333/2292 1575/2331/2290 1573/2330/2289
f 1576/2332/2291 1577/2334/2293 1573/2330/2289
f 1577/2334/2293 1574/2329/2288 1573/2330/2289
f 849/1181/1158 1331/2333/2292 1573/2330/2289
f 1579/2335/2294 1580/2336/2295 1578/2337/2296
f 1212/1718/1694 1214/1721/1697 1578/2337/2296
f 1581/2338/2297 1212/2339/2298 1578/2340/2299
f 1214/1721/1697 1579/2335/2294 1578/2337/2296
f 1582/2341/2300 1581/2338/2297 1578/2340/2299
f 1580/2342/2301 1582/2343/2302 1578/2344/2303
f 1370/1972/1942 379/1971/1941 1466/2127/2097
f 1467/2133/2103 1583/2345/2304 1466/2135/2105
f 379/1971/1941 377/2128/2098 1466/2127/2097
f 1583/2345/2304 1370/2346/2305 1466/2135/2105
f 1584/2347/2306 1420/2348/2307 1419/2349/2308
f 1585/2350/2309 129/2351/2310 1419/2050/2018
f 1422/2058/2026 1585/2350/2309 1419/2050/2018
f 129/169/166 1584/2347/2306 1419/2349/2308
f 1586/2352/2311 1104/1536/1514 692/960/943
f 1231/1745/1721 1587/2353/2312 692/2354/2313
f 1104/1536/1514 693/961/944 692/960/943
f 592/2355/2314 1588/2356/2315 692/2354/2313
f 1587/2357/2316 1586/2352/2311 692/960/943
f 1588/2356/2315 1231/1745/1721 692/2354/2313
f 1590/2358/2317 1591/2359/2318 1589/2360/2319
f 1591/2361/2320 1130/1576/1552 1589/2362/2321
f 1387/1995/1965 1388/2363/592 1589/2362/2321
f 1388/2363/592 1592/2364/592 1589/2362/2321
f 1593/2365/2322 437/600/590 1589/2360/2319
f 437/600/590 1590/2358/2317 1589/2360/2319
f 1130/1576/1552 1387/1995/1965 1589/2362/2321
f 1592/2366/2323 1593/2367/2324 1589/2368/2325
f 701/971/954 146/189/185 145/188/184
f 1594/2369/2326 701/971/954 145/188/184
f 147/190/186 1595/2370/2327 145/188/184
f 1595/2370/2327 1594/2369/2326 145/188/184
f 1596/2371/2328 526/2372/2329 1338/1913/1885
f 1201/1699/1673 1596/2371/2328 1338/1913/1885
f 526/2372/2329 1339/1914/1886 1338/1913/1885
f 1597/2373/2330 558/782/767 557/781/766
f 1247/1775/1752 1597/2373/2330 557/781/766
f 1598/2374/2331 332/454/446 1249/1780/1757
f 1351/2375/2332 1598/2374/2331 1249/1780/1757
f 916/1269/1247 467/637/625 466/636/624
f 468/2376/2333 916/1269/1247 466/636/624
f 868/2377/2334 344/471/463 1599/2378/2335
f 344/471/463 347/468/460 1599/2378/2335
f 1600/2379/2336 868/2377/2334 1599/2378/2335
f 1601/2380/2337 194/248/244 193/247/243
f 481/667/655 1601/2380/2337 193/247/243
f 1415/2381/2338 1603/2382/2339 1602/2383/2340
f 1603/2382/2339 461/631/619 1602/2383/2340
f 461/631/619 206/2384/2341 1602/2383/2340
f 204/262/258 1415/2046/2014 1602/2385/2342
f 206/267/263 204/266/262 1602/2386/2343
f 208/268/264 1100/2387/2344 1267/1808/1785
f 1604/2388/2345 1268/1809/1786 1267/1808/1785
f 1605/2389/2346 1604/2388/2345 1267/1808/1785
f 1100/2387/2344 1605/2389/2346 1267/1808/1785
f 1607/2390/2347 1608/2391/2348 1606/2392/2349
f 1608/2391/2348 763/1049/1031 1606/2392/2349
f 762/1051/1033 48/61/61 1606/2393/2350
f 48/61/61 1458/2116/2086 1606/2393/2350
f 763/1049/1031 762/1048/1030 1606/2392/2349
f 1458/2394/2351 1607/2395/2351 1606/2396/2351
f 1610/2397/2352 1611/2398/2353 1609/2399/2354
f 1611/2398/2353 419/2400/2355 1609/2399/2354
f 1612/2401/2356 1613/2402/2357 1609/2403/2358
f 419/569/559 418/564/556 1609/2404/2359
f 418/564/556 1612/2405/2360 1609/2404/2359
f 1613/2402/2357 1610/2406/2361 1609/2403/2358
f 1615/2407/2362 1616/2408/2363 1614/2409/2364
f 1617/2410/2365 1583/2411/2366 1614/2412/2367
f 1618/2413/2368 1617/2410/2365 1614/2412/2367
f 1467/2414/2369 1615/2407/2362 1614/2409/2364
f 1616/2415/2370 1618/2413/2368 1614/2412/2367
f 1583/2416/2371 1467/2414/2369 1614/2409/2364
f 1619/2417/2372 776/1071/1051 688/956/939
f 690/958/941 1619/2417/2372 688/956/939
f 776/1071/1051 689/957/940 688/956/939
f 357/2418/2373 628/2419/2374 1620/2420/2375
f 627/883/866 1621/2421/2376 1620/2422/2377
f 1621/2423/2378 357/2418/2373 1620/2420/2375
f 628/884/867 627/883/866 1620/2422/2377
f 1623/2424/2379 1624/2425/2380 1622/2426/2381
f 1625/2427/2382 1623/2424/2379 1622/2426/2381
f 1624/2425/2380 699/2428/2383 1622/2426/2381
f 699/970/953 1626/2429/2384 1622/2430/2385
f 1156/2431/2386 1625/2427/2382 1622/2426/2381
f 1627/2432/2387 1156/1623/1599 1622/2430/2385
f 1626/2429/2384 1627/2432/2387 1622/2430/2385
f 200/257/253 205/264/260 1628/2433/2388
f 205/2434/2389 461/631/619 1628/2435/2390
f 1350/2317/2276 200/257/253 1628/2433/2388
f 461/631/619 1629/2436/2391 1628/2435/2390
f 1629/2437/2392 1350/2317/2276 1628/2433/2388
f 1448/2099/2067 94/115/113 93/114/112
f 404/542/534 340/2438/2393 93/2439/2394
f 340/457/449 1448/2099/2067 93/114/112
f 99/2440/2395 404/542/534 93/2439/2394
f 1218/1725/1701 719/996/978 1630/2441/2396
f 1219/1726/1702 1218/1725/1701 1630/2441/2396
f 716/993/975 104/2442/2397 1630/2441/2396
f 719/996/978 716/993/975 1630/2441/2396
f 847/2443/2398 1219/1726/1702 1630/2441/2396
f 104/2442/2397 847/2443/2398 1630/2441/2396
f 274/367/361 656/2444/2399 272/364/358
f 1631/2445/2400 1632/2446/2401 272/364/358
f 1632/2446/2401 273/365/359 272/364/358
f 656/2444/2399 1631/2445/2400 272/364/358
f 1633/2447/2402 1634/2448/2403 1483/2449/2404
f 1635/2450/2405 1633/2447/2402 1483/2449/2404
f 1634/2451/2406 1484/2163/2131 1483/2162/2130
f 1485/2165/2133 1635/2452/2407 1483/2162/2130
f 1637/2453/2408 1117/2454/2409 1636/2455/2410
f 1638/2456/2411 874/1216/1194 1636/2457/2412
f 1117/2454/2409 1639/2458/2413 1636/2455/2410
f 1639/2458/2413 1179/2459/2414 1636/2455/2410
f 874/2460/2415 1637/2453/2408 1636/2455/2410
f 1179/2461/2416 1638/2456/2411 1636/2457/2412
f 1641/2462/2417 1642/2463/2418 1640/2464/2419
f 1642/2463/2418 1495/2465/2420 1640/2464/2419
f 1181/1677/1651 1183/1676/1650 1640/2466/2421
f 1643/2467/2422 1181/2468/2423 1640/2469/2424
f 1183/1676/1650 1644/2470/2425 1640/2466/2421
f 1495/2187/2153 1645/2471/2426 1640/2472/2427
f 1644/2473/2428 1641/2462/2417 1640/2464/2419
f 1645/2474/2429 1643/2467/2422 1640/2469/2424
f 1647/2475/2430 1405/2024/1994 1646/2476/2431
f 1404/2023/1993 634/890/873 1646/2476/2431
f 631/886/869 1647/2475/2430 1646/2476/2431
f 634/890/873 631/886/869 1646/2476/2431
f 1405/2024/1994 1404/2023/1993 1646/2476/2431
f 1649/2477/2432 1650/2478/2433 1648/2479/2434
f 483/679/667 1651/2480/2435 1648/2479/2434
f 484/2481/2436 483/679/667 1648/2479/2434
f 1650/2482/2437 484/2483/2438 1648/2484/2439
f 1651/2480/2435 1649/2477/2432 1648/2479/2434
f 1304/1867/1841 310/414/406 309/413/405
f 313/418/410 1302/1862/1836 309/413/405
f 1653/2485/2440 1654/2486/2441 1652/2487/2442
f 1655/2488/2443 1653/2485/2440 1652/2487/2442
f 1656/2489/2444 1655/2488/2443 1652/2487/2442
f 1654/2486/2441 1656/2489/2444 1652/2487/2442
f 1657/2490/2445 169/217/213 166/216/212
f 499/2491/2446 1657/2490/2445 166/216/212
f 1659/2492/2447 1524/2236/2196 1658/2493/2448
f 1523/2235/2195 1660/2494/2449 1658/2493/2448
f 1524/2236/2196 1523/2235/2195 1658/2493/2448
f 1662/2495/2450 1663/2496/2451 1661/2497/2452
f 1664/2498/2453 1665/2499/2454 1661/2500/2455
f 1663/2501/2456 1664/2498/2453 1661/2500/2455
f 1665/2502/2457 156/199/195 1661/2497/2452
f 156/199/195 1662/2495/2450 1661/2497/2452
f 1617/2503/2458 1666/2504/2459 1167/2505/2460
f 1667/2506/2461 1617/2503/2458 1167/2505/2460
f 1666/2507/2462 1168/1642/1618 1167/1641/1617
f 605/2508/2463 1667/2506/2461 1167/2505/2460
f 1668/2509/2464 1092/1514/1494 1487/2510/2465
f 195/250/246 1488/2511/2466 1487/2510/2465
f 1669/2512/2467 1668/2513/2468 1487/2168/2136
f 1092/1514/1494 196/251/247 1487/2510/2465
f 196/251/247 195/250/246 1487/2510/2465
f 1491/2174/2142 1669/2512/2467 1487/2168/2136
f 789/2514/2469 791/1094/1074 1670/2515/2470
f 791/1094/1074 1671/2516/2471 1670/2515/2470
f 1671/2516/2471 1672/2517/2472 1670/2515/2470
f 1673/2518/2473 789/1089/1069 1670/2519/2474
f 1672/2517/2472 1673/2520/2475 1670/2515/2470
f 213/873/856 1100/1530/1508 208/2521/2476
f 1499/2194/2158 1272/2522/2477 1271/1819/1796
f 1274/1817/1794 1499/2194/2158 1271/1819/1796
f 1674/2523/2478 1675/2524/2479 108/132/130
f 1675/2524/2479 1676/2525/2480 108/132/130
f 1676/2525/2480 109/133/131 108/132/130
f 114/145/143 1674/2526/2481 108/146/144
f 1054/1465/1445 1053/1464/1444 1677/2527/2482
f 1449/2528/2483 121/156/2484 1677/2529/2485
f 121/156/153 117/148/146 1677/2529/2485
f 1053/1464/1444 1449/2100/2068 1677/2527/2482
f 1678/2530/2486 1054/1465/1445 1677/2527/2482
f 1408/2031/2001 648/911/894 647/910/893
f 812/2531/2487 1679/2532/2488 647/910/893
f 650/914/897 812/2531/2487 647/910/893
f 1679/2532/2488 1408/2031/2001 647/910/893
f 559/784/769 722/998/980 721/997/979
f 725/1002/984 559/784/769 721/997/979
f 1019/1406/1386 1024/1412/1392 1680/2533/2489
f 1392/2534/2490 1681/2535/2491 1680/2536/2492
f 1393/2006/1976 1392/2005/1975 1680/2533/2489
f 1682/2537/2493 1019/2538/2494 1680/2536/2492
f 1681/2535/2491 1682/2537/2493 1680/2536/2492
f 1024/1412/1392 1393/2006/1976 1680/2533/2489
f 1684/2539/2495 1685/2540/2496 1683/2541/2497
f 1685/2542/2498 1686/2543/2498 1683/2544/2498
f 1687/2545/2499 1684/2539/2495 1683/2541/2497
f 575/804/789 1689/2546/2500 1688/2547/2501
f 1690/2548/2502 106/2549/2503 1688/2550/2504
f 1550/2288/2247 1690/2548/2502 1688/2550/2504
f 1689/2546/2500 1142/2551/2505 1688/2547/2501
f 1142/1594/1570 1550/2288/2247 1688/2550/2504
f 106/805/790 575/804/789 1688/2547/2501
f 1612/2405/2360 1080/2552/2506 1691/2553/2507
f 500/698/686 501/699/687 1691/2554/2508
f 1080/2555/2509 500/698/686 1691/2554/2508
f 501/2556/2510 1613/2557/2510 1691/2558/2510
f 1613/2559/2511 1612/2405/2360 1691/2553/2507
f 1693/2560/2512 1694/2561/2513 1692/2562/2514
f 335/449/441 1598/2374/2331 1692/2562/2514
f 1598/2374/2331 1695/2563/2515 1692/2562/2514
f 1695/2563/2515 1693/2560/2512 1692/2562/2514
f 1694/2561/2513 335/449/441 1692/2562/2514
f 1697/2564/2516 1698/2565/2517 1696/2566/2518
f 1699/2567/2519 1700/2568/2520 1696/2566/2518
f 1701/2569/2521 1697/2564/2516 1696/2566/2518
f 1700/2568/2520 1702/2570/2522 1696/2566/2518
f 1703/2571/2523 1699/2567/2519 1696/2566/2518
f 1702/2570/2522 1701/2569/2521 1696/2566/2518
f 1698/2565/2517 1703/2571/2523 1696/2566/2518
f 160/2572/2524 1704/2573/2525 190/243/239
f 1705/2574/2526 160/2572/2524 190/243/239
f 187/238/234 1705/2574/2526 190/243/239
f 1704/2573/2525 191/244/240 190/243/239
f 1260/1800/1777 1707/2575/2527 1706/2576/2528
f 1708/2577/2529 1709/2578/2530 1706/2576/2528
f 1710/2579/2531 1708/2577/2529 1706/2576/2528
f 1709/2578/2530 1260/1800/1777 1706/2576/2528
f 1711/2580/2532 1710/2579/2531 1706/2576/2528
f 1707/2575/2527 1711/2580/2532 1706/2576/2528
f 1323/1891/1865 962/1332/1312 961/1331/1311
f 1712/2581/2533 1323/2582/2534 961/1336/1316
f 960/1329/1309 1712/2581/2533 961/1336/1316
f 1714/2583/2535 1270/1812/1789 1713/2584/2536
f 1269/1811/1788 546/2585/2537 1713/2584/2536
f 1270/1812/1789 1269/1811/1788 1713/2584/2536
f 546/2585/2537 1497/2189/2155 1713/2584/2536
f 1497/2189/2155 1714/2583/2535 1713/2584/2536
f 1716/2586/2538 220/286/282 1715/2587/2539
f 1717/2588/2540 1718/2589/2541 1715/2587/2539
f 220/286/282 1719/2590/2542 1715/2587/2539
f 1718/2589/2541 973/1351/1331 1715/2587/2539
f 1719/2590/2542 1717/2588/2540 1715/2587/2539
f 973/1351/1331 1716/2586/2538 1715/2587/2539
f 742/1025/1007 1675/2591/2543 1674/2526/2481
f 1720/2592/2544 742/1025/1007 1674/2526/2481
f 1721/2593/2545 1720/2592/2544 1674/2526/2481
f 114/145/143 1721/2593/2545 1674/2526/2481
f 1722/2594/2546 1217/1723/1699 1216/1722/1698
f 1723/2595/2547 1722/2594/2546 1216/1722/1698
f 1221/1730/1706 1724/2596/2548 1216/1734/1710
f 1724/2597/2549 1723/2595/2547 1216/1722/1698
f 1725/2598/2550 1117/2454/2409 1637/2453/2408
f 874/2460/2415 1726/2599/2551 1637/2453/2408
f 1726/2599/2551 1725/2598/2550 1637/2453/2408
f 1728/2600/2552 1641/2462/2417 1727/2601/2553
f 1729/2602/2554 1232/2603/2555 1727/2601/2553
f 1641/2462/2417 1730/2604/2556 1727/2601/2553
f 1730/2604/2556 1729/2602/2554 1727/2601/2553
f 1229/2605/2557 1728/2600/2552 1727/2601/2553
f 1232/2603/2555 1229/2605/2557 1727/2601/2553
f 1731/2606/2558 882/1228/1206 881/1227/1205
f 1732/2607/2559 1731/2606/2558 881/1227/1205
f 887/1234/1212 1732/2607/2559 881/1227/1205
f 1733/2608/2560 1734/2609/2561 978/1355/2562
f 1734/2610/2563 1521/2232/2192 978/2611/2564
f 1521/2612/2565 979/1356/1336 978/1355/1335
f 981/1361/1341 1733/2608/2560 978/1355/1335
f 1372/2613/2566 1735/2614/2567 983/2615/2568
f 987/2616/2569 1372/2613/2566 983/2615/2568
f 1662/2495/2450 984/1363/1343 983/1362/1342
f 1663/2496/2451 1662/2495/2450 983/1362/1342
f 1735/2614/2567 1663/2501/2456 983/2615/2568
f 1690/2617/2570 1736/2618/2571 103/128/126
f 106/131/129 1690/2617/2570 103/128/126
f 1736/2618/2571 1329/1903/1875 103/128/126
f 1610/2406/2361 1494/2177/2145 1493/2176/2144
f 1737/2619/2572 1738/2620/2573 1493/2621/2574
f 1611/2398/2353 1610/2397/2352 1493/2621/2574
f 1738/2620/2573 1611/2398/2353 1493/2621/2574
f 1739/2622/2575 1740/2623/2576 1314/1880/1854
f 1741/2624/2577 1001/1881/1855 1314/1880/1854
f 1740/2623/2576 1741/2624/2577 1314/1880/1854
f 1316/1883/1857 238/313/309 1555/2298/2257
f 237/312/308 1556/2299/2258 1555/2298/2257
f 238/313/309 237/312/308 1555/2298/2257
f 1317/1884/1858 1316/1883/1857 1555/2298/2257
f 1743/2625/2578 971/1348/1328 1742/2626/2579
f 1717/2588/2540 1744/2627/2580 1742/2626/2579
f 971/1348/1328 1718/2589/2541 1742/2626/2579
f 1718/2589/2541 1717/2588/2540 1742/2626/2579
f 1744/2627/2580 1743/2625/2578 1742/2626/2579
f 1625/2427/2382 1745/2628/2581 1623/2424/2379
f 1746/2629/2582 1747/2630/2583 1623/2631/2584
f 1747/2630/2583 1624/2632/2585 1623/2631/2584
f 1745/2633/2586 1746/2629/2582 1623/2631/2584
f 564/1931/1903 201/2634/2587 200/2635/2588
f 1350/1932/1904 564/1931/1903 200/2635/2588
f 403/2636/2589 1133/1581/1557 341/459/451
f 1133/1581/1557 1084/1500/1480 341/459/451
f 340/2438/2393 403/541/533 341/2637/2590
f 1084/1500/1480 342/460/452 341/459/451
f 1748/2638/2591 845/1176/1153 844/1175/1152
f 1574/2329/2288 1749/2639/2592 844/1175/1152
f 1749/2639/2592 1748/2638/2591 844/1175/1152
f 849/1181/1158 1574/2329/2288 844/1175/1152
f 800/2640/2593 1751/2641/2594 1750/2642/2595
f 1752/2643/2596 1753/2644/2597 1750/2645/2598
f 1751/2641/2594 1632/2646/2599 1750/2642/2595
f 1753/2644/2597 1593/2647/2600 1750/2645/2598
f 1593/2367/2324 800/2640/2593 1750/2642/2595
f 1632/2446/2401 1752/2643/2596 1750/2645/2598
f 1635/2452/2407 1485/2165/2133 1754/2648/2601
f 1485/2165/2133 1755/2649/2602 1754/2648/2601
f 1281/1832/1807 1756/2650/2603 1754/2648/2601
f 1755/2649/2602 1281/1832/1807 1754/2648/2601
f 1757/2651/2604 1635/2450/2405 1754/2652/2605
f 1756/2653/2606 1757/2651/2604 1754/2652/2605
f 289/386/380 1758/2654/2607 287/384/378
f 1759/2655/2608 288/385/379 287/384/378
f 126/163/160 1759/2655/2608 287/384/378
f 1758/2654/2607 126/163/160 287/384/378
f 1760/2656/2609 1761/2657/2610 21/32/32
f 24/31/31 1760/2656/2609 21/32/32
f 1761/2658/2611 22/28/28 21/27/27
f 480/669/657 479/668/656 1058/2659/2612
f 1762/2660/2613 480/669/657 1058/2659/2612
f 1060/2661/2614 1762/2660/2613 1058/2659/2612
f 1615/2407/2362 1064/2662/2615 1063/2663/2616
f 1066/1479/1459 1763/2664/2617 1063/1473/1453
f 1763/2665/2618 1615/2407/2362 1063/2663/2616
f 1539/2666/2619 826/1151/1128 825/1150/1127
f 1072/2667/2620 1539/2666/2619 825/1150/1127
f 1077/2668/2621 626/879/862 625/878/861
f 357/2669/2622 1077/1493/1473 625/2670/2623
f 628/2671/2624 357/2672/2624 625/2673/2624
f 1211/2674/2625 1765/2675/2626 1764/2676/2627
f 1765/2677/2628 1313/1876/1850 1764/2678/2629
f 1766/2679/2630 1211/2674/2625 1764/2676/2627
f 1313/1876/1850 1767/2680/2631 1764/2678/2629
f 1767/2681/2632 1766/2679/2630 1764/2676/2627
f 476/652/640 748/1034/1016 473/653/641
f 1531/2248/2208 1534/2682/2633 473/653/641
f 1534/2683/2634 474/647/635 473/646/634
f 747/1032/1014 1531/2248/2208 473/653/641
f 748/1034/1016 747/1032/1014 473/653/641
f 1584/2347/2306 128/166/163 1768/2684/2635
f 1769/2685/2636 1770/2686/2637 1768/2684/2635
f 127/165/162 1769/2685/2636 1768/2684/2635
f 1771/2687/2638 1584/2347/2306 1768/2684/2635
f 1770/2686/2637 1771/2687/2638 1768/2684/2635
f 128/166/163 127/165/162 1768/2684/2635
f 951/2688/2639 648/911/894 1408/2031/2001
f 1679/2532/2488 1409/2032/2002 1408/2031/2001
f 1384/1996/1966 1773/2689/2640 1772/2690/2641
f 1774/2691/2642 1775/2692/2643 1772/2693/2644
f 724/1001/983 1385/1992/1962 1772/2693/2644
f 1773/2689/2640 1774/2694/2645 1772/2690/2641
f 1385/1992/1962 1384/1991/1961 1772/2693/2644
f 1775/2692/2643 724/1001/983 1772/2693/2644
f 1682/2537/2493 1776/2695/2646 1019/2538/2494
f 1776/2696/2647 1020/1407/1387 1019/1406/1386
f 525/2697/2648 1778/2698/2649 1777/2699/2650
f 1340/1916/1888 1339/1914/1886 1777/2699/2650
f 1339/1914/1886 525/2697/2648 1777/2699/2650
f 1665/2499/2454 1779/2700/2651 1777/2701/2652
f 1779/2700/2651 1340/2702/2653 1777/2701/2652
f 1778/2698/2649 1665/2703/2654 1777/2699/2650
f 320/426/418 991/1765/1742 318/423/415
f 1243/2704/2655 319/424/416 318/423/415
f 1780/2705/2656 1781/2706/2657 1426/2061/2029
f 1427/2064/2032 1782/2707/2658 1426/2061/2029
f 1781/2706/2657 82/98/98 1426/2061/2029
f 1782/2708/2659 1780/2709/2660 1426/2710/2661
f 1783/2711/2662 1431/2070/2038 1430/2069/2037
f 468/639/627 1702/2712/2663 916/2713/2664
f 1700/2714/2665 917/1270/1248 916/1269/1247
f 1702/2715/2666 1700/2714/2665 916/1269/1247
f 922/1279/1257 467/637/625 916/1269/1247
f 1785/2716/2667 870/2717/2668 1784/2718/755
f 1786/2719/2669 1787/2720/2670 1784/2721/2671
f 870/2722/755 1788/2723/2672 1784/2721/2671
f 1787/2720/2670 1785/2724/2673 1784/2721/2671
f 1789/2725/2674 1786/2719/2669 1784/2721/2671
f 1788/2723/2672 1789/2725/2674 1784/2721/2671
f 818/1139/1115 901/2726/2675 816/1136/1112
f 1790/2727/2676 1791/2728/2677 816/1136/1112
f 901/2726/2675 1790/2727/2676 816/1136/1112
f 1791/2728/2677 817/1137/1113 816/1136/1112
f 376/511/503 1793/2729/2678 1792/2730/2679
f 1067/1480/1460 1065/1477/1457 1792/2731/2680
f 1379/1984/1954 1067/2732/2681 1792/2733/2682
f 1065/1477/1457 376/2130/2100 1792/2731/2680
f 1793/2734/2683 1379/1984/1954 1792/2733/2682
f 1098/1525/1503 1097/1524/1502 1794/2735/2684
f 1605/2736/2685 1098/1529/1507 1794/2737/2686
f 1795/2738/2687 1605/2739/2687 1794/2740/2687
f 829/1155/1132 759/1044/1026 758/1043/1025
f 763/1049/1031 1796/2741/2688 758/1043/1025
f 830/1156/1133 829/1155/1132 758/1043/1025
f 1796/2741/2688 830/1156/1133 758/1043/1025
f 1440/2083/2051 1443/2742/2689 454/621/609
f 1443/2087/2055 455/624/612 454/623/611
f 1797/2743/2690 1440/2083/2051 454/621/609
f 833/1161/1138 1797/2743/2690 454/621/609
f 555/2744/2691 1799/2745/2691 1798/2746/2691
f 1800/2747/2692 555/2748/2692 1798/2749/2692
f 1799/2750/2693 1801/2751/2693 1798/2752/2693
f 1803/2753/2694 1804/2754/2695 1802/2755/2696
f 1805/2756/2697 1803/2753/2694 1802/2755/2696
f 1804/2754/2695 1398/2016/1986 1802/2755/2696
f 1806/2757/2698 184/235/231 1802/2755/2696
f 1807/2758/2699 1805/2756/2697 1802/2755/2696
f 1398/2016/1986 1806/2757/2698 1802/2755/2696
f 184/235/231 1807/2758/2699 1802/2755/2696
f 670/934/919 1809/2759/2700 1808/2760/2701
f 1183/1676/1650 671/935/920 1808/2760/2701
f 1810/2761/2702 1644/2470/2425 1808/2760/2701
f 1809/2759/2700 1810/2761/2702 1808/2760/2701
f 1644/2470/2425 1183/1676/1650 1808/2760/2701
f 671/935/920 670/934/919 1808/2760/2701
f 1812/2762/2703 1813/2763/2704 1811/2764/2705
f 1813/2763/2704 933/1294/1274 1811/2764/2705
f 1814/2765/2706 1812/2762/2703 1811/2764/2705
f 1192/1687/1661 1196/1692/1666 1649/2766/2707
f 1196/1692/1666 1815/2767/2708 1649/2766/2707
f 1815/2768/2709 1650/2482/2437 1649/2769/2710
f 1651/2770/2711 1192/1687/1661 1649/2766/2707
f 1008/2771/2712 1225/1736/1712 1303/2283/2242
f 1816/2772/2713 1817/2773/2714 1653/2485/2440
f 1381/1988/1958 1654/2774/2715 1653/2775/2716
f 1655/2488/2443 1816/2772/2713 1653/2485/2440
f 1817/2776/2717 1381/1988/1958 1653/2775/2716
f 1737/2619/2572 55/2777/2718 54/2778/2719
f 59/72/72 1818/2779/2720 54/73/73
f 1819/2780/2721 1737/2619/2572 54/2778/2719
f 1818/2779/2720 1819/2781/2722 54/73/73
f 1147/1607/1583 62/77/77 61/76/76
f 70/86/86 1558/2302/2261 1148/1613/1589
f 965/1337/1317 1149/1611/1587 1148/1610/1586
f 1558/2302/2261 1820/2782/2723 1148/1613/1589
f 966/1338/1318 965/1337/1317 1148/1610/1586
f 1820/2783/2724 966/2784/2724 1148/2785/2725
f 1151/1618/1594 96/719/707 514/718/706
f 516/722/710 1150/1615/1591 514/727/715
f 1821/2786/2726 1822/2787/2727 1359/2788/2728
f 1823/2789/2729 1821/2790/2730 1359/1945/1917
f 83/100/100 1824/2791/2731 1359/1945/1917
f 1824/2791/2731 1823/2789/2729 1359/1945/1917
f 1822/2787/2727 1360/2792/2732 1359/2788/2728
f 1825/2793/2733 1041/1439/1419 1040/1438/1418
f 1826/2794/2734 1827/2795/2735 1040/1438/1418
f 1827/2795/2735 1825/2793/2733 1040/1438/1418
f 1043/1443/1423 1826/2794/2734 1040/1438/1418
f 1828/2796/2736 1164/1637/1613 1569/2797/2737
f 1164/1637/1613 1353/1934/1906 1569/2797/2737
f 1353/1934/1906 1570/2798/2738 1569/2797/2737
f 1572/2326/2285 1828/2799/2739 1569/2327/2286
f 1830/2800/2740 1831/2801/2741 1829/2802/2742
f 1832/2803/2743 1329/1903/1875 1829/2802/2742
f 1329/1903/1875 1736/2618/2571 1829/2802/2742
f 1831/2801/2741 1833/2804/2744 1829/2802/2742
f 1833/2804/2744 1832/2803/2743 1829/2802/2742
f 1736/2618/2571 1830/2800/2740 1829/2802/2742
f 769/1058/1040 1444/2090/2058 766/1054/1036
f 1444/2090/2058 1442/2091/2059 766/1054/1036
f 1442/2086/2054 767/2805/2745 766/2806/2746
f 1834/2807/2747 1835/2808/2748 1445/2092/2060
f 1835/2808/2748 680/2093/2061 1445/2092/2060
f 464/2096/2064 463/2809/2749 1445/2092/2060
f 463/634/622 1834/2810/2750 1445/2811/2751
f 1837/2812/2752 1838/2813/2753 1836/2814/2754
f 1149/1611/1587 1839/2815/2755 1836/2814/2754
f 1839/2815/2755 1840/2816/2756 1836/2814/2754
f 1838/2813/2753 69/1614/1590 1836/2814/2754
f 69/1614/1590 1149/1611/1587 1836/2814/2754
f 1840/2816/2756 1837/2812/2752 1836/2814/2754
f 1106/1540/1518 367/2817/2757 1103/1541/1519
f 367/501/493 1424/2060/2028 1103/1533/1511
f 588/832/817 693/1534/1512 1103/1533/1511
f 1505/2204/2168 1154/1621/1597 1502/2205/2169
f 1154/1626/1602 1157/1624/1600 1502/2198/2162
f 1841/2818/2758 1503/2199/2163 1502/2198/2162
f 1157/1624/1600 1841/2818/2758 1502/2198/2162
f 1236/1749/1725 1843/2819/2759 1842/2820/2760
f 1843/2819/2759 861/1199/1177 1842/2820/2760
f 857/1190/1168 1844/2821/2761 1842/2820/2760
f 1844/2821/2761 1845/2822/2762 1842/2820/2760
f 1845/2822/2762 1236/1749/1725 1842/2820/2760
f 861/1199/1177 859/1194/1172 1842/2820/2760
f 859/1194/1172 857/1190/1168 1842/2820/2760
f 1846/2823/2763 1295/2824/2764 985/1370/1350
f 988/1369/1349 1086/1503/1483 985/1370/1350
f 1295/2824/2764 986/2825/2765 985/1370/1350
f 1086/1503/1483 1846/2823/2763 985/1370/1350
f 191/244/240 1242/2826/2766 1088/1510/1490
f 1515/2827/2767 805/1108/1088 1847/2828/2768
f 1246/1774/1751 1248/1776/1753 1847/2828/2768
f 1248/1778/1755 397/532/524 1847/2829/2769
f 805/1108/1088 804/1107/1087 1847/2828/2768
f 804/1107/1087 1246/1774/1751 1847/2828/2768
f 397/532/524 1515/2830/2770 1847/2829/2769
f 1392/2534/2490 1391/2831/2771 1848/2832/2772
f 1849/2833/2773 1681/2834/2774 1848/2835/2775
f 1850/2836/2776 1851/2837/2777 1848/2838/2778
f 1391/2839/2779 1850/2836/2776 1848/2838/2778
f 1681/2535/2491 1392/2534/2490 1848/2832/2772
f 1851/2840/2780 1852/2841/2781 1848/2842/2782
f 1852/2843/2783 1849/2833/2773 1848/2835/2775
f 1853/2844/2784 1854/2845/2785 1638/2456/2411
f 876/1222/1200 874/1216/1194 1638/2456/2411
f 1854/2845/2785 876/1222/1200 1638/2456/2411
f 1855/2846/2786 1853/2844/2784 1638/2456/2411
f 1179/1672/1646 1178/1667/1641 1638/2847/2787
f 1178/1667/1641 1855/2848/2788 1638/2847/2787
f 1400/2849/2789 1005/2850/2790 1856/2851/2791
f 1741/2852/2792 1401/2853/2792 1856/2854/2792
f 1401/2855/2793 1400/2849/2789 1856/2851/2791
f 1001/1881/1855 1741/2624/2577 1856/2856/2794
f 1005/2857/2795 1001/1881/1855 1856/2856/2794
f 1404/2023/1993 1857/2858/2796 632/888/871
f 1857/2859/2797 1858/2860/2798 632/2861/2799
f 634/890/873 1404/2023/1993 632/888/871
f 1858/2860/2798 633/1204/1182 632/2861/2799
f 1859/2862/2800 1860/2863/2801 935/1297/1277
f 939/2864/2802 1724/2596/2548 935/2865/2803
f 1221/1730/1706 1859/2866/2804 935/2865/2803
f 1860/2863/2801 936/1298/1278 935/1297/1277
f 1724/2596/2548 1221/1730/1706 935/2865/2803
f 19/26/26 1861/2867/2805 15/22/22
f 1861/2867/2805 443/610/598 15/22/22
f 447/613/601 449/617/605 760/2868/2806
f 759/1044/1026 447/2869/2807 760/1046/1028
f 449/2870/2808 761/1047/1029 760/1046/1028
f 457/627/615 957/1327/1307 456/628/616
f 957/2184/2150 1036/1430/1410 456/626/614
f 1364/1954/1924 91/1165/1142 836/1164/1141
f 837/1167/1144 1365/1955/1925 836/1164/1141
f 1365/1955/1925 1364/1954/1924 836/1164/1141
f 600/841/824 1048/1450/1430 598/842/825
f 1050/1453/1433 599/839/822 598/838/821
f 1222/1732/1708 719/996/978 1218/1725/1701
f 987/2871/2809 1373/1975/1945 1372/1974/1944
f 1341/2872/2810 1735/2614/2567 1372/2613/2566
f 1375/1978/1948 1862/2873/2811 1372/1974/1944
f 1862/2874/2812 1341/2872/2810 1372/2613/2566
f 1864/2875/2813 1865/2876/2814 1863/2877/2815
f 1866/2878/2816 1867/2879/2817 1863/2877/2815
f 1867/2879/2817 1868/2880/2818 1863/2877/2815
f 1868/2880/2818 1869/2881/2819 1863/2877/2815
f 1869/2881/2819 1864/2875/2813 1863/2877/2815
f 1865/2876/2814 1866/2878/2816 1863/2877/2815
f 1870/2882/2820 1071/1487/1467 1619/2417/2372
f 690/958/941 1870/2882/2820 1619/2417/2372
f 1071/1487/1467 1871/2883/2821 1619/2417/2372
f 1871/2883/2821 776/1071/1051 1619/2417/2372
f 1012/2884/2822 1307/1870/1844 1010/2885/2823
f 1307/2886/2824 1872/2887/2825 1010/1397/1377
f 1873/2888/2826 1011/1398/1378 1010/1397/1377
f 1872/2887/2825 1873/2888/2826 1010/1397/1377
f 1108/2289/2248 1875/2889/2827 1874/2890/2828
f 1334/2891/2829 1310/2290/2249 1874/2890/2828
f 1310/2290/2249 1108/2289/2248 1874/2890/2828
f 1875/2889/2827 1334/2891/2829 1874/2890/2828
f 1467/2414/2369 1064/2662/2615 1615/2407/2362
f 1763/2665/2618 1616/2408/2363 1615/2407/2362
f 1562/2308/2267 1126/2892/2830 365/496/488
f 781/1080/1060 1562/2308/2267 365/496/488
f 1126/1566/1544 366/1565/1543 365/2893/2831
f 1877/2894/2832 1878/2895/2833 1876/2896/2834
f 1016/1404/1384 1017/1405/1385 1876/2896/2834
f 1017/1405/1385 1877/2894/2832 1876/2896/2834
f 1878/2895/2833 1016/1404/1384 1876/2896/2834
f 711/987/969 1879/2897/2835 707/2898/2836
f 1879/2897/2835 1022/1410/1390 707/2898/2836
f 1022/1410/1390 1880/2899/2837 707/2898/2836
f 1880/2900/2838 708/981/963 707/980/962
f 1881/2901/2839 523/736/724 522/735/723
f 1883/2902/2840 1884/2903/2841 1882/2904/2842
f 22/28/28 1885/2905/2843 1882/2904/2842
f 1884/2903/2841 1886/2906/2844 1882/2904/2842
f 1886/2906/2844 22/28/28 1882/2904/2842
f 1885/2905/2843 1883/2902/2840 1882/2904/2842
f 802/2907/2845 1751/2641/2594 800/2640/2593
f 1593/2367/2324 1592/2366/2323 800/2640/2593
f 1592/2908/2846 801/2001/1971 800/2909/2847
f 1888/2910/2848 1621/2421/2376 1887/2911/2849
f 627/883/866 433/882/865 1887/2911/2849
f 1621/2421/2376 627/883/866 1887/2911/2849
f 1889/2912/2850 177/2913/2851 1887/2911/2849
f 177/2913/2851 1888/2910/2848 1887/2911/2849
f 433/882/865 1889/2912/2850 1887/2911/2849
f 1396/2914/2852 1890/2915/2853 505/704/692
f 183/233/229 1397/2015/1985 505/704/692
f 1890/2916/2854 506/2917/2855 505/2918/2856
f 1397/2015/1985 1396/2914/2852 505/704/692
f 1655/2919/2857 1891/2920/2858 1816/2921/2859
f 1892/2922/2860 1893/2923/2861 1816/2772/2713
f 1891/2920/2858 1892/2924/2862 1816/2921/2859
f 1893/2923/2861 1817/2773/2714 1816/2772/2713
f 1894/2925/2863 902/2926/2864 818/1139/1115
f 902/2926/2864 901/2726/2675 818/1139/1115
f 815/1134/1110 1894/2927/2865 818/2928/2866
f 1895/2929/2867 1532/2260/2219 821/1143/1119
f 1671/2516/2471 1896/2930/2868 821/1148/1125
f 824/1147/1124 1671/2516/2471 821/1148/1125
f 1896/2931/2869 1895/2929/2867 821/1143/1119
f 1532/2260/2219 822/1144/1120 821/1143/1119
f 1897/2932/2870 529/2933/2871 1586/2352/2311
f 1587/2357/2316 1897/2932/2870 1586/2352/2311
f 529/742/730 830/1158/1135 1586/2934/2872
f 1898/2935/2873 1104/1536/1514 1586/2352/2311
f 830/1156/1133 1898/2936/2874 1586/2937/2875
f 1899/2938/2876 533/2939/2877 532/2940/2878
f 537/2039/2009 372/507/499 532/2940/2878
f 1115/2941/2879 1643/2467/2422 1113/1802/1779
f 1643/2467/2422 1263/1803/1780 1113/1802/1779
f 1584/2347/2306 1901/2942/2880 1900/2943/2881
f 1901/2942/2880 1121/1560/1538 1900/2943/2881
f 1420/2348/2307 1584/2347/2306 1900/2943/2881
f 1121/1560/1538 1123/1562/1540 1900/2943/2881
f 1123/1562/1540 1420/2348/2307 1900/2943/2881
f 663/2944/2882 1902/2945/2883 664/2946/2884
f 1903/2947/2885 1782/2708/2659 695/969/952
f 609/856/839 1903/2947/2885 695/969/952
f 1904/2948/2886 696/963/946 695/962/945
f 1782/2949/2887 1904/2948/2886 695/962/945
f 1906/2950/2888 1377/1979/1949 1905/2951/2889
f 1377/2952/2890 144/2953/2891 1905/2954/2892
f 144/2953/2891 705/2955/2893 1905/2954/2892
f 705/2956/2894 702/2957/2895 1905/2951/2889
f 702/2957/2895 1906/2950/2888 1905/2951/2889
f 1907/2958/2896 1391/2003/1973 1390/2002/1972
f 1684/2539/2495 1687/2545/2499 1390/2002/1972
f 1908/2959/2897 1907/2958/2896 1390/2002/1972
f 1395/2011/1981 1684/2539/2495 1390/2002/1972
f 1687/2545/2499 1908/2959/2897 1390/2002/1972
f 1910/2960/2898 576/810/795 1909/2961/2899
f 1911/2962/2900 1910/2960/2898 1909/2961/2899
f 576/810/795 797/1100/1080 1909/2961/2899
f 1912/2963/2901 1911/2962/2900 1909/2961/2899
f 797/1100/1080 796/1099/1079 1909/2961/2899
f 796/1099/1079 1912/2963/2901 1909/2961/2899
f 1334/2891/2829 1766/2964/2902 1913/2965/2903
f 1310/2290/2249 1334/2891/2829 1913/2965/2903
f 1766/2966/2904 1767/2967/2905 1913/2968/2906
f 1767/2967/2905 1311/1874/1848 1913/2968/2906
f 1311/1874/1848 1310/1872/1846 1913/2968/2906
f 1915/2969/2907 1916/2970/2908 1914/2971/2909
f 1916/2970/2908 1917/2972/2910 1914/2971/2909
f 1917/2972/2910 1678/2973/2911 1914/2971/2909
f 1919/2974/2912 1920/2975/2913 1918/2976/2914
f 1921/2977/2915 1922/2978/2916 1918/2979/2917
f 1922/2980/2918 1919/2974/2912 1918/2976/2914
f 1920/2981/2919 1923/2982/2920 1918/2979/2917
f 1923/2982/2920 1921/2977/2915 1918/2979/2917
f 1305/1868/1842 1307/1870/1844 1012/2884/2822
f 1924/2983/2921 1480/2156/2124 1479/2155/2123
f 1925/2984/2922 1924/2983/2921 1479/2155/2123
f 1481/2161/2129 1925/2984/2922 1479/2155/2123
f 1021/2985/2923 1023/2986/2924 1926/2987/2925
f 893/1247/1225 898/1246/1224 1926/2987/2925
f 1484/2163/2131 1021/2985/2923 1926/2987/2925
f 898/1246/1224 1484/2163/2131 1926/2987/2925
f 1023/2986/2924 893/1247/1225 1926/2987/2925
f 1490/2988/2926 153/196/192 152/195/191
f 155/198/194 1489/2989/2927 152/195/191
f 1343/2990/2928 1928/2991/2929 1927/2992/2930
f 1291/1851/1825 512/716/704 1927/2993/2931
f 512/717/705 509/710/698 1927/2992/2930
f 509/710/698 1344/2994/2932 1927/2992/2930
f 1928/2995/2933 1291/1851/1825 1927/2993/2931
f 1344/2994/2932 1343/2990/2928 1927/2992/2930
f 1564/2996/2934 1929/2997/2935 1693/2560/2512
f 1929/2997/2935 1930/2998/2936 1693/2560/2512
f 1695/2563/2515 1564/2996/2934 1693/2560/2512
f 1930/2998/2936 1694/2561/2513 1693/2560/2512
f 1932/2999/2937 842/1174/1151 1931/3000/2938
f 1933/3001/2939 1805/2756/2697 1931/3002/2940
f 1805/3003/2941 1934/3004/2942 1931/3000/2938
f 290/387/381 1935/3005/2943 1931/3006/2944
f 1935/3005/2943 1933/3007/2945 1931/3006/2944
f 842/1174/1151 841/1173/1150 1931/3000/2938
f 1934/3004/2942 1932/2999/2937 1931/3000/2938
f 841/1670/1644 290/1669/1643 1931/3008/2946
f 476/656/644 1937/3009/2947 1936/3010/2948
f 1937/3009/2947 1938/3011/2949 1936/3010/2948
f 1939/3012/2950 476/656/644 1936/3010/2948
f 1780/2709/2660 1782/2708/2659 1903/2947/2885
f 609/856/839 608/854/837 1903/2947/2885
f 1940/3013/2951 1780/2709/2660 1903/2947/2885
f 608/854/837 1940/3013/2951 1903/2947/2885
f 1942/3014/2952 36/3015/2953 1941/3016/2954
f 1520/3017/2955 1943/3018/2956 1941/3016/2954
f 36/3019/2957 1944/3020/2958 1941/3021/2959
f 1943/3018/2956 1942/3014/2952 1941/3016/2954
f 1944/3020/2958 1520/3022/2960 1941/3021/2959
f 1946/3023/2961 1947/3024/2962 1945/3025/2963
f 1556/2299/2258 1946/3026/2964 1945/3027/2965
f 1948/3028/2966 1949/3029/2967 1945/3025/2963
f 1947/3024/2962 1948/3028/2966 1945/3025/2963
f 1557/2301/2260 1556/2299/2258 1945/3027/2965
f 1949/3029/2967 1557/3030/2968 1945/3025/2963
f 1211/1715/1691 1766/2964/2902 1209/1716/1692
f 1766/2964/2902 1333/3031/2969 1209/1716/1692
f 335/449/441 1694/2561/2513 333/446/438
f 1694/2561/2513 1950/3032/2970 333/446/438
f 1950/3032/2970 334/447/439 333/446/438
f 73/89/89 1559/2303/2262 70/86/86
f 1559/2303/2262 1558/2302/2261 70/86/86
f 1952/3033/2971 1953/3034/2972 1951/3035/2973
f 515/725/713 1954/3036/2974 1951/3035/2973
f 1528/2245/2205 1952/3033/2971 1951/3035/2973
f 1954/3036/2974 1528/2245/2205 1951/3035/2973
f 1953/3034/2972 515/725/713 1951/3035/2973
f 658/3037/2975 659/3038/2975 1955/3039/2975
f 1481/2161/2129 658/2159/2127 1955/3040/2976
f 1234/1748/1724 1481/3041/2977 1955/3042/2978
f 1161/3043/2979 90/112/110 89/111/109
f 91/113/111 1956/3044/2980 89/111/109
f 1956/3044/2980 1161/3043/2979 89/111/109
f 153/196/192 900/1250/1228 259/345/339
f 903/1255/1233 260/350/344 259/3045/2981
f 1957/3046/2982 907/1261/1239 906/1259/1237
f 913/1266/1244 1801/3047/2983 914/1267/1245
f 1801/3047/2984 1799/3048/2985 914/1267/2986
f 1958/3049/2987 289/386/380 286/382/376
f 1639/3050/2988 1958/3051/2989 286/3052/2990
f 1179/3053/2991 1639/3050/2988 286/3052/2990
f 1031/3054/2992 132/3055/2993 1959/3056/2994
f 1960/3057/2995 1031/3058/2995 1959/3059/2995
f 1730/2604/2556 1810/3060/2996 1959/3061/2997
f 1810/2761/2702 1960/3062/2998 1959/3063/2999
f 131/170/167 1730/2604/2556 1959/3061/2997
f 132/3055/2993 131/3064/3000 1959/3056/2994
f 631/886/869 1961/3065/3001 1647/2475/2430
f 1961/3066/3002 31/3067/3002 1647/3068/3002
f 31/3069/3003 27/3070/3003 1647/3071/3003
f 27/474/466 1405/2024/1994 1647/2475/2430
f 638/898/881 1193/1688/1662 1192/1687/1661
f 1651/2770/2711 638/898/881 1192/1687/1661
f 697/3072/3004 314/3073/3005 1962/3074/3006
f 1963/3075/3007 409/3076/3008 1962/3074/3006
f 1964/3077/3009 697/3072/3004 1962/3074/3006
f 314/3073/3005 1963/3075/3007 1962/3074/3006
f 409/550/542 1964/3078/3010 1962/3079/3011
f 320/429/421 317/428/420 1205/3080/3012
f 317/428/420 1306/3081/3013 1205/3080/3012
f 1306/3082/3014 1206/1708/1682 1205/1707/1681
f 1207/3083/3015 320/3084/3015 1205/3085/3015
f 226/3086/3016 1965/3087/3017 224/3088/3018
f 1965/3087/3017 170/219/215 224/3088/3018
f 170/218/214 168/214/210 224/291/287
f 1966/3089/3019 1431/2070/2038 1783/2711/2662
f 261/347/341 342/462/454 1083/3090/3020
f 342/460/452 1084/1500/1480 1083/1499/1479
f 1967/3091/3021 261/347/341 1083/3090/3020
f 1086/1503/1483 1967/3092/3022 1083/1507/1487
f 793/1095/1075 718/3093/3023 1968/3094/3024
f 717/994/976 1222/1732/1708 1968/3095/3025
f 718/995/977 717/994/976 1968/3095/3025
f 794/1096/1076 793/1095/1075 1968/3094/3024
f 1222/1732/1708 1969/3096/3026 1968/3095/3025
f 1969/3097/3027 794/1096/1076 1968/3094/3024
f 901/1252/1230 900/1250/1228 1790/3098/3028
f 1490/2173/2141 1488/2169/2137 1790/3099/3029
f 1488/2511/2466 1791/3100/3030 1790/3101/3031
f 900/1250/1228 1490/2988/2926 1790/3098/3028
f 355/482/474 357/485/477 1864/2875/2813
f 357/485/477 1865/2876/2814 1864/2875/2813
f 1869/2881/2819 355/482/474 1864/2875/2813
f 1837/3102/3032 359/3103/3033 1970/3104/3034
f 1838/3105/3035 1837/3102/3032 1970/3104/3034
f 1971/3106/3036 1838/3105/3035 1970/3104/3034
f 996/1381/1361 998/1384/1364 1899/2938/2876
f 998/1384/1364 533/2939/2877 1899/2938/2876
f 1407/2026/1996 1973/3107/3037 1972/3108/3038
f 1974/3109/3039 1407/2026/1996 1972/3108/3038
f 1973/3107/3037 1975/3110/3040 1972/3108/3038
f 1749/3111/3041 1976/3112/3042 1972/3108/3038
f 1975/3110/3040 1749/3111/3041 1972/3108/3038
f 1976/3112/3042 1974/3109/3039 1972/3108/3038
f 1771/2687/2638 1901/2942/2880 1584/2347/2306
f 129/169/166 128/166/163 1584/2347/2306
f 1729/2602/2554 131/170/167 1977/3113/3043
f 1897/3114/3044 1729/2602/2554 1977/3113/3043
f 131/170/167 134/177/173 1977/3113/3043
f 529/3115/3045 1897/3114/3044 1977/3113/3043
f 134/177/173 529/3115/3045 1977/3113/3043
f 725/1002/984 1775/2692/2643 559/784/769
f 1774/2691/2642 560/785/770 559/784/769
f 558/782/767 722/998/980 559/784/769
f 1775/2692/2643 1774/2691/2642 559/784/769
f 731/1009/991 1132/3116/3046 728/1005/987
f 1201/1698/1672 1200/1697/1671 1596/3117/3047
f 527/3118/3048 526/2372/2329 1596/2371/2328
f 411/551/543 414/555/547 1978/3119/3049
f 1690/2548/2502 1550/2288/2247 1978/3119/3049
f 1550/2288/2247 1076/1491/1471 1978/3119/3049
f 1979/3120/3050 1690/2548/2502 1978/3119/3049
f 1076/1491/1471 411/551/543 1978/3119/3049
f 414/555/547 1979/3120/3050 1978/3119/3049
f 1980/3121/3051 440/606/595 1752/2643/2596
f 1631/2445/2400 1980/3121/3051 1752/2643/2596
f 1632/2446/2401 1631/2445/2400 1752/2643/2596
f 440/606/595 438/605/594 1752/2643/2596
f 438/605/594 1753/2644/2597 1752/2643/2596
f 1633/2447/2402 1635/2450/2405 1981/3122/3052
f 1635/2450/2405 1757/2651/2604 1981/3122/3052
f 1499/2194/2158 1500/2197/2161 1981/3123/3053
f 1982/3124/3054 1499/2194/2158 1981/3123/3053
f 1757/3125/3055 1982/3124/3054 1981/3123/3053
f 1500/3126/3056 1633/2447/2402 1981/3122/3052
f 601/845/828 1284/3127/3057 1283/2273/2232
f 1345/3128/3058 1883/2902/2840 1343/3129/3059
f 1883/3130/3060 1928/3131/3060 1343/3132/3060
f 986/3133/3061 1464/2123/2093 987/3134/3062
f 1464/2123/2093 1373/3135/3063 987/3134/3062
f 857/1190/1168 1300/2108/2078 1299/3136/3064
f 1301/1861/1835 1868/2880/2818 1299/1858/1832
f 1867/3137/3065 857/1190/1168 1299/3136/3064
f 1868/2880/2818 1867/2879/2817 1299/1858/1832
f 493/685/673 1984/3138/3066 1983/3139/3067
f 1101/1531/1509 494/686/674 1983/3139/3067
f 494/686/674 493/685/673 1983/3139/3067
f 319/3140/3068 163/209/205 1985/3141/3069
f 1986/3142/3070 1872/2887/2825 1985/3143/3071
f 321/3144/3072 319/3145/3072 1985/3146/3072
f 163/209/205 161/206/202 1985/3141/3069
f 161/206/202 1986/3147/3073 1985/3141/3069
f 1872/2887/2825 321/3148/3074 1985/3143/3071
f 1111/1549/1527 1875/3149/3075 1108/1551/1529
f 1942/3014/2952 158/3150/3076 33/3151/3077
f 158/3150/3076 1705/3152/3078 33/3151/3077
f 36/3015/2953 1942/3014/2952 33/3151/3077
f 1705/3153/3079 34/3154/3080 33/3155/3081
f 1562/2308/2267 781/1080/1060 1561/2304/2263
f 781/1080/1060 780/1081/1061 1561/2304/2263
f 780/1081/1061 1279/2305/2264 1561/2304/2263
f 1625/2427/2382 1156/2431/2386 1987/3156/3082
f 1156/1623/1599 1153/1627/1603 1987/3157/3083
f 84/3158/3084 1988/3159/3085 1987/3156/3082
f 1709/2578/2530 1625/2427/2382 1987/3156/3082
f 1988/3159/3085 1709/2578/2530 1987/3156/3082
f 1153/1627/1603 84/3160/3086 1987/3157/3083
f 565/791/776 202/3161/3087 201/788/773
f 1989/3162/3088 1165/1638/1614 1828/2796/2736
f 1572/2326/2285 1989/3163/3089 1828/2799/2739
f 1165/1638/1614 1164/1637/1613 1828/2796/2736
f 1331/2333/2292 849/1181/1158 102/3164/3090
f 847/1179/1156 104/3165/3091 102/3164/3090
f 849/1181/1158 848/1180/1157 102/3164/3090
f 848/1180/1157 847/1179/1156 102/3164/3090
f 1213/1719/1695 110/136/134 109/135/133
f 1676/3166/3092 1990/3167/3093 109/135/133
f 1990/3167/3093 1213/1719/1695 109/135/133
f 1917/2972/2910 1055/3168/3094 1054/3169/3095
f 1678/2973/2911 1917/2972/2910 1054/3169/3095
f 381/3170/3096 644/903/886 873/3171/3097
f 1991/3172/3098 874/3173/3099 873/3171/3097
f 1992/3174/3100 1991/3172/3098 873/3171/3097
f 644/903/886 1992/3174/3100 873/3171/3097
f 1231/1745/1721 392/527/519 1228/1741/1717
f 392/527/519 390/525/517 1228/1741/1717
f 390/525/517 1229/1742/1718 1228/1741/1717
f 883/1230/1208 1993/3175/3101 1504/2201/2165
f 1993/3175/3101 1505/2202/2166 1504/2201/2165
f 1507/2208/2172 884/1231/1209 1504/2201/2165
f 884/1231/1209 883/1230/1208 1504/2201/2165
f 1239/3176/3102 1843/2819/2759 1236/1749/1725
f 1845/2822/2762 1237/1750/1726 1236/1749/1725
f 156/199/195 151/194/190 1662/2495/2450
f 151/194/190 984/1363/1343 1662/2495/2450
f 1994/3177/3103 1170/1647/1623 924/3178/3104
f 1666/3179/3105 925/3180/3106 924/3181/3107
f 926/1285/1263 1892/3182/3108 924/1280/1258
f 1892/3183/3109 1994/3177/3103 924/3178/3104
f 1170/1647/1623 1168/1642/1618 924/3178/3104
f 1168/1642/1618 1666/2507/2462 924/3178/3104
f 1996/3184/3110 1997/3185/3111 1995/3186/3112
f 1997/3187/3113 1998/3188/3114 1995/3189/3115
f 1818/2779/2720 1996/3184/3110 1995/3186/3112
f 328/438/430 1818/3190/3116 1995/3189/3115
f 1998/3188/3114 328/438/430 1995/3189/3115
f 1660/2494/2449 1734/3191/3117 1733/3192/3118
f 179/227/223 182/234/230 839/1170/1147
f 182/234/230 840/1171/1148 839/1170/1147
f 346/472/464 1003/1391/1371 1002/1390/1370
f 1005/3193/3119 1254/1793/1770 1002/1792/1769
f 1999/3194/3120 1110/3195/3121 1109/1544/1522
f 1551/2293/2252 1999/3194/3120 1109/1544/1522
f 1712/2581/2533 540/756/744 539/3196/3122
f 1324/3197/3123 1712/2581/2533 539/3196/3122
f 1270/1812/1789 2000/3198/3124 209/269/265
f 1496/2188/2154 210/271/267 209/269/265
f 2000/3198/3124 1496/2188/2154 209/269/265
f 1457/3199/3125 1719/2590/2542 1607/3200/3126
f 218/285/281 1608/3201/3127 1607/3200/3126
f 1458/2116/2086 1457/2115/2085 1607/3202/3128
f 1719/2590/2542 218/285/281 1607/3200/3126
f 1797/2743/2690 1441/2084/2052 1440/2083/2051
f 2001/3203/3129 1930/2998/2936 1446/3204/3130
f 462/3205/3131 464/2096/2064 1446/2095/2063
f 1929/2997/2935 462/3206/3132 1446/3204/3130
f 682/3207/3133 2001/3208/3134 1446/3209/3135
f 1930/2998/2936 1929/2997/2935 1446/3204/3130
f 260/350/344 1447/2098/2066 261/347/341
f 1967/3091/3021 1509/2213/2175 261/347/341
f 119/151/149 2003/3210/3136 2002/3211/3137
f 120/3212/3138 119/151/3139 2002/3211/3140
f 2004/3213/3141 120/3214/3142 2002/3215/3143
f 1258/1798/1775 1988/3159/3085 1256/1795/1772
f 1780/3216/3144 1940/3217/3145 1256/1795/1772
f 1781/3218/3146 1780/3216/3144 1256/1795/1772
f 1940/3217/3145 1257/1796/1773 1256/1795/1772
f 1988/3159/3085 1781/3218/3146 1256/1795/1772
f 485/674/662 487/676/664 858/3219/3147
f 861/3220/3148 173/221/217 858/3219/3147
f 173/221/217 485/674/662 858/3219/3147
f 1948/3028/2966 2005/3221/3149 1380/1985/1955
f 2005/3221/3149 40/52/52 1380/1985/1955
f 623/1986/1956 1948/3028/2966 1380/1985/1955
f 40/52/52 492/684/672 1380/1985/1955
f 1150/1615/1591 2007/3222/3150 2006/3223/3151
f 2007/3224/3152 1186/3225/3153 2006/3226/3154
f 2008/3227/3155 1150/1615/1591 2006/3223/3151
f 862/3228/3156 2008/3227/3155 2006/3223/3151
f 1186/3225/3153 863/1202/1180 2006/3226/3154
f 863/3229/3157 862/3228/3156 2006/3223/3151
f 1188/1683/1657 1529/3230/3158 1461/3231/3159
f 1529/2247/2207 1462/3232/3160 1461/3233/3161
f 1296/3234/3162 1188/1683/1657 1461/3231/3159
f 1194/1690/1664 1969/3235/3163 2009/3236/3164
f 306/411/403 1195/2282/2241 2009/3237/3165
f 1722/2594/2546 2010/3238/3166 2009/3237/3165
f 1195/1691/1665 1194/1690/1664 2009/3236/3164
f 1217/1723/1699 1722/2594/2546 2009/3237/3165
f 2010/3238/3166 306/411/403 2009/3237/3165
f 1969/3239/3167 1217/1723/1699 2009/3237/3165
f 876/1222/1200 1854/2845/2785 875/3240/3168
f 1854/2845/2785 642/900/883 875/3240/3168
f 1469/2139/2109 382/516/508 875/1218/1196
f 1986/3147/3073 159/201/197 2011/3241/3169
f 2012/3242/3170 1986/3243/3171 2011/3244/3172
f 1519/2229/2189 2012/3242/3170 2011/3244/3172
f 1943/3018/2956 1522/3245/3173 2011/3246/3174
f 159/3247/3175 1943/3018/2956 2011/3246/3174
f 1522/2233/2193 1519/2229/2189 2011/3244/3172
f 975/1352/1332 2013/3248/3176 1233/1747/1723
f 1924/3249/3177 1925/3250/3178 1233/1747/1723
f 1925/3250/3178 1234/1748/1724 1233/1747/1723
f 2013/3251/3179 1924/2983/2921 1233/3252/3180
f 895/1243/1221 590/823/808 892/1238/1216
f 589/826/811 279/375/369 892/3253/3181
f 279/375/369 442/609/597 892/3253/3181
f 590/3254/3182 589/826/811 892/3253/3181
f 1669/2512/2467 523/736/724 1881/2901/2839
f 1093/3255/3183 1669/2512/2467 1881/2901/2839
f 2014/3256/3184 669/933/918 668/932/917
f 1357/1942/1914 2015/3257/3185 668/3258/3186
f 268/1944/1916 1357/1942/1914 668/3258/3186
f 2015/3257/3185 2014/3259/3187 668/3258/3186
f 676/941/926 677/942/927 995/1380/1360
f 2016/3260/3188 417/561/553 995/1380/1360
f 2017/3261/3189 676/2037/2007 995/1386/1366
f 677/942/927 2016/3260/3188 995/1380/1360
f 997/1382/1362 2017/3261/3189 995/1386/1366
f 378/513/505 1182/1970/1940 1115/1554/1532
f 1181/3262/3190 1643/3263/3191 1115/1554/1532
f 1182/1970/1940 1181/3262/3190 1115/1554/1532
f 1771/2687/2638 1770/2686/2637 1901/2942/2880
f 1770/2686/2637 1122/1561/1539 1901/2942/2880
f 1122/1561/1539 1121/1560/1538 1901/2942/2880
f 1424/2060/2028 367/501/493 366/499/491
f 785/1085/1065 787/1087/1067 1199/3264/3192
f 1202/1703/1677 1862/2874/2812 1199/1694/1668
f 1862/2873/2811 785/1085/1065 1199/3264/3192
f 2018/3265/3193 614/1090/1070 789/1089/1069
f 1673/2518/2473 2018/3265/3193 789/1089/1069
f 731/3266/3194 1087/1505/1485 1132/1579/1555
f 1084/1500/1480 1133/1581/1557 1132/1579/1555
f 1087/1505/1485 1084/1500/1480 1132/1579/1555
f 1437/2078/2046 718/3093/3023 793/1095/1075
f 798/1101/1081 1437/2078/2046 793/1095/1075
f 1516/3267/3195 805/1108/1088 1515/2827/2767
f 397/532/524 396/531/523 1515/2830/2770
f 8/9/9 3/16/16 400/1112/1092
f 809/1120/1098 1920/2981/2919 736/1121/1099
f 1920/2975/2913 737/1020/1002 736/3268/3196
f 511/713/701 297/397/391 1526/3269/3197
f 811/3270/3198 1527/2241/2201 1526/2240/2200
f 297/397/391 811/1127/1105 1526/3269/3197
f 1720/2592/2544 350/476/468 742/1025/1007
f 2019/3271/3199 1675/2524/2479 742/1030/1012
f 744/1029/1011 2019/3271/3199 742/1030/1012
f 375/509/501 1793/2729/2678 376/511/503
f 826/1151/1128 1538/3272/3200 752/1037/1019
f 1538/3272/3200 753/1039/1021 752/1037/1019
f 1542/3273/3201 759/1044/1026 829/1155/1132
f 225/292/288 418/564/556 417/563/555
f 2016/3274/3202 225/292/288 417/563/555
f 1553/3275/3203 1511/3276/3204 636/891/874
f 1511/3277/3205 1513/3278/3205 636/3279/3205
f 486/3280/3206 1553/3275/3203 636/891/874
f 1513/3281/3207 637/892/875 636/891/874
f 488/678/666 486/3280/3206 636/891/874
f 42/3282/3208 1318/1886/1860 2020/3283/3209
f 1318/1886/1860 1317/1884/1858 2020/3283/3209
f 73/89/89 72/88/88 2020/3283/3209
f 72/88/88 43/3284/3210 2020/3283/3209
f 43/3284/3210 42/3282/3208 2020/3283/3209
f 1317/1884/1858 73/89/89 2020/3283/3209
f 1381/1988/1958 2022/3285/3211 2021/3286/3212
f 2023/3287/3213 497/691/679 2021/3286/3212
f 2024/3288/3214 932/1293/1271 2021/3289/3215
f 2022/3285/3211 1477/3290/3216 2021/3286/3212
f 932/1293/1271 2023/3291/3217 2021/3289/3215
f 497/691/679 1381/1988/1958 2021/3286/3212
f 1476/2149/2119 2024/3288/3214 2021/3289/3215
f 1477/2150/2120 1476/2149/2119 2021/3289/3215
f 655/919/902 657/921/904 1014/1402/1382
f 657/2158/2126 1015/2160/2128 1014/3292/3218
f 1016/1404/1384 2025/3293/3219 1014/1402/1382
f 2025/3293/3219 655/919/902 1014/1402/1382
f 1484/2163/2131 1880/3294/3220 1021/2985/2923
f 1880/2899/2837 1022/1410/1390 1021/1409/1389
f 1136/1586/1562 16/23/23 14/20/20
f 445/612/600 1135/1584/1560 14/20/20
f 22/28/28 1547/3295/3221 2026/3296/3222
f 1547/3295/3221 1928/3297/3223 2026/3296/3222
f 1885/2905/2843 22/28/28 2026/3296/3222
f 1928/3297/3223 1885/2905/2843 2026/3296/3222
f 1825/2793/2733 1363/1952/1922 1041/1439/1419
f 1285/1843/1817 1284/1842/1817 1368/3298/3224
f 1284/3127/3057 602/848/831 1368/3299/3225
f 470/645/633 469/642/630 1368/3299/3225
f 602/848/831 470/645/633 1368/3299/3225
f 1534/2683/2634 422/3300/3226 474/647/635
f 2027/3301/3227 475/650/638 474/649/637
f 422/576/566 2027/3301/3227 474/649/637
f 607/853/836 611/858/841 2028/3302/3228
f 1261/3303/3229 1257/3304/3230 2028/3302/3228
f 1257/3304/3230 607/853/836 2028/3302/3228
f 617/864/847 2029/3305/3231 615/866/849
f 2029/3305/3231 2030/3306/3232 615/866/849
f 2030/3307/3233 790/3308/3234 615/3309/3235
f 1100/1530/1508 213/873/856 621/872/855
f 620/870/853 1099/1527/1505 621/872/855
f 1078/3310/3236 432/594/584 431/593/583
f 626/3311/3237 1078/3310/3236 431/593/583
f 1386/1994/1964 1385/1992/1962 723/1000/982
f 1385/1992/1962 724/1001/983 723/1000/982
f 726/1003/985 2031/3312/3238 723/1000/982
f 2031/3312/3238 1386/1994/1964 723/1000/982
f 1177/1663/1637 2032/3313/3239 1173/1657/1631
f 2032/3313/3239 1562/2310/2269 1173/1657/1631
f 1562/2310/2269 1174/1658/1632 1173/1657/1631
f 1029/3314/3240 1252/1787/1764 918/3315/3241
f 1252/1787/1764 919/1786/1763 918/3315/3241
f 921/1278/1256 1029/1420/1400 918/1272/1250
f 927/1287/1265 230/300/296 229/298/294
f 929/3316/3242 1327/1898/1872 930/1897/1871
f 356/483/475 2033/3317/3243 1406/2027/1997
f 938/1301/1281 937/3318/3244 1406/2027/1997
f 2033/3317/3243 938/1301/1281 1406/2027/1997
f 1669/2512/2467 1491/2174/2142 523/736/724
f 2034/3319/3245 524/738/726 523/736/724
f 1491/2174/2142 2034/3319/3245 523/736/724
f 1348/1924/1896 2035/3320/3246 1345/1921/1893
f 1884/2903/2841 1883/2902/2840 1345/3128/3058
f 2035/3321/3247 1884/2903/2841 1345/3128/3058
f 674/939/924 1411/2038/2008 953/1322/1302
f 956/1326/1306 674/939/924 953/1322/1302
f 1411/2038/2008 535/3322/3248 953/1322/1302
f 535/3322/3248 954/1323/1303 953/1322/1302
f 1835/3323/3249 1414/2044/2012 1413/2043/2011
f 1417/2048/2016 684/952/935 1413/2043/2011
f 680/944/929 1835/3323/3249 1413/2043/2011
f 684/952/935 680/944/929 1413/2043/2011
f 1839/2815/2755 1149/1611/1587 965/1337/1317
f 548/766/754 1839/2815/2755 965/1337/1317
f 2037/3324/3250 2038/3325/3251 2036/3326/3252
f 2038/3327/3253 1756/3328/3254 2036/3329/3255
f 2039/3330/3256 2040/3331/3257 2036/3326/3252
f 2041/3332/3258 1280/1830/1805 2036/3329/3255
f 1756/3328/3254 2041/3332/3258 2036/3329/3255
f 2040/3331/3257 2037/3324/3250 2036/3326/3252
f 1280/1830/1805 2039/3333/3259 2036/3329/3255
f 1823/2789/2729 1508/3334/3260 1821/2790/2730
f 2042/3335/3261 1822/2787/2727 1821/2786/2726
f 1506/2207/2171 2042/3335/3261 1821/2786/2726
f 1508/3336/3262 1506/2207/2171 1821/2786/2726
f 2043/3337/3263 2044/3338/3264 701/971/954
f 1594/2369/2326 1849/2833/2773 701/971/954
f 703/974/957 146/189/185 701/971/954
f 1849/2833/2773 1852/2843/2783 701/971/954
f 2044/3338/3264 702/972/955 701/971/954
f 1852/2843/2783 2043/3337/3263 701/971/954
f 1846/2823/2763 1085/1502/1482 569/795/780
f 299/399/393 1293/1852/1826 569/798/783
f 1085/1502/1482 570/796/781 569/795/780
f 1297/3339/3265 1846/2823/2763 569/795/780
f 413/3340/3266 1831/2801/2741 1830/2800/2740
f 1979/3120/3050 414/555/547 1830/3341/3267
f 414/3342/3268 413/3340/3266 1830/2800/2740
f 1736/2618/2571 1979/3343/3269 1830/2800/2740
f 1079/1496/1476 1081/1498/1478 1657/2490/2445
f 499/2491/2446 1079/1496/1476 1657/2490/2445
f 1081/1498/1478 1543/2269/2228 1657/2490/2445
f 1543/2269/2228 169/217/213 1657/2490/2445
f 1013/3344/3270 1524/2236/2196 1659/2492/2447
f 1663/2501/2456 2045/3345/3271 1664/2498/2453
f 2045/3345/3271 1779/2700/2651 1664/2498/2453
f 1779/2700/2651 1665/2499/2454 1664/2498/2453
f 1994/3346/3272 1357/1942/1914 1169/1941/1913
f 1170/1647/1623 1994/3177/3103 1169/1644/1620
f 1721/2593/2545 2046/3347/3273 1720/2592/2544
f 351/478/470 350/476/468 1720/2592/2544
f 2046/3347/3273 351/478/470 1720/2592/2544
f 520/3348/3274 939/1302/1282 518/729/717
f 938/1301/1281 1301/1861/1835 518/729/717
f 939/1302/1282 938/1301/1281 518/729/717
f 1226/1740/1716 2047/3349/3275 17/1738/1714
f 2047/3349/3275 18/3350/3276 17/1738/1714
f 22/28/28 948/1315/1295 947/1313/1293
f 1410/2036/2006 22/28/28 947/1313/1293
f 2049/3351/3277 1551/2294/2253 2048/3352/3278
f 2050/3353/3279 2049/3351/3277 2048/3352/3278
f 1551/2294/2253 1312/1875/1849 2048/3352/3278
f 1312/1877/1851 1313/1876/1850 2048/3354/3280
f 1313/1876/1850 2050/3355/3281 2048/3354/3280
f 1415/2046/2014 1414/2044/2012 2051/3356/3282
f 1603/2382/2339 1415/2381/2338 2051/3357/3283
f 461/631/619 1603/2382/2339 2051/3357/3283
f 1414/3358/3284 2052/3359/3285 2051/3360/3286
f 2052/3361/3287 461/631/619 2051/3357/3283
f 562/3362/3288 1245/1777/1754 561/3363/3289
f 1377/2952/2890 1378/3364/3290 2053/3365/3291
f 144/2953/2891 1377/2952/2890 2053/3365/3291
f 1378/3364/3290 256/339/333 2053/3365/3291
f 256/339/333 2054/3366/3292 2053/3365/3291
f 2054/3366/3292 144/2953/2891 2053/3365/3291
f 1436/2076/2044 730/3367/3293 4/13/13
f 1910/3368/3294 1689/2546/2500 575/804/789
f 576/807/792 1910/3368/3294 575/804/789
f 1333/3031/2969 1766/2964/2902 1334/2891/2829
f 1875/3369/3295 1335/1909/1881 1334/1908/1880
f 1193/1688/1662 2055/3370/3296 1194/1690/1664
f 2055/3370/3296 1969/3235/3163 1194/1690/1664
f 384/904/887 644/903/886 381/3170/3096
f 1431/3371/3297 2057/3372/3298 2056/3373/3299
f 2057/3372/3298 2058/3374/3300 2056/3373/3299
f 2058/3374/3300 1433/3375/3301 2056/3373/3299
f 1433/3375/3301 1431/3371/3297 2056/3373/3299
f 1590/2358/2317 437/600/590 436/599/589
f 1480/3376/755 1590/2358/2317 436/599/589
f 1015/3377/755 1480/3376/755 436/599/589
f 2059/3378/3302 894/3379/3303 893/3380/3304
f 2060/3381/3305 2059/3378/3302 893/3380/3304
f 1023/2986/2924 2060/3382/3306 893/1247/1225
f 1286/1846/1820 1027/1416/1396 1026/1415/1395
f 1885/2905/2843 1928/3297/3223 1883/2902/2840
f 458/629/617 955/1325/1305 457/627/615
f 461/631/619 2052/3361/3287 1834/2810/2750
f 463/634/622 461/631/619 1834/2810/2750
f 2052/3359/3285 1835/3383/3307 1834/3384/3308
f 1049/1452/1432 2062/3385/3309 2061/3386/3310
f 1050/1453/1433 1049/1452/1432 2061/3386/3310
f 2062/3385/3309 471/644/632 2061/3386/3310
f 471/644/632 2063/3387/3311 2061/3386/3310
f 2063/3387/3311 1050/1453/1433 2061/3386/3310
f 1749/3111/3041 1975/3110/3040 1748/3388/3312
f 1975/3110/3040 845/3389/3313 1748/3388/3312
f 30/42/42 1111/1549/1527 28/38/38
f 1112/1550/1528 743/1027/1009 28/38/38
f 743/1027/1009 29/39/39 28/38/38
f 1943/3018/2956 159/3247/3175 1942/3014/2952
f 159/3247/3175 158/3150/3076 1942/3014/2952
f 1382/1989/1959 46/1990/1960 2064/3390/3314
f 46/1990/1960 52/3391/3315 2064/3390/3314
f 2065/3392/3316 1382/1989/1959 2064/3390/3314
f 52/3391/3315 2065/3392/3316 2064/3390/3314
f 956/1326/1306 675/940/925 674/939/924
f 673/937/922 1411/2038/2008 674/939/924
f 334/451/443 2066/3393/3317 681/946/931
f 683/948/933 337/452/444 681/946/931
f 2066/3393/3317 682/947/932 681/946/931
f 337/452/444 334/451/443 681/946/931
f 360/3394/3318 359/3395/3319 1837/2812/2752
f 1840/2816/2756 360/3394/3318 1837/2812/2752
f 368/3396/3320 2067/3397/3321 2037/3324/3250
f 2067/3397/3321 2038/3325/3251 2037/3324/3250
f 2040/3331/3257 368/3396/3320 2037/3324/3250
f 1503/2199/2163 1841/2818/2758 2068/3398/3322
f 1506/2207/2171 1503/2199/2163 2068/3398/3322
f 1841/2818/2758 1626/2429/2384 2068/3398/3322
f 1904/2948/2886 1506/2207/2171 2068/3398/3322
f 696/963/946 1904/2948/2886 2068/3398/3322
f 1626/2429/2384 696/963/946 2068/3398/3322
f 979/1356/1336 1944/3399/3323 616/1358/1338
f 1944/3020/2958 617/864/847 616/863/846
f 1297/3339/3265 1295/2824/2764 1846/2823/2763
f 1086/1503/1483 1085/1502/1482 1846/2823/2763
f 1437/2082/2050 1438/2080/2048 714/990/972
f 718/995/977 1437/2082/2050 714/990/972
f 1438/2080/2048 715/991/973 714/990/972
f 724/1001/983 1775/2692/2643 725/1002/984
f 1908/3400/3324 2069/3401/3325 1907/3402/3326
f 1850/2836/2776 1391/2839/2779 1907/3402/3326
f 2069/3401/3325 1850/2836/2776 1907/3402/3326
f 1854/2845/2785 2070/3403/3327 642/900/883
f 2070/3403/3327 643/901/884 642/900/883
f 652/916/899 1527/3404/3328 649/913/896
f 1527/3404/3328 811/1122/1100 649/913/896
f 1114/1807/1784 2071/3405/3329 375/3406/3330
f 2071/3407/3331 1793/2729/2678 375/509/501
f 1604/2388/2345 1795/3408/3332 362/492/482
f 361/491/481 1604/2388/2345 362/492/482
f 2072/3409/3333 2073/3410/3334 949/1316/1296
f 948/1315/1295 2072/3411/3335 949/1319/1299
f 2073/3410/3334 950/1317/1297 949/1316/1296
f 584/817/802 1037/1434/1414 579/811/796
f 1037/1434/1414 580/812/797 579/811/796
f 1546/3412/3336 2074/3413/3337 1545/3414/3338
f 1826/2794/2734 1043/1443/1423 1545/3414/3338
f 2074/3413/3337 1826/2794/2734 1545/3414/3338
f 1043/1443/1423 391/3415/3339 1545/3414/3338
f 610/857/840 1964/3416/3340 2075/3417/3341
f 1964/3078/3010 409/550/542 2075/3418/3342
f 408/3419/3343 610/857/840 2075/3417/3341
f 409/550/542 408/549/541 2075/3418/3342
f 1845/2822/2762 1867/3137/3065 1866/3420/3344
f 2076/3421/3345 1845/2822/2762 1866/3420/3344
f 1865/2876/2814 2076/3422/3346 1866/2878/2816
f 1984/3138/3066 493/685/673 2077/3423/3347
f 2078/3424/3348 1984/3138/3066 2077/3423/3347
f 493/685/673 490/3425/3349 2077/3423/3347
f 490/3425/3349 2078/3424/3348 2077/3423/3347
f 2008/3227/3155 78/1617/1593 1150/1615/1591
f 516/722/710 2007/3222/3150 1150/1615/1591
f 1952/3033/2971 1529/2247/2207 2079/3426/3350
f 1187/1682/1656 1190/1686/1660 2079/3427/3351
f 1529/2247/2207 1187/3428/3352 2079/3426/3350
f 1190/1686/1660 1953/3429/3353 2079/3427/3351
f 1953/3034/2972 1952/3033/2971 2079/3426/3350
f 2080/3430/3354 1004/1392/1372 1003/1391/1371
f 346/472/464 348/470/462 1003/1391/1371
f 348/470/462 2080/3430/3354 1003/1391/1371
f 2082/3431/3355 1923/2982/2920 2081/3432/3356
f 809/1120/1098 2082/3431/3355 2081/3432/3356
f 1920/2981/2919 809/1120/1098 2081/3432/3356
f 1923/2982/2920 1920/2981/2919 2081/3432/3356
f 2084/3433/3357 2085/3434/3358 2083/3435/3359
f 652/916/899 2084/3433/3357 2083/3435/3359
f 2085/3434/3358 2086/3436/3360 2083/3435/3359
f 1527/2243/2203 652/3437/3361 2083/3438/3362
f 2086/3439/3363 1527/2243/2203 2083/3438/3362
f 275/368/362 654/917/900 274/369/363
f 283/380/374 282/379/373 1177/1664/1638
f 282/3440/3364 2032/3313/3239 1177/1663/1637
f 2087/3441/3365 1571/2324/2283 1570/2322/2281
f 1353/1934/1906 1355/1938/1910 1570/2798/2738
f 1355/1938/1910 1698/3442/3366 1570/2798/2738
f 1698/3442/3366 2087/3443/3367 1570/2798/2738
f 2088/3444/3368 1575/2331/2290 1832/3445/3369
f 1575/3446/3370 1330/1904/1876 1832/2803/2743
f 1330/1904/1876 1329/1903/1875 1832/2803/2743
f 1833/2804/2744 2088/3447/3371 1832/2803/2743
f 1212/1718/1694 1765/3448/3372 1211/1715/1691
f 846/3449/3373 845/3450/3374 2089/3451/3375
f 845/3452/3376 1859/2866/2804 2089/3453/3377
f 1859/2866/2804 1220/1729/1705 2089/3453/3377
f 1220/1728/1704 846/3449/3373 2089/3451/3375
f 19/26/26 18/25/25 942/3454/3378
f 944/3455/3379 19/3456/3380 942/3457/3381
f 2047/3458/3382 943/3459/3382 942/3460/3382
f 18/3350/3276 2047/3349/3275 942/3461/3383
f 22/28/28 1410/2036/2006 2090/3462/3384
f 23/30/30 22/28/28 2090/3462/3384
f 2091/3463/3385 23/30/30 2090/3462/3384
f 1409/2032/2002 2091/3464/3386 2090/3465/3387
f 1410/2036/2006 1409/2035/2005 2090/3462/3384
f 394/3466/3388 397/532/524 138/181/177
f 975/1352/1332 394/528/520 138/3467/3389
f 1248/1778/1755 139/182/178 138/181/177
f 140/3468/3390 975/1352/1332 138/3467/3389
f 397/532/524 1248/1778/1755 138/181/177
f 2093/3469/3391 2094/3470/3392 2092/3471/3393
f 1594/2369/2326 2093/3472/3394 2092/3473/3395
f 1849/2833/2773 1594/2369/2326 2092/3473/3395
f 2094/3470/3392 1849/3474/3396 2092/3471/3393
f 2095/3475/3397 155/198/194 154/197/193
f 1665/2703/2654 1778/2698/2649 154/3476/3398
f 156/199/195 1665/2502/2457 154/197/193
f 1778/3477/3399 2095/3478/3400 154/3479/3401
f 1511/2216/2178 879/3480/3402 1143/1601/1577
f 879/1226/1204 878/1225/1203 1143/1596/1572
f 1731/2606/2558 1732/2607/2559 1823/3481/3403
f 1824/3482/3404 1731/2606/2558 1823/3481/3403
f 1732/2607/2559 1508/2212/2174 1823/3481/3403
f 1888/2910/2848 1240/1760/1736 2096/3483/3405
f 357/1755/1731 1621/3484/3406 2096/3485/3407
f 1621/2421/2376 1888/2910/2848 2096/3483/3405
f 1240/1756/1732 357/1755/1731 2096/3485/3407
f 1853/3486/3408 2097/3487/3409 1525/2239/2199
f 2098/3488/3410 1853/2844/2784 1525/3489/3411
f 738/1021/1003 2098/3490/3412 1525/2239/2199
f 2097/3487/3409 504/702/690 1525/2239/2199
f 1618/2413/2368 1666/3179/3105 1617/2410/2365
f 1667/2506/2461 1583/3491/3413 1617/2503/2458
f 1260/1800/1777 1709/2578/2530 1258/1798/1775
f 1709/2578/2530 1988/3159/3085 1258/1798/1775
f 1712/2581/2533 1324/3197/3123 1323/2582/2534
f 2099/3492/3414 212/273/269 211/272/268
f 966/3493/3415 2099/3492/3414 211/272/268
f 210/275/271 967/3494/592 211/272/268
f 1104/1542/1520 217/281/277 216/279/275
f 1273/1815/1792 1105/1538/1516 216/279/275
f 1631/2445/2400 2100/3495/3416 1980/3121/3051
f 2100/3495/3416 2101/3496/3417 1980/3121/3051
f 2101/3496/3417 440/606/595 1980/3121/3051
f 1633/2447/2402 1500/3126/3056 709/983/965
f 1634/2448/2403 1633/2447/2402 709/983/965
f 708/981/963 1634/2448/2403 709/983/965
f 1500/3126/3056 710/984/966 709/983/965
f 1933/3007/2945 1759/2655/2608 1803/3497/3418
f 1805/2756/2697 1933/3001/2939 1803/2753/2694
f 125/3498/3419 1804/3499/3419 1803/3500/3419
f 1759/2655/2608 125/162/159 1803/3497/3418
f 1960/3062/2998 1032/1425/1405 1031/3501/3420
f 133/614/602 132/3502/3421 1031/1422/1402
f 301/3503/3422 1293/1852/1826 299/399/393
f 2102/3504/3423 1300/2106/2076 1452/2105/2075
f 1815/2768/2709 2102/3504/3423 1452/2105/2075
f 860/1196/1174 1650/2482/2437 1452/2105/2075
f 1650/2482/2437 1815/2768/2709 1452/2105/2075
f 1319/1887/1861 42/3282/3208 41/2113/2083
f 1348/1924/1896 1347/1923/1895 2103/3505/3424
f 1347/1923/1895 2086/3439/3363 2103/3505/3424
f 2035/3320/3246 1348/1924/1896 2103/3505/3424
f 2085/3506/3425 2073/3410/3334 2103/3507/3426
f 2073/3410/3334 2035/3508/3427 2103/3507/3426
f 2086/3439/3363 2085/3509/3428 2103/3505/3424
f 385/520/512 1470/2140/2110 383/518/510
f 1470/2140/2110 645/906/889 383/518/510
f 645/906/889 384/519/511 383/518/510
f 1011/3510/3429 1524/2236/2196 1013/3344/3430
f 854/1188/1165 2104/3511/3431 851/1182/1159
f 2104/3511/3431 198/256/252 851/1182/1159
f 1565/2313/2272 1566/2316/2275 460/630/618
f 1566/2316/2275 461/631/619 460/630/618
f 462/633/621 1565/2313/2272 460/630/618
f 97/3512/3432 517/724/712 95/3513/3433
f 517/724/712 96/728/716 95/3513/3433
f 105/130/128 104/129/127 715/3514/3434
f 104/2442/2397 716/993/975 715/991/973
f 1438/2080/2048 105/3515/3435 715/991/973
f 2105/3516/3436 58/1604/1580 325/435/427
f 327/437/429 2105/3516/3436 325/435/427
f 332/454/446 1598/2374/2331 335/449/441
f 2107/3517/3437 2108/3518/3438 2106/3519/3439
f 2109/3520/3440 2107/3517/3437 2106/3519/3439
f 2110/3521/3441 2111/3522/3442 2106/3519/3439
f 2111/3522/3442 2109/3520/3440 2106/3519/3439
f 2108/3518/3438 2110/3521/3441 2106/3519/3439
f 637/3523/3443 1513/2218/2180 2112/3524/3444
f 1912/2963/2901 796/1099/1079 2112/3524/3444
f 795/1098/1078 640/3525/3445 2112/3524/3444
f 640/896/879 637/892/875 2112/3526/3446
f 1513/2218/2180 1912/2963/2901 2112/3524/3444
f 796/1099/1079 795/1098/1078 2112/3524/3444
f 1707/2575/2527 1260/1800/1777 1259/1799/1776
f 1974/3109/3039 354/480/472 1407/2026/1996
f 937/1300/1280 1973/3107/3037 1407/2026/1996
f 1605/2389/2346 1795/3408/3332 1604/2388/2345
f 2113/3527/3447 1268/1809/1786 1604/2388/2345
f 361/491/481 2113/3527/3447 1604/2388/2345
f 1106/1540/1518 1105/1538/1516 368/3396/3320
f 1273/1815/1792 2067/3397/3321 368/3396/3320
f 1105/1538/1516 1273/1815/1792 368/3396/3320
f 367/2817/2757 1106/1540/1518 368/3396/3320
f 2040/3331/3257 780/3528/3448 368/3396/3320
f 744/1029/1011 1110/1547/1525 2019/3271/3199
f 1676/2525/2480 1675/2524/2479 2019/3271/3199
f 1110/1547/1525 2114/3529/3449 2019/3271/3199
f 2114/3529/3449 1676/2525/2480 2019/3271/3199
f 2115/3530/3450 747/1032/1014 746/1031/1013
f 823/3531/3451 2115/3530/3450 746/1031/1013
f 2116/3532/3452 1421/2056/2024 1725/2598/2550
f 1421/2056/2024 1423/2059/2027 1725/2598/2550
f 1423/2059/2027 1118/3533/3453 1725/2598/2550
f 1118/3533/3453 1117/2454/2409 1725/2598/2550
f 1726/2599/2551 2116/3532/3452 1725/2598/2550
f 1546/2272/2231 2118/3534/3454 2117/3535/3455
f 2118/3536/3456 594/831/816 2117/3537/3457
f 2074/3413/3337 1546/3412/3336 2117/3538/3458
f 594/830/815 2074/3413/3337 2117/3538/3458
f 1480/3376/755 2119/3539/3459 1590/2358/2317
f 2119/3539/3459 1591/2359/2318 1590/2358/2317
f 1888/2910/2848 177/2913/2851 1238/1752/1728
f 175/3540/3460 1239/1753/1729 1238/1752/1728
f 177/2913/2851 175/3540/3460 1238/1752/1728
f 1240/1760/1736 1888/2910/2848 1238/1752/1728
f 1963/3075/3007 1138/1588/1564 406/3541/3461
f 1137/1761/1737 407/547/539 406/546/538
f 1138/1588/1564 1137/1587/1563 406/3541/3461
f 409/3076/3008 1963/3075/3007 406/3541/3461
f 1207/3542/3462 991/1765/1742 320/426/418
f 1613/2402/2357 1494/2177/2145 1610/2406/2361
f 1432/3543/3463 1434/3544/3464 1739/3545/3465
f 1434/3544/3464 1740/3546/3466 1739/3545/3465
f 2120/3547/3467 238/313/309 1316/1883/1857
f 1320/1888/1862 2120/3547/3467 1316/1883/1857
f 1669/2512/2467 1093/3255/3468 1668/2513/2468
f 1093/1516/1496 1092/1514/1494 1668/2509/2464
f 963/3548/3469 1163/1635/1611 253/3549/3470
f 1378/3364/3290 1095/1521/1499 253/335/329
f 256/339/333 1378/3364/3290 253/335/329
f 1095/1521/1499 963/1520/1498 253/335/329
f 1163/1635/1611 254/341/335 253/3549/3470
f 2107/3550/3471 2121/3551/3472 1989/3163/3089
f 2121/3552/3473 2122/3553/3474 1989/3162/3088
f 2122/3553/3474 1165/1638/1614 1989/3162/3088
f 1572/2326/2285 2107/3550/3471 1989/3163/3089
f 2124/3554/3475 2125/3555/3476 2123/3556/3477
f 2125/3555/3476 2126/3557/3478 2123/3556/3477
f 1937/3009/2947 475/655/643 2123/3556/3477
f 2126/3557/3478 1938/3011/2949 2123/3556/3477
f 1938/3011/2949 1937/3009/2947 2123/3556/3477
f 475/655/643 2124/3554/3475 2123/3556/3477
f 1037/1434/1414 2127/3558/3479 831/1437/1417
f 2127/3558/3479 832/3559/3480 831/1437/1417
f 1825/2793/2733 1827/2795/2735 895/1243/1221
f 896/1244/1222 1825/2793/2733 895/1243/1221
f 1827/2795/2735 593/829/814 895/1243/1221
f 593/829/814 590/823/808 895/1243/1221
f 294/391/385 511/713/701 510/712/700
f 1290/1850/1824 294/391/385 510/712/700
f 242/1203/1181 1185/3560/3481 244/3561/3482
f 1185/3560/3481 301/3562/3483 244/3561/3482
f 2010/3238/3166 307/412/404 306/411/403
f 699/968/951 2128/3563/3484 697/965/948
f 1964/3416/3340 698/966/949 697/965/948
f 311/3564/3485 314/3073/3005 697/3072/3004
f 2128/3565/3486 311/3564/3485 697/3072/3004
f 1077/1493/1473 412/552/544 411/551/543
f 1441/2084/2052 582/3566/3487 581/3567/3488
f 2129/3568/3489 767/3569/3490 581/814/799
f 767/2805/2745 1442/2086/2054 581/3567/3488
f 583/816/801 2129/3568/3489 581/814/799
f 1442/2086/2054 1441/2084/2052 581/3567/3488
f 1642/2463/2418 1641/2462/2417 1728/2600/2552
f 1042/1958/1928 1366/1957/1927 1728/3570/3491
f 1366/1957/1927 1495/2187/2153 1728/3570/3491
f 1495/2465/2420 1642/2463/2418 1728/2600/2552
f 1229/2605/2557 1044/3571/3492 1728/2600/2552
f 1044/3571/3492 1042/3572/3493 1728/2600/2552
f 1447/2098/2066 94/115/113 1448/2099/2067
f 2130/3573/3494 1056/1463/1443 1055/1461/3495
f 1787/2720/2670 2130/3573/3494 1055/1461/3495
f 1917/3574/3496 1787/2720/2670 1055/1461/3495
f 1463/2122/2092 1762/3575/3497 1373/3135/3063
f 1464/2123/2093 1463/2122/2092 1373/3135/3063
f 1762/2660/2613 1060/2661/2614 1373/3576/3498
f 790/3308/3234 2030/3307/3233 1895/2929/2867
f 1535/2256/2215 1532/2260/2219 1895/2929/2867
f 1896/2930/2868 790/1092/1072 1895/3577/3499
f 2030/3307/3233 1535/2256/2215 1895/2929/2867
f 690/958/941 2131/3578/3500 1870/2882/2820
f 1072/1488/1468 1071/1487/1467 1870/2882/2820
f 2131/3578/3500 2132/3579/3501 1870/2882/2820
f 2132/3579/3501 1072/1488/1468 1870/2882/2820
f 1382/1989/1959 2133/3580/3502 1381/1988/1958
f 1817/2776/2717 2022/3285/3211 1381/1988/1958
f 2134/3581/3503 1654/2774/2715 1381/1988/1958
f 2133/3580/3502 2134/3581/3503 1381/1988/1958
f 1335/3582/3504 30/42/42 2135/3583/3505
f 111/143/141 113/142/140 2135/3583/3505
f 30/42/42 31/43/43 2135/3583/3505
f 1961/3584/3506 111/143/141 2135/3583/3505
f 31/43/43 1961/3584/3506 2135/3583/3505
f 113/142/140 1335/3582/3504 2135/3583/3505
f 640/897/880 1193/1688/1662 638/898/881
f 1651/2480/2435 639/895/878 638/894/877
f 2136/3585/3507 1921/2977/2915 2082/3431/3355
f 1921/2977/2915 1923/2982/2920 2082/3431/3355
f 808/1118/1096 2136/3585/3507 2082/3431/3355
f 809/1120/1098 808/1118/1096 2082/3431/3355
f 2137/3586/3508 2084/3433/3357 651/915/898
f 2084/3433/3357 652/916/899 651/915/898
f 648/911/894 2137/3586/3508 651/915/898
f 2100/3587/3509 656/920/903 655/919/902
f 2025/3293/3219 2100/3587/3509 655/919/902
f 2138/3588/3510 662/3589/3510 661/3590/3510
f 2139/3591/3511 2138/3592/3511 661/3593/3511
f 443/610/598 2140/3594/3512 667/931/916
f 444/611/599 443/610/598 667/931/916
f 1033/1426/1406 669/933/918 2014/3256/3184
f 2141/3595/3513 448/3596/3514 2014/3259/3187
f 2015/3257/3185 2141/3595/3513 2014/3259/3187
f 448/3597/3515 450/3598/3516 2014/3256/3184
f 450/3598/3516 1033/1426/1406 2014/3256/3184
f 769/1058/1040 675/940/925 956/1326/1306
f 955/1325/1305 769/1058/1040 956/1326/1306
f 2052/3359/3285 1414/3358/3284 1835/3383/3307
f 2067/3599/3517 1982/3124/3054 2038/3600/3518
f 1982/3124/3054 1757/3125/3055 2038/3600/3518
f 1757/3125/3055 1756/3601/3519 2038/3600/3518
f 1993/3602/3520 2142/3603/3521 1505/2204/2168
f 2142/3603/3521 1154/1621/1597 1505/2204/2168
f 174/223/219 861/3220/3148 1843/3604/3522
f 1239/3605/3523 175/224/220 1843/3604/3522
f 175/224/220 174/223/219 1843/3604/3522
f 2143/3606/3524 2144/3607/3524 1697/3608/3524
f 1701/2569/2521 2143/3609/3525 1697/2564/2516
f 2087/3443/3367 1698/3442/3366 1697/3610/3526
f 2144/3611/3527 2087/3612/3527 1697/3613/3527
f 1704/2573/2525 1242/2826/2766 191/244/240
f 2145/3614/3528 1247/1775/1752 1246/1774/1751
f 804/1107/1087 2145/3614/3528 1246/1774/1751
f 1991/3172/3098 2146/3615/3529 734/3616/3530
f 1804/3617/3531 124/3618/3532 734/3616/3530
f 124/3618/3532 1991/3172/3098 734/3616/3530
f 2146/3619/3533 738/1019/1001 734/1013/995
f 1398/2014/1984 1804/3620/3534 734/1013/995
f 1254/3621/3535 1005/2850/2790 1400/2849/2789
f 1858/2860/2798 864/1205/1183 633/1204/1182
f 120/3214/3142 2004/3213/3141 116/3622/3536
f 1541/2266/2225 1747/3623/3537 1537/2261/2220
f 1746/2629/2582 19/26/26 1537/3624/3538
f 1747/2630/2583 1746/2629/2582 1537/3624/3538
f 19/3456/3380 944/3455/3379 1537/2261/2220
f 944/3455/3379 1538/2262/2221 1537/2261/2220
f 759/3625/3539 1542/2268/2227 447/613/601
f 1542/2268/2227 133/614/602 447/613/601
f 1875/3149/3075 30/42/42 1335/3582/3504
f 1915/2969/2907 870/2717/2668 1785/2716/2667
f 1916/2970/2908 1915/2969/2907 1785/2716/2667
f 1787/2720/2670 1916/3626/3540 1785/2724/2673
f 1396/2012/1982 737/1020/1002 1919/2974/2912
f 737/1020/1002 1920/2975/2913 1919/2974/2912
f 1922/2980/2918 1890/2916/2854 1919/2974/2912
f 1890/2916/2854 1396/2012/1982 1919/2974/2912
f 739/3627/3541 740/3628/3541 2147/3629/3541
f 740/3630/3542 1477/3290/3216 2147/3631/3543
f 2022/3285/3211 1817/2776/2717 2147/3631/3543
f 1817/2773/2714 1893/2923/2861 2147/3632/3544
f 1477/3290/3216 2022/3285/3211 2147/3631/3543
f 1893/2923/2861 739/3633/3545 2147/3632/3544
f 890/1237/1215 1993/3175/3101 883/1230/1208
f 2060/3381/3305 258/342/336 2059/3378/3302
f 1162/1632/1608 1956/3634/3546 2059/3378/3302
f 1956/3634/3546 894/3379/3303 2059/3378/3302
f 258/342/336 1162/1632/1608 2059/3378/3302
f 597/844/827 1354/1936/1908 600/841/824
f 1166/1640/1616 1048/1450/1430 600/841/824
f 1354/1936/1908 1166/1640/1616 600/841/824
f 1994/3346/3272 2148/3635/3547 1357/1942/1914
f 2148/3635/3547 2015/3257/3185 1357/1942/1914
f 2149/3636/3548 85/104/104 247/326/322
f 1171/3637/3549 2149/3636/3548 247/326/322
f 1565/2313/2272 1929/3638/3550 1564/2314/2273
f 1695/3639/3551 1351/1933/1905 1564/2311/2270
f 469/1961/1931 467/1784/1761 1251/1783/1760
f 749/1035/1017 748/1034/1016 476/652/640
f 1939/3640/3552 749/1035/1017 476/652/640
f 475/655/643 1937/3009/2947 476/656/644
f 1940/3013/2951 608/854/837 607/853/836
f 1257/3304/3230 1940/3013/2951 607/853/836
f 35/3641/3553 2029/3305/3231 617/864/847
f 1944/3020/2958 35/3641/3553 617/864/847
f 1556/2299/2258 237/312/308 1946/3026/2964
f 237/312/308 239/314/310 1946/3026/2964
f 239/3642/3554 2150/3643/3555 1946/3023/2961
f 2150/3643/3555 1947/3024/2962 1946/3023/2961
f 1717/2588/2540 1719/2590/2542 1457/3199/3125
f 1459/2118/2088 1717/3644/3556 1457/2115/2085
f 1516/2227/2187 1751/2641/2594 802/2907/2845
f 805/1108/1088 1516/3267/3195 802/1105/1085
f 404/542/534 99/2440/2395 402/3645/3557
f 1151/1618/1594 76/91/91 402/540/532
f 96/719/707 1151/1618/1594 402/540/532
f 99/3646/3558 96/719/707 402/540/532
f 1527/2243/2203 1347/1923/1895 1346/1922/1894
f 1344/2994/2932 509/710/698 1346/2242/2202
f 1869/2881/2819 356/483/475 355/482/474
f 1007/3647/3559 2131/3648/3560 426/585/575
f 687/2030/2000 943/1310/1290 426/585/575
f 2131/3648/3560 687/2030/2000 426/585/575
f 943/1310/1290 427/586/576 426/585/575
f 2118/3534/3454 388/522/514 387/521/513
f 1588/2356/2315 2118/3534/3454 387/521/513
f 392/527/519 1588/2356/2315 387/521/513
f 954/1323/1303 535/3322/3248 534/2182/2148
f 536/751/739 55/67/67 534/749/737
f 1643/2467/2422 1645/2474/2429 1263/1803/1780
f 772/1069/1049 773/1067/1047 1263/1803/1780
f 1645/2474/2429 772/1069/1049 1263/1803/1780
f 773/1067/1047 1264/1805/1782 1263/1803/1780
f 691/959/942 689/957/940 775/1070/1050
f 689/957/940 776/1071/1051 775/1070/1050
f 778/3649/3561 691/959/942 775/1070/1050
f 555/777/3562 1800/3650/3563 551/778/3562
f 1427/3651/3564 1428/2066/2034 2042/3335/3261
f 1428/2066/2034 1822/2787/2727 2042/3335/3261
f 1506/2207/2171 1904/2948/2886 2042/3335/3261
f 1904/2948/2886 1782/2949/2887 2042/3335/3261
f 1782/2949/2887 1427/3651/3564 2042/3335/3261
f 618/3652/3565 2151/3653/3565 980/3654/3565
f 1395/2011/1981 1685/2540/2496 1684/2539/2495
f 1911/2962/2900 1514/3655/3566 1910/2960/2898
f 1514/2220/2182 1689/3656/3567 1910/3657/3568
f 768/3658/3569 2129/3568/3489 225/3659/3570
f 2016/3274/3202 768/3660/3571 225/292/288
f 2129/3661/3572 226/293/289 225/292/288
f 223/296/292 418/564/556 225/292/288
f 877/3662/3573 879/3480/3402 1553/3663/3574
f 879/3480/3402 1511/2216/2178 1553/3663/3574
f 1319/1887/1861 1318/1886/1860 42/3282/3208
f 931/1292/1270 1744/3664/3575 2023/3291/3217
f 932/1293/1271 931/1292/1270 2023/3291/3217
f 1744/3665/3576 1459/2118/2088 2023/3666/3577
f 1459/2118/2088 497/695/683 2023/3666/3577
f 1708/2577/2529 1745/2628/2581 1625/2427/2382
f 1709/2578/2530 1708/2577/2529 1625/2427/2382
f 1163/3667/3578 1325/1894/1868 1159/1628/1604
f 2109/3668/3579 2121/3551/3472 2107/3550/3471
f 1572/2325/2284 2108/3518/3438 2107/3517/3437
f 2003/3210/3136 119/151/149 118/150/148
f 121/3669/3580 1450/3670/3581 118/3671/3582
f 1450/3670/3581 2152/3672/3583 118/3671/3582
f 2152/3673/3584 2003/3210/3136 118/150/148
f 1516/2227/2187 1277/1823/1800 1751/2641/2594
f 1277/1823/1800 1632/2646/2599 1751/2641/2594
f 1127/1568/1546 281/378/372 280/377/371
f 279/375/369 1127/1568/1546 280/377/371
f 2153/3674/3585 289/386/380 1958/3049/2987
f 1639/3050/2988 1120/1559/1537 1958/3051/2989
f 1120/1559/1537 2153/3675/3586 1958/3051/2989
f 1289/3676/3587 1761/2657/2610 1760/2656/2609
f 24/31/31 295/396/390 1760/2656/2609
f 295/392/386 1290/1850/1824 1760/3677/3588
f 1290/1850/1824 1289/1848/1822 1760/3677/3588
f 986/3678/3589 1295/1855/1829 1294/1854/1828
f 1464/2123/2093 986/3133/3061 1294/3679/3590
f 1533/2257/2216 1535/2256/2215 2154/3680/3591
f 2155/3681/3592 1533/2251/2211 2154/3682/3593
f 37/50/50 2155/3683/3594 2154/3684/3595
f 1535/2256/2215 2030/3307/3233 2154/3680/3591
f 2029/3685/3596 37/50/50 2154/3684/3595
f 2030/3686/3597 2029/3685/3596 2154/3684/3595
f 2156/3687/3598 1540/2265/2224 1539/2264/2223
f 1072/3688/3599 2156/3687/3598 1539/2264/2223
f 357/2669/2622 412/552/544 1077/1493/1473
f 726/1003/985 558/782/767 1597/2373/2330
f 2031/3312/3238 726/1003/985 1597/2373/2330
f 2145/3614/3528 2031/3312/3238 1597/2373/2330
f 1247/1775/1752 2145/3614/3528 1597/2373/2330
f 281/3689/3600 1129/3690/3600 2032/3691/3600
f 1129/3692/3601 1562/2310/2269 2032/3313/3239
f 282/379/373 281/378/372 2032/3693/3602
f 1616/2415/2370 927/3694/3603 1618/2413/2368
f 925/3180/3106 1666/3179/3105 1618/2413/2368
f 927/3694/3603 925/3180/3106 1618/2413/2368
f 1747/2630/2583 311/3695/3604 1624/2632/2585
f 311/3695/3604 2128/3696/3605 1624/2632/2585
f 2128/3697/3606 699/2428/2383 1624/2425/2380
f 1325/1894/1868 963/1334/1314 962/1332/1312
f 2000/3198/3124 1270/1812/1789 1714/2583/2535
f 1497/2189/2155 2000/3198/3124 1714/2583/2535
f 219/3698/3607 220/286/282 1716/2586/2538
f 970/1350/1330 219/3698/3607 1716/2586/2538
f 973/1351/1331 970/1350/1330 1716/2586/2538
f 1723/2595/2547 2010/3238/3166 1722/2594/2546
f 1120/1559/1537 1639/3050/2988 1117/1555/1533
f 1897/3114/3044 1232/2603/2555 1729/2602/2554
f 1730/2604/2556 131/170/167 1729/2602/2554
f 1660/2494/2449 1523/2235/2195 1734/3191/3117
f 1523/2234/2194 1521/2232/2192 1734/2610/2563
f 357/3699/3608 1831/2801/2741 413/3340/3266
f 1441/2084/2052 1797/2743/2690 2157/3700/3609
f 1797/2743/2690 833/1161/1138 2157/3700/3609
f 582/3566/3487 1441/2084/2052 2157/3700/3609
f 832/3559/3480 2127/3558/3479 2157/3701/3610
f 833/1161/1138 832/1160/1137 2157/3700/3609
f 2127/3558/3479 585/818/803 2157/3701/3610
f 585/818/803 582/815/800 2157/3701/3610
f 2158/3702/3611 1902/2945/2883 663/2944/2882
f 1699/3703/3612 1028/1419/1399 920/1418/1398
f 1700/2568/2520 1699/2567/2519 920/3704/3613
f 917/1270/1248 1700/2714/2665 920/1275/1253
f 1577/2334/2293 1976/3705/3614 1574/2329/2288
f 1976/3705/3614 1749/2639/2592 1574/2329/2288
f 1197/1693/1667 1549/2281/2240 1196/1692/1666
f 1549/2281/2240 1815/2767/2708 1196/1692/1666
f 1139/1591/1567 1138/1588/1564 1963/3075/3007
f 314/3073/3005 310/3706/3615 1963/3075/3007
f 310/3706/3615 1139/1591/1567 1963/3075/3007
f 536/751/739 56/69/69 55/67/67
f 702/3707/3616 2044/3708/3617 1906/3709/3618
f 2044/3708/3617 2159/3710/3619 1906/3709/3618
f 2159/3710/3619 1068/3711/3620 1906/3709/3618
f 1068/1980/1950 1377/1979/1949 1906/2950/2888
f 382/516/508 1469/2139/2109 2160/3712/3621
f 385/520/512 382/516/508 2160/3712/3621
f 1469/2139/2109 1470/2140/2110 2160/3712/3621
f 1470/2140/2110 385/520/512 2160/3712/3621
f 1524/2236/2196 2161/3713/3622 1518/2238/2198
f 2161/3714/3623 1519/2229/2189 1518/2228/2188
f 2142/3603/3521 1155/1622/1598 1154/1621/1597
f 896/1244/1222 1363/1952/1922 1825/2793/2733
f 1166/1639/1615 1353/1934/1906 1164/1637/1613
f 992/1375/1355 910/1379/1359 2162/3715/3624
f 2125/3716/3625 992/1375/1355 2162/3715/3624
f 1957/3717/3626 2125/3555/3476 2162/3718/3627
f 910/1379/1359 907/3719/3628 2162/3715/3624
f 907/3719/3628 1957/3720/3629 2162/3715/3624
f 2017/3261/3189 371/505/497 676/2037/2007
f 2153/3675/3586 1119/1558/1536 1769/2685/2636
f 1119/1558/1536 1122/1561/1539 1769/2685/2636
f 127/165/162 1758/3721/3630 1769/2685/2636
f 1758/3721/3630 2153/3675/3586 1769/2685/2636
f 1122/1561/1539 1770/2686/2637 1769/2685/2636
f 951/1320/1300 950/1317/1297 2137/3722/3631
f 950/3723/3632 2084/3433/3357 2137/3586/3508
f 648/911/894 951/2688/2639 2137/3586/3508
f 1387/1995/1965 1130/1576/1552 1384/1996/1966
f 1130/1576/1552 1773/2689/2640 1384/1996/1966
f 1594/2369/2326 1595/2370/2327 2093/3472/3394
f 2163/3724/3633 2094/3470/3392 2093/3469/3391
f 1595/2370/2327 2054/3725/3634 2093/3472/3394
f 2054/3366/3292 2163/3724/3633 2093/3469/3391
f 1339/1914/1886 526/2372/2329 525/2697/2648
f 524/738/726 1778/3477/3399 525/739/727
f 1243/1770/1747 162/3726/3635 319/3727/3636
f 162/207/203 163/208/204 319/3728/3637
f 328/438/430 1998/3188/3114 326/436/428
f 1998/3188/3114 327/437/429 326/436/428
f 2164/3729/3638 2044/3338/3264 2043/3337/3263
f 1473/3730/3639 2164/3729/3638 2043/3337/3263
f 1852/2843/2783 1473/3730/3639 2043/3337/3263
f 2110/3731/3640 2144/3732/3640 2143/3733/3640
f 1701/2569/2521 2165/3734/3641 2143/3609/3525
f 2165/3735/3642 2166/3736/3643 2143/3737/3644
f 2166/3736/3643 2110/3738/3645 2143/3737/3644
f 2130/3573/3494 1787/2720/2670 1786/2719/2669
f 1999/3194/3120 1580/2336/2295 1579/2335/2294
f 1214/1721/1697 2114/3739/3646 1579/2335/2294
f 2114/3739/3646 1999/3194/3120 1579/2335/2294
f 202/3740/3647 65/81/81 203/3741/3648
f 65/3742/3649 1416/2047/2015 203/261/257
f 1416/2047/2015 204/262/258 203/261/257
f 1605/2736/2685 1100/1530/1508 1098/1529/1507
f 217/3743/3650 1796/2741/2688 1608/2391/2348
f 218/282/278 217/281/277 1608/3744/3651
f 1796/2741/2688 763/1049/1031 1608/2391/2348
f 1581/2338/2297 1765/3745/3652 1212/2339/2298
f 1667/2506/2461 604/1968/1938 1370/1967/1937
f 1583/3491/3413 1667/2506/2461 1370/1967/1937
f 1226/3746/3653 428/589/579 427/588/578
f 2047/3747/3654 1226/3746/3653 427/588/578
f 943/1310/1290 2047/3748/3655 427/586/576
f 1230/1744/1720 1232/1746/1722 1897/3749/3656
f 1587/2353/2312 1230/1744/1720 1897/3749/3656
f 137/179/175 1130/1576/1552 1591/2361/2320
f 2119/3539/3459 137/3750/3657 1591/2359/2318
f 1735/2614/2567 1341/2872/2810 1340/2702/2653
f 1779/2700/2651 1735/2614/2567 1340/2702/2653
f 2015/3257/3185 2148/3635/3547 2167/3751/3658
f 51/64/64 49/62/62 2167/3752/3659
f 1891/3753/3660 51/64/64 2167/3752/3659
f 2148/3635/3547 1891/2920/2858 2167/3751/3658
f 49/62/62 2168/3754/3661 2167/3752/3659
f 2168/3754/3661 2015/3755/3662 2167/3752/3659
f 59/72/72 58/75/75 1996/3184/3110
f 2105/3756/3663 1997/3185/3111 1996/3184/3110
f 1818/2779/2720 59/72/72 1996/3184/3110
f 58/75/75 2105/3756/3663 1996/3184/3110
f 64/445/437 565/791/776 336/450/442
f 2062/3385/3309 1702/2712/2663 468/639/627
f 471/644/632 2062/3385/3309 468/639/627
f 1600/2379/2336 869/3757/3664 868/2377/2334
f 2169/3758/3665 819/1140/1116 1601/2380/2337
f 819/1140/1116 817/1137/1113 1601/2380/2337
f 481/667/655 2169/3758/3665 1601/2380/2337
f 817/1137/1113 194/248/244 1601/2380/2337
f 1265/1806/1783 1264/1805/1782 1712/2581/2533
f 1264/1805/1782 540/756/744 1712/2581/2533
f 960/1329/1309 1265/1806/1783 1712/2581/2533
f 755/1041/1023 754/1040/1022 777/3759/3666
f 779/1078/1058 755/3760/3667 777/1073/1053
f 754/1040/1022 778/3761/3668 777/3759/3666
f 764/1050/1032 49/62/62 762/1051/1033
f 49/62/62 48/61/61 762/1051/1033
f 2170/3762/3669 1171/1651/1627 885/1232/1210
f 882/1228/1206 2170/3762/3669 885/1232/1210
f 1171/1651/1627 886/1233/1211 885/1232/1210
f 1128/1574/1550 1127/1568/1546 589/826/811
f 591/825/810 1128/1574/1550 589/826/811
f 1127/1568/1546 279/375/369 589/826/811
f 288/385/379 1759/2655/2608 1933/3007/2945
f 1935/3005/2943 288/385/379 1933/3007/2945
f 1548/3763/3670 1761/2658/2611 1289/3764/3671
f 10/2077/2045 6/3765/3672 1435/2075/2043
f 1815/2768/2709 1549/3766/3673 2102/3504/3423
f 519/730/718 1300/1859/1833 2102/3767/3674
f 304/3768/3675 519/730/718 2102/3767/3674
f 1549/3766/3673 304/3769/3676 2102/3504/3423
f 1225/3770/3677 1008/1396/1376 428/589/579
f 1402/2021/1991 1434/3771/3678 2171/3772/3679
f 1403/2022/1992 1402/2021/1991 2171/3772/3679
f 2058/3773/3680 1403/2022/1992 2171/3772/3679
f 1433/3375/3301 2058/3374/3300 2171/3774/3681
f 1434/3775/3682 1433/3375/3301 2171/3774/3681
f 1819/2780/2721 1738/2620/2573 1737/2619/2572
f 931/1295/1275 1813/2763/2704 1743/3776/3683
f 1813/2763/2704 971/3777/3684 1743/3776/3683
f 1744/3778/3685 931/1295/1275 1743/3776/3683
f 462/633/621 1929/3638/3550 1565/2313/2272
f 2172/3779/3686 1572/2325/2284 1571/2324/2283
f 2087/3441/3365 2144/3780/3687 1571/2324/2283
f 2144/3780/3687 2172/3779/3686 1571/2324/2283
f 357/3781/3688 1576/2332/2291 2088/3444/3368
f 1576/2332/2291 1575/2331/2290 2088/3444/3368
f 1833/2804/2744 357/3699/3608 2088/3447/3371
f 499/2491/2446 1080/1497/1477 1079/1496/1476
f 740/3782/3689 231/3783/3690 1472/2141/2111
f 231/3783/3690 2173/3784/3691 1472/2141/2111
f 2173/3784/3691 1473/2142/2112 1472/2141/2111
f 1477/3785/3692 740/3782/3689 1472/2141/2111
f 984/1363/1343 151/194/190 1509/2214/2176
f 988/1369/1349 984/3786/3693 1509/3787/3694
f 1967/3092/3022 988/1369/1349 1509/3787/3694
f 719/996/978 1222/1732/1708 717/994/976
f 194/253/249 1791/3100/3030 195/250/246
f 1791/3100/3030 1488/2511/2466 195/250/246
f 790/1092/1072 1896/2930/2868 791/1094/1074
f 1896/2930/2868 1671/2516/2471 791/1094/1074
f 1272/2522/2477 1982/3124/3054 2067/3599/3517
f 1273/1815/1792 1272/1814/1791 2067/3397/3321
f 1528/2245/2205 1529/2247/2207 1952/3033/2971
f 1450/3788/3695 121/156/2484 1449/2528/2483
f 1120/1559/1537 1119/1558/1536 2153/3675/3586
f 1758/2654/2607 289/386/380 2153/3674/3585
f 24/31/31 2091/3464/3386 292/388/382
f 812/1125/1103 293/1124/1102 292/3789/3696
f 295/396/390 24/31/31 292/388/382
f 2091/3464/3386 1679/2532/2488 292/388/382
f 1679/2532/2488 812/2531/2487 292/388/382
f 1773/2689/2640 560/3790/3697 1774/2694/2645
f 257/340/334 1776/2695/2646 255/338/332
f 1776/2695/2646 2163/3724/3633 255/338/332
f 2163/3724/3633 2054/3366/3292 255/338/332
f 2054/3366/3292 256/339/333 255/338/332
f 1242/1768/1745 1704/3791/3698 1243/1770/1747
f 1704/3791/3698 162/3726/3635 1243/1770/1747
f 57/1606/1582 419/2400/2355 1146/1605/1581
f 1611/2398/2353 1738/2620/2573 1146/1605/1581
f 419/2400/2355 1611/2398/2353 1146/1605/1581
f 1738/2620/2573 324/433/425 1146/1605/1581
f 2078/3792/3699 490/3793/3700 71/87/87
f 490/3793/3700 72/88/88 71/87/87
f 2174/3794/3701 2078/3424/3348 71/3795/3702
f 69/3796/3703 2174/3794/3701 71/3795/3702
f 1873/2888/2826 2161/3797/3704 1011/1398/1378
f 2161/3713/3622 1524/2236/2196 1011/3510/3429
f 696/963/946 1626/2429/2384 699/970/953
f 1567/2320/2279 461/631/619 1566/2316/2275
f 2175/3798/3705 2122/3553/3474 2121/3552/3473
f 2109/3799/3706 2175/3798/3705 2121/3552/3473
f 992/3800/3707 2125/3555/3476 2124/3554/3475
f 2027/3801/3708 1089/3802/3709 2124/3554/3475
f 1089/3802/3709 992/3800/3707 2124/3554/3475
f 475/655/643 2027/3801/3708 2124/3554/3475
f 656/2444/2399 2100/3495/3416 1631/2445/2400
f 1992/3174/3100 2146/3615/3529 1991/3172/3098
f 124/3618/3532 2176/3803/3710 1991/3172/3098
f 2176/3803/3710 874/3173/3099 1991/3172/3098
f 1644/2473/2428 1730/2604/2556 1641/2462/2417
f 2177/3804/3711 1462/3805/3712 2169/3806/3713
f 481/667/655 2177/3807/3714 2169/3758/3665
f 1529/2247/2207 819/2246/2206 2169/3808/3715
f 1462/3232/3160 1529/2247/2207 2169/3808/3715
f 639/895/878 1651/2480/2435 483/679/667
f 488/678/666 639/895/878 483/679/667
f 1302/1862/1836 313/418/410 2156/3687/3598
f 313/418/410 1540/2265/2224 2156/3687/3598
f 1072/3809/3716 2132/3810/3716 2156/3811/3716
f 2132/3812/3717 1302/1862/1836 2156/3687/3598
f 2065/3392/3316 52/3391/3315 2178/3813/3718
f 1656/3814/3719 2134/3581/3503 2178/3813/3718
f 2134/3581/3503 2133/3580/3502 2178/3813/3718
f 52/3391/3315 1656/3814/3719 2178/3813/3718
f 2133/3580/3502 2065/3392/3316 2178/3813/3718
f 803/1106/1086 801/1103/1083 1386/1994/1964
f 2031/3312/3238 803/1106/1086 1386/1994/1964
f 2179/3815/3720 1328/3816/3721 1327/1898/1872
f 929/3316/3242 1475/2147/2117 1327/1898/1872
f 1475/2147/2117 2179/3815/3720 1327/1898/1872
f 1027/3817/3722 1252/1787/1764 1029/3314/3240
f 1401/2019/1989 1740/3818/3723 1402/2021/1991
f 1740/3546/3466 1434/3544/3464 1402/3819/3724
f 351/477/469 2046/3820/3725 1404/2023/1993
f 2046/3347/3273 1857/2859/2797 1404/3821/3726
f 1973/3107/3037 937/1300/1280 936/1298/1278
f 1860/2863/2801 1973/3107/3037 936/1298/1278
f 941/1307/1287 754/1040/1022 753/1039/1021
f 1538/3272/3200 944/1311/1291 753/1039/1021
f 948/1315/1295 2180/3822/3727 2072/3411/3335
f 1884/2903/2841 2035/3321/3247 2072/3411/3335
f 1886/2906/2844 1884/2903/2841 2072/3411/3335
f 2180/3822/3727 1886/2906/2844 2072/3411/3335
f 2035/3508/3427 2073/3410/3334 2072/3409/3333
f 2049/3823/3728 1580/2336/2295 1999/3194/3120
f 1551/2293/2252 2049/3823/3728 1999/3194/3120
f 2114/3529/3449 1110/1547/1525 1999/3824/3729
f 204/262/258 1416/2047/2015 1415/2046/2014
f 1422/2057/2025 1421/2056/2024 2116/3532/3452
f 1726/2599/2551 1422/2057/2025 2116/3532/3452
f 388/522/514 2118/3534/3454 1546/2272/2231
f 173/221/217 861/3220/3148 174/223/219
f 712/986/968 972/3825/3730 711/987/969
f 1395/2009/1979 1879/2897/2835 711/987/969
f 972/3825/3730 1395/2009/1979 711/987/969
f 1961/3826/3731 865/1207/1185 111/138/136
f 865/1207/1185 112/139/137 111/138/136
f 2080/3827/3732 345/1911/1883 1336/1910/1882
f 1922/2978/2916 1921/2977/2915 2136/3585/3507
f 506/1117/1095 1922/2978/2916 2136/3585/3507
f 808/1118/1096 506/1117/1095 2136/3585/3507
f 950/1317/1297 2085/3506/3425 2084/3828/3733
f 2060/3381/3305 1020/3829/3734 257/344/338
f 1020/3829/3734 1776/3830/3735 257/344/338
f 258/342/336 2060/3381/3305 257/344/338
f 1699/2567/2519 2181/3831/3736 1028/3832/3737
f 2181/3831/3736 597/844/827 1028/3832/3737
f 1960/3062/2998 1810/2761/2702 1032/1425/1405
f 1810/2761/2702 1809/2759/2700 1032/1425/1405
f 1809/2759/2700 1033/1426/1406 1032/1425/1405
f 896/1244/1222 897/1245/1223 1364/1959/1929
f 1363/1952/1922 896/1244/1222 1364/1959/1929
f 897/1245/1223 91/3833/3738 1364/1959/1929
f 601/845/828 602/848/831 1284/3127/3057
f 605/2508/2463 604/1968/1938 1667/2506/2461
f 2182/3834/3739 2183/3835/3740 1374/1977/1947
f 2183/3835/3740 786/1086/1066 1374/1977/1947
f 786/1086/1066 1375/1978/1948 1374/1977/1947
f 1061/1472/1452 2182/3834/3739 1374/1977/1947
f 1948/3028/2966 623/1986/1956 622/3836/3741
f 2099/3837/3742 1948/3028/2966 622/3836/3741
f 212/273/269 2099/3492/3414 622/874/857
f 2065/3392/3316 2133/3580/3502 1382/1989/1959
f 2129/3568/3489 583/816/801 226/1432/1412
f 1038/3838/3743 1494/2177/2145 226/3839/3744
f 1494/2177/2145 1965/3840/3745 226/3839/3744
f 583/816/801 580/812/797 226/1432/1412
f 1839/2815/2755 548/766/754 547/765/753
f 2113/3841/3746 2184/3842/3747 547/765/753
f 2184/3842/3747 1839/2815/2755 547/765/753
f 549/769/756 2113/3841/3746 547/765/753
f 1499/2194/2158 1982/3124/3054 1272/2522/2477
f 704/975/958 705/3843/3748 144/186/182
f 1595/2370/2327 147/190/186 144/186/182
f 2054/3366/3292 1595/3844/3749 144/2953/2891
f 2110/3521/3441 2108/3518/3438 2172/3779/3686
f 2144/3780/3687 2110/3521/3441 2172/3779/3686
f 2108/3518/3438 1572/2325/2284 2172/3779/3686
f 1512/2217/2179 1514/3655/3566 1911/2962/2900
f 1912/2963/2901 1512/2217/2179 1911/2962/2900
f 396/535/527 398/534/526 1276/1821/1798
f 2098/3488/3410 2070/3403/3327 1853/2844/2784
f 1855/2846/2786 2097/3845/3750 1853/2844/2784
f 2070/3403/3327 1854/2845/2785 1853/2844/2784
f 1974/3846/3751 1976/3847/3751 357/3848/3751
f 354/480/472 1974/3109/3039 357/487/479
f 1577/2334/2293 1576/2332/2291 357/3781/3688
f 2076/3422/3346 1865/2876/2814 357/485/477
f 1237/1750/1726 2185/3849/3752 357/1759/1735
f 1833/2804/2744 1831/2801/2741 357/3699/3608
f 2185/3849/3752 2076/3421/3345 357/1759/1735
f 1976/3705/3614 1577/2334/2293 357/3781/3688
f 517/724/712 1954/3036/2974 515/725/713
f 1953/3850/3753 516/722/710 515/721/709
f 1723/2595/2547 1724/2597/2549 520/732/720
f 307/412/404 1723/2595/2547 520/732/720
f 1724/2596/2548 939/2864/2802 520/3851/3754
f 1540/2265/2224 312/417/409 1541/2266/2225
f 312/417/409 1747/3623/3537 1541/2266/2225
f 1886/2906/2844 2180/3822/3727 22/28/28
f 1761/2658/2611 1548/3763/3670 22/28/28
f 2180/3822/3727 948/1315/1295 22/28/28
f 1548/3763/3670 1547/3295/3221 22/28/28
f 2066/3852/3755 1950/3853/3756 2001/3208/3134
f 682/3207/3133 2066/3852/3755 2001/3208/3134
f 1950/3853/3756 1930/3854/3757 2001/3208/3134
f 2165/3734/3641 2062/3855/3758 1049/3856/3759
f 2186/3857/3760 2165/3735/3642 1049/1456/1436
f 1047/1448/1428 2186/3857/3760 1049/1456/1436
f 1219/1726/1702 847/2443/2398 846/3449/3373
f 1220/1728/1704 1219/1726/1702 846/3449/3373
f 788/1088/1068 854/1186/1163 853/1185/1162
f 1867/3137/3065 1844/2821/2761 857/1190/1168
f 235/309/305 2120/3547/3467 1454/2110/2080
f 2120/3547/3467 1320/1888/1862 1454/2110/2080
f 2150/3643/3555 236/3858/3761 1454/2114/2084
f 1455/2112/2082 2150/3643/3555 1454/2114/2084
f 236/310/306 235/309/305 1454/2110/2080
f 1459/2118/2088 1744/3665/3576 1717/3644/3556
f 420/570/560 419/3859/3762 57/70/70
f 56/69/69 420/570/560 57/70/70
f 1417/2048/2016 62/3860/3763 1147/1608/1584
f 683/948/933 684/952/935 1147/1608/1584
f 684/952/935 1417/2048/2016 1147/1608/1584
f 687/954/937 2131/3578/3500 690/958/941
f 929/1289/1273 932/1293/1271 2024/3288/3214
f 1475/2147/2117 929/3316/3242 2024/3861/3764
f 1476/2148/2118 1475/2147/2117 2024/3861/3764
f 437/3862/3765 1593/2647/2600 1753/2644/2597
f 438/605/594 437/3862/3765 1753/2644/2597
f 1436/3863/3766 571/3864/3767 2187/3865/3768
f 570/796/781 1087/1506/1486 2187/3866/3769
f 731/1009/991 730/1010/992 2187/3865/3768
f 730/1010/992 1436/3863/3766 2187/3865/3768
f 1087/3867/3770 731/1009/991 2187/3865/3768
f 571/799/784 570/796/781 2187/3866/3769
f 1861/2867/2805 19/26/26 1746/2629/2582
f 1745/2633/2586 1861/2867/2805 1746/2629/2582
f 2016/3260/3188 677/942/927 768/1057/1039
f 767/3569/3490 2129/3568/3489 768/3658/3569
f 2188/3868/3771 1902/2945/2883 2158/3702/3611
f 2189/3869/3772 2188/3868/3771 2158/3702/3611
f 2109/3799/3706 2111/3870/3773 2175/3798/3705
f 2111/3870/3773 2166/3736/3643 2175/3798/3705
f 2186/3857/3760 2122/3553/3474 2175/3798/3705
f 2166/3736/3643 2186/3857/3760 2175/3798/3705
f 1139/1591/1567 1304/1864/1838 1136/1592/1568
f 1078/1494/1474 1076/1491/1471 1144/2287/2246
f 878/1225/1203 432/594/584 1144/1598/1574
f 432/594/584 1078/3310/3236 1144/1598/1574
f 1822/2787/2727 1361/2065/2033 1360/2792/2732
f 1966/3089/3019 2057/3871/3774 1431/2070/2038
f 1600/2379/2336 1788/3872/3775 869/3757/3664
f 1788/3873/3776 870/1213/1191 869/1212/1190
f 817/1137/1113 1791/2728/2677 194/248/244
f 1379/1984/1954 2190/3874/3777 1094/1982/1952
f 2190/3875/3778 960/1329/1309 1094/3876/3779
f 1095/1521/1499 1378/3364/3290 1094/1523/1501
f 1104/1536/1514 1898/2935/2873 217/3877/3780
f 1898/2936/2874 1796/2741/2688 217/3743/3650
f 1807/3878/3781 1934/3004/2942 1805/3003/2941
f 971/3777/3684 1813/2763/2704 1812/2762/2703
f 1814/2765/2706 1685/3879/3782 1812/2762/2703
f 1685/3879/3782 971/3777/3684 1812/2762/2703
f 202/3161/3087 565/791/776 63/3880/3783
f 65/81/81 202/3740/3647 63/79/79
f 565/791/776 64/445/437 63/3880/3783
f 2191/3881/3784 1820/2782/2723 1558/2302/2261
f 1557/2301/2260 2191/3881/3784 1558/2302/2261
f 2008/3227/3155 11/3882/3785 78/1617/1593
f 11/3883/3786 9/95/95 78/94/94
f 85/104/104 2149/3636/3548 83/100/100
f 2149/3636/3548 1824/2791/2731 83/100/100
f 902/3884/3787 2192/3885/3788 97/3512/3432
f 98/122/120 902/3886/3789 97/120/118
f 2192/3885/3788 517/724/712 97/3512/3432
f 500/698/686 1080/2555/2509 499/697/685
f 1129/3692/3601 1126/3887/3790 1562/2310/2269
f 1703/2571/2523 2181/3831/3736 1699/2567/2519
f 206/2384/2341 461/631/619 205/2434/2389
f 1268/1809/1786 549/3888/3791 1269/1811/1788
f 549/3888/3791 546/2585/2537 1269/1811/1788
f 970/1346/1326 1274/1817/1794 219/1816/1793
f 1954/3036/2974 815/1134/1110 1528/2245/2205
f 2115/3530/3450 1532/2249/2209 1531/2248/2208
f 747/1032/1014 2115/3530/3450 1531/2248/2208
f 391/526/518 1043/3889/3792 389/524/516
f 1044/1445/1425 390/525/517 389/524/516
f 140/3468/3390 2013/3248/3176 975/1352/1332
f 979/3890/3793 1521/2232/2192 1520/2231/2191
f 1522/2233/2193 1943/3891/3794 1520/2231/2191
f 1944/3399/3323 979/1356/1336 1520/3892/3795
f 1979/3120/3050 1736/3893/3796 1690/2548/2502
f 1763/3894/3797 230/3895/3797 1616/3896/3797
f 230/3897/3798 927/3694/3603 1616/2415/2370
f 238/313/309 2120/3547/3467 235/309/305
f 1710/2579/2531 1745/2628/2581 1708/2577/2529
f 1325/1894/1868 1163/3667/3578 963/1334/1314
f 340/2438/2393 404/542/534 403/541/533
f 401/545/537 1133/3898/3799 403/541/533
f 1632/2646/2599 1277/1823/1800 273/1822/1799
f 1935/3005/2943 290/387/381 288/385/379
f 297/397/391 511/713/701 294/391/385
f 1290/1850/1824 295/392/386 294/391/385
f 2177/3804/3711 1762/3899/3800 1463/3900/3801
f 1462/3805/3712 2177/3804/3711 1463/3900/3801
f 2155/3681/3592 423/578/568 1533/2251/2211
f 313/418/410 312/417/409 1540/2265/2224
f 801/2001/1971 1592/2908/2846 1388/1998/1968
f 76/91/91 1151/1618/1594 79/96/96
f 1656/3814/3719 52/3391/3315 1655/3901/3802
f 52/65/65 1891/3753/3660 1655/3902/3803
f 2192/3885/3788 902/3884/3787 1894/2927/2865
f 815/1134/1110 2192/3885/3788 1894/2927/2865
f 938/1301/1281 2033/3317/3243 1301/1861/1835
f 2033/3317/3243 1868/2880/2818 1301/1861/1835
f 2050/3353/3279 1582/2343/2302 2049/3351/3277
f 1582/2343/2302 1580/2342/2301 2049/3351/3277
f 1264/1805/1782 773/1067/1047 540/756/744
f 773/1067/1047 541/757/745 540/756/744
f 780/3903/3804 2040/3904/3805 1279/1829/1804
f 2039/3333/3259 1280/1830/1805 1279/1829/1804
f 2040/3904/3805 2039/3333/3259 1279/1829/1804
f 1375/1978/1948 786/1086/1066 785/1085/1065
f 1862/2873/2811 1375/1978/1948 785/1085/1065
f 574/802/787 797/1100/1080 576/810/795
f 865/1207/1185 1961/3826/3731 631/1208/1186
f 1915/3905/3806 871/1214/1192 870/1213/1191
f 644/903/886 643/908/891 1992/3174/3100
f 2098/3906/3807 2146/3615/3529 1992/3174/3100
f 643/908/891 2070/3907/3808 1992/3174/3100
f 2070/3907/3808 2098/3906/3807 1992/3174/3100
f 890/1237/1215 251/1926/1898 1993/3175/3101
f 250/332/326 2142/3603/3521 1993/3602/3520
f 251/1926/1898 250/3908/3809 1993/3175/3101
f 1956/3909/3810 897/1245/1223 894/1242/1220
f 2181/3831/3736 1354/1936/1908 597/844/827
f 450/3598/3516 451/3910/3811 1033/1426/1406
f 1809/2759/2700 669/933/918 1033/1426/1406
f 451/619/607 1034/1429/1409 1033/3911/3812
f 1443/2087/2055 458/629/617 455/624/612
f 1855/2848/2788 1178/1667/1641 840/1666/1640
f 182/3912/3813 1855/2848/2788 840/1666/1640
f 1975/3110/3040 1860/2863/2801 845/3389/3313
f 1860/2863/2801 1859/2862/2800 845/3389/3313
f 197/663/651 2104/3913/3814 478/664/652
f 2182/3834/3739 479/661/649 478/660/648
f 2104/3913/3814 2193/3914/3815 478/664/652
f 2193/3915/3816 2182/3834/3739 478/660/648
f 2099/3837/3742 1949/3029/2967 1948/3028/2966
f 1947/3024/2962 2005/3221/3149 1948/3028/2966
f 955/1325/1305 1444/2090/2058 769/1058/1040
f 2184/3842/3747 1840/2816/2756 1839/2815/2755
f 1732/2607/2559 887/1234/1212 1507/2208/2172
f 887/1234/1212 884/1231/1209 1507/2208/2172
f 1508/2212/2174 1732/2607/2559 1507/2208/2172
f 1735/2614/2567 2045/3345/3271 1663/2501/2456
f 1892/2924/2862 2148/3635/3547 1994/3346/3272
f 558/782/767 726/1003/985 722/998/980
f 1024/1412/1392 1394/2008/1978 1393/2006/1976
f 160/203/199 1705/3916/3817 158/204/200
f 1721/2593/2545 2194/3917/3818 1857/2859/2797
f 2046/3347/3273 1721/2593/2545 1857/2859/2797
f 2194/3917/3818 1858/2860/2798 1857/2859/2797
f 822/3918/3819 1532/2249/2209 2115/3530/3450
f 823/3531/3451 822/3918/3819 2115/3530/3450
f 761/1053/1035 2168/3754/3661 764/1050/1032
f 2168/3754/3661 49/62/62 764/1050/1032
f 2186/3857/3760 1047/1448/1428 2122/3553/3474
f 1047/1448/1428 1165/1638/1614 2122/3553/3474
f 1845/2822/2762 1844/2821/2761 1867/3137/3065
f 2078/3424/3348 2195/3919/3820 1984/3138/3066
f 2012/3242/3170 1873/3920/3821 1986/3243/3171
f 1873/2888/2826 1872/2887/2825 1986/3142/3070
f 161/206/202 159/201/197 1986/3147/3073
f 2197/3921/3822 2198/3922/3822 2196/3923/3822
f 2025/3293/3219 2101/3924/3823 2100/3587/3509
f 708/981/963 1880/2900/2838 1634/2448/2403
f 1880/3294/3220 1484/2163/2131 1634/2451/2406
f 1331/1905/1877 1330/1904/1876 1575/3446/3370
f 835/1168/1145 543/3925/3824 837/1167/1144
f 543/3925/3824 542/1063/1043 837/1167/1144
f 484/2483/2438 860/1196/1174 487/1195/1173
f 44/57/57 40/52/52 2005/3221/3149
f 1947/3024/2962 1455/2112/2082 2005/3221/3149
f 1455/2112/2082 44/57/57 2005/3221/3149
f 50/63/63 47/59/59 498/693/681
f 497/695/683 1459/2118/2088 498/693/681
f 1875/3149/3075 1111/1549/1527 30/42/42
f 2155/3926/3825 34/3927/3826 421/573/563
f 34/3927/3826 187/574/564 421/573/563
f 423/578/568 2155/3681/3592 421/579/569
f 1889/3928/3827 433/595/585 176/591/581
f 177/226/222 1889/3929/3828 176/225/221
f 1924/2983/2921 2119/3930/3829 1480/2156/2124
f 283/2166/2134 1755/2649/2602 1485/2165/2133
f 1710/3931/3830 2140/3594/3512 443/610/598
f 1861/2867/2805 1710/3931/3830 443/610/598
f 2015/3257/3185 2168/3932/3831 2141/3595/3513
f 449/617/605 448/616/604 2141/3933/3832
f 2168/3754/3661 449/3934/3833 2141/3935/3834
f 2166/3736/3643 2111/3870/3773 2110/3738/3645
f 1912/2963/2901 1513/2218/2180 1512/2217/2179
f 1824/3482/3404 2170/3762/3669 1731/2606/2558
f 2170/3762/3669 882/1228/1206 1731/2606/2558
f 2097/3487/3409 181/3936/3835 504/702/690
f 114/145/143 2194/3917/3818 1721/2593/2545
f 307/412/404 2010/3238/3166 1723/2595/2547
f 312/417/409 311/416/408 1747/3623/3537
f 1023/1411/1391 1020/1407/1387 2060/3937/3836
f 524/738/726 2034/3319/3245 2095/3478/3400
f 1489/2172/2140 155/3938/3837 2095/3478/3400
f 2034/3319/3245 1489/2172/2140 2095/3478/3400
f 1778/3477/3399 524/738/726 2095/3478/3400
f 669/933/918 1809/2759/2700 670/934/919
f 2149/3939/3838 2170/3762/3669 1824/3482/3404
f 2074/3413/3337 1827/2795/2735 1826/2794/2734
f 698/966/949 610/857/840 609/856/839
f 614/860/843 2151/3940/3839 618/868/851
f 966/2784/2724 1820/2783/2724 2099/3941/3840
f 2191/3942/592 1949/3029/2967 2099/3837/3742
f 1820/2782/2723 2191/3881/3784 2099/3943/3841
f 1190/1686/1660 1186/1680/1654 2007/3944/3842
f 516/722/710 1953/3850/3753 2007/3222/3150
f 1953/3429/3353 1190/1686/1660 2007/3944/3842
f 1879/2897/2835 1395/2009/1979 1394/2008/1978
f 1024/1412/1392 1022/1410/1390 1394/2008/1978
f 1022/1410/1390 1879/2897/2835 1394/2008/1978
f 1893/3945/3843 926/1285/1263 739/1284/1262
f 1869/2881/2819 2033/3317/3243 356/483/475
f 691/959/942 778/3649/3561 941/3946/3844
f 778/3761/3668 754/1040/1022 941/1307/1287
f 1582/3947/3845 1313/1876/1850 1581/3948/3846
f 1313/1876/1850 1765/2677/2628 1581/3948/3846
f 66/2049/2017 62/3860/3763 1417/2048/2016
f 2199/3949/3847 2159/3710/3619 2164/3950/3848
f 1473/3730/3639 2173/3951/3849 2164/3729/3638
f 2159/3710/3619 2044/3708/3617 2164/3950/3848
f 2173/3952/3850 2199/3949/3847 2164/3950/3848
f 710/2196/2160 969/1345/1325 712/3953/3851
f 577/3954/3852 106/131/129 105/130/128
f 1438/3955/3853 577/3954/3852 105/130/128
f 418/564/556 223/296/292 1612/2405/2360
f 223/296/292 1080/2552/2506 1612/2405/2360
f 1950/3032/2970 2066/3956/3854 334/447/439
f 2174/3794/3701 2195/3919/3820 2078/3424/3348
f 7/3957/3855 11/3882/3785 2008/3227/3155
f 862/3228/3156 7/3957/3855 2008/3227/3155
f 1627/2432/2387 1157/1624/1600 1156/1623/1599
f 1161/3958/3856 1160/1629/1605 90/1895/1869
f 903/1255/1233 98/122/120 94/115/113
f 1447/2098/2066 903/1255/1233 94/115/113
f 1089/1511/1491 993/1376/1356 992/1375/1355
f 2101/3924/3823 1878/2895/2833 1877/2894/2832
f 1017/1405/1385 439/603/593 1877/2894/2832
f 439/603/593 440/604/592 1877/2894/2832
f 440/606/595 2101/3496/3417 1877/3959/3857
f 1644/2473/2428 1810/3060/2996 1730/2604/2556
f 480/669/657 1762/2660/2613 2177/3960/3858
f 481/3961/3859 480/669/657 2177/3960/3858
f 2199/3962/3860 233/3963/3861 1066/1479/1459
f 233/3963/3861 1763/2664/2617 1066/1479/1459
f 1069/1482/1462 2199/3962/3860 1066/1479/1459
f 50/63/63 1458/2116/2086 48/61/61
f 1702/2570/2522 2062/3855/3758 1701/2569/2521
f 2062/3855/3758 2165/3734/3641 1701/2569/2521
f 2200/3964/3862 2140/3594/3512 1710/3931/3830
f 1861/2867/2805 1745/2633/2586 1710/3931/3830
f 1711/2580/2532 2200/3965/3863 1710/2579/2531
f 824/1147/1124 1672/2517/2472 1671/2516/2471
f 1971/3106/3036 2174/3794/3701 1838/3105/3035
f 2174/3794/3701 69/3796/3703 1838/3105/3035
f 1858/2860/2798 2194/3917/3818 864/1205/1183
f 2194/3917/3818 112/139/137 864/1205/1183
f 112/139/137 865/1207/1185 864/1205/1183
f 23/34/34 2091/3464/3386 24/31/31
f 2094/3470/3392 1681/2535/2491 1849/3474/3396
f 1689/3656/3567 1514/2220/2182 1145/1600/1576
f 1142/2551/2505 1689/2546/2500 1145/3966/3864
f 2127/3558/3479 1037/1434/1414 584/817/802
f 585/818/803 2127/3558/3479 584/817/802
f 591/833/818 588/832/817 1128/1570/1548
f 1928/2995/2933 1547/2275/2234 1291/1851/1825
f 1139/1591/1567 310/3706/3615 1304/1864/1838
f 533/747/735 56/69/69 536/751/739
f 232/304/300 233/307/303 2199/3967/3865
f 1069/3968/3866 2159/3710/3619 2199/3949/3847
f 2173/3969/3867 232/304/300 2199/3967/3865
f 1685/3879/3782 972/3970/3868 971/3777/3684
f 973/1351/1331 1718/2589/2541 971/1348/1328
f 1957/3717/3626 2126/3557/3478 2125/3555/3476
f 423/578/568 422/581/571 1534/3971/3869
f 123/3972/3870 129/2351/2310 1585/2350/2309
f 1422/2057/2025 1726/2599/2551 1585/3973/3871
f 874/3974/3872 2176/3975/3873 1585/2350/2309
f 2176/3975/3873 123/3972/3870 1585/2350/2309
f 1726/2599/2551 874/2460/2415 1585/3973/3871
f 1587/2353/2312 1231/1745/1721 1230/1744/1720
f 2013/3251/3179 2119/3930/3829 1924/2983/2921
f 1207/1710/1686 994/3976/3874 991/3977/3875
f 2105/3516/3436 327/437/429 1997/3187/3113
f 327/437/429 1998/3188/3114 1997/3187/3113
f 744/1029/1011 743/1027/1009 1112/1550/1528
f 776/1071/1051 1074/1490/1470 2201/3978/3876
f 755/3760/3667 779/1078/1058 2201/3979/3877
f 779/1076/1056 776/1071/1051 2201/3978/3876
f 756/1485/1465 755/3980/3878 2201/3978/3876
f 1074/1490/1470 756/1485/1465 2201/3978/3876
f 162/207/203 1704/3981/3879 160/203/199
f 1860/2863/2801 1975/3110/3040 1973/3107/3037
f 1313/1876/1850 1582/3947/3845 2050/3355/3281
f 1822/2787/2727 1428/2066/2034 1361/2065/2033
f 1085/1502/1482 1087/1506/1486 570/796/781
f 420/570/560 56/69/69 998/1385/1365
f 56/69/69 533/747/735 998/1385/1365
f 348/470/462 345/465/457 2080/3430/3354
f 2197/3982/3880 2189/3983/3880 2198/3984/3880
f 1878/2895/2833 2025/3293/3219 1016/1404/1384
f 1494/2177/2145 1038/3838/3743 1036/2186/2152
f 2063/3387/3311 599/839/822 1050/1453/1433
f 1379/1984/1954 1068/1980/1950 1067/2732/2681
f 1073/1489/1469 1871/2883/2821 1071/1487/1467
f 1964/3416/3340 610/857/840 698/966/949
f 1850/2836/2776 2069/3401/3325 2179/3985/3881
f 1475/2147/2117 1851/2840/2780 2179/3815/3720
f 1851/2837/2777 1850/2836/2776 2179/3985/3881
f 2069/3401/3325 1328/3986/3882 2179/3985/3881
f 297/397/391 296/395/389 811/1127/1105
f 1588/2356/2315 392/527/519 1231/1745/1721
f 1027/3817/3722 1286/1845/1819 1252/1787/1764
f 408/3419/3343 611/858/841 610/857/840
f 236/3858/3761 2150/3643/3555 239/3642/3554
f 863/1202/1180 1185/3560/3481 242/1203/1181
f 1176/1833/1808 1755/2649/2602 283/2166/2134
f 900/1250/1228 153/196/192 1490/2988/2926
f 1210/1713/1689 110/136/134 1213/1719/1695
f 1990/3167/3093 1214/1720/1696 1213/1719/1695
f 1787/2720/2670 1917/3574/3496 1916/3626/3540
f 2176/3975/3873 124/3987/3883 123/3972/3870
f 1735/2614/2567 1779/2700/2651 2045/3345/3271
f 909/1263/1241 911/1265/1243 994/3976/3874
f 1207/1710/1686 909/1263/1241 994/3976/3874
f 1789/3988/3884 1788/3872/3775 1600/2379/2336
f 198/256/252 2104/3511/3431 197/254/250
f 218/285/281 1719/2590/2542 220/286/282
f 2041/3989/3885 1756/2650/2603 1281/1832/1807
f 1755/2649/2602 1176/1833/1808 1281/1832/1807
f 1280/1836/1811 2041/3989/3885 1281/1832/1807
f 124/3618/3532 1804/3617/3531 125/3990/3886
f 1759/2655/2608 126/163/160 125/162/159
f 2033/3317/3243 1869/2881/2819 1868/2880/2818
f 2174/3794/3701 1971/3106/3036 2195/3919/3820
f 1519/2229/2189 2161/3714/3623 2012/3242/3170
f 2161/3797/3704 1873/2888/2826 2012/3991/3887
f 1740/2623/2576 1401/3992/3888 1741/2624/2577
f 1317/1884/1858 1559/2303/2262 73/89/89
f 82/3993/3889 1988/3159/3085 84/3158/3084
f 1153/1619/1595 85/104/104 84/103/103
f 1629/2437/2392 1567/2318/2277 1350/2317/2276
f 232/304/300 2173/3969/3867 231/305/301
f 2071/3405/3329 2190/3875/3778 1379/3994/3890
f 1793/3995/3891 2071/3405/3329 1379/3994/3890
f 1073/1489/1469 1074/1490/1470 776/1071/1051
f 1871/2883/2821 1073/1489/1469 776/1071/1051
f 1773/2689/2640 1131/1577/1553 560/3790/3697
f 141/184/180 562/3362/3288 560/3790/3697
f 1131/1577/1553 141/184/180 560/3790/3697
f 2094/3470/3392 2163/3724/3633 1682/2537/2493
f 1681/2535/2491 2094/3470/3392 1682/2537/2493
f 2163/3724/3633 1776/2695/2646 1682/2537/2493
f 445/612/600 666/929/3892 1135/1584/1560
f 1818/3190/3116 328/438/430 1819/2780/2721
f 328/438/430 324/433/425 1819/2780/2721
f 324/433/425 1738/2620/2573 1819/2780/2721
f 250/332/326 1155/1622/1598 2142/3603/3521
f 1956/3634/3546 1162/1632/1608 1161/1631/1607
f 1654/2774/2715 2134/3581/3503 1656/3814/3719
f 933/1294/1274 1813/2763/2704 931/1295/1275
f 2149/3939/3838 1171/1651/1627 2170/3762/3669
f 2074/3413/3337 593/829/814 1827/2795/2735
f 863/1202/1180 1186/3225/3153 1185/3560/3481
f 1351/2375/2332 1695/2563/2515 1598/2374/2331
f 2186/3857/3760 2166/3736/3643 2165/3735/3642
f 2055/3370/3296 640/897/880 795/3996/3893
f 794/1096/1076 2055/3997/3894 795/1098/1078
f 1265/1806/1783 960/1329/1309 2190/3875/3778
f 1114/1807/1784 1265/1806/1783 2190/3875/3778
f 2071/3405/3329 1114/1807/1784 2190/3875/3778
f 361/3998/3895 2184/3842/3747 2113/3841/3746
f 549/3888/3791 1268/1809/1786 2113/3527/3447
f 1990/3167/3093 2114/3999/3896 1214/1720/1696
f 2118/3534/3454 1588/2356/2315 592/2355/2314
f 594/831/816 2118/3536/3456 592/828/813
f 2119/3930/3829 140/4000/3897 137/4001/3898
f 1862/2874/2812 1202/1703/1677 1341/2872/2810
f 1650/2482/2437 860/1196/1174 484/2483/2438
f 2132/3812/3717 1007/1395/1375 1302/1862/1836
f 37/4002/3899 34/3927/3826 2155/3926/3825
f 1988/3159/3085 82/3993/3889 1781/3218/3146
f 1567/2320/2279 1629/2436/2391 461/631/619
f 1210/1713/1689 113/141/139 110/136/134
f 1221/1730/1706 1220/1729/1705 1859/2866/2804
f 126/163/160 1758/2654/2607 127/168/165
f 1409/2032/2002 1679/2532/2488 2091/3464/3386
f 1130/1576/1552 1131/1577/1553 1773/2689/2640
f 1893/2923/2861 1892/2922/2860 926/4003/3900
f 1852/2841/2781 1474/2145/2115 1473/2144/2114
f 2097/4004/3901 182/231/227 181/230/226
f 2027/3301/3227 422/576/566 189/241/237
f 1089/1512/1492 2027/3301/3227 189/241/237
f 2000/3198/3124 1497/2189/2155 1496/2188/2154
f 321/431/423 1872/4005/3902 1307/1870/1844
f 1529/2247/2207 1188/4006/3903 1187/3428/3352
f 640/897/880 2055/3370/3296 1193/1688/1662
f 251/1926/1898 890/1237/1215 889/1236/1214
f 2139/4007/3904 2202/4008/3904 2138/4009/3904
f 1703/2571/2523 1698/2565/2517 1355/1940/1912
f 1356/1939/1911 1703/2571/2523 1355/1940/1912
f 537/4010/3905 535/3322/3248 1411/2038/2008
f 2076/3421/3345 2185/3849/3752 1845/2822/2762
f 2185/3849/3752 1237/1750/1726 1845/2822/2762
f 2031/3312/3238 804/1107/1087 803/1106/1086
f 2132/4011/3906 2131/3648/3560 1007/3647/3559
f 2034/3319/3245 1491/2174/2142 1489/2172/2140
f 458/629/617 1444/2090/2058 955/1325/1305
f 602/849/832 2063/3387/3311 470/643/631
f 2063/3387/3311 471/644/632 470/643/631
f 37/50/50 2029/3685/3596 35/48/48
f 1944/3020/2958 36/3019/2957 35/3641/3553
f 1806/2757/2698 1397/2015/1985 183/233/229
f 184/235/231 1806/2757/2698 183/233/229
f 1891/2920/2858 2148/3635/3547 1892/2924/2862
f 2192/3885/3788 1954/3036/2974 517/724/712
f 1645/2471/2426 1495/2187/2153 772/1066/1046
f 1245/1777/1754 139/182/178 1248/1778/1755
f 1685/3879/3782 1814/2765/2706 1686/4012/3907
f 1296/3234/3162 1189/1684/1658 1188/1683/1657
f 1245/1777/1754 141/184/180 139/182/178
f 490/3793/3700 43/3284/3210 72/88/88
f 1841/2818/2758 1157/1624/1600 1627/2432/2387
f 1626/2429/2384 1841/2818/2758 1627/2432/2387
f 2025/3293/3219 1878/2895/2833 2101/3924/3823
f 1705/3153/3079 187/4013/3908 34/3154/3080
f 1891/3753/3660 52/65/65 51/64/64
f 2189/4014/3909 2197/4015/3909 2188/4016/3909
f 599/839/822 2063/3387/3311 602/849/832
f 230/308/304 1763/4017/3910 233/307/303
f 141/184/180 1245/1777/1754 562/3362/3288
f 738/1021/1003 2146/4018/3911 2098/3490/3412
f 2192/3885/3788 815/1134/1110 1954/3036/2974
f 1451/4019/3912 2152/3672/3583 1450/3670/3581
f 2013/3251/3179 140/4000/3897 2119/3930/3829
f 972/4020/3913 1685/2540/2496 1395/2011/1981
f 1398/2016/1986 1397/2015/1985 1806/2757/2698
f 2073/3410/3334 2085/3506/3425 950/1317/1297
f 66/2049/2017 1416/2047/2015 65/3742/3649
f 1123/2054/2022 1118/3533/3453 1423/2059/2027
f 506/2917/2855 1890/2916/2854 1922/2980/2918
f 1527/2243/2203 2086/3439/3363 1347/1923/1895
f 258/342/336 254/341/335 1162/1632/1608
f 1356/1939/1911 2181/3831/3736 1703/2571/2523
f 594/830/815 593/829/814 2074/3413/3337
f 2193/3915/3816 2183/3835/3740 2182/3834/3739
f 1061/1472/1452 479/661/649 2182/3834/3739
f 1069/3968/3866 1068/3711/3620 2159/3710/3619
f 794/4021/3914 1969/3235/3163 2055/3370/3296
f 1481/3041/2977 1234/1748/1724 1925/3250/3178
f 442/1249/1227 441/2167/2135 898/1246/1224
f 182/3912/3813 2097/4022/3915 1855/2848/2788
f 2150/3643/3555 1455/2112/2082 1947/3024/2962
f 2151/4023/3916 614/1090/1070 2018/3265/3193
f 574/802/787 798/1101/1081 797/1100/1080
f 1474/2145/2115 1851/2840/2780 1475/2147/2117
f 1967/3092/3022 1086/1503/1483 988/1369/1349
f 449/3934/3833 2168/3754/3661 761/1053/1035
f 184/4024/3917 180/228/224 1807/3878/3781
f 1189/1684/1658 1293/4025/3918 301/1685/1659
f 854/1186/1163 788/1088/1068 2183/3835/3740
f 2193/3915/3816 854/1186/1163 2183/3835/3740
f 788/1088/1068 786/1086/1066 2183/3835/3740
f 1557/2301/2260 1949/4026/3919 2191/3881/3784
f 897/1245/1223 1956/3909/3810 91/3833/3738
f 830/1156/1133 1796/2741/2688 1898/2936/2874
f 360/3394/3318 2184/3842/3747 361/3998/3895
f 114/145/143 112/139/137 2194/3917/3818
f 390/525/517 1044/1445/1425 1229/1742/1718
f 2193/4027/3920 2104/4028/3920 854/4029/3920
f 2145/3614/3528 804/1107/1087 2031/3312/3238
f 1930/2998/2936 1950/3032/2970 1694/2561/2513
f 2114/3529/3449 1990/4030/3921 1676/2525/2480
f 501/699/687 170/219/215 1965/3087/3017
f 1494/2177/2145 1613/2402/2357 1965/3840/3745
f 1613/2402/2357 501/4031/3922 1965/3840/3745
f 1354/1936/1908 2181/3831/3736 1356/1939/1911
f 1296/1856/1830 1293/1852/1826 1189/4032/3923
f 1034/1429/1409 451/619/607 133/614/602
f 1099/1532/1510 494/686/674 1101/1531/1509
f 903/1255/1233 1447/2098/2066 260/350/344
f 1217/1733/1709 1969/3096/3026 1222/1732/1708
f 1840/2816/2756 2184/3842/3747 360/3394/3318
f 1311/1879/1853 1767/2680/2631 1313/1876/1850
f 620/1987/1957 494/686/674 1099/1532/1510
f 1474/2145/2115 1852/2841/2781 1851/2840/2780
f 877/2297/2256 1552/2296/2255 172/220/216
f 1552/2296/2255 173/221/217 172/220/216
f 55/2777/2718 1737/2619/2572 534/4033/3924
f 1737/2619/2572 1493/2621/2574 534/4033/3924
f 838/1172/1149 2203/4034/3925 839/1170/1147
f 842/1174/1151 2203/4034/3925 838/1172/1149
f 1932/2999/2937 2203/4034/3925 842/1174/1151
f 1934/3004/2942 2203/4034/3925 1932/2999/2937
f 1807/3878/3781 2203/4034/3925 1934/3004/2942
f 180/228/224 2203/4034/3925 1807/3878/3781
f 179/227/223 2203/4034/3925 180/228/224
f 839/1170/1147 2203/4034/3925 179/227/223
f 369/506/498 2204/4035/3926 372/507/499
f 371/505/497 2204/4035/3926 369/506/498
f 2017/3261/3189 2204/4035/3926 371/505/497
f 997/1382/1362 2204/4035/3926 2017/3261/3189
f 996/1381/1361 2204/4035/3926 997/1382/1362
f 1899/2938/2876 2204/4035/3926 996/1381/1361
f 532/2940/2878 2204/4035/3926 1899/2938/2876
f 372/507/499 2204/4035/3926 532/2940/2878
